t_sec,turn_class,hill_class,turn_angle_deg,hill_angle_deg,is_straight
0.000,2,1,-83.0,4.0,0
0.000,2,1,-83.0,4.0,0
0.000,2,1,-83.0,4.0,0
0.000,2,1,-83.0,4.0,0
0.000,2,1,-83.0,4.0,0
0.000,2,1,-83.0,4.0,0
0.000,2,1,-83.0,4.0,0
0.000,2,1,-83.0,4.0,0
0.000,2,1,-83.0,4.0,0
0.000,2,1,-83.0,4.0,0
0.000,2,1,-83.0,4.0,0
0.100,2,1,-83.0,4.0,0
0.100,2,1,-83.0,4.0,0
0.100,2,1,-83.0,4.0,0
0.100,2,1,-83.0,4.0,0
0.100,2,1,-83.0,4.0,0
0.100,2,1,-83.0,4.0,0
0.100,2,1,-83.0,4.0,0
0.100,2,1,-83.0,4.0,0
0.100,2,1,-83.0,4.0,0
0.100,2,1,-83.0,4.0,0
0.200,2,1,-83.0,4.0,0
0.200,2,1,-83.0,4.0,0
0.200,2,1,-83.0,4.0,0
0.200,2,1,-83.0,4.0,0
0.200,2,1,-83.0,4.0,0
0.200,2,1,-83.0,4.0,0
0.200,2,1,-83.0,4.0,0
0.200,2,1,-83.0,4.0,0
0.200,2,1,-83.0,4.0,0
0.200,2,1,-83.0,4.0,0
0.200,2,1,-83.0,4.0,0
0.300,2,1,-83.0,4.0,0
0.300,2,1,-83.0,4.0,0
0.300,2,1,-83.0,4.0,0
0.300,2,1,-83.0,4.0,0
0.300,2,1,-83.0,4.0,0
0.300,2,1,-83.0,4.0,0
0.300,2,1,-83.0,4.0,0
0.300,2,1,-83.0,4.0,0
0.300,2,1,-83.0,4.0,0
0.300,2,1,-83.0,4.0,0
0.400,2,1,-83.0,4.0,0
0.400,2,1,-83.0,4.0,0
0.400,2,1,-83.0,4.0,0
0.400,2,1,-83.0,4.0,0
0.400,2,1,-83.0,4.0,0
0.400,2,1,-83.0,4.0,0
0.400,2,1,-83.0,4.0,0
0.400,2,1,-83.0,4.0,0
0.400,2,1,-83.0,4.0,0
0.400,2,1,-83.0,4.0,0
0.400,2,1,-83.0,4.0,0
0.500,2,1,-83.0,4.0,0
0.500,2,1,-83.0,4.0,0
0.500,2,1,-83.0,4.0,0
0.500,2,1,-83.0,4.0,0
0.500,2,1,-83.0,4.0,0
0.500,2,1,-83.0,4.0,0
0.500,2,1,-83.0,4.0,0
0.500,2,1,-83.0,4.0,0
0.500,2,1,-83.0,4.0,0
0.500,2,1,-83.0,4.0,0
0.600,2,1,-83.0,4.0,0
0.600,2,1,-83.0,4.0,0
0.600,2,1,-83.0,4.0,0
0.600,2,1,-83.0,4.0,0
0.600,2,1,-83.0,4.0,0
0.600,2,1,-83.0,4.0,0
0.600,2,1,-83.0,4.0,0
0.600,2,1,-83.0,4.0,0
0.600,2,1,-83.0,4.0,0
0.600,2,1,-83.0,4.0,0
0.600,2,1,-83.0,4.0,0
0.700,2,1,-83.0,4.0,0
0.700,2,1,-83.0,4.0,0
0.700,2,1,-83.0,4.0,0
0.700,2,1,-83.0,4.0,0
0.700,2,1,-83.0,4.0,0
0.700,2,1,-83.0,4.0,0
0.700,2,1,-83.0,4.0,0
0.700,2,1,-83.0,4.0,0
0.700,2,1,-83.0,4.0,0
0.700,2,1,-83.0,4.0,0
0.800,2,1,-83.0,4.0,0
0.800,2,1,-83.0,4.0,0
0.800,2,1,-83.0,4.0,0
0.800,2,1,-83.0,4.0,0
0.800,2,1,-83.0,4.0,0
0.800,2,1,-83.0,4.0,0
0.800,2,1,-83.0,4.0,0
0.800,2,1,-83.0,4.0,0
0.800,2,1,-83.0,4.0,0
0.800,2,1,-83.0,4.0,0
0.900,2,1,-83.0,4.0,0
0.900,2,1,-83.0,4.0,0
0.900,2,1,-83.0,4.0,0
0.900,2,1,-83.0,4.0,0
0.900,2,1,-83.0,4.0,0
0.900,2,1,-83.0,4.0,0
0.900,2,1,-83.0,4.0,0
0.900,2,1,-83.0,4.0,0
0.900,2,1,-83.0,4.0,0
0.900,2,1,-83.0,4.0,0
0.900,2,1,-83.0,4.0,0
1.000,2,1,-83.0,4.0,0
1.000,2,1,-83.0,4.0,0
1.000,2,1,-83.0,4.0,0
1.000,2,1,-83.0,4.0,0
1.000,2,1,-83.0,4.0,0
1.000,2,1,-83.0,4.0,0
1.000,2,1,-83.0,4.0,0
1.000,2,1,-83.0,4.0,0
1.000,2,1,-83.0,4.0,0
1.000,2,1,-83.0,4.0,0
1.100,2,1,-83.0,4.0,0
1.100,2,1,-83.0,4.0,0
1.100,2,1,-83.0,4.0,0
1.100,2,1,-83.0,4.0,0
1.100,2,1,-83.0,4.0,0
1.100,2,1,-83.0,4.0,0
1.100,2,1,-83.0,4.0,0
1.100,2,1,-83.0,4.0,0
1.100,2,1,-83.0,4.0,0
1.100,2,1,-83.0,4.0,0
1.100,2,1,-83.0,4.0,0
1.200,2,1,-83.0,4.0,0
1.200,2,1,-83.0,4.0,0
1.200,2,1,-83.0,4.0,0
1.200,2,1,-83.0,4.0,0
1.200,2,1,-83.0,4.0,0
1.200,2,1,-83.0,4.0,0
1.200,2,1,-83.0,4.0,0
1.200,2,1,-83.0,4.0,0
1.200,2,1,-83.0,4.0,0
1.200,2,1,-83.0,4.0,0
1.300,2,1,-83.0,4.0,0
1.300,2,1,-83.0,4.0,0
1.300,2,1,-83.0,4.0,0
1.300,2,1,-83.0,4.0,0
1.300,2,1,-83.0,4.0,0
1.300,2,1,-83.0,4.0,0
1.300,2,1,-83.0,4.0,0
1.300,2,1,-83.0,4.0,0
1.300,2,1,-83.0,4.0,0
1.300,2,1,-83.0,4.0,0
1.300,2,1,-83.0,4.0,0
1.400,2,1,-83.0,4.0,0
1.400,2,1,-83.0,4.0,0
1.400,2,1,-83.0,4.0,0
1.400,2,1,-83.0,4.0,0
1.400,2,1,-83.0,4.0,0
1.400,2,1,-83.0,4.0,0
1.400,2,1,-83.0,4.0,0
1.400,2,1,-83.0,4.0,0
1.400,2,1,-83.0,4.0,0
1.400,2,1,-83.0,4.0,0
1.500,2,1,-83.0,4.0,0
1.500,2,1,-83.0,4.0,0
1.500,2,1,-83.0,4.0,0
1.500,2,1,-83.0,4.0,0
1.500,2,1,-83.0,4.0,0
1.500,2,1,-83.0,4.0,0
1.500,2,1,-83.0,4.0,0
1.500,2,1,-83.0,4.0,0
1.500,2,1,-83.0,4.0,0
1.500,2,1,-83.0,4.0,0
1.500,2,1,-83.0,4.0,0
1.600,2,1,-83.0,4.0,0
1.600,2,1,-83.0,4.0,0
1.600,2,1,-83.0,4.0,0
1.600,2,1,-83.0,4.0,0
1.600,2,1,-83.0,4.0,0
1.600,2,1,-83.0,4.0,0
1.600,2,1,-83.0,4.0,0
1.600,2,1,-83.0,4.0,0
1.600,2,1,-83.0,4.0,0
1.600,2,1,-83.0,4.0,0
1.700,2,1,-83.0,4.0,0
1.700,2,1,-83.0,4.0,0
1.700,2,1,-83.0,4.0,0
1.700,2,1,-83.0,4.0,0
1.700,2,1,-83.0,4.0,0
1.700,2,1,-83.0,4.0,0
1.700,2,1,-83.0,4.0,0
1.700,2,1,-83.0,4.0,0
1.700,2,1,-83.0,4.0,0
1.700,2,1,-83.0,4.0,0
1.800,2,1,-83.0,4.0,0
1.800,2,1,-83.0,4.0,0
1.800,2,1,-83.0,4.0,0
1.800,2,1,-83.0,4.0,0
1.800,2,1,-83.0,4.0,0
1.800,2,1,-83.0,4.0,0
1.800,2,1,-83.0,4.0,0
1.800,2,1,-83.0,4.0,0
1.800,2,1,-83.0,4.0,0
1.800,2,1,-83.0,4.0,0
1.800,2,1,-83.0,4.0,0
1.900,2,1,-83.0,4.0,0
1.900,2,1,-83.0,4.0,0
1.900,2,1,-83.0,4.0,0
1.900,2,1,-83.0,4.0,0
1.900,2,1,-83.0,4.0,0
1.900,2,1,-83.0,4.0,0
1.900,2,1,-83.0,4.0,0
1.900,2,1,-83.0,4.0,0
1.900,2,1,-83.0,4.0,0
1.900,2,1,-83.0,4.0,0
2.000,2,1,-83.0,4.0,0
2.000,2,1,-83.0,4.0,0
2.000,2,1,-83.0,4.0,0
2.000,2,1,-83.0,4.0,0
2.000,2,1,-83.0,4.0,0
2.000,2,1,-83.0,4.0,0
2.000,2,1,-83.0,4.0,0
2.000,2,1,-83.0,4.0,0
2.000,2,1,-83.0,4.0,0
2.000,2,1,-83.0,4.0,0
2.000,2,1,-83.0,4.0,0
2.100,2,1,-83.0,4.0,0
2.100,2,1,-83.0,4.0,0
2.100,2,1,-83.0,4.0,0
2.100,2,1,-83.0,4.0,0
2.100,2,1,-83.0,4.0,0
2.100,2,1,-83.0,4.0,0
2.100,2,1,-83.0,4.0,0
2.100,2,1,-83.0,4.0,0
2.100,2,1,-83.0,4.0,0
2.100,2,1,-83.0,4.0,0
2.200,2,1,-83.0,4.0,0
2.200,2,1,-83.0,4.0,0
2.200,2,1,-83.0,4.0,0
2.200,2,1,-83.0,4.0,0
2.200,2,1,-83.0,4.0,0
2.200,2,1,-83.0,4.0,0
2.200,2,1,-83.0,4.0,0
2.200,2,1,-83.0,4.0,0
2.200,2,1,-83.0,4.0,0
2.200,2,1,-83.0,4.0,0
2.200,2,1,-83.0,4.0,0
2.300,2,1,-83.0,4.0,0
2.300,2,1,-83.0,4.0,0
2.300,2,1,-83.0,4.0,0
2.300,2,1,-83.0,4.0,0
2.300,2,1,-83.0,4.0,0
2.300,2,1,-83.0,4.0,0
2.300,2,1,-83.0,4.0,0
2.300,2,1,-83.0,4.0,0
2.300,2,1,-83.0,4.0,0
2.300,2,1,-83.0,4.0,0
2.400,2,1,-83.0,4.0,0
2.400,2,1,-83.0,4.0,0
2.400,2,1,-83.0,4.0,0
2.400,2,1,-83.0,4.0,0
2.400,2,1,-83.0,4.0,0
2.400,2,1,-83.0,4.0,0
2.400,2,1,-83.0,4.0,0
2.400,2,1,-83.0,4.0,0
2.400,2,1,-83.0,4.0,0
2.400,2,1,-83.0,4.0,0
2.500,2,1,-83.0,4.0,0
2.500,2,1,-83.0,4.0,0
2.500,2,1,-83.0,4.0,0
2.500,2,1,-83.0,4.0,0
2.500,2,1,-83.0,4.0,0
2.500,2,1,-83.0,4.0,0
2.500,2,1,-83.0,4.0,0
2.500,2,1,-83.0,4.0,0
2.500,2,1,-83.0,4.0,0
2.500,2,1,-83.0,4.0,0
2.500,2,1,-83.0,4.0,0
2.600,2,1,-83.0,4.0,0
2.600,2,1,-83.0,4.0,0
2.600,2,1,-83.0,4.0,0
2.600,2,1,-83.0,4.0,0
2.600,2,1,-83.0,4.0,0
2.600,2,1,-83.0,4.0,0
2.600,2,1,-83.0,4.0,0
2.600,2,1,-83.0,4.0,0
2.600,2,1,-83.0,4.0,0
2.600,2,1,-83.0,4.0,0
2.700,2,1,-83.0,4.0,0
2.700,2,1,-83.0,4.0,0
2.700,2,1,-83.0,4.0,0
2.700,2,1,-83.0,4.0,0
2.700,2,1,-83.0,4.0,0
2.700,2,1,-83.0,4.0,0
2.700,2,1,-83.0,4.0,0
2.700,2,1,-83.0,4.0,0
2.700,2,1,-83.0,4.0,0
2.700,2,1,-83.0,4.0,0
2.700,2,1,-83.0,4.0,0
2.800,2,1,-83.0,4.0,0
2.800,2,1,-83.0,4.0,0
2.800,2,1,-83.0,4.0,0
2.800,2,1,-83.0,4.0,0
2.800,2,1,-83.0,4.0,0
2.800,2,1,-83.0,4.0,0
2.800,2,1,-83.0,4.0,0
2.800,2,1,-83.0,4.0,0
2.800,2,1,-83.0,4.0,0
2.800,2,1,-83.0,4.0,0
2.900,2,1,-83.0,4.0,0
2.900,2,1,-83.0,4.0,0
2.900,2,1,-83.0,4.0,0
2.900,2,1,-83.0,4.0,0
2.900,2,1,-83.0,4.0,0
2.900,2,1,-83.0,4.0,0
2.900,2,1,-83.0,4.0,0
2.900,2,1,-83.0,4.0,0
2.900,2,1,-83.0,4.0,0
2.900,2,1,-83.0,4.0,0
2.900,2,1,-83.0,4.0,0
3.000,2,1,-83.0,4.0,0
3.000,2,1,-83.0,4.0,0
3.000,2,1,-83.0,4.0,0
3.000,2,1,-83.0,4.0,0
3.000,2,1,-83.0,4.0,0
3.000,2,1,-83.0,4.0,0
3.000,2,1,-83.0,4.0,0
3.000,2,1,-83.0,4.0,0
3.000,2,1,-83.0,4.0,0
3.000,2,1,-83.0,4.0,0
3.100,2,1,-83.0,4.0,0
3.100,2,1,-83.0,4.0,0
3.100,2,1,-83.0,4.0,0
3.100,2,1,-83.0,4.0,0
3.100,2,1,-83.0,4.0,0
3.100,2,1,-83.0,4.0,0
3.100,2,1,-83.0,4.0,0
3.100,2,1,-83.0,4.0,0
3.100,2,1,-83.0,4.0,0
3.100,2,1,-83.0,4.0,0
3.200,2,1,-83.0,4.0,0
3.200,2,1,-83.0,4.0,0
3.200,2,1,-83.0,4.0,0
3.200,2,1,-83.0,4.0,0
3.200,2,1,-83.0,4.0,0
3.200,2,1,-83.0,4.0,0
3.200,2,1,-83.0,4.0,0
3.200,2,1,-83.0,4.0,0
3.200,2,1,-83.0,4.0,0
3.200,2,1,-83.0,4.0,0
3.200,2,1,-83.0,4.0,0
3.300,2,1,-83.0,4.0,0
3.300,2,1,-83.0,4.0,0
3.300,2,1,-83.0,4.0,0
3.300,2,1,-83.0,4.0,0
3.300,2,1,-83.0,4.0,0
3.300,2,1,-83.0,4.0,0
3.300,2,1,-83.0,4.0,0
3.300,2,1,-83.0,4.0,0
3.300,2,1,-83.0,4.0,0
3.300,2,1,-83.0,4.0,0
3.400,2,1,-83.0,4.0,0
3.400,2,1,-83.0,4.0,0
3.400,2,1,-83.0,4.0,0
3.400,2,1,-83.0,4.0,0
3.400,2,1,-83.0,4.0,0
3.400,2,1,-83.0,4.0,0
3.400,2,1,-83.0,4.0,0
3.400,2,1,-83.0,4.0,0
3.400,2,1,-83.0,4.0,0
3.400,2,1,-83.0,4.0,0
3.400,2,1,-83.0,4.0,0
3.500,2,1,-83.0,4.0,0
3.500,2,1,-83.0,4.0,0
3.500,2,1,-83.0,4.0,0
3.500,2,1,-83.0,4.0,0
3.500,2,1,-83.0,4.0,0
3.500,2,1,-83.0,4.0,0
3.500,2,1,-83.0,4.0,0
3.500,2,1,-83.0,4.0,0
3.500,2,1,-83.0,4.0,0
3.500,2,1,-83.0,4.0,0
3.600,2,1,-83.0,4.0,0
3.600,2,1,-83.0,4.0,0
3.600,2,1,-83.0,4.0,0
3.600,2,1,-83.0,4.0,0
3.600,2,1,-83.0,4.0,0
3.600,2,1,-83.0,4.0,0
3.600,2,1,-83.0,4.0,0
3.600,2,1,-83.0,4.0,0
3.600,2,1,-83.0,4.0,0
3.600,2,1,-83.0,4.0,0
3.600,2,1,-83.0,4.0,0
3.700,2,1,-83.0,4.0,0
3.700,2,1,-83.0,4.0,0
3.700,2,1,-83.0,4.0,0
3.700,2,1,-83.0,4.0,0
3.700,2,1,-83.0,4.0,0
3.700,2,1,-83.0,4.0,0
3.700,2,1,-83.0,4.0,0
3.700,2,1,-83.0,4.0,0
3.700,2,1,-83.0,4.0,0
3.700,2,1,-83.0,4.0,0
3.800,2,1,-83.0,4.0,0
3.800,2,1,-83.0,4.0,0
3.800,2,1,-83.0,4.0,0
3.800,2,1,-83.0,4.0,0
3.800,2,1,-83.0,4.0,0
3.800,2,1,-83.0,4.0,0
3.800,2,1,-83.0,4.0,0
3.800,2,1,-83.0,4.0,0
3.800,2,1,-83.0,4.0,0
3.800,2,1,-83.0,4.0,0
3.800,2,1,-83.0,4.0,0
3.900,2,1,-83.0,4.0,0
3.900,2,1,-83.0,4.0,0
3.900,2,1,-83.0,4.0,0
3.900,2,1,-83.0,4.0,0
3.900,2,1,-83.0,4.0,0
3.900,2,1,-83.0,4.0,0
3.900,2,1,-83.0,4.0,0
3.900,2,1,-83.0,4.0,0
3.900,2,1,-83.0,4.0,0
3.900,2,1,-83.0,4.0,0
4.000,2,1,-83.0,4.0,0
4.000,2,1,-83.0,4.0,0
4.000,2,1,-83.0,4.0,0
4.000,2,1,-83.0,4.0,0
4.000,2,1,-83.0,4.0,0
4.000,2,1,-83.0,4.0,0
4.000,2,1,-83.0,4.0,0
4.000,2,1,-83.0,4.0,0
4.000,2,1,-83.0,4.0,0
4.000,2,1,-83.0,4.0,0
4.100,2,1,-83.0,4.0,0
4.100,2,1,-83.0,4.0,0
4.100,2,1,-83.0,4.0,0
4.100,2,1,-83.0,4.0,0
4.100,2,1,-83.0,4.0,0
4.100,2,1,-83.0,4.0,0
4.100,2,1,-83.0,4.0,0
4.100,2,1,-83.0,4.0,0
4.100,2,1,-83.0,4.0,0
4.100,2,1,-83.0,4.0,0
4.100,2,1,-83.0,4.0,0
4.200,2,1,-83.0,4.0,0
4.200,2,1,-83.0,4.0,0
4.200,2,1,-83.0,4.0,0
4.200,2,1,-83.0,4.0,0
4.200,2,1,-83.0,4.0,0
4.200,2,1,-83.0,4.0,0
4.200,2,1,-83.0,4.0,0
4.200,2,1,-83.0,4.0,0
4.200,2,1,-83.0,4.0,0
4.200,2,1,-83.0,4.0,0
4.300,2,1,-83.0,4.0,0
4.300,2,1,-83.0,4.0,0
4.300,2,1,-83.0,4.0,0
4.300,2,1,-83.0,4.0,0
4.300,2,1,-83.0,4.0,0
4.300,2,1,-83.0,4.0,0
4.300,2,1,-83.0,4.0,0
4.300,2,1,-83.0,4.0,0
4.300,2,1,-83.0,4.0,0
4.300,2,1,-83.0,4.0,0
4.300,2,1,-83.0,4.0,0
4.400,2,1,-83.0,4.0,0
4.400,2,1,-83.0,4.0,0
4.400,2,1,-83.0,4.0,0
4.400,2,1,-83.0,4.0,0
4.400,2,1,-83.0,4.0,0
4.400,2,1,-83.0,4.0,0
4.400,2,1,-83.0,4.0,0
4.400,2,1,-83.0,4.0,0
4.400,2,1,-83.0,4.0,0
4.400,2,1,-83.0,4.0,0
4.500,2,1,-83.0,4.0,0
4.500,2,1,-83.0,4.0,0
4.500,2,1,-83.0,4.0,0
4.500,2,1,-83.0,4.0,0
4.500,2,1,-83.0,4.0,0
4.500,2,1,-83.0,4.0,0
4.500,2,1,-83.0,4.0,0
4.500,2,1,-83.0,4.0,0
4.500,2,1,-83.0,4.0,0
4.500,2,1,-83.0,4.0,0
4.500,2,1,-83.0,4.0,0
4.600,2,1,-83.0,4.0,0
4.600,2,1,-83.0,4.0,0
4.600,2,1,-83.0,4.0,0
4.600,2,1,-83.0,4.0,0
4.600,2,1,-83.0,4.0,0
4.600,2,1,-83.0,4.0,0
4.600,2,1,-83.0,4.0,0
4.600,2,1,-83.0,4.0,0
4.600,2,1,-83.0,4.0,0
4.600,2,1,-83.0,4.0,0
4.700,2,1,-83.0,4.0,0
4.700,2,1,-83.0,4.0,0
4.700,2,1,-83.0,4.0,0
4.700,2,1,-83.0,4.0,0
4.700,2,1,-83.0,4.0,0
4.700,2,1,-83.0,4.0,0
4.700,2,1,-83.0,4.0,0
4.700,2,1,-83.0,4.0,0
4.700,2,1,-83.0,4.0,0
4.700,2,1,-83.0,4.0,0
4.800,2,1,-83.0,4.0,0
4.800,2,1,-83.0,4.0,0
4.800,2,1,-83.0,4.0,0
4.800,2,1,-83.0,4.0,0
4.800,2,1,-83.0,4.0,0
4.800,2,1,-83.0,4.0,0
4.800,2,1,-83.0,4.0,0
4.800,2,1,-83.0,4.0,0
4.800,2,1,-83.0,4.0,0
4.800,2,1,-83.0,4.0,0
4.800,2,1,-83.0,4.0,0
4.900,2,1,-83.0,4.0,0
4.900,2,1,-83.0,4.0,0
4.900,2,1,-83.0,4.0,0
4.900,2,1,-83.0,4.0,0
4.900,2,1,-83.0,4.0,0
4.900,2,1,-83.0,4.0,0
4.900,2,1,-83.0,4.0,0
4.900,2,1,-83.0,4.0,0
4.900,2,1,-83.0,4.0,0
4.900,2,1,-83.0,4.0,0
5.000,2,1,-83.0,4.0,0
5.000,2,1,-83.0,4.0,0
5.000,2,1,-83.0,4.0,0
5.000,2,1,-83.0,4.0,0
5.000,2,1,-83.0,4.0,0
5.000,2,1,-83.0,4.0,0
5.000,2,1,-83.0,4.0,0
5.000,2,1,-83.0,4.0,0
5.000,2,1,-83.0,4.0,0
5.000,2,1,-83.0,4.0,0
5.000,2,1,-83.0,4.0,0
5.100,2,1,-83.0,4.0,0
5.100,2,1,-83.0,4.0,0
5.100,2,1,-83.0,4.0,0
5.100,2,1,-83.0,4.0,0
5.100,2,1,-83.0,4.0,0
5.100,2,1,-83.0,4.0,0
5.100,2,1,-83.0,4.0,0
5.100,2,1,-83.0,4.0,0
5.100,2,1,-83.0,4.0,0
5.100,2,1,-83.0,4.0,0
5.200,2,1,-83.0,4.0,0
5.200,2,1,-83.0,4.0,0
5.200,2,1,-83.0,4.0,0
5.200,2,1,-83.0,4.0,0
5.200,2,1,-83.0,4.0,0
5.200,2,1,-83.0,4.0,0
5.200,2,1,-83.0,4.0,0
5.200,2,1,-83.0,4.0,0
5.200,2,1,-83.0,4.0,0
5.200,2,1,-83.0,4.0,0
5.200,2,1,-83.0,4.0,0
5.300,2,1,-83.0,4.0,0
5.300,2,1,-83.0,4.0,0
5.300,2,1,-83.0,4.0,0
5.300,2,1,-83.0,4.0,0
5.300,2,1,-83.0,4.0,0
5.300,2,1,-83.0,4.0,0
5.300,2,1,-83.0,4.0,0
5.300,2,1,-83.0,4.0,0
5.300,2,1,-83.0,4.0,0
5.300,2,1,-83.0,4.0,0
5.400,2,1,-83.0,4.0,0
5.400,2,1,-83.0,4.0,0
5.400,2,1,-83.0,4.0,0
5.400,2,1,-83.0,4.0,0
5.400,2,1,-83.0,4.0,0
5.400,2,1,-83.0,4.0,0
5.400,2,1,-83.0,4.0,0
5.400,2,1,-83.0,4.0,0
5.400,2,1,-83.0,4.0,0
5.400,2,1,-83.0,4.0,0
5.500,2,1,-83.0,4.0,0
5.500,2,1,-83.0,4.0,0
5.500,2,1,-83.0,4.0,0
5.500,2,1,-83.0,4.0,0
5.500,2,1,-83.0,4.0,0
5.500,2,1,-83.0,4.0,0
5.500,2,1,-83.0,4.0,0
5.500,2,1,-83.0,4.0,0
5.500,2,1,-83.0,4.0,0
5.500,2,1,-83.0,4.0,0
5.500,2,1,-83.0,4.0,0
5.600,2,1,-83.0,4.0,0
5.600,2,1,-83.0,4.0,0
5.600,2,1,-83.0,4.0,0
5.600,2,1,-83.0,4.0,0
5.600,2,1,-83.0,4.0,0
5.600,2,1,-83.0,4.0,0
5.600,2,1,-83.0,4.0,0
5.600,2,1,-83.0,4.0,0
5.600,2,1,-83.0,4.0,0
5.600,2,1,-83.0,4.0,0
5.700,2,1,-83.0,4.0,0
5.700,2,1,-83.0,4.0,0
5.700,2,1,-83.0,4.0,0
5.700,2,1,-83.0,4.0,0
5.700,2,1,-83.0,4.0,0
5.700,2,1,-83.0,4.0,0
5.700,2,1,-83.0,4.0,0
5.700,2,1,-83.0,4.0,0
5.700,2,1,-83.0,4.0,0
5.700,2,1,-83.0,4.0,0
5.700,2,1,-83.0,4.0,0
5.800,2,1,-83.0,4.0,0
5.800,2,1,-83.0,4.0,0
5.800,2,1,-83.0,4.0,0
5.800,2,1,-83.0,4.0,0
5.800,2,1,-83.0,4.0,0
5.800,2,1,-83.0,4.0,0
5.800,2,1,-83.0,4.0,0
5.800,2,1,-83.0,4.0,0
5.800,2,1,-83.0,4.0,0
5.800,2,1,-83.0,4.0,0
5.900,2,1,-83.0,4.0,0
5.900,2,1,-83.0,4.0,0
5.900,2,1,-83.0,4.0,0
5.900,2,1,-83.0,4.0,0
5.900,2,1,-83.0,4.0,0
5.900,2,1,-83.0,4.0,0
5.900,2,1,-83.0,4.0,0
5.900,2,1,-83.0,4.0,0
5.900,2,1,-83.0,4.0,0
5.900,2,1,-83.0,4.0,0
5.900,2,1,-83.0,4.0,0
6.000,2,1,-83.0,4.0,0
6.000,2,1,-83.0,4.0,0
6.000,2,1,-83.0,4.0,0
6.000,2,1,-83.0,4.0,0
6.000,2,1,-83.0,4.0,0
6.000,2,1,-83.0,4.0,0
6.000,2,1,-83.0,4.0,0
6.000,2,1,-83.0,4.0,0
6.000,2,1,-83.0,4.0,0
6.000,2,1,-83.0,4.0,0
6.100,2,1,-83.0,4.0,0
6.100,2,1,-83.0,4.0,0
6.100,2,1,-83.0,4.0,0
6.100,2,1,-83.0,4.0,0
6.100,2,1,-83.0,4.0,0
6.100,2,1,-83.0,4.0,0
6.100,2,1,-83.0,4.0,0
6.100,2,1,-83.0,4.0,0
6.100,2,1,-83.0,4.0,0
6.100,2,1,-83.0,4.0,0
6.100,2,1,-83.0,4.0,0
6.200,2,1,-83.0,4.0,0
6.200,2,1,-83.0,4.0,0
6.200,2,1,-83.0,4.0,0
6.200,2,1,-83.0,4.0,0
6.200,2,1,-83.0,4.0,0
6.200,2,1,-83.0,4.0,0
6.200,2,1,-83.0,4.0,0
6.200,2,1,-83.0,4.0,0
6.200,2,1,-83.0,4.0,0
6.200,2,1,-83.0,4.0,0
6.300,2,1,-83.0,4.0,0
6.300,2,1,-83.0,4.0,0
6.300,2,1,-83.0,4.0,0
6.300,2,1,-83.0,4.0,0
6.300,2,1,-83.0,4.0,0
6.300,2,1,-83.0,4.0,0
6.300,2,1,-83.0,4.0,0
6.300,2,1,-83.0,4.0,0
6.300,2,1,-83.0,4.0,0
6.300,2,1,-83.0,4.0,0
6.400,2,1,-83.0,4.0,0
6.400,2,1,-83.0,4.0,0
6.400,2,1,-83.0,4.0,0
6.400,2,1,-83.0,4.0,0
6.400,2,1,-83.0,4.0,0
6.400,2,1,-83.0,4.0,0
6.400,2,1,-83.0,4.0,0
6.400,2,1,-83.0,4.0,0
6.400,2,1,-83.0,4.0,0
6.400,2,1,-83.0,4.0,0
6.400,2,1,-83.0,4.0,0
6.500,2,1,-83.0,4.0,0
6.500,2,1,-83.0,4.0,0
6.500,2,1,-83.0,4.0,0
6.500,2,1,-83.0,4.0,0
6.500,2,1,-83.0,4.0,0
6.500,2,1,-83.0,4.0,0
6.500,2,1,-83.0,4.0,0
6.500,2,1,-83.0,4.0,0
6.500,2,1,-83.0,4.0,0
6.500,2,1,-83.0,4.0,0
6.600,2,1,-83.0,4.0,0
6.600,2,1,-83.0,4.0,0
6.600,2,1,-83.0,4.0,0
6.600,2,1,-83.0,4.0,0
6.600,2,1,-83.0,4.0,0
6.600,2,1,-83.0,4.0,0
6.600,2,1,-83.0,4.0,0
6.600,2,1,-83.0,4.0,0
6.600,2,1,-83.0,4.0,0
6.600,2,1,-83.0,4.0,0
6.600,2,1,-83.0,4.0,0
6.700,2,1,-83.0,4.0,0
6.700,2,1,-83.0,4.0,0
6.700,2,1,-83.0,4.0,0
6.700,2,1,-83.0,4.0,0
6.700,2,1,-83.0,4.0,0
6.700,2,1,-83.0,4.0,0
6.700,2,1,-83.0,4.0,0
6.700,2,1,-83.0,4.0,0
6.700,2,1,-83.0,4.0,0
6.700,2,1,-83.0,4.0,0
6.800,2,1,-83.0,4.0,0
6.800,2,1,-83.0,4.0,0
6.800,2,1,-83.0,4.0,0
6.800,2,1,-83.0,4.0,0
6.800,2,1,-83.0,4.0,0
6.800,2,1,-83.0,4.0,0
6.800,2,1,-83.0,4.0,0
6.800,2,1,-83.0,4.0,0
6.800,2,1,-83.0,4.0,0
6.800,2,1,-83.0,4.0,0
6.800,2,1,-83.0,4.0,0
6.900,2,1,-83.0,4.0,0
6.900,2,1,-83.0,4.0,0
6.900,2,1,-83.0,4.0,0
6.900,2,1,-83.0,4.0,0
6.900,2,1,-83.0,4.0,0
6.900,2,1,-83.0,4.0,0
6.900,2,1,-83.0,4.0,0
6.900,2,1,-83.0,4.0,0
6.900,2,1,-83.0,4.0,0
6.900,2,1,-83.0,4.0,0
7.000,2,1,-83.0,4.0,0
7.000,2,1,-83.0,4.0,0
7.000,2,1,-83.0,4.0,0
7.000,2,1,-83.0,4.0,0
7.000,2,1,-83.0,4.0,0
7.000,2,1,-83.0,4.0,0
7.000,2,1,-83.0,4.0,0
7.000,2,1,-83.0,4.0,0
7.000,2,1,-83.0,4.0,0
7.000,2,1,-83.0,4.0,0
7.100,2,1,-83.0,4.0,0
7.100,2,1,-83.0,4.0,0
7.100,2,1,-83.0,4.0,0
7.100,2,1,-83.0,4.0,0
7.100,2,1,-83.0,4.0,0
7.100,2,1,-83.0,4.0,0
7.100,2,1,-83.0,4.0,0
7.100,2,1,-83.0,4.0,0
7.100,2,1,-83.0,4.0,0
7.100,2,1,-83.0,4.0,0
7.100,2,1,-83.0,4.0,0
7.200,2,1,-83.0,4.0,0
7.200,2,1,-83.0,4.0,0
7.200,2,1,-83.0,4.0,0
7.200,2,1,-83.0,4.0,0
7.200,2,1,-83.0,4.0,0
7.200,2,1,-83.0,4.0,0
7.200,2,1,-83.0,4.0,0
7.200,2,1,-83.0,4.0,0
7.200,2,1,-83.0,4.0,0
7.200,2,1,-83.0,4.0,0
7.300,2,1,-83.0,4.0,0
7.300,2,1,-83.0,4.0,0
7.300,2,1,-83.0,4.0,0
7.300,2,1,-83.0,4.0,0
7.300,2,1,-83.0,4.0,0
7.300,2,1,-83.0,4.0,0
7.300,2,1,-83.0,4.0,0
7.300,2,1,-83.0,4.0,0
7.300,2,1,-83.0,4.0,0
7.300,2,1,-83.0,4.0,0
7.300,2,1,-83.0,4.0,0
7.400,2,1,-83.0,4.0,0
7.400,2,1,-83.0,4.0,0
7.400,2,1,-83.0,4.0,0
7.400,2,1,-83.0,4.0,0
7.400,2,1,-83.0,4.0,0
7.400,2,1,-83.0,4.0,0
7.400,2,1,-83.0,4.0,0
7.400,2,1,-83.0,4.0,0
7.400,2,1,-83.0,4.0,0
7.400,2,1,-83.0,4.0,0
7.500,2,1,-83.0,4.0,0
7.500,2,1,-83.0,4.0,0
7.500,2,1,-83.0,4.0,0
7.500,2,1,-83.0,4.0,0
7.500,2,1,-83.0,4.0,0
7.500,2,1,-83.0,4.0,0
7.500,2,1,-83.0,4.0,0
7.500,2,1,-83.0,4.0,0
7.500,2,1,-83.0,4.0,0
7.500,2,1,-83.0,4.0,0
7.500,2,1,-83.0,4.0,0
7.600,2,1,-83.0,4.0,0
7.600,2,1,-83.0,4.0,0
7.600,2,1,-83.0,4.0,0
7.600,2,1,-83.0,4.0,0
7.600,2,1,-83.0,4.0,0
7.600,2,1,-83.0,4.0,0
7.600,2,1,-83.0,4.0,0
7.600,2,1,-83.0,4.0,0
7.600,2,1,-83.0,4.0,0
7.600,2,1,-83.0,4.0,0
7.700,2,1,-83.0,4.0,0
7.700,2,1,-83.0,4.0,0
7.700,2,1,-83.0,4.0,0
7.700,2,1,-83.0,4.0,0
7.700,2,1,-83.0,4.0,0
7.700,2,1,-83.0,4.0,0
7.700,2,1,-83.0,4.0,0
7.700,2,1,-83.0,4.0,0
7.700,2,1,-83.0,4.0,0
7.700,2,1,-83.0,4.0,0
7.800,2,1,-83.0,4.0,0
7.800,2,1,-83.0,4.0,0
7.800,2,1,-83.0,4.0,0
7.800,2,1,-83.0,4.0,0
7.800,2,1,-83.0,4.0,0
7.800,2,1,-83.0,4.0,0
7.800,2,1,-83.0,4.0,0
7.800,2,1,-83.0,4.0,0
7.800,2,1,-83.0,4.0,0
7.800,2,1,-83.0,4.0,0
7.800,2,1,-83.0,4.0,0
7.900,2,1,-83.0,4.0,0
7.900,2,1,-83.0,4.0,0
7.900,2,1,-83.0,4.0,0
7.900,2,1,-83.0,4.0,0
7.900,2,1,-83.0,4.0,0
7.900,2,1,-83.0,4.0,0
7.900,2,1,-83.0,4.0,0
7.900,2,1,-83.0,4.0,0
7.900,2,1,-83.0,4.0,0
7.900,2,1,-83.0,4.0,0
8.000,2,1,-83.0,4.0,0
8.000,2,1,-83.0,4.0,0
8.000,2,1,-83.0,4.0,0
8.000,2,1,-83.0,4.0,0
8.000,2,1,-83.0,4.0,0
8.000,2,1,-83.0,4.0,0
8.000,2,1,-83.0,4.0,0
8.000,2,1,-83.0,4.0,0
8.000,2,1,-83.0,4.0,0
8.000,2,1,-83.0,4.0,0
8.000,2,1,-83.0,4.0,0
8.100,2,1,-83.0,4.0,0
8.100,2,1,-83.0,4.0,0
8.100,2,1,-83.0,4.0,0
8.100,2,1,-83.0,4.0,0
8.100,2,1,-83.0,4.0,0
8.100,2,1,-83.0,4.0,0
8.100,2,1,-83.0,4.0,0
8.100,2,1,-83.0,4.0,0
8.100,2,1,-83.0,4.0,0
8.100,2,1,-83.0,4.0,0
8.200,2,1,-83.0,4.0,0
8.200,2,1,-83.0,4.0,0
8.200,2,1,-83.0,4.0,0
8.200,2,1,-83.0,4.0,0
8.200,2,1,-83.0,4.0,0
8.200,2,1,-83.0,4.0,0
8.200,2,1,-83.0,4.0,0
8.200,2,1,-83.0,4.0,0
8.200,2,1,-83.0,4.0,0
8.200,2,1,-83.0,4.0,0
8.200,2,1,-83.0,4.0,0
8.300,2,1,-83.0,4.0,0
8.300,2,1,-83.0,4.0,0
8.300,2,1,-83.0,4.0,0
8.300,2,1,-83.0,4.0,0
8.300,2,1,-83.0,4.0,0
8.300,2,1,-83.0,4.0,0
8.300,2,1,-83.0,4.0,0
8.300,2,1,-83.0,4.0,0
8.300,2,1,-83.0,4.0,0
8.300,2,1,-83.0,4.0,0
8.400,2,1,-83.0,4.0,0
8.400,2,1,-83.0,4.0,0
8.400,2,1,-83.0,4.0,0
8.400,2,1,-83.0,4.0,0
8.400,2,1,-83.0,4.0,0
8.400,2,1,-83.0,4.0,0
8.400,2,1,-83.0,4.0,0
8.400,2,1,-83.0,4.0,0
8.400,2,1,-83.0,4.0,0
8.400,2,1,-83.0,4.0,0
8.400,2,1,-83.0,4.0,0
8.500,2,1,-83.0,4.0,0
8.500,2,1,-83.0,4.0,0
8.500,2,1,-83.0,4.0,0
8.500,2,1,-83.0,4.0,0
8.500,2,1,-83.0,4.0,0
8.500,2,1,-83.0,4.0,0
8.500,2,1,-83.0,4.0,0
8.500,2,1,-83.0,4.0,0
8.500,2,1,-83.0,4.0,0
8.500,2,1,-83.0,4.0,0
8.600,2,1,-83.0,4.0,0
8.600,2,1,-83.0,4.0,0
8.600,2,1,-83.0,4.0,0
8.600,2,1,-83.0,4.0,0
8.600,2,1,-83.0,4.0,0
8.600,2,1,-83.0,4.0,0
8.600,2,1,-83.0,4.0,0
8.600,2,1,-83.0,4.0,0
8.600,2,1,-83.0,4.0,0
8.600,2,1,-83.0,4.0,0
8.700,2,1,-83.0,4.0,0
8.700,2,1,-83.0,4.0,0
8.700,2,1,-83.0,4.0,0
8.700,2,1,-83.0,4.0,0
8.700,2,1,-83.0,4.0,0
8.700,2,1,-83.0,4.0,0
8.700,2,1,-83.0,4.0,0
8.700,2,1,-83.0,4.0,0
8.700,2,1,-83.0,4.0,0
8.700,2,1,-83.0,4.0,0
8.700,2,1,-83.0,4.0,0
8.800,2,1,-83.0,4.0,0
8.800,2,1,-83.0,4.0,0
8.800,2,1,-83.0,4.0,0
8.800,2,1,-83.0,4.0,0
8.800,2,1,-83.0,4.0,0
8.800,2,1,-83.0,4.0,0
8.800,2,1,-83.0,4.0,0
8.800,2,1,-83.0,4.0,0
8.800,2,1,-83.0,4.0,0
8.800,2,1,-83.0,4.0,0
8.900,2,1,-83.0,4.0,0
8.900,2,1,-83.0,4.0,0
8.900,2,1,-83.0,4.0,0
8.900,2,1,-83.0,4.0,0
8.900,2,1,-83.0,4.0,0
8.900,2,1,-83.0,4.0,0
8.900,2,1,-83.0,4.0,0
8.900,2,1,-83.0,4.0,0
8.900,2,1,-83.0,4.0,0
8.900,2,1,-83.0,4.0,0
8.900,2,1,-83.0,4.0,0
9.000,2,1,-83.0,4.0,0
9.000,2,1,-83.0,4.0,0
9.000,2,1,-83.0,4.0,0
9.000,2,1,-83.0,4.0,0
9.000,2,1,-83.0,4.0,0
9.000,2,1,-83.0,4.0,0
9.000,2,1,-83.0,4.0,0
9.000,2,1,-83.0,4.0,0
9.000,2,1,-83.0,4.0,0
9.000,2,1,-83.0,4.0,0
9.100,2,1,-83.0,4.0,0
9.100,2,1,-83.0,4.0,0
9.100,2,1,-83.0,4.0,0
9.100,2,1,-83.0,4.0,0
9.100,2,1,-83.0,4.0,0
9.100,2,1,-83.0,4.0,0
9.100,2,1,-83.0,4.0,0
9.100,2,1,-83.0,4.0,0
9.100,2,1,-83.0,4.0,0
9.100,2,1,-83.0,4.0,0
9.100,2,1,-83.0,4.0,0
9.200,2,1,-83.0,4.0,0
9.200,2,1,-83.0,4.0,0
9.200,2,1,-83.0,4.0,0
9.200,2,1,-83.0,4.0,0
9.200,2,1,-83.0,4.0,0
9.200,2,1,-83.0,4.0,0
9.200,2,1,-83.0,4.0,0
9.200,2,1,-83.0,4.0,0
9.200,2,1,-83.0,4.0,0
9.200,2,1,-83.0,4.0,0
9.300,2,1,-83.0,4.0,0
9.300,2,1,-83.0,4.0,0
9.300,2,1,-83.0,4.0,0
9.300,2,1,-83.0,4.0,0
9.300,2,1,-83.0,4.0,0
9.300,2,1,-83.0,4.0,0
9.300,2,1,-83.0,4.0,0
9.300,2,1,-83.0,4.0,0
9.300,2,1,-83.0,4.0,0
9.300,2,1,-83.0,4.0,0
9.400,2,1,-83.0,4.0,0
9.400,2,1,-83.0,4.0,0
9.400,2,1,-83.0,4.0,0
9.400,2,1,-83.0,4.0,0
9.400,2,1,-83.0,4.0,0
9.400,2,1,-83.0,4.0,0
9.400,2,1,-83.0,4.0,0
9.400,2,1,-83.0,4.0,0
9.400,2,1,-83.0,4.0,0
9.400,2,1,-83.0,4.0,0
9.400,2,1,-83.0,4.0,0
9.500,2,1,-83.0,4.0,0
9.500,2,1,-83.0,4.0,0
9.500,2,1,-83.0,4.0,0
9.500,2,1,-83.0,4.0,0
9.500,2,1,-83.0,4.0,0
9.500,2,1,-83.0,4.0,0
9.500,2,1,-83.0,4.0,0
9.500,2,1,-83.0,4.0,0
9.500,2,1,-83.0,4.0,0
9.500,2,1,-83.0,4.0,0
9.600,2,1,-83.0,4.0,0
9.600,2,1,-83.0,4.0,0
9.600,2,1,-83.0,4.0,0
9.600,2,1,-83.0,4.0,0
9.600,2,1,-83.0,4.0,0
9.600,2,1,-83.0,4.0,0
9.600,2,1,-83.0,4.0,0
9.600,2,1,-83.0,4.0,0
9.600,2,1,-83.0,4.0,0
9.600,2,1,-83.0,4.0,0
9.600,2,1,-83.0,4.0,0
9.700,2,1,-83.0,4.0,0
9.700,2,1,-83.0,4.0,0
9.700,2,1,-83.0,4.0,0
9.700,2,1,-83.0,4.0,0
9.700,2,1,-83.0,4.0,0
9.700,2,1,-83.0,4.0,0
9.700,2,1,-83.0,4.0,0
9.700,2,1,-83.0,4.0,0
9.700,2,1,-83.0,4.0,0
9.700,2,1,-83.0,4.0,0
9.800,2,1,-83.0,4.0,0
9.800,2,1,-83.0,4.0,0
9.800,2,1,-83.0,4.0,0
9.800,2,1,-83.0,4.0,0
9.800,2,1,-83.0,4.0,0
9.800,2,1,-83.0,4.0,0
9.800,2,1,-83.0,4.0,0
9.800,2,1,-83.0,4.0,0
9.800,2,1,-83.0,4.0,0
9.800,2,1,-83.0,4.0,0
9.800,2,1,-83.0,4.0,0
9.900,2,1,-83.0,4.0,0
9.900,2,1,-83.0,4.0,0
9.900,2,1,-83.0,4.0,0
9.900,2,1,-83.0,4.0,0
9.900,2,1,-83.0,4.0,0
9.900,2,1,-83.0,4.0,0
9.900,2,1,-83.0,4.0,0
9.900,2,1,-83.0,4.0,0
9.900,2,1,-83.0,4.0,0
9.900,2,1,-83.0,4.0,0
10.000,2,1,-83.0,4.0,0
10.000,2,1,-83.0,4.0,0
10.000,2,1,-83.0,4.0,0
10.000,2,1,-83.0,4.0,0
10.000,2,1,-83.0,4.0,0
10.000,2,1,-83.0,4.0,0
10.000,2,1,-83.0,4.0,0
10.000,2,1,-83.0,4.0,0
10.000,2,1,-83.0,4.0,0
10.000,2,1,-83.0,4.0,0
10.100,2,1,-83.0,4.0,0
10.100,2,1,-83.0,4.0,0
10.100,2,1,-83.0,4.0,0
10.100,2,1,-83.0,4.0,0
10.100,2,1,-83.0,4.0,0
10.100,2,1,-83.0,4.0,0
10.100,2,1,-83.0,4.0,0
10.100,2,1,-83.0,4.0,0
10.100,2,1,-83.0,4.0,0
10.100,2,1,-83.0,4.0,0
10.100,2,1,-83.0,4.0,0
10.200,2,1,-83.0,4.0,0
10.200,2,1,-83.0,4.0,0
10.200,2,1,-83.0,4.0,0
10.200,2,1,-83.0,4.0,0
10.200,2,1,-83.0,4.0,0
10.200,2,1,-83.0,4.0,0
10.200,2,1,-83.0,4.0,0
10.200,2,1,-83.0,4.0,0
10.200,2,1,-83.0,4.0,0
10.200,2,1,-83.0,4.0,0
10.300,2,1,-83.0,4.0,0
10.300,2,1,-83.0,4.0,0
10.300,2,1,-83.0,4.0,0
10.300,2,1,-83.0,4.0,0
10.300,2,1,-83.0,4.0,0
10.300,2,1,-83.0,4.0,0
10.300,2,1,-83.0,4.0,0
10.300,2,1,-83.0,4.0,0
10.300,2,1,-83.0,4.0,0
10.300,2,1,-83.0,4.0,0
10.300,2,1,-83.0,4.0,0
10.400,2,1,-83.0,4.0,0
10.400,2,1,-83.0,4.0,0
10.400,2,1,-83.0,4.0,0
10.400,2,1,-83.0,4.0,0
10.400,2,1,-83.0,4.0,0
10.400,2,1,-83.0,4.0,0
10.400,2,1,-83.0,4.0,0
10.400,2,1,-83.0,4.0,0
10.400,2,1,-83.0,4.0,0
10.400,2,1,-83.0,4.0,0
10.500,2,1,-83.0,4.0,0
10.500,2,1,-83.0,4.0,0
10.500,2,1,-83.0,4.0,0
10.500,2,1,-83.0,4.0,0
10.500,2,1,-83.0,4.0,0
10.500,2,1,-83.0,4.0,0
10.500,2,1,-83.0,4.0,0
10.500,2,1,-83.0,4.0,0
10.500,2,1,-83.0,4.0,0
10.500,2,1,-83.0,4.0,0
10.500,2,1,-83.0,4.0,0
10.600,2,1,-83.0,4.0,0
10.600,2,1,-83.0,4.0,0
10.600,2,1,-83.0,4.0,0
10.600,2,1,-83.0,4.0,0
10.600,2,1,-83.0,4.0,0
10.600,2,1,-83.0,4.0,0
10.600,2,1,-83.0,4.0,0
10.600,2,1,-83.0,4.0,0
10.600,2,1,-83.0,4.0,0
10.600,2,1,-83.0,4.0,0
10.700,2,1,-83.0,4.0,0
10.700,2,1,-83.0,4.0,0
10.700,2,1,-83.0,4.0,0
10.700,2,1,-83.0,4.0,0
10.700,2,1,-83.0,4.0,0
10.700,2,1,-83.0,4.0,0
10.700,2,1,-83.0,4.0,0
10.700,2,1,-83.0,4.0,0
10.700,2,1,-83.0,4.0,0
10.700,2,1,-83.0,4.0,0
10.700,2,1,-83.0,4.0,0
10.800,2,1,-83.0,4.0,0
10.800,2,1,-83.0,4.0,0
10.800,2,1,-83.0,4.0,0
10.800,2,1,-83.0,4.0,0
10.800,2,1,-83.0,4.0,0
10.800,2,1,-83.0,4.0,0
10.800,2,1,-83.0,4.0,0
10.800,2,1,-83.0,4.0,0
10.800,2,1,-83.0,4.0,0
10.800,2,1,-83.0,4.0,0
10.900,0,2,0.0,-11.0,0
10.900,0,2,0.0,-11.0,0
10.900,0,2,0.0,-11.0,0
10.900,0,2,0.0,-11.0,0
10.900,0,2,0.0,-11.0,0
10.900,0,2,0.0,-11.0,0
10.900,0,2,0.0,-11.0,0
10.900,0,2,0.0,-11.0,0
10.900,0,2,0.0,-11.0,0
10.900,0,2,0.0,-11.0,0
11.000,0,2,0.0,-11.0,0
11.000,0,2,0.0,-11.0,0
11.000,0,2,0.0,-11.0,0
11.000,0,2,0.0,-11.0,0
11.000,0,2,0.0,-11.0,0
11.000,0,2,0.0,-11.0,0
11.000,0,2,0.0,-11.0,0
11.000,0,2,0.0,-11.0,0
11.000,0,2,0.0,-11.0,0
11.000,0,2,0.0,-11.0,0
11.000,0,2,0.0,-11.0,0
11.100,0,2,0.0,-11.0,0
11.100,0,2,0.0,-11.0,0
11.100,0,2,0.0,-11.0,0
11.100,0,2,0.0,-11.0,0
11.100,0,2,0.0,-11.0,0
11.100,0,2,0.0,-11.0,0
11.100,0,2,0.0,-11.0,0
11.100,0,2,0.0,-11.0,0
11.100,0,2,0.0,-11.0,0
11.100,0,2,0.0,-11.0,0
11.200,0,2,0.0,-11.0,0
11.200,0,2,0.0,-11.0,0
11.200,0,2,0.0,-11.0,0
11.200,0,2,0.0,-11.0,0
11.200,0,2,0.0,-11.0,0
11.200,0,2,0.0,-11.0,0
11.200,0,2,0.0,-11.0,0
11.200,0,2,0.0,-11.0,0
11.200,0,2,0.0,-11.0,0
11.200,0,2,0.0,-11.0,0
11.200,0,2,0.0,-11.0,0
11.300,0,2,0.0,-11.0,0
11.300,0,2,0.0,-11.0,0
11.300,0,2,0.0,-11.0,0
11.300,0,2,0.0,-11.0,0
11.300,0,2,0.0,-11.0,0
11.300,0,2,0.0,-11.0,0
11.300,0,2,0.0,-11.0,0
11.300,0,2,0.0,-11.0,0
11.300,0,2,0.0,-11.0,0
11.300,0,2,0.0,-11.0,0
11.400,0,2,0.0,-11.0,0
11.400,0,2,0.0,-11.0,0
11.400,0,2,0.0,-11.0,0
11.400,0,2,0.0,-11.0,0
11.400,0,2,0.0,-11.0,0
11.400,0,2,0.0,-11.0,0
11.400,0,2,0.0,-11.0,0
11.400,0,2,0.0,-11.0,0
11.400,0,2,0.0,-11.0,0
11.400,0,2,0.0,-11.0,0
11.400,0,2,0.0,-11.0,0
11.500,0,2,0.0,-11.0,0
11.500,0,2,0.0,-11.0,0
11.500,0,2,0.0,-11.0,0
11.500,0,2,0.0,-11.0,0
11.500,0,2,0.0,-11.0,0
11.500,0,2,0.0,-11.0,0
11.500,0,2,0.0,-11.0,0
11.500,0,2,0.0,-11.0,0
11.500,0,2,0.0,-11.0,0
11.500,0,2,0.0,-11.0,0
11.600,0,2,0.0,-11.0,0
11.600,0,2,0.0,-11.0,0
11.600,0,2,0.0,-11.0,0
11.600,0,2,0.0,-11.0,0
11.600,0,2,0.0,-11.0,0
11.600,0,2,0.0,-11.0,0
11.600,0,2,0.0,-11.0,0
11.600,0,2,0.0,-11.0,0
11.600,0,2,0.0,-11.0,0
11.600,0,2,0.0,-11.0,0
11.700,0,2,0.0,-11.0,0
11.700,0,2,0.0,-11.0,0
11.700,0,2,0.0,-11.0,0
11.700,0,2,0.0,-11.0,0
11.700,0,2,0.0,-11.0,0
11.700,0,2,0.0,-11.0,0
11.700,0,2,0.0,-11.0,0
11.700,0,2,0.0,-11.0,0
11.700,0,2,0.0,-11.0,0
11.700,0,2,0.0,-11.0,0
11.700,0,2,0.0,-11.0,0
11.800,0,2,0.0,-11.0,0
11.800,0,2,0.0,-11.0,0
11.800,0,2,0.0,-11.0,0
11.800,0,2,0.0,-11.0,0
11.800,0,2,0.0,-11.0,0
11.800,0,2,0.0,-11.0,0
11.800,0,2,0.0,-11.0,0
11.800,0,2,0.0,-11.0,0
11.800,0,2,0.0,-11.0,0
11.800,0,2,0.0,-11.0,0
11.900,0,2,0.0,-11.0,0
11.900,0,2,0.0,-11.0,0
11.900,0,2,0.0,-11.0,0
11.900,0,2,0.0,-11.0,0
11.900,0,2,0.0,-11.0,0
11.900,0,2,0.0,-11.0,0
11.900,0,2,0.0,-11.0,0
11.900,0,2,0.0,-11.0,0
11.900,0,2,0.0,-11.0,0
11.900,0,2,0.0,-11.0,0
11.900,0,2,0.0,-11.0,0
12.000,0,2,0.0,-11.0,0
12.000,0,2,0.0,-11.0,0
12.000,0,2,0.0,-11.0,0
12.000,0,2,0.0,-11.0,0
12.000,0,2,0.0,-11.0,0
12.000,0,2,0.0,-11.0,0
12.000,0,2,0.0,-11.0,0
12.000,0,2,0.0,-11.0,0
12.000,0,2,0.0,-11.0,0
12.000,0,2,0.0,-11.0,0
12.100,0,2,0.0,-11.0,0
12.100,0,2,0.0,-11.0,0
12.100,0,2,0.0,-11.0,0
12.100,0,2,0.0,-11.0,0
12.100,0,2,0.0,-11.0,0
12.100,0,2,0.0,-11.0,0
12.100,0,2,0.0,-11.0,0
12.100,0,2,0.0,-11.0,0
12.100,0,2,0.0,-11.0,0
12.100,0,2,0.0,-11.0,0
12.100,0,2,0.0,-11.0,0
12.200,0,2,0.0,-11.0,0
12.200,0,2,0.0,-11.0,0
12.200,0,2,0.0,-11.0,0
12.200,0,2,0.0,-11.0,0
12.200,0,2,0.0,-11.0,0
12.200,0,2,0.0,-11.0,0
12.200,0,2,0.0,-11.0,0
12.200,0,2,0.0,-11.0,0
12.200,0,2,0.0,-11.0,0
12.200,0,2,0.0,-11.0,0
12.300,0,2,0.0,-11.0,0
12.300,0,2,0.0,-11.0,0
12.300,0,2,0.0,-11.0,0
12.300,0,2,0.0,-11.0,0
12.300,0,2,0.0,-11.0,0
12.300,0,2,0.0,-11.0,0
12.300,0,2,0.0,-11.0,0
12.300,0,2,0.0,-11.0,0
12.300,0,2,0.0,-11.0,0
12.300,0,2,0.0,-11.0,0
12.400,0,2,0.0,-11.0,0
12.400,0,2,0.0,-11.0,0
12.400,0,2,0.0,-11.0,0
12.400,0,2,0.0,-11.0,0
12.400,0,2,0.0,-11.0,0
12.400,0,2,0.0,-11.0,0
12.400,0,2,0.0,-11.0,0
12.400,0,2,0.0,-11.0,0
12.400,0,2,0.0,-11.0,0
12.400,0,2,0.0,-11.0,0
12.400,0,2,0.0,-11.0,0
12.500,0,2,0.0,-11.0,0
12.500,0,2,0.0,-11.0,0
12.500,0,2,0.0,-11.0,0
12.500,0,2,0.0,-11.0,0
12.500,0,2,0.0,-11.0,0
12.500,0,2,0.0,-11.0,0
12.500,0,2,0.0,-11.0,0
12.500,0,2,0.0,-11.0,0
12.500,0,2,0.0,-11.0,0
12.500,0,2,0.0,-11.0,0
12.600,0,2,0.0,-11.0,0
12.600,0,2,0.0,-11.0,0
12.600,0,2,0.0,-11.0,0
12.600,0,2,0.0,-11.0,0
12.600,0,2,0.0,-11.0,0
12.600,0,2,0.0,-11.0,0
12.600,0,2,0.0,-11.0,0
12.600,0,2,0.0,-11.0,0
12.600,0,2,0.0,-11.0,0
12.600,0,2,0.0,-11.0,0
12.600,0,2,0.0,-11.0,0
12.700,0,2,0.0,-11.0,0
12.700,0,2,0.0,-11.0,0
12.700,0,2,0.0,-11.0,0
12.700,0,2,0.0,-11.0,0
12.700,0,2,0.0,-11.0,0
12.700,0,2,0.0,-11.0,0
12.700,0,2,0.0,-11.0,0
12.700,0,2,0.0,-11.0,0
12.700,0,2,0.0,-11.0,0
12.700,0,2,0.0,-11.0,0
12.800,0,2,0.0,-11.0,0
12.800,0,2,0.0,-11.0,0
12.800,0,2,0.0,-11.0,0
12.800,0,2,0.0,-11.0,0
12.800,0,2,0.0,-11.0,0
12.800,0,2,0.0,-11.0,0
12.800,0,2,0.0,-11.0,0
12.800,0,2,0.0,-11.0,0
12.800,0,2,0.0,-11.0,0
12.800,0,2,0.0,-11.0,0
12.800,0,2,0.0,-11.0,0
12.900,0,2,0.0,-11.0,0
12.900,0,2,0.0,-11.0,0
12.900,0,2,0.0,-11.0,0
12.900,0,2,0.0,-11.0,0
12.900,0,2,0.0,-11.0,0
12.900,0,2,0.0,-11.0,0
12.900,0,2,0.0,-11.0,0
12.900,0,2,0.0,-11.0,0
12.900,0,2,0.0,-11.0,0
12.900,0,2,0.0,-11.0,0
13.000,0,2,0.0,-11.0,0
13.000,0,2,0.0,-11.0,0
13.000,0,2,0.0,-11.0,0
13.000,0,2,0.0,-11.0,0
13.000,0,2,0.0,-11.0,0
13.000,0,2,0.0,-11.0,0
13.000,0,2,0.0,-11.0,0
13.000,0,2,0.0,-11.0,0
13.000,0,2,0.0,-11.0,0
13.000,0,2,0.0,-11.0,0
13.000,0,2,0.0,-11.0,0
13.100,0,2,0.0,-11.0,0
13.100,0,2,0.0,-11.0,0
13.100,0,2,0.0,-11.0,0
13.100,0,2,0.0,-11.0,0
13.100,0,2,0.0,-11.0,0
13.100,0,2,0.0,-11.0,0
13.100,0,2,0.0,-11.0,0
13.100,0,2,0.0,-11.0,0
13.100,0,2,0.0,-11.0,0
13.100,0,2,0.0,-11.0,0
13.200,0,2,0.0,-11.0,0
13.200,0,2,0.0,-11.0,0
13.200,0,2,0.0,-11.0,0
13.200,0,2,0.0,-11.0,0
13.200,0,2,0.0,-11.0,0
13.200,0,2,0.0,-11.0,0
13.200,0,2,0.0,-11.0,0
13.200,0,2,0.0,-11.0,0
13.200,0,2,0.0,-11.0,0
13.200,0,2,0.0,-11.0,0
13.300,0,2,0.0,-11.0,0
13.300,0,2,0.0,-11.0,0
13.300,0,2,0.0,-11.0,0
13.300,0,2,0.0,-11.0,0
13.300,0,2,0.0,-11.0,0
13.300,0,2,0.0,-11.0,0
13.300,0,2,0.0,-11.0,0
13.300,0,2,0.0,-11.0,0
13.300,0,2,0.0,-11.0,0
13.300,0,2,0.0,-11.0,0
13.300,0,2,0.0,-11.0,0
13.400,0,2,0.0,-11.0,0
13.400,0,2,0.0,-11.0,0
13.400,0,2,0.0,-11.0,0
13.400,0,2,0.0,-11.0,0
13.400,0,2,0.0,-11.0,0
13.400,0,2,0.0,-11.0,0
13.400,0,2,0.0,-11.0,0
13.400,0,2,0.0,-11.0,0
13.400,0,2,0.0,-11.0,0
13.400,0,2,0.0,-11.0,0
13.500,0,2,0.0,-11.0,0
13.500,0,2,0.0,-11.0,0
13.500,0,2,0.0,-11.0,0
13.500,0,2,0.0,-11.0,0
13.500,0,2,0.0,-11.0,0
13.500,0,2,0.0,-11.0,0
13.500,0,2,0.0,-11.0,0
13.500,0,2,0.0,-11.0,0
13.500,0,2,0.0,-11.0,0
13.500,0,2,0.0,-11.0,0
13.500,0,2,0.0,-11.0,0
13.600,0,2,0.0,-11.0,0
13.600,0,2,0.0,-11.0,0
13.600,0,2,0.0,-11.0,0
13.600,0,2,0.0,-11.0,0
13.600,0,2,0.0,-11.0,0
13.600,0,2,0.0,-11.0,0
13.600,0,2,0.0,-11.0,0
13.600,0,2,0.0,-11.0,0
13.600,0,2,0.0,-11.0,0
13.600,0,2,0.0,-11.0,0
13.700,0,2,0.0,-11.0,0
13.700,0,2,0.0,-11.0,0
13.700,0,2,0.0,-11.0,0
13.700,0,2,0.0,-11.0,0
13.700,0,2,0.0,-11.0,0
13.700,0,2,0.0,-11.0,0
13.700,0,2,0.0,-11.0,0
13.700,0,2,0.0,-11.0,0
13.700,0,2,0.0,-11.0,0
13.700,0,2,0.0,-11.0,0
13.700,0,2,0.0,-11.0,0
13.800,0,2,0.0,-11.0,0
13.800,0,2,0.0,-11.0,0
13.800,0,2,0.0,-11.0,0
13.800,0,2,0.0,-11.0,0
13.800,0,2,0.0,-11.0,0
13.800,0,2,0.0,-11.0,0
13.800,0,2,0.0,-11.0,0
13.800,0,2,0.0,-11.0,0
13.800,0,2,0.0,-11.0,0
13.800,0,2,0.0,-11.0,0
13.900,0,2,0.0,-11.0,0
13.900,0,2,0.0,-11.0,0
13.900,0,2,0.0,-11.0,0
13.900,0,2,0.0,-11.0,0
13.900,0,2,0.0,-11.0,0
13.900,0,2,0.0,-11.0,0
13.900,0,2,0.0,-11.0,0
13.900,0,2,0.0,-11.0,0
13.900,0,2,0.0,-11.0,0
13.900,0,2,0.0,-11.0,0
14.000,0,2,0.0,-11.0,0
14.000,0,2,0.0,-11.0,0
14.000,0,2,0.0,-11.0,0
14.000,0,2,0.0,-11.0,0
14.000,0,2,0.0,-11.0,0
14.000,0,2,0.0,-11.0,0
14.000,0,2,0.0,-11.0,0
14.000,0,2,0.0,-11.0,0
14.000,0,2,0.0,-11.0,0
14.000,0,2,0.0,-11.0,0
14.000,0,2,0.0,-11.0,0
14.100,0,2,0.0,-11.0,0
14.100,0,2,0.0,-11.0,0
14.100,0,2,0.0,-11.0,0
14.100,0,2,0.0,-11.0,0
14.100,0,2,0.0,-11.0,0
14.100,0,2,0.0,-11.0,0
14.100,0,2,0.0,-11.0,0
14.100,0,2,0.0,-11.0,0
14.100,0,2,0.0,-11.0,0
14.100,0,2,0.0,-11.0,0
14.200,0,2,0.0,-11.0,0
14.200,0,2,0.0,-11.0,0
14.200,0,2,0.0,-11.0,0
14.200,0,2,0.0,-11.0,0
14.200,0,2,0.0,-11.0,0
14.200,0,2,0.0,-11.0,0
14.200,0,2,0.0,-11.0,0
14.200,0,2,0.0,-11.0,0
14.200,0,2,0.0,-11.0,0
14.200,0,2,0.0,-11.0,0
14.200,0,2,0.0,-11.0,0
14.300,0,2,0.0,-11.0,0
14.300,0,2,0.0,-11.0,0
14.300,0,2,0.0,-11.0,0
14.300,0,2,0.0,-11.0,0
14.300,0,2,0.0,-11.0,0
14.300,0,2,0.0,-11.0,0
14.300,0,2,0.0,-11.0,0
14.300,0,2,0.0,-11.0,0
14.300,0,2,0.0,-11.0,0
14.300,0,2,0.0,-11.0,0
14.400,0,2,0.0,-11.0,0
14.400,0,2,0.0,-11.0,0
14.400,0,2,0.0,-11.0,0
14.400,0,2,0.0,-11.0,0
14.400,0,2,0.0,-11.0,0
14.400,0,2,0.0,-11.0,0
14.400,0,2,0.0,-11.0,0
14.400,0,2,0.0,-11.0,0
14.400,0,2,0.0,-11.0,0
14.400,0,2,0.0,-11.0,0
14.400,0,2,0.0,-11.0,0
14.500,0,2,0.0,-11.0,0
14.500,0,2,0.0,-11.0,0
14.500,0,2,0.0,-11.0,0
14.500,0,2,0.0,-11.0,0
14.500,0,2,0.0,-11.0,0
14.500,0,2,0.0,-11.0,0
14.500,0,2,0.0,-11.0,0
14.500,0,2,0.0,-11.0,0
14.500,0,2,0.0,-11.0,0
14.500,0,2,0.0,-11.0,0
14.600,0,2,0.0,-11.0,0
14.600,0,2,0.0,-11.0,0
14.600,0,2,0.0,-11.0,0
14.600,0,2,0.0,-11.0,0
14.600,0,2,0.0,-11.0,0
14.600,0,2,0.0,-11.0,0
14.600,0,2,0.0,-11.0,0
14.600,0,2,0.0,-11.0,0
14.600,0,2,0.0,-11.0,0
14.600,0,2,0.0,-11.0,0
14.700,0,2,0.0,-11.0,0
14.700,0,2,0.0,-11.0,0
14.700,0,2,0.0,-11.0,0
14.700,0,2,0.0,-11.0,0
14.700,0,2,0.0,-11.0,0
14.700,0,2,0.0,-11.0,0
14.700,0,2,0.0,-11.0,0
14.700,0,2,0.0,-11.0,0
14.700,0,2,0.0,-11.0,0
14.700,0,2,0.0,-11.0,0
14.700,0,2,0.0,-11.0,0
14.800,0,2,0.0,-11.0,0
14.800,0,2,0.0,-11.0,0
14.800,0,2,0.0,-11.0,0
14.800,0,2,0.0,-11.0,0
14.800,0,2,0.0,-11.0,0
14.800,0,2,0.0,-11.0,0
14.800,0,2,0.0,-11.0,0
14.800,0,2,0.0,-11.0,0
14.800,0,2,0.0,-11.0,0
14.800,0,2,0.0,-11.0,0
14.900,0,2,0.0,-11.0,0
14.900,0,2,0.0,-11.0,0
14.900,0,2,0.0,-11.0,0
14.900,0,2,0.0,-11.0,0
14.900,0,2,0.0,-11.0,0
14.900,0,2,0.0,-11.0,0
14.900,0,2,0.0,-11.0,0
14.900,0,2,0.0,-11.0,0
14.900,0,2,0.0,-11.0,0
14.900,0,2,0.0,-11.0,0
14.900,0,2,0.0,-11.0,0
15.000,0,2,0.0,-11.0,0
15.000,0,2,0.0,-11.0,0
15.000,0,2,0.0,-11.0,0
15.000,0,2,0.0,-11.0,0
15.000,0,2,0.0,-11.0,0
15.000,0,2,0.0,-11.0,0
15.000,0,2,0.0,-11.0,0
15.000,0,2,0.0,-11.0,0
15.000,0,2,0.0,-11.0,0
15.000,0,2,0.0,-11.0,0
15.100,0,2,0.0,-11.0,0
15.100,0,2,0.0,-11.0,0
15.100,0,2,0.0,-11.0,0
15.100,0,2,0.0,-11.0,0
15.100,0,2,0.0,-11.0,0
15.100,0,2,0.0,-11.0,0
15.100,0,2,0.0,-11.0,0
15.100,0,2,0.0,-11.0,0
15.100,0,2,0.0,-11.0,0
15.100,0,2,0.0,-11.0,0
15.100,0,2,0.0,-11.0,0
15.200,0,2,0.0,-11.0,0
15.200,0,2,0.0,-11.0,0
15.200,0,2,0.0,-11.0,0
15.200,0,2,0.0,-11.0,0
15.200,0,2,0.0,-11.0,0
15.200,0,2,0.0,-11.0,0
15.200,0,2,0.0,-11.0,0
15.200,0,2,0.0,-11.0,0
15.200,0,2,0.0,-11.0,0
15.200,0,2,0.0,-11.0,0
15.300,0,2,0.0,-11.0,0
15.300,0,2,0.0,-11.0,0
15.300,0,2,0.0,-11.0,0
15.300,0,2,0.0,-11.0,0
15.300,0,2,0.0,-11.0,0
15.300,0,2,0.0,-11.0,0
15.300,0,2,0.0,-11.0,0
15.300,0,2,0.0,-11.0,0
15.300,0,2,0.0,-11.0,0
15.300,0,2,0.0,-11.0,0
15.300,0,2,0.0,-11.0,0
15.400,0,2,0.0,-11.0,0
15.400,0,2,0.0,-11.0,0
15.400,0,2,0.0,-11.0,0
15.400,0,2,0.0,-11.0,0
15.400,0,2,0.0,-11.0,0
15.400,0,2,0.0,-11.0,0
15.400,0,2,0.0,-11.0,0
15.400,0,2,0.0,-11.0,0
15.400,0,2,0.0,-11.0,0
15.400,0,2,0.0,-11.0,0
15.500,0,2,0.0,-11.0,0
15.500,0,2,0.0,-11.0,0
15.500,0,2,0.0,-11.0,0
15.500,0,2,0.0,-11.0,0
15.500,0,2,0.0,-11.0,0
15.500,0,2,0.0,-11.0,0
15.500,0,2,0.0,-11.0,0
15.500,0,2,0.0,-11.0,0
15.500,0,2,0.0,-11.0,0
15.500,0,2,0.0,-11.0,0
15.600,0,2,0.0,-11.0,0
15.600,0,2,0.0,-11.0,0
15.600,0,2,0.0,-11.0,0
15.600,0,2,0.0,-11.0,0
15.600,0,2,0.0,-11.0,0
15.600,0,2,0.0,-11.0,0
15.600,0,2,0.0,-11.0,0
15.600,0,2,0.0,-11.0,0
15.600,0,2,0.0,-11.0,0
15.600,0,2,0.0,-11.0,0
15.600,0,2,0.0,-11.0,0
15.700,0,2,0.0,-11.0,0
15.700,0,2,0.0,-11.0,0
15.700,0,2,0.0,-11.0,0
15.700,0,2,0.0,-11.0,0
15.700,0,2,0.0,-11.0,0
15.700,0,2,0.0,-11.0,0
15.700,0,2,0.0,-11.0,0
15.700,0,2,0.0,-11.0,0
15.700,0,2,0.0,-11.0,0
15.700,0,2,0.0,-11.0,0
15.800,0,2,0.0,-11.0,0
15.800,0,2,0.0,-11.0,0
15.800,0,2,0.0,-11.0,0
15.800,0,2,0.0,-11.0,0
15.800,0,2,0.0,-11.0,0
15.800,0,2,0.0,-11.0,0
15.800,0,2,0.0,-11.0,0
15.800,0,2,0.0,-11.0,0
15.800,0,2,0.0,-11.0,0
15.800,0,2,0.0,-11.0,0
15.800,0,2,0.0,-11.0,0
15.900,0,2,0.0,-11.0,0
15.900,0,2,0.0,-11.0,0
15.900,0,2,0.0,-11.0,0
15.900,0,2,0.0,-11.0,0
15.900,0,2,0.0,-11.0,0
15.900,0,2,0.0,-11.0,0
15.900,0,2,0.0,-11.0,0
15.900,0,2,0.0,-11.0,0
15.900,0,2,0.0,-11.0,0
15.900,0,2,0.0,-11.0,0
16.000,0,2,0.0,-11.0,0
16.000,0,2,0.0,-11.0,0
16.000,0,2,0.0,-11.0,0
16.000,0,2,0.0,-11.0,0
16.000,0,2,0.0,-11.0,0
16.000,0,2,0.0,-11.0,0
16.000,0,2,0.0,-11.0,0
16.000,0,2,0.0,-11.0,0
16.000,0,2,0.0,-11.0,0
16.000,0,2,0.0,-11.0,0
16.000,0,2,0.0,-11.0,0
16.100,0,2,0.0,-11.0,0
16.100,0,2,0.0,-11.0,0
16.100,0,2,0.0,-11.0,0
16.100,0,2,0.0,-11.0,0
16.100,0,2,0.0,-11.0,0
16.100,0,2,0.0,-11.0,0
16.100,0,2,0.0,-11.0,0
16.100,0,2,0.0,-11.0,0
16.100,0,2,0.0,-11.0,0
16.100,0,2,0.0,-11.0,0
16.200,0,2,0.0,-11.0,0
16.200,0,2,0.0,-11.0,0
16.200,0,2,0.0,-11.0,0
16.200,0,2,0.0,-11.0,0
16.200,0,2,0.0,-11.0,0
16.200,0,2,0.0,-11.0,0
16.200,0,2,0.0,-11.0,0
16.200,0,2,0.0,-11.0,0
16.200,0,2,0.0,-11.0,0
16.200,0,2,0.0,-11.0,0
16.300,0,2,0.0,-11.0,0
16.300,0,2,0.0,-11.0,0
16.300,0,2,0.0,-11.0,0
16.300,0,2,0.0,-11.0,0
16.300,0,2,0.0,-11.0,0
16.300,0,2,0.0,-11.0,0
16.300,0,2,0.0,-11.0,0
16.300,0,2,0.0,-11.0,0
16.300,0,2,0.0,-11.0,0
16.300,0,2,0.0,-11.0,0
16.300,0,2,0.0,-11.0,0
16.400,0,2,0.0,-11.0,0
16.400,0,2,0.0,-11.0,0
16.400,0,2,0.0,-11.0,0
16.400,0,2,0.0,-11.0,0
16.400,0,2,0.0,-11.0,0
16.400,0,2,0.0,-11.0,0
16.400,0,2,0.0,-11.0,0
16.400,0,2,0.0,-11.0,0
16.400,0,2,0.0,-11.0,0
16.400,0,2,0.0,-11.0,0
16.500,0,2,0.0,-11.0,0
16.500,0,2,0.0,-11.0,0
16.500,0,2,0.0,-11.0,0
16.500,0,2,0.0,-11.0,0
16.500,0,2,0.0,-11.0,0
16.500,0,2,0.0,-11.0,0
16.500,0,2,0.0,-11.0,0
16.500,0,2,0.0,-11.0,0
16.500,0,2,0.0,-11.0,0
16.500,0,2,0.0,-11.0,0
16.500,0,2,0.0,-11.0,0
16.600,0,2,0.0,-11.0,0
16.600,0,2,0.0,-11.0,0
16.600,0,2,0.0,-11.0,0
16.600,0,2,0.0,-11.0,0
16.600,0,2,0.0,-11.0,0
16.600,0,2,0.0,-11.0,0
16.600,0,2,0.0,-11.0,0
16.600,0,2,0.0,-11.0,0
16.600,0,2,0.0,-11.0,0
16.600,0,2,0.0,-11.0,0
16.700,0,2,0.0,-11.0,0
16.700,0,2,0.0,-11.0,0
16.700,0,2,0.0,-11.0,0
16.700,0,2,0.0,-11.0,0
16.700,0,2,0.0,-11.0,0
16.700,0,2,0.0,-11.0,0
16.700,0,2,0.0,-11.0,0
16.700,0,2,0.0,-11.0,0
16.700,0,2,0.0,-11.0,0
16.700,0,2,0.0,-11.0,0
16.700,0,2,0.0,-11.0,0
16.800,0,2,0.0,-11.0,0
16.800,0,2,0.0,-11.0,0
16.800,0,2,0.0,-11.0,0
16.800,0,2,0.0,-11.0,0
16.800,0,2,0.0,-11.0,0
16.800,0,2,0.0,-11.0,0
16.800,0,2,0.0,-11.0,0
16.800,0,2,0.0,-11.0,0
16.800,0,2,0.0,-11.0,0
16.800,0,2,0.0,-11.0,0
16.900,0,2,0.0,-11.0,0
16.900,0,2,0.0,-11.0,0
16.900,0,2,0.0,-11.0,0
16.900,0,2,0.0,-11.0,0
16.900,0,2,0.0,-11.0,0
16.900,0,2,0.0,-11.0,0
16.900,0,2,0.0,-11.0,0
16.900,0,2,0.0,-11.0,0
16.900,0,2,0.0,-11.0,0
16.900,0,2,0.0,-11.0,0
17.000,0,2,0.0,-11.0,0
17.000,0,2,0.0,-11.0,0
17.000,0,2,0.0,-11.0,0
17.000,0,2,0.0,-11.0,0
17.000,0,2,0.0,-11.0,0
17.000,0,2,0.0,-11.0,0
17.000,0,2,0.0,-11.0,0
17.000,0,2,0.0,-11.0,0
17.000,0,2,0.0,-11.0,0
17.000,0,2,0.0,-11.0,0
17.000,0,2,0.0,-11.0,0
17.100,0,2,0.0,-11.0,0
17.100,0,2,0.0,-11.0,0
17.100,0,2,0.0,-11.0,0
17.100,0,2,0.0,-11.0,0
17.100,0,2,0.0,-11.0,0
17.100,0,2,0.0,-11.0,0
17.100,0,2,0.0,-11.0,0
17.100,0,2,0.0,-11.0,0
17.100,0,2,0.0,-11.0,0
17.100,0,2,0.0,-11.0,0
17.200,0,2,0.0,-11.0,0
17.200,0,2,0.0,-11.0,0
17.200,0,2,0.0,-11.0,0
17.200,0,2,0.0,-11.0,0
17.200,0,2,0.0,-11.0,0
17.200,0,2,0.0,-11.0,0
17.200,0,2,0.0,-11.0,0
17.200,0,2,0.0,-11.0,0
17.200,0,2,0.0,-11.0,0
17.200,0,2,0.0,-11.0,0
17.200,0,2,0.0,-11.0,0
17.300,0,2,0.0,-11.0,0
17.300,0,2,0.0,-11.0,0
17.300,0,2,0.0,-11.0,0
17.300,0,2,0.0,-11.0,0
17.300,0,2,0.0,-11.0,0
17.300,0,2,0.0,-11.0,0
17.300,0,2,0.0,-11.0,0
17.300,0,2,0.0,-11.0,0
17.300,0,2,0.0,-11.0,0
17.300,0,2,0.0,-11.0,0
17.400,0,2,0.0,-11.0,0
17.400,0,2,0.0,-11.0,0
17.400,0,2,0.0,-11.0,0
17.400,0,2,0.0,-11.0,0
17.400,0,2,0.0,-11.0,0
17.400,0,2,0.0,-11.0,0
17.400,0,2,0.0,-11.0,0
17.400,0,2,0.0,-11.0,0
17.400,0,2,0.0,-11.0,0
17.400,0,2,0.0,-11.0,0
17.400,0,2,0.0,-11.0,0
17.500,1,2,91.0,-3.0,0
17.500,1,2,91.0,-3.0,0
17.500,1,2,91.0,-3.0,0
17.500,1,2,91.0,-3.0,0
17.500,1,2,91.0,-3.0,0
17.500,1,2,91.0,-3.0,0
17.500,1,2,91.0,-3.0,0
17.500,1,2,91.0,-3.0,0
17.500,1,2,91.0,-3.0,0
17.500,1,2,91.0,-3.0,0
17.600,1,2,91.0,-3.0,0
17.600,1,2,91.0,-3.0,0
17.600,1,2,91.0,-3.0,0
17.600,1,2,91.0,-3.0,0
17.600,1,2,91.0,-3.0,0
17.600,1,2,91.0,-3.0,0
17.600,1,2,91.0,-3.0,0
17.600,1,2,91.0,-3.0,0
17.600,1,2,91.0,-3.0,0
17.600,1,2,91.0,-3.0,0
17.600,1,2,91.0,-3.0,0
17.700,1,2,91.0,-3.0,0
17.700,1,2,91.0,-3.0,0
17.700,1,2,91.0,-3.0,0
17.700,1,2,91.0,-3.0,0
17.700,1,2,91.0,-3.0,0
17.700,1,2,91.0,-3.0,0
17.700,1,2,91.0,-3.0,0
17.700,1,2,91.0,-3.0,0
17.700,1,2,91.0,-3.0,0
17.700,1,2,91.0,-3.0,0
17.800,1,2,91.0,-3.0,0
17.800,1,2,91.0,-3.0,0
17.800,1,2,91.0,-3.0,0
17.800,1,2,91.0,-3.0,0
17.800,1,2,91.0,-3.0,0
17.800,1,2,91.0,-3.0,0
17.800,1,2,91.0,-3.0,0
17.800,1,2,91.0,-3.0,0
17.800,1,2,91.0,-3.0,0
17.800,1,2,91.0,-3.0,0
17.900,1,2,91.0,-3.0,0
17.900,1,2,91.0,-3.0,0
17.900,1,2,91.0,-3.0,0
17.900,1,2,91.0,-3.0,0
17.900,1,2,91.0,-3.0,0
17.900,1,2,91.0,-3.0,0
17.900,1,2,91.0,-3.0,0
17.900,1,2,91.0,-3.0,0
17.900,1,2,91.0,-3.0,0
17.900,1,2,91.0,-3.0,0
17.900,1,2,91.0,-3.0,0
18.000,1,2,91.0,-3.0,0
18.000,1,2,91.0,-3.0,0
18.000,1,2,91.0,-3.0,0
18.000,1,2,91.0,-3.0,0
18.000,1,2,91.0,-3.0,0
18.000,1,2,91.0,-3.0,0
18.000,1,2,91.0,-3.0,0
18.000,1,2,91.0,-3.0,0
18.000,1,2,91.0,-3.0,0
18.000,1,2,91.0,-3.0,0
18.100,1,2,91.0,-3.0,0
18.100,1,2,91.0,-3.0,0
18.100,1,2,91.0,-3.0,0
18.100,1,2,91.0,-3.0,0
18.100,1,2,91.0,-3.0,0
18.100,1,2,91.0,-3.0,0
18.100,1,2,91.0,-3.0,0
18.100,1,2,91.0,-3.0,0
18.100,1,2,91.0,-3.0,0
18.100,1,2,91.0,-3.0,0
18.100,1,2,91.0,-3.0,0
18.200,1,2,91.0,-3.0,0
18.200,1,2,91.0,-3.0,0
18.200,1,2,91.0,-3.0,0
18.200,1,2,91.0,-3.0,0
18.200,1,2,91.0,-3.0,0
18.200,1,2,91.0,-3.0,0
18.200,1,2,91.0,-3.0,0
18.200,1,2,91.0,-3.0,0
18.200,1,2,91.0,-3.0,0
18.200,1,2,91.0,-3.0,0
18.300,1,2,91.0,-3.0,0
18.300,1,2,91.0,-3.0,0
18.300,1,2,91.0,-3.0,0
18.300,1,2,91.0,-3.0,0
18.300,1,2,91.0,-3.0,0
18.300,1,2,91.0,-3.0,0
18.300,1,2,91.0,-3.0,0
18.300,1,2,91.0,-3.0,0
18.300,1,2,91.0,-3.0,0
18.300,1,2,91.0,-3.0,0
18.300,1,2,91.0,-3.0,0
18.400,1,2,91.0,-3.0,0
18.400,1,2,91.0,-3.0,0
18.400,1,2,91.0,-3.0,0
18.400,1,2,91.0,-3.0,0
18.400,1,2,91.0,-3.0,0
18.400,1,2,91.0,-3.0,0
18.400,1,2,91.0,-3.0,0
18.400,1,2,91.0,-3.0,0
18.400,1,2,91.0,-3.0,0
18.400,1,2,91.0,-3.0,0
18.500,1,2,91.0,-3.0,0
18.500,1,2,91.0,-3.0,0
18.500,1,2,91.0,-3.0,0
18.500,1,2,91.0,-3.0,0
18.500,1,2,91.0,-3.0,0
18.500,1,2,91.0,-3.0,0
18.500,1,2,91.0,-3.0,0
18.500,1,2,91.0,-3.0,0
18.500,1,2,91.0,-3.0,0
18.500,1,2,91.0,-3.0,0
18.600,1,2,91.0,-3.0,0
18.600,1,2,91.0,-3.0,0
18.600,1,2,91.0,-3.0,0
18.600,1,2,91.0,-3.0,0
18.600,1,2,91.0,-3.0,0
18.600,1,2,91.0,-3.0,0
18.600,1,2,91.0,-3.0,0
18.600,1,2,91.0,-3.0,0
18.600,1,2,91.0,-3.0,0
18.600,1,2,91.0,-3.0,0
18.600,1,2,91.0,-3.0,0
18.700,1,2,91.0,-3.0,0
18.700,1,2,91.0,-3.0,0
18.700,1,2,91.0,-3.0,0
18.700,1,2,91.0,-3.0,0
18.700,1,2,91.0,-3.0,0
18.700,1,2,91.0,-3.0,0
18.700,1,2,91.0,-3.0,0
18.700,1,2,91.0,-3.0,0
18.700,1,2,91.0,-3.0,0
18.700,1,2,91.0,-3.0,0
18.800,1,2,91.0,-3.0,0
18.800,1,2,91.0,-3.0,0
18.800,1,2,91.0,-3.0,0
18.800,1,2,91.0,-3.0,0
18.800,1,2,91.0,-3.0,0
18.800,1,2,91.0,-3.0,0
18.800,1,2,91.0,-3.0,0
18.800,1,2,91.0,-3.0,0
18.800,1,2,91.0,-3.0,0
18.800,1,2,91.0,-3.0,0
18.800,1,2,91.0,-3.0,0
18.900,1,2,91.0,-3.0,0
18.900,1,2,91.0,-3.0,0
18.900,1,2,91.0,-3.0,0
18.900,1,2,91.0,-3.0,0
18.900,1,2,91.0,-3.0,0
18.900,1,2,91.0,-3.0,0
18.900,1,2,91.0,-3.0,0
18.900,1,2,91.0,-3.0,0
18.900,1,2,91.0,-3.0,0
18.900,1,2,91.0,-3.0,0
19.000,1,2,91.0,-3.0,0
19.000,1,2,91.0,-3.0,0
19.000,1,2,91.0,-3.0,0
19.000,1,2,91.0,-3.0,0
19.000,1,2,91.0,-3.0,0
19.000,1,2,91.0,-3.0,0
19.000,1,2,91.0,-3.0,0
19.000,1,2,91.0,-3.0,0
19.000,1,2,91.0,-3.0,0
19.000,1,2,91.0,-3.0,0
19.000,1,2,91.0,-3.0,0
19.100,1,2,91.0,-3.0,0
19.100,1,2,91.0,-3.0,0
19.100,1,2,91.0,-3.0,0
19.100,1,2,91.0,-3.0,0
19.100,1,2,91.0,-3.0,0
19.100,1,2,91.0,-3.0,0
19.100,1,2,91.0,-3.0,0
19.100,1,2,91.0,-3.0,0
19.100,1,2,91.0,-3.0,0
19.100,1,2,91.0,-3.0,0
19.200,1,2,91.0,-3.0,0
19.200,1,2,91.0,-3.0,0
19.200,1,2,91.0,-3.0,0
19.200,1,2,91.0,-3.0,0
19.200,1,2,91.0,-3.0,0
19.200,1,2,91.0,-3.0,0
19.200,1,2,91.0,-3.0,0
19.200,1,2,91.0,-3.0,0
19.200,1,2,91.0,-3.0,0
19.200,1,2,91.0,-3.0,0
19.300,1,2,91.0,-3.0,0
19.300,1,2,91.0,-3.0,0
19.300,1,2,91.0,-3.0,0
19.300,1,2,91.0,-3.0,0
19.300,1,2,91.0,-3.0,0
19.300,1,2,91.0,-3.0,0
19.300,1,2,91.0,-3.0,0
19.300,1,2,91.0,-3.0,0
19.300,1,2,91.0,-3.0,0
19.300,1,2,91.0,-3.0,0
19.300,1,2,91.0,-3.0,0
19.400,1,2,91.0,-3.0,0
19.400,1,2,91.0,-3.0,0
19.400,1,2,91.0,-3.0,0
19.400,1,2,91.0,-3.0,0
19.400,1,2,91.0,-3.0,0
19.400,1,2,91.0,-3.0,0
19.400,1,2,91.0,-3.0,0
19.400,1,2,91.0,-3.0,0
19.400,1,2,91.0,-3.0,0
19.400,1,2,91.0,-3.0,0
19.500,1,2,91.0,-3.0,0
19.500,1,2,91.0,-3.0,0
19.500,1,2,91.0,-3.0,0
19.500,1,2,91.0,-3.0,0
19.500,1,2,91.0,-3.0,0
19.500,1,2,91.0,-3.0,0
19.500,1,2,91.0,-3.0,0
19.500,1,2,91.0,-3.0,0
19.500,1,2,91.0,-3.0,0
19.500,1,2,91.0,-3.0,0
19.500,1,2,91.0,-3.0,0
19.600,1,2,91.0,-3.0,0
19.600,1,2,91.0,-3.0,0
19.600,1,2,91.0,-3.0,0
19.600,1,2,91.0,-3.0,0
19.600,1,2,91.0,-3.0,0
19.600,1,2,91.0,-3.0,0
19.600,1,2,91.0,-3.0,0
19.600,1,2,91.0,-3.0,0
19.600,1,2,91.0,-3.0,0
19.600,1,2,91.0,-3.0,0
19.700,1,2,91.0,-3.0,0
19.700,1,2,91.0,-3.0,0
19.700,1,2,91.0,-3.0,0
19.700,1,2,91.0,-3.0,0
19.700,1,2,91.0,-3.0,0
19.700,1,2,91.0,-3.0,0
19.700,1,2,91.0,-3.0,0
19.700,1,2,91.0,-3.0,0
19.700,1,2,91.0,-3.0,0
19.700,1,2,91.0,-3.0,0
19.700,1,2,91.0,-3.0,0
19.800,1,2,91.0,-3.0,0
19.800,1,2,91.0,-3.0,0
19.800,1,2,91.0,-3.0,0
19.800,1,2,91.0,-3.0,0
19.800,1,2,91.0,-3.0,0
19.800,1,2,91.0,-3.0,0
19.800,1,2,91.0,-3.0,0
19.800,1,2,91.0,-3.0,0
19.800,1,2,91.0,-3.0,0
19.800,1,2,91.0,-3.0,0
19.900,1,2,91.0,-3.0,0
19.900,1,2,91.0,-3.0,0
19.900,1,2,91.0,-3.0,0
19.900,1,2,91.0,-3.0,0
19.900,1,2,91.0,-3.0,0
19.900,1,2,91.0,-3.0,0
19.900,1,2,91.0,-3.0,0
19.900,1,2,91.0,-3.0,0
19.900,1,2,91.0,-3.0,0
19.900,1,2,91.0,-3.0,0
19.900,1,2,91.0,-3.0,0
20.000,1,2,91.0,-3.0,0
20.000,1,2,91.0,-3.0,0
20.000,1,2,91.0,-3.0,0
20.000,1,2,91.0,-3.0,0
20.000,1,2,91.0,-3.0,0
20.000,1,2,91.0,-3.0,0
20.000,1,2,91.0,-3.0,0
20.000,1,2,91.0,-3.0,0
20.000,1,2,91.0,-3.0,0
20.000,1,2,91.0,-3.0,0
20.100,1,2,91.0,-3.0,0
20.100,1,2,91.0,-3.0,0
20.100,1,2,91.0,-3.0,0
20.100,1,2,91.0,-3.0,0
20.100,1,2,91.0,-3.0,0
20.100,1,2,91.0,-3.0,0
20.100,1,2,91.0,-3.0,0
20.100,1,2,91.0,-3.0,0
20.100,1,2,91.0,-3.0,0
20.100,1,2,91.0,-3.0,0
20.200,1,2,91.0,-3.0,0
20.200,1,2,91.0,-3.0,0
20.200,1,2,91.0,-3.0,0
20.200,1,2,91.0,-3.0,0
20.200,1,2,91.0,-3.0,0
20.200,1,2,91.0,-3.0,0
20.200,1,2,91.0,-3.0,0
20.200,1,2,91.0,-3.0,0
20.200,1,2,91.0,-3.0,0
20.200,1,2,91.0,-3.0,0
20.200,1,2,91.0,-3.0,0
20.300,1,2,91.0,-3.0,0
20.300,1,2,91.0,-3.0,0
20.300,1,2,91.0,-3.0,0
20.300,1,2,91.0,-3.0,0
20.300,1,2,91.0,-3.0,0
20.300,1,2,91.0,-3.0,0
20.300,1,2,91.0,-3.0,0
20.300,1,2,91.0,-3.0,0
20.300,1,2,91.0,-3.0,0
20.300,1,2,91.0,-3.0,0
20.400,1,2,91.0,-3.0,0
20.400,1,2,91.0,-3.0,0
20.400,1,2,91.0,-3.0,0
20.400,1,2,91.0,-3.0,0
20.400,1,2,91.0,-3.0,0
20.400,1,2,91.0,-3.0,0
20.400,1,2,91.0,-3.0,0
20.400,1,2,91.0,-3.0,0
20.400,1,2,91.0,-3.0,0
20.400,1,2,91.0,-3.0,0
20.400,1,2,91.0,-3.0,0
20.500,1,2,91.0,-3.0,0
20.500,1,2,91.0,-3.0,0
20.500,1,2,91.0,-3.0,0
20.500,1,2,91.0,-3.0,0
20.500,1,2,91.0,-3.0,0
20.500,1,2,91.0,-3.0,0
20.500,1,2,91.0,-3.0,0
20.500,1,2,91.0,-3.0,0
20.500,1,2,91.0,-3.0,0
20.500,1,2,91.0,-3.0,0
20.600,1,2,91.0,-3.0,0
20.600,1,2,91.0,-3.0,0
20.600,1,2,91.0,-3.0,0
20.600,1,2,91.0,-3.0,0
20.600,1,2,91.0,-3.0,0
20.600,1,2,91.0,-3.0,0
20.600,1,2,91.0,-3.0,0
20.600,1,2,91.0,-3.0,0
20.600,1,2,91.0,-3.0,0
20.600,1,2,91.0,-3.0,0
20.600,1,2,91.0,-3.0,0
20.700,1,2,91.0,-3.0,0
20.700,1,2,91.0,-3.0,0
20.700,1,2,91.0,-3.0,0
20.700,1,2,91.0,-3.0,0
20.700,1,2,91.0,-3.0,0
20.700,1,2,91.0,-3.0,0
20.700,1,2,91.0,-3.0,0
20.700,1,2,91.0,-3.0,0
20.700,1,2,91.0,-3.0,0
20.700,1,2,91.0,-3.0,0
20.800,1,2,91.0,-3.0,0
20.800,1,2,91.0,-3.0,0
20.800,1,2,91.0,-3.0,0
20.800,1,2,91.0,-3.0,0
20.800,1,2,91.0,-3.0,0
20.800,1,2,91.0,-3.0,0
20.800,1,2,91.0,-3.0,0
20.800,1,2,91.0,-3.0,0
20.800,1,2,91.0,-3.0,0
20.800,1,2,91.0,-3.0,0
20.900,1,2,91.0,-3.0,0
20.900,1,2,91.0,-3.0,0
20.900,1,2,91.0,-3.0,0
20.900,1,2,91.0,-3.0,0
20.900,1,2,91.0,-3.0,0
20.900,1,2,91.0,-3.0,0
20.900,1,2,91.0,-3.0,0
20.900,1,2,91.0,-3.0,0
20.900,1,2,91.0,-3.0,0
20.900,1,2,91.0,-3.0,0
20.900,1,2,91.0,-3.0,0
21.000,1,2,91.0,-3.0,0
21.000,1,2,91.0,-3.0,0
21.000,1,2,91.0,-3.0,0
21.000,1,2,91.0,-3.0,0
21.000,1,2,91.0,-3.0,0
21.000,1,2,91.0,-3.0,0
21.000,1,2,91.0,-3.0,0
21.000,1,2,91.0,-3.0,0
21.000,1,2,91.0,-3.0,0
21.000,1,2,91.0,-3.0,0
21.100,1,2,91.0,-3.0,0
21.100,1,2,91.0,-3.0,0
21.100,1,2,91.0,-3.0,0
21.100,1,2,91.0,-3.0,0
21.100,1,2,91.0,-3.0,0
21.100,1,2,91.0,-3.0,0
21.100,1,2,91.0,-3.0,0
21.100,1,2,91.0,-3.0,0
21.100,1,2,91.0,-3.0,0
21.100,1,2,91.0,-3.0,0
21.100,1,2,91.0,-3.0,0
21.200,1,2,91.0,-3.0,0
21.200,1,2,91.0,-3.0,0
21.200,1,2,91.0,-3.0,0
21.200,1,2,91.0,-3.0,0
21.200,1,2,91.0,-3.0,0
21.200,1,2,91.0,-3.0,0
21.200,1,2,91.0,-3.0,0
21.200,1,2,91.0,-3.0,0
21.200,1,2,91.0,-3.0,0
21.200,1,2,91.0,-3.0,0
21.300,1,2,91.0,-3.0,0
21.300,1,2,91.0,-3.0,0
21.300,1,2,91.0,-3.0,0
21.300,1,2,91.0,-3.0,0
21.300,1,2,91.0,-3.0,0
21.300,1,2,91.0,-3.0,0
21.300,1,2,91.0,-3.0,0
21.300,1,2,91.0,-3.0,0
21.300,1,2,91.0,-3.0,0
21.300,1,2,91.0,-3.0,0
21.300,1,2,91.0,-3.0,0
21.400,1,2,91.0,-3.0,0
21.400,1,2,91.0,-3.0,0
21.400,1,2,91.0,-3.0,0
21.400,1,2,91.0,-3.0,0
21.400,1,2,91.0,-3.0,0
21.400,1,2,91.0,-3.0,0
21.400,1,2,91.0,-3.0,0
21.400,1,2,91.0,-3.0,0
21.400,1,2,91.0,-3.0,0
21.400,1,2,91.0,-3.0,0
21.500,1,2,91.0,-3.0,0
21.500,1,2,91.0,-3.0,0
21.500,1,2,91.0,-3.0,0
21.500,1,2,91.0,-3.0,0
21.500,1,2,91.0,-3.0,0
21.500,1,2,91.0,-3.0,0
21.500,1,2,91.0,-3.0,0
21.500,1,2,91.0,-3.0,0
21.500,1,2,91.0,-3.0,0
21.500,1,2,91.0,-3.0,0
21.600,1,2,91.0,-3.0,0
21.600,1,2,91.0,-3.0,0
21.600,1,2,91.0,-3.0,0
21.600,1,2,91.0,-3.0,0
21.600,1,2,91.0,-3.0,0
21.600,1,2,91.0,-3.0,0
21.600,1,2,91.0,-3.0,0
21.600,1,2,91.0,-3.0,0
21.600,1,2,91.0,-3.0,0
21.600,1,2,91.0,-3.0,0
21.600,1,2,91.0,-3.0,0
21.700,1,2,91.0,-3.0,0
21.700,1,2,91.0,-3.0,0
21.700,1,2,91.0,-3.0,0
21.700,1,2,91.0,-3.0,0
21.700,1,2,91.0,-3.0,0
21.700,1,2,91.0,-3.0,0
21.700,1,2,91.0,-3.0,0
21.700,1,2,91.0,-3.0,0
21.700,1,2,91.0,-3.0,0
21.700,1,2,91.0,-3.0,0
21.800,1,2,91.0,-3.0,0
21.800,1,2,91.0,-3.0,0
21.800,1,2,91.0,-3.0,0
21.800,1,2,91.0,-3.0,0
21.800,1,2,91.0,-3.0,0
21.800,1,2,91.0,-3.0,0
21.800,1,2,91.0,-3.0,0
21.800,1,2,91.0,-3.0,0
21.800,1,2,91.0,-3.0,0
21.800,1,2,91.0,-3.0,0
21.800,1,2,91.0,-3.0,0
21.900,1,2,91.0,-3.0,0
21.900,1,2,91.0,-3.0,0
21.900,1,2,91.0,-3.0,0
21.900,1,2,91.0,-3.0,0
21.900,1,2,91.0,-3.0,0
21.900,1,2,91.0,-3.0,0
21.900,1,2,91.0,-3.0,0
21.900,1,2,91.0,-3.0,0
21.900,1,2,91.0,-3.0,0
21.900,1,2,91.0,-3.0,0
22.000,1,2,91.0,-3.0,0
22.000,1,2,91.0,-3.0,0
22.000,1,2,91.0,-3.0,0
22.000,1,2,91.0,-3.0,0
22.000,1,2,91.0,-3.0,0
22.000,1,2,91.0,-3.0,0
22.000,1,2,91.0,-3.0,0
22.000,1,2,91.0,-3.0,0
22.000,1,2,91.0,-3.0,0
22.000,1,2,91.0,-3.0,0
22.000,1,2,91.0,-3.0,0
22.100,1,2,91.0,-3.0,0
22.100,1,2,91.0,-3.0,0
22.100,1,2,91.0,-3.0,0
22.100,1,2,91.0,-3.0,0
22.100,1,2,91.0,-3.0,0
22.100,1,2,91.0,-3.0,0
22.100,1,2,91.0,-3.0,0
22.100,1,2,91.0,-3.0,0
22.100,1,2,91.0,-3.0,0
22.100,1,2,91.0,-3.0,0
22.200,1,2,91.0,-3.0,0
22.200,1,2,91.0,-3.0,0
22.200,1,2,91.0,-3.0,0
22.200,1,2,91.0,-3.0,0
22.200,1,2,91.0,-3.0,0
22.200,1,2,91.0,-3.0,0
22.200,1,2,91.0,-3.0,0
22.200,1,2,91.0,-3.0,0
22.200,1,2,91.0,-3.0,0
22.200,1,2,91.0,-3.0,0
22.200,1,2,91.0,-3.0,0
22.300,1,2,91.0,-3.0,0
22.300,1,2,91.0,-3.0,0
22.300,1,2,91.0,-3.0,0
22.300,1,2,91.0,-3.0,0
22.300,1,2,91.0,-3.0,0
22.300,1,2,91.0,-3.0,0
22.300,1,2,91.0,-3.0,0
22.300,1,2,91.0,-3.0,0
22.300,1,2,91.0,-3.0,0
22.300,1,2,91.0,-3.0,0
22.400,1,2,91.0,-3.0,0
22.400,1,2,91.0,-3.0,0
22.400,1,2,91.0,-3.0,0
22.400,1,2,91.0,-3.0,0
22.400,1,2,91.0,-3.0,0
22.400,1,2,91.0,-3.0,0
22.400,1,2,91.0,-3.0,0
22.400,1,2,91.0,-3.0,0
22.400,1,2,91.0,-3.0,0
22.400,1,2,91.0,-3.0,0
22.500,1,2,91.0,-3.0,0
22.500,1,2,91.0,-3.0,0
22.500,1,2,91.0,-3.0,0
22.500,1,2,91.0,-3.0,0
22.500,1,2,91.0,-3.0,0
22.500,1,2,91.0,-3.0,0
22.500,1,2,91.0,-3.0,0
22.500,1,2,91.0,-3.0,0
22.500,1,2,91.0,-3.0,0
22.500,1,2,91.0,-3.0,0
22.500,1,2,91.0,-3.0,0
22.600,1,2,91.0,-3.0,0
22.600,1,2,91.0,-3.0,0
22.600,1,2,91.0,-3.0,0
22.600,1,2,91.0,-3.0,0
22.600,1,2,91.0,-3.0,0
22.600,1,2,91.0,-3.0,0
22.600,1,2,91.0,-3.0,0
22.600,1,2,91.0,-3.0,0
22.600,1,2,91.0,-3.0,0
22.600,1,2,91.0,-3.0,0
22.700,1,2,91.0,-3.0,0
22.700,1,2,91.0,-3.0,0
22.700,1,2,91.0,-3.0,0
22.700,1,2,91.0,-3.0,0
22.700,1,2,91.0,-3.0,0
22.700,1,2,91.0,-3.0,0
22.700,1,2,91.0,-3.0,0
22.700,1,2,91.0,-3.0,0
22.700,1,2,91.0,-3.0,0
22.700,1,2,91.0,-3.0,0
22.700,1,2,91.0,-3.0,0
22.800,1,2,91.0,-3.0,0
22.800,1,2,91.0,-3.0,0
22.800,1,2,91.0,-3.0,0
22.800,1,2,91.0,-3.0,0
22.800,1,2,91.0,-3.0,0
22.800,1,2,91.0,-3.0,0
22.800,1,2,91.0,-3.0,0
22.800,1,2,91.0,-3.0,0
22.800,1,2,91.0,-3.0,0
22.800,1,2,91.0,-3.0,0
22.900,1,2,91.0,-3.0,0
22.900,1,2,91.0,-3.0,0
22.900,1,2,91.0,-3.0,0
22.900,1,2,91.0,-3.0,0
22.900,1,2,91.0,-3.0,0
22.900,1,2,91.0,-3.0,0
22.900,1,2,91.0,-3.0,0
22.900,1,2,91.0,-3.0,0
22.900,1,2,91.0,-3.0,0
22.900,1,2,91.0,-3.0,0
22.900,1,2,91.0,-3.0,0
23.000,1,2,91.0,-3.0,0
23.000,1,2,91.0,-3.0,0
23.000,1,2,91.0,-3.0,0
23.000,1,2,91.0,-3.0,0
23.000,1,2,91.0,-3.0,0
23.000,1,2,91.0,-3.0,0
23.000,1,2,91.0,-3.0,0
23.000,1,2,91.0,-3.0,0
23.000,1,2,91.0,-3.0,0
23.000,1,2,91.0,-3.0,0
23.100,1,2,91.0,-3.0,0
23.100,1,2,91.0,-3.0,0
23.100,1,2,91.0,-3.0,0
23.100,1,2,91.0,-3.0,0
23.100,1,2,91.0,-3.0,0
23.100,1,2,91.0,-3.0,0
23.100,1,2,91.0,-3.0,0
23.100,1,2,91.0,-3.0,0
23.100,1,2,91.0,-3.0,0
23.100,1,2,91.0,-3.0,0
23.200,1,2,91.0,-3.0,0
23.200,1,2,91.0,-3.0,0
23.200,1,2,91.0,-3.0,0
23.200,1,2,91.0,-3.0,0
23.200,1,2,91.0,-3.0,0
23.200,1,2,91.0,-3.0,0
23.200,1,2,91.0,-3.0,0
23.200,1,2,91.0,-3.0,0
23.200,1,2,91.0,-3.0,0
23.200,1,2,91.0,-3.0,0
23.200,1,2,91.0,-3.0,0
23.300,1,2,91.0,-3.0,0
23.300,1,2,91.0,-3.0,0
23.300,1,2,91.0,-3.0,0
23.300,1,2,91.0,-3.0,0
23.300,1,2,91.0,-3.0,0
23.300,1,2,91.0,-3.0,0
23.300,1,2,91.0,-3.0,0
23.300,1,2,91.0,-3.0,0
23.300,1,2,91.0,-3.0,0
23.300,1,2,91.0,-3.0,0
23.400,1,2,91.0,-3.0,0
23.400,1,2,91.0,-3.0,0
23.400,1,2,91.0,-3.0,0
23.400,1,2,91.0,-3.0,0
23.400,1,2,91.0,-3.0,0
23.400,1,2,91.0,-3.0,0
23.400,1,2,91.0,-3.0,0
23.400,1,2,91.0,-3.0,0
23.400,1,2,91.0,-3.0,0
23.400,1,2,91.0,-3.0,0
23.400,1,2,91.0,-3.0,0
23.500,1,2,91.0,-3.0,0
23.500,1,2,91.0,-3.0,0
23.500,1,2,91.0,-3.0,0
23.500,1,2,91.0,-3.0,0
23.500,1,2,91.0,-3.0,0
23.500,1,2,91.0,-3.0,0
23.500,1,2,91.0,-3.0,0
23.500,1,2,91.0,-3.0,0
23.500,1,2,91.0,-3.0,0
23.500,1,2,91.0,-3.0,0
23.600,1,2,91.0,-3.0,0
23.600,1,2,91.0,-3.0,0
23.600,1,2,91.0,-3.0,0
23.600,1,2,91.0,-3.0,0
23.600,1,2,91.0,-3.0,0
23.600,1,2,91.0,-3.0,0
23.600,1,2,91.0,-3.0,0
23.600,1,2,91.0,-3.0,0
23.600,1,2,91.0,-3.0,0
23.600,1,2,91.0,-3.0,0
23.600,1,2,91.0,-3.0,0
23.700,1,2,91.0,-3.0,0
23.700,1,2,91.0,-3.0,0
23.700,1,2,91.0,-3.0,0
23.700,1,2,91.0,-3.0,0
23.700,1,2,91.0,-3.0,0
23.700,1,2,91.0,-3.0,0
23.700,1,2,91.0,-3.0,0
23.700,1,2,91.0,-3.0,0
23.700,1,2,91.0,-3.0,0
23.700,1,2,91.0,-3.0,0
23.800,1,2,91.0,-3.0,0
23.800,1,2,91.0,-3.0,0
23.800,1,2,91.0,-3.0,0
23.800,1,2,91.0,-3.0,0
23.800,1,2,91.0,-3.0,0
23.800,1,2,91.0,-3.0,0
23.800,1,2,91.0,-3.0,0
23.800,1,2,91.0,-3.0,0
23.800,1,2,91.0,-3.0,0
23.800,1,2,91.0,-3.0,0
23.900,1,2,91.0,-3.0,0
23.900,1,2,91.0,-3.0,0
23.900,1,2,91.0,-3.0,0
23.900,1,2,91.0,-3.0,0
23.900,1,2,91.0,-3.0,0
23.900,1,2,91.0,-3.0,0
23.900,1,2,91.0,-3.0,0
23.900,1,2,91.0,-3.0,0
23.900,1,2,91.0,-3.0,0
23.900,1,2,91.0,-3.0,0
23.900,1,2,91.0,-3.0,0
24.000,1,2,91.0,-3.0,0
24.000,1,2,91.0,-3.0,0
24.000,1,2,91.0,-3.0,0
24.000,1,2,91.0,-3.0,0
24.000,1,2,91.0,-3.0,0
24.000,1,2,91.0,-3.0,0
24.000,1,2,91.0,-3.0,0
24.000,1,2,91.0,-3.0,0
24.000,1,2,91.0,-3.0,0
24.000,1,2,91.0,-3.0,0
24.100,1,2,91.0,-3.0,0
24.100,1,2,91.0,-3.0,0
24.100,1,2,91.0,-3.0,0
24.100,1,2,91.0,-3.0,0
24.100,1,2,91.0,-3.0,0
24.100,1,2,91.0,-3.0,0
24.100,1,2,91.0,-3.0,0
24.100,1,2,91.0,-3.0,0
24.100,1,2,91.0,-3.0,0
24.100,1,2,91.0,-3.0,0
24.100,1,2,91.0,-3.0,0
24.200,1,2,91.0,-3.0,0
24.200,1,2,91.0,-3.0,0
24.200,1,2,91.0,-3.0,0
24.200,1,2,91.0,-3.0,0
24.200,1,2,91.0,-3.0,0
24.200,1,2,91.0,-3.0,0
24.200,1,2,91.0,-3.0,0
24.200,1,2,91.0,-3.0,0
24.200,1,2,91.0,-3.0,0
24.200,1,2,91.0,-3.0,0
24.300,1,2,91.0,-3.0,0
24.300,1,2,91.0,-3.0,0
24.300,1,2,91.0,-3.0,0
24.300,1,2,91.0,-3.0,0
24.300,1,2,91.0,-3.0,0
24.300,1,2,91.0,-3.0,0
24.300,1,2,91.0,-3.0,0
24.300,1,2,91.0,-3.0,0
24.300,1,2,91.0,-3.0,0
24.300,1,2,91.0,-3.0,0
24.300,1,2,91.0,-3.0,0
24.400,1,2,91.0,-3.0,0
24.400,1,2,91.0,-3.0,0
24.400,1,2,91.0,-3.0,0
24.400,1,2,91.0,-3.0,0
24.400,1,2,91.0,-3.0,0
24.400,1,2,91.0,-3.0,0
24.400,1,2,91.0,-3.0,0
24.400,1,2,91.0,-3.0,0
24.400,1,2,91.0,-3.0,0
24.400,1,2,91.0,-3.0,0
24.500,2,2,-52.0,-2.0,0
24.500,2,2,-52.0,-2.0,0
24.500,2,2,-52.0,-2.0,0
24.500,2,2,-52.0,-2.0,0
24.500,2,2,-52.0,-2.0,0
24.500,2,2,-52.0,-2.0,0
24.500,2,2,-52.0,-2.0,0
24.500,2,2,-52.0,-2.0,0
24.500,2,2,-52.0,-2.0,0
24.500,2,2,-52.0,-2.0,0
24.500,2,2,-52.0,-2.0,0
24.600,2,2,-52.0,-2.0,0
24.600,2,2,-52.0,-2.0,0
24.600,2,2,-52.0,-2.0,0
24.600,2,2,-52.0,-2.0,0
24.600,2,2,-52.0,-2.0,0
24.600,2,2,-52.0,-2.0,0
24.600,2,2,-52.0,-2.0,0
24.600,2,2,-52.0,-2.0,0
24.600,2,2,-52.0,-2.0,0
24.600,2,2,-52.0,-2.0,0
24.700,2,2,-52.0,-2.0,0
24.700,2,2,-52.0,-2.0,0
24.700,2,2,-52.0,-2.0,0
24.700,2,2,-52.0,-2.0,0
24.700,2,2,-52.0,-2.0,0
24.700,2,2,-52.0,-2.0,0
24.700,2,2,-52.0,-2.0,0
24.700,2,2,-52.0,-2.0,0
24.700,2,2,-52.0,-2.0,0
24.700,2,2,-52.0,-2.0,0
24.800,2,2,-52.0,-2.0,0
24.800,2,2,-52.0,-2.0,0
24.800,2,2,-52.0,-2.0,0
24.800,2,2,-52.0,-2.0,0
24.800,2,2,-52.0,-2.0,0
24.800,2,2,-52.0,-2.0,0
24.800,2,2,-52.0,-2.0,0
24.800,2,2,-52.0,-2.0,0
24.800,2,2,-52.0,-2.0,0
24.800,2,2,-52.0,-2.0,0
24.800,2,2,-52.0,-2.0,0
24.900,2,2,-52.0,-2.0,0
24.900,2,2,-52.0,-2.0,0
24.900,2,2,-52.0,-2.0,0
24.900,2,2,-52.0,-2.0,0
24.900,2,2,-52.0,-2.0,0
24.900,2,2,-52.0,-2.0,0
24.900,2,2,-52.0,-2.0,0
24.900,2,2,-52.0,-2.0,0
24.900,2,2,-52.0,-2.0,0
24.900,2,2,-52.0,-2.0,0
25.000,2,2,-52.0,-2.0,0
25.000,2,2,-52.0,-2.0,0
25.000,2,2,-52.0,-2.0,0
25.000,2,2,-52.0,-2.0,0
25.000,2,2,-52.0,-2.0,0
25.000,2,2,-52.0,-2.0,0
25.000,2,2,-52.0,-2.0,0
25.000,2,2,-52.0,-2.0,0
25.000,2,2,-52.0,-2.0,0
25.000,2,2,-52.0,-2.0,0
25.000,2,2,-52.0,-2.0,0
25.100,2,2,-52.0,-2.0,0
25.100,2,2,-52.0,-2.0,0
25.100,2,2,-52.0,-2.0,0
25.100,2,2,-52.0,-2.0,0
25.100,2,2,-52.0,-2.0,0
25.100,2,2,-52.0,-2.0,0
25.100,2,2,-52.0,-2.0,0
25.100,2,2,-52.0,-2.0,0
25.100,2,2,-52.0,-2.0,0
25.100,2,2,-52.0,-2.0,0
25.200,2,2,-52.0,-2.0,0
25.200,2,2,-52.0,-2.0,0
25.200,2,2,-52.0,-2.0,0
25.200,2,2,-52.0,-2.0,0
25.200,2,2,-52.0,-2.0,0
25.200,2,2,-52.0,-2.0,0
25.200,2,2,-52.0,-2.0,0
25.200,2,2,-52.0,-2.0,0
25.200,2,2,-52.0,-2.0,0
25.200,2,2,-52.0,-2.0,0
25.200,2,2,-52.0,-2.0,0
25.300,2,2,-52.0,-2.0,0
25.300,2,2,-52.0,-2.0,0
25.300,2,2,-52.0,-2.0,0
25.300,2,2,-52.0,-2.0,0
25.300,2,2,-52.0,-2.0,0
25.300,2,2,-52.0,-2.0,0
25.300,2,2,-52.0,-2.0,0
25.300,2,2,-52.0,-2.0,0
25.300,2,2,-52.0,-2.0,0
25.300,2,2,-52.0,-2.0,0
25.400,2,2,-52.0,-2.0,0
25.400,2,2,-52.0,-2.0,0
25.400,2,2,-52.0,-2.0,0
25.400,2,2,-52.0,-2.0,0
25.400,2,2,-52.0,-2.0,0
25.400,2,2,-52.0,-2.0,0
25.400,2,2,-52.0,-2.0,0
25.400,2,2,-52.0,-2.0,0
25.400,2,2,-52.0,-2.0,0
25.400,2,2,-52.0,-2.0,0
25.500,2,2,-52.0,-2.0,0
25.500,2,2,-52.0,-2.0,0
25.500,2,2,-52.0,-2.0,0
25.500,2,2,-52.0,-2.0,0
25.500,2,2,-52.0,-2.0,0
25.500,2,2,-52.0,-2.0,0
25.500,2,2,-52.0,-2.0,0
25.500,2,2,-52.0,-2.0,0
25.500,2,2,-52.0,-2.0,0
25.500,2,2,-52.0,-2.0,0
25.500,2,2,-52.0,-2.0,0
25.600,2,2,-52.0,-2.0,0
25.600,2,2,-52.0,-2.0,0
25.600,2,2,-52.0,-2.0,0
25.600,2,2,-52.0,-2.0,0
25.600,2,2,-52.0,-2.0,0
25.600,2,2,-52.0,-2.0,0
25.600,2,2,-52.0,-2.0,0
25.600,2,2,-52.0,-2.0,0
25.600,2,2,-52.0,-2.0,0
25.600,2,2,-52.0,-2.0,0
25.700,2,2,-52.0,-2.0,0
25.700,2,2,-52.0,-2.0,0
25.700,2,2,-52.0,-2.0,0
25.700,2,2,-52.0,-2.0,0
25.700,2,2,-52.0,-2.0,0
25.700,2,2,-52.0,-2.0,0
25.700,2,2,-52.0,-2.0,0
25.700,2,2,-52.0,-2.0,0
25.700,2,2,-52.0,-2.0,0
25.700,2,2,-52.0,-2.0,0
25.700,2,2,-52.0,-2.0,0
25.800,2,2,-52.0,-2.0,0
25.800,2,2,-52.0,-2.0,0
25.800,2,2,-52.0,-2.0,0
25.800,2,2,-52.0,-2.0,0
25.800,2,2,-52.0,-2.0,0
25.800,2,2,-52.0,-2.0,0
25.800,2,2,-52.0,-2.0,0
25.800,2,2,-52.0,-2.0,0
25.800,2,2,-52.0,-2.0,0
25.800,2,2,-52.0,-2.0,0
25.900,2,2,-52.0,-2.0,0
25.900,2,2,-52.0,-2.0,0
25.900,2,2,-52.0,-2.0,0
25.900,2,2,-52.0,-2.0,0
25.900,2,2,-52.0,-2.0,0
25.900,2,2,-52.0,-2.0,0
25.900,2,2,-52.0,-2.0,0
25.900,2,2,-52.0,-2.0,0
25.900,2,2,-52.0,-2.0,0
25.900,2,2,-52.0,-2.0,0
25.900,2,2,-52.0,-2.0,0
26.000,2,2,-52.0,-2.0,0
26.000,2,2,-52.0,-2.0,0
26.000,2,2,-52.0,-2.0,0
26.000,2,2,-52.0,-2.0,0
26.000,2,2,-52.0,-2.0,0
26.000,2,2,-52.0,-2.0,0
26.000,2,2,-52.0,-2.0,0
26.000,2,2,-52.0,-2.0,0
26.000,2,2,-52.0,-2.0,0
26.000,2,2,-52.0,-2.0,0
26.100,2,2,-52.0,-2.0,0
26.100,2,2,-52.0,-2.0,0
26.100,2,2,-52.0,-2.0,0
26.100,2,2,-52.0,-2.0,0
26.100,2,2,-52.0,-2.0,0
26.100,2,2,-52.0,-2.0,0
26.100,2,2,-52.0,-2.0,0
26.100,2,2,-52.0,-2.0,0
26.100,2,2,-52.0,-2.0,0
26.100,2,2,-52.0,-2.0,0
26.200,2,2,-52.0,-2.0,0
26.200,2,2,-52.0,-2.0,0
26.200,2,2,-52.0,-2.0,0
26.200,2,2,-52.0,-2.0,0
26.200,2,2,-52.0,-2.0,0
26.200,2,2,-52.0,-2.0,0
26.200,2,2,-52.0,-2.0,0
26.200,2,2,-52.0,-2.0,0
26.200,2,2,-52.0,-2.0,0
26.200,2,2,-52.0,-2.0,0
26.200,2,2,-52.0,-2.0,0
26.300,2,2,-52.0,-2.0,0
26.300,2,2,-52.0,-2.0,0
26.300,2,2,-52.0,-2.0,0
26.300,2,2,-52.0,-2.0,0
26.300,2,2,-52.0,-2.0,0
26.300,2,2,-52.0,-2.0,0
26.300,2,2,-52.0,-2.0,0
26.300,2,2,-52.0,-2.0,0
26.300,2,2,-52.0,-2.0,0
26.300,2,2,-52.0,-2.0,0
26.400,2,2,-52.0,-2.0,0
26.400,2,2,-52.0,-2.0,0
26.400,2,2,-52.0,-2.0,0
26.400,2,2,-52.0,-2.0,0
26.400,2,2,-52.0,-2.0,0
26.400,2,2,-52.0,-2.0,0
26.400,2,2,-52.0,-2.0,0
26.400,2,2,-52.0,-2.0,0
26.400,2,2,-52.0,-2.0,0
26.400,2,2,-52.0,-2.0,0
26.400,2,2,-52.0,-2.0,0
26.500,2,2,-52.0,-2.0,0
26.500,2,2,-52.0,-2.0,0
26.500,2,2,-52.0,-2.0,0
26.500,2,2,-52.0,-2.0,0
26.500,2,2,-52.0,-2.0,0
26.500,2,2,-52.0,-2.0,0
26.500,2,2,-52.0,-2.0,0
26.500,2,2,-52.0,-2.0,0
26.500,2,2,-52.0,-2.0,0
26.500,2,2,-52.0,-2.0,0
26.600,2,2,-52.0,-2.0,0
26.600,2,2,-52.0,-2.0,0
26.600,2,2,-52.0,-2.0,0
26.600,2,2,-52.0,-2.0,0
26.600,2,2,-52.0,-2.0,0
26.600,2,2,-52.0,-2.0,0
26.600,2,2,-52.0,-2.0,0
26.600,2,2,-52.0,-2.0,0
26.600,2,2,-52.0,-2.0,0
26.600,2,2,-52.0,-2.0,0
26.600,2,2,-52.0,-2.0,0
26.700,2,2,-52.0,-2.0,0
26.700,2,2,-52.0,-2.0,0
26.700,2,2,-52.0,-2.0,0
26.700,2,2,-52.0,-2.0,0
26.700,2,2,-52.0,-2.0,0
26.700,2,2,-52.0,-2.0,0
26.700,2,2,-52.0,-2.0,0
26.700,2,2,-52.0,-2.0,0
26.700,2,2,-52.0,-2.0,0
26.700,2,2,-52.0,-2.0,0
26.800,2,2,-52.0,-2.0,0
26.800,2,2,-52.0,-2.0,0
26.800,2,2,-52.0,-2.0,0
26.800,2,2,-52.0,-2.0,0
26.800,2,2,-52.0,-2.0,0
26.800,2,2,-52.0,-2.0,0
26.800,2,2,-52.0,-2.0,0
26.800,2,2,-52.0,-2.0,0
26.800,2,2,-52.0,-2.0,0
26.800,2,2,-52.0,-2.0,0
26.800,2,2,-52.0,-2.0,0
26.900,2,2,-52.0,-2.0,0
26.900,2,2,-52.0,-2.0,0
26.900,2,2,-52.0,-2.0,0
26.900,2,2,-52.0,-2.0,0
26.900,2,2,-52.0,-2.0,0
26.900,2,2,-52.0,-2.0,0
26.900,2,2,-52.0,-2.0,0
26.900,2,2,-52.0,-2.0,0
26.900,2,2,-52.0,-2.0,0
26.900,2,2,-52.0,-2.0,0
27.000,2,2,-52.0,-2.0,0
27.000,2,2,-52.0,-2.0,0
27.000,2,2,-52.0,-2.0,0
27.000,2,2,-52.0,-2.0,0
27.000,2,2,-52.0,-2.0,0
27.000,2,2,-52.0,-2.0,0
27.000,2,2,-52.0,-2.0,0
27.000,2,2,-52.0,-2.0,0
27.000,2,2,-52.0,-2.0,0
27.000,2,2,-52.0,-2.0,0
27.100,2,2,-52.0,-2.0,0
27.100,2,2,-52.0,-2.0,0
27.100,2,2,-52.0,-2.0,0
27.100,2,2,-52.0,-2.0,0
27.100,2,2,-52.0,-2.0,0
27.100,2,2,-52.0,-2.0,0
27.100,2,2,-52.0,-2.0,0
27.100,2,2,-52.0,-2.0,0
27.100,2,2,-52.0,-2.0,0
27.100,2,2,-52.0,-2.0,0
27.100,2,2,-52.0,-2.0,0
27.200,2,2,-52.0,-2.0,0
27.200,2,2,-52.0,-2.0,0
27.200,2,2,-52.0,-2.0,0
27.200,2,2,-52.0,-2.0,0
27.200,2,2,-52.0,-2.0,0
27.200,2,2,-52.0,-2.0,0
27.200,2,2,-52.0,-2.0,0
27.200,2,2,-52.0,-2.0,0
27.200,2,2,-52.0,-2.0,0
27.200,2,2,-52.0,-2.0,0
27.300,2,2,-52.0,-2.0,0
27.300,2,2,-52.0,-2.0,0
27.300,2,2,-52.0,-2.0,0
27.300,2,2,-52.0,-2.0,0
27.300,2,2,-52.0,-2.0,0
27.300,2,2,-52.0,-2.0,0
27.300,2,2,-52.0,-2.0,0
27.300,2,2,-52.0,-2.0,0
27.300,2,2,-52.0,-2.0,0
27.300,2,2,-52.0,-2.0,0
27.300,2,2,-52.0,-2.0,0
27.400,2,2,-52.0,-2.0,0
27.400,2,2,-52.0,-2.0,0
27.400,2,2,-52.0,-2.0,0
27.400,2,2,-52.0,-2.0,0
27.400,2,2,-52.0,-2.0,0
27.400,2,2,-52.0,-2.0,0
27.400,2,2,-52.0,-2.0,0
27.400,2,2,-52.0,-2.0,0
27.400,2,2,-52.0,-2.0,0
27.400,2,2,-52.0,-2.0,0
27.500,2,2,-52.0,-2.0,0
27.500,2,2,-52.0,-2.0,0
27.500,2,2,-52.0,-2.0,0
27.500,2,2,-52.0,-2.0,0
27.500,2,2,-52.0,-2.0,0
27.500,2,2,-52.0,-2.0,0
27.500,2,2,-52.0,-2.0,0
27.500,2,2,-52.0,-2.0,0
27.500,2,2,-52.0,-2.0,0
27.500,2,2,-52.0,-2.0,0
27.500,2,2,-52.0,-2.0,0
27.600,2,2,-52.0,-2.0,0
27.600,2,2,-52.0,-2.0,0
27.600,2,2,-52.0,-2.0,0
27.600,2,2,-52.0,-2.0,0
27.600,2,2,-52.0,-2.0,0
27.600,2,2,-52.0,-2.0,0
27.600,2,2,-52.0,-2.0,0
27.600,2,2,-52.0,-2.0,0
27.600,2,2,-52.0,-2.0,0
27.600,2,2,-52.0,-2.0,0
27.700,2,2,-52.0,-2.0,0
27.700,2,2,-52.0,-2.0,0
27.700,2,2,-52.0,-2.0,0
27.700,2,2,-52.0,-2.0,0
27.700,2,2,-52.0,-2.0,0
27.700,2,2,-52.0,-2.0,0
27.700,2,2,-52.0,-2.0,0
27.700,2,2,-52.0,-2.0,0
27.700,2,2,-52.0,-2.0,0
27.700,2,2,-52.0,-2.0,0
27.800,2,2,-52.0,-2.0,0
27.800,2,2,-52.0,-2.0,0
27.800,2,2,-52.0,-2.0,0
27.800,2,2,-52.0,-2.0,0
27.800,2,2,-52.0,-2.0,0
27.800,2,2,-52.0,-2.0,0
27.800,2,2,-52.0,-2.0,0
27.800,2,2,-52.0,-2.0,0
27.800,2,2,-52.0,-2.0,0
27.800,2,2,-52.0,-2.0,0
27.800,2,2,-52.0,-2.0,0
27.900,2,2,-52.0,-2.0,0
27.900,2,2,-52.0,-2.0,0
27.900,2,2,-52.0,-2.0,0
27.900,2,2,-52.0,-2.0,0
27.900,2,2,-52.0,-2.0,0
27.900,2,2,-52.0,-2.0,0
27.900,2,2,-52.0,-2.0,0
27.900,2,2,-52.0,-2.0,0
27.900,2,2,-52.0,-2.0,0
27.900,2,2,-52.0,-2.0,0
28.000,2,2,-52.0,-2.0,0
28.000,2,2,-52.0,-2.0,0
28.000,2,2,-52.0,-2.0,0
28.000,2,2,-52.0,-2.0,0
28.000,2,2,-52.0,-2.0,0
28.000,2,2,-52.0,-2.0,0
28.000,2,2,-52.0,-2.0,0
28.000,2,2,-52.0,-2.0,0
28.000,2,2,-52.0,-2.0,0
28.000,2,2,-52.0,-2.0,0
28.000,2,2,-52.0,-2.0,0
28.100,2,2,-52.0,-2.0,0
28.100,2,2,-52.0,-2.0,0
28.100,2,2,-52.0,-2.0,0
28.100,2,2,-52.0,-2.0,0
28.100,2,2,-52.0,-2.0,0
28.100,2,2,-52.0,-2.0,0
28.100,2,2,-52.0,-2.0,0
28.100,2,2,-52.0,-2.0,0
28.100,2,2,-52.0,-2.0,0
28.100,2,2,-52.0,-2.0,0
28.200,2,2,-52.0,-2.0,0
28.200,2,2,-52.0,-2.0,0
28.200,2,2,-52.0,-2.0,0
28.200,2,2,-52.0,-2.0,0
28.200,2,2,-52.0,-2.0,0
28.200,2,2,-52.0,-2.0,0
28.200,2,2,-52.0,-2.0,0
28.200,2,2,-52.0,-2.0,0
28.200,2,2,-52.0,-2.0,0
28.200,2,2,-52.0,-2.0,0
28.200,2,2,-52.0,-2.0,0
28.300,2,2,-52.0,-2.0,0
28.300,2,2,-52.0,-2.0,0
28.300,2,2,-52.0,-2.0,0
28.300,2,2,-52.0,-2.0,0
28.300,2,2,-52.0,-2.0,0
28.300,2,2,-52.0,-2.0,0
28.300,2,2,-52.0,-2.0,0
28.300,2,2,-52.0,-2.0,0
28.300,2,2,-52.0,-2.0,0
28.300,2,2,-52.0,-2.0,0
28.400,2,2,-52.0,-2.0,0
28.400,2,2,-52.0,-2.0,0
28.400,2,2,-52.0,-2.0,0
28.400,2,2,-52.0,-2.0,0
28.400,2,2,-52.0,-2.0,0
28.400,2,2,-52.0,-2.0,0
28.400,2,2,-52.0,-2.0,0
28.400,2,2,-52.0,-2.0,0
28.400,2,2,-52.0,-2.0,0
28.400,2,2,-52.0,-2.0,0
28.500,2,2,-52.0,-2.0,0
28.500,2,2,-52.0,-2.0,0
28.500,2,2,-52.0,-2.0,0
28.500,2,2,-52.0,-2.0,0
28.500,2,2,-52.0,-2.0,0
28.500,2,2,-52.0,-2.0,0
28.500,2,2,-52.0,-2.0,0
28.500,2,2,-52.0,-2.0,0
28.500,2,2,-52.0,-2.0,0
28.500,2,2,-52.0,-2.0,0
28.500,2,2,-52.0,-2.0,0
28.600,2,2,-52.0,-2.0,0
28.600,2,2,-52.0,-2.0,0
28.600,2,2,-52.0,-2.0,0
28.600,2,2,-52.0,-2.0,0
28.600,2,2,-52.0,-2.0,0
28.600,2,2,-52.0,-2.0,0
28.600,2,2,-52.0,-2.0,0
28.600,2,2,-52.0,-2.0,0
28.600,2,2,-52.0,-2.0,0
28.600,2,2,-52.0,-2.0,0
28.700,2,2,-52.0,-2.0,0
28.700,2,2,-52.0,-2.0,0
28.700,2,2,-52.0,-2.0,0
28.700,2,2,-52.0,-2.0,0
28.700,2,2,-52.0,-2.0,0
28.700,2,2,-52.0,-2.0,0
28.700,2,2,-52.0,-2.0,0
28.700,2,2,-52.0,-2.0,0
28.700,2,2,-52.0,-2.0,0
28.700,2,2,-52.0,-2.0,0
28.700,2,2,-52.0,-2.0,0
28.800,2,2,-52.0,-2.0,0
28.800,2,2,-52.0,-2.0,0
28.800,2,2,-52.0,-2.0,0
28.800,2,2,-52.0,-2.0,0
28.800,2,2,-52.0,-2.0,0
28.800,2,2,-52.0,-2.0,0
28.800,2,2,-52.0,-2.0,0
28.800,2,2,-52.0,-2.0,0
28.800,2,2,-52.0,-2.0,0
28.800,2,2,-52.0,-2.0,0
28.900,2,2,-52.0,-2.0,0
28.900,2,2,-52.0,-2.0,0
28.900,2,2,-52.0,-2.0,0
28.900,2,2,-52.0,-2.0,0
28.900,2,2,-52.0,-2.0,0
28.900,2,2,-52.0,-2.0,0
28.900,2,2,-52.0,-2.0,0
28.900,2,2,-52.0,-2.0,0
28.900,2,2,-52.0,-2.0,0
28.900,2,2,-52.0,-2.0,0
28.900,2,2,-52.0,-2.0,0
29.000,2,2,-52.0,-2.0,0
29.000,2,2,-52.0,-2.0,0
29.000,2,2,-52.0,-2.0,0
29.000,2,2,-52.0,-2.0,0
29.000,2,2,-52.0,-2.0,0
29.000,2,2,-52.0,-2.0,0
29.000,2,2,-52.0,-2.0,0
29.000,2,2,-52.0,-2.0,0
29.000,2,2,-52.0,-2.0,0
29.000,2,2,-52.0,-2.0,0
29.100,2,2,-52.0,-2.0,0
29.100,2,2,-52.0,-2.0,0
29.100,2,2,-52.0,-2.0,0
29.100,2,2,-52.0,-2.0,0
29.100,2,2,-52.0,-2.0,0
29.100,2,2,-52.0,-2.0,0
29.100,2,2,-52.0,-2.0,0
29.100,2,2,-52.0,-2.0,0
29.100,2,2,-52.0,-2.0,0
29.100,2,2,-52.0,-2.0,0
29.100,2,2,-52.0,-2.0,0
29.200,2,2,-52.0,-2.0,0
29.200,2,2,-52.0,-2.0,0
29.200,2,2,-52.0,-2.0,0
29.200,2,2,-52.0,-2.0,0
29.200,2,2,-52.0,-2.0,0
29.200,2,2,-52.0,-2.0,0
29.200,2,2,-52.0,-2.0,0
29.200,2,2,-52.0,-2.0,0
29.200,2,2,-52.0,-2.0,0
29.200,2,2,-52.0,-2.0,0
29.300,2,2,-52.0,-2.0,0
29.300,2,2,-52.0,-2.0,0
29.300,2,2,-52.0,-2.0,0
29.300,2,2,-52.0,-2.0,0
29.300,2,2,-52.0,-2.0,0
29.300,2,2,-52.0,-2.0,0
29.300,2,2,-52.0,-2.0,0
29.300,2,2,-52.0,-2.0,0
29.300,2,2,-52.0,-2.0,0
29.300,2,2,-52.0,-2.0,0
29.400,2,2,-52.0,-2.0,0
29.400,2,2,-52.0,-2.0,0
29.400,2,2,-52.0,-2.0,0
29.400,2,2,-52.0,-2.0,0
29.400,2,2,-52.0,-2.0,0
29.400,2,2,-52.0,-2.0,0
29.400,2,2,-52.0,-2.0,0
29.400,2,2,-52.0,-2.0,0
29.400,2,2,-52.0,-2.0,0
29.400,2,2,-52.0,-2.0,0
29.400,2,2,-52.0,-2.0,0
29.500,2,2,-52.0,-2.0,0
29.500,2,2,-52.0,-2.0,0
29.500,2,2,-52.0,-2.0,0
29.500,2,2,-52.0,-2.0,0
29.500,2,2,-52.0,-2.0,0
29.500,2,2,-52.0,-2.0,0
29.500,2,2,-52.0,-2.0,0
29.500,2,2,-52.0,-2.0,0
29.500,2,2,-52.0,-2.0,0
29.500,2,2,-52.0,-2.0,0
29.600,2,2,-52.0,-2.0,0
29.600,2,2,-52.0,-2.0,0
29.600,2,2,-52.0,-2.0,0
29.600,2,2,-52.0,-2.0,0
29.600,2,2,-52.0,-2.0,0
29.600,2,2,-52.0,-2.0,0
29.600,2,2,-52.0,-2.0,0
29.600,2,2,-52.0,-2.0,0
29.600,2,2,-52.0,-2.0,0
29.600,2,2,-52.0,-2.0,0
29.600,2,2,-52.0,-2.0,0
29.700,2,2,-52.0,-2.0,0
29.700,2,2,-52.0,-2.0,0
29.700,2,2,-52.0,-2.0,0
29.700,2,2,-52.0,-2.0,0
29.700,2,2,-52.0,-2.0,0
29.700,2,2,-52.0,-2.0,0
29.700,2,2,-52.0,-2.0,0
29.700,2,2,-52.0,-2.0,0
29.700,2,2,-52.0,-2.0,0
29.700,2,2,-52.0,-2.0,0
29.800,2,2,-52.0,-2.0,0
29.800,2,2,-52.0,-2.0,0
29.800,2,2,-52.0,-2.0,0
29.800,2,2,-52.0,-2.0,0
29.800,2,2,-52.0,-2.0,0
29.800,2,2,-52.0,-2.0,0
29.800,2,2,-52.0,-2.0,0
29.800,2,2,-52.0,-2.0,0
29.800,2,2,-52.0,-2.0,0
29.800,2,2,-52.0,-2.0,0
29.800,2,2,-52.0,-2.0,0
29.900,2,2,-52.0,-2.0,0
29.900,2,2,-52.0,-2.0,0
29.900,2,2,-52.0,-2.0,0
29.900,2,2,-52.0,-2.0,0
29.900,2,2,-52.0,-2.0,0
29.900,2,2,-52.0,-2.0,0
29.900,2,2,-52.0,-2.0,0
29.900,2,2,-52.0,-2.0,0
29.900,2,2,-52.0,-2.0,0
29.900,2,2,-52.0,-2.0,0
30.000,2,2,-52.0,-2.0,0
30.000,2,2,-52.0,-2.0,0
30.000,2,2,-52.0,-2.0,0
30.000,2,2,-52.0,-2.0,0
30.000,2,2,-52.0,-2.0,0
30.000,2,2,-52.0,-2.0,0
30.000,2,2,-52.0,-2.0,0
30.000,2,2,-52.0,-2.0,0
30.000,2,2,-52.0,-2.0,0
30.000,2,2,-52.0,-2.0,0
30.100,2,2,-52.0,-2.0,0
30.100,2,2,-52.0,-2.0,0
30.100,2,2,-52.0,-2.0,0
30.100,2,2,-52.0,-2.0,0
30.100,2,2,-52.0,-2.0,0
30.100,2,2,-52.0,-2.0,0
30.100,2,2,-52.0,-2.0,0
30.100,2,2,-52.0,-2.0,0
30.100,2,2,-52.0,-2.0,0
30.100,2,2,-52.0,-2.0,0
30.100,2,2,-52.0,-2.0,0
30.200,2,2,-52.0,-2.0,0
30.200,2,2,-52.0,-2.0,0
30.200,2,2,-52.0,-2.0,0
30.200,2,2,-52.0,-2.0,0
30.200,2,2,-52.0,-2.0,0
30.200,2,2,-52.0,-2.0,0
30.200,2,2,-52.0,-2.0,0
30.200,2,2,-52.0,-2.0,0
30.200,2,2,-52.0,-2.0,0
30.200,2,2,-52.0,-2.0,0
30.300,2,2,-52.0,-2.0,0
30.300,2,2,-52.0,-2.0,0
30.300,2,2,-52.0,-2.0,0
30.300,2,2,-52.0,-2.0,0
30.300,2,2,-52.0,-2.0,0
30.300,2,2,-52.0,-2.0,0
30.300,2,2,-52.0,-2.0,0
30.300,2,2,-52.0,-2.0,0
30.300,2,2,-52.0,-2.0,0
30.300,2,2,-52.0,-2.0,0
30.300,2,2,-52.0,-2.0,0
30.400,2,2,-52.0,-2.0,0
30.400,2,2,-52.0,-2.0,0
30.400,2,2,-52.0,-2.0,0
30.400,2,2,-52.0,-2.0,0
30.400,2,2,-52.0,-2.0,0
30.400,2,2,-52.0,-2.0,0
30.400,2,2,-52.0,-2.0,0
30.400,2,2,-52.0,-2.0,0
30.400,2,2,-52.0,-2.0,0
30.400,2,2,-52.0,-2.0,0
30.500,2,2,-52.0,-2.0,0
30.500,2,2,-52.0,-2.0,0
30.500,2,2,-52.0,-2.0,0
30.500,2,2,-52.0,-2.0,0
30.500,2,2,-52.0,-2.0,0
30.500,2,2,-52.0,-2.0,0
30.500,2,2,-52.0,-2.0,0
30.500,2,2,-52.0,-2.0,0
30.500,2,2,-52.0,-2.0,0
30.500,2,2,-52.0,-2.0,0
30.500,2,2,-52.0,-2.0,0
30.600,2,2,-52.0,-2.0,0
30.600,2,2,-52.0,-2.0,0
30.600,2,2,-52.0,-2.0,0
30.600,2,2,-52.0,-2.0,0
30.600,2,2,-52.0,-2.0,0
30.600,2,2,-52.0,-2.0,0
30.600,2,2,-52.0,-2.0,0
30.600,2,2,-52.0,-2.0,0
30.600,2,2,-52.0,-2.0,0
30.600,2,2,-52.0,-2.0,0
30.700,2,2,-52.0,-2.0,0
30.700,2,2,-52.0,-2.0,0
30.700,2,2,-52.0,-2.0,0
30.700,2,2,-52.0,-2.0,0
30.700,2,2,-52.0,-2.0,0
30.700,2,2,-52.0,-2.0,0
30.700,2,2,-52.0,-2.0,0
30.700,2,2,-52.0,-2.0,0
30.700,2,2,-52.0,-2.0,0
30.700,2,2,-52.0,-2.0,0
30.800,2,2,-52.0,-2.0,0
30.800,2,2,-52.0,-2.0,0
30.800,2,2,-52.0,-2.0,0
30.800,2,2,-52.0,-2.0,0
30.800,2,2,-52.0,-2.0,0
30.800,2,2,-52.0,-2.0,0
30.800,2,2,-52.0,-2.0,0
30.800,2,2,-52.0,-2.0,0
30.800,2,2,-52.0,-2.0,0
30.800,2,2,-52.0,-2.0,0
30.800,2,2,-52.0,-2.0,0
30.900,2,2,-52.0,-2.0,0
30.900,2,2,-52.0,-2.0,0
30.900,2,2,-52.0,-2.0,0
30.900,2,2,-52.0,-2.0,0
30.900,2,2,-52.0,-2.0,0
30.900,2,2,-52.0,-2.0,0
30.900,2,2,-52.0,-2.0,0
30.900,2,2,-52.0,-2.0,0
30.900,2,2,-52.0,-2.0,0
30.900,2,2,-52.0,-2.0,0
31.000,2,2,-52.0,-2.0,0
31.000,2,2,-52.0,-2.0,0
31.000,2,2,-52.0,-2.0,0
31.000,2,2,-52.0,-2.0,0
31.000,2,2,-52.0,-2.0,0
31.000,2,2,-52.0,-2.0,0
31.000,2,2,-52.0,-2.0,0
31.000,2,2,-52.0,-2.0,0
31.000,2,2,-52.0,-2.0,0
31.000,2,2,-52.0,-2.0,0
31.000,2,2,-52.0,-2.0,0
31.100,2,2,-52.0,-2.0,0
31.100,2,2,-52.0,-2.0,0
31.100,2,2,-52.0,-2.0,0
31.100,2,2,-52.0,-2.0,0
31.100,2,2,-52.0,-2.0,0
31.100,2,2,-52.0,-2.0,0
31.100,2,2,-52.0,-2.0,0
31.100,2,2,-52.0,-2.0,0
31.100,2,2,-52.0,-2.0,0
31.100,2,2,-52.0,-2.0,0
31.200,2,2,-52.0,-2.0,0
31.200,2,2,-52.0,-2.0,0
31.200,2,2,-52.0,-2.0,0
31.200,2,2,-52.0,-2.0,0
31.200,2,2,-52.0,-2.0,0
31.200,2,2,-52.0,-2.0,0
31.200,2,2,-52.0,-2.0,0
31.200,2,2,-52.0,-2.0,0
31.200,2,2,-52.0,-2.0,0
31.200,2,2,-52.0,-2.0,0
31.200,2,2,-52.0,-2.0,0
31.300,2,2,-52.0,-2.0,0
31.300,2,2,-52.0,-2.0,0
31.300,2,2,-52.0,-2.0,0
31.300,2,2,-52.0,-2.0,0
31.300,2,2,-52.0,-2.0,0
31.300,2,2,-52.0,-2.0,0
31.300,2,2,-52.0,-2.0,0
31.300,2,2,-52.0,-2.0,0
31.300,2,2,-52.0,-2.0,0
31.300,2,2,-52.0,-2.0,0
31.400,2,2,-52.0,-2.0,0
31.400,2,2,-52.0,-2.0,0
31.400,2,2,-52.0,-2.0,0
31.400,2,2,-52.0,-2.0,0
31.400,2,2,-52.0,-2.0,0
31.400,2,2,-52.0,-2.0,0
31.400,2,2,-52.0,-2.0,0
31.400,2,2,-52.0,-2.0,0
31.400,2,2,-52.0,-2.0,0
31.400,2,2,-52.0,-2.0,0
31.400,2,2,-52.0,-2.0,0
31.500,2,2,-52.0,-2.0,0
31.500,2,2,-52.0,-2.0,0
31.500,2,2,-52.0,-2.0,0
31.500,2,2,-52.0,-2.0,0
31.500,2,2,-52.0,-2.0,0
31.500,2,2,-52.0,-2.0,0
31.500,2,2,-52.0,-2.0,0
31.500,2,2,-52.0,-2.0,0
31.500,2,2,-52.0,-2.0,0
31.500,2,2,-52.0,-2.0,0
31.600,2,2,-52.0,-2.0,0
31.600,2,2,-52.0,-2.0,0
31.600,2,2,-52.0,-2.0,0
31.600,2,2,-52.0,-2.0,0
31.600,2,2,-52.0,-2.0,0
31.600,2,2,-52.0,-2.0,0
31.600,2,2,-52.0,-2.0,0
31.600,2,2,-52.0,-2.0,0
31.600,2,2,-52.0,-2.0,0
31.600,2,2,-52.0,-2.0,0
31.700,2,2,-52.0,-2.0,0
31.700,2,2,-52.0,-2.0,0
31.700,2,2,-52.0,-2.0,0
31.700,2,2,-52.0,-2.0,0
31.700,2,2,-52.0,-2.0,0
31.700,2,2,-52.0,-2.0,0
31.700,2,2,-52.0,-2.0,0
31.700,2,2,-52.0,-2.0,0
31.700,2,2,-52.0,-2.0,0
31.700,2,2,-52.0,-2.0,0
31.700,2,2,-52.0,-2.0,0
31.800,2,2,-52.0,-2.0,0
31.800,2,2,-52.0,-2.0,0
31.800,2,2,-52.0,-2.0,0
31.800,2,2,-52.0,-2.0,0
31.800,2,2,-52.0,-2.0,0
31.800,2,2,-52.0,-2.0,0
31.800,2,2,-52.0,-2.0,0
31.800,2,2,-52.0,-2.0,0
31.800,2,2,-52.0,-2.0,0
31.800,2,2,-52.0,-2.0,0
31.900,2,2,-52.0,-2.0,0
31.900,2,2,-52.0,-2.0,0
31.900,2,2,-52.0,-2.0,0
31.900,2,2,-52.0,-2.0,0
31.900,2,2,-52.0,-2.0,0
31.900,2,2,-52.0,-2.0,0
31.900,2,2,-52.0,-2.0,0
31.900,2,2,-52.0,-2.0,0
31.900,2,2,-52.0,-2.0,0
31.900,2,2,-52.0,-2.0,0
31.900,2,2,-52.0,-2.0,0
32.000,2,2,-52.0,-2.0,0
32.000,2,2,-52.0,-2.0,0
32.000,2,2,-52.0,-2.0,0
32.000,2,2,-52.0,-2.0,0
32.000,2,2,-52.0,-2.0,0
32.000,2,2,-52.0,-2.0,0
32.000,2,2,-52.0,-2.0,0
32.000,2,2,-52.0,-2.0,0
32.000,2,2,-52.0,-2.0,0
32.000,2,2,-52.0,-2.0,0
32.100,2,2,-52.0,-2.0,0
32.100,2,2,-52.0,-2.0,0
32.100,2,2,-52.0,-2.0,0
32.100,2,2,-52.0,-2.0,0
32.100,2,2,-52.0,-2.0,0
32.100,2,2,-52.0,-2.0,0
32.100,2,2,-52.0,-2.0,0
32.100,2,2,-52.0,-2.0,0
32.100,2,2,-52.0,-2.0,0
32.100,2,2,-52.0,-2.0,0
32.100,2,2,-52.0,-2.0,0
32.200,2,2,-52.0,-2.0,0
32.200,2,2,-52.0,-2.0,0
32.200,2,2,-52.0,-2.0,0
32.200,2,2,-52.0,-2.0,0
32.200,2,2,-52.0,-2.0,0
32.200,2,2,-52.0,-2.0,0
32.200,2,2,-52.0,-2.0,0
32.200,2,2,-52.0,-2.0,0
32.200,2,2,-52.0,-2.0,0
32.200,2,2,-52.0,-2.0,0
32.300,2,2,-52.0,-2.0,0
32.300,2,2,-52.0,-2.0,0
32.300,2,2,-52.0,-2.0,0
32.300,2,2,-52.0,-2.0,0
32.300,2,2,-52.0,-2.0,0
32.300,2,2,-52.0,-2.0,0
32.300,2,2,-52.0,-2.0,0
32.300,2,2,-52.0,-2.0,0
32.300,2,2,-52.0,-2.0,0
32.300,2,2,-52.0,-2.0,0
32.400,2,2,-52.0,-2.0,0
32.400,2,2,-52.0,-2.0,0
32.400,2,2,-52.0,-2.0,0
32.400,2,2,-52.0,-2.0,0
32.400,2,2,-52.0,-2.0,0
32.400,2,2,-52.0,-2.0,0
32.400,2,2,-52.0,-2.0,0
32.400,2,2,-52.0,-2.0,0
32.400,2,2,-52.0,-2.0,0
32.400,2,2,-52.0,-2.0,0
32.400,2,2,-52.0,-2.0,0
32.500,2,2,-52.0,-2.0,0
32.500,2,2,-52.0,-2.0,0
32.500,2,2,-52.0,-2.0,0
32.500,2,2,-52.0,-2.0,0
32.500,2,2,-52.0,-2.0,0
32.500,2,2,-52.0,-2.0,0
32.500,2,2,-52.0,-2.0,0
32.500,2,2,-52.0,-2.0,0
32.500,2,2,-52.0,-2.0,0
32.500,2,2,-52.0,-2.0,0
32.600,2,2,-52.0,-2.0,0
32.600,2,2,-52.0,-2.0,0
32.600,2,2,-52.0,-2.0,0
32.600,2,2,-52.0,-2.0,0
32.600,2,2,-52.0,-2.0,0
32.600,2,2,-52.0,-2.0,0
32.600,2,2,-52.0,-2.0,0
32.600,2,2,-52.0,-2.0,0
32.600,2,2,-52.0,-2.0,0
32.600,2,2,-52.0,-2.0,0
32.600,2,2,-52.0,-2.0,0
32.700,2,2,-52.0,-2.0,0
32.700,2,2,-52.0,-2.0,0
32.700,2,2,-52.0,-2.0,0
32.700,2,2,-52.0,-2.0,0
32.700,2,2,-52.0,-2.0,0
32.700,2,2,-52.0,-2.0,0
32.700,2,2,-52.0,-2.0,0
32.700,2,2,-52.0,-2.0,0
32.700,2,2,-52.0,-2.0,0
32.700,2,2,-52.0,-2.0,0
32.800,2,2,-52.0,-2.0,0
32.800,2,2,-52.0,-2.0,0
32.800,2,2,-52.0,-2.0,0
32.800,2,2,-52.0,-2.0,0
32.800,2,2,-52.0,-2.0,0
32.800,2,2,-52.0,-2.0,0
32.800,2,2,-52.0,-2.0,0
32.800,2,2,-52.0,-2.0,0
32.800,2,2,-52.0,-2.0,0
32.800,2,2,-52.0,-2.0,0
32.800,2,2,-52.0,-2.0,0
32.900,2,2,-52.0,-2.0,0
32.900,2,2,-52.0,-2.0,0
32.900,2,2,-52.0,-2.0,0
32.900,2,2,-52.0,-2.0,0
32.900,2,2,-52.0,-2.0,0
32.900,2,2,-52.0,-2.0,0
32.900,2,2,-52.0,-2.0,0
32.900,2,2,-52.0,-2.0,0
32.900,2,2,-52.0,-2.0,0
32.900,2,2,-52.0,-2.0,0
33.000,2,2,-52.0,-2.0,0
33.000,2,2,-52.0,-2.0,0
33.000,2,2,-52.0,-2.0,0
33.000,2,2,-52.0,-2.0,0
33.000,2,2,-52.0,-2.0,0
33.000,2,2,-52.0,-2.0,0
33.000,2,2,-52.0,-2.0,0
33.000,2,2,-52.0,-2.0,0
33.000,2,2,-52.0,-2.0,0
33.000,2,2,-52.0,-2.0,0
33.100,2,2,-52.0,-2.0,0
33.100,2,2,-52.0,-2.0,0
33.100,2,2,-52.0,-2.0,0
33.100,2,2,-52.0,-2.0,0
33.100,2,2,-52.0,-2.0,0
33.100,2,2,-52.0,-2.0,0
33.100,2,2,-52.0,-2.0,0
33.100,2,2,-52.0,-2.0,0
33.100,2,2,-52.0,-2.0,0
33.100,2,2,-52.0,-2.0,0
33.100,2,2,-52.0,-2.0,0
33.200,2,2,-52.0,-2.0,0
33.200,2,2,-52.0,-2.0,0
33.200,2,2,-52.0,-2.0,0
33.200,2,2,-52.0,-2.0,0
33.200,2,2,-52.0,-2.0,0
33.200,2,2,-52.0,-2.0,0
33.200,2,2,-52.0,-2.0,0
33.200,2,2,-52.0,-2.0,0
33.200,2,2,-52.0,-2.0,0
33.200,2,2,-52.0,-2.0,0
33.300,2,2,-52.0,-2.0,0
33.300,2,2,-52.0,-2.0,0
33.300,2,2,-52.0,-2.0,0
33.300,2,2,-52.0,-2.0,0
33.300,2,2,-52.0,-2.0,0
33.300,2,2,-52.0,-2.0,0
33.300,2,2,-52.0,-2.0,0
33.300,2,2,-52.0,-2.0,0
33.300,2,2,-52.0,-2.0,0
33.300,2,2,-52.0,-2.0,0
33.300,2,2,-52.0,-2.0,0
33.400,2,2,-52.0,-2.0,0
33.400,2,2,-52.0,-2.0,0
33.400,2,2,-52.0,-2.0,0
33.400,2,2,-52.0,-2.0,0
33.400,2,2,-52.0,-2.0,0
33.400,2,2,-52.0,-2.0,0
33.400,2,2,-52.0,-2.0,0
33.400,2,2,-52.0,-2.0,0
33.400,2,2,-52.0,-2.0,0
33.400,2,2,-52.0,-2.0,0
33.500,2,2,-52.0,-2.0,0
33.500,2,2,-52.0,-2.0,0
33.500,2,2,-52.0,-2.0,0
33.500,2,2,-52.0,-2.0,0
33.500,2,2,-52.0,-2.0,0
33.500,2,2,-52.0,-2.0,0
33.500,2,2,-52.0,-2.0,0
33.500,2,2,-52.0,-2.0,0
33.500,2,2,-52.0,-2.0,0
33.500,2,2,-52.0,-2.0,0
33.500,2,2,-52.0,-2.0,0
33.600,2,2,-52.0,-2.0,0
33.600,2,2,-52.0,-2.0,0
33.600,2,2,-52.0,-2.0,0
33.600,2,2,-52.0,-2.0,0
33.600,2,2,-52.0,-2.0,0
33.600,2,2,-52.0,-2.0,0
33.600,2,2,-52.0,-2.0,0
33.600,2,2,-52.0,-2.0,0
33.600,2,2,-52.0,-2.0,0
33.600,2,2,-52.0,-2.0,0
33.700,2,2,-52.0,-2.0,0
33.700,2,2,-52.0,-2.0,0
33.700,2,2,-52.0,-2.0,0
33.700,2,2,-52.0,-2.0,0
33.700,2,2,-52.0,-2.0,0
33.700,2,2,-52.0,-2.0,0
33.700,2,2,-52.0,-2.0,0
33.700,2,2,-52.0,-2.0,0
33.700,2,2,-52.0,-2.0,0
33.700,2,2,-52.0,-2.0,0
33.700,2,2,-52.0,-2.0,0
33.800,2,2,-54.0,-6.0,0
33.800,2,2,-54.0,-6.0,0
33.800,2,2,-54.0,-6.0,0
33.800,2,2,-54.0,-6.0,0
33.800,2,2,-54.0,-6.0,0
33.800,2,2,-54.0,-6.0,0
33.800,2,2,-54.0,-6.0,0
33.800,2,2,-54.0,-6.0,0
33.800,2,2,-54.0,-6.0,0
33.800,2,2,-54.0,-6.0,0
33.900,2,2,-54.0,-6.0,0
33.900,2,2,-54.0,-6.0,0
33.900,2,2,-54.0,-6.0,0
33.900,2,2,-54.0,-6.0,0
33.900,2,2,-54.0,-6.0,0
33.900,2,2,-54.0,-6.0,0
33.900,2,2,-54.0,-6.0,0
33.900,2,2,-54.0,-6.0,0
33.900,2,2,-54.0,-6.0,0
33.900,2,2,-54.0,-6.0,0
34.000,2,2,-54.0,-6.0,0
34.000,2,2,-54.0,-6.0,0
34.000,2,2,-54.0,-6.0,0
34.000,2,2,-54.0,-6.0,0
34.000,2,2,-54.0,-6.0,0
34.000,2,2,-54.0,-6.0,0
34.000,2,2,-54.0,-6.0,0
34.000,2,2,-54.0,-6.0,0
34.000,2,2,-54.0,-6.0,0
34.000,2,2,-54.0,-6.0,0
34.000,2,2,-54.0,-6.0,0
34.100,2,2,-54.0,-6.0,0
34.100,2,2,-54.0,-6.0,0
34.100,2,2,-54.0,-6.0,0
34.100,2,2,-54.0,-6.0,0
34.100,2,2,-54.0,-6.0,0
34.100,2,2,-54.0,-6.0,0
34.100,2,2,-54.0,-6.0,0
34.100,2,2,-54.0,-6.0,0
34.100,2,2,-54.0,-6.0,0
34.100,2,2,-54.0,-6.0,0
34.200,2,2,-54.0,-6.0,0
34.200,2,2,-54.0,-6.0,0
34.200,2,2,-54.0,-6.0,0
34.200,2,2,-54.0,-6.0,0
34.200,2,2,-54.0,-6.0,0
34.200,2,2,-54.0,-6.0,0
34.200,2,2,-54.0,-6.0,0
34.200,2,2,-54.0,-6.0,0
34.200,2,2,-54.0,-6.0,0
34.200,2,2,-54.0,-6.0,0
34.200,2,2,-54.0,-6.0,0
34.300,2,2,-54.0,-6.0,0
34.300,2,2,-54.0,-6.0,0
34.300,2,2,-54.0,-6.0,0
34.300,2,2,-54.0,-6.0,0
34.300,2,2,-54.0,-6.0,0
34.300,2,2,-54.0,-6.0,0
34.300,2,2,-54.0,-6.0,0
34.300,2,2,-54.0,-6.0,0
34.300,2,2,-54.0,-6.0,0
34.300,2,2,-54.0,-6.0,0
34.400,2,2,-54.0,-6.0,0
34.400,2,2,-54.0,-6.0,0
34.400,2,2,-54.0,-6.0,0
34.400,2,2,-54.0,-6.0,0
34.400,2,2,-54.0,-6.0,0
34.400,2,2,-54.0,-6.0,0
34.400,2,2,-54.0,-6.0,0
34.400,2,2,-54.0,-6.0,0
34.400,2,2,-54.0,-6.0,0
34.400,2,2,-54.0,-6.0,0
34.400,2,2,-54.0,-6.0,0
34.500,2,2,-54.0,-6.0,0
34.500,2,2,-54.0,-6.0,0
34.500,2,2,-54.0,-6.0,0
34.500,2,2,-54.0,-6.0,0
34.500,2,2,-54.0,-6.0,0
34.500,2,2,-54.0,-6.0,0
34.500,2,2,-54.0,-6.0,0
34.500,2,2,-54.0,-6.0,0
34.500,2,2,-54.0,-6.0,0
34.500,2,2,-54.0,-6.0,0
34.600,2,2,-54.0,-6.0,0
34.600,2,2,-54.0,-6.0,0
34.600,2,2,-54.0,-6.0,0
34.600,2,2,-54.0,-6.0,0
34.600,2,2,-54.0,-6.0,0
34.600,2,2,-54.0,-6.0,0
34.600,2,2,-54.0,-6.0,0
34.600,2,2,-54.0,-6.0,0
34.600,2,2,-54.0,-6.0,0
34.600,2,2,-54.0,-6.0,0
34.700,2,2,-54.0,-6.0,0
34.700,2,2,-54.0,-6.0,0
34.700,2,2,-54.0,-6.0,0
34.700,2,2,-54.0,-6.0,0
34.700,2,2,-54.0,-6.0,0
34.700,2,2,-54.0,-6.0,0
34.700,2,2,-54.0,-6.0,0
34.700,2,2,-54.0,-6.0,0
34.700,2,2,-54.0,-6.0,0
34.700,2,2,-54.0,-6.0,0
34.700,2,2,-54.0,-6.0,0
34.800,2,2,-54.0,-6.0,0
34.800,2,2,-54.0,-6.0,0
34.800,2,2,-54.0,-6.0,0
34.800,2,2,-54.0,-6.0,0
34.800,2,2,-54.0,-6.0,0
34.800,2,2,-54.0,-6.0,0
34.800,2,2,-54.0,-6.0,0
34.800,2,2,-54.0,-6.0,0
34.800,2,2,-54.0,-6.0,0
34.800,2,2,-54.0,-6.0,0
34.900,2,2,-54.0,-6.0,0
34.900,2,2,-54.0,-6.0,0
34.900,2,2,-54.0,-6.0,0
34.900,2,2,-54.0,-6.0,0
34.900,2,2,-54.0,-6.0,0
34.900,2,2,-54.0,-6.0,0
34.900,2,2,-54.0,-6.0,0
34.900,2,2,-54.0,-6.0,0
34.900,2,2,-54.0,-6.0,0
34.900,2,2,-54.0,-6.0,0
34.900,2,2,-54.0,-6.0,0
35.000,2,2,-54.0,-6.0,0
35.000,2,2,-54.0,-6.0,0
35.000,2,2,-54.0,-6.0,0
35.000,2,2,-54.0,-6.0,0
35.000,2,2,-54.0,-6.0,0
35.000,2,2,-54.0,-6.0,0
35.000,2,2,-54.0,-6.0,0
35.000,2,2,-54.0,-6.0,0
35.000,2,2,-54.0,-6.0,0
35.000,2,2,-54.0,-6.0,0
35.100,2,2,-54.0,-6.0,0
35.100,2,2,-54.0,-6.0,0
35.100,2,2,-54.0,-6.0,0
35.100,2,2,-54.0,-6.0,0
35.100,2,2,-54.0,-6.0,0
35.100,2,2,-54.0,-6.0,0
35.100,2,2,-54.0,-6.0,0
35.100,2,2,-54.0,-6.0,0
35.100,2,2,-54.0,-6.0,0
35.100,2,2,-54.0,-6.0,0
35.100,2,2,-54.0,-6.0,0
35.200,2,2,-54.0,-6.0,0
35.200,2,2,-54.0,-6.0,0
35.200,2,2,-54.0,-6.0,0
35.200,2,2,-54.0,-6.0,0
35.200,2,2,-54.0,-6.0,0
35.200,2,2,-54.0,-6.0,0
35.200,2,2,-54.0,-6.0,0
35.200,2,2,-54.0,-6.0,0
35.200,2,2,-54.0,-6.0,0
35.200,2,2,-54.0,-6.0,0
35.300,2,2,-54.0,-6.0,0
35.300,2,2,-54.0,-6.0,0
35.300,2,2,-54.0,-6.0,0
35.300,2,2,-54.0,-6.0,0
35.300,2,2,-54.0,-6.0,0
35.300,2,2,-54.0,-6.0,0
35.300,2,2,-54.0,-6.0,0
35.300,2,2,-54.0,-6.0,0
35.300,2,2,-54.0,-6.0,0
35.300,2,2,-54.0,-6.0,0
35.400,2,2,-54.0,-6.0,0
35.400,2,2,-54.0,-6.0,0
35.400,2,2,-54.0,-6.0,0
35.400,2,2,-54.0,-6.0,0
35.400,2,2,-54.0,-6.0,0
35.400,2,2,-54.0,-6.0,0
35.400,2,2,-54.0,-6.0,0
35.400,2,2,-54.0,-6.0,0
35.400,2,2,-54.0,-6.0,0
35.400,2,2,-54.0,-6.0,0
35.400,2,2,-54.0,-6.0,0
35.500,2,2,-54.0,-6.0,0
35.500,2,2,-54.0,-6.0,0
35.500,2,2,-54.0,-6.0,0
35.500,2,2,-54.0,-6.0,0
35.500,2,2,-54.0,-6.0,0
35.500,2,2,-54.0,-6.0,0
35.500,2,2,-54.0,-6.0,0
35.500,2,2,-54.0,-6.0,0
35.500,2,2,-54.0,-6.0,0
35.500,2,2,-54.0,-6.0,0
35.600,2,2,-54.0,-6.0,0
35.600,2,2,-54.0,-6.0,0
35.600,2,2,-54.0,-6.0,0
35.600,2,2,-54.0,-6.0,0
35.600,2,2,-54.0,-6.0,0
35.600,2,2,-54.0,-6.0,0
35.600,2,2,-54.0,-6.0,0
35.600,2,2,-54.0,-6.0,0
35.600,2,2,-54.0,-6.0,0
35.600,2,2,-54.0,-6.0,0
35.600,2,2,-54.0,-6.0,0
35.700,2,2,-54.0,-6.0,0
35.700,2,2,-54.0,-6.0,0
35.700,2,2,-54.0,-6.0,0
35.700,2,2,-54.0,-6.0,0
35.700,2,2,-54.0,-6.0,0
35.700,2,2,-54.0,-6.0,0
35.700,2,2,-54.0,-6.0,0
35.700,2,2,-54.0,-6.0,0
35.700,2,2,-54.0,-6.0,0
35.700,2,2,-54.0,-6.0,0
35.800,2,2,-54.0,-6.0,0
35.800,2,2,-54.0,-6.0,0
35.800,2,2,-54.0,-6.0,0
35.800,2,2,-54.0,-6.0,0
35.800,2,2,-54.0,-6.0,0
35.800,2,2,-54.0,-6.0,0
35.800,2,2,-54.0,-6.0,0
35.800,2,2,-54.0,-6.0,0
35.800,2,2,-54.0,-6.0,0
35.800,2,2,-54.0,-6.0,0
35.800,2,2,-54.0,-6.0,0
35.900,2,2,-54.0,-6.0,0
35.900,2,2,-54.0,-6.0,0
35.900,2,2,-54.0,-6.0,0
35.900,2,2,-54.0,-6.0,0
35.900,2,2,-54.0,-6.0,0
35.900,2,2,-54.0,-6.0,0
35.900,2,2,-54.0,-6.0,0
35.900,2,2,-54.0,-6.0,0
35.900,2,2,-54.0,-6.0,0
35.900,2,2,-54.0,-6.0,0
36.000,2,2,-54.0,-6.0,0
36.000,2,2,-54.0,-6.0,0
36.000,2,2,-54.0,-6.0,0
36.000,2,2,-54.0,-6.0,0
36.000,2,2,-54.0,-6.0,0
36.000,2,2,-54.0,-6.0,0
36.000,2,2,-54.0,-6.0,0
36.000,2,2,-54.0,-6.0,0
36.000,2,2,-54.0,-6.0,0
36.000,2,2,-54.0,-6.0,0
36.000,2,2,-54.0,-6.0,0
36.100,2,2,-54.0,-6.0,0
36.100,2,2,-54.0,-6.0,0
36.100,2,2,-54.0,-6.0,0
36.100,2,2,-54.0,-6.0,0
36.100,2,2,-54.0,-6.0,0
36.100,2,2,-54.0,-6.0,0
36.100,2,2,-54.0,-6.0,0
36.100,2,2,-54.0,-6.0,0
36.100,2,2,-54.0,-6.0,0
36.100,2,2,-54.0,-6.0,0
36.200,2,2,-54.0,-6.0,0
36.200,2,2,-54.0,-6.0,0
36.200,2,2,-54.0,-6.0,0
36.200,2,2,-54.0,-6.0,0
36.200,2,2,-54.0,-6.0,0
36.200,2,2,-54.0,-6.0,0
36.200,2,2,-54.0,-6.0,0
36.200,2,2,-54.0,-6.0,0
36.200,2,2,-54.0,-6.0,0
36.200,2,2,-54.0,-6.0,0
36.300,2,2,-54.0,-6.0,0
36.300,2,2,-54.0,-6.0,0
36.300,2,2,-54.0,-6.0,0
36.300,2,2,-54.0,-6.0,0
36.300,2,2,-54.0,-6.0,0
36.300,2,2,-54.0,-6.0,0
36.300,2,2,-54.0,-6.0,0
36.300,2,2,-54.0,-6.0,0
36.300,2,2,-54.0,-6.0,0
36.300,2,2,-54.0,-6.0,0
36.300,2,2,-54.0,-6.0,0
36.400,2,2,-54.0,-6.0,0
36.400,2,2,-54.0,-6.0,0
36.400,2,2,-54.0,-6.0,0
36.400,2,2,-54.0,-6.0,0
36.400,2,2,-54.0,-6.0,0
36.400,2,2,-54.0,-6.0,0
36.400,2,2,-54.0,-6.0,0
36.400,2,2,-54.0,-6.0,0
36.400,2,2,-54.0,-6.0,0
36.400,2,2,-54.0,-6.0,0
36.500,2,2,-54.0,-6.0,0
36.500,2,2,-54.0,-6.0,0
36.500,2,2,-54.0,-6.0,0
36.500,2,2,-54.0,-6.0,0
36.500,2,2,-54.0,-6.0,0
36.500,2,2,-54.0,-6.0,0
36.500,2,2,-54.0,-6.0,0
36.500,2,2,-54.0,-6.0,0
36.500,2,2,-54.0,-6.0,0
36.500,2,2,-54.0,-6.0,0
36.500,2,2,-54.0,-6.0,0
36.600,2,2,-54.0,-6.0,0
36.600,2,2,-54.0,-6.0,0
36.600,2,2,-54.0,-6.0,0
36.600,2,2,-54.0,-6.0,0
36.600,2,2,-54.0,-6.0,0
36.600,2,2,-54.0,-6.0,0
36.600,2,2,-54.0,-6.0,0
36.600,2,2,-54.0,-6.0,0
36.600,2,2,-54.0,-6.0,0
36.600,2,2,-54.0,-6.0,0
36.700,2,2,-54.0,-6.0,0
36.700,2,2,-54.0,-6.0,0
36.700,2,2,-54.0,-6.0,0
36.700,2,2,-54.0,-6.0,0
36.700,2,2,-54.0,-6.0,0
36.700,2,2,-54.0,-6.0,0
36.700,2,2,-54.0,-6.0,0
36.700,2,2,-54.0,-6.0,0
36.700,2,2,-54.0,-6.0,0
36.700,2,2,-54.0,-6.0,0
36.700,2,2,-54.0,-6.0,0
36.800,2,2,-54.0,-6.0,0
36.800,2,2,-54.0,-6.0,0
36.800,2,2,-54.0,-6.0,0
36.800,2,2,-54.0,-6.0,0
36.800,2,2,-54.0,-6.0,0
36.800,2,2,-54.0,-6.0,0
36.800,2,2,-54.0,-6.0,0
36.800,2,2,-54.0,-6.0,0
36.800,2,2,-54.0,-6.0,0
36.800,2,2,-54.0,-6.0,0
36.900,2,2,-54.0,-6.0,0
36.900,2,2,-54.0,-6.0,0
36.900,2,2,-54.0,-6.0,0
36.900,2,2,-54.0,-6.0,0
36.900,2,2,-54.0,-6.0,0
36.900,2,2,-54.0,-6.0,0
36.900,2,2,-54.0,-6.0,0
36.900,2,2,-54.0,-6.0,0
36.900,2,2,-54.0,-6.0,0
36.900,2,2,-54.0,-6.0,0
37.000,2,2,-54.0,-6.0,0
37.000,2,2,-54.0,-6.0,0
37.000,2,2,-54.0,-6.0,0
37.000,2,2,-54.0,-6.0,0
37.000,2,2,-54.0,-6.0,0
37.000,2,2,-54.0,-6.0,0
37.000,2,2,-54.0,-6.0,0
37.000,2,2,-54.0,-6.0,0
37.000,2,2,-54.0,-6.0,0
37.000,2,2,-54.0,-6.0,0
37.000,2,2,-54.0,-6.0,0
37.100,2,2,-54.0,-6.0,0
37.100,2,2,-54.0,-6.0,0
37.100,2,2,-54.0,-6.0,0
37.100,2,2,-54.0,-6.0,0
37.100,2,2,-54.0,-6.0,0
37.100,2,2,-54.0,-6.0,0
37.100,2,2,-54.0,-6.0,0
37.100,2,2,-54.0,-6.0,0
37.100,2,2,-54.0,-6.0,0
37.100,2,2,-54.0,-6.0,0
37.200,2,2,-54.0,-6.0,0
37.200,2,2,-54.0,-6.0,0
37.200,2,2,-54.0,-6.0,0
37.200,2,2,-54.0,-6.0,0
37.200,2,2,-54.0,-6.0,0
37.200,2,2,-54.0,-6.0,0
37.200,2,2,-54.0,-6.0,0
37.200,2,2,-54.0,-6.0,0
37.200,2,2,-54.0,-6.0,0
37.200,2,2,-54.0,-6.0,0
37.200,2,2,-54.0,-6.0,0
37.300,2,2,-54.0,-6.0,0
37.300,2,2,-54.0,-6.0,0
37.300,2,2,-54.0,-6.0,0
37.300,2,2,-54.0,-6.0,0
37.300,2,2,-54.0,-6.0,0
37.300,2,2,-54.0,-6.0,0
37.300,2,2,-54.0,-6.0,0
37.300,2,2,-54.0,-6.0,0
37.300,2,2,-54.0,-6.0,0
37.300,2,2,-54.0,-6.0,0
37.400,2,2,-54.0,-6.0,0
37.400,2,2,-54.0,-6.0,0
37.400,2,2,-54.0,-6.0,0
37.400,2,2,-54.0,-6.0,0
37.400,2,2,-54.0,-6.0,0
37.400,2,2,-54.0,-6.0,0
37.400,2,2,-54.0,-6.0,0
37.400,2,2,-54.0,-6.0,0
37.400,2,2,-54.0,-6.0,0
37.400,2,2,-54.0,-6.0,0
37.400,2,2,-54.0,-6.0,0
37.500,2,2,-54.0,-6.0,0
37.500,2,2,-54.0,-6.0,0
37.500,2,2,-54.0,-6.0,0
37.500,2,2,-54.0,-6.0,0
37.500,2,2,-54.0,-6.0,0
37.500,2,2,-54.0,-6.0,0
37.500,2,2,-54.0,-6.0,0
37.500,2,2,-54.0,-6.0,0
37.500,2,2,-54.0,-6.0,0
37.500,2,2,-54.0,-6.0,0
37.600,2,2,-54.0,-6.0,0
37.600,2,2,-54.0,-6.0,0
37.600,2,2,-54.0,-6.0,0
37.600,2,2,-54.0,-6.0,0
37.600,2,2,-54.0,-6.0,0
37.600,2,2,-54.0,-6.0,0
37.600,2,2,-54.0,-6.0,0
37.600,2,2,-54.0,-6.0,0
37.600,2,2,-54.0,-6.0,0
37.600,2,2,-54.0,-6.0,0
37.700,2,2,-54.0,-6.0,0
37.700,2,2,-54.0,-6.0,0
37.700,2,2,-54.0,-6.0,0
37.700,2,2,-54.0,-6.0,0
37.700,2,2,-54.0,-6.0,0
37.700,2,2,-54.0,-6.0,0
37.700,2,2,-54.0,-6.0,0
37.700,2,2,-54.0,-6.0,0
37.700,2,2,-54.0,-6.0,0
37.700,2,2,-54.0,-6.0,0
37.700,2,2,-54.0,-6.0,0
37.800,2,2,-54.0,-6.0,0
37.800,2,2,-54.0,-6.0,0
37.800,2,2,-54.0,-6.0,0
37.800,2,2,-54.0,-6.0,0
37.800,2,2,-54.0,-6.0,0
37.800,2,2,-54.0,-6.0,0
37.800,2,2,-54.0,-6.0,0
37.800,2,2,-54.0,-6.0,0
37.800,2,2,-54.0,-6.0,0
37.800,2,2,-54.0,-6.0,0
37.900,2,2,-54.0,-6.0,0
37.900,2,2,-54.0,-6.0,0
37.900,2,2,-54.0,-6.0,0
37.900,2,2,-54.0,-6.0,0
37.900,2,2,-54.0,-6.0,0
37.900,2,2,-54.0,-6.0,0
37.900,2,2,-54.0,-6.0,0
37.900,2,2,-54.0,-6.0,0
37.900,2,2,-54.0,-6.0,0
37.900,2,2,-54.0,-6.0,0
37.900,2,2,-54.0,-6.0,0
38.000,2,2,-54.0,-6.0,0
38.000,2,2,-54.0,-6.0,0
38.000,2,2,-54.0,-6.0,0
38.000,2,2,-54.0,-6.0,0
38.000,2,2,-54.0,-6.0,0
38.000,2,2,-54.0,-6.0,0
38.000,2,2,-54.0,-6.0,0
38.000,2,2,-54.0,-6.0,0
38.000,2,2,-54.0,-6.0,0
38.000,2,2,-54.0,-6.0,0
38.100,2,2,-54.0,-6.0,0
38.100,2,2,-54.0,-6.0,0
38.100,2,2,-54.0,-6.0,0
38.100,2,2,-54.0,-6.0,0
38.100,2,2,-54.0,-6.0,0
38.100,2,2,-54.0,-6.0,0
38.100,2,2,-54.0,-6.0,0
38.100,2,2,-54.0,-6.0,0
38.100,2,2,-54.0,-6.0,0
38.100,2,2,-54.0,-6.0,0
38.100,2,2,-54.0,-6.0,0
38.200,2,2,-54.0,-6.0,0
38.200,2,2,-54.0,-6.0,0
38.200,2,2,-54.0,-6.0,0
38.200,2,2,-54.0,-6.0,0
38.200,2,2,-54.0,-6.0,0
38.200,2,2,-54.0,-6.0,0
38.200,2,2,-54.0,-6.0,0
38.200,2,2,-54.0,-6.0,0
38.200,2,2,-54.0,-6.0,0
38.200,2,2,-54.0,-6.0,0
38.300,2,2,-54.0,-6.0,0
38.300,2,2,-54.0,-6.0,0
38.300,2,2,-54.0,-6.0,0
38.300,2,2,-54.0,-6.0,0
38.300,2,2,-54.0,-6.0,0
38.300,2,2,-54.0,-6.0,0
38.300,2,2,-54.0,-6.0,0
38.300,2,2,-54.0,-6.0,0
38.300,2,2,-54.0,-6.0,0
38.300,2,2,-54.0,-6.0,0
38.300,2,2,-54.0,-6.0,0
38.400,2,2,-54.0,-6.0,0
38.400,2,2,-54.0,-6.0,0
38.400,2,2,-54.0,-6.0,0
38.400,2,2,-54.0,-6.0,0
38.400,2,2,-54.0,-6.0,0
38.400,2,2,-54.0,-6.0,0
38.400,2,2,-54.0,-6.0,0
38.400,2,2,-54.0,-6.0,0
38.400,2,2,-54.0,-6.0,0
38.400,2,2,-54.0,-6.0,0
38.500,2,2,-54.0,-6.0,0
38.500,2,2,-54.0,-6.0,0
38.500,2,2,-54.0,-6.0,0
38.500,2,2,-54.0,-6.0,0
38.500,2,2,-54.0,-6.0,0
38.500,2,2,-54.0,-6.0,0
38.500,2,2,-54.0,-6.0,0
38.500,2,2,-54.0,-6.0,0
38.500,2,2,-54.0,-6.0,0
38.500,2,2,-54.0,-6.0,0
38.600,2,2,-54.0,-6.0,0
38.600,2,2,-54.0,-6.0,0
38.600,2,2,-54.0,-6.0,0
38.600,2,2,-54.0,-6.0,0
38.600,2,2,-54.0,-6.0,0
38.600,2,2,-54.0,-6.0,0
38.600,2,2,-54.0,-6.0,0
38.600,2,2,-54.0,-6.0,0
38.600,2,2,-54.0,-6.0,0
38.600,2,2,-54.0,-6.0,0
38.600,2,2,-54.0,-6.0,0
38.700,2,2,-54.0,-6.0,0
38.700,2,2,-54.0,-6.0,0
38.700,2,2,-54.0,-6.0,0
38.700,2,2,-54.0,-6.0,0
38.700,2,2,-54.0,-6.0,0
38.700,2,2,-54.0,-6.0,0
38.700,2,2,-54.0,-6.0,0
38.700,2,2,-54.0,-6.0,0
38.700,2,2,-54.0,-6.0,0
38.700,2,2,-54.0,-6.0,0
38.800,2,2,-54.0,-6.0,0
38.800,2,2,-54.0,-6.0,0
38.800,2,2,-54.0,-6.0,0
38.800,2,2,-54.0,-6.0,0
38.800,2,2,-54.0,-6.0,0
38.800,2,2,-54.0,-6.0,0
38.800,2,2,-54.0,-6.0,0
38.800,2,2,-54.0,-6.0,0
38.800,2,2,-54.0,-6.0,0
38.800,2,2,-54.0,-6.0,0
38.800,2,2,-54.0,-6.0,0
38.900,2,2,-54.0,-6.0,0
38.900,2,2,-54.0,-6.0,0
38.900,2,2,-54.0,-6.0,0
38.900,2,2,-54.0,-6.0,0
38.900,2,2,-54.0,-6.0,0
38.900,2,2,-54.0,-6.0,0
38.900,2,2,-54.0,-6.0,0
38.900,2,2,-54.0,-6.0,0
38.900,2,2,-54.0,-6.0,0
38.900,2,2,-54.0,-6.0,0
39.000,2,2,-54.0,-6.0,0
39.000,2,2,-54.0,-6.0,0
39.000,2,2,-54.0,-6.0,0
39.000,2,2,-54.0,-6.0,0
39.000,2,2,-54.0,-6.0,0
39.000,2,2,-54.0,-6.0,0
39.000,2,2,-54.0,-6.0,0
39.000,2,2,-54.0,-6.0,0
39.000,2,2,-54.0,-6.0,0
39.000,2,2,-54.0,-6.0,0
39.000,2,2,-54.0,-6.0,0
39.100,2,2,-54.0,-6.0,0
39.100,2,2,-54.0,-6.0,0
39.100,2,2,-54.0,-6.0,0
39.100,2,2,-54.0,-6.0,0
39.100,2,2,-54.0,-6.0,0
39.100,2,2,-54.0,-6.0,0
39.100,2,2,-54.0,-6.0,0
39.100,2,2,-54.0,-6.0,0
39.100,2,2,-54.0,-6.0,0
39.100,2,2,-54.0,-6.0,0
39.200,2,2,-54.0,-6.0,0
39.200,2,2,-54.0,-6.0,0
39.200,2,2,-54.0,-6.0,0
39.200,2,2,-54.0,-6.0,0
39.200,2,2,-54.0,-6.0,0
39.200,2,2,-54.0,-6.0,0
39.200,2,2,-54.0,-6.0,0
39.200,2,2,-54.0,-6.0,0
39.200,2,2,-54.0,-6.0,0
39.200,2,2,-54.0,-6.0,0
39.300,2,2,-54.0,-6.0,0
39.300,2,2,-54.0,-6.0,0
39.300,2,2,-54.0,-6.0,0
39.300,2,2,-54.0,-6.0,0
39.300,2,2,-54.0,-6.0,0
39.300,2,2,-54.0,-6.0,0
39.300,2,2,-54.0,-6.0,0
39.300,2,2,-54.0,-6.0,0
39.300,2,2,-54.0,-6.0,0
39.300,2,2,-54.0,-6.0,0
39.300,2,2,-54.0,-6.0,0
39.400,2,2,-54.0,-6.0,0
39.400,2,2,-54.0,-6.0,0
39.400,2,2,-54.0,-6.0,0
39.400,2,2,-54.0,-6.0,0
39.400,2,2,-54.0,-6.0,0
39.400,2,2,-54.0,-6.0,0
39.400,2,2,-54.0,-6.0,0
39.400,2,2,-54.0,-6.0,0
39.400,2,2,-54.0,-6.0,0
39.400,2,2,-54.0,-6.0,0
39.500,2,2,-54.0,-6.0,0
39.500,2,2,-54.0,-6.0,0
39.500,2,2,-54.0,-6.0,0
39.500,2,2,-54.0,-6.0,0
39.500,2,2,-54.0,-6.0,0
39.500,2,2,-54.0,-6.0,0
39.500,2,2,-54.0,-6.0,0
39.500,2,2,-54.0,-6.0,0
39.500,2,2,-54.0,-6.0,0
39.500,2,2,-54.0,-6.0,0
39.500,2,2,-54.0,-6.0,0
39.600,2,2,-54.0,-6.0,0
39.600,2,2,-54.0,-6.0,0
39.600,2,2,-54.0,-6.0,0
39.600,2,2,-54.0,-6.0,0
39.600,2,2,-54.0,-6.0,0
39.600,2,2,-54.0,-6.0,0
39.600,2,2,-54.0,-6.0,0
39.600,2,2,-54.0,-6.0,0
39.600,2,2,-54.0,-6.0,0
39.600,2,2,-54.0,-6.0,0
39.700,2,2,-54.0,-6.0,0
39.700,2,2,-54.0,-6.0,0
39.700,2,2,-54.0,-6.0,0
39.700,2,2,-54.0,-6.0,0
39.700,2,2,-54.0,-6.0,0
39.700,2,2,-54.0,-6.0,0
39.700,2,2,-54.0,-6.0,0
39.700,2,2,-54.0,-6.0,0
39.700,2,2,-54.0,-6.0,0
39.700,2,2,-54.0,-6.0,0
39.700,2,2,-54.0,-6.0,0
39.800,2,2,-54.0,-6.0,0
39.800,2,2,-54.0,-6.0,0
39.800,2,2,-54.0,-6.0,0
39.800,2,2,-54.0,-6.0,0
39.800,2,2,-54.0,-6.0,0
39.800,2,2,-54.0,-6.0,0
39.800,2,2,-54.0,-6.0,0
39.800,2,2,-54.0,-6.0,0
39.800,2,2,-54.0,-6.0,0
39.800,2,2,-54.0,-6.0,0
39.900,2,2,-54.0,-6.0,0
39.900,2,2,-54.0,-6.0,0
39.900,2,2,-54.0,-6.0,0
39.900,2,2,-54.0,-6.0,0
39.900,2,2,-54.0,-6.0,0
39.900,2,2,-54.0,-6.0,0
39.900,2,2,-54.0,-6.0,0
39.900,2,2,-54.0,-6.0,0
39.900,2,2,-54.0,-6.0,0
39.900,2,2,-54.0,-6.0,0
40.000,2,2,-54.0,-6.0,0
40.000,2,2,-54.0,-6.0,0
40.000,2,2,-54.0,-6.0,0
40.000,2,2,-54.0,-6.0,0
40.000,2,2,-54.0,-6.0,0
40.000,2,2,-54.0,-6.0,0
40.000,2,2,-54.0,-6.0,0
40.000,2,2,-54.0,-6.0,0
40.000,2,2,-54.0,-6.0,0
40.000,2,2,-54.0,-6.0,0
40.000,2,2,-54.0,-6.0,0
40.100,2,2,-54.0,-6.0,0
40.100,2,2,-54.0,-6.0,0
40.100,2,2,-54.0,-6.0,0
40.100,2,2,-54.0,-6.0,0
40.100,2,2,-54.0,-6.0,0
40.100,2,2,-54.0,-6.0,0
40.100,2,2,-54.0,-6.0,0
40.100,2,2,-54.0,-6.0,0
40.100,2,2,-54.0,-6.0,0
40.100,2,2,-54.0,-6.0,0
40.200,2,2,-54.0,-6.0,0
40.200,2,2,-54.0,-6.0,0
40.200,2,2,-54.0,-6.0,0
40.200,2,2,-54.0,-6.0,0
40.200,2,2,-54.0,-6.0,0
40.200,2,2,-54.0,-6.0,0
40.200,2,2,-54.0,-6.0,0
40.200,2,2,-54.0,-6.0,0
40.200,2,2,-54.0,-6.0,0
40.200,2,2,-54.0,-6.0,0
40.200,2,2,-54.0,-6.0,0
40.300,2,2,-54.0,-6.0,0
40.300,2,2,-54.0,-6.0,0
40.300,2,2,-54.0,-6.0,0
40.300,2,2,-54.0,-6.0,0
40.300,2,2,-54.0,-6.0,0
40.300,2,2,-54.0,-6.0,0
40.300,2,2,-54.0,-6.0,0
40.300,2,2,-54.0,-6.0,0
40.300,2,2,-54.0,-6.0,0
40.300,2,2,-54.0,-6.0,0
40.400,2,2,-54.0,-6.0,0
40.400,2,2,-54.0,-6.0,0
40.400,2,2,-54.0,-6.0,0
40.400,2,2,-54.0,-6.0,0
40.400,2,2,-54.0,-6.0,0
40.400,2,2,-54.0,-6.0,0
40.400,2,2,-54.0,-6.0,0
40.400,2,2,-54.0,-6.0,0
40.400,2,2,-54.0,-6.0,0
40.400,2,2,-54.0,-6.0,0
40.400,2,2,-54.0,-6.0,0
40.500,2,2,-54.0,-6.0,0
40.500,2,2,-54.0,-6.0,0
40.500,2,2,-54.0,-6.0,0
40.500,2,2,-54.0,-6.0,0
40.500,2,2,-54.0,-6.0,0
40.500,2,2,-54.0,-6.0,0
40.500,2,2,-54.0,-6.0,0
40.500,2,2,-54.0,-6.0,0
40.500,2,2,-54.0,-6.0,0
40.500,2,2,-54.0,-6.0,0
40.600,2,2,-54.0,-6.0,0
40.600,2,2,-54.0,-6.0,0
40.600,2,2,-54.0,-6.0,0
40.600,2,2,-54.0,-6.0,0
40.600,2,2,-54.0,-6.0,0
40.600,2,2,-54.0,-6.0,0
40.600,2,2,-54.0,-6.0,0
40.600,2,2,-54.0,-6.0,0
40.600,2,2,-54.0,-6.0,0
40.600,2,2,-54.0,-6.0,0
40.600,2,2,-54.0,-6.0,0
40.700,2,2,-54.0,-6.0,0
40.700,2,2,-54.0,-6.0,0
40.700,2,2,-54.0,-6.0,0
40.700,2,2,-54.0,-6.0,0
40.700,2,2,-54.0,-6.0,0
40.700,2,2,-54.0,-6.0,0
40.700,2,2,-54.0,-6.0,0
40.700,2,2,-54.0,-6.0,0
40.700,2,2,-54.0,-6.0,0
40.700,2,2,-54.0,-6.0,0
40.800,2,2,-54.0,-6.0,0
40.800,2,2,-54.0,-6.0,0
40.800,2,2,-54.0,-6.0,0
40.800,2,2,-54.0,-6.0,0
40.800,2,2,-54.0,-6.0,0
40.800,2,2,-54.0,-6.0,0
40.800,2,2,-54.0,-6.0,0
40.800,2,2,-54.0,-6.0,0
40.800,2,2,-54.0,-6.0,0
40.800,2,2,-54.0,-6.0,0
40.900,2,2,-54.0,-6.0,0
40.900,2,2,-54.0,-6.0,0
40.900,2,2,-54.0,-6.0,0
40.900,2,2,-54.0,-6.0,0
40.900,2,2,-54.0,-6.0,0
40.900,2,2,-54.0,-6.0,0
40.900,2,2,-54.0,-6.0,0
40.900,2,2,-54.0,-6.0,0
40.900,2,2,-54.0,-6.0,0
40.900,2,2,-54.0,-6.0,0
40.900,2,2,-54.0,-6.0,0
41.000,2,2,-54.0,-6.0,0
41.000,2,2,-54.0,-6.0,0
41.000,2,2,-54.0,-6.0,0
41.000,2,2,-54.0,-6.0,0
41.000,2,2,-54.0,-6.0,0
41.000,2,2,-54.0,-6.0,0
41.000,2,2,-54.0,-6.0,0
41.000,2,2,-54.0,-6.0,0
41.000,2,2,-54.0,-6.0,0
41.000,2,2,-54.0,-6.0,0
41.100,2,2,-54.0,-6.0,0
41.100,2,2,-54.0,-6.0,0
41.100,2,2,-54.0,-6.0,0
41.100,2,2,-54.0,-6.0,0
41.100,2,2,-54.0,-6.0,0
41.100,2,2,-54.0,-6.0,0
41.100,2,2,-54.0,-6.0,0
41.100,2,2,-54.0,-6.0,0
41.100,2,2,-54.0,-6.0,0
41.100,2,2,-54.0,-6.0,0
41.100,2,2,-54.0,-6.0,0
41.200,2,2,-54.0,-6.0,0
41.200,2,2,-54.0,-6.0,0
41.200,2,2,-54.0,-6.0,0
41.200,2,2,-54.0,-6.0,0
41.200,2,2,-54.0,-6.0,0
41.200,2,2,-54.0,-6.0,0
41.200,2,2,-54.0,-6.0,0
41.200,2,2,-54.0,-6.0,0
41.200,2,2,-54.0,-6.0,0
41.200,2,2,-54.0,-6.0,0
41.300,2,2,-54.0,-6.0,0
41.300,2,2,-54.0,-6.0,0
41.300,2,2,-54.0,-6.0,0
41.300,2,2,-54.0,-6.0,0
41.300,2,2,-54.0,-6.0,0
41.300,2,2,-54.0,-6.0,0
41.300,2,2,-54.0,-6.0,0
41.300,2,2,-54.0,-6.0,0
41.300,2,2,-54.0,-6.0,0
41.300,2,2,-54.0,-6.0,0
41.300,2,2,-54.0,-6.0,0
41.400,2,2,-54.0,-6.0,0
41.400,2,2,-54.0,-6.0,0
41.400,2,2,-54.0,-6.0,0
41.400,2,2,-54.0,-6.0,0
41.400,2,2,-54.0,-6.0,0
41.400,2,2,-54.0,-6.0,0
41.400,2,2,-54.0,-6.0,0
41.400,2,2,-54.0,-6.0,0
41.400,2,2,-54.0,-6.0,0
41.400,2,2,-54.0,-6.0,0
41.500,2,2,-54.0,-6.0,0
41.500,2,2,-54.0,-6.0,0
41.500,2,2,-54.0,-6.0,0
41.500,2,2,-54.0,-6.0,0
41.500,2,2,-54.0,-6.0,0
41.500,2,2,-54.0,-6.0,0
41.500,2,2,-54.0,-6.0,0
41.500,2,2,-54.0,-6.0,0
41.500,2,2,-54.0,-6.0,0
41.500,2,2,-54.0,-6.0,0
41.600,2,2,-54.0,-6.0,0
41.600,2,2,-54.0,-6.0,0
41.600,2,2,-54.0,-6.0,0
41.600,2,2,-54.0,-6.0,0
41.600,2,2,-54.0,-6.0,0
41.600,2,2,-54.0,-6.0,0
41.600,2,2,-54.0,-6.0,0
41.600,2,2,-54.0,-6.0,0
41.600,2,2,-54.0,-6.0,0
41.600,2,2,-54.0,-6.0,0
41.600,2,2,-54.0,-6.0,0
41.700,2,2,-54.0,-6.0,0
41.700,2,2,-54.0,-6.0,0
41.700,2,2,-54.0,-6.0,0
41.700,2,2,-54.0,-6.0,0
41.700,2,2,-54.0,-6.0,0
41.700,2,2,-54.0,-6.0,0
41.700,2,2,-54.0,-6.0,0
41.700,2,2,-54.0,-6.0,0
41.700,2,2,-54.0,-6.0,0
41.700,2,2,-54.0,-6.0,0
41.800,2,2,-54.0,-6.0,0
41.800,2,2,-54.0,-6.0,0
41.800,2,2,-54.0,-6.0,0
41.800,2,2,-54.0,-6.0,0
41.800,2,2,-54.0,-6.0,0
41.800,2,2,-54.0,-6.0,0
41.800,2,2,-54.0,-6.0,0
41.800,2,2,-54.0,-6.0,0
41.800,2,2,-54.0,-6.0,0
41.800,2,2,-54.0,-6.0,0
41.800,2,2,-54.0,-6.0,0
41.900,2,2,-54.0,-6.0,0
41.900,2,2,-54.0,-6.0,0
41.900,2,2,-54.0,-6.0,0
41.900,2,2,-54.0,-6.0,0
41.900,2,2,-54.0,-6.0,0
41.900,2,2,-54.0,-6.0,0
41.900,2,2,-54.0,-6.0,0
41.900,2,2,-54.0,-6.0,0
41.900,2,2,-54.0,-6.0,0
41.900,2,2,-54.0,-6.0,0
42.000,2,2,-54.0,-6.0,0
42.000,2,2,-54.0,-6.0,0
42.000,2,2,-54.0,-6.0,0
42.000,2,2,-54.0,-6.0,0
42.000,2,2,-54.0,-6.0,0
42.000,2,2,-54.0,-6.0,0
42.000,2,2,-54.0,-6.0,0
42.000,2,2,-54.0,-6.0,0
42.000,2,2,-54.0,-6.0,0
42.000,2,2,-54.0,-6.0,0
42.000,2,2,-54.0,-6.0,0
42.100,2,2,-54.0,-6.0,0
42.100,2,2,-54.0,-6.0,0
42.100,2,2,-54.0,-6.0,0
42.100,2,2,-54.0,-6.0,0
42.100,2,2,-54.0,-6.0,0
42.100,2,2,-54.0,-6.0,0
42.100,2,2,-54.0,-6.0,0
42.100,2,2,-54.0,-6.0,0
42.100,2,2,-54.0,-6.0,0
42.100,2,2,-54.0,-6.0,0
42.200,2,2,-54.0,-6.0,0
42.200,2,2,-54.0,-6.0,0
42.200,2,2,-54.0,-6.0,0
42.200,2,2,-54.0,-6.0,0
42.200,2,2,-54.0,-6.0,0
42.200,2,2,-54.0,-6.0,0
42.200,2,2,-54.0,-6.0,0
42.200,2,2,-54.0,-6.0,0
42.200,2,2,-54.0,-6.0,0
42.200,2,2,-54.0,-6.0,0
42.300,2,2,-54.0,-6.0,0
42.300,2,2,-54.0,-6.0,0
42.300,2,2,-54.0,-6.0,0
42.300,2,2,-54.0,-6.0,0
42.300,2,2,-54.0,-6.0,0
42.300,2,2,-54.0,-6.0,0
42.300,2,2,-54.0,-6.0,0
42.300,2,2,-54.0,-6.0,0
42.300,2,2,-54.0,-6.0,0
42.300,2,2,-54.0,-6.0,0
42.300,2,2,-54.0,-6.0,0
42.400,2,2,-54.0,-6.0,0
42.400,2,2,-54.0,-6.0,0
42.400,2,2,-54.0,-6.0,0
42.400,2,2,-54.0,-6.0,0
42.400,2,2,-54.0,-6.0,0
42.400,2,2,-54.0,-6.0,0
42.400,2,2,-54.0,-6.0,0
42.400,2,2,-54.0,-6.0,0
42.400,2,2,-54.0,-6.0,0
42.400,2,2,-54.0,-6.0,0
42.500,2,2,-54.0,-6.0,0
42.500,2,2,-54.0,-6.0,0
42.500,2,2,-54.0,-6.0,0
42.500,2,2,-54.0,-6.0,0
42.500,2,2,-54.0,-6.0,0
42.500,2,2,-54.0,-6.0,0
42.500,2,2,-54.0,-6.0,0
42.500,2,2,-54.0,-6.0,0
42.500,2,2,-54.0,-6.0,0
42.500,2,2,-54.0,-6.0,0
42.500,2,2,-54.0,-6.0,0
42.600,2,2,-54.0,-6.0,0
42.600,2,2,-54.0,-6.0,0
42.600,2,2,-54.0,-6.0,0
42.600,2,2,-54.0,-6.0,0
42.600,2,2,-54.0,-6.0,0
42.600,2,2,-54.0,-6.0,0
42.600,2,2,-54.0,-6.0,0
42.600,2,2,-54.0,-6.0,0
42.600,2,2,-54.0,-6.0,0
42.600,2,2,-54.0,-6.0,0
42.700,2,2,-54.0,-6.0,0
42.700,2,2,-54.0,-6.0,0
42.700,2,2,-54.0,-6.0,0
42.700,2,2,-54.0,-6.0,0
42.700,2,2,-54.0,-6.0,0
42.700,2,2,-54.0,-6.0,0
42.700,2,2,-54.0,-6.0,0
42.700,2,2,-54.0,-6.0,0
42.700,2,2,-54.0,-6.0,0
42.700,2,2,-54.0,-6.0,0
42.700,2,2,-54.0,-6.0,0
42.800,2,2,-54.0,-6.0,0
42.800,2,2,-54.0,-6.0,0
42.800,2,2,-54.0,-6.0,0
42.800,2,2,-54.0,-6.0,0
42.800,2,2,-54.0,-6.0,0
42.800,2,2,-54.0,-6.0,0
42.800,2,2,-54.0,-6.0,0
42.800,2,2,-54.0,-6.0,0
42.800,2,2,-54.0,-6.0,0
42.800,2,2,-54.0,-6.0,0
42.900,2,2,-54.0,-6.0,0
42.900,2,2,-54.0,-6.0,0
42.900,2,2,-54.0,-6.0,0
42.900,2,2,-54.0,-6.0,0
42.900,2,2,-54.0,-6.0,0
42.900,2,2,-54.0,-6.0,0
42.900,2,2,-54.0,-6.0,0
42.900,2,2,-54.0,-6.0,0
42.900,2,2,-54.0,-6.0,0
42.900,2,2,-54.0,-6.0,0
42.900,2,2,-54.0,-6.0,0
43.000,2,2,-54.0,-6.0,0
43.000,2,2,-54.0,-6.0,0
43.000,2,2,-54.0,-6.0,0
43.000,2,2,-54.0,-6.0,0
43.000,2,2,-54.0,-6.0,0
43.000,2,2,-54.0,-6.0,0
43.000,2,2,-54.0,-6.0,0
43.000,2,2,-54.0,-6.0,0
43.000,2,2,-54.0,-6.0,0
43.000,2,2,-54.0,-6.0,0
43.100,2,2,-54.0,-6.0,0
43.100,2,2,-54.0,-6.0,0
43.100,2,2,-54.0,-6.0,0
43.100,2,2,-54.0,-6.0,0
43.100,2,2,-54.0,-6.0,0
43.100,2,2,-54.0,-6.0,0
43.100,2,2,-54.0,-6.0,0
43.100,2,2,-54.0,-6.0,0
43.100,2,2,-54.0,-6.0,0
43.100,2,2,-54.0,-6.0,0
43.200,2,2,-54.0,-6.0,0
43.200,2,2,-54.0,-6.0,0
43.200,2,2,-54.0,-6.0,0
43.200,2,2,-54.0,-6.0,0
43.200,2,2,-54.0,-6.0,0
43.200,2,2,-54.0,-6.0,0
43.200,2,2,-54.0,-6.0,0
43.200,2,2,-54.0,-6.0,0
43.200,2,2,-54.0,-6.0,0
43.200,2,2,-54.0,-6.0,0
43.200,2,2,-54.0,-6.0,0
43.300,2,2,-54.0,-6.0,0
43.300,2,2,-54.0,-6.0,0
43.300,2,2,-54.0,-6.0,0
43.300,2,2,-54.0,-6.0,0
43.300,2,2,-54.0,-6.0,0
43.300,2,2,-54.0,-6.0,0
43.300,2,2,-54.0,-6.0,0
43.300,2,2,-54.0,-6.0,0
43.300,2,2,-54.0,-6.0,0
43.300,2,2,-54.0,-6.0,0
43.400,2,2,-54.0,-6.0,0
43.400,2,2,-54.0,-6.0,0
43.400,2,2,-54.0,-6.0,0
43.400,2,2,-54.0,-6.0,0
43.400,2,2,-54.0,-6.0,0
43.400,2,2,-54.0,-6.0,0
43.400,2,2,-54.0,-6.0,0
43.400,2,2,-54.0,-6.0,0
43.400,2,2,-54.0,-6.0,0
43.400,2,2,-54.0,-6.0,0
43.400,2,2,-54.0,-6.0,0
43.500,2,2,-54.0,-6.0,0
43.500,2,2,-54.0,-6.0,0
43.500,2,2,-54.0,-6.0,0
43.500,2,2,-54.0,-6.0,0
43.500,2,2,-54.0,-6.0,0
43.500,2,2,-54.0,-6.0,0
43.500,2,2,-54.0,-6.0,0
43.500,2,2,-54.0,-6.0,0
43.500,2,2,-54.0,-6.0,0
43.500,2,2,-54.0,-6.0,0
43.600,1,2,70.0,-5.0,0
43.600,1,2,70.0,-5.0,0
43.600,1,2,70.0,-5.0,0
43.600,1,2,70.0,-5.0,0
43.600,1,2,70.0,-5.0,0
43.600,1,2,70.0,-5.0,0
43.600,1,2,70.0,-5.0,0
43.600,1,2,70.0,-5.0,0
43.600,1,2,70.0,-5.0,0
43.600,1,2,70.0,-5.0,0
43.600,1,2,70.0,-5.0,0
43.700,1,2,70.0,-5.0,0
43.700,1,2,70.0,-5.0,0
43.700,1,2,70.0,-5.0,0
43.700,1,2,70.0,-5.0,0
43.700,1,2,70.0,-5.0,0
43.700,1,2,70.0,-5.0,0
43.700,1,2,70.0,-5.0,0
43.700,1,2,70.0,-5.0,0
43.700,1,2,70.0,-5.0,0
43.700,1,2,70.0,-5.0,0
43.800,1,2,70.0,-5.0,0
43.800,1,2,70.0,-5.0,0
43.800,1,2,70.0,-5.0,0
43.800,1,2,70.0,-5.0,0
43.800,1,2,70.0,-5.0,0
43.800,1,2,70.0,-5.0,0
43.800,1,2,70.0,-5.0,0
43.800,1,2,70.0,-5.0,0
43.800,1,2,70.0,-5.0,0
43.800,1,2,70.0,-5.0,0
43.900,1,2,70.0,-5.0,0
43.900,1,2,70.0,-5.0,0
43.900,1,2,70.0,-5.0,0
43.900,1,2,70.0,-5.0,0
43.900,1,2,70.0,-5.0,0
43.900,1,2,70.0,-5.0,0
43.900,1,2,70.0,-5.0,0
43.900,1,2,70.0,-5.0,0
43.900,1,2,70.0,-5.0,0
43.900,1,2,70.0,-5.0,0
43.900,1,2,70.0,-5.0,0
44.000,1,2,70.0,-5.0,0
44.000,1,2,70.0,-5.0,0
44.000,1,2,70.0,-5.0,0
44.000,1,2,70.0,-5.0,0
44.000,1,2,70.0,-5.0,0
44.000,1,2,70.0,-5.0,0
44.000,1,2,70.0,-5.0,0
44.000,1,2,70.0,-5.0,0
44.000,1,2,70.0,-5.0,0
44.000,1,2,70.0,-5.0,0
44.100,1,2,70.0,-5.0,0
44.100,1,2,70.0,-5.0,0
44.100,1,2,70.0,-5.0,0
44.100,1,2,70.0,-5.0,0
44.100,1,2,70.0,-5.0,0
44.100,1,2,70.0,-5.0,0
44.100,1,2,70.0,-5.0,0
44.100,1,2,70.0,-5.0,0
44.100,1,2,70.0,-5.0,0
44.100,1,2,70.0,-5.0,0
44.100,1,2,70.0,-5.0,0
44.200,1,2,70.0,-5.0,0
44.200,1,2,70.0,-5.0,0
44.200,1,2,70.0,-5.0,0
44.200,1,2,70.0,-5.0,0
44.200,1,2,70.0,-5.0,0
44.200,1,2,70.0,-5.0,0
44.200,1,2,70.0,-5.0,0
44.200,1,2,70.0,-5.0,0
44.200,1,2,70.0,-5.0,0
44.200,1,2,70.0,-5.0,0
44.300,1,2,70.0,-5.0,0
44.300,1,2,70.0,-5.0,0
44.300,1,2,70.0,-5.0,0
44.300,1,2,70.0,-5.0,0
44.300,1,2,70.0,-5.0,0
44.300,1,2,70.0,-5.0,0
44.300,1,2,70.0,-5.0,0
44.300,1,2,70.0,-5.0,0
44.300,1,2,70.0,-5.0,0
44.300,1,2,70.0,-5.0,0
44.300,1,2,70.0,-5.0,0
44.400,1,2,70.0,-5.0,0
44.400,1,2,70.0,-5.0,0
44.400,1,2,70.0,-5.0,0
44.400,1,2,70.0,-5.0,0
44.400,1,2,70.0,-5.0,0
44.400,1,2,70.0,-5.0,0
44.400,1,2,70.0,-5.0,0
44.400,1,2,70.0,-5.0,0
44.400,1,2,70.0,-5.0,0
44.400,1,2,70.0,-5.0,0
44.500,1,2,70.0,-5.0,0
44.500,1,2,70.0,-5.0,0
44.500,1,2,70.0,-5.0,0
44.500,1,2,70.0,-5.0,0
44.500,1,2,70.0,-5.0,0
44.500,1,2,70.0,-5.0,0
44.500,1,2,70.0,-5.0,0
44.500,1,2,70.0,-5.0,0
44.500,1,2,70.0,-5.0,0
44.500,1,2,70.0,-5.0,0
44.600,1,2,70.0,-5.0,0
44.600,1,2,70.0,-5.0,0
44.600,1,2,70.0,-5.0,0
44.600,1,2,70.0,-5.0,0
44.600,1,2,70.0,-5.0,0
44.600,1,2,70.0,-5.0,0
44.600,1,2,70.0,-5.0,0
44.600,1,2,70.0,-5.0,0
44.600,1,2,70.0,-5.0,0
44.600,1,2,70.0,-5.0,0
44.600,1,2,70.0,-5.0,0
44.700,1,2,70.0,-5.0,0
44.700,1,2,70.0,-5.0,0
44.700,1,2,70.0,-5.0,0
44.700,1,2,70.0,-5.0,0
44.700,1,2,70.0,-5.0,0
44.700,1,2,70.0,-5.0,0
44.700,1,2,70.0,-5.0,0
44.700,1,2,70.0,-5.0,0
44.700,1,2,70.0,-5.0,0
44.700,1,2,70.0,-5.0,0
44.800,1,2,70.0,-5.0,0
44.800,1,2,70.0,-5.0,0
44.800,1,2,70.0,-5.0,0
44.800,1,2,70.0,-5.0,0
44.800,1,2,70.0,-5.0,0
44.800,1,2,70.0,-5.0,0
44.800,1,2,70.0,-5.0,0
44.800,1,2,70.0,-5.0,0
44.800,1,2,70.0,-5.0,0
44.800,1,2,70.0,-5.0,0
44.800,1,2,70.0,-5.0,0
44.900,1,2,70.0,-5.0,0
44.900,1,2,70.0,-5.0,0
44.900,1,2,70.0,-5.0,0
44.900,1,2,70.0,-5.0,0
44.900,1,2,70.0,-5.0,0
44.900,1,2,70.0,-5.0,0
44.900,1,2,70.0,-5.0,0
44.900,1,2,70.0,-5.0,0
44.900,1,2,70.0,-5.0,0
44.900,1,2,70.0,-5.0,0
45.000,1,2,70.0,-5.0,0
45.000,1,2,70.0,-5.0,0
45.000,1,2,70.0,-5.0,0
45.000,1,2,70.0,-5.0,0
45.000,1,2,70.0,-5.0,0
45.000,1,2,70.0,-5.0,0
45.000,1,2,70.0,-5.0,0
45.000,1,2,70.0,-5.0,0
45.000,1,2,70.0,-5.0,0
45.000,1,2,70.0,-5.0,0
45.000,1,2,70.0,-5.0,0
45.100,1,2,70.0,-5.0,0
45.100,1,2,70.0,-5.0,0
45.100,1,2,70.0,-5.0,0
45.100,1,2,70.0,-5.0,0
45.100,1,2,70.0,-5.0,0
45.100,1,2,70.0,-5.0,0
45.100,1,2,70.0,-5.0,0
45.100,1,2,70.0,-5.0,0
45.100,1,2,70.0,-5.0,0
45.100,1,2,70.0,-5.0,0
45.200,1,2,70.0,-5.0,0
45.200,1,2,70.0,-5.0,0
45.200,1,2,70.0,-5.0,0
45.200,1,2,70.0,-5.0,0
45.200,1,2,70.0,-5.0,0
45.200,1,2,70.0,-5.0,0
45.200,1,2,70.0,-5.0,0
45.200,1,2,70.0,-5.0,0
45.200,1,2,70.0,-5.0,0
45.200,1,2,70.0,-5.0,0
45.200,1,2,70.0,-5.0,0
45.300,1,2,70.0,-5.0,0
45.300,1,2,70.0,-5.0,0
45.300,1,2,70.0,-5.0,0
45.300,1,2,70.0,-5.0,0
45.300,1,2,70.0,-5.0,0
45.300,1,2,70.0,-5.0,0
45.300,1,2,70.0,-5.0,0
45.300,1,2,70.0,-5.0,0
45.300,1,2,70.0,-5.0,0
45.300,1,2,70.0,-5.0,0
45.400,1,2,70.0,-5.0,0
45.400,1,2,70.0,-5.0,0
45.400,1,2,70.0,-5.0,0
45.400,1,2,70.0,-5.0,0
45.400,1,2,70.0,-5.0,0
45.400,1,2,70.0,-5.0,0
45.400,1,2,70.0,-5.0,0
45.400,1,2,70.0,-5.0,0
45.400,1,2,70.0,-5.0,0
45.400,1,2,70.0,-5.0,0
45.500,1,2,70.0,-5.0,0
45.500,1,2,70.0,-5.0,0
45.500,1,2,70.0,-5.0,0
45.500,1,2,70.0,-5.0,0
45.500,1,2,70.0,-5.0,0
45.500,1,2,70.0,-5.0,0
45.500,1,2,70.0,-5.0,0
45.500,1,2,70.0,-5.0,0
45.500,1,2,70.0,-5.0,0
45.500,1,2,70.0,-5.0,0
45.500,1,2,70.0,-5.0,0
45.600,1,2,70.0,-5.0,0
45.600,1,2,70.0,-5.0,0
45.600,1,2,70.0,-5.0,0
45.600,1,2,70.0,-5.0,0
45.600,1,2,70.0,-5.0,0
45.600,1,2,70.0,-5.0,0
45.600,1,2,70.0,-5.0,0
45.600,1,2,70.0,-5.0,0
45.600,1,2,70.0,-5.0,0
45.600,1,2,70.0,-5.0,0
45.700,1,2,70.0,-5.0,0
45.700,1,2,70.0,-5.0,0
45.700,1,2,70.0,-5.0,0
45.700,1,2,70.0,-5.0,0
45.700,1,2,70.0,-5.0,0
45.700,1,2,70.0,-5.0,0
45.700,1,2,70.0,-5.0,0
45.700,1,2,70.0,-5.0,0
45.700,1,2,70.0,-5.0,0
45.700,1,2,70.0,-5.0,0
45.700,1,2,70.0,-5.0,0
45.800,1,2,70.0,-5.0,0
45.800,1,2,70.0,-5.0,0
45.800,1,2,70.0,-5.0,0
45.800,1,2,70.0,-5.0,0
45.800,1,2,70.0,-5.0,0
45.800,1,2,70.0,-5.0,0
45.800,1,2,70.0,-5.0,0
45.800,1,2,70.0,-5.0,0
45.800,1,2,70.0,-5.0,0
45.800,1,2,70.0,-5.0,0
45.900,1,2,70.0,-5.0,0
45.900,1,2,70.0,-5.0,0
45.900,1,2,70.0,-5.0,0
45.900,1,2,70.0,-5.0,0
45.900,1,2,70.0,-5.0,0
45.900,1,2,70.0,-5.0,0
45.900,1,2,70.0,-5.0,0
45.900,1,2,70.0,-5.0,0
45.900,1,2,70.0,-5.0,0
45.900,1,2,70.0,-5.0,0
45.900,1,2,70.0,-5.0,0
46.000,1,2,70.0,-5.0,0
46.000,1,2,70.0,-5.0,0
46.000,1,2,70.0,-5.0,0
46.000,1,2,70.0,-5.0,0
46.000,1,2,70.0,-5.0,0
46.000,1,2,70.0,-5.0,0
46.000,1,2,70.0,-5.0,0
46.000,1,2,70.0,-5.0,0
46.000,1,2,70.0,-5.0,0
46.000,1,2,70.0,-5.0,0
46.100,1,2,70.0,-5.0,0
46.100,1,2,70.0,-5.0,0
46.100,1,2,70.0,-5.0,0
46.100,1,2,70.0,-5.0,0
46.100,1,2,70.0,-5.0,0
46.100,1,2,70.0,-5.0,0
46.100,1,2,70.0,-5.0,0
46.100,1,2,70.0,-5.0,0
46.100,1,2,70.0,-5.0,0
46.100,1,2,70.0,-5.0,0
46.200,1,2,70.0,-5.0,0
46.200,1,2,70.0,-5.0,0
46.200,1,2,70.0,-5.0,0
46.200,1,2,70.0,-5.0,0
46.200,1,2,70.0,-5.0,0
46.200,1,2,70.0,-5.0,0
46.200,1,2,70.0,-5.0,0
46.200,1,2,70.0,-5.0,0
46.200,1,2,70.0,-5.0,0
46.200,1,2,70.0,-5.0,0
46.200,1,2,70.0,-5.0,0
46.300,1,2,70.0,-5.0,0
46.300,1,2,70.0,-5.0,0
46.300,1,2,70.0,-5.0,0
46.300,1,2,70.0,-5.0,0
46.300,1,2,70.0,-5.0,0
46.300,1,2,70.0,-5.0,0
46.300,1,2,70.0,-5.0,0
46.300,1,2,70.0,-5.0,0
46.300,1,2,70.0,-5.0,0
46.300,1,2,70.0,-5.0,0
46.400,1,2,70.0,-5.0,0
46.400,1,2,70.0,-5.0,0
46.400,1,2,70.0,-5.0,0
46.400,1,2,70.0,-5.0,0
46.400,1,2,70.0,-5.0,0
46.400,1,2,70.0,-5.0,0
46.400,1,2,70.0,-5.0,0
46.400,1,2,70.0,-5.0,0
46.400,1,2,70.0,-5.0,0
46.400,1,2,70.0,-5.0,0
46.400,1,2,70.0,-5.0,0
46.500,1,2,70.0,-5.0,0
46.500,1,2,70.0,-5.0,0
46.500,1,2,70.0,-5.0,0
46.500,1,2,70.0,-5.0,0
46.500,1,2,70.0,-5.0,0
46.500,1,2,70.0,-5.0,0
46.500,1,2,70.0,-5.0,0
46.500,1,2,70.0,-5.0,0
46.500,1,2,70.0,-5.0,0
46.500,1,2,70.0,-5.0,0
46.600,1,2,70.0,-5.0,0
46.600,1,2,70.0,-5.0,0
46.600,1,2,70.0,-5.0,0
46.600,1,2,70.0,-5.0,0
46.600,1,2,70.0,-5.0,0
46.600,1,2,70.0,-5.0,0
46.600,1,2,70.0,-5.0,0
46.600,1,2,70.0,-5.0,0
46.600,1,2,70.0,-5.0,0
46.600,1,2,70.0,-5.0,0
46.600,1,2,70.0,-5.0,0
46.700,1,2,70.0,-5.0,0
46.700,1,2,70.0,-5.0,0
46.700,1,2,70.0,-5.0,0
46.700,1,2,70.0,-5.0,0
46.700,1,2,70.0,-5.0,0
46.700,1,2,70.0,-5.0,0
46.700,1,2,70.0,-5.0,0
46.700,1,2,70.0,-5.0,0
46.700,1,2,70.0,-5.0,0
46.700,1,2,70.0,-5.0,0
46.800,1,2,70.0,-5.0,0
46.800,1,2,70.0,-5.0,0
46.800,1,2,70.0,-5.0,0
46.800,1,2,70.0,-5.0,0
46.800,1,2,70.0,-5.0,0
46.800,1,2,70.0,-5.0,0
46.800,1,2,70.0,-5.0,0
46.800,1,2,70.0,-5.0,0
46.800,1,2,70.0,-5.0,0
46.800,1,2,70.0,-5.0,0
46.900,1,2,70.0,-5.0,0
46.900,1,2,70.0,-5.0,0
46.900,1,2,70.0,-5.0,0
46.900,1,2,70.0,-5.0,0
46.900,1,2,70.0,-5.0,0
46.900,1,2,70.0,-5.0,0
46.900,1,2,70.0,-5.0,0
46.900,1,2,70.0,-5.0,0
46.900,1,2,70.0,-5.0,0
46.900,1,2,70.0,-5.0,0
46.900,1,2,70.0,-5.0,0
47.000,1,2,70.0,-5.0,0
47.000,1,2,70.0,-5.0,0
47.000,1,2,70.0,-5.0,0
47.000,1,2,70.0,-5.0,0
47.000,1,2,70.0,-5.0,0
47.000,1,2,70.0,-5.0,0
47.000,1,2,70.0,-5.0,0
47.000,1,2,70.0,-5.0,0
47.000,1,2,70.0,-5.0,0
47.000,1,2,70.0,-5.0,0
47.100,1,2,70.0,-5.0,0
47.100,1,2,70.0,-5.0,0
47.100,1,2,70.0,-5.0,0
47.100,1,2,70.0,-5.0,0
47.100,1,2,70.0,-5.0,0
47.100,1,2,70.0,-5.0,0
47.100,1,2,70.0,-5.0,0
47.100,1,2,70.0,-5.0,0
47.100,1,2,70.0,-5.0,0
47.100,1,2,70.0,-5.0,0
47.100,1,2,70.0,-5.0,0
47.200,1,2,70.0,-5.0,0
47.200,1,2,70.0,-5.0,0
47.200,1,2,70.0,-5.0,0
47.200,1,2,70.0,-5.0,0
47.200,1,2,70.0,-5.0,0
47.200,1,2,70.0,-5.0,0
47.200,1,2,70.0,-5.0,0
47.200,1,2,70.0,-5.0,0
47.200,1,2,70.0,-5.0,0
47.200,1,2,70.0,-5.0,0
47.300,1,2,70.0,-5.0,0
47.300,1,2,70.0,-5.0,0
47.300,1,2,70.0,-5.0,0
47.300,1,2,70.0,-5.0,0
47.300,1,2,70.0,-5.0,0
47.300,1,2,70.0,-5.0,0
47.300,1,2,70.0,-5.0,0
47.300,1,2,70.0,-5.0,0
47.300,1,2,70.0,-5.0,0
47.300,1,2,70.0,-5.0,0
47.300,1,2,70.0,-5.0,0
47.400,1,2,70.0,-5.0,0
47.400,1,2,70.0,-5.0,0
47.400,1,2,70.0,-5.0,0
47.400,1,2,70.0,-5.0,0
47.400,1,2,70.0,-5.0,0
47.400,1,2,70.0,-5.0,0
47.400,1,2,70.0,-5.0,0
47.400,1,2,70.0,-5.0,0
47.400,1,2,70.0,-5.0,0
47.400,1,2,70.0,-5.0,0
47.500,1,2,70.0,-5.0,0
47.500,1,2,70.0,-5.0,0
47.500,1,2,70.0,-5.0,0
47.500,1,2,70.0,-5.0,0
47.500,1,2,70.0,-5.0,0
47.500,1,2,70.0,-5.0,0
47.500,1,2,70.0,-5.0,0
47.500,1,2,70.0,-5.0,0
47.500,1,2,70.0,-5.0,0
47.500,1,2,70.0,-5.0,0
47.500,1,2,70.0,-5.0,0
47.600,1,2,70.0,-5.0,0
47.600,1,2,70.0,-5.0,0
47.600,1,2,70.0,-5.0,0
47.600,1,2,70.0,-5.0,0
47.600,1,2,70.0,-5.0,0
47.600,1,2,70.0,-5.0,0
47.600,1,2,70.0,-5.0,0
47.600,1,2,70.0,-5.0,0
47.600,1,2,70.0,-5.0,0
47.600,1,2,70.0,-5.0,0
47.700,1,2,70.0,-5.0,0
47.700,1,2,70.0,-5.0,0
47.700,1,2,70.0,-5.0,0
47.700,1,2,70.0,-5.0,0
47.700,1,2,70.0,-5.0,0
47.700,1,2,70.0,-5.0,0
47.700,1,2,70.0,-5.0,0
47.700,1,2,70.0,-5.0,0
47.700,1,2,70.0,-5.0,0
47.700,1,2,70.0,-5.0,0
47.800,1,2,70.0,-5.0,0
47.800,1,2,70.0,-5.0,0
47.800,1,2,70.0,-5.0,0
47.800,1,2,70.0,-5.0,0
47.800,1,2,70.0,-5.0,0
47.800,1,2,70.0,-5.0,0
47.800,1,2,70.0,-5.0,0
47.800,1,2,70.0,-5.0,0
47.800,1,2,70.0,-5.0,0
47.800,1,2,70.0,-5.0,0
47.800,1,2,70.0,-5.0,0
47.900,1,2,70.0,-5.0,0
47.900,1,2,70.0,-5.0,0
47.900,1,2,70.0,-5.0,0
47.900,1,2,70.0,-5.0,0
47.900,1,2,70.0,-5.0,0
47.900,1,2,70.0,-5.0,0
47.900,1,2,70.0,-5.0,0
47.900,1,2,70.0,-5.0,0
47.900,1,2,70.0,-5.0,0
47.900,1,2,70.0,-5.0,0
48.000,1,2,70.0,-5.0,0
48.000,1,2,70.0,-5.0,0
48.000,1,2,70.0,-5.0,0
48.000,1,2,70.0,-5.0,0
48.000,1,2,70.0,-5.0,0
48.000,1,2,70.0,-5.0,0
48.000,1,2,70.0,-5.0,0
48.000,1,2,70.0,-5.0,0
48.000,1,2,70.0,-5.0,0
48.000,1,2,70.0,-5.0,0
48.000,1,2,70.0,-5.0,0
48.100,1,2,70.0,-5.0,0
48.100,1,2,70.0,-5.0,0
48.100,1,2,70.0,-5.0,0
48.100,1,2,70.0,-5.0,0
48.100,1,2,70.0,-5.0,0
48.100,1,2,70.0,-5.0,0
48.100,1,2,70.0,-5.0,0
48.100,1,2,70.0,-5.0,0
48.100,1,2,70.0,-5.0,0
48.100,1,2,70.0,-5.0,0
48.200,1,2,70.0,-5.0,0
48.200,1,2,70.0,-5.0,0
48.200,1,2,70.0,-5.0,0
48.200,1,2,70.0,-5.0,0
48.200,1,2,70.0,-5.0,0
48.200,1,2,70.0,-5.0,0
48.200,1,2,70.0,-5.0,0
48.200,1,2,70.0,-5.0,0
48.200,1,2,70.0,-5.0,0
48.200,1,2,70.0,-5.0,0
48.200,1,2,70.0,-5.0,0
48.300,1,2,70.0,-5.0,0
48.300,1,2,70.0,-5.0,0
48.300,1,2,70.0,-5.0,0
48.300,1,2,70.0,-5.0,0
48.300,1,2,70.0,-5.0,0
48.300,1,2,70.0,-5.0,0
48.300,1,2,70.0,-5.0,0
48.300,1,2,70.0,-5.0,0
48.300,1,2,70.0,-5.0,0
48.300,1,2,70.0,-5.0,0
48.400,1,2,70.0,-5.0,0
48.400,1,2,70.0,-5.0,0
48.400,1,2,70.0,-5.0,0
48.400,1,2,70.0,-5.0,0
48.400,1,2,70.0,-5.0,0
48.400,1,2,70.0,-5.0,0
48.400,1,2,70.0,-5.0,0
48.400,1,2,70.0,-5.0,0
48.400,1,2,70.0,-5.0,0
48.400,1,2,70.0,-5.0,0
48.500,1,2,70.0,-5.0,0
48.500,1,2,70.0,-5.0,0
48.500,1,2,70.0,-5.0,0
48.500,1,2,70.0,-5.0,0
48.500,1,2,70.0,-5.0,0
48.500,1,2,70.0,-5.0,0
48.500,1,2,70.0,-5.0,0
48.500,1,2,70.0,-5.0,0
48.500,1,2,70.0,-5.0,0
48.500,1,2,70.0,-5.0,0
48.500,1,2,70.0,-5.0,0
48.600,1,2,70.0,-5.0,0
48.600,1,2,70.0,-5.0,0
48.600,1,2,70.0,-5.0,0
48.600,1,2,70.0,-5.0,0
48.600,1,2,70.0,-5.0,0
48.600,1,2,70.0,-5.0,0
48.600,1,2,70.0,-5.0,0
48.600,1,2,70.0,-5.0,0
48.600,1,2,70.0,-5.0,0
48.600,1,2,70.0,-5.0,0
48.700,1,2,70.0,-5.0,0
48.700,1,2,70.0,-5.0,0
48.700,1,2,70.0,-5.0,0
48.700,1,2,70.0,-5.0,0
48.700,1,2,70.0,-5.0,0
48.700,1,2,70.0,-5.0,0
48.700,1,2,70.0,-5.0,0
48.700,1,2,70.0,-5.0,0
48.700,1,2,70.0,-5.0,0
48.700,1,2,70.0,-5.0,0
48.700,1,2,70.0,-5.0,0
48.800,1,2,70.0,-5.0,0
48.800,1,2,70.0,-5.0,0
48.800,1,2,70.0,-5.0,0
48.800,1,2,70.0,-5.0,0
48.800,1,2,70.0,-5.0,0
48.800,1,2,70.0,-5.0,0
48.800,1,2,70.0,-5.0,0
48.800,1,2,70.0,-5.0,0
48.800,1,2,70.0,-5.0,0
48.800,1,2,70.0,-5.0,0
48.900,1,2,70.0,-5.0,0
48.900,1,2,70.0,-5.0,0
48.900,1,2,70.0,-5.0,0
48.900,1,2,70.0,-5.0,0
48.900,1,2,70.0,-5.0,0
48.900,1,2,70.0,-5.0,0
48.900,1,2,70.0,-5.0,0
48.900,1,2,70.0,-5.0,0
48.900,1,2,70.0,-5.0,0
48.900,1,2,70.0,-5.0,0
48.900,1,2,70.0,-5.0,0
49.000,1,2,70.0,-5.0,0
49.000,1,2,70.0,-5.0,0
49.000,1,2,70.0,-5.0,0
49.000,1,2,70.0,-5.0,0
49.000,1,2,70.0,-5.0,0
49.000,1,2,70.0,-5.0,0
49.000,1,2,70.0,-5.0,0
49.000,1,2,70.0,-5.0,0
49.000,1,2,70.0,-5.0,0
49.000,1,2,70.0,-5.0,0
49.100,1,2,70.0,-5.0,0
49.100,1,2,70.0,-5.0,0
49.100,1,2,70.0,-5.0,0
49.100,1,2,70.0,-5.0,0
49.100,1,2,70.0,-5.0,0
49.100,1,2,70.0,-5.0,0
49.100,1,2,70.0,-5.0,0
49.100,1,2,70.0,-5.0,0
49.100,1,2,70.0,-5.0,0
49.100,1,2,70.0,-5.0,0
49.200,1,2,70.0,-5.0,0
49.200,1,2,70.0,-5.0,0
49.200,1,2,70.0,-5.0,0
49.200,1,2,70.0,-5.0,0
49.200,1,2,70.0,-5.0,0
49.200,1,2,70.0,-5.0,0
49.200,1,2,70.0,-5.0,0
49.200,1,2,70.0,-5.0,0
49.200,1,2,70.0,-5.0,0
49.200,1,2,70.0,-5.0,0
49.200,1,2,70.0,-5.0,0
49.300,1,2,70.0,-5.0,0
49.300,1,2,70.0,-5.0,0
49.300,1,2,70.0,-5.0,0
49.300,1,2,70.0,-5.0,0
49.300,1,2,70.0,-5.0,0
49.300,1,2,70.0,-5.0,0
49.300,1,2,70.0,-5.0,0
49.300,1,2,70.0,-5.0,0
49.300,1,2,70.0,-5.0,0
49.300,1,2,70.0,-5.0,0
49.400,1,2,70.0,-5.0,0
49.400,1,2,70.0,-5.0,0
49.400,1,2,70.0,-5.0,0
49.400,1,2,70.0,-5.0,0
49.400,1,2,70.0,-5.0,0
49.400,1,2,70.0,-5.0,0
49.400,1,2,70.0,-5.0,0
49.400,1,2,70.0,-5.0,0
49.400,1,2,70.0,-5.0,0
49.400,1,2,70.0,-5.0,0
49.400,1,2,70.0,-5.0,0
49.500,1,2,70.0,-5.0,0
49.500,1,2,70.0,-5.0,0
49.500,1,2,70.0,-5.0,0
49.500,1,2,70.0,-5.0,0
49.500,1,2,70.0,-5.0,0
49.500,1,2,70.0,-5.0,0
49.500,1,2,70.0,-5.0,0
49.500,1,2,70.0,-5.0,0
49.500,1,2,70.0,-5.0,0
49.500,1,2,70.0,-5.0,0
49.600,1,2,70.0,-5.0,0
49.600,1,2,70.0,-5.0,0
49.600,1,2,70.0,-5.0,0
49.600,1,2,70.0,-5.0,0
49.600,1,2,70.0,-5.0,0
49.600,1,2,70.0,-5.0,0
49.600,1,2,70.0,-5.0,0
49.600,1,2,70.0,-5.0,0
49.600,1,2,70.0,-5.0,0
49.600,1,2,70.0,-5.0,0
49.600,1,2,70.0,-5.0,0
49.700,1,2,70.0,-5.0,0
49.700,1,2,70.0,-5.0,0
49.700,1,2,70.0,-5.0,0
49.700,1,2,70.0,-5.0,0
49.700,1,2,70.0,-5.0,0
49.700,1,2,70.0,-5.0,0
49.700,1,2,70.0,-5.0,0
49.700,1,2,70.0,-5.0,0
49.700,1,2,70.0,-5.0,0
49.700,1,2,70.0,-5.0,0
49.800,1,2,70.0,-5.0,0
49.800,1,2,70.0,-5.0,0
49.800,1,2,70.0,-5.0,0
49.800,1,2,70.0,-5.0,0
49.800,1,2,70.0,-5.0,0
49.800,1,2,70.0,-5.0,0
49.800,1,2,70.0,-5.0,0
49.800,1,2,70.0,-5.0,0
49.800,1,2,70.0,-5.0,0
49.800,1,2,70.0,-5.0,0
49.800,1,2,70.0,-5.0,0
49.900,1,2,70.0,-5.0,0
49.900,1,2,70.0,-5.0,0
49.900,1,2,70.0,-5.0,0
49.900,1,2,70.0,-5.0,0
49.900,1,2,70.0,-5.0,0
49.900,1,2,70.0,-5.0,0
49.900,1,2,70.0,-5.0,0
49.900,1,2,70.0,-5.0,0
49.900,1,2,70.0,-5.0,0
49.900,1,2,70.0,-5.0,0
50.000,1,2,70.0,-5.0,0
50.000,1,2,70.0,-5.0,0
50.000,1,2,70.0,-5.0,0
50.000,1,2,70.0,-5.0,0
50.000,1,2,70.0,-5.0,0
50.000,1,2,70.0,-5.0,0
50.000,1,2,70.0,-5.0,0
50.000,1,2,70.0,-5.0,0
50.000,1,2,70.0,-5.0,0
50.000,1,2,70.0,-5.0,0
50.100,1,2,70.0,-5.0,0
50.100,1,2,70.0,-5.0,0
50.100,1,2,70.0,-5.0,0
50.100,1,2,70.0,-5.0,0
50.100,1,2,70.0,-5.0,0
50.100,1,2,70.0,-5.0,0
50.100,1,2,70.0,-5.0,0
50.100,1,2,70.0,-5.0,0
50.100,1,2,70.0,-5.0,0
50.100,1,2,70.0,-5.0,0
50.100,1,2,70.0,-5.0,0
50.200,1,2,70.0,-5.0,0
50.200,1,2,70.0,-5.0,0
50.200,1,2,70.0,-5.0,0
50.200,1,2,70.0,-5.0,0
50.200,1,2,70.0,-5.0,0
50.200,1,2,70.0,-5.0,0
50.200,1,2,70.0,-5.0,0
50.200,1,2,70.0,-5.0,0
50.200,1,2,70.0,-5.0,0
50.200,1,2,70.0,-5.0,0
50.300,1,2,70.0,-5.0,0
50.300,1,2,70.0,-5.0,0
50.300,1,2,70.0,-5.0,0
50.300,1,2,70.0,-5.0,0
50.300,1,2,70.0,-5.0,0
50.300,1,2,70.0,-5.0,0
50.300,1,2,70.0,-5.0,0
50.300,1,2,70.0,-5.0,0
50.300,1,2,70.0,-5.0,0
50.300,1,2,70.0,-5.0,0
50.300,1,2,70.0,-5.0,0
50.400,1,2,70.0,-5.0,0
50.400,1,2,70.0,-5.0,0
50.400,1,2,70.0,-5.0,0
50.400,1,2,70.0,-5.0,0
50.400,1,2,70.0,-5.0,0
50.400,1,2,70.0,-5.0,0
50.400,1,2,70.0,-5.0,0
50.400,1,2,70.0,-5.0,0
50.400,1,2,70.0,-5.0,0
50.400,1,2,70.0,-5.0,0
50.500,1,2,70.0,-5.0,0
50.500,1,2,70.0,-5.0,0
50.500,1,2,70.0,-5.0,0
50.500,1,2,70.0,-5.0,0
50.500,1,2,70.0,-5.0,0
50.500,1,2,70.0,-5.0,0
50.500,1,2,70.0,-5.0,0
50.500,1,2,70.0,-5.0,0
50.500,1,2,70.0,-5.0,0
50.500,1,2,70.0,-5.0,0
50.500,1,2,70.0,-5.0,0
50.600,1,2,70.0,-5.0,0
50.600,1,2,70.0,-5.0,0
50.600,1,2,70.0,-5.0,0
50.600,1,2,70.0,-5.0,0
50.600,1,2,70.0,-5.0,0
50.600,1,2,70.0,-5.0,0
50.600,1,2,70.0,-5.0,0
50.600,1,2,70.0,-5.0,0
50.600,1,2,70.0,-5.0,0
50.600,1,2,70.0,-5.0,0
50.700,1,2,70.0,-5.0,0
50.700,1,2,70.0,-5.0,0
50.700,1,2,70.0,-5.0,0
50.700,1,2,70.0,-5.0,0
50.700,1,2,70.0,-5.0,0
50.700,1,2,70.0,-5.0,0
50.700,1,2,70.0,-5.0,0
50.700,1,2,70.0,-5.0,0
50.700,1,2,70.0,-5.0,0
50.700,1,2,70.0,-5.0,0
50.800,1,2,70.0,-5.0,0
50.800,1,2,70.0,-5.0,0
50.800,1,2,70.0,-5.0,0
50.800,1,2,70.0,-5.0,0
50.800,1,2,70.0,-5.0,0
50.800,1,2,70.0,-5.0,0
50.800,1,2,70.0,-5.0,0
50.800,1,2,70.0,-5.0,0
50.800,1,2,70.0,-5.0,0
50.800,1,2,70.0,-5.0,0
50.800,1,2,70.0,-5.0,0
50.900,1,2,70.0,-5.0,0
50.900,1,2,70.0,-5.0,0
50.900,1,2,70.0,-5.0,0
50.900,1,2,70.0,-5.0,0
50.900,1,2,70.0,-5.0,0
50.900,1,2,70.0,-5.0,0
50.900,1,2,70.0,-5.0,0
50.900,1,2,70.0,-5.0,0
50.900,1,2,70.0,-5.0,0
50.900,1,2,70.0,-5.0,0
51.000,1,2,70.0,-5.0,0
51.000,1,2,70.0,-5.0,0
51.000,1,2,70.0,-5.0,0
51.000,1,2,70.0,-5.0,0
51.000,1,2,70.0,-5.0,0
51.000,1,2,70.0,-5.0,0
51.000,1,2,70.0,-5.0,0
51.000,1,2,70.0,-5.0,0
51.000,1,2,70.0,-5.0,0
51.000,1,2,70.0,-5.0,0
51.000,1,2,70.0,-5.0,0
51.100,1,2,70.0,-5.0,0
51.100,1,2,70.0,-5.0,0
51.100,1,2,70.0,-5.0,0
51.100,1,2,70.0,-5.0,0
51.100,1,2,70.0,-5.0,0
51.100,1,2,70.0,-5.0,0
51.100,1,2,70.0,-5.0,0
51.100,1,2,70.0,-5.0,0
51.100,1,2,70.0,-5.0,0
51.100,1,2,70.0,-5.0,0
51.200,1,2,70.0,-5.0,0
51.200,1,2,70.0,-5.0,0
51.200,1,2,70.0,-5.0,0
51.200,1,2,70.0,-5.0,0
51.200,1,2,70.0,-5.0,0
51.200,1,2,70.0,-5.0,0
51.200,1,2,70.0,-5.0,0
51.200,1,2,70.0,-5.0,0
51.200,1,2,70.0,-5.0,0
51.200,1,2,70.0,-5.0,0
51.200,1,2,70.0,-5.0,0
51.300,1,2,70.0,-5.0,0
51.300,1,2,70.0,-5.0,0
51.300,1,2,70.0,-5.0,0
51.300,1,2,70.0,-5.0,0
51.300,1,2,70.0,-5.0,0
51.300,1,2,70.0,-5.0,0
51.300,1,2,70.0,-5.0,0
51.300,1,2,70.0,-5.0,0
51.300,1,2,70.0,-5.0,0
51.300,1,2,70.0,-5.0,0
51.400,1,2,70.0,-5.0,0
51.400,1,2,70.0,-5.0,0
51.400,1,2,70.0,-5.0,0
51.400,1,2,70.0,-5.0,0
51.400,1,2,70.0,-5.0,0
51.400,1,2,70.0,-5.0,0
51.400,1,2,70.0,-5.0,0
51.400,1,2,70.0,-5.0,0
51.400,1,2,70.0,-5.0,0
51.400,1,2,70.0,-5.0,0
51.500,1,2,70.0,-5.0,0
51.500,1,2,70.0,-5.0,0
51.500,1,2,70.0,-5.0,0
51.500,1,2,70.0,-5.0,0
51.500,1,2,70.0,-5.0,0
51.500,1,2,70.0,-5.0,0
51.500,1,2,70.0,-5.0,0
51.500,1,2,70.0,-5.0,0
51.500,1,2,70.0,-5.0,0
51.500,1,2,70.0,-5.0,0
51.500,1,2,70.0,-5.0,0
51.600,1,2,70.0,-5.0,0
51.600,1,2,70.0,-5.0,0
51.600,1,2,70.0,-5.0,0
51.600,1,2,70.0,-5.0,0
51.600,1,2,70.0,-5.0,0
51.600,1,2,70.0,-5.0,0
51.600,1,2,70.0,-5.0,0
51.600,1,2,70.0,-5.0,0
51.600,1,2,70.0,-5.0,0
51.600,1,2,70.0,-5.0,0
51.700,1,2,70.0,-4.0,0
51.700,1,2,70.0,-4.0,0
51.700,1,2,70.0,-4.0,0
51.700,1,2,70.0,-4.0,0
51.700,1,2,70.0,-4.0,0
51.700,1,2,70.0,-4.0,0
51.700,1,2,70.0,-4.0,0
51.700,1,2,70.0,-4.0,0
51.700,1,2,70.0,-4.0,0
51.700,1,2,70.0,-4.0,0
51.700,1,2,70.0,-4.0,0
51.800,1,2,70.0,-4.0,0
51.800,1,2,70.0,-4.0,0
51.800,1,2,70.0,-4.0,0
51.800,1,2,70.0,-4.0,0
51.800,1,2,70.0,-4.0,0
51.800,1,2,70.0,-4.0,0
51.800,1,2,70.0,-4.0,0
51.800,1,2,70.0,-4.0,0
51.800,1,2,70.0,-4.0,0
51.800,1,2,70.0,-4.0,0
51.900,0,2,0.0,-4.0,0
51.900,0,2,0.0,-4.0,0
51.900,0,2,0.0,-4.0,0
51.900,0,2,0.0,-4.0,0
51.900,0,2,0.0,-4.0,0
51.900,0,2,0.0,-4.0,0
51.900,0,2,0.0,-4.0,0
51.900,0,2,0.0,-4.0,0
51.900,0,2,0.0,-4.0,0
51.900,0,2,0.0,-4.0,0
51.900,0,2,0.0,-4.0,0
52.000,0,2,0.0,-4.0,0
52.000,0,2,0.0,-4.0,0
52.000,0,2,0.0,-4.0,0
52.000,0,2,0.0,-4.0,0
52.000,0,2,0.0,-4.0,0
52.000,0,2,0.0,-4.0,0
52.000,0,2,0.0,-4.0,0
52.000,0,2,0.0,-4.0,0
52.000,0,2,0.0,-4.0,0
52.000,0,2,0.0,-4.0,0
52.100,0,2,0.0,-4.0,0
52.100,0,2,0.0,-4.0,0
52.100,0,2,0.0,-4.0,0
52.100,0,2,0.0,-4.0,0
52.100,0,2,0.0,-4.0,0
52.100,0,2,0.0,-4.0,0
52.100,0,2,0.0,-4.0,0
52.100,0,2,0.0,-4.0,0
52.100,0,2,0.0,-4.0,0
52.100,0,2,0.0,-4.0,0
52.100,0,2,0.0,-4.0,0
52.200,0,2,0.0,-4.0,0
52.200,0,2,0.0,-4.0,0
52.200,0,2,0.0,-4.0,0
52.200,0,2,0.0,-4.0,0
52.200,0,2,0.0,-4.0,0
52.200,0,2,0.0,-4.0,0
52.200,0,2,0.0,-4.0,0
52.200,0,2,0.0,-4.0,0
52.200,0,2,0.0,-4.0,0
52.200,0,2,0.0,-4.0,0
52.300,0,2,0.0,-4.0,0
52.300,0,2,0.0,-4.0,0
52.300,0,2,0.0,-4.0,0
52.300,0,2,0.0,-4.0,0
52.300,0,2,0.0,-4.0,0
52.300,0,2,0.0,-4.0,0
52.300,0,2,0.0,-4.0,0
52.300,0,2,0.0,-4.0,0
52.300,0,2,0.0,-4.0,0
52.300,0,2,0.0,-4.0,0
52.400,0,2,0.0,-4.0,0
52.400,0,2,0.0,-4.0,0
52.400,0,2,0.0,-4.0,0
52.400,0,2,0.0,-4.0,0
52.400,0,2,0.0,-4.0,0
52.400,0,2,0.0,-4.0,0
52.400,0,2,0.0,-4.0,0
52.400,0,2,0.0,-4.0,0
52.400,0,2,0.0,-4.0,0
52.400,0,2,0.0,-4.0,0
52.400,0,2,0.0,-4.0,0
52.500,0,2,0.0,-4.0,0
52.500,0,2,0.0,-4.0,0
52.500,0,2,0.0,-4.0,0
52.500,0,2,0.0,-4.0,0
52.500,0,2,0.0,-4.0,0
52.500,0,2,0.0,-4.0,0
52.500,0,2,0.0,-4.0,0
52.500,0,2,0.0,-4.0,0
52.500,0,2,0.0,-4.0,0
52.500,0,2,0.0,-4.0,0
52.600,0,2,0.0,-4.0,0
52.600,0,2,0.0,-4.0,0
52.600,0,2,0.0,-4.0,0
52.600,0,2,0.0,-4.0,0
52.600,0,2,0.0,-4.0,0
52.600,0,2,0.0,-4.0,0
52.600,0,2,0.0,-4.0,0
52.600,0,2,0.0,-4.0,0
52.600,0,2,0.0,-4.0,0
52.600,0,2,0.0,-4.0,0
52.600,0,2,0.0,-4.0,0
52.700,0,2,0.0,-4.0,0
52.700,0,2,0.0,-4.0,0
52.700,0,2,0.0,-4.0,0
52.700,0,2,0.0,-4.0,0
52.700,0,2,0.0,-4.0,0
52.700,0,2,0.0,-4.0,0
52.700,0,2,0.0,-4.0,0
52.700,0,2,0.0,-4.0,0
52.700,0,2,0.0,-4.0,0
52.700,0,2,0.0,-4.0,0
52.800,0,2,0.0,-4.0,0
52.800,0,2,0.0,-4.0,0
52.800,0,2,0.0,-4.0,0
52.800,0,2,0.0,-4.0,0
52.800,0,2,0.0,-4.0,0
52.800,0,2,0.0,-4.0,0
52.800,0,2,0.0,-4.0,0
52.800,0,2,0.0,-4.0,0
52.800,0,2,0.0,-4.0,0
52.800,0,2,0.0,-4.0,0
52.800,0,2,0.0,-4.0,0
52.900,0,2,0.0,-4.0,0
52.900,0,2,0.0,-4.0,0
52.900,0,2,0.0,-4.0,0
52.900,0,2,0.0,-4.0,0
52.900,0,2,0.0,-4.0,0
52.900,0,2,0.0,-4.0,0
52.900,0,2,0.0,-4.0,0
52.900,0,2,0.0,-4.0,0
52.900,0,2,0.0,-4.0,0
52.900,0,2,0.0,-4.0,0
53.000,0,2,0.0,-4.0,0
53.000,0,2,0.0,-4.0,0
53.000,0,2,0.0,-4.0,0
53.000,0,2,0.0,-4.0,0
53.000,0,2,0.0,-4.0,0
53.000,0,2,0.0,-4.0,0
53.000,0,2,0.0,-4.0,0
53.000,0,2,0.0,-4.0,0
53.000,0,2,0.0,-4.0,0
53.000,0,2,0.0,-4.0,0
53.100,0,2,0.0,-4.0,0
53.100,0,2,0.0,-4.0,0
53.100,0,2,0.0,-4.0,0
53.100,0,2,0.0,-4.0,0
53.100,0,2,0.0,-4.0,0
53.100,0,2,0.0,-4.0,0
53.100,0,2,0.0,-4.0,0
53.100,0,2,0.0,-4.0,0
53.100,0,2,0.0,-4.0,0
53.100,0,2,0.0,-4.0,0
53.100,0,2,0.0,-4.0,0
53.200,0,2,0.0,-4.0,0
53.200,0,2,0.0,-4.0,0
53.200,0,2,0.0,-4.0,0
53.200,0,2,0.0,-4.0,0
53.200,0,2,0.0,-4.0,0
53.200,0,2,0.0,-4.0,0
53.200,0,2,0.0,-4.0,0
53.200,0,2,0.0,-4.0,0
53.200,0,2,0.0,-4.0,0
53.200,0,2,0.0,-4.0,0
53.300,0,2,0.0,-4.0,0
53.300,0,2,0.0,-4.0,0
53.300,0,2,0.0,-4.0,0
53.300,0,2,0.0,-4.0,0
53.300,0,2,0.0,-4.0,0
53.300,0,2,0.0,-4.0,0
53.300,0,2,0.0,-4.0,0
53.300,0,2,0.0,-4.0,0
53.300,0,2,0.0,-4.0,0
53.300,0,2,0.0,-4.0,0
53.300,0,2,0.0,-4.0,0
53.400,0,2,0.0,-4.0,0
53.400,0,2,0.0,-4.0,0
53.400,0,2,0.0,-4.0,0
53.400,0,2,0.0,-4.0,0
53.400,0,2,0.0,-4.0,0
53.400,0,2,0.0,-4.0,0
53.400,0,2,0.0,-4.0,0
53.400,0,2,0.0,-4.0,0
53.400,0,2,0.0,-4.0,0
53.400,0,2,0.0,-4.0,0
53.500,0,2,0.0,-4.0,0
53.500,0,2,0.0,-4.0,0
53.500,0,2,0.0,-4.0,0
53.500,0,2,0.0,-4.0,0
53.500,0,2,0.0,-4.0,0
53.500,0,2,0.0,-4.0,0
53.500,0,2,0.0,-4.0,0
53.500,0,2,0.0,-4.0,0
53.500,0,2,0.0,-4.0,0
53.500,0,2,0.0,-4.0,0
53.500,0,2,0.0,-4.0,0
53.600,0,2,0.0,-4.0,0
53.600,0,2,0.0,-4.0,0
53.600,0,2,0.0,-4.0,0
53.600,0,2,0.0,-4.0,0
53.600,0,2,0.0,-4.0,0
53.600,0,2,0.0,-4.0,0
53.600,0,2,0.0,-4.0,0
53.600,0,2,0.0,-4.0,0
53.600,0,2,0.0,-4.0,0
53.600,0,2,0.0,-4.0,0
53.700,0,2,0.0,-4.0,0
53.700,0,2,0.0,-4.0,0
53.700,0,2,0.0,-4.0,0
53.700,0,2,0.0,-4.0,0
53.700,0,2,0.0,-4.0,0
53.700,0,2,0.0,-4.0,0
53.700,0,2,0.0,-4.0,0
53.700,0,2,0.0,-4.0,0
53.700,0,2,0.0,-4.0,0
53.700,0,2,0.0,-4.0,0
53.800,0,2,0.0,-4.0,0
53.800,0,2,0.0,-4.0,0
53.800,0,2,0.0,-4.0,0
53.800,0,2,0.0,-4.0,0
53.800,0,2,0.0,-4.0,0
53.800,0,2,0.0,-4.0,0
53.800,0,2,0.0,-4.0,0
53.800,0,2,0.0,-4.0,0
53.800,0,2,0.0,-4.0,0
53.800,0,2,0.0,-4.0,0
53.800,0,2,0.0,-4.0,0
53.900,0,2,0.0,-4.0,0
53.900,0,2,0.0,-4.0,0
53.900,0,2,0.0,-4.0,0
53.900,0,2,0.0,-4.0,0
53.900,0,2,0.0,-4.0,0
53.900,0,2,0.0,-4.0,0
53.900,0,2,0.0,-4.0,0
53.900,0,2,0.0,-4.0,0
53.900,0,2,0.0,-4.0,0
53.900,0,2,0.0,-4.0,0
54.000,0,2,0.0,-4.0,0
54.000,0,2,0.0,-4.0,0
54.000,0,2,0.0,-4.0,0
54.000,0,2,0.0,-4.0,0
54.000,0,2,0.0,-4.0,0
54.000,0,2,0.0,-4.0,0
54.000,0,2,0.0,-4.0,0
54.000,0,2,0.0,-4.0,0
54.000,0,2,0.0,-4.0,0
54.000,0,2,0.0,-4.0,0
54.000,0,2,0.0,-4.0,0
54.100,0,2,0.0,-4.0,0
54.100,0,2,0.0,-4.0,0
54.100,0,2,0.0,-4.0,0
54.100,0,2,0.0,-4.0,0
54.100,0,2,0.0,-4.0,0
54.100,0,2,0.0,-4.0,0
54.100,0,2,0.0,-4.0,0
54.100,0,2,0.0,-4.0,0
54.100,0,2,0.0,-4.0,0
54.100,0,2,0.0,-4.0,0
54.200,0,2,0.0,-4.0,0
54.200,0,2,0.0,-4.0,0
54.200,0,2,0.0,-4.0,0
54.200,0,2,0.0,-4.0,0
54.200,0,2,0.0,-4.0,0
54.200,0,2,0.0,-4.0,0
54.200,0,2,0.0,-4.0,0
54.200,0,2,0.0,-4.0,0
54.200,0,2,0.0,-4.0,0
54.200,0,2,0.0,-4.0,0
54.200,0,2,0.0,-4.0,0
54.300,0,2,0.0,-4.0,0
54.300,0,2,0.0,-4.0,0
54.300,0,2,0.0,-4.0,0
54.300,0,2,0.0,-4.0,0
54.300,0,2,0.0,-4.0,0
54.300,0,2,0.0,-4.0,0
54.300,0,2,0.0,-4.0,0
54.300,0,2,0.0,-4.0,0
54.300,0,2,0.0,-4.0,0
54.300,0,2,0.0,-4.0,0
54.400,0,2,0.0,-4.0,0
54.400,0,2,0.0,-4.0,0
54.400,0,2,0.0,-4.0,0
54.400,0,2,0.0,-4.0,0
54.400,0,2,0.0,-4.0,0
54.400,0,2,0.0,-4.0,0
54.400,0,2,0.0,-4.0,0
54.400,0,2,0.0,-4.0,0
54.400,0,2,0.0,-4.0,0
54.400,0,2,0.0,-4.0,0
54.400,0,2,0.0,-4.0,0
54.500,0,2,0.0,-4.0,0
54.500,0,2,0.0,-4.0,0
54.500,0,2,0.0,-4.0,0
54.500,0,2,0.0,-4.0,0
54.500,0,2,0.0,-4.0,0
54.500,0,2,0.0,-4.0,0
54.500,0,2,0.0,-4.0,0
54.500,0,2,0.0,-4.0,0
54.500,0,2,0.0,-4.0,0
54.500,0,2,0.0,-4.0,0
54.600,0,2,0.0,-4.0,0
54.600,0,2,0.0,-4.0,0
54.600,0,2,0.0,-4.0,0
54.600,0,2,0.0,-4.0,0
54.600,0,2,0.0,-4.0,0
54.600,0,2,0.0,-4.0,0
54.600,0,2,0.0,-4.0,0
54.600,0,2,0.0,-4.0,0
54.600,0,2,0.0,-4.0,0
54.600,0,2,0.0,-4.0,0
54.700,0,2,0.0,-4.0,0
54.700,0,2,0.0,-4.0,0
54.700,0,2,0.0,-4.0,0
54.700,0,2,0.0,-4.0,0
54.700,0,2,0.0,-4.0,0
54.700,0,2,0.0,-4.0,0
54.700,0,2,0.0,-4.0,0
54.700,0,2,0.0,-4.0,0
54.700,0,2,0.0,-4.0,0
54.700,0,2,0.0,-4.0,0
54.700,0,2,0.0,-4.0,0
54.800,0,2,0.0,-4.0,0
54.800,0,2,0.0,-4.0,0
54.800,0,2,0.0,-4.0,0
54.800,0,2,0.0,-4.0,0
54.800,0,2,0.0,-4.0,0
54.800,0,2,0.0,-4.0,0
54.800,0,2,0.0,-4.0,0
54.800,0,2,0.0,-4.0,0
54.800,0,2,0.0,-4.0,0
54.800,0,2,0.0,-4.0,0
54.900,0,2,0.0,-4.0,0
54.900,0,2,0.0,-4.0,0
54.900,0,2,0.0,-4.0,0
54.900,0,2,0.0,-4.0,0
54.900,0,2,0.0,-4.0,0
54.900,0,2,0.0,-4.0,0
54.900,0,2,0.0,-4.0,0
54.900,0,2,0.0,-4.0,0
54.900,0,2,0.0,-4.0,0
54.900,0,2,0.0,-4.0,0
54.900,0,2,0.0,-4.0,0
55.000,0,2,0.0,-4.0,0
55.000,0,2,0.0,-4.0,0
55.000,0,2,0.0,-4.0,0
55.000,0,2,0.0,-4.0,0
55.000,0,2,0.0,-4.0,0
55.000,0,2,0.0,-4.0,0
55.000,0,2,0.0,-4.0,0
55.000,0,2,0.0,-4.0,0
55.000,0,2,0.0,-4.0,0
55.000,0,2,0.0,-4.0,0
55.100,0,2,0.0,-4.0,0
55.100,0,2,0.0,-4.0,0
55.100,0,2,0.0,-4.0,0
55.100,0,2,0.0,-4.0,0
55.100,0,2,0.0,-4.0,0
55.100,0,2,0.0,-4.0,0
55.100,0,2,0.0,-4.0,0
55.100,0,2,0.0,-4.0,0
55.100,0,2,0.0,-4.0,0
55.100,0,2,0.0,-4.0,0
55.100,0,2,0.0,-4.0,0
55.200,0,2,0.0,-4.0,0
55.200,0,2,0.0,-4.0,0
55.200,0,2,0.0,-4.0,0
55.200,0,2,0.0,-4.0,0
55.200,0,2,0.0,-4.0,0
55.200,0,2,0.0,-4.0,0
55.200,0,2,0.0,-4.0,0
55.200,0,2,0.0,-4.0,0
55.200,0,2,0.0,-4.0,0
55.200,0,2,0.0,-4.0,0
55.300,0,2,0.0,-4.0,0
55.300,0,2,0.0,-4.0,0
55.300,0,2,0.0,-4.0,0
55.300,0,2,0.0,-4.0,0
55.300,0,2,0.0,-4.0,0
55.300,0,2,0.0,-4.0,0
55.300,0,2,0.0,-4.0,0
55.300,0,2,0.0,-4.0,0
55.300,0,2,0.0,-4.0,0
55.300,0,2,0.0,-4.0,0
55.400,0,2,0.0,-4.0,0
55.400,0,2,0.0,-4.0,0
55.400,0,2,0.0,-4.0,0
55.400,0,2,0.0,-4.0,0
55.400,0,2,0.0,-4.0,0
55.400,0,2,0.0,-4.0,0
55.400,0,2,0.0,-4.0,0
55.400,0,2,0.0,-4.0,0
55.400,0,2,0.0,-4.0,0
55.400,0,2,0.0,-4.0,0
55.400,0,2,0.0,-4.0,0
55.500,0,2,0.0,-4.0,0
55.500,0,2,0.0,-4.0,0
55.500,0,2,0.0,-4.0,0
55.500,0,2,0.0,-4.0,0
55.500,0,2,0.0,-4.0,0
55.500,0,2,0.0,-4.0,0
55.500,0,2,0.0,-4.0,0
55.500,0,2,0.0,-4.0,0
55.500,0,2,0.0,-4.0,0
55.500,0,2,0.0,-4.0,0
55.600,0,2,0.0,-4.0,0
55.600,0,2,0.0,-4.0,0
55.600,0,2,0.0,-4.0,0
55.600,0,2,0.0,-4.0,0
55.600,0,2,0.0,-4.0,0
55.600,0,2,0.0,-4.0,0
55.600,0,2,0.0,-4.0,0
55.600,0,2,0.0,-4.0,0
55.600,0,2,0.0,-4.0,0
55.600,0,2,0.0,-4.0,0
55.600,0,2,0.0,-4.0,0
55.700,0,2,0.0,-4.0,0
55.700,0,2,0.0,-4.0,0
55.700,0,2,0.0,-4.0,0
55.700,0,2,0.0,-4.0,0
55.700,0,2,0.0,-4.0,0
55.700,0,2,0.0,-4.0,0
55.700,0,2,0.0,-4.0,0
55.700,0,2,0.0,-4.0,0
55.700,0,2,0.0,-4.0,0
55.700,0,2,0.0,-4.0,0
55.800,0,2,0.0,-4.0,0
55.800,0,2,0.0,-4.0,0
55.800,0,2,0.0,-4.0,0
55.800,0,2,0.0,-4.0,0
55.800,0,2,0.0,-4.0,0
55.800,0,2,0.0,-4.0,0
55.800,0,2,0.0,-4.0,0
55.800,0,2,0.0,-4.0,0
55.800,0,2,0.0,-4.0,0
55.800,0,2,0.0,-4.0,0
55.800,0,2,0.0,-4.0,0
55.900,0,2,0.0,-4.0,0
55.900,0,2,0.0,-4.0,0
55.900,0,2,0.0,-4.0,0
55.900,0,2,0.0,-4.0,0
55.900,0,2,0.0,-4.0,0
55.900,0,2,0.0,-4.0,0
55.900,0,2,0.0,-4.0,0
55.900,0,2,0.0,-4.0,0
55.900,0,2,0.0,-4.0,0
55.900,0,2,0.0,-4.0,0
56.000,0,2,0.0,-4.0,0
56.000,0,2,0.0,-4.0,0
56.000,0,2,0.0,-4.0,0
56.000,0,2,0.0,-4.0,0
56.000,0,2,0.0,-4.0,0
56.000,0,2,0.0,-4.0,0
56.000,0,2,0.0,-4.0,0
56.000,0,2,0.0,-4.0,0
56.000,0,2,0.0,-4.0,0
56.000,0,2,0.0,-4.0,0
56.100,0,2,0.0,-4.0,0
56.100,0,2,0.0,-4.0,0
56.100,0,2,0.0,-4.0,0
56.100,0,2,0.0,-4.0,0
56.100,0,2,0.0,-4.0,0
56.100,0,2,0.0,-4.0,0
56.100,0,2,0.0,-4.0,0
56.100,0,2,0.0,-4.0,0
56.100,0,2,0.0,-4.0,0
56.100,0,2,0.0,-4.0,0
56.100,0,2,0.0,-4.0,0
56.200,0,2,0.0,-4.0,0
56.200,0,2,0.0,-4.0,0
56.200,0,2,0.0,-4.0,0
56.200,0,2,0.0,-4.0,0
56.200,0,2,0.0,-4.0,0
56.200,0,2,0.0,-4.0,0
56.200,0,2,0.0,-4.0,0
56.200,0,2,0.0,-4.0,0
56.200,0,2,0.0,-4.0,0
56.200,0,2,0.0,-4.0,0
56.300,0,2,0.0,-4.0,0
56.300,0,2,0.0,-4.0,0
56.300,0,2,0.0,-4.0,0
56.300,0,2,0.0,-4.0,0
56.300,0,2,0.0,-4.0,0
56.300,0,2,0.0,-4.0,0
56.300,0,2,0.0,-4.0,0
56.300,0,2,0.0,-4.0,0
56.300,0,2,0.0,-4.0,0
56.300,0,2,0.0,-4.0,0
56.300,0,2,0.0,-4.0,0
56.400,0,2,0.0,-4.0,0
56.400,0,2,0.0,-4.0,0
56.400,0,2,0.0,-4.0,0
56.400,0,2,0.0,-4.0,0
56.400,0,2,0.0,-4.0,0
56.400,0,2,0.0,-4.0,0
56.400,0,2,0.0,-4.0,0
56.400,0,2,0.0,-4.0,0
56.400,0,2,0.0,-4.0,0
56.400,0,2,0.0,-4.0,0
56.500,0,2,0.0,-4.0,0
56.500,0,2,0.0,-4.0,0
56.500,0,2,0.0,-4.0,0
56.500,0,2,0.0,-4.0,0
56.500,0,2,0.0,-4.0,0
56.500,0,2,0.0,-4.0,0
56.500,0,2,0.0,-4.0,0
56.500,0,2,0.0,-4.0,0
56.500,0,2,0.0,-4.0,0
56.500,0,2,0.0,-4.0,0
56.500,0,2,0.0,-4.0,0
56.600,0,2,0.0,-4.0,0
56.600,0,2,0.0,-4.0,0
56.600,0,2,0.0,-4.0,0
56.600,0,2,0.0,-4.0,0
56.600,0,2,0.0,-4.0,0
56.600,0,2,0.0,-4.0,0
56.600,0,2,0.0,-4.0,0
56.600,0,2,0.0,-4.0,0
56.600,0,2,0.0,-4.0,0
56.600,0,2,0.0,-4.0,0
56.700,0,2,0.0,-4.0,0
56.700,0,2,0.0,-4.0,0
56.700,0,2,0.0,-4.0,0
56.700,0,2,0.0,-4.0,0
56.700,0,2,0.0,-4.0,0
56.700,0,2,0.0,-4.0,0
56.700,0,2,0.0,-4.0,0
56.700,0,2,0.0,-4.0,0
56.700,0,2,0.0,-4.0,0
56.700,0,2,0.0,-4.0,0
56.700,0,2,0.0,-4.0,0
56.800,0,2,0.0,-4.0,0
56.800,0,2,0.0,-4.0,0
56.800,0,2,0.0,-4.0,0
56.800,0,2,0.0,-4.0,0
56.800,0,2,0.0,-4.0,0
56.800,0,2,0.0,-4.0,0
56.800,0,2,0.0,-4.0,0
56.800,0,2,0.0,-4.0,0
56.800,0,2,0.0,-4.0,0
56.800,0,2,0.0,-4.0,0
56.900,0,2,0.0,-4.0,0
56.900,0,2,0.0,-4.0,0
56.900,0,2,0.0,-4.0,0
56.900,0,2,0.0,-4.0,0
56.900,0,2,0.0,-4.0,0
56.900,0,2,0.0,-4.0,0
56.900,0,2,0.0,-4.0,0
56.900,0,2,0.0,-4.0,0
56.900,0,2,0.0,-4.0,0
56.900,0,2,0.0,-4.0,0
57.000,0,2,0.0,-4.0,0
57.000,0,2,0.0,-4.0,0
57.000,0,2,0.0,-4.0,0
57.000,0,2,0.0,-4.0,0
57.000,0,2,0.0,-4.0,0
57.000,0,2,0.0,-4.0,0
57.000,0,2,0.0,-4.0,0
57.000,0,2,0.0,-4.0,0
57.000,0,2,0.0,-4.0,0
57.000,0,2,0.0,-4.0,0
57.000,0,2,0.0,-4.0,0
57.100,0,2,0.0,-4.0,0
57.100,0,2,0.0,-4.0,0
57.100,0,2,0.0,-4.0,0
57.100,0,2,0.0,-4.0,0
57.100,0,2,0.0,-4.0,0
57.100,0,2,0.0,-4.0,0
57.100,0,2,0.0,-4.0,0
57.100,0,2,0.0,-4.0,0
57.100,0,2,0.0,-4.0,0
57.100,0,2,0.0,-4.0,0
57.200,0,2,0.0,-4.0,0
57.200,0,2,0.0,-4.0,0
57.200,0,2,0.0,-4.0,0
57.200,0,2,0.0,-4.0,0
57.200,0,2,0.0,-4.0,0
57.200,0,2,0.0,-4.0,0
57.200,0,2,0.0,-4.0,0
57.200,0,2,0.0,-4.0,0
57.200,0,2,0.0,-4.0,0
57.200,0,2,0.0,-4.0,0
57.200,0,2,0.0,-4.0,0
57.300,0,2,0.0,-4.0,0
57.300,0,2,0.0,-4.0,0
57.300,0,2,0.0,-4.0,0
57.300,0,2,0.0,-4.0,0
57.300,0,2,0.0,-4.0,0
57.300,0,2,0.0,-4.0,0
57.300,0,2,0.0,-4.0,0
57.300,0,2,0.0,-4.0,0
57.300,0,2,0.0,-4.0,0
57.300,0,2,0.0,-4.0,0
57.400,0,2,0.0,-4.0,0
57.400,0,2,0.0,-4.0,0
57.400,0,2,0.0,-4.0,0
57.400,0,2,0.0,-4.0,0
57.400,0,2,0.0,-4.0,0
57.400,0,2,0.0,-4.0,0
57.400,0,2,0.0,-4.0,0
57.400,0,2,0.0,-4.0,0
57.400,0,2,0.0,-4.0,0
57.400,0,2,0.0,-4.0,0
57.400,0,2,0.0,-4.0,0
57.500,0,2,0.0,-4.0,0
57.500,0,2,0.0,-4.0,0
57.500,0,2,0.0,-4.0,0
57.500,0,2,0.0,-4.0,0
57.500,0,2,0.0,-4.0,0
57.500,0,2,0.0,-4.0,0
57.500,0,2,0.0,-4.0,0
57.500,0,2,0.0,-4.0,0
57.500,0,2,0.0,-4.0,0
57.500,0,2,0.0,-4.0,0
57.600,0,2,0.0,-4.0,0
57.600,0,2,0.0,-4.0,0
57.600,0,2,0.0,-4.0,0
57.600,0,2,0.0,-4.0,0
57.600,0,2,0.0,-4.0,0
57.600,0,2,0.0,-4.0,0
57.600,0,2,0.0,-4.0,0
57.600,0,2,0.0,-4.0,0
57.600,0,2,0.0,-4.0,0
57.600,0,2,0.0,-4.0,0
57.700,0,2,0.0,-4.0,0
57.700,0,2,0.0,-4.0,0
57.700,0,2,0.0,-4.0,0
57.700,0,2,0.0,-4.0,0
57.700,0,2,0.0,-4.0,0
57.700,0,2,0.0,-4.0,0
57.700,0,2,0.0,-4.0,0
57.700,0,2,0.0,-4.0,0
57.700,0,2,0.0,-4.0,0
57.700,0,2,0.0,-4.0,0
57.700,0,2,0.0,-4.0,0
57.800,0,2,0.0,-4.0,0
57.800,0,2,0.0,-4.0,0
57.800,0,2,0.0,-4.0,0
57.800,0,2,0.0,-4.0,0
57.800,0,2,0.0,-4.0,0
57.800,0,2,0.0,-4.0,0
57.800,0,2,0.0,-4.0,0
57.800,0,2,0.0,-4.0,0
57.800,0,2,0.0,-4.0,0
57.800,0,2,0.0,-4.0,0
57.900,0,2,0.0,-4.0,0
57.900,0,2,0.0,-4.0,0
57.900,0,2,0.0,-4.0,0
57.900,0,2,0.0,-4.0,0
57.900,0,2,0.0,-4.0,0
57.900,0,2,0.0,-4.0,0
57.900,0,2,0.0,-4.0,0
57.900,0,2,0.0,-4.0,0
57.900,0,2,0.0,-4.0,0
57.900,0,2,0.0,-4.0,0
57.900,0,2,0.0,-4.0,0
58.000,0,2,0.0,-4.0,0
58.000,0,2,0.0,-4.0,0
58.000,0,2,0.0,-4.0,0
58.000,0,2,0.0,-4.0,0
58.000,0,2,0.0,-4.0,0
58.000,0,2,0.0,-4.0,0
58.000,0,2,0.0,-4.0,0
58.000,0,2,0.0,-4.0,0
58.000,0,2,0.0,-4.0,0
58.000,0,2,0.0,-4.0,0
58.100,0,2,0.0,-4.0,0
58.100,0,2,0.0,-4.0,0
58.100,0,2,0.0,-4.0,0
58.100,0,2,0.0,-4.0,0
58.100,0,2,0.0,-4.0,0
58.100,0,2,0.0,-4.0,0
58.100,0,2,0.0,-4.0,0
58.100,0,2,0.0,-4.0,0
58.100,0,2,0.0,-4.0,0
58.100,0,2,0.0,-4.0,0
58.100,0,2,0.0,-4.0,0
58.200,0,2,0.0,-4.0,0
58.200,0,2,0.0,-4.0,0
58.200,0,2,0.0,-4.0,0
58.200,0,2,0.0,-4.0,0
58.200,0,2,0.0,-4.0,0
58.200,0,2,0.0,-4.0,0
58.200,0,2,0.0,-4.0,0
58.200,0,2,0.0,-4.0,0
58.200,0,2,0.0,-4.0,0
58.200,0,2,0.0,-4.0,0
58.300,0,2,0.0,-4.0,0
58.300,0,2,0.0,-4.0,0
58.300,0,2,0.0,-4.0,0
58.300,0,2,0.0,-4.0,0
58.300,0,2,0.0,-4.0,0
58.300,0,2,0.0,-4.0,0
58.300,0,2,0.0,-4.0,0
58.300,0,2,0.0,-4.0,0
58.300,0,2,0.0,-4.0,0
58.300,0,2,0.0,-4.0,0
58.400,0,2,0.0,-4.0,0
58.400,0,2,0.0,-4.0,0
58.400,0,2,0.0,-4.0,0
58.400,0,2,0.0,-4.0,0
58.400,0,2,0.0,-4.0,0
58.400,0,2,0.0,-4.0,0
58.400,0,2,0.0,-4.0,0
58.400,0,2,0.0,-4.0,0
58.400,0,2,0.0,-4.0,0
58.400,0,2,0.0,-4.0,0
58.400,0,2,0.0,-4.0,0
58.500,0,2,0.0,-4.0,0
58.500,0,2,0.0,-4.0,0
58.500,0,2,0.0,-4.0,0
58.500,0,2,0.0,-4.0,0
58.500,0,2,0.0,-4.0,0
58.500,0,2,0.0,-4.0,0
58.500,0,2,0.0,-4.0,0
58.500,0,2,0.0,-4.0,0
58.500,0,2,0.0,-4.0,0
58.500,0,2,0.0,-4.0,0
58.600,0,2,0.0,-4.0,0
58.600,0,2,0.0,-4.0,0
58.600,0,2,0.0,-4.0,0
58.600,0,2,0.0,-4.0,0
58.600,0,2,0.0,-4.0,0
58.600,0,2,0.0,-4.0,0
58.600,0,2,0.0,-4.0,0
58.600,0,2,0.0,-4.0,0
58.600,0,2,0.0,-4.0,0
58.600,0,2,0.0,-4.0,0
58.600,0,2,0.0,-4.0,0
58.700,0,2,0.0,-4.0,0
58.700,0,2,0.0,-4.0,0
58.700,0,2,0.0,-4.0,0
58.700,0,2,0.0,-4.0,0
58.700,0,2,0.0,-4.0,0
58.700,0,2,0.0,-4.0,0
58.700,0,2,0.0,-4.0,0
58.700,0,2,0.0,-4.0,0
58.700,0,2,0.0,-4.0,0
58.700,0,2,0.0,-4.0,0
58.800,0,2,0.0,-4.0,0
58.800,0,2,0.0,-4.0,0
58.800,0,2,0.0,-4.0,0
58.800,0,2,0.0,-4.0,0
58.800,0,2,0.0,-4.0,0
58.800,0,2,0.0,-4.0,0
58.800,0,2,0.0,-4.0,0
58.800,0,2,0.0,-4.0,0
58.800,0,2,0.0,-4.0,0
58.800,0,2,0.0,-4.0,0
58.800,0,2,0.0,-4.0,0
58.900,0,2,0.0,-4.0,0
58.900,0,2,0.0,-4.0,0
58.900,0,2,0.0,-4.0,0
58.900,0,2,0.0,-4.0,0
58.900,0,2,0.0,-4.0,0
58.900,0,2,0.0,-4.0,0
58.900,0,2,0.0,-4.0,0
58.900,0,2,0.0,-4.0,0
58.900,0,2,0.0,-4.0,0
58.900,0,2,0.0,-4.0,0
59.000,0,2,0.0,-4.0,0
59.000,0,2,0.0,-4.0,0
59.000,0,2,0.0,-4.0,0
59.000,0,2,0.0,-4.0,0
59.000,0,2,0.0,-4.0,0
59.000,0,2,0.0,-4.0,0
59.000,0,2,0.0,-4.0,0
59.000,0,2,0.0,-4.0,0
59.000,0,2,0.0,-4.0,0
59.000,0,2,0.0,-4.0,0
59.100,0,2,0.0,-4.0,0
59.100,0,2,0.0,-4.0,0
59.100,0,2,0.0,-4.0,0
59.100,0,2,0.0,-4.0,0
59.100,0,2,0.0,-4.0,0
59.100,0,2,0.0,-4.0,0
59.100,0,2,0.0,-4.0,0
59.100,0,2,0.0,-4.0,0
59.100,0,2,0.0,-4.0,0
59.100,0,2,0.0,-4.0,0
59.100,0,2,0.0,-4.0,0
59.200,0,2,0.0,-4.0,0
59.200,0,2,0.0,-4.0,0
59.200,0,2,0.0,-4.0,0
59.200,0,2,0.0,-4.0,0
59.200,0,2,0.0,-4.0,0
59.200,0,2,0.0,-4.0,0
59.200,0,2,0.0,-4.0,0
59.200,0,2,0.0,-4.0,0
59.200,0,2,0.0,-4.0,0
59.200,0,2,0.0,-4.0,0
59.300,0,2,0.0,-4.0,0
59.300,0,2,0.0,-4.0,0
59.300,0,2,0.0,-4.0,0
59.300,0,2,0.0,-4.0,0
59.300,0,2,0.0,-4.0,0
59.300,0,2,0.0,-4.0,0
59.300,0,2,0.0,-4.0,0
59.300,0,2,0.0,-4.0,0
59.300,0,2,0.0,-4.0,0
59.300,0,2,0.0,-4.0,0
59.300,0,2,0.0,-4.0,0
59.400,0,2,0.0,-4.0,0
59.400,0,2,0.0,-4.0,0
59.400,0,2,0.0,-4.0,0
59.400,0,2,0.0,-4.0,0
59.400,0,2,0.0,-4.0,0
59.400,0,2,0.0,-4.0,0
59.400,0,2,0.0,-4.0,0
59.400,0,2,0.0,-4.0,0
59.400,0,2,0.0,-4.0,0
59.400,0,2,0.0,-4.0,0
59.500,0,2,0.0,-4.0,0
59.500,0,2,0.0,-4.0,0
59.500,0,2,0.0,-4.0,0
59.500,0,2,0.0,-4.0,0
59.500,0,2,0.0,-4.0,0
59.500,0,2,0.0,-4.0,0
59.500,0,2,0.0,-4.0,0
59.500,0,2,0.0,-4.0,0
59.500,0,2,0.0,-4.0,0
59.500,0,2,0.0,-4.0,0
59.500,0,2,0.0,-4.0,0
59.600,0,2,0.0,-4.0,0
59.600,0,2,0.0,-4.0,0
59.600,0,2,0.0,-4.0,0
59.600,0,2,0.0,-4.0,0
59.600,0,2,0.0,-4.0,0
59.600,0,2,0.0,-4.0,0
59.600,0,2,0.0,-4.0,0
59.600,0,2,0.0,-4.0,0
59.600,0,2,0.0,-4.0,0
59.600,0,2,0.0,-4.0,0
59.700,0,2,0.0,-4.0,0
59.700,0,2,0.0,-4.0,0
59.700,0,2,0.0,-4.0,0
59.700,0,2,0.0,-4.0,0
59.700,0,2,0.0,-4.0,0
59.700,0,2,0.0,-4.0,0
59.700,0,2,0.0,-4.0,0
59.700,0,2,0.0,-4.0,0
59.700,0,2,0.0,-4.0,0
59.700,0,2,0.0,-4.0,0
59.700,0,2,0.0,-4.0,0
59.800,0,2,0.0,-4.0,0
59.800,0,2,0.0,-4.0,0
59.800,0,2,0.0,-4.0,0
59.800,0,2,0.0,-4.0,0
59.800,0,2,0.0,-4.0,0
59.800,0,2,0.0,-4.0,0
59.800,0,2,0.0,-4.0,0
59.800,0,2,0.0,-4.0,0
59.800,0,2,0.0,-4.0,0
59.800,0,2,0.0,-4.0,0
59.900,0,2,0.0,-4.0,0
59.900,0,2,0.0,-4.0,0
59.900,0,2,0.0,-4.0,0
59.900,0,2,0.0,-4.0,0
59.900,0,2,0.0,-4.0,0
59.900,0,2,0.0,-4.0,0
59.900,0,2,0.0,-4.0,0
59.900,0,2,0.0,-4.0,0
59.900,0,2,0.0,-4.0,0
59.900,0,2,0.0,-4.0,0
60.000,0,2,0.0,-4.0,0
60.000,0,2,0.0,-4.0,0
60.000,0,2,0.0,-4.0,0
60.000,0,2,0.0,-4.0,0
60.000,0,2,0.0,-4.0,0
60.000,0,2,0.0,-4.0,0
60.000,0,2,0.0,-4.0,0
60.000,0,2,0.0,-4.0,0
60.000,0,2,0.0,-4.0,0
60.000,0,2,0.0,-4.0,0
60.000,0,2,0.0,-4.0,0
60.100,0,2,0.0,-4.0,0
60.100,0,2,0.0,-4.0,0
60.100,0,2,0.0,-4.0,0
60.100,0,2,0.0,-4.0,0
60.100,0,2,0.0,-4.0,0
60.100,0,2,0.0,-4.0,0
60.100,0,2,0.0,-4.0,0
60.100,0,2,0.0,-4.0,0
60.100,0,2,0.0,-4.0,0
60.100,0,2,0.0,-4.0,0
60.200,0,2,0.0,-4.0,0
60.200,0,2,0.0,-4.0,0
60.200,0,2,0.0,-4.0,0
60.200,0,2,0.0,-4.0,0
60.200,0,2,0.0,-4.0,0
60.200,0,2,0.0,-4.0,0
60.200,0,2,0.0,-4.0,0
60.200,0,2,0.0,-4.0,0
60.200,0,2,0.0,-4.0,0
60.200,0,2,0.0,-4.0,0
60.200,0,2,0.0,-4.0,0
60.300,0,2,0.0,-4.0,0
60.300,0,2,0.0,-4.0,0
60.300,0,2,0.0,-4.0,0
60.300,0,2,0.0,-4.0,0
60.300,0,2,0.0,-4.0,0
60.300,0,2,0.0,-4.0,0
60.300,0,2,0.0,-4.0,0
60.300,0,2,0.0,-4.0,0
60.300,0,2,0.0,-4.0,0
60.300,0,2,0.0,-4.0,0
60.400,0,2,0.0,-4.0,0
60.400,0,2,0.0,-4.0,0
60.400,0,2,0.0,-4.0,0
60.400,0,2,0.0,-4.0,0
60.400,0,2,0.0,-4.0,0
60.400,0,2,0.0,-4.0,0
60.400,0,2,0.0,-4.0,0
60.400,0,2,0.0,-4.0,0
60.400,0,2,0.0,-4.0,0
60.400,0,2,0.0,-4.0,0
60.400,0,2,0.0,-4.0,0
60.500,0,2,0.0,-4.0,0
60.500,0,2,0.0,-4.0,0
60.500,0,2,0.0,-4.0,0
60.500,0,2,0.0,-4.0,0
60.500,0,2,0.0,-4.0,0
60.500,0,2,0.0,-4.0,0
60.500,0,2,0.0,-4.0,0
60.500,0,2,0.0,-4.0,0
60.500,0,2,0.0,-4.0,0
60.500,0,2,0.0,-4.0,0
60.600,0,2,0.0,-4.0,0
60.600,0,2,0.0,-4.0,0
60.600,0,2,0.0,-4.0,0
60.600,0,2,0.0,-4.0,0
60.600,0,2,0.0,-4.0,0
60.600,0,2,0.0,-4.0,0
60.600,0,2,0.0,-4.0,0
60.600,0,2,0.0,-4.0,0
60.600,0,2,0.0,-4.0,0
60.600,0,2,0.0,-4.0,0
60.700,0,2,0.0,-4.0,0
60.700,0,2,0.0,-4.0,0
60.700,0,2,0.0,-4.0,0
60.700,0,2,0.0,-4.0,0
60.700,0,2,0.0,-4.0,0
60.700,0,2,0.0,-4.0,0
60.700,0,2,0.0,-4.0,0
60.700,0,2,0.0,-4.0,0
60.700,0,2,0.0,-4.0,0
60.700,0,2,0.0,-4.0,0
60.700,0,2,0.0,-4.0,0
60.800,0,2,0.0,-4.0,0
60.800,0,2,0.0,-4.0,0
60.800,0,2,0.0,-4.0,0
60.800,0,2,0.0,-4.0,0
60.800,0,2,0.0,-4.0,0
60.800,0,2,0.0,-4.0,0
60.800,0,2,0.0,-4.0,0
60.800,0,2,0.0,-4.0,0
60.800,0,2,0.0,-4.0,0
60.800,0,2,0.0,-4.0,0
60.900,0,2,0.0,-4.0,0
60.900,0,2,0.0,-4.0,0
60.900,0,2,0.0,-4.0,0
60.900,0,2,0.0,-4.0,0
60.900,0,2,0.0,-4.0,0
60.900,0,2,0.0,-4.0,0
60.900,0,2,0.0,-4.0,0
60.900,0,2,0.0,-4.0,0
60.900,0,2,0.0,-4.0,0
60.900,0,2,0.0,-4.0,0
60.900,0,2,0.0,-4.0,0
61.000,0,2,0.0,-4.0,0
61.000,0,2,0.0,-4.0,0
61.000,0,2,0.0,-4.0,0
61.000,0,2,0.0,-4.0,0
61.000,0,2,0.0,-4.0,0
61.000,0,2,0.0,-4.0,0
61.000,0,2,0.0,-4.0,0
61.000,0,2,0.0,-4.0,0
61.000,0,2,0.0,-4.0,0
61.000,0,2,0.0,-4.0,0
61.100,0,2,0.0,-4.0,0
61.100,0,2,0.0,-4.0,0
61.100,0,2,0.0,-4.0,0
61.100,0,2,0.0,-4.0,0
61.100,0,2,0.0,-4.0,0
61.100,0,2,0.0,-4.0,0
61.100,0,2,0.0,-4.0,0
61.100,0,2,0.0,-4.0,0
61.100,0,2,0.0,-4.0,0
61.100,0,2,0.0,-4.0,0
61.100,0,2,0.0,-4.0,0
61.200,0,2,0.0,-4.0,0
61.200,0,2,0.0,-4.0,0
61.200,0,2,0.0,-4.0,0
61.200,0,2,0.0,-4.0,0
61.200,0,2,0.0,-4.0,0
61.200,0,2,0.0,-4.0,0
61.200,0,2,0.0,-4.0,0
61.200,0,2,0.0,-4.0,0
61.200,0,2,0.0,-4.0,0
61.200,0,2,0.0,-4.0,0
61.300,0,2,0.0,-4.0,0
61.300,0,2,0.0,-4.0,0
61.300,0,2,0.0,-4.0,0
61.300,0,2,0.0,-4.0,0
61.300,0,2,0.0,-4.0,0
61.300,0,2,0.0,-4.0,0
61.300,0,2,0.0,-4.0,0
61.300,0,2,0.0,-4.0,0
61.300,0,2,0.0,-4.0,0
61.300,0,2,0.0,-4.0,0
61.400,0,2,0.0,-4.0,0
61.400,0,2,0.0,-4.0,0
61.400,0,2,0.0,-4.0,0
61.400,0,2,0.0,-4.0,0
61.400,0,2,0.0,-4.0,0
61.400,0,2,0.0,-4.0,0
61.400,0,2,0.0,-4.0,0
61.400,0,2,0.0,-4.0,0
61.400,0,2,0.0,-4.0,0
61.400,0,2,0.0,-4.0,0
61.400,0,2,0.0,-4.0,0
61.500,0,2,0.0,-4.0,0
61.500,0,2,0.0,-4.0,0
61.500,0,2,0.0,-4.0,0
61.500,0,2,0.0,-4.0,0
61.500,0,2,0.0,-4.0,0
61.500,0,2,0.0,-4.0,0
61.500,0,2,0.0,-4.0,0
61.500,0,2,0.0,-4.0,0
61.500,0,2,0.0,-4.0,0
61.500,0,2,0.0,-4.0,0
61.600,0,2,0.0,-4.0,0
61.600,0,2,0.0,-4.0,0
61.600,0,2,0.0,-4.0,0
61.600,0,2,0.0,-4.0,0
61.600,0,2,0.0,-4.0,0
61.600,0,2,0.0,-4.0,0
61.600,0,2,0.0,-4.0,0
61.600,0,2,0.0,-4.0,0
61.600,0,2,0.0,-4.0,0
61.600,0,2,0.0,-4.0,0
61.600,0,2,0.0,-4.0,0
61.700,0,2,0.0,-4.0,0
61.700,0,2,0.0,-4.0,0
61.700,0,2,0.0,-4.0,0
61.700,0,2,0.0,-4.0,0
61.700,0,2,0.0,-4.0,0
61.700,0,2,0.0,-4.0,0
61.700,0,2,0.0,-4.0,0
61.700,0,2,0.0,-4.0,0
61.700,0,2,0.0,-4.0,0
61.700,0,2,0.0,-4.0,0
61.800,0,2,0.0,-4.0,0
61.800,0,2,0.0,-4.0,0
61.800,0,2,0.0,-4.0,0
61.800,0,2,0.0,-4.0,0
61.800,0,2,0.0,-4.0,0
61.800,0,2,0.0,-4.0,0
61.800,0,2,0.0,-4.0,0
61.800,0,2,0.0,-4.0,0
61.800,0,2,0.0,-4.0,0
61.800,0,2,0.0,-4.0,0
61.800,0,2,0.0,-4.0,0
61.900,0,2,0.0,-4.0,0
61.900,0,2,0.0,-4.0,0
61.900,0,2,0.0,-4.0,0
61.900,0,2,0.0,-4.0,0
61.900,0,2,0.0,-4.0,0
61.900,0,2,0.0,-4.0,0
61.900,0,2,0.0,-4.0,0
61.900,0,2,0.0,-4.0,0
61.900,0,2,0.0,-4.0,0
61.900,0,2,0.0,-4.0,0
62.000,0,2,0.0,-4.0,0
62.000,0,2,0.0,-4.0,0
62.000,0,2,0.0,-4.0,0
62.000,0,2,0.0,-4.0,0
62.000,0,2,0.0,-4.0,0
62.000,0,2,0.0,-4.0,0
62.000,0,2,0.0,-4.0,0
62.000,0,2,0.0,-4.0,0
62.000,0,2,0.0,-4.0,0
62.000,0,2,0.0,-4.0,0
62.000,0,2,0.0,-4.0,0
62.100,0,2,0.0,-4.0,0
62.100,0,2,0.0,-4.0,0
62.100,0,2,0.0,-4.0,0
62.100,0,2,0.0,-4.0,0
62.100,0,2,0.0,-4.0,0
62.100,0,2,0.0,-4.0,0
62.100,0,2,0.0,-4.0,0
62.100,0,2,0.0,-4.0,0
62.100,0,2,0.0,-4.0,0
62.100,0,2,0.0,-4.0,0
62.200,0,2,0.0,-4.0,0
62.200,0,2,0.0,-4.0,0
62.200,0,2,0.0,-4.0,0
62.200,0,2,0.0,-4.0,0
62.200,0,2,0.0,-4.0,0
62.200,0,2,0.0,-4.0,0
62.200,0,2,0.0,-4.0,0
62.200,0,2,0.0,-4.0,0
62.200,0,2,0.0,-4.0,0
62.200,0,2,0.0,-4.0,0
62.300,0,2,0.0,-4.0,0
62.300,0,2,0.0,-4.0,0
62.300,0,2,0.0,-4.0,0
62.300,0,2,0.0,-4.0,0
62.300,0,2,0.0,-4.0,0
62.300,0,2,0.0,-4.0,0
62.300,0,2,0.0,-4.0,0
62.300,0,2,0.0,-4.0,0
62.300,0,2,0.0,-4.0,0
62.300,0,2,0.0,-4.0,0
62.300,0,2,0.0,-4.0,0
62.400,0,2,0.0,-4.0,0
62.400,0,2,0.0,-4.0,0
62.400,0,2,0.0,-4.0,0
62.400,0,2,0.0,-4.0,0
62.400,0,2,0.0,-4.0,0
62.400,0,2,0.0,-4.0,0
62.400,0,2,0.0,-4.0,0
62.400,0,2,0.0,-4.0,0
62.400,0,2,0.0,-4.0,0
62.400,0,2,0.0,-4.0,0
62.500,0,2,0.0,-4.0,0
62.500,0,2,0.0,-4.0,0
62.500,0,2,0.0,-4.0,0
62.500,0,2,0.0,-4.0,0
62.500,0,2,0.0,-4.0,0
62.500,0,2,0.0,-4.0,0
62.500,0,2,0.0,-4.0,0
62.500,0,2,0.0,-4.0,0
62.500,0,2,0.0,-4.0,0
62.500,0,2,0.0,-4.0,0
62.500,0,2,0.0,-4.0,0
62.600,0,2,0.0,-4.0,0
62.600,0,2,0.0,-4.0,0
62.600,0,2,0.0,-4.0,0
62.600,0,2,0.0,-4.0,0
62.600,0,2,0.0,-4.0,0
62.600,0,2,0.0,-4.0,0
62.600,0,2,0.0,-4.0,0
62.600,0,2,0.0,-4.0,0
62.600,0,2,0.0,-4.0,0
62.600,0,2,0.0,-4.0,0
62.700,0,2,0.0,-4.0,0
62.700,0,2,0.0,-4.0,0
62.700,0,2,0.0,-4.0,0
62.700,0,2,0.0,-4.0,0
62.700,0,2,0.0,-4.0,0
62.700,0,2,0.0,-4.0,0
62.700,0,2,0.0,-4.0,0
62.700,0,2,0.0,-4.0,0
62.700,0,2,0.0,-4.0,0
62.700,0,2,0.0,-4.0,0
62.700,0,2,0.0,-4.0,0
62.800,0,2,0.0,-4.0,0
62.800,0,2,0.0,-4.0,0
62.800,0,2,0.0,-4.0,0
62.800,0,2,0.0,-4.0,0
62.800,0,2,0.0,-4.0,0
62.800,0,2,0.0,-4.0,0
62.800,0,2,0.0,-4.0,0
62.800,0,2,0.0,-4.0,0
62.800,0,2,0.0,-4.0,0
62.800,0,2,0.0,-4.0,0
62.900,0,2,0.0,-4.0,0
62.900,0,2,0.0,-4.0,0
62.900,0,2,0.0,-4.0,0
62.900,0,2,0.0,-4.0,0
62.900,0,2,0.0,-4.0,0
62.900,0,2,0.0,-4.0,0
62.900,0,2,0.0,-4.0,0
62.900,0,2,0.0,-4.0,0
62.900,0,2,0.0,-4.0,0
62.900,0,2,0.0,-4.0,0
63.000,0,2,0.0,-4.0,0
63.000,0,2,0.0,-4.0,0
63.000,0,2,0.0,-4.0,0
63.000,0,2,0.0,-4.0,0
63.000,0,2,0.0,-4.0,0
63.000,0,2,0.0,-4.0,0
63.000,0,2,0.0,-4.0,0
63.000,0,2,0.0,-4.0,0
63.000,0,2,0.0,-4.0,0
63.000,0,2,0.0,-4.0,0
63.000,0,2,0.0,-4.0,0
63.100,0,2,0.0,-4.0,0
63.100,0,2,0.0,-4.0,0
63.100,0,2,0.0,-4.0,0
63.100,0,2,0.0,-4.0,0
63.100,0,2,0.0,-4.0,0
63.100,0,2,0.0,-4.0,0
63.100,0,2,0.0,-4.0,0
63.100,0,2,0.0,-4.0,0
63.100,0,2,0.0,-4.0,0
63.100,0,2,0.0,-4.0,0
63.200,0,2,0.0,-4.0,0
63.200,0,2,0.0,-4.0,0
63.200,0,2,0.0,-4.0,0
63.200,0,2,0.0,-4.0,0
63.200,0,2,0.0,-4.0,0
63.200,0,2,0.0,-4.0,0
63.200,0,2,0.0,-4.0,0
63.200,0,2,0.0,-4.0,0
63.200,0,2,0.0,-4.0,0
63.200,0,2,0.0,-4.0,0
63.200,0,2,0.0,-4.0,0
63.300,0,2,0.0,-4.0,0
63.300,0,2,0.0,-4.0,0
63.300,0,2,0.0,-4.0,0
63.300,0,2,0.0,-4.0,0
63.300,0,2,0.0,-4.0,0
63.300,0,2,0.0,-4.0,0
63.300,0,2,0.0,-4.0,0
63.300,0,2,0.0,-4.0,0
63.300,0,2,0.0,-4.0,0
63.300,0,2,0.0,-4.0,0
63.400,0,2,0.0,-4.0,0
63.400,0,2,0.0,-4.0,0
63.400,0,2,0.0,-4.0,0
63.400,0,2,0.0,-4.0,0
63.400,0,2,0.0,-4.0,0
63.400,0,2,0.0,-4.0,0
63.400,0,2,0.0,-4.0,0
63.400,0,2,0.0,-4.0,0
63.400,0,2,0.0,-4.0,0
63.400,0,2,0.0,-4.0,0
63.400,0,2,0.0,-4.0,0
63.500,0,2,0.0,-4.0,0
63.500,0,2,0.0,-4.0,0
63.500,0,2,0.0,-4.0,0
63.500,0,2,0.0,-4.0,0
63.500,0,2,0.0,-4.0,0
63.500,0,2,0.0,-4.0,0
63.500,0,2,0.0,-4.0,0
63.500,0,2,0.0,-4.0,0
63.500,0,2,0.0,-4.0,0
63.500,0,2,0.0,-4.0,0
63.600,0,2,0.0,-4.0,0
63.600,0,2,0.0,-4.0,0
63.600,0,2,0.0,-4.0,0
63.600,0,2,0.0,-4.0,0
63.600,0,2,0.0,-4.0,0
63.600,0,2,0.0,-4.0,0
63.600,0,2,0.0,-4.0,0
63.600,0,2,0.0,-4.0,0
63.600,0,2,0.0,-4.0,0
63.600,0,2,0.0,-4.0,0
63.700,0,2,0.0,-4.0,0
63.700,0,2,0.0,-4.0,0
63.700,0,2,0.0,-4.0,0
63.700,0,2,0.0,-4.0,0
63.700,0,2,0.0,-4.0,0
63.700,0,2,0.0,-4.0,0
63.700,0,2,0.0,-4.0,0
63.700,0,2,0.0,-4.0,0
63.700,0,2,0.0,-4.0,0
63.700,0,2,0.0,-4.0,0
63.700,0,2,0.0,-4.0,0
63.800,0,2,0.0,-4.0,0
63.800,0,2,0.0,-4.0,0
63.800,0,2,0.0,-4.0,0
63.800,0,2,0.0,-4.0,0
63.800,0,2,0.0,-4.0,0
63.800,0,2,0.0,-4.0,0
63.800,0,2,0.0,-4.0,0
63.800,0,2,0.0,-4.0,0
63.800,0,2,0.0,-4.0,0
63.800,0,2,0.0,-4.0,0
63.900,0,2,0.0,-4.0,0
63.900,0,2,0.0,-4.0,0
63.900,0,2,0.0,-4.0,0
63.900,0,2,0.0,-4.0,0
63.900,0,2,0.0,-4.0,0
63.900,0,2,0.0,-4.0,0
63.900,0,2,0.0,-4.0,0
63.900,0,2,0.0,-4.0,0
63.900,0,2,0.0,-4.0,0
63.900,0,2,0.0,-4.0,0
63.900,0,2,0.0,-4.0,0
64.000,0,2,0.0,-4.0,0
64.000,0,2,0.0,-4.0,0
64.000,0,2,0.0,-4.0,0
64.000,0,2,0.0,-4.0,0
64.000,0,2,0.0,-4.0,0
64.000,0,2,0.0,-4.0,0
64.000,0,2,0.0,-4.0,0
64.000,0,2,0.0,-4.0,0
64.000,0,2,0.0,-4.0,0
64.000,0,2,0.0,-4.0,0
64.100,0,2,0.0,-4.0,0
64.100,0,2,0.0,-4.0,0
64.100,0,2,0.0,-4.0,0
64.100,0,2,0.0,-4.0,0
64.100,0,2,0.0,-4.0,0
64.100,0,2,0.0,-4.0,0
64.100,0,2,0.0,-4.0,0
64.100,0,2,0.0,-4.0,0
64.100,0,2,0.0,-4.0,0
64.100,0,2,0.0,-4.0,0
64.100,0,2,0.0,-4.0,0
64.200,0,2,0.0,-4.0,0
64.200,0,2,0.0,-4.0,0
64.200,0,2,0.0,-4.0,0
64.200,0,2,0.0,-4.0,0
64.200,0,2,0.0,-4.0,0
64.200,0,2,0.0,-4.0,0
64.200,0,2,0.0,-4.0,0
64.200,0,2,0.0,-4.0,0
64.200,0,2,0.0,-4.0,0
64.200,0,2,0.0,-4.0,0
64.300,0,2,0.0,-4.0,0
64.300,0,2,0.0,-4.0,0
64.300,0,2,0.0,-4.0,0
64.300,0,2,0.0,-4.0,0
64.300,0,2,0.0,-4.0,0
64.300,0,2,0.0,-4.0,0
64.300,0,2,0.0,-4.0,0
64.300,0,2,0.0,-4.0,0
64.300,0,2,0.0,-4.0,0
64.300,0,2,0.0,-4.0,0
64.300,0,2,0.0,-4.0,0
64.400,0,2,0.0,-4.0,0
64.400,0,2,0.0,-4.0,0
64.400,0,2,0.0,-4.0,0
64.400,0,2,0.0,-4.0,0
64.400,0,2,0.0,-4.0,0
64.400,0,2,0.0,-4.0,0
64.400,0,2,0.0,-4.0,0
64.400,0,2,0.0,-4.0,0
64.400,0,2,0.0,-4.0,0
64.400,0,2,0.0,-4.0,0
64.500,0,2,0.0,-4.0,0
64.500,0,2,0.0,-4.0,0
64.500,0,2,0.0,-4.0,0
64.500,0,2,0.0,-4.0,0
64.500,0,2,0.0,-4.0,0
64.500,0,2,0.0,-4.0,0
64.500,0,2,0.0,-4.0,0
64.500,0,2,0.0,-4.0,0
64.500,0,2,0.0,-4.0,0
64.500,0,2,0.0,-4.0,0
64.600,0,2,0.0,-4.0,0
64.600,0,2,0.0,-4.0,0
64.600,0,2,0.0,-4.0,0
64.600,0,2,0.0,-4.0,0
64.600,0,2,0.0,-4.0,0
64.600,0,2,0.0,-4.0,0
64.600,0,2,0.0,-4.0,0
64.600,0,2,0.0,-4.0,0
64.600,0,2,0.0,-4.0,0
64.600,0,2,0.0,-4.0,0
64.600,0,2,0.0,-4.0,0
64.700,0,2,0.0,-4.0,0
64.700,0,2,0.0,-4.0,0
64.700,0,2,0.0,-4.0,0
64.700,0,2,0.0,-4.0,0
64.700,0,2,0.0,-4.0,0
64.700,0,2,0.0,-4.0,0
64.700,0,2,0.0,-4.0,0
64.700,0,2,0.0,-4.0,0
64.700,0,2,0.0,-4.0,0
64.700,0,2,0.0,-4.0,0
64.800,0,2,0.0,-4.0,0
64.800,0,2,0.0,-4.0,0
64.800,0,2,0.0,-4.0,0
64.800,0,2,0.0,-4.0,0
64.800,0,2,0.0,-4.0,0
64.800,0,2,0.0,-4.0,0
64.800,0,2,0.0,-4.0,0
64.800,0,2,0.0,-4.0,0
64.800,0,2,0.0,-4.0,0
64.800,0,2,0.0,-4.0,0
64.800,0,2,0.0,-4.0,0
64.900,0,2,0.0,-4.0,0
64.900,0,2,0.0,-4.0,0
64.900,0,2,0.0,-4.0,0
64.900,0,2,0.0,-4.0,0
64.900,0,2,0.0,-4.0,0
64.900,0,2,0.0,-4.0,0
64.900,0,2,0.0,-4.0,0
64.900,0,2,0.0,-4.0,0
64.900,0,2,0.0,-4.0,0
64.900,0,2,0.0,-4.0,0
65.000,0,2,0.0,-4.0,0
65.000,0,2,0.0,-4.0,0
65.000,0,2,0.0,-4.0,0
65.000,0,2,0.0,-4.0,0
65.000,0,2,0.0,-4.0,0
65.000,0,2,0.0,-4.0,0
65.000,0,2,0.0,-4.0,0
65.000,0,2,0.0,-4.0,0
65.000,0,2,0.0,-4.0,0
65.000,0,2,0.0,-4.0,0
65.000,0,2,0.0,-4.0,0
65.100,0,2,0.0,-4.0,0
65.100,0,2,0.0,-4.0,0
65.100,0,2,0.0,-4.0,0
65.100,0,2,0.0,-4.0,0
65.100,0,2,0.0,-4.0,0
65.100,0,2,0.0,-4.0,0
65.100,0,2,0.0,-4.0,0
65.100,0,2,0.0,-4.0,0
65.100,0,2,0.0,-4.0,0
65.100,0,2,0.0,-4.0,0
65.200,0,2,0.0,-4.0,0
65.200,0,2,0.0,-4.0,0
65.200,0,2,0.0,-4.0,0
65.200,0,2,0.0,-4.0,0
65.200,0,2,0.0,-4.0,0
65.200,0,2,0.0,-4.0,0
65.200,0,2,0.0,-4.0,0
65.200,0,2,0.0,-4.0,0
65.200,0,2,0.0,-4.0,0
65.200,0,2,0.0,-4.0,0
65.300,0,2,0.0,-4.0,0
65.300,0,2,0.0,-4.0,0
65.300,0,2,0.0,-4.0,0
65.300,0,2,0.0,-4.0,0
65.300,0,2,0.0,-4.0,0
65.300,0,2,0.0,-4.0,0
65.300,0,2,0.0,-4.0,0
65.300,0,2,0.0,-4.0,0
65.300,0,2,0.0,-4.0,0
65.300,0,2,0.0,-4.0,0
65.300,0,2,0.0,-4.0,0
65.400,0,2,0.0,-4.0,0
65.400,0,2,0.0,-4.0,0
65.400,0,2,0.0,-4.0,0
65.400,0,2,0.0,-4.0,0
65.400,0,2,0.0,-4.0,0
65.400,0,2,0.0,-4.0,0
65.400,0,2,0.0,-4.0,0
65.400,0,2,0.0,-4.0,0
65.400,0,2,0.0,-4.0,0
65.400,0,2,0.0,-4.0,0
65.500,0,2,0.0,-4.0,0
65.500,0,2,0.0,-4.0,0
65.500,0,2,0.0,-4.0,0
65.500,0,2,0.0,-4.0,0
65.500,0,2,0.0,-4.0,0
65.500,0,2,0.0,-4.0,0
65.500,0,2,0.0,-4.0,0
65.500,0,2,0.0,-4.0,0
65.500,0,2,0.0,-4.0,0
65.500,0,2,0.0,-4.0,0
65.500,0,2,0.0,-4.0,0
65.600,0,2,0.0,-4.0,0
65.600,0,2,0.0,-4.0,0
65.600,0,2,0.0,-4.0,0
65.600,0,2,0.0,-4.0,0
65.600,0,2,0.0,-4.0,0
65.600,0,2,0.0,-4.0,0
65.600,0,2,0.0,-4.0,0
65.600,0,2,0.0,-4.0,0
65.600,0,2,0.0,-4.0,0
65.600,0,2,0.0,-4.0,0
65.700,0,2,0.0,-4.0,0
65.700,0,2,0.0,-4.0,0
65.700,0,2,0.0,-4.0,0
65.700,0,2,0.0,-4.0,0
65.700,0,2,0.0,-4.0,0
65.700,0,2,0.0,-4.0,0
65.700,0,2,0.0,-4.0,0
65.700,0,2,0.0,-4.0,0
65.700,0,2,0.0,-4.0,0
65.700,0,2,0.0,-4.0,0
65.700,0,2,0.0,-4.0,0
65.800,0,2,0.0,-4.0,0
65.800,0,2,0.0,-4.0,0
65.800,0,2,0.0,-4.0,0
65.800,0,2,0.0,-4.0,0
65.800,0,2,0.0,-4.0,0
65.800,0,2,0.0,-4.0,0
65.800,0,2,0.0,-4.0,0
65.800,0,2,0.0,-4.0,0
65.800,0,2,0.0,-4.0,0
65.800,0,2,0.0,-4.0,0
65.900,0,2,0.0,-4.0,0
65.900,0,2,0.0,-4.0,0
65.900,0,2,0.0,-4.0,0
65.900,0,2,0.0,-4.0,0
65.900,0,2,0.0,-4.0,0
65.900,0,2,0.0,-4.0,0
65.900,0,2,0.0,-4.0,0
65.900,0,2,0.0,-4.0,0
65.900,0,2,0.0,-4.0,0
65.900,0,2,0.0,-4.0,0
66.000,0,2,0.0,-4.0,0
66.000,0,2,0.0,-4.0,0
66.000,0,2,0.0,-4.0,0
66.000,0,2,0.0,-4.0,0
66.000,0,2,0.0,-4.0,0
66.000,0,2,0.0,-4.0,0
66.000,0,2,0.0,-4.0,0
66.000,0,2,0.0,-4.0,0
66.000,0,2,0.0,-4.0,0
66.000,0,2,0.0,-4.0,0
66.000,0,2,0.0,-4.0,0
66.100,0,2,0.0,-4.0,0
66.100,0,2,0.0,-4.0,0
66.100,0,2,0.0,-4.0,0
66.100,0,2,0.0,-4.0,0
66.100,0,2,0.0,-4.0,0
66.100,0,2,0.0,-4.0,0
66.100,0,2,0.0,-4.0,0
66.100,0,2,0.0,-4.0,0
66.100,0,2,0.0,-4.0,0
66.100,0,2,0.0,-4.0,0
66.200,0,2,0.0,-4.0,0
66.200,0,2,0.0,-4.0,0
66.200,0,2,0.0,-4.0,0
66.200,0,2,0.0,-4.0,0
66.200,0,2,0.0,-4.0,0
66.200,0,2,0.0,-4.0,0
66.200,0,2,0.0,-4.0,0
66.200,0,2,0.0,-4.0,0
66.200,0,2,0.0,-4.0,0
66.200,0,2,0.0,-4.0,0
66.200,0,2,0.0,-4.0,0
66.300,0,2,0.0,-4.0,0
66.300,0,2,0.0,-4.0,0
66.300,0,2,0.0,-4.0,0
66.300,0,2,0.0,-4.0,0
66.300,0,2,0.0,-4.0,0
66.300,0,2,0.0,-4.0,0
66.300,0,2,0.0,-4.0,0
66.300,0,2,0.0,-4.0,0
66.300,0,2,0.0,-4.0,0
66.300,0,2,0.0,-4.0,0
66.400,0,2,0.0,-4.0,0
66.400,0,2,0.0,-4.0,0
66.400,0,2,0.0,-4.0,0
66.400,0,2,0.0,-4.0,0
66.400,0,2,0.0,-4.0,0
66.400,0,2,0.0,-4.0,0
66.400,0,2,0.0,-4.0,0
66.400,0,2,0.0,-4.0,0
66.400,0,2,0.0,-4.0,0
66.400,0,2,0.0,-4.0,0
66.400,0,2,0.0,-4.0,0
66.500,0,2,0.0,-4.0,0
66.500,0,2,0.0,-4.0,0
66.500,0,2,0.0,-4.0,0
66.500,0,2,0.0,-4.0,0
66.500,0,2,0.0,-4.0,0
66.500,0,2,0.0,-4.0,0
66.500,0,2,0.0,-4.0,0
66.500,0,2,0.0,-4.0,0
66.500,0,2,0.0,-4.0,0
66.500,0,2,0.0,-4.0,0
66.600,0,2,0.0,-4.0,0
66.600,0,2,0.0,-4.0,0
66.600,0,2,0.0,-4.0,0
66.600,0,2,0.0,-4.0,0
66.600,0,2,0.0,-4.0,0
66.600,0,2,0.0,-4.0,0
66.600,0,2,0.0,-4.0,0
66.600,0,2,0.0,-4.0,0
66.600,0,2,0.0,-4.0,0
66.600,0,2,0.0,-4.0,0
66.600,0,2,0.0,-4.0,0
66.700,0,2,0.0,-4.0,0
66.700,0,2,0.0,-4.0,0
66.700,0,2,0.0,-4.0,0
66.700,0,2,0.0,-4.0,0
66.700,0,2,0.0,-4.0,0
66.700,0,2,0.0,-4.0,0
66.700,0,2,0.0,-4.0,0
66.700,0,2,0.0,-4.0,0
66.700,0,2,0.0,-4.0,0
66.700,0,2,0.0,-4.0,0
66.800,0,2,0.0,-4.0,0
66.800,0,2,0.0,-4.0,0
66.800,0,2,0.0,-4.0,0
66.800,0,2,0.0,-4.0,0
66.800,0,2,0.0,-4.0,0
66.800,0,2,0.0,-4.0,0
66.800,0,2,0.0,-4.0,0
66.800,0,2,0.0,-4.0,0
66.800,0,2,0.0,-4.0,0
66.800,0,2,0.0,-4.0,0
66.900,0,2,0.0,-4.0,0
66.900,0,2,0.0,-4.0,0
66.900,0,2,0.0,-4.0,0
66.900,0,2,0.0,-4.0,0
66.900,0,2,0.0,-4.0,0
66.900,0,2,0.0,-4.0,0
66.900,0,2,0.0,-4.0,0
66.900,0,2,0.0,-4.0,0
66.900,0,2,0.0,-4.0,0
66.900,0,2,0.0,-4.0,0
66.900,0,2,0.0,-4.0,0
67.000,0,2,0.0,-4.0,0
67.000,0,2,0.0,-4.0,0
67.000,0,2,0.0,-4.0,0
67.000,0,2,0.0,-4.0,0
67.000,0,2,0.0,-4.0,0
67.000,0,2,0.0,-4.0,0
67.000,0,2,0.0,-4.0,0
67.000,0,2,0.0,-4.0,0
67.000,0,2,0.0,-4.0,0
67.000,0,2,0.0,-4.0,0
67.100,0,2,0.0,-4.0,0
67.100,0,2,0.0,-4.0,0
67.100,0,2,0.0,-4.0,0
67.100,0,2,0.0,-4.0,0
67.100,0,2,0.0,-4.0,0
67.100,0,2,0.0,-4.0,0
67.100,0,2,0.0,-4.0,0
67.100,0,2,0.0,-4.0,0
67.100,0,2,0.0,-4.0,0
67.100,0,2,0.0,-4.0,0
67.100,0,2,0.0,-4.0,0
67.200,2,1,-34.0,3.0,0
67.200,2,1,-34.0,3.0,0
67.200,2,1,-34.0,3.0,0
67.200,2,1,-34.0,3.0,0
67.200,2,1,-34.0,3.0,0
67.200,2,1,-34.0,3.0,0
67.200,2,1,-34.0,3.0,0
67.200,2,1,-34.0,3.0,0
67.200,2,1,-34.0,3.0,0
67.200,2,1,-34.0,3.0,0
67.300,2,1,-34.0,3.0,0
67.300,2,1,-34.0,3.0,0
67.300,2,1,-34.0,3.0,0
67.300,2,1,-34.0,3.0,0
67.300,2,1,-34.0,3.0,0
67.300,2,1,-34.0,3.0,0
67.300,2,1,-34.0,3.0,0
67.300,2,1,-34.0,3.0,0
67.300,2,1,-34.0,3.0,0
67.300,2,1,-34.0,3.0,0
67.300,2,1,-34.0,3.0,0
67.400,2,1,-34.0,3.0,0
67.400,2,1,-34.0,3.0,0
67.400,2,1,-34.0,3.0,0
67.400,2,1,-34.0,3.0,0
67.400,2,1,-34.0,3.0,0
67.400,2,1,-34.0,3.0,0
67.400,2,1,-34.0,3.0,0
67.400,2,1,-34.0,3.0,0
67.400,2,1,-34.0,3.0,0
67.400,2,1,-34.0,3.0,0
67.500,2,1,-34.0,3.0,0
67.500,2,1,-34.0,3.0,0
67.500,2,1,-34.0,3.0,0
67.500,2,1,-34.0,3.0,0
67.500,2,1,-34.0,3.0,0
67.500,2,1,-34.0,3.0,0
67.500,2,1,-34.0,3.0,0
67.500,2,1,-34.0,3.0,0
67.500,2,1,-34.0,3.0,0
67.500,2,1,-34.0,3.0,0
67.600,2,1,-34.0,3.0,0
67.600,2,1,-34.0,3.0,0
67.600,2,1,-34.0,3.0,0
67.600,2,1,-34.0,3.0,0
67.600,2,1,-34.0,3.0,0
67.600,2,1,-34.0,3.0,0
67.600,2,1,-34.0,3.0,0
67.600,2,1,-34.0,3.0,0
67.600,2,1,-34.0,3.0,0
67.600,2,1,-34.0,3.0,0
67.600,2,1,-34.0,3.0,0
67.700,2,1,-34.0,3.0,0
67.700,2,1,-34.0,3.0,0
67.700,2,1,-34.0,3.0,0
67.700,2,1,-34.0,3.0,0
67.700,2,1,-34.0,3.0,0
67.700,2,1,-34.0,3.0,0
67.700,2,1,-34.0,3.0,0
67.700,2,1,-34.0,3.0,0
67.700,2,1,-34.0,3.0,0
67.700,2,1,-34.0,3.0,0
67.800,2,1,-34.0,3.0,0
67.800,2,1,-34.0,3.0,0
67.800,2,1,-34.0,3.0,0
67.800,2,1,-34.0,3.0,0
67.800,2,1,-34.0,3.0,0
67.800,2,1,-34.0,3.0,0
67.800,2,1,-34.0,3.0,0
67.800,2,1,-34.0,3.0,0
67.800,2,1,-34.0,3.0,0
67.800,2,1,-34.0,3.0,0
67.800,2,1,-34.0,3.0,0
67.900,2,1,-34.0,3.0,0
67.900,2,1,-34.0,3.0,0
67.900,2,1,-34.0,3.0,0
67.900,2,1,-34.0,3.0,0
67.900,2,1,-34.0,3.0,0
67.900,2,1,-34.0,3.0,0
67.900,2,1,-34.0,3.0,0
67.900,2,1,-34.0,3.0,0
67.900,2,1,-34.0,3.0,0
67.900,2,1,-34.0,3.0,0
68.000,2,1,-34.0,3.0,0
68.000,2,1,-34.0,3.0,0
68.000,2,1,-34.0,3.0,0
68.000,2,1,-34.0,3.0,0
68.000,2,1,-34.0,3.0,0
68.000,2,1,-34.0,3.0,0
68.000,2,1,-34.0,3.0,0
68.000,2,1,-34.0,3.0,0
68.000,2,1,-34.0,3.0,0
68.000,2,1,-34.0,3.0,0
68.000,2,1,-34.0,3.0,0
68.100,2,1,-34.0,3.0,0
68.100,2,1,-34.0,3.0,0
68.100,2,1,-34.0,3.0,0
68.100,2,1,-34.0,3.0,0
68.100,2,1,-34.0,3.0,0
68.100,2,1,-34.0,3.0,0
68.100,2,1,-34.0,3.0,0
68.100,2,1,-34.0,3.0,0
68.100,2,1,-34.0,3.0,0
68.100,2,1,-34.0,3.0,0
68.200,2,1,-34.0,3.0,0
68.200,2,1,-34.0,3.0,0
68.200,2,1,-34.0,3.0,0
68.200,2,1,-34.0,3.0,0
68.200,2,1,-34.0,3.0,0
68.200,2,1,-34.0,3.0,0
68.200,2,1,-34.0,3.0,0
68.200,2,1,-34.0,3.0,0
68.200,2,1,-34.0,3.0,0
68.200,2,1,-34.0,3.0,0
68.300,2,1,-34.0,3.0,0
68.300,2,1,-34.0,3.0,0
68.300,2,1,-34.0,3.0,0
68.300,2,1,-34.0,3.0,0
68.300,2,1,-34.0,3.0,0
68.300,2,1,-34.0,3.0,0
68.300,2,1,-34.0,3.0,0
68.300,2,1,-34.0,3.0,0
68.300,2,1,-34.0,3.0,0
68.300,2,1,-34.0,3.0,0
68.300,2,1,-34.0,3.0,0
68.400,2,1,-34.0,3.0,0
68.400,2,1,-34.0,3.0,0
68.400,2,1,-34.0,3.0,0
68.400,2,1,-34.0,3.0,0
68.400,2,1,-34.0,3.0,0
68.400,2,1,-34.0,3.0,0
68.400,2,1,-34.0,3.0,0
68.400,2,1,-34.0,3.0,0
68.400,2,1,-34.0,3.0,0
68.400,2,1,-34.0,3.0,0
68.500,2,1,-34.0,3.0,0
68.500,2,1,-34.0,3.0,0
68.500,2,1,-34.0,3.0,0
68.500,2,1,-34.0,3.0,0
68.500,2,1,-34.0,3.0,0
68.500,2,1,-34.0,3.0,0
68.500,2,1,-34.0,3.0,0
68.500,2,1,-34.0,3.0,0
68.500,2,1,-34.0,3.0,0
68.500,2,1,-34.0,3.0,0
68.500,2,1,-34.0,3.0,0
68.600,2,1,-34.0,3.0,0
68.600,2,1,-34.0,3.0,0
68.600,2,1,-34.0,3.0,0
68.600,2,1,-34.0,3.0,0
68.600,2,1,-34.0,3.0,0
68.600,2,1,-34.0,3.0,0
68.600,2,1,-34.0,3.0,0
68.600,2,1,-34.0,3.0,0
68.600,2,1,-34.0,3.0,0
68.600,2,1,-34.0,3.0,0
68.700,2,1,-34.0,3.0,0
68.700,2,1,-34.0,3.0,0
68.700,2,1,-34.0,3.0,0
68.700,2,1,-34.0,3.0,0
68.700,2,1,-34.0,3.0,0
68.700,2,1,-34.0,3.0,0
68.700,2,1,-34.0,3.0,0
68.700,2,1,-34.0,3.0,0
68.700,2,1,-34.0,3.0,0
68.700,2,1,-34.0,3.0,0
68.700,2,1,-34.0,3.0,0
68.800,2,1,-34.0,3.0,0
68.800,2,1,-34.0,3.0,0
68.800,2,1,-34.0,3.0,0
68.800,2,1,-34.0,3.0,0
68.800,2,1,-34.0,3.0,0
68.800,2,1,-34.0,3.0,0
68.800,2,1,-34.0,3.0,0
68.800,2,1,-34.0,3.0,0
68.800,2,1,-34.0,3.0,0
68.800,2,1,-34.0,3.0,0
68.900,2,1,-34.0,3.0,0
68.900,2,1,-34.0,3.0,0
68.900,2,1,-34.0,3.0,0
68.900,2,1,-34.0,3.0,0
68.900,2,1,-34.0,3.0,0
68.900,2,1,-34.0,3.0,0
68.900,2,1,-34.0,3.0,0
68.900,2,1,-34.0,3.0,0
68.900,2,1,-34.0,3.0,0
68.900,2,1,-34.0,3.0,0
68.900,2,1,-34.0,3.0,0
69.000,2,1,-34.0,3.0,0
69.000,2,1,-34.0,3.0,0
69.000,2,1,-34.0,3.0,0
69.000,2,1,-34.0,3.0,0
69.000,2,1,-34.0,3.0,0
69.000,2,1,-34.0,3.0,0
69.000,2,1,-34.0,3.0,0
69.000,2,1,-34.0,3.0,0
69.000,2,1,-34.0,3.0,0
69.000,2,1,-34.0,3.0,0
69.100,2,1,-34.0,3.0,0
69.100,2,1,-34.0,3.0,0
69.100,2,1,-34.0,3.0,0
69.100,2,1,-34.0,3.0,0
69.100,2,1,-34.0,3.0,0
69.100,2,1,-34.0,3.0,0
69.100,2,1,-34.0,3.0,0
69.100,2,1,-34.0,3.0,0
69.100,2,1,-34.0,3.0,0
69.100,2,1,-34.0,3.0,0
69.200,2,1,-34.0,3.0,0
69.200,2,1,-34.0,3.0,0
69.200,2,1,-34.0,3.0,0
69.200,2,1,-34.0,3.0,0
69.200,2,1,-34.0,3.0,0
69.200,2,1,-34.0,3.0,0
69.200,2,1,-34.0,3.0,0
69.200,2,1,-34.0,3.0,0
69.200,2,1,-34.0,3.0,0
69.200,2,1,-34.0,3.0,0
69.200,2,1,-34.0,3.0,0
69.300,2,1,-34.0,3.0,0
69.300,2,1,-34.0,3.0,0
69.300,2,1,-34.0,3.0,0
69.300,2,1,-34.0,3.0,0
69.300,2,1,-34.0,3.0,0
69.300,2,1,-34.0,3.0,0
69.300,2,1,-34.0,3.0,0
69.300,2,1,-34.0,3.0,0
69.300,2,1,-34.0,3.0,0
69.300,2,1,-34.0,3.0,0
69.400,2,1,-34.0,3.0,0
69.400,2,1,-34.0,3.0,0
69.400,2,1,-34.0,3.0,0
69.400,2,1,-34.0,3.0,0
69.400,2,1,-34.0,3.0,0
69.400,2,1,-34.0,3.0,0
69.400,2,1,-34.0,3.0,0
69.400,2,1,-34.0,3.0,0
69.400,2,1,-34.0,3.0,0
69.400,2,1,-34.0,3.0,0
69.400,2,1,-34.0,3.0,0
69.500,2,1,-34.0,3.0,0
69.500,2,1,-34.0,3.0,0
69.500,2,1,-34.0,3.0,0
69.500,2,1,-34.0,3.0,0
69.500,2,1,-34.0,3.0,0
69.500,2,1,-34.0,3.0,0
69.500,2,1,-34.0,3.0,0
69.500,2,1,-34.0,3.0,0
69.500,2,1,-34.0,3.0,0
69.500,2,1,-34.0,3.0,0
69.600,2,1,-34.0,3.0,0
69.600,2,1,-34.0,3.0,0
69.600,2,1,-34.0,3.0,0
69.600,2,1,-34.0,3.0,0
69.600,2,1,-34.0,3.0,0
69.600,2,1,-34.0,3.0,0
69.600,2,1,-34.0,3.0,0
69.600,2,1,-34.0,3.0,0
69.600,2,1,-34.0,3.0,0
69.600,2,1,-34.0,3.0,0
69.600,2,1,-34.0,3.0,0
69.700,2,1,-34.0,3.0,0
69.700,2,1,-34.0,3.0,0
69.700,2,1,-34.0,3.0,0
69.700,2,1,-34.0,3.0,0
69.700,2,1,-34.0,3.0,0
69.700,2,1,-34.0,3.0,0
69.700,2,1,-34.0,3.0,0
69.700,2,1,-34.0,3.0,0
69.700,2,1,-34.0,3.0,0
69.700,2,1,-34.0,3.0,0
69.800,2,1,-34.0,3.0,0
69.800,2,1,-34.0,3.0,0
69.800,2,1,-34.0,3.0,0
69.800,2,1,-34.0,3.0,0
69.800,2,1,-34.0,3.0,0
69.800,2,1,-34.0,3.0,0
69.800,2,1,-34.0,3.0,0
69.800,2,1,-34.0,3.0,0
69.800,2,1,-34.0,3.0,0
69.800,2,1,-34.0,3.0,0
69.900,2,1,-34.0,3.0,0
69.900,2,1,-34.0,3.0,0
69.900,2,1,-34.0,3.0,0
69.900,2,1,-34.0,3.0,0
69.900,2,1,-34.0,3.0,0
69.900,2,1,-34.0,3.0,0
69.900,2,1,-34.0,3.0,0
69.900,2,1,-34.0,3.0,0
69.900,2,1,-34.0,3.0,0
69.900,2,1,-34.0,3.0,0
69.900,2,1,-34.0,3.0,0
70.000,2,1,-34.0,3.0,0
70.000,2,1,-34.0,3.0,0
70.000,2,1,-34.0,3.0,0
70.000,2,1,-34.0,3.0,0
70.000,2,1,-34.0,3.0,0
70.000,2,1,-34.0,3.0,0
70.000,2,1,-34.0,3.0,0
70.000,2,1,-34.0,3.0,0
70.000,2,1,-34.0,3.0,0
70.000,2,1,-34.0,3.0,0
70.100,2,1,-34.0,3.0,0
70.100,2,1,-34.0,3.0,0
70.100,2,1,-34.0,3.0,0
70.100,2,1,-34.0,3.0,0
70.100,2,1,-34.0,3.0,0
70.100,2,1,-34.0,3.0,0
70.100,2,1,-34.0,3.0,0
70.100,2,1,-34.0,3.0,0
70.100,2,1,-34.0,3.0,0
70.100,2,1,-34.0,3.0,0
70.100,2,1,-34.0,3.0,0
70.200,2,1,-34.0,3.0,0
70.200,2,1,-34.0,3.0,0
70.200,2,1,-34.0,3.0,0
70.200,2,1,-34.0,3.0,0
70.200,2,1,-34.0,3.0,0
70.200,2,1,-34.0,3.0,0
70.200,2,1,-34.0,3.0,0
70.200,2,1,-34.0,3.0,0
70.200,2,1,-34.0,3.0,0
70.200,2,1,-34.0,3.0,0
70.300,2,1,-34.0,3.0,0
70.300,2,1,-34.0,3.0,0
70.300,2,1,-34.0,3.0,0
70.300,2,1,-34.0,3.0,0
70.300,2,1,-34.0,3.0,0
70.300,2,1,-34.0,3.0,0
70.300,2,1,-34.0,3.0,0
70.300,2,1,-34.0,3.0,0
70.300,2,1,-34.0,3.0,0
70.300,2,1,-34.0,3.0,0
70.300,2,1,-34.0,3.0,0
70.400,2,1,-34.0,3.0,0
70.400,2,1,-34.0,3.0,0
70.400,2,1,-34.0,3.0,0
70.400,2,1,-34.0,3.0,0
70.400,2,1,-34.0,3.0,0
70.400,2,1,-34.0,3.0,0
70.400,2,1,-34.0,3.0,0
70.400,2,1,-34.0,3.0,0
70.400,2,1,-34.0,3.0,0
70.400,2,1,-34.0,3.0,0
70.500,2,1,-34.0,3.0,0
70.500,2,1,-34.0,3.0,0
70.500,2,1,-34.0,3.0,0
70.500,2,1,-34.0,3.0,0
70.500,2,1,-34.0,3.0,0
70.500,2,1,-34.0,3.0,0
70.500,2,1,-34.0,3.0,0
70.500,2,1,-34.0,3.0,0
70.500,2,1,-34.0,3.0,0
70.500,2,1,-34.0,3.0,0
70.600,2,1,-34.0,3.0,0
70.600,2,1,-34.0,3.0,0
70.600,2,1,-34.0,3.0,0
70.600,2,1,-34.0,3.0,0
70.600,2,1,-34.0,3.0,0
70.600,2,1,-34.0,3.0,0
70.600,2,1,-34.0,3.0,0
70.600,2,1,-34.0,3.0,0
70.600,2,1,-34.0,3.0,0
70.600,2,1,-34.0,3.0,0
70.600,2,1,-34.0,3.0,0
70.700,2,1,-34.0,3.0,0
70.700,2,1,-34.0,3.0,0
70.700,2,1,-34.0,3.0,0
70.700,2,1,-34.0,3.0,0
70.700,2,1,-34.0,3.0,0
70.700,2,1,-34.0,3.0,0
70.700,2,1,-34.0,3.0,0
70.700,2,1,-34.0,3.0,0
70.700,2,1,-34.0,3.0,0
70.700,2,1,-34.0,3.0,0
70.800,2,1,-34.0,3.0,0
70.800,2,1,-34.0,3.0,0
70.800,2,1,-34.0,3.0,0
70.800,2,1,-34.0,3.0,0
70.800,2,1,-34.0,3.0,0
70.800,2,1,-34.0,3.0,0
70.800,2,1,-34.0,3.0,0
70.800,2,1,-34.0,3.0,0
70.800,2,1,-34.0,3.0,0
70.800,2,1,-34.0,3.0,0
70.800,2,1,-34.0,3.0,0
70.900,2,1,-34.0,3.0,0
70.900,2,1,-34.0,3.0,0
70.900,2,1,-34.0,3.0,0
70.900,2,1,-34.0,3.0,0
70.900,2,1,-34.0,3.0,0
70.900,2,1,-34.0,3.0,0
70.900,2,1,-34.0,3.0,0
70.900,2,1,-34.0,3.0,0
70.900,2,1,-34.0,3.0,0
70.900,2,1,-34.0,3.0,0
71.000,2,1,-34.0,3.0,0
71.000,2,1,-34.0,3.0,0
71.000,2,1,-34.0,3.0,0
71.000,2,1,-34.0,3.0,0
71.000,2,1,-34.0,3.0,0
71.000,2,1,-34.0,3.0,0
71.000,2,1,-34.0,3.0,0
71.000,2,1,-34.0,3.0,0
71.000,2,1,-34.0,3.0,0
71.000,2,1,-34.0,3.0,0
71.000,2,1,-34.0,3.0,0
71.100,2,1,-34.0,3.0,0
71.100,2,1,-34.0,3.0,0
71.100,2,1,-34.0,3.0,0
71.100,2,1,-34.0,3.0,0
71.100,2,1,-34.0,3.0,0
71.100,2,1,-34.0,3.0,0
71.100,2,1,-34.0,3.0,0
71.100,2,1,-34.0,3.0,0
71.100,2,1,-34.0,3.0,0
71.100,2,1,-34.0,3.0,0
71.200,2,1,-34.0,3.0,0
71.200,2,1,-34.0,3.0,0
71.200,2,1,-34.0,3.0,0
71.200,2,1,-34.0,3.0,0
71.200,2,1,-34.0,3.0,0
71.200,2,1,-34.0,3.0,0
71.200,2,1,-34.0,3.0,0
71.200,2,1,-34.0,3.0,0
71.200,2,1,-34.0,3.0,0
71.200,2,1,-34.0,3.0,0
71.200,2,1,-34.0,3.0,0
71.300,2,1,-34.0,3.0,0
71.300,2,1,-34.0,3.0,0
71.300,2,1,-34.0,3.0,0
71.300,2,1,-34.0,3.0,0
71.300,2,1,-34.0,3.0,0
71.300,2,1,-34.0,3.0,0
71.300,2,1,-34.0,3.0,0
71.300,2,1,-34.0,3.0,0
71.300,2,1,-34.0,3.0,0
71.300,2,1,-34.0,3.0,0
71.400,2,1,-34.0,3.0,0
71.400,2,1,-34.0,3.0,0
71.400,2,1,-34.0,3.0,0
71.400,2,1,-34.0,3.0,0
71.400,2,1,-34.0,3.0,0
71.400,2,1,-34.0,3.0,0
71.400,2,1,-34.0,3.0,0
71.400,2,1,-34.0,3.0,0
71.400,2,1,-34.0,3.0,0
71.400,2,1,-34.0,3.0,0
71.500,2,1,-34.0,3.0,0
71.500,2,1,-34.0,3.0,0
71.500,2,1,-34.0,3.0,0
71.500,2,1,-34.0,3.0,0
71.500,2,1,-34.0,3.0,0
71.500,2,1,-34.0,3.0,0
71.500,2,1,-34.0,3.0,0
71.500,2,1,-34.0,3.0,0
71.500,2,1,-34.0,3.0,0
71.500,2,1,-34.0,3.0,0
71.500,2,1,-34.0,3.0,0
71.600,2,1,-34.0,3.0,0
71.600,2,1,-34.0,3.0,0
71.600,2,1,-34.0,3.0,0
71.600,2,1,-34.0,3.0,0
71.600,2,1,-34.0,3.0,0
71.600,2,1,-34.0,3.0,0
71.600,2,1,-34.0,3.0,0
71.600,2,1,-34.0,3.0,0
71.600,2,1,-34.0,3.0,0
71.600,2,1,-34.0,3.0,0
71.700,2,1,-34.0,3.0,0
71.700,2,1,-34.0,3.0,0
71.700,2,1,-34.0,3.0,0
71.700,2,1,-34.0,3.0,0
71.700,2,1,-34.0,3.0,0
71.700,2,1,-34.0,3.0,0
71.700,2,1,-34.0,3.0,0
71.700,2,1,-34.0,3.0,0
71.700,2,1,-34.0,3.0,0
71.700,2,1,-34.0,3.0,0
71.700,2,1,-34.0,3.0,0
71.800,2,1,-34.0,3.0,0
71.800,2,1,-34.0,3.0,0
71.800,2,1,-34.0,3.0,0
71.800,2,1,-34.0,3.0,0
71.800,2,1,-34.0,3.0,0
71.800,2,1,-34.0,3.0,0
71.800,2,1,-34.0,3.0,0
71.800,2,1,-34.0,3.0,0
71.800,2,1,-34.0,3.0,0
71.800,2,1,-34.0,3.0,0
71.900,2,1,-34.0,3.0,0
71.900,2,1,-34.0,3.0,0
71.900,2,1,-34.0,3.0,0
71.900,2,1,-34.0,3.0,0
71.900,2,1,-34.0,3.0,0
71.900,2,1,-34.0,3.0,0
71.900,2,1,-34.0,3.0,0
71.900,2,1,-34.0,3.0,0
71.900,2,1,-34.0,3.0,0
71.900,2,1,-34.0,3.0,0
71.900,2,1,-34.0,3.0,0
72.000,2,1,-34.0,3.0,0
72.000,2,1,-34.0,3.0,0
72.000,2,1,-34.0,3.0,0
72.000,2,1,-34.0,3.0,0
72.000,2,1,-34.0,3.0,0
72.000,2,1,-34.0,3.0,0
72.000,2,1,-34.0,3.0,0
72.000,2,1,-34.0,3.0,0
72.000,2,1,-34.0,3.0,0
72.000,2,1,-34.0,3.0,0
72.100,2,1,-34.0,3.0,0
72.100,2,1,-34.0,3.0,0
72.100,2,1,-34.0,3.0,0
72.100,2,1,-34.0,3.0,0
72.100,2,1,-34.0,3.0,0
72.100,2,1,-34.0,3.0,0
72.100,2,1,-34.0,3.0,0
72.100,2,1,-34.0,3.0,0
72.100,2,1,-34.0,3.0,0
72.100,2,1,-34.0,3.0,0
72.200,2,1,-34.0,3.0,0
72.200,2,1,-34.0,3.0,0
72.200,2,1,-34.0,3.0,0
72.200,2,1,-34.0,3.0,0
72.200,2,1,-34.0,3.0,0
72.200,2,1,-34.0,3.0,0
72.200,2,1,-34.0,3.0,0
72.200,2,1,-34.0,3.0,0
72.200,2,1,-34.0,3.0,0
72.200,2,1,-34.0,3.0,0
72.200,2,1,-34.0,3.0,0
72.300,2,1,-34.0,3.0,0
72.300,2,1,-34.0,3.0,0
72.300,2,1,-34.0,3.0,0
72.300,2,1,-34.0,3.0,0
72.300,2,1,-34.0,3.0,0
72.300,2,1,-34.0,3.0,0
72.300,2,1,-34.0,3.0,0
72.300,2,1,-34.0,3.0,0
72.300,2,1,-34.0,3.0,0
72.300,2,1,-34.0,3.0,0
72.400,2,1,-34.0,3.0,0
72.400,2,1,-34.0,3.0,0
72.400,2,1,-34.0,3.0,0
72.400,2,1,-34.0,3.0,0
72.400,2,1,-34.0,3.0,0
72.400,2,1,-34.0,3.0,0
72.400,2,1,-34.0,3.0,0
72.400,2,1,-34.0,3.0,0
72.400,2,1,-34.0,3.0,0
72.400,2,1,-34.0,3.0,0
72.400,2,1,-34.0,3.0,0
72.500,2,1,-34.0,3.0,0
72.500,2,1,-34.0,3.0,0
72.500,2,1,-34.0,3.0,0
72.500,2,1,-34.0,3.0,0
72.500,2,1,-34.0,3.0,0
72.500,2,1,-34.0,3.0,0
72.500,2,1,-34.0,3.0,0
72.500,2,1,-34.0,3.0,0
72.500,2,1,-34.0,3.0,0
72.500,2,1,-34.0,3.0,0
72.600,2,1,-34.0,3.0,0
72.600,2,1,-34.0,3.0,0
72.600,2,1,-34.0,3.0,0
72.600,2,1,-34.0,3.0,0
72.600,2,1,-34.0,3.0,0
72.600,2,1,-34.0,3.0,0
72.600,2,1,-34.0,3.0,0
72.600,2,1,-34.0,3.0,0
72.600,2,1,-34.0,3.0,0
72.600,2,1,-34.0,3.0,0
72.600,2,1,-34.0,3.0,0
72.700,2,1,-34.0,3.0,0
72.700,2,1,-34.0,3.0,0
72.700,2,1,-34.0,3.0,0
72.700,2,1,-34.0,3.0,0
72.700,2,1,-34.0,3.0,0
72.700,2,1,-34.0,3.0,0
72.700,2,1,-34.0,3.0,0
72.700,2,1,-34.0,3.0,0
72.700,2,1,-34.0,3.0,0
72.700,2,1,-34.0,3.0,0
72.800,2,1,-34.0,3.0,0
72.800,2,1,-34.0,3.0,0
72.800,2,1,-34.0,3.0,0
72.800,2,1,-34.0,3.0,0
72.800,2,1,-34.0,3.0,0
72.800,2,1,-34.0,3.0,0
72.800,2,1,-34.0,3.0,0
72.800,2,1,-34.0,3.0,0
72.800,2,1,-34.0,3.0,0
72.800,2,1,-34.0,3.0,0
72.900,2,1,-34.0,3.0,0
72.900,2,1,-34.0,3.0,0
72.900,2,1,-34.0,3.0,0
72.900,2,1,-34.0,3.0,0
72.900,2,1,-34.0,3.0,0
72.900,2,1,-34.0,3.0,0
72.900,2,1,-34.0,3.0,0
72.900,2,1,-34.0,3.0,0
72.900,2,1,-34.0,3.0,0
72.900,2,1,-34.0,3.0,0
72.900,2,1,-34.0,3.0,0
73.000,2,1,-34.0,3.0,0
73.000,2,1,-34.0,3.0,0
73.000,2,1,-34.0,3.0,0
73.000,2,1,-34.0,3.0,0
73.000,2,1,-34.0,3.0,0
73.000,2,1,-34.0,3.0,0
73.000,2,1,-34.0,3.0,0
73.000,2,1,-34.0,3.0,0
73.000,2,1,-34.0,3.0,0
73.000,2,1,-34.0,3.0,0
73.100,2,1,-34.0,3.0,0
73.100,2,1,-34.0,3.0,0
73.100,2,1,-34.0,3.0,0
73.100,2,1,-34.0,3.0,0
73.100,2,1,-34.0,3.0,0
73.100,2,1,-34.0,3.0,0
73.100,2,1,-34.0,3.0,0
73.100,2,1,-34.0,3.0,0
73.100,2,1,-34.0,3.0,0
73.100,2,1,-34.0,3.0,0
73.100,2,1,-34.0,3.0,0
73.200,2,1,-34.0,3.0,0
73.200,2,1,-34.0,3.0,0
73.200,2,1,-34.0,3.0,0
73.200,2,1,-34.0,3.0,0
73.200,2,1,-34.0,3.0,0
73.200,2,1,-34.0,3.0,0
73.200,2,1,-34.0,3.0,0
73.200,2,1,-34.0,3.0,0
73.200,2,1,-34.0,3.0,0
73.200,2,1,-34.0,3.0,0
73.300,2,1,-34.0,3.0,0
73.300,2,1,-34.0,3.0,0
73.300,2,1,-34.0,3.0,0
73.300,2,1,-34.0,3.0,0
73.300,2,1,-34.0,3.0,0
73.300,2,1,-34.0,3.0,0
73.300,2,1,-34.0,3.0,0
73.300,2,1,-34.0,3.0,0
73.300,2,1,-34.0,3.0,0
73.300,2,1,-34.0,3.0,0
73.300,2,1,-34.0,3.0,0
73.400,2,1,-34.0,3.0,0
73.400,2,1,-34.0,3.0,0
73.400,2,1,-34.0,3.0,0
73.400,2,1,-34.0,3.0,0
73.400,2,1,-34.0,3.0,0
73.400,2,1,-34.0,3.0,0
73.400,2,1,-34.0,3.0,0
73.400,2,1,-34.0,3.0,0
73.400,2,1,-34.0,3.0,0
73.400,2,1,-34.0,3.0,0
73.500,2,1,-34.0,3.0,0
73.500,2,1,-34.0,3.0,0
73.500,2,1,-34.0,3.0,0
73.500,2,1,-34.0,3.0,0
73.500,2,1,-34.0,3.0,0
73.500,2,1,-34.0,3.0,0
73.500,2,1,-34.0,3.0,0
73.500,2,1,-34.0,3.0,0
73.500,2,1,-34.0,3.0,0
73.500,2,1,-34.0,3.0,0
73.500,2,1,-34.0,3.0,0
73.600,2,1,-34.0,3.0,0
73.600,2,1,-34.0,3.0,0
73.600,2,1,-34.0,3.0,0
73.600,2,1,-34.0,3.0,0
73.600,2,1,-34.0,3.0,0
73.600,2,1,-34.0,3.0,0
73.600,2,1,-34.0,3.0,0
73.600,2,1,-34.0,3.0,0
73.600,2,1,-34.0,3.0,0
73.600,2,1,-34.0,3.0,0
73.700,2,1,-34.0,3.0,0
73.700,2,1,-34.0,3.0,0
73.700,2,1,-34.0,3.0,0
73.700,2,1,-34.0,3.0,0
73.700,2,1,-34.0,3.0,0
73.700,2,1,-34.0,3.0,0
73.700,2,1,-34.0,3.0,0
73.700,2,1,-34.0,3.0,0
73.700,2,1,-34.0,3.0,0
73.700,2,1,-34.0,3.0,0
73.800,2,1,-34.0,3.0,0
73.800,2,1,-34.0,3.0,0
73.800,2,1,-34.0,3.0,0
73.800,2,1,-34.0,3.0,0
73.800,2,1,-34.0,3.0,0
73.800,2,1,-34.0,3.0,0
73.800,2,1,-34.0,3.0,0
73.800,2,1,-34.0,3.0,0
73.800,2,1,-34.0,3.0,0
73.800,2,1,-34.0,3.0,0
73.800,2,1,-34.0,3.0,0
73.900,2,1,-34.0,3.0,0
73.900,2,1,-34.0,3.0,0
73.900,2,1,-34.0,3.0,0
73.900,2,1,-34.0,3.0,0
73.900,2,1,-34.0,3.0,0
73.900,2,1,-34.0,3.0,0
73.900,2,1,-34.0,3.0,0
73.900,2,1,-34.0,3.0,0
73.900,2,1,-34.0,3.0,0
73.900,2,1,-34.0,3.0,0
74.000,2,1,-34.0,3.0,0
74.000,2,1,-34.0,3.0,0
74.000,2,1,-34.0,3.0,0
74.000,2,1,-34.0,3.0,0
74.000,2,1,-34.0,3.0,0
74.000,2,1,-34.0,3.0,0
74.000,2,1,-34.0,3.0,0
74.000,2,1,-34.0,3.0,0
74.000,2,1,-34.0,3.0,0
74.000,2,1,-34.0,3.0,0
74.000,2,1,-34.0,3.0,0
74.100,2,1,-34.0,3.0,0
74.100,2,1,-34.0,3.0,0
74.100,2,1,-34.0,3.0,0
74.100,2,1,-34.0,3.0,0
74.100,2,1,-34.0,3.0,0
74.100,2,1,-34.0,3.0,0
74.100,2,1,-34.0,3.0,0
74.100,2,1,-34.0,3.0,0
74.100,2,1,-34.0,3.0,0
74.100,2,1,-34.0,3.0,0
74.200,2,1,-34.0,3.0,0
74.200,2,1,-34.0,3.0,0
74.200,2,1,-34.0,3.0,0
74.200,2,1,-34.0,3.0,0
74.200,2,1,-34.0,3.0,0
74.200,2,1,-34.0,3.0,0
74.200,2,1,-34.0,3.0,0
74.200,2,1,-34.0,3.0,0
74.200,2,1,-34.0,3.0,0
74.200,2,1,-34.0,3.0,0
74.200,2,1,-34.0,3.0,0
74.300,2,1,-34.0,3.0,0
74.300,2,1,-34.0,3.0,0
74.300,2,1,-34.0,3.0,0
74.300,2,1,-34.0,3.0,0
74.300,2,1,-34.0,3.0,0
74.300,2,1,-34.0,3.0,0
74.300,2,1,-34.0,3.0,0
74.300,2,1,-34.0,3.0,0
74.300,2,1,-34.0,3.0,0
74.300,2,1,-34.0,3.0,0
74.400,2,1,-34.0,3.0,0
74.400,2,1,-34.0,3.0,0
74.400,2,1,-34.0,3.0,0
74.400,2,1,-34.0,3.0,0
74.400,2,1,-34.0,3.0,0
74.400,2,1,-34.0,3.0,0
74.400,2,1,-34.0,3.0,0
74.400,2,1,-34.0,3.0,0
74.400,2,1,-34.0,3.0,0
74.400,2,1,-34.0,3.0,0
74.500,2,1,-34.0,3.0,0
74.500,2,1,-34.0,3.0,0
74.500,2,1,-34.0,3.0,0
74.500,2,1,-34.0,3.0,0
74.500,2,1,-34.0,3.0,0
74.500,2,1,-34.0,3.0,0
74.500,2,1,-34.0,3.0,0
74.500,2,1,-34.0,3.0,0
74.500,2,1,-34.0,3.0,0
74.500,2,1,-34.0,3.0,0
74.500,2,1,-34.0,3.0,0
74.600,2,1,-34.0,3.0,0
74.600,2,1,-34.0,3.0,0
74.600,2,1,-34.0,3.0,0
74.600,2,1,-34.0,3.0,0
74.600,2,1,-34.0,3.0,0
74.600,2,1,-34.0,3.0,0
74.600,2,1,-34.0,3.0,0
74.600,2,1,-34.0,3.0,0
74.600,2,1,-34.0,3.0,0
74.600,2,1,-34.0,3.0,0
74.700,2,1,-34.0,3.0,0
74.700,2,1,-34.0,3.0,0
74.700,2,1,-34.0,3.0,0
74.700,2,1,-34.0,3.0,0
74.700,2,1,-34.0,3.0,0
74.700,2,1,-34.0,3.0,0
74.700,2,1,-34.0,3.0,0
74.700,2,1,-34.0,3.0,0
74.700,2,1,-34.0,3.0,0
74.700,2,1,-34.0,3.0,0
74.700,2,1,-34.0,3.0,0
74.800,2,1,-34.0,3.0,0
74.800,2,1,-34.0,3.0,0
74.800,2,1,-34.0,3.0,0
74.800,2,1,-34.0,3.0,0
74.800,2,1,-34.0,3.0,0
74.800,2,1,-34.0,3.0,0
74.800,2,1,-34.0,3.0,0
74.800,2,1,-34.0,3.0,0
74.800,2,1,-34.0,3.0,0
74.800,2,1,-34.0,3.0,0
74.900,2,1,-34.0,3.0,0
74.900,2,1,-34.0,3.0,0
74.900,2,1,-34.0,3.0,0
74.900,2,1,-34.0,3.0,0
74.900,2,1,-34.0,3.0,0
74.900,2,1,-34.0,3.0,0
74.900,2,1,-34.0,3.0,0
74.900,2,1,-34.0,3.0,0
74.900,2,1,-34.0,3.0,0
74.900,2,1,-34.0,3.0,0
74.900,2,1,-34.0,3.0,0
75.000,2,1,-34.0,3.0,0
75.000,2,1,-34.0,3.0,0
75.000,2,1,-34.0,3.0,0
75.000,2,1,-34.0,3.0,0
75.000,2,1,-34.0,3.0,0
75.000,2,1,-34.0,3.0,0
75.000,2,1,-34.0,3.0,0
75.000,2,1,-34.0,3.0,0
75.000,2,1,-34.0,3.0,0
75.000,2,1,-34.0,3.0,0
75.100,2,1,-40.0,3.0,0
75.100,2,1,-40.0,3.0,0
75.100,2,1,-40.0,3.0,0
75.100,2,1,-40.0,3.0,0
75.100,2,1,-40.0,3.0,0
75.100,2,1,-40.0,3.0,0
75.100,2,1,-40.0,3.0,0
75.100,2,1,-40.0,3.0,0
75.100,2,1,-40.0,3.0,0
75.100,2,1,-40.0,3.0,0
75.200,2,1,-40.0,3.0,0
75.200,2,1,-40.0,3.0,0
75.200,2,1,-40.0,3.0,0
75.200,2,1,-40.0,3.0,0
75.200,2,1,-40.0,3.0,0
75.200,2,1,-40.0,3.0,0
75.200,2,1,-40.0,3.0,0
75.200,2,1,-40.0,3.0,0
75.200,2,1,-40.0,3.0,0
75.200,2,1,-40.0,3.0,0
75.200,2,1,-40.0,3.0,0
75.300,2,0,-40.0,0.0,0
75.300,2,0,-40.0,0.0,0
75.300,2,0,-40.0,0.0,0
75.300,2,0,-40.0,0.0,0
75.300,2,0,-40.0,0.0,0
75.300,2,0,-40.0,0.0,0
75.300,2,0,-40.0,0.0,0
75.300,2,0,-40.0,0.0,0
75.300,2,0,-40.0,0.0,0
75.300,2,0,-40.0,0.0,0
75.400,2,0,-40.0,0.0,0
75.400,2,0,-40.0,0.0,0
75.400,2,0,-40.0,0.0,0
75.400,2,0,-40.0,0.0,0
75.400,2,0,-40.0,0.0,0
75.400,2,0,-40.0,0.0,0
75.400,2,0,-40.0,0.0,0
75.400,2,0,-40.0,0.0,0
75.400,2,0,-40.0,0.0,0
75.400,2,0,-40.0,0.0,0
75.400,2,0,-40.0,0.0,0
75.500,2,0,-40.0,0.0,0
75.500,2,0,-40.0,0.0,0
75.500,2,0,-40.0,0.0,0
75.500,2,0,-40.0,0.0,0
75.500,2,0,-40.0,0.0,0
75.500,2,0,-40.0,0.0,0
75.500,2,0,-40.0,0.0,0
75.500,2,0,-40.0,0.0,0
75.500,2,0,-40.0,0.0,0
75.500,2,0,-40.0,0.0,0
75.600,2,0,-40.0,0.0,0
75.600,2,0,-40.0,0.0,0
75.600,2,0,-40.0,0.0,0
75.600,2,0,-40.0,0.0,0
75.600,2,0,-40.0,0.0,0
75.600,2,0,-40.0,0.0,0
75.600,2,0,-40.0,0.0,0
75.600,2,0,-40.0,0.0,0
75.600,2,0,-40.0,0.0,0
75.600,2,0,-40.0,0.0,0
75.600,2,0,-40.0,0.0,0
75.700,2,0,-40.0,0.0,0
75.700,2,0,-40.0,0.0,0
75.700,2,0,-40.0,0.0,0
75.700,2,0,-40.0,0.0,0
75.700,2,0,-40.0,0.0,0
75.700,2,0,-40.0,0.0,0
75.700,2,0,-40.0,0.0,0
75.700,2,0,-40.0,0.0,0
75.700,2,0,-40.0,0.0,0
75.700,2,0,-40.0,0.0,0
75.800,2,0,-40.0,0.0,0
75.800,2,0,-40.0,0.0,0
75.800,2,0,-40.0,0.0,0
75.800,2,0,-40.0,0.0,0
75.800,2,0,-40.0,0.0,0
75.800,2,0,-40.0,0.0,0
75.800,2,0,-40.0,0.0,0
75.800,2,0,-40.0,0.0,0
75.800,2,0,-40.0,0.0,0
75.800,2,0,-40.0,0.0,0
75.800,2,0,-40.0,0.0,0
75.900,2,0,-40.0,0.0,0
75.900,2,0,-40.0,0.0,0
75.900,2,0,-40.0,0.0,0
75.900,2,0,-40.0,0.0,0
75.900,2,0,-40.0,0.0,0
75.900,2,0,-40.0,0.0,0
75.900,2,0,-40.0,0.0,0
75.900,2,0,-40.0,0.0,0
75.900,2,0,-40.0,0.0,0
75.900,2,0,-40.0,0.0,0
76.000,2,0,-40.0,0.0,0
76.000,2,0,-40.0,0.0,0
76.000,2,0,-40.0,0.0,0
76.000,2,0,-40.0,0.0,0
76.000,2,0,-40.0,0.0,0
76.000,2,0,-40.0,0.0,0
76.000,2,0,-40.0,0.0,0
76.000,2,0,-40.0,0.0,0
76.000,2,0,-40.0,0.0,0
76.000,2,0,-40.0,0.0,0
76.100,2,0,-40.0,0.0,0
76.100,2,0,-40.0,0.0,0
76.100,2,0,-40.0,0.0,0
76.100,2,0,-40.0,0.0,0
76.100,2,0,-40.0,0.0,0
76.100,2,0,-40.0,0.0,0
76.100,2,0,-40.0,0.0,0
76.100,2,0,-40.0,0.0,0
76.100,2,0,-40.0,0.0,0
76.100,2,0,-40.0,0.0,0
76.100,2,0,-40.0,0.0,0
76.200,2,0,-40.0,0.0,0
76.200,2,0,-40.0,0.0,0
76.200,2,0,-40.0,0.0,0
76.200,2,0,-40.0,0.0,0
76.200,2,0,-40.0,0.0,0
76.200,2,0,-40.0,0.0,0
76.200,2,0,-40.0,0.0,0
76.200,2,0,-40.0,0.0,0
76.200,2,0,-40.0,0.0,0
76.200,2,0,-40.0,0.0,0
76.300,2,0,-40.0,0.0,0
76.300,2,0,-40.0,0.0,0
76.300,2,0,-40.0,0.0,0
76.300,2,0,-40.0,0.0,0
76.300,2,0,-40.0,0.0,0
76.300,2,0,-40.0,0.0,0
76.300,2,0,-40.0,0.0,0
76.300,2,0,-40.0,0.0,0
76.300,2,0,-40.0,0.0,0
76.300,2,0,-40.0,0.0,0
76.300,2,0,-40.0,0.0,0
76.400,2,0,-40.0,0.0,0
76.400,2,0,-40.0,0.0,0
76.400,2,0,-40.0,0.0,0
76.400,2,0,-40.0,0.0,0
76.400,2,0,-40.0,0.0,0
76.400,2,0,-40.0,0.0,0
76.400,2,0,-40.0,0.0,0
76.400,2,0,-40.0,0.0,0
76.400,2,0,-40.0,0.0,0
76.400,2,0,-40.0,0.0,0
76.500,2,0,-40.0,0.0,0
76.500,2,0,-40.0,0.0,0
76.500,2,0,-40.0,0.0,0
76.500,2,0,-40.0,0.0,0
76.500,2,0,-40.0,0.0,0
76.500,2,0,-40.0,0.0,0
76.500,2,0,-40.0,0.0,0
76.500,2,0,-40.0,0.0,0
76.500,2,0,-40.0,0.0,0
76.500,2,0,-40.0,0.0,0
76.500,2,0,-40.0,0.0,0
76.600,2,0,-40.0,0.0,0
76.600,2,0,-40.0,0.0,0
76.600,2,0,-40.0,0.0,0
76.600,2,0,-40.0,0.0,0
76.600,2,0,-40.0,0.0,0
76.600,2,0,-40.0,0.0,0
76.600,2,0,-40.0,0.0,0
76.600,2,0,-40.0,0.0,0
76.600,2,0,-40.0,0.0,0
76.600,2,0,-40.0,0.0,0
76.700,2,0,-40.0,0.0,0
76.700,2,0,-40.0,0.0,0
76.700,2,0,-40.0,0.0,0
76.700,2,0,-40.0,0.0,0
76.700,2,0,-40.0,0.0,0
76.700,2,0,-40.0,0.0,0
76.700,2,0,-40.0,0.0,0
76.700,2,0,-40.0,0.0,0
76.700,2,0,-40.0,0.0,0
76.700,2,0,-40.0,0.0,0
76.800,2,0,-40.0,0.0,0
76.800,2,0,-40.0,0.0,0
76.800,2,0,-40.0,0.0,0
76.800,2,0,-40.0,0.0,0
76.800,2,0,-40.0,0.0,0
76.800,2,0,-40.0,0.0,0
76.800,2,0,-40.0,0.0,0
76.800,2,0,-40.0,0.0,0
76.800,2,0,-40.0,0.0,0
76.800,2,0,-40.0,0.0,0
76.800,2,0,-40.0,0.0,0
76.900,2,0,-40.0,0.0,0
76.900,2,0,-40.0,0.0,0
76.900,2,0,-40.0,0.0,0
76.900,2,0,-40.0,0.0,0
76.900,2,0,-40.0,0.0,0
76.900,2,0,-40.0,0.0,0
76.900,2,0,-40.0,0.0,0
76.900,2,0,-40.0,0.0,0
76.900,2,0,-40.0,0.0,0
76.900,2,0,-40.0,0.0,0
77.000,2,0,-40.0,0.0,0
77.000,2,0,-40.0,0.0,0
77.000,2,0,-40.0,0.0,0
77.000,2,0,-40.0,0.0,0
77.000,2,0,-40.0,0.0,0
77.000,2,0,-40.0,0.0,0
77.000,2,0,-40.0,0.0,0
77.000,2,0,-40.0,0.0,0
77.000,2,0,-40.0,0.0,0
77.000,2,0,-40.0,0.0,0
77.000,2,0,-40.0,0.0,0
77.100,2,0,-40.0,0.0,0
77.100,2,0,-40.0,0.0,0
77.100,2,0,-40.0,0.0,0
77.100,2,0,-40.0,0.0,0
77.100,2,0,-40.0,0.0,0
77.100,2,0,-40.0,0.0,0
77.100,2,0,-40.0,0.0,0
77.100,2,0,-40.0,0.0,0
77.100,2,0,-40.0,0.0,0
77.100,2,0,-40.0,0.0,0
77.200,2,0,-40.0,0.0,0
77.200,2,0,-40.0,0.0,0
77.200,2,0,-40.0,0.0,0
77.200,2,0,-40.0,0.0,0
77.200,2,0,-40.0,0.0,0
77.200,2,0,-40.0,0.0,0
77.200,2,0,-40.0,0.0,0
77.200,2,0,-40.0,0.0,0
77.200,2,0,-40.0,0.0,0
77.200,2,0,-40.0,0.0,0
77.200,2,0,-40.0,0.0,0
77.300,2,0,-40.0,0.0,0
77.300,2,0,-40.0,0.0,0
77.300,2,0,-40.0,0.0,0
77.300,2,0,-40.0,0.0,0
77.300,2,0,-40.0,0.0,0
77.300,2,0,-40.0,0.0,0
77.300,2,0,-40.0,0.0,0
77.300,2,0,-40.0,0.0,0
77.300,2,0,-40.0,0.0,0
77.300,2,0,-40.0,0.0,0
77.400,2,0,-40.0,0.0,0
77.400,2,0,-40.0,0.0,0
77.400,2,0,-40.0,0.0,0
77.400,2,0,-40.0,0.0,0
77.400,2,0,-40.0,0.0,0
77.400,2,0,-40.0,0.0,0
77.400,2,0,-40.0,0.0,0
77.400,2,0,-40.0,0.0,0
77.400,2,0,-40.0,0.0,0
77.400,2,0,-40.0,0.0,0
77.500,2,0,-40.0,0.0,0
77.500,2,0,-40.0,0.0,0
77.500,2,0,-40.0,0.0,0
77.500,2,0,-40.0,0.0,0
77.500,2,0,-40.0,0.0,0
77.500,2,0,-40.0,0.0,0
77.500,2,0,-40.0,0.0,0
77.500,2,0,-40.0,0.0,0
77.500,2,0,-40.0,0.0,0
77.500,2,0,-40.0,0.0,0
77.500,2,0,-40.0,0.0,0
77.600,2,0,-40.0,0.0,0
77.600,2,0,-40.0,0.0,0
77.600,2,0,-40.0,0.0,0
77.600,2,0,-40.0,0.0,0
77.600,2,0,-40.0,0.0,0
77.600,2,0,-40.0,0.0,0
77.600,2,0,-40.0,0.0,0
77.600,2,0,-40.0,0.0,0
77.600,2,0,-40.0,0.0,0
77.600,2,0,-40.0,0.0,0
77.700,2,0,-40.0,0.0,0
77.700,2,0,-40.0,0.0,0
77.700,2,0,-40.0,0.0,0
77.700,2,0,-40.0,0.0,0
77.700,2,0,-40.0,0.0,0
77.700,2,0,-40.0,0.0,0
77.700,2,0,-40.0,0.0,0
77.700,2,0,-40.0,0.0,0
77.700,2,0,-40.0,0.0,0
77.700,2,0,-40.0,0.0,0
77.700,2,0,-40.0,0.0,0
77.800,2,0,-40.0,0.0,0
77.800,2,0,-40.0,0.0,0
77.800,2,0,-40.0,0.0,0
77.800,2,0,-40.0,0.0,0
77.800,2,0,-40.0,0.0,0
77.800,2,0,-40.0,0.0,0
77.800,2,0,-40.0,0.0,0
77.800,2,0,-40.0,0.0,0
77.800,2,0,-40.0,0.0,0
77.800,2,0,-40.0,0.0,0
77.900,2,0,-40.0,0.0,0
77.900,2,0,-40.0,0.0,0
77.900,2,0,-40.0,0.0,0
77.900,2,0,-40.0,0.0,0
77.900,2,0,-40.0,0.0,0
77.900,2,0,-40.0,0.0,0
77.900,2,0,-40.0,0.0,0
77.900,2,0,-40.0,0.0,0
77.900,2,0,-40.0,0.0,0
77.900,2,0,-40.0,0.0,0
77.900,2,0,-40.0,0.0,0
78.000,2,0,-40.0,0.0,0
78.000,2,0,-40.0,0.0,0
78.000,2,0,-40.0,0.0,0
78.000,2,0,-40.0,0.0,0
78.000,2,0,-40.0,0.0,0
78.000,2,0,-40.0,0.0,0
78.000,2,0,-40.0,0.0,0
78.000,2,0,-40.0,0.0,0
78.000,2,0,-40.0,0.0,0
78.000,2,0,-40.0,0.0,0
78.100,2,0,-40.0,0.0,0
78.100,2,0,-40.0,0.0,0
78.100,2,0,-40.0,0.0,0
78.100,2,0,-40.0,0.0,0
78.100,2,0,-40.0,0.0,0
78.100,2,0,-40.0,0.0,0
78.100,2,0,-40.0,0.0,0
78.100,2,0,-40.0,0.0,0
78.100,2,0,-40.0,0.0,0
78.100,2,0,-40.0,0.0,0
78.100,2,0,-40.0,0.0,0
78.200,2,0,-40.0,0.0,0
78.200,2,0,-40.0,0.0,0
78.200,2,0,-40.0,0.0,0
78.200,2,0,-40.0,0.0,0
78.200,2,0,-40.0,0.0,0
78.200,2,0,-40.0,0.0,0
78.200,2,0,-40.0,0.0,0
78.200,2,0,-40.0,0.0,0
78.200,2,0,-40.0,0.0,0
78.200,2,0,-40.0,0.0,0
78.300,2,0,-40.0,0.0,0
78.300,2,0,-40.0,0.0,0
78.300,2,0,-40.0,0.0,0
78.300,2,0,-40.0,0.0,0
78.300,2,0,-40.0,0.0,0
78.300,2,0,-40.0,0.0,0
78.300,2,0,-40.0,0.0,0
78.300,2,0,-40.0,0.0,0
78.300,2,0,-40.0,0.0,0
78.300,2,0,-40.0,0.0,0
78.400,2,0,-40.0,0.0,0
78.400,2,0,-40.0,0.0,0
78.400,2,0,-40.0,0.0,0
78.400,2,0,-40.0,0.0,0
78.400,2,0,-40.0,0.0,0
78.400,2,0,-40.0,0.0,0
78.400,2,0,-40.0,0.0,0
78.400,2,0,-40.0,0.0,0
78.400,2,0,-40.0,0.0,0
78.400,2,0,-40.0,0.0,0
78.400,2,0,-40.0,0.0,0
78.500,2,0,-40.0,0.0,0
78.500,2,0,-40.0,0.0,0
78.500,2,0,-40.0,0.0,0
78.500,2,0,-40.0,0.0,0
78.500,2,0,-40.0,0.0,0
78.500,2,0,-40.0,0.0,0
78.500,2,0,-40.0,0.0,0
78.500,2,0,-40.0,0.0,0
78.500,2,0,-40.0,0.0,0
78.500,2,0,-40.0,0.0,0
78.600,2,0,-40.0,0.0,0
78.600,2,0,-40.0,0.0,0
78.600,2,0,-40.0,0.0,0
78.600,2,0,-40.0,0.0,0
78.600,2,0,-40.0,0.0,0
78.600,2,0,-40.0,0.0,0
78.600,2,0,-40.0,0.0,0
78.600,2,0,-40.0,0.0,0
78.600,2,0,-40.0,0.0,0
78.600,2,0,-40.0,0.0,0
78.600,2,0,-40.0,0.0,0
78.700,2,0,-40.0,0.0,0
78.700,2,0,-40.0,0.0,0
78.700,2,0,-40.0,0.0,0
78.700,2,0,-40.0,0.0,0
78.700,2,0,-40.0,0.0,0
78.700,2,0,-40.0,0.0,0
78.700,2,0,-40.0,0.0,0
78.700,2,0,-40.0,0.0,0
78.700,2,0,-40.0,0.0,0
78.700,2,0,-40.0,0.0,0
78.800,1,0,300.0,0.0,0
78.800,1,0,300.0,0.0,0
78.800,1,0,300.0,0.0,0
78.800,1,0,300.0,0.0,0
78.800,1,0,300.0,0.0,0
78.800,1,0,300.0,0.0,0
78.800,1,0,300.0,0.0,0
78.800,1,0,300.0,0.0,0
78.800,1,0,300.0,0.0,0
78.800,1,0,300.0,0.0,0
78.800,1,0,300.0,0.0,0
78.900,1,0,300.0,0.0,0
78.900,1,0,300.0,0.0,0
78.900,1,0,300.0,0.0,0
78.900,1,0,300.0,0.0,0
78.900,1,0,300.0,0.0,0
78.900,1,0,300.0,0.0,0
78.900,1,0,300.0,0.0,0
78.900,1,0,300.0,0.0,0
78.900,1,0,300.0,0.0,0
78.900,1,0,300.0,0.0,0
79.000,1,0,300.0,0.0,0
79.000,1,0,300.0,0.0,0
79.000,1,0,300.0,0.0,0
79.000,1,0,300.0,0.0,0
79.000,1,0,300.0,0.0,0
79.000,1,0,300.0,0.0,0
79.000,1,0,300.0,0.0,0
79.000,1,0,300.0,0.0,0
79.000,1,0,300.0,0.0,0
79.000,1,0,300.0,0.0,0
79.100,1,0,300.0,0.0,0
79.100,1,0,300.0,0.0,0
79.100,1,0,300.0,0.0,0
79.100,1,0,300.0,0.0,0
79.100,1,0,300.0,0.0,0
79.100,1,0,300.0,0.0,0
79.100,1,0,300.0,0.0,0
79.100,1,0,300.0,0.0,0
79.100,1,0,300.0,0.0,0
79.100,1,0,300.0,0.0,0
79.100,1,0,300.0,0.0,0
79.200,1,0,300.0,0.0,0
79.200,1,0,300.0,0.0,0
79.200,1,0,300.0,0.0,0
79.200,1,0,300.0,0.0,0
79.200,1,0,300.0,0.0,0
79.200,1,0,300.0,0.0,0
79.200,1,0,300.0,0.0,0
79.200,1,0,300.0,0.0,0
79.200,1,0,300.0,0.0,0
79.200,1,0,300.0,0.0,0
79.300,1,0,300.0,0.0,0
79.300,1,0,300.0,0.0,0
79.300,1,0,300.0,0.0,0
79.300,1,0,300.0,0.0,0
79.300,1,0,300.0,0.0,0
79.300,1,0,300.0,0.0,0
79.300,1,0,300.0,0.0,0
79.300,1,0,300.0,0.0,0
79.300,1,0,300.0,0.0,0
79.300,1,0,300.0,0.0,0
79.300,1,0,300.0,0.0,0
79.400,1,0,300.0,0.0,0
79.400,1,0,300.0,0.0,0
79.400,1,0,300.0,0.0,0
79.400,1,0,300.0,0.0,0
79.400,1,0,300.0,0.0,0
79.400,1,0,300.0,0.0,0
79.400,1,0,300.0,0.0,0
79.400,1,0,300.0,0.0,0
79.400,1,0,300.0,0.0,0
79.400,1,0,300.0,0.0,0
79.500,1,0,300.0,0.0,0
79.500,1,0,300.0,0.0,0
79.500,1,0,300.0,0.0,0
79.500,1,0,300.0,0.0,0
79.500,1,0,300.0,0.0,0
79.500,1,0,300.0,0.0,0
79.500,1,0,300.0,0.0,0
79.500,1,0,300.0,0.0,0
79.500,1,0,300.0,0.0,0
79.500,1,0,300.0,0.0,0
79.500,1,0,300.0,0.0,0
79.600,1,0,300.0,0.0,0
79.600,1,0,300.0,0.0,0
79.600,1,0,300.0,0.0,0
79.600,1,0,300.0,0.0,0
79.600,1,0,300.0,0.0,0
79.600,1,0,300.0,0.0,0
79.600,1,0,300.0,0.0,0
79.600,1,0,300.0,0.0,0
79.600,1,0,300.0,0.0,0
79.600,1,0,300.0,0.0,0
79.700,1,0,300.0,0.0,0
79.700,1,0,300.0,0.0,0
79.700,1,0,300.0,0.0,0
79.700,1,0,300.0,0.0,0
79.700,1,0,300.0,0.0,0
79.700,1,0,300.0,0.0,0
79.700,1,0,300.0,0.0,0
79.700,1,0,300.0,0.0,0
79.700,1,0,300.0,0.0,0
79.700,1,0,300.0,0.0,0
79.800,1,0,300.0,0.0,0
79.800,1,0,300.0,0.0,0
79.800,1,0,300.0,0.0,0
79.800,1,0,300.0,0.0,0
79.800,1,0,300.0,0.0,0
79.800,1,0,300.0,0.0,0
79.800,1,0,300.0,0.0,0
79.800,1,0,300.0,0.0,0
79.800,1,0,300.0,0.0,0
79.800,1,0,300.0,0.0,0
79.800,1,0,300.0,0.0,0
79.900,1,0,300.0,0.0,0
79.900,1,0,300.0,0.0,0
79.900,1,0,300.0,0.0,0
79.900,1,0,300.0,0.0,0
79.900,1,0,300.0,0.0,0
79.900,1,0,300.0,0.0,0
79.900,1,0,300.0,0.0,0
79.900,1,0,300.0,0.0,0
79.900,1,0,300.0,0.0,0
79.900,1,0,300.0,0.0,0
80.000,1,0,300.0,0.0,0
80.000,1,0,300.0,0.0,0
80.000,1,0,300.0,0.0,0
80.000,1,0,300.0,0.0,0
80.000,1,0,300.0,0.0,0
80.000,1,0,300.0,0.0,0
80.000,1,0,300.0,0.0,0
80.000,1,0,300.0,0.0,0
80.000,1,0,300.0,0.0,0
80.000,1,0,300.0,0.0,0
80.000,1,0,300.0,0.0,0
80.100,1,0,300.0,0.0,0
80.100,1,0,300.0,0.0,0
80.100,1,0,300.0,0.0,0
80.100,1,0,300.0,0.0,0
80.100,1,0,300.0,0.0,0
80.100,1,0,300.0,0.0,0
80.100,1,0,300.0,0.0,0
80.100,1,0,300.0,0.0,0
80.100,1,0,300.0,0.0,0
80.100,1,0,300.0,0.0,0
80.200,1,0,300.0,0.0,0
80.200,1,0,300.0,0.0,0
80.200,1,0,300.0,0.0,0
80.200,1,0,300.0,0.0,0
80.200,1,0,300.0,0.0,0
80.200,1,0,300.0,0.0,0
80.200,1,0,300.0,0.0,0
80.200,1,0,300.0,0.0,0
80.200,1,0,300.0,0.0,0
80.200,1,0,300.0,0.0,0
80.200,1,0,300.0,0.0,0
80.300,1,0,300.0,0.0,0
80.300,1,0,300.0,0.0,0
80.300,1,0,300.0,0.0,0
80.300,1,0,300.0,0.0,0
80.300,1,0,300.0,0.0,0
80.300,1,0,300.0,0.0,0
80.300,1,0,300.0,0.0,0
80.300,1,0,300.0,0.0,0
80.300,1,0,300.0,0.0,0
80.300,1,0,300.0,0.0,0
80.400,1,0,300.0,0.0,0
80.400,1,0,300.0,0.0,0
80.400,1,0,300.0,0.0,0
80.400,1,0,300.0,0.0,0
80.400,1,0,300.0,0.0,0
80.400,1,0,300.0,0.0,0
80.400,1,0,300.0,0.0,0
80.400,1,0,300.0,0.0,0
80.400,1,0,300.0,0.0,0
80.400,1,0,300.0,0.0,0
80.400,1,0,300.0,0.0,0
80.500,1,0,300.0,0.0,0
80.500,1,0,300.0,0.0,0
80.500,1,0,300.0,0.0,0
80.500,1,0,300.0,0.0,0
80.500,1,0,300.0,0.0,0
80.500,1,0,300.0,0.0,0
80.500,1,0,300.0,0.0,0
80.500,1,0,300.0,0.0,0
80.500,1,0,300.0,0.0,0
80.500,1,0,300.0,0.0,0
80.600,1,0,300.0,0.0,0
80.600,1,0,300.0,0.0,0
80.600,1,0,300.0,0.0,0
80.600,1,0,300.0,0.0,0
80.600,1,0,300.0,0.0,0
80.600,1,0,300.0,0.0,0
80.600,1,0,300.0,0.0,0
80.600,1,0,300.0,0.0,0
80.600,1,0,300.0,0.0,0
80.600,1,0,300.0,0.0,0
80.700,1,0,300.0,0.0,0
80.700,1,0,300.0,0.0,0
80.700,1,0,300.0,0.0,0
80.700,1,0,300.0,0.0,0
80.700,1,0,300.0,0.0,0
80.700,1,0,300.0,0.0,0
80.700,1,0,300.0,0.0,0
80.700,1,0,300.0,0.0,0
80.700,1,0,300.0,0.0,0
80.700,1,0,300.0,0.0,0
80.700,1,0,300.0,0.0,0
80.800,1,0,300.0,0.0,0
80.800,1,0,300.0,0.0,0
80.800,1,0,300.0,0.0,0
80.800,1,0,300.0,0.0,0
80.800,1,0,300.0,0.0,0
80.800,1,0,300.0,0.0,0
80.800,1,0,300.0,0.0,0
80.800,1,0,300.0,0.0,0
80.800,1,0,300.0,0.0,0
80.800,1,0,300.0,0.0,0
80.900,1,0,300.0,0.0,0
80.900,1,0,300.0,0.0,0
80.900,1,0,300.0,0.0,0
80.900,1,0,300.0,0.0,0
80.900,1,0,300.0,0.0,0
80.900,1,0,300.0,0.0,0
80.900,1,0,300.0,0.0,0
80.900,1,0,300.0,0.0,0
80.900,1,0,300.0,0.0,0
80.900,1,0,300.0,0.0,0
80.900,1,0,300.0,0.0,0
81.000,1,0,300.0,0.0,0
81.000,1,0,300.0,0.0,0
81.000,1,0,300.0,0.0,0
81.000,1,0,300.0,0.0,0
81.000,1,0,300.0,0.0,0
81.000,1,0,300.0,0.0,0
81.000,1,0,300.0,0.0,0
81.000,1,0,300.0,0.0,0
81.000,1,0,300.0,0.0,0
81.000,1,0,300.0,0.0,0
81.100,1,0,300.0,0.0,0
81.100,1,0,300.0,0.0,0
81.100,1,0,300.0,0.0,0
81.100,1,0,300.0,0.0,0
81.100,1,0,300.0,0.0,0
81.100,1,0,300.0,0.0,0
81.100,1,0,300.0,0.0,0
81.100,1,0,300.0,0.0,0
81.100,1,0,300.0,0.0,0
81.100,1,0,300.0,0.0,0
81.100,1,0,300.0,0.0,0
81.200,1,0,300.0,0.0,0
81.200,1,0,300.0,0.0,0
81.200,1,0,300.0,0.0,0
81.200,1,0,300.0,0.0,0
81.200,1,0,300.0,0.0,0
81.200,1,0,300.0,0.0,0
81.200,1,0,300.0,0.0,0
81.200,1,0,300.0,0.0,0
81.200,1,0,300.0,0.0,0
81.200,1,0,300.0,0.0,0
81.300,1,0,300.0,0.0,0
81.300,1,0,300.0,0.0,0
81.300,1,0,300.0,0.0,0
81.300,1,0,300.0,0.0,0
81.300,1,0,300.0,0.0,0
81.300,1,0,300.0,0.0,0
81.300,1,0,300.0,0.0,0
81.300,1,0,300.0,0.0,0
81.300,1,0,300.0,0.0,0
81.300,1,0,300.0,0.0,0
81.400,1,0,300.0,0.0,0
81.400,1,0,300.0,0.0,0
81.400,1,0,300.0,0.0,0
81.400,1,0,300.0,0.0,0
81.400,1,0,300.0,0.0,0
81.400,1,0,300.0,0.0,0
81.400,1,0,300.0,0.0,0
81.400,1,0,300.0,0.0,0
81.400,1,0,300.0,0.0,0
81.400,1,0,300.0,0.0,0
81.400,1,0,300.0,0.0,0
81.500,1,0,300.0,0.0,0
81.500,1,0,300.0,0.0,0
81.500,1,0,300.0,0.0,0
81.500,1,0,300.0,0.0,0
81.500,1,0,300.0,0.0,0
81.500,1,0,300.0,0.0,0
81.500,1,0,300.0,0.0,0
81.500,1,0,300.0,0.0,0
81.500,1,0,300.0,0.0,0
81.500,1,0,300.0,0.0,0
81.600,1,0,300.0,0.0,0
81.600,1,0,300.0,0.0,0
81.600,1,0,300.0,0.0,0
81.600,1,0,300.0,0.0,0
81.600,1,0,300.0,0.0,0
81.600,1,0,300.0,0.0,0
81.600,1,0,300.0,0.0,0
81.600,1,0,300.0,0.0,0
81.600,1,0,300.0,0.0,0
81.600,1,0,300.0,0.0,0
81.600,1,0,300.0,0.0,0
81.700,1,0,300.0,0.0,0
81.700,1,0,300.0,0.0,0
81.700,1,0,300.0,0.0,0
81.700,1,0,300.0,0.0,0
81.700,1,0,300.0,0.0,0
81.700,1,0,300.0,0.0,0
81.700,1,0,300.0,0.0,0
81.700,1,0,300.0,0.0,0
81.700,1,0,300.0,0.0,0
81.700,1,0,300.0,0.0,0
81.800,1,0,300.0,0.0,0
81.800,1,0,300.0,0.0,0
81.800,1,0,300.0,0.0,0
81.800,1,0,300.0,0.0,0
81.800,1,0,300.0,0.0,0
81.800,1,0,300.0,0.0,0
81.800,1,0,300.0,0.0,0
81.800,1,0,300.0,0.0,0
81.800,1,0,300.0,0.0,0
81.800,1,0,300.0,0.0,0
81.800,1,0,300.0,0.0,0
81.900,1,0,300.0,0.0,0
81.900,1,0,300.0,0.0,0
81.900,1,0,300.0,0.0,0
81.900,1,0,300.0,0.0,0
81.900,1,0,300.0,0.0,0
81.900,1,0,300.0,0.0,0
81.900,1,0,300.0,0.0,0
81.900,1,0,300.0,0.0,0
81.900,1,0,300.0,0.0,0
81.900,1,0,300.0,0.0,0
82.000,1,0,300.0,0.0,0
82.000,1,0,300.0,0.0,0
82.000,1,0,300.0,0.0,0
82.000,1,0,300.0,0.0,0
82.000,1,0,300.0,0.0,0
82.000,1,0,300.0,0.0,0
82.000,1,0,300.0,0.0,0
82.000,1,0,300.0,0.0,0
82.000,1,0,300.0,0.0,0
82.000,1,0,300.0,0.0,0
82.100,1,0,300.0,0.0,0
82.100,1,0,300.0,0.0,0
82.100,1,0,300.0,0.0,0
82.100,1,0,300.0,0.0,0
82.100,1,0,300.0,0.0,0
82.100,1,0,300.0,0.0,0
82.100,1,0,300.0,0.0,0
82.100,1,0,300.0,0.0,0
82.100,1,0,300.0,0.0,0
82.100,1,0,300.0,0.0,0
82.100,1,0,300.0,0.0,0
82.200,1,0,300.0,0.0,0
82.200,1,0,300.0,0.0,0
82.200,1,0,300.0,0.0,0
82.200,1,0,300.0,0.0,0
82.200,1,0,300.0,0.0,0
82.200,1,0,300.0,0.0,0
82.200,1,0,300.0,0.0,0
82.200,1,0,300.0,0.0,0
82.200,1,0,300.0,0.0,0
82.200,1,0,300.0,0.0,0
82.300,1,0,300.0,0.0,0
82.300,1,0,300.0,0.0,0
82.300,1,0,300.0,0.0,0
82.300,1,0,300.0,0.0,0
82.300,1,0,300.0,0.0,0
82.300,1,0,300.0,0.0,0
82.300,1,0,300.0,0.0,0
82.300,1,0,300.0,0.0,0
82.300,1,0,300.0,0.0,0
82.300,1,0,300.0,0.0,0
82.300,1,0,300.0,0.0,0
82.400,1,0,300.0,0.0,0
82.400,1,0,300.0,0.0,0
82.400,1,0,300.0,0.0,0
82.400,1,0,300.0,0.0,0
82.400,1,0,300.0,0.0,0
82.400,1,0,300.0,0.0,0
82.400,1,0,300.0,0.0,0
82.400,1,0,300.0,0.0,0
82.400,1,0,300.0,0.0,0
82.400,1,0,300.0,0.0,0
82.500,1,0,300.0,0.0,0
82.500,1,0,300.0,0.0,0
82.500,1,0,300.0,0.0,0
82.500,1,0,300.0,0.0,0
82.500,1,0,300.0,0.0,0
82.500,1,0,300.0,0.0,0
82.500,1,0,300.0,0.0,0
82.500,1,0,300.0,0.0,0
82.500,1,0,300.0,0.0,0
82.500,1,0,300.0,0.0,0
82.500,1,0,300.0,0.0,0
82.600,1,0,300.0,0.0,0
82.600,1,0,300.0,0.0,0
82.600,1,0,300.0,0.0,0
82.600,1,0,300.0,0.0,0
82.600,1,0,300.0,0.0,0
82.600,1,0,300.0,0.0,0
82.600,1,0,300.0,0.0,0
82.600,1,0,300.0,0.0,0
82.600,1,0,300.0,0.0,0
82.600,1,0,300.0,0.0,0
82.700,1,0,300.0,0.0,0
82.700,1,0,300.0,0.0,0
82.700,1,0,300.0,0.0,0
82.700,1,0,300.0,0.0,0
82.700,1,0,300.0,0.0,0
82.700,1,0,300.0,0.0,0
82.700,1,0,300.0,0.0,0
82.700,1,0,300.0,0.0,0
82.700,1,0,300.0,0.0,0
82.700,1,0,300.0,0.0,0
82.700,1,0,300.0,0.0,0
82.800,1,0,300.0,0.0,0
82.800,1,0,300.0,0.0,0
82.800,1,0,300.0,0.0,0
82.800,1,0,300.0,0.0,0
82.800,1,0,300.0,0.0,0
82.800,1,0,300.0,0.0,0
82.800,1,0,300.0,0.0,0
82.800,1,0,300.0,0.0,0
82.800,1,0,300.0,0.0,0
82.800,1,0,300.0,0.0,0
82.900,1,0,300.0,0.0,0
82.900,1,0,300.0,0.0,0
82.900,1,0,300.0,0.0,0
82.900,1,0,300.0,0.0,0
82.900,1,0,300.0,0.0,0
82.900,1,0,300.0,0.0,0
82.900,1,0,300.0,0.0,0
82.900,1,0,300.0,0.0,0
82.900,1,0,300.0,0.0,0
82.900,1,0,300.0,0.0,0
83.000,1,0,300.0,0.0,0
83.000,1,0,300.0,0.0,0
83.000,1,0,300.0,0.0,0
83.000,1,0,300.0,0.0,0
83.000,1,0,300.0,0.0,0
83.000,1,0,300.0,0.0,0
83.000,1,0,300.0,0.0,0
83.000,1,0,300.0,0.0,0
83.000,1,0,300.0,0.0,0
83.000,1,0,300.0,0.0,0
83.000,1,0,300.0,0.0,0
83.100,1,0,300.0,0.0,0
83.100,1,0,300.0,0.0,0
83.100,1,0,300.0,0.0,0
83.100,1,0,300.0,0.0,0
83.100,1,0,300.0,0.0,0
83.100,1,0,300.0,0.0,0
83.100,1,0,300.0,0.0,0
83.100,1,0,300.0,0.0,0
83.100,1,0,300.0,0.0,0
83.100,1,0,300.0,0.0,0
83.200,1,0,300.0,0.0,0
83.200,1,0,300.0,0.0,0
83.200,1,0,300.0,0.0,0
83.200,1,0,300.0,0.0,0
83.200,1,0,300.0,0.0,0
83.200,1,0,300.0,0.0,0
83.200,1,0,300.0,0.0,0
83.200,1,0,300.0,0.0,0
83.200,1,0,300.0,0.0,0
83.200,1,0,300.0,0.0,0
83.200,1,0,300.0,0.0,0
83.300,1,0,300.0,0.0,0
83.300,1,0,300.0,0.0,0
83.300,1,0,300.0,0.0,0
83.300,1,0,300.0,0.0,0
83.300,1,0,300.0,0.0,0
83.300,1,0,300.0,0.0,0
83.300,1,0,300.0,0.0,0
83.300,1,0,300.0,0.0,0
83.300,1,0,300.0,0.0,0
83.300,1,0,300.0,0.0,0
83.400,1,0,300.0,0.0,0
83.400,1,0,300.0,0.0,0
83.400,1,0,300.0,0.0,0
83.400,1,0,300.0,0.0,0
83.400,1,0,300.0,0.0,0
83.400,1,0,300.0,0.0,0
83.400,1,0,300.0,0.0,0
83.400,1,0,300.0,0.0,0
83.400,1,0,300.0,0.0,0
83.400,1,0,300.0,0.0,0
83.400,1,0,300.0,0.0,0
83.500,1,0,300.0,0.0,0
83.500,1,0,300.0,0.0,0
83.500,1,0,300.0,0.0,0
83.500,1,0,300.0,0.0,0
83.500,1,0,300.0,0.0,0
83.500,1,0,300.0,0.0,0
83.500,1,0,300.0,0.0,0
83.500,1,0,300.0,0.0,0
83.500,1,0,300.0,0.0,0
83.500,1,0,300.0,0.0,0
83.600,1,0,300.0,0.0,0
83.600,1,0,300.0,0.0,0
83.600,1,0,300.0,0.0,0
83.600,1,0,300.0,0.0,0
83.600,1,0,300.0,0.0,0
83.600,1,0,300.0,0.0,0
83.600,1,0,300.0,0.0,0
83.600,1,0,300.0,0.0,0
83.600,1,0,300.0,0.0,0
83.600,1,0,300.0,0.0,0
83.700,1,0,300.0,0.0,0
83.700,1,0,300.0,0.0,0
83.700,1,0,300.0,0.0,0
83.700,1,0,300.0,0.0,0
83.700,1,0,300.0,0.0,0
83.700,1,0,300.0,0.0,0
83.700,1,0,300.0,0.0,0
83.700,1,0,300.0,0.0,0
83.700,1,0,300.0,0.0,0
83.700,1,0,300.0,0.0,0
83.700,1,0,300.0,0.0,0
83.800,1,0,300.0,0.0,0
83.800,1,0,300.0,0.0,0
83.800,1,0,300.0,0.0,0
83.800,1,0,300.0,0.0,0
83.800,1,0,300.0,0.0,0
83.800,1,0,300.0,0.0,0
83.800,1,0,300.0,0.0,0
83.800,1,0,300.0,0.0,0
83.800,1,0,300.0,0.0,0
83.800,1,0,300.0,0.0,0
83.900,1,0,300.0,0.0,0
83.900,1,0,300.0,0.0,0
83.900,1,0,300.0,0.0,0
83.900,1,0,300.0,0.0,0
83.900,1,0,300.0,0.0,0
83.900,1,0,300.0,0.0,0
83.900,1,0,300.0,0.0,0
83.900,1,0,300.0,0.0,0
83.900,1,0,300.0,0.0,0
83.900,1,0,300.0,0.0,0
83.900,1,0,300.0,0.0,0
84.000,1,0,300.0,0.0,0
84.000,1,0,300.0,0.0,0
84.000,1,0,300.0,0.0,0
84.000,1,0,300.0,0.0,0
84.000,1,0,300.0,0.0,0
84.000,1,0,300.0,0.0,0
84.000,1,0,300.0,0.0,0
84.000,1,0,300.0,0.0,0
84.000,1,0,300.0,0.0,0
84.000,1,0,300.0,0.0,0
84.100,1,0,300.0,0.0,0
84.100,1,0,300.0,0.0,0
84.100,1,0,300.0,0.0,0
84.100,1,0,300.0,0.0,0
84.100,1,0,300.0,0.0,0
84.100,1,0,300.0,0.0,0
84.100,1,0,300.0,0.0,0
84.100,1,0,300.0,0.0,0
84.100,1,0,300.0,0.0,0
84.100,1,0,300.0,0.0,0
84.100,1,0,300.0,0.0,0
84.200,1,0,300.0,0.0,0
84.200,1,0,300.0,0.0,0
84.200,1,0,300.0,0.0,0
84.200,1,0,300.0,0.0,0
84.200,1,0,300.0,0.0,0
84.200,1,0,300.0,0.0,0
84.200,1,0,300.0,0.0,0
84.200,1,0,300.0,0.0,0
84.200,1,0,300.0,0.0,0
84.200,1,0,300.0,0.0,0
84.300,1,0,300.0,0.0,0
84.300,1,0,300.0,0.0,0
84.300,1,0,300.0,0.0,0
84.300,1,0,300.0,0.0,0
84.300,1,0,300.0,0.0,0
84.300,1,0,300.0,0.0,0
84.300,1,0,300.0,0.0,0
84.300,1,0,300.0,0.0,0
84.300,1,0,300.0,0.0,0
84.300,1,0,300.0,0.0,0
84.400,1,0,300.0,0.0,0
84.400,1,0,300.0,0.0,0
84.400,1,0,300.0,0.0,0
84.400,1,0,300.0,0.0,0
84.400,1,0,300.0,0.0,0
84.400,1,0,300.0,0.0,0
84.400,1,0,300.0,0.0,0
84.400,1,0,300.0,0.0,0
84.400,1,0,300.0,0.0,0
84.400,1,0,300.0,0.0,0
84.400,1,0,300.0,0.0,0
84.500,1,0,300.0,0.0,0
84.500,1,0,300.0,0.0,0
84.500,1,0,300.0,0.0,0
84.500,1,0,300.0,0.0,0
84.500,1,0,300.0,0.0,0
84.500,1,0,300.0,0.0,0
84.500,1,0,300.0,0.0,0
84.500,1,0,300.0,0.0,0
84.500,1,0,300.0,0.0,0
84.500,1,0,300.0,0.0,0
84.600,1,0,300.0,0.0,0
84.600,1,0,300.0,0.0,0
84.600,1,0,300.0,0.0,0
84.600,1,0,300.0,0.0,0
84.600,1,0,300.0,0.0,0
84.600,1,0,300.0,0.0,0
84.600,1,0,300.0,0.0,0
84.600,1,0,300.0,0.0,0
84.600,1,0,300.0,0.0,0
84.600,1,0,300.0,0.0,0
84.600,1,0,300.0,0.0,0
84.700,1,0,300.0,0.0,0
84.700,1,0,300.0,0.0,0
84.700,1,0,300.0,0.0,0
84.700,1,0,300.0,0.0,0
84.700,1,0,300.0,0.0,0
84.700,1,0,300.0,0.0,0
84.700,1,0,300.0,0.0,0
84.700,1,0,300.0,0.0,0
84.700,1,0,300.0,0.0,0
84.700,1,0,300.0,0.0,0
84.800,1,0,300.0,0.0,0
84.800,1,0,300.0,0.0,0
84.800,1,0,300.0,0.0,0
84.800,1,0,300.0,0.0,0
84.800,1,0,300.0,0.0,0
84.800,1,0,300.0,0.0,0
84.800,1,0,300.0,0.0,0
84.800,1,0,300.0,0.0,0
84.800,1,0,300.0,0.0,0
84.800,1,0,300.0,0.0,0
84.800,1,0,300.0,0.0,0
84.900,1,0,300.0,0.0,0
84.900,1,0,300.0,0.0,0
84.900,1,0,300.0,0.0,0
84.900,1,0,300.0,0.0,0
84.900,1,0,300.0,0.0,0
84.900,1,0,300.0,0.0,0
84.900,1,0,300.0,0.0,0
84.900,1,0,300.0,0.0,0
84.900,1,0,300.0,0.0,0
84.900,1,0,300.0,0.0,0
85.000,1,0,300.0,0.0,0
85.000,1,0,300.0,0.0,0
85.000,1,0,300.0,0.0,0
85.000,1,0,300.0,0.0,0
85.000,1,0,300.0,0.0,0
85.000,1,0,300.0,0.0,0
85.000,1,0,300.0,0.0,0
85.000,1,0,300.0,0.0,0
85.000,1,0,300.0,0.0,0
85.000,1,0,300.0,0.0,0
85.000,1,0,300.0,0.0,0
85.100,1,0,300.0,0.0,0
85.100,1,0,300.0,0.0,0
85.100,1,0,300.0,0.0,0
85.100,1,0,300.0,0.0,0
85.100,1,0,300.0,0.0,0
85.100,1,0,300.0,0.0,0
85.100,1,0,300.0,0.0,0
85.100,1,0,300.0,0.0,0
85.100,1,0,300.0,0.0,0
85.100,1,0,300.0,0.0,0
85.200,1,0,300.0,0.0,0
85.200,1,0,300.0,0.0,0
85.200,1,0,300.0,0.0,0
85.200,1,0,300.0,0.0,0
85.200,1,0,300.0,0.0,0
85.200,1,0,300.0,0.0,0
85.200,1,0,300.0,0.0,0
85.200,1,0,300.0,0.0,0
85.200,1,0,300.0,0.0,0
85.200,1,0,300.0,0.0,0
85.300,1,0,300.0,0.0,0
85.300,1,0,300.0,0.0,0
85.300,1,0,300.0,0.0,0
85.300,1,0,300.0,0.0,0
85.300,1,0,300.0,0.0,0
85.300,1,0,300.0,0.0,0
85.300,1,0,300.0,0.0,0
85.300,1,0,300.0,0.0,0
85.300,1,0,300.0,0.0,0
85.300,1,0,300.0,0.0,0
85.300,1,0,300.0,0.0,0
85.400,1,0,300.0,0.0,0
85.400,1,0,300.0,0.0,0
85.400,1,0,300.0,0.0,0
85.400,1,0,300.0,0.0,0
85.400,1,0,300.0,0.0,0
85.400,1,0,300.0,0.0,0
85.400,1,0,300.0,0.0,0
85.400,1,0,300.0,0.0,0
85.400,1,0,300.0,0.0,0
85.400,1,0,300.0,0.0,0
85.500,1,0,300.0,0.0,0
85.500,1,0,300.0,0.0,0
85.500,1,0,300.0,0.0,0
85.500,1,0,300.0,0.0,0
85.500,1,0,300.0,0.0,0
85.500,1,0,300.0,0.0,0
85.500,1,0,300.0,0.0,0
85.500,1,0,300.0,0.0,0
85.500,1,0,300.0,0.0,0
85.500,1,0,300.0,0.0,0
85.500,1,0,300.0,0.0,0
85.600,1,0,300.0,0.0,0
85.600,1,0,300.0,0.0,0
85.600,1,0,300.0,0.0,0
85.600,1,0,300.0,0.0,0
85.600,1,0,300.0,0.0,0
85.600,1,0,300.0,0.0,0
85.600,1,0,300.0,0.0,0
85.600,1,0,300.0,0.0,0
85.600,1,0,300.0,0.0,0
85.600,1,0,300.0,0.0,0
85.700,1,0,300.0,0.0,0
85.700,1,0,300.0,0.0,0
85.700,1,0,300.0,0.0,0
85.700,1,0,300.0,0.0,0
85.700,1,0,300.0,0.0,0
85.700,1,0,300.0,0.0,0
85.700,1,0,300.0,0.0,0
85.700,1,0,300.0,0.0,0
85.700,1,0,300.0,0.0,0
85.700,1,0,300.0,0.0,0
85.700,1,0,300.0,0.0,0
85.800,1,0,300.0,0.0,0
85.800,1,0,300.0,0.0,0
85.800,1,0,300.0,0.0,0
85.800,1,0,300.0,0.0,0
85.800,1,0,300.0,0.0,0
85.800,1,0,300.0,0.0,0
85.800,1,0,300.0,0.0,0
85.800,1,0,300.0,0.0,0
85.800,1,0,300.0,0.0,0
85.800,1,0,300.0,0.0,0
85.900,1,0,300.0,0.0,0
85.900,1,0,300.0,0.0,0
85.900,1,0,300.0,0.0,0
85.900,1,0,300.0,0.0,0
85.900,1,0,300.0,0.0,0
85.900,1,0,300.0,0.0,0
85.900,1,0,300.0,0.0,0
85.900,1,0,300.0,0.0,0
85.900,1,0,300.0,0.0,0
85.900,1,0,300.0,0.0,0
86.000,1,0,300.0,0.0,0
86.000,1,0,300.0,0.0,0
86.000,1,0,300.0,0.0,0
86.000,1,0,300.0,0.0,0
86.000,1,0,300.0,0.0,0
86.000,1,0,300.0,0.0,0
86.000,1,0,300.0,0.0,0
86.000,1,0,300.0,0.0,0
86.000,1,0,300.0,0.0,0
86.000,1,0,300.0,0.0,0
86.000,1,0,300.0,0.0,0
86.100,1,0,300.0,0.0,0
86.100,1,0,300.0,0.0,0
86.100,1,0,300.0,0.0,0
86.100,1,0,300.0,0.0,0
86.100,1,0,300.0,0.0,0
86.100,1,0,300.0,0.0,0
86.100,1,0,300.0,0.0,0
86.100,1,0,300.0,0.0,0
86.100,1,0,300.0,0.0,0
86.100,1,0,300.0,0.0,0
86.200,1,0,300.0,0.0,0
86.200,1,0,300.0,0.0,0
86.200,1,0,300.0,0.0,0
86.200,1,0,300.0,0.0,0
86.200,1,0,300.0,0.0,0
86.200,1,0,300.0,0.0,0
86.200,1,0,300.0,0.0,0
86.200,1,0,300.0,0.0,0
86.200,1,0,300.0,0.0,0
86.200,1,0,300.0,0.0,0
86.200,1,0,300.0,0.0,0
86.300,1,0,300.0,0.0,0
86.300,1,0,300.0,0.0,0
86.300,1,0,300.0,0.0,0
86.300,1,0,300.0,0.0,0
86.300,1,0,300.0,0.0,0
86.300,1,0,300.0,0.0,0
86.300,1,0,300.0,0.0,0
86.300,1,0,300.0,0.0,0
86.300,1,0,300.0,0.0,0
86.300,1,0,300.0,0.0,0
86.400,1,0,300.0,0.0,0
86.400,1,0,300.0,0.0,0
86.400,1,0,300.0,0.0,0
86.400,1,0,300.0,0.0,0
86.400,1,0,300.0,0.0,0
86.400,1,0,300.0,0.0,0
86.400,1,0,300.0,0.0,0
86.400,1,0,300.0,0.0,0
86.400,1,0,300.0,0.0,0
86.400,1,0,300.0,0.0,0
86.400,1,0,300.0,0.0,0
86.500,1,0,300.0,0.0,0
86.500,1,0,300.0,0.0,0
86.500,1,0,300.0,0.0,0
86.500,1,0,300.0,0.0,0
86.500,1,0,300.0,0.0,0
86.500,1,0,300.0,0.0,0
86.500,1,0,300.0,0.0,0
86.500,1,0,300.0,0.0,0
86.500,1,0,300.0,0.0,0
86.500,1,0,300.0,0.0,0
86.600,1,0,300.0,0.0,0
86.600,1,0,300.0,0.0,0
86.600,1,0,300.0,0.0,0
86.600,1,0,300.0,0.0,0
86.600,1,0,300.0,0.0,0
86.600,1,0,300.0,0.0,0
86.600,1,0,300.0,0.0,0
86.600,1,0,300.0,0.0,0
86.600,1,0,300.0,0.0,0
86.600,1,0,300.0,0.0,0
86.700,1,0,300.0,0.0,0
86.700,1,0,300.0,0.0,0
86.700,1,0,300.0,0.0,0
86.700,1,0,300.0,0.0,0
86.700,1,0,300.0,0.0,0
86.700,1,0,300.0,0.0,0
86.700,1,0,300.0,0.0,0
86.700,1,0,300.0,0.0,0
86.700,1,0,300.0,0.0,0
86.700,1,0,300.0,0.0,0
86.700,1,0,300.0,0.0,0
86.800,1,0,300.0,0.0,0
86.800,1,0,300.0,0.0,0
86.800,1,0,300.0,0.0,0
86.800,1,0,300.0,0.0,0
86.800,1,0,300.0,0.0,0
86.800,1,0,300.0,0.0,0
86.800,1,0,300.0,0.0,0
86.800,1,0,300.0,0.0,0
86.800,1,0,300.0,0.0,0
86.800,1,0,300.0,0.0,0
86.900,1,0,300.0,0.0,0
86.900,1,0,300.0,0.0,0
86.900,1,0,300.0,0.0,0
86.900,1,0,300.0,0.0,0
86.900,1,0,300.0,0.0,0
86.900,1,0,300.0,0.0,0
86.900,1,0,300.0,0.0,0
86.900,1,0,300.0,0.0,0
86.900,1,0,300.0,0.0,0
86.900,1,0,300.0,0.0,0
86.900,1,0,300.0,0.0,0
87.000,1,0,300.0,0.0,0
87.000,1,0,300.0,0.0,0
87.000,1,0,300.0,0.0,0
87.000,1,0,300.0,0.0,0
87.000,1,0,300.0,0.0,0
87.000,1,0,300.0,0.0,0
87.000,1,0,300.0,0.0,0
87.000,1,0,300.0,0.0,0
87.000,1,0,300.0,0.0,0
87.000,1,0,300.0,0.0,0
87.100,1,0,300.0,0.0,0
87.100,1,0,300.0,0.0,0
87.100,1,0,300.0,0.0,0
87.100,1,0,300.0,0.0,0
87.100,1,0,300.0,0.0,0
87.100,1,0,300.0,0.0,0
87.100,1,0,300.0,0.0,0
87.100,1,0,300.0,0.0,0
87.100,1,0,300.0,0.0,0
87.100,1,0,300.0,0.0,0
87.100,1,0,300.0,0.0,0
87.200,1,0,300.0,0.0,0
87.200,1,0,300.0,0.0,0
87.200,1,0,300.0,0.0,0
87.200,1,0,300.0,0.0,0
87.200,1,0,300.0,0.0,0
87.200,1,0,300.0,0.0,0
87.200,1,0,300.0,0.0,0
87.200,1,0,300.0,0.0,0
87.200,1,0,300.0,0.0,0
87.200,1,0,300.0,0.0,0
87.300,1,0,300.0,0.0,0
87.300,1,0,300.0,0.0,0
87.300,1,0,300.0,0.0,0
87.300,1,0,300.0,0.0,0
87.300,1,0,300.0,0.0,0
87.300,1,0,300.0,0.0,0
87.300,1,0,300.0,0.0,0
87.300,1,0,300.0,0.0,0
87.300,1,0,300.0,0.0,0
87.300,1,0,300.0,0.0,0
87.300,1,0,300.0,0.0,0
87.400,1,0,300.0,0.0,0
87.400,1,0,300.0,0.0,0
87.400,1,0,300.0,0.0,0
87.400,1,0,300.0,0.0,0
87.400,1,0,300.0,0.0,0
87.400,1,0,300.0,0.0,0
87.400,1,0,300.0,0.0,0
87.400,1,0,300.0,0.0,0
87.400,1,0,300.0,0.0,0
87.400,1,0,300.0,0.0,0
87.500,1,0,300.0,0.0,0
87.500,1,0,300.0,0.0,0
87.500,1,0,300.0,0.0,0
87.500,1,0,300.0,0.0,0
87.500,1,0,300.0,0.0,0
87.500,1,0,300.0,0.0,0
87.500,1,0,300.0,0.0,0
87.500,1,0,300.0,0.0,0
87.500,1,0,300.0,0.0,0
87.500,1,0,300.0,0.0,0
87.600,1,0,300.0,0.0,0
87.600,1,0,300.0,0.0,0
87.600,1,0,300.0,0.0,0
87.600,1,0,300.0,0.0,0
87.600,1,0,300.0,0.0,0
87.600,1,0,300.0,0.0,0
87.600,1,0,300.0,0.0,0
87.600,1,0,300.0,0.0,0
87.600,1,0,300.0,0.0,0
87.600,1,0,300.0,0.0,0
87.600,1,0,300.0,0.0,0
87.700,1,0,300.0,0.0,0
87.700,1,0,300.0,0.0,0
87.700,1,0,300.0,0.0,0
87.700,1,0,300.0,0.0,0
87.700,1,0,300.0,0.0,0
87.700,1,0,300.0,0.0,0
87.700,1,0,300.0,0.0,0
87.700,1,0,300.0,0.0,0
87.700,1,0,300.0,0.0,0
87.700,1,0,300.0,0.0,0
87.800,1,0,300.0,0.0,0
87.800,1,0,300.0,0.0,0
87.800,1,0,300.0,0.0,0
87.800,1,0,300.0,0.0,0
87.800,1,0,300.0,0.0,0
87.800,1,0,300.0,0.0,0
87.800,1,0,300.0,0.0,0
87.800,1,0,300.0,0.0,0
87.800,1,0,300.0,0.0,0
87.800,1,0,300.0,0.0,0
87.800,1,0,300.0,0.0,0
87.900,1,0,300.0,0.0,0
87.900,1,0,300.0,0.0,0
87.900,1,0,300.0,0.0,0
87.900,1,0,300.0,0.0,0
87.900,1,0,300.0,0.0,0
87.900,1,0,300.0,0.0,0
87.900,1,0,300.0,0.0,0
87.900,1,0,300.0,0.0,0
87.900,1,0,300.0,0.0,0
87.900,1,0,300.0,0.0,0
88.000,1,0,300.0,0.0,0
88.000,1,0,300.0,0.0,0
88.000,1,0,300.0,0.0,0
88.000,1,0,300.0,0.0,0
88.000,1,0,300.0,0.0,0
88.000,1,0,300.0,0.0,0
88.000,1,0,300.0,0.0,0
88.000,1,0,300.0,0.0,0
88.000,1,0,300.0,0.0,0
88.000,1,0,300.0,0.0,0
88.000,1,0,300.0,0.0,0
88.100,1,0,300.0,0.0,0
88.100,1,0,300.0,0.0,0
88.100,1,0,300.0,0.0,0
88.100,1,0,300.0,0.0,0
88.100,1,0,300.0,0.0,0
88.100,1,0,300.0,0.0,0
88.100,1,0,300.0,0.0,0
88.100,1,0,300.0,0.0,0
88.100,1,0,300.0,0.0,0
88.100,1,0,300.0,0.0,0
88.200,1,0,300.0,0.0,0
88.200,1,0,300.0,0.0,0
88.200,1,0,300.0,0.0,0
88.200,1,0,300.0,0.0,0
88.200,1,0,300.0,0.0,0
88.200,1,0,300.0,0.0,0
88.200,1,0,300.0,0.0,0
88.200,1,0,300.0,0.0,0
88.200,1,0,300.0,0.0,0
88.200,1,0,300.0,0.0,0
88.300,1,0,300.0,0.0,0
88.300,1,0,300.0,0.0,0
88.300,1,0,300.0,0.0,0
88.300,1,0,300.0,0.0,0
88.300,1,0,300.0,0.0,0
88.300,1,0,300.0,0.0,0
88.300,1,0,300.0,0.0,0
88.300,1,0,300.0,0.0,0
88.300,1,0,300.0,0.0,0
88.300,1,0,300.0,0.0,0
88.300,1,0,300.0,0.0,0
88.400,1,0,300.0,0.0,0
88.400,1,0,300.0,0.0,0
88.400,1,0,300.0,0.0,0
88.400,1,0,300.0,0.0,0
88.400,1,0,300.0,0.0,0
88.400,1,0,300.0,0.0,0
88.400,1,0,300.0,0.0,0
88.400,1,0,300.0,0.0,0
88.400,1,0,300.0,0.0,0
88.400,1,0,300.0,0.0,0
88.500,1,0,300.0,0.0,0
88.500,1,0,300.0,0.0,0
88.500,1,0,300.0,0.0,0
88.500,1,0,300.0,0.0,0
88.500,1,0,300.0,0.0,0
88.500,1,0,300.0,0.0,0
88.500,1,0,300.0,0.0,0
88.500,1,0,300.0,0.0,0
88.500,1,0,300.0,0.0,0
88.500,1,0,300.0,0.0,0
88.500,1,0,300.0,0.0,0
88.600,1,0,300.0,0.0,0
88.600,1,0,300.0,0.0,0
88.600,1,0,300.0,0.0,0
88.600,1,0,300.0,0.0,0
88.600,1,0,300.0,0.0,0
88.600,1,0,300.0,0.0,0
88.600,1,0,300.0,0.0,0
88.600,1,0,300.0,0.0,0
88.600,1,0,300.0,0.0,0
88.600,1,0,300.0,0.0,0
88.700,1,0,300.0,0.0,0
88.700,1,0,300.0,0.0,0
88.700,1,0,300.0,0.0,0
88.700,1,0,300.0,0.0,0
88.700,1,0,300.0,0.0,0
88.700,1,0,300.0,0.0,0
88.700,1,0,300.0,0.0,0
88.700,1,0,300.0,0.0,0
88.700,1,0,300.0,0.0,0
88.700,1,0,300.0,0.0,0
88.700,1,0,300.0,0.0,0
88.800,1,0,300.0,0.0,0
88.800,1,0,300.0,0.0,0
88.800,1,0,300.0,0.0,0
88.800,1,0,300.0,0.0,0
88.800,1,0,300.0,0.0,0
88.800,1,0,300.0,0.0,0
88.800,1,0,300.0,0.0,0
88.800,1,0,300.0,0.0,0
88.800,1,0,300.0,0.0,0
88.800,1,0,300.0,0.0,0
88.900,1,0,300.0,0.0,0
88.900,1,0,300.0,0.0,0
88.900,1,0,300.0,0.0,0
88.900,1,0,300.0,0.0,0
88.900,1,0,300.0,0.0,0
88.900,1,0,300.0,0.0,0
88.900,1,0,300.0,0.0,0
88.900,1,0,300.0,0.0,0
88.900,1,0,300.0,0.0,0
88.900,1,0,300.0,0.0,0
89.000,1,0,300.0,0.0,0
89.000,1,0,300.0,0.0,0
89.000,1,0,300.0,0.0,0
89.000,1,0,300.0,0.0,0
89.000,1,0,300.0,0.0,0
89.000,1,0,300.0,0.0,0
89.000,1,0,300.0,0.0,0
89.000,1,0,300.0,0.0,0
89.000,1,0,300.0,0.0,0
89.000,1,0,300.0,0.0,0
89.000,1,0,300.0,0.0,0
89.100,1,0,300.0,0.0,0
89.100,1,0,300.0,0.0,0
89.100,1,0,300.0,0.0,0
89.100,1,0,300.0,0.0,0
89.100,1,0,300.0,0.0,0
89.100,1,0,300.0,0.0,0
89.100,1,0,300.0,0.0,0
89.100,1,0,300.0,0.0,0
89.100,1,0,300.0,0.0,0
89.100,1,0,300.0,0.0,0
89.200,1,0,300.0,0.0,0
89.200,1,0,300.0,0.0,0
89.200,1,0,300.0,0.0,0
89.200,1,0,300.0,0.0,0
89.200,1,0,300.0,0.0,0
89.200,1,0,300.0,0.0,0
89.200,1,0,300.0,0.0,0
89.200,1,0,300.0,0.0,0
89.200,1,0,300.0,0.0,0
89.200,1,0,300.0,0.0,0
89.200,1,0,300.0,0.0,0
89.300,1,0,300.0,0.0,0
89.300,1,0,300.0,0.0,0
89.300,1,0,300.0,0.0,0
89.300,1,0,300.0,0.0,0
89.300,1,0,300.0,0.0,0
89.300,1,0,300.0,0.0,0
89.300,1,0,300.0,0.0,0
89.300,1,0,300.0,0.0,0
89.300,1,0,300.0,0.0,0
89.300,1,0,300.0,0.0,0
89.400,1,0,300.0,0.0,0
89.400,1,0,300.0,0.0,0
89.400,1,0,300.0,0.0,0
89.400,1,0,300.0,0.0,0
89.400,1,0,300.0,0.0,0
89.400,1,0,300.0,0.0,0
89.400,1,0,300.0,0.0,0
89.400,1,0,300.0,0.0,0
89.400,1,0,300.0,0.0,0
89.400,1,0,300.0,0.0,0
89.400,1,0,300.0,0.0,0
89.500,1,0,300.0,0.0,0
89.500,1,0,300.0,0.0,0
89.500,1,0,300.0,0.0,0
89.500,1,0,300.0,0.0,0
89.500,1,0,300.0,0.0,0
89.500,1,0,300.0,0.0,0
89.500,1,0,300.0,0.0,0
89.500,1,0,300.0,0.0,0
89.500,1,0,300.0,0.0,0
89.500,1,0,300.0,0.0,0
89.600,2,0,-40.0,0.0,0
89.600,2,0,-40.0,0.0,0
89.600,2,0,-40.0,0.0,0
89.600,2,0,-40.0,0.0,0
89.600,2,0,-40.0,0.0,0
89.600,2,0,-40.0,0.0,0
89.600,2,0,-40.0,0.0,0
89.600,2,0,-40.0,0.0,0
89.600,2,0,-40.0,0.0,0
89.600,2,0,-40.0,0.0,0
89.600,2,0,-40.0,0.0,0
89.700,2,0,-40.0,0.0,0
89.700,2,0,-40.0,0.0,0
89.700,2,0,-40.0,0.0,0
89.700,2,0,-40.0,0.0,0
89.700,2,0,-40.0,0.0,0
89.700,2,0,-40.0,0.0,0
89.700,2,0,-40.0,0.0,0
89.700,2,0,-40.0,0.0,0
89.700,2,0,-40.0,0.0,0
89.700,2,0,-40.0,0.0,0
89.800,2,0,-40.0,0.0,0
89.800,2,0,-40.0,0.0,0
89.800,2,0,-40.0,0.0,0
89.800,2,0,-40.0,0.0,0
89.800,2,0,-40.0,0.0,0
89.800,2,0,-40.0,0.0,0
89.800,2,0,-40.0,0.0,0
89.800,2,0,-40.0,0.0,0
89.800,2,0,-40.0,0.0,0
89.800,2,0,-40.0,0.0,0
89.900,2,0,-40.0,0.0,0
89.900,2,0,-40.0,0.0,0
89.900,2,0,-40.0,0.0,0
89.900,2,0,-40.0,0.0,0
89.900,2,0,-40.0,0.0,0
89.900,2,0,-40.0,0.0,0
89.900,2,0,-40.0,0.0,0
89.900,2,0,-40.0,0.0,0
89.900,2,0,-40.0,0.0,0
89.900,2,0,-40.0,0.0,0
89.900,2,0,-40.0,0.0,0
90.000,2,0,-40.0,0.0,0
90.000,2,0,-40.0,0.0,0
90.000,2,0,-40.0,0.0,0
90.000,2,0,-40.0,0.0,0
90.000,2,0,-40.0,0.0,0
90.000,2,0,-40.0,0.0,0
90.000,2,0,-40.0,0.0,0
90.000,2,0,-40.0,0.0,0
90.000,2,0,-40.0,0.0,0
90.000,2,0,-40.0,0.0,0
90.100,2,0,-40.0,0.0,0
90.100,2,0,-40.0,0.0,0
90.100,2,0,-40.0,0.0,0
90.100,2,0,-40.0,0.0,0
90.100,2,0,-40.0,0.0,0
90.100,2,0,-40.0,0.0,0
90.100,2,0,-40.0,0.0,0
90.100,2,0,-40.0,0.0,0
90.100,2,0,-40.0,0.0,0
90.100,2,0,-40.0,0.0,0
90.100,2,0,-40.0,0.0,0
90.200,2,0,-40.0,0.0,0
90.200,2,0,-40.0,0.0,0
90.200,2,0,-40.0,0.0,0
90.200,2,0,-40.0,0.0,0
90.200,2,0,-40.0,0.0,0
90.200,2,0,-40.0,0.0,0
90.200,2,0,-40.0,0.0,0
90.200,2,0,-40.0,0.0,0
90.200,2,0,-40.0,0.0,0
90.200,2,0,-40.0,0.0,0
90.300,2,0,-40.0,0.0,0
90.300,2,0,-40.0,0.0,0
90.300,2,0,-40.0,0.0,0
90.300,2,0,-40.0,0.0,0
90.300,2,0,-40.0,0.0,0
90.300,2,0,-40.0,0.0,0
90.300,2,0,-40.0,0.0,0
90.300,2,0,-40.0,0.0,0
90.300,2,0,-40.0,0.0,0
90.300,2,0,-40.0,0.0,0
90.300,2,0,-40.0,0.0,0
90.400,2,0,-40.0,0.0,0
90.400,2,0,-40.0,0.0,0
90.400,2,0,-40.0,0.0,0
90.400,2,0,-40.0,0.0,0
90.400,2,0,-40.0,0.0,0
90.400,2,0,-40.0,0.0,0
90.400,2,0,-40.0,0.0,0
90.400,2,0,-40.0,0.0,0
90.400,2,0,-40.0,0.0,0
90.400,2,0,-40.0,0.0,0
90.500,2,0,-40.0,0.0,0
90.500,2,0,-40.0,0.0,0
90.500,2,0,-40.0,0.0,0
90.500,2,0,-40.0,0.0,0
90.500,2,0,-40.0,0.0,0
90.500,2,0,-40.0,0.0,0
90.500,2,0,-40.0,0.0,0
90.500,2,0,-40.0,0.0,0
90.500,2,0,-40.0,0.0,0
90.500,2,0,-40.0,0.0,0
90.600,2,0,-40.0,0.0,0
90.600,2,0,-40.0,0.0,0
90.600,2,0,-40.0,0.0,0
90.600,2,0,-40.0,0.0,0
90.600,2,0,-40.0,0.0,0
90.600,2,0,-40.0,0.0,0
90.600,2,0,-40.0,0.0,0
90.600,2,0,-40.0,0.0,0
90.600,2,0,-40.0,0.0,0
90.600,2,0,-40.0,0.0,0
90.600,2,0,-40.0,0.0,0
90.700,2,0,-40.0,0.0,0
90.700,2,0,-40.0,0.0,0
90.700,2,0,-40.0,0.0,0
90.700,2,0,-40.0,0.0,0
90.700,2,0,-40.0,0.0,0
90.700,2,0,-40.0,0.0,0
90.700,2,0,-40.0,0.0,0
90.700,2,0,-40.0,0.0,0
90.700,2,0,-40.0,0.0,0
90.700,2,0,-40.0,0.0,0
90.800,2,0,-40.0,0.0,0
90.800,2,0,-40.0,0.0,0
90.800,2,0,-40.0,0.0,0
90.800,2,0,-40.0,0.0,0
90.800,2,0,-40.0,0.0,0
90.800,2,0,-40.0,0.0,0
90.800,2,0,-40.0,0.0,0
90.800,2,0,-40.0,0.0,0
90.800,2,0,-40.0,0.0,0
90.800,2,0,-40.0,0.0,0
90.800,2,0,-40.0,0.0,0
90.900,2,0,-40.0,0.0,0
90.900,2,0,-40.0,0.0,0
90.900,2,0,-40.0,0.0,0
90.900,2,0,-40.0,0.0,0
90.900,2,0,-40.0,0.0,0
90.900,2,0,-40.0,0.0,0
90.900,2,0,-40.0,0.0,0
90.900,2,0,-40.0,0.0,0
90.900,2,0,-40.0,0.0,0
90.900,2,0,-40.0,0.0,0
91.000,2,0,-40.0,0.0,0
91.000,2,0,-40.0,0.0,0
91.000,2,0,-40.0,0.0,0
91.000,2,0,-40.0,0.0,0
91.000,2,0,-40.0,0.0,0
91.000,2,0,-40.0,0.0,0
91.000,2,0,-40.0,0.0,0
91.000,2,0,-40.0,0.0,0
91.000,2,0,-40.0,0.0,0
91.000,2,0,-40.0,0.0,0
91.000,2,0,-40.0,0.0,0
91.100,2,0,-40.0,0.0,0
91.100,2,0,-40.0,0.0,0
91.100,2,0,-40.0,0.0,0
91.100,2,0,-40.0,0.0,0
91.100,2,0,-40.0,0.0,0
91.100,2,0,-40.0,0.0,0
91.100,2,0,-40.0,0.0,0
91.100,2,0,-40.0,0.0,0
91.100,2,0,-40.0,0.0,0
91.100,2,0,-40.0,0.0,0
91.200,2,0,-40.0,0.0,0
91.200,2,0,-40.0,0.0,0
91.200,2,0,-40.0,0.0,0
91.200,2,0,-40.0,0.0,0
91.200,2,0,-40.0,0.0,0
91.200,2,0,-40.0,0.0,0
91.200,2,0,-40.0,0.0,0
91.200,2,0,-40.0,0.0,0
91.200,2,0,-40.0,0.0,0
91.200,2,0,-40.0,0.0,0
91.300,2,0,-40.0,0.0,0
91.300,2,0,-40.0,0.0,0
91.300,2,0,-40.0,0.0,0
91.300,2,0,-40.0,0.0,0
91.300,2,0,-40.0,0.0,0
91.300,2,0,-40.0,0.0,0
91.300,2,0,-40.0,0.0,0
91.300,2,0,-40.0,0.0,0
91.300,2,0,-40.0,0.0,0
91.300,2,0,-40.0,0.0,0
91.300,2,0,-40.0,0.0,0
91.400,2,0,-40.0,0.0,0
91.400,2,0,-40.0,0.0,0
91.400,2,0,-40.0,0.0,0
91.400,2,0,-40.0,0.0,0
91.400,2,0,-40.0,0.0,0
91.400,2,0,-40.0,0.0,0
91.400,2,0,-40.0,0.0,0
91.400,2,0,-40.0,0.0,0
91.400,2,0,-40.0,0.0,0
91.400,2,0,-40.0,0.0,0
91.500,2,0,-40.0,0.0,0
91.500,2,0,-40.0,0.0,0
91.500,2,0,-40.0,0.0,0
91.500,2,0,-40.0,0.0,0
91.500,2,0,-40.0,0.0,0
91.500,2,0,-40.0,0.0,0
91.500,2,0,-40.0,0.0,0
91.500,2,0,-40.0,0.0,0
91.500,2,0,-40.0,0.0,0
91.500,2,0,-40.0,0.0,0
91.500,2,0,-40.0,0.0,0
91.600,2,0,-40.0,0.0,0
91.600,2,0,-40.0,0.0,0
91.600,2,0,-40.0,0.0,0
91.600,2,0,-40.0,0.0,0
91.600,2,0,-40.0,0.0,0
91.600,2,0,-40.0,0.0,0
91.600,2,0,-40.0,0.0,0
91.600,2,0,-40.0,0.0,0
91.600,2,0,-40.0,0.0,0
91.600,2,0,-40.0,0.0,0
91.700,2,0,-40.0,0.0,0
91.700,2,0,-40.0,0.0,0
91.700,2,0,-40.0,0.0,0
91.700,2,0,-40.0,0.0,0
91.700,2,0,-40.0,0.0,0
91.700,2,0,-40.0,0.0,0
91.700,2,0,-40.0,0.0,0
91.700,2,0,-40.0,0.0,0
91.700,2,0,-40.0,0.0,0
91.700,2,0,-40.0,0.0,0
91.700,2,0,-40.0,0.0,0
91.800,2,0,-40.0,0.0,0
91.800,2,0,-40.0,0.0,0
91.800,2,0,-40.0,0.0,0
91.800,2,0,-40.0,0.0,0
91.800,2,0,-40.0,0.0,0
91.800,2,0,-40.0,0.0,0
91.800,2,0,-40.0,0.0,0
91.800,2,0,-40.0,0.0,0
91.800,2,0,-40.0,0.0,0
91.800,2,0,-40.0,0.0,0
91.900,2,0,-40.0,0.0,0
91.900,2,0,-40.0,0.0,0
91.900,2,0,-40.0,0.0,0
91.900,2,0,-40.0,0.0,0
91.900,2,0,-40.0,0.0,0
91.900,2,0,-40.0,0.0,0
91.900,2,0,-40.0,0.0,0
91.900,2,0,-40.0,0.0,0
91.900,2,0,-40.0,0.0,0
91.900,2,0,-40.0,0.0,0
91.900,2,0,-40.0,0.0,0
92.000,2,0,-40.0,0.0,0
92.000,2,0,-40.0,0.0,0
92.000,2,0,-40.0,0.0,0
92.000,2,0,-40.0,0.0,0
92.000,2,0,-40.0,0.0,0
92.000,2,0,-40.0,0.0,0
92.000,2,0,-40.0,0.0,0
92.000,2,0,-40.0,0.0,0
92.000,2,0,-40.0,0.0,0
92.000,2,0,-40.0,0.0,0
92.100,2,0,-40.0,0.0,0
92.100,2,0,-40.0,0.0,0
92.100,2,0,-40.0,0.0,0
92.100,2,0,-40.0,0.0,0
92.100,2,0,-40.0,0.0,0
92.100,2,0,-40.0,0.0,0
92.100,2,0,-40.0,0.0,0
92.100,2,0,-40.0,0.0,0
92.100,2,0,-40.0,0.0,0
92.100,2,0,-40.0,0.0,0
92.200,2,0,-40.0,0.0,0
92.200,2,0,-40.0,0.0,0
92.200,2,0,-40.0,0.0,0
92.200,2,0,-40.0,0.0,0
92.200,2,0,-40.0,0.0,0
92.200,2,0,-40.0,0.0,0
92.200,2,0,-40.0,0.0,0
92.200,2,0,-40.0,0.0,0
92.200,2,0,-40.0,0.0,0
92.200,2,0,-40.0,0.0,0
92.200,2,0,-40.0,0.0,0
92.300,2,0,-40.0,0.0,0
92.300,2,0,-40.0,0.0,0
92.300,2,0,-40.0,0.0,0
92.300,2,0,-40.0,0.0,0
92.300,2,0,-40.0,0.0,0
92.300,2,0,-40.0,0.0,0
92.300,2,0,-40.0,0.0,0
92.300,2,0,-40.0,0.0,0
92.300,2,0,-40.0,0.0,0
92.300,2,0,-40.0,0.0,0
92.400,2,0,-40.0,0.0,0
92.400,2,0,-40.0,0.0,0
92.400,2,0,-40.0,0.0,0
92.400,2,0,-40.0,0.0,0
92.400,2,0,-40.0,0.0,0
92.400,2,0,-40.0,0.0,0
92.400,2,0,-40.0,0.0,0
92.400,2,0,-40.0,0.0,0
92.400,2,0,-40.0,0.0,0
92.400,2,0,-40.0,0.0,0
92.400,2,0,-40.0,0.0,0
92.500,2,0,-40.0,0.0,0
92.500,2,0,-40.0,0.0,0
92.500,2,0,-40.0,0.0,0
92.500,2,0,-40.0,0.0,0
92.500,2,0,-40.0,0.0,0
92.500,2,0,-40.0,0.0,0
92.500,2,0,-40.0,0.0,0
92.500,2,0,-40.0,0.0,0
92.500,2,0,-40.0,0.0,0
92.500,2,0,-40.0,0.0,0
92.600,2,0,-40.0,0.0,0
92.600,2,0,-40.0,0.0,0
92.600,2,0,-40.0,0.0,0
92.600,2,0,-40.0,0.0,0
92.600,2,0,-40.0,0.0,0
92.600,2,0,-40.0,0.0,0
92.600,2,0,-40.0,0.0,0
92.600,2,0,-40.0,0.0,0
92.600,2,0,-40.0,0.0,0
92.600,2,0,-40.0,0.0,0
92.600,2,0,-40.0,0.0,0
92.700,2,0,-40.0,0.0,0
92.700,2,0,-40.0,0.0,0
92.700,2,0,-40.0,0.0,0
92.700,2,0,-40.0,0.0,0
92.700,2,0,-40.0,0.0,0
92.700,2,0,-40.0,0.0,0
92.700,2,0,-40.0,0.0,0
92.700,2,0,-40.0,0.0,0
92.700,2,0,-40.0,0.0,0
92.700,2,0,-40.0,0.0,0
92.800,2,0,-40.0,0.0,0
92.800,2,0,-40.0,0.0,0
92.800,2,0,-40.0,0.0,0
92.800,2,0,-40.0,0.0,0
92.800,2,0,-40.0,0.0,0
92.800,2,0,-40.0,0.0,0
92.800,2,0,-40.0,0.0,0
92.800,2,0,-40.0,0.0,0
92.800,2,0,-40.0,0.0,0
92.800,2,0,-40.0,0.0,0
92.900,2,0,-40.0,0.0,0
92.900,2,0,-40.0,0.0,0
92.900,2,0,-40.0,0.0,0
92.900,2,0,-40.0,0.0,0
92.900,2,0,-40.0,0.0,0
92.900,2,0,-40.0,0.0,0
92.900,2,0,-40.0,0.0,0
92.900,2,0,-40.0,0.0,0
92.900,2,0,-40.0,0.0,0
92.900,2,0,-40.0,0.0,0
92.900,2,0,-40.0,0.0,0
93.000,2,0,-40.0,0.0,0
93.000,2,0,-40.0,0.0,0
93.000,2,0,-40.0,0.0,0
93.000,2,0,-40.0,0.0,0
93.000,2,0,-40.0,0.0,0
93.000,2,0,-40.0,0.0,0
93.000,2,0,-40.0,0.0,0
93.000,2,0,-40.0,0.0,0
93.000,2,0,-40.0,0.0,0
93.000,2,0,-40.0,0.0,0
93.100,2,0,-40.0,0.0,0
93.100,2,0,-40.0,0.0,0
93.100,2,0,-40.0,0.0,0
93.100,2,0,-40.0,0.0,0
93.100,2,0,-40.0,0.0,0
93.100,2,0,-40.0,0.0,0
93.100,2,0,-40.0,0.0,0
93.100,2,0,-40.0,0.0,0
93.100,2,0,-40.0,0.0,0
93.100,2,0,-40.0,0.0,0
93.100,2,0,-40.0,0.0,0
93.200,2,0,-40.0,0.0,0
93.200,2,0,-40.0,0.0,0
93.200,2,0,-40.0,0.0,0
93.200,2,0,-40.0,0.0,0
93.200,2,0,-40.0,0.0,0
93.200,2,0,-40.0,0.0,0
93.200,2,0,-40.0,0.0,0
93.200,2,0,-40.0,0.0,0
93.200,2,0,-40.0,0.0,0
93.200,2,0,-40.0,0.0,0
93.300,2,0,-40.0,0.0,0
93.300,2,0,-40.0,0.0,0
93.300,2,0,-40.0,0.0,0
93.300,2,0,-40.0,0.0,0
93.300,2,0,-40.0,0.0,0
93.300,2,0,-40.0,0.0,0
93.300,2,0,-40.0,0.0,0
93.300,2,0,-40.0,0.0,0
93.300,2,0,-40.0,0.0,0
93.300,2,0,-40.0,0.0,0
93.300,2,0,-40.0,0.0,0
93.400,2,0,-40.0,0.0,0
93.400,2,0,-40.0,0.0,0
93.400,2,0,-40.0,0.0,0
93.400,2,0,-40.0,0.0,0
93.400,2,0,-40.0,0.0,0
93.400,2,0,-40.0,0.0,0
93.400,2,0,-40.0,0.0,0
93.400,2,0,-40.0,0.0,0
93.400,2,0,-40.0,0.0,0
93.400,2,0,-40.0,0.0,0
93.500,2,0,-40.0,0.0,0
93.500,2,0,-40.0,0.0,0
93.500,2,0,-40.0,0.0,0
93.500,2,0,-40.0,0.0,0
93.500,2,0,-40.0,0.0,0
93.500,2,0,-40.0,0.0,0
93.500,2,0,-40.0,0.0,0
93.500,2,0,-40.0,0.0,0
93.500,2,0,-40.0,0.0,0
93.500,2,0,-40.0,0.0,0
93.600,2,0,-40.0,0.0,0
93.600,2,0,-40.0,0.0,0
93.600,2,0,-40.0,0.0,0
93.600,2,0,-40.0,0.0,0
93.600,2,0,-40.0,0.0,0
93.600,2,0,-40.0,0.0,0
93.600,2,0,-40.0,0.0,0
93.600,2,0,-40.0,0.0,0
93.600,2,0,-40.0,0.0,0
93.600,2,0,-40.0,0.0,0
93.600,2,0,-40.0,0.0,0
93.700,2,0,-40.0,0.0,0
93.700,2,0,-40.0,0.0,0
93.700,2,0,-40.0,0.0,0
93.700,2,0,-40.0,0.0,0
93.700,2,0,-40.0,0.0,0
93.700,2,0,-40.0,0.0,0
93.700,2,0,-40.0,0.0,0
93.700,2,0,-40.0,0.0,0
93.700,2,0,-40.0,0.0,0
93.700,2,0,-40.0,0.0,0
93.800,2,0,-40.0,0.0,0
93.800,2,0,-40.0,0.0,0
93.800,2,0,-40.0,0.0,0
93.800,2,0,-40.0,0.0,0
93.800,2,0,-40.0,0.0,0
93.800,2,0,-40.0,0.0,0
93.800,2,0,-40.0,0.0,0
93.800,2,0,-40.0,0.0,0
93.800,2,0,-40.0,0.0,0
93.800,2,0,-40.0,0.0,0
93.800,2,0,-40.0,0.0,0
93.900,2,0,-40.0,0.0,0
93.900,2,0,-40.0,0.0,0
93.900,2,0,-40.0,0.0,0
93.900,2,0,-40.0,0.0,0
93.900,2,0,-40.0,0.0,0
93.900,2,0,-40.0,0.0,0
93.900,2,0,-40.0,0.0,0
93.900,2,0,-40.0,0.0,0
93.900,2,0,-40.0,0.0,0
93.900,2,0,-40.0,0.0,0
94.000,2,0,-40.0,0.0,0
94.000,2,0,-40.0,0.0,0
94.000,2,0,-40.0,0.0,0
94.000,2,0,-40.0,0.0,0
94.000,2,0,-40.0,0.0,0
94.000,2,0,-40.0,0.0,0
94.000,2,0,-40.0,0.0,0
94.000,2,0,-40.0,0.0,0
94.000,2,0,-40.0,0.0,0
94.000,2,0,-40.0,0.0,0
94.000,2,0,-40.0,0.0,0
94.100,2,0,-40.0,0.0,0
94.100,2,0,-40.0,0.0,0
94.100,2,0,-40.0,0.0,0
94.100,2,0,-40.0,0.0,0
94.100,2,0,-40.0,0.0,0
94.100,2,0,-40.0,0.0,0
94.100,2,0,-40.0,0.0,0
94.100,2,0,-40.0,0.0,0
94.100,2,0,-40.0,0.0,0
94.100,2,0,-40.0,0.0,0
94.200,2,0,-40.0,0.0,0
94.200,2,0,-40.0,0.0,0
94.200,2,0,-40.0,0.0,0
94.200,2,0,-40.0,0.0,0
94.200,2,0,-40.0,0.0,0
94.200,2,0,-40.0,0.0,0
94.200,2,0,-40.0,0.0,0
94.200,2,0,-40.0,0.0,0
94.200,2,0,-40.0,0.0,0
94.200,2,0,-40.0,0.0,0
94.200,2,0,-40.0,0.0,0
94.300,2,0,-40.0,0.0,0
94.300,2,0,-40.0,0.0,0
94.300,2,0,-40.0,0.0,0
94.300,2,0,-40.0,0.0,0
94.300,2,0,-40.0,0.0,0
94.300,2,0,-40.0,0.0,0
94.300,2,0,-40.0,0.0,0
94.300,2,0,-40.0,0.0,0
94.300,2,0,-40.0,0.0,0
94.300,2,0,-40.0,0.0,0
94.400,2,0,-40.0,0.0,0
94.400,2,0,-40.0,0.0,0
94.400,2,0,-40.0,0.0,0
94.400,2,0,-40.0,0.0,0
94.400,2,0,-40.0,0.0,0
94.400,2,0,-40.0,0.0,0
94.400,2,0,-40.0,0.0,0
94.400,2,0,-40.0,0.0,0
94.400,2,0,-40.0,0.0,0
94.400,2,0,-40.0,0.0,0
94.400,2,0,-40.0,0.0,0
94.500,2,0,-40.0,0.0,0
94.500,2,0,-40.0,0.0,0
94.500,2,0,-40.0,0.0,0
94.500,2,0,-40.0,0.0,0
94.500,2,0,-40.0,0.0,0
94.500,2,0,-40.0,0.0,0
94.500,2,0,-40.0,0.0,0
94.500,2,0,-40.0,0.0,0
94.500,2,0,-40.0,0.0,0
94.500,2,0,-40.0,0.0,0
94.600,2,0,-40.0,0.0,0
94.600,2,0,-40.0,0.0,0
94.600,2,0,-40.0,0.0,0
94.600,2,0,-40.0,0.0,0
94.600,2,0,-40.0,0.0,0
94.600,2,0,-40.0,0.0,0
94.600,2,0,-40.0,0.0,0
94.600,2,0,-40.0,0.0,0
94.600,2,0,-40.0,0.0,0
94.600,2,0,-40.0,0.0,0
94.700,2,0,-40.0,0.0,0
94.700,2,0,-40.0,0.0,0
94.700,2,0,-40.0,0.0,0
94.700,2,0,-40.0,0.0,0
94.700,2,0,-40.0,0.0,0
94.700,2,0,-40.0,0.0,0
94.700,2,0,-40.0,0.0,0
94.700,2,0,-40.0,0.0,0
94.700,2,0,-40.0,0.0,0
94.700,2,0,-40.0,0.0,0
94.700,2,0,-40.0,0.0,0
94.800,2,0,-40.0,0.0,0
94.800,2,0,-40.0,0.0,0
94.800,2,0,-40.0,0.0,0
94.800,2,0,-40.0,0.0,0
94.800,2,0,-40.0,0.0,0
94.800,2,0,-40.0,0.0,0
94.800,2,0,-40.0,0.0,0
94.800,2,0,-40.0,0.0,0
94.800,2,0,-40.0,0.0,0
94.800,2,0,-40.0,0.0,0
94.900,2,0,-40.0,0.0,0
94.900,2,0,-40.0,0.0,0
94.900,2,0,-40.0,0.0,0
94.900,2,0,-40.0,0.0,0
94.900,2,0,-40.0,0.0,0
94.900,2,0,-40.0,0.0,0
94.900,2,0,-40.0,0.0,0
94.900,2,0,-40.0,0.0,0
94.900,2,0,-40.0,0.0,0
94.900,2,0,-40.0,0.0,0
94.900,2,0,-40.0,0.0,0
95.000,2,0,-40.0,0.0,0
95.000,2,0,-40.0,0.0,0
95.000,2,0,-40.0,0.0,0
95.000,2,0,-40.0,0.0,0
95.000,2,0,-40.0,0.0,0
95.000,2,0,-40.0,0.0,0
95.000,2,0,-40.0,0.0,0
95.000,2,0,-40.0,0.0,0
95.000,2,0,-40.0,0.0,0
95.000,2,0,-40.0,0.0,0
95.100,2,0,-40.0,0.0,0
95.100,2,0,-40.0,0.0,0
95.100,2,0,-40.0,0.0,0
95.100,2,0,-40.0,0.0,0
95.100,2,0,-40.0,0.0,0
95.100,2,0,-40.0,0.0,0
95.100,2,0,-40.0,0.0,0
95.100,2,0,-40.0,0.0,0
95.100,2,0,-40.0,0.0,0
95.100,2,0,-40.0,0.0,0
95.100,2,0,-40.0,0.0,0
95.200,2,0,-40.0,0.0,0
95.200,2,0,-40.0,0.0,0
95.200,2,0,-40.0,0.0,0
95.200,2,0,-40.0,0.0,0
95.200,2,0,-40.0,0.0,0
95.200,2,0,-40.0,0.0,0
95.200,2,0,-40.0,0.0,0
95.200,2,0,-40.0,0.0,0
95.200,2,0,-40.0,0.0,0
95.200,2,0,-40.0,0.0,0
95.300,1,1,34.0,3.0,0
95.300,1,1,34.0,3.0,0
95.300,1,1,34.0,3.0,0
95.300,1,1,34.0,3.0,0
95.300,1,1,34.0,3.0,0
95.300,1,1,34.0,3.0,0
95.300,1,1,34.0,3.0,0
95.300,1,1,34.0,3.0,0
95.300,1,1,34.0,3.0,0
95.300,1,1,34.0,3.0,0
95.400,1,1,34.0,3.0,0
95.400,1,1,34.0,3.0,0
95.400,1,1,34.0,3.0,0
95.400,1,1,34.0,3.0,0
95.400,1,1,34.0,3.0,0
95.400,1,1,34.0,3.0,0
95.400,1,1,34.0,3.0,0
95.400,1,1,34.0,3.0,0
95.400,1,1,34.0,3.0,0
95.400,1,1,34.0,3.0,0
95.400,1,1,34.0,3.0,0
95.500,1,1,34.0,3.0,0
95.500,1,1,34.0,3.0,0
95.500,1,1,34.0,3.0,0
95.500,1,1,34.0,3.0,0
95.500,1,1,34.0,3.0,0
95.500,1,1,34.0,3.0,0
95.500,1,1,34.0,3.0,0
95.500,1,1,34.0,3.0,0
95.500,1,1,34.0,3.0,0
95.500,1,1,34.0,3.0,0
95.600,1,1,34.0,3.0,0
95.600,1,1,34.0,3.0,0
95.600,1,1,34.0,3.0,0
95.600,1,1,34.0,3.0,0
95.600,1,1,34.0,3.0,0
95.600,1,1,34.0,3.0,0
95.600,1,1,34.0,3.0,0
95.600,1,1,34.0,3.0,0
95.600,1,1,34.0,3.0,0
95.600,1,1,34.0,3.0,0
95.600,1,1,34.0,3.0,0
95.700,1,1,34.0,3.0,0
95.700,1,1,34.0,3.0,0
95.700,1,1,34.0,3.0,0
95.700,1,1,34.0,3.0,0
95.700,1,1,34.0,3.0,0
95.700,1,1,34.0,3.0,0
95.700,1,1,34.0,3.0,0
95.700,1,1,34.0,3.0,0
95.700,1,1,34.0,3.0,0
95.700,1,1,34.0,3.0,0
95.800,1,1,34.0,3.0,0
95.800,1,1,34.0,3.0,0
95.800,1,1,34.0,3.0,0
95.800,1,1,34.0,3.0,0
95.800,1,1,34.0,3.0,0
95.800,1,1,34.0,3.0,0
95.800,1,1,34.0,3.0,0
95.800,1,1,34.0,3.0,0
95.800,1,1,34.0,3.0,0
95.800,1,1,34.0,3.0,0
95.800,1,1,34.0,3.0,0
95.900,1,1,34.0,3.0,0
95.900,1,1,34.0,3.0,0
95.900,1,1,34.0,3.0,0
95.900,1,1,34.0,3.0,0
95.900,1,1,34.0,3.0,0
95.900,1,1,34.0,3.0,0
95.900,1,1,34.0,3.0,0
95.900,1,1,34.0,3.0,0
95.900,1,1,34.0,3.0,0
95.900,1,1,34.0,3.0,0
96.000,1,1,34.0,3.0,0
96.000,1,1,34.0,3.0,0
96.000,1,1,34.0,3.0,0
96.000,1,1,34.0,3.0,0
96.000,1,1,34.0,3.0,0
96.000,1,1,34.0,3.0,0
96.000,1,1,34.0,3.0,0
96.000,1,1,34.0,3.0,0
96.000,1,1,34.0,3.0,0
96.000,1,1,34.0,3.0,0
96.100,1,1,34.0,3.0,0
96.100,1,1,34.0,3.0,0
96.100,1,1,34.0,3.0,0
96.100,1,1,34.0,3.0,0
96.100,1,1,34.0,3.0,0
96.100,1,1,34.0,3.0,0
96.100,1,1,34.0,3.0,0
96.100,1,1,34.0,3.0,0
96.100,1,1,34.0,3.0,0
96.100,1,1,34.0,3.0,0
96.100,1,1,34.0,3.0,0
96.200,1,1,34.0,3.0,0
96.200,1,1,34.0,3.0,0
96.200,1,1,34.0,3.0,0
96.200,1,1,34.0,3.0,0
96.200,1,1,34.0,3.0,0
96.200,1,1,34.0,3.0,0
96.200,1,1,34.0,3.0,0
96.200,1,1,34.0,3.0,0
96.200,1,1,34.0,3.0,0
96.200,1,1,34.0,3.0,0
96.300,1,1,34.0,3.0,0
96.300,1,1,34.0,3.0,0
96.300,1,1,34.0,3.0,0
96.300,1,1,34.0,3.0,0
96.300,1,1,34.0,3.0,0
96.300,1,1,34.0,3.0,0
96.300,1,1,34.0,3.0,0
96.300,1,1,34.0,3.0,0
96.300,1,1,34.0,3.0,0
96.300,1,1,34.0,3.0,0
96.300,1,1,34.0,3.0,0
96.400,1,1,34.0,3.0,0
96.400,1,1,34.0,3.0,0
96.400,1,1,34.0,3.0,0
96.400,1,1,34.0,3.0,0
96.400,1,1,34.0,3.0,0
96.400,1,1,34.0,3.0,0
96.400,1,1,34.0,3.0,0
96.400,1,1,34.0,3.0,0
96.400,1,1,34.0,3.0,0
96.400,1,1,34.0,3.0,0
96.500,1,1,34.0,3.0,0
96.500,1,1,34.0,3.0,0
96.500,1,1,34.0,3.0,0
96.500,1,1,34.0,3.0,0
96.500,1,1,34.0,3.0,0
96.500,1,1,34.0,3.0,0
96.500,1,1,34.0,3.0,0
96.500,1,1,34.0,3.0,0
96.500,1,1,34.0,3.0,0
96.500,1,1,34.0,3.0,0
96.500,1,1,34.0,3.0,0
96.600,1,1,34.0,3.0,0
96.600,1,1,34.0,3.0,0
96.600,1,1,34.0,3.0,0
96.600,1,1,34.0,3.0,0
96.600,1,1,34.0,3.0,0
96.600,1,1,34.0,3.0,0
96.600,1,1,34.0,3.0,0
96.600,1,1,34.0,3.0,0
96.600,1,1,34.0,3.0,0
96.600,1,1,34.0,3.0,0
96.700,1,1,34.0,3.0,0
96.700,1,1,34.0,3.0,0
96.700,1,1,34.0,3.0,0
96.700,1,1,34.0,3.0,0
96.700,1,1,34.0,3.0,0
96.700,1,1,34.0,3.0,0
96.700,1,1,34.0,3.0,0
96.700,1,1,34.0,3.0,0
96.700,1,1,34.0,3.0,0
96.700,1,1,34.0,3.0,0
96.700,1,1,34.0,3.0,0
96.800,1,1,34.0,3.0,0
96.800,1,1,34.0,3.0,0
96.800,1,1,34.0,3.0,0
96.800,1,1,34.0,3.0,0
96.800,1,1,34.0,3.0,0
96.800,1,1,34.0,3.0,0
96.800,1,1,34.0,3.0,0
96.800,1,1,34.0,3.0,0
96.800,1,1,34.0,3.0,0
96.800,1,1,34.0,3.0,0
96.900,1,1,34.0,3.0,0
96.900,1,1,34.0,3.0,0
96.900,1,1,34.0,3.0,0
96.900,1,1,34.0,3.0,0
96.900,1,1,34.0,3.0,0
96.900,1,1,34.0,3.0,0
96.900,1,1,34.0,3.0,0
96.900,1,1,34.0,3.0,0
96.900,1,1,34.0,3.0,0
96.900,1,1,34.0,3.0,0
97.000,1,1,34.0,3.0,0
97.000,1,1,34.0,3.0,0
97.000,1,1,34.0,3.0,0
97.000,1,1,34.0,3.0,0
97.000,1,1,34.0,3.0,0
97.000,1,1,34.0,3.0,0
97.000,1,1,34.0,3.0,0
97.000,1,1,34.0,3.0,0
97.000,1,1,34.0,3.0,0
97.000,1,1,34.0,3.0,0
97.000,1,1,34.0,3.0,0
97.100,1,1,34.0,3.0,0
97.100,1,1,34.0,3.0,0
97.100,1,1,34.0,3.0,0
97.100,1,1,34.0,3.0,0
97.100,1,1,34.0,3.0,0
97.100,1,1,34.0,3.0,0
97.100,1,1,34.0,3.0,0
97.100,1,1,34.0,3.0,0
97.100,1,1,34.0,3.0,0
97.100,1,1,34.0,3.0,0
97.200,1,1,34.0,3.0,0
97.200,1,1,34.0,3.0,0
97.200,1,1,34.0,3.0,0
97.200,1,1,34.0,3.0,0
97.200,1,1,34.0,3.0,0
97.200,1,1,34.0,3.0,0
97.200,1,1,34.0,3.0,0
97.200,1,1,34.0,3.0,0
97.200,1,1,34.0,3.0,0
97.200,1,1,34.0,3.0,0
97.200,1,1,34.0,3.0,0
97.300,1,1,34.0,3.0,0
97.300,1,1,34.0,3.0,0
97.300,1,1,34.0,3.0,0
97.300,1,1,34.0,3.0,0
97.300,1,1,34.0,3.0,0
97.300,1,1,34.0,3.0,0
97.300,1,1,34.0,3.0,0
97.300,1,1,34.0,3.0,0
97.300,1,1,34.0,3.0,0
97.300,1,1,34.0,3.0,0
97.400,1,1,34.0,3.0,0
97.400,1,1,34.0,3.0,0
97.400,1,1,34.0,3.0,0
97.400,1,1,34.0,3.0,0
97.400,1,1,34.0,3.0,0
97.400,1,1,34.0,3.0,0
97.400,1,1,34.0,3.0,0
97.400,1,1,34.0,3.0,0
97.400,1,1,34.0,3.0,0
97.400,1,1,34.0,3.0,0
97.400,1,1,34.0,3.0,0
97.500,1,1,34.0,3.0,0
97.500,1,1,34.0,3.0,0
97.500,1,1,34.0,3.0,0
97.500,1,1,34.0,3.0,0
97.500,1,1,34.0,3.0,0
97.500,1,1,34.0,3.0,0
97.500,1,1,34.0,3.0,0
97.500,1,1,34.0,3.0,0
97.500,1,1,34.0,3.0,0
97.500,1,1,34.0,3.0,0
97.600,1,1,34.0,3.0,0
97.600,1,1,34.0,3.0,0
97.600,1,1,34.0,3.0,0
97.600,1,1,34.0,3.0,0
97.600,1,1,34.0,3.0,0
97.600,1,1,34.0,3.0,0
97.600,1,1,34.0,3.0,0
97.600,1,1,34.0,3.0,0
97.600,1,1,34.0,3.0,0
97.600,1,1,34.0,3.0,0
97.700,1,1,34.0,3.0,0
97.700,1,1,34.0,3.0,0
97.700,1,1,34.0,3.0,0
97.700,1,1,34.0,3.0,0
97.700,1,1,34.0,3.0,0
97.700,1,1,34.0,3.0,0
97.700,1,1,34.0,3.0,0
97.700,1,1,34.0,3.0,0
97.700,1,1,34.0,3.0,0
97.700,1,1,34.0,3.0,0
97.700,1,1,34.0,3.0,0
97.800,1,1,34.0,3.0,0
97.800,1,1,34.0,3.0,0
97.800,1,1,34.0,3.0,0
97.800,1,1,34.0,3.0,0
97.800,1,1,34.0,3.0,0
97.800,1,1,34.0,3.0,0
97.800,1,1,34.0,3.0,0
97.800,1,1,34.0,3.0,0
97.800,1,1,34.0,3.0,0
97.800,1,1,34.0,3.0,0
97.900,1,1,34.0,3.0,0
97.900,1,1,34.0,3.0,0
97.900,1,1,34.0,3.0,0
97.900,1,1,34.0,3.0,0
97.900,1,1,34.0,3.0,0
97.900,1,1,34.0,3.0,0
97.900,1,1,34.0,3.0,0
97.900,1,1,34.0,3.0,0
97.900,1,1,34.0,3.0,0
97.900,1,1,34.0,3.0,0
97.900,1,1,34.0,3.0,0
98.000,1,1,34.0,3.0,0
98.000,1,1,34.0,3.0,0
98.000,1,1,34.0,3.0,0
98.000,1,1,34.0,3.0,0
98.000,1,1,34.0,3.0,0
98.000,1,1,34.0,3.0,0
98.000,1,1,34.0,3.0,0
98.000,1,1,34.0,3.0,0
98.000,1,1,34.0,3.0,0
98.000,1,1,34.0,3.0,0
98.100,1,1,34.0,3.0,0
98.100,1,1,34.0,3.0,0
98.100,1,1,34.0,3.0,0
98.100,1,1,34.0,3.0,0
98.100,1,1,34.0,3.0,0
98.100,1,1,34.0,3.0,0
98.100,1,1,34.0,3.0,0
98.100,1,1,34.0,3.0,0
98.100,1,1,34.0,3.0,0
98.100,1,1,34.0,3.0,0
98.100,1,1,34.0,3.0,0
98.200,1,1,34.0,3.0,0
98.200,1,1,34.0,3.0,0
98.200,1,1,34.0,3.0,0
98.200,1,1,34.0,3.0,0
98.200,1,1,34.0,3.0,0
98.200,1,1,34.0,3.0,0
98.200,1,1,34.0,3.0,0
98.200,1,1,34.0,3.0,0
98.200,1,1,34.0,3.0,0
98.200,1,1,34.0,3.0,0
98.300,1,1,34.0,3.0,0
98.300,1,1,34.0,3.0,0
98.300,1,1,34.0,3.0,0
98.300,1,1,34.0,3.0,0
98.300,1,1,34.0,3.0,0
98.300,1,1,34.0,3.0,0
98.300,1,1,34.0,3.0,0
98.300,1,1,34.0,3.0,0
98.300,1,1,34.0,3.0,0
98.300,1,1,34.0,3.0,0
98.400,1,1,34.0,3.0,0
98.400,1,1,34.0,3.0,0
98.400,1,1,34.0,3.0,0
98.400,1,1,34.0,3.0,0
98.400,1,1,34.0,3.0,0
98.400,1,1,34.0,3.0,0
98.400,1,1,34.0,3.0,0
98.400,1,1,34.0,3.0,0
98.400,1,1,34.0,3.0,0
98.400,1,1,34.0,3.0,0
98.400,1,1,34.0,3.0,0
98.500,1,1,34.0,3.0,0
98.500,1,1,34.0,3.0,0
98.500,1,1,34.0,3.0,0
98.500,1,1,34.0,3.0,0
98.500,1,1,34.0,3.0,0
98.500,1,1,34.0,3.0,0
98.500,1,1,34.0,3.0,0
98.500,1,1,34.0,3.0,0
98.500,1,1,34.0,3.0,0
98.500,1,1,34.0,3.0,0
98.600,1,1,34.0,3.0,0
98.600,1,1,34.0,3.0,0
98.600,1,1,34.0,3.0,0
98.600,1,1,34.0,3.0,0
98.600,1,1,34.0,3.0,0
98.600,1,1,34.0,3.0,0
98.600,1,1,34.0,3.0,0
98.600,1,1,34.0,3.0,0
98.600,1,1,34.0,3.0,0
98.600,1,1,34.0,3.0,0
98.600,1,1,34.0,3.0,0
98.700,1,1,34.0,3.0,0
98.700,1,1,34.0,3.0,0
98.700,1,1,34.0,3.0,0
98.700,1,1,34.0,3.0,0
98.700,1,1,34.0,3.0,0
98.700,1,1,34.0,3.0,0
98.700,1,1,34.0,3.0,0
98.700,1,1,34.0,3.0,0
98.700,1,1,34.0,3.0,0
98.700,1,1,34.0,3.0,0
98.800,1,1,34.0,3.0,0
98.800,1,1,34.0,3.0,0
98.800,1,1,34.0,3.0,0
98.800,1,1,34.0,3.0,0
98.800,1,1,34.0,3.0,0
98.800,1,1,34.0,3.0,0
98.800,1,1,34.0,3.0,0
98.800,1,1,34.0,3.0,0
98.800,1,1,34.0,3.0,0
98.800,1,1,34.0,3.0,0
98.800,1,1,34.0,3.0,0
98.900,1,1,34.0,3.0,0
98.900,1,1,34.0,3.0,0
98.900,1,1,34.0,3.0,0
98.900,1,1,34.0,3.0,0
98.900,1,1,34.0,3.0,0
98.900,1,1,34.0,3.0,0
98.900,1,1,34.0,3.0,0
98.900,1,1,34.0,3.0,0
98.900,1,1,34.0,3.0,0
98.900,1,1,34.0,3.0,0
99.000,1,1,34.0,3.0,0
99.000,1,1,34.0,3.0,0
99.000,1,1,34.0,3.0,0
99.000,1,1,34.0,3.0,0
99.000,1,1,34.0,3.0,0
99.000,1,1,34.0,3.0,0
99.000,1,1,34.0,3.0,0
99.000,1,1,34.0,3.0,0
99.000,1,1,34.0,3.0,0
99.000,1,1,34.0,3.0,0
99.000,1,1,34.0,3.0,0
99.100,1,1,34.0,3.0,0
99.100,1,1,34.0,3.0,0
99.100,1,1,34.0,3.0,0
99.100,1,1,34.0,3.0,0
99.100,1,1,34.0,3.0,0
99.100,1,1,34.0,3.0,0
99.100,1,1,34.0,3.0,0
99.100,1,1,34.0,3.0,0
99.100,1,1,34.0,3.0,0
99.100,1,1,34.0,3.0,0
99.200,1,1,34.0,3.0,0
99.200,1,1,34.0,3.0,0
99.200,1,1,34.0,3.0,0
99.200,1,1,34.0,3.0,0
99.200,1,1,34.0,3.0,0
99.200,1,1,34.0,3.0,0
99.200,1,1,34.0,3.0,0
99.200,1,1,34.0,3.0,0
99.200,1,1,34.0,3.0,0
99.200,1,1,34.0,3.0,0
99.300,1,1,34.0,3.0,0
99.300,1,1,34.0,3.0,0
99.300,1,1,34.0,3.0,0
99.300,1,1,34.0,3.0,0
99.300,1,1,34.0,3.0,0
99.300,1,1,34.0,3.0,0
99.300,1,1,34.0,3.0,0
99.300,1,1,34.0,3.0,0
99.300,1,1,34.0,3.0,0
99.300,1,1,34.0,3.0,0
99.300,1,1,34.0,3.0,0
99.400,1,1,34.0,3.0,0
99.400,1,1,34.0,3.0,0
99.400,1,1,34.0,3.0,0
99.400,1,1,34.0,3.0,0
99.400,1,1,34.0,3.0,0
99.400,1,1,34.0,3.0,0
99.400,1,1,34.0,3.0,0
99.400,1,1,34.0,3.0,0
99.400,1,1,34.0,3.0,0
99.400,1,1,34.0,3.0,0
99.500,1,1,34.0,3.0,0
99.500,1,1,34.0,3.0,0
99.500,1,1,34.0,3.0,0
99.500,1,1,34.0,3.0,0
99.500,1,1,34.0,3.0,0
99.500,1,1,34.0,3.0,0
99.500,1,1,34.0,3.0,0
99.500,1,1,34.0,3.0,0
99.500,1,1,34.0,3.0,0
99.500,1,1,34.0,3.0,0
99.500,1,1,34.0,3.0,0
99.600,1,1,34.0,3.0,0
99.600,1,1,34.0,3.0,0
99.600,1,1,34.0,3.0,0
99.600,1,1,34.0,3.0,0
99.600,1,1,34.0,3.0,0
99.600,1,1,34.0,3.0,0
99.600,1,1,34.0,3.0,0
99.600,1,1,34.0,3.0,0
99.600,1,1,34.0,3.0,0
99.600,1,1,34.0,3.0,0
99.700,1,1,34.0,3.0,0
99.700,1,1,34.0,3.0,0
99.700,1,1,34.0,3.0,0
99.700,1,1,34.0,3.0,0
99.700,1,1,34.0,3.0,0
99.700,1,1,34.0,3.0,0
99.700,1,1,34.0,3.0,0
99.700,1,1,34.0,3.0,0
99.700,1,1,34.0,3.0,0
99.700,1,1,34.0,3.0,0
99.700,1,1,34.0,3.0,0
99.800,1,1,34.0,3.0,0
99.800,1,1,34.0,3.0,0
99.800,1,1,34.0,3.0,0
99.800,1,1,34.0,3.0,0
99.800,1,1,34.0,3.0,0
99.800,1,1,34.0,3.0,0
99.800,1,1,34.0,3.0,0
99.800,1,1,34.0,3.0,0
99.800,1,1,34.0,3.0,0
99.800,1,1,34.0,3.0,0
99.900,1,1,34.0,3.0,0
99.900,1,1,34.0,3.0,0
99.900,1,1,34.0,3.0,0
99.900,1,1,34.0,3.0,0
99.900,1,1,34.0,3.0,0
99.900,1,1,34.0,3.0,0
99.900,1,1,34.0,3.0,0
99.900,1,1,34.0,3.0,0
99.900,1,1,34.0,3.0,0
99.900,1,1,34.0,3.0,0
100.000,1,1,34.0,3.0,0
100.000,1,1,34.0,3.0,0
100.000,1,1,34.0,3.0,0
100.000,1,1,34.0,3.0,0
100.000,1,1,34.0,3.0,0
100.000,1,1,34.0,3.0,0
100.000,1,1,34.0,3.0,0
100.000,1,1,34.0,3.0,0
100.000,1,1,34.0,3.0,0
100.000,1,1,34.0,3.0,0
100.000,1,1,34.0,3.0,0
100.100,1,1,34.0,3.0,0
100.100,1,1,34.0,3.0,0
100.100,1,1,34.0,3.0,0
100.100,1,1,34.0,3.0,0
100.100,1,1,34.0,3.0,0
100.100,1,1,34.0,3.0,0
100.100,1,1,34.0,3.0,0
100.100,1,1,34.0,3.0,0
100.100,1,1,34.0,3.0,0
100.100,1,1,34.0,3.0,0
100.200,1,1,34.0,3.0,0
100.200,1,1,34.0,3.0,0
100.200,1,1,34.0,3.0,0
100.200,1,1,34.0,3.0,0
100.200,1,1,34.0,3.0,0
100.200,1,1,34.0,3.0,0
100.200,1,1,34.0,3.0,0
100.200,1,1,34.0,3.0,0
100.200,1,1,34.0,3.0,0
100.200,1,1,34.0,3.0,0
100.200,1,1,34.0,3.0,0
100.300,1,1,34.0,3.0,0
100.300,1,1,34.0,3.0,0
100.300,1,1,34.0,3.0,0
100.300,1,1,34.0,3.0,0
100.300,1,1,34.0,3.0,0
100.300,1,1,34.0,3.0,0
100.300,1,1,34.0,3.0,0
100.300,1,1,34.0,3.0,0
100.300,1,1,34.0,3.0,0
100.300,1,1,34.0,3.0,0
100.400,1,1,34.0,3.0,0
100.400,1,1,34.0,3.0,0
100.400,1,1,34.0,3.0,0
100.400,1,1,34.0,3.0,0
100.400,1,1,34.0,3.0,0
100.400,1,1,34.0,3.0,0
100.400,1,1,34.0,3.0,0
100.400,1,1,34.0,3.0,0
100.400,1,1,34.0,3.0,0
100.400,1,1,34.0,3.0,0
100.400,1,1,34.0,3.0,0
100.500,1,1,34.0,3.0,0
100.500,1,1,34.0,3.0,0
100.500,1,1,34.0,3.0,0
100.500,1,1,34.0,3.0,0
100.500,1,1,34.0,3.0,0
100.500,1,1,34.0,3.0,0
100.500,1,1,34.0,3.0,0
100.500,1,1,34.0,3.0,0
100.500,1,1,34.0,3.0,0
100.500,1,1,34.0,3.0,0
100.600,1,1,34.0,3.0,0
100.600,1,1,34.0,3.0,0
100.600,1,1,34.0,3.0,0
100.600,1,1,34.0,3.0,0
100.600,1,1,34.0,3.0,0
100.600,1,1,34.0,3.0,0
100.600,1,1,34.0,3.0,0
100.600,1,1,34.0,3.0,0
100.600,1,1,34.0,3.0,0
100.600,1,1,34.0,3.0,0
100.600,1,1,34.0,3.0,0
100.700,1,1,34.0,3.0,0
100.700,1,1,34.0,3.0,0
100.700,1,1,34.0,3.0,0
100.700,1,1,34.0,3.0,0
100.700,1,1,34.0,3.0,0
100.700,1,1,34.0,3.0,0
100.700,1,1,34.0,3.0,0
100.700,1,1,34.0,3.0,0
100.700,1,1,34.0,3.0,0
100.700,1,1,34.0,3.0,0
100.800,1,1,34.0,3.0,0
100.800,1,1,34.0,3.0,0
100.800,1,1,34.0,3.0,0
100.800,1,1,34.0,3.0,0
100.800,1,1,34.0,3.0,0
100.800,1,1,34.0,3.0,0
100.800,1,1,34.0,3.0,0
100.800,1,1,34.0,3.0,0
100.800,1,1,34.0,3.0,0
100.800,1,1,34.0,3.0,0
100.900,1,1,34.0,3.0,0
100.900,1,1,34.0,3.0,0
100.900,1,1,34.0,3.0,0
100.900,1,1,34.0,3.0,0
100.900,1,1,34.0,3.0,0
100.900,1,1,34.0,3.0,0
100.900,1,1,34.0,3.0,0
100.900,1,1,34.0,3.0,0
100.900,1,1,34.0,3.0,0
100.900,1,1,34.0,3.0,0
100.900,1,1,34.0,3.0,0
101.000,1,1,34.0,3.0,0
101.000,1,1,34.0,3.0,0
101.000,1,1,34.0,3.0,0
101.000,1,1,34.0,3.0,0
101.000,1,1,34.0,3.0,0
101.000,1,1,34.0,3.0,0
101.000,1,1,34.0,3.0,0
101.000,1,1,34.0,3.0,0
101.000,1,1,34.0,3.0,0
101.000,1,1,34.0,3.0,0
101.100,1,1,34.0,3.0,0
101.100,1,1,34.0,3.0,0
101.100,1,1,34.0,3.0,0
101.100,1,1,34.0,3.0,0
101.100,1,1,34.0,3.0,0
101.100,1,1,34.0,3.0,0
101.100,1,1,34.0,3.0,0
101.100,1,1,34.0,3.0,0
101.100,1,1,34.0,3.0,0
101.100,1,1,34.0,3.0,0
101.100,1,1,34.0,3.0,0
101.200,1,1,34.0,3.0,0
101.200,1,1,34.0,3.0,0
101.200,1,1,34.0,3.0,0
101.200,1,1,34.0,3.0,0
101.200,1,1,34.0,3.0,0
101.200,1,1,34.0,3.0,0
101.200,1,1,34.0,3.0,0
101.200,1,1,34.0,3.0,0
101.200,1,1,34.0,3.0,0
101.200,1,1,34.0,3.0,0
101.300,1,1,34.0,3.0,0
101.300,1,1,34.0,3.0,0
101.300,1,1,34.0,3.0,0
101.300,1,1,34.0,3.0,0
101.300,1,1,34.0,3.0,0
101.300,1,1,34.0,3.0,0
101.300,1,1,34.0,3.0,0
101.300,1,1,34.0,3.0,0
101.300,1,1,34.0,3.0,0
101.300,1,1,34.0,3.0,0
101.300,1,1,34.0,3.0,0
101.400,1,1,34.0,3.0,0
101.400,1,1,34.0,3.0,0
101.400,1,1,34.0,3.0,0
101.400,1,1,34.0,3.0,0
101.400,1,1,34.0,3.0,0
101.400,1,1,34.0,3.0,0
101.400,1,1,34.0,3.0,0
101.400,1,1,34.0,3.0,0
101.400,1,1,34.0,3.0,0
101.400,1,1,34.0,3.0,0
101.500,1,1,34.0,3.0,0
101.500,1,1,34.0,3.0,0
101.500,1,1,34.0,3.0,0
101.500,1,1,34.0,3.0,0
101.500,1,1,34.0,3.0,0
101.500,1,1,34.0,3.0,0
101.500,1,1,34.0,3.0,0
101.500,1,1,34.0,3.0,0
101.500,1,1,34.0,3.0,0
101.500,1,1,34.0,3.0,0
101.600,1,1,34.0,3.0,0
101.600,1,1,34.0,3.0,0
101.600,1,1,34.0,3.0,0
101.600,1,1,34.0,3.0,0
101.600,1,1,34.0,3.0,0
101.600,1,1,34.0,3.0,0
101.600,1,1,34.0,3.0,0
101.600,1,1,34.0,3.0,0
101.600,1,1,34.0,3.0,0
101.600,1,1,34.0,3.0,0
101.600,1,1,34.0,3.0,0
101.700,1,1,34.0,3.0,0
101.700,1,1,34.0,3.0,0
101.700,1,1,34.0,3.0,0
101.700,1,1,34.0,3.0,0
101.700,1,1,34.0,3.0,0
101.700,1,1,34.0,3.0,0
101.700,1,1,34.0,3.0,0
101.700,1,1,34.0,3.0,0
101.700,1,1,34.0,3.0,0
101.700,1,1,34.0,3.0,0
101.800,1,1,34.0,3.0,0
101.800,1,1,34.0,3.0,0
101.800,1,1,34.0,3.0,0
101.800,1,1,34.0,3.0,0
101.800,1,1,34.0,3.0,0
101.800,1,1,34.0,3.0,0
101.800,1,1,34.0,3.0,0
101.800,1,1,34.0,3.0,0
101.800,1,1,34.0,3.0,0
101.800,1,1,34.0,3.0,0
101.800,1,1,34.0,3.0,0
101.900,1,1,34.0,3.0,0
101.900,1,1,34.0,3.0,0
101.900,1,1,34.0,3.0,0
101.900,1,1,34.0,3.0,0
101.900,1,1,34.0,3.0,0
101.900,1,1,34.0,3.0,0
101.900,1,1,34.0,3.0,0
101.900,1,1,34.0,3.0,0
101.900,1,1,34.0,3.0,0
101.900,1,1,34.0,3.0,0
102.000,1,1,34.0,3.0,0
102.000,1,1,34.0,3.0,0
102.000,1,1,34.0,3.0,0
102.000,1,1,34.0,3.0,0
102.000,1,1,34.0,3.0,0
102.000,1,1,34.0,3.0,0
102.000,1,1,34.0,3.0,0
102.000,1,1,34.0,3.0,0
102.000,1,1,34.0,3.0,0
102.000,1,1,34.0,3.0,0
102.000,1,1,34.0,3.0,0
102.100,1,1,34.0,3.0,0
102.100,1,1,34.0,3.0,0
102.100,1,1,34.0,3.0,0
102.100,1,1,34.0,3.0,0
102.100,1,1,34.0,3.0,0
102.100,1,1,34.0,3.0,0
102.100,1,1,34.0,3.0,0
102.100,1,1,34.0,3.0,0
102.100,1,1,34.0,3.0,0
102.100,1,1,34.0,3.0,0
102.200,1,1,34.0,3.0,0
102.200,1,1,34.0,3.0,0
102.200,1,1,34.0,3.0,0
102.200,1,1,34.0,3.0,0
102.200,1,1,34.0,3.0,0
102.200,1,1,34.0,3.0,0
102.200,1,1,34.0,3.0,0
102.200,1,1,34.0,3.0,0
102.200,1,1,34.0,3.0,0
102.200,1,1,34.0,3.0,0
102.200,1,1,34.0,3.0,0
102.300,1,1,34.0,3.0,0
102.300,1,1,34.0,3.0,0
102.300,1,1,34.0,3.0,0
102.300,1,1,34.0,3.0,0
102.300,1,1,34.0,3.0,0
102.300,1,1,34.0,3.0,0
102.300,1,1,34.0,3.0,0
102.300,1,1,34.0,3.0,0
102.300,1,1,34.0,3.0,0
102.300,1,1,34.0,3.0,0
102.400,1,1,34.0,3.0,0
102.400,1,1,34.0,3.0,0
102.400,1,1,34.0,3.0,0
102.400,1,1,34.0,3.0,0
102.400,1,1,34.0,3.0,0
102.400,1,1,34.0,3.0,0
102.400,1,1,34.0,3.0,0
102.400,1,1,34.0,3.0,0
102.400,1,1,34.0,3.0,0
102.400,1,1,34.0,3.0,0
102.500,1,1,34.0,3.0,0
102.500,1,1,34.0,3.0,0
102.500,1,1,34.0,3.0,0
102.500,1,1,34.0,3.0,0
102.500,1,1,34.0,3.0,0
102.500,1,1,34.0,3.0,0
102.500,1,1,34.0,3.0,0
102.500,1,1,34.0,3.0,0
102.500,1,1,34.0,3.0,0
102.500,1,1,34.0,3.0,0
102.500,1,1,34.0,3.0,0
102.600,1,1,34.0,3.0,0
102.600,1,1,34.0,3.0,0
102.600,1,1,34.0,3.0,0
102.600,1,1,34.0,3.0,0
102.600,1,1,34.0,3.0,0
102.600,1,1,34.0,3.0,0
102.600,1,1,34.0,3.0,0
102.600,1,1,34.0,3.0,0
102.600,1,1,34.0,3.0,0
102.600,1,1,34.0,3.0,0
102.700,1,1,34.0,3.0,0
102.700,1,1,34.0,3.0,0
102.700,1,1,34.0,3.0,0
102.700,1,1,34.0,3.0,0
102.700,1,1,34.0,3.0,0
102.700,1,1,34.0,3.0,0
102.700,1,1,34.0,3.0,0
102.700,1,1,34.0,3.0,0
102.700,1,1,34.0,3.0,0
102.700,1,1,34.0,3.0,0
102.700,1,1,34.0,3.0,0
102.800,1,1,34.0,3.0,0
102.800,1,1,34.0,3.0,0
102.800,1,1,34.0,3.0,0
102.800,1,1,34.0,3.0,0
102.800,1,1,34.0,3.0,0
102.800,1,1,34.0,3.0,0
102.800,1,1,34.0,3.0,0
102.800,1,1,34.0,3.0,0
102.800,1,1,34.0,3.0,0
102.800,1,1,34.0,3.0,0
102.900,1,1,34.0,3.0,0
102.900,1,1,34.0,3.0,0
102.900,1,1,34.0,3.0,0
102.900,1,1,34.0,3.0,0
102.900,1,1,34.0,3.0,0
102.900,1,1,34.0,3.0,0
102.900,1,1,34.0,3.0,0
102.900,1,1,34.0,3.0,0
102.900,1,1,34.0,3.0,0
102.900,1,1,34.0,3.0,0
102.900,1,1,34.0,3.0,0
103.000,1,1,34.0,3.0,0
103.000,1,1,34.0,3.0,0
103.000,1,1,34.0,3.0,0
103.000,1,1,34.0,3.0,0
103.000,1,1,34.0,3.0,0
103.000,1,1,34.0,3.0,0
103.000,1,1,34.0,3.0,0
103.000,1,1,34.0,3.0,0
103.000,1,1,34.0,3.0,0
103.000,1,1,34.0,3.0,0
103.100,1,1,34.0,3.0,0
103.100,1,1,34.0,3.0,0
103.100,1,1,34.0,3.0,0
103.100,1,1,34.0,3.0,0
103.100,1,1,34.0,3.0,0
103.100,1,1,34.0,3.0,0
103.100,1,1,34.0,3.0,0
103.100,1,1,34.0,3.0,0
103.100,1,1,34.0,3.0,0
103.100,1,1,34.0,3.0,0
103.200,1,1,34.0,3.0,0
103.200,1,1,34.0,3.0,0
103.200,1,1,34.0,3.0,0
103.200,1,1,34.0,3.0,0
103.200,1,1,34.0,3.0,0
103.200,1,1,34.0,3.0,0
103.200,1,1,34.0,3.0,0
103.200,1,1,34.0,3.0,0
103.200,1,1,34.0,3.0,0
103.200,1,1,34.0,3.0,0
103.200,1,1,34.0,3.0,0
103.300,1,1,34.0,3.0,0
103.300,1,1,34.0,3.0,0
103.300,1,1,34.0,3.0,0
103.300,1,1,34.0,3.0,0
103.300,1,1,34.0,3.0,0
103.300,1,1,34.0,3.0,0
103.300,1,1,34.0,3.0,0
103.300,1,1,34.0,3.0,0
103.300,1,1,34.0,3.0,0
103.300,1,1,34.0,3.0,0
103.400,1,1,34.0,3.0,0
103.400,1,1,34.0,3.0,0
103.400,1,1,34.0,3.0,0
103.400,1,1,34.0,3.0,0
103.400,1,1,34.0,3.0,0
103.400,1,1,34.0,3.0,0
103.400,1,1,34.0,3.0,0
103.400,1,1,34.0,3.0,0
103.400,1,1,34.0,3.0,0
103.400,1,1,34.0,3.0,0
103.400,1,1,34.0,3.0,0
103.500,1,1,34.0,3.0,0
103.500,1,1,34.0,3.0,0
103.500,1,1,34.0,3.0,0
103.500,1,1,34.0,3.0,0
103.500,1,1,34.0,3.0,0
103.500,1,1,34.0,3.0,0
103.500,1,1,34.0,3.0,0
103.500,1,1,34.0,3.0,0
103.500,1,1,34.0,3.0,0
103.500,1,1,34.0,3.0,0
103.600,1,1,34.0,3.0,0
103.600,1,1,34.0,3.0,0
103.600,1,1,34.0,3.0,0
103.600,1,1,34.0,3.0,0
103.600,1,1,34.0,3.0,0
103.600,1,1,34.0,3.0,0
103.600,1,1,34.0,3.0,0
103.600,1,1,34.0,3.0,0
103.600,1,1,34.0,3.0,0
103.600,1,1,34.0,3.0,0
103.600,1,1,34.0,3.0,0
103.700,1,1,34.0,3.0,0
103.700,1,1,34.0,3.0,0
103.700,1,1,34.0,3.0,0
103.700,1,1,34.0,3.0,0
103.700,1,1,34.0,3.0,0
103.700,1,1,34.0,3.0,0
103.700,1,1,34.0,3.0,0
103.700,1,1,34.0,3.0,0
103.700,1,1,34.0,3.0,0
103.700,1,1,34.0,3.0,0
103.800,1,1,34.0,3.0,0
103.800,1,1,34.0,3.0,0
103.800,1,1,34.0,3.0,0
103.800,1,1,34.0,3.0,0
103.800,1,1,34.0,3.0,0
103.800,1,1,34.0,3.0,0
103.800,1,1,34.0,3.0,0
103.800,1,1,34.0,3.0,0
103.800,1,1,34.0,3.0,0
103.800,1,1,34.0,3.0,0
103.900,1,1,34.0,3.0,0
103.900,1,1,34.0,3.0,0
103.900,1,1,34.0,3.0,0
103.900,1,1,34.0,3.0,0
103.900,1,1,34.0,3.0,0
103.900,1,1,34.0,3.0,0
103.900,1,1,34.0,3.0,0
103.900,1,1,34.0,3.0,0
103.900,1,1,34.0,3.0,0
103.900,1,1,34.0,3.0,0
103.900,1,1,34.0,3.0,0
104.000,1,1,34.0,3.0,0
104.000,1,1,34.0,3.0,0
104.000,1,1,34.0,3.0,0
104.000,1,1,34.0,3.0,0
104.000,1,1,34.0,3.0,0
104.000,1,1,34.0,3.0,0
104.000,1,1,34.0,3.0,0
104.000,1,1,34.0,3.0,0
104.000,1,1,34.0,3.0,0
104.000,1,1,34.0,3.0,0
104.100,1,1,34.0,3.0,0
104.100,1,1,34.0,3.0,0
104.100,1,1,34.0,3.0,0
104.100,1,1,34.0,3.0,0
104.100,1,1,34.0,3.0,0
104.100,1,1,34.0,3.0,0
104.100,1,1,34.0,3.0,0
104.100,1,1,34.0,3.0,0
104.100,1,1,34.0,3.0,0
104.100,1,1,34.0,3.0,0
104.100,1,1,34.0,3.0,0
104.200,0,1,0.0,6.0,0
104.200,0,1,0.0,6.0,0
104.200,0,1,0.0,6.0,0
104.200,0,1,0.0,6.0,0
104.200,0,1,0.0,6.0,0
104.200,0,1,0.0,6.0,0
104.200,0,1,0.0,6.0,0
104.200,0,1,0.0,6.0,0
104.200,0,1,0.0,6.0,0
104.200,0,1,0.0,6.0,0
104.300,0,1,0.0,6.0,0
104.300,0,1,0.0,6.0,0
104.300,0,1,0.0,6.0,0
104.300,0,1,0.0,6.0,0
104.300,0,1,0.0,6.0,0
104.300,0,1,0.0,6.0,0
104.300,0,1,0.0,6.0,0
104.300,0,1,0.0,6.0,0
104.300,0,1,0.0,6.0,0
104.300,0,1,0.0,6.0,0
104.300,0,1,0.0,6.0,0
104.400,0,1,0.0,6.0,0
104.400,0,1,0.0,6.0,0
104.400,0,1,0.0,6.0,0
104.400,0,1,0.0,6.0,0
104.400,0,1,0.0,6.0,0
104.400,0,1,0.0,6.0,0
104.400,0,1,0.0,6.0,0
104.400,0,1,0.0,6.0,0
104.400,0,1,0.0,6.0,0
104.400,0,1,0.0,6.0,0
104.500,0,1,0.0,6.0,0
104.500,0,1,0.0,6.0,0
104.500,0,1,0.0,6.0,0
104.500,0,1,0.0,6.0,0
104.500,0,1,0.0,6.0,0
104.500,0,1,0.0,6.0,0
104.500,0,1,0.0,6.0,0
104.500,0,1,0.0,6.0,0
104.500,0,1,0.0,6.0,0
104.500,0,1,0.0,6.0,0
104.500,0,1,0.0,6.0,0
104.600,0,1,0.0,6.0,0
104.600,0,1,0.0,6.0,0
104.600,0,1,0.0,6.0,0
104.600,0,1,0.0,6.0,0
104.600,0,1,0.0,6.0,0
104.600,0,1,0.0,6.0,0
104.600,0,1,0.0,6.0,0
104.600,0,1,0.0,6.0,0
104.600,0,1,0.0,6.0,0
104.600,0,1,0.0,6.0,0
104.700,0,1,0.0,6.0,0
104.700,0,1,0.0,6.0,0
104.700,0,1,0.0,6.0,0
104.700,0,1,0.0,6.0,0
104.700,0,1,0.0,6.0,0
104.700,0,1,0.0,6.0,0
104.700,0,1,0.0,6.0,0
104.700,0,1,0.0,6.0,0
104.700,0,1,0.0,6.0,0
104.700,0,1,0.0,6.0,0
104.800,0,1,0.0,6.0,0
104.800,0,1,0.0,6.0,0
104.800,0,1,0.0,6.0,0
104.800,0,1,0.0,6.0,0
104.800,0,1,0.0,6.0,0
104.800,0,1,0.0,6.0,0
104.800,0,1,0.0,6.0,0
104.800,0,1,0.0,6.0,0
104.800,0,1,0.0,6.0,0
104.800,0,1,0.0,6.0,0
104.800,0,1,0.0,6.0,0
104.900,0,1,0.0,6.0,0
104.900,0,1,0.0,6.0,0
104.900,0,1,0.0,6.0,0
104.900,0,1,0.0,6.0,0
104.900,0,1,0.0,6.0,0
104.900,0,1,0.0,6.0,0
104.900,0,1,0.0,6.0,0
104.900,0,1,0.0,6.0,0
104.900,0,1,0.0,6.0,0
104.900,0,1,0.0,6.0,0
105.000,0,1,0.0,6.0,0
105.000,0,1,0.0,6.0,0
105.000,0,1,0.0,6.0,0
105.000,0,1,0.0,6.0,0
105.000,0,1,0.0,6.0,0
105.000,0,1,0.0,6.0,0
105.000,0,1,0.0,6.0,0
105.000,0,1,0.0,6.0,0
105.000,0,1,0.0,6.0,0
105.000,0,1,0.0,6.0,0
105.000,0,1,0.0,6.0,0
105.100,0,1,0.0,6.0,0
105.100,0,1,0.0,6.0,0
105.100,0,1,0.0,6.0,0
105.100,0,1,0.0,6.0,0
105.100,0,1,0.0,6.0,0
105.100,0,1,0.0,6.0,0
105.100,0,1,0.0,6.0,0
105.100,0,1,0.0,6.0,0
105.100,0,1,0.0,6.0,0
105.100,0,1,0.0,6.0,0
105.200,0,1,0.0,6.0,0
105.200,0,1,0.0,6.0,0
105.200,0,1,0.0,6.0,0
105.200,0,1,0.0,6.0,0
105.200,0,1,0.0,6.0,0
105.200,0,1,0.0,6.0,0
105.200,0,1,0.0,6.0,0
105.200,0,1,0.0,6.0,0
105.200,0,1,0.0,6.0,0
105.200,0,1,0.0,6.0,0
105.200,0,1,0.0,6.0,0
105.300,0,1,0.0,6.0,0
105.300,0,1,0.0,6.0,0
105.300,0,1,0.0,6.0,0
105.300,0,1,0.0,6.0,0
105.300,0,1,0.0,6.0,0
105.300,0,1,0.0,6.0,0
105.300,0,1,0.0,6.0,0
105.300,0,1,0.0,6.0,0
105.300,0,1,0.0,6.0,0
105.300,0,1,0.0,6.0,0
105.400,0,1,0.0,6.0,0
105.400,0,1,0.0,6.0,0
105.400,0,1,0.0,6.0,0
105.400,0,1,0.0,6.0,0
105.400,0,1,0.0,6.0,0
105.400,0,1,0.0,6.0,0
105.400,0,1,0.0,6.0,0
105.400,0,1,0.0,6.0,0
105.400,0,1,0.0,6.0,0
105.400,0,1,0.0,6.0,0
105.500,0,1,0.0,6.0,0
105.500,0,1,0.0,6.0,0
105.500,0,1,0.0,6.0,0
105.500,0,1,0.0,6.0,0
105.500,0,1,0.0,6.0,0
105.500,0,1,0.0,6.0,0
105.500,0,1,0.0,6.0,0
105.500,0,1,0.0,6.0,0
105.500,0,1,0.0,6.0,0
105.500,0,1,0.0,6.0,0
105.500,0,1,0.0,6.0,0
105.600,0,1,0.0,6.0,0
105.600,0,1,0.0,6.0,0
105.600,0,1,0.0,6.0,0
105.600,0,1,0.0,6.0,0
105.600,0,1,0.0,6.0,0
105.600,0,1,0.0,6.0,0
105.600,0,1,0.0,6.0,0
105.600,0,1,0.0,6.0,0
105.600,0,1,0.0,6.0,0
105.600,0,1,0.0,6.0,0
105.700,0,1,0.0,6.0,0
105.700,0,1,0.0,6.0,0
105.700,0,1,0.0,6.0,0
105.700,0,1,0.0,6.0,0
105.700,0,1,0.0,6.0,0
105.700,0,1,0.0,6.0,0
105.700,0,1,0.0,6.0,0
105.700,0,1,0.0,6.0,0
105.700,0,1,0.0,6.0,0
105.700,0,1,0.0,6.0,0
105.700,0,1,0.0,6.0,0
105.800,0,1,0.0,6.0,0
105.800,0,1,0.0,6.0,0
105.800,0,1,0.0,6.0,0
105.800,0,1,0.0,6.0,0
105.800,0,1,0.0,6.0,0
105.800,0,1,0.0,6.0,0
105.800,0,1,0.0,6.0,0
105.800,0,1,0.0,6.0,0
105.800,0,1,0.0,6.0,0
105.800,0,1,0.0,6.0,0
105.900,0,1,0.0,6.0,0
105.900,0,1,0.0,6.0,0
105.900,0,1,0.0,6.0,0
105.900,0,1,0.0,6.0,0
105.900,0,1,0.0,6.0,0
105.900,0,1,0.0,6.0,0
105.900,0,1,0.0,6.0,0
105.900,0,1,0.0,6.0,0
105.900,0,1,0.0,6.0,0
105.900,0,1,0.0,6.0,0
105.900,0,1,0.0,6.0,0
106.000,0,1,0.0,6.0,0
106.000,0,1,0.0,6.0,0
106.000,0,1,0.0,6.0,0
106.000,0,1,0.0,6.0,0
106.000,0,1,0.0,6.0,0
106.000,0,1,0.0,6.0,0
106.000,0,1,0.0,6.0,0
106.000,0,1,0.0,6.0,0
106.000,0,1,0.0,6.0,0
106.000,0,1,0.0,6.0,0
106.100,0,1,0.0,6.0,0
106.100,0,1,0.0,6.0,0
106.100,0,1,0.0,6.0,0
106.100,0,1,0.0,6.0,0
106.100,0,1,0.0,6.0,0
106.100,0,1,0.0,6.0,0
106.100,0,1,0.0,6.0,0
106.100,0,1,0.0,6.0,0
106.100,0,1,0.0,6.0,0
106.100,0,1,0.0,6.0,0
106.200,0,1,0.0,6.0,0
106.200,0,1,0.0,6.0,0
106.200,0,1,0.0,6.0,0
106.200,0,1,0.0,6.0,0
106.200,0,1,0.0,6.0,0
106.200,0,1,0.0,6.0,0
106.200,0,1,0.0,6.0,0
106.200,0,1,0.0,6.0,0
106.200,0,1,0.0,6.0,0
106.200,0,1,0.0,6.0,0
106.200,0,1,0.0,6.0,0
106.300,0,1,0.0,6.0,0
106.300,0,1,0.0,6.0,0
106.300,0,1,0.0,6.0,0
106.300,0,1,0.0,6.0,0
106.300,0,1,0.0,6.0,0
106.300,0,1,0.0,6.0,0
106.300,0,1,0.0,6.0,0
106.300,0,1,0.0,6.0,0
106.300,0,1,0.0,6.0,0
106.300,0,1,0.0,6.0,0
106.400,0,1,0.0,6.0,0
106.400,0,1,0.0,6.0,0
106.400,0,1,0.0,6.0,0
106.400,0,1,0.0,6.0,0
106.400,0,1,0.0,6.0,0
106.400,0,1,0.0,6.0,0
106.400,0,1,0.0,6.0,0
106.400,0,1,0.0,6.0,0
106.400,0,1,0.0,6.0,0
106.400,0,1,0.0,6.0,0
106.400,0,1,0.0,6.0,0
106.500,0,1,0.0,6.0,0
106.500,0,1,0.0,6.0,0
106.500,0,1,0.0,6.0,0
106.500,0,1,0.0,6.0,0
106.500,0,1,0.0,6.0,0
106.500,0,1,0.0,6.0,0
106.500,0,1,0.0,6.0,0
106.500,0,1,0.0,6.0,0
106.500,0,1,0.0,6.0,0
106.500,0,1,0.0,6.0,0
106.600,0,1,0.0,6.0,0
106.600,0,1,0.0,6.0,0
106.600,0,1,0.0,6.0,0
106.600,0,1,0.0,6.0,0
106.600,0,1,0.0,6.0,0
106.600,0,1,0.0,6.0,0
106.600,0,1,0.0,6.0,0
106.600,0,1,0.0,6.0,0
106.600,0,1,0.0,6.0,0
106.600,0,1,0.0,6.0,0
106.600,0,1,0.0,6.0,0
106.700,0,1,0.0,6.0,0
106.700,0,1,0.0,6.0,0
106.700,0,1,0.0,6.0,0
106.700,0,1,0.0,6.0,0
106.700,0,1,0.0,6.0,0
106.700,0,1,0.0,6.0,0
106.700,0,1,0.0,6.0,0
106.700,0,1,0.0,6.0,0
106.700,0,1,0.0,6.0,0
106.700,0,1,0.0,6.0,0
106.800,0,1,0.0,6.0,0
106.800,0,1,0.0,6.0,0
106.800,0,1,0.0,6.0,0
106.800,0,1,0.0,6.0,0
106.800,0,1,0.0,6.0,0
106.800,0,1,0.0,6.0,0
106.800,0,1,0.0,6.0,0
106.800,0,1,0.0,6.0,0
106.800,0,1,0.0,6.0,0
106.800,0,1,0.0,6.0,0
106.800,0,1,0.0,6.0,0
106.900,0,1,0.0,6.0,0
106.900,0,1,0.0,6.0,0
106.900,0,1,0.0,6.0,0
106.900,0,1,0.0,6.0,0
106.900,0,1,0.0,6.0,0
106.900,0,1,0.0,6.0,0
106.900,0,1,0.0,6.0,0
106.900,0,1,0.0,6.0,0
106.900,0,1,0.0,6.0,0
106.900,0,1,0.0,6.0,0
107.000,0,1,0.0,6.0,0
107.000,0,1,0.0,6.0,0
107.000,0,1,0.0,6.0,0
107.000,0,1,0.0,6.0,0
107.000,0,1,0.0,6.0,0
107.000,0,1,0.0,6.0,0
107.000,0,1,0.0,6.0,0
107.000,0,1,0.0,6.0,0
107.000,0,1,0.0,6.0,0
107.000,0,1,0.0,6.0,0
107.100,0,1,0.0,6.0,0
107.100,0,1,0.0,6.0,0
107.100,0,1,0.0,6.0,0
107.100,0,1,0.0,6.0,0
107.100,0,1,0.0,6.0,0
107.100,0,1,0.0,6.0,0
107.100,0,1,0.0,6.0,0
107.100,0,1,0.0,6.0,0
107.100,0,1,0.0,6.0,0
107.100,0,1,0.0,6.0,0
107.100,0,1,0.0,6.0,0
107.200,0,1,0.0,6.0,0
107.200,0,1,0.0,6.0,0
107.200,0,1,0.0,6.0,0
107.200,0,1,0.0,6.0,0
107.200,0,1,0.0,6.0,0
107.200,0,1,0.0,6.0,0
107.200,0,1,0.0,6.0,0
107.200,0,1,0.0,6.0,0
107.200,0,1,0.0,6.0,0
107.200,0,1,0.0,6.0,0
107.300,0,1,0.0,6.0,0
107.300,0,1,0.0,6.0,0
107.300,0,1,0.0,6.0,0
107.300,0,1,0.0,6.0,0
107.300,0,1,0.0,6.0,0
107.300,0,1,0.0,6.0,0
107.300,0,1,0.0,6.0,0
107.300,0,1,0.0,6.0,0
107.300,0,1,0.0,6.0,0
107.300,0,1,0.0,6.0,0
107.300,0,1,0.0,6.0,0
107.400,0,1,0.0,6.0,0
107.400,0,1,0.0,6.0,0
107.400,0,1,0.0,6.0,0
107.400,0,1,0.0,6.0,0
107.400,0,1,0.0,6.0,0
107.400,0,1,0.0,6.0,0
107.400,0,1,0.0,6.0,0
107.400,0,1,0.0,6.0,0
107.400,0,1,0.0,6.0,0
107.400,0,1,0.0,6.0,0
107.500,0,1,0.0,6.0,0
107.500,0,1,0.0,6.0,0
107.500,0,1,0.0,6.0,0
107.500,0,1,0.0,6.0,0
107.500,0,1,0.0,6.0,0
107.500,0,1,0.0,6.0,0
107.500,0,1,0.0,6.0,0
107.500,0,1,0.0,6.0,0
107.500,0,1,0.0,6.0,0
107.500,0,1,0.0,6.0,0
107.500,0,1,0.0,6.0,0
107.600,0,1,0.0,6.0,0
107.600,0,1,0.0,6.0,0
107.600,0,1,0.0,6.0,0
107.600,0,1,0.0,6.0,0
107.600,0,1,0.0,6.0,0
107.600,0,1,0.0,6.0,0
107.600,0,1,0.0,6.0,0
107.600,0,1,0.0,6.0,0
107.600,0,1,0.0,6.0,0
107.600,0,1,0.0,6.0,0
107.700,0,1,0.0,6.0,0
107.700,0,1,0.0,6.0,0
107.700,0,1,0.0,6.0,0
107.700,0,1,0.0,6.0,0
107.700,0,1,0.0,6.0,0
107.700,0,1,0.0,6.0,0
107.700,0,1,0.0,6.0,0
107.700,0,1,0.0,6.0,0
107.700,0,1,0.0,6.0,0
107.700,0,1,0.0,6.0,0
107.800,0,1,0.0,6.0,0
107.800,0,1,0.0,6.0,0
107.800,0,1,0.0,6.0,0
107.800,0,1,0.0,6.0,0
107.800,0,1,0.0,6.0,0
107.800,0,1,0.0,6.0,0
107.800,0,1,0.0,6.0,0
107.800,0,1,0.0,6.0,0
107.800,0,1,0.0,6.0,0
107.800,0,1,0.0,6.0,0
107.800,0,1,0.0,6.0,0
107.900,0,1,0.0,6.0,0
107.900,0,1,0.0,6.0,0
107.900,0,1,0.0,6.0,0
107.900,0,1,0.0,6.0,0
107.900,0,1,0.0,6.0,0
107.900,0,1,0.0,6.0,0
107.900,0,1,0.0,6.0,0
107.900,0,1,0.0,6.0,0
107.900,0,1,0.0,6.0,0
107.900,0,1,0.0,6.0,0
108.000,0,1,0.0,6.0,0
108.000,0,1,0.0,6.0,0
108.000,0,1,0.0,6.0,0
108.000,0,1,0.0,6.0,0
108.000,0,1,0.0,6.0,0
108.000,0,1,0.0,6.0,0
108.000,0,1,0.0,6.0,0
108.000,0,1,0.0,6.0,0
108.000,0,1,0.0,6.0,0
108.000,0,1,0.0,6.0,0
108.000,0,1,0.0,6.0,0
108.100,0,1,0.0,6.0,0
108.100,0,1,0.0,6.0,0
108.100,0,1,0.0,6.0,0
108.100,0,1,0.0,6.0,0
108.100,0,1,0.0,6.0,0
108.100,0,1,0.0,6.0,0
108.100,0,1,0.0,6.0,0
108.100,0,1,0.0,6.0,0
108.100,0,1,0.0,6.0,0
108.100,0,1,0.0,6.0,0
108.200,0,1,0.0,6.0,0
108.200,0,1,0.0,6.0,0
108.200,0,1,0.0,6.0,0
108.200,0,1,0.0,6.0,0
108.200,0,1,0.0,6.0,0
108.200,0,1,0.0,6.0,0
108.200,0,1,0.0,6.0,0
108.200,0,1,0.0,6.0,0
108.200,0,1,0.0,6.0,0
108.200,0,1,0.0,6.0,0
108.200,0,1,0.0,6.0,0
108.300,0,1,0.0,6.0,0
108.300,0,1,0.0,6.0,0
108.300,0,1,0.0,6.0,0
108.300,0,1,0.0,6.0,0
108.300,0,1,0.0,6.0,0
108.300,0,1,0.0,6.0,0
108.300,0,1,0.0,6.0,0
108.300,0,1,0.0,6.0,0
108.300,0,1,0.0,6.0,0
108.300,0,1,0.0,6.0,0
108.400,0,1,0.0,6.0,0
108.400,0,1,0.0,6.0,0
108.400,0,1,0.0,6.0,0
108.400,0,1,0.0,6.0,0
108.400,0,1,0.0,6.0,0
108.400,0,1,0.0,6.0,0
108.400,0,1,0.0,6.0,0
108.400,0,1,0.0,6.0,0
108.400,0,1,0.0,6.0,0
108.400,0,1,0.0,6.0,0
108.500,0,1,0.0,6.0,0
108.500,0,1,0.0,6.0,0
108.500,0,1,0.0,6.0,0
108.500,0,1,0.0,6.0,0
108.500,0,1,0.0,6.0,0
108.500,0,1,0.0,6.0,0
108.500,0,1,0.0,6.0,0
108.500,0,1,0.0,6.0,0
108.500,0,1,0.0,6.0,0
108.500,0,1,0.0,6.0,0
108.500,0,1,0.0,6.0,0
108.600,0,1,0.0,6.0,0
108.600,0,1,0.0,6.0,0
108.600,0,1,0.0,6.0,0
108.600,0,1,0.0,6.0,0
108.600,0,1,0.0,6.0,0
108.600,0,1,0.0,6.0,0
108.600,0,1,0.0,6.0,0
108.600,0,1,0.0,6.0,0
108.600,0,1,0.0,6.0,0
108.600,0,1,0.0,6.0,0
108.700,0,1,0.0,6.0,0
108.700,0,1,0.0,6.0,0
108.700,0,1,0.0,6.0,0
108.700,0,1,0.0,6.0,0
108.700,0,1,0.0,6.0,0
108.700,0,1,0.0,6.0,0
108.700,0,1,0.0,6.0,0
108.700,0,1,0.0,6.0,0
108.700,0,1,0.0,6.0,0
108.700,0,1,0.0,6.0,0
108.700,0,1,0.0,6.0,0
108.800,0,1,0.0,6.0,0
108.800,0,1,0.0,6.0,0
108.800,0,1,0.0,6.0,0
108.800,0,1,0.0,6.0,0
108.800,0,1,0.0,6.0,0
108.800,0,1,0.0,6.0,0
108.800,0,1,0.0,6.0,0
108.800,0,1,0.0,6.0,0
108.800,0,1,0.0,6.0,0
108.800,0,1,0.0,6.0,0
108.900,0,1,0.0,6.0,0
108.900,0,1,0.0,6.0,0
108.900,0,1,0.0,6.0,0
108.900,0,1,0.0,6.0,0
108.900,0,1,0.0,6.0,0
108.900,0,1,0.0,6.0,0
108.900,0,1,0.0,6.0,0
108.900,0,1,0.0,6.0,0
108.900,0,1,0.0,6.0,0
108.900,0,1,0.0,6.0,0
108.900,0,1,0.0,6.0,0
109.000,0,1,0.0,6.0,0
109.000,0,1,0.0,6.0,0
109.000,0,1,0.0,6.0,0
109.000,0,1,0.0,6.0,0
109.000,0,1,0.0,6.0,0
109.000,0,1,0.0,6.0,0
109.000,0,1,0.0,6.0,0
109.000,0,1,0.0,6.0,0
109.000,0,1,0.0,6.0,0
109.000,0,1,0.0,6.0,0
109.100,0,1,0.0,6.0,0
109.100,0,1,0.0,6.0,0
109.100,0,1,0.0,6.0,0
109.100,0,1,0.0,6.0,0
109.100,0,1,0.0,6.0,0
109.100,0,1,0.0,6.0,0
109.100,0,1,0.0,6.0,0
109.100,0,1,0.0,6.0,0
109.100,0,1,0.0,6.0,0
109.100,0,1,0.0,6.0,0
109.100,0,1,0.0,6.0,0
109.200,0,1,0.0,6.0,0
109.200,0,1,0.0,6.0,0
109.200,0,1,0.0,6.0,0
109.200,0,1,0.0,6.0,0
109.200,0,1,0.0,6.0,0
109.200,0,1,0.0,6.0,0
109.200,0,1,0.0,6.0,0
109.200,0,1,0.0,6.0,0
109.200,0,1,0.0,6.0,0
109.200,0,1,0.0,6.0,0
109.300,0,1,0.0,6.0,0
109.300,0,1,0.0,6.0,0
109.300,0,1,0.0,6.0,0
109.300,0,1,0.0,6.0,0
109.300,0,1,0.0,6.0,0
109.300,0,1,0.0,6.0,0
109.300,0,1,0.0,6.0,0
109.300,0,1,0.0,6.0,0
109.300,0,1,0.0,6.0,0
109.300,0,1,0.0,6.0,0
109.400,0,1,0.0,6.0,0
109.400,0,1,0.0,6.0,0
109.400,0,1,0.0,6.0,0
109.400,0,1,0.0,6.0,0
109.400,0,1,0.0,6.0,0
109.400,0,1,0.0,6.0,0
109.400,0,1,0.0,6.0,0
109.400,0,1,0.0,6.0,0
109.400,0,1,0.0,6.0,0
109.400,0,1,0.0,6.0,0
109.400,0,1,0.0,6.0,0
109.500,0,1,0.0,6.0,0
109.500,0,1,0.0,6.0,0
109.500,0,1,0.0,6.0,0
109.500,0,1,0.0,6.0,0
109.500,0,1,0.0,6.0,0
109.500,0,1,0.0,6.0,0
109.500,0,1,0.0,6.0,0
109.500,0,1,0.0,6.0,0
109.500,0,1,0.0,6.0,0
109.500,0,1,0.0,6.0,0
109.600,0,1,0.0,6.0,0
109.600,0,1,0.0,6.0,0
109.600,0,1,0.0,6.0,0
109.600,0,1,0.0,6.0,0
109.600,0,1,0.0,6.0,0
109.600,0,1,0.0,6.0,0
109.600,0,1,0.0,6.0,0
109.600,0,1,0.0,6.0,0
109.600,0,1,0.0,6.0,0
109.600,0,1,0.0,6.0,0
109.600,0,1,0.0,6.0,0
109.700,0,1,0.0,6.0,0
109.700,0,1,0.0,6.0,0
109.700,0,1,0.0,6.0,0
109.700,0,1,0.0,6.0,0
109.700,0,1,0.0,6.0,0
109.700,0,1,0.0,6.0,0
109.700,0,1,0.0,6.0,0
109.700,0,1,0.0,6.0,0
109.700,0,1,0.0,6.0,0
109.700,0,1,0.0,6.0,0
109.800,0,1,0.0,6.0,0
109.800,0,1,0.0,6.0,0
109.800,0,1,0.0,6.0,0
109.800,0,1,0.0,6.0,0
109.800,0,1,0.0,6.0,0
109.800,0,1,0.0,6.0,0
109.800,0,1,0.0,6.0,0
109.800,0,1,0.0,6.0,0
109.800,0,1,0.0,6.0,0
109.800,0,1,0.0,6.0,0
109.800,0,1,0.0,6.0,0
109.900,0,1,0.0,6.0,0
109.900,0,1,0.0,6.0,0
109.900,0,1,0.0,6.0,0
109.900,0,1,0.0,6.0,0
109.900,0,1,0.0,6.0,0
109.900,0,1,0.0,6.0,0
109.900,0,1,0.0,6.0,0
109.900,0,1,0.0,6.0,0
109.900,0,1,0.0,6.0,0
109.900,0,1,0.0,6.0,0
110.000,0,1,0.0,6.0,0
110.000,0,1,0.0,6.0,0
110.000,0,1,0.0,6.0,0
110.000,0,1,0.0,6.0,0
110.000,0,1,0.0,6.0,0
110.000,0,1,0.0,6.0,0
110.000,0,1,0.0,6.0,0
110.000,0,1,0.0,6.0,0
110.000,0,1,0.0,6.0,0
110.000,0,1,0.0,6.0,0
110.100,0,1,0.0,6.0,0
110.100,0,1,0.0,6.0,0
110.100,0,1,0.0,6.0,0
110.100,0,1,0.0,6.0,0
110.100,0,1,0.0,6.0,0
110.100,0,1,0.0,6.0,0
110.100,0,1,0.0,6.0,0
110.100,0,1,0.0,6.0,0
110.100,0,1,0.0,6.0,0
110.100,0,1,0.0,6.0,0
110.100,0,1,0.0,6.0,0
110.200,0,1,0.0,6.0,0
110.200,0,1,0.0,6.0,0
110.200,0,1,0.0,6.0,0
110.200,0,1,0.0,6.0,0
110.200,0,1,0.0,6.0,0
110.200,0,1,0.0,6.0,0
110.200,0,1,0.0,6.0,0
110.200,0,1,0.0,6.0,0
110.200,0,1,0.0,6.0,0
110.200,0,1,0.0,6.0,0
110.300,0,1,0.0,6.0,0
110.300,0,1,0.0,6.0,0
110.300,0,1,0.0,6.0,0
110.300,0,1,0.0,6.0,0
110.300,0,1,0.0,6.0,0
110.300,0,1,0.0,6.0,0
110.300,0,1,0.0,6.0,0
110.300,0,1,0.0,6.0,0
110.300,0,1,0.0,6.0,0
110.300,0,1,0.0,6.0,0
110.300,0,1,0.0,6.0,0
110.400,0,1,0.0,6.0,0
110.400,0,1,0.0,6.0,0
110.400,0,1,0.0,6.0,0
110.400,0,1,0.0,6.0,0
110.400,0,1,0.0,6.0,0
110.400,0,1,0.0,6.0,0
110.400,0,1,0.0,6.0,0
110.400,0,1,0.0,6.0,0
110.400,0,1,0.0,6.0,0
110.400,0,1,0.0,6.0,0
110.500,0,1,0.0,6.0,0
110.500,0,1,0.0,6.0,0
110.500,0,1,0.0,6.0,0
110.500,0,1,0.0,6.0,0
110.500,0,1,0.0,6.0,0
110.500,0,1,0.0,6.0,0
110.500,0,1,0.0,6.0,0
110.500,0,1,0.0,6.0,0
110.500,0,1,0.0,6.0,0
110.500,0,1,0.0,6.0,0
110.500,0,1,0.0,6.0,0
110.600,0,1,0.0,6.0,0
110.600,0,1,0.0,6.0,0
110.600,0,1,0.0,6.0,0
110.600,0,1,0.0,6.0,0
110.600,0,1,0.0,6.0,0
110.600,0,1,0.0,6.0,0
110.600,0,1,0.0,6.0,0
110.600,0,1,0.0,6.0,0
110.600,0,1,0.0,6.0,0
110.600,0,1,0.0,6.0,0
110.700,0,1,0.0,6.0,0
110.700,0,1,0.0,6.0,0
110.700,0,1,0.0,6.0,0
110.700,0,1,0.0,6.0,0
110.700,0,1,0.0,6.0,0
110.700,0,1,0.0,6.0,0
110.700,0,1,0.0,6.0,0
110.700,0,1,0.0,6.0,0
110.700,0,1,0.0,6.0,0
110.700,0,1,0.0,6.0,0
110.800,0,1,0.0,6.0,0
110.800,0,1,0.0,6.0,0
110.800,0,1,0.0,6.0,0
110.800,0,1,0.0,6.0,0
110.800,0,1,0.0,6.0,0
110.800,0,1,0.0,6.0,0
110.800,0,1,0.0,6.0,0
110.800,0,1,0.0,6.0,0
110.800,0,1,0.0,6.0,0
110.800,0,1,0.0,6.0,0
110.800,0,1,0.0,6.0,0
110.900,0,1,0.0,6.0,0
110.900,0,1,0.0,6.0,0
110.900,0,1,0.0,6.0,0
110.900,0,1,0.0,6.0,0
110.900,0,1,0.0,6.0,0
110.900,0,1,0.0,6.0,0
110.900,0,1,0.0,6.0,0
110.900,0,1,0.0,6.0,0
110.900,0,1,0.0,6.0,0
110.900,0,1,0.0,6.0,0
111.000,0,1,0.0,6.0,0
111.000,0,1,0.0,6.0,0
111.000,0,1,0.0,6.0,0
111.000,0,1,0.0,6.0,0
111.000,0,1,0.0,6.0,0
111.000,0,1,0.0,6.0,0
111.000,0,1,0.0,6.0,0
111.000,0,1,0.0,6.0,0
111.000,0,1,0.0,6.0,0
111.000,0,1,0.0,6.0,0
111.000,0,1,0.0,6.0,0
111.100,0,1,0.0,6.0,0
111.100,0,1,0.0,6.0,0
111.100,0,1,0.0,6.0,0
111.100,0,1,0.0,6.0,0
111.100,0,1,0.0,6.0,0
111.100,0,1,0.0,6.0,0
111.100,0,1,0.0,6.0,0
111.100,0,1,0.0,6.0,0
111.100,0,1,0.0,6.0,0
111.100,0,1,0.0,6.0,0
111.200,0,1,0.0,6.0,0
111.200,0,1,0.0,6.0,0
111.200,0,1,0.0,6.0,0
111.200,0,1,0.0,6.0,0
111.200,0,1,0.0,6.0,0
111.200,0,1,0.0,6.0,0
111.200,0,1,0.0,6.0,0
111.200,0,1,0.0,6.0,0
111.200,0,1,0.0,6.0,0
111.200,0,1,0.0,6.0,0
111.200,0,1,0.0,6.0,0
111.300,0,1,0.0,6.0,0
111.300,0,1,0.0,6.0,0
111.300,0,1,0.0,6.0,0
111.300,0,1,0.0,6.0,0
111.300,0,1,0.0,6.0,0
111.300,0,1,0.0,6.0,0
111.300,0,1,0.0,6.0,0
111.300,0,1,0.0,6.0,0
111.300,0,1,0.0,6.0,0
111.300,0,1,0.0,6.0,0
111.400,0,1,0.0,6.0,0
111.400,0,1,0.0,6.0,0
111.400,0,1,0.0,6.0,0
111.400,0,1,0.0,6.0,0
111.400,0,1,0.0,6.0,0
111.400,0,1,0.0,6.0,0
111.400,0,1,0.0,6.0,0
111.400,0,1,0.0,6.0,0
111.400,0,1,0.0,6.0,0
111.400,0,1,0.0,6.0,0
111.400,0,1,0.0,6.0,0
111.500,0,1,0.0,6.0,0
111.500,0,1,0.0,6.0,0
111.500,0,1,0.0,6.0,0
111.500,0,1,0.0,6.0,0
111.500,0,1,0.0,6.0,0
111.500,0,1,0.0,6.0,0
111.500,0,1,0.0,6.0,0
111.500,0,1,0.0,6.0,0
111.500,0,1,0.0,6.0,0
111.500,0,1,0.0,6.0,0
111.600,0,1,0.0,6.0,0
111.600,0,1,0.0,6.0,0
111.600,0,1,0.0,6.0,0
111.600,0,1,0.0,6.0,0
111.600,0,1,0.0,6.0,0
111.600,0,1,0.0,6.0,0
111.600,0,1,0.0,6.0,0
111.600,0,1,0.0,6.0,0
111.600,0,1,0.0,6.0,0
111.600,0,1,0.0,6.0,0
111.700,0,1,0.0,6.0,0
111.700,0,1,0.0,6.0,0
111.700,0,1,0.0,6.0,0
111.700,0,1,0.0,6.0,0
111.700,0,1,0.0,6.0,0
111.700,0,1,0.0,6.0,0
111.700,0,1,0.0,6.0,0
111.700,0,1,0.0,6.0,0
111.700,0,1,0.0,6.0,0
111.700,0,1,0.0,6.0,0
111.700,0,1,0.0,6.0,0
111.800,0,1,0.0,6.0,0
111.800,0,1,0.0,6.0,0
111.800,0,1,0.0,6.0,0
111.800,0,1,0.0,6.0,0
111.800,0,1,0.0,6.0,0
111.800,0,1,0.0,6.0,0
111.800,0,1,0.0,6.0,0
111.800,0,1,0.0,6.0,0
111.800,0,1,0.0,6.0,0
111.800,0,1,0.0,6.0,0
111.900,0,1,0.0,6.0,0
111.900,0,1,0.0,6.0,0
111.900,0,1,0.0,6.0,0
111.900,0,1,0.0,6.0,0
111.900,0,1,0.0,6.0,0
111.900,0,1,0.0,6.0,0
111.900,0,1,0.0,6.0,0
111.900,0,1,0.0,6.0,0
111.900,0,1,0.0,6.0,0
111.900,0,1,0.0,6.0,0
111.900,0,1,0.0,6.0,0
112.000,0,1,0.0,6.0,0
112.000,0,1,0.0,6.0,0
112.000,0,1,0.0,6.0,0
112.000,0,1,0.0,6.0,0
112.000,0,1,0.0,6.0,0
112.000,0,1,0.0,6.0,0
112.000,0,1,0.0,6.0,0
112.000,0,1,0.0,6.0,0
112.000,0,1,0.0,6.0,0
112.000,0,1,0.0,6.0,0
112.100,0,1,0.0,6.0,0
112.100,0,1,0.0,6.0,0
112.100,0,1,0.0,6.0,0
112.100,0,1,0.0,6.0,0
112.100,0,1,0.0,6.0,0
112.100,0,1,0.0,6.0,0
112.100,0,1,0.0,6.0,0
112.100,0,1,0.0,6.0,0
112.100,0,1,0.0,6.0,0
112.100,0,1,0.0,6.0,0
112.100,0,1,0.0,6.0,0
112.200,0,1,0.0,6.0,0
112.200,0,1,0.0,6.0,0
112.200,0,1,0.0,6.0,0
112.200,0,1,0.0,6.0,0
112.200,0,1,0.0,6.0,0
112.200,0,1,0.0,6.0,0
112.200,0,1,0.0,6.0,0
112.200,0,1,0.0,6.0,0
112.200,0,1,0.0,6.0,0
112.200,0,1,0.0,6.0,0
112.300,0,1,0.0,6.0,0
112.300,0,1,0.0,6.0,0
112.300,0,1,0.0,6.0,0
112.300,0,1,0.0,6.0,0
112.300,0,1,0.0,6.0,0
112.300,0,1,0.0,6.0,0
112.300,0,1,0.0,6.0,0
112.300,0,1,0.0,6.0,0
112.300,0,1,0.0,6.0,0
112.300,0,1,0.0,6.0,0
112.400,0,1,0.0,6.0,0
112.400,0,1,0.0,6.0,0
112.400,0,1,0.0,6.0,0
112.400,0,1,0.0,6.0,0
112.400,0,1,0.0,6.0,0
112.400,0,1,0.0,6.0,0
112.400,0,1,0.0,6.0,0
112.400,0,1,0.0,6.0,0
112.400,0,1,0.0,6.0,0
112.400,0,1,0.0,6.0,0
112.400,0,1,0.0,6.0,0
112.500,0,1,0.0,6.0,0
112.500,0,1,0.0,6.0,0
112.500,0,1,0.0,6.0,0
112.500,0,1,0.0,6.0,0
112.500,0,1,0.0,6.0,0
112.500,0,1,0.0,6.0,0
112.500,0,1,0.0,6.0,0
112.500,0,1,0.0,6.0,0
112.500,0,1,0.0,6.0,0
112.500,0,1,0.0,6.0,0
112.600,0,1,0.0,6.0,0
112.600,0,1,0.0,6.0,0
112.600,0,1,0.0,6.0,0
112.600,0,1,0.0,6.0,0
112.600,0,1,0.0,6.0,0
112.600,0,1,0.0,6.0,0
112.600,0,1,0.0,6.0,0
112.600,0,1,0.0,6.0,0
112.600,0,1,0.0,6.0,0
112.600,0,1,0.0,6.0,0
112.600,0,1,0.0,6.0,0
112.700,0,1,0.0,6.0,0
112.700,0,1,0.0,6.0,0
112.700,0,1,0.0,6.0,0
112.700,0,1,0.0,6.0,0
112.700,0,1,0.0,6.0,0
112.700,0,1,0.0,6.0,0
112.700,0,1,0.0,6.0,0
112.700,0,1,0.0,6.0,0
112.700,0,1,0.0,6.0,0
112.700,0,1,0.0,6.0,0
112.800,0,1,0.0,6.0,0
112.800,0,1,0.0,6.0,0
112.800,0,1,0.0,6.0,0
112.800,0,1,0.0,6.0,0
112.800,0,1,0.0,6.0,0
112.800,0,1,0.0,6.0,0
112.800,0,1,0.0,6.0,0
112.800,0,1,0.0,6.0,0
112.800,0,1,0.0,6.0,0
112.800,0,1,0.0,6.0,0
112.800,0,1,0.0,6.0,0
112.900,0,1,0.0,6.0,0
112.900,0,1,0.0,6.0,0
112.900,0,1,0.0,6.0,0
112.900,0,1,0.0,6.0,0
112.900,0,1,0.0,6.0,0
112.900,0,1,0.0,6.0,0
112.900,0,1,0.0,6.0,0
112.900,0,1,0.0,6.0,0
112.900,0,1,0.0,6.0,0
112.900,0,1,0.0,6.0,0
113.000,0,1,0.0,6.0,0
113.000,0,1,0.0,6.0,0
113.000,0,1,0.0,6.0,0
113.000,0,1,0.0,6.0,0
113.000,0,1,0.0,6.0,0
113.000,0,1,0.0,6.0,0
113.000,0,1,0.0,6.0,0
113.000,0,1,0.0,6.0,0
113.000,0,1,0.0,6.0,0
113.000,0,1,0.0,6.0,0
113.100,0,1,0.0,6.0,0
113.100,0,1,0.0,6.0,0
113.100,0,1,0.0,6.0,0
113.100,0,1,0.0,6.0,0
113.100,0,1,0.0,6.0,0
113.100,0,1,0.0,6.0,0
113.100,0,1,0.0,6.0,0
113.100,0,1,0.0,6.0,0
113.100,0,1,0.0,6.0,0
113.100,0,1,0.0,6.0,0
113.100,0,1,0.0,6.0,0
113.200,0,1,0.0,6.0,0
113.200,0,1,0.0,6.0,0
113.200,0,1,0.0,6.0,0
113.200,0,1,0.0,6.0,0
113.200,0,1,0.0,6.0,0
113.200,0,1,0.0,6.0,0
113.200,0,1,0.0,6.0,0
113.200,0,1,0.0,6.0,0
113.200,0,1,0.0,6.0,0
113.200,0,1,0.0,6.0,0
113.300,0,1,0.0,6.0,0
113.300,0,1,0.0,6.0,0
113.300,0,1,0.0,6.0,0
113.300,0,1,0.0,6.0,0
113.300,0,1,0.0,6.0,0
113.300,0,1,0.0,6.0,0
113.300,0,1,0.0,6.0,0
113.300,0,1,0.0,6.0,0
113.300,0,1,0.0,6.0,0
113.300,0,1,0.0,6.0,0
113.300,0,1,0.0,6.0,0
113.400,0,1,0.0,6.0,0
113.400,0,1,0.0,6.0,0
113.400,0,1,0.0,6.0,0
113.400,0,1,0.0,6.0,0
113.400,0,1,0.0,6.0,0
113.400,0,1,0.0,6.0,0
113.400,0,1,0.0,6.0,0
113.400,0,1,0.0,6.0,0
113.400,0,1,0.0,6.0,0
113.400,0,1,0.0,6.0,0
113.500,0,1,0.0,6.0,0
113.500,0,1,0.0,6.0,0
113.500,0,1,0.0,6.0,0
113.500,0,1,0.0,6.0,0
113.500,0,1,0.0,6.0,0
113.500,0,1,0.0,6.0,0
113.500,0,1,0.0,6.0,0
113.500,0,1,0.0,6.0,0
113.500,0,1,0.0,6.0,0
113.500,0,1,0.0,6.0,0
113.500,0,1,0.0,6.0,0
113.600,0,1,0.0,6.0,0
113.600,0,1,0.0,6.0,0
113.600,0,1,0.0,6.0,0
113.600,0,1,0.0,6.0,0
113.600,0,1,0.0,6.0,0
113.600,0,1,0.0,6.0,0
113.600,0,1,0.0,6.0,0
113.600,0,1,0.0,6.0,0
113.600,0,1,0.0,6.0,0
113.600,0,1,0.0,6.0,0
113.700,0,1,0.0,6.0,0
113.700,0,1,0.0,6.0,0
113.700,0,1,0.0,6.0,0
113.700,0,1,0.0,6.0,0
113.700,0,1,0.0,6.0,0
113.700,0,1,0.0,6.0,0
113.700,0,1,0.0,6.0,0
113.700,0,1,0.0,6.0,0
113.700,0,1,0.0,6.0,0
113.700,0,1,0.0,6.0,0
113.700,0,1,0.0,6.0,0
113.800,0,1,0.0,6.0,0
113.800,0,1,0.0,6.0,0
113.800,0,1,0.0,6.0,0
113.800,0,1,0.0,6.0,0
113.800,0,1,0.0,6.0,0
113.800,0,1,0.0,6.0,0
113.800,0,1,0.0,6.0,0
113.800,0,1,0.0,6.0,0
113.800,0,1,0.0,6.0,0
113.800,0,1,0.0,6.0,0
113.900,0,1,0.0,6.0,0
113.900,0,1,0.0,6.0,0
113.900,0,1,0.0,6.0,0
113.900,0,1,0.0,6.0,0
113.900,0,1,0.0,6.0,0
113.900,0,1,0.0,6.0,0
113.900,0,1,0.0,6.0,0
113.900,0,1,0.0,6.0,0
113.900,0,1,0.0,6.0,0
113.900,0,1,0.0,6.0,0
114.000,0,1,0.0,6.0,0
114.000,0,1,0.0,6.0,0
114.000,0,1,0.0,6.0,0
114.000,0,1,0.0,6.0,0
114.000,0,1,0.0,6.0,0
114.000,0,1,0.0,6.0,0
114.000,0,1,0.0,6.0,0
114.000,0,1,0.0,6.0,0
114.000,0,1,0.0,6.0,0
114.000,0,1,0.0,6.0,0
114.000,0,1,0.0,6.0,0
114.100,0,1,0.0,6.0,0
114.100,0,1,0.0,6.0,0
114.100,0,1,0.0,6.0,0
114.100,0,1,0.0,6.0,0
114.100,0,1,0.0,6.0,0
114.100,0,1,0.0,6.0,0
114.100,0,1,0.0,6.0,0
114.100,0,1,0.0,6.0,0
114.100,0,1,0.0,6.0,0
114.100,0,1,0.0,6.0,0
114.200,0,1,0.0,6.0,0
114.200,0,1,0.0,6.0,0
114.200,0,1,0.0,6.0,0
114.200,0,1,0.0,6.0,0
114.200,0,1,0.0,6.0,0
114.200,0,1,0.0,6.0,0
114.200,0,1,0.0,6.0,0
114.200,0,1,0.0,6.0,0
114.200,0,1,0.0,6.0,0
114.200,0,1,0.0,6.0,0
114.200,0,1,0.0,6.0,0
114.300,0,1,0.0,6.0,0
114.300,0,1,0.0,6.0,0
114.300,0,1,0.0,6.0,0
114.300,0,1,0.0,6.0,0
114.300,0,1,0.0,6.0,0
114.300,0,1,0.0,6.0,0
114.300,0,1,0.0,6.0,0
114.300,0,1,0.0,6.0,0
114.300,0,1,0.0,6.0,0
114.300,0,1,0.0,6.0,0
114.400,0,1,0.0,6.0,0
114.400,0,1,0.0,6.0,0
114.400,0,1,0.0,6.0,0
114.400,0,1,0.0,6.0,0
114.400,0,1,0.0,6.0,0
114.400,0,1,0.0,6.0,0
114.400,0,1,0.0,6.0,0
114.400,0,1,0.0,6.0,0
114.400,0,1,0.0,6.0,0
114.400,0,1,0.0,6.0,0
114.400,0,1,0.0,6.0,0
114.500,0,1,0.0,6.0,0
114.500,0,1,0.0,6.0,0
114.500,0,1,0.0,6.0,0
114.500,0,1,0.0,6.0,0
114.500,0,1,0.0,6.0,0
114.500,0,1,0.0,6.0,0
114.500,0,1,0.0,6.0,0
114.500,0,1,0.0,6.0,0
114.500,0,1,0.0,6.0,0
114.500,0,1,0.0,6.0,0
114.600,0,1,0.0,6.0,0
114.600,0,1,0.0,6.0,0
114.600,0,1,0.0,6.0,0
114.600,0,1,0.0,6.0,0
114.600,0,1,0.0,6.0,0
114.600,0,1,0.0,6.0,0
114.600,0,1,0.0,6.0,0
114.600,0,1,0.0,6.0,0
114.600,0,1,0.0,6.0,0
114.600,0,1,0.0,6.0,0
114.700,0,1,0.0,6.0,0
114.700,0,1,0.0,6.0,0
114.700,0,1,0.0,6.0,0
114.700,0,1,0.0,6.0,0
114.700,0,1,0.0,6.0,0
114.700,0,1,0.0,6.0,0
114.700,0,1,0.0,6.0,0
114.700,0,1,0.0,6.0,0
114.700,0,1,0.0,6.0,0
114.700,0,1,0.0,6.0,0
114.700,0,1,0.0,6.0,0
114.800,0,1,0.0,6.0,0
114.800,0,1,0.0,6.0,0
114.800,0,1,0.0,6.0,0
114.800,0,1,0.0,6.0,0
114.800,0,1,0.0,6.0,0
114.800,0,1,0.0,6.0,0
114.800,0,1,0.0,6.0,0
114.800,0,1,0.0,6.0,0
114.800,0,1,0.0,6.0,0
114.800,0,1,0.0,6.0,0
114.900,0,1,0.0,6.0,0
114.900,0,1,0.0,6.0,0
114.900,0,1,0.0,6.0,0
114.900,0,1,0.0,6.0,0
114.900,0,1,0.0,6.0,0
114.900,0,1,0.0,6.0,0
114.900,0,1,0.0,6.0,0
114.900,0,1,0.0,6.0,0
114.900,0,1,0.0,6.0,0
114.900,0,1,0.0,6.0,0
114.900,0,1,0.0,6.0,0
115.000,0,1,0.0,6.0,0
115.000,0,1,0.0,6.0,0
115.000,0,1,0.0,6.0,0
115.000,0,1,0.0,6.0,0
115.000,0,1,0.0,6.0,0
115.000,0,1,0.0,6.0,0
115.000,0,1,0.0,6.0,0
115.000,0,1,0.0,6.0,0
115.000,0,1,0.0,6.0,0
115.000,0,1,0.0,6.0,0
115.100,0,1,0.0,6.0,0
115.100,0,1,0.0,6.0,0
115.100,0,1,0.0,6.0,0
115.100,0,1,0.0,6.0,0
115.100,0,1,0.0,6.0,0
115.100,0,1,0.0,6.0,0
115.100,0,1,0.0,6.0,0
115.100,0,1,0.0,6.0,0
115.100,0,1,0.0,6.0,0
115.100,0,1,0.0,6.0,0
115.100,0,1,0.0,6.0,0
115.200,0,1,0.0,6.0,0
115.200,0,1,0.0,6.0,0
115.200,0,1,0.0,6.0,0
115.200,0,1,0.0,6.0,0
115.200,0,1,0.0,6.0,0
115.200,0,1,0.0,6.0,0
115.200,0,1,0.0,6.0,0
115.200,0,1,0.0,6.0,0
115.200,0,1,0.0,6.0,0
115.200,0,1,0.0,6.0,0
115.300,0,1,0.0,6.0,0
115.300,0,1,0.0,6.0,0
115.300,0,1,0.0,6.0,0
115.300,0,1,0.0,6.0,0
115.300,0,1,0.0,6.0,0
115.300,0,1,0.0,6.0,0
115.300,0,1,0.0,6.0,0
115.300,0,1,0.0,6.0,0
115.300,0,1,0.0,6.0,0
115.300,0,1,0.0,6.0,0
115.400,0,1,0.0,6.0,0
115.400,0,1,0.0,6.0,0
115.400,0,1,0.0,6.0,0
115.400,0,1,0.0,6.0,0
115.400,0,1,0.0,6.0,0
115.400,0,1,0.0,6.0,0
115.400,0,1,0.0,6.0,0
115.400,0,1,0.0,6.0,0
115.400,0,1,0.0,6.0,0
115.400,0,1,0.0,6.0,0
115.400,0,1,0.0,6.0,0
115.500,0,1,0.0,6.0,0
115.500,0,1,0.0,6.0,0
115.500,0,1,0.0,6.0,0
115.500,0,1,0.0,6.0,0
115.500,0,1,0.0,6.0,0
115.500,0,1,0.0,6.0,0
115.500,0,1,0.0,6.0,0
115.500,0,1,0.0,6.0,0
115.500,0,1,0.0,6.0,0
115.500,0,1,0.0,6.0,0
115.600,0,1,0.0,6.0,0
115.600,0,1,0.0,6.0,0
115.600,0,1,0.0,6.0,0
115.600,0,1,0.0,6.0,0
115.600,0,1,0.0,6.0,0
115.600,0,1,0.0,6.0,0
115.600,0,1,0.0,6.0,0
115.600,0,1,0.0,6.0,0
115.600,0,1,0.0,6.0,0
115.600,0,1,0.0,6.0,0
115.600,0,1,0.0,6.0,0
115.700,0,1,0.0,6.0,0
115.700,0,1,0.0,6.0,0
115.700,0,1,0.0,6.0,0
115.700,0,1,0.0,6.0,0
115.700,0,1,0.0,6.0,0
115.700,0,1,0.0,6.0,0
115.700,0,1,0.0,6.0,0
115.700,0,1,0.0,6.0,0
115.700,0,1,0.0,6.0,0
115.700,0,1,0.0,6.0,0
115.800,0,1,0.0,6.0,0
115.800,0,1,0.0,6.0,0
115.800,0,1,0.0,6.0,0
115.800,0,1,0.0,6.0,0
115.800,0,1,0.0,6.0,0
115.800,0,1,0.0,6.0,0
115.800,0,1,0.0,6.0,0
115.800,0,1,0.0,6.0,0
115.800,0,1,0.0,6.0,0
115.800,0,1,0.0,6.0,0
115.800,0,1,0.0,6.0,0
115.900,0,1,0.0,6.0,0
115.900,0,1,0.0,6.0,0
115.900,0,1,0.0,6.0,0
115.900,0,1,0.0,6.0,0
115.900,0,1,0.0,6.0,0
115.900,0,1,0.0,6.0,0
115.900,0,1,0.0,6.0,0
115.900,0,1,0.0,6.0,0
115.900,0,1,0.0,6.0,0
115.900,0,1,0.0,6.0,0
116.000,0,1,0.0,6.0,0
116.000,0,1,0.0,6.0,0
116.000,0,1,0.0,6.0,0
116.000,0,1,0.0,6.0,0
116.000,0,1,0.0,6.0,0
116.000,0,1,0.0,6.0,0
116.000,0,1,0.0,6.0,0
116.000,0,1,0.0,6.0,0
116.000,0,1,0.0,6.0,0
116.000,0,1,0.0,6.0,0
116.000,0,1,0.0,6.0,0
116.100,0,1,0.0,6.0,0
116.100,0,1,0.0,6.0,0
116.100,0,1,0.0,6.0,0
116.100,0,1,0.0,6.0,0
116.100,0,1,0.0,6.0,0
116.100,0,1,0.0,6.0,0
116.100,0,1,0.0,6.0,0
116.100,0,1,0.0,6.0,0
116.100,0,1,0.0,6.0,0
116.100,0,1,0.0,6.0,0
116.200,0,1,0.0,6.0,0
116.200,0,1,0.0,6.0,0
116.200,0,1,0.0,6.0,0
116.200,0,1,0.0,6.0,0
116.200,0,1,0.0,6.0,0
116.200,0,1,0.0,6.0,0
116.200,0,1,0.0,6.0,0
116.200,0,1,0.0,6.0,0
116.200,0,1,0.0,6.0,0
116.200,0,1,0.0,6.0,0
116.300,0,1,0.0,6.0,0
116.300,0,1,0.0,6.0,0
116.300,0,1,0.0,6.0,0
116.300,0,1,0.0,6.0,0
116.300,0,1,0.0,6.0,0
116.300,0,1,0.0,6.0,0
116.300,0,1,0.0,6.0,0
116.300,0,1,0.0,6.0,0
116.300,0,1,0.0,6.0,0
116.300,0,1,0.0,6.0,0
116.300,0,1,0.0,6.0,0
116.400,0,1,0.0,6.0,0
116.400,0,1,0.0,6.0,0
116.400,0,1,0.0,6.0,0
116.400,0,1,0.0,6.0,0
116.400,0,1,0.0,6.0,0
116.400,0,1,0.0,6.0,0
116.400,0,1,0.0,6.0,0
116.400,0,1,0.0,6.0,0
116.400,0,1,0.0,6.0,0
116.400,0,1,0.0,6.0,0
116.500,0,1,0.0,6.0,0
116.500,0,1,0.0,6.0,0
116.500,0,1,0.0,6.0,0
116.500,0,1,0.0,6.0,0
116.500,0,1,0.0,6.0,0
116.500,0,1,0.0,6.0,0
116.500,0,1,0.0,6.0,0
116.500,0,1,0.0,6.0,0
116.500,0,1,0.0,6.0,0
116.500,0,1,0.0,6.0,0
116.500,0,1,0.0,6.0,0
116.600,0,1,0.0,6.0,0
116.600,0,1,0.0,6.0,0
116.600,0,1,0.0,6.0,0
116.600,0,1,0.0,6.0,0
116.600,0,1,0.0,6.0,0
116.600,0,1,0.0,6.0,0
116.600,0,1,0.0,6.0,0
116.600,0,1,0.0,6.0,0
116.600,0,1,0.0,6.0,0
116.600,0,1,0.0,6.0,0
116.700,0,1,0.0,6.0,0
116.700,0,1,0.0,6.0,0
116.700,0,1,0.0,6.0,0
116.700,0,1,0.0,6.0,0
116.700,0,1,0.0,6.0,0
116.700,0,1,0.0,6.0,0
116.700,0,1,0.0,6.0,0
116.700,0,1,0.0,6.0,0
116.700,0,1,0.0,6.0,0
116.700,0,1,0.0,6.0,0
116.700,0,1,0.0,6.0,0
116.800,0,1,0.0,6.0,0
116.800,0,1,0.0,6.0,0
116.800,0,1,0.0,6.0,0
116.800,0,1,0.0,6.0,0
116.800,0,1,0.0,6.0,0
116.800,0,1,0.0,6.0,0
116.800,0,1,0.0,6.0,0
116.800,0,1,0.0,6.0,0
116.800,0,1,0.0,6.0,0
116.800,0,1,0.0,6.0,0
116.900,0,1,0.0,6.0,0
116.900,0,1,0.0,6.0,0
116.900,0,1,0.0,6.0,0
116.900,0,1,0.0,6.0,0
116.900,0,1,0.0,6.0,0
116.900,0,1,0.0,6.0,0
116.900,0,1,0.0,6.0,0
116.900,0,1,0.0,6.0,0
116.900,0,1,0.0,6.0,0
116.900,0,1,0.0,6.0,0
117.000,0,1,0.0,6.0,0
117.000,0,1,0.0,6.0,0
117.000,0,1,0.0,6.0,0
117.000,0,1,0.0,6.0,0
117.000,0,1,0.0,6.0,0
117.000,0,1,0.0,6.0,0
117.000,0,1,0.0,6.0,0
117.000,0,1,0.0,6.0,0
117.000,0,1,0.0,6.0,0
117.000,0,1,0.0,6.0,0
117.000,0,1,0.0,6.0,0
117.100,0,1,0.0,6.0,0
117.100,0,1,0.0,6.0,0
117.100,0,1,0.0,6.0,0
117.100,0,1,0.0,6.0,0
117.100,0,1,0.0,6.0,0
117.100,0,1,0.0,6.0,0
117.100,0,1,0.0,6.0,0
117.100,0,1,0.0,6.0,0
117.100,0,1,0.0,6.0,0
117.100,0,1,0.0,6.0,0
117.200,0,1,0.0,6.0,0
117.200,0,1,0.0,6.0,0
117.200,0,1,0.0,6.0,0
117.200,0,1,0.0,6.0,0
117.200,0,1,0.0,6.0,0
117.200,0,1,0.0,6.0,0
117.200,0,1,0.0,6.0,0
117.200,0,1,0.0,6.0,0
117.200,0,1,0.0,6.0,0
117.200,0,1,0.0,6.0,0
117.200,0,1,0.0,6.0,0
117.300,0,1,0.0,6.0,0
117.300,0,1,0.0,6.0,0
117.300,0,1,0.0,6.0,0
117.300,0,1,0.0,6.0,0
117.300,0,1,0.0,6.0,0
117.300,0,1,0.0,6.0,0
117.300,0,1,0.0,6.0,0
117.300,0,1,0.0,6.0,0
117.300,0,1,0.0,6.0,0
117.300,0,1,0.0,6.0,0
117.400,0,1,0.0,6.0,0
117.400,0,1,0.0,6.0,0
117.400,0,1,0.0,6.0,0
117.400,0,1,0.0,6.0,0
117.400,0,1,0.0,6.0,0
117.400,0,1,0.0,6.0,0
117.400,0,1,0.0,6.0,0
117.400,0,1,0.0,6.0,0
117.400,0,1,0.0,6.0,0
117.400,0,1,0.0,6.0,0
117.400,0,1,0.0,6.0,0
117.500,0,1,0.0,6.0,0
117.500,0,1,0.0,6.0,0
117.500,0,1,0.0,6.0,0
117.500,0,1,0.0,6.0,0
117.500,0,1,0.0,6.0,0
117.500,0,1,0.0,6.0,0
117.500,0,1,0.0,6.0,0
117.500,0,1,0.0,6.0,0
117.500,0,1,0.0,6.0,0
117.500,0,1,0.0,6.0,0
117.600,0,1,0.0,6.0,0
117.600,0,1,0.0,6.0,0
117.600,0,1,0.0,6.0,0
117.600,0,1,0.0,6.0,0
117.600,0,1,0.0,6.0,0
117.600,0,1,0.0,6.0,0
117.600,0,1,0.0,6.0,0
117.600,0,1,0.0,6.0,0
117.600,0,1,0.0,6.0,0
117.600,0,1,0.0,6.0,0
117.700,0,1,0.0,6.0,0
117.700,0,1,0.0,6.0,0
117.700,0,1,0.0,6.0,0
117.700,0,1,0.0,6.0,0
117.700,0,1,0.0,6.0,0
117.700,0,1,0.0,6.0,0
117.700,0,1,0.0,6.0,0
117.700,0,1,0.0,6.0,0
117.700,0,1,0.0,6.0,0
117.700,0,1,0.0,6.0,0
117.700,0,1,0.0,6.0,0
117.800,0,1,0.0,6.0,0
117.800,0,1,0.0,6.0,0
117.800,0,1,0.0,6.0,0
117.800,0,1,0.0,6.0,0
117.800,0,1,0.0,6.0,0
117.800,0,1,0.0,6.0,0
117.800,0,1,0.0,6.0,0
117.800,0,1,0.0,6.0,0
117.800,0,1,0.0,6.0,0
117.800,0,1,0.0,6.0,0
117.900,0,1,0.0,6.0,0
117.900,0,1,0.0,6.0,0
117.900,0,1,0.0,6.0,0
117.900,0,1,0.0,6.0,0
117.900,0,1,0.0,6.0,0
117.900,0,1,0.0,6.0,0
117.900,0,1,0.0,6.0,0
117.900,0,1,0.0,6.0,0
117.900,0,1,0.0,6.0,0
117.900,0,1,0.0,6.0,0
117.900,0,1,0.0,6.0,0
118.000,0,1,0.0,6.0,0
118.000,0,1,0.0,6.0,0
118.000,0,1,0.0,6.0,0
118.000,0,1,0.0,6.0,0
118.000,0,1,0.0,6.0,0
118.000,0,1,0.0,6.0,0
118.000,0,1,0.0,6.0,0
118.000,0,1,0.0,6.0,0
118.000,0,1,0.0,6.0,0
118.000,0,1,0.0,6.0,0
118.100,0,1,0.0,6.0,0
118.100,0,1,0.0,6.0,0
118.100,0,1,0.0,6.0,0
118.100,0,1,0.0,6.0,0
118.100,0,1,0.0,6.0,0
118.100,0,1,0.0,6.0,0
118.100,0,1,0.0,6.0,0
118.100,0,1,0.0,6.0,0
118.100,0,1,0.0,6.0,0
118.100,0,1,0.0,6.0,0
118.100,0,1,0.0,6.0,0
118.200,0,1,0.0,6.0,0
118.200,0,1,0.0,6.0,0
118.200,0,1,0.0,6.0,0
118.200,0,1,0.0,6.0,0
118.200,0,1,0.0,6.0,0
118.200,0,1,0.0,6.0,0
118.200,0,1,0.0,6.0,0
118.200,0,1,0.0,6.0,0
118.200,0,1,0.0,6.0,0
118.200,0,1,0.0,6.0,0
118.300,0,1,0.0,6.0,0
118.300,0,1,0.0,6.0,0
118.300,0,1,0.0,6.0,0
118.300,0,1,0.0,6.0,0
118.300,0,1,0.0,6.0,0
118.300,0,1,0.0,6.0,0
118.300,0,1,0.0,6.0,0
118.300,0,1,0.0,6.0,0
118.300,0,1,0.0,6.0,0
118.300,0,1,0.0,6.0,0
118.300,0,1,0.0,6.0,0
118.400,0,1,0.0,6.0,0
118.400,0,1,0.0,6.0,0
118.400,0,1,0.0,6.0,0
118.400,0,1,0.0,6.0,0
118.400,0,1,0.0,6.0,0
118.400,0,1,0.0,6.0,0
118.400,0,1,0.0,6.0,0
118.400,0,1,0.0,6.0,0
118.400,0,1,0.0,6.0,0
118.400,0,1,0.0,6.0,0
118.500,0,1,0.0,6.0,0
118.500,0,1,0.0,6.0,0
118.500,0,1,0.0,6.0,0
118.500,0,1,0.0,6.0,0
118.500,0,1,0.0,6.0,0
118.500,0,1,0.0,6.0,0
118.500,0,1,0.0,6.0,0
118.500,0,1,0.0,6.0,0
118.500,0,1,0.0,6.0,0
118.500,0,1,0.0,6.0,0
118.600,0,1,0.0,6.0,0
118.600,0,1,0.0,6.0,0
118.600,0,1,0.0,6.0,0
118.600,0,1,0.0,6.0,0
118.600,0,1,0.0,6.0,0
118.600,0,1,0.0,6.0,0
118.600,0,1,0.0,6.0,0
118.600,0,1,0.0,6.0,0
118.600,0,1,0.0,6.0,0
118.600,0,1,0.0,6.0,0
118.600,0,1,0.0,6.0,0
118.700,0,1,0.0,6.0,0
118.700,0,1,0.0,6.0,0
118.700,0,1,0.0,6.0,0
118.700,0,1,0.0,6.0,0
118.700,0,1,0.0,6.0,0
118.700,0,1,0.0,6.0,0
118.700,0,1,0.0,6.0,0
118.700,0,1,0.0,6.0,0
118.700,0,1,0.0,6.0,0
118.700,0,1,0.0,6.0,0
118.800,0,1,0.0,6.0,0
118.800,0,1,0.0,6.0,0
118.800,0,1,0.0,6.0,0
118.800,0,1,0.0,6.0,0
118.800,0,1,0.0,6.0,0
118.800,0,1,0.0,6.0,0
118.800,0,1,0.0,6.0,0
118.800,0,1,0.0,6.0,0
118.800,0,1,0.0,6.0,0
118.800,0,1,0.0,6.0,0
118.800,0,1,0.0,6.0,0
118.900,0,1,0.0,6.0,0
118.900,0,1,0.0,6.0,0
118.900,0,1,0.0,6.0,0
118.900,0,1,0.0,6.0,0
118.900,0,1,0.0,6.0,0
118.900,0,1,0.0,6.0,0
118.900,0,1,0.0,6.0,0
118.900,0,1,0.0,6.0,0
118.900,0,1,0.0,6.0,0
118.900,0,1,0.0,6.0,0
119.000,0,1,0.0,6.0,0
119.000,0,1,0.0,6.0,0
119.000,0,1,0.0,6.0,0
119.000,0,1,0.0,6.0,0
119.000,0,1,0.0,6.0,0
119.000,0,1,0.0,6.0,0
119.000,0,1,0.0,6.0,0
119.000,0,1,0.0,6.0,0
119.000,0,1,0.0,6.0,0
119.000,0,1,0.0,6.0,0
119.000,0,1,0.0,6.0,0
119.100,0,1,0.0,6.0,0
119.100,0,1,0.0,6.0,0
119.100,0,1,0.0,6.0,0
119.100,0,1,0.0,6.0,0
119.100,0,1,0.0,6.0,0
119.100,0,1,0.0,6.0,0
119.100,0,1,0.0,6.0,0
119.100,0,1,0.0,6.0,0
119.100,0,1,0.0,6.0,0
119.100,0,1,0.0,6.0,0
119.200,0,1,0.0,6.0,0
119.200,0,1,0.0,6.0,0
119.200,0,1,0.0,6.0,0
119.200,0,1,0.0,6.0,0
119.200,0,1,0.0,6.0,0
119.200,0,1,0.0,6.0,0
119.200,0,1,0.0,6.0,0
119.200,0,1,0.0,6.0,0
119.200,0,1,0.0,6.0,0
119.200,0,1,0.0,6.0,0
119.300,0,1,0.0,6.0,0
119.300,0,1,0.0,6.0,0
119.300,0,1,0.0,6.0,0
119.300,0,1,0.0,6.0,0
119.300,0,1,0.0,6.0,0
119.300,0,1,0.0,6.0,0
119.300,0,1,0.0,6.0,0
119.300,0,1,0.0,6.0,0
119.300,0,1,0.0,6.0,0
119.300,0,1,0.0,6.0,0
119.300,0,1,0.0,6.0,0
119.400,0,1,0.0,6.0,0
119.400,0,1,0.0,6.0,0
119.400,0,1,0.0,6.0,0
119.400,0,1,0.0,6.0,0
119.400,0,1,0.0,6.0,0
119.400,0,1,0.0,6.0,0
119.400,0,1,0.0,6.0,0
119.400,0,1,0.0,6.0,0
119.400,0,1,0.0,6.0,0
119.400,0,1,0.0,6.0,0
119.500,0,1,0.0,6.0,0
119.500,0,1,0.0,6.0,0
119.500,0,1,0.0,6.0,0
119.500,0,1,0.0,6.0,0
119.500,0,1,0.0,6.0,0
119.500,0,1,0.0,6.0,0
119.500,0,1,0.0,6.0,0
119.500,0,1,0.0,6.0,0
119.500,0,1,0.0,6.0,0
119.500,0,1,0.0,6.0,0
119.500,0,1,0.0,6.0,0
119.600,0,1,0.0,6.0,0
119.600,0,1,0.0,6.0,0
119.600,0,1,0.0,6.0,0
119.600,0,1,0.0,6.0,0
119.600,0,1,0.0,6.0,0
119.600,0,1,0.0,6.0,0
119.600,0,1,0.0,6.0,0
119.600,0,1,0.0,6.0,0
119.600,0,1,0.0,6.0,0
119.600,0,1,0.0,6.0,0
119.700,0,1,0.0,6.0,0
119.700,0,1,0.0,6.0,0
119.700,0,1,0.0,6.0,0
119.700,0,1,0.0,6.0,0
119.700,0,1,0.0,6.0,0
119.700,0,1,0.0,6.0,0
119.700,0,1,0.0,6.0,0
119.700,0,1,0.0,6.0,0
119.700,0,1,0.0,6.0,0
119.700,0,1,0.0,6.0,0
119.700,0,1,0.0,6.0,0
119.800,0,1,0.0,6.0,0
119.800,0,1,0.0,6.0,0
119.800,0,1,0.0,6.0,0
119.800,0,1,0.0,6.0,0
119.800,0,1,0.0,6.0,0
119.800,0,1,0.0,6.0,0
119.800,0,1,0.0,6.0,0
119.800,0,1,0.0,6.0,0
119.800,0,1,0.0,6.0,0
119.800,0,1,0.0,6.0,0
119.900,0,1,0.0,6.0,0
119.900,0,1,0.0,6.0,0
119.900,0,1,0.0,6.0,0
119.900,0,1,0.0,6.0,0
119.900,0,1,0.0,6.0,0
119.900,0,1,0.0,6.0,0
119.900,0,1,0.0,6.0,0
119.900,0,1,0.0,6.0,0
119.900,0,1,0.0,6.0,0
119.900,0,1,0.0,6.0,0
120.000,0,1,0.0,6.0,0
120.000,0,1,0.0,6.0,0
120.000,0,1,0.0,6.0,0
120.000,0,1,0.0,6.0,0
120.000,0,1,0.0,6.0,0
120.000,0,1,0.0,6.0,0
120.000,0,1,0.0,6.0,0
120.000,0,1,0.0,6.0,0
120.000,0,1,0.0,6.0,0
120.000,0,1,0.0,6.0,0
120.000,0,1,0.0,6.0,0
120.100,0,1,0.0,6.0,0
120.100,0,1,0.0,6.0,0
120.100,0,1,0.0,6.0,0
120.100,0,1,0.0,6.0,0
120.100,0,1,0.0,6.0,0
120.100,0,1,0.0,6.0,0
120.100,0,1,0.0,6.0,0
120.100,0,1,0.0,6.0,0
120.100,0,1,0.0,6.0,0
120.100,0,1,0.0,6.0,0
120.200,0,1,0.0,6.0,0
120.200,0,1,0.0,6.0,0
120.200,0,1,0.0,6.0,0
120.200,0,1,0.0,6.0,0
120.200,0,1,0.0,6.0,0
120.200,0,1,0.0,6.0,0
120.200,0,1,0.0,6.0,0
120.200,0,1,0.0,6.0,0
120.200,0,1,0.0,6.0,0
120.200,0,1,0.0,6.0,0
120.200,0,1,0.0,6.0,0
120.300,0,1,0.0,6.0,0
120.300,0,1,0.0,6.0,0
120.300,0,1,0.0,6.0,0
120.300,0,1,0.0,6.0,0
120.300,0,1,0.0,6.0,0
120.300,0,1,0.0,6.0,0
120.300,0,1,0.0,6.0,0
120.300,0,1,0.0,6.0,0
120.300,0,1,0.0,6.0,0
120.300,0,1,0.0,6.0,0
120.400,1,0,71.0,0.0,0
120.400,1,0,71.0,0.0,0
120.400,1,0,71.0,0.0,0
120.400,1,0,71.0,0.0,0
120.400,1,0,71.0,0.0,0
120.400,1,0,71.0,0.0,0
120.400,1,0,71.0,0.0,0
120.400,1,0,71.0,0.0,0
120.400,1,0,71.0,0.0,0
120.400,1,0,71.0,0.0,0
120.400,1,0,71.0,0.0,0
120.500,1,0,71.0,0.0,0
120.500,1,0,71.0,0.0,0
120.500,1,0,71.0,0.0,0
120.500,1,0,71.0,0.0,0
120.500,1,0,71.0,0.0,0
120.500,1,0,71.0,0.0,0
120.500,1,0,71.0,0.0,0
120.500,1,0,71.0,0.0,0
120.500,1,0,71.0,0.0,0
120.500,1,0,71.0,0.0,0
120.600,1,0,71.0,0.0,0
120.600,1,0,71.0,0.0,0
120.600,1,0,71.0,0.0,0
120.600,1,0,71.0,0.0,0
120.600,1,0,71.0,0.0,0
120.600,1,0,71.0,0.0,0
120.600,1,0,71.0,0.0,0
120.600,1,0,71.0,0.0,0
120.600,1,0,71.0,0.0,0
120.600,1,0,71.0,0.0,0
120.600,1,0,71.0,0.0,0
120.700,1,0,71.0,0.0,0
120.700,1,0,71.0,0.0,0
120.700,1,0,71.0,0.0,0
120.700,1,0,71.0,0.0,0
120.700,1,0,71.0,0.0,0
120.700,1,0,71.0,0.0,0
120.700,1,0,71.0,0.0,0
120.700,1,0,71.0,0.0,0
120.700,1,0,71.0,0.0,0
120.700,1,0,71.0,0.0,0
120.800,1,0,71.0,0.0,0
120.800,1,0,71.0,0.0,0
120.800,1,0,71.0,0.0,0
120.800,1,0,71.0,0.0,0
120.800,1,0,71.0,0.0,0
120.800,1,0,71.0,0.0,0
120.800,1,0,71.0,0.0,0
120.800,1,0,71.0,0.0,0
120.800,1,0,71.0,0.0,0
120.800,1,0,71.0,0.0,0
120.900,1,0,71.0,0.0,0
120.900,1,0,71.0,0.0,0
120.900,1,0,71.0,0.0,0
120.900,1,0,71.0,0.0,0
120.900,1,0,71.0,0.0,0
120.900,1,0,71.0,0.0,0
120.900,1,0,71.0,0.0,0
120.900,1,0,71.0,0.0,0
120.900,1,0,71.0,0.0,0
120.900,1,0,71.0,0.0,0
120.900,1,0,71.0,0.0,0
121.000,1,0,71.0,0.0,0
121.000,1,0,71.0,0.0,0
121.000,1,0,71.0,0.0,0
121.000,1,0,71.0,0.0,0
121.000,1,0,71.0,0.0,0
121.000,1,0,71.0,0.0,0
121.000,1,0,71.0,0.0,0
121.000,1,0,71.0,0.0,0
121.000,1,0,71.0,0.0,0
121.000,1,0,71.0,0.0,0
121.100,1,0,71.0,0.0,0
121.100,1,0,71.0,0.0,0
121.100,1,0,71.0,0.0,0
121.100,1,0,71.0,0.0,0
121.100,1,0,71.0,0.0,0
121.100,1,0,71.0,0.0,0
121.100,1,0,71.0,0.0,0
121.100,1,0,71.0,0.0,0
121.100,1,0,71.0,0.0,0
121.100,1,0,71.0,0.0,0
121.100,1,0,71.0,0.0,0
121.200,1,0,71.0,0.0,0
121.200,1,0,71.0,0.0,0
121.200,1,0,71.0,0.0,0
121.200,1,0,71.0,0.0,0
121.200,1,0,71.0,0.0,0
121.200,1,0,71.0,0.0,0
121.200,1,0,71.0,0.0,0
121.200,1,0,71.0,0.0,0
121.200,1,0,71.0,0.0,0
121.200,1,0,71.0,0.0,0
121.300,1,0,71.0,0.0,0
121.300,1,0,71.0,0.0,0
121.300,1,0,71.0,0.0,0
121.300,1,0,71.0,0.0,0
121.300,1,0,71.0,0.0,0
121.300,1,0,71.0,0.0,0
121.300,1,0,71.0,0.0,0
121.300,1,0,71.0,0.0,0
121.300,1,0,71.0,0.0,0
121.300,1,0,71.0,0.0,0
121.300,1,0,71.0,0.0,0
121.400,1,0,71.0,0.0,0
121.400,1,0,71.0,0.0,0
121.400,1,0,71.0,0.0,0
121.400,1,0,71.0,0.0,0
121.400,1,0,71.0,0.0,0
121.400,1,0,71.0,0.0,0
121.400,1,0,71.0,0.0,0
121.400,1,0,71.0,0.0,0
121.400,1,0,71.0,0.0,0
121.400,1,0,71.0,0.0,0
121.500,1,0,71.0,0.0,0
121.500,1,0,71.0,0.0,0
121.500,1,0,71.0,0.0,0
121.500,1,0,71.0,0.0,0
121.500,1,0,71.0,0.0,0
121.500,1,0,71.0,0.0,0
121.500,1,0,71.0,0.0,0
121.500,1,0,71.0,0.0,0
121.500,1,0,71.0,0.0,0
121.500,1,0,71.0,0.0,0
121.600,1,0,71.0,0.0,0
121.600,1,0,71.0,0.0,0
121.600,1,0,71.0,0.0,0
121.600,1,0,71.0,0.0,0
121.600,1,0,71.0,0.0,0
121.600,1,0,71.0,0.0,0
121.600,1,0,71.0,0.0,0
121.600,1,0,71.0,0.0,0
121.600,1,0,71.0,0.0,0
121.600,1,0,71.0,0.0,0
121.600,1,0,71.0,0.0,0
121.700,1,0,71.0,0.0,0
121.700,1,0,71.0,0.0,0
121.700,1,0,71.0,0.0,0
121.700,1,0,71.0,0.0,0
121.700,1,0,71.0,0.0,0
121.700,1,0,71.0,0.0,0
121.700,1,0,71.0,0.0,0
121.700,1,0,71.0,0.0,0
121.700,1,0,71.0,0.0,0
121.700,1,0,71.0,0.0,0
121.800,1,0,71.0,0.0,0
121.800,1,0,71.0,0.0,0
121.800,1,0,71.0,0.0,0
121.800,1,0,71.0,0.0,0
121.800,1,0,71.0,0.0,0
121.800,1,0,71.0,0.0,0
121.800,1,0,71.0,0.0,0
121.800,1,0,71.0,0.0,0
121.800,1,0,71.0,0.0,0
121.800,1,0,71.0,0.0,0
121.800,1,0,71.0,0.0,0
121.900,1,0,71.0,0.0,0
121.900,1,0,71.0,0.0,0
121.900,1,0,71.0,0.0,0
121.900,1,0,71.0,0.0,0
121.900,1,0,71.0,0.0,0
121.900,1,0,71.0,0.0,0
121.900,1,0,71.0,0.0,0
121.900,1,0,71.0,0.0,0
121.900,1,0,71.0,0.0,0
121.900,1,0,71.0,0.0,0
122.000,1,0,71.0,0.0,0
122.000,1,0,71.0,0.0,0
122.000,1,0,71.0,0.0,0
122.000,1,0,71.0,0.0,0
122.000,1,0,71.0,0.0,0
122.000,1,0,71.0,0.0,0
122.000,1,0,71.0,0.0,0
122.000,1,0,71.0,0.0,0
122.000,1,0,71.0,0.0,0
122.000,1,0,71.0,0.0,0
122.000,1,0,71.0,0.0,0
122.100,1,0,71.0,0.0,0
122.100,1,0,71.0,0.0,0
122.100,1,0,71.0,0.0,0
122.100,1,0,71.0,0.0,0
122.100,1,0,71.0,0.0,0
122.100,1,0,71.0,0.0,0
122.100,1,0,71.0,0.0,0
122.100,1,0,71.0,0.0,0
122.100,1,0,71.0,0.0,0
122.100,1,0,71.0,0.0,0
122.200,1,0,71.0,0.0,0
122.200,1,0,71.0,0.0,0
122.200,1,0,71.0,0.0,0
122.200,1,0,71.0,0.0,0
122.200,1,0,71.0,0.0,0
122.200,1,0,71.0,0.0,0
122.200,1,0,71.0,0.0,0
122.200,1,0,71.0,0.0,0
122.200,1,0,71.0,0.0,0
122.200,1,0,71.0,0.0,0
122.300,1,0,71.0,0.0,0
122.300,1,0,71.0,0.0,0
122.300,1,0,71.0,0.0,0
122.300,1,0,71.0,0.0,0
122.300,1,0,71.0,0.0,0
122.300,1,0,71.0,0.0,0
122.300,1,0,71.0,0.0,0
122.300,1,0,71.0,0.0,0
122.300,1,0,71.0,0.0,0
122.300,1,0,71.0,0.0,0
122.300,1,0,71.0,0.0,0
122.400,1,0,71.0,0.0,0
122.400,1,0,71.0,0.0,0
122.400,1,0,71.0,0.0,0
122.400,1,0,71.0,0.0,0
122.400,1,0,71.0,0.0,0
122.400,1,0,71.0,0.0,0
122.400,1,0,71.0,0.0,0
122.400,1,0,71.0,0.0,0
122.400,1,0,71.0,0.0,0
122.400,1,0,71.0,0.0,0
122.500,1,0,71.0,0.0,0
122.500,1,0,71.0,0.0,0
122.500,1,0,71.0,0.0,0
122.500,1,0,71.0,0.0,0
122.500,1,0,71.0,0.0,0
122.500,1,0,71.0,0.0,0
122.500,1,0,71.0,0.0,0
122.500,1,0,71.0,0.0,0
122.500,1,0,71.0,0.0,0
122.500,1,0,71.0,0.0,0
122.500,1,0,71.0,0.0,0
122.600,1,0,71.0,0.0,0
122.600,1,0,71.0,0.0,0
122.600,1,0,71.0,0.0,0
122.600,1,0,71.0,0.0,0
122.600,1,0,71.0,0.0,0
122.600,1,0,71.0,0.0,0
122.600,1,0,71.0,0.0,0
122.600,1,0,71.0,0.0,0
122.600,1,0,71.0,0.0,0
122.600,1,0,71.0,0.0,0
122.700,1,0,71.0,0.0,0
122.700,1,0,71.0,0.0,0
122.700,1,0,71.0,0.0,0
122.700,1,0,71.0,0.0,0
122.700,1,0,71.0,0.0,0
122.700,1,0,71.0,0.0,0
122.700,1,0,71.0,0.0,0
122.700,1,0,71.0,0.0,0
122.700,1,0,71.0,0.0,0
122.700,1,0,71.0,0.0,0
122.700,1,0,71.0,0.0,0
122.800,1,0,71.0,0.0,0
122.800,1,0,71.0,0.0,0
122.800,1,0,71.0,0.0,0
122.800,1,0,71.0,0.0,0
122.800,1,0,71.0,0.0,0
122.800,1,0,71.0,0.0,0
122.800,1,0,71.0,0.0,0
122.800,1,0,71.0,0.0,0
122.800,1,0,71.0,0.0,0
122.800,1,0,71.0,0.0,0
122.900,1,0,71.0,0.0,0
122.900,1,0,71.0,0.0,0
122.900,1,0,71.0,0.0,0
122.900,1,0,71.0,0.0,0
122.900,1,0,71.0,0.0,0
122.900,1,0,71.0,0.0,0
122.900,1,0,71.0,0.0,0
122.900,1,0,71.0,0.0,0
122.900,1,0,71.0,0.0,0
122.900,1,0,71.0,0.0,0
122.900,1,0,71.0,0.0,0
123.000,1,0,71.0,0.0,0
123.000,1,0,71.0,0.0,0
123.000,1,0,71.0,0.0,0
123.000,1,0,71.0,0.0,0
123.000,1,0,71.0,0.0,0
123.000,1,0,71.0,0.0,0
123.000,1,0,71.0,0.0,0
123.000,1,0,71.0,0.0,0
123.000,1,0,71.0,0.0,0
123.000,1,0,71.0,0.0,0
123.100,1,0,71.0,0.0,0
123.100,1,0,71.0,0.0,0
123.100,1,0,71.0,0.0,0
123.100,1,0,71.0,0.0,0
123.100,1,0,71.0,0.0,0
123.100,1,0,71.0,0.0,0
123.100,1,0,71.0,0.0,0
123.100,1,0,71.0,0.0,0
123.100,1,0,71.0,0.0,0
123.100,1,0,71.0,0.0,0
123.200,1,0,71.0,0.0,0
123.200,1,0,71.0,0.0,0
123.200,1,0,71.0,0.0,0
123.200,1,0,71.0,0.0,0
123.200,1,0,71.0,0.0,0
123.200,1,0,71.0,0.0,0
123.200,1,0,71.0,0.0,0
123.200,1,0,71.0,0.0,0
123.200,1,0,71.0,0.0,0
123.200,1,0,71.0,0.0,0
123.200,1,0,71.0,0.0,0
123.300,1,0,71.0,0.0,0
123.300,1,0,71.0,0.0,0
123.300,1,0,71.0,0.0,0
123.300,1,0,71.0,0.0,0
123.300,1,0,71.0,0.0,0
123.300,1,0,71.0,0.0,0
123.300,1,0,71.0,0.0,0
123.300,1,0,71.0,0.0,0
123.300,1,0,71.0,0.0,0
123.300,1,0,71.0,0.0,0
123.400,1,0,71.0,0.0,0
123.400,1,0,71.0,0.0,0
123.400,1,0,71.0,0.0,0
123.400,1,0,71.0,0.0,0
123.400,1,0,71.0,0.0,0
123.400,1,0,71.0,0.0,0
123.400,1,0,71.0,0.0,0
123.400,1,0,71.0,0.0,0
123.400,1,0,71.0,0.0,0
123.400,1,0,71.0,0.0,0
123.400,1,0,71.0,0.0,0
123.500,1,0,71.0,0.0,0
123.500,1,0,71.0,0.0,0
123.500,1,0,71.0,0.0,0
123.500,1,0,71.0,0.0,0
123.500,1,0,71.0,0.0,0
123.500,1,0,71.0,0.0,0
123.500,1,0,71.0,0.0,0
123.500,1,0,71.0,0.0,0
123.500,1,0,71.0,0.0,0
123.500,1,0,71.0,0.0,0
123.600,1,0,71.0,0.0,0
123.600,1,0,71.0,0.0,0
123.600,1,0,71.0,0.0,0
123.600,1,0,71.0,0.0,0
123.600,1,0,71.0,0.0,0
123.600,1,0,71.0,0.0,0
123.600,1,0,71.0,0.0,0
123.600,1,0,71.0,0.0,0
123.600,1,0,71.0,0.0,0
123.600,1,0,71.0,0.0,0
123.600,1,0,71.0,0.0,0
123.700,1,0,71.0,0.0,0
123.700,1,0,71.0,0.0,0
123.700,1,0,71.0,0.0,0
123.700,1,0,71.0,0.0,0
123.700,1,0,71.0,0.0,0
123.700,1,0,71.0,0.0,0
123.700,1,0,71.0,0.0,0
123.700,1,0,71.0,0.0,0
123.700,1,0,71.0,0.0,0
123.700,1,0,71.0,0.0,0
123.800,1,0,71.0,0.0,0
123.800,1,0,71.0,0.0,0
123.800,1,0,71.0,0.0,0
123.800,1,0,71.0,0.0,0
123.800,1,0,71.0,0.0,0
123.800,1,0,71.0,0.0,0
123.800,1,0,71.0,0.0,0
123.800,1,0,71.0,0.0,0
123.800,1,0,71.0,0.0,0
123.800,1,0,71.0,0.0,0
123.900,1,0,71.0,0.0,0
123.900,1,0,71.0,0.0,0
123.900,1,0,71.0,0.0,0
123.900,1,0,71.0,0.0,0
123.900,1,0,71.0,0.0,0
123.900,1,0,71.0,0.0,0
123.900,1,0,71.0,0.0,0
123.900,1,0,71.0,0.0,0
123.900,1,0,71.0,0.0,0
123.900,1,0,71.0,0.0,0
123.900,1,0,71.0,0.0,0
124.000,1,0,71.0,0.0,0
124.000,1,0,71.0,0.0,0
124.000,1,0,71.0,0.0,0
124.000,1,0,71.0,0.0,0
124.000,1,0,71.0,0.0,0
124.000,1,0,71.0,0.0,0
124.000,1,0,71.0,0.0,0
124.000,1,0,71.0,0.0,0
124.000,1,0,71.0,0.0,0
124.000,1,0,71.0,0.0,0
124.100,1,0,71.0,0.0,0
124.100,1,0,71.0,0.0,0
124.100,1,0,71.0,0.0,0
124.100,1,0,71.0,0.0,0
124.100,1,0,71.0,0.0,0
124.100,1,0,71.0,0.0,0
124.100,1,0,71.0,0.0,0
124.100,1,0,71.0,0.0,0
124.100,1,0,71.0,0.0,0
124.100,1,0,71.0,0.0,0
124.100,1,0,71.0,0.0,0
124.200,1,0,71.0,0.0,0
124.200,1,0,71.0,0.0,0
124.200,1,0,71.0,0.0,0
124.200,1,0,71.0,0.0,0
124.200,1,0,71.0,0.0,0
124.200,1,0,71.0,0.0,0
124.200,1,0,71.0,0.0,0
124.200,1,0,71.0,0.0,0
124.200,1,0,71.0,0.0,0
124.200,1,0,71.0,0.0,0
124.300,1,0,71.0,0.0,0
124.300,1,0,71.0,0.0,0
124.300,1,0,71.0,0.0,0
124.300,1,0,71.0,0.0,0
124.300,1,0,71.0,0.0,0
124.300,1,0,71.0,0.0,0
124.300,1,0,71.0,0.0,0
124.300,1,0,71.0,0.0,0
124.300,1,0,71.0,0.0,0
124.300,1,0,71.0,0.0,0
124.300,1,0,71.0,0.0,0
124.400,1,0,71.0,0.0,0
124.400,1,0,71.0,0.0,0
124.400,1,0,71.0,0.0,0
124.400,1,0,71.0,0.0,0
124.400,1,0,71.0,0.0,0
124.400,1,0,71.0,0.0,0
124.400,1,0,71.0,0.0,0
124.400,1,0,71.0,0.0,0
124.400,1,0,71.0,0.0,0
124.400,1,0,71.0,0.0,0
124.500,1,0,71.0,0.0,0
124.500,1,0,71.0,0.0,0
124.500,1,0,71.0,0.0,0
124.500,1,0,71.0,0.0,0
124.500,1,0,71.0,0.0,0
124.500,1,0,71.0,0.0,0
124.500,1,0,71.0,0.0,0
124.500,1,0,71.0,0.0,0
124.500,1,0,71.0,0.0,0
124.500,1,0,71.0,0.0,0
124.600,1,0,71.0,0.0,0
124.600,1,0,71.0,0.0,0
124.600,1,0,71.0,0.0,0
124.600,1,0,71.0,0.0,0
124.600,1,0,71.0,0.0,0
124.600,1,0,71.0,0.0,0
124.600,1,0,71.0,0.0,0
124.600,1,0,71.0,0.0,0
124.600,1,0,71.0,0.0,0
124.600,1,0,71.0,0.0,0
124.600,1,0,71.0,0.0,0
124.700,1,0,71.0,0.0,0
124.700,1,0,71.0,0.0,0
124.700,1,0,71.0,0.0,0
124.700,1,0,71.0,0.0,0
124.700,1,0,71.0,0.0,0
124.700,1,0,71.0,0.0,0
124.700,1,0,71.0,0.0,0
124.700,1,0,71.0,0.0,0
124.700,1,0,71.0,0.0,0
124.700,1,0,71.0,0.0,0
124.800,1,0,71.0,0.0,0
124.800,1,0,71.0,0.0,0
124.800,1,0,71.0,0.0,0
124.800,1,0,71.0,0.0,0
124.800,1,0,71.0,0.0,0
124.800,1,0,71.0,0.0,0
124.800,1,0,71.0,0.0,0
124.800,1,0,71.0,0.0,0
124.800,1,0,71.0,0.0,0
124.800,1,0,71.0,0.0,0
124.800,1,0,71.0,0.0,0
124.900,1,0,71.0,0.0,0
124.900,1,0,71.0,0.0,0
124.900,1,0,71.0,0.0,0
124.900,1,0,71.0,0.0,0
124.900,1,0,71.0,0.0,0
124.900,1,0,71.0,0.0,0
124.900,1,0,71.0,0.0,0
124.900,1,0,71.0,0.0,0
124.900,1,0,71.0,0.0,0
124.900,1,0,71.0,0.0,0
125.000,1,0,71.0,0.0,0
125.000,1,0,71.0,0.0,0
125.000,1,0,71.0,0.0,0
125.000,1,0,71.0,0.0,0
125.000,1,0,71.0,0.0,0
125.000,1,0,71.0,0.0,0
125.000,1,0,71.0,0.0,0
125.000,1,0,71.0,0.0,0
125.000,1,0,71.0,0.0,0
125.000,1,0,71.0,0.0,0
125.000,1,0,71.0,0.0,0
125.100,1,0,71.0,0.0,0
125.100,1,0,71.0,0.0,0
125.100,1,0,71.0,0.0,0
125.100,1,0,71.0,0.0,0
125.100,1,0,71.0,0.0,0
125.100,1,0,71.0,0.0,0
125.100,1,0,71.0,0.0,0
125.100,1,0,71.0,0.0,0
125.100,1,0,71.0,0.0,0
125.100,1,0,71.0,0.0,0
125.200,1,0,71.0,0.0,0
125.200,1,0,71.0,0.0,0
125.200,1,0,71.0,0.0,0
125.200,1,0,71.0,0.0,0
125.200,1,0,71.0,0.0,0
125.200,1,0,71.0,0.0,0
125.200,1,0,71.0,0.0,0
125.200,1,0,71.0,0.0,0
125.200,1,0,71.0,0.0,0
125.200,1,0,71.0,0.0,0
125.200,1,0,71.0,0.0,0
125.300,1,0,71.0,0.0,0
125.300,1,0,71.0,0.0,0
125.300,1,0,71.0,0.0,0
125.300,1,0,71.0,0.0,0
125.300,1,0,71.0,0.0,0
125.300,1,0,71.0,0.0,0
125.300,1,0,71.0,0.0,0
125.300,1,0,71.0,0.0,0
125.300,1,0,71.0,0.0,0
125.300,1,0,71.0,0.0,0
125.400,1,0,71.0,0.0,0
125.400,1,0,71.0,0.0,0
125.400,1,0,71.0,0.0,0
125.400,1,0,71.0,0.0,0
125.400,1,0,71.0,0.0,0
125.400,1,0,71.0,0.0,0
125.400,1,0,71.0,0.0,0
125.400,1,0,71.0,0.0,0
125.400,1,0,71.0,0.0,0
125.400,1,0,71.0,0.0,0
125.500,1,0,71.0,0.0,0
125.500,1,0,71.0,0.0,0
125.500,1,0,71.0,0.0,0
125.500,1,0,71.0,0.0,0
125.500,1,0,71.0,0.0,0
125.500,1,0,71.0,0.0,0
125.500,1,0,71.0,0.0,0
125.500,1,0,71.0,0.0,0
125.500,1,0,71.0,0.0,0
125.500,1,0,71.0,0.0,0
125.500,1,0,71.0,0.0,0
125.600,1,0,71.0,0.0,0
125.600,1,0,71.0,0.0,0
125.600,1,0,71.0,0.0,0
125.600,1,0,71.0,0.0,0
125.600,1,0,71.0,0.0,0
125.600,1,0,71.0,0.0,0
125.600,1,0,71.0,0.0,0
125.600,1,0,71.0,0.0,0
125.600,1,0,71.0,0.0,0
125.600,1,0,71.0,0.0,0
125.700,1,0,71.0,0.0,0
125.700,1,0,71.0,0.0,0
125.700,1,0,71.0,0.0,0
125.700,1,0,71.0,0.0,0
125.700,1,0,71.0,0.0,0
125.700,1,0,71.0,0.0,0
125.700,1,0,71.0,0.0,0
125.700,1,0,71.0,0.0,0
125.700,1,0,71.0,0.0,0
125.700,1,0,71.0,0.0,0
125.700,1,0,71.0,0.0,0
125.800,1,0,71.0,0.0,0
125.800,1,0,71.0,0.0,0
125.800,1,0,71.0,0.0,0
125.800,1,0,71.0,0.0,0
125.800,1,0,71.0,0.0,0
125.800,1,0,71.0,0.0,0
125.800,1,0,71.0,0.0,0
125.800,1,0,71.0,0.0,0
125.800,1,0,71.0,0.0,0
125.800,1,0,71.0,0.0,0
125.900,1,0,71.0,0.0,0
125.900,1,0,71.0,0.0,0
125.900,1,0,71.0,0.0,0
125.900,1,0,71.0,0.0,0
125.900,1,0,71.0,0.0,0
125.900,1,0,71.0,0.0,0
125.900,1,0,71.0,0.0,0
125.900,1,0,71.0,0.0,0
125.900,1,0,71.0,0.0,0
125.900,1,0,71.0,0.0,0
125.900,1,0,71.0,0.0,0
126.000,1,0,71.0,0.0,0
126.000,1,0,71.0,0.0,0
126.000,1,0,71.0,0.0,0
126.000,1,0,71.0,0.0,0
126.000,1,0,71.0,0.0,0
126.000,1,0,71.0,0.0,0
126.000,1,0,71.0,0.0,0
126.000,1,0,71.0,0.0,0
126.000,1,0,71.0,0.0,0
126.000,1,0,71.0,0.0,0
126.100,1,0,71.0,0.0,0
126.100,1,0,71.0,0.0,0
126.100,1,0,71.0,0.0,0
126.100,1,0,71.0,0.0,0
126.100,1,0,71.0,0.0,0
126.100,1,0,71.0,0.0,0
126.100,1,0,71.0,0.0,0
126.100,1,0,71.0,0.0,0
126.100,1,0,71.0,0.0,0
126.100,1,0,71.0,0.0,0
126.200,1,0,71.0,0.0,0
126.200,1,0,71.0,0.0,0
126.200,1,0,71.0,0.0,0
126.200,1,0,71.0,0.0,0
126.200,1,0,71.0,0.0,0
126.200,1,0,71.0,0.0,0
126.200,1,0,71.0,0.0,0
126.200,1,0,71.0,0.0,0
126.200,1,0,71.0,0.0,0
126.200,1,0,71.0,0.0,0
126.200,1,0,71.0,0.0,0
126.300,1,0,71.0,0.0,0
126.300,1,0,71.0,0.0,0
126.300,1,0,71.0,0.0,0
126.300,1,0,71.0,0.0,0
126.300,1,0,71.0,0.0,0
126.300,1,0,71.0,0.0,0
126.300,1,0,71.0,0.0,0
126.300,1,0,71.0,0.0,0
126.300,1,0,71.0,0.0,0
126.300,1,0,71.0,0.0,0
126.400,1,0,71.0,0.0,0
126.400,1,0,71.0,0.0,0
126.400,1,0,71.0,0.0,0
126.400,1,0,71.0,0.0,0
126.400,1,0,71.0,0.0,0
126.400,1,0,71.0,0.0,0
126.400,1,0,71.0,0.0,0
126.400,1,0,71.0,0.0,0
126.400,1,0,71.0,0.0,0
126.400,1,0,71.0,0.0,0
126.400,1,0,71.0,0.0,0
126.500,1,0,71.0,0.0,0
126.500,1,0,71.0,0.0,0
126.500,1,0,71.0,0.0,0
126.500,1,0,71.0,0.0,0
126.500,1,0,71.0,0.0,0
126.500,1,0,71.0,0.0,0
126.500,1,0,71.0,0.0,0
126.500,1,0,71.0,0.0,0
126.500,1,0,71.0,0.0,0
126.500,1,0,71.0,0.0,0
126.600,1,0,71.0,0.0,0
126.600,1,0,71.0,0.0,0
126.600,1,0,71.0,0.0,0
126.600,1,0,71.0,0.0,0
126.600,1,0,71.0,0.0,0
126.600,1,0,71.0,0.0,0
126.600,1,0,71.0,0.0,0
126.600,1,0,71.0,0.0,0
126.600,1,0,71.0,0.0,0
126.600,1,0,71.0,0.0,0
126.600,1,0,71.0,0.0,0
126.700,1,0,71.0,0.0,0
126.700,1,0,71.0,0.0,0
126.700,1,0,71.0,0.0,0
126.700,1,0,71.0,0.0,0
126.700,1,0,71.0,0.0,0
126.700,1,0,71.0,0.0,0
126.700,1,0,71.0,0.0,0
126.700,1,0,71.0,0.0,0
126.700,1,0,71.0,0.0,0
126.700,1,0,71.0,0.0,0
126.800,1,0,71.0,0.0,0
126.800,1,0,71.0,0.0,0
126.800,1,0,71.0,0.0,0
126.800,1,0,71.0,0.0,0
126.800,1,0,71.0,0.0,0
126.800,1,0,71.0,0.0,0
126.800,1,0,71.0,0.0,0
126.800,1,0,71.0,0.0,0
126.800,1,0,71.0,0.0,0
126.800,1,0,71.0,0.0,0
126.900,1,0,71.0,0.0,0
126.900,1,0,71.0,0.0,0
126.900,1,0,71.0,0.0,0
126.900,1,0,71.0,0.0,0
126.900,1,0,71.0,0.0,0
126.900,1,0,71.0,0.0,0
126.900,1,0,71.0,0.0,0
126.900,1,0,71.0,0.0,0
126.900,1,0,71.0,0.0,0
126.900,1,0,71.0,0.0,0
126.900,1,0,71.0,0.0,0
127.000,1,0,71.0,0.0,0
127.000,1,0,71.0,0.0,0
127.000,1,0,71.0,0.0,0
127.000,1,0,71.0,0.0,0
127.000,1,0,71.0,0.0,0
127.000,1,0,71.0,0.0,0
127.000,1,0,71.0,0.0,0
127.000,1,0,71.0,0.0,0
127.000,1,0,71.0,0.0,0
127.000,1,0,71.0,0.0,0
127.100,0,0,0.0,0.0,0
127.100,0,0,0.0,0.0,0
127.100,0,0,0.0,0.0,0
127.100,0,0,0.0,0.0,0
127.100,0,0,0.0,0.0,0
127.100,0,0,0.0,0.0,0
127.100,0,0,0.0,0.0,0
127.100,0,0,0.0,0.0,0
127.100,0,0,0.0,0.0,0
127.100,0,0,0.0,0.0,0
127.100,0,0,0.0,0.0,0
127.200,0,0,0.0,0.0,0
127.200,0,0,0.0,0.0,0
127.200,0,0,0.0,0.0,0
127.200,0,0,0.0,0.0,0
127.200,0,0,0.0,0.0,0
127.200,0,0,0.0,0.0,0
127.200,0,0,0.0,0.0,0
127.200,0,0,0.0,0.0,0
127.200,0,0,0.0,0.0,0
127.200,0,0,0.0,0.0,0
127.300,0,0,0.0,0.0,0
127.300,0,0,0.0,0.0,0
127.300,0,0,0.0,0.0,0
127.300,0,0,0.0,0.0,0
127.300,0,0,0.0,0.0,0
127.300,0,0,0.0,0.0,0
127.300,0,0,0.0,0.0,0
127.300,0,0,0.0,0.0,0
127.300,0,0,0.0,0.0,0
127.300,0,0,0.0,0.0,0
127.300,0,0,0.0,0.0,0
127.400,0,0,0.0,0.0,0
127.400,0,0,0.0,0.0,0
127.400,0,0,0.0,0.0,0
127.400,0,0,0.0,0.0,0
127.400,0,0,0.0,0.0,0
127.400,0,0,0.0,0.0,0
127.400,0,0,0.0,0.0,0
127.400,0,0,0.0,0.0,0
127.400,0,0,0.0,0.0,0
127.400,0,0,0.0,0.0,0
127.500,0,0,0.0,0.0,0
127.500,0,0,0.0,0.0,0
127.500,0,0,0.0,0.0,0
127.500,0,0,0.0,0.0,0
127.500,0,0,0.0,0.0,0
127.500,0,0,0.0,0.0,0
127.500,0,0,0.0,0.0,0
127.500,0,0,0.0,0.0,0
127.500,0,0,0.0,0.0,0
127.500,0,0,0.0,0.0,0
127.500,0,0,0.0,0.0,0
127.600,0,0,0.0,0.0,0
127.600,0,0,0.0,0.0,0
127.600,0,0,0.0,0.0,0
127.600,0,0,0.0,0.0,0
127.600,0,0,0.0,0.0,0
127.600,0,0,0.0,0.0,0
127.600,0,0,0.0,0.0,0
127.600,0,0,0.0,0.0,0
127.600,0,0,0.0,0.0,0
127.600,0,0,0.0,0.0,0
127.700,0,0,0.0,0.0,0
127.700,0,0,0.0,0.0,0
127.700,0,0,0.0,0.0,0
127.700,0,0,0.0,0.0,0
127.700,0,0,0.0,0.0,0
127.700,0,0,0.0,0.0,0
127.700,0,0,0.0,0.0,0
127.700,0,0,0.0,0.0,0
127.700,0,0,0.0,0.0,0
127.700,0,0,0.0,0.0,0
127.800,0,0,0.0,0.0,0
127.800,0,0,0.0,0.0,0
127.800,0,0,0.0,0.0,0
127.800,0,0,0.0,0.0,0
127.800,0,0,0.0,0.0,0
127.800,0,0,0.0,0.0,0
127.800,0,0,0.0,0.0,0
127.800,0,0,0.0,0.0,0
127.800,0,0,0.0,0.0,0
127.800,0,0,0.0,0.0,0
127.800,0,0,0.0,0.0,0
127.900,0,0,0.0,0.0,0
127.900,0,0,0.0,0.0,0
127.900,0,0,0.0,0.0,0
127.900,0,0,0.0,0.0,0
127.900,0,0,0.0,0.0,0
127.900,0,0,0.0,0.0,0
127.900,0,0,0.0,0.0,0
127.900,0,0,0.0,0.0,0
127.900,0,0,0.0,0.0,0
127.900,0,0,0.0,0.0,0
128.000,0,0,0.0,0.0,0
128.000,0,0,0.0,0.0,0
128.000,0,0,0.0,0.0,0
128.000,0,0,0.0,0.0,0
128.000,0,0,0.0,0.0,0
128.000,0,0,0.0,0.0,0
128.000,0,0,0.0,0.0,0
128.000,0,0,0.0,0.0,0
128.000,0,0,0.0,0.0,0
128.000,0,0,0.0,0.0,0
128.000,0,0,0.0,0.0,0
128.100,0,0,0.0,0.0,0
128.100,0,0,0.0,0.0,0
128.100,0,0,0.0,0.0,0
128.100,0,0,0.0,0.0,0
128.100,0,0,0.0,0.0,0
128.100,0,0,0.0,0.0,0
128.100,0,0,0.0,0.0,0
128.100,0,0,0.0,0.0,0
128.100,0,0,0.0,0.0,0
128.100,0,0,0.0,0.0,0
128.200,0,0,0.0,0.0,0
128.200,0,0,0.0,0.0,0
128.200,0,0,0.0,0.0,0
128.200,0,0,0.0,0.0,0
128.200,0,0,0.0,0.0,0
128.200,0,0,0.0,0.0,0
128.200,0,0,0.0,0.0,0
128.200,0,0,0.0,0.0,0
128.200,0,0,0.0,0.0,0
128.200,0,0,0.0,0.0,0
128.200,0,0,0.0,0.0,0
128.300,0,0,0.0,0.0,0
128.300,0,0,0.0,0.0,0
128.300,0,0,0.0,0.0,0
128.300,0,0,0.0,0.0,0
128.300,0,0,0.0,0.0,0
128.300,0,0,0.0,0.0,0
128.300,0,0,0.0,0.0,0
128.300,0,0,0.0,0.0,0
128.300,0,0,0.0,0.0,0
128.300,0,0,0.0,0.0,0
128.400,0,0,0.0,0.0,0
128.400,0,0,0.0,0.0,0
128.400,0,0,0.0,0.0,0
128.400,0,0,0.0,0.0,0
128.400,0,0,0.0,0.0,0
128.400,0,0,0.0,0.0,0
128.400,0,0,0.0,0.0,0
128.400,0,0,0.0,0.0,0
128.400,0,0,0.0,0.0,0
128.400,0,0,0.0,0.0,0
128.500,0,0,0.0,0.0,0
128.500,0,0,0.0,0.0,0
128.500,0,0,0.0,0.0,0
128.500,0,0,0.0,0.0,0
128.500,0,0,0.0,0.0,0
128.500,0,0,0.0,0.0,0
128.500,0,0,0.0,0.0,0
128.500,0,0,0.0,0.0,0
128.500,0,0,0.0,0.0,0
128.500,0,0,0.0,0.0,0
128.500,0,0,0.0,0.0,0
128.600,0,0,0.0,0.0,0
128.600,0,0,0.0,0.0,0
128.600,0,0,0.0,0.0,0
128.600,0,0,0.0,0.0,0
128.600,0,0,0.0,0.0,0
128.600,0,0,0.0,0.0,0
128.600,0,0,0.0,0.0,0
128.600,0,0,0.0,0.0,0
128.600,0,0,0.0,0.0,0
128.600,0,0,0.0,0.0,0
128.700,0,0,0.0,0.0,0
128.700,0,0,0.0,0.0,0
128.700,0,0,0.0,0.0,0
128.700,0,0,0.0,0.0,0
128.700,0,0,0.0,0.0,0
128.700,0,0,0.0,0.0,0
128.700,0,0,0.0,0.0,0
128.700,0,0,0.0,0.0,0
128.700,0,0,0.0,0.0,0
128.700,0,0,0.0,0.0,0
128.700,0,0,0.0,0.0,0
128.800,0,0,0.0,0.0,0
128.800,0,0,0.0,0.0,0
128.800,0,0,0.0,0.0,0
128.800,0,0,0.0,0.0,0
128.800,0,0,0.0,0.0,0
128.800,0,0,0.0,0.0,0
128.800,0,0,0.0,0.0,0
128.800,0,0,0.0,0.0,0
128.800,0,0,0.0,0.0,0
128.800,0,0,0.0,0.0,0
128.900,0,0,0.0,0.0,0
128.900,0,0,0.0,0.0,0
128.900,0,0,0.0,0.0,0
128.900,0,0,0.0,0.0,0
128.900,0,0,0.0,0.0,0
128.900,0,0,0.0,0.0,0
128.900,0,0,0.0,0.0,0
128.900,0,0,0.0,0.0,0
128.900,0,0,0.0,0.0,0
128.900,0,0,0.0,0.0,0
128.900,0,0,0.0,0.0,0
129.000,0,0,0.0,0.0,0
129.000,0,0,0.0,0.0,0
129.000,0,0,0.0,0.0,0
129.000,0,0,0.0,0.0,0
129.000,0,0,0.0,0.0,0
129.000,0,0,0.0,0.0,0
129.000,0,0,0.0,0.0,0
129.000,0,0,0.0,0.0,0
129.000,0,0,0.0,0.0,0
129.000,0,0,0.0,0.0,0
129.100,0,0,0.0,0.0,0
129.100,0,0,0.0,0.0,0
129.100,0,0,0.0,0.0,0
129.100,0,0,0.0,0.0,0
129.100,0,0,0.0,0.0,0
129.100,0,0,0.0,0.0,0
129.100,0,0,0.0,0.0,0
129.100,0,0,0.0,0.0,0
129.100,0,0,0.0,0.0,0
129.100,0,0,0.0,0.0,0
129.200,0,0,0.0,0.0,0
129.200,0,0,0.0,0.0,0
129.200,0,0,0.0,0.0,0
129.200,0,0,0.0,0.0,0
129.200,0,0,0.0,0.0,0
129.200,0,0,0.0,0.0,0
129.200,0,0,0.0,0.0,0
129.200,0,0,0.0,0.0,0
129.200,0,0,0.0,0.0,0
129.200,0,0,0.0,0.0,0
129.200,0,0,0.0,0.0,0
129.300,0,0,0.0,0.0,0
129.300,0,0,0.0,0.0,0
129.300,0,0,0.0,0.0,0
129.300,0,0,0.0,0.0,0
129.300,0,0,0.0,0.0,0
129.300,0,0,0.0,0.0,0
129.300,0,0,0.0,0.0,0
129.300,0,0,0.0,0.0,0
129.300,0,0,0.0,0.0,0
129.300,0,0,0.0,0.0,0
129.400,0,0,0.0,0.0,0
129.400,0,0,0.0,0.0,0
129.400,0,0,0.0,0.0,0
129.400,0,0,0.0,0.0,0
129.400,0,0,0.0,0.0,0
129.400,0,0,0.0,0.0,0
129.400,0,0,0.0,0.0,0
129.400,0,0,0.0,0.0,0
129.400,0,0,0.0,0.0,0
129.400,0,0,0.0,0.0,0
129.400,0,0,0.0,0.0,0
129.500,0,0,0.0,0.0,0
129.500,0,0,0.0,0.0,0
129.500,0,0,0.0,0.0,0
129.500,0,0,0.0,0.0,0
129.500,0,0,0.0,0.0,0
129.500,0,0,0.0,0.0,0
129.500,0,0,0.0,0.0,0
129.500,0,0,0.0,0.0,0
129.500,0,0,0.0,0.0,0
129.500,0,0,0.0,0.0,0
129.600,0,0,0.0,0.0,0
129.600,0,0,0.0,0.0,0
129.600,0,0,0.0,0.0,0
129.600,0,0,0.0,0.0,0
129.600,0,0,0.0,0.0,0
129.600,0,0,0.0,0.0,0
129.600,0,0,0.0,0.0,0
129.600,0,0,0.0,0.0,0
129.600,0,0,0.0,0.0,0
129.600,0,0,0.0,0.0,0
129.600,0,0,0.0,0.0,0
129.700,0,0,0.0,0.0,0
129.700,0,0,0.0,0.0,0
129.700,0,0,0.0,0.0,0
129.700,0,0,0.0,0.0,0
129.700,0,0,0.0,0.0,0
129.700,0,0,0.0,0.0,0
129.700,0,0,0.0,0.0,0
129.700,0,0,0.0,0.0,0
129.700,0,0,0.0,0.0,0
129.700,0,0,0.0,0.0,0
129.800,0,0,0.0,0.0,0
129.800,0,0,0.0,0.0,0
129.800,0,0,0.0,0.0,0
129.800,0,0,0.0,0.0,0
129.800,0,0,0.0,0.0,0
129.800,0,0,0.0,0.0,0
129.800,0,0,0.0,0.0,0
129.800,0,0,0.0,0.0,0
129.800,0,0,0.0,0.0,0
129.800,0,0,0.0,0.0,0
129.800,0,0,0.0,0.0,0
129.900,0,0,0.0,0.0,0
129.900,0,0,0.0,0.0,0
129.900,0,0,0.0,0.0,0
129.900,0,0,0.0,0.0,0
129.900,0,0,0.0,0.0,0
129.900,0,0,0.0,0.0,0
129.900,0,0,0.0,0.0,0
129.900,0,0,0.0,0.0,0
129.900,0,0,0.0,0.0,0
129.900,0,0,0.0,0.0,0
130.000,0,0,0.0,0.0,0
130.000,0,0,0.0,0.0,0
130.000,0,0,0.0,0.0,0
130.000,0,0,0.0,0.0,0
130.000,0,0,0.0,0.0,0
130.000,0,0,0.0,0.0,0
130.000,0,0,0.0,0.0,0
130.000,0,0,0.0,0.0,0
130.000,0,0,0.0,0.0,0
130.000,0,0,0.0,0.0,0
130.100,0,0,0.0,0.0,0
130.100,0,0,0.0,0.0,0
130.100,0,0,0.0,0.0,0
130.100,0,0,0.0,0.0,0
130.100,0,0,0.0,0.0,0
130.100,0,0,0.0,0.0,0
130.100,0,0,0.0,0.0,0
130.100,0,0,0.0,0.0,0
130.100,0,0,0.0,0.0,0
130.100,0,0,0.0,0.0,0
130.100,0,0,0.0,0.0,0
130.200,0,0,0.0,0.0,0
130.200,0,0,0.0,0.0,0
130.200,0,0,0.0,0.0,0
130.200,0,0,0.0,0.0,0
130.200,0,0,0.0,0.0,0
130.200,0,0,0.0,0.0,0
130.200,0,0,0.0,0.0,0
130.200,0,0,0.0,0.0,0
130.200,0,0,0.0,0.0,0
130.200,0,0,0.0,0.0,0
130.300,0,0,0.0,0.0,0
130.300,0,0,0.0,0.0,0
130.300,0,0,0.0,0.0,0
130.300,0,0,0.0,0.0,0
130.300,0,0,0.0,0.0,0
130.300,0,0,0.0,0.0,0
130.300,0,0,0.0,0.0,0
130.300,0,0,0.0,0.0,0
130.300,0,0,0.0,0.0,0
130.300,0,0,0.0,0.0,0
130.300,0,0,0.0,0.0,0
130.400,0,0,0.0,0.0,0
130.400,0,0,0.0,0.0,0
130.400,0,0,0.0,0.0,0
130.400,0,0,0.0,0.0,0
130.400,0,0,0.0,0.0,0
130.400,0,0,0.0,0.0,0
130.400,0,0,0.0,0.0,0
130.400,0,0,0.0,0.0,0
130.400,0,0,0.0,0.0,0
130.400,0,0,0.0,0.0,0
130.500,0,0,0.0,0.0,0
130.500,0,0,0.0,0.0,0
130.500,0,0,0.0,0.0,0
130.500,0,0,0.0,0.0,0
130.500,0,0,0.0,0.0,0
130.500,0,0,0.0,0.0,0
130.500,0,0,0.0,0.0,0
130.500,0,0,0.0,0.0,0
130.500,0,0,0.0,0.0,0
130.500,0,0,0.0,0.0,0
130.500,0,0,0.0,0.0,0
130.600,0,0,0.0,0.0,0
130.600,0,0,0.0,0.0,0
130.600,0,0,0.0,0.0,0
130.600,0,0,0.0,0.0,0
130.600,0,0,0.0,0.0,0
130.600,0,0,0.0,0.0,0
130.600,0,0,0.0,0.0,0
130.600,0,0,0.0,0.0,0
130.600,0,0,0.0,0.0,0
130.600,0,0,0.0,0.0,0
130.700,0,0,0.0,0.0,0
130.700,0,0,0.0,0.0,0
130.700,0,0,0.0,0.0,0
130.700,0,0,0.0,0.0,0
130.700,0,0,0.0,0.0,0
130.700,0,0,0.0,0.0,0
130.700,0,0,0.0,0.0,0
130.700,0,0,0.0,0.0,0
130.700,0,0,0.0,0.0,0
130.700,0,0,0.0,0.0,0
130.800,0,0,0.0,0.0,0
130.800,0,0,0.0,0.0,0
130.800,0,0,0.0,0.0,0
130.800,0,0,0.0,0.0,0
130.800,0,0,0.0,0.0,0
130.800,0,0,0.0,0.0,0
130.800,0,0,0.0,0.0,0
130.800,0,0,0.0,0.0,0
130.800,0,0,0.0,0.0,0
130.800,0,0,0.0,0.0,0
130.800,0,0,0.0,0.0,0
