t_sec,turn_class,hill_class,turn_angle_deg,hill_angle_deg,is_straight
0.000,0,0,0.0,0.0,1
0.000,0,0,0.0,0.0,1
0.000,0,0,0.0,0.0,1
0.000,0,0,0.0,0.0,1
0.000,0,0,0.0,0.0,1
0.000,0,0,0.0,0.0,1
0.000,0,0,0.0,0.0,1
0.000,0,0,0.0,0.0,1
0.000,0,0,0.0,0.0,1
0.000,0,0,0.0,0.0,1
0.000,0,0,0.0,0.0,1
0.000,0,0,0.0,0.0,1
0.100,0,0,0.0,0.0,1
0.100,0,0,0.0,0.0,1
0.100,0,0,0.0,0.0,1
0.100,0,0,0.0,0.0,1
0.100,0,0,0.0,0.0,1
0.100,0,0,0.0,0.0,1
0.100,0,0,0.0,0.0,1
0.100,0,0,0.0,0.0,1
0.100,0,0,0.0,0.0,1
0.100,0,0,0.0,0.0,1
0.200,0,0,0.0,0.0,1
0.200,0,0,0.0,0.0,1
0.200,0,0,0.0,0.0,1
0.200,0,0,0.0,0.0,1
0.200,0,0,0.0,0.0,1
0.200,0,0,0.0,0.0,1
0.200,0,0,0.0,0.0,1
0.200,0,0,0.0,0.0,1
0.200,0,0,0.0,0.0,1
0.200,0,0,0.0,0.0,1
0.200,0,0,0.0,0.0,1
0.300,0,0,0.0,0.0,1
0.300,0,0,0.0,0.0,1
0.300,0,0,0.0,0.0,1
0.300,0,0,0.0,0.0,1
0.300,0,0,0.0,0.0,1
0.300,0,0,0.0,0.0,1
0.300,0,0,0.0,0.0,1
0.300,0,0,0.0,0.0,1
0.300,0,0,0.0,0.0,1
0.300,0,0,0.0,0.0,1
0.400,0,0,0.0,0.0,1
0.400,0,0,0.0,0.0,1
0.400,0,0,0.0,0.0,1
0.400,0,0,0.0,0.0,1
0.400,0,0,0.0,0.0,1
0.400,0,0,0.0,0.0,1
0.400,0,0,0.0,0.0,1
0.400,0,0,0.0,0.0,1
0.400,0,0,0.0,0.0,1
0.400,0,0,0.0,0.0,1
0.400,0,0,0.0,0.0,1
0.500,0,0,0.0,0.0,1
0.500,0,0,0.0,0.0,1
0.500,0,0,0.0,0.0,1
0.500,0,0,0.0,0.0,1
0.500,0,0,0.0,0.0,1
0.500,0,0,0.0,0.0,1
0.500,0,0,0.0,0.0,1
0.500,0,0,0.0,0.0,1
0.500,0,0,0.0,0.0,1
0.500,0,0,0.0,0.0,1
0.600,0,0,0.0,0.0,1
0.600,0,0,0.0,0.0,1
0.600,0,0,0.0,0.0,1
0.600,0,0,0.0,0.0,1
0.600,0,0,0.0,0.0,1
0.600,0,0,0.0,0.0,1
0.600,0,0,0.0,0.0,1
0.600,0,0,0.0,0.0,1
0.600,0,0,0.0,0.0,1
0.600,0,0,0.0,0.0,1
0.600,0,0,0.0,0.0,1
0.700,0,0,0.0,0.0,1
0.700,0,0,0.0,0.0,1
0.700,0,0,0.0,0.0,1
0.700,0,0,0.0,0.0,1
0.700,0,0,0.0,0.0,1
0.700,0,0,0.0,0.0,1
0.700,0,0,0.0,0.0,1
0.700,0,0,0.0,0.0,1
0.700,0,0,0.0,0.0,1
0.700,0,0,0.0,0.0,1
0.800,0,0,0.0,0.0,1
0.800,0,0,0.0,0.0,1
0.800,0,0,0.0,0.0,1
0.800,0,0,0.0,0.0,1
0.800,0,0,0.0,0.0,1
0.800,0,0,0.0,0.0,1
0.800,0,0,0.0,0.0,1
0.800,0,0,0.0,0.0,1
0.800,0,0,0.0,0.0,1
0.800,0,0,0.0,0.0,1
0.900,0,0,0.0,0.0,1
0.900,0,0,0.0,0.0,1
0.900,0,0,0.0,0.0,1
0.900,0,0,0.0,0.0,1
0.900,0,0,0.0,0.0,1
0.900,0,0,0.0,0.0,1
0.900,0,0,0.0,0.0,1
0.900,0,0,0.0,0.0,1
0.900,0,0,0.0,0.0,1
0.900,0,0,0.0,0.0,1
0.900,0,0,0.0,0.0,1
1.000,0,0,0.0,0.0,1
1.000,0,0,0.0,0.0,1
1.000,0,0,0.0,0.0,1
1.000,0,0,0.0,0.0,1
1.000,0,0,0.0,0.0,1
1.000,0,0,0.0,0.0,1
1.000,0,0,0.0,0.0,1
1.000,0,0,0.0,0.0,1
1.000,0,0,0.0,0.0,1
1.000,0,0,0.0,0.0,1
1.100,0,0,0.0,0.0,1
1.100,0,0,0.0,0.0,1
1.100,0,0,0.0,0.0,1
1.100,0,0,0.0,0.0,1
1.100,0,0,0.0,0.0,1
1.100,0,0,0.0,0.0,1
1.100,0,0,0.0,0.0,1
1.100,0,0,0.0,0.0,1
1.100,0,0,0.0,0.0,1
1.100,0,0,0.0,0.0,1
1.100,0,0,0.0,0.0,1
1.200,0,0,0.0,0.0,1
1.200,0,0,0.0,0.0,1
1.200,0,0,0.0,0.0,1
1.200,0,0,0.0,0.0,1
1.200,0,0,0.0,0.0,1
1.200,0,0,0.0,0.0,1
1.200,0,0,0.0,0.0,1
1.200,0,0,0.0,0.0,1
1.200,0,0,0.0,0.0,1
1.200,0,0,0.0,0.0,1
1.300,0,0,0.0,0.0,1
1.300,0,0,0.0,0.0,1
1.300,0,0,0.0,0.0,1
1.300,0,0,0.0,0.0,1
1.300,0,0,0.0,0.0,1
1.300,0,0,0.0,0.0,1
1.300,0,0,0.0,0.0,1
1.300,0,0,0.0,0.0,1
1.300,0,0,0.0,0.0,1
1.300,0,0,0.0,0.0,1
1.300,0,0,0.0,0.0,1
1.400,0,0,0.0,0.0,1
1.400,0,0,0.0,0.0,1
1.400,0,0,0.0,0.0,1
1.400,0,0,0.0,0.0,1
1.400,0,0,0.0,0.0,1
1.400,0,0,0.0,0.0,1
1.400,0,0,0.0,0.0,1
1.400,0,0,0.0,0.0,1
1.400,0,0,0.0,0.0,1
1.400,0,0,0.0,0.0,1
1.500,0,0,0.0,0.0,1
1.500,0,0,0.0,0.0,1
1.500,0,0,0.0,0.0,1
1.500,0,0,0.0,0.0,1
1.500,0,0,0.0,0.0,1
1.500,0,0,0.0,0.0,1
1.500,0,0,0.0,0.0,1
1.500,0,0,0.0,0.0,1
1.500,0,0,0.0,0.0,1
1.500,0,0,0.0,0.0,1
1.600,0,0,0.0,0.0,1
1.600,0,0,0.0,0.0,1
1.600,0,0,0.0,0.0,1
1.600,0,0,0.0,0.0,1
1.600,0,0,0.0,0.0,1
1.600,0,0,0.0,0.0,1
1.600,0,0,0.0,0.0,1
1.600,0,0,0.0,0.0,1
1.600,0,0,0.0,0.0,1
1.600,0,0,0.0,0.0,1
1.600,0,0,0.0,0.0,1
1.700,0,0,0.0,0.0,1
1.700,0,0,0.0,0.0,1
1.700,0,0,0.0,0.0,1
1.700,0,0,0.0,0.0,1
1.700,0,0,0.0,0.0,1
1.700,0,0,0.0,0.0,1
1.700,0,0,0.0,0.0,1
1.700,0,0,0.0,0.0,1
1.700,0,0,0.0,0.0,1
1.700,0,0,0.0,0.0,1
1.800,0,0,0.0,0.0,1
1.800,0,0,0.0,0.0,1
1.800,0,0,0.0,0.0,1
1.800,0,0,0.0,0.0,1
1.800,0,0,0.0,0.0,1
1.800,0,0,0.0,0.0,1
1.800,0,0,0.0,0.0,1
1.800,0,0,0.0,0.0,1
1.800,0,0,0.0,0.0,1
1.800,0,0,0.0,0.0,1
1.800,0,0,0.0,0.0,1
1.900,0,0,0.0,0.0,1
1.900,0,0,0.0,0.0,1
1.900,0,0,0.0,0.0,1
1.900,0,0,0.0,0.0,1
1.900,0,0,0.0,0.0,1
1.900,0,0,0.0,0.0,1
1.900,0,0,0.0,0.0,1
1.900,0,0,0.0,0.0,1
1.900,0,0,0.0,0.0,1
1.900,0,0,0.0,0.0,1
2.000,0,0,0.0,0.0,1
2.000,0,0,0.0,0.0,1
2.000,0,0,0.0,0.0,1
2.000,0,0,0.0,0.0,1
2.000,0,0,0.0,0.0,1
2.000,0,0,0.0,0.0,1
2.000,0,0,0.0,0.0,1
2.000,0,0,0.0,0.0,1
2.000,0,0,0.0,0.0,1
2.000,0,0,0.0,0.0,1
2.000,0,0,0.0,0.0,1
2.100,0,0,0.0,0.0,1
2.100,0,0,0.0,0.0,1
2.100,0,0,0.0,0.0,1
2.100,0,0,0.0,0.0,1
2.100,0,0,0.0,0.0,1
2.100,0,0,0.0,0.0,1
2.100,0,0,0.0,0.0,1
2.100,0,0,0.0,0.0,1
2.100,0,0,0.0,0.0,1
2.100,0,0,0.0,0.0,1
2.200,0,0,0.0,0.0,1
2.200,0,0,0.0,0.0,1
2.200,0,0,0.0,0.0,1
2.200,0,0,0.0,0.0,1
2.200,0,0,0.0,0.0,1
2.200,0,0,0.0,0.0,1
2.200,0,0,0.0,0.0,1
2.200,0,0,0.0,0.0,1
2.200,0,0,0.0,0.0,1
2.200,0,0,0.0,0.0,1
2.300,0,0,0.0,0.0,1
2.300,0,0,0.0,0.0,1
2.300,0,0,0.0,0.0,1
2.300,0,0,0.0,0.0,1
2.300,0,0,0.0,0.0,1
2.300,0,0,0.0,0.0,1
2.300,0,0,0.0,0.0,1
2.300,0,0,0.0,0.0,1
2.300,0,0,0.0,0.0,1
2.300,0,0,0.0,0.0,1
2.300,0,0,0.0,0.0,1
2.400,0,0,0.0,0.0,1
2.400,0,0,0.0,0.0,1
2.400,0,0,0.0,0.0,1
2.400,0,0,0.0,0.0,1
2.400,0,0,0.0,0.0,1
2.400,0,0,0.0,0.0,1
2.400,0,0,0.0,0.0,1
2.400,0,0,0.0,0.0,1
2.400,0,0,0.0,0.0,1
2.400,0,0,0.0,0.0,1
2.500,0,0,0.0,0.0,1
2.500,0,0,0.0,0.0,1
2.500,0,0,0.0,0.0,1
2.500,0,0,0.0,0.0,1
2.500,0,0,0.0,0.0,1
2.500,0,0,0.0,0.0,1
2.500,0,0,0.0,0.0,1
2.500,0,0,0.0,0.0,1
2.500,0,0,0.0,0.0,1
2.500,0,0,0.0,0.0,1
2.500,0,0,0.0,0.0,1
2.600,0,0,0.0,0.0,1
2.600,0,0,0.0,0.0,1
2.600,0,0,0.0,0.0,1
2.600,0,0,0.0,0.0,1
2.600,0,0,0.0,0.0,1
2.600,0,0,0.0,0.0,1
2.600,0,0,0.0,0.0,1
2.600,0,0,0.0,0.0,1
2.600,0,0,0.0,0.0,1
2.600,0,0,0.0,0.0,1
2.700,0,0,0.0,0.0,1
2.700,0,0,0.0,0.0,1
2.700,0,0,0.0,0.0,1
2.700,0,0,0.0,0.0,1
2.700,0,0,0.0,0.0,1
2.700,0,0,0.0,0.0,1
2.700,0,0,0.0,0.0,1
2.700,0,0,0.0,0.0,1
2.700,0,0,0.0,0.0,1
2.700,0,0,0.0,0.0,1
2.700,0,0,0.0,0.0,1
2.800,0,0,0.0,0.0,1
2.800,0,0,0.0,0.0,1
2.800,0,0,0.0,0.0,1
2.800,0,0,0.0,0.0,1
2.800,0,0,0.0,0.0,1
2.800,0,0,0.0,0.0,1
2.800,0,0,0.0,0.0,1
2.800,0,0,0.0,0.0,1
2.800,0,0,0.0,0.0,1
2.800,0,0,0.0,0.0,1
2.900,0,0,0.0,0.0,1
2.900,0,0,0.0,0.0,1
2.900,0,0,0.0,0.0,1
2.900,0,0,0.0,0.0,1
2.900,0,0,0.0,0.0,1
2.900,0,0,0.0,0.0,1
2.900,0,0,0.0,0.0,1
2.900,0,0,0.0,0.0,1
2.900,0,0,0.0,0.0,1
2.900,0,0,0.0,0.0,1
2.900,0,0,0.0,0.0,1
3.000,0,0,0.0,0.0,1
3.000,0,0,0.0,0.0,1
3.000,0,0,0.0,0.0,1
3.000,0,0,0.0,0.0,1
3.000,0,0,0.0,0.0,1
3.000,0,0,0.0,0.0,1
3.000,0,0,0.0,0.0,1
3.000,0,0,0.0,0.0,1
3.000,0,0,0.0,0.0,1
3.000,0,0,0.0,0.0,1
3.100,0,0,0.0,0.0,1
3.100,0,0,0.0,0.0,1
3.100,0,0,0.0,0.0,1
3.100,0,0,0.0,0.0,1
3.100,0,0,0.0,0.0,1
3.100,0,0,0.0,0.0,1
3.100,0,0,0.0,0.0,1
3.100,0,0,0.0,0.0,1
3.100,0,0,0.0,0.0,1
3.100,0,0,0.0,0.0,1
3.200,0,0,0.0,0.0,1
3.200,0,0,0.0,0.0,1
3.200,0,0,0.0,0.0,1
3.200,0,0,0.0,0.0,1
3.200,0,0,0.0,0.0,1
3.200,0,0,0.0,0.0,1
3.200,0,0,0.0,0.0,1
3.200,0,0,0.0,0.0,1
3.200,0,0,0.0,0.0,1
3.200,0,0,0.0,0.0,1
3.200,0,0,0.0,0.0,1
3.300,0,0,0.0,0.0,1
3.300,0,0,0.0,0.0,1
3.300,0,0,0.0,0.0,1
3.300,0,0,0.0,0.0,1
3.300,0,0,0.0,0.0,1
3.300,0,0,0.0,0.0,1
3.300,0,0,0.0,0.0,1
3.300,0,0,0.0,0.0,1
3.300,0,0,0.0,0.0,1
3.300,0,0,0.0,0.0,1
3.400,0,0,0.0,0.0,1
3.400,0,0,0.0,0.0,1
3.400,0,0,0.0,0.0,1
3.400,0,0,0.0,0.0,1
3.400,0,0,0.0,0.0,1
3.400,0,0,0.0,0.0,1
3.400,0,0,0.0,0.0,1
3.400,0,0,0.0,0.0,1
3.400,0,0,0.0,0.0,1
3.400,0,0,0.0,0.0,1
3.400,0,0,0.0,0.0,1
3.500,0,0,0.0,0.0,1
3.500,0,0,0.0,0.0,1
3.500,0,0,0.0,0.0,1
3.500,0,0,0.0,0.0,1
3.500,0,0,0.0,0.0,1
3.500,0,0,0.0,0.0,1
3.500,0,0,0.0,0.0,1
3.500,0,0,0.0,0.0,1
3.500,0,0,0.0,0.0,1
3.500,0,0,0.0,0.0,1
3.600,0,0,0.0,0.0,1
3.600,0,0,0.0,0.0,1
3.600,0,0,0.0,0.0,1
3.600,0,0,0.0,0.0,1
3.600,0,0,0.0,0.0,1
3.600,0,0,0.0,0.0,1
3.600,0,0,0.0,0.0,1
3.600,0,0,0.0,0.0,1
3.600,0,0,0.0,0.0,1
3.600,0,0,0.0,0.0,1
3.600,0,0,0.0,0.0,1
3.700,0,0,0.0,0.0,1
3.700,0,0,0.0,0.0,1
3.700,0,0,0.0,0.0,1
3.700,0,0,0.0,0.0,1
3.700,0,0,0.0,0.0,1
3.700,0,0,0.0,0.0,1
3.700,0,0,0.0,0.0,1
3.700,0,0,0.0,0.0,1
3.700,0,0,0.0,0.0,1
3.700,0,0,0.0,0.0,1
3.800,0,0,0.0,0.0,1
3.800,0,0,0.0,0.0,1
3.800,0,0,0.0,0.0,1
3.800,0,0,0.0,0.0,1
3.800,0,0,0.0,0.0,1
3.800,0,0,0.0,0.0,1
3.800,0,0,0.0,0.0,1
3.800,0,0,0.0,0.0,1
3.800,0,0,0.0,0.0,1
3.800,0,0,0.0,0.0,1
3.900,0,0,0.0,0.0,1
3.900,0,0,0.0,0.0,1
3.900,0,0,0.0,0.0,1
3.900,0,0,0.0,0.0,1
3.900,0,0,0.0,0.0,1
3.900,0,0,0.0,0.0,1
3.900,0,0,0.0,0.0,1
3.900,0,0,0.0,0.0,1
3.900,0,0,0.0,0.0,1
3.900,0,0,0.0,0.0,1
3.900,0,0,0.0,0.0,1
4.000,0,0,0.0,0.0,1
4.000,0,0,0.0,0.0,1
4.000,0,0,0.0,0.0,1
4.000,0,0,0.0,0.0,1
4.000,0,0,0.0,0.0,1
4.000,0,0,0.0,0.0,1
4.000,0,0,0.0,0.0,1
4.000,0,0,0.0,0.0,1
4.000,0,0,0.0,0.0,1
4.000,0,0,0.0,0.0,1
4.100,0,0,0.0,0.0,1
4.100,0,0,0.0,0.0,1
4.100,0,0,0.0,0.0,1
4.100,0,0,0.0,0.0,1
4.100,0,0,0.0,0.0,1
4.100,0,0,0.0,0.0,1
4.100,0,0,0.0,0.0,1
4.100,0,0,0.0,0.0,1
4.100,0,0,0.0,0.0,1
4.100,0,0,0.0,0.0,1
4.100,0,0,0.0,0.0,1
4.200,0,0,0.0,0.0,1
4.200,0,0,0.0,0.0,1
4.200,0,0,0.0,0.0,1
4.200,0,0,0.0,0.0,1
4.200,0,0,0.0,0.0,1
4.200,0,0,0.0,0.0,1
4.200,0,0,0.0,0.0,1
4.200,0,0,0.0,0.0,1
4.200,0,0,0.0,0.0,1
4.200,0,0,0.0,0.0,1
4.300,0,0,0.0,0.0,1
4.300,0,0,0.0,0.0,1
4.300,0,0,0.0,0.0,1
4.300,0,0,0.0,0.0,1
4.300,0,0,0.0,0.0,1
4.300,0,0,0.0,0.0,1
4.300,0,0,0.0,0.0,1
4.300,0,0,0.0,0.0,1
4.300,0,0,0.0,0.0,1
4.300,0,0,0.0,0.0,1
4.300,0,0,0.0,0.0,1
4.400,0,0,0.0,0.0,1
4.400,0,0,0.0,0.0,1
4.400,0,0,0.0,0.0,1
4.400,0,0,0.0,0.0,1
4.400,0,0,0.0,0.0,1
4.400,0,0,0.0,0.0,1
4.400,0,0,0.0,0.0,1
4.400,0,0,0.0,0.0,1
4.400,0,0,0.0,0.0,1
4.400,0,0,0.0,0.0,1
4.500,0,0,0.0,0.0,1
4.500,0,0,0.0,0.0,1
4.500,0,0,0.0,0.0,1
4.500,0,0,0.0,0.0,1
4.500,0,0,0.0,0.0,1
4.500,0,0,0.0,0.0,1
4.500,0,0,0.0,0.0,1
4.500,0,0,0.0,0.0,1
4.500,0,0,0.0,0.0,1
4.500,0,0,0.0,0.0,1
4.600,0,0,0.0,0.0,1
4.600,0,0,0.0,0.0,1
4.600,0,0,0.0,0.0,1
4.600,0,0,0.0,0.0,1
4.600,0,0,0.0,0.0,1
4.600,0,0,0.0,0.0,1
4.600,0,0,0.0,0.0,1
4.600,0,0,0.0,0.0,1
4.600,0,0,0.0,0.0,1
4.600,0,0,0.0,0.0,1
4.600,0,0,0.0,0.0,1
4.700,0,0,0.0,0.0,1
4.700,0,0,0.0,0.0,1
4.700,0,0,0.0,0.0,1
4.700,0,0,0.0,0.0,1
4.700,0,0,0.0,0.0,1
4.700,0,0,0.0,0.0,1
4.700,0,0,0.0,0.0,1
4.700,0,0,0.0,0.0,1
4.700,0,0,0.0,0.0,1
4.700,0,0,0.0,0.0,1
4.800,0,0,0.0,0.0,1
4.800,0,0,0.0,0.0,1
4.800,0,0,0.0,0.0,1
4.800,0,0,0.0,0.0,1
4.800,0,0,0.0,0.0,1
4.800,0,0,0.0,0.0,1
4.800,0,0,0.0,0.0,1
4.800,0,0,0.0,0.0,1
4.800,0,0,0.0,0.0,1
4.800,0,0,0.0,0.0,1
4.800,0,0,0.0,0.0,1
4.900,0,0,0.0,0.0,1
4.900,0,0,0.0,0.0,1
4.900,0,0,0.0,0.0,1
4.900,0,0,0.0,0.0,1
4.900,0,0,0.0,0.0,1
4.900,0,0,0.0,0.0,1
4.900,0,0,0.0,0.0,1
4.900,0,0,0.0,0.0,1
4.900,0,0,0.0,0.0,1
4.900,0,0,0.0,0.0,1
5.000,0,0,0.0,0.0,1
5.000,0,0,0.0,0.0,1
5.000,0,0,0.0,0.0,1
5.000,0,0,0.0,0.0,1
5.000,0,0,0.0,0.0,1
5.000,0,0,0.0,0.0,1
5.000,0,0,0.0,0.0,1
5.000,0,0,0.0,0.0,1
5.000,0,0,0.0,0.0,1
5.000,0,0,0.0,0.0,1
5.000,0,0,0.0,0.0,1
5.100,0,0,0.0,0.0,1
5.100,0,0,0.0,0.0,1
5.100,0,0,0.0,0.0,1
5.100,0,0,0.0,0.0,1
5.100,0,0,0.0,0.0,1
5.100,0,0,0.0,0.0,1
5.100,0,0,0.0,0.0,1
5.100,0,0,0.0,0.0,1
5.100,0,0,0.0,0.0,1
5.100,0,0,0.0,0.0,1
5.200,0,0,0.0,0.0,1
5.200,0,0,0.0,0.0,1
5.200,0,0,0.0,0.0,1
5.200,0,0,0.0,0.0,1
5.200,0,0,0.0,0.0,1
5.200,0,0,0.0,0.0,1
5.200,0,0,0.0,0.0,1
5.200,0,0,0.0,0.0,1
5.200,0,0,0.0,0.0,1
5.200,0,0,0.0,0.0,1
5.200,0,0,0.0,0.0,1
5.300,0,0,0.0,0.0,1
5.300,0,0,0.0,0.0,1
5.300,0,0,0.0,0.0,1
5.300,0,0,0.0,0.0,1
5.300,0,0,0.0,0.0,1
5.300,0,0,0.0,0.0,1
5.300,0,0,0.0,0.0,1
5.300,0,0,0.0,0.0,1
5.300,0,0,0.0,0.0,1
5.300,0,0,0.0,0.0,1
5.400,0,0,0.0,0.0,1
5.400,0,0,0.0,0.0,1
5.400,0,0,0.0,0.0,1
5.400,0,0,0.0,0.0,1
5.400,0,0,0.0,0.0,1
5.400,0,0,0.0,0.0,1
5.400,0,0,0.0,0.0,1
5.400,0,0,0.0,0.0,1
5.400,0,0,0.0,0.0,1
5.400,0,0,0.0,0.0,1
5.500,0,0,0.0,0.0,1
5.500,0,0,0.0,0.0,1
5.500,0,0,0.0,0.0,1
5.500,0,0,0.0,0.0,1
5.500,0,0,0.0,0.0,1
5.500,0,0,0.0,0.0,1
5.500,0,0,0.0,0.0,1
5.500,0,0,0.0,0.0,1
5.500,0,0,0.0,0.0,1
5.500,0,0,0.0,0.0,1
5.500,0,0,0.0,0.0,1
5.600,0,0,0.0,0.0,1
5.600,0,0,0.0,0.0,1
5.600,0,0,0.0,0.0,1
5.600,0,0,0.0,0.0,1
5.600,0,0,0.0,0.0,1
5.600,0,0,0.0,0.0,1
5.600,0,0,0.0,0.0,1
5.600,0,0,0.0,0.0,1
5.600,0,0,0.0,0.0,1
5.600,0,0,0.0,0.0,1
5.700,0,0,0.0,0.0,1
5.700,0,0,0.0,0.0,1
5.700,0,0,0.0,0.0,1
5.700,0,0,0.0,0.0,1
5.700,0,0,0.0,0.0,1
5.700,0,0,0.0,0.0,1
5.700,0,0,0.0,0.0,1
5.700,0,0,0.0,0.0,1
5.700,0,0,0.0,0.0,1
5.700,0,0,0.0,0.0,1
5.700,0,0,0.0,0.0,1
5.800,0,0,0.0,0.0,1
5.800,0,0,0.0,0.0,1
5.800,0,0,0.0,0.0,1
5.800,0,0,0.0,0.0,1
5.800,0,0,0.0,0.0,1
5.800,0,0,0.0,0.0,1
5.800,0,0,0.0,0.0,1
5.800,0,0,0.0,0.0,1
5.800,0,0,0.0,0.0,1
5.800,0,0,0.0,0.0,1
5.900,0,0,0.0,0.0,1
5.900,0,0,0.0,0.0,1
5.900,0,0,0.0,0.0,1
5.900,0,0,0.0,0.0,1
5.900,0,0,0.0,0.0,1
5.900,0,0,0.0,0.0,1
5.900,0,0,0.0,0.0,1
5.900,0,0,0.0,0.0,1
5.900,0,0,0.0,0.0,1
5.900,0,0,0.0,0.0,1
5.900,0,0,0.0,0.0,1
6.000,0,0,0.0,0.0,1
6.000,0,0,0.0,0.0,1
6.000,0,0,0.0,0.0,1
6.000,0,0,0.0,0.0,1
6.000,0,0,0.0,0.0,1
6.000,0,0,0.0,0.0,1
6.000,0,0,0.0,0.0,1
6.000,0,0,0.0,0.0,1
6.000,0,0,0.0,0.0,1
6.000,0,0,0.0,0.0,1
6.100,0,0,0.0,0.0,1
6.100,0,0,0.0,0.0,1
6.100,0,0,0.0,0.0,1
6.100,0,0,0.0,0.0,1
6.100,0,0,0.0,0.0,1
6.100,0,0,0.0,0.0,1
6.100,0,0,0.0,0.0,1
6.100,0,0,0.0,0.0,1
6.100,0,0,0.0,0.0,1
6.100,0,0,0.0,0.0,1
6.200,0,0,0.0,0.0,1
6.200,0,0,0.0,0.0,1
6.200,0,0,0.0,0.0,1
6.200,0,0,0.0,0.0,1
6.200,0,0,0.0,0.0,1
6.200,0,0,0.0,0.0,1
6.200,0,0,0.0,0.0,1
6.200,0,0,0.0,0.0,1
6.200,0,0,0.0,0.0,1
6.200,0,0,0.0,0.0,1
6.200,0,0,0.0,0.0,1
6.300,0,0,0.0,0.0,1
6.300,0,0,0.0,0.0,1
6.300,0,0,0.0,0.0,1
6.300,0,0,0.0,0.0,1
6.300,0,0,0.0,0.0,1
6.300,0,0,0.0,0.0,1
6.300,0,0,0.0,0.0,1
6.300,0,0,0.0,0.0,1
6.300,0,0,0.0,0.0,1
6.300,0,0,0.0,0.0,1
6.400,0,0,0.0,0.0,1
6.400,0,0,0.0,0.0,1
6.400,0,0,0.0,0.0,1
6.400,0,0,0.0,0.0,1
6.400,0,0,0.0,0.0,1
6.400,0,0,0.0,0.0,1
6.400,0,0,0.0,0.0,1
6.400,0,0,0.0,0.0,1
6.400,0,0,0.0,0.0,1
6.400,0,0,0.0,0.0,1
6.400,0,0,0.0,0.0,1
6.500,0,0,0.0,0.0,1
6.500,0,0,0.0,0.0,1
6.500,0,0,0.0,0.0,1
6.500,0,0,0.0,0.0,1
6.500,0,0,0.0,0.0,1
6.500,0,0,0.0,0.0,1
6.500,0,0,0.0,0.0,1
6.500,0,0,0.0,0.0,1
6.500,0,0,0.0,0.0,1
6.500,0,0,0.0,0.0,1
6.600,0,0,0.0,0.0,1
6.600,0,0,0.0,0.0,1
6.600,0,0,0.0,0.0,1
6.600,0,0,0.0,0.0,1
6.600,0,0,0.0,0.0,1
6.600,0,0,0.0,0.0,1
6.600,0,0,0.0,0.0,1
6.600,0,0,0.0,0.0,1
6.600,0,0,0.0,0.0,1
6.600,0,0,0.0,0.0,1
6.600,0,0,0.0,0.0,1
6.700,0,0,0.0,0.0,1
6.700,0,0,0.0,0.0,1
6.700,0,0,0.0,0.0,1
6.700,0,0,0.0,0.0,1
6.700,0,0,0.0,0.0,1
6.700,0,0,0.0,0.0,1
6.700,0,0,0.0,0.0,1
6.700,0,0,0.0,0.0,1
6.700,0,0,0.0,0.0,1
6.700,0,0,0.0,0.0,1
6.800,0,0,0.0,0.0,1
6.800,0,0,0.0,0.0,1
6.800,0,0,0.0,0.0,1
6.800,0,0,0.0,0.0,1
6.800,0,0,0.0,0.0,1
6.800,0,0,0.0,0.0,1
6.800,0,0,0.0,0.0,1
6.800,0,0,0.0,0.0,1
6.800,0,0,0.0,0.0,1
6.800,0,0,0.0,0.0,1
6.800,0,0,0.0,0.0,1
6.900,0,0,0.0,0.0,1
6.900,0,0,0.0,0.0,1
6.900,0,0,0.0,0.0,1
6.900,0,0,0.0,0.0,1
6.900,0,0,0.0,0.0,1
6.900,0,0,0.0,0.0,1
6.900,0,0,0.0,0.0,1
6.900,0,0,0.0,0.0,1
6.900,0,0,0.0,0.0,1
6.900,0,0,0.0,0.0,1
7.000,0,0,0.0,0.0,1
7.000,0,0,0.0,0.0,1
7.000,0,0,0.0,0.0,1
7.000,0,0,0.0,0.0,1
7.000,0,0,0.0,0.0,1
7.000,0,0,0.0,0.0,1
7.000,0,0,0.0,0.0,1
7.000,0,0,0.0,0.0,1
7.000,0,0,0.0,0.0,1
7.000,0,0,0.0,0.0,1
7.100,0,0,0.0,0.0,1
7.100,0,0,0.0,0.0,1
7.100,0,0,0.0,0.0,1
7.100,0,0,0.0,0.0,1
7.100,0,0,0.0,0.0,1
7.100,0,0,0.0,0.0,1
7.100,0,0,0.0,0.0,1
7.100,0,0,0.0,0.0,1
7.100,0,0,0.0,0.0,1
7.100,0,0,0.0,0.0,1
7.100,0,0,0.0,0.0,1
7.200,0,0,0.0,0.0,1
7.200,0,0,0.0,0.0,1
7.200,0,0,0.0,0.0,1
7.200,0,0,0.0,0.0,1
7.200,0,0,0.0,0.0,1
7.200,0,0,0.0,0.0,1
7.200,0,0,0.0,0.0,1
7.200,0,0,0.0,0.0,1
7.200,0,0,0.0,0.0,1
7.200,0,0,0.0,0.0,1
7.300,0,0,0.0,0.0,1
7.300,0,0,0.0,0.0,1
7.300,0,0,0.0,0.0,1
7.300,0,0,0.0,0.0,1
7.300,0,0,0.0,0.0,1
7.300,0,0,0.0,0.0,1
7.300,0,0,0.0,0.0,1
7.300,0,0,0.0,0.0,1
7.300,0,0,0.0,0.0,1
7.300,0,0,0.0,0.0,1
7.300,0,0,0.0,0.0,1
7.400,0,0,0.0,0.0,1
7.400,0,0,0.0,0.0,1
7.400,0,0,0.0,0.0,1
7.400,0,0,0.0,0.0,1
7.400,0,0,0.0,0.0,1
7.400,0,0,0.0,0.0,1
7.400,0,0,0.0,0.0,1
7.400,0,0,0.0,0.0,1
7.400,0,0,0.0,0.0,1
7.400,0,0,0.0,0.0,1
7.500,0,0,0.0,0.0,1
7.500,0,0,0.0,0.0,1
7.500,0,0,0.0,0.0,1
7.500,0,0,0.0,0.0,1
7.500,0,0,0.0,0.0,1
7.500,0,0,0.0,0.0,1
7.500,0,0,0.0,0.0,1
7.500,0,0,0.0,0.0,1
7.500,0,0,0.0,0.0,1
7.500,0,0,0.0,0.0,1
7.500,0,0,0.0,0.0,1
7.600,0,0,0.0,0.0,1
7.600,0,0,0.0,0.0,1
7.600,0,0,0.0,0.0,1
7.600,0,0,0.0,0.0,1
7.600,0,0,0.0,0.0,1
7.600,0,0,0.0,0.0,1
7.600,0,0,0.0,0.0,1
7.600,0,0,0.0,0.0,1
7.600,0,0,0.0,0.0,1
7.600,0,0,0.0,0.0,1
7.700,0,0,0.0,0.0,1
7.700,0,0,0.0,0.0,1
7.700,0,0,0.0,0.0,1
7.700,0,0,0.0,0.0,1
7.700,0,0,0.0,0.0,1
7.700,0,0,0.0,0.0,1
7.700,0,0,0.0,0.0,1
7.700,0,0,0.0,0.0,1
7.700,0,0,0.0,0.0,1
7.700,0,0,0.0,0.0,1
7.800,0,0,0.0,0.0,1
7.800,0,0,0.0,0.0,1
7.800,0,0,0.0,0.0,1
7.800,0,0,0.0,0.0,1
7.800,0,0,0.0,0.0,1
7.800,0,0,0.0,0.0,1
7.800,0,0,0.0,0.0,1
7.800,0,0,0.0,0.0,1
7.800,0,0,0.0,0.0,1
7.800,0,0,0.0,0.0,1
7.800,0,0,0.0,0.0,1
7.900,0,0,0.0,0.0,1
7.900,0,0,0.0,0.0,1
7.900,0,0,0.0,0.0,1
7.900,0,0,0.0,0.0,1
7.900,0,0,0.0,0.0,1
7.900,0,0,0.0,0.0,1
7.900,0,0,0.0,0.0,1
7.900,0,0,0.0,0.0,1
7.900,0,0,0.0,0.0,1
7.900,0,0,0.0,0.0,1
8.000,0,0,0.0,0.0,1
8.000,0,0,0.0,0.0,1
8.000,0,0,0.0,0.0,1
8.000,0,0,0.0,0.0,1
8.000,0,0,0.0,0.0,1
8.000,0,0,0.0,0.0,1
8.000,0,0,0.0,0.0,1
8.000,0,0,0.0,0.0,1
8.000,0,0,0.0,0.0,1
8.000,0,0,0.0,0.0,1
8.000,0,0,0.0,0.0,1
8.100,0,0,0.0,0.0,1
8.100,0,0,0.0,0.0,1
8.100,0,0,0.0,0.0,1
8.100,0,0,0.0,0.0,1
8.100,0,0,0.0,0.0,1
8.100,0,0,0.0,0.0,1
8.100,0,0,0.0,0.0,1
8.100,0,0,0.0,0.0,1
8.100,0,0,0.0,0.0,1
8.100,0,0,0.0,0.0,1
8.200,0,0,0.0,0.0,1
8.200,0,0,0.0,0.0,1
8.200,0,0,0.0,0.0,1
8.200,0,0,0.0,0.0,1
8.200,0,0,0.0,0.0,1
8.200,0,0,0.0,0.0,1
8.200,0,0,0.0,0.0,1
8.200,0,0,0.0,0.0,1
8.200,0,0,0.0,0.0,1
8.200,0,0,0.0,0.0,1
8.200,0,0,0.0,0.0,1
8.300,0,0,0.0,0.0,1
8.300,0,0,0.0,0.0,1
8.300,0,0,0.0,0.0,1
8.300,0,0,0.0,0.0,1
8.300,0,0,0.0,0.0,1
8.300,0,0,0.0,0.0,1
8.300,0,0,0.0,0.0,1
8.300,0,0,0.0,0.0,1
8.300,0,0,0.0,0.0,1
8.300,0,0,0.0,0.0,1
8.400,0,0,0.0,0.0,1
8.400,0,0,0.0,0.0,1
8.400,0,0,0.0,0.0,1
8.400,0,0,0.0,0.0,1
8.400,0,0,0.0,0.0,1
8.400,0,0,0.0,0.0,1
8.400,0,0,0.0,0.0,1
8.400,0,0,0.0,0.0,1
8.400,0,0,0.0,0.0,1
8.400,0,0,0.0,0.0,1
8.400,0,0,0.0,0.0,1
8.500,0,0,0.0,0.0,1
8.500,0,0,0.0,0.0,1
8.500,0,0,0.0,0.0,1
8.500,0,0,0.0,0.0,1
8.500,0,0,0.0,0.0,1
8.500,0,0,0.0,0.0,1
8.500,0,0,0.0,0.0,1
8.500,0,0,0.0,0.0,1
8.500,0,0,0.0,0.0,1
8.500,0,0,0.0,0.0,1
8.600,0,0,0.0,0.0,1
8.600,0,0,0.0,0.0,1
8.600,0,0,0.0,0.0,1
8.600,0,0,0.0,0.0,1
8.600,0,0,0.0,0.0,1
8.600,0,0,0.0,0.0,1
8.600,0,0,0.0,0.0,1
8.600,0,0,0.0,0.0,1
8.600,0,0,0.0,0.0,1
8.600,0,0,0.0,0.0,1
8.700,0,0,0.0,0.0,1
8.700,0,0,0.0,0.0,1
8.700,0,0,0.0,0.0,1
8.700,0,0,0.0,0.0,1
8.700,0,0,0.0,0.0,1
8.700,0,0,0.0,0.0,1
8.700,0,0,0.0,0.0,1
8.700,0,0,0.0,0.0,1
8.700,0,0,0.0,0.0,1
8.700,0,0,0.0,0.0,1
8.700,0,0,0.0,0.0,1
8.800,0,0,0.0,0.0,1
8.800,0,0,0.0,0.0,1
8.800,0,0,0.0,0.0,1
8.800,0,0,0.0,0.0,1
8.800,0,0,0.0,0.0,1
8.800,0,0,0.0,0.0,1
8.800,0,0,0.0,0.0,1
8.800,0,0,0.0,0.0,1
8.800,0,0,0.0,0.0,1
8.800,0,0,0.0,0.0,1
8.900,0,0,0.0,0.0,1
8.900,0,0,0.0,0.0,1
8.900,0,0,0.0,0.0,1
8.900,0,0,0.0,0.0,1
8.900,0,0,0.0,0.0,1
8.900,0,0,0.0,0.0,1
8.900,0,0,0.0,0.0,1
8.900,0,0,0.0,0.0,1
8.900,0,0,0.0,0.0,1
8.900,0,0,0.0,0.0,1
8.900,0,0,0.0,0.0,1
9.000,0,0,0.0,0.0,1
9.000,0,0,0.0,0.0,1
9.000,0,0,0.0,0.0,1
9.000,0,0,0.0,0.0,1
9.000,0,0,0.0,0.0,1
9.000,0,0,0.0,0.0,1
9.000,0,0,0.0,0.0,1
9.000,0,0,0.0,0.0,1
9.000,0,0,0.0,0.0,1
9.000,0,0,0.0,0.0,1
9.100,0,0,0.0,0.0,1
9.100,0,0,0.0,0.0,1
9.100,0,0,0.0,0.0,1
9.100,0,0,0.0,0.0,1
9.100,0,0,0.0,0.0,1
9.100,0,0,0.0,0.0,1
9.100,0,0,0.0,0.0,1
9.100,0,0,0.0,0.0,1
9.100,0,0,0.0,0.0,1
9.100,0,0,0.0,0.0,1
9.100,0,0,0.0,0.0,1
9.200,0,0,0.0,0.0,1
9.200,0,0,0.0,0.0,1
9.200,0,0,0.0,0.0,1
9.200,0,0,0.0,0.0,1
9.200,0,0,0.0,0.0,1
9.200,0,0,0.0,0.0,1
9.200,0,0,0.0,0.0,1
9.200,0,0,0.0,0.0,1
9.200,0,0,0.0,0.0,1
9.200,0,0,0.0,0.0,1
9.300,0,0,0.0,0.0,1
9.300,0,0,0.0,0.0,1
9.300,0,0,0.0,0.0,1
9.300,0,0,0.0,0.0,1
9.300,0,0,0.0,0.0,1
9.300,0,0,0.0,0.0,1
9.300,0,0,0.0,0.0,1
9.300,0,0,0.0,0.0,1
9.300,0,0,0.0,0.0,1
9.300,0,0,0.0,0.0,1
9.400,0,0,0.0,0.0,1
9.400,0,0,0.0,0.0,1
9.400,0,0,0.0,0.0,1
9.400,0,0,0.0,0.0,1
9.400,0,0,0.0,0.0,1
9.400,0,0,0.0,0.0,1
9.400,0,0,0.0,0.0,1
9.400,0,0,0.0,0.0,1
9.400,0,0,0.0,0.0,1
9.400,0,0,0.0,0.0,1
9.400,0,0,0.0,0.0,1
9.500,0,0,0.0,0.0,1
9.500,0,0,0.0,0.0,1
9.500,0,0,0.0,0.0,1
9.500,0,0,0.0,0.0,1
9.500,0,0,0.0,0.0,1
9.500,0,0,0.0,0.0,1
9.500,0,0,0.0,0.0,1
9.500,0,0,0.0,0.0,1
9.500,0,0,0.0,0.0,1
9.500,0,0,0.0,0.0,1
9.600,0,0,0.0,0.0,1
9.600,0,0,0.0,0.0,1
9.600,0,0,0.0,0.0,1
9.600,0,0,0.0,0.0,1
9.600,0,0,0.0,0.0,1
9.600,0,0,0.0,0.0,1
9.600,0,0,0.0,0.0,1
9.600,0,0,0.0,0.0,1
9.600,0,0,0.0,0.0,1
9.600,0,0,0.0,0.0,1
9.600,0,0,0.0,0.0,1
9.700,0,0,0.0,0.0,1
9.700,0,0,0.0,0.0,1
9.700,0,0,0.0,0.0,1
9.700,0,0,0.0,0.0,1
9.700,0,0,0.0,0.0,1
9.700,0,0,0.0,0.0,1
9.700,0,0,0.0,0.0,1
9.700,0,0,0.0,0.0,1
9.700,0,0,0.0,0.0,1
9.700,0,0,0.0,0.0,1
9.800,0,0,0.0,0.0,1
9.800,0,0,0.0,0.0,1
9.800,0,0,0.0,0.0,1
9.800,0,0,0.0,0.0,1
9.800,0,0,0.0,0.0,1
9.800,0,0,0.0,0.0,1
9.800,0,0,0.0,0.0,1
9.800,0,0,0.0,0.0,1
9.800,0,0,0.0,0.0,1
9.800,0,0,0.0,0.0,1
9.800,0,0,0.0,0.0,1
9.900,0,0,0.0,0.0,1
9.900,0,0,0.0,0.0,1
9.900,0,0,0.0,0.0,1
9.900,0,0,0.0,0.0,1
9.900,0,0,0.0,0.0,1
9.900,0,0,0.0,0.0,1
9.900,0,0,0.0,0.0,1
9.900,0,0,0.0,0.0,1
9.900,0,0,0.0,0.0,1
9.900,0,0,0.0,0.0,1
10.000,0,0,0.0,0.0,1
10.000,0,0,0.0,0.0,1
10.000,0,0,0.0,0.0,1
10.000,0,0,0.0,0.0,1
10.000,0,0,0.0,0.0,1
10.000,0,0,0.0,0.0,1
10.000,0,0,0.0,0.0,1
10.000,0,0,0.0,0.0,1
10.000,0,0,0.0,0.0,1
10.000,0,0,0.0,0.0,1
10.100,0,0,0.0,0.0,1
10.100,0,0,0.0,0.0,1
10.100,0,0,0.0,0.0,1
10.100,0,0,0.0,0.0,1
10.100,0,0,0.0,0.0,1
10.100,0,0,0.0,0.0,1
10.100,0,0,0.0,0.0,1
10.100,0,0,0.0,0.0,1
10.100,0,0,0.0,0.0,1
10.100,0,0,0.0,0.0,1
10.100,0,0,0.0,0.0,1
10.200,0,0,0.0,0.0,1
10.200,0,0,0.0,0.0,1
10.200,0,0,0.0,0.0,1
10.200,0,0,0.0,0.0,1
10.200,0,0,0.0,0.0,1
10.200,0,0,0.0,0.0,1
10.200,0,0,0.0,0.0,1
10.200,0,0,0.0,0.0,1
10.200,0,0,0.0,0.0,1
10.200,0,0,0.0,0.0,1
10.300,0,0,0.0,0.0,1
10.300,0,0,0.0,0.0,1
10.300,0,0,0.0,0.0,1
10.300,0,0,0.0,0.0,1
10.300,0,0,0.0,0.0,1
10.300,0,0,0.0,0.0,1
10.300,0,0,0.0,0.0,1
10.300,0,0,0.0,0.0,1
10.300,0,0,0.0,0.0,1
10.300,0,0,0.0,0.0,1
10.300,0,0,0.0,0.0,1
10.400,0,0,0.0,0.0,1
10.400,0,0,0.0,0.0,1
10.400,0,0,0.0,0.0,1
10.400,0,0,0.0,0.0,1
10.400,0,0,0.0,0.0,1
10.400,0,0,0.0,0.0,1
10.400,0,0,0.0,0.0,1
10.400,0,0,0.0,0.0,1
10.400,0,0,0.0,0.0,1
10.400,0,0,0.0,0.0,1
10.500,0,0,0.0,0.0,1
10.500,0,0,0.0,0.0,1
10.500,0,0,0.0,0.0,1
10.500,0,0,0.0,0.0,1
10.500,0,0,0.0,0.0,1
10.500,0,0,0.0,0.0,1
10.500,0,0,0.0,0.0,1
10.500,0,0,0.0,0.0,1
10.500,0,0,0.0,0.0,1
10.500,0,0,0.0,0.0,1
10.500,0,0,0.0,0.0,1
10.600,0,0,0.0,0.0,1
10.600,0,0,0.0,0.0,1
10.600,0,0,0.0,0.0,1
10.600,0,0,0.0,0.0,1
10.600,0,0,0.0,0.0,1
10.600,0,0,0.0,0.0,1
10.600,0,0,0.0,0.0,1
10.600,0,0,0.0,0.0,1
10.600,0,0,0.0,0.0,1
10.600,0,0,0.0,0.0,1
10.700,0,0,0.0,0.0,1
10.700,0,0,0.0,0.0,1
10.700,0,0,0.0,0.0,1
10.700,0,0,0.0,0.0,1
10.700,0,0,0.0,0.0,1
10.700,0,0,0.0,0.0,1
10.700,0,0,0.0,0.0,1
10.700,0,0,0.0,0.0,1
10.700,0,0,0.0,0.0,1
10.700,0,0,0.0,0.0,1
10.700,0,0,0.0,0.0,1
10.800,0,0,0.0,0.0,1
10.800,0,0,0.0,0.0,1
10.800,0,0,0.0,0.0,1
10.800,0,0,0.0,0.0,1
10.800,0,0,0.0,0.0,1
10.800,0,0,0.0,0.0,1
10.800,0,0,0.0,0.0,1
10.800,0,0,0.0,0.0,1
10.800,0,0,0.0,0.0,1
10.800,0,0,0.0,0.0,1
10.900,0,0,0.0,0.0,1
10.900,0,0,0.0,0.0,1
10.900,0,0,0.0,0.0,1
10.900,0,0,0.0,0.0,1
10.900,0,0,0.0,0.0,1
10.900,0,0,0.0,0.0,1
10.900,0,0,0.0,0.0,1
10.900,0,0,0.0,0.0,1
10.900,0,0,0.0,0.0,1
10.900,0,0,0.0,0.0,1
11.000,0,0,0.0,0.0,1
11.000,0,0,0.0,0.0,1
11.000,0,0,0.0,0.0,1
11.000,0,0,0.0,0.0,1
11.000,0,0,0.0,0.0,1
11.000,0,0,0.0,0.0,1
11.000,0,0,0.0,0.0,1
11.000,0,0,0.0,0.0,1
11.000,0,0,0.0,0.0,1
11.000,0,0,0.0,0.0,1
11.000,0,0,0.0,0.0,1
11.100,0,0,0.0,0.0,1
11.100,0,0,0.0,0.0,1
11.100,0,0,0.0,0.0,1
11.100,0,0,0.0,0.0,1
11.100,0,0,0.0,0.0,1
11.100,0,0,0.0,0.0,1
11.100,0,0,0.0,0.0,1
11.100,0,0,0.0,0.0,1
11.100,0,0,0.0,0.0,1
11.100,0,0,0.0,0.0,1
11.200,0,0,0.0,0.0,1
11.200,0,0,0.0,0.0,1
11.200,0,0,0.0,0.0,1
11.200,0,0,0.0,0.0,1
11.200,0,0,0.0,0.0,1
11.200,0,0,0.0,0.0,1
11.200,0,0,0.0,0.0,1
11.200,0,0,0.0,0.0,1
11.200,0,0,0.0,0.0,1
11.200,0,0,0.0,0.0,1
11.200,0,0,0.0,0.0,1
11.300,0,0,0.0,0.0,1
11.300,0,0,0.0,0.0,1
11.300,0,0,0.0,0.0,1
11.300,0,0,0.0,0.0,1
11.300,0,0,0.0,0.0,1
11.300,0,0,0.0,0.0,1
11.300,0,0,0.0,0.0,1
11.300,0,0,0.0,0.0,1
11.300,0,0,0.0,0.0,1
11.300,0,0,0.0,0.0,1
11.400,1,0,96.0,0.0,1
11.400,1,0,96.0,0.0,1
11.400,1,0,96.0,0.0,1
11.400,1,0,96.0,0.0,1
11.400,1,0,96.0,0.0,1
11.400,1,0,96.0,0.0,1
11.400,1,0,96.0,0.0,1
11.400,1,0,96.0,0.0,1
11.400,1,0,96.0,0.0,1
11.400,1,0,96.0,0.0,1
11.400,1,0,96.0,0.0,1
11.500,1,0,96.0,0.0,0
11.500,1,0,96.0,0.0,0
11.500,1,0,96.0,0.0,0
11.500,1,0,96.0,0.0,0
11.500,1,0,96.0,0.0,0
11.500,1,0,96.0,0.0,0
11.500,1,0,96.0,0.0,0
11.500,1,0,96.0,0.0,0
11.500,1,0,96.0,0.0,0
11.500,1,0,96.0,0.0,0
11.600,1,0,96.0,0.0,0
11.600,1,0,96.0,0.0,0
11.600,1,0,96.0,0.0,0
11.600,1,0,96.0,0.0,0
11.600,1,0,96.0,0.0,0
11.600,1,0,96.0,0.0,0
11.600,1,0,96.0,0.0,0
11.600,1,0,96.0,0.0,0
11.600,1,0,96.0,0.0,0
11.600,1,0,96.0,0.0,0
11.700,1,0,96.0,0.0,0
11.700,1,0,96.0,0.0,0
11.700,1,0,96.0,0.0,0
11.700,1,0,96.0,0.0,0
11.700,1,0,96.0,0.0,0
11.700,1,0,96.0,0.0,0
11.700,1,0,96.0,0.0,0
11.700,1,0,96.0,0.0,0
11.700,1,0,96.0,0.0,0
11.700,1,0,96.0,0.0,0
11.700,1,0,96.0,0.0,0
11.800,1,0,96.0,0.0,0
11.800,1,0,96.0,0.0,0
11.800,1,0,96.0,0.0,0
11.800,1,0,96.0,0.0,0
11.800,1,0,96.0,0.0,0
11.800,1,0,96.0,0.0,0
11.800,1,0,96.0,0.0,0
11.800,1,0,96.0,0.0,0
11.800,1,0,96.0,0.0,0
11.800,1,0,96.0,0.0,0
11.900,1,0,96.0,0.0,0
11.900,1,0,96.0,0.0,0
11.900,1,0,96.0,0.0,0
11.900,1,0,96.0,0.0,0
11.900,1,0,96.0,0.0,0
11.900,1,0,96.0,0.0,0
11.900,1,0,96.0,0.0,0
11.900,1,0,96.0,0.0,0
11.900,1,0,96.0,0.0,0
11.900,1,0,96.0,0.0,0
11.900,1,0,96.0,0.0,0
12.000,1,0,96.0,0.0,0
12.000,1,0,96.0,0.0,0
12.000,1,0,96.0,0.0,0
12.000,1,0,96.0,0.0,0
12.000,1,0,96.0,0.0,0
12.000,1,0,96.0,0.0,0
12.000,1,0,96.0,0.0,0
12.000,1,0,96.0,0.0,0
12.000,1,0,96.0,0.0,0
12.000,1,0,96.0,0.0,0
12.100,1,0,96.0,0.0,0
12.100,1,0,96.0,0.0,0
12.100,1,0,96.0,0.0,0
12.100,1,0,96.0,0.0,0
12.100,1,0,96.0,0.0,0
12.100,1,0,96.0,0.0,0
12.100,1,0,96.0,0.0,0
12.100,1,0,96.0,0.0,0
12.100,1,0,96.0,0.0,0
12.100,1,0,96.0,0.0,0
12.100,1,0,96.0,0.0,0
12.200,1,0,96.0,0.0,0
12.200,1,0,96.0,0.0,0
12.200,1,0,96.0,0.0,0
12.200,1,0,96.0,0.0,0
12.200,1,0,96.0,0.0,0
12.200,1,0,96.0,0.0,0
12.200,1,0,96.0,0.0,0
12.200,1,0,96.0,0.0,0
12.200,1,0,96.0,0.0,0
12.200,1,0,96.0,0.0,0
12.300,1,0,96.0,0.0,0
12.300,1,0,96.0,0.0,0
12.300,1,0,96.0,0.0,0
12.300,1,0,96.0,0.0,0
12.300,1,0,96.0,0.0,0
12.300,1,0,96.0,0.0,0
12.300,1,0,96.0,0.0,0
12.300,1,0,96.0,0.0,0
12.300,1,0,96.0,0.0,0
12.300,1,0,96.0,0.0,0
12.400,1,0,96.0,0.0,0
12.400,1,0,96.0,0.0,0
12.400,1,0,96.0,0.0,0
12.400,1,0,96.0,0.0,0
12.400,1,0,96.0,0.0,0
12.400,1,0,96.0,0.0,0
12.400,1,0,96.0,0.0,0
12.400,1,0,96.0,0.0,0
12.400,1,0,96.0,0.0,0
12.400,1,0,96.0,0.0,0
12.400,1,0,96.0,0.0,0
12.500,1,0,96.0,0.0,0
12.500,1,0,96.0,0.0,0
12.500,1,0,96.0,0.0,0
12.500,1,0,96.0,0.0,0
12.500,1,0,96.0,0.0,0
12.500,1,0,96.0,0.0,0
12.500,1,0,96.0,0.0,0
12.500,1,0,96.0,0.0,0
12.500,1,0,96.0,0.0,0
12.500,1,0,96.0,0.0,0
12.600,1,0,96.0,0.0,0
12.600,1,0,96.0,0.0,0
12.600,1,0,96.0,0.0,0
12.600,1,0,96.0,0.0,0
12.600,1,0,96.0,0.0,0
12.600,1,0,96.0,0.0,0
12.600,1,0,96.0,0.0,0
12.600,1,0,96.0,0.0,0
12.600,1,0,96.0,0.0,0
12.600,1,0,96.0,0.0,0
12.600,1,0,96.0,0.0,0
12.700,1,0,96.0,0.0,0
12.700,1,0,96.0,0.0,0
12.700,1,0,96.0,0.0,0
12.700,1,0,96.0,0.0,0
12.700,1,0,96.0,0.0,0
12.700,1,0,96.0,0.0,0
12.700,1,0,96.0,0.0,0
12.700,1,0,96.0,0.0,0
12.700,1,0,96.0,0.0,0
12.700,1,0,96.0,0.0,0
12.800,1,0,96.0,0.0,0
12.800,1,0,96.0,0.0,0
12.800,1,0,96.0,0.0,0
12.800,1,0,96.0,0.0,0
12.800,1,0,96.0,0.0,0
12.800,1,0,96.0,0.0,0
12.800,1,0,96.0,0.0,0
12.800,1,0,96.0,0.0,0
12.800,1,0,96.0,0.0,0
12.800,1,0,96.0,0.0,0
12.800,1,0,96.0,0.0,0
12.900,1,0,96.0,0.0,0
12.900,1,0,96.0,0.0,0
12.900,1,0,96.0,0.0,0
12.900,1,0,96.0,0.0,0
12.900,1,0,96.0,0.0,0
12.900,1,0,96.0,0.0,0
12.900,1,0,96.0,0.0,0
12.900,1,0,96.0,0.0,0
12.900,1,0,96.0,0.0,0
12.900,1,0,96.0,0.0,0
13.000,1,0,96.0,0.0,0
13.000,1,0,96.0,0.0,0
13.000,1,0,96.0,0.0,0
13.000,1,0,96.0,0.0,0
13.000,1,0,96.0,0.0,0
13.000,1,0,96.0,0.0,0
13.000,1,0,96.0,0.0,0
13.000,1,0,96.0,0.0,0
13.000,1,0,96.0,0.0,0
13.000,1,0,96.0,0.0,0
13.000,1,0,96.0,0.0,0
13.100,1,0,96.0,0.0,0
13.100,1,0,96.0,0.0,0
13.100,1,0,96.0,0.0,0
13.100,1,0,96.0,0.0,0
13.100,1,0,96.0,0.0,0
13.100,1,0,96.0,0.0,0
13.100,1,0,96.0,0.0,0
13.100,1,0,96.0,0.0,0
13.100,1,0,96.0,0.0,0
13.100,1,0,96.0,0.0,0
13.200,1,0,96.0,0.0,0
13.200,1,0,96.0,0.0,0
13.200,1,0,96.0,0.0,0
13.200,1,0,96.0,0.0,0
13.200,1,0,96.0,0.0,0
13.200,1,0,96.0,0.0,0
13.200,1,0,96.0,0.0,0
13.200,1,0,96.0,0.0,0
13.200,1,0,96.0,0.0,0
13.200,1,0,96.0,0.0,0
13.300,1,0,96.0,0.0,0
13.300,1,0,96.0,0.0,0
13.300,1,0,96.0,0.0,0
13.300,1,0,96.0,0.0,0
13.300,1,0,96.0,0.0,0
13.300,1,0,96.0,0.0,0
13.300,1,0,96.0,0.0,0
13.300,1,0,96.0,0.0,0
13.300,1,0,96.0,0.0,0
13.300,1,0,96.0,0.0,0
13.300,1,0,96.0,0.0,0
13.400,1,0,96.0,0.0,0
13.400,1,0,96.0,0.0,0
13.400,1,0,96.0,0.0,0
13.400,1,0,96.0,0.0,0
13.400,1,0,96.0,0.0,0
13.400,1,0,96.0,0.0,0
13.400,1,0,96.0,0.0,0
13.400,1,0,96.0,0.0,0
13.400,1,0,96.0,0.0,0
13.400,1,0,96.0,0.0,0
13.500,1,0,96.0,0.0,0
13.500,1,0,96.0,0.0,0
13.500,1,0,96.0,0.0,0
13.500,1,0,96.0,0.0,0
13.500,1,0,96.0,0.0,0
13.500,1,0,96.0,0.0,0
13.500,1,0,96.0,0.0,0
13.500,1,0,96.0,0.0,0
13.500,1,0,96.0,0.0,0
13.500,1,0,96.0,0.0,0
13.500,1,0,96.0,0.0,0
13.600,1,0,96.0,0.0,0
13.600,1,0,96.0,0.0,0
13.600,1,0,96.0,0.0,0
13.600,1,0,96.0,0.0,0
13.600,1,0,96.0,0.0,0
13.600,1,0,96.0,0.0,0
13.600,1,0,96.0,0.0,0
13.600,1,0,96.0,0.0,0
13.600,1,0,96.0,0.0,0
13.600,1,0,96.0,0.0,0
13.700,1,0,96.0,0.0,0
13.700,1,0,96.0,0.0,0
13.700,1,0,96.0,0.0,0
13.700,1,0,96.0,0.0,0
13.700,1,0,96.0,0.0,0
13.700,1,0,96.0,0.0,0
13.700,1,0,96.0,0.0,0
13.700,1,0,96.0,0.0,0
13.700,1,0,96.0,0.0,0
13.700,1,0,96.0,0.0,0
13.700,1,0,96.0,0.0,0
13.800,1,0,96.0,0.0,0
13.800,1,0,96.0,0.0,0
13.800,1,0,96.0,0.0,0
13.800,1,0,96.0,0.0,0
13.800,1,0,96.0,0.0,0
13.800,1,0,96.0,0.0,0
13.800,1,0,96.0,0.0,0
13.800,1,0,96.0,0.0,0
13.800,1,0,96.0,0.0,0
13.800,1,0,96.0,0.0,0
13.900,1,0,96.0,0.0,0
13.900,1,0,96.0,0.0,0
13.900,1,0,96.0,0.0,0
13.900,1,0,96.0,0.0,0
13.900,1,0,96.0,0.0,0
13.900,1,0,96.0,0.0,0
13.900,1,0,96.0,0.0,0
13.900,1,0,96.0,0.0,0
13.900,1,0,96.0,0.0,0
13.900,1,0,96.0,0.0,0
14.000,1,0,96.0,0.0,0
14.000,1,0,96.0,0.0,0
14.000,1,0,96.0,0.0,0
14.000,1,0,96.0,0.0,0
14.000,1,0,96.0,0.0,0
14.000,1,0,96.0,0.0,0
14.000,1,0,96.0,0.0,0
14.000,1,0,96.0,0.0,0
14.000,1,0,96.0,0.0,0
14.000,1,0,96.0,0.0,0
14.000,1,0,96.0,0.0,0
14.100,1,0,96.0,0.0,0
14.100,1,0,96.0,0.0,0
14.100,1,0,96.0,0.0,0
14.100,1,0,96.0,0.0,0
14.100,1,0,96.0,0.0,0
14.100,1,0,96.0,0.0,0
14.100,1,0,96.0,0.0,0
14.100,1,0,96.0,0.0,0
14.100,1,0,96.0,0.0,0
14.100,1,0,96.0,0.0,0
14.200,1,0,96.0,0.0,0
14.200,1,0,96.0,0.0,0
14.200,1,0,96.0,0.0,0
14.200,1,0,96.0,0.0,0
14.200,1,0,96.0,0.0,0
14.200,1,0,96.0,0.0,0
14.200,1,0,96.0,0.0,0
14.200,1,0,96.0,0.0,0
14.200,1,0,96.0,0.0,0
14.200,1,0,96.0,0.0,0
14.200,1,0,96.0,0.0,0
14.300,1,0,96.0,0.0,0
14.300,1,0,96.0,0.0,0
14.300,1,0,96.0,0.0,0
14.300,1,0,96.0,0.0,0
14.300,1,0,96.0,0.0,0
14.300,1,0,96.0,0.0,0
14.300,1,0,96.0,0.0,0
14.300,1,0,96.0,0.0,0
14.300,1,0,96.0,0.0,0
14.300,1,0,96.0,0.0,0
14.400,1,0,96.0,0.0,0
14.400,1,0,96.0,0.0,0
14.400,1,0,96.0,0.0,0
14.400,1,0,96.0,0.0,0
14.400,1,0,96.0,0.0,0
14.400,1,0,96.0,0.0,0
14.400,1,0,96.0,0.0,0
14.400,1,0,96.0,0.0,0
14.400,1,0,96.0,0.0,0
14.400,1,0,96.0,0.0,0
14.400,1,0,96.0,0.0,0
14.500,1,0,96.0,0.0,0
14.500,1,0,96.0,0.0,0
14.500,1,0,96.0,0.0,0
14.500,1,0,96.0,0.0,0
14.500,1,0,96.0,0.0,0
14.500,1,0,96.0,0.0,0
14.500,1,0,96.0,0.0,0
14.500,1,0,96.0,0.0,0
14.500,1,0,96.0,0.0,0
14.500,1,0,96.0,0.0,0
14.600,1,0,96.0,0.0,0
14.600,1,0,96.0,0.0,0
14.600,1,0,96.0,0.0,0
14.600,1,0,96.0,0.0,0
14.600,1,0,96.0,0.0,0
14.600,1,0,96.0,0.0,0
14.600,1,0,96.0,0.0,0
14.600,1,0,96.0,0.0,0
14.600,1,0,96.0,0.0,0
14.600,1,0,96.0,0.0,0
14.700,1,0,96.0,0.0,0
14.700,1,0,96.0,0.0,0
14.700,1,0,96.0,0.0,0
14.700,1,0,96.0,0.0,0
14.700,1,0,96.0,0.0,0
14.700,1,0,96.0,0.0,0
14.700,1,0,96.0,0.0,0
14.700,1,0,96.0,0.0,0
14.700,1,0,96.0,0.0,0
14.700,1,0,96.0,0.0,0
14.700,1,0,96.0,0.0,0
14.800,1,0,96.0,0.0,0
14.800,1,0,96.0,0.0,0
14.800,1,0,96.0,0.0,0
14.800,1,0,96.0,0.0,0
14.800,1,0,96.0,0.0,0
14.800,1,0,96.0,0.0,0
14.800,1,0,96.0,0.0,0
14.800,1,0,96.0,0.0,0
14.800,1,0,96.0,0.0,0
14.800,1,0,96.0,0.0,0
14.900,1,0,96.0,0.0,0
14.900,1,0,96.0,0.0,0
14.900,1,0,96.0,0.0,0
14.900,1,0,96.0,0.0,0
14.900,1,0,96.0,0.0,0
14.900,1,0,96.0,0.0,0
14.900,1,0,96.0,0.0,0
14.900,1,0,96.0,0.0,0
14.900,1,0,96.0,0.0,0
14.900,1,0,96.0,0.0,0
14.900,1,0,96.0,0.0,0
15.000,1,0,96.0,0.0,0
15.000,1,0,96.0,0.0,0
15.000,1,0,96.0,0.0,0
15.000,1,0,96.0,0.0,0
15.000,1,0,96.0,0.0,0
15.000,1,0,96.0,0.0,0
15.000,1,0,96.0,0.0,0
15.000,1,0,96.0,0.0,0
15.000,1,0,96.0,0.0,0
15.000,1,0,96.0,0.0,0
15.100,1,0,96.0,0.0,0
15.100,1,0,96.0,0.0,0
15.100,1,0,96.0,0.0,0
15.100,1,0,96.0,0.0,0
15.100,1,0,96.0,0.0,0
15.100,1,0,96.0,0.0,0
15.100,1,0,96.0,0.0,0
15.100,1,0,96.0,0.0,0
15.100,1,0,96.0,0.0,0
15.100,1,0,96.0,0.0,0
15.100,1,0,96.0,0.0,0
15.200,1,0,96.0,0.0,0
15.200,1,0,96.0,0.0,0
15.200,1,0,96.0,0.0,0
15.200,1,0,96.0,0.0,0
15.200,1,0,96.0,0.0,0
15.200,1,0,96.0,0.0,0
15.200,1,0,96.0,0.0,0
15.200,1,0,96.0,0.0,0
15.200,1,0,96.0,0.0,0
15.200,1,0,96.0,0.0,0
15.300,1,0,96.0,0.0,0
15.300,1,0,96.0,0.0,0
15.300,1,0,96.0,0.0,0
15.300,1,0,96.0,0.0,0
15.300,1,0,96.0,0.0,0
15.300,1,0,96.0,0.0,0
15.300,1,0,96.0,0.0,0
15.300,1,0,96.0,0.0,0
15.300,1,0,96.0,0.0,0
15.300,1,0,96.0,0.0,0
15.300,1,0,96.0,0.0,0
15.400,1,0,96.0,0.0,0
15.400,1,0,96.0,0.0,0
15.400,1,0,96.0,0.0,0
15.400,1,0,96.0,0.0,0
15.400,1,0,96.0,0.0,0
15.400,1,0,96.0,0.0,0
15.400,1,0,96.0,0.0,0
15.400,1,0,96.0,0.0,0
15.400,1,0,96.0,0.0,0
15.400,1,0,96.0,0.0,0
15.500,1,0,96.0,0.0,0
15.500,1,0,96.0,0.0,0
15.500,1,0,96.0,0.0,0
15.500,1,0,96.0,0.0,0
15.500,1,0,96.0,0.0,0
15.500,1,0,96.0,0.0,0
15.500,1,0,96.0,0.0,0
15.500,1,0,96.0,0.0,0
15.500,1,0,96.0,0.0,0
15.500,1,0,96.0,0.0,0
15.600,1,0,96.0,0.0,0
15.600,1,0,96.0,0.0,0
15.600,1,0,96.0,0.0,0
15.600,1,0,96.0,0.0,0
15.600,1,0,96.0,0.0,0
15.600,1,0,96.0,0.0,0
15.600,1,0,96.0,0.0,0
15.600,1,0,96.0,0.0,0
15.600,1,0,96.0,0.0,0
15.600,1,0,96.0,0.0,0
15.600,1,0,96.0,0.0,0
15.700,1,0,96.0,0.0,0
15.700,1,0,96.0,0.0,0
15.700,1,0,96.0,0.0,0
15.700,1,0,96.0,0.0,0
15.700,1,0,96.0,0.0,0
15.700,1,0,96.0,0.0,0
15.700,1,0,96.0,0.0,0
15.700,1,0,96.0,0.0,0
15.700,1,0,96.0,0.0,0
15.700,1,0,96.0,0.0,0
15.800,1,0,96.0,0.0,0
15.800,1,0,96.0,0.0,0
15.800,1,0,96.0,0.0,0
15.800,1,0,96.0,0.0,0
15.800,1,0,96.0,0.0,0
15.800,1,0,96.0,0.0,0
15.800,1,0,96.0,0.0,0
15.800,1,0,96.0,0.0,0
15.800,1,0,96.0,0.0,0
15.800,1,0,96.0,0.0,0
15.800,1,0,96.0,0.0,0
15.900,1,0,96.0,0.0,0
15.900,1,0,96.0,0.0,0
15.900,1,0,96.0,0.0,0
15.900,1,0,96.0,0.0,0
15.900,1,0,96.0,0.0,0
15.900,1,0,96.0,0.0,0
15.900,1,0,96.0,0.0,0
15.900,1,0,96.0,0.0,0
15.900,1,0,96.0,0.0,0
15.900,1,0,96.0,0.0,0
16.000,1,0,96.0,0.0,0
16.000,1,0,96.0,0.0,0
16.000,1,0,96.0,0.0,0
16.000,1,0,96.0,0.0,0
16.000,1,0,96.0,0.0,0
16.000,1,0,96.0,0.0,0
16.000,1,0,96.0,0.0,0
16.000,1,0,96.0,0.0,0
16.000,1,0,96.0,0.0,0
16.000,1,0,96.0,0.0,0
16.000,1,0,96.0,0.0,0
16.100,1,0,96.0,0.0,0
16.100,1,0,96.0,0.0,0
16.100,1,0,96.0,0.0,0
16.100,1,0,96.0,0.0,0
16.100,1,0,96.0,0.0,0
16.100,1,0,96.0,0.0,0
16.100,1,0,96.0,0.0,0
16.100,1,0,96.0,0.0,0
16.100,1,0,96.0,0.0,0
16.100,1,0,96.0,0.0,0
16.200,1,0,96.0,0.0,0
16.200,1,0,96.0,0.0,0
16.200,1,0,96.0,0.0,0
16.200,1,0,96.0,0.0,0
16.200,1,0,96.0,0.0,0
16.200,1,0,96.0,0.0,0
16.200,1,0,96.0,0.0,0
16.200,1,0,96.0,0.0,0
16.200,1,0,96.0,0.0,0
16.200,1,0,96.0,0.0,0
16.300,1,0,96.0,0.0,0
16.300,1,0,96.0,0.0,0
16.300,1,0,96.0,0.0,0
16.300,1,0,96.0,0.0,0
16.300,1,0,96.0,0.0,0
16.300,1,0,96.0,0.0,0
16.300,1,0,96.0,0.0,0
16.300,1,0,96.0,0.0,0
16.300,1,0,96.0,0.0,0
16.300,1,0,96.0,0.0,0
16.300,1,0,96.0,0.0,0
16.400,1,0,96.0,0.0,0
16.400,1,0,96.0,0.0,0
16.400,1,0,96.0,0.0,0
16.400,1,0,96.0,0.0,0
16.400,1,0,96.0,0.0,0
16.400,1,0,96.0,0.0,0
16.400,1,0,96.0,0.0,0
16.400,1,0,96.0,0.0,0
16.400,1,0,96.0,0.0,0
16.400,1,0,96.0,0.0,0
16.500,1,0,96.0,0.0,0
16.500,1,0,96.0,0.0,0
16.500,1,0,96.0,0.0,0
16.500,1,0,96.0,0.0,0
16.500,1,0,96.0,0.0,0
16.500,1,0,96.0,0.0,0
16.500,1,0,96.0,0.0,0
16.500,1,0,96.0,0.0,0
16.500,1,0,96.0,0.0,0
16.500,1,0,96.0,0.0,0
16.500,1,0,96.0,0.0,0
16.600,1,0,96.0,0.0,0
16.600,1,0,96.0,0.0,0
16.600,1,0,96.0,0.0,0
16.600,1,0,96.0,0.0,0
16.600,1,0,96.0,0.0,0
16.600,1,0,96.0,0.0,0
16.600,1,0,96.0,0.0,0
16.600,1,0,96.0,0.0,0
16.600,1,0,96.0,0.0,0
16.600,1,0,96.0,0.0,0
16.700,1,0,96.0,0.0,0
16.700,1,0,96.0,0.0,0
16.700,1,0,96.0,0.0,0
16.700,1,0,96.0,0.0,0
16.700,1,0,96.0,0.0,0
16.700,1,0,96.0,0.0,0
16.700,1,0,96.0,0.0,0
16.700,1,0,96.0,0.0,0
16.700,1,0,96.0,0.0,0
16.700,1,0,96.0,0.0,0
16.700,1,0,96.0,0.0,0
16.800,1,0,96.0,0.0,0
16.800,1,0,96.0,0.0,0
16.800,1,0,96.0,0.0,0
16.800,1,0,96.0,0.0,0
16.800,1,0,96.0,0.0,0
16.800,1,0,96.0,0.0,0
16.800,1,0,96.0,0.0,0
16.800,1,0,96.0,0.0,0
16.800,1,0,96.0,0.0,0
16.800,1,0,96.0,0.0,0
16.900,1,0,96.0,0.0,0
16.900,1,0,96.0,0.0,0
16.900,1,0,96.0,0.0,0
16.900,1,0,96.0,0.0,0
16.900,1,0,96.0,0.0,0
16.900,1,0,96.0,0.0,0
16.900,1,0,96.0,0.0,0
16.900,1,0,96.0,0.0,0
16.900,1,0,96.0,0.0,0
16.900,1,0,96.0,0.0,0
17.000,1,0,96.0,0.0,0
17.000,1,0,96.0,0.0,0
17.000,1,0,96.0,0.0,0
17.000,1,0,96.0,0.0,0
17.000,1,0,96.0,0.0,0
17.000,1,0,96.0,0.0,0
17.000,1,0,96.0,0.0,0
17.000,1,0,96.0,0.0,0
17.000,1,0,96.0,0.0,0
17.000,1,0,96.0,0.0,0
17.000,1,0,96.0,0.0,0
17.100,1,0,96.0,0.0,0
17.100,1,0,96.0,0.0,0
17.100,1,0,96.0,0.0,0
17.100,1,0,96.0,0.0,0
17.100,1,0,96.0,0.0,0
17.100,1,0,96.0,0.0,0
17.100,1,0,96.0,0.0,0
17.100,1,0,96.0,0.0,0
17.100,1,0,96.0,0.0,0
17.100,1,0,96.0,0.0,0
17.200,1,0,96.0,0.0,0
17.200,1,0,96.0,0.0,0
17.200,1,0,96.0,0.0,0
17.200,1,0,96.0,0.0,0
17.200,1,0,96.0,0.0,0
17.200,1,0,96.0,0.0,0
17.200,1,0,96.0,0.0,0
17.200,1,0,96.0,0.0,0
17.200,1,0,96.0,0.0,0
17.200,1,0,96.0,0.0,0
17.200,1,0,96.0,0.0,0
17.300,1,0,96.0,0.0,0
17.300,1,0,96.0,0.0,0
17.300,1,0,96.0,0.0,0
17.300,1,0,96.0,0.0,0
17.300,1,0,96.0,0.0,0
17.300,1,0,96.0,0.0,0
17.300,1,0,96.0,0.0,0
17.300,1,0,96.0,0.0,0
17.300,1,0,96.0,0.0,0
17.300,1,0,96.0,0.0,0
17.400,1,0,96.0,0.0,0
17.400,1,0,96.0,0.0,0
17.400,1,0,96.0,0.0,0
17.400,1,0,96.0,0.0,0
17.400,1,0,96.0,0.0,0
17.400,1,0,96.0,0.0,0
17.400,1,0,96.0,0.0,0
17.400,1,0,96.0,0.0,0
17.400,1,0,96.0,0.0,0
17.400,1,0,96.0,0.0,0
17.400,1,0,96.0,0.0,0
17.500,1,0,96.0,0.0,0
17.500,1,0,96.0,0.0,0
17.500,1,0,96.0,0.0,0
17.500,1,0,96.0,0.0,0
17.500,1,0,96.0,0.0,0
17.500,1,0,96.0,0.0,0
17.500,1,0,96.0,0.0,0
17.500,1,0,96.0,0.0,0
17.500,1,0,96.0,0.0,0
17.500,1,0,96.0,0.0,0
17.600,1,0,96.0,0.0,0
17.600,1,0,96.0,0.0,0
17.600,1,0,96.0,0.0,0
17.600,1,0,96.0,0.0,0
17.600,1,0,96.0,0.0,0
17.600,1,0,96.0,0.0,0
17.600,1,0,96.0,0.0,0
17.600,1,0,96.0,0.0,0
17.600,1,0,96.0,0.0,0
17.600,1,0,96.0,0.0,0
17.600,1,0,96.0,0.0,0
17.700,1,0,96.0,0.0,0
17.700,1,0,96.0,0.0,0
17.700,1,0,96.0,0.0,0
17.700,1,0,96.0,0.0,0
17.700,1,0,96.0,0.0,0
17.700,1,0,96.0,0.0,0
17.700,1,0,96.0,0.0,0
17.700,1,0,96.0,0.0,0
17.700,1,0,96.0,0.0,0
17.700,1,0,96.0,0.0,0
17.800,1,0,96.0,0.0,0
17.800,1,0,96.0,0.0,0
17.800,1,0,96.0,0.0,0
17.800,1,0,96.0,0.0,0
17.800,1,0,96.0,0.0,0
17.800,1,0,96.0,0.0,0
17.800,1,0,96.0,0.0,0
17.800,1,0,96.0,0.0,0
17.800,1,0,96.0,0.0,0
17.800,1,0,96.0,0.0,0
17.900,1,0,96.0,0.0,0
17.900,1,0,96.0,0.0,0
17.900,1,0,96.0,0.0,0
17.900,1,0,96.0,0.0,0
17.900,1,0,96.0,0.0,0
17.900,1,0,96.0,0.0,0
17.900,1,0,96.0,0.0,0
17.900,1,0,96.0,0.0,0
17.900,1,0,96.0,0.0,0
17.900,1,0,96.0,0.0,0
17.900,1,0,96.0,0.0,0
18.000,1,0,96.0,0.0,0
18.000,1,0,96.0,0.0,0
18.000,1,0,96.0,0.0,0
18.000,1,0,96.0,0.0,0
18.000,1,0,96.0,0.0,0
18.000,1,0,96.0,0.0,0
18.000,1,0,96.0,0.0,0
18.000,1,0,96.0,0.0,0
18.000,1,0,96.0,0.0,0
18.000,1,0,96.0,0.0,0
18.100,1,0,96.0,0.0,0
18.100,1,0,96.0,0.0,0
18.100,1,0,96.0,0.0,0
18.100,1,0,96.0,0.0,0
18.100,1,0,96.0,0.0,0
18.100,1,0,96.0,0.0,0
18.100,1,0,96.0,0.0,0
18.100,1,0,96.0,0.0,0
18.100,1,0,96.0,0.0,0
18.100,1,0,96.0,0.0,0
18.100,1,0,96.0,0.0,0
18.200,1,0,96.0,0.0,0
18.200,1,0,96.0,0.0,0
18.200,1,0,96.0,0.0,0
18.200,1,0,96.0,0.0,0
18.200,1,0,96.0,0.0,0
18.200,1,0,96.0,0.0,0
18.200,1,0,96.0,0.0,0
18.200,1,0,96.0,0.0,0
18.200,1,0,96.0,0.0,0
18.200,1,0,96.0,0.0,0
18.300,1,0,96.0,0.0,0
18.300,1,0,96.0,0.0,0
18.300,1,0,96.0,0.0,0
18.300,1,0,96.0,0.0,0
18.300,1,0,96.0,0.0,0
18.300,1,0,96.0,0.0,0
18.300,1,0,96.0,0.0,0
18.300,1,0,96.0,0.0,0
18.300,1,0,96.0,0.0,0
18.300,1,0,96.0,0.0,0
18.300,1,0,96.0,0.0,0
18.400,1,0,96.0,0.0,0
18.400,1,0,96.0,0.0,0
18.400,1,0,96.0,0.0,0
18.400,1,0,96.0,0.0,0
18.400,1,0,96.0,0.0,0
18.400,1,0,96.0,0.0,0
18.400,1,0,96.0,0.0,0
18.400,1,0,96.0,0.0,0
18.400,1,0,96.0,0.0,0
18.400,1,0,96.0,0.0,0
18.500,1,0,96.0,0.0,0
18.500,1,0,96.0,0.0,0
18.500,1,0,96.0,0.0,0
18.500,1,0,96.0,0.0,0
18.500,1,0,96.0,0.0,0
18.500,1,0,96.0,0.0,0
18.500,1,0,96.0,0.0,0
18.500,1,0,96.0,0.0,0
18.500,1,0,96.0,0.0,0
18.500,1,0,96.0,0.0,0
18.600,1,0,96.0,0.0,0
18.600,1,0,96.0,0.0,0
18.600,1,0,96.0,0.0,0
18.600,1,0,96.0,0.0,0
18.600,1,0,96.0,0.0,0
18.600,1,0,96.0,0.0,0
18.600,1,0,96.0,0.0,0
18.600,1,0,96.0,0.0,0
18.600,1,0,96.0,0.0,0
18.600,1,0,96.0,0.0,0
18.600,1,0,96.0,0.0,0
18.700,1,0,96.0,0.0,0
18.700,1,0,96.0,0.0,0
18.700,1,0,96.0,0.0,0
18.700,1,0,96.0,0.0,0
18.700,1,0,96.0,0.0,0
18.700,1,0,96.0,0.0,0
18.700,1,0,96.0,0.0,0
18.700,1,0,96.0,0.0,0
18.700,1,0,96.0,0.0,0
18.700,1,0,96.0,0.0,0
18.800,1,0,96.0,0.0,0
18.800,1,0,96.0,0.0,0
18.800,1,0,96.0,0.0,0
18.800,1,0,96.0,0.0,0
18.800,1,0,96.0,0.0,0
18.800,1,0,96.0,0.0,0
18.800,1,0,96.0,0.0,0
18.800,1,0,96.0,0.0,0
18.800,1,0,96.0,0.0,0
18.800,1,0,96.0,0.0,0
18.800,1,0,96.0,0.0,0
18.900,1,0,96.0,0.0,0
18.900,1,0,96.0,0.0,0
18.900,1,0,96.0,0.0,0
18.900,1,0,96.0,0.0,0
18.900,1,0,96.0,0.0,0
18.900,1,0,96.0,0.0,0
18.900,1,0,96.0,0.0,0
18.900,1,0,96.0,0.0,0
18.900,1,0,96.0,0.0,0
18.900,1,0,96.0,0.0,0
19.000,1,0,96.0,0.0,0
19.000,1,0,96.0,0.0,0
19.000,1,0,96.0,0.0,0
19.000,1,0,96.0,0.0,0
19.000,1,0,96.0,0.0,0
19.000,1,0,96.0,0.0,0
19.000,1,0,96.0,0.0,0
19.000,1,0,96.0,0.0,0
19.000,1,0,96.0,0.0,0
19.000,1,0,96.0,0.0,0
19.000,1,0,96.0,0.0,0
19.100,1,0,96.0,0.0,0
19.100,1,0,96.0,0.0,0
19.100,1,0,96.0,0.0,0
19.100,1,0,96.0,0.0,0
19.100,1,0,96.0,0.0,0
19.100,1,0,96.0,0.0,0
19.100,1,0,96.0,0.0,0
19.100,1,0,96.0,0.0,0
19.100,1,0,96.0,0.0,0
19.100,1,0,96.0,0.0,0
19.200,1,0,96.0,0.0,0
19.200,1,0,96.0,0.0,0
19.200,1,0,96.0,0.0,0
19.200,1,0,96.0,0.0,0
19.200,1,0,96.0,0.0,0
19.200,1,0,96.0,0.0,0
19.200,1,0,96.0,0.0,0
19.200,1,0,96.0,0.0,0
19.200,1,0,96.0,0.0,0
19.200,1,0,96.0,0.0,0
19.300,1,0,96.0,0.0,0
19.300,1,0,96.0,0.0,0
19.300,1,0,96.0,0.0,0
19.300,1,0,96.0,0.0,0
19.300,1,0,96.0,0.0,0
19.300,1,0,96.0,0.0,0
19.300,1,0,96.0,0.0,0
19.300,1,0,96.0,0.0,0
19.300,1,0,96.0,0.0,0
19.300,1,0,96.0,0.0,0
19.300,1,0,96.0,0.0,0
19.400,1,0,96.0,0.0,0
19.400,1,0,96.0,0.0,0
19.400,1,0,96.0,0.0,0
19.400,1,0,96.0,0.0,0
19.400,1,0,96.0,0.0,0
19.400,1,0,96.0,0.0,0
19.400,1,0,96.0,0.0,0
19.400,1,0,96.0,0.0,0
19.400,1,0,96.0,0.0,0
19.400,1,0,96.0,0.0,0
19.500,1,0,96.0,0.0,0
19.500,1,0,96.0,0.0,0
19.500,1,0,96.0,0.0,0
19.500,1,0,96.0,0.0,0
19.500,1,0,96.0,0.0,0
19.500,1,0,96.0,0.0,0
19.500,1,0,96.0,0.0,0
19.500,1,0,96.0,0.0,0
19.500,1,0,96.0,0.0,0
19.500,1,0,96.0,0.0,0
19.500,1,0,96.0,0.0,0
19.600,1,0,96.0,0.0,0
19.600,1,0,96.0,0.0,0
19.600,1,0,96.0,0.0,0
19.600,1,0,96.0,0.0,0
19.600,1,0,96.0,0.0,0
19.600,1,0,96.0,0.0,0
19.600,1,0,96.0,0.0,0
19.600,1,0,96.0,0.0,0
19.600,1,0,96.0,0.0,0
19.600,1,0,96.0,0.0,0
19.700,1,0,96.0,0.0,0
19.700,1,0,96.0,0.0,0
19.700,1,0,96.0,0.0,0
19.700,1,0,96.0,0.0,0
19.700,1,0,96.0,0.0,0
19.700,1,0,96.0,0.0,0
19.700,1,0,96.0,0.0,0
19.700,1,0,96.0,0.0,0
19.700,1,0,96.0,0.0,0
19.700,1,0,96.0,0.0,0
19.700,1,0,96.0,0.0,0
19.800,1,0,96.0,0.0,0
19.800,1,0,96.0,0.0,0
19.800,1,0,96.0,0.0,0
19.800,1,0,96.0,0.0,0
19.800,1,0,96.0,0.0,0
19.800,1,0,96.0,0.0,0
19.800,1,0,96.0,0.0,0
19.800,1,0,96.0,0.0,0
19.800,1,0,96.0,0.0,0
19.800,1,0,96.0,0.0,0
19.900,1,0,96.0,0.0,0
19.900,1,0,96.0,0.0,0
19.900,1,0,96.0,0.0,0
19.900,1,0,96.0,0.0,0
19.900,1,0,96.0,0.0,0
19.900,1,0,96.0,0.0,0
19.900,1,0,96.0,0.0,0
19.900,1,0,96.0,0.0,0
19.900,1,0,96.0,0.0,0
19.900,1,0,96.0,0.0,0
19.900,1,0,96.0,0.0,0
20.000,1,0,38.0,0.0,0
20.000,1,0,38.0,0.0,0
20.000,1,0,38.0,0.0,0
20.000,1,0,38.0,0.0,0
20.000,1,0,38.0,0.0,0
20.000,1,0,38.0,0.0,0
20.000,1,0,38.0,0.0,0
20.000,1,0,38.0,0.0,0
20.000,1,0,38.0,0.0,0
20.000,1,0,38.0,0.0,0
20.100,1,0,38.0,0.0,0
20.100,1,0,38.0,0.0,0
20.100,1,0,38.0,0.0,0
20.100,1,0,38.0,0.0,0
20.100,1,0,38.0,0.0,0
20.100,1,0,38.0,0.0,0
20.100,1,0,38.0,0.0,0
20.100,1,0,38.0,0.0,0
20.100,1,0,38.0,0.0,0
20.100,1,0,38.0,0.0,0
20.200,1,0,38.0,0.0,0
20.200,1,0,38.0,0.0,0
20.200,1,0,38.0,0.0,0
20.200,1,0,38.0,0.0,0
20.200,1,0,38.0,0.0,0
20.200,1,0,38.0,0.0,0
20.200,1,0,38.0,0.0,0
20.200,1,0,38.0,0.0,0
20.200,1,0,38.0,0.0,0
20.200,1,0,38.0,0.0,0
20.200,1,0,38.0,0.0,0
20.300,1,0,38.0,0.0,0
20.300,1,0,38.0,0.0,0
20.300,1,0,38.0,0.0,0
20.300,1,0,38.0,0.0,0
20.300,1,0,38.0,0.0,0
20.300,1,0,38.0,0.0,0
20.300,1,0,38.0,0.0,0
20.300,1,0,38.0,0.0,0
20.300,1,0,38.0,0.0,0
20.300,1,0,38.0,0.0,0
20.400,1,0,38.0,0.0,0
20.400,1,0,38.0,0.0,0
20.400,1,0,38.0,0.0,0
20.400,1,0,38.0,0.0,0
20.400,1,0,38.0,0.0,0
20.400,1,0,38.0,0.0,0
20.400,1,0,38.0,0.0,0
20.400,1,0,38.0,0.0,0
20.400,1,0,38.0,0.0,0
20.400,1,0,38.0,0.0,0
20.400,1,0,38.0,0.0,0
20.500,1,0,38.0,0.0,0
20.500,1,0,38.0,0.0,0
20.500,1,0,38.0,0.0,0
20.500,1,0,38.0,0.0,0
20.500,1,0,38.0,0.0,0
20.500,1,0,38.0,0.0,0
20.500,1,0,38.0,0.0,0
20.500,1,0,38.0,0.0,0
20.500,1,0,38.0,0.0,0
20.500,1,0,38.0,0.0,0
20.600,1,0,38.0,0.0,0
20.600,1,0,38.0,0.0,0
20.600,1,0,38.0,0.0,0
20.600,1,0,38.0,0.0,0
20.600,1,0,38.0,0.0,0
20.600,1,0,38.0,0.0,0
20.600,1,0,38.0,0.0,0
20.600,1,0,38.0,0.0,0
20.600,1,0,38.0,0.0,0
20.600,1,0,38.0,0.0,0
20.600,1,0,38.0,0.0,0
20.700,1,0,38.0,0.0,0
20.700,1,0,38.0,0.0,0
20.700,1,0,38.0,0.0,0
20.700,1,0,38.0,0.0,0
20.700,1,0,38.0,0.0,0
20.700,1,0,38.0,0.0,0
20.700,1,0,38.0,0.0,0
20.700,1,0,38.0,0.0,0
20.700,1,0,38.0,0.0,0
20.700,1,0,38.0,0.0,0
20.800,1,0,38.0,0.0,0
20.800,1,0,38.0,0.0,0
20.800,1,0,38.0,0.0,0
20.800,1,0,38.0,0.0,0
20.800,1,0,38.0,0.0,0
20.800,1,0,38.0,0.0,0
20.800,1,0,38.0,0.0,0
20.800,1,0,38.0,0.0,0
20.800,1,0,38.0,0.0,0
20.800,1,0,38.0,0.0,0
20.900,1,0,38.0,0.0,0
20.900,1,0,38.0,0.0,0
20.900,1,0,38.0,0.0,0
20.900,1,0,38.0,0.0,0
20.900,1,0,38.0,0.0,0
20.900,1,0,38.0,0.0,0
20.900,1,0,38.0,0.0,0
20.900,1,0,38.0,0.0,0
20.900,1,0,38.0,0.0,0
20.900,1,0,38.0,0.0,0
20.900,1,0,38.0,0.0,0
21.000,1,0,38.0,0.0,0
21.000,1,0,38.0,0.0,0
21.000,1,0,38.0,0.0,0
21.000,1,0,38.0,0.0,0
21.000,1,0,38.0,0.0,0
21.000,1,0,38.0,0.0,0
21.000,1,0,38.0,0.0,0
21.000,1,0,38.0,0.0,0
21.000,1,0,38.0,0.0,0
21.000,1,0,38.0,0.0,0
21.100,1,0,38.0,0.0,0
21.100,1,0,38.0,0.0,0
21.100,1,0,38.0,0.0,0
21.100,1,0,38.0,0.0,0
21.100,1,0,38.0,0.0,0
21.100,1,0,38.0,0.0,0
21.100,1,0,38.0,0.0,0
21.100,1,0,38.0,0.0,0
21.100,1,0,38.0,0.0,0
21.100,1,0,38.0,0.0,0
21.100,1,0,38.0,0.0,0
21.200,1,0,38.0,0.0,0
21.200,1,0,38.0,0.0,0
21.200,1,0,38.0,0.0,0
21.200,1,0,38.0,0.0,0
21.200,1,0,38.0,0.0,0
21.200,1,0,38.0,0.0,0
21.200,1,0,38.0,0.0,0
21.200,1,0,38.0,0.0,0
21.200,1,0,38.0,0.0,0
21.200,1,0,38.0,0.0,0
21.300,1,0,38.0,0.0,0
21.300,1,0,38.0,0.0,0
21.300,1,0,38.0,0.0,0
21.300,1,0,38.0,0.0,0
21.300,1,0,38.0,0.0,0
21.300,1,0,38.0,0.0,0
21.300,1,0,38.0,0.0,0
21.300,1,0,38.0,0.0,0
21.300,1,0,38.0,0.0,0
21.300,1,0,38.0,0.0,0
21.300,1,0,38.0,0.0,0
21.400,1,0,38.0,0.0,0
21.400,1,0,38.0,0.0,0
21.400,1,0,38.0,0.0,0
21.400,1,0,38.0,0.0,0
21.400,1,0,38.0,0.0,0
21.400,1,0,38.0,0.0,0
21.400,1,0,38.0,0.0,0
21.400,1,0,38.0,0.0,0
21.400,1,0,38.0,0.0,0
21.400,1,0,38.0,0.0,0
21.500,1,0,38.0,0.0,0
21.500,1,0,38.0,0.0,0
21.500,1,0,38.0,0.0,0
21.500,1,0,38.0,0.0,0
21.500,1,0,38.0,0.0,0
21.500,1,0,38.0,0.0,0
21.500,1,0,38.0,0.0,0
21.500,1,0,38.0,0.0,0
21.500,1,0,38.0,0.0,0
21.500,1,0,38.0,0.0,0
21.600,1,0,38.0,0.0,0
21.600,1,0,38.0,0.0,0
21.600,1,0,38.0,0.0,0
21.600,1,0,38.0,0.0,0
21.600,1,0,38.0,0.0,0
21.600,1,0,38.0,0.0,0
21.600,1,0,38.0,0.0,0
21.600,1,0,38.0,0.0,0
21.600,1,0,38.0,0.0,0
21.600,1,0,38.0,0.0,0
21.600,1,0,38.0,0.0,0
21.700,1,0,38.0,0.0,0
21.700,1,0,38.0,0.0,0
21.700,1,0,38.0,0.0,0
21.700,1,0,38.0,0.0,0
21.700,1,0,38.0,0.0,0
21.700,1,0,38.0,0.0,0
21.700,1,0,38.0,0.0,0
21.700,1,0,38.0,0.0,0
21.700,1,0,38.0,0.0,0
21.700,1,0,38.0,0.0,0
21.800,1,0,38.0,0.0,0
21.800,1,0,38.0,0.0,0
21.800,1,0,38.0,0.0,0
21.800,1,0,38.0,0.0,0
21.800,1,0,38.0,0.0,0
21.800,1,0,38.0,0.0,0
21.800,1,0,38.0,0.0,0
21.800,1,0,38.0,0.0,0
21.800,1,0,38.0,0.0,0
21.800,1,0,38.0,0.0,0
21.800,1,0,38.0,0.0,0
21.900,1,0,38.0,0.0,0
21.900,1,0,38.0,0.0,0
21.900,1,0,38.0,0.0,0
21.900,1,0,38.0,0.0,0
21.900,1,0,38.0,0.0,0
21.900,1,0,38.0,0.0,0
21.900,1,0,38.0,0.0,0
21.900,1,0,38.0,0.0,0
21.900,1,0,38.0,0.0,0
21.900,1,0,38.0,0.0,0
22.000,1,0,38.0,0.0,0
22.000,1,0,38.0,0.0,0
22.000,1,0,38.0,0.0,0
22.000,1,0,38.0,0.0,0
22.000,1,0,38.0,0.0,0
22.000,1,0,38.0,0.0,0
22.000,1,0,38.0,0.0,0
22.000,1,0,38.0,0.0,0
22.000,1,0,38.0,0.0,0
22.000,1,0,38.0,0.0,0
22.000,1,0,38.0,0.0,0
22.100,1,0,38.0,0.0,0
22.100,1,0,38.0,0.0,0
22.100,1,0,38.0,0.0,0
22.100,1,0,38.0,0.0,0
22.100,1,0,38.0,0.0,0
22.100,1,0,38.0,0.0,0
22.100,1,0,38.0,0.0,0
22.100,1,0,38.0,0.0,0
22.100,1,0,38.0,0.0,0
22.100,1,0,38.0,0.0,0
22.200,1,0,38.0,0.0,0
22.200,1,0,38.0,0.0,0
22.200,1,0,38.0,0.0,0
22.200,1,0,38.0,0.0,0
22.200,1,0,38.0,0.0,0
22.200,1,0,38.0,0.0,0
22.200,1,0,38.0,0.0,0
22.200,1,0,38.0,0.0,0
22.200,1,0,38.0,0.0,0
22.200,1,0,38.0,0.0,0
22.200,1,0,38.0,0.0,0
22.300,1,0,38.0,0.0,0
22.300,1,0,38.0,0.0,0
22.300,1,0,38.0,0.0,0
22.300,1,0,38.0,0.0,0
22.300,1,0,38.0,0.0,0
22.300,1,0,38.0,0.0,0
22.300,1,0,38.0,0.0,0
22.300,1,0,38.0,0.0,0
22.300,1,0,38.0,0.0,0
22.300,1,0,38.0,0.0,0
22.400,1,0,38.0,0.0,0
22.400,1,0,38.0,0.0,0
22.400,1,0,38.0,0.0,0
22.400,1,0,38.0,0.0,0
22.400,1,0,38.0,0.0,0
22.400,1,0,38.0,0.0,0
22.400,1,0,38.0,0.0,0
22.400,1,0,38.0,0.0,0
22.400,1,0,38.0,0.0,0
22.400,1,0,38.0,0.0,0
22.500,1,0,38.0,0.0,0
22.500,1,0,38.0,0.0,0
22.500,1,0,38.0,0.0,0
22.500,1,0,38.0,0.0,0
22.500,1,0,38.0,0.0,0
22.500,1,0,38.0,0.0,0
22.500,1,0,38.0,0.0,0
22.500,1,0,38.0,0.0,0
22.500,1,0,38.0,0.0,0
22.500,1,0,38.0,0.0,0
22.500,1,0,38.0,0.0,0
22.600,1,0,38.0,0.0,0
22.600,1,0,38.0,0.0,0
22.600,1,0,38.0,0.0,0
22.600,1,0,38.0,0.0,0
22.600,1,0,38.0,0.0,0
22.600,1,0,38.0,0.0,0
22.600,1,0,38.0,0.0,0
22.600,1,0,38.0,0.0,0
22.600,1,0,38.0,0.0,0
22.600,1,0,38.0,0.0,0
22.700,1,0,38.0,0.0,0
22.700,1,0,38.0,0.0,0
22.700,1,0,38.0,0.0,0
22.700,1,0,38.0,0.0,0
22.700,1,0,38.0,0.0,0
22.700,1,0,38.0,0.0,0
22.700,1,0,38.0,0.0,0
22.700,1,0,38.0,0.0,0
22.700,1,0,38.0,0.0,0
22.700,1,0,38.0,0.0,0
22.700,1,0,38.0,0.0,0
22.800,1,0,38.0,0.0,0
22.800,1,0,38.0,0.0,0
22.800,1,0,38.0,0.0,0
22.800,1,0,38.0,0.0,0
22.800,1,0,38.0,0.0,0
22.800,1,0,38.0,0.0,0
22.800,1,0,38.0,0.0,0
22.800,1,0,38.0,0.0,0
22.800,1,0,38.0,0.0,0
22.800,1,0,38.0,0.0,0
22.900,1,0,38.0,0.0,0
22.900,1,0,38.0,0.0,0
22.900,1,0,38.0,0.0,0
22.900,1,0,38.0,0.0,0
22.900,1,0,38.0,0.0,0
22.900,1,0,38.0,0.0,0
22.900,1,0,38.0,0.0,0
22.900,1,0,38.0,0.0,0
22.900,1,0,38.0,0.0,0
22.900,1,0,38.0,0.0,0
22.900,1,0,38.0,0.0,0
23.000,1,0,38.0,0.0,0
23.000,1,0,38.0,0.0,0
23.000,1,0,38.0,0.0,0
23.000,1,0,38.0,0.0,0
23.000,1,0,38.0,0.0,0
23.000,1,0,38.0,0.0,0
23.000,1,0,38.0,0.0,0
23.000,1,0,38.0,0.0,0
23.000,1,0,38.0,0.0,0
23.000,1,0,38.0,0.0,0
23.100,1,0,38.0,0.0,0
23.100,1,0,38.0,0.0,0
23.100,1,0,38.0,0.0,0
23.100,1,0,38.0,0.0,0
23.100,1,0,38.0,0.0,0
23.100,1,0,38.0,0.0,0
23.100,1,0,38.0,0.0,0
23.100,1,0,38.0,0.0,0
23.100,1,0,38.0,0.0,0
23.100,1,0,38.0,0.0,0
23.200,1,0,38.0,0.0,0
23.200,1,0,38.0,0.0,0
23.200,1,0,38.0,0.0,0
23.200,1,0,38.0,0.0,0
23.200,1,0,38.0,0.0,0
23.200,1,0,38.0,0.0,0
23.200,1,0,38.0,0.0,0
23.200,1,0,38.0,0.0,0
23.200,1,0,38.0,0.0,0
23.200,1,0,38.0,0.0,0
23.200,1,0,38.0,0.0,0
23.300,1,0,38.0,0.0,0
23.300,1,0,38.0,0.0,0
23.300,1,0,38.0,0.0,0
23.300,1,0,38.0,0.0,0
23.300,1,0,38.0,0.0,0
23.300,1,0,38.0,0.0,0
23.300,1,0,38.0,0.0,0
23.300,1,0,38.0,0.0,0
23.300,1,0,38.0,0.0,0
23.300,1,0,38.0,0.0,0
23.400,1,0,38.0,0.0,0
23.400,1,0,38.0,0.0,0
23.400,1,0,38.0,0.0,0
23.400,1,0,38.0,0.0,0
23.400,1,0,38.0,0.0,0
23.400,1,0,38.0,0.0,0
23.400,1,0,38.0,0.0,0
23.400,1,0,38.0,0.0,0
23.400,1,0,38.0,0.0,0
23.400,1,0,38.0,0.0,0
23.400,1,0,38.0,0.0,0
23.500,1,0,38.0,0.0,0
23.500,1,0,38.0,0.0,0
23.500,1,0,38.0,0.0,0
23.500,1,0,38.0,0.0,0
23.500,1,0,38.0,0.0,0
23.500,1,0,38.0,0.0,0
23.500,1,0,38.0,0.0,0
23.500,1,0,38.0,0.0,0
23.500,1,0,38.0,0.0,0
23.500,1,0,38.0,0.0,0
23.600,1,0,38.0,0.0,0
23.600,1,0,38.0,0.0,0
23.600,1,0,38.0,0.0,0
23.600,1,0,38.0,0.0,0
23.600,1,0,38.0,0.0,0
23.600,1,0,38.0,0.0,0
23.600,1,0,38.0,0.0,0
23.600,1,0,38.0,0.0,0
23.600,1,0,38.0,0.0,0
23.600,1,0,38.0,0.0,0
23.600,1,0,38.0,0.0,0
23.700,1,0,38.0,0.0,0
23.700,1,0,38.0,0.0,0
23.700,1,0,38.0,0.0,0
23.700,1,0,38.0,0.0,0
23.700,1,0,38.0,0.0,0
23.700,1,0,38.0,0.0,0
23.700,1,0,38.0,0.0,0
23.700,1,0,38.0,0.0,0
23.700,1,0,38.0,0.0,0
23.700,1,0,38.0,0.0,0
23.800,1,0,38.0,0.0,0
23.800,1,0,38.0,0.0,0
23.800,1,0,38.0,0.0,0
23.800,1,0,38.0,0.0,0
23.800,1,0,38.0,0.0,0
23.800,1,0,38.0,0.0,0
23.800,1,0,38.0,0.0,0
23.800,1,0,38.0,0.0,0
23.800,1,0,38.0,0.0,0
23.800,1,0,38.0,0.0,0
23.900,1,0,38.0,0.0,0
23.900,1,0,38.0,0.0,0
23.900,1,0,38.0,0.0,0
23.900,1,0,38.0,0.0,0
23.900,1,0,38.0,0.0,0
23.900,1,0,38.0,0.0,0
23.900,1,0,38.0,0.0,0
23.900,1,0,38.0,0.0,0
23.900,1,0,38.0,0.0,0
23.900,1,0,38.0,0.0,0
23.900,1,0,38.0,0.0,0
24.000,1,0,38.0,0.0,0
24.000,1,0,38.0,0.0,0
24.000,1,0,38.0,0.0,0
24.000,1,0,38.0,0.0,0
24.000,1,0,38.0,0.0,0
24.000,1,0,38.0,0.0,0
24.000,1,0,38.0,0.0,0
24.000,1,0,38.0,0.0,0
24.000,1,0,38.0,0.0,0
24.000,1,0,38.0,0.0,0
24.100,1,0,38.0,0.0,0
24.100,1,0,38.0,0.0,0
24.100,1,0,38.0,0.0,0
24.100,1,0,38.0,0.0,0
24.100,1,0,38.0,0.0,0
24.100,1,0,38.0,0.0,0
24.100,1,0,38.0,0.0,0
24.100,1,0,38.0,0.0,0
24.100,1,0,38.0,0.0,0
24.100,1,0,38.0,0.0,0
24.100,1,0,38.0,0.0,0
24.200,1,0,38.0,0.0,0
24.200,1,0,38.0,0.0,0
24.200,1,0,38.0,0.0,0
24.200,1,0,38.0,0.0,0
24.200,1,0,38.0,0.0,0
24.200,1,0,38.0,0.0,0
24.200,1,0,38.0,0.0,0
24.200,1,0,38.0,0.0,0
24.200,1,0,38.0,0.0,0
24.200,1,0,38.0,0.0,0
24.300,1,0,38.0,0.0,0
24.300,1,0,38.0,0.0,0
24.300,1,0,38.0,0.0,0
24.300,1,0,38.0,0.0,0
24.300,1,0,38.0,0.0,0
24.300,1,0,38.0,0.0,0
24.300,1,0,38.0,0.0,0
24.300,1,0,38.0,0.0,0
24.300,1,0,38.0,0.0,0
24.300,1,0,38.0,0.0,0
24.300,1,0,38.0,0.0,0
24.400,1,0,38.0,0.0,0
24.400,1,0,38.0,0.0,0
24.400,1,0,38.0,0.0,0
24.400,1,0,38.0,0.0,0
24.400,1,0,38.0,0.0,0
24.400,1,0,38.0,0.0,0
24.400,1,0,38.0,0.0,0
24.400,1,0,38.0,0.0,0
24.400,1,0,38.0,0.0,0
24.400,1,0,38.0,0.0,0
24.500,1,0,38.0,0.0,0
24.500,1,0,38.0,0.0,0
24.500,1,0,38.0,0.0,0
24.500,1,0,38.0,0.0,0
24.500,1,0,38.0,0.0,0
24.500,1,0,38.0,0.0,0
24.500,1,0,38.0,0.0,0
24.500,1,0,38.0,0.0,0
24.500,1,0,38.0,0.0,0
24.500,1,0,38.0,0.0,0
24.500,1,0,38.0,0.0,0
24.600,1,0,38.0,0.0,0
24.600,1,0,38.0,0.0,0
24.600,1,0,38.0,0.0,0
24.600,1,0,38.0,0.0,0
24.600,1,0,38.0,0.0,0
24.600,1,0,38.0,0.0,0
24.600,1,0,38.0,0.0,0
24.600,1,0,38.0,0.0,0
24.600,1,0,38.0,0.0,0
24.600,1,0,38.0,0.0,0
24.700,1,0,38.0,0.0,0
24.700,1,0,38.0,0.0,0
24.700,1,0,38.0,0.0,0
24.700,1,0,38.0,0.0,0
24.700,1,0,38.0,0.0,0
24.700,1,0,38.0,0.0,0
24.700,1,0,38.0,0.0,0
24.700,1,0,38.0,0.0,0
24.700,1,0,38.0,0.0,0
24.700,1,0,38.0,0.0,0
24.800,1,0,38.0,0.0,0
24.800,1,0,38.0,0.0,0
24.800,1,0,38.0,0.0,0
24.800,1,0,38.0,0.0,0
24.800,1,0,38.0,0.0,0
24.800,1,0,38.0,0.0,0
24.800,1,0,38.0,0.0,0
24.800,1,0,38.0,0.0,0
24.800,1,0,38.0,0.0,0
24.800,1,0,38.0,0.0,0
24.800,1,0,38.0,0.0,0
24.900,1,0,38.0,0.0,0
24.900,1,0,38.0,0.0,0
24.900,1,0,38.0,0.0,0
24.900,1,0,38.0,0.0,0
24.900,1,0,38.0,0.0,0
24.900,1,0,38.0,0.0,0
24.900,1,0,38.0,0.0,0
24.900,1,0,38.0,0.0,0
24.900,1,0,38.0,0.0,0
24.900,1,0,38.0,0.0,0
25.000,1,0,38.0,0.0,0
25.000,1,0,38.0,0.0,0
25.000,1,0,38.0,0.0,0
25.000,1,0,38.0,0.0,0
25.000,1,0,38.0,0.0,0
25.000,1,0,38.0,0.0,0
25.000,1,0,38.0,0.0,0
25.000,1,0,38.0,0.0,0
25.000,1,0,38.0,0.0,0
25.000,1,0,38.0,0.0,0
25.000,1,0,38.0,0.0,0
25.100,1,0,38.0,0.0,0
25.100,1,0,38.0,0.0,0
25.100,1,0,38.0,0.0,0
25.100,1,0,38.0,0.0,0
25.100,1,0,38.0,0.0,0
25.100,1,0,38.0,0.0,0
25.100,1,0,38.0,0.0,0
25.100,1,0,38.0,0.0,0
25.100,1,0,38.0,0.0,0
25.100,1,0,38.0,0.0,0
25.200,1,0,38.0,0.0,0
25.200,1,0,38.0,0.0,0
25.200,1,0,38.0,0.0,0
25.200,1,0,38.0,0.0,0
25.200,1,0,38.0,0.0,0
25.200,1,0,38.0,0.0,0
25.200,1,0,38.0,0.0,0
25.200,1,0,38.0,0.0,0
25.200,1,0,38.0,0.0,0
25.200,1,0,38.0,0.0,0
25.200,1,0,38.0,0.0,0
25.300,1,0,38.0,0.0,0
25.300,1,0,38.0,0.0,0
25.300,1,0,38.0,0.0,0
25.300,1,0,38.0,0.0,0
25.300,1,0,38.0,0.0,0
25.300,1,0,38.0,0.0,0
25.300,1,0,38.0,0.0,0
25.300,1,0,38.0,0.0,0
25.300,1,0,38.0,0.0,0
25.300,1,0,38.0,0.0,0
25.400,1,0,38.0,0.0,0
25.400,1,0,38.0,0.0,0
25.400,1,0,38.0,0.0,0
25.400,1,0,38.0,0.0,0
25.400,1,0,38.0,0.0,0
25.400,1,0,38.0,0.0,0
25.400,1,0,38.0,0.0,0
25.400,1,0,38.0,0.0,0
25.400,1,0,38.0,0.0,0
25.400,1,0,38.0,0.0,0
25.500,1,0,38.0,0.0,0
25.500,1,0,38.0,0.0,0
25.500,1,0,38.0,0.0,0
25.500,1,0,38.0,0.0,0
25.500,1,0,38.0,0.0,0
25.500,1,0,38.0,0.0,0
25.500,1,0,38.0,0.0,0
25.500,1,0,38.0,0.0,0
25.500,1,0,38.0,0.0,0
25.500,1,0,38.0,0.0,0
25.500,1,0,38.0,0.0,0
25.600,1,0,38.0,0.0,0
25.600,1,0,38.0,0.0,0
25.600,1,0,38.0,0.0,0
25.600,1,0,38.0,0.0,0
25.600,1,0,38.0,0.0,0
25.600,1,0,38.0,0.0,0
25.600,1,0,38.0,0.0,0
25.600,1,0,38.0,0.0,0
25.600,1,0,38.0,0.0,0
25.600,1,0,38.0,0.0,0
25.700,1,0,38.0,0.0,0
25.700,1,0,38.0,0.0,0
25.700,1,0,38.0,0.0,0
25.700,1,0,38.0,0.0,0
25.700,1,0,38.0,0.0,0
25.700,1,0,38.0,0.0,0
25.700,1,0,38.0,0.0,0
25.700,1,0,38.0,0.0,0
25.700,1,0,38.0,0.0,0
25.700,1,0,38.0,0.0,0
25.700,1,0,38.0,0.0,0
25.800,1,0,38.0,0.0,0
25.800,1,0,38.0,0.0,0
25.800,1,0,38.0,0.0,0
25.800,1,0,38.0,0.0,0
25.800,1,0,38.0,0.0,0
25.800,1,0,38.0,0.0,0
25.800,1,0,38.0,0.0,0
25.800,1,0,38.0,0.0,0
25.800,1,0,38.0,0.0,0
25.800,1,0,38.0,0.0,0
25.900,1,0,38.0,0.0,0
25.900,1,0,38.0,0.0,0
25.900,1,0,38.0,0.0,0
25.900,1,0,38.0,0.0,0
25.900,1,0,38.0,0.0,0
25.900,1,0,38.0,0.0,0
25.900,1,0,38.0,0.0,0
25.900,1,0,38.0,0.0,0
25.900,1,0,38.0,0.0,0
25.900,1,0,38.0,0.0,0
25.900,1,0,38.0,0.0,0
26.000,1,0,38.0,0.0,0
26.000,1,0,38.0,0.0,0
26.000,1,0,38.0,0.0,0
26.000,1,0,38.0,0.0,0
26.000,1,0,38.0,0.0,0
26.000,1,0,38.0,0.0,0
26.000,1,0,38.0,0.0,0
26.000,1,0,38.0,0.0,0
26.000,1,0,38.0,0.0,0
26.000,1,0,38.0,0.0,0
26.100,1,0,38.0,0.0,0
26.100,1,0,38.0,0.0,0
26.100,1,0,38.0,0.0,0
26.100,1,0,38.0,0.0,0
26.100,1,0,38.0,0.0,0
26.100,1,0,38.0,0.0,0
26.100,1,0,38.0,0.0,0
26.100,1,0,38.0,0.0,0
26.100,1,0,38.0,0.0,0
26.100,1,0,38.0,0.0,0
26.200,1,0,38.0,0.0,0
26.200,1,0,38.0,0.0,0
26.200,1,0,38.0,0.0,0
26.200,1,0,38.0,0.0,0
26.200,1,0,38.0,0.0,0
26.200,1,0,38.0,0.0,0
26.200,1,0,38.0,0.0,0
26.200,1,0,38.0,0.0,0
26.200,1,0,38.0,0.0,0
26.200,1,0,38.0,0.0,0
26.200,1,0,38.0,0.0,0
26.300,1,0,38.0,0.0,0
26.300,1,0,38.0,0.0,0
26.300,1,0,38.0,0.0,0
26.300,1,0,38.0,0.0,0
26.300,1,0,38.0,0.0,0
26.300,1,0,38.0,0.0,0
26.300,1,0,38.0,0.0,0
26.300,1,0,38.0,0.0,0
26.300,1,0,38.0,0.0,0
26.300,1,0,38.0,0.0,0
26.400,1,0,38.0,0.0,0
26.400,1,0,38.0,0.0,0
26.400,1,0,38.0,0.0,0
26.400,1,0,38.0,0.0,0
26.400,1,0,38.0,0.0,0
26.400,1,0,38.0,0.0,0
26.400,1,0,38.0,0.0,0
26.400,1,0,38.0,0.0,0
26.400,1,0,38.0,0.0,0
26.400,1,0,38.0,0.0,0
26.400,1,0,38.0,0.0,0
26.500,1,0,38.0,0.0,0
26.500,1,0,38.0,0.0,0
26.500,1,0,38.0,0.0,0
26.500,1,0,38.0,0.0,0
26.500,1,0,38.0,0.0,0
26.500,1,0,38.0,0.0,0
26.500,1,0,38.0,0.0,0
26.500,1,0,38.0,0.0,0
26.500,1,0,38.0,0.0,0
26.500,1,0,38.0,0.0,0
26.600,1,0,38.0,0.0,0
26.600,1,0,38.0,0.0,0
26.600,1,0,38.0,0.0,0
26.600,1,0,38.0,0.0,0
26.600,1,0,38.0,0.0,0
26.600,1,0,38.0,0.0,0
26.600,1,0,38.0,0.0,0
26.600,1,0,38.0,0.0,0
26.600,1,0,38.0,0.0,0
26.600,1,0,38.0,0.0,0
26.600,1,0,38.0,0.0,0
26.700,1,0,38.0,0.0,0
26.700,1,0,38.0,0.0,0
26.700,1,0,38.0,0.0,0
26.700,1,0,38.0,0.0,0
26.700,1,0,38.0,0.0,0
26.700,1,0,38.0,0.0,0
26.700,1,0,38.0,0.0,0
26.700,1,0,38.0,0.0,0
26.700,1,0,38.0,0.0,0
26.700,1,0,38.0,0.0,0
26.800,1,0,38.0,0.0,0
26.800,1,0,38.0,0.0,0
26.800,1,0,38.0,0.0,0
26.800,1,0,38.0,0.0,0
26.800,1,0,38.0,0.0,0
26.800,1,0,38.0,0.0,0
26.800,1,0,38.0,0.0,0
26.800,1,0,38.0,0.0,0
26.800,1,0,38.0,0.0,0
26.800,1,0,38.0,0.0,0
26.800,1,0,38.0,0.0,0
26.900,1,0,38.0,0.0,0
26.900,1,0,38.0,0.0,0
26.900,1,0,38.0,0.0,0
26.900,1,0,38.0,0.0,0
26.900,1,0,38.0,0.0,0
26.900,1,0,38.0,0.0,0
26.900,1,0,38.0,0.0,0
26.900,1,0,38.0,0.0,0
26.900,1,0,38.0,0.0,0
26.900,1,0,38.0,0.0,0
27.000,1,0,38.0,0.0,0
27.000,1,0,38.0,0.0,0
27.000,1,0,38.0,0.0,0
27.000,1,0,38.0,0.0,0
27.000,1,0,38.0,0.0,0
27.000,1,0,38.0,0.0,0
27.000,1,0,38.0,0.0,0
27.000,1,0,38.0,0.0,0
27.000,1,0,38.0,0.0,0
27.000,1,0,38.0,0.0,0
27.100,1,0,38.0,0.0,0
27.100,1,0,38.0,0.0,0
27.100,1,0,38.0,0.0,0
27.100,1,0,38.0,0.0,0
27.100,1,0,38.0,0.0,0
27.100,1,0,38.0,0.0,0
27.100,1,0,38.0,0.0,0
27.100,1,0,38.0,0.0,0
27.100,1,0,38.0,0.0,0
27.100,1,0,38.0,0.0,0
27.100,1,0,38.0,0.0,0
27.200,1,0,38.0,0.0,0
27.200,1,0,38.0,0.0,0
27.200,1,0,38.0,0.0,0
27.200,1,0,38.0,0.0,0
27.200,1,0,38.0,0.0,0
27.200,1,0,38.0,0.0,0
27.200,1,0,38.0,0.0,0
27.200,1,0,38.0,0.0,0
27.200,1,0,38.0,0.0,0
27.200,1,0,38.0,0.0,0
27.300,1,0,38.0,0.0,0
27.300,1,0,38.0,0.0,0
27.300,1,0,38.0,0.0,0
27.300,1,0,38.0,0.0,0
27.300,1,0,38.0,0.0,0
27.300,1,0,38.0,0.0,0
27.300,1,0,38.0,0.0,0
27.300,1,0,38.0,0.0,0
27.300,1,0,38.0,0.0,0
27.300,1,0,38.0,0.0,0
27.300,1,0,38.0,0.0,0
27.400,1,0,38.0,0.0,0
27.400,1,0,38.0,0.0,0
27.400,1,0,38.0,0.0,0
27.400,1,0,38.0,0.0,0
27.400,1,0,38.0,0.0,0
27.400,1,0,38.0,0.0,0
27.400,1,0,38.0,0.0,0
27.400,1,0,38.0,0.0,0
27.400,1,0,38.0,0.0,0
27.400,1,0,38.0,0.0,0
27.500,1,0,38.0,0.0,0
27.500,1,0,38.0,0.0,0
27.500,1,0,38.0,0.0,0
27.500,1,0,38.0,0.0,0
27.500,1,0,38.0,0.0,0
27.500,1,0,38.0,0.0,0
27.500,1,0,38.0,0.0,0
27.500,1,0,38.0,0.0,0
27.500,1,0,38.0,0.0,0
27.500,1,0,38.0,0.0,0
27.500,1,0,38.0,0.0,0
27.600,1,0,38.0,0.0,0
27.600,1,0,38.0,0.0,0
27.600,1,0,38.0,0.0,0
27.600,1,0,38.0,0.0,0
27.600,1,0,38.0,0.0,0
27.600,1,0,38.0,0.0,0
27.600,1,0,38.0,0.0,0
27.600,1,0,38.0,0.0,0
27.600,1,0,38.0,0.0,0
27.600,1,0,38.0,0.0,0
27.700,1,0,38.0,0.0,0
27.700,1,0,38.0,0.0,0
27.700,1,0,38.0,0.0,0
27.700,1,0,38.0,0.0,0
27.700,1,0,38.0,0.0,0
27.700,1,0,38.0,0.0,0
27.700,1,0,38.0,0.0,0
27.700,1,0,38.0,0.0,0
27.700,1,0,38.0,0.0,0
27.700,1,0,38.0,0.0,0
27.800,1,0,38.0,0.0,0
27.800,1,0,38.0,0.0,0
27.800,1,0,38.0,0.0,0
27.800,1,0,38.0,0.0,0
27.800,1,0,38.0,0.0,0
27.800,1,0,38.0,0.0,0
27.800,1,0,38.0,0.0,0
27.800,1,0,38.0,0.0,0
27.800,1,0,38.0,0.0,0
27.800,1,0,38.0,0.0,0
27.800,1,0,38.0,0.0,0
27.900,1,0,38.0,0.0,0
27.900,1,0,38.0,0.0,0
27.900,1,0,38.0,0.0,0
27.900,1,0,38.0,0.0,0
27.900,1,0,38.0,0.0,0
27.900,1,0,38.0,0.0,0
27.900,1,0,38.0,0.0,0
27.900,1,0,38.0,0.0,0
27.900,1,0,38.0,0.0,0
27.900,1,0,38.0,0.0,0
28.000,1,0,38.0,0.0,0
28.000,1,0,38.0,0.0,0
28.000,1,0,38.0,0.0,0
28.000,1,0,38.0,0.0,0
28.000,1,0,38.0,0.0,0
28.000,1,0,38.0,0.0,0
28.000,1,0,38.0,0.0,0
28.000,1,0,38.0,0.0,0
28.000,1,0,38.0,0.0,0
28.000,1,0,38.0,0.0,0
28.000,1,0,38.0,0.0,0
28.100,1,0,38.0,0.0,0
28.100,1,0,38.0,0.0,0
28.100,1,0,38.0,0.0,0
28.100,1,0,38.0,0.0,0
28.100,1,0,38.0,0.0,0
28.100,1,0,38.0,0.0,0
28.100,1,0,38.0,0.0,0
28.100,1,0,38.0,0.0,0
28.100,1,0,38.0,0.0,0
28.100,1,0,38.0,0.0,0
28.200,1,0,38.0,0.0,0
28.200,1,0,38.0,0.0,0
28.200,1,0,38.0,0.0,0
28.200,1,0,38.0,0.0,0
28.200,1,0,38.0,0.0,0
28.200,1,0,38.0,0.0,0
28.200,1,0,38.0,0.0,0
28.200,1,0,38.0,0.0,0
28.200,1,0,38.0,0.0,0
28.200,1,0,38.0,0.0,0
28.200,1,0,38.0,0.0,0
28.300,1,0,38.0,0.0,0
28.300,1,0,38.0,0.0,0
28.300,1,0,38.0,0.0,0
28.300,1,0,38.0,0.0,0
28.300,1,0,38.0,0.0,0
28.300,1,0,38.0,0.0,0
28.300,1,0,38.0,0.0,0
28.300,1,0,38.0,0.0,0
28.300,1,0,38.0,0.0,0
28.300,1,0,38.0,0.0,0
28.400,1,0,38.0,0.0,0
28.400,1,0,38.0,0.0,0
28.400,1,0,38.0,0.0,0
28.400,1,0,38.0,0.0,0
28.400,1,0,38.0,0.0,0
28.400,1,0,38.0,0.0,0
28.400,1,0,38.0,0.0,0
28.400,1,0,38.0,0.0,0
28.400,1,0,38.0,0.0,0
28.400,1,0,38.0,0.0,0
28.500,1,0,38.0,0.0,0
28.500,1,0,38.0,0.0,0
28.500,1,0,38.0,0.0,0
28.500,1,0,38.0,0.0,0
28.500,1,0,38.0,0.0,0
28.500,1,0,38.0,0.0,0
28.500,1,0,38.0,0.0,0
28.500,1,0,38.0,0.0,0
28.500,1,0,38.0,0.0,0
28.500,1,0,38.0,0.0,0
28.500,1,0,38.0,0.0,0
28.600,1,0,38.0,0.0,0
28.600,1,0,38.0,0.0,0
28.600,1,0,38.0,0.0,0
28.600,1,0,38.0,0.0,0
28.600,1,0,38.0,0.0,0
28.600,1,0,38.0,0.0,0
28.600,1,0,38.0,0.0,0
28.600,1,0,38.0,0.0,0
28.600,1,0,38.0,0.0,0
28.600,1,0,38.0,0.0,0
28.700,1,0,38.0,0.0,0
28.700,1,0,38.0,0.0,0
28.700,1,0,38.0,0.0,0
28.700,1,0,38.0,0.0,0
28.700,1,0,38.0,0.0,0
28.700,1,0,38.0,0.0,0
28.700,1,0,38.0,0.0,0
28.700,1,0,38.0,0.0,0
28.700,1,0,38.0,0.0,0
28.700,1,0,38.0,0.0,0
28.700,1,0,38.0,0.0,0
28.800,1,0,38.0,0.0,0
28.800,1,0,38.0,0.0,0
28.800,1,0,38.0,0.0,0
28.800,1,0,38.0,0.0,0
28.800,1,0,38.0,0.0,0
28.800,1,0,38.0,0.0,0
28.800,1,0,38.0,0.0,0
28.800,1,0,38.0,0.0,0
28.800,1,0,38.0,0.0,0
28.800,1,0,38.0,0.0,0
28.900,1,0,38.0,0.0,0
28.900,1,0,38.0,0.0,0
28.900,1,0,38.0,0.0,0
28.900,1,0,38.0,0.0,0
28.900,1,0,38.0,0.0,0
28.900,1,0,38.0,0.0,0
28.900,1,0,38.0,0.0,0
28.900,1,0,38.0,0.0,0
28.900,1,0,38.0,0.0,0
28.900,1,0,38.0,0.0,0
28.900,1,0,38.0,0.0,0
29.000,1,0,38.0,0.0,0
29.000,1,0,38.0,0.0,0
29.000,1,0,38.0,0.0,0
29.000,1,0,38.0,0.0,0
29.000,1,0,38.0,0.0,0
29.000,1,0,38.0,0.0,0
29.000,1,0,38.0,0.0,0
29.000,1,0,38.0,0.0,0
29.000,1,0,38.0,0.0,0
29.000,1,0,38.0,0.0,0
29.100,1,0,38.0,0.0,0
29.100,1,0,38.0,0.0,0
29.100,1,0,38.0,0.0,0
29.100,1,0,38.0,0.0,0
29.100,1,0,38.0,0.0,0
29.100,1,0,38.0,0.0,0
29.100,1,0,38.0,0.0,0
29.100,1,0,38.0,0.0,0
29.100,1,0,38.0,0.0,0
29.100,1,0,38.0,0.0,0
29.100,1,0,38.0,0.0,0
29.200,1,0,38.0,0.0,0
29.200,1,0,38.0,0.0,0
29.200,1,0,38.0,0.0,0
29.200,1,0,38.0,0.0,0
29.200,1,0,38.0,0.0,0
29.200,1,0,38.0,0.0,0
29.200,1,0,38.0,0.0,0
29.200,1,0,38.0,0.0,0
29.200,1,0,38.0,0.0,0
29.200,1,0,38.0,0.0,0
29.300,1,0,38.0,0.0,0
29.300,1,0,38.0,0.0,0
29.300,1,0,38.0,0.0,0
29.300,1,0,38.0,0.0,0
29.300,1,0,38.0,0.0,0
29.300,1,0,38.0,0.0,0
29.300,1,0,38.0,0.0,0
29.300,1,0,38.0,0.0,0
29.300,1,0,38.0,0.0,0
29.300,1,0,38.0,0.0,0
29.400,1,0,38.0,0.0,0
29.400,1,0,38.0,0.0,0
29.400,1,0,38.0,0.0,0
29.400,1,0,38.0,0.0,0
29.400,1,0,38.0,0.0,0
29.400,1,0,38.0,0.0,0
29.400,1,0,38.0,0.0,0
29.400,1,0,38.0,0.0,0
29.400,1,0,38.0,0.0,0
29.400,1,0,38.0,0.0,0
29.400,1,0,38.0,0.0,0
29.500,1,0,38.0,0.0,0
29.500,1,0,38.0,0.0,0
29.500,1,0,38.0,0.0,0
29.500,1,0,38.0,0.0,0
29.500,1,0,38.0,0.0,0
29.500,1,0,38.0,0.0,0
29.500,1,0,38.0,0.0,0
29.500,1,0,38.0,0.0,0
29.500,1,0,38.0,0.0,0
29.500,1,0,38.0,0.0,0
29.600,1,0,38.0,0.0,0
29.600,1,0,38.0,0.0,0
29.600,1,0,38.0,0.0,0
29.600,1,0,38.0,0.0,0
29.600,1,0,38.0,0.0,0
29.600,1,0,38.0,0.0,0
29.600,1,0,38.0,0.0,0
29.600,1,0,38.0,0.0,0
29.600,1,0,38.0,0.0,0
29.600,1,0,38.0,0.0,0
29.600,1,0,38.0,0.0,0
29.700,1,0,38.0,0.0,0
29.700,1,0,38.0,0.0,0
29.700,1,0,38.0,0.0,0
29.700,1,0,38.0,0.0,0
29.700,1,0,38.0,0.0,0
29.700,1,0,38.0,0.0,0
29.700,1,0,38.0,0.0,0
29.700,1,0,38.0,0.0,0
29.700,1,0,38.0,0.0,0
29.700,1,0,38.0,0.0,0
29.800,1,0,38.0,0.0,0
29.800,1,0,38.0,0.0,0
29.800,1,0,38.0,0.0,0
29.800,1,0,38.0,0.0,0
29.800,1,0,38.0,0.0,0
29.800,1,0,38.0,0.0,0
29.800,1,0,38.0,0.0,0
29.800,1,0,38.0,0.0,0
29.800,1,0,38.0,0.0,0
29.800,1,0,38.0,0.0,0
29.800,1,0,38.0,0.0,0
29.900,1,0,38.0,0.0,0
29.900,1,0,38.0,0.0,0
29.900,1,0,38.0,0.0,0
29.900,1,0,38.0,0.0,0
29.900,1,0,38.0,0.0,0
29.900,1,0,38.0,0.0,0
29.900,1,0,38.0,0.0,0
29.900,1,0,38.0,0.0,0
29.900,1,0,38.0,0.0,0
29.900,1,0,38.0,0.0,0
30.000,1,0,38.0,0.0,0
30.000,1,0,38.0,0.0,0
30.000,1,0,38.0,0.0,0
30.000,1,0,38.0,0.0,0
30.000,1,0,38.0,0.0,0
30.000,1,0,38.0,0.0,0
30.000,1,0,38.0,0.0,0
30.000,1,0,38.0,0.0,0
30.000,1,0,38.0,0.0,0
30.000,1,0,38.0,0.0,0
30.100,1,0,38.0,0.0,0
30.100,1,0,38.0,0.0,0
30.100,1,0,38.0,0.0,0
30.100,1,0,38.0,0.0,0
30.100,1,0,38.0,0.0,0
30.100,1,0,38.0,0.0,0
30.100,1,0,38.0,0.0,0
30.100,1,0,38.0,0.0,0
30.100,1,0,38.0,0.0,0
30.100,1,0,38.0,0.0,0
30.100,1,0,38.0,0.0,0
30.200,1,0,38.0,0.0,0
30.200,1,0,38.0,0.0,0
30.200,1,0,38.0,0.0,0
30.200,1,0,38.0,0.0,0
30.200,1,0,38.0,0.0,0
30.200,1,0,38.0,0.0,0
30.200,1,0,38.0,0.0,0
30.200,1,0,38.0,0.0,0
30.200,1,0,38.0,0.0,0
30.200,1,0,38.0,0.0,0
30.300,1,0,38.0,0.0,0
30.300,1,0,38.0,0.0,0
30.300,1,0,38.0,0.0,0
30.300,1,0,38.0,0.0,0
30.300,1,0,38.0,0.0,0
30.300,1,0,38.0,0.0,0
30.300,1,0,38.0,0.0,0
30.300,1,0,38.0,0.0,0
30.300,1,0,38.0,0.0,0
30.300,1,0,38.0,0.0,0
30.300,1,0,38.0,0.0,0
30.400,1,0,38.0,0.0,0
30.400,1,0,38.0,0.0,0
30.400,1,0,38.0,0.0,0
30.400,1,0,38.0,0.0,0
30.400,1,0,38.0,0.0,0
30.400,1,0,38.0,0.0,0
30.400,1,0,38.0,0.0,0
30.400,1,0,38.0,0.0,0
30.400,1,0,38.0,0.0,0
30.400,1,0,38.0,0.0,0
30.500,1,0,38.0,0.0,0
30.500,1,0,38.0,0.0,0
30.500,1,0,38.0,0.0,0
30.500,1,0,38.0,0.0,0
30.500,1,0,38.0,0.0,0
30.500,1,0,38.0,0.0,0
30.500,1,0,38.0,0.0,0
30.500,1,0,38.0,0.0,0
30.500,1,0,38.0,0.0,0
30.500,1,0,38.0,0.0,0
30.500,1,0,38.0,0.0,0
30.600,1,0,38.0,0.0,0
30.600,1,0,38.0,0.0,0
30.600,1,0,38.0,0.0,0
30.600,1,0,38.0,0.0,0
30.600,1,0,38.0,0.0,0
30.600,1,0,38.0,0.0,0
30.600,1,0,38.0,0.0,0
30.600,1,0,38.0,0.0,0
30.600,1,0,38.0,0.0,0
30.600,1,0,38.0,0.0,0
30.700,1,0,38.0,0.0,0
30.700,1,0,38.0,0.0,0
30.700,1,0,38.0,0.0,0
30.700,1,0,38.0,0.0,0
30.700,1,0,38.0,0.0,0
30.700,1,0,38.0,0.0,0
30.700,1,0,38.0,0.0,0
30.700,1,0,38.0,0.0,0
30.700,1,0,38.0,0.0,0
30.700,1,0,38.0,0.0,0
30.800,1,0,38.0,0.0,0
30.800,1,0,38.0,0.0,0
30.800,1,0,38.0,0.0,0
30.800,1,0,38.0,0.0,0
30.800,1,0,38.0,0.0,0
30.800,1,0,38.0,0.0,0
30.800,1,0,38.0,0.0,0
30.800,1,0,38.0,0.0,0
30.800,1,0,38.0,0.0,0
30.800,1,0,38.0,0.0,0
30.800,1,0,38.0,0.0,0
30.900,1,0,38.0,0.0,0
30.900,1,0,38.0,0.0,0
30.900,1,0,38.0,0.0,0
30.900,1,0,38.0,0.0,0
30.900,1,0,38.0,0.0,0
30.900,1,0,38.0,0.0,0
30.900,1,0,38.0,0.0,0
30.900,1,0,38.0,0.0,0
30.900,1,0,38.0,0.0,0
30.900,1,0,38.0,0.0,0
31.000,1,0,38.0,0.0,0
31.000,1,0,38.0,0.0,0
31.000,1,0,38.0,0.0,0
31.000,1,0,38.0,0.0,0
31.000,1,0,38.0,0.0,0
31.000,1,0,38.0,0.0,0
31.000,1,0,38.0,0.0,0
31.000,1,0,38.0,0.0,0
31.000,1,0,38.0,0.0,0
31.000,1,0,38.0,0.0,0
31.000,1,0,38.0,0.0,0
31.100,1,0,38.0,0.0,0
31.100,1,0,38.0,0.0,0
31.100,1,0,38.0,0.0,0
31.100,1,0,38.0,0.0,0
31.100,1,0,38.0,0.0,0
31.100,1,0,38.0,0.0,0
31.100,1,0,38.0,0.0,0
31.100,1,0,38.0,0.0,0
31.100,1,0,38.0,0.0,0
31.100,1,0,38.0,0.0,0
31.200,1,0,38.0,0.0,0
31.200,1,0,38.0,0.0,0
31.200,1,0,38.0,0.0,0
31.200,1,0,38.0,0.0,0
31.200,1,0,38.0,0.0,0
31.200,1,0,38.0,0.0,0
31.200,1,0,38.0,0.0,0
31.200,1,0,38.0,0.0,0
31.200,1,0,38.0,0.0,0
31.200,1,0,38.0,0.0,0
31.200,1,0,38.0,0.0,0
31.300,1,0,38.0,0.0,0
31.300,1,0,38.0,0.0,0
31.300,1,0,38.0,0.0,0
31.300,1,0,38.0,0.0,0
31.300,1,0,38.0,0.0,0
31.300,1,0,38.0,0.0,0
31.300,1,0,38.0,0.0,0
31.300,1,0,38.0,0.0,0
31.300,1,0,38.0,0.0,0
31.300,1,0,38.0,0.0,0
31.400,1,0,38.0,0.0,0
31.400,1,0,38.0,0.0,0
31.400,1,0,38.0,0.0,0
31.400,1,0,38.0,0.0,0
31.400,1,0,38.0,0.0,0
31.400,1,0,38.0,0.0,0
31.400,1,0,38.0,0.0,0
31.400,1,0,38.0,0.0,0
31.400,1,0,38.0,0.0,0
31.400,1,0,38.0,0.0,0
31.400,1,0,38.0,0.0,0
31.500,1,0,38.0,0.0,0
31.500,1,0,38.0,0.0,0
31.500,1,0,38.0,0.0,0
31.500,1,0,38.0,0.0,0
31.500,1,0,38.0,0.0,0
31.500,1,0,38.0,0.0,0
31.500,1,0,38.0,0.0,0
31.500,1,0,38.0,0.0,0
31.500,1,0,38.0,0.0,0
31.500,1,0,38.0,0.0,0
31.600,1,0,38.0,0.0,0
31.600,1,0,38.0,0.0,0
31.600,1,0,38.0,0.0,0
31.600,1,0,38.0,0.0,0
31.600,1,0,38.0,0.0,0
31.600,1,0,38.0,0.0,0
31.600,1,0,38.0,0.0,0
31.600,1,0,38.0,0.0,0
31.600,1,0,38.0,0.0,0
31.600,1,0,38.0,0.0,0
31.700,1,0,38.0,0.0,0
31.700,1,0,38.0,0.0,0
31.700,1,0,38.0,0.0,0
31.700,1,0,38.0,0.0,0
31.700,1,0,38.0,0.0,0
31.700,1,0,38.0,0.0,0
31.700,1,0,38.0,0.0,0
31.700,1,0,38.0,0.0,0
31.700,1,0,38.0,0.0,0
31.700,1,0,38.0,0.0,0
31.700,1,0,38.0,0.0,0
31.800,1,0,38.0,0.0,0
31.800,1,0,38.0,0.0,0
31.800,1,0,38.0,0.0,0
31.800,1,0,38.0,0.0,0
31.800,1,0,38.0,0.0,0
31.800,1,0,38.0,0.0,0
31.800,1,0,38.0,0.0,0
31.800,1,0,38.0,0.0,0
31.800,1,0,38.0,0.0,0
31.800,1,0,38.0,0.0,0
31.900,1,0,38.0,0.0,0
31.900,1,0,38.0,0.0,0
31.900,1,0,38.0,0.0,0
31.900,1,0,38.0,0.0,0
31.900,1,0,38.0,0.0,0
31.900,1,0,38.0,0.0,0
31.900,1,0,38.0,0.0,0
31.900,1,0,38.0,0.0,0
31.900,1,0,38.0,0.0,0
31.900,1,0,38.0,0.0,0
31.900,1,0,38.0,0.0,0
32.000,1,0,38.0,0.0,0
32.000,1,0,38.0,0.0,0
32.000,1,0,38.0,0.0,0
32.000,1,0,38.0,0.0,0
32.000,1,0,38.0,0.0,0
32.000,1,0,38.0,0.0,0
32.000,1,0,38.0,0.0,0
32.000,1,0,38.0,0.0,0
32.000,1,0,38.0,0.0,0
32.000,1,0,38.0,0.0,0
32.100,1,0,38.0,0.0,0
32.100,1,0,38.0,0.0,0
32.100,1,0,38.0,0.0,0
32.100,1,0,38.0,0.0,0
32.100,1,0,38.0,0.0,0
32.100,1,0,38.0,0.0,0
32.100,1,0,38.0,0.0,0
32.100,1,0,38.0,0.0,0
32.100,1,0,38.0,0.0,0
32.100,1,0,38.0,0.0,0
32.100,1,0,38.0,0.0,0
32.200,1,0,38.0,0.0,0
32.200,1,0,38.0,0.0,0
32.200,1,0,38.0,0.0,0
32.200,1,0,38.0,0.0,0
32.200,1,0,38.0,0.0,0
32.200,1,0,38.0,0.0,0
32.200,1,0,38.0,0.0,0
32.200,1,0,38.0,0.0,0
32.200,1,0,38.0,0.0,0
32.200,1,0,38.0,0.0,0
32.300,1,0,38.0,0.0,0
32.300,1,0,38.0,0.0,0
32.300,1,0,38.0,0.0,0
32.300,1,0,38.0,0.0,0
32.300,1,0,38.0,0.0,0
32.300,1,0,38.0,0.0,0
32.300,1,0,38.0,0.0,0
32.300,1,0,38.0,0.0,0
32.300,1,0,38.0,0.0,0
32.300,1,0,38.0,0.0,0
32.400,1,0,38.0,0.0,0
32.400,1,0,38.0,0.0,0
32.400,1,0,38.0,0.0,0
32.400,1,0,38.0,0.0,0
32.400,1,0,38.0,0.0,0
32.400,1,0,38.0,0.0,0
32.400,1,0,38.0,0.0,0
32.400,1,0,38.0,0.0,0
32.400,1,0,38.0,0.0,0
32.400,1,0,38.0,0.0,0
32.400,1,0,38.0,0.0,0
32.500,1,0,38.0,0.0,0
32.500,1,0,38.0,0.0,0
32.500,1,0,38.0,0.0,0
32.500,1,0,38.0,0.0,0
32.500,1,0,38.0,0.0,0
32.500,1,0,38.0,0.0,0
32.500,1,0,38.0,0.0,0
32.500,1,0,38.0,0.0,0
32.500,1,0,38.0,0.0,0
32.500,1,0,38.0,0.0,0
32.600,1,0,38.0,0.0,0
32.600,1,0,38.0,0.0,0
32.600,1,0,38.0,0.0,0
32.600,1,0,38.0,0.0,0
32.600,1,0,38.0,0.0,0
32.600,1,0,38.0,0.0,0
32.600,1,0,38.0,0.0,0
32.600,1,0,38.0,0.0,0
32.600,1,0,38.0,0.0,0
32.600,1,0,38.0,0.0,0
32.600,1,0,38.0,0.0,0
32.700,1,0,38.0,0.0,0
32.700,1,0,38.0,0.0,0
32.700,1,0,38.0,0.0,0
32.700,1,0,38.0,0.0,0
32.700,1,0,38.0,0.0,0
32.700,1,0,38.0,0.0,0
32.700,1,0,38.0,0.0,0
32.700,1,0,38.0,0.0,0
32.700,1,0,38.0,0.0,0
32.700,1,0,38.0,0.0,0
32.800,1,0,38.0,0.0,0
32.800,1,0,38.0,0.0,0
32.800,1,0,38.0,0.0,0
32.800,1,0,38.0,0.0,0
32.800,1,0,38.0,0.0,0
32.800,1,0,38.0,0.0,0
32.800,1,0,38.0,0.0,0
32.800,1,0,38.0,0.0,0
32.800,1,0,38.0,0.0,0
32.800,1,0,38.0,0.0,0
32.800,1,0,38.0,0.0,0
32.900,1,0,38.0,0.0,0
32.900,1,0,38.0,0.0,0
32.900,1,0,38.0,0.0,0
32.900,1,0,38.0,0.0,0
32.900,1,0,38.0,0.0,0
32.900,1,0,38.0,0.0,0
32.900,1,0,38.0,0.0,0
32.900,1,0,38.0,0.0,0
32.900,1,0,38.0,0.0,0
32.900,1,0,38.0,0.0,0
33.000,1,0,38.0,0.0,0
33.000,1,0,38.0,0.0,0
33.000,1,0,38.0,0.0,0
33.000,1,0,38.0,0.0,0
33.000,1,0,38.0,0.0,0
33.000,1,0,38.0,0.0,0
33.000,1,0,38.0,0.0,0
33.000,1,0,38.0,0.0,0
33.000,1,0,38.0,0.0,0
33.000,1,0,38.0,0.0,0
33.100,1,0,38.0,0.0,0
33.100,1,0,38.0,0.0,0
33.100,1,0,38.0,0.0,0
33.100,1,0,38.0,0.0,0
33.100,1,0,38.0,0.0,0
33.100,1,0,38.0,0.0,0
33.100,1,0,38.0,0.0,0
33.100,1,0,38.0,0.0,0
33.100,1,0,38.0,0.0,0
33.100,1,0,38.0,0.0,0
33.100,1,0,38.0,0.0,0
33.200,1,0,38.0,0.0,0
33.200,1,0,38.0,0.0,0
33.200,1,0,38.0,0.0,0
33.200,1,0,38.0,0.0,0
33.200,1,0,38.0,0.0,0
33.200,1,0,38.0,0.0,0
33.200,1,0,38.0,0.0,0
33.200,1,0,38.0,0.0,0
33.200,1,0,38.0,0.0,0
33.200,1,0,38.0,0.0,0
33.300,1,0,38.0,0.0,0
33.300,1,0,38.0,0.0,0
33.300,1,0,38.0,0.0,0
33.300,1,0,38.0,0.0,0
33.300,1,0,38.0,0.0,0
33.300,1,0,38.0,0.0,0
33.300,1,0,38.0,0.0,0
33.300,1,0,38.0,0.0,0
33.300,1,0,38.0,0.0,0
33.300,1,0,38.0,0.0,0
33.300,1,0,38.0,0.0,0
33.400,1,0,38.0,0.0,0
33.400,1,0,38.0,0.0,0
33.400,1,0,38.0,0.0,0
33.400,1,0,38.0,0.0,0
33.400,1,0,38.0,0.0,0
33.400,1,0,38.0,0.0,0
33.400,1,0,38.0,0.0,0
33.400,1,0,38.0,0.0,0
33.400,1,0,38.0,0.0,0
33.400,1,0,38.0,0.0,0
33.500,1,0,38.0,0.0,0
33.500,1,0,38.0,0.0,0
33.500,1,0,38.0,0.0,0
33.500,1,0,38.0,0.0,0
33.500,1,0,38.0,0.0,0
33.500,1,0,38.0,0.0,0
33.500,1,0,38.0,0.0,0
33.500,1,0,38.0,0.0,0
33.500,1,0,38.0,0.0,0
33.500,1,0,38.0,0.0,0
33.500,1,0,38.0,0.0,0
33.600,1,0,38.0,0.0,0
33.600,1,0,38.0,0.0,0
33.600,1,0,38.0,0.0,0
33.600,1,0,38.0,0.0,0
33.600,1,0,38.0,0.0,0
33.600,1,0,38.0,0.0,0
33.600,1,0,38.0,0.0,0
33.600,1,0,38.0,0.0,0
33.600,1,0,38.0,0.0,0
33.600,1,0,38.0,0.0,0
33.700,1,0,38.0,0.0,0
33.700,1,0,38.0,0.0,0
33.700,1,0,38.0,0.0,0
33.700,1,0,38.0,0.0,0
33.700,1,0,38.0,0.0,0
33.700,1,0,38.0,0.0,0
33.700,1,0,38.0,0.0,0
33.700,1,0,38.0,0.0,0
33.700,1,0,38.0,0.0,0
33.700,1,0,38.0,0.0,0
33.700,1,0,38.0,0.0,0
33.800,1,0,38.0,0.0,0
33.800,1,0,38.0,0.0,0
33.800,1,0,38.0,0.0,0
33.800,1,0,38.0,0.0,0
33.800,1,0,38.0,0.0,0
33.800,1,0,38.0,0.0,0
33.800,1,0,38.0,0.0,0
33.800,1,0,38.0,0.0,0
33.800,1,0,38.0,0.0,0
33.800,1,0,38.0,0.0,0
33.900,1,0,38.0,0.0,0
33.900,1,0,38.0,0.0,0
33.900,1,0,38.0,0.0,0
33.900,1,0,38.0,0.0,0
33.900,1,0,38.0,0.0,0
33.900,1,0,38.0,0.0,0
33.900,1,0,38.0,0.0,0
33.900,1,0,38.0,0.0,0
33.900,1,0,38.0,0.0,0
33.900,1,0,38.0,0.0,0
34.000,1,0,38.0,0.0,0
34.000,1,0,38.0,0.0,0
34.000,1,0,38.0,0.0,0
34.000,1,0,38.0,0.0,0
34.000,1,0,38.0,0.0,0
34.000,1,0,38.0,0.0,0
34.000,1,0,38.0,0.0,0
34.000,1,0,38.0,0.0,0
34.000,1,0,38.0,0.0,0
34.000,1,0,38.0,0.0,0
34.000,1,0,38.0,0.0,0
34.100,1,0,38.0,0.0,0
34.100,1,0,38.0,0.0,0
34.100,1,0,38.0,0.0,0
34.100,1,0,38.0,0.0,0
34.100,1,0,38.0,0.0,0
34.100,1,0,38.0,0.0,0
34.100,1,0,38.0,0.0,0
34.100,1,0,38.0,0.0,0
34.100,1,0,38.0,0.0,0
34.100,1,0,38.0,0.0,0
34.200,0,0,0.0,0.0,0
34.200,0,0,0.0,0.0,0
34.200,0,0,0.0,0.0,0
34.200,0,0,0.0,0.0,0
34.200,0,0,0.0,0.0,0
34.200,0,0,0.0,0.0,0
34.200,0,0,0.0,0.0,0
34.200,0,0,0.0,0.0,0
34.200,0,0,0.0,0.0,0
34.200,0,0,0.0,0.0,0
34.200,0,0,0.0,0.0,0
34.300,2,1,-108.0,4.0,0
34.300,2,1,-108.0,4.0,0
34.300,2,1,-108.0,4.0,0
34.300,2,1,-108.0,4.0,0
34.300,2,1,-108.0,4.0,0
34.300,2,1,-108.0,4.0,0
34.300,2,1,-108.0,4.0,0
34.300,2,1,-108.0,4.0,0
34.300,2,1,-108.0,4.0,0
34.300,2,1,-108.0,4.0,0
34.400,2,1,-108.0,4.0,0
34.400,2,1,-108.0,4.0,0
34.400,2,1,-108.0,4.0,0
34.400,2,1,-108.0,4.0,0
34.400,2,1,-108.0,4.0,0
34.400,2,1,-108.0,4.0,0
34.400,2,1,-108.0,4.0,0
34.400,2,1,-108.0,4.0,0
34.400,2,1,-108.0,4.0,0
34.400,2,1,-108.0,4.0,0
34.400,2,1,-108.0,4.0,0
34.500,2,1,-108.0,4.0,0
34.500,2,1,-108.0,4.0,0
34.500,2,1,-108.0,4.0,0
34.500,2,1,-108.0,4.0,0
34.500,2,1,-108.0,4.0,0
34.500,2,1,-108.0,4.0,0
34.500,2,1,-108.0,4.0,0
34.500,2,1,-108.0,4.0,0
34.500,2,1,-108.0,4.0,0
34.500,2,1,-108.0,4.0,0
34.600,2,1,-108.0,4.0,0
34.600,2,1,-108.0,4.0,0
34.600,2,1,-108.0,4.0,0
34.600,2,1,-108.0,4.0,0
34.600,2,1,-108.0,4.0,0
34.600,2,1,-108.0,4.0,0
34.600,2,1,-108.0,4.0,0
34.600,2,1,-108.0,4.0,0
34.600,2,1,-108.0,4.0,0
34.600,2,1,-108.0,4.0,0
34.700,2,1,-108.0,4.0,0
34.700,2,1,-108.0,4.0,0
34.700,2,1,-108.0,4.0,0
34.700,2,1,-108.0,4.0,0
34.700,2,1,-108.0,4.0,0
34.700,2,1,-108.0,4.0,0
34.700,2,1,-108.0,4.0,0
34.700,2,1,-108.0,4.0,0
34.700,2,1,-108.0,4.0,0
34.700,2,1,-108.0,4.0,0
34.700,2,1,-108.0,4.0,0
34.800,2,1,-108.0,4.0,0
34.800,2,1,-108.0,4.0,0
34.800,2,1,-108.0,4.0,0
34.800,2,1,-108.0,4.0,0
34.800,2,1,-108.0,4.0,0
34.800,2,1,-108.0,4.0,0
34.800,2,1,-108.0,4.0,0
34.800,2,1,-108.0,4.0,0
34.800,2,1,-108.0,4.0,0
34.800,2,1,-108.0,4.0,0
34.900,2,1,-108.0,4.0,0
34.900,2,1,-108.0,4.0,0
34.900,2,1,-108.0,4.0,0
34.900,2,1,-108.0,4.0,0
34.900,2,1,-108.0,4.0,0
34.900,2,1,-108.0,4.0,0
34.900,2,1,-108.0,4.0,0
34.900,2,1,-108.0,4.0,0
34.900,2,1,-108.0,4.0,0
34.900,2,1,-108.0,4.0,0
34.900,2,1,-108.0,4.0,0
35.000,2,1,-108.0,4.0,0
35.000,2,1,-108.0,4.0,0
35.000,2,1,-108.0,4.0,0
35.000,2,1,-108.0,4.0,0
35.000,2,1,-108.0,4.0,0
35.000,2,1,-108.0,4.0,0
35.000,2,1,-108.0,4.0,0
35.000,2,1,-108.0,4.0,0
35.000,2,1,-108.0,4.0,0
35.000,2,1,-108.0,4.0,0
35.100,2,1,-108.0,4.0,0
35.100,2,1,-108.0,4.0,0
35.100,2,1,-108.0,4.0,0
35.100,2,1,-108.0,4.0,0
35.100,2,1,-108.0,4.0,0
35.100,2,1,-108.0,4.0,0
35.100,2,1,-108.0,4.0,0
35.100,2,1,-108.0,4.0,0
35.100,2,1,-108.0,4.0,0
35.100,2,1,-108.0,4.0,0
35.100,2,1,-108.0,4.0,0
35.200,2,1,-108.0,4.0,0
35.200,2,1,-108.0,4.0,0
35.200,2,1,-108.0,4.0,0
35.200,2,1,-108.0,4.0,0
35.200,2,1,-108.0,4.0,0
35.200,2,1,-108.0,4.0,0
35.200,2,1,-108.0,4.0,0
35.200,2,1,-108.0,4.0,0
35.200,2,1,-108.0,4.0,0
35.200,2,1,-108.0,4.0,0
35.300,2,1,-108.0,4.0,0
35.300,2,1,-108.0,4.0,0
35.300,2,1,-108.0,4.0,0
35.300,2,1,-108.0,4.0,0
35.300,2,1,-108.0,4.0,0
35.300,2,1,-108.0,4.0,0
35.300,2,1,-108.0,4.0,0
35.300,2,1,-108.0,4.0,0
35.300,2,1,-108.0,4.0,0
35.300,2,1,-108.0,4.0,0
35.400,2,1,-108.0,4.0,0
35.400,2,1,-108.0,4.0,0
35.400,2,1,-108.0,4.0,0
35.400,2,1,-108.0,4.0,0
35.400,2,1,-108.0,4.0,0
35.400,2,1,-108.0,4.0,0
35.400,2,1,-108.0,4.0,0
35.400,2,1,-108.0,4.0,0
35.400,2,1,-108.0,4.0,0
35.400,2,1,-108.0,4.0,0
35.400,2,1,-108.0,4.0,0
35.500,2,1,-108.0,4.0,0
35.500,2,1,-108.0,4.0,0
35.500,2,1,-108.0,4.0,0
35.500,2,1,-108.0,4.0,0
35.500,2,1,-108.0,4.0,0
35.500,2,1,-108.0,4.0,0
35.500,2,1,-108.0,4.0,0
35.500,2,1,-108.0,4.0,0
35.500,2,1,-108.0,4.0,0
35.500,2,1,-108.0,4.0,0
35.600,2,1,-108.0,4.0,0
35.600,2,1,-108.0,4.0,0
35.600,2,1,-108.0,4.0,0
35.600,2,1,-108.0,4.0,0
35.600,2,1,-108.0,4.0,0
35.600,2,1,-108.0,4.0,0
35.600,2,1,-108.0,4.0,0
35.600,2,1,-108.0,4.0,0
35.600,2,1,-108.0,4.0,0
35.600,2,1,-108.0,4.0,0
35.600,2,1,-108.0,4.0,0
35.700,2,1,-108.0,4.0,0
35.700,2,1,-108.0,4.0,0
35.700,2,1,-108.0,4.0,0
35.700,2,1,-108.0,4.0,0
35.700,2,1,-108.0,4.0,0
35.700,2,1,-108.0,4.0,0
35.700,2,1,-108.0,4.0,0
35.700,2,1,-108.0,4.0,0
35.700,2,1,-108.0,4.0,0
35.700,2,1,-108.0,4.0,0
35.800,2,1,-108.0,4.0,0
35.800,2,1,-108.0,4.0,0
35.800,2,1,-108.0,4.0,0
35.800,2,1,-108.0,4.0,0
35.800,2,1,-108.0,4.0,0
35.800,2,1,-108.0,4.0,0
35.800,2,1,-108.0,4.0,0
35.800,2,1,-108.0,4.0,0
35.800,2,1,-108.0,4.0,0
35.800,2,1,-108.0,4.0,0
35.800,2,1,-108.0,4.0,0
35.900,2,1,-108.0,4.0,0
35.900,2,1,-108.0,4.0,0
35.900,2,1,-108.0,4.0,0
35.900,2,1,-108.0,4.0,0
35.900,2,1,-108.0,4.0,0
35.900,2,1,-108.0,4.0,0
35.900,2,1,-108.0,4.0,0
35.900,2,1,-108.0,4.0,0
35.900,2,1,-108.0,4.0,0
35.900,2,1,-108.0,4.0,0
36.000,2,1,-108.0,4.0,0
36.000,2,1,-108.0,4.0,0
36.000,2,1,-108.0,4.0,0
36.000,2,1,-108.0,4.0,0
36.000,2,1,-108.0,4.0,0
36.000,2,1,-108.0,4.0,0
36.000,2,1,-108.0,4.0,0
36.000,2,1,-108.0,4.0,0
36.000,2,1,-108.0,4.0,0
36.000,2,1,-108.0,4.0,0
36.000,2,1,-108.0,4.0,0
36.100,2,1,-108.0,4.0,0
36.100,2,1,-108.0,4.0,0
36.100,2,1,-108.0,4.0,0
36.100,2,1,-108.0,4.0,0
36.100,2,1,-108.0,4.0,0
36.100,2,1,-108.0,4.0,0
36.100,2,1,-108.0,4.0,0
36.100,2,1,-108.0,4.0,0
36.100,2,1,-108.0,4.0,0
36.100,2,1,-108.0,4.0,0
36.200,2,1,-108.0,4.0,0
36.200,2,1,-108.0,4.0,0
36.200,2,1,-108.0,4.0,0
36.200,2,1,-108.0,4.0,0
36.200,2,1,-108.0,4.0,0
36.200,2,1,-108.0,4.0,0
36.200,2,1,-108.0,4.0,0
36.200,2,1,-108.0,4.0,0
36.200,2,1,-108.0,4.0,0
36.200,2,1,-108.0,4.0,0
36.300,2,1,-108.0,4.0,0
36.300,2,1,-108.0,4.0,0
36.300,2,1,-108.0,4.0,0
36.300,2,1,-108.0,4.0,0
36.300,2,1,-108.0,4.0,0
36.300,2,1,-108.0,4.0,0
36.300,2,1,-108.0,4.0,0
36.300,2,1,-108.0,4.0,0
36.300,2,1,-108.0,4.0,0
36.300,2,1,-108.0,4.0,0
36.300,2,1,-108.0,4.0,0
36.400,2,1,-108.0,4.0,0
36.400,2,1,-108.0,4.0,0
36.400,2,1,-108.0,4.0,0
36.400,2,1,-108.0,4.0,0
36.400,2,1,-108.0,4.0,0
36.400,2,1,-108.0,4.0,0
36.400,2,1,-108.0,4.0,0
36.400,2,1,-108.0,4.0,0
36.400,2,1,-108.0,4.0,0
36.400,2,1,-108.0,4.0,0
36.500,2,1,-108.0,4.0,0
36.500,2,1,-108.0,4.0,0
36.500,2,1,-108.0,4.0,0
36.500,2,1,-108.0,4.0,0
36.500,2,1,-108.0,4.0,0
36.500,2,1,-108.0,4.0,0
36.500,2,1,-108.0,4.0,0
36.500,2,1,-108.0,4.0,0
36.500,2,1,-108.0,4.0,0
36.500,2,1,-108.0,4.0,0
36.500,2,1,-108.0,4.0,0
36.600,2,1,-108.0,4.0,0
36.600,2,1,-108.0,4.0,0
36.600,2,1,-108.0,4.0,0
36.600,2,1,-108.0,4.0,0
36.600,2,1,-108.0,4.0,0
36.600,2,1,-108.0,4.0,0
36.600,2,1,-108.0,4.0,0
36.600,2,1,-108.0,4.0,0
36.600,2,1,-108.0,4.0,0
36.600,2,1,-108.0,4.0,0
36.700,2,1,-108.0,4.0,0
36.700,2,1,-108.0,4.0,0
36.700,2,1,-108.0,4.0,0
36.700,2,1,-108.0,4.0,0
36.700,2,1,-108.0,4.0,0
36.700,2,1,-108.0,4.0,0
36.700,2,1,-108.0,4.0,0
36.700,2,1,-108.0,4.0,0
36.700,2,1,-108.0,4.0,0
36.700,2,1,-108.0,4.0,0
36.700,2,1,-108.0,4.0,0
36.800,2,1,-108.0,4.0,0
36.800,2,1,-108.0,4.0,0
36.800,2,1,-108.0,4.0,0
36.800,2,1,-108.0,4.0,0
36.800,2,1,-108.0,4.0,0
36.800,2,1,-108.0,4.0,0
36.800,2,1,-108.0,4.0,0
36.800,2,1,-108.0,4.0,0
36.800,2,1,-108.0,4.0,0
36.800,2,1,-108.0,4.0,0
36.900,2,1,-108.0,4.0,0
36.900,2,1,-108.0,4.0,0
36.900,2,1,-108.0,4.0,0
36.900,2,1,-108.0,4.0,0
36.900,2,1,-108.0,4.0,0
36.900,2,1,-108.0,4.0,0
36.900,2,1,-108.0,4.0,0
36.900,2,1,-108.0,4.0,0
36.900,2,1,-108.0,4.0,0
36.900,2,1,-108.0,4.0,0
37.000,2,1,-108.0,4.0,0
37.000,2,1,-108.0,4.0,0
37.000,2,1,-108.0,4.0,0
37.000,2,1,-108.0,4.0,0
37.000,2,1,-108.0,4.0,0
37.000,2,1,-108.0,4.0,0
37.000,2,1,-108.0,4.0,0
37.000,2,1,-108.0,4.0,0
37.000,2,1,-108.0,4.0,0
37.000,2,1,-108.0,4.0,0
37.000,2,1,-108.0,4.0,0
37.100,2,1,-108.0,4.0,0
37.100,2,1,-108.0,4.0,0
37.100,2,1,-108.0,4.0,0
37.100,2,1,-108.0,4.0,0
37.100,2,1,-108.0,4.0,0
37.100,2,1,-108.0,4.0,0
37.100,2,1,-108.0,4.0,0
37.100,2,1,-108.0,4.0,0
37.100,2,1,-108.0,4.0,0
37.100,2,1,-108.0,4.0,0
37.200,2,1,-108.0,4.0,0
37.200,2,1,-108.0,4.0,0
37.200,2,1,-108.0,4.0,0
37.200,2,1,-108.0,4.0,0
37.200,2,1,-108.0,4.0,0
37.200,2,1,-108.0,4.0,0
37.200,2,1,-108.0,4.0,0
37.200,2,1,-108.0,4.0,0
37.200,2,1,-108.0,4.0,0
37.200,2,1,-108.0,4.0,0
37.200,2,1,-108.0,4.0,0
37.300,2,1,-108.0,4.0,0
37.300,2,1,-108.0,4.0,0
37.300,2,1,-108.0,4.0,0
37.300,2,1,-108.0,4.0,0
37.300,2,1,-108.0,4.0,0
37.300,2,1,-108.0,4.0,0
37.300,2,1,-108.0,4.0,0
37.300,2,1,-108.0,4.0,0
37.300,2,1,-108.0,4.0,0
37.300,2,1,-108.0,4.0,0
37.400,2,1,-108.0,4.0,0
37.400,2,1,-108.0,4.0,0
37.400,2,1,-108.0,4.0,0
37.400,2,1,-108.0,4.0,0
37.400,2,1,-108.0,4.0,0
37.400,2,1,-108.0,4.0,0
37.400,2,1,-108.0,4.0,0
37.400,2,1,-108.0,4.0,0
37.400,2,1,-108.0,4.0,0
37.400,2,1,-108.0,4.0,0
37.400,2,1,-108.0,4.0,0
37.500,2,1,-108.0,4.0,0
37.500,2,1,-108.0,4.0,0
37.500,2,1,-108.0,4.0,0
37.500,2,1,-108.0,4.0,0
37.500,2,1,-108.0,4.0,0
37.500,2,1,-108.0,4.0,0
37.500,2,1,-108.0,4.0,0
37.500,2,1,-108.0,4.0,0
37.500,2,1,-108.0,4.0,0
37.500,2,1,-108.0,4.0,0
37.600,2,1,-108.0,4.0,0
37.600,2,1,-108.0,4.0,0
37.600,2,1,-108.0,4.0,0
37.600,2,1,-108.0,4.0,0
37.600,2,1,-108.0,4.0,0
37.600,2,1,-108.0,4.0,0
37.600,2,1,-108.0,4.0,0
37.600,2,1,-108.0,4.0,0
37.600,2,1,-108.0,4.0,0
37.600,2,1,-108.0,4.0,0
37.700,2,1,-108.0,4.0,0
37.700,2,1,-108.0,4.0,0
37.700,2,1,-108.0,4.0,0
37.700,2,1,-108.0,4.0,0
37.700,2,1,-108.0,4.0,0
37.700,2,1,-108.0,4.0,0
37.700,2,1,-108.0,4.0,0
37.700,2,1,-108.0,4.0,0
37.700,2,1,-108.0,4.0,0
37.700,2,1,-108.0,4.0,0
37.700,2,1,-108.0,4.0,0
37.800,2,1,-108.0,4.0,0
37.800,2,1,-108.0,4.0,0
37.800,2,1,-108.0,4.0,0
37.800,2,1,-108.0,4.0,0
37.800,2,1,-108.0,4.0,0
37.800,2,1,-108.0,4.0,0
37.800,2,1,-108.0,4.0,0
37.800,2,1,-108.0,4.0,0
37.800,2,1,-108.0,4.0,0
37.800,2,1,-108.0,4.0,0
37.900,2,1,-108.0,4.0,0
37.900,2,1,-108.0,4.0,0
37.900,2,1,-108.0,4.0,0
37.900,2,1,-108.0,4.0,0
37.900,2,1,-108.0,4.0,0
37.900,2,1,-108.0,4.0,0
37.900,2,1,-108.0,4.0,0
37.900,2,1,-108.0,4.0,0
37.900,2,1,-108.0,4.0,0
37.900,2,1,-108.0,4.0,0
37.900,2,1,-108.0,4.0,0
38.000,2,1,-108.0,4.0,0
38.000,2,1,-108.0,4.0,0
38.000,2,1,-108.0,4.0,0
38.000,2,1,-108.0,4.0,0
38.000,2,1,-108.0,4.0,0
38.000,2,1,-108.0,4.0,0
38.000,2,1,-108.0,4.0,0
38.000,2,1,-108.0,4.0,0
38.000,2,1,-108.0,4.0,0
38.000,2,1,-108.0,4.0,0
38.100,2,1,-108.0,4.0,0
38.100,2,1,-108.0,4.0,0
38.100,2,1,-108.0,4.0,0
38.100,2,1,-108.0,4.0,0
38.100,2,1,-108.0,4.0,0
38.100,2,1,-108.0,4.0,0
38.100,2,1,-108.0,4.0,0
38.100,2,1,-108.0,4.0,0
38.100,2,1,-108.0,4.0,0
38.100,2,1,-108.0,4.0,0
38.100,2,1,-108.0,4.0,0
38.200,2,1,-108.0,4.0,0
38.200,2,1,-108.0,4.0,0
38.200,2,1,-108.0,4.0,0
38.200,2,1,-108.0,4.0,0
38.200,2,1,-108.0,4.0,0
38.200,2,1,-108.0,4.0,0
38.200,2,1,-108.0,4.0,0
38.200,2,1,-108.0,4.0,0
38.200,2,1,-108.0,4.0,0
38.200,2,1,-108.0,4.0,0
38.300,2,1,-108.0,4.0,0
38.300,2,1,-108.0,4.0,0
38.300,2,1,-108.0,4.0,0
38.300,2,1,-108.0,4.0,0
38.300,2,1,-108.0,4.0,0
38.300,2,1,-108.0,4.0,0
38.300,2,1,-108.0,4.0,0
38.300,2,1,-108.0,4.0,0
38.300,2,1,-108.0,4.0,0
38.300,2,1,-108.0,4.0,0
38.300,2,1,-108.0,4.0,0
38.400,2,1,-108.0,4.0,0
38.400,2,1,-108.0,4.0,0
38.400,2,1,-108.0,4.0,0
38.400,2,1,-108.0,4.0,0
38.400,2,1,-108.0,4.0,0
38.400,2,1,-108.0,4.0,0
38.400,2,1,-108.0,4.0,0
38.400,2,1,-108.0,4.0,0
38.400,2,1,-108.0,4.0,0
38.400,2,1,-108.0,4.0,0
38.500,2,1,-108.0,4.0,0
38.500,2,1,-108.0,4.0,0
38.500,2,1,-108.0,4.0,0
38.500,2,1,-108.0,4.0,0
38.500,2,1,-108.0,4.0,0
38.500,2,1,-108.0,4.0,0
38.500,2,1,-108.0,4.0,0
38.500,2,1,-108.0,4.0,0
38.500,2,1,-108.0,4.0,0
38.500,2,1,-108.0,4.0,0
38.600,2,1,-108.0,4.0,0
38.600,2,1,-108.0,4.0,0
38.600,2,1,-108.0,4.0,0
38.600,2,1,-108.0,4.0,0
38.600,2,1,-108.0,4.0,0
38.600,2,1,-108.0,4.0,0
38.600,2,1,-108.0,4.0,0
38.600,2,1,-108.0,4.0,0
38.600,2,1,-108.0,4.0,0
38.600,2,1,-108.0,4.0,0
38.600,2,1,-108.0,4.0,0
38.700,2,1,-108.0,4.0,0
38.700,2,1,-108.0,4.0,0
38.700,2,1,-108.0,4.0,0
38.700,2,1,-108.0,4.0,0
38.700,2,1,-108.0,4.0,0
38.700,2,1,-108.0,4.0,0
38.700,2,1,-108.0,4.0,0
38.700,2,1,-108.0,4.0,0
38.700,2,1,-108.0,4.0,0
38.700,2,1,-108.0,4.0,0
38.800,2,1,-108.0,4.0,0
38.800,2,1,-108.0,4.0,0
38.800,2,1,-108.0,4.0,0
38.800,2,1,-108.0,4.0,0
38.800,2,1,-108.0,4.0,0
38.800,2,1,-108.0,4.0,0
38.800,2,1,-108.0,4.0,0
38.800,2,1,-108.0,4.0,0
38.800,2,1,-108.0,4.0,0
38.800,2,1,-108.0,4.0,0
38.800,2,1,-108.0,4.0,0
38.900,2,1,-108.0,4.0,0
38.900,2,1,-108.0,4.0,0
38.900,2,1,-108.0,4.0,0
38.900,2,1,-108.0,4.0,0
38.900,2,1,-108.0,4.0,0
38.900,2,1,-108.0,4.0,0
38.900,2,1,-108.0,4.0,0
38.900,2,1,-108.0,4.0,0
38.900,2,1,-108.0,4.0,0
38.900,2,1,-108.0,4.0,0
39.000,2,1,-108.0,4.0,0
39.000,2,1,-108.0,4.0,0
39.000,2,1,-108.0,4.0,0
39.000,2,1,-108.0,4.0,0
39.000,2,1,-108.0,4.0,0
39.000,2,1,-108.0,4.0,0
39.000,2,1,-108.0,4.0,0
39.000,2,1,-108.0,4.0,0
39.000,2,1,-108.0,4.0,0
39.000,2,1,-108.0,4.0,0
39.000,2,1,-108.0,4.0,0
39.100,2,1,-108.0,4.0,0
39.100,2,1,-108.0,4.0,0
39.100,2,1,-108.0,4.0,0
39.100,2,1,-108.0,4.0,0
39.100,2,1,-108.0,4.0,0
39.100,2,1,-108.0,4.0,0
39.100,2,1,-108.0,4.0,0
39.100,2,1,-108.0,4.0,0
39.100,2,1,-108.0,4.0,0
39.100,2,1,-108.0,4.0,0
39.200,2,1,-108.0,4.0,0
39.200,2,1,-108.0,4.0,0
39.200,2,1,-108.0,4.0,0
39.200,2,1,-108.0,4.0,0
39.200,2,1,-108.0,4.0,0
39.200,2,1,-108.0,4.0,0
39.200,2,1,-108.0,4.0,0
39.200,2,1,-108.0,4.0,0
39.200,2,1,-108.0,4.0,0
39.200,2,1,-108.0,4.0,0
39.300,2,1,-108.0,4.0,0
39.300,2,1,-108.0,4.0,0
39.300,2,1,-108.0,4.0,0
39.300,2,1,-108.0,4.0,0
39.300,2,1,-108.0,4.0,0
39.300,2,1,-108.0,4.0,0
39.300,2,1,-108.0,4.0,0
39.300,2,1,-108.0,4.0,0
39.300,2,1,-108.0,4.0,0
39.300,2,1,-108.0,4.0,0
39.300,2,1,-108.0,4.0,0
39.400,2,1,-108.0,4.0,0
39.400,2,1,-108.0,4.0,0
39.400,2,1,-108.0,4.0,0
39.400,2,1,-108.0,4.0,0
39.400,2,1,-108.0,4.0,0
39.400,2,1,-108.0,4.0,0
39.400,2,1,-108.0,4.0,0
39.400,2,1,-108.0,4.0,0
39.400,2,1,-108.0,4.0,0
39.400,2,1,-108.0,4.0,0
39.500,2,1,-108.0,4.0,0
39.500,2,1,-108.0,4.0,0
39.500,2,1,-108.0,4.0,0
39.500,2,1,-108.0,4.0,0
39.500,2,1,-108.0,4.0,0
39.500,2,1,-108.0,4.0,0
39.500,2,1,-108.0,4.0,0
39.500,2,1,-108.0,4.0,0
39.500,2,1,-108.0,4.0,0
39.500,2,1,-108.0,4.0,0
39.500,2,1,-108.0,4.0,0
39.600,2,1,-108.0,4.0,0
39.600,2,1,-108.0,4.0,0
39.600,2,1,-108.0,4.0,0
39.600,2,1,-108.0,4.0,0
39.600,2,1,-108.0,4.0,0
39.600,2,1,-108.0,4.0,0
39.600,2,1,-108.0,4.0,0
39.600,2,1,-108.0,4.0,0
39.600,2,1,-108.0,4.0,0
39.600,2,1,-108.0,4.0,0
39.700,2,1,-108.0,4.0,0
39.700,2,1,-108.0,4.0,0
39.700,2,1,-108.0,4.0,0
39.700,2,1,-108.0,4.0,0
39.700,2,1,-108.0,4.0,0
39.700,2,1,-108.0,4.0,0
39.700,2,1,-108.0,4.0,0
39.700,2,1,-108.0,4.0,0
39.700,2,1,-108.0,4.0,0
39.700,2,1,-108.0,4.0,0
39.700,2,1,-108.0,4.0,0
39.800,2,1,-108.0,4.0,0
39.800,2,1,-108.0,4.0,0
39.800,2,1,-108.0,4.0,0
39.800,2,1,-108.0,4.0,0
39.800,2,1,-108.0,4.0,0
39.800,2,1,-108.0,4.0,0
39.800,2,1,-108.0,4.0,0
39.800,2,1,-108.0,4.0,0
39.800,2,1,-108.0,4.0,0
39.800,2,1,-108.0,4.0,0
39.900,2,1,-108.0,4.0,0
39.900,2,1,-108.0,4.0,0
39.900,2,1,-108.0,4.0,0
39.900,2,1,-108.0,4.0,0
39.900,2,1,-108.0,4.0,0
39.900,2,1,-108.0,4.0,0
39.900,2,1,-108.0,4.0,0
39.900,2,1,-108.0,4.0,0
39.900,2,1,-108.0,4.0,0
39.900,2,1,-108.0,4.0,0
40.000,2,1,-108.0,4.0,0
40.000,2,1,-108.0,4.0,0
40.000,2,1,-108.0,4.0,0
40.000,2,1,-108.0,4.0,0
40.000,2,1,-108.0,4.0,0
40.000,2,1,-108.0,4.0,0
40.000,2,1,-108.0,4.0,0
40.000,2,1,-108.0,4.0,0
40.000,2,1,-108.0,4.0,0
40.000,2,1,-108.0,4.0,0
40.000,2,1,-108.0,4.0,0
40.100,2,1,-108.0,4.0,0
40.100,2,1,-108.0,4.0,0
40.100,2,1,-108.0,4.0,0
40.100,2,1,-108.0,4.0,0
40.100,2,1,-108.0,4.0,0
40.100,2,1,-108.0,4.0,0
40.100,2,1,-108.0,4.0,0
40.100,2,1,-108.0,4.0,0
40.100,2,1,-108.0,4.0,0
40.100,2,1,-108.0,4.0,0
40.200,2,1,-108.0,4.0,0
40.200,2,1,-108.0,4.0,0
40.200,2,1,-108.0,4.0,0
40.200,2,1,-108.0,4.0,0
40.200,2,1,-108.0,4.0,0
40.200,2,1,-108.0,4.0,0
40.200,2,1,-108.0,4.0,0
40.200,2,1,-108.0,4.0,0
40.200,2,1,-108.0,4.0,0
40.200,2,1,-108.0,4.0,0
40.200,2,1,-108.0,4.0,0
40.300,2,1,-108.0,4.0,0
40.300,2,1,-108.0,4.0,0
40.300,2,1,-108.0,4.0,0
40.300,2,1,-108.0,4.0,0
40.300,2,1,-108.0,4.0,0
40.300,2,1,-108.0,4.0,0
40.300,2,1,-108.0,4.0,0
40.300,2,1,-108.0,4.0,0
40.300,2,1,-108.0,4.0,0
40.300,2,1,-108.0,4.0,0
40.400,2,1,-108.0,4.0,0
40.400,2,1,-108.0,4.0,0
40.400,2,1,-108.0,4.0,0
40.400,2,1,-108.0,4.0,0
40.400,2,1,-108.0,4.0,0
40.400,2,1,-108.0,4.0,0
40.400,2,1,-108.0,4.0,0
40.400,2,1,-108.0,4.0,0
40.400,2,1,-108.0,4.0,0
40.400,2,1,-108.0,4.0,0
40.400,2,1,-108.0,4.0,0
40.500,2,1,-108.0,4.0,0
40.500,2,1,-108.0,4.0,0
40.500,2,1,-108.0,4.0,0
40.500,2,1,-108.0,4.0,0
40.500,2,1,-108.0,4.0,0
40.500,2,1,-108.0,4.0,0
40.500,2,1,-108.0,4.0,0
40.500,2,1,-108.0,4.0,0
40.500,2,1,-108.0,4.0,0
40.500,2,1,-108.0,4.0,0
40.600,2,1,-108.0,4.0,0
40.600,2,1,-108.0,4.0,0
40.600,2,1,-108.0,4.0,0
40.600,2,1,-108.0,4.0,0
40.600,2,1,-108.0,4.0,0
40.600,2,1,-108.0,4.0,0
40.600,2,1,-108.0,4.0,0
40.600,2,1,-108.0,4.0,0
40.600,2,1,-108.0,4.0,0
40.600,2,1,-108.0,4.0,0
40.600,2,1,-108.0,4.0,0
40.700,2,1,-108.0,4.0,0
40.700,2,1,-108.0,4.0,0
40.700,2,1,-108.0,4.0,0
40.700,2,1,-108.0,4.0,0
40.700,2,1,-108.0,4.0,0
40.700,2,1,-108.0,4.0,0
40.700,2,1,-108.0,4.0,0
40.700,2,1,-108.0,4.0,0
40.700,2,1,-108.0,4.0,0
40.700,2,1,-108.0,4.0,0
40.800,2,1,-108.0,4.0,0
40.800,2,1,-108.0,4.0,0
40.800,2,1,-108.0,4.0,0
40.800,2,1,-108.0,4.0,0
40.800,2,1,-108.0,4.0,0
40.800,2,1,-108.0,4.0,0
40.800,2,1,-108.0,4.0,0
40.800,2,1,-108.0,4.0,0
40.800,2,1,-108.0,4.0,0
40.800,2,1,-108.0,4.0,0
40.900,2,1,-108.0,4.0,0
40.900,2,1,-108.0,4.0,0
40.900,2,1,-108.0,4.0,0
40.900,2,1,-108.0,4.0,0
40.900,2,1,-108.0,4.0,0
40.900,2,1,-108.0,4.0,0
40.900,2,1,-108.0,4.0,0
40.900,2,1,-108.0,4.0,0
40.900,2,1,-108.0,4.0,0
40.900,2,1,-108.0,4.0,0
40.900,2,1,-108.0,4.0,0
41.000,2,1,-108.0,4.0,0
41.000,2,1,-108.0,4.0,0
41.000,2,1,-108.0,4.0,0
41.000,2,1,-108.0,4.0,0
41.000,2,1,-108.0,4.0,0
41.000,2,1,-108.0,4.0,0
41.000,2,1,-108.0,4.0,0
41.000,2,1,-108.0,4.0,0
41.000,2,1,-108.0,4.0,0
41.000,2,1,-108.0,4.0,0
41.100,2,1,-108.0,4.0,0
41.100,2,1,-108.0,4.0,0
41.100,2,1,-108.0,4.0,0
41.100,2,1,-108.0,4.0,0
41.100,2,1,-108.0,4.0,0
41.100,2,1,-108.0,4.0,0
41.100,2,1,-108.0,4.0,0
41.100,2,1,-108.0,4.0,0
41.100,2,1,-108.0,4.0,0
41.100,2,1,-108.0,4.0,0
41.100,2,1,-108.0,4.0,0
41.200,2,1,-108.0,4.0,0
41.200,2,1,-108.0,4.0,0
41.200,2,1,-108.0,4.0,0
41.200,2,1,-108.0,4.0,0
41.200,2,1,-108.0,4.0,0
41.200,2,1,-108.0,4.0,0
41.200,2,1,-108.0,4.0,0
41.200,2,1,-108.0,4.0,0
41.200,2,1,-108.0,4.0,0
41.200,2,1,-108.0,4.0,0
41.300,2,1,-108.0,4.0,0
41.300,2,1,-108.0,4.0,0
41.300,2,1,-108.0,4.0,0
41.300,2,1,-108.0,4.0,0
41.300,2,1,-108.0,4.0,0
41.300,2,1,-108.0,4.0,0
41.300,2,1,-108.0,4.0,0
41.300,2,1,-108.0,4.0,0
41.300,2,1,-108.0,4.0,0
41.300,2,1,-108.0,4.0,0
41.300,2,1,-108.0,4.0,0
41.400,2,1,-108.0,4.0,0
41.400,2,1,-108.0,4.0,0
41.400,2,1,-108.0,4.0,0
41.400,2,1,-108.0,4.0,0
41.400,2,1,-108.0,4.0,0
41.400,2,1,-108.0,4.0,0
41.400,2,1,-108.0,4.0,0
41.400,2,1,-108.0,4.0,0
41.400,2,1,-108.0,4.0,0
41.400,2,1,-108.0,4.0,0
41.500,2,1,-108.0,4.0,0
41.500,2,1,-108.0,4.0,0
41.500,2,1,-108.0,4.0,0
41.500,2,1,-108.0,4.0,0
41.500,2,1,-108.0,4.0,0
41.500,2,1,-108.0,4.0,0
41.500,2,1,-108.0,4.0,0
41.500,2,1,-108.0,4.0,0
41.500,2,1,-108.0,4.0,0
41.500,2,1,-108.0,4.0,0
41.600,2,1,-108.0,4.0,0
41.600,2,1,-108.0,4.0,0
41.600,2,1,-108.0,4.0,0
41.600,2,1,-108.0,4.0,0
41.600,2,1,-108.0,4.0,0
41.600,2,1,-108.0,4.0,0
41.600,2,1,-108.0,4.0,0
41.600,2,1,-108.0,4.0,0
41.600,2,1,-108.0,4.0,0
41.600,2,1,-108.0,4.0,0
41.600,2,1,-108.0,4.0,0
41.700,2,1,-108.0,4.0,0
41.700,2,1,-108.0,4.0,0
41.700,2,1,-108.0,4.0,0
41.700,2,1,-108.0,4.0,0
41.700,2,1,-108.0,4.0,0
41.700,2,1,-108.0,4.0,0
41.700,2,1,-108.0,4.0,0
41.700,2,1,-108.0,4.0,0
41.700,2,1,-108.0,4.0,0
41.700,2,1,-108.0,4.0,0
41.800,2,1,-108.0,4.0,0
41.800,2,1,-108.0,4.0,0
41.800,2,1,-108.0,4.0,0
41.800,2,1,-108.0,4.0,0
41.800,2,1,-108.0,4.0,0
41.800,2,1,-108.0,4.0,0
41.800,2,1,-108.0,4.0,0
41.800,2,1,-108.0,4.0,0
41.800,2,1,-108.0,4.0,0
41.800,2,1,-108.0,4.0,0
41.800,2,1,-108.0,4.0,0
41.900,2,1,-108.0,4.0,0
41.900,2,1,-108.0,4.0,0
41.900,2,1,-108.0,4.0,0
41.900,2,1,-108.0,4.0,0
41.900,2,1,-108.0,4.0,0
41.900,2,1,-108.0,4.0,0
41.900,2,1,-108.0,4.0,0
41.900,2,1,-108.0,4.0,0
41.900,2,1,-108.0,4.0,0
41.900,2,1,-108.0,4.0,0
42.000,2,1,-108.0,4.0,0
42.000,2,1,-108.0,4.0,0
42.000,2,1,-108.0,4.0,0
42.000,2,1,-108.0,4.0,0
42.000,2,1,-108.0,4.0,0
42.000,2,1,-108.0,4.0,0
42.000,2,1,-108.0,4.0,0
42.000,2,1,-108.0,4.0,0
42.000,2,1,-108.0,4.0,0
42.000,2,1,-108.0,4.0,0
42.000,2,1,-108.0,4.0,0
42.100,2,1,-108.0,4.0,0
42.100,2,1,-108.0,4.0,0
42.100,2,1,-108.0,4.0,0
42.100,2,1,-108.0,4.0,0
42.100,2,1,-108.0,4.0,0
42.100,2,1,-108.0,4.0,0
42.100,2,1,-108.0,4.0,0
42.100,2,1,-108.0,4.0,0
42.100,2,1,-108.0,4.0,0
42.100,2,1,-108.0,4.0,0
42.200,0,1,0.0,5.0,0
42.200,0,1,0.0,5.0,0
42.200,0,1,0.0,5.0,0
42.200,0,1,0.0,5.0,0
42.200,0,1,0.0,5.0,0
42.200,0,1,0.0,5.0,0
42.200,0,1,0.0,5.0,0
42.200,0,1,0.0,5.0,0
42.200,0,1,0.0,5.0,0
42.200,0,1,0.0,5.0,0
42.300,0,1,0.0,5.0,0
42.300,0,1,0.0,5.0,0
42.300,0,1,0.0,5.0,0
42.300,0,1,0.0,5.0,0
42.300,0,1,0.0,5.0,0
42.300,0,1,0.0,5.0,0
42.300,0,1,0.0,5.0,0
42.300,0,1,0.0,5.0,0
42.300,0,1,0.0,5.0,0
42.300,0,1,0.0,5.0,0
42.300,0,1,0.0,5.0,0
42.400,0,1,0.0,5.0,0
42.400,0,1,0.0,5.0,0
42.400,0,1,0.0,5.0,0
42.400,0,1,0.0,5.0,0
42.400,0,1,0.0,5.0,0
42.400,0,1,0.0,5.0,0
42.400,0,1,0.0,5.0,0
42.400,0,1,0.0,5.0,0
42.400,0,1,0.0,5.0,0
42.400,0,1,0.0,5.0,0
42.500,0,1,0.0,5.0,0
42.500,0,1,0.0,5.0,0
42.500,0,1,0.0,5.0,0
42.500,0,1,0.0,5.0,0
42.500,0,1,0.0,5.0,0
42.500,0,1,0.0,5.0,0
42.500,0,1,0.0,5.0,0
42.500,0,1,0.0,5.0,0
42.500,0,1,0.0,5.0,0
42.500,0,1,0.0,5.0,0
42.500,0,1,0.0,5.0,0
42.600,0,1,0.0,5.0,0
42.600,0,1,0.0,5.0,0
42.600,0,1,0.0,5.0,0
42.600,0,1,0.0,5.0,0
42.600,0,1,0.0,5.0,0
42.600,0,1,0.0,5.0,0
42.600,0,1,0.0,5.0,0
42.600,0,1,0.0,5.0,0
42.600,0,1,0.0,5.0,0
42.600,0,1,0.0,5.0,0
42.700,0,1,0.0,5.0,0
42.700,0,1,0.0,5.0,0
42.700,0,1,0.0,5.0,0
42.700,0,1,0.0,5.0,0
42.700,0,1,0.0,5.0,0
42.700,0,1,0.0,5.0,0
42.700,0,1,0.0,5.0,0
42.700,0,1,0.0,5.0,0
42.700,0,1,0.0,5.0,0
42.700,0,1,0.0,5.0,0
42.700,0,1,0.0,5.0,0
42.800,0,1,0.0,5.0,0
42.800,0,1,0.0,5.0,0
42.800,0,1,0.0,5.0,0
42.800,0,1,0.0,5.0,0
42.800,0,1,0.0,5.0,0
42.800,0,1,0.0,5.0,0
42.800,0,1,0.0,5.0,0
42.800,0,1,0.0,5.0,0
42.800,0,1,0.0,5.0,0
42.800,0,1,0.0,5.0,0
42.900,0,1,0.0,5.0,0
42.900,0,1,0.0,5.0,0
42.900,0,1,0.0,5.0,0
42.900,0,1,0.0,5.0,0
42.900,0,1,0.0,5.0,0
42.900,0,1,0.0,5.0,0
42.900,0,1,0.0,5.0,0
42.900,0,1,0.0,5.0,0
42.900,0,1,0.0,5.0,0
42.900,0,1,0.0,5.0,0
42.900,0,1,0.0,5.0,0
43.000,0,1,0.0,5.0,0
43.000,0,1,0.0,5.0,0
43.000,0,1,0.0,5.0,0
43.000,0,1,0.0,5.0,0
43.000,0,1,0.0,5.0,0
43.000,0,1,0.0,5.0,0
43.000,0,1,0.0,5.0,0
43.000,0,1,0.0,5.0,0
43.000,0,1,0.0,5.0,0
43.000,0,1,0.0,5.0,0
43.100,0,1,0.0,5.0,0
43.100,0,1,0.0,5.0,0
43.100,0,1,0.0,5.0,0
43.100,0,1,0.0,5.0,0
43.100,0,1,0.0,5.0,0
43.100,0,1,0.0,5.0,0
43.100,0,1,0.0,5.0,0
43.100,0,1,0.0,5.0,0
43.100,0,1,0.0,5.0,0
43.100,0,1,0.0,5.0,0
43.200,0,1,0.0,5.0,0
43.200,0,1,0.0,5.0,0
43.200,0,1,0.0,5.0,0
43.200,0,1,0.0,5.0,0
43.200,0,1,0.0,5.0,0
43.200,0,1,0.0,5.0,0
43.200,0,1,0.0,5.0,0
43.200,0,1,0.0,5.0,0
43.200,0,1,0.0,5.0,0
43.200,0,1,0.0,5.0,0
43.200,0,1,0.0,5.0,0
43.300,0,1,0.0,5.0,0
43.300,0,1,0.0,5.0,0
43.300,0,1,0.0,5.0,0
43.300,0,1,0.0,5.0,0
43.300,0,1,0.0,5.0,0
43.300,0,1,0.0,5.0,0
43.300,0,1,0.0,5.0,0
43.300,0,1,0.0,5.0,0
43.300,0,1,0.0,5.0,0
43.300,0,1,0.0,5.0,0
43.400,0,1,0.0,5.0,0
43.400,0,1,0.0,5.0,0
43.400,0,1,0.0,5.0,0
43.400,0,1,0.0,5.0,0
43.400,0,1,0.0,5.0,0
43.400,0,1,0.0,5.0,0
43.400,0,1,0.0,5.0,0
43.400,0,1,0.0,5.0,0
43.400,0,1,0.0,5.0,0
43.400,0,1,0.0,5.0,0
43.400,0,1,0.0,5.0,0
43.500,0,1,0.0,5.0,0
43.500,0,1,0.0,5.0,0
43.500,0,1,0.0,5.0,0
43.500,0,1,0.0,5.0,0
43.500,0,1,0.0,5.0,0
43.500,0,1,0.0,5.0,0
43.500,0,1,0.0,5.0,0
43.500,0,1,0.0,5.0,0
43.500,0,1,0.0,5.0,0
43.500,0,1,0.0,5.0,0
43.600,0,1,0.0,5.0,0
43.600,0,1,0.0,5.0,0
43.600,0,1,0.0,5.0,0
43.600,0,1,0.0,5.0,0
43.600,0,1,0.0,5.0,0
43.600,0,1,0.0,5.0,0
43.600,0,1,0.0,5.0,0
43.600,0,1,0.0,5.0,0
43.600,0,1,0.0,5.0,0
43.600,0,1,0.0,5.0,0
43.600,0,1,0.0,5.0,0
43.700,0,1,0.0,5.0,0
43.700,0,1,0.0,5.0,0
43.700,0,1,0.0,5.0,0
43.700,0,1,0.0,5.0,0
43.700,0,1,0.0,5.0,0
43.700,0,1,0.0,5.0,0
43.700,0,1,0.0,5.0,0
43.700,0,1,0.0,5.0,0
43.700,0,1,0.0,5.0,0
43.700,0,1,0.0,5.0,0
43.800,0,1,0.0,5.0,0
43.800,0,1,0.0,5.0,0
43.800,0,1,0.0,5.0,0
43.800,0,1,0.0,5.0,0
43.800,0,1,0.0,5.0,0
43.800,0,1,0.0,5.0,0
43.800,0,1,0.0,5.0,0
43.800,0,1,0.0,5.0,0
43.800,0,1,0.0,5.0,0
43.800,0,1,0.0,5.0,0
43.900,0,1,0.0,5.0,0
43.900,0,1,0.0,5.0,0
43.900,0,1,0.0,5.0,0
43.900,0,1,0.0,5.0,0
43.900,0,1,0.0,5.0,0
43.900,0,1,0.0,5.0,0
43.900,0,1,0.0,5.0,0
43.900,0,1,0.0,5.0,0
43.900,0,1,0.0,5.0,0
43.900,0,1,0.0,5.0,0
43.900,0,1,0.0,5.0,0
44.000,0,1,0.0,5.0,0
44.000,0,1,0.0,5.0,0
44.000,0,1,0.0,5.0,0
44.000,0,1,0.0,5.0,0
44.000,0,1,0.0,5.0,0
44.000,0,1,0.0,5.0,0
44.000,0,1,0.0,5.0,0
44.000,0,1,0.0,5.0,0
44.000,0,1,0.0,5.0,0
44.000,0,1,0.0,5.0,0
44.100,0,1,0.0,5.0,0
44.100,0,1,0.0,5.0,0
44.100,0,1,0.0,5.0,0
44.100,0,1,0.0,5.0,0
44.100,0,1,0.0,5.0,0
44.100,0,1,0.0,5.0,0
44.100,0,1,0.0,5.0,0
44.100,0,1,0.0,5.0,0
44.100,0,1,0.0,5.0,0
44.100,0,1,0.0,5.0,0
44.100,0,1,0.0,5.0,0
44.200,0,1,0.0,5.0,0
44.200,0,1,0.0,5.0,0
44.200,0,1,0.0,5.0,0
44.200,0,1,0.0,5.0,0
44.200,0,1,0.0,5.0,0
44.200,0,1,0.0,5.0,0
44.200,0,1,0.0,5.0,0
44.200,0,1,0.0,5.0,0
44.200,0,1,0.0,5.0,0
44.200,0,1,0.0,5.0,0
44.300,0,1,0.0,5.0,0
44.300,0,1,0.0,5.0,0
44.300,0,1,0.0,5.0,0
44.300,0,1,0.0,5.0,0
44.300,0,1,0.0,5.0,0
44.300,0,1,0.0,5.0,0
44.300,0,1,0.0,5.0,0
44.300,0,1,0.0,5.0,0
44.300,0,1,0.0,5.0,0
44.300,0,1,0.0,5.0,0
44.300,0,1,0.0,5.0,0
44.400,0,1,0.0,5.0,0
44.400,0,1,0.0,5.0,0
44.400,0,1,0.0,5.0,0
44.400,0,1,0.0,5.0,0
44.400,0,1,0.0,5.0,0
44.400,0,1,0.0,5.0,0
44.400,0,1,0.0,5.0,0
44.400,0,1,0.0,5.0,0
44.400,0,1,0.0,5.0,0
44.400,0,1,0.0,5.0,0
44.500,0,1,0.0,5.0,0
44.500,0,1,0.0,5.0,0
44.500,0,1,0.0,5.0,0
44.500,0,1,0.0,5.0,0
44.500,0,1,0.0,5.0,0
44.500,0,1,0.0,5.0,0
44.500,0,1,0.0,5.0,0
44.500,0,1,0.0,5.0,0
44.500,0,1,0.0,5.0,0
44.500,0,1,0.0,5.0,0
44.600,0,1,0.0,5.0,0
44.600,0,1,0.0,5.0,0
44.600,0,1,0.0,5.0,0
44.600,0,1,0.0,5.0,0
44.600,0,1,0.0,5.0,0
44.600,0,1,0.0,5.0,0
44.600,0,1,0.0,5.0,0
44.600,0,1,0.0,5.0,0
44.600,0,1,0.0,5.0,0
44.600,0,1,0.0,5.0,0
44.600,0,1,0.0,5.0,0
44.700,0,1,0.0,5.0,0
44.700,0,1,0.0,5.0,0
44.700,0,1,0.0,5.0,0
44.700,0,1,0.0,5.0,0
44.700,0,1,0.0,5.0,0
44.700,0,1,0.0,5.0,0
44.700,0,1,0.0,5.0,0
44.700,0,1,0.0,5.0,0
44.700,0,1,0.0,5.0,0
44.700,0,1,0.0,5.0,0
44.800,0,1,0.0,5.0,0
44.800,0,1,0.0,5.0,0
44.800,0,1,0.0,5.0,0
44.800,0,1,0.0,5.0,0
44.800,0,1,0.0,5.0,0
44.800,0,1,0.0,5.0,0
44.800,0,1,0.0,5.0,0
44.800,0,1,0.0,5.0,0
44.800,0,1,0.0,5.0,0
44.800,0,1,0.0,5.0,0
44.800,0,1,0.0,5.0,0
44.900,0,1,0.0,5.0,0
44.900,0,1,0.0,5.0,0
44.900,0,1,0.0,5.0,0
44.900,0,1,0.0,5.0,0
44.900,0,1,0.0,5.0,0
44.900,0,1,0.0,5.0,0
44.900,0,1,0.0,5.0,0
44.900,0,1,0.0,5.0,0
44.900,0,1,0.0,5.0,0
44.900,0,1,0.0,5.0,0
45.000,0,1,0.0,5.0,0
45.000,0,1,0.0,5.0,0
45.000,0,1,0.0,5.0,0
45.000,0,1,0.0,5.0,0
45.000,0,1,0.0,5.0,0
45.000,0,1,0.0,5.0,0
45.000,0,1,0.0,5.0,0
45.000,0,1,0.0,5.0,0
45.000,0,1,0.0,5.0,0
45.000,0,1,0.0,5.0,0
45.000,0,1,0.0,5.0,0
45.100,0,1,0.0,5.0,0
45.100,0,1,0.0,5.0,0
45.100,0,1,0.0,5.0,0
45.100,0,1,0.0,5.0,0
45.100,0,1,0.0,5.0,0
45.100,0,1,0.0,5.0,0
45.100,0,1,0.0,5.0,0
45.100,0,1,0.0,5.0,0
45.100,0,1,0.0,5.0,0
45.100,0,1,0.0,5.0,0
45.200,0,1,0.0,5.0,0
45.200,0,1,0.0,5.0,0
45.200,0,1,0.0,5.0,0
45.200,0,1,0.0,5.0,0
45.200,0,1,0.0,5.0,0
45.200,0,1,0.0,5.0,0
45.200,0,1,0.0,5.0,0
45.200,0,1,0.0,5.0,0
45.200,0,1,0.0,5.0,0
45.200,0,1,0.0,5.0,0
45.200,0,1,0.0,5.0,0
45.300,0,1,0.0,5.0,0
45.300,0,1,0.0,5.0,0
45.300,0,1,0.0,5.0,0
45.300,0,1,0.0,5.0,0
45.300,0,1,0.0,5.0,0
45.300,0,1,0.0,5.0,0
45.300,0,1,0.0,5.0,0
45.300,0,1,0.0,5.0,0
45.300,0,1,0.0,5.0,0
45.300,0,1,0.0,5.0,0
45.400,0,1,0.0,5.0,0
45.400,0,1,0.0,5.0,0
45.400,0,1,0.0,5.0,0
45.400,0,1,0.0,5.0,0
45.400,0,1,0.0,5.0,0
45.400,0,1,0.0,5.0,0
45.400,0,1,0.0,5.0,0
45.400,0,1,0.0,5.0,0
45.400,0,1,0.0,5.0,0
45.400,0,1,0.0,5.0,0
45.500,0,1,0.0,5.0,0
45.500,0,1,0.0,5.0,0
45.500,0,1,0.0,5.0,0
45.500,0,1,0.0,5.0,0
45.500,0,1,0.0,5.0,0
45.500,0,1,0.0,5.0,0
45.500,0,1,0.0,5.0,0
45.500,0,1,0.0,5.0,0
45.500,0,1,0.0,5.0,0
45.500,0,1,0.0,5.0,0
45.500,0,1,0.0,5.0,0
45.600,0,1,0.0,5.0,0
45.600,0,1,0.0,5.0,0
45.600,0,1,0.0,5.0,0
45.600,0,1,0.0,5.0,0
45.600,0,1,0.0,5.0,0
45.600,0,1,0.0,5.0,0
45.600,0,1,0.0,5.0,0
45.600,0,1,0.0,5.0,0
45.600,0,1,0.0,5.0,0
45.600,0,1,0.0,5.0,0
45.700,0,1,0.0,5.0,0
45.700,0,1,0.0,5.0,0
45.700,0,1,0.0,5.0,0
45.700,0,1,0.0,5.0,0
45.700,0,1,0.0,5.0,0
45.700,0,1,0.0,5.0,0
45.700,0,1,0.0,5.0,0
45.700,0,1,0.0,5.0,0
45.700,0,1,0.0,5.0,0
45.700,0,1,0.0,5.0,0
45.700,0,1,0.0,5.0,0
45.800,0,1,0.0,5.0,0
45.800,0,1,0.0,5.0,0
45.800,0,1,0.0,5.0,0
45.800,0,1,0.0,5.0,0
45.800,0,1,0.0,5.0,0
45.800,0,1,0.0,5.0,0
45.800,0,1,0.0,5.0,0
45.800,0,1,0.0,5.0,0
45.800,0,1,0.0,5.0,0
45.800,0,1,0.0,5.0,0
45.900,0,1,0.0,5.0,0
45.900,0,1,0.0,5.0,0
45.900,0,1,0.0,5.0,0
45.900,0,1,0.0,5.0,0
45.900,0,1,0.0,5.0,0
45.900,0,1,0.0,5.0,0
45.900,0,1,0.0,5.0,0
45.900,0,1,0.0,5.0,0
45.900,0,1,0.0,5.0,0
45.900,0,1,0.0,5.0,0
45.900,0,1,0.0,5.0,0
46.000,0,1,0.0,5.0,0
46.000,0,1,0.0,5.0,0
46.000,0,1,0.0,5.0,0
46.000,0,1,0.0,5.0,0
46.000,0,1,0.0,5.0,0
46.000,0,1,0.0,5.0,0
46.000,0,1,0.0,5.0,0
46.000,0,1,0.0,5.0,0
46.000,0,1,0.0,5.0,0
46.000,0,1,0.0,5.0,0
46.100,0,1,0.0,5.0,0
46.100,0,1,0.0,5.0,0
46.100,0,1,0.0,5.0,0
46.100,0,1,0.0,5.0,0
46.100,0,1,0.0,5.0,0
46.100,0,1,0.0,5.0,0
46.100,0,1,0.0,5.0,0
46.100,0,1,0.0,5.0,0
46.100,0,1,0.0,5.0,0
46.100,0,1,0.0,5.0,0
46.200,0,1,0.0,5.0,0
46.200,0,1,0.0,5.0,0
46.200,0,1,0.0,5.0,0
46.200,0,1,0.0,5.0,0
46.200,0,1,0.0,5.0,0
46.200,0,1,0.0,5.0,0
46.200,0,1,0.0,5.0,0
46.200,0,1,0.0,5.0,0
46.200,0,1,0.0,5.0,0
46.200,0,1,0.0,5.0,0
46.200,0,1,0.0,5.0,0
46.300,0,1,0.0,5.0,0
46.300,0,1,0.0,5.0,0
46.300,0,1,0.0,5.0,0
46.300,0,1,0.0,5.0,0
46.300,0,1,0.0,5.0,0
46.300,0,1,0.0,5.0,0
46.300,0,1,0.0,5.0,0
46.300,0,1,0.0,5.0,0
46.300,0,1,0.0,5.0,0
46.300,0,1,0.0,5.0,0
46.400,0,1,0.0,5.0,0
46.400,0,1,0.0,5.0,0
46.400,0,1,0.0,5.0,0
46.400,0,1,0.0,5.0,0
46.400,0,1,0.0,5.0,0
46.400,0,1,0.0,5.0,0
46.400,0,1,0.0,5.0,0
46.400,0,1,0.0,5.0,0
46.400,0,1,0.0,5.0,0
46.400,0,1,0.0,5.0,0
46.400,0,1,0.0,5.0,0
46.500,0,1,0.0,5.0,0
46.500,0,1,0.0,5.0,0
46.500,0,1,0.0,5.0,0
46.500,0,1,0.0,5.0,0
46.500,0,1,0.0,5.0,0
46.500,0,1,0.0,5.0,0
46.500,0,1,0.0,5.0,0
46.500,0,1,0.0,5.0,0
46.500,0,1,0.0,5.0,0
46.500,0,1,0.0,5.0,0
46.600,0,1,0.0,5.0,0
46.600,0,1,0.0,5.0,0
46.600,0,1,0.0,5.0,0
46.600,0,1,0.0,5.0,0
46.600,0,1,0.0,5.0,0
46.600,0,1,0.0,5.0,0
46.600,0,1,0.0,5.0,0
46.600,0,1,0.0,5.0,0
46.600,0,1,0.0,5.0,0
46.600,0,1,0.0,5.0,0
46.600,0,1,0.0,5.0,0
46.700,0,1,0.0,5.0,0
46.700,0,1,0.0,5.0,0
46.700,0,1,0.0,5.0,0
46.700,0,1,0.0,5.0,0
46.700,0,1,0.0,5.0,0
46.700,0,1,0.0,5.0,0
46.700,0,1,0.0,5.0,0
46.700,0,1,0.0,5.0,0
46.700,0,1,0.0,5.0,0
46.700,0,1,0.0,5.0,0
46.800,2,1,-36.0,5.0,0
46.800,2,1,-36.0,5.0,0
46.800,2,1,-36.0,5.0,0
46.800,2,1,-36.0,5.0,0
46.800,2,1,-36.0,5.0,0
46.800,2,1,-36.0,5.0,0
46.800,2,1,-36.0,5.0,0
46.800,2,1,-36.0,5.0,0
46.800,2,1,-36.0,5.0,0
46.800,2,1,-36.0,5.0,0
46.900,2,1,-36.0,5.0,0
46.900,2,1,-36.0,5.0,0
46.900,2,1,-36.0,5.0,0
46.900,2,1,-36.0,5.0,0
46.900,2,1,-36.0,5.0,0
46.900,2,1,-36.0,5.0,0
46.900,2,1,-36.0,5.0,0
46.900,2,1,-36.0,5.0,0
46.900,2,1,-36.0,5.0,0
46.900,2,1,-36.0,5.0,0
46.900,2,1,-36.0,5.0,0
47.000,2,1,-36.0,5.0,0
47.000,2,1,-36.0,5.0,0
47.000,2,1,-36.0,5.0,0
47.000,2,1,-36.0,5.0,0
47.000,2,1,-36.0,5.0,0
47.000,2,1,-36.0,5.0,0
47.000,2,1,-36.0,5.0,0
47.000,2,1,-36.0,5.0,0
47.000,2,1,-36.0,5.0,0
47.000,2,1,-36.0,5.0,0
47.100,2,1,-36.0,5.0,0
47.100,2,1,-36.0,5.0,0
47.100,2,1,-36.0,5.0,0
47.100,2,1,-36.0,5.0,0
47.100,2,1,-36.0,5.0,0
47.100,2,1,-36.0,5.0,0
47.100,2,1,-36.0,5.0,0
47.100,2,1,-36.0,5.0,0
47.100,2,1,-36.0,5.0,0
47.100,2,1,-36.0,5.0,0
47.100,2,1,-36.0,5.0,0
47.200,2,1,-36.0,5.0,0
47.200,2,1,-36.0,5.0,0
47.200,2,1,-36.0,5.0,0
47.200,2,1,-36.0,5.0,0
47.200,2,1,-36.0,5.0,0
47.200,2,1,-36.0,5.0,0
47.200,2,1,-36.0,5.0,0
47.200,2,1,-36.0,5.0,0
47.200,2,1,-36.0,5.0,0
47.200,2,1,-36.0,5.0,0
47.300,2,1,-36.0,5.0,0
47.300,2,1,-36.0,5.0,0
47.300,2,1,-36.0,5.0,0
47.300,2,1,-36.0,5.0,0
47.300,2,1,-36.0,5.0,0
47.300,2,1,-36.0,5.0,0
47.300,2,1,-36.0,5.0,0
47.300,2,1,-36.0,5.0,0
47.300,2,1,-36.0,5.0,0
47.300,2,1,-36.0,5.0,0
47.300,2,1,-36.0,5.0,0
47.400,2,1,-36.0,5.0,0
47.400,2,1,-36.0,5.0,0
47.400,2,1,-36.0,5.0,0
47.400,2,1,-36.0,5.0,0
47.400,2,1,-36.0,5.0,0
47.400,2,1,-36.0,5.0,0
47.400,2,1,-36.0,5.0,0
47.400,2,1,-36.0,5.0,0
47.400,2,1,-36.0,5.0,0
47.400,2,1,-36.0,5.0,0
47.500,2,1,-36.0,5.0,0
47.500,2,1,-36.0,5.0,0
47.500,2,1,-36.0,5.0,0
47.500,2,1,-36.0,5.0,0
47.500,2,1,-36.0,5.0,0
47.500,2,1,-36.0,5.0,0
47.500,2,1,-36.0,5.0,0
47.500,2,1,-36.0,5.0,0
47.500,2,1,-36.0,5.0,0
47.500,2,1,-36.0,5.0,0
47.500,2,1,-36.0,5.0,0
47.600,2,1,-36.0,5.0,0
47.600,2,1,-36.0,5.0,0
47.600,2,1,-36.0,5.0,0
47.600,2,1,-36.0,5.0,0
47.600,2,1,-36.0,5.0,0
47.600,2,1,-36.0,5.0,0
47.600,2,1,-36.0,5.0,0
47.600,2,1,-36.0,5.0,0
47.600,2,1,-36.0,5.0,0
47.600,2,1,-36.0,5.0,0
47.700,2,1,-36.0,5.0,0
47.700,2,1,-36.0,5.0,0
47.700,2,1,-36.0,5.0,0
47.700,2,1,-36.0,5.0,0
47.700,2,1,-36.0,5.0,0
47.700,2,1,-36.0,5.0,0
47.700,2,1,-36.0,5.0,0
47.700,2,1,-36.0,5.0,0
47.700,2,1,-36.0,5.0,0
47.700,2,1,-36.0,5.0,0
47.800,2,1,-36.0,5.0,0
47.800,2,1,-36.0,5.0,0
47.800,2,1,-36.0,5.0,0
47.800,2,1,-36.0,5.0,0
47.800,2,1,-36.0,5.0,0
47.800,2,1,-36.0,5.0,0
47.800,2,1,-36.0,5.0,0
47.800,2,1,-36.0,5.0,0
47.800,2,1,-36.0,5.0,0
47.800,2,1,-36.0,5.0,0
47.800,2,1,-36.0,5.0,0
47.900,2,1,-36.0,5.0,0
47.900,2,1,-36.0,5.0,0
47.900,2,1,-36.0,5.0,0
47.900,2,1,-36.0,5.0,0
47.900,2,1,-36.0,5.0,0
47.900,2,1,-36.0,5.0,0
47.900,2,1,-36.0,5.0,0
47.900,2,1,-36.0,5.0,0
47.900,2,1,-36.0,5.0,0
47.900,2,1,-36.0,5.0,0
48.000,2,1,-36.0,5.0,0
48.000,2,1,-36.0,5.0,0
48.000,2,1,-36.0,5.0,0
48.000,2,1,-36.0,5.0,0
48.000,2,1,-36.0,5.0,0
48.000,2,1,-36.0,5.0,0
48.000,2,1,-36.0,5.0,0
48.000,2,1,-36.0,5.0,0
48.000,2,1,-36.0,5.0,0
48.000,2,1,-36.0,5.0,0
48.000,2,1,-36.0,5.0,0
48.100,2,1,-36.0,5.0,0
48.100,2,1,-36.0,5.0,0
48.100,2,1,-36.0,5.0,0
48.100,2,1,-36.0,5.0,0
48.100,2,1,-36.0,5.0,0
48.100,2,1,-36.0,5.0,0
48.100,2,1,-36.0,5.0,0
48.100,2,1,-36.0,5.0,0
48.100,2,1,-36.0,5.0,0
48.100,2,1,-36.0,5.0,0
48.200,2,1,-36.0,5.0,0
48.200,2,1,-36.0,5.0,0
48.200,2,1,-36.0,5.0,0
48.200,2,1,-36.0,5.0,0
48.200,2,1,-36.0,5.0,0
48.200,2,1,-36.0,5.0,0
48.200,2,1,-36.0,5.0,0
48.200,2,1,-36.0,5.0,0
48.200,2,1,-36.0,5.0,0
48.200,2,1,-36.0,5.0,0
48.200,2,1,-36.0,5.0,0
48.300,2,1,-36.0,5.0,0
48.300,2,1,-36.0,5.0,0
48.300,2,1,-36.0,5.0,0
48.300,2,1,-36.0,5.0,0
48.300,2,1,-36.0,5.0,0
48.300,2,1,-36.0,5.0,0
48.300,2,1,-36.0,5.0,0
48.300,2,1,-36.0,5.0,0
48.300,2,1,-36.0,5.0,0
48.300,2,1,-36.0,5.0,0
48.400,2,1,-36.0,5.0,0
48.400,2,1,-36.0,5.0,0
48.400,2,1,-36.0,5.0,0
48.400,2,1,-36.0,5.0,0
48.400,2,1,-36.0,5.0,0
48.400,2,1,-36.0,5.0,0
48.400,2,1,-36.0,5.0,0
48.400,2,1,-36.0,5.0,0
48.400,2,1,-36.0,5.0,0
48.400,2,1,-36.0,5.0,0
48.500,2,1,-36.0,5.0,0
48.500,2,1,-36.0,5.0,0
48.500,2,1,-36.0,5.0,0
48.500,2,1,-36.0,5.0,0
48.500,2,1,-36.0,5.0,0
48.500,2,1,-36.0,5.0,0
48.500,2,1,-36.0,5.0,0
48.500,2,1,-36.0,5.0,0
48.500,2,1,-36.0,5.0,0
48.500,2,1,-36.0,5.0,0
48.500,2,1,-36.0,5.0,0
48.600,2,1,-36.0,5.0,0
48.600,2,1,-36.0,5.0,0
48.600,2,1,-36.0,5.0,0
48.600,2,1,-36.0,5.0,0
48.600,2,1,-36.0,5.0,0
48.600,2,1,-36.0,5.0,0
48.600,2,1,-36.0,5.0,0
48.600,2,1,-36.0,5.0,0
48.600,2,1,-36.0,5.0,0
48.600,2,1,-36.0,5.0,0
48.700,2,1,-36.0,5.0,0
48.700,2,1,-36.0,5.0,0
48.700,2,1,-36.0,5.0,0
48.700,2,1,-36.0,5.0,0
48.700,2,1,-36.0,5.0,0
48.700,2,1,-36.0,5.0,0
48.700,2,1,-36.0,5.0,0
48.700,2,1,-36.0,5.0,0
48.700,2,1,-36.0,5.0,0
48.700,2,1,-36.0,5.0,0
48.700,2,1,-36.0,5.0,0
48.800,2,1,-36.0,5.0,0
48.800,2,1,-36.0,5.0,0
48.800,2,1,-36.0,5.0,0
48.800,2,1,-36.0,5.0,0
48.800,2,1,-36.0,5.0,0
48.800,2,1,-36.0,5.0,0
48.800,2,1,-36.0,5.0,0
48.800,2,1,-36.0,5.0,0
48.800,2,1,-36.0,5.0,0
48.800,2,1,-36.0,5.0,0
48.900,2,1,-36.0,5.0,0
48.900,2,1,-36.0,5.0,0
48.900,2,1,-36.0,5.0,0
48.900,2,1,-36.0,5.0,0
48.900,2,1,-36.0,5.0,0
48.900,2,1,-36.0,5.0,0
48.900,2,1,-36.0,5.0,0
48.900,2,1,-36.0,5.0,0
48.900,2,1,-36.0,5.0,0
48.900,2,1,-36.0,5.0,0
48.900,2,1,-36.0,5.0,0
49.000,2,1,-36.0,5.0,0
49.000,2,1,-36.0,5.0,0
49.000,2,1,-36.0,5.0,0
49.000,2,1,-36.0,5.0,0
49.000,2,1,-36.0,5.0,0
49.000,2,1,-36.0,5.0,0
49.000,2,1,-36.0,5.0,0
49.000,2,1,-36.0,5.0,0
49.000,2,1,-36.0,5.0,0
49.000,2,1,-36.0,5.0,0
49.100,2,1,-36.0,5.0,0
49.100,2,1,-36.0,5.0,0
49.100,2,1,-36.0,5.0,0
49.100,2,1,-36.0,5.0,0
49.100,2,1,-36.0,5.0,0
49.100,2,1,-36.0,5.0,0
49.100,2,1,-36.0,5.0,0
49.100,2,1,-36.0,5.0,0
49.100,2,1,-36.0,5.0,0
49.100,2,1,-36.0,5.0,0
49.200,2,1,-36.0,5.0,0
49.200,2,1,-36.0,5.0,0
49.200,2,1,-36.0,5.0,0
49.200,2,1,-36.0,5.0,0
49.200,2,1,-36.0,5.0,0
49.200,2,1,-36.0,5.0,0
49.200,2,1,-36.0,5.0,0
49.200,2,1,-36.0,5.0,0
49.200,2,1,-36.0,5.0,0
49.200,2,1,-36.0,5.0,0
49.200,2,1,-36.0,5.0,0
49.300,2,1,-36.0,5.0,0
49.300,2,1,-36.0,5.0,0
49.300,2,1,-36.0,5.0,0
49.300,2,1,-36.0,5.0,0
49.300,2,1,-36.0,5.0,0
49.300,2,1,-36.0,5.0,0
49.300,2,1,-36.0,5.0,0
49.300,2,1,-36.0,5.0,0
49.300,2,1,-36.0,5.0,0
49.300,2,1,-36.0,5.0,0
49.400,2,1,-36.0,5.0,0
49.400,2,1,-36.0,5.0,0
49.400,2,1,-36.0,5.0,0
49.400,2,1,-36.0,5.0,0
49.400,2,1,-36.0,5.0,0
49.400,2,1,-36.0,5.0,0
49.400,2,1,-36.0,5.0,0
49.400,2,1,-36.0,5.0,0
49.400,2,1,-36.0,5.0,0
49.400,2,1,-36.0,5.0,0
49.400,2,1,-36.0,5.0,0
49.500,2,1,-36.0,5.0,0
49.500,2,1,-36.0,5.0,0
49.500,2,1,-36.0,5.0,0
49.500,2,1,-36.0,5.0,0
49.500,2,1,-36.0,5.0,0
49.500,2,1,-36.0,5.0,0
49.500,2,1,-36.0,5.0,0
49.500,2,1,-36.0,5.0,0
49.500,2,1,-36.0,5.0,0
49.500,2,1,-36.0,5.0,0
49.600,2,1,-36.0,5.0,0
49.600,2,1,-36.0,5.0,0
49.600,2,1,-36.0,5.0,0
49.600,2,1,-36.0,5.0,0
49.600,2,1,-36.0,5.0,0
49.600,2,1,-36.0,5.0,0
49.600,2,1,-36.0,5.0,0
49.600,2,1,-36.0,5.0,0
49.600,2,1,-36.0,5.0,0
49.600,2,1,-36.0,5.0,0
49.600,2,1,-36.0,5.0,0
49.700,2,1,-36.0,5.0,0
49.700,2,1,-36.0,5.0,0
49.700,2,1,-36.0,5.0,0
49.700,2,1,-36.0,5.0,0
49.700,2,1,-36.0,5.0,0
49.700,2,1,-36.0,5.0,0
49.700,2,1,-36.0,5.0,0
49.700,2,1,-36.0,5.0,0
49.700,2,1,-36.0,5.0,0
49.700,2,1,-36.0,5.0,0
49.800,2,1,-36.0,5.0,0
49.800,2,1,-36.0,5.0,0
49.800,2,1,-36.0,5.0,0
49.800,2,1,-36.0,5.0,0
49.800,2,1,-36.0,5.0,0
49.800,2,1,-36.0,5.0,0
49.800,2,1,-36.0,5.0,0
49.800,2,1,-36.0,5.0,0
49.800,2,1,-36.0,5.0,0
49.800,2,1,-36.0,5.0,0
49.800,2,1,-36.0,5.0,0
49.900,2,1,-36.0,5.0,0
49.900,2,1,-36.0,5.0,0
49.900,2,1,-36.0,5.0,0
49.900,2,1,-36.0,5.0,0
49.900,2,1,-36.0,5.0,0
49.900,2,1,-36.0,5.0,0
49.900,2,1,-36.0,5.0,0
49.900,2,1,-36.0,5.0,0
49.900,2,1,-36.0,5.0,0
49.900,2,1,-36.0,5.0,0
50.000,2,1,-36.0,5.0,0
50.000,2,1,-36.0,5.0,0
50.000,2,1,-36.0,5.0,0
50.000,2,1,-36.0,5.0,0
50.000,2,1,-36.0,5.0,0
50.000,2,1,-36.0,5.0,0
50.000,2,1,-36.0,5.0,0
50.000,2,1,-36.0,5.0,0
50.000,2,1,-36.0,5.0,0
50.000,2,1,-36.0,5.0,0
50.100,2,1,-36.0,5.0,0
50.100,2,1,-36.0,5.0,0
50.100,2,1,-36.0,5.0,0
50.100,2,1,-36.0,5.0,0
50.100,2,1,-36.0,5.0,0
50.100,2,1,-36.0,5.0,0
50.100,2,1,-36.0,5.0,0
50.100,2,1,-36.0,5.0,0
50.100,2,1,-36.0,5.0,0
50.100,2,1,-36.0,5.0,0
50.100,2,1,-36.0,5.0,0
50.200,2,1,-36.0,5.0,0
50.200,2,1,-36.0,5.0,0
50.200,2,1,-36.0,5.0,0
50.200,2,1,-36.0,5.0,0
50.200,2,1,-36.0,5.0,0
50.200,2,1,-36.0,5.0,0
50.200,2,1,-36.0,5.0,0
50.200,2,1,-36.0,5.0,0
50.200,2,1,-36.0,5.0,0
50.200,2,1,-36.0,5.0,0
50.300,2,1,-36.0,5.0,0
50.300,2,1,-36.0,5.0,0
50.300,2,1,-36.0,5.0,0
50.300,2,1,-36.0,5.0,0
50.300,2,1,-36.0,5.0,0
50.300,2,1,-36.0,5.0,0
50.300,2,1,-36.0,5.0,0
50.300,2,1,-36.0,5.0,0
50.300,2,1,-36.0,5.0,0
50.300,2,1,-36.0,5.0,0
50.300,2,1,-36.0,5.0,0
50.400,2,1,-36.0,5.0,0
50.400,2,1,-36.0,5.0,0
50.400,2,1,-36.0,5.0,0
50.400,2,1,-36.0,5.0,0
50.400,2,1,-36.0,5.0,0
50.400,2,1,-36.0,5.0,0
50.400,2,1,-36.0,5.0,0
50.400,2,1,-36.0,5.0,0
50.400,2,1,-36.0,5.0,0
50.400,2,1,-36.0,5.0,0
50.500,2,1,-36.0,5.0,0
50.500,2,1,-36.0,5.0,0
50.500,2,1,-36.0,5.0,0
50.500,2,1,-36.0,5.0,0
50.500,2,1,-36.0,5.0,0
50.500,2,1,-36.0,5.0,0
50.500,2,1,-36.0,5.0,0
50.500,2,1,-36.0,5.0,0
50.500,2,1,-36.0,5.0,0
50.500,2,1,-36.0,5.0,0
50.500,2,1,-36.0,5.0,0
50.600,2,1,-36.0,5.0,0
50.600,2,1,-36.0,5.0,0
50.600,2,1,-36.0,5.0,0
50.600,2,1,-36.0,5.0,0
50.600,2,1,-36.0,5.0,0
50.600,2,1,-36.0,5.0,0
50.600,2,1,-36.0,5.0,0
50.600,2,1,-36.0,5.0,0
50.600,2,1,-36.0,5.0,0
50.600,2,1,-36.0,5.0,0
50.700,2,1,-36.0,5.0,0
50.700,2,1,-36.0,5.0,0
50.700,2,1,-36.0,5.0,0
50.700,2,1,-36.0,5.0,0
50.700,2,1,-36.0,5.0,0
50.700,2,1,-36.0,5.0,0
50.700,2,1,-36.0,5.0,0
50.700,2,1,-36.0,5.0,0
50.700,2,1,-36.0,5.0,0
50.700,2,1,-36.0,5.0,0
50.800,2,1,-36.0,5.0,0
50.800,2,1,-36.0,5.0,0
50.800,2,1,-36.0,5.0,0
50.800,2,1,-36.0,5.0,0
50.800,2,1,-36.0,5.0,0
50.800,2,1,-36.0,5.0,0
50.800,2,1,-36.0,5.0,0
50.800,2,1,-36.0,5.0,0
50.800,2,1,-36.0,5.0,0
50.800,2,1,-36.0,5.0,0
50.800,2,1,-36.0,5.0,0
50.900,2,1,-36.0,5.0,0
50.900,2,1,-36.0,5.0,0
50.900,2,1,-36.0,5.0,0
50.900,2,1,-36.0,5.0,0
50.900,2,1,-36.0,5.0,0
50.900,2,1,-36.0,5.0,0
50.900,2,1,-36.0,5.0,0
50.900,2,1,-36.0,5.0,0
50.900,2,1,-36.0,5.0,0
50.900,2,1,-36.0,5.0,0
51.000,0,1,0.0,5.0,0
51.000,0,1,0.0,5.0,0
51.000,0,1,0.0,5.0,0
51.000,0,1,0.0,5.0,0
51.000,0,1,0.0,5.0,0
51.000,0,1,0.0,5.0,0
51.000,0,1,0.0,5.0,0
51.000,0,1,0.0,5.0,0
51.000,0,1,0.0,5.0,0
51.000,0,1,0.0,5.0,0
51.000,0,1,0.0,5.0,0
51.100,0,1,0.0,5.0,0
51.100,0,1,0.0,5.0,0
51.100,0,1,0.0,5.0,0
51.100,0,1,0.0,5.0,0
51.100,0,1,0.0,5.0,0
51.100,0,1,0.0,5.0,0
51.100,0,1,0.0,5.0,0
51.100,0,1,0.0,5.0,0
51.100,0,1,0.0,5.0,0
51.100,0,1,0.0,5.0,0
51.200,0,1,0.0,5.0,0
51.200,0,1,0.0,5.0,0
51.200,0,1,0.0,5.0,0
51.200,0,1,0.0,5.0,0
51.200,0,1,0.0,5.0,0
51.200,0,1,0.0,5.0,0
51.200,0,1,0.0,5.0,0
51.200,0,1,0.0,5.0,0
51.200,0,1,0.0,5.0,0
51.200,0,1,0.0,5.0,0
51.200,0,1,0.0,5.0,0
51.300,0,1,0.0,5.0,0
51.300,0,1,0.0,5.0,0
51.300,0,1,0.0,5.0,0
51.300,0,1,0.0,5.0,0
51.300,0,1,0.0,5.0,0
51.300,0,1,0.0,5.0,0
51.300,0,1,0.0,5.0,0
51.300,0,1,0.0,5.0,0
51.300,0,1,0.0,5.0,0
51.300,0,1,0.0,5.0,0
51.400,0,1,0.0,5.0,0
51.400,0,1,0.0,5.0,0
51.400,0,1,0.0,5.0,0
51.400,0,1,0.0,5.0,0
51.400,0,1,0.0,5.0,0
51.400,0,1,0.0,5.0,0
51.400,0,1,0.0,5.0,0
51.400,0,1,0.0,5.0,0
51.400,0,1,0.0,5.0,0
51.400,0,1,0.0,5.0,0
51.500,0,1,0.0,5.0,0
51.500,0,1,0.0,5.0,0
51.500,0,1,0.0,5.0,0
51.500,0,1,0.0,5.0,0
51.500,0,1,0.0,5.0,0
51.500,0,1,0.0,5.0,0
51.500,0,1,0.0,5.0,0
51.500,0,1,0.0,5.0,0
51.500,0,1,0.0,5.0,0
51.500,0,1,0.0,5.0,0
51.500,0,1,0.0,5.0,0
51.600,0,1,0.0,5.0,0
51.600,0,1,0.0,5.0,0
51.600,0,1,0.0,5.0,0
51.600,0,1,0.0,5.0,0
51.600,0,1,0.0,5.0,0
51.600,0,1,0.0,5.0,0
51.600,0,1,0.0,5.0,0
51.600,0,1,0.0,5.0,0
51.600,0,1,0.0,5.0,0
51.600,0,1,0.0,5.0,0
51.700,0,1,0.0,5.0,0
51.700,0,1,0.0,5.0,0
51.700,0,1,0.0,5.0,0
51.700,0,1,0.0,5.0,0
51.700,0,1,0.0,5.0,0
51.700,0,1,0.0,5.0,0
51.700,0,1,0.0,5.0,0
51.700,0,1,0.0,5.0,0
51.700,0,1,0.0,5.0,0
51.700,0,1,0.0,5.0,0
51.700,0,1,0.0,5.0,0
51.800,0,1,0.0,5.0,0
51.800,0,1,0.0,5.0,0
51.800,0,1,0.0,5.0,0
51.800,0,1,0.0,5.0,0
51.800,0,1,0.0,5.0,0
51.800,0,1,0.0,5.0,0
51.800,0,1,0.0,5.0,0
51.800,0,1,0.0,5.0,0
51.800,0,1,0.0,5.0,0
51.800,0,1,0.0,5.0,0
51.900,0,1,0.0,5.0,0
51.900,0,1,0.0,5.0,0
51.900,0,1,0.0,5.0,0
51.900,0,1,0.0,5.0,0
51.900,0,1,0.0,5.0,0
51.900,0,1,0.0,5.0,0
51.900,0,1,0.0,5.0,0
51.900,0,1,0.0,5.0,0
51.900,0,1,0.0,5.0,0
51.900,0,1,0.0,5.0,0
51.900,0,1,0.0,5.0,0
52.000,0,1,0.0,5.0,0
52.000,0,1,0.0,5.0,0
52.000,0,1,0.0,5.0,0
52.000,0,1,0.0,5.0,0
52.000,0,1,0.0,5.0,0
52.000,0,1,0.0,5.0,0
52.000,0,1,0.0,5.0,0
52.000,0,1,0.0,5.0,0
52.000,0,1,0.0,5.0,0
52.000,0,1,0.0,5.0,0
52.100,0,1,0.0,5.0,0
52.100,0,1,0.0,5.0,0
52.100,0,1,0.0,5.0,0
52.100,0,1,0.0,5.0,0
52.100,0,1,0.0,5.0,0
52.100,0,1,0.0,5.0,0
52.100,0,1,0.0,5.0,0
52.100,0,1,0.0,5.0,0
52.100,0,1,0.0,5.0,0
52.100,0,1,0.0,5.0,0
52.100,0,1,0.0,5.0,0
52.200,0,1,0.0,5.0,0
52.200,0,1,0.0,5.0,0
52.200,0,1,0.0,5.0,0
52.200,0,1,0.0,5.0,0
52.200,0,1,0.0,5.0,0
52.200,0,1,0.0,5.0,0
52.200,0,1,0.0,5.0,0
52.200,0,1,0.0,5.0,0
52.200,0,1,0.0,5.0,0
52.200,0,1,0.0,5.0,0
52.300,0,1,0.0,5.0,0
52.300,0,1,0.0,5.0,0
52.300,0,1,0.0,5.0,0
52.300,0,1,0.0,5.0,0
52.300,0,1,0.0,5.0,0
52.300,0,1,0.0,5.0,0
52.300,0,1,0.0,5.0,0
52.300,0,1,0.0,5.0,0
52.300,0,1,0.0,5.0,0
52.300,0,1,0.0,5.0,0
52.400,0,1,0.0,5.0,0
52.400,0,1,0.0,5.0,0
52.400,0,1,0.0,5.0,0
52.400,0,1,0.0,5.0,0
52.400,0,1,0.0,5.0,0
52.400,0,1,0.0,5.0,0
52.400,0,1,0.0,5.0,0
52.400,0,1,0.0,5.0,0
52.400,0,1,0.0,5.0,0
52.400,0,1,0.0,5.0,0
52.400,0,1,0.0,5.0,0
52.500,0,1,0.0,5.0,0
52.500,0,1,0.0,5.0,0
52.500,0,1,0.0,5.0,0
52.500,0,1,0.0,5.0,0
52.500,0,1,0.0,5.0,0
52.500,0,1,0.0,5.0,0
52.500,0,1,0.0,5.0,0
52.500,0,1,0.0,5.0,0
52.500,0,1,0.0,5.0,0
52.500,0,1,0.0,5.0,0
52.600,0,1,0.0,5.0,0
52.600,0,1,0.0,5.0,0
52.600,0,1,0.0,5.0,0
52.600,0,1,0.0,5.0,0
52.600,0,1,0.0,5.0,0
52.600,0,1,0.0,5.0,0
52.600,0,1,0.0,5.0,0
52.600,0,1,0.0,5.0,0
52.600,0,1,0.0,5.0,0
52.600,0,1,0.0,5.0,0
52.600,0,1,0.0,5.0,0
52.700,0,1,0.0,5.0,0
52.700,0,1,0.0,5.0,0
52.700,0,1,0.0,5.0,0
52.700,0,1,0.0,5.0,0
52.700,0,1,0.0,5.0,0
52.700,0,1,0.0,5.0,0
52.700,0,1,0.0,5.0,0
52.700,0,1,0.0,5.0,0
52.700,0,1,0.0,5.0,0
52.700,0,1,0.0,5.0,0
52.800,0,1,0.0,5.0,0
52.800,0,1,0.0,5.0,0
52.800,0,1,0.0,5.0,0
52.800,0,1,0.0,5.0,0
52.800,0,1,0.0,5.0,0
52.800,0,1,0.0,5.0,0
52.800,0,1,0.0,5.0,0
52.800,0,1,0.0,5.0,0
52.800,0,1,0.0,5.0,0
52.800,0,1,0.0,5.0,0
52.800,0,1,0.0,5.0,0
52.900,0,1,0.0,5.0,0
52.900,0,1,0.0,5.0,0
52.900,0,1,0.0,5.0,0
52.900,0,1,0.0,5.0,0
52.900,0,1,0.0,5.0,0
52.900,0,1,0.0,5.0,0
52.900,0,1,0.0,5.0,0
52.900,0,1,0.0,5.0,0
52.900,0,1,0.0,5.0,0
52.900,0,1,0.0,5.0,0
53.000,0,1,0.0,5.0,0
53.000,0,1,0.0,5.0,0
53.000,0,1,0.0,5.0,0
53.000,0,1,0.0,5.0,0
53.000,0,1,0.0,5.0,0
53.000,0,1,0.0,5.0,0
53.000,0,1,0.0,5.0,0
53.000,0,1,0.0,5.0,0
53.000,0,1,0.0,5.0,0
53.000,0,1,0.0,5.0,0
53.100,0,1,0.0,5.0,0
53.100,0,1,0.0,5.0,0
53.100,0,1,0.0,5.0,0
53.100,0,1,0.0,5.0,0
53.100,0,1,0.0,5.0,0
53.100,0,1,0.0,5.0,0
53.100,0,1,0.0,5.0,0
53.100,0,1,0.0,5.0,0
53.100,0,1,0.0,5.0,0
53.100,0,1,0.0,5.0,0
53.100,0,1,0.0,5.0,0
53.200,0,1,0.0,5.0,0
53.200,0,1,0.0,5.0,0
53.200,0,1,0.0,5.0,0
53.200,0,1,0.0,5.0,0
53.200,0,1,0.0,5.0,0
53.200,0,1,0.0,5.0,0
53.200,0,1,0.0,5.0,0
53.200,0,1,0.0,5.0,0
53.200,0,1,0.0,5.0,0
53.200,0,1,0.0,5.0,0
53.300,0,1,0.0,5.0,0
53.300,0,1,0.0,5.0,0
53.300,0,1,0.0,5.0,0
53.300,0,1,0.0,5.0,0
53.300,0,1,0.0,5.0,0
53.300,0,1,0.0,5.0,0
53.300,0,1,0.0,5.0,0
53.300,0,1,0.0,5.0,0
53.300,0,1,0.0,5.0,0
53.300,0,1,0.0,5.0,0
53.300,0,1,0.0,5.0,0
53.400,0,1,0.0,5.0,0
53.400,0,1,0.0,5.0,0
53.400,0,1,0.0,5.0,0
53.400,0,1,0.0,5.0,0
53.400,0,1,0.0,5.0,0
53.400,0,1,0.0,5.0,0
53.400,0,1,0.0,5.0,0
53.400,0,1,0.0,5.0,0
53.400,0,1,0.0,5.0,0
53.400,0,1,0.0,5.0,0
53.500,0,1,0.0,5.0,0
53.500,0,1,0.0,5.0,0
53.500,0,1,0.0,5.0,0
53.500,0,1,0.0,5.0,0
53.500,0,1,0.0,5.0,0
53.500,0,1,0.0,5.0,0
53.500,0,1,0.0,5.0,0
53.500,0,1,0.0,5.0,0
53.500,0,1,0.0,5.0,0
53.500,0,1,0.0,5.0,0
53.500,0,1,0.0,5.0,0
53.600,0,1,0.0,5.0,0
53.600,0,1,0.0,5.0,0
53.600,0,1,0.0,5.0,0
53.600,0,1,0.0,5.0,0
53.600,0,1,0.0,5.0,0
53.600,0,1,0.0,5.0,0
53.600,0,1,0.0,5.0,0
53.600,0,1,0.0,5.0,0
53.600,0,1,0.0,5.0,0
53.600,0,1,0.0,5.0,0
53.700,0,1,0.0,5.0,0
53.700,0,1,0.0,5.0,0
53.700,0,1,0.0,5.0,0
53.700,0,1,0.0,5.0,0
53.700,0,1,0.0,5.0,0
53.700,0,1,0.0,5.0,0
53.700,0,1,0.0,5.0,0
53.700,0,1,0.0,5.0,0
53.700,0,1,0.0,5.0,0
53.700,0,1,0.0,5.0,0
53.800,0,1,0.0,5.0,0
53.800,0,1,0.0,5.0,0
53.800,0,1,0.0,5.0,0
53.800,0,1,0.0,5.0,0
53.800,0,1,0.0,5.0,0
53.800,0,1,0.0,5.0,0
53.800,0,1,0.0,5.0,0
53.800,0,1,0.0,5.0,0
53.800,0,1,0.0,5.0,0
53.800,0,1,0.0,5.0,0
53.800,0,1,0.0,5.0,0
53.900,0,1,0.0,5.0,0
53.900,0,1,0.0,5.0,0
53.900,0,1,0.0,5.0,0
53.900,0,1,0.0,5.0,0
53.900,0,1,0.0,5.0,0
53.900,0,1,0.0,5.0,0
53.900,0,1,0.0,5.0,0
53.900,0,1,0.0,5.0,0
53.900,0,1,0.0,5.0,0
53.900,0,1,0.0,5.0,0
54.000,0,1,0.0,5.0,0
54.000,0,1,0.0,5.0,0
54.000,0,1,0.0,5.0,0
54.000,0,1,0.0,5.0,0
54.000,0,1,0.0,5.0,0
54.000,0,1,0.0,5.0,0
54.000,0,1,0.0,5.0,0
54.000,0,1,0.0,5.0,0
54.000,0,1,0.0,5.0,0
54.000,0,1,0.0,5.0,0
54.000,0,1,0.0,5.0,0
54.100,0,1,0.0,5.0,0
54.100,0,1,0.0,5.0,0
54.100,0,1,0.0,5.0,0
54.100,0,1,0.0,5.0,0
54.100,0,1,0.0,5.0,0
54.100,0,1,0.0,5.0,0
54.100,0,1,0.0,5.0,0
54.100,0,1,0.0,5.0,0
54.100,0,1,0.0,5.0,0
54.100,0,1,0.0,5.0,0
54.200,0,1,0.0,5.0,0
54.200,0,1,0.0,5.0,0
54.200,0,1,0.0,5.0,0
54.200,0,1,0.0,5.0,0
54.200,0,1,0.0,5.0,0
54.200,0,1,0.0,5.0,0
54.200,0,1,0.0,5.0,0
54.200,0,1,0.0,5.0,0
54.200,0,1,0.0,5.0,0
54.200,0,1,0.0,5.0,0
54.200,0,1,0.0,5.0,0
54.300,0,1,0.0,5.0,0
54.300,0,1,0.0,5.0,0
54.300,0,1,0.0,5.0,0
54.300,0,1,0.0,5.0,0
54.300,0,1,0.0,5.0,0
54.300,0,1,0.0,5.0,0
54.300,0,1,0.0,5.0,0
54.300,0,1,0.0,5.0,0
54.300,0,1,0.0,5.0,0
54.300,0,1,0.0,5.0,0
54.400,0,1,0.0,5.0,0
54.400,0,1,0.0,5.0,0
54.400,0,1,0.0,5.0,0
54.400,0,1,0.0,5.0,0
54.400,0,1,0.0,5.0,0
54.400,0,1,0.0,5.0,0
54.400,0,1,0.0,5.0,0
54.400,0,1,0.0,5.0,0
54.400,0,1,0.0,5.0,0
54.400,0,1,0.0,5.0,0
54.400,0,1,0.0,5.0,0
54.500,0,1,0.0,5.0,0
54.500,0,1,0.0,5.0,0
54.500,0,1,0.0,5.0,0
54.500,0,1,0.0,5.0,0
54.500,0,1,0.0,5.0,0
54.500,0,1,0.0,5.0,0
54.500,0,1,0.0,5.0,0
54.500,0,1,0.0,5.0,0
54.500,0,1,0.0,5.0,0
54.500,0,1,0.0,5.0,0
54.600,0,1,0.0,5.0,0
54.600,0,1,0.0,5.0,0
54.600,0,1,0.0,5.0,0
54.600,0,1,0.0,5.0,0
54.600,0,1,0.0,5.0,0
54.600,0,1,0.0,5.0,0
54.600,0,1,0.0,5.0,0
54.600,0,1,0.0,5.0,0
54.600,0,1,0.0,5.0,0
54.600,0,1,0.0,5.0,0
54.700,0,1,0.0,5.0,0
54.700,0,1,0.0,5.0,0
54.700,0,1,0.0,5.0,0
54.700,0,1,0.0,5.0,0
54.700,0,1,0.0,5.0,0
54.700,0,1,0.0,5.0,0
54.700,0,1,0.0,5.0,0
54.700,0,1,0.0,5.0,0
54.700,0,1,0.0,5.0,0
54.700,0,1,0.0,5.0,0
54.700,0,1,0.0,5.0,0
54.800,0,1,0.0,5.0,0
54.800,0,1,0.0,5.0,0
54.800,0,1,0.0,5.0,0
54.800,0,1,0.0,5.0,0
54.800,0,1,0.0,5.0,0
54.800,0,1,0.0,5.0,0
54.800,0,1,0.0,5.0,0
54.800,0,1,0.0,5.0,0
54.800,0,1,0.0,5.0,0
54.800,0,1,0.0,5.0,0
54.900,0,1,0.0,5.0,0
54.900,0,1,0.0,5.0,0
54.900,0,1,0.0,5.0,0
54.900,0,1,0.0,5.0,0
54.900,0,1,0.0,5.0,0
54.900,0,1,0.0,5.0,0
54.900,0,1,0.0,5.0,0
54.900,0,1,0.0,5.0,0
54.900,0,1,0.0,5.0,0
54.900,0,1,0.0,5.0,0
54.900,0,1,0.0,5.0,0
55.000,0,1,0.0,5.0,0
55.000,0,1,0.0,5.0,0
55.000,0,1,0.0,5.0,0
55.000,0,1,0.0,5.0,0
55.000,0,1,0.0,5.0,0
55.000,0,1,0.0,5.0,0
55.000,0,1,0.0,5.0,0
55.000,0,1,0.0,5.0,0
55.000,0,1,0.0,5.0,0
55.000,0,1,0.0,5.0,0
55.100,0,1,0.0,5.0,0
55.100,0,1,0.0,5.0,0
55.100,0,1,0.0,5.0,0
55.100,0,1,0.0,5.0,0
55.100,0,1,0.0,5.0,0
55.100,0,1,0.0,5.0,0
55.100,0,1,0.0,5.0,0
55.100,0,1,0.0,5.0,0
55.100,0,1,0.0,5.0,0
55.100,0,1,0.0,5.0,0
55.100,0,1,0.0,5.0,0
55.200,0,1,0.0,5.0,0
55.200,0,1,0.0,5.0,0
55.200,0,1,0.0,5.0,0
55.200,0,1,0.0,5.0,0
55.200,0,1,0.0,5.0,0
55.200,0,1,0.0,5.0,0
55.200,0,1,0.0,5.0,0
55.200,0,1,0.0,5.0,0
55.200,0,1,0.0,5.0,0
55.200,0,1,0.0,5.0,0
55.300,0,1,0.0,5.0,0
55.300,0,1,0.0,5.0,0
55.300,0,1,0.0,5.0,0
55.300,0,1,0.0,5.0,0
55.300,0,1,0.0,5.0,0
55.300,0,1,0.0,5.0,0
55.300,0,1,0.0,5.0,0
55.300,0,1,0.0,5.0,0
55.300,0,1,0.0,5.0,0
55.300,0,1,0.0,5.0,0
55.400,0,1,0.0,5.0,0
55.400,0,1,0.0,5.0,0
55.400,0,1,0.0,5.0,0
55.400,0,1,0.0,5.0,0
55.400,0,1,0.0,5.0,0
55.400,0,1,0.0,5.0,0
55.400,0,1,0.0,5.0,0
55.400,0,1,0.0,5.0,0
55.400,0,1,0.0,5.0,0
55.400,0,1,0.0,5.0,0
55.400,0,1,0.0,5.0,0
55.500,0,1,0.0,5.0,0
55.500,0,1,0.0,5.0,0
55.500,0,1,0.0,5.0,0
55.500,0,1,0.0,5.0,0
55.500,0,1,0.0,5.0,0
55.500,0,1,0.0,5.0,0
55.500,0,1,0.0,5.0,0
55.500,0,1,0.0,5.0,0
55.500,0,1,0.0,5.0,0
55.500,0,1,0.0,5.0,0
55.600,0,1,0.0,5.0,0
55.600,0,1,0.0,5.0,0
55.600,0,1,0.0,5.0,0
55.600,0,1,0.0,5.0,0
55.600,0,1,0.0,5.0,0
55.600,0,1,0.0,5.0,0
55.600,0,1,0.0,5.0,0
55.600,0,1,0.0,5.0,0
55.600,0,1,0.0,5.0,0
55.600,0,1,0.0,5.0,0
55.600,0,1,0.0,5.0,0
55.700,0,1,0.0,5.0,0
55.700,0,1,0.0,5.0,0
55.700,0,1,0.0,5.0,0
55.700,0,1,0.0,5.0,0
55.700,0,1,0.0,5.0,0
55.700,0,1,0.0,5.0,0
55.700,0,1,0.0,5.0,0
55.700,0,1,0.0,5.0,0
55.700,0,1,0.0,5.0,0
55.700,0,1,0.0,5.0,0
55.800,0,1,0.0,5.0,0
55.800,0,1,0.0,5.0,0
55.800,0,1,0.0,5.0,0
55.800,0,1,0.0,5.0,0
55.800,0,1,0.0,5.0,0
55.800,0,1,0.0,5.0,0
55.800,0,1,0.0,5.0,0
55.800,0,1,0.0,5.0,0
55.800,0,1,0.0,5.0,0
55.800,0,1,0.0,5.0,0
55.800,0,1,0.0,5.0,0
55.900,0,1,0.0,5.0,0
55.900,0,1,0.0,5.0,0
55.900,0,1,0.0,5.0,0
55.900,0,1,0.0,5.0,0
55.900,0,1,0.0,5.0,0
55.900,0,1,0.0,5.0,0
55.900,0,1,0.0,5.0,0
55.900,0,1,0.0,5.0,0
55.900,0,1,0.0,5.0,0
55.900,0,1,0.0,5.0,0
56.000,0,1,0.0,5.0,0
56.000,0,1,0.0,5.0,0
56.000,0,1,0.0,5.0,0
56.000,0,1,0.0,5.0,0
56.000,0,1,0.0,5.0,0
56.000,0,1,0.0,5.0,0
56.000,0,1,0.0,5.0,0
56.000,0,1,0.0,5.0,0
56.000,0,1,0.0,5.0,0
56.000,0,1,0.0,5.0,0
56.100,0,1,0.0,5.0,0
56.100,0,1,0.0,5.0,0
56.100,0,1,0.0,5.0,0
56.100,0,1,0.0,5.0,0
56.100,0,1,0.0,5.0,0
56.100,0,1,0.0,5.0,0
56.100,0,1,0.0,5.0,0
56.100,0,1,0.0,5.0,0
56.100,0,1,0.0,5.0,0
56.100,0,1,0.0,5.0,0
56.100,0,1,0.0,5.0,0
56.200,0,1,0.0,5.0,0
56.200,0,1,0.0,5.0,0
56.200,0,1,0.0,5.0,0
56.200,0,1,0.0,5.0,0
56.200,0,1,0.0,5.0,0
56.200,0,1,0.0,5.0,0
56.200,0,1,0.0,5.0,0
56.200,0,1,0.0,5.0,0
56.200,0,1,0.0,5.0,0
56.200,0,1,0.0,5.0,0
56.300,0,1,0.0,5.0,0
56.300,0,1,0.0,5.0,0
56.300,0,1,0.0,5.0,0
56.300,0,1,0.0,5.0,0
56.300,0,1,0.0,5.0,0
56.300,0,1,0.0,5.0,0
56.300,0,1,0.0,5.0,0
56.300,0,1,0.0,5.0,0
56.300,0,1,0.0,5.0,0
56.300,0,1,0.0,5.0,0
56.300,0,1,0.0,5.0,0
56.400,0,1,0.0,5.0,0
56.400,0,1,0.0,5.0,0
56.400,0,1,0.0,5.0,0
56.400,0,1,0.0,5.0,0
56.400,0,1,0.0,5.0,0
56.400,0,1,0.0,5.0,0
56.400,0,1,0.0,5.0,0
56.400,0,1,0.0,5.0,0
56.400,0,1,0.0,5.0,0
56.400,0,1,0.0,5.0,0
56.500,0,1,0.0,5.0,0
56.500,0,1,0.0,5.0,0
56.500,0,1,0.0,5.0,0
56.500,0,1,0.0,5.0,0
56.500,0,1,0.0,5.0,0
56.500,0,1,0.0,5.0,0
56.500,0,1,0.0,5.0,0
56.500,0,1,0.0,5.0,0
56.500,0,1,0.0,5.0,0
56.500,0,1,0.0,5.0,0
56.500,0,1,0.0,5.0,0
56.600,0,1,0.0,5.0,0
56.600,0,1,0.0,5.0,0
56.600,0,1,0.0,5.0,0
56.600,0,1,0.0,5.0,0
56.600,0,1,0.0,5.0,0
56.600,0,1,0.0,5.0,0
56.600,0,1,0.0,5.0,0
56.600,0,1,0.0,5.0,0
56.600,0,1,0.0,5.0,0
56.600,0,1,0.0,5.0,0
56.700,0,1,0.0,5.0,0
56.700,0,1,0.0,5.0,0
56.700,0,1,0.0,5.0,0
56.700,0,1,0.0,5.0,0
56.700,0,1,0.0,5.0,0
56.700,0,1,0.0,5.0,0
56.700,0,1,0.0,5.0,0
56.700,0,1,0.0,5.0,0
56.700,0,1,0.0,5.0,0
56.700,0,1,0.0,5.0,0
56.700,0,1,0.0,5.0,0
56.800,0,1,0.0,5.0,0
56.800,0,1,0.0,5.0,0
56.800,0,1,0.0,5.0,0
56.800,0,1,0.0,5.0,0
56.800,0,1,0.0,5.0,0
56.800,0,1,0.0,5.0,0
56.800,0,1,0.0,5.0,0
56.800,0,1,0.0,5.0,0
56.800,0,1,0.0,5.0,0
56.800,0,1,0.0,5.0,0
56.900,0,1,0.0,5.0,0
56.900,0,1,0.0,5.0,0
56.900,0,1,0.0,5.0,0
56.900,0,1,0.0,5.0,0
56.900,0,1,0.0,5.0,0
56.900,0,1,0.0,5.0,0
56.900,0,1,0.0,5.0,0
56.900,0,1,0.0,5.0,0
56.900,0,1,0.0,5.0,0
56.900,0,1,0.0,5.0,0
57.000,0,1,0.0,5.0,0
57.000,0,1,0.0,5.0,0
57.000,0,1,0.0,5.0,0
57.000,0,1,0.0,5.0,0
57.000,0,1,0.0,5.0,0
57.000,0,1,0.0,5.0,0
57.000,0,1,0.0,5.0,0
57.000,0,1,0.0,5.0,0
57.000,0,1,0.0,5.0,0
57.000,0,1,0.0,5.0,0
57.000,0,1,0.0,5.0,0
57.100,0,1,0.0,5.0,0
57.100,0,1,0.0,5.0,0
57.100,0,1,0.0,5.0,0
57.100,0,1,0.0,5.0,0
57.100,0,1,0.0,5.0,0
57.100,0,1,0.0,5.0,0
57.100,0,1,0.0,5.0,0
57.100,0,1,0.0,5.0,0
57.100,0,1,0.0,5.0,0
57.100,0,1,0.0,5.0,0
57.200,0,1,0.0,5.0,0
57.200,0,1,0.0,5.0,0
57.200,0,1,0.0,5.0,0
57.200,0,1,0.0,5.0,0
57.200,0,1,0.0,5.0,0
57.200,0,1,0.0,5.0,0
57.200,0,1,0.0,5.0,0
57.200,0,1,0.0,5.0,0
57.200,0,1,0.0,5.0,0
57.200,0,1,0.0,5.0,0
57.200,0,1,0.0,5.0,0
57.300,0,1,0.0,5.0,0
57.300,0,1,0.0,5.0,0
57.300,0,1,0.0,5.0,0
57.300,0,1,0.0,5.0,0
57.300,0,1,0.0,5.0,0
57.300,0,1,0.0,5.0,0
57.300,0,1,0.0,5.0,0
57.300,0,1,0.0,5.0,0
57.300,0,1,0.0,5.0,0
57.300,0,1,0.0,5.0,0
57.400,0,1,0.0,5.0,0
57.400,0,1,0.0,5.0,0
57.400,0,1,0.0,5.0,0
57.400,0,1,0.0,5.0,0
57.400,0,1,0.0,5.0,0
57.400,0,1,0.0,5.0,0
57.400,0,1,0.0,5.0,0
57.400,0,1,0.0,5.0,0
57.400,0,1,0.0,5.0,0
57.400,0,1,0.0,5.0,0
57.400,0,1,0.0,5.0,0
57.500,0,1,0.0,5.0,0
57.500,0,1,0.0,5.0,0
57.500,0,1,0.0,5.0,0
57.500,0,1,0.0,5.0,0
57.500,0,1,0.0,5.0,0
57.500,0,1,0.0,5.0,0
57.500,0,1,0.0,5.0,0
57.500,0,1,0.0,5.0,0
57.500,0,1,0.0,5.0,0
57.500,0,1,0.0,5.0,0
57.600,0,1,0.0,5.0,0
57.600,0,1,0.0,5.0,0
57.600,0,1,0.0,5.0,0
57.600,0,1,0.0,5.0,0
57.600,0,1,0.0,5.0,0
57.600,0,1,0.0,5.0,0
57.600,0,1,0.0,5.0,0
57.600,0,1,0.0,5.0,0
57.600,0,1,0.0,5.0,0
57.600,0,1,0.0,5.0,0
57.700,0,1,0.0,5.0,0
57.700,0,1,0.0,5.0,0
57.700,0,1,0.0,5.0,0
57.700,0,1,0.0,5.0,0
57.700,0,1,0.0,5.0,0
57.700,0,1,0.0,5.0,0
57.700,0,1,0.0,5.0,0
57.700,0,1,0.0,5.0,0
57.700,0,1,0.0,5.0,0
57.700,0,1,0.0,5.0,0
57.700,0,1,0.0,5.0,0
57.800,0,1,0.0,5.0,0
57.800,0,1,0.0,5.0,0
57.800,0,1,0.0,5.0,0
57.800,0,1,0.0,5.0,0
57.800,0,1,0.0,5.0,0
57.800,0,1,0.0,5.0,0
57.800,0,1,0.0,5.0,0
57.800,0,1,0.0,5.0,0
57.800,0,1,0.0,5.0,0
57.800,0,1,0.0,5.0,0
57.900,0,1,0.0,5.0,0
57.900,0,1,0.0,5.0,0
57.900,0,1,0.0,5.0,0
57.900,0,1,0.0,5.0,0
57.900,0,1,0.0,5.0,0
57.900,0,1,0.0,5.0,0
57.900,0,1,0.0,5.0,0
57.900,0,1,0.0,5.0,0
57.900,0,1,0.0,5.0,0
57.900,0,1,0.0,5.0,0
57.900,0,1,0.0,5.0,0
58.000,0,1,0.0,5.0,0
58.000,0,1,0.0,5.0,0
58.000,0,1,0.0,5.0,0
58.000,0,1,0.0,5.0,0
58.000,0,1,0.0,5.0,0
58.000,0,1,0.0,5.0,0
58.000,0,1,0.0,5.0,0
58.000,0,1,0.0,5.0,0
58.000,0,1,0.0,5.0,0
58.000,0,1,0.0,5.0,0
58.100,0,1,0.0,5.0,0
58.100,0,1,0.0,5.0,0
58.100,0,1,0.0,5.0,0
58.100,0,1,0.0,5.0,0
58.100,0,1,0.0,5.0,0
58.100,0,1,0.0,5.0,0
58.100,0,1,0.0,5.0,0
58.100,0,1,0.0,5.0,0
58.100,0,1,0.0,5.0,0
58.100,0,1,0.0,5.0,0
58.100,0,1,0.0,5.0,0
58.200,0,1,0.0,5.0,0
58.200,0,1,0.0,5.0,0
58.200,0,1,0.0,5.0,0
58.200,0,1,0.0,5.0,0
58.200,0,1,0.0,5.0,0
58.200,0,1,0.0,5.0,0
58.200,0,1,0.0,5.0,0
58.200,0,1,0.0,5.0,0
58.200,0,1,0.0,5.0,0
58.200,0,1,0.0,5.0,0
58.300,0,1,0.0,5.0,0
58.300,0,1,0.0,5.0,0
58.300,0,1,0.0,5.0,0
58.300,0,1,0.0,5.0,0
58.300,0,1,0.0,5.0,0
58.300,0,1,0.0,5.0,0
58.300,0,1,0.0,5.0,0
58.300,0,1,0.0,5.0,0
58.300,0,1,0.0,5.0,0
58.300,0,1,0.0,5.0,0
58.400,0,1,0.0,5.0,0
58.400,0,1,0.0,5.0,0
58.400,0,1,0.0,5.0,0
58.400,0,1,0.0,5.0,0
58.400,0,1,0.0,5.0,0
58.400,0,1,0.0,5.0,0
58.400,0,1,0.0,5.0,0
58.400,0,1,0.0,5.0,0
58.400,0,1,0.0,5.0,0
58.400,0,1,0.0,5.0,0
58.400,0,1,0.0,5.0,0
58.500,0,1,0.0,5.0,0
58.500,0,1,0.0,5.0,0
58.500,0,1,0.0,5.0,0
58.500,0,1,0.0,5.0,0
58.500,0,1,0.0,5.0,0
58.500,0,1,0.0,5.0,0
58.500,0,1,0.0,5.0,0
58.500,0,1,0.0,5.0,0
58.500,0,1,0.0,5.0,0
58.500,0,1,0.0,5.0,0
58.600,0,1,0.0,5.0,0
58.600,0,1,0.0,5.0,0
58.600,0,1,0.0,5.0,0
58.600,0,1,0.0,5.0,0
58.600,0,1,0.0,5.0,0
58.600,0,1,0.0,5.0,0
58.600,0,1,0.0,5.0,0
58.600,0,1,0.0,5.0,0
58.600,0,1,0.0,5.0,0
58.600,0,1,0.0,5.0,0
58.600,0,1,0.0,5.0,0
58.700,0,1,0.0,5.0,0
58.700,0,1,0.0,5.0,0
58.700,0,1,0.0,5.0,0
58.700,0,1,0.0,5.0,0
58.700,0,1,0.0,5.0,0
58.700,0,1,0.0,5.0,0
58.700,0,1,0.0,5.0,0
58.700,0,1,0.0,5.0,0
58.700,0,1,0.0,5.0,0
58.700,0,1,0.0,5.0,0
58.800,0,1,0.0,5.0,0
58.800,0,1,0.0,5.0,0
58.800,0,1,0.0,5.0,0
58.800,0,1,0.0,5.0,0
58.800,0,1,0.0,5.0,0
58.800,0,1,0.0,5.0,0
58.800,0,1,0.0,5.0,0
58.800,0,1,0.0,5.0,0
58.800,0,1,0.0,5.0,0
58.800,0,1,0.0,5.0,0
58.800,0,1,0.0,5.0,0
58.900,0,1,0.0,5.0,0
58.900,0,1,0.0,5.0,0
58.900,0,1,0.0,5.0,0
58.900,0,1,0.0,5.0,0
58.900,0,1,0.0,5.0,0
58.900,0,1,0.0,5.0,0
58.900,0,1,0.0,5.0,0
58.900,0,1,0.0,5.0,0
58.900,0,1,0.0,5.0,0
58.900,0,1,0.0,5.0,0
59.000,0,1,0.0,5.0,0
59.000,0,1,0.0,5.0,0
59.000,0,1,0.0,5.0,0
59.000,0,1,0.0,5.0,0
59.000,0,1,0.0,5.0,0
59.000,0,1,0.0,5.0,0
59.000,0,1,0.0,5.0,0
59.000,0,1,0.0,5.0,0
59.000,0,1,0.0,5.0,0
59.000,0,1,0.0,5.0,0
59.000,0,1,0.0,5.0,0
59.100,0,1,0.0,5.0,0
59.100,0,1,0.0,5.0,0
59.100,0,1,0.0,5.0,0
59.100,0,1,0.0,5.0,0
59.100,0,1,0.0,5.0,0
59.100,0,1,0.0,5.0,0
59.100,0,1,0.0,5.0,0
59.100,0,1,0.0,5.0,0
59.100,0,1,0.0,5.0,0
59.100,0,1,0.0,5.0,0
59.200,0,1,0.0,5.0,0
59.200,0,1,0.0,5.0,0
59.200,0,1,0.0,5.0,0
59.200,0,1,0.0,5.0,0
59.200,0,1,0.0,5.0,0
59.200,0,1,0.0,5.0,0
59.200,0,1,0.0,5.0,0
59.200,0,1,0.0,5.0,0
59.200,0,1,0.0,5.0,0
59.200,0,1,0.0,5.0,0
59.300,0,1,0.0,5.0,0
59.300,0,1,0.0,5.0,0
59.300,0,1,0.0,5.0,0
59.300,0,1,0.0,5.0,0
59.300,0,1,0.0,5.0,0
59.300,0,1,0.0,5.0,0
59.300,0,1,0.0,5.0,0
59.300,0,1,0.0,5.0,0
59.300,0,1,0.0,5.0,0
59.300,0,1,0.0,5.0,0
59.300,0,1,0.0,5.0,0
59.400,0,1,0.0,5.0,0
59.400,0,1,0.0,5.0,0
59.400,0,1,0.0,5.0,0
59.400,0,1,0.0,5.0,0
59.400,0,1,0.0,5.0,0
59.400,0,1,0.0,5.0,0
59.400,0,1,0.0,5.0,0
59.400,0,1,0.0,5.0,0
59.400,0,1,0.0,5.0,0
59.400,0,1,0.0,5.0,0
59.500,0,1,0.0,5.0,0
59.500,0,1,0.0,5.0,0
59.500,0,1,0.0,5.0,0
59.500,0,1,0.0,5.0,0
59.500,0,1,0.0,5.0,0
59.500,0,1,0.0,5.0,0
59.500,0,1,0.0,5.0,0
59.500,0,1,0.0,5.0,0
59.500,0,1,0.0,5.0,0
59.500,0,1,0.0,5.0,0
59.500,0,1,0.0,5.0,0
59.600,0,1,0.0,5.0,0
59.600,0,1,0.0,5.0,0
59.600,0,1,0.0,5.0,0
59.600,0,1,0.0,5.0,0
59.600,0,1,0.0,5.0,0
59.600,0,1,0.0,5.0,0
59.600,0,1,0.0,5.0,0
59.600,0,1,0.0,5.0,0
59.600,0,1,0.0,5.0,0
59.600,0,1,0.0,5.0,0
59.700,0,1,0.0,5.0,0
59.700,0,1,0.0,5.0,0
59.700,0,1,0.0,5.0,0
59.700,0,1,0.0,5.0,0
59.700,0,1,0.0,5.0,0
59.700,0,1,0.0,5.0,0
59.700,0,1,0.0,5.0,0
59.700,0,1,0.0,5.0,0
59.700,0,1,0.0,5.0,0
59.700,0,1,0.0,5.0,0
59.700,0,1,0.0,5.0,0
59.800,0,1,0.0,5.0,0
59.800,0,1,0.0,5.0,0
59.800,0,1,0.0,5.0,0
59.800,0,1,0.0,5.0,0
59.800,0,1,0.0,5.0,0
59.800,0,1,0.0,5.0,0
59.800,0,1,0.0,5.0,0
59.800,0,1,0.0,5.0,0
59.800,0,1,0.0,5.0,0
59.800,0,1,0.0,5.0,0
59.900,0,1,0.0,5.0,0
59.900,0,1,0.0,5.0,0
59.900,0,1,0.0,5.0,0
59.900,0,1,0.0,5.0,0
59.900,0,1,0.0,5.0,0
59.900,0,1,0.0,5.0,0
59.900,0,1,0.0,5.0,0
59.900,0,1,0.0,5.0,0
59.900,0,1,0.0,5.0,0
59.900,0,1,0.0,5.0,0
60.000,0,1,0.0,5.0,0
60.000,0,1,0.0,5.0,0
60.000,0,1,0.0,5.0,0
60.000,0,1,0.0,5.0,0
60.000,0,1,0.0,5.0,0
60.000,0,1,0.0,5.0,0
60.000,0,1,0.0,5.0,0
60.000,0,1,0.0,5.0,0
60.000,0,1,0.0,5.0,0
60.000,0,1,0.0,5.0,0
60.000,0,1,0.0,5.0,0
60.100,0,1,0.0,5.0,0
60.100,0,1,0.0,5.0,0
60.100,0,1,0.0,5.0,0
60.100,0,1,0.0,5.0,0
60.100,0,1,0.0,5.0,0
60.100,0,1,0.0,5.0,0
60.100,0,1,0.0,5.0,0
60.100,0,1,0.0,5.0,0
60.100,0,1,0.0,5.0,0
60.100,0,1,0.0,5.0,0
60.200,0,1,0.0,5.0,0
60.200,0,1,0.0,5.0,0
60.200,0,1,0.0,5.0,0
60.200,0,1,0.0,5.0,0
60.200,0,1,0.0,5.0,0
60.200,0,1,0.0,5.0,0
60.200,0,1,0.0,5.0,0
60.200,0,1,0.0,5.0,0
60.200,0,1,0.0,5.0,0
60.200,0,1,0.0,5.0,0
60.200,0,1,0.0,5.0,0
60.300,0,1,0.0,5.0,0
60.300,0,1,0.0,5.0,0
60.300,0,1,0.0,5.0,0
60.300,0,1,0.0,5.0,0
60.300,0,1,0.0,5.0,0
60.300,0,1,0.0,5.0,0
60.300,0,1,0.0,5.0,0
60.300,0,1,0.0,5.0,0
60.300,0,1,0.0,5.0,0
60.300,0,1,0.0,5.0,0
60.400,0,1,0.0,5.0,0
60.400,0,1,0.0,5.0,0
60.400,0,1,0.0,5.0,0
60.400,0,1,0.0,5.0,0
60.400,0,1,0.0,5.0,0
60.400,0,1,0.0,5.0,0
60.400,0,1,0.0,5.0,0
60.400,0,1,0.0,5.0,0
60.400,0,1,0.0,5.0,0
60.400,0,1,0.0,5.0,0
60.400,0,1,0.0,5.0,0
60.500,0,1,0.0,5.0,0
60.500,0,1,0.0,5.0,0
60.500,0,1,0.0,5.0,0
60.500,0,1,0.0,5.0,0
60.500,0,1,0.0,5.0,0
60.500,0,1,0.0,5.0,0
60.500,0,1,0.0,5.0,0
60.500,0,1,0.0,5.0,0
60.500,0,1,0.0,5.0,0
60.500,0,1,0.0,5.0,0
60.600,0,1,0.0,5.0,0
60.600,0,1,0.0,5.0,0
60.600,0,1,0.0,5.0,0
60.600,0,1,0.0,5.0,0
60.600,0,1,0.0,5.0,0
60.600,0,1,0.0,5.0,0
60.600,0,1,0.0,5.0,0
60.600,0,1,0.0,5.0,0
60.600,0,1,0.0,5.0,0
60.600,0,1,0.0,5.0,0
60.700,0,1,0.0,5.0,0
60.700,0,1,0.0,5.0,0
60.700,0,1,0.0,5.0,0
60.700,0,1,0.0,5.0,0
60.700,0,1,0.0,5.0,0
60.700,0,1,0.0,5.0,0
60.700,0,1,0.0,5.0,0
60.700,0,1,0.0,5.0,0
60.700,0,1,0.0,5.0,0
60.700,0,1,0.0,5.0,0
60.700,0,1,0.0,5.0,0
60.800,0,1,0.0,5.0,0
60.800,0,1,0.0,5.0,0
60.800,0,1,0.0,5.0,0
60.800,0,1,0.0,5.0,0
60.800,0,1,0.0,5.0,0
60.800,0,1,0.0,5.0,0
60.800,0,1,0.0,5.0,0
60.800,0,1,0.0,5.0,0
60.800,0,1,0.0,5.0,0
60.800,0,1,0.0,5.0,0
60.900,0,1,0.0,5.0,0
60.900,0,1,0.0,5.0,0
60.900,0,1,0.0,5.0,0
60.900,0,1,0.0,5.0,0
60.900,0,1,0.0,5.0,0
60.900,0,1,0.0,5.0,0
60.900,0,1,0.0,5.0,0
60.900,0,1,0.0,5.0,0
60.900,0,1,0.0,5.0,0
60.900,0,1,0.0,5.0,0
60.900,0,1,0.0,5.0,0
61.000,0,1,0.0,5.0,0
61.000,0,1,0.0,5.0,0
61.000,0,1,0.0,5.0,0
61.000,0,1,0.0,5.0,0
61.000,0,1,0.0,5.0,0
61.000,0,1,0.0,5.0,0
61.000,0,1,0.0,5.0,0
61.000,0,1,0.0,5.0,0
61.000,0,1,0.0,5.0,0
61.000,0,1,0.0,5.0,0
61.100,0,1,0.0,5.0,0
61.100,0,1,0.0,5.0,0
61.100,0,1,0.0,5.0,0
61.100,0,1,0.0,5.0,0
61.100,0,1,0.0,5.0,0
61.100,0,1,0.0,5.0,0
61.100,0,1,0.0,5.0,0
61.100,0,1,0.0,5.0,0
61.100,0,1,0.0,5.0,0
61.100,0,1,0.0,5.0,0
61.100,0,1,0.0,5.0,0
61.200,0,1,0.0,5.0,0
61.200,0,1,0.0,5.0,0
61.200,0,1,0.0,5.0,0
61.200,0,1,0.0,5.0,0
61.200,0,1,0.0,5.0,0
61.200,0,1,0.0,5.0,0
61.200,0,1,0.0,5.0,0
61.200,0,1,0.0,5.0,0
61.200,0,1,0.0,5.0,0
61.200,0,1,0.0,5.0,0
61.300,0,1,0.0,5.0,0
61.300,0,1,0.0,5.0,0
61.300,0,1,0.0,5.0,0
61.300,0,1,0.0,5.0,0
61.300,0,1,0.0,5.0,0
61.300,0,1,0.0,5.0,0
61.300,0,1,0.0,5.0,0
61.300,0,1,0.0,5.0,0
61.300,0,1,0.0,5.0,0
61.300,0,1,0.0,5.0,0
61.300,0,1,0.0,5.0,0
61.400,0,1,0.0,5.0,0
61.400,0,1,0.0,5.0,0
61.400,0,1,0.0,5.0,0
61.400,0,1,0.0,5.0,0
61.400,0,1,0.0,5.0,0
61.400,0,1,0.0,5.0,0
61.400,0,1,0.0,5.0,0
61.400,0,1,0.0,5.0,0
61.400,0,1,0.0,5.0,0
61.400,0,1,0.0,5.0,0
61.500,0,1,0.0,5.0,0
61.500,0,1,0.0,5.0,0
61.500,0,1,0.0,5.0,0
61.500,0,1,0.0,5.0,0
61.500,0,1,0.0,5.0,0
61.500,0,1,0.0,5.0,0
61.500,0,1,0.0,5.0,0
61.500,0,1,0.0,5.0,0
61.500,0,1,0.0,5.0,0
61.500,0,1,0.0,5.0,0
61.600,0,1,0.0,5.0,0
61.600,0,1,0.0,5.0,0
61.600,0,1,0.0,5.0,0
61.600,0,1,0.0,5.0,0
61.600,0,1,0.0,5.0,0
61.600,0,1,0.0,5.0,0
61.600,0,1,0.0,5.0,0
61.600,0,1,0.0,5.0,0
61.600,0,1,0.0,5.0,0
61.600,0,1,0.0,5.0,0
61.600,0,1,0.0,5.0,0
61.700,0,1,0.0,5.0,0
61.700,0,1,0.0,5.0,0
61.700,0,1,0.0,5.0,0
61.700,0,1,0.0,5.0,0
61.700,0,1,0.0,5.0,0
61.700,0,1,0.0,5.0,0
61.700,0,1,0.0,5.0,0
61.700,0,1,0.0,5.0,0
61.700,0,1,0.0,5.0,0
61.700,0,1,0.0,5.0,0
61.800,0,1,0.0,5.0,0
61.800,0,1,0.0,5.0,0
61.800,0,1,0.0,5.0,0
61.800,0,1,0.0,5.0,0
61.800,0,1,0.0,5.0,0
61.800,0,1,0.0,5.0,0
61.800,0,1,0.0,5.0,0
61.800,0,1,0.0,5.0,0
61.800,0,1,0.0,5.0,0
61.800,0,1,0.0,5.0,0
61.800,0,1,0.0,5.0,0
61.900,0,1,0.0,5.0,0
61.900,0,1,0.0,5.0,0
61.900,0,1,0.0,5.0,0
61.900,0,1,0.0,5.0,0
61.900,0,1,0.0,5.0,0
61.900,0,1,0.0,5.0,0
61.900,0,1,0.0,5.0,0
61.900,0,1,0.0,5.0,0
61.900,0,1,0.0,5.0,0
61.900,0,1,0.0,5.0,0
62.000,0,1,0.0,5.0,0
62.000,0,1,0.0,5.0,0
62.000,0,1,0.0,5.0,0
62.000,0,1,0.0,5.0,0
62.000,0,1,0.0,5.0,0
62.000,0,1,0.0,5.0,0
62.000,0,1,0.0,5.0,0
62.000,0,1,0.0,5.0,0
62.000,0,1,0.0,5.0,0
62.000,0,1,0.0,5.0,0
62.000,0,1,0.0,5.0,0
62.100,0,1,0.0,5.0,0
62.100,0,1,0.0,5.0,0
62.100,0,1,0.0,5.0,0
62.100,0,1,0.0,5.0,0
62.100,0,1,0.0,5.0,0
62.100,0,1,0.0,5.0,0
62.100,0,1,0.0,5.0,0
62.100,0,1,0.0,5.0,0
62.100,0,1,0.0,5.0,0
62.100,0,1,0.0,5.0,0
62.200,0,1,0.0,5.0,0
62.200,0,1,0.0,5.0,0
62.200,0,1,0.0,5.0,0
62.200,0,1,0.0,5.0,0
62.200,0,1,0.0,5.0,0
62.200,0,1,0.0,5.0,0
62.200,0,1,0.0,5.0,0
62.200,0,1,0.0,5.0,0
62.200,0,1,0.0,5.0,0
62.200,0,1,0.0,5.0,0
62.300,0,1,0.0,5.0,0
62.300,0,1,0.0,5.0,0
62.300,0,1,0.0,5.0,0
62.300,0,1,0.0,5.0,0
62.300,0,1,0.0,5.0,0
62.300,0,1,0.0,5.0,0
62.300,0,1,0.0,5.0,0
62.300,0,1,0.0,5.0,0
62.300,0,1,0.0,5.0,0
62.300,0,1,0.0,5.0,0
62.300,0,1,0.0,5.0,0
62.400,0,1,0.0,5.0,0
62.400,0,1,0.0,5.0,0
62.400,0,1,0.0,5.0,0
62.400,0,1,0.0,5.0,0
62.400,0,1,0.0,5.0,0
62.400,0,1,0.0,5.0,0
62.400,0,1,0.0,5.0,0
62.400,0,1,0.0,5.0,0
62.400,0,1,0.0,5.0,0
62.400,0,1,0.0,5.0,0
62.500,0,1,0.0,5.0,0
62.500,0,1,0.0,5.0,0
62.500,0,1,0.0,5.0,0
62.500,0,1,0.0,5.0,0
62.500,0,1,0.0,5.0,0
62.500,0,1,0.0,5.0,0
62.500,0,1,0.0,5.0,0
62.500,0,1,0.0,5.0,0
62.500,0,1,0.0,5.0,0
62.500,0,1,0.0,5.0,0
62.500,0,1,0.0,5.0,0
62.600,0,1,0.0,5.0,0
62.600,0,1,0.0,5.0,0
62.600,0,1,0.0,5.0,0
62.600,0,1,0.0,5.0,0
62.600,0,1,0.0,5.0,0
62.600,0,1,0.0,5.0,0
62.600,0,1,0.0,5.0,0
62.600,0,1,0.0,5.0,0
62.600,0,1,0.0,5.0,0
62.600,0,1,0.0,5.0,0
62.700,0,1,0.0,5.0,0
62.700,0,1,0.0,5.0,0
62.700,0,1,0.0,5.0,0
62.700,0,1,0.0,5.0,0
62.700,0,1,0.0,5.0,0
62.700,0,1,0.0,5.0,0
62.700,0,1,0.0,5.0,0
62.700,0,1,0.0,5.0,0
62.700,0,1,0.0,5.0,0
62.700,0,1,0.0,5.0,0
62.700,0,1,0.0,5.0,0
62.800,0,1,0.0,5.0,0
62.800,0,1,0.0,5.0,0
62.800,0,1,0.0,5.0,0
62.800,0,1,0.0,5.0,0
62.800,0,1,0.0,5.0,0
62.800,0,1,0.0,5.0,0
62.800,0,1,0.0,5.0,0
62.800,0,1,0.0,5.0,0
62.800,0,1,0.0,5.0,0
62.800,0,1,0.0,5.0,0
62.900,0,1,0.0,5.0,0
62.900,0,1,0.0,5.0,0
62.900,0,1,0.0,5.0,0
62.900,0,1,0.0,5.0,0
62.900,0,1,0.0,5.0,0
62.900,0,1,0.0,5.0,0
62.900,0,1,0.0,5.0,0
62.900,0,1,0.0,5.0,0
62.900,0,1,0.0,5.0,0
62.900,0,1,0.0,5.0,0
63.000,0,1,0.0,5.0,0
63.000,0,1,0.0,5.0,0
63.000,0,1,0.0,5.0,0
63.000,0,1,0.0,5.0,0
63.000,0,1,0.0,5.0,0
63.000,0,1,0.0,5.0,0
63.000,0,1,0.0,5.0,0
63.000,0,1,0.0,5.0,0
63.000,0,1,0.0,5.0,0
63.000,0,1,0.0,5.0,0
63.000,0,1,0.0,5.0,0
63.100,0,1,0.0,5.0,0
63.100,0,1,0.0,5.0,0
63.100,0,1,0.0,5.0,0
63.100,0,1,0.0,5.0,0
63.100,0,1,0.0,5.0,0
63.100,0,1,0.0,5.0,0
63.100,0,1,0.0,5.0,0
63.100,0,1,0.0,5.0,0
63.100,0,1,0.0,5.0,0
63.100,0,1,0.0,5.0,0
63.200,0,1,0.0,5.0,0
63.200,0,1,0.0,5.0,0
63.200,0,1,0.0,5.0,0
63.200,0,1,0.0,5.0,0
63.200,0,1,0.0,5.0,0
63.200,0,1,0.0,5.0,0
63.200,0,1,0.0,5.0,0
63.200,0,1,0.0,5.0,0
63.200,0,1,0.0,5.0,0
63.200,0,1,0.0,5.0,0
63.200,0,1,0.0,5.0,0
63.300,0,1,0.0,5.0,0
63.300,0,1,0.0,5.0,0
63.300,0,1,0.0,5.0,0
63.300,0,1,0.0,5.0,0
63.300,0,1,0.0,5.0,0
63.300,0,1,0.0,5.0,0
63.300,0,1,0.0,5.0,0
63.300,0,1,0.0,5.0,0
63.300,0,1,0.0,5.0,0
63.300,0,1,0.0,5.0,0
63.400,0,1,0.0,5.0,0
63.400,0,1,0.0,5.0,0
63.400,0,1,0.0,5.0,0
63.400,0,1,0.0,5.0,0
63.400,0,1,0.0,5.0,0
63.400,0,1,0.0,5.0,0
63.400,0,1,0.0,5.0,0
63.400,0,1,0.0,5.0,0
63.400,0,1,0.0,5.0,0
63.400,0,1,0.0,5.0,0
63.400,0,1,0.0,5.0,0
63.500,0,1,0.0,5.0,0
63.500,0,1,0.0,5.0,0
63.500,0,1,0.0,5.0,0
63.500,0,1,0.0,5.0,0
63.500,0,1,0.0,5.0,0
63.500,0,1,0.0,5.0,0
63.500,0,1,0.0,5.0,0
63.500,0,1,0.0,5.0,0
63.500,0,1,0.0,5.0,0
63.500,0,1,0.0,5.0,0
63.600,0,1,0.0,5.0,0
63.600,0,1,0.0,5.0,0
63.600,0,1,0.0,5.0,0
63.600,0,1,0.0,5.0,0
63.600,0,1,0.0,5.0,0
63.600,0,1,0.0,5.0,0
63.600,0,1,0.0,5.0,0
63.600,0,1,0.0,5.0,0
63.600,0,1,0.0,5.0,0
63.600,0,1,0.0,5.0,0
63.600,0,1,0.0,5.0,0
63.700,0,1,0.0,5.0,0
63.700,0,1,0.0,5.0,0
63.700,0,1,0.0,5.0,0
63.700,0,1,0.0,5.0,0
63.700,0,1,0.0,5.0,0
63.700,0,1,0.0,5.0,0
63.700,0,1,0.0,5.0,0
63.700,0,1,0.0,5.0,0
63.700,0,1,0.0,5.0,0
63.700,0,1,0.0,5.0,0
63.800,0,1,0.0,5.0,0
63.800,0,1,0.0,5.0,0
63.800,0,1,0.0,5.0,0
63.800,0,1,0.0,5.0,0
63.800,0,1,0.0,5.0,0
63.800,0,1,0.0,5.0,0
63.800,0,1,0.0,5.0,0
63.800,0,1,0.0,5.0,0
63.800,0,1,0.0,5.0,0
63.800,0,1,0.0,5.0,0
63.900,0,1,0.0,5.0,0
63.900,0,1,0.0,5.0,0
63.900,0,1,0.0,5.0,0
63.900,0,1,0.0,5.0,0
63.900,0,1,0.0,5.0,0
63.900,0,1,0.0,5.0,0
63.900,0,1,0.0,5.0,0
63.900,0,1,0.0,5.0,0
63.900,0,1,0.0,5.0,0
63.900,0,1,0.0,5.0,0
63.900,0,1,0.0,5.0,0
64.000,0,1,0.0,5.0,0
64.000,0,1,0.0,5.0,0
64.000,0,1,0.0,5.0,0
64.000,0,1,0.0,5.0,0
64.000,0,1,0.0,5.0,0
64.000,0,1,0.0,5.0,0
64.000,0,1,0.0,5.0,0
64.000,0,1,0.0,5.0,0
64.000,0,1,0.0,5.0,0
64.000,0,1,0.0,5.0,0
64.100,0,1,0.0,5.0,0
64.100,0,1,0.0,5.0,0
64.100,0,1,0.0,5.0,0
64.100,0,1,0.0,5.0,0
64.100,0,1,0.0,5.0,0
64.100,0,1,0.0,5.0,0
64.100,0,1,0.0,5.0,0
64.100,0,1,0.0,5.0,0
64.100,0,1,0.0,5.0,0
64.100,0,1,0.0,5.0,0
64.100,0,1,0.0,5.0,0
64.200,0,1,0.0,5.0,0
64.200,0,1,0.0,5.0,0
64.200,0,1,0.0,5.0,0
64.200,0,1,0.0,5.0,0
64.200,0,1,0.0,5.0,0
64.200,0,1,0.0,5.0,0
64.200,0,1,0.0,5.0,0
64.200,0,1,0.0,5.0,0
64.200,0,1,0.0,5.0,0
64.200,0,1,0.0,5.0,0
64.300,0,1,0.0,5.0,0
64.300,0,1,0.0,5.0,0
64.300,0,1,0.0,5.0,0
64.300,0,1,0.0,5.0,0
64.300,0,1,0.0,5.0,0
64.300,0,1,0.0,5.0,0
64.300,0,1,0.0,5.0,0
64.300,0,1,0.0,5.0,0
64.300,0,1,0.0,5.0,0
64.300,0,1,0.0,5.0,0
64.300,0,1,0.0,5.0,0
64.400,0,1,0.0,5.0,0
64.400,0,1,0.0,5.0,0
64.400,0,1,0.0,5.0,0
64.400,0,1,0.0,5.0,0
64.400,0,1,0.0,5.0,0
64.400,0,1,0.0,5.0,0
64.400,0,1,0.0,5.0,0
64.400,0,1,0.0,5.0,0
64.400,0,1,0.0,5.0,0
64.400,0,1,0.0,5.0,0
64.500,0,1,0.0,5.0,0
64.500,0,1,0.0,5.0,0
64.500,0,1,0.0,5.0,0
64.500,0,1,0.0,5.0,0
64.500,0,1,0.0,5.0,0
64.500,0,1,0.0,5.0,0
64.500,0,1,0.0,5.0,0
64.500,0,1,0.0,5.0,0
64.500,0,1,0.0,5.0,0
64.500,0,1,0.0,5.0,0
64.600,0,1,0.0,5.0,0
64.600,0,1,0.0,5.0,0
64.600,0,1,0.0,5.0,0
64.600,0,1,0.0,5.0,0
64.600,0,1,0.0,5.0,0
64.600,0,1,0.0,5.0,0
64.600,0,1,0.0,5.0,0
64.600,0,1,0.0,5.0,0
64.600,0,1,0.0,5.0,0
64.600,0,1,0.0,5.0,0
64.600,0,1,0.0,5.0,0
64.700,0,1,0.0,5.0,0
64.700,0,1,0.0,5.0,0
64.700,0,1,0.0,5.0,0
64.700,0,1,0.0,5.0,0
64.700,0,1,0.0,5.0,0
64.700,0,1,0.0,5.0,0
64.700,0,1,0.0,5.0,0
64.700,0,1,0.0,5.0,0
64.700,0,1,0.0,5.0,0
64.700,0,1,0.0,5.0,0
64.800,0,1,0.0,5.0,0
64.800,0,1,0.0,5.0,0
64.800,0,1,0.0,5.0,0
64.800,0,1,0.0,5.0,0
64.800,0,1,0.0,5.0,0
64.800,0,1,0.0,5.0,0
64.800,0,1,0.0,5.0,0
64.800,0,1,0.0,5.0,0
64.800,0,1,0.0,5.0,0
64.800,0,1,0.0,5.0,0
64.800,0,1,0.0,5.0,0
64.900,0,1,0.0,5.0,0
64.900,0,1,0.0,5.0,0
64.900,0,1,0.0,5.0,0
64.900,0,1,0.0,5.0,0
64.900,0,1,0.0,5.0,0
64.900,0,1,0.0,5.0,0
64.900,0,1,0.0,5.0,0
64.900,0,1,0.0,5.0,0
64.900,0,1,0.0,5.0,0
64.900,0,1,0.0,5.0,0
65.000,0,1,0.0,5.0,0
65.000,0,1,0.0,5.0,0
65.000,0,1,0.0,5.0,0
65.000,0,1,0.0,5.0,0
65.000,0,1,0.0,5.0,0
65.000,0,1,0.0,5.0,0
65.000,0,1,0.0,5.0,0
65.000,0,1,0.0,5.0,0
65.000,0,1,0.0,5.0,0
65.000,0,1,0.0,5.0,0
65.000,0,1,0.0,5.0,0
65.100,0,1,0.0,5.0,0
65.100,0,1,0.0,5.0,0
65.100,0,1,0.0,5.0,0
65.100,0,1,0.0,5.0,0
65.100,0,1,0.0,5.0,0
65.100,0,1,0.0,5.0,0
65.100,0,1,0.0,5.0,0
65.100,0,1,0.0,5.0,0
65.100,0,1,0.0,5.0,0
65.100,0,1,0.0,5.0,0
65.200,0,1,0.0,5.0,0
65.200,0,1,0.0,5.0,0
65.200,0,1,0.0,5.0,0
65.200,0,1,0.0,5.0,0
65.200,0,1,0.0,5.0,0
65.200,0,1,0.0,5.0,0
65.200,0,1,0.0,5.0,0
65.200,0,1,0.0,5.0,0
65.200,0,1,0.0,5.0,0
65.200,0,1,0.0,5.0,0
65.300,0,1,0.0,5.0,0
65.300,0,1,0.0,5.0,0
65.300,0,1,0.0,5.0,0
65.300,0,1,0.0,5.0,0
65.300,0,1,0.0,5.0,0
65.300,0,1,0.0,5.0,0
65.300,0,1,0.0,5.0,0
65.300,0,1,0.0,5.0,0
65.300,0,1,0.0,5.0,0
65.300,0,1,0.0,5.0,0
65.300,0,1,0.0,5.0,0
65.400,0,1,0.0,5.0,0
65.400,0,1,0.0,5.0,0
65.400,0,1,0.0,5.0,0
65.400,0,1,0.0,5.0,0
65.400,0,1,0.0,5.0,0
65.400,0,1,0.0,5.0,0
65.400,0,1,0.0,5.0,0
65.400,0,1,0.0,5.0,0
65.400,0,1,0.0,5.0,0
65.400,0,1,0.0,5.0,0
65.500,0,1,0.0,5.0,0
65.500,0,1,0.0,5.0,0
65.500,0,1,0.0,5.0,0
65.500,0,1,0.0,5.0,0
65.500,0,1,0.0,5.0,0
65.500,0,1,0.0,5.0,0
65.500,0,1,0.0,5.0,0
65.500,0,1,0.0,5.0,0
65.500,0,1,0.0,5.0,0
65.500,0,1,0.0,5.0,0
65.500,0,1,0.0,5.0,0
65.600,0,1,0.0,5.0,0
65.600,0,1,0.0,5.0,0
65.600,0,1,0.0,5.0,0
65.600,0,1,0.0,5.0,0
65.600,0,1,0.0,5.0,0
65.600,0,1,0.0,5.0,0
65.600,0,1,0.0,5.0,0
65.600,0,1,0.0,5.0,0
65.600,0,1,0.0,5.0,0
65.600,0,1,0.0,5.0,0
65.700,0,1,0.0,5.0,0
65.700,0,1,0.0,5.0,0
65.700,0,1,0.0,5.0,0
65.700,0,1,0.0,5.0,0
65.700,0,1,0.0,5.0,0
65.700,0,1,0.0,5.0,0
65.700,0,1,0.0,5.0,0
65.700,0,1,0.0,5.0,0
65.700,0,1,0.0,5.0,0
65.700,0,1,0.0,5.0,0
65.700,0,1,0.0,5.0,0
65.800,0,1,0.0,5.0,0
65.800,0,1,0.0,5.0,0
65.800,0,1,0.0,5.0,0
65.800,0,1,0.0,5.0,0
65.800,0,1,0.0,5.0,0
65.800,0,1,0.0,5.0,0
65.800,0,1,0.0,5.0,0
65.800,0,1,0.0,5.0,0
65.800,0,1,0.0,5.0,0
65.800,0,1,0.0,5.0,0
65.900,0,1,0.0,5.0,0
65.900,0,1,0.0,5.0,0
65.900,0,1,0.0,5.0,0
65.900,0,1,0.0,5.0,0
65.900,0,1,0.0,5.0,0
65.900,0,1,0.0,5.0,0
65.900,0,1,0.0,5.0,0
65.900,0,1,0.0,5.0,0
65.900,0,1,0.0,5.0,0
65.900,0,1,0.0,5.0,0
65.900,0,1,0.0,5.0,0
66.000,0,1,0.0,5.0,0
66.000,0,1,0.0,5.0,0
66.000,0,1,0.0,5.0,0
66.000,0,1,0.0,5.0,0
66.000,0,1,0.0,5.0,0
66.000,0,1,0.0,5.0,0
66.000,0,1,0.0,5.0,0
66.000,0,1,0.0,5.0,0
66.000,0,1,0.0,5.0,0
66.000,0,1,0.0,5.0,0
66.100,0,1,0.0,5.0,0
66.100,0,1,0.0,5.0,0
66.100,0,1,0.0,5.0,0
66.100,0,1,0.0,5.0,0
66.100,0,1,0.0,5.0,0
66.100,0,1,0.0,5.0,0
66.100,0,1,0.0,5.0,0
66.100,0,1,0.0,5.0,0
66.100,0,1,0.0,5.0,0
66.100,0,1,0.0,5.0,0
66.200,0,1,0.0,5.0,0
66.200,0,1,0.0,5.0,0
66.200,0,1,0.0,5.0,0
66.200,0,1,0.0,5.0,0
66.200,0,1,0.0,5.0,0
66.200,0,1,0.0,5.0,0
66.200,0,1,0.0,5.0,0
66.200,0,1,0.0,5.0,0
66.200,0,1,0.0,5.0,0
66.200,0,1,0.0,5.0,0
66.200,0,1,0.0,5.0,0
66.300,0,1,0.0,5.0,0
66.300,0,1,0.0,5.0,0
66.300,0,1,0.0,5.0,0
66.300,0,1,0.0,5.0,0
66.300,0,1,0.0,5.0,0
66.300,0,1,0.0,5.0,0
66.300,0,1,0.0,5.0,0
66.300,0,1,0.0,5.0,0
66.300,0,1,0.0,5.0,0
66.300,0,1,0.0,5.0,0
66.400,0,1,0.0,5.0,0
66.400,0,1,0.0,5.0,0
66.400,0,1,0.0,5.0,0
66.400,0,1,0.0,5.0,0
66.400,0,1,0.0,5.0,0
66.400,0,1,0.0,5.0,0
66.400,0,1,0.0,5.0,0
66.400,0,1,0.0,5.0,0
66.400,0,1,0.0,5.0,0
66.400,0,1,0.0,5.0,0
66.400,0,1,0.0,5.0,0
66.500,0,1,0.0,5.0,0
66.500,0,1,0.0,5.0,0
66.500,0,1,0.0,5.0,0
66.500,0,1,0.0,5.0,0
66.500,0,1,0.0,5.0,0
66.500,0,1,0.0,5.0,0
66.500,0,1,0.0,5.0,0
66.500,0,1,0.0,5.0,0
66.500,0,1,0.0,5.0,0
66.500,0,1,0.0,5.0,0
66.600,0,1,0.0,5.0,0
66.600,0,1,0.0,5.0,0
66.600,0,1,0.0,5.0,0
66.600,0,1,0.0,5.0,0
66.600,0,1,0.0,5.0,0
66.600,0,1,0.0,5.0,0
66.600,0,1,0.0,5.0,0
66.600,0,1,0.0,5.0,0
66.600,0,1,0.0,5.0,0
66.600,0,1,0.0,5.0,0
66.600,0,1,0.0,5.0,0
66.700,0,1,0.0,5.0,0
66.700,0,1,0.0,5.0,0
66.700,0,1,0.0,5.0,0
66.700,0,1,0.0,5.0,0
66.700,0,1,0.0,5.0,0
66.700,0,1,0.0,5.0,0
66.700,0,1,0.0,5.0,0
66.700,0,1,0.0,5.0,0
66.700,0,1,0.0,5.0,0
66.700,0,1,0.0,5.0,0
66.800,0,1,0.0,5.0,0
66.800,0,1,0.0,5.0,0
66.800,0,1,0.0,5.0,0
66.800,0,1,0.0,5.0,0
66.800,0,1,0.0,5.0,0
66.800,0,1,0.0,5.0,0
66.800,0,1,0.0,5.0,0
66.800,0,1,0.0,5.0,0
66.800,0,1,0.0,5.0,0
66.800,0,1,0.0,5.0,0
66.900,0,1,0.0,5.0,0
66.900,0,1,0.0,5.0,0
66.900,0,1,0.0,5.0,0
66.900,0,1,0.0,5.0,0
66.900,0,1,0.0,5.0,0
66.900,0,1,0.0,5.0,0
66.900,0,1,0.0,5.0,0
66.900,0,1,0.0,5.0,0
66.900,0,1,0.0,5.0,0
66.900,0,1,0.0,5.0,0
66.900,0,1,0.0,5.0,0
67.000,0,1,0.0,5.0,0
67.000,0,1,0.0,5.0,0
67.000,0,1,0.0,5.0,0
67.000,0,1,0.0,5.0,0
67.000,0,1,0.0,5.0,0
67.000,0,1,0.0,5.0,0
67.000,0,1,0.0,5.0,0
67.000,0,1,0.0,5.0,0
67.000,0,1,0.0,5.0,0
67.000,0,1,0.0,5.0,0
67.100,0,1,0.0,5.0,0
67.100,0,1,0.0,5.0,0
67.100,0,1,0.0,5.0,0
67.100,0,1,0.0,5.0,0
67.100,0,1,0.0,5.0,0
67.100,0,1,0.0,5.0,0
67.100,0,1,0.0,5.0,0
67.100,0,1,0.0,5.0,0
67.100,0,1,0.0,5.0,0
67.100,0,1,0.0,5.0,0
67.100,0,1,0.0,5.0,0
67.200,0,0,0.0,0.0,0
67.200,0,0,0.0,0.0,0
67.200,0,0,0.0,0.0,0
67.200,0,0,0.0,0.0,0
67.200,0,0,0.0,0.0,0
67.200,0,0,0.0,0.0,0
67.200,0,0,0.0,0.0,0
67.200,0,0,0.0,0.0,0
67.200,0,0,0.0,0.0,0
67.200,0,0,0.0,0.0,0
67.300,0,0,0.0,0.0,0
67.300,0,0,0.0,0.0,0
67.300,0,0,0.0,0.0,0
67.300,0,0,0.0,0.0,0
67.300,0,0,0.0,0.0,0
67.300,0,0,0.0,0.0,0
67.300,0,0,0.0,0.0,0
67.300,0,0,0.0,0.0,0
67.300,0,0,0.0,0.0,0
67.300,0,0,0.0,0.0,0
67.300,0,0,0.0,0.0,0
67.400,0,0,0.0,0.0,0
67.400,0,0,0.0,0.0,0
67.400,0,0,0.0,0.0,0
67.400,0,0,0.0,0.0,0
67.400,0,0,0.0,0.0,0
67.400,0,0,0.0,0.0,0
67.400,0,0,0.0,0.0,0
67.400,0,0,0.0,0.0,0
67.400,0,0,0.0,0.0,0
67.400,0,0,0.0,0.0,0
67.500,0,0,0.0,0.0,0
67.500,0,0,0.0,0.0,0
67.500,0,0,0.0,0.0,0
67.500,0,0,0.0,0.0,0
67.500,0,0,0.0,0.0,0
67.500,0,0,0.0,0.0,0
67.500,0,0,0.0,0.0,0
67.500,0,0,0.0,0.0,0
67.500,0,0,0.0,0.0,0
67.500,0,0,0.0,0.0,0
67.600,0,0,0.0,0.0,0
67.600,0,0,0.0,0.0,0
67.600,0,0,0.0,0.0,0
67.600,0,0,0.0,0.0,0
67.600,0,0,0.0,0.0,0
67.600,0,0,0.0,0.0,0
67.600,0,0,0.0,0.0,0
67.600,0,0,0.0,0.0,0
67.600,0,0,0.0,0.0,0
67.600,0,0,0.0,0.0,0
67.600,0,0,0.0,0.0,0
67.700,0,0,0.0,0.0,0
67.700,0,0,0.0,0.0,0
67.700,0,0,0.0,0.0,0
67.700,0,0,0.0,0.0,0
67.700,0,0,0.0,0.0,0
67.700,0,0,0.0,0.0,0
67.700,0,0,0.0,0.0,0
67.700,0,0,0.0,0.0,0
67.700,0,0,0.0,0.0,0
67.700,0,0,0.0,0.0,0
67.800,0,0,0.0,0.0,0
67.800,0,0,0.0,0.0,0
67.800,0,0,0.0,0.0,0
67.800,0,0,0.0,0.0,0
67.800,0,0,0.0,0.0,0
67.800,0,0,0.0,0.0,0
67.800,0,0,0.0,0.0,0
67.800,0,0,0.0,0.0,0
67.800,0,0,0.0,0.0,0
67.800,0,0,0.0,0.0,0
67.800,0,0,0.0,0.0,0
67.900,0,0,0.0,0.0,0
67.900,0,0,0.0,0.0,0
67.900,0,0,0.0,0.0,0
67.900,0,0,0.0,0.0,0
67.900,0,0,0.0,0.0,0
67.900,0,0,0.0,0.0,0
67.900,0,0,0.0,0.0,0
67.900,0,0,0.0,0.0,0
67.900,0,0,0.0,0.0,0
67.900,0,0,0.0,0.0,0
68.000,0,0,0.0,0.0,0
68.000,0,0,0.0,0.0,0
68.000,0,0,0.0,0.0,0
68.000,0,0,0.0,0.0,0
68.000,0,0,0.0,0.0,0
68.000,0,0,0.0,0.0,0
68.000,0,0,0.0,0.0,0
68.000,0,0,0.0,0.0,0
68.000,0,0,0.0,0.0,0
68.000,0,0,0.0,0.0,0
68.000,0,0,0.0,0.0,0
68.100,0,0,0.0,0.0,0
68.100,0,0,0.0,0.0,0
68.100,0,0,0.0,0.0,0
68.100,0,0,0.0,0.0,0
68.100,0,0,0.0,0.0,0
68.100,0,0,0.0,0.0,0
68.100,0,0,0.0,0.0,0
68.100,0,0,0.0,0.0,0
68.100,0,0,0.0,0.0,0
68.100,0,0,0.0,0.0,0
68.200,0,0,0.0,0.0,0
68.200,0,0,0.0,0.0,0
68.200,0,0,0.0,0.0,0
68.200,0,0,0.0,0.0,0
68.200,0,0,0.0,0.0,0
68.200,0,0,0.0,0.0,0
68.200,0,0,0.0,0.0,0
68.200,0,0,0.0,0.0,0
68.200,0,0,0.0,0.0,0
68.200,0,0,0.0,0.0,0
68.200,0,0,0.0,0.0,0
68.300,0,0,0.0,0.0,0
68.300,0,0,0.0,0.0,0
68.300,0,0,0.0,0.0,0
68.300,0,0,0.0,0.0,0
68.300,0,0,0.0,0.0,0
68.300,0,0,0.0,0.0,0
68.300,0,0,0.0,0.0,0
68.300,0,0,0.0,0.0,0
68.300,0,0,0.0,0.0,0
68.300,0,0,0.0,0.0,0
68.400,0,0,0.0,0.0,0
68.400,0,0,0.0,0.0,0
68.400,0,0,0.0,0.0,0
68.400,0,0,0.0,0.0,0
68.400,0,0,0.0,0.0,0
68.400,0,0,0.0,0.0,0
68.400,0,0,0.0,0.0,0
68.400,0,0,0.0,0.0,0
68.400,0,0,0.0,0.0,0
68.400,0,0,0.0,0.0,0
68.500,0,0,0.0,0.0,0
68.500,0,0,0.0,0.0,0
68.500,0,0,0.0,0.0,0
68.500,0,0,0.0,0.0,0
68.500,0,0,0.0,0.0,0
68.500,0,0,0.0,0.0,0
68.500,0,0,0.0,0.0,0
68.500,0,0,0.0,0.0,0
68.500,0,0,0.0,0.0,0
68.500,0,0,0.0,0.0,0
68.500,0,0,0.0,0.0,0
68.600,0,0,0.0,0.0,0
68.600,0,0,0.0,0.0,0
68.600,0,0,0.0,0.0,0
68.600,0,0,0.0,0.0,0
68.600,0,0,0.0,0.0,0
68.600,0,0,0.0,0.0,0
68.600,0,0,0.0,0.0,0
68.600,0,0,0.0,0.0,0
68.600,0,0,0.0,0.0,0
68.600,0,0,0.0,0.0,0
68.700,0,0,0.0,0.0,0
68.700,0,0,0.0,0.0,0
68.700,0,0,0.0,0.0,0
68.700,0,0,0.0,0.0,0
68.700,0,0,0.0,0.0,0
68.700,0,0,0.0,0.0,0
68.700,0,0,0.0,0.0,0
68.700,0,0,0.0,0.0,0
68.700,0,0,0.0,0.0,0
68.700,0,0,0.0,0.0,0
68.700,0,0,0.0,0.0,0
68.800,0,0,0.0,0.0,0
68.800,0,0,0.0,0.0,0
68.800,0,0,0.0,0.0,0
68.800,0,0,0.0,0.0,0
68.800,0,0,0.0,0.0,0
68.800,0,0,0.0,0.0,0
68.800,0,0,0.0,0.0,0
68.800,0,0,0.0,0.0,0
68.800,0,0,0.0,0.0,0
68.800,0,0,0.0,0.0,0
68.900,0,0,0.0,0.0,0
68.900,0,0,0.0,0.0,0
68.900,0,0,0.0,0.0,0
68.900,0,0,0.0,0.0,0
68.900,0,0,0.0,0.0,0
68.900,0,0,0.0,0.0,0
68.900,0,0,0.0,0.0,0
68.900,0,0,0.0,0.0,0
68.900,0,0,0.0,0.0,0
68.900,0,0,0.0,0.0,0
68.900,0,0,0.0,0.0,0
69.000,0,0,0.0,0.0,0
69.000,0,0,0.0,0.0,0
69.000,0,0,0.0,0.0,0
69.000,0,0,0.0,0.0,0
69.000,0,0,0.0,0.0,0
69.000,0,0,0.0,0.0,0
69.000,0,0,0.0,0.0,0
69.000,0,0,0.0,0.0,0
69.000,0,0,0.0,0.0,0
69.000,0,0,0.0,0.0,0
69.100,0,0,0.0,0.0,0
69.100,0,0,0.0,0.0,0
69.100,0,0,0.0,0.0,0
69.100,0,0,0.0,0.0,0
69.100,0,0,0.0,0.0,0
69.100,0,0,0.0,0.0,0
69.100,0,0,0.0,0.0,0
69.100,0,0,0.0,0.0,0
69.100,0,0,0.0,0.0,0
69.100,0,0,0.0,0.0,0
69.200,0,0,0.0,0.0,0
69.200,0,0,0.0,0.0,0
69.200,0,0,0.0,0.0,0
69.200,0,0,0.0,0.0,0
69.200,0,0,0.0,0.0,0
69.200,0,0,0.0,0.0,0
69.200,0,0,0.0,0.0,0
69.200,0,0,0.0,0.0,0
69.200,0,0,0.0,0.0,0
69.200,0,0,0.0,0.0,0
69.200,0,0,0.0,0.0,0
69.300,0,0,0.0,0.0,0
69.300,0,0,0.0,0.0,0
69.300,0,0,0.0,0.0,0
69.300,0,0,0.0,0.0,0
69.300,0,0,0.0,0.0,0
69.300,0,0,0.0,0.0,0
69.300,0,0,0.0,0.0,0
69.300,0,0,0.0,0.0,0
69.300,0,0,0.0,0.0,0
69.300,0,0,0.0,0.0,0
69.400,0,0,0.0,0.0,0
69.400,0,0,0.0,0.0,0
69.400,0,0,0.0,0.0,0
69.400,0,0,0.0,0.0,0
69.400,0,0,0.0,0.0,0
69.400,0,0,0.0,0.0,0
69.400,0,0,0.0,0.0,0
69.400,0,0,0.0,0.0,0
69.400,0,0,0.0,0.0,0
69.400,0,0,0.0,0.0,0
69.400,0,0,0.0,0.0,0
69.500,0,0,0.0,0.0,0
69.500,0,0,0.0,0.0,0
69.500,0,0,0.0,0.0,0
69.500,0,0,0.0,0.0,0
69.500,0,0,0.0,0.0,0
69.500,0,0,0.0,0.0,0
69.500,0,0,0.0,0.0,0
69.500,0,0,0.0,0.0,0
69.500,0,0,0.0,0.0,0
69.500,0,0,0.0,0.0,0
69.600,0,0,0.0,0.0,0
69.600,0,0,0.0,0.0,0
69.600,0,0,0.0,0.0,0
69.600,0,0,0.0,0.0,0
69.600,0,0,0.0,0.0,0
69.600,0,0,0.0,0.0,0
69.600,0,0,0.0,0.0,0
69.600,0,0,0.0,0.0,0
69.600,0,0,0.0,0.0,0
69.600,0,0,0.0,0.0,0
69.600,0,0,0.0,0.0,0
69.700,0,0,0.0,0.0,0
69.700,0,0,0.0,0.0,0
69.700,0,0,0.0,0.0,0
69.700,0,0,0.0,0.0,0
69.700,0,0,0.0,0.0,0
69.700,0,0,0.0,0.0,0
69.700,0,0,0.0,0.0,0
69.700,0,0,0.0,0.0,0
69.700,0,0,0.0,0.0,0
69.700,0,0,0.0,0.0,0
69.800,0,0,0.0,0.0,0
69.800,0,0,0.0,0.0,0
69.800,0,0,0.0,0.0,0
69.800,0,0,0.0,0.0,0
69.800,0,0,0.0,0.0,0
69.800,0,0,0.0,0.0,0
69.800,0,0,0.0,0.0,0
69.800,0,0,0.0,0.0,0
69.800,0,0,0.0,0.0,0
69.800,0,0,0.0,0.0,0
69.900,0,0,0.0,0.0,0
69.900,0,0,0.0,0.0,0
69.900,0,0,0.0,0.0,0
69.900,0,0,0.0,0.0,0
69.900,0,0,0.0,0.0,0
69.900,0,0,0.0,0.0,0
69.900,0,0,0.0,0.0,0
69.900,0,0,0.0,0.0,0
69.900,0,0,0.0,0.0,0
69.900,0,0,0.0,0.0,0
69.900,0,0,0.0,0.0,0
70.000,0,0,0.0,0.0,0
70.000,0,0,0.0,0.0,0
70.000,0,0,0.0,0.0,0
70.000,0,0,0.0,0.0,0
70.000,0,0,0.0,0.0,0
70.000,0,0,0.0,0.0,0
70.000,0,0,0.0,0.0,0
70.000,0,0,0.0,0.0,0
70.000,0,0,0.0,0.0,0
70.000,0,0,0.0,0.0,0
70.100,0,0,0.0,0.0,0
70.100,0,0,0.0,0.0,0
70.100,0,0,0.0,0.0,0
70.100,0,0,0.0,0.0,0
70.100,0,0,0.0,0.0,0
70.100,0,0,0.0,0.0,0
70.100,0,0,0.0,0.0,0
70.100,0,0,0.0,0.0,0
70.100,0,0,0.0,0.0,0
70.100,0,0,0.0,0.0,0
70.100,0,0,0.0,0.0,0
70.200,0,0,0.0,0.0,0
70.200,0,0,0.0,0.0,0
70.200,0,0,0.0,0.0,0
70.200,0,0,0.0,0.0,0
70.200,0,0,0.0,0.0,0
70.200,0,0,0.0,0.0,0
70.200,0,0,0.0,0.0,0
70.200,0,0,0.0,0.0,0
70.200,0,0,0.0,0.0,0
70.200,0,0,0.0,0.0,0
70.300,0,0,0.0,0.0,0
70.300,0,0,0.0,0.0,0
70.300,0,0,0.0,0.0,0
70.300,0,0,0.0,0.0,0
70.300,0,0,0.0,0.0,0
70.300,0,0,0.0,0.0,0
70.300,0,0,0.0,0.0,0
70.300,0,0,0.0,0.0,0
70.300,0,0,0.0,0.0,0
70.300,0,0,0.0,0.0,0
70.300,0,0,0.0,0.0,0
70.400,0,0,0.0,0.0,0
70.400,0,0,0.0,0.0,0
70.400,0,0,0.0,0.0,0
70.400,0,0,0.0,0.0,0
70.400,0,0,0.0,0.0,0
70.400,0,0,0.0,0.0,0
70.400,0,0,0.0,0.0,0
70.400,0,0,0.0,0.0,0
70.400,0,0,0.0,0.0,0
70.400,0,0,0.0,0.0,0
70.500,0,0,0.0,0.0,0
70.500,0,0,0.0,0.0,0
70.500,0,0,0.0,0.0,0
70.500,0,0,0.0,0.0,0
70.500,0,0,0.0,0.0,0
70.500,0,0,0.0,0.0,0
70.500,0,0,0.0,0.0,0
70.500,0,0,0.0,0.0,0
70.500,0,0,0.0,0.0,0
70.500,0,0,0.0,0.0,0
70.500,0,0,0.0,0.0,0
