<?xml version="1.0" encoding="UTF-8"?>
<gpx version="1.1" creator="AutoDNA" xmlns="http://www.topografix.com/GPX/1/1">
  <trk><name>2026-05-28 17-06-54</name><trkseg>
    <trkpt lat="46.4048572" lon="15.0192348">
      <ele>0</ele>
      <time>2068-10-11T13:01:24Z</time>
    </trkpt>
    <trkpt lat="46.4048696" lon="15.0192004">
      <ele>476.91375732421875</ele>
      <time>2068-10-12T12:05:49Z</time>
    </trkpt>
    <trkpt lat="46.4048791" lon="15.0192032">
      <ele>476.021484375</ele>
      <time>2068-10-13T12:13:59Z</time>
    </trkpt>
    <trkpt lat="46.4048794" lon="15.0192094">
      <ele>471.5791015625</ele>
      <time>2068-10-14T12:32:48Z</time>
    </trkpt>
    <trkpt lat="46.4048789" lon="15.0192289">
      <ele>470.556884765625</ele>
      <time>2068-10-15T12:23:59Z</time>
    </trkpt>
    <trkpt lat="46.404883" lon="15.0192326">
      <ele>467.073486328125</ele>
      <time>2068-10-16T12:29:41Z</time>
    </trkpt>
    <trkpt lat="46.4048959" lon="15.0192267">
      <ele>467.1004638671875</ele>
      <time>2068-10-17T12:30:14Z</time>
    </trkpt>
    <trkpt lat="46.4049014" lon="15.019229">
      <ele>465.3199462890625</ele>
      <time>2068-10-18T12:05:23Z</time>
    </trkpt>
    <trkpt lat="46.4049031" lon="15.019232">
      <ele>462.9296875</ele>
      <time>2068-10-19T12:10:19Z</time>
    </trkpt>
    <trkpt lat="46.4049053" lon="15.0192323">
      <ele>463.89886474609375</ele>
      <time>2068-10-20T12:35:45Z</time>
    </trkpt>
    <trkpt lat="46.4049069" lon="15.019234">
      <ele>463.655029296875</ele>
      <time>2068-10-21T12:28:31Z</time>
    </trkpt>
    <trkpt lat="46.4049071" lon="15.0192341">
      <ele>463.17340087890625</ele>
      <time>2068-10-22T07:50:07Z</time>
    </trkpt>
    <trkpt lat="46.4049089" lon="15.0192363">
      <ele>463.17340087890625</ele>
      <time>2068-10-23T12:40:25Z</time>
    </trkpt>
    <trkpt lat="46.4049103" lon="15.0192374">
      <ele>464.40081787109375</ele>
      <time>2068-10-24T12:07:48Z</time>
    </trkpt>
    <trkpt lat="46.4049115" lon="15.0192388">
      <ele>463.7708740234375</ele>
      <time>2068-10-25T12:51:11Z</time>
    </trkpt>
    <trkpt lat="46.4049124" lon="15.0192404">
      <ele>463.650146484375</ele>
      <time>2068-10-26T12:25:31Z</time>
    </trkpt>
    <trkpt lat="46.404913" lon="15.0192413">
      <ele>463.655517578125</ele>
      <time>2068-10-27T12:35:33Z</time>
    </trkpt>
    <trkpt lat="46.4049136" lon="15.0192423">
      <ele>463.656005859375</ele>
      <time>2068-10-28T12:43:21Z</time>
    </trkpt>
    <trkpt lat="46.4049137" lon="15.0192422">
      <ele>463.651123046875</ele>
      <time>2068-10-29T11:27:56Z</time>
    </trkpt>
    <trkpt lat="46.4049147" lon="15.019244">
      <ele>463.651123046875</ele>
      <time>2068-10-30T12:09:45Z</time>
    </trkpt>
    <trkpt lat="46.404915" lon="15.0192446">
      <ele>463.4136962890625</ele>
      <time>2068-10-31T12:21:39Z</time>
    </trkpt>
    <trkpt lat="46.4049151" lon="15.019245">
      <ele>463.4168701171875</ele>
      <time>2068-11-01T12:30:36Z</time>
    </trkpt>
    <trkpt lat="46.4049155" lon="15.0192452">
      <ele>463.421630859375</ele>
      <time>2068-11-02T12:36:48Z</time>
    </trkpt>
    <trkpt lat="46.4049159" lon="15.0192457">
      <ele>463.42236328125</ele>
      <time>2068-11-03T12:33:51Z</time>
    </trkpt>
    <trkpt lat="46.4049221" lon="15.019247">
      <ele>463.4306640625</ele>
      <time>2068-11-04T12:27:38Z</time>
    </trkpt>
    <trkpt lat="46.4049217" lon="15.019246">
      <ele>463.61566162109375</ele>
      <time>2068-11-04T12:27:38Z</time>
    </trkpt>
    <trkpt lat="46.4049214" lon="15.019246">
      <ele>463.62750244140625</ele>
      <time>2068-11-04T12:27:38Z</time>
    </trkpt>
    <trkpt lat="46.4049214" lon="15.0192461">
      <ele>463.628173828125</ele>
      <time>2068-11-04T12:27:38Z</time>
    </trkpt>
    <trkpt lat="46.4049217" lon="15.0192482">
      <ele>463.628173828125</ele>
      <time>2068-11-08T12:23:16Z</time>
    </trkpt>
    <trkpt lat="46.4049217" lon="15.0192483">
      <ele>463.24993896484375</ele>
      <time>2068-11-09T12:30:56Z</time>
    </trkpt>
    <trkpt lat="46.4049218" lon="15.0192484">
      <ele>463.242919921875</ele>
      <time>2068-11-10T12:27:42Z</time>
    </trkpt>
    <trkpt lat="46.4049223" lon="15.0192492">
      <ele>463.2919921875</ele>
      <time>2068-11-10T12:27:42Z</time>
    </trkpt>
    <trkpt lat="46.4049228" lon="15.0192498">
      <ele>463.2919921875</ele>
      <time>2068-11-12T12:21:03Z</time>
    </trkpt>
    <trkpt lat="46.4049044" lon="15.0192583">
      <ele>463.2489013671875</ele>
      <time>2068-11-12T12:21:03Z</time>
    </trkpt>
    <trkpt lat="46.4048516" lon="15.0192527">
      <ele>463.566650390625</ele>
      <time>2068-11-12T12:21:03Z</time>
    </trkpt>
    <trkpt lat="46.4048215" lon="15.0192766">
      <ele>463.8671875</ele>
      <time>2068-11-12T12:21:03Z</time>
    </trkpt>
    <trkpt lat="46.4047915" lon="15.019292">
      <ele>463.0228271484375</ele>
      <time>2068-11-12T12:21:03Z</time>
    </trkpt>
    <trkpt lat="46.4047359" lon="15.0192997">
      <ele>463.3251953125</ele>
      <time>2068-11-12T12:21:03Z</time>
    </trkpt>
    <trkpt lat="46.4046591" lon="15.0192947">
      <ele>463.009033203125</ele>
      <time>2068-11-12T12:21:03Z</time>
    </trkpt>
    <trkpt lat="46.4045948" lon="15.0192981">
      <ele>463.025390625</ele>
      <time>2068-11-12T12:21:03Z</time>
    </trkpt>
    <trkpt lat="46.4045254" lon="15.0193454">
      <ele>464.0123291015625</ele>
      <time>2068-11-12T12:21:03Z</time>
    </trkpt>
    <trkpt lat="46.4044806" lon="15.0193789">
      <ele>463.478759765625</ele>
      <time>2068-11-12T12:21:03Z</time>
    </trkpt>
    <trkpt lat="46.404408" lon="15.0194602">
      <ele>464.0767822265625</ele>
      <time>2068-11-12T12:21:03Z</time>
    </trkpt>
    <trkpt lat="46.4044048" lon="15.0194884">
      <ele>464.9071044921875</ele>
      <time>2068-11-12T12:21:03Z</time>
    </trkpt>
    <trkpt lat="46.4043841" lon="15.0195156">
      <ele>463.3353271484375</ele>
      <time>2068-11-12T12:21:03Z</time>
    </trkpt>
    <trkpt lat="46.404351" lon="15.0196575">
      <ele>463.8153076171875</ele>
      <time>2068-11-12T12:21:03Z</time>
    </trkpt>
    <trkpt lat="46.4043282" lon="15.0197795">
      <ele>463.13250732421875</ele>
      <time>2068-11-12T12:21:03Z</time>
    </trkpt>
    <trkpt lat="46.4043372" lon="15.0198565">
      <ele>462.240966796875</ele>
      <time>2068-11-12T12:21:03Z</time>
    </trkpt>
    <trkpt lat="46.4043605" lon="15.0199464">
      <ele>462.64111328125</ele>
      <time>2068-11-12T12:21:03Z</time>
    </trkpt>
    <trkpt lat="46.4043908" lon="15.0200205">
      <ele>464.0137939453125</ele>
      <time>2068-11-12T12:21:03Z</time>
    </trkpt>
    <trkpt lat="46.4044297" lon="15.0200752">
      <ele>462.87823486328125</ele>
      <time>2068-11-12T12:21:03Z</time>
    </trkpt>
    <trkpt lat="46.4044736" lon="15.0201822">
      <ele>462.87841796875</ele>
      <time>2068-11-12T12:21:03Z</time>
    </trkpt>
    <trkpt lat="46.4045471" lon="15.0202592">
      <ele>461.8690185546875</ele>
      <time>2068-11-12T12:21:03Z</time>
    </trkpt>
    <trkpt lat="46.4045618" lon="15.02035">
      <ele>459.7767333984375</ele>
      <time>2068-11-12T12:21:03Z</time>
    </trkpt>
    <trkpt lat="46.4045472" lon="15.0204944">
      <ele>457.613037109375</ele>
      <time>2068-11-12T12:21:03Z</time>
    </trkpt>
    <trkpt lat="46.4045804" lon="15.0205825">
      <ele>457.4288330078125</ele>
      <time>2068-11-12T12:21:03Z</time>
    </trkpt>
    <trkpt lat="46.4046355" lon="15.0206969">
      <ele>457.4298095703125</ele>
      <time>2068-11-12T12:21:03Z</time>
    </trkpt>
    <trkpt lat="46.4046375" lon="15.0208168">
      <ele>456.359130859375</ele>
      <time>2068-11-12T12:21:03Z</time>
    </trkpt>
    <trkpt lat="46.4046428" lon="15.0208898">
      <ele>456.3262939453125</ele>
      <time>2068-11-12T12:21:03Z</time>
    </trkpt>
    <trkpt lat="46.4046292" lon="15.020946">
      <ele>455.2528076171875</ele>
      <time>2068-11-12T12:21:03Z</time>
    </trkpt>
    <trkpt lat="46.4045707" lon="15.0209264">
      <ele>454.1796875</ele>
      <time>2068-11-12T12:21:03Z</time>
    </trkpt>
    <trkpt lat="46.404507" lon="15.0209662">
      <ele>452.96044921875</ele>
      <time>2068-11-12T12:21:03Z</time>
    </trkpt>
    <trkpt lat="46.4044278" lon="15.0210145">
      <ele>451.876708984375</ele>
      <time>2068-11-12T12:21:03Z</time>
    </trkpt>
    <trkpt lat="46.4043475" lon="15.0210923">
      <ele>452.6798095703125</ele>
      <time>2068-11-12T12:21:03Z</time>
    </trkpt>
    <trkpt lat="46.4042383" lon="15.021152">
      <ele>453.127685546875</ele>
      <time>2068-11-12T12:21:03Z</time>
    </trkpt>
    <trkpt lat="46.40413" lon="15.0211931">
      <ele>453.45123291015625</ele>
      <time>2068-11-12T12:21:03Z</time>
    </trkpt>
    <trkpt lat="46.404031" lon="15.0211884">
      <ele>453.9591064453125</ele>
      <time>2068-11-12T12:21:03Z</time>
    </trkpt>
    <trkpt lat="46.4039726" lon="15.0211017">
      <ele>452.597900390625</ele>
      <time>2068-11-12T12:21:03Z</time>
    </trkpt>
    <trkpt lat="46.4039204" lon="15.0210196">
      <ele>450.1573486328125</ele>
      <time>2068-11-12T12:21:03Z</time>
    </trkpt>
    <trkpt lat="46.4038555" lon="15.0209142">
      <ele>447.92218017578125</ele>
      <time>2068-11-12T12:21:03Z</time>
    </trkpt>
    <trkpt lat="46.4038139" lon="15.0208978">
      <ele>444.80328369140625</ele>
      <time>2068-11-12T12:21:03Z</time>
    </trkpt>
    <trkpt lat="46.403789" lon="15.0208201">
      <ele>444.0782470703125</ele>
      <time>2068-11-12T12:21:03Z</time>
    </trkpt>
    <trkpt lat="46.4037597" lon="15.020783">
      <ele>443.23150634765625</ele>
      <time>2068-11-12T12:21:03Z</time>
    </trkpt>
    <trkpt lat="46.4037208" lon="15.0207605">
      <ele>444.2550048828125</ele>
      <time>2068-11-12T12:21:03Z</time>
    </trkpt>
    <trkpt lat="46.4036574" lon="15.020734">
      <ele>443.78900146484375</ele>
      <time>2068-11-12T12:21:03Z</time>
    </trkpt>
    <trkpt lat="46.4035838" lon="15.0206831">
      <ele>444.469970703125</ele>
      <time>2068-11-12T12:21:03Z</time>
    </trkpt>
    <trkpt lat="46.403519" lon="15.0206322">
      <ele>442.901123046875</ele>
      <time>2068-11-12T12:21:03Z</time>
    </trkpt>
    <trkpt lat="46.4034372" lon="15.0204098">
      <ele>442.47003173828125</ele>
      <time>2068-11-12T12:21:03Z</time>
    </trkpt>
    <trkpt lat="46.403344" lon="15.0202933">
      <ele>443.63079833984375</ele>
      <time>2068-11-12T12:21:03Z</time>
    </trkpt>
    <trkpt lat="46.4032361" lon="15.020232">
      <ele>443.86181640625</ele>
      <time>2068-11-12T12:21:03Z</time>
    </trkpt>
    <trkpt lat="46.4031382" lon="15.0201455">
      <ele>443.6812744140625</ele>
      <time>2068-11-12T12:21:03Z</time>
    </trkpt>
    <trkpt lat="46.4030573" lon="15.0200849">
      <ele>442.32525634765625</ele>
      <time>2068-11-12T12:21:03Z</time>
    </trkpt>
    <trkpt lat="46.4030061" lon="15.0199699">
      <ele>442.53240966796875</ele>
      <time>2068-11-12T12:21:03Z</time>
    </trkpt>
    <trkpt lat="46.402982" lon="15.0197936">
      <ele>441.02783203125</ele>
      <time>2068-11-12T12:21:03Z</time>
    </trkpt>
    <trkpt lat="46.4029548" lon="15.0196258">
      <ele>437.26220703125</ele>
      <time>2068-11-12T12:21:03Z</time>
    </trkpt>
    <trkpt lat="46.4029096" lon="15.0195572">
      <ele>436.09527587890625</ele>
      <time>2068-11-12T12:21:03Z</time>
    </trkpt>
    <trkpt lat="46.4028582" lon="15.0194829">
      <ele>435.79010009765625</ele>
      <time>2068-11-12T12:21:03Z</time>
    </trkpt>
    <trkpt lat="46.4028374" lon="15.0193907">
      <ele>435.39617919921875</ele>
      <time>2068-11-12T12:21:03Z</time>
    </trkpt>
    <trkpt lat="46.4028159" lon="15.0193181">
      <ele>435.39617919921875</ele>
      <time>2069-01-07T12:17:28Z</time>
    </trkpt>
    <trkpt lat="46.4028043" lon="15.019285">
      <ele>433.70404052734375</ele>
      <time>2069-01-07T12:17:28Z</time>
    </trkpt>
    <trkpt lat="46.4027925" lon="15.0192515">
      <ele>434.4083251953125</ele>
      <time>2069-01-07T12:17:28Z</time>
    </trkpt>
    <trkpt lat="46.4027824" lon="15.0192417">
      <ele>434.2996826171875</ele>
      <time>2069-01-07T12:17:28Z</time>
    </trkpt>
    <trkpt lat="46.4027745" lon="15.0192321">
      <ele>434.256103515625</ele>
      <time>2069-01-07T12:17:28Z</time>
    </trkpt>
    <trkpt lat="46.4027687" lon="15.0192136">
      <ele>434.256103515625</ele>
      <time>2069-01-12T12:07:36Z</time>
    </trkpt>
    <trkpt lat="46.4027602" lon="15.0191898">
      <ele>435.17291259765625</ele>
      <time>2069-01-12T12:07:36Z</time>
    </trkpt>
    <trkpt lat="46.4027485" lon="15.0191677">
      <ele>434.9024658203125</ele>
      <time>2069-01-12T12:07:36Z</time>
    </trkpt>
    <trkpt lat="46.4027319" lon="15.0191506">
      <ele>434.1309814453125</ele>
      <time>2069-01-12T12:07:36Z</time>
    </trkpt>
    <trkpt lat="46.4027036" lon="15.0191662">
      <ele>434.27349853515625</ele>
      <time>2069-01-12T12:07:36Z</time>
    </trkpt>
    <trkpt lat="46.4026738" lon="15.0191893">
      <ele>434.16583251953125</ele>
      <time>2069-01-12T12:07:36Z</time>
    </trkpt>
    <trkpt lat="46.4026103" lon="15.0192274">
      <ele>432.63946533203125</ele>
      <time>2069-01-12T12:07:36Z</time>
    </trkpt>
    <trkpt lat="46.4025476" lon="15.0192797">
      <ele>432.1348876953125</ele>
      <time>2069-01-12T12:07:36Z</time>
    </trkpt>
    <trkpt lat="46.4024774" lon="15.0193268">
      <ele>430.60552978515625</ele>
      <time>2069-01-12T12:07:36Z</time>
    </trkpt>
    <trkpt lat="46.4024019" lon="15.0193883">
      <ele>430.7493896484375</ele>
      <time>2069-01-12T12:07:36Z</time>
    </trkpt>
    <trkpt lat="46.4023304" lon="15.0194552">
      <ele>431.246826171875</ele>
      <time>2069-01-12T12:07:36Z</time>
    </trkpt>
    <trkpt lat="46.4022408" lon="15.0195193">
      <ele>431.454833984375</ele>
      <time>2069-01-12T12:07:36Z</time>
    </trkpt>
    <trkpt lat="46.4021526" lon="15.0196179">
      <ele>431.32012939453125</ele>
      <time>2069-01-12T12:07:36Z</time>
    </trkpt>
    <trkpt lat="46.402073" lon="15.0196976">
      <ele>430.62506103515625</ele>
      <time>2069-01-12T12:07:36Z</time>
    </trkpt>
    <trkpt lat="46.4019916" lon="15.019784">
      <ele>430.177978515625</ele>
      <time>2069-01-12T12:07:36Z</time>
    </trkpt>
    <trkpt lat="46.4019144" lon="15.0198468">
      <ele>428.049560546875</ele>
      <time>2069-01-12T12:07:36Z</time>
    </trkpt>
    <trkpt lat="46.4018284" lon="15.0198967">
      <ele>428.3668212890625</ele>
      <time>2069-01-12T12:07:36Z</time>
    </trkpt>
    <trkpt lat="46.4017518" lon="15.0200062">
      <ele>426.9349365234375</ele>
      <time>2069-01-12T12:07:36Z</time>
    </trkpt>
    <trkpt lat="46.4016776" lon="15.0200497">
      <ele>427.0015869140625</ele>
      <time>2069-01-12T12:07:36Z</time>
    </trkpt>
    <trkpt lat="46.4016057" lon="15.0201101">
      <ele>426.812744140625</ele>
      <time>2069-01-12T12:07:36Z</time>
    </trkpt>
    <trkpt lat="46.4015212" lon="15.0202032">
      <ele>426.66485595703125</ele>
      <time>2069-01-12T12:07:36Z</time>
    </trkpt>
    <trkpt lat="46.4014296" lon="15.0202628">
      <ele>428.09539794921875</ele>
      <time>2069-01-12T12:07:36Z</time>
    </trkpt>
    <trkpt lat="46.4013471" lon="15.0203453">
      <ele>427.55670166015625</ele>
      <time>2069-01-12T12:07:36Z</time>
    </trkpt>
    <trkpt lat="46.4012502" lon="15.0204424">
      <ele>426.489990234375</ele>
      <time>2069-01-12T12:07:36Z</time>
    </trkpt>
    <trkpt lat="46.4011662" lon="15.0205493">
      <ele>426.7490234375</ele>
      <time>2069-01-12T12:07:36Z</time>
    </trkpt>
    <trkpt lat="46.4010799" lon="15.020654">
      <ele>426.82275390625</ele>
      <time>2069-01-12T12:07:36Z</time>
    </trkpt>
    <trkpt lat="46.4009846" lon="15.020782">
      <ele>426.82275390625</ele>
      <time>2069-02-07T12:24:53Z</time>
    </trkpt>
    <trkpt lat="46.400908" lon="15.0208689">
      <ele>428.02471923828125</ele>
      <time>2069-02-07T12:24:53Z</time>
    </trkpt>
    <trkpt lat="46.4008373" lon="15.020959">
      <ele>428.79931640625</ele>
      <time>2069-02-07T12:24:53Z</time>
    </trkpt>
    <trkpt lat="46.4007501" lon="15.0210768">
      <ele>429.555908203125</ele>
      <time>2069-02-07T12:24:53Z</time>
    </trkpt>
    <trkpt lat="46.4006897" lon="15.0211593">
      <ele>428.10986328125</ele>
      <time>2069-02-07T12:24:53Z</time>
    </trkpt>
    <trkpt lat="46.4006182" lon="15.0212643">
      <ele>429.602294921875</ele>
      <time>2069-02-07T12:24:53Z</time>
    </trkpt>
    <trkpt lat="46.4005428" lon="15.0213762">
      <ele>431.3846435546875</ele>
      <time>2069-02-07T12:24:53Z</time>
    </trkpt>
    <trkpt lat="46.400474" lon="15.0214723">
      <ele>431.4912109375</ele>
      <time>2069-02-07T12:24:53Z</time>
    </trkpt>
    <trkpt lat="46.4004057" lon="15.0215698">
      <ele>431.4912109375</ele>
      <time>2069-02-15T12:17:56Z</time>
    </trkpt>
    <trkpt lat="46.4003374" lon="15.0216669">
      <ele>432.1068115234375</ele>
      <time>2069-02-16T12:09:55Z</time>
    </trkpt>
    <trkpt lat="46.4002723" lon="15.0217631">
      <ele>429.84600830078125</ele>
      <time>2069-02-16T12:09:55Z</time>
    </trkpt>
    <trkpt lat="46.4001869" lon="15.0218504">
      <ele>429.84600830078125</ele>
      <time>2069-02-18T12:23:04Z</time>
    </trkpt>
    <trkpt lat="46.4000922" lon="15.0219218">
      <ele>428.8282470703125</ele>
      <time>2069-02-19T12:25:08Z</time>
    </trkpt>
    <trkpt lat="46.4000012" lon="15.0219754">
      <ele>426.10491943359375</ele>
      <time>2069-02-20T12:27:22Z</time>
    </trkpt>
    <trkpt lat="46.3999063" lon="15.0220316">
      <ele>424.27166748046875</ele>
      <time>2069-02-21T12:20:07Z</time>
    </trkpt>
    <trkpt lat="46.3998146" lon="15.0220855">
      <ele>423.5203857421875</ele>
      <time>2069-02-22T12:14:27Z</time>
    </trkpt>
    <trkpt lat="46.3997231" lon="15.0221435">
      <ele>423.447998046875</ele>
      <time>2069-02-23T12:29:12Z</time>
    </trkpt>
    <trkpt lat="46.3996344" lon="15.0222083">
      <ele>422.7476806640625</ele>
      <time>2069-02-23T12:29:12Z</time>
    </trkpt>
    <trkpt lat="46.3995476" lon="15.0222876">
      <ele>423.2315673828125</ele>
      <time>2069-02-23T12:29:12Z</time>
    </trkpt>
    <trkpt lat="46.3994678" lon="15.0223835">
      <ele>423.125</ele>
      <time>2069-02-23T12:29:12Z</time>
    </trkpt>
    <trkpt lat="46.3994031" lon="15.0224802">
      <ele>423.125</ele>
      <time>2069-02-27T12:22:47Z</time>
    </trkpt>
    <trkpt lat="46.3993305" lon="15.0225996">
      <ele>421.5238037109375</ele>
      <time>2069-02-27T12:22:47Z</time>
    </trkpt>
    <trkpt lat="46.3992694" lon="15.0227201">
      <ele>421.5238037109375</ele>
      <time>2069-03-01T12:22:29Z</time>
    </trkpt>
    <trkpt lat="46.3992173" lon="15.0228716">
      <ele>421.5089111328125</ele>
      <time>2069-03-02T12:34:31Z</time>
    </trkpt>
    <trkpt lat="46.399175" lon="15.0230199">
      <ele>420.676025390625</ele>
      <time>2069-03-03T12:32:15Z</time>
    </trkpt>
    <trkpt lat="46.3991367" lon="15.0231805">
      <ele>419.925537109375</ele>
      <time>2069-03-03T12:32:15Z</time>
    </trkpt>
    <trkpt lat="46.3990938" lon="15.023353">
      <ele>420.102294921875</ele>
      <time>2069-03-03T12:32:15Z</time>
    </trkpt>
    <trkpt lat="46.3990584" lon="15.0235168">
      <ele>419.0228271484375</ele>
      <time>2069-03-03T12:32:15Z</time>
    </trkpt>
    <trkpt lat="46.3990174" lon="15.023689">
      <ele>419.1849365234375</ele>
      <time>2069-03-03T12:32:15Z</time>
    </trkpt>
    <trkpt lat="46.3989774" lon="15.0238456">
      <ele>418.81060791015625</ele>
      <time>2069-03-03T12:32:15Z</time>
    </trkpt>
    <trkpt lat="46.398933" lon="15.0240217">
      <ele>418.93475341796875</ele>
      <time>2069-03-03T12:32:15Z</time>
    </trkpt>
    <trkpt lat="46.3988941" lon="15.024195">
      <ele>419.46612548828125</ele>
      <time>2069-03-03T12:32:15Z</time>
    </trkpt>
    <trkpt lat="46.3988566" lon="15.0243639">
      <ele>418.568603515625</ele>
      <time>2069-03-03T12:32:15Z</time>
    </trkpt>
    <trkpt lat="46.3988192" lon="15.024537">
      <ele>419.70660400390625</ele>
      <time>2069-03-03T12:32:15Z</time>
    </trkpt>
    <trkpt lat="46.3987826" lon="15.0247003">
      <ele>418.8067626953125</ele>
      <time>2069-03-03T12:32:15Z</time>
    </trkpt>
    <trkpt lat="46.3987354" lon="15.024875">
      <ele>418.921630859375</ele>
      <time>2069-03-03T12:32:15Z</time>
    </trkpt>
    <trkpt lat="46.3987012" lon="15.0250646">
      <ele>418.921630859375</ele>
      <time>2069-03-15T12:32:42Z</time>
    </trkpt>
    <trkpt lat="46.3986674" lon="15.0252381">
      <ele>418.6357421875</ele>
      <time>2069-03-16T12:28:49Z</time>
    </trkpt>
    <trkpt lat="46.3986349" lon="15.0254054">
      <ele>418.408935546875</ele>
      <time>2069-03-17T12:12:32Z</time>
    </trkpt>
    <trkpt lat="46.3986084" lon="15.0255732">
      <ele>418.912841796875</ele>
      <time>2069-03-17T12:12:32Z</time>
    </trkpt>
    <trkpt lat="46.398587" lon="15.0257343">
      <ele>418.912841796875</ele>
      <time>2069-03-19T12:39:10Z</time>
    </trkpt>
    <trkpt lat="46.3985574" lon="15.0259046">
      <ele>419.4442138671875</ele>
      <time>2069-03-20T12:24:35Z</time>
    </trkpt>
    <trkpt lat="46.3985256" lon="15.0260761">
      <ele>419.0859375</ele>
      <time>2069-03-21T12:28:21Z</time>
    </trkpt>
    <trkpt lat="46.3984949" lon="15.0262406">
      <ele>417.88726806640625</ele>
      <time>2069-03-21T12:28:21Z</time>
    </trkpt>
    <trkpt lat="46.3984436" lon="15.0264063">
      <ele>417.88726806640625</ele>
      <time>2069-03-23T12:11:54Z</time>
    </trkpt>
    <trkpt lat="46.3983942" lon="15.0265637">
      <ele>417.37158203125</ele>
      <time>2069-03-24T12:13:49Z</time>
    </trkpt>
    <trkpt lat="46.3983358" lon="15.0267197">
      <ele>416.20111083984375</ele>
      <time>2069-03-25T12:33:49Z</time>
    </trkpt>
    <trkpt lat="46.3982778" lon="15.0268843">
      <ele>417.28985595703125</ele>
      <time>2069-03-26T12:31:07Z</time>
    </trkpt>
    <trkpt lat="46.398211" lon="15.0270521">
      <ele>417.6646728515625</ele>
      <time>2069-03-27T12:24:47Z</time>
    </trkpt>
    <trkpt lat="46.398157" lon="15.0272192">
      <ele>416.0687255859375</ele>
      <time>2069-03-27T12:24:47Z</time>
    </trkpt>
    <trkpt lat="46.3980982" lon="15.0273794">
      <ele>416.0687255859375</ele>
      <time>2069-03-29T12:12:09Z</time>
    </trkpt>
    <trkpt lat="46.3980463" lon="15.027548">
      <ele>415.3067626953125</ele>
      <time>2069-03-30T12:27:02Z</time>
    </trkpt>
    <trkpt lat="46.3979942" lon="15.0277241">
      <ele>415.0638427734375</ele>
      <time>2069-03-31T12:38:29Z</time>
    </trkpt>
    <trkpt lat="46.3979414" lon="15.0279022">
      <ele>414.7552490234375</ele>
      <time>2069-03-31T12:38:29Z</time>
    </trkpt>
    <trkpt lat="46.3978804" lon="15.0280659">
      <ele>414.4066162109375</ele>
      <time>2069-03-31T12:38:29Z</time>
    </trkpt>
    <trkpt lat="46.3978094" lon="15.028225">
      <ele>414.4066162109375</ele>
      <time>2069-04-03T12:21:16Z</time>
    </trkpt>
    <trkpt lat="46.3977327" lon="15.0283696">
      <ele>414.20166015625</ele>
      <time>2069-04-04T12:09:30Z</time>
    </trkpt>
    <trkpt lat="46.3976561" lon="15.0285089">
      <ele>415.712646484375</ele>
      <time>2069-04-04T12:09:30Z</time>
    </trkpt>
    <trkpt lat="46.3975768" lon="15.0286385">
      <ele>415.712646484375</ele>
      <time>2069-04-06T12:28:54Z</time>
    </trkpt>
    <trkpt lat="46.3974985" lon="15.0287764">
      <ele>415.835693359375</ele>
      <time>2069-04-07T12:16:38Z</time>
    </trkpt>
    <trkpt lat="46.3974095" lon="15.0289212">
      <ele>417.2049560546875</ele>
      <time>2069-04-08T12:26:47Z</time>
    </trkpt>
    <trkpt lat="46.3973214" lon="15.0290655">
      <ele>417.3546142578125</ele>
      <time>2069-04-09T12:12:05Z</time>
    </trkpt>
    <trkpt lat="46.3972435" lon="15.0292149">
      <ele>417.63494873046875</ele>
      <time>2069-04-10T12:16:14Z</time>
    </trkpt>
    <trkpt lat="46.3971578" lon="15.0293675">
      <ele>418.76080322265625</ele>
      <time>2069-04-11T12:12:24Z</time>
    </trkpt>
    <trkpt lat="46.3970827" lon="15.0295044">
      <ele>418.93212890625</ele>
      <time>2069-04-12T12:18:16Z</time>
    </trkpt>
    <trkpt lat="46.3970095" lon="15.0296459">
      <ele>420.3133544921875</ele>
      <time>2069-04-12T12:18:16Z</time>
    </trkpt>
    <trkpt lat="46.3969381" lon="15.0297927">
      <ele>420.3133544921875</ele>
      <time>2069-04-14T12:24:10Z</time>
    </trkpt>
    <trkpt lat="46.3968715" lon="15.0299245">
      <ele>420.7305908203125</ele>
      <time>2069-04-14T12:24:10Z</time>
    </trkpt>
    <trkpt lat="46.3968096" lon="15.0300485">
      <ele>421.98211669921875</ele>
      <time>2069-04-14T12:24:10Z</time>
    </trkpt>
    <trkpt lat="46.3967421" lon="15.0301708">
      <ele>421.98211669921875</ele>
      <time>2069-04-17T12:14:48Z</time>
    </trkpt>
    <trkpt lat="46.3966636" lon="15.0303001">
      <ele>422.235107421875</ele>
      <time>2069-04-18T12:42:23Z</time>
    </trkpt>
    <trkpt lat="46.3965872" lon="15.030438">
      <ele>421.7421875</ele>
      <time>2069-04-18T12:42:23Z</time>
    </trkpt>
    <trkpt lat="46.3965087" lon="15.0305706">
      <ele>421.7421875</ele>
      <time>2069-04-20T12:25:40Z</time>
    </trkpt>
    <trkpt lat="46.3964196" lon="15.0307118">
      <ele>421.4600830078125</ele>
      <time>2069-04-21T12:07:32Z</time>
    </trkpt>
    <trkpt lat="46.3963425" lon="15.0308386">
      <ele>420.869140625</ele>
      <time>2069-04-21T12:07:32Z</time>
    </trkpt>
    <trkpt lat="46.3962574" lon="15.0309657">
      <ele>421.4749755859375</ele>
      <time>2069-04-21T12:07:32Z</time>
    </trkpt>
    <trkpt lat="46.3961747" lon="15.0310888">
      <ele>422.2568359375</ele>
      <time>2069-04-21T12:07:32Z</time>
    </trkpt>
    <trkpt lat="46.3960826" lon="15.0312111">
      <ele>422.2568359375</ele>
      <time>2069-04-25T12:15:31Z</time>
    </trkpt>
    <trkpt lat="46.3959814" lon="15.0313235">
      <ele>420.8680419921875</ele>
      <time>2069-04-26T12:21:31Z</time>
    </trkpt>
    <trkpt lat="46.39588" lon="15.0314371">
      <ele>419.55615234375</ele>
      <time>2069-04-26T12:21:31Z</time>
    </trkpt>
    <trkpt lat="46.3957769" lon="15.0315378">
      <ele>419.55615234375</ele>
      <time>2069-04-28T12:08:14Z</time>
    </trkpt>
    <trkpt lat="46.3956649" lon="15.0316412">
      <ele>419.766845703125</ele>
      <time>2069-04-29T12:19:25Z</time>
    </trkpt>
    <trkpt lat="46.3955563" lon="15.0317383">
      <ele>419.3685302734375</ele>
      <time>2069-04-30T12:27:35Z</time>
    </trkpt>
    <trkpt lat="46.3954434" lon="15.0318223">
      <ele>419.050048828125</ele>
      <time>2069-04-30T12:27:35Z</time>
    </trkpt>
    <trkpt lat="46.3953291" lon="15.0318992">
      <ele>419.050048828125</ele>
      <time>2069-05-02T12:24:37Z</time>
    </trkpt>
    <trkpt lat="46.3952086" lon="15.0319879">
      <ele>418.9990234375</ele>
      <time>2069-05-03T12:08:38Z</time>
    </trkpt>
    <trkpt lat="46.3950957" lon="15.0320765">
      <ele>419.2655029296875</ele>
      <time>2069-05-04T12:13:29Z</time>
    </trkpt>
    <trkpt lat="46.3949871" lon="15.0321512">
      <ele>419.155517578125</ele>
      <time>2069-05-05T12:19:18Z</time>
    </trkpt>
    <trkpt lat="46.3948708" lon="15.0322384">
      <ele>418.803466796875</ele>
      <time>2069-05-05T12:19:18Z</time>
    </trkpt>
    <trkpt lat="46.394756" lon="15.0323342">
      <ele>419.2291259765625</ele>
      <time>2069-05-05T12:19:18Z</time>
    </trkpt>
    <trkpt lat="46.3946373" lon="15.0324428">
      <ele>419.2291259765625</ele>
      <time>2069-05-08T12:18:15Z</time>
    </trkpt>
    <trkpt lat="46.3945256" lon="15.0325652">
      <ele>417.8271484375</ele>
      <time>2069-05-08T12:18:15Z</time>
    </trkpt>
    <trkpt lat="46.394427" lon="15.0327008">
      <ele>417.8271484375</ele>
      <time>2069-05-10T12:33:17Z</time>
    </trkpt>
    <trkpt lat="46.3943238" lon="15.0328442">
      <ele>417.70367431640625</ele>
      <time>2069-05-11T12:18:47Z</time>
    </trkpt>
    <trkpt lat="46.3942168" lon="15.0329821">
      <ele>417.7904052734375</ele>
      <time>2069-05-12T12:32:57Z</time>
    </trkpt>
    <trkpt lat="46.3941057" lon="15.0331227">
      <ele>416.945556640625</ele>
      <time>2069-05-13T12:15:35Z</time>
    </trkpt>
    <trkpt lat="46.3939923" lon="15.0332594">
      <ele>416.8004150390625</ele>
      <time>2069-05-14T12:19:46Z</time>
    </trkpt>
    <trkpt lat="46.3938762" lon="15.033386">
      <ele>416.2672119140625</ele>
      <time>2069-05-15T12:00:32Z</time>
    </trkpt>
    <trkpt lat="46.3937635" lon="15.0335123">
      <ele>416.6474609375</ele>
      <time>2069-05-15T12:00:32Z</time>
    </trkpt>
    <trkpt lat="46.3936449" lon="15.0336305">
      <ele>416.6474609375</ele>
      <time>2069-05-17T12:22:49Z</time>
    </trkpt>
    <trkpt lat="46.3935372" lon="15.033749">
      <ele>416.64288330078125</ele>
      <time>2069-05-18T12:43:20Z</time>
    </trkpt>
    <trkpt lat="46.3934203" lon="15.0338717">
      <ele>414.80029296875</ele>
      <time>2069-05-18T12:43:20Z</time>
    </trkpt>
    <trkpt lat="46.3933091" lon="15.0339978">
      <ele>414.72613525390625</ele>
      <time>2069-05-18T12:43:20Z</time>
    </trkpt>
    <trkpt lat="46.3931954" lon="15.0341278">
      <ele>414.72613525390625</ele>
      <time>2069-05-21T12:07:12Z</time>
    </trkpt>
    <trkpt lat="46.3931024" lon="15.0342483">
      <ele>414.5244140625</ele>
      <time>2069-05-22T12:23:04Z</time>
    </trkpt>
    <trkpt lat="46.3930084" lon="15.034381">
      <ele>413.773681640625</ele>
      <time>2069-05-23T12:17:39Z</time>
    </trkpt>
    <trkpt lat="46.3929071" lon="15.0345057">
      <ele>413.57672119140625</ele>
      <time>2069-05-24T12:23:21Z</time>
    </trkpt>
    <trkpt lat="46.3928058" lon="15.0346229">
      <ele>413.5352783203125</ele>
      <time>2069-05-25T12:30:39Z</time>
    </trkpt>
    <trkpt lat="46.3926999" lon="15.0347341">
      <ele>413.5897216796875</ele>
      <time>2069-05-25T12:30:39Z</time>
    </trkpt>
    <trkpt lat="46.392583" lon="15.0348087">
      <ele>413.5897216796875</ele>
      <time>2069-05-27T12:10:42Z</time>
    </trkpt>
    <trkpt lat="46.3924602" lon="15.034855">
      <ele>413.5823974609375</ele>
      <time>2069-05-27T12:10:42Z</time>
    </trkpt>
    <trkpt lat="46.3923321" lon="15.0348671">
      <ele>413.5823974609375</ele>
      <time>2069-05-29T12:31:08Z</time>
    </trkpt>
    <trkpt lat="46.3921998" lon="15.0348501">
      <ele>414.14044189453125</ele>
      <time>2069-05-30T12:32:34Z</time>
    </trkpt>
    <trkpt lat="46.3920767" lon="15.0348207">
      <ele>414.7479248046875</ele>
      <time>2069-05-31T12:26:01Z</time>
    </trkpt>
    <trkpt lat="46.3919599" lon="15.0347629">
      <ele>415.297119140625</ele>
      <time>2069-06-01T12:07:14Z</time>
    </trkpt>
    <trkpt lat="46.3918384" lon="15.0347036">
      <ele>414.0714111328125</ele>
      <time>2069-06-02T12:28:31Z</time>
    </trkpt>
    <trkpt lat="46.3917139" lon="15.034648">
      <ele>413.6494140625</ele>
      <time>2069-06-03T12:27:04Z</time>
    </trkpt>
    <trkpt lat="46.3915887" lon="15.0346083">
      <ele>413.3902587890625</ele>
      <time>2069-06-04T12:26:20Z</time>
    </trkpt>
    <trkpt lat="46.3914611" lon="15.0345902">
      <ele>412.57659912109375</ele>
      <time>2069-06-05T12:21:20Z</time>
    </trkpt>
    <trkpt lat="46.3913325" lon="15.0345902">
      <ele>411.82672119140625</ele>
      <time>2069-06-05T12:21:20Z</time>
    </trkpt>
    <trkpt lat="46.3912006" lon="15.0346109">
      <ele>410.9228515625</ele>
      <time>2069-06-05T12:21:20Z</time>
    </trkpt>
    <trkpt lat="46.3910767" lon="15.0346616">
      <ele>410.2421875</ele>
      <time>2069-06-05T12:21:20Z</time>
    </trkpt>
    <trkpt lat="46.3909535" lon="15.0347377">
      <ele>410.2421875</ele>
      <time>2069-06-09T12:20:42Z</time>
    </trkpt>
    <trkpt lat="46.3908391" lon="15.0348287">
      <ele>409.8948974609375</ele>
      <time>2069-06-10T12:16:04Z</time>
    </trkpt>
    <trkpt lat="46.3907235" lon="15.0349254">
      <ele>409.1126708984375</ele>
      <time>2069-06-11T12:20:12Z</time>
    </trkpt>
    <trkpt lat="46.3906127" lon="15.0350169">
      <ele>408.729736328125</ele>
      <time>2069-06-12T12:23:22Z</time>
    </trkpt>
    <trkpt lat="46.3904997" lon="15.0351139">
      <ele>408.22796630859375</ele>
      <time>2069-06-13T12:16:34Z</time>
    </trkpt>
    <trkpt lat="46.3903816" lon="15.0352105">
      <ele>407.60662841796875</ele>
      <time>2069-06-14T12:02:37Z</time>
    </trkpt>
    <trkpt lat="46.3902715" lon="15.035328">
      <ele>406.683349609375</ele>
      <time>2069-06-15T12:22:14Z</time>
    </trkpt>
    <trkpt lat="46.3901557" lon="15.0354222">
      <ele>406.066650390625</ele>
      <time>2069-06-15T12:22:14Z</time>
    </trkpt>
    <trkpt lat="46.3900377" lon="15.0355136">
      <ele>406.066650390625</ele>
      <time>2069-06-17T12:29:26Z</time>
    </trkpt>
    <trkpt lat="46.389922" lon="15.0356103">
      <ele>406.25494384765625</ele>
      <time>2069-06-17T12:29:26Z</time>
    </trkpt>
    <trkpt lat="46.3898095" lon="15.0357022">
      <ele>405.716064453125</ele>
      <time>2069-06-17T12:29:26Z</time>
    </trkpt>
    <trkpt lat="46.3896961" lon="15.0358092">
      <ele>405.716064453125</ele>
      <time>2069-06-20T12:25:37Z</time>
    </trkpt>
    <trkpt lat="46.3895837" lon="15.0359151">
      <ele>405.580810546875</ele>
      <time>2069-06-21T12:32:07Z</time>
    </trkpt>
    <trkpt lat="46.3894762" lon="15.0360198">
      <ele>405.91082763671875</ele>
      <time>2069-06-22T12:37:14Z</time>
    </trkpt>
    <trkpt lat="46.3893659" lon="15.0361243">
      <ele>404.90057373046875</ele>
      <time>2069-06-23T12:17:08Z</time>
    </trkpt>
    <trkpt lat="46.3892583" lon="15.0362422">
      <ele>404.4384765625</ele>
      <time>2069-06-24T12:21:48Z</time>
    </trkpt>
    <trkpt lat="46.3891521" lon="15.0363661">
      <ele>404.18280029296875</ele>
      <time>2069-06-24T12:21:48Z</time>
    </trkpt>
    <trkpt lat="46.3890558" lon="15.0364677">
      <ele>404.18280029296875</ele>
      <time>2069-06-26T12:24:32Z</time>
    </trkpt>
    <trkpt lat="46.3889594" lon="15.0365769">
      <ele>403.25457763671875</ele>
      <time>2069-06-26T12:24:32Z</time>
    </trkpt>
    <trkpt lat="46.3888552" lon="15.0366864">
      <ele>403.5247802734375</ele>
      <time>2069-06-26T12:24:32Z</time>
    </trkpt>
    <trkpt lat="46.3887515" lon="15.0367918">
      <ele>403.5247802734375</ele>
      <time>2069-06-29T15:05:22Z</time>
    </trkpt>
    <trkpt lat="46.3886542" lon="15.0368897">
      <ele>403.49346923828125</ele>
      <time>2069-06-29T15:05:22Z</time>
    </trkpt>
    <trkpt lat="46.3885536" lon="15.0369723">
      <ele>403.96923828125</ele>
      <time>2069-06-29T15:05:22Z</time>
    </trkpt>
    <trkpt lat="46.3884513" lon="15.0370397">
      <ele>403.96923828125</ele>
      <time>2069-07-02T12:25:12Z</time>
    </trkpt>
    <trkpt lat="46.3883441" lon="15.0370989">
      <ele>403.1673583984375</ele>
      <time>2069-07-02T12:25:12Z</time>
    </trkpt>
    <trkpt lat="46.3882568" lon="15.0371486">
      <ele>403.13116455078125</ele>
      <time>2069-07-02T12:25:12Z</time>
    </trkpt>
    <trkpt lat="46.3881634" lon="15.0371934">
      <ele>403.20245361328125</ele>
      <time>2069-07-02T12:25:12Z</time>
    </trkpt>
    <trkpt lat="46.3880808" lon="15.0372272">
      <ele>403.699462890625</ele>
      <time>2069-07-02T12:25:12Z</time>
    </trkpt>
    <trkpt lat="46.387996" lon="15.0372579">
      <ele>404.1480712890625</ele>
      <time>2069-07-02T12:25:12Z</time>
    </trkpt>
    <trkpt lat="46.3879194" lon="15.0372814">
      <ele>405.31982421875</ele>
      <time>2069-07-02T12:25:12Z</time>
    </trkpt>
    <trkpt lat="46.3878537" lon="15.037279">
      <ele>405.31982421875</ele>
      <time>2069-07-09T12:13:19Z</time>
    </trkpt>
    <trkpt lat="46.3877782" lon="15.037285">
      <ele>405.74639892578125</ele>
      <time>2069-07-10T12:19:36Z</time>
    </trkpt>
    <trkpt lat="46.3876951" lon="15.0372969">
      <ele>405.5838623046875</ele>
      <time>2069-07-11T12:29:46Z</time>
    </trkpt>
    <trkpt lat="46.3876069" lon="15.0373167">
      <ele>405.41748046875</ele>
      <time>2069-07-12T12:05:59Z</time>
    </trkpt>
    <trkpt lat="46.387531" lon="15.0373128">
      <ele>405.488525390625</ele>
      <time>2069-07-12T12:05:59Z</time>
    </trkpt>
    <trkpt lat="46.387444" lon="15.0373166">
      <ele>405.488525390625</ele>
      <time>2069-07-14T12:19:05Z</time>
    </trkpt>
    <trkpt lat="46.3873634" lon="15.0373104">
      <ele>406.4417724609375</ele>
      <time>2069-07-14T12:19:05Z</time>
    </trkpt>
    <trkpt lat="46.3872763" lon="15.0372999">
      <ele>406.4417724609375</ele>
      <time>2069-07-16T12:22:30Z</time>
    </trkpt>
    <trkpt lat="46.387188" lon="15.0372836">
      <ele>406.4267578125</ele>
      <time>2069-07-17T12:29:23Z</time>
    </trkpt>
    <trkpt lat="46.3871048" lon="15.0372576">
      <ele>405.719970703125</ele>
      <time>2069-07-18T12:26:48Z</time>
    </trkpt>
    <trkpt lat="46.3870194" lon="15.0372377">
      <ele>405.8316650390625</ele>
      <time>2069-07-19T12:12:58Z</time>
    </trkpt>
    <trkpt lat="46.386934" lon="15.0372089">
      <ele>404.45172119140625</ele>
      <time>2069-07-19T12:12:58Z</time>
    </trkpt>
    <trkpt lat="46.3868417" lon="15.0371881">
      <ele>404.9830322265625</ele>
      <time>2069-07-19T12:12:58Z</time>
    </trkpt>
    <trkpt lat="46.386751" lon="15.0371658">
      <ele>405.6185302734375</ele>
      <time>2069-07-19T12:12:58Z</time>
    </trkpt>
    <trkpt lat="46.3866683" lon="15.0371274">
      <ele>405.867431640625</ele>
      <time>2069-07-19T12:12:58Z</time>
    </trkpt>
    <trkpt lat="46.3865754" lon="15.0370988">
      <ele>405.7008056640625</ele>
      <time>2069-07-19T12:12:58Z</time>
    </trkpt>
    <trkpt lat="46.3864901" lon="15.0370814">
      <ele>405.73468017578125</ele>
      <time>2069-07-19T12:12:58Z</time>
    </trkpt>
    <trkpt lat="46.3864098" lon="15.0370417">
      <ele>406.9910888671875</ele>
      <time>2069-07-19T12:12:58Z</time>
    </trkpt>
    <trkpt lat="46.3863327" lon="15.0369966">
      <ele>407.44830322265625</ele>
      <time>2069-07-19T12:12:58Z</time>
    </trkpt>
    <trkpt lat="46.3862521" lon="15.0369642">
      <ele>407.44830322265625</ele>
      <time>2069-07-28T12:30:06Z</time>
    </trkpt>
    <trkpt lat="46.3861744" lon="15.0369326">
      <ele>406.984375</ele>
      <time>2069-07-28T12:30:06Z</time>
    </trkpt>
    <trkpt lat="46.3861011" lon="15.0369073">
      <ele>406.984375</ele>
      <time>2069-07-30T12:19:28Z</time>
    </trkpt>
    <trkpt lat="46.3860369" lon="15.0368817">
      <ele>406.4227294921875</ele>
      <time>2069-07-30T12:19:28Z</time>
    </trkpt>
    <trkpt lat="46.3859769" lon="15.0368556">
      <ele>406.4227294921875</ele>
      <time>2069-08-01T12:35:47Z</time>
    </trkpt>
    <trkpt lat="46.3859169" lon="15.0368283">
      <ele>406.0484619140625</ele>
      <time>2069-08-02T12:30:29Z</time>
    </trkpt>
    <trkpt lat="46.3858662" lon="15.0367995">
      <ele>406.10009765625</ele>
      <time>2069-08-02T12:30:29Z</time>
    </trkpt>
    <trkpt lat="46.3857996" lon="15.0367887">
      <ele>405.1170654296875</ele>
      <time>2069-08-02T12:30:29Z</time>
    </trkpt>
    <trkpt lat="46.3857402" lon="15.0368108">
      <ele>406.0494384765625</ele>
      <time>2069-08-02T12:30:29Z</time>
    </trkpt>
    <trkpt lat="46.385695" lon="15.0368525">
      <ele>406.0494384765625</ele>
      <time>2069-08-06T12:36:29Z</time>
    </trkpt>
    <trkpt lat="46.3856404" lon="15.0369036">
      <ele>407.99542236328125</ele>
      <time>2069-08-07T12:30:00Z</time>
    </trkpt>
    <trkpt lat="46.385583" lon="15.0369488">
      <ele>408.4908447265625</ele>
      <time>2069-08-08T12:21:01Z</time>
    </trkpt>
    <trkpt lat="46.3855188" lon="15.0369966">
      <ele>409.23077392578125</ele>
      <time>2069-08-09T12:36:22Z</time>
    </trkpt>
    <trkpt lat="46.3854524" lon="15.0370511">
      <ele>410.12274169921875</ele>
      <time>2069-08-09T12:36:22Z</time>
    </trkpt>
    <trkpt lat="46.3853871" lon="15.0371144">
      <ele>409.920654296875</ele>
      <time>2069-08-09T12:36:22Z</time>
    </trkpt>
    <trkpt lat="46.38533" lon="15.0371834">
      <ele>409.42138671875</ele>
      <time>2069-08-09T12:36:22Z</time>
    </trkpt>
    <trkpt lat="46.3852742" lon="15.0372605">
      <ele>409.4456787109375</ele>
      <time>2069-08-09T12:36:22Z</time>
    </trkpt>
    <trkpt lat="46.3852238" lon="15.037377">
      <ele>409.302734375</ele>
      <time>2069-08-09T12:36:22Z</time>
    </trkpt>
    <trkpt lat="46.3851828" lon="15.0375049">
      <ele>410.22930908203125</ele>
      <time>2069-08-09T12:36:22Z</time>
    </trkpt>
    <trkpt lat="46.3851397" lon="15.0376189">
      <ele>410.22930908203125</ele>
      <time>2069-08-16T12:15:43Z</time>
    </trkpt>
    <trkpt lat="46.3851071" lon="15.0377288">
      <ele>409.3707275390625</ele>
      <time>2069-08-17T12:05:57Z</time>
    </trkpt>
    <trkpt lat="46.3850647" lon="15.0378699">
      <ele>408.725830078125</ele>
      <time>2069-08-18T12:31:01Z</time>
    </trkpt>
    <trkpt lat="46.3850195" lon="15.0380084">
      <ele>408.25689697265625</ele>
      <time>2069-08-19T12:20:51Z</time>
    </trkpt>
    <trkpt lat="46.3849793" lon="15.0381461">
      <ele>407.9063720703125</ele>
      <time>2069-08-20T12:16:01Z</time>
    </trkpt>
    <trkpt lat="46.3849396" lon="15.0382955">
      <ele>407.481201171875</ele>
      <time>2069-08-21T12:27:40Z</time>
    </trkpt>
    <trkpt lat="46.3848962" lon="15.0384388">
      <ele>407.01226806640625</ele>
      <time>2069-08-22T12:06:06Z</time>
    </trkpt>
    <trkpt lat="46.384857" lon="15.0385926">
      <ele>406.55419921875</ele>
      <time>2069-08-23T12:09:06Z</time>
    </trkpt>
    <trkpt lat="46.3848181" lon="15.0387459">
      <ele>406.96136474609375</ele>
      <time>2069-08-24T12:40:36Z</time>
    </trkpt>
    <trkpt lat="46.3847858" lon="15.038892">
      <ele>406.422607421875</ele>
      <time>2069-08-24T12:40:36Z</time>
    </trkpt>
    <trkpt lat="46.3847509" lon="15.0390455">
      <ele>406.422607421875</ele>
      <time>2069-08-26T12:18:58Z</time>
    </trkpt>
    <trkpt lat="46.3847191" lon="15.0391737">
      <ele>405.614013671875</ele>
      <time>2069-08-26T12:18:58Z</time>
    </trkpt>
    <trkpt lat="46.3846882" lon="15.0393169">
      <ele>406.1988525390625</ele>
      <time>2069-08-26T12:18:58Z</time>
    </trkpt>
    <trkpt lat="46.38466" lon="15.0394572">
      <ele>406.6346435546875</ele>
      <time>2069-08-26T12:18:58Z</time>
    </trkpt>
    <trkpt lat="46.3846246" lon="15.0395976">
      <ele>406.6346435546875</ele>
      <time>2069-08-30T12:25:03Z</time>
    </trkpt>
    <trkpt lat="46.3845834" lon="15.0397302">
      <ele>406.1414794921875</ele>
      <time>2069-08-31T12:13:49Z</time>
    </trkpt>
    <trkpt lat="46.3845473" lon="15.039877">
      <ele>405.9951171875</ele>
      <time>2069-08-31T12:13:49Z</time>
    </trkpt>
    <trkpt lat="46.3845023" lon="15.0400126">
      <ele>405.72308349609375</ele>
      <time>2069-08-31T12:13:49Z</time>
    </trkpt>
    <trkpt lat="46.3844489" lon="15.0401371">
      <ele>405.05194091796875</ele>
      <time>2069-08-31T12:13:49Z</time>
    </trkpt>
    <trkpt lat="46.3843949" lon="15.0402601">
      <ele>404.8284912109375</ele>
      <time>2069-08-31T12:13:49Z</time>
    </trkpt>
    <trkpt lat="46.3843337" lon="15.0403896">
      <ele>404.9866943359375</ele>
      <time>2069-08-31T12:13:49Z</time>
    </trkpt>
    <trkpt lat="46.3842713" lon="15.0405112">
      <ele>404.9866943359375</ele>
      <time>2069-09-06T12:25:54Z</time>
    </trkpt>
    <trkpt lat="46.384204" lon="15.0406271">
      <ele>405.1358642578125</ele>
      <time>2069-09-07T12:29:56Z</time>
    </trkpt>
    <trkpt lat="46.3841371" lon="15.0407302">
      <ele>405.16082763671875</ele>
      <time>2069-09-07T12:29:56Z</time>
    </trkpt>
    <trkpt lat="46.3840681" lon="15.0408234">
      <ele>405.16082763671875</ele>
      <time>2069-09-09T12:14:52Z</time>
    </trkpt>
    <trkpt lat="46.3840034" lon="15.0409183">
      <ele>405.727294921875</ele>
      <time>2069-09-09T12:14:52Z</time>
    </trkpt>
    <trkpt lat="46.3839272" lon="15.0410158">
      <ele>405.727294921875</ele>
      <time>2069-09-11T12:30:26Z</time>
    </trkpt>
    <trkpt lat="46.3838424" lon="15.0411147">
      <ele>405.499755859375</ele>
      <time>2069-09-11T12:30:26Z</time>
    </trkpt>
    <trkpt lat="46.3837703" lon="15.0411982">
      <ele>405.499755859375</ele>
      <time>2069-09-13T12:41:01Z</time>
    </trkpt>
    <trkpt lat="46.3837064" lon="15.0412706">
      <ele>404.5928955078125</ele>
      <time>2069-09-14T12:15:47Z</time>
    </trkpt>
    <trkpt lat="46.3836423" lon="15.0413496">
      <ele>405.182373046875</ele>
      <time>2069-09-14T12:15:47Z</time>
    </trkpt>
    <trkpt lat="46.3835711" lon="15.0414285">
      <ele>404.6043701171875</ele>
      <time>2069-09-14T12:15:47Z</time>
    </trkpt>
    <trkpt lat="46.383502" lon="15.0415019">
      <ele>404.1297607421875</ele>
      <time>2069-09-14T12:15:47Z</time>
    </trkpt>
    <trkpt lat="46.383446" lon="15.0415656">
      <ele>403.42724609375</ele>
      <time>2069-09-14T12:15:47Z</time>
    </trkpt>
    <trkpt lat="46.383393" lon="15.0416237">
      <ele>402.97332763671875</ele>
      <time>2069-09-14T12:15:47Z</time>
    </trkpt>
    <trkpt lat="46.3833342" lon="15.0416699">
      <ele>403.70416259765625</ele>
      <time>2069-09-14T12:15:47Z</time>
    </trkpt>
    <trkpt lat="46.3832721" lon="15.0417216">
      <ele>403.70416259765625</ele>
      <time>2069-09-21T12:22:41Z</time>
    </trkpt>
    <trkpt lat="46.3832317" lon="15.0417692">
      <ele>403.2406005859375</ele>
      <time>2069-09-22T12:17:18Z</time>
    </trkpt>
    <trkpt lat="46.3831761" lon="15.0418343">
      <ele>402.5233154296875</ele>
      <time>2069-09-23T12:19:17Z</time>
    </trkpt>
    <trkpt lat="46.3831164" lon="15.0418858">
      <ele>402.9073486328125</ele>
      <time>2069-09-24T12:16:01Z</time>
    </trkpt>
    <trkpt lat="46.3830579" lon="15.0419343">
      <ele>404.00860595703125</ele>
      <time>2069-09-24T12:16:01Z</time>
    </trkpt>
    <trkpt lat="46.3829907" lon="15.0419738">
      <ele>404.00860595703125</ele>
      <time>2069-09-26T12:05:55Z</time>
    </trkpt>
    <trkpt lat="46.3829143" lon="15.0420246">
      <ele>402.65234375</ele>
      <time>2069-09-27T12:03:01Z</time>
    </trkpt>
    <trkpt lat="46.3828512" lon="15.0420597">
      <ele>401.8089599609375</ele>
      <time>2069-09-28T12:23:08Z</time>
    </trkpt>
    <trkpt lat="46.3827813" lon="15.0420963">
      <ele>403.134033203125</ele>
      <time>2069-09-29T12:09:18Z</time>
    </trkpt>
    <trkpt lat="46.3827229" lon="15.042126">
      <ele>402.911376953125</ele>
      <time>2069-09-30T12:23:05Z</time>
    </trkpt>
    <trkpt lat="46.3826595" lon="15.0421537">
      <ele>402.1961669921875</ele>
      <time>2069-10-01T12:13:55Z</time>
    </trkpt>
    <trkpt lat="46.3825984" lon="15.042193">
      <ele>401.49102783203125</ele>
      <time>2069-10-02T12:08:04Z</time>
    </trkpt>
    <trkpt lat="46.3825377" lon="15.0422338">
      <ele>401.68798828125</ele>
      <time>2069-10-03T12:08:33Z</time>
    </trkpt>
    <trkpt lat="46.3824721" lon="15.0422946">
      <ele>401.11865234375</ele>
      <time>2069-10-04T12:19:58Z</time>
    </trkpt>
    <trkpt lat="46.3824123" lon="15.0423643">
      <ele>401.50836181640625</ele>
      <time>2069-10-05T12:18:24Z</time>
    </trkpt>
    <trkpt lat="46.3823507" lon="15.0424424">
      <ele>401.560302734375</ele>
      <time>2069-10-05T12:18:24Z</time>
    </trkpt>
    <trkpt lat="46.3823019" lon="15.0425125">
      <ele>401.7528076171875</ele>
      <time>2069-10-05T12:18:24Z</time>
    </trkpt>
    <trkpt lat="46.3822528" lon="15.0425928">
      <ele>402.39892578125</ele>
      <time>2069-10-05T12:18:24Z</time>
    </trkpt>
    <trkpt lat="46.3822133" lon="15.0426697">
      <ele>402.39892578125</ele>
      <time>2069-10-09T12:13:21Z</time>
    </trkpt>
    <trkpt lat="46.3821677" lon="15.0427396">
      <ele>402.72479248046875</ele>
      <time>2069-10-10T12:27:42Z</time>
    </trkpt>
    <trkpt lat="46.3821164" lon="15.0428216">
      <ele>402.39111328125</ele>
      <time>2069-10-11T12:30:46Z</time>
    </trkpt>
    <trkpt lat="46.3820728" lon="15.0428919">
      <ele>402.53631591796875</ele>
      <time>2069-10-12T12:35:53Z</time>
    </trkpt>
    <trkpt lat="46.3820255" lon="15.0429742">
      <ele>402.970458984375</ele>
      <time>2069-10-13T12:34:22Z</time>
    </trkpt>
    <trkpt lat="46.3819938" lon="15.0430378">
      <ele>404.10687255859375</ele>
      <time>2069-10-14T12:07:54Z</time>
    </trkpt>
    <trkpt lat="46.3819585" lon="15.043113">
      <ele>403.990478515625</ele>
      <time>2069-10-15T12:19:32Z</time>
    </trkpt>
    <trkpt lat="46.3819222" lon="15.0431848">
      <ele>403.67529296875</ele>
      <time>2069-10-16T12:17:55Z</time>
    </trkpt>
    <trkpt lat="46.3818957" lon="15.0432735">
      <ele>403.1326904296875</ele>
      <time>2069-10-16T12:17:55Z</time>
    </trkpt>
    <trkpt lat="46.381875" lon="15.043372">
      <ele>403.10345458984375</ele>
      <time>2069-10-16T12:17:55Z</time>
    </trkpt>
    <trkpt lat="46.3818556" lon="15.0434875">
      <ele>402.713134765625</ele>
      <time>2069-10-16T12:17:55Z</time>
    </trkpt>
    <trkpt lat="46.3818362" lon="15.043605">
      <ele>402.713134765625</ele>
      <time>2069-10-20T12:00:24Z</time>
    </trkpt>
    <trkpt lat="46.3818152" lon="15.0437141">
      <ele>402.2188720703125</ele>
      <time>2069-10-21T12:28:45Z</time>
    </trkpt>
    <trkpt lat="46.3817937" lon="15.0438399">
      <ele>401.38037109375</ele>
      <time>2069-10-22T12:14:06Z</time>
    </trkpt>
    <trkpt lat="46.381767" lon="15.0439817">
      <ele>401.76556396484375</ele>
      <time>2069-10-23T12:10:08Z</time>
    </trkpt>
    <trkpt lat="46.3817432" lon="15.0441138">
      <ele>402.686279296875</ele>
      <time>2069-10-24T12:24:42Z</time>
    </trkpt>
    <trkpt lat="46.3817286" lon="15.0442593">
      <ele>402.4442138671875</ele>
      <time>2069-10-25T12:05:05Z</time>
    </trkpt>
    <trkpt lat="46.3817066" lon="15.0443952">
      <ele>402.302734375</ele>
      <time>2069-10-26T12:08:08Z</time>
    </trkpt>
    <trkpt lat="46.38168" lon="15.0445361">
      <ele>402.3641357421875</ele>
      <time>2069-10-27T12:08:17Z</time>
    </trkpt>
    <trkpt lat="46.3816441" lon="15.0446864">
      <ele>402.338623046875</ele>
      <time>2069-10-28T12:15:56Z</time>
    </trkpt>
    <trkpt lat="46.381617" lon="15.04484">
      <ele>401.65966796875</ele>
      <time>2069-10-29T12:21:05Z</time>
    </trkpt>
    <trkpt lat="46.3815836" lon="15.0449927">
      <ele>401.477783203125</ele>
      <time>2069-10-30T12:17:05Z</time>
    </trkpt>
    <trkpt lat="46.3815484" lon="15.0451594">
      <ele>401.381591796875</ele>
      <time>2069-10-31T12:09:30Z</time>
    </trkpt>
    <trkpt lat="46.3815113" lon="15.045333">
      <ele>401.52276611328125</ele>
      <time>2069-11-01T12:02:22Z</time>
    </trkpt>
    <trkpt lat="46.3814729" lon="15.0455003">
      <ele>402.31915283203125</ele>
      <time>2069-11-01T12:02:22Z</time>
    </trkpt>
    <trkpt lat="46.3814408" lon="15.0456635">
      <ele>402.31915283203125</ele>
      <time>2069-11-03T12:22:16Z</time>
    </trkpt>
    <trkpt lat="46.3814053" lon="15.0458383">
      <ele>402.82769775390625</ele>
      <time>2069-11-04T12:15:24Z</time>
    </trkpt>
    <trkpt lat="46.3813769" lon="15.0459995">
      <ele>401.370849609375</ele>
      <time>2069-11-04T12:15:24Z</time>
    </trkpt>
    <trkpt lat="46.3813471" lon="15.0461448">
      <ele>401.00933837890625</ele>
      <time>2069-11-04T12:15:24Z</time>
    </trkpt>
    <trkpt lat="46.3813172" lon="15.0462858">
      <ele>401.00933837890625</ele>
      <time>2069-11-07T12:03:31Z</time>
    </trkpt>
    <trkpt lat="46.3812879" lon="15.0464333">
      <ele>400.1766357421875</ele>
      <time>2069-11-07T12:03:31Z</time>
    </trkpt>
    <trkpt lat="46.3812576" lon="15.0465905">
      <ele>400.4222412109375</ele>
      <time>2069-11-07T12:03:31Z</time>
    </trkpt>
    <trkpt lat="46.3812231" lon="15.0467354">
      <ele>401.27484130859375</ele>
      <time>2069-11-07T12:03:31Z</time>
    </trkpt>
    <trkpt lat="46.3811912" lon="15.0468757">
      <ele>401.27484130859375</ele>
      <time>2069-11-11T12:14:21Z</time>
    </trkpt>
    <trkpt lat="46.3811598" lon="15.0470074">
      <ele>402.51727294921875</ele>
      <time>2069-11-12T12:07:23Z</time>
    </trkpt>
    <trkpt lat="46.3811318" lon="15.0471423">
      <ele>403.70526123046875</ele>
      <time>2069-11-12T12:07:23Z</time>
    </trkpt>
    <trkpt lat="46.3811055" lon="15.0472912">
      <ele>404.61907958984375</ele>
      <time>2069-11-12T12:07:23Z</time>
    </trkpt>
    <trkpt lat="46.3810705" lon="15.0474451">
      <ele>405.132568359375</ele>
      <time>2069-11-12T12:07:23Z</time>
    </trkpt>
    <trkpt lat="46.3810424" lon="15.04757">
      <ele>406.269287109375</ele>
      <time>2069-11-12T12:07:23Z</time>
    </trkpt>
    <trkpt lat="46.3810109" lon="15.0476855">
      <ele>406.6702880859375</ele>
      <time>2069-11-12T12:07:23Z</time>
    </trkpt>
    <trkpt lat="46.3809914" lon="15.0477638">
      <ele>404.56817626953125</ele>
      <time>2069-11-12T12:07:23Z</time>
    </trkpt>
    <trkpt lat="46.3809716" lon="15.047807">
      <ele>405.300048828125</ele>
      <time>2069-11-12T12:07:23Z</time>
    </trkpt>
    <trkpt lat="46.3809453" lon="15.0478551">
      <ele>405.8570556640625</ele>
      <time>2069-11-12T12:07:23Z</time>
    </trkpt>
    <trkpt lat="46.3809309" lon="15.0478505">
      <ele>406.137939453125</ele>
      <time>2069-11-12T12:07:23Z</time>
    </trkpt>
    <trkpt lat="46.3809164" lon="15.0478591">
      <ele>406.137939453125</ele>
      <time>2069-11-22T12:29:32Z</time>
    </trkpt>
    <trkpt lat="46.3809067" lon="15.0478654">
      <ele>405.8680419921875</ele>
      <time>2069-11-22T12:29:32Z</time>
    </trkpt>
    <trkpt lat="46.3808893" lon="15.0478705">
      <ele>405.5035400390625</ele>
      <time>2069-11-22T12:29:32Z</time>
    </trkpt>
    <trkpt lat="46.3808577" lon="15.0478694">
      <ele>404.96392822265625</ele>
      <time>2069-11-22T12:29:32Z</time>
    </trkpt>
    <trkpt lat="46.3808171" lon="15.0478394">
      <ele>404.3262939453125</ele>
      <time>2069-11-22T12:29:32Z</time>
    </trkpt>
    <trkpt lat="46.3807687" lon="15.047785">
      <ele>404.3262939453125</ele>
      <time>2069-11-27T13:06:04Z</time>
    </trkpt>
    <trkpt lat="46.3807061" lon="15.0477588">
      <ele>405.0040283203125</ele>
      <time>2069-11-28T12:20:16Z</time>
    </trkpt>
    <trkpt lat="46.3806407" lon="15.0477144">
      <ele>406.183837890625</ele>
      <time>2069-11-28T12:20:16Z</time>
    </trkpt>
    <trkpt lat="46.3805687" lon="15.0476478">
      <ele>406.183837890625</ele>
      <time>2069-11-30T12:11:52Z</time>
    </trkpt>
    <trkpt lat="46.3805004" lon="15.0475675">
      <ele>406.7000732421875</ele>
      <time>2069-12-01T12:05:40Z</time>
    </trkpt>
    <trkpt lat="46.3804169" lon="15.0474862">
      <ele>405.3055419921875</ele>
      <time>2069-12-02T14:41:31Z</time>
    </trkpt>
    <trkpt lat="46.3803404" lon="15.0474337">
      <ele>404.79412841796875</ele>
      <time>2069-12-03T12:16:46Z</time>
    </trkpt>
    <trkpt lat="46.3802606" lon="15.0473878">
      <ele>405.80218505859375</ele>
      <time>2069-12-04T12:18:19Z</time>
    </trkpt>
    <trkpt lat="46.38019" lon="15.0473265">
      <ele>404.5888671875</ele>
      <time>2069-12-04T12:18:19Z</time>
    </trkpt>
    <trkpt lat="46.3801224" lon="15.0472589">
      <ele>404.24249267578125</ele>
      <time>2069-12-04T12:18:19Z</time>
    </trkpt>
    <trkpt lat="46.3800463" lon="15.0471933">
      <ele>404.75836181640625</ele>
      <time>2069-12-04T12:18:19Z</time>
    </trkpt>
    <trkpt lat="46.3799634" lon="15.0471043">
      <ele>404.261962890625</ele>
      <time>2069-12-04T12:18:19Z</time>
    </trkpt>
    <trkpt lat="46.3799074" lon="15.0470704">
      <ele>404.5595703125</ele>
      <time>2069-12-04T12:18:19Z</time>
    </trkpt>
    <trkpt lat="46.379826" lon="15.0470244">
      <ele>404.36712646484375</ele>
      <time>2069-12-04T12:18:19Z</time>
    </trkpt>
    <trkpt lat="46.3797321" lon="15.0469817">
      <ele>403.84228515625</ele>
      <time>2069-12-04T12:18:19Z</time>
    </trkpt>
    <trkpt lat="46.379651" lon="15.0469656">
      <ele>404.55126953125</ele>
      <time>2069-12-04T12:18:19Z</time>
    </trkpt>
    <trkpt lat="46.3795805" lon="15.0469665">
      <ele>404.6181640625</ele>
      <time>2069-12-04T12:18:19Z</time>
    </trkpt>
    <trkpt lat="46.3795076" lon="15.0469774">
      <ele>406.26812744140625</ele>
      <time>2069-12-04T12:18:19Z</time>
    </trkpt>
    <trkpt lat="46.3794369" lon="15.0469987">
      <ele>407.4599609375</ele>
      <time>2069-12-04T12:18:19Z</time>
    </trkpt>
    <trkpt lat="46.3793618" lon="15.0470029">
      <ele>407.2972412109375</ele>
      <time>2069-12-04T12:18:19Z</time>
    </trkpt>
    <trkpt lat="46.3792882" lon="15.0470042">
      <ele>407.13580322265625</ele>
      <time>2069-12-04T12:18:19Z</time>
    </trkpt>
    <trkpt lat="46.3792154" lon="15.0469968">
      <ele>408.05303955078125</ele>
      <time>2069-12-04T12:18:19Z</time>
    </trkpt>
    <trkpt lat="46.3791672" lon="15.0469647">
      <ele>408.05303955078125</ele>
      <time>2069-12-19T12:25:06Z</time>
    </trkpt>
    <trkpt lat="46.3791164" lon="15.0469145">
      <ele>409.0184326171875</ele>
      <time>2069-12-19T12:25:06Z</time>
    </trkpt>
    <trkpt lat="46.3790649" lon="15.0468408">
      <ele>408.67767333984375</ele>
      <time>2069-12-19T12:25:06Z</time>
    </trkpt>
    <trkpt lat="46.3790126" lon="15.046744">
      <ele>408.67767333984375</ele>
      <time>2069-12-22T12:22:33Z</time>
    </trkpt>
    <trkpt lat="46.3789504" lon="15.0466469">
      <ele>408.598388671875</ele>
      <time>2069-12-23T12:13:15Z</time>
    </trkpt>
    <trkpt lat="46.3788903" lon="15.0465389">
      <ele>407.3765869140625</ele>
      <time>2069-12-23T12:13:15Z</time>
    </trkpt>
    <trkpt lat="46.378836" lon="15.0464345">
      <ele>407.193359375</ele>
      <time>2069-12-23T12:13:15Z</time>
    </trkpt>
    <trkpt lat="46.3787849" lon="15.046323">
      <ele>407.193359375</ele>
      <time>2069-12-26T12:11:19Z</time>
    </trkpt>
    <trkpt lat="46.378733" lon="15.0462159">
      <ele>406.794189453125</ele>
      <time>2069-12-26T12:11:19Z</time>
    </trkpt>
    <trkpt lat="46.3786809" lon="15.046104">
      <ele>406.2957763671875</ele>
      <time>2069-12-26T12:11:19Z</time>
    </trkpt>
    <trkpt lat="46.3786295" lon="15.0460012">
      <ele>407.17291259765625</ele>
      <time>2069-12-26T12:11:19Z</time>
    </trkpt>
    <trkpt lat="46.3785836" lon="15.0459413">
      <ele>407.408447265625</ele>
      <time>2069-12-26T12:11:19Z</time>
    </trkpt>
    <trkpt lat="46.3785236" lon="15.0459308">
      <ele>406.7784423828125</ele>
      <time>2069-12-26T12:11:19Z</time>
    </trkpt>
    <trkpt lat="46.3784722" lon="15.0459122">
      <ele>406.2701416015625</ele>
      <time>2069-12-26T12:11:19Z</time>
    </trkpt>
    <trkpt lat="46.3784044" lon="15.0460397">
      <ele>406.15289306640625</ele>
      <time>2069-12-26T12:11:19Z</time>
    </trkpt>
    <trkpt lat="46.3783458" lon="15.0461107">
      <ele>405.5433349609375</ele>
      <time>2069-12-26T12:11:19Z</time>
    </trkpt>
    <trkpt lat="46.3782789" lon="15.0462449">
      <ele>406.42828369140625</ele>
      <time>2069-12-26T12:11:19Z</time>
    </trkpt>
    <trkpt lat="46.378226" lon="15.0463573">
      <ele>405.807373046875</ele>
      <time>2069-12-26T12:11:19Z</time>
    </trkpt>
    <trkpt lat="46.3781687" lon="15.0464975">
      <ele>405.807373046875</ele>
      <time>2070-01-06T12:16:31Z</time>
    </trkpt>
    <trkpt lat="46.3781183" lon="15.0466523">
      <ele>406.16650390625</ele>
      <time>2070-01-06T12:16:31Z</time>
    </trkpt>
    <trkpt lat="46.3780772" lon="15.0467641">
      <ele>405.94635009765625</ele>
      <time>2070-01-06T12:16:31Z</time>
    </trkpt>
    <trkpt lat="46.3780415" lon="15.0468754">
      <ele>405.4385986328125</ele>
      <time>2070-01-06T12:16:31Z</time>
    </trkpt>
    <trkpt lat="46.3780143" lon="15.0469561">
      <ele>405.43292236328125</ele>
      <time>2070-01-06T12:16:31Z</time>
    </trkpt>
    <trkpt lat="46.377982" lon="15.0470671">
      <ele>405.1318359375</ele>
      <time>2070-01-06T12:16:31Z</time>
    </trkpt>
    <trkpt lat="46.3779528" lon="15.0471634">
      <ele>405.400390625</ele>
      <time>2070-01-06T12:16:31Z</time>
    </trkpt>
    <trkpt lat="46.377908" lon="15.0472869">
      <ele>404.73486328125</ele>
      <time>2070-01-06T12:16:31Z</time>
    </trkpt>
    <trkpt lat="46.3778612" lon="15.0474308">
      <ele>403.56036376953125</ele>
      <time>2070-01-06T12:16:31Z</time>
    </trkpt>
    <trkpt lat="46.3778271" lon="15.0475568">
      <ele>403.35028076171875</ele>
      <time>2070-01-06T12:16:31Z</time>
    </trkpt>
    <trkpt lat="46.3777882" lon="15.0476707">
      <ele>402.9793701171875</ele>
      <time>2070-01-06T12:16:31Z</time>
    </trkpt>
    <trkpt lat="46.3777593" lon="15.0478005">
      <ele>400.82928466796875</ele>
      <time>2070-01-06T12:16:31Z</time>
    </trkpt>
    <trkpt lat="46.3777555" lon="15.0478268">
      <ele>400.347900390625</ele>
      <time>2070-01-06T12:16:31Z</time>
    </trkpt>
    <trkpt lat="46.3777484" lon="15.0478556">
      <ele>399.51513671875</ele>
      <time>2070-01-06T12:16:31Z</time>
    </trkpt>
    <trkpt lat="46.3777334" lon="15.0478796">
      <ele>399.962646484375</ele>
      <time>2070-01-06T12:16:31Z</time>
    </trkpt>
    <trkpt lat="46.3777388" lon="15.0478666">
      <ele>399.962646484375</ele>
      <time>2070-01-21T12:19:57Z</time>
    </trkpt>
    <trkpt lat="46.3777325" lon="15.0478848">
      <ele>397.6993408203125</ele>
      <time>2070-01-21T12:19:57Z</time>
    </trkpt>
    <trkpt lat="46.3777148" lon="15.047933">
      <ele>398.09564208984375</ele>
      <time>2070-01-21T12:19:57Z</time>
    </trkpt>
    <trkpt lat="46.3776989" lon="15.0479847">
      <ele>398.1785888671875</ele>
      <time>2070-01-21T12:19:57Z</time>
    </trkpt>
    <trkpt lat="46.377672" lon="15.0480565">
      <ele>397.703125</ele>
      <time>2070-01-21T12:19:57Z</time>
    </trkpt>
    <trkpt lat="46.3776395" lon="15.0481272">
      <ele>398.881591796875</ele>
      <time>2070-01-21T12:19:57Z</time>
    </trkpt>
    <trkpt lat="46.3775887" lon="15.0482028">
      <ele>400.5582275390625</ele>
      <time>2070-01-21T12:19:57Z</time>
    </trkpt>
    <trkpt lat="46.3775038" lon="15.0483371">
      <ele>400.5582275390625</ele>
      <time>2070-01-28T12:05:33Z</time>
    </trkpt>
    <trkpt lat="46.3774435" lon="15.0484257">
      <ele>399.4517822265625</ele>
      <time>2070-01-28T12:05:33Z</time>
    </trkpt>
    <trkpt lat="46.3773635" lon="15.0485303">
      <ele>400.1483154296875</ele>
      <time>2070-01-28T12:05:33Z</time>
    </trkpt>
    <trkpt lat="46.3772951" lon="15.0486185">
      <ele>398.957275390625</ele>
      <time>2070-01-28T12:05:33Z</time>
    </trkpt>
    <trkpt lat="46.3772141" lon="15.0487164">
      <ele>398.957275390625</ele>
      <time>2070-02-01T12:19:52Z</time>
    </trkpt>
    <trkpt lat="46.3771316" lon="15.0488315">
      <ele>399.12591552734375</ele>
      <time>2070-02-02T12:15:27Z</time>
    </trkpt>
    <trkpt lat="46.3770408" lon="15.0489465">
      <ele>401.97137451171875</ele>
      <time>2070-02-02T12:15:27Z</time>
    </trkpt>
    <trkpt lat="46.3769544" lon="15.0490522">
      <ele>402.28631591796875</ele>
      <time>2070-02-02T12:15:27Z</time>
    </trkpt>
    <trkpt lat="46.3768701" lon="15.0491602">
      <ele>402.505859375</ele>
      <time>2070-02-02T12:15:27Z</time>
    </trkpt>
    <trkpt lat="46.3767795" lon="15.0492716">
      <ele>403.1173095703125</ele>
      <time>2070-02-02T12:15:27Z</time>
    </trkpt>
    <trkpt lat="46.3766943" lon="15.0493604">
      <ele>403.1173095703125</ele>
      <time>2070-02-07T12:35:26Z</time>
    </trkpt>
    <trkpt lat="46.3766119" lon="15.0494477">
      <ele>402.7684326171875</ele>
      <time>2070-02-08T12:26:30Z</time>
    </trkpt>
    <trkpt lat="46.3765241" lon="15.0495402">
      <ele>402.3162841796875</ele>
      <time>2070-02-09T12:07:27Z</time>
    </trkpt>
    <trkpt lat="46.3764399" lon="15.0496301">
      <ele>403.802490234375</ele>
      <time>2070-02-09T12:07:27Z</time>
    </trkpt>
    <trkpt lat="46.3763584" lon="15.0497274">
      <ele>403.802490234375</ele>
      <time>2070-02-11T12:13:56Z</time>
    </trkpt>
    <trkpt lat="46.3762653" lon="15.0498178">
      <ele>403.98895263671875</ele>
      <time>2070-02-12T12:28:47Z</time>
    </trkpt>
    <trkpt lat="46.3761772" lon="15.0498655">
      <ele>404.46484375</ele>
      <time>2070-02-13T12:20:07Z</time>
    </trkpt>
    <trkpt lat="46.3760887" lon="15.0499082">
      <ele>404.912841796875</ele>
      <time>2070-02-14T12:25:45Z</time>
    </trkpt>
    <trkpt lat="46.3759998" lon="15.0499367">
      <ele>405.671875</ele>
      <time>2070-02-15T12:01:12Z</time>
    </trkpt>
    <trkpt lat="46.3759121" lon="15.0499534">
      <ele>406.07135009765625</ele>
      <time>2070-02-16T12:15:51Z</time>
    </trkpt>
    <trkpt lat="46.3758247" lon="15.0499486">
      <ele>405.5738525390625</ele>
      <time>2070-02-17T12:16:47Z</time>
    </trkpt>
    <trkpt lat="46.3757416" lon="15.0499394">
      <ele>405.08905029296875</ele>
      <time>2070-02-18T12:22:30Z</time>
    </trkpt>
    <trkpt lat="46.3756543" lon="15.0499212">
      <ele>405.57476806640625</ele>
      <time>2070-02-19T12:22:00Z</time>
    </trkpt>
    <trkpt lat="46.3755696" lon="15.0498883">
      <ele>405.75048828125</ele>
      <time>2070-02-20T12:12:33Z</time>
    </trkpt>
    <trkpt lat="46.3754807" lon="15.0498535">
      <ele>404.6390380859375</ele>
      <time>2070-02-21T12:05:10Z</time>
    </trkpt>
    <trkpt lat="46.3753965" lon="15.049823">
      <ele>404.782958984375</ele>
      <time>2070-02-22T12:30:30Z</time>
    </trkpt>
    <trkpt lat="46.3753293" lon="15.0497865">
      <ele>405.05133056640625</ele>
      <time>2070-02-23T12:26:25Z</time>
    </trkpt>
    <trkpt lat="46.3752792" lon="15.0497604">
      <ele>405.1553955078125</ele>
      <time>2070-02-24T12:18:19Z</time>
    </trkpt>
    <trkpt lat="46.3752483" lon="15.0497495">
      <ele>404.80731201171875</ele>
      <time>2070-02-25T12:41:52Z</time>
    </trkpt>
    <trkpt lat="46.3752292" lon="15.0497455">
      <ele>404.81884765625</ele>
      <time>2070-02-26T12:33:38Z</time>
    </trkpt>
    <trkpt lat="46.3752157" lon="15.0497528">
      <ele>404.9862060546875</ele>
      <time>2070-02-27T12:11:01Z</time>
    </trkpt>
    <trkpt lat="46.3751915" lon="15.0497404">
      <ele>405.577880859375</ele>
      <time>2070-02-28T12:30:01Z</time>
    </trkpt>
    <trkpt lat="46.3751581" lon="15.0497118">
      <ele>405.36444091796875</ele>
      <time>2070-03-01T12:39:35Z</time>
    </trkpt>
    <trkpt lat="46.3751266" lon="15.0496675">
      <ele>405.9744873046875</ele>
      <time>2070-03-02T12:27:56Z</time>
    </trkpt>
    <trkpt lat="46.3750908" lon="15.0496111">
      <ele>406.181640625</ele>
      <time>2070-03-03T12:43:08Z</time>
    </trkpt>
    <trkpt lat="46.3750562" lon="15.0495662">
      <ele>406.70166015625</ele>
      <time>2070-03-03T12:43:08Z</time>
    </trkpt>
    <trkpt lat="46.3750101" lon="15.0495281">
      <ele>406.3729248046875</ele>
      <time>2070-03-03T12:43:08Z</time>
    </trkpt>
    <trkpt lat="46.3749671" lon="15.0494903">
      <ele>405.4664306640625</ele>
      <time>2070-03-03T12:43:08Z</time>
    </trkpt>
    <trkpt lat="46.3749198" lon="15.0494902">
      <ele>405.6859130859375</ele>
      <time>2070-03-03T12:43:08Z</time>
    </trkpt>
    <trkpt lat="46.3748809" lon="15.04951">
      <ele>407.09521484375</ele>
      <time>2070-03-03T12:43:08Z</time>
    </trkpt>
    <trkpt lat="46.3748453" lon="15.0495572">
      <ele>406.93865966796875</ele>
      <time>2070-03-03T12:43:08Z</time>
    </trkpt>
    <trkpt lat="46.374819" lon="15.0496212">
      <ele>407.171630859375</ele>
      <time>2070-03-03T12:43:08Z</time>
    </trkpt>
    <trkpt lat="46.3748065" lon="15.0496996">
      <ele>407.683837890625</ele>
      <time>2070-03-03T12:43:08Z</time>
    </trkpt>
    <trkpt lat="46.3748137" lon="15.0497804">
      <ele>407.9605712890625</ele>
      <time>2070-03-03T12:43:08Z</time>
    </trkpt>
    <trkpt lat="46.3748359" lon="15.0498497">
      <ele>408.514892578125</ele>
      <time>2070-03-03T12:43:08Z</time>
    </trkpt>
    <trkpt lat="46.3748739" lon="15.0499258">
      <ele>408.45489501953125</ele>
      <time>2070-03-03T12:43:08Z</time>
    </trkpt>
    <trkpt lat="46.3749142" lon="15.0500408">
      <ele>408.880615234375</ele>
      <time>2070-03-03T12:43:08Z</time>
    </trkpt>
    <trkpt lat="46.374937" lon="15.0501436">
      <ele>409.49847412109375</ele>
      <time>2070-03-03T12:43:08Z</time>
    </trkpt>
    <trkpt lat="46.3749434" lon="15.0502596">
      <ele>408.988525390625</ele>
      <time>2070-03-03T12:43:08Z</time>
    </trkpt>
    <trkpt lat="46.3749471" lon="15.0504149">
      <ele>407.8221435546875</ele>
      <time>2070-03-03T12:43:08Z</time>
    </trkpt>
    <trkpt lat="46.374936" lon="15.0505652">
      <ele>407.5120849609375</ele>
      <time>2070-03-03T12:43:08Z</time>
    </trkpt>
    <trkpt lat="46.3749163" lon="15.0507024">
      <ele>407.5921630859375</ele>
      <time>2070-03-03T12:43:08Z</time>
    </trkpt>
    <trkpt lat="46.3748902" lon="15.0508266">
      <ele>408.0294189453125</ele>
      <time>2070-03-03T12:43:08Z</time>
    </trkpt>
    <trkpt lat="46.3748431" lon="15.0509847">
      <ele>409.0836181640625</ele>
      <time>2070-03-03T12:43:08Z</time>
    </trkpt>
    <trkpt lat="46.3748113" lon="15.0511475">
      <ele>410.3377685546875</ele>
      <time>2070-03-03T12:43:08Z</time>
    </trkpt>
    <trkpt lat="46.3747732" lon="15.0513132">
      <ele>410.3848876953125</ele>
      <time>2070-03-03T12:43:08Z</time>
    </trkpt>
    <trkpt lat="46.3747385" lon="15.0514897">
      <ele>409.910400390625</ele>
      <time>2070-03-03T12:43:08Z</time>
    </trkpt>
    <trkpt lat="46.3746802" lon="15.0516748">
      <ele>409.43359375</ele>
      <time>2070-03-03T12:43:08Z</time>
    </trkpt>
    <trkpt lat="46.3746205" lon="15.0518494">
      <ele>409.49853515625</ele>
      <time>2070-03-03T12:43:08Z</time>
    </trkpt>
    <trkpt lat="46.3745979" lon="15.0519695">
      <ele>409.23052978515625</ele>
      <time>2070-03-03T12:43:08Z</time>
    </trkpt>
    <trkpt lat="46.3745597" lon="15.0521286">
      <ele>409.155517578125</ele>
      <time>2070-03-03T12:43:08Z</time>
    </trkpt>
    <trkpt lat="46.3745051" lon="15.0522804">
      <ele>409.155517578125</ele>
      <time>2070-03-30T12:13:24Z</time>
    </trkpt>
    <trkpt lat="46.3744631" lon="15.0524659">
      <ele>408.65093994140625</ele>
      <time>2070-03-31T12:04:38Z</time>
    </trkpt>
    <trkpt lat="46.3743947" lon="15.0526484">
      <ele>409.04736328125</ele>
      <time>2070-03-31T12:04:38Z</time>
    </trkpt>
    <trkpt lat="46.3743481" lon="15.0528243">
      <ele>409.5245361328125</ele>
      <time>2070-03-31T12:04:38Z</time>
    </trkpt>
    <trkpt lat="46.3742981" lon="15.0530204">
      <ele>409.5245361328125</ele>
      <time>2070-04-03T12:10:14Z</time>
    </trkpt>
    <trkpt lat="46.3742617" lon="15.053191">
      <ele>408.3365478515625</ele>
      <time>2070-04-03T12:10:14Z</time>
    </trkpt>
    <trkpt lat="46.3742178" lon="15.0533579">
      <ele>408.3365478515625</ele>
      <time>2070-04-05T12:05:56Z</time>
    </trkpt>
    <trkpt lat="46.3741603" lon="15.053551">
      <ele>407.55206298828125</ele>
      <time>2070-04-06T12:03:47Z</time>
    </trkpt>
    <trkpt lat="46.374114" lon="15.0537378">
      <ele>407.2669677734375</ele>
      <time>2070-04-07T12:24:52Z</time>
    </trkpt>
    <trkpt lat="46.3740639" lon="15.0539271">
      <ele>406.7982177734375</ele>
      <time>2070-04-08T12:28:14Z</time>
    </trkpt>
    <trkpt lat="46.3740062" lon="15.0541313">
      <ele>407.5377197265625</ele>
      <time>2070-04-09T12:17:20Z</time>
    </trkpt>
    <trkpt lat="46.3739484" lon="15.054332">
      <ele>407.72222900390625</ele>
      <time>2070-04-10T12:13:08Z</time>
    </trkpt>
    <trkpt lat="46.3738847" lon="15.0545387">
      <ele>408.27783203125</ele>
      <time>2070-04-11T12:04:47Z</time>
    </trkpt>
    <trkpt lat="46.3738285" lon="15.0547411">
      <ele>407.75506591796875</ele>
      <time>2070-04-12T12:07:59Z</time>
    </trkpt>
    <trkpt lat="46.3737657" lon="15.0549501">
      <ele>407.8133544921875</ele>
      <time>2070-04-12T12:07:59Z</time>
    </trkpt>
    <trkpt lat="46.3737047" lon="15.0551721">
      <ele>408.22998046875</ele>
      <time>2070-04-12T12:07:59Z</time>
    </trkpt>
    <trkpt lat="46.3736448" lon="15.0553879">
      <ele>408.22998046875</ele>
      <time>2070-04-15T12:12:19Z</time>
    </trkpt>
    <trkpt lat="46.3735907" lon="15.0555906">
      <ele>408.3087158203125</ele>
      <time>2070-04-15T12:12:19Z</time>
    </trkpt>
    <trkpt lat="46.3735364" lon="15.0557958">
      <ele>408.3087158203125</ele>
      <time>2070-04-17T12:03:55Z</time>
    </trkpt>
    <trkpt lat="46.3734826" lon="15.0559875">
      <ele>408.3758544921875</ele>
      <time>2070-04-18T12:07:09Z</time>
    </trkpt>
    <trkpt lat="46.3734246" lon="15.0561772">
      <ele>407.26678466796875</ele>
      <time>2070-04-19T12:24:04Z</time>
    </trkpt>
    <trkpt lat="46.3733747" lon="15.056369">
      <ele>407.96630859375</ele>
      <time>2070-04-20T12:19:14Z</time>
    </trkpt>
    <trkpt lat="46.3733208" lon="15.0565546">
      <ele>408.6478271484375</ele>
      <time>2070-04-21T12:23:28Z</time>
    </trkpt>
    <trkpt lat="46.3732683" lon="15.0567395">
      <ele>408.38165283203125</ele>
      <time>2070-04-22T12:20:24Z</time>
    </trkpt>
    <trkpt lat="46.3732061" lon="15.0569095">
      <ele>409.171875</ele>
      <time>2070-04-23T12:05:11Z</time>
    </trkpt>
    <trkpt lat="46.3731276" lon="15.0570625">
      <ele>409.9512939453125</ele>
      <time>2070-04-23T12:05:11Z</time>
    </trkpt>
    <trkpt lat="46.3730416" lon="15.0571991">
      <ele>409.9512939453125</ele>
      <time>2070-04-25T12:21:47Z</time>
    </trkpt>
    <trkpt lat="46.372946" lon="15.0573075">
      <ele>410.464599609375</ele>
      <time>2070-04-26T12:19:28Z</time>
    </trkpt>
    <trkpt lat="46.3728308" lon="15.0574078">
      <ele>410.72100830078125</ele>
      <time>2070-04-26T12:19:28Z</time>
    </trkpt>
    <trkpt lat="46.3727096" lon="15.0574858">
      <ele>410.72100830078125</ele>
      <time>2070-04-28T12:10:22Z</time>
    </trkpt>
    <trkpt lat="46.3725832" lon="15.0575425">
      <ele>409.588134765625</ele>
      <time>2070-04-28T12:10:22Z</time>
    </trkpt>
    <trkpt lat="46.3724487" lon="15.0575873">
      <ele>409.44268798828125</ele>
      <time>2070-04-28T12:10:22Z</time>
    </trkpt>
    <trkpt lat="46.372302" lon="15.0576259">
      <ele>409.04736328125</ele>
      <time>2070-04-28T12:10:22Z</time>
    </trkpt>
    <trkpt lat="46.3721708" lon="15.057662">
      <ele>409.12542724609375</ele>
      <time>2070-04-28T12:10:22Z</time>
    </trkpt>
    <trkpt lat="46.3720303" lon="15.0577085">
      <ele>409.12542724609375</ele>
      <time>2070-05-03T12:14:06Z</time>
    </trkpt>
    <trkpt lat="46.3718979" lon="15.0577647">
      <ele>409.37127685546875</ele>
      <time>2070-05-04T12:18:09Z</time>
    </trkpt>
    <trkpt lat="46.3717732" lon="15.0578321">
      <ele>410.8702392578125</ele>
      <time>2070-05-05T12:06:58Z</time>
    </trkpt>
    <trkpt lat="46.3716611" lon="15.0579109">
      <ele>411.259521484375</ele>
      <time>2070-05-05T12:06:58Z</time>
    </trkpt>
    <trkpt lat="46.3715352" lon="15.0580048">
      <ele>411.202880859375</ele>
      <time>2070-05-05T12:06:58Z</time>
    </trkpt>
    <trkpt lat="46.3714117" lon="15.0581227">
      <ele>410.6251220703125</ele>
      <time>2070-05-05T12:06:58Z</time>
    </trkpt>
    <trkpt lat="46.3712872" lon="15.0582668">
      <ele>410.6251220703125</ele>
      <time>2070-05-09T12:26:35Z</time>
    </trkpt>
    <trkpt lat="46.371178" lon="15.0584046">
      <ele>411.70501708984375</ele>
      <time>2070-05-10T12:11:59Z</time>
    </trkpt>
    <trkpt lat="46.3710647" lon="15.0585472">
      <ele>410.56402587890625</ele>
      <time>2070-05-11T12:08:17Z</time>
    </trkpt>
    <trkpt lat="46.3709506" lon="15.0586862">
      <ele>411.00860595703125</ele>
      <time>2070-05-12T12:31:43Z</time>
    </trkpt>
    <trkpt lat="46.3708405" lon="15.0588343">
      <ele>410.8173828125</ele>
      <time>2070-05-13T12:23:05Z</time>
    </trkpt>
    <trkpt lat="46.3707356" lon="15.0589746">
      <ele>410.8272705078125</ele>
      <time>2070-05-14T12:33:39Z</time>
    </trkpt>
    <trkpt lat="46.3706315" lon="15.0591357">
      <ele>409.638671875</ele>
      <time>2070-05-14T12:33:39Z</time>
    </trkpt>
    <trkpt lat="46.3705351" lon="15.0592908">
      <ele>408.8466796875</ele>
      <time>2070-05-14T12:33:39Z</time>
    </trkpt>
    <trkpt lat="46.3704393" lon="15.059457">
      <ele>409.3043212890625</ele>
      <time>2070-05-14T12:33:39Z</time>
    </trkpt>
    <trkpt lat="46.3703435" lon="15.0596291">
      <ele>409.3114013671875</ele>
      <time>2070-05-14T12:33:39Z</time>
    </trkpt>
    <trkpt lat="46.3702544" lon="15.0597886">
      <ele>409.2225341796875</ele>
      <time>2070-05-14T12:33:39Z</time>
    </trkpt>
    <trkpt lat="46.3701642" lon="15.0599654">
      <ele>409.2225341796875</ele>
      <time>2070-05-20T12:18:29Z</time>
    </trkpt>
    <trkpt lat="46.370075" lon="15.0601439">
      <ele>408.81439208984375</ele>
      <time>2070-05-21T12:14:29Z</time>
    </trkpt>
    <trkpt lat="46.3699864" lon="15.0603345">
      <ele>409.30059814453125</ele>
      <time>2070-05-21T12:14:29Z</time>
    </trkpt>
    <trkpt lat="46.3699082" lon="15.0605311">
      <ele>409.30059814453125</ele>
      <time>2070-05-23T12:07:46Z</time>
    </trkpt>
    <trkpt lat="46.3698213" lon="15.0607275">
      <ele>410.51611328125</ele>
      <time>2070-05-24T12:27:11Z</time>
    </trkpt>
    <trkpt lat="46.3697471" lon="15.0609188">
      <ele>411.28564453125</ele>
      <time>2070-05-24T12:27:11Z</time>
    </trkpt>
    <trkpt lat="46.3696741" lon="15.0611097">
      <ele>411.28564453125</ele>
      <time>2070-05-26T12:15:06Z</time>
    </trkpt>
    <trkpt lat="46.3696202" lon="15.0613321">
      <ele>411.4122314453125</ele>
      <time>2070-05-27T12:31:37Z</time>
    </trkpt>
    <trkpt lat="46.3695773" lon="15.0615492">
      <ele>412.31732177734375</ele>
      <time>2070-05-28T12:05:49Z</time>
    </trkpt>
    <trkpt lat="46.3695487" lon="15.0617674">
      <ele>412.58624267578125</ele>
      <time>2070-05-29T12:10:32Z</time>
    </trkpt>
    <trkpt lat="46.3695236" lon="15.0619832">
      <ele>414.582275390625</ele>
      <time>2070-05-29T12:10:32Z</time>
    </trkpt>
    <trkpt lat="46.3695068" lon="15.062188">
      <ele>414.02325439453125</ele>
      <time>2070-05-29T12:10:32Z</time>
    </trkpt>
    <trkpt lat="46.3694915" lon="15.0624062">
      <ele>414.02325439453125</ele>
      <time>2070-06-01T12:41:15Z</time>
    </trkpt>
    <trkpt lat="46.3694613" lon="15.0626196">
      <ele>413.5240478515625</ele>
      <time>2070-06-02T12:14:21Z</time>
    </trkpt>
    <trkpt lat="46.3694469" lon="15.062816">
      <ele>411.1700439453125</ele>
      <time>2070-06-02T12:14:21Z</time>
    </trkpt>
    <trkpt lat="46.3694267" lon="15.0630224">
      <ele>412.00726318359375</ele>
      <time>2070-06-02T12:14:21Z</time>
    </trkpt>
    <trkpt lat="46.3693857" lon="15.0632121">
      <ele>412.2886962890625</ele>
      <time>2070-06-02T12:14:21Z</time>
    </trkpt>
    <trkpt lat="46.3693408" lon="15.0634068">
      <ele>412.1959228515625</ele>
      <time>2070-06-02T12:14:21Z</time>
    </trkpt>
    <trkpt lat="46.3692926" lon="15.0636204">
      <ele>412.55670166015625</ele>
      <time>2070-06-02T12:14:21Z</time>
    </trkpt>
    <trkpt lat="46.3692441" lon="15.0638427">
      <ele>412.77740478515625</ele>
      <time>2070-06-02T12:14:21Z</time>
    </trkpt>
    <trkpt lat="46.3691931" lon="15.0640637">
      <ele>412.4151611328125</ele>
      <time>2070-06-02T12:14:21Z</time>
    </trkpt>
    <trkpt lat="46.3691419" lon="15.0642967">
      <ele>412.48541259765625</ele>
      <time>2070-06-02T12:14:21Z</time>
    </trkpt>
    <trkpt lat="46.3690958" lon="15.0645239">
      <ele>412.7174072265625</ele>
      <time>2070-06-02T12:14:21Z</time>
    </trkpt>
    <trkpt lat="46.3690483" lon="15.0647629">
      <ele>412.2586669921875</ele>
      <time>2070-06-02T12:14:21Z</time>
    </trkpt>
    <trkpt lat="46.3690266" lon="15.0649969">
      <ele>413.1976318359375</ele>
      <time>2070-06-02T12:14:21Z</time>
    </trkpt>
    <trkpt lat="46.3690017" lon="15.0652321">
      <ele>413.0711669921875</ele>
      <time>2070-06-02T12:14:21Z</time>
    </trkpt>
    <trkpt lat="46.368987" lon="15.0654731">
      <ele>412.9681396484375</ele>
      <time>2070-06-02T12:14:21Z</time>
    </trkpt>
    <trkpt lat="46.3689725" lon="15.0657155">
      <ele>412.705078125</ele>
      <time>2070-06-02T12:14:21Z</time>
    </trkpt>
    <trkpt lat="46.3689732" lon="15.0659595">
      <ele>413.0404052734375</ele>
      <time>2070-06-02T12:14:21Z</time>
    </trkpt>
    <trkpt lat="46.3689697" lon="15.0662077">
      <ele>412.94122314453125</ele>
      <time>2070-06-02T12:14:21Z</time>
    </trkpt>
    <trkpt lat="46.3689725" lon="15.066466">
      <ele>413.3076171875</ele>
      <time>2070-06-02T12:14:21Z</time>
    </trkpt>
    <trkpt lat="46.3689663" lon="15.0667518">
      <ele>409.616943359375</ele>
      <time>2070-06-02T12:14:21Z</time>
    </trkpt>
    <trkpt lat="46.3689629" lon="15.0669741">
      <ele>408.617919921875</ele>
      <time>2070-06-02T12:14:21Z</time>
    </trkpt>
    <trkpt lat="46.3689675" lon="15.0672288">
      <ele>409.46014404296875</ele>
      <time>2070-06-02T12:14:21Z</time>
    </trkpt>
    <trkpt lat="46.3689605" lon="15.0674452">
      <ele>407.54278564453125</ele>
      <time>2070-06-02T12:14:21Z</time>
    </trkpt>
    <trkpt lat="46.3689503" lon="15.0676526">
      <ele>406.8651123046875</ele>
      <time>2070-06-02T12:14:21Z</time>
    </trkpt>
    <trkpt lat="46.3689163" lon="15.0678703">
      <ele>405.74658203125</ele>
      <time>2070-06-02T12:14:21Z</time>
    </trkpt>
    <trkpt lat="46.3688612" lon="15.0680608">
      <ele>405.4913330078125</ele>
      <time>2070-06-02T12:14:21Z</time>
    </trkpt>
    <trkpt lat="46.3687811" lon="15.0682366">
      <ele>406.470703125</ele>
      <time>2070-06-02T12:14:21Z</time>
    </trkpt>
    <trkpt lat="46.3687055" lon="15.06837">
      <ele>407.6541748046875</ele>
      <time>2070-06-02T12:14:21Z</time>
    </trkpt>
    <trkpt lat="46.3686044" lon="15.0685267">
      <ele>407.211181640625</ele>
      <time>2070-06-02T12:14:21Z</time>
    </trkpt>
    <trkpt lat="46.3685027" lon="15.0686665">
      <ele>406.5855712890625</ele>
      <time>2070-06-02T12:14:21Z</time>
    </trkpt>
    <trkpt lat="46.3684289" lon="15.0688226">
      <ele>405.9908447265625</ele>
      <time>2070-06-02T12:14:21Z</time>
    </trkpt>
    <trkpt lat="46.3683557" lon="15.0689464">
      <ele>405.60205078125</ele>
      <time>2070-06-02T12:14:21Z</time>
    </trkpt>
    <trkpt lat="46.3682861" lon="15.0690914">
      <ele>406.1087646484375</ele>
      <time>2070-06-02T12:14:21Z</time>
    </trkpt>
    <trkpt lat="46.3682271" lon="15.0692343">
      <ele>406.897216796875</ele>
      <time>2070-06-02T12:14:21Z</time>
    </trkpt>
    <trkpt lat="46.3681855" lon="15.069342">
      <ele>408.418212890625</ele>
      <time>2070-06-02T12:14:21Z</time>
    </trkpt>
    <trkpt lat="46.3681462" lon="15.0694437">
      <ele>408.418212890625</ele>
      <time>2070-07-06T12:11:37Z</time>
    </trkpt>
    <trkpt lat="46.3680914" lon="15.0695424">
      <ele>410.22283935546875</ele>
      <time>2070-07-07T12:20:45Z</time>
    </trkpt>
    <trkpt lat="46.3680423" lon="15.0696403">
      <ele>409.3648681640625</ele>
      <time>2070-07-07T12:20:45Z</time>
    </trkpt>
    <trkpt lat="46.3680121" lon="15.0697208">
      <ele>410.770751953125</ele>
      <time>2070-07-07T12:20:45Z</time>
    </trkpt>
    <trkpt lat="46.3679682" lon="15.0697795">
      <ele>410.88671875</ele>
      <time>2070-07-07T12:20:45Z</time>
    </trkpt>
    <trkpt lat="46.3679332" lon="15.0698338">
      <ele>410.88671875</ele>
      <time>2070-07-11T12:16:36Z</time>
    </trkpt>
    <trkpt lat="46.367896" lon="15.0698923">
      <ele>411.3719482421875</ele>
      <time>2070-07-11T12:16:36Z</time>
    </trkpt>
    <trkpt lat="46.3678869" lon="15.0699829">
      <ele>412.9381103515625</ele>
      <time>2070-07-11T12:16:36Z</time>
    </trkpt>
    <trkpt lat="46.3679072" lon="15.0700543">
      <ele>413.29827880859375</ele>
      <time>2070-07-11T12:16:36Z</time>
    </trkpt>
    <trkpt lat="46.3679463" lon="15.0701252">
      <ele>414.235107421875</ele>
      <time>2070-07-11T12:16:36Z</time>
    </trkpt>
    <trkpt lat="46.3679925" lon="15.0702222">
      <ele>413.52520751953125</ele>
      <time>2070-07-11T12:16:36Z</time>
    </trkpt>
    <trkpt lat="46.3680278" lon="15.0703122">
      <ele>412.59149169921875</ele>
      <time>2070-07-11T12:16:36Z</time>
    </trkpt>
    <trkpt lat="46.3680662" lon="15.0704357">
      <ele>412.59149169921875</ele>
      <time>2070-07-18T12:20:57Z</time>
    </trkpt>
    <trkpt lat="46.3681115" lon="15.0705734">
      <ele>414.49072265625</ele>
      <time>2070-07-19T12:16:24Z</time>
    </trkpt>
    <trkpt lat="46.3681418" lon="15.0707313">
      <ele>414.17138671875</ele>
      <time>2070-07-20T12:18:05Z</time>
    </trkpt>
    <trkpt lat="46.3681843" lon="15.0709192">
      <ele>413.5279541015625</ele>
      <time>2070-07-21T11:54:29Z</time>
    </trkpt>
    <trkpt lat="46.3682304" lon="15.0711003">
      <ele>414.112060546875</ele>
      <time>2070-07-22T12:22:11Z</time>
    </trkpt>
    <trkpt lat="46.3682735" lon="15.0712866">
      <ele>414.396484375</ele>
      <time>2070-07-23T12:17:55Z</time>
    </trkpt>
    <trkpt lat="46.3683155" lon="15.071499">
      <ele>413.73651123046875</ele>
      <time>2070-07-24T12:22:08Z</time>
    </trkpt>
    <trkpt lat="46.3683622" lon="15.0717184">
      <ele>414.0311279296875</ele>
      <time>2070-07-25T12:15:13Z</time>
    </trkpt>
    <trkpt lat="46.3684056" lon="15.0719442">
      <ele>415.0035400390625</ele>
      <time>2070-07-26T12:14:53Z</time>
    </trkpt>
    <trkpt lat="46.3684473" lon="15.0721656">
      <ele>415.02044677734375</ele>
      <time>2070-07-27T11:57:40Z</time>
    </trkpt>
    <trkpt lat="46.3684993" lon="15.0723947">
      <ele>416.07861328125</ele>
      <time>2070-07-27T11:57:40Z</time>
    </trkpt>
    <trkpt lat="46.3685412" lon="15.0726272">
      <ele>416.07861328125</ele>
      <time>2070-07-29T12:11:25Z</time>
    </trkpt>
    <trkpt lat="46.3685906" lon="15.0728538">
      <ele>416.50146484375</ele>
      <time>2070-07-29T12:11:25Z</time>
    </trkpt>
    <trkpt lat="46.3686351" lon="15.0730953">
      <ele>416.50146484375</ele>
      <time>2070-07-31T12:18:35Z</time>
    </trkpt>
    <trkpt lat="46.3686775" lon="15.0733276">
      <ele>416.8394775390625</ele>
      <time>2070-08-01T12:10:46Z</time>
    </trkpt>
    <trkpt lat="46.3687157" lon="15.0735502">
      <ele>417.0242919921875</ele>
      <time>2070-08-02T12:05:09Z</time>
    </trkpt>
    <trkpt lat="46.3687394" lon="15.073784">
      <ele>417.27191162109375</ele>
      <time>2070-08-02T12:05:09Z</time>
    </trkpt>
    <trkpt lat="46.3687523" lon="15.0740231">
      <ele>417.1712646484375</ele>
      <time>2070-08-02T12:05:09Z</time>
    </trkpt>
    <trkpt lat="46.368738" lon="15.0742495">
      <ele>417.1712646484375</ele>
      <time>2070-08-05T12:16:46Z</time>
    </trkpt>
    <trkpt lat="46.3687093" lon="15.0744845">
      <ele>417.8751220703125</ele>
      <time>2070-08-06T12:17:42Z</time>
    </trkpt>
    <trkpt lat="46.3686788" lon="15.0747186">
      <ele>418.3895263671875</ele>
      <time>2070-08-07T12:00:33Z</time>
    </trkpt>
    <trkpt lat="46.3686443" lon="15.0749613">
      <ele>418.74749755859375</ele>
      <time>2070-08-08T11:59:42Z</time>
    </trkpt>
    <trkpt lat="46.3686115" lon="15.0752133">
      <ele>419.558349609375</ele>
      <time>2070-08-09T12:15:36Z</time>
    </trkpt>
    <trkpt lat="46.3685594" lon="15.075463">
      <ele>418.9949951171875</ele>
      <time>2070-08-10T12:15:45Z</time>
    </trkpt>
    <trkpt lat="46.3685138" lon="15.0757098">
      <ele>417.02587890625</ele>
      <time>2070-08-10T12:15:45Z</time>
    </trkpt>
    <trkpt lat="46.3684796" lon="15.075952">
      <ele>417.2347412109375</ele>
      <time>2070-08-10T12:15:45Z</time>
    </trkpt>
    <trkpt lat="46.3684742" lon="15.0761882">
      <ele>417.2347412109375</ele>
      <time>2070-08-13T12:01:39Z</time>
    </trkpt>
    <trkpt lat="46.3684553" lon="15.0764324">
      <ele>418.52880859375</ele>
      <time>2070-08-14T12:08:43Z</time>
    </trkpt>
    <trkpt lat="46.3684304" lon="15.0766777">
      <ele>417.8963623046875</ele>
      <time>2070-08-14T12:08:43Z</time>
    </trkpt>
    <trkpt lat="46.3684083" lon="15.0769139">
      <ele>417.8963623046875</ele>
      <time>2070-08-16T12:28:38Z</time>
    </trkpt>
    <trkpt lat="46.3683846" lon="15.0771405">
      <ele>418.5599365234375</ele>
      <time>2070-08-16T12:28:38Z</time>
    </trkpt>
    <trkpt lat="46.3683631" lon="15.0773445">
      <ele>418.69793701171875</ele>
      <time>2070-08-16T12:28:38Z</time>
    </trkpt>
    <trkpt lat="46.3683448" lon="15.077559">
      <ele>418.9476318359375</ele>
      <time>2070-08-16T12:28:38Z</time>
    </trkpt>
    <trkpt lat="46.3683208" lon="15.0777744">
      <ele>418.9476318359375</ele>
      <time>2070-08-20T12:11:18Z</time>
    </trkpt>
    <trkpt lat="46.3682974" lon="15.0779851">
      <ele>417.673095703125</ele>
      <time>2070-08-21T12:20:10Z</time>
    </trkpt>
    <trkpt lat="46.3682721" lon="15.0781809">
      <ele>417.675537109375</ele>
      <time>2070-08-22T12:14:47Z</time>
    </trkpt>
    <trkpt lat="46.3682384" lon="15.078368">
      <ele>418.90850830078125</ele>
      <time>2070-08-22T12:14:47Z</time>
    </trkpt>
    <trkpt lat="46.368207" lon="15.0785611">
      <ele>418.6456298828125</ele>
      <time>2070-08-22T12:14:47Z</time>
    </trkpt>
    <trkpt lat="46.3681731" lon="15.0787492">
      <ele>418.29290771484375</ele>
      <time>2070-08-22T12:14:47Z</time>
    </trkpt>
    <trkpt lat="46.368144" lon="15.0789363">
      <ele>418.14013671875</ele>
      <time>2070-08-22T12:14:47Z</time>
    </trkpt>
    <trkpt lat="46.3681211" lon="15.0791161">
      <ele>418.4354248046875</ele>
      <time>2070-08-22T12:14:47Z</time>
    </trkpt>
    <trkpt lat="46.368091" lon="15.0792911">
      <ele>418.7325439453125</ele>
      <time>2070-08-22T12:14:47Z</time>
    </trkpt>
    <trkpt lat="46.3680749" lon="15.0794935">
      <ele>419.0562744140625</ele>
      <time>2070-08-22T12:14:47Z</time>
    </trkpt>
    <trkpt lat="46.3680647" lon="15.0796447">
      <ele>420.210693359375</ele>
      <time>2070-08-22T12:14:47Z</time>
    </trkpt>
    <trkpt lat="46.3680364" lon="15.0798149">
      <ele>420.210693359375</ele>
      <time>2070-08-31T12:01:54Z</time>
    </trkpt>
    <trkpt lat="46.3680195" lon="15.0799889">
      <ele>420.1297607421875</ele>
      <time>2070-09-01T12:21:48Z</time>
    </trkpt>
    <trkpt lat="46.3680085" lon="15.0801532">
      <ele>421.1658935546875</ele>
      <time>2070-09-02T12:34:29Z</time>
    </trkpt>
    <trkpt lat="46.3679902" lon="15.0803153">
      <ele>421.1319580078125</ele>
      <time>2070-09-03T12:17:09Z</time>
    </trkpt>
    <trkpt lat="46.3679833" lon="15.0804853">
      <ele>421.8682861328125</ele>
      <time>2070-09-04T12:14:22Z</time>
    </trkpt>
    <trkpt lat="46.3679744" lon="15.0806566">
      <ele>421.80712890625</ele>
      <time>2070-09-05T12:15:23Z</time>
    </trkpt>
    <trkpt lat="46.3679588" lon="15.0808273">
      <ele>420.1014404296875</ele>
      <time>2070-09-06T12:14:25Z</time>
    </trkpt>
    <trkpt lat="46.3679372" lon="15.0810083">
      <ele>419.95428466796875</ele>
      <time>2070-09-07T12:17:09Z</time>
    </trkpt>
    <trkpt lat="46.3679216" lon="15.0811858">
      <ele>420.15509033203125</ele>
      <time>2070-09-08T12:08:26Z</time>
    </trkpt>
    <trkpt lat="46.3679063" lon="15.0813704">
      <ele>420.71600341796875</ele>
      <time>2070-09-09T12:08:13Z</time>
    </trkpt>
    <trkpt lat="46.3678928" lon="15.0815511">
      <ele>420.37005615234375</ele>
      <time>2070-09-10T12:25:25Z</time>
    </trkpt>
    <trkpt lat="46.3678808" lon="15.0817292">
      <ele>420.3057861328125</ele>
      <time>2070-09-11T12:19:32Z</time>
    </trkpt>
    <trkpt lat="46.3678715" lon="15.0819107">
      <ele>420.07611083984375</ele>
      <time>2070-09-12T12:17:07Z</time>
    </trkpt>
    <trkpt lat="46.3678549" lon="15.0820849">
      <ele>419.49200439453125</ele>
      <time>2070-09-13T12:23:34Z</time>
    </trkpt>
    <trkpt lat="46.3678428" lon="15.082255">
      <ele>419.8463134765625</ele>
      <time>2070-09-14T12:02:58Z</time>
    </trkpt>
    <trkpt lat="46.3678274" lon="15.0824261">
      <ele>419.50738525390625</ele>
      <time>2070-09-15T12:29:23Z</time>
    </trkpt>
    <trkpt lat="46.3678073" lon="15.0826006">
      <ele>419.3182373046875</ele>
      <time>2070-09-16T12:26:35Z</time>
    </trkpt>
    <trkpt lat="46.3677952" lon="15.0827846">
      <ele>419.18634033203125</ele>
      <time>2070-09-17T12:41:10Z</time>
    </trkpt>
    <trkpt lat="46.3677789" lon="15.0829664">
      <ele>418.5472412109375</ele>
      <time>2070-09-18T12:14:24Z</time>
    </trkpt>
    <trkpt lat="46.3677697" lon="15.0831473">
      <ele>418.5006103515625</ele>
      <time>2070-09-19T12:13:55Z</time>
    </trkpt>
    <trkpt lat="46.3677543" lon="15.0833304">
      <ele>418.474853515625</ele>
      <time>2070-09-20T12:12:20Z</time>
    </trkpt>
    <trkpt lat="46.3677389" lon="15.0835242">
      <ele>418.352294921875</ele>
      <time>2070-09-21T12:01:38Z</time>
    </trkpt>
    <trkpt lat="46.3677129" lon="15.0837189">
      <ele>417.9071044921875</ele>
      <time>2070-09-22T12:06:56Z</time>
    </trkpt>
    <trkpt lat="46.3676944" lon="15.0839203">
      <ele>417.80865478515625</ele>
      <time>2070-09-23T12:14:21Z</time>
    </trkpt>
    <trkpt lat="46.3676731" lon="15.0841236">
      <ele>418.30560302734375</ele>
      <time>2070-09-24T12:18:06Z</time>
    </trkpt>
    <trkpt lat="46.3676491" lon="15.0843382">
      <ele>417.8245849609375</ele>
      <time>2070-09-25T12:28:16Z</time>
    </trkpt>
    <trkpt lat="46.3676226" lon="15.0845642">
      <ele>418.2574462890625</ele>
      <time>2070-09-26T12:31:18Z</time>
    </trkpt>
    <trkpt lat="46.3675974" lon="15.0847932">
      <ele>418.8662109375</ele>
      <time>2070-09-27T12:10:47Z</time>
    </trkpt>
    <trkpt lat="46.3675742" lon="15.0850153">
      <ele>419.1845703125</ele>
      <time>2070-09-28T12:04:06Z</time>
    </trkpt>
    <trkpt lat="46.3675499" lon="15.0852223">
      <ele>419.176025390625</ele>
      <time>2070-09-29T12:13:38Z</time>
    </trkpt>
    <trkpt lat="46.3675255" lon="15.0854303">
      <ele>419.2744140625</ele>
      <time>2070-09-30T12:14:25Z</time>
    </trkpt>
    <trkpt lat="46.3675011" lon="15.0856376">
      <ele>419.2327880859375</ele>
      <time>2070-10-01T12:12:46Z</time>
    </trkpt>
    <trkpt lat="46.3674797" lon="15.0858376">
      <ele>419.450927734375</ele>
      <time>2070-10-02T12:41:17Z</time>
    </trkpt>
    <trkpt lat="46.3674595" lon="15.0860353">
      <ele>419.6556396484375</ele>
      <time>2070-10-03T12:07:35Z</time>
    </trkpt>
    <trkpt lat="46.3674357" lon="15.086239">
      <ele>419.524658203125</ele>
      <time>2070-10-04T12:07:51Z</time>
    </trkpt>
    <trkpt lat="46.3674102" lon="15.0864384">
      <ele>419.9010009765625</ele>
      <time>2070-10-05T12:16:42Z</time>
    </trkpt>
    <trkpt lat="46.3673853" lon="15.0866384">
      <ele>420.0479736328125</ele>
      <time>2070-10-06T12:16:35Z</time>
    </trkpt>
    <trkpt lat="46.3673522" lon="15.0868388">
      <ele>420.13720703125</ele>
      <time>2070-10-07T12:09:59Z</time>
    </trkpt>
    <trkpt lat="46.367304" lon="15.0870311">
      <ele>420.2156982421875</ele>
      <time>2070-10-07T12:09:59Z</time>
    </trkpt>
    <trkpt lat="46.367245" lon="15.0872132">
      <ele>420.2156982421875</ele>
      <time>2070-10-09T12:14:08Z</time>
    </trkpt>
    <trkpt lat="46.367171" lon="15.087393">
      <ele>421.0137939453125</ele>
      <time>2070-10-09T12:14:08Z</time>
    </trkpt>
    <trkpt lat="46.3670773" lon="15.0875571">
      <ele>421.0137939453125</ele>
      <time>2070-10-11T12:20:33Z</time>
    </trkpt>
    <trkpt lat="46.3669713" lon="15.0877156">
      <ele>420.53753662109375</ele>
      <time>2070-10-11T12:20:33Z</time>
    </trkpt>
    <trkpt lat="46.3668464" lon="15.0878505">
      <ele>420.53753662109375</ele>
      <time>2070-10-13T12:16:59Z</time>
    </trkpt>
    <trkpt lat="46.3667095" lon="15.087963">
      <ele>420.31109619140625</ele>
      <time>2070-10-13T12:16:59Z</time>
    </trkpt>
    <trkpt lat="46.3665585" lon="15.0880564">
      <ele>420.2843017578125</ele>
      <time>2070-10-13T12:16:59Z</time>
    </trkpt>
    <trkpt lat="46.3664058" lon="15.0881299">
      <ele>420.2843017578125</ele>
      <time>2070-10-16T12:04:17Z</time>
    </trkpt>
    <trkpt lat="46.3662496" lon="15.0881809">
      <ele>419.9140625</ele>
      <time>2070-10-17T12:22:06Z</time>
    </trkpt>
    <trkpt lat="46.3660944" lon="15.0882098">
      <ele>420.943359375</ele>
      <time>2070-10-17T12:22:06Z</time>
    </trkpt>
    <trkpt lat="46.3659482" lon="15.0882405">
      <ele>420.943359375</ele>
      <time>2070-10-19T12:02:17Z</time>
    </trkpt>
    <trkpt lat="46.3658041" lon="15.0882818">
      <ele>420.863037109375</ele>
      <time>2070-10-20T12:05:38Z</time>
    </trkpt>
    <trkpt lat="46.36566" lon="15.0883062">
      <ele>421.2247314453125</ele>
      <time>2070-10-21T12:18:14Z</time>
    </trkpt>
    <trkpt lat="46.3655225" lon="15.0883339">
      <ele>421.768798828125</ele>
      <time>2070-10-22T12:14:31Z</time>
    </trkpt>
    <trkpt lat="46.365393" lon="15.0883783">
      <ele>421.718994140625</ele>
      <time>2070-10-23T12:05:23Z</time>
    </trkpt>
    <trkpt lat="46.3652805" lon="15.0884276">
      <ele>422.0687255859375</ele>
      <time>2070-10-24T12:24:01Z</time>
    </trkpt>
    <trkpt lat="46.3651749" lon="15.0884924">
      <ele>421.0196533203125</ele>
      <time>2070-10-25T12:20:43Z</time>
    </trkpt>
    <trkpt lat="46.3650759" lon="15.0885518">
      <ele>421.708984375</ele>
      <time>2070-10-26T12:20:28Z</time>
    </trkpt>
    <trkpt lat="46.3649952" lon="15.088609">
      <ele>421.6058349609375</ele>
      <time>2070-10-27T12:23:25Z</time>
    </trkpt>
    <trkpt lat="46.3649258" lon="15.0886558">
      <ele>420.83544921875</ele>
      <time>2070-10-28T12:09:57Z</time>
    </trkpt>
    <trkpt lat="46.3648563" lon="15.0887007">
      <ele>420.2255859375</ele>
      <time>2070-10-29T12:10:11Z</time>
    </trkpt>
    <trkpt lat="46.3647918" lon="15.0887374">
      <ele>420.2833251953125</ele>
      <time>2070-10-29T12:10:11Z</time>
    </trkpt>
    <trkpt lat="46.3647341" lon="15.0887799">
      <ele>420.1837158203125</ele>
      <time>2070-10-29T12:10:11Z</time>
    </trkpt>
    <trkpt lat="46.3646652" lon="15.088856">
      <ele>420.1837158203125</ele>
      <time>2070-11-01T12:13:44Z</time>
    </trkpt>
    <trkpt lat="46.3645982" lon="15.0889385">
      <ele>420.275634765625</ele>
      <time>2070-11-02T12:27:36Z</time>
    </trkpt>
    <trkpt lat="46.3645172" lon="15.0890383">
      <ele>420.0546875</ele>
      <time>2070-11-03T12:09:20Z</time>
    </trkpt>
    <trkpt lat="46.3644305" lon="15.0891392">
      <ele>419.9173583984375</ele>
      <time>2070-11-04T12:14:58Z</time>
    </trkpt>
    <trkpt lat="46.3643379" lon="15.0892612">
      <ele>419.4580078125</ele>
      <time>2070-11-05T12:11:59Z</time>
    </trkpt>
    <trkpt lat="46.364245" lon="15.0893888">
      <ele>419.7034912109375</ele>
      <time>2070-11-05T12:11:59Z</time>
    </trkpt>
    <trkpt lat="46.3641598" lon="15.0895249">
      <ele>419.53790283203125</ele>
      <time>2070-11-05T12:11:59Z</time>
    </trkpt>
    <trkpt lat="46.364082" lon="15.0896733">
      <ele>419.53790283203125</ele>
      <time>2070-11-08T12:20:28Z</time>
    </trkpt>
    <trkpt lat="46.3640062" lon="15.0898197">
      <ele>421.5006103515625</ele>
      <time>2070-11-08T12:20:28Z</time>
    </trkpt>
    <trkpt lat="46.3639321" lon="15.0899706">
      <ele>421.5006103515625</ele>
      <time>2070-11-10T12:07:45Z</time>
    </trkpt>
    <trkpt lat="46.3638597" lon="15.0901241">
      <ele>422.31939697265625</ele>
      <time>2070-11-11T12:21:25Z</time>
    </trkpt>
    <trkpt lat="46.3637892" lon="15.0902785">
      <ele>422.3387451171875</ele>
      <time>2070-11-12T12:22:05Z</time>
    </trkpt>
    <trkpt lat="46.3637207" lon="15.0904327">
      <ele>421.965576171875</ele>
      <time>2070-11-13T12:21:09Z</time>
    </trkpt>
    <trkpt lat="46.3636523" lon="15.0905978">
      <ele>421.8551025390625</ele>
      <time>2070-11-13T12:21:09Z</time>
    </trkpt>
    <trkpt lat="46.3635815" lon="15.0907581">
      <ele>422.262451171875</ele>
      <time>2070-11-13T12:21:09Z</time>
    </trkpt>
    <trkpt lat="46.3635107" lon="15.090905">
      <ele>422.0628662109375</ele>
      <time>2070-11-13T12:21:09Z</time>
    </trkpt>
    <trkpt lat="46.3634374" lon="15.091051">
      <ele>422.1295166015625</ele>
      <time>2070-11-13T12:21:09Z</time>
    </trkpt>
    <trkpt lat="46.3633604" lon="15.0911956">
      <ele>423.4305419921875</ele>
      <time>2070-11-13T12:21:09Z</time>
    </trkpt>
    <trkpt lat="46.3632642" lon="15.0913388">
      <ele>423.4305419921875</ele>
      <time>2070-11-19T12:15:59Z</time>
    </trkpt>
    <trkpt lat="46.3631687" lon="15.0914746">
      <ele>423.9764404296875</ele>
      <time>2070-11-20T12:30:24Z</time>
    </trkpt>
    <trkpt lat="46.3630843" lon="15.0916116">
      <ele>423.72332763671875</ele>
      <time>2070-11-21T12:04:09Z</time>
    </trkpt>
    <trkpt lat="46.3629855" lon="15.0917327">
      <ele>425.24395751953125</ele>
      <time>2070-11-22T12:02:39Z</time>
    </trkpt>
    <trkpt lat="46.3628967" lon="15.0918355">
      <ele>425.798583984375</ele>
      <time>2070-11-23T12:20:18Z</time>
    </trkpt>
    <trkpt lat="46.3628118" lon="15.0919475">
      <ele>425.80999755859375</ele>
      <time>2070-11-24T12:31:48Z</time>
    </trkpt>
    <trkpt lat="46.3627293" lon="15.0920544">
      <ele>426.1339111328125</ele>
      <time>2070-11-25T12:07:52Z</time>
    </trkpt>
    <trkpt lat="46.3626505" lon="15.0921599">
      <ele>426.22412109375</ele>
      <time>2070-11-26T12:06:33Z</time>
    </trkpt>
    <trkpt lat="46.3625652" lon="15.0922532">
      <ele>427.4256591796875</ele>
      <time>2070-11-27T12:05:30Z</time>
    </trkpt>
    <trkpt lat="46.3624674" lon="15.0923636">
      <ele>427.3935546875</ele>
      <time>2070-11-28T12:11:47Z</time>
    </trkpt>
    <trkpt lat="46.362388" lon="15.0924706">
      <ele>427.32373046875</ele>
      <time>2070-11-29T12:46:40Z</time>
    </trkpt>
    <trkpt lat="46.3623053" lon="15.0925768">
      <ele>427.40972900390625</ele>
      <time>2070-11-30T12:20:24Z</time>
    </trkpt>
    <trkpt lat="46.362224" lon="15.092689">
      <ele>426.85760498046875</ele>
      <time>2070-11-30T12:20:24Z</time>
    </trkpt>
    <trkpt lat="46.3621472" lon="15.0928191">
      <ele>426.85760498046875</ele>
      <time>2070-12-02T12:15:24Z</time>
    </trkpt>
    <trkpt lat="46.3620742" lon="15.0929386">
      <ele>426.18603515625</ele>
      <time>2070-12-03T12:06:42Z</time>
    </trkpt>
    <trkpt lat="46.3620001" lon="15.0930575">
      <ele>426.0582275390625</ele>
      <time>2070-12-04T12:07:06Z</time>
    </trkpt>
    <trkpt lat="46.3619291" lon="15.0931862">
      <ele>426.31280517578125</ele>
      <time>2070-12-05T12:07:44Z</time>
    </trkpt>
    <trkpt lat="46.3618685" lon="15.0933115">
      <ele>426.02911376953125</ele>
      <time>2070-12-06T12:22:01Z</time>
    </trkpt>
    <trkpt lat="46.3617991" lon="15.0934522">
      <ele>425.8106689453125</ele>
      <time>2070-12-07T12:18:03Z</time>
    </trkpt>
    <trkpt lat="46.3617294" lon="15.0935966">
      <ele>425.76995849609375</ele>
      <time>2070-12-08T12:20:24Z</time>
    </trkpt>
    <trkpt lat="46.3616638" lon="15.0937449">
      <ele>425.2637939453125</ele>
      <time>2070-12-08T12:20:24Z</time>
    </trkpt>
    <trkpt lat="46.3615931" lon="15.0939048">
      <ele>425.2637939453125</ele>
      <time>2070-12-10T12:05:39Z</time>
    </trkpt>
    <trkpt lat="46.3615251" lon="15.0940709">
      <ele>425.630859375</ele>
      <time>2070-12-11T12:20:12Z</time>
    </trkpt>
    <trkpt lat="46.361453" lon="15.0942348">
      <ele>425.13671875</ele>
      <time>2070-12-12T12:13:50Z</time>
    </trkpt>
    <trkpt lat="46.3613795" lon="15.094408">
      <ele>425.554931640625</ele>
      <time>2070-12-13T12:12:29Z</time>
    </trkpt>
    <trkpt lat="46.3613164" lon="15.0945673">
      <ele>425.4549560546875</ele>
      <time>2070-12-14T12:11:59Z</time>
    </trkpt>
    <trkpt lat="46.3612532" lon="15.0947215">
      <ele>425.9852294921875</ele>
      <time>2070-12-14T12:11:59Z</time>
    </trkpt>
    <trkpt lat="46.3611882" lon="15.0948954">
      <ele>426.50830078125</ele>
      <time>2070-12-14T12:11:59Z</time>
    </trkpt>
    <trkpt lat="46.361129" lon="15.095051">
      <ele>427.2391357421875</ele>
      <time>2070-12-14T12:11:59Z</time>
    </trkpt>
    <trkpt lat="46.3610684" lon="15.0952058">
      <ele>427.6180419921875</ele>
      <time>2070-12-14T12:11:59Z</time>
    </trkpt>
    <trkpt lat="46.3610001" lon="15.0953734">
      <ele>427.5296630859375</ele>
      <time>2070-12-14T12:11:59Z</time>
    </trkpt>
    <trkpt lat="46.3609389" lon="15.0955286">
      <ele>427.4217529296875</ele>
      <time>2070-12-14T12:11:59Z</time>
    </trkpt>
    <trkpt lat="46.360875" lon="15.0956869">
      <ele>427.86138916015625</ele>
      <time>2070-12-14T12:11:59Z</time>
    </trkpt>
    <trkpt lat="46.3608202" lon="15.0958235">
      <ele>428.05181884765625</ele>
      <time>2070-12-14T12:11:59Z</time>
    </trkpt>
    <trkpt lat="46.3607534" lon="15.0959915">
      <ele>428.3118896484375</ele>
      <time>2070-12-14T12:11:59Z</time>
    </trkpt>
    <trkpt lat="46.3606756" lon="15.0961755">
      <ele>429.38623046875</ele>
      <time>2070-12-14T12:11:59Z</time>
    </trkpt>
    <trkpt lat="46.3606248" lon="15.0963065">
      <ele>429.38623046875</ele>
      <time>2070-12-25T12:21:35Z</time>
    </trkpt>
    <trkpt lat="46.3605722" lon="15.0964512">
      <ele>427.7891845703125</ele>
      <time>2070-12-25T12:21:35Z</time>
    </trkpt>
    <trkpt lat="46.3605207" lon="15.0966074">
      <ele>427.040283203125</ele>
      <time>2070-12-25T12:21:35Z</time>
    </trkpt>
    <trkpt lat="46.3604623" lon="15.0967663">
      <ele>427.5035400390625</ele>
      <time>2070-12-25T12:21:35Z</time>
    </trkpt>
    <trkpt lat="46.3604266" lon="15.0969176">
      <ele>427.5035400390625</ele>
      <time>2070-12-29T12:25:50Z</time>
    </trkpt>
    <trkpt lat="46.3603593" lon="15.0970774">
      <ele>425.519775390625</ele>
      <time>2070-12-30T12:15:55Z</time>
    </trkpt>
    <trkpt lat="46.3602928" lon="15.0972472">
      <ele>426.59552001953125</ele>
      <time>2070-12-30T12:15:55Z</time>
    </trkpt>
    <trkpt lat="46.3602349" lon="15.0974029">
      <ele>426.27313232421875</ele>
      <time>2070-12-30T12:15:55Z</time>
    </trkpt>
    <trkpt lat="46.360178" lon="15.097568">
      <ele>426.75128173828125</ele>
      <time>2070-12-30T12:15:55Z</time>
    </trkpt>
    <trkpt lat="46.360133" lon="15.0977269">
      <ele>426.1954345703125</ele>
      <time>2070-12-30T12:15:55Z</time>
    </trkpt>
    <trkpt lat="46.3600803" lon="15.0979207">
      <ele>425.8896484375</ele>
      <time>2070-12-30T12:15:55Z</time>
    </trkpt>
    <trkpt lat="46.3600339" lon="15.0980995">
      <ele>426.0950927734375</ele>
      <time>2070-12-30T12:15:55Z</time>
    </trkpt>
    <trkpt lat="46.359977" lon="15.0982897">
      <ele>426.9317626953125</ele>
      <time>2070-12-30T12:15:55Z</time>
    </trkpt>
    <trkpt lat="46.3599402" lon="15.0984564">
      <ele>427.0426025390625</ele>
      <time>2070-12-30T12:15:55Z</time>
    </trkpt>
    <trkpt lat="46.3598869" lon="15.098624">
      <ele>426.910888671875</ele>
      <time>2070-12-30T12:15:55Z</time>
    </trkpt>
    <trkpt lat="46.3598468" lon="15.0987925">
      <ele>426.919921875</ele>
      <time>2070-12-30T12:15:55Z</time>
    </trkpt>
    <trkpt lat="46.3598163" lon="15.0989446">
      <ele>427.2840576171875</ele>
      <time>2070-12-30T12:15:55Z</time>
    </trkpt>
    <trkpt lat="46.359781" lon="15.0990931">
      <ele>426.4324951171875</ele>
      <time>2070-12-30T12:15:55Z</time>
    </trkpt>
    <trkpt lat="46.3597491" lon="15.099266">
      <ele>426.4324951171875</ele>
      <time>2071-01-12T12:14:33Z</time>
    </trkpt>
    <trkpt lat="46.359705" lon="15.0994468">
      <ele>428.03167724609375</ele>
      <time>2071-01-13T12:30:08Z</time>
    </trkpt>
    <trkpt lat="46.3596489" lon="15.0996321">
      <ele>428.442138671875</ele>
      <time>2071-01-14T12:02:18Z</time>
    </trkpt>
    <trkpt lat="46.3596163" lon="15.0998128">
      <ele>427.4180908203125</ele>
      <time>2071-01-15T12:27:02Z</time>
    </trkpt>
    <trkpt lat="46.3595868" lon="15.0999797">
      <ele>427.8095703125</ele>
      <time>2071-01-16T12:14:24Z</time>
    </trkpt>
    <trkpt lat="46.3595609" lon="15.1001579">
      <ele>427.391357421875</ele>
      <time>2071-01-17T12:25:41Z</time>
    </trkpt>
    <trkpt lat="46.3595304" lon="15.1003411">
      <ele>429.04498291015625</ele>
      <time>2071-01-17T12:25:41Z</time>
    </trkpt>
    <trkpt lat="46.3594946" lon="15.1005228">
      <ele>428.70245361328125</ele>
      <time>2071-01-17T12:25:41Z</time>
    </trkpt>
    <trkpt lat="46.3594613" lon="15.1007104">
      <ele>428.70245361328125</ele>
      <time>2071-01-20T12:13:23Z</time>
    </trkpt>
    <trkpt lat="46.3594309" lon="15.1008933">
      <ele>428.8814697265625</ele>
      <time>2071-01-21T12:07:55Z</time>
    </trkpt>
    <trkpt lat="46.3594022" lon="15.1010831">
      <ele>429.99652099609375</ele>
      <time>2071-01-22T12:23:08Z</time>
    </trkpt>
    <trkpt lat="46.359374" lon="15.101264">
      <ele>430.518798828125</ele>
      <time>2071-01-23T12:24:19Z</time>
    </trkpt>
    <trkpt lat="46.3593502" lon="15.1014482">
      <ele>430.52874755859375</ele>
      <time>2071-01-24T12:12:03Z</time>
    </trkpt>
    <trkpt lat="46.3593358" lon="15.1016223">
      <ele>430.7581787109375</ele>
      <time>2071-01-25T12:17:36Z</time>
    </trkpt>
    <trkpt lat="46.3593141" lon="15.1018023">
      <ele>429.9737548828125</ele>
      <time>2071-01-26T12:04:41Z</time>
    </trkpt>
    <trkpt lat="46.3593008" lon="15.1019703">
      <ele>430.544677734375</ele>
      <time>2071-01-27T12:18:12Z</time>
    </trkpt>
    <trkpt lat="46.3592838" lon="15.1021366">
      <ele>430.0491943359375</ele>
      <time>2071-01-28T12:12:01Z</time>
    </trkpt>
    <trkpt lat="46.3592662" lon="15.1023004">
      <ele>430.23291015625</ele>
      <time>2071-01-29T12:00:20Z</time>
    </trkpt>
    <trkpt lat="46.3592502" lon="15.1024653">
      <ele>430.53125</ele>
      <time>2071-01-30T12:11:38Z</time>
    </trkpt>
    <trkpt lat="46.3592396" lon="15.1026299">
      <ele>430.9298095703125</ele>
      <time>2071-01-31T12:22:24Z</time>
    </trkpt>
    <trkpt lat="46.3592284" lon="15.102799">
      <ele>431.4595947265625</ele>
      <time>2071-01-31T12:22:24Z</time>
    </trkpt>
    <trkpt lat="46.3592151" lon="15.1029594">
      <ele>431.4595947265625</ele>
      <time>2071-02-02T12:06:52Z</time>
    </trkpt>
    <trkpt lat="46.3592013" lon="15.1031113">
      <ele>431.630126953125</ele>
      <time>2071-02-03T12:15:44Z</time>
    </trkpt>
    <trkpt lat="46.3591749" lon="15.1032749">
      <ele>431.82330322265625</ele>
      <time>2071-02-04T12:00:43Z</time>
    </trkpt>
    <trkpt lat="46.3591573" lon="15.1034343">
      <ele>432.37762451171875</ele>
      <time>2071-02-05T12:39:54Z</time>
    </trkpt>
    <trkpt lat="46.3591394" lon="15.1035958">
      <ele>433.0196533203125</ele>
      <time>2071-02-06T12:01:51Z</time>
    </trkpt>
    <trkpt lat="46.3591304" lon="15.1037641">
      <ele>432.7598876953125</ele>
      <time>2071-02-06T12:01:51Z</time>
    </trkpt>
    <trkpt lat="46.3591198" lon="15.1039282">
      <ele>432.1744384765625</ele>
      <time>2071-02-06T12:01:51Z</time>
    </trkpt>
    <trkpt lat="46.3591051" lon="15.1040918">
      <ele>432.1744384765625</ele>
      <time>2071-02-09T12:11:27Z</time>
    </trkpt>
    <trkpt lat="46.3591031" lon="15.1042538">
      <ele>432.6358642578125</ele>
      <time>2071-02-10T12:13:45Z</time>
    </trkpt>
    <trkpt lat="46.3590876" lon="15.1044269">
      <ele>432.5748291015625</ele>
      <time>2071-02-11T12:06:40Z</time>
    </trkpt>
    <trkpt lat="46.3590722" lon="15.1045978">
      <ele>432.9559326171875</ele>
      <time>2071-02-12T12:19:48Z</time>
    </trkpt>
    <trkpt lat="46.359062" lon="15.1047679">
      <ele>433.2169189453125</ele>
      <time>2071-02-13T12:25:23Z</time>
    </trkpt>
    <trkpt lat="46.3590392" lon="15.1049389">
      <ele>433.01434326171875</ele>
      <time>2071-02-14T12:19:51Z</time>
    </trkpt>
    <trkpt lat="46.3590311" lon="15.1050998">
      <ele>432.6024169921875</ele>
      <time>2071-02-15T12:16:46Z</time>
    </trkpt>
    <trkpt lat="46.359021" lon="15.1052837">
      <ele>432.9840087890625</ele>
      <time>2071-02-15T12:16:46Z</time>
    </trkpt>
    <trkpt lat="46.3590171" lon="15.1054642">
      <ele>432.9840087890625</ele>
      <time>2071-02-17T12:01:54Z</time>
    </trkpt>
    <trkpt lat="46.3590071" lon="15.1056452">
      <ele>433.72467041015625</ele>
      <time>2071-02-17T12:01:54Z</time>
    </trkpt>
    <trkpt lat="46.3589822" lon="15.1058069">
      <ele>433.72467041015625</ele>
      <time>2071-02-19T12:01:32Z</time>
    </trkpt>
    <trkpt lat="46.3589581" lon="15.1059636">
      <ele>433.81854248046875</ele>
      <time>2071-02-20T12:05:07Z</time>
    </trkpt>
    <trkpt lat="46.3589463" lon="15.106138">
      <ele>433.6142578125</ele>
      <time>2071-02-21T12:25:36Z</time>
    </trkpt>
    <trkpt lat="46.3589275" lon="15.1063086">
      <ele>434.40533447265625</ele>
      <time>2071-02-22T12:14:29Z</time>
    </trkpt>
    <trkpt lat="46.3588942" lon="15.1064816">
      <ele>434.2623291015625</ele>
      <time>2071-02-23T12:27:23Z</time>
    </trkpt>
    <trkpt lat="46.3588605" lon="15.1066581">
      <ele>433.86474609375</ele>
      <time>2071-02-24T12:28:16Z</time>
    </trkpt>
    <trkpt lat="46.3588407" lon="15.1068358">
      <ele>433.5284423828125</ele>
      <time>2071-02-25T12:19:54Z</time>
    </trkpt>
    <trkpt lat="46.3588228" lon="15.10701">
      <ele>433.57293701171875</ele>
      <time>2071-02-26T11:57:53Z</time>
    </trkpt>
    <trkpt lat="46.3587938" lon="15.1071783">
      <ele>433.71923828125</ele>
      <time>2071-02-27T12:22:52Z</time>
    </trkpt>
    <trkpt lat="46.3587756" lon="15.1073553">
      <ele>432.657958984375</ele>
      <time>2071-02-28T12:24:30Z</time>
    </trkpt>
    <trkpt lat="46.358756" lon="15.1075356">
      <ele>432.6800537109375</ele>
      <time>2071-03-01T12:16:01Z</time>
    </trkpt>
    <trkpt lat="46.3587282" lon="15.1077107">
      <ele>433.67474365234375</ele>
      <time>2071-03-02T12:23:08Z</time>
    </trkpt>
    <trkpt lat="46.3587045" lon="15.107883">
      <ele>433.72967529296875</ele>
      <time>2071-03-03T12:00:13Z</time>
    </trkpt>
    <trkpt lat="46.3586786" lon="15.1080572">
      <ele>433.58367919921875</ele>
      <time>2071-03-03T12:00:13Z</time>
    </trkpt>
    <trkpt lat="46.3586567" lon="15.1082359">
      <ele>434.16558837890625</ele>
      <time>2071-03-03T12:00:13Z</time>
    </trkpt>
    <trkpt lat="46.3586379" lon="15.1084182">
      <ele>434.7220458984375</ele>
      <time>2071-03-03T12:00:13Z</time>
    </trkpt>
    <trkpt lat="46.3586133" lon="15.1086041">
      <ele>434.5989990234375</ele>
      <time>2071-03-03T12:00:13Z</time>
    </trkpt>
    <trkpt lat="46.3585908" lon="15.10879">
      <ele>435.10723876953125</ele>
      <time>2071-03-03T12:00:13Z</time>
    </trkpt>
    <trkpt lat="46.3585698" lon="15.1089784">
      <ele>435.3961181640625</ele>
      <time>2071-03-03T12:00:13Z</time>
    </trkpt>
    <trkpt lat="46.3585395" lon="15.1091548">
      <ele>435.5771484375</ele>
      <time>2071-03-03T12:00:13Z</time>
    </trkpt>
    <trkpt lat="46.3585121" lon="15.1093366">
      <ele>435.50286865234375</ele>
      <time>2071-03-03T12:00:13Z</time>
    </trkpt>
    <trkpt lat="46.3584673" lon="15.1095049">
      <ele>435.864013671875</ele>
      <time>2071-03-03T12:00:13Z</time>
    </trkpt>
    <trkpt lat="46.3584181" lon="15.1096583">
      <ele>436.1195068359375</ele>
      <time>2071-03-03T12:00:13Z</time>
    </trkpt>
    <trkpt lat="46.358344" lon="15.1098454">
      <ele>436.23193359375</ele>
      <time>2071-03-03T12:00:13Z</time>
    </trkpt>
    <trkpt lat="46.3582881" lon="15.109988">
      <ele>437.0384521484375</ele>
      <time>2071-03-03T12:00:13Z</time>
    </trkpt>
    <trkpt lat="46.3582293" lon="15.1101338">
      <ele>437.389892578125</ele>
      <time>2071-03-03T12:00:13Z</time>
    </trkpt>
    <trkpt lat="46.3581667" lon="15.1102791">
      <ele>437.31817626953125</ele>
      <time>2071-03-03T12:00:13Z</time>
    </trkpt>
    <trkpt lat="46.3580947" lon="15.1104391">
      <ele>435.7369384765625</ele>
      <time>2071-03-03T12:00:13Z</time>
    </trkpt>
    <trkpt lat="46.3580105" lon="15.1105729">
      <ele>435.81195068359375</ele>
      <time>2071-03-03T12:00:13Z</time>
    </trkpt>
    <trkpt lat="46.3579495" lon="15.1106701">
      <ele>435.33831787109375</ele>
      <time>2071-03-03T12:00:13Z</time>
    </trkpt>
    <trkpt lat="46.3578525" lon="15.1108125">
      <ele>435.259521484375</ele>
      <time>2071-03-03T12:00:13Z</time>
    </trkpt>
    <trkpt lat="46.3577669" lon="15.1109613">
      <ele>434.6080322265625</ele>
      <time>2071-03-03T12:00:13Z</time>
    </trkpt>
    <trkpt lat="46.3576866" lon="15.1111105">
      <ele>434.9564208984375</ele>
      <time>2071-03-03T12:00:13Z</time>
    </trkpt>
    <trkpt lat="46.3576175" lon="15.1112649">
      <ele>435.3265380859375</ele>
      <time>2071-03-03T12:00:13Z</time>
    </trkpt>
    <trkpt lat="46.3575618" lon="15.111408">
      <ele>435.8756103515625</ele>
      <time>2071-03-03T12:00:13Z</time>
    </trkpt>
    <trkpt lat="46.3574995" lon="15.1115867">
      <ele>435.032958984375</ele>
      <time>2071-03-03T12:00:13Z</time>
    </trkpt>
    <trkpt lat="46.3574506" lon="15.111777">
      <ele>433.6202392578125</ele>
      <time>2071-03-03T12:00:13Z</time>
    </trkpt>
    <trkpt lat="46.3573983" lon="15.1119186">
      <ele>432.59124755859375</ele>
      <time>2071-03-03T12:00:13Z</time>
    </trkpt>
    <trkpt lat="46.3573495" lon="15.1120507">
      <ele>432.59124755859375</ele>
      <time>2071-03-29T12:07:30Z</time>
    </trkpt>
    <trkpt lat="46.3573096" lon="15.1121596">
      <ele>432.7584228515625</ele>
      <time>2071-03-29T12:07:30Z</time>
    </trkpt>
    <trkpt lat="46.3572699" lon="15.1122484">
      <ele>433.539306640625</ele>
      <time>2071-03-29T12:07:30Z</time>
    </trkpt>
    <trkpt lat="46.3572424" lon="15.112342">
      <ele>432.49896240234375</ele>
      <time>2071-03-29T12:07:30Z</time>
    </trkpt>
    <trkpt lat="46.357209" lon="15.1124281">
      <ele>432.67620849609375</ele>
      <time>2071-03-29T12:07:30Z</time>
    </trkpt>
    <trkpt lat="46.3571667" lon="15.1124579">
      <ele>431.3624267578125</ele>
      <time>2071-03-29T12:07:30Z</time>
    </trkpt>
    <trkpt lat="46.3571205" lon="15.1125092">
      <ele>431.3624267578125</ele>
      <time>2071-04-04T12:02:55Z</time>
    </trkpt>
    <trkpt lat="46.3570618" lon="15.11255">
      <ele>431.891845703125</ele>
      <time>2071-04-05T12:11:02Z</time>
    </trkpt>
    <trkpt lat="46.3570128" lon="15.1126061">
      <ele>433.91815185546875</ele>
      <time>2071-04-05T12:11:02Z</time>
    </trkpt>
    <trkpt lat="46.3569771" lon="15.1126825">
      <ele>433.852783203125</ele>
      <time>2071-04-05T12:11:02Z</time>
    </trkpt>
    <trkpt lat="46.3569528" lon="15.1127652">
      <ele>433.73968505859375</ele>
      <time>2071-04-05T12:11:02Z</time>
    </trkpt>
    <trkpt lat="46.3569544" lon="15.1128611">
      <ele>433.72979736328125</ele>
      <time>2071-04-05T12:11:02Z</time>
    </trkpt>
    <trkpt lat="46.3569741" lon="15.1129479">
      <ele>433.7613525390625</ele>
      <time>2071-04-05T12:11:02Z</time>
    </trkpt>
    <trkpt lat="46.3569815" lon="15.1130311">
      <ele>433.415771484375</ele>
      <time>2071-04-05T12:11:02Z</time>
    </trkpt>
    <trkpt lat="46.3569549" lon="15.1131228">
      <ele>433.3121337890625</ele>
      <time>2071-04-05T12:11:02Z</time>
    </trkpt>
    <trkpt lat="46.3569096" lon="15.1132315">
      <ele>433.3121337890625</ele>
      <time>2071-04-13T12:01:05Z</time>
    </trkpt>
    <trkpt lat="46.3568726" lon="15.1133509">
      <ele>434.1380615234375</ele>
      <time>2071-04-13T12:01:05Z</time>
    </trkpt>
    <trkpt lat="46.3568313" lon="15.1134626">
      <ele>434.301025390625</ele>
      <time>2071-04-13T12:01:05Z</time>
    </trkpt>
    <trkpt lat="46.3567863" lon="15.1135903">
      <ele>434.301025390625</ele>
      <time>2071-04-16T12:16:02Z</time>
    </trkpt>
    <trkpt lat="46.3567497" lon="15.1137237">
      <ele>433.704345703125</ele>
      <time>2071-04-16T12:16:02Z</time>
    </trkpt>
    <trkpt lat="46.3567079" lon="15.1138544">
      <ele>433.0478515625</ele>
      <time>2071-04-16T12:16:02Z</time>
    </trkpt>
    <trkpt lat="46.356657" lon="15.1139987">
      <ele>433.2498779296875</ele>
      <time>2071-04-16T12:16:02Z</time>
    </trkpt>
    <trkpt lat="46.3565953" lon="15.1141632">
      <ele>433.2498779296875</ele>
      <time>2071-04-20T12:11:14Z</time>
    </trkpt>
    <trkpt lat="46.3565371" lon="15.1143049">
      <ele>434.96533203125</ele>
      <time>2071-04-20T12:11:14Z</time>
    </trkpt>
    <trkpt lat="46.3564793" lon="15.1144593">
      <ele>434.46514892578125</ele>
      <time>2071-04-20T12:11:14Z</time>
    </trkpt>
    <trkpt lat="46.3564317" lon="15.1145949">
      <ele>434.71685791015625</ele>
      <time>2071-04-20T12:11:14Z</time>
    </trkpt>
    <trkpt lat="46.3563814" lon="15.1147554">
      <ele>434.1474609375</ele>
      <time>2071-04-20T12:11:14Z</time>
    </trkpt>
    <trkpt lat="46.3563241" lon="15.1149132">
      <ele>434.7396240234375</ele>
      <time>2071-04-20T12:11:14Z</time>
    </trkpt>
    <trkpt lat="46.3562731" lon="15.1150521">
      <ele>435.0235595703125</ele>
      <time>2071-04-20T12:11:14Z</time>
    </trkpt>
    <trkpt lat="46.3562291" lon="15.115189">
      <ele>433.964111328125</ele>
      <time>2071-04-20T12:11:14Z</time>
    </trkpt>
    <trkpt lat="46.3561658" lon="15.1153723">
      <ele>434.1739501953125</ele>
      <time>2071-04-20T12:11:14Z</time>
    </trkpt>
    <trkpt lat="46.356116" lon="15.1155144">
      <ele>433.7147216796875</ele>
      <time>2071-04-20T12:11:14Z</time>
    </trkpt>
    <trkpt lat="46.3560756" lon="15.1156493">
      <ele>433.5250244140625</ele>
      <time>2071-04-20T12:11:14Z</time>
    </trkpt>
    <trkpt lat="46.3560209" lon="15.1158021">
      <ele>432.691650390625</ele>
      <time>2071-04-20T12:11:14Z</time>
    </trkpt>
    <trkpt lat="46.3559565" lon="15.1159927">
      <ele>434.22406005859375</ele>
      <time>2071-04-20T12:11:14Z</time>
    </trkpt>
    <trkpt lat="46.3558997" lon="15.1161677">
      <ele>434.930908203125</ele>
      <time>2071-04-20T12:11:14Z</time>
    </trkpt>
    <trkpt lat="46.3558337" lon="15.1163618">
      <ele>435.0369873046875</ele>
      <time>2071-04-20T12:11:14Z</time>
    </trkpt>
    <trkpt lat="46.3557772" lon="15.1165105">
      <ele>435.775634765625</ele>
      <time>2071-04-20T12:11:14Z</time>
    </trkpt>
    <trkpt lat="46.3557391" lon="15.1166037">
      <ele>434.56341552734375</ele>
      <time>2071-04-20T12:11:14Z</time>
    </trkpt>
    <trkpt lat="46.3556658" lon="15.1167625">
      <ele>436.97314453125</ele>
      <time>2071-04-20T12:11:14Z</time>
    </trkpt>
    <trkpt lat="46.3556097" lon="15.1169428">
      <ele>436.97314453125</ele>
      <time>2071-05-08T12:25:37Z</time>
    </trkpt>
    <trkpt lat="46.3555303" lon="15.11711">
      <ele>435.9476318359375</ele>
      <time>2071-05-09T12:18:36Z</time>
    </trkpt>
    <trkpt lat="46.3554529" lon="15.1172817">
      <ele>437.5228271484375</ele>
      <time>2071-05-10T12:16:41Z</time>
    </trkpt>
    <trkpt lat="46.3553818" lon="15.1174439">
      <ele>439.16473388671875</ele>
      <time>2071-05-11T12:06:34Z</time>
    </trkpt>
    <trkpt lat="46.3553177" lon="15.1176041">
      <ele>440.205322265625</ele>
      <time>2071-05-12T12:02:13Z</time>
    </trkpt>
    <trkpt lat="46.355255" lon="15.1177691">
      <ele>440.5364990234375</ele>
      <time>2071-05-13T12:31:53Z</time>
    </trkpt>
    <trkpt lat="46.3551756" lon="15.1179494">
      <ele>441.71630859375</ele>
      <time>2071-05-14T12:17:07Z</time>
    </trkpt>
    <trkpt lat="46.3551011" lon="15.1181209">
      <ele>442.34619140625</ele>
      <time>2071-05-15T12:19:38Z</time>
    </trkpt>
    <trkpt lat="46.3550207" lon="15.1182955">
      <ele>442.917236328125</ele>
      <time>2071-05-16T12:20:53Z</time>
    </trkpt>
    <trkpt lat="46.3549462" lon="15.1184579">
      <ele>443.218994140625</ele>
      <time>2071-05-17T12:06:21Z</time>
    </trkpt>
    <trkpt lat="46.3548696" lon="15.1186201">
      <ele>442.39361572265625</ele>
      <time>2071-05-18T12:11:31Z</time>
    </trkpt>
    <trkpt lat="46.354795" lon="15.1187863">
      <ele>442.88909912109375</ele>
      <time>2071-05-19T12:15:35Z</time>
    </trkpt>
    <trkpt lat="46.3547196" lon="15.1189459">
      <ele>443.65472412109375</ele>
      <time>2071-05-19T12:15:35Z</time>
    </trkpt>
    <trkpt lat="46.3546422" lon="15.1191085">
      <ele>443.65472412109375</ele>
      <time>2071-05-21T12:19:14Z</time>
    </trkpt>
    <trkpt lat="46.3545632" lon="15.119274">
      <ele>443.513671875</ele>
      <time>2071-05-22T12:23:02Z</time>
    </trkpt>
    <trkpt lat="46.3544891" lon="15.1194376">
      <ele>443.472900390625</ele>
      <time>2071-05-22T12:23:02Z</time>
    </trkpt>
    <trkpt lat="46.3544046" lon="15.1196238">
      <ele>443.25225830078125</ele>
      <time>2071-05-22T12:23:02Z</time>
    </trkpt>
    <trkpt lat="46.3543228" lon="15.1198064">
      <ele>443.0660400390625</ele>
      <time>2071-05-22T12:23:02Z</time>
    </trkpt>
    <trkpt lat="46.3542382" lon="15.1199841">
      <ele>442.4761962890625</ele>
      <time>2071-05-22T12:23:02Z</time>
    </trkpt>
    <trkpt lat="46.3541538" lon="15.1201651">
      <ele>443.07373046875</ele>
      <time>2071-05-22T12:23:02Z</time>
    </trkpt>
    <trkpt lat="46.3540763" lon="15.1203606">
      <ele>444.4625244140625</ele>
      <time>2071-05-22T12:23:02Z</time>
    </trkpt>
    <trkpt lat="46.3540029" lon="15.1205473">
      <ele>444.4915771484375</ele>
      <time>2071-05-22T12:23:02Z</time>
    </trkpt>
    <trkpt lat="46.3539389" lon="15.1207437">
      <ele>444.67156982421875</ele>
      <time>2071-05-22T12:23:02Z</time>
    </trkpt>
    <trkpt lat="46.3538821" lon="15.120936">
      <ele>444.844970703125</ele>
      <time>2071-05-22T12:23:02Z</time>
    </trkpt>
    <trkpt lat="46.3538309" lon="15.1211247">
      <ele>444.91876220703125</ele>
      <time>2071-05-22T12:23:02Z</time>
    </trkpt>
    <trkpt lat="46.3537869" lon="15.1213517">
      <ele>444.157470703125</ele>
      <time>2071-05-22T12:23:02Z</time>
    </trkpt>
    <trkpt lat="46.3537494" lon="15.1215666">
      <ele>443.77264404296875</ele>
      <time>2071-05-22T12:23:02Z</time>
    </trkpt>
    <trkpt lat="46.3537188" lon="15.121763">
      <ele>443.1746826171875</ele>
      <time>2071-05-22T12:23:02Z</time>
    </trkpt>
    <trkpt lat="46.3536905" lon="15.1219765">
      <ele>443.4835205078125</ele>
      <time>2071-05-22T12:23:02Z</time>
    </trkpt>
    <trkpt lat="46.3536618" lon="15.1222032">
      <ele>443.82666015625</ele>
      <time>2071-05-22T12:23:02Z</time>
    </trkpt>
    <trkpt lat="46.3536328" lon="15.1224145">
      <ele>444.3607177734375</ele>
      <time>2071-05-22T12:23:02Z</time>
    </trkpt>
    <trkpt lat="46.3536079" lon="15.1226072">
      <ele>444.53326416015625</ele>
      <time>2071-05-22T12:23:02Z</time>
    </trkpt>
    <trkpt lat="46.3535881" lon="15.1228078">
      <ele>445.2491455078125</ele>
      <time>2071-05-22T12:23:02Z</time>
    </trkpt>
    <trkpt lat="46.3535686" lon="15.123012">
      <ele>445.2491455078125</ele>
      <time>2071-06-10T12:26:15Z</time>
    </trkpt>
    <trkpt lat="46.353542" lon="15.1232062">
      <ele>444.23193359375</ele>
      <time>2071-06-11T12:12:36Z</time>
    </trkpt>
    <trkpt lat="46.353515" lon="15.123414">
      <ele>445.0384521484375</ele>
      <time>2071-06-12T12:24:08Z</time>
    </trkpt>
    <trkpt lat="46.3534865" lon="15.1236094">
      <ele>443.9569091796875</ele>
      <time>2071-06-13T12:29:16Z</time>
    </trkpt>
    <trkpt lat="46.3534772" lon="15.1237852">
      <ele>444.89031982421875</ele>
      <time>2071-06-14T12:19:51Z</time>
    </trkpt>
    <trkpt lat="46.3534537" lon="15.1239628">
      <ele>444.3302001953125</ele>
      <time>2071-06-15T12:25:05Z</time>
    </trkpt>
    <trkpt lat="46.3534361" lon="15.1241473">
      <ele>445.11138916015625</ele>
      <time>2071-06-15T12:25:05Z</time>
    </trkpt>
    <trkpt lat="46.3534179" lon="15.1243185">
      <ele>445.11138916015625</ele>
      <time>2071-06-17T12:21:29Z</time>
    </trkpt>
    <trkpt lat="46.3534015" lon="15.124474">
      <ele>445.15234375</ele>
      <time>2071-06-18T12:16:22Z</time>
    </trkpt>
    <trkpt lat="46.3533897" lon="15.1246391">
      <ele>447.2138671875</ele>
      <time>2071-06-19T12:23:28Z</time>
    </trkpt>
    <trkpt lat="46.3533672" lon="15.12481">
      <ele>445.8436279296875</ele>
      <time>2071-06-19T12:23:28Z</time>
    </trkpt>
    <trkpt lat="46.3533428" lon="15.124973">
      <ele>445.91497802734375</ele>
      <time>2071-06-19T12:23:28Z</time>
    </trkpt>
    <trkpt lat="46.3533237" lon="15.1251247">
      <ele>445.669677734375</ele>
      <time>2071-06-19T12:23:28Z</time>
    </trkpt>
    <trkpt lat="46.3533047" lon="15.1252459">
      <ele>445.669677734375</ele>
      <time>2071-06-23T12:10:59Z</time>
    </trkpt>
    <trkpt lat="46.3532942" lon="15.1253482">
      <ele>446.359130859375</ele>
      <time>2071-06-24T12:14:29Z</time>
    </trkpt>
    <trkpt lat="46.3532837" lon="15.1254573">
      <ele>445.1226806640625</ele>
      <time>2071-06-24T12:14:29Z</time>
    </trkpt>
    <trkpt lat="46.3532712" lon="15.1255282">
      <ele>446.48162841796875</ele>
      <time>2071-06-24T12:14:29Z</time>
    </trkpt>
    <trkpt lat="46.3532549" lon="15.1255924">
      <ele>446.5882568359375</ele>
      <time>2071-06-24T12:14:29Z</time>
    </trkpt>
    <trkpt lat="46.3532419" lon="15.1256448">
      <ele>446.355712890625</ele>
      <time>2071-06-24T12:14:29Z</time>
    </trkpt>
    <trkpt lat="46.3532251" lon="15.1257072">
      <ele>446.4395751953125</ele>
      <time>2071-06-24T12:14:29Z</time>
    </trkpt>
    <trkpt lat="46.3532167" lon="15.1257501">
      <ele>446.5452880859375</ele>
      <time>2071-06-24T12:14:29Z</time>
    </trkpt>
    <trkpt lat="46.353202" lon="15.1258121">
      <ele>446.32470703125</ele>
      <time>2071-06-24T12:14:29Z</time>
    </trkpt>
    <trkpt lat="46.3531807" lon="15.1258861">
      <ele>446.9490966796875</ele>
      <time>2071-06-24T12:14:29Z</time>
    </trkpt>
    <trkpt lat="46.353171" lon="15.1259227">
      <ele>447.0240478515625</ele>
      <time>2071-06-24T12:14:29Z</time>
    </trkpt>
    <trkpt lat="46.3531573" lon="15.1259729">
      <ele>446.91162109375</ele>
      <time>2071-06-24T12:14:29Z</time>
    </trkpt>
    <trkpt lat="46.3531406" lon="15.1260174">
      <ele>446.0426025390625</ele>
      <time>2071-06-24T12:14:29Z</time>
    </trkpt>
    <trkpt lat="46.3531095" lon="15.1260837">
      <ele>444.5166015625</ele>
      <time>2071-06-24T12:14:29Z</time>
    </trkpt>
    <trkpt lat="46.3530629" lon="15.1261381">
      <ele>444.77386474609375</ele>
      <time>2071-06-24T12:14:29Z</time>
    </trkpt>
    <trkpt lat="46.3529684" lon="15.1262368">
      <ele>446.6063232421875</ele>
      <time>2071-06-24T12:14:29Z</time>
    </trkpt>
    <trkpt lat="46.3529347" lon="15.126268">
      <ele>446.1103515625</ele>
      <time>2071-06-24T12:14:29Z</time>
    </trkpt>
    <trkpt lat="46.3529174" lon="15.1263078">
      <ele>446.63531494140625</ele>
      <time>2071-06-24T12:14:29Z</time>
    </trkpt>
    <trkpt lat="46.3529131" lon="15.1263148">
      <ele>446.63531494140625</ele>
      <time>2071-07-12T12:38:43Z</time>
    </trkpt>
    <trkpt lat="46.3529079" lon="15.1263225">
      <ele>446.77008056640625</ele>
      <time>2071-07-13T12:27:10Z</time>
    </trkpt>
    <trkpt lat="46.3529086" lon="15.1263292">
      <ele>451.4000244140625</ele>
      <time>2071-07-13T12:27:10Z</time>
    </trkpt>
    <trkpt lat="46.3529082" lon="15.1263402">
      <ele>451.4000244140625</ele>
      <time>2071-07-13T12:27:10Z</time>
    </trkpt>
    <trkpt lat="46.3529048" lon="15.1263702">
      <ele>451.4000244140625</ele>
      <time>2071-07-13T12:27:10Z</time>
    </trkpt>
    <trkpt lat="46.3529043" lon="15.1264113">
      <ele>451.4000244140625</ele>
      <time>2071-07-13T12:27:10Z</time>
    </trkpt>
    <trkpt lat="46.3529128" lon="15.1264762">
      <ele>451.4000244140625</ele>
      <time>2071-07-13T12:27:10Z</time>
    </trkpt>
    <trkpt lat="46.3529217" lon="15.1265224">
      <ele>454.8000183105469</ele>
      <time>2071-07-13T12:27:10Z</time>
    </trkpt>
    <trkpt lat="46.3529261" lon="15.1265475">
      <ele>454.8000183105469</ele>
      <time>2071-07-13T12:27:10Z</time>
    </trkpt>
    <trkpt lat="46.3529266" lon="15.1265594">
      <ele>454.8000183105469</ele>
      <time>2071-07-21T12:26:45Z</time>
    </trkpt>
    <trkpt lat="46.3529246" lon="15.1265641">
      <ele>454.8000183105469</ele>
      <time>2071-07-22T12:57:48Z</time>
    </trkpt>
    <trkpt lat="46.3529217" lon="15.1265671">
      <ele>454.8000183105469</ele>
      <time>2071-07-22T12:57:48Z</time>
    </trkpt>
    <trkpt lat="46.352919" lon="15.1265688">
      <ele>454.8000183105469</ele>
      <time>2071-07-24T12:38:22Z</time>
    </trkpt>
    <trkpt lat="46.3529175" lon="15.1265739">
      <ele>451.4000244140625</ele>
      <time>2071-07-24T12:38:22Z</time>
    </trkpt>
    <trkpt lat="46.3529178" lon="15.1265783">
      <ele>451.4000244140625</ele>
      <time>2071-07-24T12:38:22Z</time>
    </trkpt>
    <trkpt lat="46.3529164" lon="15.1265745">
      <ele>451.4000244140625</ele>
      <time>2071-07-24T12:38:22Z</time>
    </trkpt>
    <trkpt lat="46.3529171" lon="15.1265762">
      <ele>451.4000244140625</ele>
      <time>2071-07-24T12:38:22Z</time>
    </trkpt>
    <trkpt lat="46.3529286" lon="15.126566">
      <ele>451.4000244140625</ele>
      <time>2071-07-24T12:38:22Z</time>
    </trkpt>
    <trkpt lat="46.3529323" lon="15.126559">
      <ele>451.4000244140625</ele>
      <time>2071-07-24T12:38:22Z</time>
    </trkpt>
    <trkpt lat="46.3529354" lon="15.1265531">
      <ele>451.4000244140625</ele>
      <time>2071-07-24T12:38:22Z</time>
    </trkpt>
    <trkpt lat="46.3529375" lon="15.1265456">
      <ele>451.4000244140625</ele>
      <time>2071-07-24T12:38:22Z</time>
    </trkpt>
    <trkpt lat="46.3529371" lon="15.1265405">
      <ele>451.4000244140625</ele>
      <time>2071-07-24T12:38:22Z</time>
    </trkpt>
    <trkpt lat="46.3529339" lon="15.1265341">
      <ele>451.4000244140625</ele>
      <time>2071-07-24T12:38:22Z</time>
    </trkpt>
    <trkpt lat="46.3529334" lon="15.1265446">
      <ele>451.4000244140625</ele>
      <time>2071-07-24T12:38:22Z</time>
    </trkpt>
    <trkpt lat="46.3529401" lon="15.1265754">
      <ele>454.8000183105469</ele>
      <time>2071-07-24T12:38:22Z</time>
    </trkpt>
    <trkpt lat="46.3529462" lon="15.1266399">
      <ele>454.8000183105469</ele>
      <time>2071-07-24T12:38:22Z</time>
    </trkpt>
    <trkpt lat="46.3529462" lon="15.1266994">
      <ele>454.8000183105469</ele>
      <time>2071-07-24T12:38:22Z</time>
    </trkpt>
    <trkpt lat="46.352953" lon="15.1267848">
      <ele>454.8000183105469</ele>
      <time>2071-07-24T12:38:22Z</time>
    </trkpt>
    <trkpt lat="46.3529301" lon="15.1268865">
      <ele>454.8000183105469</ele>
      <time>2071-07-24T12:38:22Z</time>
    </trkpt>
    <trkpt lat="46.3528995" lon="15.1269793">
      <ele>454.8000183105469</ele>
      <time>2071-07-24T12:38:22Z</time>
    </trkpt>
    <trkpt lat="46.3528732" lon="15.1270841">
      <ele>454.8000183105469</ele>
      <time>2071-07-24T12:38:22Z</time>
    </trkpt>
    <trkpt lat="46.3528461" lon="15.1272417">
      <ele>454.8000183105469</ele>
      <time>2071-07-24T12:38:22Z</time>
    </trkpt>
    <trkpt lat="46.3528121" lon="15.1273669">
      <ele>454.8000183105469</ele>
      <time>2071-07-24T12:38:22Z</time>
    </trkpt>
    <trkpt lat="46.3527745" lon="15.1275253">
      <ele>454.8000183105469</ele>
      <time>2071-07-24T12:38:22Z</time>
    </trkpt>
    <trkpt lat="46.3527186" lon="15.127684">
      <ele>454.8000183105469</ele>
      <time>2071-07-24T12:38:22Z</time>
    </trkpt>
    <trkpt lat="46.3526563" lon="15.1278668">
      <ele>454.8000183105469</ele>
      <time>2071-07-24T12:38:22Z</time>
    </trkpt>
    <trkpt lat="46.3525845" lon="15.1280523">
      <ele>454.8000183105469</ele>
      <time>2071-07-24T12:38:22Z</time>
    </trkpt>
    <trkpt lat="46.3525146" lon="15.1282406">
      <ele>454.8000183105469</ele>
      <time>2071-07-24T12:38:22Z</time>
    </trkpt>
    <trkpt lat="46.3524463" lon="15.1284343">
      <ele>454.8000183105469</ele>
      <time>2071-08-19T12:12:47Z</time>
    </trkpt>
    <trkpt lat="46.3523684" lon="15.1286226">
      <ele>454.8000183105469</ele>
      <time>2071-08-19T12:12:47Z</time>
    </trkpt>
    <trkpt lat="46.3522954" lon="15.1287972">
      <ele>454.8000183105469</ele>
      <time>2071-08-19T12:12:47Z</time>
    </trkpt>
    <trkpt lat="46.3522162" lon="15.1289804">
      <ele>454.8000183105469</ele>
      <time>2071-08-19T12:12:47Z</time>
    </trkpt>
    <trkpt lat="46.3521222" lon="15.1291591">
      <ele>454.8000183105469</ele>
      <time>2071-08-19T12:12:47Z</time>
    </trkpt>
    <trkpt lat="46.3520339" lon="15.1293348">
      <ele>454.8000183105469</ele>
      <time>2071-08-19T12:12:47Z</time>
    </trkpt>
    <trkpt lat="46.3519393" lon="15.1294891">
      <ele>454.8000183105469</ele>
      <time>2071-08-19T12:12:47Z</time>
    </trkpt>
    <trkpt lat="46.3518445" lon="15.1296824">
      <ele>454.8000183105469</ele>
      <time>2071-08-19T12:12:47Z</time>
    </trkpt>
    <trkpt lat="46.3517413" lon="15.1298479">
      <ele>454.8000183105469</ele>
      <time>2071-08-19T12:12:47Z</time>
    </trkpt>
    <trkpt lat="46.3516519" lon="15.1299951">
      <ele>454.8000183105469</ele>
      <time>2071-08-28T12:06:47Z</time>
    </trkpt>
    <trkpt lat="46.3515535" lon="15.1301671">
      <ele>454.8000183105469</ele>
      <time>2071-08-28T12:06:47Z</time>
    </trkpt>
    <trkpt lat="46.3514401" lon="15.1303474">
      <ele>454.8000183105469</ele>
      <time>2071-08-28T12:06:47Z</time>
    </trkpt>
    <trkpt lat="46.3513368" lon="15.1305263">
      <ele>454.8000183105469</ele>
      <time>2071-08-31T12:17:16Z</time>
    </trkpt>
    <trkpt lat="46.3512371" lon="15.1307188">
      <ele>454.8000183105469</ele>
      <time>2071-09-01T12:11:50Z</time>
    </trkpt>
    <trkpt lat="46.3511239" lon="15.1308952">
      <ele>454.8000183105469</ele>
      <time>2071-09-01T12:11:50Z</time>
    </trkpt>
    <trkpt lat="46.3510071" lon="15.1310799">
      <ele>454.8000183105469</ele>
      <time>2071-09-01T12:11:50Z</time>
    </trkpt>
    <trkpt lat="46.3508947" lon="15.1312682">
      <ele>454.8000183105469</ele>
      <time>2071-09-01T12:11:50Z</time>
    </trkpt>
    <trkpt lat="46.3507808" lon="15.1314698">
      <ele>454.8000183105469</ele>
      <time>2071-09-01T12:11:50Z</time>
    </trkpt>
    <trkpt lat="46.3506808" lon="15.1316553">
      <ele>454.8000183105469</ele>
      <time>2071-09-06T12:06:48Z</time>
    </trkpt>
    <trkpt lat="46.3505766" lon="15.1318417">
      <ele>454.8000183105469</ele>
      <time>2071-09-06T12:06:48Z</time>
    </trkpt>
    <trkpt lat="46.3504642" lon="15.1320306">
      <ele>454.8000183105469</ele>
      <time>2071-09-06T12:06:48Z</time>
    </trkpt>
    <trkpt lat="46.3503451" lon="15.1322332">
      <ele>454.8000183105469</ele>
      <time>2071-09-06T12:06:48Z</time>
    </trkpt>
    <trkpt lat="46.3502242" lon="15.1324446">
      <ele>454.8000183105469</ele>
      <time>2071-09-10T12:19:39Z</time>
    </trkpt>
    <trkpt lat="46.3500985" lon="15.132648">
      <ele>454.8000183105469</ele>
      <time>2071-09-10T12:19:39Z</time>
    </trkpt>
    <trkpt lat="46.3499737" lon="15.132858">
      <ele>454.8000183105469</ele>
      <time>2071-09-10T12:19:39Z</time>
    </trkpt>
    <trkpt lat="46.3498791" lon="15.1330231">
      <ele>454.8000183105469</ele>
      <time>2071-09-10T12:19:39Z</time>
    </trkpt>
    <trkpt lat="46.3497579" lon="15.1332389">
      <ele>454.8000183105469</ele>
      <time>2071-09-10T12:19:39Z</time>
    </trkpt>
    <trkpt lat="46.3496269" lon="15.1334707">
      <ele>454.8000183105469</ele>
      <time>2071-09-10T12:19:39Z</time>
    </trkpt>
    <trkpt lat="46.3495117" lon="15.133687">
      <ele>454.8000183105469</ele>
      <time>2071-09-10T12:19:39Z</time>
    </trkpt>
    <trkpt lat="46.3493725" lon="15.1339379">
      <ele>454.8000183105469</ele>
      <time>2071-09-10T12:19:39Z</time>
    </trkpt>
    <trkpt lat="46.3492588" lon="15.134195">
      <ele>454.8000183105469</ele>
      <time>2071-09-10T12:19:39Z</time>
    </trkpt>
    <trkpt lat="46.3491518" lon="15.1344457">
      <ele>454.8000183105469</ele>
      <time>2071-09-10T12:19:39Z</time>
    </trkpt>
    <trkpt lat="46.3490482" lon="15.1346988">
      <ele>454.8000183105469</ele>
      <time>2071-09-10T12:19:39Z</time>
    </trkpt>
    <trkpt lat="46.348964" lon="15.134962">
      <ele>454.8000183105469</ele>
      <time>2071-09-10T12:19:39Z</time>
    </trkpt>
    <trkpt lat="46.348878" lon="15.1352204">
      <ele>454.8000183105469</ele>
      <time>2071-09-22T12:24:18Z</time>
    </trkpt>
    <trkpt lat="46.3487938" lon="15.1354989">
      <ele>454.8000183105469</ele>
      <time>2071-09-22T12:24:18Z</time>
    </trkpt>
    <trkpt lat="46.3487178" lon="15.1357784">
      <ele>454.8000183105469</ele>
      <time>2071-09-22T12:24:18Z</time>
    </trkpt>
    <trkpt lat="46.3486567" lon="15.1360516">
      <ele>454.8000183105469</ele>
      <time>2071-09-25T12:21:09Z</time>
    </trkpt>
    <trkpt lat="46.3485936" lon="15.136341">
      <ele>454.8000183105469</ele>
      <time>2071-09-25T12:21:09Z</time>
    </trkpt>
    <trkpt lat="46.3485581" lon="15.1366046">
      <ele>454.8000183105469</ele>
      <time>2071-09-27T12:42:53Z</time>
    </trkpt>
    <trkpt lat="46.3485255" lon="15.1368813">
      <ele>454.8000183105469</ele>
      <time>2071-09-27T12:42:53Z</time>
    </trkpt>
    <trkpt lat="46.3484905" lon="15.1371765">
      <ele>454.8000183105469</ele>
      <time>2071-09-27T12:42:53Z</time>
    </trkpt>
    <trkpt lat="46.3484623" lon="15.1374586">
      <ele>454.8000183105469</ele>
      <time>2071-09-30T12:09:38Z</time>
    </trkpt>
    <trkpt lat="46.3484388" lon="15.1377386">
      <ele>454.8000183105469</ele>
      <time>2071-09-30T12:09:38Z</time>
    </trkpt>
    <trkpt lat="46.3484256" lon="15.1379924">
      <ele>454.8000183105469</ele>
      <time>2071-10-02T12:20:54Z</time>
    </trkpt>
    <trkpt lat="46.3484116" lon="15.1382516">
      <ele>454.8000183105469</ele>
      <time>2071-10-02T12:20:54Z</time>
    </trkpt>
    <trkpt lat="46.3484015" lon="15.1385202">
      <ele>454.8000183105469</ele>
      <time>2071-10-02T12:20:54Z</time>
    </trkpt>
    <trkpt lat="46.3483823" lon="15.1387934">
      <ele>454.8000183105469</ele>
      <time>2071-10-02T12:20:54Z</time>
    </trkpt>
    <trkpt lat="46.348374" lon="15.1390423">
      <ele>454.8000183105469</ele>
      <time>2071-10-02T12:20:54Z</time>
    </trkpt>
    <trkpt lat="46.3483561" lon="15.1392995">
      <ele>454.8000183105469</ele>
      <time>2071-10-02T12:20:54Z</time>
    </trkpt>
    <trkpt lat="46.348341" lon="15.1395675">
      <ele>454.8000183105469</ele>
      <time>2071-10-02T12:20:54Z</time>
    </trkpt>
    <trkpt lat="46.3483301" lon="15.1398205">
      <ele>454.8000183105469</ele>
      <time>2071-10-02T12:20:54Z</time>
    </trkpt>
    <trkpt lat="46.3483059" lon="15.1400799">
      <ele>454.8000183105469</ele>
      <time>2071-10-02T12:20:54Z</time>
    </trkpt>
    <trkpt lat="46.3482886" lon="15.140313">
      <ele>454.8000183105469</ele>
      <time>2071-10-02T12:20:54Z</time>
    </trkpt>
    <trkpt lat="46.3482621" lon="15.140574">
      <ele>454.8000183105469</ele>
      <time>2071-10-02T12:20:54Z</time>
    </trkpt>
    <trkpt lat="46.3482513" lon="15.1408183">
      <ele>454.8000183105469</ele>
      <time>2071-10-02T12:20:54Z</time>
    </trkpt>
    <trkpt lat="46.3482402" lon="15.1410658">
      <ele>454.8000183105469</ele>
      <time>2071-10-02T12:20:54Z</time>
    </trkpt>
    <trkpt lat="46.3482334" lon="15.1413029">
      <ele>454.8000183105469</ele>
      <time>2071-10-02T12:20:54Z</time>
    </trkpt>
    <trkpt lat="46.3482089" lon="15.1415384">
      <ele>454.8000183105469</ele>
      <time>2071-10-16T12:31:09Z</time>
    </trkpt>
    <trkpt lat="46.3481843" lon="15.1417816">
      <ele>454.8000183105469</ele>
      <time>2071-10-16T12:31:09Z</time>
    </trkpt>
    <trkpt lat="46.3481757" lon="15.1419989">
      <ele>454.8000183105469</ele>
      <time>2071-10-16T12:31:09Z</time>
    </trkpt>
    <trkpt lat="46.3481585" lon="15.1422288">
      <ele>454.8000183105469</ele>
      <time>2071-10-16T12:31:09Z</time>
    </trkpt>
    <trkpt lat="46.3481464" lon="15.142458">
      <ele>454.8000183105469</ele>
      <time>2071-10-16T12:31:09Z</time>
    </trkpt>
    <trkpt lat="46.3481386" lon="15.1426723">
      <ele>454.8000183105469</ele>
      <time>2071-10-21T12:16:11Z</time>
    </trkpt>
    <trkpt lat="46.3481208" lon="15.1428979">
      <ele>454.8000183105469</ele>
      <time>2071-10-22T11:58:23Z</time>
    </trkpt>
    <trkpt lat="46.3481028" lon="15.1431059">
      <ele>454.8000183105469</ele>
      <time>2071-10-23T12:01:13Z</time>
    </trkpt>
    <trkpt lat="46.3480856" lon="15.1433109">
      <ele>454.8000183105469</ele>
      <time>2071-10-24T12:15:28Z</time>
    </trkpt>
    <trkpt lat="46.3480686" lon="15.1435133">
      <ele>454.8000183105469</ele>
      <time>2071-10-25T12:23:46Z</time>
    </trkpt>
    <trkpt lat="46.348052" lon="15.1437067">
      <ele>454.8000183105469</ele>
      <time>2071-10-26T12:13:29Z</time>
    </trkpt>
    <trkpt lat="46.348031" lon="15.1438945">
      <ele>454.8000183105469</ele>
      <time>2071-10-27T12:38:24Z</time>
    </trkpt>
    <trkpt lat="46.3480111" lon="15.1440768">
      <ele>454.8000183105469</ele>
      <time>2071-10-28T12:25:57Z</time>
    </trkpt>
    <trkpt lat="46.3479973" lon="15.1442606">
      <ele>454.8000183105469</ele>
      <time>2071-10-29T12:17:17Z</time>
    </trkpt>
    <trkpt lat="46.347981" lon="15.1444472">
      <ele>454.8000183105469</ele>
      <time>2071-10-30T12:21:56Z</time>
    </trkpt>
    <trkpt lat="46.3479703" lon="15.1446231">
      <ele>454.8000183105469</ele>
      <time>2071-10-31T12:36:25Z</time>
    </trkpt>
    <trkpt lat="46.3479599" lon="15.1448054">
      <ele>453.1279296875</ele>
      <time>2071-11-01T12:27:35Z</time>
    </trkpt>
    <trkpt lat="46.3479529" lon="15.1449845">
      <ele>453.48583984375</ele>
      <time>2071-11-02T12:16:08Z</time>
    </trkpt>
    <trkpt lat="46.3479422" lon="15.1451609">
      <ele>453.15863037109375</ele>
      <time>2071-11-03T12:25:51Z</time>
    </trkpt>
    <trkpt lat="46.3479375" lon="15.1453463">
      <ele>452.5740966796875</ele>
      <time>2071-11-04T12:08:13Z</time>
    </trkpt>
    <trkpt lat="46.3479298" lon="15.1455473">
      <ele>452.8609619140625</ele>
      <time>2071-11-05T12:09:19Z</time>
    </trkpt>
    <trkpt lat="46.3479341" lon="15.1457467">
      <ele>453.275146484375</ele>
      <time>2071-11-06T12:18:09Z</time>
    </trkpt>
    <trkpt lat="46.3479297" lon="15.1459553">
      <ele>453.7271728515625</ele>
      <time>2071-11-06T12:18:09Z</time>
    </trkpt>
    <trkpt lat="46.3479243" lon="15.1461601">
      <ele>453.7271728515625</ele>
      <time>2071-11-08T11:58:40Z</time>
    </trkpt>
    <trkpt lat="46.3479241" lon="15.1463654">
      <ele>454.2130126953125</ele>
      <time>2071-11-08T11:58:40Z</time>
    </trkpt>
    <trkpt lat="46.3479311" lon="15.1465689">
      <ele>454.2130126953125</ele>
      <time>2071-11-10T11:58:50Z</time>
    </trkpt>
    <trkpt lat="46.3479363" lon="15.1467717">
      <ele>454.4820556640625</ele>
      <time>2071-11-10T11:58:50Z</time>
    </trkpt>
    <trkpt lat="46.3479406" lon="15.1469794">
      <ele>454.4495849609375</ele>
      <time>2071-11-10T11:58:50Z</time>
    </trkpt>
    <trkpt lat="46.3479434" lon="15.1471962">
      <ele>454.5333251953125</ele>
      <time>2071-11-10T11:58:50Z</time>
    </trkpt>
    <trkpt lat="46.3479468" lon="15.1474114">
      <ele>454.709228515625</ele>
      <time>2071-11-10T11:58:50Z</time>
    </trkpt>
    <trkpt lat="46.3479543" lon="15.1476134">
      <ele>454.068359375</ele>
      <time>2071-11-10T11:58:50Z</time>
    </trkpt>
    <trkpt lat="46.3479588" lon="15.1478218">
      <ele>455.1309814453125</ele>
      <time>2071-11-10T11:58:50Z</time>
    </trkpt>
    <trkpt lat="46.3479688" lon="15.1480201">
      <ele>454.3541259765625</ele>
      <time>2071-11-10T11:58:50Z</time>
    </trkpt>
    <trkpt lat="46.3479788" lon="15.1482264">
      <ele>454.3541259765625</ele>
      <time>2071-11-18T12:28:26Z</time>
    </trkpt>
    <trkpt lat="46.3479859" lon="15.1484579">
      <ele>454.77197265625</ele>
      <time>2071-11-18T12:28:26Z</time>
    </trkpt>
    <trkpt lat="46.3479878" lon="15.1486572">
      <ele>455.4207763671875</ele>
      <time>2071-11-18T12:28:26Z</time>
    </trkpt>
    <trkpt lat="46.3480076" lon="15.1488307">
      <ele>454.340576171875</ele>
      <time>2071-11-18T12:28:26Z</time>
    </trkpt>
    <trkpt lat="46.3480141" lon="15.1490216">
      <ele>454.34466552734375</ele>
      <time>2071-11-18T12:28:26Z</time>
    </trkpt>
    <trkpt lat="46.3480172" lon="15.1491745">
      <ele>454.374755859375</ele>
      <time>2071-11-18T12:28:26Z</time>
    </trkpt>
    <trkpt lat="46.3480143" lon="15.1493876">
      <ele>454.187744140625</ele>
      <time>2071-11-18T12:28:26Z</time>
    </trkpt>
    <trkpt lat="46.3480229" lon="15.1495617">
      <ele>455.283203125</ele>
      <time>2071-11-18T12:28:26Z</time>
    </trkpt>
    <trkpt lat="46.3480244" lon="15.1498287">
      <ele>455.760986328125</ele>
      <time>2071-11-18T12:28:26Z</time>
    </trkpt>
    <trkpt lat="46.3480253" lon="15.1500559">
      <ele>456.776611328125</ele>
      <time>2071-11-18T12:28:26Z</time>
    </trkpt>
    <trkpt lat="46.3480197" lon="15.1502548">
      <ele>457.05072021484375</ele>
      <time>2071-11-18T12:28:26Z</time>
    </trkpt>
    <trkpt lat="46.3480132" lon="15.1504736">
      <ele>456.9849853515625</ele>
      <time>2071-11-18T12:28:26Z</time>
    </trkpt>
    <trkpt lat="46.3480063" lon="15.1506517">
      <ele>456.9849853515625</ele>
      <time>2071-11-30T12:10:24Z</time>
    </trkpt>
    <trkpt lat="46.3479976" lon="15.1508531">
      <ele>455.818359375</ele>
      <time>2071-12-01T12:25:25Z</time>
    </trkpt>
    <trkpt lat="46.3479878" lon="15.1510227">
      <ele>455.70703125</ele>
      <time>2071-12-02T12:10:07Z</time>
    </trkpt>
    <trkpt lat="46.3479738" lon="15.1511997">
      <ele>456.8740234375</ele>
      <time>2071-12-03T12:18:04Z</time>
    </trkpt>
    <trkpt lat="46.3479692" lon="15.1513537">
      <ele>457.2266845703125</ele>
      <time>2071-12-04T12:24:49Z</time>
    </trkpt>
    <trkpt lat="46.3479688" lon="15.1515105">
      <ele>458.00140380859375</ele>
      <time>2071-12-05T12:22:10Z</time>
    </trkpt>
    <trkpt lat="46.3479609" lon="15.151634">
      <ele>456.31988525390625</ele>
      <time>2071-12-05T12:22:10Z</time>
    </trkpt>
    <trkpt lat="46.3479538" lon="15.1517398">
      <ele>456.6585693359375</ele>
      <time>2071-12-05T12:22:10Z</time>
    </trkpt>
    <trkpt lat="46.3479432" lon="15.1518303">
      <ele>456.248291015625</ele>
      <time>2071-12-05T12:22:10Z</time>
    </trkpt>
    <trkpt lat="46.3479376" lon="15.1518646">
      <ele>456.248291015625</ele>
      <time>2071-12-09T12:19:32Z</time>
    </trkpt>
    <trkpt lat="46.3479325" lon="15.1519132">
      <ele>457.4300537109375</ele>
      <time>2071-12-09T12:19:32Z</time>
    </trkpt>
    <trkpt lat="46.347939" lon="15.1519474">
      <ele>456.4464111328125</ele>
      <time>2071-12-09T12:19:32Z</time>
    </trkpt>
    <trkpt lat="46.3479514" lon="15.1519779">
      <ele>456.5018310546875</ele>
      <time>2071-12-09T12:19:32Z</time>
    </trkpt>
    <trkpt lat="46.3479726" lon="15.1520083">
      <ele>457.02734375</ele>
      <time>2071-12-09T12:19:32Z</time>
    </trkpt>
    <trkpt lat="46.3480118" lon="15.1520066">
      <ele>456.0262451171875</ele>
      <time>2071-12-09T12:19:32Z</time>
    </trkpt>
    <trkpt lat="46.3480627" lon="15.1520159">
      <ele>456.93267822265625</ele>
      <time>2071-12-09T12:19:32Z</time>
    </trkpt>
    <trkpt lat="46.3481594" lon="15.1520416">
      <ele>456.179443359375</ele>
      <time>2071-12-09T12:19:32Z</time>
    </trkpt>
    <trkpt lat="46.348263" lon="15.1520594">
      <ele>456.1453857421875</ele>
      <time>2071-12-09T12:19:32Z</time>
    </trkpt>
    <trkpt lat="46.3483449" lon="15.1520709">
      <ele>456.1453857421875</ele>
      <time>2071-12-18T12:06:17Z</time>
    </trkpt>
    <trkpt lat="46.3484397" lon="15.1520584">
      <ele>455.3218994140625</ele>
      <time>2071-12-19T12:24:15Z</time>
    </trkpt>
    <trkpt lat="46.3485562" lon="15.1520551">
      <ele>457.1806640625</ele>
      <time>2071-12-19T12:24:15Z</time>
    </trkpt>
    <trkpt lat="46.3486697" lon="15.1520428">
      <ele>457.1806640625</ele>
      <time>2071-12-21T12:02:21Z</time>
    </trkpt>
    <trkpt lat="46.3487909" lon="15.1520499">
      <ele>458.755615234375</ele>
      <time>2071-12-21T12:02:21Z</time>
    </trkpt>
    <trkpt lat="46.3488958" lon="15.1520639">
      <ele>459.2677001953125</ele>
      <time>2071-12-21T12:02:21Z</time>
    </trkpt>
    <trkpt lat="46.3490276" lon="15.15209">
      <ele>461.3585205078125</ele>
      <time>2071-12-21T12:02:21Z</time>
    </trkpt>
    <trkpt lat="46.349135" lon="15.1521388">
      <ele>462.1251220703125</ele>
      <time>2071-12-21T12:02:21Z</time>
    </trkpt>
    <trkpt lat="46.3492411" lon="15.1522117">
      <ele>462.1251220703125</ele>
      <time>2071-12-26T12:12:49Z</time>
    </trkpt>
    <trkpt lat="46.349337" lon="15.1523128">
      <ele>464.7203369140625</ele>
      <time>2071-12-27T12:04:19Z</time>
    </trkpt>
    <trkpt lat="46.3494186" lon="15.1524247">
      <ele>466.76751708984375</ele>
      <time>2071-12-27T12:04:19Z</time>
    </trkpt>
    <trkpt lat="46.3494884" lon="15.1525203">
      <ele>467.48956298828125</ele>
      <time>2071-12-27T12:04:19Z</time>
    </trkpt>
    <trkpt lat="46.3495837" lon="15.1525759">
      <ele>467.27593994140625</ele>
      <time>2071-12-27T12:04:19Z</time>
    </trkpt>
    <trkpt lat="46.3496668" lon="15.1526013">
      <ele>467.216796875</ele>
      <time>2071-12-27T12:04:19Z</time>
    </trkpt>
    <trkpt lat="46.3497597" lon="15.1526092">
      <ele>467.7664794921875</ele>
      <time>2071-12-27T12:04:19Z</time>
    </trkpt>
    <trkpt lat="46.3498943" lon="15.1526214">
      <ele>467.4405517578125</ele>
      <time>2071-12-27T12:04:19Z</time>
    </trkpt>
    <trkpt lat="46.3500048" lon="15.1526029">
      <ele>467.72735595703125</ele>
      <time>2071-12-27T12:04:19Z</time>
    </trkpt>
    <trkpt lat="46.3500978" lon="15.1526065">
      <ele>466.65728759765625</ele>
      <time>2071-12-27T12:04:19Z</time>
    </trkpt>
    <trkpt lat="46.3502102" lon="15.1526133">
      <ele>467.235107421875</ele>
      <time>2071-12-27T12:04:19Z</time>
    </trkpt>
    <trkpt lat="46.3503226" lon="15.1526256">
      <ele>468.30108642578125</ele>
      <time>2071-12-27T12:04:19Z</time>
    </trkpt>
    <trkpt lat="46.3504259" lon="15.1526558">
      <ele>468.7430419921875</ele>
      <time>2071-12-27T12:04:19Z</time>
    </trkpt>
    <trkpt lat="46.350527" lon="15.1526762">
      <ele>469.4775390625</ele>
      <time>2071-12-27T12:04:19Z</time>
    </trkpt>
    <trkpt lat="46.3506181" lon="15.1526813">
      <ele>468.7366943359375</ele>
      <time>2071-12-27T12:04:19Z</time>
    </trkpt>
    <trkpt lat="46.3506919" lon="15.1526963">
      <ele>468.75714111328125</ele>
      <time>2071-12-27T12:04:19Z</time>
    </trkpt>
    <trkpt lat="46.3507727" lon="15.1527241">
      <ele>470.063232421875</ele>
      <time>2071-12-27T12:04:19Z</time>
    </trkpt>
    <trkpt lat="46.3508655" lon="15.1527504">
      <ele>470.12835693359375</ele>
      <time>2071-12-27T12:04:19Z</time>
    </trkpt>
    <trkpt lat="46.3509233" lon="15.1527917">
      <ele>471.629150390625</ele>
      <time>2071-12-27T12:04:19Z</time>
    </trkpt>
    <trkpt lat="46.351003" lon="15.1528631">
      <ele>471.08349609375</ele>
      <time>2071-12-27T12:04:19Z</time>
    </trkpt>
    <trkpt lat="46.3510569" lon="15.1529424">
      <ele>471.90875244140625</ele>
      <time>2071-12-27T12:04:19Z</time>
    </trkpt>
    <trkpt lat="46.351118" lon="15.1530469">
      <ele>473.0880126953125</ele>
      <time>2071-12-27T12:04:19Z</time>
    </trkpt>
    <trkpt lat="46.3511742" lon="15.1531622">
      <ele>473.0880126953125</ele>
      <time>2072-01-17T12:19:46Z</time>
    </trkpt>
    <trkpt lat="46.351225" lon="15.1532755">
      <ele>472.7930908203125</ele>
      <time>2072-01-17T12:19:46Z</time>
    </trkpt>
    <trkpt lat="46.3512865" lon="15.1533723">
      <ele>473.202880859375</ele>
      <time>2072-01-17T12:19:46Z</time>
    </trkpt>
    <trkpt lat="46.3513515" lon="15.1534434">
      <ele>474.358154296875</ele>
      <time>2072-01-17T12:19:46Z</time>
    </trkpt>
    <trkpt lat="46.3514324" lon="15.1535006">
      <ele>474.15350341796875</ele>
      <time>2072-01-17T12:19:46Z</time>
    </trkpt>
    <trkpt lat="46.3515074" lon="15.1535295">
      <ele>474.1270751953125</ele>
      <time>2072-01-17T12:19:46Z</time>
    </trkpt>
    <trkpt lat="46.3515607" lon="15.1535245">
      <ele>474.6710205078125</ele>
      <time>2072-01-17T12:19:46Z</time>
    </trkpt>
    <trkpt lat="46.3516241" lon="15.153481">
      <ele>474.50927734375</ele>
      <time>2072-01-17T12:19:46Z</time>
    </trkpt>
    <trkpt lat="46.3516838" lon="15.1534168">
      <ele>474.1680908203125</ele>
      <time>2072-01-17T12:19:46Z</time>
    </trkpt>
    <trkpt lat="46.3517492" lon="15.1533482">
      <ele>474.5986328125</ele>
      <time>2072-01-17T12:19:46Z</time>
    </trkpt>
    <trkpt lat="46.3518338" lon="15.1532453">
      <ele>474.394287109375</ele>
      <time>2072-01-17T12:19:46Z</time>
    </trkpt>
    <trkpt lat="46.3519063" lon="15.1531856">
      <ele>474.33544921875</ele>
      <time>2072-01-17T12:19:46Z</time>
    </trkpt>
    <trkpt lat="46.3520016" lon="15.1531313">
      <ele>473.83892822265625</ele>
      <time>2072-01-17T12:19:46Z</time>
    </trkpt>
    <trkpt lat="46.3521072" lon="15.1531155">
      <ele>473.83892822265625</ele>
      <time>2072-01-30T12:20:08Z</time>
    </trkpt>
    <trkpt lat="46.3522213" lon="15.153103">
      <ele>474.55169677734375</ele>
      <time>2072-01-30T12:20:08Z</time>
    </trkpt>
    <trkpt lat="46.352332" lon="15.1531002">
      <ele>474.8804931640625</ele>
      <time>2072-01-30T12:20:08Z</time>
    </trkpt>
    <trkpt lat="46.3524607" lon="15.1530981">
      <ele>474.8804931640625</ele>
      <time>2072-02-02T12:13:38Z</time>
    </trkpt>
    <trkpt lat="46.3525834" lon="15.1530873">
      <ele>475.4521484375</ele>
      <time>2072-02-03T11:53:33Z</time>
    </trkpt>
    <trkpt lat="46.3526944" lon="15.1530882">
      <ele>473.71600341796875</ele>
      <time>2072-02-03T11:53:33Z</time>
    </trkpt>
    <trkpt lat="46.352796" lon="15.1530793">
      <ele>473.6064453125</ele>
      <time>2072-02-03T11:53:33Z</time>
    </trkpt>
    <trkpt lat="46.3528887" lon="15.1530711">
      <ele>473.0870361328125</ele>
      <time>2072-02-03T11:53:33Z</time>
    </trkpt>
    <trkpt lat="46.3529617" lon="15.1530524">
      <ele>473.8612060546875</ele>
      <time>2072-02-03T11:53:33Z</time>
    </trkpt>
    <trkpt lat="46.3530727" lon="15.153031">
      <ele>473.8612060546875</ele>
      <time>2072-02-08T11:57:48Z</time>
    </trkpt>
    <trkpt lat="46.353192" lon="15.1530049">
      <ele>472.49261474609375</ele>
      <time>2072-02-09T12:22:02Z</time>
    </trkpt>
    <trkpt lat="46.3533011" lon="15.152985">
      <ele>471.39459228515625</ele>
      <time>2072-02-10T12:02:33Z</time>
    </trkpt>
    <trkpt lat="46.3534221" lon="15.1529631">
      <ele>471.494873046875</ele>
      <time>2072-02-11T12:40:23Z</time>
    </trkpt>
    <trkpt lat="46.3535597" lon="15.1529381">
      <ele>471.36956787109375</ele>
      <time>2072-02-12T12:19:47Z</time>
    </trkpt>
    <trkpt lat="46.3536873" lon="15.1529046">
      <ele>471.2349853515625</ele>
      <time>2072-02-13T12:05:52Z</time>
    </trkpt>
    <trkpt lat="46.3538117" lon="15.1528671">
      <ele>472.3707275390625</ele>
      <time>2072-02-14T11:59:15Z</time>
    </trkpt>
    <trkpt lat="46.3539367" lon="15.1528273">
      <ele>473.8514404296875</ele>
      <time>2072-02-14T11:59:15Z</time>
    </trkpt>
    <trkpt lat="46.3540509" lon="15.1527726">
      <ele>473.9208984375</ele>
      <time>2072-02-14T11:59:15Z</time>
    </trkpt>
    <trkpt lat="46.3541675" lon="15.1527086">
      <ele>473.9208984375</ele>
      <time>2072-02-17T12:07:32Z</time>
    </trkpt>
    <trkpt lat="46.3542751" lon="15.1526519">
      <ele>475.236572265625</ele>
      <time>2072-02-17T12:07:32Z</time>
    </trkpt>
    <trkpt lat="46.3543882" lon="15.1526079">
      <ele>475.9722900390625</ele>
      <time>2072-02-17T12:07:32Z</time>
    </trkpt>
    <trkpt lat="46.3544965" lon="15.1525936">
      <ele>475.9722900390625</ele>
      <time>2072-02-20T11:57:08Z</time>
    </trkpt>
    <trkpt lat="46.3546024" lon="15.1525738">
      <ele>478.17572021484375</ele>
      <time>2072-02-21T11:53:32Z</time>
    </trkpt>
    <trkpt lat="46.3547139" lon="15.1525438">
      <ele>480.36328125</ele>
      <time>2072-02-22T12:25:39Z</time>
    </trkpt>
    <trkpt lat="46.3548278" lon="15.1525364">
      <ele>481.20703125</ele>
      <time>2072-02-22T12:25:39Z</time>
    </trkpt>
    <trkpt lat="46.3549465" lon="15.1525535">
      <ele>481.1055908203125</ele>
      <time>2072-02-22T12:25:39Z</time>
    </trkpt>
    <trkpt lat="46.355061" lon="15.1525915">
      <ele>480.7744140625</ele>
      <time>2072-02-22T12:25:39Z</time>
    </trkpt>
    <trkpt lat="46.355171" lon="15.1526347">
      <ele>481.05712890625</ele>
      <time>2072-02-22T12:25:39Z</time>
    </trkpt>
    <trkpt lat="46.3552806" lon="15.1526886">
      <ele>481.430908203125</ele>
      <time>2072-02-22T12:25:39Z</time>
    </trkpt>
    <trkpt lat="46.3553914" lon="15.1527413">
      <ele>481.430908203125</ele>
      <time>2072-02-28T12:09:10Z</time>
    </trkpt>
    <trkpt lat="46.3554924" lon="15.1527871">
      <ele>480.71044921875</ele>
      <time>2072-02-29T12:13:10Z</time>
    </trkpt>
    <trkpt lat="46.3556071" lon="15.152842">
      <ele>481.6759033203125</ele>
      <time>2072-03-01T12:24:08Z</time>
    </trkpt>
    <trkpt lat="46.3557221" lon="15.1528905">
      <ele>481.3892822265625</ele>
      <time>2072-03-02T12:08:23Z</time>
    </trkpt>
    <trkpt lat="46.3558568" lon="15.1529417">
      <ele>481.96905517578125</ele>
      <time>2072-03-03T11:58:33Z</time>
    </trkpt>
    <trkpt lat="46.3559803" lon="15.1529866">
      <ele>481.9453125</ele>
      <time>2072-03-04T12:20:24Z</time>
    </trkpt>
    <trkpt lat="46.3561021" lon="15.1530385">
      <ele>482.779052734375</ele>
      <time>2072-03-05T12:08:24Z</time>
    </trkpt>
    <trkpt lat="46.3562228" lon="15.1531082">
      <ele>483.77862548828125</ele>
      <time>2072-03-06T12:08:50Z</time>
    </trkpt>
    <trkpt lat="46.3563418" lon="15.1531926">
      <ele>486.4346923828125</ele>
      <time>2072-03-06T12:08:50Z</time>
    </trkpt>
    <trkpt lat="46.3564567" lon="15.1532661">
      <ele>486.4346923828125</ele>
      <time>2072-03-08T12:13:05Z</time>
    </trkpt>
    <trkpt lat="46.3565698" lon="15.1533429">
      <ele>487.382080078125</ele>
      <time>2072-03-08T12:13:05Z</time>
    </trkpt>
    <trkpt lat="46.3566772" lon="15.15342">
      <ele>488.0487060546875</ele>
      <time>2072-03-08T12:13:05Z</time>
    </trkpt>
    <trkpt lat="46.3567872" lon="15.1534861">
      <ele>488.90191650390625</ele>
      <time>2072-03-08T12:13:05Z</time>
    </trkpt>
    <trkpt lat="46.3568706" lon="15.1535159">
      <ele>492.34539794921875</ele>
      <time>2072-03-08T12:13:05Z</time>
    </trkpt>
    <trkpt lat="46.3569647" lon="15.1535231">
      <ele>492.64794921875</ele>
      <time>2072-03-08T12:13:05Z</time>
    </trkpt>
    <trkpt lat="46.3570368" lon="15.1535199">
      <ele>493.4500732421875</ele>
      <time>2072-03-08T12:13:05Z</time>
    </trkpt>
    <trkpt lat="46.3571054" lon="15.1535324">
      <ele>493.2818603515625</ele>
      <time>2072-03-08T12:13:05Z</time>
    </trkpt>
    <trkpt lat="46.357162" lon="15.1535691">
      <ele>492.953125</ele>
      <time>2072-03-08T12:13:05Z</time>
    </trkpt>
    <trkpt lat="46.3572088" lon="15.1535997">
      <ele>493.22552490234375</ele>
      <time>2072-03-08T12:13:05Z</time>
    </trkpt>
    <trkpt lat="46.3572513" lon="15.1536583">
      <ele>493.2572021484375</ele>
      <time>2072-03-08T12:13:05Z</time>
    </trkpt>
    <trkpt lat="46.3571602" lon="15.1537679">
      <ele>494.78387451171875</ele>
      <time>2072-03-08T12:13:05Z</time>
    </trkpt>
    <trkpt lat="46.3570766" lon="15.153856">
      <ele>495.046142578125</ele>
      <time>2072-03-08T12:13:05Z</time>
    </trkpt>
    <trkpt lat="46.3570039" lon="15.1539362">
      <ele>496.2825927734375</ele>
      <time>2072-03-08T12:13:05Z</time>
    </trkpt>
    <trkpt lat="46.3569482" lon="15.154051">
      <ele>496.72430419921875</ele>
      <time>2072-03-08T12:13:05Z</time>
    </trkpt>
    <trkpt lat="46.3569105" lon="15.154139">
      <ele>497.6695556640625</ele>
      <time>2072-03-08T12:13:05Z</time>
    </trkpt>
    <trkpt lat="46.3568994" lon="15.1542403">
      <ele>497.92791748046875</ele>
      <time>2072-03-08T12:13:05Z</time>
    </trkpt>
    <trkpt lat="46.3568861" lon="15.1543696">
      <ele>498.9478759765625</ele>
      <time>2072-03-08T12:13:05Z</time>
    </trkpt>
    <trkpt lat="46.3568705" lon="15.1544514">
      <ele>501.7550048828125</ele>
      <time>2072-03-08T12:13:05Z</time>
    </trkpt>
    <trkpt lat="46.3568323" lon="15.154549">
      <ele>502.16510009765625</ele>
      <time>2072-03-08T12:13:05Z</time>
    </trkpt>
    <trkpt lat="46.3567869" lon="15.1546103">
      <ele>502.998291015625</ele>
      <time>2072-03-08T12:13:05Z</time>
    </trkpt>
    <trkpt lat="46.3567168" lon="15.1546889">
      <ele>503.92730712890625</ele>
      <time>2072-03-08T12:13:05Z</time>
    </trkpt>
    <trkpt lat="46.3566389" lon="15.1547724">
      <ele>504.48797607421875</ele>
      <time>2072-03-08T12:13:05Z</time>
    </trkpt>
    <trkpt lat="46.3565606" lon="15.1548649">
      <ele>504.9351806640625</ele>
      <time>2072-03-08T12:13:05Z</time>
    </trkpt>
    <trkpt lat="46.3564739" lon="15.1549489">
      <ele>504.409912109375</ele>
      <time>2072-03-08T12:13:05Z</time>
    </trkpt>
    <trkpt lat="46.3564233" lon="15.1550304">
      <ele>504.409912109375</ele>
      <time>2072-04-02T12:07:53Z</time>
    </trkpt>
    <trkpt lat="46.3563866" lon="15.1551376">
      <ele>505.6510009765625</ele>
      <time>2072-04-02T12:07:53Z</time>
    </trkpt>
    <trkpt lat="46.3563715" lon="15.1552523">
      <ele>504.02911376953125</ele>
      <time>2072-04-02T12:07:53Z</time>
    </trkpt>
    <trkpt lat="46.356357" lon="15.1553919">
      <ele>504.02911376953125</ele>
      <time>2072-04-05T12:07:46Z</time>
    </trkpt>
    <trkpt lat="46.3563176" lon="15.1555367">
      <ele>503.50140380859375</ele>
      <time>2072-04-05T12:07:46Z</time>
    </trkpt>
    <trkpt lat="46.3562856" lon="15.1556626">
      <ele>504.237548828125</ele>
      <time>2072-04-05T12:07:46Z</time>
    </trkpt>
    <trkpt lat="46.3562459" lon="15.1557876">
      <ele>504.7884521484375</ele>
      <time>2072-04-05T12:07:46Z</time>
    </trkpt>
    <trkpt lat="46.3562122" lon="15.1558796">
      <ele>504.7884521484375</ele>
      <time>2072-04-09T12:17:25Z</time>
    </trkpt>
    <trkpt lat="46.3561811" lon="15.1559889">
      <ele>506.36517333984375</ele>
      <time>2072-04-10T11:50:17Z</time>
    </trkpt>
    <trkpt lat="46.356156" lon="15.1560942">
      <ele>507.389404296875</ele>
      <time>2072-04-10T11:50:17Z</time>
    </trkpt>
    <trkpt lat="46.3561293" lon="15.1561974">
      <ele>506.8956298828125</ele>
      <time>2072-04-10T11:50:17Z</time>
    </trkpt>
    <trkpt lat="46.3561019" lon="15.1563157">
      <ele>506.000732421875</ele>
      <time>2072-04-10T11:50:17Z</time>
    </trkpt>
    <trkpt lat="46.3560714" lon="15.1564293">
      <ele>505.6656494140625</ele>
      <time>2072-04-10T11:50:17Z</time>
    </trkpt>
    <trkpt lat="46.3560366" lon="15.1565487">
      <ele>504.37249755859375</ele>
      <time>2072-04-10T11:50:17Z</time>
    </trkpt>
    <trkpt lat="46.355991" lon="15.1566847">
      <ele>504.58953857421875</ele>
      <time>2072-04-10T11:50:17Z</time>
    </trkpt>
    <trkpt lat="46.355978" lon="15.1567485">
      <ele>504.041748046875</ele>
      <time>2072-04-10T11:50:17Z</time>
    </trkpt>
    <trkpt lat="46.3559447" lon="15.1568944">
      <ele>504.181396484375</ele>
      <time>2072-04-10T11:50:17Z</time>
    </trkpt>
    <trkpt lat="46.3559159" lon="15.1569899">
      <ele>506.0020751953125</ele>
      <time>2072-04-10T11:50:17Z</time>
    </trkpt>
    <trkpt lat="46.3558896" lon="15.1571265">
      <ele>506.260009765625</ele>
      <time>2072-04-10T11:50:17Z</time>
    </trkpt>
    <trkpt lat="46.3558862" lon="15.1572452">
      <ele>507.97479248046875</ele>
      <time>2072-04-10T11:50:17Z</time>
    </trkpt>
    <trkpt lat="46.3558834" lon="15.1573431">
      <ele>508.1212158203125</ele>
      <time>2072-04-10T11:50:17Z</time>
    </trkpt>
    <trkpt lat="46.3558887" lon="15.157455">
      <ele>507.56201171875</ele>
      <time>2072-04-10T11:50:17Z</time>
    </trkpt>
    <trkpt lat="46.3559113" lon="15.1574645">
      <ele>506.6507568359375</ele>
      <time>2072-04-10T11:50:17Z</time>
    </trkpt>
    <trkpt lat="46.3559188" lon="15.1574837">
      <ele>507.8489990234375</ele>
      <time>2072-04-10T11:50:17Z</time>
    </trkpt>
    <trkpt lat="46.3559319" lon="15.1575079">
      <ele>510.13153076171875</ele>
      <time>2072-04-10T11:50:17Z</time>
    </trkpt>
    <trkpt lat="46.3559541" lon="15.1575032">
      <ele>513.2764892578125</ele>
      <time>2072-04-10T11:50:17Z</time>
    </trkpt>
    <trkpt lat="46.355977" lon="15.1575083">
      <ele>514.3890991210938</ele>
      <time>2072-04-10T11:50:17Z</time>
    </trkpt>
    <trkpt lat="46.3560041" lon="15.157519">
      <ele>514.3890991210938</ele>
      <time>2072-04-29T12:19:52Z</time>
    </trkpt>
    <trkpt lat="46.3560165" lon="15.1575149">
      <ele>514.88232421875</ele>
      <time>2072-04-29T12:19:52Z</time>
    </trkpt>
    <trkpt lat="46.3560155" lon="15.1575131">
      <ele>514.9097290039062</ele>
      <time>2072-04-29T12:19:52Z</time>
    </trkpt>
    <trkpt lat="46.3559944" lon="15.1574982">
      <ele>514.9097290039062</ele>
      <time>2072-05-02T12:31:38Z</time>
    </trkpt>
    <trkpt lat="46.3559728" lon="15.157496">
      <ele>514.76708984375</ele>
      <time>2072-05-03T12:21:06Z</time>
    </trkpt>
    <trkpt lat="46.355966" lon="15.1574972">
      <ele>515.2568359375</ele>
      <time>2072-05-04T12:16:38Z</time>
    </trkpt>
    <trkpt lat="46.3559572" lon="15.1574993">
      <ele>515.6156616210938</ele>
      <time>2072-05-05T11:58:04Z</time>
    </trkpt>
    <trkpt lat="46.3559436" lon="15.1575028">
      <ele>533.5</ele>
      <time>2072-05-06T12:37:15Z</time>
    </trkpt>
    <trkpt lat="46.3559436" lon="15.1575146">
      <ele>533.5</ele>
      <time>2072-05-06T12:37:15Z</time>
    </trkpt>
    <trkpt lat="46.3559387" lon="15.1575166">
      <ele>533.5</ele>
      <time>2072-05-06T12:37:15Z</time>
    </trkpt>
    <trkpt lat="46.355939" lon="15.1575088">
      <ele>533.5</ele>
      <time>2072-05-06T12:37:15Z</time>
    </trkpt>
    <trkpt lat="46.3559383" lon="15.1574993">
      <ele>533.5</ele>
      <time>2072-05-06T12:37:15Z</time>
    </trkpt>
    <trkpt lat="46.3559381" lon="15.1574956">
      <ele>533.5</ele>
      <time>2072-05-06T12:37:15Z</time>
    </trkpt>
    <trkpt lat="46.3559378" lon="15.1574967">
      <ele>533.5</ele>
      <time>2072-05-06T12:37:15Z</time>
    </trkpt>
    <trkpt lat="46.3559352" lon="15.1574981">
      <ele>533.5</ele>
      <time>2072-05-06T12:37:15Z</time>
    </trkpt>
    <trkpt lat="46.3559373" lon="15.1575041">
      <ele>533.5</ele>
      <time>2072-05-06T12:37:15Z</time>
    </trkpt>
    <trkpt lat="46.3559365" lon="15.157507">
      <ele>533.5</ele>
      <time>2072-05-06T12:37:15Z</time>
    </trkpt>
    <trkpt lat="46.3559339" lon="15.1575089">
      <ele>533.5</ele>
      <time>2072-05-06T12:37:15Z</time>
    </trkpt>
    <trkpt lat="46.3559181" lon="15.1574984">
      <ele>533.5</ele>
      <time>2072-05-17T12:04:34Z</time>
    </trkpt>
    <trkpt lat="46.3559083" lon="15.1574982">
      <ele>533.5</ele>
      <time>2072-05-18T12:08:17Z</time>
    </trkpt>
  </trkseg></trk>
</gpx>
