<?xml version="1.0" encoding="UTF-8"?>
<gpx version="1.1" creator="AutoDNA" xmlns="http://www.topografix.com/GPX/1/1">
  <trk><name>2026-05-28 16-03-20</name><trkseg>
    <trkpt lat="46.3525105" lon="15.1275569">
      <ele>455.1000061035156</ele>
      <time>2058-03-31T01:52:15Z</time>
    </trkpt>
    <trkpt lat="46.3525113" lon="15.1275407">
      <ele>455.1000061035156</ele>
      <time>2058-03-31T01:52:15Z</time>
    </trkpt>
    <trkpt lat="46.3525061" lon="15.1275485">
      <ele>455.1000061035156</ele>
      <time>2058-03-31T01:52:15Z</time>
    </trkpt>
    <trkpt lat="46.3524545" lon="15.127349">
      <ele>455.20001220703125</ele>
      <time>2058-03-31T01:52:15Z</time>
    </trkpt>
    <trkpt lat="46.352427" lon="15.1272449">
      <ele>455.20001220703125</ele>
      <time>2058-03-31T01:52:15Z</time>
    </trkpt>
    <trkpt lat="46.3527671" lon="15.127269">
      <ele>455.20001220703125</ele>
      <time>2058-03-31T01:52:15Z</time>
    </trkpt>
    <trkpt lat="46.352775" lon="15.1272264">
      <ele>455.20001220703125</ele>
      <time>2058-03-31T01:52:15Z</time>
    </trkpt>
    <trkpt lat="46.3527555" lon="15.1272119">
      <ele>455.20001220703125</ele>
      <time>2058-03-31T01:52:15Z</time>
    </trkpt>
    <trkpt lat="46.3527353" lon="15.1271863">
      <ele>455.20001220703125</ele>
      <time>2058-03-31T01:52:15Z</time>
    </trkpt>
    <trkpt lat="46.3527327" lon="15.1271684">
      <ele>455.20001220703125</ele>
      <time>2058-03-31T01:52:15Z</time>
    </trkpt>
    <trkpt lat="46.3527413" lon="15.1271466">
      <ele>455.20001220703125</ele>
      <time>2058-03-31T01:52:15Z</time>
    </trkpt>
    <trkpt lat="46.3527469" lon="15.1271187">
      <ele>455.20001220703125</ele>
      <time>2058-03-31T01:52:15Z</time>
    </trkpt>
    <trkpt lat="46.3527512" lon="15.1271085">
      <ele>455.20001220703125</ele>
      <time>2058-03-31T01:52:15Z</time>
    </trkpt>
    <trkpt lat="46.3527532" lon="15.1270962">
      <ele>455.20001220703125</ele>
      <time>2058-05-18T23:53:19Z</time>
    </trkpt>
    <trkpt lat="46.3527549" lon="15.1270615">
      <ele>455.20001220703125</ele>
      <time>2058-05-19T23:54:41Z</time>
    </trkpt>
    <trkpt lat="46.3527556" lon="15.1270259">
      <ele>455.20001220703125</ele>
      <time>2058-05-20T23:34:17Z</time>
    </trkpt>
    <trkpt lat="46.3527572" lon="15.126999">
      <ele>455.20001220703125</ele>
      <time>2058-05-21T23:57:36Z</time>
    </trkpt>
    <trkpt lat="46.3527569" lon="15.1269747">
      <ele>455.20001220703125</ele>
      <time>2058-05-22T23:35:25Z</time>
    </trkpt>
    <trkpt lat="46.3527588" lon="15.1269485">
      <ele>455.20001220703125</ele>
      <time>2058-05-23T23:44:22Z</time>
    </trkpt>
    <trkpt lat="46.3527606" lon="15.1269226">
      <ele>455.20001220703125</ele>
      <time>2058-05-24T23:35:08Z</time>
    </trkpt>
    <trkpt lat="46.3527614" lon="15.126893">
      <ele>455.20001220703125</ele>
      <time>2058-05-26T00:01:09Z</time>
    </trkpt>
    <trkpt lat="46.3527583" lon="15.1268654">
      <ele>455.20001220703125</ele>
      <time>2058-05-26T23:40:37Z</time>
    </trkpt>
    <trkpt lat="46.3527487" lon="15.1268338">
      <ele>455.20001220703125</ele>
      <time>2058-05-28T02:58:35Z</time>
    </trkpt>
    <trkpt lat="46.352739" lon="15.1268254">
      <ele>455.20001220703125</ele>
      <time>2058-05-28T23:44:24Z</time>
    </trkpt>
    <trkpt lat="46.3527271" lon="15.1268174">
      <ele>455.20001220703125</ele>
      <time>2058-05-29T23:50:22Z</time>
    </trkpt>
    <trkpt lat="46.3527188" lon="15.1268132">
      <ele>455.20001220703125</ele>
      <time>2058-05-30T23:50:41Z</time>
    </trkpt>
    <trkpt lat="46.3527127" lon="15.1268113">
      <ele>455.20001220703125</ele>
      <time>2058-05-31T23:39:22Z</time>
    </trkpt>
    <trkpt lat="46.352705" lon="15.1268095">
      <ele>455.20001220703125</ele>
      <time>2058-06-03T09:05:27Z</time>
    </trkpt>
    <trkpt lat="46.352662" lon="15.1267965">
      <ele>451.3000183105469</ele>
      <time>2058-06-09T13:14:28Z</time>
    </trkpt>
    <trkpt lat="46.3526154" lon="15.1267562">
      <ele>451.3000183105469</ele>
      <time>2058-06-09T13:14:28Z</time>
    </trkpt>
    <trkpt lat="46.352586" lon="15.1267635">
      <ele>451.3000183105469</ele>
      <time>2058-06-21T02:48:15Z</time>
    </trkpt>
    <trkpt lat="46.3525695" lon="15.1268138">
      <ele>451.3000183105469</ele>
      <time>2058-06-21T02:48:15Z</time>
    </trkpt>
    <trkpt lat="46.3515205" lon="15.1306324">
      <ele>451.3000183105469</ele>
      <time>2058-06-21T02:48:15Z</time>
    </trkpt>
    <trkpt lat="46.3523132" lon="15.1260373">
      <ele>451.3000183105469</ele>
      <time>2058-06-21T02:48:15Z</time>
    </trkpt>
    <trkpt lat="46.3523332" lon="15.1259991">
      <ele>451.3000183105469</ele>
      <time>2058-06-21T02:48:15Z</time>
    </trkpt>
    <trkpt lat="46.3524003" lon="15.126071">
      <ele>451.3000183105469</ele>
      <time>2058-06-21T02:48:15Z</time>
    </trkpt>
    <trkpt lat="46.3524702" lon="15.12613">
      <ele>451.3000183105469</ele>
      <time>2058-06-21T02:48:15Z</time>
    </trkpt>
    <trkpt lat="46.3525017" lon="15.1261604">
      <ele>451.3000183105469</ele>
      <time>2058-06-21T02:48:15Z</time>
    </trkpt>
    <trkpt lat="46.352551" lon="15.1261777">
      <ele>451.3000183105469</ele>
      <time>2058-06-21T02:48:15Z</time>
    </trkpt>
    <trkpt lat="46.3525978" lon="15.1261976">
      <ele>451.3000183105469</ele>
      <time>2058-06-21T02:48:15Z</time>
    </trkpt>
    <trkpt lat="46.3526454" lon="15.1262272">
      <ele>451.3000183105469</ele>
      <time>2058-06-21T02:48:15Z</time>
    </trkpt>
    <trkpt lat="46.3526831" lon="15.1262694">
      <ele>451.3000183105469</ele>
      <time>2058-06-21T02:48:15Z</time>
    </trkpt>
    <trkpt lat="46.3527187" lon="15.1263115">
      <ele>451.3000183105469</ele>
      <time>2058-07-15T23:57:15Z</time>
    </trkpt>
    <trkpt lat="46.3527205" lon="15.1263178">
      <ele>451.3000183105469</ele>
      <time>2058-07-16T23:57:58Z</time>
    </trkpt>
    <trkpt lat="46.3527266" lon="15.1263257">
      <ele>451.3000183105469</ele>
      <time>2058-07-17T23:48:52Z</time>
    </trkpt>
    <trkpt lat="46.3527317" lon="15.1263369">
      <ele>451.3000183105469</ele>
      <time>2058-07-18T23:45:59Z</time>
    </trkpt>
    <trkpt lat="46.3527321" lon="15.1263436">
      <ele>451.3000183105469</ele>
      <time>2058-07-19T23:41:36Z</time>
    </trkpt>
    <trkpt lat="46.3527354" lon="15.126348">
      <ele>451.3000183105469</ele>
      <time>2058-07-20T23:55:23Z</time>
    </trkpt>
    <trkpt lat="46.3527374" lon="15.1263497">
      <ele>451.3000183105469</ele>
      <time>2058-07-21T23:46:04Z</time>
    </trkpt>
    <trkpt lat="46.3527378" lon="15.1263498">
      <ele>451.3000183105469</ele>
      <time>2058-07-23T00:06:33Z</time>
    </trkpt>
    <trkpt lat="46.3527384" lon="15.1263511">
      <ele>451.3000183105469</ele>
      <time>2058-07-23T23:48:01Z</time>
    </trkpt>
    <trkpt lat="46.352757" lon="15.1263674">
      <ele>451.3000183105469</ele>
      <time>2058-07-24T23:52:09Z</time>
    </trkpt>
    <trkpt lat="46.3527788" lon="15.1263848">
      <ele>451.3000183105469</ele>
      <time>2058-07-25T23:40:50Z</time>
    </trkpt>
    <trkpt lat="46.3527929" lon="15.1263923">
      <ele>451.3000183105469</ele>
      <time>2058-07-26T23:38:09Z</time>
    </trkpt>
    <trkpt lat="46.3527986" lon="15.1263932">
      <ele>451.4000244140625</ele>
      <time>2058-07-27T23:43:43Z</time>
    </trkpt>
    <trkpt lat="46.3528012" lon="15.1263933">
      <ele>451.4000244140625</ele>
      <time>2058-07-28T23:33:08Z</time>
    </trkpt>
    <trkpt lat="46.3528024" lon="15.1263883">
      <ele>451.4000244140625</ele>
      <time>2058-07-29T23:49:42Z</time>
    </trkpt>
    <trkpt lat="46.3528038" lon="15.1263907">
      <ele>451.4000244140625</ele>
      <time>2058-07-30T23:46:58Z</time>
    </trkpt>
    <trkpt lat="46.3528043" lon="15.126394">
      <ele>451.4000244140625</ele>
      <time>2058-07-31T23:31:51Z</time>
    </trkpt>
    <trkpt lat="46.3528069" lon="15.1263949">
      <ele>451.4000244140625</ele>
      <time>2058-08-01T23:48:50Z</time>
    </trkpt>
    <trkpt lat="46.3528513" lon="15.1264943">
      <ele>451.4000244140625</ele>
      <time>2058-08-03T00:08:40Z</time>
    </trkpt>
    <trkpt lat="46.3528869" lon="15.1265559">
      <ele>451.4000244140625</ele>
      <time>2058-08-03T00:08:40Z</time>
    </trkpt>
    <trkpt lat="46.3529417" lon="15.1266041">
      <ele>451.4000244140625</ele>
      <time>2058-08-03T00:08:40Z</time>
    </trkpt>
    <trkpt lat="46.3529963" lon="15.1266252">
      <ele>451.4000244140625</ele>
      <time>2058-08-03T00:08:40Z</time>
    </trkpt>
    <trkpt lat="46.3530604" lon="15.1265927">
      <ele>451.4000244140625</ele>
      <time>2058-08-03T00:08:40Z</time>
    </trkpt>
    <trkpt lat="46.3531182" lon="15.126549">
      <ele>451.4000244140625</ele>
      <time>2058-08-03T00:08:40Z</time>
    </trkpt>
    <trkpt lat="46.3531439" lon="15.1264605">
      <ele>451.4000244140625</ele>
      <time>2058-08-03T00:08:40Z</time>
    </trkpt>
    <trkpt lat="46.3531533" lon="15.1263661">
      <ele>451.4000244140625</ele>
      <time>2058-08-03T00:08:40Z</time>
    </trkpt>
    <trkpt lat="46.3531434" lon="15.1262637">
      <ele>451.4000244140625</ele>
      <time>2058-08-03T00:08:40Z</time>
    </trkpt>
    <trkpt lat="46.3531301" lon="15.1261666">
      <ele>451.4000244140625</ele>
      <time>2058-08-03T00:08:40Z</time>
    </trkpt>
    <trkpt lat="46.3531337" lon="15.1260553">
      <ele>451.4000244140625</ele>
      <time>2058-08-03T00:08:40Z</time>
    </trkpt>
    <trkpt lat="46.3531545" lon="15.1259325">
      <ele>451.4000244140625</ele>
      <time>2058-08-13T23:45:41Z</time>
    </trkpt>
    <trkpt lat="46.3531789" lon="15.1258035">
      <ele>451.4000244140625</ele>
      <time>2058-08-14T23:41:09Z</time>
    </trkpt>
    <trkpt lat="46.353212" lon="15.1256667">
      <ele>451.4000244140625</ele>
      <time>2058-08-15T23:36:45Z</time>
    </trkpt>
    <trkpt lat="46.3532436" lon="15.1255118">
      <ele>451.4000244140625</ele>
      <time>2058-08-16T23:46:26Z</time>
    </trkpt>
    <trkpt lat="46.3532725" lon="15.1253543">
      <ele>451.4000244140625</ele>
      <time>2058-08-17T23:22:09Z</time>
    </trkpt>
    <trkpt lat="46.3533002" lon="15.1251889">
      <ele>451.4000244140625</ele>
      <time>2058-08-18T23:35:29Z</time>
    </trkpt>
    <trkpt lat="46.3533263" lon="15.1250327">
      <ele>451.4000244140625</ele>
      <time>2058-08-19T23:50:35Z</time>
    </trkpt>
    <trkpt lat="46.3533496" lon="15.124868">
      <ele>451.4000244140625</ele>
      <time>2058-08-19T23:50:35Z</time>
    </trkpt>
    <trkpt lat="46.3533749" lon="15.1246935">
      <ele>451.4000244140625</ele>
      <time>2058-08-19T23:50:35Z</time>
    </trkpt>
    <trkpt lat="46.3533984" lon="15.1245057">
      <ele>451.4000244140625</ele>
      <time>2058-08-22T23:45:44Z</time>
    </trkpt>
    <trkpt lat="46.3534201" lon="15.1243135">
      <ele>451.4000244140625</ele>
      <time>2058-08-22T23:45:44Z</time>
    </trkpt>
    <trkpt lat="46.353444" lon="15.1241059">
      <ele>451.4000244140625</ele>
      <time>2058-08-24T23:32:17Z</time>
    </trkpt>
    <trkpt lat="46.3534666" lon="15.1238993">
      <ele>451.4000244140625</ele>
      <time>2058-08-25T23:43:39Z</time>
    </trkpt>
    <trkpt lat="46.3534926" lon="15.1236798">
      <ele>451.4000244140625</ele>
      <time>2058-08-26T23:30:29Z</time>
    </trkpt>
    <trkpt lat="46.3535225" lon="15.1234624">
      <ele>451.4000244140625</ele>
      <time>2058-08-27T23:40:12Z</time>
    </trkpt>
    <trkpt lat="46.3535556" lon="15.1232382">
      <ele>451.4000244140625</ele>
      <time>2058-08-27T23:40:12Z</time>
    </trkpt>
    <trkpt lat="46.3535861" lon="15.1230141">
      <ele>451.4000244140625</ele>
      <time>2058-08-29T23:41:01Z</time>
    </trkpt>
    <trkpt lat="46.3536098" lon="15.1227892">
      <ele>451.4000244140625</ele>
      <time>2058-08-30T23:54:25Z</time>
    </trkpt>
    <trkpt lat="46.3536365" lon="15.1225658">
      <ele>451.4000244140625</ele>
      <time>2058-08-30T23:54:25Z</time>
    </trkpt>
    <trkpt lat="46.353663" lon="15.122335">
      <ele>451.4000244140625</ele>
      <time>2058-08-30T23:54:25Z</time>
    </trkpt>
    <trkpt lat="46.3536942" lon="15.122101">
      <ele>451.4000244140625</ele>
      <time>2058-09-02T23:26:15Z</time>
    </trkpt>
    <trkpt lat="46.3537252" lon="15.1218649">
      <ele>451.4000244140625</ele>
      <time>2058-09-02T23:26:15Z</time>
    </trkpt>
    <trkpt lat="46.3537578" lon="15.1216264">
      <ele>451.4000244140625</ele>
      <time>2058-09-02T23:26:15Z</time>
    </trkpt>
    <trkpt lat="46.3537982" lon="15.121393">
      <ele>451.4000244140625</ele>
      <time>2058-09-05T23:31:34Z</time>
    </trkpt>
    <trkpt lat="46.353851" lon="15.1211731">
      <ele>451.4000244140625</ele>
      <time>2058-09-05T23:31:34Z</time>
    </trkpt>
    <trkpt lat="46.3539072" lon="15.1209444">
      <ele>451.4000244140625</ele>
      <time>2058-09-05T23:31:34Z</time>
    </trkpt>
    <trkpt lat="46.3539773" lon="15.1207387">
      <ele>451.4000244140625</ele>
      <time>2058-09-05T23:31:34Z</time>
    </trkpt>
    <trkpt lat="46.3540513" lon="15.1205332">
      <ele>451.4000244140625</ele>
      <time>2058-09-09T23:25:13Z</time>
    </trkpt>
    <trkpt lat="46.3541288" lon="15.1203317">
      <ele>451.4000244140625</ele>
      <time>2058-09-09T23:25:13Z</time>
    </trkpt>
    <trkpt lat="46.3542169" lon="15.1201376">
      <ele>451.4000244140625</ele>
      <time>2058-09-09T23:25:13Z</time>
    </trkpt>
    <trkpt lat="46.3543086" lon="15.1199463">
      <ele>451.4000244140625</ele>
      <time>2058-09-09T23:25:13Z</time>
    </trkpt>
    <trkpt lat="46.354388" lon="15.1197511">
      <ele>451.4000244140625</ele>
      <time>2058-09-13T23:36:00Z</time>
    </trkpt>
    <trkpt lat="46.3544727" lon="15.1195602">
      <ele>451.4000244140625</ele>
      <time>2058-09-14T23:21:27Z</time>
    </trkpt>
    <trkpt lat="46.3545545" lon="15.1193688">
      <ele>451.4000244140625</ele>
      <time>2058-09-15T23:42:37Z</time>
    </trkpt>
    <trkpt lat="46.3546392" lon="15.1191756">
      <ele>451.4000244140625</ele>
      <time>2058-09-16T23:30:37Z</time>
    </trkpt>
    <trkpt lat="46.3547247" lon="15.1190008">
      <ele>451.4000244140625</ele>
      <time>2058-09-17T23:33:20Z</time>
    </trkpt>
    <trkpt lat="46.3548046" lon="15.118822">
      <ele>451.4000244140625</ele>
      <time>2058-09-18T23:41:43Z</time>
    </trkpt>
    <trkpt lat="46.3548784" lon="15.1186417">
      <ele>451.4000244140625</ele>
      <time>2058-09-19T23:33:15Z</time>
    </trkpt>
    <trkpt lat="46.3549682" lon="15.1184673">
      <ele>451.4000244140625</ele>
      <time>2058-09-20T23:45:17Z</time>
    </trkpt>
    <trkpt lat="46.3550435" lon="15.1183029">
      <ele>451.4000244140625</ele>
      <time>2058-09-21T23:39:15Z</time>
    </trkpt>
    <trkpt lat="46.3551214" lon="15.1181334">
      <ele>451.4000244140625</ele>
      <time>2058-09-22T23:24:37Z</time>
    </trkpt>
    <trkpt lat="46.3552043" lon="15.1179651">
      <ele>451.4000244140625</ele>
      <time>2058-09-23T23:32:08Z</time>
    </trkpt>
    <trkpt lat="46.3552813" lon="15.1178028">
      <ele>451.4000244140625</ele>
      <time>2058-09-24T23:43:51Z</time>
    </trkpt>
    <trkpt lat="46.3553521" lon="15.1176395">
      <ele>451.4000244140625</ele>
      <time>2058-09-25T23:25:09Z</time>
    </trkpt>
    <trkpt lat="46.3554251" lon="15.1174781">
      <ele>451.4000244140625</ele>
      <time>2058-09-26T23:27:49Z</time>
    </trkpt>
    <trkpt lat="46.3554856" lon="15.1173142">
      <ele>451.4000244140625</ele>
      <time>2058-09-27T23:41:21Z</time>
    </trkpt>
    <trkpt lat="46.3555443" lon="15.1171509">
      <ele>451.4000244140625</ele>
      <time>2058-09-28T23:34:09Z</time>
    </trkpt>
    <trkpt lat="46.3556103" lon="15.116989">
      <ele>451.4000244140625</ele>
      <time>2058-09-29T23:31:47Z</time>
    </trkpt>
    <trkpt lat="46.3556759" lon="15.1168322">
      <ele>451.4000244140625</ele>
      <time>2058-09-30T23:41:29Z</time>
    </trkpt>
    <trkpt lat="46.3557391" lon="15.1166755">
      <ele>451.4000244140625</ele>
      <time>2058-10-02T00:01:13Z</time>
    </trkpt>
    <trkpt lat="46.3558055" lon="15.1165141">
      <ele>451.4000244140625</ele>
      <time>2058-10-02T23:39:35Z</time>
    </trkpt>
    <trkpt lat="46.3558666" lon="15.1163586">
      <ele>451.4000244140625</ele>
      <time>2058-10-03T23:26:36Z</time>
    </trkpt>
    <trkpt lat="46.3559268" lon="15.1161958">
      <ele>451.4000244140625</ele>
      <time>2058-10-04T23:24:59Z</time>
    </trkpt>
    <trkpt lat="46.3559824" lon="15.1160433">
      <ele>451.4000244140625</ele>
      <time>2058-10-05T23:29:23Z</time>
    </trkpt>
    <trkpt lat="46.3560328" lon="15.1158943">
      <ele>451.4000244140625</ele>
      <time>2058-10-05T23:29:23Z</time>
    </trkpt>
    <trkpt lat="46.3560874" lon="15.1157419">
      <ele>451.4000244140625</ele>
      <time>2058-10-07T23:33:51Z</time>
    </trkpt>
    <trkpt lat="46.3561433" lon="15.1155988">
      <ele>451.4000244140625</ele>
      <time>2058-10-08T23:30:39Z</time>
    </trkpt>
    <trkpt lat="46.3561984" lon="15.1154486">
      <ele>451.4000244140625</ele>
      <time>2058-10-09T23:31:48Z</time>
    </trkpt>
    <trkpt lat="46.3562516" lon="15.1152994">
      <ele>451.4000244140625</ele>
      <time>2058-10-10T23:29:16Z</time>
    </trkpt>
    <trkpt lat="46.3563059" lon="15.1151548">
      <ele>451.4000244140625</ele>
      <time>2058-10-10T23:29:16Z</time>
    </trkpt>
    <trkpt lat="46.3563606" lon="15.114999">
      <ele>451.4000244140625</ele>
      <time>2058-10-10T23:29:16Z</time>
    </trkpt>
    <trkpt lat="46.3564123" lon="15.1148382">
      <ele>451.4000244140625</ele>
      <time>2058-10-13T23:48:16Z</time>
    </trkpt>
    <trkpt lat="46.3564722" lon="15.1146724">
      <ele>451.4000244140625</ele>
      <time>2058-10-14T23:40:09Z</time>
    </trkpt>
    <trkpt lat="46.3565288" lon="15.1145096">
      <ele>451.4000244140625</ele>
      <time>2058-10-15T23:40:12Z</time>
    </trkpt>
    <trkpt lat="46.3565853" lon="15.1143416">
      <ele>451.4000244140625</ele>
      <time>2058-10-17T00:46:00Z</time>
    </trkpt>
    <trkpt lat="46.3566534" lon="15.1141757">
      <ele>451.4000244140625</ele>
      <time>2058-10-17T23:40:43Z</time>
    </trkpt>
    <trkpt lat="46.3567129" lon="15.1140122">
      <ele>451.4000244140625</ele>
      <time>2058-10-18T23:46:47Z</time>
    </trkpt>
    <trkpt lat="46.3567763" lon="15.1138604">
      <ele>451.4000244140625</ele>
      <time>2058-10-19T23:29:26Z</time>
    </trkpt>
    <trkpt lat="46.3568405" lon="15.1137144">
      <ele>451.4000244140625</ele>
      <time>2058-10-20T23:29:41Z</time>
    </trkpt>
    <trkpt lat="46.3569091" lon="15.1135472">
      <ele>441.0445556640625</ele>
      <time>2058-10-20T23:29:41Z</time>
    </trkpt>
    <trkpt lat="46.3569612" lon="15.1134253">
      <ele>440.47283935546875</ele>
      <time>2058-10-20T23:29:41Z</time>
    </trkpt>
    <trkpt lat="46.357014" lon="15.1133091">
      <ele>440.47283935546875</ele>
      <time>2058-10-23T23:35:54Z</time>
    </trkpt>
    <trkpt lat="46.3570677" lon="15.113207">
      <ele>440.0726318359375</ele>
      <time>2058-10-24T23:32:28Z</time>
    </trkpt>
    <trkpt lat="46.3571249" lon="15.1131344">
      <ele>439.85211181640625</ele>
      <time>2058-10-24T23:32:28Z</time>
    </trkpt>
    <trkpt lat="46.3571945" lon="15.1130838">
      <ele>439.68121337890625</ele>
      <time>2058-10-24T23:32:28Z</time>
    </trkpt>
    <trkpt lat="46.357263" lon="15.1130308">
      <ele>439.68121337890625</ele>
      <time>2058-10-27T23:29:47Z</time>
    </trkpt>
    <trkpt lat="46.3573232" lon="15.1129651">
      <ele>439.0362548828125</ele>
      <time>2058-10-27T23:29:47Z</time>
    </trkpt>
    <trkpt lat="46.3573552" lon="15.1128863">
      <ele>438.5084228515625</ele>
      <time>2058-10-27T23:29:47Z</time>
    </trkpt>
    <trkpt lat="46.3573614" lon="15.1127897">
      <ele>438.15521240234375</ele>
      <time>2058-10-27T23:29:47Z</time>
    </trkpt>
    <trkpt lat="46.3573545" lon="15.1126773">
      <ele>438.0294189453125</ele>
      <time>2058-10-27T23:29:47Z</time>
    </trkpt>
    <trkpt lat="46.3573448" lon="15.112556">
      <ele>437.4158935546875</ele>
      <time>2058-10-27T23:29:47Z</time>
    </trkpt>
    <trkpt lat="46.3573382" lon="15.1124206">
      <ele>437.68450927734375</ele>
      <time>2058-10-27T23:29:47Z</time>
    </trkpt>
    <trkpt lat="46.3573472" lon="15.1122781">
      <ele>437.68450927734375</ele>
      <time>2058-11-03T23:28:43Z</time>
    </trkpt>
    <trkpt lat="46.3573813" lon="15.1121304">
      <ele>437.41015625</ele>
      <time>2058-11-03T23:28:43Z</time>
    </trkpt>
    <trkpt lat="46.3574204" lon="15.1119837">
      <ele>437.41015625</ele>
      <time>2058-11-05T23:35:13Z</time>
    </trkpt>
    <trkpt lat="46.3574728" lon="15.1118378">
      <ele>437.57940673828125</ele>
      <time>2058-11-05T23:35:13Z</time>
    </trkpt>
    <trkpt lat="46.3575376" lon="15.1116942">
      <ele>438.1524658203125</ele>
      <time>2058-11-05T23:35:13Z</time>
    </trkpt>
    <trkpt lat="46.3575959" lon="15.1115353">
      <ele>438.1524658203125</ele>
      <time>2058-11-08T23:44:00Z</time>
    </trkpt>
    <trkpt lat="46.3576658" lon="15.1113753">
      <ele>438.0477294921875</ele>
      <time>2058-11-09T23:37:03Z</time>
    </trkpt>
    <trkpt lat="46.3577319" lon="15.1112256">
      <ele>436.89813232421875</ele>
      <time>2058-11-09T23:37:03Z</time>
    </trkpt>
    <trkpt lat="46.357803" lon="15.1110832">
      <ele>437.475830078125</ele>
      <time>2058-11-09T23:37:03Z</time>
    </trkpt>
    <trkpt lat="46.3578749" lon="15.1109463">
      <ele>437.33349609375</ele>
      <time>2058-11-09T23:37:03Z</time>
    </trkpt>
    <trkpt lat="46.3579463" lon="15.1108172">
      <ele>437.4874267578125</ele>
      <time>2058-11-09T23:37:03Z</time>
    </trkpt>
    <trkpt lat="46.3580175" lon="15.1106939">
      <ele>437.554931640625</ele>
      <time>2058-11-09T23:37:03Z</time>
    </trkpt>
    <trkpt lat="46.3580832" lon="15.1105681">
      <ele>437.1553955078125</ele>
      <time>2058-11-09T23:37:03Z</time>
    </trkpt>
    <trkpt lat="46.3581517" lon="15.1104408">
      <ele>437.245361328125</ele>
      <time>2058-11-09T23:37:03Z</time>
    </trkpt>
    <trkpt lat="46.3582185" lon="15.1103016">
      <ele>436.133056640625</ele>
      <time>2058-11-09T23:37:03Z</time>
    </trkpt>
    <trkpt lat="46.3582686" lon="15.1101819">
      <ele>435.4146728515625</ele>
      <time>2058-11-09T23:37:03Z</time>
    </trkpt>
    <trkpt lat="46.3583184" lon="15.1100548">
      <ele>435.35162353515625</ele>
      <time>2058-11-09T23:37:03Z</time>
    </trkpt>
    <trkpt lat="46.3583616" lon="15.1099584">
      <ele>435.35162353515625</ele>
      <time>2058-11-20T23:37:41Z</time>
    </trkpt>
    <trkpt lat="46.3583936" lon="15.1098641">
      <ele>436.10888671875</ele>
      <time>2058-11-21T23:33:47Z</time>
    </trkpt>
    <trkpt lat="46.3584223" lon="15.1097779">
      <ele>434.83074951171875</ele>
      <time>2058-11-22T23:25:45Z</time>
    </trkpt>
    <trkpt lat="46.3584503" lon="15.1097075">
      <ele>433.7984619140625</ele>
      <time>2058-11-22T23:25:45Z</time>
    </trkpt>
    <trkpt lat="46.358473" lon="15.1096573">
      <ele>433.7984619140625</ele>
      <time>2058-11-24T23:22:55Z</time>
    </trkpt>
    <trkpt lat="46.3584841" lon="15.109617">
      <ele>434.3046875</ele>
      <time>2058-11-24T23:22:55Z</time>
    </trkpt>
    <trkpt lat="46.3584851" lon="15.1096063">
      <ele>434.9053955078125</ele>
      <time>2058-11-24T23:22:55Z</time>
    </trkpt>
    <trkpt lat="46.3584797" lon="15.1096128">
      <ele>435.3653564453125</ele>
      <time>2058-11-24T23:22:55Z</time>
    </trkpt>
    <trkpt lat="46.3584847" lon="15.1096096">
      <ele>435.3692626953125</ele>
      <time>2058-11-24T23:22:55Z</time>
    </trkpt>
    <trkpt lat="46.3584815" lon="15.1096055">
      <ele>435.0469970703125</ele>
      <time>2058-11-24T23:22:55Z</time>
    </trkpt>
    <trkpt lat="46.3584787" lon="15.1096064">
      <ele>433.8465576171875</ele>
      <time>2058-11-24T23:22:55Z</time>
    </trkpt>
    <trkpt lat="46.35848" lon="15.1096086">
      <ele>440.1000061035156</ele>
      <time>2058-11-24T23:22:55Z</time>
    </trkpt>
    <trkpt lat="46.358482" lon="15.1096093">
      <ele>440.1000061035156</ele>
      <time>2058-11-24T23:22:55Z</time>
    </trkpt>
    <trkpt lat="46.3584824" lon="15.1096163">
      <ele>440.1000061035156</ele>
      <time>2058-12-03T23:21:51Z</time>
    </trkpt>
    <trkpt lat="46.3584823" lon="15.1096153">
      <ele>440.1000061035156</ele>
      <time>2058-12-04T23:29:51Z</time>
    </trkpt>
    <trkpt lat="46.3584817" lon="15.1096154">
      <ele>440.1000061035156</ele>
      <time>2058-12-06T00:00:06Z</time>
    </trkpt>
    <trkpt lat="46.3584807" lon="15.1096134">
      <ele>440.1000061035156</ele>
      <time>2058-12-06T23:44:57Z</time>
    </trkpt>
    <trkpt lat="46.3584821" lon="15.109611">
      <ele>440.1000061035156</ele>
      <time>2058-12-07T23:29:16Z</time>
    </trkpt>
    <trkpt lat="46.3584843" lon="15.109608">
      <ele>440.1000061035156</ele>
      <time>2058-12-08T23:21:23Z</time>
    </trkpt>
    <trkpt lat="46.3584953" lon="15.1095602">
      <ele>440.1000061035156</ele>
      <time>2058-12-08T23:21:23Z</time>
    </trkpt>
    <trkpt lat="46.3585353" lon="15.1094205">
      <ele>440.1000061035156</ele>
      <time>2058-12-08T23:21:23Z</time>
    </trkpt>
    <trkpt lat="46.3585626" lon="15.1093195">
      <ele>440.1000061035156</ele>
      <time>2058-12-08T23:21:23Z</time>
    </trkpt>
    <trkpt lat="46.3585642" lon="15.1092293">
      <ele>440.1000061035156</ele>
      <time>2058-12-08T23:21:23Z</time>
    </trkpt>
    <trkpt lat="46.3585965" lon="15.1091516">
      <ele>440.1000061035156</ele>
      <time>2058-12-13T23:41:53Z</time>
    </trkpt>
    <trkpt lat="46.3586107" lon="15.1090641">
      <ele>440.1000061035156</ele>
      <time>2058-12-13T23:41:53Z</time>
    </trkpt>
    <trkpt lat="46.358628" lon="15.1089728">
      <ele>440.1000061035156</ele>
      <time>2058-12-13T23:41:53Z</time>
    </trkpt>
    <trkpt lat="46.3586452" lon="15.1088944">
      <ele>440.1000061035156</ele>
      <time>2058-12-13T23:41:53Z</time>
    </trkpt>
    <trkpt lat="46.3586686" lon="15.1088123">
      <ele>440.1000061035156</ele>
      <time>2058-12-13T23:41:53Z</time>
    </trkpt>
    <trkpt lat="46.3586887" lon="15.1087088">
      <ele>440.1000061035156</ele>
      <time>2058-12-13T23:41:53Z</time>
    </trkpt>
    <trkpt lat="46.3587156" lon="15.1085645">
      <ele>440.1000061035156</ele>
      <time>2058-12-13T23:41:53Z</time>
    </trkpt>
    <trkpt lat="46.3587296" lon="15.1084363">
      <ele>440.1000061035156</ele>
      <time>2058-12-13T23:41:53Z</time>
    </trkpt>
    <trkpt lat="46.3587426" lon="15.1083192">
      <ele>440.1000061035156</ele>
      <time>2058-12-13T23:41:53Z</time>
    </trkpt>
    <trkpt lat="46.3587601" lon="15.1081836">
      <ele>440.1000061035156</ele>
      <time>2058-12-13T23:41:53Z</time>
    </trkpt>
    <trkpt lat="46.3587725" lon="15.1080609">
      <ele>440.1000061035156</ele>
      <time>2058-12-13T23:41:53Z</time>
    </trkpt>
    <trkpt lat="46.3587929" lon="15.1079536">
      <ele>440.1000061035156</ele>
      <time>2058-12-13T23:41:53Z</time>
    </trkpt>
    <trkpt lat="46.3587975" lon="15.1078317">
      <ele>440.1000061035156</ele>
      <time>2058-12-13T23:41:53Z</time>
    </trkpt>
    <trkpt lat="46.358812" lon="15.1076802">
      <ele>440.1000061035156</ele>
      <time>2058-12-13T23:41:53Z</time>
    </trkpt>
    <trkpt lat="46.3588296" lon="15.1075585">
      <ele>440.1000061035156</ele>
      <time>2058-12-13T23:41:53Z</time>
    </trkpt>
    <trkpt lat="46.3588498" lon="15.1073934">
      <ele>440.1000061035156</ele>
      <time>2058-12-13T23:41:53Z</time>
    </trkpt>
    <trkpt lat="46.3588752" lon="15.1072366">
      <ele>440.1000061035156</ele>
      <time>2058-12-13T23:41:53Z</time>
    </trkpt>
    <trkpt lat="46.3589013" lon="15.1070652">
      <ele>440.1000061035156</ele>
      <time>2058-12-13T23:41:53Z</time>
    </trkpt>
    <trkpt lat="46.3589177" lon="15.106895">
      <ele>440.1000061035156</ele>
      <time>2058-12-13T23:41:53Z</time>
    </trkpt>
    <trkpt lat="46.3589328" lon="15.1067338">
      <ele>440.1000061035156</ele>
      <time>2058-12-13T23:41:53Z</time>
    </trkpt>
    <trkpt lat="46.3589513" lon="15.1065707">
      <ele>440.1000061035156</ele>
      <time>2058-12-13T23:41:53Z</time>
    </trkpt>
    <trkpt lat="46.3589542" lon="15.1064013">
      <ele>440.1000061035156</ele>
      <time>2058-12-13T23:41:53Z</time>
    </trkpt>
    <trkpt lat="46.3589625" lon="15.1062412">
      <ele>440.1000061035156</ele>
      <time>2059-01-04T23:29:07Z</time>
    </trkpt>
    <trkpt lat="46.358984" lon="15.1060736">
      <ele>440.1000061035156</ele>
      <time>2059-01-05T23:29:26Z</time>
    </trkpt>
    <trkpt lat="46.3590045" lon="15.1059191">
      <ele>440.1000061035156</ele>
      <time>2059-01-06T23:29:12Z</time>
    </trkpt>
    <trkpt lat="46.3590175" lon="15.1057573">
      <ele>440.1000061035156</ele>
      <time>2059-01-07T23:40:00Z</time>
    </trkpt>
    <trkpt lat="46.3590383" lon="15.1055859">
      <ele>440.1000061035156</ele>
      <time>2059-01-08T23:29:13Z</time>
    </trkpt>
    <trkpt lat="46.3590593" lon="15.1054103">
      <ele>440.1000061035156</ele>
      <time>2059-01-09T23:21:31Z</time>
    </trkpt>
    <trkpt lat="46.3590757" lon="15.10525">
      <ele>440.1000061035156</ele>
      <time>2059-01-10T23:28:16Z</time>
    </trkpt>
    <trkpt lat="46.359094" lon="15.1050852">
      <ele>440.1000061035156</ele>
      <time>2059-01-11T23:35:40Z</time>
    </trkpt>
    <trkpt lat="46.3591101" lon="15.104915">
      <ele>440.1000061035156</ele>
      <time>2059-01-11T23:35:40Z</time>
    </trkpt>
    <trkpt lat="46.3591297" lon="15.1047442">
      <ele>440.1000061035156</ele>
      <time>2059-01-11T23:35:40Z</time>
    </trkpt>
    <trkpt lat="46.3591361" lon="15.1045666">
      <ele>440.1000061035156</ele>
      <time>2059-01-11T23:35:40Z</time>
    </trkpt>
    <trkpt lat="46.3591501" lon="15.1043763">
      <ele>440.1000061035156</ele>
      <time>2059-01-16T00:27:59Z</time>
    </trkpt>
    <trkpt lat="46.3591634" lon="15.1041957">
      <ele>440.1000061035156</ele>
      <time>2059-01-16T00:27:59Z</time>
    </trkpt>
    <trkpt lat="46.3591685" lon="15.1040027">
      <ele>440.1000061035156</ele>
      <time>2059-01-16T00:27:59Z</time>
    </trkpt>
    <trkpt lat="46.3591929" lon="15.1038361">
      <ele>440.1000061035156</ele>
      <time>2059-01-18T23:25:35Z</time>
    </trkpt>
    <trkpt lat="46.359195" lon="15.1036581">
      <ele>440.1000061035156</ele>
      <time>2059-01-18T23:25:35Z</time>
    </trkpt>
    <trkpt lat="46.3592135" lon="15.103472">
      <ele>440.1000061035156</ele>
      <time>2059-01-18T23:25:35Z</time>
    </trkpt>
    <trkpt lat="46.3592309" lon="15.1032976">
      <ele>440.1000061035156</ele>
      <time>2059-01-21T23:27:36Z</time>
    </trkpt>
    <trkpt lat="46.3592447" lon="15.1031061">
      <ele>440.1000061035156</ele>
      <time>2059-01-21T23:27:36Z</time>
    </trkpt>
    <trkpt lat="46.3592552" lon="15.1029115">
      <ele>440.1000061035156</ele>
      <time>2059-01-23T23:29:57Z</time>
    </trkpt>
    <trkpt lat="46.3592662" lon="15.1027353">
      <ele>440.1000061035156</ele>
      <time>2059-01-23T23:29:57Z</time>
    </trkpt>
    <trkpt lat="46.3592772" lon="15.1025778">
      <ele>440.1000061035156</ele>
      <time>2059-01-25T23:40:44Z</time>
    </trkpt>
    <trkpt lat="46.359287" lon="15.1024016">
      <ele>440.1000061035156</ele>
      <time>2059-01-26T23:42:27Z</time>
    </trkpt>
    <trkpt lat="46.3592952" lon="15.1022314">
      <ele>440.1000061035156</ele>
      <time>2059-01-27T23:35:36Z</time>
    </trkpt>
    <trkpt lat="46.3593084" lon="15.102076">
      <ele>440.1000061035156</ele>
      <time>2059-01-28T23:24:06Z</time>
    </trkpt>
    <trkpt lat="46.3593184" lon="15.1019297">
      <ele>440.1000061035156</ele>
      <time>2059-01-29T23:24:50Z</time>
    </trkpt>
    <trkpt lat="46.3593357" lon="15.1018024">
      <ele>440.1000061035156</ele>
      <time>2059-01-30T23:28:55Z</time>
    </trkpt>
    <trkpt lat="46.3593503" lon="15.10168">
      <ele>440.1000061035156</ele>
      <time>2059-01-31T23:29:54Z</time>
    </trkpt>
    <trkpt lat="46.3593589" lon="15.101581">
      <ele>440.1000061035156</ele>
      <time>2059-02-01T23:45:44Z</time>
    </trkpt>
    <trkpt lat="46.3593634" lon="15.1014916">
      <ele>440.1000061035156</ele>
      <time>2059-02-02T23:38:57Z</time>
    </trkpt>
    <trkpt lat="46.3593756" lon="15.1014105">
      <ele>440.1000061035156</ele>
      <time>2059-02-03T23:38:31Z</time>
    </trkpt>
    <trkpt lat="46.3593853" lon="15.1013312">
      <ele>440.1000061035156</ele>
      <time>2059-02-04T23:31:33Z</time>
    </trkpt>
    <trkpt lat="46.3593944" lon="15.1012629">
      <ele>440.1000061035156</ele>
      <time>2059-02-05T23:30:57Z</time>
    </trkpt>
    <trkpt lat="46.3594016" lon="15.1011987">
      <ele>440.1000061035156</ele>
      <time>2059-02-06T23:22:26Z</time>
    </trkpt>
    <trkpt lat="46.3594083" lon="15.1011456">
      <ele>440.1000061035156</ele>
      <time>2059-02-07T23:48:59Z</time>
    </trkpt>
    <trkpt lat="46.359416" lon="15.1010995">
      <ele>440.1000061035156</ele>
      <time>2059-02-08T23:31:14Z</time>
    </trkpt>
    <trkpt lat="46.3594247" lon="15.101066">
      <ele>440.1000061035156</ele>
      <time>2059-02-09T23:50:07Z</time>
    </trkpt>
    <trkpt lat="46.3594312" lon="15.1010307">
      <ele>440.1000061035156</ele>
      <time>2059-02-09T23:50:07Z</time>
    </trkpt>
    <trkpt lat="46.3594373" lon="15.101011">
      <ele>440.1000061035156</ele>
      <time>2059-02-09T23:50:07Z</time>
    </trkpt>
    <trkpt lat="46.3594383" lon="15.1010009">
      <ele>440.1000061035156</ele>
      <time>2059-02-09T23:50:07Z</time>
    </trkpt>
    <trkpt lat="46.359438" lon="15.1009998">
      <ele>440.1000061035156</ele>
      <time>2059-02-09T23:50:07Z</time>
    </trkpt>
    <trkpt lat="46.3594374" lon="15.1009999">
      <ele>440.1000061035156</ele>
      <time>2059-02-09T23:50:07Z</time>
    </trkpt>
    <trkpt lat="46.3594354" lon="15.1010044">
      <ele>440.1000061035156</ele>
      <time>2059-02-15T23:40:12Z</time>
    </trkpt>
    <trkpt lat="46.3594346" lon="15.1010041">
      <ele>440.1000061035156</ele>
      <time>2059-02-16T23:34:53Z</time>
    </trkpt>
    <trkpt lat="46.3594329" lon="15.1010039">
      <ele>436.6000061035156</ele>
      <time>2059-02-17T23:44:57Z</time>
    </trkpt>
    <trkpt lat="46.3594314" lon="15.1010036">
      <ele>436.6000061035156</ele>
      <time>2059-02-18T23:47:06Z</time>
    </trkpt>
    <trkpt lat="46.3594306" lon="15.1010017">
      <ele>436.6000061035156</ele>
      <time>2059-02-19T23:30:24Z</time>
    </trkpt>
    <trkpt lat="46.3594301" lon="15.1010016">
      <ele>436.6000061035156</ele>
      <time>2059-02-20T23:42:29Z</time>
    </trkpt>
    <trkpt lat="46.3594309" lon="15.1009993">
      <ele>436.6000061035156</ele>
      <time>2059-02-21T23:58:23Z</time>
    </trkpt>
    <trkpt lat="46.3594313" lon="15.1009988">
      <ele>436.6000061035156</ele>
      <time>2059-02-22T23:38:42Z</time>
    </trkpt>
    <trkpt lat="46.3594327" lon="15.1009987">
      <ele>436.6000061035156</ele>
      <time>2059-02-23T23:54:53Z</time>
    </trkpt>
    <trkpt lat="46.3594324" lon="15.1010001">
      <ele>436.6000061035156</ele>
      <time>2059-02-24T23:49:39Z</time>
    </trkpt>
    <trkpt lat="46.3594329" lon="15.1009998">
      <ele>436.6000061035156</ele>
      <time>2059-02-25T23:29:56Z</time>
    </trkpt>
    <trkpt lat="46.3594333" lon="15.1009989">
      <ele>436.6000061035156</ele>
      <time>2059-02-26T23:33:00Z</time>
    </trkpt>
    <trkpt lat="46.3594409" lon="15.1009702">
      <ele>436.6000061035156</ele>
      <time>2059-02-27T23:40:41Z</time>
    </trkpt>
    <trkpt lat="46.3594507" lon="15.1009215">
      <ele>436.6000061035156</ele>
      <time>2059-03-01T00:01:38Z</time>
    </trkpt>
    <trkpt lat="46.3594683" lon="15.1008158">
      <ele>436.6000061035156</ele>
      <time>2059-03-01T23:36:11Z</time>
    </trkpt>
    <trkpt lat="46.3594849" lon="15.100738">
      <ele>436.6000061035156</ele>
      <time>2059-03-02T23:54:12Z</time>
    </trkpt>
    <trkpt lat="46.3595022" lon="15.1006583">
      <ele>436.6000061035156</ele>
      <time>2059-03-03T23:50:57Z</time>
    </trkpt>
    <trkpt lat="46.3595222" lon="15.1005636">
      <ele>436.6000061035156</ele>
      <time>2059-03-04T23:35:29Z</time>
    </trkpt>
    <trkpt lat="46.3595384" lon="15.1004905">
      <ele>436.6000061035156</ele>
      <time>2059-03-04T23:35:29Z</time>
    </trkpt>
    <trkpt lat="46.3595545" lon="15.1004152">
      <ele>436.6000061035156</ele>
      <time>2059-03-04T23:35:29Z</time>
    </trkpt>
    <trkpt lat="46.3595738" lon="15.1003339">
      <ele>436.6000061035156</ele>
      <time>2059-03-04T23:35:29Z</time>
    </trkpt>
    <trkpt lat="46.359587" lon="15.100214">
      <ele>436.6000061035156</ele>
      <time>2059-03-08T23:15:47Z</time>
    </trkpt>
    <trkpt lat="46.3596056" lon="15.1001111">
      <ele>436.6000061035156</ele>
      <time>2059-03-09T23:41:11Z</time>
    </trkpt>
    <trkpt lat="46.3596293" lon="15.099997">
      <ele>436.6000061035156</ele>
      <time>2059-03-10T23:49:03Z</time>
    </trkpt>
    <trkpt lat="46.3596541" lon="15.0998613">
      <ele>436.6000061035156</ele>
      <time>2059-03-11T23:29:36Z</time>
    </trkpt>
    <trkpt lat="46.3596781" lon="15.0997221">
      <ele>436.6000061035156</ele>
      <time>2059-03-12T23:37:07Z</time>
    </trkpt>
    <trkpt lat="46.3597063" lon="15.0995733">
      <ele>436.6000061035156</ele>
      <time>2059-03-13T23:40:50Z</time>
    </trkpt>
    <trkpt lat="46.3597401" lon="15.0994193">
      <ele>436.6000061035156</ele>
      <time>2059-03-14T23:32:54Z</time>
    </trkpt>
    <trkpt lat="46.359771" lon="15.0992704">
      <ele>436.6000061035156</ele>
      <time>2059-03-15T23:39:51Z</time>
    </trkpt>
    <trkpt lat="46.359808" lon="15.0991142">
      <ele>436.6000061035156</ele>
      <time>2059-03-16T23:29:10Z</time>
    </trkpt>
    <trkpt lat="46.3598421" lon="15.0989667">
      <ele>436.6000061035156</ele>
      <time>2059-03-17T23:19:15Z</time>
    </trkpt>
    <trkpt lat="46.3598768" lon="15.0988182">
      <ele>436.6000061035156</ele>
      <time>2059-03-18T23:35:50Z</time>
    </trkpt>
    <trkpt lat="46.3599176" lon="15.0986713">
      <ele>436.6000061035156</ele>
      <time>2059-03-19T23:29:55Z</time>
    </trkpt>
    <trkpt lat="46.3599537" lon="15.0985312">
      <ele>436.6000061035156</ele>
      <time>2059-03-20T23:33:27Z</time>
    </trkpt>
    <trkpt lat="46.3599895" lon="15.0984011">
      <ele>436.6000061035156</ele>
      <time>2059-03-21T23:43:44Z</time>
    </trkpt>
    <trkpt lat="46.3600242" lon="15.0982693">
      <ele>436.6000061035156</ele>
      <time>2059-03-22T23:34:01Z</time>
    </trkpt>
    <trkpt lat="46.3600605" lon="15.0981493">
      <ele>436.6000061035156</ele>
      <time>2059-03-23T23:42:02Z</time>
    </trkpt>
    <trkpt lat="46.3600951" lon="15.0980242">
      <ele>436.6000061035156</ele>
      <time>2059-03-24T23:28:54Z</time>
    </trkpt>
    <trkpt lat="46.3601304" lon="15.0979036">
      <ele>436.6000061035156</ele>
      <time>2059-03-25T23:31:59Z</time>
    </trkpt>
    <trkpt lat="46.3601651" lon="15.0977827">
      <ele>436.6000061035156</ele>
      <time>2059-03-26T23:38:40Z</time>
    </trkpt>
    <trkpt lat="46.3602019" lon="15.0976607">
      <ele>436.6000061035156</ele>
      <time>2059-03-27T23:45:24Z</time>
    </trkpt>
    <trkpt lat="46.3602401" lon="15.0975417">
      <ele>436.6000061035156</ele>
      <time>2059-03-28T23:40:23Z</time>
    </trkpt>
    <trkpt lat="46.3602755" lon="15.0974251">
      <ele>436.6000061035156</ele>
      <time>2059-03-29T23:26:28Z</time>
    </trkpt>
    <trkpt lat="46.3603136" lon="15.0973086">
      <ele>436.6000061035156</ele>
      <time>2059-03-30T23:28:06Z</time>
    </trkpt>
    <trkpt lat="46.3603462" lon="15.0972029">
      <ele>436.6000061035156</ele>
      <time>2059-03-31T23:26:10Z</time>
    </trkpt>
    <trkpt lat="46.3603808" lon="15.0970985">
      <ele>436.6000061035156</ele>
      <time>2059-04-01T23:23:41Z</time>
    </trkpt>
    <trkpt lat="46.3604074" lon="15.0970022">
      <ele>436.6000061035156</ele>
      <time>2059-04-02T23:39:15Z</time>
    </trkpt>
    <trkpt lat="46.3604346" lon="15.0969116">
      <ele>436.6000061035156</ele>
      <time>2059-04-03T23:26:49Z</time>
    </trkpt>
    <trkpt lat="46.360468" lon="15.096826">
      <ele>436.6000061035156</ele>
      <time>2059-04-04T23:33:49Z</time>
    </trkpt>
    <trkpt lat="46.3604939" lon="15.0967467">
      <ele>436.6000061035156</ele>
      <time>2059-04-05T23:35:38Z</time>
    </trkpt>
    <trkpt lat="46.3605206" lon="15.096674">
      <ele>436.6000061035156</ele>
      <time>2059-04-06T23:21:34Z</time>
    </trkpt>
    <trkpt lat="46.3605462" lon="15.0966052">
      <ele>436.6000061035156</ele>
      <time>2059-04-07T23:27:41Z</time>
    </trkpt>
    <trkpt lat="46.3605681" lon="15.0965443">
      <ele>436.6000061035156</ele>
      <time>2059-04-08T23:35:30Z</time>
    </trkpt>
    <trkpt lat="46.3605928" lon="15.096483">
      <ele>436.6000061035156</ele>
      <time>2059-04-09T23:33:58Z</time>
    </trkpt>
    <trkpt lat="46.3606117" lon="15.0964266">
      <ele>436.6000061035156</ele>
      <time>2059-04-10T23:34:26Z</time>
    </trkpt>
    <trkpt lat="46.3606345" lon="15.0963649">
      <ele>436.6000061035156</ele>
      <time>2059-04-11T23:27:06Z</time>
    </trkpt>
    <trkpt lat="46.3606601" lon="15.0963088">
      <ele>436.6000061035156</ele>
      <time>2059-04-12T23:29:44Z</time>
    </trkpt>
    <trkpt lat="46.3606835" lon="15.0962498">
      <ele>436.6000061035156</ele>
      <time>2059-04-13T23:32:36Z</time>
    </trkpt>
    <trkpt lat="46.3607046" lon="15.0961924">
      <ele>436.6000061035156</ele>
      <time>2059-04-14T23:27:25Z</time>
    </trkpt>
    <trkpt lat="46.3607231" lon="15.0961442">
      <ele>436.6000061035156</ele>
      <time>2059-04-15T23:25:16Z</time>
    </trkpt>
    <trkpt lat="46.3607398" lon="15.0961017">
      <ele>436.6000061035156</ele>
      <time>2059-04-16T23:23:36Z</time>
    </trkpt>
    <trkpt lat="46.3607544" lon="15.0960641">
      <ele>436.6000061035156</ele>
      <time>2059-04-17T23:19:44Z</time>
    </trkpt>
    <trkpt lat="46.3607717" lon="15.0960244">
      <ele>436.6000061035156</ele>
      <time>2059-04-18T23:48:50Z</time>
    </trkpt>
    <trkpt lat="46.3607886" lon="15.0959776">
      <ele>436.6000061035156</ele>
      <time>2059-04-19T23:44:30Z</time>
    </trkpt>
    <trkpt lat="46.3608142" lon="15.0959164">
      <ele>436.6000061035156</ele>
      <time>2059-04-20T23:56:10Z</time>
    </trkpt>
    <trkpt lat="46.3608433" lon="15.0958475">
      <ele>436.6000061035156</ele>
      <time>2059-04-21T23:38:51Z</time>
    </trkpt>
    <trkpt lat="46.3608774" lon="15.0957629">
      <ele>436.6000061035156</ele>
      <time>2059-04-22T23:22:45Z</time>
    </trkpt>
    <trkpt lat="46.360918" lon="15.0956639">
      <ele>436.6000061035156</ele>
      <time>2059-04-22T23:22:45Z</time>
    </trkpt>
    <trkpt lat="46.3609606" lon="15.0955626">
      <ele>436.6000061035156</ele>
      <time>2059-04-24T23:28:00Z</time>
    </trkpt>
    <trkpt lat="46.3610029" lon="15.0954662">
      <ele>436.6000061035156</ele>
      <time>2059-04-25T23:41:50Z</time>
    </trkpt>
    <trkpt lat="46.3610343" lon="15.0953889">
      <ele>436.6000061035156</ele>
      <time>2059-04-26T23:42:41Z</time>
    </trkpt>
    <trkpt lat="46.3610586" lon="15.0953309">
      <ele>436.6000061035156</ele>
      <time>2059-04-27T23:45:53Z</time>
    </trkpt>
    <trkpt lat="46.3610832" lon="15.0952786">
      <ele>436.6000061035156</ele>
      <time>2059-04-28T23:54:50Z</time>
    </trkpt>
    <trkpt lat="46.3611021" lon="15.0952292">
      <ele>436.6000061035156</ele>
      <time>2059-04-29T23:31:05Z</time>
    </trkpt>
    <trkpt lat="46.3611243" lon="15.095178">
      <ele>436.6000061035156</ele>
      <time>2059-04-30T23:30:48Z</time>
    </trkpt>
    <trkpt lat="46.3611478" lon="15.0951185">
      <ele>436.6000061035156</ele>
      <time>2059-05-01T23:55:25Z</time>
    </trkpt>
    <trkpt lat="46.3611721" lon="15.0950627">
      <ele>436.6000061035156</ele>
      <time>2059-05-02T23:54:17Z</time>
    </trkpt>
    <trkpt lat="46.3611952" lon="15.0950057">
      <ele>436.6000061035156</ele>
      <time>2059-05-03T23:31:02Z</time>
    </trkpt>
    <trkpt lat="46.36122" lon="15.0949517">
      <ele>436.6000061035156</ele>
      <time>2059-05-05T00:09:22Z</time>
    </trkpt>
    <trkpt lat="46.3612464" lon="15.0949027">
      <ele>436.6000061035156</ele>
      <time>2059-05-06T00:03:49Z</time>
    </trkpt>
    <trkpt lat="46.3612683" lon="15.0948448">
      <ele>436.6000061035156</ele>
      <time>2059-05-06T23:30:44Z</time>
    </trkpt>
    <trkpt lat="46.3612953" lon="15.094787">
      <ele>436.6000061035156</ele>
      <time>2059-05-07T23:47:21Z</time>
    </trkpt>
    <trkpt lat="46.3613204" lon="15.0947191">
      <ele>436.6000061035156</ele>
      <time>2059-05-08T23:46:35Z</time>
    </trkpt>
    <trkpt lat="46.361351" lon="15.0946388">
      <ele>436.6000061035156</ele>
      <time>2059-05-09T23:39:52Z</time>
    </trkpt>
    <trkpt lat="46.3613906" lon="15.0945497">
      <ele>436.6000061035156</ele>
      <time>2059-05-10T23:33:07Z</time>
    </trkpt>
    <trkpt lat="46.3614312" lon="15.0944598">
      <ele>436.6000061035156</ele>
      <time>2059-05-11T23:25:53Z</time>
    </trkpt>
    <trkpt lat="46.3614682" lon="15.0943712">
      <ele>436.6000061035156</ele>
      <time>2059-05-12T23:22:09Z</time>
    </trkpt>
    <trkpt lat="46.3614981" lon="15.0942934">
      <ele>436.6000061035156</ele>
      <time>2059-05-14T00:06:25Z</time>
    </trkpt>
    <trkpt lat="46.3615268" lon="15.0942233">
      <ele>436.6000061035156</ele>
      <time>2059-05-14T23:43:12Z</time>
    </trkpt>
    <trkpt lat="46.3615496" lon="15.0941701">
      <ele>436.6000061035156</ele>
      <time>2059-05-15T23:38:42Z</time>
    </trkpt>
    <trkpt lat="46.3615675" lon="15.0941312">
      <ele>430.6171875</ele>
      <time>2059-05-16T23:52:16Z</time>
    </trkpt>
    <trkpt lat="46.3615828" lon="15.0940965">
      <ele>430.79443359375</ele>
      <time>2059-05-17T23:47:53Z</time>
    </trkpt>
    <trkpt lat="46.3615941" lon="15.0940685">
      <ele>430.6431884765625</ele>
      <time>2059-05-18T23:41:25Z</time>
    </trkpt>
    <trkpt lat="46.3616048" lon="15.0940445">
      <ele>430.79052734375</ele>
      <time>2059-05-19T23:42:03Z</time>
    </trkpt>
    <trkpt lat="46.3616144" lon="15.0940229">
      <ele>430.85748291015625</ele>
      <time>2059-05-20T23:57:40Z</time>
    </trkpt>
    <trkpt lat="46.3616223" lon="15.0940038">
      <ele>430.6915283203125</ele>
      <time>2059-05-21T23:54:46Z</time>
    </trkpt>
    <trkpt lat="46.3616282" lon="15.0939861">
      <ele>430.7017822265625</ele>
      <time>2059-05-22T23:36:09Z</time>
    </trkpt>
    <trkpt lat="46.3616334" lon="15.0939727">
      <ele>430.517822265625</ele>
      <time>2059-05-23T23:45:14Z</time>
    </trkpt>
    <trkpt lat="46.3616372" lon="15.0939619">
      <ele>430.474853515625</ele>
      <time>2059-05-24T23:34:19Z</time>
    </trkpt>
    <trkpt lat="46.3616407" lon="15.0939515">
      <ele>430.54827880859375</ele>
      <time>2059-05-25T23:47:27Z</time>
    </trkpt>
    <trkpt lat="46.3616401" lon="15.093953">
      <ele>430.19000244140625</ele>
      <time>2059-05-26T23:47:25Z</time>
    </trkpt>
    <trkpt lat="46.3616401" lon="15.093953">
      <ele>430.18731689453125</ele>
      <time>2059-05-27T23:47:06Z</time>
    </trkpt>
    <trkpt lat="46.3616401" lon="15.093953">
      <ele>430.18731689453125</ele>
      <time>2059-05-28T23:41:34Z</time>
    </trkpt>
    <trkpt lat="46.3616401" lon="15.093953">
      <ele>430.18731689453125</ele>
      <time>2059-05-29T23:47:39Z</time>
    </trkpt>
    <trkpt lat="46.3616401" lon="15.093953">
      <ele>430.18731689453125</ele>
      <time>2059-05-30T23:42:16Z</time>
    </trkpt>
    <trkpt lat="46.3616401" lon="15.093953">
      <ele>430.18731689453125</ele>
      <time>2059-05-31T23:43:28Z</time>
    </trkpt>
    <trkpt lat="46.3616401" lon="15.093953">
      <ele>430.18731689453125</ele>
      <time>2059-06-01T23:58:39Z</time>
    </trkpt>
    <trkpt lat="46.3616401" lon="15.093953">
      <ele>430.18731689453125</ele>
      <time>2059-06-02T23:42:39Z</time>
    </trkpt>
    <trkpt lat="46.3616459" lon="15.0939439">
      <ele>430.18731689453125</ele>
      <time>2059-06-04T00:05:40Z</time>
    </trkpt>
    <trkpt lat="46.3616508" lon="15.0939316">
      <ele>429.6815185546875</ele>
      <time>2059-06-05T00:01:22Z</time>
    </trkpt>
    <trkpt lat="46.3616608" lon="15.09391">
      <ele>429.8590087890625</ele>
      <time>2059-06-05T23:48:09Z</time>
    </trkpt>
    <trkpt lat="46.3616759" lon="15.0938727">
      <ele>429.7080078125</ele>
      <time>2059-06-07T00:02:23Z</time>
    </trkpt>
    <trkpt lat="46.3617002" lon="15.0938164">
      <ele>429.326416015625</ele>
      <time>2059-06-07T23:42:39Z</time>
    </trkpt>
    <trkpt lat="46.3617265" lon="15.0937588">
      <ele>429.0640869140625</ele>
      <time>2059-06-08T23:52:23Z</time>
    </trkpt>
    <trkpt lat="46.3617574" lon="15.0936925">
      <ele>429.018310546875</ele>
      <time>2059-06-09T23:33:05Z</time>
    </trkpt>
    <trkpt lat="46.3617957" lon="15.0936105">
      <ele>429.335205078125</ele>
      <time>2059-06-10T23:39:44Z</time>
    </trkpt>
    <trkpt lat="46.3618419" lon="15.0935208">
      <ele>428.9326171875</ele>
      <time>2059-06-11T23:33:46Z</time>
    </trkpt>
    <trkpt lat="46.3618933" lon="15.0934266">
      <ele>429.1544189453125</ele>
      <time>2059-06-12T23:28:11Z</time>
    </trkpt>
    <trkpt lat="46.361948" lon="15.0933319">
      <ele>428.8697509765625</ele>
      <time>2059-06-13T23:49:17Z</time>
    </trkpt>
    <trkpt lat="46.3620052" lon="15.0932241">
      <ele>429.147216796875</ele>
      <time>2059-06-14T23:53:03Z</time>
    </trkpt>
    <trkpt lat="46.3620723" lon="15.0931031">
      <ele>428.787841796875</ele>
      <time>2059-06-15T23:35:55Z</time>
    </trkpt>
    <trkpt lat="46.3621417" lon="15.0929849">
      <ele>428.4521484375</ele>
      <time>2059-06-15T23:35:55Z</time>
    </trkpt>
    <trkpt lat="46.3622181" lon="15.0928593">
      <ele>428.4521484375</ele>
      <time>2059-06-17T23:17:47Z</time>
    </trkpt>
    <trkpt lat="46.3623041" lon="15.092723">
      <ele>427.93255615234375</ele>
      <time>2059-06-18T23:23:37Z</time>
    </trkpt>
    <trkpt lat="46.3623911" lon="15.0925955">
      <ele>426.9437255859375</ele>
      <time>2059-06-19T23:23:21Z</time>
    </trkpt>
    <trkpt lat="46.3624816" lon="15.0924632">
      <ele>426.49969482421875</ele>
      <time>2059-06-20T23:30:43Z</time>
    </trkpt>
    <trkpt lat="46.362572" lon="15.0923426">
      <ele>426.093017578125</ele>
      <time>2059-06-21T23:52:20Z</time>
    </trkpt>
    <trkpt lat="46.3626671" lon="15.0922191">
      <ele>425.8746337890625</ele>
      <time>2059-06-22T23:40:57Z</time>
    </trkpt>
    <trkpt lat="46.362769" lon="15.0920883">
      <ele>425.78875732421875</ele>
      <time>2059-06-23T23:33:02Z</time>
    </trkpt>
    <trkpt lat="46.3628675" lon="15.0919614">
      <ele>425.6260986328125</ele>
      <time>2059-06-24T23:37:00Z</time>
    </trkpt>
    <trkpt lat="46.3629696" lon="15.0918295">
      <ele>425.5294189453125</ele>
      <time>2059-06-25T23:39:41Z</time>
    </trkpt>
    <trkpt lat="46.3630721" lon="15.0916955">
      <ele>425.337646484375</ele>
      <time>2059-06-26T23:22:32Z</time>
    </trkpt>
    <trkpt lat="46.3631693" lon="15.0915624">
      <ele>425.4609375</ele>
      <time>2059-06-27T23:35:15Z</time>
    </trkpt>
    <trkpt lat="46.363265" lon="15.091427">
      <ele>425.3228759765625</ele>
      <time>2059-06-28T23:28:54Z</time>
    </trkpt>
    <trkpt lat="46.3633575" lon="15.0912883">
      <ele>425.13427734375</ele>
      <time>2059-06-29T23:28:46Z</time>
    </trkpt>
    <trkpt lat="46.3634466" lon="15.0911346">
      <ele>425.4580078125</ele>
      <time>2059-06-30T23:28:12Z</time>
    </trkpt>
    <trkpt lat="46.3635324" lon="15.0909709">
      <ele>424.45068359375</ele>
      <time>2059-07-01T23:17:17Z</time>
    </trkpt>
    <trkpt lat="46.3636128" lon="15.0908084">
      <ele>424.61163330078125</ele>
      <time>2059-07-02T23:24:46Z</time>
    </trkpt>
    <trkpt lat="46.363684" lon="15.0906525">
      <ele>424.513427734375</ele>
      <time>2059-07-03T23:28:23Z</time>
    </trkpt>
    <trkpt lat="46.3637577" lon="15.0904821">
      <ele>424.4259033203125</ele>
      <time>2059-07-04T23:34:39Z</time>
    </trkpt>
    <trkpt lat="46.3638274" lon="15.090321">
      <ele>424.434326171875</ele>
      <time>2059-07-05T23:33:47Z</time>
    </trkpt>
    <trkpt lat="46.363895" lon="15.0901618">
      <ele>424.44183349609375</ele>
      <time>2059-07-06T23:54:32Z</time>
    </trkpt>
    <trkpt lat="46.3639629" lon="15.0900119">
      <ele>424.377197265625</ele>
      <time>2059-07-07T23:28:19Z</time>
    </trkpt>
    <trkpt lat="46.3640316" lon="15.089864">
      <ele>424.0323486328125</ele>
      <time>2059-07-08T23:28:25Z</time>
    </trkpt>
    <trkpt lat="46.3641085" lon="15.0897216">
      <ele>424.054443359375</ele>
      <time>2059-07-09T23:39:22Z</time>
    </trkpt>
    <trkpt lat="46.3641844" lon="15.0895954">
      <ele>423.77398681640625</ele>
      <time>2059-07-10T23:28:51Z</time>
    </trkpt>
    <trkpt lat="46.3642571" lon="15.089483">
      <ele>423.89959716796875</ele>
      <time>2059-07-11T23:34:39Z</time>
    </trkpt>
    <trkpt lat="46.3643301" lon="15.0893775">
      <ele>423.50848388671875</ele>
      <time>2059-07-12T23:40:39Z</time>
    </trkpt>
    <trkpt lat="46.3643933" lon="15.08929">
      <ele>423.183349609375</ele>
      <time>2059-07-13T23:33:19Z</time>
    </trkpt>
    <trkpt lat="46.3644472" lon="15.0892219">
      <ele>423.1920166015625</ele>
      <time>2059-07-14T23:32:56Z</time>
    </trkpt>
    <trkpt lat="46.3644823" lon="15.0891796">
      <ele>423.5543212890625</ele>
      <time>2059-07-15T23:27:06Z</time>
    </trkpt>
    <trkpt lat="46.3645047" lon="15.089155">
      <ele>423.490234375</ele>
      <time>2059-07-17T00:05:19Z</time>
    </trkpt>
    <trkpt lat="46.3645218" lon="15.0891343">
      <ele>423.89404296875</ele>
      <time>2059-07-17T23:35:19Z</time>
    </trkpt>
    <trkpt lat="46.3645306" lon="15.0891227">
      <ele>424.0555419921875</ele>
      <time>2059-07-18T23:35:31Z</time>
    </trkpt>
    <trkpt lat="46.3645317" lon="15.0891206">
      <ele>424.1221923828125</ele>
      <time>2059-07-19T23:48:20Z</time>
    </trkpt>
    <trkpt lat="46.3645321" lon="15.0891205">
      <ele>424.09674072265625</ele>
      <time>2059-07-20T23:42:21Z</time>
    </trkpt>
    <trkpt lat="46.3645364" lon="15.0891181">
      <ele>424.34857177734375</ele>
      <time>2059-07-21T23:23:04Z</time>
    </trkpt>
    <trkpt lat="46.3645478" lon="15.0891048">
      <ele>424.501708984375</ele>
      <time>2059-07-22T23:31:58Z</time>
    </trkpt>
    <trkpt lat="46.3645675" lon="15.0890816">
      <ele>424.329833984375</ele>
      <time>2059-07-23T23:50:09Z</time>
    </trkpt>
    <trkpt lat="46.3645969" lon="15.0890484">
      <ele>424.39459228515625</ele>
      <time>2059-07-24T23:32:05Z</time>
    </trkpt>
    <trkpt lat="46.3646348" lon="15.089013">
      <ele>424.10400390625</ele>
      <time>2059-07-25T23:32:27Z</time>
    </trkpt>
    <trkpt lat="46.3646734" lon="15.0889791">
      <ele>424.262451171875</ele>
      <time>2059-07-26T23:28:19Z</time>
    </trkpt>
    <trkpt lat="46.3647137" lon="15.0889555">
      <ele>423.808349609375</ele>
      <time>2059-07-26T23:28:19Z</time>
    </trkpt>
    <trkpt lat="46.3647721" lon="15.0889335">
      <ele>424.00299072265625</ele>
      <time>2059-07-26T23:28:19Z</time>
    </trkpt>
    <trkpt lat="46.3648294" lon="15.0888963">
      <ele>424.00299072265625</ele>
      <time>2059-07-29T23:32:39Z</time>
    </trkpt>
    <trkpt lat="46.3648816" lon="15.0888345">
      <ele>424.4681396484375</ele>
      <time>2059-07-30T23:37:45Z</time>
    </trkpt>
    <trkpt lat="46.36494" lon="15.0887697">
      <ele>425.0771484375</ele>
      <time>2059-07-30T23:37:45Z</time>
    </trkpt>
    <trkpt lat="46.3650105" lon="15.0887085">
      <ele>425.0771484375</ele>
      <time>2059-08-02T00:00:40Z</time>
    </trkpt>
    <trkpt lat="46.3650922" lon="15.0886441">
      <ele>425.02099609375</ele>
      <time>2059-08-03T01:45:00Z</time>
    </trkpt>
    <trkpt lat="46.3651823" lon="15.0885849">
      <ele>424.7244873046875</ele>
      <time>2059-08-03T23:28:11Z</time>
    </trkpt>
    <trkpt lat="46.3652831" lon="15.0885273">
      <ele>424.6910400390625</ele>
      <time>2059-08-04T23:25:29Z</time>
    </trkpt>
    <trkpt lat="46.3653933" lon="15.0884712">
      <ele>424.88287353515625</ele>
      <time>2059-08-04T23:25:29Z</time>
    </trkpt>
    <trkpt lat="46.3655037" lon="15.0884234">
      <ele>424.88287353515625</ele>
      <time>2059-08-06T23:26:23Z</time>
    </trkpt>
    <trkpt lat="46.3656199" lon="15.0883771">
      <ele>424.8702392578125</ele>
      <time>2059-08-07T23:36:05Z</time>
    </trkpt>
    <trkpt lat="46.3657346" lon="15.0883424">
      <ele>424.49200439453125</ele>
      <time>2059-08-08T23:31:10Z</time>
    </trkpt>
    <trkpt lat="46.3658564" lon="15.0883107">
      <ele>424.208740234375</ele>
      <time>2059-08-09T23:30:00Z</time>
    </trkpt>
    <trkpt lat="46.3659869" lon="15.0882834">
      <ele>423.86688232421875</ele>
      <time>2059-08-10T23:30:17Z</time>
    </trkpt>
    <trkpt lat="46.3661183" lon="15.0882548">
      <ele>423.93701171875</ele>
      <time>2059-08-11T23:27:56Z</time>
    </trkpt>
    <trkpt lat="46.3662446" lon="15.0882251">
      <ele>424.03955078125</ele>
      <time>2059-08-12T23:42:48Z</time>
    </trkpt>
    <trkpt lat="46.3663766" lon="15.0881856">
      <ele>423.95361328125</ele>
      <time>2059-08-13T23:32:51Z</time>
    </trkpt>
    <trkpt lat="46.3664974" lon="15.0881366">
      <ele>424.240478515625</ele>
      <time>2059-08-14T23:33:22Z</time>
    </trkpt>
    <trkpt lat="46.3666165" lon="15.088074">
      <ele>424.2354736328125</ele>
      <time>2059-08-15T23:43:17Z</time>
    </trkpt>
    <trkpt lat="46.3667267" lon="15.0880011">
      <ele>423.8433837890625</ele>
      <time>2059-08-16T23:41:15Z</time>
    </trkpt>
    <trkpt lat="46.366835" lon="15.0879096">
      <ele>424.1158447265625</ele>
      <time>2059-08-17T23:52:14Z</time>
    </trkpt>
    <trkpt lat="46.3669449" lon="15.087796">
      <ele>423.680419921875</ele>
      <time>2059-08-18T23:35:22Z</time>
    </trkpt>
    <trkpt lat="46.3670402" lon="15.0876769">
      <ele>422.976806640625</ele>
      <time>2059-08-19T23:24:08Z</time>
    </trkpt>
    <trkpt lat="46.3671279" lon="15.0875412">
      <ele>422.9307861328125</ele>
      <time>2059-08-20T23:33:08Z</time>
    </trkpt>
    <trkpt lat="46.3672094" lon="15.0873872">
      <ele>422.9566650390625</ele>
      <time>2059-08-21T23:29:09Z</time>
    </trkpt>
    <trkpt lat="46.3672799" lon="15.0872309">
      <ele>423.08233642578125</ele>
      <time>2059-08-22T23:47:43Z</time>
    </trkpt>
    <trkpt lat="46.3673382" lon="15.0870641">
      <ele>422.80877685546875</ele>
      <time>2059-08-23T23:26:45Z</time>
    </trkpt>
    <trkpt lat="46.3673844" lon="15.0868945">
      <ele>422.84722900390625</ele>
      <time>2059-08-24T23:25:51Z</time>
    </trkpt>
    <trkpt lat="46.367423" lon="15.0867171">
      <ele>422.780517578125</ele>
      <time>2059-08-25T23:40:30Z</time>
    </trkpt>
    <trkpt lat="46.3674526" lon="15.0865286">
      <ele>422.678466796875</ele>
      <time>2059-08-26T23:46:42Z</time>
    </trkpt>
    <trkpt lat="46.3674765" lon="15.0863492">
      <ele>422.28759765625</ele>
      <time>2059-08-27T23:24:44Z</time>
    </trkpt>
    <trkpt lat="46.3674956" lon="15.0861763">
      <ele>421.8480224609375</ele>
      <time>2059-08-28T23:43:35Z</time>
    </trkpt>
    <trkpt lat="46.3675158" lon="15.0859937">
      <ele>421.79998779296875</ele>
      <time>2059-08-29T23:26:08Z</time>
    </trkpt>
    <trkpt lat="46.367532" lon="15.0858189">
      <ele>421.25885009765625</ele>
      <time>2059-08-30T23:31:29Z</time>
    </trkpt>
    <trkpt lat="46.3675492" lon="15.0856484">
      <ele>420.91485595703125</ele>
      <time>2059-08-31T23:34:44Z</time>
    </trkpt>
    <trkpt lat="46.367566" lon="15.0854842">
      <ele>420.6224365234375</ele>
      <time>2059-09-01T23:35:20Z</time>
    </trkpt>
    <trkpt lat="46.3675845" lon="15.0853161">
      <ele>420.21942138671875</ele>
      <time>2059-09-02T23:28:35Z</time>
    </trkpt>
    <trkpt lat="46.367602" lon="15.0851457">
      <ele>419.4881591796875</ele>
      <time>2059-09-03T23:30:05Z</time>
    </trkpt>
    <trkpt lat="46.3676165" lon="15.0849846">
      <ele>419.16400146484375</ele>
      <time>2059-09-04T23:19:34Z</time>
    </trkpt>
    <trkpt lat="46.3676326" lon="15.0848312">
      <ele>418.9462890625</ele>
      <time>2059-09-05T23:31:29Z</time>
    </trkpt>
    <trkpt lat="46.367651" lon="15.0846671">
      <ele>418.91162109375</ele>
      <time>2059-09-06T23:29:12Z</time>
    </trkpt>
    <trkpt lat="46.3676673" lon="15.0845088">
      <ele>419.111572265625</ele>
      <time>2059-09-07T23:26:39Z</time>
    </trkpt>
    <trkpt lat="46.3676833" lon="15.0843523">
      <ele>418.6243896484375</ele>
      <time>2059-09-08T23:33:29Z</time>
    </trkpt>
    <trkpt lat="46.3677011" lon="15.0841979">
      <ele>418.100830078125</ele>
      <time>2059-09-09T23:33:08Z</time>
    </trkpt>
    <trkpt lat="46.3677194" lon="15.0840413">
      <ele>417.70892333984375</ele>
      <time>2059-09-10T23:30:26Z</time>
    </trkpt>
    <trkpt lat="46.3677397" lon="15.0838772">
      <ele>418.3671875</ele>
      <time>2059-09-11T23:36:37Z</time>
    </trkpt>
    <trkpt lat="46.3677585" lon="15.0837215">
      <ele>418.17669677734375</ele>
      <time>2059-09-12T23:27:25Z</time>
    </trkpt>
    <trkpt lat="46.3677742" lon="15.0835719">
      <ele>418.03692626953125</ele>
      <time>2059-09-13T23:30:05Z</time>
    </trkpt>
    <trkpt lat="46.3677916" lon="15.0834133">
      <ele>417.84466552734375</ele>
      <time>2059-09-14T23:25:34Z</time>
    </trkpt>
    <trkpt lat="46.3678086" lon="15.0832633">
      <ele>417.69989013671875</ele>
      <time>2059-09-15T23:40:16Z</time>
    </trkpt>
    <trkpt lat="46.3678236" lon="15.0831124">
      <ele>417.9447021484375</ele>
      <time>2059-09-16T23:38:32Z</time>
    </trkpt>
    <trkpt lat="46.3678377" lon="15.0829639">
      <ele>418.201416015625</ele>
      <time>2059-09-17T23:26:37Z</time>
    </trkpt>
    <trkpt lat="46.367849" lon="15.0828102">
      <ele>417.715087890625</ele>
      <time>2059-09-18T23:20:44Z</time>
    </trkpt>
    <trkpt lat="46.367859" lon="15.0826519">
      <ele>417.691162109375</ele>
      <time>2059-09-19T23:33:16Z</time>
    </trkpt>
    <trkpt lat="46.3678687" lon="15.0824981">
      <ele>417.8330078125</ele>
      <time>2059-09-20T23:33:21Z</time>
    </trkpt>
    <trkpt lat="46.3678789" lon="15.0823502">
      <ele>417.8460693359375</ele>
      <time>2059-09-21T23:31:58Z</time>
    </trkpt>
    <trkpt lat="46.3678888" lon="15.0821922">
      <ele>418.2720947265625</ele>
      <time>2059-09-22T23:27:55Z</time>
    </trkpt>
    <trkpt lat="46.3678994" lon="15.0820366">
      <ele>418.700927734375</ele>
      <time>2059-09-23T23:24:19Z</time>
    </trkpt>
    <trkpt lat="46.3679101" lon="15.0818781">
      <ele>418.6708984375</ele>
      <time>2059-09-24T23:28:38Z</time>
    </trkpt>
    <trkpt lat="46.3679182" lon="15.0817249">
      <ele>418.56903076171875</ele>
      <time>2059-09-25T23:27:46Z</time>
    </trkpt>
    <trkpt lat="46.367925" lon="15.081561">
      <ele>418.54913330078125</ele>
      <time>2059-09-26T23:31:25Z</time>
    </trkpt>
    <trkpt lat="46.3679351" lon="15.0813882">
      <ele>418.650146484375</ele>
      <time>2059-09-27T23:34:17Z</time>
    </trkpt>
    <trkpt lat="46.3679458" lon="15.0812151">
      <ele>418.849365234375</ele>
      <time>2059-09-28T23:19:06Z</time>
    </trkpt>
    <trkpt lat="46.3679583" lon="15.0810437">
      <ele>418.6771240234375</ele>
      <time>2059-09-29T23:33:33Z</time>
    </trkpt>
    <trkpt lat="46.3679716" lon="15.0808588">
      <ele>418.406494140625</ele>
      <time>2059-09-30T23:29:43Z</time>
    </trkpt>
    <trkpt lat="46.3679831" lon="15.0806781">
      <ele>418.371337890625</ele>
      <time>2059-10-01T23:20:57Z</time>
    </trkpt>
    <trkpt lat="46.3679957" lon="15.0804964">
      <ele>418.43121337890625</ele>
      <time>2059-10-02T23:26:55Z</time>
    </trkpt>
    <trkpt lat="46.3680109" lon="15.0803083">
      <ele>418.4495849609375</ele>
      <time>2059-10-03T23:34:06Z</time>
    </trkpt>
    <trkpt lat="46.3680277" lon="15.0801108">
      <ele>418.55615234375</ele>
      <time>2059-10-04T23:26:20Z</time>
    </trkpt>
    <trkpt lat="46.3680462" lon="15.0798993">
      <ele>418.8974609375</ele>
      <time>2059-10-05T23:48:11Z</time>
    </trkpt>
    <trkpt lat="46.3680677" lon="15.0796913">
      <ele>418.85211181640625</ele>
      <time>2059-10-06T23:33:06Z</time>
    </trkpt>
    <trkpt lat="46.36809" lon="15.0794848">
      <ele>418.604736328125</ele>
      <time>2059-10-07T23:25:37Z</time>
    </trkpt>
    <trkpt lat="46.3681201" lon="15.0792617">
      <ele>418.6456298828125</ele>
      <time>2059-10-08T23:24:05Z</time>
    </trkpt>
    <trkpt lat="46.3681552" lon="15.0790437">
      <ele>418.6729736328125</ele>
      <time>2059-10-09T23:23:56Z</time>
    </trkpt>
    <trkpt lat="46.3681906" lon="15.078827">
      <ele>418.66680908203125</ele>
      <time>2059-10-10T23:21:57Z</time>
    </trkpt>
    <trkpt lat="46.3682283" lon="15.078601">
      <ele>418.7110595703125</ele>
      <time>2059-10-11T23:48:48Z</time>
    </trkpt>
    <trkpt lat="46.3682659" lon="15.0783706">
      <ele>418.7271728515625</ele>
      <time>2059-10-12T23:17:19Z</time>
    </trkpt>
    <trkpt lat="46.3683023" lon="15.0781364">
      <ele>418.6678466796875</ele>
      <time>2059-10-13T23:37:08Z</time>
    </trkpt>
    <trkpt lat="46.3683341" lon="15.077911">
      <ele>418.861328125</ele>
      <time>2059-10-14T23:36:29Z</time>
    </trkpt>
    <trkpt lat="46.36836" lon="15.0776954">
      <ele>418.9642333984375</ele>
      <time>2059-10-15T23:29:02Z</time>
    </trkpt>
    <trkpt lat="46.3683836" lon="15.0774686">
      <ele>418.9515380859375</ele>
      <time>2059-10-16T23:29:57Z</time>
    </trkpt>
    <trkpt lat="46.368405" lon="15.0772514">
      <ele>418.840087890625</ele>
      <time>2059-10-17T23:49:52Z</time>
    </trkpt>
    <trkpt lat="46.3684233" lon="15.0770418">
      <ele>418.7420654296875</ele>
      <time>2059-10-18T23:48:20Z</time>
    </trkpt>
    <trkpt lat="46.3684414" lon="15.0768245">
      <ele>418.96905517578125</ele>
      <time>2059-10-19T23:48:23Z</time>
    </trkpt>
    <trkpt lat="46.3684604" lon="15.0766081">
      <ele>418.71917724609375</ele>
      <time>2059-10-20T23:39:01Z</time>
    </trkpt>
    <trkpt lat="46.3684812" lon="15.0763845">
      <ele>418.623291015625</ele>
      <time>2059-10-21T23:33:27Z</time>
    </trkpt>
    <trkpt lat="46.3685018" lon="15.0761678">
      <ele>418.718994140625</ele>
      <time>2059-10-22T23:25:00Z</time>
    </trkpt>
    <trkpt lat="46.3685231" lon="15.0759561">
      <ele>418.5423583984375</ele>
      <time>2059-10-23T23:35:28Z</time>
    </trkpt>
    <trkpt lat="46.3685462" lon="15.0757297">
      <ele>418.5394287109375</ele>
      <time>2059-10-24T23:29:27Z</time>
    </trkpt>
    <trkpt lat="46.36857" lon="15.0755103">
      <ele>418.5576171875</ele>
      <time>2059-10-25T23:33:40Z</time>
    </trkpt>
    <trkpt lat="46.3685973" lon="15.0752955">
      <ele>418.4063720703125</ele>
      <time>2059-10-26T23:35:49Z</time>
    </trkpt>
    <trkpt lat="46.3686284" lon="15.0750761">
      <ele>418.22259521484375</ele>
      <time>2059-10-27T23:33:31Z</time>
    </trkpt>
    <trkpt lat="46.3686587" lon="15.0748511">
      <ele>418.376220703125</ele>
      <time>2059-10-28T23:45:43Z</time>
    </trkpt>
    <trkpt lat="46.3686899" lon="15.0746179">
      <ele>418.1083984375</ele>
      <time>2059-10-29T23:23:13Z</time>
    </trkpt>
    <trkpt lat="46.368718" lon="15.0743949">
      <ele>417.7586669921875</ele>
      <time>2059-10-30T23:27:38Z</time>
    </trkpt>
    <trkpt lat="46.3687372" lon="15.0741804">
      <ele>417.35443115234375</ele>
      <time>2059-10-31T23:35:01Z</time>
    </trkpt>
    <trkpt lat="46.3687472" lon="15.0739525">
      <ele>417.2740478515625</ele>
      <time>2059-11-01T23:30:56Z</time>
    </trkpt>
    <trkpt lat="46.3687424" lon="15.0737337">
      <ele>416.82568359375</ele>
      <time>2059-11-02T23:41:01Z</time>
    </trkpt>
    <trkpt lat="46.3687202" lon="15.0735246">
      <ele>416.65478515625</ele>
      <time>2059-11-03T23:30:55Z</time>
    </trkpt>
    <trkpt lat="46.3686844" lon="15.0733162">
      <ele>416.04876708984375</ele>
      <time>2059-11-04T23:30:59Z</time>
    </trkpt>
    <trkpt lat="46.3686408" lon="15.0731087">
      <ele>415.3919677734375</ele>
      <time>2059-11-05T23:21:43Z</time>
    </trkpt>
    <trkpt lat="46.3685994" lon="15.0728924">
      <ele>414.8668212890625</ele>
      <time>2059-11-06T23:33:39Z</time>
    </trkpt>
    <trkpt lat="46.3685603" lon="15.0726847">
      <ele>414.4302978515625</ele>
      <time>2059-11-07T23:27:50Z</time>
    </trkpt>
    <trkpt lat="46.368522" lon="15.0724848">
      <ele>413.75897216796875</ele>
      <time>2059-11-08T23:47:08Z</time>
    </trkpt>
    <trkpt lat="46.3684807" lon="15.0722704">
      <ele>413.529541015625</ele>
      <time>2059-11-09T23:36:10Z</time>
    </trkpt>
    <trkpt lat="46.3684402" lon="15.0720626">
      <ele>413.4068603515625</ele>
      <time>2059-11-10T23:27:35Z</time>
    </trkpt>
    <trkpt lat="46.3684013" lon="15.071867">
      <ele>412.68145751953125</ele>
      <time>2059-11-11T23:24:15Z</time>
    </trkpt>
    <trkpt lat="46.368363" lon="15.0716716">
      <ele>412.3902587890625</ele>
      <time>2059-11-12T23:27:10Z</time>
    </trkpt>
    <trkpt lat="46.3683261" lon="15.0714853">
      <ele>411.9036865234375</ele>
      <time>2059-11-13T23:23:38Z</time>
    </trkpt>
    <trkpt lat="46.3682896" lon="15.0713016">
      <ele>411.631103515625</ele>
      <time>2059-11-14T23:55:47Z</time>
    </trkpt>
    <trkpt lat="46.3682538" lon="15.07113">
      <ele>411.190673828125</ele>
      <time>2059-11-15T23:43:06Z</time>
    </trkpt>
    <trkpt lat="46.3682234" lon="15.070974">
      <ele>411.172607421875</ele>
      <time>2059-11-16T23:32:36Z</time>
    </trkpt>
    <trkpt lat="46.3681926" lon="15.0708181">
      <ele>410.989501953125</ele>
      <time>2059-11-17T23:23:30Z</time>
    </trkpt>
    <trkpt lat="46.3681661" lon="15.0706749">
      <ele>411.3507080078125</ele>
      <time>2059-11-17T23:23:30Z</time>
    </trkpt>
    <trkpt lat="46.3681423" lon="15.0705471">
      <ele>411.3507080078125</ele>
      <time>2059-11-19T23:24:22Z</time>
    </trkpt>
    <trkpt lat="46.3681208" lon="15.0704246">
      <ele>411.0865478515625</ele>
      <time>2059-11-20T23:23:35Z</time>
    </trkpt>
    <trkpt lat="46.3681004" lon="15.070317">
      <ele>411.0850830078125</ele>
      <time>2059-11-21T23:31:47Z</time>
    </trkpt>
    <trkpt lat="46.3680815" lon="15.0702125">
      <ele>411.02197265625</ele>
      <time>2059-11-23T02:03:10Z</time>
    </trkpt>
    <trkpt lat="46.3680716" lon="15.0701095">
      <ele>411.797607421875</ele>
      <time>2059-11-23T23:26:04Z</time>
    </trkpt>
    <trkpt lat="46.3680704" lon="15.0700128">
      <ele>412.0245361328125</ele>
      <time>2059-11-24T23:32:59Z</time>
    </trkpt>
    <trkpt lat="46.3680692" lon="15.0699054">
      <ele>411.9832763671875</ele>
      <time>2059-11-25T23:33:13Z</time>
    </trkpt>
    <trkpt lat="46.368069" lon="15.0697909">
      <ele>411.90826416015625</ele>
      <time>2059-11-26T23:43:55Z</time>
    </trkpt>
    <trkpt lat="46.3680756" lon="15.0696758">
      <ele>411.87078857421875</ele>
      <time>2059-11-27T23:20:23Z</time>
    </trkpt>
    <trkpt lat="46.3680931" lon="15.0695505">
      <ele>411.75390625</ele>
      <time>2059-11-28T23:31:14Z</time>
    </trkpt>
    <trkpt lat="46.3681247" lon="15.0694137">
      <ele>411.9078369140625</ele>
      <time>2059-11-29T23:45:17Z</time>
    </trkpt>
    <trkpt lat="46.3681719" lon="15.069261">
      <ele>411.6317138671875</ele>
      <time>2059-11-30T23:38:41Z</time>
    </trkpt>
    <trkpt lat="46.3682356" lon="15.0691068">
      <ele>411.35577392578125</ele>
      <time>2059-11-30T23:38:41Z</time>
    </trkpt>
    <trkpt lat="46.3683077" lon="15.0689613">
      <ele>410.952392578125</ele>
      <time>2059-11-30T23:38:41Z</time>
    </trkpt>
    <trkpt lat="46.3684012" lon="15.068805">
      <ele>410.739501953125</ele>
      <time>2059-11-30T23:38:41Z</time>
    </trkpt>
    <trkpt lat="46.3685057" lon="15.0686531">
      <ele>410.4852294921875</ele>
      <time>2059-11-30T23:38:41Z</time>
    </trkpt>
    <trkpt lat="46.3686108" lon="15.0685032">
      <ele>410.4852294921875</ele>
      <time>2059-12-05T23:27:54Z</time>
    </trkpt>
    <trkpt lat="46.3687111" lon="15.0683391">
      <ele>410.5848388671875</ele>
      <time>2059-12-05T23:27:54Z</time>
    </trkpt>
    <trkpt lat="46.3687927" lon="15.0681598">
      <ele>410.300537109375</ele>
      <time>2059-12-05T23:27:54Z</time>
    </trkpt>
    <trkpt lat="46.3688632" lon="15.0679656">
      <ele>411.02960205078125</ele>
      <time>2059-12-05T23:27:54Z</time>
    </trkpt>
    <trkpt lat="46.3689133" lon="15.067748">
      <ele>411.02960205078125</ele>
      <time>2059-12-09T23:19:10Z</time>
    </trkpt>
    <trkpt lat="46.3689412" lon="15.0675375">
      <ele>410.93408203125</ele>
      <time>2059-12-10T23:22:28Z</time>
    </trkpt>
    <trkpt lat="46.368951" lon="15.067308">
      <ele>410.94921875</ele>
      <time>2059-12-11T23:36:54Z</time>
    </trkpt>
    <trkpt lat="46.3689465" lon="15.0670738">
      <ele>410.2713623046875</ele>
      <time>2059-12-11T23:36:54Z</time>
    </trkpt>
    <trkpt lat="46.3689404" lon="15.0668398">
      <ele>410.2713623046875</ele>
      <time>2059-12-13T23:51:07Z</time>
    </trkpt>
    <trkpt lat="46.3689341" lon="15.0665969">
      <ele>409.8740234375</ele>
      <time>2059-12-14T23:38:14Z</time>
    </trkpt>
    <trkpt lat="46.3689305" lon="15.0663545">
      <ele>409.7305908203125</ele>
      <time>2059-12-15T23:26:49Z</time>
    </trkpt>
    <trkpt lat="46.3689263" lon="15.0661068">
      <ele>409.5843505859375</ele>
      <time>2059-12-16T23:27:51Z</time>
    </trkpt>
    <trkpt lat="46.3689257" lon="15.0658705">
      <ele>409.7373046875</ele>
      <time>2059-12-17T23:17:15Z</time>
    </trkpt>
    <trkpt lat="46.3689342" lon="15.0656468">
      <ele>409.8787841796875</ele>
      <time>2059-12-18T23:40:38Z</time>
    </trkpt>
    <trkpt lat="46.3689483" lon="15.0654123">
      <ele>409.978759765625</ele>
      <time>2059-12-19T23:32:12Z</time>
    </trkpt>
    <trkpt lat="46.3689663" lon="15.0652046">
      <ele>409.7633056640625</ele>
      <time>2059-12-20T23:36:12Z</time>
    </trkpt>
    <trkpt lat="46.3689861" lon="15.0650164">
      <ele>409.21337890625</ele>
      <time>2059-12-20T23:36:12Z</time>
    </trkpt>
    <trkpt lat="46.3690105" lon="15.0648333">
      <ele>409.21337890625</ele>
      <time>2059-12-22T23:27:03Z</time>
    </trkpt>
    <trkpt lat="46.3690393" lon="15.0646619">
      <ele>408.4456787109375</ele>
      <time>2059-12-23T23:29:43Z</time>
    </trkpt>
    <trkpt lat="46.3690735" lon="15.0644825">
      <ele>407.77398681640625</ele>
      <time>2059-12-24T23:41:00Z</time>
    </trkpt>
    <trkpt lat="46.3691069" lon="15.0643156">
      <ele>407.87152099609375</ele>
      <time>2059-12-25T23:07:15Z</time>
    </trkpt>
    <trkpt lat="46.3691436" lon="15.0641587">
      <ele>407.91015625</ele>
      <time>2059-12-26T23:27:36Z</time>
    </trkpt>
    <trkpt lat="46.3691842" lon="15.0639994">
      <ele>408.0601806640625</ele>
      <time>2059-12-27T23:41:48Z</time>
    </trkpt>
    <trkpt lat="46.3692227" lon="15.0638485">
      <ele>408.40576171875</ele>
      <time>2059-12-28T23:28:06Z</time>
    </trkpt>
    <trkpt lat="46.3692623" lon="15.0636928">
      <ele>408.1077880859375</ele>
      <time>2059-12-29T23:31:14Z</time>
    </trkpt>
    <trkpt lat="46.3693029" lon="15.0635246">
      <ele>407.7730712890625</ele>
      <time>2059-12-30T23:45:42Z</time>
    </trkpt>
    <trkpt lat="46.3693446" lon="15.0633368">
      <ele>407.59771728515625</ele>
      <time>2059-12-31T23:16:59Z</time>
    </trkpt>
    <trkpt lat="46.369386" lon="15.0631353">
      <ele>408.083984375</ele>
      <time>2060-01-01T23:31:08Z</time>
    </trkpt>
    <trkpt lat="46.3694224" lon="15.0629137">
      <ele>407.25067138671875</ele>
      <time>2060-01-02T23:31:53Z</time>
    </trkpt>
    <trkpt lat="46.3694515" lon="15.062691">
      <ele>408.158935546875</ele>
      <time>2060-01-03T23:39:44Z</time>
    </trkpt>
    <trkpt lat="46.3694697" lon="15.0624593">
      <ele>408.62506103515625</ele>
      <time>2060-01-04T23:53:00Z</time>
    </trkpt>
    <trkpt lat="46.3694808" lon="15.0622369">
      <ele>408.613525390625</ele>
      <time>2060-01-05T23:21:34Z</time>
    </trkpt>
    <trkpt lat="46.3694924" lon="15.0620186">
      <ele>407.9342041015625</ele>
      <time>2060-01-06T23:21:19Z</time>
    </trkpt>
    <trkpt lat="46.369513" lon="15.0617855">
      <ele>407.722412109375</ele>
      <time>2060-01-07T23:37:10Z</time>
    </trkpt>
    <trkpt lat="46.3695482" lon="15.0615594">
      <ele>408.22607421875</ele>
      <time>2060-01-09T00:03:47Z</time>
    </trkpt>
    <trkpt lat="46.3695979" lon="15.061334">
      <ele>408.3271484375</ele>
      <time>2060-01-09T23:41:38Z</time>
    </trkpt>
    <trkpt lat="46.3696567" lon="15.0611285">
      <ele>408.29248046875</ele>
      <time>2060-01-10T23:43:00Z</time>
    </trkpt>
    <trkpt lat="46.3697269" lon="15.0609388">
      <ele>407.609619140625</ele>
      <time>2060-01-10T23:43:00Z</time>
    </trkpt>
    <trkpt lat="46.3698065" lon="15.0607399">
      <ele>407.609619140625</ele>
      <time>2060-01-12T23:25:41Z</time>
    </trkpt>
    <trkpt lat="46.3698895" lon="15.0605518">
      <ele>407.69390869140625</ele>
      <time>2060-01-13T23:34:32Z</time>
    </trkpt>
    <trkpt lat="46.369975" lon="15.060367">
      <ele>407.72979736328125</ele>
      <time>2060-01-14T23:23:45Z</time>
    </trkpt>
    <trkpt lat="46.3700662" lon="15.0601811">
      <ele>407.7493896484375</ele>
      <time>2060-01-15T23:37:36Z</time>
    </trkpt>
    <trkpt lat="46.3701579" lon="15.0599994">
      <ele>408.13134765625</ele>
      <time>2060-01-16T23:36:30Z</time>
    </trkpt>
    <trkpt lat="46.3702545" lon="15.0598138">
      <ele>408.7476806640625</ele>
      <time>2060-01-17T23:41:52Z</time>
    </trkpt>
    <trkpt lat="46.3703509" lon="15.0596393">
      <ele>408.9483642578125</ele>
      <time>2060-01-18T23:36:01Z</time>
    </trkpt>
    <trkpt lat="46.3704449" lon="15.0594765">
      <ele>408.66162109375</ele>
      <time>2060-01-19T23:28:35Z</time>
    </trkpt>
    <trkpt lat="46.3705478" lon="15.0593066">
      <ele>407.911865234375</ele>
      <time>2060-01-20T23:46:20Z</time>
    </trkpt>
    <trkpt lat="46.3706503" lon="15.0591453">
      <ele>407.6822509765625</ele>
      <time>2060-01-21T23:36:18Z</time>
    </trkpt>
    <trkpt lat="46.3707493" lon="15.0589938">
      <ele>407.8382568359375</ele>
      <time>2060-01-22T23:31:30Z</time>
    </trkpt>
    <trkpt lat="46.3708537" lon="15.0588449">
      <ele>407.828369140625</ele>
      <time>2060-01-23T23:31:27Z</time>
    </trkpt>
    <trkpt lat="46.3709591" lon="15.0587058">
      <ele>407.4041748046875</ele>
      <time>2060-01-24T23:19:31Z</time>
    </trkpt>
    <trkpt lat="46.3710685" lon="15.0585682">
      <ele>407.5902099609375</ele>
      <time>2060-01-25T23:18:29Z</time>
    </trkpt>
    <trkpt lat="46.3711753" lon="15.0584395">
      <ele>407.8323974609375</ele>
      <time>2060-01-26T23:22:51Z</time>
    </trkpt>
    <trkpt lat="46.3712788" lon="15.0583199">
      <ele>408.00238037109375</ele>
      <time>2060-01-27T23:27:45Z</time>
    </trkpt>
    <trkpt lat="46.3713859" lon="15.0581957">
      <ele>408.4132080078125</ele>
      <time>2060-01-28T23:29:32Z</time>
    </trkpt>
    <trkpt lat="46.3714884" lon="15.058086">
      <ele>408.10888671875</ele>
      <time>2060-01-29T23:28:06Z</time>
    </trkpt>
    <trkpt lat="46.3715935" lon="15.0579892">
      <ele>407.752197265625</ele>
      <time>2060-01-30T23:26:37Z</time>
    </trkpt>
    <trkpt lat="46.371707" lon="15.0579027">
      <ele>407.74578857421875</ele>
      <time>2060-01-31T23:36:16Z</time>
    </trkpt>
    <trkpt lat="46.3718235" lon="15.057834">
      <ele>407.8165283203125</ele>
      <time>2060-02-01T23:49:16Z</time>
    </trkpt>
    <trkpt lat="46.371951" lon="15.0577823">
      <ele>407.791259765625</ele>
      <time>2060-02-02T23:26:26Z</time>
    </trkpt>
    <trkpt lat="46.3720789" lon="15.0577401">
      <ele>407.8092041015625</ele>
      <time>2060-02-03T23:16:51Z</time>
    </trkpt>
    <trkpt lat="46.372204" lon="15.0577003">
      <ele>407.74151611328125</ele>
      <time>2060-02-04T23:31:38Z</time>
    </trkpt>
    <trkpt lat="46.3723416" lon="15.0576577">
      <ele>408.00201416015625</ele>
      <time>2060-02-05T23:40:21Z</time>
    </trkpt>
    <trkpt lat="46.3724732" lon="15.0576178">
      <ele>407.821044921875</ele>
      <time>2060-02-06T23:26:35Z</time>
    </trkpt>
    <trkpt lat="46.3726021" lon="15.0575713">
      <ele>407.9010009765625</ele>
      <time>2060-02-07T23:25:12Z</time>
    </trkpt>
    <trkpt lat="46.3727318" lon="15.0575052">
      <ele>408.3909912109375</ele>
      <time>2060-02-08T23:28:35Z</time>
    </trkpt>
    <trkpt lat="46.3728562" lon="15.0574173">
      <ele>408.69635009765625</ele>
      <time>2060-02-09T23:26:04Z</time>
    </trkpt>
    <trkpt lat="46.3729787" lon="15.0573008">
      <ele>408.700439453125</ele>
      <time>2060-02-10T23:44:14Z</time>
    </trkpt>
    <trkpt lat="46.3730833" lon="15.0571675">
      <ele>409.172119140625</ele>
      <time>2060-02-11T23:23:37Z</time>
    </trkpt>
    <trkpt lat="46.3731728" lon="15.0570166">
      <ele>409.3861083984375</ele>
      <time>2060-02-12T23:27:04Z</time>
    </trkpt>
    <trkpt lat="46.3732467" lon="15.0568378">
      <ele>409.2379150390625</ele>
      <time>2060-02-13T23:32:37Z</time>
    </trkpt>
    <trkpt lat="46.3733013" lon="15.0566477">
      <ele>409.01348876953125</ele>
      <time>2060-02-14T23:26:40Z</time>
    </trkpt>
    <trkpt lat="46.3733538" lon="15.0564614">
      <ele>408.893310546875</ele>
      <time>2060-02-15T23:40:26Z</time>
    </trkpt>
    <trkpt lat="46.3734096" lon="15.0562646">
      <ele>408.7633056640625</ele>
      <time>2060-02-16T23:30:39Z</time>
    </trkpt>
    <trkpt lat="46.3734661" lon="15.0560651">
      <ele>408.531494140625</ele>
      <time>2060-02-17T23:29:45Z</time>
    </trkpt>
    <trkpt lat="46.3735277" lon="15.0558475">
      <ele>408.2255859375</ele>
      <time>2060-02-18T23:42:15Z</time>
    </trkpt>
    <trkpt lat="46.3735875" lon="15.0556371">
      <ele>407.9609375</ele>
      <time>2060-02-19T23:39:14Z</time>
    </trkpt>
    <trkpt lat="46.3736464" lon="15.0554344">
      <ele>407.9300537109375</ele>
      <time>2060-02-20T23:27:02Z</time>
    </trkpt>
    <trkpt lat="46.3737081" lon="15.055219">
      <ele>407.7684326171875</ele>
      <time>2060-02-21T23:26:04Z</time>
    </trkpt>
    <trkpt lat="46.3737673" lon="15.0550109">
      <ele>407.71270751953125</ele>
      <time>2060-02-22T23:37:18Z</time>
    </trkpt>
    <trkpt lat="46.3738232" lon="15.0548101">
      <ele>407.65789794921875</ele>
      <time>2060-02-23T23:31:23Z</time>
    </trkpt>
    <trkpt lat="46.3738831" lon="15.0546034">
      <ele>407.6688232421875</ele>
      <time>2060-02-24T23:34:18Z</time>
    </trkpt>
    <trkpt lat="46.3739411" lon="15.0544015">
      <ele>407.59014892578125</ele>
      <time>2060-02-25T23:33:16Z</time>
    </trkpt>
    <trkpt lat="46.3739993" lon="15.0541891">
      <ele>407.6357421875</ele>
      <time>2060-02-26T23:40:41Z</time>
    </trkpt>
    <trkpt lat="46.3740565" lon="15.0539878">
      <ele>407.3746337890625</ele>
      <time>2060-02-27T23:38:36Z</time>
    </trkpt>
    <trkpt lat="46.3741115" lon="15.0537954">
      <ele>407.68341064453125</ele>
      <time>2060-02-28T23:43:44Z</time>
    </trkpt>
    <trkpt lat="46.3741666" lon="15.0535982">
      <ele>407.7340087890625</ele>
      <time>2060-02-29T23:36:14Z</time>
    </trkpt>
    <trkpt lat="46.3742197" lon="15.0534164">
      <ele>407.87689208984375</ele>
      <time>2060-03-01T23:30:14Z</time>
    </trkpt>
    <trkpt lat="46.3742711" lon="15.0532464">
      <ele>407.404541015625</ele>
      <time>2060-03-02T23:28:22Z</time>
    </trkpt>
    <trkpt lat="46.3743232" lon="15.0530748">
      <ele>407.251220703125</ele>
      <time>2060-03-03T23:26:06Z</time>
    </trkpt>
    <trkpt lat="46.3743724" lon="15.0529071">
      <ele>407.196044921875</ele>
      <time>2060-03-04T23:24:44Z</time>
    </trkpt>
    <trkpt lat="46.3744213" lon="15.052734">
      <ele>407.2694091796875</ele>
      <time>2060-03-05T23:34:17Z</time>
    </trkpt>
    <trkpt lat="46.3744683" lon="15.0525657">
      <ele>406.93505859375</ele>
      <time>2060-03-06T23:41:06Z</time>
    </trkpt>
    <trkpt lat="46.374513" lon="15.052403">
      <ele>406.69329833984375</ele>
      <time>2060-03-07T23:22:51Z</time>
    </trkpt>
    <trkpt lat="46.3745604" lon="15.05223">
      <ele>406.650390625</ele>
      <time>2060-03-08T23:40:45Z</time>
    </trkpt>
    <trkpt lat="46.3746047" lon="15.0520621">
      <ele>406.7098388671875</ele>
      <time>2060-03-09T23:19:05Z</time>
    </trkpt>
    <trkpt lat="46.3746484" lon="15.0518991">
      <ele>406.64453125</ele>
      <time>2060-03-10T23:44:35Z</time>
    </trkpt>
    <trkpt lat="46.3746965" lon="15.05173">
      <ele>406.65570068359375</ele>
      <time>2060-03-11T23:32:52Z</time>
    </trkpt>
    <trkpt lat="46.3747423" lon="15.0515632">
      <ele>406.697021484375</ele>
      <time>2060-03-12T23:30:41Z</time>
    </trkpt>
    <trkpt lat="46.3747902" lon="15.0513862">
      <ele>406.01312255859375</ele>
      <time>2060-03-13T23:31:46Z</time>
    </trkpt>
    <trkpt lat="46.3748365" lon="15.0512143">
      <ele>405.6881103515625</ele>
      <time>2060-03-14T23:20:36Z</time>
    </trkpt>
    <trkpt lat="46.3748775" lon="15.0510516">
      <ele>405.2716064453125</ele>
      <time>2060-03-15T23:26:03Z</time>
    </trkpt>
    <trkpt lat="46.3749162" lon="15.0508822">
      <ele>405.17425537109375</ele>
      <time>2060-03-16T23:20:53Z</time>
    </trkpt>
    <trkpt lat="46.3749452" lon="15.0507205">
      <ele>404.7615966796875</ele>
      <time>2060-03-17T23:21:46Z</time>
    </trkpt>
    <trkpt lat="46.3749624" lon="15.0505684">
      <ele>404.65887451171875</ele>
      <time>2060-03-18T23:33:04Z</time>
    </trkpt>
    <trkpt lat="46.3749713" lon="15.0504157">
      <ele>404.4024658203125</ele>
      <time>2060-03-19T23:27:48Z</time>
    </trkpt>
    <trkpt lat="46.3749748" lon="15.0502834">
      <ele>404.8238525390625</ele>
      <time>2060-03-20T23:46:18Z</time>
    </trkpt>
    <trkpt lat="46.3749776" lon="15.0501586">
      <ele>404.69207763671875</ele>
      <time>2060-03-21T23:31:44Z</time>
    </trkpt>
    <trkpt lat="46.3749842" lon="15.0500417">
      <ele>404.529541015625</ele>
      <time>2060-03-22T23:35:19Z</time>
    </trkpt>
    <trkpt lat="46.3750076" lon="15.0499454">
      <ele>404.67303466796875</ele>
      <time>2060-03-23T23:22:50Z</time>
    </trkpt>
    <trkpt lat="46.3750492" lon="15.0498706">
      <ele>404.26043701171875</ele>
      <time>2060-03-24T23:31:06Z</time>
    </trkpt>
    <trkpt lat="46.3751053" lon="15.049825">
      <ele>404.5660400390625</ele>
      <time>2060-03-25T23:31:40Z</time>
    </trkpt>
    <trkpt lat="46.3751724" lon="15.0498179">
      <ele>405.4774169921875</ele>
      <time>2060-03-26T23:55:23Z</time>
    </trkpt>
    <trkpt lat="46.3752507" lon="15.0498346">
      <ele>405.8348388671875</ele>
      <time>2060-03-26T23:55:23Z</time>
    </trkpt>
    <trkpt lat="46.3753355" lon="15.0498654">
      <ele>405.9063720703125</ele>
      <time>2060-03-26T23:55:23Z</time>
    </trkpt>
    <trkpt lat="46.3754347" lon="15.0499084">
      <ele>405.9063720703125</ele>
      <time>2060-03-29T23:42:18Z</time>
    </trkpt>
    <trkpt lat="46.3755362" lon="15.0499513">
      <ele>406.38623046875</ele>
      <time>2060-03-30T23:20:28Z</time>
    </trkpt>
    <trkpt lat="46.3756315" lon="15.0499874">
      <ele>405.8115234375</ele>
      <time>2060-03-30T23:20:28Z</time>
    </trkpt>
    <trkpt lat="46.375738" lon="15.0500114">
      <ele>405.8115234375</ele>
      <time>2060-04-01T23:44:02Z</time>
    </trkpt>
    <trkpt lat="46.3758456" lon="15.0500077">
      <ele>405.554443359375</ele>
      <time>2060-04-02T23:30:23Z</time>
    </trkpt>
    <trkpt lat="46.3759498" lon="15.0499928">
      <ele>404.3883056640625</ele>
      <time>2060-04-03T23:23:05Z</time>
    </trkpt>
    <trkpt lat="46.3760586" lon="15.0499672">
      <ele>404.64599609375</ele>
      <time>2060-04-04T23:30:38Z</time>
    </trkpt>
    <trkpt lat="46.3761646" lon="15.0499251">
      <ele>404.646484375</ele>
      <time>2060-04-05T23:41:07Z</time>
    </trkpt>
    <trkpt lat="46.3762729" lon="15.0498627">
      <ele>404.3658447265625</ele>
      <time>2060-04-06T23:31:55Z</time>
    </trkpt>
    <trkpt lat="46.3763736" lon="15.049785">
      <ele>404.1583251953125</ele>
      <time>2060-04-07T23:27:09Z</time>
    </trkpt>
    <trkpt lat="46.3764629" lon="15.0496932">
      <ele>404.282958984375</ele>
      <time>2060-04-08T23:33:01Z</time>
    </trkpt>
    <trkpt lat="46.3765557" lon="15.0495827">
      <ele>404.452880859375</ele>
      <time>2060-04-09T23:16:13Z</time>
    </trkpt>
    <trkpt lat="46.3766457" lon="15.0494672">
      <ele>404.37109375</ele>
      <time>2060-04-10T23:27:35Z</time>
    </trkpt>
    <trkpt lat="46.3767336" lon="15.0493534">
      <ele>404.25811767578125</ele>
      <time>2060-04-11T23:30:42Z</time>
    </trkpt>
    <trkpt lat="46.3768242" lon="15.0492358">
      <ele>404.2955322265625</ele>
      <time>2060-04-12T23:33:48Z</time>
    </trkpt>
    <trkpt lat="46.3769132" lon="15.0491222">
      <ele>404.27911376953125</ele>
      <time>2060-04-13T23:42:34Z</time>
    </trkpt>
    <trkpt lat="46.3770031" lon="15.0490075">
      <ele>404.24267578125</ele>
      <time>2060-04-14T23:26:04Z</time>
    </trkpt>
    <trkpt lat="46.3770901" lon="15.0488992">
      <ele>404.1007080078125</ele>
      <time>2060-04-15T23:45:28Z</time>
    </trkpt>
    <trkpt lat="46.3771717" lon="15.0487946">
      <ele>404.0015869140625</ele>
      <time>2060-04-16T23:27:40Z</time>
    </trkpt>
    <trkpt lat="46.3772581" lon="15.048688">
      <ele>404.19427490234375</ele>
      <time>2060-04-17T23:37:19Z</time>
    </trkpt>
    <trkpt lat="46.3773389" lon="15.0485856">
      <ele>404.02264404296875</ele>
      <time>2060-04-18T23:35:28Z</time>
    </trkpt>
    <trkpt lat="46.3774151" lon="15.0484838">
      <ele>404.1666259765625</ele>
      <time>2060-04-19T23:41:45Z</time>
    </trkpt>
    <trkpt lat="46.3774913" lon="15.048373">
      <ele>403.8033447265625</ele>
      <time>2060-04-20T23:33:13Z</time>
    </trkpt>
    <trkpt lat="46.3775645" lon="15.0482518">
      <ele>403.47021484375</ele>
      <time>2060-04-21T23:37:53Z</time>
    </trkpt>
    <trkpt lat="46.3776353" lon="15.0481141">
      <ele>403.3580322265625</ele>
      <time>2060-04-22T23:24:49Z</time>
    </trkpt>
    <trkpt lat="46.3777002" lon="15.0479728">
      <ele>403.13623046875</ele>
      <time>2060-04-23T23:21:05Z</time>
    </trkpt>
    <trkpt lat="46.37776" lon="15.0478248">
      <ele>403.1124267578125</ele>
      <time>2060-04-24T23:22:29Z</time>
    </trkpt>
    <trkpt lat="46.3778166" lon="15.0476611">
      <ele>402.8817138671875</ele>
      <time>2060-04-25T23:32:50Z</time>
    </trkpt>
    <trkpt lat="46.3778723" lon="15.0475011">
      <ele>402.72125244140625</ele>
      <time>2060-04-26T23:40:02Z</time>
    </trkpt>
    <trkpt lat="46.3779238" lon="15.047349">
      <ele>402.529052734375</ele>
      <time>2060-04-27T23:36:55Z</time>
    </trkpt>
    <trkpt lat="46.3779756" lon="15.0471922">
      <ele>402.619873046875</ele>
      <time>2060-04-28T23:36:07Z</time>
    </trkpt>
    <trkpt lat="46.378026" lon="15.0470398">
      <ele>402.6671142578125</ele>
      <time>2060-04-29T23:30:03Z</time>
    </trkpt>
    <trkpt lat="46.3780779" lon="15.046886">
      <ele>402.7222900390625</ele>
      <time>2060-04-29T23:30:03Z</time>
    </trkpt>
    <trkpt lat="46.3781256" lon="15.0467449">
      <ele>402.7222900390625</ele>
      <time>2060-05-01T23:32:49Z</time>
    </trkpt>
    <trkpt lat="46.3781686" lon="15.0466122">
      <ele>402.4049072265625</ele>
      <time>2060-05-02T23:23:04Z</time>
    </trkpt>
    <trkpt lat="46.3782126" lon="15.0464795">
      <ele>401.9454345703125</ele>
      <time>2060-05-03T23:41:16Z</time>
    </trkpt>
    <trkpt lat="46.3782532" lon="15.0463617">
      <ele>402.53753662109375</ele>
      <time>2060-05-04T23:39:41Z</time>
    </trkpt>
    <trkpt lat="46.3782897" lon="15.046261">
      <ele>402.4505615234375</ele>
      <time>2060-05-05T23:48:56Z</time>
    </trkpt>
    <trkpt lat="46.3783299" lon="15.0461679">
      <ele>402.510986328125</ele>
      <time>2060-05-05T23:48:56Z</time>
    </trkpt>
    <trkpt lat="46.378373" lon="15.0460914">
      <ele>402.510986328125</ele>
      <time>2060-05-07T23:45:05Z</time>
    </trkpt>
    <trkpt lat="46.3784195" lon="15.0460346">
      <ele>402.1719970703125</ele>
      <time>2060-05-08T23:18:24Z</time>
    </trkpt>
    <trkpt lat="46.3784694" lon="15.0460091">
      <ele>402.3023681640625</ele>
      <time>2060-05-09T23:20:20Z</time>
    </trkpt>
    <trkpt lat="46.3785156" lon="15.0460219">
      <ele>403.0367431640625</ele>
      <time>2060-05-09T23:20:20Z</time>
    </trkpt>
    <trkpt lat="46.3785631" lon="15.0460719">
      <ele>403.0367431640625</ele>
      <time>2060-05-11T23:51:20Z</time>
    </trkpt>
    <trkpt lat="46.3786061" lon="15.0461406">
      <ele>403.0679931640625</ele>
      <time>2060-05-12T23:30:27Z</time>
    </trkpt>
    <trkpt lat="46.3786399" lon="15.0462009">
      <ele>402.61083984375</ele>
      <time>2060-05-12T23:30:27Z</time>
    </trkpt>
    <trkpt lat="46.3786722" lon="15.0462611">
      <ele>402.4921875</ele>
      <time>2060-05-12T23:30:27Z</time>
    </trkpt>
    <trkpt lat="46.3787028" lon="15.0463175">
      <ele>402.4921875</ele>
      <time>2060-05-15T23:47:16Z</time>
    </trkpt>
    <trkpt lat="46.3787332" lon="15.0463736">
      <ele>402.8052978515625</ele>
      <time>2060-05-16T23:38:50Z</time>
    </trkpt>
    <trkpt lat="46.378758" lon="15.046422">
      <ele>403.02691650390625</ele>
      <time>2060-05-17T23:41:31Z</time>
    </trkpt>
    <trkpt lat="46.3787769" lon="15.0464556">
      <ele>402.63427734375</ele>
      <time>2060-05-18T23:31:04Z</time>
    </trkpt>
    <trkpt lat="46.3787843" lon="15.0464704">
      <ele>402.4903564453125</ele>
      <time>2060-05-19T23:31:23Z</time>
    </trkpt>
    <trkpt lat="46.3787867" lon="15.0464741">
      <ele>402.8514404296875</ele>
      <time>2060-05-20T23:28:59Z</time>
    </trkpt>
    <trkpt lat="46.3787869" lon="15.0464742">
      <ele>403.093505859375</ele>
      <time>2060-05-21T23:38:08Z</time>
    </trkpt>
    <trkpt lat="46.3787868" lon="15.046474">
      <ele>403.16876220703125</ele>
      <time>2060-05-22T23:32:39Z</time>
    </trkpt>
    <trkpt lat="46.3787868" lon="15.046474">
      <ele>403.16748046875</ele>
      <time>2060-05-23T23:48:28Z</time>
    </trkpt>
    <trkpt lat="46.3787868" lon="15.046474">
      <ele>405.1000061035156</ele>
      <time>2060-05-24T23:58:22Z</time>
    </trkpt>
    <trkpt lat="46.3787868" lon="15.046474">
      <ele>405.1000061035156</ele>
      <time>2060-05-25T23:33:26Z</time>
    </trkpt>
    <trkpt lat="46.3787868" lon="15.046474">
      <ele>405.1000061035156</ele>
      <time>2060-05-26T23:49:11Z</time>
    </trkpt>
    <trkpt lat="46.3787868" lon="15.046474">
      <ele>405.1000061035156</ele>
      <time>2060-05-28T00:02:44Z</time>
    </trkpt>
    <trkpt lat="46.3787868" lon="15.046474">
      <ele>405.1000061035156</ele>
      <time>2060-05-29T02:01:23Z</time>
    </trkpt>
    <trkpt lat="46.3787868" lon="15.046474">
      <ele>405.1000061035156</ele>
      <time>2060-05-29T23:24:25Z</time>
    </trkpt>
    <trkpt lat="46.3787868" lon="15.046474">
      <ele>405.1000061035156</ele>
      <time>2060-05-30T23:50:34Z</time>
    </trkpt>
    <trkpt lat="46.3787868" lon="15.046474">
      <ele>405.5</ele>
      <time>2060-05-31T23:45:35Z</time>
    </trkpt>
    <trkpt lat="46.3787868" lon="15.046474">
      <ele>405.5</ele>
      <time>2060-06-01T23:49:24Z</time>
    </trkpt>
    <trkpt lat="46.3787868" lon="15.046474">
      <ele>405.5</ele>
      <time>2060-06-02T23:29:14Z</time>
    </trkpt>
    <trkpt lat="46.3787868" lon="15.046474">
      <ele>405.5</ele>
      <time>2060-06-03T23:45:39Z</time>
    </trkpt>
    <trkpt lat="46.3787868" lon="15.046474">
      <ele>405.5</ele>
      <time>2060-06-04T23:43:11Z</time>
    </trkpt>
    <trkpt lat="46.3787868" lon="15.046474">
      <ele>405.5</ele>
      <time>2060-06-05T23:15:25Z</time>
    </trkpt>
    <trkpt lat="46.3787868" lon="15.046474">
      <ele>405.5</ele>
      <time>2060-06-07T00:02:29Z</time>
    </trkpt>
    <trkpt lat="46.3787868" lon="15.046474">
      <ele>405.5</ele>
      <time>2060-06-07T23:37:20Z</time>
    </trkpt>
    <trkpt lat="46.3787868" lon="15.046474">
      <ele>405.5</ele>
      <time>2060-06-09T00:09:06Z</time>
    </trkpt>
    <trkpt lat="46.3787868" lon="15.046474">
      <ele>405.5</ele>
      <time>2060-06-09T23:46:51Z</time>
    </trkpt>
    <trkpt lat="46.3787868" lon="15.046474">
      <ele>405.5</ele>
      <time>2060-06-10T23:48:36Z</time>
    </trkpt>
    <trkpt lat="46.3787868" lon="15.046474">
      <ele>405.5</ele>
      <time>2060-06-11T23:29:50Z</time>
    </trkpt>
    <trkpt lat="46.3787868" lon="15.046474">
      <ele>405.5</ele>
      <time>2060-06-12T23:31:47Z</time>
    </trkpt>
    <trkpt lat="46.3787868" lon="15.046474">
      <ele>405.5</ele>
      <time>2060-06-13T23:33:54Z</time>
    </trkpt>
    <trkpt lat="46.3787868" lon="15.046474">
      <ele>405.5</ele>
      <time>2060-06-14T23:43:15Z</time>
    </trkpt>
    <trkpt lat="46.3787868" lon="15.046474">
      <ele>405.5</ele>
      <time>2060-06-15T23:45:12Z</time>
    </trkpt>
    <trkpt lat="46.3787868" lon="15.046474">
      <ele>405.5</ele>
      <time>2060-06-16T23:31:40Z</time>
    </trkpt>
    <trkpt lat="46.3787868" lon="15.046474">
      <ele>405.5</ele>
      <time>2060-06-17T23:53:38Z</time>
    </trkpt>
    <trkpt lat="46.3787868" lon="15.046474">
      <ele>405.5</ele>
      <time>2060-06-18T23:33:59Z</time>
    </trkpt>
    <trkpt lat="46.3787868" lon="15.046474">
      <ele>405.5</ele>
      <time>2060-06-19T23:28:28Z</time>
    </trkpt>
    <trkpt lat="46.3787868" lon="15.046474">
      <ele>405.5</ele>
      <time>2060-06-20T23:23:44Z</time>
    </trkpt>
    <trkpt lat="46.3787868" lon="15.046474">
      <ele>405.5</ele>
      <time>2060-06-21T23:57:21Z</time>
    </trkpt>
    <trkpt lat="46.3787868" lon="15.046474">
      <ele>405.5</ele>
      <time>2060-06-23T00:00:30Z</time>
    </trkpt>
    <trkpt lat="46.3787868" lon="15.046474">
      <ele>405.5</ele>
      <time>2060-06-24T00:04:19Z</time>
    </trkpt>
    <trkpt lat="46.3787868" lon="15.046474">
      <ele>405.5</ele>
      <time>2060-06-24T23:43:22Z</time>
    </trkpt>
    <trkpt lat="46.3787868" lon="15.046474">
      <ele>405.5</ele>
      <time>2060-06-25T23:40:09Z</time>
    </trkpt>
    <trkpt lat="46.3787868" lon="15.046474">
      <ele>405.5</ele>
      <time>2060-06-26T23:33:33Z</time>
    </trkpt>
    <trkpt lat="46.3787868" lon="15.046474">
      <ele>405.5</ele>
      <time>2060-06-27T23:33:30Z</time>
    </trkpt>
    <trkpt lat="46.3787868" lon="15.046474">
      <ele>405.5</ele>
      <time>2060-06-28T23:41:40Z</time>
    </trkpt>
    <trkpt lat="46.3787868" lon="15.046474">
      <ele>405.5</ele>
      <time>2060-06-29T23:36:29Z</time>
    </trkpt>
    <trkpt lat="46.3787868" lon="15.046474">
      <ele>405.5</ele>
      <time>2060-06-30T23:25:36Z</time>
    </trkpt>
    <trkpt lat="46.3787868" lon="15.046474">
      <ele>405.5</ele>
      <time>2060-07-02T00:03:22Z</time>
    </trkpt>
    <trkpt lat="46.3787868" lon="15.046474">
      <ele>405.5</ele>
      <time>2060-07-02T23:38:43Z</time>
    </trkpt>
    <trkpt lat="46.3787868" lon="15.046474">
      <ele>405.5</ele>
      <time>2060-07-03T23:55:04Z</time>
    </trkpt>
    <trkpt lat="46.3787868" lon="15.046474">
      <ele>405.5</ele>
      <time>2060-07-04T23:47:41Z</time>
    </trkpt>
    <trkpt lat="46.3787868" lon="15.046474">
      <ele>405.5</ele>
      <time>2060-07-05T23:45:24Z</time>
    </trkpt>
    <trkpt lat="46.3787868" lon="15.046474">
      <ele>405.5</ele>
      <time>2060-07-06T23:37:39Z</time>
    </trkpt>
    <trkpt lat="46.3787868" lon="15.046474">
      <ele>405.5</ele>
      <time>2060-07-07T23:46:48Z</time>
    </trkpt>
    <trkpt lat="46.3787868" lon="15.046474">
      <ele>405.5</ele>
      <time>2060-07-09T00:00:55Z</time>
    </trkpt>
    <trkpt lat="46.3787868" lon="15.046474">
      <ele>405.5</ele>
      <time>2060-07-09T23:37:26Z</time>
    </trkpt>
    <trkpt lat="46.3787868" lon="15.046474">
      <ele>405.5</ele>
      <time>2060-07-10T23:50:08Z</time>
    </trkpt>
    <trkpt lat="46.3787868" lon="15.046474">
      <ele>405.5</ele>
      <time>2060-07-11T23:40:11Z</time>
    </trkpt>
    <trkpt lat="46.3787868" lon="15.046474">
      <ele>405.5</ele>
      <time>2060-07-12T23:42:17Z</time>
    </trkpt>
    <trkpt lat="46.3787868" lon="15.046474">
      <ele>405.5</ele>
      <time>2060-07-13T23:37:40Z</time>
    </trkpt>
    <trkpt lat="46.3787868" lon="15.046474">
      <ele>405.5</ele>
      <time>2060-07-14T23:28:16Z</time>
    </trkpt>
    <trkpt lat="46.3787868" lon="15.046474">
      <ele>405.5</ele>
      <time>2060-07-15T23:32:20Z</time>
    </trkpt>
    <trkpt lat="46.3787868" lon="15.046474">
      <ele>405.5</ele>
      <time>2060-07-16T23:39:42Z</time>
    </trkpt>
    <trkpt lat="46.3787868" lon="15.046474">
      <ele>405.5</ele>
      <time>2060-07-17T23:52:20Z</time>
    </trkpt>
    <trkpt lat="46.3787868" lon="15.046474">
      <ele>405.5</ele>
      <time>2060-07-18T23:39:30Z</time>
    </trkpt>
    <trkpt lat="46.3787868" lon="15.046474">
      <ele>405.5</ele>
      <time>2060-07-19T23:38:09Z</time>
    </trkpt>
    <trkpt lat="46.3787868" lon="15.046474">
      <ele>405.5</ele>
      <time>2060-07-20T23:48:45Z</time>
    </trkpt>
    <trkpt lat="46.3787868" lon="15.046474">
      <ele>405.5</ele>
      <time>2060-07-21T23:40:45Z</time>
    </trkpt>
    <trkpt lat="46.3787868" lon="15.046474">
      <ele>405.5</ele>
      <time>2060-07-22T23:45:36Z</time>
    </trkpt>
    <trkpt lat="46.3787868" lon="15.046474">
      <ele>405.5</ele>
      <time>2060-07-23T23:50:18Z</time>
    </trkpt>
    <trkpt lat="46.3787868" lon="15.046474">
      <ele>405.5</ele>
      <time>2060-07-24T23:34:29Z</time>
    </trkpt>
    <trkpt lat="46.3787868" lon="15.046474">
      <ele>405.5</ele>
      <time>2060-07-26T00:08:35Z</time>
    </trkpt>
    <trkpt lat="46.3787868" lon="15.046474">
      <ele>405.5</ele>
      <time>2060-07-26T23:40:40Z</time>
    </trkpt>
    <trkpt lat="46.3787868" lon="15.046474">
      <ele>405.5</ele>
      <time>2060-07-27T23:34:37Z</time>
    </trkpt>
    <trkpt lat="46.3787868" lon="15.046474">
      <ele>405.5</ele>
      <time>2060-07-29T00:04:00Z</time>
    </trkpt>
    <trkpt lat="46.3787868" lon="15.046474">
      <ele>405.5</ele>
      <time>2060-07-29T23:33:37Z</time>
    </trkpt>
    <trkpt lat="46.3787868" lon="15.046474">
      <ele>405.5</ele>
      <time>2060-07-30T23:38:24Z</time>
    </trkpt>
    <trkpt lat="46.3787868" lon="15.046474">
      <ele>405.5</ele>
      <time>2060-07-31T23:32:54Z</time>
    </trkpt>
    <trkpt lat="46.3787868" lon="15.046474">
      <ele>405.3000183105469</ele>
      <time>2060-08-01T23:30:03Z</time>
    </trkpt>
    <trkpt lat="46.3787868" lon="15.046474">
      <ele>405.3000183105469</ele>
      <time>2060-08-02T23:44:04Z</time>
    </trkpt>
    <trkpt lat="46.3787868" lon="15.046474">
      <ele>405.3000183105469</ele>
      <time>2060-08-03T23:43:54Z</time>
    </trkpt>
    <trkpt lat="46.3787868" lon="15.046474">
      <ele>405.3000183105469</ele>
      <time>2060-08-04T23:37:00Z</time>
    </trkpt>
    <trkpt lat="46.3787868" lon="15.046474">
      <ele>405.3000183105469</ele>
      <time>2060-08-05T23:30:40Z</time>
    </trkpt>
    <trkpt lat="46.3787868" lon="15.046474">
      <ele>405.3000183105469</ele>
      <time>2060-08-06T23:32:15Z</time>
    </trkpt>
    <trkpt lat="46.3787868" lon="15.046474">
      <ele>405.3000183105469</ele>
      <time>2060-08-07T23:29:27Z</time>
    </trkpt>
    <trkpt lat="46.3787868" lon="15.046474">
      <ele>405.5</ele>
      <time>2060-08-08T23:32:23Z</time>
    </trkpt>
    <trkpt lat="46.3787868" lon="15.046474">
      <ele>405.5</ele>
      <time>2060-08-09T23:57:05Z</time>
    </trkpt>
    <trkpt lat="46.3787868" lon="15.046474">
      <ele>405.5</ele>
      <time>2060-08-11T00:06:03Z</time>
    </trkpt>
    <trkpt lat="46.3787868" lon="15.046474">
      <ele>405.5</ele>
      <time>2060-08-11T23:50:03Z</time>
    </trkpt>
    <trkpt lat="46.3787868" lon="15.046474">
      <ele>405.5</ele>
      <time>2060-08-12T23:28:05Z</time>
    </trkpt>
    <trkpt lat="46.3787868" lon="15.046474">
      <ele>405.5</ele>
      <time>2060-08-13T23:30:52Z</time>
    </trkpt>
    <trkpt lat="46.3787868" lon="15.046474">
      <ele>405.5</ele>
      <time>2060-08-14T23:43:01Z</time>
    </trkpt>
    <trkpt lat="46.3787868" lon="15.046474">
      <ele>405.5</ele>
      <time>2060-08-15T23:45:59Z</time>
    </trkpt>
    <trkpt lat="46.3787868" lon="15.046474">
      <ele>405.5</ele>
      <time>2060-08-16T23:57:12Z</time>
    </trkpt>
    <trkpt lat="46.3787868" lon="15.046474">
      <ele>405.5</ele>
      <time>2060-08-17T23:51:14Z</time>
    </trkpt>
    <trkpt lat="46.3787868" lon="15.046474">
      <ele>405.5</ele>
      <time>2060-08-19T00:06:17Z</time>
    </trkpt>
    <trkpt lat="46.3787868" lon="15.046474">
      <ele>405.5</ele>
      <time>2060-08-19T23:46:57Z</time>
    </trkpt>
    <trkpt lat="46.3787868" lon="15.046474">
      <ele>405.5</ele>
      <time>2060-08-20T23:45:31Z</time>
    </trkpt>
    <trkpt lat="46.3787868" lon="15.046474">
      <ele>405.5</ele>
      <time>2060-08-21T23:45:25Z</time>
    </trkpt>
    <trkpt lat="46.3787868" lon="15.046474">
      <ele>405.5</ele>
      <time>2060-08-22T23:30:56Z</time>
    </trkpt>
    <trkpt lat="46.3787868" lon="15.046474">
      <ele>405.5</ele>
      <time>2060-08-23T23:56:49Z</time>
    </trkpt>
    <trkpt lat="46.3787868" lon="15.046474">
      <ele>405.5</ele>
      <time>2060-08-24T23:47:17Z</time>
    </trkpt>
    <trkpt lat="46.3787868" lon="15.046474">
      <ele>405.5</ele>
      <time>2060-08-26T00:00:34Z</time>
    </trkpt>
    <trkpt lat="46.3787868" lon="15.046474">
      <ele>405.5</ele>
      <time>2060-08-26T23:42:32Z</time>
    </trkpt>
    <trkpt lat="46.3787868" lon="15.046474">
      <ele>405.5</ele>
      <time>2060-08-27T23:44:43Z</time>
    </trkpt>
    <trkpt lat="46.3787868" lon="15.046474">
      <ele>405.5</ele>
      <time>2060-08-28T23:31:51Z</time>
    </trkpt>
    <trkpt lat="46.3787868" lon="15.046474">
      <ele>405.3000183105469</ele>
      <time>2060-08-29T23:41:16Z</time>
    </trkpt>
    <trkpt lat="46.3787868" lon="15.046474">
      <ele>405.3000183105469</ele>
      <time>2060-08-30T23:41:04Z</time>
    </trkpt>
    <trkpt lat="46.3787868" lon="15.046474">
      <ele>405.3000183105469</ele>
      <time>2060-08-31T23:55:01Z</time>
    </trkpt>
    <trkpt lat="46.3787868" lon="15.046474">
      <ele>405.3000183105469</ele>
      <time>2060-09-01T23:43:52Z</time>
    </trkpt>
    <trkpt lat="46.3787868" lon="15.046474">
      <ele>405.3000183105469</ele>
      <time>2060-09-02T23:50:47Z</time>
    </trkpt>
    <trkpt lat="46.3787868" lon="15.046474">
      <ele>405.3000183105469</ele>
      <time>2060-09-03T23:33:49Z</time>
    </trkpt>
    <trkpt lat="46.3787868" lon="15.046474">
      <ele>405.3000183105469</ele>
      <time>2060-09-04T23:39:04Z</time>
    </trkpt>
    <trkpt lat="46.3787868" lon="15.046474">
      <ele>405.5</ele>
      <time>2060-09-05T23:46:27Z</time>
    </trkpt>
    <trkpt lat="46.3787868" lon="15.046474">
      <ele>405.5</ele>
      <time>2060-09-06T23:32:57Z</time>
    </trkpt>
    <trkpt lat="46.3787868" lon="15.046474">
      <ele>405.5</ele>
      <time>2060-09-07T23:47:03Z</time>
    </trkpt>
    <trkpt lat="46.3787868" lon="15.046474">
      <ele>405.5</ele>
      <time>2060-09-08T23:38:12Z</time>
    </trkpt>
    <trkpt lat="46.3787868" lon="15.046474">
      <ele>405.5</ele>
      <time>2060-09-09T23:56:07Z</time>
    </trkpt>
    <trkpt lat="46.3787868" lon="15.046474">
      <ele>405.5</ele>
      <time>2060-09-10T23:47:44Z</time>
    </trkpt>
    <trkpt lat="46.3787868" lon="15.046474">
      <ele>405.5</ele>
      <time>2060-09-11T23:32:46Z</time>
    </trkpt>
    <trkpt lat="46.3787868" lon="15.046474">
      <ele>405.5</ele>
      <time>2060-09-12T23:38:21Z</time>
    </trkpt>
    <trkpt lat="46.3787868" lon="15.046474">
      <ele>405.5</ele>
      <time>2060-09-13T23:43:33Z</time>
    </trkpt>
    <trkpt lat="46.3787868" lon="15.046474">
      <ele>405.5</ele>
      <time>2060-09-14T23:39:05Z</time>
    </trkpt>
    <trkpt lat="46.3787868" lon="15.046474">
      <ele>405.5</ele>
      <time>2060-09-15T23:40:21Z</time>
    </trkpt>
    <trkpt lat="46.3787868" lon="15.046474">
      <ele>405.5</ele>
      <time>2060-09-16T23:38:50Z</time>
    </trkpt>
    <trkpt lat="46.3787868" lon="15.046474">
      <ele>405.5</ele>
      <time>2060-09-18T01:25:25Z</time>
    </trkpt>
    <trkpt lat="46.3787868" lon="15.046474">
      <ele>405.5</ele>
      <time>2060-09-18T23:20:43Z</time>
    </trkpt>
    <trkpt lat="46.3787868" lon="15.046474">
      <ele>405.3000183105469</ele>
      <time>2060-09-19T23:53:00Z</time>
    </trkpt>
    <trkpt lat="46.3787868" lon="15.046474">
      <ele>405.3000183105469</ele>
      <time>2060-09-20T23:44:44Z</time>
    </trkpt>
    <trkpt lat="46.3787868" lon="15.046474">
      <ele>405.3000183105469</ele>
      <time>2060-09-21T23:37:10Z</time>
    </trkpt>
    <trkpt lat="46.3787868" lon="15.046474">
      <ele>405.3000183105469</ele>
      <time>2060-09-22T23:50:03Z</time>
    </trkpt>
    <trkpt lat="46.3787868" lon="15.046474">
      <ele>405.3000183105469</ele>
      <time>2060-09-23T23:38:19Z</time>
    </trkpt>
    <trkpt lat="46.3787868" lon="15.046474">
      <ele>405.3000183105469</ele>
      <time>2060-09-24T23:50:09Z</time>
    </trkpt>
    <trkpt lat="46.3787868" lon="15.046474">
      <ele>405.3000183105469</ele>
      <time>2060-09-25T23:28:40Z</time>
    </trkpt>
    <trkpt lat="46.3787868" lon="15.046474">
      <ele>405.5</ele>
      <time>2060-09-26T23:35:17Z</time>
    </trkpt>
    <trkpt lat="46.3787868" lon="15.046474">
      <ele>405.5</ele>
      <time>2060-09-27T23:56:13Z</time>
    </trkpt>
    <trkpt lat="46.3787868" lon="15.046474">
      <ele>405.5</ele>
      <time>2060-09-28T23:45:00Z</time>
    </trkpt>
    <trkpt lat="46.3787868" lon="15.046474">
      <ele>405.5</ele>
      <time>2060-09-29T23:51:23Z</time>
    </trkpt>
    <trkpt lat="46.3787868" lon="15.046474">
      <ele>405.5</ele>
      <time>2060-09-30T23:44:58Z</time>
    </trkpt>
    <trkpt lat="46.3787868" lon="15.046474">
      <ele>405.5</ele>
      <time>2060-10-01T23:44:47Z</time>
    </trkpt>
    <trkpt lat="46.3787868" lon="15.046474">
      <ele>405.5</ele>
      <time>2060-10-02T23:55:00Z</time>
    </trkpt>
    <trkpt lat="46.3787868" lon="15.046474">
      <ele>405.5</ele>
      <time>2060-10-03T23:52:53Z</time>
    </trkpt>
    <trkpt lat="46.3787868" lon="15.046474">
      <ele>405.5</ele>
      <time>2060-10-04T23:44:18Z</time>
    </trkpt>
    <trkpt lat="46.3787868" lon="15.046474">
      <ele>405.5</ele>
      <time>2060-10-06T00:02:19Z</time>
    </trkpt>
    <trkpt lat="46.3787868" lon="15.046474">
      <ele>405.5</ele>
      <time>2060-10-06T23:54:00Z</time>
    </trkpt>
    <trkpt lat="46.3787868" lon="15.046474">
      <ele>405.5</ele>
      <time>2060-10-07T23:33:12Z</time>
    </trkpt>
    <trkpt lat="46.3787868" lon="15.046474">
      <ele>405.5</ele>
      <time>2060-10-08T23:41:32Z</time>
    </trkpt>
    <trkpt lat="46.3787868" lon="15.046474">
      <ele>405.5</ele>
      <time>2060-10-09T23:41:03Z</time>
    </trkpt>
    <trkpt lat="46.3787868" lon="15.046474">
      <ele>405.3000183105469</ele>
      <time>2060-10-10T23:46:10Z</time>
    </trkpt>
    <trkpt lat="46.3787868" lon="15.046474">
      <ele>405.3000183105469</ele>
      <time>2060-10-11T23:55:01Z</time>
    </trkpt>
    <trkpt lat="46.3787868" lon="15.046474">
      <ele>405.3000183105469</ele>
      <time>2060-10-12T23:42:44Z</time>
    </trkpt>
    <trkpt lat="46.3787868" lon="15.046474">
      <ele>405.3000183105469</ele>
      <time>2060-10-13T23:44:03Z</time>
    </trkpt>
    <trkpt lat="46.3787868" lon="15.046474">
      <ele>405.3000183105469</ele>
      <time>2060-10-14T23:47:26Z</time>
    </trkpt>
    <trkpt lat="46.3787868" lon="15.046474">
      <ele>405.3000183105469</ele>
      <time>2060-10-15T23:29:54Z</time>
    </trkpt>
    <trkpt lat="46.3787868" lon="15.046474">
      <ele>405.5</ele>
      <time>2060-10-16T23:21:03Z</time>
    </trkpt>
    <trkpt lat="46.3787868" lon="15.046474">
      <ele>405.5</ele>
      <time>2060-10-17T23:32:37Z</time>
    </trkpt>
    <trkpt lat="46.3787868" lon="15.046474">
      <ele>405.5</ele>
      <time>2060-10-18T23:22:09Z</time>
    </trkpt>
    <trkpt lat="46.3787868" lon="15.046474">
      <ele>405.5</ele>
      <time>2060-10-19T23:42:56Z</time>
    </trkpt>
    <trkpt lat="46.3787868" lon="15.046474">
      <ele>405.5</ele>
      <time>2060-10-21T00:07:48Z</time>
    </trkpt>
    <trkpt lat="46.3787868" lon="15.046474">
      <ele>405.5</ele>
      <time>2060-10-21T23:31:58Z</time>
    </trkpt>
    <trkpt lat="46.3787868" lon="15.046474">
      <ele>405.5</ele>
      <time>2060-10-22T23:33:47Z</time>
    </trkpt>
    <trkpt lat="46.3787868" lon="15.046474">
      <ele>405.5</ele>
      <time>2060-10-23T23:49:01Z</time>
    </trkpt>
    <trkpt lat="46.3787868" lon="15.046474">
      <ele>405.5</ele>
      <time>2060-10-24T23:48:54Z</time>
    </trkpt>
    <trkpt lat="46.3787868" lon="15.046474">
      <ele>405.5</ele>
      <time>2060-10-25T23:55:43Z</time>
    </trkpt>
    <trkpt lat="46.3787868" lon="15.046474">
      <ele>405.5</ele>
      <time>2060-10-26T23:42:28Z</time>
    </trkpt>
    <trkpt lat="46.3787868" lon="15.046474">
      <ele>405.5</ele>
      <time>2060-10-27T23:47:18Z</time>
    </trkpt>
    <trkpt lat="46.3787868" lon="15.046474">
      <ele>405.5</ele>
      <time>2060-10-28T23:42:27Z</time>
    </trkpt>
    <trkpt lat="46.3787868" lon="15.046474">
      <ele>405.5</ele>
      <time>2060-10-29T23:42:40Z</time>
    </trkpt>
    <trkpt lat="46.3787868" lon="15.046474">
      <ele>405.5</ele>
      <time>2060-10-30T23:44:04Z</time>
    </trkpt>
    <trkpt lat="46.3787868" lon="15.046474">
      <ele>405.5</ele>
      <time>2060-10-31T23:48:00Z</time>
    </trkpt>
    <trkpt lat="46.3787868" lon="15.046474">
      <ele>405.5</ele>
      <time>2060-11-01T23:50:23Z</time>
    </trkpt>
    <trkpt lat="46.3787868" lon="15.046474">
      <ele>405.5</ele>
      <time>2060-11-02T23:49:24Z</time>
    </trkpt>
    <trkpt lat="46.3787947" lon="15.046494">
      <ele>405.5</ele>
      <time>2060-11-03T23:40:31Z</time>
    </trkpt>
    <trkpt lat="46.3788041" lon="15.0465124">
      <ele>405.5</ele>
      <time>2060-11-04T23:49:19Z</time>
    </trkpt>
    <trkpt lat="46.3788187" lon="15.0465406">
      <ele>405.5</ele>
      <time>2060-11-06T00:07:22Z</time>
    </trkpt>
    <trkpt lat="46.378847" lon="15.0465888">
      <ele>405.5</ele>
      <time>2060-11-06T23:36:00Z</time>
    </trkpt>
    <trkpt lat="46.3788779" lon="15.0466411">
      <ele>405.5</ele>
      <time>2060-11-07T23:54:41Z</time>
    </trkpt>
    <trkpt lat="46.3789151" lon="15.0467054">
      <ele>405.5</ele>
      <time>2060-11-08T23:40:57Z</time>
    </trkpt>
    <trkpt lat="46.3789508" lon="15.0467679">
      <ele>405.5</ele>
      <time>2060-11-09T23:51:03Z</time>
    </trkpt>
    <trkpt lat="46.3789879" lon="15.0468292">
      <ele>405.5</ele>
      <time>2060-11-10T23:34:12Z</time>
    </trkpt>
    <trkpt lat="46.3790266" lon="15.0468906">
      <ele>405.5</ele>
      <time>2060-11-10T23:34:12Z</time>
    </trkpt>
    <trkpt lat="46.3790711" lon="15.0469494">
      <ele>405.5</ele>
      <time>2060-11-12T23:25:51Z</time>
    </trkpt>
    <trkpt lat="46.3791249" lon="15.0469977">
      <ele>405.5</ele>
      <time>2060-11-13T23:38:05Z</time>
    </trkpt>
    <trkpt lat="46.379188" lon="15.0470336">
      <ele>405.5</ele>
      <time>2060-11-14T23:27:55Z</time>
    </trkpt>
    <trkpt lat="46.3792592" lon="15.0470514">
      <ele>405.5</ele>
      <time>2060-11-15T23:25:17Z</time>
    </trkpt>
    <trkpt lat="46.379337" lon="15.0470504">
      <ele>405.5</ele>
      <time>2060-11-16T23:27:58Z</time>
    </trkpt>
    <trkpt lat="46.3794136" lon="15.0470426">
      <ele>405.5</ele>
      <time>2060-11-17T23:28:33Z</time>
    </trkpt>
    <trkpt lat="46.3794938" lon="15.0470292">
      <ele>405.5</ele>
      <time>2060-11-18T23:28:33Z</time>
    </trkpt>
    <trkpt lat="46.3795807" lon="15.0470202">
      <ele>405.5</ele>
      <time>2060-11-19T23:46:49Z</time>
    </trkpt>
    <trkpt lat="46.379665" lon="15.0470179">
      <ele>405.5</ele>
      <time>2060-11-20T23:34:34Z</time>
    </trkpt>
    <trkpt lat="46.3797482" lon="15.0470325">
      <ele>405.5</ele>
      <time>2060-11-21T23:43:50Z</time>
    </trkpt>
    <trkpt lat="46.379833" lon="15.047066">
      <ele>405.5</ele>
      <time>2060-11-22T23:32:14Z</time>
    </trkpt>
    <trkpt lat="46.3799115" lon="15.047121">
      <ele>405.5</ele>
      <time>2060-11-23T23:40:00Z</time>
    </trkpt>
    <trkpt lat="46.3799909" lon="15.0471919">
      <ele>405.5</ele>
      <time>2060-11-24T23:32:43Z</time>
    </trkpt>
    <trkpt lat="46.3800654" lon="15.0472654">
      <ele>405.5</ele>
      <time>2060-11-25T23:27:45Z</time>
    </trkpt>
    <trkpt lat="46.3801455" lon="15.0473416">
      <ele>405.5</ele>
      <time>2060-11-26T23:58:58Z</time>
    </trkpt>
    <trkpt lat="46.3802325" lon="15.0474159">
      <ele>405.5</ele>
      <time>2060-11-27T23:46:46Z</time>
    </trkpt>
    <trkpt lat="46.3803195" lon="15.0474842">
      <ele>405.5</ele>
      <time>2060-11-28T23:33:14Z</time>
    </trkpt>
    <trkpt lat="46.380403" lon="15.0475417">
      <ele>405.5</ele>
      <time>2060-11-29T23:40:43Z</time>
    </trkpt>
    <trkpt lat="46.3804881" lon="15.0475996">
      <ele>405.5</ele>
      <time>2060-11-30T23:41:40Z</time>
    </trkpt>
    <trkpt lat="46.3805686" lon="15.0476546">
      <ele>405.5</ele>
      <time>2060-12-01T23:39:07Z</time>
    </trkpt>
    <trkpt lat="46.380646" lon="15.047707">
      <ele>405.5</ele>
      <time>2060-12-02T23:35:46Z</time>
    </trkpt>
    <trkpt lat="46.3807075" lon="15.0477494">
      <ele>405.5</ele>
      <time>2060-12-03T23:36:43Z</time>
    </trkpt>
    <trkpt lat="46.3807636" lon="15.0477915">
      <ele>405.5</ele>
      <time>2060-12-04T23:40:44Z</time>
    </trkpt>
    <trkpt lat="46.3808136" lon="15.0478356">
      <ele>405.5</ele>
      <time>2060-12-05T23:39:14Z</time>
    </trkpt>
    <trkpt lat="46.380838" lon="15.0478581">
      <ele>405.5</ele>
      <time>2060-12-06T23:53:54Z</time>
    </trkpt>
    <trkpt lat="46.3808511" lon="15.0478718">
      <ele>405.5</ele>
      <time>2060-12-07T23:37:56Z</time>
    </trkpt>
    <trkpt lat="46.3808599" lon="15.0478801">
      <ele>405.5</ele>
      <time>2060-12-08T23:41:12Z</time>
    </trkpt>
    <trkpt lat="46.3808718" lon="15.0478906">
      <ele>405.5</ele>
      <time>2060-12-09T23:26:22Z</time>
    </trkpt>
    <trkpt lat="46.3809015" lon="15.0478993">
      <ele>405.5</ele>
      <time>2060-12-10T23:45:33Z</time>
    </trkpt>
    <trkpt lat="46.3809366" lon="15.0478822">
      <ele>405.5</ele>
      <time>2060-12-11T23:44:46Z</time>
    </trkpt>
    <trkpt lat="46.3809733" lon="15.0478357">
      <ele>405.5</ele>
      <time>2060-12-12T23:26:51Z</time>
    </trkpt>
    <trkpt lat="46.3810104" lon="15.0477627">
      <ele>405.5</ele>
      <time>2060-12-12T23:26:51Z</time>
    </trkpt>
    <trkpt lat="46.3810447" lon="15.0476671">
      <ele>405.5</ele>
      <time>2060-12-14T23:29:08Z</time>
    </trkpt>
    <trkpt lat="46.3810694" lon="15.0475628">
      <ele>405.5</ele>
      <time>2060-12-15T23:20:33Z</time>
    </trkpt>
    <trkpt lat="46.3810928" lon="15.0474449">
      <ele>405.5</ele>
      <time>2060-12-16T23:26:17Z</time>
    </trkpt>
    <trkpt lat="46.3811176" lon="15.047318">
      <ele>405.5</ele>
      <time>2060-12-17T23:47:34Z</time>
    </trkpt>
    <trkpt lat="46.3811453" lon="15.0471802">
      <ele>405.5</ele>
      <time>2060-12-18T23:44:11Z</time>
    </trkpt>
    <trkpt lat="46.3811741" lon="15.0470451">
      <ele>405.5</ele>
      <time>2060-12-20T00:02:33Z</time>
    </trkpt>
    <trkpt lat="46.3812056" lon="15.0468987">
      <ele>405.5</ele>
      <time>2060-12-20T23:30:03Z</time>
    </trkpt>
    <trkpt lat="46.3812384" lon="15.0467442">
      <ele>405.5</ele>
      <time>2060-12-21T23:33:42Z</time>
    </trkpt>
    <trkpt lat="46.3812692" lon="15.0465913">
      <ele>405.5</ele>
      <time>2060-12-22T23:42:54Z</time>
    </trkpt>
    <trkpt lat="46.3812986" lon="15.0464405">
      <ele>405.5</ele>
      <time>2060-12-24T00:04:18Z</time>
    </trkpt>
    <trkpt lat="46.3813299" lon="15.0462845">
      <ele>405.5</ele>
      <time>2060-12-24T23:36:56Z</time>
    </trkpt>
    <trkpt lat="46.3813629" lon="15.0461275">
      <ele>405.5</ele>
      <time>2060-12-25T23:39:31Z</time>
    </trkpt>
    <trkpt lat="46.3813977" lon="15.0459584">
      <ele>405.5</ele>
      <time>2060-12-26T23:40:01Z</time>
    </trkpt>
    <trkpt lat="46.3814301" lon="15.0457969">
      <ele>405.5</ele>
      <time>2060-12-27T23:45:26Z</time>
    </trkpt>
    <trkpt lat="46.3814641" lon="15.0456265">
      <ele>405.5</ele>
      <time>2060-12-28T23:33:07Z</time>
    </trkpt>
    <trkpt lat="46.3815008" lon="15.0454515">
      <ele>405.5</ele>
      <time>2060-12-29T23:34:03Z</time>
    </trkpt>
    <trkpt lat="46.3815352" lon="15.0452798">
      <ele>405.5</ele>
      <time>2060-12-30T23:40:48Z</time>
    </trkpt>
    <trkpt lat="46.381568" lon="15.0451148">
      <ele>405.5</ele>
      <time>2060-12-31T23:24:54Z</time>
    </trkpt>
    <trkpt lat="46.3816005" lon="15.0449464">
      <ele>405.5</ele>
      <time>2061-01-01T23:24:58Z</time>
    </trkpt>
    <trkpt lat="46.3816322" lon="15.0447805">
      <ele>405.5</ele>
      <time>2061-01-02T23:38:10Z</time>
    </trkpt>
    <trkpt lat="46.3816636" lon="15.0446083">
      <ele>405.5</ele>
      <time>2061-01-03T23:33:36Z</time>
    </trkpt>
    <trkpt lat="46.3816908" lon="15.0444442">
      <ele>405.5</ele>
      <time>2061-01-04T23:29:41Z</time>
    </trkpt>
    <trkpt lat="46.3817185" lon="15.04427">
      <ele>405.5</ele>
      <time>2061-01-05T23:29:44Z</time>
    </trkpt>
    <trkpt lat="46.3817465" lon="15.0440866">
      <ele>405.5</ele>
      <time>2061-01-06T23:22:01Z</time>
    </trkpt>
    <trkpt lat="46.381771" lon="15.0439044">
      <ele>405.5</ele>
      <time>2061-01-07T23:48:09Z</time>
    </trkpt>
    <trkpt lat="46.3817967" lon="15.0437297">
      <ele>405.5</ele>
      <time>2061-01-08T23:41:00Z</time>
    </trkpt>
    <trkpt lat="46.381823" lon="15.0435693">
      <ele>405.5</ele>
      <time>2061-01-09T23:31:32Z</time>
    </trkpt>
    <trkpt lat="46.3818532" lon="15.0434296">
      <ele>405.5</ele>
      <time>2061-01-10T23:29:38Z</time>
    </trkpt>
    <trkpt lat="46.3818888" lon="15.0432986">
      <ele>405.5</ele>
      <time>2061-01-11T23:34:11Z</time>
    </trkpt>
    <trkpt lat="46.3819321" lon="15.0431875">
      <ele>405.5</ele>
      <time>2061-01-12T23:48:50Z</time>
    </trkpt>
    <trkpt lat="46.3819837" lon="15.0430815">
      <ele>405.5</ele>
      <time>2061-01-13T23:33:27Z</time>
    </trkpt>
    <trkpt lat="46.3820419" lon="15.0429771">
      <ele>405.5</ele>
      <time>2061-01-14T23:31:49Z</time>
    </trkpt>
    <trkpt lat="46.3821012" lon="15.042879">
      <ele>405.5</ele>
      <time>2061-01-15T23:41:58Z</time>
    </trkpt>
    <trkpt lat="46.382157" lon="15.0427901">
      <ele>405.5</ele>
      <time>2061-01-16T23:39:53Z</time>
    </trkpt>
    <trkpt lat="46.3822096" lon="15.042702">
      <ele>405.5</ele>
      <time>2061-01-17T23:36:27Z</time>
    </trkpt>
    <trkpt lat="46.3822596" lon="15.0426201">
      <ele>405.5</ele>
      <time>2061-01-18T23:41:14Z</time>
    </trkpt>
    <trkpt lat="46.3823102" lon="15.042538">
      <ele>405.5</ele>
      <time>2061-01-19T23:17:46Z</time>
    </trkpt>
    <trkpt lat="46.3823559" lon="15.042464">
      <ele>405.5</ele>
      <time>2061-01-20T23:40:18Z</time>
    </trkpt>
    <trkpt lat="46.3824086" lon="15.0423971">
      <ele>405.5</ele>
      <time>2061-01-21T23:19:44Z</time>
    </trkpt>
    <trkpt lat="46.3824697" lon="15.0423294">
      <ele>405.5</ele>
      <time>2061-01-23T00:05:54Z</time>
    </trkpt>
    <trkpt lat="46.3825357" lon="15.042268">
      <ele>405.5</ele>
      <time>2061-01-24T02:09:40Z</time>
    </trkpt>
    <trkpt lat="46.3826119" lon="15.0422122">
      <ele>405.5</ele>
      <time>2061-01-24T23:23:00Z</time>
    </trkpt>
    <trkpt lat="46.3826997" lon="15.04216">
      <ele>405.5</ele>
      <time>2061-01-25T23:39:28Z</time>
    </trkpt>
    <trkpt lat="46.382796" lon="15.0421088">
      <ele>405.5</ele>
      <time>2061-01-26T23:35:52Z</time>
    </trkpt>
    <trkpt lat="46.3829017" lon="15.0420489">
      <ele>405.5</ele>
      <time>2061-01-27T23:31:35Z</time>
    </trkpt>
    <trkpt lat="46.3830019" lon="15.0419901">
      <ele>405.5</ele>
      <time>2061-01-28T23:26:43Z</time>
    </trkpt>
    <trkpt lat="46.3831076" lon="15.0419178">
      <ele>405.5</ele>
      <time>2061-01-29T23:41:57Z</time>
    </trkpt>
    <trkpt lat="46.3832159" lon="15.0418296">
      <ele>405.5</ele>
      <time>2061-01-30T23:30:17Z</time>
    </trkpt>
    <trkpt lat="46.3833207" lon="15.0417325">
      <ele>405.5</ele>
      <time>2061-01-31T23:24:05Z</time>
    </trkpt>
    <trkpt lat="46.3834238" lon="15.0416301">
      <ele>403.71234130859375</ele>
      <time>2061-02-01T23:19:19Z</time>
    </trkpt>
    <trkpt lat="46.3835261" lon="15.0415198">
      <ele>403.54241943359375</ele>
      <time>2061-02-02T23:37:23Z</time>
    </trkpt>
    <trkpt lat="46.3836233" lon="15.0414053">
      <ele>403.76348876953125</ele>
      <time>2061-02-03T23:33:54Z</time>
    </trkpt>
    <trkpt lat="46.3837241" lon="15.0412844">
      <ele>403.81640625</ele>
      <time>2061-02-04T23:50:39Z</time>
    </trkpt>
    <trkpt lat="46.3838166" lon="15.0411686">
      <ele>403.6405029296875</ele>
      <time>2061-02-05T23:37:05Z</time>
    </trkpt>
    <trkpt lat="46.3839111" lon="15.0410464">
      <ele>403.8033447265625</ele>
      <time>2061-02-06T23:25:41Z</time>
    </trkpt>
    <trkpt lat="46.3840056" lon="15.0409188">
      <ele>404.30816650390625</ele>
      <time>2061-02-06T23:25:41Z</time>
    </trkpt>
    <trkpt lat="46.3840949" lon="15.0407915">
      <ele>404.7618408203125</ele>
      <time>2061-02-06T23:25:41Z</time>
    </trkpt>
    <trkpt lat="46.3841802" lon="15.0406598">
      <ele>404.7618408203125</ele>
      <time>2061-02-09T23:29:32Z</time>
    </trkpt>
    <trkpt lat="46.3842651" lon="15.0405176">
      <ele>405.087646484375</ele>
      <time>2061-02-10T23:43:15Z</time>
    </trkpt>
    <trkpt lat="46.3843429" lon="15.0403712">
      <ele>405.4779052734375</ele>
      <time>2061-02-11T23:34:29Z</time>
    </trkpt>
    <trkpt lat="46.384419" lon="15.0402098">
      <ele>406.2978515625</ele>
      <time>2061-02-12T23:11:03Z</time>
    </trkpt>
    <trkpt lat="46.384486" lon="15.0400528">
      <ele>406.39892578125</ele>
      <time>2061-02-13T23:39:29Z</time>
    </trkpt>
    <trkpt lat="46.384549" lon="15.0398851">
      <ele>406.95635986328125</ele>
      <time>2061-02-14T23:48:15Z</time>
    </trkpt>
    <trkpt lat="46.3846043" lon="15.0397088">
      <ele>407.08056640625</ele>
      <time>2061-02-15T23:26:39Z</time>
    </trkpt>
    <trkpt lat="46.3846492" lon="15.0395404">
      <ele>407.3516845703125</ele>
      <time>2061-02-16T23:35:44Z</time>
    </trkpt>
    <trkpt lat="46.3846889" lon="15.0393666">
      <ele>408.046875</ele>
      <time>2061-02-17T23:46:35Z</time>
    </trkpt>
    <trkpt lat="46.384728" lon="15.0391913">
      <ele>408.28289794921875</ele>
      <time>2061-02-18T23:27:52Z</time>
    </trkpt>
    <trkpt lat="46.3847677" lon="15.0390173">
      <ele>408.4957275390625</ele>
      <time>2061-02-19T23:34:28Z</time>
    </trkpt>
    <trkpt lat="46.3848095" lon="15.0388357">
      <ele>408.4522705078125</ele>
      <time>2061-02-20T23:24:05Z</time>
    </trkpt>
    <trkpt lat="46.384851" lon="15.0386685">
      <ele>408.53399658203125</ele>
      <time>2061-02-21T23:50:05Z</time>
    </trkpt>
    <trkpt lat="46.3848945" lon="15.0384992">
      <ele>408.5443115234375</ele>
      <time>2061-02-22T23:40:22Z</time>
    </trkpt>
    <trkpt lat="46.3849398" lon="15.0383286">
      <ele>408.8128662109375</ele>
      <time>2061-02-23T23:40:31Z</time>
    </trkpt>
    <trkpt lat="46.3849832" lon="15.0381671">
      <ele>409.05126953125</ele>
      <time>2061-02-24T23:34:03Z</time>
    </trkpt>
    <trkpt lat="46.3850263" lon="15.0380141">
      <ele>409.2261962890625</ele>
      <time>2061-02-25T23:36:10Z</time>
    </trkpt>
    <trkpt lat="46.3850709" lon="15.0378626">
      <ele>409.33209228515625</ele>
      <time>2061-02-26T23:38:25Z</time>
    </trkpt>
    <trkpt lat="46.385117" lon="15.0377161">
      <ele>409.553955078125</ele>
      <time>2061-02-27T23:35:36Z</time>
    </trkpt>
    <trkpt lat="46.3851663" lon="15.0375702">
      <ele>409.7227783203125</ele>
      <time>2061-02-28T23:38:43Z</time>
    </trkpt>
    <trkpt lat="46.3852198" lon="15.0374418">
      <ele>409.7884521484375</ele>
      <time>2061-03-01T23:47:09Z</time>
    </trkpt>
    <trkpt lat="46.3852813" lon="15.0373202">
      <ele>409.6619873046875</ele>
      <time>2061-03-02T23:33:06Z</time>
    </trkpt>
    <trkpt lat="46.3853496" lon="15.0372221">
      <ele>409.7718505859375</ele>
      <time>2061-03-03T23:29:30Z</time>
    </trkpt>
    <trkpt lat="46.3854165" lon="15.0371528">
      <ele>409.63623046875</ele>
      <time>2061-03-04T23:30:55Z</time>
    </trkpt>
    <trkpt lat="46.3854798" lon="15.0371081">
      <ele>409.6126708984375</ele>
      <time>2061-03-05T23:37:21Z</time>
    </trkpt>
    <trkpt lat="46.3855433" lon="15.0370847">
      <ele>409.4815673828125</ele>
      <time>2061-03-06T23:52:11Z</time>
    </trkpt>
    <trkpt lat="46.3856046" lon="15.0370809">
      <ele>409.313720703125</ele>
      <time>2061-03-07T23:44:14Z</time>
    </trkpt>
    <trkpt lat="46.3856666" lon="15.0371">
      <ele>409.36175537109375</ele>
      <time>2061-03-08T23:43:42Z</time>
    </trkpt>
    <trkpt lat="46.3857229" lon="15.0371186">
      <ele>409.421630859375</ele>
      <time>2061-03-09T23:41:41Z</time>
    </trkpt>
    <trkpt lat="46.3857828" lon="15.0371203">
      <ele>409.553466796875</ele>
      <time>2061-03-10T23:34:35Z</time>
    </trkpt>
    <trkpt lat="46.3858449" lon="15.0370957">
      <ele>409.9749755859375</ele>
      <time>2061-03-11T23:35:17Z</time>
    </trkpt>
    <trkpt lat="46.3859115" lon="15.0370579">
      <ele>409.8480224609375</ele>
      <time>2061-03-12T23:48:41Z</time>
    </trkpt>
    <trkpt lat="46.3859847" lon="15.0370321">
      <ele>409.438232421875</ele>
      <time>2061-03-13T23:47:47Z</time>
    </trkpt>
    <trkpt lat="46.3860706" lon="15.0370177">
      <ele>409.64581298828125</ele>
      <time>2061-03-14T23:51:17Z</time>
    </trkpt>
    <trkpt lat="46.3861635" lon="15.0370269">
      <ele>409.388916015625</ele>
      <time>2061-03-15T23:38:27Z</time>
    </trkpt>
    <trkpt lat="46.3862692" lon="15.0370584">
      <ele>409.17303466796875</ele>
      <time>2061-03-16T23:39:21Z</time>
    </trkpt>
    <trkpt lat="46.3863716" lon="15.0371025">
      <ele>408.876220703125</ele>
      <time>2061-03-17T23:30:04Z</time>
    </trkpt>
    <trkpt lat="46.3864766" lon="15.0371503">
      <ele>408.915771484375</ele>
      <time>2061-03-18T23:50:52Z</time>
    </trkpt>
    <trkpt lat="46.3865854" lon="15.0371943">
      <ele>408.509033203125</ele>
      <time>2061-03-19T23:42:18Z</time>
    </trkpt>
    <trkpt lat="46.3866922" lon="15.0372289">
      <ele>408.47967529296875</ele>
      <time>2061-03-20T23:40:13Z</time>
    </trkpt>
    <trkpt lat="46.3868041" lon="15.0372589">
      <ele>408.2650146484375</ele>
      <time>2061-03-21T23:50:44Z</time>
    </trkpt>
    <trkpt lat="46.3869203" lon="15.0372827">
      <ele>408.4483642578125</ele>
      <time>2061-03-22T23:53:36Z</time>
    </trkpt>
    <trkpt lat="46.3870359" lon="15.0373058">
      <ele>408.439697265625</ele>
      <time>2061-03-23T23:35:08Z</time>
    </trkpt>
    <trkpt lat="46.3871518" lon="15.0373277">
      <ele>408.394287109375</ele>
      <time>2061-03-24T23:25:05Z</time>
    </trkpt>
    <trkpt lat="46.387261" lon="15.0373465">
      <ele>408.5849609375</ele>
      <time>2061-03-25T23:32:41Z</time>
    </trkpt>
    <trkpt lat="46.3873727" lon="15.0373602">
      <ele>408.8126220703125</ele>
      <time>2061-03-26T23:47:38Z</time>
    </trkpt>
    <trkpt lat="46.3874887" lon="15.0373659">
      <ele>408.81451416015625</ele>
      <time>2061-03-27T23:32:09Z</time>
    </trkpt>
    <trkpt lat="46.3875986" lon="15.0373634">
      <ele>409.0328369140625</ele>
      <time>2061-03-28T23:22:19Z</time>
    </trkpt>
    <trkpt lat="46.3877063" lon="15.0373536">
      <ele>409.287841796875</ele>
      <time>2061-03-29T23:36:45Z</time>
    </trkpt>
    <trkpt lat="46.3878166" lon="15.0373382">
      <ele>409.229736328125</ele>
      <time>2061-03-30T23:30:29Z</time>
    </trkpt>
    <trkpt lat="46.3879259" lon="15.0373126">
      <ele>409.21826171875</ele>
      <time>2061-03-31T23:53:17Z</time>
    </trkpt>
    <trkpt lat="46.38804" lon="15.0372781">
      <ele>408.7872314453125</ele>
      <time>2061-04-01T23:39:51Z</time>
    </trkpt>
    <trkpt lat="46.3881471" lon="15.0372326">
      <ele>408.7080078125</ele>
      <time>2061-04-02T23:43:24Z</time>
    </trkpt>
    <trkpt lat="46.3882595" lon="15.0371739">
      <ele>408.3306884765625</ele>
      <time>2061-04-03T23:43:09Z</time>
    </trkpt>
    <trkpt lat="46.3883784" lon="15.0371059">
      <ele>408.259033203125</ele>
      <time>2061-04-04T23:47:26Z</time>
    </trkpt>
    <trkpt lat="46.3884949" lon="15.0370291">
      <ele>407.80596923828125</ele>
      <time>2061-04-05T23:29:50Z</time>
    </trkpt>
    <trkpt lat="46.3886167" lon="15.0369355">
      <ele>407.2578125</ele>
      <time>2061-04-06T23:30:57Z</time>
    </trkpt>
    <trkpt lat="46.3887395" lon="15.0368269">
      <ele>406.5341796875</ele>
      <time>2061-04-07T23:21:38Z</time>
    </trkpt>
    <trkpt lat="46.3888631" lon="15.0367022">
      <ele>406.5643310546875</ele>
      <time>2061-04-08T23:36:56Z</time>
    </trkpt>
    <trkpt lat="46.3889893" lon="15.0365695">
      <ele>405.9102783203125</ele>
      <time>2061-04-09T23:38:47Z</time>
    </trkpt>
    <trkpt lat="46.3891054" lon="15.0364426">
      <ele>405.4892578125</ele>
      <time>2061-04-10T23:32:17Z</time>
    </trkpt>
    <trkpt lat="46.389228" lon="15.0363106">
      <ele>405.1806640625</ele>
      <time>2061-04-11T23:34:24Z</time>
    </trkpt>
    <trkpt lat="46.3893566" lon="15.0361765">
      <ele>404.9168701171875</ele>
      <time>2061-04-12T23:32:06Z</time>
    </trkpt>
    <trkpt lat="46.389481" lon="15.0360504">
      <ele>404.77685546875</ele>
      <time>2061-04-13T23:23:44Z</time>
    </trkpt>
    <trkpt lat="46.3896108" lon="15.035925">
      <ele>404.4703369140625</ele>
      <time>2061-04-14T23:45:22Z</time>
    </trkpt>
    <trkpt lat="46.3897419" lon="15.0358062">
      <ele>404.4776611328125</ele>
      <time>2061-04-15T23:37:11Z</time>
    </trkpt>
    <trkpt lat="46.3898759" lon="15.0356898">
      <ele>404.525634765625</ele>
      <time>2061-04-16T23:58:04Z</time>
    </trkpt>
    <trkpt lat="46.3900162" lon="15.0355722">
      <ele>404.49609375</ele>
      <time>2061-04-17T23:42:13Z</time>
    </trkpt>
    <trkpt lat="46.3901475" lon="15.0354632">
      <ele>404.77490234375</ele>
      <time>2061-04-18T23:55:51Z</time>
    </trkpt>
    <trkpt lat="46.3902834" lon="15.0353481">
      <ele>404.7861328125</ele>
      <time>2061-04-19T23:51:39Z</time>
    </trkpt>
    <trkpt lat="46.3904227" lon="15.0352305">
      <ele>405.04083251953125</ele>
      <time>2061-04-20T23:43:37Z</time>
    </trkpt>
    <trkpt lat="46.3905545" lon="15.0351191">
      <ele>404.9713134765625</ele>
      <time>2061-04-21T23:39:23Z</time>
    </trkpt>
    <trkpt lat="46.3906878" lon="15.0350071">
      <ele>405.0242919921875</ele>
      <time>2061-04-22T23:46:53Z</time>
    </trkpt>
    <trkpt lat="46.390823" lon="15.0348952">
      <ele>405.277587890625</ele>
      <time>2061-04-23T23:36:59Z</time>
    </trkpt>
    <trkpt lat="46.390959" lon="15.0347914">
      <ele>405.76422119140625</ele>
      <time>2061-04-24T23:36:56Z</time>
    </trkpt>
    <trkpt lat="46.3911027" lon="15.0347063">
      <ele>406.13623046875</ele>
      <time>2061-04-25T23:38:57Z</time>
    </trkpt>
    <trkpt lat="46.3912419" lon="15.0346544">
      <ele>406.87060546875</ele>
      <time>2061-04-26T23:31:53Z</time>
    </trkpt>
    <trkpt lat="46.3913893" lon="15.0346353">
      <ele>407.569580078125</ele>
      <time>2061-04-27T23:44:08Z</time>
    </trkpt>
    <trkpt lat="46.391537" lon="15.0346468">
      <ele>408.27618408203125</ele>
      <time>2061-04-28T23:26:40Z</time>
    </trkpt>
    <trkpt lat="46.3916698" lon="15.0346876">
      <ele>408.71685791015625</ele>
      <time>2061-04-29T23:54:28Z</time>
    </trkpt>
    <trkpt lat="46.3918014" lon="15.0347419">
      <ele>409.090087890625</ele>
      <time>2061-04-30T23:31:27Z</time>
    </trkpt>
    <trkpt lat="46.3919317" lon="15.0348024">
      <ele>409.609619140625</ele>
      <time>2061-05-01T23:22:31Z</time>
    </trkpt>
    <trkpt lat="46.3920649" lon="15.0348607">
      <ele>409.961181640625</ele>
      <time>2061-05-02T23:15:04Z</time>
    </trkpt>
    <trkpt lat="46.3921938" lon="15.0349041">
      <ele>410.82470703125</ele>
      <time>2061-05-03T23:12:16Z</time>
    </trkpt>
    <trkpt lat="46.3923292" lon="15.0349206">
      <ele>409.2171630859375</ele>
      <time>2061-05-05T00:54:16Z</time>
    </trkpt>
    <trkpt lat="46.3924612" lon="15.034911">
      <ele>409.822998046875</ele>
      <time>2061-05-05T23:14:13Z</time>
    </trkpt>
    <trkpt lat="46.392589" lon="15.0348779">
      <ele>410.214111328125</ele>
      <time>2061-05-05T23:14:13Z</time>
    </trkpt>
    <trkpt lat="46.3927097" lon="15.034801">
      <ele>411.87188720703125</ele>
      <time>2061-05-05T23:14:13Z</time>
    </trkpt>
    <trkpt lat="46.3928229" lon="15.0346866">
      <ele>411.87188720703125</ele>
      <time>2061-05-08T23:39:20Z</time>
    </trkpt>
    <trkpt lat="46.3950358" lon="15.0322389">
      <ele>416.46014404296875</ele>
      <time>2061-05-08T23:39:20Z</time>
    </trkpt>
    <trkpt lat="46.395129" lon="15.032083">
      <ele>424.9000244140625</ele>
      <time>2061-05-08T23:39:20Z</time>
    </trkpt>
    <trkpt lat="46.3952377" lon="15.0320317">
      <ele>424.9000244140625</ele>
      <time>2061-06-01T23:10:20Z</time>
    </trkpt>
    <trkpt lat="46.3953515" lon="15.0319618">
      <ele>424.9000244140625</ele>
      <time>2061-06-02T23:19:25Z</time>
    </trkpt>
    <trkpt lat="46.3954685" lon="15.031865">
      <ele>424.9000244140625</ele>
      <time>2061-06-03T23:20:19Z</time>
    </trkpt>
    <trkpt lat="46.395585" lon="15.0317711">
      <ele>424.9000244140625</ele>
      <time>2061-06-04T23:13:25Z</time>
    </trkpt>
    <trkpt lat="46.395703" lon="15.0316831">
      <ele>424.9000244140625</ele>
      <time>2061-06-05T23:15:10Z</time>
    </trkpt>
    <trkpt lat="46.3958105" lon="15.0315903">
      <ele>424.9000244140625</ele>
      <time>2061-06-06T23:20:28Z</time>
    </trkpt>
    <trkpt lat="46.3959233" lon="15.0315012">
      <ele>424.9000244140625</ele>
      <time>2061-06-07T23:21:09Z</time>
    </trkpt>
    <trkpt lat="46.3960287" lon="15.0313921">
      <ele>424.9000244140625</ele>
      <time>2061-06-08T23:30:09Z</time>
    </trkpt>
    <trkpt lat="46.3961216" lon="15.0312774">
      <ele>424.9000244140625</ele>
      <time>2061-06-09T23:25:06Z</time>
    </trkpt>
    <trkpt lat="46.3962138" lon="15.031144">
      <ele>424.9000244140625</ele>
      <time>2061-06-09T23:25:06Z</time>
    </trkpt>
    <trkpt lat="46.3963" lon="15.0310177">
      <ele>424.9000244140625</ele>
      <time>2061-06-11T23:30:01Z</time>
    </trkpt>
    <trkpt lat="46.3963809" lon="15.0308856">
      <ele>424.9000244140625</ele>
      <time>2061-06-12T23:53:52Z</time>
    </trkpt>
    <trkpt lat="46.3964687" lon="15.0307554">
      <ele>424.9000244140625</ele>
      <time>2061-06-13T23:27:56Z</time>
    </trkpt>
    <trkpt lat="46.396556" lon="15.0306194">
      <ele>424.9000244140625</ele>
      <time>2061-06-14T23:22:51Z</time>
    </trkpt>
    <trkpt lat="46.3966335" lon="15.0304808">
      <ele>424.9000244140625</ele>
      <time>2061-06-15T23:29:37Z</time>
    </trkpt>
    <trkpt lat="46.3967174" lon="15.0303407">
      <ele>424.9000244140625</ele>
      <time>2061-06-16T23:34:17Z</time>
    </trkpt>
    <trkpt lat="46.3967937" lon="15.0302">
      <ele>424.9000244140625</ele>
      <time>2061-06-17T23:19:05Z</time>
    </trkpt>
    <trkpt lat="46.3968729" lon="15.030057">
      <ele>424.9000244140625</ele>
      <time>2061-06-18T23:32:00Z</time>
    </trkpt>
    <trkpt lat="46.3969454" lon="15.0299176">
      <ele>424.9000244140625</ele>
      <time>2061-06-19T23:26:23Z</time>
    </trkpt>
    <trkpt lat="46.3970128" lon="15.0297789">
      <ele>424.9000244140625</ele>
      <time>2061-06-20T23:19:44Z</time>
    </trkpt>
    <trkpt lat="46.3970851" lon="15.0296407">
      <ele>424.9000244140625</ele>
      <time>2061-06-21T23:21:00Z</time>
    </trkpt>
    <trkpt lat="46.3971555" lon="15.0295018">
      <ele>424.9000244140625</ele>
      <time>2061-06-22T23:19:41Z</time>
    </trkpt>
    <trkpt lat="46.3972313" lon="15.0293628">
      <ele>424.9000244140625</ele>
      <time>2061-06-23T23:17:58Z</time>
    </trkpt>
    <trkpt lat="46.397308" lon="15.0292182">
      <ele>424.9000244140625</ele>
      <time>2061-06-24T23:18:52Z</time>
    </trkpt>
    <trkpt lat="46.3973837" lon="15.0290823">
      <ele>424.9000244140625</ele>
      <time>2061-06-25T23:43:09Z</time>
    </trkpt>
    <trkpt lat="46.3974577" lon="15.0289498">
      <ele>424.9000244140625</ele>
      <time>2061-06-26T23:29:59Z</time>
    </trkpt>
    <trkpt lat="46.3975329" lon="15.0288119">
      <ele>424.9000244140625</ele>
      <time>2061-06-27T23:33:05Z</time>
    </trkpt>
    <trkpt lat="46.3976051" lon="15.0286758">
      <ele>424.9000244140625</ele>
      <time>2061-06-28T23:17:46Z</time>
    </trkpt>
    <trkpt lat="46.3976811" lon="15.0285341">
      <ele>424.9000244140625</ele>
      <time>2061-06-29T23:25:31Z</time>
    </trkpt>
    <trkpt lat="46.3977546" lon="15.0284021">
      <ele>424.9000244140625</ele>
      <time>2061-06-30T23:48:11Z</time>
    </trkpt>
    <trkpt lat="46.3978297" lon="15.0282554">
      <ele>424.9000244140625</ele>
      <time>2061-07-01T23:23:56Z</time>
    </trkpt>
    <trkpt lat="46.3978949" lon="15.028105">
      <ele>424.9000244140625</ele>
      <time>2061-07-02T23:35:41Z</time>
    </trkpt>
    <trkpt lat="46.3979429" lon="15.0279444">
      <ele>424.9000244140625</ele>
      <time>2061-07-03T23:23:36Z</time>
    </trkpt>
    <trkpt lat="46.3979878" lon="15.0277804">
      <ele>424.9000244140625</ele>
      <time>2061-07-04T23:31:25Z</time>
    </trkpt>
    <trkpt lat="46.3980366" lon="15.0276201">
      <ele>424.9000244140625</ele>
      <time>2061-07-05T23:55:25Z</time>
    </trkpt>
    <trkpt lat="46.3980908" lon="15.0274661">
      <ele>424.9000244140625</ele>
      <time>2061-07-06T23:40:22Z</time>
    </trkpt>
    <trkpt lat="46.3981432" lon="15.0273148">
      <ele>424.9000244140625</ele>
      <time>2061-07-07T23:36:47Z</time>
    </trkpt>
    <trkpt lat="46.3981939" lon="15.0271706">
      <ele>424.9000244140625</ele>
      <time>2061-07-08T23:21:41Z</time>
    </trkpt>
    <trkpt lat="46.3982432" lon="15.0270381">
      <ele>424.9000244140625</ele>
      <time>2061-07-09T23:24:01Z</time>
    </trkpt>
    <trkpt lat="46.3982948" lon="15.0269013">
      <ele>424.9000244140625</ele>
      <time>2061-07-10T23:43:25Z</time>
    </trkpt>
    <trkpt lat="46.3983428" lon="15.0267554">
      <ele>424.9000244140625</ele>
      <time>2061-07-11T23:32:50Z</time>
    </trkpt>
    <trkpt lat="46.3983975" lon="15.0266119">
      <ele>424.9000244140625</ele>
      <time>2061-07-12T23:26:44Z</time>
    </trkpt>
    <trkpt lat="46.3984585" lon="15.0264638">
      <ele>424.9000244140625</ele>
      <time>2061-07-13T23:38:22Z</time>
    </trkpt>
    <trkpt lat="46.3985032" lon="15.0263002">
      <ele>424.9000244140625</ele>
      <time>2061-07-14T23:38:56Z</time>
    </trkpt>
    <trkpt lat="46.3985473" lon="15.0261354">
      <ele>424.9000244140625</ele>
      <time>2061-07-15T23:45:00Z</time>
    </trkpt>
    <trkpt lat="46.3985812" lon="15.0259548">
      <ele>424.9000244140625</ele>
      <time>2061-07-16T23:27:31Z</time>
    </trkpt>
    <trkpt lat="46.3986104" lon="15.0257672">
      <ele>424.9000244140625</ele>
      <time>2061-07-17T23:23:26Z</time>
    </trkpt>
    <trkpt lat="46.3986384" lon="15.0255744">
      <ele>424.9000244140625</ele>
      <time>2061-07-18T23:21:33Z</time>
    </trkpt>
    <trkpt lat="46.3986694" lon="15.0253813">
      <ele>424.9000244140625</ele>
      <time>2061-07-19T23:35:20Z</time>
    </trkpt>
    <trkpt lat="46.3986991" lon="15.0251752">
      <ele>424.9000244140625</ele>
      <time>2061-07-20T23:34:36Z</time>
    </trkpt>
    <trkpt lat="46.3987399" lon="15.024971">
      <ele>424.9000244140625</ele>
      <time>2061-07-21T23:30:02Z</time>
    </trkpt>
    <trkpt lat="46.3987866" lon="15.0247674">
      <ele>424.9000244140625</ele>
      <time>2061-07-22T23:26:23Z</time>
    </trkpt>
    <trkpt lat="46.3988245" lon="15.0245699">
      <ele>424.9000244140625</ele>
      <time>2061-07-23T23:22:44Z</time>
    </trkpt>
    <trkpt lat="46.3988735" lon="15.0243721">
      <ele>424.9000244140625</ele>
      <time>2061-07-24T23:21:33Z</time>
    </trkpt>
    <trkpt lat="46.3989193" lon="15.0241725">
      <ele>424.9000244140625</ele>
      <time>2061-07-25T23:29:44Z</time>
    </trkpt>
    <trkpt lat="46.3989655" lon="15.023986">
      <ele>424.9000244140625</ele>
      <time>2061-07-26T23:21:59Z</time>
    </trkpt>
    <trkpt lat="46.3990131" lon="15.0237917">
      <ele>424.9000244140625</ele>
      <time>2061-07-27T23:26:05Z</time>
    </trkpt>
    <trkpt lat="46.3990565" lon="15.0236062">
      <ele>424.9000244140625</ele>
      <time>2061-07-28T23:25:27Z</time>
    </trkpt>
    <trkpt lat="46.3991013" lon="15.0234261">
      <ele>424.9000244140625</ele>
      <time>2061-07-29T23:20:26Z</time>
    </trkpt>
    <trkpt lat="46.3991458" lon="15.0232574">
      <ele>424.9000244140625</ele>
      <time>2061-07-30T23:27:01Z</time>
    </trkpt>
    <trkpt lat="46.3991874" lon="15.0230922">
      <ele>424.9000244140625</ele>
      <time>2061-07-31T23:25:13Z</time>
    </trkpt>
    <trkpt lat="46.3992275" lon="15.0229265">
      <ele>424.9000244140625</ele>
      <time>2061-08-01T23:41:55Z</time>
    </trkpt>
    <trkpt lat="46.3992751" lon="15.0227722">
      <ele>424.9000244140625</ele>
      <time>2061-08-02T23:32:57Z</time>
    </trkpt>
    <trkpt lat="46.3993381" lon="15.0226307">
      <ele>424.9000244140625</ele>
      <time>2061-08-03T23:32:51Z</time>
    </trkpt>
    <trkpt lat="46.3994161" lon="15.0225031">
      <ele>424.9000244140625</ele>
      <time>2061-08-04T23:29:50Z</time>
    </trkpt>
    <trkpt lat="46.3995" lon="15.0223947">
      <ele>424.9000244140625</ele>
      <time>2061-08-05T23:21:36Z</time>
    </trkpt>
    <trkpt lat="46.3995861" lon="15.0222835">
      <ele>424.9000244140625</ele>
      <time>2061-08-06T23:27:10Z</time>
    </trkpt>
    <trkpt lat="46.3996809" lon="15.0221968">
      <ele>424.9000244140625</ele>
      <time>2061-08-07T23:27:31Z</time>
    </trkpt>
    <trkpt lat="46.399791" lon="15.0221356">
      <ele>424.9000244140625</ele>
      <time>2061-08-08T23:38:29Z</time>
    </trkpt>
    <trkpt lat="46.3999021" lon="15.0220723">
      <ele>424.9000244140625</ele>
      <time>2061-08-09T23:31:05Z</time>
    </trkpt>
    <trkpt lat="46.4000043" lon="15.0220015">
      <ele>424.9000244140625</ele>
      <time>2061-08-10T23:18:57Z</time>
    </trkpt>
    <trkpt lat="46.4001172" lon="15.0219271">
      <ele>424.9000244140625</ele>
      <time>2061-08-11T23:25:15Z</time>
    </trkpt>
    <trkpt lat="46.4002197" lon="15.0218383">
      <ele>424.9000244140625</ele>
      <time>2061-08-12T23:29:58Z</time>
    </trkpt>
    <trkpt lat="46.4003151" lon="15.021731">
      <ele>424.9000244140625</ele>
      <time>2061-08-13T23:33:05Z</time>
    </trkpt>
    <trkpt lat="46.4004068" lon="15.0216052">
      <ele>424.9000244140625</ele>
      <time>2061-08-14T23:22:24Z</time>
    </trkpt>
    <trkpt lat="46.4004958" lon="15.021469">
      <ele>424.9000244140625</ele>
      <time>2061-08-15T23:36:34Z</time>
    </trkpt>
    <trkpt lat="46.4005871" lon="15.0213329">
      <ele>424.9000244140625</ele>
      <time>2061-08-16T23:33:23Z</time>
    </trkpt>
    <trkpt lat="46.4006767" lon="15.0211969">
      <ele>424.9000244140625</ele>
      <time>2061-08-17T23:30:57Z</time>
    </trkpt>
    <trkpt lat="46.4007639" lon="15.0210661">
      <ele>424.9000244140625</ele>
      <time>2061-08-18T23:16:16Z</time>
    </trkpt>
    <trkpt lat="46.4008515" lon="15.0209417">
      <ele>424.9000244140625</ele>
      <time>2061-08-19T23:39:17Z</time>
    </trkpt>
    <trkpt lat="46.4009373" lon="15.0208186">
      <ele>424.9000244140625</ele>
      <time>2061-08-20T23:14:09Z</time>
    </trkpt>
    <trkpt lat="46.4010204" lon="15.0207002">
      <ele>424.9000244140625</ele>
      <time>2061-08-21T23:42:35Z</time>
    </trkpt>
    <trkpt lat="46.4011157" lon="15.020592">
      <ele>424.9000244140625</ele>
      <time>2061-08-22T23:46:53Z</time>
    </trkpt>
    <trkpt lat="46.4012124" lon="15.0204986">
      <ele>424.9000244140625</ele>
      <time>2061-08-23T23:11:53Z</time>
    </trkpt>
    <trkpt lat="46.4013166" lon="15.0204088">
      <ele>424.9000244140625</ele>
      <time>2061-08-24T23:21:42Z</time>
    </trkpt>
    <trkpt lat="46.4014151" lon="15.0203184">
      <ele>424.9000244140625</ele>
      <time>2061-08-25T23:29:46Z</time>
    </trkpt>
    <trkpt lat="46.4015072" lon="15.0202371">
      <ele>424.9000244140625</ele>
      <time>2061-08-26T23:24:37Z</time>
    </trkpt>
    <trkpt lat="46.4015894" lon="15.0201628">
      <ele>424.9000244140625</ele>
      <time>2061-08-27T23:28:53Z</time>
    </trkpt>
    <trkpt lat="46.4016642" lon="15.0201015">
      <ele>426.3525390625</ele>
      <time>2061-08-28T23:08:30Z</time>
    </trkpt>
    <trkpt lat="46.4017272" lon="15.0200472">
      <ele>426.67950439453125</ele>
      <time>2061-08-29T23:31:17Z</time>
    </trkpt>
    <trkpt lat="46.4017853" lon="15.0199897">
      <ele>426.6513671875</ele>
      <time>2061-08-30T23:15:07Z</time>
    </trkpt>
    <trkpt lat="46.4018406" lon="15.0199345">
      <ele>426.449951171875</ele>
      <time>2061-08-31T23:19:16Z</time>
    </trkpt>
    <trkpt lat="46.4018975" lon="15.0198802">
      <ele>427.0361328125</ele>
      <time>2061-09-01T23:08:58Z</time>
    </trkpt>
    <trkpt lat="46.4019612" lon="15.0198264">
      <ele>427.174072265625</ele>
      <time>2061-09-02T23:21:17Z</time>
    </trkpt>
    <trkpt lat="46.4020292" lon="15.0197973">
      <ele>427.2430419921875</ele>
      <time>2061-09-03T23:06:36Z</time>
    </trkpt>
    <trkpt lat="46.4020945" lon="15.0197701">
      <ele>427.5833740234375</ele>
      <time>2061-09-04T23:36:30Z</time>
    </trkpt>
    <trkpt lat="46.4021566" lon="15.0197473">
      <ele>427.9244384765625</ele>
      <time>2061-09-05T23:42:57Z</time>
    </trkpt>
    <trkpt lat="46.4022252" lon="15.0197232">
      <ele>428.59234619140625</ele>
      <time>2061-09-05T23:42:57Z</time>
    </trkpt>
    <trkpt lat="46.4023001" lon="15.0197019">
      <ele>428.5712890625</ele>
      <time>2061-09-05T23:42:57Z</time>
    </trkpt>
    <trkpt lat="46.4023805" lon="15.019683">
      <ele>428.5712890625</ele>
      <time>2061-09-08T23:29:41Z</time>
    </trkpt>
    <trkpt lat="46.4024576" lon="15.019666">
      <ele>430.033447265625</ele>
      <time>2061-09-08T23:29:41Z</time>
    </trkpt>
    <trkpt lat="46.4025307" lon="15.0196613">
      <ele>429.9605712890625</ele>
      <time>2061-09-08T23:29:41Z</time>
    </trkpt>
    <trkpt lat="46.4025957" lon="15.0196698">
      <ele>430.586669921875</ele>
      <time>2061-09-08T23:29:41Z</time>
    </trkpt>
    <trkpt lat="46.4026584" lon="15.0196794">
      <ele>431.2308349609375</ele>
      <time>2061-09-08T23:29:41Z</time>
    </trkpt>
    <trkpt lat="46.4027319" lon="15.0197137">
      <ele>431.28961181640625</ele>
      <time>2061-09-08T23:29:41Z</time>
    </trkpt>
    <trkpt lat="46.4027913" lon="15.0197448">
      <ele>431.98199462890625</ele>
      <time>2061-09-08T23:29:41Z</time>
    </trkpt>
    <trkpt lat="46.4028377" lon="15.0197905">
      <ele>433.4163818359375</ele>
      <time>2061-09-08T23:29:41Z</time>
    </trkpt>
    <trkpt lat="46.4028879" lon="15.0198481">
      <ele>434.0411376953125</ele>
      <time>2061-09-08T23:29:41Z</time>
    </trkpt>
    <trkpt lat="46.4029352" lon="15.0199098">
      <ele>435.10888671875</ele>
      <time>2061-09-08T23:29:41Z</time>
    </trkpt>
    <trkpt lat="46.4029786" lon="15.0199773">
      <ele>435.3966064453125</ele>
      <time>2061-09-08T23:29:41Z</time>
    </trkpt>
    <trkpt lat="46.4030428" lon="15.0200822">
      <ele>435.2962646484375</ele>
      <time>2061-09-08T23:29:41Z</time>
    </trkpt>
    <trkpt lat="46.4030996" lon="15.0201659">
      <ele>435.21722412109375</ele>
      <time>2061-09-08T23:29:41Z</time>
    </trkpt>
    <trkpt lat="46.4031517" lon="15.0202449">
      <ele>435.2059326171875</ele>
      <time>2061-09-08T23:29:41Z</time>
    </trkpt>
    <trkpt lat="46.4032053" lon="15.0203397">
      <ele>435.71221923828125</ele>
      <time>2061-09-08T23:29:41Z</time>
    </trkpt>
    <trkpt lat="46.4032701" lon="15.0204185">
      <ele>435.5068359375</ele>
      <time>2061-09-08T23:29:41Z</time>
    </trkpt>
    <trkpt lat="46.4033415" lon="15.0204972">
      <ele>435.03466796875</ele>
      <time>2061-09-08T23:29:41Z</time>
    </trkpt>
    <trkpt lat="46.4033961" lon="15.0205395">
      <ele>434.3367919921875</ele>
      <time>2061-09-08T23:29:41Z</time>
    </trkpt>
    <trkpt lat="46.4034547" lon="15.0205623">
      <ele>433.739013671875</ele>
      <time>2061-09-08T23:29:41Z</time>
    </trkpt>
    <trkpt lat="46.4035164" lon="15.0206041">
      <ele>433.8809814453125</ele>
      <time>2061-09-08T23:29:41Z</time>
    </trkpt>
    <trkpt lat="46.4035952" lon="15.020676">
      <ele>434.46307373046875</ele>
      <time>2061-09-08T23:29:41Z</time>
    </trkpt>
    <trkpt lat="46.4036685" lon="15.0207339">
      <ele>435.31072998046875</ele>
      <time>2061-09-08T23:29:41Z</time>
    </trkpt>
    <trkpt lat="46.4037284" lon="15.0208035">
      <ele>436.9307861328125</ele>
      <time>2061-09-08T23:29:41Z</time>
    </trkpt>
    <trkpt lat="46.403772" lon="15.0208586">
      <ele>437.3310546875</ele>
      <time>2061-09-08T23:29:41Z</time>
    </trkpt>
    <trkpt lat="46.4038052" lon="15.0209136">
      <ele>437.87353515625</ele>
      <time>2061-09-08T23:29:41Z</time>
    </trkpt>
    <trkpt lat="46.4038294" lon="15.0209416">
      <ele>437.87353515625</ele>
      <time>2061-10-03T23:23:50Z</time>
    </trkpt>
    <trkpt lat="46.4038639" lon="15.0209777">
      <ele>438.9083251953125</ele>
      <time>2061-10-04T23:10:53Z</time>
    </trkpt>
    <trkpt lat="46.4039149" lon="15.0210376">
      <ele>441.9769287109375</ele>
      <time>2061-10-05T23:08:54Z</time>
    </trkpt>
    <trkpt lat="46.4039641" lon="15.0211045">
      <ele>441.69305419921875</ele>
      <time>2061-10-06T23:39:07Z</time>
    </trkpt>
    <trkpt lat="46.404021" lon="15.0211758">
      <ele>443.0950927734375</ele>
      <time>2061-10-06T23:39:07Z</time>
    </trkpt>
    <trkpt lat="46.4040906" lon="15.021247">
      <ele>443.521484375</ele>
      <time>2061-10-06T23:39:07Z</time>
    </trkpt>
    <trkpt lat="46.4041433" lon="15.021274">
      <ele>443.4840087890625</ele>
      <time>2061-10-06T23:39:07Z</time>
    </trkpt>
    <trkpt lat="46.4041986" lon="15.0212804">
      <ele>444.3031005859375</ele>
      <time>2061-10-06T23:39:07Z</time>
    </trkpt>
    <trkpt lat="46.4042633" lon="15.0212118">
      <ele>445.2520751953125</ele>
      <time>2061-10-06T23:39:07Z</time>
    </trkpt>
    <trkpt lat="46.4042985" lon="15.0211465">
      <ele>445.571044921875</ele>
      <time>2061-10-06T23:39:07Z</time>
    </trkpt>
    <trkpt lat="46.4043315" lon="15.0210439">
      <ele>445.46002197265625</ele>
      <time>2061-10-06T23:39:07Z</time>
    </trkpt>
    <trkpt lat="46.4043401" lon="15.0209752">
      <ele>445.47607421875</ele>
      <time>2061-10-06T23:39:07Z</time>
    </trkpt>
    <trkpt lat="46.4043484" lon="15.0207857">
      <ele>445.47607421875</ele>
      <time>2061-10-15T23:41:13Z</time>
    </trkpt>
    <trkpt lat="46.4043422" lon="15.0206681">
      <ele>447.06378173828125</ele>
      <time>2061-10-15T23:41:13Z</time>
    </trkpt>
    <trkpt lat="46.4043326" lon="15.0205441">
      <ele>449.126708984375</ele>
      <time>2061-10-15T23:41:13Z</time>
    </trkpt>
    <trkpt lat="46.4043124" lon="15.020409">
      <ele>449.54736328125</ele>
      <time>2061-10-15T23:41:13Z</time>
    </trkpt>
    <trkpt lat="46.4042855" lon="15.020284">
      <ele>449.54736328125</ele>
      <time>2061-10-19T23:27:43Z</time>
    </trkpt>
    <trkpt lat="46.4042639" lon="15.0201716">
      <ele>449.728515625</ele>
      <time>2061-10-21T01:49:48Z</time>
    </trkpt>
    <trkpt lat="46.404251" lon="15.0200593">
      <ele>451.8568115234375</ele>
      <time>2061-10-21T01:49:48Z</time>
    </trkpt>
    <trkpt lat="46.4042492" lon="15.019958">
      <ele>451.8568115234375</ele>
      <time>2061-10-22T23:19:47Z</time>
    </trkpt>
    <trkpt lat="46.4042512" lon="15.0198561">
      <ele>452.620361328125</ele>
      <time>2061-10-23T23:41:06Z</time>
    </trkpt>
    <trkpt lat="46.404264" lon="15.0197504">
      <ele>453.10028076171875</ele>
      <time>2061-10-24T23:20:54Z</time>
    </trkpt>
    <trkpt lat="46.4042743" lon="15.0196544">
      <ele>453.5098876953125</ele>
      <time>2061-10-25T23:25:11Z</time>
    </trkpt>
    <trkpt lat="46.4043035" lon="15.0195767">
      <ele>454.78125</ele>
      <time>2061-10-26T23:33:18Z</time>
    </trkpt>
    <trkpt lat="46.4043324" lon="15.019496">
      <ele>456.4349365234375</ele>
      <time>2061-10-26T23:33:18Z</time>
    </trkpt>
    <trkpt lat="46.4043671" lon="15.019436">
      <ele>456.566650390625</ele>
      <time>2061-10-26T23:33:18Z</time>
    </trkpt>
    <trkpt lat="46.4044137" lon="15.0193949">
      <ele>456.566650390625</ele>
      <time>2061-10-29T23:12:02Z</time>
    </trkpt>
    <trkpt lat="46.4044504" lon="15.0193632">
      <ele>456.14306640625</ele>
      <time>2061-10-29T23:12:02Z</time>
    </trkpt>
    <trkpt lat="46.4045" lon="15.0193419">
      <ele>456.34130859375</ele>
      <time>2061-10-29T23:12:02Z</time>
    </trkpt>
    <trkpt lat="46.4045524" lon="15.0193337">
      <ele>456.8873291015625</ele>
      <time>2061-10-29T23:12:02Z</time>
    </trkpt>
    <trkpt lat="46.4045949" lon="15.0193285">
      <ele>457.528076171875</ele>
      <time>2061-10-29T23:12:02Z</time>
    </trkpt>
    <trkpt lat="46.4046409" lon="15.0193325">
      <ele>457.7138671875</ele>
      <time>2061-10-29T23:12:02Z</time>
    </trkpt>
    <trkpt lat="46.4046786" lon="15.0193342">
      <ele>457.17242431640625</ele>
      <time>2061-10-29T23:12:02Z</time>
    </trkpt>
    <trkpt lat="46.4047001" lon="15.0193348">
      <ele>457.17242431640625</ele>
      <time>2061-11-05T23:45:33Z</time>
    </trkpt>
    <trkpt lat="46.404719" lon="15.0193348">
      <ele>457.2894287109375</ele>
      <time>2061-11-06T23:33:08Z</time>
    </trkpt>
    <trkpt lat="46.4047455" lon="15.0193423">
      <ele>457.7283935546875</ele>
      <time>2061-11-07T23:25:22Z</time>
    </trkpt>
    <trkpt lat="46.4047734" lon="15.0193436">
      <ele>458.8983154296875</ele>
      <time>2061-11-08T23:24:31Z</time>
    </trkpt>
    <trkpt lat="46.4048014" lon="15.0193524">
      <ele>458.3861083984375</ele>
      <time>2061-11-09T23:10:30Z</time>
    </trkpt>
    <trkpt lat="46.4048262" lon="15.0193671">
      <ele>458.7327880859375</ele>
      <time>2061-11-10T23:50:34Z</time>
    </trkpt>
    <trkpt lat="46.4048445" lon="15.0193805">
      <ele>459.5162353515625</ele>
      <time>2061-11-11T23:23:35Z</time>
    </trkpt>
    <trkpt lat="46.4048582" lon="15.0193857">
      <ele>460.528076171875</ele>
      <time>2061-11-11T23:23:35Z</time>
    </trkpt>
    <trkpt lat="46.4048712" lon="15.0193816">
      <ele>461.0048828125</ele>
      <time>2061-11-11T23:23:35Z</time>
    </trkpt>
    <trkpt lat="46.4048845" lon="15.0193615">
      <ele>461.305419921875</ele>
      <time>2061-11-11T23:23:35Z</time>
    </trkpt>
    <trkpt lat="46.4048937" lon="15.0193297">
      <ele>461.9046630859375</ele>
      <time>2061-11-11T23:23:35Z</time>
    </trkpt>
    <trkpt lat="46.4048981" lon="15.0193005">
      <ele>461.9046630859375</ele>
      <time>2061-11-16T23:20:57Z</time>
    </trkpt>
    <trkpt lat="46.4049031" lon="15.0192751">
      <ele>461.2708740234375</ele>
      <time>2061-11-16T23:20:57Z</time>
    </trkpt>
    <trkpt lat="46.4049087" lon="15.0192469">
      <ele>461.21990966796875</ele>
      <time>2061-11-16T23:20:57Z</time>
    </trkpt>
    <trkpt lat="46.4049148" lon="15.0192288">
      <ele>461.569091796875</ele>
      <time>2061-11-16T23:20:57Z</time>
    </trkpt>
    <trkpt lat="46.4049204" lon="15.0192237">
      <ele>461.4659423828125</ele>
      <time>2061-11-16T23:20:57Z</time>
    </trkpt>
    <trkpt lat="46.4049306" lon="15.0192191">
      <ele>462.413818359375</ele>
      <time>2061-11-16T23:20:57Z</time>
    </trkpt>
    <trkpt lat="46.40494" lon="15.0192214">
      <ele>463.291748046875</ele>
      <time>2061-11-16T23:20:57Z</time>
    </trkpt>
    <trkpt lat="46.404943" lon="15.0192248">
      <ele>462.90966796875</ele>
      <time>2061-11-16T23:20:57Z</time>
    </trkpt>
    <trkpt lat="46.4049466" lon="15.0192285">
      <ele>462.90966796875</ele>
      <time>2061-11-24T23:40:05Z</time>
    </trkpt>
    <trkpt lat="46.4049459" lon="15.0192321">
      <ele>462.99493408203125</ele>
      <time>2061-11-25T23:26:23Z</time>
    </trkpt>
    <trkpt lat="46.4049448" lon="15.0192334">
      <ele>462.31854248046875</ele>
      <time>2061-11-26T23:22:51Z</time>
    </trkpt>
    <trkpt lat="46.4049442" lon="15.0192328">
      <ele>462.432861328125</ele>
      <time>2061-11-27T23:35:17Z</time>
    </trkpt>
    <trkpt lat="46.4049436" lon="15.0192326">
      <ele>462.2047119140625</ele>
      <time>2061-11-28T23:39:27Z</time>
    </trkpt>
    <trkpt lat="46.404947" lon="15.0192338">
      <ele>462.5595703125</ele>
      <time>2061-11-29T23:46:58Z</time>
    </trkpt>
    <trkpt lat="46.4049486" lon="15.0192351">
      <ele>462.824462890625</ele>
      <time>2061-11-30T23:26:24Z</time>
    </trkpt>
    <trkpt lat="46.4049456" lon="15.0192377">
      <ele>462.78057861328125</ele>
      <time>2061-12-01T23:10:44Z</time>
    </trkpt>
    <trkpt lat="46.4049474" lon="15.0192385">
      <ele>462.29986572265625</ele>
      <time>2061-12-02T23:35:10Z</time>
    </trkpt>
    <trkpt lat="46.4049461" lon="15.0192386">
      <ele>461.98565673828125</ele>
      <time>2061-12-02T23:35:10Z</time>
    </trkpt>
    <trkpt lat="46.4049338" lon="15.0192427">
      <ele>461.98565673828125</ele>
      <time>2061-12-04T23:31:15Z</time>
    </trkpt>
    <trkpt lat="46.4049305" lon="15.0192417">
      <ele>462.20123291015625</ele>
      <time>2061-12-05T23:49:03Z</time>
    </trkpt>
    <trkpt lat="46.4049299" lon="15.0192371">
      <ele>462.39501953125</ele>
      <time>2061-12-06T23:19:02Z</time>
    </trkpt>
    <trkpt lat="46.4049293" lon="15.0192367">
      <ele>462.3037109375</ele>
      <time>2061-12-07T23:13:12Z</time>
    </trkpt>
    <trkpt lat="46.4049294" lon="15.0192344">
      <ele>462.5947265625</ele>
      <time>2061-12-08T23:31:22Z</time>
    </trkpt>
    <trkpt lat="46.4049287" lon="15.0192336">
      <ele>462.59228515625</ele>
      <time>2061-12-09T23:38:48Z</time>
    </trkpt>
    <trkpt lat="46.4049364" lon="15.0192388">
      <ele>463.091552734375</ele>
      <time>2061-12-10T23:44:38Z</time>
    </trkpt>
    <trkpt lat="46.4049471" lon="15.0192416">
      <ele>463.5328369140625</ele>
      <time>2061-12-11T23:43:17Z</time>
    </trkpt>
    <trkpt lat="46.4049501" lon="15.0192438">
      <ele>464.5150146484375</ele>
      <time>2061-12-12T23:14:52Z</time>
    </trkpt>
    <trkpt lat="46.4049521" lon="15.0192461">
      <ele>464.862548828125</ele>
      <time>2061-12-13T23:57:23Z</time>
    </trkpt>
    <trkpt lat="46.4049523" lon="15.0192476">
      <ele>464.96185302734375</ele>
      <time>2061-12-14T23:28:52Z</time>
    </trkpt>
    <trkpt lat="46.4049551" lon="15.0192472">
      <ele>464.49169921875</ele>
      <time>2061-12-15T23:38:51Z</time>
    </trkpt>
    <trkpt lat="46.4049542" lon="15.0192467">
      <ele>465.2093505859375</ele>
      <time>2061-12-16T23:41:23Z</time>
    </trkpt>
    <trkpt lat="46.4049548" lon="15.0192461">
      <ele>465.1978759765625</ele>
      <time>2061-12-17T23:09:23Z</time>
    </trkpt>
    <trkpt lat="46.4049589" lon="15.0192474">
      <ele>465.1375732421875</ele>
      <time>2061-12-18T23:14:18Z</time>
    </trkpt>
    <trkpt lat="46.4049595" lon="15.019247">
      <ele>464.7718505859375</ele>
      <time>2061-12-20T00:28:12Z</time>
    </trkpt>
    <trkpt lat="46.4049589" lon="15.0192455">
      <ele>464.74029541015625</ele>
      <time>2061-12-20T23:16:19Z</time>
    </trkpt>
  </trkseg></trk>
</gpx>
