"SECONDS";"PID";"VALUE";"UNITS";
"42899.6252022";"Vehicle speed";"0";"km/h";
"42899.6982219";"Fuel/Air commanded equivalence ratio";"14.640051240000002";"";
"42899.8406787";"Fuel economizer (based on fuel system status and throttle position)";"1";"";
"42899.8406787";"Throttle position";"18.431372549019606";"%";
"42899.8897342";"Calculated instant fuel rate";"0.5760141528253808";"L/h";
"42899.8897342";"Instant engine power (based on fuel consumption)";"2.2534813602003143";"hp";
"42899.8897342";"MAF air flow rate";"1.71";"g/sec";
"42899.8897342";"Power from MAF";"2.052";"hp";
"42899.9467877";"Average speed";"0";"km/h";
"42899.9467877";"Distance travelled";"0";"km";
"42899.9467877";"Distance travelled (Today)";"0";"km";
"42899.9467877";"Distance travelled (total)";"41.43032000000001";"km";
"42899.9467877";"Distance travelled (Week)";"32.364709";"km";
"42899.9467877";"Vehicle speed";"0";"km/h";
"42900.0065474";"Fuel/Air commanded equivalence ratio";"14.640051240000002";"";
"42900.1061163";"Fuel economizer (based on fuel system status and throttle position)";"1";"";
"42900.1061163";"Throttle position";"18.431372549019606";"%";
"42900.1570143";"Average fuel consumption (total)";"6.4097453266110405";"L/100km";
"42900.1570143";"Average fuel consumption (Week)";"6.501655862254161";"L/100km";
"42900.1570143";"Calculated instant fuel rate";"0.5760141528253808";"L/h";
"42900.1570143";"Fuel used";"4.232105583992458E-05";"L";
"42900.1570143";"Fuel used (Today)";"0.013649";"L";
"42900.1570143";"Fuel used (total)";"2.6555779999999998";"L";
"42900.1570143";"Fuel used (Week)";"2.1042419999999997";"L";
"42900.1570143";"Fuel used price";"6.982974213587555E-05";"€";
"42900.1570143";"Fuel used price (Today)";"0.02252085";"€";
"42900.1570143";"Fuel used price (total)";"4.3817037";"€";
"42900.1570143";"Fuel used price (Week)";"3.4719992999999993";"€";
"42900.1570143";"Instant engine power (based on fuel consumption)";"2.2534813602003143";"hp";
"42900.1570143";"MAF air flow rate";"1.71";"g/sec";
"42900.1570143";"Power from MAF";"2.052";"hp";
"42900.242255";"Average speed";"0";"km/h";
"42900.242255";"Distance travelled";"0";"km";
"42900.242255";"Distance travelled (Today)";"0";"km";
"42900.242255";"Distance travelled (total)";"41.43032000000001";"km";
"42900.242255";"Distance travelled (Week)";"32.364709";"km";
"42900.242255";"Vehicle speed";"0";"km/h";
"42900.2811617";"Fuel/Air commanded equivalence ratio";"14.640051240000002";"";
"42900.3581668";"Fuel economizer (based on fuel system status and throttle position)";"1";"";
"42900.3581668";"Throttle position";"18.431372549019606";"%";
"42900.4011855";"Average fuel consumption (total)";"6.409839460568973";"L/100km";
"42900.4011855";"Average fuel consumption (Week)";"6.501776363878322";"L/100km";
"42900.4011855";"Calculated instant fuel rate";"0.5726456490076886";"L/h";
"42900.4011855";"Fuel used";"8.113143070800658E-05";"L";
"42900.4011855";"Fuel used (Today)";"0.013687999999999999";"L";
"42900.4011855";"Fuel used (total)";"2.655617";"L";
"42900.4011855";"Fuel used (Week)";"2.104281";"L";
"42900.4011855";"Fuel used price";"0.00013386686066821084";"€";
"42900.4011855";"Fuel used price (Today)";"0.022585199999999996";"€";
"42900.4011855";"Fuel used price (total)";"4.381768050000001";"€";
"42900.4011855";"Fuel used price (Week)";"3.4720636499999995";"€";
"42900.4011855";"Instant engine power (based on fuel consumption)";"2.2403031066318917";"hp";
"42900.4011855";"MAF air flow rate";"1.7";"g/sec";
"42900.4011855";"Power from MAF";"2.04";"hp";
"42900.4413933";"Average speed";"0";"km/h";
"42900.4413933";"Distance travelled";"0";"km";
"42900.4413933";"Distance travelled (Today)";"0";"km";
"42900.4413933";"Distance travelled (total)";"41.43032000000001";"km";
"42900.4413933";"Distance travelled (Week)";"32.364709";"km";
"42900.4413933";"Vehicle speed";"0";"km/h";
"42900.4786121";"Fuel/Air commanded equivalence ratio";"14.640051240000002";"";
"42900.5570319";"Fuel economizer (based on fuel system status and throttle position)";"1";"";
"42900.5570319";"Throttle position";"18.431372549019606";"%";
"42900.6063951";"Average fuel consumption (total)";"6.40991911237953";"L/100km";
"42900.6063951";"Average fuel consumption (Week)";"6.501878326791073";"L/100km";
"42900.6063951";"Calculated instant fuel rate";"0.5760141528253808";"L/h";
"42900.6063951";"Fuel used";"0.00011396666947880967";"L";
"42900.6063951";"Fuel used (Today)";"0.013720999999999999";"L";
"42900.6063951";"Fuel used (total)";"2.6556499999999996";"L";
"42900.6063951";"Fuel used (Week)";"2.1043139999999996";"L";
"42900.6063951";"Fuel used price";"0.00018804500464003593";"€";
"42900.6063951";"Fuel used price (Today)";"0.022639649999999997";"€";
"42900.6063951";"Fuel used price (total)";"4.3818225";"€";
"42900.6063951";"Fuel used price (Week)";"3.4721180999999994";"€";
"42900.6063951";"Instant engine power (based on fuel consumption)";"2.2534813602003143";"hp";
"42900.6063951";"MAF air flow rate";"1.71";"g/sec";
"42900.6063951";"Power from MAF";"2.052";"hp";
"42900.6864728";"Average speed";"0";"km/h";
"42900.6864728";"Distance travelled";"0";"km";
"42900.6864728";"Distance travelled (Today)";"0";"km";
"42900.6864728";"Distance travelled (total)";"41.43032000000001";"km";
"42900.6864728";"Distance travelled (Week)";"32.364709";"km";
"42900.6864728";"Vehicle acceleration";"0";"g";
"42900.6864728";"Vehicle speed";"0";"km/h";
"42900.737217";"Fuel/Air commanded equivalence ratio";"14.640051240000002";"";
"42900.8193776";"Fuel economizer (based on fuel system status and throttle position)";"1";"";
"42900.8193776";"Throttle position";"18.431372549019606";"%";
"42900.8627668";"Average fuel consumption (total)";"6.41001807371992";"L/100km";
"42900.8627668";"Average fuel consumption (Week)";"6.502005007985704";"L/100km";
"42900.8627668";"Calculated instant fuel rate";"0.5726456490076886";"L/h";
"42900.8627668";"Fuel used";"0.000154744352567234";"L";
"42900.8627668";"Fuel used (Today)";"0.013762";"L";
"42900.8627668";"Fuel used (total)";"2.6556909999999996";"L";
"42900.8627668";"Fuel used (Week)";"2.1043549999999995";"L";
"42900.8627668";"Fuel used price";"0.00025532818173593607";"€";
"42900.8627668";"Fuel used price (Today)";"0.022707299999999996";"€";
"42900.8627668";"Fuel used price (total)";"4.38189015";"€";
"42900.8627668";"Fuel used price (Week)";"3.4721857499999995";"€";
"42900.8627668";"Instant engine power (based on fuel consumption)";"2.2403031066318917";"hp";
"42900.8627668";"MAF air flow rate";"1.7";"g/sec";
"42900.8627668";"Power from MAF";"2.04";"hp";
"42900.9009184";"Average speed";"0";"km/h";
"42900.9009184";"Distance travelled";"0";"km";
"42900.9009184";"Distance travelled (Today)";"0";"km";
"42900.9009184";"Distance travelled (total)";"41.43032000000001";"km";
"42900.9009184";"Distance travelled (Week)";"32.364709";"km";
"42900.9009184";"Vehicle acceleration";"0";"g";
"42900.9009184";"Vehicle speed";"0";"km/h";
"42900.9498589";"Fuel/Air commanded equivalence ratio";"14.640051240000002";"";
"42901.0325679";"Fuel economizer (based on fuel system status and throttle position)";"1";"";
"42901.0325679";"Throttle position";"18.431372549019606";"%";
"42901.083325";"Average fuel consumption (total)";"6.410102552912937";"L/100km";
"42901.083325";"Average fuel consumption (Week)";"6.502113150468925";"L/100km";
"42901.083325";"Calculated instant fuel rate";"0.5726456490076886";"L/h";
"42901.083325";"Fuel used";"0.00019004167363324248";"L";
"42901.083325";"Fuel used (Today)";"0.013796999999999999";"L";
"42901.083325";"Fuel used (total)";"2.6557259999999996";"L";
"42901.083325";"Fuel used (Week)";"2.1043899999999995";"L";
"42901.083325";"Fuel used price";"0.0003135687614948501";"€";
"42901.083325";"Fuel used price (Today)";"0.02276505";"€";
"42901.083325";"Fuel used price (total)";"4.3819479";"€";
"42901.083325";"Fuel used price (Week)";"3.4722434999999994";"€";
"42901.083325";"Instant engine power (based on fuel consumption)";"2.2403031066318917";"hp";
"42901.083325";"MAF air flow rate";"1.7";"g/sec";
"42901.083325";"Power from MAF";"2.04";"hp";
"42901.1358874";"Average speed";"0";"km/h";
"42901.1358874";"Distance travelled";"0";"km";
"42901.1358874";"Distance travelled (Today)";"0";"km";
"42901.1358874";"Distance travelled (total)";"41.43032000000001";"km";
"42901.1358874";"Distance travelled (Week)";"32.364709";"km";
"42901.1358874";"Vehicle acceleration";"0";"g";
"42901.1358874";"Vehicle speed";"0";"km/h";
"42901.178163";"Fuel/Air commanded equivalence ratio";"14.640051240000002";"";
"42901.2628214";"Fuel economizer (based on fuel system status and throttle position)";"1";"";
"42901.2628214";"Throttle position";"18.431372549019606";"%";
"42901.3023329";"Average fuel consumption (total)";"6.410187032105952";"L/100km";
"42901.3023329";"Average fuel consumption (Week)";"6.502221292952147";"L/100km";
"42901.3023329";"Calculated instant fuel rate";"0.5760141528253808";"L/h";
"42901.3023329";"Fuel used";"0.00022486592127453787";"L";
"42901.3023329";"Fuel used (Today)";"0.013831999999999999";"L";
"42901.3023329";"Fuel used (total)";"2.6557609999999996";"L";
"42901.3023329";"Fuel used (Week)";"2.1044249999999995";"L";
"42901.3023329";"Fuel used price";"0.0003710287701029875";"€";
"42901.3023329";"Fuel used price (Today)";"0.022822799999999997";"€";
"42901.3023329";"Fuel used price (total)";"4.38200565";"€";
"42901.3023329";"Fuel used price (Week)";"3.4723012499999997";"€";
"42901.3023329";"Instant engine power (based on fuel consumption)";"2.2534813602003143";"hp";
"42901.3023329";"MAF air flow rate";"1.71";"g/sec";
"42901.3023329";"Power from MAF";"2.052";"hp";
"42901.3444465";"Average speed";"0";"km/h";
"42901.3444465";"Distance travelled";"0";"km";
"42901.3444465";"Distance travelled (Today)";"0";"km";
"42901.3444465";"Distance travelled (total)";"41.43032000000001";"km";
"42901.3444465";"Distance travelled (Week)";"32.364709";"km";
"42901.3444465";"Vehicle acceleration";"0";"g";
"42901.3444465";"Vehicle speed";"0";"km/h";
"42901.3868261";"Fuel/Air commanded equivalence ratio";"14.640051240000002";"";
"42901.4582053";"Fuel economizer (based on fuel system status and throttle position)";"1";"";
"42901.4582053";"Throttle position";"18.431372549019606";"%";
"42901.5050545";"Average fuel consumption (total)";"6.410264270225283";"L/100km";
"42901.5050545";"Average fuel consumption (Week)";"6.502320166079663";"L/100km";
"42901.5050545";"Calculated instant fuel rate";"0.5726456490076886";"L/h";
"42901.5050545";"Fuel used";"0.00025711969434336486";"L";
"42901.5050545";"Fuel used (Today)";"0.013864";"L";
"42901.5050545";"Fuel used (total)";"2.6557929999999996";"L";
"42901.5050545";"Fuel used (Week)";"2.1044569999999996";"L";
"42901.5050545";"Fuel used price";"0.000424247495666552";"€";
"42901.5050545";"Fuel used price (Today)";"0.022875599999999996";"€";
"42901.5050545";"Fuel used price (total)";"4.382058450000001";"€";
"42901.5050545";"Fuel used price (Week)";"3.4723540499999994";"€";
"42901.5050545";"Instant engine power (based on fuel consumption)";"2.2403031066318917";"hp";
"42901.5050545";"MAF air flow rate";"1.7";"g/sec";
"42901.5050545";"Power from MAF";"2.04";"hp";
"42901.5471963";"Average speed";"0";"km/h";
"42901.5471963";"Distance travelled";"0";"km";
"42901.5471963";"Distance travelled (Today)";"0";"km";
"42901.5471963";"Distance travelled (total)";"41.43032000000001";"km";
"42901.5471963";"Distance travelled (Week)";"32.364709";"km";
"42901.5471963";"Vehicle acceleration";"0";"g";
"42901.5471963";"Vehicle speed";"0";"km/h";
"42901.5850523";"Fuel/Air commanded equivalence ratio";"14.640051240000002";"";
"42901.6707708";"Fuel economizer (based on fuel system status and throttle position)";"1";"";
"42901.6707708";"Throttle position";"18.431372549019606";"%";
"42901.7212735";"Average fuel consumption (total)";"6.410348749418298";"L/100km";
"42901.7212735";"Average fuel consumption (Week)";"6.502428308562885";"L/100km";
"42901.7212735";"Calculated instant fuel rate";"0.5760141528253808";"L/h";
"42901.7212735";"Fuel used";"0.00029170816019143705";"L";
"42901.7212735";"Fuel used (Today)";"0.013899";"L";
"42901.7212735";"Fuel used (total)";"2.6558279999999996";"L";
"42901.7212735";"Fuel used (Week)";"2.1044919999999996";"L";
"42901.7212735";"Fuel used price";"0.0004813184643158711";"€";
"42901.7212735";"Fuel used price (Today)";"0.022933349999999998";"€";
"42901.7212735";"Fuel used price (total)";"4.3821162000000005";"€";
"42901.7212735";"Fuel used price (Week)";"3.4724117999999997";"€";
"42901.7212735";"Instant engine power (based on fuel consumption)";"2.2534813602003143";"hp";
"42901.7212735";"MAF air flow rate";"1.71";"g/sec";
"42901.7212735";"Power from MAF";"2.052";"hp";
"42901.7629768";"Average speed";"0";"km/h";
"42901.7629768";"Distance travelled";"0";"km";
"42901.7629768";"Distance travelled (Today)";"0";"km";
"42901.7629768";"Distance travelled (total)";"41.43032000000001";"km";
"42901.7629768";"Distance travelled (Week)";"32.364709";"km";
"42901.7629768";"Vehicle acceleration";"0";"g";
"42901.7629768";"Vehicle speed";"0";"km/h";
"42901.802606";"Fuel/Air commanded equivalence ratio";"14.640051240000002";"";
"42901.8855586";"Fuel economizer (based on fuel system status and throttle position)";"1";"";
"42901.8855586";"Throttle position";"18.431372549019606";"%";
"42901.9362954";"Average fuel consumption (total)";"6.410430814920085";"L/100km";
"42901.9362954";"Average fuel consumption (Week)";"6.502533361260871";"L/100km";
"42901.9362954";"Calculated instant fuel rate";"0.5726456490076886";"L/h";
"42901.9362954";"Fuel used";"0.00032591322330925774";"L";
"42901.9362954";"Fuel used (Today)";"0.013933";"L";
"42901.9362954";"Fuel used (total)";"2.6558619999999995";"L";
"42901.9362954";"Fuel used (Week)";"2.1045259999999995";"L";
"42901.9362954";"Fuel used price";"0.0005377568184602753";"€";
"42901.9362954";"Fuel used price (Today)";"0.022989449999999998";"€";
"42901.9362954";"Fuel used price (total)";"4.382172300000001";"€";
"42901.9362954";"Fuel used price (Week)";"3.4724678999999994";"€";
"42901.9362954";"Instant engine power (based on fuel consumption)";"2.2403031066318917";"hp";
"42901.9362954";"MAF air flow rate";"1.7";"g/sec";
"42901.9362954";"Power from MAF";"2.04";"hp";
"42901.965329";"Average speed";"0";"km/h";
"42901.965329";"Distance travelled";"0";"km";
"42901.965329";"Distance travelled (Today)";"0";"km";
"42901.965329";"Distance travelled (total)";"41.43032000000001";"km";
"42901.965329";"Distance travelled (Week)";"32.364709";"km";
"42901.965329";"Vehicle acceleration";"0";"g";
"42901.965329";"Vehicle speed";"0";"km/h";
"42902.0142507";"Fuel/Air commanded equivalence ratio";"14.640051240000002";"";
"42902.1064079";"Fuel economizer (based on fuel system status and throttle position)";"1";"";
"42902.1064079";"Throttle position";"18.431372549019606";"%";
"42902.1548218";"Average fuel consumption (total)";"6.410515294113101";"L/100km";
"42902.1548218";"Average fuel consumption (Week)";"6.502641503744092";"L/100km";
"42902.1548218";"Calculated instant fuel rate";"0.5760141528253808";"L/h";
"42902.1548218";"Fuel used";"0.0003608780824054151";"L";
"42902.1548218";"Fuel used (Today)";"0.013968";"L";
"42902.1548218";"Fuel used (total)";"2.6558969999999995";"L";
"42902.1548218";"Fuel used (Week)";"2.1045609999999995";"L";
"42902.1548218";"Fuel used price";"0.0005954488359689349";"€";
"42902.1548218";"Fuel used price (Today)";"0.023047199999999997";"€";
"42902.1548218";"Fuel used price (total)";"4.38223005";"€";
"42902.1548218";"Fuel used price (Week)";"3.4725256499999997";"€";
"42902.1548218";"Instant engine power (based on fuel consumption)";"2.2534813602003143";"hp";
"42902.1548218";"MAF air flow rate";"1.71";"g/sec";
"42902.1548218";"Power from MAF";"2.052";"hp";
"42902.1949448";"Average speed";"0";"km/h";
"42902.1949448";"Distance travelled";"0";"km";
"42902.1949448";"Distance travelled (Today)";"0";"km";
"42902.1949448";"Distance travelled (total)";"41.43032000000001";"km";
"42902.1949448";"Distance travelled (Week)";"32.364709";"km";
"42902.1949448";"Vehicle acceleration";"0";"g";
"42902.1949448";"Vehicle speed";"0";"km/h";
"42902.2432862";"Fuel/Air commanded equivalence ratio";"14.640051240000002";"";
"42902.3250844";"Fuel economizer (based on fuel system status and throttle position)";"1";"";
"42902.3250844";"Throttle position";"18.431372549019606";"%";
"42902.3743448";"Average fuel consumption (total)";"6.410599773306117";"L/100km";
"42902.3743448";"Average fuel consumption (Week)";"6.502749646227314";"L/100km";
"42902.3743448";"Calculated instant fuel rate";"0.5760141528253808";"L/h";
"42902.3743448";"Fuel used";"0.0003960048654800889";"L";
"42902.3743448";"Fuel used (Today)";"0.014003";"L";
"42902.3743448";"Fuel used (total)";"2.6559319999999995";"L";
"42902.3743448";"Fuel used (Week)";"2.1045959999999995";"L";
"42902.3743448";"Fuel used price";"0.0006534080280421467";"€";
"42902.3743448";"Fuel used price (Today)";"0.023104949999999996";"€";
"42902.3743448";"Fuel used price (total)";"4.3822878";"€";
"42902.3743448";"Fuel used price (Week)";"3.4725833999999995";"€";
"42902.3743448";"Instant engine power (based on fuel consumption)";"2.2534813602003143";"hp";
"42902.3743448";"MAF air flow rate";"1.71";"g/sec";
"42902.3743448";"Power from MAF";"2.052";"hp";
"42902.4242218";"Average speed";"0";"km/h";
"42902.4242218";"Distance travelled";"0";"km";
"42902.4242218";"Distance travelled (Today)";"0";"km";
"42902.4242218";"Distance travelled (total)";"41.43032000000001";"km";
"42902.4242218";"Distance travelled (Week)";"32.364709";"km";
"42902.4242218";"Vehicle acceleration";"0";"g";
"42902.4242218";"Vehicle speed";"0";"km/h";
"42902.4749386";"Fuel/Air commanded equivalence ratio";"14.640051240000002";"";
"42902.5651809";"Fuel economizer (based on fuel system status and throttle position)";"1";"";
"42902.5651809";"Throttle position";"18.431372549019606";"%";
"42902.605347";"Average fuel consumption (total)";"6.4106890798815925";"L/100km";
"42902.605347";"Average fuel consumption (Week)";"6.502863968281006";"L/100km";
"42902.605347";"Calculated instant fuel rate";"0.5726456490076886";"L/h";
"42902.605347";"Fuel used";"0.00043274421963806386";"L";
"42902.605347";"Fuel used (Today)";"0.014039999999999999";"L";
"42902.605347";"Fuel used (total)";"2.655969";"L";
"42902.605347";"Fuel used (Week)";"2.1046329999999998";"L";
"42902.605347";"Fuel used price";"0.0007140279624028053";"€";
"42902.605347";"Fuel used price (Today)";"0.023165999999999996";"€";
"42902.605347";"Fuel used price (total)";"4.3823488500000005";"€";
"42902.605347";"Fuel used price (Week)";"3.4726444499999993";"€";
"42902.605347";"Instant engine power (based on fuel consumption)";"2.2403031066318917";"hp";
"42902.605347";"MAF air flow rate";"1.7";"g/sec";
"42902.605347";"Power from MAF";"2.04";"hp";
"42902.652788";"Average speed";"0";"km/h";
"42902.652788";"Distance travelled";"0";"km";
"42902.652788";"Distance travelled (Today)";"0";"km";
"42902.652788";"Distance travelled (total)";"41.43032000000001";"km";
"42902.652788";"Distance travelled (Week)";"32.364709";"km";
"42902.652788";"Vehicle acceleration";"0";"g";
"42902.652788";"Vehicle speed";"0";"km/h";
"42902.6886434";"Fuel/Air commanded equivalence ratio";"14.640051240000002";"";
"42902.7768644";"Fuel economizer (based on fuel system status and throttle position)";"1";"";
"42902.7768644";"Throttle position";"18.431372549019606";"%";
"42902.8232075";"Average fuel consumption (total)";"6.410771145383379";"L/100km";
"42902.8232075";"Average fuel consumption (Week)";"6.502969020978993";"L/100km";
"42902.8232075";"Calculated instant fuel rate";"0.5625401375546116";"L/h";
"42902.8232075";"Fuel used";"0.00046679322717886623";"L";
"42902.8232075";"Fuel used (Today)";"0.014074";"L";
"42902.8232075";"Fuel used (total)";"2.6560029999999997";"L";
"42902.8232075";"Fuel used (Week)";"2.1046669999999996";"L";
"42902.8232075";"Fuel used price";"0.0007702088248451292";"€";
"42902.8232075";"Fuel used price (Today)";"0.023222099999999996";"€";
"42902.8232075";"Fuel used price (total)";"4.382404950000001";"€";
"42902.8232075";"Fuel used price (Week)";"3.4727005499999994";"€";
"42902.8232075";"Instant engine power (based on fuel consumption)";"2.200768345926623";"hp";
"42902.8232075";"MAF air flow rate";"1.67";"g/sec";
"42902.8232075";"Power from MAF";"2.004";"hp";
"42902.8637386";"Average speed";"0";"km/h";
"42902.8637386";"Distance travelled";"0";"km";
"42902.8637386";"Distance travelled (Today)";"0";"km";
"42902.8637386";"Distance travelled (total)";"41.43032000000001";"km";
"42902.8637386";"Distance travelled (Week)";"32.364709";"km";
"42902.8637386";"Vehicle acceleration";"0";"g";
"42902.8637386";"Vehicle speed";"0";"km/h";
"42902.9017845";"Fuel/Air commanded equivalence ratio";"14.640051240000002";"";
"42902.9910761";"Fuel economizer (based on fuel system status and throttle position)";"1";"";
"42902.9910761";"Throttle position";"18.431372549019606";"%";
"42903.037697";"Average fuel consumption (total)";"6.410855624576396";"L/100km";
"42903.037697";"Average fuel consumption (Week)";"6.503077163462214";"L/100km";
"42903.037697";"Calculated instant fuel rate";"0.5827511604607654";"L/h";
"42903.037697";"Fuel used";"0.0005015111941269445";"L";
"42903.037697";"Fuel used (Today)";"0.014109";"L";
"42903.037697";"Fuel used (total)";"2.6560379999999997";"L";
"42903.037697";"Fuel used (Week)";"2.1047019999999996";"L";
"42903.037697";"Fuel used price";"0.0008274934703094584";"€";
"42903.037697";"Fuel used price (Today)";"0.023279849999999998";"€";
"42903.037697";"Fuel used price (total)";"4.3824627000000005";"€";
"42903.037697";"Fuel used price (Week)";"3.4727582999999993";"€";
"42903.037697";"Instant engine power (based on fuel consumption)";"2.2798378673371604";"hp";
"42903.037697";"MAF air flow rate";"1.73";"g/sec";
"42903.037697";"Power from MAF";"2.076";"hp";
"42903.0822685";"Average speed";"0";"km/h";
"42903.0822685";"Distance travelled";"0";"km";
"42903.0822685";"Distance travelled (Today)";"0";"km";
"42903.0822685";"Distance travelled (total)";"41.43032000000001";"km";
"42903.0822685";"Distance travelled (Week)";"32.364709";"km";
"42903.0822685";"Vehicle acceleration";"0";"g";
"42903.0822685";"Vehicle speed";"0";"km/h";
"42903.1259553";"Fuel/Air commanded equivalence ratio";"14.640051240000002";"";
"42903.2102027";"Fuel economizer (based on fuel system status and throttle position)";"1";"";
"42903.2102027";"Throttle position";"18.431372549019606";"%";
"42903.2498809";"Average fuel consumption (total)";"6.410937690078183";"L/100km";
"42903.2498809";"Average fuel consumption (Week)";"6.5031822161602";"L/100km";
"42903.2498809";"Calculated instant fuel rate";"0.5760141528253808";"L/h";
"42903.2498809";"Fuel used";"0.0005354565721741734";"L";
"42903.2498809";"Fuel used (Today)";"0.014143";"L";
"42903.2498809";"Fuel used (total)";"2.6560719999999995";"L";
"42903.2498809";"Fuel used (Week)";"2.1047359999999995";"L";
"42903.2498809";"Fuel used price";"0.0008835033440873861";"€";
"42903.2498809";"Fuel used price (Today)";"0.023335949999999998";"€";
"42903.2498809";"Fuel used price (total)";"4.382518800000001";"€";
"42903.2498809";"Fuel used price (Week)";"3.4728143999999994";"€";
"42903.2498809";"Instant engine power (based on fuel consumption)";"2.2534813602003143";"hp";
"42903.2498809";"MAF air flow rate";"1.71";"g/sec";
"42903.2498809";"Power from MAF";"2.052";"hp";
"42903.2904052";"Average speed";"0";"km/h";
"42903.2904052";"Distance travelled";"0";"km";
"42903.2904052";"Distance travelled (Today)";"0";"km";
"42903.2904052";"Distance travelled (total)";"41.43032000000001";"km";
"42903.2904052";"Distance travelled (Week)";"32.364709";"km";
"42903.2904052";"Vehicle acceleration";"0";"g";
"42903.2904052";"Vehicle speed";"0";"km/h";
"42903.3298989";"Fuel/Air commanded equivalence ratio";"14.640051240000002";"";
"42903.4215386";"Fuel economizer (based on fuel system status and throttle position)";"1";"";
"42903.4215386";"Throttle position";"18.431372549019606";"%";
"42903.4571512";"Average fuel consumption (total)";"6.41101734188874";"L/100km";
"42903.4571512";"Average fuel consumption (Week)";"6.503284179072952";"L/100km";
"42903.4571512";"Calculated instant fuel rate";"0.5726456490076886";"L/h";
"42903.4571512";"Fuel used";"0.0005684286814892097";"L";
"42903.4571512";"Fuel used (Today)";"0.014176";"L";
"42903.4571512";"Fuel used (total)";"2.6561049999999997";"L";
"42903.4571512";"Fuel used (Week)";"2.1047689999999997";"L";
"42903.4571512";"Fuel used price";"0.000937907324457196";"€";
"42903.4571512";"Fuel used price (Today)";"0.0233904";"€";
"42903.4571512";"Fuel used price (total)";"4.38257325";"€";
"42903.4571512";"Fuel used price (Week)";"3.4728688499999993";"€";
"42903.4571512";"Instant engine power (based on fuel consumption)";"2.2403031066318917";"hp";
"42903.4571512";"MAF air flow rate";"1.7";"g/sec";
"42903.4571512";"Power from MAF";"2.04";"hp";
"42903.4979651";"Average speed";"0";"km/h";
"42903.4979651";"Distance travelled";"0";"km";
"42903.4979651";"Distance travelled (Today)";"0";"km";
"42903.4979651";"Distance travelled (total)";"41.43032000000001";"km";
"42903.4979651";"Distance travelled (Week)";"32.364709";"km";
"42903.4979651";"Vehicle acceleration";"0";"g";
"42903.4979651";"Vehicle speed";"0";"km/h";
"42903.5421687";"Fuel/Air commanded equivalence ratio";"14.640051240000002";"";
"42903.6309524";"Fuel economizer (based on fuel system status and throttle position)";"1";"";
"42903.6309524";"Throttle position";"18.431372549019606";"%";
"42903.6570143";"Average fuel consumption (total)";"6.41109458000807";"L/100km";
"42903.6570143";"Average fuel consumption (Week)";"6.503383052200468";"L/100km";
"42903.6570143";"Calculated instant fuel rate";"0.5726456490076886";"L/h";
"42903.6570143";"Fuel used";"0.0006002167186703341";"L";
"42903.6570143";"Fuel used (Today)";"0.014207999999999998";"L";
"42903.6570143";"Fuel used (total)";"2.6561369999999997";"L";
"42903.6570143";"Fuel used (Week)";"2.1048009999999997";"L";
"42903.6570143";"Fuel used price";"0.000990357585806051";"€";
"42903.6570143";"Fuel used price (Today)";"0.023443199999999997";"€";
"42903.6570143";"Fuel used price (total)";"4.38262605";"€";
"42903.6570143";"Fuel used price (Week)";"3.4729216499999995";"€";
"42903.6570143";"Instant engine power (based on fuel consumption)";"2.2403031066318917";"hp";
"42903.6570143";"MAF air flow rate";"1.7";"g/sec";
"42903.6570143";"Power from MAF";"2.04";"hp";
"42903.7066609";"Average speed";"0";"km/h";
"42903.7066609";"Distance travelled";"0";"km";
"42903.7066609";"Distance travelled (Today)";"0";"km";
"42903.7066609";"Distance travelled (total)";"41.43032000000001";"km";
"42903.7066609";"Distance travelled (Week)";"32.364709";"km";
"42903.7066609";"Vehicle acceleration";"0";"g";
"42903.7066609";"Vehicle speed";"0";"km/h";
"42903.7488849";"Fuel/Air commanded equivalence ratio";"14.640051240000002";"";
"42903.8328008";"Fuel economizer (based on fuel system status and throttle position)";"1";"";
"42903.8328008";"Throttle position";"18.431372549019606";"%";
"42903.8774756";"Average fuel consumption (total)";"6.4111814728923155";"L/100km";
"42903.8774756";"Average fuel consumption (Week)";"6.5034942844689265";"L/100km";
"42903.8774756";"Calculated instant fuel rate";"0.5827511604607654";"L/h";
"42903.8774756";"Fuel used";"0.0006359133190672129";"L";
"42903.8774756";"Fuel used (Today)";"0.014244";"L";
"42903.8774756";"Fuel used (total)";"2.656173";"L";
"42903.8774756";"Fuel used (Week)";"2.104837";"L";
"42903.8774756";"Fuel used price";"0.0010492569764609012";"€";
"42903.8774756";"Fuel used price (Today)";"0.0235026";"€";
"42903.8774756";"Fuel used price (total)";"4.38268545";"€";
"42903.8774756";"Fuel used price (Week)";"3.4729810499999996";"€";
"42903.8774756";"Instant engine power (based on fuel consumption)";"2.2798378673371604";"hp";
"42903.8774756";"MAF air flow rate";"1.73";"g/sec";
"42903.8774756";"Power from MAF";"2.076";"hp";
"42903.9219331";"Average speed";"0";"km/h";
"42903.9219331";"Distance travelled";"0";"km";
"42903.9219331";"Distance travelled (Today)";"0";"km";
"42903.9219331";"Distance travelled (total)";"41.43032000000001";"km";
"42903.9219331";"Distance travelled (Week)";"32.364709";"km";
"42903.9219331";"Vehicle acceleration";"0";"g";
"42903.9219331";"Vehicle speed";"0";"km/h";
"42903.9544508";"Fuel/Air commanded equivalence ratio";"14.640051240000002";"";
"42904.0279016";"Fuel economizer (based on fuel system status and throttle position)";"1";"";
"42904.0279016";"Throttle position";"18.431372549019606";"%";
"42904.0657438";"Average fuel consumption (total)";"6.411253883629186";"L/100km";
"42904.0657438";"Average fuel consumption (Week)";"6.503586978025972";"L/100km";
"42904.0657438";"Calculated instant fuel rate";"0.5760141528253808";"L/h";
"42904.0657438";"Fuel used";"0.0006660300430433634";"L";
"42904.0657438";"Fuel used (Today)";"0.014273999999999998";"L";
"42904.0657438";"Fuel used (total)";"2.6562029999999996";"L";
"42904.0657438";"Fuel used (Week)";"2.1048669999999996";"L";
"42904.0657438";"Fuel used price";"0.0010989495710215496";"€";
"42904.0657438";"Fuel used price (Today)";"0.023552099999999996";"€";
"42904.0657438";"Fuel used price (total)";"4.382734950000001";"€";
"42904.0657438";"Fuel used price (Week)";"3.4730305499999994";"€";
"42904.0657438";"Instant engine power (based on fuel consumption)";"2.2534813602003143";"hp";
"42904.0657438";"MAF air flow rate";"1.71";"g/sec";
"42904.0657438";"Power from MAF";"2.052";"hp";
"42904.1097757";"Average speed";"0";"km/h";
"42904.1097757";"Distance travelled";"0";"km";
"42904.1097757";"Distance travelled (Today)";"0";"km";
"42904.1097757";"Distance travelled (total)";"41.43032000000001";"km";
"42904.1097757";"Distance travelled (Week)";"32.364709";"km";
"42904.1097757";"Vehicle acceleration";"0";"g";
"42904.1097757";"Vehicle speed";"0";"km/h";
"42904.1597955";"Fuel/Air commanded equivalence ratio";"14.640051240000002";"";
"42904.248965";"Fuel economizer (based on fuel system status and throttle position)";"1";"";
"42904.248965";"Throttle position";"18.431372549019606";"%";
"42904.2859894";"Average fuel consumption (total)";"6.411340776513431";"L/100km";
"42904.2859894";"Average fuel consumption (Week)";"6.503698210294428";"L/100km";
"42904.2859894";"Calculated instant fuel rate";"0.5827511604607654";"L/h";
"42904.2859894";"Fuel used";"0.0007016861422345902";"L";
"42904.2859894";"Fuel used (Today)";"0.01431";"L";
"42904.2859894";"Fuel used (total)";"2.656239";"L";
"42904.2859894";"Fuel used (Week)";"2.1049029999999997";"L";
"42904.2859894";"Fuel used price";"0.0011577821346870738";"€";
"42904.2859894";"Fuel used price (Today)";"0.023611499999999997";"€";
"42904.2859894";"Fuel used price (total)";"4.38279435";"€";
"42904.2859894";"Fuel used price (Week)";"3.4730899499999994";"€";
"42904.2859894";"Instant engine power (based on fuel consumption)";"2.2798378673371604";"hp";
"42904.2859894";"MAF air flow rate";"1.73";"g/sec";
"42904.2859894";"Power from MAF";"2.076";"hp";
"42904.3214824";"Average speed";"0";"km/h";
"42904.3214824";"Distance travelled";"0";"km";
"42904.3214824";"Distance travelled (Today)";"0";"km";
"42904.3214824";"Distance travelled (total)";"41.43032000000001";"km";
"42904.3214824";"Distance travelled (Week)";"32.364709";"km";
"42904.3214824";"Vehicle acceleration";"0";"g";
"42904.3214824";"Vehicle speed";"0";"km/h";
"42904.3616428";"Fuel/Air commanded equivalence ratio";"14.640051240000002";"";
"42904.4531698";"Fuel economizer (based on fuel system status and throttle position)";"1";"";
"42904.4531698";"Throttle position";"18.431372549019606";"%";
"42904.5104158";"Average fuel consumption (total)";"6.411427669397675";"L/100km";
"42904.5104158";"Average fuel consumption (Week)";"6.503809442562884";"L/100km";
"42904.5104158";"Calculated instant fuel rate";"0.5726456490076886";"L/h";
"42904.5104158";"Fuel used";"0.0007373842357207861";"L";
"42904.5104158";"Fuel used (Today)";"0.014346";"L";
"42904.5104158";"Fuel used (total)";"2.6562749999999995";"L";
"42904.5104158";"Fuel used (Week)";"2.1049389999999994";"L";
"42904.5104158";"Fuel used price";"0.001216683988939297";"€";
"42904.5104158";"Fuel used price (Today)";"0.023670899999999998";"€";
"42904.5104158";"Fuel used price (total)";"4.382853750000001";"€";
"42904.5104158";"Fuel used price (Week)";"3.4731493499999995";"€";
"42904.5104158";"Instant engine power (based on fuel consumption)";"2.2403031066318917";"hp";
"42904.5104158";"MAF air flow rate";"1.7";"g/sec";
"42904.5104158";"Power from MAF";"2.04";"hp";
"42904.5493963";"Average speed";"0";"km/h";
"42904.5493963";"Distance travelled";"0";"km";
"42904.5493963";"Distance travelled (Today)";"0";"km";
"42904.5493963";"Distance travelled (total)";"41.43032000000001";"km";
"42904.5493963";"Distance travelled (Week)";"32.364709";"km";
"42904.5493963";"Vehicle acceleration";"0";"g";
"42904.5493963";"Vehicle speed";"0";"km/h";
"42904.5901832";"Fuel/Air commanded equivalence ratio";"14.640051240000002";"";
"42904.6785781";"Fuel economizer (based on fuel system status and throttle position)";"1";"";
"42904.6785781";"Throttle position";"18.431372549019606";"%";
"42904.7187545";"Average fuel consumption (total)";"6.411509734899464";"L/100km";
"42904.7187545";"Average fuel consumption (Week)";"6.503914495260871";"L/100km";
"42904.7187545";"Calculated instant fuel rate";"0.5827511604607654";"L/h";
"42904.7187545";"Fuel used";"0.0007711064751860238";"L";
"42904.7187545";"Fuel used (Today)";"0.014379999999999999";"L";
"42904.7187545";"Fuel used (total)";"2.656309";"L";
"42904.7187545";"Fuel used (Week)";"2.1049729999999998";"L";
"42904.7187545";"Fuel used price";"0.0012723256840569393";"€";
"42904.7187545";"Fuel used price (Today)";"0.023726999999999998";"€";
"42904.7187545";"Fuel used price (total)";"4.38290985";"€";
"42904.7187545";"Fuel used price (Week)";"3.4732054499999996";"€";
"42904.7187545";"Instant engine power (based on fuel consumption)";"2.2798378673371604";"hp";
"42904.7187545";"MAF air flow rate";"1.73";"g/sec";
"42904.7187545";"Power from MAF";"2.076";"hp";
"42904.7582799";"Average speed";"0";"km/h";
"42904.7582799";"Distance travelled";"0";"km";
"42904.7582799";"Distance travelled (Today)";"0";"km";
"42904.7582799";"Distance travelled (total)";"41.43032000000001";"km";
"42904.7582799";"Distance travelled (Week)";"32.364709";"km";
"42904.7582799";"Vehicle acceleration";"0";"g";
"42904.7582799";"Vehicle speed";"0";"km/h";
"42904.8176946";"Fuel/Air commanded equivalence ratio";"14.640051240000002";"";
"42904.9062837";"Fuel economizer (based on fuel system status and throttle position)";"1";"";
"42904.9062837";"Throttle position";"18.431372549019606";"%";
"42904.9466556";"Average fuel consumption (total)";"6.411596627783707";"L/100km";
"42904.9466556";"Average fuel consumption (Week)";"6.504025727529327";"L/100km";
"42904.9466556";"Calculated instant fuel rate";"0.5726456490076886";"L/h";
"42904.9466556";"Fuel used";"0.0008073541335202077";"L";
"42904.9466556";"Fuel used (Today)";"0.014416";"L";
"42904.9466556";"Fuel used (total)";"2.6563449999999995";"L";
"42904.9466556";"Fuel used (Week)";"2.1050089999999995";"L";
"42904.9466556";"Fuel used price";"0.0013321343203083426";"€";
"42904.9466556";"Fuel used price (Today)";"0.023786399999999996";"€";
"42904.9466556";"Fuel used price (total)";"4.38296925";"€";
"42904.9466556";"Fuel used price (Week)";"3.4732648499999996";"€";
"42904.9466556";"Instant engine power (based on fuel consumption)";"2.2403031066318917";"hp";
"42904.9466556";"MAF air flow rate";"1.7";"g/sec";
"42904.9466556";"Power from MAF";"2.04";"hp";
"42904.989781";"Average speed";"0";"km/h";
"42904.989781";"Distance travelled";"0";"km";
"42904.989781";"Distance travelled (Today)";"0";"km";
"42904.989781";"Distance travelled (total)";"41.43032000000001";"km";
"42904.989781";"Distance travelled (Week)";"32.364709";"km";
"42904.989781";"Vehicle acceleration";"0";"g";
"42904.989781";"Vehicle speed";"0";"km/h";
"42905.0347255";"Fuel/Air commanded equivalence ratio";"14.640051240000002";"";
"42905.1186939";"Fuel economizer (based on fuel system status and throttle position)";"1";"";
"42905.1186939";"Throttle position";"18.431372549019606";"%";
"42905.1666025";"Average fuel consumption (total)";"6.411681106976724";"L/100km";
"42905.1666025";"Average fuel consumption (Week)";"6.504133870012549";"L/100km";
"42905.1666025";"Calculated instant fuel rate";"0.5726456490076886";"L/h";
"42905.1666025";"Fuel used";"0.0008423419873333983";"L";
"42905.1666025";"Fuel used (Today)";"0.014450999999999999";"L";
"42905.1666025";"Fuel used (total)";"2.6563799999999995";"L";
"42905.1666025";"Fuel used (Week)";"2.1050439999999995";"L";
"42905.1666025";"Fuel used price";"0.0013898642791001072";"€";
"42905.1666025";"Fuel used price (Today)";"0.023844149999999998";"€";
"42905.1666025";"Fuel used price (total)";"4.383027";"€";
"42905.1666025";"Fuel used price (Week)";"3.4733225999999995";"€";
"42905.1666025";"Instant engine power (based on fuel consumption)";"2.2403031066318917";"hp";
"42905.1666025";"MAF air flow rate";"1.7";"g/sec";
"42905.1666025";"Power from MAF";"2.04";"hp";
"42905.2086615";"Average speed";"0";"km/h";
"42905.2086615";"Distance travelled";"0";"km";
"42905.2086615";"Distance travelled (Today)";"0";"km";
"42905.2086615";"Distance travelled (total)";"41.43032000000001";"km";
"42905.2086615";"Distance travelled (Week)";"32.364709";"km";
"42905.2086615";"Vehicle acceleration";"0";"g";
"42905.2086615";"Vehicle speed";"0";"km/h";
"42905.2498447";"Fuel/Air commanded equivalence ratio";"14.640051240000002";"";
"42905.3302737";"Fuel economizer (based on fuel system status and throttle position)";"1";"";
"42905.3302737";"Throttle position";"18.431372549019606";"%";
"42905.3744971";"Average fuel consumption (total)";"6.411760758787281";"L/100km";
"42905.3744971";"Average fuel consumption (Week)";"6.504235832925301";"L/100km";
"42905.3744971";"Calculated instant fuel rate";"0.5760141528253808";"L/h";
"42905.3744971";"Fuel used";"0.0008756043725993077";"L";
"42905.3744971";"Fuel used (Today)";"0.014483999999999999";"L";
"42905.3744971";"Fuel used (total)";"2.6564129999999997";"L";
"42905.3744971";"Fuel used (Week)";"2.1050769999999996";"L";
"42905.3744971";"Fuel used price";"0.0014447472147888576";"€";
"42905.3744971";"Fuel used price (Today)";"0.023898599999999996";"€";
"42905.3744971";"Fuel used price (total)";"4.383081450000001";"€";
"42905.3744971";"Fuel used price (Week)";"3.4733770499999994";"€";
"42905.3744971";"Instant engine power (based on fuel consumption)";"2.2534813602003143";"hp";
"42905.3744971";"MAF air flow rate";"1.71";"g/sec";
"42905.3744971";"Power from MAF";"2.052";"hp";
"42905.4129985";"Average speed";"0";"km/h";
"42905.4129985";"Distance travelled";"0";"km";
"42905.4129985";"Distance travelled (Today)";"0";"km";
"42905.4129985";"Distance travelled (total)";"41.43032000000001";"km";
"42905.4129985";"Distance travelled (Week)";"32.364709";"km";
"42905.4129985";"Vehicle acceleration";"0";"g";
"42905.4129985";"Vehicle speed";"0";"km/h";
"42905.4490918";"Fuel/Air commanded equivalence ratio";"14.640051240000002";"";
"42905.5515858";"Fuel economizer (based on fuel system status and throttle position)";"1";"";
"42905.5515858";"Throttle position";"18.431372549019606";"%";
"42905.5934144";"Average fuel consumption (total)";"6.411845237980298";"L/100km";
"42905.5934144";"Average fuel consumption (Week)";"6.504343975408522";"L/100km";
"42905.5934144";"Calculated instant fuel rate";"0.5760141528253808";"L/h";
"42905.5934144";"Fuel used";"0.0009106371853651053";"L";
"42905.5934144";"Fuel used (Today)";"0.014518999999999999";"L";
"42905.5934144";"Fuel used (total)";"2.6564479999999997";"L";
"42905.5934144";"Fuel used (Week)";"2.1051119999999997";"L";
"42905.5934144";"Fuel used price";"0.0015025513558524237";"€";
"42905.5934144";"Fuel used price (Today)";"0.023956349999999998";"€";
"42905.5934144";"Fuel used price (total)";"4.3831392000000005";"€";
"42905.5934144";"Fuel used price (Week)";"3.4734347999999997";"€";
"42905.5934144";"Instant engine power (based on fuel consumption)";"2.2534813602003143";"hp";
"42905.5934144";"MAF air flow rate";"1.71";"g/sec";
"42905.5934144";"Power from MAF";"2.052";"hp";
"42905.638491";"Average speed";"0";"km/h";
"42905.638491";"Distance travelled";"0";"km";
"42905.638491";"Distance travelled (Today)";"0";"km";
"42905.638491";"Distance travelled (total)";"41.43032000000001";"km";
"42905.638491";"Distance travelled (Week)";"32.364709";"km";
"42905.638491";"Vehicle acceleration";"0";"g";
"42905.638491";"Vehicle speed";"0";"km/h";
"42905.683086";"Fuel/Air commanded equivalence ratio";"14.640051240000002";"";
"42905.7620825";"Fuel economizer (based on fuel system status and throttle position)";"1";"";
"42905.7620825";"Throttle position";"18.431372549019606";"%";
"42905.8140168";"Average fuel consumption (total)";"6.411932130864543";"L/100km";
"42905.8140168";"Average fuel consumption (Week)";"6.504455207676979";"L/100km";
"42905.8140168";"Calculated instant fuel rate";"0.58948816809615";"L/h";
"42905.8140168";"Fuel used";"0.0009467578927438121";"L";
"42905.8140168";"Fuel used (Today)";"0.014554999999999998";"L";
"42905.8140168";"Fuel used (total)";"2.656484";"L";
"42905.8140168";"Fuel used (Week)";"2.105148";"L";
"42905.8140168";"Fuel used price";"0.0015621505230272899";"€";
"42905.8140168";"Fuel used price (Today)";"0.024015749999999995";"€";
"42905.8140168";"Fuel used price (total)";"4.3831986";"€";
"42905.8140168";"Fuel used price (Week)";"3.4734941999999993";"€";
"42905.8140168";"Instant engine power (based on fuel consumption)";"2.3061943744740065";"hp";
"42905.8140168";"MAF air flow rate";"1.75";"g/sec";
"42905.8140168";"Power from MAF";"2.1";"hp";
"42905.8568772";"Average speed";"0";"km/h";
"42905.8568772";"Distance travelled";"0";"km";
"42905.8568772";"Distance travelled (Today)";"0";"km";
"42905.8568772";"Distance travelled (total)";"41.43032000000001";"km";
"42905.8568772";"Distance travelled (Week)";"32.364709";"km";
"42905.8568772";"Vehicle acceleration";"0";"g";
"42905.8568772";"Vehicle speed";"0";"km/h";
"42905.9019387";"Fuel/Air commanded equivalence ratio";"14.640051240000002";"";
"42905.9967001";"Fuel economizer (based on fuel system status and throttle position)";"1";"";
"42905.9967001";"Throttle position";"18.431372549019606";"%";
"42906.0369421";"Average fuel consumption (total)";"6.412019023748788";"L/100km";
"42906.0369421";"Average fuel consumption (Week)";"6.504566439945434";"L/100km";
"42906.0369421";"Calculated instant fuel rate";"0.5760141528253808";"L/h";
"42906.0369421";"Fuel used";"0.0009824298092125626";"L";
"42906.0369421";"Fuel used (Today)";"0.014591";"L";
"42906.0369421";"Fuel used (total)";"2.6565199999999995";"L";
"42906.0369421";"Fuel used (Week)";"2.1051839999999995";"L";
"42906.0369421";"Fuel used price";"0.001621009185200728";"€";
"42906.0369421";"Fuel used price (Today)";"0.024075149999999997";"€";
"42906.0369421";"Fuel used price (total)";"4.3832580000000005";"€";
"42906.0369421";"Fuel used price (Week)";"3.4735535999999994";"€";
"42906.0369421";"Instant engine power (based on fuel consumption)";"2.2534813602003143";"hp";
"42906.0369421";"MAF air flow rate";"1.71";"g/sec";
"42906.0369421";"Power from MAF";"2.052";"hp";
"42906.0861866";"Average speed";"0";"km/h";
"42906.0861866";"Distance travelled";"0";"km";
"42906.0861866";"Distance travelled (Today)";"0";"km";
"42906.0861866";"Distance travelled (total)";"41.43032000000001";"km";
"42906.0861866";"Distance travelled (Week)";"32.364709";"km";
"42906.0861866";"Vehicle acceleration";"0";"g";
"42906.0861866";"Vehicle speed";"0";"km/h";
"42906.1271118";"Fuel/Air commanded equivalence ratio";"14.640051240000002";"";
"42906.2063183";"Fuel economizer (based on fuel system status and throttle position)";"1";"";
"42906.2063183";"Throttle position";"18.431372549019606";"%";
"42906.2548083";"Average fuel consumption (total)";"6.412103502941805";"L/100km";
"42906.2548083";"Average fuel consumption (Week)";"6.504674582428656";"L/100km";
"42906.2548083";"Calculated instant fuel rate";"0.5760141528253808";"L/h";
"42906.2548083";"Fuel used";"0.0010172810015158956";"L";
"42906.2548083";"Fuel used (Today)";"0.014626";"L";
"42906.2548083";"Fuel used (total)";"2.6565549999999996";"L";
"42906.2548083";"Fuel used (Week)";"2.1052189999999995";"L";
"42906.2548083";"Fuel used price";"0.0016785136525012275";"€";
"42906.2548083";"Fuel used price (Today)";"0.0241329";"€";
"42906.2548083";"Fuel used price (total)";"4.38331575";"€";
"42906.2548083";"Fuel used price (Week)";"3.4736113499999997";"€";
"42906.2548083";"Instant engine power (based on fuel consumption)";"2.2534813602003143";"hp";
"42906.2548083";"MAF air flow rate";"1.71";"g/sec";
"42906.2548083";"Power from MAF";"2.052";"hp";
"42906.305132";"Average speed";"0";"km/h";
"42906.305132";"Distance travelled";"0";"km";
"42906.305132";"Distance travelled (Today)";"0";"km";
"42906.305132";"Distance travelled (total)";"41.43032000000001";"km";
"42906.305132";"Distance travelled (Week)";"32.364709";"km";
"42906.305132";"Vehicle acceleration";"0";"g";
"42906.305132";"Vehicle speed";"0";"km/h";
"42906.3450072";"Fuel/Air commanded equivalence ratio";"14.640051240000002";"";
"42906.4343572";"Fuel economizer (based on fuel system status and throttle position)";"1";"";
"42906.4343572";"Throttle position";"18.431372549019606";"%";
"42906.4804816";"Average fuel consumption (total)";"6.41219039582605";"L/100km";
"42906.4804816";"Average fuel consumption (Week)";"6.5047858146971125";"L/100km";
"42906.4804816";"Calculated instant fuel rate";"0.5760141528253808";"L/h";
"42906.4804816";"Fuel used";"0.0010533920167734234";"L";
"42906.4804816";"Fuel used (Today)";"0.014662";"L";
"42906.4804816";"Fuel used (total)";"2.6565909999999997";"L";
"42906.4804816";"Fuel used (Week)";"2.1052549999999997";"L";
"42906.4804816";"Fuel used price";"0.0017380968276761485";"€";
"42906.4804816";"Fuel used price (Today)";"0.024192299999999996";"€";
"42906.4804816";"Fuel used price (total)";"4.38337515";"€";
"42906.4804816";"Fuel used price (Week)";"3.4736707499999997";"€";
"42906.4804816";"Instant engine power (based on fuel consumption)";"2.2534813602003143";"hp";
"42906.4804816";"MAF air flow rate";"1.71";"g/sec";
"42906.4804816";"Power from MAF";"2.052";"hp";
"42906.5298522";"Average speed";"0";"km/h";
"42906.5298522";"Distance travelled";"0";"km";
"42906.5298522";"Distance travelled (Today)";"0";"km";
"42906.5298522";"Distance travelled (total)";"41.43032000000001";"km";
"42906.5298522";"Distance travelled (Week)";"32.364709";"km";
"42906.5298522";"Vehicle acceleration";"0";"g";
"42906.5298522";"Vehicle speed";"0";"km/h";
"42906.5699592";"Fuel/Air commanded equivalence ratio";"14.640051240000002";"";
"42906.6669822";"Fuel economizer (based on fuel system status and throttle position)";"1";"";
"42906.6669822";"Throttle position";"18.431372549019606";"%";
"42906.704771";"Average fuel consumption (total)";"6.412277288710295";"L/100km";
"42906.704771";"Average fuel consumption (Week)";"6.50489704696557";"L/100km";
"42906.704771";"Calculated instant fuel rate";"0.5760141528253808";"L/h";
"42906.704771";"Fuel used";"0.0010892779064995554";"L";
"42906.704771";"Fuel used (Today)";"0.014698";"L";
"42906.704771";"Fuel used (total)";"2.656627";"L";
"42906.704771";"Fuel used (Week)";"2.105291";"L";
"42906.704771";"Fuel used price";"0.0017973085457242662";"€";
"42906.704771";"Fuel used price (Today)";"0.024251699999999998";"€";
"42906.704771";"Fuel used price (total)";"4.3834345500000005";"€";
"42906.704771";"Fuel used price (Week)";"3.4737301499999993";"€";
"42906.704771";"Instant engine power (based on fuel consumption)";"2.2534813602003143";"hp";
"42906.704771";"MAF air flow rate";"1.71";"g/sec";
"42906.704771";"Power from MAF";"2.052";"hp";
"42906.7457999";"Average speed";"0";"km/h";
"42906.7457999";"Distance travelled";"0";"km";
"42906.7457999";"Distance travelled (Today)";"0";"km";
"42906.7457999";"Distance travelled (total)";"41.43032000000001";"km";
"42906.7457999";"Distance travelled (Week)";"32.364709";"km";
"42906.7457999";"Vehicle acceleration";"0";"g";
"42906.7457999";"Vehicle speed";"0";"km/h";
"42906.7854345";"Fuel/Air commanded equivalence ratio";"14.640051240000002";"";
"42906.8753239";"Fuel economizer (based on fuel system status and throttle position)";"1";"";
"42906.8753239";"Throttle position";"18.431372549019606";"%";
"42906.9131549";"Average fuel consumption (total)";"6.412359354212082";"L/100km";
"42906.9131549";"Average fuel consumption (Week)";"6.505002099663556";"L/100km";
"42906.9131549";"Calculated instant fuel rate";"0.5827511604607654";"L/h";
"42906.9131549";"Fuel used";"0.0011230091138576513";"L";
"42906.9131549";"Fuel used (Today)";"0.014731999999999999";"L";
"42906.9131549";"Fuel used (total)";"2.6566609999999997";"L";
"42906.9131549";"Fuel used (Week)";"2.1053249999999997";"L";
"42906.9131549";"Fuel used price";"0.0018529650378651245";"€";
"42906.9131549";"Fuel used price (Today)";"0.024307799999999997";"€";
"42906.9131549";"Fuel used price (total)";"4.383490650000001";"€";
"42906.9131549";"Fuel used price (Week)";"3.4737862499999994";"€";
"42906.9131549";"Instant engine power (based on fuel consumption)";"2.2798378673371604";"hp";
"42906.9131549";"MAF air flow rate";"1.73";"g/sec";
"42906.9131549";"Power from MAF";"2.076";"hp";
"42906.9530397";"Average speed";"0";"km/h";
"42906.9530397";"Distance travelled";"0";"km";
"42906.9530397";"Distance travelled (Today)";"0";"km";
"42906.9530397";"Distance travelled (total)";"41.43032000000001";"km";
"42906.9530397";"Distance travelled (Week)";"32.364709";"km";
"42906.9530397";"Vehicle acceleration";"0";"g";
"42906.9530397";"Vehicle speed";"0";"km/h";
"42906.9954028";"Fuel/Air commanded equivalence ratio";"14.640051240000002";"";
"42907.0727346";"Fuel economizer (based on fuel system status and throttle position)";"1";"";
"42907.0727346";"Throttle position";"18.431372549019606";"%";
"42907.1104088";"Average fuel consumption (total)";"6.412434178640181";"L/100km";
"42907.1104088";"Average fuel consumption (Week)";"6.5050978830058375";"L/100km";
"42907.1104088";"Calculated instant fuel rate";"0.5726456490076886";"L/h";
"42907.1104088";"Fuel used";"0.0011543965695004711";"L";
"42907.1104088";"Fuel used (Today)";"0.014762999999999998";"L";
"42907.1104088";"Fuel used (total)";"2.6566919999999996";"L";
"42907.1104088";"Fuel used (Week)";"2.1053559999999996";"L";
"42907.1104088";"Fuel used price";"0.0019047543396757771";"€";
"42907.1104088";"Fuel used price (Today)";"0.024358949999999997";"€";
"42907.1104088";"Fuel used price (total)";"4.383541800000001";"€";
"42907.1104088";"Fuel used price (Week)";"3.4738373999999994";"€";
"42907.1104088";"Instant engine power (based on fuel consumption)";"2.2403031066318917";"hp";
"42907.1104088";"MAF air flow rate";"1.7";"g/sec";
"42907.1104088";"Power from MAF";"2.04";"hp";
"42907.1617564";"Average speed";"0";"km/h";
"42907.1617564";"Distance travelled";"0";"km";
"42907.1617564";"Distance travelled (Today)";"0";"km";
"42907.1617564";"Distance travelled (total)";"41.43032000000001";"km";
"42907.1617564";"Distance travelled (Week)";"32.364709";"km";
"42907.1617564";"Vehicle acceleration";"0";"g";
"42907.1617564";"Vehicle speed";"0";"km/h";
"42907.2144651";"Fuel/Air commanded equivalence ratio";"14.640051240000002";"";
"42907.2942265";"Fuel economizer (based on fuel system status and throttle position)";"1";"";
"42907.2942265";"Throttle position";"18.431372549019606";"%";
"42907.3336226";"Average fuel consumption (total)";"6.412521071524428";"L/100km";
"42907.3336226";"Average fuel consumption (Week)";"6.505209115274294";"L/100km";
"42907.3336226";"Calculated instant fuel rate";"0.5760141528253808";"L/h";
"42907.3336226";"Fuel used";"0.0011901019427912648";"L";
"42907.3336226";"Fuel used (Today)";"0.014799";"L";
"42907.3336226";"Fuel used (total)";"2.6567279999999998";"L";
"42907.3336226";"Fuel used (Week)";"2.1053919999999997";"L";
"42907.3336226";"Fuel used price";"0.001963668205605587";"€";
"42907.3336226";"Fuel used price (Today)";"0.02441835";"€";
"42907.3336226";"Fuel used price (total)";"4.3836012";"€";
"42907.3336226";"Fuel used price (Week)";"3.4738967999999995";"€";
"42907.3336226";"Instant engine power (based on fuel consumption)";"2.2534813602003143";"hp";
"42907.3336226";"MAF air flow rate";"1.71";"g/sec";
"42907.3336226";"Power from MAF";"2.052";"hp";
"42907.3708381";"Average speed";"0";"km/h";
"42907.3708381";"Distance travelled";"0";"km";
"42907.3708381";"Distance travelled (Today)";"0";"km";
"42907.3708381";"Distance travelled (total)";"41.43032000000001";"km";
"42907.3708381";"Distance travelled (Week)";"32.364709";"km";
"42907.3708381";"Vehicle acceleration";"0";"g";
"42907.3708381";"Vehicle speed";"0";"km/h";
"42907.4103968";"Fuel/Air commanded equivalence ratio";"14.640051240000002";"";
"42907.4858405";"Fuel economizer (based on fuel system status and throttle position)";"1";"";
"42907.4858405";"Throttle position";"18.431372549019606";"%";
"42907.5250643";"Average fuel consumption (total)";"6.412593482261297";"L/100km";
"42907.5250643";"Average fuel consumption (Week)";"6.505301808831341";"L/100km";
"42907.5250643";"Calculated instant fuel rate";"0.565908641372304";"L/h";
"42907.5250643";"Fuel used";"0.0012201963984308027";"L";
"42907.5250643";"Fuel used (Today)";"0.014828999999999998";"L";
"42907.5250643";"Fuel used (total)";"2.6567579999999995";"L";
"42907.5250643";"Fuel used (Week)";"2.1054219999999995";"L";
"42907.5250643";"Fuel used price";"0.0020133240574108243";"€";
"42907.5250643";"Fuel used price (Today)";"0.024467849999999996";"€";
"42907.5250643";"Fuel used price (total)";"4.3836507000000005";"€";
"42907.5250643";"Fuel used price (Week)";"3.4739462999999997";"€";
"42907.5250643";"Instant engine power (based on fuel consumption)";"2.213946599495047";"hp";
"42907.5250643";"MAF air flow rate";"1.68";"g/sec";
"42907.5250643";"Power from MAF";"2.016";"hp";
"42907.5743761";"Average speed";"0";"km/h";
"42907.5743761";"Distance travelled";"0";"km";
"42907.5743761";"Distance travelled (Today)";"0";"km";
"42907.5743761";"Distance travelled (total)";"41.43032000000001";"km";
"42907.5743761";"Distance travelled (Week)";"32.364709";"km";
"42907.5743761";"Vehicle acceleration";"0";"g";
"42907.5743761";"Vehicle speed";"0";"km/h";
"42907.6140049";"Fuel/Air commanded equivalence ratio";"14.640051240000002";"";
"42907.6982926";"Fuel economizer (based on fuel system status and throttle position)";"1";"";
"42907.6982926";"Throttle position";"18.431372549019606";"%";
"42907.7380119";"Average fuel consumption (total)";"6.412675547763086";"L/100km";
"42907.7380119";"Average fuel consumption (Week)";"6.505406861529328";"L/100km";
"42907.7380119";"Calculated instant fuel rate";"0.5760141528253808";"L/h";
"42907.7380119";"Fuel used";"0.0012542777638192778";"L";
"42907.7380119";"Fuel used (Today)";"0.014863";"L";
"42907.7380119";"Fuel used (total)";"2.656792";"L";
"42907.7380119";"Fuel used (Week)";"2.1054559999999998";"L";
"42907.7380119";"Fuel used price";"0.002069558310301808";"€";
"42907.7380119";"Fuel used price (Today)";"0.024523949999999996";"€";
"42907.7380119";"Fuel used price (total)";"4.383706800000001";"€";
"42907.7380119";"Fuel used price (Week)";"3.4740023999999994";"€";
"42907.7380119";"Instant engine power (based on fuel consumption)";"2.2534813602003143";"hp";
"42907.7380119";"MAF air flow rate";"1.71";"g/sec";
"42907.7380119";"Power from MAF";"2.052";"hp";
"42907.7775745";"Average speed";"0";"km/h";
"42907.7775745";"Distance travelled";"0";"km";
"42907.7775745";"Distance travelled (Today)";"0";"km";
"42907.7775745";"Distance travelled (total)";"41.43032000000001";"km";
"42907.7775745";"Distance travelled (Week)";"32.364709";"km";
"42907.7775745";"Vehicle acceleration";"0";"g";
"42907.7775745";"Vehicle speed";"0";"km/h";
"42907.8179687";"Fuel/Air commanded equivalence ratio";"14.640051240000002";"";
"42907.9011104";"Fuel economizer (based on fuel system status and throttle position)";"1";"";
"42907.9011104";"Throttle position";"18.431372549019606";"%";
"42907.9424502";"Average fuel consumption (total)";"6.412755199573643";"L/100km";
"42907.9424502";"Average fuel consumption (Week)";"6.505508824442079";"L/100km";
"42907.9424502";"Calculated instant fuel rate";"0.5760141528253808";"L/h";
"42907.9424502";"Fuel used";"0.0012869810793486908";"L";
"42907.9424502";"Fuel used (Today)";"0.014896";"L";
"42907.9424502";"Fuel used (total)";"2.6568249999999995";"L";
"42907.9424502";"Fuel used (Week)";"2.1054889999999995";"L";
"42907.9424502";"Fuel used price";"0.0021235187809253396";"€";
"42907.9424502";"Fuel used price (Today)";"0.024578399999999997";"€";
"42907.9424502";"Fuel used price (total)";"4.38376125";"€";
"42907.9424502";"Fuel used price (Week)";"3.4740568499999993";"€";
"42907.9424502";"Instant engine power (based on fuel consumption)";"2.2534813602003143";"hp";
"42907.9424502";"MAF air flow rate";"1.71";"g/sec";
"42907.9424502";"Power from MAF";"2.052";"hp";
"42907.9824975";"Average speed";"0";"km/h";
"42907.9824975";"Distance travelled";"0";"km";
"42907.9824975";"Distance travelled (Today)";"0";"km";
"42907.9824975";"Distance travelled (total)";"41.43032000000001";"km";
"42907.9824975";"Distance travelled (Week)";"32.364709";"km";
"42907.9824975";"Vehicle acceleration";"0";"g";
"42907.9824975";"Vehicle speed";"0";"km/h";
"42908.0207998";"Fuel/Air commanded equivalence ratio";"14.640051240000002";"";
"42908.0977025";"Fuel economizer (based on fuel system status and throttle position)";"1";"";
"42908.0977025";"Throttle position";"18.431372549019606";"%";
"42908.1386381";"Average fuel consumption (total)";"6.4128324376929715";"L/100km";
"42908.1386381";"Average fuel consumption (Week)";"6.505607697569595";"L/100km";
"42908.1386381";"Calculated instant fuel rate";"0.5827511604607654";"L/h";
"42908.1386381";"Fuel used";"0.001318735950896213";"L";
"42908.1386381";"Fuel used (Today)";"0.014927999999999999";"L";
"42908.1386381";"Fuel used (total)";"2.6568569999999996";"L";
"42908.1386381";"Fuel used (Week)";"2.1055209999999995";"L";
"42908.1386381";"Fuel used price";"0.0021759143189787515";"€";
"42908.1386381";"Fuel used price (Today)";"0.024631199999999995";"€";
"42908.1386381";"Fuel used price (total)";"4.383814050000001";"€";
"42908.1386381";"Fuel used price (Week)";"3.4741096499999995";"€";
"42908.1386381";"Instant engine power (based on fuel consumption)";"2.2798378673371604";"hp";
"42908.1386381";"MAF air flow rate";"1.73";"g/sec";
"42908.1386381";"Power from MAF";"2.076";"hp";
"42908.1863033";"Average speed";"0";"km/h";
"42908.1863033";"Distance travelled";"0";"km";
"42908.1863033";"Distance travelled (Today)";"0";"km";
"42908.1863033";"Distance travelled (total)";"41.43032000000001";"km";
"42908.1863033";"Distance travelled (Week)";"32.364709";"km";
"42908.1863033";"Vehicle acceleration";"0";"g";
"42908.1863033";"Vehicle speed";"0";"km/h";
"42908.2296094";"Fuel/Air commanded equivalence ratio";"14.640051240000002";"";
"42908.3257457";"Fuel economizer (based on fuel system status and throttle position)";"1";"";
"42908.3257457";"Throttle position";"18.431372549019606";"%";
"42908.3868593";"Average fuel consumption (total)";"6.412926571650905";"L/100km";
"42908.3868593";"Average fuel consumption (Week)";"6.505728199193757";"L/100km";
"42908.3868593";"Calculated instant fuel rate";"0.565908641372304";"L/h";
"42908.3868593";"Fuel used";"0.0013577899821837485";"L";
"42908.3868593";"Fuel used (Today)";"0.014967";"L";
"42908.3868593";"Fuel used (total)";"2.6568959999999997";"L";
"42908.3868593";"Fuel used (Week)";"2.1055599999999997";"L";
"42908.3868593";"Fuel used price";"0.002240353470603185";"€";
"42908.3868593";"Fuel used price (Today)";"0.024695549999999997";"€";
"42908.3868593";"Fuel used price (total)";"4.3838784";"€";
"42908.3868593";"Fuel used price (Week)";"3.4741739999999997";"€";
"42908.3868593";"Instant engine power (based on fuel consumption)";"2.213946599495047";"hp";
"42908.3868593";"MAF air flow rate";"1.68";"g/sec";
"42908.3868593";"Power from MAF";"2.016";"hp";
"42908.4287989";"Average speed";"0";"km/h";
"42908.4287989";"Distance travelled";"0";"km";
"42908.4287989";"Distance travelled (Today)";"0";"km";
"42908.4287989";"Distance travelled (total)";"41.43032000000001";"km";
"42908.4287989";"Distance travelled (Week)";"32.364709";"km";
"42908.4287989";"Vehicle acceleration";"0";"g";
"42908.4287989";"Vehicle speed";"0";"km/h";
"42908.4688994";"Fuel/Air commanded equivalence ratio";"14.640051240000002";"";
"42908.5478945";"Fuel economizer (based on fuel system status and throttle position)";"1";"";
"42908.5478945";"Throttle position";"18.431372549019606";"%";
"42908.5893287";"Average fuel consumption (total)";"6.413006223461464";"L/100km";
"42908.5893287";"Average fuel consumption (Week)";"6.505830162106509";"L/100km";
"42908.5893287";"Calculated instant fuel rate";"0.5827511604607654";"L/h";
"42908.5893287";"Fuel used";"0.0013905282625020804";"L";
"42908.5893287";"Fuel used (Today)";"0.015";"L";
"42908.5893287";"Fuel used (total)";"2.656929";"L";
"42908.5893287";"Fuel used (Week)";"2.105593";"L";
"42908.5893287";"Fuel used price";"0.0022943716331284324";"€";
"42908.5893287";"Fuel used price (Today)";"0.024749999999999998";"€";
"42908.5893287";"Fuel used price (total)";"4.38393285";"€";
"42908.5893287";"Fuel used price (Week)";"3.4742284499999996";"€";
"42908.5893287";"Instant engine power (based on fuel consumption)";"2.2798378673371604";"hp";
"42908.5893287";"MAF air flow rate";"1.73";"g/sec";
"42908.5893287";"Power from MAF";"2.076";"hp";
"42908.6302831";"Average speed";"0";"km/h";
"42908.6302831";"Distance travelled";"0";"km";
"42908.6302831";"Distance travelled (Today)";"0";"km";
"42908.6302831";"Distance travelled (total)";"41.43032000000001";"km";
"42908.6302831";"Distance travelled (Week)";"32.364709";"km";
"42908.6302831";"Vehicle acceleration";"0";"g";
"42908.6302831";"Vehicle speed";"0";"km/h";
"42908.670669";"Fuel/Air commanded equivalence ratio";"14.640051240000002";"";
"42908.7617995";"Fuel economizer (based on fuel system status and throttle position)";"1";"";
"42908.7617995";"Throttle position";"18.431372549019606";"%";
"42908.8011433";"Average fuel consumption (total)";"6.41308828896325";"L/100km";
"42908.8011433";"Average fuel consumption (Week)";"6.505935214804496";"L/100km";
"42908.8011433";"Calculated instant fuel rate";"0.5827511604607654";"L/h";
"42908.8011433";"Fuel used";"0.0014248118046475675";"L";
"42908.8011433";"Fuel used (Today)";"0.015033999999999999";"L";
"42908.8011433";"Fuel used (total)";"2.6569629999999997";"L";
"42908.8011433";"Fuel used (Week)";"2.1056269999999997";"L";
"42908.8011433";"Fuel used price";"0.002350939477668486";"€";
"42908.8011433";"Fuel used price (Today)";"0.024806099999999998";"€";
"42908.8011433";"Fuel used price (total)";"4.38398895";"€";
"42908.8011433";"Fuel used price (Week)";"3.4742845499999997";"€";
"42908.8011433";"Instant engine power (based on fuel consumption)";"2.2798378673371604";"hp";
"42908.8011433";"MAF air flow rate";"1.73";"g/sec";
"42908.8011433";"Power from MAF";"2.076";"hp";
"42908.8413634";"Average speed";"0";"km/h";
"42908.8413634";"Distance travelled";"0";"km";
"42908.8413634";"Distance travelled (Today)";"0";"km";
"42908.8413634";"Distance travelled (total)";"41.43032000000001";"km";
"42908.8413634";"Distance travelled (Week)";"32.364709";"km";
"42908.8413634";"Vehicle acceleration";"0";"g";
"42908.8413634";"Vehicle speed";"0";"km/h";
"42908.8787156";"Fuel/Air commanded equivalence ratio";"14.640051240000002";"";
"42908.9668331";"Fuel economizer (based on fuel system status and throttle position)";"1";"";
"42908.9668331";"Throttle position";"18.431372549019606";"%";
"42909.0140791";"Average fuel consumption (total)";"6.413170354465037";"L/100km";
"42909.0140791";"Average fuel consumption (Week)";"6.506040267502481";"L/100km";
"42909.0140791";"Calculated instant fuel rate";"0.5760141528253808";"L/h";
"42909.0140791";"Fuel used";"0.0014588953780902952";"L";
"42909.0140791";"Fuel used (Today)";"0.015068";"L";
"42909.0140791";"Fuel used (total)";"2.6569969999999996";"L";
"42909.0140791";"Fuel used (Week)";"2.1056609999999996";"L";
"42909.0140791";"Fuel used price";"0.002407177373848987";"€";
"42909.0140791";"Fuel used price (Today)";"0.024862199999999997";"€";
"42909.0140791";"Fuel used price (total)";"4.38404505";"€";
"42909.0140791";"Fuel used price (Week)";"3.4743406499999994";"€";
"42909.0140791";"Instant engine power (based on fuel consumption)";"2.2534813602003143";"hp";
"42909.0140791";"MAF air flow rate";"1.71";"g/sec";
"42909.0140791";"Power from MAF";"2.052";"hp";
"42909.0582483";"Average speed";"0";"km/h";
"42909.0582483";"Distance travelled";"0";"km";
"42909.0582483";"Distance travelled (Today)";"0";"km";
"42909.0582483";"Distance travelled (total)";"41.43032000000001";"km";
"42909.0582483";"Distance travelled (Week)";"32.364709";"km";
"42909.0582483";"Vehicle acceleration";"0";"g";
"42909.0582483";"Vehicle speed";"0";"km/h";
"42909.1064768";"Fuel/Air commanded equivalence ratio";"14.640051240000002";"";
"42909.1863116";"Fuel economizer (based on fuel system status and throttle position)";"1";"";
"42909.1863116";"Throttle position";"18.431372549019606";"%";
"42909.234445";"Average fuel consumption (total)";"6.413254833658053";"L/100km";
"42909.234445";"Average fuel consumption (Week)";"6.506148409985703";"L/100km";
"42909.234445";"Calculated instant fuel rate";"0.5726456490076886";"L/h";
"42909.234445";"Fuel used";"0.0014939371242217868";"L";
"42909.234445";"Fuel used (Today)";"0.015102999999999998";"L";
"42909.234445";"Fuel used (total)";"2.6570319999999996";"L";
"42909.234445";"Fuel used (Week)";"2.1056959999999996";"L";
"42909.234445";"Fuel used price";"0.002464996254965948";"€";
"42909.234445";"Fuel used price (Today)";"0.024919949999999996";"€";
"42909.234445";"Fuel used price (total)";"4.3841028";"€";
"42909.234445";"Fuel used price (Week)";"3.4743983999999997";"€";
"42909.234445";"Instant engine power (based on fuel consumption)";"2.2403031066318917";"hp";
"42909.234445";"MAF air flow rate";"1.7";"g/sec";
"42909.234445";"Power from MAF";"2.04";"hp";
"42909.275378";"Average speed";"0";"km/h";
"42909.275378";"Distance travelled";"0";"km";
"42909.275378";"Distance travelled (Today)";"0";"km";
"42909.275378";"Distance travelled (total)";"41.43032000000001";"km";
"42909.275378";"Distance travelled (Week)";"32.364709";"km";
"42909.275378";"Vehicle acceleration";"0";"g";
"42909.275378";"Vehicle speed";"0";"km/h";
"42909.3151812";"Fuel/Air commanded equivalence ratio";"14.640051240000002";"";
"42909.4014884";"Fuel economizer (based on fuel system status and throttle position)";"1";"";
"42909.4014884";"Throttle position";"18.431372549019606";"%";
"42909.450082";"Average fuel consumption (total)";"6.413339312851069";"L/100km";
"42909.450082";"Average fuel consumption (Week)";"6.506256552468924";"L/100km";
"42909.450082";"Calculated instant fuel rate";"0.5760141528253808";"L/h";
"42909.450082";"Fuel used";"0.0015284389319406451";"L";
"42909.450082";"Fuel used (Today)";"0.015137999999999999";"L";
"42909.450082";"Fuel used (total)";"2.6570669999999996";"L";
"42909.450082";"Fuel used (Week)";"2.1057309999999996";"L";
"42909.450082";"Fuel used price";"0.0025219242377020642";"€";
"42909.450082";"Fuel used price (Today)";"0.0249777";"€";
"42909.450082";"Fuel used price (total)";"4.38416055";"€";
"42909.450082";"Fuel used price (Week)";"3.4744561499999995";"€";
"42909.450082";"Instant engine power (based on fuel consumption)";"2.2534813602003143";"hp";
"42909.450082";"MAF air flow rate";"1.71";"g/sec";
"42909.450082";"Power from MAF";"2.052";"hp";
"42909.4941431";"Average speed";"0";"km/h";
"42909.4941431";"Distance travelled";"0";"km";
"42909.4941431";"Distance travelled (Today)";"0";"km";
"42909.4941431";"Distance travelled (total)";"41.43032000000001";"km";
"42909.4941431";"Distance travelled (Week)";"32.364709";"km";
"42909.4941431";"Vehicle acceleration";"0";"g";
"42909.4941431";"Vehicle speed";"0";"km/h";
"42909.5343011";"Fuel/Air commanded equivalence ratio";"14.640051240000002";"";
"42909.6387115";"Fuel economizer (based on fuel system status and throttle position)";"1";"";
"42909.6387115";"Throttle position";"18.431372549019606";"%";
"42909.6765331";"Average fuel consumption (total)";"6.413431033117773";"L/100km";
"42909.6765331";"Average fuel consumption (Week)";"6.506373964307851";"L/100km";
"42909.6765331";"Calculated instant fuel rate";"0.5995936795492269";"L/h";
"42909.6765331";"Fuel used";"0.0015661547401254505";"L";
"42909.6765331";"Fuel used (Today)";"0.015175999999999999";"L";
"42909.6765331";"Fuel used (total)";"2.6571049999999996";"L";
"42909.6765331";"Fuel used (Week)";"2.1057689999999996";"L";
"42909.6765331";"Fuel used price";"0.002584155321206993";"€";
"42909.6765331";"Fuel used price (Today)";"0.025040399999999997";"€";
"42909.6765331";"Fuel used price (total)";"4.384223250000001";"€";
"42909.6765331";"Fuel used price (Week)";"3.4745188499999995";"€";
"42909.6765331";"Instant engine power (based on fuel consumption)";"2.3457291351792757";"hp";
"42909.6765331";"MAF air flow rate";"1.78";"g/sec";
"42909.6765331";"Power from MAF";"2.136";"hp";
"42909.7156513";"Average speed";"0";"km/h";
"42909.7156513";"Distance travelled";"0";"km";
"42909.7156513";"Distance travelled (Today)";"0";"km";
"42909.7156513";"Distance travelled (total)";"41.43032000000001";"km";
"42909.7156513";"Distance travelled (Week)";"32.364709";"km";
"42909.7156513";"Vehicle acceleration";"0";"g";
"42909.7156513";"Vehicle speed";"0";"km/h";
"42909.7528681";"Fuel/Air commanded equivalence ratio";"14.640051240000002";"";
"42909.832614";"Fuel economizer (based on fuel system status and throttle position)";"1";"";
"42909.832614";"Throttle position";"18.431372549019606";"%";
"42909.8698614";"Average fuel consumption (total)";"6.413508271237101";"L/100km";
"42909.8698614";"Average fuel consumption (Week)";"6.506472837435368";"L/100km";
"42909.8698614";"Calculated instant fuel rate";"0.58948816809615";"L/h";
"42909.8698614";"Fuel used";"0.0015978105331216263";"L";
"42909.8698614";"Fuel used (Today)";"0.015208";"L";
"42909.8698614";"Fuel used (total)";"2.6571369999999996";"L";
"42909.8698614";"Fuel used (Week)";"2.1058009999999996";"L";
"42909.8698614";"Fuel used price";"0.0026363873796506833";"€";
"42909.8698614";"Fuel used price (Today)";"0.025093199999999996";"€";
"42909.8698614";"Fuel used price (total)";"4.38427605";"€";
"42909.8698614";"Fuel used price (Week)";"3.4745716499999997";"€";
"42909.8698614";"Instant engine power (based on fuel consumption)";"2.3061943744740065";"hp";
"42909.8698614";"MAF air flow rate";"1.75";"g/sec";
"42909.8698614";"Power from MAF";"2.1";"hp";
"42909.910131";"Average speed";"0";"km/h";
"42909.910131";"Distance travelled";"0";"km";
"42909.910131";"Distance travelled (Today)";"0";"km";
"42909.910131";"Distance travelled (total)";"41.43032000000001";"km";
"42909.910131";"Distance travelled (Week)";"32.364709";"km";
"42909.910131";"Vehicle acceleration";"0";"g";
"42909.910131";"Vehicle speed";"0";"km/h";
"42909.9534168";"Fuel/Air commanded equivalence ratio";"14.640051240000002";"";
"42910.0401307";"Fuel economizer (based on fuel system status and throttle position)";"1";"";
"42910.0401307";"Throttle position";"18.431372549019606";"%";
"42910.0787997";"Average fuel consumption (total)";"6.41358792304766";"L/100km";
"42910.0787997";"Average fuel consumption (Week)";"6.50657480034812";"L/100km";
"42910.0787997";"Calculated instant fuel rate";"0.565908641372304";"L/h";
"42910.0787997";"Fuel used";"0.0016306729265245384";"L";
"42910.0787997";"Fuel used (Today)";"0.015241";"L";
"42910.0787997";"Fuel used (total)";"2.65717";"L";
"42910.0787997";"Fuel used (Week)";"2.1058339999999998";"L";
"42910.0787997";"Fuel used price";"0.0026906103287654883";"€";
"42910.0787997";"Fuel used price (Today)";"0.025147649999999997";"€";
"42910.0787997";"Fuel used price (total)";"4.3843305";"€";
"42910.0787997";"Fuel used price (Week)";"3.4746260999999996";"€";
"42910.0787997";"Instant engine power (based on fuel consumption)";"2.213946599495047";"hp";
"42910.0787997";"MAF air flow rate";"1.68";"g/sec";
"42910.0787997";"Power from MAF";"2.016";"hp";
"42910.1176462";"Average speed";"0";"km/h";
"42910.1176462";"Distance travelled";"0";"km";
"42910.1176462";"Distance travelled (Today)";"0";"km";
"42910.1176462";"Distance travelled (total)";"41.43032000000001";"km";
"42910.1176462";"Distance travelled (Week)";"32.364709";"km";
"42910.1176462";"Vehicle acceleration";"0";"g";
"42910.1176462";"Vehicle speed";"0";"km/h";
"42910.1666398";"Fuel/Air commanded equivalence ratio";"14.640051240000002";"";
"42910.2659084";"Fuel economizer (based on fuel system status and throttle position)";"1";"";
"42910.2659084";"Throttle position";"20";"%";
"42910.3062739";"Average fuel consumption (total)";"6.413730330830173";"L/100km";
"42910.3062739";"Average fuel consumption (Week)";"6.506757097676978";"L/100km";
"42910.3062739";"Calculated instant fuel rate";"0.9364440613184556";"L/h";
"42910.3062739";"Fuel used";"0.00168981732877132";"L";
"42910.3062739";"Fuel used (Today)";"0.0153";"L";
"42910.3062739";"Fuel used (total)";"2.6572289999999996";"L";
"42910.3062739";"Fuel used (Week)";"2.1058929999999996";"L";
"42910.3062739";"Fuel used price";"0.0027881985924726777";"€";
"42910.3062739";"Fuel used price (Today)";"0.025244999999999997";"€";
"42910.3062739";"Fuel used price (total)";"4.384427850000001";"€";
"42910.3062739";"Fuel used price (Week)";"3.4747234499999995";"€";
"42910.3062739";"Instant engine power (based on fuel consumption)";"3.6635544920215657";"hp";
"42910.3062739";"MAF air flow rate";"2.7800000000000002";"g/sec";
"42910.3062739";"Power from MAF";"3.3360000000000003";"hp";
"42910.3581127";"Average speed";"0";"km/h";
"42910.3581127";"Distance travelled";"0";"km";
"42910.3581127";"Distance travelled (Today)";"0";"km";
"42910.3581127";"Distance travelled (total)";"41.43032000000001";"km";
"42910.3581127";"Distance travelled (Week)";"32.364709";"km";
"42910.3581127";"Vehicle acceleration";"0";"g";
"42910.3581127";"Vehicle speed";"0";"km/h";
"42910.4027495";"Fuel/Air commanded equivalence ratio";"14.640051240000002";"";
"42910.5013677";"Fuel economizer (based on fuel system status and throttle position)";"1";"";
"42910.5013677";"Throttle position";"20.784313725490197";"%";
"42910.5423548";"Average fuel consumption (total)";"6.413921012437265";"L/100km";
"42910.5423548";"Average fuel consumption (Week)";"6.507001190710535";"L/100km";
"42910.5423548";"Calculated instant fuel rate";"1.1991873590984539";"L/h";
"42910.5423548";"Fuel used";"0.0017684584368645177";"L";
"42910.5423548";"Fuel used (Today)";"0.015378999999999999";"L";
"42910.5423548";"Fuel used (total)";"2.6573079999999996";"L";
"42910.5423548";"Fuel used (Week)";"2.1059719999999995";"L";
"42910.5423548";"Fuel used price";"0.002917956420826454";"€";
"42910.5423548";"Fuel used price (Today)";"0.025375349999999998";"€";
"42910.5423548";"Fuel used price (total)";"4.3845582";"€";
"42910.5423548";"Fuel used price (Week)";"3.4748537999999995";"€";
"42910.5423548";"Instant engine power (based on fuel consumption)";"4.6914582703585515";"hp";
"42910.5423548";"MAF air flow rate";"3.56";"g/sec";
"42910.5423548";"Power from MAF";"4.272";"hp";
"42910.5939198";"Average speed";"0";"km/h";
"42910.5939198";"Distance travelled";"0";"km";
"42910.5939198";"Distance travelled (Today)";"0";"km";
"42910.5939198";"Distance travelled (total)";"41.43032000000001";"km";
"42910.5939198";"Distance travelled (Week)";"32.364709";"km";
"42910.5939198";"Vehicle acceleration";"0";"g";
"42910.5939198";"Vehicle speed";"0";"km/h";
"42910.6387838";"Fuel/Air commanded equivalence ratio";"14.640051240000002";"";
"42910.7333804";"Fuel economizer (based on fuel system status and throttle position)";"1";"";
"42910.7333804";"Throttle position";"20.392156862745097";"%";
"42910.7732667";"Average fuel consumption (total)";"6.414094798205757";"L/100km";
"42910.7732667";"Average fuel consumption (Week)";"6.507223655247448";"L/100km";
"42910.7732667";"Calculated instant fuel rate";"1.118343267473839";"L/h";
"42910.7732667";"Fuel used";"0.0018401885391290192";"L";
"42910.7732667";"Fuel used (Today)";"0.015451";"L";
"42910.7732667";"Fuel used (total)";"2.65738";"L";
"42910.7732667";"Fuel used (Week)";"2.106044";"L";
"42910.7732667";"Fuel used price";"0.0030363110895628813";"€";
"42910.7732667";"Fuel used price (Today)";"0.025494149999999997";"€";
"42910.7732667";"Fuel used price (total)";"4.384677";"€";
"42910.7732667";"Fuel used price (Week)";"3.4749725999999996";"€";
"42910.7732667";"Instant engine power (based on fuel consumption)";"4.375180184716402";"hp";
"42910.7732667";"MAF air flow rate";"3.3200000000000003";"g/sec";
"42910.7732667";"Power from MAF";"3.984";"hp";
"42910.8143396";"Average speed";"0";"km/h";
"42910.8143396";"Distance travelled";"0";"km";
"42910.8143396";"Distance travelled (Today)";"0";"km";
"42910.8143396";"Distance travelled (total)";"41.43032000000001";"km";
"42910.8143396";"Distance travelled (Week)";"32.364709";"km";
"42910.8143396";"Vehicle acceleration";"0";"g";
"42910.8143396";"Vehicle speed";"0";"km/h";
"42910.8539916";"Fuel/Air commanded equivalence ratio";"14.640051240000002";"";
"42910.9462354";"Fuel economizer (based on fuel system status and throttle position)";"1";"";
"42910.9462354";"Throttle position";"20.392156862745097";"%";
"42910.9895217";"Average fuel consumption (total)";"6.414251688135643";"L/100km";
"42910.9895217";"Average fuel consumption (Week)";"6.507424491287717";"L/100km";
"42910.9895217";"Calculated instant fuel rate";"1.0812897254792238";"L/h";
"42910.9895217";"Fuel used";"0.001905145337380944";"L";
"42910.9895217";"Fuel used (Today)";"0.015515999999999999";"L";
"42910.9895217";"Fuel used (total)";"2.6574449999999996";"L";
"42910.9895217";"Fuel used (Week)";"2.1061089999999996";"L";
"42910.9895217";"Fuel used price";"0.0031434898066785575";"€";
"42910.9895217";"Fuel used price (Today)";"0.025601399999999996";"€";
"42910.9895217";"Fuel used price (total)";"4.38478425";"€";
"42910.9895217";"Fuel used price (Week)";"3.4750798499999993";"€";
"42910.9895217";"Instant engine power (based on fuel consumption)";"4.23021939546375";"hp";
"42910.9895217";"MAF air flow rate";"3.21";"g/sec";
"42910.9895217";"Power from MAF";"3.852";"hp";
"42911.024802";"Average speed";"0";"km/h";
"42911.024802";"Distance travelled";"0";"km";
"42911.024802";"Distance travelled (Today)";"0";"km";
"42911.024802";"Distance travelled (total)";"41.43032000000001";"km";
"42911.024802";"Distance travelled (Week)";"32.364709";"km";
"42911.024802";"Vehicle acceleration";"0";"g";
"42911.024802";"Vehicle speed";"0";"km/h";
"42911.0660037";"Fuel/Air commanded equivalence ratio";"14.640051240000002";"";
"42911.1532746";"Fuel economizer (based on fuel system status and throttle position)";"1";"";
"42911.1532746";"Throttle position";"20.784313725490197";"%";
"42911.193478";"Average fuel consumption (total)";"6.414418232830446";"L/100km";
"42911.193478";"Average fuel consumption (Week)";"6.507637686468923";"L/100km";
"42911.193478";"Calculated instant fuel rate";"1.2092928705515305";"L/h";
"42911.193478";"Fuel used";"0.0019736585975658194";"L";
"42911.193478";"Fuel used (Today)";"0.015585";"L";
"42911.193478";"Fuel used (total)";"2.6575139999999995";"L";
"42911.193478";"Fuel used (Week)";"2.1061779999999994";"L";
"42911.193478";"Fuel used price";"0.003256536685983602";"€";
"42911.193478";"Fuel used price (Today)";"0.02571525";"€";
"42911.193478";"Fuel used price (total)";"4.3848981";"€";
"42911.193478";"Fuel used price (Week)";"3.4751936999999997";"€";
"42911.193478";"Instant engine power (based on fuel consumption)";"4.730993031063819";"hp";
"42911.193478";"MAF air flow rate";"3.59";"g/sec";
"42911.193478";"Power from MAF";"4.308";"hp";
"42911.2367065";"Average speed";"0";"km/h";
"42911.2367065";"Distance travelled";"0";"km";
"42911.2367065";"Distance travelled (Today)";"0";"km";
"42911.2367065";"Distance travelled (total)";"41.43032000000001";"km";
"42911.2367065";"Distance travelled (Week)";"32.364709";"km";
"42911.2367065";"Vehicle acceleration";"0";"g";
"42911.2367065";"Vehicle speed";"0";"km/h";
"42911.2734278";"Fuel/Air commanded equivalence ratio";"14.640051240000002";"";
"42911.3657412";"Fuel economizer (based on fuel system status and throttle position)";"1";"";
"42911.3657412";"Throttle position";"20.392156862745097";"%";
"42911.4087046";"Average fuel consumption (total)";"6.414575122760334";"L/100km";
"42911.4087046";"Average fuel consumption (Week)";"6.507838522509194";"L/100km";
"42911.4087046";"Calculated instant fuel rate";"1.094763740749993";"L/h";
"42911.4087046";"Fuel used";"0.0020391013236401648";"L";
"42911.4087046";"Fuel used (Today)";"0.01565";"L";
"42911.4087046";"Fuel used (total)";"2.6575789999999997";"L";
"42911.4087046";"Fuel used (Week)";"2.1062429999999996";"L";
"42911.4087046";"Fuel used price";"0.0033645171840062716";"€";
"42911.4087046";"Fuel used price (Today)";"0.025822499999999998";"€";
"42911.4087046";"Fuel used price (total)";"4.38500535";"€";
"42911.4087046";"Fuel used price (Week)";"3.4753009499999994";"€";
"42911.4087046";"Instant engine power (based on fuel consumption)";"4.282932409737441";"hp";
"42911.4087046";"MAF air flow rate";"3.25";"g/sec";
"42911.4087046";"Power from MAF";"3.9";"hp";
"42911.4588773";"Average speed";"0";"km/h";
"42911.4588773";"Distance travelled";"0";"km";
"42911.4588773";"Distance travelled (Today)";"0";"km";
"42911.4588773";"Distance travelled (total)";"41.43032000000001";"km";
"42911.4588773";"Distance travelled (Week)";"32.364709";"km";
"42911.4588773";"Vehicle acceleration";"0";"g";
"42911.4588773";"Vehicle speed";"0";"km/h";
"42911.4979964";"Fuel/Air commanded equivalence ratio";"14.640051240000002";"";
"42911.590076";"Fuel economizer (based on fuel system status and throttle position)";"1";"";
"42911.590076";"Throttle position";"20.392156862745097";"%";
"42911.6280727";"Average fuel consumption (total)";"6.414734426381449";"L/100km";
"42911.6280727";"Average fuel consumption (Week)";"6.508042448334695";"L/100km";
"42911.6280727";"Calculated instant fuel rate";"1.0880267331146083";"L/h";
"42911.6280727";"Fuel used";"0.002105399235264665";"L";
"42911.6280727";"Fuel used (Today)";"0.015716";"L";
"42911.6280727";"Fuel used (total)";"2.6576449999999996";"L";
"42911.6280727";"Fuel used (Week)";"2.1063089999999995";"L";
"42911.6280727";"Fuel used price";"0.003473908738186697";"€";
"42911.6280727";"Fuel used price (Today)";"0.025931399999999997";"€";
"42911.6280727";"Fuel used price (total)";"4.38511425";"€";
"42911.6280727";"Fuel used price (Week)";"3.4754098499999997";"€";
"42911.6280727";"Instant engine power (based on fuel consumption)";"4.256575902600594";"hp";
"42911.6280727";"MAF air flow rate";"3.23";"g/sec";
"42911.6280727";"Power from MAF";"3.876";"hp";
"42911.6690937";"Average speed";"0";"km/h";
"42911.6690937";"Distance travelled";"0";"km";
"42911.6690937";"Distance travelled (Today)";"0";"km";
"42911.6690937";"Distance travelled (total)";"41.43032000000001";"km";
"42911.6690937";"Distance travelled (Week)";"32.364709";"km";
"42911.6690937";"Vehicle acceleration";"0";"g";
"42911.6690937";"Vehicle speed";"0";"km/h";
"42911.7185784";"Fuel/Air commanded equivalence ratio";"14.640051240000002";"";
"42911.8112035";"Fuel economizer (based on fuel system status and throttle position)";"1";"";
"42911.8112035";"Throttle position";"20.784313725490197";"%";
"42911.8494378";"Average fuel consumption (total)";"6.414905798458712";"L/100km";
"42911.8494378";"Average fuel consumption (Week)";"6.508261823086374";"L/100km";
"42911.8494378";"Calculated instant fuel rate";"1.1621338171038387";"L/h";
"42911.8494378";"Fuel used";"0.002176858068922502";"L";
"42911.8494378";"Fuel used (Today)";"0.015787";"L";
"42911.8494378";"Fuel used (total)";"2.6577159999999997";"L";
"42911.8494378";"Fuel used (Week)";"2.1063799999999997";"L";
"42911.8494378";"Fuel used price";"0.0035918158137221282";"€";
"42911.8494378";"Fuel used price (Today)";"0.026048549999999997";"€";
"42911.8494378";"Fuel used price (total)";"4.3852314";"€";
"42911.8494378";"Fuel used price (Week)";"3.4755269999999996";"€";
"42911.8494378";"Instant engine power (based on fuel consumption)";"4.546497481105899";"hp";
"42911.8494378";"MAF air flow rate";"3.45";"g/sec";
"42911.8494378";"Power from MAF";"4.14";"hp";
"42911.8882628";"Average speed";"0";"km/h";
"42911.8882628";"Distance travelled";"0";"km";
"42911.8882628";"Distance travelled (Today)";"0";"km";
"42911.8882628";"Distance travelled (total)";"41.43032000000001";"km";
"42911.8882628";"Distance travelled (Week)";"32.364709";"km";
"42911.8882628";"Vehicle acceleration";"0";"g";
"42911.8882628";"Vehicle speed";"0";"km/h";
"42911.9248333";"Fuel/Air commanded equivalence ratio";"14.640051240000002";"";
"42912.0139312";"Fuel economizer (based on fuel system status and throttle position)";"1";"";
"42912.0139312";"Throttle position";"22.745098039215687";"%";
"42912.0583509";"Average fuel consumption (total)";"6.415173718185134";"L/100km";
"42912.0583509";"Average fuel consumption (Week)";"6.508604789247448";"L/100km";
"42912.0583509";"Calculated instant fuel rate";"1.9133101684492182";"L/h";
"42912.0583509";"Fuel used";"0.0022879470363503557";"L";
"42912.0583509";"Fuel used (Today)";"0.015898";"L";
"42912.0583509";"Fuel used (total)";"2.6578269999999997";"L";
"42912.0583509";"Fuel used (Week)";"2.1064909999999997";"L";
"42912.0583509";"Fuel used price";"0.003775112609978087";"€";
"42912.0583509";"Fuel used price (Today)";"0.026231699999999997";"€";
"42912.0583509";"Fuel used price (total)";"4.38541455";"€";
"42912.0583509";"Fuel used price (Week)";"3.4757101499999994";"€";
"42912.0583509";"Instant engine power (based on fuel consumption)";"7.485248026864204";"hp";
"42912.0583509";"MAF air flow rate";"5.68";"g/sec";
"42912.0583509";"Power from MAF";"6.816";"hp";
"42912.1107607";"Average speed";"0.07132844304539612";"km/h";
"42912.1107607";"Calculated instant fuel consumption";"47.83275421123045";"L/100km";
"42912.1107607";"Distance travelled";"0.0002472941111111111";"km";
"42912.1107607";"Distance travelled (Today)";"0.000247";"km";
"42912.1107607";"Distance travelled (total)";"41.43056700000001";"km";
"42912.1107607";"Distance travelled (Week)";"32.364956";"km";
"42912.1107607";"Vehicle acceleration";"0.1296278897143816";"g";
"42912.1107607";"Vehicle speed";"4";"km/h";
"42912.1614461";"Fuel/Air commanded equivalence ratio";"14.640051240000002";"";
"42912.2625111";"Fuel economizer (based on fuel system status and throttle position)";"1";"";
"42912.2625111";"Throttle position";"22.352941176470587";"%";
"42912.314105";"Average fuel consumption";"973.8735278772069";"L/100km";
"42912.314105";"Average fuel consumption (Today)";"6485.020242914979";"L/100km";
"42912.314105";"Average fuel consumption (total)";"6.41542511353996";"L/100km";
"42912.314105";"Average fuel consumption (Week)";"6.508925888853362";"L/100km";
"42912.314105";"Calculated instant fuel rate";"1.6943574202992195";"L/h";
"42912.314105";"Fuel used";"0.0024083318841103575";"L";
"42912.314105";"Fuel used (Today)";"0.016017999999999998";"L";
"42912.314105";"Fuel used (total)";"2.6579469999999996";"L";
"42912.314105";"Fuel used (Week)";"2.1066109999999996";"L";
"42912.314105";"Fuel used price";"0.0039737476087820895";"€";
"42912.314105";"Fuel used price (Today)";"0.026429699999999997";"€";
"42912.314105";"Fuel used price (total)";"4.38561255";"€";
"42912.314105";"Fuel used price (Week)";"3.4759081499999995";"€";
"42912.314105";"Instant engine power (based on fuel consumption)";"6.628661544916715";"hp";
"42912.314105";"MAF air flow rate";"5.03";"g/sec";
"42912.314105";"Power from MAF";"6.0360000000000005";"hp";
"42912.3662396";"Average speed";"0.1501243215226879";"km/h";
"42912.3662396";"Calculated instant fuel consumption";"42.35893550748049";"L/100km";
"42912.3662396";"Distance travelled";"0.0005311303333333333";"km";
"42912.3662396";"Distance travelled (Today)";"0.000531";"km";
"42912.3662396";"Distance travelled (total)";"41.43085100000001";"km";
"42912.3662396";"Distance travelled (Week)";"32.36524";"km";
"42912.3662396";"Vehicle acceleration";"0.12486941703660383";"g";
"42912.3662396";"Vehicle speed";"4";"km/h";
"42912.4063952";"Fuel/Air commanded equivalence ratio";"14.640051240000002";"";
"42912.5103908";"Fuel economizer (based on fuel system status and throttle position)";"1";"";
"42912.5103908";"Throttle position";"24.313725490196077";"%";
"42912.5488606";"Average fuel consumption";"483.5642503366178";"L/100km";
"42912.5488606";"Average fuel consumption (Today)";"3046.704331450094";"L/100km";
"42912.5488606";"Average fuel consumption (total)";"6.415767322761483";"L/100km";
"42912.5488606";"Average fuel consumption (Week)";"6.509363131557188";"L/100km";
"42912.5488606";"Calculated instant fuel rate";"2.455639283097676";"L/h";
"42912.5488606";"Fuel used";"0.002568356414693712";"L";
"42912.5488606";"Fuel used (Today)";"0.016177999999999998";"L";
"42912.5488606";"Fuel used (total)";"2.6581069999999998";"L";
"42912.5488606";"Fuel used (Week)";"2.1067709999999997";"L";
"42912.5488606";"Fuel used price";"0.0042377880842446244";"€";
"42912.5488606";"Fuel used price (Today)";"0.026693699999999997";"€";
"42912.5488606";"Fuel used price (total)";"4.38587655";"€";
"42912.5488606";"Fuel used price (Week)";"3.4761721499999996";"€";
"42912.5488606";"Instant engine power (based on fuel consumption)";"9.60694685138029";"hp";
"42912.5488606";"MAF air flow rate";"7.29";"g/sec";
"42912.5488606";"Power from MAF";"8.748";"hp";
"42912.5981391";"Average speed";"0.2725875739637898";"km/h";
"42912.5981391";"Calculated instant fuel consumption";"35.08056118710966";"L/100km";
"42912.5981391";"Distance travelled";"0.0009819530833333333";"km";
"42912.5981391";"Distance travelled (Today)";"0.000982";"km";
"42912.5981391";"Distance travelled (total)";"41.43130200000001";"km";
"42912.5981391";"Distance travelled (Week)";"32.365691";"km";
"42912.5981391";"Vehicle acceleration";"0.21342138126240767";"g";
"42912.5981391";"Vehicle speed";"7";"km/h";
"42912.6498946";"Fuel/Air commanded equivalence ratio";"14.640051240000002";"";
"42912.7304633";"Fuel economizer (based on fuel system status and throttle position)";"1";"";
"42912.7304633";"Throttle position";"23.529411764705884";"%";
"42912.7815277";"Average fuel consumption";"276.5277003182002";"L/100km";
"42912.7815277";"Average fuel consumption (Today)";"1662.4236252545822";"L/100km";
"42912.7815277";"Average fuel consumption (total)";"6.416052288195045";"L/100km";
"42912.7815277";"Average fuel consumption (Week)";"6.509726611429368";"L/100km";
"42912.7815277";"Calculated instant fuel rate";"2.2737400769422926";"L/h";
"42912.7815277";"Fuel used";"0.0027153722795453263";"L";
"42912.7815277";"Fuel used (Today)";"0.016325";"L";
"42912.7815277";"Fuel used (total)";"2.658254";"L";
"42912.7815277";"Fuel used (Week)";"2.106918";"L";
"42912.7815277";"Fuel used price";"0.004480364261249788";"€";
"42912.7815277";"Fuel used price (Today)";"0.026936249999999995";"€";
"42912.7815277";"Fuel used price (total)";"4.3861191";"€";
"42912.7815277";"Fuel used price (Week)";"3.4764146999999994";"€";
"42912.7815277";"Instant engine power (based on fuel consumption)";"8.895321158685453";"hp";
"42912.7815277";"MAF air flow rate";"6.75";"g/sec";
"42912.7815277";"Power from MAF";"8.1";"hp";
"42912.8344991";"Average speed";"0.39303501131444757";"km/h";
"42912.8344991";"Calculated instant fuel consumption";"32.48200109917561";"L/100km";
"42912.8344991";"Distance travelled";"0.0014416570833333333";"km";
"42912.8344991";"Distance travelled (Today)";"0.001442";"km";
"42912.8344991";"Distance travelled (total)";"41.431762000000006";"km";
"42912.8344991";"Distance travelled (Week)";"32.366150999999995";"km";
"42912.8344991";"Vehicle acceleration";"0.20954401403062434";"g";
"42912.8344991";"Vehicle speed";"7";"km/h";
"42912.8735175";"Fuel/Air commanded equivalence ratio";"14.640051240000002";"";
"42912.9629282";"Fuel economizer (based on fuel system status and throttle position)";"1";"";
"42912.9629282";"Throttle position";"25.098039215686274";"%";
"42913.0083675";"Average fuel consumption";"201.65518301433195";"L/100km";
"42913.0083675";"Average fuel consumption (Today)";"1145.4230235783634";"L/100km";
"42913.0083675";"Average fuel consumption (total)";"6.4164444659630915";"L/100km";
"42913.0083675";"Average fuel consumption (Week)";"6.510227305063243";"L/100km";
"42913.0083675";"Calculated instant fuel rate";"3.0451274511938267";"L/h";
"42913.0083675";"Fuel used";"0.0029071762298349137";"L";
"42913.0083675";"Fuel used (Today)";"0.016517";"L";
"42913.0083675";"Fuel used (total)";"2.6584459999999996";"L";
"42913.0083675";"Fuel used (Week)";"2.1071099999999996";"L";
"42913.0083675";"Fuel used price";"0.004796840779227607";"€";
"42913.0083675";"Fuel used price (Today)";"0.027253049999999997";"€";
"42913.0083675";"Fuel used price (total)";"4.3864359";"€";
"42913.0083675";"Fuel used price (Week)";"3.4767314999999996";"€";
"42913.0083675";"Instant engine power (based on fuel consumption)";"11.913141225854295";"hp";
"42913.0083675";"MAF air flow rate";"9.040000000000001";"g/sec";
"42913.0083675";"Power from MAF";"10.848";"hp";
"42913.050161";"Average speed";"0.5313028734167999";"km/h";
"42913.050161";"Calculated instant fuel consumption";"33.83474945770919";"L/100km";
"42913.050161";"Distance travelled";"0.0019806435833333333";"km";
"42913.050161";"Distance travelled (Today)";"0.001981";"km";
"42913.050161";"Distance travelled (total)";"41.43230100000001";"km";
"42913.050161";"Distance travelled (Week)";"32.36669";"km";
"42913.050161";"Vehicle acceleration";"0.15076347303965099";"g";
"42913.050161";"Vehicle speed";"9";"km/h";
"42913.102743";"Fuel/Air commanded equivalence ratio";"14.640051240000002";"";
"42913.1901557";"Fuel economizer (based on fuel system status and throttle position)";"1";"";
"42913.1901557";"Throttle position";"26.274509803921568";"%";
"42913.2296858";"Average fuel consumption";"158.17560381030518";"L/100km";
"42913.2296858";"Average fuel consumption (Today)";"845.1792024230186";"L/100km";
"42913.2296858";"Average fuel consumption (total)";"6.416906461458655";"L/100km";
"42913.2296858";"Average fuel consumption (Week)";"6.51081713947271";"L/100km";
"42913.2296858";"Calculated instant fuel rate";"3.6716691612845915";"L/h";
"42913.2296858";"Fuel used";"0.003132894947267565";"L";
"42913.2296858";"Fuel used (Today)";"0.016743";"L";
"42913.2296858";"Fuel used (total)";"2.6586719999999997";"L";
"42913.2296858";"Fuel used (Week)";"2.1073359999999997";"L";
"42913.2296858";"Fuel used price";"0.005169276662991482";"€";
"42913.2296858";"Fuel used price (Today)";"0.027625949999999996";"€";
"42913.2296858";"Fuel used price (total)";"4.3868088";"€";
"42913.2296858";"Fuel used price (Week)";"3.4771043999999995";"€";
"42913.2296858";"Instant engine power (based on fuel consumption)";"14.364296389580957";"hp";
"42913.2296858";"MAF air flow rate";"10.9";"g/sec";
"42913.2296858";"Power from MAF";"13.08";"hp";
"42913.2739054";"Average speed";"0.6701719748726443";"km/h";
"42913.2739054";"Calculated instant fuel consumption";"40.79632401427324";"L/100km";
"42913.2739054";"Distance travelled";"0.002539984083333333";"km";
"42913.2739054";"Distance travelled (Today)";"0.00254";"km";
"42913.2739054";"Distance travelled (total)";"41.43286000000001";"km";
"42913.2739054";"Distance travelled (Week)";"32.367249";"km";
"42913.2739054";"Vehicle acceleration";"0.15603457991089897";"g";
"42913.2739054";"Vehicle speed";"9";"km/h";
"42913.311329";"Fuel/Air commanded equivalence ratio";"14.640051240000002";"";
"42913.4759567";"Fuel economizer (based on fuel system status and throttle position)";"1";"";
"42913.4759567";"Throttle position";"29.41176470588235";"%";
"42913.5138812";"Average fuel consumption";"139.89568765920853";"L/100km";
"42913.5138812";"Average fuel consumption (Today)";"675.7086614173227";"L/100km";
"42913.5138812";"Average fuel consumption (total)";"6.417833574607206";"L/100km";
"42913.5138812";"Average fuel consumption (Week)";"6.512002302080105";"L/100km";
"42913.5138812";"Calculated instant fuel rate";"5.325604535771504";"L/h";
"42913.5138812";"Fuel used";"0.0035533281998136107";"L";
"42913.5138812";"Fuel used (Today)";"0.017162999999999998";"L";
"42913.5138812";"Fuel used (total)";"2.659092";"L";
"42913.5138812";"Fuel used (Week)";"2.1077559999999997";"L";
"42913.5138812";"Fuel used price";"0.005862991529692457";"€";
"42913.5138812";"Fuel used price (Today)";"0.028318949999999996";"€";
"42913.5138812";"Fuel used price (total)";"4.3875018";"€";
"42913.5138812";"Fuel used price (Week)";"3.4777973999999996";"€";
"42913.5138812";"Instant engine power (based on fuel consumption)";"20.834818891676598";"hp";
"42913.5138812";"MAF air flow rate";"15.81";"g/sec";
"42913.5138812";"Power from MAF";"18.972";"hp";
"42913.5544885";"Average speed";"0.8783801135622156";"km/h";
"42913.5544885";"Calculated instant fuel consumption";"48.41458668883186";"L/100km";
"42913.5544885";"Distance travelled";"0.003397584722222222";"km";
"42913.5544885";"Distance travelled (Today)";"0.003398";"km";
"42913.5544885";"Distance travelled (total)";"41.433718000000006";"km";
"42913.5544885";"Distance travelled (Week)";"32.368106999999995";"km";
"42913.5544885";"Vehicle acceleration";"0.11847322897049137";"g";
"42913.5544885";"Vehicle speed";"11";"km/h";
"42913.5959556";"Fuel/Air commanded equivalence ratio";"14.640051240000002";"";
"42913.6694499";"Fuel economizer (based on fuel system status and throttle position)";"1";"";
"42913.6694499";"Throttle position";"29.019607843137255";"%";
"42913.7087163";"Average fuel consumption";"112.80661552972329";"L/100km";
"42913.7087163";"Average fuel consumption (Today)";"513.3019423190112";"L/100km";
"42913.7087163";"Average fuel consumption (total)";"6.418374040195957";"L/100km";
"42913.7087163";"Average fuel consumption (Week)";"6.5126916442781155";"L/100km";
"42913.7087163";"Calculated instant fuel rate";"5.1605478487045815";"L/h";
"42913.7087163";"Fuel used";"0.003832700334893839";"L";
"42913.7087163";"Fuel used (Today)";"0.017442";"L";
"42913.7087163";"Fuel used (total)";"2.6593709999999997";"L";
"42913.7087163";"Fuel used (Week)";"2.1080349999999997";"L";
"42913.7087163";"Fuel used price";"0.006323955552574834";"€";
"42913.7087163";"Fuel used price (Today)";"0.028779299999999997";"€";
"42913.7087163";"Fuel used price (total)";"4.38796215";"€";
"42913.7087163";"Fuel used price (Week)";"3.4782577499999996";"€";
"42913.7087163";"Instant engine power (based on fuel consumption)";"20.189084466823875";"hp";
"42913.7087163";"MAF air flow rate";"15.32";"g/sec";
"42913.7087163";"Power from MAF";"18.384";"hp";
"42913.7583169";"Average speed";"1.0243237907301341";"km/h";
"42913.7583169";"Calculated instant fuel consumption";"46.91407135185984";"L/100km";
"42913.7583169";"Distance travelled";"0.004020061888888889";"km";
"42913.7583169";"Distance travelled (Today)";"0.00402";"km";
"42913.7583169";"Distance travelled (total)";"41.434340000000006";"km";
"42913.7583169";"Distance travelled (Week)";"32.368728999999995";"km";
"42913.7583169";"Vehicle acceleration";"0.12264518116233745";"g";
"42913.7583169";"Vehicle speed";"11";"km/h";
"42913.793497";"Fuel/Air commanded equivalence ratio";"14.640051240000002";"";
"42913.8775315";"Fuel economizer (based on fuel system status and throttle position)";"1";"";
"42913.8775315";"Throttle position";"31.372549019607842";"%";
"42913.9256915";"Average fuel consumption";"104.98107348108555";"L/100km";
"42913.9256915";"Average fuel consumption (Today)";"443.53233830845767";"L/100km";
"42913.9256915";"Average fuel consumption (total)";"6.419214110807604";"L/100km";
"42913.9256915";"Average fuel consumption (Week)";"6.513765183674651";"L/100km";
"42913.9256915";"Calculated instant fuel rate";"6.433842291792266";"L/h";
"42913.9256915";"Fuel used";"0.0042203041255595595";"L";
"42913.9256915";"Fuel used (Today)";"0.01783";"L";
"42913.9256915";"Fuel used (total)";"2.6597589999999998";"L";
"42913.9256915";"Fuel used (Week)";"2.1084229999999997";"L";
"42913.9256915";"Fuel used price";"0.006963501807173273";"€";
"42913.9256915";"Fuel used price (Today)";"0.029419499999999998";"€";
"42913.9256915";"Fuel used price (total)";"4.38860235";"€";
"42913.9256915";"Fuel used price (Week)";"3.4788979499999995";"€";
"42913.9256915";"Instant engine power (based on fuel consumption)";"25.17046431568773";"hp";
"42913.9256915";"MAF air flow rate";"19.1";"g/sec";
"42913.9256915";"Power from MAF";"22.92";"hp";
"42913.9643278";"Average speed";"1.2107766878293478";"km/h";
"42913.9643278";"Calculated instant fuel consumption";"45.95601636994476";"L/100km";
"42913.9643278";"Distance travelled";"0.004821091333333334";"km";
"42913.9643278";"Distance travelled (Today)";"0.004821";"km";
"42913.9643278";"Distance travelled (total)";"41.43514100000001";"km";
"42913.9643278";"Distance travelled (Week)";"32.36953";"km";
"42913.9643278";"Vehicle acceleration";"0.15492495658613947";"g";
"42913.9643278";"Vehicle speed";"14";"km/h";
"42914.0016513";"Fuel/Air commanded equivalence ratio";"14.640051240000002";"";
"42914.0772033";"Fuel economizer (based on fuel system status and throttle position)";"1";"";
"42914.0772033";"Throttle position";"30.980392156862745";"%";
"42914.1142871";"Average fuel consumption";"94.48036684502537";"L/100km";
"42914.1142871";"Average fuel consumption (Today)";"376.78904791537025";"L/100km";
"42914.1142871";"Average fuel consumption (total)";"6.419898510783393";"L/100km";
"42914.1142871";"Average fuel consumption (Week)";"6.514638921232405";"L/100km";
"42914.1142871";"Calculated instant fuel rate";"6.386683238344573";"L/h";
"42914.1142871";"Fuel used";"0.004554984777667059";"L";
"42914.1142871";"Fuel used (Today)";"0.018165";"L";
"42914.1142871";"Fuel used (total)";"2.6600939999999995";"L";
"42914.1142871";"Fuel used (Week)";"2.1087579999999995";"L";
"42914.1142871";"Fuel used price";"0.007515724883150647";"€";
"42914.1142871";"Fuel used price (Today)";"0.02997225";"€";
"42914.1142871";"Fuel used price (total)";"4.3891551";"€";
"42914.1142871";"Fuel used price (Week)";"3.4794506999999997";"€";
"42914.1142871";"Instant engine power (based on fuel consumption)";"24.9859687657298";"hp";
"42914.1142871";"MAF air flow rate";"18.96";"g/sec";
"42914.1142871";"Power from MAF";"22.752";"hp";
"42914.1526761";"Average speed";"1.3766971038847502";"km/h";
"42914.1526761";"Calculated instant fuel consumption";"45.619165988175524";"L/100km";
"42914.1526761";"Distance travelled";"0.005553808166666667";"km";
"42914.1526761";"Distance travelled (Today)";"0.005554";"km";
"42914.1526761";"Distance travelled (total)";"41.435874000000005";"km";
"42914.1526761";"Distance travelled (Week)";"32.370262999999994";"km";
"42914.1526761";"Vehicle acceleration";"0.16116519565626167";"g";
"42914.1526761";"Vehicle speed";"14";"km/h";
"42914.2019134";"Fuel/Air commanded equivalence ratio";"14.640051240000002";"";
"42914.2779568";"Fuel economizer (based on fuel system status and throttle position)";"1";"";
"42914.2779568";"Throttle position";"22.352941176470587";"%";
"42914.3053523";"Average fuel consumption";"83.93993208061478";"L/100km";
"42914.3053523";"Average fuel consumption (Today)";"328.98811667266835";"L/100km";
"42914.3053523";"Average fuel consumption (total)";"6.420043173217486";"L/100km";
"42914.3053523";"Average fuel consumption (Week)";"6.514821952481511";"L/100km";
"42914.3053523";"Calculated instant fuel rate";"2.014365282979987";"L/h";
"42914.3053523";"Fuel used";"0.0046618628029876374";"L";
"42914.3053523";"Fuel used (Today)";"0.018272";"L";
"42914.3053523";"Fuel used (total)";"2.660201";"L";
"42914.3053523";"Fuel used (Week)";"2.1088649999999998";"L";
"42914.3053523";"Fuel used price";"0.007692073624929602";"€";
"42914.3053523";"Fuel used price (Today)";"0.030148799999999996";"€";
"42914.3053523";"Fuel used price (total)";"4.38933165";"€";
"42914.3053523";"Fuel used price (Week)";"3.4796272499999996";"€";
"42914.3053523";"Instant engine power (based on fuel consumption)";"7.880595633916892";"hp";
"42914.3053523";"MAF air flow rate";"5.98";"g/sec";
"42914.3053523";"Power from MAF";"7.176";"hp";
"42914.3455738";"Average speed";"1.5421319000614897";"km/h";
"42914.3455738";"Calculated instant fuel consumption";"14.388323449857053";"L/100km";
"42914.3455738";"Distance travelled";"0.006303812277777778";"km";
"42914.3455738";"Distance travelled (Today)";"0.006304";"km";
"42914.3455738";"Distance travelled (total)";"41.43662400000001";"km";
"42914.3455738";"Distance travelled (Week)";"32.371013";"km";
"42914.3455738";"Vehicle acceleration";"0.10741743157342706";"g";
"42914.3455738";"Vehicle speed";"14";"km/h";
"42914.3852919";"Fuel/Air commanded equivalence ratio";"14.640051240000002";"";
"42914.4462042";"Fuel economizer (based on fuel system status and throttle position)";"1";"";
"42914.4462042";"Throttle position";"21.568627450980394";"%";
"42914.4843804";"Average fuel consumption";"75.19657608880122";"L/100km";
"42914.4843804";"Average fuel consumption (Today)";"291.08502538071065";"L/100km";
"42914.4843804";"Average fuel consumption (total)";"6.420115210158046";"L/100km";
"42914.4843804";"Average fuel consumption (Week)";"6.514911967691588";"L/100km";
"42914.4843804";"Calculated instant fuel rate";"1.5764597866799896";"L/h";
"42914.4843804";"Fuel used";"0.00474025099595436";"L";
"42914.4843804";"Fuel used (Today)";"0.018349999999999998";"L";
"42914.4843804";"Fuel used (total)";"2.6602789999999996";"L";
"42914.4843804";"Fuel used (Week)";"2.1089429999999996";"L";
"42914.4843804";"Fuel used price";"0.007821414143324695";"€";
"42914.4843804";"Fuel used price (Today)";"0.0302775";"€";
"42914.4843804";"Fuel used price (total)";"4.38946035";"€";
"42914.4843804";"Fuel used price (Week)";"3.4797559499999995";"€";
"42914.4843804";"Instant engine power (based on fuel consumption)";"6.167422670021914";"hp";
"42914.4843804";"MAF air flow rate";"4.68";"g/sec";
"42914.4843804";"Power from MAF";"5.616";"hp";
"42914.5237459";"Average speed";"1.7270452534361431";"km/h";
"42914.5237459";"Calculated instant fuel consumption";"9.27329286282347";"L/100km";
"42914.5237459";"Distance travelled";"0.007145160694444445";"km";
"42914.5237459";"Distance travelled (Today)";"0.007145";"km";
"42914.5237459";"Distance travelled (total)";"41.43746500000001";"km";
"42914.5237459";"Distance travelled (Week)";"32.371854";"km";
"42914.5237459";"Vehicle acceleration";"0.22203588074529187";"g";
"42914.5237459";"Vehicle speed";"17";"km/h";
"42914.5652363";"Fuel/Air commanded equivalence ratio";"14.640051240000002";"";
"42914.6404538";"Fuel economizer (based on fuel system status and throttle position)";"1";"";
"42914.6404538";"Throttle position";"21.568627450980394";"%";
"42914.6764377";"Average fuel consumption";"67.48419751268897";"L/100km";
"42914.6764377";"Average fuel consumption (Today)";"257.9706088173548";"L/100km";
"42914.6764377";"Average fuel consumption (total)";"6.420182798344443";"L/100km";
"42914.6764377";"Average fuel consumption (Week)";"6.514996020926079";"L/100km";
"42914.6764377";"Calculated instant fuel rate";"1.5293007332322979";"L/h";
"42914.6764377";"Fuel used";"0.0048218543556379076";"L";
"42914.6764377";"Fuel used (Today)";"0.018432";"L";
"42914.6764377";"Fuel used (total)";"2.6603609999999995";"L";
"42914.6764377";"Fuel used (Week)";"2.1090249999999995";"L";
"42914.6764377";"Fuel used price";"0.007956059686802547";"€";
"42914.6764377";"Fuel used price (Today)";"0.030412799999999997";"€";
"42914.6764377";"Fuel used price (total)";"4.38959565";"€";
"42914.6764377";"Fuel used price (Week)";"3.4798912499999997";"€";
"42914.6764377";"Instant engine power (based on fuel consumption)";"5.982927120063993";"hp";
"42914.6764377";"MAF air flow rate";"4.54";"g/sec";
"42914.6764377";"Power from MAF";"5.4479999999999995";"hp";
"42914.7128749";"Average speed";"1.9185820424397264";"km/h";
"42914.7128749";"Calculated instant fuel consumption";"8.99588666607234";"L/100km";
"42914.7128749";"Distance travelled";"0.008038398777777778";"km";
"42914.7128749";"Distance travelled (Today)";"0.008038";"km";
"42914.7128749";"Distance travelled (total)";"41.43835800000001";"km";
"42914.7128749";"Distance travelled (Week)";"32.372747";"km";
"42914.7128749";"Vehicle acceleration";"0.11352171570966478";"g";
"42914.7128749";"Vehicle speed";"17";"km/h";
"42914.7497179";"Fuel/Air commanded equivalence ratio";"14.63156736";"";
"42914.8380872";"Fuel economizer (based on fuel system status and throttle position)";"2";"";
"42914.8380872";"Throttle position";"21.176470588235293";"%";
"42914.8850077";"Average fuel consumption";"60.98622340674134";"L/100km";
"42914.8850077";"Average fuel consumption (Today)";"230.3060462801692";"L/100km";
"42914.8850077";"Average fuel consumption (total)";"6.420237500723362";"L/100km";
"42914.8850077";"Average fuel consumption (Week)";"6.515063426653289";"L/100km";
"42914.8850077";"Calculated instant fuel rate";"1.3886282801610998";"L/h";
"42914.8850077";"Fuel used";"0.004902315836940321";"L";
"42914.8850077";"Fuel used (Today)";"0.018512";"L";
"42914.8850077";"Fuel used (total)";"2.6604409999999996";"L";
"42914.8850077";"Fuel used (Week)";"2.1091049999999996";"L";
"42914.8850077";"Fuel used price";"0.008088821130951529";"€";
"42914.8850077";"Fuel used price (Today)";"0.030544799999999997";"€";
"42914.8850077";"Fuel used price (total)";"4.38972765";"€";
"42914.8850077";"Fuel used price (Week)";"3.4800232499999995";"€";
"42914.8850077";"Instant engine power (based on fuel consumption)";"5.43258864429099";"hp";
"42914.8850077";"MAF air flow rate";"4.12";"g/sec";
"42914.8850077";"Power from MAF";"4.944";"hp";
"42914.926403";"Average speed";"2.1709994153502286";"km/h";
"42914.926403";"Calculated instant fuel consumption";"6.9431414008055";"L/100km";
"42914.926403";"Distance travelled";"0.00922474488888889";"km";
"42914.926403";"Distance travelled (Today)";"0.009224";"km";
"42914.926403";"Distance travelled (total)";"41.43954400000001";"km";
"42914.926403";"Distance travelled (Week)";"32.373933";"km";
"42914.926403";"Vehicle acceleration";"0.21965463804216712";"g";
"42914.926403";"Vehicle speed";"20";"km/h";
"42914.9669382";"Fuel/Air commanded equivalence ratio";"14.63156736";"";
"42915.0498997";"Fuel economizer (based on fuel system status and throttle position)";"2";"";
"42915.0498997";"Throttle position";"24.705882352941178";"%";
"42915.0896038";"Average fuel consumption";"54.9660261985491";"L/100km";
"42915.0896038";"Average fuel consumption (Today)";"202.51517779705117";"L/100km";
"42915.0896038";"Average fuel consumption (total)";"6.4204591633537245";"L/100km";
"42915.0896038";"Average fuel consumption (Week)";"6.515343687157193";"L/100km";
"42915.0896038";"Calculated instant fuel rate";"2.9592612378190424";"L/h";
"42915.0896038";"Fuel used";"0.005070475692375986";"L";
"42915.0896038";"Fuel used (Today)";"0.01868";"L";
"42915.0896038";"Fuel used (total)";"2.6606089999999996";"L";
"42915.0896038";"Fuel used (Week)";"2.1092729999999995";"L";
"42915.0896038";"Fuel used price";"0.008366284892420377";"€";
"42915.0896038";"Fuel used price (Today)";"0.030821999999999995";"€";
"42915.0896038";"Fuel used price (total)";"4.39000485";"€";
"42915.0896038";"Fuel used price (Week)";"3.4803004499999997";"€";
"42915.0896038";"Instant engine power (based on fuel consumption)";"11.577215606037594";"hp";
"42915.0896038";"MAF air flow rate";"8.78";"g/sec";
"42915.0896038";"Power from MAF";"10.536";"hp";
"42915.1297993";"Average speed";"2.404956517792446";"km/h";
"42915.1297993";"Calculated instant fuel consumption";"14.796306189095212";"L/100km";
"42915.1297993";"Distance travelled";"0.010354724333333334";"km";
"42915.1297993";"Distance travelled (Today)";"0.010354";"km";
"42915.1297993";"Distance travelled (total)";"41.44067400000001";"km";
"42915.1297993";"Distance travelled (Week)";"32.375063";"km";
"42915.1297993";"Vehicle acceleration";"0.21671407288208308";"g";
"42915.1297993";"Vehicle speed";"20";"km/h";
"42915.1801358";"Fuel/Air commanded equivalence ratio";"14.63156736";"";
"42915.257941";"Fuel economizer (based on fuel system status and throttle position)";"2";"";
"42915.257941";"Throttle position";"29.80392156862745";"%";
"42915.3107809";"Average fuel consumption";"52.35951798034593";"L/100km";
"42915.3107809";"Average fuel consumption (Today)";"183.80336101989568";"L/100km";
"42915.3107809";"Average fuel consumption (total)";"6.421131084885346";"L/100km";
"42915.3107809";"Average fuel consumption (Week)";"6.516200447239284";"L/100km";
"42915.3107809";"Calculated instant fuel rate";"5.716295056197149";"L/h";
"42915.3107809";"Fuel used";"0.005421683749126922";"L";
"42915.3107809";"Fuel used (Today)";"0.019031";"L";
"42915.3107809";"Fuel used (total)";"2.6609599999999998";"L";
"42915.3107809";"Fuel used (Week)";"2.1096239999999997";"L";
"42915.3107809";"Fuel used price";"0.008945778186059421";"€";
"42915.3107809";"Fuel used price (Today)";"0.031401149999999996";"€";
"42915.3107809";"Fuel used price (total)";"4.3905840000000005";"€";
"42915.3107809";"Fuel used price (Week)";"3.4808795999999993";"€";
"42915.3107809";"Instant engine power (based on fuel consumption)";"22.3632775260134";"hp";
"42915.3107809";"MAF air flow rate";"16.96";"g/sec";
"42915.3107809";"Power from MAF";"20.352";"hp";
"42915.3621565";"Average speed";"2.694343290251843";"km/h";
"42915.3621565";"Calculated instant fuel consumption";"25.98315934635068";"L/100km";
"42915.3621565";"Distance travelled";"0.011774592722222223";"km";
"42915.3621565";"Distance travelled (Today)";"0.011774";"km";
"42915.3621565";"Distance travelled (total)";"41.44209400000001";"km";
"42915.3621565";"Distance travelled (Week)";"32.376483";"km";
"42915.3621565";"Vehicle acceleration";"0.16892349858469113";"g";
"42915.3621565";"Vehicle speed";"22";"km/h";
"42915.4031578";"Fuel/Air commanded equivalence ratio";"14.63156736";"";
"42915.4858653";"Fuel economizer (based on fuel system status and throttle position)";"2";"";
"42915.4858653";"Throttle position";"34.90196078431372";"%";
"42915.539807";"Average fuel consumption";"48.833633154122";"L/100km";
"42915.539807";"Average fuel consumption (Today)";"164.42160693052492";"L/100km";
"42915.539807";"Average fuel consumption (total)";"6.421702532695378";"L/100km";
"42915.539807";"Average fuel consumption (Week)";"6.516927734244637";"L/100km";
"42915.539807";"Calculated instant fuel rate";"5.160169652734572";"L/h";
"42915.539807";"Fuel used";"0.005749961415361948";"L";
"42915.539807";"Fuel used (Today)";"0.019359";"L";
"42915.539807";"Fuel used (total)";"2.661288";"L";
"42915.539807";"Fuel used (Week)";"2.109952";"L";
"42915.539807";"Fuel used price";"0.009487436335347214";"€";
"42915.539807";"Fuel used price (Today)";"0.031942349999999994";"€";
"42915.539807";"Fuel used price (total)";"4.3911252";"€";
"42915.539807";"Fuel used price (Week)";"3.4814207999999995";"€";
"42915.539807";"Instant engine power (based on fuel consumption)";"20.18760488934346";"hp";
"42915.539807";"MAF air flow rate";"15.31";"g/sec";
"42915.539807";"Power from MAF";"18.372";"hp";
"42915.5905707";"Average speed";"2.9706338373486023";"km/h";
"42915.5905707";"Calculated instant fuel consumption";"23.455316603338964";"L/100km";
"42915.5905707";"Distance travelled";"0.0131705025";"km";
"42915.5905707";"Distance travelled (Today)";"0.01317";"km";
"42915.5905707";"Distance travelled (total)";"41.44349000000001";"km";
"42915.5905707";"Distance travelled (Week)";"32.377879";"km";
"42915.5905707";"Vehicle acceleration";"0.16136257209216454";"g";
"42915.5905707";"Vehicle speed";"22";"km/h";
"42915.6302505";"Fuel/Air commanded equivalence ratio";"14.640051240000002";"";
"42915.7083264";"Fuel economizer (based on fuel system status and throttle position)";"1";"";
"42915.7083264";"Throttle position";"41.568627450980394";"%";
"42915.7450391";"Average fuel consumption";"46.31880374460371";"L/100km";
"42915.7450391";"Average fuel consumption (Today)";"149.6507213363705";"L/100km";
"42915.7450391";"Average fuel consumption (total)";"6.4223307448286775";"L/100km";
"42915.7450391";"Average fuel consumption (Week)";"6.517727736273273";"L/100km";
"42915.7450391";"Calculated instant fuel rate";"6.147519467288421";"L/h";
"42915.7450391";"Fuel used";"0.0061004192051531255";"L";
"42915.7450391";"Fuel used (Today)";"0.019708999999999997";"L";
"42915.7450391";"Fuel used (total)";"2.6616379999999995";"L";
"42915.7450391";"Fuel used (Week)";"2.1103019999999995";"L";
"42915.7450391";"Fuel used price";"0.010065691688502656";"€";
"42915.7450391";"Fuel used price (Today)";"0.032519849999999996";"€";
"42915.7450391";"Fuel used price (total)";"4.391702700000001";"€";
"42915.7450391";"Fuel used price (Week)";"3.4819982999999994";"€";
"42915.7450391";"Instant engine power (based on fuel consumption)";"24.05031276237177";"hp";
"42915.7450391";"MAF air flow rate";"18.25";"g/sec";
"42915.7450391";"Power from MAF";"21.9";"hp";
"42915.7803157";"Average speed";"3.1942415187944775";"km/h";
"42915.7803157";"Calculated instant fuel consumption";"27.943270305856462";"L/100km";
"42915.7803157";"Distance travelled";"0.014330272222222223";"km";
"42915.7803157";"Distance travelled (Today)";"0.01433";"km";
"42915.7803157";"Distance travelled (total)";"41.44465000000001";"km";
"42915.7803157";"Distance travelled (Week)";"32.379039";"km";
"42915.7803157";"Vehicle acceleration";"0.0663427311960532";"g";
"42915.7803157";"Vehicle speed";"22";"km/h";
"42915.807391";"Fuel/Air commanded equivalence ratio";"14.640051240000002";"";
"42915.8985769";"Fuel economizer (based on fuel system status and throttle position)";"1";"";
"42915.8985769";"Throttle position";"39.21568627450981";"%";
"42915.941882";"Average fuel consumption";"45.00228051936481";"L/100km";
"42915.941882";"Average fuel consumption (Today)";"139.97208653175156";"L/100km";
"42915.941882";"Average fuel consumption (total)";"6.4229930763077965";"L/100km";
"42915.941882";"Average fuel consumption (Week)";"6.518572092272411";"L/100km";
"42915.941882";"Calculated instant fuel rate";"6.373209223073805";"L/h";
"42915.941882";"Fuel used";"0.006448949304633057";"L";
"42915.941882";"Fuel used (Today)";"0.020058";"L";
"42915.941882";"Fuel used (total)";"2.661987";"L";
"42915.941882";"Fuel used (Week)";"2.110651";"L";
"42915.941882";"Fuel used price";"0.010640766352644543";"€";
"42915.941882";"Fuel used price (Today)";"0.0330957";"€";
"42915.941882";"Fuel used price (total)";"4.39227855";"€";
"42915.941882";"Fuel used price (Week)";"3.4825741499999996";"€";
"42915.941882";"Instant engine power (based on fuel consumption)";"24.93325575145612";"hp";
"42915.941882";"MAF air flow rate";"18.92";"g/sec";
"42915.941882";"Power from MAF";"22.704";"hp";
"42915.9819286";"Average speed";"3.4260199103509144";"km/h";
"42915.9819286";"Calculated instant fuel consumption";"28.96913283215366";"L/100km";
"42915.9819286";"Distance travelled";"0.015561893944444445";"km";
"42915.9819286";"Distance travelled (Today)";"0.015562";"km";
"42915.9819286";"Distance travelled (total)";"41.44588200000001";"km";
"42915.9819286";"Distance travelled (Week)";"32.380271";"km";
"42915.9819286";"Vehicle acceleration";"0.06648157042932214";"g";
"42915.9819286";"Vehicle speed";"22";"km/h";
"42916.0425248";"Fuel/Air commanded equivalence ratio";"14.640051240000002";"";
"42916.1454617";"Fuel economizer (based on fuel system status and throttle position)";"1";"";
"42916.1454617";"Throttle position";"40.3921568627451";"%";
"42916.1948957";"Average fuel consumption";"44.531393638434956";"L/100km";
"42916.1948957";"Average fuel consumption (Today)";"131.98175041768408";"L/100km";
"42916.1948957";"Average fuel consumption (total)";"6.423962699116884";"L/100km";
"42916.1948957";"Average fuel consumption (Week)";"6.519809546992363";"L/100km";
"42916.1948957";"Calculated instant fuel rate";"6.8447997575507245";"L/h";
"42916.1948957";"Fuel used";"0.0069299282499963285";"L";
"42916.1948957";"Fuel used (Today)";"0.020538999999999998";"L";
"42916.1948957";"Fuel used (total)";"2.6624679999999996";"L";
"42916.1948957";"Fuel used (Week)";"2.1111319999999996";"L";
"42916.1948957";"Fuel used price";"0.011434381612493941";"€";
"42916.1948957";"Fuel used price (Today)";"0.03388935";"€";
"42916.1948957";"Fuel used price (total)";"4.393072200000001";"€";
"42916.1948957";"Fuel used price (Week)";"3.4833677999999995";"€";
"42916.1948957";"Instant engine power (based on fuel consumption)";"26.778211251035323";"hp";
"42916.1948957";"MAF air flow rate";"20.32";"g/sec";
"42916.1948957";"Power from MAF";"24.384";"hp";
"42916.2379254";"Average speed";"3.7123389327729703";"km/h";
"42916.2379254";"Calculated instant fuel consumption";"31.112726170685114";"L/100km";
"42916.2379254";"Distance travelled";"0.01712643616666667";"km";
"42916.2379254";"Distance travelled (Today)";"0.017127";"km";
"42916.2379254";"Distance travelled (total)";"41.44744700000001";"km";
"42916.2379254";"Distance travelled (Week)";"32.381836";"km";
"42916.2379254";"Vehicle acceleration";"0";"g";
"42916.2379254";"Vehicle speed";"22";"km/h";
"42916.2863883";"Fuel/Air commanded equivalence ratio";"14.640051240000002";"";
"42916.3898907";"Fuel economizer (based on fuel system status and throttle position)";"1";"";
"42916.3898907";"Throttle position";"40.78431372549019";"%";
"42916.4365469";"Average fuel consumption";"43.30189108131599";"L/100km";
"42916.4365469";"Average fuel consumption (Today)";"122.75938576516612";"L/100km";
"42916.4365469";"Average fuel consumption (total)";"6.424892708108171";"L/100km";
"42916.4365469";"Average fuel consumption (Week)";"6.520995288840322";"L/100km";
"42916.4365469";"Calculated instant fuel rate";"7.2422832080384145";"L/h";
"42916.4365469";"Fuel used";"0.0074160707350011115";"L";
"42916.4365469";"Fuel used (Today)";"0.021025";"L";
"42916.4365469";"Fuel used (total)";"2.6629539999999996";"L";
"42916.4365469";"Fuel used (Week)";"2.1116179999999996";"L";
"42916.4365469";"Fuel used price";"0.012236516712751833";"€";
"42916.4365469";"Fuel used price (Today)";"0.03469124999999999";"€";
"42916.4365469";"Fuel used price (total)";"4.393874100000001";"€";
"42916.4365469";"Fuel used price (Week)";"3.4841696999999994";"€";
"42916.4365469";"Instant engine power (based on fuel consumption)";"28.333245172109223";"hp";
"42916.4365469";"MAF air flow rate";"21.5";"g/sec";
"42916.4365469";"Power from MAF";"25.8";"hp";
"42916.4816852";"Average speed";"4.020257891626595";"km/h";
"42916.4816852";"Calculated instant fuel consumption";"28.969132832153658";"L/100km";
"42916.4816852";"Distance travelled";"0.01881919727777778";"km";
"42916.4816852";"Distance travelled (Today)";"0.01882";"km";
"42916.4816852";"Distance travelled (total)";"41.44914000000001";"km";
"42916.4816852";"Distance travelled (Week)";"32.383528999999996";"km";
"42916.4816852";"Vehicle acceleration";"0.09535963232726437";"g";
"42916.4816852";"Vehicle speed";"25";"km/h";
"42916.530759";"Fuel/Air commanded equivalence ratio";"14.640051240000002";"";
"42916.6344344";"Fuel economizer (based on fuel system status and throttle position)";"1";"";
"42916.6344344";"Throttle position";"39.6078431372549";"%";
"42916.6810184";"Average fuel consumption";"42.0957210852019";"L/100km";
"42916.6810184";"Average fuel consumption (Today)";"114.40488841657812";"L/100km";
"42916.6810184";"Average fuel consumption (total)";"6.4258510550520445";"L/100km";
"42916.6810184";"Average fuel consumption (Week)";"6.522216896126423";"L/100km";
"42916.6810184";"Calculated instant fuel rate";"7.451130444735337";"L/h";
"42916.6810184";"Fuel used";"0.007922076796527242";"L";
"42916.6810184";"Fuel used (Today)";"0.021531";"L";
"42916.6810184";"Fuel used (total)";"2.6634599999999997";"L";
"42916.6810184";"Fuel used (Week)";"2.1121239999999997";"L";
"42916.6810184";"Fuel used price";"0.013071426714269948";"€";
"42916.6810184";"Fuel used price (Today)";"0.03552615";"€";
"42916.6810184";"Fuel used price (total)";"4.394709000000001";"€";
"42916.6810184";"Fuel used price (Week)";"3.4850045999999995";"€";
"42916.6810184";"Instant engine power (based on fuel consumption)";"29.15029689335144";"hp";
"42916.6810184";"MAF air flow rate";"22.12";"g/sec";
"42916.6810184";"Power from MAF";"26.544";"hp";
"42916.7340251";"Average speed";"4.374052705291464";"km/h";
"42916.7340251";"Calculated instant fuel consumption";"26.61118015976906";"L/100km";
"42916.7340251";"Distance travelled";"0.02078195838888889";"km";
"42916.7340251";"Distance travelled (Today)";"0.020783";"km";
"42916.7340251";"Distance travelled (total)";"41.45110300000001";"km";
"42916.7340251";"Distance travelled (Week)";"32.385492";"km";
"42916.7340251";"Vehicle acceleration";"0.17820176896965473";"g";
"42916.7340251";"Vehicle speed";"28";"km/h";
"42916.7872252";"Fuel/Air commanded equivalence ratio";"14.640051240000002";"";
"42916.8736337";"Fuel economizer (based on fuel system status and throttle position)";"1";"";
"42916.8736337";"Throttle position";"38.8235294117647";"%";
"42916.9212727";"Average fuel consumption";"40.60789755674685";"L/100km";
"42916.9212727";"Average fuel consumption (Today)";"106.08670548044073";"L/100km";
"42916.9212727";"Average fuel consumption (total)";"6.426793998702517";"L/100km";
"42916.9212727";"Average fuel consumption (Week)";"6.52341795517573";"L/100km";
"42916.9212727";"Calculated instant fuel rate";"7.747558780692257";"L/h";
"42916.9212727";"Fuel used";"0.008439116372845758";"L";
"42916.9212727";"Fuel used (Today)";"0.022047999999999998";"L";
"42916.9212727";"Fuel used (total)";"2.6639769999999996";"L";
"42916.9212727";"Fuel used (Week)";"2.1126409999999995";"L";
"42916.9212727";"Fuel used price";"0.0139245420151955";"€";
"42916.9212727";"Fuel used price (Today)";"0.0363792";"€";
"42916.9212727";"Fuel used price (total)";"4.3955620500000006";"€";
"42916.9212727";"Fuel used price (Week)";"3.4858576499999994";"€";
"42916.9212727";"Instant engine power (based on fuel consumption)";"30.309983207372657";"hp";
"42916.9212727";"MAF air flow rate";"23";"g/sec";
"42916.9212727";"Power from MAF";"27.599999999999998";"hp";
"42916.9708206";"Average speed";"4.696646025431184";"km/h";
"42916.9708206";"Calculated instant fuel consumption";"27.669852788186635";"L/100km";
"42916.9708206";"Distance travelled";"0.02262356738888889";"km";
"42916.9708206";"Distance travelled (Today)";"0.022625";"km";
"42916.9708206";"Distance travelled (total)";"41.45294500000001";"km";
"42916.9708206";"Distance travelled (Week)";"32.387333999999996";"km";
"42916.9708206";"Vehicle acceleration";"0.17186175977676432";"g";
"42916.9708206";"Vehicle speed";"28";"km/h";
"42917.0107611";"Fuel/Air commanded equivalence ratio";"14.640051240000002";"";
"42917.0919331";"Fuel economizer (based on fuel system status and throttle position)";"1";"";
"42917.0919331";"Throttle position";"38.431372549019606";"%";
"42917.1298977";"Average fuel consumption";"39.39129133125085";"L/100km";
"42917.1298977";"Average fuel consumption (Today)";"99.5403314917127";"L/100km";
"42917.1298977";"Average fuel consumption (total)";"6.427649470984508";"L/100km";
"42917.1298977";"Average fuel consumption (Week)";"6.524507389215795";"L/100km";
"42917.1298977";"Calculated instant fuel rate";"8.155147742633025";"L/h";
"42917.1298977";"Fuel used";"0.008911715339679084";"L";
"42917.1298977";"Fuel used (Today)";"0.022521";"L";
"42917.1298977";"Fuel used (total)";"2.6644499999999995";"L";
"42917.1298977";"Fuel used (Week)";"2.1131139999999995";"L";
"42917.1298977";"Fuel used price";"0.014704330310470488";"€";
"42917.1298977";"Fuel used price (Today)";"0.037159649999999995";"€";
"42917.1298977";"Fuel used price (total)";"4.3963425";"€";
"42917.1298977";"Fuel used price (Week)";"3.4866380999999995";"€";
"42917.1298977";"Instant engine power (based on fuel consumption)";"31.90455188915183";"hp";
"42917.1298977";"MAF air flow rate";"24.21";"g/sec";
"42917.1298977";"Power from MAF";"29.052";"hp";
"42917.1772129";"Average speed";"4.9707177643208365";"km/h";
"42917.1772129";"Calculated instant fuel consumption";"29.125527652260804";"L/100km";
"42917.1772129";"Distance travelled";"0.02422871561111111";"km";
"42917.1772129";"Distance travelled (Today)";"0.02423";"km";
"42917.1772129";"Distance travelled (total)";"41.45455000000001";"km";
"42917.1772129";"Distance travelled (Week)";"32.388939";"km";
"42917.1772129";"Vehicle acceleration";"0.18093789405585406";"g";
"42917.1772129";"Vehicle speed";"28";"km/h";
"42917.2261473";"Fuel/Air commanded equivalence ratio";"14.640051240000002";"";
"42917.3232488";"Fuel economizer (based on fuel system status and throttle position)";"1";"";
"42917.3232488";"Throttle position";"38.431372549019606";"%";
"42917.3660801";"Average fuel consumption";"39.047223139055944";"L/100km";
"42917.3660801";"Average fuel consumption (Today)";"95.21254643004539";"L/100km";
"42917.3660801";"Average fuel consumption (total)";"6.428724952990683";"L/100km";
"42917.3660801";"Average fuel consumption (Week)";"6.525879097181911";"L/100km";
"42917.3660801";"Calculated instant fuel rate";"8.367363483147638";"L/h";
"42917.3660801";"Fuel used";"0.009460640648397836";"L";
"42917.3660801";"Fuel used (Today)";"0.02307";"L";
"42917.3660801";"Fuel used (total)";"2.664999";"L";
"42917.3660801";"Fuel used (Week)";"2.113663";"L";
"42917.3660801";"Fuel used price";"0.01561005706985643";"€";
"42917.3660801";"Fuel used price (Today)";"0.038065499999999995";"€";
"42917.3660801";"Fuel used price (total)";"4.39724835";"€";
"42917.3660801";"Fuel used price (Week)";"3.4875439499999996";"€";
"42917.3660801";"Instant engine power (based on fuel consumption)";"32.73478186396247";"hp";
"42917.3660801";"MAF air flow rate";"24.84";"g/sec";
"42917.3660801";"Power from MAF";"29.808";"hp";
"42917.4128784";"Average speed";"5.315658714728709";"km/h";
"42917.4128784";"Calculated instant fuel consumption";"26.991495106927864";"L/100km";
"42917.4128784";"Distance travelled";"0.02625802986111111";"km";
"42917.4128784";"Distance travelled (Today)";"0.026259";"km";
"42917.4128784";"Distance travelled (total)";"41.45657900000001";"km";
"42917.4128784";"Distance travelled (Week)";"32.390968";"km";
"42917.4128784";"Vehicle acceleration";"0.18251067787327915";"g";
"42917.4128784";"Vehicle speed";"31";"km/h";
"42917.462885";"Fuel/Air commanded equivalence ratio";"14.640051240000002";"";
"42917.5564995";"Fuel economizer (based on fuel system status and throttle position)";"1";"";
"42917.5564995";"Throttle position";"38.431372549019606";"%";
"42917.6048066";"Average fuel consumption";"38.194494498644374";"L/100km";
"42917.6048066";"Average fuel consumption (Today)";"90.01866026886019";"L/100km";
"42917.6048066";"Average fuel consumption (total)";"6.429780421582782";"L/100km";
"42917.6048066";"Average fuel consumption (Week)";"6.5272238853744655";"L/100km";
"42917.6048066";"Calculated instant fuel rate";"8.572842216026867";"L/h";
"42917.6048066";"Fuel used";"0.01002912177075448";"L";
"42917.6048066";"Fuel used (Today)";"0.023638";"L";
"42917.6048066";"Fuel used (total)";"2.665567";"L";
"42917.6048066";"Fuel used (Week)";"2.1142309999999997";"L";
"42917.6048066";"Fuel used price";"0.01654805092174489";"€";
"42917.6048066";"Fuel used price (Today)";"0.0390027";"€";
"42917.6048066";"Fuel used price (total)";"4.39818555";"€";
"42917.6048066";"Fuel used price (Week)";"3.4884811499999997";"€";
"42917.6048066";"Instant engine power (based on fuel consumption)";"33.53865533163627";"hp";
"42917.6048066";"MAF air flow rate";"25.45";"g/sec";
"42917.6048066";"Power from MAF";"30.54";"hp";
"42917.6458768";"Average speed";"5.647781682175147";"km/h";
"42917.6458768";"Calculated instant fuel consumption";"27.654329729118924";"L/100km";
"42917.6458768";"Distance travelled";"0.028264116500000002";"km";
"42917.6458768";"Distance travelled (Today)";"0.028265";"km";
"42917.6458768";"Distance travelled (total)";"41.45858500000001";"km";
"42917.6458768";"Distance travelled (Week)";"32.392973999999995";"km";
"42917.6458768";"Vehicle acceleration";"0.0931909670864213";"g";
"42917.6458768";"Vehicle speed";"31";"km/h";
"42917.6899624";"Fuel/Air commanded equivalence ratio";"14.640051240000002";"";
"42917.7854475";"Fuel economizer (based on fuel system status and throttle position)";"1";"";
"42917.7854475";"Throttle position";"39.21568627450981";"%";
"42917.8248098";"Average fuel consumption";"37.42472252711279";"L/100km";
"42917.8248098";"Average fuel consumption (Today)";"85.5722625154785";"L/100km";
"42917.8248098";"Average fuel consumption (total)";"6.43079352563528";"L/100km";
"42917.8248098";"Average fuel consumption (Week)";"6.528514485888205";"L/100km";
"42917.8248098";"Calculated instant fuel rate";"8.977062674149941";"L/h";
"42917.8248098";"Fuel used";"0.010577767174864904";"L";
"42917.8248098";"Fuel used (Today)";"0.024187";"L";
"42917.8248098";"Fuel used (total)";"2.6661159999999997";"L";
"42917.8248098";"Fuel used (Week)";"2.1147799999999997";"L";
"42917.8248098";"Fuel used price";"0.017453315838527092";"€";
"42917.8248098";"Fuel used price (Today)";"0.03990855";"€";
"42917.8248098";"Fuel used price (total)";"4.3990914000000005";"€";
"42917.8248098";"Fuel used price (Week)";"3.4893869999999994";"€";
"42917.8248098";"Instant engine power (based on fuel consumption)";"35.12004575984701";"hp";
"42917.8248098";"MAF air flow rate";"26.650000000000002";"g/sec";
"42917.8248098";"Power from MAF";"31.98";"hp";
"42917.8730429";"Average speed";"6.0133510802147185";"km/h";
"42917.8730429";"Calculated instant fuel consumption";"25.64875049757126";"L/100km";
"42917.8730429";"Distance travelled";"0.030473124972222224";"km";
"42917.8730429";"Distance travelled (Today)";"0.030474";"km";
"42917.8730429";"Distance travelled (total)";"41.46079400000001";"km";
"42917.8730429";"Distance travelled (Week)";"32.395182999999996";"km";
"42917.8730429";"Vehicle acceleration";"0.21976640626538055";"g";
"42917.8730429";"Vehicle speed";"35";"km/h";
"42917.9102011";"Fuel/Air commanded equivalence ratio";"14.640051240000002";"";
"42917.9852689";"Fuel economizer (based on fuel system status and throttle position)";"1";"";
"42917.9852689";"Throttle position";"38.8235294117647";"%";
"42918.0204079";"Average fuel consumption";"36.32622290536184";"L/100km";
"42918.0204079";"Average fuel consumption (Today)";"80.98378945986742";"L/100km";
"42918.0204079";"Average fuel consumption (total)";"6.43163756101728";"L/100km";
"42918.0204079";"Average fuel consumption (Week)";"6.52958805634776";"L/100km";
"42918.0204079";"Calculated instant fuel rate";"9.057906765774556";"L/h";
"42918.0204079";"Fuel used";"0.011069735303638927";"L";
"42918.0204079";"Fuel used (Today)";"0.024679";"L";
"42918.0204079";"Fuel used (total)";"2.6666079999999996";"L";
"42918.0204079";"Fuel used (Week)";"2.1152719999999996";"L";
"42918.0204079";"Fuel used price";"0.01826506325100423";"€";
"42918.0204079";"Fuel used price (Today)";"0.040720349999999995";"€";
"42918.0204079";"Fuel used price (total)";"4.399903200000001";"€";
"42918.0204079";"Fuel used price (Week)";"3.4901987999999995";"€";
"42918.0204079";"Instant engine power (based on fuel consumption)";"35.43632384548917";"hp";
"42918.0204079";"MAF air flow rate";"26.89";"g/sec";
"42918.0204079";"Power from MAF";"32.268";"hp";
"42918.0582914";"Average speed";"6.30462051328888";"km/h";
"42918.0582914";"Calculated instant fuel consumption";"25.879733616498733";"L/100km";
"42918.0582914";"Distance travelled";"0.032273452055555554";"km";
"42918.0582914";"Distance travelled (Today)";"0.032274";"km";
"42918.0582914";"Distance travelled (total)";"41.46259400000001";"km";
"42918.0582914";"Distance travelled (Week)";"32.396983";"km";
"42918.0582914";"Vehicle acceleration";"0.22504028020600442";"g";
"42918.0582914";"Vehicle speed";"35";"km/h";
"42918.0853544";"Fuel/Air commanded equivalence ratio";"14.640051240000002";"";
"42918.1582752";"Fuel economizer (based on fuel system status and throttle position)";"1";"";
"42918.1582752";"Throttle position";"37.254901960784316";"%";
"42918.1993932";"Average fuel consumption";"35.4820429265056";"L/100km";
"42918.1993932";"Average fuel consumption (Today)";"77.65074053417612";"L/100km";
"42918.1993932";"Average fuel consumption (total)";"6.432279659106709";"L/100km";
"42918.1993932";"Average fuel consumption (Week)";"6.530404389816175";"L/100km";
"42918.1993932";"Calculated instant fuel rate";"7.66334618524995";"L/h";
"42918.1993932";"Fuel used";"0.011451280112217426";"L";
"42918.1993932";"Fuel used (Today)";"0.025061";"L";
"42918.1993932";"Fuel used (total)";"2.6669899999999997";"L";
"42918.1993932";"Fuel used (Week)";"2.1156539999999997";"L";
"42918.1993932";"Fuel used price";"0.01889461218515875";"€";
"42918.1993932";"Fuel used price (Today)";"0.041350649999999996";"€";
"42918.1993932";"Fuel used price (total)";"4.4005335";"€";
"42918.1993932";"Fuel used price (Week)";"3.4908290999999996";"€";
"42918.1993932";"Instant engine power (based on fuel consumption)";"29.980526868162087";"hp";
"42918.1993932";"MAF air flow rate";"22.75";"g/sec";
"42918.1993932";"Power from MAF";"27.3";"hp";
"42918.2445532";"Average speed";"6.621894704926345";"km/h";
"42918.2445532";"Calculated instant fuel consumption";"20.16670048749987";"L/100km";
"42918.2445532";"Distance travelled";"0.03424033311111111";"km";
"42918.2445532";"Distance travelled (Today)";"0.034241";"km";
"42918.2445532";"Distance travelled (total)";"41.46456100000001";"km";
"42918.2445532";"Distance travelled (Week)";"32.39895";"km";
"42918.2445532";"Vehicle acceleration";"0.2384082727088593";"g";
"42918.2445532";"Vehicle speed";"38";"km/h";
"42918.2812312";"Fuel/Air commanded equivalence ratio";"14.640051240000002";"";
"42918.3611602";"Fuel economizer (based on fuel system status and throttle position)";"1";"";
"42918.3611602";"Throttle position";"21.96078431372549";"%";
"42918.401924";"Average fuel consumption";"33.75345244932671";"L/100km";
"42918.401924";"Average fuel consumption (Today)";"73.49960573581379";"L/100km";
"42918.401924";"Average fuel consumption (total)";"6.432230163970623";"L/100km";
"42918.401924";"Average fuel consumption (Week)";"6.530335088019826";"L/100km";
"42918.401924";"Calculated instant fuel rate";"1.8863621379076803";"L/h";
"42918.401924";"Fuel used";"0.011557294555149958";"L";
"42918.401924";"Fuel used (Today)";"0.025167000000000002";"L";
"42918.401924";"Fuel used (total)";"2.6670959999999995";"L";
"42918.401924";"Fuel used (Week)";"2.1157599999999994";"L";
"42918.401924";"Fuel used price";"0.01906953601599743";"€";
"42918.401924";"Fuel used price (Today)";"0.041525549999999994";"€";
"42918.401924";"Fuel used price (total)";"4.4007084";"€";
"42918.401924";"Fuel used price (Week)";"3.4910039999999993";"€";
"42918.401924";"Instant engine power (based on fuel consumption)";"7.379821998316822";"hp";
"42918.401924";"MAF air flow rate";"5.6000000000000005";"g/sec";
"42918.401924";"Power from MAF";"6.720000000000001";"hp";
"42918.4483952";"Average speed";"6.961774473751989";"km/h";
"42918.4483952";"Calculated instant fuel consumption";"4.964110889230738";"L/100km";
"42918.4483952";"Distance travelled";"0.03639196383333333";"km";
"42918.4483952";"Distance travelled (Today)";"0.036393";"km";
"42918.4483952";"Distance travelled (total)";"41.466713000000006";"km";
"42918.4483952";"Distance travelled (Week)";"32.401101999999995";"km";
"42918.4483952";"Vehicle acceleration";"0.24706994535013851";"g";
"42918.4483952";"Vehicle speed";"38";"km/h";
"42918.4851008";"Fuel/Air commanded equivalence ratio";"14.640051240000002";"";
"42918.569364";"Fuel economizer (based on fuel system status and throttle position)";"1";"";
"42918.569364";"Throttle position";"21.96078431372549";"%";
"42918.6145896";"Average fuel consumption";"32.049895764954044";"L/100km";
"42918.6145896";"Average fuel consumption (Today)";"69.44467342620833";"L/100km";
"42918.6145896";"Average fuel consumption (total)";"6.432151976936295";"L/100km";
"42918.6145896";"Average fuel consumption (Week)";"6.530228508894543";"L/100km";
"42918.6145896";"Calculated instant fuel rate";"1.7987810386476806";"L/h";
"42918.6145896";"Fuel used";"0.011663586475403108";"L";
"42918.6145896";"Fuel used (Today)";"0.025272999999999997";"L";
"42918.6145896";"Fuel used (total)";"2.6672019999999996";"L";
"42918.6145896";"Fuel used (Week)";"2.1158659999999996";"L";
"42918.6145896";"Fuel used price";"0.019244917684415126";"€";
"42918.6145896";"Fuel used price (Today)";"0.04170045";"€";
"42918.6145896";"Fuel used price (total)";"4.4008833";"€";
"42918.6145896";"Fuel used price (Week)";"3.4911788999999995";"€";
"42918.6145896";"Instant engine power (based on fuel consumption)";"7.037187405537826";"hp";
"42918.6145896";"MAF air flow rate";"5.34";"g/sec";
"42918.6145896";"Power from MAF";"6.4079999999999995";"hp";
"42918.6570619";"Average speed";"7.324173137354325";"km/h";
"42918.6570619";"Calculated instant fuel consumption";"4.496952596619201";"L/100km";
"42918.6570619";"Distance travelled";"0.03871098938888889";"km";
"42918.6570619";"Distance travelled (Today)";"0.038712";"km";
"42918.6570619";"Distance travelled (total)";"41.469032000000006";"km";
"42918.6570619";"Distance travelled (Week)";"32.403420999999994";"km";
"42918.6570619";"Vehicle acceleration";"0.1806426270313475";"g";
"42918.6570619";"Vehicle speed";"40";"km/h";
"42918.713616";"Fuel/Air commanded equivalence ratio";"14.63156736";"";
"42918.8060494";"Fuel economizer (based on fuel system status and throttle position)";"2";"";
"42918.8060494";"Throttle position";"21.568627450980394";"%";
"42918.8467274";"Average fuel consumption";"30.39033934306416";"L/100km";
"42918.8467274";"Average fuel consumption (Today)";"65.54556726596404";"L/100km";
"42918.8467274";"Average fuel consumption (total)";"6.432035838212956";"L/100km";
"42918.8467274";"Average fuel consumption (Week)";"6.530072858665139";"L/100km";
"42918.8467274";"Calculated instant fuel rate";"1.5638920436765784";"L/h";
"42918.8467274";"Fuel used";"0.011764401038340892";"L";
"42918.8467274";"Fuel used (Today)";"0.025374";"L";
"42918.8467274";"Fuel used (total)";"2.6673029999999995";"L";
"42918.8467274";"Fuel used (Week)";"2.1159669999999995";"L";
"42918.8467274";"Fuel used price";"0.01941126171326247";"€";
"42918.8467274";"Fuel used price (Today)";"0.04186709999999999";"€";
"42918.8467274";"Fuel used price (total)";"4.40104995";"€";
"42918.8467274";"Fuel used price (Week)";"3.4913455499999997";"€";
"42918.8467274";"Instant engine power (based on fuel consumption)";"6.118255172211212";"hp";
"42918.8467274";"MAF air flow rate";"4.64";"g/sec";
"42918.8467274";"Power from MAF";"5.568";"hp";
"42918.8851865";"Average speed";"7.711117353412004";"km/h";
"42918.8851865";"Calculated instant fuel consumption";"3.909730109191446";"L/100km";
"42918.8851865";"Distance travelled";"0.04124454827777778";"km";
"42918.8851865";"Distance travelled (Today)";"0.041246";"km";
"42918.8851865";"Distance travelled (total)";"41.47156600000001";"km";
"42918.8851865";"Distance travelled (Week)";"32.405955";"km";
"42918.8851865";"Vehicle acceleration";"0.17127595967431666";"g";
"42918.8851865";"Vehicle speed";"40";"km/h";
"42918.9204213";"Fuel/Air commanded equivalence ratio";"14.63156736";"";
"42918.9979948";"Fuel economizer (based on fuel system status and throttle position)";"2";"";
"42918.9979948";"Throttle position";"20.784313725490197";"%";
"42919.0379203";"Average fuel consumption";"28.692336401842685";"L/100km";
"42919.0379203";"Average fuel consumption (Today)";"61.688406148475";"L/100km";
"42919.0379203";"Average fuel consumption (total)";"6.431811617627361";"L/100km";
"42919.0379203";"Average fuel consumption (Week)";"6.529778246004475";"L/100km";
"42919.0379203";"Calculated instant fuel rate";"1.3111077693754074";"L/h";
"42919.0379203";"Fuel used";"0.011834024539280412";"L";
"42919.0379203";"Fuel used (Today)";"0.025444";"L";
"42919.0379203";"Fuel used (total)";"2.6673729999999995";"L";
"42919.0379203";"Fuel used (Week)";"2.1160369999999995";"L";
"42919.0379203";"Fuel used price";"0.01952614048981268";"€";
"42919.0379203";"Fuel used price (Today)";"0.041982599999999995";"€";
"42919.0379203";"Fuel used price (total)";"4.401165450000001";"€";
"42919.0379203";"Fuel used price (Week)";"3.4914610499999994";"€";
"42919.0379203";"Instant engine power (based on fuel consumption)";"5.129313064633969";"hp";
"42919.0379203";"MAF air flow rate";"3.89";"g/sec";
"42919.0379203";"Power from MAF";"4.668";"hp";
"42919.076299";"Average speed";"8.058017981480779";"km/h";
"42919.076299";"Calculated instant fuel consumption";"3.0490878357567617";"L/100km";
"42919.076299";"Distance travelled";"0.04352791277777778";"km";
"42919.076299";"Distance travelled (Today)";"0.043529";"km";
"42919.076299";"Distance travelled (total)";"41.47384900000001";"km";
"42919.076299";"Distance travelled (Week)";"32.408238";"km";
"42919.076299";"Vehicle acceleration";"0.17027708682447212";"g";
"42919.076299";"Vehicle speed";"43";"km/h";
"42919.1279632";"Fuel/Air commanded equivalence ratio";"14.63156736";"";
"42919.2150485";"Fuel economizer (based on fuel system status and throttle position)";"2";"";
"42919.2150485";"Throttle position";"23.529411764705884";"%";
"42919.2589115";"Average fuel consumption";"27.535248123330625";"L/100km";
"42919.2589115";"Average fuel consumption (Today)";"58.79988053941051";"L/100km";
"42919.2589115";"Average fuel consumption (total)";"6.431821652241631";"L/100km";
"42919.2589115";"Average fuel consumption (Week)";"6.529784186354099";"L/100km";
"42919.2589115";"Calculated instant fuel rate";"2.46717451717943";"L/h";
"42919.2589115";"Fuel used";"0.011985518786268048";"L";
"42919.2589115";"Fuel used (Today)";"0.025595";"L";
"42919.2589115";"Fuel used (total)";"2.667524";"L";
"42919.2589115";"Fuel used (Week)";"2.1161879999999997";"L";
"42919.2589115";"Fuel used price";"0.019776105997342277";"€";
"42919.2589115";"Fuel used price (Today)";"0.04223175";"€";
"42919.2589115";"Fuel used price (total)";"4.4014146";"€";
"42919.2589115";"Fuel used price (Week)";"3.4917101999999995";"€";
"42919.2589115";"Instant engine power (based on fuel consumption)";"9.652074969953897";"hp";
"42919.2589115";"MAF air flow rate";"7.32";"g/sec";
"42919.2589115";"Power from MAF";"8.784";"hp";
"42919.2978378";"Average speed";"8.451680087128233";"km/h";
"42919.2978378";"Calculated instant fuel consumption";"5.737615156231232";"L/100km";
"42919.2978378";"Distance travelled";"0.04617461294444445";"km";
"42919.2978378";"Distance travelled (Today)";"0.046176";"km";
"42919.2978378";"Distance travelled (total)";"41.47649600000001";"km";
"42919.2978378";"Distance travelled (Week)";"32.410885";"km";
"42919.2978378";"Vehicle acceleration";"0.16672961201796194";"g";
"42919.2978378";"Vehicle speed";"43";"km/h";
"42919.3425026";"Fuel/Air commanded equivalence ratio";"14.63156736";"";
"42919.4313434";"Fuel economizer (based on fuel system status and throttle position)";"2";"";
"42919.4313434";"Throttle position";"22.352941176470587";"%";
"42919.483632";"Average fuel consumption";"26.212048233390323";"L/100km";
"42919.483632";"Average fuel consumption (Today)";"55.68477130977131";"L/100km";
"42919.483632";"Average fuel consumption (total)";"6.431695676510375";"L/100km";
"42919.483632";"Average fuel consumption (Week)";"6.529614973488073";"L/100km";
"42919.483632";"Calculated instant fuel rate";"1.8874559147820777";"L/h";
"42919.483632";"Fuel used";"0.01210331181657907";"L";
"42919.483632";"Fuel used (Today)";"0.025713";"L";
"42919.483632";"Fuel used (total)";"2.667642";"L";
"42919.483632";"Fuel used (Week)";"2.116306";"L";
"42919.483632";"Fuel used price";"0.019970464497355466";"€";
"42919.483632";"Fuel used price (Today)";"0.04242645";"€";
"42919.483632";"Fuel used price (total)";"4.4016093000000005";"€";
"42919.483632";"Fuel used price (Week)";"3.4919048999999993";"€";
"42919.483632";"Instant engine power (based on fuel consumption)";"7.384101069910086";"hp";
"42919.483632";"MAF air flow rate";"5.6000000000000005";"g/sec";
"42919.483632";"Power from MAF";"6.720000000000001";"hp";
"42919.5328014";"Average speed";"8.859450209664589";"km/h";
"42919.5328014";"Calculated instant fuel consumption";"4.38943235995832";"L/100km";
"42919.5328014";"Distance travelled";"0.04898052180555556";"km";
"42919.5328014";"Distance travelled (Today)";"0.048982";"km";
"42919.5328014";"Distance travelled (total)";"41.47930200000001";"km";
"42919.5328014";"Distance travelled (Week)";"32.413691";"km";
"42919.5328014";"Vehicle acceleration";"0.09703382236554822";"g";
"42919.5328014";"Vehicle speed";"43";"km/h";
"42919.5864147";"Fuel/Air commanded equivalence ratio";"14.63156736";"";
"42919.6823697";"Fuel economizer (based on fuel system status and throttle position)";"2";"";
"42919.6823697";"Throttle position";"24.705882352941178";"%";
"42919.7336933";"Average fuel consumption";"25.135393522409565";"L/100km";
"42919.7336933";"Average fuel consumption (Today)";"52.91943979421012";"L/100km";
"42919.7336933";"Average fuel consumption (total)";"6.431762038811548";"L/100km";
"42919.7336933";"Average fuel consumption (Week)";"6.5296914195918";"L/100km";
"42919.7336933";"Calculated instant fuel rate";"2.9963362647165486";"L/h";
"42919.7336933";"Fuel used";"0.012311446905156016";"L";
"42919.7336933";"Fuel used (Today)";"0.025921";"L";
"42919.7336933";"Fuel used (total)";"2.6678499999999996";"L";
"42919.7336933";"Fuel used (Week)";"2.1165139999999996";"L";
"42919.7336933";"Fuel used price";"0.020313887393507427";"€";
"42919.7336933";"Fuel used price (Today)";"0.04276964999999999";"€";
"42919.7336933";"Fuel used price (total)";"4.4019525";"€";
"42919.7336933";"Fuel used price (Week)";"3.4922480999999994";"€";
"42919.7336933";"Instant engine power (based on fuel consumption)";"11.72226044848226";"hp";
"42919.7336933";"MAF air flow rate";"8.89";"g/sec";
"42919.7336933";"Power from MAF";"10.668000000000001";"hp";
"42919.7824613";"Average speed";"9.28238387205187";"km/h";
"42919.7824613";"Calculated instant fuel consumption";"6.9682238714338345";"L/100km";
"42919.7824613";"Distance travelled";"0.05196247266666667";"km";
"42919.7824613";"Distance travelled (Today)";"0.051964";"km";
"42919.7824613";"Distance travelled (total)";"41.48228400000001";"km";
"42919.7824613";"Distance travelled (Week)";"32.416672999999996";"km";
"42919.7824613";"Vehicle acceleration";"0.0947049344097193";"g";
"42919.7824613";"Vehicle speed";"43";"km/h";
"42919.8224267";"Fuel/Air commanded equivalence ratio";"14.63156736";"";
"42919.9180762";"Fuel economizer (based on fuel system status and throttle position)";"2";"";
"42919.9180762";"Throttle position";"24.705882352941178";"%";
"42919.9618251";"Average fuel consumption";"24.041516812812574";"L/100km";
"42919.9618251";"Average fuel consumption (Today)";"50.23092910476483";"L/100km";
"42919.9618251";"Average fuel consumption (total)";"6.431736015307159";"L/100km";
"42919.9618251";"Average fuel consumption (Week)";"6.529649109888605";"L/100km";
"42919.9618251";"Calculated instant fuel rate";"2.8581475280985744";"L/h";
"42919.9618251";"Fuel used";"0.012492566602509806";"L";
"42919.9618251";"Fuel used (Today)";"0.026102";"L";
"42919.9618251";"Fuel used (total)";"2.6680309999999996";"L";
"42919.9618251";"Fuel used (Week)";"2.1166949999999995";"L";
"42919.9618251";"Fuel used price";"0.02061273489414118";"€";
"42919.9618251";"Fuel used price (Today)";"0.04306829999999999";"€";
"42919.9618251";"Fuel used price (total)";"4.402251150000001";"€";
"42919.9618251";"Fuel used price (Week)";"3.4925467499999994";"€";
"42919.9618251";"Instant engine power (based on fuel consumption)";"11.1816387630067";"hp";
"42919.9618251";"MAF air flow rate";"8.48";"g/sec";
"42919.9618251";"Power from MAF";"10.176";"hp";
"42920.0095651";"Average speed";"9.658133650109878";"km/h";
"42920.0095651";"Calculated instant fuel consumption";"6.646854716508313";"L/100km";
"42920.0095651";"Distance travelled";"0.05467520888888889";"km";
"42920.0095651";"Distance travelled (Today)";"0.054677";"km";
"42920.0095651";"Distance travelled (total)";"41.48499700000001";"km";
"42920.0095651";"Distance travelled (Week)";"32.419385999999996";"km";
"42920.0095651";"Vehicle acceleration";"0";"g";
"42920.0095651";"Vehicle speed";"43";"km/h";
"42920.05725";"Fuel/Air commanded equivalence ratio";"14.640051240000002";"";
"42920.1343491";"Fuel economizer (based on fuel system status and throttle position)";"1";"";
"42920.1343491";"Throttle position";"25.098039215686274";"%";
"42920.1749746";"Average fuel consumption";"23.17417460974753";"L/100km";
"42920.1749746";"Average fuel consumption (Today)";"48.06408544726301";"L/100km";
"42920.1749746";"Average fuel consumption (total)";"6.43174446897031";"L/100km";
"42920.1749746";"Average fuel consumption (Week)";"6.529651733687985";"L/100km";
"42920.1749746";"Calculated instant fuel rate";"3.004705405381519";"L/h";
"42920.1749746";"Fuel used";"0.012670528376155314";"L";
"42920.1749746";"Fuel used (Today)";"0.026279999999999998";"L";
"42920.1749746";"Fuel used (total)";"2.6682089999999996";"L";
"42920.1749746";"Fuel used (Week)";"2.1168729999999996";"L";
"42920.1749746";"Fuel used price";"0.020906371820656265";"€";
"42920.1749746";"Fuel used price (Today)";"0.043362";"€";
"42920.1749746";"Fuel used price (total)";"4.40254485";"€";
"42920.1749746";"Fuel used price (Week)";"3.4928404499999997";"€";
"42920.1749746";"Instant engine power (based on fuel consumption)";"11.755002183033222";"hp";
"42920.1749746";"MAF air flow rate";"8.92";"g/sec";
"42920.1749746";"Power from MAF";"10.703999999999999";"hp";
"42920.2259201";"Average speed";"10.008422952360926";"km/h";
"42920.2259201";"Calculated instant fuel consumption";"6.9876869892593465";"L/100km";
"42920.2259201";"Distance travelled";"0.057259786";"km";
"42920.2259201";"Distance travelled (Today)";"0.057262";"km";
"42920.2259201";"Distance travelled (total)";"41.48758200000001";"km";
"42920.2259201";"Distance travelled (Week)";"32.421971";"km";
"42920.2259201";"Vehicle acceleration";"0";"g";
"42920.2259201";"Vehicle speed";"43";"km/h";
"42920.2649522";"Fuel/Air commanded equivalence ratio";"14.640051240000002";"";
"42920.3329496";"Fuel economizer (based on fuel system status and throttle position)";"1";"";
"42920.3329496";"Throttle position";"24.313725490196077";"%";
"42920.378862";"Average fuel consumption";"22.40390672678548";"L/100km";
"42920.378862";"Average fuel consumption (Today)";"46.17023505990011";"L/100km";
"42920.378862";"Average fuel consumption (total)";"6.431724557965318";"L/100km";
"42920.378862";"Average fuel consumption (Week)";"6.529618449168311";"L/100km";
"42920.378862";"Calculated instant fuel rate";"2.7891211610492124";"L/h";
"42920.378862";"Fuel used";"0.012828429047396969";"L";
"42920.378862";"Fuel used (Today)";"0.026438";"L";
"42920.378862";"Fuel used (total)";"2.6683669999999995";"L";
"42920.378862";"Fuel used (Week)";"2.1170309999999994";"L";
"42920.378862";"Fuel used price";"0.021166907928204998";"€";
"42920.378862";"Fuel used price (Today)";"0.0436227";"€";
"42920.378862";"Fuel used price (total)";"4.40280555";"€";
"42920.378862";"Fuel used price (Week)";"3.4931011499999993";"€";
"42920.378862";"Instant engine power (based on fuel consumption)";"10.911593954654158";"hp";
"42920.378862";"MAF air flow rate";"8.28";"g/sec";
"42920.378862";"Power from MAF";"9.935999999999998";"hp";
"42920.4210346";"Average speed";"10.31795118935456";"km/h";
"42920.4210346";"Calculated instant fuel consumption";"6.486328281509796";"L/100km";
"42920.4210346";"Distance travelled";"0.0595897195";"km";
"42920.4210346";"Distance travelled (Today)";"0.059592";"km";
"42920.4210346";"Distance travelled (total)";"41.48991200000001";"km";
"42920.4210346";"Distance travelled (Week)";"32.424301";"km";
"42920.4210346";"Vehicle acceleration";"0";"g";
"42920.4210346";"Vehicle speed";"43";"km/h";
"42920.4686394";"Fuel/Air commanded equivalence ratio";"14.640051240000002";"";
"42920.5646718";"Fuel economizer (based on fuel system status and throttle position)";"1";"";
"42920.5646718";"Throttle position";"23.92156862745098";"%";
"42920.6018678";"Average fuel consumption";"21.799307767893676";"L/100km";
"42920.6018678";"Average fuel consumption (Today)";"44.63686400859175";"L/100km";
"42920.6018678";"Average fuel consumption (total)";"6.431753820061125";"L/100km";
"42920.6018678";"Average fuel consumption (Week)";"6.529648858120332";"L/100km";
"42920.6018678";"Calculated instant fuel rate";"2.610590458711522";"L/h";
"42920.6018678";"Fuel used";"0.012990146351829551";"L";
"42920.6018678";"Fuel used (Today)";"0.0266";"L";
"42920.6018678";"Fuel used (total)";"2.6685289999999995";"L";
"42920.6018678";"Fuel used (Week)";"2.1171929999999994";"L";
"42920.6018678";"Fuel used price";"0.02143374148051876";"€";
"42920.6018678";"Fuel used price (Today)";"0.04389";"€";
"42920.6018678";"Fuel used price (total)";"4.40307285";"€";
"42920.6018678";"Fuel used price (Week)";"3.4933684499999993";"€";
"42920.6018678";"Instant engine power (based on fuel consumption)";"10.213146515527745";"hp";
"42920.6018678";"MAF air flow rate";"7.75";"g/sec";
"42920.6018678";"Power from MAF";"9.299999999999999";"hp";
"42920.6545516";"Average speed";"10.703167116854866";"km/h";
"42920.6545516";"Calculated instant fuel consumption";"5.801312130470049";"L/100km";
"42920.6545516";"Distance travelled";"0.06250876325";"km";
"42920.6545516";"Distance travelled (Today)";"0.062511";"km";
"42920.6545516";"Distance travelled (total)";"41.49283100000001";"km";
"42920.6545516";"Distance travelled (Week)";"32.42722";"km";
"42920.6545516";"Vehicle acceleration";"0.06495990234153047";"g";
"42920.6545516";"Vehicle speed";"45";"km/h";
"42920.692486";"Fuel/Air commanded equivalence ratio";"14.640051240000002";"";
"42920.7764429";"Fuel economizer (based on fuel system status and throttle position)";"1";"";
"42920.7764429";"Throttle position";"23.92156862745098";"%";
"42920.8123905";"Average fuel consumption";"21.016396929592034";"L/100km";
"42920.8123905";"Average fuel consumption (Today)";"42.78766937019085";"L/100km";
"42920.8123905";"Average fuel consumption (total)";"6.431655627450437";"L/100km";
"42920.8123905";"Average fuel consumption (Week)";"6.529514401789607";"L/100km";
"42920.8123905";"Calculated instant fuel rate";"2.5129038479984454";"L/h";
"42920.8123905";"Fuel used";"0.013137089800398953";"L";
"42920.8123905";"Fuel used (Today)";"0.026747";"L";
"42920.8123905";"Fuel used (total)";"2.6686759999999996";"L";
"42920.8123905";"Fuel used (Week)";"2.1173399999999996";"L";
"42920.8123905";"Fuel used price";"0.021676198170658273";"€";
"42920.8123905";"Fuel used price (Today)";"0.04413254999999999";"€";
"42920.8123905";"Fuel used price (total)";"4.4033154";"€";
"42920.8123905";"Fuel used price (Week)";"3.4936109999999996";"€";
"42920.8123905";"Instant engine power (based on fuel consumption)";"9.830977162043478";"hp";
"42920.8123905";"MAF air flow rate";"7.46";"g/sec";
"42920.8123905";"Power from MAF";"8.952";"hp";
"42920.8419548";"Average speed";"11.006175563484087";"km/h";
"42920.8419548";"Calculated instant fuel consumption";"5.584230773329879";"L/100km";
"42920.8419548";"Distance travelled";"0.06485135075000001";"km";
"42920.8419548";"Distance travelled (Today)";"0.064854";"km";
"42920.8419548";"Distance travelled (total)";"41.495174000000006";"km";
"42920.8419548";"Distance travelled (Week)";"32.429562999999995";"km";
"42920.8419548";"Vehicle acceleration";"0.06805814718874588";"g";
"42920.8419548";"Vehicle speed";"45";"km/h";
"42920.8778876";"Fuel/Air commanded equivalence ratio";"14.640051240000002";"";
"42920.9465649";"Fuel economizer (based on fuel system status and throttle position)";"1";"";
"42920.9465649";"Throttle position";"22.745098039215687";"%";
"42920.997505";"Average fuel consumption";"20.4102764463752";"L/100km";
"42920.997505";"Average fuel consumption (Today)";"41.394516914916586";"L/100km";
"42920.997505";"Average fuel consumption (total)";"6.431531049851722";"L/100km";
"42920.997505";"Average fuel consumption (Week)";"6.529347928616861";"L/100km";
"42920.997505";"Calculated instant fuel rate";"1.9301526875376802";"L/h";
"42920.997505";"Fuel used";"0.013236339967283418";"L";
"42920.997505";"Fuel used (Today)";"0.026846000000000002";"L";
"42920.997505";"Fuel used (total)";"2.6687749999999997";"L";
"42920.997505";"Fuel used (Week)";"2.1174389999999996";"L";
"42920.997505";"Fuel used price";"0.021839960946017638";"€";
"42920.997505";"Fuel used price (Today)";"0.0442959";"€";
"42920.997505";"Fuel used price (total)";"4.4034787500000006";"€";
"42920.997505";"Fuel used price (Week)";"3.4937743499999994";"€";
"42920.997505";"Instant engine power (based on fuel consumption)";"7.551139294706319";"hp";
"42920.997505";"MAF air flow rate";"5.73";"g/sec";
"42920.997505";"Power from MAF";"6.876";"hp";
"42921.0333392";"Average speed";"11.32801828246095";"km/h";
"42921.0333392";"Calculated instant fuel consumption";"4.106707845824851";"L/100km";
"42921.0333392";"Distance travelled";"0.06734995169444445";"km";
"42921.0333392";"Distance travelled (Today)";"0.067353";"km";
"42921.0333392";"Distance travelled (total)";"41.497673000000006";"km";
"42921.0333392";"Distance travelled (Week)";"32.432061999999995";"km";
"42921.0333392";"Vehicle acceleration";"0.14032588706657056";"g";
"42921.0333392";"Vehicle speed";"47";"km/h";
"42921.0729062";"Fuel/Air commanded equivalence ratio";"14.640051240000002";"";
"42921.1530776";"Fuel economizer (based on fuel system status and throttle position)";"1";"";
"42921.1530776";"Throttle position";"20.784313725490197";"%";
"42921.1945846";"Average fuel consumption";"19.758513171692037";"L/100km";
"42921.1945846";"Average fuel consumption (Today)";"39.964069900375634";"L/100km";
"42921.1945846";"Average fuel consumption (total)";"6.431314835412577";"L/100km";
"42921.1945846";"Average fuel consumption (Week)";"6.529063739456345";"L/100km";
"42921.1945846";"Calculated instant fuel rate";"1.2968739698115301";"L/h";
"42921.1945846";"Fuel used";"0.013307349076675032";"L";
"42921.1945846";"Fuel used (Today)";"0.026917";"L";
"42921.1945846";"Fuel used (total)";"2.668846";"L";
"42921.1945846";"Fuel used (Week)";"2.11751";"L";
"42921.1945846";"Fuel used price";"0.0219571259765138";"€";
"42921.1945846";"Fuel used price (Today)";"0.044413049999999996";"€";
"42921.1945846";"Fuel used price (total)";"4.4035959";"€";
"42921.1945846";"Fuel used price (Week)";"3.4938914999999997";"€";
"42921.1945846";"Instant engine power (based on fuel consumption)";"5.073627623842814";"hp";
"42921.1945846";"MAF air flow rate";"3.85";"g/sec";
"42921.1945846";"Power from MAF";"4.62";"hp";
"42921.2465707";"Average speed";"11.679935539608955";"km/h";
"42921.2465707";"Calculated instant fuel consumption";"2.7593063187479365";"L/100km";
"42921.2465707";"Distance travelled";"0.07013415075000001";"km";
"42921.2465707";"Distance travelled (Today)";"0.070137";"km";
"42921.2465707";"Distance travelled (total)";"41.50045700000001";"km";
"42921.2465707";"Distance travelled (Week)";"32.434846";"km";
"42921.2465707";"Vehicle acceleration";"0.13724633173763331";"g";
"42921.2465707";"Vehicle speed";"47";"km/h";
"42921.2857898";"Fuel/Air commanded equivalence ratio";"14.640051240000002";"";
"42921.3781435";"Fuel economizer (based on fuel system status and throttle position)";"1";"";
"42921.3781435";"Throttle position";"20.392156862745097";"%";
"42921.4142334";"Average fuel consumption";"19.07872913149892";"L/100km";
"42921.4142334";"Average fuel consumption (Today)";"38.48182842151788";"L/100km";
"42921.4142334";"Average fuel consumption (total)";"6.431059301346968";"L/100km";
"42921.4142334";"Average fuel consumption (Week)";"6.528728392914212";"L/100km";
"42921.4142334";"Calculated instant fuel rate";"1.2025558629161461";"L/h";
"42921.4142334";"Fuel used";"0.013380704650269621";"L";
"42921.4142334";"Fuel used (Today)";"0.02699";"L";
"42921.4142334";"Fuel used (total)";"2.668919";"L";
"42921.4142334";"Fuel used (Week)";"2.1175829999999998";"L";
"42921.4142334";"Fuel used price";"0.022078162672944875";"€";
"42921.4142334";"Fuel used price (Today)";"0.0445335";"€";
"42921.4142334";"Fuel used price (total)";"4.40371635";"€";
"42921.4142334";"Fuel used price (Week)";"3.4940119499999995";"€";
"42921.4142334";"Instant engine power (based on fuel consumption)";"4.7046365239269745";"hp";
"42921.4142334";"MAF air flow rate";"3.5700000000000003";"g/sec";
"42921.4142334";"Power from MAF";"4.284";"hp";
"42921.4584083";"Average speed";"12.022632139108085";"km/h";
"42921.4584083";"Calculated instant fuel consumption";"2.5586294955662683";"L/100km";
"42921.4584083";"Distance travelled";"0.07289924300000002";"km";
"42921.4584083";"Distance travelled (Today)";"0.072902";"km";
"42921.4584083";"Distance travelled (total)";"41.50322200000001";"km";
"42921.4584083";"Distance travelled (Week)";"32.437611";"km";
"42921.4584083";"Vehicle acceleration";"0.07047388013435232";"g";
"42921.4584083";"Vehicle speed";"47";"km/h";
"42921.5021743";"Fuel/Air commanded equivalence ratio";"14.640051240000002";"";
"42921.6017278";"Fuel economizer (based on fuel system status and throttle position)";"1";"";
"42921.6017278";"Throttle position";"20.784313725490197";"%";
"42921.64462";"Average fuel consumption";"18.468636874158435";"L/100km";
"42921.64462";"Average fuel consumption (Today)";"37.1361553866835";"L/100km";
"42921.64462";"Average fuel consumption (total)";"6.43083084007309";"L/100km";
"42921.64462";"Average fuel consumption (Week)";"6.528427756285751";"L/100km";
"42921.64462";"Calculated instant fuel rate";"1.2935054659938376";"L/h";
"42921.64462";"Fuel used";"0.013463496473680364";"L";
"42921.64462";"Fuel used (Today)";"0.027073";"L";
"42921.64462";"Fuel used (total)";"2.669002";"L";
"42921.64462";"Fuel used (Week)";"2.117666";"L";
"42921.64462";"Fuel used price";"0.0222147691815726";"€";
"42921.64462";"Fuel used price (Today)";"0.04467045";"€";
"42921.64462";"Fuel used price (total)";"4.403853300000001";"€";
"42921.64462";"Fuel used price (Week)";"3.4941488999999994";"€";
"42921.64462";"Instant engine power (based on fuel consumption)";"5.060449370274391";"hp";
"42921.64462";"MAF air flow rate";"3.84";"g/sec";
"42921.64462";"Power from MAF";"4.608";"hp";
"42921.6866535";"Average speed";"12.384631669433032";"km/h";
"42921.6866535";"Calculated instant fuel consumption";"2.7521392893485905";"L/100km";
"42921.6866535";"Distance travelled";"0.0758795456388889";"km";
"42921.6866535";"Distance travelled (Today)";"0.075882";"km";
"42921.6866535";"Distance travelled (total)";"41.50620200000001";"km";
"42921.6866535";"Distance travelled (Week)";"32.440591";"km";
"42921.6866535";"Vehicle acceleration";"0.0670664077352514";"g";
"42921.6866535";"Vehicle speed";"47";"km/h";
"42921.7292902";"Fuel/Air commanded equivalence ratio";"14.7172992";"";
"42921.8302244";"Fuel economizer (based on fuel system status and throttle position)";"2";"";
"42921.8302244";"Throttle position";"20.784313725490197";"%";
"42921.8746676";"Average fuel consumption";"17.850197568108847";"L/100km";
"42921.8746676";"Average fuel consumption (Today)";"35.784507524841196";"L/100km";
"42921.8746676";"Average fuel consumption (total)";"6.430564280489935";"L/100km";
"42921.8746676";"Average fuel consumption (Week)";"6.528077740630557";"L/100km";
"42921.8746676";"Calculated instant fuel rate";"1.2699620157823597";"L/h";
"42921.8746676";"Fuel used";"0.01354464881032499";"L";
"42921.8746676";"Fuel used (Today)";"0.027153999999999998";"L";
"42921.8746676";"Fuel used (total)";"2.6690829999999997";"L";
"42921.8746676";"Fuel used (Week)";"2.1177469999999996";"L";
"42921.8746676";"Fuel used price";"0.022348670537036232";"€";
"42921.8746676";"Fuel used price (Today)";"0.0448041";"€";
"42921.8746676";"Fuel used price (total)";"4.40398695";"€";
"42921.8746676";"Fuel used price (Week)";"3.4942825499999994";"€";
"42921.8746676";"Instant engine power (based on fuel consumption)";"4.968342733751429";"hp";
"42921.8746676";"MAF air flow rate";"3.79";"g/sec";
"42921.8746676";"Power from MAF";"4.548";"hp";
"42921.9165052";"Average speed";"12.741595523556319";"km/h";
"42921.9165052";"Calculated instant fuel consumption";"2.702046842090127";"L/100km";
"42921.9165052";"Distance travelled";"0.07888006611111113";"km";
"42921.9165052";"Distance travelled (Today)";"0.078883";"km";
"42921.9165052";"Distance travelled (total)";"41.50920300000001";"km";
"42921.9165052";"Distance travelled (Week)";"32.443591999999995";"km";
"42921.9165052";"Vehicle acceleration";"0";"g";
"42921.9165052";"Vehicle speed";"47";"km/h";
"42921.9530262";"Fuel/Air commanded equivalence ratio";"14.63156736";"";
"42922.0293305";"Fuel economizer (based on fuel system status and throttle position)";"2";"";
"42922.0293305";"Throttle position";"20.784313725490197";"%";
"42922.0779496";"Average fuel consumption";"17.264100141473268";"L/100km";
"42922.0779496";"Average fuel consumption (Today)";"34.515675113776105";"L/100km";
"42922.0779496";"Average fuel consumption (total)";"6.430275233181421";"L/100km";
"42922.0779496";"Average fuel consumption (Week)";"6.527698905842485";"L/100km";
"42922.0779496";"Average fuel consumption 10 sec";"84.92357761447009";"L/100km";
"42922.0779496";"Calculated instant fuel rate";"1.2976259414126783";"L/h";
"42922.0779496";"Fuel used";"0.013617933605082544";"L";
"42922.0779496";"Fuel used (Today)";"0.027227";"L";
"42922.0779496";"Fuel used (total)";"2.6691559999999996";"L";
"42922.0779496";"Fuel used (Week)";"2.1178199999999996";"L";
"42922.0779496";"Fuel used price";"0.022469590448386197";"€";
"42922.0779496";"Fuel used price (Today)";"0.044924549999999994";"€";
"42922.0779496";"Fuel used price (total)";"4.4041074";"€";
"42922.0779496";"Fuel used price (Week)";"3.4944029999999997";"€";
"42922.0779496";"Instant engine power (based on fuel consumption)";"5.076569485563183";"hp";
"42922.0779496";"MAF air flow rate";"3.85";"g/sec";
"42922.0779496";"Power from MAF";"4.62";"hp";
"42922.1175763";"Average speed";"13.047971519480452";"km/h";
"42922.1175763";"Calculated instant fuel consumption";"2.760906258324847";"L/100km";
"42922.1175763";"Distance travelled";"0.08150567672222224";"km";
"42922.1175763";"Distance travelled (Today)";"0.081509";"km";
"42922.1175763";"Distance travelled (total)";"41.511829000000006";"km";
"42922.1175763";"Distance travelled (Week)";"32.446217999999995";"km";
"42922.1175763";"Vehicle acceleration";"0";"g";
"42922.1175763";"Vehicle speed";"47";"km/h";
"42922.1578214";"Fuel/Air commanded equivalence ratio";"14.68872192";"";
"42922.2462242";"Fuel economizer (based on fuel system status and throttle position)";"2";"";
"42922.2462242";"Throttle position";"21.176470588235293";"%";
"42922.2863308";"Average fuel consumption";"16.812124734825765";"L/100km";
"42922.2863308";"Average fuel consumption (Today)";"33.507956176618535";"L/100km";
"42922.2863308";"Average fuel consumption (total)";"6.4300732208161655";"L/100km";
"42922.2863308";"Average fuel consumption (Week)";"6.527432565484211";"L/100km";
"42922.2863308";"Average fuel consumption 10 sec";"83.47439776596701";"L/100km";
"42922.2863308";"Calculated instant fuel rate";"1.4671586165821329";"L/h";
"42922.2863308";"Fuel used";"0.013702836036503852";"L";
"42922.2863308";"Fuel used (Today)";"0.027312";"L";
"42922.2863308";"Fuel used (total)";"2.6692409999999995";"L";
"42922.2863308";"Fuel used (Week)";"2.1179049999999995";"L";
"42922.2863308";"Fuel used price";"0.022609679460231354";"€";
"42922.2863308";"Fuel used price (Today)";"0.045064799999999995";"€";
"42922.2863308";"Fuel used price (total)";"4.40424765";"€";
"42922.2863308";"Fuel used price (Week)";"3.4945432499999995";"€";
"42922.2863308";"Instant engine power (based on fuel consumption)";"5.739814861679968";"hp";
"42922.2863308";"MAF air flow rate";"4.37";"g/sec";
"42922.2863308";"Power from MAF";"5.244";"hp";
"42922.3332336";"Average speed";"13.37041731333638";"km/h";
"42922.3332336";"Calculated instant fuel consumption";"3.1216140778343253";"L/100km";
"42922.3332336";"Distance travelled";"0.08432067383333335";"km";
"42922.3332336";"Distance travelled (Today)";"0.084324";"km";
"42922.3332336";"Distance travelled (total)";"41.51464400000001";"km";
"42922.3332336";"Distance travelled (Week)";"32.449033";"km";
"42922.3332336";"Vehicle acceleration";"0";"g";
"42922.3332336";"Vehicle speed";"47";"km/h";
"42922.370145";"Fuel/Air commanded equivalence ratio";"14.63156736";"";
"42922.4454208";"Fuel economizer (based on fuel system status and throttle position)";"2";"";
"42922.4454208";"Throttle position";"21.568627450980394";"%";
"42922.4856891";"Average fuel consumption";"16.357539076046358";"L/100km";
"42922.4856891";"Average fuel consumption (Today)";"32.4960865234097";"L/100km";
"42922.4856891";"Average fuel consumption (total)";"6.429854005251735";"L/100km";
"42922.4856891";"Average fuel consumption (Week)";"6.527143659411976";"L/100km";
"42922.4856891";"Average fuel consumption 10 sec";"63.1017171531764";"L/100km";
"42922.4856891";"Calculated instant fuel rate";"1.6245602695088597";"L/h";
"42922.4856891";"Fuel used";"0.013792787171473097";"L";
"42922.4856891";"Fuel used (Today)";"0.027402";"L";
"42922.4856891";"Fuel used (total)";"2.6693309999999997";"L";
"42922.4856891";"Fuel used (Week)";"2.1179949999999996";"L";
"42922.4856891";"Fuel used price";"0.022758098832930607";"€";
"42922.4856891";"Fuel used price (Today)";"0.0452133";"€";
"42922.4856891";"Fuel used price (total)";"4.40439615";"€";
"42922.4856891";"Fuel used price (Week)";"3.4946917499999994";"€";
"42922.4856891";"Instant engine power (based on fuel consumption)";"6.35560127802975";"hp";
"42922.4856891";"MAF air flow rate";"4.82";"g/sec";
"42922.4856891";"Power from MAF";"5.784";"hp";
"42922.5344579";"Average speed";"13.657224953097424";"km/h";
"42922.5344579";"Calculated instant fuel consumption";"3.5316527598018688";"L/100km";
"42922.5344579";"Distance travelled";"0.0868932033888889";"km";
"42922.5344579";"Distance travelled (Today)";"0.086897";"km";
"42922.5344579";"Distance travelled (total)";"41.51721700000001";"km";
"42922.5344579";"Distance travelled (Week)";"32.451606";"km";
"42922.5344579";"Vehicle acceleration";"-0.03341036017328762";"g";
"42922.5344579";"Vehicle speed";"46";"km/h";
"42922.5737876";"Fuel/Air commanded equivalence ratio";"14.63156736";"";
"42922.6535494";"Fuel economizer (based on fuel system status and throttle position)";"2";"";
"42922.6535494";"Throttle position";"20.784313725490197";"%";
"42922.6899949";"Average fuel consumption";"15.957375101414708";"L/100km";
"42922.6899949";"Average fuel consumption (Today)";"31.617892447380232";"L/100km";
"42922.6899949";"Average fuel consumption (total)";"6.429631350290167";"L/100km";
"42922.6899949";"Average fuel consumption (Week)";"6.526851090204903";"L/100km";
"42922.6899949";"Average fuel consumption 10 sec";"53.15263470136356";"L/100km";
"42922.6899949";"Calculated instant fuel rate";"1.2875145704406314";"L/h";
"42922.6899949";"Fuel used";"0.013865874402400198";"L";
"42922.6899949";"Fuel used (Today)";"0.027475";"L";
"42922.6899949";"Fuel used (total)";"2.6694039999999997";"L";
"42922.6899949";"Fuel used (Week)";"2.1180679999999996";"L";
"42922.6899949";"Fuel used price";"0.022878692763960325";"€";
"42922.6899949";"Fuel used price (Today)";"0.04533374999999999";"€";
"42922.6899949";"Fuel used price (total)";"4.4045166";"€";
"42922.6899949";"Fuel used price (Week)";"3.4948121999999997";"€";
"42922.6899949";"Instant engine power (based on fuel consumption)";"5.0370118012600935";"hp";
"42922.6899949";"MAF air flow rate";"3.8200000000000003";"g/sec";
"42922.6899949";"Power from MAF";"4.5840000000000005";"hp";
"42922.7255277";"Average speed";"13.924641101655649";"km/h";
"42922.7255277";"Calculated instant fuel consumption";"2.7989447183491984";"L/100km";
"42922.7255277";"Distance travelled";"0.08933324527777778";"km";
"42922.7255277";"Distance travelled (Today)";"0.089337";"km";
"42922.7255277";"Distance travelled (total)";"41.51965700000001";"km";
"42922.7255277";"Distance travelled (Week)";"32.454046";"km";
"42922.7255277";"Vehicle acceleration";"-0.03501194387115069";"g";
"42922.7255277";"Vehicle speed";"46";"km/h";
"42922.766122";"Fuel/Air commanded equivalence ratio";"14.68872192";"";
"42922.8462465";"Fuel economizer (based on fuel system status and throttle position)";"2";"";
"42922.8462465";"Throttle position";"20.784313725490197";"%";
"42922.8848332";"Average fuel consumption";"15.597374192921547";"L/100km";
"42922.8848332";"Average fuel consumption (Today)";"30.83045098895194";"L/100km";
"42922.8848332";"Average fuel consumption (total)";"6.429417275773736";"L/100km";
"42922.8848332";"Average fuel consumption (Week)";"6.526569907493198";"L/100km";
"42922.8848332";"Average fuel consumption 10 sec";"47.60092563486824";"L/100km";
"42922.8848332";"Calculated instant fuel rate";"1.2522887047714772";"L/h";
"42922.8848332";"Fuel used";"0.013933640544655419";"L";
"42922.8848332";"Fuel used (Today)";"0.027542999999999998";"L";
"42922.8848332";"Fuel used (total)";"2.669472";"L";
"42922.8848332";"Fuel used (Week)";"2.118136";"L";
"42922.8848332";"Fuel used price";"0.02299050689868144";"€";
"42922.8848332";"Fuel used price (Today)";"0.04544595";"€";
"42922.8848332";"Fuel used price (total)";"4.4046288";"€";
"42922.8848332";"Fuel used price (Week)";"3.4949243999999995";"€";
"42922.8848332";"Instant engine power (based on fuel consumption)";"4.899201243493428";"hp";
"42922.8848332";"MAF air flow rate";"3.73";"g/sec";
"42922.8848332";"Power from MAF";"4.476";"hp";
"42922.9263783";"Average speed";"14.201176850240104";"km/h";
"42922.9263783";"Calculated instant fuel consumption";"2.722366749503211";"L/100km";
"42922.9263783";"Distance travelled";"0.09189966194444445";"km";
"42922.9263783";"Distance travelled (Today)";"0.091903";"km";
"42922.9263783";"Distance travelled (total)";"41.52222300000001";"km";
"42922.9263783";"Distance travelled (Week)";"32.456612";"km";
"42922.9263783";"Vehicle acceleration";"-0.03502148468766094";"g";
"42922.9263783";"Vehicle speed";"46";"km/h";
"42922.966289";"Fuel/Air commanded equivalence ratio";"14.640051240000002";"";
"42923.0404861";"Fuel economizer (based on fuel system status and throttle position)";"2";"";
"42923.0404861";"Throttle position";"20.784313725490197";"%";
"42923.0771849";"Average fuel consumption";"15.235430340960077";"L/100km";
"42923.0771849";"Average fuel consumption (Today)";"30.043632960839144";"L/100km";
"42923.0771849";"Average fuel consumption (total)";"6.42918371687373";"L/100km";
"42923.0771849";"Average fuel consumption (Week)";"6.526263431315627";"L/100km";
"42923.0771849";"Average fuel consumption 10 sec";"43.634547918413524";"L/100km";
"42923.0771849";"Calculated instant fuel rate";"1.2665574354522995";"L/h";
"42923.0771849";"Fuel used";"0.01400130897912363";"L";
"42923.0771849";"Fuel used (Today)";"0.027611";"L";
"42923.0771849";"Fuel used (total)";"2.6695399999999996";"L";
"42923.0771849";"Fuel used (Week)";"2.1182039999999995";"L";
"42923.0771849";"Fuel used price";"0.02310215981555399";"€";
"42923.0771849";"Fuel used price (Today)";"0.04555815";"€";
"42923.0771849";"Fuel used price (total)";"4.4047410000000005";"€";
"42923.0771849";"Fuel used price (Week)";"3.4950365999999997";"€";
"42923.0771849";"Instant engine power (based on fuel consumption)";"4.955023341727007";"hp";
"42923.0771849";"MAF air flow rate";"3.7600000000000002";"g/sec";
"42923.0771849";"Power from MAF";"4.5120000000000005";"hp";
"42923.1174906";"Average speed";"14.460052289040169";"km/h";
"42923.1174906";"Calculated instant fuel consumption";"2.7533857292441293";"L/100km";
"42923.1174906";"Distance travelled";"0.09434296472222223";"km";
"42923.1174906";"Distance travelled (Today)";"0.094346";"km";
"42923.1174906";"Distance travelled (total)";"41.52466600000001";"km";
"42923.1174906";"Distance travelled (Week)";"32.459055";"km";
"42923.1174906";"Vehicle acceleration";"-0.036117561412264104";"g";
"42923.1174906";"Vehicle speed";"46";"km/h";
"42923.1577305";"Fuel/Air commanded equivalence ratio";"14.74587648";"";
"42923.2418852";"Fuel economizer (based on fuel system status and throttle position)";"2";"";
"42923.2418852";"Throttle position";"20.784313725490197";"%";
"42923.2807226";"Average fuel consumption";"14.916031409714241";"L/100km";
"42923.2807226";"Average fuel consumption (Today)";"29.340936552689037";"L/100km";
"42923.2807226";"Average fuel consumption (total)";"6.42897645462097";"L/100km";
"42923.2807226";"Average fuel consumption (Week)";"6.525990975399622";"L/100km";
"42923.2807226";"Average fuel consumption 10 sec";"40.5864719098903";"L/100km";
"42923.2807226";"Calculated instant fuel rate";"1.2541235314166628";"L/h";
"42923.2807226";"Fuel used";"0.014072226250822295";"L";
"42923.2807226";"Fuel used (Today)";"0.027682";"L";
"42923.2807226";"Fuel used (total)";"2.6696109999999997";"L";
"42923.2807226";"Fuel used (Week)";"2.1182749999999997";"L";
"42923.2807226";"Fuel used price";"0.023219173313856787";"€";
"42923.2807226";"Fuel used price (Today)";"0.0456753";"€";
"42923.2807226";"Fuel used price (total)";"4.40485815";"€";
"42923.2807226";"Fuel used price (Week)";"3.4951537499999996";"€";
"42923.2807226";"Instant engine power (based on fuel consumption)";"4.906379448445239";"hp";
"42923.2807226";"MAF air flow rate";"3.75";"g/sec";
"42923.2807226";"Power from MAF";"4.5";"hp";
"42923.3205198";"Average speed";"14.747340814678008";"km/h";
"42923.3205198";"Calculated instant fuel consumption";"2.612757357118048";"L/100km";
"42923.3205198";"Distance travelled";"0.09704862205555556";"km";
"42923.3205198";"Distance travelled (Today)";"0.097052";"km";
"42923.3205198";"Distance travelled (total)";"41.52737200000001";"km";
"42923.3205198";"Distance travelled (Week)";"32.461760999999996";"km";
"42923.3205198";"Vehicle acceleration";"0.07206926162048564";"g";
"42923.3205198";"Vehicle speed";"48";"km/h";
"42923.3619417";"Fuel/Air commanded equivalence ratio";"14.74587648";"";
"42923.4495655";"Fuel economizer (based on fuel system status and throttle position)";"2";"";
"42923.4495655";"Throttle position";"20.784313725490197";"%";
"42923.4932723";"Average fuel consumption";"14.577077212359821";"L/100km";
"42923.4932723";"Average fuel consumption (Today)";"28.600131888060005";"L/100km";
"42923.4932723";"Average fuel consumption (total)";"6.428738134452619";"L/100km";
"42923.4932723";"Average fuel consumption (Week)";"6.525678012354289";"L/100km";
"42923.4932723";"Average fuel consumption 10 sec";"40.044609520358414";"L/100km";
"42923.4932723";"Calculated instant fuel rate";"1.264156519667996";"L/h";
"42923.4932723";"Fuel used";"0.014146852570569596";"L";
"42923.4932723";"Fuel used (Today)";"0.027756999999999997";"L";
"42923.4932723";"Fuel used (total)";"2.6696859999999996";"L";
"42923.4932723";"Fuel used (Week)";"2.1183499999999995";"L";
"42923.4932723";"Fuel used price";"0.023342306741439833";"€";
"42923.4932723";"Fuel used price (Today)";"0.045799049999999994";"€";
"42923.4932723";"Fuel used price (total)";"4.4049819";"€";
"42923.4932723";"Fuel used price (Week)";"3.4952774999999994";"€";
"42923.4932723";"Instant engine power (based on fuel consumption)";"4.945630484032801";"hp";
"42923.4932723";"MAF air flow rate";"3.7800000000000002";"g/sec";
"42923.4932723";"Power from MAF";"4.5360000000000005";"hp";
"42923.5423301";"Average speed";"15.055790138568092";"km/h";
"42923.5423301";"Calculated instant fuel consumption";"2.633659415974992";"L/100km";
"42923.5423301";"Distance travelled";"0.10000610072222223";"km";
"42923.5423301";"Distance travelled (Today)";"0.100009";"km";
"42923.5423301";"Distance travelled (total)";"41.53032900000001";"km";
"42923.5423301";"Distance travelled (Week)";"32.464718";"km";
"42923.5423301";"Vehicle acceleration";"0.06935692245884197";"g";
"42923.5423301";"Vehicle speed";"48";"km/h";
"42923.5826098";"Fuel/Air commanded equivalence ratio";"14.74587648";"";
"42923.6658294";"Fuel economizer (based on fuel system status and throttle position)";"2";"";
"42923.6658294";"Throttle position";"20.784313725490197";"%";
"42923.7174622";"Average fuel consumption";"14.225326769242841";"L/100km";
"42923.7174622";"Average fuel consumption (Today)";"27.833494985451306";"L/100km";
"42923.7174622";"Average fuel consumption (total)";"6.428470624444123";"L/100km";
"42923.7174622";"Average fuel consumption (Week)";"6.525326971883753";"L/100km";
"42923.7174622";"Average fuel consumption 10 sec";"35.822644267181175";"L/100km";
"42923.7174622";"Calculated instant fuel rate";"1.2741895079193295";"L/h";
"42923.7174622";"Fuel used";"0.014226194616914236";"L";
"42923.7174622";"Fuel used (Today)";"0.027836";"L";
"42923.7174622";"Fuel used (total)";"2.6697649999999995";"L";
"42923.7174622";"Fuel used (Week)";"2.1184289999999995";"L";
"42923.7174622";"Fuel used price";"0.023473221117908488";"€";
"42923.7174622";"Fuel used price (Today)";"0.045929399999999995";"€";
"42923.7174622";"Fuel used price (total)";"4.40511225";"€";
"42923.7174622";"Fuel used price (Week)";"3.4954078499999994";"€";
"42923.7174622";"Instant engine power (based on fuel consumption)";"4.984881519620362";"hp";
"42923.7174622";"MAF air flow rate";"3.81";"g/sec";
"42923.7174622";"Power from MAF";"4.572";"hp";
"42923.7580052";"Average speed";"15.350254011808504";"km/h";
"42923.7580052";"Calculated instant fuel consumption";"2.6545614748319366";"L/100km";
"42923.7580052";"Distance travelled";"0.10288162072222223";"km";
"42923.7580052";"Distance travelled (Today)";"0.102885";"km";
"42923.7580052";"Distance travelled (total)";"41.53320500000001";"km";
"42923.7580052";"Distance travelled (Week)";"32.467594";"km";
"42923.7580052";"Vehicle acceleration";"0.06812058091561747";"g";
"42923.7580052";"Vehicle speed";"48";"km/h";
"42923.7972747";"Fuel/Air commanded equivalence ratio";"14.74587648";"";
"42923.8774135";"Fuel economizer (based on fuel system status and throttle position)";"2";"";
"42923.8774135";"Throttle position";"20.784313725490197";"%";
"42923.9184798";"Average fuel consumption";"13.896894625136994";"L/100km";
"42923.9184798";"Average fuel consumption (Today)";"27.124459347815524";"L/100km";
"42923.9184798";"Average fuel consumption (total)";"6.428196427412715";"L/100km";
"42923.9184798";"Average fuel consumption (Week)";"6.52496763388134";"L/100km";
"42923.9184798";"Average fuel consumption 10 sec";"35.36585781630526";"L/100km";
"42923.9184798";"Calculated instant fuel rate";"1.2741895079193295";"L/h";
"42923.9184798";"Fuel used";"0.01429735042040033";"L";
"42923.9184798";"Fuel used (Today)";"0.027907";"L";
"42923.9184798";"Fuel used (total)";"2.6698359999999997";"L";
"42923.9184798";"Fuel used (Week)";"2.1184999999999996";"L";
"42923.9184798";"Fuel used price";"0.02359062819366054";"€";
"42923.9184798";"Fuel used price (Today)";"0.04604654999999999";"€";
"42923.9184798";"Fuel used price (total)";"4.4052294000000005";"€";
"42923.9184798";"Fuel used price (Week)";"3.4955249999999993";"€";
"42923.9184798";"Instant engine power (based on fuel consumption)";"4.984881519620362";"hp";
"42923.9184798";"MAF air flow rate";"3.81";"g/sec";
"42923.9184798";"Power from MAF";"4.572";"hp";
"42923.9576382";"Average speed";"15.618175672431144";"km/h";
"42923.9576382";"Calculated instant fuel consumption";"2.6545614748319366";"L/100km";
"42923.9576382";"Distance travelled";"0.1055433873888889";"km";
"42923.9576382";"Distance travelled (Today)";"0.105547";"km";
"42923.9576382";"Distance travelled (total)";"41.53586700000001";"km";
"42923.9576382";"Distance travelled (Week)";"32.470256";"km";
"42923.9576382";"Vehicle acceleration";"0.06742970011578445";"g";
"42923.9576382";"Vehicle speed";"48";"km/h";
"42924.0088539";"Fuel/Air commanded equivalence ratio";"14.74587648";"";
"42924.1011457";"Fuel economizer (based on fuel system status and throttle position)";"2";"";
"42924.1011457";"Throttle position";"20.784313725490197";"%";
"42924.1410009";"Average fuel consumption";"13.619473960035236";"L/100km";
"42924.1410009";"Average fuel consumption (Today)";"26.513306868030355";"L/100km";
"42924.1410009";"Average fuel consumption (total)";"6.427969831471193";"L/100km";
"42924.1410009";"Average fuel consumption (Week)";"6.524669839375457";"L/100km";
"42924.1410009";"Average fuel consumption 10 sec";"32.16423848545908";"L/100km";
"42924.1410009";"Calculated instant fuel rate";"1.2474348725824405";"L/h";
"42924.1410009";"Fuel used";"0.014374454161968838";"L";
"42924.1410009";"Fuel used (Today)";"0.027984";"L";
"42924.1410009";"Fuel used (total)";"2.6699129999999998";"L";
"42924.1410009";"Fuel used (Week)";"2.1185769999999997";"L";
"42924.1410009";"Fuel used price";"0.02371784936724858";"€";
"42924.1410009";"Fuel used price (Today)";"0.046173599999999995";"€";
"42924.1410009";"Fuel used price (total)";"4.40535645";"€";
"42924.1410009";"Fuel used price (Week)";"3.4956520499999995";"€";
"42924.1410009";"Instant engine power (based on fuel consumption)";"4.8802120913868645";"hp";
"42924.1410009";"MAF air flow rate";"3.73";"g/sec";
"42924.1410009";"Power from MAF";"4.476";"hp";
"42924.184995";"Average speed";"15.918005653820552";"km/h";
"42924.184995";"Calculated instant fuel consumption";"2.5988226512134176";"L/100km";
"42924.184995";"Distance travelled";"0.10857487405555556";"km";
"42924.184995";"Distance travelled (Today)";"0.108578";"km";
"42924.184995";"Distance travelled (total)";"41.53889800000001";"km";
"42924.184995";"Distance travelled (Week)";"32.473287";"km";
"42924.184995";"Vehicle acceleration";"0";"g";
"42924.184995";"Vehicle speed";"48";"km/h";
"42924.2258091";"Fuel/Air commanded equivalence ratio";"14.774453760000002";"";
"42924.3059695";"Fuel economizer (based on fuel system status and throttle position)";"2";"";
"42924.3059695";"Throttle position";"20.784313725490197";"%";
"42924.3541548";"Average fuel consumption";"13.306556746655234";"L/100km";
"42924.3541548";"Average fuel consumption (Today)";"25.84040965941535";"L/100km";
"42924.3541548";"Average fuel consumption (total)";"6.427676535858026";"L/100km";
"42924.3541548";"Average fuel consumption (Week)";"6.524285638223195";"L/100km";
"42924.3541548";"Average fuel consumption 10 sec";"30.661400712396112";"L/100km";
"42924.3541548";"Calculated instant fuel rate";"1.2350084570886872";"L/h";
"42924.3541548";"Fuel used";"0.014447577228811953";"L";
"42924.3541548";"Fuel used (Today)";"0.028057";"L";
"42924.3541548";"Fuel used (total)";"2.6699859999999997";"L";
"42924.3541548";"Fuel used (Week)";"2.1186499999999997";"L";
"42924.3541548";"Fuel used price";"0.023838502427539723";"€";
"42924.3541548";"Fuel used price (Today)";"0.046294049999999996";"€";
"42924.3541548";"Fuel used price (total)";"4.4054769";"€";
"42924.3541548";"Fuel used price (Week)";"3.4957724999999997";"€";
"42924.3541548";"Instant engine power (based on fuel consumption)";"4.831597494762939";"hp";
"42924.3541548";"MAF air flow rate";"3.7";"g/sec";
"42924.3541548";"Power from MAF";"4.44";"hp";
"42924.3931581";"Average speed";"16.17926475642554";"km/h";
"42924.3931581";"Calculated instant fuel consumption";"2.6276775682738025";"L/100km";
"42924.3931581";"Distance travelled";"0.11129235791666667";"km";
"42924.3931581";"Distance travelled (Today)";"0.111295";"km";
"42924.3931581";"Distance travelled (total)";"41.54161500000001";"km";
"42924.3931581";"Distance travelled (Week)";"32.476003999999996";"km";
"42924.3931581";"Vehicle acceleration";"-0.03329162928405977";"g";
"42924.3931581";"Vehicle speed";"47";"km/h";
"42924.433503";"Fuel/Air commanded equivalence ratio";"14.774453760000002";"";
"42924.5027123";"Fuel economizer (based on fuel system status and throttle position)";"2";"";
"42924.5027123";"Throttle position";"20.784313725490197";"%";
"42924.5454053";"Average fuel consumption";"13.040593475825904";"L/100km";
"42924.5454053";"Average fuel consumption (Today)";"25.268880003594052";"L/100km";
"42924.5454053";"Average fuel consumption (total)";"6.427415015039736";"L/100km";
"42924.5454053";"Average fuel consumption (Week)";"6.523943031907497";"L/100km";
"42924.5454053";"Average fuel consumption 10 sec";"29.338932997226426";"L/100km";
"42924.5454053";"Calculated instant fuel rate";"1.2350084570886872";"L/h";
"42924.5454053";"Fuel used";"0.014513183965573648";"L";
"42924.5454053";"Fuel used (Today)";"0.028123";"L";
"42924.5454053";"Fuel used (total)";"2.6700519999999996";"L";
"42924.5454053";"Fuel used (Week)";"2.1187159999999996";"L";
"42924.5454053";"Fuel used price";"0.023946753543196517";"€";
"42924.5454053";"Fuel used price (Today)";"0.04640295";"€";
"42924.5454053";"Fuel used price (total)";"4.4055858";"€";
"42924.5454053";"Fuel used price (Week)";"3.4958813999999996";"€";
"42924.5454053";"Instant engine power (based on fuel consumption)";"4.831597494762939";"hp";
"42924.5454053";"MAF air flow rate";"3.7";"g/sec";
"42924.5454053";"Power from MAF";"4.44";"hp";
"42924.5868255";"Average speed";"16.41843439831359";"km/h";
"42924.5868255";"Calculated instant fuel consumption";"2.6276775682738025";"L/100km";
"42924.5868255";"Distance travelled";"0.11382078688888889";"km";
"42924.5868255";"Distance travelled (Today)";"0.113823";"km";
"42924.5868255";"Distance travelled (total)";"41.544143000000005";"km";
"42924.5868255";"Distance travelled (Week)";"32.478531999999994";"km";
"42924.5868255";"Vehicle acceleration";"-0.03417562330519416";"g";
"42924.5868255";"Vehicle speed";"47";"km/h";
"42924.6247209";"Fuel/Air commanded equivalence ratio";"14.80303104";"";
"42924.7021512";"Fuel economizer (based on fuel system status and throttle position)";"2";"";
"42924.7021512";"Throttle position";"20.784313725490197";"%";
"42924.7382113";"Average fuel consumption";"12.808593696905849";"L/100km";
"42924.7382113";"Average fuel consumption (Today)";"24.76564490480834";"L/100km";
"42924.7382113";"Average fuel consumption (total)";"6.427182767977664";"L/100km";
"42924.7382113";"Average fuel consumption (Week)";"6.5236384452351475";"L/100km";
"42924.7382113";"Average fuel consumption 10 sec";"28.175622277741677";"L/100km";
"42924.7382113";"Calculated instant fuel rate";"1.225961436981453";"L/h";
"42924.7382113";"Fuel used";"0.01457884213521886";"L";
"42924.7382113";"Fuel used (Today)";"0.028189";"L";
"42924.7382113";"Fuel used (total)";"2.6701179999999995";"L";
"42924.7382113";"Fuel used (Week)";"2.1187819999999995";"L";
"42924.7382113";"Fuel used price";"0.02405508952311112";"€";
"42924.7382113";"Fuel used price (Today)";"0.046511849999999993";"€";
"42924.7382113";"Fuel used price (total)";"4.405694700000001";"€";
"42924.7382113";"Fuel used price (Week)";"3.4959902999999994";"€";
"42924.7382113";"Instant engine power (based on fuel consumption)";"4.796203761680152";"hp";
"42924.7382113";"MAF air flow rate";"3.68";"g/sec";
"42924.7382113";"Power from MAF";"4.416";"hp";
"42924.7764929";"Average speed";"16.649086040596607";"km/h";
"42924.7764929";"Calculated instant fuel consumption";"2.6084285893222408";"L/100km";
"42924.7764929";"Distance travelled";"0.11629691138888888";"km";
"42924.7764929";"Distance travelled (Today)";"0.116299";"km";
"42924.7764929";"Distance travelled (total)";"41.54661900000001";"km";
"42924.7764929";"Distance travelled (Week)";"32.481007999999996";"km";
"42924.7764929";"Vehicle acceleration";"-0.034591546412932606";"g";
"42924.7764929";"Vehicle speed";"47";"km/h";
"42924.7973301";"Fuel/Air commanded equivalence ratio";"14.774453760000002";"";
"42924.885328";"Fuel economizer (based on fuel system status and throttle position)";"2";"";
"42924.885328";"Throttle position";"20.784313725490197";"%";
"42924.9262658";"Average fuel consumption";"12.591066276042431";"L/100km";
"42924.9262658";"Average fuel consumption (Today)";"24.293416108479008";"L/100km";
"42924.9262658";"Average fuel consumption (total)";"6.426953779319562";"L/100km";
"42924.9262658";"Average fuel consumption (Week)";"6.523338191967441";"L/100km";
"42924.9262658";"Average fuel consumption 10 sec";"27.14593808347149";"L/100km";
"42924.9262658";"Calculated instant fuel rate";"1.2283327356990186";"L/h";
"42924.9262658";"Fuel used";"0.014643021189965338";"L";
"42924.9262658";"Fuel used (Today)";"0.028253";"L";
"42924.9262658";"Fuel used (total)";"2.6701819999999996";"L";
"42924.9262658";"Fuel used (Week)";"2.1188459999999996";"L";
"42924.9262658";"Fuel used price";"0.024160984963442805";"€";
"42924.9262658";"Fuel used price (Today)";"0.04661744999999999";"€";
"42924.9262658";"Fuel used price (total)";"4.4058003";"€";
"42924.9262658";"Fuel used price (Week)";"3.4960958999999994";"€";
"42924.9262658";"Instant engine power (based on fuel consumption)";"4.8054807515480045";"hp";
"42924.9262658";"MAF air flow rate";"3.68";"g/sec";
"42924.9262658";"Power from MAF";"4.416";"hp";
"42924.9684712";"Average speed";"16.879066509564957";"km/h";
"42924.9684712";"Calculated instant fuel consumption";"2.613473905742593";"L/100km";
"42924.9684712";"Distance travelled";"0.11880358719444443";"km";
"42924.9684712";"Distance travelled (Today)";"0.118806";"km";
"42924.9684712";"Distance travelled (total)";"41.54912600000001";"km";
"42924.9684712";"Distance travelled (Week)";"32.483515";"km";
"42924.9684712";"Vehicle acceleration";"-0.036153555603218084";"g";
"42924.9684712";"Vehicle speed";"47";"km/h";
"42925.005124";"Fuel/Air commanded equivalence ratio";"14.80303104";"";
"42925.0814752";"Fuel economizer (based on fuel system status and throttle position)";"2";"";
"42925.0814752";"Throttle position";"20.392156862745097";"%";
"42925.1169973";"Average fuel consumption";"12.379923183671178";"L/100km";
"42925.1169973";"Average fuel consumption (Today)";"23.83549652374459";"L/100km";
"42925.1169973";"Average fuel consumption (total)";"6.426722429732937";"L/100km";
"42925.1169973";"Average fuel consumption (Week)";"6.523034837824662";"L/100km";
"42925.1169973";"Average fuel consumption 10 sec";"26.23985078528259";"L/100km";
"42925.1169973";"Calculated instant fuel rate";"1.222630020033134";"L/h";
"42925.1169973";"Fuel used";"0.014707792834118029";"L";
"42925.1169973";"Fuel used (Today)";"0.028318";"L";
"42925.1169973";"Fuel used (total)";"2.670247";"L";
"42925.1169973";"Fuel used (Week)";"2.1189109999999998";"L";
"42925.1169973";"Fuel used price";"0.024267858176294746";"€";
"42925.1169973";"Fuel used price (Today)";"0.046724699999999994";"€";
"42925.1169973";"Fuel used price (total)";"4.40590755";"€";
"42925.1169973";"Fuel used price (Week)";"3.4962031499999995";"€";
"42925.1169973";"Instant engine power (based on fuel consumption)";"4.783170599284283";"hp";
"42925.1169973";"MAF air flow rate";"3.67";"g/sec";
"42925.1169973";"Power from MAF";"4.404";"hp";
"42925.1580631";"Average speed";"17.102774367602443";"km/h";
"42925.1580631";"Calculated instant fuel consumption";"2.601340468155604";"L/100km";
"42925.1580631";"Distance travelled";"0.12127889572222221";"km";
"42925.1580631";"Distance travelled (Today)";"0.121281";"km";
"42925.1580631";"Distance travelled (total)";"41.55160100000001";"km";
"42925.1580631";"Distance travelled (Week)";"32.48599";"km";
"42925.1580631";"Vehicle acceleration";"0";"g";
"42925.1580631";"Vehicle speed";"47";"km/h";
"42925.2103271";"Fuel/Air commanded equivalence ratio";"14.80303104";"";
"42925.2975697";"Fuel economizer (based on fuel system status and throttle position)";"2";"";
"42925.2975697";"Throttle position";"20.392156862745097";"%";
"42925.3423225";"Average fuel consumption";"12.190337063539793";"L/100km";
"42925.3423225";"Average fuel consumption (Today)";"23.412570806639128";"L/100km";
"42925.3423225";"Average fuel consumption (total)";"6.426524937029499";"L/100km";
"42925.3423225";"Average fuel consumption (Week)";"6.522774894654586";"L/100km";
"42925.3423225";"Average fuel consumption 10 sec";"25.385187361520757";"L/100km";
"42925.3423225";"Calculated instant fuel rate";"1.222630020033134";"L/h";
"42925.3423225";"Fuel used";"0.014784306175477832";"L";
"42925.3423225";"Fuel used (Today)";"0.028395";"L";
"42925.3423225";"Fuel used (total)";"2.6703239999999995";"L";
"42925.3423225";"Fuel used (Week)";"2.1189879999999994";"L";
"42925.3423225";"Fuel used price";"0.024394105189538422";"€";
"42925.3423225";"Fuel used price (Today)";"0.04685175";"€";
"42925.3423225";"Fuel used price (total)";"4.4060346";"€";
"42925.3423225";"Fuel used price (Week)";"3.4963301999999996";"€";
"42925.3423225";"Instant engine power (based on fuel consumption)";"4.783170599284283";"hp";
"42925.3423225";"MAF air flow rate";"3.67";"g/sec";
"42925.3423225";"Power from MAF";"4.404";"hp";
"42925.3823783";"Average speed";"17.354461954836047";"km/h";
"42925.3823783";"Calculated instant fuel consumption";"2.657891347898117";"L/100km";
"42925.3823783";"Distance travelled";"0.12414492955555555";"km";
"42925.3823783";"Distance travelled (Today)";"0.124147";"km";
"42925.3823783";"Distance travelled (total)";"41.55446700000001";"km";
"42925.3823783";"Distance travelled (Week)";"32.488856";"km";
"42925.3823783";"Vehicle acceleration";"-0.03560473969860707";"g";
"42925.3823783";"Vehicle speed";"46";"km/h";
"42925.4226162";"Fuel/Air commanded equivalence ratio";"14.83160832";"";
"42925.5103116";"Fuel economizer (based on fuel system status and throttle position)";"2";"";
"42925.5103116";"Throttle position";"20.392156862745097";"%";
"42925.5567522";"Average fuel consumption";"11.966340972995475";"L/100km";
"42925.5567522";"Average fuel consumption (Today)";"22.929269333934773";"L/100km";
"42925.5567522";"Average fuel consumption (total)";"6.426252561487551";"L/100km";
"42925.5567522";"Average fuel consumption (Week)";"6.522418025430011";"L/100km";
"42925.5567522";"Average fuel consumption 10 sec";"24.600776889581898";"L/100km";
"42925.5567522";"Calculated instant fuel rate";"1.1969992919509789";"L/h";
"42925.5567522";"Fuel used";"0.014855605571302813";"L";
"42925.5567522";"Fuel used (Today)";"0.028465999999999998";"L";
"42925.5567522";"Fuel used (total)";"2.6703949999999996";"L";
"42925.5567522";"Fuel used (Week)";"2.1190589999999996";"L";
"42925.5567522";"Fuel used price";"0.024511749192649642";"€";
"42925.5567522";"Fuel used price (Today)";"0.046968899999999994";"€";
"42925.5567522";"Fuel used price (total)";"4.40615175";"€";
"42925.5567522";"Fuel used price (Week)";"3.4964473499999995";"€";
"42925.5567522";"Instant engine power (based on fuel consumption)";"4.682898118654785";"hp";
"42925.5567522";"MAF air flow rate";"3.6";"g/sec";
"42925.5567522";"Power from MAF";"4.32";"hp";
"42925.6001272";"Average speed";"17.594634660010815";"km/h";
"42925.6001272";"Calculated instant fuel consumption";"2.6021723738064755";"L/100km";
"42925.6001272";"Distance travelled";"0.12692719738888888";"km";
"42925.6001272";"Distance travelled (Today)";"0.126929";"km";
"42925.6001272";"Distance travelled (total)";"41.557249000000006";"km";
"42925.6001272";"Distance travelled (Week)";"32.491637999999995";"km";
"42925.6001272";"Vehicle acceleration";"-0.03439080956256679";"g";
"42925.6001272";"Vehicle speed";"46";"km/h";
"42925.6421068";"Fuel/Air commanded equivalence ratio";"14.8601856";"";
"42925.7254276";"Fuel economizer (based on fuel system status and throttle position)";"2";"";
"42925.7254276";"Throttle position";"20.392156862745097";"%";
"42925.7701032";"Average fuel consumption";"11.75935386548452";"L/100km";
"42925.7701032";"Average fuel consumption (Today)";"22.481859937445343";"L/100km";
"42925.7701032";"Average fuel consumption (total)";"6.425990806080545";"L/100km";
"42925.7701032";"Average fuel consumption (Week)";"6.5220750028053365";"L/100km";
"42925.7701032";"Average fuel consumption 10 sec";"23.865469445345315";"L/100km";
"42925.7701032";"Calculated instant fuel rate";"1.184741558817058";"L/h";
"42925.7701032";"Fuel used";"0.014925818292501473";"L";
"42925.7701032";"Fuel used (Today)";"0.028536";"L";
"42925.7701032";"Fuel used (total)";"2.6704649999999996";"L";
"42925.7701032";"Fuel used (Week)";"2.1191289999999996";"L";
"42925.7701032";"Fuel used price";"0.02462760018262743";"€";
"42925.7701032";"Fuel used price (Today)";"0.0470844";"€";
"42925.7701032";"Fuel used price (total)";"4.40626725";"€";
"42925.7701032";"Fuel used price (Week)";"3.4965628499999997";"€";
"42925.7701032";"Instant engine power (based on fuel consumption)";"4.634943440805101";"hp";
"42925.7701032";"MAF air flow rate";"3.5700000000000003";"g/sec";
"42925.7701032";"Power from MAF";"4.284";"hp";
"42925.8135121";"Average speed";"17.826129007264665";"km/h";
"42925.8135121";"Calculated instant fuel consumption";"2.5755251278631692";"L/100km";
"42925.8135121";"Distance travelled";"0.12965382694444444";"km";
"42925.8135121";"Distance travelled (Today)";"0.129656";"km";
"42925.8135121";"Distance travelled (total)";"41.559976000000006";"km";
"42925.8135121";"Distance travelled (Week)";"32.494364999999995";"km";
"42925.8135121";"Vehicle acceleration";"-0.033519620601201686";"g";
"42925.8135121";"Vehicle speed";"46";"km/h";
"42925.8562941";"Fuel/Air commanded equivalence ratio";"14.917340160000002";"";
"42925.9375467";"Fuel economizer (based on fuel system status and throttle position)";"2";"";
"42925.9375467";"Throttle position";"20.392156862745097";"%";
"42925.9856099";"Average fuel consumption";"11.567294912320616";"L/100km";
"42925.9856099";"Average fuel consumption (Today)";"22.064540013574383";"L/100km";
"42925.9856099";"Average fuel consumption (total)";"6.4257424017761675";"L/100km";
"42925.9856099";"Average fuel consumption (Week)";"6.521749232520776";"L/100km";
"42925.9856099";"Average fuel consumption 10 sec";"23.154086772855017";"L/100km";
"42925.9856099";"Calculated instant fuel rate";"1.196731763373595";"L/h";
"42925.9856099";"Fuel used";"0.014997440527773699";"L";
"42925.9856099";"Fuel used (Today)";"0.028608";"L";
"42925.9856099";"Fuel used (total)";"2.6705369999999995";"L";
"42925.9856099";"Fuel used (Week)";"2.1192009999999994";"L";
"42925.9856099";"Fuel used price";"0.024745776870826602";"€";
"42925.9856099";"Fuel used price (Today)";"0.0472032";"€";
"42925.9856099";"Fuel used price (total)";"4.40638605";"€";
"42925.9856099";"Fuel used price (Week)";"3.4966816499999993";"€";
"42925.9856099";"Instant engine power (based on fuel consumption)";"4.681851493915621";"hp";
"42925.9856099";"MAF air flow rate";"3.62";"g/sec";
"42925.9856099";"Power from MAF";"4.344";"hp";
"42926.0333905";"Average speed";"18.06079753442201";"km/h";
"42926.0333905";"Calculated instant fuel consumption";"2.601590789942598";"L/100km";
"42926.0333905";"Distance travelled";"0.13246396055555554";"km";
"42926.0333905";"Distance travelled (Today)";"0.132466";"km";
"42926.0333905";"Distance travelled (total)";"41.56278600000001";"km";
"42926.0333905";"Distance travelled (Week)";"32.497175";"km";
"42926.0333905";"Vehicle acceleration";"-0.03235983514339664";"g";
"42926.0333905";"Vehicle speed";"46";"km/h";
"42926.0793508";"Fuel/Air commanded equivalence ratio";"14.8601856";"";
"42926.1650529";"Fuel economizer (based on fuel system status and throttle position)";"2";"";
"42926.1650529";"Throttle position";"20.392156862745097";"%";
"42926.2004537";"Average fuel consumption";"11.375140258247066";"L/100km";
"42926.2004537";"Average fuel consumption (Today)";"21.650083795087042";"L/100km";
"42926.2004537";"Average fuel consumption (total)";"6.425478792494803";"L/100km";
"42926.2004537";"Average fuel consumption (Week)";"6.521403783559648";"L/100km";
"42926.2004537";"Average fuel consumption 10 sec";"22.448634573276546";"L/100km";
"42926.2004537";"Calculated instant fuel rate";"1.1814229550108477";"L/h";
"42926.2004537";"Fuel used";"0.015067961304823511";"L";
"42926.2004537";"Fuel used (Today)";"0.028679";"L";
"42926.2004537";"Fuel used (total)";"2.6706079999999996";"L";
"42926.2004537";"Fuel used (Week)";"2.1192719999999996";"L";
"42926.2004537";"Fuel used price";"0.02486213615295879";"€";
"42926.2004537";"Fuel used price (Today)";"0.04732035";"€";
"42926.2004537";"Fuel used price (total)";"4.4065032";"€";
"42926.2004537";"Fuel used price (Week)";"3.4967987999999997";"€";
"42926.2004537";"Instant engine power (based on fuel consumption)";"4.621960405956906";"hp";
"42926.2004537";"MAF air flow rate";"3.56";"g/sec";
"42926.2004537";"Power from MAF";"4.272";"hp";
"42926.2376524";"Average speed";"18.275244501918063";"km/h";
"42926.2376524";"Calculated instant fuel consumption";"2.5683107717627123";"L/100km";
"42926.2376524";"Distance travelled";"0.1350735418333333";"km";
"42926.2376524";"Distance travelled (Today)";"0.135076";"km";
"42926.2376524";"Distance travelled (total)";"41.56539600000001";"km";
"42926.2376524";"Distance travelled (Week)";"32.499784999999996";"km";
"42926.2376524";"Vehicle acceleration";"0";"g";
"42926.2376524";"Vehicle speed";"46";"km/h";
"42926.2969784";"Fuel/Air commanded equivalence ratio";"14.8601856";"";
"42926.3616684";"Fuel economizer (based on fuel system status and throttle position)";"2";"";
"42926.3616684";"Throttle position";"20.392156862745097";"%";
"42926.4109843";"Average fuel consumption";"11.206739817680955";"L/100km";
"42926.4109843";"Average fuel consumption (Today)";"21.282833367881786";"L/100km";
"42926.4109843";"Average fuel consumption (total)";"6.425241323335399";"L/100km";
"42926.4109843";"Average fuel consumption (Week)";"6.521092370303372";"L/100km";
"42926.4109843";"Average fuel consumption 10 sec";"22.214428432534973";"L/100km";
"42926.4109843";"Calculated instant fuel rate";"1.184741558817058";"L/h";
"42926.4109843";"Fuel used";"0.015137340395788106";"L";
"42926.4109843";"Fuel used (Today)";"0.028748";"L";
"42926.4109843";"Fuel used (total)";"2.6706769999999995";"L";
"42926.4109843";"Fuel used (Week)";"2.1193409999999995";"L";
"42926.4109843";"Fuel used price";"0.024976611653050373";"€";
"42926.4109843";"Fuel used price (Today)";"0.047434199999999996";"€";
"42926.4109843";"Fuel used price (total)";"4.40661705";"€";
"42926.4109843";"Fuel used price (Week)";"3.4969126499999996";"€";
"42926.4109843";"Instant engine power (based on fuel consumption)";"4.634943440805101";"hp";
"42926.4109843";"MAF air flow rate";"3.5700000000000003";"g/sec";
"42926.4109843";"Power from MAF";"4.284";"hp";
"42926.4547686";"Average speed";"18.49967930276237";"km/h";
"42926.4547686";"Calculated instant fuel consumption";"2.5755251278631692";"L/100km";
"42926.4547686";"Distance travelled";"0.1378482503333333";"km";
"42926.4547686";"Distance travelled (Today)";"0.137851";"km";
"42926.4547686";"Distance travelled (total)";"41.56817100000001";"km";
"42926.4547686";"Distance travelled (Week)";"32.502559999999995";"km";
"42926.4547686";"Vehicle acceleration";"0";"g";
"42926.4547686";"Vehicle speed";"46";"km/h";
"42926.4934867";"Fuel/Air commanded equivalence ratio";"14.917340160000002";"";
"42926.5905569";"Fuel economizer (based on fuel system status and throttle position)";"2";"";
"42926.5905569";"Throttle position";"20.392156862745097";"%";
"42926.6334971";"Average fuel consumption";"11.032399303077991";"L/100km";
"42926.6334971";"Average fuel consumption (Today)";"20.90590565175443";"L/100km";
"42926.6334971";"Average fuel consumption (total)";"6.424983192067795";"L/100km";
"42926.6334971";"Average fuel consumption (Week)";"6.5207540575265455";"L/100km";
"42926.6334971";"Average fuel consumption 10 sec";"21.542147353821672";"L/100km";
"42926.6334971";"Calculated instant fuel rate";"1.1438375417880218";"L/h";
"42926.6334971";"Fuel used";"0.015207969409079867";"L";
"42926.6334971";"Fuel used (Today)";"0.028818999999999997";"L";
"42926.6334971";"Fuel used (total)";"2.6707479999999997";"L";
"42926.6334971";"Fuel used (Week)";"2.1194119999999996";"L";
"42926.6334971";"Fuel used price";"0.02509314952498178";"€";
"42926.6334971";"Fuel used price (Today)";"0.04755134999999999";"€";
"42926.6334971";"Fuel used price (total)";"4.4067342";"€";
"42926.6334971";"Fuel used price (Week)";"3.4970297999999995";"€";
"42926.6334971";"Instant engine power (based on fuel consumption)";"4.474918831201118";"hp";
"42926.6334971";"MAF air flow rate";"3.46";"g/sec";
"42926.6334971";"Power from MAF";"4.152";"hp";
"42926.6860965";"Average speed";"18.726212817895842";"km/h";
"42926.6860965";"Calculated instant fuel consumption";"2.5418612039733817";"L/100km";
"42926.6860965";"Distance travelled";"0.1407393253333333";"km";
"42926.6860965";"Distance travelled (Today)";"0.140742";"km";
"42926.6860965";"Distance travelled (total)";"41.57106200000001";"km";
"42926.6860965";"Distance travelled (Week)";"32.505451";"km";
"42926.6860965";"Vehicle acceleration";"-0.0324615594325294";"g";
"42926.6860965";"Vehicle speed";"45";"km/h";
"42926.7340078";"Fuel/Air commanded equivalence ratio";"15.003072";"";
"42926.8216444";"Fuel economizer (based on fuel system status and throttle position)";"2";"";
"42926.8216444";"Throttle position";"20.392156862745097";"%";
"42926.8700218";"Average fuel consumption";"10.858698559995867";"L/100km";
"42926.8700218";"Average fuel consumption (Today)";"20.529053161103295";"L/100km";
"42926.8700218";"Average fuel consumption (total)";"6.424714384251235";"L/100km";
"42926.8700218";"Average fuel consumption (Week)";"6.520401762768957";"L/100km";
"42926.8700218";"Average fuel consumption 10 sec";"20.891376051213218";"L/100km";
"42926.8700218";"Calculated instant fuel rate";"1.1340143292078442";"L/h";
"42926.8700218";"Fuel used";"0.015282459093318563";"L";
"42926.8700218";"Fuel used (Today)";"0.028893";"L";
"42926.8700218";"Fuel used (total)";"2.670822";"L";
"42926.8700218";"Fuel used (Week)";"2.1194859999999998";"L";
"42926.8700218";"Fuel used price";"0.02521605750397563";"€";
"42926.8700218";"Fuel used price (Today)";"0.04767344999999999";"€";
"42926.8700218";"Fuel used price (total)";"4.4068563";"€";
"42926.8700218";"Fuel used price (Week)";"3.4971518999999995";"€";
"42926.8700218";"Instant engine power (based on fuel consumption)";"4.436488479554141";"hp";
"42926.8700218";"MAF air flow rate";"3.45";"g/sec";
"42926.8700218";"Power from MAF";"4.14";"hp";
"42926.9170041";"Average speed";"18.94852612620235";"km/h";
"42926.9170041";"Calculated instant fuel consumption";"2.5200318426840984";"L/100km";
"42926.9170041";"Distance travelled";"0.14362542408333331";"km";
"42926.9170041";"Distance travelled (Today)";"0.143628";"km";
"42926.9170041";"Distance travelled (total)";"41.57394800000001";"km";
"42926.9170041";"Distance travelled (Week)";"32.508337";"km";
"42926.9170041";"Vehicle acceleration";"-0.03205637663396988";"g";
"42926.9170041";"Vehicle speed";"45";"km/h";
"42926.9670091";"Fuel/Air commanded equivalence ratio";"15.031649279999998";"";
"42927.0539445";"Fuel economizer (based on fuel system status and throttle position)";"2";"";
"42927.0539445";"Throttle position";"20.392156862745097";"%";
"42927.0939266";"Average fuel consumption";"10.68865287916271";"L/100km";
"42927.0939266";"Average fuel consumption (Today)";"20.16459186231097";"L/100km";
"42927.0939266";"Average fuel consumption (total)";"6.424434359710074";"L/100km";
"42927.0939266";"Average fuel consumption (Week)";"6.520035152828641";"L/100km";
"42927.0939266";"Average fuel consumption 10 sec";"20.268058453763548";"L/100km";
"42927.0939266";"Calculated instant fuel rate";"1.1121739143702325";"L/h";
"42927.0939266";"Fuel used";"0.015351623026492858";"L";
"42927.0939266";"Fuel used (Today)";"0.028962";"L";
"42927.0939266";"Fuel used (total)";"2.6708909999999997";"L";
"42927.0939266";"Fuel used (Week)";"2.1195549999999996";"L";
"42927.0939266";"Fuel used price";"0.025330177993713215";"€";
"42927.0939266";"Fuel used price (Today)";"0.0477873";"€";
"42927.0939266";"Fuel used price (total)";"4.40697015";"€";
"42927.0939266";"Fuel used price (Week)";"3.4972657499999995";"€";
"42927.0939266";"Instant engine power (based on fuel consumption)";"4.351044454447833";"hp";
"42927.0939266";"MAF air flow rate";"3.39";"g/sec";
"42927.0939266";"Power from MAF";"4.068";"hp";
"42927.1374811";"Average speed";"19.157324639571765";"km/h";
"42927.1374811";"Calculated instant fuel consumption";"2.471497587489406";"L/100km";
"42927.1374811";"Distance travelled";"0.14638129158333332";"km";
"42927.1374811";"Distance travelled (Today)";"0.146384";"km";
"42927.1374811";"Distance travelled (total)";"41.57670400000001";"km";
"42927.1374811";"Distance travelled (Week)";"32.511092999999995";"km";
"42927.1374811";"Vehicle acceleration";"-0.03147871407135382";"g";
"42927.1374811";"Vehicle speed";"45";"km/h";
"42927.1816937";"Fuel/Air commanded equivalence ratio";"15.060226560000002";"";
"42927.284174";"Fuel economizer (based on fuel system status and throttle position)";"2";"";
"42927.284174";"Throttle position";"20.392156862745097";"%";
"42927.3222484";"Average fuel consumption";"10.535517369583559";"L/100km";
"42927.3222484";"Average fuel consumption (Today)";"19.832768608591106";"L/100km";
"42927.3222484";"Average fuel consumption (total)";"6.424176865968017";"L/100km";
"42927.3222484";"Average fuel consumption (Week)";"6.519697753625201";"L/100km";
"42927.3222484";"Average fuel consumption 10 sec";"19.666896496228812";"L/100km";
"42927.3222484";"Calculated instant fuel rate";"1.1100635274359434";"L/h";
"42927.3222484";"Fuel used";"0.01542202640058284";"L";
"42927.3222484";"Fuel used (Today)";"0.029032";"L";
"42927.3222484";"Fuel used (total)";"2.6709609999999997";"L";
"42927.3222484";"Fuel used (Week)";"2.1196249999999996";"L";
"42927.3222484";"Fuel used price";"0.025446343560961683";"€";
"42927.3222484";"Fuel used price (Today)";"0.047902799999999995";"€";
"42927.3222484";"Fuel used price (total)";"4.40708565";"€";
"42927.3222484";"Fuel used price (Week)";"3.4973812499999997";"€";
"42927.3222484";"Instant engine power (based on fuel consumption)";"4.34278820311112";"hp";
"42927.3222484";"MAF air flow rate";"3.39";"g/sec";
"42927.3222484";"Power from MAF";"4.068";"hp";
"42927.3656095";"Average speed";"19.369876282363702";"km/h";
"42927.3656095";"Calculated instant fuel consumption";"2.466807838746541";"L/100km";
"42927.3656095";"Distance travelled";"0.14923281533333332";"km";
"42927.3656095";"Distance travelled (Today)";"0.149236";"km";
"42927.3656095";"Distance travelled (total)";"41.57955600000001";"km";
"42927.3656095";"Distance travelled (Week)";"32.513945";"km";
"42927.3656095";"Vehicle acceleration";"-0.031098131803806803";"g";
"42927.3656095";"Vehicle speed";"45";"km/h";
"42927.4152334";"Fuel/Air commanded equivalence ratio";"15.08880384";"";
"42927.5211491";"Fuel economizer (based on fuel system status and throttle position)";"2";"";
"42927.5211491";"Throttle position";"20.392156862745097";"%";
"42927.5746359";"Average fuel consumption";"10.386252655882476";"L/100km";
"42927.5746359";"Average fuel consumption (Today)";"19.506017314857";"L/100km";
"42927.5746359";"Average fuel consumption (total)";"6.423923814867092";"L/100km";
"42927.5746359";"Average fuel consumption (Week)";"6.519365767519135";"L/100km";
"42927.5746359";"Average fuel consumption 10 sec";"19.069792944496033";"L/100km";
"42927.5746359";"Calculated instant fuel rate";"1.107961134391557";"L/h";
"42927.5746359";"Fuel used";"0.015499697246006524";"L";
"42927.5746359";"Fuel used (Today)";"0.029109999999999997";"L";
"42927.5746359";"Fuel used (total)";"2.6710389999999995";"L";
"42927.5746359";"Fuel used (Week)";"2.1197029999999994";"L";
"42927.5746359";"Fuel used price";"0.025574500455910764";"€";
"42927.5746359";"Fuel used price (Today)";"0.04803149999999999";"€";
"42927.5746359";"Fuel used price (total)";"4.40721435";"€";
"42927.5746359";"Fuel used price (Week)";"3.4975099499999995";"€";
"42927.5746359";"Instant engine power (based on fuel consumption)";"4.334563225453712";"hp";
"42927.5746359";"MAF air flow rate";"3.39";"g/sec";
"42927.5746359";"Power from MAF";"4.068";"hp";
"42927.6177459";"Average speed";"19.591761157687902";"km/h";
"42927.6177459";"Calculated instant fuel consumption";"2.5180934872535388";"L/100km";
"42927.6177459";"Distance travelled";"0.15231445188888887";"km";
"42927.6177459";"Distance travelled (Today)";"0.152318";"km";
"42927.6177459";"Distance travelled (total)";"41.58263800000001";"km";
"42927.6177459";"Distance travelled (Week)";"32.517027";"km";
"42927.6177459";"Vehicle acceleration";"-0.030403551336477017";"g";
"42927.6177459";"Vehicle speed";"44";"km/h";
"42927.6610843";"Fuel/Air commanded equivalence ratio";"15.08880384";"";
"42927.7459542";"Fuel economizer (based on fuel system status and throttle position)";"2";"";
"42927.7459542";"Throttle position";"20";"%";
"42927.781985";"Average fuel consumption";"10.217152934952766";"L/100km";
"42927.781985";"Average fuel consumption (Today)";"19.15269370658753";"L/100km";
"42927.781985";"Average fuel consumption (total)";"6.423599195414199";"L/100km";
"42927.781985";"Average fuel consumption (Week)";"6.518941599427278";"L/100km";
"42927.781985";"Average fuel consumption 10 sec";"18.486931661919126";"L/100km";
"42927.781985";"Calculated instant fuel rate";"1.0850828808790471";"L/h";
"42927.781985";"Fuel used";"0.01556220049152283";"L";
"42927.781985";"Fuel used (Today)";"0.029172999999999998";"L";
"42927.781985";"Fuel used (total)";"2.671102";"L";
"42927.781985";"Fuel used (Week)";"2.119766";"L";
"42927.781985";"Fuel used price";"0.025677630811012667";"€";
"42927.781985";"Fuel used price (Today)";"0.048135449999999996";"€";
"42927.781985";"Fuel used price (total)";"4.4073183";"€";
"42927.781985";"Fuel used price (Week)";"3.4976138999999997";"€";
"42927.781985";"Instant engine power (based on fuel consumption)";"4.245058970060862";"hp";
"42927.781985";"MAF air flow rate";"3.3200000000000003";"g/sec";
"42927.781985";"Power from MAF";"3.984";"hp";
"42927.8217647";"Average speed";"19.76840325805489";"km/h";
"42927.8217647";"Calculated instant fuel consumption";"2.4660974565432894";"L/100km";
"42927.8217647";"Distance travelled";"0.15480808466666665";"km";
"42927.8217647";"Distance travelled (Today)";"0.154812";"km";
"42927.8217647";"Distance travelled (total)";"41.58513200000001";"km";
"42927.8217647";"Distance travelled (Week)";"32.519521";"km";
"42927.8217647";"Vehicle acceleration";"-0.03130712186239985";"g";
"42927.8217647";"Vehicle speed";"44";"km/h";
"42927.8702127";"Fuel/Air commanded equivalence ratio";"15.1459584";"";
"42927.9618301";"Fuel economizer (based on fuel system status and throttle position)";"2";"";
"42927.9618301";"Throttle position";"20";"%";
"42927.9981046";"Average fuel consumption";"10.094136384505534";"L/100km";
"42927.9981046";"Average fuel consumption (Today)";"18.885486913159184";"L/100km";
"42927.9981046";"Average fuel consumption (total)";"6.4233678517600925";"L/100km";
"42927.9981046";"Average fuel consumption (Week)";"6.518638451039914";"L/100km";
"42927.9981046";"Average fuel consumption 10 sec";"17.91754445061481";"L/100km";
"42927.9981046";"Calculated instant fuel rate";"1.0712202625782057";"L/h";
"42927.9981046";"Fuel used";"0.01562653920049413";"L";
"42927.9981046";"Fuel used (Today)";"0.029237";"L";
"42927.9981046";"Fuel used (total)";"2.6711659999999995";"L";
"42927.9981046";"Fuel used (Week)";"2.1198299999999994";"L";
"42927.9981046";"Fuel used price";"0.025783789680815312";"€";
"42927.9981046";"Fuel used price (Today)";"0.048241049999999994";"€";
"42927.9981046";"Fuel used price (total)";"4.4074239";"€";
"42927.9981046";"Fuel used price (Week)";"3.4977194999999996";"€";
"42927.9981046";"Instant engine power (based on fuel consumption)";"4.190825663828216";"hp";
"42927.9981046";"MAF air flow rate";"3.29";"g/sec";
"42927.9981046";"Power from MAF";"3.948";"hp";
"42928.0421442";"Average speed";"19.956364311922446";"km/h";
"42928.0421442";"Calculated instant fuel consumption";"2.4345915058595584";"L/100km";
"42928.0421442";"Distance travelled";"0.15750174266666664";"km";
"42928.0421442";"Distance travelled (Today)";"0.157506";"km";
"42928.0421442";"Distance travelled (total)";"41.58782600000001";"km";
"42928.0421442";"Distance travelled (Week)";"32.522214999999996";"km";
"42928.0421442";"Vehicle acceleration";"-0.03131049598518831";"g";
"42928.0421442";"Vehicle speed";"44";"km/h";
"42928.0814661";"Fuel/Air commanded equivalence ratio";"15.203112960000002";"";
"42928.1782643";"Fuel economizer (based on fuel system status and throttle position)";"2";"";
"42928.1782643";"Throttle position";"20";"%";
"42928.2218421";"Average fuel consumption";"9.963471806094915";"L/100km";
"42928.2218421";"Average fuel consumption (Today)";"18.604370627150715";"L/100km";
"42928.2218421";"Average fuel consumption (total)";"6.423110455449149";"L/100km";
"42928.2218421";"Average fuel consumption (Week)";"6.518301413356993";"L/100km";
"42928.2218421";"Average fuel consumption 10 sec";"16.982922119228476";"L/100km";
"42928.2218421";"Calculated instant fuel rate";"1.0639493706526684";"L/h";
"42928.2218421";"Fuel used";"0.015692641724701497";"L";
"42928.2218421";"Fuel used (Today)";"0.029303000000000003";"L";
"42928.2218421";"Fuel used (total)";"2.671232";"L";
"42928.2218421";"Fuel used (Week)";"2.119896";"L";
"42928.2218421";"Fuel used price";"0.02589285884575747";"€";
"42928.2218421";"Fuel used price (Today)";"0.04834995";"€";
"42928.2218421";"Fuel used price (total)";"4.4075328";"€";
"42928.2218421";"Fuel used price (Week)";"3.4978283999999995";"€";
"42928.2218421";"Instant engine power (based on fuel consumption)";"4.1623804956915285";"hp";
"42928.2218421";"MAF air flow rate";"3.2800000000000002";"g/sec";
"42928.2218421";"Power from MAF";"3.936";"hp";
"42928.2621279";"Average speed";"20.141106442402155";"km/h";
"42928.2621279";"Calculated instant fuel consumption";"2.4180667514833374";"L/100km";
"42928.2621279";"Distance travelled";"0.16019062788888885";"km";
"42928.2621279";"Distance travelled (Today)";"0.160195";"km";
"42928.2621279";"Distance travelled (total)";"41.59051500000001";"km";
"42928.2621279";"Distance travelled (Week)";"32.524904";"km";
"42928.2621279";"Vehicle acceleration";"-0.03159494591577597";"g";
"42928.2621279";"Vehicle speed";"44";"km/h";
"42928.3113279";"Fuel/Air commanded equivalence ratio";"15.203112960000002";"";
"42928.3978659";"Fuel economizer (based on fuel system status and throttle position)";"2";"";
"42928.3978659";"Throttle position";"20";"%";
"42928.4456389";"Average fuel consumption";"9.836128935416847";"L/100km";
"42928.4456389";"Average fuel consumption (Today)";"18.332032834982364";"L/100km";
"42928.4456389";"Average fuel consumption (total)";"6.422849055848428";"L/100km";
"42928.4456389";"Average fuel consumption (Week)";"6.517959284368679";"L/100km";
"42928.4456389";"Average fuel consumption 10 sec";"16.474042895528267";"L/100km";
"42928.4456389";"Calculated instant fuel rate";"1.0282681417588289";"L/h";
"42928.4456389";"Fuel used";"0.015756556701604925";"L";
"42928.4456389";"Fuel used (Today)";"0.029366999999999997";"L";
"42928.4456389";"Fuel used (total)";"2.671296";"L";
"42928.4456389";"Fuel used (Week)";"2.11996";"L";
"42928.4456389";"Fuel used price";"0.025998318557648125";"€";
"42928.4456389";"Fuel used price (Today)";"0.04845555";"€";
"42928.4456389";"Fuel used price (total)";"4.407638400000001";"€";
"42928.4456389";"Fuel used price (Week)";"3.4979339999999994";"€";
"42928.4456389";"Instant engine power (based on fuel consumption)";"4.022788466872604";"hp";
"42928.4456389";"MAF air flow rate";"3.17";"g/sec";
"42928.4456389";"Power from MAF";"3.804";"hp";
"42928.4863263";"Average speed";"20.326553095840143";"km/h";
"42928.4863263";"Calculated instant fuel consumption";"2.336973049451884";"L/100km";
"42928.4863263";"Distance travelled";"0.16293197455555553";"km";
"42928.4863263";"Distance travelled (Today)";"0.162936";"km";
"42928.4863263";"Distance travelled (total)";"41.59325600000001";"km";
"42928.4863263";"Distance travelled (Week)";"32.527645";"km";
"42928.4863263";"Vehicle acceleration";"0";"g";
"42928.4863263";"Vehicle speed";"44";"km/h";
"42928.5378034";"Fuel/Air commanded equivalence ratio";"15.26026752";"";
"42928.6433838";"Fuel economizer (based on fuel system status and throttle position)";"2";"";
"42928.6433838";"Throttle position";"20";"%";
"42928.6892587";"Average fuel consumption";"9.71278780708394";"L/100km";
"42928.6892587";"Average fuel consumption (Today)";"18.065989100014725";"L/100km";
"42928.6892587";"Average fuel consumption (total)";"6.422591681689933";"L/100km";
"42928.6892587";"Average fuel consumption (Week)";"6.517622164162207";"L/100km";
"42928.6892587";"Average fuel consumption 10 sec";"15.998785279403371";"L/100km";
"42928.6892587";"Calculated instant fuel rate";"1.014722152580541";"L/h";
"42928.6892587";"Fuel used";"0.015825236958473102";"L";
"42928.6892587";"Fuel used (Today)";"0.029435999999999997";"L";
"42928.6892587";"Fuel used (total)";"2.6713649999999998";"L";
"42928.6892587";"Fuel used (Week)";"2.1200289999999997";"L";
"42928.6892587";"Fuel used price";"0.026111640981480617";"€";
"42928.6892587";"Fuel used price (Today)";"0.0485694";"€";
"42928.6892587";"Fuel used price (total)";"4.407752250000001";"€";
"42928.6892587";"Fuel used price (Week)";"3.4980478499999994";"€";
"42928.6892587";"Instant engine power (based on fuel consumption)";"3.9697938764289202";"hp";
"42928.6892587";"MAF air flow rate";"3.14";"g/sec";
"42928.6892587";"Power from MAF";"3.768";"hp";
"42928.7408227";"Average speed";"20.524703302152233";"km/h";
"42928.7408227";"Calculated instant fuel consumption";"2.35981895948963";"L/100km";
"42928.7408227";"Distance travelled";"0.16597076066666663";"km";
"42928.7408227";"Distance travelled (Today)";"0.165975";"km";
"42928.7408227";"Distance travelled (total)";"41.59629500000001";"km";
"42928.7408227";"Distance travelled (Week)";"32.530684";"km";
"42928.7408227";"Vehicle acceleration";"-0.030820090092788494";"g";
"42928.7408227";"Vehicle speed";"43";"km/h";
"42928.7813948";"Fuel/Air commanded equivalence ratio";"15.4317312";"";
"42928.8820147";"Fuel economizer (based on fuel system status and throttle position)";"2";"";
"42928.8820147";"Throttle position";"20";"%";
"42928.9266173";"Average fuel consumption";"9.57430502950641";"L/100km";
"42928.9266173";"Average fuel consumption (Today)";"17.774363608977254";"L/100km";
"42928.9266173";"Average fuel consumption (total)";"6.42227871496728";"L/100km";
"42928.9266173";"Average fuel consumption (Week)";"6.5172131025588005";"L/100km";
"42928.9266173";"Average fuel consumption 10 sec";"15.555890932306399";"L/100km";
"42928.9266173";"Calculated instant fuel rate";"0.9906646917797994";"L/h";
"42928.9266173";"Fuel used";"0.01589054688601871";"L";
"42928.9266173";"Fuel used (Today)";"0.029501";"L";
"42928.9266173";"Fuel used (total)";"2.6714299999999995";"L";
"42928.9266173";"Fuel used (Week)";"2.1200939999999995";"L";
"42928.9266173";"Fuel used price";"0.026219402361930873";"€";
"42928.9266173";"Fuel used price (Today)";"0.04867664999999999";"€";
"42928.9266173";"Fuel used price (total)";"4.4078595";"€";
"42928.9266173";"Fuel used price (Week)";"3.4981550999999995";"€";
"42928.9266173";"Instant engine power (based on fuel consumption)";"3.8756763287570384";"hp";
"42928.9266173";"MAF air flow rate";"3.1";"g/sec";
"42928.9266173";"Power from MAF";"3.7199999999999998";"hp";
"42928.9772364";"Average speed";"20.68961161390651";"km/h";
"42928.9772364";"Calculated instant fuel consumption";"2.4162553458043887";"L/100km";
"42928.9772364";"Distance travelled";"0.16866268513888885";"km";
"42928.9772364";"Distance travelled (Today)";"0.168667";"km";
"42928.9772364";"Distance travelled (total)";"41.59898700000001";"km";
"42928.9772364";"Distance travelled (Week)";"32.533376";"km";
"42928.9772364";"Vehicle acceleration";"-0.09087483681448098";"g";
"42928.9772364";"Vehicle speed";"41";"km/h";
"42929.0133309";"Fuel/Air commanded equivalence ratio";"15.4317312";"";
"42929.0733985";"Fuel economizer (based on fuel system status and throttle position)";"2";"";
"42929.0733985";"Throttle position";"20";"%";
"42929.096972";"Average fuel consumption";"9.448925672731667";"L/100km";
"42929.096972";"Average fuel consumption (Today)";"17.517949569269625";"L/100km";
"42929.096972";"Average fuel consumption (total)";"6.421973688926605";"L/100km";
"42929.096972";"Average fuel consumption (Week)";"6.516815223848887";"L/100km";
"42929.096972";"Average fuel consumption 10 sec";"15.146456661474252";"L/100km";
"42929.096972";"Calculated instant fuel rate";"0.9778819215632858";"L/h";
"42929.096972";"Fuel used";"0.015936811756407047";"L";
"42929.096972";"Fuel used (Today)";"0.029546999999999997";"L";
"42929.096972";"Fuel used (total)";"2.6714759999999997";"L";
"42929.096972";"Fuel used (Week)";"2.1201399999999997";"L";
"42929.096972";"Fuel used price";"0.026295739398071626";"€";
"42929.096972";"Fuel used price (Today)";"0.04875254999999999";"€";
"42929.096972";"Fuel used price (total)";"4.4079354";"€";
"42929.096972";"Fuel used price (Week)";"3.4982309999999996";"€";
"42929.096972";"Instant engine power (based on fuel consumption)";"3.8256676019343674";"hp";
"42929.096972";"MAF air flow rate";"3.06";"g/sec";
"42929.096972";"Power from MAF";"3.6719999999999997";"hp";
"42929.13262";"Average speed";"20.7965768169512";"km/h";
"42929.13262";"Calculated instant fuel consumption";"2.385077857471429";"L/100km";
"42929.13262";"Distance travelled";"0.17043225652777774";"km";
"42929.13262";"Distance travelled (Today)";"0.170437";"km";
"42929.13262";"Distance travelled (total)";"41.60075700000001";"km";
"42929.13262";"Distance travelled (Week)";"32.535146";"km";
"42929.13262";"Vehicle acceleration";"-0.09761875045332866";"g";
"42929.13262";"Vehicle speed";"41";"km/h";
"42929.1688945";"Fuel/Air commanded equivalence ratio";"15.460308480000002";"";
"42929.2432909";"Fuel economizer (based on fuel system status and throttle position)";"2";"";
"42929.2432909";"Throttle position";"20";"%";
"42929.2833437";"Average fuel consumption";"9.380289168977802";"L/100km";
"42929.2833437";"Average fuel consumption (Today)";"17.365360807805814";"L/100km";
"42929.2833437";"Average fuel consumption (total)";"6.421820641388806";"L/100km";
"42929.2833437";"Average fuel consumption (Week)";"6.516614371424673";"L/100km";
"42929.2833437";"Average fuel consumption 10 sec";"14.760180939041213";"L/100km";
"42929.2833437";"Calculated instant fuel rate";"0.9696948053340401";"L/h";
"42929.2833437";"Fuel used";"0.015987038499519598";"L";
"42929.2833437";"Fuel used (Today)";"0.029597";"L";
"42929.2833437";"Fuel used (total)";"2.6715259999999996";"L";
"42929.2833437";"Fuel used (Week)";"2.1201899999999996";"L";
"42929.2833437";"Fuel used price";"0.026378613524207336";"€";
"42929.2833437";"Fuel used price (Today)";"0.04883505";"€";
"42929.2833437";"Fuel used price (total)";"4.4080179";"€";
"42929.2833437";"Fuel used price (Week)";"3.4983134999999996";"€";
"42929.2833437";"Instant engine power (based on fuel consumption)";"3.793637982998959";"hp";
"42929.2833437";"MAF air flow rate";"3.04";"g/sec";
"42929.2833437";"Power from MAF";"3.6479999999999997";"hp";
"42929.3252982";"Average speed";"20.92766499544835";"km/h";
"42929.3252982";"Calculated instant fuel consumption";"2.3651092813025367";"L/100km";
"42929.3252982";"Distance travelled";"0.17262662436111106";"km";
"42929.3252982";"Distance travelled (Today)";"0.172631";"km";
"42929.3252982";"Distance travelled (total)";"41.60295100000001";"km";
"42929.3252982";"Distance travelled (Week)";"32.53734";"km";
"42929.3252982";"Vehicle acceleration";"-0.10128628990016712";"g";
"42929.3252982";"Vehicle speed";"41";"km/h";
"42929.3651183";"Fuel/Air commanded equivalence ratio";"15.77465856";"";
"42929.45168";"Fuel economizer (based on fuel system status and throttle position)";"2";"";
"42929.45168";"Throttle position";"20";"%";
"42929.4945078";"Average fuel consumption";"9.29269764157324";"L/100km";
"42929.4945078";"Average fuel consumption (Today)";"17.176521018820488";"L/100km";
"42929.4945078";"Average fuel consumption (total)";"6.421614178282687";"L/100km";
"42929.4945078";"Average fuel consumption (Week)";"6.516343991242061";"L/100km";
"42929.4945078";"Average fuel consumption 10 sec";"14.400194756236594";"L/100km";
"42929.4945078";"Calculated instant fuel rate";"0.9316138511056878";"L/h";
"42929.4945078";"Fuel used";"0.016041670250732463";"L";
"42929.4945078";"Fuel used (Today)";"0.029651999999999998";"L";
"42929.4945078";"Fuel used (total)";"2.6715809999999998";"L";
"42929.4945078";"Fuel used (Week)";"2.1202449999999997";"L";
"42929.4945078";"Fuel used price";"0.026468755913708564";"€";
"42929.4945078";"Fuel used price (Today)";"0.04892579999999999";"€";
"42929.4945078";"Fuel used price (total)";"4.40810865";"€";
"42929.4945078";"Fuel used price (Week)";"3.4984042499999997";"€";
"42929.4945078";"Instant engine power (based on fuel consumption)";"3.6446577537610017";"hp";
"42929.4945078";"MAF air flow rate";"2.98";"g/sec";
"42929.4945078";"Power from MAF";"3.576";"hp";
"42929.5369659";"Average speed";"21.06976124842638";"km/h";
"42929.5369659";"Calculated instant fuel consumption";"2.2722289051358238";"L/100km";
"42929.5369659";"Distance travelled";"0.17503786738888885";"km";
"42929.5369659";"Distance travelled (Today)";"0.175042";"km";
"42929.5369659";"Distance travelled (total)";"41.60536200000001";"km";
"42929.5369659";"Distance travelled (Week)";"32.539750999999995";"km";
"42929.5369659";"Vehicle acceleration";"-0.07115667221800803";"g";
"42929.5369659";"Vehicle speed";"41";"km/h";
"42929.5847295";"Fuel/Air commanded equivalence ratio";"15.68892672";"";
"42929.6734498";"Fuel economizer (based on fuel system status and throttle position)";"2";"";
"42929.6734498";"Throttle position";"20";"%";
"42929.7222977";"Average fuel consumption";"9.198772220840581";"L/100km";
"42929.7222977";"Average fuel consumption (Today)";"16.97421190342889";"L/100km";
"42929.7222977";"Average fuel consumption (total)";"6.421386262664892";"L/100km";
"42929.7222977";"Average fuel consumption (Week)";"6.516045559168538";"L/100km";
"42929.7222977";"Average fuel consumption 10 sec";"14.291831786749178";"L/100km";
"42929.7222977";"Calculated instant fuel rate";"0.9429912454805071";"L/h";
"42929.7222977";"Fuel used";"0.016101334721320883";"L";
"42929.7222977";"Fuel used (Today)";"0.029712000000000002";"L";
"42929.7222977";"Fuel used (total)";"2.6716409999999997";"L";
"42929.7222977";"Fuel used (Week)";"2.1203049999999997";"L";
"42929.7222977";"Fuel used price";"0.026567202290179455";"€";
"42929.7222977";"Fuel used price (Today)";"0.04902479999999999";"€";
"42929.7222977";"Fuel used price (total)";"4.4082076500000005";"€";
"42929.7222977";"Fuel used price (Week)";"3.4985032499999997";"€";
"42929.7222977";"Instant engine power (based on fuel consumption)";"3.689168372164289";"hp";
"42929.7222977";"MAF air flow rate";"3";"g/sec";
"42929.7222977";"Power from MAF";"3.5999999999999996";"hp";
"42929.7706078";"Average speed";"21.22424443456701";"km/h";
"42929.7706078";"Calculated instant fuel consumption";"2.2999786475134316";"L/100km";
"42929.7706078";"Distance travelled";"0.1776986193333333";"km";
"42929.7706078";"Distance travelled (Today)";"0.177703";"km";
"42929.7706078";"Distance travelled (total)";"41.60802300000001";"km";
"42929.7706078";"Distance travelled (Week)";"32.542412";"km";
"42929.7706078";"Vehicle acceleration";"0";"g";
"42929.7706078";"Vehicle speed";"41";"km/h";
"42929.8101105";"Fuel/Air commanded equivalence ratio";"15.48888576";"";
"42929.9059632";"Fuel economizer (based on fuel system status and throttle position)";"2";"";
"42929.9059632";"Throttle position";"20";"%";
"42929.9468504";"Average fuel consumption";"9.095228474015796";"L/100km";
"42929.9468504";"Average fuel consumption (Today)";"16.754359802591967";"L/100km";
"42929.9468504";"Average fuel consumption (total)";"6.4211221955919395";"L/100km";
"42929.9468504";"Average fuel consumption (Week)";"6.515700188418731";"L/100km";
"42929.9468504";"Average fuel consumption 10 sec";"13.95766168157431";"L/100km";
"42929.9468504";"Calculated instant fuel rate";"0.9742735011885135";"L/h";
"42929.9468504";"Fuel used";"0.01616209542353827";"L";
"42929.9468504";"Fuel used (Today)";"0.029773";"L";
"42929.9468504";"Fuel used (total)";"2.671702";"L";
"42929.9468504";"Fuel used (Week)";"2.1203659999999998";"L";
"42929.9468504";"Fuel used price";"0.026667457448838142";"€";
"42929.9468504";"Fuel used price (Today)";"0.049125449999999994";"€";
"42929.9468504";"Fuel used price (total)";"4.4083083";"€";
"42929.9468504";"Fuel used price (Week)";"3.4986038999999995";"€";
"42929.9468504";"Instant engine power (based on fuel consumption)";"3.811550747314683";"hp";
"42929.9468504";"MAF air flow rate";"3.06";"g/sec";
"42929.9468504";"Power from MAF";"3.6719999999999997";"hp";
"42929.9974858";"Average speed";"21.364487191649264";"km/h";
"42929.9974858";"Calculated instant fuel consumption";"2.4356837529712836";"L/100km";
"42929.9974858";"Distance travelled";"0.18021891155555553";"km";
"42929.9974858";"Distance travelled (Today)";"0.180223";"km";
"42929.9974858";"Distance travelled (total)";"41.61054300000001";"km";
"42929.9974858";"Distance travelled (Week)";"32.544931999999996";"km";
"42929.9974858";"Vehicle acceleration";"-0.03275126656701885";"g";
"42929.9974858";"Vehicle speed";"40";"km/h";
"42930.0432532";"Fuel/Air commanded equivalence ratio";"15.4317312";"";
"42930.1286363";"Fuel economizer (based on fuel system status and throttle position)";"0";"";
"42930.1286363";"Throttle position";"19.607843137254903";"%";
"42930.1661834";"Average fuel consumption";"8.968035198989663";"L/100km";
"42930.1661834";"Average fuel consumption (Today)";"16.520089000848948";"L/100km";
"42930.1661834";"Average fuel consumption (total)";"6.420733322321699";"L/100km";
"42930.1661834";"Average fuel consumption (Week)";"6.515195668560622";"L/100km";
"42930.1661834";"Average fuel consumption 10 sec";"13.643630814619664";"L/100km";
"42930.1661834";"Calculated instant fuel rate";"0";"L/h";
"42930.1661834";"Fuel used";"0.01616209542353827";"L";
"42930.1661834";"Fuel used (Today)";"0.029773";"L";
"42930.1661834";"Fuel used (total)";"2.671702";"L";
"42930.1661834";"Fuel used (Week)";"2.1203659999999998";"L";
"42930.1661834";"Fuel used price";"0.026667457448838142";"€";
"42930.1661834";"Fuel used price (Today)";"0.049125449999999994";"€";
"42930.1661834";"Fuel used price (total)";"4.4083083";"€";
"42930.1661834";"Fuel used price (Week)";"3.4986038999999995";"€";
"42930.1661834";"Instant engine power (based on fuel consumption)";"0";"hp";
"42930.1661834";"MAF air flow rate";"2.87";"g/sec";
"42930.1661834";"Power from MAF";"3.444";"hp";
"42930.2058112";"Average speed";"21.49148994688558";"km/h";
"42930.2058112";"Calculated instant fuel consumption";"0";"L/100km";
"42930.2058112";"Distance travelled";"0.18253422377777775";"km";
"42930.2058112";"Distance travelled (Today)";"0.182538";"km";
"42930.2058112";"Distance travelled (total)";"41.61285800000001";"km";
"42930.2058112";"Distance travelled (Week)";"32.547247";"km";
"42930.2058112";"Vehicle acceleration";"-0.032169258557793026";"g";
"42930.2058112";"Vehicle speed";"40";"km/h";
"42930.2478325";"Fuel/Air commanded equivalence ratio";"15.63177216";"";
"42930.3217481";"Fuel economizer (based on fuel system status and throttle position)";"0";"";
"42930.3217481";"Throttle position";"19.607843137254903";"%";
"42930.3712456";"Average fuel consumption";"8.854282275971686";"L/100km";
"42930.3712456";"Average fuel consumption (Today)";"16.310576427921855";"L/100km";
"42930.3712456";"Average fuel consumption (total)";"6.420376125090949";"L/100km";
"42930.3712456";"Average fuel consumption (Week)";"6.514732259843666";"L/100km";
"42930.3712456";"Average fuel consumption 10 sec";"13.34529972433267";"L/100km";
"42930.3712456";"Calculated instant fuel rate";"0";"L/h";
"42930.3712456";"Fuel used";"0.01616209542353827";"L";
"42930.3712456";"Fuel used (Today)";"0.029773";"L";
"42930.3712456";"Fuel used (total)";"2.671702";"L";
"42930.3712456";"Fuel used (Week)";"2.1203659999999998";"L";
"42930.3712456";"Fuel used price";"0.026667457448838142";"€";
"42930.3712456";"Fuel used price (Today)";"0.049125449999999994";"€";
"42930.3712456";"Fuel used price (total)";"4.4083083";"€";
"42930.3712456";"Fuel used price (Week)";"3.4986038999999995";"€";
"42930.3712456";"Instant engine power (based on fuel consumption)";"0";"hp";
"42930.3712456";"MAF air flow rate";"2.96";"g/sec";
"42930.3712456";"Power from MAF";"3.552";"hp";
"42930.4090091";"Average speed";"21.607061847158345";"km/h";
"42930.4090091";"Calculated instant fuel consumption";"0";"L/100km";
"42930.4090091";"Distance travelled";"0.1847352321111111";"km";
"42930.4090091";"Distance travelled (Today)";"0.184739";"km";
"42930.4090091";"Distance travelled (total)";"41.61505900000001";"km";
"42930.4090091";"Distance travelled (Week)";"32.549448";"km";
"42930.4090091";"Vehicle acceleration";"-0.06496341089638222";"g";
"42930.4090091";"Vehicle speed";"39";"km/h";
"42930.4461016";"Fuel/Air commanded equivalence ratio";"15.54604032";"";
"42930.5210022";"Fuel economizer (based on fuel system status and throttle position)";"0";"";
"42930.5210022";"Throttle position";"19.607843137254903";"%";
"42930.5582646";"Average fuel consumption";"8.748788868718552";"L/100km";
"42930.5582646";"Average fuel consumption (Today)";"16.1162504939401";"L/100km";
"42930.5582646";"Average fuel consumption (total)";"6.420036554555886";"L/100km";
"42930.5582646";"Average fuel consumption (Week)";"6.514291732382066";"L/100km";
"42930.5582646";"Average fuel consumption 10 sec";"13.060818102289607";"L/100km";
"42930.5582646";"Calculated instant fuel rate";"0";"L/h";
"42930.5582646";"Fuel used";"0.01616209542353827";"L";
"42930.5582646";"Fuel used (Today)";"0.029773";"L";
"42930.5582646";"Fuel used (total)";"2.671702";"L";
"42930.5582646";"Fuel used (Week)";"2.1203659999999998";"L";
"42930.5582646";"Fuel used price";"0.026667457448838142";"€";
"42930.5582646";"Fuel used price (Today)";"0.049125449999999994";"€";
"42930.5582646";"Fuel used price (total)";"4.4083083";"€";
"42930.5582646";"Fuel used price (Week)";"3.4986038999999995";"€";
"42930.5582646";"Instant engine power (based on fuel consumption)";"0";"hp";
"42930.5582646";"MAF air flow rate";"2.9";"g/sec";
"42930.5582646";"Power from MAF";"3.48";"hp";
"42930.5981884";"Average speed";"21.713311669151974";"km/h";
"42930.5981884";"Calculated instant fuel consumption";"0";"L/100km";
"42930.5981884";"Distance travelled";"0.18678467127777776";"km";
"42930.5981884";"Distance travelled (Today)";"0.186788";"km";
"42930.5981884";"Distance travelled (total)";"41.61710800000001";"km";
"42930.5981884";"Distance travelled (Week)";"32.551497";"km";
"42930.5981884";"Vehicle acceleration";"-0.06845363547791722";"g";
"42930.5981884";"Vehicle speed";"39";"km/h";
"42930.6422989";"Fuel/Air commanded equivalence ratio";"15.51746304";"";
"42930.729487";"Fuel economizer (based on fuel system status and throttle position)";"2";"";
"42930.729487";"Throttle position";"21.176470588235293";"%";
"42930.7651265";"Average fuel consumption";"8.693660083237024";"L/100km";
"42930.7651265";"Average fuel consumption (Today)";"15.98014861768422";"L/100km";
"42930.7651265";"Average fuel consumption (total)";"6.419903084087436";"L/100km";
"42930.7651265";"Average fuel consumption (Week)";"6.514115157284471";"L/100km";
"42930.7651265";"Average fuel consumption 10 sec";"12.787783775525924";"L/100km";
"42930.7651265";"Calculated instant fuel rate";"1.3284193799592248";"L/h";
"42930.7651265";"Fuel used";"0.016238424408481656";"L";
"42930.7651265";"Fuel used (Today)";"0.029849";"L";
"42930.7651265";"Fuel used (total)";"2.6717779999999998";"L";
"42930.7651265";"Fuel used (Week)";"2.1204419999999997";"L";
"42930.7651265";"Fuel used price";"0.02679340027399473";"€";
"42930.7651265";"Fuel used price (Today)";"0.04925085";"€";
"42930.7651265";"Fuel used price (total)";"4.408433700000001";"€";
"42930.7651265";"Fuel used price (Week)";"3.4987292999999995";"€";
"42930.7651265";"Instant engine power (based on fuel consumption)";"5.197039511240056";"hp";
"42930.7651265";"MAF air flow rate";"4.18";"g/sec";
"42930.7651265";"Power from MAF";"5.015999999999999";"hp";
"42930.8029501";"Average speed";"21.826855982473";"km/h";
"42930.8029501";"Calculated instant fuel consumption";"3.406203538356987";"L/100km";
"42930.8029501";"Distance travelled";"0.18900284394444442";"km";
"42930.8029501";"Distance travelled (Today)";"0.189006";"km";
"42930.8029501";"Distance travelled (total)";"41.61932600000001";"km";
"42930.8029501";"Distance travelled (Week)";"32.553715";"km";
"42930.8029501";"Vehicle acceleration";"-0.03516661180451822";"g";
"42930.8029501";"Vehicle speed";"39";"km/h";
"42930.8412845";"Fuel/Air commanded equivalence ratio";"14.640051240000002";"";
"42930.9251866";"Fuel economizer (based on fuel system status and throttle position)";"1";"";
"42930.9251866";"Throttle position";"22.352941176470587";"%";
"42930.9690621";"Average fuel consumption";"8.64585338734962";"L/100km";
"42930.9690621";"Average fuel consumption (Today)";"15.84658688083976";"L/100km";
"42930.9690621";"Average fuel consumption (total)";"6.419806029535412";"L/100km";
"42930.9690621";"Average fuel consumption (Week)";"6.513984655821924";"L/100km";
"42930.9690621";"Average fuel consumption 10 sec";"12.530064118395876";"L/100km";
"42930.9690621";"Calculated instant fuel rate";"1.8088865501007574";"L/h";
"42930.9690621";"Fuel used";"0.016340908785357863";"L";
"42930.9690621";"Fuel used (Today)";"0.029951";"L";
"42930.9690621";"Fuel used (total)";"2.67188";"L";
"42930.9690621";"Fuel used (Week)";"2.1205439999999998";"L";
"42930.9690621";"Fuel used price";"0.026962499495840474";"€";
"42930.9690621";"Fuel used price (Today)";"0.049419149999999995";"€";
"42930.9690621";"Fuel used price (total)";"4.408602";"€";
"42930.9690621";"Fuel used price (Week)";"3.4988975999999994";"€";
"42930.9690621";"Instant engine power (based on fuel consumption)";"7.076722166243093";"hp";
"42930.9690621";"MAF air flow rate";"5.37";"g/sec";
"42930.9690621";"Power from MAF";"6.444";"hp";
"42931.0088424";"Average speed";"21.93955996419543";"km/h";
"42931.0088424";"Calculated instant fuel consumption";"4.638170641283994";"L/100km";
"42931.0088424";"Distance travelled";"0.19123379886111108";"km";
"42931.0088424";"Distance travelled (Today)";"0.191237";"km";
"42931.0088424";"Distance travelled (total)";"41.62155700000001";"km";
"42931.0088424";"Distance travelled (Week)";"32.555946";"km";
"42931.0088424";"Vehicle acceleration";"-0.035273162936257034";"g";
"42931.0088424";"Vehicle speed";"39";"km/h";
"42931.0573673";"Fuel/Air commanded equivalence ratio";"14.640051240000002";"";
"42931.1331116";"Fuel economizer (based on fuel system status and throttle position)";"1";"";
"42931.1331116";"Throttle position";"21.96078431372549";"%";
"42931.1587002";"Average fuel consumption";"8.592961264957372";"L/100km";
"42931.1587002";"Average fuel consumption (Today)";"15.709826027390099";"L/100km";
"42931.1587002";"Average fuel consumption (total)";"6.419682954196064";"L/100km";
"42931.1587002";"Average fuel consumption (Week)";"6.5138208547218985";"L/100km";
"42931.1587002";"Average fuel consumption 10 sec";"12.283870052116336";"L/100km";
"42931.1587002";"Calculated instant fuel rate";"1.741516473746912";"L/h";
"42931.1587002";"Fuel used";"0.01643264626164177";"L";
"42931.1587002";"Fuel used (Today)";"0.030043";"L";
"42931.1587002";"Fuel used (total)";"2.671972";"L";
"42931.1587002";"Fuel used (Week)";"2.1206359999999997";"L";
"42931.1587002";"Fuel used price";"0.027113866331708918";"€";
"42931.1587002";"Fuel used price (Today)";"0.049570949999999996";"€";
"42931.1587002";"Fuel used price (total)";"4.4087538";"€";
"42931.1587002";"Fuel used price (Week)";"3.4990493999999996";"€";
"42931.1587002";"Instant engine power (based on fuel consumption)";"6.8131570948746365";"hp";
"42931.1587002";"MAF air flow rate";"5.17";"g/sec";
"42931.1587002";"Power from MAF";"6.204";"hp";
"42931.1977163";"Average speed";"22.041610266306694";"km/h";
"42931.1977163";"Calculated instant fuel consumption";"4.465426855761313";"L/100km";
"42931.1977163";"Distance travelled";"0.19327944744444442";"km";
"42931.1977163";"Distance travelled (Today)";"0.193283";"km";
"42931.1977163";"Distance travelled (total)";"41.62360300000001";"km";
"42931.1977163";"Distance travelled (Week)";"32.557992";"km";
"42931.1977163";"Vehicle acceleration";"0";"g";
"42931.1977163";"Vehicle speed";"39";"km/h";
"42931.2456855";"Fuel/Air commanded equivalence ratio";"14.640051240000002";"";
"42931.3287445";"Fuel economizer (based on fuel system status and throttle position)";"1";"";
"42931.3287445";"Throttle position";"22.352941176470587";"%";
"42931.3711807";"Average fuel consumption";"8.558590997084536";"L/100km";
"42931.3711807";"Average fuel consumption (Today)";"15.599923428340825";"L/100km";
"42931.3711807";"Average fuel consumption (total)";"6.419629266596644";"L/100km";
"42931.3711807";"Average fuel consumption (Week)";"6.513746302290386";"L/100km";
"42931.3711807";"Average fuel consumption 10 sec";"12.050538340145346";"L/100km";
"42931.3711807";"Calculated instant fuel rate";"1.8526770997307571";"L/h";
"42931.3711807";"Fuel used";"0.016541997388194958";"L";
"42931.3711807";"Fuel used (Today)";"0.030151999999999998";"L";
"42931.3711807";"Fuel used (total)";"2.6720809999999995";"L";
"42931.3711807";"Fuel used (Week)";"2.1207449999999994";"L";
"42931.3711807";"Fuel used price";"0.027294295690521678";"€";
"42931.3711807";"Fuel used price (Today)";"0.0497508";"€";
"42931.3711807";"Fuel used price (total)";"4.408933650000001";"€";
"42931.3711807";"Fuel used price (Week)";"3.4992292499999995";"€";
"42931.3711807";"Instant engine power (based on fuel consumption)";"7.248039462632592";"hp";
"42931.3711807";"MAF air flow rate";"5.5";"g/sec";
"42931.3711807";"Power from MAF";"6.6";"hp";
"42931.4103945";"Average speed";"22.155104554420436";"km/h";
"42931.4103945";"Calculated instant fuel consumption";"4.7504541018737365";"L/100km";
"42931.4103945";"Distance travelled";"0.19558360752777776";"km";
"42931.4103945";"Distance travelled (Today)";"0.195587";"km";
"42931.4103945";"Distance travelled (total)";"41.62590700000001";"km";
"42931.4103945";"Distance travelled (Week)";"32.560296";"km";
"42931.4103945";"Vehicle acceleration";"0";"g";
"42931.4103945";"Vehicle speed";"39";"km/h";
"42931.4542787";"Fuel/Air commanded equivalence ratio";"14.640051240000002";"";
"42931.537029";"Fuel economizer (based on fuel system status and throttle position)";"1";"";
"42931.537029";"Throttle position";"22.352941176470587";"%";
"42931.5786237";"Average fuel consumption";"8.512438275653247";"L/100km";
"42931.5786237";"Average fuel consumption (Today)";"15.470864628017198";"L/100km";
"42931.5786237";"Average fuel consumption (total)";"6.419530990640034";"L/100km";
"42931.5786237";"Average fuel consumption (Week)";"6.513614004000455";"L/100km";
"42931.5786237";"Average fuel consumption 10 sec";"11.830407280648558";"L/100km";
"42931.5786237";"Calculated instant fuel rate";"1.8560456035484492";"L/h";
"42931.5786237";"Fuel used";"0.01664893386809798";"L";
"42931.5786237";"Fuel used (Today)";"0.030259";"L";
"42931.5786237";"Fuel used (total)";"2.672188";"L";
"42931.5786237";"Fuel used (Week)";"2.1208519999999997";"L";
"42931.5786237";"Fuel used price";"0.027470740882361667";"€";
"42931.5786237";"Fuel used price (Today)";"0.049927349999999995";"€";
"42931.5786237";"Fuel used price (total)";"4.409110200000001";"€";
"42931.5786237";"Fuel used price (Week)";"3.4994057999999995";"€";
"42931.5786237";"Instant engine power (based on fuel consumption)";"7.2612177162010125";"hp";
"42931.5786237";"MAF air flow rate";"5.51";"g/sec";
"42931.5786237";"Power from MAF";"6.611999999999999";"hp";
"42931.6206622";"Average speed";"22.265808229544938";"km/h";
"42931.6206622";"Calculated instant fuel consumption";"4.75909129114987";"L/100km";
"42931.6206622";"Distance travelled";"0.19786122377777776";"km";
"42931.6206622";"Distance travelled (Today)";"0.197865";"km";
"42931.6206622";"Distance travelled (total)";"41.62818500000001";"km";
"42931.6206622";"Distance travelled (Week)";"32.562574";"km";
"42931.6206622";"Vehicle acceleration";"0";"g";
"42931.6206622";"Vehicle speed";"39";"km/h";
"42931.6621175";"Fuel/Air commanded equivalence ratio";"14.640051240000002";"";
"42931.7463627";"Fuel economizer (based on fuel system status and throttle position)";"1";"";
"42931.7463627";"Throttle position";"22.352941176470587";"%";
"42931.7849897";"Average fuel consumption";"8.468417404397268";"L/100km";
"42931.7849897";"Average fuel consumption (Today)";"15.346827382306115";"L/100km";
"42931.7849897";"Average fuel consumption (total)";"6.419436734990966";"L/100km";
"42931.7849897";"Average fuel consumption (Week)";"6.5134869252043766";"L/100km";
"42931.7849897";"Average fuel consumption 10 sec";"11.622069375028536";"L/100km";
"42931.7849897";"Calculated instant fuel rate";"1.8627826111838341";"L/h";
"42931.7849897";"Fuel used";"0.016755714310950756";"L";
"42931.7849897";"Fuel used (Today)";"0.030365999999999997";"L";
"42931.7849897";"Fuel used (total)";"2.6722949999999996";"L";
"42931.7849897";"Fuel used (Week)";"2.1209589999999996";"L";
"42931.7849897";"Fuel used price";"0.027646928613068746";"€";
"42931.7849897";"Fuel used price (Today)";"0.05010389999999999";"€";
"42931.7849897";"Fuel used price (total)";"4.409286750000001";"€";
"42931.7849897";"Fuel used price (Week)";"3.4995823499999994";"€";
"42931.7849897";"Instant engine power (based on fuel consumption)";"7.28757422333786";"hp";
"42931.7849897";"MAF air flow rate";"5.53";"g/sec";
"42931.7849897";"Power from MAF";"6.636";"hp";
"42931.8228521";"Average speed";"22.364634597750335";"km/h";
"42931.8228521";"Calculated instant fuel consumption";"4.902059503115353";"L/100km";
"42931.8228521";"Distance travelled";"0.19999559827777777";"km";
"42931.8228521";"Distance travelled (Today)";"0.199999";"km";
"42931.8228521";"Distance travelled (total)";"41.63031900000001";"km";
"42931.8228521";"Distance travelled (Week)";"32.564707999999996";"km";
"42931.8228521";"Vehicle acceleration";"-0.03479743590340264";"g";
"42931.8228521";"Vehicle speed";"38";"km/h";
"42931.8624282";"Fuel/Air commanded equivalence ratio";"14.640051240000002";"";
"42931.942213";"Fuel economizer (based on fuel system status and throttle position)";"1";"";
"42931.942213";"Throttle position";"22.745098039215687";"%";
"42931.9819048";"Average fuel consumption";"8.43359271769947";"L/100km";
"42931.9819048";"Average fuel consumption (Today)";"15.238576192880963";"L/100km";
"42931.9819048";"Average fuel consumption (total)";"6.419374302656675";"L/100km";
"42931.9819048";"Average fuel consumption (Week)";"6.513400949273059";"L/100km";
"42931.9819048";"Average fuel consumption 10 sec";"11.42589010731168";"L/100km";
"42931.9819048";"Calculated instant fuel rate";"2.0312078020684483";"L/h";
"42931.9819048";"Fuel used";"0.016866814212074154";"L";
"42931.9819048";"Fuel used (Today)";"0.030476999999999997";"L";
"42931.9819048";"Fuel used (total)";"2.6724059999999996";"L";
"42931.9819048";"Fuel used (Week)";"2.1210699999999996";"L";
"42931.9819048";"Fuel used price";"0.027830243449922354";"€";
"42931.9819048";"Fuel used price (Today)";"0.05028705";"€";
"42931.9819048";"Fuel used price (total)";"4.4094699";"€";
"42931.9819048";"Fuel used price (Week)";"3.4997654999999996";"€";
"42931.9819048";"Instant engine power (based on fuel consumption)";"7.946486901759005";"hp";
"42931.9819048";"MAF air flow rate";"6.03";"g/sec";
"42931.9819048";"Power from MAF";"7.236";"hp";
"42932.0243982";"Average speed";"22.46189856023377";"km/h";
"42932.0243982";"Calculated instant fuel consumption";"5.345283689653812";"L/100km";
"42932.0243982";"Distance travelled";"0.20212273905555556";"km";
"42932.0243982";"Distance travelled (Today)";"0.202126";"km";
"42932.0243982";"Distance travelled (total)";"41.63244600000001";"km";
"42932.0243982";"Distance travelled (Week)";"32.566835";"km";
"42932.0243982";"Vehicle acceleration";"-0.034264026296569466";"g";
"42932.0243982";"Vehicle speed";"38";"km/h";
"42932.065949";"Fuel/Air commanded equivalence ratio";"14.640051240000002";"";
"42932.15517";"Fuel economizer (based on fuel system status and throttle position)";"1";"";
"42932.15517";"Throttle position";"22.352941176470587";"%";
"42932.1970175";"Average fuel consumption";"8.400009399170665";"L/100km";
"42932.1970175";"Average fuel consumption (Today)";"15.133629518221307";"L/100km";
"42932.1970175";"Average fuel consumption (total)";"6.4193153580262825";"L/100km";
"42932.1970175";"Average fuel consumption (Week)";"6.5133194552065";"L/100km";
"42932.1970175";"Average fuel consumption 10 sec";"11.241221550180372";"L/100km";
"42932.1970175";"Calculated instant fuel rate";"1.866151115001526";"L/h";
"42932.1970175";"Fuel used";"0.016978329078527865";"L";
"42932.1970175";"Fuel used (Today)";"0.030588999999999998";"L";
"42932.1970175";"Fuel used (total)";"2.6725179999999997";"L";
"42932.1970175";"Fuel used (Week)";"2.1211819999999997";"L";
"42932.1970175";"Fuel used price";"0.028014242979570975";"€";
"42932.1970175";"Fuel used price (Today)";"0.05047185";"€";
"42932.1970175";"Fuel used price (total)";"4.4096547";"€";
"42932.1970175";"Fuel used price (Week)";"3.4999502999999996";"€";
"42932.1970175";"Instant engine power (based on fuel consumption)";"7.3007524769062835";"hp";
"42932.1970175";"MAF air flow rate";"5.54";"g/sec";
"42932.1970175";"Power from MAF";"6.648";"hp";
"42932.2381369";"Average speed";"22.56375373762029";"km/h";
"42932.2381369";"Calculated instant fuel consumption";"4.910923986846122";"L/100km";
"42932.2381369";"Distance travelled";"0.20437902283333334";"km";
"42932.2381369";"Distance travelled (Today)";"0.204382";"km";
"42932.2381369";"Distance travelled (total)";"41.63470200000001";"km";
"42932.2381369";"Distance travelled (Week)";"32.569091";"km";
"42932.2381369";"Vehicle acceleration";"-0.03422012737356213";"g";
"42932.2381369";"Vehicle speed";"38";"km/h";
"42932.2780215";"Fuel/Air commanded equivalence ratio";"14.640051240000002";"";
"42932.3550577";"Fuel economizer (based on fuel system status and throttle position)";"1";"";
"42932.3550577";"Throttle position";"21.96078431372549";"%";
"42932.401849";"Average fuel consumption";"8.353695143265474";"L/100km";
"42932.401849";"Average fuel consumption (Today)";"15.01306377273928";"L/100km";
"42932.401849";"Average fuel consumption (total)";"6.419195698818737";"L/100km";
"42932.401849";"Average fuel consumption (Week)";"6.513159977353988";"L/100km";
"42932.401849";"Average fuel consumption 10 sec";"11.065004267022864";"L/100km";
"42932.401849";"Calculated instant fuel rate";"1.6674093897576814";"L/h";
"42932.401849";"Fuel used";"0.017073200504281603";"L";
"42932.401849";"Fuel used (Today)";"0.030683999999999996";"L";
"42932.401849";"Fuel used (total)";"2.6726129999999997";"L";
"42932.401849";"Fuel used (Week)";"2.1212769999999996";"L";
"42932.401849";"Fuel used price";"0.028170780832064642";"€";
"42932.401849";"Fuel used price (Today)";"0.050628599999999996";"€";
"42932.401849";"Fuel used price (total)";"4.40981145";"€";
"42932.401849";"Fuel used price (Week)";"3.5001070499999996";"€";
"42932.401849";"Instant engine power (based on fuel consumption)";"6.523235516369333";"hp";
"42932.401849";"MAF air flow rate";"4.95";"g/sec";
"42932.401849";"Power from MAF";"5.94";"hp";
"42932.4547025";"Average speed";"22.66558886770426";"km/h";
"42932.4547025";"Calculated instant fuel consumption";"4.3879194467307405";"L/100km";
"42932.4547025";"Distance travelled";"0.20666482733333333";"km";
"42932.4547025";"Distance travelled (Today)";"0.206668";"km";
"42932.4547025";"Distance travelled (total)";"41.63698800000001";"km";
"42932.4547025";"Distance travelled (Week)";"32.571377";"km";
"42932.4547025";"Vehicle acceleration";"-0.03396172458851874";"g";
"42932.4547025";"Vehicle speed";"38";"km/h";
"42932.5017465";"Fuel/Air commanded equivalence ratio";"14.640051240000002";"";
"42932.5809311";"Fuel economizer (based on fuel system status and throttle position)";"1";"";
"42932.5809311";"Throttle position";"21.568627450980394";"%";
"42932.6222202";"Average fuel consumption";"8.304895818849625";"L/100km";
"42932.6222202";"Average fuel consumption (Today)";"14.890549093231659";"L/100km";
"42932.6222202";"Average fuel consumption (total)";"6.4190594189954355";"L/100km";
"42932.6222202";"Average fuel consumption (Week)";"6.512979171866145";"L/100km";
"42932.6222202";"Average fuel consumption 10 sec";"10.897240865831266";"L/100km";
"42932.6222202";"Calculated instant fuel rate";"1.4720361683315288";"L/h";
"42932.6222202";"Fuel used";"0.0171632986042388";"L";
"42932.6222202";"Fuel used (Today)";"0.030774000000000003";"L";
"42932.6222202";"Fuel used (total)";"2.672703";"L";
"42932.6222202";"Fuel used (Week)";"2.121367";"L";
"42932.6222202";"Fuel used price";"0.028319442696994015";"€";
"42932.6222202";"Fuel used price (Today)";"0.0507771";"€";
"42932.6222202";"Fuel used price (total)";"4.40995995";"€";
"42932.6222202";"Fuel used price (Week)";"3.5002555499999994";"€";
"42932.6222202";"Instant engine power (based on fuel consumption)";"5.758896809400806";"hp";
"42932.6222202";"MAF air flow rate";"4.37";"g/sec";
"42932.6222202";"Power from MAF";"5.244";"hp";
"42932.6727677";"Average speed";"22.76677845557424";"km/h";
"42932.6727677";"Calculated instant fuel consumption";"3.8737793903461286";"L/100km";
"42932.6727677";"Distance travelled";"0.20896641344444444";"km";
"42932.6727677";"Distance travelled (Today)";"0.20897";"km";
"42932.6727677";"Distance travelled (total)";"41.63929000000001";"km";
"42932.6727677";"Distance travelled (Week)";"32.573679";"km";
"42932.6727677";"Vehicle acceleration";"0";"g";
"42932.6727677";"Vehicle speed";"38";"km/h";
"42932.7143706";"Fuel/Air commanded equivalence ratio";"14.640051240000002";"";
"42932.7977793";"Fuel economizer (based on fuel system status and throttle position)";"1";"";
"42932.7977793";"Throttle position";"20.784313725490197";"%";
"42932.8391183";"Average fuel consumption";"8.249360652420076";"L/100km";
"42932.8391183";"Average fuel consumption (Today)";"14.762406086998135";"L/100km";
"42932.8391183";"Average fuel consumption (total)";"6.418884663979618";"L/100km";
"42932.8391183";"Average fuel consumption (Week)";"6.512749143257658";"L/100km";
"42932.8391183";"Average fuel consumption 10 sec";"10.73665723147721";"L/100km";
"42932.8391183";"Calculated instant fuel rate";"1.2463464125461456";"L/h";
"42932.8391183";"Fuel used";"0.017238393087459458";"L";
"42932.8391183";"Fuel used (Today)";"0.030849";"L";
"42932.8391183";"Fuel used (total)";"2.6727779999999997";"L";
"42932.8391183";"Fuel used (Week)";"2.1214419999999996";"L";
"42932.8391183";"Fuel used price";"0.028443348594308103";"€";
"42932.8391183";"Fuel used price (Today)";"0.05090085";"€";
"42932.8391183";"Fuel used price (total)";"4.4100837";"€";
"42932.8391183";"Fuel used price (Week)";"3.5003792999999996";"€";
"42932.8391183";"Instant engine power (based on fuel consumption)";"4.875953820316471";"hp";
"42932.8391183";"MAF air flow rate";"3.7";"g/sec";
"42932.8391183";"Power from MAF";"4.44";"hp";
"42932.8807415";"Average speed";"22.862066570866567";"km/h";
"42932.8807415";"Calculated instant fuel consumption";"3.279858980384594";"L/100km";
"42932.8807415";"Distance travelled";"0.21116189933333332";"km";
"42932.8807415";"Distance travelled (Today)";"0.211165";"km";
"42932.8807415";"Distance travelled (total)";"41.64148500000001";"km";
"42932.8807415";"Distance travelled (Week)";"32.575874";"km";
"42932.8807415";"Vehicle acceleration";"0";"g";
"42932.8807415";"Vehicle speed";"38";"km/h";
"42932.938411";"Fuel/Air commanded equivalence ratio";"14.640051240000002";"";
"42933.0173654";"Fuel economizer (based on fuel system status and throttle position)";"1";"";
"42933.0173654";"Throttle position";"19.607843137254903";"%";
"42933.0577674";"Average fuel consumption";"8.192185576575381";"L/100km";
"42933.0577674";"Average fuel consumption (Today)";"14.637368882153767";"L/100km";
"42933.0577674";"Average fuel consumption (total)";"6.418690399729979";"L/100km";
"42933.0577674";"Average fuel consumption (Week)";"6.512494492089451";"L/100km";
"42933.0577674";"Average fuel consumption 10 sec";"10.582382468636666";"L/100km";
"42933.0577674";"Calculated instant fuel rate";"0.9937086262192243";"L/h";
"42933.0577674";"Fuel used";"0.017298774660407957";"L";
"42933.0577674";"Fuel used (Today)";"0.030909";"L";
"42933.0577674";"Fuel used (total)";"2.6728379999999996";"L";
"42933.0577674";"Fuel used (Week)";"2.1215019999999996";"L";
"42933.0577674";"Fuel used price";"0.028542978189673128";"€";
"42933.0577674";"Fuel used price (Today)";"0.05099985";"€";
"42933.0577674";"Fuel used price (total)";"4.4101827";"€";
"42933.0577674";"Fuel used price (Week)";"3.5004782999999997";"€";
"42933.0577674";"Instant engine power (based on fuel consumption)";"3.887584802684754";"hp";
"42933.0577674";"MAF air flow rate";"2.95";"g/sec";
"42933.0577674";"Power from MAF";"3.54";"hp";
"42933.1009391";"Average speed";"22.96167521461849";"km/h";
"42933.1009391";"Calculated instant fuel consumption";"2.615022700576906";"L/100km";
"42933.1009391";"Distance travelled";"0.213486676";"km";
"42933.1009391";"Distance travelled (Today)";"0.21349";"km";
"42933.1009391";"Distance travelled (total)";"41.64381000000001";"km";
"42933.1009391";"Distance travelled (Week)";"32.578199";"km";
"42933.1009391";"Vehicle acceleration";"0";"g";
"42933.1009391";"Vehicle speed";"38";"km/h";
"42933.1420888";"Fuel/Air commanded equivalence ratio";"14.640051240000002";"";
"42933.2197279";"Fuel economizer (based on fuel system status and throttle position)";"1";"";
"42933.2197279";"Throttle position";"19.607843137254903";"%";
"42933.2660813";"Average fuel consumption";"8.128076580778638";"L/100km";
"42933.2660813";"Average fuel consumption (Today)";"14.503255421799615";"L/100km";
"42933.2660813";"Average fuel consumption (total)";"6.418461711356379";"L/100km";
"42933.2660813";"Average fuel consumption (Week)";"6.512195471579014";"L/100km";
"42933.2660813";"Average fuel consumption 10 sec";"10.434312598632886";"L/100km";
"42933.2660813";"Calculated instant fuel rate";"0.9263385498653786";"L/h";
"42933.2660813";"Fuel used";"0.017352360515038766";"L";
"42933.2660813";"Fuel used (Today)";"0.030962999999999997";"L";
"42933.2660813";"Fuel used (total)";"2.6728919999999996";"L";
"42933.2660813";"Fuel used (Week)";"2.1215559999999996";"L";
"42933.2660813";"Fuel used price";"0.028631394849813963";"€";
"42933.2660813";"Fuel used price (Today)";"0.051088949999999994";"€";
"42933.2660813";"Fuel used price (total)";"4.4102718";"€";
"42933.2660813";"Fuel used price (Week)";"3.5005673999999996";"€";
"42933.2660813";"Instant engine power (based on fuel consumption)";"3.624019731316296";"hp";
"42933.2660813";"MAF air flow rate";"2.75";"g/sec";
"42933.2660813";"Power from MAF";"3.3";"hp";
"42933.3182553";"Average speed";"23.05866856123996";"km/h";
"42933.3182553";"Calculated instant fuel consumption";"2.437733025961523";"L/100km";
"42933.3182553";"Distance travelled";"0.21578020083333332";"km";
"42933.3182553";"Distance travelled (Today)";"0.215784";"km";
"42933.3182553";"Distance travelled (total)";"41.64610400000001";"km";
"42933.3182553";"Distance travelled (Week)";"32.580493";"km";
"42933.3182553";"Vehicle acceleration";"0";"g";
"42933.3182553";"Vehicle speed";"38";"km/h";
"42933.3626348";"Fuel/Air commanded equivalence ratio";"15.48888576";"";
"42933.44233";"Fuel economizer (based on fuel system status and throttle position)";"0";"";
"42933.44233";"Throttle position";"19.607843137254903";"%";
"42933.4852849";"Average fuel consumption";"8.0416833648429";"L/100km";
"42933.4852849";"Average fuel consumption (Today)";"14.349071293515737";"L/100km";
"42933.4852849";"Average fuel consumption (total)";"6.418108162050402";"L/100km";
"42933.4852849";"Average fuel consumption (Week)";"6.511736946399184";"L/100km";
"42933.4852849";"Average fuel consumption 10 sec";"10.291097014364734";"L/100km";
"42933.4852849";"Calculated instant fuel rate";"0";"L/h";
"42933.4852849";"Fuel used";"0.017352360515038766";"L";
"42933.4852849";"Fuel used (Today)";"0.030962999999999997";"L";
"42933.4852849";"Fuel used (total)";"2.6728919999999996";"L";
"42933.4852849";"Fuel used (Week)";"2.1215559999999996";"L";
"42933.4852849";"Fuel used price";"0.028631394849813963";"€";
"42933.4852849";"Fuel used price (Today)";"0.051088949999999994";"€";
"42933.4852849";"Fuel used price (total)";"4.4102718";"€";
"42933.4852849";"Fuel used price (Week)";"3.5005673999999996";"€";
"42933.4852849";"Instant engine power (based on fuel consumption)";"0";"hp";
"42933.4852849";"MAF air flow rate";"2.93";"g/sec";
"42933.4852849";"Power from MAF";"3.516";"hp";
"42933.5305125";"Average speed";"23.15221885265069";"km/h";
"42933.5305125";"Calculated instant fuel consumption";"0";"L/100km";
"42933.5305125";"Distance travelled";"0.21802069877777777";"km";
"42933.5305125";"Distance travelled (Today)";"0.218024";"km";
"42933.5305125";"Distance travelled (total)";"41.64834400000001";"km";
"42933.5305125";"Distance travelled (Week)";"32.582733";"km";
"42933.5305125";"Vehicle acceleration";"0";"g";
"42933.5305125";"Vehicle speed";"38";"km/h";
"42933.5693436";"Fuel/Air commanded equivalence ratio";"15.54604032";"";
"42933.6494885";"Fuel economizer (based on fuel system status and throttle position)";"0";"";
"42933.6494885";"Throttle position";"19.607843137254903";"%";
"42933.6982364";"Average fuel consumption";"7.9590427020535";"L/100km";
"42933.6982364";"Average fuel consumption (Today)";"14.201647525043114";"L/100km";
"42933.6982364";"Average fuel consumption (total)";"6.41776297276069";"L/100km";
"42933.6982364";"Average fuel consumption (Week)";"6.511289277053585";"L/100km";
"42933.6982364";"Average fuel consumption 10 sec";"10.15322129540002";"L/100km";
"42933.6982364";"Calculated instant fuel rate";"0";"L/h";
"42933.6982364";"Fuel used";"0.017352360515038766";"L";
"42933.6982364";"Fuel used (Today)";"0.030962999999999997";"L";
"42933.6982364";"Fuel used (total)";"2.6728919999999996";"L";
"42933.6982364";"Fuel used (Week)";"2.1215559999999996";"L";
"42933.6982364";"Fuel used price";"0.028631394849813963";"€";
"42933.6982364";"Fuel used price (Today)";"0.051088949999999994";"€";
"42933.6982364";"Fuel used price (total)";"4.4102718";"€";
"42933.6982364";"Fuel used price (Week)";"3.5005673999999996";"€";
"42933.6982364";"Instant engine power (based on fuel consumption)";"0";"hp";
"42933.6982364";"MAF air flow rate";"2.81";"g/sec";
"42933.6982364";"Power from MAF";"3.372";"hp";
"42933.742946";"Average speed";"23.244683037878662";"km/h";
"42933.742946";"Calculated instant fuel consumption";"0";"L/100km";
"42933.742946";"Distance travelled";"0.220263102";"km";
"42933.742946";"Distance travelled (Today)";"0.220266";"km";
"42933.742946";"Distance travelled (total)";"41.65058600000001";"km";
"42933.742946";"Distance travelled (Week)";"32.584975";"km";
"42933.742946";"Vehicle acceleration";"0";"g";
"42933.742946";"Vehicle speed";"38";"km/h";
"42933.7955257";"Fuel/Air commanded equivalence ratio";"15.97469952";"";
"42933.878505";"Fuel economizer (based on fuel system status and throttle position)";"0";"";
"42933.878505";"Throttle position";"19.607843137254903";"%";
"42933.9223826";"Average fuel consumption";"7.878015136206866";"L/100km";
"42933.9223826";"Average fuel consumption (Today)";"14.057094603797227";"L/100km";
"42933.9223826";"Average fuel consumption (total)";"6.41741751244508";"L/100km";
"42933.9223826";"Average fuel consumption (Week)";"6.5108412696342395";"L/100km";
"42933.9223826";"Average fuel consumption 10 sec";"9.938519487681445";"L/100km";
"42933.9223826";"Calculated instant fuel rate";"0";"L/h";
"42933.9223826";"Fuel used";"0.017352360515038766";"L";
"42933.9223826";"Fuel used (Today)";"0.030962999999999997";"L";
"42933.9223826";"Fuel used (total)";"2.6728919999999996";"L";
"42933.9223826";"Fuel used (Week)";"2.1215559999999996";"L";
"42933.9223826";"Fuel used price";"0.028631394849813963";"€";
"42933.9223826";"Fuel used price (Today)";"0.051088949999999994";"€";
"42933.9223826";"Fuel used price (total)";"4.4102718";"€";
"42933.9223826";"Fuel used price (Week)";"3.5005673999999996";"€";
"42933.9223826";"Instant engine power (based on fuel consumption)";"0";"hp";
"42933.9223826";"MAF air flow rate";"2.82";"g/sec";
"42933.9223826";"Power from MAF";"3.384";"hp";
"42933.9724865";"Average speed";"23.34330584824486";"km/h";
"42933.9724865";"Calculated instant fuel consumption";"0";"L/100km";
"42933.9724865";"Distance travelled";"0.22268604427777777";"km";
"42933.9724865";"Distance travelled (Today)";"0.222689";"km";
"42933.9724865";"Distance travelled (total)";"41.65300900000001";"km";
"42933.9724865";"Distance travelled (Week)";"32.587398";"km";
"42933.9724865";"Vehicle acceleration";"0";"g";
"42933.9724865";"Vehicle speed";"38";"km/h";
"42934.0131309";"Fuel/Air commanded equivalence ratio";"16.031854080000002";"";
"42934.1115298";"Fuel economizer (based on fuel system status and throttle position)";"0";"";
"42934.1115298";"Throttle position";"19.607843137254903";"%";
"42934.1615599";"Average fuel consumption";"7.792298152906921";"L/100km";
"42934.1615599";"Average fuel consumption (Today)";"13.90414434480374";"L/100km";
"42934.1615599";"Average fuel consumption (total)";"6.417044204417498";"L/100km";
"42934.1615599";"Average fuel consumption (Week)";"6.510357163219965";"L/100km";
"42934.1615599";"Average fuel consumption 10 sec";"9.814537023699991";"L/100km";
"42934.1615599";"Calculated instant fuel rate";"0";"L/h";
"42934.1615599";"Fuel used";"0.017352360515038766";"L";
"42934.1615599";"Fuel used (Today)";"0.030962999999999997";"L";
"42934.1615599";"Fuel used (total)";"2.6728919999999996";"L";
"42934.1615599";"Fuel used (Week)";"2.1215559999999996";"L";
"42934.1615599";"Fuel used price";"0.028631394849813963";"€";
"42934.1615599";"Fuel used price (Today)";"0.051088949999999994";"€";
"42934.1615599";"Fuel used price (total)";"4.4102718";"€";
"42934.1615599";"Fuel used price (Week)";"3.5005673999999996";"€";
"42934.1615599";"Instant engine power (based on fuel consumption)";"0";"hp";
"42934.1615599";"MAF air flow rate";"2.7800000000000002";"g/sec";
"42934.1615599";"Power from MAF";"3.3360000000000003";"hp";
"42934.2018572";"Average speed";"23.433903453787682";"km/h";
"42934.2018572";"Calculated instant fuel consumption";"0";"L/100km";
"42934.2018572";"Distance travelled";"0.22504323205555554";"km";
"42934.2018572";"Distance travelled (Today)";"0.225046";"km";
"42934.2018572";"Distance travelled (total)";"41.65536600000001";"km";
"42934.2018572";"Distance travelled (Week)";"32.589755";"km";
"42934.2018572";"Vehicle acceleration";"-0.03205680110069705";"g";
"42934.2018572";"Vehicle speed";"37";"km/h";
"42934.249687";"Fuel/Air commanded equivalence ratio";"16.0032768";"";
"42934.3265144";"Fuel economizer (based on fuel system status and throttle position)";"0";"";
"42934.3265144";"Throttle position";"19.607843137254903";"%";
"42934.3666348";"Average fuel consumption";"7.710678680065818";"L/100km";
"42934.3666348";"Average fuel consumption (Today)";"13.758520480257369";"L/100km";
"42934.3666348";"Average fuel consumption (total)";"6.416681106583001";"L/100km";
"42934.3666348";"Average fuel consumption (Week)";"6.509886312431621";"L/100km";
"42934.3666348";"Average fuel consumption 10 sec";"9.695475788240643";"L/100km";
"42934.3666348";"Calculated instant fuel rate";"0";"L/h";
"42934.3666348";"Fuel used";"0.017352360515038766";"L";
"42934.3666348";"Fuel used (Today)";"0.030962999999999997";"L";
"42934.3666348";"Fuel used (total)";"2.6728919999999996";"L";
"42934.3666348";"Fuel used (Week)";"2.1215559999999996";"L";
"42934.3666348";"Fuel used price";"0.028631394849813963";"€";
"42934.3666348";"Fuel used price (Today)";"0.051088949999999994";"€";
"42934.3666348";"Fuel used price (total)";"4.4102718";"€";
"42934.3666348";"Fuel used price (Week)";"3.5005673999999996";"€";
"42934.3666348";"Instant engine power (based on fuel consumption)";"0";"hp";
"42934.3666348";"MAF air flow rate";"2.79";"g/sec";
"42934.3666348";"Power from MAF";"3.348";"hp";
"42934.4090259";"Average speed";"23.514712252555583";"km/h";
"42934.4090259";"Calculated instant fuel consumption";"0";"L/100km";
"42934.4090259";"Distance travelled";"0.22717245666666666";"km";
"42934.4090259";"Distance travelled (Today)";"0.227175";"km";
"42934.4090259";"Distance travelled (total)";"41.65749500000001";"km";
"42934.4090259";"Distance travelled (Week)";"32.591884";"km";
"42934.4090259";"Vehicle acceleration";"-0.03224247591015734";"g";
"42934.4090259";"Vehicle speed";"37";"km/h";
"42934.4586178";"Fuel/Air commanded equivalence ratio";"14.640051240000002";"";
"42934.5550939";"Fuel economizer (based on fuel system status and throttle position)";"1";"";
"42934.5550939";"Throttle position";"22.352941176470587";"%";
"42934.5976273";"Average fuel consumption";"7.691117580858005";"L/100km";
"42934.5976273";"Average fuel consumption (Today)";"13.682403433476395";"L/100km";
"42934.5976273";"Average fuel consumption (total)";"6.416641231067779";"L/100km";
"42934.5976273";"Average fuel consumption (Week)";"6.509829256878796";"L/100km";
"42934.5976273";"Average fuel consumption 10 sec";"9.581657152177495";"L/100km";
"42934.5976273";"Calculated instant fuel rate";"1.866151115001526";"L/h";
"42934.5976273";"Fuel used";"0.017472100753557034";"L";
"42934.5976273";"Fuel used (Today)";"0.031083";"L";
"42934.5976273";"Fuel used (total)";"2.6730119999999995";"L";
"42934.5976273";"Fuel used (Week)";"2.1216759999999995";"L";
"42934.5976273";"Fuel used price";"0.028828966243369104";"€";
"42934.5976273";"Fuel used price (Today)";"0.05128695";"€";
"42934.5976273";"Fuel used price (total)";"4.4104698";"€";
"42934.5976273";"Fuel used price (Week)";"3.5007653999999997";"€";
"42934.5976273";"Instant engine power (based on fuel consumption)";"7.3007524769062835";"hp";
"42934.5976273";"MAF air flow rate";"5.54";"g/sec";
"42934.5976273";"Power from MAF";"6.648";"hp";
"42934.6371845";"Average speed";"23.596080401608123";"km/h";
"42934.6371845";"Calculated instant fuel consumption";"5.183753097226461";"L/100km";
"42934.6371845";"Distance travelled";"0.22945392266666667";"km";
"42934.6371845";"Distance travelled (Today)";"0.229456";"km";
"42934.6371845";"Distance travelled (total)";"41.65977600000001";"km";
"42934.6371845";"Distance travelled (Week)";"32.594165";"km";
"42934.6371845";"Vehicle acceleration";"-0.06335099721270782";"g";
"42934.6371845";"Vehicle speed";"36";"km/h";
"42934.6814776";"Fuel/Air commanded equivalence ratio";"14.640051240000002";"";
"42934.754125";"Fuel economizer (based on fuel system status and throttle position)";"1";"";
"42934.754125";"Throttle position";"22.352941176470587";"%";
"42934.8011653";"Average fuel consumption";"7.6606265712361745";"L/100km";
"42934.8011653";"Average fuel consumption (Today)";"13.592584199149293";"L/100km";
"42934.8011653";"Average fuel consumption (total)";"6.416544342437173";"L/100km";
"42934.8011653";"Average fuel consumption (Week)";"6.509698898560524";"L/100km";
"42934.8011653";"Average fuel consumption 10 sec";"9.472125936737715";"L/100km";
"42934.8011653";"Calculated instant fuel rate";"1.866151115001526";"L/h";
"42934.8011653";"Fuel used";"0.01757760816854637";"L";
"42934.8011653";"Fuel used (Today)";"0.031189";"L";
"42934.8011653";"Fuel used (total)";"2.6731179999999997";"L";
"42934.8011653";"Fuel used (Week)";"2.1217819999999996";"L";
"42934.8011653";"Fuel used price";"0.029003053478101507";"€";
"42934.8011653";"Fuel used price (Today)";"0.051461849999999996";"€";
"42934.8011653";"Fuel used price (total)";"4.410644700000001";"€";
"42934.8011653";"Fuel used price (Week)";"3.5009402999999994";"€";
"42934.8011653";"Instant engine power (based on fuel consumption)";"7.3007524769062835";"hp";
"42934.8011653";"MAF air flow rate";"5.54";"g/sec";
"42934.8011653";"Power from MAF";"6.648";"hp";
"42934.8449183";"Average speed";"23.66925138763335";"km/h";
"42934.8449183";"Calculated instant fuel consumption";"5.183753097226461";"L/100km";
"42934.8449183";"Distance travelled";"0.23153126266666668";"km";
"42934.8449183";"Distance travelled (Today)";"0.231533";"km";
"42934.8449183";"Distance travelled (total)";"41.66185300000001";"km";
"42934.8449183";"Distance travelled (Week)";"32.596242";"km";
"42934.8449183";"Vehicle acceleration";"-0.06493446734466726";"g";
"42934.8449183";"Vehicle speed";"36";"km/h";
"42934.8861335";"Fuel/Air commanded equivalence ratio";"14.640051240000002";"";
"42934.9659524";"Fuel economizer (based on fuel system status and throttle position)";"1";"";
"42934.9659524";"Throttle position";"22.352941176470587";"%";
"42935.0144772";"Average fuel consumption";"7.639823856143465";"L/100km";
"42935.0144772";"Average fuel consumption (Today)";"13.518591302319757";"L/100km";
"42935.0144772";"Average fuel consumption (total)";"6.416490884358886";"L/100km";
"42935.0144772";"Average fuel consumption (Week)";"6.509624637097736";"L/100km";
"42935.0144772";"Average fuel consumption 10 sec";"9.36678035333561";"L/100km";
"42935.0144772";"Calculated instant fuel rate";"1.8728881226369112";"L/h";
"42935.0144772";"Fuel used";"0.017688580639638192";"L";
"42935.0144772";"Fuel used (Today)";"0.0313";"L";
"42935.0144772";"Fuel used (total)";"2.6732289999999996";"L";
"42935.0144772";"Fuel used (Week)";"2.1218929999999996";"L";
"42935.0144772";"Fuel used price";"0.029186158055403016";"€";
"42935.0144772";"Fuel used price (Today)";"0.051644999999999996";"€";
"42935.0144772";"Fuel used price (total)";"4.41082785";"€";
"42935.0144772";"Fuel used price (Week)";"3.5011234499999997";"€";
"42935.0144772";"Instant engine power (based on fuel consumption)";"7.327108984043131";"hp";
"42935.0144772";"MAF air flow rate";"5.5600000000000005";"g/sec";
"42935.0144772";"Power from MAF";"6.672000000000001";"hp";
"42935.0646807";"Average speed";"23.745723894900774";"km/h";
"42935.0646807";"Calculated instant fuel consumption";"5.202467007324753";"L/100km";
"42935.0646807";"Distance travelled";"0.23372884566666668";"km";
"42935.0646807";"Distance travelled (Today)";"0.233731";"km";
"42935.0646807";"Distance travelled (total)";"41.66405100000001";"km";
"42935.0646807";"Distance travelled (Week)";"32.59844";"km";
"42935.0646807";"Vehicle acceleration";"-0.03282878869258662";"g";
"42935.0646807";"Vehicle speed";"36";"km/h";
"42935.1077626";"Fuel/Air commanded equivalence ratio";"14.640051240000002";"";
"42935.2104157";"Fuel economizer (based on fuel system status and throttle position)";"1";"";
"42935.2104157";"Throttle position";"25.88235294117647";"%";
"42935.2622594";"Average fuel consumption";"7.681870127225316";"L/100km";
"42935.2622594";"Average fuel consumption (Today)";"13.505268877470254";"L/100km";
"42935.2622594";"Average fuel consumption (total)";"6.416790820460544";"L/100km";
"42935.2622594";"Average fuel consumption (Week)";"6.51000170560309";"L/100km";
"42935.2622594";"Average fuel consumption 10 sec";"9.266821777666546";"L/100km";
"42935.2622594";"Calculated instant fuel rate";"3.867042382710744";"L/h";
"42935.2622594";"Fuel used";"0.01795474637397623";"L";
"42935.2622594";"Fuel used (Today)";"0.031566";"L";
"42935.2622594";"Fuel used (total)";"2.6734949999999995";"L";
"42935.2622594";"Fuel used (Week)";"2.1221589999999995";"L";
"42935.2622594";"Fuel used price";"0.029625331517060777";"€";
"42935.2622594";"Fuel used price (Today)";"0.052083899999999995";"€";
"42935.2622594";"Fuel used price (total)";"4.41126675";"€";
"42935.2622594";"Fuel used price (Week)";"3.5015623499999995";"€";
"42935.2622594";"Instant engine power (based on fuel consumption)";"15.128635096549482";"hp";
"42935.2622594";"MAF air flow rate";"11.48";"g/sec";
"42935.2622594";"Power from MAF";"13.776";"hp";
"42935.3055615";"Average speed";"23.8284635792017";"km/h";
"42935.3055615";"Calculated instant fuel consumption";"10.741784396418733";"L/100km";
"42935.3055615";"Distance travelled";"0.23613762966666668";"km";
"42935.3055615";"Distance travelled (Today)";"0.23614";"km";
"42935.3055615";"Distance travelled (total)";"41.66646000000001";"km";
"42935.3055615";"Distance travelled (Week)";"32.600849";"km";
"42935.3055615";"Vehicle acceleration";"-0.03159434329203697";"g";
"42935.3055615";"Vehicle speed";"36";"km/h";
"42935.3463386";"Fuel/Air commanded equivalence ratio";"14.640051240000002";"";
"42935.4382933";"Fuel economizer (based on fuel system status and throttle position)";"1";"";
"42935.4382933";"Throttle position";"25.49019607843137";"%";
"42935.4700135";"Average fuel consumption";"7.681958488451729";"L/100km";
"42935.4700135";"Average fuel consumption (Today)";"13.445837215211316";"L/100km";
"42935.4700135";"Average fuel consumption (total)";"6.416863827644582";"L/100km";
"42935.4700135";"Average fuel consumption (Week)";"6.510088126846021";"L/100km";
"42935.4700135";"Average fuel consumption 10 sec";"9.170898829260418";"L/100km";
"42935.4700135";"Calculated instant fuel rate";"3.210184138260748";"L/h";
"42935.4700135";"Fuel used";"0.018139994686607208";"L";
"42935.4700135";"Fuel used (Today)";"0.031751";"L";
"42935.4700135";"Fuel used (total)";"2.6736799999999996";"L";
"42935.4700135";"Fuel used (Week)";"2.1223439999999996";"L";
"42935.4700135";"Fuel used price";"0.029930991232901893";"€";
"42935.4700135";"Fuel used price (Today)";"0.052389149999999995";"€";
"42935.4700135";"Fuel used price (total)";"4.4115720000000005";"€";
"42935.4700135";"Fuel used price (Week)";"3.5018675999999993";"€";
"42935.4700135";"Instant engine power (based on fuel consumption)";"12.558875650707016";"hp";
"42935.4700135";"MAF air flow rate";"9.53";"g/sec";
"42935.4700135";"Power from MAF";"11.435999999999998";"hp";
"42935.5151596";"Average speed";"23.899554770004222";"km/h";
"42935.5151596";"Calculated instant fuel consumption";"8.91717816183541";"L/100km";
"42935.5151596";"Distance travelled";"0.23823360466666668";"km";
"42935.5151596";"Distance travelled (Today)";"0.238236";"km";
"42935.5151596";"Distance travelled (total)";"41.66855600000001";"km";
"42935.5151596";"Distance travelled (Week)";"32.602945";"km";
"42935.5151596";"Vehicle acceleration";"0";"g";
"42935.5151596";"Vehicle speed";"36";"km/h";
"42935.5625577";"Fuel/Air commanded equivalence ratio";"14.640051240000002";"";
"42935.6547295";"Fuel economizer (based on fuel system status and throttle position)";"1";"";
"42935.6547295";"Throttle position";"25.098039215686274";"%";
"42935.6989299";"Average fuel consumption";"7.694127881307894";"L/100km";
"42935.6989299";"Average fuel consumption (Today)";"13.407293608018938";"L/100km";
"42935.6989299";"Average fuel consumption (total)";"6.416997027686774";"L/100km";
"42935.6989299";"Average fuel consumption (Week)";"6.510252371373198";"L/100km";
"42935.6989299";"Average fuel consumption 10 sec";"9.08000067837345";"L/100km";
"42935.6989299";"Calculated instant fuel rate";"2.9878628862930583";"L/h";
"42935.6989299";"Fuel used";"0.018329998199302824";"L";
"42935.6989299";"Fuel used (Today)";"0.031941";"L";
"42935.6989299";"Fuel used (total)";"2.6738699999999995";"L";
"42935.6989299";"Fuel used (Week)";"2.1225339999999995";"L";
"42935.6989299";"Fuel used price";"0.030244497028849657";"€";
"42935.6989299";"Fuel used price (Today)";"0.05270264999999999";"€";
"42935.6989299";"Fuel used price (total)";"4.4118855";"€";
"42935.6989299";"Fuel used price (Week)";"3.5021810999999996";"€";
"42935.6989299";"Instant engine power (based on fuel consumption)";"11.689110915191112";"hp";
"42935.6989299";"MAF air flow rate";"8.870000000000001";"g/sec";
"42935.6989299";"Power from MAF";"10.644";"hp";
"42935.7384375";"Average speed";"23.98674140298316";"km/h";
"42935.7384375";"Calculated instant fuel consumption";"7.8627970691922595";"L/100km";
"42935.7384375";"Distance travelled";"0.24059032244444445";"km";
"42935.7384375";"Distance travelled (Today)";"0.240593";"km";
"42935.7384375";"Distance travelled (total)";"41.670913000000006";"km";
"42935.7384375";"Distance travelled (Week)";"32.605301999999995";"km";
"42935.7384375";"Vehicle acceleration";"0.06340199597389293";"g";
"42935.7384375";"Vehicle speed";"38";"km/h";
"42935.7747702";"Fuel/Air commanded equivalence ratio";"14.640051240000002";"";
"42935.8688166";"Fuel economizer (based on fuel system status and throttle position)";"1";"";
"42935.8688166";"Throttle position";"24.313725490196077";"%";
"42935.9099553";"Average fuel consumption";"7.684989974561408";"L/100km";
"42935.9099553";"Average fuel consumption (Today)";"13.342034057516218";"L/100km";
"42935.9099553";"Average fuel consumption (total)";"6.417015629103204";"L/100km";
"42935.9099553";"Average fuel consumption (Week)";"6.51026940342402";"L/100km";
"42935.9099553";"Average fuel consumption 10 sec";"8.993312084949554";"L/100km";
"42935.9099553";"Calculated instant fuel rate";"2.7183825808776745";"L/h";
"42935.9099553";"Fuel used";"0.01848934215962052";"L";
"42935.9099553";"Fuel used (Today)";"0.0321";"L";
"42935.9099553";"Fuel used (total)";"2.6740289999999995";"L";
"42935.9099553";"Fuel used (Week)";"2.1226929999999995";"L";
"42935.9099553";"Fuel used price";"0.030507414563373858";"€";
"42935.9099553";"Fuel used price (Today)";"0.052965";"€";
"42935.9099553";"Fuel used price (total)";"4.41214785";"€";
"42935.9099553";"Fuel used price (Week)";"3.5024434499999995";"€";
"42935.9099553";"Instant engine power (based on fuel consumption)";"10.634850629717274";"hp";
"42935.9099553";"MAF air flow rate";"8.07";"g/sec";
"42935.9099553";"Power from MAF";"9.684";"hp";
"42935.9527953";"Average speed";"24.06944351275394";"km/h";
"42935.9527953";"Calculated instant fuel consumption";"7.1536383707307225";"L/100km";
"42935.9527953";"Distance travelled";"0.24285308311111112";"km";
"42935.9527953";"Distance travelled (Today)";"0.242856";"km";
"42935.9527953";"Distance travelled (total)";"41.67317600000001";"km";
"42935.9527953";"Distance travelled (Week)";"32.607565";"km";
"42935.9527953";"Vehicle acceleration";"0.06378782729277958";"g";
"42935.9527953";"Vehicle speed";"38";"km/h";
"42935.9891811";"Fuel/Air commanded equivalence ratio";"14.640051240000002";"";
"42936.0743342";"Fuel economizer (based on fuel system status and throttle position)";"1";"";
"42936.0743342";"Throttle position";"23.529411764705884";"%";
"42936.1107217";"Average fuel consumption";"7.668462490595504";"L/100km";
"42936.1107217";"Average fuel consumption (Today)";"13.272885990051718";"L/100km";
"42936.1107217";"Average fuel consumption (total)";"6.416988712355399";"L/100km";
"42936.1107217";"Average fuel consumption (Week)";"6.510228531323941";"L/100km";
"42936.1107217";"Average fuel consumption 10 sec";"8.910358203636253";"L/100km";
"42936.1107217";"Calculated instant fuel rate";"2.3983747181969077";"L/h";
"42936.1107217";"Fuel used";"0.018623097585630282";"L";
"42936.1107217";"Fuel used (Today)";"0.032234";"L";
"42936.1107217";"Fuel used (total)";"2.6741629999999996";"L";
"42936.1107217";"Fuel used (Week)";"2.1228269999999996";"L";
"42936.1107217";"Fuel used price";"0.030728111016289965";"€";
"42936.1107217";"Fuel used price (Today)";"0.0531861";"€";
"42936.1107217";"Fuel used price (total)";"4.41236895";"€";
"42936.1107217";"Fuel used price (Week)";"3.5026645499999995";"€";
"42936.1107217";"Instant engine power (based on fuel consumption)";"9.382916540717103";"hp";
"42936.1107217";"MAF air flow rate";"7.12";"g/sec";
"42936.1107217";"Power from MAF";"8.544";"hp";
"42936.1619188";"Average speed";"24.14346639117921";"km/h";
"42936.1619188";"Calculated instant fuel consumption";"6.482093832964615";"L/100km";
"42936.1619188";"Distance travelled";"0.24500250355555556";"km";
"42936.1619188";"Distance travelled (Today)";"0.245005";"km";
"42936.1619188";"Distance travelled (total)";"41.67532500000001";"km";
"42936.1619188";"Distance travelled (Week)";"32.609714";"km";
"42936.1619188";"Vehicle speed";"37";"km/h";
"42936.2031372";"Fuel/Air commanded equivalence ratio";"14.640051240000002";"";
"42936.2900897";"Fuel economizer (based on fuel system status and throttle position)";"1";"";
"42936.2900897";"Throttle position";"23.529411764705884";"%";
"42936.3327177";"Average fuel consumption";"7.662311114787587";"L/100km";
"42936.3327177";"Average fuel consumption (Today)";"13.21768943490949";"L/100km";
"42936.3327177";"Average fuel consumption (total)";"6.417017743712854";"L/100km";
"42936.3327177";"Average fuel consumption (Week)";"6.510259488936333";"L/100km";
"42936.3327177";"Average fuel consumption 10 sec";"8.831361838881797";"L/100km";
"42936.3327177";"Calculated instant fuel rate";"2.428691252556138";"L/h";
"42936.3327177";"Fuel used";"0.018772854061445188";"L";
"42936.3327177";"Fuel used (Today)";"0.032383999999999996";"L";
"42936.3327177";"Fuel used (total)";"2.6743129999999997";"L";
"42936.3327177";"Fuel used (Week)";"2.1229769999999997";"L";
"42936.3327177";"Fuel used price";"0.03097520920138456";"€";
"42936.3327177";"Fuel used price (Today)";"0.0534336";"€";
"42936.3327177";"Fuel used price (total)";"4.412616450000001";"€";
"42936.3327177";"Fuel used price (Week)";"3.5029120499999995";"€";
"42936.3327177";"Instant engine power (based on fuel consumption)";"9.501520822832905";"hp";
"42936.3327177";"MAF air flow rate";"7.21";"g/sec";
"42936.3327177";"Power from MAF";"8.652";"hp";
"42936.3736197";"Average speed";"24.21753704958104";"km/h";
"42936.3736197";"Calculated instant fuel consumption";"6.564030412313886";"L/100km";
"42936.3736197";"Distance travelled";"0.24717822997222222";"km";
"42936.3736197";"Distance travelled (Today)";"0.247181";"km";
"42936.3736197";"Distance travelled (total)";"41.67750100000001";"km";
"42936.3736197";"Distance travelled (Week)";"32.611889999999995";"km";
"42936.3736197";"Vehicle acceleration";"0.032995651586483765";"g";
"42936.3736197";"Vehicle speed";"37";"km/h";
"42936.4236005";"Fuel/Air commanded equivalence ratio";"14.640051240000002";"";
"42936.5215932";"Fuel economizer (based on fuel system status and throttle position)";"1";"";
"42936.5215932";"Throttle position";"24.313725490196077";"%";
"42936.5625458";"Average fuel consumption";"7.663159986098029";"L/100km";
"42936.5625458";"Average fuel consumption (Today)";"13.169701554731148";"L/100km";
"42936.5625458";"Average fuel consumption (total)";"6.417088203057087";"L/100km";
"42936.5625458";"Average fuel consumption (Week)";"6.5103433134356825";"L/100km";
"42936.5625458";"Average fuel consumption 10 sec";"8.755966523316204";"L/100km";
"42936.5625458";"Calculated instant fuel rate";"2.6442754968884445";"L/h";
"42936.5625458";"Fuel used";"0.0189416632135767";"L";
"42936.5625458";"Fuel used (Today)";"0.032553";"L";
"42936.5625458";"Fuel used (total)";"2.674482";"L";
"42936.5625458";"Fuel used (Week)";"2.1231459999999998";"L";
"42936.5625458";"Fuel used price";"0.03125374430240155";"€";
"42936.5625458";"Fuel used price (Today)";"0.053712449999999995";"€";
"42936.5625458";"Fuel used price (total)";"4.412895300000001";"€";
"42936.5625458";"Fuel used price (Week)";"3.5031908999999994";"€";
"42936.5625458";"Instant engine power (based on fuel consumption)";"10.344929051211972";"hp";
"42936.5625458";"MAF air flow rate";"7.8500000000000005";"g/sec";
"42936.5625458";"Power from MAF";"9.42";"hp";
"42936.6072762";"Average speed";"24.298301889109016";"km/h";
"42936.6072762";"Calculated instant fuel consumption";"7.146690532130931";"L/100km";
"42936.6072762";"Distance travelled";"0.2495795083888889";"km";
"42936.6072762";"Distance travelled (Today)";"0.249582";"km";
"42936.6072762";"Distance travelled (total)";"41.679902000000006";"km";
"42936.6072762";"Distance travelled (Week)";"32.614290999999994";"km";
"42936.6072762";"Vehicle acceleration";"-0.03260151006239595";"g";
"42936.6072762";"Vehicle speed";"37";"km/h";
"42936.6504011";"Fuel/Air commanded equivalence ratio";"14.640051240000002";"";
"42936.7407971";"Fuel economizer (based on fuel system status and throttle position)";"1";"";
"42936.7407971";"Throttle position";"23.137254901960784";"%";
"42936.7857398";"Average fuel consumption";"7.644321690332726";"L/100km";
"42936.7857398";"Average fuel consumption (Today)";"13.097899688278801";"L/100km";
"42936.7857398";"Average fuel consumption (total)";"6.4170472377790135";"L/100km";
"42936.7857398";"Average fuel consumption (Week)";"6.510284096011777";"L/100km";
"42936.7857398";"Average fuel consumption 10 sec";"8.683879765598219";"L/100km";
"42936.7857398";"Calculated instant fuel rate";"2.2097385044061397";"L/h";
"42936.7857398";"Fuel used";"0.019078660494397617";"L";
"42936.7857398";"Fuel used (Today)";"0.03269";"L";
"42936.7857398";"Fuel used (total)";"2.674619";"L";
"42936.7857398";"Fuel used (Week)";"2.123283";"L";
"42936.7857398";"Fuel used price";"0.03147978981575607";"€";
"42936.7857398";"Fuel used price (Today)";"0.0539385";"€";
"42936.7857398";"Fuel used price (total)";"4.41312135";"€";
"42936.7857398";"Fuel used price (Week)";"3.5034169499999996";"€";
"42936.7857398";"Instant engine power (based on fuel consumption)";"8.644934340885419";"hp";
"42936.7857398";"MAF air flow rate";"6.5600000000000005";"g/sec";
"42936.7857398";"Power from MAF";"7.872";"hp";
"42936.8265718";"Average speed";"24.373192535747634";"km/h";
"42936.8265718";"Calculated instant fuel consumption";"5.972266228124702";"L/100km";
"42936.8265718";"Distance travelled";"0.2518335853888889";"km";
"42936.8265718";"Distance travelled (Today)";"0.251836";"km";
"42936.8265718";"Distance travelled (total)";"41.682156000000006";"km";
"42936.8265718";"Distance travelled (Week)";"32.616544999999995";"km";
"42936.8265718";"Vehicle acceleration";"-0.03241727187730273";"g";
"42936.8265718";"Vehicle speed";"37";"km/h";
"42936.8707459";"Fuel/Air commanded equivalence ratio";"14.640051240000002";"";
"42936.9703249";"Fuel economizer (based on fuel system status and throttle position)";"1";"";
"42936.9703249";"Throttle position";"22.745098039215687";"%";
"42937.0225724";"Average fuel consumption";"7.62878720786577";"L/100km";
"42937.0225724";"Average fuel consumption (Today)";"13.033482107403229";"L/100km";
"42937.0225724";"Average fuel consumption (total)";"6.417019311573037";"L/100km";
"42937.0225724";"Average fuel consumption (Week)";"6.510241964622556";"L/100km";
"42937.0225724";"Average fuel consumption 10 sec";"8.61515824746779";"L/100km";
"42937.0225724";"Calculated instant fuel rate";"2.0244707944330638";"L/h";
"42937.0225724";"Fuel used";"0.019211848347257275";"L";
"42937.0225724";"Fuel used (Today)";"0.032823";"L";
"42937.0225724";"Fuel used (total)";"2.674752";"L";
"42937.0225724";"Fuel used (Week)";"2.1234159999999997";"L";
"42937.0225724";"Fuel used price";"0.031699549772974504";"€";
"42937.0225724";"Fuel used price (Today)";"0.054157949999999996";"€";
"42937.0225724";"Fuel used price (total)";"4.4133408";"€";
"42937.0225724";"Fuel used price (Week)";"3.5036363999999995";"€";
"42937.0225724";"Instant engine power (based on fuel consumption)";"7.920130394622159";"hp";
"42937.0225724";"MAF air flow rate";"6.01";"g/sec";
"42937.0225724";"Power from MAF";"7.212";"hp";
"42937.0664323";"Average speed";"24.466904613104187";"km/h";
"42937.0664323";"Calculated instant fuel consumption";"5.1909507549565745";"L/100km";
"42937.0664323";"Distance travelled";"0.25443196905555554";"km";
"42937.0664323";"Distance travelled (Today)";"0.254434";"km";
"42937.0664323";"Distance travelled (total)";"41.68475400000001";"km";
"42937.0664323";"Distance travelled (Week)";"32.619143";"km";
"42937.0664323";"Vehicle acceleration";"0.06263134903016486";"g";
"42937.0664323";"Vehicle speed";"39";"km/h";
"42937.1099387";"Fuel/Air commanded equivalence ratio";"14.640051240000002";"";
"42937.2051653";"Fuel economizer (based on fuel system status and throttle position)";"1";"";
"42937.2051653";"Throttle position";"22.745098039215687";"%";
"42937.2546144";"Average fuel consumption";"7.601482069984448";"L/100km";
"42937.2546144";"Average fuel consumption (Today)";"12.951099302766142";"L/100km";
"42937.2546144";"Average fuel consumption (total)";"6.416928836859632";"L/100km";
"42937.2546144";"Average fuel consumption (Week)";"6.510118920046426";"L/100km";
"42937.2546144";"Average fuel consumption 10 sec";"8.549473762166127";"L/100km";
"42937.2546144";"Calculated instant fuel rate";"1.9975227638915252";"L/h";
"42937.2546144";"Fuel used";"0.019340600508066436";"L";
"42937.2546144";"Fuel used (Today)";"0.032952";"L";
"42937.2546144";"Fuel used (total)";"2.6748809999999996";"L";
"42937.2546144";"Fuel used (Week)";"2.1235449999999996";"L";
"42937.2546144";"Fuel used price";"0.03191199083830962";"€";
"42937.2546144";"Fuel used price (Today)";"0.0543708";"€";
"42937.2546144";"Fuel used price (total)";"4.41355365";"€";
"42937.2546144";"Fuel used price (Week)";"3.5038492499999996";"€";
"42937.2546144";"Instant engine power (based on fuel consumption)";"7.814704366074776";"hp";
"42937.2546144";"MAF air flow rate";"5.93";"g/sec";
"42937.2546144";"Power from MAF";"7.116";"hp";
"42937.2977717";"Average speed";"24.5561589381385";"km/h";
"42937.2977717";"Calculated instant fuel consumption";"5.121853240747501";"L/100km";
"42937.2977717";"Distance travelled";"0.25693810038888887";"km";
"42937.2977717";"Distance travelled (Today)";"0.25694";"km";
"42937.2977717";"Distance travelled (total)";"41.68726000000001";"km";
"42937.2977717";"Distance travelled (Week)";"32.621649";"km";
"42937.2977717";"Vehicle acceleration";"0.06130041456491576";"g";
"42937.2977717";"Vehicle speed";"39";"km/h";
"42937.3403438";"Fuel/Air commanded equivalence ratio";"14.640051240000002";"";
"42937.4385431";"Fuel economizer (based on fuel system status and throttle position)";"1";"";
"42937.4385431";"Throttle position";"22.352941176470587";"%";
"42937.4780336";"Average fuel consumption";"7.573958831036269";"L/100km";
"42937.4780336";"Average fuel consumption (Today)";"12.871487506810928";"L/100km";
"42937.4780336";"Average fuel consumption (total)";"6.4168309454735075";"L/100km";
"42937.4780336";"Average fuel consumption (Week)";"6.509986665603567";"L/100km";
"42937.4780336";"Average fuel consumption 10 sec";"8.486461878367248";"L/100km";
"42937.4780336";"Calculated instant fuel rate";"1.9301526875376802";"L/h";
"42937.4780336";"Fuel used";"0.01946038594470108";"L";
"42937.4780336";"Fuel used (Today)";"0.033072";"L";
"42937.4780336";"Fuel used (total)";"2.6750009999999995";"L";
"42937.4780336";"Fuel used (Week)";"2.1236649999999995";"L";
"42937.4780336";"Fuel used price";"0.03210963680875678";"€";
"42937.4780336";"Fuel used price (Today)";"0.0545688";"€";
"42937.4780336";"Fuel used price (total)";"4.41375165";"€";
"42937.4780336";"Fuel used price (Week)";"3.5040472499999997";"€";
"42937.4780336";"Instant engine power (based on fuel consumption)";"7.551139294706319";"hp";
"42937.4780336";"MAF air flow rate";"5.73";"g/sec";
"42937.4780336";"Power from MAF";"6.876";"hp";
"42937.5212511";"Average speed";"24.635450201428906";"km/h";
"42937.5212511";"Calculated instant fuel consumption";"5.079349177730737";"L/100km";
"42937.5212511";"Distance travelled";"0.2592970717777778";"km";
"42937.5212511";"Distance travelled (Today)";"0.259299";"km";
"42937.5212511";"Distance travelled (total)";"41.68961900000001";"km";
"42937.5212511";"Distance travelled (Week)";"32.624007999999996";"km";
"42937.5212511";"Vehicle speed";"38";"km/h";
"42937.5744739";"Fuel/Air commanded equivalence ratio";"14.640051240000002";"";
"42937.6626136";"Fuel economizer (based on fuel system status and throttle position)";"1";"";
"42937.6626136";"Throttle position";"22.352941176470587";"%";
"42937.7147809";"Average fuel consumption";"7.5525533252600585";"L/100km";
"42937.7147809";"Average fuel consumption (Today)";"12.801823377645112";"L/100km";
"42937.7147809";"Average fuel consumption (total)";"6.416762887662752";"L/100km";
"42937.7147809";"Average fuel consumption (Week)";"6.509892959810457";"L/100km";
"42937.7147809";"Average fuel consumption 10 sec";"8.426170403247623";"L/100km";
"42937.7147809";"Calculated instant fuel rate";"1.8728881226369112";"L/h";
"42937.7147809";"Fuel used";"0.019583549616854518";"L";
"42937.7147809";"Fuel used (Today)";"0.033195";"L";
"42937.7147809";"Fuel used (total)";"2.675124";"L";
"42937.7147809";"Fuel used (Week)";"2.123788";"L";
"42937.7147809";"Fuel used price";"0.03231285686780995";"€";
"42937.7147809";"Fuel used price (Today)";"0.054771749999999994";"€";
"42937.7147809";"Fuel used price (total)";"4.4139546";"€";
"42937.7147809";"Fuel used price (Week)";"3.5042501999999995";"€";
"42937.7147809";"Instant engine power (based on fuel consumption)";"7.327108984043131";"hp";
"42937.7147809";"MAF air flow rate";"5.5600000000000005";"g/sec";
"42937.7147809";"Power from MAF";"6.672000000000001";"hp";
"42937.7549415";"Average speed";"24.717369894056212";"km/h";
"42937.7549415";"Calculated instant fuel consumption";"4.928652954307661";"L/100km";
"42937.7549415";"Distance travelled";"0.26176382066666665";"km";
"42937.7549415";"Distance travelled (Today)";"0.261766";"km";
"42937.7549415";"Distance travelled (total)";"41.69208600000001";"km";
"42937.7549415";"Distance travelled (Week)";"32.626475";"km";
"42937.7549415";"Vehicle acceleration";"0.030510959546070936";"g";
"42937.7549415";"Vehicle speed";"38";"km/h";
"42937.7989856";"Fuel/Air commanded equivalence ratio";"14.640051240000002";"";
"42937.8858373";"Fuel economizer (based on fuel system status and throttle position)";"1";"";
"42937.8858373";"Throttle position";"23.137254901960784";"%";
"42937.9332867";"Average fuel consumption";"7.532266120932321";"L/100km";
"42937.9332867";"Average fuel consumption (Today)";"12.731981999190115";"L/100km";
"42937.9332867";"Average fuel consumption (total)";"6.416702200988454";"L/100km";
"42937.9332867";"Average fuel consumption (Week)";"6.509808368817041";"L/100km";
"42937.9332867";"Average fuel consumption 10 sec";"8.369045151885485";"L/100km";
"42937.9332867";"Calculated instant fuel rate";"2.1928959853176777";"L/h";
"42937.9332867";"Fuel used";"0.01971674758093337";"L";
"42937.9332867";"Fuel used (Today)";"0.033327999999999997";"L";
"42937.9332867";"Fuel used (total)";"2.6752569999999998";"L";
"42937.9332867";"Fuel used (Week)";"2.1239209999999997";"L";
"42937.9332867";"Fuel used price";"0.03253263350854006";"€";
"42937.9332867";"Fuel used price (Today)";"0.05499119999999999";"€";
"42937.9332867";"Fuel used price (total)";"4.414174050000001";"€";
"42937.9332867";"Fuel used price (Week)";"3.5044696499999994";"€";
"42937.9332867";"Instant engine power (based on fuel consumption)";"8.579043073043305";"hp";
"42937.9332867";"MAF air flow rate";"6.51";"g/sec";
"42937.9332867";"Power from MAF";"7.811999999999999";"hp";
"42937.9747069";"Average speed";"24.793504808379414";"km/h";
"42937.9747069";"Calculated instant fuel consumption";"5.7707789087307315";"L/100km";
"42937.9747069";"Distance travelled";"0.2640838167222222";"km";
"42937.9747069";"Distance travelled (Today)";"0.264086";"km";
"42937.9747069";"Distance travelled (total)";"41.69440600000001";"km";
"42937.9747069";"Distance travelled (Week)";"32.628795";"km";
"42937.9747069";"Vehicle acceleration";"-0.031185998552087667";"g";
"42937.9747069";"Vehicle speed";"38";"km/h";
"42938.0252476";"Fuel/Air commanded equivalence ratio";"14.640051240000002";"";
"42938.1146163";"Fuel economizer (based on fuel system status and throttle position)";"1";"";
"42938.1146163";"Throttle position";"23.137254901960784";"%";
"42938.1581162";"Average fuel consumption";"7.519188678415483";"L/100km";
"42938.1581162";"Average fuel consumption (Today)";"12.673144354490583";"L/100km";
"42938.1581162";"Average fuel consumption (total)";"6.416680933168827";"L/100km";
"42938.1581162";"Average fuel consumption (Week)";"6.509774571816091";"L/100km";
"42938.1581162";"Average fuel consumption 10 sec";"8.314259030479313";"L/100km";
"42938.1581162";"Calculated instant fuel rate";"2.2467920464007545";"L/h";
"42938.1581162";"Fuel used";"0.019856960448504823";"L";
"42938.1581162";"Fuel used (Today)";"0.033468";"L";
"42938.1581162";"Fuel used (total)";"2.675397";"L";
"42938.1581162";"Fuel used (Week)";"2.1240609999999998";"L";
"42938.1581162";"Fuel used price";"0.032763984740032955";"€";
"42938.1581162";"Fuel used price (Today)";"0.0552222";"€";
"42938.1581162";"Fuel used price (total)";"4.41440505";"€";
"42938.1581162";"Fuel used price (Week)";"3.5047006499999993";"€";
"42938.1581162";"Instant engine power (based on fuel consumption)";"8.78989513013807";"hp";
"42938.1581162";"MAF air flow rate";"6.67";"g/sec";
"42938.1581162";"Power from MAF";"8.004";"hp";
"42938.202884";"Average speed";"24.871613060862696";"km/h";
"42938.202884";"Calculated instant fuel consumption";"5.912610648423039";"L/100km";
"42938.202884";"Distance travelled";"0.26649190838888887";"km";
"42938.202884";"Distance travelled (Today)";"0.266494";"km";
"42938.202884";"Distance travelled (total)";"41.69681400000001";"km";
"42938.202884";"Distance travelled (Week)";"32.631203";"km";
"42938.202884";"Vehicle acceleration";"-0.031294956836293145";"g";
"42938.202884";"Vehicle speed";"38";"km/h";
"42938.2450438";"Fuel/Air commanded equivalence ratio";"14.640051240000002";"";
"42938.3267948";"Fuel economizer (based on fuel system status and throttle position)";"1";"";
"42938.3267948";"Throttle position";"23.529411764705884";"%";
"42938.3647789";"Average fuel consumption";"7.499423645298207";"L/100km";
"42938.3647789";"Average fuel consumption (Today)";"12.606662814172175";"L/100km";
"42938.3647789";"Average fuel consumption (total)";"6.416617346351687";"L/100km";
"42938.3647789";"Average fuel consumption (Week)";"6.509686449500497";"L/100km";
"42938.3647789";"Average fuel consumption 10 sec";"8.261832473866617";"L/100km";
"42938.3647789";"Calculated instant fuel rate";"2.236686534947678";"L/h";
"42938.3647789";"Fuel used";"0.01998535719052277";"L";
"42938.3647789";"Fuel used (Today)";"0.033596";"L";
"42938.3647789";"Fuel used (total)";"2.6755249999999995";"L";
"42938.3647789";"Fuel used (Week)";"2.1241889999999994";"L";
"42938.3647789";"Fuel used price";"0.03297583936436257";"€";
"42938.3647789";"Fuel used price (Today)";"0.055433399999999994";"€";
"42938.3647789";"Fuel used price (total)";"4.41461625";"€";
"42938.3647789";"Fuel used price (Week)";"3.5049118499999996";"€";
"42938.3647789";"Instant engine power (based on fuel consumption)";"8.750360369432803";"hp";
"42938.3647789";"MAF air flow rate";"6.640000000000001";"g/sec";
"42938.3647789";"Power from MAF";"7.968";"hp";
"42938.4129416";"Average speed";"24.94272384975808";"km/h";
"42938.4129416";"Calculated instant fuel consumption";"5.886017197230732";"L/100km";
"42938.4129416";"Distance travelled";"0.2687093213333333";"km";
"42938.4129416";"Distance travelled (Today)";"0.268711";"km";
"42938.4129416";"Distance travelled (total)";"41.69903100000001";"km";
"42938.4129416";"Distance travelled (Week)";"32.63342";"km";
"42938.4129416";"Vehicle acceleration";"0";"g";
"42938.4129416";"Vehicle speed";"38";"km/h";
"42938.4553227";"Fuel/Air commanded equivalence ratio";"14.640051240000002";"";
"42938.5341359";"Fuel economizer (based on fuel system status and throttle position)";"1";"";
"42938.5341359";"Throttle position";"23.529411764705884";"%";
"42938.5775814";"Average fuel consumption";"7.489862264475786";"L/100km";
"42938.5775814";"Average fuel consumption (Today)";"12.55512427849995";"L/100km";
"42938.5775814";"Average fuel consumption (total)";"6.41661433331628";"L/100km";
"42938.5775814";"Average fuel consumption (Week)";"6.509676276651358";"L/100km";
"42938.5775814";"Average fuel consumption 10 sec";"8.211911906399786";"L/100km";
"42938.5775814";"Calculated instant fuel rate";"2.378163695290754";"L/h";
"42938.5775814";"Fuel used";"0.020125958059674313";"L";
"42938.5775814";"Fuel used (Today)";"0.033736999999999996";"L";
"42938.5775814";"Fuel used (total)";"2.6756659999999997";"L";
"42938.5775814";"Fuel used (Week)";"2.1243299999999996";"L";
"42938.5775814";"Fuel used price";"0.033207830798462616";"€";
"42938.5775814";"Fuel used price (Today)";"0.055666049999999995";"€";
"42938.5775814";"Fuel used price (total)";"4.4148489";"€";
"42938.5775814";"Fuel used price (Week)";"3.5051444999999997";"€";
"42938.5775814";"Instant engine power (based on fuel consumption)";"9.303847019306565";"hp";
"42938.5775814";"MAF air flow rate";"7.0600000000000005";"g/sec";
"42938.5775814";"Power from MAF";"8.472";"hp";
"42938.6176922";"Average speed";"25.01130145916044";"km/h";
"42938.6176922";"Calculated instant fuel consumption";"6.258325513923038";"L/100km";
"42938.6176922";"Distance travelled";"0.27087074127777777";"km";
"42938.6176922";"Distance travelled (Today)";"0.270872";"km";
"42938.6176922";"Distance travelled (total)";"41.701192000000006";"km";
"42938.6176922";"Distance travelled (Week)";"32.635580999999995";"km";
"42938.6176922";"Vehicle acceleration";"0";"g";
"42938.6176922";"Vehicle speed";"38";"km/h";
"42938.6630765";"Fuel/Air commanded equivalence ratio";"14.640051240000002";"";
"42938.7544099";"Fuel economizer (based on fuel system status and throttle position)";"1";"";
"42938.7544099";"Throttle position";"25.098039215686274";"%";
"42938.7979999";"Average fuel consumption";"7.500217321015756";"L/100km";
"42938.7979999";"Average fuel consumption (Today)";"12.525104108213474";"L/100km";
"42938.7979999";"Average fuel consumption (total)";"6.416737440023295";"L/100km";
"42938.7979999";"Average fuel consumption (Week)";"6.509827418117666";"L/100km";
"42938.7979999";"Average fuel consumption 10 sec";"8.164835938611104";"L/100km";
"42938.7979999";"Calculated instant fuel rate";"3.1023920160945955";"L/h";
"42938.7979999";"Fuel used";"0.020315894254879664";"L";
"42938.7979999";"Fuel used (Today)";"0.033927";"L";
"42938.7979999";"Fuel used (total)";"2.6758559999999996";"L";
"42938.7979999";"Fuel used (Week)";"2.1245199999999995";"L";
"42938.7979999";"Fuel used price";"0.033521225520551444";"€";
"42938.7979999";"Fuel used price (Today)";"0.05597955";"€";
"42938.7979999";"Fuel used price (total)";"4.4151624";"€";
"42938.7979999";"Fuel used price (Week)";"3.5054579999999995";"€";
"42938.7979999";"Instant engine power (based on fuel consumption)";"12.137171536517489";"hp";
"42938.7979999";"MAF air flow rate";"9.21";"g/sec";
"42938.7979999";"Power from MAF";"11.052000000000001";"hp";
"42938.8396676";"Average speed";"25.0848264723855";"km/h";
"42938.8396676";"Calculated instant fuel consumption";"8.16418951603841";"L/100km";
"42938.8396676";"Distance travelled";"0.2732135901111111";"km";
"42938.8396676";"Distance travelled (Today)";"0.273215";"km";
"42938.8396676";"Distance travelled (total)";"41.70353500000001";"km";
"42938.8396676";"Distance travelled (Week)";"32.637924";"km";
"42938.8396676";"Vehicle acceleration";"0";"g";
"42938.8396676";"Vehicle speed";"38";"km/h";
"42938.8773817";"Fuel/Air commanded equivalence ratio";"14.640051240000002";"";
"42938.9620399";"Fuel economizer (based on fuel system status and throttle position)";"1";"";
"42938.9620399";"Throttle position";"24.313725490196077";"%";
"42939.0108261";"Average fuel consumption";"7.4948679218300285";"L/100km";
"42939.0108261";"Average fuel consumption (Today)";"12.47662097615431";"L/100km";
"42939.0108261";"Average fuel consumption (total)";"6.416762991434657";"L/100km";
"42939.0108261";"Average fuel consumption (Week)";"6.5098533840571475";"L/100km";
"42939.0108261";"Average fuel consumption 10 sec";"8.120592595894585";"L/100km";
"42939.0108261";"Calculated instant fuel rate";"2.725119588513059";"L/h";
"42939.0108261";"Fuel used";"0.020476997723317847";"L";
"42939.0108261";"Fuel used (Today)";"0.034088";"L";
"42939.0108261";"Fuel used (total)";"2.676017";"L";
"42939.0108261";"Fuel used (Week)";"2.124681";"L";
"42939.0108261";"Fuel used price";"0.03378704624347444";"€";
"42939.0108261";"Fuel used price (Today)";"0.056245199999999995";"€";
"42939.0108261";"Fuel used price (total)";"4.41542805";"€";
"42939.0108261";"Fuel used price (Week)";"3.5057236499999993";"€";
"42939.0108261";"Instant engine power (based on fuel consumption)";"10.66120713685412";"hp";
"42939.0108261";"MAF air flow rate";"8.09";"g/sec";
"42939.0108261";"Power from MAF";"9.708";"hp";
"42939.0813612";"Average speed";"25.163950959202875";"km/h";
"42939.0813612";"Calculated instant fuel consumption";"7.171367338192261";"L/100km";
"42939.0813612";"Distance travelled";"0.2757648478333333";"km";
"42939.0813612";"Distance travelled (Today)";"0.275766";"km";
"42939.0813612";"Distance travelled (total)";"41.706086000000006";"km";
"42939.0813612";"Distance travelled (Week)";"32.640474999999995";"km";
"42939.0813612";"Vehicle acceleration";"0";"g";
"42939.0813612";"Vehicle speed";"38";"km/h";
"42939.1177696";"Fuel/Air commanded equivalence ratio";"14.640051240000002";"";
"42939.1988008";"Fuel economizer (based on fuel system status and throttle position)";"1";"";
"42939.1988008";"Throttle position";"22.352941176470587";"%";
"42939.2406815";"Average fuel consumption";"7.466937849972147";"L/100km";
"42939.2406815";"Average fuel consumption (Today)";"12.402544186012776";"L/100km";
"42939.2406815";"Average fuel consumption (total)";"6.416643844258124";"L/100km";
"42939.2406815";"Average fuel consumption (Week)";"6.509693869344733";"L/100km";
"42939.2406815";"Average fuel consumption 10 sec";"8.078422642218849";"L/100km";
"42939.2406815";"Calculated instant fuel rate";"1.788675527194604";"L/h";
"42939.2406815";"Fuel used";"0.02059118979978526";"L";
"42939.2406815";"Fuel used (Today)";"0.034201999999999996";"L";
"42939.2406815";"Fuel used (total)";"2.676131";"L";
"42939.2406815";"Fuel used (Week)";"2.1247949999999998";"L";
"42939.2406815";"Fuel used price";"0.03397546316964568";"€";
"42939.2406815";"Fuel used price (Today)";"0.05643329999999999";"€";
"42939.2406815";"Fuel used price (total)";"4.41561615";"€";
"42939.2406815";"Fuel used price (Week)";"3.5059117499999997";"€";
"42939.2406815";"Instant engine power (based on fuel consumption)";"6.9976526448325576";"hp";
"42939.2406815";"MAF air flow rate";"5.3100000000000005";"g/sec";
"42939.2406815";"Power from MAF";"6.372000000000001";"hp";
"42939.2830271";"Average speed";"25.229226661820903";"km/h";
"42939.2830271";"Calculated instant fuel consumption";"4.707040861038432";"L/100km";
"42939.2830271";"Distance travelled";"0.27789336927777775";"km";
"42939.2830271";"Distance travelled (Today)";"0.277895";"km";
"42939.2830271";"Distance travelled (total)";"41.70821500000001";"km";
"42939.2830271";"Distance travelled (Week)";"32.642604";"km";
"42939.2830271";"Vehicle acceleration";"0";"g";
"42939.2830271";"Vehicle speed";"38";"km/h";
"42939.3246841";"Fuel/Air commanded equivalence ratio";"14.640051240000002";"";
"42939.4133901";"Fuel economizer (based on fuel system status and throttle position)";"1";"";
"42939.4133901";"Throttle position";"22.352941176470587";"%";
"42939.4617937";"Average fuel consumption";"7.4509927560470315";"L/100km";
"42939.4617937";"Average fuel consumption (Today)";"12.348908760503068";"L/100km";
"42939.4617937";"Average fuel consumption (total)";"6.416592031090275";"L/100km";
"42939.4617937";"Average fuel consumption (Week)";"6.50962159759068";"L/100km";
"42939.4617937";"Average fuel consumption 10 sec";"8.03737378236926";"L/100km";
"42939.4617937";"Calculated instant fuel rate";"1.866151115001526";"L/h";
"42939.4617937";"Fuel used";"0.020705814814422248";"L";
"42939.4617937";"Fuel used (Today)";"0.034317";"L";
"42939.4617937";"Fuel used (total)";"2.6762459999999995";"L";
"42939.4617937";"Fuel used (Week)";"2.1249099999999994";"L";
"42939.4617937";"Fuel used price";"0.03416459444379671";"€";
"42939.4617937";"Fuel used price (Today)";"0.056623049999999994";"€";
"42939.4617937";"Fuel used price (total)";"4.4158059000000005";"€";
"42939.4617937";"Fuel used price (Week)";"3.5061014999999993";"€";
"42939.4617937";"Instant engine power (based on fuel consumption)";"7.3007524769062835";"hp";
"42939.4617937";"MAF air flow rate";"5.54";"g/sec";
"42939.4617937";"Power from MAF";"6.648";"hp";
"42939.5017971";"Average speed";"25.299295566763444";"km/h";
"42939.5017971";"Calculated instant fuel consumption";"4.910923986846122";"L/100km";
"42939.5017971";"Distance travelled";"0.28020253638888887";"km";
"42939.5017971";"Distance travelled (Today)";"0.280204";"km";
"42939.5017971";"Distance travelled (total)";"41.71052400000001";"km";
"42939.5017971";"Distance travelled (Week)";"32.644912999999995";"km";
"42939.5017971";"Vehicle acceleration";"0";"g";
"42939.5017971";"Vehicle speed";"38";"km/h";
"42939.5450223";"Fuel/Air commanded equivalence ratio";"14.640051240000002";"";
"42939.6297356";"Fuel economizer (based on fuel system status and throttle position)";"1";"";
"42939.6297356";"Throttle position";"21.96078431372549";"%";
"42939.6821127";"Average fuel consumption";"7.429314018342901";"L/100km";
"42939.6821127";"Average fuel consumption (Today)";"12.286762501605972";"L/100km";
"42939.6821127";"Average fuel consumption (total)";"6.416502942998269";"L/100km";
"42939.6821127";"Average fuel consumption (Week)";"6.509501189358355";"L/100km";
"42939.6821127";"Average fuel consumption 10 sec";"7.997727322300527";"L/100km";
"42939.6821127";"Calculated instant fuel rate";"1.8189920615538344";"L/h";
"42939.6821127";"Fuel used";"0.02081712631569209";"L";
"42939.6821127";"Fuel used (Today)";"0.034428";"L";
"42939.6821127";"Fuel used (total)";"2.676357";"L";
"42939.6821127";"Fuel used (Week)";"2.125021";"L";
"42939.6821127";"Fuel used price";"0.034348258420891946";"€";
"42939.6821127";"Fuel used price (Today)";"0.05680619999999999";"€";
"42939.6821127";"Fuel used price (total)";"4.41598905";"€";
"42939.6821127";"Fuel used price (Week)";"3.5062846499999996";"€";
"42939.6821127";"Instant engine power (based on fuel consumption)";"7.116256926948362";"hp";
"42939.6821127";"MAF air flow rate";"5.4";"g/sec";
"42939.6821127";"Power from MAF";"6.48";"hp";
"42939.7225059";"Average speed";"25.369212405366888";"km/h";
"42939.7225059";"Calculated instant fuel consumption";"4.786821214615354";"L/100km";
"42939.7225059";"Distance travelled";"0.2825322287777778";"km";
"42939.7225059";"Distance travelled (Today)";"0.282534";"km";
"42939.7225059";"Distance travelled (total)";"41.71285400000001";"km";
"42939.7225059";"Distance travelled (Week)";"32.647242999999996";"km";
"42939.7225059";"Vehicle acceleration";"0";"g";
"42939.7225059";"Vehicle speed";"38";"km/h";
"42939.7748791";"Fuel/Air commanded equivalence ratio";"14.640051240000002";"";
"42939.8508164";"Fuel economizer (based on fuel system status and throttle position)";"1";"";
"42939.8508164";"Throttle position";"21.96078431372549";"%";
"42939.8829774";"Average fuel consumption";"7.400851578056635";"L/100km";
"42939.8829774";"Average fuel consumption (Today)";"12.218352481471255";"L/100km";
"42939.8829774";"Average fuel consumption (total)";"6.416367482311326";"L/100km";
"42939.8829774";"Average fuel consumption (Week)";"6.509321476242266";"L/100km";
"42939.8829774";"Average fuel consumption 10 sec";"7.959473691602997";"L/100km";
"42939.8829774";"Calculated instant fuel rate";"1.660672382122297";"L/h";
"42939.8829774";"Fuel used";"0.020909790912018746";"L";
"42939.8829774";"Fuel used (Today)";"0.034520999999999996";"L";
"42939.8829774";"Fuel used (total)";"2.6764499999999996";"L";
"42939.8829774";"Fuel used (Week)";"2.1251139999999995";"L";
"42939.8829774";"Fuel used price";"0.03450115500483093";"€";
"42939.8829774";"Fuel used price (Today)";"0.05695964999999999";"€";
"42939.8829774";"Fuel used price (total)";"4.4161425";"€";
"42939.8829774";"Fuel used price (Week)";"3.5064380999999996";"€";
"42939.8829774";"Instant engine power (based on fuel consumption)";"6.4968790092324875";"hp";
"42939.8829774";"MAF air flow rate";"4.93";"g/sec";
"42939.8829774";"Power from MAF";"5.9159999999999995";"hp";
"42939.9250545";"Average speed";"25.427673838911215";"km/h";
"42939.9250545";"Calculated instant fuel consumption";"4.488303735465667";"L/100km";
"42939.9250545";"Distance travelled";"0.28461389708333334";"km";
"42939.9250545";"Distance travelled (Today)";"0.284616";"km";
"42939.9250545";"Distance travelled (total)";"41.71493600000001";"km";
"42939.9250545";"Distance travelled (Week)";"32.649325";"km";
"42939.9250545";"Vehicle acceleration";"-0.033573160247329224";"g";
"42939.9250545";"Vehicle speed";"37";"km/h";
"42939.9663067";"Fuel/Air commanded equivalence ratio";"14.640051240000002";"";
"42940.0540892";"Fuel economizer (based on fuel system status and throttle position)";"1";"";
"42940.0540892";"Throttle position";"21.568627450980394";"%";
"42940.0948186";"Average fuel consumption";"7.380426811919108";"L/100km";
"42940.0948186";"Average fuel consumption (Today)";"12.16270343199258";"L/100km";
"42940.0948186";"Average fuel consumption (total)";"6.416277373648612";"L/100km";
"42940.0948186";"Average fuel consumption (Week)";"6.509200419916797";"L/100km";
"42940.0948186";"Average fuel consumption 10 sec";"7.922988549856259";"L/100km";
"42940.0948186";"Calculated instant fuel rate";"1.6303558477630662";"L/h";
"42940.0948186";"Fuel used";"0.02100572037078619";"L";
"42940.0948186";"Fuel used (Today)";"0.034617";"L";
"42940.0948186";"Fuel used (total)";"2.6765459999999996";"L";
"42940.0948186";"Fuel used (Week)";"2.1252099999999996";"L";
"42940.0948186";"Fuel used price";"0.03465943861179721";"€";
"42940.0948186";"Fuel used price (Today)";"0.057118050000000004";"€";
"42940.0948186";"Fuel used price (total)";"4.4163009";"€";
"42940.0948186";"Fuel used price (Week)";"3.5065964999999997";"€";
"42940.0948186";"Instant engine power (based on fuel consumption)";"6.378274727116681";"hp";
"42940.0948186";"MAF air flow rate";"4.84";"g/sec";
"42940.0948186";"Power from MAF";"5.808";"hp";
"42940.1381687";"Average speed";"25.48855096436888";"km/h";
"42940.1381687";"Calculated instant fuel consumption";"4.406367156116395";"L/100km";
"42940.1381687";"Distance travelled";"0.2868040545277778";"km";
"42940.1381687";"Distance travelled (Today)";"0.286806";"km";
"42940.1381687";"Distance travelled (total)";"41.71712600000001";"km";
"42940.1381687";"Distance travelled (Week)";"32.651514999999996";"km";
"42940.1381687";"Vehicle acceleration";"-0.03312369595923998";"g";
"42940.1381687";"Vehicle speed";"37";"km/h";
"42940.1783774";"Fuel/Air commanded equivalence ratio";"14.640051240000002";"";
"42940.262311";"Fuel economizer (based on fuel system status and throttle position)";"1";"";
"42940.262311";"Throttle position";"22.745098039215687";"%";
"42940.3005774";"Average fuel consumption";"7.363873428645176";"L/100km";
"42940.3005774";"Average fuel consumption (Today)";"12.109579297504235";"L/100km";
"42940.3005774";"Average fuel consumption (total)";"6.416213811085641";"L/100km";
"42940.3005774";"Average fuel consumption (Week)";"6.509112976840431";"L/100km";
"42940.3005774";"Average fuel consumption 10 sec";"7.888857448359568";"L/100km";
"42940.3005774";"Calculated instant fuel rate";"1.9975227638915252";"L/h";
"42940.3005774";"Fuel used";"0.021119887563648052";"L";
"42940.3005774";"Fuel used (Today)";"0.034731";"L";
"42940.3005774";"Fuel used (total)";"2.6766599999999996";"L";
"42940.3005774";"Fuel used (Week)";"2.1253239999999995";"L";
"42940.3005774";"Fuel used price";"0.034847814480019286";"€";
"42940.3005774";"Fuel used price (Today)";"0.05730615";"€";
"42940.3005774";"Fuel used price (total)";"4.416489";"€";
"42940.3005774";"Fuel used price (Week)";"3.5067845999999996";"€";
"42940.3005774";"Instant engine power (based on fuel consumption)";"7.814704366074776";"hp";
"42940.3005774";"MAF air flow rate";"5.93";"g/sec";
"42940.3005774";"Power from MAF";"7.116";"hp";
"42940.3540832";"Average speed";"25.54959185695087";"km/h";
"42940.3540832";"Calculated instant fuel consumption";"5.398710172679798";"L/100km";
"42940.3540832";"Distance travelled";"0.2890234861666667";"km";
"42940.3540832";"Distance travelled (Today)";"0.289025";"km";
"42940.3540832";"Distance travelled (total)";"41.71934500000001";"km";
"42940.3540832";"Distance travelled (Week)";"32.653734";"km";
"42940.3540832";"Vehicle acceleration";"-0.033234673615465525";"g";
"42940.3540832";"Vehicle speed";"37";"km/h";
"42940.4016151";"Fuel/Air commanded equivalence ratio";"14.640051240000002";"";
"42940.4912719";"Fuel economizer (based on fuel system status and throttle position)";"1";"";
"42940.4912719";"Throttle position";"22.352941176470587";"%";
"42940.5330486";"Average fuel consumption";"7.34984909094827";"L/100km";
"42940.5330486";"Average fuel consumption (Today)";"12.059164432142547";"L/100km";
"42940.5330486";"Average fuel consumption (total)";"6.416167367920083";"L/100km";
"42940.5330486";"Average fuel consumption (Week)";"6.50904732671614";"L/100km";
"42940.5330486";"Average fuel consumption 10 sec";"7.856848231656941";"L/100km";
"42940.5330486";"Calculated instant fuel rate";"1.9032046569961418";"L/h";
"42940.5330486";"Fuel used";"0.02124279007064775";"L";
"42940.5330486";"Fuel used (Today)";"0.034853999999999996";"L";
"42940.5330486";"Fuel used (total)";"2.6767829999999995";"L";
"42940.5330486";"Fuel used (Week)";"2.1254469999999994";"L";
"42940.5330486";"Fuel used price";"0.03505060361656878";"€";
"42940.5330486";"Fuel used price (Today)";"0.057509099999999994";"€";
"42940.5330486";"Fuel used price (total)";"4.416691950000001";"€";
"42940.5330486";"Fuel used price (Week)";"3.5069875499999994";"€";
"42940.5330486";"Instant engine power (based on fuel consumption)";"7.445713266158936";"hp";
"42940.5330486";"MAF air flow rate";"5.65";"g/sec";
"42940.5330486";"Power from MAF";"6.78";"hp";
"42940.5825268";"Average speed";"25.613461588017017";"km/h";
"42940.5825268";"Calculated instant fuel consumption";"5.143796370259842";"L/100km";
"42940.5825268";"Distance travelled";"0.29137124922222224";"km";
"42940.5825268";"Distance travelled (Today)";"0.291373";"km";
"42940.5825268";"Distance travelled (total)";"41.72169300000001";"km";
"42940.5825268";"Distance travelled (Week)";"32.656082";"km";
"42940.5825268";"Vehicle acceleration";"-0.03293576977082535";"g";
"42940.5825268";"Vehicle speed";"37";"km/h";
"42940.6309479";"Fuel/Air commanded equivalence ratio";"14.640051240000002";"";
"42940.7167626";"Fuel economizer (based on fuel system status and throttle position)";"1";"";
"42940.7167626";"Throttle position";"22.745098039215687";"%";
"42940.7586389";"Average fuel consumption";"7.332787575063233";"L/100km";
"42940.7586389";"Average fuel consumption (Today)";"12.0042008010351";"L/100km";
"42940.7586389";"Average fuel consumption (total)";"6.416101091583218";"L/100km";
"42940.7586389";"Average fuel consumption (Week)";"6.50895597334671";"L/100km";
"42940.7586389";"Average fuel consumption 10 sec";"7.826720544557892";"L/100km";
"42940.7586389";"Calculated instant fuel rate";"1.9604692218969104";"L/h";
"42940.7586389";"Fuel used";"0.02136563476027364";"L";
"42940.7586389";"Fuel used (Today)";"0.034977";"L";
"42940.7586389";"Fuel used (total)";"2.676906";"L";
"42940.7586389";"Fuel used (Week)";"2.1255699999999997";"L";
"42940.7586389";"Fuel used price";"0.035253297354451506";"€";
"42940.7586389";"Fuel used price (Today)";"0.05771205";"€";
"42940.7586389";"Fuel used price (total)";"4.4168949";"€";
"42940.7586389";"Fuel used price (Week)";"3.5071904999999997";"€";
"42940.7586389";"Instant engine power (based on fuel consumption)";"7.669743576822126";"hp";
"42940.7586389";"MAF air flow rate";"5.82";"g/sec";
"42940.7586389";"Power from MAF";"6.984";"hp";
"42940.7974386";"Average speed";"25.683417293852816";"km/h";
"42940.7974386";"Calculated instant fuel consumption";"5.026844158710027";"L/100km";
"42940.7974386";"Distance travelled";"0.29370187947222226";"km";
"42940.7974386";"Distance travelled (Today)";"0.293704";"km";
"42940.7974386";"Distance travelled (total)";"41.72402400000001";"km";
"42940.7974386";"Distance travelled (Week)";"32.658412999999996";"km";
"42940.7974386";"Vehicle acceleration";"0.06493802525859427";"g";
"42940.7974386";"Vehicle speed";"39";"km/h";
"42940.8333103";"Fuel/Air commanded equivalence ratio";"14.640051240000002";"";
"42940.9101077";"Fuel economizer (based on fuel system status and throttle position)";"1";"";
"42940.9101077";"Throttle position";"22.352941176470587";"%";
"42940.9496517";"Average fuel consumption";"7.309779653455359";"L/100km";
"42940.9496517";"Average fuel consumption (Today)";"11.943998038841826";"L/100km";
"42940.9496517";"Average fuel consumption (total)";"6.415989502834144";"L/100km";
"42940.9496517";"Average fuel consumption (Week)";"6.508806781272562";"L/100km";
"42940.9496517";"Average fuel consumption 10 sec";"7.797276280094452";"L/100km";
"42940.9496517";"Calculated instant fuel rate";"1.946995206626141";"L/h";
"42940.9496517";"Fuel used";"0.021468960227476484";"L";
"42940.9496517";"Fuel used (Today)";"0.03508";"L";
"42940.9496517";"Fuel used (total)";"2.6770089999999995";"L";
"42940.9496517";"Fuel used (Week)";"2.1256729999999995";"L";
"42940.9496517";"Fuel used price";"0.0354237843753362";"€";
"42940.9496517";"Fuel used price (Today)";"0.05788199999999999";"€";
"42940.9496517";"Fuel used price (total)";"4.41706485";"€";
"42940.9496517";"Fuel used price (Week)";"3.5073604499999993";"€";
"42940.9496517";"Instant engine power (based on fuel consumption)";"7.6170305625484325";"hp";
"42940.9496517";"MAF air flow rate";"5.78";"g/sec";
"42940.9496517";"Power from MAF";"6.936";"hp";
"42940.9899316";"Average speed";"25.745320902682845";"km/h";
"42940.9899316";"Calculated instant fuel consumption";"4.99229540160549";"L/100km";
"42940.9899316";"Distance travelled";"0.29578476438888895";"km";
"42940.9899316";"Distance travelled (Today)";"0.295787";"km";
"42940.9899316";"Distance travelled (total)";"41.726107000000006";"km";
"42940.9899316";"Distance travelled (Week)";"32.660495999999995";"km";
"42940.9899316";"Vehicle acceleration";"0.0665101763894577";"g";
"42940.9899316";"Vehicle speed";"39";"km/h";
"42941.0332781";"Fuel/Air commanded equivalence ratio";"14.640051240000002";"";
"42941.1131677";"Fuel economizer (based on fuel system status and throttle position)";"1";"";
"42941.1131677";"Throttle position";"22.745098039215687";"%";
"42941.1537081";"Average fuel consumption";"7.297939821545452";"L/100km";
"42941.1537081";"Average fuel consumption (Today)";"11.899441151909988";"L/100km";
"42941.1537081";"Average fuel consumption (total)";"6.4159496115944865";"L/100km";
"42941.1537081";"Average fuel consumption (Week)";"6.508749897735785";"L/100km";
"42941.1537081";"Average fuel consumption 10 sec";"7.768597268056064";"L/100km";
"42941.1537081";"Calculated instant fuel rate";"2.0682613440630635";"L/h";
"42941.1537081";"Fuel used";"0.021586194106401117";"L";
"42941.1537081";"Fuel used (Today)";"0.035197";"L";
"42941.1537081";"Fuel used (total)";"2.677126";"L";
"42941.1537081";"Fuel used (Week)";"2.12579";"L";
"42941.1537081";"Fuel used price";"0.03561722027556184";"€";
"42941.1537081";"Fuel used price (Today)";"0.05807505";"€";
"42941.1537081";"Fuel used price (total)";"4.4172579";"€";
"42941.1537081";"Fuel used price (Week)";"3.5075534999999993";"€";
"42941.1537081";"Instant engine power (based on fuel consumption)";"8.091447691011657";"hp";
"42941.1537081";"MAF air flow rate";"6.140000000000001";"g/sec";
"42941.1537081";"Power from MAF";"7.368";"hp";
"42941.193574";"Average speed";"25.810269975560843";"km/h";
"42941.193574";"Calculated instant fuel consumption";"5.3032342155463175";"L/100km";
"42941.193574";"Distance travelled";"0.2979911384722223";"km";
"42941.193574";"Distance travelled (Today)";"0.297993";"km";
"42941.193574";"Distance travelled (total)";"41.72831300000001";"km";
"42941.193574";"Distance travelled (Week)";"32.662701999999996";"km";
"42941.193574";"Vehicle acceleration";"0.06748245569933109";"g";
"42941.193574";"Vehicle speed";"39";"km/h";
"42941.2339989";"Fuel/Air commanded equivalence ratio";"14.640051240000002";"";
"42941.3248264";"Fuel economizer (based on fuel system status and throttle position)";"1";"";
"42941.3248264";"Throttle position";"23.137254901960784";"%";
"42941.3654931";"Average fuel consumption";"7.287319019352897";"L/100km";
"42941.3654931";"Average fuel consumption (Today)";"11.854640880826057";"L/100km";
"42941.3654931";"Average fuel consumption (total)";"6.415919570005141";"L/100km";
"42941.3654931";"Average fuel consumption (Week)";"6.5087052504106975";"L/100km";
"42941.3654931";"Average fuel consumption 10 sec";"7.74081764580916";"L/100km";
"42941.3654931";"Calculated instant fuel rate";"2.1996329929530627";"L/h";
"42941.3654931";"Fuel used";"0.021715564909872486";"L";
"42941.3654931";"Fuel used (Today)";"0.035325999999999996";"L";
"42941.3654931";"Fuel used (total)";"2.6772549999999997";"L";
"42941.3654931";"Fuel used (Week)";"2.1259189999999997";"L";
"42941.3654931";"Fuel used price";"0.0358306821012896";"€";
"42941.3654931";"Fuel used price (Today)";"0.05828789999999999";"€";
"42941.3654931";"Fuel used price (total)";"4.417470750000001";"€";
"42941.3654931";"Fuel used price (Week)";"3.5077663499999994";"€";
"42941.3654931";"Instant engine power (based on fuel consumption)";"8.605399580180151";"hp";
"42941.3654931";"MAF air flow rate";"6.53";"g/sec";
"42941.3654931";"Power from MAF";"7.836";"hp";
"42941.4136642";"Average speed";"25.879752345022382";"km/h";
"42941.4136642";"Calculated instant fuel consumption";"5.640084597315546";"L/100km";
"42941.4136642";"Distance travelled";"0.3003756970555556";"km";
"42941.4136642";"Distance travelled (Today)";"0.300378";"km";
"42941.4136642";"Distance travelled (total)";"41.73069800000001";"km";
"42941.4136642";"Distance travelled (Week)";"32.665087";"km";
"42941.4136642";"Vehicle acceleration";"0.06816069246913449";"g";
"42941.4136642";"Vehicle speed";"39";"km/h";
"42941.4529505";"Fuel/Air commanded equivalence ratio";"14.640051240000002";"";
"42941.5383142";"Fuel economizer (based on fuel system status and throttle position)";"1";"";
"42941.5383142";"Throttle position";"23.137254901960784";"%";
"42941.5809167";"Average fuel consumption";"7.274233114734521";"L/100km";
"42941.5809167";"Average fuel consumption (Today)";"11.80512554181731";"L/100km";
"42941.5809167";"Average fuel consumption (total)";"6.4158739928098";"L/100km";
"42941.5809167";"Average fuel consumption (Week)";"6.508640249450429";"L/100km";
"42941.5809167";"Average fuel consumption 10 sec";"7.696122460761461";"L/100km";
"42941.5809167";"Calculated instant fuel rate";"2.2467920464007545";"L/h";
"42941.5809167";"Fuel used";"0.02185002842382987";"L";
"42941.5809167";"Fuel used (Today)";"0.03546";"L";
"42941.5809167";"Fuel used (total)";"2.677389";"L";
"42941.5809167";"Fuel used (Week)";"2.1260529999999997";"L";
"42941.5809167";"Fuel used price";"0.036052546899319284";"€";
"42941.5809167";"Fuel used price (Today)";"0.05850899999999999";"€";
"42941.5809167";"Fuel used price (total)";"4.417691850000001";"€";
"42941.5809167";"Fuel used price (Week)";"3.5079874499999995";"€";
"42941.5809167";"Instant engine power (based on fuel consumption)";"8.78989513013807";"hp";
"42941.5809167";"MAF air flow rate";"6.67";"g/sec";
"42941.5809167";"Power from MAF";"8.004";"hp";
"42941.6489621";"Average speed";"25.953206391434897";"km/h";
"42941.6489621";"Calculated instant fuel consumption";"5.761005247181422";"L/100km";
"42941.6489621";"Distance travelled";"0.3029241769722223";"km";
"42941.6489621";"Distance travelled (Today)";"0.302926";"km";
"42941.6489621";"Distance travelled (total)";"41.73324600000001";"km";
"42941.6489621";"Distance travelled (Week)";"32.667635";"km";
"42941.6489621";"Vehicle acceleration";"0";"g";
"42941.6489621";"Vehicle speed";"39";"km/h";
"42941.697987";"Fuel/Air commanded equivalence ratio";"14.640051240000002";"";
"42941.7792027";"Fuel economizer (based on fuel system status and throttle position)";"1";"";
"42941.7792027";"Throttle position";"26.666666666666668";"%";
"42941.8308011";"Average fuel consumption";"7.298479034344943";"L/100km";
"42941.8308011";"Average fuel consumption (Today)";"11.79132857529562";"L/100km";
"42941.8308011";"Average fuel consumption (total)";"6.416102883537981";"L/100km";
"42941.8308011";"Average fuel consumption (Week)";"6.508925424200434";"L/100km";
"42941.8308011";"Average fuel consumption 10 sec";"7.6706890179342375";"L/100km";
"42941.8308011";"Calculated instant fuel rate";"3.728933726185361";"L/h";
"42941.8308011";"Fuel used";"0.022108857546279614";"L";
"42941.8308011";"Fuel used (Today)";"0.035719";"L";
"42941.8308011";"Fuel used (total)";"2.6776479999999996";"L";
"42941.8308011";"Fuel used (Week)";"2.1263119999999995";"L";
"42941.8308011";"Fuel used price";"0.036479614951361365";"€";
"42941.8308011";"Fuel used price (Today)";"0.05893635";"€";
"42941.8308011";"Fuel used price (total)";"4.4181192000000005";"€";
"42941.8308011";"Fuel used price (Week)";"3.5084147999999997";"€";
"42941.8308011";"Instant engine power (based on fuel consumption)";"14.588326700244146";"hp";
"42941.8308011";"MAF air flow rate";"11.07";"g/sec";
"42941.8308011";"Power from MAF";"13.284";"hp";
"42941.874604";"Average speed";"26.022894996781172";"km/h";
"42941.874604";"Calculated instant fuel consumption";"9.561368528680413";"L/100km";
"42941.874604";"Distance travelled";"0.30536868505555564";"km";
"42941.874604";"Distance travelled (Today)";"0.305371";"km";
"42941.874604";"Distance travelled (total)";"41.73569100000001";"km";
"42941.874604";"Distance travelled (Week)";"32.67008";"km";
"42941.874604";"Vehicle acceleration";"0";"g";
"42941.874604";"Vehicle speed";"39";"km/h";
"42941.9175212";"Fuel/Air commanded equivalence ratio";"14.640051240000002";"";
"42942.002004";"Fuel economizer (based on fuel system status and throttle position)";"1";"";
"42942.002004";"Throttle position";"24.705882352941178";"%";
"42942.051527";"Average fuel consumption";"7.296669025077697";"L/100km";
"42942.051527";"Average fuel consumption (Today)";"11.75357188469108";"L/100km";
"42942.051527";"Average fuel consumption (total)";"6.416141522611903";"L/100km";
"42942.051527";"Average fuel consumption (Week)";"6.508967838462593";"L/100km";
"42942.051527";"Average fuel consumption 10 sec";"7.645973285485938";"L/100km";
"42942.051527";"Calculated instant fuel rate";"2.819437695408444";"L/h";
"42942.051527";"Fuel used";"0.022281742254735795";"L";
"42942.051527";"Fuel used (Today)";"0.035892";"L";
"42942.051527";"Fuel used (total)";"2.677821";"L";
"42942.051527";"Fuel used (Week)";"2.1264849999999997";"L";
"42942.051527";"Fuel used price";"0.03676487472031406";"€";
"42942.051527";"Fuel used price (Today)";"0.05922179999999999";"€";
"42942.051527";"Fuel used price (total)";"4.41840465";"€";
"42942.051527";"Fuel used price (Week)";"3.5087002499999995";"€";
"42942.051527";"Instant engine power (based on fuel consumption)";"11.030198236769966";"hp";
"42942.051527";"MAF air flow rate";"8.370000000000001";"g/sec";
"42942.051527";"Power from MAF";"10.044";"hp";
"42942.0935851";"Average speed";"26.089824706771275";"km/h";
"42942.0935851";"Calculated instant fuel consumption";"7.229327424124215";"L/100km";
"42942.0935851";"Distance travelled";"0.3077412619722223";"km";
"42942.0935851";"Distance travelled (Today)";"0.307744";"km";
"42942.0935851";"Distance travelled (total)";"41.73806400000001";"km";
"42942.0935851";"Distance travelled (Week)";"32.672453";"km";
"42942.0935851";"Vehicle acceleration";"0";"g";
"42942.0935851";"Vehicle speed";"39";"km/h";
"42942.129735";"Fuel/Air commanded equivalence ratio";"14.640051240000002";"";
"42942.2100601";"Fuel economizer (based on fuel system status and throttle position)";"1";"";
"42942.2100601";"Throttle position";"24.313725490196077";"%";
"42942.2502797";"Average fuel consumption";"7.2865824060717665";"L/100km";
"42942.2502797";"Average fuel consumption (Today)";"11.709082874077154";"L/100km";
"42942.2502797";"Average fuel consumption (total)";"6.416116952621471";"L/100km";
"42942.2502797";"Average fuel consumption (Week)";"6.508929709073267";"L/100km";
"42942.2502797";"Average fuel consumption 10 sec";"7.621768350853353";"L/100km";
"42942.2502797";"Calculated instant fuel rate";"2.573536916716906";"L/h";
"42942.2502797";"Fuel used";"0.02242382065109117";"L";
"42942.2502797";"Fuel used (Today)";"0.036034";"L";
"42942.2502797";"Fuel used (total)";"2.6779629999999996";"L";
"42942.2502797";"Fuel used (Week)";"2.1266269999999996";"L";
"42942.2502797";"Fuel used price";"0.03699930407430043";"€";
"42942.2502797";"Fuel used price (Today)";"0.0594561";"€";
"42942.2502797";"Fuel used price (total)";"4.41863895";"€";
"42942.2502797";"Fuel used price (Week)";"3.5089345499999993";"€";
"42942.2502797";"Instant engine power (based on fuel consumption)";"10.06818572627509";"hp";
"42942.2502797";"MAF air flow rate";"7.640000000000001";"g/sec";
"42942.2502797";"Power from MAF";"9.168000000000001";"hp";
"42942.3024406";"Average speed";"26.153024854864814";"km/h";
"42942.3024406";"Calculated instant fuel consumption";"6.598812606966427";"L/100km";
"42942.3024406";"Distance travelled";"0.31000432363888897";"km";
"42942.3024406";"Distance travelled (Today)";"0.310007";"km";
"42942.3024406";"Distance travelled (total)";"41.74032700000001";"km";
"42942.3024406";"Distance travelled (Week)";"32.674716";"km";
"42942.3024406";"Vehicle acceleration";"0";"g";
"42942.3024406";"Vehicle speed";"39";"km/h";
"42942.3411608";"Fuel/Air commanded equivalence ratio";"14.640051240000002";"";
"42942.4428037";"Fuel economizer (based on fuel system status and throttle position)";"1";"";
"42942.4428037";"Throttle position";"24.313725490196077";"%";
"42942.4817206";"Average fuel consumption";"7.286474747061887";"L/100km";
"42942.4817206";"Average fuel consumption (Today)";"11.676833103768626";"L/100km";
"42942.4817206";"Average fuel consumption (total)";"6.416164396603791";"L/100km";
"42942.4817206";"Average fuel consumption (Week)";"6.508983888337391";"L/100km";
"42942.4817206";"Average fuel consumption 10 sec";"7.598567907457623";"L/100km";
"42942.4817206";"Calculated instant fuel rate";"2.5600629014461376";"L/h";
"42942.4817206";"Fuel used";"0.02258838675674765";"L";
"42942.4817206";"Fuel used (Today)";"0.036199";"L";
"42942.4817206";"Fuel used (total)";"2.6781279999999996";"L";
"42942.4817206";"Fuel used (Week)";"2.1267919999999996";"L";
"42942.4817206";"Fuel used price";"0.03727083814863362";"€";
"42942.4817206";"Fuel used price (Today)";"0.05972835";"€";
"42942.4817206";"Fuel used price (total)";"4.4189112";"€";
"42942.4817206";"Fuel used price (Week)";"3.5092067999999994";"€";
"42942.4817206";"Instant engine power (based on fuel consumption)";"10.0154727120014";"hp";
"42942.4817206";"MAF air flow rate";"7.6000000000000005";"g/sec";
"42942.4817206";"Power from MAF";"9.120000000000001";"hp";
"42942.5286169";"Average speed";"26.220735200868397";"km/h";
"42942.5286169";"Calculated instant fuel consumption";"6.5642638498618915";"L/100km";
"42942.5286169";"Distance travelled";"0.3124537229722223";"km";
"42942.5286169";"Distance travelled (Today)";"0.312456";"km";
"42942.5286169";"Distance travelled (total)";"41.742776000000006";"km";
"42942.5286169";"Distance travelled (Week)";"32.677164999999995";"km";
"42942.5286169";"Vehicle acceleration";"0";"g";
"42942.5286169";"Vehicle speed";"39";"km/h";
"42942.5696282";"Fuel/Air commanded equivalence ratio";"14.640051240000002";"";
"42942.6469767";"Fuel economizer (based on fuel system status and throttle position)";"1";"";
"42942.6469767";"Throttle position";"23.92156862745098";"%";
"42942.6876131";"Average fuel consumption";"7.274438975911545";"L/100km";
"42942.6876131";"Average fuel consumption (Today)";"11.630437565609236";"L/100km";
"42942.6876131";"Average fuel consumption (total)";"6.416125750716721";"L/100km";
"42942.6876131";"Average fuel consumption (Week)";"6.508927564554636";"L/100km";
"42942.6876131";"Average fuel consumption 10 sec";"7.576166671741577";"L/100km";
"42942.6876131";"Calculated instant fuel rate";"2.462376290733061";"L/h";
"42942.6876131";"Fuel used";"0.022729255405578026";"L";
"42942.6876131";"Fuel used (Today)";"0.03634";"L";
"42942.6876131";"Fuel used (total)";"2.678269";"L";
"42942.6876131";"Fuel used (Week)";"2.1269329999999997";"L";
"42942.6876131";"Fuel used price";"0.03750327141920374";"€";
"42942.6876131";"Fuel used price (Today)";"0.059961";"€";
"42942.6876131";"Fuel used price (total)";"4.41914385";"€";
"42942.6876131";"Fuel used price (Week)";"3.5094394499999995";"€";
"42942.6876131";"Instant engine power (based on fuel consumption)";"9.633303358517136";"hp";
"42942.6876131";"MAF air flow rate";"7.3100000000000005";"g/sec";
"42942.6876131";"Power from MAF";"8.772";"hp";
"42942.7300241";"Average speed";"26.280470491377304";"km/h";
"42942.7300241";"Calculated instant fuel consumption";"6.313785360854003";"L/100km";
"42942.7300241";"Distance travelled";"0.31463627888888895";"km";
"42942.7300241";"Distance travelled (Today)";"0.314639";"km";
"42942.7300241";"Distance travelled (total)";"41.74495900000001";"km";
"42942.7300241";"Distance travelled (Week)";"32.679348";"km";
"42942.7300241";"Vehicle acceleration";"0";"g";
"42942.7300241";"Vehicle speed";"39";"km/h";
"42942.7701625";"Fuel/Air commanded equivalence ratio";"14.640051240000002";"";
"42942.8526777";"Fuel economizer (based on fuel system status and throttle position)";"1";"";
"42942.8526777";"Throttle position";"23.137254901960784";"%";
"42942.9235437";"Average fuel consumption";"7.271548687486323";"L/100km";
"42942.9235437";"Average fuel consumption (Today)";"11.597417993319327";"L/100km";
"42942.9235437";"Average fuel consumption (total)";"6.416149552332773";"L/100km";
"42942.9235437";"Average fuel consumption (Week)";"6.508951769784391";"L/100km";
"42942.9235437";"Average fuel consumption 10 sec";"7.554909889895191";"L/100km";
"42942.9235437";"Calculated instant fuel rate";"2.2838455883953697";"L/h";
"42942.9235437";"Fuel used";"0.022878930207900813";"L";
"42942.9235437";"Fuel used (Today)";"0.03649";"L";
"42942.9235437";"Fuel used (total)";"2.678419";"L";
"42942.9235437";"Fuel used (Week)";"2.127083";"L";
"42942.9235437";"Fuel used price";"0.03775023484303634";"€";
"42942.9235437";"Fuel used price (Today)";"0.0602085";"€";
"42942.9235437";"Fuel used price (total)";"4.419391350000001";"€";
"42942.9235437";"Fuel used price (Week)";"3.5096869499999994";"€";
"42942.9235437";"Instant engine power (based on fuel consumption)";"8.934855919390724";"hp";
"42942.9235437";"MAF air flow rate";"6.78";"g/sec";
"42942.9235437";"Power from MAF";"8.136";"hp";
"42942.9700866";"Average speed";"26.35090704099943";"km/h";
"42942.9700866";"Calculated instant fuel consumption";"5.856014329218897";"L/100km";
"42942.9700866";"Distance travelled";"0.3172363124722223";"km";
"42942.9700866";"Distance travelled (Today)";"0.317239";"km";
"42942.9700866";"Distance travelled (total)";"41.74755900000001";"km";
"42942.9700866";"Distance travelled (Week)";"32.681948";"km";
"42942.9700866";"Vehicle acceleration";"0";"g";
"42942.9700866";"Vehicle speed";"39";"km/h";
"42943.0095605";"Fuel/Air commanded equivalence ratio";"14.640051240000002";"";
"42943.0847584";"Fuel economizer (based on fuel system status and throttle position)";"1";"";
"42943.0847584";"Throttle position";"23.137254901960784";"%";
"42943.1091379";"Average fuel consumption";"7.2484741073963574";"L/100km";
"42943.1091379";"Average fuel consumption (Today)";"11.538934368094719";"L/100km";
"42943.1091379";"Average fuel consumption (total)";"6.416027820931995";"L/100km";
"42943.1091379";"Average fuel consumption (Week)";"6.508788888593788";"L/100km";
"42943.1091379";"Average fuel consumption 10 sec";"7.534394423173908";"L/100km";
"42943.1091379";"Calculated instant fuel rate";"2.2467920464007545";"L/h";
"42943.1091379";"Fuel used";"0.022994791968808034";"L";
"42943.1091379";"Fuel used (Today)";"0.036606";"L";
"42943.1091379";"Fuel used (total)";"2.6785349999999997";"L";
"42943.1091379";"Fuel used (Week)";"2.1271989999999996";"L";
"42943.1091379";"Fuel used price";"0.03794140674853325";"€";
"42943.1091379";"Fuel used price (Today)";"0.06039989999999999";"€";
"42943.1091379";"Fuel used price (total)";"4.41958275";"€";
"42943.1091379";"Fuel used price (Week)";"3.5098783499999997";"€";
"42943.1091379";"Instant engine power (based on fuel consumption)";"8.78989513013807";"hp";
"42943.1091379";"MAF air flow rate";"6.67";"g/sec";
"42943.1091379";"Power from MAF";"8.004";"hp";
"42943.1497291";"Average speed";"26.403130661816263";"km/h";
"42943.1497291";"Calculated instant fuel consumption";"5.761005247181422";"L/100km";
"42943.1497291";"Distance travelled";"0.31918282088888894";"km";
"42943.1497291";"Distance travelled (Today)";"0.319186";"km";
"42943.1497291";"Distance travelled (total)";"41.74950600000001";"km";
"42943.1497291";"Distance travelled (Week)";"32.683895";"km";
"42943.1497291";"Vehicle acceleration";"0";"g";
"42943.1497291";"Vehicle speed";"39";"km/h";
"42943.1943813";"Fuel/Air commanded equivalence ratio";"14.640051240000002";"";
"42943.2776776";"Fuel economizer (based on fuel system status and throttle position)";"1";"";
"42943.2776776";"Throttle position";"23.92156862745098";"%";
"42943.3175024";"Average fuel consumption";"7.249449745153486";"L/100km";
"42943.3175024";"Average fuel consumption (Today)";"11.513662879950873";"L/100km";
"42943.3175024";"Average fuel consumption (total)";"6.416073521923826";"L/100km";
"42943.3175024";"Average fuel consumption (Week)";"6.508841739945621";"L/100km";
"42943.3175024";"Average fuel consumption 10 sec";"7.515293839790752";"L/100km";
"42943.3175024";"Calculated instant fuel rate";"2.4926928250922913";"L/h";
"42943.3175024";"Fuel used";"0.023138998195503264";"L";
"42943.3175024";"Fuel used (Today)";"0.03675";"L";
"42943.3175024";"Fuel used (total)";"2.678679";"L";
"42943.3175024";"Fuel used (Week)";"2.1273429999999998";"L";
"42943.3175024";"Fuel used price";"0.038179347022580384";"€";
"42943.3175024";"Fuel used price (Today)";"0.0606375";"€";
"42943.3175024";"Fuel used price (total)";"4.41982035";"€";
"42943.3175024";"Fuel used price (Week)";"3.5101159499999994";"€";
"42943.3175024";"Instant engine power (based on fuel consumption)";"9.751907640632941";"hp";
"42943.3175024";"MAF air flow rate";"7.4";"g/sec";
"42943.3175024";"Power from MAF";"8.88";"hp";
"42943.3579481";"Average speed";"26.463099709707585";"km/h";
"42943.3579481";"Calculated instant fuel consumption";"6.391520064339209";"L/100km";
"42943.3579481";"Distance travelled";"0.3214380240555556";"km";
"42943.3579481";"Distance travelled (Today)";"0.321441";"km";
"42943.3579481";"Distance travelled (total)";"41.75176100000001";"km";
"42943.3579481";"Distance travelled (Week)";"32.68615";"km";
"42943.3579481";"Vehicle acceleration";"0";"g";
"42943.3579481";"Vehicle speed";"39";"km/h";
"42943.398651";"Fuel/Air commanded equivalence ratio";"14.640051240000002";"";
"42943.4754046";"Fuel economizer (based on fuel system status and throttle position)";"1";"";
"42943.4754046";"Throttle position";"24.313725490196077";"%";
"42943.5174597";"Average fuel consumption";"7.244575340915051";"L/100km";
"42943.5174597";"Average fuel consumption (Today)";"11.478933925665986";"L/100km";
"42943.5174597";"Average fuel consumption (total)";"6.416081467797248";"L/100km";
"42943.5174597";"Average fuel consumption (Week)";"6.508845489603394";"L/100km";
"42943.5174597";"Average fuel consumption 10 sec";"7.4979654044879736";"L/100km";
"42943.5174597";"Calculated instant fuel rate";"2.6611180159769057";"L/h";
"42943.5174597";"Fuel used";"0.02328681982705337";"L";
"42943.5174597";"Fuel used (Today)";"0.036898";"L";
"42943.5174597";"Fuel used (total)";"2.6788269999999996";"L";
"42943.5174597";"Fuel used (Week)";"2.1274909999999996";"L";
"42943.5174597";"Fuel used price";"0.03842325271463806";"€";
"42943.5174597";"Fuel used price (Today)";"0.0608817";"€";
"42943.5174597";"Fuel used price (total)";"4.42006455";"€";
"42943.5174597";"Fuel used price (Week)";"3.5103601499999995";"€";
"42943.5174597";"Instant engine power (based on fuel consumption)";"10.410820319054086";"hp";
"42943.5174597";"MAF air flow rate";"7.9";"g/sec";
"42943.5174597";"Power from MAF";"9.48";"hp";
"42943.5531543";"Average speed";"26.51882403294606";"km/h";
"42943.5531543";"Calculated instant fuel consumption";"6.823379528145913";"L/100km";
"42943.5531543";"Distance travelled";"0.32355302438888894";"km";
"42943.5531543";"Distance travelled (Today)";"0.323556";"km";
"42943.5531543";"Distance travelled (total)";"41.75387600000001";"km";
"42943.5531543";"Distance travelled (Week)";"32.688265";"km";
"42943.5531543";"Vehicle acceleration";"0";"g";
"42943.5531543";"Vehicle speed";"39";"km/h";
"42943.5943276";"Fuel/Air commanded equivalence ratio";"14.640051240000002";"";
"42943.6845067";"Fuel economizer (based on fuel system status and throttle position)";"1";"";
"42943.6845067";"Throttle position";"24.313725490196077";"%";
"42943.7202231";"Average fuel consumption";"7.247236070727717";"L/100km";
"42943.7202231";"Average fuel consumption (Today)";"11.453967783011288";"L/100km";
"42943.7202231";"Average fuel consumption (total)";"6.41614445566682";"L/100km";
"42943.7202231";"Average fuel consumption (Week)";"6.5089199442062755";"L/100km";
"42943.7202231";"Average fuel consumption 10 sec";"7.482491347285238";"L/100km";
"42943.7202231";"Calculated instant fuel rate";"2.8733337564915193";"L/h";
"42943.7202231";"Fuel used";"0.023448651491442006";"L";
"42943.7202231";"Fuel used (Today)";"0.03706";"L";
"42943.7202231";"Fuel used (total)";"2.6789889999999996";"L";
"42943.7202231";"Fuel used (Week)";"2.1276529999999996";"L";
"42943.7202231";"Fuel used price";"0.03869027496087931";"€";
"42943.7202231";"Fuel used price (Today)";"0.061148999999999995";"€";
"42943.7202231";"Fuel used price (total)";"4.42033185";"€";
"42943.7202231";"Fuel used price (Week)";"3.5106274499999994";"€";
"42943.7202231";"Instant engine power (based on fuel consumption)";"11.241050293864726";"hp";
"42943.7202231";"MAF air flow rate";"8.53";"g/sec";
"42943.7202231";"Power from MAF";"10.235999999999999";"hp";
"42943.7595166";"Average speed";"26.586551289891545";"km/h";
"42943.7595166";"Calculated instant fuel consumption";"7.00813111339395";"L/100km";
"42943.7595166";"Distance travelled";"0.3259035805833334";"km";
"42943.7595166";"Distance travelled (Today)";"0.325907";"km";
"42943.7595166";"Distance travelled (total)";"41.75622700000001";"km";
"42943.7595166";"Distance travelled (Week)";"32.690616";"km";
"42943.7595166";"Vehicle acceleration";"0.071761778398333";"g";
"42943.7595166";"Vehicle speed";"41";"km/h";
"42943.8004834";"Fuel/Air commanded equivalence ratio";"14.640051240000002";"";
"42943.8891161";"Fuel economizer (based on fuel system status and throttle position)";"1";"";
"42943.8891161";"Throttle position";"26.274509803921568";"%";
"42943.938632";"Average fuel consumption";"7.263688605809274";"L/100km";
"42943.938632";"Average fuel consumption (Today)";"11.440073395171014";"L/100km";
"42943.938632";"Average fuel consumption (total)";"6.416319654551162";"L/100km";
"42943.938632";"Average fuel consumption (Week)";"6.5091370563344535";"L/100km";
"42943.938632";"Average fuel consumption 10 sec";"7.469136422711378";"L/100km";
"42943.938632";"Calculated instant fuel rate";"3.6918801841907456";"L/h";
"42943.938632";"Fuel used";"0.02367262124875603";"L";
"42943.938632";"Fuel used (Today)";"0.037284";"L";
"42943.938632";"Fuel used (total)";"2.679213";"L";
"42943.938632";"Fuel used (Week)";"2.127877";"L";
"42943.938632";"Fuel used price";"0.03905982506044745";"€";
"42943.938632";"Fuel used price (Today)";"0.06151859999999999";"€";
"42943.938632";"Fuel used price (total)";"4.42070145";"€";
"42943.938632";"Fuel used price (Week)";"3.5109970499999994";"€";
"42943.938632";"Instant engine power (based on fuel consumption)";"14.443365910991494";"hp";
"42943.938632";"MAF air flow rate";"10.96";"g/sec";
"42943.938632";"Power from MAF";"13.152000000000001";"hp";
"42943.9809368";"Average speed";"26.65850493730935";"km/h";
"42943.9809368";"Calculated instant fuel consumption";"9.004585815099379";"L/100km";
"42943.9809368";"Distance travelled";"0.3284251409444445";"km";
"42943.9809368";"Distance travelled (Today)";"0.328429";"km";
"42943.9809368";"Distance travelled (total)";"41.75874900000001";"km";
"42943.9809368";"Distance travelled (Week)";"32.693138";"km";
"42943.9809368";"Vehicle acceleration";"0.06815492772864834";"g";
"42943.9809368";"Vehicle speed";"41";"km/h";
"42944.0212368";"Fuel/Air commanded equivalence ratio";"14.640051240000002";"";
"42944.1025349";"Fuel economizer (based on fuel system status and throttle position)";"1";"";
"42944.1025349";"Throttle position";"25.49019607843137";"%";
"42944.1424169";"Average fuel consumption";"7.264580354620358";"L/100km";
"42944.1424169";"Average fuel consumption (Today)";"11.408858535634792";"L/100km";
"42944.1424169";"Average fuel consumption (total)";"6.4163775595863735";"L/100km";
"42944.1424169";"Average fuel consumption (Week)";"6.509203858008368";"L/100km";
"42944.1424169";"Average fuel consumption 10 sec";"7.464784165943484";"L/100km";
"42944.1424169";"Calculated instant fuel rate";"3.2876597260676714";"L/h";
"42944.1424169";"Fuel used";"0.023858708268684338";"L";
"42944.1424169";"Fuel used (Today)";"0.037469999999999996";"L";
"42944.1424169";"Fuel used (total)";"2.6793989999999996";"L";
"42944.1424169";"Fuel used (Week)";"2.1280629999999996";"L";
"42944.1424169";"Fuel used price";"0.03936686864332915";"€";
"42944.1424169";"Fuel used price (Today)";"0.06182549999999999";"€";
"42944.1424169";"Fuel used price (total)";"4.42100835";"€";
"42944.1424169";"Fuel used price (Week)";"3.5113039499999994";"€";
"42944.1424169";"Instant engine power (based on fuel consumption)";"12.861975482780746";"hp";
"42944.1424169";"MAF air flow rate";"9.76";"g/sec";
"42944.1424169";"Power from MAF";"11.712";"hp";
"42944.2105406";"Average speed";"26.73235753221298";"km/h";
"42944.2105406";"Calculated instant fuel consumption";"8.018682258701638";"L/100km";
"42944.2105406";"Distance travelled";"0.3310396972777779";"km";
"42944.2105406";"Distance travelled (Today)";"0.331044";"km";
"42944.2105406";"Distance travelled (total)";"41.76136400000001";"km";
"42944.2105406";"Distance travelled (Week)";"32.695752999999996";"km";
"42944.2105406";"Vehicle acceleration";"0.06644545984276899";"g";
"42944.2105406";"Vehicle speed";"41";"km/h";
"42944.2529198";"Fuel/Air commanded equivalence ratio";"14.640051240000002";"";
"42944.3337234";"Fuel economizer (based on fuel system status and throttle position)";"1";"";
"42944.3337234";"Throttle position";"24.313725490196077";"%";
"42944.3833923";"Average fuel consumption";"7.261235916341158";"L/100km";
"42944.3833923";"Average fuel consumption (Today)";"11.372808448423775";"L/100km";
"42944.3833923";"Average fuel consumption (total)";"6.4164044067143";"L/100km";
"42944.3833923";"Average fuel consumption (Week)";"6.509230724858974";"L/100km";
"42944.3833923";"Average fuel consumption 10 sec";"7.4478938017980925";"L/100km";
"42944.3833923";"Calculated instant fuel rate";"2.6712235274299827";"L/h";
"42944.3833923";"Fuel used";"0.02403757339608105";"L";
"42944.3833923";"Fuel used (Today)";"0.037649";"L";
"42944.3833923";"Fuel used (total)";"2.679578";"L";
"42944.3833923";"Fuel used (Week)";"2.1282419999999997";"L";
"42944.3833923";"Fuel used price";"0.03966199610353373";"€";
"42944.3833923";"Fuel used price (Today)";"0.06212084999999999";"€";
"42944.3833923";"Fuel used price (total)";"4.4213037";"€";
"42944.3833923";"Fuel used price (Week)";"3.5115992999999994";"€";
"42944.3833923";"Instant engine power (based on fuel consumption)";"10.450355079759355";"hp";
"42944.3833923";"MAF air flow rate";"7.930000000000001";"g/sec";
"42944.3833923";"Power from MAF";"9.516";"hp";
"42944.426591";"Average speed";"26.80116702206023";"km/h";
"42944.426591";"Calculated instant fuel consumption";"6.5151793351950795";"L/100km";
"42944.426591";"Distance travelled";"0.33350019155555566";"km";
"42944.426591";"Distance travelled (Today)";"0.333504";"km";
"42944.426591";"Distance travelled (total)";"41.76382400000001";"km";
"42944.426591";"Distance travelled (Week)";"32.698212999999996";"km";
"42944.426591";"Vehicle acceleration";"0.06485976685087314";"g";
"42944.426591";"Vehicle speed";"41";"km/h";
"42944.4699102";"Fuel/Air commanded equivalence ratio";"14.640051240000002";"";
"42944.5652635";"Fuel economizer (based on fuel system status and throttle position)";"1";"";
"42944.5652635";"Throttle position";"21.96078431372549";"%";
"42944.6066859";"Average fuel consumption";"7.237473083103017";"L/100km";
"42944.6066859";"Average fuel consumption (Today)";"11.318604874304354";"L/100km";
"42944.6066859";"Average fuel consumption (total)";"6.416263510735988";"L/100km";
"42944.6066859";"Average fuel consumption (Week)";"6.509043781689232";"L/100km";
"42944.6066859";"Average fuel consumption 10 sec";"7.438031964890374";"L/100km";
"42944.6066859";"Calculated instant fuel rate";"1.603407817221528";"L/h";
"42944.6066859";"Fuel used";"0.024136986595930342";"L";
"42944.6066859";"Fuel used (Today)";"0.037748";"L";
"42944.6066859";"Fuel used (total)";"2.679677";"L";
"42944.6066859";"Fuel used (Week)";"2.128341";"L";
"42944.6066859";"Fuel used price";"0.03982602788328506";"€";
"42944.6066859";"Fuel used price (Today)";"0.0622842";"€";
"42944.6066859";"Fuel used price (total)";"4.42146705";"€";
"42944.6066859";"Fuel used price (Week)";"3.5117626499999997";"€";
"42944.6066859";"Instant engine power (based on fuel consumption)";"6.2728486985692955";"hp";
"42944.6066859";"MAF air flow rate";"4.76";"g/sec";
"42944.6066859";"Power from MAF";"5.712";"hp";
"42944.6465377";"Average speed";"26.870540548363497";"km/h";
"42944.6465377";"Calculated instant fuel consumption";"3.910750773711044";"L/100km";
"42944.6465377";"Distance travelled";"0.33600511502777786";"km";
"42944.6465377";"Distance travelled (Today)";"0.336009";"km";
"42944.6465377";"Distance travelled (total)";"41.766329000000006";"km";
"42944.6465377";"Distance travelled (Week)";"32.700717999999995";"km";
"42944.6465377";"Vehicle acceleration";"0";"g";
"42944.6465377";"Vehicle speed";"41";"km/h";
"42944.6907537";"Fuel/Air commanded equivalence ratio";"14.640051240000002";"";
"42944.7695615";"Fuel economizer (based on fuel system status and throttle position)";"1";"";
"42944.7695615";"Throttle position";"20";"%";
"42944.8061389";"Average fuel consumption";"7.201736363461622";"L/100km";
"42944.8061389";"Average fuel consumption (Today)";"11.252377168468703";"L/100km";
"42944.8061389";"Average fuel consumption (total)";"6.416024736097824";"L/100km";
"42944.8061389";"Average fuel consumption (Week)";"6.508731704300804";"L/100km";
"42944.8061389";"Average fuel consumption 10 sec";"7.428056090808319";"L/100km";
"42944.8061389";"Calculated instant fuel rate";"1.1048692522030699";"L/h";
"42944.8061389";"Fuel used";"0.02419820255204653";"L";
"42944.8061389";"Fuel used (Today)";"0.037809";"L";
"42944.8061389";"Fuel used (total)";"2.6797379999999995";"L";
"42944.8061389";"Fuel used (Week)";"2.1284019999999995";"L";
"42944.8061389";"Fuel used price";"0.03992703421087677";"€";
"42944.8061389";"Fuel used price (Today)";"0.06238484999999999";"€";
"42944.8061389";"Fuel used price (total)";"4.421567700000001";"€";
"42944.8061389";"Fuel used price (Week)";"3.5118632999999995";"€";
"42944.8061389";"Instant engine power (based on fuel consumption)";"4.322467170442709";"hp";
"42944.8061389";"MAF air flow rate";"3.2800000000000002";"g/sec";
"42944.8061389";"Power from MAF";"3.936";"hp";
"42944.8477628";"Average speed";"26.933446920941503";"km/h";
"42944.8477628";"Calculated instant fuel consumption";"2.694803054153829";"L/100km";
"42944.8477628";"Distance travelled";"0.3382978840000001";"km";
"42944.8477628";"Distance travelled (Today)";"0.338302";"km";
"42944.8477628";"Distance travelled (total)";"41.76862200000001";"km";
"42944.8477628";"Distance travelled (Week)";"32.703011";"km";
"42944.8477628";"Vehicle acceleration";"0";"g";
"42944.8477628";"Vehicle speed";"41";"km/h";
"42944.889194";"Fuel/Air commanded equivalence ratio";"14.640051240000002";"";
"42944.9789318";"Fuel economizer (based on fuel system status and throttle position)";"1";"";
"42944.9789318";"Throttle position";"20";"%";
"42945.0214481";"Average fuel consumption";"7.172284014208254";"L/100km";
"42945.0214481";"Average fuel consumption (Today)";"11.195322522479914";"L/100km";
"42945.0214481";"Average fuel consumption (total)";"6.415828130504279";"L/100km";
"42945.0214481";"Average fuel consumption (Week)";"6.5084740973851";"L/100km";
"42945.0214481";"Average fuel consumption 10 sec";"7.417892181201031";"L/100km";
"42945.0214481";"Calculated instant fuel rate";"1.094763740749993";"L/h";
"42945.0214481";"Fuel used";"0.02426368505453679";"L";
"42945.0214481";"Fuel used (Today)";"0.037874";"L";
"42945.0214481";"Fuel used (total)";"2.6798029999999997";"L";
"42945.0214481";"Fuel used (Week)";"2.1284669999999997";"L";
"42945.0214481";"Fuel used price";"0.0400350803399857";"€";
"42945.0214481";"Fuel used price (Today)";"0.062492099999999995";"€";
"42945.0214481";"Fuel used price (total)";"4.42167495";"€";
"42945.0214481";"Fuel used price (Week)";"3.5119705499999996";"€";
"42945.0214481";"Instant engine power (based on fuel consumption)";"4.282932409737441";"hp";
"42945.0214481";"MAF air flow rate";"3.25";"g/sec";
"42945.0214481";"Power from MAF";"3.9";"hp";
"42945.0705953";"Average speed";"27.01221238130465";"km/h";
"42945.0705953";"Calculated instant fuel consumption";"2.5459621877906815";"L/100km";
"42945.0705953";"Distance travelled";"0.3409587514722223";"km";
"42945.0705953";"Distance travelled (Today)";"0.340963";"km";
"42945.0705953";"Distance travelled (total)";"41.77128300000001";"km";
"42945.0705953";"Distance travelled (Week)";"32.705672";"km";
"42945.0705953";"Vehicle acceleration";"0.065868950801613";"g";
"42945.0705953";"Vehicle speed";"43";"km/h";
"42945.1128471";"Fuel/Air commanded equivalence ratio";"14.640051240000002";"";
"42945.2069999";"Fuel economizer (based on fuel system status and throttle position)";"1";"";
"42945.2069999";"Throttle position";"20";"%";
"42945.2449033";"Average fuel consumption";"7.1361117706568775";"L/100km";
"42945.2449033";"Average fuel consumption (Today)";"11.127893642418677";"L/100km";
"42945.2449033";"Average fuel consumption (total)";"6.415582207518019";"L/100km";
"42945.2449033";"Average fuel consumption (Week)";"6.508152469700057";"L/100km";
"42945.2449033";"Average fuel consumption 10 sec";"7.4118968533171135";"L/100km";
"42945.2449033";"Calculated instant fuel rate";"1.0880267331146083";"L/h";
"42945.2449033";"Fuel used";"0.024331197596893988";"L";
"42945.2449033";"Fuel used (Today)";"0.037942";"L";
"42945.2449033";"Fuel used (total)";"2.679871";"L";
"42945.2449033";"Fuel used (Week)";"2.128535";"L";
"42945.2449033";"Fuel used price";"0.040146476034875075";"€";
"42945.2449033";"Fuel used price (Today)";"0.06260429999999999";"€";
"42945.2449033";"Fuel used price (total)";"4.42178715";"€";
"42945.2449033";"Fuel used price (Week)";"3.5120827499999994";"€";
"42945.2449033";"Instant engine power (based on fuel consumption)";"4.256575902600594";"hp";
"42945.2449033";"MAF air flow rate";"3.23";"g/sec";
"42945.2449033";"Power from MAF";"3.876";"hp";
"42945.2896112";"Average speed";"27.088884016551326";"km/h";
"42945.2896112";"Calculated instant fuel consumption";"2.5302947281735078";"L/100km";
"42945.2896112";"Distance travelled";"0.3435741882500001";"km";
"42945.2896112";"Distance travelled (Today)";"0.343578";"km";
"42945.2896112";"Distance travelled (total)";"41.77389800000001";"km";
"42945.2896112";"Distance travelled (Week)";"32.708287";"km";
"42945.2896112";"Vehicle acceleration";"0.06564261267696402";"g";
"42945.2896112";"Vehicle speed";"43";"km/h";
"42945.3292919";"Fuel/Air commanded equivalence ratio";"15.174535679999998";"";
"42945.4131419";"Fuel economizer (based on fuel system status and throttle position)";"2";"";
"42945.4131419";"Throttle position";"20";"%";
"42945.4809936";"Average fuel consumption";"7.102199367040724";"L/100km";
"42945.4809936";"Average fuel consumption (Today)";"11.063572172839937";"L/100km";
"42945.4809936";"Average fuel consumption (total)";"6.415348167891823";"L/100km";
"42945.4809936";"Average fuel consumption (Week)";"6.507846161433032";"L/100km";
"42945.4809936";"Average fuel consumption 10 sec";"7.393424409940609";"L/100km";
"42945.4809936";"Calculated instant fuel rate";"1.069202898618548";"L/h";
"42945.4809936";"Fuel used";"0.02440132382320681";"L";
"42945.4809936";"Fuel used (Today)";"0.038012";"L";
"42945.4809936";"Fuel used (total)";"2.6799409999999995";"L";
"42945.4809936";"Fuel used (Week)";"2.1286049999999994";"L";
"42945.4809936";"Fuel used price";"0.04026218430829123";"€";
"42945.4809936";"Fuel used price (Today)";"0.06271979999999999";"€";
"42945.4809936";"Fuel used price (total)";"4.42190265";"€";
"42945.4809936";"Fuel used price (Week)";"3.5121982499999995";"€";
"42945.4809936";"Instant engine power (based on fuel consumption)";"4.1829333367776895";"hp";
"42945.4809936";"MAF air flow rate";"3.29";"g/sec";
"42945.4809936";"Power from MAF";"3.948";"hp";
"42945.5290074";"Average speed";"27.17186859384411";"km/h";
"42945.5290074";"Calculated instant fuel consumption";"2.4865183688803443";"L/100km";
"42945.5290074";"Distance travelled";"0.3464335270000001";"km";
"42945.5290074";"Distance travelled (Today)";"0.346437";"km";
"42945.5290074";"Distance travelled (total)";"41.77675700000001";"km";
"42945.5290074";"Distance travelled (Week)";"32.711146";"km";
"42945.5290074";"Vehicle acceleration";"0.06419585932638369";"g";
"42945.5290074";"Vehicle speed";"43";"km/h";
"42945.5711463";"Fuel/Air commanded equivalence ratio";"15.174535679999998";"";
"42945.6450743";"Fuel economizer (based on fuel system status and throttle position)";"2";"";
"42945.6450743";"Throttle position";"20";"%";
"42945.6851124";"Average fuel consumption";"7.060495667731946";"L/100km";
"42945.6851124";"Average fuel consumption (Today)";"10.989299641781912";"L/100km";
"42945.6851124";"Average fuel consumption (total)";"6.415050359222472";"L/100km";
"42945.6851124";"Average fuel consumption (Week)";"6.507457733214237";"L/100km";
"42945.6851124";"Average fuel consumption 10 sec";"7.386340819680851";"L/100km";
"42945.6851124";"Calculated instant fuel rate";"1.0334544734367728";"L/h";
"42945.6851124";"Fuel used";"0.02445992416540599";"L";
"42945.6851124";"Fuel used (Today)";"0.038071";"L";
"42945.6851124";"Fuel used (total)";"2.6799999999999997";"L";
"42945.6851124";"Fuel used (Week)";"2.1286639999999997";"L";
"42945.6851124";"Fuel used price";"0.04035887487291988";"€";
"42945.6851124";"Fuel used price (Today)";"0.06281714999999999";"€";
"42945.6851124";"Fuel used price (total)";"4.422000000000001";"€";
"42945.6851124";"Fuel used price (Week)";"3.5122955999999994";"€";
"42945.6851124";"Instant engine power (based on fuel consumption)";"4.043078422782084";"hp";
"42945.6851124";"MAF air flow rate";"3.18";"g/sec";
"42945.6851124";"Power from MAF";"3.816";"hp";
"42945.7144516";"Average speed";"27.23556459733852";"km/h";
"42945.7144516";"Calculated instant fuel consumption";"2.403382496364588";"L/100km";
"42945.7144516";"Distance travelled";"0.34864867438888897";"km";
"42945.7144516";"Distance travelled (Today)";"0.348652";"km";
"42945.7144516";"Distance travelled (total)";"41.77897200000001";"km";
"42945.7144516";"Distance travelled (Week)";"32.713361";"km";
"42945.7144516";"Vehicle acceleration";"0.0653647545935704";"g";
"42945.7144516";"Vehicle speed";"43";"km/h";
"42945.7536179";"Fuel/Air commanded equivalence ratio";"15.203112960000002";"";
"42945.8385285";"Fuel economizer (based on fuel system status and throttle position)";"2";"";
"42945.8385285";"Throttle position";"20";"%";
"42945.8904546";"Average fuel consumption";"7.032670991604201";"L/100km";
"42945.8904546";"Average fuel consumption (Today)";"10.936406502759198";"L/100km";
"42945.8904546";"Average fuel consumption (total)";"6.414851471213793";"L/100km";
"42945.8904546";"Average fuel consumption (Week)";"6.507197472005397";"L/100km";
"42945.8904546";"Average fuel consumption 10 sec";"7.372267268836093";"L/100km";
"42945.8904546";"Calculated instant fuel rate";"1.0412431340838613";"L/h";
"42945.8904546";"Fuel used";"0.02451931418635998";"L";
"42945.8904546";"Fuel used (Today)";"0.03813";"L";
"42945.8904546";"Fuel used (total)";"2.6800589999999995";"L";
"42945.8904546";"Fuel used (Week)";"2.1287229999999995";"L";
"42945.8904546";"Fuel used price";"0.04045686840749396";"€";
"42945.8904546";"Fuel used price (Today)";"0.0629145";"€";
"42945.8904546";"Fuel used price (total)";"4.4220973500000005";"€";
"42945.8904546";"Fuel used price (Week)";"3.5123929499999997";"€";
"42945.8904546";"Instant engine power (based on fuel consumption)";"4.07354920462494";"hp";
"42945.8904546";"MAF air flow rate";"3.21";"g/sec";
"42945.8904546";"Power from MAF";"3.852";"hp";
"42945.9309192";"Average speed";"27.304593092651114";"km/h";
"42945.9309192";"Calculated instant fuel consumption";"2.479150319247289";"L/100km";
"42945.9309192";"Distance travelled";"0.351174176388889";"km";
"42945.9309192";"Distance travelled (Today)";"0.351178";"km";
"42945.9309192";"Distance travelled (total)";"41.781498000000006";"km";
"42945.9309192";"Distance travelled (Week)";"32.715886999999995";"km";
"42945.9309192";"Vehicle acceleration";"-0.032924170025379985";"g";
"42945.9309192";"Vehicle speed";"42";"km/h";
"42945.9814347";"Fuel/Air commanded equivalence ratio";"15.23169024";"";
"42946.0618575";"Fuel economizer (based on fuel system status and throttle position)";"2";"";
"42946.0618575";"Throttle position";"20";"%";
"42946.1065544";"Average fuel consumption";"6.999532971869295";"L/100km";
"42946.1065544";"Average fuel consumption (Today)";"10.875111766682425";"L/100km";
"42946.1065544";"Average fuel consumption (total)";"6.41460964372316";"L/100km";
"42946.1065544";"Average fuel consumption (Week)";"6.506881503778271";"L/100km";
"42946.1065544";"Average fuel consumption 10 sec";"7.357683077289453";"L/100km";
"42946.1065544";"Calculated instant fuel rate";"1.0198636087377828";"L/h";
"42946.1065544";"Fuel used";"0.02458055226503072";"L";
"42946.1065544";"Fuel used (Today)";"0.038191";"L";
"42946.1065544";"Fuel used (total)";"2.6801199999999996";"L";
"42946.1065544";"Fuel used (Week)";"2.1287839999999996";"L";
"42946.1065544";"Fuel used price";"0.04055791123730069";"€";
"42946.1065544";"Fuel used price (Today)";"0.06301514999999999";"€";
"42946.1065544";"Fuel used price (total)";"4.422198";"€";
"42946.1065544";"Fuel used price (Week)";"3.5124935999999995";"€";
"42946.1065544";"Instant engine power (based on fuel consumption)";"3.9899082704204583";"hp";
"42946.1065544";"MAF air flow rate";"3.15";"g/sec";
"42946.1065544";"Power from MAF";"3.78";"hp";
"42946.1463201";"Average speed";"27.37265638015757";"km/h";
"42946.1463201";"Calculated instant fuel consumption";"2.4282466874709114";"L/100km";
"42946.1463201";"Distance travelled";"0.3536877037222223";"km";
"42946.1463201";"Distance travelled (Today)";"0.353692";"km";
"42946.1463201";"Distance travelled (total)";"41.78401200000001";"km";
"42946.1463201";"Distance travelled (Week)";"32.718401";"km";
"42946.1463201";"Vehicle acceleration";"-0.033063098049405125";"g";
"42946.1463201";"Vehicle speed";"42";"km/h";
"42946.1922742";"Fuel/Air commanded equivalence ratio";"15.23169024";"";
"42946.2738272";"Fuel economizer (based on fuel system status and throttle position)";"2";"";
"42946.2738272";"Throttle position";"20";"%";
"42946.3136667";"Average fuel consumption";"6.966479960923285";"L/100km";
"42946.3136667";"Average fuel consumption (Today)";"10.814493966501928";"L/100km";
"42946.3136667";"Average fuel consumption (total)";"6.414364901101405";"L/100km";
"42946.3136667";"Average fuel consumption (Week)";"6.506561857958768";"L/100km";
"42946.3136667";"Average fuel consumption 10 sec";"7.3427472787857875";"L/100km";
"42946.3136667";"Calculated instant fuel rate";"1.0263389332377053";"L/h";
"42946.3136667";"Fuel used";"0.024639583004058333";"L";
"42946.3136667";"Fuel used (Today)";"0.03825";"L";
"42946.3136667";"Fuel used (total)";"2.680179";"L";
"42946.3136667";"Fuel used (Week)";"2.128843";"L";
"42946.3136667";"Fuel used price";"0.04065531195669625";"€";
"42946.3136667";"Fuel used price (Today)";"0.0631125";"€";
"42946.3136667";"Fuel used price (total)";"4.422295350000001";"€";
"42946.3136667";"Fuel used price (Week)";"3.5125909499999994";"€";
"42946.3136667";"Instant engine power (based on fuel consumption)";"4.015241021343762";"hp";
"42946.3136667";"MAF air flow rate";"3.17";"g/sec";
"42946.3136667";"Power from MAF";"3.804";"hp";
"42946.3539173";"Average speed";"27.437630479843083";"km/h";
"42946.3539173";"Calculated instant fuel consumption";"2.4436641267564414";"L/100km";
"42946.3539173";"Distance travelled";"0.3561090702222223";"km";
"42946.3539173";"Distance travelled (Today)";"0.356113";"km";
"42946.3539173";"Distance travelled (total)";"41.78643300000001";"km";
"42946.3539173";"Distance travelled (Week)";"32.720822";"km";
"42946.3539173";"Vehicle acceleration";"-0.03433762931018043";"g";
"42946.3539173";"Vehicle speed";"42";"km/h";
"42946.3942809";"Fuel/Air commanded equivalence ratio";"15.26026752";"";
"42946.4865512";"Fuel economizer (based on fuel system status and throttle position)";"2";"";
"42946.4865512";"Throttle position";"20";"%";
"42946.5260138";"Average fuel consumption";"6.935810256554749";"L/100km";
"42946.5260138";"Average fuel consumption (Today)";"10.757540443623233";"L/100km";
"42946.5260138";"Average fuel consumption (total)";"6.414134463212018";"L/100km";
"42946.5260138";"Average fuel consumption (Week)";"6.506260753473735";"L/100km";
"42946.5260138";"Average fuel consumption 10 sec";"7.327289813717005";"L/100km";
"42946.5260138";"Calculated instant fuel rate";"1.0082589541564615";"L/h";
"42946.5260138";"Fuel used";"0.02469904941699465";"L";
"42946.5260138";"Fuel used (Today)";"0.038309";"L";
"42946.5260138";"Fuel used (total)";"2.6802379999999997";"L";
"42946.5260138";"Fuel used (Week)";"2.1289019999999996";"L";
"42946.5260138";"Fuel used price";"0.040753431538041174";"€";
"42946.5260138";"Fuel used price (Today)";"0.06320985";"€";
"42946.5260138";"Fuel used price (total)";"4.4223927000000005";"€";
"42946.5260138";"Fuel used price (Week)";"3.5126882999999993";"€";
"42946.5260138";"Instant engine power (based on fuel consumption)";"3.944508565114088";"hp";
"42946.5260138";"MAF air flow rate";"3.12";"g/sec";
"42946.5260138";"Power from MAF";"3.7439999999999998";"hp";
"42946.5726659";"Average speed";"27.50548769905609";"km/h";
"42946.5726659";"Calculated instant fuel consumption";"2.4006165575153844";"L/100km";
"42946.5726659";"Distance travelled";"0.35866105555555566";"km";
"42946.5726659";"Distance travelled (Today)";"0.358665";"km";
"42946.5726659";"Distance travelled (total)";"41.78898500000001";"km";
"42946.5726659";"Distance travelled (Week)";"32.723374";"km";
"42946.5726659";"Vehicle acceleration";"-0.03300510182654613";"g";
"42946.5726659";"Vehicle speed";"42";"km/h";
"42946.626341";"Fuel/Air commanded equivalence ratio";"15.2888448";"";
"42946.7055704";"Fuel economizer (based on fuel system status and throttle position)";"2";"";
"42946.7055704";"Throttle position";"20";"%";
"42946.7684178";"Average fuel consumption";"6.905658237736202";"L/100km";
"42946.7684178";"Average fuel consumption (Today)";"10.700235595890316";"L/100km";
"42946.7684178";"Average fuel consumption (total)";"6.41390787548441";"L/100km";
"42946.7684178";"Average fuel consumption (Week)";"6.505964207725033";"L/100km";
"42946.7684178";"Average fuel consumption 10 sec";"7.311172755241221";"L/100km";
"42946.7684178";"Calculated instant fuel rate";"1.0225021521788729";"L/h";
"42946.7684178";"Fuel used";"0.024767906728523845";"L";
"42946.7684178";"Fuel used (Today)";"0.038378";"L";
"42946.7684178";"Fuel used (total)";"2.6803069999999996";"L";
"42946.7684178";"Fuel used (Week)";"2.1289709999999995";"L";
"42946.7684178";"Fuel used price";"0.04086704610206434";"€";
"42946.7684178";"Fuel used price (Today)";"0.0633237";"€";
"42946.7684178";"Fuel used price (total)";"4.4225065500000005";"€";
"42946.7684178";"Fuel used price (Week)";"3.5128021499999997";"€";
"42946.7684178";"Instant engine power (based on fuel consumption)";"4.000230774535002";"hp";
"42946.7684178";"MAF air flow rate";"3.17";"g/sec";
"42946.7684178";"Power from MAF";"3.804";"hp";
"42946.8095559";"Average speed";"27.578263808534455";"km/h";
"42946.8095559";"Calculated instant fuel consumption";"2.434528933759221";"L/100km";
"42946.8095559";"Distance travelled";"0.361424720888889";"km";
"42946.8095559";"Distance travelled (Today)";"0.361429";"km";
"42946.8095559";"Distance travelled (total)";"41.79174900000001";"km";
"42946.8095559";"Distance travelled (Week)";"32.726138";"km";
"42946.8095559";"Vehicle acceleration";"0";"g";
"42946.8095559";"Vehicle speed";"42";"km/h";
"42946.8607597";"Fuel/Air commanded equivalence ratio";"15.34599936";"";
"42946.9607269";"Fuel economizer (based on fuel system status and throttle position)";"2";"";
"42946.9607269";"Throttle position";"20";"%";
"42946.9980596";"Average fuel consumption";"6.870262744730199";"L/100km";
"42946.9980596";"Average fuel consumption (Today)";"10.635837190706887";"L/100km";
"42946.9980596";"Average fuel consumption (total)";"6.413634423388212";"L/100km";
"42946.9980596";"Average fuel consumption (Week)";"6.505607230526253";"L/100km";
"42946.9980596";"Average fuel consumption 10 sec";"7.294703415973083";"L/100km";
"42946.9980596";"Calculated instant fuel rate";"0.9865584946432099";"L/h";
"42946.9980596";"Fuel used";"0.024830827949474447";"L";
"42946.9980596";"Fuel used (Today)";"0.038440999999999996";"L";
"42946.9980596";"Fuel used (total)";"2.6803699999999995";"L";
"42946.9980596";"Fuel used (Week)";"2.1290339999999994";"L";
"42946.9980596";"Fuel used price";"0.04097086611663284";"€";
"42946.9980596";"Fuel used price (Today)";"0.06342764999999999";"€";
"42946.9980596";"Fuel used price (total)";"4.4226105";"€";
"42946.9980596";"Fuel used price (Week)";"3.5129060999999995";"€";
"42946.9980596";"Instant engine power (based on fuel consumption)";"3.859612072934114";"hp";
"42946.9980596";"MAF air flow rate";"3.0700000000000003";"g/sec";
"42946.9980596";"Power from MAF";"3.684";"hp";
"42947.0406322";"Average speed";"27.64855301513562";"km/h";
"42947.0406322";"Calculated instant fuel consumption";"2.3489487967695473";"L/100km";
"42947.0406322";"Distance travelled";"0.3641205550555557";"km";
"42947.0406322";"Distance travelled (Today)";"0.364125";"km";
"42947.0406322";"Distance travelled (total)";"41.79444500000001";"km";
"42947.0406322";"Distance travelled (Week)";"32.728834";"km";
"42947.0406322";"Vehicle acceleration";"0";"g";
"42947.0406322";"Vehicle speed";"42";"km/h";
"42947.0813316";"Fuel/Air commanded equivalence ratio";"15.37457664";"";
"42947.182588";"Fuel economizer (based on fuel system status and throttle position)";"0";"";
"42947.182588";"Throttle position";"18.823529411764707";"%";
"42947.2227073";"Average fuel consumption";"6.8193974783120614";"L/100km";
"42947.2227073";"Average fuel consumption (Today)";"10.557088911774802";"L/100km";
"42947.2227073";"Average fuel consumption (total)";"6.41322070433044";"L/100km";
"42947.2227073";"Average fuel consumption (Week)";"6.505071338624528";"L/100km";
"42947.2227073";"Average fuel consumption 10 sec";"7.277482357897472";"L/100km";
"42947.2227073";"Calculated instant fuel rate";"0";"L/h";
"42947.2227073";"Fuel used";"0.024830827949474447";"L";
"42947.2227073";"Fuel used (Today)";"0.038440999999999996";"L";
"42947.2227073";"Fuel used (total)";"2.6803699999999995";"L";
"42947.2227073";"Fuel used (Week)";"2.1290339999999994";"L";
"42947.2227073";"Fuel used price";"0.04097086611663284";"€";
"42947.2227073";"Fuel used price (Today)";"0.06342764999999999";"€";
"42947.2227073";"Fuel used price (total)";"4.4226105";"€";
"42947.2227073";"Fuel used price (Week)";"3.5129060999999995";"€";
"42947.2227073";"Instant engine power (based on fuel consumption)";"0";"hp";
"42947.2227073";"MAF air flow rate";"2.34";"g/sec";
"42947.2227073";"Power from MAF";"2.808";"hp";
"42947.2660035";"Average speed";"27.71645166887546";"km/h";
"42947.2660035";"Calculated instant fuel consumption";"0";"L/100km";
"42947.2660035";"Distance travelled";"0.366749897388889";"km";
"42947.2660035";"Distance travelled (Today)";"0.366754";"km";
"42947.2660035";"Distance travelled (total)";"41.79707400000001";"km";
"42947.2660035";"Distance travelled (Week)";"32.731463";"km";
"42947.2660035";"Vehicle acceleration";"0";"g";
"42947.2660035";"Vehicle speed";"42";"km/h";
"42947.3139711";"Fuel/Air commanded equivalence ratio";"17.689336320000002";"";
"42947.4097224";"Fuel economizer (based on fuel system status and throttle position)";"0";"";
"42947.4097224";"Throttle position";"18.431372549019606";"%";
"42947.4580215";"Average fuel consumption";"6.770507129316164";"L/100km";
"42947.4580215";"Average fuel consumption (Today)";"10.481412608996765";"L/100km";
"42947.4580215";"Average fuel consumption (total)";"6.412817318264906";"L/100km";
"42947.4580215";"Average fuel consumption (Week)";"6.50454884952744";"L/100km";
"42947.4580215";"Average fuel consumption 10 sec";"7.2598020400109124";"L/100km";
"42947.4580215";"Calculated instant fuel rate";"0";"L/h";
"42947.4580215";"Fuel used";"0.024830827949474447";"L";
"42947.4580215";"Fuel used (Today)";"0.038440999999999996";"L";
"42947.4580215";"Fuel used (total)";"2.6803699999999995";"L";
"42947.4580215";"Fuel used (Week)";"2.1290339999999994";"L";
"42947.4580215";"Fuel used price";"0.04097086611663284";"€";
"42947.4580215";"Fuel used price (Today)";"0.06342764999999999";"€";
"42947.4580215";"Fuel used price (total)";"4.4226105";"€";
"42947.4580215";"Fuel used price (Week)";"3.5129060999999995";"€";
"42947.4580215";"Instant engine power (based on fuel consumption)";"0";"hp";
"42947.4580215";"MAF air flow rate";"1.85";"g/sec";
"42947.4580215";"Power from MAF";"2.22";"hp";
"42947.4969772";"Average speed";"27.780545410378313";"km/h";
"42947.4969772";"Calculated instant fuel consumption";"0";"L/100km";
"42947.4969772";"Distance travelled";"0.3693802763055557";"km";
"42947.4969772";"Distance travelled (Today)";"0.369384";"km";
"42947.4969772";"Distance travelled (total)";"41.799704000000006";"km";
"42947.4969772";"Distance travelled (Week)";"32.734092999999994";"km";
"42947.4969772";"Vehicle acceleration";"-0.030644924886775716";"g";
"42947.4969772";"Vehicle speed";"41";"km/h";
"42947.5305136";"Fuel/Air commanded equivalence ratio";"18.203727360000002";"";
"42947.6274142";"Fuel economizer (based on fuel system status and throttle position)";"0";"";
"42947.6274142";"Throttle position";"18.431372549019606";"%";
"42947.6671752";"Average fuel consumption";"6.722293945368674";"L/100km";
"42947.6671752";"Average fuel consumption (Today)";"10.406785350746107";"L/100km";
"42947.6671752";"Average fuel consumption (total)";"6.412413829533335";"L/100km";
"42947.6671752";"Average fuel consumption (Week)";"6.50402624566381";"L/100km";
"42947.6671752";"Average fuel consumption 10 sec";"7.2416815105286245";"L/100km";
"42947.6671752";"Calculated instant fuel rate";"0";"L/h";
"42947.6671752";"Fuel used";"0.024830827949474447";"L";
"42947.6671752";"Fuel used (Today)";"0.038440999999999996";"L";
"42947.6671752";"Fuel used (total)";"2.6803699999999995";"L";
"42947.6671752";"Fuel used (Week)";"2.1290339999999994";"L";
"42947.6671752";"Fuel used price";"0.04097086611663284";"€";
"42947.6671752";"Fuel used price (Today)";"0.06342764999999999";"€";
"42947.6671752";"Fuel used price (total)";"4.4226105";"€";
"42947.6671752";"Fuel used price (Week)";"3.5129060999999995";"€";
"42947.6671752";"Instant engine power (based on fuel consumption)";"0";"hp";
"42947.6671752";"MAF air flow rate";"1.82";"g/sec";
"42947.6671752";"Power from MAF";"2.184";"hp";
"42947.7096038";"Average speed";"27.839006670694047";"km/h";
"42947.7096038";"Calculated instant fuel consumption";"0";"L/100km";
"42947.7096038";"Distance travelled";"0.37180184222222235";"km";
"42947.7096038";"Distance travelled (Today)";"0.371806";"km";
"42947.7096038";"Distance travelled (total)";"41.80212600000001";"km";
"42947.7096038";"Distance travelled (Week)";"32.736515";"km";
"42947.7096038";"Vehicle acceleration";"-0.03147104766368324";"g";
"42947.7096038";"Vehicle speed";"41";"km/h";
"42947.7454547";"Fuel/Air commanded equivalence ratio";"18.203727360000002";"";
"42947.8258052";"Fuel economizer (based on fuel system status and throttle position)";"0";"";
"42947.8258052";"Throttle position";"18.431372549019606";"%";
"42947.8725229";"Average fuel consumption";"6.678511273925669";"L/100km";
"42947.8725229";"Average fuel consumption (Today)";"10.338993991490184";"L/100km";
"42947.8725229";"Average fuel consumption (total)";"6.41204229660472";"L/100km";
"42947.8725229";"Average fuel consumption (Week)";"6.503545047479855";"L/100km";
"42947.8725229";"Average fuel consumption 10 sec";"7.22308487113853";"L/100km";
"42947.8725229";"Calculated instant fuel rate";"0";"L/h";
"42947.8725229";"Fuel used";"0.024830827949474447";"L";
"42947.8725229";"Fuel used (Today)";"0.038440999999999996";"L";
"42947.8725229";"Fuel used (total)";"2.6803699999999995";"L";
"42947.8725229";"Fuel used (Week)";"2.1290339999999994";"L";
"42947.8725229";"Fuel used price";"0.04097086611663284";"€";
"42947.8725229";"Fuel used price (Today)";"0.06342764999999999";"€";
"42947.8725229";"Fuel used price (total)";"4.4226105";"€";
"42947.8725229";"Fuel used price (Week)";"3.5129060999999995";"€";
"42947.8725229";"Instant engine power (based on fuel consumption)";"0";"hp";
"42947.8725229";"MAF air flow rate";"1.87";"g/sec";
"42947.8725229";"Power from MAF";"2.244";"hp";
"42947.9143865";"Average speed";"27.890584735252027";"km/h";
"42947.9143865";"Calculated instant fuel consumption";"0";"L/100km";
"42947.9143865";"Distance travelled";"0.3740772522222223";"km";
"42947.9143865";"Distance travelled (Today)";"0.374081";"km";
"42947.9143865";"Distance travelled (total)";"41.804401000000006";"km";
"42947.9143865";"Distance travelled (Week)";"32.738789999999995";"km";
"42947.9143865";"Vehicle acceleration";"-0.06483619104477771";"g";
"42947.9143865";"Vehicle speed";"40";"km/h";
"42947.9582414";"Fuel/Air commanded equivalence ratio";"18.203727360000002";"";
"42948.0467429";"Fuel economizer (based on fuel system status and throttle position)";"0";"";
"42948.0467429";"Throttle position";"18.431372549019606";"%";
"42948.0911594";"Average fuel consumption";"6.637887709548182";"L/100km";
"42948.0911594";"Average fuel consumption (Today)";"10.27611666991908";"L/100km";
"42948.0911594";"Average fuel consumption (total)";"6.411693352573091";"L/100km";
"42948.0911594";"Average fuel consumption (Week)";"6.5030931198129185";"L/100km";
"42948.0911594";"Average fuel consumption 10 sec";"7.20405554323674";"L/100km";
"42948.0911594";"Calculated instant fuel rate";"0";"L/h";
"42948.0911594";"Fuel used";"0.024830827949474447";"L";
"42948.0911594";"Fuel used (Today)";"0.038440999999999996";"L";
"42948.0911594";"Fuel used (total)";"2.6803699999999995";"L";
"42948.0911594";"Fuel used (Week)";"2.1290339999999994";"L";
"42948.0911594";"Fuel used price";"0.04097086611663284";"€";
"42948.0911594";"Fuel used price (Today)";"0.06342764999999999";"€";
"42948.0911594";"Fuel used price (total)";"4.4226105";"€";
"42948.0911594";"Fuel used price (Week)";"3.5129060999999995";"€";
"42948.0911594";"Instant engine power (based on fuel consumption)";"0";"hp";
"42948.0911594";"MAF air flow rate";"1.79";"g/sec";
"42948.0911594";"Power from MAF";"2.148";"hp";
"42948.1306085";"Average speed";"27.94456340868598";"km/h";
"42948.1306085";"Calculated instant fuel consumption";"0";"L/100km";
"42948.1306085";"Distance travelled";"0.3764794177777779";"km";
"42948.1306085";"Distance travelled (Today)";"0.376483";"km";
"42948.1306085";"Distance travelled (total)";"41.80680300000001";"km";
"42948.1306085";"Distance travelled (Week)";"32.741192";"km";
"42948.1306085";"Vehicle acceleration";"-0.06552229135963361";"g";
"42948.1306085";"Vehicle speed";"40";"km/h";
"42948.1763757";"Fuel/Air commanded equivalence ratio";"18.203727360000002";"";
"42948.270115";"Fuel economizer (based on fuel system status and throttle position)";"0";"";
"42948.270115";"Throttle position";"18.431372549019606";"%";
"42948.3059302";"Average fuel consumption";"6.595533985906019";"L/100km";
"42948.3059302";"Average fuel consumption (Today)";"10.21055399579795";"L/100km";
"42948.3059302";"Average fuel consumption (total)";"6.411324970244672";"L/100km";
"42948.3059302";"Average fuel consumption (Week)";"6.502616031817045";"L/100km";
"42948.3059302";"Average fuel consumption 10 sec";"7.184403315736538";"L/100km";
"42948.3059302";"Calculated instant fuel rate";"0";"L/h";
"42948.3059302";"Fuel used";"0.024830827949474447";"L";
"42948.3059302";"Fuel used (Today)";"0.038440999999999996";"L";
"42948.3059302";"Fuel used (total)";"2.6803699999999995";"L";
"42948.3059302";"Fuel used (Week)";"2.1290339999999994";"L";
"42948.3059302";"Fuel used price";"0.04097086611663284";"€";
"42948.3059302";"Fuel used price (Today)";"0.06342764999999999";"€";
"42948.3059302";"Fuel used price (total)";"4.4226105";"€";
"42948.3059302";"Fuel used price (Week)";"3.5129060999999995";"€";
"42948.3059302";"Instant engine power (based on fuel consumption)";"0";"hp";
"42948.3059302";"MAF air flow rate";"1.87";"g/sec";
"42948.3059302";"Power from MAF";"2.244";"hp";
"42948.3574383";"Average speed";"27.99603285633946";"km/h";
"42948.3574383";"Calculated instant fuel consumption";"0";"L/100km";
"42948.3574383";"Distance travelled";"0.37893700386111123";"km";
"42948.3574383";"Distance travelled (Today)";"0.378941";"km";
"42948.3574383";"Distance travelled (total)";"41.80926100000001";"km";
"42948.3574383";"Distance travelled (Week)";"32.743649999999995";"km";
"42948.3574383";"Vehicle acceleration";"-0.0658378405729161";"g";
"42948.3574383";"Vehicle speed";"39";"km/h";
"42948.4073471";"Fuel/Air commanded equivalence ratio";"18.175150079999998";"";
"42948.4941634";"Fuel economizer (based on fuel system status and throttle position)";"0";"";
"42948.4941634";"Throttle position";"18.431372549019606";"%";
"42948.5332975";"Average fuel consumption";"6.552758821773841";"L/100km";
"42948.5332975";"Average fuel consumption (Today)";"10.144323258765876";"L/100km";
"42948.5332975";"Average fuel consumption (total)";"6.410948043305522";"L/100km";
"42948.5332975";"Average fuel consumption (Week)";"6.50212789349996";"L/100km";
"42948.5332975";"Average fuel consumption 10 sec";"7.164261510980699";"L/100km";
"42948.5332975";"Calculated instant fuel rate";"0";"L/h";
"42948.5332975";"Fuel used";"0.024830827949474447";"L";
"42948.5332975";"Fuel used (Today)";"0.038440999999999996";"L";
"42948.5332975";"Fuel used (total)";"2.6803699999999995";"L";
"42948.5332975";"Fuel used (Week)";"2.1290339999999994";"L";
"42948.5332975";"Fuel used price";"0.04097086611663284";"€";
"42948.5332975";"Fuel used price (Today)";"0.06342764999999999";"€";
"42948.5332975";"Fuel used price (total)";"4.4226105";"€";
"42948.5332975";"Fuel used price (Week)";"3.5129060999999995";"€";
"42948.5332975";"Instant engine power (based on fuel consumption)";"0";"hp";
"42948.5332975";"MAF air flow rate";"1.85";"g/sec";
"42948.5332975";"Power from MAF";"2.22";"hp";
"42948.5789135";"Average speed";"28.045825061512513";"km/h";
"42948.5789135";"Calculated instant fuel consumption";"0";"L/100km";
"42948.5789135";"Distance travelled";"0.3813364821111112";"km";
"42948.5789135";"Distance travelled (Today)";"0.38134";"km";
"42948.5789135";"Distance travelled (total)";"41.81166000000001";"km";
"42948.5789135";"Distance travelled (Week)";"32.746049";"km";
"42948.5789135";"Vehicle acceleration";"-0.06516768502755234";"g";
"42948.5789135";"Vehicle speed";"39";"km/h";
"42948.6183299";"Fuel/Air commanded equivalence ratio";"18.175150079999998";"";
"42948.6974795";"Fuel economizer (based on fuel system status and throttle position)";"0";"";
"42948.6974795";"Throttle position";"18.431372549019606";"%";
"42948.7464848";"Average fuel consumption";"6.511526988450952";"L/100km";
"42948.7464848";"Average fuel consumption (Today)";"10.080505585566685";"L/100km";
"42948.7464848";"Average fuel consumption (total)";"6.410580206573952";"L/100km";
"42948.7464848";"Average fuel consumption (Week)";"6.501651542755584";"L/100km";
"42948.7464848";"Average fuel consumption 10 sec";"7.143445866809959";"L/100km";
"42948.7464848";"Calculated instant fuel rate";"0";"L/h";
"42948.7464848";"Fuel used";"0.024830827949474447";"L";
"42948.7464848";"Fuel used (Today)";"0.038440999999999996";"L";
"42948.7464848";"Fuel used (total)";"2.6803699999999995";"L";
"42948.7464848";"Fuel used (Week)";"2.1290339999999994";"L";
"42948.7464848";"Fuel used price";"0.04097086611663284";"€";
"42948.7464848";"Fuel used price (Today)";"0.06342764999999999";"€";
"42948.7464848";"Fuel used price (total)";"4.4226105";"€";
"42948.7464848";"Fuel used price (Week)";"3.5129060999999995";"€";
"42948.7464848";"Instant engine power (based on fuel consumption)";"0";"hp";
"42948.7464848";"MAF air flow rate";"1.82";"g/sec";
"42948.7464848";"Power from MAF";"2.184";"hp";
"42948.7890331";"Average speed";"28.092645147889698";"km/h";
"42948.7890331";"Calculated instant fuel consumption";"0";"L/100km";
"42948.7890331";"Distance travelled";"0.38361271927777785";"km";
"42948.7890331";"Distance travelled (Today)";"0.383616";"km";
"42948.7890331";"Distance travelled (total)";"41.81393600000001";"km";
"42948.7890331";"Distance travelled (Week)";"32.748325";"km";
"42948.7890331";"Vehicle acceleration";"-0.03238502311733448";"g";
"42948.7890331";"Vehicle speed";"39";"km/h";
"42948.8259409";"Fuel/Air commanded equivalence ratio";"18.175150079999998";"";
"42948.9108286";"Fuel economizer (based on fuel system status and throttle position)";"0";"";
"42948.9108286";"Throttle position";"18.431372549019606";"%";
"42948.9632541";"Average fuel consumption";"6.472889636251658";"L/100km";
"42948.9632541";"Average fuel consumption (Today)";"10.020697781114446";"L/100km";
"42948.9632541";"Average fuel consumption (total)";"6.410231268350338";"L/100km";
"42948.9632541";"Average fuel consumption (Week)";"6.501199679678272";"L/100km";
"42948.9632541";"Average fuel consumption 10 sec";"7.121587830963914";"L/100km";
"42948.9632541";"Calculated instant fuel rate";"0";"L/h";
"42948.9632541";"Fuel used";"0.024830827949474447";"L";
"42948.9632541";"Fuel used (Today)";"0.038440999999999996";"L";
"42948.9632541";"Fuel used (total)";"2.6803699999999995";"L";
"42948.9632541";"Fuel used (Week)";"2.1290339999999994";"L";
"42948.9632541";"Fuel used price";"0.04097086611663284";"€";
"42948.9632541";"Fuel used price (Today)";"0.06342764999999999";"€";
"42948.9632541";"Fuel used price (total)";"4.4226105";"€";
"42948.9632541";"Fuel used price (Week)";"3.5129060999999995";"€";
"42948.9632541";"Instant engine power (based on fuel consumption)";"0";"hp";
"42948.9632541";"MAF air flow rate";"1.87";"g/sec";
"42948.9632541";"Power from MAF";"2.244";"hp";
"42949.0091803";"Average speed";"28.141270425434964";"km/h";
"42949.0091803";"Calculated instant fuel consumption";"0";"L/100km";
"42949.0091803";"Distance travelled";"0.38599749777777786";"km";
"42949.0091803";"Distance travelled (Today)";"0.386001";"km";
"42949.0091803";"Distance travelled (total)";"41.81632100000001";"km";
"42949.0091803";"Distance travelled (Week)";"32.75071";"km";
"42949.0091803";"Vehicle acceleration";"-0.03224033637375797";"g";
"42949.0091803";"Vehicle speed";"39";"km/h";
"42949.0575988";"Fuel/Air commanded equivalence ratio";"18.175150079999998";"";
"42949.1411374";"Fuel economizer (based on fuel system status and throttle position)";"0";"";
"42949.1411374";"Throttle position";"18.431372549019606";"%";
"42949.185377";"Average fuel consumption";"6.432898682615236";"L/100km";
"42949.185377";"Average fuel consumption (Today)";"9.958782490200802";"L/100km";
"42949.185377";"Average fuel consumption (total)";"6.409865659869979";"L/100km";
"42949.185377";"Average fuel consumption (Week)";"6.500726243797462";"L/100km";
"42949.185377";"Average fuel consumption 10 sec";"7.098992740767855";"L/100km";
"42949.185377";"Calculated instant fuel rate";"0";"L/h";
"42949.185377";"Fuel used";"0.024830827949474447";"L";
"42949.185377";"Fuel used (Today)";"0.038440999999999996";"L";
"42949.185377";"Fuel used (total)";"2.6803699999999995";"L";
"42949.185377";"Fuel used (Week)";"2.1290339999999994";"L";
"42949.185377";"Fuel used price";"0.04097086611663284";"€";
"42949.185377";"Fuel used price (Today)";"0.06342764999999999";"€";
"42949.185377";"Fuel used price (total)";"4.4226105";"€";
"42949.185377";"Fuel used price (Week)";"3.5129060999999995";"€";
"42949.185377";"Instant engine power (based on fuel consumption)";"0";"hp";
"42949.185377";"MAF air flow rate";"1.79";"g/sec";
"42949.185377";"Power from MAF";"2.148";"hp";
"42949.2304682";"Average speed";"28.18971440018112";"km/h";
"42949.2304682";"Calculated instant fuel consumption";"0";"L/100km";
"42949.2304682";"Distance travelled";"0.3883947183611112";"km";
"42949.2304682";"Distance travelled (Today)";"0.388398";"km";
"42949.2304682";"Distance travelled (total)";"41.81871800000001";"km";
"42949.2304682";"Distance travelled (Week)";"32.753107";"km";
"42949.2304682";"Vehicle acceleration";"0";"g";
"42949.2304682";"Vehicle speed";"39";"km/h";
"42949.2820164";"Fuel/Air commanded equivalence ratio";"18.175150079999998";"";
"42949.3985277";"Fuel economizer (based on fuel system status and throttle position)";"0";"";
"42949.3985277";"Throttle position";"18.431372549019606";"%";
"42949.4493647";"Average fuel consumption";"6.3931940306118955";"L/100km";
"42949.4493647";"Average fuel consumption (Today)";"9.89732181937085";"L/100km";
"42949.4493647";"Average fuel consumption (total)";"6.409498253868037";"L/100km";
"42949.4493647";"Average fuel consumption (Week)";"6.50025049531942";"L/100km";
"42949.4493647";"Average fuel consumption 10 sec";"7.0761471275899765";"L/100km";
"42949.4493647";"Calculated instant fuel rate";"0";"L/h";
"42949.4493647";"Fuel used";"0.024830827949474447";"L";
"42949.4493647";"Fuel used (Today)";"0.038440999999999996";"L";
"42949.4493647";"Fuel used (total)";"2.6803699999999995";"L";
"42949.4493647";"Fuel used (Week)";"2.1290339999999994";"L";
"42949.4493647";"Fuel used price";"0.04097086611663284";"€";
"42949.4493647";"Fuel used price (Today)";"0.06342764999999999";"€";
"42949.4493647";"Fuel used price (total)";"4.4226105";"€";
"42949.4493647";"Fuel used price (Week)";"3.5129060999999995";"€";
"42949.4493647";"Instant engine power (based on fuel consumption)";"0";"hp";
"42949.4493647";"MAF air flow rate";"1.81";"g/sec";
"42949.4493647";"Power from MAF";"2.172";"hp";
"42949.4980645";"Average speed";"28.247719714898075";"km/h";
"42949.4980645";"Calculated instant fuel consumption";"0";"L/100km";
"42949.4980645";"Distance travelled";"0.3912934930277779";"km";
"42949.4980645";"Distance travelled (Today)";"0.391297";"km";
"42949.4980645";"Distance travelled (total)";"41.82161700000001";"km";
"42949.4980645";"Distance travelled (Week)";"32.756006";"km";
"42949.4980645";"Vehicle acceleration";"0";"g";
"42949.4980645";"Vehicle speed";"39";"km/h";
"42949.5392268";"Fuel/Air commanded equivalence ratio";"18.175150079999998";"";
"42949.6347527";"Fuel economizer (based on fuel system status and throttle position)";"0";"";
"42949.6347527";"Throttle position";"18.431372549019606";"%";
"42949.6743395";"Average fuel consumption";"6.3458320651684605";"L/100km";
"42949.6743395";"Average fuel consumption (Today)";"9.823995583917075";"L/100km";
"42949.6743395";"Average fuel consumption (total)";"6.409053958865337";"L/100km";
"42949.6743395";"Average fuel consumption (Week)";"6.4996752046021715";"L/100km";
"42949.6743395";"Average fuel consumption 10 sec";"7.052633070337241";"L/100km";
"42949.6743395";"Calculated instant fuel rate";"0";"L/h";
"42949.6743395";"Fuel used";"0.024830827949474447";"L";
"42949.6743395";"Fuel used (Today)";"0.038440999999999996";"L";
"42949.6743395";"Fuel used (total)";"2.6803699999999995";"L";
"42949.6743395";"Fuel used (Week)";"2.1290339999999994";"L";
"42949.6743395";"Fuel used price";"0.04097086611663284";"€";
"42949.6743395";"Fuel used price (Today)";"0.06342764999999999";"€";
"42949.6743395";"Fuel used price (total)";"4.4226105";"€";
"42949.6743395";"Fuel used price (Week)";"3.5129060999999995";"€";
"42949.6743395";"Instant engine power (based on fuel consumption)";"0";"hp";
"42949.6743395";"MAF air flow rate";"1.79";"g/sec";
"42949.6743395";"Power from MAF";"2.148";"hp";
"42949.7268815";"Average speed";"28.292264321471386";"km/h";
"42949.7268815";"Calculated instant fuel consumption";"0";"L/100km";
"42949.7268815";"Distance travelled";"0.39370884269444456";"km";
"42949.7268815";"Distance travelled (Today)";"0.393712";"km";
"42949.7268815";"Distance travelled (total)";"41.82403200000001";"km";
"42949.7268815";"Distance travelled (Week)";"32.758421";"km";
"42949.7268815";"Vehicle acceleration";"-0.030202589630155586";"g";
"42949.7268815";"Vehicle speed";"38";"km/h";
"42949.764874";"Fuel/Air commanded equivalence ratio";"18.175150079999998";"";
"42949.8495144";"Fuel economizer (based on fuel system status and throttle position)";"0";"";
"42949.8495144";"Throttle position";"18.431372549019606";"%";
"42949.8897926";"Average fuel consumption";"6.306901257167223";"L/100km";
"42949.8897926";"Average fuel consumption (Today)";"9.763735928800747";"L/100km";
"42949.8897926";"Average fuel consumption (total)";"6.408683887770549";"L/100km";
"42949.8897926";"Average fuel consumption (Week)";"6.499196038783431";"L/100km";
"42949.8897926";"Average fuel consumption 10 sec";"7.02066282536126";"L/100km";
"42949.8897926";"Calculated instant fuel rate";"0";"L/h";
"42949.8897926";"Fuel used";"0.024830827949474447";"L";
"42949.8897926";"Fuel used (Today)";"0.038440999999999996";"L";
"42949.8897926";"Fuel used (total)";"2.6803699999999995";"L";
"42949.8897926";"Fuel used (Week)";"2.1290339999999994";"L";
"42949.8897926";"Fuel used price";"0.04097086611663284";"€";
"42949.8897926";"Fuel used price (Today)";"0.06342764999999999";"€";
"42949.8897926";"Fuel used price (total)";"4.4226105";"€";
"42949.8897926";"Fuel used price (Week)";"3.5129060999999995";"€";
"42949.8897926";"Instant engine power (based on fuel consumption)";"0";"hp";
"42949.8897926";"MAF air flow rate";"1.85";"g/sec";
"42949.8897926";"Power from MAF";"2.22";"hp";
"42949.932452";"Average speed";"28.331935293548344";"km/h";
"42949.932452";"Calculated instant fuel consumption";"0";"L/100km";
"42949.932452";"Distance travelled";"0.39587866591666676";"km";
"42949.932452";"Distance travelled (Today)";"0.395882";"km";
"42949.932452";"Distance travelled (total)";"41.82620200000001";"km";
"42949.932452";"Distance travelled (Week)";"32.760591";"km";
"42949.932452";"Vehicle acceleration";"-0.03067943094161557";"g";
"42949.932452";"Vehicle speed";"38";"km/h";
"42949.9725793";"Fuel/Air commanded equivalence ratio";"18.175150079999998";"";
"42950.0579033";"Fuel economizer (based on fuel system status and throttle position)";"0";"";
"42950.0579033";"Throttle position";"18.431372549019606";"%";
"42950.0902742";"Average fuel consumption";"6.272332936148013";"L/100km";
"42950.0902742";"Average fuel consumption (Today)";"9.710216680728095";"L/100km";
"42950.0902742";"Average fuel consumption (total)";"6.408351396571935";"L/100km";
"42950.0902742";"Average fuel consumption (Week)";"6.498765544247965";"L/100km";
"42950.0902742";"Average fuel consumption 10 sec";"7.004740912824809";"L/100km";
"42950.0902742";"Calculated instant fuel rate";"0";"L/h";
"42950.0902742";"Fuel used";"0.024830827949474447";"L";
"42950.0902742";"Fuel used (Today)";"0.038440999999999996";"L";
"42950.0902742";"Fuel used (total)";"2.6803699999999995";"L";
"42950.0902742";"Fuel used (Week)";"2.1290339999999994";"L";
"42950.0902742";"Fuel used price";"0.04097086611663284";"€";
"42950.0902742";"Fuel used price (Today)";"0.06342764999999999";"€";
"42950.0902742";"Fuel used price (total)";"4.4226105";"€";
"42950.0902742";"Fuel used price (Week)";"3.5129060999999995";"€";
"42950.0902742";"Instant engine power (based on fuel consumption)";"0";"hp";
"42950.0902742";"MAF air flow rate";"1.82";"g/sec";
"42950.0902742";"Power from MAF";"2.184";"hp";
"42950.1337409";"Average speed";"28.370472577465726";"km/h";
"42950.1337409";"Calculated instant fuel consumption";"0";"L/100km";
"42950.1337409";"Distance travelled";"0.39800360058333345";"km";
"42950.1337409";"Distance travelled (Today)";"0.398007";"km";
"42950.1337409";"Distance travelled (total)";"41.82832700000001";"km";
"42950.1337409";"Distance travelled (Week)";"32.762716";"km";
"42950.1337409";"Vehicle acceleration";"-0.031358691965890265";"g";
"42950.1337409";"Vehicle speed";"38";"km/h";
"42950.1756895";"Fuel/Air commanded equivalence ratio";"18.175150079999998";"";
"42950.2618532";"Fuel economizer (based on fuel system status and throttle position)";"0";"";
"42950.2618532";"Throttle position";"18.431372549019606";"%";
"42950.3015112";"Average fuel consumption";"6.238845053934481";"L/100km";
"42950.3015112";"Average fuel consumption (Today)";"9.658372842688696";"L/100km";
"42950.3015112";"Average fuel consumption (total)";"6.408025833784838";"L/100km";
"42950.3015112";"Average fuel consumption (Week)";"6.4983440322835255";"L/100km";
"42950.3015112";"Average fuel consumption 10 sec";"6.972116689481222";"L/100km";
"42950.3015112";"Calculated instant fuel rate";"0";"L/h";
"42950.3015112";"Fuel used";"0.024830827949474447";"L";
"42950.3015112";"Fuel used (Today)";"0.038440999999999996";"L";
"42950.3015112";"Fuel used (total)";"2.6803699999999995";"L";
"42950.3015112";"Fuel used (Week)";"2.1290339999999994";"L";
"42950.3015112";"Fuel used price";"0.04097086611663284";"€";
"42950.3015112";"Fuel used price (Today)";"0.06342764999999999";"€";
"42950.3015112";"Fuel used price (total)";"4.4226105";"€";
"42950.3015112";"Fuel used price (Week)";"3.5129060999999995";"€";
"42950.3015112";"Instant engine power (based on fuel consumption)";"0";"hp";
"42950.3015112";"MAF air flow rate";"1.82";"g/sec";
"42950.3015112";"Power from MAF";"2.184";"hp";
"42950.3426527";"Average speed";"28.406028410917386";"km/h";
"42950.3426527";"Calculated instant fuel consumption";"0";"L/100km";
"42950.3426527";"Distance travelled";"0.4001511299166668";"km";
"42950.3426527";"Distance travelled (Today)";"0.400155";"km";
"42950.3426527";"Distance travelled (total)";"41.83047500000001";"km";
"42950.3426527";"Distance travelled (Week)";"32.764863999999996";"km";
"42950.3426527";"Vehicle acceleration";"-0.0670751742932189";"g";
"42950.3426527";"Vehicle speed";"37";"km/h";
"42950.3939367";"Fuel/Air commanded equivalence ratio";"18.11799552";"";
"42950.4774811";"Fuel economizer (based on fuel system status and throttle position)";"0";"";
"42950.4774811";"Throttle position";"18.431372549019606";"%";
"42950.5244128";"Average fuel consumption";"6.205362447594631";"L/100km";
"42950.5244128";"Average fuel consumption (Today)";"9.60652747060514";"L/100km";
"42950.5244128";"Average fuel consumption (total)";"6.407696780875662";"L/100km";
"42950.5244128";"Average fuel consumption (Week)";"6.4979180136380235";"L/100km";
"42950.5244128";"Average fuel consumption 10 sec";"6.955802769441081";"L/100km";
"42950.5244128";"Calculated instant fuel rate";"0";"L/h";
"42950.5244128";"Fuel used";"0.024830827949474447";"L";
"42950.5244128";"Fuel used (Today)";"0.038440999999999996";"L";
"42950.5244128";"Fuel used (total)";"2.6803699999999995";"L";
"42950.5244128";"Fuel used (Week)";"2.1290339999999994";"L";
"42950.5244128";"Fuel used price";"0.04097086611663284";"€";
"42950.5244128";"Fuel used price (Today)";"0.06342764999999999";"€";
"42950.5244128";"Fuel used price (total)";"4.4226105";"€";
"42950.5244128";"Fuel used price (Week)";"3.5129060999999995";"€";
"42950.5244128";"Instant engine power (based on fuel consumption)";"0";"hp";
"42950.5244128";"MAF air flow rate";"1.85";"g/sec";
"42950.5244128";"Power from MAF";"2.22";"hp";
"42950.5711018";"Average speed";"28.444560703951215";"km/h";
"42950.5711018";"Calculated instant fuel consumption";"0";"L/100km";
"42950.5711018";"Distance travelled";"0.40249858772222236";"km";
"42950.5711018";"Distance travelled (Today)";"0.402502";"km";
"42950.5711018";"Distance travelled (total)";"41.83282200000001";"km";
"42950.5711018";"Distance travelled (Week)";"32.767210999999996";"km";
"42950.5711018";"Vehicle acceleration";"-0.03355220238188777";"g";
"42950.5711018";"Vehicle speed";"37";"km/h";
"42950.6098215";"Fuel/Air commanded equivalence ratio";"18.11799552";"";
"42950.6815707";"Fuel economizer (based on fuel system status and throttle position)";"0";"";
"42950.6815707";"Throttle position";"18.431372549019606";"%";
"42950.7187678";"Average fuel consumption";"6.169171447282451";"L/100km";
"42950.7187678";"Average fuel consumption (Today)";"9.550511550253164";"L/100km";
"42950.7187678";"Average fuel consumption (total)";"6.407337281716253";"L/100km";
"42950.7187678";"Average fuel consumption (Week)";"6.4974525906400755";"L/100km";
"42950.7187678";"Average fuel consumption 10 sec";"6.9306819685120225";"L/100km";
"42950.7187678";"Calculated instant fuel rate";"0";"L/h";
"42950.7187678";"Fuel used";"0.024830827949474447";"L";
"42950.7187678";"Fuel used (Today)";"0.038440999999999996";"L";
"42950.7187678";"Fuel used (total)";"2.6803699999999995";"L";
"42950.7187678";"Fuel used (Week)";"2.1290339999999994";"L";
"42950.7187678";"Fuel used price";"0.04097086611663284";"€";
"42950.7187678";"Fuel used price (Today)";"0.06342764999999999";"€";
"42950.7187678";"Fuel used price (total)";"4.4226105";"€";
"42950.7187678";"Fuel used price (Week)";"3.5129060999999995";"€";
"42950.7187678";"Instant engine power (based on fuel consumption)";"0";"hp";
"42950.7187678";"MAF air flow rate";"1.85";"g/sec";
"42950.7187678";"Power from MAF";"2.22";"hp";
"42950.7565538";"Average speed";"28.471966070974624";"km/h";
"42950.7565538";"Calculated instant fuel consumption";"0";"L/100km";
"42950.7565538";"Distance travelled";"0.40435306572222235";"km";
"42950.7565538";"Distance travelled (Today)";"0.404356";"km";
"42950.7565538";"Distance travelled (total)";"41.83467600000001";"km";
"42950.7565538";"Distance travelled (Week)";"32.769065";"km";
"42950.7565538";"Vehicle acceleration";"-0.06874260039353879";"g";
"42950.7565538";"Vehicle speed";"36";"km/h";
"42950.8067345";"Fuel/Air commanded equivalence ratio";"18.11799552";"";
"42950.8863012";"Fuel economizer (based on fuel system status and throttle position)";"0";"";
"42950.8863012";"Throttle position";"18.431372549019606";"%";
"42950.9254767";"Average fuel consumption";"6.140877874914502";"L/100km";
"42950.9254767";"Average fuel consumption (Today)";"9.50672179960233";"L/100km";
"42950.9254767";"Average fuel consumption (total)";"6.407053325810384";"L/100km";
"42950.9254767";"Average fuel consumption (Week)";"6.497084979385282";"L/100km";
"42950.9254767";"Average fuel consumption 10 sec";"6.905322187657793";"L/100km";
"42950.9254767";"Calculated instant fuel rate";"0";"L/h";
"42950.9254767";"Fuel used";"0.024830827949474447";"L";
"42950.9254767";"Fuel used (Today)";"0.038440999999999996";"L";
"42950.9254767";"Fuel used (total)";"2.6803699999999995";"L";
"42950.9254767";"Fuel used (Week)";"2.1290339999999994";"L";
"42950.9254767";"Fuel used price";"0.04097086611663284";"€";
"42950.9254767";"Fuel used price (Today)";"0.06342764999999999";"€";
"42950.9254767";"Fuel used price (total)";"4.4226105";"€";
"42950.9254767";"Fuel used price (Week)";"3.5129060999999995";"€";
"42950.9254767";"Instant engine power (based on fuel consumption)";"0";"hp";
"42950.9254767";"MAF air flow rate";"1.84";"g/sec";
"42950.9254767";"Power from MAF";"2.208";"hp";
"42950.9649939";"Average speed";"28.50253483395863";"km/h";
"42950.9649939";"Calculated instant fuel consumption";"0";"L/100km";
"42950.9649939";"Distance travelled";"0.40643760072222235";"km";
"42950.9649939";"Distance travelled (Today)";"0.406441";"km";
"42950.9649939";"Distance travelled (total)";"41.83676100000001";"km";
"42950.9649939";"Distance travelled (Week)";"32.77115";"km";
"42950.9649939";"Vehicle acceleration";"-0.06815121355471321";"g";
"42950.9649939";"Vehicle speed";"36";"km/h";
"42951.0054248";"Fuel/Air commanded equivalence ratio";"18.11799552";"";
"42951.089789";"Fuel economizer (based on fuel system status and throttle position)";"0";"";
"42951.089789";"Throttle position";"19.215686274509803";"%";
"42951.130453";"Average fuel consumption";"6.109382573204625";"L/100km";
"42951.130453";"Average fuel consumption (Today)";"9.457953306876028";"L/100km";
"42951.130453";"Average fuel consumption (total)";"6.406734020351142";"L/100km";
"42951.130453";"Average fuel consumption (Week)";"6.496671615124887";"L/100km";
"42951.130453";"Average fuel consumption 10 sec";"6.8797818242482025";"L/100km";
"42951.130453";"Calculated instant fuel rate";"0";"L/h";
"42951.130453";"Fuel used";"0.024830827949474447";"L";
"42951.130453";"Fuel used (Today)";"0.038440999999999996";"L";
"42951.130453";"Fuel used (total)";"2.6803699999999995";"L";
"42951.130453";"Fuel used (Week)";"2.1290339999999994";"L";
"42951.130453";"Fuel used price";"0.04097086611663284";"€";
"42951.130453";"Fuel used price (Today)";"0.06342764999999999";"€";
"42951.130453";"Fuel used price (total)";"4.4226105";"€";
"42951.130453";"Fuel used price (Week)";"3.5129060999999995";"€";
"42951.130453";"Instant engine power (based on fuel consumption)";"0";"hp";
"42951.130453";"MAF air flow rate";"2.21";"g/sec";
"42951.130453";"Power from MAF";"2.6519999999999997";"hp";
"42951.1708428";"Average speed";"28.53247474703517";"km/h";
"42951.1708428";"Calculated instant fuel consumption";"0";"L/100km";
"42951.1708428";"Distance travelled";"0.40849579672222236";"km";
"42951.1708428";"Distance travelled (Today)";"0.408499";"km";
"42951.1708428";"Distance travelled (total)";"41.83881900000001";"km";
"42951.1708428";"Distance travelled (Week)";"32.773208";"km";
"42951.1708428";"Vehicle acceleration";"-0.03420162878123997";"g";
"42951.1708428";"Vehicle speed";"36";"km/h";
"42951.2146631";"Fuel/Air commanded equivalence ratio";"17.54644992";"";
"42951.293088";"Fuel economizer (based on fuel system status and throttle position)";"0";"";
"42951.293088";"Throttle position";"19.215686274509803";"%";
"42951.3415312";"Average fuel consumption";"6.078600599741162";"L/100km";
"42951.3415312";"Average fuel consumption (Today)";"9.410304553989116";"L/100km";
"42951.3415312";"Average fuel consumption (total)";"6.406418880991834";"L/100km";
"42951.3415312";"Average fuel consumption (Week)";"6.496263655361415";"L/100km";
"42951.3415312";"Average fuel consumption 10 sec";"6.853838436550238";"L/100km";
"42951.3415312";"Calculated instant fuel rate";"0";"L/h";
"42951.3415312";"Fuel used";"0.024830827949474447";"L";
"42951.3415312";"Fuel used (Today)";"0.038440999999999996";"L";
"42951.3415312";"Fuel used (total)";"2.6803699999999995";"L";
"42951.3415312";"Fuel used (Week)";"2.1290339999999994";"L";
"42951.3415312";"Fuel used price";"0.04097086611663284";"€";
"42951.3415312";"Fuel used price (Today)";"0.06342764999999999";"€";
"42951.3415312";"Fuel used price (total)";"4.4226105";"€";
"42951.3415312";"Fuel used price (Week)";"3.5129060999999995";"€";
"42951.3415312";"Instant engine power (based on fuel consumption)";"0";"hp";
"42951.3415312";"MAF air flow rate";"2.43";"g/sec";
"42951.3415312";"Power from MAF";"2.916";"hp";
"42951.3813766";"Average speed";"28.562856298124583";"km/h";
"42951.3813766";"Calculated instant fuel consumption";"0";"L/100km";
"42951.3813766";"Distance travelled";"0.41060129272222234";"km";
"42951.3813766";"Distance travelled (Today)";"0.410604";"km";
"42951.3813766";"Distance travelled (total)";"41.84092400000001";"km";
"42951.3813766";"Distance travelled (Week)";"32.775313";"km";
"42951.3813766";"Vehicle acceleration";"-0.0349578320348825";"g";
"42951.3813766";"Vehicle speed";"36";"km/h";
"42951.4219138";"Fuel/Air commanded equivalence ratio";"16.317626880000002";"";
"42951.5017887";"Fuel economizer (based on fuel system status and throttle position)";"1";"";
"42951.5017887";"Throttle position";"21.96078431372549";"%";
"42951.5546912";"Average fuel consumption";"6.068744952207332";"L/100km";
"42951.5546912";"Average fuel consumption (Today)";"9.383493585060057";"L/100km";
"42951.5546912";"Average fuel consumption (total)";"6.4063068970465356";"L/100km";
"42951.5546912";"Average fuel consumption (Week)";"6.49611492649971";"L/100km";
"42951.5546912";"Average fuel consumption 10 sec";"6.827911328738633";"L/100km";
"42951.5546912";"Calculated instant fuel rate";"1.477853898149109";"L/h";
"42951.5546912";"Fuel used";"0.024918345225777922";"L";
"42951.5546912";"Fuel used (Today)";"0.038529";"L";
"42951.5546912";"Fuel used (total)";"2.680458";"L";
"42951.5546912";"Fuel used (Week)";"2.1291219999999997";"L";
"42951.5546912";"Fuel used price";"0.04111526962253357";"€";
"42951.5546912";"Fuel used price (Today)";"0.06357285";"€";
"42951.5546912";"Fuel used price (total)";"4.422755700000001";"€";
"42951.5546912";"Fuel used price (Week)";"3.5130512999999994";"€";
"42951.5546912";"Instant engine power (based on fuel consumption)";"5.78165691978749";"hp";
"42951.5546912";"MAF air flow rate";"4.89";"g/sec";
"42951.5546912";"Power from MAF";"5.867999999999999";"hp";
"42951.5943446";"Average speed";"28.593334874315925";"km/h";
"42951.5943446";"Calculated instant fuel consumption";"4.105149717080858";"L/100km";
"42951.5943446";"Distance travelled";"0.41273086872222237";"km";
"42951.5943446";"Distance travelled (Today)";"0.412734";"km";
"42951.5943446";"Distance travelled (total)";"41.84305400000001";"km";
"42951.5943446";"Distance travelled (Week)";"32.777443";"km";
"42951.5943446";"Vehicle acceleration";"0";"g";
"42951.5943446";"Vehicle speed";"36";"km/h";
"42951.6417498";"Fuel/Air commanded equivalence ratio";"14.640051240000002";"";
"42951.7266029";"Fuel economizer (based on fuel system status and throttle position)";"1";"";
"42951.7266029";"Throttle position";"22.352941176470587";"%";
"42951.7670055";"Average fuel consumption";"6.065154286604621";"L/100km";
"42951.7670055";"Average fuel consumption (Today)";"9.36268880198869";"L/100km";
"42951.7670055";"Average fuel consumption (total)";"6.406253233810322";"L/100km";
"42951.7670055";"Average fuel consumption (Week)";"6.496040584984008";"L/100km";
"42951.7670055";"Average fuel consumption 10 sec";"6.802186247289061";"L/100km";
"42951.7670055";"Calculated instant fuel rate";"1.9402581989907566";"L/h";
"42951.7670055";"Fuel used";"0.02503276397644636";"L";
"42951.7670055";"Fuel used (Today)";"0.038643";"L";
"42951.7670055";"Fuel used (total)";"2.6805719999999997";"L";
"42951.7670055";"Fuel used (Week)";"2.1292359999999997";"L";
"42951.7670055";"Fuel used price";"0.041304060561136495";"€";
"42951.7670055";"Fuel used price (Today)";"0.06376095";"€";
"42951.7670055";"Fuel used price (total)";"4.4229438000000005";"€";
"42951.7670055";"Fuel used price (Week)";"3.5132393999999993";"€";
"42951.7670055";"Instant engine power (based on fuel consumption)";"7.590674055411588";"hp";
"42951.7670055";"MAF air flow rate";"5.76";"g/sec";
"42951.7670055";"Power from MAF";"6.912";"hp";
"42951.8057842";"Average speed";"28.623342512464788";"km/h";
"42951.8057842";"Calculated instant fuel consumption";"5.389606108307657";"L/100km";
"42951.8057842";"Distance travelled";"0.41484473172222236";"km";
"42951.8057842";"Distance travelled (Today)";"0.414848";"km";
"42951.8057842";"Distance travelled (total)";"41.84516800000001";"km";
"42951.8057842";"Distance travelled (Week)";"32.779557";"km";
"42951.8057842";"Vehicle acceleration";"0";"g";
"42951.8057842";"Vehicle speed";"36";"km/h";
"42951.8450695";"Fuel/Air commanded equivalence ratio";"14.640051240000002";"";
"42951.9332857";"Fuel economizer (based on fuel system status and throttle position)";"1";"";
"42951.9332857";"Throttle position";"28.235294117647058";"%";
"42951.9806707";"Average fuel consumption";"6.113692304831494";"L/100km";
"42951.9806707";"Average fuel consumption (Today)";"9.394525223696391";"L/100km";
"42951.9806707";"Average fuel consumption (total)";"6.406718214155573";"L/100km";
"42951.9806707";"Average fuel consumption (Week)";"6.496628371152178";"L/100km";
"42951.9806707";"Average fuel consumption 10 sec";"6.7769780190015405";"L/100km";
"42951.9806707";"Calculated instant fuel rate";"5.551294291556887";"L/h";
"42951.9806707";"Fuel used";"0.025362330440300365";"L";
"42951.9806707";"Fuel used (Today)";"0.038973";"L";
"42951.9806707";"Fuel used (total)";"2.6809019999999997";"L";
"42951.9806707";"Fuel used (Week)";"2.1295659999999996";"L";
"42951.9806707";"Fuel used price";"0.0418478452264956";"€";
"42951.9806707";"Fuel used price (Today)";"0.06430545";"€";
"42951.9806707";"Fuel used price (total)";"4.423488300000001";"€";
"42951.9806707";"Fuel used price (Week)";"3.5137838999999995";"€";
"42951.9806707";"Instant engine power (based on fuel consumption)";"21.71776188076093";"hp";
"42951.9806707";"MAF air flow rate";"16.48";"g/sec";
"42951.9806707";"Power from MAF";"19.776";"hp";
"42952.0345642";"Average speed";"28.655560708843513";"km/h";
"42952.0345642";"Calculated instant fuel consumption";"15.42026192099135";"L/100km";
"42952.0345642";"Distance travelled";"0.41713354472222236";"km";
"42952.0345642";"Distance travelled (Today)";"0.417137";"km";
"42952.0345642";"Distance travelled (total)";"41.847457000000006";"km";
"42952.0345642";"Distance travelled (Week)";"32.781845999999994";"km";
"42952.0345642";"Vehicle acceleration";"0";"g";
"42952.0345642";"Vehicle speed";"36";"km/h";
"42952.0729439";"Fuel/Air commanded equivalence ratio";"14.640051240000002";"";
"42952.1585449";"Fuel economizer (based on fuel system status and throttle position)";"1";"";
"42952.1585449";"Throttle position";"27.84313725490196";"%";
"42952.2007036";"Average fuel consumption";"6.1435520241369";"L/100km";
"42952.2007036";"Average fuel consumption (Today)";"9.40626221121598";"L/100km";
"42952.2007036";"Average fuel consumption (total)";"6.406998637933959";"L/100km";
"42952.2007036";"Average fuel consumption (Week)";"6.496980066345257";"L/100km";
"42952.2007036";"Average fuel consumption 10 sec";"6.752443614726204";"L/100km";
"42952.2007036";"Calculated instant fuel rate";"4.3285274057345875";"L/h";
"42952.2007036";"Fuel used";"0.025626816330136092";"L";
"42952.2007036";"Fuel used (Today)";"0.039237";"L";
"42952.2007036";"Fuel used (total)";"2.6811659999999997";"L";
"42952.2007036";"Fuel used (Week)";"2.1298299999999997";"L";
"42952.2007036";"Fuel used price";"0.04228424694472455";"€";
"42952.2007036";"Fuel used price (Today)";"0.06474105";"€";
"42952.2007036";"Fuel used price (total)";"4.4239239";"€";
"42952.2007036";"Fuel used price (Week)";"3.5142194999999994";"€";
"42952.2007036";"Instant engine power (based on fuel consumption)";"16.934055835423422";"hp";
"42952.2007036";"MAF air flow rate";"12.85";"g/sec";
"42952.2007036";"Power from MAF";"15.419999999999998";"hp";
"42952.2414233";"Average speed";"28.68443651931266";"km/h";
"42952.2414233";"Calculated instant fuel consumption";"12.02368723815163";"L/100km";
"42952.2414233";"Distance travelled";"0.41920204272222233";"km";
"42952.2414233";"Distance travelled (Today)";"0.419205";"km";
"42952.2414233";"Distance travelled (total)";"41.84952500000001";"km";
"42952.2414233";"Distance travelled (Week)";"32.783913999999996";"km";
"42952.2414233";"Vehicle acceleration";"0";"g";
"42952.2414233";"Vehicle speed";"36";"km/h";
"42952.2863084";"Fuel/Air commanded equivalence ratio";"14.640051240000002";"";
"42952.3700924";"Fuel economizer (based on fuel system status and throttle position)";"1";"";
"42952.3700924";"Throttle position";"32.94117647058823";"%";
"42952.4176751";"Average fuel consumption";"6.192808977500394";"L/100km";
"42952.4176751";"Average fuel consumption (Today)";"9.43953435669899";"L/100km";
"42952.4176751";"Average fuel consumption (total)";"6.407480132689677";"L/100km";
"42952.4176751";"Average fuel consumption (Week)";"6.497589031010757";"L/100km";
"42952.4176751";"Average fuel consumption 10 sec";"6.729171839650219";"L/100km";
"42952.4176751";"Calculated instant fuel rate";"5.534451772468426";"L/h";
"42952.4176751";"Fuel used";"0.025960381735566824";"L";
"42952.4176751";"Fuel used (Today)";"0.039571";"L";
"42952.4176751";"Fuel used (total)";"2.6814999999999998";"L";
"42952.4176751";"Fuel used (Week)";"2.1301639999999997";"L";
"42952.4176751";"Fuel used price";"0.042834629863685254";"€";
"42952.4176751";"Fuel used price (Today)";"0.06529215";"€";
"42952.4176751";"Fuel used price (total)";"4.424475";"€";
"42952.4176751";"Fuel used price (Week)";"3.5147705999999994";"€";
"42952.4176751";"Instant engine power (based on fuel consumption)";"21.651870612918813";"hp";
"42952.4176751";"MAF air flow rate";"16.43";"g/sec";
"42952.4176751";"Power from MAF";"19.715999999999998";"hp";
"42952.4628135";"Average speed";"28.715085303093048";"km/h";
"42952.4628135";"Calculated instant fuel consumption";"15.373477145745627";"L/100km";
"42952.4628135";"Distance travelled";"0.4214154857222223";"km";
"42952.4628135";"Distance travelled (Today)";"0.421418";"km";
"42952.4628135";"Distance travelled (total)";"41.85173800000001";"km";
"42952.4628135";"Distance travelled (Week)";"32.786127";"km";
"42952.4628135";"Vehicle acceleration";"0";"g";
"42952.4628135";"Vehicle speed";"36";"km/h";
"42952.5055689";"Fuel/Air commanded equivalence ratio";"14.640051240000002";"";
"42952.5871397";"Fuel economizer (based on fuel system status and throttle position)";"1";"";
"42952.5871397";"Throttle position";"30.980392156862745";"%";
"42952.6409197";"Average fuel consumption";"6.23305986477017";"L/100km";
"42952.6409197";"Average fuel consumption (Today)";"9.462813643460885";"L/100km";
"42952.6409197";"Average fuel consumption (total)";"6.407874865316224";"L/100km";
"42952.6409197";"Average fuel consumption (Week)";"6.498086828005026";"L/100km";
"42952.6409197";"Average fuel consumption 10 sec";"6.7067587570482665";"L/100km";
"42952.6409197";"Calculated instant fuel rate";"4.944963604372275";"L/h";
"42952.6409197";"Fuel used";"0.026267079504478104";"L";
"42952.6409197";"Fuel used (Today)";"0.039878";"L";
"42952.6409197";"Fuel used (total)";"2.6818069999999996";"L";
"42952.6409197";"Fuel used (Week)";"2.1304709999999996";"L";
"42952.6409197";"Fuel used price";"0.04334068118238887";"€";
"42952.6409197";"Fuel used price (Today)";"0.06579869999999999";"€";
"42952.6409197";"Fuel used price (total)";"4.42498155";"€";
"42952.6409197";"Fuel used price (Week)";"3.5152771499999993";"€";
"42952.6409197";"Instant engine power (based on fuel consumption)";"19.345676238444806";"hp";
"42952.6409197";"MAF air flow rate";"14.68";"g/sec";
"42952.6409197";"Power from MAF";"17.616";"hp";
"42952.6796472";"Average speed";"28.744863358536453";"km/h";
"42952.6796472";"Calculated instant fuel consumption";"13.73601001214521";"L/100km";
"42952.6796472";"Distance travelled";"0.4235839567222223";"km";
"42952.6796472";"Distance travelled (Today)";"0.423586";"km";
"42952.6796472";"Distance travelled (total)";"41.85390600000001";"km";
"42952.6796472";"Distance travelled (Week)";"32.788295";"km";
"42952.6796472";"Vehicle acceleration";"0";"g";
"42952.6796472";"Vehicle speed";"36";"km/h";
"42952.7204081";"Fuel/Air commanded equivalence ratio";"14.640051240000002";"";
"42952.8021154";"Fuel economizer (based on fuel system status and throttle position)";"1";"";
"42952.8021154";"Throttle position";"29.80392156862745";"%";
"42952.8535354";"Average fuel consumption";"6.265888974392539";"L/100km";
"42952.8535354";"Average fuel consumption (Today)";"9.47906682468259";"L/100km";
"42952.8535354";"Average fuel consumption (total)";"6.4081976004820165";"L/100km";
"42952.8535354";"Average fuel consumption (Week)";"6.498492831054496";"L/100km";
"42952.8535354";"Average fuel consumption 10 sec";"6.6853002463776505";"L/100km";
"42952.8535354";"Calculated instant fuel rate";"4.64179826077997";"L/h";
"42952.8535354";"Fuel used";"0.02654130044155339";"L";
"42952.8535354";"Fuel used (Today)";"0.040152";"L";
"42952.8535354";"Fuel used (total)";"2.6820809999999997";"L";
"42952.8535354";"Fuel used (Week)";"2.1307449999999997";"L";
"42952.8535354";"Fuel used price";"0.04379314572856309";"€";
"42952.8535354";"Fuel used price (Today)";"0.0662508";"€";
"42952.8535354";"Fuel used price (total)";"4.42543365";"€";
"42952.8535354";"Fuel used price (Week)";"3.5157292499999997";"€";
"42952.8535354";"Instant engine power (based on fuel consumption)";"18.15963341728675";"hp";
"42952.8535354";"MAF air flow rate";"13.780000000000001";"g/sec";
"42952.8535354";"Power from MAF";"16.536";"hp";
"42952.8947898";"Average speed";"28.774171401066337";"km/h";
"42952.8947898";"Calculated instant fuel consumption";"12.893884057722138";"L/100km";
"42952.8947898";"Distance travelled";"0.4257356527222223";"km";
"42952.8947898";"Distance travelled (Today)";"0.425738";"km";
"42952.8947898";"Distance travelled (total)";"41.85605800000001";"km";
"42952.8947898";"Distance travelled (Week)";"32.790447";"km";
"42952.8947898";"Vehicle acceleration";"0";"g";
"42952.8947898";"Vehicle speed";"36";"km/h";
"42952.9388525";"Fuel/Air commanded equivalence ratio";"14.640051240000002";"";
"42953.0313121";"Fuel economizer (based on fuel system status and throttle position)";"1";"";
"42953.0313121";"Throttle position";"28.627450980392158";"%";
"42953.0743093";"Average fuel consumption";"6.297171079735541";"L/100km";
"42953.0743093";"Average fuel consumption (Today)";"9.4941020063983";"L/100km";
"42953.0743093";"Average fuel consumption (total)";"6.408508417108938";"L/100km";
"42953.0743093";"Average fuel consumption (Week)";"6.498883653522625";"L/100km";
"42953.0743093";"Average fuel consumption 10 sec";"6.664568807914868";"L/100km";
"42953.0743093";"Calculated instant fuel rate";"4.372317955364587";"L/h";
"42953.0743093";"Fuel used";"0.02680930239934712";"L";
"42953.0743093";"Fuel used (Today)";"0.04042";"L";
"42953.0743093";"Fuel used (total)";"2.682349";"L";
"42953.0743093";"Fuel used (Week)";"2.131013";"L";
"42953.0743093";"Fuel used price";"0.04423534895892275";"€";
"42953.0743093";"Fuel used price (Today)";"0.06669299999999999";"€";
"42953.0743093";"Fuel used price (total)";"4.425875850000001";"€";
"42953.0743093";"Fuel used price (Week)";"3.5161714499999994";"€";
"42953.0743093";"Instant engine power (based on fuel consumption)";"17.105373131812918";"hp";
"42953.0743093";"MAF air flow rate";"12.98";"g/sec";
"42953.0743093";"Power from MAF";"15.576";"hp";
"42953.1177557";"Average speed";"28.804286276602497";"km/h";
"42953.1177557";"Calculated instant fuel consumption";"12.14532765379052";"L/100km";
"42953.1177557";"Distance travelled";"0.4279648417222223";"km";
"42953.1177557";"Distance travelled (Today)";"0.427967";"km";
"42953.1177557";"Distance travelled (total)";"41.85828700000001";"km";
"42953.1177557";"Distance travelled (Week)";"32.792676";"km";
"42953.1177557";"Vehicle acceleration";"0";"g";
"42953.1177557";"Vehicle speed";"36";"km/h";
"42953.1821462";"Fuel/Air commanded equivalence ratio";"14.640051240000002";"";
"42953.28181";"Fuel economizer (based on fuel system status and throttle position)";"1";"";
"42953.28181";"Throttle position";"27.058823529411764";"%";
"42953.3220647";"Average fuel consumption";"6.327911962206972";"L/100km";
"42953.3220647";"Average fuel consumption (Today)";"9.508209745143901";"L/100km";
"42953.3220647";"Average fuel consumption (total)";"6.40881696854914";"L/100km";
"42953.3220647";"Average fuel consumption (Week)";"6.49927136169064";"L/100km";
"42953.3220647";"Average fuel consumption 10 sec";"6.631841784383824";"L/100km";
"42953.3220647";"Calculated instant fuel rate";"3.9512549781530515";"L/h";
"42953.3220647";"Fuel used";"0.02708123841338064";"L";
"42953.3220647";"Fuel used (Today)";"0.040692";"L";
"42953.3220647";"Fuel used (total)";"2.6826209999999997";"L";
"42953.3220647";"Fuel used (Week)";"2.1312849999999997";"L";
"42953.3220647";"Fuel used price";"0.04468404338207805";"€";
"42953.3220647";"Fuel used price (Today)";"0.0671418";"€";
"42953.3220647";"Fuel used price (total)";"4.426324650000001";"€";
"42953.3220647";"Fuel used price (Week)";"3.5166202499999994";"€";
"42953.3220647";"Instant engine power (based on fuel consumption)";"15.458091435760059";"hp";
"42953.3220647";"MAF air flow rate";"11.73";"g/sec";
"42953.3220647";"Power from MAF";"14.076";"hp";
"42953.3658012";"Average speed";"28.837502459073097";"km/h";
"42953.3658012";"Calculated instant fuel consumption";"10.975708272647365";"L/100km";
"42953.3658012";"Distance travelled";"0.43044533872222235";"km";
"42953.3658012";"Distance travelled (Today)";"0.430447";"km";
"42953.3658012";"Distance travelled (total)";"41.86076700000001";"km";
"42953.3658012";"Distance travelled (Week)";"32.795156";"km";
"42953.3658012";"Vehicle acceleration";"0";"g";
"42953.3658012";"Vehicle speed";"36";"km/h";
"42953.4133014";"Fuel/Air commanded equivalence ratio";"14.640051240000002";"";
"42953.4885343";"Fuel economizer (based on fuel system status and throttle position)";"1";"";
"42953.4885343";"Throttle position";"20.392156862745097";"%";
"42953.5136088";"Average fuel consumption";"6.307645879507165";"L/100km";
"42953.5136088";"Average fuel consumption (Today)";"9.469690809786105";"L/100km";
"42953.5136088";"Average fuel consumption (total)";"6.408604505502728";"L/100km";
"42953.5136088";"Average fuel consumption (Week)";"6.498993326941332";"L/100km";
"42953.5136088";"Average fuel consumption 10 sec";"6.6249439991736825";"L/100km";
"42953.5136088";"Calculated instant fuel rate";"1.3103479850822992";"L/h";
"42953.5136088";"Fuel used";"0.027150967671442917";"L";
"42953.5136088";"Fuel used (Today)";"0.040762";"L";
"42953.5136088";"Fuel used (total)";"2.6826909999999997";"L";
"42953.5136088";"Fuel used (Week)";"2.1313549999999997";"L";
"42953.5136088";"Fuel used price";"0.04479909665788081";"€";
"42953.5136088";"Fuel used price (Today)";"0.06725729999999999";"€";
"42953.5136088";"Fuel used price (total)";"4.42644015";"€";
"42953.5136088";"Fuel used price (Week)";"3.5167357499999996";"€";
"42953.5136088";"Instant engine power (based on fuel consumption)";"5.126340638116506";"hp";
"42953.5136088";"MAF air flow rate";"3.89";"g/sec";
"42953.5136088";"Power from MAF";"4.668";"hp";
"42953.5548435";"Average speed";"28.869631426035756";"km/h";
"42953.5548435";"Calculated instant fuel consumption";"3.4482841712692087";"L/100km";
"42953.5548435";"Distance travelled";"0.43244130138888903";"km";
"42953.5548435";"Distance travelled (Today)";"0.432443";"km";
"42953.5548435";"Distance travelled (total)";"41.86276300000001";"km";
"42953.5548435";"Distance travelled (Week)";"32.797152";"km";
"42953.5548435";"Vehicle acceleration";"0.06472936496760329";"g";
"42953.5548435";"Vehicle speed";"38";"km/h";
"42953.5969893";"Fuel/Air commanded equivalence ratio";"14.640051240000002";"";
"42953.673171";"Fuel economizer (based on fuel system status and throttle position)";"1";"";
"42953.673171";"Throttle position";"20.392156862745097";"%";
"42953.7095191";"Average fuel consumption";"6.293156916978894";"L/100km";
"42953.7095191";"Average fuel consumption (Today)";"9.440550546546017";"L/100km";
"42953.7095191";"Average fuel consumption (total)";"6.408449437510848";"L/100km";
"42953.7095191";"Average fuel consumption (Week)";"6.498789894927461";"L/100km";
"42953.7095191";"Average fuel consumption 10 sec";"6.60470105398355";"L/100km";
"42953.7095191";"Calculated instant fuel rate";"1.1621338171038387";"L/h";
"42953.7095191";"Fuel used";"0.027214209670228418";"L";
"42953.7095191";"Fuel used (Today)";"0.040825";"L";
"42953.7095191";"Fuel used (total)";"2.6827539999999996";"L";
"42953.7095191";"Fuel used (Week)";"2.1314179999999996";"L";
"42953.7095191";"Fuel used price";"0.044903445955876885";"€";
"42953.7095191";"Fuel used price (Today)";"0.06736125";"€";
"42953.7095191";"Fuel used price (total)";"4.4265441";"€";
"42953.7095191";"Fuel used price (Week)";"3.5168396999999993";"€";
"42953.7095191";"Instant engine power (based on fuel consumption)";"4.546497481105899";"hp";
"42953.7095191";"MAF air flow rate";"3.45";"g/sec";
"42953.7095191";"Power from MAF";"4.14";"hp";
"42953.7503618";"Average speed";"28.90260952592225";"km/h";
"42953.7503618";"Calculated instant fuel consumption";"3.058246887115365";"L/100km";
"42953.7503618";"Distance travelled";"0.43450467711111124";"km";
"42953.7503618";"Distance travelled (Today)";"0.434506";"km";
"42953.7503618";"Distance travelled (total)";"41.86482600000001";"km";
"42953.7503618";"Distance travelled (Week)";"32.799215";"km";
"42953.7503618";"Vehicle acceleration";"0.06621406581911986";"g";
"42953.7503618";"Vehicle speed";"38";"km/h";
"42953.7942652";"Fuel/Air commanded equivalence ratio";"14.640051240000002";"";
"42953.8784604";"Fuel economizer (based on fuel system status and throttle position)";"1";"";
"42953.8784604";"Throttle position";"20.392156862745097";"%";
"42953.9205536";"Average fuel consumption";"6.279811204499189";"L/100km";
"42953.9205536";"Average fuel consumption (Today)";"9.412298104053798";"L/100km";
"42953.9205536";"Average fuel consumption (total)";"6.408305626303091";"L/100km";
"42953.9205536";"Average fuel consumption (Week)";"6.498600652485127";"L/100km";
"42953.9205536";"Average fuel consumption 10 sec";"6.584117546191454";"L/100km";
"42953.9205536";"Calculated instant fuel rate";"1.226135389639992";"L/h";
"42953.9205536";"Fuel used";"0.027286073397296585";"L";
"42953.9205536";"Fuel used (Today)";"0.040896999999999996";"L";
"42953.9205536";"Fuel used (total)";"2.6828259999999995";"L";
"42953.9205536";"Fuel used (Week)";"2.1314899999999994";"L";
"42953.9205536";"Fuel used price";"0.045022021105539364";"€";
"42953.9205536";"Fuel used price (Today)";"0.06748004999999999";"€";
"42953.9205536";"Fuel used price (total)";"4.4266629";"€";
"42953.9205536";"Fuel used price (Week)";"3.5169584999999994";"€";
"42953.9205536";"Instant engine power (based on fuel consumption)";"4.796884298905933";"hp";
"42953.9205536";"MAF air flow rate";"3.64";"g/sec";
"42953.9205536";"Power from MAF";"4.368";"hp";
"42953.9618688";"Average speed";"28.938020778849392";"km/h";
"42953.9618688";"Calculated instant fuel consumption";"3.226672077999979";"L/100km";
"42953.9618688";"Distance travelled";"0.43673701138888904";"km";
"42953.9618688";"Distance travelled (Today)";"0.436738";"km";
"42953.9618688";"Distance travelled (total)";"41.86705800000001";"km";
"42953.9618688";"Distance travelled (Week)";"32.801446999999996";"km";
"42953.9618688";"Vehicle acceleration";"0.06711292683527365";"g";
"42953.9618688";"Vehicle speed";"38";"km/h";
"42954.000763";"Fuel/Air commanded equivalence ratio";"14.640051240000002";"";
"42954.0738587";"Fuel economizer (based on fuel system status and throttle position)";"1";"";
"42954.0738587";"Throttle position";"20";"%";
"42954.1170444";"Average fuel consumption";"6.260721348576641";"L/100km";
"42954.1170444";"Average fuel consumption (Today)";"9.377246770374915";"L/100km";
"42954.1170444";"Average fuel consumption (total)";"6.4081001344780395";"L/100km";
"42954.1170444";"Average fuel consumption (Week)";"6.49833222296565";"L/100km";
"42954.1170444";"Average fuel consumption 10 sec";"6.562777817314163";"L/100km";
"42954.1170444";"Calculated instant fuel rate";"1.0408676796669163";"L/h";
"42954.1170444";"Fuel used";"0.027342887309159774";"L";
"42954.1170444";"Fuel used (Today)";"0.040954";"L";
"42954.1170444";"Fuel used (total)";"2.6828829999999995";"L";
"42954.1170444";"Fuel used (Week)";"2.1315469999999994";"L";
"42954.1170444";"Fuel used price";"0.045115764060113625";"€";
"42954.1170444";"Fuel used price (Today)";"0.0675741";"€";
"42954.1170444";"Fuel used price (total)";"4.426756950000001";"€";
"42954.1170444";"Fuel used price (Week)";"3.5170525499999994";"€";
"42954.1170444";"Instant engine power (based on fuel consumption)";"4.072080352642675";"hp";
"42954.1170444";"MAF air flow rate";"3.09";"g/sec";
"42954.1170444";"Power from MAF";"3.7079999999999997";"hp";
"42954.157643";"Average speed";"28.97055649185239";"km/h";
"42954.157643";"Calculated instant fuel consumption";"2.739125472807675";"L/100km";
"42954.157643";"Distance travelled";"0.4388035052222224";"km";
"42954.157643";"Distance travelled (Today)";"0.438804";"km";
"42954.157643";"Distance travelled (total)";"41.869124000000006";"km";
"42954.157643";"Distance travelled (Week)";"32.803512999999995";"km";
"42954.157643";"Vehicle acceleration";"0.07154320562642186";"g";
"42954.157643";"Vehicle speed";"38";"km/h";
"42954.1979845";"Fuel/Air commanded equivalence ratio";"14.640051240000002";"";
"42954.299744";"Fuel economizer (based on fuel system status and throttle position)";"1";"";
"42954.299744";"Throttle position";"20.392156862745097";"%";
"42954.3384086";"Average fuel consumption";"6.248182113279594";"L/100km";
"42954.3384086";"Average fuel consumption (Today)";"9.34996034676074";"L/100km";
"42954.3384086";"Average fuel consumption (total)";"6.407960672881523";"L/100km";
"42954.3384086";"Average fuel consumption (Week)";"6.498148536713125";"L/100km";
"42954.3384086";"Average fuel consumption 10 sec";"6.541152322817552";"L/100km";
"42954.3384086";"Calculated instant fuel rate";"1.2092928705515305";"L/h";
"42954.3384086";"Fuel used";"0.027417242125738785";"L";
"42954.3384086";"Fuel used (Today)";"0.041028";"L";
"42954.3384086";"Fuel used (total)";"2.6829569999999996";"L";
"42954.3384086";"Fuel used (Week)";"2.1316209999999995";"L";
"42954.3384086";"Fuel used price";"0.04523844950746899";"€";
"42954.3384086";"Fuel used price (Today)";"0.0676962";"€";
"42954.3384086";"Fuel used price (total)";"4.42687905";"€";
"42954.3384086";"Fuel used price (Week)";"3.5171746499999994";"€";
"42954.3384086";"Instant engine power (based on fuel consumption)";"4.730993031063819";"hp";
"42954.3384086";"MAF air flow rate";"3.59";"g/sec";
"42954.3384086";"Power from MAF";"4.308";"hp";
"42954.3809596";"Average speed";"29.007384320999204";"km/h";
"42954.3809596";"Calculated instant fuel consumption";"3.182349659346133";"L/100km";
"42954.3809596";"Distance travelled";"0.44116065366666685";"km";
"42954.3809596";"Distance travelled (Today)";"0.441161";"km";
"42954.3809596";"Distance travelled (total)";"41.87148100000001";"km";
"42954.3809596";"Distance travelled (Week)";"32.80587";"km";
"42954.3809596";"Vehicle acceleration";"0";"g";
"42954.3809596";"Vehicle speed";"38";"km/h";
"42954.4410406";"Fuel/Air commanded equivalence ratio";"14.640051240000002";"";
"42954.5217867";"Fuel economizer (based on fuel system status and throttle position)";"1";"";
"42954.5217867";"Throttle position";"20.784313725490197";"%";
"42954.5708129";"Average fuel consumption";"6.233431218382124";"L/100km";
"42954.5708129";"Average fuel consumption (Today)";"9.318593438676581";"L/100km";
"42954.5708129";"Average fuel consumption (total)";"6.407795797812833";"L/100km";
"42954.5708129";"Average fuel consumption (Week)";"6.497931620164317";"L/100km";
"42954.5708129";"Average fuel consumption 10 sec";"6.519284137754593";"L/100km";
"42954.5708129";"Calculated instant fuel rate";"1.273294443087684";"L/h";
"42954.5708129";"Fuel used";"0.027499445908876655";"L";
"42954.5708129";"Fuel used (Today)";"0.04111";"L";
"42954.5708129";"Fuel used (total)";"2.6830389999999995";"L";
"42954.5708129";"Fuel used (Week)";"2.1317029999999995";"L";
"42954.5708129";"Fuel used price";"0.04537408574964648";"€";
"42954.5708129";"Fuel used price (Today)";"0.06783149999999999";"€";
"42954.5708129";"Fuel used price (total)";"4.42701435";"€";
"42954.5708129";"Fuel used price (Week)";"3.5173099499999996";"€";
"42954.5708129";"Instant engine power (based on fuel consumption)";"4.981379848863854";"hp";
"42954.5708129";"MAF air flow rate";"3.7800000000000002";"g/sec";
"42954.5708129";"Power from MAF";"4.5360000000000005";"hp";
"42954.6110076";"Average speed";"29.040827197210998";"km/h";
"42954.6110076";"Calculated instant fuel consumption";"3.441336332669416";"L/100km";
"42954.6110076";"Distance travelled";"0.4435250790555557";"km";
"42954.6110076";"Distance travelled (Today)";"0.443525";"km";
"42954.6110076";"Distance travelled (total)";"41.87384500000001";"km";
"42954.6110076";"Distance travelled (Week)";"32.808234";"km";
"42954.6110076";"Vehicle acceleration";"-0.0329118556791865";"g";
"42954.6110076";"Vehicle speed";"37";"km/h";
"42954.6513492";"Fuel/Air commanded equivalence ratio";"14.640051240000002";"";
"42954.7429072";"Fuel economizer (based on fuel system status and throttle position)";"1";"";
"42954.7429072";"Throttle position";"21.176470588235293";"%";
"42954.7811085";"Average fuel consumption";"6.217589055840514";"L/100km";
"42954.7811085";"Average fuel consumption (Today)";"9.28628600417113";"L/100km";
"42954.7811085";"Average fuel consumption (total)";"6.407617929521397";"L/100km";
"42954.7811085";"Average fuel consumption (Week)";"6.497698108346825";"L/100km";
"42954.7811085";"Average fuel consumption 10 sec";"6.497584477600071";"L/100km";
"42954.7811085";"Calculated instant fuel rate";"1.320453496535376";"L/h";
"42954.7811085";"Fuel used";"0.02757656677526622";"L";
"42954.7811085";"Fuel used (Today)";"0.041187";"L";
"42954.7811085";"Fuel used (total)";"2.6831159999999996";"L";
"42954.7811085";"Fuel used (Week)";"2.1317799999999996";"L";
"42954.7811085";"Fuel used price";"0.04550133517918926";"€";
"42954.7811085";"Fuel used price (Today)";"0.06795854999999999";"€";
"42954.7811085";"Fuel used price (total)";"4.4271414";"€";
"42954.7811085";"Fuel used price (Week)";"3.5174369999999997";"€";
"42954.7811085";"Instant engine power (based on fuel consumption)";"5.165875398821774";"hp";
"42954.7811085";"MAF air flow rate";"3.92";"g/sec";
"42954.7811085";"Power from MAF";"4.704";"hp";
"42954.8294669";"Average speed";"29.07233533787262";"km/h";
"42954.8294669";"Calculated instant fuel consumption";"3.5687932338793944";"L/100km";
"42954.8294669";"Distance travelled";"0.44577096877777794";"km";
"42954.8294669";"Distance travelled (Today)";"0.445771";"km";
"42954.8294669";"Distance travelled (total)";"41.87609100000001";"km";
"42954.8294669";"Distance travelled (Week)";"32.81048";"km";
"42954.8294669";"Vehicle acceleration";"-0.0326481240109885";"g";
"42954.8294669";"Vehicle speed";"37";"km/h";
"42954.8769345";"Fuel/Air commanded equivalence ratio";"14.640051240000002";"";
"42954.9422361";"Fuel economizer (based on fuel system status and throttle position)";"1";"";
"42954.9422361";"Throttle position";"21.96078431372549";"%";
"42954.9915777";"Average fuel consumption";"6.20708092208473";"L/100km";
"42954.9915777";"Average fuel consumption (Today)";"9.26036014007192";"L/100km";
"42954.9915777";"Average fuel consumption (total)";"6.407496344393748";"L/100km";
"42954.9915777";"Average fuel consumption (Week)";"6.49753676264413";"L/100km";
"42954.9915777";"Average fuel consumption 10 sec";"6.476421595868648";"L/100km";
"42954.9915777";"Calculated instant fuel rate";"1.5865652981330667";"L/h";
"42954.9915777";"Fuel used";"0.02766936475919773";"L";
"42954.9915777";"Fuel used (Today)";"0.04128";"L";
"42954.9915777";"Fuel used (total)";"2.6832089999999997";"L";
"42954.9915777";"Fuel used (Week)";"2.1318729999999997";"L";
"42954.9915777";"Fuel used price";"0.045654451852676255";"€";
"42954.9915777";"Fuel used price (Today)";"0.06811199999999999";"€";
"42954.9915777";"Fuel used price (total)";"4.42729485";"€";
"42954.9915777";"Fuel used price (Week)";"3.5175904499999997";"€";
"42954.9915777";"Instant engine power (based on fuel consumption)";"6.206957430727184";"hp";
"42954.9915777";"MAF air flow rate";"4.71";"g/sec";
"42954.9915777";"Power from MAF";"5.652";"hp";
"42955.0305833";"Average speed";"29.097481747474028";"km/h";
"42955.0305833";"Calculated instant fuel consumption";"4.407125828147407";"L/100km";
"42955.0305833";"Distance travelled";"0.4477819257777779";"km";
"42955.0305833";"Distance travelled (Today)";"0.447782";"km";
"42955.0305833";"Distance travelled (total)";"41.878102000000005";"km";
"42955.0305833";"Distance travelled (Week)";"32.812490999999994";"km";
"42955.0305833";"Vehicle acceleration";"-0.06489665697718586";"g";
"42955.0305833";"Vehicle speed";"36";"km/h";
"42955.0739861";"Fuel/Air commanded equivalence ratio";"14.640051240000002";"";
"42955.1617891";"Fuel economizer (based on fuel system status and throttle position)";"1";"";
"42955.1617891";"Throttle position";"21.568627450980394";"%";
"42955.2005938";"Average fuel consumption";"6.199855532997646";"L/100km";
"42955.2005938";"Average fuel consumption (Today)";"9.239317346387304";"L/100km";
"42955.2005938";"Average fuel consumption (total)";"6.4074083395661035";"L/100km";
"42955.2005938";"Average fuel consumption (Week)";"6.4974189250063334";"L/100km";
"42955.2005938";"Average fuel consumption 10 sec";"6.455731628183316";"L/100km";
"42955.2005938";"Calculated instant fuel rate";"1.5933023057684512";"L/h";
"42955.2005938";"Fuel used";"0.027761832501096977";"L";
"42955.2005938";"Fuel used (Today)";"0.041372";"L";
"42955.2005938";"Fuel used (total)";"2.6833009999999997";"L";
"42955.2005938";"Fuel used (Week)";"2.1319649999999997";"L";
"42955.2005938";"Fuel used price";"0.04580702362681001";"€";
"42955.2005938";"Fuel used price (Today)";"0.0682638";"€";
"42955.2005938";"Fuel used price (total)";"4.42744665";"€";
"42955.2005938";"Fuel used price (Week)";"3.5177422499999995";"€";
"42955.2005938";"Instant engine power (based on fuel consumption)";"6.23331393786403";"hp";
"42955.2005938";"MAF air flow rate";"4.73";"g/sec";
"42955.2005938";"Power from MAF";"5.676";"hp";
"42955.2502444";"Average speed";"29.124737661718704";"km/h";
"42955.2502444";"Calculated instant fuel consumption";"4.425839738245697";"L/100km";
"42955.2502444";"Distance travelled";"0.4499781927777779";"km";
"42955.2502444";"Distance travelled (Today)";"0.449978";"km";
"42955.2502444";"Distance travelled (total)";"41.88029800000001";"km";
"42955.2502444";"Distance travelled (Week)";"32.814687";"km";
"42955.2502444";"Vehicle acceleration";"-0.06516955170617963";"g";
"42955.2502444";"Vehicle speed";"36";"km/h";
"42955.2944028";"Fuel/Air commanded equivalence ratio";"14.640051240000002";"";
"42955.3937149";"Fuel economizer (based on fuel system status and throttle position)";"1";"";
"42955.3937149";"Throttle position";"21.96078431372549";"%";
"42955.4395432";"Average fuel consumption";"6.195186225671068";"L/100km";
"42955.4395432";"Average fuel consumption (Today)";"9.219784078332719";"L/100km";
"42955.4395432";"Average fuel consumption (total)";"6.407346958228423";"L/100km";
"42955.4395432";"Average fuel consumption (Week)";"6.497334562417127";"L/100km";
"42955.4395432";"Average fuel consumption 10 sec";"6.435711935736809";"L/100km";
"42955.4395432";"Calculated instant fuel rate";"1.7347794661115274";"L/h";
"42955.4395432";"Fuel used";"0.027876987017492503";"L";
"42955.4395432";"Fuel used (Today)";"0.041486999999999996";"L";
"42955.4395432";"Fuel used (total)";"2.683416";"L";
"42955.4395432";"Fuel used (Week)";"2.1320799999999998";"L";
"42955.4395432";"Fuel used price";"0.04599702857886263";"€";
"42955.4395432";"Fuel used price (Today)";"0.06845354999999999";"€";
"42955.4395432";"Fuel used price (total)";"4.4276364";"€";
"42955.4395432";"Fuel used price (Week)";"3.5179319999999996";"€";
"42955.4395432";"Instant engine power (based on fuel consumption)";"6.786800587737791";"hp";
"42955.4395432";"MAF air flow rate";"5.15";"g/sec";
"42955.4395432";"Power from MAF";"6.180000000000001";"hp";
"42955.4820972";"Average speed";"29.153275820814592";"km/h";
"42955.4820972";"Calculated instant fuel consumption";"4.818831850309798";"L/100km";
"42955.4820972";"Distance travelled";"0.4522965217777779";"km";
"42955.4820972";"Distance travelled (Today)";"0.452296";"km";
"42955.4820972";"Distance travelled (total)";"41.882616000000006";"km";
"42955.4820972";"Distance travelled (Week)";"32.817004999999995";"km";
"42955.4820972";"Vehicle acceleration";"-0.03251726385035249";"g";
"42955.4820972";"Vehicle speed";"36";"km/h";
"42955.5258327";"Fuel/Air commanded equivalence ratio";"14.640051240000002";"";
"42955.6086776";"Fuel economizer (based on fuel system status and throttle position)";"1";"";
"42955.6086776";"Throttle position";"22.745098039215687";"%";
"42955.6581677";"Average fuel consumption";"6.19163283438529";"L/100km";
"42955.6581677";"Average fuel consumption (Today)";"9.200833082759964";"L/100km";
"42955.6581677";"Average fuel consumption (total)";"6.407297958656639";"L/100km";
"42955.6581677";"Average fuel consumption (Week)";"6.497265670648494";"L/100km";
"42955.6581677";"Average fuel consumption 10 sec";"6.416338179722864";"L/100km";
"42955.6581677";"Calculated instant fuel rate";"2.007628275344602";"L/h";
"42955.6581677";"Fuel used";"0.02800453995117551";"L";
"42955.6581677";"Fuel used (Today)";"0.041615";"L";
"42955.6581677";"Fuel used (total)";"2.6835439999999995";"L";
"42955.6581677";"Fuel used (Week)";"2.1322079999999994";"L";
"42955.6581677";"Fuel used price";"0.046207490919439584";"€";
"42955.6581677";"Fuel used price (Today)";"0.06866475";"€";
"42955.6581677";"Fuel used price (total)";"4.427847600000001";"€";
"42955.6581677";"Fuel used price (Week)";"3.5181431999999995";"€";
"42955.6581677";"Instant engine power (based on fuel consumption)";"7.854239126780044";"hp";
"42955.6581677";"MAF air flow rate";"5.96";"g/sec";
"42955.6581677";"Power from MAF";"7.152";"hp";
"42955.7133324";"Average speed";"29.181506532668354";"km/h";
"42955.7133324";"Calculated instant fuel consumption";"5.576745209290562";"L/100km";
"42955.7133324";"Distance travelled";"0.4546089687777779";"km";
"42955.7133324";"Distance travelled (Today)";"0.454608";"km";
"42955.7133324";"Distance travelled (total)";"41.88492800000001";"km";
"42955.7133324";"Distance travelled (Week)";"32.819317";"km";
"42955.7133324";"Vehicle acceleration";"-0.03204724062710674";"g";
"42955.7133324";"Vehicle speed";"36";"km/h";
"42955.7529673";"Fuel/Air commanded equivalence ratio";"14.640051240000002";"";
"42955.8386876";"Fuel economizer (based on fuel system status and throttle position)";"1";"";
"42955.8386876";"Throttle position";"23.529411764705884";"%";
"42955.8825172";"Average fuel consumption";"6.190432736098172";"L/100km";
"42955.8825172";"Average fuel consumption (Today)";"9.184396227079153";"L/100km";
"42955.8825172";"Average fuel consumption (total)";"6.4072737572808975";"L/100km";
"42955.8825172";"Average fuel consumption (Week)";"6.497228446283632";"L/100km";
"42955.8825172";"Average fuel consumption 10 sec";"6.397826202454061";"L/100km";
"42955.8825172";"Calculated instant fuel rate";"2.3141621227546003";"L/h";
"42955.8825172";"Fuel used";"0.02814226242445788";"L";
"42955.8825172";"Fuel used (Today)";"0.041753";"L";
"42955.8825172";"Fuel used (total)";"2.6836819999999997";"L";
"42955.8825172";"Fuel used (Week)";"2.1323459999999996";"L";
"42955.8825172";"Fuel used price";"0.0464347330003555";"€";
"42955.8825172";"Fuel used price (Today)";"0.06889245";"€";
"42955.8825172";"Fuel used price (total)";"4.428075300000001";"€";
"42955.8825172";"Fuel used price (Week)";"3.5183708999999994";"€";
"42955.8825172";"Instant engine power (based on fuel consumption)";"9.05346020150653";"hp";
"42955.8825172";"MAF air flow rate";"6.87";"g/sec";
"42955.8825172";"Power from MAF";"8.244";"hp";
"42955.934052";"Average speed";"29.204310267804036";"km/h";
"42955.934052";"Calculated instant fuel consumption";"6.611891779298858";"L/100km";
"42955.934052";"Distance travelled";"0.4567543239166668";"km";
"42955.934052";"Distance travelled (Today)";"0.456753";"km";
"42955.934052";"Distance travelled (total)";"41.88707300000001";"km";
"42955.934052";"Distance travelled (Week)";"32.821462";"km";
"42955.934052";"Vehicle acceleration";"-0.03135188895918366";"g";
"42955.934052";"Vehicle speed";"35";"km/h";
"42955.9713217";"Fuel/Air commanded equivalence ratio";"14.640051240000002";"";
"42956.0650572";"Fuel economizer (based on fuel system status and throttle position)";"1";"";
"42956.0650572";"Throttle position";"23.137254901960784";"%";
"42956.1093583";"Average fuel consumption";"6.191050768158933";"L/100km";
"42956.1093583";"Average fuel consumption (Today)";"9.171039927488161";"L/100km";
"42956.1093583";"Average fuel consumption (total)";"6.4072703289628254";"L/100km";
"42956.1093583";"Average fuel consumption (Week)";"6.497218192169501";"L/100km";
"42956.1093583";"Average fuel consumption 10 sec";"6.366449528696225";"L/100km";
"42956.1093583";"Calculated instant fuel rate";"2.1524739395053705";"L/h";
"42956.1093583";"Fuel used";"0.028277892079441938";"L";
"42956.1093583";"Fuel used (Today)";"0.041889";"L";
"42956.1093583";"Fuel used (total)";"2.6838179999999996";"L";
"42956.1093583";"Fuel used (Week)";"2.1324819999999995";"L";
"42956.1093583";"Fuel used price";"0.046658521931079194";"€";
"42956.1093583";"Fuel used price (Today)";"0.06911685";"€";
"42956.1093583";"Fuel used price (total)";"4.4282997";"€";
"42956.1093583";"Fuel used price (Week)";"3.5185952999999994";"€";
"42956.1093583";"Instant engine power (based on fuel consumption)";"8.420904030222228";"hp";
"42956.1093583";"MAF air flow rate";"6.390000000000001";"g/sec";
"42956.1093583";"Power from MAF";"7.668";"hp";
"42956.1613618";"Average speed";"29.22761803789448";"km/h";
"42956.1613618";"Calculated instant fuel consumption";"6.149925541443916";"L/100km";
"42956.1613618";"Distance travelled";"0.45896461475000017";"km";
"42956.1613618";"Distance travelled (Today)";"0.458963";"km";
"42956.1613618";"Distance travelled (total)";"41.889283000000006";"km";
"42956.1613618";"Distance travelled (Week)";"32.823671999999995";"km";
"42956.1613618";"Vehicle acceleration";"-0.03108869434443685";"g";
"42956.1613618";"Vehicle speed";"35";"km/h";
"42956.2011314";"Fuel/Air commanded equivalence ratio";"14.640051240000002";"";
"42956.2859864";"Fuel economizer (based on fuel system status and throttle position)";"1";"";
"42956.2859864";"Throttle position";"23.137254901960784";"%";
"42956.3290338";"Average fuel consumption";"6.19038920208266";"L/100km";
"42956.3290338";"Average fuel consumption (Today)";"9.15607576209847";"L/100km";
"42956.3290338";"Average fuel consumption (total)";"6.407252184287803";"L/100km";
"42956.3290338";"Average fuel consumption (Week)";"6.497188979953248";"L/100km";
"42956.3290338";"Average fuel consumption 10 sec";"6.349577990460558";"L/100km";
"42956.3290338";"Calculated instant fuel rate";"2.1928959853176777";"L/h";
"42956.3290338";"Fuel used";"0.028411695952864288";"L";
"42956.3290338";"Fuel used (Today)";"0.042023";"L";
"42956.3290338";"Fuel used (total)";"2.6839519999999997";"L";
"42956.3290338";"Fuel used (Week)";"2.1326159999999996";"L";
"42956.3290338";"Fuel used price";"0.04687929832222607";"€";
"42956.3290338";"Fuel used price (Today)";"0.06933795";"€";
"42956.3290338";"Fuel used price (total)";"4.4285208";"€";
"42956.3290338";"Fuel used price (Week)";"3.5188163999999995";"€";
"42956.3290338";"Instant engine power (based on fuel consumption)";"8.579043073043305";"hp";
"42956.3290338";"MAF air flow rate";"6.51";"g/sec";
"42956.3290338";"Power from MAF";"7.811999999999999";"hp";
"42956.3702977";"Average speed";"29.241509223529263";"km/h";
"42956.3702977";"Calculated instant fuel consumption";"6.645139349447508";"L/100km";
"42956.3702977";"Distance travelled";"0.4608798650833335";"km";
"42956.3702977";"Distance travelled (Today)";"0.460878";"km";
"42956.3702977";"Distance travelled (total)";"41.89119800000001";"km";
"42956.3702977";"Distance travelled (Week)";"32.825587";"km";
"42956.3702977";"Vehicle acceleration";"-0.0956724873285863";"g";
"42956.3702977";"Vehicle speed";"33";"km/h";
"42956.4103112";"Fuel/Air commanded equivalence ratio";"14.640051240000002";"";
"42956.4940195";"Fuel economizer (based on fuel system status and throttle position)";"1";"";
"42956.4940195";"Throttle position";"24.313725490196077";"%";
"42956.5423524";"Average fuel consumption";"6.198662606853077";"L/100km";
"42956.5423524";"Average fuel consumption (Today)";"9.15209665030659";"L/100km";
"42956.5423524";"Average fuel consumption (total)";"6.40733406573858";"L/100km";
"42956.5423524";"Average fuel consumption (Week)";"6.497288228234882";"L/100km";
"42956.5423524";"Average fuel consumption 10 sec";"6.333553041554";"L/100km";
"42956.5423524";"Calculated instant fuel rate";"2.6442754968884445";"L/h";
"42956.5423524";"Fuel used";"0.028568387859435503";"L";
"42956.5423524";"Fuel used (Today)";"0.04218";"L";
"42956.5423524";"Fuel used (total)";"2.684109";"L";
"42956.5423524";"Fuel used (Week)";"2.132773";"L";
"42956.5423524";"Fuel used price";"0.04713783996806858";"€";
"42956.5423524";"Fuel used price (Today)";"0.06959699999999999";"€";
"42956.5423524";"Fuel used price (total)";"4.428779850000001";"€";
"42956.5423524";"Fuel used price (Week)";"3.5190754499999994";"€";
"42956.5423524";"Instant engine power (based on fuel consumption)";"10.344929051211972";"hp";
"42956.5423524";"MAF air flow rate";"7.8500000000000005";"g/sec";
"42956.5423524";"Power from MAF";"9.42";"hp";
"42956.5934118";"Average speed";"29.256230638124013";"km/h";
"42956.5934118";"Calculated instant fuel consumption";"8.012956051177104";"L/100km";
"42956.5934118";"Distance travelled";"0.46292509600000015";"km";
"42956.5934118";"Distance travelled (Today)";"0.462923";"km";
"42956.5934118";"Distance travelled (total)";"41.89324300000001";"km";
"42956.5934118";"Distance travelled (Week)";"32.827631999999994";"km";
"42956.5934118";"Vehicle acceleration";"-0.09655532339638222";"g";
"42956.5934118";"Vehicle speed";"33";"km/h";
"42956.6327946";"Fuel/Air commanded equivalence ratio";"14.640051240000002";"";
"42956.7191925";"Fuel economizer (based on fuel system status and throttle position)";"1";"";
"42956.7191925";"Throttle position";"23.529411764705884";"%";
"42956.7601917";"Average fuel consumption";"6.201172953895566";"L/100km";
"42956.7601917";"Average fuel consumption (Today)";"9.141477092302608";"L/100km";
"42956.7601917";"Average fuel consumption (total)";"6.407350703310314";"L/100km";
"42956.7601917";"Average fuel consumption (Week)";"6.497303856702183";"L/100km";
"42956.7601917";"Average fuel consumption 10 sec";"6.330736443944247";"L/100km";
"42956.7601917";"Calculated instant fuel rate";"2.2872140922130617";"L/h";
"42956.7601917";"Fuel used";"0.028706785849947094";"L";
"42956.7601917";"Fuel used (Today)";"0.042318";"L";
"42956.7601917";"Fuel used (total)";"2.6842469999999996";"L";
"42956.7601917";"Fuel used (Week)";"2.1329109999999996";"L";
"42956.7601917";"Fuel used price";"0.0473661966524127";"€";
"42956.7601917";"Fuel used price (Today)";"0.06982469999999999";"€";
"42956.7601917";"Fuel used price (total)";"4.429007550000001";"€";
"42956.7601917";"Fuel used price (Week)";"3.5193031499999994";"€";
"42956.7601917";"Instant engine power (based on fuel consumption)";"8.948034172959144";"hp";
"42956.7601917";"MAF air flow rate";"6.79";"g/sec";
"42956.7601917";"Power from MAF";"8.148";"hp";
"42956.8106424";"Average speed";"29.266654013049344";"km/h";
"42956.8106424";"Calculated instant fuel consumption";"7.147544038165818";"L/100km";
"42956.8106424";"Distance travelled";"0.4648559795555557";"km";
"42956.8106424";"Distance travelled (Today)";"0.464854";"km";
"42956.8106424";"Distance travelled (total)";"41.89517400000001";"km";
"42956.8106424";"Distance travelled (Week)";"32.829563";"km";
"42956.8106424";"Vehicle acceleration";"-0.09693963233169564";"g";
"42956.8106424";"Vehicle speed";"32";"km/h";
"42956.8500425";"Fuel/Air commanded equivalence ratio";"14.640051240000002";"";
"42956.9402321";"Fuel economizer (based on fuel system status and throttle position)";"1";"";
"42956.9402321";"Throttle position";"22.745098039215687";"%";
"42957.0025518";"Average fuel consumption";"6.205369085377237";"L/100km";
"42957.0025518";"Average fuel consumption (Today)";"9.133405327264045";"L/100km";
"42957.0025518";"Average fuel consumption (total)";"6.407387161108338";"L/100km";
"42957.0025518";"Average fuel consumption (Week)";"6.497345091069288";"L/100km";
"42957.0025518";"Average fuel consumption 10 sec";"6.303783934093271";"L/100km";
"42957.0025518";"Calculated instant fuel rate";"2.0682613440630635";"L/h";
"42957.0025518";"Fuel used";"0.02884602924686798";"L";
"42957.0025518";"Fuel used (Today)";"0.042457";"L";
"42957.0025518";"Fuel used (total)";"2.6843859999999995";"L";
"42957.0025518";"Fuel used (Week)";"2.1330499999999994";"L";
"42957.0025518";"Fuel used price";"0.04759594825733216";"€";
"42957.0025518";"Fuel used price (Today)";"0.07005404999999999";"€";
"42957.0025518";"Fuel used price (total)";"4.4292369";"€";
"42957.0025518";"Fuel used price (Week)";"3.5195324999999995";"€";
"42957.0025518";"Instant engine power (based on fuel consumption)";"8.091447691011657";"hp";
"42957.0025518";"MAF air flow rate";"6.140000000000001";"g/sec";
"42957.0025518";"Power from MAF";"7.368";"hp";
"42957.0457165";"Average speed";"29.27784551462905";"km/h";
"42957.0457165";"Calculated instant fuel consumption";"6.4633167001970735";"L/100km";
"42957.0457165";"Distance travelled";"0.466945616888889";"km";
"42957.0457165";"Distance travelled (Today)";"0.466944";"km";
"42957.0457165";"Distance travelled (total)";"41.89726400000001";"km";
"42957.0457165";"Distance travelled (Week)";"32.831652999999996";"km";
"42957.0457165";"Vehicle acceleration";"-0.09608853900080365";"g";
"42957.0457165";"Vehicle speed";"32";"km/h";
"42957.0939935";"Fuel/Air commanded equivalence ratio";"14.640051240000002";"";
"42957.1862821";"Fuel economizer (based on fuel system status and throttle position)";"1";"";
"42957.1862821";"Throttle position";"19.215686274509803";"%";
"42957.2380149";"Average fuel consumption";"6.189442553681556";"L/100km";
"42957.2380149";"Average fuel consumption (Today)";"9.104303728070175";"L/100km";
"42957.2380149";"Average fuel consumption (total)";"6.407198808972344";"L/100km";
"42957.2380149";"Average fuel consumption (Week)";"6.497099003818053";"L/100km";
"42957.2380149";"Average fuel consumption 10 sec";"6.290089261818695";"L/100km";
"42957.2380149";"Calculated instant fuel rate";"0.8454944582407639";"L/h";
"42957.2380149";"Fuel used";"0.02890133071427175";"L";
"42957.2380149";"Fuel used (Today)";"0.042512";"L";
"42957.2380149";"Fuel used (total)";"2.6844409999999996";"L";
"42957.2380149";"Fuel used (Week)";"2.1331049999999996";"L";
"42957.2380149";"Fuel used price";"0.047687195678548386";"€";
"42957.2380149";"Fuel used price (Today)";"0.0701448";"€";
"42957.2380149";"Fuel used price (total)";"4.42932765";"€";
"42957.2380149";"Fuel used price (Week)";"3.5196232499999995";"€";
"42957.2380149";"Instant engine power (based on fuel consumption)";"3.307741645674147";"hp";
"42957.2380149";"MAF air flow rate";"2.5100000000000002";"g/sec";
"42957.2380149";"Power from MAF";"3.012";"hp";
"42957.2808799";"Average speed";"29.288949435713867";"km/h";
"42957.2808799";"Calculated instant fuel consumption";"2.642170182002387";"L/100km";
"42957.2808799";"Distance travelled";"0.46903595200000014";"km";
"42957.2808799";"Distance travelled (Today)";"0.469034";"km";
"42957.2808799";"Distance travelled (total)";"41.89935400000001";"km";
"42957.2808799";"Distance travelled (Week)";"32.833743";"km";
"42957.2808799";"Vehicle acceleration";"-0.03110696690589604";"g";
"42957.2808799";"Vehicle speed";"32";"km/h";
"42957.3228556";"Fuel/Air commanded equivalence ratio";"14.640051240000002";"";
"42957.405468";"Fuel economizer (based on fuel system status and throttle position)";"1";"";
"42957.405468";"Throttle position";"19.215686274509803";"%";
"42957.447014";"Average fuel consumption";"6.17090514594256";"L/100km";
"42957.447014";"Average fuel consumption (Today)";"9.072689826323892";"L/100km";
"42957.447014";"Average fuel consumption (total)";"6.406979448895558";"L/100km";
"42957.447014";"Average fuel consumption (Week)";"6.496813354481088";"L/100km";
"42957.447014";"Average fuel consumption 10 sec";"6.287553429566012";"L/100km";
"42957.447014";"Calculated instant fuel rate";"0.7309653284392261";"L/h";
"42957.447014";"Fuel used";"0.02894376369828868";"L";
"42957.447014";"Fuel used (Today)";"0.042554";"L";
"42957.447014";"Fuel used (total)";"2.6844829999999997";"L";
"42957.447014";"Fuel used (Week)";"2.1331469999999997";"L";
"42957.447014";"Fuel used price";"0.047757210102176324";"€";
"42957.447014";"Fuel used price (Today)";"0.0702141";"€";
"42957.447014";"Fuel used price (total)";"4.42939695";"€";
"42957.447014";"Fuel used price (Week)";"3.5196925499999994";"€";
"42957.447014";"Instant engine power (based on fuel consumption)";"2.8596810243477675";"hp";
"42957.447014";"MAF air flow rate";"2.17";"g/sec";
"42957.447014";"Power from MAF";"2.6039999999999996";"hp";
"42957.4899321";"Average speed";"29.2987431126628";"km/h";
"42957.4899321";"Calculated instant fuel consumption";"2.284266651372582";"L/100km";
"42957.4899321";"Distance travelled";"0.4708938942222224";"km";
"42957.4899321";"Distance travelled (Today)";"0.470892";"km";
"42957.4899321";"Distance travelled (total)";"41.90121200000001";"km";
"42957.4899321";"Distance travelled (Week)";"32.835601";"km";
"42957.4899321";"Vehicle acceleration";"-0.031594878956447504";"g";
"42957.4899321";"Vehicle speed";"32";"km/h";
"42957.5363655";"Fuel/Air commanded equivalence ratio";"15.40315392";"";
"42957.596336";"Fuel economizer (based on fuel system status and throttle position)";"0";"";
"42957.596336";"Throttle position";"19.215686274509803";"%";
"42957.6334682";"Average fuel consumption";"6.146557441798057";"L/100km";
"42957.6334682";"Average fuel consumption (Today)";"9.036891686416418";"L/100km";
"42957.6334682";"Average fuel consumption (total)";"6.406695348096373";"L/100km";
"42957.6334682";"Average fuel consumption (Week)";"6.496445732788628";"L/100km";
"42957.6334682";"Average fuel consumption 10 sec";"6.274277904299669";"L/100km";
"42957.6334682";"Calculated instant fuel rate";"0";"L/h";
"42957.6334682";"Fuel used";"0.02894376369828868";"L";
"42957.6334682";"Fuel used (Today)";"0.042554";"L";
"42957.6334682";"Fuel used (total)";"2.6844829999999997";"L";
"42957.6334682";"Fuel used (Week)";"2.1331469999999997";"L";
"42957.6334682";"Fuel used price";"0.047757210102176324";"€";
"42957.6334682";"Fuel used price (Today)";"0.0702141";"€";
"42957.6334682";"Fuel used price (total)";"4.42939695";"€";
"42957.6334682";"Fuel used price (Week)";"3.5196925499999994";"€";
"42957.6334682";"Instant engine power (based on fuel consumption)";"0";"hp";
"42957.6334682";"MAF air flow rate";"2.21";"g/sec";
"42957.6334682";"Power from MAF";"2.6519999999999997";"hp";
"42957.6749783";"Average speed";"29.307366288099505";"km/h";
"42957.6749783";"Calculated instant fuel consumption";"0";"L/100km";
"42957.6749783";"Distance travelled";"0.47254097155555574";"km";
"42957.6749783";"Distance travelled (Today)";"0.472539";"km";
"42957.6749783";"Distance travelled (total)";"41.90285900000001";"km";
"42957.6749783";"Distance travelled (Week)";"32.837247999999995";"km";
"42957.6749783";"Vehicle acceleration";"0";"g";
"42957.6749783";"Vehicle speed";"32";"km/h";
"42957.7181172";"Fuel/Air commanded equivalence ratio";"16.48909056";"";
"42957.8086126";"Fuel economizer (based on fuel system status and throttle position)";"0";"";
"42957.8086126";"Throttle position";"19.215686274509803";"%";
"42957.8572565";"Average fuel consumption";"6.125133150467105";"L/100km";
"42957.8572565";"Average fuel consumption (Today)";"9.00539426375389";"L/100km";
"42957.8572565";"Average fuel consumption (total)";"6.406443531693146";"L/100km";
"42957.8572565";"Average fuel consumption (Week)";"6.496119894091002";"L/100km";
"42957.8572565";"Average fuel consumption 10 sec";"6.261572355471974";"L/100km";
"42957.8572565";"Calculated instant fuel rate";"0";"L/h";
"42957.8572565";"Fuel used";"0.02894376369828868";"L";
"42957.8572565";"Fuel used (Today)";"0.042554";"L";
"42957.8572565";"Fuel used (total)";"2.6844829999999997";"L";
"42957.8572565";"Fuel used (Week)";"2.1331469999999997";"L";
"42957.8572565";"Fuel used price";"0.047757210102176324";"€";
"42957.8572565";"Fuel used price (Today)";"0.0702141";"€";
"42957.8572565";"Fuel used price (total)";"4.42939695";"€";
"42957.8572565";"Fuel used price (Week)";"3.5196925499999994";"€";
"42957.8572565";"Instant engine power (based on fuel consumption)";"0";"hp";
"42957.8572565";"MAF air flow rate";"2.39";"g/sec";
"42957.8572565";"Power from MAF";"2.868";"hp";
"42957.8966481";"Average speed";"29.31760245553164";"km/h";
"42957.8966481";"Calculated instant fuel consumption";"0";"L/100km";
"42957.8966481";"Distance travelled";"0.4745098862222224";"km";
"42957.8966481";"Distance travelled (Today)";"0.474508";"km";
"42957.8966481";"Distance travelled (total)";"41.90482800000001";"km";
"42957.8966481";"Distance travelled (Week)";"32.839217";"km";
"42957.8966481";"Vehicle acceleration";"0";"g";
"42957.8966481";"Vehicle speed";"32";"km/h";
"42957.9384074";"Fuel/Air commanded equivalence ratio";"16.603399680000003";"";
"42958.0208624";"Fuel economizer (based on fuel system status and throttle position)";"0";"";
"42958.0208624";"Throttle position";"19.215686274509803";"%";
"42958.0622896";"Average fuel consumption";"6.099717737963786";"L/100km";
"42958.0622896";"Average fuel consumption (Today)";"8.968025828858522";"L/100km";
"42958.0622896";"Average fuel consumption (total)";"6.406142509402494";"L/100km";
"42958.0622896";"Average fuel consumption (Week)";"6.495730394546252";"L/100km";
"42958.0622896";"Average fuel consumption 10 sec";"6.249257599387678";"L/100km";
"42958.0622896";"Calculated instant fuel rate";"0";"L/h";
"42958.0622896";"Fuel used";"0.02894376369828868";"L";
"42958.0622896";"Fuel used (Today)";"0.042554";"L";
"42958.0622896";"Fuel used (total)";"2.6844829999999997";"L";
"42958.0622896";"Fuel used (Week)";"2.1331469999999997";"L";
"42958.0622896";"Fuel used price";"0.047757210102176324";"€";
"42958.0622896";"Fuel used price (Today)";"0.0702141";"€";
"42958.0622896";"Fuel used price (total)";"4.42939695";"€";
"42958.0622896";"Fuel used price (Week)";"3.5196925499999994";"€";
"42958.0622896";"Instant engine power (based on fuel consumption)";"0";"hp";
"42958.0622896";"MAF air flow rate";"2.4";"g/sec";
"42958.0622896";"Power from MAF";"2.88";"hp";
"42958.1021917";"Average speed";"29.327029557716504";"km/h";
"42958.1021917";"Calculated instant fuel consumption";"0";"L/100km";
"42958.1021917";"Distance travelled";"0.4763365173333335";"km";
"42958.1021917";"Distance travelled (Today)";"0.476335";"km";
"42958.1021917";"Distance travelled (total)";"41.90665500000001";"km";
"42958.1021917";"Distance travelled (Week)";"32.841044";"km";
"42958.1021917";"Vehicle acceleration";"0";"g";
"42958.1021917";"Vehicle speed";"32";"km/h";
"42958.1465909";"Fuel/Air commanded equivalence ratio";"16.603399680000003";"";
"42958.2268853";"Fuel economizer (based on fuel system status and throttle position)";"0";"";
"42958.2268853";"Throttle position";"19.215686274509803";"%";
"42958.2811645";"Average fuel consumption";"6.076326849833822";"L/100km";
"42958.2811645";"Average fuel consumption (Today)";"8.933628643706635";"L/100km";
"42958.2811645";"Average fuel consumption (total)";"6.405863221485941";"L/100km";
"42958.2811645";"Average fuel consumption (Week)";"6.495369026636302";"L/100km";
"42958.2811645";"Average fuel consumption 10 sec";"6.2373094959895";"L/100km";
"42958.2811645";"Calculated instant fuel rate";"0";"L/h";
"42958.2811645";"Fuel used";"0.02894376369828868";"L";
"42958.2811645";"Fuel used (Today)";"0.042554";"L";
"42958.2811645";"Fuel used (total)";"2.6844829999999997";"L";
"42958.2811645";"Fuel used (Week)";"2.1331469999999997";"L";
"42958.2811645";"Fuel used price";"0.047757210102176324";"€";
"42958.2811645";"Fuel used price (Today)";"0.0702141";"€";
"42958.2811645";"Fuel used price (total)";"4.42939695";"€";
"42958.2811645";"Fuel used price (Week)";"3.5196925499999994";"€";
"42958.2811645";"Instant engine power (based on fuel consumption)";"0";"hp";
"42958.2811645";"MAF air flow rate";"2.39";"g/sec";
"42958.2811645";"Power from MAF";"2.868";"hp";
"42958.3258157";"Average speed";"29.33721302014299";"km/h";
"42958.3258157";"Calculated instant fuel consumption";"0";"L/100km";
"42958.3258157";"Distance travelled";"0.4783242355555557";"km";
"42958.3258157";"Distance travelled (Today)";"0.478323";"km";
"42958.3258157";"Distance travelled (total)";"41.90864300000001";"km";
"42958.3258157";"Distance travelled (Week)";"32.843032";"km";
"42958.3258157";"Vehicle acceleration";"0";"g";
"42958.3258157";"Vehicle speed";"32";"km/h";
"42958.3740105";"Fuel/Air commanded equivalence ratio";"16.63197696";"";
"42958.4576925";"Fuel economizer (based on fuel system status and throttle position)";"0";"";
"42958.4576925";"Throttle position";"19.215686274509803";"%";
"42958.5058164";"Average fuel consumption";"6.051076141829105";"L/100km";
"42958.5058164";"Average fuel consumption (Today)";"8.896498809381944";"L/100km";
"42958.5058164";"Average fuel consumption (total)";"6.405559349654912";"L/100km";
"42958.5058164";"Average fuel consumption (Week)";"6.494975859719649";"L/100km";
"42958.5058164";"Average fuel consumption 10 sec";"6.2257252865410555";"L/100km";
"42958.5058164";"Calculated instant fuel rate";"0";"L/h";
"42958.5058164";"Fuel used";"0.02894376369828868";"L";
"42958.5058164";"Fuel used (Today)";"0.042554";"L";
"42958.5058164";"Fuel used (total)";"2.6844829999999997";"L";
"42958.5058164";"Fuel used (Week)";"2.1331469999999997";"L";
"42958.5058164";"Fuel used price";"0.047757210102176324";"€";
"42958.5058164";"Fuel used price (Today)";"0.0702141";"€";
"42958.5058164";"Fuel used price (total)";"4.42939695";"€";
"42958.5058164";"Fuel used price (Week)";"3.5196925499999994";"€";
"42958.5058164";"Instant engine power (based on fuel consumption)";"0";"hp";
"42958.5058164";"MAF air flow rate";"2.39";"g/sec";
"42958.5058164";"Power from MAF";"2.868";"hp";
"42958.5558269";"Average speed";"29.347608798055987";"km/h";
"42958.5558269";"Calculated instant fuel consumption";"0";"L/100km";
"42958.5558269";"Distance travelled";"0.4803691395555557";"km";
"42958.5558269";"Distance travelled (Today)";"0.480368";"km";
"42958.5558269";"Distance travelled (total)";"41.91068800000001";"km";
"42958.5558269";"Distance travelled (Week)";"32.845076999999996";"km";
"42958.5558269";"Vehicle acceleration";"0";"g";
"42958.5558269";"Vehicle speed";"32";"km/h";
"42958.6060714";"Fuel/Air commanded equivalence ratio";"16.603399680000003";"";
"42958.6983775";"Fuel economizer (based on fuel system status and throttle position)";"0";"";
"42958.6983775";"Throttle position";"19.215686274509803";"%";
"42958.7367351";"Average fuel consumption";"6.02531705618472";"L/100km";
"42958.7367351";"Average fuel consumption (Today)";"8.85862505412517";"L/100km";
"42958.7367351";"Average fuel consumption (total)";"6.405246795280476";"L/100km";
"42958.7367351";"Average fuel consumption (Week)";"6.494571469569092";"L/100km";
"42958.7367351";"Average fuel consumption 10 sec";"6.214503121315755";"L/100km";
"42958.7367351";"Calculated instant fuel rate";"0";"L/h";
"42958.7367351";"Fuel used";"0.02894376369828868";"L";
"42958.7367351";"Fuel used (Today)";"0.042554";"L";
"42958.7367351";"Fuel used (total)";"2.6844829999999997";"L";
"42958.7367351";"Fuel used (Week)";"2.1331469999999997";"L";
"42958.7367351";"Fuel used price";"0.047757210102176324";"€";
"42958.7367351";"Fuel used price (Today)";"0.0702141";"€";
"42958.7367351";"Fuel used price (total)";"4.42939695";"€";
"42958.7367351";"Fuel used price (Week)";"3.5196925499999994";"€";
"42958.7367351";"Instant engine power (based on fuel consumption)";"0";"hp";
"42958.7367351";"MAF air flow rate";"2.37";"g/sec";
"42958.7367351";"Power from MAF";"2.844";"hp";
"42958.7897007";"Average speed";"29.358092271408893";"km/h";
"42958.7897007";"Calculated instant fuel consumption";"0";"L/100km";
"42958.7897007";"Distance travelled";"0.4824475911111113";"km";
"42958.7897007";"Distance travelled (Today)";"0.482446";"km";
"42958.7897007";"Distance travelled (total)";"41.91276600000001";"km";
"42958.7897007";"Distance travelled (Week)";"32.847155";"km";
"42958.7897007";"Vehicle acceleration";"0";"g";
"42958.7897007";"Vehicle speed";"32";"km/h";
"42958.8386132";"Fuel/Air commanded equivalence ratio";"16.63197696";"";
"42958.917855";"Fuel economizer (based on fuel system status and throttle position)";"0";"";
"42958.917855";"Throttle position";"19.215686274509803";"%";
"42958.9542858";"Average fuel consumption";"5.999359149380169";"L/100km";
"42958.9542858";"Average fuel consumption (Today)";"8.820469026585359";"L/100km";
"42958.9542858";"Average fuel consumption (total)";"6.4049292284837485";"L/100km";
"42958.9542858";"Average fuel consumption (Week)";"6.494160605385762";"L/100km";
"42958.9542858";"Average fuel consumption 10 sec";"6.203605933250419";"L/100km";
"42958.9542858";"Calculated instant fuel rate";"0";"L/h";
"42958.9542858";"Fuel used";"0.02894376369828868";"L";
"42958.9542858";"Fuel used (Today)";"0.042554";"L";
"42958.9542858";"Fuel used (total)";"2.6844829999999997";"L";
"42958.9542858";"Fuel used (Week)";"2.1331469999999997";"L";
"42958.9542858";"Fuel used price";"0.047757210102176324";"€";
"42958.9542858";"Fuel used price (Today)";"0.0702141";"€";
"42958.9542858";"Fuel used price (total)";"4.42939695";"€";
"42958.9542858";"Fuel used price (Week)";"3.5196925499999994";"€";
"42958.9542858";"Instant engine power (based on fuel consumption)";"0";"hp";
"42958.9542858";"MAF air flow rate";"2.34";"g/sec";
"42958.9542858";"Power from MAF";"2.808";"hp";
"42958.9928957";"Average speed";"29.367136055323755";"km/h";
"42958.9928957";"Calculated instant fuel consumption";"0";"L/100km";
"42958.9928957";"Distance travelled";"0.4842539084444446";"km";
"42958.9928957";"Distance travelled (Today)";"0.484252";"km";
"42958.9928957";"Distance travelled (total)";"41.91457200000001";"km";
"42958.9928957";"Distance travelled (Week)";"32.848960999999996";"km";
"42958.9928957";"Vehicle acceleration";"0";"g";
"42958.9928957";"Vehicle speed";"32";"km/h";
"42959.0337578";"Fuel/Air commanded equivalence ratio";"17.17494528";"";
"42959.1223287";"Fuel economizer (based on fuel system status and throttle position)";"0";"";
"42959.1223287";"Throttle position";"18.431372549019606";"%";
"42959.1606689";"Average fuel consumption";"5.976980917152312";"L/100km";
"42959.1606689";"Average fuel consumption (Today)";"8.787573412190346";"L/100km";
"42959.1606689";"Average fuel consumption (total)";"6.4046532551972595";"L/100km";
"42959.1606689";"Average fuel consumption (Week)";"6.4938035635282345";"L/100km";
"42959.1606689";"Average fuel consumption 10 sec";"6.193054683907881";"L/100km";
"42959.1606689";"Calculated instant fuel rate";"0";"L/h";
"42959.1606689";"Fuel used";"0.02894376369828868";"L";
"42959.1606689";"Fuel used (Today)";"0.042554";"L";
"42959.1606689";"Fuel used (total)";"2.6844829999999997";"L";
"42959.1606689";"Fuel used (Week)";"2.1331469999999997";"L";
"42959.1606689";"Fuel used price";"0.047757210102176324";"€";
"42959.1606689";"Fuel used price (Today)";"0.0702141";"€";
"42959.1606689";"Fuel used price (total)";"4.42939695";"€";
"42959.1606689";"Fuel used price (Week)";"3.5196925499999994";"€";
"42959.1606689";"Instant engine power (based on fuel consumption)";"0";"hp";
"42959.1606689";"MAF air flow rate";"1.9000000000000001";"g/sec";
"42959.1606689";"Power from MAF";"2.2800000000000002";"hp";
"42959.2020064";"Average speed";"29.376379121092192";"km/h";
"42959.2020064";"Calculated instant fuel consumption";"0";"L/100km";
"42959.2020064";"Distance travelled";"0.4861128960000002";"km";
"42959.2020064";"Distance travelled (Today)";"0.486111";"km";
"42959.2020064";"Distance travelled (total)";"41.91643100000001";"km";
"42959.2020064";"Distance travelled (Week)";"32.85082";"km";
"42959.2020064";"Vehicle acceleration";"0";"g";
"42959.2020064";"Vehicle speed";"32";"km/h";
"42959.2419985";"Fuel/Air commanded equivalence ratio";"17.48929536";"";
"42959.3371677";"Fuel economizer (based on fuel system status and throttle position)";"0";"";
"42959.3371677";"Throttle position";"18.431372549019606";"%";
"42959.3903264";"Average fuel consumption";"5.954123812894828";"L/100km";
"42959.3903264";"Average fuel consumption (Today)";"8.75396771519262";"L/100km";
"42959.3903264";"Average fuel consumption (total)";"6.404369207865047";"L/100km";
"42959.3903264";"Average fuel consumption (Week)";"6.493436084700472";"L/100km";
"42959.3903264";"Average fuel consumption 10 sec";"6.182867984552127";"L/100km";
"42959.3903264";"Calculated instant fuel rate";"0";"L/h";
"42959.3903264";"Fuel used";"0.02894376369828868";"L";
"42959.3903264";"Fuel used (Today)";"0.042554";"L";
"42959.3903264";"Fuel used (total)";"2.6844829999999997";"L";
"42959.3903264";"Fuel used (Week)";"2.1331469999999997";"L";
"42959.3903264";"Fuel used price";"0.047757210102176324";"€";
"42959.3903264";"Fuel used price (Today)";"0.0702141";"€";
"42959.3903264";"Fuel used price (total)";"4.42939695";"€";
"42959.3903264";"Fuel used price (Week)";"3.5196925499999994";"€";
"42959.3903264";"Instant engine power (based on fuel consumption)";"0";"hp";
"42959.3903264";"MAF air flow rate";"1.87";"g/sec";
"42959.3903264";"Power from MAF";"2.244";"hp";
"42959.4339932";"Average speed";"29.386554210180638";"km/h";
"42959.4339932";"Calculated instant fuel consumption";"0";"L/100km";
"42959.4339932";"Distance travelled";"0.48817453955555573";"km";
"42959.4339932";"Distance travelled (Today)";"0.488173";"km";
"42959.4339932";"Distance travelled (total)";"41.91849300000001";"km";
"42959.4339932";"Distance travelled (Week)";"32.852882";"km";
"42959.4339932";"Vehicle acceleration";"0";"g";
"42959.4339932";"Vehicle speed";"32";"km/h";
"42959.486024";"Fuel/Air commanded equivalence ratio";"17.60360448";"";
"42959.5731931";"Fuel economizer (based on fuel system status and throttle position)";"0";"";
"42959.5731931";"Throttle position";"18.431372549019606";"%";
"42959.6150599";"Average fuel consumption";"5.928978542109076";"L/100km";
"42959.6150599";"Average fuel consumption (Today)";"8.716991722196843";"L/100km";
"42959.6150599";"Average fuel consumption (total)";"6.404054172462733";"L/100km";
"42959.6150599";"Average fuel consumption (Week)";"6.493028526386207";"L/100km";
"42959.6150599";"Average fuel consumption 10 sec";"6.172991059264833";"L/100km";
"42959.6150599";"Calculated instant fuel rate";"0";"L/h";
"42959.6150599";"Fuel used";"0.02894376369828868";"L";
"42959.6150599";"Fuel used (Today)";"0.042554";"L";
"42959.6150599";"Fuel used (total)";"2.6844829999999997";"L";
"42959.6150599";"Fuel used (Week)";"2.1331469999999997";"L";
"42959.6150599";"Fuel used price";"0.047757210102176324";"€";
"42959.6150599";"Fuel used price (Today)";"0.0702141";"€";
"42959.6150599";"Fuel used price (total)";"4.42939695";"€";
"42959.6150599";"Fuel used price (Week)";"3.5196925499999994";"€";
"42959.6150599";"Instant engine power (based on fuel consumption)";"0";"hp";
"42959.6150599";"MAF air flow rate";"1.87";"g/sec";
"42959.6150599";"Power from MAF";"2.244";"hp";
"42959.6592026";"Average speed";"29.396358279560392";"km/h";
"42959.6592026";"Calculated instant fuel consumption";"0";"L/100km";
"42959.6592026";"Distance travelled";"0.4901762515555557";"km";
"42959.6592026";"Distance travelled (Today)";"0.490175";"km";
"42959.6592026";"Distance travelled (total)";"41.92049500000001";"km";
"42959.6592026";"Distance travelled (Week)";"32.854884";"km";
"42959.6592026";"Vehicle acceleration";"0";"g";
"42959.6592026";"Vehicle speed";"32";"km/h";
"42959.7143505";"Fuel/Air commanded equivalence ratio";"17.660759040000002";"";
"42959.8054395";"Fuel economizer (based on fuel system status and throttle position)";"0";"";
"42959.8054395";"Throttle position";"18.431372549019606";"%";
"42959.8494495";"Average fuel consumption";"5.904766623523018";"L/100km";
"42959.8494495";"Average fuel consumption (Today)";"8.681389299739887";"L/100km";
"42959.8494495";"Average fuel consumption (total)";"6.403748333601497";"L/100km";
"42959.8494495";"Average fuel consumption (Week)";"6.4926328761349446";"L/100km";
"42959.8494495";"Average fuel consumption 10 sec";"6.163606688165991";"L/100km";
"42959.8494495";"Calculated instant fuel rate";"0";"L/h";
"42959.8494495";"Fuel used";"0.02894376369828868";"L";
"42959.8494495";"Fuel used (Today)";"0.042554";"L";
"42959.8494495";"Fuel used (total)";"2.6844829999999997";"L";
"42959.8494495";"Fuel used (Week)";"2.1331469999999997";"L";
"42959.8494495";"Fuel used price";"0.047757210102176324";"€";
"42959.8494495";"Fuel used price (Today)";"0.0702141";"€";
"42959.8494495";"Fuel used price (total)";"4.42939695";"€";
"42959.8494495";"Fuel used price (Week)";"3.5196925499999994";"€";
"42959.8494495";"Instant engine power (based on fuel consumption)";"0";"hp";
"42959.8494495";"MAF air flow rate";"1.82";"g/sec";
"42959.8494495";"Power from MAF";"2.184";"hp";
"42959.8941678";"Average speed";"29.406512125747177";"km/h";
"42959.8941678";"Calculated instant fuel consumption";"0";"L/100km";
"42959.8941678";"Distance travelled";"0.49226533155555574";"km";
"42959.8941678";"Distance travelled (Today)";"0.492264";"km";
"42959.8941678";"Distance travelled (total)";"41.92258400000001";"km";
"42959.8941678";"Distance travelled (Week)";"32.856972999999996";"km";
"42959.8941678";"Vehicle acceleration";"0";"g";
"42959.8941678";"Vehicle speed";"32";"km/h";
"42959.9440423";"Fuel/Air commanded equivalence ratio";"17.689336320000002";"";
"42960.0183134";"Fuel economizer (based on fuel system status and throttle position)";"0";"";
"42960.0183134";"Throttle position";"18.823529411764707";"%";
"42960.0581662";"Average fuel consumption";"5.879707922316315";"L/100km";
"42960.0581662";"Average fuel consumption (Today)";"8.644548453675263";"L/100km";
"42960.0581662";"Average fuel consumption (total)";"6.403429235182639";"L/100km";
"42960.0581662";"Average fuel consumption (Week)";"6.492220083694258";"L/100km";
"42960.0581662";"Average fuel consumption 10 sec";"6.154517468275546";"L/100km";
"42960.0581662";"Calculated instant fuel rate";"0";"L/h";
"42960.0581662";"Fuel used";"0.02894376369828868";"L";
"42960.0581662";"Fuel used (Today)";"0.042554";"L";
"42960.0581662";"Fuel used (total)";"2.6844829999999997";"L";
"42960.0581662";"Fuel used (Week)";"2.1331469999999997";"L";
"42960.0581662";"Fuel used price";"0.047757210102176324";"€";
"42960.0581662";"Fuel used price (Today)";"0.0702141";"€";
"42960.0581662";"Fuel used price (total)";"4.42939695";"€";
"42960.0581662";"Fuel used price (Week)";"3.5196925499999994";"€";
"42960.0581662";"Instant engine power (based on fuel consumption)";"0";"hp";
"42960.0581662";"MAF air flow rate";"1.93";"g/sec";
"42960.0581662";"Power from MAF";"2.316";"hp";
"42960.0981423";"Average speed";"29.411886092180275";"km/h";
"42960.0981423";"Calculated instant fuel consumption";"0";"L/100km";
"42960.0981423";"Distance travelled";"0.49402135669444464";"km";
"42960.0981423";"Distance travelled (Today)";"0.49402";"km";
"42960.0981423";"Distance travelled (total)";"41.92434000000001";"km";
"42960.0981423";"Distance travelled (Week)";"32.858729";"km";
"42960.0981423";"Vehicle acceleration";"-0.03160843166811865";"g";
"42960.0981423";"Vehicle speed";"31";"km/h";
"42960.1408956";"Fuel/Air commanded equivalence ratio";"15.460308480000002";"";
"42960.2174008";"Fuel economizer (based on fuel system status and throttle position)";"1";"";
"42960.2174008";"Throttle position";"23.92156862745098";"%";
"42960.2659193";"Average fuel consumption";"5.885039730099956";"L/100km";
"42960.2659193";"Average fuel consumption (Today)";"8.640136026881502";"L/100km";
"42960.2659193";"Average fuel consumption (total)";"6.403471110099764";"L/100km";
"42960.2659193";"Average fuel consumption (Week)";"6.492268766695145";"L/100km";
"42960.2659193";"Average fuel consumption 10 sec";"6.1462771872958";"L/100km";
"42960.2659193";"Calculated instant fuel rate";"2.2456090228788295";"L/h";
"42960.2659193";"Fuel used";"0.029073353116646886";"L";
"42960.2659193";"Fuel used (Today)";"0.042684";"L";
"42960.2659193";"Fuel used (total)";"2.6846129999999997";"L";
"42960.2659193";"Fuel used (Week)";"2.1332769999999996";"L";
"42960.2659193";"Fuel used price";"0.04797103264246736";"€";
"42960.2659193";"Fuel used price (Today)";"0.0704286";"€";
"42960.2659193";"Fuel used price (total)";"4.42961145";"€";
"42960.2659193";"Fuel used price (Week)";"3.5199070499999996";"€";
"42960.2659193";"Instant engine power (based on fuel consumption)";"8.78526690799759";"hp";
"42960.2659193";"MAF air flow rate";"7.04";"g/sec";
"42960.2659193";"Power from MAF";"8.448";"hp";
"42960.3186787";"Average speed";"29.417656906169775";"km/h";
"42960.3186787";"Calculated instant fuel consumption";"7.243900073802675";"L/100km";
"42960.3186787";"Distance travelled";"0.4959203391944446";"km";
"42960.3186787";"Distance travelled (Today)";"0.495919";"km";
"42960.3186787";"Distance travelled (total)";"41.92623900000001";"km";
"42960.3186787";"Distance travelled (Week)";"32.860628";"km";
"42960.3186787";"Vehicle acceleration";"-0.03201753658277208";"g";
"42960.3186787";"Vehicle speed";"31";"km/h";
"42960.3655778";"Fuel/Air commanded equivalence ratio";"14.640051240000002";"";
"42960.4557661";"Fuel economizer (based on fuel system status and throttle position)";"1";"";
"42960.4557661";"Throttle position";"23.92156862745098";"%";
"42960.4945375";"Average fuel consumption";"5.894854548608832";"L/100km";
"42960.4945375";"Average fuel consumption (Today)";"8.639314081533476";"L/100km";
"42960.4945375";"Average fuel consumption (total)";"6.403562694951005";"L/100km";
"42960.4945375";"Average fuel consumption (Week)";"6.492380486459358";"L/100km";
"42960.4945375";"Average fuel consumption 10 sec";"6.138958240373977";"L/100km";
"42960.4945375";"Calculated instant fuel rate";"2.5263778632692144";"L/h";
"42960.4945375";"Fuel used";"0.029233782672480068";"L";
"42960.4945375";"Fuel used (Today)";"0.042844";"L";
"42960.4945375";"Fuel used (total)";"2.684773";"L";
"42960.4945375";"Fuel used (Week)";"2.133437";"L";
"42960.4945375";"Fuel used price";"0.04823574140959211";"€";
"42960.4945375";"Fuel used price (Today)";"0.0706926";"€";
"42960.4945375";"Fuel used price (total)";"4.42987545";"€";
"42960.4945375";"Fuel used price (Week)";"3.5201710499999996";"€";
"42960.4945375";"Instant engine power (based on fuel consumption)";"9.883690176317172";"hp";
"42960.4945375";"MAF air flow rate";"7.5";"g/sec";
"42960.4945375";"Power from MAF";"9";"hp";
"42960.5349836";"Average speed";"29.42327942262253";"km/h";
"42960.5349836";"Calculated instant fuel consumption";"8.149606010545853";"L/100km";
"42960.5349836";"Distance travelled";"0.49778389127777795";"km";
"42960.5349836";"Distance travelled (Today)";"0.497783";"km";
"42960.5349836";"Distance travelled (total)";"41.92810300000001";"km";
"42960.5349836";"Distance travelled (Week)";"32.862491999999996";"km";
"42960.5349836";"Vehicle acceleration";"-0.03234307476469347";"g";
"42960.5349836";"Vehicle speed";"31";"km/h";
"42960.578546";"Fuel/Air commanded equivalence ratio";"14.640051240000002";"";
"42960.6560003";"Fuel economizer (based on fuel system status and throttle position)";"1";"";
"42960.6560003";"Throttle position";"27.45098039215686";"%";
"42960.6986331";"Average fuel consumption";"5.922585161781807";"L/100km";
"42960.6986331";"Average fuel consumption (Today)";"8.656784181058814";"L/100km";
"42960.6986331";"Average fuel consumption (total)";"6.4038695001297805";"L/100km";
"42960.6986331";"Average fuel consumption (Week)";"6.49276689059369";"L/100km";
"42960.6986331";"Average fuel consumption 10 sec";"6.13294170237796";"L/100km";
"42960.6986331";"Calculated instant fuel rate";"4.372317955364587";"L/h";
"42960.6986331";"Fuel used";"0.02948167488255776";"L";
"42960.6986331";"Fuel used (Today)";"0.043092";"L";
"42960.6986331";"Fuel used (total)";"2.685021";"L";
"42960.6986331";"Fuel used (Week)";"2.133685";"L";
"42960.6986331";"Fuel used price";"0.0486447635562203";"€";
"42960.6986331";"Fuel used price (Today)";"0.07110179999999999";"€";
"42960.6986331";"Fuel used price (total)";"4.43028465";"€";
"42960.6986331";"Fuel used price (Week)";"3.5205802499999996";"€";
"42960.6986331";"Instant engine power (based on fuel consumption)";"17.105373131812918";"hp";
"42960.6986331";"MAF air flow rate";"12.98";"g/sec";
"42960.6986331";"Power from MAF";"15.576";"hp";
"42960.7375961";"Average speed";"29.428504395075507";"km/h";
"42960.7375961";"Calculated instant fuel consumption";"14.104251468918022";"L/100km";
"42960.7375961";"Distance travelled";"0.49952763352777796";"km";
"42960.7375961";"Distance travelled (Today)";"0.499527";"km";
"42960.7375961";"Distance travelled (total)";"41.92984700000001";"km";
"42960.7375961";"Distance travelled (Week)";"32.864236";"km";
"42960.7375961";"Vehicle acceleration";"-0.03358370872841";"g";
"42960.7375961";"Vehicle speed";"31";"km/h";
"42960.7773981";"Fuel/Air commanded equivalence ratio";"14.640051240000002";"";
"42960.8661136";"Fuel economizer (based on fuel system status and throttle position)";"1";"";
"42960.8661136";"Throttle position";"29.80392156862745";"%";
"42960.8928546";"Average fuel consumption";"5.953971372827806";"L/100km";
"42960.8928546";"Average fuel consumption (Today)";"8.678609965026917";"L/100km";
"42960.8928546";"Average fuel consumption (total)";"6.404223225522381";"L/100km";
"42960.8928546";"Average fuel consumption (Week)";"6.493213473759134";"L/100km";
"42960.8928546";"Average fuel consumption 10 sec";"6.128362977389563";"L/100km";
"42960.8928546";"Calculated instant fuel rate";"4.820328963117661";"L/h";
"42960.8928546";"Fuel used";"0.02974173229960809";"L";
"42960.8928546";"Fuel used (Today)";"0.043352";"L";
"42960.8928546";"Fuel used (total)";"2.685281";"L";
"42960.8928546";"Fuel used (Week)";"2.1339449999999998";"L";
"42960.8928546";"Fuel used price";"0.049073858294353345";"€";
"42960.8928546";"Fuel used price (Today)";"0.07153079999999999";"€";
"42960.8928546";"Fuel used price (total)";"4.43071365";"€";
"42960.8928546";"Fuel used price (Week)";"3.5210092499999996";"€";
"42960.8928546";"Instant engine power (based on fuel consumption)";"18.85808085641316";"hp";
"42960.8928546";"MAF air flow rate";"14.31";"g/sec";
"42960.8928546";"Power from MAF";"17.172";"hp";
"42960.9425726";"Average speed";"29.433758253471282";"km/h";
"42960.9425726";"Calculated instant fuel consumption";"15.549448268121486";"L/100km";
"42960.9425726";"Distance travelled";"0.5012927468333335";"km";
"42960.9425726";"Distance travelled (Today)";"0.501292";"km";
"42960.9425726";"Distance travelled (total)";"41.93161200000001";"km";
"42960.9425726";"Distance travelled (Week)";"32.866001";"km";
"42960.9425726";"Vehicle acceleration";"0";"g";
"42960.9425726";"Vehicle speed";"31";"km/h";
"42960.9893827";"Fuel/Air commanded equivalence ratio";"14.640051240000002";"";
"42961.0653361";"Fuel economizer (based on fuel system status and throttle position)";"1";"";
"42961.0653361";"Throttle position";"32.15686274509804";"%";
"42961.1095346";"Average fuel consumption";"5.997566449004035";"L/100km";
"42961.1095346";"Average fuel consumption (Today)";"8.712686418295126";"L/100km";
"42961.1095346";"Average fuel consumption (total)";"6.404726343456577";"L/100km";
"42961.1095346";"Average fuel consumption (Week)";"6.49385059046277";"L/100km";
"42961.1095346";"Average fuel consumption 10 sec";"6.125313798114872";"L/100km";
"42961.1095346";"Calculated instant fuel rate";"5.376132093036888";"L/h";
"42961.1095346";"Fuel used";"0.030065365595366742";"L";
"42961.1095346";"Fuel used (Today)";"0.043676";"L";
"42961.1095346";"Fuel used (total)";"2.685605";"L";
"42961.1095346";"Fuel used (Week)";"2.1342689999999997";"L";
"42961.1095346";"Fuel used price";"0.04960785323235512";"€";
"42961.1095346";"Fuel used price (Today)";"0.07206539999999999";"€";
"42961.1095346";"Fuel used price (total)";"4.43124825";"€";
"42961.1095346";"Fuel used price (Week)";"3.5215438499999996";"€";
"42961.1095346";"Instant engine power (based on fuel consumption)";"21.032492695202937";"hp";
"42961.1095346";"MAF air flow rate";"15.96";"g/sec";
"42961.1095346";"Power from MAF";"19.152";"hp";
"42961.1495267";"Average speed";"29.445757023659965";"km/h";
"42961.1495267";"Calculated instant fuel consumption";"16.291309372839052";"L/100km";
"42961.1495267";"Distance travelled";"0.5031901047500001";"km";
"42961.1495267";"Distance travelled (Today)";"0.503189";"km";
"42961.1495267";"Distance travelled (total)";"41.93350900000001";"km";
"42961.1495267";"Distance travelled (Week)";"32.867898";"km";
"42961.1495267";"Vehicle acceleration";"0.06818443412151924";"g";
"42961.1495267";"Vehicle speed";"33";"km/h";
"42961.1943355";"Fuel/Air commanded equivalence ratio";"14.640051240000002";"";
"42961.2819975";"Fuel economizer (based on fuel system status and throttle position)";"1";"";
"42961.2819975";"Throttle position";"32.549019607843135";"%";
"42961.3221057";"Average fuel consumption";"6.037430625221675";"L/100km";
"42961.3221057";"Average fuel consumption (Today)";"8.742241980647432";"L/100km";
"42961.3221057";"Average fuel consumption (total)";"6.405185409119945";"L/100km";
"42961.3221057";"Average fuel consumption (Week)";"6.494431131555781";"L/100km";
"42961.3221057";"Average fuel consumption 10 sec";"6.123782905604598";"L/100km";
"42961.3221057";"Calculated instant fuel rate";"5.325604535771504";"L/h";
"42961.3221057";"Fuel used";"0.030379753487261536";"L";
"42961.3221057";"Fuel used (Today)";"0.04399";"L";
"42961.3221057";"Fuel used (total)";"2.6859189999999997";"L";
"42961.3221057";"Fuel used (Week)";"2.1345829999999997";"L";
"42961.3221057";"Fuel used price";"0.050126593253981534";"€";
"42961.3221057";"Fuel used price (Today)";"0.0725835";"€";
"42961.3221057";"Fuel used price (total)";"4.43176635";"€";
"42961.3221057";"Fuel used price (Week)";"3.5220619499999994";"€";
"42961.3221057";"Instant engine power (based on fuel consumption)";"20.834818891676598";"hp";
"42961.3221057";"MAF air flow rate";"15.81";"g/sec";
"42961.3221057";"Power from MAF";"18.972";"hp";
"42961.365637";"Average speed";"29.45819638361983";"km/h";
"42961.365637";"Calculated instant fuel consumption";"16.138195562943952";"L/100km";
"42961.365637";"Distance travelled";"0.5051707051666668";"km";
"42961.365637";"Distance travelled (Today)";"0.50517";"km";
"42961.365637";"Distance travelled (total)";"41.93549000000001";"km";
"42961.365637";"Distance travelled (Week)";"32.869879";"km";
"42961.365637";"Vehicle acceleration";"0.06820039971058452";"g";
"42961.365637";"Vehicle speed";"33";"km/h";
"42961.417677";"Fuel/Air commanded equivalence ratio";"14.640051240000002";"";
"42961.5120497";"Fuel economizer (based on fuel system status and throttle position)";"1";"";
"42961.5120497";"Throttle position";"32.549019607843135";"%";
"42961.5526707";"Average fuel consumption";"6.081879808269027";"L/100km";
"42961.5526707";"Average fuel consumption (Today)";"8.77605558524853";"L/100km";
"42961.5526707";"Average fuel consumption (total)";"6.405703140704923";"L/100km";
"42961.5526707";"Average fuel consumption (Week)";"6.495086276405216";"L/100km";
"42961.5526707";"Average fuel consumption 10 sec";"6.123852675998808";"L/100km";
"42961.5526707";"Calculated instant fuel rate";"5.372763589219195";"L/h";
"42961.5526707";"Fuel used";"0.030723875114821768";"L";
"42961.5526707";"Fuel used (Today)";"0.044334";"L";
"42961.5526707";"Fuel used (total)";"2.686263";"L";
"42961.5526707";"Fuel used (Week)";"2.134927";"L";
"42961.5526707";"Fuel used price";"0.05069439393945591";"€";
"42961.5526707";"Fuel used price (Today)";"0.0731511";"€";
"42961.5526707";"Fuel used price (total)";"4.43233395";"€";
"42961.5526707";"Fuel used price (Week)";"3.5226295499999996";"€";
"42961.5526707";"Instant engine power (based on fuel consumption)";"21.019314441634513";"hp";
"42961.5526707";"MAF air flow rate";"15.950000000000001";"g/sec";
"42961.5526707";"Power from MAF";"19.14";"hp";
"42961.5927998";"Average speed";"29.478513041063266";"km/h";
"42961.5927998";"Calculated instant fuel consumption";"15.350753112054843";"L/100km";
"42961.5927998";"Distance travelled";"0.5073791993333335";"km";
"42961.5927998";"Distance travelled (Today)";"0.507378";"km";
"42961.5927998";"Distance travelled (total)";"41.93769800000001";"km";
"42961.5927998";"Distance travelled (Week)";"32.872087";"km";
"42961.5927998";"Vehicle acceleration";"0.13248516282377173";"g";
"42961.5927998";"Vehicle speed";"35";"km/h";
"42961.6366398";"Fuel/Air commanded equivalence ratio";"14.640051240000002";"";
"42961.7301452";"Fuel economizer (based on fuel system status and throttle position)";"1";"";
"42961.7301452";"Throttle position";"32.549019607843135";"%";
"42961.779017";"Average fuel consumption";"6.124566183167155";"L/100km";
"42961.779017";"Average fuel consumption (Today)";"8.807043269515038";"L/100km";
"42961.779017";"Average fuel consumption (total)";"6.4062028392688575";"L/100km";
"42961.779017";"Average fuel consumption (Week)";"6.495717780255326";"L/100km";
"42961.779017";"Average fuel consumption 10 sec";"6.126342232963026";"L/100km";
"42961.779017";"Calculated instant fuel rate";"5.581610825916118";"L/h";
"42961.779017";"Fuel used";"0.031074774862793617";"L";
"42961.779017";"Fuel used (Today)";"0.044685";"L";
"42961.779017";"Fuel used (total)";"2.6866139999999996";"L";
"42961.779017";"Fuel used (Week)";"2.1352779999999996";"L";
"42961.779017";"Fuel used price";"0.05127337852360946";"€";
"42961.779017";"Fuel used price (Today)";"0.07373025";"€";
"42961.779017";"Fuel used price (total)";"4.4329131";"€";
"42961.779017";"Fuel used price (Week)";"3.5232086999999996";"€";
"42961.779017";"Instant engine power (based on fuel consumption)";"21.836366162876736";"hp";
"42961.779017";"MAF air flow rate";"16.57";"g/sec";
"42961.779017";"Power from MAF";"19.884";"hp";
"42961.8226987";"Average speed";"29.498925010392174";"km/h";
"42961.8226987";"Calculated instant fuel consumption";"15.94745950261748";"L/100km";
"42961.8226987";"Distance travelled";"0.5096144821111113";"km";
"42961.8226987";"Distance travelled (Today)";"0.509613";"km";
"42961.8226987";"Distance travelled (total)";"41.93993300000001";"km";
"42961.8226987";"Distance travelled (Week)";"32.874322";"km";
"42961.8226987";"Vehicle acceleration";"0.12873360015342353";"g";
"42961.8226987";"Vehicle speed";"35";"km/h";
"42961.8639018";"Fuel/Air commanded equivalence ratio";"14.640051240000002";"";
"42961.9585658";"Fuel economizer (based on fuel system status and throttle position)";"1";"";
"42961.9585658";"Throttle position";"31.372549019607842";"%";
"42962.00286";"Average fuel consumption";"6.164076999123711";"L/100km";
"42962.00286";"Average fuel consumption (Today)";"8.834743226723024";"L/100km";
"42962.00286";"Average fuel consumption (total)";"6.4066673640131935";"L/100km";
"42962.00286";"Average fuel consumption (Week)";"6.4963043192191146";"L/100km";
"42962.00286";"Average fuel consumption 10 sec";"6.12743755240416";"L/100km";
"42962.00286";"Calculated instant fuel rate";"5.440133665573041";"L/h";
"42962.00286";"Fuel used";"0.03141302907601443";"L";
"42962.00286";"Fuel used (Today)";"0.045023";"L";
"42962.00286";"Fuel used (total)";"2.686952";"L";
"42962.00286";"Fuel used (Week)";"2.1356159999999997";"L";
"42962.00286";"Fuel used price";"0.05183149797542381";"€";
"42962.00286";"Fuel used price (Today)";"0.07428794999999999";"€";
"42962.00286";"Fuel used price (total)";"4.4334708";"€";
"42962.00286";"Fuel used price (Week)";"3.5237663999999995";"€";
"42962.00286";"Instant engine power (based on fuel consumption)";"21.28287951300297";"hp";
"42962.00286";"MAF air flow rate";"16.15";"g/sec";
"42962.00286";"Power from MAF";"19.38";"hp";
"42962.0452923";"Average speed";"29.52567529560259";"km/h";
"42962.0452923";"Calculated instant fuel consumption";"14.703063961008217";"L/100km";
"42962.0452923";"Distance travelled";"0.5119021540833335";"km";
"42962.0452923";"Distance travelled (Today)";"0.511901";"km";
"42962.0452923";"Distance travelled (total)";"41.94222100000001";"km";
"42962.0452923";"Distance travelled (Week)";"32.87661";"km";
"42962.0452923";"Vehicle acceleration";"0.12648599303432956";"g";
"42962.0452923";"Vehicle speed";"37";"km/h";
"42962.0945411";"Fuel/Air commanded equivalence ratio";"14.640051240000002";"";
"42962.1694805";"Fuel economizer (based on fuel system status and throttle position)";"1";"";
"42962.1694805";"Throttle position";"31.764705882352942";"%";
"42962.2219144";"Average fuel consumption";"6.203520362833728";"L/100km";
"42962.2219144";"Average fuel consumption (Today)";"8.862260476146753";"L/100km";
"42962.2219144";"Average fuel consumption (total)";"6.4071356640841675";"L/100km";
"42962.2219144";"Average fuel consumption (Week)";"6.496895513253951";"L/100km";
"42962.2219144";"Average fuel consumption 10 sec";"6.1287412119410485";"L/100km";
"42962.2219144";"Calculated instant fuel rate";"5.635506886999194";"L/h";
"42962.2219144";"Fuel used";"0.031755954366344076";"L";
"42962.2219144";"Fuel used (Today)";"0.045366000000000004";"L";
"42962.2219144";"Fuel used (total)";"2.6872949999999998";"L";
"42962.2219144";"Fuel used (Week)";"2.1359589999999997";"L";
"42962.2219144";"Fuel used price";"0.05239732470446772";"€";
"42962.2219144";"Fuel used price (Today)";"0.0748539";"€";
"42962.2219144";"Fuel used price (total)";"4.434036750000001";"€";
"42962.2219144";"Fuel used price (Week)";"3.5243323499999994";"€";
"42962.2219144";"Instant engine power (based on fuel consumption)";"22.047218219971505";"hp";
"42962.2219144";"MAF air flow rate";"16.73";"g/sec";
"42962.2219144";"Power from MAF";"20.076";"hp";
"42962.2627527";"Average speed";"29.551626064989346";"km/h";
"42962.2627527";"Calculated instant fuel consumption";"15.231099694592418";"L/100km";
"42962.2627527";"Distance travelled";"0.5141371545000002";"km";
"42962.2627527";"Distance travelled (Today)";"0.514136";"km";
"42962.2627527";"Distance travelled (total)";"41.94445600000001";"km";
"42962.2627527";"Distance travelled (Week)";"32.878845";"km";
"42962.2627527";"Vehicle acceleration";"0.1262956540294161";"g";
"42962.2627527";"Vehicle speed";"37";"km/h";
"42962.30477";"Fuel/Air commanded equivalence ratio";"14.640051240000002";"";
"42962.3837518";"Fuel economizer (based on fuel system status and throttle position)";"1";"";
"42962.3837518";"Throttle position";"31.764705882352942";"%";
"42962.421292";"Average fuel consumption";"6.241067637823968";"L/100km";
"42962.421292";"Average fuel consumption (Today)";"8.888309707937198";"L/100km";
"42962.421292";"Average fuel consumption (total)";"6.407585784400204";"L/100km";
"42962.421292";"Average fuel consumption (Week)";"6.497463642655329";"L/100km";
"42962.421292";"Average fuel consumption 10 sec";"6.129790313252429";"L/100km";
"42962.421292";"Calculated instant fuel rate";"5.989199787856885";"L/h";
"42962.421292";"Fuel used";"0.032087647563528526";"L";
"42962.421292";"Fuel used (Today)";"0.045698";"L";
"42962.421292";"Fuel used (total)";"2.6876269999999995";"L";
"42962.421292";"Fuel used (Week)";"2.1362909999999995";"L";
"42962.421292";"Fuel used price";"0.05294461847982206";"€";
"42962.421292";"Fuel used price (Today)";"0.0754017";"€";
"42962.421292";"Fuel used price (total)";"4.43458455";"€";
"42962.421292";"Fuel used price (Week)";"3.5248801499999995";"€";
"42962.421292";"Instant engine power (based on fuel consumption)";"23.43093484465591";"hp";
"42962.421292";"MAF air flow rate";"17.78";"g/sec";
"42962.421292";"Power from MAF";"21.336000000000002";"hp";
"42962.4625299";"Average speed";"29.581666947331655";"km/h";
"42962.4625299";"Calculated instant fuel consumption";"15.356922532966372";"L/100km";
"42962.4625299";"Distance travelled";"0.5163013717500002";"km";
"42962.4625299";"Distance travelled (Today)";"0.5163";"km";
"42962.4625299";"Distance travelled (total)";"41.94662000000001";"km";
"42962.4625299";"Distance travelled (Week)";"32.881009";"km";
"42962.4625299";"Vehicle acceleration";"0.1302723700628414";"g";
"42962.4625299";"Vehicle speed";"39";"km/h";
"42962.5052539";"Fuel/Air commanded equivalence ratio";"14.640051240000002";"";
"42962.5939458";"Fuel economizer (based on fuel system status and throttle position)";"1";"";
"42962.5939458";"Throttle position";"30.58823529411765";"%";
"42962.6330014";"Average fuel consumption";"6.277637180637872";"L/100km";
"42962.6330014";"Average fuel consumption (Today)";"8.913809800503584";"L/100km";
"42962.6330014";"Average fuel consumption (total)";"6.408027631308551";"L/100km";
"42962.6330014";"Average fuel consumption (Week)";"6.498021395876263";"L/100km";
"42962.6330014";"Average fuel consumption 10 sec";"6.132935991281907";"L/100km";
"42962.6330014";"Calculated instant fuel rate";"5.507503741926888";"L/h";
"42962.6330014";"Fuel used";"0.03241152687712138";"L";
"42962.6330014";"Fuel used (Today)";"0.046022";"L";
"42962.6330014";"Fuel used (total)";"2.6879509999999995";"L";
"42962.6330014";"Fuel used (Week)";"2.1366149999999995";"L";
"42962.6330014";"Fuel used price";"0.05347901934725027";"€";
"42962.6330014";"Fuel used price (Today)";"0.0759363";"€";
"42962.6330014";"Fuel used price (total)";"4.43511915";"€";
"42962.6330014";"Fuel used price (Week)";"3.5254147499999995";"€";
"42962.6330014";"Instant engine power (based on fuel consumption)";"21.546444584371436";"hp";
"42962.6330014";"MAF air flow rate";"16.35";"g/sec";
"42962.6330014";"Power from MAF";"19.62";"hp";
"42962.6820798";"Average speed";"29.614460672015902";"km/h";
"42962.6820798";"Calculated instant fuel consumption";"14.121804466479201";"L/100km";
"42962.6820798";"Distance travelled";"0.5186797271666669";"km";
"42962.6820798";"Distance travelled (Today)";"0.518678";"km";
"42962.6820798";"Distance travelled (total)";"41.94899800000001";"km";
"42962.6820798";"Distance travelled (Week)";"32.883387";"km";
"42962.6820798";"Vehicle acceleration";"0.13184116039088134";"g";
"42962.6820798";"Vehicle speed";"39";"km/h";
"42962.7211698";"Fuel/Air commanded equivalence ratio";"14.640051240000002";"";
"42962.8138729";"Fuel economizer (based on fuel system status and throttle position)";"1";"";
"42962.8138729";"Throttle position";"29.80392156862745";"%";
"42962.8567331";"Average fuel consumption";"6.313589587320255";"L/100km";
"42962.8567331";"Average fuel consumption (Today)";"8.937722440512227";"L/100km";
"42962.8567331";"Average fuel consumption (total)";"6.408465346418999";"L/100km";
"42962.8567331";"Average fuel consumption (Week)";"6.498573276530181";"L/100km";
"42962.8567331";"Average fuel consumption 10 sec";"6.131796355182767";"L/100km";
"42962.8567331";"Calculated instant fuel rate";"5.403080123578426";"L/h";
"42962.8567331";"Fuel used";"0.03274730924593579";"L";
"42962.8567331";"Fuel used (Today)";"0.046358";"L";
"42962.8567331";"Fuel used (total)";"2.688287";"L";
"42962.8567331";"Fuel used (Week)";"2.136951";"L";
"42962.8567331";"Fuel used price";"0.054033060255794046";"€";
"42962.8567331";"Fuel used price (Today)";"0.0764907";"€";
"42962.8567331";"Fuel used price (total)";"4.435673550000001";"€";
"42962.8567331";"Fuel used price (Week)";"3.5259691499999994";"€";
"42962.8567331";"Instant engine power (based on fuel consumption)";"21.137918723750325";"hp";
"42962.8567331";"MAF air flow rate";"16.04";"g/sec";
"42962.8567331";"Power from MAF";"19.247999999999998";"hp";
"42962.9017426";"Average speed";"29.653988824888835";"km/h";
"42962.9017426";"Calculated instant fuel consumption";"13.178244203849818";"L/100km";
"42962.9017426";"Distance travelled";"0.5211814697222225";"km";
"42962.9017426";"Distance travelled (Today)";"0.52118";"km";
"42962.9017426";"Distance travelled (total)";"41.95150000000001";"km";
"42962.9017426";"Distance travelled (Week)";"32.885889";"km";
"42962.9017426";"Vehicle acceleration";"0.1322923250093929";"g";
"42962.9017426";"Vehicle speed";"41";"km/h";
"42962.9423709";"Fuel/Air commanded equivalence ratio";"14.640051240000002";"";
"42963.0292669";"Fuel economizer (based on fuel system status and throttle position)";"1";"";
"42963.0292669";"Throttle position";"26.274509803921568";"%";
"42963.0693849";"Average fuel consumption";"6.321998880970145";"L/100km";
"42963.0693849";"Average fuel consumption (Today)";"8.93357381326989";"L/100km";
"42963.0693849";"Average fuel consumption (total)";"6.408564652038661";"L/100km";
"42963.0693849";"Average fuel consumption (Week)";"6.498693102077914";"L/100km";
"42963.0693849";"Average fuel consumption 10 sec";"6.135843217433563";"L/100km";
"42963.0693849";"Calculated instant fuel rate";"3.415662871139978";"L/h";
"42963.0693849";"Fuel used";"0.03294908668366266";"L";
"42963.0693849";"Fuel used (Today)";"0.046560000000000004";"L";
"42963.0693849";"Fuel used (total)";"2.6884889999999997";"L";
"42963.0693849";"Fuel used (Week)";"2.1371529999999996";"L";
"42963.0693849";"Fuel used price";"0.05436599302804338";"€";
"42963.0693849";"Fuel used price (Today)";"0.076824";"€";
"42963.0693849";"Fuel used price (total)";"4.43600685";"€";
"42963.0693849";"Fuel used price (Week)";"3.5263024499999993";"€";
"42963.0693849";"Instant engine power (based on fuel consumption)";"13.362749118380817";"hp";
"42963.0693849";"MAF air flow rate";"10.14";"g/sec";
"42963.0693849";"Power from MAF";"12.168000000000001";"hp";
"42963.1098102";"Average speed";"29.69117732850633";"km/h";
"42963.1098102";"Calculated instant fuel consumption";"8.330885051560923";"L/100km";
"42963.1098102";"Distance travelled";"0.5235511023055558";"km";
"42963.1098102";"Distance travelled (Today)";"0.52355";"km";
"42963.1098102";"Distance travelled (total)";"41.95387000000001";"km";
"42963.1098102";"Distance travelled (Week)";"32.888259";"km";
"42963.1098102";"Vehicle acceleration";"0.1337592801456714";"g";
"42963.1098102";"Vehicle speed";"41";"km/h";
"42963.1488303";"Fuel/Air commanded equivalence ratio";"14.640051240000002";"";
"42963.2409255";"Fuel economizer (based on fuel system status and throttle position)";"1";"";
"42963.2409255";"Throttle position";"20.392156862745097";"%";
"42963.275008";"Average fuel consumption";"6.307018115570713";"L/100km";
"42963.275008";"Average fuel consumption (Today)";"8.906694680546272";"L/100km";
"42963.275008";"Average fuel consumption (total)";"6.4083718617615";"L/100km";
"42963.275008";"Average fuel consumption (Week)";"6.498440674527648";"L/100km";
"42963.275008";"Average fuel consumption 10 sec";"6.136052728834311";"L/100km";
"42963.275008";"Calculated instant fuel rate";"1.249714916363838";"L/h";
"42963.275008";"Fuel used";"0.03302046286668156";"L";
"42963.275008";"Fuel used (Today)";"0.046631";"L";
"42963.275008";"Fuel used (total)";"2.68856";"L";
"42963.275008";"Fuel used (Week)";"2.137224";"L";
"42963.275008";"Fuel used price";"0.05448376373002457";"€";
"42963.275008";"Fuel used price (Today)";"0.07694114999999999";"€";
"42963.275008";"Fuel used price (total)";"4.436124";"€";
"42963.275008";"Fuel used price (Week)";"3.5264195999999997";"€";
"42963.275008";"Instant engine power (based on fuel consumption)";"4.889132073884894";"hp";
"42963.275008";"MAF air flow rate";"3.71";"g/sec";
"42963.275008";"Power from MAF";"4.452";"hp";
"42963.3180642";"Average speed";"29.728155870763228";"km/h";
"42963.3180642";"Calculated instant fuel consumption";"3.0480851618630194";"L/100km";
"42963.3180642";"Distance travelled";"0.5259228600555558";"km";
"42963.3180642";"Distance travelled (Today)";"0.525922";"km";
"42963.3180642";"Distance travelled (total)";"41.95624200000001";"km";
"42963.3180642";"Distance travelled (Week)";"32.890631";"km";
"42963.3180642";"Vehicle acceleration";"0.06621698361012063";"g";
"42963.3180642";"Vehicle speed";"41";"km/h";
"42963.3546643";"Fuel/Air commanded equivalence ratio";"14.640051240000002";"";
"42963.4383682";"Fuel economizer (based on fuel system status and throttle position)";"1";"";
"42963.4383682";"Throttle position";"20.392156862745097";"%";
"42963.4777307";"Average fuel consumption";"6.290729676038712";"L/100km";
"42963.4777307";"Average fuel consumption (Today)";"8.87869303813113";"L/100km";
"42963.4777307";"Average fuel consumption (total)";"6.408162103746085";"L/100km";
"42963.4777307";"Average fuel consumption (Week)";"6.498166605560105";"L/100km";
"42963.4777307";"Average fuel consumption 10 sec";"6.135261616362647";"L/100km";
"42963.4777307";"Calculated instant fuel rate";"1.1351857865623005";"L/h";
"42963.4777307";"Fuel used";"0.033084385430586394";"L";
"42963.4777307";"Fuel used (Today)";"0.046695";"L";
"42963.4777307";"Fuel used (total)";"2.6886239999999995";"L";
"42963.4777307";"Fuel used (Week)";"2.1372879999999994";"L";
"42963.4777307";"Fuel used price";"0.054589235960467546";"€";
"42963.4777307";"Fuel used price (Today)";"0.07704675";"€";
"42963.4777307";"Fuel used price (total)";"4.4362296";"€";
"42963.4777307";"Fuel used price (Week)";"3.5265251999999996";"€";
"42963.4777307";"Instant engine power (based on fuel consumption)";"4.441071452558516";"hp";
"42963.4777307";"MAF air flow rate";"3.37";"g/sec";
"42963.4777307";"Power from MAF";"4.044";"hp";
"42963.516681";"Average speed";"29.769414732865165";"km/h";
"42963.516681";"Calculated instant fuel consumption";"2.6399669454937222";"L/100km";
"42963.516681";"Distance travelled";"0.528295111527778";"km";
"42963.516681";"Distance travelled (Today)";"0.528294";"km";
"42963.516681";"Distance travelled (total)";"41.95861400000001";"km";
"42963.516681";"Distance travelled (Week)";"32.893003";"km";
"42963.516681";"Vehicle acceleration";"0.13575561770339178";"g";
"42963.516681";"Vehicle speed";"43";"km/h";
"42963.5661498";"Fuel/Air commanded equivalence ratio";"14.640051240000002";"";
"42963.6573509";"Fuel economizer (based on fuel system status and throttle position)";"1";"";
"42963.6573509";"Throttle position";"20.392156862745097";"%";
"42963.6996344";"Average fuel consumption";"6.275846136146458";"L/100km";
"42963.6996344";"Average fuel consumption (Today)";"8.852267865998858";"L/100km";
"42963.6996344";"Average fuel consumption (total)";"6.407969052552591";"L/100km";
"42963.6996344";"Average fuel consumption (Week)";"6.497913857241917";"L/100km";
"42963.6996344";"Average fuel consumption 10 sec";"6.134585026078377";"L/100km";
"42963.6996344";"Calculated instant fuel rate";"1.145291298015377";"L/h";
"42963.6996344";"Fuel used";"0.033154988344266674";"L";
"42963.6996344";"Fuel used (Today)";"0.046766";"L";
"42963.6996344";"Fuel used (total)";"2.6886949999999996";"L";
"42963.6996344";"Fuel used (Week)";"2.1373589999999996";"L";
"42963.6996344";"Fuel used price";"0.05470573076804001";"€";
"42963.6996344";"Fuel used price (Today)";"0.0771639";"€";
"42963.6996344";"Fuel used price (total)";"4.43634675";"€";
"42963.6996344";"Fuel used price (Week)";"3.5266423499999995";"€";
"42963.6996344";"Instant engine power (based on fuel consumption)";"4.480606213263783";"hp";
"42963.6996344";"MAF air flow rate";"3.4";"g/sec";
"42963.6996344";"Power from MAF";"4.08";"hp";
"42963.7382995";"Average speed";"29.81515874324044";"km/h";
"42963.7382995";"Calculated instant fuel consumption";"2.6634681349194818";"L/100km";
"42963.7382995";"Distance travelled";"0.5309426000277779";"km";
"42963.7382995";"Distance travelled (Today)";"0.530941";"km";
"42963.7382995";"Distance travelled (total)";"41.96126100000001";"km";
"42963.7382995";"Distance travelled (Week)";"32.895649999999996";"km";
"42963.7382995";"Vehicle acceleration";"0.06771912433092837";"g";
"42963.7382995";"Vehicle speed";"43";"km/h";
"42963.7821465";"Fuel/Air commanded equivalence ratio";"14.974494720000001";"";
"42963.8785257";"Fuel economizer (based on fuel system status and throttle position)";"2";"";
"42963.8785257";"Throttle position";"20.392156862745097";"%";
"42963.9166796";"Average fuel consumption";"6.257452595631675";"L/100km";
"42963.9166796";"Average fuel consumption (Today)";"8.82094243993212";"L/100km";
"42963.9166796";"Average fuel consumption (total)";"6.407726879323286";"L/100km";
"42963.9166796";"Average fuel consumption (Week)";"6.497597706687663";"L/100km";
"42963.9166796";"Average fuel consumption 10 sec";"6.133825359666733";"L/100km";
"42963.9166796";"Calculated instant fuel rate";"1.1361784786910651";"L/h";
"42963.9166796";"Fuel used";"0.03322348150675249";"L";
"42963.9166796";"Fuel used (Today)";"0.046834";"L";
"42963.9166796";"Fuel used (total)";"2.688763";"L";
"42963.9166796";"Fuel used (Week)";"2.1374269999999997";"L";
"42963.9166796";"Fuel used price";"0.05481874448614161";"€";
"42963.9166796";"Fuel used price (Today)";"0.0772761";"€";
"42963.9166796";"Fuel used price (total)";"4.4364589500000005";"€";
"42963.9166796";"Fuel used price (Week)";"3.5267545499999997";"€";
"42963.9166796";"Instant engine power (based on fuel consumption)";"4.444955060621991";"hp";
"42963.9166796";"MAF air flow rate";"3.45";"g/sec";
"42963.9166796";"Power from MAF";"4.14";"hp";
"42963.9624781";"Average speed";"29.861097503110624";"km/h";
"42963.9624781";"Calculated instant fuel consumption";"2.6422755318396867";"L/100km";
"42963.9624781";"Distance travelled";"0.5336199126111113";"km";
"42963.9624781";"Distance travelled (Today)";"0.533618";"km";
"42963.9624781";"Distance travelled (total)";"41.963938000000006";"km";
"42963.9624781";"Distance travelled (Week)";"32.898326999999995";"km";
"42963.9624781";"Vehicle acceleration";"0.06643958418159757";"g";
"42963.9624781";"Vehicle speed";"43";"km/h";
"42964.0058701";"Fuel/Air commanded equivalence ratio";"15.08880384";"";
"42964.0904161";"Fuel economizer (based on fuel system status and throttle position)";"2";"";
"42964.0904161";"Throttle position";"20.392156862745097";"%";
"42964.1391364";"Average fuel consumption";"6.238887863488436";"L/100km";
"42964.1391364";"Average fuel consumption (Today)";"8.789433639794758";"L/100km";
"42964.1391364";"Average fuel consumption (total)";"6.407480155937699";"L/100km";
"42964.1391364";"Average fuel consumption (Week)";"6.497275682134231";"L/100km";
"42964.1391364";"Average fuel consumption 10 sec";"6.130177113364109";"L/100km";
"42964.1391364";"Calculated instant fuel rate";"1.107961134391557";"L/h";
"42964.1391364";"Fuel used";"0.03329194796505222";"L";
"42964.1391364";"Fuel used (Today)";"0.046902";"L";
"42964.1391364";"Fuel used (total)";"2.6888309999999995";"L";
"42964.1391364";"Fuel used (Week)";"2.1374949999999995";"L";
"42964.1391364";"Fuel used price";"0.05493171414233616";"€";
"42964.1391364";"Fuel used price (Today)";"0.0773883";"€";
"42964.1391364";"Fuel used price (total)";"4.436571150000001";"€";
"42964.1391364";"Fuel used price (Week)";"3.5268667499999995";"€";
"42964.1391364";"Instant engine power (based on fuel consumption)";"4.334563225453712";"hp";
"42964.1391364";"MAF air flow rate";"3.39";"g/sec";
"42964.1391364";"Power from MAF";"4.068";"hp";
"42964.1818827";"Average speed";"29.90575719925908";"km/h";
"42964.1818827";"Calculated instant fuel consumption";"2.5766538009105977";"L/100km";
"42964.1818827";"Distance travelled";"0.5362406897500002";"km";
"42964.1818827";"Distance travelled (Today)";"0.536239";"km";
"42964.1818827";"Distance travelled (total)";"41.96655900000001";"km";
"42964.1818827";"Distance travelled (Week)";"32.900948";"km";
"42964.1818827";"Vehicle acceleration";"0.06558194889435225";"g";
"42964.1818827";"Vehicle speed";"43";"km/h";
"42964.2347976";"Fuel/Air commanded equivalence ratio";"15.08880384";"";
"42964.3183944";"Fuel economizer (based on fuel system status and throttle position)";"2";"";
"42964.3183944";"Throttle position";"20.392156862745097";"%";
"42964.3615986";"Average fuel consumption";"6.220976132356218";"L/100km";
"42964.3615986";"Average fuel consumption (Today)";"8.758967549917108";"L/100km";
"42964.3615986";"Average fuel consumption (total)";"6.407239630964262";"L/100km";
"42964.3615986";"Average fuel consumption (Week)";"6.49696172888392";"L/100km";
"42964.3615986";"Average fuel consumption 10 sec";"6.129585678996209";"L/100km";
"42964.3615986";"Calculated instant fuel rate";"1.0916195247397642";"L/h";
"42964.3615986";"Fuel used";"0.03335940532132987";"L";
"42964.3615986";"Fuel used (Today)";"0.046969000000000004";"L";
"42964.3615986";"Fuel used (total)";"2.6888979999999996";"L";
"42964.3615986";"Fuel used (Week)";"2.1375619999999995";"L";
"42964.3615986";"Fuel used price";"0.055043018780194276";"€";
"42964.3615986";"Fuel used price (Today)";"0.07749885";"€";
"42964.3615986";"Fuel used price (total)";"4.4366817";"€";
"42964.3615986";"Fuel used price (Week)";"3.5269772999999995";"€";
"42964.3615986";"Instant engine power (based on fuel consumption)";"4.270631614458819";"hp";
"42964.3615986";"MAF air flow rate";"3.34";"g/sec";
"42964.3615986";"Power from MAF";"4.008";"hp";
"42964.4116031";"Average speed";"29.952188945120607";"km/h";
"42964.4116031";"Calculated instant fuel consumption";"2.5386500575343356";"L/100km";
"42964.4116031";"Distance travelled";"0.538984479138889";"km";
"42964.4116031";"Distance travelled (Today)";"0.538983";"km";
"42964.4116031";"Distance travelled (total)";"41.96930300000001";"km";
"42964.4116031";"Distance travelled (Week)";"32.903692";"km";
"42964.4116031";"Vehicle acceleration";"0";"g";
"42964.4116031";"Vehicle speed";"43";"km/h";
"42964.4545466";"Fuel/Air commanded equivalence ratio";"15.060226560000002";"";
"42964.5494701";"Fuel economizer (based on fuel system status and throttle position)";"2";"";
"42964.5494701";"Throttle position";"20.392156862745097";"%";
"42964.6014875";"Average fuel consumption";"6.203070751757802";"L/100km";
"42964.6014875";"Average fuel consumption (Today)";"8.728104596990999";"L/100km";
"42964.6014875";"Average fuel consumption (total)";"6.406997037811181";"L/100km";
"42964.6014875";"Average fuel consumption (Week)";"6.496644814205044";"L/100km";
"42964.6014875";"Average fuel consumption 10 sec";"6.128925668852203";"L/100km";
"42964.6014875";"Calculated instant fuel rate";"1.1133380511156952";"L/h";
"42964.6014875";"Fuel used";"0.033433588581978556";"L";
"42964.6014875";"Fuel used (Today)";"0.047043";"L";
"42964.6014875";"Fuel used (total)";"2.6889719999999997";"L";
"42964.6014875";"Fuel used (Week)";"2.1376359999999996";"L";
"42964.6014875";"Fuel used price";"0.05516542116026461";"€";
"42964.6014875";"Fuel used price (Today)";"0.07762095";"€";
"42964.6014875";"Fuel used price (total)";"4.4368038";"€";
"42964.6014875";"Fuel used price (Week)";"3.5270993999999996";"€";
"42964.6014875";"Instant engine power (based on fuel consumption)";"4.355598787781062";"hp";
"42964.6014875";"MAF air flow rate";"3.4";"g/sec";
"42964.6014875";"Power from MAF";"4.08";"hp";
"42964.6537486";"Average speed";"30.0007776709021";"km/h";
"42964.6537486";"Calculated instant fuel consumption";"2.5891582584085935";"L/100km";
"42964.6537486";"Distance travelled";"0.5418767188611112";"km";
"42964.6537486";"Distance travelled (Today)";"0.541875";"km";
"42964.6537486";"Distance travelled (total)";"41.972195000000006";"km";
"42964.6537486";"Distance travelled (Week)";"32.906583999999995";"km";
"42964.6537486";"Vehicle acceleration";"0";"g";
"42964.6537486";"Vehicle speed";"43";"km/h";
"42964.7010201";"Fuel/Air commanded equivalence ratio";"16.63197696";"";
"42964.7835952";"Fuel economizer (based on fuel system status and throttle position)";"0";"";
"42964.7835952";"Throttle position";"19.215686274509803";"%";
"42964.8255732";"Average fuel consumption";"6.169962173729767";"L/100km";
"42964.8255732";"Average fuel consumption (Today)";"8.681522491349481";"L/100km";
"42964.8255732";"Average fuel consumption (total)";"6.406555578043988";"L/100km";
"42964.8255732";"Average fuel consumption (Week)";"6.496073855615034";"L/100km";
"42964.8255732";"Average fuel consumption 10 sec";"6.127890301849795";"L/100km";
"42964.8255732";"Calculated instant fuel rate";"0";"L/h";
"42964.8255732";"Fuel used";"0.033433588581978556";"L";
"42964.8255732";"Fuel used (Today)";"0.047043";"L";
"42964.8255732";"Fuel used (total)";"2.6889719999999997";"L";
"42964.8255732";"Fuel used (Week)";"2.1376359999999996";"L";
"42964.8255732";"Fuel used price";"0.05516542116026461";"€";
"42964.8255732";"Fuel used price (Today)";"0.07762095";"€";
"42964.8255732";"Fuel used price (total)";"4.4368038";"€";
"42964.8255732";"Fuel used price (Week)";"3.5270993999999996";"€";
"42964.8255732";"Instant engine power (based on fuel consumption)";"0";"hp";
"42964.8255732";"MAF air flow rate";"2.32";"g/sec";
"42964.8255732";"Power from MAF";"2.784";"hp";
"42964.8614942";"Average speed";"30.048544158033696";"km/h";
"42964.8614942";"Calculated instant fuel consumption";"0";"L/100km";
"42964.8614942";"Distance travelled";"0.5444734101111112";"km";
"42964.8614942";"Distance travelled (Today)";"0.544472";"km";
"42964.8614942";"Distance travelled (total)";"41.97479200000001";"km";
"42964.8614942";"Distance travelled (Week)";"32.909181";"km";
"42964.8614942";"Vehicle acceleration";"0.06301433391570632";"g";
"42964.8614942";"Vehicle speed";"45";"km/h";
"42964.9056564";"Fuel/Air commanded equivalence ratio";"17.946531840000002";"";
"42964.9827455";"Fuel economizer (based on fuel system status and throttle position)";"0";"";
"42964.9827455";"Throttle position";"18.823529411764707";"%";
"42965.0212586";"Average fuel consumption";"6.140536518607168";"L/100km";
"42965.0212586";"Average fuel consumption (Today)";"8.640113724856375";"L/100km";
"42965.0212586";"Average fuel consumption (total)";"6.406159201455958";"L/100km";
"42965.0212586";"Average fuel consumption (Week)";"6.495561223477424";"L/100km";
"42965.0212586";"Average fuel consumption 10 sec";"6.126443684382891";"L/100km";
"42965.0212586";"Calculated instant fuel rate";"0";"L/h";
"42965.0212586";"Fuel used";"0.033433588581978556";"L";
"42965.0212586";"Fuel used (Today)";"0.047043";"L";
"42965.0212586";"Fuel used (total)";"2.6889719999999997";"L";
"42965.0212586";"Fuel used (Week)";"2.1376359999999996";"L";
"42965.0212586";"Fuel used price";"0.05516542116026461";"€";
"42965.0212586";"Fuel used price (Today)";"0.07762095";"€";
"42965.0212586";"Fuel used price (total)";"4.4368038";"€";
"42965.0212586";"Fuel used price (Week)";"3.5270993999999996";"€";
"42965.0212586";"Instant engine power (based on fuel consumption)";"0";"hp";
"42965.0212586";"MAF air flow rate";"2.15";"g/sec";
"42965.0212586";"Power from MAF";"2.5799999999999996";"hp";
"42965.070919";"Average speed";"30.096392453403233";"km/h";
"42965.070919";"Calculated instant fuel consumption";"0";"L/100km";
"42965.070919";"Distance travelled";"0.5470912363611111";"km";
"42965.070919";"Distance travelled (Today)";"0.54709";"km";
"42965.070919";"Distance travelled (total)";"41.977410000000006";"km";
"42965.070919";"Distance travelled (Week)";"32.911798999999995";"km";
"42965.070919";"Vehicle acceleration";"0.0637216958643826";"g";
"42965.070919";"Vehicle speed";"45";"km/h";
"42965.1104522";"Fuel/Air commanded equivalence ratio";"18.203727360000002";"";
"42965.1928538";"Fuel economizer (based on fuel system status and throttle position)";"0";"";
"42965.1928538";"Throttle position";"18.823529411764707";"%";
"42965.237023";"Average fuel consumption";"6.111154111032131";"L/100km";
"42965.237023";"Average fuel consumption (Today)";"8.598768027198451";"L/100km";
"42965.237023";"Average fuel consumption (total)";"6.405759669307848";"L/100km";
"42965.237023";"Average fuel consumption (Week)";"6.495044527951815";"L/100km";
"42965.237023";"Average fuel consumption 10 sec";"6.124515392601033";"L/100km";
"42965.237023";"Calculated instant fuel rate";"0";"L/h";
"42965.237023";"Fuel used";"0.033433588581978556";"L";
"42965.237023";"Fuel used (Today)";"0.047043";"L";
"42965.237023";"Fuel used (total)";"2.6889719999999997";"L";
"42965.237023";"Fuel used (Week)";"2.1376359999999996";"L";
"42965.237023";"Fuel used price";"0.05516542116026461";"€";
"42965.237023";"Fuel used price (Today)";"0.07762095";"€";
"42965.237023";"Fuel used price (total)";"4.4368038";"€";
"42965.237023";"Fuel used price (Week)";"3.5270993999999996";"€";
"42965.237023";"Instant engine power (based on fuel consumption)";"0";"hp";
"42965.237023";"MAF air flow rate";"2.12";"g/sec";
"42965.237023";"Power from MAF";"2.544";"hp";
"42965.2773738";"Average speed";"30.140117069059823";"km/h";
"42965.2773738";"Calculated instant fuel consumption";"0";"L/100km";
"42965.2773738";"Distance travelled";"0.5496145104722222";"km";
"42965.2773738";"Distance travelled (Today)";"0.549613";"km";
"42965.2773738";"Distance travelled (total)";"41.97993300000001";"km";
"42965.2773738";"Distance travelled (Week)";"32.914322";"km";
"42965.2773738";"Vehicle speed";"44";"km/h";
"42965.3210926";"Fuel/Air commanded equivalence ratio";"18.232304640000002";"";
"42965.3978731";"Fuel economizer (based on fuel system status and throttle position)";"0";"";
"42965.3978731";"Throttle position";"18.823529411764707";"%";
"42965.4365108";"Average fuel consumption";"6.083097870406081";"L/100km";
"42965.4365108";"Average fuel consumption (Today)";"8.559295358734236";"L/100km";
"42965.4365108";"Average fuel consumption (total)";"6.405374682232102";"L/100km";
"42965.4365108";"Average fuel consumption (Week)";"6.494546659657762";"L/100km";
"42965.4365108";"Average fuel consumption 10 sec";"6.1236341687245455";"L/100km";
"42965.4365108";"Calculated instant fuel rate";"0";"L/h";
"42965.4365108";"Fuel used";"0.033433588581978556";"L";
"42965.4365108";"Fuel used (Today)";"0.047043";"L";
"42965.4365108";"Fuel used (total)";"2.6889719999999997";"L";
"42965.4365108";"Fuel used (Week)";"2.1376359999999996";"L";
"42965.4365108";"Fuel used price";"0.05516542116026461";"€";
"42965.4365108";"Fuel used price (Today)";"0.07762095";"€";
"42965.4365108";"Fuel used price (total)";"4.4368038";"€";
"42965.4365108";"Fuel used price (Week)";"3.5270993999999996";"€";
"42965.4365108";"Instant engine power (based on fuel consumption)";"0";"hp";
"42965.4365108";"MAF air flow rate";"2.14";"g/sec";
"42965.4365108";"Power from MAF";"2.568";"hp";
"42965.4829127";"Average speed";"30.183377341922707";"km/h";
"42965.4829127";"Calculated instant fuel consumption";"0";"L/100km";
"42965.4829127";"Distance travelled";"0.5521267051388888";"km";
"42965.4829127";"Distance travelled (Today)";"0.552125";"km";
"42965.4829127";"Distance travelled (total)";"41.982445000000006";"km";
"42965.4829127";"Distance travelled (Week)";"32.916833999999994";"km";
"42965.4829127";"Vehicle acceleration";"0.03416145291444481";"g";
"42965.4829127";"Vehicle speed";"44";"km/h";
"42965.5262052";"Fuel/Air commanded equivalence ratio";"18.232304640000002";"";
"42965.6208574";"Fuel economizer (based on fuel system status and throttle position)";"0";"";
"42965.6208574";"Throttle position";"18.823529411764707";"%";
"42965.6615851";"Average fuel consumption";"6.0554195750354545";"L/100km";
"42965.6615851";"Average fuel consumption (Today)";"8.520353180892009";"L/100km";
"42965.6615851";"Average fuel consumption (total)";"6.404991419627893";"L/100km";
"42965.6615851";"Average fuel consumption (Week)";"6.4940510378367495";"L/100km";
"42965.6615851";"Average fuel consumption 10 sec";"6.119117531413754";"L/100km";
"42965.6615851";"Calculated instant fuel rate";"0";"L/h";
"42965.6615851";"Fuel used";"0.033433588581978556";"L";
"42965.6615851";"Fuel used (Today)";"0.047043";"L";
"42965.6615851";"Fuel used (total)";"2.6889719999999997";"L";
"42965.6615851";"Fuel used (Week)";"2.1376359999999996";"L";
"42965.6615851";"Fuel used price";"0.05516542116026461";"€";
"42965.6615851";"Fuel used price (Today)";"0.07762095";"€";
"42965.6615851";"Fuel used price (total)";"4.4368038";"€";
"42965.6615851";"Fuel used price (Week)";"3.5270993999999996";"€";
"42965.6615851";"Instant engine power (based on fuel consumption)";"0";"hp";
"42965.6615851";"MAF air flow rate";"2.12";"g/sec";
"42965.6615851";"Power from MAF";"2.544";"hp";
"42965.7090676";"Average speed";"30.23066408804743";"km/h";
"42965.7090676";"Calculated instant fuel consumption";"0";"L/100km";
"42965.7090676";"Distance travelled";"0.5548907814722221";"km";
"42965.7090676";"Distance travelled (Today)";"0.554889";"km";
"42965.7090676";"Distance travelled (total)";"41.98520900000001";"km";
"42965.7090676";"Distance travelled (Week)";"32.919598";"km";
"42965.7090676";"Vehicle acceleration";"-0.03341946592530866";"g";
"42965.7090676";"Vehicle speed";"44";"km/h";
"42965.751567";"Fuel/Air commanded equivalence ratio";"18.232304640000002";"";
"42965.8339578";"Fuel economizer (based on fuel system status and throttle position)";"0";"";
"42965.8339578";"Throttle position";"18.823529411764707";"%";
"42965.8784167";"Average fuel consumption";"6.025255725689551";"L/100km";
"42965.8784167";"Average fuel consumption (Today)";"8.477911798575931";"L/100km";
"42965.8784167";"Average fuel consumption (total)";"6.404569761698696";"L/100km";
"42965.8784167";"Average fuel consumption (Week)";"6.4935057833938306";"L/100km";
"42965.8784167";"Average fuel consumption 10 sec";"6.117120471717494";"L/100km";
"42965.8784167";"Calculated instant fuel rate";"0";"L/h";
"42965.8784167";"Fuel used";"0.033433588581978556";"L";
"42965.8784167";"Fuel used (Today)";"0.047043";"L";
"42965.8784167";"Fuel used (total)";"2.6889719999999997";"L";
"42965.8784167";"Fuel used (Week)";"2.1376359999999996";"L";
"42965.8784167";"Fuel used price";"0.05516542116026461";"€";
"42965.8784167";"Fuel used price (Today)";"0.07762095";"€";
"42965.8784167";"Fuel used price (total)";"4.4368038";"€";
"42965.8784167";"Fuel used price (Week)";"3.5270993999999996";"€";
"42965.8784167";"Instant engine power (based on fuel consumption)";"0";"hp";
"42965.8784167";"MAF air flow rate";"2.07";"g/sec";
"42965.8784167";"Power from MAF";"2.4839999999999995";"hp";
"42965.9186873";"Average speed";"30.271042318555722";"km/h";
"42965.9186873";"Calculated instant fuel consumption";"0";"L/100km";
"42965.9186873";"Distance travelled";"0.5573944839444444";"km";
"42965.9186873";"Distance travelled (Today)";"0.557393";"km";
"42965.9186873";"Distance travelled (total)";"41.98771300000001";"km";
"42965.9186873";"Distance travelled (Week)";"32.922101999999995";"km";
"42965.9186873";"Vehicle acceleration";"-0.06682356573251916";"g";
"42965.9186873";"Vehicle speed";"43";"km/h";
"42965.9767668";"Fuel/Air commanded equivalence ratio";"18.232304640000002";"";
"42966.0580048";"Fuel economizer (based on fuel system status and throttle position)";"0";"";
"42966.0580048";"Throttle position";"18.823529411764707";"%";
"42966.0982543";"Average fuel consumption";"5.998191504405144";"L/100km";
"42966.0982543";"Average fuel consumption (Today)";"8.43982611909371";"L/100km";
"42966.0982543";"Average fuel consumption (total)";"6.404187815611675";"L/100km";
"42966.0982543";"Average fuel consumption (Week)";"6.493011898207472";"L/100km";
"42966.0982543";"Average fuel consumption 10 sec";"6.113030232745302";"L/100km";
"42966.0982543";"Calculated instant fuel rate";"0";"L/h";
"42966.0982543";"Fuel used";"0.033433588581978556";"L";
"42966.0982543";"Fuel used (Today)";"0.047043";"L";
"42966.0982543";"Fuel used (total)";"2.6889719999999997";"L";
"42966.0982543";"Fuel used (Week)";"2.1376359999999996";"L";
"42966.0982543";"Fuel used price";"0.05516542116026461";"€";
"42966.0982543";"Fuel used price (Today)";"0.07762095";"€";
"42966.0982543";"Fuel used price (total)";"4.4368038";"€";
"42966.0982543";"Fuel used price (Week)";"3.5270993999999996";"€";
"42966.0982543";"Instant engine power (based on fuel consumption)";"0";"hp";
"42966.0982543";"MAF air flow rate";"2.04";"g/sec";
"42966.0982543";"Power from MAF";"2.448";"hp";
"42966.1426116";"Average speed";"30.313898524810902";"km/h";
"42966.1426116";"Calculated instant fuel consumption";"0";"L/100km";
"42966.1426116";"Distance travelled";"0.5600692714722222";"km";
"42966.1426116";"Distance travelled (Today)";"0.560068";"km";
"42966.1426116";"Distance travelled (total)";"41.99038800000001";"km";
"42966.1426116";"Distance travelled (Week)";"32.924777";"km";
"42966.1426116";"Vehicle acceleration";"-0.032737185500330675";"g";
"42966.1426116";"Vehicle speed";"43";"km/h";
"42966.1855479";"Fuel/Air commanded equivalence ratio";"18.232304640000002";"";
"42966.2731338";"Fuel economizer (based on fuel system status and throttle position)";"0";"";
"42966.2731338";"Throttle position";"18.823529411764707";"%";
"42966.3127346";"Average fuel consumption";"5.969545248232167";"L/100km";
"42966.3127346";"Average fuel consumption (Today)";"8.399515773084696";"L/100km";
"42966.3127346";"Average fuel consumption (total)";"6.403779836471145";"L/100km";
"42966.3127346";"Average fuel consumption (Week)";"6.492484368231255";"L/100km";
"42966.3127346";"Average fuel consumption 10 sec";"6.108317349342605";"L/100km";
"42966.3127346";"Calculated instant fuel rate";"0";"L/h";
"42966.3127346";"Fuel used";"0.033433588581978556";"L";
"42966.3127346";"Fuel used (Today)";"0.047043";"L";
"42966.3127346";"Fuel used (total)";"2.6889719999999997";"L";
"42966.3127346";"Fuel used (Week)";"2.1376359999999996";"L";
"42966.3127346";"Fuel used price";"0.05516542116026461";"€";
"42966.3127346";"Fuel used price (Today)";"0.07762095";"€";
"42966.3127346";"Fuel used price (total)";"4.4368038";"€";
"42966.3127346";"Fuel used price (Week)";"3.5270993999999996";"€";
"42966.3127346";"Instant engine power (based on fuel consumption)";"0";"hp";
"42966.3127346";"MAF air flow rate";"1.9000000000000001";"g/sec";
"42966.3127346";"Power from MAF";"2.2800000000000002";"hp";
"42966.3548037";"Average speed";"30.354239418370636";"km/h";
"42966.3548037";"Calculated instant fuel consumption";"0";"L/100km";
"42966.3548037";"Distance travelled";"0.5626036353333334";"km";
"42966.3548037";"Distance travelled (Today)";"0.562602";"km";
"42966.3548037";"Distance travelled (total)";"41.99292200000001";"km";
"42966.3548037";"Distance travelled (Week)";"32.927310999999996";"km";
"42966.3548037";"Vehicle acceleration";"-0.03248737555554308";"g";
"42966.3548037";"Vehicle speed";"43";"km/h";
"42966.3983548";"Fuel/Air commanded equivalence ratio";"18.232304640000002";"";
"42966.4852679";"Fuel economizer (based on fuel system status and throttle position)";"0";"";
"42966.4852679";"Throttle position";"18.823529411764707";"%";
"42966.5297186";"Average fuel consumption";"5.942654203108678";"L/100km";
"42966.5297186";"Average fuel consumption (Today)";"8.361683748013693";"L/100km";
"42966.5297186";"Average fuel consumption (total)";"6.403393409965612";"L/100km";
"42966.5297186";"Average fuel consumption (Week)";"6.4919847235627595";"L/100km";
"42966.5297186";"Average fuel consumption 10 sec";"6.103046391917627";"L/100km";
"42966.5297186";"Calculated instant fuel rate";"0";"L/h";
"42966.5297186";"Fuel used";"0.033433588581978556";"L";
"42966.5297186";"Fuel used (Today)";"0.047043";"L";
"42966.5297186";"Fuel used (total)";"2.6889719999999997";"L";
"42966.5297186";"Fuel used (Week)";"2.1376359999999996";"L";
"42966.5297186";"Fuel used price";"0.05516542116026461";"€";
"42966.5297186";"Fuel used price (Today)";"0.07762095";"€";
"42966.5297186";"Fuel used price (total)";"4.4368038";"€";
"42966.5297186";"Fuel used price (Week)";"3.5270993999999996";"€";
"42966.5297186";"Instant engine power (based on fuel consumption)";"0";"hp";
"42966.5297186";"MAF air flow rate";"2.0300000000000002";"g/sec";
"42966.5297186";"Power from MAF";"2.4360000000000004";"hp";
"42966.5692996";"Average speed";"30.39475976056025";"km/h";
"42966.5692996";"Calculated instant fuel consumption";"0";"L/100km";
"42966.5692996";"Distance travelled";"0.5651656028055556";"km";
"42966.5692996";"Distance travelled (Today)";"0.565164";"km";
"42966.5692996";"Distance travelled (total)";"41.99548400000001";"km";
"42966.5692996";"Distance travelled (Week)";"32.929873";"km";
"42966.5692996";"Vehicle acceleration";"-0.03292768736863778";"g";
"42966.5692996";"Vehicle speed";"43";"km/h";
"42966.6098338";"Fuel/Air commanded equivalence ratio";"18.232304640000002";"";
"42966.6966378";"Fuel economizer (based on fuel system status and throttle position)";"0";"";
"42966.6966378";"Throttle position";"18.823529411764707";"%";
"42966.7386889";"Average fuel consumption";"5.9157153966925575";"L/100km";
"42966.7386889";"Average fuel consumption (Today)";"8.323778584623224";"L/100km";
"42966.7386889";"Average fuel consumption (total)";"6.403002760963534";"L/100km";
"42966.7386889";"Average fuel consumption (Week)";"6.491479636134642";"L/100km";
"42966.7386889";"Average fuel consumption 10 sec";"6.097026238509958";"L/100km";
"42966.7386889";"Calculated instant fuel rate";"0";"L/h";
"42966.7386889";"Fuel used";"0.033433588581978556";"L";
"42966.7386889";"Fuel used (Today)";"0.047043";"L";
"42966.7386889";"Fuel used (total)";"2.6889719999999997";"L";
"42966.7386889";"Fuel used (Week)";"2.1376359999999996";"L";
"42966.7386889";"Fuel used price";"0.05516542116026461";"€";
"42966.7386889";"Fuel used price (Today)";"0.07762095";"€";
"42966.7386889";"Fuel used price (total)";"4.4368038";"€";
"42966.7386889";"Fuel used price (Week)";"3.5270993999999996";"€";
"42966.7386889";"Instant engine power (based on fuel consumption)";"0";"hp";
"42966.7386889";"MAF air flow rate";"1.92";"g/sec";
"42966.7386889";"Power from MAF";"2.304";"hp";
"42966.7779529";"Average speed";"30.433927887999058";"km/h";
"42966.7779529";"Calculated instant fuel consumption";"0";"L/100km";
"42966.7779529";"Distance travelled";"0.5676577788888889";"km";
"42966.7779529";"Distance travelled (Today)";"0.567656";"km";
"42966.7779529";"Distance travelled (total)";"41.99797600000001";"km";
"42966.7779529";"Distance travelled (Week)";"32.932365";"km";
"42966.7779529";"Vehicle acceleration";"0";"g";
"42966.7779529";"Vehicle speed";"43";"km/h";
"42966.8257408";"Fuel/Air commanded equivalence ratio";"18.232304640000002";"";
"42966.9094513";"Fuel economizer (based on fuel system status and throttle position)";"0";"";
"42966.9094513";"Throttle position";"18.823529411764707";"%";
"42966.9495791";"Average fuel consumption";"5.889743755017355";"L/100km";
"42966.9495791";"Average fuel consumption (Today)";"8.287237340924785";"L/100km";
"42966.9495791";"Average fuel consumption (total)";"6.402622831157386";"L/100km";
"42966.9495791";"Average fuel consumption (Week)";"6.490988424305391";"L/100km";
"42966.9495791";"Average fuel consumption 10 sec";"6.090400085342337";"L/100km";
"42966.9495791";"Calculated instant fuel rate";"0";"L/h";
"42966.9495791";"Fuel used";"0.033433588581978556";"L";
"42966.9495791";"Fuel used (Today)";"0.047043";"L";
"42966.9495791";"Fuel used (total)";"2.6889719999999997";"L";
"42966.9495791";"Fuel used (Week)";"2.1376359999999996";"L";
"42966.9495791";"Fuel used price";"0.05516542116026461";"€";
"42966.9495791";"Fuel used price (Today)";"0.07762095";"€";
"42966.9495791";"Fuel used price (total)";"4.4368038";"€";
"42966.9495791";"Fuel used price (Week)";"3.5270993999999996";"€";
"42966.9495791";"Instant engine power (based on fuel consumption)";"0";"hp";
"42966.9495791";"MAF air flow rate";"1.9000000000000001";"g/sec";
"42966.9495791";"Power from MAF";"2.2800000000000002";"hp";
"42966.9865413";"Average speed";"30.472842345834014";"km/h";
"42966.9865413";"Calculated instant fuel consumption";"0";"L/100km";
"42966.9865413";"Distance travelled";"0.5701492478611111";"km";
"42966.9865413";"Distance travelled (Today)";"0.570147";"km";
"42966.9865413";"Distance travelled (total)";"42.00046700000001";"km";
"42966.9865413";"Distance travelled (Week)";"32.934855999999996";"km";
"42966.9865413";"Vehicle acceleration";"0";"g";
"42966.9865413";"Vehicle speed";"43";"km/h";
"42967.0289557";"Fuel/Air commanded equivalence ratio";"18.232304640000002";"";
"42967.1145611";"Fuel economizer (based on fuel system status and throttle position)";"0";"";
"42967.1145611";"Throttle position";"18.823529411764707";"%";
"42967.156872";"Average fuel consumption";"5.86400643470164";"L/100km";
"42967.156872";"Average fuel consumption (Today)";"8.251029997526954";"L/100km";
"42967.156872";"Average fuel consumption (total)";"6.402243098868399";"L/100km";
"42967.156872";"Average fuel consumption (Week)";"6.490497483881514";"L/100km";
"42967.156872";"Average fuel consumption 10 sec";"6.08313705022158";"L/100km";
"42967.156872";"Calculated instant fuel rate";"0";"L/h";
"42967.156872";"Fuel used";"0.033433588581978556";"L";
"42967.156872";"Fuel used (Today)";"0.047043";"L";
"42967.156872";"Fuel used (total)";"2.6889719999999997";"L";
"42967.156872";"Fuel used (Week)";"2.1376359999999996";"L";
"42967.156872";"Fuel used price";"0.05516542116026461";"€";
"42967.156872";"Fuel used price (Today)";"0.07762095";"€";
"42967.156872";"Fuel used price (total)";"4.4368038";"€";
"42967.156872";"Fuel used price (Week)";"3.5270993999999996";"€";
"42967.156872";"Instant engine power (based on fuel consumption)";"0";"hp";
"42967.156872";"MAF air flow rate";"1.87";"g/sec";
"42967.156872";"Power from MAF";"2.244";"hp";
"42967.198857";"Average speed";"30.509065100413448";"km/h";
"42967.198857";"Calculated instant fuel consumption";"0";"L/100km";
"42967.198857";"Distance travelled";"0.5726263903611111";"km";
"42967.198857";"Distance travelled (Today)";"0.572624";"km";
"42967.198857";"Distance travelled (total)";"42.00294400000001";"km";
"42967.198857";"Distance travelled (Week)";"32.937332999999995";"km";
"42967.198857";"Vehicle acceleration";"-0.03355884084630439";"g";
"42967.198857";"Vehicle speed";"42";"km/h";
"42967.2658449";"Fuel/Air commanded equivalence ratio";"18.232304640000002";"";
"42967.3502033";"Fuel economizer (based on fuel system status and throttle position)";"0";"";
"42967.3502033";"Throttle position";"18.431372549019606";"%";
"42967.3910498";"Average fuel consumption";"5.838639144957078";"L/100km";
"42967.3910498";"Average fuel consumption (Today)";"8.215338511833245";"L/100km";
"42967.3910498";"Average fuel consumption (total)";"6.4018655454246245";"L/100km";
"42967.3910498";"Average fuel consumption (Week)";"6.490009376290424";"L/100km";
"42967.3910498";"Average fuel consumption 10 sec";"6.075673147908292";"L/100km";
"42967.3910498";"Calculated instant fuel rate";"0";"L/h";
"42967.3910498";"Fuel used";"0.033433588581978556";"L";
"42967.3910498";"Fuel used (Today)";"0.047043";"L";
"42967.3910498";"Fuel used (total)";"2.6889719999999997";"L";
"42967.3910498";"Fuel used (Week)";"2.1376359999999996";"L";
"42967.3910498";"Fuel used price";"0.05516542116026461";"€";
"42967.3910498";"Fuel used price (Today)";"0.07762095";"€";
"42967.3910498";"Fuel used price (total)";"4.4368038";"€";
"42967.3910498";"Fuel used price (Week)";"3.5270993999999996";"€";
"42967.3910498";"Instant engine power (based on fuel consumption)";"0";"hp";
"42967.3910498";"MAF air flow rate";"1.85";"g/sec";
"42967.3910498";"Power from MAF";"2.22";"hp";
"42967.4289192";"Average speed";"30.548055057116454";"km/h";
"42967.4289192";"Calculated instant fuel consumption";"0";"L/100km";
"42967.4289192";"Distance travelled";"0.5753102836944444";"km";
"42967.4289192";"Distance travelled (Today)";"0.575308";"km";
"42967.4289192";"Distance travelled (total)";"42.00562800000001";"km";
"42967.4289192";"Distance travelled (Week)";"32.940017";"km";
"42967.4289192";"Vehicle acceleration";"-0.03295114532113741";"g";
"42967.4289192";"Vehicle speed";"42";"km/h";
"42967.4705298";"Fuel/Air commanded equivalence ratio";"18.232304640000002";"";
"42967.5572189";"Fuel economizer (based on fuel system status and throttle position)";"0";"";
"42967.5572189";"Throttle position";"18.431372549019606";"%";
"42967.5936122";"Average fuel consumption";"5.811401174211518";"L/100km";
"42967.5936122";"Average fuel consumption (Today)";"8.177011270484678";"L/100km";
"42967.5936122";"Average fuel consumption (total)";"6.401456490544551";"L/100km";
"42967.5936122";"Average fuel consumption (Week)";"6.489480560984531";"L/100km";
"42967.5936122";"Average fuel consumption 10 sec";"6.068024127233163";"L/100km";
"42967.5936122";"Calculated instant fuel rate";"0";"L/h";
"42967.5936122";"Fuel used";"0.033433588581978556";"L";
"42967.5936122";"Fuel used (Today)";"0.047043";"L";
"42967.5936122";"Fuel used (total)";"2.6889719999999997";"L";
"42967.5936122";"Fuel used (Week)";"2.1376359999999996";"L";
"42967.5936122";"Fuel used price";"0.05516542116026461";"€";
"42967.5936122";"Fuel used price (Today)";"0.07762095";"€";
"42967.5936122";"Fuel used price (total)";"4.4368038";"€";
"42967.5936122";"Fuel used price (Week)";"3.5270993999999996";"€";
"42967.5936122";"Instant engine power (based on fuel consumption)";"0";"hp";
"42967.5936122";"MAF air flow rate";"1.84";"g/sec";
"42967.5936122";"Power from MAF";"2.208";"hp";
"42967.6381036";"Average speed";"30.5802043610248";"km/h";
"42967.6381036";"Calculated instant fuel consumption";"0";"L/100km";
"42967.6381036";"Distance travelled";"0.577692684361111";"km";
"42967.6381036";"Distance travelled (Today)";"0.57769";"km";
"42967.6381036";"Distance travelled (total)";"42.008010000000006";"km";
"42967.6381036";"Distance travelled (Week)";"32.942398999999995";"km";
"42967.6381036";"Vehicle acceleration";"-0.06586159927672676";"g";
"42967.6381036";"Vehicle speed";"41";"km/h";
"42967.6779737";"Fuel/Air commanded equivalence ratio";"18.232304640000002";"";
"42967.7700622";"Fuel economizer (based on fuel system status and throttle position)";"0";"";
"42967.7700622";"Throttle position";"18.431372549019606";"%";
"42967.8191943";"Average fuel consumption";"5.7874349956419895";"L/100km";
"42967.8191943";"Average fuel consumption (Today)";"8.143294846717097";"L/100km";
"42967.8191943";"Average fuel consumption (total)";"6.401093505738547";"L/100km";
"42967.8191943";"Average fuel consumption (Week)";"6.4890113194245505";"L/100km";
"42967.8191943";"Average fuel consumption 10 sec";"6.06038322412346";"L/100km";
"42967.8191943";"Calculated instant fuel rate";"0";"L/h";
"42967.8191943";"Fuel used";"0.033433588581978556";"L";
"42967.8191943";"Fuel used (Today)";"0.047043";"L";
"42967.8191943";"Fuel used (total)";"2.6889719999999997";"L";
"42967.8191943";"Fuel used (Week)";"2.1376359999999996";"L";
"42967.8191943";"Fuel used price";"0.05516542116026461";"€";
"42967.8191943";"Fuel used price (Today)";"0.07762095";"€";
"42967.8191943";"Fuel used price (total)";"4.4368038";"€";
"42967.8191943";"Fuel used price (Week)";"3.5270993999999996";"€";
"42967.8191943";"Instant engine power (based on fuel consumption)";"0";"hp";
"42967.8191943";"MAF air flow rate";"1.84";"g/sec";
"42967.8191943";"Power from MAF";"2.208";"hp";
"42967.8697823";"Average speed";"30.61577986522144";"km/h";
"42967.8697823";"Calculated instant fuel consumption";"0";"L/100km";
"42967.8697823";"Distance travelled";"0.5803461747499998";"km";
"42967.8697823";"Distance travelled (Today)";"0.580343";"km";
"42967.8697823";"Distance travelled (total)";"42.01066300000001";"km";
"42967.8697823";"Distance travelled (Week)";"32.945052";"km";
"42967.8697823";"Vehicle acceleration";"-0.06413979958017803";"g";
"42967.8697823";"Vehicle speed";"41";"km/h";
"42967.9149067";"Fuel/Air commanded equivalence ratio";"18.232304640000002";"";
"42968.0272437";"Fuel economizer (based on fuel system status and throttle position)";"0";"";
"42968.0272437";"Throttle position";"18.431372549019606";"%";
"42968.0782009";"Average fuel consumption";"5.760973370140847";"L/100km";
"42968.0782009";"Average fuel consumption (Today)";"8.106068307879994";"L/100km";
"42968.0782009";"Average fuel consumption (total)";"6.400689272625856";"L/100km";
"42968.0782009";"Average fuel consumption (Week)";"6.488488772153099";"L/100km";
"42968.0782009";"Average fuel consumption 10 sec";"6.051611609032881";"L/100km";
"42968.0782009";"Calculated instant fuel rate";"0";"L/h";
"42968.0782009";"Fuel used";"0.033433588581978556";"L";
"42968.0782009";"Fuel used (Today)";"0.047043";"L";
"42968.0782009";"Fuel used (total)";"2.6889719999999997";"L";
"42968.0782009";"Fuel used (Week)";"2.1376359999999996";"L";
"42968.0782009";"Fuel used price";"0.05516542116026461";"€";
"42968.0782009";"Fuel used price (Today)";"0.07762095";"€";
"42968.0782009";"Fuel used price (total)";"4.4368038";"€";
"42968.0782009";"Fuel used price (Week)";"3.5270993999999996";"€";
"42968.0782009";"Instant engine power (based on fuel consumption)";"0";"hp";
"42968.0782009";"MAF air flow rate";"1.87";"g/sec";
"42968.0782009";"Power from MAF";"2.244";"hp";
"42968.1220041";"Average speed";"30.653822814539506";"km/h";
"42968.1220041";"Calculated instant fuel consumption";"0";"L/100km";
"42968.1220041";"Distance travelled";"0.5832038963888887";"km";
"42968.1220041";"Distance travelled (Today)";"0.583201";"km";
"42968.1220041";"Distance travelled (total)";"42.01352100000001";"km";
"42968.1220041";"Distance travelled (Week)";"32.94791";"km";
"42968.1220041";"Vehicle acceleration";"-0.030683571838657143";"g";
"42968.1220041";"Vehicle speed";"41";"km/h";
"42968.1616265";"Fuel/Air commanded equivalence ratio";"18.203727360000002";"";
"42968.2493233";"Fuel economizer (based on fuel system status and throttle position)";"0";"";
"42968.2493233";"Throttle position";"18.431372549019606";"%";
"42968.293508";"Average fuel consumption";"5.73274437790871";"L/100km";
"42968.293508";"Average fuel consumption (Today)";"8.066344193511329";"L/100km";
"42968.293508";"Average fuel consumption (total)";"6.40025386113199";"L/100km";
"42968.293508";"Average fuel consumption (Week)";"6.487925941281252";"L/100km";
"42968.293508";"Average fuel consumption 10 sec";"6.044142424860596";"L/100km";
"42968.293508";"Calculated instant fuel rate";"0";"L/h";
"42968.293508";"Fuel used";"0.033433588581978556";"L";
"42968.293508";"Fuel used (Today)";"0.047043";"L";
"42968.293508";"Fuel used (total)";"2.6889719999999997";"L";
"42968.293508";"Fuel used (Week)";"2.1376359999999996";"L";
"42968.293508";"Fuel used price";"0.05516542116026461";"€";
"42968.293508";"Fuel used price (Today)";"0.07762095";"€";
"42968.293508";"Fuel used price (total)";"4.4368038";"€";
"42968.293508";"Fuel used price (Week)";"3.5270993999999996";"€";
"42968.293508";"Instant engine power (based on fuel consumption)";"0";"hp";
"42968.293508";"MAF air flow rate";"1.87";"g/sec";
"42968.293508";"Power from MAF";"2.244";"hp";
"42968.3428439";"Average speed";"30.6870752212395";"km/h";
"42968.3428439";"Calculated instant fuel consumption";"0";"L/100km";
"42968.3428439";"Distance travelled";"0.5857190288611109";"km";
"42968.3428439";"Distance travelled (Today)";"0.585716";"km";
"42968.3428439";"Distance travelled (total)";"42.01603600000001";"km";
"42968.3428439";"Distance travelled (Week)";"32.950424999999996";"km";
"42968.3428439";"Vehicle acceleration";"-0.03099319928709445";"g";
"42968.3428439";"Vehicle speed";"41";"km/h";
"42968.3856753";"Fuel/Air commanded equivalence ratio";"18.175150079999998";"";
"42968.473937";"Fuel economizer (based on fuel system status and throttle position)";"0";"";
"42968.473937";"Throttle position";"18.431372549019606";"%";
"42968.5150419";"Average fuel consumption";"5.7081274356047125";"L/100km";
"42968.5150419";"Average fuel consumption (Today)";"8.03170819987844";"L/100km";
"42968.5150419";"Average fuel consumption (total)";"6.399870754109216";"L/100km";
"42968.5150419";"Average fuel consumption (Week)";"6.487430738753749";"L/100km";
"42968.5150419";"Average fuel consumption 10 sec";"6.036687018203543";"L/100km";
"42968.5150419";"Calculated instant fuel rate";"0";"L/h";
"42968.5150419";"Fuel used";"0.033433588581978556";"L";
"42968.5150419";"Fuel used (Today)";"0.047043";"L";
"42968.5150419";"Fuel used (total)";"2.6889719999999997";"L";
"42968.5150419";"Fuel used (Week)";"2.1376359999999996";"L";
"42968.5150419";"Fuel used price";"0.05516542116026461";"€";
"42968.5150419";"Fuel used price (Today)";"0.07762095";"€";
"42968.5150419";"Fuel used price (total)";"4.4368038";"€";
"42968.5150419";"Fuel used price (Week)";"3.5270993999999996";"€";
"42968.5150419";"Instant engine power (based on fuel consumption)";"0";"hp";
"42968.5150419";"MAF air flow rate";"1.87";"g/sec";
"42968.5150419";"Power from MAF";"2.244";"hp";
"42968.5536577";"Average speed";"30.715557683122373";"km/h";
"42968.5536577";"Calculated instant fuel consumption";"0";"L/100km";
"42968.5536577";"Distance travelled";"0.5880611833055553";"km";
"42968.5536577";"Distance travelled (Today)";"0.588058";"km";
"42968.5536577";"Distance travelled (total)";"42.018378000000006";"km";
"42968.5536577";"Distance travelled (Week)";"32.952766999999994";"km";
"42968.5536577";"Vehicle acceleration";"-0.03093804108408013";"g";
"42968.5536577";"Vehicle speed";"40";"km/h";
"42968.6017607";"Fuel/Air commanded equivalence ratio";"17.689336320000002";"";
"42968.6812006";"Fuel economizer (based on fuel system status and throttle position)";"0";"";
"42968.6812006";"Throttle position";"18.431372549019606";"%";
"42968.7269349";"Average fuel consumption";"5.685392869164523";"L/100km";
"42968.7269349";"Average fuel consumption (Today)";"7.999721115944346";"L/100km";
"42968.7269349";"Average fuel consumption (total)";"6.399514041213108";"L/100km";
"42968.7269349";"Average fuel consumption (Week)";"6.4869696678278945";"L/100km";
"42968.7269349";"Average fuel consumption 10 sec";"6.029212674606968";"L/100km";
"42968.7269349";"Calculated instant fuel rate";"0";"L/h";
"42968.7269349";"Fuel used";"0.033433588581978556";"L";
"42968.7269349";"Fuel used (Today)";"0.047043";"L";
"42968.7269349";"Fuel used (total)";"2.6889719999999997";"L";
"42968.7269349";"Fuel used (Week)";"2.1376359999999996";"L";
"42968.7269349";"Fuel used price";"0.05516542116026461";"€";
"42968.7269349";"Fuel used price (Today)";"0.07762095";"€";
"42968.7269349";"Fuel used price (total)";"4.4368038";"€";
"42968.7269349";"Fuel used price (Week)";"3.5270993999999996";"€";
"42968.7269349";"Instant engine power (based on fuel consumption)";"0";"hp";
"42968.7269349";"MAF air flow rate";"1.92";"g/sec";
"42968.7269349";"Power from MAF";"2.304";"hp";
"42968.7577191";"Average speed";"30.74296543248089";"km/h";
"42968.7577191";"Calculated instant fuel consumption";"0";"L/100km";
"42968.7577191";"Distance travelled";"0.590328569972222";"km";
"42968.7577191";"Distance travelled (Today)";"0.590325";"km";
"42968.7577191";"Distance travelled (total)";"42.02064500000001";"km";
"42968.7577191";"Distance travelled (Week)";"32.955034";"km";
"42968.7577191";"Vehicle acceleration";"-0.031900300066961984";"g";
"42968.7577191";"Vehicle speed";"40";"km/h";
"42968.8069446";"Fuel/Air commanded equivalence ratio";"16.97490432";"";
"42968.8857195";"Fuel economizer (based on fuel system status and throttle position)";"0";"";
"42968.8857195";"Throttle position";"18.431372549019606";"%";
"42968.924646";"Average fuel consumption";"5.663555904731457";"L/100km";
"42968.924646";"Average fuel consumption (Today)";"7.96900012704866";"L/100km";
"42968.924646";"Average fuel consumption (total)";"6.399168789531906";"L/100km";
"42968.924646";"Average fuel consumption (Week)";"6.486523424615492";"L/100km";
"42968.924646";"Average fuel consumption 10 sec";"6.021515628831367";"L/100km";
"42968.924646";"Calculated instant fuel rate";"0";"L/h";
"42968.924646";"Fuel used";"0.033433588581978556";"L";
"42968.924646";"Fuel used (Today)";"0.047043";"L";
"42968.924646";"Fuel used (total)";"2.6889719999999997";"L";
"42968.924646";"Fuel used (Week)";"2.1376359999999996";"L";
"42968.924646";"Fuel used price";"0.05516542116026461";"€";
"42968.924646";"Fuel used price (Today)";"0.07762095";"€";
"42968.924646";"Fuel used price (total)";"4.4368038";"€";
"42968.924646";"Fuel used price (Week)";"3.5270993999999996";"€";
"42968.924646";"Instant engine power (based on fuel consumption)";"0";"hp";
"42968.924646";"MAF air flow rate";"1.9000000000000001";"g/sec";
"42968.924646";"Power from MAF";"2.2800000000000002";"hp";
"42968.9654532";"Average speed";"30.770699827728574";"km/h";
"42968.9654532";"Calculated instant fuel consumption";"0";"L/100km";
"42968.9654532";"Distance travelled";"0.5926366877499998";"km";
"42968.9654532";"Distance travelled (Today)";"0.592633";"km";
"42968.9654532";"Distance travelled (total)";"42.02295300000001";"km";
"42968.9654532";"Distance travelled (Week)";"32.957342";"km";
"42968.9654532";"Vehicle acceleration";"-0.03358288053244471";"g";
"42968.9654532";"Vehicle speed";"40";"km/h";
"42969.0099871";"Fuel/Air commanded equivalence ratio";"14.63156736";"";
"42969.0942063";"Fuel economizer (based on fuel system status and throttle position)";"2";"";
"42969.0942063";"Throttle position";"21.568627450980394";"%";
"42969.1416276";"Average fuel consumption";"5.6537362591562434";"L/100km";
"42969.1416276";"Average fuel consumption (Today)";"7.9502828900854325";"L/100km";
"42969.1416276";"Average fuel consumption (total)";"6.398991046631109";"L/100km";
"42969.1416276";"Average fuel consumption (Week)";"6.486290672348516";"L/100km";
"42969.1416276";"Average fuel consumption 10 sec";"6.014161950315964";"L/100km";
"42969.1416276";"Calculated instant fuel rate";"1.2032531456735744";"L/h";
"42969.1416276";"Fuel used";"0.033506115300384304";"L";
"42969.1416276";"Fuel used (Today)";"0.047116";"L";
"42969.1416276";"Fuel used (total)";"2.6890449999999997";"L";
"42969.1416276";"Fuel used (Week)";"2.1377089999999996";"L";
"42969.1416276";"Fuel used price";"0.0552850902456341";"€";
"42969.1416276";"Fuel used price (Today)";"0.07774139999999999";"€";
"42969.1416276";"Fuel used price (total)";"4.436924250000001";"€";
"42969.1416276";"Fuel used price (Week)";"3.5272198499999994";"€";
"42969.1416276";"Instant engine power (based on fuel consumption)";"4.707364432067679";"hp";
"42969.1416276";"MAF air flow rate";"3.5700000000000003";"g/sec";
"42969.1416276";"Power from MAF";"4.284";"hp";
"42969.1814045";"Average speed";"30.79314454744497";"km/h";
"42969.1814045";"Calculated instant fuel consumption";"3.1664556465094065";"L/100km";
"42969.1814045";"Distance travelled";"0.5949159963611109";"km";
"42969.1814045";"Distance travelled (Today)";"0.594912";"km";
"42969.1814045";"Distance travelled (total)";"42.02523200000001";"km";
"42969.1814045";"Distance travelled (Week)";"32.959621";"km";
"42969.1814045";"Vehicle acceleration";"-0.10133596913746487";"g";
"42969.1814045";"Vehicle speed";"38";"km/h";
"42969.2228974";"Fuel/Air commanded equivalence ratio";"14.640051240000002";"";
"42969.3141873";"Fuel economizer (based on fuel system status and throttle position)";"1";"";
"42969.3141873";"Throttle position";"19.215686274509803";"%";
"42969.3532878";"Average fuel consumption";"5.640597329602218";"L/100km";
"42969.3532878";"Average fuel consumption (Today)";"7.9283994943790015";"L/100km";
"42969.3532878";"Average fuel consumption (total)";"6.398765389326105";"L/100km";
"42969.3532878";"Average fuel consumption (Week)";"6.48599691119021";"L/100km";
"42969.3532878";"Average fuel consumption 10 sec";"6.007004852708516";"L/100km";
"42969.3532878";"Calculated instant fuel rate";"0.8623369773292252";"L/h";
"42969.3532878";"Fuel used";"0.03355681580412125";"L";
"42969.3532878";"Fuel used (Today)";"0.047167";"L";
"42969.3532878";"Fuel used (total)";"2.6890959999999997";"L";
"42969.3532878";"Fuel used (Week)";"2.1377599999999997";"L";
"42969.3532878";"Fuel used price";"0.05536874607680006";"€";
"42969.3532878";"Fuel used price (Today)";"0.07782555";"€";
"42969.3532878";"Fuel used price (total)";"4.4370084";"€";
"42969.3532878";"Fuel used price (Week)";"3.5273039999999996";"€";
"42969.3532878";"Instant engine power (based on fuel consumption)";"3.3736329135162615";"hp";
"42969.3532878";"MAF air flow rate";"2.56";"g/sec";
"42969.3532878";"Power from MAF";"3.072";"hp";
"42969.4035087";"Average speed";"30.81610556840384";"km/h";
"42969.4035087";"Calculated instant fuel consumption";"2.2693078350769085";"L/100km";
"42969.4035087";"Distance travelled";"0.5972624741944442";"km";
"42969.4035087";"Distance travelled (Today)";"0.597258";"km";
"42969.4035087";"Distance travelled (total)";"42.027578000000005";"km";
"42969.4035087";"Distance travelled (Week)";"32.961966999999994";"km";
"42969.4035087";"Vehicle acceleration";"-0.06665980356673819";"g";
"42969.4035087";"Vehicle speed";"38";"km/h";
"42969.4420391";"Fuel/Air commanded equivalence ratio";"14.640051240000002";"";
"42969.5208329";"Fuel economizer (based on fuel system status and throttle position)";"1";"";
"42969.5208329";"Throttle position";"19.215686274509803";"%";
"42969.5613045";"Average fuel consumption";"5.625283846585059";"L/100km";
"42969.5613045";"Average fuel consumption (Today)";"7.9041218367941495";"L/100km";
"42969.5613045";"Average fuel consumption (total)";"6.3985057620974475";"L/100km";
"42969.5613045";"Average fuel consumption (Week)";"6.485659669521542";"L/100km";
"42969.5613045";"Average fuel consumption 10 sec";"6.000008257680648";"L/100km";
"42969.5613045";"Calculated instant fuel rate";"0.70738580171538";"L/h";
"42969.5613045";"Fuel used";"0.03359770948257433";"L";
"42969.5613045";"Fuel used (Today)";"0.047208";"L";
"42969.5613045";"Fuel used (total)";"2.6891369999999997";"L";
"42969.5613045";"Fuel used (Week)";"2.1378009999999996";"L";
"42969.5613045";"Fuel used price";"0.05543622064624764";"€";
"42969.5613045";"Fuel used price (Today)";"0.0778932";"€";
"42969.5613045";"Fuel used price (total)";"4.43707605";"€";
"42969.5613045";"Fuel used price (Week)";"3.5273716499999996";"€";
"42969.5613045";"Instant engine power (based on fuel consumption)";"2.767433249368808";"hp";
"42969.5613045";"MAF air flow rate";"2.1";"g/sec";
"42969.5613045";"Power from MAF";"2.52";"hp";
"42969.6111927";"Average speed";"30.831480934221638";"km/h";
"42969.6111927";"Calculated instant fuel consumption";"1.9649605603205";"L/100km";
"42969.6111927";"Distance travelled";"0.5993381011944442";"km";
"42969.6111927";"Distance travelled (Today)";"0.599334";"km";
"42969.6111927";"Distance travelled (total)";"42.02965400000001";"km";
"42969.6111927";"Distance travelled (Week)";"32.964043";"km";
"42969.6111927";"Vehicle acceleration";"-0.13275372717093067";"g";
"42969.6111927";"Vehicle speed";"36";"km/h";
"42969.6487904";"Fuel/Air commanded equivalence ratio";"16.68913152";"";
"42969.7300258";"Fuel economizer (based on fuel system status and throttle position)";"2";"";
"42969.7300258";"Throttle position";"20.392156862745097";"%";
"42969.7751341";"Average fuel consumption";"5.615110531918312";"L/100km";
"42969.7751341";"Average fuel consumption (Today)";"7.88608688978099";"L/100km";
"42969.7751341";"Average fuel consumption (total)";"6.398322955501844";"L/100km";
"42969.7751341";"Average fuel consumption (Week)";"6.48542109959024";"L/100km";
"42969.7751341";"Average fuel consumption 10 sec";"5.993330214910633";"L/100km";
"42969.7751341";"Calculated instant fuel rate";"0.9396649407447368";"L/h";
"42969.7751341";"Fuel used";"0.033653496841968465";"L";
"42969.7751341";"Fuel used (Today)";"0.047264";"L";
"42969.7751341";"Fuel used (total)";"2.6891929999999995";"L";
"42969.7751341";"Fuel used (Week)";"2.1378569999999995";"L";
"42969.7751341";"Fuel used price";"0.055528269789247964";"€";
"42969.7751341";"Fuel used price (Today)";"0.07798559999999999";"€";
"42969.7751341";"Fuel used price (total)";"4.437168450000001";"€";
"42969.7751341";"Fuel used price (Week)";"3.5274640499999994";"€";
"42969.7751341";"Instant engine power (based on fuel consumption)";"3.676155209755627";"hp";
"42969.7751341";"MAF air flow rate";"3.18";"g/sec";
"42969.7751341";"Power from MAF";"3.816";"hp";
"42969.8059369";"Average speed";"30.845819255326937";"km/h";
"42969.8059369";"Calculated instant fuel consumption";"2.610180390957602";"L/100km";
"42969.8059369";"Distance travelled";"0.6012848891944442";"km";
"42969.8059369";"Distance travelled (Today)";"0.601281";"km";
"42969.8059369";"Distance travelled (total)";"42.03160100000001";"km";
"42969.8059369";"Distance travelled (Week)";"32.96599";"km";
"42969.8059369";"Vehicle acceleration";"-0.13480547147076385";"g";
"42969.8059369";"Vehicle speed";"36";"km/h";
"42969.8485226";"Fuel/Air commanded equivalence ratio";"17.17494528";"";
"42969.9265337";"Fuel economizer (based on fuel system status and throttle position)";"2";"";
"42969.9265337";"Throttle position";"20.784313725490197";"%";
"42969.9781612";"Average fuel consumption";"5.607056541043022";"L/100km";
"42969.9781612";"Average fuel consumption (Today)";"7.870696063903567";"L/100km";
"42969.9781612";"Average fuel consumption (total)";"6.398171699431575";"L/100km";
"42969.9781612";"Average fuel consumption (Week)";"6.485223104174938";"L/100km";
"42969.9781612";"Average fuel consumption 10 sec";"5.986995957836591";"L/100km";
"42969.9781612";"Calculated instant fuel rate";"1.0796229886692637";"L/h";
"42969.9781612";"Fuel used";"0.03371438370988037";"L";
"42969.9781612";"Fuel used (Today)";"0.047325";"L";
"42969.9781612";"Fuel used (total)";"2.6892539999999996";"L";
"42969.9781612";"Fuel used (Week)";"2.1379179999999995";"L";
"42969.9781612";"Fuel used price";"0.055628733121302607";"€";
"42969.9781612";"Fuel used price (Today)";"0.07808625";"€";
"42969.9781612";"Fuel used price (total)";"4.4372691";"€";
"42969.9781612";"Fuel used price (Week)";"3.5275646999999997";"€";
"42969.9781612";"Instant engine power (based on fuel consumption)";"4.223698791212653";"hp";
"42969.9781612";"MAF air flow rate";"3.7600000000000002";"g/sec";
"42969.9781612";"Power from MAF";"4.5120000000000005";"hp";
"42970.01797";"Average speed";"30.855320950369315";"km/h";
"42970.01797";"Calculated instant fuel consumption";"3.1753617313801876";"L/100km";
"42970.01797";"Distance travelled";"0.603287458972222";"km";
"42970.01797";"Distance travelled (Today)";"0.603284";"km";
"42970.01797";"Distance travelled (total)";"42.03360400000001";"km";
"42970.01797";"Distance travelled (Week)";"32.967993";"km";
"42970.01797";"Vehicle acceleration";"-0.13543685633939248";"g";
"42970.01797";"Vehicle speed";"34";"km/h";
"42970.0619096";"Fuel/Air commanded equivalence ratio";"14.80303104";"";
"42970.1533512";"Fuel economizer (based on fuel system status and throttle position)";"2";"";
"42970.1533512";"Throttle position";"20.784313725490197";"%";
"42970.1943211";"Average fuel consumption";"5.600745360506627";"L/100km";
"42970.1943211";"Average fuel consumption (Today)";"7.856830282255124";"L/100km";
"42970.1943211";"Average fuel consumption (total)";"6.398042861135579";"L/100km";
"42970.1943211";"Average fuel consumption (Week)";"6.485053548755605";"L/100km";
"42970.1943211";"Average fuel consumption 10 sec";"5.981060584181064";"L/100km";
"42970.1943211";"Calculated instant fuel rate";"1.2359556878264104";"L/h";
"42970.1943211";"Fuel used";"0.033788594368905044";"L";
"42970.1943211";"Fuel used (Today)";"0.047399000000000004";"L";
"42970.1943211";"Fuel used (total)";"2.6893279999999997";"L";
"42970.1943211";"Fuel used (Week)";"2.1379919999999997";"L";
"42970.1943211";"Fuel used price";"0.05575118070869332";"€";
"42970.1943211";"Fuel used price (Today)";"0.07820835";"€";
"42970.1943211";"Fuel used price (total)";"4.4373912";"€";
"42970.1943211";"Fuel used price (Week)";"3.5276867999999997";"€";
"42970.1943211";"Instant engine power (based on fuel consumption)";"4.835303248867762";"hp";
"42970.1943211";"MAF air flow rate";"3.71";"g/sec";
"42970.1943211";"Power from MAF";"4.452";"hp";
"42970.2467202";"Average speed";"30.865507556436384";"km/h";
"42970.2467202";"Calculated instant fuel consumption";"3.635163787724737";"L/100km";
"42970.2467202";"Distance travelled";"0.6054478652499998";"km";
"42970.2467202";"Distance travelled (Today)";"0.605444";"km";
"42970.2467202";"Distance travelled (total)";"42.03576400000001";"km";
"42970.2467202";"Distance travelled (Week)";"32.970152999999996";"km";
"42970.2467202";"Vehicle acceleration";"-0.1343693740443436";"g";
"42970.2467202";"Vehicle speed";"34";"km/h";
"42970.2970937";"Fuel/Air commanded equivalence ratio";"14.88876288";"";
"42970.386077";"Fuel economizer (based on fuel system status and throttle position)";"2";"";
"42970.386077";"Throttle position";"20.784313725490197";"%";
"42970.4258081";"Average fuel consumption";"5.593494308622858";"L/100km";
"42970.4258081";"Average fuel consumption (Today)";"7.841517960372884";"L/100km";
"42970.4258081";"Average fuel consumption (total)";"6.397897276233636";"L/100km";
"42970.4258081";"Average fuel consumption (Week)";"6.484862232820091";"L/100km";
"42970.4258081";"Average fuel consumption 10 sec";"5.974857490107083";"L/100km";
"42970.4258081";"Calculated instant fuel rate";"1.1990287533224888";"L/h";
"42970.4258081";"Fuel used";"0.033865691884437325";"L";
"42970.4258081";"Fuel used (Today)";"0.047476000000000004";"L";
"42970.4258081";"Fuel used (total)";"2.689405";"L";
"42970.4258081";"Fuel used (Week)";"2.1380689999999998";"L";
"42970.4258081";"Fuel used price";"0.055878391609321586";"€";
"42970.4258081";"Fuel used price (Today)";"0.0783354";"€";
"42970.4258081";"Fuel used price (total)";"4.43751825";"€";
"42970.4258081";"Fuel used price (Week)";"3.5278138499999994";"€";
"42970.4258081";"Instant engine power (based on fuel consumption)";"4.690837773174576";"hp";
"42970.4258081";"MAF air flow rate";"3.62";"g/sec";
"42970.4258081";"Power from MAF";"4.344";"hp";
"42970.4776632";"Average speed";"30.87246516283482";"km/h";
"42970.4776632";"Calculated instant fuel consumption";"3.6334204646136024";"L/100km";
"42970.4776632";"Distance travelled";"0.6075647657499998";"km";
"42970.4776632";"Distance travelled (Today)";"0.607561";"km";
"42970.4776632";"Distance travelled (total)";"42.037881000000006";"km";
"42970.4776632";"Distance travelled (Week)";"32.972269999999995";"km";
"42970.4776632";"Vehicle acceleration";"-0.0980718340456992";"g";
"42970.4776632";"Vehicle speed";"33";"km/h";
"42970.5167505";"Fuel/Air commanded equivalence ratio";"14.8601856";"";
"42970.6113565";"Fuel economizer (based on fuel system status and throttle position)";"2";"";
"42970.6113565";"Throttle position";"20.392156862745097";"%";
"42970.6572003";"Average fuel consumption";"5.5867128523724165";"L/100km";
"42970.6572003";"Average fuel consumption (Today)";"7.8268684132128294";"L/100km";
"42970.6572003";"Average fuel consumption (total)";"6.397758250469377";"L/100km";
"42970.6572003";"Average fuel consumption (Week)";"6.484679398779641";"L/100km";
"42970.6572003";"Average fuel consumption 10 sec";"5.968301283804181";"L/100km";
"42970.6572003";"Calculated instant fuel rate";"1.201334577848109";"L/h";
"42970.6572003";"Fuel used";"0.03394289885464161";"L";
"42970.6572003";"Fuel used (Today)";"0.047553";"L";
"42970.6572003";"Fuel used (total)";"2.6894819999999995";"L";
"42970.6572003";"Fuel used (Week)";"2.1381459999999994";"L";
"42970.6572003";"Fuel used price";"0.05600578311015865";"€";
"42970.6572003";"Fuel used price (Today)";"0.07846244999999999";"€";
"42970.6572003";"Fuel used price (total)";"4.437645300000001";"€";
"42970.6572003";"Fuel used price (Week)";"3.5279408999999995";"€";
"42970.6572003";"Instant engine power (based on fuel consumption)";"4.699858615046066";"hp";
"42970.6572003";"MAF air flow rate";"3.62";"g/sec";
"42970.6572003";"Power from MAF";"4.344";"hp";
"42970.6991423";"Average speed";"30.879095305545782";"km/h";
"42970.6991423";"Calculated instant fuel consumption";"3.6404078116609364";"L/100km";
"42970.6991423";"Distance travelled";"0.6095949569166665";"km";
"42970.6991423";"Distance travelled (Today)";"0.609591";"km";
"42970.6991423";"Distance travelled (total)";"42.03991100000001";"km";
"42970.6991423";"Distance travelled (Week)";"32.9743";"km";
"42970.6991423";"Vehicle acceleration";"-0.09513640544660167";"g";
"42970.6991423";"Vehicle speed";"33";"km/h";
"42970.7396252";"Fuel/Air commanded equivalence ratio";"14.88876288";"";
"42970.8174459";"Fuel economizer (based on fuel system status and throttle position)";"2";"";
"42970.8174459";"Throttle position";"20.392156862745097";"%";
"42970.8573513";"Average fuel consumption";"5.5787118924276";"L/100km";
"42970.8573513";"Average fuel consumption (Today)";"7.8114670328138045";"L/100km";
"42970.8573513";"Average fuel consumption (total)";"6.3976039340330635";"L/100km";
"42970.8573513";"Average fuel consumption (Week)";"6.484477305052722";"L/100km";
"42970.8573513";"Average fuel consumption 10 sec";"5.960984831264729";"L/100km";
"42970.8573513";"Calculated instant fuel rate";"1.1625941779452862";"L/h";
"42970.8573513";"Fuel used";"0.03400754635714898";"L";
"42970.8573513";"Fuel used (Today)";"0.047618";"L";
"42970.8573513";"Fuel used (total)";"2.6895469999999997";"L";
"42970.8573513";"Fuel used (Week)";"2.1382109999999996";"L";
"42970.8573513";"Fuel used price";"0.056112451489295806";"€";
"42970.8573513";"Fuel used price (Today)";"0.07856969999999999";"€";
"42970.8573513";"Fuel used price (total)";"4.43775255";"€";
"42970.8573513";"Fuel used price (Week)";"3.5280481499999996";"€";
"42970.8573513";"Instant engine power (based on fuel consumption)";"4.548298503823968";"hp";
"42970.8573513";"MAF air flow rate";"3.5100000000000002";"g/sec";
"42970.8573513";"Power from MAF";"4.212";"hp";
"42970.8982229";"Average speed";"30.885019875145044";"km/h";
"42970.8982229";"Calculated instant fuel consumption";"3.523012660440261";"L/100km";
"42970.8982229";"Distance travelled";"0.6114198660833332";"km";
"42970.8982229";"Distance travelled (Today)";"0.611416";"km";
"42970.8982229";"Distance travelled (total)";"42.04173600000001";"km";
"42970.8982229";"Distance travelled (Week)";"32.976124999999996";"km";
"42970.8982229";"Vehicle acceleration";"-0.032178760379684035";"g";
"42970.8982229";"Vehicle speed";"33";"km/h";
"42970.9408299";"Fuel/Air commanded equivalence ratio";"16.37478144";"";
"42971.0270206";"Fuel economizer (based on fuel system status and throttle position)";"0";"";
"42971.0270206";"Throttle position";"19.607843137254903";"%";
"42971.0699562";"Average fuel consumption";"5.562061071877886";"L/100km";
"42971.0699562";"Average fuel consumption (Today)";"7.788150784408652";"L/100km";
"42971.0699562";"Average fuel consumption (total)";"6.397326218879256";"L/100km";
"42971.0699562";"Average fuel consumption (Week)";"6.484118434170176";"L/100km";
"42971.0699562";"Average fuel consumption 10 sec";"5.952646314223243";"L/100km";
"42971.0699562";"Calculated instant fuel rate";"0";"L/h";
"42971.0699562";"Fuel used";"0.03400754635714898";"L";
"42971.0699562";"Fuel used (Today)";"0.047618";"L";
"42971.0699562";"Fuel used (total)";"2.6895469999999997";"L";
"42971.0699562";"Fuel used (Week)";"2.1382109999999996";"L";
"42971.0699562";"Fuel used price";"0.056112451489295806";"€";
"42971.0699562";"Fuel used price (Today)";"0.07856969999999999";"€";
"42971.0699562";"Fuel used price (total)";"4.43775255";"€";
"42971.0699562";"Fuel used price (Week)";"3.5280481499999996";"€";
"42971.0699562";"Instant engine power (based on fuel consumption)";"0";"hp";
"42971.0699562";"MAF air flow rate";"2.59";"g/sec";
"42971.0699562";"Power from MAF";"3.1079999999999997";"hp";
"42971.1180275";"Average speed";"30.89152531030425";"km/h";
"42971.1180275";"Calculated instant fuel consumption";"0";"L/100km";
"42971.1180275";"Distance travelled";"0.6134355088333332";"km";
"42971.1180275";"Distance travelled (Today)";"0.613432";"km";
"42971.1180275";"Distance travelled (total)";"42.04375200000001";"km";
"42971.1180275";"Distance travelled (Week)";"32.978141";"km";
"42971.1180275";"Vehicle acceleration";"-0.032509139267509875";"g";
"42971.1180275";"Vehicle speed";"33";"km/h";
"42971.1548567";"Fuel/Air commanded equivalence ratio";"17.80364544";"";
"42971.2372166";"Fuel economizer (based on fuel system status and throttle position)";"0";"";
"42971.2372166";"Throttle position";"19.215686274509803";"%";
"42971.2731343";"Average fuel consumption";"5.543785103315339";"L/100km";
"42971.2731343";"Average fuel consumption (Today)";"7.762555588883528";"L/100km";
"42971.2731343";"Average fuel consumption (total)";"6.397019466768805";"L/100km";
"42971.2731343";"Average fuel consumption (Week)";"6.483722050918515";"L/100km";
"42971.2731343";"Average fuel consumption 10 sec";"5.942991391974547";"L/100km";
"42971.2731343";"Calculated instant fuel rate";"0";"L/h";
"42971.2731343";"Fuel used";"0.03400754635714898";"L";
"42971.2731343";"Fuel used (Today)";"0.047618";"L";
"42971.2731343";"Fuel used (total)";"2.6895469999999997";"L";
"42971.2731343";"Fuel used (Week)";"2.1382109999999996";"L";
"42971.2731343";"Fuel used price";"0.056112451489295806";"€";
"42971.2731343";"Fuel used price (Today)";"0.07856969999999999";"€";
"42971.2731343";"Fuel used price (total)";"4.43775255";"€";
"42971.2731343";"Fuel used price (Week)";"3.5280481499999996";"€";
"42971.2731343";"Instant engine power (based on fuel consumption)";"0";"hp";
"42971.2731343";"MAF air flow rate";"2.37";"g/sec";
"42971.2731343";"Power from MAF";"2.844";"hp";
"42971.3127273";"Average speed";"30.89724997979735";"km/h";
"42971.3127273";"Calculated instant fuel consumption";"0";"L/100km";
"42971.3127273";"Distance travelled";"0.6152195557499999";"km";
"42971.3127273";"Distance travelled (Today)";"0.615216";"km";
"42971.3127273";"Distance travelled (total)";"42.045536000000006";"km";
"42971.3127273";"Distance travelled (Week)";"32.979924999999994";"km";
"42971.3127273";"Vehicle acceleration";"0";"g";
"42971.3127273";"Vehicle speed";"33";"km/h";
"42971.3538928";"Fuel/Air commanded equivalence ratio";"18.06084096";"";
"42971.4416052";"Fuel economizer (based on fuel system status and throttle position)";"0";"";
"42971.4416052";"Throttle position";"19.215686274509803";"%";
"42971.4905237";"Average fuel consumption";"5.527708935664629";"L/100km";
"42971.4905237";"Average fuel consumption (Today)";"7.740045772541676";"L/100km";
"42971.4905237";"Average fuel consumption (total)";"6.396748040029741";"L/100km";
"42971.4905237";"Average fuel consumption (Week)";"6.483371323615806";"L/100km";
"42971.4905237";"Average fuel consumption 10 sec";"5.932146249643545";"L/100km";
"42971.4905237";"Calculated instant fuel rate";"0";"L/h";
"42971.4905237";"Fuel used";"0.03400754635714898";"L";
"42971.4905237";"Fuel used (Today)";"0.047618";"L";
"42971.4905237";"Fuel used (total)";"2.6895469999999997";"L";
"42971.4905237";"Fuel used (Week)";"2.1382109999999996";"L";
"42971.4905237";"Fuel used price";"0.056112451489295806";"€";
"42971.4905237";"Fuel used price (Today)";"0.07856969999999999";"€";
"42971.4905237";"Fuel used price (total)";"4.43775255";"€";
"42971.4905237";"Fuel used price (Week)";"3.5280481499999996";"€";
"42971.4905237";"Instant engine power (based on fuel consumption)";"0";"hp";
"42971.4905237";"MAF air flow rate";"2.4";"g/sec";
"42971.4905237";"Power from MAF";"2.88";"hp";
"42971.5356106";"Average speed";"30.900668032629564";"km/h";
"42971.5356106";"Calculated instant fuel consumption";"0";"L/100km";
"42971.5356106";"Distance travelled";"0.6172006730833332";"km";
"42971.5356106";"Distance travelled (Today)";"0.617197";"km";
"42971.5356106";"Distance travelled (total)";"42.047517000000006";"km";
"42971.5356106";"Distance travelled (Week)";"32.981905999999995";"km";
"42971.5356106";"Vehicle acceleration";"-0.033863148622007566";"g";
"42971.5356106";"Vehicle speed";"32";"km/h";
"42971.5769846";"Fuel/Air commanded equivalence ratio";"18.1465728";"";
"42971.6417499";"Fuel economizer (based on fuel system status and throttle position)";"0";"";
"42971.6417499";"Throttle position";"19.215686274509803";"%";
"42971.6894708";"Average fuel consumption";"5.509965857175491";"L/100km";
"42971.6894708";"Average fuel consumption (Today)";"7.715202763461261";"L/100km";
"42971.6894708";"Average fuel consumption (total)";"6.3964466677069165";"L/100km";
"42971.6894708";"Average fuel consumption (Week)";"6.482981911354669";"L/100km";
"42971.6894708";"Average fuel consumption 10 sec";"5.919977867705386";"L/100km";
"42971.6894708";"Calculated instant fuel rate";"0";"L/h";
"42971.6894708";"Fuel used";"0.03400754635714898";"L";
"42971.6894708";"Fuel used (Today)";"0.047618";"L";
"42971.6894708";"Fuel used (total)";"2.6895469999999997";"L";
"42971.6894708";"Fuel used (Week)";"2.1382109999999996";"L";
"42971.6894708";"Fuel used price";"0.056112451489295806";"€";
"42971.6894708";"Fuel used price (Today)";"0.07856969999999999";"€";
"42971.6894708";"Fuel used price (total)";"4.43775255";"€";
"42971.6894708";"Fuel used price (Week)";"3.5280481499999996";"€";
"42971.6894708";"Instant engine power (based on fuel consumption)";"0";"hp";
"42971.6894708";"MAF air flow rate";"2.23";"g/sec";
"42971.6894708";"Power from MAF";"2.6759999999999997";"hp";
"42971.7288284";"Average speed";"30.903613936673644";"km/h";
"42971.7288284";"Calculated instant fuel consumption";"0";"L/100km";
"42971.7288284";"Distance travelled";"0.618918041972222";"km";
"42971.7288284";"Distance travelled (Today)";"0.618914";"km";
"42971.7288284";"Distance travelled (total)";"42.049234000000006";"km";
"42971.7288284";"Distance travelled (Week)";"32.983622999999994";"km";
"42971.7288284";"Vehicle acceleration";"-0.03410217458313901";"g";
"42971.7288284";"Vehicle speed";"32";"km/h";
"42971.7701173";"Fuel/Air commanded equivalence ratio";"18.203727360000002";"";
"42971.8587226";"Fuel economizer (based on fuel system status and throttle position)";"0";"";
"42971.8587226";"Throttle position";"18.823529411764707";"%";
"42971.9012604";"Average fuel consumption";"5.494676847483998";"L/100km";
"42971.9012604";"Average fuel consumption (Today)";"7.69379913849097";"L/100km";
"42971.9012604";"Average fuel consumption (total)";"6.396185481048238";"L/100km";
"42971.9012604";"Average fuel consumption (Week)";"6.48264443235966";"L/100km";
"42971.9012604";"Average fuel consumption 10 sec";"5.9065759669461695";"L/100km";
"42971.9012604";"Calculated instant fuel rate";"0";"L/h";
"42971.9012604";"Fuel used";"0.03400754635714898";"L";
"42971.9012604";"Fuel used (Today)";"0.047618";"L";
"42971.9012604";"Fuel used (total)";"2.6895469999999997";"L";
"42971.9012604";"Fuel used (Week)";"2.1382109999999996";"L";
"42971.9012604";"Fuel used price";"0.056112451489295806";"€";
"42971.9012604";"Fuel used price (Today)";"0.07856969999999999";"€";
"42971.9012604";"Fuel used price (total)";"4.43775255";"€";
"42971.9012604";"Fuel used price (Week)";"3.5280481499999996";"€";
"42971.9012604";"Instant engine power (based on fuel consumption)";"0";"hp";
"42971.9012604";"MAF air flow rate";"2.06";"g/sec";
"42971.9012604";"Power from MAF";"2.472";"hp";
"42971.9407238";"Average speed";"30.903896392557737";"km/h";
"42971.9407238";"Calculated instant fuel consumption";"0";"L/100km";
"42971.9407238";"Distance travelled";"0.6207427631111109";"km";
"42971.9407238";"Distance travelled (Today)";"0.620739";"km";
"42971.9407238";"Distance travelled (total)";"42.05105900000001";"km";
"42971.9407238";"Distance travelled (Week)";"32.985448";"km";
"42971.9407238";"Vehicle acceleration";"-0.06886004072340669";"g";
"42971.9407238";"Vehicle speed";"31";"km/h";
"42971.9827478";"Fuel/Air commanded equivalence ratio";"18.203727360000002";"";
"42972.0782344";"Fuel economizer (based on fuel system status and throttle position)";"0";"";
"42972.0782344";"Throttle position";"18.823529411764707";"%";
"42972.1165683";"Average fuel consumption";"5.478524821893371";"L/100km";
"42972.1165683";"Average fuel consumption (Today)";"7.671179030155991";"L/100km";
"42972.1165683";"Average fuel consumption (total)";"6.39590788902605";"L/100km";
"42972.1165683";"Average fuel consumption (Week)";"6.482285764316434";"L/100km";
"42972.1165683";"Average fuel consumption 10 sec";"5.891989750409353";"L/100km";
"42972.1165683";"Calculated instant fuel rate";"0";"L/h";
"42972.1165683";"Fuel used";"0.03400754635714898";"L";
"42972.1165683";"Fuel used (Today)";"0.047618";"L";
"42972.1165683";"Fuel used (total)";"2.6895469999999997";"L";
"42972.1165683";"Fuel used (Week)";"2.1382109999999996";"L";
"42972.1165683";"Fuel used price";"0.056112451489295806";"€";
"42972.1165683";"Fuel used price (Today)";"0.07856969999999999";"€";
"42972.1165683";"Fuel used price (total)";"4.43775255";"€";
"42972.1165683";"Fuel used price (Week)";"3.5280481499999996";"€";
"42972.1165683";"Instant engine power (based on fuel consumption)";"0";"hp";
"42972.1165683";"MAF air flow rate";"1.92";"g/sec";
"42972.1165683";"Power from MAF";"2.304";"hp";
"42972.1592565";"Average speed";"30.90418594328547";"km/h";
"42972.1592565";"Calculated instant fuel consumption";"0";"L/100km";
"42972.1592565";"Distance travelled";"0.6226244854999997";"km";
"42972.1592565";"Distance travelled (Today)";"0.622621";"km";
"42972.1592565";"Distance travelled (total)";"42.05294100000001";"km";
"42972.1592565";"Distance travelled (Week)";"32.98733";"km";
"42972.1592565";"Vehicle acceleration";"-0.0669213781650958";"g";
"42972.1592565";"Vehicle speed";"31";"km/h";
"42972.2034169";"Fuel/Air commanded equivalence ratio";"18.232304640000002";"";
"42972.2905158";"Fuel economizer (based on fuel system status and throttle position)";"0";"";
"42972.2905158";"Throttle position";"18.431372549019606";"%";
"42972.3569707";"Average fuel consumption";"5.461967389515553";"L/100km";
"42972.3569707";"Average fuel consumption (Today)";"7.647991314138135";"L/100km";
"42972.3569707";"Average fuel consumption (total)";"6.395621652240681";"L/100km";
"42972.3569707";"Average fuel consumption (Week)";"6.481915935603153";"L/100km";
"42972.3569707";"Average fuel consumption 10 sec";"5.876212027572797";"L/100km";
"42972.3569707";"Calculated instant fuel rate";"0";"L/h";
"42972.3569707";"Fuel used";"0.03400754635714898";"L";
"42972.3569707";"Fuel used (Today)";"0.047618";"L";
"42972.3569707";"Fuel used (total)";"2.6895469999999997";"L";
"42972.3569707";"Fuel used (Week)";"2.1382109999999996";"L";
"42972.3569707";"Fuel used price";"0.056112451489295806";"€";
"42972.3569707";"Fuel used price (Today)";"0.07856969999999999";"€";
"42972.3569707";"Fuel used price (total)";"4.43775255";"€";
"42972.3569707";"Fuel used price (Week)";"3.5280481499999996";"€";
"42972.3569707";"Instant engine power (based on fuel consumption)";"0";"hp";
"42972.3569707";"MAF air flow rate";"1.87";"g/sec";
"42972.3569707";"Power from MAF";"2.244";"hp";
"42972.402239";"Average speed";"30.90116687870032";"km/h";
"42972.402239";"Calculated instant fuel consumption";"0";"L/100km";
"42972.402239";"Distance travelled";"0.6246493563333331";"km";
"42972.402239";"Distance travelled (Today)";"0.624646";"km";
"42972.402239";"Distance travelled (total)";"42.05496600000001";"km";
"42972.402239";"Distance travelled (Week)";"32.989354999999996";"km";
"42972.402239";"Vehicle acceleration";"-0.065369310215308";"g";
"42972.402239";"Vehicle speed";"30";"km/h";
"42972.4423828";"Fuel/Air commanded equivalence ratio";"18.232304640000002";"";
"42972.5331857";"Fuel economizer (based on fuel system status and throttle position)";"0";"";
"42972.5331857";"Throttle position";"18.431372549019606";"%";
"42972.5749092";"Average fuel consumption";"5.44426181062155";"L/100km";
"42972.5749092";"Average fuel consumption (Today)";"7.623197779222151";"L/100km";
"42972.5749092";"Average fuel consumption (total)";"6.39531369493914";"L/100km";
"42972.5749092";"Average fuel consumption (Week)";"6.481518053323565";"L/100km";
"42972.5749092";"Average fuel consumption 10 sec";"5.859258712100405";"L/100km";
"42972.5749092";"Calculated instant fuel rate";"0";"L/h";
"42972.5749092";"Fuel used";"0.03400754635714898";"L";
"42972.5749092";"Fuel used (Today)";"0.047618";"L";
"42972.5749092";"Fuel used (total)";"2.6895469999999997";"L";
"42972.5749092";"Fuel used (Week)";"2.1382109999999996";"L";
"42972.5749092";"Fuel used price";"0.056112451489295806";"€";
"42972.5749092";"Fuel used price (Today)";"0.07856969999999999";"€";
"42972.5749092";"Fuel used price (total)";"4.43775255";"€";
"42972.5749092";"Fuel used price (Week)";"3.5280481499999996";"€";
"42972.5749092";"Instant engine power (based on fuel consumption)";"0";"hp";
"42972.5749092";"MAF air flow rate";"1.82";"g/sec";
"42972.5749092";"Power from MAF";"2.184";"hp";
"42972.6187815";"Average speed";"30.898493341266335";"km/h";
"42972.6187815";"Calculated instant fuel consumption";"0";"L/100km";
"42972.6187815";"Distance travelled";"0.6264538446666664";"km";
"42972.6187815";"Distance travelled (Today)";"0.62645";"km";
"42972.6187815";"Distance travelled (total)";"42.05677000000001";"km";
"42972.6187815";"Distance travelled (Week)";"32.991158999999996";"km";
"42972.6187815";"Vehicle acceleration";"-0.06365605189868546";"g";
"42972.6187815";"Vehicle speed";"30";"km/h";
"42972.6620102";"Fuel/Air commanded equivalence ratio";"18.203727360000002";"";
"42972.7415992";"Fuel economizer (based on fuel system status and throttle position)";"0";"";
"42972.7415992";"Throttle position";"18.431372549019606";"%";
"42972.7896133";"Average fuel consumption";"5.428579718469803";"L/100km";
"42972.7896133";"Average fuel consumption (Today)";"7.601245111341688";"L/100km";
"42972.7896133";"Average fuel consumption (total)";"6.395039371782472";"L/100km";
"42972.7896133";"Average fuel consumption (Week)";"6.481163635384862";"L/100km";
"42972.7896133";"Average fuel consumption 10 sec";"5.84119365971385";"L/100km";
"42972.7896133";"Calculated instant fuel rate";"0";"L/h";
"42972.7896133";"Fuel used";"0.03400754635714898";"L";
"42972.7896133";"Fuel used (Today)";"0.047618";"L";
"42972.7896133";"Fuel used (total)";"2.6895469999999997";"L";
"42972.7896133";"Fuel used (Week)";"2.1382109999999996";"L";
"42972.7896133";"Fuel used price";"0.056112451489295806";"€";
"42972.7896133";"Fuel used price (Today)";"0.07856969999999999";"€";
"42972.7896133";"Fuel used price (total)";"4.43775255";"€";
"42972.7896133";"Fuel used price (Week)";"3.5280481499999996";"€";
"42972.7896133";"Instant engine power (based on fuel consumption)";"0";"hp";
"42972.7896133";"MAF air flow rate";"1.85";"g/sec";
"42972.7896133";"Power from MAF";"2.22";"hp";
"42972.8485804";"Average speed";"30.892534460732197";"km/h";
"42972.8485804";"Calculated instant fuel consumption";"0";"L/100km";
"42972.8485804";"Distance travelled";"0.628305118472222";"km";
"42972.8485804";"Distance travelled (Today)";"0.628301";"km";
"42972.8485804";"Distance travelled (total)";"42.05862100000001";"km";
"42972.8485804";"Distance travelled (Week)";"32.99301";"km";
"42972.8485804";"Vehicle acceleration";"-0.06240071473952606";"g";
"42972.8485804";"Vehicle speed";"29";"km/h";
"42972.9001486";"Fuel/Air commanded equivalence ratio";"18.175150079999998";"";
"42972.9911377";"Fuel economizer (based on fuel system status and throttle position)";"0";"";
"42972.9911377";"Throttle position";"18.431372549019606";"%";
"42973.0294527";"Average fuel consumption";"5.412584643563187";"L/100km";
"42973.0294527";"Average fuel consumption (Today)";"7.5788515377183865";"L/100km";
"42973.0294527";"Average fuel consumption (total)";"6.394757926086067";"L/100km";
"42973.0294527";"Average fuel consumption (Week)";"6.4808000240050845";"L/100km";
"42973.0294527";"Average fuel consumption 10 sec";"5.822023341761572";"L/100km";
"42973.0294527";"Calculated instant fuel rate";"0";"L/h";
"42973.0294527";"Fuel used";"0.03400754635714898";"L";
"42973.0294527";"Fuel used (Today)";"0.047618";"L";
"42973.0294527";"Fuel used (total)";"2.6895469999999997";"L";
"42973.0294527";"Fuel used (Week)";"2.1382109999999996";"L";
"42973.0294527";"Fuel used price";"0.056112451489295806";"€";
"42973.0294527";"Fuel used price (Today)";"0.07856969999999999";"€";
"42973.0294527";"Fuel used price (total)";"4.43775255";"€";
"42973.0294527";"Fuel used price (Week)";"3.5280481499999996";"€";
"42973.0294527";"Instant engine power (based on fuel consumption)";"0";"hp";
"42973.0294527";"MAF air flow rate";"1.81";"g/sec";
"42973.0294527";"Power from MAF";"2.172";"hp";
"42973.0703732";"Average speed";"30.886819364469694";"km/h";
"42973.0703732";"Calculated instant fuel consumption";"0";"L/100km";
"42973.0703732";"Distance travelled";"0.630091640111111";"km";
"42973.0703732";"Distance travelled (Today)";"0.630088";"km";
"42973.0703732";"Distance travelled (total)";"42.06040800000001";"km";
"42973.0703732";"Distance travelled (Week)";"32.994797";"km";
"42973.0703732";"Vehicle acceleration";"-0.062177436459013455";"g";
"42973.0703732";"Vehicle speed";"29";"km/h";
"42973.1112295";"Fuel/Air commanded equivalence ratio";"18.11799552";"";
"42973.1993939";"Fuel economizer (based on fuel system status and throttle position)";"0";"";
"42973.1993939";"Throttle position";"18.431372549019606";"%";
"42973.2469451";"Average fuel consumption";"5.397238146367416";"L/100km";
"42973.2469451";"Average fuel consumption (Today)";"7.557357067584211";"L/100km";
"42973.2469451";"Average fuel consumption (total)";"6.3944862351311444";"L/100km";
"42973.2469451";"Average fuel consumption (Week)";"6.480449023523314";"L/100km";
"42973.2469451";"Average fuel consumption 10 sec";"5.802347581450877";"L/100km";
"42973.2469451";"Calculated instant fuel rate";"0";"L/h";
"42973.2469451";"Fuel used";"0.03400754635714898";"L";
"42973.2469451";"Fuel used (Today)";"0.047618";"L";
"42973.2469451";"Fuel used (total)";"2.6895469999999997";"L";
"42973.2469451";"Fuel used (Week)";"2.1382109999999996";"L";
"42973.2469451";"Fuel used price";"0.056112451489295806";"€";
"42973.2469451";"Fuel used price (Today)";"0.07856969999999999";"€";
"42973.2469451";"Fuel used price (total)";"4.43775255";"€";
"42973.2469451";"Fuel used price (Week)";"3.5280481499999996";"€";
"42973.2469451";"Instant engine power (based on fuel consumption)";"0";"hp";
"42973.2469451";"MAF air flow rate";"1.8900000000000001";"g/sec";
"42973.2469451";"Power from MAF";"2.2680000000000002";"hp";
"42973.2928356";"Average speed";"30.87508121820174";"km/h";
"42973.2928356";"Calculated instant fuel consumption";"0";"L/100km";
"42973.2928356";"Distance travelled";"0.6317600893611109";"km";
"42973.2928356";"Distance travelled (Today)";"0.631756";"km";
"42973.2928356";"Distance travelled (total)";"42.06207600000001";"km";
"42973.2928356";"Distance travelled (Week)";"32.996465";"km";
"42973.2928356";"Vehicle acceleration";"-0.09541508588904787";"g";
"42973.2928356";"Vehicle speed";"27";"km/h";
"42973.3371939";"Fuel/Air commanded equivalence ratio";"18.06084096";"";
"42973.4259357";"Fuel economizer (based on fuel system status and throttle position)";"0";"";
"42973.4259357";"Throttle position";"18.431372549019606";"%";
"42973.466544";"Average fuel consumption";"5.382984289422314";"L/100km";
"42973.466544";"Average fuel consumption (Today)";"7.537403681168046";"L/100km";
"42973.466544";"Average fuel consumption (total)";"6.394232657465596";"L/100km";
"42973.466544";"Average fuel consumption (Week)";"6.480121431189674";"L/100km";
"42973.466544";"Average fuel consumption 10 sec";"5.782687287277506";"L/100km";
"42973.466544";"Calculated instant fuel rate";"0";"L/h";
"42973.466544";"Fuel used";"0.03400754635714898";"L";
"42973.466544";"Fuel used (Today)";"0.047618";"L";
"42973.466544";"Fuel used (total)";"2.6895469999999997";"L";
"42973.466544";"Fuel used (Week)";"2.1382109999999996";"L";
"42973.466544";"Fuel used price";"0.056112451489295806";"€";
"42973.466544";"Fuel used price (Today)";"0.07856969999999999";"€";
"42973.466544";"Fuel used price (total)";"4.43775255";"€";
"42973.466544";"Fuel used price (Week)";"3.5280481499999996";"€";
"42973.466544";"Instant engine power (based on fuel consumption)";"0";"hp";
"42973.466544";"MAF air flow rate";"1.81";"g/sec";
"42973.466544";"Power from MAF";"2.172";"hp";
"42973.5101369";"Average speed";"30.863683636663314";"km/h";
"42973.5101369";"Calculated instant fuel consumption";"0";"L/100km";
"42973.5101369";"Distance travelled";"0.633389831861111";"km";
"42973.5101369";"Distance travelled (Today)";"0.633386";"km";
"42973.5101369";"Distance travelled (total)";"42.06370600000001";"km";
"42973.5101369";"Distance travelled (Week)";"32.998095";"km";
"42973.5101369";"Vehicle acceleration";"-0.09533386018808436";"g";
"42973.5101369";"Vehicle speed";"27";"km/h";
"42973.5526272";"Fuel/Air commanded equivalence ratio";"18.08941824";"";
"42973.6539839";"Fuel economizer (based on fuel system status and throttle position)";"0";"";
"42973.6539839";"Throttle position";"18.431372549019606";"%";
"42973.703136";"Average fuel consumption";"5.369133611953233";"L/100km";
"42973.703136";"Average fuel consumption (Today)";"7.518006397362746";"L/100km";
"42973.703136";"Average fuel consumption (total)";"6.39398487617805";"L/100km";
"42973.703136";"Average fuel consumption (Week)";"6.479801333986098";"L/100km";
"42973.703136";"Average fuel consumption 10 sec";"5.751931745691539";"L/100km";
"42973.703136";"Calculated instant fuel rate";"0";"L/h";
"42973.703136";"Fuel used";"0.03400754635714898";"L";
"42973.703136";"Fuel used (Today)";"0.047618";"L";
"42973.703136";"Fuel used (total)";"2.6895469999999997";"L";
"42973.703136";"Fuel used (Week)";"2.1382109999999996";"L";
"42973.703136";"Fuel used price";"0.056112451489295806";"€";
"42973.703136";"Fuel used price (Today)";"0.07856969999999999";"€";
"42973.703136";"Fuel used price (total)";"4.43775255";"€";
"42973.703136";"Fuel used price (Week)";"3.5280481499999996";"€";
"42973.703136";"Instant engine power (based on fuel consumption)";"0";"hp";
"42973.703136";"MAF air flow rate";"1.85";"g/sec";
"42973.703136";"Power from MAF";"2.22";"hp";
"42973.7461804";"Average speed";"30.8450090404735";"km/h";
"42973.7461804";"Calculated instant fuel consumption";"0";"L/100km";
"42973.7461804";"Distance travelled";"0.6350290221388888";"km";
"42973.7461804";"Distance travelled (Today)";"0.635025";"km";
"42973.7461804";"Distance travelled (total)";"42.06534500000001";"km";
"42973.7461804";"Distance travelled (Week)";"32.999734";"km";
"42973.7461804";"Vehicle acceleration";"-0.1262274971501694";"g";
"42973.7461804";"Vehicle speed";"25";"km/h";
"42973.79326";"Fuel/Air commanded equivalence ratio";"17.975109120000003";"";
"42973.8909539";"Fuel economizer (based on fuel system status and throttle position)";"0";"";
"42973.8909539";"Throttle position";"18.431372549019606";"%";
"42973.942444";"Average fuel consumption";"5.355274353069031";"L/100km";
"42973.942444";"Average fuel consumption (Today)";"7.498602417227668";"L/100km";
"42973.942444";"Average fuel consumption (total)";"6.393735746134969";"L/100km";
"42973.942444";"Average fuel consumption (Week)";"6.47947950125901";"L/100km";
"42973.942444";"Average fuel consumption 10 sec";"5.732319175201047";"L/100km";
"42973.942444";"Calculated instant fuel rate";"0";"L/h";
"42973.942444";"Fuel used";"0.03400754635714898";"L";
"42973.942444";"Fuel used (Today)";"0.047618";"L";
"42973.942444";"Fuel used (total)";"2.6895469999999997";"L";
"42973.942444";"Fuel used (Week)";"2.1382109999999996";"L";
"42973.942444";"Fuel used price";"0.056112451489295806";"€";
"42973.942444";"Fuel used price (Today)";"0.07856969999999999";"€";
"42973.942444";"Fuel used price (total)";"4.43775255";"€";
"42973.942444";"Fuel used price (Week)";"3.5280481499999996";"€";
"42973.942444";"Instant engine power (based on fuel consumption)";"0";"hp";
"42973.942444";"MAF air flow rate";"1.85";"g/sec";
"42973.942444";"Power from MAF";"2.22";"hp";
"42973.9913354";"Average speed";"30.82573181904558";"km/h";
"42973.9913354";"Calculated instant fuel consumption";"0";"L/100km";
"42973.9913354";"Distance travelled";"0.636732131861111";"km";
"42973.9913354";"Distance travelled (Today)";"0.636728";"km";
"42973.9913354";"Distance travelled (total)";"42.06704800000001";"km";
"42973.9913354";"Distance travelled (Week)";"33.001436999999996";"km";
"42973.9913354";"Vehicle acceleration";"-0.12302546341423357";"g";
"42973.9913354";"Vehicle speed";"25";"km/h";
"42974.0302153";"Fuel/Air commanded equivalence ratio";"17.91795456";"";
"42974.122227";"Fuel economizer (based on fuel system status and throttle position)";"0";"";
"42974.122227";"Throttle position";"18.431372549019606";"%";
"42974.1663809";"Average fuel consumption";"5.340950245081548";"L/100km";
"42974.1663809";"Average fuel consumption (Today)";"7.478546569335729";"L/100km";
"42974.1663809";"Average fuel consumption (total)";"6.393476908576991";"L/100km";
"42974.1663809";"Average fuel consumption (Week)";"6.479145135407285";"L/100km";
"42974.1663809";"Average fuel consumption 10 sec";"5.712798792192201";"L/100km";
"42974.1663809";"Calculated instant fuel rate";"0";"L/h";
"42974.1663809";"Fuel used";"0.03400754635714898";"L";
"42974.1663809";"Fuel used (Today)";"0.047618";"L";
"42974.1663809";"Fuel used (total)";"2.6895469999999997";"L";
"42974.1663809";"Fuel used (Week)";"2.1382109999999996";"L";
"42974.1663809";"Fuel used price";"0.056112451489295806";"€";
"42974.1663809";"Fuel used price (Today)";"0.07856969999999999";"€";
"42974.1663809";"Fuel used price (total)";"4.43775255";"€";
"42974.1663809";"Fuel used price (Week)";"3.5280481499999996";"€";
"42974.1663809";"Instant engine power (based on fuel consumption)";"0";"hp";
"42974.1663809";"MAF air flow rate";"1.84";"g/sec";
"42974.1663809";"Power from MAF";"2.208";"hp";
"42974.2046487";"Average speed";"30.80335735894328";"km/h";
"42974.2046487";"Calculated instant fuel consumption";"0";"L/100km";
"42974.2046487";"Distance travelled";"0.6380943362499999";"km";
"42974.2046487";"Distance travelled (Today)";"0.63809";"km";
"42974.2046487";"Distance travelled (total)";"42.06841000000001";"km";
"42974.2046487";"Distance travelled (Week)";"33.002798999999996";"km";
"42974.2046487";"Vehicle acceleration";"-0.12425988288170432";"g";
"42974.2046487";"Vehicle speed";"23";"km/h";
"42974.2531744";"Fuel/Air commanded equivalence ratio";"17.83222272";"";
"42974.3483706";"Fuel economizer (based on fuel system status and throttle position)";"0";"";
"42974.3483706";"Throttle position";"18.823529411764707";"%";
"42974.3906399";"Average fuel consumption";"5.329548379477406";"L/100km";
"42974.3906399";"Average fuel consumption (Today)";"7.462583648074722";"L/100km";
"42974.3906399";"Average fuel consumption (total)";"6.3932699144084575";"L/100km";
"42974.3906399";"Average fuel consumption (Week)";"6.478877746096627";"L/100km";
"42974.3906399";"Average fuel consumption 10 sec";"5.693419927999183";"L/100km";
"42974.3906399";"Calculated instant fuel rate";"0";"L/h";
"42974.3906399";"Fuel used";"0.03400754635714898";"L";
"42974.3906399";"Fuel used (Today)";"0.047618";"L";
"42974.3906399";"Fuel used (total)";"2.6895469999999997";"L";
"42974.3906399";"Fuel used (Week)";"2.1382109999999996";"L";
"42974.3906399";"Fuel used price";"0.056112451489295806";"€";
"42974.3906399";"Fuel used price (Today)";"0.07856969999999999";"€";
"42974.3906399";"Fuel used price (total)";"4.43775255";"€";
"42974.3906399";"Fuel used price (Week)";"3.5280481499999996";"€";
"42974.3906399";"Instant engine power (based on fuel consumption)";"0";"hp";
"42974.3906399";"MAF air flow rate";"2.09";"g/sec";
"42974.3906399";"Power from MAF";"2.5079999999999996";"hp";
"42974.4340188";"Average speed";"30.77942955762883";"km/h";
"42974.4340188";"Calculated instant fuel consumption";"0";"L/100km";
"42974.4340188";"Distance travelled";"0.6395597818888887";"km";
"42974.4340188";"Distance travelled (Today)";"0.639555";"km";
"42974.4340188";"Distance travelled (total)";"42.06987500000001";"km";
"42974.4340188";"Distance travelled (Week)";"33.004264";"km";
"42974.4340188";"Vehicle acceleration";"-0.12263667189712456";"g";
"42974.4340188";"Vehicle speed";"23";"km/h";
"42974.478539";"Fuel/Air commanded equivalence ratio";"17.23209984";"";
"42974.5663879";"Fuel economizer (based on fuel system status and throttle position)";"2";"";
"42974.5663879";"Throttle position";"20.784313725490197";"%";
"42974.6121626";"Average fuel consumption";"5.326616404650294";"L/100km";
"42974.6121626";"Average fuel consumption (Today)";"7.4547146062496585";"L/100km";
"42974.6121626";"Average fuel consumption (total)";"6.393187524327084";"L/100km";
"42974.6121626";"Average fuel consumption (Week)";"6.4787689251303995";"L/100km";
"42974.6121626";"Average fuel consumption 10 sec";"5.674366572627281";"L/100km";
"42974.6121626";"Calculated instant fuel rate";"0.9644313946936709";"L/h";
"42974.6121626";"Fuel used";"0.034066896259639184";"L";
"42974.6121626";"Fuel used (Today)";"0.047677000000000004";"L";
"42974.6121626";"Fuel used (total)";"2.6896059999999995";"L";
"42974.6121626";"Fuel used (Week)";"2.1382699999999994";"L";
"42974.6121626";"Fuel used price";"0.05621037882840465";"€";
"42974.6121626";"Fuel used price (Today)";"0.07866705";"€";
"42974.6121626";"Fuel used price (total)";"4.437849900000001";"€";
"42974.6121626";"Fuel used price (Week)";"3.5281454999999995";"€";
"42974.6121626";"Instant engine power (based on fuel consumption)";"3.7730464789343934";"hp";
"42974.6121626";"MAF air flow rate";"3.37";"g/sec";
"42974.6121626";"Power from MAF";"4.044";"hp";
"42974.6620983";"Average speed";"30.755781090486348";"km/h";
"42974.6620983";"Calculated instant fuel consumption";"4.193179976929003";"L/100km";
"42974.6620983";"Distance travelled";"0.6410170043888888";"km";
"42974.6620983";"Distance travelled (Today)";"0.641012";"km";
"42974.6620983";"Distance travelled (total)";"42.07133200000001";"km";
"42974.6620983";"Distance travelled (Week)";"33.005721";"km";
"42974.6620983";"Vehicle acceleration";"-0.06185150516328595";"g";
"42974.6620983";"Vehicle speed";"23";"km/h";
"42974.71381";"Fuel/Air commanded equivalence ratio";"14.640051240000002";"";
"42974.7968013";"Fuel economizer (based on fuel system status and throttle position)";"1";"";
"42974.7968013";"Throttle position";"21.176470588235293";"%";
"42974.8368362";"Average fuel consumption";"5.328478491616111";"L/100km";
"42974.8368362";"Average fuel consumption (Today)";"7.451810574529025";"L/100km";
"42974.8368362";"Average fuel consumption (total)";"6.393180040032958";"L/100km";
"42974.8368362";"Average fuel consumption (Week)";"6.478755607247603";"L/100km";
"42974.8368362";"Average fuel consumption 10 sec";"5.65607344910307";"L/100km";
"42974.8368362";"Calculated instant fuel rate";"1.4349826263369136";"L/h";
"42974.8368362";"Fuel used";"0.03415645320646384";"L";
"42974.8368362";"Fuel used (Today)";"0.047767000000000004";"L";
"42974.8368362";"Fuel used (total)";"2.6896959999999996";"L";
"42974.8368362";"Fuel used (Week)";"2.1383599999999996";"L";
"42974.8368362";"Fuel used price";"0.056358147790665336";"€";
"42974.8368362";"Fuel used price (Today)";"0.07881555";"€";
"42974.8368362";"Fuel used price (total)";"4.437998400000001";"€";
"42974.8368362";"Fuel used price (Week)";"3.5282939999999994";"€";
"42974.8368362";"Instant engine power (based on fuel consumption)";"5.613936020148153";"hp";
"42974.8368362";"MAF air flow rate";"4.26";"g/sec";
"42974.8368362";"Power from MAF";"5.111999999999999";"hp";
"42974.8780755";"Average speed";"30.73352036843715";"km/h";
"42974.8780755";"Calculated instant fuel consumption";"6.239054897117016";"L/100km";
"42974.8780755";"Distance travelled";"0.6423968568055555";"km";
"42974.8780755";"Distance travelled (Today)";"0.642392";"km";
"42974.8780755";"Distance travelled (total)";"42.07271200000001";"km";
"42974.8780755";"Distance travelled (Week)";"33.007101";"km";
"42974.8780755";"Vehicle acceleration";"-0.06388670222649909";"g";
"42974.8780755";"Vehicle speed";"23";"km/h";
"42974.9508902";"Fuel/Air commanded equivalence ratio";"14.640051240000002";"";
"42975.0459";"Fuel economizer (based on fuel system status and throttle position)";"1";"";
"42975.0459";"Throttle position";"21.568627450980394";"%";
"42975.0828342";"Average fuel consumption";"5.332869791006006";"L/100km";
"42975.0828342";"Average fuel consumption (Today)";"7.451680593780745";"L/100km";
"42975.0828342";"Average fuel consumption (total)";"6.393212778867212";"L/100km";
"42975.0828342";"Average fuel consumption (Week)";"6.47879376016694";"L/100km";
"42975.0828342";"Average fuel consumption 10 sec";"5.638515476763916";"L/100km";
"42975.0828342";"Calculated instant fuel rate";"1.4888786874199902";"L/h";
"42975.0828342";"Fuel used";"0.03425818791495558";"L";
"42975.0828342";"Fuel used (Today)";"0.047869";"L";
"42975.0828342";"Fuel used (total)";"2.6897979999999997";"L";
"42975.0828342";"Fuel used (Week)";"2.1384619999999996";"L";
"42975.0828342";"Fuel used price";"0.0565260100596767";"€";
"42975.0828342";"Fuel used price (Today)";"0.07898385";"€";
"42975.0828342";"Fuel used price (total)";"4.4381667";"€";
"42975.0828342";"Fuel used price (Week)";"3.5284622999999997";"€";
"42975.0828342";"Instant engine power (based on fuel consumption)";"5.824788077242919";"hp";
"42975.0828342";"MAF air flow rate";"4.42";"g/sec";
"42975.0828342";"Power from MAF";"5.303999999999999";"hp";
"42975.1247191";"Average speed";"30.704845097213298";"km/h";
"42975.1247191";"Calculated instant fuel consumption";"6.767630397363592";"L/100km";
"42975.1247191";"Distance travelled";"0.6439116741388888";"km";
"42975.1247191";"Distance travelled (Today)";"0.643907";"km";
"42975.1247191";"Distance travelled (total)";"42.07422700000001";"km";
"42975.1247191";"Distance travelled (Week)";"33.008615999999996";"km";
"42975.1247191";"Vehicle acceleration";"-0.030786177188721658";"g";
"42975.1247191";"Vehicle speed";"22";"km/h";
"42975.1793712";"Fuel/Air commanded equivalence ratio";"14.640051240000002";"";
"42975.257793";"Fuel economizer (based on fuel system status and throttle position)";"1";"";
"42975.257793";"Throttle position";"24.313725490196077";"%";
"42975.3027846";"Average fuel consumption";"5.3467234317417835";"L/100km";
"42975.3027846";"Average fuel consumption (Today)";"7.4605494271688295";"L/100km";
"42975.3027846";"Average fuel consumption (total)";"6.393386621220633";"L/100km";
"42975.3027846";"Average fuel consumption (Week)";"6.479011419321548";"L/100km";
"42975.3027846";"Average fuel consumption 10 sec";"5.621897418518473";"L/100km";
"42975.3027846";"Calculated instant fuel rate";"2.782384153413828";"L/h";
"42975.3027846";"Fuel used";"0.03442817636090477";"L";
"42975.3027846";"Fuel used (Today)";"0.048039";"L";
"42975.3027846";"Fuel used (total)";"2.6899679999999995";"L";
"42975.3027846";"Fuel used (Week)";"2.1386319999999994";"L";
"42975.3027846";"Fuel used price";"0.05680649099549286";"€";
"42975.3027846";"Fuel used price (Today)";"0.07926434999999998";"€";
"42975.3027846";"Fuel used price (total)";"4.438447200000001";"€";
"42975.3027846";"Fuel used price (Week)";"3.5287427999999994";"€";
"42975.3027846";"Instant engine power (based on fuel consumption)";"10.885237447517312";"hp";
"42975.3027846";"MAF air flow rate";"8.26";"g/sec";
"42975.3027846";"Power from MAF";"9.911999999999999";"hp";
"42975.3454595";"Average speed";"30.679610736520573";"km/h";
"42975.3454595";"Calculated instant fuel consumption";"12.647200697335583";"L/100km";
"42975.3454595";"Distance travelled";"0.6452529994722221";"km";
"42975.3454595";"Distance travelled (Today)";"0.645248";"km";
"42975.3454595";"Distance travelled (total)";"42.07556800000001";"km";
"42975.3454595";"Distance travelled (Week)";"33.009957";"km";
"42975.3454595";"Vehicle acceleration";"-0.031077666775795737";"g";
"42975.3454595";"Vehicle speed";"22";"km/h";
"42975.3967368";"Fuel/Air commanded equivalence ratio";"14.640051240000002";"";
"42975.4936231";"Fuel economizer (based on fuel system status and throttle position)";"1";"";
"42975.4936231";"Throttle position";"28.627450980392158";"%";
"42975.5344816";"Average fuel consumption";"5.381470476744984";"L/100km";
"42975.5344816";"Average fuel consumption (Today)";"7.490918220591152";"L/100km";
"42975.5344816";"Average fuel consumption (total)";"6.3938863522888125";"L/100km";
"42975.5344816";"Average fuel consumption (Week)";"6.479644914411732";"L/100km";
"42975.5344816";"Average fuel consumption 10 sec";"5.6066446490910575";"L/100km";
"42975.5344816";"Calculated instant fuel rate";"4.59800771114997";"L/h";
"42975.5344816";"Fuel used";"0.034724099666909106";"L";
"42975.5344816";"Fuel used (Today)";"0.048335";"L";
"42975.5344816";"Fuel used (total)";"2.6902639999999995";"L";
"42975.5344816";"Fuel used (Week)";"2.1389279999999995";"L";
"42975.5344816";"Fuel used price";"0.05729476445040002";"€";
"42975.5344816";"Fuel used price (Today)";"0.07975275";"€";
"42975.5344816";"Fuel used price (total)";"4.438935600000001";"€";
"42975.5344816";"Fuel used price (Week)";"3.5292311999999995";"€";
"42975.5344816";"Instant engine power (based on fuel consumption)";"17.988316120897252";"hp";
"42975.5344816";"MAF air flow rate";"13.65";"g/sec";
"42975.5344816";"Power from MAF";"16.38";"hp";
"42975.5818224";"Average speed";"30.652600693428436";"km/h";
"42975.5818224";"Calculated instant fuel consumption";"20.900035050681684";"L/100km";
"42975.5818224";"Distance travelled";"0.6466973795277777";"km";
"42975.5818224";"Distance travelled (Today)";"0.646692";"km";
"42975.5818224";"Distance travelled (total)";"42.07701200000001";"km";
"42975.5818224";"Distance travelled (Week)";"33.011401";"km";
"42975.5818224";"Vehicle acceleration";"-0.030797768983652826";"g";
"42975.5818224";"Vehicle speed";"22";"km/h";
"42975.6251595";"Fuel/Air commanded equivalence ratio";"14.640051240000002";"";
"42975.7168634";"Fuel economizer (based on fuel system status and throttle position)";"1";"";
"42975.7168634";"Throttle position";"26.274509803921568";"%";
"42975.7656854";"Average fuel consumption";"5.404207498995708";"L/100km";
"42975.7656854";"Average fuel consumption (Today)";"7.508984184124745";"L/100km";
"42975.7656854";"Average fuel consumption (total)";"6.394201660517146";"L/100km";
"42975.7656854";"Average fuel consumption (Week)";"6.480043061486544";"L/100km";
"42975.7656854";"Average fuel consumption 10 sec";"5.592487864829325";"L/100km";
"42975.7656854";"Calculated instant fuel rate";"3.499875466582285";"L/h";
"42975.7656854";"Fuel used";"0.0349488682802489";"L";
"42975.7656854";"Fuel used (Today)";"0.04856";"L";
"42975.7656854";"Fuel used (total)";"2.6904889999999995";"L";
"42975.7656854";"Fuel used (Week)";"2.1391529999999994";"L";
"42975.7656854";"Fuel used price";"0.05766563266241068";"€";
"42975.7656854";"Fuel used price (Today)";"0.08012399999999999";"€";
"42975.7656854";"Fuel used price (total)";"4.43930685";"€";
"42975.7656854";"Fuel used price (Week)";"3.5296024499999996";"€";
"42975.7656854";"Instant engine power (based on fuel consumption)";"13.692205457591388";"hp";
"42975.7656854";"MAF air flow rate";"10.39";"g/sec";
"42975.7656854";"Power from MAF";"12.468";"hp";
"42975.8146661";"Average speed";"30.626153764095797";"km/h";
"42975.8146661";"Calculated instant fuel consumption";"15.908524848101298";"L/100km";
"42975.8146661";"Distance travelled";"0.6481204110277777";"km";
"42975.8146661";"Distance travelled (Today)";"0.648115";"km";
"42975.8146661";"Distance travelled (total)";"42.078435000000006";"km";
"42975.8146661";"Distance travelled (Week)";"33.012823999999995";"km";
"42975.8146661";"Vehicle acceleration";"-0.030243150380217364";"g";
"42975.8146661";"Vehicle speed";"22";"km/h";
"42975.8581517";"Fuel/Air commanded equivalence ratio";"14.640051240000002";"";
"42975.9421953";"Fuel economizer (based on fuel system status and throttle position)";"1";"";
"42975.9421953";"Throttle position";"27.45098039215686";"%";
"42975.9783866";"Average fuel consumption";"5.428851955810069";"L/100km";
"42975.9783866";"Average fuel consumption (Today)";"7.529065057898675";"L/100km";
"42975.9783866";"Average fuel consumption (total)";"6.3945486565743215";"L/100km";
"42975.9783866";"Average fuel consumption (Week)";"6.48048164555689";"L/100km";
"42975.9783866";"Average fuel consumption 10 sec";"5.579522565484119";"L/100km";
"42975.9783866";"Calculated instant fuel rate";"4.005151039236128";"L/h";
"42975.9783866";"Fuel used";"0.03518549761008577";"L";
"42975.9783866";"Fuel used (Today)";"0.048797";"L";
"42975.9783866";"Fuel used (total)";"2.6907259999999997";"L";
"42975.9783866";"Fuel used (Week)";"2.1393899999999997";"L";
"42975.9783866";"Fuel used price";"0.05805607105664152";"€";
"42975.9783866";"Fuel used price (Today)";"0.08051504999999999";"€";
"42975.9783866";"Fuel used price (total)";"4.4396979000000005";"€";
"42975.9783866";"Fuel used price (Week)";"3.5299934999999993";"€";
"42975.9783866";"Instant engine power (based on fuel consumption)";"15.668943492854824";"hp";
"42975.9783866";"MAF air flow rate";"11.89";"g/sec";
"42975.9783866";"Power from MAF";"14.268";"hp";
"42976.0182942";"Average speed";"30.60316187759442";"km/h";
"42976.0182942";"Calculated instant fuel consumption";"18.205231996527857";"L/100km";
"42976.0182942";"Distance travelled";"0.6493646460833333";"km";
"42976.0182942";"Distance travelled (Today)";"0.649359";"km";
"42976.0182942";"Distance travelled (total)";"42.079679000000006";"km";
"42976.0182942";"Distance travelled (Week)";"33.014067999999995";"km";
"42976.0182942";"Vehicle acceleration";"0";"g";
"42976.0182942";"Vehicle speed";"22";"km/h";
"42976.0564543";"Fuel/Air commanded equivalence ratio";"14.640051240000002";"";
"42976.1341222";"Fuel economizer (based on fuel system status and throttle position)";"1";"";
"42976.1341222";"Throttle position";"27.84313725490196";"%";
"42976.2004684";"Average fuel consumption";"5.458391168959151";"L/100km";
"42976.2004684";"Average fuel consumption (Today)";"7.554526848784725";"L/100km";
"42976.2004684";"Average fuel consumption (total)";"6.394975113759777";"L/100km";
"42976.2004684";"Average fuel consumption (Week)";"6.481021969179926";"L/100km";
"42976.2004684";"Average fuel consumption 10 sec";"5.567787775583119";"L/100km";
"42976.2004684";"Calculated instant fuel rate";"4.203892764479972";"L/h";
"42976.2004684";"Fuel used";"0.03544486249615551";"L";
"42976.2004684";"Fuel used (Today)";"0.049056";"L";
"42976.2004684";"Fuel used (total)";"2.6909849999999995";"L";
"42976.2004684";"Fuel used (Week)";"2.1396489999999995";"L";
"42976.2004684";"Fuel used price";"0.058484023118656595";"€";
"42976.2004684";"Fuel used price (Today)";"0.0809424";"€";
"42976.2004684";"Fuel used price (total)";"4.44012525";"€";
"42976.2004684";"Fuel used price (Week)";"3.5304208499999996";"€";
"42976.2004684";"Instant engine power (based on fuel consumption)";"16.446460453391772";"hp";
"42976.2004684";"MAF air flow rate";"12.48";"g/sec";
"42976.2004684";"Power from MAF";"14.975999999999999";"hp";
"42976.2492679";"Average speed";"30.58325500674152";"km/h";
"42976.2492679";"Calculated instant fuel consumption";"17.516219851999885";"L/100km";
"42976.2492679";"Distance travelled";"0.6509045580833334";"km";
"42976.2492679";"Distance travelled (Today)";"0.650899";"km";
"42976.2492679";"Distance travelled (total)";"42.08121900000001";"km";
"42976.2492679";"Distance travelled (Week)";"33.015608";"km";
"42976.2492679";"Vehicle acceleration";"0.06268021045278625";"g";
"42976.2492679";"Vehicle speed";"24";"km/h";
"42976.2904519";"Fuel/Air commanded equivalence ratio";"14.640051240000002";"";
"42976.3695181";"Fuel economizer (based on fuel system status and throttle position)";"1";"";
"42976.3695181";"Throttle position";"28.235294117647058";"%";
"42976.4066425";"Average fuel consumption";"5.483620290459036";"L/100km";
"42976.4066425";"Average fuel consumption (Today)";"7.574754301358582";"L/100km";
"42976.4066425";"Average fuel consumption (total)";"6.395330420442428";"L/100km";
"42976.4066425";"Average fuel consumption (Week)";"6.481470824344654";"L/100km";
"42976.4066425";"Average fuel consumption 10 sec";"5.557224189544573";"L/100km";
"42976.4066425";"Calculated instant fuel rate";"4.3352644133699725";"L/h";
"42976.4066425";"Fuel used";"0.03569313441858039";"L";
"42976.4066425";"Fuel used (Today)";"0.049304";"L";
"42976.4066425";"Fuel used (total)";"2.6912329999999995";"L";
"42976.4066425";"Fuel used (Week)";"2.1398969999999995";"L";
"42976.4066425";"Fuel used price";"0.05889367179065764";"€";
"42976.4066425";"Fuel used price (Today)";"0.0813516";"€";
"42976.4066425";"Fuel used price (total)";"4.44053445";"€";
"42976.4066425";"Fuel used price (Week)";"3.5308300499999996";"€";
"42976.4066425";"Instant engine power (based on fuel consumption)";"16.960412342560268";"hp";
"42976.4066425";"MAF air flow rate";"12.870000000000001";"g/sec";
"42976.4066425";"Power from MAF";"15.444";"hp";
"42976.4347651";"Average speed";"30.567356665416675";"km/h";
"42976.4347651";"Calculated instant fuel consumption";"18.063601722374887";"L/100km";
"42976.4347651";"Distance travelled";"0.6521410920833334";"km";
"42976.4347651";"Distance travelled (Today)";"0.652136";"km";
"42976.4347651";"Distance travelled (total)";"42.08245600000001";"km";
"42976.4347651";"Distance travelled (Week)";"33.016844999999996";"km";
"42976.4347651";"Vehicle acceleration";"0.06641817876042086";"g";
"42976.4347651";"Vehicle speed";"24";"km/h";
"42976.4777155";"Fuel/Air commanded equivalence ratio";"14.640051240000002";"";
"42976.5617371";"Fuel economizer (based on fuel system status and throttle position)";"1";"";
"42976.5617371";"Throttle position";"27.45098039215686";"%";
"42976.6026812";"Average fuel consumption";"5.509278634307765";"L/100km";
"42976.6026812";"Average fuel consumption (Today)";"7.596421605309321";"L/100km";
"42976.6026812";"Average fuel consumption (total)";"6.395700859284446";"L/100km";
"42976.6026812";"Average fuel consumption (Week)";"6.481939749240122";"L/100km";
"42976.6026812";"Average fuel consumption 10 sec";"5.547802981527162";"L/100km";
"42976.6026812";"Calculated instant fuel rate";"4.31842189428151";"L/h";
"42976.6026812";"Fuel used";"0.03592826985168841";"L";
"42976.6026812";"Fuel used (Today)";"0.049539";"L";
"42976.6026812";"Fuel used (total)";"2.6914679999999995";"L";
"42976.6026812";"Fuel used (Week)";"2.1401319999999995";"L";
"42976.6026812";"Fuel used price";"0.05928164525528588";"€";
"42976.6026812";"Fuel used price (Today)";"0.08173934999999999";"€";
"42976.6026812";"Fuel used price (total)";"4.4409222";"€";
"42976.6026812";"Fuel used price (Week)";"3.5312177999999994";"€";
"42976.6026812";"Instant engine power (based on fuel consumption)";"16.89452107471815";"hp";
"42976.6026812";"MAF air flow rate";"12.82";"g/sec";
"42976.6026812";"Power from MAF";"15.384";"hp";
"42976.6547485";"Average speed";"30.54859951051307";"km/h";
"42976.6547485";"Calculated instant fuel consumption";"17.993424559506295";"L/100km";
"42976.6547485";"Distance travelled";"0.6536076980833334";"km";
"42976.6547485";"Distance travelled (Today)";"0.653603";"km";
"42976.6547485";"Distance travelled (total)";"42.083923000000006";"km";
"42976.6547485";"Distance travelled (Week)";"33.018311999999995";"km";
"42976.6547485";"Vehicle acceleration";"0.06743493343152532";"g";
"42976.6547485";"Vehicle speed";"24";"km/h";
"42976.6976931";"Fuel/Air commanded equivalence ratio";"14.640051240000002";"";
"42976.7895012";"Fuel economizer (based on fuel system status and throttle position)";"1";"";
"42976.7895012";"Throttle position";"20.784313725490197";"%";
"42976.831228";"Average fuel consumption";"5.509317957412581";"L/100km";
"42976.831228";"Average fuel consumption (Today)";"7.591764419685957";"L/100km";
"42976.831228";"Average fuel consumption (total)";"6.3956703846264515";"L/100km";
"42976.831228";"Average fuel consumption (Week)";"6.481897075780252";"L/100km";
"42976.831228";"Average fuel consumption 10 sec";"5.538968254586293";"L/100km";
"42976.831228";"Calculated instant fuel rate";"1.2766629469053763";"L/h";
"42976.831228";"Fuel used";"0.03600932628153609";"L";
"42976.831228";"Fuel used (Today)";"0.049620000000000004";"L";
"42976.831228";"Fuel used (total)";"2.6915489999999997";"L";
"42976.831228";"Fuel used (Week)";"2.1402129999999997";"L";
"42976.831228";"Fuel used price";"0.05941538836453454";"€";
"42976.831228";"Fuel used price (Today)";"0.081873";"€";
"42976.831228";"Fuel used price (total)";"4.441055850000001";"€";
"42976.831228";"Fuel used price (Week)";"3.5313514499999994";"€";
"42976.831228";"Instant engine power (based on fuel consumption)";"4.9945581024322765";"hp";
"42976.831228";"MAF air flow rate";"3.79";"g/sec";
"42976.831228";"Power from MAF";"4.548";"hp";
"42976.8738454";"Average speed";"30.530025482184982";"km/h";
"42976.8738454";"Calculated instant fuel consumption";"5.319428945439069";"L/100km";
"42976.8738454";"Distance travelled";"0.6550682880833334";"km";
"42976.8738454";"Distance travelled (Today)";"0.655064";"km";
"42976.8738454";"Distance travelled (total)";"42.08538400000001";"km";
"42976.8738454";"Distance travelled (Week)";"33.019773";"km";
"42976.8738454";"Vehicle acceleration";"0.06621566786351213";"g";
"42976.8738454";"Vehicle speed";"24";"km/h";
"42976.914278";"Fuel/Air commanded equivalence ratio";"14.640051240000002";"";
"42977.0029205";"Fuel economizer (based on fuel system status and throttle position)";"1";"";
"42977.0029205";"Throttle position";"20";"%";
"42977.0426716";"Average fuel consumption";"5.506727788504668";"L/100km";
"42977.0426716";"Average fuel consumption (Today)";"7.584602420526849";"L/100km";
"42977.0426716";"Average fuel consumption (total)";"6.3956004298309335";"L/100km";
"42977.0426716";"Average fuel consumption (Week)";"6.481804099622368";"L/100km";
"42977.0426716";"Average fuel consumption 10 sec";"5.530641820531669";"L/100km";
"42977.0426716";"Calculated instant fuel rate";"1.0812897254792238";"L/h";
"42977.0426716";"Fuel used";"0.036072827453566735";"L";
"42977.0426716";"Fuel used (Today)";"0.049684";"L";
"42977.0426716";"Fuel used (total)";"2.691613";"L";
"42977.0426716";"Fuel used (Week)";"2.1402769999999998";"L";
"42977.0426716";"Fuel used price";"0.05952016529838511";"€";
"42977.0426716";"Fuel used price (Today)";"0.08197859999999998";"€";
"42977.0426716";"Fuel used price (total)";"4.44116145";"€";
"42977.0426716";"Fuel used price (Week)";"3.5314570499999993";"€";
"42977.0426716";"Instant engine power (based on fuel consumption)";"4.23021939546375";"hp";
"42977.0426716";"MAF air flow rate";"3.21";"g/sec";
"42977.0426716";"Power from MAF";"3.852";"hp";
"42977.0806869";"Average speed";"30.520598380623788";"km/h";
"42977.0806869";"Calculated instant fuel consumption";"4.0047767610341625";"L/100km";
"42977.0806869";"Distance travelled";"0.6566195490833334";"km";
"42977.0806869";"Distance travelled (Today)";"0.656615";"km";
"42977.0806869";"Distance travelled (total)";"42.08693500000001";"km";
"42977.0806869";"Distance travelled (Week)";"33.021324";"km";
"42977.0806869";"Vehicle acceleration";"0.102206409862529";"g";
"42977.0806869";"Vehicle speed";"27";"km/h";
"42977.1298895";"Fuel/Air commanded equivalence ratio";"14.640051240000002";"";
"42977.2132078";"Fuel economizer (based on fuel system status and throttle position)";"1";"";
"42977.2132078";"Throttle position";"20";"%";
"42977.2619651";"Average fuel consumption";"5.50303049754563";"L/100km";
"42977.2619651";"Average fuel consumption (Today)";"7.575976790052011";"L/100km";
"42977.2619651";"Average fuel consumption (total)";"6.39550967538976";"L/100km";
"42977.2619651";"Average fuel consumption (Week)";"6.481684380674742";"L/100km";
"42977.2619651";"Average fuel consumption 10 sec";"5.522794517550017";"L/100km";
"42977.2619651";"Calculated instant fuel rate";"1.003814137672301";"L/h";
"42977.2619651";"Fuel used";"0.036133974038902436";"L";
"42977.2619651";"Fuel used (Today)";"0.049745000000000004";"L";
"42977.2619651";"Fuel used (total)";"2.691674";"L";
"42977.2619651";"Fuel used (Week)";"2.140338";"L";
"42977.2619651";"Fuel used price";"0.059621057164189015";"€";
"42977.2619651";"Fuel used price (Today)";"0.08207925";"€";
"42977.2619651";"Fuel used price (total)";"4.4412621";"€";
"42977.2619651";"Fuel used price (Week)";"3.5315576999999996";"€";
"42977.2619651";"Instant engine power (based on fuel consumption)";"3.927119563390022";"hp";
"42977.2619651";"MAF air flow rate";"2.98";"g/sec";
"42977.2619651";"Power from MAF";"3.576";"hp";
"42977.3149404";"Average speed";"30.509981725720056";"km/h";
"42977.3149404";"Calculated instant fuel consumption";"3.7178301395270412";"L/100km";
"42977.3149404";"Distance travelled";"0.6583765313333334";"km";
"42977.3149404";"Distance travelled (Today)";"0.658372";"km";
"42977.3149404";"Distance travelled (total)";"42.08869200000001";"km";
"42977.3149404";"Distance travelled (Week)";"33.023081";"km";
"42977.3149404";"Vehicle acceleration";"0.09654480315625082";"g";
"42977.3149404";"Vehicle speed";"27";"km/h";
"42977.3625833";"Fuel/Air commanded equivalence ratio";"14.640051240000002";"";
"42977.4407615";"Fuel economizer (based on fuel system status and throttle position)";"1";"";
"42977.4407615";"Throttle position";"20";"%";
"42977.5010785";"Average fuel consumption";"5.498777748244992";"L/100km";
"42977.5010785";"Average fuel consumption (Today)";"7.566239147472859";"L/100km";
"42977.5010785";"Average fuel consumption (total)";"6.395406633211597";"L/100km";
"42977.5010785";"Average fuel consumption (Week)";"6.48154846605621";"L/100km";
"42977.5010785";"Average fuel consumption 10 sec";"5.515406226317146";"L/100km";
"42977.5010785";"Calculated instant fuel rate";"1.0341306720315318";"L/h";
"42977.5010785";"Fuel used";"0.03620266220462456";"L";
"42977.5010785";"Fuel used (Today)";"0.049814000000000004";"L";
"42977.5010785";"Fuel used (total)";"2.6917429999999998";"L";
"42977.5010785";"Fuel used (Week)";"2.1404069999999997";"L";
"42977.5010785";"Fuel used price";"0.059734392637630515";"€";
"42977.5010785";"Fuel used price (Today)";"0.0821931";"€";
"42977.5010785";"Fuel used price (total)";"4.44137595";"€";
"42977.5010785";"Fuel used price (Week)";"3.5316715499999995";"€";
"42977.5010785";"Instant engine power (based on fuel consumption)";"4.045723845505829";"hp";
"42977.5010785";"MAF air flow rate";"3.0700000000000003";"g/sec";
"42977.5010785";"Power from MAF";"3.684";"hp";
"42977.548008";"Average speed";"30.499483530950997";"km/h";
"42977.548008";"Calculated instant fuel consumption";"3.830113600116784";"L/100km";
"42977.548008";"Distance travelled";"0.6601243920833334";"km";
"42977.548008";"Distance travelled (Today)";"0.66012";"km";
"42977.548008";"Distance travelled (total)";"42.09044000000001";"km";
"42977.548008";"Distance travelled (Week)";"33.024829";"km";
"42977.548008";"Vehicle acceleration";"0.0951306435380693";"g";
"42977.548008";"Vehicle speed";"27";"km/h";
"42977.5984777";"Fuel/Air commanded equivalence ratio";"15.4317312";"";
"42977.6825337";"Fuel economizer (based on fuel system status and throttle position)";"2";"";
"42977.6825337";"Throttle position";"20";"%";
"42977.7247905";"Average fuel consumption";"5.493182828547061";"L/100km";
"42977.7247905";"Average fuel consumption (Today)";"7.555141489426165";"L/100km";
"42977.7247905";"Average fuel consumption (total)";"6.395281208749538";"L/100km";
"42977.7247905";"Average fuel consumption (Week)";"6.48138405198101";"L/100km";
"42977.7247905";"Average fuel consumption 10 sec";"5.508488436194005";"L/100km";
"42977.7247905";"Calculated instant fuel rate";"0.9523163811302586";"L/h";
"42977.7247905";"Fuel used";"0.03626183975297235";"L";
"42977.7247905";"Fuel used (Today)";"0.049873";"L";
"42977.7247905";"Fuel used (total)";"2.6918019999999996";"L";
"42977.7247905";"Fuel used (Week)";"2.1404659999999995";"L";
"42977.7247905";"Fuel used price";"0.059832035592404374";"€";
"42977.7247905";"Fuel used price (Today)";"0.08229044999999999";"€";
"42977.7247905";"Fuel used price (total)";"4.4414733";"€";
"42977.7247905";"Fuel used price (Week)";"3.5317688999999994";"€";
"42977.7247905";"Instant engine power (based on fuel consumption)";"3.7256501482890236";"hp";
"42977.7247905";"MAF air flow rate";"2.98";"g/sec";
"42977.7247905";"Power from MAF";"3.576";"hp";
"42977.7699773";"Average speed";"30.489542141549208";"km/h";
"42977.7699773";"Calculated instant fuel consumption";"3.5270977078898467";"L/100km";
"42977.7699773";"Distance travelled";"0.6617892443333334";"km";
"42977.7699773";"Distance travelled (Today)";"0.661785";"km";
"42977.7699773";"Distance travelled (total)";"42.09210500000001";"km";
"42977.7699773";"Distance travelled (Week)";"33.026494";"km";
"42977.7699773";"Vehicle acceleration";"0.09482572885092796";"g";
"42977.7699773";"Vehicle speed";"27";"km/h";
"42977.818064";"Fuel/Air commanded equivalence ratio";"15.5746176";"";
"42977.9135842";"Fuel economizer (based on fuel system status and throttle position)";"2";"";
"42977.9135842";"Throttle position";"20";"%";
"42977.9535271";"Average fuel consumption";"5.488275265893906";"L/100km";
"42977.9535271";"Average fuel consumption (Today)";"7.545048618509034";"L/100km";
"42977.9535271";"Average fuel consumption (total)";"6.395168405096394";"L/100km";
"42977.9535271";"Average fuel consumption (Week)";"6.481235943482223";"L/100km";
"42977.9535271";"Average fuel consumption 10 sec";"5.5019849638081775";"L/100km";
"42977.9535271";"Calculated instant fuel rate";"0.9277476622278772";"L/h";
"42977.9535271";"Fuel used";"0.03632081540909252";"L";
"42977.9535271";"Fuel used (Today)";"0.049932000000000004";"L";
"42977.9535271";"Fuel used (total)";"2.691861";"L";
"42977.9535271";"Fuel used (Week)";"2.140525";"L";
"42977.9535271";"Fuel used price";"0.05992934542500266";"€";
"42977.9535271";"Fuel used price (Today)";"0.0823878";"€";
"42977.9535271";"Fuel used price (total)";"4.44157065";"€";
"42977.9535271";"Fuel used price (Week)";"3.5318662499999993";"€";
"42977.9535271";"Instant engine power (based on fuel consumption)";"3.6295324577445327";"hp";
"42977.9535271";"MAF air flow rate";"2.93";"g/sec";
"42977.9535271";"Power from MAF";"3.516";"hp";
"42977.9936297";"Average speed";"30.47958248976542";"km/h";
"42977.9936297";"Calculated instant fuel consumption";"3.4361024526958412";"L/100km";
"42977.9936297";"Distance travelled";"0.6634666943333334";"km";
"42977.9936297";"Distance travelled (Today)";"0.663462";"km";
"42977.9936297";"Distance travelled (total)";"42.09378200000001";"km";
"42977.9936297";"Distance travelled (Week)";"33.028171";"km";
"42977.9936297";"Vehicle acceleration";"0";"g";
"42977.9936297";"Vehicle speed";"27";"km/h";
"42978.0422584";"Fuel/Air commanded equivalence ratio";"15.63177216";"";
"42978.1333338";"Fuel economizer (based on fuel system status and throttle position)";"0";"";
"42978.1333338";"Throttle position";"19.607843137254903";"%";
"42978.1828721";"Average fuel consumption";"5.474399200337933";"L/100km";
"42978.1828721";"Average fuel consumption (Today)";"7.5259773732331325";"L/100km";
"42978.1828721";"Average fuel consumption (total)";"6.394913624059723";"L/100km";
"42978.1828721";"Average fuel consumption (Week)";"6.480906859783425";"L/100km";
"42978.1828721";"Average fuel consumption 10 sec";"5.495755090551593";"L/100km";
"42978.1828721";"Calculated instant fuel rate";"0";"L/h";
"42978.1828721";"Fuel used";"0.03632081540909252";"L";
"42978.1828721";"Fuel used (Today)";"0.049932000000000004";"L";
"42978.1828721";"Fuel used (total)";"2.691861";"L";
"42978.1828721";"Fuel used (Week)";"2.140525";"L";
"42978.1828721";"Fuel used price";"0.05992934542500266";"€";
"42978.1828721";"Fuel used price (Today)";"0.0823878";"€";
"42978.1828721";"Fuel used price (total)";"4.44157065";"€";
"42978.1828721";"Fuel used price (Week)";"3.5318662499999993";"€";
"42978.1828721";"Instant engine power (based on fuel consumption)";"0";"hp";
"42978.1828721";"MAF air flow rate";"2.84";"g/sec";
"42978.1828721";"Power from MAF";"3.408";"hp";
"42978.2377771";"Average speed";"30.4687752505955";"km/h";
"42978.2377771";"Calculated instant fuel consumption";"0";"L/100km";
"42978.2377771";"Distance travelled";"0.6652977960833334";"km";
"42978.2377771";"Distance travelled (Today)";"0.665293";"km";
"42978.2377771";"Distance travelled (total)";"42.09561300000001";"km";
"42978.2377771";"Distance travelled (Week)";"33.030001999999996";"km";
"42978.2377771";"Vehicle acceleration";"0";"g";
"42978.2377771";"Vehicle speed";"27";"km/h";
"42978.2797815";"Fuel/Air commanded equivalence ratio";"15.746081280000002";"";
"42978.3690768";"Fuel economizer (based on fuel system status and throttle position)";"0";"";
"42978.3690768";"Throttle position";"19.607843137254903";"%";
"42978.4189814";"Average fuel consumption";"5.459331989812135";"L/100km";
"42978.4189814";"Average fuel consumption (Today)";"7.505264597703569";"L/100km";
"42978.4189814";"Average fuel consumption (total)";"6.3946354694965475";"L/100km";
"42978.4189814";"Average fuel consumption (Week)";"6.4805475942750475";"L/100km";
"42978.4189814";"Average fuel consumption 10 sec";"5.489811342984276";"L/100km";
"42978.4189814";"Calculated instant fuel rate";"0";"L/h";
"42978.4189814";"Fuel used";"0.03632081540909252";"L";
"42978.4189814";"Fuel used (Today)";"0.049932000000000004";"L";
"42978.4189814";"Fuel used (total)";"2.691861";"L";
"42978.4189814";"Fuel used (Week)";"2.140525";"L";
"42978.4189814";"Fuel used price";"0.05992934542500266";"€";
"42978.4189814";"Fuel used price (Today)";"0.0823878";"€";
"42978.4189814";"Fuel used price (total)";"4.44157065";"€";
"42978.4189814";"Fuel used price (Week)";"3.5318662499999993";"€";
"42978.4189814";"Instant engine power (based on fuel consumption)";"0";"hp";
"42978.4189814";"MAF air flow rate";"2.75";"g/sec";
"42978.4189814";"Power from MAF";"3.3";"hp";
"42978.4623301";"Average speed";"30.45889414147606";"km/h";
"42978.4623301";"Calculated instant fuel consumption";"0";"L/100km";
"42978.4623301";"Distance travelled";"0.6669819945833334";"km";
"42978.4623301";"Distance travelled (Today)";"0.666977";"km";
"42978.4623301";"Distance travelled (total)";"42.09729700000001";"km";
"42978.4623301";"Distance travelled (Week)";"33.031686";"km";
"42978.4623301";"Vehicle acceleration";"0";"g";
"42978.4623301";"Vehicle speed";"27";"km/h";
"42978.5010894";"Fuel/Air commanded equivalence ratio";"16.603399680000003";"";
"42978.6035741";"Fuel economizer (based on fuel system status and throttle position)";"0";"";
"42978.6035741";"Throttle position";"18.823529411764707";"%";
"42978.6418145";"Average fuel consumption";"5.445546612061439";"L/100km";
"42978.6418145";"Average fuel consumption (Today)";"7.486315120311495";"L/100km";
"42978.6418145";"Average fuel consumption (total)";"6.394379667654195";"L/100km";
"42978.6418145";"Average fuel consumption (Week)";"6.480217207199171";"L/100km";
"42978.6418145";"Average fuel consumption 10 sec";"5.484103064211596";"L/100km";
"42978.6418145";"Calculated instant fuel rate";"0";"L/h";
"42978.6418145";"Fuel used";"0.03632081540909252";"L";
"42978.6418145";"Fuel used (Today)";"0.049932000000000004";"L";
"42978.6418145";"Fuel used (total)";"2.691861";"L";
"42978.6418145";"Fuel used (Week)";"2.140525";"L";
"42978.6418145";"Fuel used price";"0.05992934542500266";"€";
"42978.6418145";"Fuel used price (Today)";"0.0823878";"€";
"42978.6418145";"Fuel used price (total)";"4.44157065";"€";
"42978.6418145";"Fuel used price (Week)";"3.5318662499999993";"€";
"42978.6418145";"Instant engine power (based on fuel consumption)";"0";"hp";
"42978.6418145";"MAF air flow rate";"1.9000000000000001";"g/sec";
"42978.6418145";"Power from MAF";"2.2800000000000002";"hp";
"42978.6812677";"Average speed";"30.449314669655386";"km/h";
"42978.6812677";"Calculated instant fuel consumption";"0";"L/100km";
"42978.6812677";"Distance travelled";"0.6686239920833335";"km";
"42978.6812677";"Distance travelled (Today)";"0.668619";"km";
"42978.6812677";"Distance travelled (total)";"42.09893900000001";"km";
"42978.6812677";"Distance travelled (Week)";"33.033328";"km";
"42978.6812677";"Vehicle acceleration";"0";"g";
"42978.6812677";"Vehicle speed";"27";"km/h";
"42978.7296175";"Fuel/Air commanded equivalence ratio";"17.60360448";"";
"42978.8178213";"Fuel economizer (based on fuel system status and throttle position)";"0";"";
"42978.8178213";"Throttle position";"18.431372549019606";"%";
"42978.8707402";"Average fuel consumption";"5.432173514432564";"L/100km";
"42978.8707402";"Average fuel consumption (Today)";"7.467930166507385";"L/100km";
"42978.8707402";"Average fuel consumption (total)";"6.394130265373195";"L/100km";
"42978.8707402";"Average fuel consumption (Week)";"6.479895092616766";"L/100km";
"42978.8707402";"Average fuel consumption 10 sec";"5.478598295630467";"L/100km";
"42978.8707402";"Calculated instant fuel rate";"0";"L/h";
"42978.8707402";"Fuel used";"0.03632081540909252";"L";
"42978.8707402";"Fuel used (Today)";"0.049932000000000004";"L";
"42978.8707402";"Fuel used (total)";"2.691861";"L";
"42978.8707402";"Fuel used (Week)";"2.140525";"L";
"42978.8707402";"Fuel used price";"0.05992934542500266";"€";
"42978.8707402";"Fuel used price (Today)";"0.0823878";"€";
"42978.8707402";"Fuel used price (total)";"4.44157065";"€";
"42978.8707402";"Fuel used price (Week)";"3.5318662499999993";"€";
"42978.8707402";"Instant engine power (based on fuel consumption)";"0";"hp";
"42978.8707402";"MAF air flow rate";"1.85";"g/sec";
"42978.8707402";"Power from MAF";"2.22";"hp";
"42978.9135471";"Average speed";"30.4362793156461";"km/h";
"42978.9135471";"Calculated instant fuel consumption";"0";"L/100km";
"42978.9135471";"Distance travelled";"0.6703015662500001";"km";
"42978.9135471";"Distance travelled (Today)";"0.670297";"km";
"42978.9135471";"Distance travelled (total)";"42.10061700000001";"km";
"42978.9135471";"Distance travelled (Week)";"33.035005999999996";"km";
"42978.9135471";"Vehicle acceleration";"-0.030791297523558105";"g";
"42978.9135471";"Vehicle speed";"26";"km/h";
"42978.957877";"Fuel/Air commanded equivalence ratio";"17.689336320000002";"";
"42979.0569664";"Fuel economizer (based on fuel system status and throttle position)";"0";"";
"42979.0569664";"Throttle position";"18.431372549019606";"%";
"42979.096998";"Average fuel consumption";"5.41857832919729";"L/100km";
"42979.096998";"Average fuel consumption (Today)";"7.449235189774086";"L/100km";
"42979.096998";"Average fuel consumption (total)";"6.393875415175031";"L/100km";
"42979.096998";"Average fuel consumption (Week)";"6.479565948920972";"L/100km";
"42979.096998";"Average fuel consumption 10 sec";"5.473272696162332";"L/100km";
"42979.096998";"Calculated instant fuel rate";"0";"L/h";
"42979.096998";"Fuel used";"0.03632081540909252";"L";
"42979.096998";"Fuel used (Today)";"0.049932000000000004";"L";
"42979.096998";"Fuel used (total)";"2.691861";"L";
"42979.096998";"Fuel used (Week)";"2.140525";"L";
"42979.096998";"Fuel used price";"0.05992934542500266";"€";
"42979.096998";"Fuel used price (Today)";"0.0823878";"€";
"42979.096998";"Fuel used price (total)";"4.44157065";"€";
"42979.096998";"Fuel used price (Week)";"3.5318662499999993";"€";
"42979.096998";"Instant engine power (based on fuel consumption)";"0";"hp";
"42979.096998";"MAF air flow rate";"1.84";"g/sec";
"42979.096998";"Power from MAF";"2.208";"hp";
"42979.1390845";"Average speed";"30.423695932017147";"km/h";
"42979.1390845";"Calculated instant fuel consumption";"0";"L/100km";
"42979.1390845";"Distance travelled";"0.6719303528611112";"km";
"42979.1390845";"Distance travelled (Today)";"0.671926";"km";
"42979.1390845";"Distance travelled (total)";"42.10224600000001";"km";
"42979.1390845";"Distance travelled (Week)";"33.036635";"km";
"42979.1390845";"Vehicle acceleration";"-0.03142706956638546";"g";
"42979.1390845";"Vehicle speed";"26";"km/h";
"42979.1847704";"Fuel/Air commanded equivalence ratio";"17.54644992";"";
"42979.2694811";"Fuel economizer (based on fuel system status and throttle position)";"0";"";
"42979.2694811";"Throttle position";"18.431372549019606";"%";
"42979.3101804";"Average fuel consumption";"5.405443474079831";"L/100km";
"42979.3101804";"Average fuel consumption (Today)";"7.431175456821139";"L/100km";
"42979.3101804";"Average fuel consumption (total)";"6.393628026400301";"L/100km";
"42979.3101804";"Average fuel consumption (Week)";"6.479246448677355";"L/100km";
"42979.3101804";"Average fuel consumption 10 sec";"5.467875026921541";"L/100km";
"42979.3101804";"Calculated instant fuel rate";"0";"L/h";
"42979.3101804";"Fuel used";"0.03632081540909252";"L";
"42979.3101804";"Fuel used (Today)";"0.049932000000000004";"L";
"42979.3101804";"Fuel used (total)";"2.691861";"L";
"42979.3101804";"Fuel used (Week)";"2.140525";"L";
"42979.3101804";"Fuel used price";"0.05992934542500266";"€";
"42979.3101804";"Fuel used price (Today)";"0.0823878";"€";
"42979.3101804";"Fuel used price (total)";"4.44157065";"€";
"42979.3101804";"Fuel used price (Week)";"3.5318662499999993";"€";
"42979.3101804";"Instant engine power (based on fuel consumption)";"0";"hp";
"42979.3101804";"MAF air flow rate";"1.9000000000000001";"g/sec";
"42979.3101804";"Power from MAF";"2.2800000000000002";"hp";
"42979.3505694";"Average speed";"30.411961468929555";"km/h";
"42979.3505694";"Calculated instant fuel consumption";"0";"L/100km";
"42979.3505694";"Distance travelled";"0.6734576275277779";"km";
"42979.3505694";"Distance travelled (Today)";"0.673453";"km";
"42979.3505694";"Distance travelled (total)";"42.10377300000001";"km";
"42979.3505694";"Distance travelled (Week)";"33.038162";"km";
"42979.3505694";"Vehicle acceleration";"-0.03188943605681263";"g";
"42979.3505694";"Vehicle speed";"26";"km/h";
"42979.3932537";"Fuel/Air commanded equivalence ratio";"17.146368000000002";"";
"42979.4831504";"Fuel economizer (based on fuel system status and throttle position)";"0";"";
"42979.4831504";"Throttle position";"18.431372549019606";"%";
"42979.5261367";"Average fuel consumption";"5.393184949500688";"L/100km";
"42979.5261367";"Average fuel consumption (Today)";"7.414325869808288";"L/100km";
"42979.5261367";"Average fuel consumption (total)";"6.393396145281325";"L/100km";
"42979.5261367";"Average fuel consumption (Week)";"6.478946982583353";"L/100km";
"42979.5261367";"Average fuel consumption 10 sec";"5.462496496919333";"L/100km";
"42979.5261367";"Calculated instant fuel rate";"0";"L/h";
"42979.5261367";"Fuel used";"0.03632081540909252";"L";
"42979.5261367";"Fuel used (Today)";"0.049932000000000004";"L";
"42979.5261367";"Fuel used (total)";"2.691861";"L";
"42979.5261367";"Fuel used (Week)";"2.140525";"L";
"42979.5261367";"Fuel used price";"0.05992934542500266";"€";
"42979.5261367";"Fuel used price (Today)";"0.0823878";"€";
"42979.5261367";"Fuel used price (total)";"4.44157065";"€";
"42979.5261367";"Fuel used price (Week)";"3.5318662499999993";"€";
"42979.5261367";"Instant engine power (based on fuel consumption)";"0";"hp";
"42979.5261367";"MAF air flow rate";"1.87";"g/sec";
"42979.5261367";"Power from MAF";"2.244";"hp";
"42979.5695552";"Average speed";"30.39439585273645";"km/h";
"42979.5695552";"Calculated instant fuel consumption";"0";"L/100km";
"42979.5695552";"Distance travelled";"0.674917587527778";"km";
"42979.5695552";"Distance travelled (Today)";"0.674913";"km";
"42979.5695552";"Distance travelled (total)";"42.105233000000005";"km";
"42979.5695552";"Distance travelled (Week)";"33.039621999999994";"km";
"42979.5695552";"Vehicle acceleration";"-0.09566311704430606";"g";
"42979.5695552";"Vehicle speed";"24";"km/h";
"42979.6097104";"Fuel/Air commanded equivalence ratio";"16.94632704";"";
"42979.6900078";"Fuel economizer (based on fuel system status and throttle position)";"0";"";
"42979.6900078";"Throttle position";"18.431372549019606";"%";
"42979.7287621";"Average fuel consumption";"5.381518585422498";"L/100km";
"42979.7287621";"Average fuel consumption (Today)";"7.398286890310308";"L/100km";
"42979.7287621";"Average fuel consumption (total)";"6.393174454111202";"L/100km";
"42979.7287621";"Average fuel consumption (Week)";"6.478660682013857";"L/100km";
"42979.7287621";"Average fuel consumption 10 sec";"5.457197252111452";"L/100km";
"42979.7287621";"Calculated instant fuel rate";"0";"L/h";
"42979.7287621";"Fuel used";"0.03632081540909252";"L";
"42979.7287621";"Fuel used (Today)";"0.049932000000000004";"L";
"42979.7287621";"Fuel used (total)";"2.691861";"L";
"42979.7287621";"Fuel used (Week)";"2.140525";"L";
"42979.7287621";"Fuel used price";"0.05992934542500266";"€";
"42979.7287621";"Fuel used price (Today)";"0.0823878";"€";
"42979.7287621";"Fuel used price (total)";"4.44157065";"€";
"42979.7287621";"Fuel used price (Week)";"3.5318662499999993";"€";
"42979.7287621";"Instant engine power (based on fuel consumption)";"0";"hp";
"42979.7287621";"MAF air flow rate";"1.85";"g/sec";
"42979.7287621";"Power from MAF";"2.22";"hp";
"42979.766973";"Average speed";"30.37864369828814";"km/h";
"42979.766973";"Calculated instant fuel consumption";"0";"L/100km";
"42979.766973";"Distance travelled";"0.6762336608611113";"km";
"42979.766973";"Distance travelled (Today)";"0.676229";"km";
"42979.766973";"Distance travelled (total)";"42.10654900000001";"km";
"42979.766973";"Distance travelled (Week)";"33.040938";"km";
"42979.766973";"Vehicle acceleration";"-0.06638056576785335";"g";
"42979.766973";"Vehicle speed";"24";"km/h";
"42979.8071388";"Fuel/Air commanded equivalence ratio";"16.860595200000002";"";
"42979.8888765";"Fuel economizer (based on fuel system status and throttle position)";"0";"";
"42979.8888765";"Throttle position";"18.431372549019606";"%";
"42979.9344826";"Average fuel consumption";"5.371045174362046";"L/100km";
"42979.9344826";"Average fuel consumption (Today)";"7.383889185468238";"L/100km";
"42979.9344826";"Average fuel consumption (total)";"6.392974641545664";"L/100km";
"42979.9344826";"Average fuel consumption (Week)";"6.478402640990398";"L/100km";
"42979.9344826";"Average fuel consumption 10 sec";"5.451891483468924";"L/100km";
"42979.9344826";"Calculated instant fuel rate";"0";"L/h";
"42979.9344826";"Fuel used";"0.03632081540909252";"L";
"42979.9344826";"Fuel used (Today)";"0.049932000000000004";"L";
"42979.9344826";"Fuel used (total)";"2.691861";"L";
"42979.9344826";"Fuel used (Week)";"2.140525";"L";
"42979.9344826";"Fuel used price";"0.05992934542500266";"€";
"42979.9344826";"Fuel used price (Today)";"0.0823878";"€";
"42979.9344826";"Fuel used price (total)";"4.44157065";"€";
"42979.9344826";"Fuel used price (Week)";"3.5318662499999993";"€";
"42979.9344826";"Instant engine power (based on fuel consumption)";"0";"hp";
"42979.9344826";"MAF air flow rate";"1.87";"g/sec";
"42979.9344826";"Power from MAF";"2.244";"hp";
"42979.9731677";"Average speed";"30.35457449117289";"km/h";
"42979.9731677";"Calculated instant fuel consumption";"0";"L/100km";
"42979.9731677";"Distance travelled";"0.6774364387777779";"km";
"42979.9731677";"Distance travelled (Today)";"0.677432";"km";
"42979.9731677";"Distance travelled (total)";"42.10775200000001";"km";
"42979.9731677";"Distance travelled (Week)";"33.042141";"km";
"42979.9731677";"Vehicle acceleration";"-0.16979990941250228";"g";
"42979.9731677";"Vehicle speed";"21";"km/h";
"42980.0432469";"Fuel/Air commanded equivalence ratio";"16.317626880000002";"";
"42980.1361324";"Fuel economizer (based on fuel system status and throttle position)";"0";"";
"42980.1361324";"Throttle position";"18.431372549019606";"%";
"42980.1785522";"Average fuel consumption";"5.361508966748536";"L/100km";
"42980.1785522";"Average fuel consumption (Today)";"7.370776697882593";"L/100km";
"42980.1785522";"Average fuel consumption (total)";"6.392791997065052";"L/100km";
"42980.1785522";"Average fuel consumption (Week)";"6.478166774967759";"L/100km";
"42980.1785522";"Average fuel consumption 10 sec";"5.446553492723391";"L/100km";
"42980.1785522";"Calculated instant fuel rate";"0";"L/h";
"42980.1785522";"Fuel used";"0.03632081540909252";"L";
"42980.1785522";"Fuel used (Today)";"0.049932000000000004";"L";
"42980.1785522";"Fuel used (total)";"2.691861";"L";
"42980.1785522";"Fuel used (Week)";"2.140525";"L";
"42980.1785522";"Fuel used price";"0.05992934542500266";"€";
"42980.1785522";"Fuel used price (Today)";"0.0823878";"€";
"42980.1785522";"Fuel used price (total)";"4.44157065";"€";
"42980.1785522";"Fuel used price (Week)";"3.5318662499999993";"€";
"42980.1785522";"Instant engine power (based on fuel consumption)";"0";"hp";
"42980.1785522";"MAF air flow rate";"1.85";"g/sec";
"42980.1785522";"Power from MAF";"2.22";"hp";
"42980.2210565";"Average speed";"30.32580021933479";"km/h";
"42980.2210565";"Calculated instant fuel consumption";"0";"L/100km";
"42980.2210565";"Distance travelled";"0.6788824841944446";"km";
"42980.2210565";"Distance travelled (Today)";"0.678878";"km";
"42980.2210565";"Distance travelled (total)";"42.109198000000006";"km";
"42980.2210565";"Distance travelled (Week)";"33.043586999999995";"km";
"42980.2210565";"Vehicle acceleration";"-0.16269885194449182";"g";
"42980.2210565";"Vehicle speed";"21";"km/h";
"42980.2591627";"Fuel/Air commanded equivalence ratio";"15.174535679999998";"";
"42980.3454116";"Fuel economizer (based on fuel system status and throttle position)";"0";"";
"42980.3454116";"Throttle position";"18.431372549019606";"%";
"42980.3814666";"Average fuel consumption";"5.350088749482239";"L/100km";
"42980.3814666";"Average fuel consumption (Today)";"7.355077053609045";"L/100km";
"42980.3814666";"Average fuel consumption (total)";"6.392572473120955";"L/100km";
"42980.3814666";"Average fuel consumption (Week)";"6.477883287913023";"L/100km";
"42980.3814666";"Average fuel consumption 10 sec";"5.441104435961992";"L/100km";
"42980.3814666";"Calculated instant fuel rate";"0";"L/h";
"42980.3814666";"Fuel used";"0.03632081540909252";"L";
"42980.3814666";"Fuel used (Today)";"0.049932000000000004";"L";
"42980.3814666";"Fuel used (total)";"2.691861";"L";
"42980.3814666";"Fuel used (Week)";"2.140525";"L";
"42980.3814666";"Fuel used price";"0.05992934542500266";"€";
"42980.3814666";"Fuel used price (Today)";"0.0823878";"€";
"42980.3814666";"Fuel used price (total)";"4.44157065";"€";
"42980.3814666";"Fuel used price (Week)";"3.5318662499999993";"€";
"42980.3814666";"Instant engine power (based on fuel consumption)";"0";"hp";
"42980.3814666";"MAF air flow rate";"1.85";"g/sec";
"42980.3814666";"Power from MAF";"2.22";"hp";
"42980.4334807";"Average speed";"30.293398548805357";"km/h";
"42980.4334807";"Calculated instant fuel consumption";"0";"L/100km";
"42980.4334807";"Distance travelled";"0.6799445471944446";"km";
"42980.4334807";"Distance travelled (Today)";"0.67994";"km";
"42980.4334807";"Distance travelled (total)";"42.11026000000001";"km";
"42980.4334807";"Distance travelled (Week)";"33.044649";"km";
"42980.4334807";"Vehicle acceleration";"-0.19672147906617876";"g";
"42980.4334807";"Vehicle speed";"18";"km/h";
"42980.4767462";"Fuel/Air commanded equivalence ratio";"14.640051240000002";"";
"42980.5611517";"Fuel economizer (based on fuel system status and throttle position)";"1";"";
"42980.5611517";"Throttle position";"21.568627450980394";"%";
"42980.6149524";"Average fuel consumption";"5.355388313057272";"L/100km";
"42980.6149524";"Average fuel consumption (Today)";"7.357266817660382";"L/100km";
"42980.6149524";"Average fuel consumption (total)";"6.392632104385009";"L/100km";
"42980.6149524";"Average fuel consumption (Week)";"6.477956536926749";"L/100km";
"42980.6149524";"Average fuel consumption 10 sec";"5.435928218667087";"L/100km";
"42980.6149524";"Calculated instant fuel rate";"1.4316141225192216";"L/h";
"42980.6149524";"Fuel used";"0.03641367081572148";"L";
"42980.6149524";"Fuel used (Today)";"0.050025";"L";
"42980.6149524";"Fuel used (total)";"2.6919539999999995";"L";
"42980.6149524";"Fuel used (Week)";"2.1406179999999995";"L";
"42980.6149524";"Fuel used price";"0.06008255684594044";"€";
"42980.6149524";"Fuel used price (Today)";"0.08254125";"€";
"42980.6149524";"Fuel used price (total)";"4.4417241";"€";
"42980.6149524";"Fuel used price (Week)";"3.5320196999999993";"€";
"42980.6149524";"Instant engine power (based on fuel consumption)";"5.600757766579732";"hp";
"42980.6149524";"MAF air flow rate";"4.25";"g/sec";
"42980.6149524";"Power from MAF";"5.1";"hp";
"42980.6569776";"Average speed";"30.259490022513436";"km/h";
"42980.6569776";"Calculated instant fuel consumption";"7.953411791773453";"L/100km";
"42980.6569776";"Distance travelled";"0.6810620136944446";"km";
"42980.6569776";"Distance travelled (Today)";"0.681057";"km";
"42980.6569776";"Distance travelled (total)";"42.11137700000001";"km";
"42980.6569776";"Distance travelled (Week)";"33.045766";"km";
"42980.6569776";"Vehicle acceleration";"-0.1909571268044016";"g";
"42980.6569776";"Vehicle speed";"18";"km/h";
"42980.6976417";"Fuel/Air commanded equivalence ratio";"14.640051240000002";"";
"42980.7646049";"Fuel economizer (based on fuel system status and throttle position)";"1";"";
"42980.7646049";"Throttle position";"19.215686274509803";"%";
"42980.8182629";"Average fuel consumption";"5.353276885787681";"L/100km";
"42980.8182629";"Average fuel consumption (Today)";"7.351807557957705";"L/100km";
"42980.8182629";"Average fuel consumption (total)";"6.392569399950989";"L/100km";
"42980.8182629";"Average fuel consumption (Week)";"6.4778737463673846";"L/100km";
"42980.8182629";"Average fuel consumption 10 sec";"5.430853523741333";"L/100km";
"42980.8182629";"Calculated instant fuel rate";"0.8050724124284564";"L/h";
"42980.8182629";"Fuel used";"0.036459135356984834";"L";
"42980.8182629";"Fuel used (Today)";"0.05007";"L";
"42980.8182629";"Fuel used (total)";"2.6919989999999996";"L";
"42980.8182629";"Fuel used (Week)";"2.1406629999999995";"L";
"42980.8182629";"Fuel used price";"0.060157573339024974";"€";
"42980.8182629";"Fuel used price (Today)";"0.0826155";"€";
"42980.8182629";"Fuel used price (total)";"4.44179835";"€";
"42980.8182629";"Fuel used price (Week)";"3.5320939499999997";"€";
"42980.8182629";"Instant engine power (based on fuel consumption)";"3.1496026028530717";"hp";
"42980.8182629";"MAF air flow rate";"2.39";"g/sec";
"42980.8182629";"Power from MAF";"2.868";"hp";
"42980.8588595";"Average speed";"30.224049319463536";"km/h";
"42980.8588595";"Calculated instant fuel consumption";"5.031702577677852";"L/100km";
"42980.8588595";"Distance travelled";"0.6819592856944446";"km";
"42980.8588595";"Distance travelled (Today)";"0.681954";"km";
"42980.8588595";"Distance travelled (total)";"42.112274000000006";"km";
"42980.8588595";"Distance travelled (Week)";"33.046662999999995";"km";
"42980.8588595";"Vehicle acceleration";"-0.159905795449941";"g";
"42980.8588595";"Vehicle speed";"16";"km/h";
"42980.8973433";"Fuel/Air commanded equivalence ratio";"14.63156736";"";
"42980.9862684";"Fuel economizer (based on fuel system status and throttle position)";"0";"";
"42980.9862684";"Throttle position";"19.215686274509803";"%";
"42981.0210376";"Average fuel consumption";"5.346233436774485";"L/100km";
"42981.0210376";"Average fuel consumption (Today)";"7.342137446220714";"L/100km";
"42981.0210376";"Average fuel consumption (total)";"6.392433236922801";"L/100km";
"42981.0210376";"Average fuel consumption (Week)";"6.477697914612437";"L/100km";
"42981.0210376";"Average fuel consumption 10 sec";"5.4257996442706125";"L/100km";
"42981.0210376";"Calculated instant fuel rate";"0";"L/h";
"42981.0210376";"Fuel used";"0.036459135356984834";"L";
"42981.0210376";"Fuel used (Today)";"0.05007";"L";
"42981.0210376";"Fuel used (total)";"2.6919989999999996";"L";
"42981.0210376";"Fuel used (Week)";"2.1406629999999995";"L";
"42981.0210376";"Fuel used price";"0.060157573339024974";"€";
"42981.0210376";"Fuel used price (Today)";"0.0826155";"€";
"42981.0210376";"Fuel used price (total)";"4.44179835";"€";
"42981.0210376";"Fuel used price (Week)";"3.5320939499999997";"€";
"42981.0210376";"Instant engine power (based on fuel consumption)";"0";"hp";
"42981.0210376";"MAF air flow rate";"2.17";"g/sec";
"42981.0210376";"Power from MAF";"2.6039999999999996";"hp";
"42981.0572814";"Average speed";"30.18938361834356";"km/h";
"42981.0572814";"Calculated instant fuel consumption";"0";"L/100km";
"42981.0572814";"Distance travelled";"0.6828412728055557";"km";
"42981.0572814";"Distance travelled (Today)";"0.682836";"km";
"42981.0572814";"Distance travelled (total)";"42.11315600000001";"km";
"42981.0572814";"Distance travelled (Week)";"33.047545";"km";
"42981.0572814";"Vehicle acceleration";"-0.1693650258471017";"g";
"42981.0572814";"Vehicle speed";"16";"km/h";
"42981.0965144";"Fuel/Air commanded equivalence ratio";"14.63156736";"";
"42981.1813565";"Fuel economizer (based on fuel system status and throttle position)";"0";"";
"42981.1813565";"Throttle position";"19.215686274509803";"%";
"42981.2164328";"Average fuel consumption";"5.339328012085006";"L/100km";
"42981.2164328";"Average fuel consumption (Today)";"7.3326538143858855";"L/100km";
"42981.2164328";"Average fuel consumption (total)";"6.39229935652412";"L/100km";
"42981.2164328";"Average fuel consumption (Week)";"6.477525032494849";"L/100km";
"42981.2164328";"Average fuel consumption 10 sec";"5.420957621231637";"L/100km";
"42981.2164328";"Calculated instant fuel rate";"0";"L/h";
"42981.2164328";"Fuel used";"0.036459135356984834";"L";
"42981.2164328";"Fuel used (Today)";"0.05007";"L";
"42981.2164328";"Fuel used (total)";"2.6919989999999996";"L";
"42981.2164328";"Fuel used (Week)";"2.1406629999999995";"L";
"42981.2164328";"Fuel used price";"0.060157573339024974";"€";
"42981.2164328";"Fuel used price (Today)";"0.0826155";"€";
"42981.2164328";"Fuel used price (total)";"4.44179835";"€";
"42981.2164328";"Fuel used price (Week)";"3.5320939499999997";"€";
"42981.2164328";"Instant engine power (based on fuel consumption)";"0";"hp";
"42981.2164328";"MAF air flow rate";"2.17";"g/sec";
"42981.2164328";"Power from MAF";"2.6039999999999996";"hp";
"42981.2539927";"Average speed";"30.15037069810232";"km/h";
"42981.2539927";"Calculated instant fuel consumption";"0";"L/100km";
"42981.2539927";"Distance travelled";"0.6836061989722224";"km";
"42981.2539927";"Distance travelled (Today)";"0.683601";"km";
"42981.2539927";"Distance travelled (total)";"42.11392100000001";"km";
"42981.2539927";"Distance travelled (Week)";"33.04831";"km";
"42981.2539927";"Vehicle acceleration";"-0.13808670859413638";"g";
"42981.2539927";"Vehicle speed";"14";"km/h";
"42981.3123639";"Fuel/Air commanded equivalence ratio";"14.640051240000002";"";
"42981.3858584";"Fuel economizer (based on fuel system status and throttle position)";"1";"";
"42981.3858584";"Throttle position";"19.215686274509803";"%";
"42981.4336996";"Average fuel consumption";"5.33983655860987";"L/100km";
"42981.4336996";"Average fuel consumption (Today)";"7.330884536447431";"L/100km";
"42981.4336996";"Average fuel consumption (total)";"6.392287718828173";"L/100km";
"42981.4336996";"Average fuel consumption (Week)";"6.477508229619001";"L/100km";
"42981.4336996";"Average fuel consumption 10 sec";"5.416523957216301";"L/100km";
"42981.4336996";"Calculated instant fuel rate";"0.7343338322569183";"L/h";
"42981.4336996";"Fuel used";"0.03650345372964207";"L";
"42981.4336996";"Fuel used (Today)";"0.050114";"L";
"42981.4336996";"Fuel used (total)";"2.6920429999999995";"L";
"42981.4336996";"Fuel used (Week)";"2.1407069999999995";"L";
"42981.4336996";"Fuel used price";"0.060230698653909405";"€";
"42981.4336996";"Fuel used price (Today)";"0.08268809999999999";"€";
"42981.4336996";"Fuel used price (total)";"4.44187095";"€";
"42981.4336996";"Fuel used price (Week)";"3.5321665499999995";"€";
"42981.4336996";"Instant engine power (based on fuel consumption)";"2.872859277916191";"hp";
"42981.4336996";"MAF air flow rate";"2.18";"g/sec";
"42981.4336996";"Power from MAF";"2.616";"hp";
"42981.4686941";"Average speed";"30.108001033667417";"km/h";
"42981.4686941";"Calculated instant fuel consumption";"5.245241658977988";"L/100km";
"42981.4686941";"Distance travelled";"0.6844411379722224";"km";
"42981.4686941";"Distance travelled (Today)";"0.684436";"km";
"42981.4686941";"Distance travelled (total)";"42.11475600000001";"km";
"42981.4686941";"Distance travelled (Week)";"33.049144999999996";"km";
"42981.4686941";"Vehicle acceleration";"-0.13958295474306184";"g";
"42981.4686941";"Vehicle speed";"14";"km/h";
"42981.5059282";"Fuel/Air commanded equivalence ratio";"14.640051240000002";"";
"42981.565086";"Fuel economizer (based on fuel system status and throttle position)";"1";"";
"42981.565086";"Throttle position";"19.215686274509803";"%";
"42981.6023363";"Average fuel consumption";"5.338417351143909";"L/100km";
"42981.6023363";"Average fuel consumption (Today)";"7.3270546844409115";"L/100km";
"42981.6023363";"Average fuel consumption (total)";"6.392244086609452";"L/100km";
"42981.6023363";"Average fuel consumption (Week)";"6.477450475647705";"L/100km";
"42981.6023363";"Average fuel consumption 10 sec";"5.412408922770198";"L/100km";
"42981.6023363";"Calculated instant fuel rate";"0.7444393437099951";"L/h";
"42981.6023363";"Fuel used";"0.03653832446787594";"L";
"42981.6023363";"Fuel used (Today)";"0.050149";"L";
"42981.6023363";"Fuel used (total)";"2.6920779999999995";"L";
"42981.6023363";"Fuel used (Week)";"2.1407419999999995";"L";
"42981.6023363";"Fuel used price";"0.060288235371995305";"€";
"42981.6023363";"Fuel used price (Today)";"0.08274585";"€";
"42981.6023363";"Fuel used price (total)";"4.4419287";"€";
"42981.6023363";"Fuel used price (Week)";"3.5322242999999993";"€";
"42981.6023363";"Instant engine power (based on fuel consumption)";"2.9123940386214593";"hp";
"42981.6023363";"MAF air flow rate";"2.21";"g/sec";
"42981.6023363";"Power from MAF";"2.6519999999999997";"hp";
"42981.6414377";"Average speed";"30.074073552057715";"km/h";
"42981.6414377";"Calculated instant fuel consumption";"5.317423883642823";"L/100km";
"42981.6414377";"Distance travelled";"0.6851128883055557";"km";
"42981.6414377";"Distance travelled (Today)";"0.685108";"km";
"42981.6414377";"Distance travelled (total)";"42.11542800000001";"km";
"42981.6414377";"Distance travelled (Week)";"33.049817";"km";
"42981.6414377";"Vehicle acceleration";"-0.07239008283261152";"g";
"42981.6414377";"Vehicle speed";"14";"km/h";
"42981.6769271";"Fuel/Air commanded equivalence ratio";"14.640051240000002";"";
"42981.7488762";"Fuel economizer (based on fuel system status and throttle position)";"1";"";
"42981.7488762";"Throttle position";"19.215686274509803";"%";
"42981.7733832";"Average fuel consumption";"5.338439341532668";"L/100km";
"42981.7733832";"Average fuel consumption (Today)";"7.325122462443877";"L/100km";
"42981.7733832";"Average fuel consumption (total)";"6.3922275703810945";"L/100km";
"42981.7733832";"Average fuel consumption (Week)";"6.477427696498289";"L/100km";
"42981.7733832";"Average fuel consumption 10 sec";"5.408680085473615";"L/100km";
"42981.7733832";"Calculated instant fuel rate";"0.7579133589807642";"L/h";
"42981.7733832";"Fuel used";"0.036574335963214556";"L";
"42981.7733832";"Fuel used (Today)";"0.050185";"L";
"42981.7733832";"Fuel used (total)";"2.6921139999999997";"L";
"42981.7733832";"Fuel used (Week)";"2.1407779999999996";"L";
"42981.7733832";"Fuel used price";"0.060347654339304016";"€";
"42981.7733832";"Fuel used price (Today)";"0.08280525";"€";
"42981.7733832";"Fuel used price (total)";"4.4419881000000005";"€";
"42981.7733832";"Fuel used price (Week)";"3.5322836999999994";"€";
"42981.7733832";"Instant engine power (based on fuel consumption)";"2.96510705289515";"hp";
"42981.7733832";"MAF air flow rate";"2.25";"g/sec";
"42981.7733832";"Power from MAF";"2.6999999999999997";"hp";
"42981.8099945";"Average speed";"30.037004343512333";"km/h";
"42981.8099945";"Calculated instant fuel consumption";"6.315944658173035";"L/100km";
"42981.8099945";"Distance travelled";"0.6856747119722224";"km";
"42981.8099945";"Distance travelled (Today)";"0.68567";"km";
"42981.8099945";"Distance travelled (total)";"42.11599000000001";"km";
"42981.8099945";"Distance travelled (Week)";"33.050379";"km";
"42981.8099945";"Vehicle acceleration";"-0.15052455104340823";"g";
"42981.8099945";"Vehicle speed";"12";"km/h";
"42981.8501209";"Fuel/Air commanded equivalence ratio";"14.640051240000002";"";
"42981.9342051";"Fuel economizer (based on fuel system status and throttle position)";"1";"";
"42981.9342051";"Throttle position";"19.215686274509803";"%";
"42981.9727837";"Average fuel consumption";"5.340190264689116";"L/100km";
"42981.9727837";"Average fuel consumption (Today)";"7.325243922003296";"L/100km";
"42981.9727837";"Average fuel consumption (total)";"6.392241996448378";"L/100km";
"42981.9727837";"Average fuel consumption (Week)";"6.477444630816487";"L/100km";
"42981.9727837";"Average fuel consumption 10 sec";"5.405321681499813";"L/100km";
"42981.9727837";"Calculated instant fuel rate";"0.7579133589807642";"L/h";
"42981.9727837";"Fuel used";"0.03661633421617576";"L";
"42981.9727837";"Fuel used (Today)";"0.050227";"L";
"42981.9727837";"Fuel used (total)";"2.6921559999999998";"L";
"42981.9727837";"Fuel used (Week)";"2.1408199999999997";"L";
"42981.9727837";"Fuel used price";"0.060416951456689995";"€";
"42981.9727837";"Fuel used price (Today)";"0.08287454999999999";"€";
"42981.9727837";"Fuel used price (total)";"4.4420574";"€";
"42981.9727837";"Fuel used price (Week)";"3.5323529999999996";"€";
"42981.9727837";"Instant engine power (based on fuel consumption)";"2.96510705289515";"hp";
"42981.9727837";"MAF air flow rate";"2.25";"g/sec";
"42981.9727837";"Power from MAF";"2.6999999999999997";"hp";
"42982.0212176";"Average speed";"29.990746292369675";"km/h";
"42982.0212176";"Calculated instant fuel consumption";"6.315944658173035";"L/100km";
"42982.0212176";"Distance travelled";"0.6863790496388891";"km";
"42982.0212176";"Distance travelled (Today)";"0.686374";"km";
"42982.0212176";"Distance travelled (total)";"42.11669400000001";"km";
"42982.0212176";"Distance travelled (Week)";"33.051083";"km";
"42982.0212176";"Vehicle acceleration";"-0.07383871498565286";"g";
"42982.0212176";"Vehicle speed";"12";"km/h";
"42982.0655189";"Fuel/Air commanded equivalence ratio";"14.640051240000002";"";
"42982.154056";"Fuel economizer (based on fuel system status and throttle position)";"1";"";
"42982.154056";"Throttle position";"19.215686274509803";"%";
"42982.1928216";"Average fuel consumption";"5.341487678686794";"L/100km";
"42982.1928216";"Average fuel consumption (Today)";"7.324578145442572";"L/100km";
"42982.1928216";"Average fuel consumption (total)";"6.392246741873897";"L/100km";
"42982.1928216";"Average fuel consumption (Week)";"6.477448863022127";"L/100km";
"42982.1928216";"Average fuel consumption 10 sec";"5.402342613169236";"L/100km";
"42982.1928216";"Calculated instant fuel rate";"0.7612818627984567";"L/h";
"42982.1928216";"Fuel used";"0.036662852365548775";"L";
"42982.1928216";"Fuel used (Today)";"0.050274";"L";
"42982.1928216";"Fuel used (total)";"2.6922029999999997";"L";
"42982.1928216";"Fuel used (Week)";"2.1408669999999996";"L";
"42982.1928216";"Fuel used price";"0.060493706403155476";"€";
"42982.1928216";"Fuel used price (Today)";"0.08295209999999999";"€";
"42982.1928216";"Fuel used price (total)";"4.442134950000001";"€";
"42982.1928216";"Fuel used price (Week)";"3.5324305499999995";"€";
"42982.1928216";"Instant engine power (based on fuel consumption)";"2.9782853064635737";"hp";
"42982.1928216";"MAF air flow rate";"2.2600000000000002";"g/sec";
"42982.1928216";"Power from MAF";"2.712";"hp";
"42982.2380398";"Average speed";"29.935672734195183";"km/h";
"42982.2380398";"Calculated instant fuel consumption";"8.458687364427297";"L/100km";
"42982.2380398";"Distance travelled";"0.6869208951388891";"km";
"42982.2380398";"Distance travelled (Today)";"0.686916";"km";
"42982.2380398";"Distance travelled (total)";"42.117236000000005";"km";
"42982.2380398";"Distance travelled (Week)";"33.051624999999994";"km";
"42982.2380398";"Vehicle acceleration";"-0.1840879466945545";"g";
"42982.2380398";"Vehicle speed";"9";"km/h";
"42982.2775028";"Fuel/Air commanded equivalence ratio";"14.640051240000002";"";
"42982.3776334";"Fuel economizer (based on fuel system status and throttle position)";"1";"";
"42982.3776334";"Throttle position";"19.215686274509803";"%";
"42982.4172115";"Average fuel consumption";"5.344243384680302";"L/100km";
"42982.4172115";"Average fuel consumption (Today)";"7.325786559055255";"L/100km";
"42982.4172115";"Average fuel consumption (total)";"6.39227844866173";"L/100km";
"42982.4172115";"Average fuel consumption (Week)";"6.477487869355894";"L/100km";
"42982.4172115";"Average fuel consumption 10 sec";"5.399783395672817";"L/100km";
"42982.4172115";"Calculated instant fuel rate";"0.7680188704338413";"L/h";
"42982.4172115";"Fuel used";"0.0367107244964468";"L";
"42982.4172115";"Fuel used (Today)";"0.050322";"L";
"42982.4172115";"Fuel used (total)";"2.6922509999999997";"L";
"42982.4172115";"Fuel used (Week)";"2.1409149999999997";"L";
"42982.4172115";"Fuel used price";"0.06057269541913722";"€";
"42982.4172115";"Fuel used price (Today)";"0.08303129999999999";"€";
"42982.4172115";"Fuel used price (total)";"4.44221415";"€";
"42982.4172115";"Fuel used price (Week)";"3.5325097499999996";"€";
"42982.4172115";"Instant engine power (based on fuel consumption)";"3.0046418136004203";"hp";
"42982.4172115";"MAF air flow rate";"2.2800000000000002";"g/sec";
"42982.4172115";"Power from MAF";"2.736";"hp";
"42982.4701095";"Average speed";"29.877008331519228";"km/h";
"42982.4701095";"Calculated instant fuel consumption";"8.533543004820459";"L/100km";
"42982.4701095";"Distance travelled";"0.6875012138888891";"km";
"42982.4701095";"Distance travelled (Today)";"0.687496";"km";
"42982.4701095";"Distance travelled (total)";"42.11781600000001";"km";
"42982.4701095";"Distance travelled (Week)";"33.052205";"km";
"42982.4701095";"Vehicle acceleration";"-0.1709087382996381";"g";
"42982.4701095";"Vehicle speed";"9";"km/h";
"42982.5236791";"Fuel/Air commanded equivalence ratio";"14.640051240000002";"";
"42982.605224";"Fuel economizer (based on fuel system status and throttle position)";"1";"";
"42982.605224";"Throttle position";"19.215686274509803";"%";
"42982.6474074";"Average fuel consumption";"5.346818408148205";"L/100km";
"42982.6474074";"Average fuel consumption (Today)";"7.326733537358763";"L/100km";
"42982.6474074";"Average fuel consumption (total)";"6.392306761585166";"L/100km";
"42982.6474074";"Average fuel consumption (Week)";"6.477522452738023";"L/100km";
"42982.6474074";"Average fuel consumption 10 sec";"5.397665060836441";"L/100km";
"42982.6474074";"Calculated instant fuel rate";"0.7612818627984567";"L/h";
"42982.6474074";"Fuel used";"0.036759441460453485";"L";
"42982.6474074";"Fuel used (Today)";"0.050371";"L";
"42982.6474074";"Fuel used (total)";"2.6922999999999995";"L";
"42982.6474074";"Fuel used (Week)";"2.1409639999999994";"L";
"42982.6474074";"Fuel used price";"0.06065307840974825";"€";
"42982.6474074";"Fuel used price (Today)";"0.08311215";"€";
"42982.6474074";"Fuel used price (total)";"4.4422950000000005";"€";
"42982.6474074";"Fuel used price (Week)";"3.5325905999999994";"€";
"42982.6474074";"Instant engine power (based on fuel consumption)";"2.9782853064635737";"hp";
"42982.6474074";"MAF air flow rate";"2.2600000000000002";"g/sec";
"42982.6474074";"Power from MAF";"2.712";"hp";
"42982.69032";"Average speed";"29.816359719887537";"km/h";
"42982.69032";"Calculated instant fuel consumption";"10.875455182835095";"L/100km";
"42982.69032";"Distance travelled";"0.6879293766666669";"km";
"42982.69032";"Distance travelled (Today)";"0.687924";"km";
"42982.69032";"Distance travelled (total)";"42.11824400000001";"km";
"42982.69032";"Distance travelled (Week)";"33.052633";"km";
"42982.69032";"Vehicle acceleration";"-0.16088055134434937";"g";
"42982.69032";"Vehicle speed";"7";"km/h";
"42982.7424939";"Fuel/Air commanded equivalence ratio";"14.640051240000002";"";
"42982.83486";"Fuel economizer (based on fuel system status and throttle position)";"1";"";
"42982.83486";"Throttle position";"19.215686274509803";"%";
"42982.8783101";"Average fuel consumption";"5.35048771687368";"L/100km";
"42982.8783101";"Average fuel consumption (Today)";"7.329152638954303";"L/100km";
"42982.8783101";"Average fuel consumption (total)";"6.392355768678293";"L/100km";
"42982.8783101";"Average fuel consumption (Week)";"6.477583797938275";"L/100km";
"42982.8783101";"Average fuel consumption 10 sec";"5.39596740862783";"L/100km";
"42982.8783101";"Calculated instant fuel rate";"0.7511763513453797";"L/h";
"42982.8783101";"Fuel used";"0.03680757679931568";"L";
"42982.8783101";"Fuel used (Today)";"0.050419";"L";
"42982.8783101";"Fuel used (total)";"2.6923479999999995";"L";
"42982.8783101";"Fuel used (Week)";"2.1410119999999995";"L";
"42982.8783101";"Fuel used price";"0.06073250171887087";"€";
"42982.8783101";"Fuel used price (Today)";"0.08319134999999998";"€";
"42982.8783101";"Fuel used price (total)";"4.442374200000001";"€";
"42982.8783101";"Fuel used price (Week)";"3.5326697999999994";"€";
"42982.8783101";"Instant engine power (based on fuel consumption)";"2.9387505457583054";"hp";
"42982.8783101";"MAF air flow rate";"2.23";"g/sec";
"42982.8783101";"Power from MAF";"2.6759999999999997";"hp";
"42982.9216412";"Average speed";"29.753003206927623";"km/h";
"42982.9216412";"Calculated instant fuel consumption";"10.731090733505425";"L/100km";
"42982.9216412";"Distance travelled";"0.6883790941944447";"km";
"42982.9216412";"Distance travelled (Today)";"0.688374";"km";
"42982.9216412";"Distance travelled (total)";"42.11869400000001";"km";
"42982.9216412";"Distance travelled (Week)";"33.053083";"km";
"42982.9216412";"Vehicle acceleration";"-0.15728958215054561";"g";
"42982.9216412";"Vehicle speed";"7";"km/h";
"42982.9607856";"Fuel/Air commanded equivalence ratio";"14.640051240000002";"";
"42983.0380033";"Fuel economizer (based on fuel system status and throttle position)";"1";"";
"42983.0380033";"Throttle position";"19.215686274509803";"%";
"42983.082246";"Average fuel consumption";"5.3531735176610065";"L/100km";
"42983.082246";"Average fuel consumption (Today)";"7.330608070612777";"L/100km";
"42983.082246";"Average fuel consumption (total)";"6.3923895645957085";"L/100km";
"42983.082246";"Average fuel consumption (Week)";"6.477625702873162";"L/100km";
"42983.082246";"Average fuel consumption 10 sec";"5.394675862412565";"L/100km";
"42983.082246";"Calculated instant fuel rate";"0.7511763513453797";"L/h";
"42983.082246";"Fuel used";"0.036850127371531725";"L";
"42983.082246";"Fuel used (Today)";"0.050462";"L";
"42983.082246";"Fuel used (total)";"2.6923909999999998";"L";
"42983.082246";"Fuel used (Week)";"2.1410549999999997";"L";
"42983.082246";"Fuel used price";"0.060802710163027344";"€";
"42983.082246";"Fuel used price (Today)";"0.0832623";"€";
"42983.082246";"Fuel used price (total)";"4.44244515";"€";
"42983.082246";"Fuel used price (Week)";"3.5327407499999994";"€";
"42983.082246";"Instant engine power (based on fuel consumption)";"2.9387505457583054";"hp";
"42983.082246";"MAF air flow rate";"2.23";"g/sec";
"42983.082246";"Power from MAF";"2.6759999999999997";"hp";
"42983.1392212";"Average speed";"29.693721657852933";"km/h";
"42983.1392212";"Calculated instant fuel consumption";"10.731090733505425";"L/100km";
"42983.1392212";"Distance travelled";"0.688802160777778";"km";
"42983.1392212";"Distance travelled (Today)";"0.688797";"km";
"42983.1392212";"Distance travelled (total)";"42.11911700000001";"km";
"42983.1392212";"Distance travelled (Week)";"33.053506";"km";
"42983.1392212";"Vehicle acceleration";"-0.06286292717647748";"g";
"42983.1392212";"Vehicle speed";"7";"km/h";
"42983.1815236";"Fuel/Air commanded equivalence ratio";"14.640051240000002";"";
"42983.2706722";"Fuel economizer (based on fuel system status and throttle position)";"1";"";
"42983.2706722";"Throttle position";"19.215686274509803";"%";
"42983.3137072";"Average fuel consumption";"5.3568970222209895";"L/100km";
"42983.3137072";"Average fuel consumption (Today)";"7.333074911766457";"L/100km";
"42983.3137072";"Average fuel consumption (total)";"6.392439328678233";"L/100km";
"42983.3137072";"Average fuel consumption (Week)";"6.477688024985912";"L/100km";
"42983.3137072";"Average fuel consumption 10 sec";"5.3937988814528595";"L/100km";
"42983.3137072";"Calculated instant fuel rate";"0.7511763513453797";"L/h";
"42983.3137072";"Fuel used";"0.036898422439698625";"L";
"42983.3137072";"Fuel used (Today)";"0.05051";"L";
"42983.3137072";"Fuel used (total)";"2.692439";"L";
"42983.3137072";"Fuel used (Week)";"2.1411029999999998";"L";
"42983.3137072";"Fuel used price";"0.06088239702550273";"€";
"42983.3137072";"Fuel used price (Today)";"0.08334149999999999";"€";
"42983.3137072";"Fuel used price (total)";"4.44252435";"€";
"42983.3137072";"Fuel used price (Week)";"3.5328199499999995";"€";
"42983.3137072";"Instant engine power (based on fuel consumption)";"2.9387505457583054";"hp";
"42983.3137072";"MAF air flow rate";"2.23";"g/sec";
"42983.3137072";"Power from MAF";"2.6759999999999997";"hp";
"42983.3540606";"Average speed";"29.627798947845264";"km/h";
"42983.3540606";"Calculated instant fuel consumption";"18.779408783634494";"L/100km";
"42983.3540606";"Distance travelled";"0.6890408394444447";"km";
"42983.3540606";"Distance travelled (Today)";"0.689036";"km";
"42983.3540606";"Distance travelled (total)";"42.11935600000001";"km";
"42983.3540606";"Distance travelled (Week)";"33.053745";"km";
"42983.3540606";"Vehicle acceleration";"-0.1602206861923584";"g";
"42983.3540606";"Vehicle speed";"4";"km/h";
"42983.3974766";"Fuel/Air commanded equivalence ratio";"14.640051240000002";"";
"42983.4713077";"Fuel economizer (based on fuel system status and throttle position)";"1";"";
"42983.4713077";"Throttle position";"19.215686274509803";"%";
"42983.5137151";"Average fuel consumption";"5.3611822873981785";"L/100km";
"42983.5137151";"Average fuel consumption (Today)";"7.336626823562194";"L/100km";
"42983.5137151";"Average fuel consumption (total)";"6.392502772359575";"L/100km";
"42983.5137151";"Average fuel consumption (Week)";"6.47776825288632";"L/100km";
"42983.5137151";"Average fuel consumption 10 sec";"5.393324924887117";"L/100km";
"42983.5137151";"Calculated instant fuel rate";"0.7612818627984567";"L/h";
"42983.5137151";"Fuel used";"0.03694073543723529";"L";
"42983.5137151";"Fuel used (Today)";"0.050552";"L";
"42983.5137151";"Fuel used (total)";"2.6924809999999995";"L";
"42983.5137151";"Fuel used (Week)";"2.1411449999999994";"L";
"42983.5137151";"Fuel used price";"0.06095221347143823";"€";
"42983.5137151";"Fuel used price (Today)";"0.0834108";"€";
"42983.5137151";"Fuel used price (total)";"4.44259365";"€";
"42983.5137151";"Fuel used price (Week)";"3.5328892499999993";"€";
"42983.5137151";"Instant engine power (based on fuel consumption)";"2.9782853064635737";"hp";
"42983.5137151";"MAF air flow rate";"2.2600000000000002";"g/sec";
"42983.5137151";"Power from MAF";"2.712";"hp";
"42983.5573592";"Average speed";"29.565700688141753";"km/h";
"42983.5573592";"Calculated instant fuel consumption";"19.032046569961416";"L/100km";
"42983.5573592";"Distance travelled";"0.6892667972222225";"km";
"42983.5573592";"Distance travelled (Today)";"0.689262";"km";
"42983.5573592";"Distance travelled (total)";"42.11958200000001";"km";
"42983.5573592";"Distance travelled (Week)";"33.053971";"km";
"42983.5573592";"Vehicle acceleration";"-0.0980074964093254";"g";
"42983.5573592";"Vehicle speed";"4";"km/h";
"42983.5931381";"Fuel/Air commanded equivalence ratio";"14.640051240000002";"";
"42983.6896816";"Fuel economizer (based on fuel system status and throttle position)";"1";"";
"42983.6896816";"Throttle position";"19.215686274509803";"%";
"42983.7298147";"Average fuel consumption";"5.365818041260413";"L/100km";
"42983.7298147";"Average fuel consumption (Today)";"7.340604878841428";"L/100km";
"42983.7298147";"Average fuel consumption (total)";"6.3925729367399695";"L/100km";
"42983.7298147";"Average fuel consumption (Week)";"6.4778570780497144";"L/100km";
"42983.7298147";"Average fuel consumption 10 sec";"5.39325284726336";"L/100km";
"42983.7298147";"Calculated instant fuel rate";"0.7343338322569183";"L/h";
"42983.7298147";"Fuel used";"0.036984802157767845";"L";
"42983.7298147";"Fuel used (Today)";"0.050596";"L";
"42983.7298147";"Fuel used (total)";"2.692525";"L";
"42983.7298147";"Fuel used (Week)";"2.141189";"L";
"42983.7298147";"Fuel used price";"0.06102492356031694";"€";
"42983.7298147";"Fuel used price (Today)";"0.0834834";"€";
"42983.7298147";"Fuel used price (total)";"4.44266625";"€";
"42983.7298147";"Fuel used price (Week)";"3.5329618499999995";"€";
"42983.7298147";"Instant engine power (based on fuel consumption)";"2.872859277916191";"hp";
"42983.7298147";"MAF air flow rate";"2.18";"g/sec";
"42983.7298147";"Power from MAF";"2.616";"hp";
"42983.7819462";"Average speed";"29.49481733383147";"km/h";
"42983.7819462";"Calculated instant fuel consumption";"24.477794408563945";"L/100km";
"42983.7819462";"Distance travelled";"0.6894539101388891";"km";
"42983.7819462";"Distance travelled (Today)";"0.689449";"km";
"42983.7819462";"Distance travelled (total)";"42.11976900000001";"km";
"42983.7819462";"Distance travelled (Week)";"33.054158";"km";
"42983.7819462";"Vehicle acceleration";"-0.13169955803120548";"g";
"42983.7819462";"Vehicle speed";"3";"km/h";
"42983.8260899";"Fuel/Air commanded equivalence ratio";"14.640051240000002";"";
"42983.9226215";"Fuel economizer (based on fuel system status and throttle position)";"1";"";
"42983.9226215";"Throttle position";"19.215686274509803";"%";
"42983.9668589";"Average fuel consumption";"5.371438931508516";"L/100km";
"42983.9668589";"Average fuel consumption (Today)";"7.345721003293936";"L/100km";
"42983.9668589";"Average fuel consumption (total)";"6.392660890424159";"L/100km";
"42983.9668589";"Average fuel consumption (Week)";"6.477968671899007";"L/100km";
"42983.9668589";"Average fuel consumption 10 sec";"5.393604251142479";"L/100km";
"42983.9668589";"Calculated instant fuel rate";"0.7410708398923029";"L/h";
"42983.9668589";"Fuel used";"0.03703359574400803";"L";
"42983.9668589";"Fuel used (Today)";"0.050645";"L";
"42983.9668589";"Fuel used (total)";"2.6925739999999996";"L";
"42983.9668589";"Fuel used (Week)";"2.1412379999999995";"L";
"42983.9668589";"Fuel used price";"0.06110543297761325";"€";
"42983.9668589";"Fuel used price (Today)";"0.08356424999999999";"€";
"42983.9668589";"Fuel used price (total)";"4.4427471";"€";
"42983.9668589";"Fuel used price (Week)";"3.5330426999999993";"€";
"42983.9668589";"Instant engine power (based on fuel consumption)";"2.8992157850530367";"hp";
"42983.9668589";"MAF air flow rate";"2.2";"g/sec";
"42983.9668589";"Power from MAF";"2.64";"hp";
"42984.0049933";"Average speed";"29.424781445247493";"km/h";
"42984.0049933";"Calculated instant fuel consumption";"24.702361329743432";"L/100km";
"42984.0049933";"Distance travelled";"0.6896397718888891";"km";
"42984.0049933";"Distance travelled (Today)";"0.689635";"km";
"42984.0049933";"Distance travelled (total)";"42.11995500000001";"km";
"42984.0049933";"Distance travelled (Week)";"33.054344";"km";
"42984.0049933";"Vehicle acceleration";"-0.13086792868699745";"g";
"42984.0049933";"Vehicle speed";"3";"km/h";
"42984.0459455";"Fuel/Air commanded equivalence ratio";"14.640051240000002";"";
"42984.137972";"Fuel economizer (based on fuel system status and throttle position)";"1";"";
"42984.137972";"Throttle position";"19.215686274509803";"%";
"42984.1779325";"Average fuel consumption";"5.376377342607611";"L/100km";
"42984.1779325";"Average fuel consumption (Today)";"7.350119991009738";"L/100km";
"42984.1779325";"Average fuel consumption (total)";"6.392737124244313";"L/100km";
"42984.1779325";"Average fuel consumption (Week)";"6.478065333863529";"L/100km";
"42984.1779325";"Average fuel consumption 10 sec";"5.394374405436524";"L/100km";
"42984.1779325";"Calculated instant fuel rate";"0.7511763513453797";"L/h";
"42984.1779325";"Fuel used";"0.03707763644144505";"L";
"42984.1779325";"Fuel used (Today)";"0.050689";"L";
"42984.1779325";"Fuel used (total)";"2.6926179999999995";"L";
"42984.1779325";"Fuel used (Week)";"2.1412819999999995";"L";
"42984.1779325";"Fuel used price";"0.06117810012838433";"€";
"42984.1779325";"Fuel used price (Today)";"0.08363684999999998";"€";
"42984.1779325";"Fuel used price (total)";"4.4428197";"€";
"42984.1779325";"Fuel used price (Week)";"3.5331152999999995";"€";
"42984.1779325";"Instant engine power (based on fuel consumption)";"2.9387505457583054";"hp";
"42984.1779325";"MAF air flow rate";"2.23";"g/sec";
"42984.1779325";"Power from MAF";"2.6759999999999997";"hp";
"42984.2236005";"Average speed";"29.356486665912463";"km/h";
"42984.2236005";"Calculated instant fuel consumption";"25.03921171151266";"L/100km";
"42984.2236005";"Distance travelled";"0.6898219643055558";"km";
"42984.2236005";"Distance travelled (Today)";"0.689817";"km";
"42984.2236005";"Distance travelled (total)";"42.12013700000001";"km";
"42984.2236005";"Distance travelled (Week)";"33.054525999999996";"km";
"42984.2236005";"Vehicle acceleration";"-0.032575216341996505";"g";
"42984.2236005";"Vehicle speed";"3";"km/h";
"42984.270851";"Fuel/Air commanded equivalence ratio";"14.640051240000002";"";
"42984.3652903";"Fuel economizer (based on fuel system status and throttle position)";"1";"";
"42984.3652903";"Throttle position";"19.215686274509803";"%";
"42984.4060068";"Average fuel consumption";"5.381856133464787";"L/100km";
"42984.4060068";"Average fuel consumption (Today)";"7.355139116606289";"L/100km";
"42984.4060068";"Average fuel consumption (total)";"6.392823461139263";"L/100km";
"42984.4060068";"Average fuel consumption (Week)";"6.478174879893905";"L/100km";
"42984.4060068";"Average fuel consumption 10 sec";"5.395511530523207";"L/100km";
"42984.4060068";"Calculated instant fuel rate";"0.7511763513453797";"L/h";
"42984.4060068";"Fuel used";"0.037125225695965824";"L";
"42984.4060068";"Fuel used (Today)";"0.050737000000000004";"L";
"42984.4060068";"Fuel used (total)";"2.6926659999999996";"L";
"42984.4060068";"Fuel used (Week)";"2.1413299999999995";"L";
"42984.4060068";"Fuel used price";"0.061256622398343605";"€";
"42984.4060068";"Fuel used price (Today)";"0.08371605";"€";
"42984.4060068";"Fuel used price (total)";"4.4428989";"€";
"42984.4060068";"Fuel used price (Week)";"3.5331944999999996";"€";
"42984.4060068";"Instant engine power (based on fuel consumption)";"2.9387505457583054";"hp";
"42984.4060068";"MAF air flow rate";"2.23";"g/sec";
"42984.4060068";"Power from MAF";"2.6759999999999997";"hp";
"42984.4466064";"Average speed";"29.28719144419124";"km/h";
"42984.4466064";"Calculated instant fuel consumption";"25.03921171151266";"L/100km";
"42984.4466064";"Distance travelled";"0.6900077932222224";"km";
"42984.4466064";"Distance travelled (Today)";"0.690003";"km";
"42984.4466064";"Distance travelled (total)";"42.120323000000006";"km";
"42984.4466064";"Distance travelled (Week)";"33.054711999999995";"km";
"42984.4466064";"Vehicle acceleration";"-0.03185329517577062";"g";
"42984.4466064";"Vehicle speed";"3";"km/h";
"42984.473182";"Fuel/Air commanded equivalence ratio";"14.640051240000002";"";
"42984.5701465";"Fuel economizer (based on fuel system status and throttle position)";"1";"";
"42984.5701465";"Throttle position";"19.215686274509803";"%";
"42984.6096246";"Average fuel consumption";"5.386564182724812";"L/100km";
"42984.6096246";"Average fuel consumption (Today)";"7.359243365608554";"L/100km";
"42984.6096246";"Average fuel consumption (total)";"6.392894945273803";"L/100km";
"42984.6096246";"Average fuel consumption (Week)";"6.47826548904737";"L/100km";
"42984.6096246";"Average fuel consumption 10 sec";"5.395321161421113";"L/100km";
"42984.6096246";"Calculated instant fuel rate";"0.7511763513453797";"L/h";
"42984.6096246";"Fuel used";"0.037167712647718114";"L";
"42984.6096246";"Fuel used (Today)";"0.050779";"L";
"42984.6096246";"Fuel used (total)";"2.6927079999999997";"L";
"42984.6096246";"Fuel used (Week)";"2.1413719999999996";"L";
"42984.6096246";"Fuel used price";"0.06132672586873488";"€";
"42984.6096246";"Fuel used price (Today)";"0.08378535";"€";
"42984.6096246";"Fuel used price (total)";"4.4429682";"€";
"42984.6096246";"Fuel used price (Week)";"3.5332637999999994";"€";
"42984.6096246";"Instant engine power (based on fuel consumption)";"2.9387505457583054";"hp";
"42984.6096246";"MAF air flow rate";"2.23";"g/sec";
"42984.6096246";"Power from MAF";"2.6759999999999997";"hp";
"42984.6528087";"Average speed";"29.223442830670102";"km/h";
"42984.6528087";"Calculated instant fuel consumption";"25.03921171151266";"L/100km";
"42984.6528087";"Distance travelled";"0.690179615138889";"km";
"42984.6528087";"Distance travelled (Today)";"0.690175";"km";
"42984.6528087";"Distance travelled (total)";"42.120495000000005";"km";
"42984.6528087";"Distance travelled (Week)";"33.054884";"km";
"42984.6528087";"Vehicle acceleration";"0";"g";
"42984.6528087";"Vehicle speed";"3";"km/h";
"42984.7028027";"Fuel/Air commanded equivalence ratio";"14.640051240000002";"";
"42984.7978605";"Fuel economizer (based on fuel system status and throttle position)";"1";"";
"42984.7978605";"Throttle position";"19.215686274509803";"%";
"42984.8426998";"Average fuel consumption";"5.392332236127755";"L/100km";
"42984.8426998";"Average fuel consumption (Today)";"7.36450900134024";"L/100km";
"42984.8426998";"Average fuel consumption (total)";"6.3929851726576326";"L/100km";
"42984.8426998";"Average fuel consumption (Week)";"6.478380017912027";"L/100km";
"42984.8426998";"Average fuel consumption 10 sec";"5.398202867970731";"L/100km";
"42984.8426998";"Calculated instant fuel rate";"0.7579133589807642";"L/h";
"42984.8426998";"Fuel used";"0.03721677787431679";"L";
"42984.8426998";"Fuel used (Today)";"0.050828";"L";
"42984.8426998";"Fuel used (total)";"2.692757";"L";
"42984.8426998";"Fuel used (Week)";"2.141421";"L";
"42984.8426998";"Fuel used price";"0.061407683492622704";"€";
"42984.8426998";"Fuel used price (Today)";"0.08386619999999999";"€";
"42984.8426998";"Fuel used price (total)";"4.44304905";"€";
"42984.8426998";"Fuel used price (Week)";"3.5333446499999996";"€";
"42984.8426998";"Instant engine power (based on fuel consumption)";"2.96510705289515";"hp";
"42984.8426998";"MAF air flow rate";"2.25";"g/sec";
"42984.8426998";"Power from MAF";"2.6999999999999997";"hp";
"42984.8824375";"Average speed";"29.15280890591385";"km/h";
"42984.8824375";"Calculated instant fuel consumption";"25.26377863269214";"L/100km";
"42984.8824375";"Distance travelled";"0.6903709733055557";"km";
"42984.8824375";"Distance travelled (Today)";"0.690366";"km";
"42984.8824375";"Distance travelled (total)";"42.120686000000006";"km";
"42984.8824375";"Distance travelled (Week)";"33.055074999999995";"km";
"42984.8824375";"Vehicle acceleration";"0";"g";
"42984.8824375";"Vehicle speed";"3";"km/h";
"42984.9217588";"Fuel/Air commanded equivalence ratio";"14.640051240000002";"";
"42985.0089272";"Fuel economizer (based on fuel system status and throttle position)";"1";"";
"42985.0089272";"Throttle position";"19.215686274509803";"%";
"42985.0571607";"Average fuel consumption";"5.397379682516506";"L/100km";
"42985.0571607";"Average fuel consumption (Today)";"7.368989782231454";"L/100km";
"42985.0571607";"Average fuel consumption (total)";"6.393063018964123";"L/100km";
"42985.0571607";"Average fuel consumption (Week)";"6.478478720741066";"L/100km";
"42985.0571607";"Average fuel consumption 10 sec";"5.398185353386599";"L/100km";
"42985.0571607";"Calculated instant fuel rate";"0.7579133589807642";"L/h";
"42985.0571607";"Fuel used";"0.03726194264718552";"L";
"42985.0571607";"Fuel used (Today)";"0.050873";"L";
"42985.0571607";"Fuel used (total)";"2.6928019999999995";"L";
"42985.0571607";"Fuel used (Week)";"2.1414659999999994";"L";
"42985.0571607";"Fuel used price";"0.061482205367856105";"€";
"42985.0571607";"Fuel used price (Today)";"0.08394045";"€";
"42985.0571607";"Fuel used price (total)";"4.4431233";"€";
"42985.0571607";"Fuel used price (Week)";"3.5334188999999996";"€";
"42985.0571607";"Instant engine power (based on fuel consumption)";"2.96510705289515";"hp";
"42985.0571607";"MAF air flow rate";"2.25";"g/sec";
"42985.0571607";"Power from MAF";"2.6999999999999997";"hp";
"42985.0969255";"Average speed";"29.087159003142173";"km/h";
"42985.0969255";"Calculated instant fuel consumption";"25.26377863269214";"L/100km";
"42985.0969255";"Distance travelled";"0.6905497581388891";"km";
"42985.0969255";"Distance travelled (Today)";"0.690545";"km";
"42985.0969255";"Distance travelled (total)";"42.12086500000001";"km";
"42985.0969255";"Distance travelled (Week)";"33.055254";"km";
"42985.0969255";"Vehicle acceleration";"0";"g";
"42985.0969255";"Vehicle speed";"3";"km/h";
"42985.1651892";"Fuel/Air commanded equivalence ratio";"14.640051240000002";"";
"42985.2453386";"Fuel economizer (based on fuel system status and throttle position)";"1";"";
"42985.2453386";"Throttle position";"19.215686274509803";"%";
"42985.2864962";"Average fuel consumption";"5.4028484043245";"L/100km";
"42985.2864962";"Average fuel consumption (Today)";"7.37388584379005";"L/100km";
"42985.2864962";"Average fuel consumption (total)";"6.393147434175436";"L/100km";
"42985.2864962";"Average fuel consumption (Week)";"6.478585824813205";"L/100km";
"42985.2864962";"Average fuel consumption 10 sec";"5.39967426005295";"L/100km";
"42985.2864962";"Calculated instant fuel rate";"0.7444393437099951";"L/h";
"42985.2864962";"Fuel used";"0.03730935658867366";"L";
"42985.2864962";"Fuel used (Today)";"0.05092";"L";
"42985.2864962";"Fuel used (total)";"2.692849";"L";
"42985.2864962";"Fuel used (Week)";"2.1415129999999998";"L";
"42985.2864962";"Fuel used price";"0.06156043837131154";"€";
"42985.2864962";"Fuel used price (Today)";"0.084018";"€";
"42985.2864962";"Fuel used price (total)";"4.44320085";"€";
"42985.2864962";"Fuel used price (Week)";"3.5334964499999995";"€";
"42985.2864962";"Instant engine power (based on fuel consumption)";"2.9123940386214593";"hp";
"42985.2864962";"MAF air flow rate";"2.21";"g/sec";
"42985.2864962";"Power from MAF";"2.6519999999999997";"hp";
"42985.3258892";"Average speed";"29.01747216413508";"km/h";
"42985.3258892";"Calculated instant fuel consumption";"24.814644790333173";"L/100km";
"42985.3258892";"Distance travelled";"0.6907405239722224";"km";
"42985.3258892";"Distance travelled (Today)";"0.690736";"km";
"42985.3258892";"Distance travelled (total)";"42.12105600000001";"km";
"42985.3258892";"Distance travelled (Week)";"33.055445";"km";
"42985.3258892";"Vehicle acceleration";"0";"g";
"42985.3258892";"Vehicle speed";"3";"km/h";
"42985.3694298";"Fuel/Air commanded equivalence ratio";"14.640051240000002";"";
"42985.453942";"Fuel economizer (based on fuel system status and throttle position)";"1";"";
"42985.453942";"Throttle position";"19.215686274509803";"%";
"42985.4969102";"Average fuel consumption";"5.4076270556672785";"L/100km";
"42985.4969102";"Average fuel consumption (Today)";"7.378072085427718";"L/100km";
"42985.4969102";"Average fuel consumption (total)";"6.393220530843288";"L/100km";
"42985.4969102";"Average fuel consumption (Week)";"6.47867847490784";"L/100km";
"42985.4969102";"Average fuel consumption 10 sec";"5.400970081838599";"L/100km";
"42985.4969102";"Calculated instant fuel rate";"0.7410708398923029";"L/h";
"42985.4969102";"Fuel used";"0.037352671458779824";"L";
"42985.4969102";"Fuel used (Today)";"0.050963";"L";
"42985.4969102";"Fuel used (total)";"2.6928919999999996";"L";
"42985.4969102";"Fuel used (Week)";"2.1415559999999996";"L";
"42985.4969102";"Fuel used price";"0.06163190790698671";"€";
"42985.4969102";"Fuel used price (Today)";"0.08408895";"€";
"42985.4969102";"Fuel used price (total)";"4.443271800000001";"€";
"42985.4969102";"Fuel used price (Week)";"3.5335673999999995";"€";
"42985.4969102";"Instant engine power (based on fuel consumption)";"2.8992157850530367";"hp";
"42985.4969102";"MAF air flow rate";"2.2";"g/sec";
"42985.4969102";"Power from MAF";"2.64";"hp";
"42985.5469835";"Average speed";"28.950519493770642";"km/h";
"42985.5469835";"Calculated instant fuel consumption";"24.702361329743432";"L/100km";
"42985.5469835";"Distance travelled";"0.6909247701388891";"km";
"42985.5469835";"Distance travelled (Today)";"0.69092";"km";
"42985.5469835";"Distance travelled (total)";"42.12124000000001";"km";
"42985.5469835";"Distance travelled (Week)";"33.055628999999996";"km";
"42985.5469835";"Vehicle acceleration";"0";"g";
"42985.5469835";"Vehicle speed";"3";"km/h";
"42985.5871789";"Fuel/Air commanded equivalence ratio";"14.640051240000002";"";
"42985.6800598";"Fuel economizer (based on fuel system status and throttle position)";"1";"";
"42985.6800598";"Throttle position";"19.215686274509803";"%";
"42985.7239346";"Average fuel consumption";"5.413040793323285";"L/100km";
"42985.7239346";"Average fuel consumption (Today)";"7.382909743530366";"L/100km";
"42985.7239346";"Average fuel consumption (total)";"6.393304185726723";"L/100km";
"42985.7239346";"Average fuel consumption (Week)";"6.478784596717248";"L/100km";
"42985.7239346";"Average fuel consumption 10 sec";"5.401641790701968";"L/100km";
"42985.7239346";"Calculated instant fuel rate";"0.7511763513453797";"L/h";
"42985.7239346";"Fuel used";"0.037400039658793204";"L";
"42985.7239346";"Fuel used (Today)";"0.05101";"L";
"42985.7239346";"Fuel used (total)";"2.6929389999999995";"L";
"42985.7239346";"Fuel used (Week)";"2.1416029999999995";"L";
"42985.7239346";"Fuel used price";"0.061710065437008785";"€";
"42985.7239346";"Fuel used price (Today)";"0.08416649999999999";"€";
"42985.7239346";"Fuel used price (total)";"4.44334935";"€";
"42985.7239346";"Fuel used price (Week)";"3.5336449499999993";"€";
"42985.7239346";"Instant engine power (based on fuel consumption)";"2.9387505457583054";"hp";
"42985.7239346";"MAF air flow rate";"2.23";"g/sec";
"42985.7239346";"Power from MAF";"2.6759999999999997";"hp";
"42985.7630056";"Average speed";"28.8854390839383";"km/h";
"42985.7630056";"Calculated instant fuel consumption";"25.03921171151266";"L/100km";
"42985.7630056";"Distance travelled";"0.6911047775555558";"km";
"42985.7630056";"Distance travelled (Today)";"0.6911";"km";
"42985.7630056";"Distance travelled (total)";"42.12142000000001";"km";
"42985.7630056";"Distance travelled (Week)";"33.055808999999996";"km";
"42985.7630056";"Vehicle acceleration";"0";"g";
"42985.7630056";"Vehicle speed";"3";"km/h";
"42985.804396";"Fuel/Air commanded equivalence ratio";"14.640051240000002";"";
"42985.881631";"Fuel economizer (based on fuel system status and throttle position)";"1";"";
"42985.881631";"Throttle position";"19.215686274509803";"%";
"42985.9216026";"Average fuel consumption";"5.417546465275214";"L/100km";
"42985.9216026";"Average fuel consumption (Today)";"7.386919403848936";"L/100km";
"42985.9216026";"Average fuel consumption (total)";"6.393374202484149";"L/100km";
"42985.9216026";"Average fuel consumption (Week)";"6.478873350218111";"L/100km";
"42985.9216026";"Average fuel consumption 10 sec";"5.401925598495148";"L/100km";
"42985.9216026";"Calculated instant fuel rate";"0.7444393437099951";"L/h";
"42985.9216026";"Fuel used";"0.03744092244780914";"L";
"42985.9216026";"Fuel used (Today)";"0.051051";"L";
"42985.9216026";"Fuel used (total)";"2.6929799999999995";"L";
"42985.9216026";"Fuel used (Week)";"2.1416439999999994";"L";
"42985.9216026";"Fuel used price";"0.06177752203888508";"€";
"42985.9216026";"Fuel used price (Today)";"0.08423415";"€";
"42985.9216026";"Fuel used price (total)";"4.443417";"€";
"42985.9216026";"Fuel used price (Week)";"3.5337125999999994";"€";
"42985.9216026";"Instant engine power (based on fuel consumption)";"2.9123940386214593";"hp";
"42985.9216026";"MAF air flow rate";"2.21";"g/sec";
"42985.9216026";"Power from MAF";"2.6519999999999997";"hp";
"42985.9710088";"Average speed";"28.815842956664163";"km/h";
"42985.9710088";"Distance travelled";"0.6911047775555558";"km";
"42985.9710088";"Distance travelled (Today)";"0.6911";"km";
"42985.9710088";"Distance travelled (total)";"42.12142000000001";"km";
"42985.9710088";"Distance travelled (Week)";"33.055808999999996";"km";
"42985.9710088";"Vehicle acceleration";"-0.09721766948267639";"g";
"42985.9710088";"Vehicle speed";"0";"km/h";
"42986.0091443";"Fuel/Air commanded equivalence ratio";"14.640051240000002";"";
"42986.0890365";"Fuel economizer (based on fuel system status and throttle position)";"1";"";
"42986.0890365";"Throttle position";"19.215686274509803";"%";
"42986.1260585";"Average fuel consumption";"5.423662847542452";"L/100km";
"42986.1260585";"Average fuel consumption (Today)";"7.3929966719722175";"L/100km";
"42986.1260585";"Average fuel consumption (total)";"6.393473914222263";"L/100km";
"42986.1260585";"Average fuel consumption (Week)";"6.479000408067458";"L/100km";
"42986.1260585";"Average fuel consumption 10 sec";"5.4018151919362625";"L/100km";
"42986.1260585";"Calculated instant fuel rate";"0.7444393437099951";"L/h";
"42986.1260585";"Fuel used";"0.03748319305787159";"L";
"42986.1260585";"Fuel used (Today)";"0.051093";"L";
"42986.1260585";"Fuel used (total)";"2.6930219999999996";"L";
"42986.1260585";"Fuel used (Week)";"2.1416859999999995";"L";
"42986.1260585";"Fuel used price";"0.06184726854548812";"€";
"42986.1260585";"Fuel used price (Today)";"0.08430344999999999";"€";
"42986.1260585";"Fuel used price (total)";"4.4434863";"€";
"42986.1260585";"Fuel used price (Week)";"3.5337818999999997";"€";
"42986.1260585";"Instant engine power (based on fuel consumption)";"2.9123940386214593";"hp";
"42986.1260585";"MAF air flow rate";"2.21";"g/sec";
"42986.1260585";"Power from MAF";"2.6519999999999997";"hp";
"42986.1698297";"Average speed";"28.749656440479242";"km/h";
"42986.1698297";"Distance travelled";"0.6911047775555558";"km";
"42986.1698297";"Distance travelled (Today)";"0.6911";"km";
"42986.1698297";"Distance travelled (total)";"42.12142000000001";"km";
"42986.1698297";"Distance travelled (Week)";"33.055808999999996";"km";
"42986.1698297";"Vehicle acceleration";"-0.10068997883321634";"g";
"42986.1698297";"Vehicle speed";"0";"km/h";
"42986.206034";"Fuel/Air commanded equivalence ratio";"14.640051240000002";"";
"42986.2909176";"Fuel economizer (based on fuel system status and throttle position)";"1";"";
"42986.2909176";"Throttle position";"19.215686274509803";"%";
"42986.3296591";"Average fuel consumption";"5.429867000988567";"L/100km";
"42986.3296591";"Average fuel consumption (Today)";"7.3992186369555775";"L/100km";
"42986.3296591";"Average fuel consumption (total)";"6.3935760000493795";"L/100km";
"42986.3296591";"Average fuel consumption (Week)";"6.479130491103697";"L/100km";
"42986.3296591";"Average fuel consumption 10 sec";"5.401208294745399";"L/100km";
"42986.3296591";"Calculated instant fuel rate";"0.7579133589807642";"L/h";
"42986.3296591";"Fuel used";"0.03752607025874457";"L";
"42986.3296591";"Fuel used (Today)";"0.051136";"L";
"42986.3296591";"Fuel used (total)";"2.693065";"L";
"42986.3296591";"Fuel used (Week)";"2.1417289999999998";"L";
"42986.3296591";"Fuel used price";"0.061918015926928534";"€";
"42986.3296591";"Fuel used price (Today)";"0.08437439999999999";"€";
"42986.3296591";"Fuel used price (total)";"4.4435572500000005";"€";
"42986.3296591";"Fuel used price (Week)";"3.5338528499999997";"€";
"42986.3296591";"Instant engine power (based on fuel consumption)";"2.96510705289515";"hp";
"42986.3296591";"MAF air flow rate";"2.25";"g/sec";
"42986.3296591";"Power from MAF";"2.6999999999999997";"hp";
"42986.375028";"Average speed";"28.68162613855615";"km/h";
"42986.375028";"Distance travelled";"0.6911047775555558";"km";
"42986.375028";"Distance travelled (Today)";"0.6911";"km";
"42986.375028";"Distance travelled (total)";"42.12142000000001";"km";
"42986.375028";"Distance travelled (Week)";"33.055808999999996";"km";
"42986.375028";"Vehicle acceleration";"-0.10262292797246285";"g";
"42986.375028";"Vehicle speed";"0";"km/h";
"42986.4294226";"Fuel/Air commanded equivalence ratio";"14.640051240000002";"";
"42986.5169485";"Fuel economizer (based on fuel system status and throttle position)";"1";"";
"42986.5169485";"Throttle position";"19.215686274509803";"%";
"42986.5496528";"Average fuel consumption";"5.436506096099883";"L/100km";
"42986.5496528";"Average fuel consumption (Today)";"7.405874692519172";"L/100km";
"42986.5496528";"Average fuel consumption (total)";"6.393685208143503";"L/100km";
"42986.5496528";"Average fuel consumption (Week)";"6.479269649700601";"L/100km";
"42986.5496528";"Average fuel consumption 10 sec";"5.400205865078183";"L/100km";
"42986.5496528";"Calculated instant fuel rate";"0.7511763513453797";"L/h";
"42986.5496528";"Fuel used";"0.03757195336224533";"L";
"42986.5496528";"Fuel used (Today)";"0.051182";"L";
"42986.5496528";"Fuel used (total)";"2.6931109999999996";"L";
"42986.5496528";"Fuel used (Week)";"2.1417749999999995";"L";
"42986.5496528";"Fuel used price";"0.06199372304770479";"€";
"42986.5496528";"Fuel used price (Today)";"0.08445029999999999";"€";
"42986.5496528";"Fuel used price (total)";"4.44363315";"€";
"42986.5496528";"Fuel used price (Week)";"3.5339287499999994";"€";
"42986.5496528";"Instant engine power (based on fuel consumption)";"2.9387505457583054";"hp";
"42986.5496528";"MAF air flow rate";"2.23";"g/sec";
"42986.5496528";"Power from MAF";"2.6759999999999997";"hp";
"42986.5977557";"Average speed";"28.608161574637275";"km/h";
"42986.5977557";"Distance travelled";"0.6911047775555558";"km";
"42986.5977557";"Distance travelled (Today)";"0.6911";"km";
"42986.5977557";"Distance travelled (total)";"42.12142000000001";"km";
"42986.5977557";"Distance travelled (Week)";"33.055808999999996";"km";
"42986.5977557";"Vehicle acceleration";"-0.10179853934924965";"g";
"42986.5977557";"Vehicle speed";"0";"km/h";
"42986.6368237";"Fuel/Air commanded equivalence ratio";"14.640051240000002";"";
"42986.7170561";"Fuel economizer (based on fuel system status and throttle position)";"1";"";
"42986.7170561";"Throttle position";"19.215686274509803";"%";
"42986.7630341";"Average fuel consumption";"5.442950719895377";"L/100km";
"42986.7630341";"Average fuel consumption (Today)";"7.412386051222688";"L/100km";
"42986.7630341";"Average fuel consumption (total)";"6.3937920421486245";"L/100km";
"42986.7630341";"Average fuel consumption (Week)";"6.479405783110617";"L/100km";
"42986.7630341";"Average fuel consumption 10 sec";"5.398794632856643";"L/100km";
"42986.7630341";"Calculated instant fuel rate";"0.7511763513453797";"L/h";
"42986.7630341";"Fuel used";"0.03761649246519146";"L";
"42986.7630341";"Fuel used (Today)";"0.051227";"L";
"42986.7630341";"Fuel used (total)";"2.6931559999999997";"L";
"42986.7630341";"Fuel used (Week)";"2.1418199999999996";"L";
"42986.7630341";"Fuel used price";"0.06206721256756591";"€";
"42986.7630341";"Fuel used price (Today)";"0.08452454999999999";"€";
"42986.7630341";"Fuel used price (total)";"4.4437074";"€";
"42986.7630341";"Fuel used price (Week)";"3.5340029999999993";"€";
"42986.7630341";"Instant engine power (based on fuel consumption)";"2.9387505457583054";"hp";
"42986.7630341";"MAF air flow rate";"2.23";"g/sec";
"42986.7630341";"Power from MAF";"2.6759999999999997";"hp";
"42986.8014628";"Average speed";"28.541330718999966";"km/h";
"42986.8014628";"Distance travelled";"0.6911047775555558";"km";
"42986.8014628";"Distance travelled (Today)";"0.6911";"km";
"42986.8014628";"Distance travelled (total)";"42.12142000000001";"km";
"42986.8014628";"Distance travelled (Week)";"33.055808999999996";"km";
"42986.8014628";"Vehicle acceleration";"0";"g";
"42986.8014628";"Vehicle speed";"0";"km/h";
"42986.8418882";"Fuel/Air commanded equivalence ratio";"14.640051240000002";"";
"42986.9183751";"Fuel economizer (based on fuel system status and throttle position)";"1";"";
"42986.9183751";"Throttle position";"19.215686274509803";"%";
"42986.9567508";"Average fuel consumption";"5.448746281172383";"L/100km";
"42986.9567508";"Average fuel consumption (Today)";"7.418173925625813";"L/100km";
"42986.9567508";"Average fuel consumption (total)";"6.393887005708732";"L/100km";
"42986.9567508";"Average fuel consumption (Week)";"6.479526790586187";"L/100km";
"42986.9567508";"Average fuel consumption 10 sec";"5.397505873787703";"L/100km";
"42986.9567508";"Calculated instant fuel rate";"0.7444393437099951";"L/h";
"42986.9567508";"Fuel used";"0.03765654586606302";"L";
"42986.9567508";"Fuel used (Today)";"0.051267";"L";
"42986.9567508";"Fuel used (total)";"2.6931959999999995";"L";
"42986.9567508";"Fuel used (Week)";"2.1418599999999994";"L";
"42986.9567508";"Fuel used price";"0.06213330067900398";"€";
"42986.9567508";"Fuel used price (Today)";"0.08459054999999999";"€";
"42986.9567508";"Fuel used price (total)";"4.4437734";"€";
"42986.9567508";"Fuel used price (Week)";"3.5340689999999997";"€";
"42986.9567508";"Instant engine power (based on fuel consumption)";"2.9123940386214593";"hp";
"42986.9567508";"MAF air flow rate";"2.21";"g/sec";
"42986.9567508";"Power from MAF";"2.6519999999999997";"hp";
"42987.0058418";"Average speed";"28.474572306373574";"km/h";
"42987.0058418";"Distance travelled";"0.6911047775555558";"km";
"42987.0058418";"Distance travelled (Today)";"0.6911";"km";
"42987.0058418";"Distance travelled (total)";"42.12142000000001";"km";
"42987.0058418";"Distance travelled (Week)";"33.055808999999996";"km";
"42987.0058418";"Vehicle acceleration";"0";"g";
"42987.0058418";"Vehicle speed";"0";"km/h";
"42987.0462815";"Fuel/Air commanded equivalence ratio";"14.640051240000002";"";
"42987.1272193";"Fuel economizer (based on fuel system status and throttle position)";"1";"";
"42987.1272193";"Throttle position";"18.823529411764707";"%";
"42987.1698057";"Average fuel consumption";"5.455034172586348";"L/100km";
"42987.1698057";"Average fuel consumption (Today)";"7.424395890609174";"L/100km";
"42987.1698057";"Average fuel consumption (total)";"6.393989091535849";"L/100km";
"42987.1698057";"Average fuel consumption (Week)";"6.4796568736224245";"L/100km";
"42987.1698057";"Average fuel consumption 10 sec";"5.396406009619228";"L/100km";
"42987.1698057";"Calculated instant fuel rate";"0.7343338322569183";"L/h";
"42987.1698057";"Fuel used";"0.03770000178403243";"L";
"42987.1698057";"Fuel used (Today)";"0.05131";"L";
"42987.1698057";"Fuel used (total)";"2.6932389999999997";"L";
"42987.1698057";"Fuel used (Week)";"2.1419029999999997";"L";
"42987.1698057";"Fuel used price";"0.06220500294365351";"€";
"42987.1698057";"Fuel used price (Today)";"0.0846615";"€";
"42987.1698057";"Fuel used price (total)";"4.44384435";"€";
"42987.1698057";"Fuel used price (Week)";"3.5341399499999997";"€";
"42987.1698057";"Instant engine power (based on fuel consumption)";"2.872859277916191";"hp";
"42987.1698057";"MAF air flow rate";"2.18";"g/sec";
"42987.1698057";"Power from MAF";"2.616";"hp";
"42987.2063892";"Average speed";"28.409367328861716";"km/h";
"42987.2063892";"Distance travelled";"0.6911047775555558";"km";
"42987.2063892";"Distance travelled (Today)";"0.6911";"km";
"42987.2063892";"Distance travelled (total)";"42.12142000000001";"km";
"42987.2063892";"Distance travelled (Week)";"33.055808999999996";"km";
"42987.2063892";"Vehicle acceleration";"0";"g";
"42987.2063892";"Vehicle speed";"0";"km/h";
"42987.2463294";"Fuel/Air commanded equivalence ratio";"14.640051240000002";"";
"42987.333123";"Fuel economizer (based on fuel system status and throttle position)";"1";"";
"42987.333123";"Throttle position";"18.823529411764707";"%";
"42987.3735245";"Average fuel consumption";"5.460936524292737";"L/100km";
"42987.3735245";"Average fuel consumption (Today)";"7.430328461872377";"L/100km";
"42987.3735245";"Average fuel consumption (total)";"6.394086429184959";"L/100km";
"42987.3735245";"Average fuel consumption (Week)";"6.4797809062848835";"L/100km";
"42987.3735245";"Average fuel consumption 10 sec";"5.395510393167038";"L/100km";
"42987.3735245";"Calculated instant fuel rate";"0.7208598169861492";"L/h";
"42987.3735245";"Fuel used";"0.037740793218663415";"L";
"42987.3735245";"Fuel used (Today)";"0.051351";"L";
"42987.3735245";"Fuel used (total)";"2.6932799999999997";"L";
"42987.3735245";"Fuel used (Week)";"2.1419439999999996";"L";
"42987.3735245";"Fuel used price";"0.06227230881079463";"€";
"42987.3735245";"Fuel used price (Today)";"0.08472914999999999";"€";
"42987.3735245";"Fuel used price (total)";"4.443912";"€";
"42987.3735245";"Fuel used price (Week)";"3.5342075999999993";"€";
"42987.3735245";"Instant engine power (based on fuel consumption)";"2.820146263642499";"hp";
"42987.3735245";"MAF air flow rate";"2.14";"g/sec";
"42987.3735245";"Power from MAF";"2.568";"hp";
"42987.4172743";"Average speed";"28.341122835888687";"km/h";
"42987.4172743";"Distance travelled";"0.6911047775555558";"km";
"42987.4172743";"Distance travelled (Today)";"0.6911";"km";
"42987.4172743";"Distance travelled (total)";"42.12142000000001";"km";
"42987.4172743";"Distance travelled (Week)";"33.055808999999996";"km";
"42987.4172743";"Vehicle acceleration";"0";"g";
"42987.4172743";"Vehicle speed";"0";"km/h";
"42987.4536886";"Fuel/Air commanded equivalence ratio";"14.640051240000002";"";
"42987.53026";"Fuel economizer (based on fuel system status and throttle position)";"1";"";
"42987.53026";"Throttle position";"18.823529411764707";"%";
"42987.5736288";"Average fuel consumption";"5.46676264521971";"L/100km";
"42987.5736288";"Average fuel consumption (Today)";"7.436116336275503";"L/100km";
"42987.5736288";"Average fuel consumption (total)";"6.394181392745066";"L/100km";
"42987.5736288";"Average fuel consumption (Week)";"6.479901913760451";"L/100km";
"42987.5736288";"Average fuel consumption 10 sec";"5.3948292207622455";"L/100km";
"42987.5736288";"Calculated instant fuel rate";"0.7242283208038415";"L/h";
"42987.5736288";"Fuel used";"0.03778105781873589";"L";
"42987.5736288";"Fuel used (Today)";"0.051391";"L";
"42987.5736288";"Fuel used (total)";"2.6933199999999995";"L";
"42987.5736288";"Fuel used (Week)";"2.1419839999999994";"L";
"42987.5736288";"Fuel used price";"0.06233874540091422";"€";
"42987.5736288";"Fuel used price (Today)";"0.08479514999999999";"€";
"42987.5736288";"Fuel used price (total)";"4.443978";"€";
"42987.5736288";"Fuel used price (Week)";"3.5342735999999997";"€";
"42987.5736288";"Instant engine power (based on fuel consumption)";"2.8333245172109227";"hp";
"42987.5736288";"MAF air flow rate";"2.15";"g/sec";
"42987.5736288";"Power from MAF";"2.5799999999999996";"hp";
"42987.6151372";"Average speed";"28.277381592712732";"km/h";
"42987.6151372";"Distance travelled";"0.6911047775555558";"km";
"42987.6151372";"Distance travelled (Today)";"0.6911";"km";
"42987.6151372";"Distance travelled (total)";"42.12142000000001";"km";
"42987.6151372";"Distance travelled (Week)";"33.055808999999996";"km";
"42987.6151372";"Vehicle acceleration";"0";"g";
"42987.6151372";"Vehicle speed";"0";"km/h";
"42987.6578017";"Fuel/Air commanded equivalence ratio";"14.640051240000002";"";
"42987.7658798";"Fuel economizer (based on fuel system status and throttle position)";"1";"";
"42987.7658798";"Throttle position";"18.823529411764707";"%";
"42987.8046648";"Average fuel consumption";"5.473330242369926";"L/100km";
"42987.8046648";"Average fuel consumption (Today)";"7.442627694979019";"L/100km";
"42987.8046648";"Average fuel consumption (total)";"6.394288226750188";"L/100km";
"42987.8046648";"Average fuel consumption (Week)";"6.480038047170468";"L/100km";
"42987.8046648";"Average fuel consumption 10 sec";"5.394406825311668";"L/100km";
"42987.8046648";"Calculated instant fuel rate";"0.70738580171538";"L/h";
"42987.8046648";"Fuel used";"0.03782644679641164";"L";
"42987.8046648";"Fuel used (Today)";"0.051436";"L";
"42987.8046648";"Fuel used (total)";"2.6933649999999996";"L";
"42987.8046648";"Fuel used (Week)";"2.1420289999999995";"L";
"42987.8046648";"Fuel used price";"0.0624136372140792";"€";
"42987.8046648";"Fuel used price (Today)";"0.0848694";"€";
"42987.8046648";"Fuel used price (total)";"4.44405225";"€";
"42987.8046648";"Fuel used price (Week)";"3.5343478499999996";"€";
"42987.8046648";"Instant engine power (based on fuel consumption)";"2.767433249368808";"hp";
"42987.8046648";"MAF air flow rate";"2.1";"g/sec";
"42987.8046648";"Power from MAF";"2.52";"hp";
"42987.8480604";"Average speed";"28.202723638383297";"km/h";
"42987.8480604";"Distance travelled";"0.6911047775555558";"km";
"42987.8480604";"Distance travelled (Today)";"0.6911";"km";
"42987.8480604";"Distance travelled (total)";"42.12142000000001";"km";
"42987.8480604";"Distance travelled (Week)";"33.055808999999996";"km";
"42987.8480604";"Vehicle acceleration";"0";"g";
"42987.8480604";"Vehicle speed";"0";"km/h";
"42987.8979607";"Fuel/Air commanded equivalence ratio";"14.640051240000002";"";
"42987.9906658";"Fuel economizer (based on fuel system status and throttle position)";"1";"";
"42987.9906658";"Throttle position";"18.823529411764707";"%";
"42988.0302135";"Average fuel consumption";"5.4794679206407295";"L/100km";
"42988.0302135";"Average fuel consumption (Today)";"7.4487049631023";"L/100km";
"42988.0302135";"Average fuel consumption (total)";"6.394387938488301";"L/100km";
"42988.0302135";"Average fuel consumption (Week)";"6.480165105019816";"L/100km";
"42988.0302135";"Average fuel consumption 10 sec";"5.394219434987132";"L/100km";
"42988.0302135";"Calculated instant fuel rate";"0.6770692673561495";"L/h";
"42988.0302135";"Fuel used";"0.03786886458417215";"L";
"42988.0302135";"Fuel used (Today)";"0.051478";"L";
"42988.0302135";"Fuel used (total)";"2.6934069999999997";"L";
"42988.0302135";"Fuel used (Week)";"2.1420709999999996";"L";
"42988.0302135";"Fuel used price";"0.062483626563884044";"€";
"42988.0302135";"Fuel used price (Today)";"0.08493869999999999";"€";
"42988.0302135";"Fuel used price (total)";"4.44412155";"€";
"42988.0302135";"Fuel used price (Week)";"3.5344171499999995";"€";
"42988.0302135";"Instant engine power (based on fuel consumption)";"2.6488289672530017";"hp";
"42988.0302135";"MAF air flow rate";"2.0100000000000002";"g/sec";
"42988.0302135";"Power from MAF";"2.4120000000000004";"hp";
"42988.0689144";"Average speed";"28.132296734482868";"km/h";
"42988.0689144";"Distance travelled";"0.6911047775555558";"km";
"42988.0689144";"Distance travelled (Today)";"0.6911";"km";
"42988.0689144";"Distance travelled (total)";"42.12142000000001";"km";
"42988.0689144";"Distance travelled (Week)";"33.055808999999996";"km";
"42988.0689144";"Vehicle acceleration";"0";"g";
"42988.0689144";"Vehicle speed";"0";"km/h";
"42988.1057936";"Fuel/Air commanded equivalence ratio";"14.640051240000002";"";
"42988.1866291";"Fuel economizer (based on fuel system status and throttle position)";"1";"";
"42988.1866291";"Throttle position";"18.823529411764707";"%";
"42988.2263106";"Average fuel consumption";"5.4848843023231755";"L/100km";
"42988.2263106";"Average fuel consumption (Today)";"7.454058746925191";"L/100km";
"42988.2263106";"Average fuel consumption (total)";"6.394475779781401";"L/100km";
"42988.2263106";"Average fuel consumption (Week)";"6.480277036934718";"L/100km";
"42988.2263106";"Average fuel consumption 10 sec";"5.394442522263413";"L/100km";
"42988.2263106";"Calculated instant fuel rate";"0.6871747788092263";"L/h";
"42988.2263106";"Fuel used";"0.03790629745675018";"L";
"42988.2263106";"Fuel used (Today)";"0.051515";"L";
"42988.2263106";"Fuel used (total)";"2.6934439999999995";"L";
"42988.2263106";"Fuel used (Week)";"2.1421079999999995";"L";
"42988.2263106";"Fuel used price";"0.06254539080363779";"€";
"42988.2263106";"Fuel used price (Today)";"0.08499975";"€";
"42988.2263106";"Fuel used price (total)";"4.4441826";"€";
"42988.2263106";"Fuel used price (Week)";"3.5344781999999997";"€";
"42988.2263106";"Instant engine power (based on fuel consumption)";"2.688363727958271";"hp";
"42988.2263106";"MAF air flow rate";"2.04";"g/sec";
"42988.2263106";"Power from MAF";"2.448";"hp";
"42988.2653469";"Average speed";"28.069953125919";"km/h";
"42988.2653469";"Distance travelled";"0.6911047775555558";"km";
"42988.2653469";"Distance travelled (Today)";"0.6911";"km";
"42988.2653469";"Distance travelled (total)";"42.12142000000001";"km";
"42988.2653469";"Distance travelled (Week)";"33.055808999999996";"km";
"42988.2653469";"Vehicle acceleration";"0";"g";
"42988.2653469";"Vehicle speed";"0";"km/h";
"42988.3044451";"Fuel/Air commanded equivalence ratio";"14.640051240000002";"";
"42988.3810813";"Fuel economizer (based on fuel system status and throttle position)";"1";"";
"42988.3810813";"Throttle position";"18.823529411764707";"%";
"42988.4213174";"Average fuel consumption";"5.490191167080473";"L/100km";
"42988.4213174";"Average fuel consumption (Today)";"7.459412530748082";"L/100km";
"42988.4213174";"Average fuel consumption (total)";"6.394563621074502";"L/100km";
"42988.4213174";"Average fuel consumption (Week)";"6.480388968849621";"L/100km";
"42988.4213174";"Average fuel consumption 10 sec";"5.395099100503166";"L/100km";
"42988.4213174";"Calculated instant fuel rate";"0.6770692673561495";"L/h";
"42988.4213174";"Fuel used";"0.037942973452626275";"L";
"42988.4213174";"Fuel used (Today)";"0.051552";"L";
"42988.4213174";"Fuel used (total)";"2.693481";"L";
"42988.4213174";"Fuel used (Week)";"2.1421449999999997";"L";
"42988.4213174";"Fuel used price";"0.06260590619683334";"€";
"42988.4213174";"Fuel used price (Today)";"0.08506079999999999";"€";
"42988.4213174";"Fuel used price (total)";"4.444243650000001";"€";
"42988.4213174";"Fuel used price (Week)";"3.5345392499999995";"€";
"42988.4213174";"Instant engine power (based on fuel consumption)";"2.6488289672530017";"hp";
"42988.4213174";"MAF air flow rate";"2.0100000000000002";"g/sec";
"42988.4213174";"Power from MAF";"2.4120000000000004";"hp";
"42988.4620711";"Average speed";"28.007784614434097";"km/h";
"42988.4620711";"Distance travelled";"0.6911047775555558";"km";
"42988.4620711";"Distance travelled (Today)";"0.6911";"km";
"42988.4620711";"Distance travelled (total)";"42.12142000000001";"km";
"42988.4620711";"Distance travelled (Week)";"33.055808999999996";"km";
"42988.4620711";"Vehicle acceleration";"0";"g";
"42988.4620711";"Vehicle speed";"0";"km/h";
"42988.4825844";"Fuel/Air commanded equivalence ratio";"14.640051240000002";"";
"42988.5768488";"Fuel economizer (based on fuel system status and throttle position)";"1";"";
"42988.5768488";"Throttle position";"18.823529411764707";"%";
"42988.6259884";"Average fuel consumption";"5.495844002026368";"L/100km";
"42988.6259884";"Average fuel consumption (Today)";"7.465055708291129";"L/100km";
"42988.6259884";"Average fuel consumption (total)";"6.394656210545607";"L/100km";
"42988.6259884";"Average fuel consumption (Week)";"6.4805069511383";"L/100km";
"42988.6259884";"Average fuel consumption 10 sec";"5.3971979526182325";"L/100km";
"42988.6259884";"Calculated instant fuel rate";"0.6871747788092263";"L/h";
"42988.6259884";"Fuel used";"0.03798204046500469";"L";
"42988.6259884";"Fuel used (Today)";"0.051591";"L";
"42988.6259884";"Fuel used (total)";"2.6935199999999995";"L";
"42988.6259884";"Fuel used (Week)";"2.1421839999999994";"L";
"42988.6259884";"Fuel used price";"0.06267036676725773";"€";
"42988.6259884";"Fuel used price (Today)";"0.08512515";"€";
"42988.6259884";"Fuel used price (total)";"4.444308";"€";
"42988.6259884";"Fuel used price (Week)";"3.5346035999999996";"€";
"42988.6259884";"Instant engine power (based on fuel consumption)";"2.688363727958271";"hp";
"42988.6259884";"MAF air flow rate";"2.04";"g/sec";
"42988.6259884";"Power from MAF";"2.448";"hp";
"42988.6649904";"Average speed";"27.94396394974578";"km/h";
"42988.6649904";"Distance travelled";"0.6911047775555558";"km";
"42988.6649904";"Distance travelled (Today)";"0.6911";"km";
"42988.6649904";"Distance travelled (total)";"42.12142000000001";"km";
"42988.6649904";"Distance travelled (Week)";"33.055808999999996";"km";
"42988.6649904";"Vehicle acceleration";"0";"g";
"42988.6649904";"Vehicle speed";"0";"km/h";
"42988.7139235";"Fuel/Air commanded equivalence ratio";"14.640051240000002";"";
"42988.795734";"Fuel economizer (based on fuel system status and throttle position)";"1";"";
"42988.795734";"Throttle position";"18.823529411764707";"%";
"42988.8509902";"Average fuel consumption";"5.501724365920442";"L/100km";
"42988.8509902";"Average fuel consumption (Today)";"7.4709882795543345";"L/100km";
"42988.8509902";"Average fuel consumption (total)";"6.394753548194717";"L/100km";
"42988.8509902";"Average fuel consumption (Week)";"6.48063098380076";"L/100km";
"42988.8509902";"Average fuel consumption 10 sec";"5.398368322490295";"L/100km";
"42988.8509902";"Calculated instant fuel rate";"0.6501212368146111";"L/h";
"42988.8509902";"Fuel used";"0.038022679940814284";"L";
"42988.8509902";"Fuel used (Today)";"0.051632000000000004";"L";
"42988.8509902";"Fuel used (total)";"2.693561";"L";
"42988.8509902";"Fuel used (Week)";"2.142225";"L";
"42988.8509902";"Fuel used price";"0.06273742190234356";"€";
"42988.8509902";"Fuel used price (Today)";"0.0851928";"€";
"42988.8509902";"Fuel used price (total)";"4.4443756500000005";"€";
"42988.8509902";"Fuel used price (Week)";"3.5346712499999997";"€";
"42988.8509902";"Instant engine power (based on fuel consumption)";"2.543402938705618";"hp";
"42988.8509902";"MAF air flow rate";"1.93";"g/sec";
"42988.8509902";"Power from MAF";"2.316";"hp";
"42988.9032311";"Average speed";"27.869386521478567";"km/h";
"42988.9032311";"Distance travelled";"0.6911047775555558";"km";
"42988.9032311";"Distance travelled (Today)";"0.6911";"km";
"42988.9032311";"Distance travelled (total)";"42.12142000000001";"km";
"42988.9032311";"Distance travelled (Week)";"33.055808999999996";"km";
"42988.9032311";"Vehicle acceleration";"0";"g";
"42988.9032311";"Vehicle speed";"0";"km/h";
"42988.9543061";"Fuel/Air commanded equivalence ratio";"14.640051240000002";"";
"42989.0377619";"Fuel economizer (based on fuel system status and throttle position)";"1";"";
"42989.0377619";"Throttle position";"18.823529411764707";"%";
"42989.0859165";"Average fuel consumption";"5.5080847578407495";"L/100km";
"42989.0859165";"Average fuel consumption (Today)";"7.477354941397771";"L/100km";
"42989.0859165";"Average fuel consumption (total)";"6.394858008110837";"L/100km";
"42989.0859165";"Average fuel consumption (Week)";"6.480764092023886";"L/100km";
"42989.0859165";"Average fuel consumption 10 sec";"5.399949806727965";"L/100km";
"42989.0859165";"Calculated instant fuel rate";"0.6737007635384571";"L/h";
"42989.0859165";"Fuel used";"0.038066636913246785";"L";
"42989.0859165";"Fuel used (Today)";"0.051676";"L";
"42989.0859165";"Fuel used (total)";"2.693605";"L";
"42989.0859165";"Fuel used (Week)";"2.1422689999999998";"L";
"42989.0859165";"Fuel used price";"0.06280995090685719";"€";
"42989.0859165";"Fuel used price (Today)";"0.08526539999999999";"€";
"42989.0859165";"Fuel used price (total)";"4.444448250000001";"€";
"42989.0859165";"Fuel used price (Week)";"3.5347438499999995";"€";
"42989.0859165";"Instant engine power (based on fuel consumption)";"2.6356507136845786";"hp";
"42989.0859165";"MAF air flow rate";"2";"g/sec";
"42989.0859165";"Power from MAF";"2.4";"hp";
"42989.1266392";"Average speed";"27.7998134385246";"km/h";
"42989.1266392";"Distance travelled";"0.6911047775555558";"km";
"42989.1266392";"Distance travelled (Today)";"0.6911";"km";
"42989.1266392";"Distance travelled (total)";"42.12142000000001";"km";
"42989.1266392";"Distance travelled (Week)";"33.055808999999996";"km";
"42989.1266392";"Vehicle acceleration";"0";"g";
"42989.1266392";"Vehicle speed";"0";"km/h";
"42989.1587145";"Fuel/Air commanded equivalence ratio";"14.640051240000002";"";
"42989.2468303";"Fuel economizer (based on fuel system status and throttle position)";"1";"";
"42989.2468303";"Throttle position";"18.823529411764707";"%";
"42989.2965122";"Average fuel consumption";"5.513587321533553";"L/100km";
"42989.2965122";"Average fuel consumption (Today)";"7.482853422080741";"L/100km";
"42989.2965122";"Average fuel consumption (total)";"6.394948223492938";"L/100km";
"42989.2965122";"Average fuel consumption (Week)";"6.480879049125678";"L/100km";
"42989.2965122";"Average fuel consumption 10 sec";"5.40192916073497";"L/100km";
"42989.2965122";"Calculated instant fuel rate";"0.6501212368146111";"L/h";
"42989.2965122";"Fuel used";"0.03810466539381579";"L";
"42989.2965122";"Fuel used (Today)";"0.051714";"L";
"42989.2965122";"Fuel used (total)";"2.693643";"L";
"42989.2965122";"Fuel used (Week)";"2.1423069999999997";"L";
"42989.2965122";"Fuel used price";"0.06287269789979605";"€";
"42989.2965122";"Fuel used price (Today)";"0.0853281";"€";
"42989.2965122";"Fuel used price (total)";"4.444510950000001";"€";
"42989.2965122";"Fuel used price (Week)";"3.5348065499999994";"€";
"42989.2965122";"Instant engine power (based on fuel consumption)";"2.543402938705618";"hp";
"42989.2965122";"MAF air flow rate";"1.93";"g/sec";
"42989.2965122";"Power from MAF";"2.316";"hp";
"42989.3347245";"Average speed";"27.73532905450799";"km/h";
"42989.3347245";"Distance travelled";"0.6911047775555558";"km";
"42989.3347245";"Distance travelled (Today)";"0.6911";"km";
"42989.3347245";"Distance travelled (total)";"42.12142000000001";"km";
"42989.3347245";"Distance travelled (Week)";"33.055808999999996";"km";
"42989.3347245";"Vehicle acceleration";"0";"g";
"42989.3347245";"Vehicle speed";"0";"km/h";
"42989.3748199";"Fuel/Air commanded equivalence ratio";"14.640051240000002";"";
"42989.453487";"Fuel economizer (based on fuel system status and throttle position)";"1";"";
"42989.453487";"Throttle position";"18.823529411764707";"%";
"42989.4881932";"Average fuel consumption";"5.518518474378001";"L/100km";
"42989.4881932";"Average fuel consumption (Today)";"7.487773115323398";"L/100km";
"42989.4881932";"Average fuel consumption (total)";"6.39502894251903";"L/100km";
"42989.4881932";"Average fuel consumption (Week)";"6.4809819054799105";"L/100km";
"42989.4881932";"Average fuel consumption 10 sec";"5.404284889907848";"L/100km";
"42989.4881932";"Calculated instant fuel rate";"0.6400157253615344";"L/h";
"42989.4881932";"Fuel used";"0.03813874482671234";"L";
"42989.4881932";"Fuel used (Today)";"0.051748";"L";
"42989.4881932";"Fuel used (total)";"2.6936769999999997";"L";
"42989.4881932";"Fuel used (Week)";"2.1423409999999996";"L";
"42989.4881932";"Fuel used price";"0.06292892896407536";"€";
"42989.4881932";"Fuel used price (Today)";"0.0853842";"€";
"42989.4881932";"Fuel used price (total)";"4.44456705";"€";
"42989.4881932";"Fuel used price (Week)";"3.5348626499999996";"€";
"42989.4881932";"Instant engine power (based on fuel consumption)";"2.50386817800035";"hp";
"42989.4881932";"MAF air flow rate";"1.9000000000000001";"g/sec";
"42989.4881932";"Power from MAF";"2.2800000000000002";"hp";
"42989.5241718";"Average speed";"27.676859637255397";"km/h";
"42989.5241718";"Distance travelled";"0.6911047775555558";"km";
"42989.5241718";"Distance travelled (Today)";"0.6911";"km";
"42989.5241718";"Distance travelled (total)";"42.12142000000001";"km";
"42989.5241718";"Distance travelled (Week)";"33.055808999999996";"km";
"42989.5241718";"Vehicle acceleration";"0";"g";
"42989.5241718";"Vehicle speed";"0";"km/h";
"42989.549904";"Fuel/Air commanded equivalence ratio";"14.640051240000002";"";
"42989.6374255";"Fuel economizer (based on fuel system status and throttle position)";"1";"";
"42989.6374255";"Throttle position";"18.823529411764707";"%";
"42989.6730832";"Average fuel consumption";"5.523524945518892";"L/100km";
"42989.6730832";"Average fuel consumption (Today)";"7.492837505426132";"L/100km";
"42989.6730832";"Average fuel consumption (total)";"6.395112035634125";"L/100km";
"42989.6730832";"Average fuel consumption (Week)";"6.481087787021034";"L/100km";
"42989.6730832";"Average fuel consumption 10 sec";"5.407000306491561";"L/100km";
"42989.6730832";"Calculated instant fuel rate";"0.6737007635384571";"L/h";
"42989.6730832";"Fuel used";"0.03817334478795397";"L";
"42989.6730832";"Fuel used (Today)";"0.051783";"L";
"42989.6730832";"Fuel used (total)";"2.6937119999999997";"L";
"42989.6730832";"Fuel used (Week)";"2.1423759999999996";"L";
"42989.6730832";"Fuel used price";"0.06298601890012405";"€";
"42989.6730832";"Fuel used price (Today)";"0.08544195";"€";
"42989.6730832";"Fuel used price (total)";"4.444624800000001";"€";
"42989.6730832";"Fuel used price (Week)";"3.5349203999999994";"€";
"42989.6730832";"Instant engine power (based on fuel consumption)";"2.6356507136845786";"hp";
"42989.6730832";"MAF air flow rate";"2";"g/sec";
"42989.6730832";"Power from MAF";"2.4";"hp";
"42989.6896182";"Average speed";"27.62602751095874";"km/h";
"42989.6896182";"Distance travelled";"0.6911047775555558";"km";
"42989.6896182";"Distance travelled (Today)";"0.6911";"km";
"42989.6896182";"Distance travelled (total)";"42.12142000000001";"km";
"42989.6896182";"Distance travelled (Week)";"33.055808999999996";"km";
"42989.6896182";"Vehicle acceleration";"0";"g";
"42989.6896182";"Vehicle speed";"0";"km/h";
"42989.726057";"Fuel/Air commanded equivalence ratio";"14.640051240000002";"";
"42989.800971";"Fuel economizer (based on fuel system status and throttle position)";"1";"";
"42989.800971";"Throttle position";"18.823529411764707";"%";
"42989.8407998";"Average fuel consumption";"5.527728730654625";"L/100km";
"42989.8407998";"Average fuel consumption (Today)";"7.497033714368398";"L/100km";
"42989.8407998";"Average fuel consumption (total)";"6.395180884215203";"L/100km";
"42989.8407998";"Average fuel consumption (Week)";"6.481175517440822";"L/100km";
"42989.8407998";"Average fuel consumption 10 sec";"5.410046351183897";"L/100km";
"42989.8407998";"Calculated instant fuel rate";"0.6231732062730728";"L/h";
"42989.8407998";"Fuel used";"0.03820239734786519";"L";
"42989.8407998";"Fuel used (Today)";"0.051812000000000004";"L";
"42989.8407998";"Fuel used (total)";"2.6937409999999997";"L";
"42989.8407998";"Fuel used (Week)";"2.1424049999999997";"L";
"42989.8407998";"Fuel used price";"0.06303395562397755";"€";
"42989.8407998";"Fuel used price (Today)";"0.0854898";"€";
"42989.8407998";"Fuel used price (total)";"4.44467265";"€";
"42989.8407998";"Fuel used price (Week)";"3.5349682499999995";"€";
"42989.8407998";"Instant engine power (based on fuel consumption)";"2.4379769101582354";"hp";
"42989.8407998";"MAF air flow rate";"1.85";"g/sec";
"42989.8407998";"Power from MAF";"2.22";"hp";
"42989.8816737";"Average speed";"27.567230561973147";"km/h";
"42989.8816737";"Distance travelled";"0.6911047775555558";"km";
"42989.8816737";"Distance travelled (Today)";"0.6911";"km";
"42989.8816737";"Distance travelled (total)";"42.12142000000001";"km";
"42989.8816737";"Distance travelled (Week)";"33.055808999999996";"km";
"42989.8816737";"Vehicle acceleration";"0";"g";
"42989.8816737";"Vehicle speed";"0";"km/h";
"42989.9266318";"Fuel/Air commanded equivalence ratio";"14.640051240000002";"";
"42990.0101934";"Fuel economizer (based on fuel system status and throttle position)";"1";"";
"42990.0101934";"Throttle position";"18.823529411764707";"%";
"42990.049736";"Average fuel consumption";"5.532845435400787";"L/100km";
"42990.049736";"Average fuel consumption (Today)";"7.502098104471133";"L/100km";
"42990.049736";"Average fuel consumption (total)";"6.3952639773302975";"L/100km";
"42990.049736";"Average fuel consumption (Week)";"6.481281398981946";"L/100km";
"42990.049736";"Average fuel consumption 10 sec";"5.4134171899555374";"L/100km";
"42990.049736";"Calculated instant fuel rate";"0.6096991910023037";"L/h";
"42990.049736";"Fuel used";"0.038237759138819334";"L";
"42990.049736";"Fuel used (Today)";"0.051847000000000004";"L";
"42990.049736";"Fuel used (total)";"2.6937759999999997";"L";
"42990.049736";"Fuel used (Week)";"2.1424399999999997";"L";
"42990.049736";"Fuel used price";"0.06309230257905189";"€";
"42990.049736";"Fuel used price (Today)";"0.08554755";"€";
"42990.049736";"Fuel used price (total)";"4.4447304";"€";
"42990.049736";"Fuel used price (Week)";"3.5350259999999993";"€";
"42990.049736";"Instant engine power (based on fuel consumption)";"2.3852638958845436";"hp";
"42990.049736";"MAF air flow rate";"1.81";"g/sec";
"42990.049736";"Power from MAF";"2.172";"hp";
"42990.0890881";"Average speed";"27.504041599527817";"km/h";
"42990.0890881";"Distance travelled";"0.6911047775555558";"km";
"42990.0890881";"Distance travelled (Today)";"0.6911";"km";
"42990.0890881";"Distance travelled (total)";"42.12142000000001";"km";
"42990.0890881";"Distance travelled (Week)";"33.055808999999996";"km";
"42990.0890881";"Vehicle acceleration";"0";"g";
"42990.0890881";"Vehicle speed";"0";"km/h";
"42990.1307955";"Fuel/Air commanded equivalence ratio";"14.640051240000002";"";
"42990.204753";"Fuel economizer (based on fuel system status and throttle position)";"1";"";
"42990.204753";"Throttle position";"18.823529411764707";"%";
"42990.2303881";"Average fuel consumption";"5.53729707703454";"L/100km";
"42990.2303881";"Average fuel consumption (Today)";"7.506583707133555";"L/100km";
"42990.2303881";"Average fuel consumption (total)";"6.39533757408938";"L/100km";
"42990.2303881";"Average fuel consumption (Week)";"6.481375179775512";"L/100km";
"42990.2303881";"Average fuel consumption 10 sec";"5.417079442253164";"L/100km";
"42990.2303881";"Calculated instant fuel rate";"0.613067694819996";"L/h";
"42990.2303881";"Fuel used";"0.03826852464682985";"L";
"42990.2303881";"Fuel used (Today)";"0.051878";"L";
"42990.2303881";"Fuel used (total)";"2.6938069999999996";"L";
"42990.2303881";"Fuel used (Week)";"2.1424709999999996";"L";
"42990.2303881";"Fuel used price";"0.06314306566726925";"€";
"42990.2303881";"Fuel used price (Today)";"0.0855987";"€";
"42990.2303881";"Fuel used price (total)";"4.44478155";"€";
"42990.2303881";"Fuel used price (Week)";"3.5350771499999993";"€";
"42990.2303881";"Instant engine power (based on fuel consumption)";"2.3984421494529666";"hp";
"42990.2303881";"MAF air flow rate";"1.82";"g/sec";
"42990.2303881";"Power from MAF";"2.184";"hp";
"42990.2886272";"Average speed";"27.443494751595324";"km/h";
"42990.2886272";"Distance travelled";"0.6911047775555558";"km";
"42990.2886272";"Distance travelled (Today)";"0.6911";"km";
"42990.2886272";"Distance travelled (total)";"42.12142000000001";"km";
"42990.2886272";"Distance travelled (Week)";"33.055808999999996";"km";
"42990.2886272";"Vehicle acceleration";"0";"g";
"42990.2886272";"Vehicle speed";"0";"km/h";
"42990.3319202";"Fuel/Air commanded equivalence ratio";"14.640051240000002";"";
"42990.421951";"Fuel economizer (based on fuel system status and throttle position)";"1";"";
"42990.421951";"Throttle position";"18.431372549019606";"%";
"42990.4700871";"Average fuel consumption";"5.543170876808041";"L/100km";
"42990.4700871";"Average fuel consumption (Today)";"7.512516278396759";"L/100km";
"42990.4700871";"Average fuel consumption (total)";"6.395434911738492";"L/100km";
"42990.4700871";"Average fuel consumption (Week)";"6.481499212437971";"L/100km";
"42990.4700871";"Average fuel consumption 10 sec";"5.42110198657245";"L/100km";
"42990.4700871";"Calculated instant fuel rate";"0.6096991910023037";"L/h";
"42990.4700871";"Fuel used";"0.03830911875768856";"L";
"42990.4700871";"Fuel used (Today)";"0.051919";"L";
"42990.4700871";"Fuel used (total)";"2.6938479999999996";"L";
"42990.4700871";"Fuel used (Week)";"2.1425119999999995";"L";
"42990.4700871";"Fuel used price";"0.06321004595018612";"€";
"42990.4700871";"Fuel used price (Today)";"0.08566635";"€";
"42990.4700871";"Fuel used price (total)";"4.4448492";"€";
"42990.4700871";"Fuel used price (Week)";"3.5351447999999994";"€";
"42990.4700871";"Instant engine power (based on fuel consumption)";"2.3852638958845436";"hp";
"42990.4700871";"MAF air flow rate";"1.81";"g/sec";
"42990.4700871";"Power from MAF";"2.172";"hp";
"42990.5146093";"Average speed";"27.37526356964861";"km/h";
"42990.5146093";"Distance travelled";"0.6911047775555558";"km";
"42990.5146093";"Distance travelled (Today)";"0.6911";"km";
"42990.5146093";"Distance travelled (total)";"42.12142000000001";"km";
"42990.5146093";"Distance travelled (Week)";"33.055808999999996";"km";
"42990.5146093";"Vehicle acceleration";"0";"g";
"42990.5146093";"Vehicle speed";"0";"km/h";
"42990.5539431";"Fuel/Air commanded equivalence ratio";"14.640051240000002";"";
"42990.6391453";"Fuel economizer (based on fuel system status and throttle position)";"1";"";
"42990.6391453";"Throttle position";"18.431372549019606";"%";
"42990.6897646";"Average fuel consumption";"5.548465518265872";"L/100km";
"42990.6897646";"Average fuel consumption (Today)";"7.51787006221965";"L/100km";
"42990.6897646";"Average fuel consumption (total)";"6.395522753031591";"L/100km";
"42990.6897646";"Average fuel consumption (Week)";"6.481611144352874";"L/100km";
"42990.6897646";"Average fuel consumption 10 sec";"5.425124428347629";"L/100km";
"42990.6897646";"Calculated instant fuel rate";"0.5995936795492269";"L/h";
"42990.6897646";"Fuel used";"0.03834571027775807";"L";
"42990.6897646";"Fuel used (Today)";"0.051956";"L";
"42990.6897646";"Fuel used (total)";"2.693885";"L";
"42990.6897646";"Fuel used (Week)";"2.142549";"L";
"42990.6897646";"Fuel used price";"0.06327042195830082";"€";
"42990.6897646";"Fuel used price (Today)";"0.0857274";"€";
"42990.6897646";"Fuel used price (total)";"4.44491025";"€";
"42990.6897646";"Fuel used price (Week)";"3.5352058499999996";"€";
"42990.6897646";"Instant engine power (based on fuel consumption)";"2.3457291351792757";"hp";
"42990.6897646";"MAF air flow rate";"1.78";"g/sec";
"42990.6897646";"Power from MAF";"2.136";"hp";
"42990.7385164";"Average speed";"27.307991705534207";"km/h";
"42990.7385164";"Distance travelled";"0.6911047775555558";"km";
"42990.7385164";"Distance travelled (Today)";"0.6911";"km";
"42990.7385164";"Distance travelled (total)";"42.12142000000001";"km";
"42990.7385164";"Distance travelled (Week)";"33.055808999999996";"km";
"42990.7385164";"Vehicle acceleration";"0";"g";
"42990.7385164";"Vehicle speed";"0";"km/h";
"42990.7824655";"Fuel/Air commanded equivalence ratio";"14.640051240000002";"";
"42990.874136";"Fuel economizer (based on fuel system status and throttle position)";"1";"";
"42990.874136";"Throttle position";"18.431372549019606";"%";
"42990.9136128";"Average fuel consumption";"5.553859965994649";"L/100km";
"42990.9136128";"Average fuel consumption (Today)";"7.523223846042541";"L/100km";
"42990.9136128";"Average fuel consumption (total)";"6.39561059432469";"L/100km";
"42990.9136128";"Average fuel consumption (Week)";"6.481723076267775";"L/100km";
"42990.9136128";"Average fuel consumption 10 sec";"5.429303242518608";"L/100km";
"42990.9136128";"Calculated instant fuel rate";"0.5995936795492269";"L/h";
"42990.9136128";"Fuel used";"0.038382991563734384";"L";
"42990.9136128";"Fuel used (Today)";"0.051993000000000004";"L";
"42990.9136128";"Fuel used (total)";"2.6939219999999997";"L";
"42990.9136128";"Fuel used (Week)";"2.1425859999999997";"L";
"42990.9136128";"Fuel used price";"0.06333193608016173";"€";
"42990.9136128";"Fuel used price (Today)";"0.08578845";"€";
"42990.9136128";"Fuel used price (total)";"4.444971300000001";"€";
"42990.9136128";"Fuel used price (Week)";"3.5352668999999994";"€";
"42990.9136128";"Instant engine power (based on fuel consumption)";"2.3457291351792757";"hp";
"42990.9136128";"MAF air flow rate";"1.78";"g/sec";
"42990.9136128";"Power from MAF";"2.136";"hp";
"42990.9533347";"Average speed";"27.243749217597365";"km/h";
"42990.9533347";"Distance travelled";"0.6911047775555558";"km";
"42990.9533347";"Distance travelled (Today)";"0.6911";"km";
"42990.9533347";"Distance travelled (total)";"42.12142000000001";"km";
"42990.9533347";"Distance travelled (Week)";"33.055808999999996";"km";
"42990.9533347";"Vehicle acceleration";"0";"g";
"42990.9533347";"Vehicle speed";"0";"km/h";
"42990.9928606";"Fuel/Air commanded equivalence ratio";"14.640051240000002";"";
"42991.0861929";"Fuel economizer (based on fuel system status and throttle position)";"1";"";
"42991.0861929";"Throttle position";"18.431372549019606";"%";
"42991.1250862";"Average fuel consumption";"5.5589568072039155";"L/100km";
"42991.1250862";"Average fuel consumption (Today)";"7.528288236145275";"L/100km";
"42991.1250862";"Average fuel consumption (total)";"6.395693687439786";"L/100km";
"42991.1250862";"Average fuel consumption (Week)";"6.481828957808898";"L/100km";
"42991.1250862";"Average fuel consumption 10 sec";"5.433734979402555";"L/100km";
"42991.1250862";"Calculated instant fuel rate";"0.5995936795492269";"L/h";
"42991.1250862";"Fuel used";"0.03841821607683604";"L";
"42991.1250862";"Fuel used (Today)";"0.052028";"L";
"42991.1250862";"Fuel used (total)";"2.6939569999999997";"L";
"42991.1250862";"Fuel used (Week)";"2.1426209999999997";"L";
"42991.1250862";"Fuel used price";"0.06339005652677947";"€";
"42991.1250862";"Fuel used price (Today)";"0.0858462";"€";
"42991.1250862";"Fuel used price (total)";"4.4450290500000005";"€";
"42991.1250862";"Fuel used price (Week)";"3.5353246499999997";"€";
"42991.1250862";"Instant engine power (based on fuel consumption)";"2.3457291351792757";"hp";
"42991.1250862";"MAF air flow rate";"1.78";"g/sec";
"42991.1250862";"Power from MAF";"2.136";"hp";
"42991.174706";"Average speed";"27.17786472317578";"km/h";
"42991.174706";"Distance travelled";"0.6911047775555558";"km";
"42991.174706";"Distance travelled (Today)";"0.6911";"km";
"42991.174706";"Distance travelled (total)";"42.12142000000001";"km";
"42991.174706";"Distance travelled (Week)";"33.055808999999996";"km";
"42991.174706";"Vehicle acceleration";"0";"g";
"42991.174706";"Vehicle speed";"0";"km/h";
"42991.2221092";"Fuel/Air commanded equivalence ratio";"14.640051240000002";"";
"42991.3093387";"Fuel economizer (based on fuel system status and throttle position)";"1";"";
"42991.3093387";"Throttle position";"18.431372549019606";"%";
"42991.3488458";"Average fuel consumption";"5.564378669578948";"L/100km";
"42991.3488458";"Average fuel consumption (Today)";"7.533642019968166";"L/100km";
"42991.3488458";"Average fuel consumption (total)";"6.3957815287328845";"L/100km";
"42991.3488458";"Average fuel consumption (Week)";"6.481940889723799";"L/100km";
"42991.3488458";"Average fuel consumption 10 sec";"5.438423534767011";"L/100km";
"42991.3488458";"Calculated instant fuel rate";"0.6029621833669191";"L/h";
"42991.3488458";"Fuel used";"0.038455686826742386";"L";
"42991.3488458";"Fuel used (Today)";"0.052065";"L";
"42991.3488458";"Fuel used (total)";"2.6939939999999996";"L";
"42991.3488458";"Fuel used (Week)";"2.1426579999999995";"L";
"42991.3488458";"Fuel used price";"0.06345188326412493";"€";
"42991.3488458";"Fuel used price (Today)";"0.08590724999999999";"€";
"42991.3488458";"Fuel used price (total)";"4.4450901";"€";
"42991.3488458";"Fuel used price (Week)";"3.5353856999999995";"€";
"42991.3488458";"Instant engine power (based on fuel consumption)";"2.3589073887476983";"hp";
"42991.3488458";"MAF air flow rate";"1.79";"g/sec";
"42991.3488458";"Power from MAF";"2.148";"hp";
"42991.3852587";"Average speed";"27.11550920321187";"km/h";
"42991.3852587";"Distance travelled";"0.6911047775555558";"km";
"42991.3852587";"Distance travelled (Today)";"0.6911";"km";
"42991.3852587";"Distance travelled (total)";"42.12142000000001";"km";
"42991.3852587";"Distance travelled (Week)";"33.055808999999996";"km";
"42991.3852587";"Vehicle acceleration";"0";"g";
"42991.3852587";"Vehicle speed";"0";"km/h";
"42991.4769104";"Fuel/Air commanded equivalence ratio";"14.640051240000002";"";
"42991.7104452";"Fuel economizer (based on fuel system status and throttle position)";"1";"";
"42991.7104452";"Throttle position";"18.431372549019606";"%";
"42991.8055273";"Average fuel consumption";"5.575384825748627";"L/100km";
"42991.8055273";"Average fuel consumption (Today)";"7.544638981334105";"L/100km";
"42991.8055273";"Average fuel consumption (total)";"6.395961959497089";"L/100km";
"42991.8055273";"Average fuel consumption (Week)";"6.4821708039273815";"L/100km";
"42991.8055273";"Average fuel consumption 10 sec";"5.447891766158233";"L/100km";
"42991.8055273";"Calculated instant fuel rate";"0.5995936795492269";"L/h";
"42991.8055273";"Fuel used";"0.03853175089785626";"L";
"42991.8055273";"Fuel used (Today)";"0.052141";"L";
"42991.8055273";"Fuel used (total)";"2.6940699999999995";"L";
"42991.8055273";"Fuel used (Week)";"2.1427339999999995";"L";
"42991.8055273";"Fuel used price";"0.06357738898146283";"€";
"42991.8055273";"Fuel used price (Today)";"0.08603265";"€";
"42991.8055273";"Fuel used price (total)";"4.445215500000001";"€";
"42991.8055273";"Fuel used price (Week)";"3.5355110999999995";"€";
"42991.8055273";"Instant engine power (based on fuel consumption)";"2.3457291351792757";"hp";
"42991.8055273";"MAF air flow rate";"1.78";"g/sec";
"42991.8055273";"Power from MAF";"2.136";"hp";
"42991.912707";"Average speed";"26.960530873148773";"km/h";
"42991.912707";"Distance travelled";"0.6911047775555558";"km";
"42991.912707";"Distance travelled (Today)";"0.6911";"km";
"42991.912707";"Distance travelled (total)";"42.12142000000001";"km";
"42991.912707";"Distance travelled (Week)";"33.055808999999996";"km";
"42991.912707";"Vehicle acceleration";"0";"g";
"42991.912707";"Vehicle speed";"0";"km/h";
"42992.0215674";"Fuel/Air commanded equivalence ratio";"14.640051240000002";"";
"42992.2256999";"Fuel economizer (based on fuel system status and throttle position)";"1";"";
"42992.2256999";"Throttle position";"18.431372549019606";"%";
"42992.5732568";"Average fuel consumption";"5.5936786725971706";"L/100km";
"42992.5732568";"Average fuel consumption (Today)";"7.56287078570395";"L/100km";
"42992.5732568";"Average fuel consumption (total)";"6.396261094711431";"L/100km";
"42992.5732568";"Average fuel consumption (Week)";"6.482551977475427";"L/100km";
"42992.5732568";"Average fuel consumption 10 sec";"5.45842678608681";"L/100km";
"42992.5732568";"Calculated instant fuel rate";"0.5928566719138423";"L/h";
"42992.5732568";"Fuel used";"0.038658180547425244";"L";
"42992.5732568";"Fuel used (Today)";"0.052267";"L";
"42992.5732568";"Fuel used (total)";"2.694196";"L";
"42992.5732568";"Fuel used (Week)";"2.1428599999999998";"L";
"42992.5732568";"Fuel used price";"0.06378599790325165";"€";
"42992.5732568";"Fuel used price (Today)";"0.08624055";"€";
"42992.5732568";"Fuel used price (total)";"4.4454234";"€";
"42992.5732568";"Fuel used price (Week)";"3.5357189999999994";"€";
"42992.5732568";"Instant engine power (based on fuel consumption)";"2.319372628042429";"hp";
"42992.5732568";"MAF air flow rate";"1.76";"g/sec";
"42992.5732568";"Power from MAF";"2.112";"hp";
"42992.8065413";"Average speed";"26.70191152955523";"km/h";
"42992.8065413";"Distance travelled";"0.6911047775555558";"km";
"42992.8065413";"Distance travelled (Today)";"0.6911";"km";
"42992.8065413";"Distance travelled (total)";"42.12142000000001";"km";
"42992.8065413";"Distance travelled (Week)";"33.055808999999996";"km";
"42992.8065413";"Vehicle acceleration";"0";"g";
"42992.8065413";"Vehicle speed";"0";"km/h";
"42993.0540117";"Fuel/Air commanded equivalence ratio";"14.640051240000002";"";
"42993.4017702";"Fuel economizer (based on fuel system status and throttle position)";"1";"";
"42993.4017702";"Throttle position";"18.431372549019606";"%";
"42993.5006941";"Average fuel consumption";"5.615651964875924";"L/100km";
"42993.5006941";"Average fuel consumption (Today)";"7.584864708435827";"L/100km";
"42993.5006941";"Average fuel consumption (total)";"6.396621956239841";"L/100km";
"42993.5006941";"Average fuel consumption (Week)";"6.48301180588259";"L/100km";
"42993.5006941";"Average fuel consumption 10 sec";"5.472659850921749";"L/100km";
"42993.5006941";"Calculated instant fuel rate";"0.58948816809615";"L/h";
"42993.5006941";"Fuel used";"0.03881003902014995";"L";
"42993.5006941";"Fuel used (Today)";"0.052419";"L";
"42993.5006941";"Fuel used (total)";"2.6943479999999997";"L";
"42993.5006941";"Fuel used (Week)";"2.1430119999999997";"L";
"42993.5006941";"Fuel used price";"0.06403656438324741";"€";
"42993.5006941";"Fuel used price (Today)";"0.08649135";"€";
"42993.5006941";"Fuel used price (total)";"4.4456742";"€";
"42993.5006941";"Fuel used price (Week)";"3.5359697999999997";"€";
"42993.5006941";"Instant engine power (based on fuel consumption)";"2.3061943744740065";"hp";
"42993.5006941";"MAF air flow rate";"1.75";"g/sec";
"42993.5006941";"Power from MAF";"2.1";"hp";
"42993.6098726";"Average speed";"26.473664920337566";"km/h";
"42993.6098726";"Distance travelled";"0.6911047775555558";"km";
"42993.6098726";"Distance travelled (Today)";"0.6911";"km";
"42993.6098726";"Distance travelled (total)";"42.12142000000001";"km";
"42993.6098726";"Distance travelled (Week)";"33.055808999999996";"km";
"42993.6098726";"Vehicle acceleration";"0";"g";
"42993.6098726";"Vehicle speed";"0";"km/h";
"42994.0408841";"Fuel/Air commanded equivalence ratio";"14.640051240000002";"";
