t_sec,turn_class,hill_class,turn_angle_deg,hill_angle_deg,is_straight
0.000,0,0,0.0,0.0,0
0.000,0,0,0.0,0.0,0
0.000,0,0,0.0,0.0,0
0.000,0,0,0.0,0.0,0
0.000,0,0,0.0,0.0,0
0.000,0,0,0.0,0.0,0
0.101,0,0,0.0,0.0,0
0.101,0,0,0.0,0.0,0
0.101,0,0,0.0,0.0,0
0.101,0,0,0.0,0.0,0
0.101,0,0,0.0,0.0,0
0.200,0,0,0.0,0.0,0
0.200,0,0,0.0,0.0,0
0.200,0,0,0.0,0.0,0
0.200,0,0,0.0,0.0,0
0.200,0,0,0.0,0.0,0
0.300,0,0,0.0,0.0,0
0.300,0,0,0.0,0.0,0
0.300,0,0,0.0,0.0,0
0.300,0,0,0.0,0.0,0
0.300,0,0,0.0,0.0,0
0.300,0,0,0.0,0.0,0
0.400,0,0,0.0,0.0,0
0.400,0,0,0.0,0.0,0
0.400,0,0,0.0,0.0,0
0.400,0,0,0.0,0.0,0
0.400,0,0,0.0,0.0,0
0.500,0,0,0.0,0.0,0
0.500,0,0,0.0,0.0,0
0.500,0,0,0.0,0.0,0
0.500,0,0,0.0,0.0,0
0.500,0,0,0.0,0.0,0
0.600,0,0,0.0,0.0,0
0.600,0,0,0.0,0.0,0
0.600,0,0,0.0,0.0,0
0.600,0,0,0.0,0.0,0
0.600,0,0,0.0,0.0,0
0.701,0,0,0.0,0.0,0
0.701,0,0,0.0,0.0,0
0.701,0,0,0.0,0.0,0
0.701,0,0,0.0,0.0,0
0.701,0,0,0.0,0.0,0
0.800,0,0,0.0,0.0,0
0.800,0,0,0.0,0.0,0
0.800,0,0,0.0,0.0,0
0.800,0,0,0.0,0.0,0
0.800,0,0,0.0,0.0,0
0.800,0,0,0.0,0.0,0
0.900,0,0,0.0,0.0,0
0.900,0,0,0.0,0.0,0
0.900,0,0,0.0,0.0,0
0.900,0,0,0.0,0.0,0
0.900,0,0,0.0,0.0,0
1.000,0,0,0.0,0.0,0
1.000,0,0,0.0,0.0,0
1.000,0,0,0.0,0.0,0
1.000,0,0,0.0,0.0,0
1.000,0,0,0.0,0.0,0
1.101,0,0,0.0,0.0,0
1.101,0,0,0.0,0.0,0
1.101,0,0,0.0,0.0,0
1.101,0,0,0.0,0.0,0
1.101,0,0,0.0,0.0,0
1.200,0,0,0.0,0.0,0
1.200,0,0,0.0,0.0,0
1.200,0,0,0.0,0.0,0
1.200,0,0,0.0,0.0,0
1.200,0,0,0.0,0.0,0
1.300,0,0,0.0,0.0,0
1.300,0,0,0.0,0.0,0
1.300,0,0,0.0,0.0,0
1.300,0,0,0.0,0.0,0
1.300,0,0,0.0,0.0,0
1.300,0,0,0.0,0.0,0
1.400,0,0,0.0,0.0,0
1.400,0,0,0.0,0.0,0
1.400,0,0,0.0,0.0,0
1.400,0,0,0.0,0.0,0
1.400,0,0,0.0,0.0,0
1.501,0,0,0.0,0.0,0
1.501,0,0,0.0,0.0,0
1.501,0,0,0.0,0.0,0
1.501,0,0,0.0,0.0,0
1.501,0,0,0.0,0.0,0
1.600,0,0,0.0,0.0,0
1.600,0,0,0.0,0.0,0
1.600,0,0,0.0,0.0,0
1.600,0,0,0.0,0.0,0
1.600,0,0,0.0,0.0,0
1.701,0,0,0.0,0.0,0
1.701,0,0,0.0,0.0,0
1.701,0,0,0.0,0.0,0
1.701,0,0,0.0,0.0,0
1.701,0,0,0.0,0.0,0
1.701,0,0,0.0,0.0,0
1.800,0,0,0.0,0.0,0
1.800,0,0,0.0,0.0,0
1.800,0,0,0.0,0.0,0
1.800,0,0,0.0,0.0,0
1.800,0,0,0.0,0.0,0
1.900,0,0,0.0,0.0,0
1.900,0,0,0.0,0.0,0
1.900,0,0,0.0,0.0,0
1.900,0,0,0.0,0.0,0
1.900,0,0,0.0,0.0,0
2.000,0,0,0.0,0.0,0
2.000,0,0,0.0,0.0,0
2.000,0,0,0.0,0.0,0
2.000,0,0,0.0,0.0,0
2.000,0,0,0.0,0.0,0
2.100,0,0,0.0,0.0,0
2.100,0,0,0.0,0.0,0
2.100,0,0,0.0,0.0,0
2.100,0,0,0.0,0.0,0
2.100,0,0,0.0,0.0,0
2.200,0,0,0.0,0.0,0
2.200,0,0,0.0,0.0,0
2.200,0,0,0.0,0.0,0
2.200,0,0,0.0,0.0,0
2.200,0,0,0.0,0.0,0
2.200,0,0,0.0,0.0,0
2.301,0,0,0.0,0.0,0
2.301,0,0,0.0,0.0,0
2.301,0,0,0.0,0.0,0
2.301,0,0,0.0,0.0,0
2.301,0,0,0.0,0.0,0
2.400,0,0,0.0,0.0,0
2.400,0,0,0.0,0.0,0
2.400,0,0,0.0,0.0,0
2.400,0,0,0.0,0.0,0
2.400,0,0,0.0,0.0,0
2.501,0,0,0.0,0.0,0
2.501,0,0,0.0,0.0,0
2.501,0,0,0.0,0.0,0
2.501,0,0,0.0,0.0,0
2.501,0,0,0.0,0.0,0
2.600,0,0,0.0,0.0,0
2.600,0,0,0.0,0.0,0
2.600,0,0,0.0,0.0,0
2.600,0,0,0.0,0.0,0
2.600,0,0,0.0,0.0,0
2.700,0,0,0.0,0.0,0
2.700,0,0,0.0,0.0,0
2.700,0,0,0.0,0.0,0
2.700,0,0,0.0,0.0,0
2.700,0,0,0.0,0.0,0
2.700,0,0,0.0,0.0,0
2.800,0,0,0.0,0.0,0
2.800,0,0,0.0,0.0,0
2.800,0,0,0.0,0.0,0
2.800,0,0,0.0,0.0,0
2.800,0,0,0.0,0.0,0
2.901,0,0,0.0,0.0,0
2.901,0,0,0.0,0.0,0
2.901,0,0,0.0,0.0,0
2.901,0,0,0.0,0.0,0
2.901,0,0,0.0,0.0,0
3.001,0,0,0.0,0.0,0
3.001,0,0,0.0,0.0,0
3.001,0,0,0.0,0.0,0
3.001,0,0,0.0,0.0,0
3.001,0,0,0.0,0.0,0
3.101,0,0,0.0,0.0,0
3.101,0,0,0.0,0.0,0
3.101,0,0,0.0,0.0,0
3.101,0,0,0.0,0.0,0
3.101,0,0,0.0,0.0,0
3.101,0,0,0.0,0.0,0
3.201,0,0,0.0,0.0,0
3.201,0,0,0.0,0.0,0
3.201,0,0,0.0,0.0,0
3.201,0,0,0.0,0.0,0
3.201,0,0,0.0,0.0,0
3.301,0,0,0.0,0.0,0
3.301,0,0,0.0,0.0,0
3.301,0,0,0.0,0.0,0
3.301,0,0,0.0,0.0,0
3.301,0,0,0.0,0.0,0
3.401,0,0,0.0,0.0,0
3.401,0,0,0.0,0.0,0
3.401,0,0,0.0,0.0,0
3.401,0,0,0.0,0.0,0
3.401,0,0,0.0,0.0,0
3.501,0,0,0.0,0.0,0
3.501,0,0,0.0,0.0,0
3.501,0,0,0.0,0.0,0
3.501,0,0,0.0,0.0,0
3.501,0,0,0.0,0.0,0
3.501,0,0,0.0,0.0,0
3.601,0,0,0.0,0.0,0
3.601,0,0,0.0,0.0,0
3.601,0,0,0.0,0.0,0
3.601,0,0,0.0,0.0,0
3.601,0,0,0.0,0.0,0
3.701,0,0,0.0,0.0,0
3.701,0,0,0.0,0.0,0
3.701,0,0,0.0,0.0,0
3.701,0,0,0.0,0.0,0
3.701,0,0,0.0,0.0,0
3.801,0,0,0.0,0.0,0
3.801,0,0,0.0,0.0,0
3.801,0,0,0.0,0.0,0
3.801,0,0,0.0,0.0,0
3.801,0,0,0.0,0.0,0
3.901,0,0,0.0,0.0,0
3.901,0,0,0.0,0.0,0
3.901,0,0,0.0,0.0,0
3.901,0,0,0.0,0.0,0
3.901,0,0,0.0,0.0,0
4.001,0,0,0.0,0.0,0
4.001,0,0,0.0,0.0,0
4.001,0,0,0.0,0.0,0
4.001,0,0,0.0,0.0,0
4.001,0,0,0.0,0.0,0
4.001,0,0,0.0,0.0,0
4.101,0,0,0.0,0.0,0
4.101,0,0,0.0,0.0,0
4.101,0,0,0.0,0.0,0
4.101,0,0,0.0,0.0,0
4.101,0,0,0.0,0.0,0
4.201,0,0,0.0,0.0,0
4.201,0,0,0.0,0.0,0
4.201,0,0,0.0,0.0,0
4.201,0,0,0.0,0.0,0
4.201,0,0,0.0,0.0,0
4.301,0,0,0.0,0.0,0
4.301,0,0,0.0,0.0,0
4.301,0,0,0.0,0.0,0
4.301,0,0,0.0,0.0,0
4.301,0,0,0.0,0.0,0
4.401,0,0,0.0,0.0,0
4.401,0,0,0.0,0.0,0
4.401,0,0,0.0,0.0,0
4.401,0,0,0.0,0.0,0
4.401,0,0,0.0,0.0,0
4.401,0,0,0.0,0.0,0
4.501,0,0,0.0,0.0,0
4.501,0,0,0.0,0.0,0
4.501,0,0,0.0,0.0,0
4.501,0,0,0.0,0.0,0
4.501,0,0,0.0,0.0,0
4.601,0,0,0.0,0.0,0
4.601,0,0,0.0,0.0,0
4.601,0,0,0.0,0.0,0
4.601,0,0,0.0,0.0,0
4.601,0,0,0.0,0.0,0
4.701,0,0,0.0,0.0,0
4.701,0,0,0.0,0.0,0
4.701,0,0,0.0,0.0,0
4.701,0,0,0.0,0.0,0
4.701,0,0,0.0,0.0,0
4.801,0,0,0.0,0.0,0
4.801,0,0,0.0,0.0,0
4.801,0,0,0.0,0.0,0
4.801,0,0,0.0,0.0,0
4.801,0,0,0.0,0.0,0
4.901,0,0,0.0,0.0,0
4.901,0,0,0.0,0.0,0
4.901,0,0,0.0,0.0,0
4.901,0,0,0.0,0.0,0
4.901,0,0,0.0,0.0,0
4.901,0,0,0.0,0.0,0
5.001,0,0,0.0,0.0,0
5.001,0,0,0.0,0.0,0
5.001,0,0,0.0,0.0,0
5.001,0,0,0.0,0.0,0
5.001,0,0,0.0,0.0,0
5.101,0,0,0.0,0.0,0
5.101,0,0,0.0,0.0,0
5.101,0,0,0.0,0.0,0
5.101,0,0,0.0,0.0,0
5.101,0,0,0.0,0.0,0
5.201,0,0,0.0,0.0,0
5.201,0,0,0.0,0.0,0
5.201,0,0,0.0,0.0,0
5.201,0,0,0.0,0.0,0
5.201,0,0,0.0,0.0,0
5.301,0,0,0.0,0.0,0
5.301,0,0,0.0,0.0,0
5.301,0,0,0.0,0.0,0
5.301,0,0,0.0,0.0,0
5.301,0,0,0.0,0.0,0
5.401,0,0,0.0,0.0,0
5.401,0,0,0.0,0.0,0
5.401,0,0,0.0,0.0,0
5.401,0,0,0.0,0.0,0
5.401,0,0,0.0,0.0,0
5.401,0,0,0.0,0.0,0
5.501,0,0,0.0,0.0,0
5.501,0,0,0.0,0.0,0
5.501,0,0,0.0,0.0,0
5.501,0,0,0.0,0.0,0
5.501,0,0,0.0,0.0,0
5.601,0,0,0.0,0.0,0
5.601,0,0,0.0,0.0,0
5.601,0,0,0.0,0.0,0
5.601,0,0,0.0,0.0,0
5.601,0,0,0.0,0.0,0
5.701,0,0,0.0,0.0,0
5.701,0,0,0.0,0.0,0
5.701,0,0,0.0,0.0,0
5.701,0,0,0.0,0.0,0
5.701,0,0,0.0,0.0,0
5.801,0,0,0.0,0.0,0
5.801,0,0,0.0,0.0,0
5.801,0,0,0.0,0.0,0
5.801,0,0,0.0,0.0,0
5.801,0,0,0.0,0.0,0
5.801,0,0,0.0,0.0,0
5.901,0,0,0.0,0.0,0
5.901,0,0,0.0,0.0,0
5.901,0,0,0.0,0.0,0
5.901,0,0,0.0,0.0,0
5.901,0,0,0.0,0.0,0
6.001,0,0,0.0,0.0,0
6.001,0,0,0.0,0.0,0
6.001,0,0,0.0,0.0,0
6.001,0,0,0.0,0.0,0
6.001,0,0,0.0,0.0,0
6.101,0,0,0.0,0.0,0
6.101,0,0,0.0,0.0,0
6.101,0,0,0.0,0.0,0
6.101,0,0,0.0,0.0,0
6.101,0,0,0.0,0.0,0
6.201,0,0,0.0,0.0,0
6.201,0,0,0.0,0.0,0
6.201,0,0,0.0,0.0,0
6.201,0,0,0.0,0.0,0
6.201,0,0,0.0,0.0,0
6.301,0,0,0.0,0.0,0
6.301,0,0,0.0,0.0,0
6.301,0,0,0.0,0.0,0
6.301,0,0,0.0,0.0,0
6.301,0,0,0.0,0.0,0
6.301,0,0,0.0,0.0,0
6.401,0,0,0.0,0.0,0
6.401,0,0,0.0,0.0,0
6.401,0,0,0.0,0.0,0
6.401,0,0,0.0,0.0,0
6.401,0,0,0.0,0.0,0
6.501,0,0,0.0,0.0,0
6.501,0,0,0.0,0.0,0
6.501,0,0,0.0,0.0,0
6.501,0,0,0.0,0.0,0
6.501,0,0,0.0,0.0,0
6.601,0,0,0.0,0.0,0
6.601,0,0,0.0,0.0,0
6.601,0,0,0.0,0.0,0
6.601,0,0,0.0,0.0,0
6.601,0,0,0.0,0.0,0
6.701,2,1,-90.0,5.0,0
6.701,2,1,-90.0,5.0,0
6.701,2,1,-90.0,5.0,0
6.701,2,1,-90.0,5.0,0
6.701,2,1,-90.0,5.0,0
6.701,2,1,-90.0,5.0,0
6.801,2,1,-90.0,5.0,0
6.801,2,1,-90.0,5.0,0
6.801,2,1,-90.0,5.0,0
6.801,2,1,-90.0,5.0,0
6.801,2,1,-90.0,5.0,0
6.901,2,1,-90.0,5.0,0
6.901,2,1,-90.0,5.0,0
6.901,2,1,-90.0,5.0,0
6.901,2,1,-90.0,5.0,0
6.901,2,1,-90.0,5.0,0
7.001,2,1,-90.0,5.0,0
7.001,2,1,-90.0,5.0,0
7.001,2,1,-90.0,5.0,0
7.001,2,1,-90.0,5.0,0
7.001,2,1,-90.0,5.0,0
7.101,2,1,-90.0,5.0,0
7.101,2,1,-90.0,5.0,0
7.101,2,1,-90.0,5.0,0
7.101,2,1,-90.0,5.0,0
7.101,2,1,-90.0,5.0,0
7.201,2,1,-90.0,5.0,0
7.201,2,1,-90.0,5.0,0
7.201,2,1,-90.0,5.0,0
7.201,2,1,-90.0,5.0,0
7.201,2,1,-90.0,5.0,0
7.201,2,1,-90.0,5.0,0
7.301,2,1,-90.0,5.0,0
7.301,2,1,-90.0,5.0,0
7.301,2,1,-90.0,5.0,0
7.301,2,1,-90.0,5.0,0
7.301,2,1,-90.0,5.0,0
7.401,2,1,-90.0,5.0,0
7.401,2,1,-90.0,5.0,0
7.401,2,1,-90.0,5.0,0
7.401,2,1,-90.0,5.0,0
7.401,2,1,-90.0,5.0,0
7.501,2,1,-90.0,5.0,0
7.501,2,1,-90.0,5.0,0
7.501,2,1,-90.0,5.0,0
7.501,2,1,-90.0,5.0,0
7.501,2,1,-90.0,5.0,0
7.601,2,1,-90.0,5.0,0
7.601,2,1,-90.0,5.0,0
7.601,2,1,-90.0,5.0,0
7.601,2,1,-90.0,5.0,0
7.601,2,1,-90.0,5.0,0
7.701,2,1,-90.0,5.0,0
7.701,2,1,-90.0,5.0,0
7.701,2,1,-90.0,5.0,0
7.701,2,1,-90.0,5.0,0
7.701,2,1,-90.0,5.0,0
7.701,2,1,-90.0,5.0,0
7.801,2,1,-90.0,5.0,0
7.801,2,1,-90.0,5.0,0
7.801,2,1,-90.0,5.0,0
7.801,2,1,-90.0,5.0,0
7.801,2,1,-90.0,5.0,0
7.901,2,1,-90.0,5.0,0
7.901,2,1,-90.0,5.0,0
7.901,2,1,-90.0,5.0,0
7.901,2,1,-90.0,5.0,0
7.901,2,1,-90.0,5.0,0
8.001,2,1,-90.0,5.0,0
8.001,2,1,-90.0,5.0,0
8.001,2,1,-90.0,5.0,0
8.001,2,1,-90.0,5.0,0
8.001,2,1,-90.0,5.0,0
8.101,2,1,-90.0,5.0,0
8.101,2,1,-90.0,5.0,0
8.101,2,1,-90.0,5.0,0
8.101,2,1,-90.0,5.0,0
8.101,2,1,-90.0,5.0,0
8.101,2,1,-90.0,5.0,0
8.201,2,1,-90.0,5.0,0
8.201,2,1,-90.0,5.0,0
8.201,2,1,-90.0,5.0,0
8.201,2,1,-90.0,5.0,0
8.201,2,1,-90.0,5.0,0
8.301,2,1,-90.0,5.0,0
8.301,2,1,-90.0,5.0,0
8.301,2,1,-90.0,5.0,0
8.301,2,1,-90.0,5.0,0
8.301,2,1,-90.0,5.0,0
8.401,2,1,-90.0,5.0,0
8.401,2,1,-90.0,5.0,0
8.401,2,1,-90.0,5.0,0
8.401,2,1,-90.0,5.0,0
8.401,2,1,-90.0,5.0,0
8.501,2,1,-90.0,5.0,0
8.501,2,1,-90.0,5.0,0
8.501,2,1,-90.0,5.0,0
8.501,2,1,-90.0,5.0,0
8.501,2,1,-90.0,5.0,0
8.601,2,1,-90.0,5.0,0
8.601,2,1,-90.0,5.0,0
8.601,2,1,-90.0,5.0,0
8.601,2,1,-90.0,5.0,0
8.601,2,1,-90.0,5.0,0
8.601,2,1,-90.0,5.0,0
8.701,2,1,-90.0,5.0,0
8.701,2,1,-90.0,5.0,0
8.701,2,1,-90.0,5.0,0
8.701,2,1,-90.0,5.0,0
8.701,2,1,-90.0,5.0,0
8.801,2,1,-90.0,5.0,0
8.801,2,1,-90.0,5.0,0
8.801,2,1,-90.0,5.0,0
8.801,2,1,-90.0,5.0,0
8.801,2,1,-90.0,5.0,0
8.901,2,1,-90.0,5.0,0
8.901,2,1,-90.0,5.0,0
8.901,2,1,-90.0,5.0,0
8.901,2,1,-90.0,5.0,0
8.901,2,1,-90.0,5.0,0
9.001,2,1,-90.0,5.0,0
9.001,2,1,-90.0,5.0,0
9.001,2,1,-90.0,5.0,0
9.001,2,1,-90.0,5.0,0
9.001,2,1,-90.0,5.0,0
9.001,2,1,-90.0,5.0,0
9.101,2,1,-90.0,5.0,0
9.101,2,1,-90.0,5.0,0
9.101,2,1,-90.0,5.0,0
9.101,2,1,-90.0,5.0,0
9.101,2,1,-90.0,5.0,0
9.201,2,1,-90.0,5.0,0
9.201,2,1,-90.0,5.0,0
9.201,2,1,-90.0,5.0,0
9.201,2,1,-90.0,5.0,0
9.201,2,1,-90.0,5.0,0
9.301,2,1,-90.0,5.0,0
9.301,2,1,-90.0,5.0,0
9.301,2,1,-90.0,5.0,0
9.301,2,1,-90.0,5.0,0
9.301,2,1,-90.0,5.0,0
9.401,2,1,-90.0,5.0,0
9.401,2,1,-90.0,5.0,0
9.401,2,1,-90.0,5.0,0
9.401,2,1,-90.0,5.0,0
9.401,2,1,-90.0,5.0,0
9.501,2,1,-90.0,5.0,0
9.501,2,1,-90.0,5.0,0
9.501,2,1,-90.0,5.0,0
9.501,2,1,-90.0,5.0,0
9.501,2,1,-90.0,5.0,0
9.501,2,1,-90.0,5.0,0
9.601,2,1,-90.0,5.0,0
9.601,2,1,-90.0,5.0,0
9.601,2,1,-90.0,5.0,0
9.601,2,1,-90.0,5.0,0
9.601,2,1,-90.0,5.0,0
9.701,2,1,-90.0,5.0,0
9.701,2,1,-90.0,5.0,0
9.701,2,1,-90.0,5.0,0
9.701,2,1,-90.0,5.0,0
9.701,2,1,-90.0,5.0,0
9.801,2,1,-90.0,5.0,0
9.801,2,1,-90.0,5.0,0
9.801,2,1,-90.0,5.0,0
9.801,2,1,-90.0,5.0,0
9.801,2,1,-90.0,5.0,0
9.901,2,1,-90.0,5.0,0
9.901,2,1,-90.0,5.0,0
9.901,2,1,-90.0,5.0,0
9.901,2,1,-90.0,5.0,0
9.901,2,1,-90.0,5.0,0
9.901,2,1,-90.0,5.0,0
10.001,2,1,-90.0,5.0,0
10.001,2,1,-90.0,5.0,0
10.001,2,1,-90.0,5.0,0
10.001,2,1,-90.0,5.0,0
10.001,2,1,-90.0,5.0,0
10.101,2,1,-90.0,5.0,0
10.101,2,1,-90.0,5.0,0
10.101,2,1,-90.0,5.0,0
10.101,2,1,-90.0,5.0,0
10.101,2,1,-90.0,5.0,0
10.201,2,1,-90.0,5.0,0
10.201,2,1,-90.0,5.0,0
10.201,2,1,-90.0,5.0,0
10.201,2,1,-90.0,5.0,0
10.201,2,1,-90.0,5.0,0
10.301,2,1,-90.0,5.0,0
10.301,2,1,-90.0,5.0,0
10.301,2,1,-90.0,5.0,0
10.301,2,1,-90.0,5.0,0
10.301,2,1,-90.0,5.0,0
10.401,2,1,-90.0,5.0,0
10.401,2,1,-90.0,5.0,0
10.401,2,1,-90.0,5.0,0
10.401,2,1,-90.0,5.0,0
10.401,2,1,-90.0,5.0,0
10.401,2,1,-90.0,5.0,0
10.501,2,1,-90.0,5.0,0
10.501,2,1,-90.0,5.0,0
10.501,2,1,-90.0,5.0,0
10.501,2,1,-90.0,5.0,0
10.501,2,1,-90.0,5.0,0
10.601,2,1,-90.0,5.0,0
10.601,2,1,-90.0,5.0,0
10.601,2,1,-90.0,5.0,0
10.601,2,1,-90.0,5.0,0
10.601,2,1,-90.0,5.0,0
10.701,2,1,-90.0,5.0,0
10.701,2,1,-90.0,5.0,0
10.701,2,1,-90.0,5.0,0
10.701,2,1,-90.0,5.0,0
10.701,2,1,-90.0,5.0,0
10.801,2,1,-90.0,5.0,0
10.801,2,1,-90.0,5.0,0
10.801,2,1,-90.0,5.0,0
10.801,2,1,-90.0,5.0,0
10.801,2,1,-90.0,5.0,0
10.901,2,1,-90.0,5.0,0
10.901,2,1,-90.0,5.0,0
10.901,2,1,-90.0,5.0,0
10.901,2,1,-90.0,5.0,0
10.901,2,1,-90.0,5.0,0
10.901,2,1,-90.0,5.0,0
11.001,2,1,-90.0,5.0,0
11.001,2,1,-90.0,5.0,0
11.001,2,1,-90.0,5.0,0
11.001,2,1,-90.0,5.0,0
11.001,2,1,-90.0,5.0,0
11.101,2,1,-90.0,5.0,0
11.101,2,1,-90.0,5.0,0
11.101,2,1,-90.0,5.0,0
11.101,2,1,-90.0,5.0,0
11.101,2,1,-90.0,5.0,0
11.201,2,1,-90.0,5.0,0
11.201,2,1,-90.0,5.0,0
11.201,2,1,-90.0,5.0,0
11.201,2,1,-90.0,5.0,0
11.201,2,1,-90.0,5.0,0
11.301,2,1,-90.0,5.0,0
11.301,2,1,-90.0,5.0,0
11.301,2,1,-90.0,5.0,0
11.301,2,1,-90.0,5.0,0
11.301,2,1,-90.0,5.0,0
11.301,2,1,-90.0,5.0,0
11.401,2,1,-90.0,5.0,0
11.401,2,1,-90.0,5.0,0
11.401,2,1,-90.0,5.0,0
11.401,2,1,-90.0,5.0,0
11.401,2,1,-90.0,5.0,0
11.501,2,1,-90.0,5.0,0
11.501,2,1,-90.0,5.0,0
11.501,2,1,-90.0,5.0,0
11.501,2,1,-90.0,5.0,0
11.501,2,1,-90.0,5.0,0
11.601,2,1,-90.0,5.0,0
11.601,2,1,-90.0,5.0,0
11.601,2,1,-90.0,5.0,0
11.601,2,1,-90.0,5.0,0
11.601,2,1,-90.0,5.0,0
11.701,2,1,-90.0,5.0,0
11.701,2,1,-90.0,5.0,0
11.701,2,1,-90.0,5.0,0
11.701,2,1,-90.0,5.0,0
11.701,2,1,-90.0,5.0,0
11.801,2,1,-90.0,5.0,0
11.801,2,1,-90.0,5.0,0
11.801,2,1,-90.0,5.0,0
11.801,2,1,-90.0,5.0,0
11.801,2,1,-90.0,5.0,0
11.801,2,1,-90.0,5.0,0
11.901,2,1,-90.0,5.0,0
11.901,2,1,-90.0,5.0,0
11.901,2,1,-90.0,5.0,0
11.901,2,1,-90.0,5.0,0
11.901,2,1,-90.0,5.0,0
12.001,2,1,-90.0,5.0,0
12.001,2,1,-90.0,5.0,0
12.001,2,1,-90.0,5.0,0
12.001,2,1,-90.0,5.0,0
12.001,2,1,-90.0,5.0,0
12.101,2,1,-90.0,5.0,0
12.101,2,1,-90.0,5.0,0
12.101,2,1,-90.0,5.0,0
12.101,2,1,-90.0,5.0,0
12.101,2,1,-90.0,5.0,0
12.201,2,1,-90.0,5.0,0
12.201,2,1,-90.0,5.0,0
12.201,2,1,-90.0,5.0,0
12.201,2,1,-90.0,5.0,0
12.201,2,1,-90.0,5.0,0
12.201,2,1,-90.0,5.0,0
12.301,2,1,-90.0,5.0,0
12.301,2,1,-90.0,5.0,0
12.301,2,1,-90.0,5.0,0
12.301,2,1,-90.0,5.0,0
12.301,2,1,-90.0,5.0,0
12.401,2,1,-90.0,5.0,0
12.401,2,1,-90.0,5.0,0
12.401,2,1,-90.0,5.0,0
12.401,2,1,-90.0,5.0,0
12.401,2,1,-90.0,5.0,0
12.501,2,1,-90.0,5.0,0
12.501,2,1,-90.0,5.0,0
12.501,2,1,-90.0,5.0,0
12.501,2,1,-90.0,5.0,0
12.501,2,1,-90.0,5.0,0
12.601,2,1,-90.0,5.0,0
12.601,2,1,-90.0,5.0,0
12.601,2,1,-90.0,5.0,0
12.601,2,1,-90.0,5.0,0
12.601,2,1,-90.0,5.0,0
12.701,2,1,-90.0,5.0,0
12.701,2,1,-90.0,5.0,0
12.701,2,1,-90.0,5.0,0
12.701,2,1,-90.0,5.0,0
12.701,2,1,-90.0,5.0,0
12.701,2,1,-90.0,5.0,0
12.801,2,1,-90.0,5.0,1
12.801,2,1,-90.0,5.0,1
12.801,2,1,-90.0,5.0,1
12.801,2,1,-90.0,5.0,1
12.801,2,1,-90.0,5.0,1
12.901,2,1,-90.0,5.0,1
12.901,2,1,-90.0,5.0,1
12.901,2,1,-90.0,5.0,1
12.901,2,1,-90.0,5.0,1
12.901,2,1,-90.0,5.0,1
13.001,0,0,0.0,0.0,1
13.001,0,0,0.0,0.0,1
13.001,0,0,0.0,0.0,1
13.001,0,0,0.0,0.0,1
13.001,0,0,0.0,0.0,1
13.101,0,0,0.0,0.0,1
13.101,0,0,0.0,0.0,1
13.101,0,0,0.0,0.0,1
13.101,0,0,0.0,0.0,1
13.101,0,0,0.0,0.0,1
13.201,0,0,0.0,0.0,1
13.201,0,0,0.0,0.0,1
13.201,0,0,0.0,0.0,1
13.201,0,0,0.0,0.0,1
13.201,0,0,0.0,0.0,1
13.201,0,0,0.0,0.0,1
13.301,0,0,0.0,0.0,1
13.301,0,0,0.0,0.0,1
13.301,0,0,0.0,0.0,1
13.301,0,0,0.0,0.0,1
13.301,0,0,0.0,0.0,1
13.401,0,0,0.0,0.0,1
13.401,0,0,0.0,0.0,1
13.401,0,0,0.0,0.0,1
13.401,0,0,0.0,0.0,1
13.401,0,0,0.0,0.0,1
13.501,0,0,0.0,0.0,1
13.501,0,0,0.0,0.0,1
13.501,0,0,0.0,0.0,1
13.501,0,0,0.0,0.0,1
13.501,0,0,0.0,0.0,1
13.601,0,0,0.0,0.0,1
13.601,0,0,0.0,0.0,1
13.601,0,0,0.0,0.0,1
13.601,0,0,0.0,0.0,1
13.601,0,0,0.0,0.0,1
13.601,0,0,0.0,0.0,1
13.701,0,0,0.0,0.0,1
13.701,0,0,0.0,0.0,1
13.701,0,0,0.0,0.0,1
13.701,0,0,0.0,0.0,1
13.701,0,0,0.0,0.0,1
13.801,0,0,0.0,0.0,1
13.801,0,0,0.0,0.0,1
13.801,0,0,0.0,0.0,1
13.801,0,0,0.0,0.0,1
13.801,0,0,0.0,0.0,1
13.901,0,0,0.0,0.0,1
13.901,0,0,0.0,0.0,1
13.901,0,0,0.0,0.0,1
13.901,0,0,0.0,0.0,1
13.901,0,0,0.0,0.0,1
14.001,0,0,0.0,0.0,1
14.001,0,0,0.0,0.0,1
14.001,0,0,0.0,0.0,1
14.001,0,0,0.0,0.0,1
14.001,0,0,0.0,0.0,1
14.101,0,0,0.0,0.0,1
14.101,0,0,0.0,0.0,1
14.101,0,0,0.0,0.0,1
14.101,0,0,0.0,0.0,1
14.101,0,0,0.0,0.0,1
14.101,0,0,0.0,0.0,1
14.201,0,0,0.0,0.0,1
14.201,0,0,0.0,0.0,1
14.201,0,0,0.0,0.0,1
14.201,0,0,0.0,0.0,1
14.201,0,0,0.0,0.0,1
14.301,0,0,0.0,0.0,1
14.301,0,0,0.0,0.0,1
14.301,0,0,0.0,0.0,1
14.301,0,0,0.0,0.0,1
14.301,0,0,0.0,0.0,1
14.401,0,0,0.0,0.0,1
14.401,0,0,0.0,0.0,1
14.401,0,0,0.0,0.0,1
14.401,0,0,0.0,0.0,1
14.401,0,0,0.0,0.0,1
14.501,0,0,0.0,0.0,1
14.501,0,0,0.0,0.0,1
14.501,0,0,0.0,0.0,1
14.501,0,0,0.0,0.0,1
14.501,0,0,0.0,0.0,1
14.501,0,0,0.0,0.0,1
14.601,0,0,0.0,0.0,1
14.601,0,0,0.0,0.0,1
14.601,0,0,0.0,0.0,1
14.601,0,0,0.0,0.0,1
14.601,0,0,0.0,0.0,1
14.701,0,0,0.0,0.0,1
14.701,0,0,0.0,0.0,1
14.701,0,0,0.0,0.0,1
14.701,0,0,0.0,0.0,1
14.701,0,0,0.0,0.0,1
14.801,0,0,0.0,0.0,1
14.801,0,0,0.0,0.0,1
14.801,0,0,0.0,0.0,1
14.801,0,0,0.0,0.0,1
14.801,0,0,0.0,0.0,1
14.901,0,0,0.0,0.0,1
14.901,0,0,0.0,0.0,1
14.901,0,0,0.0,0.0,1
14.901,0,0,0.0,0.0,1
14.901,0,0,0.0,0.0,1
15.001,0,0,0.0,0.0,1
15.001,0,0,0.0,0.0,1
15.001,0,0,0.0,0.0,1
15.001,0,0,0.0,0.0,1
15.001,0,0,0.0,0.0,1
15.001,0,0,0.0,0.0,1
15.101,0,0,0.0,0.0,1
15.101,0,0,0.0,0.0,1
15.101,0,0,0.0,0.0,1
15.101,0,0,0.0,0.0,1
15.101,0,0,0.0,0.0,1
15.201,0,0,0.0,0.0,1
15.201,0,0,0.0,0.0,1
15.201,0,0,0.0,0.0,1
15.201,0,0,0.0,0.0,1
15.201,0,0,0.0,0.0,1
15.301,0,0,0.0,0.0,1
15.301,0,0,0.0,0.0,1
15.301,0,0,0.0,0.0,1
15.301,0,0,0.0,0.0,1
15.301,0,0,0.0,0.0,1
15.401,0,0,0.0,0.0,1
15.401,0,0,0.0,0.0,1
15.401,0,0,0.0,0.0,1
15.401,0,0,0.0,0.0,1
15.401,0,0,0.0,0.0,1
15.501,0,0,0.0,0.0,1
15.501,0,0,0.0,0.0,1
15.501,0,0,0.0,0.0,1
15.501,0,0,0.0,0.0,1
15.501,0,0,0.0,0.0,1
15.501,0,0,0.0,0.0,1
15.601,0,0,0.0,0.0,1
15.601,0,0,0.0,0.0,1
15.601,0,0,0.0,0.0,1
15.601,0,0,0.0,0.0,1
15.601,0,0,0.0,0.0,1
15.701,0,0,0.0,0.0,1
15.701,0,0,0.0,0.0,1
15.701,0,0,0.0,0.0,1
15.701,0,0,0.0,0.0,1
15.701,0,0,0.0,0.0,1
15.801,0,0,0.0,0.0,1
15.801,0,0,0.0,0.0,1
15.801,0,0,0.0,0.0,1
15.801,0,0,0.0,0.0,1
15.801,0,0,0.0,0.0,1
15.901,0,0,0.0,0.0,1
15.901,0,0,0.0,0.0,1
15.901,0,0,0.0,0.0,1
15.901,0,0,0.0,0.0,1
15.901,0,0,0.0,0.0,1
15.901,0,0,0.0,0.0,1
16.001,0,0,0.0,0.0,1
16.001,0,0,0.0,0.0,1
16.001,0,0,0.0,0.0,1
16.001,0,0,0.0,0.0,1
16.001,0,0,0.0,0.0,1
16.101,0,0,0.0,0.0,1
16.101,0,0,0.0,0.0,1
16.101,0,0,0.0,0.0,1
16.101,0,0,0.0,0.0,1
16.101,0,0,0.0,0.0,1
16.201,0,0,0.0,0.0,1
16.201,0,0,0.0,0.0,1
16.201,0,0,0.0,0.0,1
16.201,0,0,0.0,0.0,1
16.201,0,0,0.0,0.0,1
16.301,0,0,0.0,0.0,1
16.301,0,0,0.0,0.0,1
16.301,0,0,0.0,0.0,1
16.301,0,0,0.0,0.0,1
16.301,0,0,0.0,0.0,1
16.401,0,0,0.0,0.0,1
16.401,0,0,0.0,0.0,1
16.401,0,0,0.0,0.0,1
16.401,0,0,0.0,0.0,1
16.401,0,0,0.0,0.0,1
16.401,0,0,0.0,0.0,1
16.501,0,0,0.0,0.0,1
16.501,0,0,0.0,0.0,1
16.501,0,0,0.0,0.0,1
16.501,0,0,0.0,0.0,1
16.501,0,0,0.0,0.0,1
16.601,0,0,0.0,0.0,1
16.601,0,0,0.0,0.0,1
16.601,0,0,0.0,0.0,1
16.601,0,0,0.0,0.0,1
16.601,0,0,0.0,0.0,1
16.701,0,0,0.0,0.0,1
16.701,0,0,0.0,0.0,1
16.701,0,0,0.0,0.0,1
16.701,0,0,0.0,0.0,1
16.701,0,0,0.0,0.0,1
16.801,0,0,0.0,0.0,1
16.801,0,0,0.0,0.0,1
16.801,0,0,0.0,0.0,1
16.801,0,0,0.0,0.0,1
16.801,0,0,0.0,0.0,1
16.801,0,0,0.0,0.0,1
16.901,0,0,0.0,0.0,1
16.901,0,0,0.0,0.0,1
16.901,0,0,0.0,0.0,1
16.901,0,0,0.0,0.0,1
16.901,0,0,0.0,0.0,1
17.001,0,0,0.0,0.0,1
17.001,0,0,0.0,0.0,1
17.001,0,0,0.0,0.0,1
17.001,0,0,0.0,0.0,1
17.001,0,0,0.0,0.0,1
17.101,0,0,0.0,0.0,1
17.101,0,0,0.0,0.0,1
17.101,0,0,0.0,0.0,1
17.101,0,0,0.0,0.0,1
17.101,0,0,0.0,0.0,1
17.201,0,0,0.0,0.0,1
17.201,0,0,0.0,0.0,1
17.201,0,0,0.0,0.0,1
17.201,0,0,0.0,0.0,1
17.201,0,0,0.0,0.0,1
17.301,0,0,0.0,0.0,1
17.301,0,0,0.0,0.0,1
17.301,0,0,0.0,0.0,1
17.301,0,0,0.0,0.0,1
17.301,0,0,0.0,0.0,1
17.301,0,0,0.0,0.0,1
17.401,0,0,0.0,0.0,1
17.401,0,0,0.0,0.0,1
17.401,0,0,0.0,0.0,1
17.401,0,0,0.0,0.0,1
17.401,0,0,0.0,0.0,1
17.501,0,0,0.0,0.0,1
17.501,0,0,0.0,0.0,1
17.501,0,0,0.0,0.0,1
17.501,0,0,0.0,0.0,1
17.501,0,0,0.0,0.0,1
17.601,0,0,0.0,0.0,1
17.601,0,0,0.0,0.0,1
17.601,0,0,0.0,0.0,1
17.601,0,0,0.0,0.0,1
17.601,0,0,0.0,0.0,1
17.701,0,0,0.0,0.0,1
17.701,0,0,0.0,0.0,1
17.701,0,0,0.0,0.0,1
17.701,0,0,0.0,0.0,1
17.701,0,0,0.0,0.0,1
17.701,0,0,0.0,0.0,1
17.801,0,0,0.0,0.0,1
17.801,0,0,0.0,0.0,1
17.801,0,0,0.0,0.0,1
17.801,0,0,0.0,0.0,1
17.801,0,0,0.0,0.0,1
17.901,0,0,0.0,0.0,1
17.901,0,0,0.0,0.0,1
17.901,0,0,0.0,0.0,1
17.901,0,0,0.0,0.0,1
17.901,0,0,0.0,0.0,1
18.001,0,0,0.0,0.0,1
18.001,0,0,0.0,0.0,1
18.001,0,0,0.0,0.0,1
18.001,0,0,0.0,0.0,1
18.001,0,0,0.0,0.0,1
18.101,0,0,0.0,0.0,1
18.101,0,0,0.0,0.0,1
18.101,0,0,0.0,0.0,1
18.101,0,0,0.0,0.0,1
18.101,0,0,0.0,0.0,1
18.201,0,0,0.0,0.0,1
18.201,0,0,0.0,0.0,1
18.201,0,0,0.0,0.0,1
18.201,0,0,0.0,0.0,1
18.201,0,0,0.0,0.0,1
18.201,0,0,0.0,0.0,1
18.301,0,0,0.0,0.0,1
18.301,0,0,0.0,0.0,1
18.301,0,0,0.0,0.0,1
18.301,0,0,0.0,0.0,1
18.301,0,0,0.0,0.0,1
18.401,0,0,0.0,0.0,1
18.401,0,0,0.0,0.0,1
18.401,0,0,0.0,0.0,1
18.401,0,0,0.0,0.0,1
18.401,0,0,0.0,0.0,1
18.501,0,0,0.0,0.0,1
18.501,0,0,0.0,0.0,1
18.501,0,0,0.0,0.0,1
18.501,0,0,0.0,0.0,1
18.501,0,0,0.0,0.0,1
18.601,0,0,0.0,0.0,1
18.601,0,0,0.0,0.0,1
18.601,0,0,0.0,0.0,1
18.601,0,0,0.0,0.0,1
18.601,0,0,0.0,0.0,1
18.701,0,0,0.0,0.0,1
18.701,0,0,0.0,0.0,1
18.701,0,0,0.0,0.0,1
18.701,0,0,0.0,0.0,1
18.701,0,0,0.0,0.0,1
18.701,0,0,0.0,0.0,1
18.801,0,0,0.0,0.0,1
18.801,0,0,0.0,0.0,1
18.801,0,0,0.0,0.0,1
18.801,0,0,0.0,0.0,1
18.801,0,0,0.0,0.0,1
18.901,0,0,0.0,0.0,1
18.901,0,0,0.0,0.0,1
18.901,0,0,0.0,0.0,1
18.901,0,0,0.0,0.0,1
18.901,0,0,0.0,0.0,1
19.001,0,0,0.0,0.0,1
19.001,0,0,0.0,0.0,1
19.001,0,0,0.0,0.0,1
19.001,0,0,0.0,0.0,1
19.001,0,0,0.0,0.0,1
19.101,0,0,0.0,0.0,1
19.101,0,0,0.0,0.0,1
19.101,0,0,0.0,0.0,1
19.101,0,0,0.0,0.0,1
19.101,0,0,0.0,0.0,1
19.101,0,0,0.0,0.0,1
19.201,0,0,0.0,0.0,1
19.201,0,0,0.0,0.0,1
19.201,0,0,0.0,0.0,1
19.201,0,0,0.0,0.0,1
19.201,0,0,0.0,0.0,1
19.301,0,0,0.0,0.0,1
19.301,0,0,0.0,0.0,1
19.301,0,0,0.0,0.0,1
19.301,0,0,0.0,0.0,1
19.301,0,0,0.0,0.0,1
19.401,0,0,0.0,0.0,1
19.401,0,0,0.0,0.0,1
19.401,0,0,0.0,0.0,1
19.401,0,0,0.0,0.0,1
19.401,0,0,0.0,0.0,1
19.501,0,0,0.0,0.0,1
19.501,0,0,0.0,0.0,1
19.501,0,0,0.0,0.0,1
19.501,0,0,0.0,0.0,1
19.501,0,0,0.0,0.0,1
19.601,0,0,0.0,0.0,1
19.601,0,0,0.0,0.0,1
19.601,0,0,0.0,0.0,1
19.601,0,0,0.0,0.0,1
19.601,0,0,0.0,0.0,1
19.601,0,0,0.0,0.0,1
19.701,0,0,0.0,0.0,1
19.701,0,0,0.0,0.0,1
19.701,0,0,0.0,0.0,1
19.701,0,0,0.0,0.0,1
19.701,0,0,0.0,0.0,1
19.801,0,0,0.0,0.0,1
19.801,0,0,0.0,0.0,1
19.801,0,0,0.0,0.0,1
19.801,0,0,0.0,0.0,1
19.801,0,0,0.0,0.0,1
19.901,0,0,0.0,0.0,1
19.901,0,0,0.0,0.0,1
19.901,0,0,0.0,0.0,1
19.901,0,0,0.0,0.0,1
19.901,0,0,0.0,0.0,1
20.001,0,0,0.0,0.0,1
20.001,0,0,0.0,0.0,1
20.001,0,0,0.0,0.0,1
20.001,0,0,0.0,0.0,1
20.001,0,0,0.0,0.0,1
20.001,0,0,0.0,0.0,1
20.101,0,0,0.0,0.0,1
20.101,0,0,0.0,0.0,1
20.101,0,0,0.0,0.0,1
20.101,0,0,0.0,0.0,1
20.101,0,0,0.0,0.0,1
20.201,0,0,0.0,0.0,1
20.201,0,0,0.0,0.0,1
20.201,0,0,0.0,0.0,1
20.201,0,0,0.0,0.0,1
20.201,0,0,0.0,0.0,1
20.301,0,0,0.0,0.0,1
20.301,0,0,0.0,0.0,1
20.301,0,0,0.0,0.0,1
20.301,0,0,0.0,0.0,1
20.301,0,0,0.0,0.0,1
20.401,0,0,0.0,0.0,1
20.401,0,0,0.0,0.0,1
20.401,0,0,0.0,0.0,1
20.401,0,0,0.0,0.0,1
20.401,0,0,0.0,0.0,1
20.501,0,0,0.0,0.0,1
20.501,0,0,0.0,0.0,1
20.501,0,0,0.0,0.0,1
20.501,0,0,0.0,0.0,1
20.501,0,0,0.0,0.0,1
20.501,0,0,0.0,0.0,1
20.601,0,0,0.0,0.0,1
20.601,0,0,0.0,0.0,1
20.601,0,0,0.0,0.0,1
20.601,0,0,0.0,0.0,1
20.601,0,0,0.0,0.0,1
20.701,0,0,0.0,0.0,1
20.701,0,0,0.0,0.0,1
20.701,0,0,0.0,0.0,1
20.701,0,0,0.0,0.0,1
20.701,0,0,0.0,0.0,1
20.801,0,0,0.0,0.0,1
20.801,0,0,0.0,0.0,1
20.801,0,0,0.0,0.0,1
20.801,0,0,0.0,0.0,1
20.801,0,0,0.0,0.0,1
20.901,0,0,0.0,0.0,1
20.901,0,0,0.0,0.0,1
20.901,0,0,0.0,0.0,1
20.901,0,0,0.0,0.0,1
20.901,0,0,0.0,0.0,1
21.001,0,0,0.0,0.0,1
21.001,0,0,0.0,0.0,1
21.001,0,0,0.0,0.0,1
21.001,0,0,0.0,0.0,1
21.001,0,0,0.0,0.0,1
21.001,0,0,0.0,0.0,1
21.101,0,0,0.0,0.0,1
21.101,0,0,0.0,0.0,1
21.101,0,0,0.0,0.0,1
21.101,0,0,0.0,0.0,1
21.101,0,0,0.0,0.0,1
21.201,0,0,0.0,0.0,1
21.201,0,0,0.0,0.0,1
21.201,0,0,0.0,0.0,1
21.201,0,0,0.0,0.0,1
21.201,0,0,0.0,0.0,1
21.301,0,0,0.0,0.0,1
21.301,0,0,0.0,0.0,1
21.301,0,0,0.0,0.0,1
21.301,0,0,0.0,0.0,1
21.301,0,0,0.0,0.0,1
21.401,0,0,0.0,0.0,1
21.401,0,0,0.0,0.0,1
21.401,0,0,0.0,0.0,1
21.401,0,0,0.0,0.0,1
21.401,0,0,0.0,0.0,1
21.401,0,0,0.0,0.0,1
21.501,0,0,0.0,0.0,1
21.501,0,0,0.0,0.0,1
21.501,0,0,0.0,0.0,1
21.501,0,0,0.0,0.0,1
21.501,0,0,0.0,0.0,1
21.601,0,0,0.0,0.0,1
21.601,0,0,0.0,0.0,1
21.601,0,0,0.0,0.0,1
21.601,0,0,0.0,0.0,1
21.601,0,0,0.0,0.0,1
21.701,0,0,0.0,0.0,1
21.701,0,0,0.0,0.0,1
21.701,0,0,0.0,0.0,1
21.701,0,0,0.0,0.0,1
21.701,0,0,0.0,0.0,1
21.801,0,0,0.0,0.0,1
21.801,0,0,0.0,0.0,1
21.801,0,0,0.0,0.0,1
21.801,0,0,0.0,0.0,1
21.801,0,0,0.0,0.0,1
21.901,0,0,0.0,0.0,1
21.901,0,0,0.0,0.0,1
21.901,0,0,0.0,0.0,1
21.901,0,0,0.0,0.0,1
21.901,0,0,0.0,0.0,1
21.901,0,0,0.0,0.0,1
22.001,0,0,0.0,0.0,1
22.001,0,0,0.0,0.0,1
22.001,0,0,0.0,0.0,1
22.001,0,0,0.0,0.0,1
22.001,0,0,0.0,0.0,1
22.101,0,0,0.0,0.0,1
22.101,0,0,0.0,0.0,1
22.101,0,0,0.0,0.0,1
22.101,0,0,0.0,0.0,1
22.101,0,0,0.0,0.0,1
22.201,0,0,0.0,0.0,1
22.201,0,0,0.0,0.0,1
22.201,0,0,0.0,0.0,1
22.201,0,0,0.0,0.0,1
22.201,0,0,0.0,0.0,1
22.301,0,0,0.0,0.0,1
22.301,0,0,0.0,0.0,1
22.301,0,0,0.0,0.0,1
22.301,0,0,0.0,0.0,1
22.301,0,0,0.0,0.0,1
22.301,0,0,0.0,0.0,1
22.401,0,0,0.0,0.0,1
22.401,0,0,0.0,0.0,1
22.401,0,0,0.0,0.0,1
22.401,0,0,0.0,0.0,1
22.401,0,0,0.0,0.0,1
22.501,0,0,0.0,0.0,1
22.501,0,0,0.0,0.0,1
22.501,0,0,0.0,0.0,1
22.501,0,0,0.0,0.0,1
22.501,0,0,0.0,0.0,1
22.601,0,0,0.0,0.0,1
22.601,0,0,0.0,0.0,1
22.601,0,0,0.0,0.0,1
22.601,0,0,0.0,0.0,1
22.601,0,0,0.0,0.0,1
22.701,0,0,0.0,0.0,1
22.701,0,0,0.0,0.0,1
22.701,0,0,0.0,0.0,1
22.701,0,0,0.0,0.0,1
22.701,0,0,0.0,0.0,1
22.801,0,0,0.0,0.0,1
22.801,0,0,0.0,0.0,1
22.801,0,0,0.0,0.0,1
22.801,0,0,0.0,0.0,1
22.801,0,0,0.0,0.0,1
22.801,0,0,0.0,0.0,1
22.901,0,0,0.0,0.0,1
22.901,0,0,0.0,0.0,1
22.901,0,0,0.0,0.0,1
22.901,0,0,0.0,0.0,1
22.901,0,0,0.0,0.0,1
23.001,0,0,0.0,0.0,1
23.001,0,0,0.0,0.0,1
23.001,0,0,0.0,0.0,1
23.001,0,0,0.0,0.0,1
23.001,0,0,0.0,0.0,1
23.101,0,0,0.0,0.0,1
23.101,0,0,0.0,0.0,1
23.101,0,0,0.0,0.0,1
23.101,0,0,0.0,0.0,1
23.101,0,0,0.0,0.0,1
23.201,0,0,0.0,0.0,1
23.201,0,0,0.0,0.0,1
23.201,0,0,0.0,0.0,1
23.201,0,0,0.0,0.0,1
23.201,0,0,0.0,0.0,1
23.301,0,0,0.0,0.0,1
23.301,0,0,0.0,0.0,1
23.301,0,0,0.0,0.0,1
23.301,0,0,0.0,0.0,1
23.301,0,0,0.0,0.0,1
23.301,0,0,0.0,0.0,1
23.401,0,0,0.0,0.0,1
23.401,0,0,0.0,0.0,1
23.401,0,0,0.0,0.0,1
23.401,0,0,0.0,0.0,1
23.401,0,0,0.0,0.0,1
23.501,0,0,0.0,0.0,1
23.501,0,0,0.0,0.0,1
23.501,0,0,0.0,0.0,1
23.501,0,0,0.0,0.0,1
23.501,0,0,0.0,0.0,1
23.601,0,0,0.0,0.0,1
23.601,0,0,0.0,0.0,1
23.601,0,0,0.0,0.0,1
23.601,0,0,0.0,0.0,1
23.601,0,0,0.0,0.0,1
23.701,0,0,0.0,0.0,1
23.701,0,0,0.0,0.0,1
23.701,0,0,0.0,0.0,1
23.701,0,0,0.0,0.0,1
23.701,0,0,0.0,0.0,1
23.701,0,0,0.0,0.0,1
23.801,0,0,0.0,0.0,1
23.801,0,0,0.0,0.0,1
23.801,0,0,0.0,0.0,1
23.801,0,0,0.0,0.0,1
23.801,0,0,0.0,0.0,1
23.901,0,0,0.0,0.0,1
23.901,0,0,0.0,0.0,1
23.901,0,0,0.0,0.0,1
23.901,0,0,0.0,0.0,1
23.901,0,0,0.0,0.0,1
24.001,0,0,0.0,0.0,1
24.001,0,0,0.0,0.0,1
24.001,0,0,0.0,0.0,1
24.001,0,0,0.0,0.0,1
24.001,0,0,0.0,0.0,1
24.101,0,0,0.0,0.0,1
24.101,0,0,0.0,0.0,1
24.101,0,0,0.0,0.0,1
24.101,0,0,0.0,0.0,1
24.101,0,0,0.0,0.0,1
24.201,0,0,0.0,0.0,1
24.201,0,0,0.0,0.0,1
24.201,0,0,0.0,0.0,1
24.201,0,0,0.0,0.0,1
24.201,0,0,0.0,0.0,1
24.201,0,0,0.0,0.0,1
24.301,0,0,0.0,0.0,1
24.301,0,0,0.0,0.0,1
24.301,0,0,0.0,0.0,1
24.301,0,0,0.0,0.0,1
24.301,0,0,0.0,0.0,1
24.401,0,0,0.0,0.0,1
24.401,0,0,0.0,0.0,1
24.401,0,0,0.0,0.0,1
24.401,0,0,0.0,0.0,1
24.401,0,0,0.0,0.0,1
24.501,0,0,0.0,0.0,1
24.501,0,0,0.0,0.0,1
24.501,0,0,0.0,0.0,1
24.501,0,0,0.0,0.0,1
24.501,0,0,0.0,0.0,1
24.601,0,0,0.0,0.0,1
24.601,0,0,0.0,0.0,1
24.601,0,0,0.0,0.0,1
24.601,0,0,0.0,0.0,1
24.601,0,0,0.0,0.0,1
24.601,0,0,0.0,0.0,1
24.701,0,0,0.0,0.0,1
24.701,0,0,0.0,0.0,1
24.701,0,0,0.0,0.0,1
24.701,0,0,0.0,0.0,1
24.701,0,0,0.0,0.0,1
24.801,0,0,0.0,0.0,1
24.801,0,0,0.0,0.0,1
24.801,0,0,0.0,0.0,1
24.801,0,0,0.0,0.0,1
24.801,0,0,0.0,0.0,1
24.901,0,0,0.0,0.0,1
24.901,0,0,0.0,0.0,1
24.901,0,0,0.0,0.0,1
24.901,0,0,0.0,0.0,1
24.901,0,0,0.0,0.0,1
25.001,0,0,0.0,0.0,1
25.001,0,0,0.0,0.0,1
25.001,0,0,0.0,0.0,1
25.001,0,0,0.0,0.0,1
25.001,0,0,0.0,0.0,1
25.101,0,0,0.0,0.0,1
25.101,0,0,0.0,0.0,1
25.101,0,0,0.0,0.0,1
25.101,0,0,0.0,0.0,1
25.101,0,0,0.0,0.0,1
25.101,0,0,0.0,0.0,1
25.201,0,0,0.0,0.0,1
25.201,0,0,0.0,0.0,1
25.201,0,0,0.0,0.0,1
25.201,0,0,0.0,0.0,1
25.201,0,0,0.0,0.0,1
25.301,0,0,0.0,0.0,1
25.301,0,0,0.0,0.0,1
25.301,0,0,0.0,0.0,1
25.301,0,0,0.0,0.0,1
25.301,0,0,0.0,0.0,1
25.401,0,0,0.0,0.0,1
25.401,0,0,0.0,0.0,1
25.401,0,0,0.0,0.0,1
25.401,0,0,0.0,0.0,1
25.401,0,0,0.0,0.0,1
25.501,0,0,0.0,0.0,1
25.501,0,0,0.0,0.0,1
25.501,0,0,0.0,0.0,1
25.501,0,0,0.0,0.0,1
25.501,0,0,0.0,0.0,1
25.601,0,0,0.0,0.0,1
25.601,0,0,0.0,0.0,1
25.601,0,0,0.0,0.0,1
25.601,0,0,0.0,0.0,1
25.601,0,0,0.0,0.0,1
25.601,0,0,0.0,0.0,1
25.701,0,0,0.0,0.0,1
25.701,0,0,0.0,0.0,1
25.701,0,0,0.0,0.0,1
25.701,0,0,0.0,0.0,1
25.701,0,0,0.0,0.0,1
25.801,0,0,0.0,0.0,1
25.801,0,0,0.0,0.0,1
25.801,0,0,0.0,0.0,1
25.801,0,0,0.0,0.0,1
25.801,0,0,0.0,0.0,1
25.901,0,0,0.0,0.0,1
25.901,0,0,0.0,0.0,1
25.901,0,0,0.0,0.0,1
25.901,0,0,0.0,0.0,1
25.901,0,0,0.0,0.0,1
26.001,0,0,0.0,0.0,1
26.001,0,0,0.0,0.0,1
26.001,0,0,0.0,0.0,1
26.001,0,0,0.0,0.0,1
26.001,0,0,0.0,0.0,1
26.001,0,0,0.0,0.0,1
26.101,0,0,0.0,0.0,1
26.101,0,0,0.0,0.0,1
26.101,0,0,0.0,0.0,1
26.101,0,0,0.0,0.0,1
26.101,0,0,0.0,0.0,1
26.201,0,0,0.0,0.0,1
26.201,0,0,0.0,0.0,1
26.201,0,0,0.0,0.0,1
26.201,0,0,0.0,0.0,1
26.201,0,0,0.0,0.0,1
26.301,0,0,0.0,0.0,1
26.301,0,0,0.0,0.0,1
26.301,0,0,0.0,0.0,1
26.301,0,0,0.0,0.0,1
26.301,0,0,0.0,0.0,1
26.401,0,0,0.0,0.0,1
26.401,0,0,0.0,0.0,1
26.401,0,0,0.0,0.0,1
26.401,0,0,0.0,0.0,1
26.401,0,0,0.0,0.0,1
26.501,0,0,0.0,0.0,1
26.501,0,0,0.0,0.0,1
26.501,0,0,0.0,0.0,1
26.501,0,0,0.0,0.0,1
26.501,0,0,0.0,0.0,1
26.501,0,0,0.0,0.0,1
26.601,0,0,0.0,0.0,1
26.601,0,0,0.0,0.0,1
26.601,0,0,0.0,0.0,1
26.601,0,0,0.0,0.0,1
26.601,0,0,0.0,0.0,1
26.701,0,0,0.0,0.0,1
26.701,0,0,0.0,0.0,1
26.701,0,0,0.0,0.0,1
26.701,0,0,0.0,0.0,1
26.701,0,0,0.0,0.0,1
26.801,0,0,0.0,0.0,1
26.801,0,0,0.0,0.0,1
26.801,0,0,0.0,0.0,1
26.801,0,0,0.0,0.0,1
26.801,0,0,0.0,0.0,1
26.901,0,0,0.0,0.0,1
26.901,0,0,0.0,0.0,1
26.901,0,0,0.0,0.0,1
26.901,0,0,0.0,0.0,1
26.901,0,0,0.0,0.0,1
26.901,0,0,0.0,0.0,1
27.001,0,0,0.0,0.0,1
27.001,0,0,0.0,0.0,1
27.001,0,0,0.0,0.0,1
27.001,0,0,0.0,0.0,1
27.001,0,0,0.0,0.0,1
27.101,0,0,0.0,0.0,1
27.101,0,0,0.0,0.0,1
27.101,0,0,0.0,0.0,1
27.101,0,0,0.0,0.0,1
27.101,0,0,0.0,0.0,1
27.201,0,0,0.0,0.0,1
27.201,0,0,0.0,0.0,1
27.201,0,0,0.0,0.0,1
27.201,0,0,0.0,0.0,1
27.201,0,0,0.0,0.0,1
27.301,0,0,0.0,0.0,1
27.301,0,0,0.0,0.0,1
27.301,0,0,0.0,0.0,1
27.301,0,0,0.0,0.0,1
27.301,0,0,0.0,0.0,1
27.401,0,0,0.0,0.0,1
27.401,0,0,0.0,0.0,1
27.401,0,0,0.0,0.0,1
27.401,0,0,0.0,0.0,1
27.401,0,0,0.0,0.0,1
27.401,0,0,0.0,0.0,1
27.501,0,0,0.0,0.0,1
27.501,0,0,0.0,0.0,1
27.501,0,0,0.0,0.0,1
27.501,0,0,0.0,0.0,1
27.501,0,0,0.0,0.0,1
27.601,0,0,0.0,0.0,1
27.601,0,0,0.0,0.0,1
27.601,0,0,0.0,0.0,1
27.601,0,0,0.0,0.0,1
27.601,0,0,0.0,0.0,1
27.701,0,0,0.0,0.0,1
27.701,0,0,0.0,0.0,1
27.701,0,0,0.0,0.0,1
27.701,0,0,0.0,0.0,1
27.701,0,0,0.0,0.0,1
27.801,0,0,0.0,0.0,1
27.801,0,0,0.0,0.0,1
27.801,0,0,0.0,0.0,1
27.801,0,0,0.0,0.0,1
27.801,0,0,0.0,0.0,1
27.901,0,0,0.0,0.0,1
27.901,0,0,0.0,0.0,1
27.901,0,0,0.0,0.0,1
27.901,0,0,0.0,0.0,1
27.901,0,0,0.0,0.0,1
27.901,0,0,0.0,0.0,1
28.001,0,0,0.0,0.0,1
28.001,0,0,0.0,0.0,1
28.001,0,0,0.0,0.0,1
28.001,0,0,0.0,0.0,1
28.001,0,0,0.0,0.0,1
28.101,0,0,0.0,0.0,1
28.101,0,0,0.0,0.0,1
28.101,0,0,0.0,0.0,1
28.101,0,0,0.0,0.0,1
28.101,0,0,0.0,0.0,1
28.201,0,0,0.0,0.0,1
28.201,0,0,0.0,0.0,1
28.201,0,0,0.0,0.0,1
28.201,0,0,0.0,0.0,1
28.201,0,0,0.0,0.0,1
28.301,0,0,0.0,0.0,1
28.301,0,0,0.0,0.0,1
28.301,0,0,0.0,0.0,1
28.301,0,0,0.0,0.0,1
28.301,0,0,0.0,0.0,1
28.301,0,0,0.0,0.0,1
28.401,0,0,0.0,0.0,1
28.401,0,0,0.0,0.0,1
28.401,0,0,0.0,0.0,1
28.401,0,0,0.0,0.0,1
28.401,0,0,0.0,0.0,1
28.501,0,0,0.0,0.0,1
28.501,0,0,0.0,0.0,1
28.501,0,0,0.0,0.0,1
28.501,0,0,0.0,0.0,1
28.501,0,0,0.0,0.0,1
28.601,0,0,0.0,0.0,1
28.601,0,0,0.0,0.0,1
28.601,0,0,0.0,0.0,1
28.601,0,0,0.0,0.0,1
28.601,0,0,0.0,0.0,1
28.701,0,0,0.0,0.0,1
28.701,0,0,0.0,0.0,1
28.701,0,0,0.0,0.0,1
28.701,0,0,0.0,0.0,1
28.701,0,0,0.0,0.0,1
28.801,0,0,0.0,0.0,1
28.801,0,0,0.0,0.0,1
28.801,0,0,0.0,0.0,1
28.801,0,0,0.0,0.0,1
28.801,0,0,0.0,0.0,1
28.801,0,0,0.0,0.0,1
28.901,0,0,0.0,0.0,1
28.901,0,0,0.0,0.0,1
28.901,0,0,0.0,0.0,1
28.901,0,0,0.0,0.0,1
28.901,0,0,0.0,0.0,1
29.001,0,0,0.0,0.0,1
29.001,0,0,0.0,0.0,1
29.001,0,0,0.0,0.0,1
29.001,0,0,0.0,0.0,1
29.001,0,0,0.0,0.0,1
29.101,0,0,0.0,0.0,1
29.101,0,0,0.0,0.0,1
29.101,0,0,0.0,0.0,1
29.101,0,0,0.0,0.0,1
29.101,0,0,0.0,0.0,1
29.201,0,0,0.0,0.0,1
29.201,0,0,0.0,0.0,1
29.201,0,0,0.0,0.0,1
29.201,0,0,0.0,0.0,1
29.201,0,0,0.0,0.0,1
29.201,0,0,0.0,0.0,1
29.301,0,0,0.0,0.0,1
29.301,0,0,0.0,0.0,1
29.301,0,0,0.0,0.0,1
29.301,0,0,0.0,0.0,1
29.301,0,0,0.0,0.0,1
29.401,0,0,0.0,0.0,1
29.401,0,0,0.0,0.0,1
29.401,0,0,0.0,0.0,1
29.401,0,0,0.0,0.0,1
29.401,0,0,0.0,0.0,1
29.501,0,0,0.0,0.0,1
29.501,0,0,0.0,0.0,1
29.501,0,0,0.0,0.0,1
29.501,0,0,0.0,0.0,1
29.501,0,0,0.0,0.0,1
29.601,0,0,0.0,0.0,1
29.601,0,0,0.0,0.0,1
29.601,0,0,0.0,0.0,1
29.601,0,0,0.0,0.0,1
29.601,0,0,0.0,0.0,1
29.701,0,0,0.0,0.0,1
29.701,0,0,0.0,0.0,1
29.701,0,0,0.0,0.0,1
29.701,0,0,0.0,0.0,1
29.701,0,0,0.0,0.0,1
29.701,0,0,0.0,0.0,1
29.801,0,0,0.0,0.0,1
29.801,0,0,0.0,0.0,1
29.801,0,0,0.0,0.0,1
29.801,0,0,0.0,0.0,1
29.801,0,0,0.0,0.0,1
29.901,0,0,0.0,0.0,1
29.901,0,0,0.0,0.0,1
29.901,0,0,0.0,0.0,1
29.901,0,0,0.0,0.0,1
29.901,0,0,0.0,0.0,1
30.001,0,0,0.0,0.0,1
30.001,0,0,0.0,0.0,1
30.001,0,0,0.0,0.0,1
30.001,0,0,0.0,0.0,1
30.001,0,0,0.0,0.0,1
30.101,0,0,0.0,0.0,1
30.101,0,0,0.0,0.0,1
30.101,0,0,0.0,0.0,1
30.101,0,0,0.0,0.0,1
30.101,0,0,0.0,0.0,1
30.201,0,0,0.0,0.0,1
30.201,0,0,0.0,0.0,1
30.201,0,0,0.0,0.0,1
30.201,0,0,0.0,0.0,1
30.201,0,0,0.0,0.0,1
30.201,0,0,0.0,0.0,1
30.301,0,0,0.0,0.0,1
30.301,0,0,0.0,0.0,1
30.301,0,0,0.0,0.0,1
30.301,0,0,0.0,0.0,1
30.301,0,0,0.0,0.0,1
30.401,0,0,0.0,0.0,1
30.401,0,0,0.0,0.0,1
30.401,0,0,0.0,0.0,1
30.401,0,0,0.0,0.0,1
30.401,0,0,0.0,0.0,1
30.501,0,0,0.0,0.0,1
30.501,0,0,0.0,0.0,1
30.501,0,0,0.0,0.0,1
30.501,0,0,0.0,0.0,1
30.501,0,0,0.0,0.0,1
30.601,0,0,0.0,0.0,1
30.601,0,0,0.0,0.0,1
30.601,0,0,0.0,0.0,1
30.601,0,0,0.0,0.0,1
30.601,0,0,0.0,0.0,1
30.601,0,0,0.0,0.0,1
30.701,0,0,0.0,0.0,1
30.701,0,0,0.0,0.0,1
30.701,0,0,0.0,0.0,1
30.701,0,0,0.0,0.0,1
30.701,0,0,0.0,0.0,1
30.801,0,0,0.0,0.0,1
30.801,0,0,0.0,0.0,1
30.801,0,0,0.0,0.0,1
30.801,0,0,0.0,0.0,1
30.801,0,0,0.0,0.0,1
30.901,0,0,0.0,0.0,1
30.901,0,0,0.0,0.0,1
30.901,0,0,0.0,0.0,1
30.901,0,0,0.0,0.0,1
30.901,0,0,0.0,0.0,1
31.001,0,0,0.0,0.0,1
31.001,0,0,0.0,0.0,1
31.001,0,0,0.0,0.0,1
31.001,0,0,0.0,0.0,1
31.001,0,0,0.0,0.0,1
31.101,0,0,0.0,0.0,1
31.101,0,0,0.0,0.0,1
31.101,0,0,0.0,0.0,1
31.101,0,0,0.0,0.0,1
31.101,0,0,0.0,0.0,1
31.101,0,0,0.0,0.0,1
31.201,0,0,0.0,0.0,1
31.201,0,0,0.0,0.0,1
31.201,0,0,0.0,0.0,1
31.201,0,0,0.0,0.0,1
31.201,0,0,0.0,0.0,1
31.301,0,0,0.0,0.0,1
31.301,0,0,0.0,0.0,1
31.301,0,0,0.0,0.0,1
31.301,0,0,0.0,0.0,1
31.301,0,0,0.0,0.0,1
31.401,0,0,0.0,0.0,1
31.401,0,0,0.0,0.0,1
31.401,0,0,0.0,0.0,1
31.401,0,0,0.0,0.0,1
31.401,0,0,0.0,0.0,1
31.501,0,0,0.0,0.0,1
31.501,0,0,0.0,0.0,1
31.501,0,0,0.0,0.0,1
31.501,0,0,0.0,0.0,1
31.501,0,0,0.0,0.0,1
31.501,0,0,0.0,0.0,1
31.601,0,0,0.0,0.0,1
31.601,0,0,0.0,0.0,1
31.601,0,0,0.0,0.0,1
31.601,0,0,0.0,0.0,1
31.601,0,0,0.0,0.0,1
31.701,0,0,0.0,0.0,1
31.701,0,0,0.0,0.0,1
31.701,0,0,0.0,0.0,1
31.701,0,0,0.0,0.0,1
31.701,0,0,0.0,0.0,1
31.801,0,0,0.0,0.0,1
31.801,0,0,0.0,0.0,1
31.801,0,0,0.0,0.0,1
31.801,0,0,0.0,0.0,1
31.801,0,0,0.0,0.0,1
31.901,0,0,0.0,0.0,1
31.901,0,0,0.0,0.0,1
31.901,0,0,0.0,0.0,1
31.901,0,0,0.0,0.0,1
31.901,0,0,0.0,0.0,1
32.001,0,0,0.0,0.0,1
32.001,0,0,0.0,0.0,1
32.001,0,0,0.0,0.0,1
32.001,0,0,0.0,0.0,1
32.001,0,0,0.0,0.0,1
32.001,0,0,0.0,0.0,1
32.101,0,0,0.0,0.0,1
32.101,0,0,0.0,0.0,1
32.101,0,0,0.0,0.0,1
32.101,0,0,0.0,0.0,1
32.101,0,0,0.0,0.0,1
32.201,0,0,0.0,0.0,1
32.201,0,0,0.0,0.0,1
32.201,0,0,0.0,0.0,1
32.201,0,0,0.0,0.0,1
32.201,0,0,0.0,0.0,1
32.301,0,0,0.0,0.0,1
32.301,0,0,0.0,0.0,1
32.301,0,0,0.0,0.0,1
32.301,0,0,0.0,0.0,1
32.301,0,0,0.0,0.0,1
32.401,0,0,0.0,0.0,1
32.401,0,0,0.0,0.0,1
32.401,0,0,0.0,0.0,1
32.401,0,0,0.0,0.0,1
32.401,0,0,0.0,0.0,1
32.501,0,0,0.0,0.0,1
32.501,0,0,0.0,0.0,1
32.501,0,0,0.0,0.0,1
32.501,0,0,0.0,0.0,1
32.501,0,0,0.0,0.0,1
32.501,0,0,0.0,0.0,1
32.601,0,0,0.0,0.0,1
32.601,0,0,0.0,0.0,1
32.601,0,0,0.0,0.0,1
32.601,0,0,0.0,0.0,1
32.601,0,0,0.0,0.0,1
32.701,0,0,0.0,0.0,1
32.701,0,0,0.0,0.0,1
32.701,0,0,0.0,0.0,1
32.701,0,0,0.0,0.0,1
32.701,0,0,0.0,0.0,1
32.801,0,0,0.0,0.0,1
32.801,0,0,0.0,0.0,1
32.801,0,0,0.0,0.0,1
32.801,0,0,0.0,0.0,1
32.801,0,0,0.0,0.0,1
32.901,0,0,0.0,0.0,1
32.901,0,0,0.0,0.0,1
32.901,0,0,0.0,0.0,1
32.901,0,0,0.0,0.0,1
32.901,0,0,0.0,0.0,1
32.901,0,0,0.0,0.0,1
33.001,0,0,0.0,0.0,1
33.001,0,0,0.0,0.0,1
33.001,0,0,0.0,0.0,1
33.001,0,0,0.0,0.0,1
33.001,0,0,0.0,0.0,1
33.101,0,0,0.0,0.0,1
33.101,0,0,0.0,0.0,1
33.101,0,0,0.0,0.0,1
33.101,0,0,0.0,0.0,1
33.101,0,0,0.0,0.0,1
33.201,0,0,0.0,0.0,1
33.201,0,0,0.0,0.0,1
33.201,0,0,0.0,0.0,1
33.201,0,0,0.0,0.0,1
33.201,0,0,0.0,0.0,1
33.301,0,0,0.0,0.0,1
33.301,0,0,0.0,0.0,1
33.301,0,0,0.0,0.0,1
33.301,0,0,0.0,0.0,1
33.301,0,0,0.0,0.0,1
33.401,0,0,0.0,0.0,1
33.401,0,0,0.0,0.0,1
33.401,0,0,0.0,0.0,1
33.401,0,0,0.0,0.0,1
33.401,0,0,0.0,0.0,1
33.401,0,0,0.0,0.0,1
33.501,0,0,0.0,0.0,1
33.501,0,0,0.0,0.0,1
33.501,0,0,0.0,0.0,1
33.501,0,0,0.0,0.0,1
33.501,0,0,0.0,0.0,1
33.601,0,0,0.0,0.0,1
33.601,0,0,0.0,0.0,1
33.601,0,0,0.0,0.0,1
33.601,0,0,0.0,0.0,1
33.601,0,0,0.0,0.0,1
33.701,0,0,0.0,0.0,1
33.701,0,0,0.0,0.0,1
33.701,0,0,0.0,0.0,1
33.701,0,0,0.0,0.0,1
33.701,0,0,0.0,0.0,1
33.801,0,0,0.0,0.0,1
33.801,0,0,0.0,0.0,1
33.801,0,0,0.0,0.0,1
33.801,0,0,0.0,0.0,1
33.801,0,0,0.0,0.0,1
33.801,0,0,0.0,0.0,1
33.901,0,0,0.0,0.0,1
33.901,0,0,0.0,0.0,1
33.901,0,0,0.0,0.0,1
33.901,0,0,0.0,0.0,1
33.901,0,0,0.0,0.0,1
34.001,0,0,0.0,0.0,1
34.001,0,0,0.0,0.0,1
34.001,0,0,0.0,0.0,1
34.001,0,0,0.0,0.0,1
34.001,0,0,0.0,0.0,1
34.101,0,0,0.0,0.0,1
34.101,0,0,0.0,0.0,1
34.101,0,0,0.0,0.0,1
34.101,0,0,0.0,0.0,1
34.101,0,0,0.0,0.0,1
34.201,0,0,0.0,0.0,1
34.201,0,0,0.0,0.0,1
34.201,0,0,0.0,0.0,1
34.201,0,0,0.0,0.0,1
34.201,0,0,0.0,0.0,1
34.301,0,0,0.0,0.0,1
34.301,0,0,0.0,0.0,1
34.301,0,0,0.0,0.0,1
34.301,0,0,0.0,0.0,1
34.301,0,0,0.0,0.0,1
34.301,0,0,0.0,0.0,1
34.401,0,0,0.0,0.0,1
34.401,0,0,0.0,0.0,1
34.401,0,0,0.0,0.0,1
34.401,0,0,0.0,0.0,1
34.401,0,0,0.0,0.0,1
34.501,0,0,0.0,0.0,1
34.501,0,0,0.0,0.0,1
34.501,0,0,0.0,0.0,1
34.501,0,0,0.0,0.0,1
34.501,0,0,0.0,0.0,1
34.601,0,0,0.0,0.0,1
34.601,0,0,0.0,0.0,1
34.601,0,0,0.0,0.0,1
34.601,0,0,0.0,0.0,1
34.601,0,0,0.0,0.0,1
34.701,0,0,0.0,0.0,1
34.701,0,0,0.0,0.0,1
34.701,0,0,0.0,0.0,1
34.701,0,0,0.0,0.0,1
34.701,0,0,0.0,0.0,1
34.701,0,0,0.0,0.0,1
34.801,0,0,0.0,0.0,1
34.801,0,0,0.0,0.0,1
34.801,0,0,0.0,0.0,1
34.801,0,0,0.0,0.0,1
34.801,0,0,0.0,0.0,1
34.901,0,0,0.0,0.0,1
34.901,0,0,0.0,0.0,1
34.901,0,0,0.0,0.0,1
34.901,0,0,0.0,0.0,1
34.901,0,0,0.0,0.0,1
35.001,0,0,0.0,0.0,1
35.001,0,0,0.0,0.0,1
35.001,0,0,0.0,0.0,1
35.001,0,0,0.0,0.0,1
35.001,0,0,0.0,0.0,1
35.101,0,0,0.0,0.0,1
35.101,0,0,0.0,0.0,1
35.101,0,0,0.0,0.0,1
35.101,0,0,0.0,0.0,1
35.101,0,0,0.0,0.0,1
35.201,0,0,0.0,0.0,1
35.201,0,0,0.0,0.0,1
35.201,0,0,0.0,0.0,1
35.201,0,0,0.0,0.0,1
35.201,0,0,0.0,0.0,1
35.201,0,0,0.0,0.0,1
35.301,0,0,0.0,0.0,1
35.301,0,0,0.0,0.0,1
35.301,0,0,0.0,0.0,1
35.301,0,0,0.0,0.0,1
35.301,0,0,0.0,0.0,1
35.401,0,0,0.0,0.0,1
35.401,0,0,0.0,0.0,1
35.401,0,0,0.0,0.0,1
35.401,0,0,0.0,0.0,1
35.401,0,0,0.0,0.0,1
35.501,0,0,0.0,0.0,1
35.501,0,0,0.0,0.0,1
35.501,0,0,0.0,0.0,1
35.501,0,0,0.0,0.0,1
35.501,0,0,0.0,0.0,1
35.601,0,0,0.0,0.0,1
35.601,0,0,0.0,0.0,1
35.601,0,0,0.0,0.0,1
35.601,0,0,0.0,0.0,1
35.601,0,0,0.0,0.0,1
35.701,0,0,0.0,0.0,1
35.701,0,0,0.0,0.0,1
35.701,0,0,0.0,0.0,1
35.701,0,0,0.0,0.0,1
35.701,0,0,0.0,0.0,1
35.701,0,0,0.0,0.0,1
35.801,0,0,0.0,0.0,1
35.801,0,0,0.0,0.0,1
35.801,0,0,0.0,0.0,1
35.801,0,0,0.0,0.0,1
35.801,0,0,0.0,0.0,1
35.901,0,0,0.0,0.0,1
35.901,0,0,0.0,0.0,1
35.901,0,0,0.0,0.0,1
35.901,0,0,0.0,0.0,1
35.901,0,0,0.0,0.0,1
36.001,0,0,0.0,0.0,1
36.001,0,0,0.0,0.0,1
36.001,0,0,0.0,0.0,1
36.001,0,0,0.0,0.0,1
36.001,0,0,0.0,0.0,1
36.101,0,0,0.0,0.0,1
36.101,0,0,0.0,0.0,1
36.101,0,0,0.0,0.0,1
36.101,0,0,0.0,0.0,1
36.101,0,0,0.0,0.0,1
36.101,0,0,0.0,0.0,1
36.201,0,0,0.0,0.0,1
36.201,0,0,0.0,0.0,1
36.201,0,0,0.0,0.0,1
36.201,0,0,0.0,0.0,1
36.201,0,0,0.0,0.0,1
36.301,0,0,0.0,0.0,1
36.301,0,0,0.0,0.0,1
36.301,0,0,0.0,0.0,1
36.301,0,0,0.0,0.0,1
36.301,0,0,0.0,0.0,1
36.401,0,0,0.0,0.0,1
36.401,0,0,0.0,0.0,1
36.401,0,0,0.0,0.0,1
36.401,0,0,0.0,0.0,1
36.401,0,0,0.0,0.0,1
36.501,0,0,0.0,0.0,1
36.501,0,0,0.0,0.0,1
36.501,0,0,0.0,0.0,1
36.501,0,0,0.0,0.0,1
36.501,0,0,0.0,0.0,1
36.601,0,0,0.0,0.0,1
36.601,0,0,0.0,0.0,1
36.601,0,0,0.0,0.0,1
36.601,0,0,0.0,0.0,1
36.601,0,0,0.0,0.0,1
36.601,0,0,0.0,0.0,1
36.701,0,0,0.0,0.0,1
36.701,0,0,0.0,0.0,1
36.701,0,0,0.0,0.0,1
36.701,0,0,0.0,0.0,1
36.701,0,0,0.0,0.0,1
36.801,0,0,0.0,0.0,1
36.801,0,0,0.0,0.0,1
36.801,0,0,0.0,0.0,1
36.801,0,0,0.0,0.0,1
36.801,0,0,0.0,0.0,1
36.901,0,0,0.0,0.0,1
36.901,0,0,0.0,0.0,1
36.901,0,0,0.0,0.0,1
36.901,0,0,0.0,0.0,1
36.901,0,0,0.0,0.0,1
37.001,0,0,0.0,0.0,1
37.001,0,0,0.0,0.0,1
37.001,0,0,0.0,0.0,1
37.001,0,0,0.0,0.0,1
37.001,0,0,0.0,0.0,1
37.001,0,0,0.0,0.0,1
37.101,0,0,0.0,0.0,1
37.101,0,0,0.0,0.0,1
37.101,0,0,0.0,0.0,1
37.101,0,0,0.0,0.0,1
37.101,0,0,0.0,0.0,1
37.201,0,0,0.0,0.0,1
37.201,0,0,0.0,0.0,1
37.201,0,0,0.0,0.0,1
37.201,0,0,0.0,0.0,1
37.201,0,0,0.0,0.0,1
37.301,0,0,0.0,0.0,1
37.301,0,0,0.0,0.0,1
37.301,0,0,0.0,0.0,1
37.301,0,0,0.0,0.0,1
37.301,0,0,0.0,0.0,1
37.401,0,0,0.0,0.0,1
37.401,0,0,0.0,0.0,1
37.401,0,0,0.0,0.0,1
37.401,0,0,0.0,0.0,1
37.401,0,0,0.0,0.0,1
37.501,0,0,0.0,0.0,1
37.501,0,0,0.0,0.0,1
37.501,0,0,0.0,0.0,1
37.501,0,0,0.0,0.0,1
37.501,0,0,0.0,0.0,1
37.501,0,0,0.0,0.0,1
37.601,0,0,0.0,0.0,1
37.601,0,0,0.0,0.0,1
37.601,0,0,0.0,0.0,1
37.601,0,0,0.0,0.0,1
37.601,0,0,0.0,0.0,1
37.701,0,0,0.0,0.0,1
37.701,0,0,0.0,0.0,1
37.701,0,0,0.0,0.0,1
37.701,0,0,0.0,0.0,1
37.701,0,0,0.0,0.0,1
37.801,0,0,0.0,0.0,1
37.801,0,0,0.0,0.0,1
37.801,0,0,0.0,0.0,1
37.801,0,0,0.0,0.0,1
37.801,0,0,0.0,0.0,1
37.901,0,0,0.0,0.0,1
37.901,0,0,0.0,0.0,1
37.901,0,0,0.0,0.0,1
37.901,0,0,0.0,0.0,1
37.901,0,0,0.0,0.0,1
37.901,0,0,0.0,0.0,1
38.001,0,0,0.0,0.0,1
38.001,0,0,0.0,0.0,1
38.001,0,0,0.0,0.0,1
38.001,0,0,0.0,0.0,1
38.001,0,0,0.0,0.0,1
38.101,0,0,0.0,0.0,1
38.101,0,0,0.0,0.0,1
38.101,0,0,0.0,0.0,1
38.101,0,0,0.0,0.0,1
38.101,0,0,0.0,0.0,1
38.201,0,0,0.0,0.0,1
38.201,0,0,0.0,0.0,1
38.201,0,0,0.0,0.0,1
38.201,0,0,0.0,0.0,1
38.201,0,0,0.0,0.0,1
38.301,0,0,0.0,0.0,1
38.301,0,0,0.0,0.0,1
38.301,0,0,0.0,0.0,1
38.301,0,0,0.0,0.0,1
38.301,0,0,0.0,0.0,1
38.401,0,0,0.0,0.0,1
38.401,0,0,0.0,0.0,1
38.401,0,0,0.0,0.0,1
38.401,0,0,0.0,0.0,1
38.401,0,0,0.0,0.0,1
38.401,0,0,0.0,0.0,1
38.501,0,0,0.0,0.0,1
38.501,0,0,0.0,0.0,1
38.501,0,0,0.0,0.0,1
38.501,0,0,0.0,0.0,1
38.501,0,0,0.0,0.0,1
38.601,0,0,0.0,0.0,1
38.601,0,0,0.0,0.0,1
38.601,0,0,0.0,0.0,1
38.601,0,0,0.0,0.0,1
38.601,0,0,0.0,0.0,1
38.701,0,0,0.0,0.0,1
38.701,0,0,0.0,0.0,1
38.701,0,0,0.0,0.0,1
38.701,0,0,0.0,0.0,1
38.701,0,0,0.0,0.0,1
38.801,0,0,0.0,0.0,1
38.801,0,0,0.0,0.0,1
38.801,0,0,0.0,0.0,1
38.801,0,0,0.0,0.0,1
38.801,0,0,0.0,0.0,1
38.901,0,0,0.0,0.0,1
38.901,0,0,0.0,0.0,1
38.901,0,0,0.0,0.0,1
38.901,0,0,0.0,0.0,1
38.901,0,0,0.0,0.0,1
38.901,0,0,0.0,0.0,1
39.001,0,0,0.0,0.0,1
39.001,0,0,0.0,0.0,1
39.001,0,0,0.0,0.0,1
39.001,0,0,0.0,0.0,1
39.001,0,0,0.0,0.0,1
39.101,0,0,0.0,0.0,1
39.101,0,0,0.0,0.0,1
39.101,0,0,0.0,0.0,1
39.101,0,0,0.0,0.0,1
39.101,0,0,0.0,0.0,1
39.201,0,0,0.0,0.0,1
39.201,0,0,0.0,0.0,1
39.201,0,0,0.0,0.0,1
39.201,0,0,0.0,0.0,1
39.201,0,0,0.0,0.0,1
39.301,0,0,0.0,0.0,1
39.301,0,0,0.0,0.0,1
39.301,0,0,0.0,0.0,1
39.301,0,0,0.0,0.0,1
39.301,0,0,0.0,0.0,1
39.301,0,0,0.0,0.0,1
39.401,0,0,0.0,0.0,1
39.401,0,0,0.0,0.0,1
39.401,0,0,0.0,0.0,1
39.401,0,0,0.0,0.0,1
39.401,0,0,0.0,0.0,1
39.501,0,0,0.0,0.0,1
39.501,0,0,0.0,0.0,1
39.501,0,0,0.0,0.0,1
39.501,0,0,0.0,0.0,1
39.501,0,0,0.0,0.0,1
39.601,0,0,0.0,0.0,1
39.601,0,0,0.0,0.0,1
39.601,0,0,0.0,0.0,1
39.601,0,0,0.0,0.0,1
39.601,0,0,0.0,0.0,1
39.701,0,0,0.0,0.0,1
39.701,0,0,0.0,0.0,1
39.701,0,0,0.0,0.0,1
39.701,0,0,0.0,0.0,1
39.701,0,0,0.0,0.0,1
39.801,0,0,0.0,0.0,1
39.801,0,0,0.0,0.0,1
39.801,0,0,0.0,0.0,1
39.801,0,0,0.0,0.0,1
39.801,0,0,0.0,0.0,1
39.801,0,0,0.0,0.0,1
39.901,0,0,0.0,0.0,1
39.901,0,0,0.0,0.0,1
39.901,0,0,0.0,0.0,1
39.901,0,0,0.0,0.0,1
39.901,0,0,0.0,0.0,1
40.001,0,0,0.0,0.0,1
40.001,0,0,0.0,0.0,1
40.001,0,0,0.0,0.0,1
40.001,0,0,0.0,0.0,1
40.001,0,0,0.0,0.0,1
40.101,0,0,0.0,0.0,1
40.101,0,0,0.0,0.0,1
40.101,0,0,0.0,0.0,1
40.101,0,0,0.0,0.0,1
40.101,0,0,0.0,0.0,1
40.201,0,0,0.0,0.0,1
40.201,0,0,0.0,0.0,1
40.201,0,0,0.0,0.0,1
40.201,0,0,0.0,0.0,1
40.201,0,0,0.0,0.0,1
40.201,0,0,0.0,0.0,1
40.301,0,0,0.0,0.0,1
40.301,0,0,0.0,0.0,1
40.301,0,0,0.0,0.0,1
40.301,0,0,0.0,0.0,1
40.301,0,0,0.0,0.0,1
40.401,0,0,0.0,0.0,1
40.401,0,0,0.0,0.0,1
40.401,0,0,0.0,0.0,1
40.401,0,0,0.0,0.0,1
40.401,0,0,0.0,0.0,1
40.501,0,0,0.0,0.0,1
40.501,0,0,0.0,0.0,1
40.501,0,0,0.0,0.0,1
40.501,0,0,0.0,0.0,1
40.501,0,0,0.0,0.0,1
40.601,0,0,0.0,0.0,1
40.601,0,0,0.0,0.0,1
40.601,0,0,0.0,0.0,1
40.601,0,0,0.0,0.0,1
40.601,0,0,0.0,0.0,1
40.701,0,0,0.0,0.0,1
40.701,0,0,0.0,0.0,1
40.701,0,0,0.0,0.0,1
40.701,0,0,0.0,0.0,1
40.701,0,0,0.0,0.0,1
40.701,0,0,0.0,0.0,1
40.801,0,0,0.0,0.0,1
40.801,0,0,0.0,0.0,1
40.801,0,0,0.0,0.0,1
40.801,0,0,0.0,0.0,1
40.801,0,0,0.0,0.0,1
40.901,0,0,0.0,0.0,1
40.901,0,0,0.0,0.0,1
40.901,0,0,0.0,0.0,1
40.901,0,0,0.0,0.0,1
40.901,0,0,0.0,0.0,1
41.001,0,0,0.0,0.0,1
41.001,0,0,0.0,0.0,1
41.001,0,0,0.0,0.0,1
41.001,0,0,0.0,0.0,1
41.001,0,0,0.0,0.0,1
41.101,0,0,0.0,0.0,1
41.101,0,0,0.0,0.0,1
41.101,0,0,0.0,0.0,1
41.101,0,0,0.0,0.0,1
41.101,0,0,0.0,0.0,1
41.201,0,0,0.0,0.0,1
41.201,0,0,0.0,0.0,1
41.201,0,0,0.0,0.0,1
41.201,0,0,0.0,0.0,1
41.201,0,0,0.0,0.0,1
41.201,0,0,0.0,0.0,1
41.301,0,0,0.0,0.0,1
41.301,0,0,0.0,0.0,1
41.301,0,0,0.0,0.0,1
41.301,0,0,0.0,0.0,1
41.301,0,0,0.0,0.0,1
41.401,0,0,0.0,0.0,1
41.401,0,0,0.0,0.0,1
41.401,0,0,0.0,0.0,1
41.401,0,0,0.0,0.0,1
41.401,0,0,0.0,0.0,1
41.501,0,0,0.0,0.0,1
41.501,0,0,0.0,0.0,1
41.501,0,0,0.0,0.0,1
41.501,0,0,0.0,0.0,1
41.501,0,0,0.0,0.0,1
41.601,0,0,0.0,0.0,1
41.601,0,0,0.0,0.0,1
41.601,0,0,0.0,0.0,1
41.601,0,0,0.0,0.0,1
41.601,0,0,0.0,0.0,1
41.601,0,0,0.0,0.0,1
41.701,0,0,0.0,0.0,1
41.701,0,0,0.0,0.0,1
41.701,0,0,0.0,0.0,1
41.701,0,0,0.0,0.0,1
41.701,0,0,0.0,0.0,1
41.801,0,0,0.0,0.0,1
41.801,0,0,0.0,0.0,1
41.801,0,0,0.0,0.0,1
41.801,0,0,0.0,0.0,1
41.801,0,0,0.0,0.0,1
41.901,0,0,0.0,0.0,1
41.901,0,0,0.0,0.0,1
41.901,0,0,0.0,0.0,1
41.901,0,0,0.0,0.0,1
41.901,0,0,0.0,0.0,1
42.001,0,0,0.0,0.0,1
42.001,0,0,0.0,0.0,1
42.001,0,0,0.0,0.0,1
42.001,0,0,0.0,0.0,1
42.001,0,0,0.0,0.0,1
42.101,0,0,0.0,0.0,1
42.101,0,0,0.0,0.0,1
42.101,0,0,0.0,0.0,1
42.101,0,0,0.0,0.0,1
42.101,0,0,0.0,0.0,1
42.101,0,0,0.0,0.0,1
42.201,0,0,0.0,0.0,1
42.201,0,0,0.0,0.0,1
42.201,0,0,0.0,0.0,1
42.201,0,0,0.0,0.0,1
42.201,0,0,0.0,0.0,1
42.301,0,0,0.0,0.0,1
42.301,0,0,0.0,0.0,1
42.301,0,0,0.0,0.0,1
42.301,0,0,0.0,0.0,1
42.301,0,0,0.0,0.0,1
42.401,0,0,0.0,0.0,1
42.401,0,0,0.0,0.0,1
42.401,0,0,0.0,0.0,1
42.401,0,0,0.0,0.0,1
42.401,0,0,0.0,0.0,1
42.501,0,0,0.0,0.0,1
42.501,0,0,0.0,0.0,1
42.501,0,0,0.0,0.0,1
42.501,0,0,0.0,0.0,1
42.501,0,0,0.0,0.0,1
42.501,0,0,0.0,0.0,1
42.601,0,0,0.0,0.0,1
42.601,0,0,0.0,0.0,1
42.601,0,0,0.0,0.0,1
42.601,0,0,0.0,0.0,1
42.601,0,0,0.0,0.0,1
42.701,0,0,0.0,0.0,1
42.701,0,0,0.0,0.0,1
42.701,0,0,0.0,0.0,1
42.701,0,0,0.0,0.0,1
42.701,0,0,0.0,0.0,1
42.801,0,0,0.0,0.0,1
42.801,0,0,0.0,0.0,1
42.801,0,0,0.0,0.0,1
42.801,0,0,0.0,0.0,1
42.801,0,0,0.0,0.0,1
42.901,0,0,0.0,0.0,1
42.901,0,0,0.0,0.0,1
42.901,0,0,0.0,0.0,1
42.901,0,0,0.0,0.0,1
42.901,0,0,0.0,0.0,1
43.001,0,0,0.0,0.0,1
43.001,0,0,0.0,0.0,1
43.001,0,0,0.0,0.0,1
43.001,0,0,0.0,0.0,1
43.001,0,0,0.0,0.0,1
43.001,0,0,0.0,0.0,1
43.101,0,0,0.0,0.0,1
43.101,0,0,0.0,0.0,1
43.101,0,0,0.0,0.0,1
43.101,0,0,0.0,0.0,1
43.101,0,0,0.0,0.0,1
43.201,0,0,0.0,0.0,1
43.201,0,0,0.0,0.0,1
43.201,0,0,0.0,0.0,1
43.201,0,0,0.0,0.0,1
43.201,0,0,0.0,0.0,1
43.301,0,0,0.0,0.0,1
43.301,0,0,0.0,0.0,1
43.301,0,0,0.0,0.0,1
43.301,0,0,0.0,0.0,1
43.301,0,0,0.0,0.0,1
43.401,0,0,0.0,0.0,1
43.401,0,0,0.0,0.0,1
43.401,0,0,0.0,0.0,1
43.401,0,0,0.0,0.0,1
43.401,0,0,0.0,0.0,1
43.501,0,0,0.0,0.0,1
43.501,0,0,0.0,0.0,1
43.501,0,0,0.0,0.0,1
43.501,0,0,0.0,0.0,1
43.501,0,0,0.0,0.0,1
43.501,0,0,0.0,0.0,1
43.601,0,0,0.0,0.0,1
43.601,0,0,0.0,0.0,1
43.601,0,0,0.0,0.0,1
43.601,0,0,0.0,0.0,1
43.601,0,0,0.0,0.0,1
43.701,0,0,0.0,0.0,1
43.701,0,0,0.0,0.0,1
43.701,0,0,0.0,0.0,1
43.701,0,0,0.0,0.0,1
43.701,0,0,0.0,0.0,1
43.801,0,0,0.0,0.0,1
43.801,0,0,0.0,0.0,1
43.801,0,0,0.0,0.0,1
43.801,0,0,0.0,0.0,1
43.801,0,0,0.0,0.0,1
43.901,0,0,0.0,0.0,1
43.901,0,0,0.0,0.0,1
43.901,0,0,0.0,0.0,1
43.901,0,0,0.0,0.0,1
43.901,0,0,0.0,0.0,1
43.901,0,0,0.0,0.0,1
44.001,0,0,0.0,0.0,1
44.001,0,0,0.0,0.0,1
44.001,0,0,0.0,0.0,1
44.001,0,0,0.0,0.0,1
44.001,0,0,0.0,0.0,1
44.101,0,0,0.0,0.0,1
44.101,0,0,0.0,0.0,1
44.101,0,0,0.0,0.0,1
44.101,0,0,0.0,0.0,1
44.101,0,0,0.0,0.0,1
44.201,0,0,0.0,0.0,1
44.201,0,0,0.0,0.0,1
44.201,0,0,0.0,0.0,1
44.201,0,0,0.0,0.0,1
44.201,0,0,0.0,0.0,1
44.301,0,0,0.0,0.0,1
44.301,0,0,0.0,0.0,1
44.301,0,0,0.0,0.0,1
44.301,0,0,0.0,0.0,1
44.301,0,0,0.0,0.0,1
44.401,0,0,0.0,0.0,1
44.401,0,0,0.0,0.0,1
44.401,0,0,0.0,0.0,1
44.401,0,0,0.0,0.0,1
44.401,0,0,0.0,0.0,1
44.401,0,0,0.0,0.0,1
44.501,0,0,0.0,0.0,1
44.501,0,0,0.0,0.0,1
44.501,0,0,0.0,0.0,1
44.501,0,0,0.0,0.0,1
44.501,0,0,0.0,0.0,1
44.601,0,0,0.0,0.0,1
44.601,0,0,0.0,0.0,1
44.601,0,0,0.0,0.0,1
44.601,0,0,0.0,0.0,1
44.601,0,0,0.0,0.0,1
44.701,0,0,0.0,0.0,1
44.701,0,0,0.0,0.0,1
44.701,0,0,0.0,0.0,1
44.701,0,0,0.0,0.0,1
44.701,0,0,0.0,0.0,1
44.801,0,0,0.0,0.0,1
44.801,0,0,0.0,0.0,1
44.801,0,0,0.0,0.0,1
44.801,0,0,0.0,0.0,1
44.801,0,0,0.0,0.0,1
44.801,0,0,0.0,0.0,1
44.901,0,0,0.0,0.0,1
44.901,0,0,0.0,0.0,1
44.901,0,0,0.0,0.0,1
44.901,0,0,0.0,0.0,1
44.901,0,0,0.0,0.0,1
45.001,0,0,0.0,0.0,1
45.001,0,0,0.0,0.0,1
45.001,0,0,0.0,0.0,1
45.001,0,0,0.0,0.0,1
45.001,0,0,0.0,0.0,1
45.101,0,0,0.0,0.0,1
45.101,0,0,0.0,0.0,1
45.101,0,0,0.0,0.0,1
45.101,0,0,0.0,0.0,1
45.101,0,0,0.0,0.0,1
45.201,0,0,0.0,0.0,1
45.201,0,0,0.0,0.0,1
45.201,0,0,0.0,0.0,1
45.201,0,0,0.0,0.0,1
45.201,0,0,0.0,0.0,1
45.301,0,0,0.0,0.0,1
45.301,0,0,0.0,0.0,1
45.301,0,0,0.0,0.0,1
45.301,0,0,0.0,0.0,1
45.301,0,0,0.0,0.0,1
45.301,0,0,0.0,0.0,1
45.401,0,0,0.0,0.0,1
45.401,0,0,0.0,0.0,1
45.401,0,0,0.0,0.0,1
45.401,0,0,0.0,0.0,1
45.401,0,0,0.0,0.0,1
45.501,0,0,0.0,0.0,1
45.501,0,0,0.0,0.0,1
45.501,0,0,0.0,0.0,1
45.501,0,0,0.0,0.0,1
45.501,0,0,0.0,0.0,1
45.601,0,0,0.0,0.0,1
45.601,0,0,0.0,0.0,1
45.601,0,0,0.0,0.0,1
45.601,0,0,0.0,0.0,1
45.601,0,0,0.0,0.0,1
45.701,0,0,0.0,0.0,1
45.701,0,0,0.0,0.0,1
45.701,0,0,0.0,0.0,1
45.701,0,0,0.0,0.0,1
45.701,0,0,0.0,0.0,1
45.801,0,0,0.0,0.0,1
45.801,0,0,0.0,0.0,1
45.801,0,0,0.0,0.0,1
45.801,0,0,0.0,0.0,1
45.801,0,0,0.0,0.0,1
45.801,0,0,0.0,0.0,1
45.901,0,0,0.0,0.0,1
45.901,0,0,0.0,0.0,1
45.901,0,0,0.0,0.0,1
45.901,0,0,0.0,0.0,1
45.901,0,0,0.0,0.0,1
46.001,0,0,0.0,0.0,1
46.001,0,0,0.0,0.0,1
46.001,0,0,0.0,0.0,1
46.001,0,0,0.0,0.0,1
46.001,0,0,0.0,0.0,1
46.101,0,0,0.0,0.0,1
46.101,0,0,0.0,0.0,1
46.101,0,0,0.0,0.0,1
46.101,0,0,0.0,0.0,1
46.101,0,0,0.0,0.0,1
46.201,0,0,0.0,0.0,1
46.201,0,0,0.0,0.0,1
46.201,0,0,0.0,0.0,1
46.201,0,0,0.0,0.0,1
46.201,0,0,0.0,0.0,1
46.201,0,0,0.0,0.0,1
46.301,0,0,0.0,0.0,1
46.301,0,0,0.0,0.0,1
46.301,0,0,0.0,0.0,1
46.301,0,0,0.0,0.0,1
46.301,0,0,0.0,0.0,1
46.401,0,0,0.0,0.0,1
46.401,0,0,0.0,0.0,1
46.401,0,0,0.0,0.0,1
46.401,0,0,0.0,0.0,1
46.401,0,0,0.0,0.0,1
46.501,0,0,0.0,0.0,1
46.501,0,0,0.0,0.0,1
46.501,0,0,0.0,0.0,1
46.501,0,0,0.0,0.0,1
46.501,0,0,0.0,0.0,1
46.601,0,0,0.0,0.0,1
46.601,0,0,0.0,0.0,1
46.601,0,0,0.0,0.0,1
46.601,0,0,0.0,0.0,1
46.601,0,0,0.0,0.0,1
46.701,0,0,0.0,0.0,1
46.701,0,0,0.0,0.0,1
46.701,0,0,0.0,0.0,1
46.701,0,0,0.0,0.0,1
46.701,0,0,0.0,0.0,1
46.701,0,0,0.0,0.0,1
46.801,0,0,0.0,0.0,1
46.801,0,0,0.0,0.0,1
46.801,0,0,0.0,0.0,1
46.801,0,0,0.0,0.0,1
46.801,0,0,0.0,0.0,1
46.901,0,0,0.0,0.0,1
46.901,0,0,0.0,0.0,1
46.901,0,0,0.0,0.0,1
46.901,0,0,0.0,0.0,1
46.901,0,0,0.0,0.0,1
47.001,0,0,0.0,0.0,1
47.001,0,0,0.0,0.0,1
47.001,0,0,0.0,0.0,1
47.001,0,0,0.0,0.0,1
47.001,0,0,0.0,0.0,1
47.101,0,0,0.0,0.0,1
47.101,0,0,0.0,0.0,1
47.101,0,0,0.0,0.0,1
47.101,0,0,0.0,0.0,1
47.101,0,0,0.0,0.0,1
47.101,0,0,0.0,0.0,1
47.201,0,0,0.0,0.0,1
47.201,0,0,0.0,0.0,1
47.201,0,0,0.0,0.0,1
47.201,0,0,0.0,0.0,1
47.201,0,0,0.0,0.0,1
47.301,0,0,0.0,0.0,1
47.301,0,0,0.0,0.0,1
47.301,0,0,0.0,0.0,1
47.301,0,0,0.0,0.0,1
47.301,0,0,0.0,0.0,1
47.401,0,0,0.0,0.0,1
47.401,0,0,0.0,0.0,1
47.401,0,0,0.0,0.0,1
47.401,0,0,0.0,0.0,1
47.401,0,0,0.0,0.0,1
47.501,0,0,0.0,0.0,1
47.501,0,0,0.0,0.0,1
47.501,0,0,0.0,0.0,1
47.501,0,0,0.0,0.0,1
47.501,0,0,0.0,0.0,1
47.601,0,0,0.0,0.0,1
47.601,0,0,0.0,0.0,1
47.601,0,0,0.0,0.0,1
47.601,0,0,0.0,0.0,1
47.601,0,0,0.0,0.0,1
47.601,0,0,0.0,0.0,1
47.701,0,0,0.0,0.0,1
47.701,0,0,0.0,0.0,1
47.701,0,0,0.0,0.0,1
47.701,0,0,0.0,0.0,1
47.701,0,0,0.0,0.0,1
47.801,0,0,0.0,0.0,1
47.801,0,0,0.0,0.0,1
47.801,0,0,0.0,0.0,1
47.801,0,0,0.0,0.0,1
47.801,0,0,0.0,0.0,1
47.901,0,0,0.0,0.0,1
47.901,0,0,0.0,0.0,1
47.901,0,0,0.0,0.0,1
47.901,0,0,0.0,0.0,1
47.901,0,0,0.0,0.0,1
48.001,0,0,0.0,0.0,1
48.001,0,0,0.0,0.0,1
48.001,0,0,0.0,0.0,1
48.001,0,0,0.0,0.0,1
48.001,0,0,0.0,0.0,1
48.001,0,0,0.0,0.0,1
48.101,0,0,0.0,0.0,1
48.101,0,0,0.0,0.0,1
48.101,0,0,0.0,0.0,1
48.101,0,0,0.0,0.0,1
48.101,0,0,0.0,0.0,1
48.201,0,0,0.0,0.0,1
48.201,0,0,0.0,0.0,1
48.201,0,0,0.0,0.0,1
48.201,0,0,0.0,0.0,1
48.201,0,0,0.0,0.0,1
48.301,0,0,0.0,0.0,1
48.301,0,0,0.0,0.0,1
48.301,0,0,0.0,0.0,1
48.301,0,0,0.0,0.0,1
48.301,0,0,0.0,0.0,1
48.401,0,0,0.0,0.0,1
48.401,0,0,0.0,0.0,1
48.401,0,0,0.0,0.0,1
48.401,0,0,0.0,0.0,1
48.401,0,0,0.0,0.0,1
48.501,0,0,0.0,0.0,1
48.501,0,0,0.0,0.0,1
48.501,0,0,0.0,0.0,1
48.501,0,0,0.0,0.0,1
48.501,0,0,0.0,0.0,1
48.501,0,0,0.0,0.0,1
48.601,0,0,0.0,0.0,1
48.601,0,0,0.0,0.0,1
48.601,0,0,0.0,0.0,1
48.601,0,0,0.0,0.0,1
48.601,0,0,0.0,0.0,1
48.701,0,0,0.0,0.0,1
48.701,0,0,0.0,0.0,1
48.701,0,0,0.0,0.0,1
48.701,0,0,0.0,0.0,1
48.701,0,0,0.0,0.0,1
48.801,0,0,0.0,0.0,1
48.801,0,0,0.0,0.0,1
48.801,0,0,0.0,0.0,1
48.801,0,0,0.0,0.0,1
48.801,0,0,0.0,0.0,1
48.901,0,0,0.0,0.0,1
48.901,0,0,0.0,0.0,1
48.901,0,0,0.0,0.0,1
48.901,0,0,0.0,0.0,1
48.901,0,0,0.0,0.0,1
49.001,0,0,0.0,0.0,1
49.001,0,0,0.0,0.0,1
49.001,0,0,0.0,0.0,1
49.001,0,0,0.0,0.0,1
49.001,0,0,0.0,0.0,1
49.001,0,0,0.0,0.0,1
49.101,0,0,0.0,0.0,1
49.101,0,0,0.0,0.0,1
49.101,0,0,0.0,0.0,1
49.101,0,0,0.0,0.0,1
49.101,0,0,0.0,0.0,1
49.201,0,0,0.0,0.0,1
49.201,0,0,0.0,0.0,1
49.201,0,0,0.0,0.0,1
49.201,0,0,0.0,0.0,1
49.201,0,0,0.0,0.0,1
49.301,0,0,0.0,0.0,1
49.301,0,0,0.0,0.0,1
49.301,0,0,0.0,0.0,1
49.301,0,0,0.0,0.0,1
49.301,0,0,0.0,0.0,1
49.401,0,0,0.0,0.0,1
49.401,0,0,0.0,0.0,1
49.401,0,0,0.0,0.0,1
49.401,0,0,0.0,0.0,1
49.401,0,0,0.0,0.0,1
49.401,0,0,0.0,0.0,1
49.501,0,0,0.0,0.0,1
49.501,0,0,0.0,0.0,1
49.501,0,0,0.0,0.0,1
49.501,0,0,0.0,0.0,1
49.501,0,0,0.0,0.0,1
49.601,0,0,0.0,0.0,1
49.601,0,0,0.0,0.0,1
49.601,0,0,0.0,0.0,1
49.601,0,0,0.0,0.0,1
49.601,0,0,0.0,0.0,1
49.701,0,0,0.0,0.0,1
49.701,0,0,0.0,0.0,1
49.701,0,0,0.0,0.0,1
49.701,0,0,0.0,0.0,1
49.701,0,0,0.0,0.0,1
49.801,0,0,0.0,0.0,1
49.801,0,0,0.0,0.0,1
49.801,0,0,0.0,0.0,1
49.801,0,0,0.0,0.0,1
49.801,0,0,0.0,0.0,1
49.901,0,0,0.0,0.0,1
49.901,0,0,0.0,0.0,1
49.901,0,0,0.0,0.0,1
49.901,0,0,0.0,0.0,1
49.901,0,0,0.0,0.0,1
49.901,0,0,0.0,0.0,1
50.001,0,0,0.0,0.0,1
50.001,0,0,0.0,0.0,1
50.001,0,0,0.0,0.0,1
50.001,0,0,0.0,0.0,1
50.001,0,0,0.0,0.0,1
50.101,0,0,0.0,0.0,1
50.101,0,0,0.0,0.0,1
50.101,0,0,0.0,0.0,1
50.101,0,0,0.0,0.0,1
50.101,0,0,0.0,0.0,1
50.201,0,0,0.0,0.0,1
50.201,0,0,0.0,0.0,1
50.201,0,0,0.0,0.0,1
50.201,0,0,0.0,0.0,1
50.201,0,0,0.0,0.0,1
50.301,0,0,0.0,0.0,1
50.301,0,0,0.0,0.0,1
50.301,0,0,0.0,0.0,1
50.301,0,0,0.0,0.0,1
50.301,0,0,0.0,0.0,1
50.301,0,0,0.0,0.0,1
50.401,0,0,0.0,0.0,1
50.401,0,0,0.0,0.0,1
50.401,0,0,0.0,0.0,1
50.401,0,0,0.0,0.0,1
50.401,0,0,0.0,0.0,1
50.501,0,0,0.0,0.0,1
50.501,0,0,0.0,0.0,1
50.501,0,0,0.0,0.0,1
50.501,0,0,0.0,0.0,1
50.501,0,0,0.0,0.0,1
50.601,0,0,0.0,0.0,1
50.601,0,0,0.0,0.0,1
50.601,0,0,0.0,0.0,1
50.601,0,0,0.0,0.0,1
50.601,0,0,0.0,0.0,1
50.701,0,0,0.0,0.0,1
50.701,0,0,0.0,0.0,1
50.701,0,0,0.0,0.0,1
50.701,0,0,0.0,0.0,1
50.701,0,0,0.0,0.0,1
50.801,0,0,0.0,0.0,1
50.801,0,0,0.0,0.0,1
50.801,0,0,0.0,0.0,1
50.801,0,0,0.0,0.0,1
50.801,0,0,0.0,0.0,1
50.801,0,0,0.0,0.0,1
50.901,0,0,0.0,0.0,1
50.901,0,0,0.0,0.0,1
50.901,0,0,0.0,0.0,1
50.901,0,0,0.0,0.0,1
50.901,0,0,0.0,0.0,1
51.001,0,0,0.0,0.0,1
51.001,0,0,0.0,0.0,1
51.001,0,0,0.0,0.0,1
51.001,0,0,0.0,0.0,1
51.001,0,0,0.0,0.0,1
51.101,0,0,0.0,0.0,1
51.101,0,0,0.0,0.0,1
51.101,0,0,0.0,0.0,1
51.101,0,0,0.0,0.0,1
51.101,0,0,0.0,0.0,1
51.201,0,0,0.0,0.0,1
51.201,0,0,0.0,0.0,1
51.201,0,0,0.0,0.0,1
51.201,0,0,0.0,0.0,1
51.201,0,0,0.0,0.0,1
51.301,0,0,0.0,0.0,1
51.301,0,0,0.0,0.0,1
51.301,0,0,0.0,0.0,1
51.301,0,0,0.0,0.0,1
51.301,0,0,0.0,0.0,1
51.301,0,0,0.0,0.0,1
51.401,0,0,0.0,0.0,1
51.401,0,0,0.0,0.0,1
51.401,0,0,0.0,0.0,1
51.401,0,0,0.0,0.0,1
51.401,0,0,0.0,0.0,1
51.501,0,0,0.0,0.0,1
51.501,0,0,0.0,0.0,1
51.501,0,0,0.0,0.0,1
51.501,0,0,0.0,0.0,1
51.501,0,0,0.0,0.0,1
51.601,0,0,0.0,0.0,1
51.601,0,0,0.0,0.0,1
51.601,0,0,0.0,0.0,1
51.601,0,0,0.0,0.0,1
51.601,0,0,0.0,0.0,1
51.701,0,0,0.0,0.0,1
51.701,0,0,0.0,0.0,1
51.701,0,0,0.0,0.0,1
51.701,0,0,0.0,0.0,1
51.701,0,0,0.0,0.0,1
51.701,0,0,0.0,0.0,1
51.801,0,0,0.0,0.0,1
51.801,0,0,0.0,0.0,1
51.801,0,0,0.0,0.0,1
51.801,0,0,0.0,0.0,1
51.801,0,0,0.0,0.0,1
51.901,0,0,0.0,0.0,1
51.901,0,0,0.0,0.0,1
51.901,0,0,0.0,0.0,1
51.901,0,0,0.0,0.0,1
51.901,0,0,0.0,0.0,1
52.001,0,0,0.0,0.0,1
52.001,0,0,0.0,0.0,1
52.001,0,0,0.0,0.0,1
52.001,0,0,0.0,0.0,1
52.001,0,0,0.0,0.0,1
52.101,0,0,0.0,0.0,1
52.101,0,0,0.0,0.0,1
52.101,0,0,0.0,0.0,1
52.101,0,0,0.0,0.0,1
52.101,0,0,0.0,0.0,1
52.201,0,0,0.0,0.0,1
52.201,0,0,0.0,0.0,1
52.201,0,0,0.0,0.0,1
52.201,0,0,0.0,0.0,1
52.201,0,0,0.0,0.0,1
52.201,0,0,0.0,0.0,1
52.301,0,0,0.0,0.0,1
52.301,0,0,0.0,0.0,1
52.301,0,0,0.0,0.0,1
52.301,0,0,0.0,0.0,1
52.301,0,0,0.0,0.0,1
52.401,0,0,0.0,0.0,1
52.401,0,0,0.0,0.0,1
52.401,0,0,0.0,0.0,1
52.401,0,0,0.0,0.0,1
52.401,0,0,0.0,0.0,1
52.501,0,0,0.0,0.0,1
52.501,0,0,0.0,0.0,1
52.501,0,0,0.0,0.0,1
52.501,0,0,0.0,0.0,1
52.501,0,0,0.0,0.0,1
52.601,0,0,0.0,0.0,1
52.601,0,0,0.0,0.0,1
52.601,0,0,0.0,0.0,1
52.601,0,0,0.0,0.0,1
52.601,0,0,0.0,0.0,1
52.601,0,0,0.0,0.0,1
52.701,0,0,0.0,0.0,1
52.701,0,0,0.0,0.0,1
52.701,0,0,0.0,0.0,1
52.701,0,0,0.0,0.0,1
52.701,0,0,0.0,0.0,1
52.801,0,0,0.0,0.0,1
52.801,0,0,0.0,0.0,1
52.801,0,0,0.0,0.0,1
52.801,0,0,0.0,0.0,1
52.801,0,0,0.0,0.0,1
52.901,0,0,0.0,0.0,1
52.901,0,0,0.0,0.0,1
52.901,0,0,0.0,0.0,1
52.901,0,0,0.0,0.0,1
52.901,0,0,0.0,0.0,1
53.001,0,0,0.0,0.0,1
53.001,0,0,0.0,0.0,1
53.001,0,0,0.0,0.0,1
53.001,0,0,0.0,0.0,1
53.001,0,0,0.0,0.0,1
53.101,0,0,0.0,0.0,1
53.101,0,0,0.0,0.0,1
53.101,0,0,0.0,0.0,1
53.101,0,0,0.0,0.0,1
53.101,0,0,0.0,0.0,1
53.101,0,0,0.0,0.0,1
53.201,0,0,0.0,0.0,1
53.201,0,0,0.0,0.0,1
53.201,0,0,0.0,0.0,1
53.201,0,0,0.0,0.0,1
53.201,0,0,0.0,0.0,1
53.301,0,0,0.0,0.0,1
53.301,0,0,0.0,0.0,1
53.301,0,0,0.0,0.0,1
53.301,0,0,0.0,0.0,1
53.301,0,0,0.0,0.0,1
53.401,0,0,0.0,0.0,1
53.401,0,0,0.0,0.0,1
53.401,0,0,0.0,0.0,1
53.401,0,0,0.0,0.0,1
53.401,0,0,0.0,0.0,1
53.501,0,0,0.0,0.0,1
53.501,0,0,0.0,0.0,1
53.501,0,0,0.0,0.0,1
53.501,0,0,0.0,0.0,1
53.501,0,0,0.0,0.0,1
53.601,0,0,0.0,0.0,1
53.601,0,0,0.0,0.0,1
53.601,0,0,0.0,0.0,1
53.601,0,0,0.0,0.0,1
53.601,0,0,0.0,0.0,1
53.601,0,0,0.0,0.0,1
53.701,0,0,0.0,0.0,1
53.701,0,0,0.0,0.0,1
53.701,0,0,0.0,0.0,1
53.701,0,0,0.0,0.0,1
53.701,0,0,0.0,0.0,1
53.801,0,0,0.0,0.0,1
53.801,0,0,0.0,0.0,1
53.801,0,0,0.0,0.0,1
53.801,0,0,0.0,0.0,1
53.801,0,0,0.0,0.0,1
53.901,0,0,0.0,0.0,1
53.901,0,0,0.0,0.0,1
53.901,0,0,0.0,0.0,1
53.901,0,0,0.0,0.0,1
53.901,0,0,0.0,0.0,1
54.001,0,0,0.0,0.0,1
54.001,0,0,0.0,0.0,1
54.001,0,0,0.0,0.0,1
54.001,0,0,0.0,0.0,1
54.001,0,0,0.0,0.0,1
54.001,0,0,0.0,0.0,1
54.101,0,0,0.0,0.0,1
54.101,0,0,0.0,0.0,1
54.101,0,0,0.0,0.0,1
54.101,0,0,0.0,0.0,1
54.101,0,0,0.0,0.0,1
54.201,0,0,0.0,0.0,1
54.201,0,0,0.0,0.0,1
54.201,0,0,0.0,0.0,1
54.201,0,0,0.0,0.0,1
54.201,0,0,0.0,0.0,1
54.301,0,0,0.0,0.0,1
54.301,0,0,0.0,0.0,1
54.301,0,0,0.0,0.0,1
54.301,0,0,0.0,0.0,1
54.301,0,0,0.0,0.0,1
54.401,0,0,0.0,0.0,1
54.401,0,0,0.0,0.0,1
54.401,0,0,0.0,0.0,1
54.401,0,0,0.0,0.0,1
54.401,0,0,0.0,0.0,1
54.501,0,0,0.0,0.0,1
54.501,0,0,0.0,0.0,1
54.501,0,0,0.0,0.0,1
54.501,0,0,0.0,0.0,1
54.501,0,0,0.0,0.0,1
54.501,0,0,0.0,0.0,1
54.601,0,0,0.0,0.0,1
54.601,0,0,0.0,0.0,1
54.601,0,0,0.0,0.0,1
54.601,0,0,0.0,0.0,1
54.601,0,0,0.0,0.0,1
54.701,0,0,0.0,0.0,1
54.701,0,0,0.0,0.0,1
54.701,0,0,0.0,0.0,1
54.701,0,0,0.0,0.0,1
54.701,0,0,0.0,0.0,1
54.801,0,0,0.0,0.0,1
54.801,0,0,0.0,0.0,1
54.801,0,0,0.0,0.0,1
54.801,0,0,0.0,0.0,1
54.801,0,0,0.0,0.0,1
54.901,0,0,0.0,0.0,1
54.901,0,0,0.0,0.0,1
54.901,0,0,0.0,0.0,1
54.901,0,0,0.0,0.0,1
54.901,0,0,0.0,0.0,1
54.901,0,0,0.0,0.0,1
55.001,0,0,0.0,0.0,1
55.001,0,0,0.0,0.0,1
55.001,0,0,0.0,0.0,1
55.001,0,0,0.0,0.0,1
55.001,0,0,0.0,0.0,1
55.101,0,0,0.0,0.0,1
55.101,0,0,0.0,0.0,1
55.101,0,0,0.0,0.0,1
55.101,0,0,0.0,0.0,1
55.101,0,0,0.0,0.0,1
55.201,0,0,0.0,0.0,1
55.201,0,0,0.0,0.0,1
55.201,0,0,0.0,0.0,1
55.201,0,0,0.0,0.0,1
55.201,0,0,0.0,0.0,1
55.301,0,0,0.0,0.0,1
55.301,0,0,0.0,0.0,1
55.301,0,0,0.0,0.0,1
55.301,0,0,0.0,0.0,1
55.301,0,0,0.0,0.0,1
55.401,0,0,0.0,0.0,1
55.401,0,0,0.0,0.0,1
55.401,0,0,0.0,0.0,1
55.401,0,0,0.0,0.0,1
55.401,0,0,0.0,0.0,1
55.401,0,0,0.0,0.0,1
55.501,0,0,0.0,0.0,1
55.501,0,0,0.0,0.0,1
55.501,0,0,0.0,0.0,1
55.501,0,0,0.0,0.0,1
55.501,0,0,0.0,0.0,1
55.601,0,0,0.0,0.0,1
55.601,0,0,0.0,0.0,1
55.601,0,0,0.0,0.0,1
55.601,0,0,0.0,0.0,1
55.601,0,0,0.0,0.0,1
55.701,0,0,0.0,0.0,1
55.701,0,0,0.0,0.0,1
55.701,0,0,0.0,0.0,1
55.701,0,0,0.0,0.0,1
55.701,0,0,0.0,0.0,1
55.801,0,0,0.0,0.0,1
55.801,0,0,0.0,0.0,1
55.801,0,0,0.0,0.0,1
55.801,0,0,0.0,0.0,1
55.801,0,0,0.0,0.0,1
55.901,0,0,0.0,0.0,1
55.901,0,0,0.0,0.0,1
55.901,0,0,0.0,0.0,1
55.901,0,0,0.0,0.0,1
55.901,0,0,0.0,0.0,1
55.901,0,0,0.0,0.0,1
56.001,0,0,0.0,0.0,1
56.001,0,0,0.0,0.0,1
56.001,0,0,0.0,0.0,1
56.001,0,0,0.0,0.0,1
56.001,0,0,0.0,0.0,1
56.101,0,0,0.0,0.0,1
56.101,0,0,0.0,0.0,1
56.101,0,0,0.0,0.0,1
56.101,0,0,0.0,0.0,1
56.101,0,0,0.0,0.0,1
56.201,0,0,0.0,0.0,1
56.201,0,0,0.0,0.0,1
56.201,0,0,0.0,0.0,1
56.201,0,0,0.0,0.0,1
56.201,0,0,0.0,0.0,1
56.301,0,0,0.0,0.0,1
56.301,0,0,0.0,0.0,1
56.301,0,0,0.0,0.0,1
56.301,0,0,0.0,0.0,1
56.301,0,0,0.0,0.0,1
56.301,0,0,0.0,0.0,1
56.401,0,0,0.0,0.0,1
56.401,0,0,0.0,0.0,1
56.401,0,0,0.0,0.0,1
56.401,0,0,0.0,0.0,1
56.401,0,0,0.0,0.0,1
56.501,0,0,0.0,0.0,1
56.501,0,0,0.0,0.0,1
56.501,0,0,0.0,0.0,1
56.501,0,0,0.0,0.0,1
56.501,0,0,0.0,0.0,1
56.601,0,0,0.0,0.0,1
56.601,0,0,0.0,0.0,1
56.601,0,0,0.0,0.0,1
56.601,0,0,0.0,0.0,1
56.601,0,0,0.0,0.0,1
56.701,0,0,0.0,0.0,1
56.701,0,0,0.0,0.0,1
56.701,0,0,0.0,0.0,1
56.701,0,0,0.0,0.0,1
56.701,0,0,0.0,0.0,1
56.801,0,0,0.0,0.0,1
56.801,0,0,0.0,0.0,1
56.801,0,0,0.0,0.0,1
56.801,0,0,0.0,0.0,1
56.801,0,0,0.0,0.0,1
56.801,0,0,0.0,0.0,1
56.901,0,0,0.0,0.0,1
56.901,0,0,0.0,0.0,1
56.901,0,0,0.0,0.0,1
56.901,0,0,0.0,0.0,1
56.901,0,0,0.0,0.0,1
57.001,0,0,0.0,0.0,1
57.001,0,0,0.0,0.0,1
57.001,0,0,0.0,0.0,1
57.001,0,0,0.0,0.0,1
57.001,0,0,0.0,0.0,1
57.101,0,0,0.0,0.0,1
57.101,0,0,0.0,0.0,1
57.101,0,0,0.0,0.0,1
57.101,0,0,0.0,0.0,1
57.101,0,0,0.0,0.0,1
57.201,0,0,0.0,0.0,1
57.201,0,0,0.0,0.0,1
57.201,0,0,0.0,0.0,1
57.201,0,0,0.0,0.0,1
57.201,0,0,0.0,0.0,1
57.201,0,0,0.0,0.0,1
57.301,0,0,0.0,0.0,1
57.301,0,0,0.0,0.0,1
57.301,0,0,0.0,0.0,1
57.301,0,0,0.0,0.0,1
57.301,0,0,0.0,0.0,1
57.401,0,0,0.0,0.0,1
57.401,0,0,0.0,0.0,1
57.401,0,0,0.0,0.0,1
57.401,0,0,0.0,0.0,1
57.401,0,0,0.0,0.0,1
57.501,0,0,0.0,0.0,1
57.501,0,0,0.0,0.0,1
57.501,0,0,0.0,0.0,1
57.501,0,0,0.0,0.0,1
57.501,0,0,0.0,0.0,1
57.601,0,0,0.0,0.0,1
57.601,0,0,0.0,0.0,1
57.601,0,0,0.0,0.0,1
57.601,0,0,0.0,0.0,1
57.601,0,0,0.0,0.0,1
57.701,0,0,0.0,0.0,1
57.701,0,0,0.0,0.0,1
57.701,0,0,0.0,0.0,1
57.701,0,0,0.0,0.0,1
57.701,0,0,0.0,0.0,1
57.701,0,0,0.0,0.0,1
57.801,0,0,0.0,0.0,1
57.801,0,0,0.0,0.0,1
57.801,0,0,0.0,0.0,1
57.801,0,0,0.0,0.0,1
57.801,0,0,0.0,0.0,1
57.901,0,0,0.0,0.0,1
57.901,0,0,0.0,0.0,1
57.901,0,0,0.0,0.0,1
57.901,0,0,0.0,0.0,1
57.901,0,0,0.0,0.0,1
58.001,0,0,0.0,0.0,1
58.001,0,0,0.0,0.0,1
58.001,0,0,0.0,0.0,1
58.001,0,0,0.0,0.0,1
58.001,0,0,0.0,0.0,1
58.101,0,0,0.0,0.0,1
58.101,0,0,0.0,0.0,1
58.101,0,0,0.0,0.0,1
58.101,0,0,0.0,0.0,1
58.101,0,0,0.0,0.0,1
58.201,0,0,0.0,0.0,1
58.201,0,0,0.0,0.0,1
58.201,0,0,0.0,0.0,1
58.201,0,0,0.0,0.0,1
58.201,0,0,0.0,0.0,1
58.201,0,0,0.0,0.0,1
58.301,0,0,0.0,0.0,1
58.301,0,0,0.0,0.0,1
58.301,0,0,0.0,0.0,1
58.301,0,0,0.0,0.0,1
58.301,0,0,0.0,0.0,1
58.401,0,0,0.0,0.0,1
58.401,0,0,0.0,0.0,1
58.401,0,0,0.0,0.0,1
58.401,0,0,0.0,0.0,1
58.401,0,0,0.0,0.0,1
58.501,0,0,0.0,0.0,1
58.501,0,0,0.0,0.0,1
58.501,0,0,0.0,0.0,1
58.501,0,0,0.0,0.0,1
58.501,0,0,0.0,0.0,1
58.601,0,0,0.0,0.0,1
58.601,0,0,0.0,0.0,1
58.601,0,0,0.0,0.0,1
58.601,0,0,0.0,0.0,1
58.601,0,0,0.0,0.0,1
58.601,0,0,0.0,0.0,1
58.701,0,0,0.0,0.0,1
58.701,0,0,0.0,0.0,1
58.701,0,0,0.0,0.0,1
58.701,0,0,0.0,0.0,1
58.701,0,0,0.0,0.0,1
58.801,0,0,0.0,0.0,1
58.801,0,0,0.0,0.0,1
58.801,0,0,0.0,0.0,1
58.801,0,0,0.0,0.0,1
58.801,0,0,0.0,0.0,1
58.901,0,0,0.0,0.0,1
58.901,0,0,0.0,0.0,1
58.901,0,0,0.0,0.0,1
58.901,0,0,0.0,0.0,1
58.901,0,0,0.0,0.0,1
59.001,0,0,0.0,0.0,1
59.001,0,0,0.0,0.0,1
59.001,0,0,0.0,0.0,1
59.001,0,0,0.0,0.0,1
59.001,0,0,0.0,0.0,1
59.101,0,0,0.0,0.0,1
59.101,0,0,0.0,0.0,1
59.101,0,0,0.0,0.0,1
59.101,0,0,0.0,0.0,1
59.101,0,0,0.0,0.0,1
59.101,0,0,0.0,0.0,1
59.201,0,0,0.0,0.0,1
59.201,0,0,0.0,0.0,1
59.201,0,0,0.0,0.0,1
59.201,0,0,0.0,0.0,1
59.201,0,0,0.0,0.0,1
59.301,0,0,0.0,0.0,1
59.301,0,0,0.0,0.0,1
59.301,0,0,0.0,0.0,1
59.301,0,0,0.0,0.0,1
59.301,0,0,0.0,0.0,1
59.401,0,0,0.0,0.0,1
59.401,0,0,0.0,0.0,1
59.401,0,0,0.0,0.0,1
59.401,0,0,0.0,0.0,1
59.401,0,0,0.0,0.0,1
59.501,1,1,90.0,4.0,1
59.501,1,1,90.0,4.0,1
59.501,1,1,90.0,4.0,1
59.501,1,1,90.0,4.0,1
59.501,1,1,90.0,4.0,1
59.501,1,1,90.0,4.0,1
59.601,1,1,90.0,4.0,1
59.601,1,1,90.0,4.0,1
59.601,1,1,90.0,4.0,1
59.601,1,1,90.0,4.0,1
59.601,1,1,90.0,4.0,1
59.701,1,1,90.0,4.0,1
59.701,1,1,90.0,4.0,1
59.701,1,1,90.0,4.0,1
59.701,1,1,90.0,4.0,1
59.701,1,1,90.0,4.0,1
59.801,1,1,90.0,4.0,1
59.801,1,1,90.0,4.0,1
59.801,1,1,90.0,4.0,1
59.801,1,1,90.0,4.0,1
59.801,1,1,90.0,4.0,1
59.901,1,1,90.0,4.0,0
59.901,1,1,90.0,4.0,0
59.901,1,1,90.0,4.0,0
59.901,1,1,90.0,4.0,0
59.901,1,1,90.0,4.0,0
60.001,1,1,90.0,4.0,0
60.001,1,1,90.0,4.0,0
60.001,1,1,90.0,4.0,0
60.001,1,1,90.0,4.0,0
60.001,1,1,90.0,4.0,0
60.001,1,1,90.0,4.0,0
60.101,1,1,90.0,4.0,0
60.101,1,1,90.0,4.0,0
60.101,1,1,90.0,4.0,0
60.101,1,1,90.0,4.0,0
60.101,1,1,90.0,4.0,0
60.201,1,1,90.0,4.0,0
60.201,1,1,90.0,4.0,0
60.201,1,1,90.0,4.0,0
60.201,1,1,90.0,4.0,0
60.201,1,1,90.0,4.0,0
60.301,1,1,90.0,4.0,0
60.301,1,1,90.0,4.0,0
60.301,1,1,90.0,4.0,0
60.301,1,1,90.0,4.0,0
60.301,1,1,90.0,4.0,0
60.401,1,1,90.0,4.0,0
60.401,1,1,90.0,4.0,0
60.401,1,1,90.0,4.0,0
60.401,1,1,90.0,4.0,0
60.401,1,1,90.0,4.0,0
60.501,1,1,90.0,4.0,0
60.501,1,1,90.0,4.0,0
60.501,1,1,90.0,4.0,0
60.501,1,1,90.0,4.0,0
60.501,1,1,90.0,4.0,0
60.501,1,1,90.0,4.0,0
60.601,1,1,90.0,4.0,0
60.601,1,1,90.0,4.0,0
60.601,1,1,90.0,4.0,0
60.601,1,1,90.0,4.0,0
60.601,1,1,90.0,4.0,0
60.701,1,1,90.0,4.0,0
60.701,1,1,90.0,4.0,0
60.701,1,1,90.0,4.0,0
60.701,1,1,90.0,4.0,0
60.701,1,1,90.0,4.0,0
60.801,1,1,90.0,4.0,0
60.801,1,1,90.0,4.0,0
60.801,1,1,90.0,4.0,0
60.801,1,1,90.0,4.0,0
60.801,1,1,90.0,4.0,0
60.901,1,1,90.0,4.0,0
60.901,1,1,90.0,4.0,0
60.901,1,1,90.0,4.0,0
60.901,1,1,90.0,4.0,0
60.901,1,1,90.0,4.0,0
60.901,1,1,90.0,4.0,0
61.001,1,1,90.0,4.0,0
61.001,1,1,90.0,4.0,0
61.001,1,1,90.0,4.0,0
61.001,1,1,90.0,4.0,0
61.001,1,1,90.0,4.0,0
61.101,1,1,90.0,4.0,0
61.101,1,1,90.0,4.0,0
61.101,1,1,90.0,4.0,0
61.101,1,1,90.0,4.0,0
61.101,1,1,90.0,4.0,0
61.201,1,1,90.0,4.0,0
61.201,1,1,90.0,4.0,0
61.201,1,1,90.0,4.0,0
61.201,1,1,90.0,4.0,0
61.201,1,1,90.0,4.0,0
61.301,1,1,90.0,4.0,0
61.301,1,1,90.0,4.0,0
61.301,1,1,90.0,4.0,0
61.301,1,1,90.0,4.0,0
61.301,1,1,90.0,4.0,0
61.401,1,1,90.0,4.0,0
61.401,1,1,90.0,4.0,0
61.401,1,1,90.0,4.0,0
61.401,1,1,90.0,4.0,0
61.401,1,1,90.0,4.0,0
61.401,1,1,90.0,4.0,0
61.501,1,1,90.0,4.0,0
61.501,1,1,90.0,4.0,0
61.501,1,1,90.0,4.0,0
61.501,1,1,90.0,4.0,0
61.501,1,1,90.0,4.0,0
61.601,1,1,90.0,4.0,0
61.601,1,1,90.0,4.0,0
61.601,1,1,90.0,4.0,0
61.601,1,1,90.0,4.0,0
61.601,1,1,90.0,4.0,0
61.701,1,1,90.0,4.0,0
61.701,1,1,90.0,4.0,0
61.701,1,1,90.0,4.0,0
61.701,1,1,90.0,4.0,0
61.701,1,1,90.0,4.0,0
61.801,1,1,90.0,4.0,0
61.801,1,1,90.0,4.0,0
61.801,1,1,90.0,4.0,0
61.801,1,1,90.0,4.0,0
61.801,1,1,90.0,4.0,0
61.801,1,1,90.0,4.0,0
61.901,1,1,90.0,4.0,0
61.901,1,1,90.0,4.0,0
61.901,1,1,90.0,4.0,0
61.901,1,1,90.0,4.0,0
61.901,1,1,90.0,4.0,0
62.001,1,1,90.0,4.0,0
62.001,1,1,90.0,4.0,0
62.001,1,1,90.0,4.0,0
62.001,1,1,90.0,4.0,0
62.001,1,1,90.0,4.0,0
62.101,1,1,90.0,4.0,0
62.101,1,1,90.0,4.0,0
62.101,1,1,90.0,4.0,0
62.101,1,1,90.0,4.0,0
62.101,1,1,90.0,4.0,0
62.201,1,1,90.0,4.0,0
62.201,1,1,90.0,4.0,0
62.201,1,1,90.0,4.0,0
62.201,1,1,90.0,4.0,0
62.201,1,1,90.0,4.0,0
62.301,1,1,90.0,4.0,0
62.301,1,1,90.0,4.0,0
62.301,1,1,90.0,4.0,0
62.301,1,1,90.0,4.0,0
62.301,1,1,90.0,4.0,0
62.301,1,1,90.0,4.0,0
62.401,1,1,90.0,4.0,0
62.401,1,1,90.0,4.0,0
62.401,1,1,90.0,4.0,0
62.401,1,1,90.0,4.0,0
62.401,1,1,90.0,4.0,0
62.501,1,1,90.0,4.0,0
62.501,1,1,90.0,4.0,0
62.501,1,1,90.0,4.0,0
62.501,1,1,90.0,4.0,0
62.501,1,1,90.0,4.0,0
62.601,1,1,90.0,4.0,0
62.601,1,1,90.0,4.0,0
62.601,1,1,90.0,4.0,0
62.601,1,1,90.0,4.0,0
62.601,1,1,90.0,4.0,0
62.701,1,1,90.0,4.0,0
62.701,1,1,90.0,4.0,0
62.701,1,1,90.0,4.0,0
62.701,1,1,90.0,4.0,0
62.701,1,1,90.0,4.0,0
62.801,1,1,90.0,4.0,0
62.801,1,1,90.0,4.0,0
62.801,1,1,90.0,4.0,0
62.801,1,1,90.0,4.0,0
62.801,1,1,90.0,4.0,0
62.801,1,1,90.0,4.0,0
62.901,1,1,90.0,4.0,0
62.901,1,1,90.0,4.0,0
62.901,1,1,90.0,4.0,0
62.901,1,1,90.0,4.0,0
62.901,1,1,90.0,4.0,0
63.001,1,1,90.0,4.0,0
63.001,1,1,90.0,4.0,0
63.001,1,1,90.0,4.0,0
63.001,1,1,90.0,4.0,0
63.001,1,1,90.0,4.0,0
63.101,1,1,90.0,4.0,0
63.101,1,1,90.0,4.0,0
63.101,1,1,90.0,4.0,0
63.101,1,1,90.0,4.0,0
63.101,1,1,90.0,4.0,0
63.201,1,1,90.0,4.0,0
63.201,1,1,90.0,4.0,0
63.201,1,1,90.0,4.0,0
63.201,1,1,90.0,4.0,0
63.201,1,1,90.0,4.0,0
63.201,1,1,90.0,4.0,0
63.301,1,1,90.0,4.0,0
63.301,1,1,90.0,4.0,0
63.301,1,1,90.0,4.0,0
63.301,1,1,90.0,4.0,0
63.301,1,1,90.0,4.0,0
63.401,1,1,90.0,4.0,0
63.401,1,1,90.0,4.0,0
63.401,1,1,90.0,4.0,0
63.401,1,1,90.0,4.0,0
63.401,1,1,90.0,4.0,0
63.501,1,1,90.0,4.0,0
63.501,1,1,90.0,4.0,0
63.501,1,1,90.0,4.0,0
63.501,1,1,90.0,4.0,0
63.501,1,1,90.0,4.0,0
63.601,1,1,90.0,4.0,0
63.601,1,1,90.0,4.0,0
63.601,1,1,90.0,4.0,0
63.601,1,1,90.0,4.0,0
63.601,1,1,90.0,4.0,0
63.701,1,1,90.0,4.0,0
63.701,1,1,90.0,4.0,0
63.701,1,1,90.0,4.0,0
63.701,1,1,90.0,4.0,0
63.701,1,1,90.0,4.0,0
63.701,1,1,90.0,4.0,0
63.801,1,1,90.0,4.0,0
63.801,1,1,90.0,4.0,0
63.801,1,1,90.0,4.0,0
63.801,1,1,90.0,4.0,0
63.801,1,1,90.0,4.0,0
63.901,1,1,90.0,4.0,0
63.901,1,1,90.0,4.0,0
63.901,1,1,90.0,4.0,0
63.901,1,1,90.0,4.0,0
63.901,1,1,90.0,4.0,0
64.001,1,1,90.0,4.0,0
64.001,1,1,90.0,4.0,0
64.001,1,1,90.0,4.0,0
64.001,1,1,90.0,4.0,0
64.001,1,1,90.0,4.0,0
64.101,1,1,90.0,4.0,0
64.101,1,1,90.0,4.0,0
64.101,1,1,90.0,4.0,0
64.101,1,1,90.0,4.0,0
64.101,1,1,90.0,4.0,0
64.101,1,1,90.0,4.0,0
64.201,1,1,90.0,4.0,0
64.201,1,1,90.0,4.0,0
64.201,1,1,90.0,4.0,0
64.201,1,1,90.0,4.0,0
64.201,1,1,90.0,4.0,0
64.301,1,1,90.0,4.0,0
64.301,1,1,90.0,4.0,0
64.301,1,1,90.0,4.0,0
64.301,1,1,90.0,4.0,0
64.301,1,1,90.0,4.0,0
64.401,1,1,90.0,4.0,0
64.401,1,1,90.0,4.0,0
64.401,1,1,90.0,4.0,0
64.401,1,1,90.0,4.0,0
64.401,1,1,90.0,4.0,0
64.501,1,1,90.0,4.0,0
64.501,1,1,90.0,4.0,0
64.501,1,1,90.0,4.0,0
64.501,1,1,90.0,4.0,0
64.501,1,1,90.0,4.0,0
64.601,0,0,0.0,0.0,0
64.601,0,0,0.0,0.0,0
64.601,0,0,0.0,0.0,0
64.601,0,0,0.0,0.0,0
64.601,0,0,0.0,0.0,0
64.601,0,0,0.0,0.0,0
64.701,0,0,0.0,0.0,0
64.701,0,0,0.0,0.0,0
64.701,0,0,0.0,0.0,0
64.701,0,0,0.0,0.0,0
64.701,0,0,0.0,0.0,0
64.801,0,0,0.0,0.0,0
64.801,0,0,0.0,0.0,0
64.801,0,0,0.0,0.0,0
64.801,0,0,0.0,0.0,0
64.801,0,0,0.0,0.0,0
64.901,0,0,0.0,0.0,0
64.901,0,0,0.0,0.0,0
64.901,0,0,0.0,0.0,0
64.901,0,0,0.0,0.0,0
64.901,0,0,0.0,0.0,0
65.001,0,1,0.0,6.0,0
65.001,0,1,0.0,6.0,0
65.001,0,1,0.0,6.0,0
65.001,0,1,0.0,6.0,0
65.001,0,1,0.0,6.0,0
65.101,0,1,0.0,6.0,0
65.101,0,1,0.0,6.0,0
65.101,0,1,0.0,6.0,0
65.101,0,1,0.0,6.0,0
65.101,0,1,0.0,6.0,0
65.101,0,1,0.0,6.0,0
65.201,0,1,0.0,6.0,0
65.201,0,1,0.0,6.0,0
65.201,0,1,0.0,6.0,0
65.201,0,1,0.0,6.0,0
65.201,0,1,0.0,6.0,0
65.301,0,1,0.0,6.0,0
65.301,0,1,0.0,6.0,0
65.301,0,1,0.0,6.0,0
65.301,0,1,0.0,6.0,0
65.301,0,1,0.0,6.0,0
65.401,0,1,0.0,6.0,0
65.401,0,1,0.0,6.0,0
65.401,0,1,0.0,6.0,0
65.401,0,1,0.0,6.0,0
65.401,0,1,0.0,6.0,0
65.501,0,1,0.0,6.0,0
65.501,0,1,0.0,6.0,0
65.501,0,1,0.0,6.0,0
65.501,0,1,0.0,6.0,0
65.501,0,1,0.0,6.0,0
65.501,0,1,0.0,6.0,0
65.601,0,1,0.0,6.0,0
65.601,0,1,0.0,6.0,0
65.601,0,1,0.0,6.0,0
65.601,0,1,0.0,6.0,0
65.601,0,1,0.0,6.0,0
65.701,0,1,0.0,6.0,0
65.701,0,1,0.0,6.0,0
65.701,0,1,0.0,6.0,0
65.701,0,1,0.0,6.0,0
65.701,0,1,0.0,6.0,0
65.801,0,1,0.0,6.0,0
65.801,0,1,0.0,6.0,0
65.801,0,1,0.0,6.0,0
65.801,0,1,0.0,6.0,0
65.801,0,1,0.0,6.0,0
65.901,0,1,0.0,6.0,0
65.901,0,1,0.0,6.0,0
65.901,0,1,0.0,6.0,0
65.901,0,1,0.0,6.0,0
65.901,0,1,0.0,6.0,0
66.001,0,1,0.0,6.0,0
66.001,0,1,0.0,6.0,0
66.001,0,1,0.0,6.0,0
66.001,0,1,0.0,6.0,0
66.001,0,1,0.0,6.0,0
66.001,0,1,0.0,6.0,0
66.101,0,1,0.0,6.0,0
66.101,0,1,0.0,6.0,0
66.101,0,1,0.0,6.0,0
66.101,0,1,0.0,6.0,0
66.101,0,1,0.0,6.0,0
66.201,0,1,0.0,6.0,0
66.201,0,1,0.0,6.0,0
66.201,0,1,0.0,6.0,0
66.201,0,1,0.0,6.0,0
66.201,0,1,0.0,6.0,0
66.301,0,1,0.0,6.0,0
66.301,0,1,0.0,6.0,0
66.301,0,1,0.0,6.0,0
66.301,0,1,0.0,6.0,0
66.301,0,1,0.0,6.0,0
66.401,0,1,0.0,6.0,0
66.401,0,1,0.0,6.0,0
66.401,0,1,0.0,6.0,0
66.401,0,1,0.0,6.0,0
66.401,0,1,0.0,6.0,0
66.401,0,1,0.0,6.0,0
66.501,0,1,0.0,6.0,0
66.501,0,1,0.0,6.0,0
66.501,0,1,0.0,6.0,0
66.501,0,1,0.0,6.0,0
66.501,0,1,0.0,6.0,0
66.601,0,1,0.0,6.0,0
66.601,0,1,0.0,6.0,0
66.601,0,1,0.0,6.0,0
66.601,0,1,0.0,6.0,0
66.601,0,1,0.0,6.0,0
66.701,0,1,0.0,6.0,0
66.701,0,1,0.0,6.0,0
66.701,0,1,0.0,6.0,0
66.701,0,1,0.0,6.0,0
66.701,0,1,0.0,6.0,0
66.801,0,1,0.0,6.0,0
66.801,0,1,0.0,6.0,0
66.801,0,1,0.0,6.0,0
66.801,0,1,0.0,6.0,0
66.801,0,1,0.0,6.0,0
66.901,0,1,0.0,6.0,0
66.901,0,1,0.0,6.0,0
66.901,0,1,0.0,6.0,0
66.901,0,1,0.0,6.0,0
66.901,0,1,0.0,6.0,0
66.901,0,1,0.0,6.0,0
67.001,0,1,0.0,6.0,0
67.001,0,1,0.0,6.0,0
67.001,0,1,0.0,6.0,0
67.001,0,1,0.0,6.0,0
67.001,0,1,0.0,6.0,0
67.101,0,1,0.0,6.0,0
67.101,0,1,0.0,6.0,0
67.101,0,1,0.0,6.0,0
67.101,0,1,0.0,6.0,0
67.101,0,1,0.0,6.0,0
67.201,0,1,0.0,6.0,0
67.201,0,1,0.0,6.0,0
67.201,0,1,0.0,6.0,0
67.201,0,1,0.0,6.0,0
67.201,0,1,0.0,6.0,0
67.301,0,1,0.0,6.0,0
67.301,0,1,0.0,6.0,0
67.301,0,1,0.0,6.0,0
67.301,0,1,0.0,6.0,0
67.301,0,1,0.0,6.0,0
67.301,0,1,0.0,6.0,0
67.401,0,1,0.0,6.0,0
67.401,0,1,0.0,6.0,0
67.401,0,1,0.0,6.0,0
67.401,0,1,0.0,6.0,0
67.401,0,1,0.0,6.0,0
67.501,0,1,0.0,6.0,0
67.501,0,1,0.0,6.0,0
67.501,0,1,0.0,6.0,0
67.501,0,1,0.0,6.0,0
67.501,0,1,0.0,6.0,0
67.601,0,1,0.0,6.0,0
67.601,0,1,0.0,6.0,0
67.601,0,1,0.0,6.0,0
67.601,0,1,0.0,6.0,0
67.601,0,1,0.0,6.0,0
67.701,0,1,0.0,6.0,0
67.701,0,1,0.0,6.0,0
67.701,0,1,0.0,6.0,0
67.701,0,1,0.0,6.0,0
67.701,0,1,0.0,6.0,0
67.801,0,1,0.0,6.0,0
67.801,0,1,0.0,6.0,0
67.801,0,1,0.0,6.0,0
67.801,0,1,0.0,6.0,0
67.801,0,1,0.0,6.0,0
67.801,0,1,0.0,6.0,0
67.901,0,1,0.0,6.0,0
67.901,0,1,0.0,6.0,0
67.901,0,1,0.0,6.0,0
67.901,0,1,0.0,6.0,0
67.901,0,1,0.0,6.0,0
68.001,0,1,0.0,6.0,0
68.001,0,1,0.0,6.0,0
68.001,0,1,0.0,6.0,0
68.001,0,1,0.0,6.0,0
68.001,0,1,0.0,6.0,0
68.101,0,1,0.0,6.0,0
68.101,0,1,0.0,6.0,0
68.101,0,1,0.0,6.0,0
68.101,0,1,0.0,6.0,0
68.101,0,1,0.0,6.0,0
68.201,0,1,0.0,6.0,0
68.201,0,1,0.0,6.0,0
68.201,0,1,0.0,6.0,0
68.201,0,1,0.0,6.0,0
68.201,0,1,0.0,6.0,0
68.301,0,1,0.0,6.0,0
68.301,0,1,0.0,6.0,0
68.301,0,1,0.0,6.0,0
68.301,0,1,0.0,6.0,0
68.301,0,1,0.0,6.0,0
68.301,0,1,0.0,6.0,0
68.401,0,1,0.0,6.0,0
68.401,0,1,0.0,6.0,0
68.401,0,1,0.0,6.0,0
68.401,0,1,0.0,6.0,0
68.401,0,1,0.0,6.0,0
68.501,0,1,0.0,6.0,0
68.501,0,1,0.0,6.0,0
68.501,0,1,0.0,6.0,0
68.501,0,1,0.0,6.0,0
68.501,0,1,0.0,6.0,0
68.601,0,1,0.0,6.0,0
68.601,0,1,0.0,6.0,0
68.601,0,1,0.0,6.0,0
68.601,0,1,0.0,6.0,0
68.601,0,1,0.0,6.0,0
68.701,0,1,0.0,6.0,0
68.701,0,1,0.0,6.0,0
68.701,0,1,0.0,6.0,0
68.701,0,1,0.0,6.0,0
68.701,0,1,0.0,6.0,0
68.701,0,1,0.0,6.0,0
68.801,0,1,0.0,6.0,0
68.801,0,1,0.0,6.0,0
68.801,0,1,0.0,6.0,0
68.801,0,1,0.0,6.0,0
68.801,0,1,0.0,6.0,0
68.901,0,1,0.0,6.0,0
68.901,0,1,0.0,6.0,0
68.901,0,1,0.0,6.0,0
68.901,0,1,0.0,6.0,0
68.901,0,1,0.0,6.0,0
69.001,0,1,0.0,6.0,0
69.001,0,1,0.0,6.0,0
69.001,0,1,0.0,6.0,0
69.001,0,1,0.0,6.0,0
69.001,0,1,0.0,6.0,0
69.101,0,1,0.0,6.0,0
69.101,0,1,0.0,6.0,0
69.101,0,1,0.0,6.0,0
69.101,0,1,0.0,6.0,0
69.101,0,1,0.0,6.0,0
69.201,0,1,0.0,6.0,0
69.201,0,1,0.0,6.0,0
69.201,0,1,0.0,6.0,0
69.201,0,1,0.0,6.0,0
69.201,0,1,0.0,6.0,0
69.201,0,1,0.0,6.0,0
69.301,0,1,0.0,6.0,0
69.301,0,1,0.0,6.0,0
69.301,0,1,0.0,6.0,0
69.301,0,1,0.0,6.0,0
69.301,0,1,0.0,6.0,0
69.401,0,1,0.0,6.0,0
69.401,0,1,0.0,6.0,0
69.401,0,1,0.0,6.0,0
69.401,0,1,0.0,6.0,0
69.401,0,1,0.0,6.0,0
69.501,0,1,0.0,6.0,0
69.501,0,1,0.0,6.0,0
69.501,0,1,0.0,6.0,0
69.501,0,1,0.0,6.0,0
69.501,0,1,0.0,6.0,0
69.601,0,1,0.0,6.0,0
69.601,0,1,0.0,6.0,0
69.601,0,1,0.0,6.0,0
69.601,0,1,0.0,6.0,0
69.601,0,1,0.0,6.0,0
69.601,0,1,0.0,6.0,0
69.701,0,1,0.0,6.0,0
69.701,0,1,0.0,6.0,0
69.701,0,1,0.0,6.0,0
69.701,0,1,0.0,6.0,0
69.701,0,1,0.0,6.0,0
69.801,0,1,0.0,6.0,0
69.801,0,1,0.0,6.0,0
69.801,0,1,0.0,6.0,0
69.801,0,1,0.0,6.0,0
69.801,0,1,0.0,6.0,0
69.901,0,1,0.0,6.0,0
69.901,0,1,0.0,6.0,0
69.901,0,1,0.0,6.0,0
69.901,0,1,0.0,6.0,0
69.901,0,1,0.0,6.0,0
70.001,0,1,0.0,6.0,0
70.001,0,1,0.0,6.0,0
70.001,0,1,0.0,6.0,0
70.001,0,1,0.0,6.0,0
70.001,0,1,0.0,6.0,0
70.101,0,1,0.0,6.0,0
70.101,0,1,0.0,6.0,0
70.101,0,1,0.0,6.0,0
70.101,0,1,0.0,6.0,0
70.101,0,1,0.0,6.0,0
70.101,0,1,0.0,6.0,0
70.201,0,1,0.0,6.0,0
70.201,0,1,0.0,6.0,0
70.201,0,1,0.0,6.0,0
70.201,0,1,0.0,6.0,0
70.201,0,1,0.0,6.0,0
70.301,0,1,0.0,6.0,0
70.301,0,1,0.0,6.0,0
70.301,0,1,0.0,6.0,0
70.301,0,1,0.0,6.0,0
70.301,0,1,0.0,6.0,0
70.401,0,1,0.0,6.0,0
70.401,0,1,0.0,6.0,0
70.401,0,1,0.0,6.0,0
70.401,0,1,0.0,6.0,0
70.401,0,1,0.0,6.0,0
70.501,0,1,0.0,6.0,0
70.501,0,1,0.0,6.0,0
70.501,0,1,0.0,6.0,0
70.501,0,1,0.0,6.0,0
70.501,0,1,0.0,6.0,0
70.601,0,1,0.0,6.0,0
70.601,0,1,0.0,6.0,0
70.601,0,1,0.0,6.0,0
70.601,0,1,0.0,6.0,0
70.601,0,1,0.0,6.0,0
70.601,0,1,0.0,6.0,0
70.701,0,1,0.0,6.0,0
70.701,0,1,0.0,6.0,0
70.701,0,1,0.0,6.0,0
70.701,0,1,0.0,6.0,0
70.701,0,1,0.0,6.0,0
70.801,0,1,0.0,6.0,0
70.801,0,1,0.0,6.0,0
70.801,0,1,0.0,6.0,0
70.801,0,1,0.0,6.0,0
70.801,0,1,0.0,6.0,0
70.901,0,1,0.0,6.0,0
70.901,0,1,0.0,6.0,0
70.901,0,1,0.0,6.0,0
70.901,0,1,0.0,6.0,0
70.901,0,1,0.0,6.0,0
71.001,0,1,0.0,6.0,0
71.001,0,1,0.0,6.0,0
71.001,0,1,0.0,6.0,0
71.001,0,1,0.0,6.0,0
71.001,0,1,0.0,6.0,0
71.001,0,1,0.0,6.0,0
71.101,0,1,0.0,6.0,0
71.101,0,1,0.0,6.0,0
71.101,0,1,0.0,6.0,0
71.101,0,1,0.0,6.0,0
71.101,0,1,0.0,6.0,0
71.201,0,1,0.0,6.0,0
71.201,0,1,0.0,6.0,0
71.201,0,1,0.0,6.0,0
71.201,0,1,0.0,6.0,0
71.201,0,1,0.0,6.0,0
71.301,0,1,0.0,6.0,0
71.301,0,1,0.0,6.0,0
71.301,0,1,0.0,6.0,0
71.301,0,1,0.0,6.0,0
71.301,0,1,0.0,6.0,0
71.401,0,1,0.0,6.0,0
71.401,0,1,0.0,6.0,0
71.401,0,1,0.0,6.0,0
71.401,0,1,0.0,6.0,0
71.401,0,1,0.0,6.0,0
71.501,0,1,0.0,6.0,0
71.501,0,1,0.0,6.0,0
71.501,0,1,0.0,6.0,0
71.501,0,1,0.0,6.0,0
71.501,0,1,0.0,6.0,0
71.501,0,1,0.0,6.0,0
71.601,0,1,0.0,6.0,0
71.601,0,1,0.0,6.0,0
71.601,0,1,0.0,6.0,0
71.601,0,1,0.0,6.0,0
71.601,0,1,0.0,6.0,0
71.701,0,1,0.0,6.0,0
71.701,0,1,0.0,6.0,0
71.701,0,1,0.0,6.0,0
71.701,0,1,0.0,6.0,0
71.701,0,1,0.0,6.0,0
71.801,0,1,0.0,6.0,0
71.801,0,1,0.0,6.0,0
71.801,0,1,0.0,6.0,0
71.801,0,1,0.0,6.0,0
71.801,0,1,0.0,6.0,0
71.901,0,1,0.0,6.0,0
71.901,0,1,0.0,6.0,0
71.901,0,1,0.0,6.0,0
71.901,0,1,0.0,6.0,0
71.901,0,1,0.0,6.0,0
71.901,0,1,0.0,6.0,0
72.001,0,1,0.0,6.0,0
72.001,0,1,0.0,6.0,0
72.001,0,1,0.0,6.0,0
72.001,0,1,0.0,6.0,0
72.001,0,1,0.0,6.0,0
72.101,0,1,0.0,6.0,0
72.101,0,1,0.0,6.0,0
72.101,0,1,0.0,6.0,0
72.101,0,1,0.0,6.0,0
72.101,0,1,0.0,6.0,0
72.201,0,1,0.0,6.0,0
72.201,0,1,0.0,6.0,0
72.201,0,1,0.0,6.0,0
72.201,0,1,0.0,6.0,0
72.201,0,1,0.0,6.0,0
72.301,0,1,0.0,6.0,0
72.301,0,1,0.0,6.0,0
72.301,0,1,0.0,6.0,0
72.301,0,1,0.0,6.0,0
72.301,0,1,0.0,6.0,0
72.401,0,1,0.0,6.0,0
72.401,0,1,0.0,6.0,0
72.401,0,1,0.0,6.0,0
72.401,0,1,0.0,6.0,0
72.401,0,1,0.0,6.0,0
72.401,0,1,0.0,6.0,0
72.501,0,1,0.0,6.0,0
72.501,0,1,0.0,6.0,0
72.501,0,1,0.0,6.0,0
72.501,0,1,0.0,6.0,0
72.501,0,1,0.0,6.0,0
72.601,0,1,0.0,6.0,0
72.601,0,1,0.0,6.0,0
72.601,0,1,0.0,6.0,0
72.601,0,1,0.0,6.0,0
72.601,0,1,0.0,6.0,0
72.701,0,1,0.0,6.0,0
72.701,0,1,0.0,6.0,0
72.701,0,1,0.0,6.0,0
72.701,0,1,0.0,6.0,0
72.701,0,1,0.0,6.0,0
72.801,0,1,0.0,6.0,0
72.801,0,1,0.0,6.0,0
72.801,0,1,0.0,6.0,0
72.801,0,1,0.0,6.0,0
72.801,0,1,0.0,6.0,0
72.901,0,1,0.0,6.0,0
72.901,0,1,0.0,6.0,0
72.901,0,1,0.0,6.0,0
72.901,0,1,0.0,6.0,0
72.901,0,1,0.0,6.0,0
72.901,0,1,0.0,6.0,0
73.001,0,1,0.0,6.0,0
73.001,0,1,0.0,6.0,0
73.001,0,1,0.0,6.0,0
73.001,0,1,0.0,6.0,0
73.001,0,1,0.0,6.0,0
73.101,0,1,0.0,6.0,0
73.101,0,1,0.0,6.0,0
73.101,0,1,0.0,6.0,0
73.101,0,1,0.0,6.0,0
73.101,0,1,0.0,6.0,0
73.201,0,1,0.0,6.0,0
73.201,0,1,0.0,6.0,0
73.201,0,1,0.0,6.0,0
73.201,0,1,0.0,6.0,0
73.201,0,1,0.0,6.0,0
73.301,0,1,0.0,6.0,0
73.301,0,1,0.0,6.0,0
73.301,0,1,0.0,6.0,0
73.301,0,1,0.0,6.0,0
73.301,0,1,0.0,6.0,0
73.301,0,1,0.0,6.0,0
73.401,0,1,0.0,6.0,0
73.401,0,1,0.0,6.0,0
73.401,0,1,0.0,6.0,0
73.401,0,1,0.0,6.0,0
73.401,0,1,0.0,6.0,0
73.501,0,1,0.0,6.0,0
73.501,0,1,0.0,6.0,0
73.501,0,1,0.0,6.0,0
73.501,0,1,0.0,6.0,0
73.501,0,1,0.0,6.0,0
73.601,0,1,0.0,6.0,0
73.601,0,1,0.0,6.0,0
73.601,0,1,0.0,6.0,0
73.601,0,1,0.0,6.0,0
73.601,0,1,0.0,6.0,0
73.701,0,1,0.0,6.0,0
73.701,0,1,0.0,6.0,0
73.701,0,1,0.0,6.0,0
73.701,0,1,0.0,6.0,0
73.701,0,1,0.0,6.0,0
73.801,0,1,0.0,6.0,0
73.801,0,1,0.0,6.0,0
73.801,0,1,0.0,6.0,0
73.801,0,1,0.0,6.0,0
73.801,0,1,0.0,6.0,0
73.801,0,1,0.0,6.0,0
73.901,0,1,0.0,6.0,0
73.901,0,1,0.0,6.0,0
73.901,0,1,0.0,6.0,0
73.901,0,1,0.0,6.0,0
73.901,0,1,0.0,6.0,0
74.001,0,1,0.0,6.0,0
74.001,0,1,0.0,6.0,0
74.001,0,1,0.0,6.0,0
74.001,0,1,0.0,6.0,0
74.001,0,1,0.0,6.0,0
74.101,0,1,0.0,6.0,0
74.101,0,1,0.0,6.0,0
74.101,0,1,0.0,6.0,0
74.101,0,1,0.0,6.0,0
74.101,0,1,0.0,6.0,0
74.201,0,1,0.0,6.0,0
74.201,0,1,0.0,6.0,0
74.201,0,1,0.0,6.0,0
74.201,0,1,0.0,6.0,0
74.201,0,1,0.0,6.0,0
74.201,0,1,0.0,6.0,0
74.301,0,1,0.0,6.0,0
74.301,0,1,0.0,6.0,0
74.301,0,1,0.0,6.0,0
74.301,0,1,0.0,6.0,0
74.301,0,1,0.0,6.0,0
74.401,0,1,0.0,6.0,0
74.401,0,1,0.0,6.0,0
74.401,0,1,0.0,6.0,0
74.401,0,1,0.0,6.0,0
74.401,0,1,0.0,6.0,0
74.501,0,1,0.0,6.0,0
74.501,0,1,0.0,6.0,0
74.501,0,1,0.0,6.0,0
74.501,0,1,0.0,6.0,0
74.501,0,1,0.0,6.0,0
74.601,0,1,0.0,6.0,0
74.601,0,1,0.0,6.0,0
74.601,0,1,0.0,6.0,0
74.601,0,1,0.0,6.0,0
74.601,0,1,0.0,6.0,0
74.701,0,1,0.0,6.0,0
74.701,0,1,0.0,6.0,0
74.701,0,1,0.0,6.0,0
74.701,0,1,0.0,6.0,0
74.701,0,1,0.0,6.0,0
74.701,0,1,0.0,6.0,0
74.801,0,1,0.0,6.0,0
74.801,0,1,0.0,6.0,0
74.801,0,1,0.0,6.0,0
74.801,0,1,0.0,6.0,0
74.801,0,1,0.0,6.0,0
74.901,0,1,0.0,6.0,0
74.901,0,1,0.0,6.0,0
74.901,0,1,0.0,6.0,0
74.901,0,1,0.0,6.0,0
74.901,0,1,0.0,6.0,0
75.001,0,1,0.0,6.0,0
75.001,0,1,0.0,6.0,0
75.001,0,1,0.0,6.0,0
75.001,0,1,0.0,6.0,0
75.001,0,1,0.0,6.0,0
75.101,0,1,0.0,6.0,0
75.101,0,1,0.0,6.0,0
75.101,0,1,0.0,6.0,0
75.101,0,1,0.0,6.0,0
75.101,0,1,0.0,6.0,0
75.201,0,1,0.0,6.0,0
75.201,0,1,0.0,6.0,0
75.201,0,1,0.0,6.0,0
75.201,0,1,0.0,6.0,0
75.201,0,1,0.0,6.0,0
75.201,0,1,0.0,6.0,0
75.301,0,1,0.0,6.0,0
75.301,0,1,0.0,6.0,0
75.301,0,1,0.0,6.0,0
75.301,0,1,0.0,6.0,0
75.301,0,1,0.0,6.0,0
75.401,0,1,0.0,6.0,0
75.401,0,1,0.0,6.0,0
75.401,0,1,0.0,6.0,0
75.401,0,1,0.0,6.0,0
75.401,0,1,0.0,6.0,0
75.501,0,1,0.0,6.0,0
75.501,0,1,0.0,6.0,0
75.501,0,1,0.0,6.0,0
75.501,0,1,0.0,6.0,0
75.501,0,1,0.0,6.0,0
75.601,0,1,0.0,6.0,0
75.601,0,1,0.0,6.0,0
75.601,0,1,0.0,6.0,0
75.601,0,1,0.0,6.0,0
75.601,0,1,0.0,6.0,0
75.601,0,1,0.0,6.0,0
75.701,0,1,0.0,6.0,0
75.701,0,1,0.0,6.0,0
75.701,0,1,0.0,6.0,0
75.701,0,1,0.0,6.0,0
75.701,0,1,0.0,6.0,0
75.801,0,1,0.0,6.0,0
75.801,0,1,0.0,6.0,0
75.801,0,1,0.0,6.0,0
75.801,0,1,0.0,6.0,0
75.801,0,1,0.0,6.0,0
75.901,0,1,0.0,6.0,0
75.901,0,1,0.0,6.0,0
75.901,0,1,0.0,6.0,0
75.901,0,1,0.0,6.0,0
75.901,0,1,0.0,6.0,0
76.001,0,1,0.0,6.0,0
76.001,0,1,0.0,6.0,0
76.001,0,1,0.0,6.0,0
76.001,0,1,0.0,6.0,0
76.001,0,1,0.0,6.0,0
76.101,0,1,0.0,6.0,0
76.101,0,1,0.0,6.0,0
76.101,0,1,0.0,6.0,0
76.101,0,1,0.0,6.0,0
76.101,0,1,0.0,6.0,0
76.101,0,1,0.0,6.0,0
76.201,0,1,0.0,6.0,0
76.201,0,1,0.0,6.0,0
76.201,0,1,0.0,6.0,0
76.201,0,1,0.0,6.0,0
76.201,0,1,0.0,6.0,0
76.301,0,1,0.0,6.0,0
76.301,0,1,0.0,6.0,0
76.301,0,1,0.0,6.0,0
76.301,0,1,0.0,6.0,0
76.301,0,1,0.0,6.0,0
76.401,0,1,0.0,6.0,0
76.401,0,1,0.0,6.0,0
76.401,0,1,0.0,6.0,0
76.401,0,1,0.0,6.0,0
76.401,0,1,0.0,6.0,0
76.501,0,1,0.0,6.0,0
76.501,0,1,0.0,6.0,0
76.501,0,1,0.0,6.0,0
76.501,0,1,0.0,6.0,0
76.501,0,1,0.0,6.0,0
76.501,0,1,0.0,6.0,0
76.601,0,1,0.0,6.0,0
76.601,0,1,0.0,6.0,0
76.601,0,1,0.0,6.0,0
76.601,0,1,0.0,6.0,0
76.601,0,1,0.0,6.0,0
76.701,0,1,0.0,6.0,0
76.701,0,1,0.0,6.0,0
76.701,0,1,0.0,6.0,0
76.701,0,1,0.0,6.0,0
76.701,0,1,0.0,6.0,0
76.801,0,1,0.0,6.0,0
76.801,0,1,0.0,6.0,0
76.801,0,1,0.0,6.0,0
76.801,0,1,0.0,6.0,0
76.801,0,1,0.0,6.0,0
76.901,0,1,0.0,6.0,0
76.901,0,1,0.0,6.0,0
76.901,0,1,0.0,6.0,0
76.901,0,1,0.0,6.0,0
76.901,0,1,0.0,6.0,0
77.001,0,1,0.0,6.0,0
77.001,0,1,0.0,6.0,0
77.001,0,1,0.0,6.0,0
77.001,0,1,0.0,6.0,0
77.001,0,1,0.0,6.0,0
77.001,0,1,0.0,6.0,0
77.101,0,1,0.0,6.0,0
77.101,0,1,0.0,6.0,0
77.101,0,1,0.0,6.0,0
77.101,0,1,0.0,6.0,0
77.101,0,1,0.0,6.0,0
77.201,0,1,0.0,6.0,0
77.201,0,1,0.0,6.0,0
77.201,0,1,0.0,6.0,0
77.201,0,1,0.0,6.0,0
77.201,0,1,0.0,6.0,0
77.301,0,1,0.0,6.0,0
77.301,0,1,0.0,6.0,0
77.301,0,1,0.0,6.0,0
77.301,0,1,0.0,6.0,0
77.301,0,1,0.0,6.0,0
77.401,0,1,0.0,6.0,0
77.401,0,1,0.0,6.0,0
77.401,0,1,0.0,6.0,0
77.401,0,1,0.0,6.0,0
77.401,0,1,0.0,6.0,0
77.501,0,1,0.0,6.0,0
77.501,0,1,0.0,6.0,0
77.501,0,1,0.0,6.0,0
77.501,0,1,0.0,6.0,0
77.501,0,1,0.0,6.0,0
77.501,0,1,0.0,6.0,0
77.601,0,1,0.0,6.0,0
77.601,0,1,0.0,6.0,0
77.601,0,1,0.0,6.0,0
77.601,0,1,0.0,6.0,0
77.601,0,1,0.0,6.0,0
77.701,0,1,0.0,6.0,0
77.701,0,1,0.0,6.0,0
77.701,0,1,0.0,6.0,0
77.701,0,1,0.0,6.0,0
77.701,0,1,0.0,6.0,0
77.801,0,1,0.0,6.0,0
77.801,0,1,0.0,6.0,0
77.801,0,1,0.0,6.0,0
77.801,0,1,0.0,6.0,0
77.801,0,1,0.0,6.0,0
77.901,0,1,0.0,6.0,0
77.901,0,1,0.0,6.0,0
77.901,0,1,0.0,6.0,0
77.901,0,1,0.0,6.0,0
77.901,0,1,0.0,6.0,0
77.901,0,1,0.0,6.0,0
78.001,0,1,0.0,6.0,0
78.001,0,1,0.0,6.0,0
78.001,0,1,0.0,6.0,0
78.001,0,1,0.0,6.0,0
78.001,0,1,0.0,6.0,0
78.101,0,1,0.0,6.0,0
78.101,0,1,0.0,6.0,0
78.101,0,1,0.0,6.0,0
78.101,0,1,0.0,6.0,0
78.101,0,1,0.0,6.0,0
78.201,0,1,0.0,6.0,0
78.201,0,1,0.0,6.0,0
78.201,0,1,0.0,6.0,0
78.201,0,1,0.0,6.0,0
78.201,0,1,0.0,6.0,0
78.301,0,1,0.0,6.0,0
78.301,0,1,0.0,6.0,0
78.301,0,1,0.0,6.0,0
78.301,0,1,0.0,6.0,0
78.301,0,1,0.0,6.0,0
78.401,0,1,0.0,6.0,0
78.401,0,1,0.0,6.0,0
78.401,0,1,0.0,6.0,0
78.401,0,1,0.0,6.0,0
78.401,0,1,0.0,6.0,0
78.401,0,1,0.0,6.0,0
78.501,0,1,0.0,6.0,0
78.501,0,1,0.0,6.0,0
78.501,0,1,0.0,6.0,0
78.501,0,1,0.0,6.0,0
78.501,0,1,0.0,6.0,0
78.601,0,1,0.0,6.0,0
78.601,0,1,0.0,6.0,0
78.601,0,1,0.0,6.0,0
78.601,0,1,0.0,6.0,0
78.601,0,1,0.0,6.0,0
78.701,0,1,0.0,6.0,0
78.701,0,1,0.0,6.0,0
78.701,0,1,0.0,6.0,0
78.701,0,1,0.0,6.0,0
78.701,0,1,0.0,6.0,0
78.801,0,1,0.0,6.0,0
78.801,0,1,0.0,6.0,0
78.801,0,1,0.0,6.0,0
78.801,0,1,0.0,6.0,0
78.801,0,1,0.0,6.0,0
78.801,0,1,0.0,6.0,0
78.901,0,1,0.0,6.0,0
78.901,0,1,0.0,6.0,0
78.901,0,1,0.0,6.0,0
78.901,0,1,0.0,6.0,0
78.901,0,1,0.0,6.0,0
79.001,0,1,0.0,6.0,0
79.001,0,1,0.0,6.0,0
79.001,0,1,0.0,6.0,0
79.001,0,1,0.0,6.0,0
79.001,0,1,0.0,6.0,0
79.101,0,1,0.0,6.0,0
79.101,0,1,0.0,6.0,0
79.101,0,1,0.0,6.0,0
79.101,0,1,0.0,6.0,0
79.101,0,1,0.0,6.0,0
79.201,0,1,0.0,6.0,0
79.201,0,1,0.0,6.0,0
79.201,0,1,0.0,6.0,0
79.201,0,1,0.0,6.0,0
79.201,0,1,0.0,6.0,0
79.301,0,1,0.0,6.0,0
79.301,0,1,0.0,6.0,0
79.301,0,1,0.0,6.0,0
79.301,0,1,0.0,6.0,0
79.301,0,1,0.0,6.0,0
79.301,0,1,0.0,6.0,0
79.401,0,1,0.0,6.0,0
79.401,0,1,0.0,6.0,0
79.401,0,1,0.0,6.0,0
79.401,0,1,0.0,6.0,0
79.401,0,1,0.0,6.0,0
79.501,0,1,0.0,6.0,0
79.501,0,1,0.0,6.0,0
79.501,0,1,0.0,6.0,0
79.501,0,1,0.0,6.0,0
79.501,0,1,0.0,6.0,0
79.601,0,1,0.0,6.0,0
79.601,0,1,0.0,6.0,0
79.601,0,1,0.0,6.0,0
79.601,0,1,0.0,6.0,0
79.601,0,1,0.0,6.0,0
79.701,0,1,0.0,6.0,0
79.701,0,1,0.0,6.0,0
79.701,0,1,0.0,6.0,0
79.701,0,1,0.0,6.0,0
79.701,0,1,0.0,6.0,0
79.801,0,1,0.0,6.0,0
79.801,0,1,0.0,6.0,0
79.801,0,1,0.0,6.0,0
79.801,0,1,0.0,6.0,0
79.801,0,1,0.0,6.0,0
79.801,0,1,0.0,6.0,0
79.901,0,1,0.0,6.0,0
79.901,0,1,0.0,6.0,0
79.901,0,1,0.0,6.0,0
79.901,0,1,0.0,6.0,0
79.901,0,1,0.0,6.0,0
80.001,0,1,0.0,6.0,0
80.001,0,1,0.0,6.0,0
80.001,0,1,0.0,6.0,0
80.001,0,1,0.0,6.0,0
80.001,0,1,0.0,6.0,0
80.101,0,1,0.0,6.0,0
80.101,0,1,0.0,6.0,0
80.101,0,1,0.0,6.0,0
80.101,0,1,0.0,6.0,0
80.101,0,1,0.0,6.0,0
80.201,0,1,0.0,6.0,0
80.201,0,1,0.0,6.0,0
80.201,0,1,0.0,6.0,0
80.201,0,1,0.0,6.0,0
80.201,0,1,0.0,6.0,0
80.201,0,1,0.0,6.0,0
80.301,0,1,0.0,6.0,0
80.301,0,1,0.0,6.0,0
80.301,0,1,0.0,6.0,0
80.301,0,1,0.0,6.0,0
80.301,0,1,0.0,6.0,0
80.401,0,1,0.0,6.0,0
80.401,0,1,0.0,6.0,0
80.401,0,1,0.0,6.0,0
80.401,0,1,0.0,6.0,0
80.401,0,1,0.0,6.0,0
80.501,0,1,0.0,6.0,0
80.501,0,1,0.0,6.0,0
80.501,0,1,0.0,6.0,0
80.501,0,1,0.0,6.0,0
80.501,0,1,0.0,6.0,0
80.601,0,1,0.0,6.0,0
80.601,0,1,0.0,6.0,0
80.601,0,1,0.0,6.0,0
80.601,0,1,0.0,6.0,0
80.601,0,1,0.0,6.0,0
80.701,0,1,0.0,6.0,0
80.701,0,1,0.0,6.0,0
80.701,0,1,0.0,6.0,0
80.701,0,1,0.0,6.0,0
80.701,0,1,0.0,6.0,0
80.701,0,1,0.0,6.0,0
80.801,0,1,0.0,6.0,0
80.801,0,1,0.0,6.0,0
80.801,0,1,0.0,6.0,0
80.801,0,1,0.0,6.0,0
80.801,0,1,0.0,6.0,0
80.901,0,1,0.0,6.0,0
80.901,0,1,0.0,6.0,0
80.901,0,1,0.0,6.0,0
80.901,0,1,0.0,6.0,0
80.901,0,1,0.0,6.0,0
81.001,0,1,0.0,6.0,0
81.001,0,1,0.0,6.0,0
81.001,0,1,0.0,6.0,0
81.001,0,1,0.0,6.0,0
81.001,0,1,0.0,6.0,0
81.101,0,1,0.0,6.0,0
81.101,0,1,0.0,6.0,0
81.101,0,1,0.0,6.0,0
81.101,0,1,0.0,6.0,0
81.101,0,1,0.0,6.0,0
81.101,0,1,0.0,6.0,0
81.201,0,1,0.0,6.0,0
81.201,0,1,0.0,6.0,0
81.201,0,1,0.0,6.0,0
81.201,0,1,0.0,6.0,0
81.201,0,1,0.0,6.0,0
81.301,0,1,0.0,6.0,0
81.301,0,1,0.0,6.0,0
81.301,0,1,0.0,6.0,0
81.301,0,1,0.0,6.0,0
81.301,0,1,0.0,6.0,0
81.401,0,1,0.0,6.0,0
81.401,0,1,0.0,6.0,0
81.401,0,1,0.0,6.0,0
81.401,0,1,0.0,6.0,0
81.401,0,1,0.0,6.0,0
81.501,0,1,0.0,6.0,0
81.501,0,1,0.0,6.0,0
81.501,0,1,0.0,6.0,0
81.501,0,1,0.0,6.0,0
81.501,0,1,0.0,6.0,0
81.601,0,1,0.0,6.0,0
81.601,0,1,0.0,6.0,0
81.601,0,1,0.0,6.0,0
81.601,0,1,0.0,6.0,0
81.601,0,1,0.0,6.0,0
81.601,0,1,0.0,6.0,0
81.701,0,1,0.0,6.0,0
81.701,0,1,0.0,6.0,0
81.701,0,1,0.0,6.0,0
81.701,0,1,0.0,6.0,0
81.701,0,1,0.0,6.0,0
81.801,0,1,0.0,6.0,0
81.801,0,1,0.0,6.0,0
81.801,0,1,0.0,6.0,0
81.801,0,1,0.0,6.0,0
81.801,0,1,0.0,6.0,0
81.901,0,1,0.0,6.0,0
81.901,0,1,0.0,6.0,0
81.901,0,1,0.0,6.0,0
81.901,0,1,0.0,6.0,0
81.901,0,1,0.0,6.0,0
82.001,0,1,0.0,6.0,0
82.001,0,1,0.0,6.0,0
82.001,0,1,0.0,6.0,0
82.001,0,1,0.0,6.0,0
82.001,0,1,0.0,6.0,0
82.101,0,1,0.0,6.0,0
82.101,0,1,0.0,6.0,0
82.101,0,1,0.0,6.0,0
82.101,0,1,0.0,6.0,0
82.101,0,1,0.0,6.0,0
82.101,0,1,0.0,6.0,0
82.201,0,1,0.0,6.0,0
82.201,0,1,0.0,6.0,0
82.201,0,1,0.0,6.0,0
82.201,0,1,0.0,6.0,0
82.201,0,1,0.0,6.0,0
82.301,0,1,0.0,6.0,0
82.301,0,1,0.0,6.0,0
82.301,0,1,0.0,6.0,0
82.301,0,1,0.0,6.0,0
82.301,0,1,0.0,6.0,0
82.401,0,1,0.0,6.0,0
82.401,0,1,0.0,6.0,0
82.401,0,1,0.0,6.0,0
82.401,0,1,0.0,6.0,0
82.401,0,1,0.0,6.0,0
82.501,0,1,0.0,6.0,0
82.501,0,1,0.0,6.0,0
82.501,0,1,0.0,6.0,0
82.501,0,1,0.0,6.0,0
82.501,0,1,0.0,6.0,0
82.501,0,1,0.0,6.0,0
82.601,0,1,0.0,6.0,0
82.601,0,1,0.0,6.0,0
82.601,0,1,0.0,6.0,0
82.601,0,1,0.0,6.0,0
82.601,0,1,0.0,6.0,0
82.701,0,1,0.0,6.0,0
82.701,0,1,0.0,6.0,0
82.701,0,1,0.0,6.0,0
82.701,0,1,0.0,6.0,0
82.701,0,1,0.0,6.0,0
82.801,0,1,0.0,6.0,0
82.801,0,1,0.0,6.0,0
82.801,0,1,0.0,6.0,0
82.801,0,1,0.0,6.0,0
82.801,0,1,0.0,6.0,0
82.901,0,1,0.0,6.0,0
82.901,0,1,0.0,6.0,0
82.901,0,1,0.0,6.0,0
82.901,0,1,0.0,6.0,0
82.901,0,1,0.0,6.0,0
83.001,0,1,0.0,6.0,0
83.001,0,1,0.0,6.0,0
83.001,0,1,0.0,6.0,0
83.001,0,1,0.0,6.0,0
83.001,0,1,0.0,6.0,0
83.001,0,1,0.0,6.0,0
83.101,0,1,0.0,6.0,0
83.101,0,1,0.0,6.0,0
83.101,0,1,0.0,6.0,0
83.101,0,1,0.0,6.0,0
83.101,0,1,0.0,6.0,0
83.201,0,1,0.0,6.0,0
83.201,0,1,0.0,6.0,0
83.201,0,1,0.0,6.0,0
83.201,0,1,0.0,6.0,0
83.201,0,1,0.0,6.0,0
83.301,0,1,0.0,6.0,0
83.301,0,1,0.0,6.0,0
83.301,0,1,0.0,6.0,0
83.301,0,1,0.0,6.0,0
83.301,0,1,0.0,6.0,0
83.401,0,1,0.0,6.0,0
83.401,0,1,0.0,6.0,0
83.401,0,1,0.0,6.0,0
83.401,0,1,0.0,6.0,0
83.401,0,1,0.0,6.0,0
83.401,0,1,0.0,6.0,0
83.501,0,1,0.0,6.0,0
83.501,0,1,0.0,6.0,0
83.501,0,1,0.0,6.0,0
83.501,0,1,0.0,6.0,0
83.501,0,1,0.0,6.0,0
83.601,0,1,0.0,6.0,0
83.601,0,1,0.0,6.0,0
83.601,0,1,0.0,6.0,0
83.601,0,1,0.0,6.0,0
83.601,0,1,0.0,6.0,0
83.701,0,1,0.0,6.0,0
83.701,0,1,0.0,6.0,0
83.701,0,1,0.0,6.0,0
83.701,0,1,0.0,6.0,0
83.701,0,1,0.0,6.0,0
83.801,0,1,0.0,6.0,0
83.801,0,1,0.0,6.0,0
83.801,0,1,0.0,6.0,0
83.801,0,1,0.0,6.0,0
83.801,0,1,0.0,6.0,0
83.901,0,1,0.0,6.0,0
83.901,0,1,0.0,6.0,0
83.901,0,1,0.0,6.0,0
83.901,0,1,0.0,6.0,0
83.901,0,1,0.0,6.0,0
83.901,0,1,0.0,6.0,0
84.001,0,1,0.0,6.0,0
84.001,0,1,0.0,6.0,0
84.001,0,1,0.0,6.0,0
84.001,0,1,0.0,6.0,0
84.001,0,1,0.0,6.0,0
84.101,0,1,0.0,6.0,0
84.101,0,1,0.0,6.0,0
84.101,0,1,0.0,6.0,0
84.101,0,1,0.0,6.0,0
84.101,0,1,0.0,6.0,0
84.201,0,1,0.0,6.0,0
84.201,0,1,0.0,6.0,0
84.201,0,1,0.0,6.0,0
84.201,0,1,0.0,6.0,0
84.201,0,1,0.0,6.0,0
84.301,0,1,0.0,6.0,0
84.301,0,1,0.0,6.0,0
84.301,0,1,0.0,6.0,0
84.301,0,1,0.0,6.0,0
84.301,0,1,0.0,6.0,0
84.301,0,1,0.0,6.0,0
84.401,0,1,0.0,6.0,0
84.401,0,1,0.0,6.0,0
84.401,0,1,0.0,6.0,0
84.401,0,1,0.0,6.0,0
84.401,0,1,0.0,6.0,0
84.501,0,1,0.0,6.0,0
84.501,0,1,0.0,6.0,0
84.501,0,1,0.0,6.0,0
84.501,0,1,0.0,6.0,0
84.501,0,1,0.0,6.0,0
84.601,0,1,0.0,6.0,0
84.601,0,1,0.0,6.0,0
84.601,0,1,0.0,6.0,0
84.601,0,1,0.0,6.0,0
84.601,0,1,0.0,6.0,0
84.701,0,1,0.0,6.0,0
84.701,0,1,0.0,6.0,0
84.701,0,1,0.0,6.0,0
84.701,0,1,0.0,6.0,0
84.701,0,1,0.0,6.0,0
84.801,0,1,0.0,6.0,0
84.801,0,1,0.0,6.0,0
84.801,0,1,0.0,6.0,0
84.801,0,1,0.0,6.0,0
84.801,0,1,0.0,6.0,0
84.801,0,1,0.0,6.0,0
84.901,0,1,0.0,6.0,0
84.901,0,1,0.0,6.0,0
84.901,0,1,0.0,6.0,0
84.901,0,1,0.0,6.0,0
84.901,0,1,0.0,6.0,0
85.001,0,1,0.0,6.0,0
85.001,0,1,0.0,6.0,0
85.001,0,1,0.0,6.0,0
85.001,0,1,0.0,6.0,0
85.001,0,1,0.0,6.0,0
85.101,0,1,0.0,6.0,0
85.101,0,1,0.0,6.0,0
85.101,0,1,0.0,6.0,0
85.101,0,1,0.0,6.0,0
85.101,0,1,0.0,6.0,0
85.201,0,1,0.0,6.0,0
85.201,0,1,0.0,6.0,0
85.201,0,1,0.0,6.0,0
85.201,0,1,0.0,6.0,0
85.201,0,1,0.0,6.0,0
85.301,0,1,0.0,6.0,0
85.301,0,1,0.0,6.0,0
85.301,0,1,0.0,6.0,0
85.301,0,1,0.0,6.0,0
85.301,0,1,0.0,6.0,0
85.301,0,1,0.0,6.0,0
85.401,0,1,0.0,6.0,0
85.401,0,1,0.0,6.0,0
85.401,0,1,0.0,6.0,0
85.401,0,1,0.0,6.0,0
85.401,0,1,0.0,6.0,0
85.501,0,1,0.0,6.0,0
85.501,0,1,0.0,6.0,0
85.501,0,1,0.0,6.0,0
85.501,0,1,0.0,6.0,0
85.501,0,1,0.0,6.0,0
85.601,0,1,0.0,6.0,0
85.601,0,1,0.0,6.0,0
85.601,0,1,0.0,6.0,0
85.601,0,1,0.0,6.0,0
85.601,0,1,0.0,6.0,0
85.701,0,1,0.0,6.0,0
85.701,0,1,0.0,6.0,0
85.701,0,1,0.0,6.0,0
85.701,0,1,0.0,6.0,0
85.701,0,1,0.0,6.0,0
85.701,0,1,0.0,6.0,0
85.801,0,1,0.0,6.0,0
85.801,0,1,0.0,6.0,0
85.801,0,1,0.0,6.0,0
85.801,0,1,0.0,6.0,0
85.801,0,1,0.0,6.0,0
85.901,0,1,0.0,6.0,0
85.901,0,1,0.0,6.0,0
85.901,0,1,0.0,6.0,0
85.901,0,1,0.0,6.0,0
85.901,0,1,0.0,6.0,0
86.001,0,1,0.0,6.0,0
86.001,0,1,0.0,6.0,0
86.001,0,1,0.0,6.0,0
86.001,0,1,0.0,6.0,0
86.001,0,1,0.0,6.0,0
86.101,0,1,0.0,6.0,0
86.101,0,1,0.0,6.0,0
86.101,0,1,0.0,6.0,0
86.101,0,1,0.0,6.0,0
86.101,0,1,0.0,6.0,0
86.201,0,1,0.0,6.0,0
86.201,0,1,0.0,6.0,0
86.201,0,1,0.0,6.0,0
86.201,0,1,0.0,6.0,0
86.201,0,1,0.0,6.0,0
86.201,0,1,0.0,6.0,0
86.301,0,1,0.0,6.0,0
86.301,0,1,0.0,6.0,0
86.301,0,1,0.0,6.0,0
86.301,0,1,0.0,6.0,0
86.301,0,1,0.0,6.0,0
86.401,0,1,0.0,6.0,0
86.401,0,1,0.0,6.0,0
86.401,0,1,0.0,6.0,0
86.401,0,1,0.0,6.0,0
86.401,0,1,0.0,6.0,0
86.501,0,1,0.0,6.0,0
86.501,0,1,0.0,6.0,0
86.501,0,1,0.0,6.0,0
86.501,0,1,0.0,6.0,0
86.501,0,1,0.0,6.0,0
86.601,0,1,0.0,6.0,0
86.601,0,1,0.0,6.0,0
86.601,0,1,0.0,6.0,0
86.601,0,1,0.0,6.0,0
86.601,0,1,0.0,6.0,0
86.601,0,1,0.0,6.0,0
86.701,0,1,0.0,6.0,0
86.701,0,1,0.0,6.0,0
86.701,0,1,0.0,6.0,0
86.701,0,1,0.0,6.0,0
86.701,0,1,0.0,6.0,0
86.801,0,1,0.0,6.0,0
86.801,0,1,0.0,6.0,0
86.801,0,1,0.0,6.0,0
86.801,0,1,0.0,6.0,0
86.801,0,1,0.0,6.0,0
86.901,0,1,0.0,6.0,0
86.901,0,1,0.0,6.0,0
86.901,0,1,0.0,6.0,0
86.901,0,1,0.0,6.0,0
86.901,0,1,0.0,6.0,0
87.001,0,1,0.0,6.0,0
87.001,0,1,0.0,6.0,0
87.001,0,1,0.0,6.0,0
87.001,0,1,0.0,6.0,0
87.001,0,1,0.0,6.0,0
87.101,0,1,0.0,6.0,0
87.101,0,1,0.0,6.0,0
87.101,0,1,0.0,6.0,0
87.101,0,1,0.0,6.0,0
87.101,0,1,0.0,6.0,0
87.101,0,1,0.0,6.0,0
87.201,0,1,0.0,6.0,0
87.201,0,1,0.0,6.0,0
87.201,0,1,0.0,6.0,0
87.201,0,1,0.0,6.0,0
87.201,0,1,0.0,6.0,0
87.301,0,0,0.0,0.0,0
87.301,0,0,0.0,0.0,0
87.301,0,0,0.0,0.0,0
87.301,0,0,0.0,0.0,0
87.301,0,0,0.0,0.0,0
87.401,0,0,0.0,0.0,0
87.401,0,0,0.0,0.0,0
87.401,0,0,0.0,0.0,0
87.401,0,0,0.0,0.0,0
87.401,0,0,0.0,0.0,0
87.501,0,0,0.0,0.0,0
87.501,0,0,0.0,0.0,0
87.501,0,0,0.0,0.0,0
87.501,0,0,0.0,0.0,0
87.501,0,0,0.0,0.0,0
87.601,2,1,-90.0,3.0,0
87.601,2,1,-90.0,3.0,0
87.601,2,1,-90.0,3.0,0
87.601,2,1,-90.0,3.0,0
87.601,2,1,-90.0,3.0,0
87.601,2,1,-90.0,3.0,0
87.701,2,1,-90.0,3.0,0
87.701,2,1,-90.0,3.0,0
87.701,2,1,-90.0,3.0,0
87.701,2,1,-90.0,3.0,0
87.701,2,1,-90.0,3.0,0
87.801,2,1,-90.0,3.0,0
87.801,2,1,-90.0,3.0,0
87.801,2,1,-90.0,3.0,0
87.801,2,1,-90.0,3.0,0
87.801,2,1,-90.0,3.0,0
87.901,2,1,-90.0,3.0,0
87.901,2,1,-90.0,3.0,0
87.901,2,1,-90.0,3.0,0
87.901,2,1,-90.0,3.0,0
87.901,2,1,-90.0,3.0,0
88.001,2,1,-90.0,3.0,0
88.001,2,1,-90.0,3.0,0
88.001,2,1,-90.0,3.0,0
88.001,2,1,-90.0,3.0,0
88.001,2,1,-90.0,3.0,0
88.001,2,1,-90.0,3.0,0
88.101,2,1,-90.0,3.0,0
88.101,2,1,-90.0,3.0,0
88.101,2,1,-90.0,3.0,0
88.101,2,1,-90.0,3.0,0
88.101,2,1,-90.0,3.0,0
88.201,2,1,-90.0,3.0,0
88.201,2,1,-90.0,3.0,0
88.201,2,1,-90.0,3.0,0
88.201,2,1,-90.0,3.0,0
88.201,2,1,-90.0,3.0,0
88.301,2,1,-90.0,3.0,0
88.301,2,1,-90.0,3.0,0
88.301,2,1,-90.0,3.0,0
88.301,2,1,-90.0,3.0,0
88.301,2,1,-90.0,3.0,0
88.401,2,1,-90.0,3.0,0
88.401,2,1,-90.0,3.0,0
88.401,2,1,-90.0,3.0,0
88.401,2,1,-90.0,3.0,0
88.401,2,1,-90.0,3.0,0
88.501,2,1,-90.0,3.0,0
88.501,2,1,-90.0,3.0,0
88.501,2,1,-90.0,3.0,0
88.501,2,1,-90.0,3.0,0
88.501,2,1,-90.0,3.0,0
88.501,2,1,-90.0,3.0,0
88.601,2,1,-90.0,3.0,0
88.601,2,1,-90.0,3.0,0
88.601,2,1,-90.0,3.0,0
88.601,2,1,-90.0,3.0,0
88.601,2,1,-90.0,3.0,0
88.701,2,1,-90.0,3.0,0
88.701,2,1,-90.0,3.0,0
88.701,2,1,-90.0,3.0,0
88.701,2,1,-90.0,3.0,0
88.701,2,1,-90.0,3.0,0
88.801,2,1,-90.0,3.0,0
88.801,2,1,-90.0,3.0,0
88.801,2,1,-90.0,3.0,0
88.801,2,1,-90.0,3.0,0
88.801,2,1,-90.0,3.0,0
88.901,2,1,-90.0,3.0,0
88.901,2,1,-90.0,3.0,0
88.901,2,1,-90.0,3.0,0
88.901,2,1,-90.0,3.0,0
88.901,2,1,-90.0,3.0,0
88.901,2,1,-90.0,3.0,0
89.001,2,1,-90.0,3.0,0
89.001,2,1,-90.0,3.0,0
89.001,2,1,-90.0,3.0,0
89.001,2,1,-90.0,3.0,0
89.001,2,1,-90.0,3.0,0
89.101,2,1,-90.0,3.0,0
89.101,2,1,-90.0,3.0,0
89.101,2,1,-90.0,3.0,0
89.101,2,1,-90.0,3.0,0
89.101,2,1,-90.0,3.0,0
89.201,2,1,-90.0,3.0,0
89.201,2,1,-90.0,3.0,0
89.201,2,1,-90.0,3.0,0
89.201,2,1,-90.0,3.0,0
89.201,2,1,-90.0,3.0,0
89.301,2,1,-90.0,3.0,0
89.301,2,1,-90.0,3.0,0
89.301,2,1,-90.0,3.0,0
89.301,2,1,-90.0,3.0,0
89.301,2,1,-90.0,3.0,0
89.401,2,1,-90.0,3.0,0
89.401,2,1,-90.0,3.0,0
89.401,2,1,-90.0,3.0,0
89.401,2,1,-90.0,3.0,0
89.401,2,1,-90.0,3.0,0
89.401,2,1,-90.0,3.0,0
89.501,2,1,-90.0,3.0,0
89.501,2,1,-90.0,3.0,0
89.501,2,1,-90.0,3.0,0
89.501,2,1,-90.0,3.0,0
89.501,2,1,-90.0,3.0,0
89.601,2,1,-90.0,3.0,0
89.601,2,1,-90.0,3.0,0
89.601,2,1,-90.0,3.0,0
89.601,2,1,-90.0,3.0,0
89.601,2,1,-90.0,3.0,0
89.701,2,1,-90.0,3.0,0
89.701,2,1,-90.0,3.0,0
89.701,2,1,-90.0,3.0,0
89.701,2,1,-90.0,3.0,0
89.701,2,1,-90.0,3.0,0
89.801,2,1,-90.0,3.0,0
89.801,2,1,-90.0,3.0,0
89.801,2,1,-90.0,3.0,0
89.801,2,1,-90.0,3.0,0
89.801,2,1,-90.0,3.0,0
89.901,2,1,-90.0,3.0,0
89.901,2,1,-90.0,3.0,0
89.901,2,1,-90.0,3.0,0
89.901,2,1,-90.0,3.0,0
89.901,2,1,-90.0,3.0,0
89.901,2,1,-90.0,3.0,0
90.001,2,1,-90.0,3.0,0
90.001,2,1,-90.0,3.0,0
90.001,2,1,-90.0,3.0,0
90.001,2,1,-90.0,3.0,0
90.001,2,1,-90.0,3.0,0
90.101,2,1,-90.0,3.0,0
90.101,2,1,-90.0,3.0,0
90.101,2,1,-90.0,3.0,0
90.101,2,1,-90.0,3.0,0
90.101,2,1,-90.0,3.0,0
90.201,2,1,-90.0,3.0,0
90.201,2,1,-90.0,3.0,0
90.201,2,1,-90.0,3.0,0
90.201,2,1,-90.0,3.0,0
90.201,2,1,-90.0,3.0,0
90.301,2,1,-90.0,3.0,0
90.301,2,1,-90.0,3.0,0
90.301,2,1,-90.0,3.0,0
90.301,2,1,-90.0,3.0,0
90.301,2,1,-90.0,3.0,0
90.301,2,1,-90.0,3.0,0
90.401,2,1,-90.0,3.0,0
90.401,2,1,-90.0,3.0,0
90.401,2,1,-90.0,3.0,0
90.401,2,1,-90.0,3.0,0
90.401,2,1,-90.0,3.0,0
90.501,2,1,-90.0,3.0,0
90.501,2,1,-90.0,3.0,0
90.501,2,1,-90.0,3.0,0
90.501,2,1,-90.0,3.0,0
90.501,2,1,-90.0,3.0,0
90.601,2,1,-90.0,3.0,0
90.601,2,1,-90.0,3.0,0
90.601,2,1,-90.0,3.0,0
90.601,2,1,-90.0,3.0,0
90.601,2,1,-90.0,3.0,0
90.701,2,1,-90.0,3.0,0
90.701,2,1,-90.0,3.0,0
90.701,2,1,-90.0,3.0,0
90.701,2,1,-90.0,3.0,0
90.701,2,1,-90.0,3.0,0
90.801,2,1,-90.0,3.0,0
90.801,2,1,-90.0,3.0,0
90.801,2,1,-90.0,3.0,0
90.801,2,1,-90.0,3.0,0
90.801,2,1,-90.0,3.0,0
90.801,2,1,-90.0,3.0,0
90.901,2,1,-90.0,3.0,0
90.901,2,1,-90.0,3.0,0
90.901,2,1,-90.0,3.0,0
90.901,2,1,-90.0,3.0,0
90.901,2,1,-90.0,3.0,0
91.001,2,1,-90.0,3.0,0
91.001,2,1,-90.0,3.0,0
91.001,2,1,-90.0,3.0,0
91.001,2,1,-90.0,3.0,0
91.001,2,1,-90.0,3.0,0
91.101,2,1,-90.0,3.0,0
91.101,2,1,-90.0,3.0,0
91.101,2,1,-90.0,3.0,0
91.101,2,1,-90.0,3.0,0
91.101,2,1,-90.0,3.0,0
91.201,2,1,-90.0,3.0,0
91.201,2,1,-90.0,3.0,0
91.201,2,1,-90.0,3.0,0
91.201,2,1,-90.0,3.0,0
91.201,2,1,-90.0,3.0,0
91.201,2,1,-90.0,3.0,0
91.301,2,1,-90.0,3.0,0
91.301,2,1,-90.0,3.0,0
91.301,2,1,-90.0,3.0,0
91.301,2,1,-90.0,3.0,0
91.301,2,1,-90.0,3.0,0
91.401,2,1,-90.0,3.0,0
91.401,2,1,-90.0,3.0,0
91.401,2,1,-90.0,3.0,0
91.401,2,1,-90.0,3.0,0
91.401,2,1,-90.0,3.0,0
91.501,2,1,-90.0,3.0,0
91.501,2,1,-90.0,3.0,0
91.501,2,1,-90.0,3.0,0
91.501,2,1,-90.0,3.0,0
91.501,2,1,-90.0,3.0,0
91.601,2,1,-90.0,3.0,0
91.601,2,1,-90.0,3.0,0
91.601,2,1,-90.0,3.0,0
91.601,2,1,-90.0,3.0,0
91.601,2,1,-90.0,3.0,0
91.701,2,1,-90.0,3.0,0
91.701,2,1,-90.0,3.0,0
91.701,2,1,-90.0,3.0,0
91.701,2,1,-90.0,3.0,0
91.701,2,1,-90.0,3.0,0
91.701,2,1,-90.0,3.0,0
91.801,2,1,-90.0,3.0,0
91.801,2,1,-90.0,3.0,0
91.801,2,1,-90.0,3.0,0
91.801,2,1,-90.0,3.0,0
91.801,2,1,-90.0,3.0,0
91.901,2,1,-90.0,3.0,0
91.901,2,1,-90.0,3.0,0
91.901,2,1,-90.0,3.0,0
91.901,2,1,-90.0,3.0,0
91.901,2,1,-90.0,3.0,0
92.001,2,1,-90.0,3.0,0
92.001,2,1,-90.0,3.0,0
92.001,2,1,-90.0,3.0,0
92.001,2,1,-90.0,3.0,0
92.001,2,1,-90.0,3.0,0
92.101,2,1,-90.0,3.0,0
92.101,2,1,-90.0,3.0,0
92.101,2,1,-90.0,3.0,0
92.101,2,1,-90.0,3.0,0
92.101,2,1,-90.0,3.0,0
92.201,2,1,-90.0,3.0,0
92.201,2,1,-90.0,3.0,0
92.201,2,1,-90.0,3.0,0
92.201,2,1,-90.0,3.0,0
92.201,2,1,-90.0,3.0,0
92.201,2,1,-90.0,3.0,0
92.301,2,1,-90.0,3.0,0
92.301,2,1,-90.0,3.0,0
92.301,2,1,-90.0,3.0,0
92.301,2,1,-90.0,3.0,0
92.301,2,1,-90.0,3.0,0
92.401,2,1,-90.0,3.0,0
92.401,2,1,-90.0,3.0,0
92.401,2,1,-90.0,3.0,0
92.401,2,1,-90.0,3.0,0
92.401,2,1,-90.0,3.0,0
92.501,2,1,-90.0,3.0,0
92.501,2,1,-90.0,3.0,0
92.501,2,1,-90.0,3.0,0
92.501,2,1,-90.0,3.0,0
92.501,2,1,-90.0,3.0,0
92.601,2,1,-90.0,3.0,0
92.601,2,1,-90.0,3.0,0
92.601,2,1,-90.0,3.0,0
92.601,2,1,-90.0,3.0,0
92.601,2,1,-90.0,3.0,0
92.601,2,1,-90.0,3.0,0
92.701,2,1,-90.0,3.0,0
92.701,2,1,-90.0,3.0,0
92.701,2,1,-90.0,3.0,0
92.701,2,1,-90.0,3.0,0
92.701,2,1,-90.0,3.0,0
92.801,2,1,-90.0,3.0,0
92.801,2,1,-90.0,3.0,0
92.801,2,1,-90.0,3.0,0
92.801,2,1,-90.0,3.0,0
92.801,2,1,-90.0,3.0,0
92.901,0,0,0.0,0.0,1
92.901,0,0,0.0,0.0,1
92.901,0,0,0.0,0.0,1
92.901,0,0,0.0,0.0,1
92.901,0,0,0.0,0.0,1
93.001,0,0,0.0,0.0,1
93.001,0,0,0.0,0.0,1
93.001,0,0,0.0,0.0,1
93.001,0,0,0.0,0.0,1
93.001,0,0,0.0,0.0,1
93.101,0,0,0.0,0.0,1
93.101,0,0,0.0,0.0,1
93.101,0,0,0.0,0.0,1
93.101,0,0,0.0,0.0,1
93.101,0,0,0.0,0.0,1
93.101,0,0,0.0,0.0,1
93.201,0,0,0.0,0.0,1
93.201,0,0,0.0,0.0,1
93.201,0,0,0.0,0.0,1
93.201,0,0,0.0,0.0,1
93.201,0,0,0.0,0.0,1
93.301,0,0,0.0,0.0,1
93.301,0,0,0.0,0.0,1
93.301,0,0,0.0,0.0,1
93.301,0,0,0.0,0.0,1
93.301,0,0,0.0,0.0,1
93.401,0,0,0.0,0.0,1
93.401,0,0,0.0,0.0,1
93.401,0,0,0.0,0.0,1
93.401,0,0,0.0,0.0,1
93.401,0,0,0.0,0.0,1
93.501,0,0,0.0,0.0,1
93.501,0,0,0.0,0.0,1
93.501,0,0,0.0,0.0,1
93.501,0,0,0.0,0.0,1
93.501,0,0,0.0,0.0,1
93.501,0,0,0.0,0.0,1
93.601,0,0,0.0,0.0,1
93.601,0,0,0.0,0.0,1
93.601,0,0,0.0,0.0,1
93.601,0,0,0.0,0.0,1
93.601,0,0,0.0,0.0,1
93.701,0,0,0.0,0.0,1
93.701,0,0,0.0,0.0,1
93.701,0,0,0.0,0.0,1
93.701,0,0,0.0,0.0,1
93.701,0,0,0.0,0.0,1
93.801,0,0,0.0,0.0,1
93.801,0,0,0.0,0.0,1
93.801,0,0,0.0,0.0,1
93.801,0,0,0.0,0.0,1
93.801,0,0,0.0,0.0,1
93.901,0,0,0.0,0.0,1
93.901,0,0,0.0,0.0,1
93.901,0,0,0.0,0.0,1
93.901,0,0,0.0,0.0,1
93.901,0,0,0.0,0.0,1
94.001,0,0,0.0,0.0,1
94.001,0,0,0.0,0.0,1
94.001,0,0,0.0,0.0,1
94.001,0,0,0.0,0.0,1
94.001,0,0,0.0,0.0,1
94.001,0,0,0.0,0.0,1
94.101,0,0,0.0,0.0,1
94.101,0,0,0.0,0.0,1
94.101,0,0,0.0,0.0,1
94.101,0,0,0.0,0.0,1
94.101,0,0,0.0,0.0,1
94.201,0,0,0.0,0.0,1
94.201,0,0,0.0,0.0,1
94.201,0,0,0.0,0.0,1
94.201,0,0,0.0,0.0,1
94.201,0,0,0.0,0.0,1
94.301,0,0,0.0,0.0,1
94.301,0,0,0.0,0.0,1
94.301,0,0,0.0,0.0,1
94.301,0,0,0.0,0.0,1
94.301,0,0,0.0,0.0,1
94.401,0,0,0.0,0.0,1
94.401,0,0,0.0,0.0,1
94.401,0,0,0.0,0.0,1
94.401,0,0,0.0,0.0,1
94.401,0,0,0.0,0.0,1
94.501,0,0,0.0,0.0,1
94.501,0,0,0.0,0.0,1
94.501,0,0,0.0,0.0,1
94.501,0,0,0.0,0.0,1
94.501,0,0,0.0,0.0,1
94.501,0,0,0.0,0.0,1
94.601,0,0,0.0,0.0,1
94.601,0,0,0.0,0.0,1
94.601,0,0,0.0,0.0,1
94.601,0,0,0.0,0.0,1
94.601,0,0,0.0,0.0,1
94.701,0,0,0.0,0.0,1
94.701,0,0,0.0,0.0,1
94.701,0,0,0.0,0.0,1
94.701,0,0,0.0,0.0,1
94.701,0,0,0.0,0.0,1
94.801,0,0,0.0,0.0,1
94.801,0,0,0.0,0.0,1
94.801,0,0,0.0,0.0,1
94.801,0,0,0.0,0.0,1
94.801,0,0,0.0,0.0,1
94.901,0,0,0.0,0.0,1
94.901,0,0,0.0,0.0,1
94.901,0,0,0.0,0.0,1
94.901,0,0,0.0,0.0,1
94.901,0,0,0.0,0.0,1
94.901,0,0,0.0,0.0,1
95.001,0,0,0.0,0.0,1
95.001,0,0,0.0,0.0,1
95.001,0,0,0.0,0.0,1
95.001,0,0,0.0,0.0,1
95.001,0,0,0.0,0.0,1
95.101,0,0,0.0,0.0,1
95.101,0,0,0.0,0.0,1
95.101,0,0,0.0,0.0,1
95.101,0,0,0.0,0.0,1
95.101,0,0,0.0,0.0,1
95.201,0,0,0.0,0.0,1
95.201,0,0,0.0,0.0,1
95.201,0,0,0.0,0.0,1
95.201,0,0,0.0,0.0,1
95.201,0,0,0.0,0.0,1
95.301,0,0,0.0,0.0,1
95.301,0,0,0.0,0.0,1
95.301,0,0,0.0,0.0,1
95.301,0,0,0.0,0.0,1
95.301,0,0,0.0,0.0,1
95.401,0,0,0.0,0.0,1
95.401,0,0,0.0,0.0,1
95.401,0,0,0.0,0.0,1
95.401,0,0,0.0,0.0,1
95.401,0,0,0.0,0.0,1
95.401,0,0,0.0,0.0,1
95.501,0,0,0.0,0.0,1
95.501,0,0,0.0,0.0,1
95.501,0,0,0.0,0.0,1
95.501,0,0,0.0,0.0,1
95.501,0,0,0.0,0.0,1
95.601,0,0,0.0,0.0,1
95.601,0,0,0.0,0.0,1
95.601,0,0,0.0,0.0,1
95.601,0,0,0.0,0.0,1
95.601,0,0,0.0,0.0,1
95.701,0,0,0.0,0.0,1
95.701,0,0,0.0,0.0,1
95.701,0,0,0.0,0.0,1
95.701,0,0,0.0,0.0,1
95.701,0,0,0.0,0.0,1
95.801,0,0,0.0,0.0,1
95.801,0,0,0.0,0.0,1
95.801,0,0,0.0,0.0,1
95.801,0,0,0.0,0.0,1
95.801,0,0,0.0,0.0,1
95.801,0,0,0.0,0.0,1
95.901,0,0,0.0,0.0,1
95.901,0,0,0.0,0.0,1
95.901,0,0,0.0,0.0,1
95.901,0,0,0.0,0.0,1
95.901,0,0,0.0,0.0,1
96.001,0,0,0.0,0.0,1
96.001,0,0,0.0,0.0,1
96.001,0,0,0.0,0.0,1
96.001,0,0,0.0,0.0,1
96.001,0,0,0.0,0.0,1
96.101,0,0,0.0,0.0,1
96.101,0,0,0.0,0.0,1
96.101,0,0,0.0,0.0,1
96.101,0,0,0.0,0.0,1
96.101,0,0,0.0,0.0,1
96.201,0,0,0.0,0.0,1
96.201,0,0,0.0,0.0,1
96.201,0,0,0.0,0.0,1
96.201,0,0,0.0,0.0,1
96.201,0,0,0.0,0.0,1
96.301,0,0,0.0,0.0,1
96.301,0,0,0.0,0.0,1
96.301,0,0,0.0,0.0,1
96.301,0,0,0.0,0.0,1
96.301,0,0,0.0,0.0,1
96.301,0,0,0.0,0.0,1
96.401,0,0,0.0,0.0,1
96.401,0,0,0.0,0.0,1
96.401,0,0,0.0,0.0,1
96.401,0,0,0.0,0.0,1
96.401,0,0,0.0,0.0,1
96.501,0,0,0.0,0.0,1
96.501,0,0,0.0,0.0,1
96.501,0,0,0.0,0.0,1
96.501,0,0,0.0,0.0,1
96.501,0,0,0.0,0.0,1
96.601,0,0,0.0,0.0,1
96.601,0,0,0.0,0.0,1
96.601,0,0,0.0,0.0,1
96.601,0,0,0.0,0.0,1
96.601,0,0,0.0,0.0,1
96.701,0,0,0.0,0.0,1
96.701,0,0,0.0,0.0,1
96.701,0,0,0.0,0.0,1
96.701,0,0,0.0,0.0,1
96.701,0,0,0.0,0.0,1
96.801,0,0,0.0,0.0,1
96.801,0,0,0.0,0.0,1
96.801,0,0,0.0,0.0,1
96.801,0,0,0.0,0.0,1
96.801,0,0,0.0,0.0,1
96.801,0,0,0.0,0.0,1
96.901,0,0,0.0,0.0,1
96.901,0,0,0.0,0.0,1
96.901,0,0,0.0,0.0,1
96.901,0,0,0.0,0.0,1
96.901,0,0,0.0,0.0,1
97.001,0,0,0.0,0.0,1
97.001,0,0,0.0,0.0,1
97.001,0,0,0.0,0.0,1
97.001,0,0,0.0,0.0,1
97.001,0,0,0.0,0.0,1
97.101,0,0,0.0,0.0,1
97.101,0,0,0.0,0.0,1
97.101,0,0,0.0,0.0,1
97.101,0,0,0.0,0.0,1
97.101,0,0,0.0,0.0,1
97.201,0,0,0.0,0.0,1
97.201,0,0,0.0,0.0,1
97.201,0,0,0.0,0.0,1
97.201,0,0,0.0,0.0,1
97.201,0,0,0.0,0.0,1
97.201,0,0,0.0,0.0,1
97.301,0,0,0.0,0.0,1
97.301,0,0,0.0,0.0,1
97.301,0,0,0.0,0.0,1
97.301,0,0,0.0,0.0,1
97.301,0,0,0.0,0.0,1
97.401,0,0,0.0,0.0,1
97.401,0,0,0.0,0.0,1
97.401,0,0,0.0,0.0,1
97.401,0,0,0.0,0.0,1
97.401,0,0,0.0,0.0,1
97.501,0,0,0.0,0.0,1
97.501,0,0,0.0,0.0,1
97.501,0,0,0.0,0.0,1
97.501,0,0,0.0,0.0,1
97.501,0,0,0.0,0.0,1
97.601,0,0,0.0,0.0,1
97.601,0,0,0.0,0.0,1
97.601,0,0,0.0,0.0,1
97.601,0,0,0.0,0.0,1
97.601,0,0,0.0,0.0,1
97.701,0,0,0.0,0.0,1
97.701,0,0,0.0,0.0,1
97.701,0,0,0.0,0.0,1
97.701,0,0,0.0,0.0,1
97.701,0,0,0.0,0.0,1
97.701,0,0,0.0,0.0,1
97.801,0,0,0.0,0.0,1
97.801,0,0,0.0,0.0,1
97.801,0,0,0.0,0.0,1
97.801,0,0,0.0,0.0,1
97.801,0,0,0.0,0.0,1
97.901,0,0,0.0,0.0,1
97.901,0,0,0.0,0.0,1
97.901,0,0,0.0,0.0,1
97.901,0,0,0.0,0.0,1
97.901,0,0,0.0,0.0,1
98.001,0,0,0.0,0.0,1
98.001,0,0,0.0,0.0,1
98.001,0,0,0.0,0.0,1
98.001,0,0,0.0,0.0,1
98.001,0,0,0.0,0.0,1
98.101,0,0,0.0,0.0,1
98.101,0,0,0.0,0.0,1
98.101,0,0,0.0,0.0,1
98.101,0,0,0.0,0.0,1
98.101,0,0,0.0,0.0,1
98.101,0,0,0.0,0.0,1
98.201,0,0,0.0,0.0,1
98.201,0,0,0.0,0.0,1
98.201,0,0,0.0,0.0,1
98.201,0,0,0.0,0.0,1
98.201,0,0,0.0,0.0,1
98.301,0,0,0.0,0.0,1
98.301,0,0,0.0,0.0,1
98.301,0,0,0.0,0.0,1
98.301,0,0,0.0,0.0,1
98.301,0,0,0.0,0.0,1
98.401,0,0,0.0,0.0,1
98.401,0,0,0.0,0.0,1
98.401,0,0,0.0,0.0,1
98.401,0,0,0.0,0.0,1
98.401,0,0,0.0,0.0,1
98.501,0,0,0.0,0.0,1
98.501,0,0,0.0,0.0,1
98.501,0,0,0.0,0.0,1
98.501,0,0,0.0,0.0,1
98.501,0,0,0.0,0.0,1
98.601,0,0,0.0,0.0,1
98.601,0,0,0.0,0.0,1
98.601,0,0,0.0,0.0,1
98.601,0,0,0.0,0.0,1
98.601,0,0,0.0,0.0,1
98.601,0,0,0.0,0.0,1
98.701,0,0,0.0,0.0,1
98.701,0,0,0.0,0.0,1
98.701,0,0,0.0,0.0,1
98.701,0,0,0.0,0.0,1
98.701,0,0,0.0,0.0,1
98.801,0,0,0.0,0.0,1
98.801,0,0,0.0,0.0,1
98.801,0,0,0.0,0.0,1
98.801,0,0,0.0,0.0,1
98.801,0,0,0.0,0.0,1
98.901,0,0,0.0,0.0,1
98.901,0,0,0.0,0.0,1
98.901,0,0,0.0,0.0,1
98.901,0,0,0.0,0.0,1
98.901,0,0,0.0,0.0,1
99.001,0,0,0.0,0.0,1
99.001,0,0,0.0,0.0,1
99.001,0,0,0.0,0.0,1
99.001,0,0,0.0,0.0,1
99.001,0,0,0.0,0.0,1
99.001,0,0,0.0,0.0,1
99.101,0,0,0.0,0.0,1
99.101,0,0,0.0,0.0,1
99.101,0,0,0.0,0.0,1
99.101,0,0,0.0,0.0,1
99.101,0,0,0.0,0.0,1
99.201,0,0,0.0,0.0,1
99.201,0,0,0.0,0.0,1
99.201,0,0,0.0,0.0,1
99.201,0,0,0.0,0.0,1
99.201,0,0,0.0,0.0,1
99.301,0,0,0.0,0.0,1
99.301,0,0,0.0,0.0,1
99.301,0,0,0.0,0.0,1
99.301,0,0,0.0,0.0,1
99.301,0,0,0.0,0.0,1
99.401,0,0,0.0,0.0,1
99.401,0,0,0.0,0.0,1
99.401,0,0,0.0,0.0,1
99.401,0,0,0.0,0.0,1
99.401,0,0,0.0,0.0,1
99.501,0,0,0.0,0.0,1
99.501,0,0,0.0,0.0,1
99.501,0,0,0.0,0.0,1
99.501,0,0,0.0,0.0,1
99.501,0,0,0.0,0.0,1
99.501,0,0,0.0,0.0,1
99.601,0,0,0.0,0.0,1
99.601,0,0,0.0,0.0,1
99.601,0,0,0.0,0.0,1
99.601,0,0,0.0,0.0,1
99.601,0,0,0.0,0.0,1
99.701,0,0,0.0,0.0,1
99.701,0,0,0.0,0.0,1
99.701,0,0,0.0,0.0,1
99.701,0,0,0.0,0.0,1
99.701,0,0,0.0,0.0,1
99.801,0,0,0.0,0.0,1
99.801,0,0,0.0,0.0,1
99.801,0,0,0.0,0.0,1
99.801,0,0,0.0,0.0,1
99.801,0,0,0.0,0.0,1
99.901,0,0,0.0,0.0,1
99.901,0,0,0.0,0.0,1
99.901,0,0,0.0,0.0,1
99.901,0,0,0.0,0.0,1
99.901,0,0,0.0,0.0,1
99.901,0,0,0.0,0.0,1
100.001,0,0,0.0,0.0,1
100.001,0,0,0.0,0.0,1
100.001,0,0,0.0,0.0,1
100.001,0,0,0.0,0.0,1
100.001,0,0,0.0,0.0,1
100.101,0,0,0.0,0.0,1
100.101,0,0,0.0,0.0,1
100.101,0,0,0.0,0.0,1
100.101,0,0,0.0,0.0,1
100.101,0,0,0.0,0.0,1
100.201,0,0,0.0,0.0,1
100.201,0,0,0.0,0.0,1
100.201,0,0,0.0,0.0,1
100.201,0,0,0.0,0.0,1
100.201,0,0,0.0,0.0,1
100.301,0,0,0.0,0.0,1
100.301,0,0,0.0,0.0,1
100.301,0,0,0.0,0.0,1
100.301,0,0,0.0,0.0,1
100.301,0,0,0.0,0.0,1
100.401,0,0,0.0,0.0,1
100.401,0,0,0.0,0.0,1
100.401,0,0,0.0,0.0,1
100.401,0,0,0.0,0.0,1
100.401,0,0,0.0,0.0,1
100.401,0,0,0.0,0.0,1
100.501,0,0,0.0,0.0,1
100.501,0,0,0.0,0.0,1
100.501,0,0,0.0,0.0,1
100.501,0,0,0.0,0.0,1
100.501,0,0,0.0,0.0,1
100.601,0,0,0.0,0.0,1
100.601,0,0,0.0,0.0,1
100.601,0,0,0.0,0.0,1
100.601,0,0,0.0,0.0,1
100.601,0,0,0.0,0.0,1
100.701,0,0,0.0,0.0,1
100.701,0,0,0.0,0.0,1
100.701,0,0,0.0,0.0,1
100.701,0,0,0.0,0.0,1
100.701,0,0,0.0,0.0,1
100.801,0,0,0.0,0.0,1
100.801,0,0,0.0,0.0,1
100.801,0,0,0.0,0.0,1
100.801,0,0,0.0,0.0,1
100.801,0,0,0.0,0.0,1
100.901,0,0,0.0,0.0,1
100.901,0,0,0.0,0.0,1
100.901,0,0,0.0,0.0,1
100.901,0,0,0.0,0.0,1
100.901,0,0,0.0,0.0,1
100.901,0,0,0.0,0.0,1
101.001,0,0,0.0,0.0,1
101.001,0,0,0.0,0.0,1
101.001,0,0,0.0,0.0,1
101.001,0,0,0.0,0.0,1
101.001,0,0,0.0,0.0,1
101.101,0,0,0.0,0.0,1
101.101,0,0,0.0,0.0,1
101.101,0,0,0.0,0.0,1
101.101,0,0,0.0,0.0,1
101.101,0,0,0.0,0.0,1
101.201,0,0,0.0,0.0,1
101.201,0,0,0.0,0.0,1
101.201,0,0,0.0,0.0,1
101.201,0,0,0.0,0.0,1
101.201,0,0,0.0,0.0,1
101.301,0,0,0.0,0.0,1
101.301,0,0,0.0,0.0,1
101.301,0,0,0.0,0.0,1
101.301,0,0,0.0,0.0,1
101.301,0,0,0.0,0.0,1
101.301,0,0,0.0,0.0,1
101.401,0,0,0.0,0.0,1
101.401,0,0,0.0,0.0,1
101.401,0,0,0.0,0.0,1
101.401,0,0,0.0,0.0,1
101.401,0,0,0.0,0.0,1
101.501,0,0,0.0,0.0,1
101.501,0,0,0.0,0.0,1
101.501,0,0,0.0,0.0,1
101.501,0,0,0.0,0.0,1
101.501,0,0,0.0,0.0,1
101.601,0,0,0.0,0.0,1
101.601,0,0,0.0,0.0,1
101.601,0,0,0.0,0.0,1
101.601,0,0,0.0,0.0,1
101.601,0,0,0.0,0.0,1
101.701,0,0,0.0,0.0,1
101.701,0,0,0.0,0.0,1
101.701,0,0,0.0,0.0,1
101.701,0,0,0.0,0.0,1
101.701,0,0,0.0,0.0,1
101.801,0,0,0.0,0.0,1
101.801,0,0,0.0,0.0,1
101.801,0,0,0.0,0.0,1
101.801,0,0,0.0,0.0,1
101.801,0,0,0.0,0.0,1
101.801,0,0,0.0,0.0,1
101.901,0,0,0.0,0.0,1
101.901,0,0,0.0,0.0,1
101.901,0,0,0.0,0.0,1
101.901,0,0,0.0,0.0,1
101.901,0,0,0.0,0.0,1
102.001,0,0,0.0,0.0,1
102.001,0,0,0.0,0.0,1
102.001,0,0,0.0,0.0,1
102.001,0,0,0.0,0.0,1
102.001,0,0,0.0,0.0,1
102.101,0,0,0.0,0.0,1
102.101,0,0,0.0,0.0,1
102.101,0,0,0.0,0.0,1
102.101,0,0,0.0,0.0,1
102.101,0,0,0.0,0.0,1
102.201,0,0,0.0,0.0,1
102.201,0,0,0.0,0.0,1
102.201,0,0,0.0,0.0,1
102.201,0,0,0.0,0.0,1
102.201,0,0,0.0,0.0,1
102.201,0,0,0.0,0.0,1
102.301,0,0,0.0,0.0,1
102.301,0,0,0.0,0.0,1
102.301,0,0,0.0,0.0,1
102.301,0,0,0.0,0.0,1
102.301,0,0,0.0,0.0,1
102.401,0,0,0.0,0.0,1
102.401,0,0,0.0,0.0,1
102.401,0,0,0.0,0.0,1
102.401,0,0,0.0,0.0,1
102.401,0,0,0.0,0.0,1
102.501,0,0,0.0,0.0,1
102.501,0,0,0.0,0.0,1
102.501,0,0,0.0,0.0,1
102.501,0,0,0.0,0.0,1
102.501,0,0,0.0,0.0,1
102.601,0,0,0.0,0.0,1
102.601,0,0,0.0,0.0,1
102.601,0,0,0.0,0.0,1
102.601,0,0,0.0,0.0,1
102.601,0,0,0.0,0.0,1
102.701,0,0,0.0,0.0,1
102.701,0,0,0.0,0.0,1
102.701,0,0,0.0,0.0,1
102.701,0,0,0.0,0.0,1
102.701,0,0,0.0,0.0,1
102.701,0,0,0.0,0.0,1
102.801,0,0,0.0,0.0,1
102.801,0,0,0.0,0.0,1
102.801,0,0,0.0,0.0,1
102.801,0,0,0.0,0.0,1
102.801,0,0,0.0,0.0,1
102.901,0,0,0.0,0.0,1
102.901,0,0,0.0,0.0,1
102.901,0,0,0.0,0.0,1
102.901,0,0,0.0,0.0,1
102.901,0,0,0.0,0.0,1
103.001,0,0,0.0,0.0,1
103.001,0,0,0.0,0.0,1
103.001,0,0,0.0,0.0,1
103.001,0,0,0.0,0.0,1
103.001,0,0,0.0,0.0,1
103.101,0,0,0.0,0.0,1
103.101,0,0,0.0,0.0,1
103.101,0,0,0.0,0.0,1
103.101,0,0,0.0,0.0,1
103.101,0,0,0.0,0.0,1
103.201,0,0,0.0,0.0,1
103.201,0,0,0.0,0.0,1
103.201,0,0,0.0,0.0,1
103.201,0,0,0.0,0.0,1
103.201,0,0,0.0,0.0,1
103.201,0,0,0.0,0.0,1
103.301,0,0,0.0,0.0,1
103.301,0,0,0.0,0.0,1
103.301,0,0,0.0,0.0,1
103.301,0,0,0.0,0.0,1
103.301,0,0,0.0,0.0,1
103.401,0,0,0.0,0.0,1
103.401,0,0,0.0,0.0,1
103.401,0,0,0.0,0.0,1
103.401,0,0,0.0,0.0,1
103.401,0,0,0.0,0.0,1
103.501,0,0,0.0,0.0,1
103.501,0,0,0.0,0.0,1
103.501,0,0,0.0,0.0,1
103.501,0,0,0.0,0.0,1
103.501,0,0,0.0,0.0,1
103.601,0,0,0.0,0.0,1
103.601,0,0,0.0,0.0,1
103.601,0,0,0.0,0.0,1
103.601,0,0,0.0,0.0,1
103.601,0,0,0.0,0.0,1
103.601,0,0,0.0,0.0,1
103.701,0,0,0.0,0.0,1
103.701,0,0,0.0,0.0,1
103.701,0,0,0.0,0.0,1
103.701,0,0,0.0,0.0,1
103.701,0,0,0.0,0.0,1
103.801,0,0,0.0,0.0,1
103.801,0,0,0.0,0.0,1
103.801,0,0,0.0,0.0,1
103.801,0,0,0.0,0.0,1
103.801,0,0,0.0,0.0,1
103.901,0,0,0.0,0.0,1
103.901,0,0,0.0,0.0,1
103.901,0,0,0.0,0.0,1
103.901,0,0,0.0,0.0,1
103.901,0,0,0.0,0.0,1
104.001,0,0,0.0,0.0,1
104.001,0,0,0.0,0.0,1
104.001,0,0,0.0,0.0,1
104.001,0,0,0.0,0.0,1
104.001,0,0,0.0,0.0,1
104.101,0,0,0.0,0.0,1
104.101,0,0,0.0,0.0,1
104.101,0,0,0.0,0.0,1
104.101,0,0,0.0,0.0,1
104.101,0,0,0.0,0.0,1
104.101,0,0,0.0,0.0,1
104.201,0,0,0.0,0.0,1
104.201,0,0,0.0,0.0,1
104.201,0,0,0.0,0.0,1
104.201,0,0,0.0,0.0,1
104.201,0,0,0.0,0.0,1
104.301,0,0,0.0,0.0,1
104.301,0,0,0.0,0.0,1
104.301,0,0,0.0,0.0,1
104.301,0,0,0.0,0.0,1
104.301,0,0,0.0,0.0,1
104.401,0,0,0.0,0.0,1
104.401,0,0,0.0,0.0,1
104.401,0,0,0.0,0.0,1
104.401,0,0,0.0,0.0,1
104.401,0,0,0.0,0.0,1
104.501,0,0,0.0,0.0,1
104.501,0,0,0.0,0.0,1
104.501,0,0,0.0,0.0,1
104.501,0,0,0.0,0.0,1
104.501,0,0,0.0,0.0,1
104.501,0,0,0.0,0.0,1
104.601,0,0,0.0,0.0,1
104.601,0,0,0.0,0.0,1
104.601,0,0,0.0,0.0,1
104.601,0,0,0.0,0.0,1
104.601,0,0,0.0,0.0,1
104.701,0,0,0.0,0.0,1
104.701,0,0,0.0,0.0,1
104.701,0,0,0.0,0.0,1
104.701,0,0,0.0,0.0,1
104.701,0,0,0.0,0.0,1
104.801,0,0,0.0,0.0,1
104.801,0,0,0.0,0.0,1
104.801,0,0,0.0,0.0,1
104.801,0,0,0.0,0.0,1
104.801,0,0,0.0,0.0,1
104.901,0,0,0.0,0.0,1
104.901,0,0,0.0,0.0,1
104.901,0,0,0.0,0.0,1
104.901,0,0,0.0,0.0,1
104.901,0,0,0.0,0.0,1
105.001,0,0,0.0,0.0,1
105.001,0,0,0.0,0.0,1
105.001,0,0,0.0,0.0,1
105.001,0,0,0.0,0.0,1
105.001,0,0,0.0,0.0,1
105.001,0,0,0.0,0.0,1
105.101,0,0,0.0,0.0,1
105.101,0,0,0.0,0.0,1
105.101,0,0,0.0,0.0,1
105.101,0,0,0.0,0.0,1
105.101,0,0,0.0,0.0,1
105.201,0,0,0.0,0.0,1
105.201,0,0,0.0,0.0,1
105.201,0,0,0.0,0.0,1
105.201,0,0,0.0,0.0,1
105.201,0,0,0.0,0.0,1
105.301,0,0,0.0,0.0,1
105.301,0,0,0.0,0.0,1
105.301,0,0,0.0,0.0,1
105.301,0,0,0.0,0.0,1
105.301,0,0,0.0,0.0,1
105.401,0,0,0.0,0.0,1
105.401,0,0,0.0,0.0,1
105.401,0,0,0.0,0.0,1
105.401,0,0,0.0,0.0,1
105.401,0,0,0.0,0.0,1
105.501,0,0,0.0,0.0,1
105.501,0,0,0.0,0.0,1
105.501,0,0,0.0,0.0,1
105.501,0,0,0.0,0.0,1
105.501,0,0,0.0,0.0,1
105.501,0,0,0.0,0.0,1
105.601,0,0,0.0,0.0,1
105.601,0,0,0.0,0.0,1
105.601,0,0,0.0,0.0,1
105.601,0,0,0.0,0.0,1
105.601,0,0,0.0,0.0,1
105.701,0,0,0.0,0.0,1
105.701,0,0,0.0,0.0,1
105.701,0,0,0.0,0.0,1
105.701,0,0,0.0,0.0,1
105.701,0,0,0.0,0.0,1
105.801,0,0,0.0,0.0,1
105.801,0,0,0.0,0.0,1
105.801,0,0,0.0,0.0,1
105.801,0,0,0.0,0.0,1
105.801,0,0,0.0,0.0,1
105.901,0,0,0.0,0.0,1
105.901,0,0,0.0,0.0,1
105.901,0,0,0.0,0.0,1
105.901,0,0,0.0,0.0,1
105.901,0,0,0.0,0.0,1
105.901,0,0,0.0,0.0,1
106.001,0,0,0.0,0.0,1
106.001,0,0,0.0,0.0,1
106.001,0,0,0.0,0.0,1
106.001,0,0,0.0,0.0,1
106.001,0,0,0.0,0.0,1
106.101,0,0,0.0,0.0,1
106.101,0,0,0.0,0.0,1
106.101,0,0,0.0,0.0,1
106.101,0,0,0.0,0.0,1
106.101,0,0,0.0,0.0,1
106.201,0,0,0.0,0.0,1
106.201,0,0,0.0,0.0,1
106.201,0,0,0.0,0.0,1
106.201,0,0,0.0,0.0,1
106.201,0,0,0.0,0.0,1
106.301,0,0,0.0,0.0,1
106.301,0,0,0.0,0.0,1
106.301,0,0,0.0,0.0,1
106.301,0,0,0.0,0.0,1
106.301,0,0,0.0,0.0,1
106.401,0,0,0.0,0.0,1
106.401,0,0,0.0,0.0,1
106.401,0,0,0.0,0.0,1
106.401,0,0,0.0,0.0,1
106.401,0,0,0.0,0.0,1
106.401,0,0,0.0,0.0,1
106.501,0,0,0.0,0.0,1
106.501,0,0,0.0,0.0,1
106.501,0,0,0.0,0.0,1
106.501,0,0,0.0,0.0,1
106.501,0,0,0.0,0.0,1
106.601,0,0,0.0,0.0,1
106.601,0,0,0.0,0.0,1
106.601,0,0,0.0,0.0,1
106.601,0,0,0.0,0.0,1
106.601,0,0,0.0,0.0,1
106.701,0,0,0.0,0.0,1
106.701,0,0,0.0,0.0,1
106.701,0,0,0.0,0.0,1
106.701,0,0,0.0,0.0,1
106.701,0,0,0.0,0.0,1
106.801,0,0,0.0,0.0,1
106.801,0,0,0.0,0.0,1
106.801,0,0,0.0,0.0,1
106.801,0,0,0.0,0.0,1
106.801,0,0,0.0,0.0,1
106.801,0,0,0.0,0.0,1
106.901,0,0,0.0,0.0,1
106.901,0,0,0.0,0.0,1
106.901,0,0,0.0,0.0,1
106.901,0,0,0.0,0.0,1
106.901,0,0,0.0,0.0,1
107.001,0,0,0.0,0.0,1
107.001,0,0,0.0,0.0,1
107.001,0,0,0.0,0.0,1
107.001,0,0,0.0,0.0,1
107.001,0,0,0.0,0.0,1
107.101,0,0,0.0,0.0,1
107.101,0,0,0.0,0.0,1
107.101,0,0,0.0,0.0,1
107.101,0,0,0.0,0.0,1
107.101,0,0,0.0,0.0,1
107.201,0,0,0.0,0.0,1
107.201,0,0,0.0,0.0,1
107.201,0,0,0.0,0.0,1
107.201,0,0,0.0,0.0,1
107.201,0,0,0.0,0.0,1
107.301,0,0,0.0,0.0,1
107.301,0,0,0.0,0.0,1
107.301,0,0,0.0,0.0,1
107.301,0,0,0.0,0.0,1
107.301,0,0,0.0,0.0,1
107.301,0,0,0.0,0.0,1
107.401,0,0,0.0,0.0,1
107.401,0,0,0.0,0.0,1
107.401,0,0,0.0,0.0,1
107.401,0,0,0.0,0.0,1
107.401,0,0,0.0,0.0,1
107.501,0,0,0.0,0.0,1
107.501,0,0,0.0,0.0,1
107.501,0,0,0.0,0.0,1
107.501,0,0,0.0,0.0,1
107.501,0,0,0.0,0.0,1
107.601,0,0,0.0,0.0,1
107.601,0,0,0.0,0.0,1
107.601,0,0,0.0,0.0,1
107.601,0,0,0.0,0.0,1
107.601,0,0,0.0,0.0,1
107.701,0,0,0.0,0.0,1
107.701,0,0,0.0,0.0,1
107.701,0,0,0.0,0.0,1
107.701,0,0,0.0,0.0,1
107.701,0,0,0.0,0.0,1
107.801,0,0,0.0,0.0,1
107.801,0,0,0.0,0.0,1
107.801,0,0,0.0,0.0,1
107.801,0,0,0.0,0.0,1
107.801,0,0,0.0,0.0,1
107.801,0,0,0.0,0.0,1
107.901,0,0,0.0,0.0,1
107.901,0,0,0.0,0.0,1
107.901,0,0,0.0,0.0,1
107.901,0,0,0.0,0.0,1
107.901,0,0,0.0,0.0,1
108.001,0,0,0.0,0.0,1
108.001,0,0,0.0,0.0,1
108.001,0,0,0.0,0.0,1
108.001,0,0,0.0,0.0,1
108.001,0,0,0.0,0.0,1
108.101,0,0,0.0,0.0,1
108.101,0,0,0.0,0.0,1
108.101,0,0,0.0,0.0,1
108.101,0,0,0.0,0.0,1
108.101,0,0,0.0,0.0,1
108.201,0,0,0.0,0.0,1
108.201,0,0,0.0,0.0,1
108.201,0,0,0.0,0.0,1
108.201,0,0,0.0,0.0,1
108.201,0,0,0.0,0.0,1
108.201,0,0,0.0,0.0,1
108.301,0,0,0.0,0.0,1
108.301,0,0,0.0,0.0,1
108.301,0,0,0.0,0.0,1
108.301,0,0,0.0,0.0,1
108.301,0,0,0.0,0.0,1
108.401,0,0,0.0,0.0,1
108.401,0,0,0.0,0.0,1
108.401,0,0,0.0,0.0,1
108.401,0,0,0.0,0.0,1
108.401,0,0,0.0,0.0,1
108.501,0,0,0.0,0.0,1
108.501,0,0,0.0,0.0,1
108.501,0,0,0.0,0.0,1
108.501,0,0,0.0,0.0,1
108.501,0,0,0.0,0.0,1
108.601,0,0,0.0,0.0,1
108.601,0,0,0.0,0.0,1
108.601,0,0,0.0,0.0,1
108.601,0,0,0.0,0.0,1
108.601,0,0,0.0,0.0,1
108.701,0,0,0.0,0.0,1
108.701,0,0,0.0,0.0,1
108.701,0,0,0.0,0.0,1
108.701,0,0,0.0,0.0,1
108.701,0,0,0.0,0.0,1
108.701,0,0,0.0,0.0,1
108.801,0,0,0.0,0.0,1
108.801,0,0,0.0,0.0,1
108.801,0,0,0.0,0.0,1
108.801,0,0,0.0,0.0,1
108.801,0,0,0.0,0.0,1
108.901,0,0,0.0,0.0,1
108.901,0,0,0.0,0.0,1
108.901,0,0,0.0,0.0,1
108.901,0,0,0.0,0.0,1
108.901,0,0,0.0,0.0,1
109.001,0,0,0.0,0.0,1
109.001,0,0,0.0,0.0,1
109.001,0,0,0.0,0.0,1
109.001,0,0,0.0,0.0,1
109.001,0,0,0.0,0.0,1
109.101,0,0,0.0,0.0,1
109.101,0,0,0.0,0.0,1
109.101,0,0,0.0,0.0,1
109.101,0,0,0.0,0.0,1
109.101,0,0,0.0,0.0,1
109.101,0,0,0.0,0.0,1
109.201,0,0,0.0,0.0,1
109.201,0,0,0.0,0.0,1
109.201,0,0,0.0,0.0,1
109.201,0,0,0.0,0.0,1
109.201,0,0,0.0,0.0,1
109.301,0,0,0.0,0.0,1
109.301,0,0,0.0,0.0,1
109.301,0,0,0.0,0.0,1
109.301,0,0,0.0,0.0,1
109.301,0,0,0.0,0.0,1
109.401,0,0,0.0,0.0,1
109.401,0,0,0.0,0.0,1
109.401,0,0,0.0,0.0,1
109.401,0,0,0.0,0.0,1
109.401,0,0,0.0,0.0,1
109.501,0,0,0.0,0.0,1
109.501,0,0,0.0,0.0,1
109.501,0,0,0.0,0.0,1
109.501,0,0,0.0,0.0,1
109.501,0,0,0.0,0.0,1
109.601,0,0,0.0,0.0,1
109.601,0,0,0.0,0.0,1
109.601,0,0,0.0,0.0,1
109.601,0,0,0.0,0.0,1
109.601,0,0,0.0,0.0,1
109.601,0,0,0.0,0.0,1
109.701,0,0,0.0,0.0,1
109.701,0,0,0.0,0.0,1
109.701,0,0,0.0,0.0,1
109.701,0,0,0.0,0.0,1
109.701,0,0,0.0,0.0,1
109.801,0,0,0.0,0.0,1
109.801,0,0,0.0,0.0,1
109.801,0,0,0.0,0.0,1
109.801,0,0,0.0,0.0,1
109.801,0,0,0.0,0.0,1
109.901,0,0,0.0,0.0,1
109.901,0,0,0.0,0.0,1
109.901,0,0,0.0,0.0,1
109.901,0,0,0.0,0.0,1
109.901,0,0,0.0,0.0,1
110.001,0,0,0.0,0.0,1
110.001,0,0,0.0,0.0,1
110.001,0,0,0.0,0.0,1
110.001,0,0,0.0,0.0,1
110.001,0,0,0.0,0.0,1
110.101,0,0,0.0,0.0,1
110.101,0,0,0.0,0.0,1
110.101,0,0,0.0,0.0,1
110.101,0,0,0.0,0.0,1
110.101,0,0,0.0,0.0,1
110.101,0,0,0.0,0.0,1
110.201,0,0,0.0,0.0,1
110.201,0,0,0.0,0.0,1
110.201,0,0,0.0,0.0,1
110.201,0,0,0.0,0.0,1
110.201,0,0,0.0,0.0,1
110.301,0,0,0.0,0.0,1
110.301,0,0,0.0,0.0,1
110.301,0,0,0.0,0.0,1
110.301,0,0,0.0,0.0,1
110.301,0,0,0.0,0.0,1
110.401,0,0,0.0,0.0,1
110.401,0,0,0.0,0.0,1
110.401,0,0,0.0,0.0,1
110.401,0,0,0.0,0.0,1
110.401,0,0,0.0,0.0,1
110.501,0,0,0.0,0.0,1
110.501,0,0,0.0,0.0,1
110.501,0,0,0.0,0.0,1
110.501,0,0,0.0,0.0,1
110.501,0,0,0.0,0.0,1
110.501,0,0,0.0,0.0,1
110.601,0,0,0.0,0.0,1
110.601,0,0,0.0,0.0,1
110.601,0,0,0.0,0.0,1
110.601,0,0,0.0,0.0,1
110.601,0,0,0.0,0.0,1
110.701,0,0,0.0,0.0,1
110.701,0,0,0.0,0.0,1
110.701,0,0,0.0,0.0,1
110.701,0,0,0.0,0.0,1
110.701,0,0,0.0,0.0,1
110.801,0,0,0.0,0.0,1
110.801,0,0,0.0,0.0,1
110.801,0,0,0.0,0.0,1
110.801,0,0,0.0,0.0,1
110.801,0,0,0.0,0.0,1
110.901,0,0,0.0,0.0,1
110.901,0,0,0.0,0.0,1
110.901,0,0,0.0,0.0,1
110.901,0,0,0.0,0.0,1
110.901,0,0,0.0,0.0,1
111.001,0,0,0.0,0.0,1
111.001,0,0,0.0,0.0,1
111.001,0,0,0.0,0.0,1
111.001,0,0,0.0,0.0,1
111.001,0,0,0.0,0.0,1
111.001,0,0,0.0,0.0,1
111.101,0,0,0.0,0.0,1
111.101,0,0,0.0,0.0,1
111.101,0,0,0.0,0.0,1
111.101,0,0,0.0,0.0,1
111.101,0,0,0.0,0.0,1
111.201,0,0,0.0,0.0,1
111.201,0,0,0.0,0.0,1
111.201,0,0,0.0,0.0,1
111.201,0,0,0.0,0.0,1
111.201,0,0,0.0,0.0,1
111.301,0,0,0.0,0.0,1
111.301,0,0,0.0,0.0,1
111.301,0,0,0.0,0.0,1
111.301,0,0,0.0,0.0,1
111.301,0,0,0.0,0.0,1
111.401,0,0,0.0,0.0,1
111.401,0,0,0.0,0.0,1
111.401,0,0,0.0,0.0,1
111.401,0,0,0.0,0.0,1
111.401,0,0,0.0,0.0,1
111.401,0,0,0.0,0.0,1
111.501,0,0,0.0,0.0,1
111.501,0,0,0.0,0.0,1
111.501,0,0,0.0,0.0,1
111.501,0,0,0.0,0.0,1
111.501,0,0,0.0,0.0,1
111.601,0,0,0.0,0.0,1
111.601,0,0,0.0,0.0,1
111.601,0,0,0.0,0.0,1
111.601,0,0,0.0,0.0,1
111.601,0,0,0.0,0.0,1
111.701,0,0,0.0,0.0,1
111.701,0,0,0.0,0.0,1
111.701,0,0,0.0,0.0,1
111.701,0,0,0.0,0.0,1
111.701,0,0,0.0,0.0,1
111.801,0,0,0.0,0.0,1
111.801,0,0,0.0,0.0,1
111.801,0,0,0.0,0.0,1
111.801,0,0,0.0,0.0,1
111.801,0,0,0.0,0.0,1
111.901,0,0,0.0,0.0,1
111.901,0,0,0.0,0.0,1
111.901,0,0,0.0,0.0,1
111.901,0,0,0.0,0.0,1
111.901,0,0,0.0,0.0,1
111.901,0,0,0.0,0.0,1
112.001,0,0,0.0,0.0,1
112.001,0,0,0.0,0.0,1
112.001,0,0,0.0,0.0,1
112.001,0,0,0.0,0.0,1
112.001,0,0,0.0,0.0,1
112.101,0,0,0.0,0.0,1
112.101,0,0,0.0,0.0,1
112.101,0,0,0.0,0.0,1
112.101,0,0,0.0,0.0,1
112.101,0,0,0.0,0.0,1
112.201,0,0,0.0,0.0,1
112.201,0,0,0.0,0.0,1
112.201,0,0,0.0,0.0,1
112.201,0,0,0.0,0.0,1
112.201,0,0,0.0,0.0,1
112.301,0,0,0.0,0.0,1
112.301,0,0,0.0,0.0,1
112.301,0,0,0.0,0.0,1
112.301,0,0,0.0,0.0,1
112.301,0,0,0.0,0.0,1
112.401,0,0,0.0,0.0,1
112.401,0,0,0.0,0.0,1
112.401,0,0,0.0,0.0,1
112.401,0,0,0.0,0.0,1
112.401,0,0,0.0,0.0,1
112.401,0,0,0.0,0.0,1
112.501,0,0,0.0,0.0,1
112.501,0,0,0.0,0.0,1
112.501,0,0,0.0,0.0,1
112.501,0,0,0.0,0.0,1
112.501,0,0,0.0,0.0,1
112.601,0,0,0.0,0.0,1
112.601,0,0,0.0,0.0,1
112.601,0,0,0.0,0.0,1
112.601,0,0,0.0,0.0,1
112.601,0,0,0.0,0.0,1
112.701,0,0,0.0,0.0,1
112.701,0,0,0.0,0.0,1
112.701,0,0,0.0,0.0,1
112.701,0,0,0.0,0.0,1
112.701,0,0,0.0,0.0,1
112.801,0,0,0.0,0.0,1
112.801,0,0,0.0,0.0,1
112.801,0,0,0.0,0.0,1
112.801,0,0,0.0,0.0,1
112.801,0,0,0.0,0.0,1
112.801,0,0,0.0,0.0,1
112.901,0,0,0.0,0.0,1
112.901,0,0,0.0,0.0,1
112.901,0,0,0.0,0.0,1
112.901,0,0,0.0,0.0,1
112.901,0,0,0.0,0.0,1
113.001,0,0,0.0,0.0,1
113.001,0,0,0.0,0.0,1
113.001,0,0,0.0,0.0,1
113.001,0,0,0.0,0.0,1
113.001,0,0,0.0,0.0,1
113.101,0,0,0.0,0.0,1
113.101,0,0,0.0,0.0,1
113.101,0,0,0.0,0.0,1
113.101,0,0,0.0,0.0,1
113.101,0,0,0.0,0.0,1
113.201,0,0,0.0,0.0,1
113.201,0,0,0.0,0.0,1
113.201,0,0,0.0,0.0,1
113.201,0,0,0.0,0.0,1
113.201,0,0,0.0,0.0,1
113.301,0,0,0.0,0.0,1
113.301,0,0,0.0,0.0,1
113.301,0,0,0.0,0.0,1
113.301,0,0,0.0,0.0,1
113.301,0,0,0.0,0.0,1
113.301,0,0,0.0,0.0,1
113.401,0,0,0.0,0.0,1
113.401,0,0,0.0,0.0,1
113.401,0,0,0.0,0.0,1
113.401,0,0,0.0,0.0,1
113.401,0,0,0.0,0.0,1
113.501,0,0,0.0,0.0,1
113.501,0,0,0.0,0.0,1
113.501,0,0,0.0,0.0,1
113.501,0,0,0.0,0.0,1
113.501,0,0,0.0,0.0,1
113.601,0,0,0.0,0.0,1
113.601,0,0,0.0,0.0,1
113.601,0,0,0.0,0.0,1
113.601,0,0,0.0,0.0,1
113.601,0,0,0.0,0.0,1
113.701,0,0,0.0,0.0,1
113.701,0,0,0.0,0.0,1
113.701,0,0,0.0,0.0,1
113.701,0,0,0.0,0.0,1
113.701,0,0,0.0,0.0,1
113.701,0,0,0.0,0.0,1
113.801,0,0,0.0,0.0,1
113.801,0,0,0.0,0.0,1
113.801,0,0,0.0,0.0,1
113.801,0,0,0.0,0.0,1
113.801,0,0,0.0,0.0,1
113.901,0,0,0.0,0.0,1
113.901,0,0,0.0,0.0,1
113.901,0,0,0.0,0.0,1
113.901,0,0,0.0,0.0,1
113.901,0,0,0.0,0.0,1
114.001,0,0,0.0,0.0,1
114.001,0,0,0.0,0.0,1
114.001,0,0,0.0,0.0,1
114.001,0,0,0.0,0.0,1
114.001,0,0,0.0,0.0,1
114.101,0,0,0.0,0.0,1
114.101,0,0,0.0,0.0,1
114.101,0,0,0.0,0.0,1
114.101,0,0,0.0,0.0,1
114.101,0,0,0.0,0.0,1
114.201,0,0,0.0,0.0,1
114.201,0,0,0.0,0.0,1
114.201,0,0,0.0,0.0,1
114.201,0,0,0.0,0.0,1
114.201,0,0,0.0,0.0,1
114.201,0,0,0.0,0.0,1
114.301,0,0,0.0,0.0,1
114.301,0,0,0.0,0.0,1
114.301,0,0,0.0,0.0,1
114.301,0,0,0.0,0.0,1
114.301,0,0,0.0,0.0,1
114.401,0,0,0.0,0.0,1
114.401,0,0,0.0,0.0,1
114.401,0,0,0.0,0.0,1
114.401,0,0,0.0,0.0,1
114.401,0,0,0.0,0.0,1
114.501,0,0,0.0,0.0,1
114.501,0,0,0.0,0.0,1
114.501,0,0,0.0,0.0,1
114.501,0,0,0.0,0.0,1
114.501,0,0,0.0,0.0,1
114.601,0,0,0.0,0.0,1
114.601,0,0,0.0,0.0,1
114.601,0,0,0.0,0.0,1
114.601,0,0,0.0,0.0,1
114.601,0,0,0.0,0.0,1
114.601,0,0,0.0,0.0,1
114.701,0,0,0.0,0.0,1
114.701,0,0,0.0,0.0,1
114.701,0,0,0.0,0.0,1
114.701,0,0,0.0,0.0,1
114.701,0,0,0.0,0.0,1
114.801,0,0,0.0,0.0,1
114.801,0,0,0.0,0.0,1
114.801,0,0,0.0,0.0,1
114.801,0,0,0.0,0.0,1
114.801,0,0,0.0,0.0,1
114.901,0,0,0.0,0.0,1
114.901,0,0,0.0,0.0,1
114.901,0,0,0.0,0.0,1
114.901,0,0,0.0,0.0,1
114.901,0,0,0.0,0.0,1
115.001,0,0,0.0,0.0,1
115.001,0,0,0.0,0.0,1
115.001,0,0,0.0,0.0,1
115.001,0,0,0.0,0.0,1
115.001,0,0,0.0,0.0,1
115.101,0,0,0.0,0.0,1
115.101,0,0,0.0,0.0,1
115.101,0,0,0.0,0.0,1
115.101,0,0,0.0,0.0,1
115.101,0,0,0.0,0.0,1
115.101,0,0,0.0,0.0,1
115.201,0,0,0.0,0.0,1
115.201,0,0,0.0,0.0,1
115.201,0,0,0.0,0.0,1
115.201,0,0,0.0,0.0,1
115.201,0,0,0.0,0.0,1
115.301,0,0,0.0,0.0,1
115.301,0,0,0.0,0.0,1
115.301,0,0,0.0,0.0,1
115.301,0,0,0.0,0.0,1
115.301,0,0,0.0,0.0,1
115.401,0,0,0.0,0.0,1
115.401,0,0,0.0,0.0,1
115.401,0,0,0.0,0.0,1
115.401,0,0,0.0,0.0,1
115.401,0,0,0.0,0.0,1
115.501,0,0,0.0,0.0,1
115.501,0,0,0.0,0.0,1
115.501,0,0,0.0,0.0,1
115.501,0,0,0.0,0.0,1
115.501,0,0,0.0,0.0,1
115.601,0,0,0.0,0.0,1
115.601,0,0,0.0,0.0,1
115.601,0,0,0.0,0.0,1
115.601,0,0,0.0,0.0,1
115.601,0,0,0.0,0.0,1
115.601,0,0,0.0,0.0,1
115.701,0,0,0.0,0.0,1
115.701,0,0,0.0,0.0,1
115.701,0,0,0.0,0.0,1
115.701,0,0,0.0,0.0,1
115.701,0,0,0.0,0.0,1
115.801,0,0,0.0,0.0,1
115.801,0,0,0.0,0.0,1
115.801,0,0,0.0,0.0,1
115.801,0,0,0.0,0.0,1
115.801,0,0,0.0,0.0,1
115.901,0,0,0.0,0.0,1
115.901,0,0,0.0,0.0,1
115.901,0,0,0.0,0.0,1
115.901,0,0,0.0,0.0,1
115.901,0,0,0.0,0.0,1
116.001,0,0,0.0,0.0,1
116.001,0,0,0.0,0.0,1
116.001,0,0,0.0,0.0,1
116.001,0,0,0.0,0.0,1
116.001,0,0,0.0,0.0,1
116.001,0,0,0.0,0.0,1
116.101,0,0,0.0,0.0,1
116.101,0,0,0.0,0.0,1
116.101,0,0,0.0,0.0,1
116.101,0,0,0.0,0.0,1
116.101,0,0,0.0,0.0,1
116.201,0,0,0.0,0.0,1
116.201,0,0,0.0,0.0,1
116.201,0,0,0.0,0.0,1
116.201,0,0,0.0,0.0,1
116.201,0,0,0.0,0.0,1
116.301,0,0,0.0,0.0,1
116.301,0,0,0.0,0.0,1
116.301,0,0,0.0,0.0,1
116.301,0,0,0.0,0.0,1
116.301,0,0,0.0,0.0,1
116.401,0,0,0.0,0.0,1
116.401,0,0,0.0,0.0,1
116.401,0,0,0.0,0.0,1
116.401,0,0,0.0,0.0,1
116.401,0,0,0.0,0.0,1
116.501,0,0,0.0,0.0,1
116.501,0,0,0.0,0.0,1
116.501,0,0,0.0,0.0,1
116.501,0,0,0.0,0.0,1
116.501,0,0,0.0,0.0,1
116.501,0,0,0.0,0.0,1
116.601,0,0,0.0,0.0,1
116.601,0,0,0.0,0.0,1
116.601,0,0,0.0,0.0,1
116.601,0,0,0.0,0.0,1
116.601,0,0,0.0,0.0,1
116.701,0,0,0.0,0.0,1
116.701,0,0,0.0,0.0,1
116.701,0,0,0.0,0.0,1
116.701,0,0,0.0,0.0,1
116.701,0,0,0.0,0.0,1
116.801,0,0,0.0,0.0,1
116.801,0,0,0.0,0.0,1
116.801,0,0,0.0,0.0,1
116.801,0,0,0.0,0.0,1
116.801,0,0,0.0,0.0,1
116.901,0,0,0.0,0.0,1
116.901,0,0,0.0,0.0,1
116.901,0,0,0.0,0.0,1
116.901,0,0,0.0,0.0,1
116.901,0,0,0.0,0.0,1
116.901,0,0,0.0,0.0,1
117.001,0,0,0.0,0.0,1
117.001,0,0,0.0,0.0,1
117.001,0,0,0.0,0.0,1
117.001,0,0,0.0,0.0,1
117.001,0,0,0.0,0.0,1
117.101,0,0,0.0,0.0,1
117.101,0,0,0.0,0.0,1
117.101,0,0,0.0,0.0,1
117.101,0,0,0.0,0.0,1
117.101,0,0,0.0,0.0,1
117.201,0,0,0.0,0.0,1
117.201,0,0,0.0,0.0,1
117.201,0,0,0.0,0.0,1
117.201,0,0,0.0,0.0,1
117.201,0,0,0.0,0.0,1
117.301,0,0,0.0,0.0,1
117.301,0,0,0.0,0.0,1
117.301,0,0,0.0,0.0,1
117.301,0,0,0.0,0.0,1
117.301,0,0,0.0,0.0,1
117.401,0,0,0.0,0.0,1
117.401,0,0,0.0,0.0,1
117.401,0,0,0.0,0.0,1
117.401,0,0,0.0,0.0,1
117.401,0,0,0.0,0.0,1
117.401,0,0,0.0,0.0,1
117.501,0,0,0.0,0.0,1
117.501,0,0,0.0,0.0,1
117.501,0,0,0.0,0.0,1
117.501,0,0,0.0,0.0,1
117.501,0,0,0.0,0.0,1
117.601,0,0,0.0,0.0,1
117.601,0,0,0.0,0.0,1
117.601,0,0,0.0,0.0,1
117.601,0,0,0.0,0.0,1
117.601,0,0,0.0,0.0,1
117.701,0,0,0.0,0.0,1
117.701,0,0,0.0,0.0,1
117.701,0,0,0.0,0.0,1
117.701,0,0,0.0,0.0,1
117.701,0,0,0.0,0.0,1
117.801,0,0,0.0,0.0,1
117.801,0,0,0.0,0.0,1
117.801,0,0,0.0,0.0,1
117.801,0,0,0.0,0.0,1
117.801,0,0,0.0,0.0,1
117.901,0,0,0.0,0.0,1
117.901,0,0,0.0,0.0,1
117.901,0,0,0.0,0.0,1
117.901,0,0,0.0,0.0,1
117.901,0,0,0.0,0.0,1
117.901,0,0,0.0,0.0,1
118.001,0,0,0.0,0.0,1
118.001,0,0,0.0,0.0,1
118.001,0,0,0.0,0.0,1
118.001,0,0,0.0,0.0,1
118.001,0,0,0.0,0.0,1
118.101,0,0,0.0,0.0,1
118.101,0,0,0.0,0.0,1
118.101,0,0,0.0,0.0,1
118.101,0,0,0.0,0.0,1
118.101,0,0,0.0,0.0,1
118.201,0,0,0.0,0.0,1
118.201,0,0,0.0,0.0,1
118.201,0,0,0.0,0.0,1
118.201,0,0,0.0,0.0,1
118.201,0,0,0.0,0.0,1
118.301,0,0,0.0,0.0,1
118.301,0,0,0.0,0.0,1
118.301,0,0,0.0,0.0,1
118.301,0,0,0.0,0.0,1
118.301,0,0,0.0,0.0,1
118.301,0,0,0.0,0.0,1
118.401,0,0,0.0,0.0,1
118.401,0,0,0.0,0.0,1
118.401,0,0,0.0,0.0,1
118.401,0,0,0.0,0.0,1
118.401,0,0,0.0,0.0,1
118.501,0,0,0.0,0.0,1
118.501,0,0,0.0,0.0,1
118.501,0,0,0.0,0.0,1
118.501,0,0,0.0,0.0,1
118.501,0,0,0.0,0.0,1
118.601,0,0,0.0,0.0,1
118.601,0,0,0.0,0.0,1
118.601,0,0,0.0,0.0,1
118.601,0,0,0.0,0.0,1
118.601,0,0,0.0,0.0,1
118.701,0,0,0.0,0.0,1
118.701,0,0,0.0,0.0,1
118.701,0,0,0.0,0.0,1
118.701,0,0,0.0,0.0,1
118.701,0,0,0.0,0.0,1
118.801,0,0,0.0,0.0,1
118.801,0,0,0.0,0.0,1
118.801,0,0,0.0,0.0,1
118.801,0,0,0.0,0.0,1
118.801,0,0,0.0,0.0,1
118.801,0,0,0.0,0.0,1
118.901,0,0,0.0,0.0,1
118.901,0,0,0.0,0.0,1
118.901,0,0,0.0,0.0,1
118.901,0,0,0.0,0.0,1
118.901,0,0,0.0,0.0,1
119.001,0,0,0.0,0.0,1
119.001,0,0,0.0,0.0,1
119.001,0,0,0.0,0.0,1
119.001,0,0,0.0,0.0,1
119.001,0,0,0.0,0.0,1
119.101,0,0,0.0,0.0,1
119.101,0,0,0.0,0.0,1
119.101,0,0,0.0,0.0,1
119.101,0,0,0.0,0.0,1
119.101,0,0,0.0,0.0,1
119.201,0,0,0.0,0.0,1
119.201,0,0,0.0,0.0,1
119.201,0,0,0.0,0.0,1
119.201,0,0,0.0,0.0,1
119.201,0,0,0.0,0.0,1
119.201,0,0,0.0,0.0,1
119.301,0,0,0.0,0.0,1
119.301,0,0,0.0,0.0,1
119.301,0,0,0.0,0.0,1
119.301,0,0,0.0,0.0,1
119.301,0,0,0.0,0.0,1
119.401,0,0,0.0,0.0,1
119.401,0,0,0.0,0.0,1
119.401,0,0,0.0,0.0,1
119.401,0,0,0.0,0.0,1
119.401,0,0,0.0,0.0,1
119.501,0,0,0.0,0.0,1
119.501,0,0,0.0,0.0,1
119.501,0,0,0.0,0.0,1
119.501,0,0,0.0,0.0,1
119.501,0,0,0.0,0.0,1
119.601,0,0,0.0,0.0,1
119.601,0,0,0.0,0.0,1
119.601,0,0,0.0,0.0,1
119.601,0,0,0.0,0.0,1
119.601,0,0,0.0,0.0,1
119.701,0,0,0.0,0.0,1
119.701,0,0,0.0,0.0,1
119.701,0,0,0.0,0.0,1
119.701,0,0,0.0,0.0,1
119.701,0,0,0.0,0.0,1
119.701,0,0,0.0,0.0,1
119.801,0,0,0.0,0.0,1
119.801,0,0,0.0,0.0,1
119.801,0,0,0.0,0.0,1
119.801,0,0,0.0,0.0,1
119.801,0,0,0.0,0.0,1
119.901,0,0,0.0,0.0,1
119.901,0,0,0.0,0.0,1
119.901,0,0,0.0,0.0,1
119.901,0,0,0.0,0.0,1
119.901,0,0,0.0,0.0,1
120.001,0,0,0.0,0.0,1
120.001,0,0,0.0,0.0,1
120.001,0,0,0.0,0.0,1
120.001,0,0,0.0,0.0,1
120.001,0,0,0.0,0.0,1
120.101,0,0,0.0,0.0,1
120.101,0,0,0.0,0.0,1
120.101,0,0,0.0,0.0,1
120.101,0,0,0.0,0.0,1
120.101,0,0,0.0,0.0,1
120.201,0,0,0.0,0.0,1
120.201,0,0,0.0,0.0,1
120.201,0,0,0.0,0.0,1
120.201,0,0,0.0,0.0,1
120.201,0,0,0.0,0.0,1
120.201,0,0,0.0,0.0,1
120.301,0,0,0.0,0.0,1
120.301,0,0,0.0,0.0,1
120.301,0,0,0.0,0.0,1
120.301,0,0,0.0,0.0,1
120.301,0,0,0.0,0.0,1
120.401,0,0,0.0,0.0,1
120.401,0,0,0.0,0.0,1
120.401,0,0,0.0,0.0,1
120.401,0,0,0.0,0.0,1
120.401,0,0,0.0,0.0,1
120.501,0,0,0.0,0.0,1
120.501,0,0,0.0,0.0,1
120.501,0,0,0.0,0.0,1
120.501,0,0,0.0,0.0,1
120.501,0,0,0.0,0.0,1
120.601,0,0,0.0,0.0,1
120.601,0,0,0.0,0.0,1
120.601,0,0,0.0,0.0,1
120.601,0,0,0.0,0.0,1
120.601,0,0,0.0,0.0,1
120.601,0,0,0.0,0.0,1
120.701,0,0,0.0,0.0,1
120.701,0,0,0.0,0.0,1
120.701,0,0,0.0,0.0,1
120.701,0,0,0.0,0.0,1
120.701,0,0,0.0,0.0,1
120.801,0,0,0.0,0.0,1
120.801,0,0,0.0,0.0,1
120.801,0,0,0.0,0.0,1
120.801,0,0,0.0,0.0,1
120.801,0,0,0.0,0.0,1
120.901,0,0,0.0,0.0,1
120.901,0,0,0.0,0.0,1
120.901,0,0,0.0,0.0,1
120.901,0,0,0.0,0.0,1
120.901,0,0,0.0,0.0,1
121.001,0,0,0.0,0.0,1
121.001,0,0,0.0,0.0,1
121.001,0,0,0.0,0.0,1
121.001,0,0,0.0,0.0,1
121.001,0,0,0.0,0.0,1
121.101,0,0,0.0,0.0,1
121.101,0,0,0.0,0.0,1
121.101,0,0,0.0,0.0,1
121.101,0,0,0.0,0.0,1
121.101,0,0,0.0,0.0,1
121.101,0,0,0.0,0.0,1
121.201,0,0,0.0,0.0,1
121.201,0,0,0.0,0.0,1
121.201,0,0,0.0,0.0,1
121.201,0,0,0.0,0.0,1
121.201,0,0,0.0,0.0,1
121.301,0,0,0.0,0.0,1
121.301,0,0,0.0,0.0,1
121.301,0,0,0.0,0.0,1
121.301,0,0,0.0,0.0,1
121.301,0,0,0.0,0.0,1
121.401,0,0,0.0,0.0,1
121.401,0,0,0.0,0.0,1
121.401,0,0,0.0,0.0,1
121.401,0,0,0.0,0.0,1
121.401,0,0,0.0,0.0,1
121.501,0,0,0.0,0.0,1
121.501,0,0,0.0,0.0,1
121.501,0,0,0.0,0.0,1
121.501,0,0,0.0,0.0,1
121.501,0,0,0.0,0.0,1
121.501,0,0,0.0,0.0,1
121.601,0,0,0.0,0.0,1
121.601,0,0,0.0,0.0,1
121.601,0,0,0.0,0.0,1
121.601,0,0,0.0,0.0,1
121.601,0,0,0.0,0.0,1
121.701,0,0,0.0,0.0,1
121.701,0,0,0.0,0.0,1
121.701,0,0,0.0,0.0,1
121.701,0,0,0.0,0.0,1
121.701,0,0,0.0,0.0,1
121.801,0,0,0.0,0.0,1
121.801,0,0,0.0,0.0,1
121.801,0,0,0.0,0.0,1
121.801,0,0,0.0,0.0,1
121.801,0,0,0.0,0.0,1
121.901,0,0,0.0,0.0,1
121.901,0,0,0.0,0.0,1
121.901,0,0,0.0,0.0,1
121.901,0,0,0.0,0.0,1
121.901,0,0,0.0,0.0,1
122.001,0,0,0.0,0.0,1
122.001,0,0,0.0,0.0,1
122.001,0,0,0.0,0.0,1
122.001,0,0,0.0,0.0,1
122.001,0,0,0.0,0.0,1
122.001,0,0,0.0,0.0,1
122.101,0,0,0.0,0.0,1
122.101,0,0,0.0,0.0,1
122.101,0,0,0.0,0.0,1
122.101,0,0,0.0,0.0,1
122.101,0,0,0.0,0.0,1
122.201,0,0,0.0,0.0,1
122.201,0,0,0.0,0.0,1
122.201,0,0,0.0,0.0,1
122.201,0,0,0.0,0.0,1
122.201,0,0,0.0,0.0,1
122.301,0,0,0.0,0.0,1
122.301,0,0,0.0,0.0,1
122.301,0,0,0.0,0.0,1
122.301,0,0,0.0,0.0,1
122.301,0,0,0.0,0.0,1
122.401,0,0,0.0,0.0,1
122.401,0,0,0.0,0.0,1
122.401,0,0,0.0,0.0,1
122.401,0,0,0.0,0.0,1
122.401,0,0,0.0,0.0,1
122.501,0,0,0.0,0.0,1
122.501,0,0,0.0,0.0,1
122.501,0,0,0.0,0.0,1
122.501,0,0,0.0,0.0,1
122.501,0,0,0.0,0.0,1
122.501,0,0,0.0,0.0,1
122.601,0,0,0.0,0.0,1
122.601,0,0,0.0,0.0,1
122.601,0,0,0.0,0.0,1
122.601,0,0,0.0,0.0,1
122.601,0,0,0.0,0.0,1
122.701,0,0,0.0,0.0,1
122.701,0,0,0.0,0.0,1
122.701,0,0,0.0,0.0,1
122.701,0,0,0.0,0.0,1
122.701,0,0,0.0,0.0,1
122.801,0,0,0.0,0.0,1
122.801,0,0,0.0,0.0,1
122.801,0,0,0.0,0.0,1
122.801,0,0,0.0,0.0,1
122.801,0,0,0.0,0.0,1
122.901,0,0,0.0,0.0,1
122.901,0,0,0.0,0.0,1
122.901,0,0,0.0,0.0,1
122.901,0,0,0.0,0.0,1
122.901,0,0,0.0,0.0,1
122.901,0,0,0.0,0.0,1
123.001,0,0,0.0,0.0,1
123.001,0,0,0.0,0.0,1
123.001,0,0,0.0,0.0,1
123.001,0,0,0.0,0.0,1
123.001,0,0,0.0,0.0,1
123.101,0,0,0.0,0.0,1
123.101,0,0,0.0,0.0,1
123.101,0,0,0.0,0.0,1
123.101,0,0,0.0,0.0,1
123.101,0,0,0.0,0.0,1
123.201,0,0,0.0,0.0,1
123.201,0,0,0.0,0.0,1
123.201,0,0,0.0,0.0,1
123.201,0,0,0.0,0.0,1
123.201,0,0,0.0,0.0,1
123.301,0,0,0.0,0.0,1
123.301,0,0,0.0,0.0,1
123.301,0,0,0.0,0.0,1
123.301,0,0,0.0,0.0,1
123.301,0,0,0.0,0.0,1
123.401,0,0,0.0,0.0,1
123.401,0,0,0.0,0.0,1
123.401,0,0,0.0,0.0,1
123.401,0,0,0.0,0.0,1
123.401,0,0,0.0,0.0,1
123.401,0,0,0.0,0.0,1
123.501,0,0,0.0,0.0,1
123.501,0,0,0.0,0.0,1
123.501,0,0,0.0,0.0,1
123.501,0,0,0.0,0.0,1
123.501,0,0,0.0,0.0,1
123.601,0,0,0.0,0.0,1
123.601,0,0,0.0,0.0,1
123.601,0,0,0.0,0.0,1
123.601,0,0,0.0,0.0,1
123.601,0,0,0.0,0.0,1
123.701,0,0,0.0,0.0,1
123.701,0,0,0.0,0.0,1
123.701,0,0,0.0,0.0,1
123.701,0,0,0.0,0.0,1
123.701,0,0,0.0,0.0,1
123.801,0,0,0.0,0.0,1
123.801,0,0,0.0,0.0,1
123.801,0,0,0.0,0.0,1
123.801,0,0,0.0,0.0,1
123.801,0,0,0.0,0.0,1
123.801,0,0,0.0,0.0,1
123.901,0,0,0.0,0.0,1
123.901,0,0,0.0,0.0,1
123.901,0,0,0.0,0.0,1
123.901,0,0,0.0,0.0,1
123.901,0,0,0.0,0.0,1
124.001,0,0,0.0,0.0,1
124.001,0,0,0.0,0.0,1
124.001,0,0,0.0,0.0,1
124.001,0,0,0.0,0.0,1
124.001,0,0,0.0,0.0,1
124.101,0,0,0.0,0.0,1
124.101,0,0,0.0,0.0,1
124.101,0,0,0.0,0.0,1
124.101,0,0,0.0,0.0,1
124.101,0,0,0.0,0.0,1
124.201,0,0,0.0,0.0,1
124.201,0,0,0.0,0.0,1
124.201,0,0,0.0,0.0,1
124.201,0,0,0.0,0.0,1
124.201,0,0,0.0,0.0,1
124.301,0,0,0.0,0.0,1
124.301,0,0,0.0,0.0,1
124.301,0,0,0.0,0.0,1
124.301,0,0,0.0,0.0,1
124.301,0,0,0.0,0.0,1
124.301,0,0,0.0,0.0,1
124.401,0,0,0.0,0.0,1
124.401,0,0,0.0,0.0,1
124.401,0,0,0.0,0.0,1
124.401,0,0,0.0,0.0,1
124.401,0,0,0.0,0.0,1
124.501,0,0,0.0,0.0,1
124.501,0,0,0.0,0.0,1
124.501,0,0,0.0,0.0,1
124.501,0,0,0.0,0.0,1
124.501,0,0,0.0,0.0,1
124.601,0,0,0.0,0.0,1
124.601,0,0,0.0,0.0,1
124.601,0,0,0.0,0.0,1
124.601,0,0,0.0,0.0,1
124.601,0,0,0.0,0.0,1
124.701,0,0,0.0,0.0,1
124.701,0,0,0.0,0.0,1
124.701,0,0,0.0,0.0,1
124.701,0,0,0.0,0.0,1
124.701,0,0,0.0,0.0,1
124.801,0,0,0.0,0.0,1
124.801,0,0,0.0,0.0,1
124.801,0,0,0.0,0.0,1
124.801,0,0,0.0,0.0,1
124.801,0,0,0.0,0.0,1
124.801,0,0,0.0,0.0,1
124.901,0,0,0.0,0.0,1
124.901,0,0,0.0,0.0,1
124.901,0,0,0.0,0.0,1
124.901,0,0,0.0,0.0,1
124.901,0,0,0.0,0.0,1
125.001,0,0,0.0,0.0,1
125.001,0,0,0.0,0.0,1
125.001,0,0,0.0,0.0,1
125.001,0,0,0.0,0.0,1
125.001,0,0,0.0,0.0,1
125.101,0,0,0.0,0.0,1
125.101,0,0,0.0,0.0,1
125.101,0,0,0.0,0.0,1
125.101,0,0,0.0,0.0,1
125.101,0,0,0.0,0.0,1
125.201,0,0,0.0,0.0,1
125.201,0,0,0.0,0.0,1
125.201,0,0,0.0,0.0,1
125.201,0,0,0.0,0.0,1
125.201,0,0,0.0,0.0,1
125.201,0,0,0.0,0.0,1
125.301,0,0,0.0,0.0,1
125.301,0,0,0.0,0.0,1
125.301,0,0,0.0,0.0,1
125.301,0,0,0.0,0.0,1
125.301,0,0,0.0,0.0,1
125.401,0,0,0.0,0.0,1
125.401,0,0,0.0,0.0,1
125.401,0,0,0.0,0.0,1
125.401,0,0,0.0,0.0,1
125.401,0,0,0.0,0.0,1
125.501,0,0,0.0,0.0,1
125.501,0,0,0.0,0.0,1
125.501,0,0,0.0,0.0,1
125.501,0,0,0.0,0.0,1
125.501,0,0,0.0,0.0,1
125.601,0,0,0.0,0.0,1
125.601,0,0,0.0,0.0,1
125.601,0,0,0.0,0.0,1
125.601,0,0,0.0,0.0,1
125.601,0,0,0.0,0.0,1
125.701,0,0,0.0,0.0,1
125.701,0,0,0.0,0.0,1
125.701,0,0,0.0,0.0,1
125.701,0,0,0.0,0.0,1
125.701,0,0,0.0,0.0,1
125.701,0,0,0.0,0.0,1
125.801,0,0,0.0,0.0,1
125.801,0,0,0.0,0.0,1
125.801,0,0,0.0,0.0,1
125.801,0,0,0.0,0.0,1
125.801,0,0,0.0,0.0,1
125.901,0,0,0.0,0.0,1
125.901,0,0,0.0,0.0,1
125.901,0,0,0.0,0.0,1
125.901,0,0,0.0,0.0,1
125.901,0,0,0.0,0.0,1
126.001,0,0,0.0,0.0,1
126.001,0,0,0.0,0.0,1
126.001,0,0,0.0,0.0,1
126.001,0,0,0.0,0.0,1
126.001,0,0,0.0,0.0,1
126.101,0,0,0.0,0.0,1
126.101,0,0,0.0,0.0,1
126.101,0,0,0.0,0.0,1
126.101,0,0,0.0,0.0,1
126.101,0,0,0.0,0.0,1
126.101,0,0,0.0,0.0,1
126.201,0,0,0.0,0.0,1
126.201,0,0,0.0,0.0,1
126.201,0,0,0.0,0.0,1
126.201,0,0,0.0,0.0,1
126.201,0,0,0.0,0.0,1
126.301,0,0,0.0,0.0,1
126.301,0,0,0.0,0.0,1
126.301,0,0,0.0,0.0,1
126.301,0,0,0.0,0.0,1
126.301,0,0,0.0,0.0,1
126.401,0,0,0.0,0.0,1
126.401,0,0,0.0,0.0,1
126.401,0,0,0.0,0.0,1
126.401,0,0,0.0,0.0,1
126.401,0,0,0.0,0.0,1
126.501,0,0,0.0,0.0,1
126.501,0,0,0.0,0.0,1
126.501,0,0,0.0,0.0,1
126.501,0,0,0.0,0.0,1
126.501,0,0,0.0,0.0,1
126.601,0,0,0.0,0.0,1
126.601,0,0,0.0,0.0,1
126.601,0,0,0.0,0.0,1
126.601,0,0,0.0,0.0,1
126.601,0,0,0.0,0.0,1
126.601,0,0,0.0,0.0,1
126.701,0,0,0.0,0.0,1
126.701,0,0,0.0,0.0,1
126.701,0,0,0.0,0.0,1
126.701,0,0,0.0,0.0,1
126.701,0,0,0.0,0.0,1
126.801,0,0,0.0,0.0,1
126.801,0,0,0.0,0.0,1
126.801,0,0,0.0,0.0,1
126.801,0,0,0.0,0.0,1
126.801,0,0,0.0,0.0,1
126.901,0,0,0.0,0.0,1
126.901,0,0,0.0,0.0,1
126.901,0,0,0.0,0.0,1
126.901,0,0,0.0,0.0,1
126.901,0,0,0.0,0.0,1
127.001,0,0,0.0,0.0,1
127.001,0,0,0.0,0.0,1
127.001,0,0,0.0,0.0,1
127.001,0,0,0.0,0.0,1
127.001,0,0,0.0,0.0,1
127.101,0,0,0.0,0.0,1
127.101,0,0,0.0,0.0,1
127.101,0,0,0.0,0.0,1
127.101,0,0,0.0,0.0,1
127.101,0,0,0.0,0.0,1
127.101,0,0,0.0,0.0,1
127.201,0,0,0.0,0.0,1
127.201,0,0,0.0,0.0,1
127.201,0,0,0.0,0.0,1
127.201,0,0,0.0,0.0,1
127.201,0,0,0.0,0.0,1
127.301,0,0,0.0,0.0,1
127.301,0,0,0.0,0.0,1
127.301,0,0,0.0,0.0,1
127.301,0,0,0.0,0.0,1
127.301,0,0,0.0,0.0,1
127.401,0,0,0.0,0.0,1
127.401,0,0,0.0,0.0,1
127.401,0,0,0.0,0.0,1
127.401,0,0,0.0,0.0,1
127.401,0,0,0.0,0.0,1
127.501,0,0,0.0,0.0,1
127.501,0,0,0.0,0.0,1
127.501,0,0,0.0,0.0,1
127.501,0,0,0.0,0.0,1
127.501,0,0,0.0,0.0,1
127.501,0,0,0.0,0.0,1
127.601,0,0,0.0,0.0,1
127.601,0,0,0.0,0.0,1
127.601,0,0,0.0,0.0,1
127.601,0,0,0.0,0.0,1
127.601,0,0,0.0,0.0,1
127.701,0,0,0.0,0.0,1
127.701,0,0,0.0,0.0,1
127.701,0,0,0.0,0.0,1
127.701,0,0,0.0,0.0,1
127.701,0,0,0.0,0.0,1
127.801,0,0,0.0,0.0,1
127.801,0,0,0.0,0.0,1
127.801,0,0,0.0,0.0,1
127.801,0,0,0.0,0.0,1
127.801,0,0,0.0,0.0,1
127.901,0,0,0.0,0.0,1
127.901,0,0,0.0,0.0,1
127.901,0,0,0.0,0.0,1
127.901,0,0,0.0,0.0,1
127.901,0,0,0.0,0.0,1
128.001,0,0,0.0,0.0,1
128.001,0,0,0.0,0.0,1
128.001,0,0,0.0,0.0,1
128.001,0,0,0.0,0.0,1
128.001,0,0,0.0,0.0,1
128.001,0,0,0.0,0.0,1
128.101,0,0,0.0,0.0,1
128.101,0,0,0.0,0.0,1
128.101,0,0,0.0,0.0,1
128.101,0,0,0.0,0.0,1
128.101,0,0,0.0,0.0,1
128.201,0,0,0.0,0.0,1
128.201,0,0,0.0,0.0,1
128.201,0,0,0.0,0.0,1
128.201,0,0,0.0,0.0,1
128.201,0,0,0.0,0.0,1
128.301,0,0,0.0,0.0,1
128.301,0,0,0.0,0.0,1
128.301,0,0,0.0,0.0,1
128.301,0,0,0.0,0.0,1
128.301,0,0,0.0,0.0,1
128.401,0,0,0.0,0.0,1
128.401,0,0,0.0,0.0,1
128.401,0,0,0.0,0.0,1
128.401,0,0,0.0,0.0,1
128.401,0,0,0.0,0.0,1
128.401,0,0,0.0,0.0,1
128.501,0,0,0.0,0.0,1
128.501,0,0,0.0,0.0,1
128.501,0,0,0.0,0.0,1
128.501,0,0,0.0,0.0,1
128.501,0,0,0.0,0.0,1
128.601,0,0,0.0,0.0,1
128.601,0,0,0.0,0.0,1
128.601,0,0,0.0,0.0,1
128.601,0,0,0.0,0.0,1
128.601,0,0,0.0,0.0,1
128.701,0,0,0.0,0.0,1
128.701,0,0,0.0,0.0,1
128.701,0,0,0.0,0.0,1
128.701,0,0,0.0,0.0,1
128.701,0,0,0.0,0.0,1
128.801,0,0,0.0,0.0,1
128.801,0,0,0.0,0.0,1
128.801,0,0,0.0,0.0,1
128.801,0,0,0.0,0.0,1
128.801,0,0,0.0,0.0,1
128.901,0,0,0.0,0.0,1
128.901,0,0,0.0,0.0,1
128.901,0,0,0.0,0.0,1
128.901,0,0,0.0,0.0,1
128.901,0,0,0.0,0.0,1
128.901,0,0,0.0,0.0,1
129.001,0,0,0.0,0.0,1
129.001,0,0,0.0,0.0,1
129.001,0,0,0.0,0.0,1
129.001,0,0,0.0,0.0,1
129.001,0,0,0.0,0.0,1
129.101,0,0,0.0,0.0,1
129.101,0,0,0.0,0.0,1
129.101,0,0,0.0,0.0,1
129.101,0,0,0.0,0.0,1
129.101,0,0,0.0,0.0,1
129.201,0,0,0.0,0.0,1
129.201,0,0,0.0,0.0,1
129.201,0,0,0.0,0.0,1
129.201,0,0,0.0,0.0,1
129.201,0,0,0.0,0.0,1
129.301,0,0,0.0,0.0,1
129.301,0,0,0.0,0.0,1
129.301,0,0,0.0,0.0,1
129.301,0,0,0.0,0.0,1
129.301,0,0,0.0,0.0,1
129.401,0,0,0.0,0.0,1
129.401,0,0,0.0,0.0,1
129.401,0,0,0.0,0.0,1
129.401,0,0,0.0,0.0,1
129.401,0,0,0.0,0.0,1
129.401,0,0,0.0,0.0,1
129.501,0,0,0.0,0.0,1
129.501,0,0,0.0,0.0,1
129.501,0,0,0.0,0.0,1
129.501,0,0,0.0,0.0,1
129.501,0,0,0.0,0.0,1
129.601,0,0,0.0,0.0,1
129.601,0,0,0.0,0.0,1
129.601,0,0,0.0,0.0,1
129.601,0,0,0.0,0.0,1
129.601,0,0,0.0,0.0,1
129.701,0,0,0.0,0.0,1
129.701,0,0,0.0,0.0,1
129.701,0,0,0.0,0.0,1
129.701,0,0,0.0,0.0,1
129.701,0,0,0.0,0.0,1
129.801,0,0,0.0,0.0,1
129.801,0,0,0.0,0.0,1
129.801,0,0,0.0,0.0,1
129.801,0,0,0.0,0.0,1
129.801,0,0,0.0,0.0,1
129.801,0,0,0.0,0.0,1
129.901,0,0,0.0,0.0,1
129.901,0,0,0.0,0.0,1
129.901,0,0,0.0,0.0,1
129.901,0,0,0.0,0.0,1
129.901,0,0,0.0,0.0,1
130.001,0,0,0.0,0.0,1
130.001,0,0,0.0,0.0,1
130.001,0,0,0.0,0.0,1
130.001,0,0,0.0,0.0,1
130.001,0,0,0.0,0.0,1
130.101,0,0,0.0,0.0,1
130.101,0,0,0.0,0.0,1
130.101,0,0,0.0,0.0,1
130.101,0,0,0.0,0.0,1
130.101,0,0,0.0,0.0,1
130.201,0,0,0.0,0.0,1
130.201,0,0,0.0,0.0,1
130.201,0,0,0.0,0.0,1
130.201,0,0,0.0,0.0,1
130.201,0,0,0.0,0.0,1
130.301,0,0,0.0,0.0,1
130.301,0,0,0.0,0.0,1
130.301,0,0,0.0,0.0,1
130.301,0,0,0.0,0.0,1
130.301,0,0,0.0,0.0,1
130.301,0,0,0.0,0.0,1
130.401,0,0,0.0,0.0,1
130.401,0,0,0.0,0.0,1
130.401,0,0,0.0,0.0,1
130.401,0,0,0.0,0.0,1
130.401,0,0,0.0,0.0,1
130.501,0,0,0.0,0.0,1
130.501,0,0,0.0,0.0,1
130.501,0,0,0.0,0.0,1
130.501,0,0,0.0,0.0,1
130.501,0,0,0.0,0.0,1
130.601,0,0,0.0,0.0,1
130.601,0,0,0.0,0.0,1
130.601,0,0,0.0,0.0,1
130.601,0,0,0.0,0.0,1
130.601,0,0,0.0,0.0,1
130.701,0,0,0.0,0.0,1
130.701,0,0,0.0,0.0,1
130.701,0,0,0.0,0.0,1
130.701,0,0,0.0,0.0,1
130.701,0,0,0.0,0.0,1
130.701,0,0,0.0,0.0,1
130.801,0,0,0.0,0.0,1
130.801,0,0,0.0,0.0,1
130.801,0,0,0.0,0.0,1
130.801,0,0,0.0,0.0,1
130.801,0,0,0.0,0.0,1
130.901,0,0,0.0,0.0,1
130.901,0,0,0.0,0.0,1
130.901,0,0,0.0,0.0,1
130.901,0,0,0.0,0.0,1
130.901,0,0,0.0,0.0,1
131.001,0,0,0.0,0.0,1
131.001,0,0,0.0,0.0,1
131.001,0,0,0.0,0.0,1
131.001,0,0,0.0,0.0,1
131.001,0,0,0.0,0.0,1
131.101,0,0,0.0,0.0,1
131.101,0,0,0.0,0.0,1
131.101,0,0,0.0,0.0,1
131.101,0,0,0.0,0.0,1
131.101,0,0,0.0,0.0,1
131.201,0,0,0.0,0.0,1
131.201,0,0,0.0,0.0,1
131.201,0,0,0.0,0.0,1
131.201,0,0,0.0,0.0,1
131.201,0,0,0.0,0.0,1
131.201,0,0,0.0,0.0,1
131.301,0,0,0.0,0.0,1
131.301,0,0,0.0,0.0,1
131.301,0,0,0.0,0.0,1
131.301,0,0,0.0,0.0,1
131.301,0,0,0.0,0.0,1
131.401,0,0,0.0,0.0,1
131.401,0,0,0.0,0.0,1
131.401,0,0,0.0,0.0,1
131.401,0,0,0.0,0.0,1
131.401,0,0,0.0,0.0,1
131.501,0,0,0.0,0.0,1
131.501,0,0,0.0,0.0,1
131.501,0,0,0.0,0.0,1
131.501,0,0,0.0,0.0,1
131.501,0,0,0.0,0.0,1
131.601,0,0,0.0,0.0,1
131.601,0,0,0.0,0.0,1
131.601,0,0,0.0,0.0,1
131.601,0,0,0.0,0.0,1
131.601,0,0,0.0,0.0,1
131.601,0,0,0.0,0.0,1
131.701,0,0,0.0,0.0,1
131.701,0,0,0.0,0.0,1
131.701,0,0,0.0,0.0,1
131.701,0,0,0.0,0.0,1
131.701,0,0,0.0,0.0,1
131.801,0,0,0.0,0.0,1
131.801,0,0,0.0,0.0,1
131.801,0,0,0.0,0.0,1
131.801,0,0,0.0,0.0,1
131.801,0,0,0.0,0.0,1
131.901,0,0,0.0,0.0,1
131.901,0,0,0.0,0.0,1
131.901,0,0,0.0,0.0,1
131.901,0,0,0.0,0.0,1
131.901,0,0,0.0,0.0,1
132.001,0,0,0.0,0.0,1
132.001,0,0,0.0,0.0,1
132.001,0,0,0.0,0.0,1
132.001,0,0,0.0,0.0,1
132.001,0,0,0.0,0.0,1
132.101,0,0,0.0,0.0,1
132.101,0,0,0.0,0.0,1
132.101,0,0,0.0,0.0,1
132.101,0,0,0.0,0.0,1
132.101,0,0,0.0,0.0,1
132.101,0,0,0.0,0.0,1
132.201,0,0,0.0,0.0,1
132.201,0,0,0.0,0.0,1
132.201,0,0,0.0,0.0,1
132.201,0,0,0.0,0.0,1
132.201,0,0,0.0,0.0,1
132.301,0,0,0.0,0.0,1
132.301,0,0,0.0,0.0,1
132.301,0,0,0.0,0.0,1
132.301,0,0,0.0,0.0,1
132.301,0,0,0.0,0.0,1
132.401,0,0,0.0,0.0,1
132.401,0,0,0.0,0.0,1
132.401,0,0,0.0,0.0,1
132.401,0,0,0.0,0.0,1
132.401,0,0,0.0,0.0,1
132.501,0,0,0.0,0.0,1
132.501,0,0,0.0,0.0,1
132.501,0,0,0.0,0.0,1
132.501,0,0,0.0,0.0,1
132.501,0,0,0.0,0.0,1
132.601,0,0,0.0,0.0,1
132.601,0,0,0.0,0.0,1
132.601,0,0,0.0,0.0,1
132.601,0,0,0.0,0.0,1
132.601,0,0,0.0,0.0,1
132.601,0,0,0.0,0.0,1
132.701,0,0,0.0,0.0,1
132.701,0,0,0.0,0.0,1
132.701,0,0,0.0,0.0,1
132.701,0,0,0.0,0.0,1
132.701,0,0,0.0,0.0,1
132.801,0,0,0.0,0.0,1
132.801,0,0,0.0,0.0,1
132.801,0,0,0.0,0.0,1
132.801,0,0,0.0,0.0,1
132.801,0,0,0.0,0.0,1
132.901,0,0,0.0,0.0,1
132.901,0,0,0.0,0.0,1
132.901,0,0,0.0,0.0,1
132.901,0,0,0.0,0.0,1
132.901,0,0,0.0,0.0,1
133.001,0,0,0.0,0.0,1
133.001,0,0,0.0,0.0,1
133.001,0,0,0.0,0.0,1
133.001,0,0,0.0,0.0,1
133.001,0,0,0.0,0.0,1
133.001,0,0,0.0,0.0,1
133.101,0,0,0.0,0.0,1
133.101,0,0,0.0,0.0,1
133.101,0,0,0.0,0.0,1
133.101,0,0,0.0,0.0,1
133.101,0,0,0.0,0.0,1
133.201,0,0,0.0,0.0,1
133.201,0,0,0.0,0.0,1
133.201,0,0,0.0,0.0,1
133.201,0,0,0.0,0.0,1
133.201,0,0,0.0,0.0,1
133.301,0,0,0.0,0.0,1
133.301,0,0,0.0,0.0,1
133.301,0,0,0.0,0.0,1
133.301,0,0,0.0,0.0,1
133.301,0,0,0.0,0.0,1
133.401,0,0,0.0,0.0,1
133.401,0,0,0.0,0.0,1
133.401,0,0,0.0,0.0,1
133.401,0,0,0.0,0.0,1
133.401,0,0,0.0,0.0,1
133.501,0,0,0.0,0.0,1
133.501,0,0,0.0,0.0,1
133.501,0,0,0.0,0.0,1
133.501,0,0,0.0,0.0,1
133.501,0,0,0.0,0.0,1
133.501,0,0,0.0,0.0,1
133.601,0,0,0.0,0.0,1
133.601,0,0,0.0,0.0,1
133.601,0,0,0.0,0.0,1
133.601,0,0,0.0,0.0,1
133.601,0,0,0.0,0.0,1
133.701,0,0,0.0,0.0,1
133.701,0,0,0.0,0.0,1
133.701,0,0,0.0,0.0,1
133.701,0,0,0.0,0.0,1
133.701,0,0,0.0,0.0,1
133.801,0,0,0.0,0.0,1
133.801,0,0,0.0,0.0,1
133.801,0,0,0.0,0.0,1
133.801,0,0,0.0,0.0,1
133.801,0,0,0.0,0.0,1
133.901,0,0,0.0,0.0,1
133.901,0,0,0.0,0.0,1
133.901,0,0,0.0,0.0,1
133.901,0,0,0.0,0.0,1
133.901,0,0,0.0,0.0,1
133.901,0,0,0.0,0.0,1
134.001,0,0,0.0,0.0,1
134.001,0,0,0.0,0.0,1
134.001,0,0,0.0,0.0,1
134.001,0,0,0.0,0.0,1
134.001,0,0,0.0,0.0,1
134.101,0,0,0.0,0.0,1
134.101,0,0,0.0,0.0,1
134.101,0,0,0.0,0.0,1
134.101,0,0,0.0,0.0,1
134.101,0,0,0.0,0.0,1
134.201,0,0,0.0,0.0,1
134.201,0,0,0.0,0.0,1
134.201,0,0,0.0,0.0,1
134.201,0,0,0.0,0.0,1
134.201,0,0,0.0,0.0,1
134.301,0,0,0.0,0.0,1
134.301,0,0,0.0,0.0,1
134.301,0,0,0.0,0.0,1
134.301,0,0,0.0,0.0,1
134.301,0,0,0.0,0.0,1
134.401,0,0,0.0,0.0,1
134.401,0,0,0.0,0.0,1
134.401,0,0,0.0,0.0,1
134.401,0,0,0.0,0.0,1
134.401,0,0,0.0,0.0,1
134.401,0,0,0.0,0.0,1
134.501,0,0,0.0,0.0,1
134.501,0,0,0.0,0.0,1
134.501,0,0,0.0,0.0,1
134.501,0,0,0.0,0.0,1
134.501,0,0,0.0,0.0,1
134.601,0,0,0.0,0.0,1
134.601,0,0,0.0,0.0,1
134.601,0,0,0.0,0.0,1
134.601,0,0,0.0,0.0,1
134.601,0,0,0.0,0.0,1
134.701,0,0,0.0,0.0,1
134.701,0,0,0.0,0.0,1
134.701,0,0,0.0,0.0,1
134.701,0,0,0.0,0.0,1
134.701,0,0,0.0,0.0,1
134.801,0,0,0.0,0.0,1
134.801,0,0,0.0,0.0,1
134.801,0,0,0.0,0.0,1
134.801,0,0,0.0,0.0,1
134.801,0,0,0.0,0.0,1
134.901,0,0,0.0,0.0,1
134.901,0,0,0.0,0.0,1
134.901,0,0,0.0,0.0,1
134.901,0,0,0.0,0.0,1
134.901,0,0,0.0,0.0,1
134.901,0,0,0.0,0.0,1
135.001,0,0,0.0,0.0,1
135.001,0,0,0.0,0.0,1
135.001,0,0,0.0,0.0,1
135.001,0,0,0.0,0.0,1
135.001,0,0,0.0,0.0,1
135.101,0,0,0.0,0.0,1
135.101,0,0,0.0,0.0,1
135.101,0,0,0.0,0.0,1
135.101,0,0,0.0,0.0,1
135.101,0,0,0.0,0.0,1
135.201,0,0,0.0,0.0,1
135.201,0,0,0.0,0.0,1
135.201,0,0,0.0,0.0,1
135.201,0,0,0.0,0.0,1
135.201,0,0,0.0,0.0,1
135.301,0,0,0.0,0.0,1
135.301,0,0,0.0,0.0,1
135.301,0,0,0.0,0.0,1
135.301,0,0,0.0,0.0,1
135.301,0,0,0.0,0.0,1
135.301,0,0,0.0,0.0,1
135.401,0,0,0.0,0.0,1
135.401,0,0,0.0,0.0,1
135.401,0,0,0.0,0.0,1
135.401,0,0,0.0,0.0,1
135.401,0,0,0.0,0.0,1
135.501,0,0,0.0,0.0,1
135.501,0,0,0.0,0.0,1
135.501,0,0,0.0,0.0,1
135.501,0,0,0.0,0.0,1
135.501,0,0,0.0,0.0,1
135.601,0,0,0.0,0.0,1
135.601,0,0,0.0,0.0,1
135.601,0,0,0.0,0.0,1
135.601,0,0,0.0,0.0,1
135.601,0,0,0.0,0.0,1
135.701,0,0,0.0,0.0,1
135.701,0,0,0.0,0.0,1
135.701,0,0,0.0,0.0,1
135.701,0,0,0.0,0.0,1
135.701,0,0,0.0,0.0,1
135.801,0,0,0.0,0.0,1
135.801,0,0,0.0,0.0,1
135.801,0,0,0.0,0.0,1
135.801,0,0,0.0,0.0,1
135.801,0,0,0.0,0.0,1
135.801,0,0,0.0,0.0,1
135.901,0,0,0.0,0.0,1
135.901,0,0,0.0,0.0,1
135.901,0,0,0.0,0.0,1
135.901,0,0,0.0,0.0,1
135.901,0,0,0.0,0.0,1
136.001,0,0,0.0,0.0,1
136.001,0,0,0.0,0.0,1
136.001,0,0,0.0,0.0,1
136.001,0,0,0.0,0.0,1
136.001,0,0,0.0,0.0,1
136.101,0,0,0.0,0.0,1
136.101,0,0,0.0,0.0,1
136.101,0,0,0.0,0.0,1
136.101,0,0,0.0,0.0,1
136.101,0,0,0.0,0.0,1
136.201,0,0,0.0,0.0,1
136.201,0,0,0.0,0.0,1
136.201,0,0,0.0,0.0,1
136.201,0,0,0.0,0.0,1
136.201,0,0,0.0,0.0,1
136.201,0,0,0.0,0.0,1
136.301,0,0,0.0,0.0,1
136.301,0,0,0.0,0.0,1
136.301,0,0,0.0,0.0,1
136.301,0,0,0.0,0.0,1
136.301,0,0,0.0,0.0,1
136.401,0,0,0.0,0.0,1
136.401,0,0,0.0,0.0,1
136.401,0,0,0.0,0.0,1
136.401,0,0,0.0,0.0,1
136.401,0,0,0.0,0.0,1
136.501,0,0,0.0,0.0,1
136.501,0,0,0.0,0.0,1
136.501,0,0,0.0,0.0,1
136.501,0,0,0.0,0.0,1
136.501,0,0,0.0,0.0,1
136.601,0,0,0.0,0.0,1
136.601,0,0,0.0,0.0,1
136.601,0,0,0.0,0.0,1
136.601,0,0,0.0,0.0,1
136.601,0,0,0.0,0.0,1
136.701,0,0,0.0,0.0,1
136.701,0,0,0.0,0.0,1
136.701,0,0,0.0,0.0,1
136.701,0,0,0.0,0.0,1
136.701,0,0,0.0,0.0,1
136.701,0,0,0.0,0.0,1
136.801,0,0,0.0,0.0,1
136.801,0,0,0.0,0.0,1
136.801,0,0,0.0,0.0,1
136.801,0,0,0.0,0.0,1
136.801,0,0,0.0,0.0,1
136.901,0,0,0.0,0.0,1
136.901,0,0,0.0,0.0,1
136.901,0,0,0.0,0.0,1
136.901,0,0,0.0,0.0,1
136.901,0,0,0.0,0.0,1
137.001,0,0,0.0,0.0,1
137.001,0,0,0.0,0.0,1
137.001,0,0,0.0,0.0,1
137.001,0,0,0.0,0.0,1
137.001,0,0,0.0,0.0,1
137.101,0,0,0.0,0.0,1
137.101,0,0,0.0,0.0,1
137.101,0,0,0.0,0.0,1
137.101,0,0,0.0,0.0,1
137.101,0,0,0.0,0.0,1
137.201,0,0,0.0,0.0,1
137.201,0,0,0.0,0.0,1
137.201,0,0,0.0,0.0,1
137.201,0,0,0.0,0.0,1
137.201,0,0,0.0,0.0,1
137.201,0,0,0.0,0.0,1
137.301,0,0,0.0,0.0,1
137.301,0,0,0.0,0.0,1
137.301,0,0,0.0,0.0,1
137.301,0,0,0.0,0.0,1
137.301,0,0,0.0,0.0,1
137.401,0,0,0.0,0.0,1
137.401,0,0,0.0,0.0,1
137.401,0,0,0.0,0.0,1
137.401,0,0,0.0,0.0,1
137.401,0,0,0.0,0.0,1
137.501,0,0,0.0,0.0,1
137.501,0,0,0.0,0.0,1
137.501,0,0,0.0,0.0,1
137.501,0,0,0.0,0.0,1
137.501,0,0,0.0,0.0,1
137.601,0,0,0.0,0.0,1
137.601,0,0,0.0,0.0,1
137.601,0,0,0.0,0.0,1
137.601,0,0,0.0,0.0,1
137.601,0,0,0.0,0.0,1
137.601,0,0,0.0,0.0,1
137.701,0,0,0.0,0.0,1
137.701,0,0,0.0,0.0,1
137.701,0,0,0.0,0.0,1
137.701,0,0,0.0,0.0,1
137.701,0,0,0.0,0.0,1
137.801,0,0,0.0,0.0,1
137.801,0,0,0.0,0.0,1
137.801,0,0,0.0,0.0,1
137.801,0,0,0.0,0.0,1
137.801,0,0,0.0,0.0,1
137.901,0,0,0.0,0.0,1
137.901,0,0,0.0,0.0,1
137.901,0,0,0.0,0.0,1
137.901,0,0,0.0,0.0,1
137.901,0,0,0.0,0.0,1
138.001,0,0,0.0,0.0,1
138.001,0,0,0.0,0.0,1
138.001,0,0,0.0,0.0,1
138.001,0,0,0.0,0.0,1
138.001,0,0,0.0,0.0,1
138.101,0,0,0.0,0.0,1
138.101,0,0,0.0,0.0,1
138.101,0,0,0.0,0.0,1
138.101,0,0,0.0,0.0,1
138.101,0,0,0.0,0.0,1
138.201,0,0,0.0,0.0,1
138.201,0,0,0.0,0.0,1
138.201,0,0,0.0,0.0,1
138.201,0,0,0.0,0.0,1
138.201,0,0,0.0,0.0,1
138.301,0,0,0.0,0.0,1
138.301,0,0,0.0,0.0,1
138.301,0,0,0.0,0.0,1
138.301,0,0,0.0,0.0,1
138.301,0,0,0.0,0.0,1
138.301,0,0,0.0,0.0,1
138.401,0,0,0.0,0.0,1
138.401,0,0,0.0,0.0,1
138.401,0,0,0.0,0.0,1
138.401,0,0,0.0,0.0,1
138.401,0,0,0.0,0.0,1
138.501,0,0,0.0,0.0,1
138.501,0,0,0.0,0.0,1
138.501,0,0,0.0,0.0,1
138.501,0,0,0.0,0.0,1
138.501,0,0,0.0,0.0,1
138.601,0,0,0.0,0.0,1
138.601,0,0,0.0,0.0,1
138.601,0,0,0.0,0.0,1
138.601,0,0,0.0,0.0,1
138.601,0,0,0.0,0.0,1
138.701,0,0,0.0,0.0,1
138.701,0,0,0.0,0.0,1
138.701,0,0,0.0,0.0,1
138.701,0,0,0.0,0.0,1
138.701,0,0,0.0,0.0,1
138.801,0,0,0.0,0.0,1
138.801,0,0,0.0,0.0,1
138.801,0,0,0.0,0.0,1
138.801,0,0,0.0,0.0,1
138.801,0,0,0.0,0.0,1
138.801,0,0,0.0,0.0,1
138.901,0,0,0.0,0.0,1
138.901,0,0,0.0,0.0,1
138.901,0,0,0.0,0.0,1
138.901,0,0,0.0,0.0,1
138.901,0,0,0.0,0.0,1
139.001,0,0,0.0,0.0,1
139.001,0,0,0.0,0.0,1
139.001,0,0,0.0,0.0,1
139.001,0,0,0.0,0.0,1
139.001,0,0,0.0,0.0,1
139.101,0,0,0.0,0.0,1
139.101,0,0,0.0,0.0,1
139.101,0,0,0.0,0.0,1
139.101,0,0,0.0,0.0,1
139.101,0,0,0.0,0.0,1
139.201,0,0,0.0,0.0,1
139.201,0,0,0.0,0.0,1
139.201,0,0,0.0,0.0,1
139.201,0,0,0.0,0.0,1
139.201,0,0,0.0,0.0,1
139.201,0,0,0.0,0.0,1
139.301,0,0,0.0,0.0,1
139.301,0,0,0.0,0.0,1
139.301,0,0,0.0,0.0,1
139.301,0,0,0.0,0.0,1
139.301,0,0,0.0,0.0,1
139.401,0,0,0.0,0.0,1
139.401,0,0,0.0,0.0,1
139.401,0,0,0.0,0.0,1
139.401,0,0,0.0,0.0,1
139.401,0,0,0.0,0.0,1
139.501,0,0,0.0,0.0,1
139.501,0,0,0.0,0.0,1
139.501,0,0,0.0,0.0,1
139.501,0,0,0.0,0.0,1
139.501,0,0,0.0,0.0,1
139.601,0,0,0.0,0.0,1
139.601,0,0,0.0,0.0,1
139.601,0,0,0.0,0.0,1
139.601,0,0,0.0,0.0,1
139.601,0,0,0.0,0.0,1
139.701,0,0,0.0,0.0,1
139.701,0,0,0.0,0.0,1
139.701,0,0,0.0,0.0,1
139.701,0,0,0.0,0.0,1
139.701,0,0,0.0,0.0,1
139.701,0,0,0.0,0.0,1
139.801,0,0,0.0,0.0,1
139.801,0,0,0.0,0.0,1
139.801,0,0,0.0,0.0,1
139.801,0,0,0.0,0.0,1
139.801,0,0,0.0,0.0,1
139.901,0,0,0.0,0.0,1
139.901,0,0,0.0,0.0,1
139.901,0,0,0.0,0.0,1
139.901,0,0,0.0,0.0,1
139.901,0,0,0.0,0.0,1
140.001,0,0,0.0,0.0,1
140.001,0,0,0.0,0.0,1
140.001,0,0,0.0,0.0,1
140.001,0,0,0.0,0.0,1
140.001,0,0,0.0,0.0,1
140.101,0,0,0.0,0.0,1
140.101,0,0,0.0,0.0,1
140.101,0,0,0.0,0.0,1
140.101,0,0,0.0,0.0,1
140.101,0,0,0.0,0.0,1
140.101,0,0,0.0,0.0,1
140.201,0,0,0.0,0.0,1
140.201,0,0,0.0,0.0,1
140.201,0,0,0.0,0.0,1
140.201,0,0,0.0,0.0,1
140.201,0,0,0.0,0.0,1
140.301,0,0,0.0,0.0,1
140.301,0,0,0.0,0.0,1
140.301,0,0,0.0,0.0,1
140.301,0,0,0.0,0.0,1
140.301,0,0,0.0,0.0,1
140.401,0,0,0.0,0.0,1
140.401,0,0,0.0,0.0,1
140.401,0,0,0.0,0.0,1
140.401,0,0,0.0,0.0,1
140.401,0,0,0.0,0.0,1
140.501,0,0,0.0,0.0,1
140.501,0,0,0.0,0.0,1
140.501,0,0,0.0,0.0,1
140.501,0,0,0.0,0.0,1
140.501,0,0,0.0,0.0,1
140.601,0,0,0.0,0.0,1
140.601,0,0,0.0,0.0,1
140.601,0,0,0.0,0.0,1
140.601,0,0,0.0,0.0,1
140.601,0,0,0.0,0.0,1
140.601,0,0,0.0,0.0,1
140.701,0,0,0.0,0.0,1
140.701,0,0,0.0,0.0,1
140.701,0,0,0.0,0.0,1
140.701,0,0,0.0,0.0,1
140.701,0,0,0.0,0.0,1
140.801,0,0,0.0,0.0,1
140.801,0,0,0.0,0.0,1
140.801,0,0,0.0,0.0,1
140.801,0,0,0.0,0.0,1
140.801,0,0,0.0,0.0,1
140.901,0,0,0.0,0.0,1
140.901,0,0,0.0,0.0,1
140.901,0,0,0.0,0.0,1
140.901,0,0,0.0,0.0,1
140.901,0,0,0.0,0.0,1
141.001,0,0,0.0,0.0,1
141.001,0,0,0.0,0.0,1
141.001,0,0,0.0,0.0,1
141.001,0,0,0.0,0.0,1
141.001,0,0,0.0,0.0,1
141.101,0,0,0.0,0.0,1
141.101,0,0,0.0,0.0,1
141.101,0,0,0.0,0.0,1
141.101,0,0,0.0,0.0,1
141.101,0,0,0.0,0.0,1
141.101,0,0,0.0,0.0,1
141.201,0,0,0.0,0.0,1
141.201,0,0,0.0,0.0,1
141.201,0,0,0.0,0.0,1
141.201,0,0,0.0,0.0,1
141.201,0,0,0.0,0.0,1
141.301,0,0,0.0,0.0,1
141.301,0,0,0.0,0.0,1
141.301,0,0,0.0,0.0,1
141.301,0,0,0.0,0.0,1
141.301,0,0,0.0,0.0,1
141.401,0,0,0.0,0.0,1
141.401,0,0,0.0,0.0,1
141.401,0,0,0.0,0.0,1
141.401,0,0,0.0,0.0,1
141.401,0,0,0.0,0.0,1
141.501,0,0,0.0,0.0,1
141.501,0,0,0.0,0.0,1
141.501,0,0,0.0,0.0,1
141.501,0,0,0.0,0.0,1
141.501,0,0,0.0,0.0,1
141.501,0,0,0.0,0.0,1
141.601,0,0,0.0,0.0,1
141.601,0,0,0.0,0.0,1
141.601,0,0,0.0,0.0,1
141.601,0,0,0.0,0.0,1
141.601,0,0,0.0,0.0,1
141.701,0,0,0.0,0.0,1
141.701,0,0,0.0,0.0,1
141.701,0,0,0.0,0.0,1
141.701,0,0,0.0,0.0,1
141.701,0,0,0.0,0.0,1
141.801,0,0,0.0,0.0,1
141.801,0,0,0.0,0.0,1
141.801,0,0,0.0,0.0,1
141.801,0,0,0.0,0.0,1
141.801,0,0,0.0,0.0,1
141.901,0,0,0.0,0.0,1
141.901,0,0,0.0,0.0,1
141.901,0,0,0.0,0.0,1
141.901,0,0,0.0,0.0,1
141.901,0,0,0.0,0.0,1
142.001,0,0,0.0,0.0,1
142.001,0,0,0.0,0.0,1
142.001,0,0,0.0,0.0,1
142.001,0,0,0.0,0.0,1
142.001,0,0,0.0,0.0,1
142.001,0,0,0.0,0.0,1
142.101,0,0,0.0,0.0,1
142.101,0,0,0.0,0.0,1
142.101,0,0,0.0,0.0,1
142.101,0,0,0.0,0.0,1
142.101,0,0,0.0,0.0,1
142.201,0,0,0.0,0.0,1
142.201,0,0,0.0,0.0,1
142.201,0,0,0.0,0.0,1
142.201,0,0,0.0,0.0,1
142.201,0,0,0.0,0.0,1
142.301,0,0,0.0,0.0,1
142.301,0,0,0.0,0.0,1
142.301,0,0,0.0,0.0,1
142.301,0,0,0.0,0.0,1
142.301,0,0,0.0,0.0,1
142.401,0,0,0.0,0.0,1
142.401,0,0,0.0,0.0,1
142.401,0,0,0.0,0.0,1
142.401,0,0,0.0,0.0,1
142.401,0,0,0.0,0.0,1
142.401,0,0,0.0,0.0,1
142.501,0,0,0.0,0.0,1
142.501,0,0,0.0,0.0,1
142.501,0,0,0.0,0.0,1
142.501,0,0,0.0,0.0,1
142.501,0,0,0.0,0.0,1
142.601,0,0,0.0,0.0,1
142.601,0,0,0.0,0.0,1
142.601,0,0,0.0,0.0,1
142.601,0,0,0.0,0.0,1
142.601,0,0,0.0,0.0,1
142.701,0,0,0.0,0.0,1
142.701,0,0,0.0,0.0,1
142.701,0,0,0.0,0.0,1
142.701,0,0,0.0,0.0,1
142.701,0,0,0.0,0.0,1
142.801,0,0,0.0,0.0,1
142.801,0,0,0.0,0.0,1
142.801,0,0,0.0,0.0,1
142.801,0,0,0.0,0.0,1
142.801,0,0,0.0,0.0,1
142.901,0,0,0.0,0.0,1
142.901,0,0,0.0,0.0,1
142.901,0,0,0.0,0.0,1
142.901,0,0,0.0,0.0,1
142.901,0,0,0.0,0.0,1
142.901,0,0,0.0,0.0,1
143.001,0,0,0.0,0.0,1
143.001,0,0,0.0,0.0,1
143.001,0,0,0.0,0.0,1
143.001,0,0,0.0,0.0,1
143.001,0,0,0.0,0.0,1
143.101,0,0,0.0,0.0,1
143.101,0,0,0.0,0.0,1
143.101,0,0,0.0,0.0,1
143.101,0,0,0.0,0.0,1
143.101,0,0,0.0,0.0,1
143.201,0,0,0.0,0.0,1
143.201,0,0,0.0,0.0,1
143.201,0,0,0.0,0.0,1
143.201,0,0,0.0,0.0,1
143.201,0,0,0.0,0.0,1
143.301,0,0,0.0,0.0,1
143.301,0,0,0.0,0.0,1
143.301,0,0,0.0,0.0,1
143.301,0,0,0.0,0.0,1
143.301,0,0,0.0,0.0,1
143.401,0,0,0.0,0.0,1
143.401,0,0,0.0,0.0,1
143.401,0,0,0.0,0.0,1
143.401,0,0,0.0,0.0,1
143.401,0,0,0.0,0.0,1
143.401,0,0,0.0,0.0,1
143.501,0,0,0.0,0.0,1
143.501,0,0,0.0,0.0,1
143.501,0,0,0.0,0.0,1
143.501,0,0,0.0,0.0,1
143.501,0,0,0.0,0.0,1
143.601,0,0,0.0,0.0,1
143.601,0,0,0.0,0.0,1
143.601,0,0,0.0,0.0,1
143.601,0,0,0.0,0.0,1
143.601,0,0,0.0,0.0,1
143.701,0,0,0.0,0.0,1
143.701,0,0,0.0,0.0,1
143.701,0,0,0.0,0.0,1
143.701,0,0,0.0,0.0,1
143.701,0,0,0.0,0.0,1
143.801,0,0,0.0,0.0,1
143.801,0,0,0.0,0.0,1
143.801,0,0,0.0,0.0,1
143.801,0,0,0.0,0.0,1
143.801,0,0,0.0,0.0,1
143.801,0,0,0.0,0.0,1
143.901,0,0,0.0,0.0,1
143.901,0,0,0.0,0.0,1
143.901,0,0,0.0,0.0,1
143.901,0,0,0.0,0.0,1
143.901,0,0,0.0,0.0,1
144.001,0,0,0.0,0.0,1
144.001,0,0,0.0,0.0,1
144.001,0,0,0.0,0.0,1
144.001,0,0,0.0,0.0,1
144.001,0,0,0.0,0.0,1
144.101,0,0,0.0,0.0,1
144.101,0,0,0.0,0.0,1
144.101,0,0,0.0,0.0,1
144.101,0,0,0.0,0.0,1
144.101,0,0,0.0,0.0,1
144.201,0,0,0.0,0.0,1
144.201,0,0,0.0,0.0,1
144.201,0,0,0.0,0.0,1
144.201,0,0,0.0,0.0,1
144.201,0,0,0.0,0.0,1
144.301,0,0,0.0,0.0,1
144.301,0,0,0.0,0.0,1
144.301,0,0,0.0,0.0,1
144.301,0,0,0.0,0.0,1
144.301,0,0,0.0,0.0,1
144.301,0,0,0.0,0.0,1
144.401,0,0,0.0,0.0,1
144.401,0,0,0.0,0.0,1
144.401,0,0,0.0,0.0,1
144.401,0,0,0.0,0.0,1
144.401,0,0,0.0,0.0,1
144.501,0,0,0.0,0.0,1
144.501,0,0,0.0,0.0,1
144.501,0,0,0.0,0.0,1
144.501,0,0,0.0,0.0,1
144.501,0,0,0.0,0.0,1
144.601,0,0,0.0,0.0,1
144.601,0,0,0.0,0.0,1
144.601,0,0,0.0,0.0,1
144.601,0,0,0.0,0.0,1
144.601,0,0,0.0,0.0,1
144.701,0,0,0.0,0.0,1
144.701,0,0,0.0,0.0,1
144.701,0,0,0.0,0.0,1
144.701,0,0,0.0,0.0,1
144.701,0,0,0.0,0.0,1
144.701,0,0,0.0,0.0,1
144.801,0,0,0.0,0.0,1
144.801,0,0,0.0,0.0,1
144.801,0,0,0.0,0.0,1
144.801,0,0,0.0,0.0,1
144.801,0,0,0.0,0.0,1
144.901,0,0,0.0,0.0,1
144.901,0,0,0.0,0.0,1
144.901,0,0,0.0,0.0,1
144.901,0,0,0.0,0.0,1
144.901,0,0,0.0,0.0,1
145.001,0,0,0.0,0.0,1
145.001,0,0,0.0,0.0,1
145.001,0,0,0.0,0.0,1
145.001,0,0,0.0,0.0,1
145.001,0,0,0.0,0.0,1
145.101,0,0,0.0,0.0,1
145.101,0,0,0.0,0.0,1
145.101,0,0,0.0,0.0,1
145.101,0,0,0.0,0.0,1
145.101,0,0,0.0,0.0,1
145.201,0,0,0.0,0.0,1
145.201,0,0,0.0,0.0,1
145.201,0,0,0.0,0.0,1
145.201,0,0,0.0,0.0,1
145.201,0,0,0.0,0.0,1
145.201,0,0,0.0,0.0,1
145.301,0,0,0.0,0.0,1
145.301,0,0,0.0,0.0,1
145.301,0,0,0.0,0.0,1
145.301,0,0,0.0,0.0,1
145.301,0,0,0.0,0.0,1
145.401,0,0,0.0,0.0,1
145.401,0,0,0.0,0.0,1
145.401,0,0,0.0,0.0,1
145.401,0,0,0.0,0.0,1
145.401,0,0,0.0,0.0,1
145.501,0,0,0.0,0.0,1
145.501,0,0,0.0,0.0,1
145.501,0,0,0.0,0.0,1
145.501,0,0,0.0,0.0,1
145.501,0,0,0.0,0.0,1
145.601,0,0,0.0,0.0,1
145.601,0,0,0.0,0.0,1
145.601,0,0,0.0,0.0,1
145.601,0,0,0.0,0.0,1
145.601,0,0,0.0,0.0,1
145.701,0,0,0.0,0.0,1
145.701,0,0,0.0,0.0,1
145.701,0,0,0.0,0.0,1
145.701,0,0,0.0,0.0,1
145.701,0,0,0.0,0.0,1
145.701,0,0,0.0,0.0,1
145.801,0,0,0.0,0.0,1
145.801,0,0,0.0,0.0,1
145.801,0,0,0.0,0.0,1
145.801,0,0,0.0,0.0,1
145.801,0,0,0.0,0.0,1
145.901,0,0,0.0,0.0,1
145.901,0,0,0.0,0.0,1
145.901,0,0,0.0,0.0,1
145.901,0,0,0.0,0.0,1
145.901,0,0,0.0,0.0,1
146.001,0,0,0.0,0.0,1
146.001,0,0,0.0,0.0,1
146.001,0,0,0.0,0.0,1
146.001,0,0,0.0,0.0,1
146.001,0,0,0.0,0.0,1
146.101,0,0,0.0,0.0,1
146.101,0,0,0.0,0.0,1
146.101,0,0,0.0,0.0,1
146.101,0,0,0.0,0.0,1
146.101,0,0,0.0,0.0,1
146.101,0,0,0.0,0.0,1
146.201,0,0,0.0,0.0,1
146.201,0,0,0.0,0.0,1
146.201,0,0,0.0,0.0,1
146.201,0,0,0.0,0.0,1
146.201,0,0,0.0,0.0,1
146.301,0,0,0.0,0.0,1
146.301,0,0,0.0,0.0,1
146.301,0,0,0.0,0.0,1
146.301,0,0,0.0,0.0,1
146.301,0,0,0.0,0.0,1
146.401,0,0,0.0,0.0,1
146.401,0,0,0.0,0.0,1
146.401,0,0,0.0,0.0,1
146.401,0,0,0.0,0.0,1
146.401,0,0,0.0,0.0,1
146.501,0,0,0.0,0.0,1
146.501,0,0,0.0,0.0,1
146.501,0,0,0.0,0.0,1
146.501,0,0,0.0,0.0,1
146.501,0,0,0.0,0.0,1
146.601,0,0,0.0,0.0,1
146.601,0,0,0.0,0.0,1
146.601,0,0,0.0,0.0,1
146.601,0,0,0.0,0.0,1
146.601,0,0,0.0,0.0,1
146.601,0,0,0.0,0.0,1
146.701,0,0,0.0,0.0,1
146.701,0,0,0.0,0.0,1
146.701,0,0,0.0,0.0,1
146.701,0,0,0.0,0.0,1
146.701,0,0,0.0,0.0,1
146.801,0,0,0.0,0.0,1
146.801,0,0,0.0,0.0,1
146.801,0,0,0.0,0.0,1
146.801,0,0,0.0,0.0,1
146.801,0,0,0.0,0.0,1
146.901,0,0,0.0,0.0,1
146.901,0,0,0.0,0.0,1
146.901,0,0,0.0,0.0,1
146.901,0,0,0.0,0.0,1
146.901,0,0,0.0,0.0,1
147.001,0,0,0.0,0.0,1
147.001,0,0,0.0,0.0,1
147.001,0,0,0.0,0.0,1
147.001,0,0,0.0,0.0,1
147.001,0,0,0.0,0.0,1
147.001,0,0,0.0,0.0,1
147.101,0,0,0.0,0.0,1
147.101,0,0,0.0,0.0,1
147.101,0,0,0.0,0.0,1
147.101,0,0,0.0,0.0,1
147.101,0,0,0.0,0.0,1
147.201,0,0,0.0,0.0,1
147.201,0,0,0.0,0.0,1
147.201,0,0,0.0,0.0,1
147.201,0,0,0.0,0.0,1
147.201,0,0,0.0,0.0,1
147.301,0,0,0.0,0.0,1
147.301,0,0,0.0,0.0,1
147.301,0,0,0.0,0.0,1
147.301,0,0,0.0,0.0,1
147.301,0,0,0.0,0.0,1
147.401,0,0,0.0,0.0,1
147.401,0,0,0.0,0.0,1
147.401,0,0,0.0,0.0,1
147.401,0,0,0.0,0.0,1
147.401,0,0,0.0,0.0,1
147.501,0,0,0.0,0.0,1
147.501,0,0,0.0,0.0,1
147.501,0,0,0.0,0.0,1
147.501,0,0,0.0,0.0,1
147.501,0,0,0.0,0.0,1
147.501,0,0,0.0,0.0,1
147.601,0,0,0.0,0.0,1
147.601,0,0,0.0,0.0,1
147.601,0,0,0.0,0.0,1
147.601,0,0,0.0,0.0,1
147.601,0,0,0.0,0.0,1
147.701,0,0,0.0,0.0,1
147.701,0,0,0.0,0.0,1
147.701,0,0,0.0,0.0,1
147.701,0,0,0.0,0.0,1
147.701,0,0,0.0,0.0,1
147.801,0,0,0.0,0.0,1
147.801,0,0,0.0,0.0,1
147.801,0,0,0.0,0.0,1
147.801,0,0,0.0,0.0,1
147.801,0,0,0.0,0.0,1
147.901,0,0,0.0,0.0,1
147.901,0,0,0.0,0.0,1
147.901,0,0,0.0,0.0,1
147.901,0,0,0.0,0.0,1
147.901,0,0,0.0,0.0,1
148.001,0,0,0.0,0.0,1
148.001,0,0,0.0,0.0,1
148.001,0,0,0.0,0.0,1
148.001,0,0,0.0,0.0,1
148.001,0,0,0.0,0.0,1
148.001,0,0,0.0,0.0,1
148.101,0,0,0.0,0.0,1
148.101,0,0,0.0,0.0,1
148.101,0,0,0.0,0.0,1
148.101,0,0,0.0,0.0,1
148.101,0,0,0.0,0.0,1
148.201,0,0,0.0,0.0,1
148.201,0,0,0.0,0.0,1
148.201,0,0,0.0,0.0,1
148.201,0,0,0.0,0.0,1
148.201,0,0,0.0,0.0,1
148.301,0,0,0.0,0.0,1
148.301,0,0,0.0,0.0,1
148.301,0,0,0.0,0.0,1
148.301,0,0,0.0,0.0,1
148.301,0,0,0.0,0.0,1
148.401,0,0,0.0,0.0,1
148.401,0,0,0.0,0.0,1
148.401,0,0,0.0,0.0,1
148.401,0,0,0.0,0.0,1
148.401,0,0,0.0,0.0,1
148.401,0,0,0.0,0.0,1
148.501,0,0,0.0,0.0,1
148.501,0,0,0.0,0.0,1
148.501,0,0,0.0,0.0,1
148.501,0,0,0.0,0.0,1
148.501,0,0,0.0,0.0,1
148.601,0,0,0.0,0.0,1
148.601,0,0,0.0,0.0,1
148.601,0,0,0.0,0.0,1
148.601,0,0,0.0,0.0,1
148.601,0,0,0.0,0.0,1
148.701,0,0,0.0,0.0,1
148.701,0,0,0.0,0.0,1
148.701,0,0,0.0,0.0,1
148.701,0,0,0.0,0.0,1
148.701,0,0,0.0,0.0,1
148.801,0,0,0.0,0.0,1
148.801,0,0,0.0,0.0,1
148.801,0,0,0.0,0.0,1
148.801,0,0,0.0,0.0,1
148.801,0,0,0.0,0.0,1
148.901,0,0,0.0,0.0,1
148.901,0,0,0.0,0.0,1
148.901,0,0,0.0,0.0,1
148.901,0,0,0.0,0.0,1
148.901,0,0,0.0,0.0,1
148.901,0,0,0.0,0.0,1
149.001,0,0,0.0,0.0,1
149.001,0,0,0.0,0.0,1
149.001,0,0,0.0,0.0,1
149.001,0,0,0.0,0.0,1
149.001,0,0,0.0,0.0,1
149.101,0,0,0.0,0.0,1
149.101,0,0,0.0,0.0,1
149.101,0,0,0.0,0.0,1
149.101,0,0,0.0,0.0,1
149.101,0,0,0.0,0.0,1
149.201,0,0,0.0,0.0,1
149.201,0,0,0.0,0.0,1
149.201,0,0,0.0,0.0,1
149.201,0,0,0.0,0.0,1
149.201,0,0,0.0,0.0,1
149.301,0,0,0.0,0.0,1
149.301,0,0,0.0,0.0,1
149.301,0,0,0.0,0.0,1
149.301,0,0,0.0,0.0,1
149.301,0,0,0.0,0.0,1
149.301,0,0,0.0,0.0,1
149.401,0,0,0.0,0.0,1
149.401,0,0,0.0,0.0,1
149.401,0,0,0.0,0.0,1
149.401,0,0,0.0,0.0,1
149.401,0,0,0.0,0.0,1
149.501,0,0,0.0,0.0,1
149.501,0,0,0.0,0.0,1
149.501,0,0,0.0,0.0,1
149.501,0,0,0.0,0.0,1
149.501,0,0,0.0,0.0,1
149.601,0,0,0.0,0.0,1
149.601,0,0,0.0,0.0,1
149.601,0,0,0.0,0.0,1
149.601,0,0,0.0,0.0,1
149.601,0,0,0.0,0.0,1
149.701,0,0,0.0,0.0,1
149.701,0,0,0.0,0.0,1
149.701,0,0,0.0,0.0,1
149.701,0,0,0.0,0.0,1
149.701,0,0,0.0,0.0,1
149.801,0,0,0.0,0.0,1
149.801,0,0,0.0,0.0,1
149.801,0,0,0.0,0.0,1
149.801,0,0,0.0,0.0,1
149.801,0,0,0.0,0.0,1
149.801,0,0,0.0,0.0,1
149.901,0,0,0.0,0.0,1
149.901,0,0,0.0,0.0,1
149.901,0,0,0.0,0.0,1
149.901,0,0,0.0,0.0,1
149.901,0,0,0.0,0.0,1
150.001,0,0,0.0,0.0,1
150.001,0,0,0.0,0.0,1
150.001,0,0,0.0,0.0,1
150.001,0,0,0.0,0.0,1
150.001,0,0,0.0,0.0,1
150.101,0,0,0.0,0.0,1
150.101,0,0,0.0,0.0,1
150.101,0,0,0.0,0.0,1
150.101,0,0,0.0,0.0,1
150.101,0,0,0.0,0.0,1
150.201,0,0,0.0,0.0,1
150.201,0,0,0.0,0.0,1
150.201,0,0,0.0,0.0,1
150.201,0,0,0.0,0.0,1
150.201,0,0,0.0,0.0,1
150.301,0,0,0.0,0.0,1
150.301,0,0,0.0,0.0,1
150.301,0,0,0.0,0.0,1
150.301,0,0,0.0,0.0,1
150.301,0,0,0.0,0.0,1
150.301,0,0,0.0,0.0,1
150.401,0,0,0.0,0.0,1
150.401,0,0,0.0,0.0,1
150.401,0,0,0.0,0.0,1
150.401,0,0,0.0,0.0,1
150.401,0,0,0.0,0.0,1
150.501,0,0,0.0,0.0,1
150.501,0,0,0.0,0.0,1
150.501,0,0,0.0,0.0,1
150.501,0,0,0.0,0.0,1
150.501,0,0,0.0,0.0,1
150.601,0,0,0.0,0.0,1
150.601,0,0,0.0,0.0,1
150.601,0,0,0.0,0.0,1
150.601,0,0,0.0,0.0,1
150.601,0,0,0.0,0.0,1
150.701,0,0,0.0,0.0,1
150.701,0,0,0.0,0.0,1
150.701,0,0,0.0,0.0,1
150.701,0,0,0.0,0.0,1
150.701,0,0,0.0,0.0,1
150.701,0,0,0.0,0.0,1
150.801,0,0,0.0,0.0,1
150.801,0,0,0.0,0.0,1
150.801,0,0,0.0,0.0,1
150.801,0,0,0.0,0.0,1
150.801,0,0,0.0,0.0,1
150.901,0,0,0.0,0.0,1
150.901,0,0,0.0,0.0,1
150.901,0,0,0.0,0.0,1
150.901,0,0,0.0,0.0,1
150.901,0,0,0.0,0.0,1
151.001,0,0,0.0,0.0,1
151.001,0,0,0.0,0.0,1
151.001,0,0,0.0,0.0,1
151.001,0,0,0.0,0.0,1
151.001,0,0,0.0,0.0,1
151.101,0,0,0.0,0.0,1
151.101,0,0,0.0,0.0,1
151.101,0,0,0.0,0.0,1
151.101,0,0,0.0,0.0,1
151.101,0,0,0.0,0.0,1
151.201,0,0,0.0,0.0,1
151.201,0,0,0.0,0.0,1
151.201,0,0,0.0,0.0,1
151.201,0,0,0.0,0.0,1
151.201,0,0,0.0,0.0,1
151.201,0,0,0.0,0.0,1
151.301,0,0,0.0,0.0,1
151.301,0,0,0.0,0.0,1
151.301,0,0,0.0,0.0,1
151.301,0,0,0.0,0.0,1
151.301,0,0,0.0,0.0,1
151.401,0,0,0.0,0.0,1
151.401,0,0,0.0,0.0,1
151.401,0,0,0.0,0.0,1
151.401,0,0,0.0,0.0,1
151.401,0,0,0.0,0.0,1
151.501,0,0,0.0,0.0,1
151.501,0,0,0.0,0.0,1
151.501,0,0,0.0,0.0,1
151.501,0,0,0.0,0.0,1
151.501,0,0,0.0,0.0,1
151.601,0,0,0.0,0.0,1
151.601,0,0,0.0,0.0,1
151.601,0,0,0.0,0.0,1
151.601,0,0,0.0,0.0,1
151.601,0,0,0.0,0.0,1
151.601,0,0,0.0,0.0,1
151.701,0,0,0.0,0.0,1
151.701,0,0,0.0,0.0,1
151.701,0,0,0.0,0.0,1
151.701,0,0,0.0,0.0,1
151.701,0,0,0.0,0.0,1
151.801,0,0,0.0,0.0,1
151.801,0,0,0.0,0.0,1
151.801,0,0,0.0,0.0,1
151.801,0,0,0.0,0.0,1
151.801,0,0,0.0,0.0,1
151.901,0,0,0.0,0.0,1
151.901,0,0,0.0,0.0,1
151.901,0,0,0.0,0.0,1
151.901,0,0,0.0,0.0,1
151.901,0,0,0.0,0.0,1
152.001,0,0,0.0,0.0,1
152.001,0,0,0.0,0.0,1
152.001,0,0,0.0,0.0,1
152.001,0,0,0.0,0.0,1
152.001,0,0,0.0,0.0,1
152.101,0,0,0.0,0.0,1
152.101,0,0,0.0,0.0,1
152.101,0,0,0.0,0.0,1
152.101,0,0,0.0,0.0,1
152.101,0,0,0.0,0.0,1
152.101,0,0,0.0,0.0,1
152.201,0,0,0.0,0.0,1
152.201,0,0,0.0,0.0,1
152.201,0,0,0.0,0.0,1
152.201,0,0,0.0,0.0,1
152.201,0,0,0.0,0.0,1
152.301,0,0,0.0,0.0,1
152.301,0,0,0.0,0.0,1
152.301,0,0,0.0,0.0,1
152.301,0,0,0.0,0.0,1
152.301,0,0,0.0,0.0,1
152.401,0,0,0.0,0.0,1
152.401,0,0,0.0,0.0,1
152.401,0,0,0.0,0.0,1
152.401,0,0,0.0,0.0,1
152.401,0,0,0.0,0.0,1
152.501,0,0,0.0,0.0,1
152.501,0,0,0.0,0.0,1
152.501,0,0,0.0,0.0,1
152.501,0,0,0.0,0.0,1
152.501,0,0,0.0,0.0,1
152.601,0,0,0.0,0.0,1
152.601,0,0,0.0,0.0,1
152.601,0,0,0.0,0.0,1
152.601,0,0,0.0,0.0,1
152.601,0,0,0.0,0.0,1
152.601,0,0,0.0,0.0,1
152.701,0,0,0.0,0.0,1
152.701,0,0,0.0,0.0,1
152.701,0,0,0.0,0.0,1
152.701,0,0,0.0,0.0,1
152.701,0,0,0.0,0.0,1
152.801,0,0,0.0,0.0,1
152.801,0,0,0.0,0.0,1
152.801,0,0,0.0,0.0,1
152.801,0,0,0.0,0.0,1
152.801,0,0,0.0,0.0,1
152.901,0,0,0.0,0.0,1
152.901,0,0,0.0,0.0,1
152.901,0,0,0.0,0.0,1
152.901,0,0,0.0,0.0,1
152.901,0,0,0.0,0.0,1
153.001,0,0,0.0,0.0,1
153.001,0,0,0.0,0.0,1
153.001,0,0,0.0,0.0,1
153.001,0,0,0.0,0.0,1
153.001,0,0,0.0,0.0,1
153.001,0,0,0.0,0.0,1
153.101,0,0,0.0,0.0,1
153.101,0,0,0.0,0.0,1
153.101,0,0,0.0,0.0,1
153.101,0,0,0.0,0.0,1
153.101,0,0,0.0,0.0,1
153.201,0,0,0.0,0.0,1
153.201,0,0,0.0,0.0,1
153.201,0,0,0.0,0.0,1
153.201,0,0,0.0,0.0,1
153.201,0,0,0.0,0.0,1
153.301,0,0,0.0,0.0,1
153.301,0,0,0.0,0.0,1
153.301,0,0,0.0,0.0,1
153.301,0,0,0.0,0.0,1
153.301,0,0,0.0,0.0,1
153.401,0,0,0.0,0.0,1
153.401,0,0,0.0,0.0,1
153.401,0,0,0.0,0.0,1
153.401,0,0,0.0,0.0,1
153.401,0,0,0.0,0.0,1
153.501,0,0,0.0,0.0,1
153.501,0,0,0.0,0.0,1
153.501,0,0,0.0,0.0,1
153.501,0,0,0.0,0.0,1
153.501,0,0,0.0,0.0,1
153.501,0,0,0.0,0.0,1
153.601,0,0,0.0,0.0,1
153.601,0,0,0.0,0.0,1
153.601,0,0,0.0,0.0,1
153.601,0,0,0.0,0.0,1
153.601,0,0,0.0,0.0,1
153.701,0,0,0.0,0.0,1
153.701,0,0,0.0,0.0,1
153.701,0,0,0.0,0.0,1
153.701,0,0,0.0,0.0,1
153.701,0,0,0.0,0.0,1
153.801,0,0,0.0,0.0,1
153.801,0,0,0.0,0.0,1
153.801,0,0,0.0,0.0,1
153.801,0,0,0.0,0.0,1
153.801,0,0,0.0,0.0,1
153.901,0,0,0.0,0.0,1
153.901,0,0,0.0,0.0,1
153.901,0,0,0.0,0.0,1
153.901,0,0,0.0,0.0,1
153.901,0,0,0.0,0.0,1
153.901,0,0,0.0,0.0,1
154.001,0,0,0.0,0.0,1
154.001,0,0,0.0,0.0,1
154.001,0,0,0.0,0.0,1
154.001,0,0,0.0,0.0,1
154.001,0,0,0.0,0.0,1
154.101,0,0,0.0,0.0,1
154.101,0,0,0.0,0.0,1
154.101,0,0,0.0,0.0,1
154.101,0,0,0.0,0.0,1
154.101,0,0,0.0,0.0,1
154.201,0,0,0.0,0.0,1
154.201,0,0,0.0,0.0,1
154.201,0,0,0.0,0.0,1
154.201,0,0,0.0,0.0,1
154.201,0,0,0.0,0.0,1
154.301,0,0,0.0,0.0,1
154.301,0,0,0.0,0.0,1
154.301,0,0,0.0,0.0,1
154.301,0,0,0.0,0.0,1
154.301,0,0,0.0,0.0,1
154.401,0,0,0.0,0.0,1
154.401,0,0,0.0,0.0,1
154.401,0,0,0.0,0.0,1
154.401,0,0,0.0,0.0,1
154.401,0,0,0.0,0.0,1
154.401,0,0,0.0,0.0,1
154.501,0,0,0.0,0.0,1
154.501,0,0,0.0,0.0,1
154.501,0,0,0.0,0.0,1
154.501,0,0,0.0,0.0,1
154.501,0,0,0.0,0.0,1
154.601,0,0,0.0,0.0,1
154.601,0,0,0.0,0.0,1
154.601,0,0,0.0,0.0,1
154.601,0,0,0.0,0.0,1
154.601,0,0,0.0,0.0,1
154.701,0,0,0.0,0.0,1
154.701,0,0,0.0,0.0,1
154.701,0,0,0.0,0.0,1
154.701,0,0,0.0,0.0,1
154.701,0,0,0.0,0.0,1
154.801,0,0,0.0,0.0,1
154.801,0,0,0.0,0.0,1
154.801,0,0,0.0,0.0,1
154.801,0,0,0.0,0.0,1
154.801,0,0,0.0,0.0,1
154.801,0,0,0.0,0.0,1
154.901,0,0,0.0,0.0,1
154.901,0,0,0.0,0.0,1
154.901,0,0,0.0,0.0,1
154.901,0,0,0.0,0.0,1
154.901,0,0,0.0,0.0,1
155.001,0,0,0.0,0.0,1
155.001,0,0,0.0,0.0,1
155.001,0,0,0.0,0.0,1
155.001,0,0,0.0,0.0,1
155.001,0,0,0.0,0.0,1
155.101,0,0,0.0,0.0,1
155.101,0,0,0.0,0.0,1
155.101,0,0,0.0,0.0,1
155.101,0,0,0.0,0.0,1
155.101,0,0,0.0,0.0,1
155.201,0,0,0.0,0.0,1
155.201,0,0,0.0,0.0,1
155.201,0,0,0.0,0.0,1
155.201,0,0,0.0,0.0,1
155.201,0,0,0.0,0.0,1
155.301,0,0,0.0,0.0,1
155.301,0,0,0.0,0.0,1
155.301,0,0,0.0,0.0,1
155.301,0,0,0.0,0.0,1
155.301,0,0,0.0,0.0,1
155.301,0,0,0.0,0.0,1
155.401,0,0,0.0,0.0,1
155.401,0,0,0.0,0.0,1
155.401,0,0,0.0,0.0,1
155.401,0,0,0.0,0.0,1
155.401,0,0,0.0,0.0,1
155.501,0,0,0.0,0.0,1
155.501,0,0,0.0,0.0,1
155.501,0,0,0.0,0.0,1
155.501,0,0,0.0,0.0,1
155.501,0,0,0.0,0.0,1
155.601,0,0,0.0,0.0,1
155.601,0,0,0.0,0.0,1
155.601,0,0,0.0,0.0,1
155.601,0,0,0.0,0.0,1
155.601,0,0,0.0,0.0,1
155.701,0,0,0.0,0.0,1
155.701,0,0,0.0,0.0,1
155.701,0,0,0.0,0.0,1
155.701,0,0,0.0,0.0,1
155.701,0,0,0.0,0.0,1
155.801,0,0,0.0,0.0,1
155.801,0,0,0.0,0.0,1
155.801,0,0,0.0,0.0,1
155.801,0,0,0.0,0.0,1
155.801,0,0,0.0,0.0,1
155.801,0,0,0.0,0.0,1
155.901,0,0,0.0,0.0,1
155.901,0,0,0.0,0.0,1
155.901,0,0,0.0,0.0,1
155.901,0,0,0.0,0.0,1
155.901,0,0,0.0,0.0,1
156.001,0,0,0.0,0.0,1
156.001,0,0,0.0,0.0,1
156.001,0,0,0.0,0.0,1
156.001,0,0,0.0,0.0,1
156.001,0,0,0.0,0.0,1
156.101,0,0,0.0,0.0,1
156.101,0,0,0.0,0.0,1
156.101,0,0,0.0,0.0,1
156.101,0,0,0.0,0.0,1
156.101,0,0,0.0,0.0,1
156.201,0,0,0.0,0.0,1
156.201,0,0,0.0,0.0,1
156.201,0,0,0.0,0.0,1
156.201,0,0,0.0,0.0,1
156.201,0,0,0.0,0.0,1
156.201,0,0,0.0,0.0,1
156.301,0,0,0.0,0.0,1
156.301,0,0,0.0,0.0,1
156.301,0,0,0.0,0.0,1
156.301,0,0,0.0,0.0,1
156.301,0,0,0.0,0.0,1
156.401,0,0,0.0,0.0,1
156.401,0,0,0.0,0.0,1
156.401,0,0,0.0,0.0,1
156.401,0,0,0.0,0.0,1
156.401,0,0,0.0,0.0,1
156.501,0,0,0.0,0.0,1
156.501,0,0,0.0,0.0,1
156.501,0,0,0.0,0.0,1
156.501,0,0,0.0,0.0,1
156.501,0,0,0.0,0.0,1
156.601,0,0,0.0,0.0,1
156.601,0,0,0.0,0.0,1
156.601,0,0,0.0,0.0,1
156.601,0,0,0.0,0.0,1
156.601,0,0,0.0,0.0,1
156.701,0,0,0.0,0.0,1
156.701,0,0,0.0,0.0,1
156.701,0,0,0.0,0.0,1
156.701,0,0,0.0,0.0,1
156.701,0,0,0.0,0.0,1
156.701,0,0,0.0,0.0,1
156.801,0,0,0.0,0.0,1
156.801,0,0,0.0,0.0,1
156.801,0,0,0.0,0.0,1
156.801,0,0,0.0,0.0,1
156.801,0,0,0.0,0.0,1
156.901,0,0,0.0,0.0,1
156.901,0,0,0.0,0.0,1
156.901,0,0,0.0,0.0,1
156.901,0,0,0.0,0.0,1
156.901,0,0,0.0,0.0,1
157.001,0,0,0.0,0.0,1
157.001,0,0,0.0,0.0,1
157.001,0,0,0.0,0.0,1
157.001,0,0,0.0,0.0,1
157.001,0,0,0.0,0.0,1
157.101,0,0,0.0,0.0,1
157.101,0,0,0.0,0.0,1
157.101,0,0,0.0,0.0,1
157.101,0,0,0.0,0.0,1
157.101,0,0,0.0,0.0,1
157.101,0,0,0.0,0.0,1
157.201,0,0,0.0,0.0,1
157.201,0,0,0.0,0.0,1
157.201,0,0,0.0,0.0,1
157.201,0,0,0.0,0.0,1
157.201,0,0,0.0,0.0,1
157.301,0,0,0.0,0.0,1
157.301,0,0,0.0,0.0,1
157.301,0,0,0.0,0.0,1
157.301,0,0,0.0,0.0,1
157.301,0,0,0.0,0.0,1
157.401,0,0,0.0,0.0,1
157.401,0,0,0.0,0.0,1
157.401,0,0,0.0,0.0,1
157.401,0,0,0.0,0.0,1
157.401,0,0,0.0,0.0,1
157.501,0,0,0.0,0.0,1
157.501,0,0,0.0,0.0,1
157.501,0,0,0.0,0.0,1
157.501,0,0,0.0,0.0,1
157.501,0,0,0.0,0.0,1
157.601,0,0,0.0,0.0,1
157.601,0,0,0.0,0.0,1
157.601,0,0,0.0,0.0,1
157.601,0,0,0.0,0.0,1
157.601,0,0,0.0,0.0,1
157.601,0,0,0.0,0.0,1
157.701,0,0,0.0,0.0,1
157.701,0,0,0.0,0.0,1
157.701,0,0,0.0,0.0,1
157.701,0,0,0.0,0.0,1
157.701,0,0,0.0,0.0,1
157.801,0,0,0.0,0.0,1
157.801,0,0,0.0,0.0,1
157.801,0,0,0.0,0.0,1
157.801,0,0,0.0,0.0,1
157.801,0,0,0.0,0.0,1
157.901,0,0,0.0,0.0,1
157.901,0,0,0.0,0.0,1
157.901,0,0,0.0,0.0,1
157.901,0,0,0.0,0.0,1
157.901,0,0,0.0,0.0,1
158.001,0,0,0.0,0.0,1
158.001,0,0,0.0,0.0,1
158.001,0,0,0.0,0.0,1
158.001,0,0,0.0,0.0,1
158.001,0,0,0.0,0.0,1
158.101,0,0,0.0,0.0,1
158.101,0,0,0.0,0.0,1
158.101,0,0,0.0,0.0,1
158.101,0,0,0.0,0.0,1
158.101,0,0,0.0,0.0,1
158.101,0,0,0.0,0.0,1
158.201,0,0,0.0,0.0,1
158.201,0,0,0.0,0.0,1
158.201,0,0,0.0,0.0,1
158.201,0,0,0.0,0.0,1
158.201,0,0,0.0,0.0,1
158.301,0,0,0.0,0.0,1
158.301,0,0,0.0,0.0,1
158.301,0,0,0.0,0.0,1
158.301,0,0,0.0,0.0,1
158.301,0,0,0.0,0.0,1
158.401,0,0,0.0,0.0,1
158.401,0,0,0.0,0.0,1
158.401,0,0,0.0,0.0,1
158.401,0,0,0.0,0.0,1
158.401,0,0,0.0,0.0,1
158.501,0,0,0.0,0.0,1
158.501,0,0,0.0,0.0,1
158.501,0,0,0.0,0.0,1
158.501,0,0,0.0,0.0,1
158.501,0,0,0.0,0.0,1
158.501,0,0,0.0,0.0,1
158.601,0,0,0.0,0.0,1
158.601,0,0,0.0,0.0,1
158.601,0,0,0.0,0.0,1
158.601,0,0,0.0,0.0,1
158.601,0,0,0.0,0.0,1
158.701,0,0,0.0,0.0,1
158.701,0,0,0.0,0.0,1
158.701,0,0,0.0,0.0,1
158.701,0,0,0.0,0.0,1
158.701,0,0,0.0,0.0,1
158.801,0,0,0.0,0.0,1
158.801,0,0,0.0,0.0,1
158.801,0,0,0.0,0.0,1
158.801,0,0,0.0,0.0,1
158.801,0,0,0.0,0.0,1
158.901,0,0,0.0,0.0,1
158.901,0,0,0.0,0.0,1
158.901,0,0,0.0,0.0,1
158.901,0,0,0.0,0.0,1
158.901,0,0,0.0,0.0,1
159.001,0,0,0.0,0.0,1
159.001,0,0,0.0,0.0,1
159.001,0,0,0.0,0.0,1
159.001,0,0,0.0,0.0,1
159.001,0,0,0.0,0.0,1
159.001,0,0,0.0,0.0,1
159.101,0,0,0.0,0.0,1
159.101,0,0,0.0,0.0,1
159.101,0,0,0.0,0.0,1
159.101,0,0,0.0,0.0,1
159.101,0,0,0.0,0.0,1
159.201,0,0,0.0,0.0,1
159.201,0,0,0.0,0.0,1
159.201,0,0,0.0,0.0,1
159.201,0,0,0.0,0.0,1
159.201,0,0,0.0,0.0,1
159.301,0,0,0.0,0.0,1
159.301,0,0,0.0,0.0,1
159.301,0,0,0.0,0.0,1
159.301,0,0,0.0,0.0,1
159.301,0,0,0.0,0.0,1
159.401,0,0,0.0,0.0,1
159.401,0,0,0.0,0.0,1
159.401,0,0,0.0,0.0,1
159.401,0,0,0.0,0.0,1
159.401,0,0,0.0,0.0,1
159.401,0,0,0.0,0.0,1
159.501,0,0,0.0,0.0,1
159.501,0,0,0.0,0.0,1
159.501,0,0,0.0,0.0,1
159.501,0,0,0.0,0.0,1
159.501,0,0,0.0,0.0,1
159.601,0,0,0.0,0.0,1
159.601,0,0,0.0,0.0,1
159.601,0,0,0.0,0.0,1
159.601,0,0,0.0,0.0,1
159.601,0,0,0.0,0.0,1
159.701,0,0,0.0,0.0,1
159.701,0,0,0.0,0.0,1
159.701,0,0,0.0,0.0,1
159.701,0,0,0.0,0.0,1
159.701,0,0,0.0,0.0,1
159.801,0,0,0.0,0.0,1
159.801,0,0,0.0,0.0,1
159.801,0,0,0.0,0.0,1
159.801,0,0,0.0,0.0,1
159.801,0,0,0.0,0.0,1
159.901,0,0,0.0,0.0,1
159.901,0,0,0.0,0.0,1
159.901,0,0,0.0,0.0,1
159.901,0,0,0.0,0.0,1
159.901,0,0,0.0,0.0,1
159.901,0,0,0.0,0.0,1
160.001,0,0,0.0,0.0,1
160.001,0,0,0.0,0.0,1
160.001,0,0,0.0,0.0,1
160.001,0,0,0.0,0.0,1
160.001,0,0,0.0,0.0,1
160.101,0,0,0.0,0.0,1
160.101,0,0,0.0,0.0,1
160.101,0,0,0.0,0.0,1
160.101,0,0,0.0,0.0,1
160.101,0,0,0.0,0.0,1
160.201,0,0,0.0,0.0,1
160.201,0,0,0.0,0.0,1
160.201,0,0,0.0,0.0,1
160.201,0,0,0.0,0.0,1
160.201,0,0,0.0,0.0,1
160.301,0,0,0.0,0.0,1
160.301,0,0,0.0,0.0,1
160.301,0,0,0.0,0.0,1
160.301,0,0,0.0,0.0,1
160.301,0,0,0.0,0.0,1
160.301,0,0,0.0,0.0,1
160.401,0,0,0.0,0.0,1
160.401,0,0,0.0,0.0,1
160.401,0,0,0.0,0.0,1
160.401,0,0,0.0,0.0,1
160.401,0,0,0.0,0.0,1
160.501,0,0,0.0,0.0,1
160.501,0,0,0.0,0.0,1
160.501,0,0,0.0,0.0,1
160.501,0,0,0.0,0.0,1
160.501,0,0,0.0,0.0,1
160.601,0,0,0.0,0.0,1
160.601,0,0,0.0,0.0,1
160.601,0,0,0.0,0.0,1
160.601,0,0,0.0,0.0,1
160.601,0,0,0.0,0.0,1
160.701,0,0,0.0,0.0,1
160.701,0,0,0.0,0.0,1
160.701,0,0,0.0,0.0,1
160.701,0,0,0.0,0.0,1
160.701,0,0,0.0,0.0,1
160.801,0,0,0.0,0.0,1
160.801,0,0,0.0,0.0,1
160.801,0,0,0.0,0.0,1
160.801,0,0,0.0,0.0,1
160.801,0,0,0.0,0.0,1
160.801,0,0,0.0,0.0,1
160.901,0,0,0.0,0.0,1
160.901,0,0,0.0,0.0,1
160.901,0,0,0.0,0.0,1
160.901,0,0,0.0,0.0,1
160.901,0,0,0.0,0.0,1
161.001,0,0,0.0,0.0,1
161.001,0,0,0.0,0.0,1
161.001,0,0,0.0,0.0,1
161.001,0,0,0.0,0.0,1
161.001,0,0,0.0,0.0,1
161.101,0,0,0.0,0.0,1
161.101,0,0,0.0,0.0,1
161.101,0,0,0.0,0.0,1
161.101,0,0,0.0,0.0,1
161.101,0,0,0.0,0.0,1
161.201,0,0,0.0,0.0,1
161.201,0,0,0.0,0.0,1
161.201,0,0,0.0,0.0,1
161.201,0,0,0.0,0.0,1
161.201,0,0,0.0,0.0,1
161.301,0,0,0.0,0.0,1
161.301,0,0,0.0,0.0,1
161.301,0,0,0.0,0.0,1
161.301,0,0,0.0,0.0,1
161.301,0,0,0.0,0.0,1
161.301,0,0,0.0,0.0,1
161.401,0,0,0.0,0.0,1
161.401,0,0,0.0,0.0,1
161.401,0,0,0.0,0.0,1
161.401,0,0,0.0,0.0,1
161.401,0,0,0.0,0.0,1
161.501,0,0,0.0,0.0,1
161.501,0,0,0.0,0.0,1
161.501,0,0,0.0,0.0,1
161.501,0,0,0.0,0.0,1
161.501,0,0,0.0,0.0,1
161.601,0,0,0.0,0.0,1
161.601,0,0,0.0,0.0,1
161.601,0,0,0.0,0.0,1
161.601,0,0,0.0,0.0,1
161.601,0,0,0.0,0.0,1
161.701,0,0,0.0,0.0,1
161.701,0,0,0.0,0.0,1
161.701,0,0,0.0,0.0,1
161.701,0,0,0.0,0.0,1
161.701,0,0,0.0,0.0,1
161.701,0,0,0.0,0.0,1
161.801,0,0,0.0,0.0,1
161.801,0,0,0.0,0.0,1
161.801,0,0,0.0,0.0,1
161.801,0,0,0.0,0.0,1
161.801,0,0,0.0,0.0,1
161.901,0,0,0.0,0.0,1
161.901,0,0,0.0,0.0,1
161.901,0,0,0.0,0.0,1
161.901,0,0,0.0,0.0,1
161.901,0,0,0.0,0.0,1
162.001,0,0,0.0,0.0,1
162.001,0,0,0.0,0.0,1
162.001,0,0,0.0,0.0,1
162.001,0,0,0.0,0.0,1
162.001,0,0,0.0,0.0,1
162.101,0,0,0.0,0.0,1
162.101,0,0,0.0,0.0,1
162.101,0,0,0.0,0.0,1
162.101,0,0,0.0,0.0,1
162.101,0,0,0.0,0.0,1
162.201,0,0,0.0,0.0,1
162.201,0,0,0.0,0.0,1
162.201,0,0,0.0,0.0,1
162.201,0,0,0.0,0.0,1
162.201,0,0,0.0,0.0,1
162.201,0,0,0.0,0.0,1
162.301,0,0,0.0,0.0,1
162.301,0,0,0.0,0.0,1
162.301,0,0,0.0,0.0,1
162.301,0,0,0.0,0.0,1
162.301,0,0,0.0,0.0,1
162.401,0,0,0.0,0.0,1
162.401,0,0,0.0,0.0,1
162.401,0,0,0.0,0.0,1
162.401,0,0,0.0,0.0,1
162.401,0,0,0.0,0.0,1
162.501,0,0,0.0,0.0,1
162.501,0,0,0.0,0.0,1
162.501,0,0,0.0,0.0,1
162.501,0,0,0.0,0.0,1
162.501,0,0,0.0,0.0,1
162.601,0,0,0.0,0.0,1
162.601,0,0,0.0,0.0,1
162.601,0,0,0.0,0.0,1
162.601,0,0,0.0,0.0,1
162.601,0,0,0.0,0.0,1
162.601,0,0,0.0,0.0,1
162.701,0,0,0.0,0.0,1
162.701,0,0,0.0,0.0,1
162.701,0,0,0.0,0.0,1
162.701,0,0,0.0,0.0,1
162.701,0,0,0.0,0.0,1
162.801,0,0,0.0,0.0,1
162.801,0,0,0.0,0.0,1
162.801,0,0,0.0,0.0,1
162.801,0,0,0.0,0.0,1
162.801,0,0,0.0,0.0,1
162.901,0,0,0.0,0.0,1
162.901,0,0,0.0,0.0,1
162.901,0,0,0.0,0.0,1
162.901,0,0,0.0,0.0,1
162.901,0,0,0.0,0.0,1
163.001,0,0,0.0,0.0,1
163.001,0,0,0.0,0.0,1
163.001,0,0,0.0,0.0,1
163.001,0,0,0.0,0.0,1
163.001,0,0,0.0,0.0,1
163.101,0,0,0.0,0.0,1
163.101,0,0,0.0,0.0,1
163.101,0,0,0.0,0.0,1
163.101,0,0,0.0,0.0,1
163.101,0,0,0.0,0.0,1
163.101,0,0,0.0,0.0,1
163.201,0,0,0.0,0.0,1
163.201,0,0,0.0,0.0,1
163.201,0,0,0.0,0.0,1
163.201,0,0,0.0,0.0,1
163.201,0,0,0.0,0.0,1
163.301,0,0,0.0,0.0,1
163.301,0,0,0.0,0.0,1
163.301,0,0,0.0,0.0,1
163.301,0,0,0.0,0.0,1
163.301,0,0,0.0,0.0,1
163.401,0,0,0.0,0.0,1
163.401,0,0,0.0,0.0,1
163.401,0,0,0.0,0.0,1
163.401,0,0,0.0,0.0,1
163.401,0,0,0.0,0.0,1
163.501,0,0,0.0,0.0,1
163.501,0,0,0.0,0.0,1
163.501,0,0,0.0,0.0,1
163.501,0,0,0.0,0.0,1
163.501,0,0,0.0,0.0,1
163.601,0,0,0.0,0.0,1
163.601,0,0,0.0,0.0,1
163.601,0,0,0.0,0.0,1
163.601,0,0,0.0,0.0,1
163.601,0,0,0.0,0.0,1
163.601,0,0,0.0,0.0,1
163.701,0,0,0.0,0.0,1
163.701,0,0,0.0,0.0,1
163.701,0,0,0.0,0.0,1
163.701,0,0,0.0,0.0,1
163.701,0,0,0.0,0.0,1
163.801,0,0,0.0,0.0,1
163.801,0,0,0.0,0.0,1
163.801,0,0,0.0,0.0,1
163.801,0,0,0.0,0.0,1
163.801,0,0,0.0,0.0,1
163.901,0,0,0.0,0.0,1
163.901,0,0,0.0,0.0,1
163.901,0,0,0.0,0.0,1
163.901,0,0,0.0,0.0,1
163.901,0,0,0.0,0.0,1
164.001,0,0,0.0,0.0,1
164.001,0,0,0.0,0.0,1
164.001,0,0,0.0,0.0,1
164.001,0,0,0.0,0.0,1
164.001,0,0,0.0,0.0,1
164.001,0,0,0.0,0.0,1
164.101,0,0,0.0,0.0,1
164.101,0,0,0.0,0.0,1
164.101,0,0,0.0,0.0,1
164.101,0,0,0.0,0.0,1
164.101,0,0,0.0,0.0,1
164.201,0,0,0.0,0.0,1
164.201,0,0,0.0,0.0,1
164.201,0,0,0.0,0.0,1
164.201,0,0,0.0,0.0,1
164.201,0,0,0.0,0.0,1
164.301,0,0,0.0,0.0,1
164.301,0,0,0.0,0.0,1
164.301,0,0,0.0,0.0,1
164.301,0,0,0.0,0.0,1
164.301,0,0,0.0,0.0,1
164.401,0,0,0.0,0.0,1
164.401,0,0,0.0,0.0,1
164.401,0,0,0.0,0.0,1
164.401,0,0,0.0,0.0,1
164.401,0,0,0.0,0.0,1
164.501,0,0,0.0,0.0,1
164.501,0,0,0.0,0.0,1
164.501,0,0,0.0,0.0,1
164.501,0,0,0.0,0.0,1
164.501,0,0,0.0,0.0,1
164.501,0,0,0.0,0.0,1
164.601,0,0,0.0,0.0,1
164.601,0,0,0.0,0.0,1
164.601,0,0,0.0,0.0,1
164.601,0,0,0.0,0.0,1
164.601,0,0,0.0,0.0,1
164.701,0,0,0.0,0.0,1
164.701,0,0,0.0,0.0,1
164.701,0,0,0.0,0.0,1
164.701,0,0,0.0,0.0,1
164.701,0,0,0.0,0.0,1
164.801,0,0,0.0,0.0,1
164.801,0,0,0.0,0.0,1
164.801,0,0,0.0,0.0,1
164.801,0,0,0.0,0.0,1
164.801,0,0,0.0,0.0,1
164.901,0,0,0.0,0.0,1
164.901,0,0,0.0,0.0,1
164.901,0,0,0.0,0.0,1
164.901,0,0,0.0,0.0,1
164.901,0,0,0.0,0.0,1
164.901,0,0,0.0,0.0,1
165.001,0,0,0.0,0.0,1
165.001,0,0,0.0,0.0,1
165.001,0,0,0.0,0.0,1
165.001,0,0,0.0,0.0,1
165.001,0,0,0.0,0.0,1
165.101,0,0,0.0,0.0,1
165.101,0,0,0.0,0.0,1
165.101,0,0,0.0,0.0,1
165.101,0,0,0.0,0.0,1
165.101,0,0,0.0,0.0,1
165.201,0,0,0.0,0.0,1
165.201,0,0,0.0,0.0,1
165.201,0,0,0.0,0.0,1
165.201,0,0,0.0,0.0,1
165.201,0,0,0.0,0.0,1
165.301,0,0,0.0,0.0,1
165.301,0,0,0.0,0.0,1
165.301,0,0,0.0,0.0,1
165.301,0,0,0.0,0.0,1
165.301,0,0,0.0,0.0,1
165.401,0,0,0.0,0.0,1
165.401,0,0,0.0,0.0,1
165.401,0,0,0.0,0.0,1
165.401,0,0,0.0,0.0,1
165.401,0,0,0.0,0.0,1
165.401,0,0,0.0,0.0,1
165.501,0,0,0.0,0.0,1
165.501,0,0,0.0,0.0,1
165.501,0,0,0.0,0.0,1
165.501,0,0,0.0,0.0,1
165.501,0,0,0.0,0.0,1
165.601,0,0,0.0,0.0,1
165.601,0,0,0.0,0.0,1
165.601,0,0,0.0,0.0,1
165.601,0,0,0.0,0.0,1
165.601,0,0,0.0,0.0,1
165.701,0,0,0.0,0.0,1
165.701,0,0,0.0,0.0,1
165.701,0,0,0.0,0.0,1
165.701,0,0,0.0,0.0,1
165.701,0,0,0.0,0.0,1
165.801,0,0,0.0,0.0,1
165.801,0,0,0.0,0.0,1
165.801,0,0,0.0,0.0,1
165.801,0,0,0.0,0.0,1
165.801,0,0,0.0,0.0,1
165.901,0,0,0.0,0.0,1
165.901,0,0,0.0,0.0,1
165.901,0,0,0.0,0.0,1
165.901,0,0,0.0,0.0,1
165.901,0,0,0.0,0.0,1
165.901,0,0,0.0,0.0,1
166.001,0,0,0.0,0.0,1
166.001,0,0,0.0,0.0,1
166.001,0,0,0.0,0.0,1
166.001,0,0,0.0,0.0,1
166.001,0,0,0.0,0.0,1
166.101,0,0,0.0,0.0,1
166.101,0,0,0.0,0.0,1
166.101,0,0,0.0,0.0,1
166.101,0,0,0.0,0.0,1
166.101,0,0,0.0,0.0,1
166.201,0,0,0.0,0.0,1
166.201,0,0,0.0,0.0,1
166.201,0,0,0.0,0.0,1
166.201,0,0,0.0,0.0,1
166.201,0,0,0.0,0.0,1
166.301,0,0,0.0,0.0,1
166.301,0,0,0.0,0.0,1
166.301,0,0,0.0,0.0,1
166.301,0,0,0.0,0.0,1
166.301,0,0,0.0,0.0,1
166.301,0,0,0.0,0.0,1
166.401,0,0,0.0,0.0,1
166.401,0,0,0.0,0.0,1
166.401,0,0,0.0,0.0,1
166.401,0,0,0.0,0.0,1
166.401,0,0,0.0,0.0,1
166.501,0,0,0.0,0.0,1
166.501,0,0,0.0,0.0,1
166.501,0,0,0.0,0.0,1
166.501,0,0,0.0,0.0,1
166.501,0,0,0.0,0.0,1
166.601,0,0,0.0,0.0,1
166.601,0,0,0.0,0.0,1
166.601,0,0,0.0,0.0,1
166.601,0,0,0.0,0.0,1
166.601,0,0,0.0,0.0,1
166.701,0,0,0.0,0.0,1
166.701,0,0,0.0,0.0,1
166.701,0,0,0.0,0.0,1
166.701,0,0,0.0,0.0,1
166.701,0,0,0.0,0.0,1
166.801,0,0,0.0,0.0,1
166.801,0,0,0.0,0.0,1
166.801,0,0,0.0,0.0,1
166.801,0,0,0.0,0.0,1
166.801,0,0,0.0,0.0,1
166.801,0,0,0.0,0.0,1
166.901,0,0,0.0,0.0,1
166.901,0,0,0.0,0.0,1
166.901,0,0,0.0,0.0,1
166.901,0,0,0.0,0.0,1
166.901,0,0,0.0,0.0,1
167.001,0,0,0.0,0.0,1
167.001,0,0,0.0,0.0,1
167.001,0,0,0.0,0.0,1
167.001,0,0,0.0,0.0,1
167.001,0,0,0.0,0.0,1
167.101,0,0,0.0,0.0,1
167.101,0,0,0.0,0.0,1
167.101,0,0,0.0,0.0,1
167.101,0,0,0.0,0.0,1
167.101,0,0,0.0,0.0,1
167.201,0,0,0.0,0.0,1
167.201,0,0,0.0,0.0,1
167.201,0,0,0.0,0.0,1
167.201,0,0,0.0,0.0,1
167.201,0,0,0.0,0.0,1
167.201,0,0,0.0,0.0,1
167.301,0,0,0.0,0.0,1
167.301,0,0,0.0,0.0,1
167.301,0,0,0.0,0.0,1
167.301,0,0,0.0,0.0,1
167.301,0,0,0.0,0.0,1
167.401,0,0,0.0,0.0,1
167.401,0,0,0.0,0.0,1
167.401,0,0,0.0,0.0,1
167.401,0,0,0.0,0.0,1
167.401,0,0,0.0,0.0,1
167.501,0,0,0.0,0.0,1
167.501,0,0,0.0,0.0,1
167.501,0,0,0.0,0.0,1
167.501,0,0,0.0,0.0,1
167.501,0,0,0.0,0.0,1
167.601,0,0,0.0,0.0,1
167.601,0,0,0.0,0.0,1
167.601,0,0,0.0,0.0,1
167.601,0,0,0.0,0.0,1
167.601,0,0,0.0,0.0,1
167.701,0,0,0.0,0.0,1
167.701,0,0,0.0,0.0,1
167.701,0,0,0.0,0.0,1
167.701,0,0,0.0,0.0,1
167.701,0,0,0.0,0.0,1
167.701,0,0,0.0,0.0,1
167.801,0,0,0.0,0.0,1
167.801,0,0,0.0,0.0,1
167.801,0,0,0.0,0.0,1
167.801,0,0,0.0,0.0,1
167.801,0,0,0.0,0.0,1
167.901,0,0,0.0,0.0,1
167.901,0,0,0.0,0.0,1
167.901,0,0,0.0,0.0,1
167.901,0,0,0.0,0.0,1
167.901,0,0,0.0,0.0,1
168.001,0,0,0.0,0.0,1
168.001,0,0,0.0,0.0,1
168.001,0,0,0.0,0.0,1
168.001,0,0,0.0,0.0,1
168.001,0,0,0.0,0.0,1
168.101,0,0,0.0,0.0,1
168.101,0,0,0.0,0.0,1
168.101,0,0,0.0,0.0,1
168.101,0,0,0.0,0.0,1
168.101,0,0,0.0,0.0,1
168.101,0,0,0.0,0.0,1
168.201,0,0,0.0,0.0,1
168.201,0,0,0.0,0.0,1
168.201,0,0,0.0,0.0,1
168.201,0,0,0.0,0.0,1
168.201,0,0,0.0,0.0,1
168.301,0,0,0.0,0.0,1
168.301,0,0,0.0,0.0,1
168.301,0,0,0.0,0.0,1
168.301,0,0,0.0,0.0,1
168.301,0,0,0.0,0.0,1
168.401,0,0,0.0,0.0,1
168.401,0,0,0.0,0.0,1
168.401,0,0,0.0,0.0,1
168.401,0,0,0.0,0.0,1
168.401,0,0,0.0,0.0,1
168.501,0,0,0.0,0.0,1
168.501,0,0,0.0,0.0,1
168.501,0,0,0.0,0.0,1
168.501,0,0,0.0,0.0,1
168.501,0,0,0.0,0.0,1
168.601,0,0,0.0,0.0,1
168.601,0,0,0.0,0.0,1
168.601,0,0,0.0,0.0,1
168.601,0,0,0.0,0.0,1
168.601,0,0,0.0,0.0,1
168.601,0,0,0.0,0.0,1
168.701,0,0,0.0,0.0,1
168.701,0,0,0.0,0.0,1
168.701,0,0,0.0,0.0,1
168.701,0,0,0.0,0.0,1
168.701,0,0,0.0,0.0,1
168.801,0,0,0.0,0.0,1
168.801,0,0,0.0,0.0,1
168.801,0,0,0.0,0.0,1
168.801,0,0,0.0,0.0,1
168.801,0,0,0.0,0.0,1
168.901,0,0,0.0,0.0,1
168.901,0,0,0.0,0.0,1
168.901,0,0,0.0,0.0,1
168.901,0,0,0.0,0.0,1
168.901,0,0,0.0,0.0,1
169.001,0,0,0.0,0.0,1
169.001,0,0,0.0,0.0,1
169.001,0,0,0.0,0.0,1
169.001,0,0,0.0,0.0,1
169.001,0,0,0.0,0.0,1
169.101,0,0,0.0,0.0,1
169.101,0,0,0.0,0.0,1
169.101,0,0,0.0,0.0,1
169.101,0,0,0.0,0.0,1
169.101,0,0,0.0,0.0,1
169.101,0,0,0.0,0.0,1
169.201,0,0,0.0,0.0,1
169.201,0,0,0.0,0.0,1
169.201,0,0,0.0,0.0,1
169.201,0,0,0.0,0.0,1
169.201,0,0,0.0,0.0,1
169.301,0,0,0.0,0.0,1
169.301,0,0,0.0,0.0,1
169.301,0,0,0.0,0.0,1
169.301,0,0,0.0,0.0,1
169.301,0,0,0.0,0.0,1
169.401,0,0,0.0,0.0,1
169.401,0,0,0.0,0.0,1
169.401,0,0,0.0,0.0,1
169.401,0,0,0.0,0.0,1
169.401,0,0,0.0,0.0,1
169.501,0,0,0.0,0.0,1
169.501,0,0,0.0,0.0,1
169.501,0,0,0.0,0.0,1
169.501,0,0,0.0,0.0,1
169.501,0,0,0.0,0.0,1
169.501,0,0,0.0,0.0,1
169.601,0,0,0.0,0.0,1
169.601,0,0,0.0,0.0,1
169.601,0,0,0.0,0.0,1
169.601,0,0,0.0,0.0,1
169.601,0,0,0.0,0.0,1
169.701,0,0,0.0,0.0,1
169.701,0,0,0.0,0.0,1
169.701,0,0,0.0,0.0,1
169.701,0,0,0.0,0.0,1
169.701,0,0,0.0,0.0,1
169.801,0,0,0.0,0.0,1
169.801,0,0,0.0,0.0,1
169.801,0,0,0.0,0.0,1
169.801,0,0,0.0,0.0,1
169.801,0,0,0.0,0.0,1
169.901,0,0,0.0,0.0,1
169.901,0,0,0.0,0.0,1
169.901,0,0,0.0,0.0,1
169.901,0,0,0.0,0.0,1
169.901,0,0,0.0,0.0,1
170.001,0,0,0.0,0.0,1
170.001,0,0,0.0,0.0,1
170.001,0,0,0.0,0.0,1
170.001,0,0,0.0,0.0,1
170.001,0,0,0.0,0.0,1
170.001,0,0,0.0,0.0,1
170.101,0,0,0.0,0.0,1
170.101,0,0,0.0,0.0,1
170.101,0,0,0.0,0.0,1
170.101,0,0,0.0,0.0,1
170.101,0,0,0.0,0.0,1
170.201,0,0,0.0,0.0,1
170.201,0,0,0.0,0.0,1
170.201,0,0,0.0,0.0,1
170.201,0,0,0.0,0.0,1
170.201,0,0,0.0,0.0,1
170.301,0,0,0.0,0.0,1
170.301,0,0,0.0,0.0,1
170.301,0,0,0.0,0.0,1
170.301,0,0,0.0,0.0,1
170.301,0,0,0.0,0.0,1
170.401,0,0,0.0,0.0,1
170.401,0,0,0.0,0.0,1
170.401,0,0,0.0,0.0,1
170.401,0,0,0.0,0.0,1
170.401,0,0,0.0,0.0,1
170.401,0,0,0.0,0.0,1
170.501,0,0,0.0,0.0,1
170.501,0,0,0.0,0.0,1
170.501,0,0,0.0,0.0,1
170.501,0,0,0.0,0.0,1
170.501,0,0,0.0,0.0,1
170.601,0,0,0.0,0.0,1
170.601,0,0,0.0,0.0,1
170.601,0,0,0.0,0.0,1
170.601,0,0,0.0,0.0,1
170.601,0,0,0.0,0.0,1
170.701,0,0,0.0,0.0,1
170.701,0,0,0.0,0.0,1
170.701,0,0,0.0,0.0,1
170.701,0,0,0.0,0.0,1
170.701,0,0,0.0,0.0,1
170.801,0,0,0.0,0.0,1
170.801,0,0,0.0,0.0,1
170.801,0,0,0.0,0.0,1
170.801,0,0,0.0,0.0,1
170.801,0,0,0.0,0.0,1
170.901,0,0,0.0,0.0,1
170.901,0,0,0.0,0.0,1
170.901,0,0,0.0,0.0,1
170.901,0,0,0.0,0.0,1
170.901,0,0,0.0,0.0,1
170.901,0,0,0.0,0.0,1
171.001,0,0,0.0,0.0,1
171.001,0,0,0.0,0.0,1
171.001,0,0,0.0,0.0,1
171.001,0,0,0.0,0.0,1
171.001,0,0,0.0,0.0,1
171.101,0,0,0.0,0.0,1
171.101,0,0,0.0,0.0,1
171.101,0,0,0.0,0.0,1
171.101,0,0,0.0,0.0,1
171.101,0,0,0.0,0.0,1
171.201,0,0,0.0,0.0,1
171.201,0,0,0.0,0.0,1
171.201,0,0,0.0,0.0,1
171.201,0,0,0.0,0.0,1
171.201,0,0,0.0,0.0,1
171.301,0,0,0.0,0.0,1
171.301,0,0,0.0,0.0,1
171.301,0,0,0.0,0.0,1
171.301,0,0,0.0,0.0,1
171.301,0,0,0.0,0.0,1
171.401,0,0,0.0,0.0,1
171.401,0,0,0.0,0.0,1
171.401,0,0,0.0,0.0,1
171.401,0,0,0.0,0.0,1
171.401,0,0,0.0,0.0,1
171.401,0,0,0.0,0.0,1
171.501,0,0,0.0,0.0,1
171.501,0,0,0.0,0.0,1
171.501,0,0,0.0,0.0,1
171.501,0,0,0.0,0.0,1
171.501,0,0,0.0,0.0,1
171.601,0,0,0.0,0.0,1
171.601,0,0,0.0,0.0,1
171.601,0,0,0.0,0.0,1
171.601,0,0,0.0,0.0,1
171.601,0,0,0.0,0.0,1
171.701,0,0,0.0,0.0,1
171.701,0,0,0.0,0.0,1
171.701,0,0,0.0,0.0,1
171.701,0,0,0.0,0.0,1
171.701,0,0,0.0,0.0,1
171.801,0,0,0.0,0.0,1
171.801,0,0,0.0,0.0,1
171.801,0,0,0.0,0.0,1
171.801,0,0,0.0,0.0,1
171.801,0,0,0.0,0.0,1
171.801,0,0,0.0,0.0,1
171.901,0,0,0.0,0.0,1
171.901,0,0,0.0,0.0,1
171.901,0,0,0.0,0.0,1
171.901,0,0,0.0,0.0,1
171.901,0,0,0.0,0.0,1
172.001,0,0,0.0,0.0,1
172.001,0,0,0.0,0.0,1
172.001,0,0,0.0,0.0,1
172.001,0,0,0.0,0.0,1
172.001,0,0,0.0,0.0,1
172.101,0,0,0.0,0.0,1
172.101,0,0,0.0,0.0,1
172.101,0,0,0.0,0.0,1
172.101,0,0,0.0,0.0,1
172.101,0,0,0.0,0.0,1
172.201,0,0,0.0,0.0,1
172.201,0,0,0.0,0.0,1
172.201,0,0,0.0,0.0,1
172.201,0,0,0.0,0.0,1
172.201,0,0,0.0,0.0,1
172.301,0,0,0.0,0.0,1
172.301,0,0,0.0,0.0,1
172.301,0,0,0.0,0.0,1
172.301,0,0,0.0,0.0,1
172.301,0,0,0.0,0.0,1
172.301,0,0,0.0,0.0,1
172.401,0,0,0.0,0.0,1
172.401,0,0,0.0,0.0,1
172.401,0,0,0.0,0.0,1
172.401,0,0,0.0,0.0,1
172.401,0,0,0.0,0.0,1
172.501,0,0,0.0,0.0,1
172.501,0,0,0.0,0.0,1
172.501,0,0,0.0,0.0,1
172.501,0,0,0.0,0.0,1
172.501,0,0,0.0,0.0,1
172.601,0,0,0.0,0.0,1
172.601,0,0,0.0,0.0,1
172.601,0,0,0.0,0.0,1
172.601,0,0,0.0,0.0,1
172.601,0,0,0.0,0.0,1
172.701,0,0,0.0,0.0,1
172.701,0,0,0.0,0.0,1
172.701,0,0,0.0,0.0,1
172.701,0,0,0.0,0.0,1
172.701,0,0,0.0,0.0,1
172.701,0,0,0.0,0.0,1
172.801,0,0,0.0,0.0,1
172.801,0,0,0.0,0.0,1
172.801,0,0,0.0,0.0,1
172.801,0,0,0.0,0.0,1
172.801,0,0,0.0,0.0,1
172.901,0,0,0.0,0.0,1
172.901,0,0,0.0,0.0,1
172.901,0,0,0.0,0.0,1
172.901,0,0,0.0,0.0,1
172.901,0,0,0.0,0.0,1
173.001,0,0,0.0,0.0,1
173.001,0,0,0.0,0.0,1
173.001,0,0,0.0,0.0,1
173.001,0,0,0.0,0.0,1
173.001,0,0,0.0,0.0,1
173.101,0,0,0.0,0.0,1
173.101,0,0,0.0,0.0,1
173.101,0,0,0.0,0.0,1
173.101,0,0,0.0,0.0,1
173.101,0,0,0.0,0.0,1
173.201,0,0,0.0,0.0,1
173.201,0,0,0.0,0.0,1
173.201,0,0,0.0,0.0,1
173.201,0,0,0.0,0.0,1
173.201,0,0,0.0,0.0,1
173.201,0,0,0.0,0.0,1
173.301,0,0,0.0,0.0,1
173.301,0,0,0.0,0.0,1
173.301,0,0,0.0,0.0,1
173.301,0,0,0.0,0.0,1
173.301,0,0,0.0,0.0,1
173.401,0,0,0.0,0.0,1
173.401,0,0,0.0,0.0,1
173.401,0,0,0.0,0.0,1
173.401,0,0,0.0,0.0,1
173.401,0,0,0.0,0.0,1
173.501,0,0,0.0,0.0,1
173.501,0,0,0.0,0.0,1
173.501,0,0,0.0,0.0,1
173.501,0,0,0.0,0.0,1
173.501,0,0,0.0,0.0,1
173.601,0,0,0.0,0.0,1
173.601,0,0,0.0,0.0,1
173.601,0,0,0.0,0.0,1
173.601,0,0,0.0,0.0,1
173.601,0,0,0.0,0.0,1
173.701,0,0,0.0,0.0,1
173.701,0,0,0.0,0.0,1
173.701,0,0,0.0,0.0,1
173.701,0,0,0.0,0.0,1
173.701,0,0,0.0,0.0,1
173.701,0,0,0.0,0.0,1
173.801,0,0,0.0,0.0,1
173.801,0,0,0.0,0.0,1
173.801,0,0,0.0,0.0,1
173.801,0,0,0.0,0.0,1
173.801,0,0,0.0,0.0,1
173.901,0,0,0.0,0.0,1
173.901,0,0,0.0,0.0,1
173.901,0,0,0.0,0.0,1
173.901,0,0,0.0,0.0,1
173.901,0,0,0.0,0.0,1
174.001,0,0,0.0,0.0,1
174.001,0,0,0.0,0.0,1
174.001,0,0,0.0,0.0,1
174.001,0,0,0.0,0.0,1
174.001,0,0,0.0,0.0,1
174.101,0,0,0.0,0.0,1
174.101,0,0,0.0,0.0,1
174.101,0,0,0.0,0.0,1
174.101,0,0,0.0,0.0,1
174.101,0,0,0.0,0.0,1
174.101,0,0,0.0,0.0,1
174.201,0,0,0.0,0.0,1
174.201,0,0,0.0,0.0,1
174.201,0,0,0.0,0.0,1
174.201,0,0,0.0,0.0,1
174.201,0,0,0.0,0.0,1
174.301,0,0,0.0,0.0,1
174.301,0,0,0.0,0.0,1
174.301,0,0,0.0,0.0,1
174.301,0,0,0.0,0.0,1
174.301,0,0,0.0,0.0,1
174.401,0,0,0.0,0.0,1
174.401,0,0,0.0,0.0,1
174.401,0,0,0.0,0.0,1
174.401,0,0,0.0,0.0,1
174.401,0,0,0.0,0.0,1
174.501,0,0,0.0,0.0,1
174.501,0,0,0.0,0.0,1
174.501,0,0,0.0,0.0,1
174.501,0,0,0.0,0.0,1
174.501,0,0,0.0,0.0,1
174.601,0,0,0.0,0.0,1
174.601,0,0,0.0,0.0,1
174.601,0,0,0.0,0.0,1
174.601,0,0,0.0,0.0,1
174.601,0,0,0.0,0.0,1
174.601,0,0,0.0,0.0,1
174.701,0,0,0.0,0.0,1
174.701,0,0,0.0,0.0,1
174.701,0,0,0.0,0.0,1
174.701,0,0,0.0,0.0,1
174.701,0,0,0.0,0.0,1
174.801,0,0,0.0,0.0,1
174.801,0,0,0.0,0.0,1
174.801,0,0,0.0,0.0,1
174.801,0,0,0.0,0.0,1
174.801,0,0,0.0,0.0,1
174.901,0,0,0.0,0.0,1
174.901,0,0,0.0,0.0,1
174.901,0,0,0.0,0.0,1
174.901,0,0,0.0,0.0,1
174.901,0,0,0.0,0.0,1
175.001,0,0,0.0,0.0,1
175.001,0,0,0.0,0.0,1
175.001,0,0,0.0,0.0,1
175.001,0,0,0.0,0.0,1
175.001,0,0,0.0,0.0,1
175.001,0,0,0.0,0.0,1
175.101,0,0,0.0,0.0,1
175.101,0,0,0.0,0.0,1
175.101,0,0,0.0,0.0,1
175.101,0,0,0.0,0.0,1
175.101,0,0,0.0,0.0,1
175.201,0,0,0.0,0.0,1
175.201,0,0,0.0,0.0,1
175.201,0,0,0.0,0.0,1
175.201,0,0,0.0,0.0,1
175.201,0,0,0.0,0.0,1
175.301,0,0,0.0,0.0,1
175.301,0,0,0.0,0.0,1
175.301,0,0,0.0,0.0,1
175.301,0,0,0.0,0.0,1
175.301,0,0,0.0,0.0,1
175.401,0,0,0.0,0.0,1
175.401,0,0,0.0,0.0,1
175.401,0,0,0.0,0.0,1
175.401,0,0,0.0,0.0,1
175.401,0,0,0.0,0.0,1
175.501,0,0,0.0,0.0,1
175.501,0,0,0.0,0.0,1
175.501,0,0,0.0,0.0,1
175.501,0,0,0.0,0.0,1
175.501,0,0,0.0,0.0,1
175.501,0,0,0.0,0.0,1
175.601,0,0,0.0,0.0,1
175.601,0,0,0.0,0.0,1
175.601,0,0,0.0,0.0,1
175.601,0,0,0.0,0.0,1
175.601,0,0,0.0,0.0,1
175.701,0,0,0.0,0.0,1
175.701,0,0,0.0,0.0,1
175.701,0,0,0.0,0.0,1
175.701,0,0,0.0,0.0,1
175.701,0,0,0.0,0.0,1
175.801,0,0,0.0,0.0,1
175.801,0,0,0.0,0.0,1
175.801,0,0,0.0,0.0,1
175.801,0,0,0.0,0.0,1
175.801,0,0,0.0,0.0,1
175.901,0,0,0.0,0.0,1
175.901,0,0,0.0,0.0,1
175.901,0,0,0.0,0.0,1
175.901,0,0,0.0,0.0,1
175.901,0,0,0.0,0.0,1
176.001,0,0,0.0,0.0,1
176.001,0,0,0.0,0.0,1
176.001,0,0,0.0,0.0,1
176.001,0,0,0.0,0.0,1
176.001,0,0,0.0,0.0,1
176.001,0,0,0.0,0.0,1
176.101,0,0,0.0,0.0,1
176.101,0,0,0.0,0.0,1
176.101,0,0,0.0,0.0,1
176.101,0,0,0.0,0.0,1
176.101,0,0,0.0,0.0,1
176.201,0,0,0.0,0.0,1
176.201,0,0,0.0,0.0,1
176.201,0,0,0.0,0.0,1
176.201,0,0,0.0,0.0,1
176.201,0,0,0.0,0.0,1
176.301,0,0,0.0,0.0,1
176.301,0,0,0.0,0.0,1
176.301,0,0,0.0,0.0,1
176.301,0,0,0.0,0.0,1
176.301,0,0,0.0,0.0,1
176.401,0,0,0.0,0.0,1
176.401,0,0,0.0,0.0,1
176.401,0,0,0.0,0.0,1
176.401,0,0,0.0,0.0,1
176.401,0,0,0.0,0.0,1
176.401,0,0,0.0,0.0,1
176.501,0,0,0.0,0.0,1
176.501,0,0,0.0,0.0,1
176.501,0,0,0.0,0.0,1
176.501,0,0,0.0,0.0,1
176.501,0,0,0.0,0.0,1
176.601,0,0,0.0,0.0,1
176.601,0,0,0.0,0.0,1
176.601,0,0,0.0,0.0,1
176.601,0,0,0.0,0.0,1
176.601,0,0,0.0,0.0,1
176.701,0,0,0.0,0.0,1
176.701,0,0,0.0,0.0,1
176.701,0,0,0.0,0.0,1
176.701,0,0,0.0,0.0,1
176.701,0,0,0.0,0.0,1
176.801,0,0,0.0,0.0,1
176.801,0,0,0.0,0.0,1
176.801,0,0,0.0,0.0,1
176.801,0,0,0.0,0.0,1
176.801,0,0,0.0,0.0,1
176.901,0,0,0.0,0.0,1
176.901,0,0,0.0,0.0,1
176.901,0,0,0.0,0.0,1
176.901,0,0,0.0,0.0,1
176.901,0,0,0.0,0.0,1
176.901,0,0,0.0,0.0,1
177.001,0,0,0.0,0.0,1
177.001,0,0,0.0,0.0,1
177.001,0,0,0.0,0.0,1
177.001,0,0,0.0,0.0,1
177.001,0,0,0.0,0.0,1
177.101,0,0,0.0,0.0,1
177.101,0,0,0.0,0.0,1
177.101,0,0,0.0,0.0,1
177.101,0,0,0.0,0.0,1
177.101,0,0,0.0,0.0,1
177.201,0,0,0.0,0.0,1
177.201,0,0,0.0,0.0,1
177.201,0,0,0.0,0.0,1
177.201,0,0,0.0,0.0,1
177.201,0,0,0.0,0.0,1
177.301,0,0,0.0,0.0,1
177.301,0,0,0.0,0.0,1
177.301,0,0,0.0,0.0,1
177.301,0,0,0.0,0.0,1
177.301,0,0,0.0,0.0,1
177.301,0,0,0.0,0.0,1
177.401,0,0,0.0,0.0,1
177.401,0,0,0.0,0.0,1
177.401,0,0,0.0,0.0,1
177.401,0,0,0.0,0.0,1
177.401,0,0,0.0,0.0,1
177.501,0,0,0.0,0.0,1
177.501,0,0,0.0,0.0,1
177.501,0,0,0.0,0.0,1
177.501,0,0,0.0,0.0,1
177.501,0,0,0.0,0.0,1
177.601,0,0,0.0,0.0,1
177.601,0,0,0.0,0.0,1
177.601,0,0,0.0,0.0,1
177.601,0,0,0.0,0.0,1
177.601,0,0,0.0,0.0,1
177.701,0,0,0.0,0.0,1
177.701,0,0,0.0,0.0,1
177.701,0,0,0.0,0.0,1
177.701,0,0,0.0,0.0,1
177.701,0,0,0.0,0.0,1
177.801,0,0,0.0,0.0,1
177.801,0,0,0.0,0.0,1
177.801,0,0,0.0,0.0,1
177.801,0,0,0.0,0.0,1
177.801,0,0,0.0,0.0,1
177.801,0,0,0.0,0.0,1
177.901,0,0,0.0,0.0,1
177.901,0,0,0.0,0.0,1
177.901,0,0,0.0,0.0,1
177.901,0,0,0.0,0.0,1
177.901,0,0,0.0,0.0,1
178.001,0,0,0.0,0.0,1
178.001,0,0,0.0,0.0,1
178.001,0,0,0.0,0.0,1
178.001,0,0,0.0,0.0,1
178.001,0,0,0.0,0.0,1
178.101,0,0,0.0,0.0,1
178.101,0,0,0.0,0.0,1
178.101,0,0,0.0,0.0,1
178.101,0,0,0.0,0.0,1
178.101,0,0,0.0,0.0,1
178.201,0,0,0.0,0.0,1
178.201,0,0,0.0,0.0,1
178.201,0,0,0.0,0.0,1
178.201,0,0,0.0,0.0,1
178.201,0,0,0.0,0.0,1
178.301,0,0,0.0,0.0,1
178.301,0,0,0.0,0.0,1
178.301,0,0,0.0,0.0,1
178.301,0,0,0.0,0.0,1
178.301,0,0,0.0,0.0,1
178.301,0,0,0.0,0.0,1
178.401,0,0,0.0,0.0,1
178.401,0,0,0.0,0.0,1
178.401,0,0,0.0,0.0,1
178.401,0,0,0.0,0.0,1
178.401,0,0,0.0,0.0,1
178.501,0,0,0.0,0.0,1
178.501,0,0,0.0,0.0,1
178.501,0,0,0.0,0.0,1
178.501,0,0,0.0,0.0,1
178.501,0,0,0.0,0.0,1
178.601,0,0,0.0,0.0,1
178.601,0,0,0.0,0.0,1
178.601,0,0,0.0,0.0,1
178.601,0,0,0.0,0.0,1
178.601,0,0,0.0,0.0,1
178.701,0,0,0.0,0.0,1
178.701,0,0,0.0,0.0,1
178.701,0,0,0.0,0.0,1
178.701,0,0,0.0,0.0,1
178.701,0,0,0.0,0.0,1
178.701,0,0,0.0,0.0,1
178.801,0,0,0.0,0.0,1
178.801,0,0,0.0,0.0,1
178.801,0,0,0.0,0.0,1
178.801,0,0,0.0,0.0,1
178.801,0,0,0.0,0.0,1
178.901,0,0,0.0,0.0,1
178.901,0,0,0.0,0.0,1
178.901,0,0,0.0,0.0,1
178.901,0,0,0.0,0.0,1
178.901,0,0,0.0,0.0,1
179.001,0,0,0.0,0.0,1
179.001,0,0,0.0,0.0,1
179.001,0,0,0.0,0.0,1
179.001,0,0,0.0,0.0,1
179.001,0,0,0.0,0.0,1
179.101,0,0,0.0,0.0,1
179.101,0,0,0.0,0.0,1
179.101,0,0,0.0,0.0,1
179.101,0,0,0.0,0.0,1
179.101,0,0,0.0,0.0,1
179.201,0,0,0.0,0.0,1
179.201,0,0,0.0,0.0,1
179.201,0,0,0.0,0.0,1
179.201,0,0,0.0,0.0,1
179.201,0,0,0.0,0.0,1
179.201,0,0,0.0,0.0,1
179.301,0,0,0.0,0.0,1
179.301,0,0,0.0,0.0,1
179.301,0,0,0.0,0.0,1
179.301,0,0,0.0,0.0,1
179.301,0,0,0.0,0.0,1
179.401,0,0,0.0,0.0,1
179.401,0,0,0.0,0.0,1
179.401,0,0,0.0,0.0,1
179.401,0,0,0.0,0.0,1
179.401,0,0,0.0,0.0,1
179.501,0,0,0.0,0.0,1
179.501,0,0,0.0,0.0,1
179.501,0,0,0.0,0.0,1
179.501,0,0,0.0,0.0,1
179.501,0,0,0.0,0.0,1
179.601,0,0,0.0,0.0,1
179.601,0,0,0.0,0.0,1
179.601,0,0,0.0,0.0,1
179.601,0,0,0.0,0.0,1
179.601,0,0,0.0,0.0,1
179.601,0,0,0.0,0.0,1
179.701,0,0,0.0,0.0,1
179.701,0,0,0.0,0.0,1
179.701,0,0,0.0,0.0,1
179.701,0,0,0.0,0.0,1
179.701,0,0,0.0,0.0,1
179.801,0,0,0.0,0.0,1
179.801,0,0,0.0,0.0,1
179.801,0,0,0.0,0.0,1
179.801,0,0,0.0,0.0,1
179.801,0,0,0.0,0.0,1
179.901,0,0,0.0,0.0,1
179.901,0,0,0.0,0.0,1
179.901,0,0,0.0,0.0,1
179.901,0,0,0.0,0.0,1
179.901,0,0,0.0,0.0,1
180.001,0,0,0.0,0.0,1
180.001,0,0,0.0,0.0,1
180.001,0,0,0.0,0.0,1
180.001,0,0,0.0,0.0,1
180.001,0,0,0.0,0.0,1
180.101,0,0,0.0,0.0,1
180.101,0,0,0.0,0.0,1
180.101,0,0,0.0,0.0,1
180.101,0,0,0.0,0.0,1
180.101,0,0,0.0,0.0,1
180.101,0,0,0.0,0.0,1
180.201,0,0,0.0,0.0,1
180.201,0,0,0.0,0.0,1
180.201,0,0,0.0,0.0,1
180.201,0,0,0.0,0.0,1
180.201,0,0,0.0,0.0,1
180.301,0,0,0.0,0.0,1
180.301,0,0,0.0,0.0,1
180.301,0,0,0.0,0.0,1
180.301,0,0,0.0,0.0,1
180.301,0,0,0.0,0.0,1
180.401,0,0,0.0,0.0,1
180.401,0,0,0.0,0.0,1
180.401,0,0,0.0,0.0,1
180.401,0,0,0.0,0.0,1
180.401,0,0,0.0,0.0,1
180.501,0,0,0.0,0.0,1
180.501,0,0,0.0,0.0,1
180.501,0,0,0.0,0.0,1
180.501,0,0,0.0,0.0,1
180.501,0,0,0.0,0.0,1
180.601,0,0,0.0,0.0,1
180.601,0,0,0.0,0.0,1
180.601,0,0,0.0,0.0,1
180.601,0,0,0.0,0.0,1
180.601,0,0,0.0,0.0,1
180.601,0,0,0.0,0.0,1
180.701,0,0,0.0,0.0,1
180.701,0,0,0.0,0.0,1
180.701,0,0,0.0,0.0,1
180.701,0,0,0.0,0.0,1
180.701,0,0,0.0,0.0,1
180.801,0,0,0.0,0.0,1
180.801,0,0,0.0,0.0,1
180.801,0,0,0.0,0.0,1
180.801,0,0,0.0,0.0,1
180.801,0,0,0.0,0.0,1
180.901,0,0,0.0,0.0,1
180.901,0,0,0.0,0.0,1
180.901,0,0,0.0,0.0,1
180.901,0,0,0.0,0.0,1
180.901,0,0,0.0,0.0,1
181.001,0,0,0.0,0.0,1
181.001,0,0,0.0,0.0,1
181.001,0,0,0.0,0.0,1
181.001,0,0,0.0,0.0,1
181.001,0,0,0.0,0.0,1
181.001,0,0,0.0,0.0,1
181.101,0,0,0.0,0.0,1
181.101,0,0,0.0,0.0,1
181.101,0,0,0.0,0.0,1
181.101,0,0,0.0,0.0,1
181.101,0,0,0.0,0.0,1
181.201,0,0,0.0,0.0,1
181.201,0,0,0.0,0.0,1
181.201,0,0,0.0,0.0,1
181.201,0,0,0.0,0.0,1
181.201,0,0,0.0,0.0,1
181.301,0,0,0.0,0.0,1
181.301,0,0,0.0,0.0,1
181.301,0,0,0.0,0.0,1
181.301,0,0,0.0,0.0,1
181.301,0,0,0.0,0.0,1
181.401,0,0,0.0,0.0,1
181.401,0,0,0.0,0.0,1
181.401,0,0,0.0,0.0,1
181.401,0,0,0.0,0.0,1
181.401,0,0,0.0,0.0,1
181.501,0,0,0.0,0.0,1
181.501,0,0,0.0,0.0,1
181.501,0,0,0.0,0.0,1
181.501,0,0,0.0,0.0,1
181.501,0,0,0.0,0.0,1
181.501,0,0,0.0,0.0,1
181.601,0,0,0.0,0.0,1
181.601,0,0,0.0,0.0,1
181.601,0,0,0.0,0.0,1
181.601,0,0,0.0,0.0,1
181.601,0,0,0.0,0.0,1
181.701,0,0,0.0,0.0,1
181.701,0,0,0.0,0.0,1
181.701,0,0,0.0,0.0,1
181.701,0,0,0.0,0.0,1
181.701,0,0,0.0,0.0,1
181.801,0,0,0.0,0.0,1
181.801,0,0,0.0,0.0,1
181.801,0,0,0.0,0.0,1
181.801,0,0,0.0,0.0,1
181.801,0,0,0.0,0.0,1
181.901,0,0,0.0,0.0,1
181.901,0,0,0.0,0.0,1
181.901,0,0,0.0,0.0,1
181.901,0,0,0.0,0.0,1
181.901,0,0,0.0,0.0,1
181.901,0,0,0.0,0.0,1
182.001,0,0,0.0,0.0,1
182.001,0,0,0.0,0.0,1
182.001,0,0,0.0,0.0,1
182.001,0,0,0.0,0.0,1
182.001,0,0,0.0,0.0,1
182.101,0,0,0.0,0.0,1
182.101,0,0,0.0,0.0,1
182.101,0,0,0.0,0.0,1
182.101,0,0,0.0,0.0,1
182.101,0,0,0.0,0.0,1
182.201,0,0,0.0,0.0,1
182.201,0,0,0.0,0.0,1
182.201,0,0,0.0,0.0,1
182.201,0,0,0.0,0.0,1
182.201,0,0,0.0,0.0,1
182.301,0,0,0.0,0.0,1
182.301,0,0,0.0,0.0,1
182.301,0,0,0.0,0.0,1
182.301,0,0,0.0,0.0,1
182.301,0,0,0.0,0.0,1
182.401,0,0,0.0,0.0,1
182.401,0,0,0.0,0.0,1
182.401,0,0,0.0,0.0,1
182.401,0,0,0.0,0.0,1
182.401,0,0,0.0,0.0,1
182.401,0,0,0.0,0.0,1
182.501,0,0,0.0,0.0,1
182.501,0,0,0.0,0.0,1
182.501,0,0,0.0,0.0,1
182.501,0,0,0.0,0.0,1
182.501,0,0,0.0,0.0,1
182.601,0,0,0.0,0.0,1
182.601,0,0,0.0,0.0,1
182.601,0,0,0.0,0.0,1
182.601,0,0,0.0,0.0,1
182.601,0,0,0.0,0.0,1
182.701,0,0,0.0,0.0,1
182.701,0,0,0.0,0.0,1
182.701,0,0,0.0,0.0,1
182.701,0,0,0.0,0.0,1
182.701,0,0,0.0,0.0,1
182.801,0,0,0.0,0.0,1
182.801,0,0,0.0,0.0,1
182.801,0,0,0.0,0.0,1
182.801,0,0,0.0,0.0,1
182.801,0,0,0.0,0.0,1
182.901,0,0,0.0,0.0,1
182.901,0,0,0.0,0.0,1
182.901,0,0,0.0,0.0,1
182.901,0,0,0.0,0.0,1
182.901,0,0,0.0,0.0,1
182.901,0,0,0.0,0.0,1
183.001,0,0,0.0,0.0,1
183.001,0,0,0.0,0.0,1
183.001,0,0,0.0,0.0,1
183.001,0,0,0.0,0.0,1
183.001,0,0,0.0,0.0,1
183.101,0,0,0.0,0.0,1
183.101,0,0,0.0,0.0,1
183.101,0,0,0.0,0.0,1
183.101,0,0,0.0,0.0,1
183.101,0,0,0.0,0.0,1
183.201,0,0,0.0,0.0,1
183.201,0,0,0.0,0.0,1
183.201,0,0,0.0,0.0,1
183.201,0,0,0.0,0.0,1
183.201,0,0,0.0,0.0,1
183.301,0,0,0.0,0.0,1
183.301,0,0,0.0,0.0,1
183.301,0,0,0.0,0.0,1
183.301,0,0,0.0,0.0,1
183.301,0,0,0.0,0.0,1
183.301,0,0,0.0,0.0,1
183.401,0,0,0.0,0.0,1
183.401,0,0,0.0,0.0,1
183.401,0,0,0.0,0.0,1
183.401,0,0,0.0,0.0,1
183.401,0,0,0.0,0.0,1
183.501,0,0,0.0,0.0,1
183.501,0,0,0.0,0.0,1
183.501,0,0,0.0,0.0,1
183.501,0,0,0.0,0.0,1
183.501,0,0,0.0,0.0,1
183.601,0,0,0.0,0.0,1
183.601,0,0,0.0,0.0,1
183.601,0,0,0.0,0.0,1
183.601,0,0,0.0,0.0,1
183.601,0,0,0.0,0.0,1
183.701,0,0,0.0,0.0,1
183.701,0,0,0.0,0.0,1
183.701,0,0,0.0,0.0,1
183.701,0,0,0.0,0.0,1
183.701,0,0,0.0,0.0,1
183.801,0,0,0.0,0.0,1
183.801,0,0,0.0,0.0,1
183.801,0,0,0.0,0.0,1
183.801,0,0,0.0,0.0,1
183.801,0,0,0.0,0.0,1
183.801,0,0,0.0,0.0,1
183.901,0,0,0.0,0.0,1
183.901,0,0,0.0,0.0,1
183.901,0,0,0.0,0.0,1
183.901,0,0,0.0,0.0,1
183.901,0,0,0.0,0.0,1
184.001,0,0,0.0,0.0,1
184.001,0,0,0.0,0.0,1
184.001,0,0,0.0,0.0,1
184.001,0,0,0.0,0.0,1
184.001,0,0,0.0,0.0,1
184.101,0,0,0.0,0.0,1
184.101,0,0,0.0,0.0,1
184.101,0,0,0.0,0.0,1
184.101,0,0,0.0,0.0,1
184.101,0,0,0.0,0.0,1
184.201,0,0,0.0,0.0,1
184.201,0,0,0.0,0.0,1
184.201,0,0,0.0,0.0,1
184.201,0,0,0.0,0.0,1
184.201,0,0,0.0,0.0,1
184.201,0,0,0.0,0.0,1
184.301,0,0,0.0,0.0,1
184.301,0,0,0.0,0.0,1
184.301,0,0,0.0,0.0,1
184.301,0,0,0.0,0.0,1
184.301,0,0,0.0,0.0,1
184.401,0,0,0.0,0.0,1
184.401,0,0,0.0,0.0,1
184.401,0,0,0.0,0.0,1
184.401,0,0,0.0,0.0,1
184.401,0,0,0.0,0.0,1
184.501,0,0,0.0,0.0,1
184.501,0,0,0.0,0.0,1
184.501,0,0,0.0,0.0,1
184.501,0,0,0.0,0.0,1
184.501,0,0,0.0,0.0,1
184.601,0,0,0.0,0.0,1
184.601,0,0,0.0,0.0,1
184.601,0,0,0.0,0.0,1
184.601,0,0,0.0,0.0,1
184.601,0,0,0.0,0.0,1
184.701,0,0,0.0,0.0,1
184.701,0,0,0.0,0.0,1
184.701,0,0,0.0,0.0,1
184.701,0,0,0.0,0.0,1
184.701,0,0,0.0,0.0,1
184.701,0,0,0.0,0.0,1
184.801,0,0,0.0,0.0,1
184.801,0,0,0.0,0.0,1
184.801,0,0,0.0,0.0,1
184.801,0,0,0.0,0.0,1
184.801,0,0,0.0,0.0,1
184.901,0,0,0.0,0.0,1
184.901,0,0,0.0,0.0,1
184.901,0,0,0.0,0.0,1
184.901,0,0,0.0,0.0,1
184.901,0,0,0.0,0.0,1
185.001,0,0,0.0,0.0,1
185.001,0,0,0.0,0.0,1
185.001,0,0,0.0,0.0,1
185.001,0,0,0.0,0.0,1
185.001,0,0,0.0,0.0,1
185.101,0,0,0.0,0.0,1
185.101,0,0,0.0,0.0,1
185.101,0,0,0.0,0.0,1
185.101,0,0,0.0,0.0,1
185.101,0,0,0.0,0.0,1
185.101,0,0,0.0,0.0,1
185.201,0,0,0.0,0.0,1
185.201,0,0,0.0,0.0,1
185.201,0,0,0.0,0.0,1
185.201,0,0,0.0,0.0,1
185.201,0,0,0.0,0.0,1
185.301,0,0,0.0,0.0,1
185.301,0,0,0.0,0.0,1
185.301,0,0,0.0,0.0,1
185.301,0,0,0.0,0.0,1
185.301,0,0,0.0,0.0,1
185.401,0,0,0.0,0.0,1
185.401,0,0,0.0,0.0,1
185.401,0,0,0.0,0.0,1
185.401,0,0,0.0,0.0,1
185.401,0,0,0.0,0.0,1
185.501,0,0,0.0,0.0,1
185.501,0,0,0.0,0.0,1
185.501,0,0,0.0,0.0,1
185.501,0,0,0.0,0.0,1
185.501,0,0,0.0,0.0,1
185.601,0,0,0.0,0.0,1
185.601,0,0,0.0,0.0,1
185.601,0,0,0.0,0.0,1
185.601,0,0,0.0,0.0,1
185.601,0,0,0.0,0.0,1
185.601,0,0,0.0,0.0,1
185.701,0,0,0.0,0.0,1
185.701,0,0,0.0,0.0,1
185.701,0,0,0.0,0.0,1
185.701,0,0,0.0,0.0,1
185.701,0,0,0.0,0.0,1
185.801,0,0,0.0,0.0,1
185.801,0,0,0.0,0.0,1
185.801,0,0,0.0,0.0,1
185.801,0,0,0.0,0.0,1
185.801,0,0,0.0,0.0,1
185.901,0,0,0.0,0.0,1
185.901,0,0,0.0,0.0,1
185.901,0,0,0.0,0.0,1
185.901,0,0,0.0,0.0,1
185.901,0,0,0.0,0.0,1
186.001,0,0,0.0,0.0,1
186.001,0,0,0.0,0.0,1
186.001,0,0,0.0,0.0,1
186.001,0,0,0.0,0.0,1
186.001,0,0,0.0,0.0,1
186.101,0,0,0.0,0.0,1
186.101,0,0,0.0,0.0,1
186.101,0,0,0.0,0.0,1
186.101,0,0,0.0,0.0,1
186.101,0,0,0.0,0.0,1
186.101,0,0,0.0,0.0,1
186.201,0,0,0.0,0.0,1
186.201,0,0,0.0,0.0,1
186.201,0,0,0.0,0.0,1
186.201,0,0,0.0,0.0,1
186.201,0,0,0.0,0.0,1
186.301,0,0,0.0,0.0,1
186.301,0,0,0.0,0.0,1
186.301,0,0,0.0,0.0,1
186.301,0,0,0.0,0.0,1
186.301,0,0,0.0,0.0,1
186.401,0,0,0.0,0.0,1
186.401,0,0,0.0,0.0,1
186.401,0,0,0.0,0.0,1
186.401,0,0,0.0,0.0,1
186.401,0,0,0.0,0.0,1
186.501,0,0,0.0,0.0,1
186.501,0,0,0.0,0.0,1
186.501,0,0,0.0,0.0,1
186.501,0,0,0.0,0.0,1
186.501,0,0,0.0,0.0,1
186.501,0,0,0.0,0.0,1
186.601,0,0,0.0,0.0,1
186.601,0,0,0.0,0.0,1
186.601,0,0,0.0,0.0,1
186.601,0,0,0.0,0.0,1
186.601,0,0,0.0,0.0,1
186.701,0,0,0.0,0.0,1
186.701,0,0,0.0,0.0,1
186.701,0,0,0.0,0.0,1
186.701,0,0,0.0,0.0,1
186.701,0,0,0.0,0.0,1
186.801,0,0,0.0,0.0,1
186.801,0,0,0.0,0.0,1
186.801,0,0,0.0,0.0,1
186.801,0,0,0.0,0.0,1
186.801,0,0,0.0,0.0,1
186.901,0,0,0.0,0.0,1
186.901,0,0,0.0,0.0,1
186.901,0,0,0.0,0.0,1
186.901,0,0,0.0,0.0,1
186.901,0,0,0.0,0.0,1
187.001,0,0,0.0,0.0,1
187.001,0,0,0.0,0.0,1
187.001,0,0,0.0,0.0,1
187.001,0,0,0.0,0.0,1
187.001,0,0,0.0,0.0,1
187.001,0,0,0.0,0.0,1
187.101,0,0,0.0,0.0,1
187.101,0,0,0.0,0.0,1
187.101,0,0,0.0,0.0,1
187.101,0,0,0.0,0.0,1
187.101,0,0,0.0,0.0,1
187.201,0,0,0.0,0.0,1
187.201,0,0,0.0,0.0,1
187.201,0,0,0.0,0.0,1
187.201,0,0,0.0,0.0,1
187.201,0,0,0.0,0.0,1
187.301,0,0,0.0,0.0,1
187.301,0,0,0.0,0.0,1
187.301,0,0,0.0,0.0,1
187.301,0,0,0.0,0.0,1
187.301,0,0,0.0,0.0,1
187.401,0,0,0.0,0.0,1
187.401,0,0,0.0,0.0,1
187.401,0,0,0.0,0.0,1
187.401,0,0,0.0,0.0,1
187.401,0,0,0.0,0.0,1
187.401,0,0,0.0,0.0,1
187.501,0,0,0.0,0.0,1
187.501,0,0,0.0,0.0,1
187.501,0,0,0.0,0.0,1
187.501,0,0,0.0,0.0,1
187.501,0,0,0.0,0.0,1
187.601,0,0,0.0,0.0,1
187.601,0,0,0.0,0.0,1
187.601,0,0,0.0,0.0,1
187.601,0,0,0.0,0.0,1
187.601,0,0,0.0,0.0,1
187.701,0,0,0.0,0.0,1
187.701,0,0,0.0,0.0,1
187.701,0,0,0.0,0.0,1
187.701,0,0,0.0,0.0,1
187.701,0,0,0.0,0.0,1
187.801,0,0,0.0,0.0,1
187.801,0,0,0.0,0.0,1
187.801,0,0,0.0,0.0,1
187.801,0,0,0.0,0.0,1
187.801,0,0,0.0,0.0,1
187.901,0,0,0.0,0.0,1
187.901,0,0,0.0,0.0,1
187.901,0,0,0.0,0.0,1
187.901,0,0,0.0,0.0,1
187.901,0,0,0.0,0.0,1
187.901,0,0,0.0,0.0,1
188.001,0,0,0.0,0.0,1
188.001,0,0,0.0,0.0,1
188.001,0,0,0.0,0.0,1
188.001,0,0,0.0,0.0,1
188.001,0,0,0.0,0.0,1
188.101,0,0,0.0,0.0,1
188.101,0,0,0.0,0.0,1
188.101,0,0,0.0,0.0,1
188.101,0,0,0.0,0.0,1
188.101,0,0,0.0,0.0,1
188.201,0,0,0.0,0.0,1
188.201,0,0,0.0,0.0,1
188.201,0,0,0.0,0.0,1
188.201,0,0,0.0,0.0,1
188.201,0,0,0.0,0.0,1
188.301,0,0,0.0,0.0,1
188.301,0,0,0.0,0.0,1
188.301,0,0,0.0,0.0,1
188.301,0,0,0.0,0.0,1
188.301,0,0,0.0,0.0,1
188.401,0,0,0.0,0.0,1
188.401,0,0,0.0,0.0,1
188.401,0,0,0.0,0.0,1
188.401,0,0,0.0,0.0,1
188.401,0,0,0.0,0.0,1
188.401,0,0,0.0,0.0,1
188.501,0,0,0.0,0.0,1
188.501,0,0,0.0,0.0,1
188.501,0,0,0.0,0.0,1
188.501,0,0,0.0,0.0,1
188.501,0,0,0.0,0.0,1
188.601,0,0,0.0,0.0,1
188.601,0,0,0.0,0.0,1
188.601,0,0,0.0,0.0,1
188.601,0,0,0.0,0.0,1
188.601,0,0,0.0,0.0,1
188.701,0,0,0.0,0.0,1
188.701,0,0,0.0,0.0,1
188.701,0,0,0.0,0.0,1
188.701,0,0,0.0,0.0,1
188.701,0,0,0.0,0.0,1
188.801,0,0,0.0,0.0,1
188.801,0,0,0.0,0.0,1
188.801,0,0,0.0,0.0,1
188.801,0,0,0.0,0.0,1
188.801,0,0,0.0,0.0,1
188.801,0,0,0.0,0.0,1
188.901,0,0,0.0,0.0,1
188.901,0,0,0.0,0.0,1
188.901,0,0,0.0,0.0,1
188.901,0,0,0.0,0.0,1
188.901,0,0,0.0,0.0,1
189.001,0,0,0.0,0.0,1
189.001,0,0,0.0,0.0,1
189.001,0,0,0.0,0.0,1
189.001,0,0,0.0,0.0,1
189.001,0,0,0.0,0.0,1
189.101,0,0,0.0,0.0,1
189.101,0,0,0.0,0.0,1
189.101,0,0,0.0,0.0,1
189.101,0,0,0.0,0.0,1
189.101,0,0,0.0,0.0,1
189.201,0,0,0.0,0.0,1
189.201,0,0,0.0,0.0,1
189.201,0,0,0.0,0.0,1
189.201,0,0,0.0,0.0,1
189.201,0,0,0.0,0.0,1
189.301,0,0,0.0,0.0,1
189.301,0,0,0.0,0.0,1
189.301,0,0,0.0,0.0,1
189.301,0,0,0.0,0.0,1
189.301,0,0,0.0,0.0,1
189.301,0,0,0.0,0.0,1
189.401,0,0,0.0,0.0,1
189.401,0,0,0.0,0.0,1
189.401,0,0,0.0,0.0,1
189.401,0,0,0.0,0.0,1
189.401,0,0,0.0,0.0,1
189.501,0,0,0.0,0.0,1
189.501,0,0,0.0,0.0,1
189.501,0,0,0.0,0.0,1
189.501,0,0,0.0,0.0,1
189.501,0,0,0.0,0.0,1
189.601,0,0,0.0,0.0,1
189.601,0,0,0.0,0.0,1
189.601,0,0,0.0,0.0,1
189.601,0,0,0.0,0.0,1
189.601,0,0,0.0,0.0,1
189.701,0,0,0.0,0.0,1
189.701,0,0,0.0,0.0,1
189.701,0,0,0.0,0.0,1
189.701,0,0,0.0,0.0,1
189.701,0,0,0.0,0.0,1
189.701,0,0,0.0,0.0,1
189.801,0,0,0.0,0.0,1
189.801,0,0,0.0,0.0,1
189.801,0,0,0.0,0.0,1
189.801,0,0,0.0,0.0,1
189.801,0,0,0.0,0.0,1
189.901,0,0,0.0,0.0,1
189.901,0,0,0.0,0.0,1
189.901,0,0,0.0,0.0,1
189.901,0,0,0.0,0.0,1
189.901,0,0,0.0,0.0,1
190.001,0,0,0.0,0.0,1
190.001,0,0,0.0,0.0,1
190.001,0,0,0.0,0.0,1
190.001,0,0,0.0,0.0,1
190.001,0,0,0.0,0.0,1
190.101,0,0,0.0,0.0,1
190.101,0,0,0.0,0.0,1
190.101,0,0,0.0,0.0,1
190.101,0,0,0.0,0.0,1
190.101,0,0,0.0,0.0,1
190.201,0,0,0.0,0.0,1
190.201,0,0,0.0,0.0,1
190.201,0,0,0.0,0.0,1
190.201,0,0,0.0,0.0,1
190.201,0,0,0.0,0.0,1
190.201,0,0,0.0,0.0,1
190.301,0,0,0.0,0.0,1
190.301,0,0,0.0,0.0,1
190.301,0,0,0.0,0.0,1
190.301,0,0,0.0,0.0,1
190.301,0,0,0.0,0.0,1
190.401,0,0,0.0,0.0,1
190.401,0,0,0.0,0.0,1
190.401,0,0,0.0,0.0,1
190.401,0,0,0.0,0.0,1
190.401,0,0,0.0,0.0,1
190.501,0,0,0.0,0.0,1
190.501,0,0,0.0,0.0,1
190.501,0,0,0.0,0.0,1
190.501,0,0,0.0,0.0,1
190.501,0,0,0.0,0.0,1
190.601,0,0,0.0,0.0,1
190.601,0,0,0.0,0.0,1
190.601,0,0,0.0,0.0,1
190.601,0,0,0.0,0.0,1
190.601,0,0,0.0,0.0,1
190.701,0,0,0.0,0.0,1
190.701,0,0,0.0,0.0,1
190.701,0,0,0.0,0.0,1
190.701,0,0,0.0,0.0,1
190.701,0,0,0.0,0.0,1
190.701,0,0,0.0,0.0,1
190.801,0,0,0.0,0.0,1
190.801,0,0,0.0,0.0,1
190.801,0,0,0.0,0.0,1
190.801,0,0,0.0,0.0,1
190.801,0,0,0.0,0.0,1
190.901,0,0,0.0,0.0,1
190.901,0,0,0.0,0.0,1
190.901,0,0,0.0,0.0,1
190.901,0,0,0.0,0.0,1
190.901,0,0,0.0,0.0,1
191.001,0,0,0.0,0.0,1
191.001,0,0,0.0,0.0,1
191.001,0,0,0.0,0.0,1
191.001,0,0,0.0,0.0,1
191.001,0,0,0.0,0.0,1
191.101,0,0,0.0,0.0,1
191.101,0,0,0.0,0.0,1
191.101,0,0,0.0,0.0,1
191.101,0,0,0.0,0.0,1
191.101,0,0,0.0,0.0,1
191.101,0,0,0.0,0.0,1
191.201,0,0,0.0,0.0,1
191.201,0,0,0.0,0.0,1
191.201,0,0,0.0,0.0,1
191.201,0,0,0.0,0.0,1
191.201,0,0,0.0,0.0,1
191.301,0,0,0.0,0.0,1
191.301,0,0,0.0,0.0,1
191.301,0,0,0.0,0.0,1
191.301,0,0,0.0,0.0,1
191.301,0,0,0.0,0.0,1
191.401,0,0,0.0,0.0,1
191.401,0,0,0.0,0.0,1
191.401,0,0,0.0,0.0,1
191.401,0,0,0.0,0.0,1
191.401,0,0,0.0,0.0,1
191.501,0,0,0.0,0.0,1
191.501,0,0,0.0,0.0,1
191.501,0,0,0.0,0.0,1
191.501,0,0,0.0,0.0,1
191.501,0,0,0.0,0.0,1
191.601,0,0,0.0,0.0,1
191.601,0,0,0.0,0.0,1
191.601,0,0,0.0,0.0,1
191.601,0,0,0.0,0.0,1
191.601,0,0,0.0,0.0,1
191.601,0,0,0.0,0.0,1
191.701,0,0,0.0,0.0,1
191.701,0,0,0.0,0.0,1
191.701,0,0,0.0,0.0,1
191.701,0,0,0.0,0.0,1
191.701,0,0,0.0,0.0,1
191.801,0,0,0.0,0.0,1
191.801,0,0,0.0,0.0,1
191.801,0,0,0.0,0.0,1
191.801,0,0,0.0,0.0,1
191.801,0,0,0.0,0.0,1
191.901,0,0,0.0,0.0,1
191.901,0,0,0.0,0.0,1
191.901,0,0,0.0,0.0,1
191.901,0,0,0.0,0.0,1
191.901,0,0,0.0,0.0,1
192.001,0,0,0.0,0.0,1
192.001,0,0,0.0,0.0,1
192.001,0,0,0.0,0.0,1
192.001,0,0,0.0,0.0,1
192.001,0,0,0.0,0.0,1
192.001,0,0,0.0,0.0,1
192.101,0,0,0.0,0.0,1
192.101,0,0,0.0,0.0,1
192.101,0,0,0.0,0.0,1
192.101,0,0,0.0,0.0,1
192.101,0,0,0.0,0.0,1
192.201,0,0,0.0,0.0,1
192.201,0,0,0.0,0.0,1
192.201,0,0,0.0,0.0,1
192.201,0,0,0.0,0.0,1
192.201,0,0,0.0,0.0,1
192.301,0,0,0.0,0.0,1
192.301,0,0,0.0,0.0,1
192.301,0,0,0.0,0.0,1
192.301,0,0,0.0,0.0,1
192.301,0,0,0.0,0.0,1
192.401,0,0,0.0,0.0,1
192.401,0,0,0.0,0.0,1
192.401,0,0,0.0,0.0,1
192.401,0,0,0.0,0.0,1
192.401,0,0,0.0,0.0,1
192.501,0,0,0.0,0.0,1
192.501,0,0,0.0,0.0,1
192.501,0,0,0.0,0.0,1
192.501,0,0,0.0,0.0,1
192.501,0,0,0.0,0.0,1
192.501,0,0,0.0,0.0,1
192.601,0,0,0.0,0.0,1
192.601,0,0,0.0,0.0,1
192.601,0,0,0.0,0.0,1
192.601,0,0,0.0,0.0,1
192.601,0,0,0.0,0.0,1
192.701,0,0,0.0,0.0,1
192.701,0,0,0.0,0.0,1
192.701,0,0,0.0,0.0,1
192.701,0,0,0.0,0.0,1
192.701,0,0,0.0,0.0,1
192.801,0,0,0.0,0.0,1
192.801,0,0,0.0,0.0,1
192.801,0,0,0.0,0.0,1
192.801,0,0,0.0,0.0,1
192.801,0,0,0.0,0.0,1
192.901,0,0,0.0,0.0,1
192.901,0,0,0.0,0.0,1
192.901,0,0,0.0,0.0,1
192.901,0,0,0.0,0.0,1
192.901,0,0,0.0,0.0,1
193.001,0,0,0.0,0.0,1
193.001,0,0,0.0,0.0,1
193.001,0,0,0.0,0.0,1
193.001,0,0,0.0,0.0,1
193.001,0,0,0.0,0.0,1
193.001,0,0,0.0,0.0,1
193.101,0,0,0.0,0.0,1
193.101,0,0,0.0,0.0,1
193.101,0,0,0.0,0.0,1
193.101,0,0,0.0,0.0,1
193.101,0,0,0.0,0.0,1
193.201,0,0,0.0,0.0,1
193.201,0,0,0.0,0.0,1
193.201,0,0,0.0,0.0,1
193.201,0,0,0.0,0.0,1
193.201,0,0,0.0,0.0,1
193.301,0,0,0.0,0.0,1
193.301,0,0,0.0,0.0,1
193.301,0,0,0.0,0.0,1
193.301,0,0,0.0,0.0,1
193.301,0,0,0.0,0.0,1
193.401,0,0,0.0,0.0,1
193.401,0,0,0.0,0.0,1
193.401,0,0,0.0,0.0,1
193.401,0,0,0.0,0.0,1
193.401,0,0,0.0,0.0,1
193.401,0,0,0.0,0.0,1
193.501,0,0,0.0,0.0,1
193.501,0,0,0.0,0.0,1
193.501,0,0,0.0,0.0,1
193.501,0,0,0.0,0.0,1
193.501,0,0,0.0,0.0,1
193.601,0,0,0.0,0.0,1
193.601,0,0,0.0,0.0,1
193.601,0,0,0.0,0.0,1
193.601,0,0,0.0,0.0,1
193.601,0,0,0.0,0.0,1
193.701,0,0,0.0,0.0,1
193.701,0,0,0.0,0.0,1
193.701,0,0,0.0,0.0,1
193.701,0,0,0.0,0.0,1
193.701,0,0,0.0,0.0,1
193.801,0,0,0.0,0.0,1
193.801,0,0,0.0,0.0,1
193.801,0,0,0.0,0.0,1
193.801,0,0,0.0,0.0,1
193.801,0,0,0.0,0.0,1
193.901,0,0,0.0,0.0,1
193.901,0,0,0.0,0.0,1
193.901,0,0,0.0,0.0,1
193.901,0,0,0.0,0.0,1
193.901,0,0,0.0,0.0,1
193.901,0,0,0.0,0.0,1
194.001,0,0,0.0,0.0,1
194.001,0,0,0.0,0.0,1
194.001,0,0,0.0,0.0,1
194.001,0,0,0.0,0.0,1
194.001,0,0,0.0,0.0,1
194.101,0,0,0.0,0.0,1
194.101,0,0,0.0,0.0,1
194.101,0,0,0.0,0.0,1
194.101,0,0,0.0,0.0,1
194.101,0,0,0.0,0.0,1
194.201,0,0,0.0,0.0,1
194.201,0,0,0.0,0.0,1
194.201,0,0,0.0,0.0,1
194.201,0,0,0.0,0.0,1
194.201,0,0,0.0,0.0,1
194.301,0,0,0.0,0.0,1
194.301,0,0,0.0,0.0,1
194.301,0,0,0.0,0.0,1
194.301,0,0,0.0,0.0,1
194.301,0,0,0.0,0.0,1
194.301,0,0,0.0,0.0,1
194.401,0,0,0.0,0.0,1
194.401,0,0,0.0,0.0,1
194.401,0,0,0.0,0.0,1
194.401,0,0,0.0,0.0,1
194.401,0,0,0.0,0.0,1
194.501,0,0,0.0,0.0,1
194.501,0,0,0.0,0.0,1
194.501,0,0,0.0,0.0,1
194.501,0,0,0.0,0.0,1
194.501,0,0,0.0,0.0,1
194.601,0,0,0.0,0.0,1
194.601,0,0,0.0,0.0,1
194.601,0,0,0.0,0.0,1
194.601,0,0,0.0,0.0,1
194.601,0,0,0.0,0.0,1
194.701,0,0,0.0,0.0,1
194.701,0,0,0.0,0.0,1
194.701,0,0,0.0,0.0,1
194.701,0,0,0.0,0.0,1
194.701,0,0,0.0,0.0,1
194.801,0,0,0.0,0.0,1
194.801,0,0,0.0,0.0,1
194.801,0,0,0.0,0.0,1
194.801,0,0,0.0,0.0,1
194.801,0,0,0.0,0.0,1
194.801,0,0,0.0,0.0,1
194.901,0,0,0.0,0.0,1
194.901,0,0,0.0,0.0,1
194.901,0,0,0.0,0.0,1
194.901,0,0,0.0,0.0,1
194.901,0,0,0.0,0.0,1
195.001,0,0,0.0,0.0,1
195.001,0,0,0.0,0.0,1
195.001,0,0,0.0,0.0,1
195.001,0,0,0.0,0.0,1
195.001,0,0,0.0,0.0,1
195.101,0,0,0.0,0.0,1
195.101,0,0,0.0,0.0,1
195.101,0,0,0.0,0.0,1
195.101,0,0,0.0,0.0,1
195.101,0,0,0.0,0.0,1
195.201,0,0,0.0,0.0,1
195.201,0,0,0.0,0.0,1
195.201,0,0,0.0,0.0,1
195.201,0,0,0.0,0.0,1
195.201,0,0,0.0,0.0,1
195.301,0,0,0.0,0.0,1
195.301,0,0,0.0,0.0,1
195.301,0,0,0.0,0.0,1
195.301,0,0,0.0,0.0,1
195.301,0,0,0.0,0.0,1
195.301,0,0,0.0,0.0,1
195.401,0,0,0.0,0.0,1
195.401,0,0,0.0,0.0,1
195.401,0,0,0.0,0.0,1
195.401,0,0,0.0,0.0,1
195.401,0,0,0.0,0.0,1
195.501,0,0,0.0,0.0,1
195.501,0,0,0.0,0.0,1
195.501,0,0,0.0,0.0,1
195.501,0,0,0.0,0.0,1
195.501,0,0,0.0,0.0,1
195.601,0,0,0.0,0.0,1
195.601,0,0,0.0,0.0,1
195.601,0,0,0.0,0.0,1
195.601,0,0,0.0,0.0,1
195.601,0,0,0.0,0.0,1
195.701,0,0,0.0,0.0,1
195.701,0,0,0.0,0.0,1
195.701,0,0,0.0,0.0,1
195.701,0,0,0.0,0.0,1
195.701,0,0,0.0,0.0,1
195.701,0,0,0.0,0.0,1
195.801,0,0,0.0,0.0,1
195.801,0,0,0.0,0.0,1
195.801,0,0,0.0,0.0,1
195.801,0,0,0.0,0.0,1
195.801,0,0,0.0,0.0,1
195.901,0,0,0.0,0.0,1
195.901,0,0,0.0,0.0,1
195.901,0,0,0.0,0.0,1
195.901,0,0,0.0,0.0,1
195.901,0,0,0.0,0.0,1
196.001,0,0,0.0,0.0,1
196.001,0,0,0.0,0.0,1
196.001,0,0,0.0,0.0,1
196.001,0,0,0.0,0.0,1
196.001,0,0,0.0,0.0,1
196.101,0,0,0.0,0.0,1
196.101,0,0,0.0,0.0,1
196.101,0,0,0.0,0.0,1
196.101,0,0,0.0,0.0,1
196.101,0,0,0.0,0.0,1
196.201,0,0,0.0,0.0,1
196.201,0,0,0.0,0.0,1
196.201,0,0,0.0,0.0,1
196.201,0,0,0.0,0.0,1
196.201,0,0,0.0,0.0,1
196.201,0,0,0.0,0.0,1
196.301,0,0,0.0,0.0,1
196.301,0,0,0.0,0.0,1
196.301,0,0,0.0,0.0,1
196.301,0,0,0.0,0.0,1
196.301,0,0,0.0,0.0,1
196.401,0,0,0.0,0.0,1
196.401,0,0,0.0,0.0,1
196.401,0,0,0.0,0.0,1
196.401,0,0,0.0,0.0,1
196.401,0,0,0.0,0.0,1
196.501,0,0,0.0,0.0,1
196.501,0,0,0.0,0.0,1
196.501,0,0,0.0,0.0,1
196.501,0,0,0.0,0.0,1
196.501,0,0,0.0,0.0,1
196.601,0,0,0.0,0.0,1
196.601,0,0,0.0,0.0,1
196.601,0,0,0.0,0.0,1
196.601,0,0,0.0,0.0,1
196.601,0,0,0.0,0.0,1
196.601,0,0,0.0,0.0,1
196.701,0,0,0.0,0.0,1
196.701,0,0,0.0,0.0,1
196.701,0,0,0.0,0.0,1
196.701,0,0,0.0,0.0,1
196.701,0,0,0.0,0.0,1
196.801,0,0,0.0,0.0,1
196.801,0,0,0.0,0.0,1
196.801,0,0,0.0,0.0,1
196.801,0,0,0.0,0.0,1
196.801,0,0,0.0,0.0,1
196.901,0,0,0.0,0.0,1
196.901,0,0,0.0,0.0,1
196.901,0,0,0.0,0.0,1
196.901,0,0,0.0,0.0,1
196.901,0,0,0.0,0.0,1
197.001,0,0,0.0,0.0,1
197.001,0,0,0.0,0.0,1
197.001,0,0,0.0,0.0,1
197.001,0,0,0.0,0.0,1
197.001,0,0,0.0,0.0,1
197.101,0,0,0.0,0.0,1
197.101,0,0,0.0,0.0,1
197.101,0,0,0.0,0.0,1
197.101,0,0,0.0,0.0,1
197.101,0,0,0.0,0.0,1
197.101,0,0,0.0,0.0,1
197.201,0,0,0.0,0.0,1
197.201,0,0,0.0,0.0,1
197.201,0,0,0.0,0.0,1
197.201,0,0,0.0,0.0,1
197.201,0,0,0.0,0.0,1
197.301,0,0,0.0,0.0,1
197.301,0,0,0.0,0.0,1
197.301,0,0,0.0,0.0,1
197.301,0,0,0.0,0.0,1
197.301,0,0,0.0,0.0,1
197.401,0,0,0.0,0.0,1
197.401,0,0,0.0,0.0,1
197.401,0,0,0.0,0.0,1
197.401,0,0,0.0,0.0,1
197.401,0,0,0.0,0.0,1
197.501,0,0,0.0,0.0,1
197.501,0,0,0.0,0.0,1
197.501,0,0,0.0,0.0,1
197.501,0,0,0.0,0.0,1
197.501,0,0,0.0,0.0,1
197.601,0,0,0.0,0.0,1
197.601,0,0,0.0,0.0,1
197.601,0,0,0.0,0.0,1
197.601,0,0,0.0,0.0,1
197.601,0,0,0.0,0.0,1
197.601,0,0,0.0,0.0,1
197.701,0,0,0.0,0.0,1
197.701,0,0,0.0,0.0,1
197.701,0,0,0.0,0.0,1
197.701,0,0,0.0,0.0,1
197.701,0,0,0.0,0.0,1
197.801,0,0,0.0,0.0,1
197.801,0,0,0.0,0.0,1
197.801,0,0,0.0,0.0,1
197.801,0,0,0.0,0.0,1
197.801,0,0,0.0,0.0,1
197.901,0,0,0.0,0.0,1
197.901,0,0,0.0,0.0,1
197.901,0,0,0.0,0.0,1
197.901,0,0,0.0,0.0,1
197.901,0,0,0.0,0.0,1
198.001,0,0,0.0,0.0,1
198.001,0,0,0.0,0.0,1
198.001,0,0,0.0,0.0,1
198.001,0,0,0.0,0.0,1
198.001,0,0,0.0,0.0,1
198.001,0,0,0.0,0.0,1
198.101,0,0,0.0,0.0,1
198.101,0,0,0.0,0.0,1
198.101,0,0,0.0,0.0,1
198.101,0,0,0.0,0.0,1
198.101,0,0,0.0,0.0,1
198.201,0,0,0.0,0.0,1
198.201,0,0,0.0,0.0,1
198.201,0,0,0.0,0.0,1
198.201,0,0,0.0,0.0,1
198.201,0,0,0.0,0.0,1
198.301,0,0,0.0,0.0,1
198.301,0,0,0.0,0.0,1
198.301,0,0,0.0,0.0,1
198.301,0,0,0.0,0.0,1
198.301,0,0,0.0,0.0,1
198.401,0,0,0.0,0.0,1
198.401,0,0,0.0,0.0,1
198.401,0,0,0.0,0.0,1
198.401,0,0,0.0,0.0,1
198.401,0,0,0.0,0.0,1
198.501,0,0,0.0,0.0,1
198.501,0,0,0.0,0.0,1
198.501,0,0,0.0,0.0,1
198.501,0,0,0.0,0.0,1
198.501,0,0,0.0,0.0,1
198.501,0,0,0.0,0.0,1
198.601,0,0,0.0,0.0,1
198.601,0,0,0.0,0.0,1
198.601,0,0,0.0,0.0,1
198.601,0,0,0.0,0.0,1
198.601,0,0,0.0,0.0,1
198.701,0,0,0.0,0.0,1
198.701,0,0,0.0,0.0,1
198.701,0,0,0.0,0.0,1
198.701,0,0,0.0,0.0,1
198.701,0,0,0.0,0.0,1
198.801,0,0,0.0,0.0,1
198.801,0,0,0.0,0.0,1
198.801,0,0,0.0,0.0,1
198.801,0,0,0.0,0.0,1
198.801,0,0,0.0,0.0,1
198.901,0,0,0.0,0.0,1
198.901,0,0,0.0,0.0,1
198.901,0,0,0.0,0.0,1
198.901,0,0,0.0,0.0,1
198.901,0,0,0.0,0.0,1
198.901,0,0,0.0,0.0,1
199.001,0,0,0.0,0.0,1
199.001,0,0,0.0,0.0,1
199.001,0,0,0.0,0.0,1
199.001,0,0,0.0,0.0,1
199.001,0,0,0.0,0.0,1
199.101,0,0,0.0,0.0,1
199.101,0,0,0.0,0.0,1
199.101,0,0,0.0,0.0,1
199.101,0,0,0.0,0.0,1
199.101,0,0,0.0,0.0,1
199.201,0,0,0.0,0.0,1
199.201,0,0,0.0,0.0,1
199.201,0,0,0.0,0.0,1
199.201,0,0,0.0,0.0,1
199.201,0,0,0.0,0.0,1
199.301,0,0,0.0,0.0,1
199.301,0,0,0.0,0.0,1
199.301,0,0,0.0,0.0,1
199.301,0,0,0.0,0.0,1
199.301,0,0,0.0,0.0,1
199.401,0,0,0.0,0.0,1
199.401,0,0,0.0,0.0,1
199.401,0,0,0.0,0.0,1
199.401,0,0,0.0,0.0,1
199.401,0,0,0.0,0.0,1
199.401,0,0,0.0,0.0,1
199.501,0,0,0.0,0.0,1
199.501,0,0,0.0,0.0,1
199.501,0,0,0.0,0.0,1
199.501,0,0,0.0,0.0,1
199.501,0,0,0.0,0.0,1
199.601,0,0,0.0,0.0,1
199.601,0,0,0.0,0.0,1
199.601,0,0,0.0,0.0,1
199.601,0,0,0.0,0.0,1
199.601,0,0,0.0,0.0,1
199.701,0,0,0.0,0.0,1
199.701,0,0,0.0,0.0,1
199.701,0,0,0.0,0.0,1
199.701,0,0,0.0,0.0,1
199.701,0,0,0.0,0.0,1
199.801,0,0,0.0,0.0,1
199.801,0,0,0.0,0.0,1
199.801,0,0,0.0,0.0,1
199.801,0,0,0.0,0.0,1
199.801,0,0,0.0,0.0,1
199.901,0,0,0.0,0.0,1
199.901,0,0,0.0,0.0,1
199.901,0,0,0.0,0.0,1
199.901,0,0,0.0,0.0,1
199.901,0,0,0.0,0.0,1
199.901,0,0,0.0,0.0,1
200.001,0,0,0.0,0.0,1
200.001,0,0,0.0,0.0,1
200.001,0,0,0.0,0.0,1
200.001,0,0,0.0,0.0,1
200.001,0,0,0.0,0.0,1
200.101,0,0,0.0,0.0,1
200.101,0,0,0.0,0.0,1
200.101,0,0,0.0,0.0,1
200.101,0,0,0.0,0.0,1
200.101,0,0,0.0,0.0,1
200.201,0,0,0.0,0.0,1
200.201,0,0,0.0,0.0,1
200.201,0,0,0.0,0.0,1
200.201,0,0,0.0,0.0,1
200.201,0,0,0.0,0.0,1
200.301,0,0,0.0,0.0,1
200.301,0,0,0.0,0.0,1
200.301,0,0,0.0,0.0,1
200.301,0,0,0.0,0.0,1
200.301,0,0,0.0,0.0,1
200.301,0,0,0.0,0.0,1
200.401,0,0,0.0,0.0,1
200.401,0,0,0.0,0.0,1
200.401,0,0,0.0,0.0,1
200.401,0,0,0.0,0.0,1
200.401,0,0,0.0,0.0,1
200.501,0,0,0.0,0.0,1
200.501,0,0,0.0,0.0,1
200.501,0,0,0.0,0.0,1
200.501,0,0,0.0,0.0,1
200.501,0,0,0.0,0.0,1
200.601,0,0,0.0,0.0,1
200.601,0,0,0.0,0.0,1
200.601,0,0,0.0,0.0,1
200.601,0,0,0.0,0.0,1
200.601,0,0,0.0,0.0,1
200.701,0,0,0.0,0.0,1
200.701,0,0,0.0,0.0,1
200.701,0,0,0.0,0.0,1
200.701,0,0,0.0,0.0,1
200.701,0,0,0.0,0.0,1
200.801,0,0,0.0,0.0,1
200.801,0,0,0.0,0.0,1
200.801,0,0,0.0,0.0,1
200.801,0,0,0.0,0.0,1
200.801,0,0,0.0,0.0,1
200.801,0,0,0.0,0.0,1
200.901,0,0,0.0,0.0,1
200.901,0,0,0.0,0.0,1
200.901,0,0,0.0,0.0,1
200.901,0,0,0.0,0.0,1
200.901,0,0,0.0,0.0,1
201.001,0,0,0.0,0.0,1
201.001,0,0,0.0,0.0,1
201.001,0,0,0.0,0.0,1
201.001,0,0,0.0,0.0,1
201.001,0,0,0.0,0.0,1
201.101,0,0,0.0,0.0,1
201.101,0,0,0.0,0.0,1
201.101,0,0,0.0,0.0,1
201.101,0,0,0.0,0.0,1
201.101,0,0,0.0,0.0,1
201.201,0,0,0.0,0.0,1
201.201,0,0,0.0,0.0,1
201.201,0,0,0.0,0.0,1
201.201,0,0,0.0,0.0,1
201.201,0,0,0.0,0.0,1
201.201,0,0,0.0,0.0,1
201.301,0,0,0.0,0.0,1
201.301,0,0,0.0,0.0,1
201.301,0,0,0.0,0.0,1
201.301,0,0,0.0,0.0,1
201.301,0,0,0.0,0.0,1
201.401,0,0,0.0,0.0,1
201.401,0,0,0.0,0.0,1
201.401,0,0,0.0,0.0,1
201.401,0,0,0.0,0.0,1
201.401,0,0,0.0,0.0,1
201.501,0,0,0.0,0.0,1
201.501,0,0,0.0,0.0,1
201.501,0,0,0.0,0.0,1
201.501,0,0,0.0,0.0,1
201.501,0,0,0.0,0.0,1
201.601,0,0,0.0,0.0,1
201.601,0,0,0.0,0.0,1
201.601,0,0,0.0,0.0,1
201.601,0,0,0.0,0.0,1
201.601,0,0,0.0,0.0,1
201.701,0,0,0.0,0.0,1
201.701,0,0,0.0,0.0,1
201.701,0,0,0.0,0.0,1
201.701,0,0,0.0,0.0,1
201.701,0,0,0.0,0.0,1
201.701,0,0,0.0,0.0,1
201.801,0,0,0.0,0.0,1
201.801,0,0,0.0,0.0,1
201.801,0,0,0.0,0.0,1
201.801,0,0,0.0,0.0,1
201.801,0,0,0.0,0.0,1
201.901,0,0,0.0,0.0,1
201.901,0,0,0.0,0.0,1
201.901,0,0,0.0,0.0,1
201.901,0,0,0.0,0.0,1
201.901,0,0,0.0,0.0,1
202.001,0,0,0.0,0.0,1
202.001,0,0,0.0,0.0,1
202.001,0,0,0.0,0.0,1
202.001,0,0,0.0,0.0,1
202.001,0,0,0.0,0.0,1
202.101,0,0,0.0,0.0,1
202.101,0,0,0.0,0.0,1
202.101,0,0,0.0,0.0,1
202.101,0,0,0.0,0.0,1
202.101,0,0,0.0,0.0,1
202.101,0,0,0.0,0.0,1
202.201,0,0,0.0,0.0,1
202.201,0,0,0.0,0.0,1
202.201,0,0,0.0,0.0,1
202.201,0,0,0.0,0.0,1
202.201,0,0,0.0,0.0,1
202.301,0,0,0.0,0.0,1
202.301,0,0,0.0,0.0,1
202.301,0,0,0.0,0.0,1
202.301,0,0,0.0,0.0,1
202.301,0,0,0.0,0.0,1
202.401,0,0,0.0,0.0,1
202.401,0,0,0.0,0.0,1
202.401,0,0,0.0,0.0,1
202.401,0,0,0.0,0.0,1
202.401,0,0,0.0,0.0,1
202.501,0,0,0.0,0.0,1
202.501,0,0,0.0,0.0,1
202.501,0,0,0.0,0.0,1
202.501,0,0,0.0,0.0,1
202.501,0,0,0.0,0.0,1
202.601,0,0,0.0,0.0,1
202.601,0,0,0.0,0.0,1
202.601,0,0,0.0,0.0,1
202.601,0,0,0.0,0.0,1
202.601,0,0,0.0,0.0,1
202.601,0,0,0.0,0.0,1
202.701,0,0,0.0,0.0,1
202.701,0,0,0.0,0.0,1
202.701,0,0,0.0,0.0,1
202.701,0,0,0.0,0.0,1
202.701,0,0,0.0,0.0,1
202.801,0,0,0.0,0.0,1
202.801,0,0,0.0,0.0,1
202.801,0,0,0.0,0.0,1
202.801,0,0,0.0,0.0,1
202.801,0,0,0.0,0.0,1
202.901,0,0,0.0,0.0,1
202.901,0,0,0.0,0.0,1
202.901,0,0,0.0,0.0,1
202.901,0,0,0.0,0.0,1
202.901,0,0,0.0,0.0,1
203.001,0,0,0.0,0.0,1
203.001,0,0,0.0,0.0,1
203.001,0,0,0.0,0.0,1
203.001,0,0,0.0,0.0,1
203.001,0,0,0.0,0.0,1
203.101,0,0,0.0,0.0,1
203.101,0,0,0.0,0.0,1
203.101,0,0,0.0,0.0,1
203.101,0,0,0.0,0.0,1
203.101,0,0,0.0,0.0,1
203.101,0,0,0.0,0.0,1
203.201,0,0,0.0,0.0,1
203.201,0,0,0.0,0.0,1
203.201,0,0,0.0,0.0,1
203.201,0,0,0.0,0.0,1
203.201,0,0,0.0,0.0,1
203.301,0,0,0.0,0.0,1
203.301,0,0,0.0,0.0,1
203.301,0,0,0.0,0.0,1
203.301,0,0,0.0,0.0,1
203.301,0,0,0.0,0.0,1
203.401,0,0,0.0,0.0,1
203.401,0,0,0.0,0.0,1
203.401,0,0,0.0,0.0,1
203.401,0,0,0.0,0.0,1
203.401,0,0,0.0,0.0,1
203.501,0,0,0.0,0.0,1
203.501,0,0,0.0,0.0,1
203.501,0,0,0.0,0.0,1
203.501,0,0,0.0,0.0,1
203.501,0,0,0.0,0.0,1
203.501,0,0,0.0,0.0,1
203.601,0,0,0.0,0.0,1
203.601,0,0,0.0,0.0,1
203.601,0,0,0.0,0.0,1
203.601,0,0,0.0,0.0,1
203.601,0,0,0.0,0.0,1
203.701,0,0,0.0,0.0,1
203.701,0,0,0.0,0.0,1
203.701,0,0,0.0,0.0,1
203.701,0,0,0.0,0.0,1
203.701,0,0,0.0,0.0,1
203.801,0,0,0.0,0.0,1
203.801,0,0,0.0,0.0,1
203.801,0,0,0.0,0.0,1
203.801,0,0,0.0,0.0,1
203.801,0,0,0.0,0.0,1
203.901,0,0,0.0,0.0,1
203.901,0,0,0.0,0.0,1
203.901,0,0,0.0,0.0,1
203.901,0,0,0.0,0.0,1
203.901,0,0,0.0,0.0,1
204.001,0,0,0.0,0.0,1
204.001,0,0,0.0,0.0,1
204.001,0,0,0.0,0.0,1
204.001,0,0,0.0,0.0,1
204.001,0,0,0.0,0.0,1
204.001,0,0,0.0,0.0,1
204.101,0,0,0.0,0.0,1
204.101,0,0,0.0,0.0,1
204.101,0,0,0.0,0.0,1
204.101,0,0,0.0,0.0,1
204.101,0,0,0.0,0.0,1
204.201,0,0,0.0,0.0,1
204.201,0,0,0.0,0.0,1
204.201,0,0,0.0,0.0,1
204.201,0,0,0.0,0.0,1
204.201,0,0,0.0,0.0,1
204.301,0,0,0.0,0.0,1
204.301,0,0,0.0,0.0,1
204.301,0,0,0.0,0.0,1
204.301,0,0,0.0,0.0,1
204.301,0,0,0.0,0.0,1
204.401,0,0,0.0,0.0,1
204.401,0,0,0.0,0.0,1
204.401,0,0,0.0,0.0,1
204.401,0,0,0.0,0.0,1
204.401,0,0,0.0,0.0,1
204.401,0,0,0.0,0.0,1
204.501,0,0,0.0,0.0,1
204.501,0,0,0.0,0.0,1
204.501,0,0,0.0,0.0,1
204.501,0,0,0.0,0.0,1
204.501,0,0,0.0,0.0,1
204.601,0,0,0.0,0.0,1
204.601,0,0,0.0,0.0,1
204.601,0,0,0.0,0.0,1
204.601,0,0,0.0,0.0,1
204.601,0,0,0.0,0.0,1
204.701,0,0,0.0,0.0,1
204.701,0,0,0.0,0.0,1
204.701,0,0,0.0,0.0,1
204.701,0,0,0.0,0.0,1
204.701,0,0,0.0,0.0,1
204.801,0,0,0.0,0.0,1
204.801,0,0,0.0,0.0,1
204.801,0,0,0.0,0.0,1
204.801,0,0,0.0,0.0,1
204.801,0,0,0.0,0.0,1
204.901,0,0,0.0,0.0,1
204.901,0,0,0.0,0.0,1
204.901,0,0,0.0,0.0,1
204.901,0,0,0.0,0.0,1
204.901,0,0,0.0,0.0,1
204.901,0,0,0.0,0.0,1
205.001,0,0,0.0,0.0,1
205.001,0,0,0.0,0.0,1
205.001,0,0,0.0,0.0,1
205.001,0,0,0.0,0.0,1
205.001,0,0,0.0,0.0,1
205.101,0,0,0.0,0.0,1
205.101,0,0,0.0,0.0,1
205.101,0,0,0.0,0.0,1
205.101,0,0,0.0,0.0,1
205.101,0,0,0.0,0.0,1
205.201,0,0,0.0,0.0,1
205.201,0,0,0.0,0.0,1
205.201,0,0,0.0,0.0,1
205.201,0,0,0.0,0.0,1
205.201,0,0,0.0,0.0,1
205.301,0,0,0.0,0.0,1
205.301,0,0,0.0,0.0,1
205.301,0,0,0.0,0.0,1
205.301,0,0,0.0,0.0,1
205.301,0,0,0.0,0.0,1
205.401,0,0,0.0,0.0,1
205.401,0,0,0.0,0.0,1
205.401,0,0,0.0,0.0,1
205.401,0,0,0.0,0.0,1
205.401,0,0,0.0,0.0,1
205.401,0,0,0.0,0.0,1
205.501,0,0,0.0,0.0,1
205.501,0,0,0.0,0.0,1
205.501,0,0,0.0,0.0,1
205.501,0,0,0.0,0.0,1
205.501,0,0,0.0,0.0,1
205.601,0,0,0.0,0.0,1
205.601,0,0,0.0,0.0,1
205.601,0,0,0.0,0.0,1
205.601,0,0,0.0,0.0,1
205.601,0,0,0.0,0.0,1
205.701,0,0,0.0,0.0,1
205.701,0,0,0.0,0.0,1
205.701,0,0,0.0,0.0,1
205.701,0,0,0.0,0.0,1
205.701,0,0,0.0,0.0,1
205.801,0,0,0.0,0.0,1
205.801,0,0,0.0,0.0,1
205.801,0,0,0.0,0.0,1
205.801,0,0,0.0,0.0,1
205.801,0,0,0.0,0.0,1
205.801,0,0,0.0,0.0,1
205.901,0,0,0.0,0.0,1
205.901,0,0,0.0,0.0,1
205.901,0,0,0.0,0.0,1
205.901,0,0,0.0,0.0,1
205.901,0,0,0.0,0.0,1
206.001,0,0,0.0,0.0,1
206.001,0,0,0.0,0.0,1
206.001,0,0,0.0,0.0,1
206.001,0,0,0.0,0.0,1
206.001,0,0,0.0,0.0,1
206.101,0,0,0.0,0.0,1
206.101,0,0,0.0,0.0,1
206.101,0,0,0.0,0.0,1
206.101,0,0,0.0,0.0,1
206.101,0,0,0.0,0.0,1
206.201,0,0,0.0,0.0,1
206.201,0,0,0.0,0.0,1
206.201,0,0,0.0,0.0,1
206.201,0,0,0.0,0.0,1
206.201,0,0,0.0,0.0,1
206.301,0,0,0.0,0.0,1
206.301,0,0,0.0,0.0,1
206.301,0,0,0.0,0.0,1
206.301,0,0,0.0,0.0,1
206.301,0,0,0.0,0.0,1
206.301,0,0,0.0,0.0,1
206.401,0,0,0.0,0.0,1
206.401,0,0,0.0,0.0,1
206.401,0,0,0.0,0.0,1
206.401,0,0,0.0,0.0,1
206.401,0,0,0.0,0.0,1
206.501,0,0,0.0,0.0,1
206.501,0,0,0.0,0.0,1
206.501,0,0,0.0,0.0,1
206.501,0,0,0.0,0.0,1
206.501,0,0,0.0,0.0,1
206.601,0,0,0.0,0.0,1
206.601,0,0,0.0,0.0,1
206.601,0,0,0.0,0.0,1
206.601,0,0,0.0,0.0,1
206.601,0,0,0.0,0.0,1
206.701,0,0,0.0,0.0,1
206.701,0,0,0.0,0.0,1
206.701,0,0,0.0,0.0,1
206.701,0,0,0.0,0.0,1
206.701,0,0,0.0,0.0,1
206.701,0,0,0.0,0.0,1
206.801,0,0,0.0,0.0,1
206.801,0,0,0.0,0.0,1
206.801,0,0,0.0,0.0,1
206.801,0,0,0.0,0.0,1
206.801,0,0,0.0,0.0,1
206.901,0,0,0.0,0.0,1
206.901,0,0,0.0,0.0,1
206.901,0,0,0.0,0.0,1
206.901,0,0,0.0,0.0,1
206.901,0,0,0.0,0.0,1
207.001,0,0,0.0,0.0,1
207.001,0,0,0.0,0.0,1
207.001,0,0,0.0,0.0,1
207.001,0,0,0.0,0.0,1
207.001,0,0,0.0,0.0,1
207.101,0,0,0.0,0.0,1
207.101,0,0,0.0,0.0,1
207.101,0,0,0.0,0.0,1
207.101,0,0,0.0,0.0,1
207.101,0,0,0.0,0.0,1
207.201,0,0,0.0,0.0,1
207.201,0,0,0.0,0.0,1
207.201,0,0,0.0,0.0,1
207.201,0,0,0.0,0.0,1
207.201,0,0,0.0,0.0,1
207.201,0,0,0.0,0.0,1
207.301,0,0,0.0,0.0,1
207.301,0,0,0.0,0.0,1
207.301,0,0,0.0,0.0,1
207.301,0,0,0.0,0.0,1
207.301,0,0,0.0,0.0,1
207.401,0,0,0.0,0.0,1
207.401,0,0,0.0,0.0,1
207.401,0,0,0.0,0.0,1
207.401,0,0,0.0,0.0,1
207.401,0,0,0.0,0.0,1
207.501,0,0,0.0,0.0,1
207.501,0,0,0.0,0.0,1
207.501,0,0,0.0,0.0,1
207.501,0,0,0.0,0.0,1
207.501,0,0,0.0,0.0,1
207.601,0,0,0.0,0.0,1
207.601,0,0,0.0,0.0,1
207.601,0,0,0.0,0.0,1
207.601,0,0,0.0,0.0,1
207.601,0,0,0.0,0.0,1
207.701,0,0,0.0,0.0,1
207.701,0,0,0.0,0.0,1
207.701,0,0,0.0,0.0,1
207.701,0,0,0.0,0.0,1
207.701,0,0,0.0,0.0,1
207.701,0,0,0.0,0.0,1
207.801,0,0,0.0,0.0,1
207.801,0,0,0.0,0.0,1
207.801,0,0,0.0,0.0,1
207.801,0,0,0.0,0.0,1
207.801,0,0,0.0,0.0,1
207.901,0,0,0.0,0.0,1
207.901,0,0,0.0,0.0,1
207.901,0,0,0.0,0.0,1
207.901,0,0,0.0,0.0,1
207.901,0,0,0.0,0.0,1
208.001,0,0,0.0,0.0,1
208.001,0,0,0.0,0.0,1
208.001,0,0,0.0,0.0,1
208.001,0,0,0.0,0.0,1
208.001,0,0,0.0,0.0,1
208.101,0,0,0.0,0.0,1
208.101,0,0,0.0,0.0,1
208.101,0,0,0.0,0.0,1
208.101,0,0,0.0,0.0,1
208.101,0,0,0.0,0.0,1
208.101,0,0,0.0,0.0,1
208.201,0,0,0.0,0.0,1
208.201,0,0,0.0,0.0,1
208.201,0,0,0.0,0.0,1
208.201,0,0,0.0,0.0,1
208.201,0,0,0.0,0.0,1
208.301,0,0,0.0,0.0,1
208.301,0,0,0.0,0.0,1
208.301,0,0,0.0,0.0,1
208.301,0,0,0.0,0.0,1
208.301,0,0,0.0,0.0,1
208.401,0,0,0.0,0.0,0
208.401,0,0,0.0,0.0,0
208.401,0,0,0.0,0.0,0
208.401,0,0,0.0,0.0,0
208.401,0,0,0.0,0.0,0
208.501,0,0,0.0,0.0,0
208.501,0,0,0.0,0.0,0
208.501,0,0,0.0,0.0,0
208.501,0,0,0.0,0.0,0
208.501,0,0,0.0,0.0,0
208.601,0,0,0.0,0.0,0
208.601,0,0,0.0,0.0,0
208.601,0,0,0.0,0.0,0
208.601,0,0,0.0,0.0,0
208.601,0,0,0.0,0.0,0
208.601,0,0,0.0,0.0,0
208.701,0,0,0.0,0.0,0
208.701,0,0,0.0,0.0,0
208.701,0,0,0.0,0.0,0
208.701,0,0,0.0,0.0,0
208.701,0,0,0.0,0.0,0
208.801,0,0,0.0,0.0,0
208.801,0,0,0.0,0.0,0
208.801,0,0,0.0,0.0,0
208.801,0,0,0.0,0.0,0
208.801,0,0,0.0,0.0,0
208.901,2,2,-91.0,-5.0,0
208.901,2,2,-91.0,-5.0,0
208.901,2,2,-91.0,-5.0,0
208.901,2,2,-91.0,-5.0,0
208.901,2,2,-91.0,-5.0,0
209.001,2,2,-91.0,-5.0,0
209.001,2,2,-91.0,-5.0,0
209.001,2,2,-91.0,-5.0,0
209.001,2,2,-91.0,-5.0,0
209.001,2,2,-91.0,-5.0,0
209.001,2,2,-91.0,-5.0,0
209.101,2,2,-91.0,-5.0,0
209.101,2,2,-91.0,-5.0,0
209.101,2,2,-91.0,-5.0,0
209.101,2,2,-91.0,-5.0,0
209.101,2,2,-91.0,-5.0,0
209.201,2,2,-91.0,-5.0,0
209.201,2,2,-91.0,-5.0,0
209.201,2,2,-91.0,-5.0,0
209.201,2,2,-91.0,-5.0,0
209.201,2,2,-91.0,-5.0,0
209.301,2,2,-91.0,-5.0,0
209.301,2,2,-91.0,-5.0,0
209.301,2,2,-91.0,-5.0,0
209.301,2,2,-91.0,-5.0,0
209.301,2,2,-91.0,-5.0,0
209.401,2,2,-91.0,-5.0,0
209.401,2,2,-91.0,-5.0,0
209.401,2,2,-91.0,-5.0,0
209.401,2,2,-91.0,-5.0,0
209.401,2,2,-91.0,-5.0,0
209.501,2,2,-91.0,-5.0,0
209.501,2,2,-91.0,-5.0,0
209.501,2,2,-91.0,-5.0,0
209.501,2,2,-91.0,-5.0,0
209.501,2,2,-91.0,-5.0,0
209.501,2,2,-91.0,-5.0,0
209.601,2,2,-91.0,-5.0,0
209.601,2,2,-91.0,-5.0,0
209.601,2,2,-91.0,-5.0,0
209.601,2,2,-91.0,-5.0,0
209.601,2,2,-91.0,-5.0,0
209.701,2,2,-91.0,-5.0,0
209.701,2,2,-91.0,-5.0,0
209.701,2,2,-91.0,-5.0,0
209.701,2,2,-91.0,-5.0,0
209.701,2,2,-91.0,-5.0,0
209.801,2,2,-91.0,-5.0,0
209.801,2,2,-91.0,-5.0,0
209.801,2,2,-91.0,-5.0,0
209.801,2,2,-91.0,-5.0,0
209.801,2,2,-91.0,-5.0,0
209.901,2,2,-91.0,-5.0,0
209.901,2,2,-91.0,-5.0,0
209.901,2,2,-91.0,-5.0,0
209.901,2,2,-91.0,-5.0,0
209.901,2,2,-91.0,-5.0,0
210.001,2,2,-91.0,-5.0,0
210.001,2,2,-91.0,-5.0,0
210.001,2,2,-91.0,-5.0,0
210.001,2,2,-91.0,-5.0,0
210.001,2,2,-91.0,-5.0,0
210.001,2,2,-91.0,-5.0,0
210.101,2,2,-91.0,-5.0,0
210.101,2,2,-91.0,-5.0,0
210.101,2,2,-91.0,-5.0,0
210.101,2,2,-91.0,-5.0,0
210.101,2,2,-91.0,-5.0,0
210.201,2,2,-91.0,-5.0,0
210.201,2,2,-91.0,-5.0,0
210.201,2,2,-91.0,-5.0,0
210.201,2,2,-91.0,-5.0,0
210.201,2,2,-91.0,-5.0,0
210.301,2,2,-91.0,-5.0,0
210.301,2,2,-91.0,-5.0,0
210.301,2,2,-91.0,-5.0,0
210.301,2,2,-91.0,-5.0,0
210.301,2,2,-91.0,-5.0,0
210.401,2,2,-91.0,-5.0,0
210.401,2,2,-91.0,-5.0,0
210.401,2,2,-91.0,-5.0,0
210.401,2,2,-91.0,-5.0,0
210.401,2,2,-91.0,-5.0,0
210.401,2,2,-91.0,-5.0,0
210.501,2,2,-91.0,-5.0,0
210.501,2,2,-91.0,-5.0,0
210.501,2,2,-91.0,-5.0,0
210.501,2,2,-91.0,-5.0,0
210.501,2,2,-91.0,-5.0,0
210.601,2,2,-91.0,-5.0,0
210.601,2,2,-91.0,-5.0,0
210.601,2,2,-91.0,-5.0,0
210.601,2,2,-91.0,-5.0,0
210.601,2,2,-91.0,-5.0,0
210.701,2,2,-91.0,-5.0,0
210.701,2,2,-91.0,-5.0,0
210.701,2,2,-91.0,-5.0,0
210.701,2,2,-91.0,-5.0,0
210.701,2,2,-91.0,-5.0,0
210.801,2,2,-91.0,-5.0,0
210.801,2,2,-91.0,-5.0,0
210.801,2,2,-91.0,-5.0,0
210.801,2,2,-91.0,-5.0,0
210.801,2,2,-91.0,-5.0,0
210.901,2,2,-91.0,-5.0,0
210.901,2,2,-91.0,-5.0,0
210.901,2,2,-91.0,-5.0,0
210.901,2,2,-91.0,-5.0,0
210.901,2,2,-91.0,-5.0,0
210.901,2,2,-91.0,-5.0,0
211.001,2,2,-91.0,-5.0,0
211.001,2,2,-91.0,-5.0,0
211.001,2,2,-91.0,-5.0,0
211.001,2,2,-91.0,-5.0,0
211.001,2,2,-91.0,-5.0,0
211.101,2,2,-91.0,-5.0,0
211.101,2,2,-91.0,-5.0,0
211.101,2,2,-91.0,-5.0,0
211.101,2,2,-91.0,-5.0,0
211.101,2,2,-91.0,-5.0,0
211.201,2,2,-91.0,-5.0,0
211.201,2,2,-91.0,-5.0,0
211.201,2,2,-91.0,-5.0,0
211.201,2,2,-91.0,-5.0,0
211.201,2,2,-91.0,-5.0,0
211.301,2,2,-91.0,-5.0,0
211.301,2,2,-91.0,-5.0,0
211.301,2,2,-91.0,-5.0,0
211.301,2,2,-91.0,-5.0,0
211.301,2,2,-91.0,-5.0,0
211.301,2,2,-91.0,-5.0,0
211.401,2,2,-91.0,-5.0,0
211.401,2,2,-91.0,-5.0,0
211.401,2,2,-91.0,-5.0,0
211.401,2,2,-91.0,-5.0,0
211.401,2,2,-91.0,-5.0,0
211.501,2,2,-91.0,-5.0,0
211.501,2,2,-91.0,-5.0,0
211.501,2,2,-91.0,-5.0,0
211.501,2,2,-91.0,-5.0,0
211.501,2,2,-91.0,-5.0,0
211.601,2,2,-91.0,-5.0,0
211.601,2,2,-91.0,-5.0,0
211.601,2,2,-91.0,-5.0,0
211.601,2,2,-91.0,-5.0,0
211.601,2,2,-91.0,-5.0,0
211.701,2,2,-91.0,-5.0,0
211.701,2,2,-91.0,-5.0,0
211.701,2,2,-91.0,-5.0,0
211.701,2,2,-91.0,-5.0,0
211.701,2,2,-91.0,-5.0,0
211.801,2,2,-91.0,-5.0,0
211.801,2,2,-91.0,-5.0,0
211.801,2,2,-91.0,-5.0,0
211.801,2,2,-91.0,-5.0,0
211.801,2,2,-91.0,-5.0,0
211.801,2,2,-91.0,-5.0,0
211.901,2,2,-91.0,-5.0,0
211.901,2,2,-91.0,-5.0,0
211.901,2,2,-91.0,-5.0,0
211.901,2,2,-91.0,-5.0,0
211.901,2,2,-91.0,-5.0,0
212.001,2,2,-91.0,-5.0,0
212.001,2,2,-91.0,-5.0,0
212.001,2,2,-91.0,-5.0,0
212.001,2,2,-91.0,-5.0,0
212.001,2,2,-91.0,-5.0,0
212.101,2,2,-91.0,-5.0,0
212.101,2,2,-91.0,-5.0,0
212.101,2,2,-91.0,-5.0,0
212.101,2,2,-91.0,-5.0,0
212.101,2,2,-91.0,-5.0,0
212.201,2,2,-91.0,-5.0,0
212.201,2,2,-91.0,-5.0,0
212.201,2,2,-91.0,-5.0,0
212.201,2,2,-91.0,-5.0,0
212.201,2,2,-91.0,-5.0,0
212.301,2,2,-91.0,-5.0,0
212.301,2,2,-91.0,-5.0,0
212.301,2,2,-91.0,-5.0,0
212.301,2,2,-91.0,-5.0,0
212.301,2,2,-91.0,-5.0,0
212.301,2,2,-91.0,-5.0,0
212.401,2,2,-91.0,-5.0,0
212.401,2,2,-91.0,-5.0,0
212.401,2,2,-91.0,-5.0,0
212.401,2,2,-91.0,-5.0,0
212.401,2,2,-91.0,-5.0,0
212.501,2,2,-91.0,-5.0,0
212.501,2,2,-91.0,-5.0,0
212.501,2,2,-91.0,-5.0,0
212.501,2,2,-91.0,-5.0,0
212.501,2,2,-91.0,-5.0,0
212.601,2,2,-91.0,-5.0,0
212.601,2,2,-91.0,-5.0,0
212.601,2,2,-91.0,-5.0,0
212.601,2,2,-91.0,-5.0,0
212.601,2,2,-91.0,-5.0,0
212.701,2,2,-91.0,-5.0,0
212.701,2,2,-91.0,-5.0,0
212.701,2,2,-91.0,-5.0,0
212.701,2,2,-91.0,-5.0,0
212.701,2,2,-91.0,-5.0,0
212.701,2,2,-91.0,-5.0,0
212.801,2,2,-91.0,-5.0,0
212.801,2,2,-91.0,-5.0,0
212.801,2,2,-91.0,-5.0,0
212.801,2,2,-91.0,-5.0,0
212.801,2,2,-91.0,-5.0,0
212.901,2,2,-91.0,-5.0,0
212.901,2,2,-91.0,-5.0,0
212.901,2,2,-91.0,-5.0,0
212.901,2,2,-91.0,-5.0,0
212.901,2,2,-91.0,-5.0,0
213.001,2,2,-91.0,-5.0,0
213.001,2,2,-91.0,-5.0,0
213.001,2,2,-91.0,-5.0,0
213.001,2,2,-91.0,-5.0,0
213.001,2,2,-91.0,-5.0,0
213.101,2,2,-91.0,-5.0,0
213.101,2,2,-91.0,-5.0,0
213.101,2,2,-91.0,-5.0,0
213.101,2,2,-91.0,-5.0,0
213.101,2,2,-91.0,-5.0,0
213.201,2,2,-91.0,-5.0,0
213.201,2,2,-91.0,-5.0,0
213.201,2,2,-91.0,-5.0,0
213.201,2,2,-91.0,-5.0,0
213.201,2,2,-91.0,-5.0,0
213.201,2,2,-91.0,-5.0,0
213.301,2,2,-91.0,-5.0,0
213.301,2,2,-91.0,-5.0,0
213.301,2,2,-91.0,-5.0,0
213.301,2,2,-91.0,-5.0,0
213.301,2,2,-91.0,-5.0,0
213.401,2,2,-91.0,-5.0,0
213.401,2,2,-91.0,-5.0,0
213.401,2,2,-91.0,-5.0,0
213.401,2,2,-91.0,-5.0,0
213.401,2,2,-91.0,-5.0,0
213.501,2,2,-91.0,-5.0,0
213.501,2,2,-91.0,-5.0,0
213.501,2,2,-91.0,-5.0,0
213.501,2,2,-91.0,-5.0,0
213.501,2,2,-91.0,-5.0,0
213.601,2,2,-91.0,-5.0,0
213.601,2,2,-91.0,-5.0,0
213.601,2,2,-91.0,-5.0,0
213.601,2,2,-91.0,-5.0,0
213.601,2,2,-91.0,-5.0,0
213.601,2,2,-91.0,-5.0,0
213.701,2,2,-91.0,-5.0,0
213.701,2,2,-91.0,-5.0,0
213.701,2,2,-91.0,-5.0,0
213.701,2,2,-91.0,-5.0,0
213.701,2,2,-91.0,-5.0,0
213.801,2,2,-91.0,-5.0,0
213.801,2,2,-91.0,-5.0,0
213.801,2,2,-91.0,-5.0,0
213.801,2,2,-91.0,-5.0,0
213.801,2,2,-91.0,-5.0,0
213.901,2,2,-91.0,-5.0,0
213.901,2,2,-91.0,-5.0,0
213.901,2,2,-91.0,-5.0,0
213.901,2,2,-91.0,-5.0,0
213.901,2,2,-91.0,-5.0,0
214.001,2,2,-91.0,-5.0,0
214.001,2,2,-91.0,-5.0,0
214.001,2,2,-91.0,-5.0,0
214.001,2,2,-91.0,-5.0,0
214.001,2,2,-91.0,-5.0,0
214.101,2,2,-91.0,-5.0,0
214.101,2,2,-91.0,-5.0,0
214.101,2,2,-91.0,-5.0,0
214.101,2,2,-91.0,-5.0,0
214.101,2,2,-91.0,-5.0,0
214.101,2,2,-91.0,-5.0,0
214.201,2,2,-91.0,-5.0,0
214.201,2,2,-91.0,-5.0,0
214.201,2,2,-91.0,-5.0,0
214.201,2,2,-91.0,-5.0,0
214.201,2,2,-91.0,-5.0,0
214.301,2,2,-91.0,-5.0,0
214.301,2,2,-91.0,-5.0,0
214.301,2,2,-91.0,-5.0,0
214.301,2,2,-91.0,-5.0,0
214.301,2,2,-91.0,-5.0,0
214.401,2,2,-91.0,-5.0,0
214.401,2,2,-91.0,-5.0,0
214.401,2,2,-91.0,-5.0,0
214.401,2,2,-91.0,-5.0,0
214.401,2,2,-91.0,-5.0,0
214.501,2,2,-91.0,-5.0,0
214.501,2,2,-91.0,-5.0,0
214.501,2,2,-91.0,-5.0,0
214.501,2,2,-91.0,-5.0,0
214.501,2,2,-91.0,-5.0,0
214.601,2,2,-91.0,-5.0,0
214.601,2,2,-91.0,-5.0,0
214.601,2,2,-91.0,-5.0,0
214.601,2,2,-91.0,-5.0,0
214.601,2,2,-91.0,-5.0,0
214.601,2,2,-91.0,-5.0,0
214.701,2,2,-91.0,-5.0,0
214.701,2,2,-91.0,-5.0,0
214.701,2,2,-91.0,-5.0,0
214.701,2,2,-91.0,-5.0,0
214.701,2,2,-91.0,-5.0,0
214.801,2,2,-91.0,-5.0,0
214.801,2,2,-91.0,-5.0,0
214.801,2,2,-91.0,-5.0,0
214.801,2,2,-91.0,-5.0,0
214.801,2,2,-91.0,-5.0,0
214.901,2,2,-91.0,-5.0,0
214.901,2,2,-91.0,-5.0,0
214.901,2,2,-91.0,-5.0,0
214.901,2,2,-91.0,-5.0,0
214.901,2,2,-91.0,-5.0,0
215.001,2,2,-91.0,-5.0,0
215.001,2,2,-91.0,-5.0,0
215.001,2,2,-91.0,-5.0,0
215.001,2,2,-91.0,-5.0,0
215.001,2,2,-91.0,-5.0,0
215.001,2,2,-91.0,-5.0,0
215.101,2,2,-91.0,-5.0,0
215.101,2,2,-91.0,-5.0,0
215.101,2,2,-91.0,-5.0,0
215.101,2,2,-91.0,-5.0,0
215.101,2,2,-91.0,-5.0,0
215.201,2,2,-91.0,-5.0,0
215.201,2,2,-91.0,-5.0,0
215.201,2,2,-91.0,-5.0,0
215.201,2,2,-91.0,-5.0,0
215.201,2,2,-91.0,-5.0,0
215.301,2,2,-91.0,-5.0,0
215.301,2,2,-91.0,-5.0,0
215.301,2,2,-91.0,-5.0,0
215.301,2,2,-91.0,-5.0,0
215.301,2,2,-91.0,-5.0,0
215.401,2,2,-91.0,-5.0,0
215.401,2,2,-91.0,-5.0,0
215.401,2,2,-91.0,-5.0,0
215.401,2,2,-91.0,-5.0,0
215.401,2,2,-91.0,-5.0,0
215.501,2,2,-91.0,-5.0,0
215.501,2,2,-91.0,-5.0,0
215.501,2,2,-91.0,-5.0,0
215.501,2,2,-91.0,-5.0,0
215.501,2,2,-91.0,-5.0,0
215.501,2,2,-91.0,-5.0,0
215.601,0,2,0.0,-5.0,0
215.601,0,2,0.0,-5.0,0
215.601,0,2,0.0,-5.0,0
215.601,0,2,0.0,-5.0,0
215.601,0,2,0.0,-5.0,0
215.701,0,2,0.0,-5.0,0
215.701,0,2,0.0,-5.0,0
215.701,0,2,0.0,-5.0,0
215.701,0,2,0.0,-5.0,0
215.701,0,2,0.0,-5.0,0
215.801,0,2,0.0,-5.0,0
215.801,0,2,0.0,-5.0,0
215.801,0,2,0.0,-5.0,0
215.801,0,2,0.0,-5.0,0
215.801,0,2,0.0,-5.0,0
215.901,0,2,0.0,-5.0,0
215.901,0,2,0.0,-5.0,0
215.901,0,2,0.0,-5.0,0
215.901,0,2,0.0,-5.0,0
215.901,0,2,0.0,-5.0,0
215.901,0,2,0.0,-5.0,0
216.001,0,2,0.0,-5.0,0
216.001,0,2,0.0,-5.0,0
216.001,0,2,0.0,-5.0,0
216.001,0,2,0.0,-5.0,0
216.001,0,2,0.0,-5.0,0
216.101,0,2,0.0,-5.0,0
216.101,0,2,0.0,-5.0,0
216.101,0,2,0.0,-5.0,0
216.101,0,2,0.0,-5.0,0
216.101,0,2,0.0,-5.0,0
216.201,0,2,0.0,-5.0,0
216.201,0,2,0.0,-5.0,0
216.201,0,2,0.0,-5.0,0
216.201,0,2,0.0,-5.0,0
216.201,0,2,0.0,-5.0,0
216.301,0,2,0.0,-5.0,0
216.301,0,2,0.0,-5.0,0
216.301,0,2,0.0,-5.0,0
216.301,0,2,0.0,-5.0,0
216.301,0,2,0.0,-5.0,0
216.401,0,2,0.0,-5.0,0
216.401,0,2,0.0,-5.0,0
216.401,0,2,0.0,-5.0,0
216.401,0,2,0.0,-5.0,0
216.401,0,2,0.0,-5.0,0
216.401,0,2,0.0,-5.0,0
216.501,0,2,0.0,-5.0,0
216.501,0,2,0.0,-5.0,0
216.501,0,2,0.0,-5.0,0
216.501,0,2,0.0,-5.0,0
216.501,0,2,0.0,-5.0,0
216.601,0,2,0.0,-5.0,0
216.601,0,2,0.0,-5.0,0
216.601,0,2,0.0,-5.0,0
216.601,0,2,0.0,-5.0,0
216.601,0,2,0.0,-5.0,0
216.701,0,2,0.0,-5.0,0
216.701,0,2,0.0,-5.0,0
216.701,0,2,0.0,-5.0,0
216.701,0,2,0.0,-5.0,0
216.701,0,2,0.0,-5.0,0
216.801,0,2,0.0,-5.0,0
216.801,0,2,0.0,-5.0,0
216.801,0,2,0.0,-5.0,0
216.801,0,2,0.0,-5.0,0
216.801,0,2,0.0,-5.0,0
216.801,0,2,0.0,-5.0,0
216.901,0,2,0.0,-5.0,0
216.901,0,2,0.0,-5.0,0
216.901,0,2,0.0,-5.0,0
216.901,0,2,0.0,-5.0,0
216.901,0,2,0.0,-5.0,0
217.001,0,2,0.0,-5.0,0
217.001,0,2,0.0,-5.0,0
217.001,0,2,0.0,-5.0,0
217.001,0,2,0.0,-5.0,0
217.001,0,2,0.0,-5.0,0
217.101,0,2,0.0,-5.0,0
217.101,0,2,0.0,-5.0,0
217.101,0,2,0.0,-5.0,0
217.101,0,2,0.0,-5.0,0
217.101,0,2,0.0,-5.0,0
217.201,0,2,0.0,-5.0,0
217.201,0,2,0.0,-5.0,0
217.201,0,2,0.0,-5.0,0
217.201,0,2,0.0,-5.0,0
217.201,0,2,0.0,-5.0,0
217.301,0,2,0.0,-5.0,0
217.301,0,2,0.0,-5.0,0
217.301,0,2,0.0,-5.0,0
217.301,0,2,0.0,-5.0,0
217.301,0,2,0.0,-5.0,0
217.301,0,2,0.0,-5.0,0
217.401,0,2,0.0,-5.0,0
217.401,0,2,0.0,-5.0,0
217.401,0,2,0.0,-5.0,0
217.401,0,2,0.0,-5.0,0
217.401,0,2,0.0,-5.0,0
217.501,0,2,0.0,-5.0,0
217.501,0,2,0.0,-5.0,0
217.501,0,2,0.0,-5.0,0
217.501,0,2,0.0,-5.0,0
217.501,0,2,0.0,-5.0,0
217.601,0,2,0.0,-5.0,0
217.601,0,2,0.0,-5.0,0
217.601,0,2,0.0,-5.0,0
217.601,0,2,0.0,-5.0,0
217.601,0,2,0.0,-5.0,0
217.701,0,2,0.0,-5.0,0
217.701,0,2,0.0,-5.0,0
217.701,0,2,0.0,-5.0,0
217.701,0,2,0.0,-5.0,0
217.701,0,2,0.0,-5.0,0
217.801,0,2,0.0,-5.0,0
217.801,0,2,0.0,-5.0,0
217.801,0,2,0.0,-5.0,0
217.801,0,2,0.0,-5.0,0
217.801,0,2,0.0,-5.0,0
217.801,0,2,0.0,-5.0,0
217.901,0,2,0.0,-5.0,0
217.901,0,2,0.0,-5.0,0
217.901,0,2,0.0,-5.0,0
217.901,0,2,0.0,-5.0,0
217.901,0,2,0.0,-5.0,0
218.001,0,2,0.0,-5.0,0
218.001,0,2,0.0,-5.0,0
218.001,0,2,0.0,-5.0,0
218.001,0,2,0.0,-5.0,0
218.001,0,2,0.0,-5.0,0
218.101,0,2,0.0,-5.0,0
218.101,0,2,0.0,-5.0,0
218.101,0,2,0.0,-5.0,0
218.101,0,2,0.0,-5.0,0
218.101,0,2,0.0,-5.0,0
218.201,0,2,0.0,-5.0,0
218.201,0,2,0.0,-5.0,0
218.201,0,2,0.0,-5.0,0
218.201,0,2,0.0,-5.0,0
218.201,0,2,0.0,-5.0,0
218.201,0,2,0.0,-5.0,0
218.301,0,2,0.0,-5.0,0
218.301,0,2,0.0,-5.0,0
218.301,0,2,0.0,-5.0,0
218.301,0,2,0.0,-5.0,0
218.301,0,2,0.0,-5.0,0
218.401,0,2,0.0,-5.0,0
218.401,0,2,0.0,-5.0,0
218.401,0,2,0.0,-5.0,0
218.401,0,2,0.0,-5.0,0
218.401,0,2,0.0,-5.0,0
218.501,0,2,0.0,-5.0,0
218.501,0,2,0.0,-5.0,0
218.501,0,2,0.0,-5.0,0
218.501,0,2,0.0,-5.0,0
218.501,0,2,0.0,-5.0,0
218.601,0,2,0.0,-5.0,0
218.601,0,2,0.0,-5.0,0
218.601,0,2,0.0,-5.0,0
218.601,0,2,0.0,-5.0,0
218.601,0,2,0.0,-5.0,0
218.701,0,2,0.0,-5.0,0
218.701,0,2,0.0,-5.0,0
218.701,0,2,0.0,-5.0,0
218.701,0,2,0.0,-5.0,0
218.701,0,2,0.0,-5.0,0
218.701,0,2,0.0,-5.0,0
218.801,0,2,0.0,-5.0,0
218.801,0,2,0.0,-5.0,0
218.801,0,2,0.0,-5.0,0
218.801,0,2,0.0,-5.0,0
218.801,0,2,0.0,-5.0,0
218.901,0,2,0.0,-5.0,0
218.901,0,2,0.0,-5.0,0
218.901,0,2,0.0,-5.0,0
218.901,0,2,0.0,-5.0,0
218.901,0,2,0.0,-5.0,0
219.001,0,2,0.0,-5.0,0
219.001,0,2,0.0,-5.0,0
219.001,0,2,0.0,-5.0,0
219.001,0,2,0.0,-5.0,0
219.001,0,2,0.0,-5.0,0
219.101,0,2,0.0,-5.0,0
219.101,0,2,0.0,-5.0,0
219.101,0,2,0.0,-5.0,0
219.101,0,2,0.0,-5.0,0
219.101,0,2,0.0,-5.0,0
219.101,0,2,0.0,-5.0,0
219.201,0,2,0.0,-5.0,0
219.201,0,2,0.0,-5.0,0
219.201,0,2,0.0,-5.0,0
219.201,0,2,0.0,-5.0,0
219.201,0,2,0.0,-5.0,0
219.301,0,2,0.0,-5.0,0
219.301,0,2,0.0,-5.0,0
219.301,0,2,0.0,-5.0,0
219.301,0,2,0.0,-5.0,0
219.301,0,2,0.0,-5.0,0
219.401,0,2,0.0,-5.0,0
219.401,0,2,0.0,-5.0,0
219.401,0,2,0.0,-5.0,0
219.401,0,2,0.0,-5.0,0
219.401,0,2,0.0,-5.0,0
219.501,0,2,0.0,-5.0,0
219.501,0,2,0.0,-5.0,0
219.501,0,2,0.0,-5.0,0
219.501,0,2,0.0,-5.0,0
219.501,0,2,0.0,-5.0,0
219.601,0,2,0.0,-5.0,0
219.601,0,2,0.0,-5.0,0
219.601,0,2,0.0,-5.0,0
219.601,0,2,0.0,-5.0,0
219.601,0,2,0.0,-5.0,0
219.601,0,2,0.0,-5.0,0
219.701,0,2,0.0,-5.0,0
219.701,0,2,0.0,-5.0,0
219.701,0,2,0.0,-5.0,0
219.701,0,2,0.0,-5.0,0
219.701,0,2,0.0,-5.0,0
219.801,0,2,0.0,-5.0,0
219.801,0,2,0.0,-5.0,0
219.801,0,2,0.0,-5.0,0
219.801,0,2,0.0,-5.0,0
219.801,0,2,0.0,-5.0,0
219.901,0,2,0.0,-5.0,0
219.901,0,2,0.0,-5.0,0
219.901,0,2,0.0,-5.0,0
219.901,0,2,0.0,-5.0,0
219.901,0,2,0.0,-5.0,0
220.001,0,2,0.0,-5.0,0
220.001,0,2,0.0,-5.0,0
220.001,0,2,0.0,-5.0,0
220.001,0,2,0.0,-5.0,0
220.001,0,2,0.0,-5.0,0
220.101,0,2,0.0,-5.0,0
220.101,0,2,0.0,-5.0,0
220.101,0,2,0.0,-5.0,0
220.101,0,2,0.0,-5.0,0
220.101,0,2,0.0,-5.0,0
220.101,0,2,0.0,-5.0,0
220.201,0,2,0.0,-5.0,0
220.201,0,2,0.0,-5.0,0
220.201,0,2,0.0,-5.0,0
220.201,0,2,0.0,-5.0,0
220.201,0,2,0.0,-5.0,0
220.301,0,2,0.0,-5.0,0
220.301,0,2,0.0,-5.0,0
220.301,0,2,0.0,-5.0,0
220.301,0,2,0.0,-5.0,0
220.301,0,2,0.0,-5.0,0
220.401,0,2,0.0,-5.0,0
220.401,0,2,0.0,-5.0,0
220.401,0,2,0.0,-5.0,0
220.401,0,2,0.0,-5.0,0
220.401,0,2,0.0,-5.0,0
220.501,0,2,0.0,-5.0,0
220.501,0,2,0.0,-5.0,0
220.501,0,2,0.0,-5.0,0
220.501,0,2,0.0,-5.0,0
220.501,0,2,0.0,-5.0,0
220.501,0,2,0.0,-5.0,0
220.601,0,2,0.0,-5.0,0
220.601,0,2,0.0,-5.0,0
220.601,0,2,0.0,-5.0,0
220.601,0,2,0.0,-5.0,0
220.601,0,2,0.0,-5.0,0
220.701,0,2,0.0,-5.0,0
220.701,0,2,0.0,-5.0,0
220.701,0,2,0.0,-5.0,0
220.701,0,2,0.0,-5.0,0
220.701,0,2,0.0,-5.0,0
220.801,0,2,0.0,-5.0,0
220.801,0,2,0.0,-5.0,0
220.801,0,2,0.0,-5.0,0
220.801,0,2,0.0,-5.0,0
220.801,0,2,0.0,-5.0,0
220.901,0,2,0.0,-5.0,0
220.901,0,2,0.0,-5.0,0
220.901,0,2,0.0,-5.0,0
220.901,0,2,0.0,-5.0,0
220.901,0,2,0.0,-5.0,0
221.001,0,2,0.0,-5.0,0
221.001,0,2,0.0,-5.0,0
221.001,0,2,0.0,-5.0,0
221.001,0,2,0.0,-5.0,0
221.001,0,2,0.0,-5.0,0
221.001,0,2,0.0,-5.0,0
221.101,0,2,0.0,-5.0,0
221.101,0,2,0.0,-5.0,0
221.101,0,2,0.0,-5.0,0
221.101,0,2,0.0,-5.0,0
221.101,0,2,0.0,-5.0,0
221.201,0,2,0.0,-5.0,0
221.201,0,2,0.0,-5.0,0
221.201,0,2,0.0,-5.0,0
221.201,0,2,0.0,-5.0,0
221.201,0,2,0.0,-5.0,0
221.301,0,2,0.0,-5.0,0
221.301,0,2,0.0,-5.0,0
221.301,0,2,0.0,-5.0,0
221.301,0,2,0.0,-5.0,0
221.301,0,2,0.0,-5.0,0
221.401,0,2,0.0,-5.0,0
221.401,0,2,0.0,-5.0,0
221.401,0,2,0.0,-5.0,0
221.401,0,2,0.0,-5.0,0
221.401,0,2,0.0,-5.0,0
221.401,0,2,0.0,-5.0,0
221.501,0,2,0.0,-5.0,0
221.501,0,2,0.0,-5.0,0
221.501,0,2,0.0,-5.0,0
221.501,0,2,0.0,-5.0,0
221.501,0,2,0.0,-5.0,0
221.601,0,2,0.0,-5.0,0
221.601,0,2,0.0,-5.0,0
221.601,0,2,0.0,-5.0,0
221.601,0,2,0.0,-5.0,0
221.601,0,2,0.0,-5.0,0
221.701,0,2,0.0,-5.0,0
221.701,0,2,0.0,-5.0,0
221.701,0,2,0.0,-5.0,0
221.701,0,2,0.0,-5.0,0
221.701,0,2,0.0,-5.0,0
221.801,0,2,0.0,-5.0,0
221.801,0,2,0.0,-5.0,0
221.801,0,2,0.0,-5.0,0
221.801,0,2,0.0,-5.0,0
221.801,0,2,0.0,-5.0,0
221.901,0,2,0.0,-5.0,0
221.901,0,2,0.0,-5.0,0
221.901,0,2,0.0,-5.0,0
221.901,0,2,0.0,-5.0,0
221.901,0,2,0.0,-5.0,0
221.901,0,2,0.0,-5.0,0
222.001,0,2,0.0,-5.0,0
222.001,0,2,0.0,-5.0,0
222.001,0,2,0.0,-5.0,0
222.001,0,2,0.0,-5.0,0
222.001,0,2,0.0,-5.0,0
222.101,0,2,0.0,-5.0,0
222.101,0,2,0.0,-5.0,0
222.101,0,2,0.0,-5.0,0
222.101,0,2,0.0,-5.0,0
222.101,0,2,0.0,-5.0,0
222.201,0,2,0.0,-5.0,0
222.201,0,2,0.0,-5.0,0
222.201,0,2,0.0,-5.0,0
222.201,0,2,0.0,-5.0,0
222.201,0,2,0.0,-5.0,0
222.301,0,2,0.0,-5.0,0
222.301,0,2,0.0,-5.0,0
222.301,0,2,0.0,-5.0,0
222.301,0,2,0.0,-5.0,0
222.301,0,2,0.0,-5.0,0
222.401,0,2,0.0,-5.0,0
222.401,0,2,0.0,-5.0,0
222.401,0,2,0.0,-5.0,0
222.401,0,2,0.0,-5.0,0
222.401,0,2,0.0,-5.0,0
222.401,0,2,0.0,-5.0,0
222.501,2,2,-89.0,-3.0,0
222.501,2,2,-89.0,-3.0,0
222.501,2,2,-89.0,-3.0,0
222.501,2,2,-89.0,-3.0,0
222.501,2,2,-89.0,-3.0,0
222.601,2,2,-89.0,-3.0,0
222.601,2,2,-89.0,-3.0,0
222.601,2,2,-89.0,-3.0,0
222.601,2,2,-89.0,-3.0,0
222.601,2,2,-89.0,-3.0,0
222.701,2,2,-89.0,-3.0,0
222.701,2,2,-89.0,-3.0,0
222.701,2,2,-89.0,-3.0,0
222.701,2,2,-89.0,-3.0,0
222.701,2,2,-89.0,-3.0,0
222.801,2,2,-89.0,-3.0,0
222.801,2,2,-89.0,-3.0,0
222.801,2,2,-89.0,-3.0,0
222.801,2,2,-89.0,-3.0,0
222.801,2,2,-89.0,-3.0,0
222.801,2,2,-89.0,-3.0,0
222.901,2,2,-89.0,-3.0,0
222.901,2,2,-89.0,-3.0,0
222.901,2,2,-89.0,-3.0,0
222.901,2,2,-89.0,-3.0,0
222.901,2,2,-89.0,-3.0,0
223.001,2,2,-89.0,-3.0,0
223.001,2,2,-89.0,-3.0,0
223.001,2,2,-89.0,-3.0,0
223.001,2,2,-89.0,-3.0,0
223.001,2,2,-89.0,-3.0,0
223.101,2,2,-89.0,-3.0,0
223.101,2,2,-89.0,-3.0,0
223.101,2,2,-89.0,-3.0,0
223.101,2,2,-89.0,-3.0,0
223.101,2,2,-89.0,-3.0,0
223.201,2,2,-89.0,-3.0,0
223.201,2,2,-89.0,-3.0,0
223.201,2,2,-89.0,-3.0,0
223.201,2,2,-89.0,-3.0,0
223.201,2,2,-89.0,-3.0,0
223.301,2,2,-89.0,-3.0,0
223.301,2,2,-89.0,-3.0,0
223.301,2,2,-89.0,-3.0,0
223.301,2,2,-89.0,-3.0,0
223.301,2,2,-89.0,-3.0,0
223.301,2,2,-89.0,-3.0,0
223.401,2,2,-89.0,-3.0,0
223.401,2,2,-89.0,-3.0,0
223.401,2,2,-89.0,-3.0,0
223.401,2,2,-89.0,-3.0,0
223.401,2,2,-89.0,-3.0,0
223.501,2,2,-89.0,-3.0,0
223.501,2,2,-89.0,-3.0,0
223.501,2,2,-89.0,-3.0,0
223.501,2,2,-89.0,-3.0,0
223.501,2,2,-89.0,-3.0,0
223.601,2,2,-89.0,-3.0,0
223.601,2,2,-89.0,-3.0,0
223.601,2,2,-89.0,-3.0,0
223.601,2,2,-89.0,-3.0,0
223.601,2,2,-89.0,-3.0,0
223.701,2,2,-89.0,-3.0,0
223.701,2,2,-89.0,-3.0,0
223.701,2,2,-89.0,-3.0,0
223.701,2,2,-89.0,-3.0,0
223.701,2,2,-89.0,-3.0,0
223.701,2,2,-89.0,-3.0,0
223.801,2,2,-89.0,-3.0,0
223.801,2,2,-89.0,-3.0,0
223.801,2,2,-89.0,-3.0,0
223.801,2,2,-89.0,-3.0,0
223.801,2,2,-89.0,-3.0,0
223.901,2,2,-89.0,-3.0,0
223.901,2,2,-89.0,-3.0,0
223.901,2,2,-89.0,-3.0,0
223.901,2,2,-89.0,-3.0,0
223.901,2,2,-89.0,-3.0,0
224.001,2,2,-89.0,-3.0,0
224.001,2,2,-89.0,-3.0,0
224.001,2,2,-89.0,-3.0,0
224.001,2,2,-89.0,-3.0,0
224.001,2,2,-89.0,-3.0,0
224.101,2,2,-89.0,-3.0,0
224.101,2,2,-89.0,-3.0,0
224.101,2,2,-89.0,-3.0,0
224.101,2,2,-89.0,-3.0,0
224.101,2,2,-89.0,-3.0,0
224.201,2,2,-89.0,-3.0,0
224.201,2,2,-89.0,-3.0,0
224.201,2,2,-89.0,-3.0,0
224.201,2,2,-89.0,-3.0,0
224.201,2,2,-89.0,-3.0,0
224.201,2,2,-89.0,-3.0,0
224.301,2,2,-89.0,-3.0,0
224.301,2,2,-89.0,-3.0,0
224.301,2,2,-89.0,-3.0,0
224.301,2,2,-89.0,-3.0,0
224.301,2,2,-89.0,-3.0,0
224.401,2,2,-89.0,-3.0,0
224.401,2,2,-89.0,-3.0,0
224.401,2,2,-89.0,-3.0,0
224.401,2,2,-89.0,-3.0,0
224.401,2,2,-89.0,-3.0,0
224.501,2,2,-89.0,-3.0,0
224.501,2,2,-89.0,-3.0,0
224.501,2,2,-89.0,-3.0,0
224.501,2,2,-89.0,-3.0,0
224.501,2,2,-89.0,-3.0,0
224.601,2,2,-89.0,-3.0,0
224.601,2,2,-89.0,-3.0,0
224.601,2,2,-89.0,-3.0,0
224.601,2,2,-89.0,-3.0,0
224.601,2,2,-89.0,-3.0,0
224.701,2,2,-89.0,-3.0,0
224.701,2,2,-89.0,-3.0,0
224.701,2,2,-89.0,-3.0,0
224.701,2,2,-89.0,-3.0,0
224.701,2,2,-89.0,-3.0,0
224.701,2,2,-89.0,-3.0,0
224.801,2,2,-89.0,-3.0,0
224.801,2,2,-89.0,-3.0,0
224.801,2,2,-89.0,-3.0,0
224.801,2,2,-89.0,-3.0,0
224.801,2,2,-89.0,-3.0,0
224.901,2,2,-89.0,-3.0,0
224.901,2,2,-89.0,-3.0,0
224.901,2,2,-89.0,-3.0,0
224.901,2,2,-89.0,-3.0,0
224.901,2,2,-89.0,-3.0,0
225.001,2,2,-89.0,-3.0,0
225.001,2,2,-89.0,-3.0,0
225.001,2,2,-89.0,-3.0,0
225.001,2,2,-89.0,-3.0,0
225.001,2,2,-89.0,-3.0,0
225.101,2,2,-89.0,-3.0,0
225.101,2,2,-89.0,-3.0,0
225.101,2,2,-89.0,-3.0,0
225.101,2,2,-89.0,-3.0,0
225.101,2,2,-89.0,-3.0,0
225.101,2,2,-89.0,-3.0,0
225.201,2,2,-89.0,-3.0,0
225.201,2,2,-89.0,-3.0,0
225.201,2,2,-89.0,-3.0,0
225.201,2,2,-89.0,-3.0,0
225.201,2,2,-89.0,-3.0,0
225.301,2,2,-89.0,-3.0,0
225.301,2,2,-89.0,-3.0,0
225.301,2,2,-89.0,-3.0,0
225.301,2,2,-89.0,-3.0,0
225.301,2,2,-89.0,-3.0,0
225.401,2,2,-89.0,-3.0,0
225.401,2,2,-89.0,-3.0,0
225.401,2,2,-89.0,-3.0,0
225.401,2,2,-89.0,-3.0,0
225.401,2,2,-89.0,-3.0,0
225.501,2,2,-89.0,-3.0,0
225.501,2,2,-89.0,-3.0,0
225.501,2,2,-89.0,-3.0,0
225.501,2,2,-89.0,-3.0,0
225.501,2,2,-89.0,-3.0,0
225.601,2,2,-89.0,-3.0,0
225.601,2,2,-89.0,-3.0,0
225.601,2,2,-89.0,-3.0,0
225.601,2,2,-89.0,-3.0,0
225.601,2,2,-89.0,-3.0,0
225.601,2,2,-89.0,-3.0,0
225.701,2,2,-89.0,-3.0,0
225.701,2,2,-89.0,-3.0,0
225.701,2,2,-89.0,-3.0,0
225.701,2,2,-89.0,-3.0,0
225.701,2,2,-89.0,-3.0,0
225.801,2,2,-89.0,-3.0,0
225.801,2,2,-89.0,-3.0,0
225.801,2,2,-89.0,-3.0,0
225.801,2,2,-89.0,-3.0,0
225.801,2,2,-89.0,-3.0,0
225.901,2,2,-89.0,-3.0,0
225.901,2,2,-89.0,-3.0,0
225.901,2,2,-89.0,-3.0,0
225.901,2,2,-89.0,-3.0,0
225.901,2,2,-89.0,-3.0,0
226.001,2,2,-89.0,-3.0,0
226.001,2,2,-89.0,-3.0,0
226.001,2,2,-89.0,-3.0,0
226.001,2,2,-89.0,-3.0,0
226.001,2,2,-89.0,-3.0,0
226.001,2,2,-89.0,-3.0,0
226.101,2,2,-89.0,-3.0,0
226.101,2,2,-89.0,-3.0,0
226.101,2,2,-89.0,-3.0,0
226.101,2,2,-89.0,-3.0,0
226.101,2,2,-89.0,-3.0,0
226.201,2,2,-89.0,-3.0,0
226.201,2,2,-89.0,-3.0,0
226.201,2,2,-89.0,-3.0,0
226.201,2,2,-89.0,-3.0,0
226.201,2,2,-89.0,-3.0,0
226.301,2,2,-89.0,-3.0,0
226.301,2,2,-89.0,-3.0,0
226.301,2,2,-89.0,-3.0,0
226.301,2,2,-89.0,-3.0,0
226.301,2,2,-89.0,-3.0,0
226.401,2,2,-89.0,-3.0,0
226.401,2,2,-89.0,-3.0,0
226.401,2,2,-89.0,-3.0,0
226.401,2,2,-89.0,-3.0,0
226.401,2,2,-89.0,-3.0,0
226.501,2,2,-89.0,-3.0,0
226.501,2,2,-89.0,-3.0,0
226.501,2,2,-89.0,-3.0,0
226.501,2,2,-89.0,-3.0,0
226.501,2,2,-89.0,-3.0,0
226.501,2,2,-89.0,-3.0,0
226.601,2,2,-89.0,-3.0,0
226.601,2,2,-89.0,-3.0,0
226.601,2,2,-89.0,-3.0,0
226.601,2,2,-89.0,-3.0,0
226.601,2,2,-89.0,-3.0,0
226.701,2,2,-89.0,-3.0,0
226.701,2,2,-89.0,-3.0,0
226.701,2,2,-89.0,-3.0,0
226.701,2,2,-89.0,-3.0,0
226.701,2,2,-89.0,-3.0,0
226.801,2,2,-89.0,-3.0,0
226.801,2,2,-89.0,-3.0,0
226.801,2,2,-89.0,-3.0,0
226.801,2,2,-89.0,-3.0,0
226.801,2,2,-89.0,-3.0,0
226.901,2,2,-89.0,-3.0,0
226.901,2,2,-89.0,-3.0,0
226.901,2,2,-89.0,-3.0,0
226.901,2,2,-89.0,-3.0,0
226.901,2,2,-89.0,-3.0,0
227.001,2,2,-89.0,-3.0,0
227.001,2,2,-89.0,-3.0,0
227.001,2,2,-89.0,-3.0,0
227.001,2,2,-89.0,-3.0,0
227.001,2,2,-89.0,-3.0,0
227.001,2,2,-89.0,-3.0,0
227.101,2,2,-89.0,-3.0,0
227.101,2,2,-89.0,-3.0,0
227.101,2,2,-89.0,-3.0,0
227.101,2,2,-89.0,-3.0,0
227.101,2,2,-89.0,-3.0,0
227.201,2,2,-89.0,-3.0,0
227.201,2,2,-89.0,-3.0,0
227.201,2,2,-89.0,-3.0,0
227.201,2,2,-89.0,-3.0,0
227.201,2,2,-89.0,-3.0,0
227.301,2,2,-89.0,-3.0,0
227.301,2,2,-89.0,-3.0,0
227.301,2,2,-89.0,-3.0,0
227.301,2,2,-89.0,-3.0,0
227.301,2,2,-89.0,-3.0,0
227.401,2,2,-89.0,-3.0,0
227.401,2,2,-89.0,-3.0,0
227.401,2,2,-89.0,-3.0,0
227.401,2,2,-89.0,-3.0,0
227.401,2,2,-89.0,-3.0,0
227.401,2,2,-89.0,-3.0,0
227.501,2,2,-89.0,-3.0,0
227.501,2,2,-89.0,-3.0,0
227.501,2,2,-89.0,-3.0,0
227.501,2,2,-89.0,-3.0,0
227.501,2,2,-89.0,-3.0,0
227.601,2,2,-89.0,-3.0,0
227.601,2,2,-89.0,-3.0,0
227.601,2,2,-89.0,-3.0,0
227.601,2,2,-89.0,-3.0,0
227.601,2,2,-89.0,-3.0,0
227.701,2,2,-89.0,-3.0,0
227.701,2,2,-89.0,-3.0,0
227.701,2,2,-89.0,-3.0,0
227.701,2,2,-89.0,-3.0,0
227.701,2,2,-89.0,-3.0,0
227.801,2,2,-89.0,-3.0,0
227.801,2,2,-89.0,-3.0,0
227.801,2,2,-89.0,-3.0,0
227.801,2,2,-89.0,-3.0,0
227.801,2,2,-89.0,-3.0,0
227.901,2,2,-89.0,-3.0,0
227.901,2,2,-89.0,-3.0,0
227.901,2,2,-89.0,-3.0,0
227.901,2,2,-89.0,-3.0,0
227.901,2,2,-89.0,-3.0,0
227.901,2,2,-89.0,-3.0,0
228.001,2,2,-89.0,-3.0,0
228.001,2,2,-89.0,-3.0,0
228.001,2,2,-89.0,-3.0,0
228.001,2,2,-89.0,-3.0,0
228.001,2,2,-89.0,-3.0,0
228.101,2,2,-89.0,-3.0,0
228.101,2,2,-89.0,-3.0,0
228.101,2,2,-89.0,-3.0,0
228.101,2,2,-89.0,-3.0,0
228.101,2,2,-89.0,-3.0,0
228.201,2,2,-89.0,-3.0,0
228.201,2,2,-89.0,-3.0,0
228.201,2,2,-89.0,-3.0,0
228.201,2,2,-89.0,-3.0,0
228.201,2,2,-89.0,-3.0,0
228.301,0,0,0.0,0.0,1
228.301,0,0,0.0,0.0,1
228.301,0,0,0.0,0.0,1
228.301,0,0,0.0,0.0,1
228.301,0,0,0.0,0.0,1
228.301,0,0,0.0,0.0,1
228.401,0,0,0.0,0.0,1
228.401,0,0,0.0,0.0,1
228.401,0,0,0.0,0.0,1
228.401,0,0,0.0,0.0,1
228.401,0,0,0.0,0.0,1
228.501,0,0,0.0,0.0,1
228.501,0,0,0.0,0.0,1
228.501,0,0,0.0,0.0,1
228.501,0,0,0.0,0.0,1
228.501,0,0,0.0,0.0,1
228.601,0,0,0.0,0.0,1
228.601,0,0,0.0,0.0,1
228.601,0,0,0.0,0.0,1
228.601,0,0,0.0,0.0,1
228.601,0,0,0.0,0.0,1
228.701,0,0,0.0,0.0,1
228.701,0,0,0.0,0.0,1
228.701,0,0,0.0,0.0,1
228.701,0,0,0.0,0.0,1
228.701,0,0,0.0,0.0,1
228.801,0,0,0.0,0.0,1
228.801,0,0,0.0,0.0,1
228.801,0,0,0.0,0.0,1
228.801,0,0,0.0,0.0,1
228.801,0,0,0.0,0.0,1
228.801,0,0,0.0,0.0,1
228.901,0,0,0.0,0.0,1
228.901,0,0,0.0,0.0,1
228.901,0,0,0.0,0.0,1
228.901,0,0,0.0,0.0,1
228.901,0,0,0.0,0.0,1
229.001,0,0,0.0,0.0,1
229.001,0,0,0.0,0.0,1
229.001,0,0,0.0,0.0,1
229.001,0,0,0.0,0.0,1
229.001,0,0,0.0,0.0,1
229.101,0,0,0.0,0.0,1
229.101,0,0,0.0,0.0,1
229.101,0,0,0.0,0.0,1
229.101,0,0,0.0,0.0,1
229.101,0,0,0.0,0.0,1
229.201,0,0,0.0,0.0,1
229.201,0,0,0.0,0.0,1
229.201,0,0,0.0,0.0,1
229.201,0,0,0.0,0.0,1
229.201,0,0,0.0,0.0,1
229.301,0,0,0.0,0.0,1
229.301,0,0,0.0,0.0,1
229.301,0,0,0.0,0.0,1
229.301,0,0,0.0,0.0,1
229.301,0,0,0.0,0.0,1
229.301,0,0,0.0,0.0,1
229.401,0,0,0.0,0.0,1
229.401,0,0,0.0,0.0,1
229.401,0,0,0.0,0.0,1
229.401,0,0,0.0,0.0,1
229.401,0,0,0.0,0.0,1
229.501,0,0,0.0,0.0,1
229.501,0,0,0.0,0.0,1
229.501,0,0,0.0,0.0,1
229.501,0,0,0.0,0.0,1
229.501,0,0,0.0,0.0,1
229.601,0,0,0.0,0.0,1
229.601,0,0,0.0,0.0,1
229.601,0,0,0.0,0.0,1
229.601,0,0,0.0,0.0,1
229.601,0,0,0.0,0.0,1
229.701,0,0,0.0,0.0,1
229.701,0,0,0.0,0.0,1
229.701,0,0,0.0,0.0,1
229.701,0,0,0.0,0.0,1
229.701,0,0,0.0,0.0,1
229.701,0,0,0.0,0.0,1
229.801,0,0,0.0,0.0,1
229.801,0,0,0.0,0.0,1
229.801,0,0,0.0,0.0,1
229.801,0,0,0.0,0.0,1
229.801,0,0,0.0,0.0,1
229.901,0,0,0.0,0.0,1
229.901,0,0,0.0,0.0,1
229.901,0,0,0.0,0.0,1
229.901,0,0,0.0,0.0,1
229.901,0,0,0.0,0.0,1
230.001,0,0,0.0,0.0,1
230.001,0,0,0.0,0.0,1
230.001,0,0,0.0,0.0,1
230.001,0,0,0.0,0.0,1
230.001,0,0,0.0,0.0,1
230.101,0,0,0.0,0.0,1
230.101,0,0,0.0,0.0,1
230.101,0,0,0.0,0.0,1
230.101,0,0,0.0,0.0,1
230.101,0,0,0.0,0.0,1
230.201,0,0,0.0,0.0,1
230.201,0,0,0.0,0.0,1
230.201,0,0,0.0,0.0,1
230.201,0,0,0.0,0.0,1
230.201,0,0,0.0,0.0,1
230.201,0,0,0.0,0.0,1
230.301,0,0,0.0,0.0,1
230.301,0,0,0.0,0.0,1
230.301,0,0,0.0,0.0,1
230.301,0,0,0.0,0.0,1
230.301,0,0,0.0,0.0,1
230.401,0,0,0.0,0.0,1
230.401,0,0,0.0,0.0,1
230.401,0,0,0.0,0.0,1
230.401,0,0,0.0,0.0,1
230.401,0,0,0.0,0.0,1
230.501,0,0,0.0,0.0,1
230.501,0,0,0.0,0.0,1
230.501,0,0,0.0,0.0,1
230.501,0,0,0.0,0.0,1
230.501,0,0,0.0,0.0,1
230.601,0,0,0.0,0.0,1
230.601,0,0,0.0,0.0,1
230.601,0,0,0.0,0.0,1
230.601,0,0,0.0,0.0,1
230.601,0,0,0.0,0.0,1
230.601,0,0,0.0,0.0,1
230.701,0,0,0.0,0.0,1
230.701,0,0,0.0,0.0,1
230.701,0,0,0.0,0.0,1
230.701,0,0,0.0,0.0,1
230.701,0,0,0.0,0.0,1
230.801,0,0,0.0,0.0,1
230.801,0,0,0.0,0.0,1
230.801,0,0,0.0,0.0,1
230.801,0,0,0.0,0.0,1
230.801,0,0,0.0,0.0,1
230.901,0,0,0.0,0.0,1
230.901,0,0,0.0,0.0,1
230.901,0,0,0.0,0.0,1
230.901,0,0,0.0,0.0,1
230.901,0,0,0.0,0.0,1
231.001,0,0,0.0,0.0,1
231.001,0,0,0.0,0.0,1
231.001,0,0,0.0,0.0,1
231.001,0,0,0.0,0.0,1
231.001,0,0,0.0,0.0,1
231.101,0,0,0.0,0.0,1
231.101,0,0,0.0,0.0,1
231.101,0,0,0.0,0.0,1
231.101,0,0,0.0,0.0,1
231.101,0,0,0.0,0.0,1
231.101,0,0,0.0,0.0,1
231.201,0,0,0.0,0.0,1
231.201,0,0,0.0,0.0,1
231.201,0,0,0.0,0.0,1
231.201,0,0,0.0,0.0,1
231.201,0,0,0.0,0.0,1
231.301,0,0,0.0,0.0,1
231.301,0,0,0.0,0.0,1
231.301,0,0,0.0,0.0,1
231.301,0,0,0.0,0.0,1
231.301,0,0,0.0,0.0,1
231.401,0,0,0.0,0.0,1
231.401,0,0,0.0,0.0,1
231.401,0,0,0.0,0.0,1
231.401,0,0,0.0,0.0,1
231.401,0,0,0.0,0.0,1
231.501,0,0,0.0,0.0,1
231.501,0,0,0.0,0.0,1
231.501,0,0,0.0,0.0,1
231.501,0,0,0.0,0.0,1
231.501,0,0,0.0,0.0,1
231.601,0,0,0.0,0.0,1
231.601,0,0,0.0,0.0,1
231.601,0,0,0.0,0.0,1
231.601,0,0,0.0,0.0,1
231.601,0,0,0.0,0.0,1
231.601,0,0,0.0,0.0,1
231.701,0,0,0.0,0.0,1
231.701,0,0,0.0,0.0,1
231.701,0,0,0.0,0.0,1
231.701,0,0,0.0,0.0,1
231.701,0,0,0.0,0.0,1
231.801,0,0,0.0,0.0,1
231.801,0,0,0.0,0.0,1
231.801,0,0,0.0,0.0,1
231.801,0,0,0.0,0.0,1
231.801,0,0,0.0,0.0,1
231.901,0,0,0.0,0.0,1
231.901,0,0,0.0,0.0,1
231.901,0,0,0.0,0.0,1
231.901,0,0,0.0,0.0,1
231.901,0,0,0.0,0.0,1
232.001,0,0,0.0,0.0,1
232.001,0,0,0.0,0.0,1
232.001,0,0,0.0,0.0,1
232.001,0,0,0.0,0.0,1
232.001,0,0,0.0,0.0,1
232.001,0,0,0.0,0.0,1
232.101,0,0,0.0,0.0,1
232.101,0,0,0.0,0.0,1
232.101,0,0,0.0,0.0,1
232.101,0,0,0.0,0.0,1
232.101,0,0,0.0,0.0,1
232.201,0,0,0.0,0.0,1
232.201,0,0,0.0,0.0,1
232.201,0,0,0.0,0.0,1
232.201,0,0,0.0,0.0,1
232.201,0,0,0.0,0.0,1
232.301,0,0,0.0,0.0,1
232.301,0,0,0.0,0.0,1
232.301,0,0,0.0,0.0,1
232.301,0,0,0.0,0.0,1
232.301,0,0,0.0,0.0,1
232.401,0,0,0.0,0.0,1
232.401,0,0,0.0,0.0,1
232.401,0,0,0.0,0.0,1
232.401,0,0,0.0,0.0,1
232.401,0,0,0.0,0.0,1
232.401,0,0,0.0,0.0,1
232.501,0,0,0.0,0.0,1
232.501,0,0,0.0,0.0,1
232.501,0,0,0.0,0.0,1
232.501,0,0,0.0,0.0,1
232.501,0,0,0.0,0.0,1
232.601,0,0,0.0,0.0,1
232.601,0,0,0.0,0.0,1
232.601,0,0,0.0,0.0,1
232.601,0,0,0.0,0.0,1
232.601,0,0,0.0,0.0,1
232.701,0,0,0.0,0.0,1
232.701,0,0,0.0,0.0,1
232.701,0,0,0.0,0.0,1
232.701,0,0,0.0,0.0,1
232.701,0,0,0.0,0.0,1
232.801,0,0,0.0,0.0,1
232.801,0,0,0.0,0.0,1
232.801,0,0,0.0,0.0,1
232.801,0,0,0.0,0.0,1
232.801,0,0,0.0,0.0,1
232.901,0,0,0.0,0.0,1
232.901,0,0,0.0,0.0,1
232.901,0,0,0.0,0.0,1
232.901,0,0,0.0,0.0,1
232.901,0,0,0.0,0.0,1
232.901,0,0,0.0,0.0,1
233.001,0,0,0.0,0.0,1
233.001,0,0,0.0,0.0,1
233.001,0,0,0.0,0.0,1
233.001,0,0,0.0,0.0,1
233.001,0,0,0.0,0.0,1
233.101,0,0,0.0,0.0,1
233.101,0,0,0.0,0.0,1
233.101,0,0,0.0,0.0,1
233.101,0,0,0.0,0.0,1
233.101,0,0,0.0,0.0,1
233.201,0,0,0.0,0.0,1
233.201,0,0,0.0,0.0,1
233.201,0,0,0.0,0.0,1
233.201,0,0,0.0,0.0,1
233.201,0,0,0.0,0.0,1
233.301,0,0,0.0,0.0,1
233.301,0,0,0.0,0.0,1
233.301,0,0,0.0,0.0,1
233.301,0,0,0.0,0.0,1
233.301,0,0,0.0,0.0,1
233.401,0,0,0.0,0.0,1
233.401,0,0,0.0,0.0,1
233.401,0,0,0.0,0.0,1
233.401,0,0,0.0,0.0,1
233.401,0,0,0.0,0.0,1
233.401,0,0,0.0,0.0,1
233.501,0,0,0.0,0.0,1
233.501,0,0,0.0,0.0,1
233.501,0,0,0.0,0.0,1
233.501,0,0,0.0,0.0,1
233.501,0,0,0.0,0.0,1
233.601,0,0,0.0,0.0,1
233.601,0,0,0.0,0.0,1
233.601,0,0,0.0,0.0,1
233.601,0,0,0.0,0.0,1
233.601,0,0,0.0,0.0,1
233.701,0,0,0.0,0.0,1
233.701,0,0,0.0,0.0,1
233.701,0,0,0.0,0.0,1
233.701,0,0,0.0,0.0,1
233.701,0,0,0.0,0.0,1
233.801,0,0,0.0,0.0,1
233.801,0,0,0.0,0.0,1
233.801,0,0,0.0,0.0,1
233.801,0,0,0.0,0.0,1
233.801,0,0,0.0,0.0,1
233.801,0,0,0.0,0.0,1
233.901,0,0,0.0,0.0,1
233.901,0,0,0.0,0.0,1
233.901,0,0,0.0,0.0,1
233.901,0,0,0.0,0.0,1
233.901,0,0,0.0,0.0,1
234.001,0,0,0.0,0.0,1
234.001,0,0,0.0,0.0,1
234.001,0,0,0.0,0.0,1
234.001,0,0,0.0,0.0,1
234.001,0,0,0.0,0.0,1
234.101,0,0,0.0,0.0,1
234.101,0,0,0.0,0.0,1
234.101,0,0,0.0,0.0,1
234.101,0,0,0.0,0.0,1
234.101,0,0,0.0,0.0,1
234.201,0,0,0.0,0.0,1
234.201,0,0,0.0,0.0,1
234.201,0,0,0.0,0.0,1
234.201,0,0,0.0,0.0,1
234.201,0,0,0.0,0.0,1
234.301,0,0,0.0,0.0,1
234.301,0,0,0.0,0.0,1
234.301,0,0,0.0,0.0,1
234.301,0,0,0.0,0.0,1
234.301,0,0,0.0,0.0,1
234.301,0,0,0.0,0.0,1
234.401,0,0,0.0,0.0,1
234.401,0,0,0.0,0.0,1
234.401,0,0,0.0,0.0,1
234.401,0,0,0.0,0.0,1
234.401,0,0,0.0,0.0,1
234.501,0,0,0.0,0.0,1
234.501,0,0,0.0,0.0,1
234.501,0,0,0.0,0.0,1
234.501,0,0,0.0,0.0,1
234.501,0,0,0.0,0.0,1
234.601,0,0,0.0,0.0,1
234.601,0,0,0.0,0.0,1
234.601,0,0,0.0,0.0,1
234.601,0,0,0.0,0.0,1
234.601,0,0,0.0,0.0,1
234.701,0,0,0.0,0.0,1
234.701,0,0,0.0,0.0,1
234.701,0,0,0.0,0.0,1
234.701,0,0,0.0,0.0,1
234.701,0,0,0.0,0.0,1
234.701,0,0,0.0,0.0,1
234.801,0,0,0.0,0.0,1
234.801,0,0,0.0,0.0,1
234.801,0,0,0.0,0.0,1
234.801,0,0,0.0,0.0,1
234.801,0,0,0.0,0.0,1
234.901,0,0,0.0,0.0,1
234.901,0,0,0.0,0.0,1
234.901,0,0,0.0,0.0,1
234.901,0,0,0.0,0.0,1
234.901,0,0,0.0,0.0,1
235.001,0,0,0.0,0.0,1
235.001,0,0,0.0,0.0,1
235.001,0,0,0.0,0.0,1
235.001,0,0,0.0,0.0,1
235.001,0,0,0.0,0.0,1
235.101,0,0,0.0,0.0,1
235.101,0,0,0.0,0.0,1
235.101,0,0,0.0,0.0,1
235.101,0,0,0.0,0.0,1
235.101,0,0,0.0,0.0,1
235.201,0,0,0.0,0.0,1
235.201,0,0,0.0,0.0,1
235.201,0,0,0.0,0.0,1
235.201,0,0,0.0,0.0,1
235.201,0,0,0.0,0.0,1
235.201,0,0,0.0,0.0,1
235.301,0,0,0.0,0.0,1
235.301,0,0,0.0,0.0,1
235.301,0,0,0.0,0.0,1
235.301,0,0,0.0,0.0,1
235.301,0,0,0.0,0.0,1
235.401,0,0,0.0,0.0,1
235.401,0,0,0.0,0.0,1
235.401,0,0,0.0,0.0,1
235.401,0,0,0.0,0.0,1
235.401,0,0,0.0,0.0,1
235.501,0,0,0.0,0.0,1
235.501,0,0,0.0,0.0,1
235.501,0,0,0.0,0.0,1
235.501,0,0,0.0,0.0,1
235.501,0,0,0.0,0.0,1
235.601,0,0,0.0,0.0,1
235.601,0,0,0.0,0.0,1
235.601,0,0,0.0,0.0,1
235.601,0,0,0.0,0.0,1
235.601,0,0,0.0,0.0,1
235.701,0,0,0.0,0.0,1
235.701,0,0,0.0,0.0,1
235.701,0,0,0.0,0.0,1
235.701,0,0,0.0,0.0,1
235.701,0,0,0.0,0.0,1
235.701,0,0,0.0,0.0,1
235.801,0,0,0.0,0.0,1
235.801,0,0,0.0,0.0,1
235.801,0,0,0.0,0.0,1
235.801,0,0,0.0,0.0,1
235.801,0,0,0.0,0.0,1
235.901,0,0,0.0,0.0,1
235.901,0,0,0.0,0.0,1
235.901,0,0,0.0,0.0,1
235.901,0,0,0.0,0.0,1
235.901,0,0,0.0,0.0,1
236.001,0,0,0.0,0.0,1
236.001,0,0,0.0,0.0,1
236.001,0,0,0.0,0.0,1
236.001,0,0,0.0,0.0,1
236.001,0,0,0.0,0.0,1
236.101,0,0,0.0,0.0,1
236.101,0,0,0.0,0.0,1
236.101,0,0,0.0,0.0,1
236.101,0,0,0.0,0.0,1
236.101,0,0,0.0,0.0,1
236.101,0,0,0.0,0.0,1
236.201,0,0,0.0,0.0,1
236.201,0,0,0.0,0.0,1
236.201,0,0,0.0,0.0,1
236.201,0,0,0.0,0.0,1
236.201,0,0,0.0,0.0,1
236.301,0,0,0.0,0.0,1
236.301,0,0,0.0,0.0,1
236.301,0,0,0.0,0.0,1
236.301,0,0,0.0,0.0,1
236.301,0,0,0.0,0.0,1
236.401,0,0,0.0,0.0,1
236.401,0,0,0.0,0.0,1
236.401,0,0,0.0,0.0,1
236.401,0,0,0.0,0.0,1
236.401,0,0,0.0,0.0,1
236.501,0,0,0.0,0.0,1
236.501,0,0,0.0,0.0,1
236.501,0,0,0.0,0.0,1
236.501,0,0,0.0,0.0,1
236.501,0,0,0.0,0.0,1
236.601,0,0,0.0,0.0,1
236.601,0,0,0.0,0.0,1
236.601,0,0,0.0,0.0,1
236.601,0,0,0.0,0.0,1
236.601,0,0,0.0,0.0,1
236.601,0,0,0.0,0.0,1
236.701,0,0,0.0,0.0,1
236.701,0,0,0.0,0.0,1
236.701,0,0,0.0,0.0,1
236.701,0,0,0.0,0.0,1
236.701,0,0,0.0,0.0,1
236.801,0,0,0.0,0.0,1
236.801,0,0,0.0,0.0,1
236.801,0,0,0.0,0.0,1
236.801,0,0,0.0,0.0,1
236.801,0,0,0.0,0.0,1
236.901,0,0,0.0,0.0,1
236.901,0,0,0.0,0.0,1
236.901,0,0,0.0,0.0,1
236.901,0,0,0.0,0.0,1
236.901,0,0,0.0,0.0,1
237.001,0,0,0.0,0.0,1
237.001,0,0,0.0,0.0,1
237.001,0,0,0.0,0.0,1
237.001,0,0,0.0,0.0,1
237.001,0,0,0.0,0.0,1
237.001,0,0,0.0,0.0,1
237.101,0,0,0.0,0.0,1
237.101,0,0,0.0,0.0,1
237.101,0,0,0.0,0.0,1
237.101,0,0,0.0,0.0,1
237.101,0,0,0.0,0.0,1
237.201,0,0,0.0,0.0,1
237.201,0,0,0.0,0.0,1
237.201,0,0,0.0,0.0,1
237.201,0,0,0.0,0.0,1
237.201,0,0,0.0,0.0,1
237.301,0,0,0.0,0.0,1
237.301,0,0,0.0,0.0,1
237.301,0,0,0.0,0.0,1
237.301,0,0,0.0,0.0,1
237.301,0,0,0.0,0.0,1
237.401,0,0,0.0,0.0,1
237.401,0,0,0.0,0.0,1
237.401,0,0,0.0,0.0,1
237.401,0,0,0.0,0.0,1
237.401,0,0,0.0,0.0,1
237.501,0,0,0.0,0.0,1
237.501,0,0,0.0,0.0,1
237.501,0,0,0.0,0.0,1
237.501,0,0,0.0,0.0,1
237.501,0,0,0.0,0.0,1
237.501,0,0,0.0,0.0,1
237.601,0,0,0.0,0.0,1
237.601,0,0,0.0,0.0,1
237.601,0,0,0.0,0.0,1
237.601,0,0,0.0,0.0,1
237.601,0,0,0.0,0.0,1
237.701,0,0,0.0,0.0,1
237.701,0,0,0.0,0.0,1
237.701,0,0,0.0,0.0,1
237.701,0,0,0.0,0.0,1
237.701,0,0,0.0,0.0,1
237.801,0,0,0.0,0.0,1
237.801,0,0,0.0,0.0,1
237.801,0,0,0.0,0.0,1
237.801,0,0,0.0,0.0,1
237.801,0,0,0.0,0.0,1
237.901,0,0,0.0,0.0,1
237.901,0,0,0.0,0.0,1
237.901,0,0,0.0,0.0,1
237.901,0,0,0.0,0.0,1
237.901,0,0,0.0,0.0,1
238.001,0,0,0.0,0.0,1
238.001,0,0,0.0,0.0,1
238.001,0,0,0.0,0.0,1
238.001,0,0,0.0,0.0,1
238.001,0,0,0.0,0.0,1
238.001,0,0,0.0,0.0,1
238.101,0,0,0.0,0.0,1
238.101,0,0,0.0,0.0,1
238.101,0,0,0.0,0.0,1
238.101,0,0,0.0,0.0,1
238.101,0,0,0.0,0.0,1
238.201,0,0,0.0,0.0,1
238.201,0,0,0.0,0.0,1
238.201,0,0,0.0,0.0,1
238.201,0,0,0.0,0.0,1
238.201,0,0,0.0,0.0,1
238.301,0,0,0.0,0.0,1
238.301,0,0,0.0,0.0,1
238.301,0,0,0.0,0.0,1
238.301,0,0,0.0,0.0,1
238.301,0,0,0.0,0.0,1
238.401,0,0,0.0,0.0,1
238.401,0,0,0.0,0.0,1
238.401,0,0,0.0,0.0,1
238.401,0,0,0.0,0.0,1
238.401,0,0,0.0,0.0,1
238.401,0,0,0.0,0.0,1
238.501,0,0,0.0,0.0,1
238.501,0,0,0.0,0.0,1
238.501,0,0,0.0,0.0,1
238.501,0,0,0.0,0.0,1
238.501,0,0,0.0,0.0,1
238.601,0,0,0.0,0.0,1
238.601,0,0,0.0,0.0,1
238.601,0,0,0.0,0.0,1
238.601,0,0,0.0,0.0,1
238.601,0,0,0.0,0.0,1
238.701,0,0,0.0,0.0,1
238.701,0,0,0.0,0.0,1
238.701,0,0,0.0,0.0,1
238.701,0,0,0.0,0.0,1
238.701,0,0,0.0,0.0,1
238.801,0,0,0.0,0.0,1
238.801,0,0,0.0,0.0,1
238.801,0,0,0.0,0.0,1
238.801,0,0,0.0,0.0,1
238.801,0,0,0.0,0.0,1
238.901,0,0,0.0,0.0,1
238.901,0,0,0.0,0.0,1
238.901,0,0,0.0,0.0,1
238.901,0,0,0.0,0.0,1
238.901,0,0,0.0,0.0,1
238.901,0,0,0.0,0.0,1
239.001,0,0,0.0,0.0,1
239.001,0,0,0.0,0.0,1
239.001,0,0,0.0,0.0,1
239.001,0,0,0.0,0.0,1
239.001,0,0,0.0,0.0,1
239.101,0,0,0.0,0.0,1
239.101,0,0,0.0,0.0,1
239.101,0,0,0.0,0.0,1
239.101,0,0,0.0,0.0,1
239.101,0,0,0.0,0.0,1
239.201,0,0,0.0,0.0,1
239.201,0,0,0.0,0.0,1
239.201,0,0,0.0,0.0,1
239.201,0,0,0.0,0.0,1
239.201,0,0,0.0,0.0,1
239.301,0,0,0.0,0.0,1
239.301,0,0,0.0,0.0,1
239.301,0,0,0.0,0.0,1
239.301,0,0,0.0,0.0,1
239.301,0,0,0.0,0.0,1
239.301,0,0,0.0,0.0,1
239.401,0,0,0.0,0.0,1
239.401,0,0,0.0,0.0,1
239.401,0,0,0.0,0.0,1
239.401,0,0,0.0,0.0,1
239.401,0,0,0.0,0.0,1
239.501,0,0,0.0,0.0,1
239.501,0,0,0.0,0.0,1
239.501,0,0,0.0,0.0,1
239.501,0,0,0.0,0.0,1
239.501,0,0,0.0,0.0,1
239.601,0,0,0.0,0.0,1
239.601,0,0,0.0,0.0,1
239.601,0,0,0.0,0.0,1
239.601,0,0,0.0,0.0,1
239.601,0,0,0.0,0.0,1
239.701,0,0,0.0,0.0,1
239.701,0,0,0.0,0.0,1
239.701,0,0,0.0,0.0,1
239.701,0,0,0.0,0.0,1
239.701,0,0,0.0,0.0,1
239.801,0,0,0.0,0.0,1
239.801,0,0,0.0,0.0,1
239.801,0,0,0.0,0.0,1
239.801,0,0,0.0,0.0,1
239.801,0,0,0.0,0.0,1
239.801,0,0,0.0,0.0,1
239.901,0,0,0.0,0.0,1
239.901,0,0,0.0,0.0,1
239.901,0,0,0.0,0.0,1
239.901,0,0,0.0,0.0,1
239.901,0,0,0.0,0.0,1
240.001,0,0,0.0,0.0,1
240.001,0,0,0.0,0.0,1
240.001,0,0,0.0,0.0,1
240.001,0,0,0.0,0.0,1
240.001,0,0,0.0,0.0,1
240.101,0,0,0.0,0.0,1
240.101,0,0,0.0,0.0,1
240.101,0,0,0.0,0.0,1
240.101,0,0,0.0,0.0,1
240.101,0,0,0.0,0.0,1
240.201,0,0,0.0,0.0,1
240.201,0,0,0.0,0.0,1
240.201,0,0,0.0,0.0,1
240.201,0,0,0.0,0.0,1
240.201,0,0,0.0,0.0,1
240.301,0,0,0.0,0.0,1
240.301,0,0,0.0,0.0,1
240.301,0,0,0.0,0.0,1
240.301,0,0,0.0,0.0,1
240.301,0,0,0.0,0.0,1
240.301,0,0,0.0,0.0,1
240.401,0,0,0.0,0.0,1
240.401,0,0,0.0,0.0,1
240.401,0,0,0.0,0.0,1
240.401,0,0,0.0,0.0,1
240.401,0,0,0.0,0.0,1
240.501,0,0,0.0,0.0,1
240.501,0,0,0.0,0.0,1
240.501,0,0,0.0,0.0,1
240.501,0,0,0.0,0.0,1
240.501,0,0,0.0,0.0,1
240.601,0,0,0.0,0.0,1
240.601,0,0,0.0,0.0,1
240.601,0,0,0.0,0.0,1
240.601,0,0,0.0,0.0,1
240.601,0,0,0.0,0.0,1
240.701,0,0,0.0,0.0,1
240.701,0,0,0.0,0.0,1
240.701,0,0,0.0,0.0,1
240.701,0,0,0.0,0.0,1
240.701,0,0,0.0,0.0,1
240.701,0,0,0.0,0.0,1
240.801,0,0,0.0,0.0,1
240.801,0,0,0.0,0.0,1
240.801,0,0,0.0,0.0,1
240.801,0,0,0.0,0.0,1
240.801,0,0,0.0,0.0,1
240.901,0,0,0.0,0.0,1
240.901,0,0,0.0,0.0,1
240.901,0,0,0.0,0.0,1
240.901,0,0,0.0,0.0,1
240.901,0,0,0.0,0.0,1
241.001,0,0,0.0,0.0,1
241.001,0,0,0.0,0.0,1
241.001,0,0,0.0,0.0,1
241.001,0,0,0.0,0.0,1
241.001,0,0,0.0,0.0,1
241.101,0,0,0.0,0.0,1
241.101,0,0,0.0,0.0,1
241.101,0,0,0.0,0.0,1
241.101,0,0,0.0,0.0,1
241.101,0,0,0.0,0.0,1
241.201,0,0,0.0,0.0,1
241.201,0,0,0.0,0.0,1
241.201,0,0,0.0,0.0,1
241.201,0,0,0.0,0.0,1
241.201,0,0,0.0,0.0,1
241.201,0,0,0.0,0.0,1
241.301,0,0,0.0,0.0,1
241.301,0,0,0.0,0.0,1
241.301,0,0,0.0,0.0,1
241.301,0,0,0.0,0.0,1
241.301,0,0,0.0,0.0,1
241.401,0,0,0.0,0.0,1
241.401,0,0,0.0,0.0,1
241.401,0,0,0.0,0.0,1
241.401,0,0,0.0,0.0,1
241.401,0,0,0.0,0.0,1
241.501,0,0,0.0,0.0,1
241.501,0,0,0.0,0.0,1
241.501,0,0,0.0,0.0,1
241.501,0,0,0.0,0.0,1
241.501,0,0,0.0,0.0,1
241.601,0,0,0.0,0.0,1
241.601,0,0,0.0,0.0,1
241.601,0,0,0.0,0.0,1
241.601,0,0,0.0,0.0,1
241.601,0,0,0.0,0.0,1
241.601,0,0,0.0,0.0,1
241.701,0,0,0.0,0.0,1
241.701,0,0,0.0,0.0,1
241.701,0,0,0.0,0.0,1
241.701,0,0,0.0,0.0,1
241.701,0,0,0.0,0.0,1
241.801,0,0,0.0,0.0,1
241.801,0,0,0.0,0.0,1
241.801,0,0,0.0,0.0,1
241.801,0,0,0.0,0.0,1
241.801,0,0,0.0,0.0,1
241.901,0,0,0.0,0.0,1
241.901,0,0,0.0,0.0,1
241.901,0,0,0.0,0.0,1
241.901,0,0,0.0,0.0,1
241.901,0,0,0.0,0.0,1
242.001,0,0,0.0,0.0,1
242.001,0,0,0.0,0.0,1
242.001,0,0,0.0,0.0,1
242.001,0,0,0.0,0.0,1
242.001,0,0,0.0,0.0,1
242.101,0,0,0.0,0.0,1
242.101,0,0,0.0,0.0,1
242.101,0,0,0.0,0.0,1
242.101,0,0,0.0,0.0,1
242.101,0,0,0.0,0.0,1
242.101,0,0,0.0,0.0,1
242.201,0,0,0.0,0.0,1
242.201,0,0,0.0,0.0,1
242.201,0,0,0.0,0.0,1
242.201,0,0,0.0,0.0,1
242.201,0,0,0.0,0.0,1
242.301,0,0,0.0,0.0,1
242.301,0,0,0.0,0.0,1
242.301,0,0,0.0,0.0,1
242.301,0,0,0.0,0.0,1
242.301,0,0,0.0,0.0,1
242.401,0,0,0.0,0.0,1
242.401,0,0,0.0,0.0,1
242.401,0,0,0.0,0.0,1
242.401,0,0,0.0,0.0,1
242.401,0,0,0.0,0.0,1
242.501,0,0,0.0,0.0,1
242.501,0,0,0.0,0.0,1
242.501,0,0,0.0,0.0,1
242.501,0,0,0.0,0.0,1
242.501,0,0,0.0,0.0,1
242.601,0,0,0.0,0.0,1
242.601,0,0,0.0,0.0,1
242.601,0,0,0.0,0.0,1
242.601,0,0,0.0,0.0,1
242.601,0,0,0.0,0.0,1
242.601,0,0,0.0,0.0,1
242.701,0,0,0.0,0.0,1
242.701,0,0,0.0,0.0,1
242.701,0,0,0.0,0.0,1
242.701,0,0,0.0,0.0,1
242.701,0,0,0.0,0.0,1
242.801,0,0,0.0,0.0,1
242.801,0,0,0.0,0.0,1
242.801,0,0,0.0,0.0,1
242.801,0,0,0.0,0.0,1
242.801,0,0,0.0,0.0,1
242.901,0,0,0.0,0.0,1
242.901,0,0,0.0,0.0,1
242.901,0,0,0.0,0.0,1
242.901,0,0,0.0,0.0,1
242.901,0,0,0.0,0.0,1
243.001,0,0,0.0,0.0,1
243.001,0,0,0.0,0.0,1
243.001,0,0,0.0,0.0,1
243.001,0,0,0.0,0.0,1
243.001,0,0,0.0,0.0,1
243.001,0,0,0.0,0.0,1
243.101,0,0,0.0,0.0,1
243.101,0,0,0.0,0.0,1
243.101,0,0,0.0,0.0,1
243.101,0,0,0.0,0.0,1
243.101,0,0,0.0,0.0,1
243.201,0,0,0.0,0.0,1
243.201,0,0,0.0,0.0,1
243.201,0,0,0.0,0.0,1
243.201,0,0,0.0,0.0,1
243.201,0,0,0.0,0.0,1
243.301,0,0,0.0,0.0,1
243.301,0,0,0.0,0.0,1
243.301,0,0,0.0,0.0,1
243.301,0,0,0.0,0.0,1
243.301,0,0,0.0,0.0,1
243.401,0,0,0.0,0.0,1
243.401,0,0,0.0,0.0,1
243.401,0,0,0.0,0.0,1
243.401,0,0,0.0,0.0,1
243.401,0,0,0.0,0.0,1
243.501,0,0,0.0,0.0,1
243.501,0,0,0.0,0.0,1
243.501,0,0,0.0,0.0,1
243.501,0,0,0.0,0.0,1
243.501,0,0,0.0,0.0,1
243.501,0,0,0.0,0.0,1
243.601,0,0,0.0,0.0,1
243.601,0,0,0.0,0.0,1
243.601,0,0,0.0,0.0,1
243.601,0,0,0.0,0.0,1
243.601,0,0,0.0,0.0,1
243.701,0,0,0.0,0.0,1
243.701,0,0,0.0,0.0,1
243.701,0,0,0.0,0.0,1
243.701,0,0,0.0,0.0,1
243.701,0,0,0.0,0.0,1
243.801,0,0,0.0,0.0,1
243.801,0,0,0.0,0.0,1
243.801,0,0,0.0,0.0,1
243.801,0,0,0.0,0.0,1
243.801,0,0,0.0,0.0,1
243.901,0,0,0.0,0.0,1
243.901,0,0,0.0,0.0,1
243.901,0,0,0.0,0.0,1
243.901,0,0,0.0,0.0,1
243.901,0,0,0.0,0.0,1
243.901,0,0,0.0,0.0,1
244.001,0,0,0.0,0.0,1
244.001,0,0,0.0,0.0,1
244.001,0,0,0.0,0.0,1
244.001,0,0,0.0,0.0,1
244.001,0,0,0.0,0.0,1
244.101,0,0,0.0,0.0,1
244.101,0,0,0.0,0.0,1
244.101,0,0,0.0,0.0,1
244.101,0,0,0.0,0.0,1
244.101,0,0,0.0,0.0,1
244.201,0,0,0.0,0.0,1
244.201,0,0,0.0,0.0,1
244.201,0,0,0.0,0.0,1
244.201,0,0,0.0,0.0,1
244.201,0,0,0.0,0.0,1
244.301,0,0,0.0,0.0,1
244.301,0,0,0.0,0.0,1
244.301,0,0,0.0,0.0,1
244.301,0,0,0.0,0.0,1
244.301,0,0,0.0,0.0,1
244.401,0,0,0.0,0.0,1
244.401,0,0,0.0,0.0,1
244.401,0,0,0.0,0.0,1
244.401,0,0,0.0,0.0,1
244.401,0,0,0.0,0.0,1
244.401,0,0,0.0,0.0,1
244.501,0,0,0.0,0.0,1
244.501,0,0,0.0,0.0,1
244.501,0,0,0.0,0.0,1
244.501,0,0,0.0,0.0,1
244.501,0,0,0.0,0.0,1
244.601,0,0,0.0,0.0,1
244.601,0,0,0.0,0.0,1
244.601,0,0,0.0,0.0,1
244.601,0,0,0.0,0.0,1
244.601,0,0,0.0,0.0,1
244.701,0,0,0.0,0.0,1
244.701,0,0,0.0,0.0,1
244.701,0,0,0.0,0.0,1
244.701,0,0,0.0,0.0,1
244.701,0,0,0.0,0.0,1
244.801,0,0,0.0,0.0,1
244.801,0,0,0.0,0.0,1
244.801,0,0,0.0,0.0,1
244.801,0,0,0.0,0.0,1
244.801,0,0,0.0,0.0,1
244.901,0,0,0.0,0.0,1
244.901,0,0,0.0,0.0,1
244.901,0,0,0.0,0.0,1
244.901,0,0,0.0,0.0,1
244.901,0,0,0.0,0.0,1
244.901,0,0,0.0,0.0,1
245.001,0,0,0.0,0.0,1
245.001,0,0,0.0,0.0,1
245.001,0,0,0.0,0.0,1
245.001,0,0,0.0,0.0,1
245.001,0,0,0.0,0.0,1
245.101,0,0,0.0,0.0,1
245.101,0,0,0.0,0.0,1
245.101,0,0,0.0,0.0,1
245.101,0,0,0.0,0.0,1
245.101,0,0,0.0,0.0,1
245.201,0,0,0.0,0.0,1
245.201,0,0,0.0,0.0,1
245.201,0,0,0.0,0.0,1
245.201,0,0,0.0,0.0,1
245.201,0,0,0.0,0.0,1
245.301,0,0,0.0,0.0,1
245.301,0,0,0.0,0.0,1
245.301,0,0,0.0,0.0,1
245.301,0,0,0.0,0.0,1
245.301,0,0,0.0,0.0,1
245.301,0,0,0.0,0.0,1
245.401,0,0,0.0,0.0,1
245.401,0,0,0.0,0.0,1
245.401,0,0,0.0,0.0,1
245.401,0,0,0.0,0.0,1
245.401,0,0,0.0,0.0,1
245.501,0,0,0.0,0.0,1
245.501,0,0,0.0,0.0,1
245.501,0,0,0.0,0.0,1
245.501,0,0,0.0,0.0,1
245.501,0,0,0.0,0.0,1
245.601,0,0,0.0,0.0,1
245.601,0,0,0.0,0.0,1
245.601,0,0,0.0,0.0,1
245.601,0,0,0.0,0.0,1
245.601,0,0,0.0,0.0,1
245.701,0,0,0.0,0.0,1
245.701,0,0,0.0,0.0,1
245.701,0,0,0.0,0.0,1
245.701,0,0,0.0,0.0,1
245.701,0,0,0.0,0.0,1
245.801,0,0,0.0,0.0,1
245.801,0,0,0.0,0.0,1
245.801,0,0,0.0,0.0,1
245.801,0,0,0.0,0.0,1
245.801,0,0,0.0,0.0,1
245.801,0,0,0.0,0.0,1
245.901,0,0,0.0,0.0,1
245.901,0,0,0.0,0.0,1
245.901,0,0,0.0,0.0,1
245.901,0,0,0.0,0.0,1
245.901,0,0,0.0,0.0,1
246.001,0,0,0.0,0.0,1
246.001,0,0,0.0,0.0,1
246.001,0,0,0.0,0.0,1
246.001,0,0,0.0,0.0,1
246.001,0,0,0.0,0.0,1
246.101,0,0,0.0,0.0,1
246.101,0,0,0.0,0.0,1
246.101,0,0,0.0,0.0,1
246.101,0,0,0.0,0.0,1
246.101,0,0,0.0,0.0,1
246.201,0,0,0.0,0.0,1
246.201,0,0,0.0,0.0,1
246.201,0,0,0.0,0.0,1
246.201,0,0,0.0,0.0,1
246.201,0,0,0.0,0.0,1
246.201,0,0,0.0,0.0,1
246.301,0,0,0.0,0.0,1
246.301,0,0,0.0,0.0,1
246.301,0,0,0.0,0.0,1
246.301,0,0,0.0,0.0,1
246.301,0,0,0.0,0.0,1
246.401,0,0,0.0,0.0,1
246.401,0,0,0.0,0.0,1
246.401,0,0,0.0,0.0,1
246.401,0,0,0.0,0.0,1
246.401,0,0,0.0,0.0,1
246.501,0,0,0.0,0.0,1
246.501,0,0,0.0,0.0,1
246.501,0,0,0.0,0.0,1
246.501,0,0,0.0,0.0,1
246.501,0,0,0.0,0.0,1
246.601,0,0,0.0,0.0,1
246.601,0,0,0.0,0.0,1
246.601,0,0,0.0,0.0,1
246.601,0,0,0.0,0.0,1
246.601,0,0,0.0,0.0,1
246.701,0,0,0.0,0.0,1
246.701,0,0,0.0,0.0,1
246.701,0,0,0.0,0.0,1
246.701,0,0,0.0,0.0,1
246.701,0,0,0.0,0.0,1
246.701,0,0,0.0,0.0,1
246.801,0,0,0.0,0.0,1
246.801,0,0,0.0,0.0,1
246.801,0,0,0.0,0.0,1
246.801,0,0,0.0,0.0,1
246.801,0,0,0.0,0.0,1
246.901,0,0,0.0,0.0,1
246.901,0,0,0.0,0.0,1
246.901,0,0,0.0,0.0,1
246.901,0,0,0.0,0.0,1
246.901,0,0,0.0,0.0,1
247.001,0,0,0.0,0.0,1
247.001,0,0,0.0,0.0,1
247.001,0,0,0.0,0.0,1
247.001,0,0,0.0,0.0,1
247.001,0,0,0.0,0.0,1
247.101,0,0,0.0,0.0,1
247.101,0,0,0.0,0.0,1
247.101,0,0,0.0,0.0,1
247.101,0,0,0.0,0.0,1
247.101,0,0,0.0,0.0,1
247.101,0,0,0.0,0.0,1
247.201,0,0,0.0,0.0,1
247.201,0,0,0.0,0.0,1
247.201,0,0,0.0,0.0,1
247.201,0,0,0.0,0.0,1
247.201,0,0,0.0,0.0,1
247.301,0,0,0.0,0.0,1
247.301,0,0,0.0,0.0,1
247.301,0,0,0.0,0.0,1
247.301,0,0,0.0,0.0,1
247.301,0,0,0.0,0.0,1
247.401,0,0,0.0,0.0,1
247.401,0,0,0.0,0.0,1
247.401,0,0,0.0,0.0,1
247.401,0,0,0.0,0.0,1
247.401,0,0,0.0,0.0,1
247.501,0,0,0.0,0.0,1
247.501,0,0,0.0,0.0,1
247.501,0,0,0.0,0.0,1
247.501,0,0,0.0,0.0,1
247.501,0,0,0.0,0.0,1
247.601,0,0,0.0,0.0,1
247.601,0,0,0.0,0.0,1
247.601,0,0,0.0,0.0,1
247.601,0,0,0.0,0.0,1
247.601,0,0,0.0,0.0,1
247.601,0,0,0.0,0.0,1
247.701,0,0,0.0,0.0,1
247.701,0,0,0.0,0.0,1
247.701,0,0,0.0,0.0,1
247.701,0,0,0.0,0.0,1
247.701,0,0,0.0,0.0,1
247.801,0,0,0.0,0.0,1
247.801,0,0,0.0,0.0,1
247.801,0,0,0.0,0.0,1
247.801,0,0,0.0,0.0,1
247.801,0,0,0.0,0.0,1
247.901,0,0,0.0,0.0,1
247.901,0,0,0.0,0.0,1
247.901,0,0,0.0,0.0,1
247.901,0,0,0.0,0.0,1
247.901,0,0,0.0,0.0,1
248.001,0,0,0.0,0.0,1
248.001,0,0,0.0,0.0,1
248.001,0,0,0.0,0.0,1
248.001,0,0,0.0,0.0,1
248.001,0,0,0.0,0.0,1
248.101,0,0,0.0,0.0,1
248.101,0,0,0.0,0.0,1
248.101,0,0,0.0,0.0,1
248.101,0,0,0.0,0.0,1
248.101,0,0,0.0,0.0,1
248.101,0,0,0.0,0.0,1
248.201,0,0,0.0,0.0,1
248.201,0,0,0.0,0.0,1
248.201,0,0,0.0,0.0,1
248.201,0,0,0.0,0.0,1
248.201,0,0,0.0,0.0,1
248.301,0,0,0.0,0.0,1
248.301,0,0,0.0,0.0,1
248.301,0,0,0.0,0.0,1
248.301,0,0,0.0,0.0,1
248.301,0,0,0.0,0.0,1
248.401,0,0,0.0,0.0,1
248.401,0,0,0.0,0.0,1
248.401,0,0,0.0,0.0,1
248.401,0,0,0.0,0.0,1
248.401,0,0,0.0,0.0,1
248.501,0,0,0.0,0.0,1
248.501,0,0,0.0,0.0,1
248.501,0,0,0.0,0.0,1
248.501,0,0,0.0,0.0,1
248.501,0,0,0.0,0.0,1
248.501,0,0,0.0,0.0,1
248.601,0,0,0.0,0.0,1
248.601,0,0,0.0,0.0,1
248.601,0,0,0.0,0.0,1
248.601,0,0,0.0,0.0,1
248.601,0,0,0.0,0.0,1
248.701,0,0,0.0,0.0,1
248.701,0,0,0.0,0.0,1
248.701,0,0,0.0,0.0,1
248.701,0,0,0.0,0.0,1
248.701,0,0,0.0,0.0,1
248.801,0,0,0.0,0.0,1
248.801,0,0,0.0,0.0,1
248.801,0,0,0.0,0.0,1
248.801,0,0,0.0,0.0,1
248.801,0,0,0.0,0.0,1
248.901,0,0,0.0,0.0,1
248.901,0,0,0.0,0.0,1
248.901,0,0,0.0,0.0,1
248.901,0,0,0.0,0.0,1
248.901,0,0,0.0,0.0,1
249.001,0,0,0.0,0.0,1
249.001,0,0,0.0,0.0,1
249.001,0,0,0.0,0.0,1
249.001,0,0,0.0,0.0,1
249.001,0,0,0.0,0.0,1
249.001,0,0,0.0,0.0,1
249.101,0,0,0.0,0.0,1
249.101,0,0,0.0,0.0,1
249.101,0,0,0.0,0.0,1
249.101,0,0,0.0,0.0,1
249.101,0,0,0.0,0.0,1
249.201,0,0,0.0,0.0,1
249.201,0,0,0.0,0.0,1
249.201,0,0,0.0,0.0,1
249.201,0,0,0.0,0.0,1
249.201,0,0,0.0,0.0,1
249.301,0,0,0.0,0.0,1
249.301,0,0,0.0,0.0,1
249.301,0,0,0.0,0.0,1
249.301,0,0,0.0,0.0,1
249.301,0,0,0.0,0.0,1
249.401,0,0,0.0,0.0,1
249.401,0,0,0.0,0.0,1
249.401,0,0,0.0,0.0,1
249.401,0,0,0.0,0.0,1
249.401,0,0,0.0,0.0,1
249.401,0,0,0.0,0.0,1
249.501,0,0,0.0,0.0,1
249.501,0,0,0.0,0.0,1
249.501,0,0,0.0,0.0,1
249.501,0,0,0.0,0.0,1
249.501,0,0,0.0,0.0,1
249.601,0,0,0.0,0.0,1
249.601,0,0,0.0,0.0,1
249.601,0,0,0.0,0.0,1
249.601,0,0,0.0,0.0,1
249.601,0,0,0.0,0.0,1
249.701,0,0,0.0,0.0,1
249.701,0,0,0.0,0.0,1
249.701,0,0,0.0,0.0,1
249.701,0,0,0.0,0.0,1
249.701,0,0,0.0,0.0,1
249.801,0,0,0.0,0.0,1
249.801,0,0,0.0,0.0,1
249.801,0,0,0.0,0.0,1
249.801,0,0,0.0,0.0,1
249.801,0,0,0.0,0.0,1
249.901,0,0,0.0,0.0,1
249.901,0,0,0.0,0.0,1
249.901,0,0,0.0,0.0,1
249.901,0,0,0.0,0.0,1
249.901,0,0,0.0,0.0,1
249.901,0,0,0.0,0.0,1
250.001,0,0,0.0,0.0,1
250.001,0,0,0.0,0.0,1
250.001,0,0,0.0,0.0,1
250.001,0,0,0.0,0.0,1
250.001,0,0,0.0,0.0,1
250.101,0,0,0.0,0.0,1
250.101,0,0,0.0,0.0,1
250.101,0,0,0.0,0.0,1
250.101,0,0,0.0,0.0,1
250.101,0,0,0.0,0.0,1
250.201,0,0,0.0,0.0,1
250.201,0,0,0.0,0.0,1
250.201,0,0,0.0,0.0,1
250.201,0,0,0.0,0.0,1
250.201,0,0,0.0,0.0,1
250.301,0,0,0.0,0.0,1
250.301,0,0,0.0,0.0,1
250.301,0,0,0.0,0.0,1
250.301,0,0,0.0,0.0,1
250.301,0,0,0.0,0.0,1
250.401,0,0,0.0,0.0,1
250.401,0,0,0.0,0.0,1
250.401,0,0,0.0,0.0,1
250.401,0,0,0.0,0.0,1
250.401,0,0,0.0,0.0,1
250.401,0,0,0.0,0.0,1
250.501,0,0,0.0,0.0,1
250.501,0,0,0.0,0.0,1
250.501,0,0,0.0,0.0,1
250.501,0,0,0.0,0.0,1
250.501,0,0,0.0,0.0,1
250.601,0,0,0.0,0.0,1
250.601,0,0,0.0,0.0,1
250.601,0,0,0.0,0.0,1
250.601,0,0,0.0,0.0,1
250.601,0,0,0.0,0.0,1
250.701,0,0,0.0,0.0,1
250.701,0,0,0.0,0.0,1
250.701,0,0,0.0,0.0,1
250.701,0,0,0.0,0.0,1
250.701,0,0,0.0,0.0,1
250.801,0,0,0.0,0.0,1
250.801,0,0,0.0,0.0,1
250.801,0,0,0.0,0.0,1
250.801,0,0,0.0,0.0,1
250.801,0,0,0.0,0.0,1
250.801,0,0,0.0,0.0,1
250.901,0,0,0.0,0.0,1
250.901,0,0,0.0,0.0,1
250.901,0,0,0.0,0.0,1
250.901,0,0,0.0,0.0,1
250.901,0,0,0.0,0.0,1
251.001,0,0,0.0,0.0,1
251.001,0,0,0.0,0.0,1
251.001,0,0,0.0,0.0,1
251.001,0,0,0.0,0.0,1
251.001,0,0,0.0,0.0,1
251.101,0,0,0.0,0.0,1
251.101,0,0,0.0,0.0,1
251.101,0,0,0.0,0.0,1
251.101,0,0,0.0,0.0,1
251.101,0,0,0.0,0.0,1
251.201,0,0,0.0,0.0,1
251.201,0,0,0.0,0.0,1
251.201,0,0,0.0,0.0,1
251.201,0,0,0.0,0.0,1
251.201,0,0,0.0,0.0,1
251.301,0,0,0.0,0.0,1
251.301,0,0,0.0,0.0,1
251.301,0,0,0.0,0.0,1
251.301,0,0,0.0,0.0,1
251.301,0,0,0.0,0.0,1
251.301,0,0,0.0,0.0,1
251.401,0,0,0.0,0.0,1
251.401,0,0,0.0,0.0,1
251.401,0,0,0.0,0.0,1
251.401,0,0,0.0,0.0,1
251.401,0,0,0.0,0.0,1
251.501,0,0,0.0,0.0,1
251.501,0,0,0.0,0.0,1
251.501,0,0,0.0,0.0,1
251.501,0,0,0.0,0.0,1
251.501,0,0,0.0,0.0,1
251.601,0,0,0.0,0.0,1
251.601,0,0,0.0,0.0,1
251.601,0,0,0.0,0.0,1
251.601,0,0,0.0,0.0,1
251.601,0,0,0.0,0.0,1
251.701,0,0,0.0,0.0,1
251.701,0,0,0.0,0.0,1
251.701,0,0,0.0,0.0,1
251.701,0,0,0.0,0.0,1
251.701,0,0,0.0,0.0,1
251.701,0,0,0.0,0.0,1
251.801,0,0,0.0,0.0,1
251.801,0,0,0.0,0.0,1
251.801,0,0,0.0,0.0,1
251.801,0,0,0.0,0.0,1
251.801,0,0,0.0,0.0,1
251.901,0,0,0.0,0.0,1
251.901,0,0,0.0,0.0,1
251.901,0,0,0.0,0.0,1
251.901,0,0,0.0,0.0,1
251.901,0,0,0.0,0.0,1
252.001,0,0,0.0,0.0,1
252.001,0,0,0.0,0.0,1
252.001,0,0,0.0,0.0,1
252.001,0,0,0.0,0.0,1
252.001,0,0,0.0,0.0,1
252.101,0,0,0.0,0.0,1
252.101,0,0,0.0,0.0,1
252.101,0,0,0.0,0.0,1
252.101,0,0,0.0,0.0,1
252.101,0,0,0.0,0.0,1
252.201,0,0,0.0,0.0,1
252.201,0,0,0.0,0.0,1
252.201,0,0,0.0,0.0,1
252.201,0,0,0.0,0.0,1
252.201,0,0,0.0,0.0,1
252.201,0,0,0.0,0.0,1
252.301,0,0,0.0,0.0,1
252.301,0,0,0.0,0.0,1
252.301,0,0,0.0,0.0,1
252.301,0,0,0.0,0.0,1
252.301,0,0,0.0,0.0,1
252.401,0,0,0.0,0.0,1
252.401,0,0,0.0,0.0,1
252.401,0,0,0.0,0.0,1
252.401,0,0,0.0,0.0,1
252.401,0,0,0.0,0.0,1
252.501,0,0,0.0,0.0,1
252.501,0,0,0.0,0.0,1
252.501,0,0,0.0,0.0,1
252.501,0,0,0.0,0.0,1
252.501,0,0,0.0,0.0,1
252.601,0,0,0.0,0.0,1
252.601,0,0,0.0,0.0,1
252.601,0,0,0.0,0.0,1
252.601,0,0,0.0,0.0,1
252.601,0,0,0.0,0.0,1
252.701,0,0,0.0,0.0,1
252.701,0,0,0.0,0.0,1
252.701,0,0,0.0,0.0,1
252.701,0,0,0.0,0.0,1
252.701,0,0,0.0,0.0,1
252.701,0,0,0.0,0.0,1
252.801,0,0,0.0,0.0,1
252.801,0,0,0.0,0.0,1
252.801,0,0,0.0,0.0,1
252.801,0,0,0.0,0.0,1
252.801,0,0,0.0,0.0,1
252.901,0,0,0.0,0.0,1
252.901,0,0,0.0,0.0,1
252.901,0,0,0.0,0.0,1
252.901,0,0,0.0,0.0,1
252.901,0,0,0.0,0.0,1
253.001,0,0,0.0,0.0,1
253.001,0,0,0.0,0.0,1
253.001,0,0,0.0,0.0,1
253.001,0,0,0.0,0.0,1
253.001,0,0,0.0,0.0,1
253.101,0,0,0.0,0.0,1
253.101,0,0,0.0,0.0,1
253.101,0,0,0.0,0.0,1
253.101,0,0,0.0,0.0,1
253.101,0,0,0.0,0.0,1
253.101,0,0,0.0,0.0,1
253.201,0,0,0.0,0.0,1
253.201,0,0,0.0,0.0,1
253.201,0,0,0.0,0.0,1
253.201,0,0,0.0,0.0,1
253.201,0,0,0.0,0.0,1
253.301,0,0,0.0,0.0,1
253.301,0,0,0.0,0.0,1
253.301,0,0,0.0,0.0,1
253.301,0,0,0.0,0.0,1
253.301,0,0,0.0,0.0,1
253.401,0,0,0.0,0.0,1
253.401,0,0,0.0,0.0,1
253.401,0,0,0.0,0.0,1
253.401,0,0,0.0,0.0,1
253.401,0,0,0.0,0.0,1
253.501,0,0,0.0,0.0,1
253.501,0,0,0.0,0.0,1
253.501,0,0,0.0,0.0,1
253.501,0,0,0.0,0.0,1
253.501,0,0,0.0,0.0,1
253.601,0,0,0.0,0.0,1
253.601,0,0,0.0,0.0,1
253.601,0,0,0.0,0.0,1
253.601,0,0,0.0,0.0,1
253.601,0,0,0.0,0.0,1
253.601,0,0,0.0,0.0,1
253.701,0,0,0.0,0.0,1
253.701,0,0,0.0,0.0,1
253.701,0,0,0.0,0.0,1
253.701,0,0,0.0,0.0,1
253.701,0,0,0.0,0.0,1
253.801,0,0,0.0,0.0,1
253.801,0,0,0.0,0.0,1
253.801,0,0,0.0,0.0,1
253.801,0,0,0.0,0.0,1
253.801,0,0,0.0,0.0,1
253.901,0,0,0.0,0.0,1
253.901,0,0,0.0,0.0,1
253.901,0,0,0.0,0.0,1
253.901,0,0,0.0,0.0,1
253.901,0,0,0.0,0.0,1
254.001,0,0,0.0,0.0,1
254.001,0,0,0.0,0.0,1
254.001,0,0,0.0,0.0,1
254.001,0,0,0.0,0.0,1
254.001,0,0,0.0,0.0,1
254.001,0,0,0.0,0.0,1
254.101,0,0,0.0,0.0,1
254.101,0,0,0.0,0.0,1
254.101,0,0,0.0,0.0,1
254.101,0,0,0.0,0.0,1
254.101,0,0,0.0,0.0,1
254.201,0,0,0.0,0.0,1
254.201,0,0,0.0,0.0,1
254.201,0,0,0.0,0.0,1
254.201,0,0,0.0,0.0,1
254.201,0,0,0.0,0.0,1
254.301,0,0,0.0,0.0,1
254.301,0,0,0.0,0.0,1
254.301,0,0,0.0,0.0,1
254.301,0,0,0.0,0.0,1
254.301,0,0,0.0,0.0,1
254.401,0,0,0.0,0.0,1
254.401,0,0,0.0,0.0,1
254.401,0,0,0.0,0.0,1
254.401,0,0,0.0,0.0,1
254.401,0,0,0.0,0.0,1
254.501,0,0,0.0,0.0,1
254.501,0,0,0.0,0.0,1
254.501,0,0,0.0,0.0,1
254.501,0,0,0.0,0.0,1
254.501,0,0,0.0,0.0,1
254.501,0,0,0.0,0.0,1
254.601,0,0,0.0,0.0,1
254.601,0,0,0.0,0.0,1
254.601,0,0,0.0,0.0,1
254.601,0,0,0.0,0.0,1
254.601,0,0,0.0,0.0,1
254.701,0,0,0.0,0.0,1
254.701,0,0,0.0,0.0,1
254.701,0,0,0.0,0.0,1
254.701,0,0,0.0,0.0,1
254.701,0,0,0.0,0.0,1
254.801,0,0,0.0,0.0,1
254.801,0,0,0.0,0.0,1
254.801,0,0,0.0,0.0,1
254.801,0,0,0.0,0.0,1
254.801,0,0,0.0,0.0,1
254.901,0,0,0.0,0.0,1
254.901,0,0,0.0,0.0,1
254.901,0,0,0.0,0.0,1
254.901,0,0,0.0,0.0,1
254.901,0,0,0.0,0.0,1
255.001,0,0,0.0,0.0,1
255.001,0,0,0.0,0.0,1
255.001,0,0,0.0,0.0,1
255.001,0,0,0.0,0.0,1
255.001,0,0,0.0,0.0,1
255.001,0,0,0.0,0.0,1
255.101,0,0,0.0,0.0,1
255.101,0,0,0.0,0.0,1
255.101,0,0,0.0,0.0,1
255.101,0,0,0.0,0.0,1
255.101,0,0,0.0,0.0,1
255.201,0,0,0.0,0.0,1
255.201,0,0,0.0,0.0,1
255.201,0,0,0.0,0.0,1
255.201,0,0,0.0,0.0,1
255.201,0,0,0.0,0.0,1
255.301,0,0,0.0,0.0,1
255.301,0,0,0.0,0.0,1
255.301,0,0,0.0,0.0,1
255.301,0,0,0.0,0.0,1
255.301,0,0,0.0,0.0,1
255.401,0,0,0.0,0.0,1
255.401,0,0,0.0,0.0,1
255.401,0,0,0.0,0.0,1
255.401,0,0,0.0,0.0,1
255.401,0,0,0.0,0.0,1
255.401,0,0,0.0,0.0,1
255.501,0,0,0.0,0.0,1
255.501,0,0,0.0,0.0,1
255.501,0,0,0.0,0.0,1
255.501,0,0,0.0,0.0,1
255.501,0,0,0.0,0.0,1
255.601,0,0,0.0,0.0,1
255.601,0,0,0.0,0.0,1
255.601,0,0,0.0,0.0,1
255.601,0,0,0.0,0.0,1
255.601,0,0,0.0,0.0,1
255.701,0,0,0.0,0.0,1
255.701,0,0,0.0,0.0,1
255.701,0,0,0.0,0.0,1
255.701,0,0,0.0,0.0,1
255.701,0,0,0.0,0.0,1
255.801,0,0,0.0,0.0,1
255.801,0,0,0.0,0.0,1
255.801,0,0,0.0,0.0,1
255.801,0,0,0.0,0.0,1
255.801,0,0,0.0,0.0,1
255.901,0,0,0.0,0.0,1
255.901,0,0,0.0,0.0,1
255.901,0,0,0.0,0.0,1
255.901,0,0,0.0,0.0,1
255.901,0,0,0.0,0.0,1
255.901,0,0,0.0,0.0,1
256.001,0,0,0.0,0.0,1
256.001,0,0,0.0,0.0,1
256.001,0,0,0.0,0.0,1
256.001,0,0,0.0,0.0,1
256.001,0,0,0.0,0.0,1
256.101,0,0,0.0,0.0,1
256.101,0,0,0.0,0.0,1
256.101,0,0,0.0,0.0,1
256.101,0,0,0.0,0.0,1
256.101,0,0,0.0,0.0,1
256.201,0,0,0.0,0.0,1
256.201,0,0,0.0,0.0,1
256.201,0,0,0.0,0.0,1
256.201,0,0,0.0,0.0,1
256.201,0,0,0.0,0.0,1
256.301,0,0,0.0,0.0,1
256.301,0,0,0.0,0.0,1
256.301,0,0,0.0,0.0,1
256.301,0,0,0.0,0.0,1
256.301,0,0,0.0,0.0,1
256.301,0,0,0.0,0.0,1
256.401,0,0,0.0,0.0,1
256.401,0,0,0.0,0.0,1
256.401,0,0,0.0,0.0,1
256.401,0,0,0.0,0.0,1
256.401,0,0,0.0,0.0,1
256.501,0,0,0.0,0.0,1
256.501,0,0,0.0,0.0,1
256.501,0,0,0.0,0.0,1
256.501,0,0,0.0,0.0,1
256.501,0,0,0.0,0.0,1
256.601,0,0,0.0,0.0,1
256.601,0,0,0.0,0.0,1
256.601,0,0,0.0,0.0,1
256.601,0,0,0.0,0.0,1
256.601,0,0,0.0,0.0,1
256.701,0,0,0.0,0.0,1
256.701,0,0,0.0,0.0,1
256.701,0,0,0.0,0.0,1
256.701,0,0,0.0,0.0,1
256.701,0,0,0.0,0.0,1
256.801,0,0,0.0,0.0,1
256.801,0,0,0.0,0.0,1
256.801,0,0,0.0,0.0,1
256.801,0,0,0.0,0.0,1
256.801,0,0,0.0,0.0,1
256.801,0,0,0.0,0.0,1
256.901,0,0,0.0,0.0,1
256.901,0,0,0.0,0.0,1
256.901,0,0,0.0,0.0,1
256.901,0,0,0.0,0.0,1
256.901,0,0,0.0,0.0,1
257.001,0,0,0.0,0.0,1
257.001,0,0,0.0,0.0,1
257.001,0,0,0.0,0.0,1
257.001,0,0,0.0,0.0,1
257.001,0,0,0.0,0.0,1
257.101,0,0,0.0,0.0,1
257.101,0,0,0.0,0.0,1
257.101,0,0,0.0,0.0,1
257.101,0,0,0.0,0.0,1
257.101,0,0,0.0,0.0,1
257.201,0,0,0.0,0.0,1
257.201,0,0,0.0,0.0,1
257.201,0,0,0.0,0.0,1
257.201,0,0,0.0,0.0,1
257.201,0,0,0.0,0.0,1
257.301,0,0,0.0,0.0,1
257.301,0,0,0.0,0.0,1
257.301,0,0,0.0,0.0,1
257.301,0,0,0.0,0.0,1
257.301,0,0,0.0,0.0,1
257.301,0,0,0.0,0.0,1
257.401,0,0,0.0,0.0,1
257.401,0,0,0.0,0.0,1
257.401,0,0,0.0,0.0,1
257.401,0,0,0.0,0.0,1
257.401,0,0,0.0,0.0,1
257.501,0,0,0.0,0.0,1
257.501,0,0,0.0,0.0,1
257.501,0,0,0.0,0.0,1
257.501,0,0,0.0,0.0,1
257.501,0,0,0.0,0.0,1
257.601,0,0,0.0,0.0,1
257.601,0,0,0.0,0.0,1
257.601,0,0,0.0,0.0,1
257.601,0,0,0.0,0.0,1
257.601,0,0,0.0,0.0,1
257.701,0,0,0.0,0.0,1
257.701,0,0,0.0,0.0,1
257.701,0,0,0.0,0.0,1
257.701,0,0,0.0,0.0,1
257.701,0,0,0.0,0.0,1
257.701,0,0,0.0,0.0,1
257.801,0,0,0.0,0.0,1
257.801,0,0,0.0,0.0,1
257.801,0,0,0.0,0.0,1
257.801,0,0,0.0,0.0,1
257.801,0,0,0.0,0.0,1
257.901,0,0,0.0,0.0,1
257.901,0,0,0.0,0.0,1
257.901,0,0,0.0,0.0,1
257.901,0,0,0.0,0.0,1
257.901,0,0,0.0,0.0,1
258.001,0,0,0.0,0.0,1
258.001,0,0,0.0,0.0,1
258.001,0,0,0.0,0.0,1
258.001,0,0,0.0,0.0,1
258.001,0,0,0.0,0.0,1
258.101,0,0,0.0,0.0,1
258.101,0,0,0.0,0.0,1
258.101,0,0,0.0,0.0,1
258.101,0,0,0.0,0.0,1
258.101,0,0,0.0,0.0,1
258.201,0,0,0.0,0.0,1
258.201,0,0,0.0,0.0,1
258.201,0,0,0.0,0.0,1
258.201,0,0,0.0,0.0,1
258.201,0,0,0.0,0.0,1
258.201,0,0,0.0,0.0,1
258.301,0,0,0.0,0.0,1
258.301,0,0,0.0,0.0,1
258.301,0,0,0.0,0.0,1
258.301,0,0,0.0,0.0,1
258.301,0,0,0.0,0.0,1
258.401,0,0,0.0,0.0,1
258.401,0,0,0.0,0.0,1
258.401,0,0,0.0,0.0,1
258.401,0,0,0.0,0.0,1
258.401,0,0,0.0,0.0,1
258.501,0,0,0.0,0.0,1
258.501,0,0,0.0,0.0,1
258.501,0,0,0.0,0.0,1
258.501,0,0,0.0,0.0,1
258.501,0,0,0.0,0.0,1
258.601,0,0,0.0,0.0,1
258.601,0,0,0.0,0.0,1
258.601,0,0,0.0,0.0,1
258.601,0,0,0.0,0.0,1
258.601,0,0,0.0,0.0,1
258.601,0,0,0.0,0.0,1
258.701,0,0,0.0,0.0,1
258.701,0,0,0.0,0.0,1
258.701,0,0,0.0,0.0,1
258.701,0,0,0.0,0.0,1
258.701,0,0,0.0,0.0,1
258.801,0,0,0.0,0.0,1
258.801,0,0,0.0,0.0,1
258.801,0,0,0.0,0.0,1
258.801,0,0,0.0,0.0,1
258.801,0,0,0.0,0.0,1
258.901,0,0,0.0,0.0,1
258.901,0,0,0.0,0.0,1
258.901,0,0,0.0,0.0,1
258.901,0,0,0.0,0.0,1
258.901,0,0,0.0,0.0,1
259.001,0,0,0.0,0.0,1
259.001,0,0,0.0,0.0,1
259.001,0,0,0.0,0.0,1
259.001,0,0,0.0,0.0,1
259.001,0,0,0.0,0.0,1
259.101,0,0,0.0,0.0,1
259.101,0,0,0.0,0.0,1
259.101,0,0,0.0,0.0,1
259.101,0,0,0.0,0.0,1
259.101,0,0,0.0,0.0,1
259.101,0,0,0.0,0.0,1
259.201,0,0,0.0,0.0,1
259.201,0,0,0.0,0.0,1
259.201,0,0,0.0,0.0,1
259.201,0,0,0.0,0.0,1
259.201,0,0,0.0,0.0,1
259.301,0,0,0.0,0.0,1
259.301,0,0,0.0,0.0,1
259.301,0,0,0.0,0.0,1
259.301,0,0,0.0,0.0,1
259.301,0,0,0.0,0.0,1
259.401,0,0,0.0,0.0,1
259.401,0,0,0.0,0.0,1
259.401,0,0,0.0,0.0,1
259.401,0,0,0.0,0.0,1
259.401,0,0,0.0,0.0,1
259.501,0,0,0.0,0.0,1
259.501,0,0,0.0,0.0,1
259.501,0,0,0.0,0.0,1
259.501,0,0,0.0,0.0,1
259.501,0,0,0.0,0.0,1
259.601,0,0,0.0,0.0,1
259.601,0,0,0.0,0.0,1
259.601,0,0,0.0,0.0,1
259.601,0,0,0.0,0.0,1
259.601,0,0,0.0,0.0,1
259.601,0,0,0.0,0.0,1
259.701,0,0,0.0,0.0,1
259.701,0,0,0.0,0.0,1
259.701,0,0,0.0,0.0,1
259.701,0,0,0.0,0.0,1
259.701,0,0,0.0,0.0,1
259.801,0,0,0.0,0.0,1
259.801,0,0,0.0,0.0,1
259.801,0,0,0.0,0.0,1
259.801,0,0,0.0,0.0,1
259.801,0,0,0.0,0.0,1
259.901,0,0,0.0,0.0,1
259.901,0,0,0.0,0.0,1
259.901,0,0,0.0,0.0,1
259.901,0,0,0.0,0.0,1
259.901,0,0,0.0,0.0,1
260.001,0,0,0.0,0.0,1
260.001,0,0,0.0,0.0,1
260.001,0,0,0.0,0.0,1
260.001,0,0,0.0,0.0,1
260.001,0,0,0.0,0.0,1
260.001,0,0,0.0,0.0,1
260.101,0,0,0.0,0.0,1
260.101,0,0,0.0,0.0,1
260.101,0,0,0.0,0.0,1
260.101,0,0,0.0,0.0,1
260.101,0,0,0.0,0.0,1
260.201,0,0,0.0,0.0,1
260.201,0,0,0.0,0.0,1
260.201,0,0,0.0,0.0,1
260.201,0,0,0.0,0.0,1
260.201,0,0,0.0,0.0,1
260.301,0,0,0.0,0.0,1
260.301,0,0,0.0,0.0,1
260.301,0,0,0.0,0.0,1
260.301,0,0,0.0,0.0,1
260.301,0,0,0.0,0.0,1
260.401,0,0,0.0,0.0,1
260.401,0,0,0.0,0.0,1
260.401,0,0,0.0,0.0,1
260.401,0,0,0.0,0.0,1
260.401,0,0,0.0,0.0,1
260.501,0,0,0.0,0.0,1
260.501,0,0,0.0,0.0,1
260.501,0,0,0.0,0.0,1
260.501,0,0,0.0,0.0,1
260.501,0,0,0.0,0.0,1
260.501,0,0,0.0,0.0,1
260.601,0,0,0.0,0.0,1
260.601,0,0,0.0,0.0,1
260.601,0,0,0.0,0.0,1
260.601,0,0,0.0,0.0,1
260.601,0,0,0.0,0.0,1
260.701,0,0,0.0,0.0,1
260.701,0,0,0.0,0.0,1
260.701,0,0,0.0,0.0,1
260.701,0,0,0.0,0.0,1
260.701,0,0,0.0,0.0,1
260.801,0,0,0.0,0.0,1
260.801,0,0,0.0,0.0,1
260.801,0,0,0.0,0.0,1
260.801,0,0,0.0,0.0,1
260.801,0,0,0.0,0.0,1
260.901,0,0,0.0,0.0,1
260.901,0,0,0.0,0.0,1
260.901,0,0,0.0,0.0,1
260.901,0,0,0.0,0.0,1
260.901,0,0,0.0,0.0,1
260.901,0,0,0.0,0.0,1
261.001,0,0,0.0,0.0,1
261.001,0,0,0.0,0.0,1
261.001,0,0,0.0,0.0,1
261.001,0,0,0.0,0.0,1
261.001,0,0,0.0,0.0,1
261.101,0,0,0.0,0.0,1
261.101,0,0,0.0,0.0,1
261.101,0,0,0.0,0.0,1
261.101,0,0,0.0,0.0,1
261.101,0,0,0.0,0.0,1
261.201,0,0,0.0,0.0,1
261.201,0,0,0.0,0.0,1
261.201,0,0,0.0,0.0,1
261.201,0,0,0.0,0.0,1
261.201,0,0,0.0,0.0,1
261.301,0,0,0.0,0.0,1
261.301,0,0,0.0,0.0,1
261.301,0,0,0.0,0.0,1
261.301,0,0,0.0,0.0,1
261.301,0,0,0.0,0.0,1
261.401,0,0,0.0,0.0,1
261.401,0,0,0.0,0.0,1
261.401,0,0,0.0,0.0,1
261.401,0,0,0.0,0.0,1
261.401,0,0,0.0,0.0,1
261.401,0,0,0.0,0.0,1
261.501,0,0,0.0,0.0,1
261.501,0,0,0.0,0.0,1
261.501,0,0,0.0,0.0,1
261.501,0,0,0.0,0.0,1
261.501,0,0,0.0,0.0,1
261.601,0,0,0.0,0.0,1
261.601,0,0,0.0,0.0,1
261.601,0,0,0.0,0.0,1
261.601,0,0,0.0,0.0,1
261.601,0,0,0.0,0.0,1
261.701,0,0,0.0,0.0,1
261.701,0,0,0.0,0.0,1
261.701,0,0,0.0,0.0,1
261.701,0,0,0.0,0.0,1
261.701,0,0,0.0,0.0,1
261.801,0,0,0.0,0.0,1
261.801,0,0,0.0,0.0,1
261.801,0,0,0.0,0.0,1
261.801,0,0,0.0,0.0,1
261.801,0,0,0.0,0.0,1
261.801,0,0,0.0,0.0,1
261.901,0,0,0.0,0.0,1
261.901,0,0,0.0,0.0,1
261.901,0,0,0.0,0.0,1
261.901,0,0,0.0,0.0,1
261.901,0,0,0.0,0.0,1
262.001,0,0,0.0,0.0,1
262.001,0,0,0.0,0.0,1
262.001,0,0,0.0,0.0,1
262.001,0,0,0.0,0.0,1
262.001,0,0,0.0,0.0,1
262.101,0,0,0.0,0.0,1
262.101,0,0,0.0,0.0,1
262.101,0,0,0.0,0.0,1
262.101,0,0,0.0,0.0,1
262.101,0,0,0.0,0.0,1
262.201,0,0,0.0,0.0,1
262.201,0,0,0.0,0.0,1
262.201,0,0,0.0,0.0,1
262.201,0,0,0.0,0.0,1
262.201,0,0,0.0,0.0,1
262.301,0,0,0.0,0.0,1
262.301,0,0,0.0,0.0,1
262.301,0,0,0.0,0.0,1
262.301,0,0,0.0,0.0,1
262.301,0,0,0.0,0.0,1
262.301,0,0,0.0,0.0,1
262.401,0,0,0.0,0.0,1
262.401,0,0,0.0,0.0,1
262.401,0,0,0.0,0.0,1
262.401,0,0,0.0,0.0,1
262.401,0,0,0.0,0.0,1
262.501,0,0,0.0,0.0,1
262.501,0,0,0.0,0.0,1
262.501,0,0,0.0,0.0,1
262.501,0,0,0.0,0.0,1
262.501,0,0,0.0,0.0,1
262.601,0,0,0.0,0.0,1
262.601,0,0,0.0,0.0,1
262.601,0,0,0.0,0.0,1
262.601,0,0,0.0,0.0,1
262.601,0,0,0.0,0.0,1
262.701,0,0,0.0,0.0,1
262.701,0,0,0.0,0.0,1
262.701,0,0,0.0,0.0,1
262.701,0,0,0.0,0.0,1
262.701,0,0,0.0,0.0,1
262.801,0,0,0.0,0.0,1
262.801,0,0,0.0,0.0,1
262.801,0,0,0.0,0.0,1
262.801,0,0,0.0,0.0,1
262.801,0,0,0.0,0.0,1
262.801,0,0,0.0,0.0,1
262.901,0,0,0.0,0.0,1
262.901,0,0,0.0,0.0,1
262.901,0,0,0.0,0.0,1
262.901,0,0,0.0,0.0,1
262.901,0,0,0.0,0.0,1
263.001,0,0,0.0,0.0,1
263.001,0,0,0.0,0.0,1
263.001,0,0,0.0,0.0,1
263.001,0,0,0.0,0.0,1
263.001,0,0,0.0,0.0,1
263.101,0,0,0.0,0.0,1
263.101,0,0,0.0,0.0,1
263.101,0,0,0.0,0.0,1
263.101,0,0,0.0,0.0,1
263.101,0,0,0.0,0.0,1
263.201,0,0,0.0,0.0,1
263.201,0,0,0.0,0.0,1
263.201,0,0,0.0,0.0,1
263.201,0,0,0.0,0.0,1
263.201,0,0,0.0,0.0,1
263.201,0,0,0.0,0.0,1
263.301,0,0,0.0,0.0,1
263.301,0,0,0.0,0.0,1
263.301,0,0,0.0,0.0,1
263.301,0,0,0.0,0.0,1
263.301,0,0,0.0,0.0,1
263.401,0,0,0.0,0.0,1
263.401,0,0,0.0,0.0,1
263.401,0,0,0.0,0.0,1
263.401,0,0,0.0,0.0,1
263.401,0,0,0.0,0.0,1
263.501,0,0,0.0,0.0,1
263.501,0,0,0.0,0.0,1
263.501,0,0,0.0,0.0,1
263.501,0,0,0.0,0.0,1
263.501,0,0,0.0,0.0,1
263.601,0,0,0.0,0.0,1
263.601,0,0,0.0,0.0,1
263.601,0,0,0.0,0.0,1
263.601,0,0,0.0,0.0,1
263.601,0,0,0.0,0.0,1
263.701,0,0,0.0,0.0,1
263.701,0,0,0.0,0.0,1
263.701,0,0,0.0,0.0,1
263.701,0,0,0.0,0.0,1
263.701,0,0,0.0,0.0,1
263.701,0,0,0.0,0.0,1
263.801,0,0,0.0,0.0,1
263.801,0,0,0.0,0.0,1
263.801,0,0,0.0,0.0,1
263.801,0,0,0.0,0.0,1
263.801,0,0,0.0,0.0,1
263.901,0,0,0.0,0.0,1
263.901,0,0,0.0,0.0,1
263.901,0,0,0.0,0.0,1
263.901,0,0,0.0,0.0,1
263.901,0,0,0.0,0.0,1
264.001,0,0,0.0,0.0,1
264.001,0,0,0.0,0.0,1
264.001,0,0,0.0,0.0,1
264.001,0,0,0.0,0.0,1
264.001,0,0,0.0,0.0,1
264.101,0,0,0.0,0.0,1
264.101,0,0,0.0,0.0,1
264.101,0,0,0.0,0.0,1
264.101,0,0,0.0,0.0,1
264.101,0,0,0.0,0.0,1
264.101,0,0,0.0,0.0,1
264.201,0,0,0.0,0.0,1
264.201,0,0,0.0,0.0,1
264.201,0,0,0.0,0.0,1
264.201,0,0,0.0,0.0,1
264.201,0,0,0.0,0.0,1
264.301,0,0,0.0,0.0,1
264.301,0,0,0.0,0.0,1
264.301,0,0,0.0,0.0,1
264.301,0,0,0.0,0.0,1
264.301,0,0,0.0,0.0,1
264.401,0,0,0.0,0.0,1
264.401,0,0,0.0,0.0,1
264.401,0,0,0.0,0.0,1
264.401,0,0,0.0,0.0,1
264.401,0,0,0.0,0.0,1
264.501,0,0,0.0,0.0,1
264.501,0,0,0.0,0.0,1
264.501,0,0,0.0,0.0,1
264.501,0,0,0.0,0.0,1
264.501,0,0,0.0,0.0,1
264.601,0,0,0.0,0.0,1
264.601,0,0,0.0,0.0,1
264.601,0,0,0.0,0.0,1
264.601,0,0,0.0,0.0,1
264.601,0,0,0.0,0.0,1
264.601,0,0,0.0,0.0,1
264.701,0,0,0.0,0.0,1
264.701,0,0,0.0,0.0,1
264.701,0,0,0.0,0.0,1
264.701,0,0,0.0,0.0,1
264.701,0,0,0.0,0.0,1
264.801,0,0,0.0,0.0,0
264.801,0,0,0.0,0.0,0
264.801,0,0,0.0,0.0,0
264.801,0,0,0.0,0.0,0
264.801,0,0,0.0,0.0,0
264.901,1,0,43.0,0.0,0
264.901,1,0,43.0,0.0,0
264.901,1,0,43.0,0.0,0
264.901,1,0,43.0,0.0,0
264.901,1,0,43.0,0.0,0
265.001,1,0,43.0,0.0,0
265.001,1,0,43.0,0.0,0
265.001,1,0,43.0,0.0,0
265.001,1,0,43.0,0.0,0
265.001,1,0,43.0,0.0,0
265.101,1,0,43.0,0.0,0
265.101,1,0,43.0,0.0,0
265.101,1,0,43.0,0.0,0
265.101,1,0,43.0,0.0,0
265.101,1,0,43.0,0.0,0
265.101,1,0,43.0,0.0,0
265.201,1,0,43.0,0.0,0
265.201,1,0,43.0,0.0,0
265.201,1,0,43.0,0.0,0
265.201,1,0,43.0,0.0,0
265.201,1,0,43.0,0.0,0
265.301,1,0,43.0,0.0,0
265.301,1,0,43.0,0.0,0
265.301,1,0,43.0,0.0,0
265.301,1,0,43.0,0.0,0
265.301,1,0,43.0,0.0,0
265.401,1,0,43.0,0.0,0
265.401,1,0,43.0,0.0,0
265.401,1,0,43.0,0.0,0
265.401,1,0,43.0,0.0,0
265.401,1,0,43.0,0.0,0
265.501,1,0,43.0,0.0,0
265.501,1,0,43.0,0.0,0
265.501,1,0,43.0,0.0,0
265.501,1,0,43.0,0.0,0
265.501,1,0,43.0,0.0,0
265.501,1,0,43.0,0.0,0
265.601,1,0,43.0,0.0,0
265.601,1,0,43.0,0.0,0
265.601,1,0,43.0,0.0,0
265.601,1,0,43.0,0.0,0
265.601,1,0,43.0,0.0,0
265.701,1,0,43.0,0.0,0
265.701,1,0,43.0,0.0,0
265.701,1,0,43.0,0.0,0
265.701,1,0,43.0,0.0,0
265.701,1,0,43.0,0.0,0
265.801,1,0,43.0,0.0,0
265.801,1,0,43.0,0.0,0
265.801,1,0,43.0,0.0,0
265.801,1,0,43.0,0.0,0
265.801,1,0,43.0,0.0,0
265.901,1,0,43.0,0.0,0
265.901,1,0,43.0,0.0,0
265.901,1,0,43.0,0.0,0
265.901,1,0,43.0,0.0,0
265.901,1,0,43.0,0.0,0
266.001,1,0,43.0,0.0,0
266.001,1,0,43.0,0.0,0
266.001,1,0,43.0,0.0,0
266.001,1,0,43.0,0.0,0
266.001,1,0,43.0,0.0,0
266.001,1,0,43.0,0.0,0
266.101,1,0,43.0,0.0,0
266.101,1,0,43.0,0.0,0
266.101,1,0,43.0,0.0,0
266.101,1,0,43.0,0.0,0
266.101,1,0,43.0,0.0,0
266.201,1,0,43.0,0.0,0
266.201,1,0,43.0,0.0,0
266.201,1,0,43.0,0.0,0
266.201,1,0,43.0,0.0,0
266.201,1,0,43.0,0.0,0
266.301,1,0,43.0,0.0,0
266.301,1,0,43.0,0.0,0
266.301,1,0,43.0,0.0,0
266.301,1,0,43.0,0.0,0
266.301,1,0,43.0,0.0,0
266.401,1,0,43.0,0.0,0
266.401,1,0,43.0,0.0,0
266.401,1,0,43.0,0.0,0
266.401,1,0,43.0,0.0,0
266.401,1,0,43.0,0.0,0
266.401,1,0,43.0,0.0,0
266.501,1,0,43.0,0.0,0
266.501,1,0,43.0,0.0,0
266.501,1,0,43.0,0.0,0
266.501,1,0,43.0,0.0,0
266.501,1,0,43.0,0.0,0
266.601,1,0,43.0,0.0,0
266.601,1,0,43.0,0.0,0
266.601,1,0,43.0,0.0,0
266.601,1,0,43.0,0.0,0
266.601,1,0,43.0,0.0,0
266.701,1,0,43.0,0.0,0
266.701,1,0,43.0,0.0,0
266.701,1,0,43.0,0.0,0
266.701,1,0,43.0,0.0,0
266.701,1,0,43.0,0.0,0
266.801,1,0,43.0,0.0,0
266.801,1,0,43.0,0.0,0
266.801,1,0,43.0,0.0,0
266.801,1,0,43.0,0.0,0
266.801,1,0,43.0,0.0,0
266.901,1,0,43.0,0.0,0
266.901,1,0,43.0,0.0,0
266.901,1,0,43.0,0.0,0
266.901,1,0,43.0,0.0,0
266.901,1,0,43.0,0.0,0
266.901,1,0,43.0,0.0,0
267.001,1,0,43.0,0.0,0
267.001,1,0,43.0,0.0,0
267.001,1,0,43.0,0.0,0
267.001,1,0,43.0,0.0,0
267.001,1,0,43.0,0.0,0
267.101,1,0,43.0,0.0,0
267.101,1,0,43.0,0.0,0
267.101,1,0,43.0,0.0,0
267.101,1,0,43.0,0.0,0
267.101,1,0,43.0,0.0,0
267.201,1,0,43.0,0.0,0
267.201,1,0,43.0,0.0,0
267.201,1,0,43.0,0.0,0
267.201,1,0,43.0,0.0,0
267.201,1,0,43.0,0.0,0
267.301,1,0,43.0,0.0,0
267.301,1,0,43.0,0.0,0
267.301,1,0,43.0,0.0,0
267.301,1,0,43.0,0.0,0
267.301,1,0,43.0,0.0,0
267.401,1,0,43.0,0.0,0
267.401,1,0,43.0,0.0,0
267.401,1,0,43.0,0.0,0
267.401,1,0,43.0,0.0,0
267.401,1,0,43.0,0.0,0
267.401,1,0,43.0,0.0,0
267.501,1,0,43.0,0.0,0
267.501,1,0,43.0,0.0,0
267.501,1,0,43.0,0.0,0
267.501,1,0,43.0,0.0,0
267.501,1,0,43.0,0.0,0
267.601,1,0,43.0,0.0,0
267.601,1,0,43.0,0.0,0
267.601,1,0,43.0,0.0,0
267.601,1,0,43.0,0.0,0
267.601,1,0,43.0,0.0,0
267.701,1,0,43.0,0.0,0
267.701,1,0,43.0,0.0,0
267.701,1,0,43.0,0.0,0
267.701,1,0,43.0,0.0,0
267.701,1,0,43.0,0.0,0
267.801,1,0,43.0,0.0,0
267.801,1,0,43.0,0.0,0
267.801,1,0,43.0,0.0,0
267.801,1,0,43.0,0.0,0
267.801,1,0,43.0,0.0,0
267.801,1,0,43.0,0.0,0
267.901,1,0,43.0,0.0,0
267.901,1,0,43.0,0.0,0
267.901,1,0,43.0,0.0,0
267.901,1,0,43.0,0.0,0
267.901,1,0,43.0,0.0,0
268.001,1,0,43.0,0.0,0
268.001,1,0,43.0,0.0,0
268.001,1,0,43.0,0.0,0
268.001,1,0,43.0,0.0,0
268.001,1,0,43.0,0.0,0
268.101,1,0,43.0,0.0,0
268.101,1,0,43.0,0.0,0
268.101,1,0,43.0,0.0,0
268.101,1,0,43.0,0.0,0
268.101,1,0,43.0,0.0,0
268.201,1,0,43.0,0.0,0
268.201,1,0,43.0,0.0,0
268.201,1,0,43.0,0.0,0
268.201,1,0,43.0,0.0,0
268.201,1,0,43.0,0.0,0
268.301,1,0,43.0,0.0,0
268.301,1,0,43.0,0.0,0
268.301,1,0,43.0,0.0,0
268.301,1,0,43.0,0.0,0
268.301,1,0,43.0,0.0,0
268.301,1,0,43.0,0.0,0
268.401,1,0,43.0,0.0,0
268.401,1,0,43.0,0.0,0
268.401,1,0,43.0,0.0,0
268.401,1,0,43.0,0.0,0
268.401,1,0,43.0,0.0,0
268.501,1,0,43.0,0.0,0
268.501,1,0,43.0,0.0,0
268.501,1,0,43.0,0.0,0
268.501,1,0,43.0,0.0,0
268.501,1,0,43.0,0.0,0
268.601,1,0,43.0,0.0,0
268.601,1,0,43.0,0.0,0
268.601,1,0,43.0,0.0,0
268.601,1,0,43.0,0.0,0
268.601,1,0,43.0,0.0,0
268.701,1,0,43.0,0.0,0
268.701,1,0,43.0,0.0,0
268.701,1,0,43.0,0.0,0
268.701,1,0,43.0,0.0,0
268.701,1,0,43.0,0.0,0
268.701,1,0,43.0,0.0,0
268.801,1,0,43.0,0.0,0
268.801,1,0,43.0,0.0,0
268.801,1,0,43.0,0.0,0
268.801,1,0,43.0,0.0,0
268.801,1,0,43.0,0.0,0
268.901,1,0,43.0,0.0,0
268.901,1,0,43.0,0.0,0
268.901,1,0,43.0,0.0,0
268.901,1,0,43.0,0.0,0
268.901,1,0,43.0,0.0,0
269.001,1,0,43.0,0.0,0
269.001,1,0,43.0,0.0,0
269.001,1,0,43.0,0.0,0
269.001,1,0,43.0,0.0,0
269.001,1,0,43.0,0.0,0
269.101,1,0,43.0,0.0,0
269.101,1,0,43.0,0.0,0
269.101,1,0,43.0,0.0,0
269.101,1,0,43.0,0.0,0
269.101,1,0,43.0,0.0,0
269.201,1,0,43.0,0.0,0
269.201,1,0,43.0,0.0,0
269.201,1,0,43.0,0.0,0
269.201,1,0,43.0,0.0,0
269.201,1,0,43.0,0.0,0
269.201,1,0,43.0,0.0,0
269.301,1,0,43.0,0.0,0
269.301,1,0,43.0,0.0,0
269.301,1,0,43.0,0.0,0
269.301,1,0,43.0,0.0,0
269.301,1,0,43.0,0.0,0
269.401,1,0,43.0,0.0,0
269.401,1,0,43.0,0.0,0
269.401,1,0,43.0,0.0,0
269.401,1,0,43.0,0.0,0
269.401,1,0,43.0,0.0,0
269.501,1,0,43.0,0.0,0
269.501,1,0,43.0,0.0,0
269.501,1,0,43.0,0.0,0
269.501,1,0,43.0,0.0,0
269.501,1,0,43.0,0.0,0
269.601,1,0,43.0,0.0,0
269.601,1,0,43.0,0.0,0
269.601,1,0,43.0,0.0,0
269.601,1,0,43.0,0.0,0
269.601,1,0,43.0,0.0,0
269.701,1,0,43.0,0.0,0
269.701,1,0,43.0,0.0,0
269.701,1,0,43.0,0.0,0
269.701,1,0,43.0,0.0,0
269.701,1,0,43.0,0.0,0
269.701,1,0,43.0,0.0,0
269.801,1,0,43.0,0.0,0
269.801,1,0,43.0,0.0,0
269.801,1,0,43.0,0.0,0
269.801,1,0,43.0,0.0,0
269.801,1,0,43.0,0.0,0
269.901,1,0,43.0,0.0,0
269.901,1,0,43.0,0.0,0
269.901,1,0,43.0,0.0,0
269.901,1,0,43.0,0.0,0
269.901,1,0,43.0,0.0,0
270.001,1,0,43.0,0.0,0
270.001,1,0,43.0,0.0,0
270.001,1,0,43.0,0.0,0
270.001,1,0,43.0,0.0,0
270.001,1,0,43.0,0.0,0
270.101,1,0,43.0,0.0,0
270.101,1,0,43.0,0.0,0
270.101,1,0,43.0,0.0,0
270.101,1,0,43.0,0.0,0
270.101,1,0,43.0,0.0,0
270.101,1,0,43.0,0.0,0
270.201,1,0,43.0,0.0,0
270.201,1,0,43.0,0.0,0
270.201,1,0,43.0,0.0,0
270.201,1,0,43.0,0.0,0
270.201,1,0,43.0,0.0,0
270.301,1,0,43.0,0.0,0
270.301,1,0,43.0,0.0,0
270.301,1,0,43.0,0.0,0
270.301,1,0,43.0,0.0,0
270.301,1,0,43.0,0.0,0
270.401,1,0,43.0,0.0,0
270.401,1,0,43.0,0.0,0
270.401,1,0,43.0,0.0,0
270.401,1,0,43.0,0.0,0
270.401,1,0,43.0,0.0,0
270.501,1,0,43.0,0.0,0
270.501,1,0,43.0,0.0,0
270.501,1,0,43.0,0.0,0
270.501,1,0,43.0,0.0,0
270.501,1,0,43.0,0.0,0
270.601,0,0,0.0,0.0,0
270.601,0,0,0.0,0.0,0
270.601,0,0,0.0,0.0,0
270.601,0,0,0.0,0.0,0
270.601,0,0,0.0,0.0,0
270.601,0,0,0.0,0.0,0
270.701,0,0,0.0,0.0,0
270.701,0,0,0.0,0.0,0
270.701,0,0,0.0,0.0,0
270.701,0,0,0.0,0.0,0
270.701,0,0,0.0,0.0,0
270.801,0,0,0.0,0.0,0
270.801,0,0,0.0,0.0,0
270.801,0,0,0.0,0.0,0
270.801,0,0,0.0,0.0,0
270.801,0,0,0.0,0.0,0
270.901,0,0,0.0,0.0,0
270.901,0,0,0.0,0.0,0
270.901,0,0,0.0,0.0,0
270.901,0,0,0.0,0.0,0
270.901,0,0,0.0,0.0,0
271.001,0,0,0.0,0.0,0
271.001,0,0,0.0,0.0,0
271.001,0,0,0.0,0.0,0
271.001,0,0,0.0,0.0,0
271.001,0,0,0.0,0.0,0
271.001,0,0,0.0,0.0,0
271.101,0,0,0.0,0.0,0
271.101,0,0,0.0,0.0,0
271.101,0,0,0.0,0.0,0
271.101,0,0,0.0,0.0,0
271.101,0,0,0.0,0.0,0
271.201,0,0,0.0,0.0,0
271.201,0,0,0.0,0.0,0
271.201,0,0,0.0,0.0,0
271.201,0,0,0.0,0.0,0
271.201,0,0,0.0,0.0,0
271.301,0,0,0.0,0.0,0
271.301,0,0,0.0,0.0,0
271.301,0,0,0.0,0.0,0
271.301,0,0,0.0,0.0,0
271.301,0,0,0.0,0.0,0
271.401,0,0,0.0,0.0,0
271.401,0,0,0.0,0.0,0
271.401,0,0,0.0,0.0,0
271.401,0,0,0.0,0.0,0
271.401,0,0,0.0,0.0,0
271.501,0,0,0.0,0.0,0
271.501,0,0,0.0,0.0,0
271.501,0,0,0.0,0.0,0
271.501,0,0,0.0,0.0,0
271.501,0,0,0.0,0.0,0
271.501,0,0,0.0,0.0,0
271.601,0,0,0.0,0.0,0
271.601,0,0,0.0,0.0,0
271.601,0,0,0.0,0.0,0
271.601,0,0,0.0,0.0,0
271.601,0,0,0.0,0.0,0
271.701,0,0,0.0,0.0,0
271.701,0,0,0.0,0.0,0
271.701,0,0,0.0,0.0,0
271.701,0,0,0.0,0.0,0
271.701,0,0,0.0,0.0,0
271.801,0,0,0.0,0.0,0
271.801,0,0,0.0,0.0,0
271.801,0,0,0.0,0.0,0
271.801,0,0,0.0,0.0,0
271.801,0,0,0.0,0.0,0
271.901,0,0,0.0,0.0,0
271.901,0,0,0.0,0.0,0
271.901,0,0,0.0,0.0,0
271.901,0,0,0.0,0.0,0
271.901,0,0,0.0,0.0,0
272.001,0,0,0.0,0.0,0
272.001,0,0,0.0,0.0,0
272.001,0,0,0.0,0.0,0
272.001,0,0,0.0,0.0,0
272.001,0,0,0.0,0.0,0
272.001,0,0,0.0,0.0,0
272.101,0,0,0.0,0.0,0
272.101,0,0,0.0,0.0,0
272.101,0,0,0.0,0.0,0
272.101,0,0,0.0,0.0,0
272.101,0,0,0.0,0.0,0
272.201,0,0,0.0,0.0,0
272.201,0,0,0.0,0.0,0
272.201,0,0,0.0,0.0,0
272.201,0,0,0.0,0.0,0
272.201,0,0,0.0,0.0,0
272.301,0,0,0.0,0.0,0
272.301,0,0,0.0,0.0,0
272.301,0,0,0.0,0.0,0
272.301,0,0,0.0,0.0,0
272.301,0,0,0.0,0.0,0
272.401,0,0,0.0,0.0,0
272.401,0,0,0.0,0.0,0
272.401,0,0,0.0,0.0,0
272.401,0,0,0.0,0.0,0
272.401,0,0,0.0,0.0,0
272.401,0,0,0.0,0.0,0
272.501,0,0,0.0,0.0,0
272.501,0,0,0.0,0.0,0
272.501,0,0,0.0,0.0,0
272.501,0,0,0.0,0.0,0
272.501,0,0,0.0,0.0,0
272.601,0,0,0.0,0.0,0
272.601,0,0,0.0,0.0,0
272.601,0,0,0.0,0.0,0
272.601,0,0,0.0,0.0,0
272.601,0,0,0.0,0.0,0
272.701,0,0,0.0,0.0,0
272.701,0,0,0.0,0.0,0
272.701,0,0,0.0,0.0,0
272.701,0,0,0.0,0.0,0
272.701,0,0,0.0,0.0,0
272.801,0,0,0.0,0.0,0
272.801,0,0,0.0,0.0,0
272.801,0,0,0.0,0.0,0
272.801,0,0,0.0,0.0,0
272.801,0,0,0.0,0.0,0
272.901,0,0,0.0,0.0,0
272.901,0,0,0.0,0.0,0
272.901,0,0,0.0,0.0,0
272.901,0,0,0.0,0.0,0
272.901,0,0,0.0,0.0,0
272.901,0,0,0.0,0.0,0
273.001,0,0,0.0,0.0,0
273.001,0,0,0.0,0.0,0
273.001,0,0,0.0,0.0,0
273.001,0,0,0.0,0.0,0
273.001,0,0,0.0,0.0,0
273.101,0,0,0.0,0.0,0
273.101,0,0,0.0,0.0,0
273.101,0,0,0.0,0.0,0
273.101,0,0,0.0,0.0,0
273.101,0,0,0.0,0.0,0
273.201,0,0,0.0,0.0,0
273.201,0,0,0.0,0.0,0
273.201,0,0,0.0,0.0,0
273.201,0,0,0.0,0.0,0
273.201,0,0,0.0,0.0,0
273.301,0,0,0.0,0.0,0
273.301,0,0,0.0,0.0,0
273.301,0,0,0.0,0.0,0
273.301,0,0,0.0,0.0,0
273.301,0,0,0.0,0.0,0
273.301,0,0,0.0,0.0,0
273.401,0,0,0.0,0.0,0
273.401,0,0,0.0,0.0,0
273.401,0,0,0.0,0.0,0
273.401,0,0,0.0,0.0,0
273.401,0,0,0.0,0.0,0
273.501,0,0,0.0,0.0,0
273.501,0,0,0.0,0.0,0
273.501,0,0,0.0,0.0,0
273.501,0,0,0.0,0.0,0
273.501,0,0,0.0,0.0,0
273.601,0,0,0.0,0.0,0
273.601,0,0,0.0,0.0,0
273.601,0,0,0.0,0.0,0
273.601,0,0,0.0,0.0,0
273.601,0,0,0.0,0.0,0
273.701,0,0,0.0,0.0,0
273.701,0,0,0.0,0.0,0
273.701,0,0,0.0,0.0,0
273.701,0,0,0.0,0.0,0
273.701,0,0,0.0,0.0,0
273.801,0,0,0.0,0.0,0
273.801,0,0,0.0,0.0,0
273.801,0,0,0.0,0.0,0
273.801,0,0,0.0,0.0,0
273.801,0,0,0.0,0.0,0
273.801,0,0,0.0,0.0,0
273.901,0,0,0.0,0.0,0
273.901,0,0,0.0,0.0,0
273.901,0,0,0.0,0.0,0
273.901,0,0,0.0,0.0,0
273.901,0,0,0.0,0.0,0
274.001,0,0,0.0,0.0,0
274.001,0,0,0.0,0.0,0
274.001,0,0,0.0,0.0,0
274.001,0,0,0.0,0.0,0
274.001,0,0,0.0,0.0,0
274.101,0,0,0.0,0.0,0
274.101,0,0,0.0,0.0,0
274.101,0,0,0.0,0.0,0
274.101,0,0,0.0,0.0,0
274.101,0,0,0.0,0.0,0
274.201,0,0,0.0,0.0,0
274.201,0,0,0.0,0.0,0
274.201,0,0,0.0,0.0,0
274.201,0,0,0.0,0.0,0
274.201,0,0,0.0,0.0,0
274.301,0,0,0.0,0.0,0
274.301,0,0,0.0,0.0,0
274.301,0,0,0.0,0.0,0
274.301,0,0,0.0,0.0,0
274.301,0,0,0.0,0.0,0
274.301,0,0,0.0,0.0,0
274.401,0,0,0.0,0.0,0
274.401,0,0,0.0,0.0,0
274.401,0,0,0.0,0.0,0
274.401,0,0,0.0,0.0,0
274.401,0,0,0.0,0.0,0
274.501,0,0,0.0,0.0,0
274.501,0,0,0.0,0.0,0
274.501,0,0,0.0,0.0,0
274.501,0,0,0.0,0.0,0
274.501,0,0,0.0,0.0,0
274.601,0,0,0.0,0.0,0
274.601,0,0,0.0,0.0,0
274.601,0,0,0.0,0.0,0
274.601,0,0,0.0,0.0,0
274.601,0,0,0.0,0.0,0
274.701,0,0,0.0,0.0,0
274.701,0,0,0.0,0.0,0
274.701,0,0,0.0,0.0,0
274.701,0,0,0.0,0.0,0
274.701,0,0,0.0,0.0,0
274.701,0,0,0.0,0.0,0
274.801,0,0,0.0,0.0,0
274.801,0,0,0.0,0.0,0
274.801,0,0,0.0,0.0,0
274.801,0,0,0.0,0.0,0
274.801,0,0,0.0,0.0,0
274.901,0,0,0.0,0.0,0
274.901,0,0,0.0,0.0,0
274.901,0,0,0.0,0.0,0
274.901,0,0,0.0,0.0,0
274.901,0,0,0.0,0.0,0
275.001,0,0,0.0,0.0,0
275.001,0,0,0.0,0.0,0
275.001,0,0,0.0,0.0,0
275.001,0,0,0.0,0.0,0
275.001,0,0,0.0,0.0,0
275.101,0,0,0.0,0.0,0
275.101,0,0,0.0,0.0,0
275.101,0,0,0.0,0.0,0
275.101,0,0,0.0,0.0,0
275.101,0,0,0.0,0.0,0
275.201,0,0,0.0,0.0,0
275.201,0,0,0.0,0.0,0
275.201,0,0,0.0,0.0,0
275.201,0,0,0.0,0.0,0
275.201,0,0,0.0,0.0,0
275.201,0,0,0.0,0.0,0
275.301,0,0,0.0,0.0,0
275.301,0,0,0.0,0.0,0
275.301,0,0,0.0,0.0,0
275.301,0,0,0.0,0.0,0
275.301,0,0,0.0,0.0,0
275.401,0,0,0.0,0.0,0
275.401,0,0,0.0,0.0,0
275.401,0,0,0.0,0.0,0
275.401,0,0,0.0,0.0,0
275.401,0,0,0.0,0.0,0
275.501,0,0,0.0,0.0,0
275.501,0,0,0.0,0.0,0
275.501,0,0,0.0,0.0,0
275.501,0,0,0.0,0.0,0
275.501,0,0,0.0,0.0,0
275.601,0,0,0.0,0.0,0
275.601,0,0,0.0,0.0,0
275.601,0,0,0.0,0.0,0
275.601,0,0,0.0,0.0,0
275.601,0,0,0.0,0.0,0
275.601,0,0,0.0,0.0,0
275.701,0,0,0.0,0.0,0
275.701,0,0,0.0,0.0,0
275.701,0,0,0.0,0.0,0
275.701,0,0,0.0,0.0,0
275.701,0,0,0.0,0.0,0
275.801,0,0,0.0,0.0,0
275.801,0,0,0.0,0.0,0
275.801,0,0,0.0,0.0,0
275.801,0,0,0.0,0.0,0
275.801,0,0,0.0,0.0,0
275.901,0,0,0.0,0.0,0
275.901,0,0,0.0,0.0,0
275.901,0,0,0.0,0.0,0
275.901,0,0,0.0,0.0,0
275.901,0,0,0.0,0.0,0
276.001,0,0,0.0,0.0,0
276.001,0,0,0.0,0.0,0
276.001,0,0,0.0,0.0,0
276.001,0,0,0.0,0.0,0
276.001,0,0,0.0,0.0,0
276.101,0,0,0.0,0.0,0
276.101,0,0,0.0,0.0,0
276.101,0,0,0.0,0.0,0
276.101,0,0,0.0,0.0,0
276.101,0,0,0.0,0.0,0
276.101,0,0,0.0,0.0,0
276.201,0,0,0.0,0.0,0
276.201,0,0,0.0,0.0,0
276.201,0,0,0.0,0.0,0
276.201,0,0,0.0,0.0,0
276.201,0,0,0.0,0.0,0
276.301,0,0,0.0,0.0,0
276.301,0,0,0.0,0.0,0
276.301,0,0,0.0,0.0,0
276.301,0,0,0.0,0.0,0
276.301,0,0,0.0,0.0,0
276.401,0,0,0.0,0.0,0
276.401,0,0,0.0,0.0,0
276.401,0,0,0.0,0.0,0
276.401,0,0,0.0,0.0,0
276.401,0,0,0.0,0.0,0
276.501,0,0,0.0,0.0,0
276.501,0,0,0.0,0.0,0
276.501,0,0,0.0,0.0,0
276.501,0,0,0.0,0.0,0
276.501,0,0,0.0,0.0,0
276.601,0,0,0.0,0.0,0
276.601,0,0,0.0,0.0,0
276.601,0,0,0.0,0.0,0
276.601,0,0,0.0,0.0,0
276.601,0,0,0.0,0.0,0
276.601,0,0,0.0,0.0,0
276.701,0,0,0.0,0.0,0
276.701,0,0,0.0,0.0,0
276.701,0,0,0.0,0.0,0
276.701,0,0,0.0,0.0,0
276.701,0,0,0.0,0.0,0
276.801,0,0,0.0,0.0,0
276.801,0,0,0.0,0.0,0
276.801,0,0,0.0,0.0,0
276.801,0,0,0.0,0.0,0
276.801,0,0,0.0,0.0,0
276.901,0,0,0.0,0.0,0
276.901,0,0,0.0,0.0,0
276.901,0,0,0.0,0.0,0
276.901,0,0,0.0,0.0,0
276.901,0,0,0.0,0.0,0
277.001,0,0,0.0,0.0,0
277.001,0,0,0.0,0.0,0
277.001,0,0,0.0,0.0,0
277.001,0,0,0.0,0.0,0
277.001,0,0,0.0,0.0,0
277.001,0,0,0.0,0.0,0
277.101,0,0,0.0,0.0,0
277.101,0,0,0.0,0.0,0
277.101,0,0,0.0,0.0,0
277.101,0,0,0.0,0.0,0
277.101,0,0,0.0,0.0,0
277.201,0,0,0.0,0.0,0
277.201,0,0,0.0,0.0,0
277.201,0,0,0.0,0.0,0
277.201,0,0,0.0,0.0,0
277.201,0,0,0.0,0.0,0
277.301,0,0,0.0,0.0,0
277.301,0,0,0.0,0.0,0
277.301,0,0,0.0,0.0,0
277.301,0,0,0.0,0.0,0
277.301,0,0,0.0,0.0,0
277.401,0,0,0.0,0.0,0
277.401,0,0,0.0,0.0,0
277.401,0,0,0.0,0.0,0
277.401,0,0,0.0,0.0,0
277.401,0,0,0.0,0.0,0
277.501,0,0,0.0,0.0,0
277.501,0,0,0.0,0.0,0
277.501,0,0,0.0,0.0,0
277.501,0,0,0.0,0.0,0
277.501,0,0,0.0,0.0,0
277.501,0,0,0.0,0.0,0
277.601,0,0,0.0,0.0,0
277.601,0,0,0.0,0.0,0
277.601,0,0,0.0,0.0,0
277.601,0,0,0.0,0.0,0
277.601,0,0,0.0,0.0,0
277.701,0,0,0.0,0.0,0
277.701,0,0,0.0,0.0,0
277.701,0,0,0.0,0.0,0
277.701,0,0,0.0,0.0,0
277.701,0,0,0.0,0.0,0
277.801,0,0,0.0,0.0,0
277.801,0,0,0.0,0.0,0
277.801,0,0,0.0,0.0,0
277.801,0,0,0.0,0.0,0
277.801,0,0,0.0,0.0,0
277.901,0,0,0.0,0.0,0
277.901,0,0,0.0,0.0,0
277.901,0,0,0.0,0.0,0
277.901,0,0,0.0,0.0,0
277.901,0,0,0.0,0.0,0
277.901,0,0,0.0,0.0,0
278.001,0,0,0.0,0.0,0
278.001,0,0,0.0,0.0,0
278.001,0,0,0.0,0.0,0
278.001,0,0,0.0,0.0,0
278.001,0,0,0.0,0.0,0
278.101,0,0,0.0,0.0,0
278.101,0,0,0.0,0.0,0
278.101,0,0,0.0,0.0,0
278.101,0,0,0.0,0.0,0
278.101,0,0,0.0,0.0,0
278.201,0,0,0.0,0.0,0
278.201,0,0,0.0,0.0,0
278.201,0,0,0.0,0.0,0
278.201,0,0,0.0,0.0,0
278.201,0,0,0.0,0.0,0
278.301,0,0,0.0,0.0,0
278.301,0,0,0.0,0.0,0
278.301,0,0,0.0,0.0,0
278.301,0,0,0.0,0.0,0
278.301,0,0,0.0,0.0,0
278.401,0,0,0.0,0.0,0
278.401,0,0,0.0,0.0,0
278.401,0,0,0.0,0.0,0
278.401,0,0,0.0,0.0,0
278.401,0,0,0.0,0.0,0
278.401,0,0,0.0,0.0,0
278.501,0,0,0.0,0.0,0
278.501,0,0,0.0,0.0,0
278.501,0,0,0.0,0.0,0
278.501,0,0,0.0,0.0,0
278.501,0,0,0.0,0.0,0
278.601,0,0,0.0,0.0,0
278.601,0,0,0.0,0.0,0
278.601,0,0,0.0,0.0,0
278.601,0,0,0.0,0.0,0
278.601,0,0,0.0,0.0,0
278.701,0,0,0.0,0.0,0
278.701,0,0,0.0,0.0,0
278.701,0,0,0.0,0.0,0
278.701,0,0,0.0,0.0,0
278.701,0,0,0.0,0.0,0
278.801,0,0,0.0,0.0,0
278.801,0,0,0.0,0.0,0
278.801,0,0,0.0,0.0,0
278.801,0,0,0.0,0.0,0
278.801,0,0,0.0,0.0,0
278.801,0,0,0.0,0.0,0
278.901,0,0,0.0,0.0,0
278.901,0,0,0.0,0.0,0
278.901,0,0,0.0,0.0,0
278.901,0,0,0.0,0.0,0
278.901,0,0,0.0,0.0,0
279.001,0,0,0.0,0.0,0
279.001,0,0,0.0,0.0,0
279.001,0,0,0.0,0.0,0
279.001,0,0,0.0,0.0,0
279.001,0,0,0.0,0.0,0
279.101,0,0,0.0,0.0,0
279.101,0,0,0.0,0.0,0
279.101,0,0,0.0,0.0,0
279.101,0,0,0.0,0.0,0
279.101,0,0,0.0,0.0,0
279.201,0,0,0.0,0.0,0
279.201,0,0,0.0,0.0,0
279.201,0,0,0.0,0.0,0
279.201,0,0,0.0,0.0,0
279.201,0,0,0.0,0.0,0
279.301,0,0,0.0,0.0,0
279.301,0,0,0.0,0.0,0
279.301,0,0,0.0,0.0,0
279.301,0,0,0.0,0.0,0
279.301,0,0,0.0,0.0,0
279.301,0,0,0.0,0.0,0
279.401,0,0,0.0,0.0,0
279.401,0,0,0.0,0.0,0
279.401,0,0,0.0,0.0,0
279.401,0,0,0.0,0.0,0
279.401,0,0,0.0,0.0,0
279.501,0,0,0.0,0.0,0
279.501,0,0,0.0,0.0,0
279.501,0,0,0.0,0.0,0
279.501,0,0,0.0,0.0,0
279.501,0,0,0.0,0.0,0
279.601,0,0,0.0,0.0,0
279.601,0,0,0.0,0.0,0
279.601,0,0,0.0,0.0,0
279.601,0,0,0.0,0.0,0
279.601,0,0,0.0,0.0,0
279.701,0,0,0.0,0.0,0
279.701,0,0,0.0,0.0,0
279.701,0,0,0.0,0.0,0
279.701,0,0,0.0,0.0,0
279.701,0,0,0.0,0.0,0
279.801,0,0,0.0,0.0,0
279.801,0,0,0.0,0.0,0
279.801,0,0,0.0,0.0,0
279.801,0,0,0.0,0.0,0
279.801,0,0,0.0,0.0,0
279.801,0,0,0.0,0.0,0
279.901,0,0,0.0,0.0,0
279.901,0,0,0.0,0.0,0
279.901,0,0,0.0,0.0,0
279.901,0,0,0.0,0.0,0
279.901,0,0,0.0,0.0,0
280.001,0,0,0.0,0.0,0
280.001,0,0,0.0,0.0,0
280.001,0,0,0.0,0.0,0
280.001,0,0,0.0,0.0,0
280.001,0,0,0.0,0.0,0
280.101,0,0,0.0,0.0,0
280.101,0,0,0.0,0.0,0
280.101,0,0,0.0,0.0,0
280.101,0,0,0.0,0.0,0
280.101,0,0,0.0,0.0,0
280.201,0,0,0.0,0.0,0
280.201,0,0,0.0,0.0,0
280.201,0,0,0.0,0.0,0
280.201,0,0,0.0,0.0,0
280.201,0,0,0.0,0.0,0
280.201,0,0,0.0,0.0,0
280.301,0,0,0.0,0.0,0
280.301,0,0,0.0,0.0,0
280.301,0,0,0.0,0.0,0
280.301,0,0,0.0,0.0,0
280.301,0,0,0.0,0.0,0
280.401,0,0,0.0,0.0,0
280.401,0,0,0.0,0.0,0
280.401,0,0,0.0,0.0,0
280.401,0,0,0.0,0.0,0
280.401,0,0,0.0,0.0,0
280.501,0,0,0.0,0.0,0
280.501,0,0,0.0,0.0,0
280.501,0,0,0.0,0.0,0
280.501,0,0,0.0,0.0,0
280.501,0,0,0.0,0.0,0
280.601,0,0,0.0,0.0,0
280.601,0,0,0.0,0.0,0
280.601,0,0,0.0,0.0,0
280.601,0,0,0.0,0.0,0
280.601,0,0,0.0,0.0,0
280.701,0,0,0.0,0.0,0
280.701,0,0,0.0,0.0,0
280.701,0,0,0.0,0.0,0
280.701,0,0,0.0,0.0,0
280.701,0,0,0.0,0.0,0
280.701,0,0,0.0,0.0,0
280.801,0,0,0.0,0.0,0
280.801,0,0,0.0,0.0,0
280.801,0,0,0.0,0.0,0
280.801,0,0,0.0,0.0,0
280.801,0,0,0.0,0.0,0
280.901,0,0,0.0,0.0,0
280.901,0,0,0.0,0.0,0
280.901,0,0,0.0,0.0,0
280.901,0,0,0.0,0.0,0
280.901,0,0,0.0,0.0,0
281.001,0,0,0.0,0.0,0
281.001,0,0,0.0,0.0,0
281.001,0,0,0.0,0.0,0
281.001,0,0,0.0,0.0,0
281.001,0,0,0.0,0.0,0
281.101,0,0,0.0,0.0,0
281.101,0,0,0.0,0.0,0
281.101,0,0,0.0,0.0,0
281.101,0,0,0.0,0.0,0
281.101,0,0,0.0,0.0,0
281.101,0,0,0.0,0.0,0
281.201,0,0,0.0,0.0,0
281.201,0,0,0.0,0.0,0
281.201,0,0,0.0,0.0,0
281.201,0,0,0.0,0.0,0
281.201,0,0,0.0,0.0,0
281.301,0,0,0.0,0.0,0
281.301,0,0,0.0,0.0,0
281.301,0,0,0.0,0.0,0
281.301,0,0,0.0,0.0,0
281.301,0,0,0.0,0.0,0
281.401,0,0,0.0,0.0,0
281.401,0,0,0.0,0.0,0
281.401,0,0,0.0,0.0,0
281.401,0,0,0.0,0.0,0
281.401,0,0,0.0,0.0,0
281.501,0,0,0.0,0.0,0
281.501,0,0,0.0,0.0,0
281.501,0,0,0.0,0.0,0
281.501,0,0,0.0,0.0,0
281.501,0,0,0.0,0.0,0
281.601,0,0,0.0,0.0,0
281.601,0,0,0.0,0.0,0
281.601,0,0,0.0,0.0,0
281.601,0,0,0.0,0.0,0
281.601,0,0,0.0,0.0,0
281.601,0,0,0.0,0.0,0
281.701,0,0,0.0,0.0,0
281.701,0,0,0.0,0.0,0
281.701,0,0,0.0,0.0,0
281.701,0,0,0.0,0.0,0
281.701,0,0,0.0,0.0,0
281.801,0,0,0.0,0.0,0
281.801,0,0,0.0,0.0,0
281.801,0,0,0.0,0.0,0
281.801,0,0,0.0,0.0,0
281.801,0,0,0.0,0.0,0
281.901,0,0,0.0,0.0,0
281.901,0,0,0.0,0.0,0
281.901,0,0,0.0,0.0,0
281.901,0,0,0.0,0.0,0
281.901,0,0,0.0,0.0,0
282.001,0,0,0.0,0.0,0
282.001,0,0,0.0,0.0,0
282.001,0,0,0.0,0.0,0
282.001,0,0,0.0,0.0,0
282.001,0,0,0.0,0.0,0
282.101,0,0,0.0,0.0,0
282.101,0,0,0.0,0.0,0
282.101,0,0,0.0,0.0,0
282.101,0,0,0.0,0.0,0
282.101,0,0,0.0,0.0,0
282.101,0,0,0.0,0.0,0
282.201,0,0,0.0,0.0,0
282.201,0,0,0.0,0.0,0
282.201,0,0,0.0,0.0,0
282.201,0,0,0.0,0.0,0
282.201,0,0,0.0,0.0,0
282.301,0,0,0.0,0.0,0
282.301,0,0,0.0,0.0,0
282.301,0,0,0.0,0.0,0
282.301,0,0,0.0,0.0,0
282.301,0,0,0.0,0.0,0
282.401,0,0,0.0,0.0,0
282.401,0,0,0.0,0.0,0
282.401,0,0,0.0,0.0,0
282.401,0,0,0.0,0.0,0
282.401,0,0,0.0,0.0,0
282.501,0,0,0.0,0.0,0
282.501,0,0,0.0,0.0,0
282.501,0,0,0.0,0.0,0
282.501,0,0,0.0,0.0,0
282.501,0,0,0.0,0.0,0
282.501,0,0,0.0,0.0,0
282.601,0,0,0.0,0.0,0
282.601,0,0,0.0,0.0,0
282.601,0,0,0.0,0.0,0
282.601,0,0,0.0,0.0,0
282.601,0,0,0.0,0.0,0
282.701,0,0,0.0,0.0,0
282.701,0,0,0.0,0.0,0
282.701,0,0,0.0,0.0,0
282.701,0,0,0.0,0.0,0
282.701,0,0,0.0,0.0,0
282.801,0,0,0.0,0.0,0
282.801,0,0,0.0,0.0,0
282.801,0,0,0.0,0.0,0
282.801,0,0,0.0,0.0,0
282.801,0,0,0.0,0.0,0
282.901,0,0,0.0,0.0,0
282.901,0,0,0.0,0.0,0
282.901,0,0,0.0,0.0,0
282.901,0,0,0.0,0.0,0
282.901,0,0,0.0,0.0,0
283.001,0,0,0.0,0.0,0
283.001,0,0,0.0,0.0,0
283.001,0,0,0.0,0.0,0
283.001,0,0,0.0,0.0,0
283.001,0,0,0.0,0.0,0
283.001,0,0,0.0,0.0,0
283.101,0,0,0.0,0.0,0
283.101,0,0,0.0,0.0,0
283.101,0,0,0.0,0.0,0
283.101,0,0,0.0,0.0,0
283.101,0,0,0.0,0.0,0
283.201,0,0,0.0,0.0,0
283.201,0,0,0.0,0.0,0
283.201,0,0,0.0,0.0,0
283.201,0,0,0.0,0.0,0
283.201,0,0,0.0,0.0,0
283.301,0,0,0.0,0.0,0
283.301,0,0,0.0,0.0,0
283.301,0,0,0.0,0.0,0
283.301,0,0,0.0,0.0,0
283.301,0,0,0.0,0.0,0
283.401,0,0,0.0,0.0,0
283.401,0,0,0.0,0.0,0
283.401,0,0,0.0,0.0,0
283.401,0,0,0.0,0.0,0
283.401,0,0,0.0,0.0,0
283.401,0,0,0.0,0.0,0
283.501,0,0,0.0,0.0,0
283.501,0,0,0.0,0.0,0
283.501,0,0,0.0,0.0,0
283.501,0,0,0.0,0.0,0
283.501,0,0,0.0,0.0,0
283.601,0,0,0.0,0.0,0
283.601,0,0,0.0,0.0,0
283.601,0,0,0.0,0.0,0
283.601,0,0,0.0,0.0,0
283.601,0,0,0.0,0.0,0
283.701,0,0,0.0,0.0,0
283.701,0,0,0.0,0.0,0
283.701,0,0,0.0,0.0,0
283.701,0,0,0.0,0.0,0
283.701,0,0,0.0,0.0,0
283.801,0,0,0.0,0.0,0
283.801,0,0,0.0,0.0,0
283.801,0,0,0.0,0.0,0
283.801,0,0,0.0,0.0,0
283.801,0,0,0.0,0.0,0
283.901,0,0,0.0,0.0,0
283.901,0,0,0.0,0.0,0
283.901,0,0,0.0,0.0,0
283.901,0,0,0.0,0.0,0
283.901,0,0,0.0,0.0,0
283.901,0,0,0.0,0.0,0
284.001,0,0,0.0,0.0,0
284.001,0,0,0.0,0.0,0
284.001,0,0,0.0,0.0,0
284.001,0,0,0.0,0.0,0
284.001,0,0,0.0,0.0,0
284.101,0,0,0.0,0.0,0
284.101,0,0,0.0,0.0,0
284.101,0,0,0.0,0.0,0
284.101,0,0,0.0,0.0,0
284.101,0,0,0.0,0.0,0
284.201,0,0,0.0,0.0,0
284.201,0,0,0.0,0.0,0
284.201,0,0,0.0,0.0,0
284.201,0,0,0.0,0.0,0
284.201,0,0,0.0,0.0,0
284.301,0,0,0.0,0.0,0
284.301,0,0,0.0,0.0,0
284.301,0,0,0.0,0.0,0
284.301,0,0,0.0,0.0,0
284.301,0,0,0.0,0.0,0
284.401,0,0,0.0,0.0,0
284.401,0,0,0.0,0.0,0
284.401,0,0,0.0,0.0,0
284.401,0,0,0.0,0.0,0
284.401,0,0,0.0,0.0,0
284.401,0,0,0.0,0.0,0
284.501,0,0,0.0,0.0,0
284.501,0,0,0.0,0.0,0
284.501,0,0,0.0,0.0,0
284.501,0,0,0.0,0.0,0
284.501,0,0,0.0,0.0,0
284.601,0,0,0.0,0.0,0
284.601,0,0,0.0,0.0,0
284.601,0,0,0.0,0.0,0
284.601,0,0,0.0,0.0,0
284.601,0,0,0.0,0.0,0
284.701,0,0,0.0,0.0,0
284.701,0,0,0.0,0.0,0
284.701,0,0,0.0,0.0,0
284.701,0,0,0.0,0.0,0
284.701,0,0,0.0,0.0,0
284.801,0,0,0.0,0.0,0
284.801,0,0,0.0,0.0,0
284.801,0,0,0.0,0.0,0
284.801,0,0,0.0,0.0,0
284.801,0,0,0.0,0.0,0
284.801,0,0,0.0,0.0,0
284.901,0,0,0.0,0.0,0
284.901,0,0,0.0,0.0,0
284.901,0,0,0.0,0.0,0
284.901,0,0,0.0,0.0,0
284.901,0,0,0.0,0.0,0
285.001,0,0,0.0,0.0,0
285.001,0,0,0.0,0.0,0
285.001,0,0,0.0,0.0,0
285.001,0,0,0.0,0.0,0
285.001,0,0,0.0,0.0,0
285.101,0,0,0.0,0.0,0
285.101,0,0,0.0,0.0,0
285.101,0,0,0.0,0.0,0
285.101,0,0,0.0,0.0,0
285.101,0,0,0.0,0.0,0
285.201,0,0,0.0,0.0,0
285.201,0,0,0.0,0.0,0
285.201,0,0,0.0,0.0,0
285.201,0,0,0.0,0.0,0
285.201,0,0,0.0,0.0,0
285.301,0,0,0.0,0.0,0
285.301,0,0,0.0,0.0,0
285.301,0,0,0.0,0.0,0
285.301,0,0,0.0,0.0,0
285.301,0,0,0.0,0.0,0
285.301,0,0,0.0,0.0,0
285.401,0,0,0.0,0.0,0
285.401,0,0,0.0,0.0,0
285.401,0,0,0.0,0.0,0
285.401,0,0,0.0,0.0,0
285.401,0,0,0.0,0.0,0
285.501,0,0,0.0,0.0,0
285.501,0,0,0.0,0.0,0
285.501,0,0,0.0,0.0,0
285.501,0,0,0.0,0.0,0
285.501,0,0,0.0,0.0,0
285.601,0,0,0.0,0.0,0
285.601,0,0,0.0,0.0,0
285.601,0,0,0.0,0.0,0
285.601,0,0,0.0,0.0,0
285.601,0,0,0.0,0.0,0
285.701,0,0,0.0,0.0,0
285.701,0,0,0.0,0.0,0
285.701,0,0,0.0,0.0,0
285.701,0,0,0.0,0.0,0
285.701,0,0,0.0,0.0,0
285.701,0,0,0.0,0.0,0
285.801,0,0,0.0,0.0,0
285.801,0,0,0.0,0.0,0
285.801,0,0,0.0,0.0,0
285.801,0,0,0.0,0.0,0
285.801,0,0,0.0,0.0,0
285.901,0,0,0.0,0.0,0
285.901,0,0,0.0,0.0,0
285.901,0,0,0.0,0.0,0
285.901,0,0,0.0,0.0,0
285.901,0,0,0.0,0.0,0
286.001,0,0,0.0,0.0,0
286.001,0,0,0.0,0.0,0
286.001,0,0,0.0,0.0,0
286.001,0,0,0.0,0.0,0
286.001,0,0,0.0,0.0,0
286.101,0,0,0.0,0.0,0
286.101,0,0,0.0,0.0,0
286.101,0,0,0.0,0.0,0
286.101,0,0,0.0,0.0,0
286.101,0,0,0.0,0.0,0
286.201,0,0,0.0,0.0,0
286.201,0,0,0.0,0.0,0
286.201,0,0,0.0,0.0,0
286.201,0,0,0.0,0.0,0
286.201,0,0,0.0,0.0,0
286.201,0,0,0.0,0.0,0
286.301,0,0,0.0,0.0,0
286.301,0,0,0.0,0.0,0
286.301,0,0,0.0,0.0,0
286.301,0,0,0.0,0.0,0
286.301,0,0,0.0,0.0,0
286.401,0,0,0.0,0.0,0
286.401,0,0,0.0,0.0,0
286.401,0,0,0.0,0.0,0
286.401,0,0,0.0,0.0,0
286.401,0,0,0.0,0.0,0
286.501,0,0,0.0,0.0,0
286.501,0,0,0.0,0.0,0
286.501,0,0,0.0,0.0,0
286.501,0,0,0.0,0.0,0
286.501,0,0,0.0,0.0,0
286.601,0,0,0.0,0.0,0
286.601,0,0,0.0,0.0,0
286.601,0,0,0.0,0.0,0
286.601,0,0,0.0,0.0,0
286.601,0,0,0.0,0.0,0
286.701,0,0,0.0,0.0,0
286.701,0,0,0.0,0.0,0
286.701,0,0,0.0,0.0,0
286.701,0,0,0.0,0.0,0
286.701,0,0,0.0,0.0,0
286.701,0,0,0.0,0.0,0
286.801,0,0,0.0,0.0,0
286.801,0,0,0.0,0.0,0
286.801,0,0,0.0,0.0,0
286.801,0,0,0.0,0.0,0
286.801,0,0,0.0,0.0,0
286.901,0,0,0.0,0.0,0
286.901,0,0,0.0,0.0,0
286.901,0,0,0.0,0.0,0
286.901,0,0,0.0,0.0,0
286.901,0,0,0.0,0.0,0
287.001,0,0,0.0,0.0,0
287.001,0,0,0.0,0.0,0
287.001,0,0,0.0,0.0,0
287.001,0,0,0.0,0.0,0
287.001,0,0,0.0,0.0,0
287.101,0,0,0.0,0.0,0
287.101,0,0,0.0,0.0,0
287.101,0,0,0.0,0.0,0
287.101,0,0,0.0,0.0,0
287.101,0,0,0.0,0.0,0
287.101,0,0,0.0,0.0,0
287.201,0,0,0.0,0.0,0
287.201,0,0,0.0,0.0,0
287.201,0,0,0.0,0.0,0
287.201,0,0,0.0,0.0,0
287.201,0,0,0.0,0.0,0
287.301,0,0,0.0,0.0,0
287.301,0,0,0.0,0.0,0
287.301,0,0,0.0,0.0,0
287.301,0,0,0.0,0.0,0
287.301,0,0,0.0,0.0,0
287.401,0,0,0.0,0.0,0
287.401,0,0,0.0,0.0,0
287.401,0,0,0.0,0.0,0
287.401,0,0,0.0,0.0,0
287.401,0,0,0.0,0.0,0
287.501,0,0,0.0,0.0,0
287.501,0,0,0.0,0.0,0
287.501,0,0,0.0,0.0,0
287.501,0,0,0.0,0.0,0
287.501,0,0,0.0,0.0,0
287.601,0,0,0.0,0.0,0
287.601,0,0,0.0,0.0,0
287.601,0,0,0.0,0.0,0
287.601,0,0,0.0,0.0,0
287.601,0,0,0.0,0.0,0
287.601,0,0,0.0,0.0,0
287.701,0,0,0.0,0.0,0
287.701,0,0,0.0,0.0,0
287.701,0,0,0.0,0.0,0
287.701,0,0,0.0,0.0,0
287.701,0,0,0.0,0.0,0
287.801,0,0,0.0,0.0,0
287.801,0,0,0.0,0.0,0
287.801,0,0,0.0,0.0,0
287.801,0,0,0.0,0.0,0
287.801,0,0,0.0,0.0,0
287.901,0,0,0.0,0.0,0
287.901,0,0,0.0,0.0,0
287.901,0,0,0.0,0.0,0
287.901,0,0,0.0,0.0,0
287.901,0,0,0.0,0.0,0
288.001,0,0,0.0,0.0,0
288.001,0,0,0.0,0.0,0
288.001,0,0,0.0,0.0,0
288.001,0,0,0.0,0.0,0
288.001,0,0,0.0,0.0,0
288.001,0,0,0.0,0.0,0
288.101,0,0,0.0,0.0,0
288.101,0,0,0.0,0.0,0
288.101,0,0,0.0,0.0,0
288.101,0,0,0.0,0.0,0
288.101,0,0,0.0,0.0,0
288.201,0,0,0.0,0.0,0
288.201,0,0,0.0,0.0,0
288.201,0,0,0.0,0.0,0
288.201,0,0,0.0,0.0,0
288.201,0,0,0.0,0.0,0
288.301,0,0,0.0,0.0,0
288.301,0,0,0.0,0.0,0
288.301,0,0,0.0,0.0,0
288.301,0,0,0.0,0.0,0
288.301,0,0,0.0,0.0,0
288.401,0,0,0.0,0.0,0
288.401,0,0,0.0,0.0,0
288.401,0,0,0.0,0.0,0
288.401,0,0,0.0,0.0,0
288.401,0,0,0.0,0.0,0
288.501,0,0,0.0,0.0,0
288.501,0,0,0.0,0.0,0
288.501,0,0,0.0,0.0,0
288.501,0,0,0.0,0.0,0
288.501,0,0,0.0,0.0,0
288.501,0,0,0.0,0.0,0
288.601,0,0,0.0,0.0,0
288.601,0,0,0.0,0.0,0
288.601,0,0,0.0,0.0,0
288.601,0,0,0.0,0.0,0
288.601,0,0,0.0,0.0,0
288.701,0,0,0.0,0.0,0
288.701,0,0,0.0,0.0,0
288.701,0,0,0.0,0.0,0
288.701,0,0,0.0,0.0,0
288.701,0,0,0.0,0.0,0
288.801,0,0,0.0,0.0,0
288.801,0,0,0.0,0.0,0
288.801,0,0,0.0,0.0,0
288.801,0,0,0.0,0.0,0
288.801,0,0,0.0,0.0,0
288.901,0,0,0.0,0.0,0
288.901,0,0,0.0,0.0,0
288.901,0,0,0.0,0.0,0
288.901,0,0,0.0,0.0,0
288.901,0,0,0.0,0.0,0
289.001,0,0,0.0,0.0,0
289.001,0,0,0.0,0.0,0
289.001,0,0,0.0,0.0,0
289.001,0,0,0.0,0.0,0
289.001,0,0,0.0,0.0,0
289.001,0,0,0.0,0.0,0
289.101,0,0,0.0,0.0,0
289.101,0,0,0.0,0.0,0
289.101,0,0,0.0,0.0,0
289.101,0,0,0.0,0.0,0
289.101,0,0,0.0,0.0,0
289.201,0,0,0.0,0.0,0
289.201,0,0,0.0,0.0,0
289.201,0,0,0.0,0.0,0
289.201,0,0,0.0,0.0,0
289.201,0,0,0.0,0.0,0
289.301,0,0,0.0,0.0,0
289.301,0,0,0.0,0.0,0
289.301,0,0,0.0,0.0,0
289.301,0,0,0.0,0.0,0
289.301,0,0,0.0,0.0,0
289.401,0,0,0.0,0.0,0
289.401,0,0,0.0,0.0,0
289.401,0,0,0.0,0.0,0
289.401,0,0,0.0,0.0,0
289.401,0,0,0.0,0.0,0
289.401,0,0,0.0,0.0,0
289.501,0,0,0.0,0.0,0
289.501,0,0,0.0,0.0,0
289.501,0,0,0.0,0.0,0
289.501,0,0,0.0,0.0,0
289.501,0,0,0.0,0.0,0
289.601,0,0,0.0,0.0,0
289.601,0,0,0.0,0.0,0
289.601,0,0,0.0,0.0,0
289.601,0,0,0.0,0.0,0
289.601,0,0,0.0,0.0,0
289.701,0,0,0.0,0.0,0
289.701,0,0,0.0,0.0,0
289.701,0,0,0.0,0.0,0
289.701,0,0,0.0,0.0,0
289.701,0,0,0.0,0.0,0
289.801,0,0,0.0,0.0,0
289.801,0,0,0.0,0.0,0
289.801,0,0,0.0,0.0,0
289.801,0,0,0.0,0.0,0
289.801,0,0,0.0,0.0,0
289.901,0,0,0.0,0.0,0
289.901,0,0,0.0,0.0,0
289.901,0,0,0.0,0.0,0
289.901,0,0,0.0,0.0,0
289.901,0,0,0.0,0.0,0
289.901,0,0,0.0,0.0,0
290.001,0,0,0.0,0.0,0
290.001,0,0,0.0,0.0,0
290.001,0,0,0.0,0.0,0
290.001,0,0,0.0,0.0,0
290.001,0,0,0.0,0.0,0
290.101,0,0,0.0,0.0,0
290.101,0,0,0.0,0.0,0
290.101,0,0,0.0,0.0,0
290.101,0,0,0.0,0.0,0
290.101,0,0,0.0,0.0,0
290.201,0,0,0.0,0.0,0
290.201,0,0,0.0,0.0,0
290.201,0,0,0.0,0.0,0
290.201,0,0,0.0,0.0,0
290.201,0,0,0.0,0.0,0
290.301,0,0,0.0,0.0,0
290.301,0,0,0.0,0.0,0
290.301,0,0,0.0,0.0,0
290.301,0,0,0.0,0.0,0
290.301,0,0,0.0,0.0,0
290.301,0,0,0.0,0.0,0
290.401,0,0,0.0,0.0,0
290.401,0,0,0.0,0.0,0
290.401,0,0,0.0,0.0,0
290.401,0,0,0.0,0.0,0
290.401,0,0,0.0,0.0,0
290.501,0,0,0.0,0.0,0
290.501,0,0,0.0,0.0,0
290.501,0,0,0.0,0.0,0
290.501,0,0,0.0,0.0,0
290.501,0,0,0.0,0.0,0
290.601,0,0,0.0,0.0,0
290.601,0,0,0.0,0.0,0
290.601,0,0,0.0,0.0,0
290.601,0,0,0.0,0.0,0
290.601,0,0,0.0,0.0,0
290.701,0,0,0.0,0.0,0
290.701,0,0,0.0,0.0,0
290.701,0,0,0.0,0.0,0
290.701,0,0,0.0,0.0,0
290.701,0,0,0.0,0.0,0
290.801,0,0,0.0,0.0,0
290.801,0,0,0.0,0.0,0
290.801,0,0,0.0,0.0,0
290.801,0,0,0.0,0.0,0
290.801,0,0,0.0,0.0,0
290.801,0,0,0.0,0.0,0
290.901,0,0,0.0,0.0,0
290.901,0,0,0.0,0.0,0
290.901,0,0,0.0,0.0,0
290.901,0,0,0.0,0.0,0
290.901,0,0,0.0,0.0,0
291.001,0,0,0.0,0.0,0
291.001,0,0,0.0,0.0,0
291.001,0,0,0.0,0.0,0
291.001,0,0,0.0,0.0,0
291.001,0,0,0.0,0.0,0
291.101,0,0,0.0,0.0,0
291.101,0,0,0.0,0.0,0
291.101,0,0,0.0,0.0,0
291.101,0,0,0.0,0.0,0
291.101,0,0,0.0,0.0,0
291.201,0,0,0.0,0.0,0
291.201,0,0,0.0,0.0,0
291.201,0,0,0.0,0.0,0
291.201,0,0,0.0,0.0,0
291.201,0,0,0.0,0.0,0
291.301,0,0,0.0,0.0,0
291.301,0,0,0.0,0.0,0
291.301,0,0,0.0,0.0,0
291.301,0,0,0.0,0.0,0
291.301,0,0,0.0,0.0,0
291.301,0,0,0.0,0.0,0
291.401,0,0,0.0,0.0,0
291.401,0,0,0.0,0.0,0
291.401,0,0,0.0,0.0,0
291.401,0,0,0.0,0.0,0
291.401,0,0,0.0,0.0,0
291.501,0,0,0.0,0.0,0
291.501,0,0,0.0,0.0,0
291.501,0,0,0.0,0.0,0
291.501,0,0,0.0,0.0,0
291.501,0,0,0.0,0.0,0
291.601,0,0,0.0,0.0,0
291.601,0,0,0.0,0.0,0
291.601,0,0,0.0,0.0,0
291.601,0,0,0.0,0.0,0
291.601,0,0,0.0,0.0,0
291.701,0,0,0.0,0.0,0
291.701,0,0,0.0,0.0,0
291.701,0,0,0.0,0.0,0
291.701,0,0,0.0,0.0,0
291.701,0,0,0.0,0.0,0
291.701,0,0,0.0,0.0,0
291.801,0,0,0.0,0.0,0
291.801,0,0,0.0,0.0,0
291.801,0,0,0.0,0.0,0
291.801,0,0,0.0,0.0,0
291.801,0,0,0.0,0.0,0
291.901,0,0,0.0,0.0,0
291.901,0,0,0.0,0.0,0
291.901,0,0,0.0,0.0,0
291.901,0,0,0.0,0.0,0
291.901,0,0,0.0,0.0,0
292.001,0,0,0.0,0.0,0
292.001,0,0,0.0,0.0,0
292.001,0,0,0.0,0.0,0
292.001,0,0,0.0,0.0,0
292.001,0,0,0.0,0.0,0
292.101,0,0,0.0,0.0,0
292.101,0,0,0.0,0.0,0
292.101,0,0,0.0,0.0,0
292.101,0,0,0.0,0.0,0
292.101,0,0,0.0,0.0,0
292.201,0,0,0.0,0.0,0
292.201,0,0,0.0,0.0,0
292.201,0,0,0.0,0.0,0
292.201,0,0,0.0,0.0,0
292.201,0,0,0.0,0.0,0
292.201,0,0,0.0,0.0,0
292.301,0,0,0.0,0.0,0
292.301,0,0,0.0,0.0,0
292.301,0,0,0.0,0.0,0
292.301,0,0,0.0,0.0,0
292.301,0,0,0.0,0.0,0
292.401,0,0,0.0,0.0,0
292.401,0,0,0.0,0.0,0
292.401,0,0,0.0,0.0,0
292.401,0,0,0.0,0.0,0
292.401,0,0,0.0,0.0,0
292.501,0,0,0.0,0.0,0
292.501,0,0,0.0,0.0,0
292.501,0,0,0.0,0.0,0
292.501,0,0,0.0,0.0,0
292.501,0,0,0.0,0.0,0
292.601,0,0,0.0,0.0,0
292.601,0,0,0.0,0.0,0
292.601,0,0,0.0,0.0,0
292.601,0,0,0.0,0.0,0
292.601,0,0,0.0,0.0,0
292.601,0,0,0.0,0.0,0
292.701,0,0,0.0,0.0,0
292.701,0,0,0.0,0.0,0
292.701,0,0,0.0,0.0,0
292.701,0,0,0.0,0.0,0
292.701,0,0,0.0,0.0,0
292.801,0,0,0.0,0.0,0
292.801,0,0,0.0,0.0,0
292.801,0,0,0.0,0.0,0
292.801,0,0,0.0,0.0,0
292.801,0,0,0.0,0.0,0
292.901,0,0,0.0,0.0,0
292.901,0,0,0.0,0.0,0
292.901,0,0,0.0,0.0,0
292.901,0,0,0.0,0.0,0
292.901,0,0,0.0,0.0,0
