t_sec,turn_class,hill_class,turn_angle_deg,hill_angle_deg,is_straight
0.000,0,0,0.0,0.0,0
0.000,0,0,0.0,0.0,0
0.000,0,0,0.0,0.0,0
0.000,0,0,0.0,0.0,0
0.000,0,0,0.0,0.0,0
0.000,0,0,0.0,0.0,0
0.000,0,0,0.0,0.0,0
0.000,0,0,0.0,0.0,0
0.000,0,0,0.0,0.0,0
0.000,0,0,0.0,0.0,0
0.000,0,0,0.0,0.0,0
0.000,0,0,0.0,0.0,0
0.100,0,0,0.0,0.0,0
0.100,0,0,0.0,0.0,0
0.100,0,0,0.0,0.0,0
0.100,0,0,0.0,0.0,0
0.100,0,0,0.0,0.0,0
0.100,0,0,0.0,0.0,0
0.100,0,0,0.0,0.0,0
0.100,0,0,0.0,0.0,0
0.100,0,0,0.0,0.0,0
0.100,0,0,0.0,0.0,0
0.100,0,0,0.0,0.0,0
0.200,0,0,0.0,0.0,0
0.200,0,0,0.0,0.0,0
0.200,0,0,0.0,0.0,0
0.200,0,0,0.0,0.0,0
0.200,0,0,0.0,0.0,0
0.200,0,0,0.0,0.0,0
0.200,0,0,0.0,0.0,0
0.200,0,0,0.0,0.0,0
0.200,0,0,0.0,0.0,0
0.200,0,0,0.0,0.0,0
0.300,0,0,0.0,0.0,0
0.300,0,0,0.0,0.0,0
0.300,0,0,0.0,0.0,0
0.300,0,0,0.0,0.0,0
0.300,0,0,0.0,0.0,0
0.300,0,0,0.0,0.0,0
0.300,0,0,0.0,0.0,0
0.300,0,0,0.0,0.0,0
0.300,0,0,0.0,0.0,0
0.300,0,0,0.0,0.0,0
0.300,0,0,0.0,0.0,0
0.400,0,0,0.0,0.0,0
0.400,0,0,0.0,0.0,0
0.400,0,0,0.0,0.0,0
0.400,0,0,0.0,0.0,0
0.400,0,0,0.0,0.0,0
0.400,0,0,0.0,0.0,0
0.400,0,0,0.0,0.0,0
0.400,0,0,0.0,0.0,0
0.400,0,0,0.0,0.0,0
0.400,0,0,0.0,0.0,0
0.400,0,0,0.0,0.0,0
0.500,0,0,0.0,0.0,0
0.500,0,0,0.0,0.0,0
0.500,0,0,0.0,0.0,0
0.500,0,0,0.0,0.0,0
0.500,0,0,0.0,0.0,0
0.500,0,0,0.0,0.0,0
0.500,0,0,0.0,0.0,0
0.500,0,0,0.0,0.0,0
0.500,0,0,0.0,0.0,0
0.500,0,0,0.0,0.0,0
0.600,0,0,0.0,0.0,0
0.600,0,0,0.0,0.0,0
0.600,0,0,0.0,0.0,0
0.600,0,0,0.0,0.0,0
0.600,0,0,0.0,0.0,0
0.600,0,0,0.0,0.0,0
0.600,0,0,0.0,0.0,0
0.600,0,0,0.0,0.0,0
0.600,0,0,0.0,0.0,0
0.600,0,0,0.0,0.0,0
0.600,0,0,0.0,0.0,0
0.700,0,0,0.0,0.0,0
0.700,0,0,0.0,0.0,0
0.700,0,0,0.0,0.0,0
0.700,0,0,0.0,0.0,0
0.700,0,0,0.0,0.0,0
0.700,0,0,0.0,0.0,0
0.700,0,0,0.0,0.0,0
0.700,0,0,0.0,0.0,0
0.700,0,0,0.0,0.0,0
0.700,0,0,0.0,0.0,0
0.700,0,0,0.0,0.0,0
0.800,0,0,0.0,0.0,0
0.800,0,0,0.0,0.0,0
0.800,0,0,0.0,0.0,0
0.800,0,0,0.0,0.0,0
0.800,0,0,0.0,0.0,0
0.800,0,0,0.0,0.0,0
0.800,0,0,0.0,0.0,0
0.800,0,0,0.0,0.0,0
0.800,0,0,0.0,0.0,0
0.800,0,0,0.0,0.0,0
0.800,0,0,0.0,0.0,0
0.900,0,0,0.0,0.0,0
0.900,0,0,0.0,0.0,0
0.900,0,0,0.0,0.0,0
0.900,0,0,0.0,0.0,0
0.900,0,0,0.0,0.0,0
0.900,0,0,0.0,0.0,0
0.900,0,0,0.0,0.0,0
0.900,0,0,0.0,0.0,0
0.900,0,0,0.0,0.0,0
0.900,0,0,0.0,0.0,0
1.000,0,0,0.0,0.0,0
1.000,0,0,0.0,0.0,0
1.000,0,0,0.0,0.0,0
1.000,0,0,0.0,0.0,0
1.000,0,0,0.0,0.0,0
1.000,0,0,0.0,0.0,0
1.000,0,0,0.0,0.0,0
1.000,0,0,0.0,0.0,0
1.000,0,0,0.0,0.0,0
1.000,0,0,0.0,0.0,0
1.000,0,0,0.0,0.0,0
1.100,0,0,0.0,0.0,0
1.100,0,0,0.0,0.0,0
1.100,0,0,0.0,0.0,0
1.100,0,0,0.0,0.0,0
1.100,0,0,0.0,0.0,0
1.100,0,0,0.0,0.0,0
1.100,0,0,0.0,0.0,0
1.100,0,0,0.0,0.0,0
1.100,0,0,0.0,0.0,0
1.100,0,0,0.0,0.0,0
1.100,0,0,0.0,0.0,0
1.200,0,0,0.0,0.0,0
1.200,0,0,0.0,0.0,0
1.200,0,0,0.0,0.0,0
1.200,0,0,0.0,0.0,0
1.200,0,0,0.0,0.0,0
1.200,0,0,0.0,0.0,0
1.200,0,0,0.0,0.0,0
1.200,0,0,0.0,0.0,0
1.200,0,0,0.0,0.0,0
1.200,0,0,0.0,0.0,0
1.300,0,0,0.0,0.0,0
1.300,0,0,0.0,0.0,0
1.300,0,0,0.0,0.0,0
1.300,0,0,0.0,0.0,0
1.300,0,0,0.0,0.0,0
1.300,0,0,0.0,0.0,0
1.300,0,0,0.0,0.0,0
1.300,0,0,0.0,0.0,0
1.300,0,0,0.0,0.0,0
1.300,0,0,0.0,0.0,0
1.300,0,0,0.0,0.0,0
1.400,0,0,0.0,0.0,1
1.400,0,0,0.0,0.0,1
1.400,0,0,0.0,0.0,1
1.400,0,0,0.0,0.0,1
1.400,0,0,0.0,0.0,1
1.400,0,0,0.0,0.0,1
1.400,0,0,0.0,0.0,1
1.400,0,0,0.0,0.0,1
1.400,0,0,0.0,0.0,1
1.400,0,0,0.0,0.0,1
1.400,0,0,0.0,0.0,1
1.500,0,0,0.0,0.0,1
1.500,0,0,0.0,0.0,1
1.500,0,0,0.0,0.0,1
1.500,0,0,0.0,0.0,1
1.500,0,0,0.0,0.0,1
1.500,0,0,0.0,0.0,1
1.500,0,0,0.0,0.0,1
1.500,0,0,0.0,0.0,1
1.500,0,0,0.0,0.0,1
1.500,0,0,0.0,0.0,1
1.600,0,0,0.0,0.0,1
1.600,0,0,0.0,0.0,1
1.600,0,0,0.0,0.0,1
1.600,0,0,0.0,0.0,1
1.600,0,0,0.0,0.0,1
1.600,0,0,0.0,0.0,1
1.600,0,0,0.0,0.0,1
1.600,0,0,0.0,0.0,1
1.600,0,0,0.0,0.0,1
1.600,0,0,0.0,0.0,1
1.600,0,0,0.0,0.0,1
1.700,0,0,0.0,0.0,1
1.700,0,0,0.0,0.0,1
1.700,0,0,0.0,0.0,1
1.700,0,0,0.0,0.0,1
1.700,0,0,0.0,0.0,1
1.700,0,0,0.0,0.0,1
1.700,0,0,0.0,0.0,1
1.700,0,0,0.0,0.0,1
1.700,0,0,0.0,0.0,1
1.700,0,0,0.0,0.0,1
1.700,0,0,0.0,0.0,1
1.800,0,0,0.0,0.0,1
1.800,0,0,0.0,0.0,1
1.800,0,0,0.0,0.0,1
1.800,0,0,0.0,0.0,1
1.800,0,0,0.0,0.0,1
1.800,0,0,0.0,0.0,1
1.800,0,0,0.0,0.0,1
1.800,0,0,0.0,0.0,1
1.800,0,0,0.0,0.0,1
1.800,0,0,0.0,0.0,1
1.900,0,0,0.0,0.0,1
1.900,0,0,0.0,0.0,1
1.900,0,0,0.0,0.0,1
1.900,0,0,0.0,0.0,1
1.900,0,0,0.0,0.0,1
1.900,0,0,0.0,0.0,1
1.900,0,0,0.0,0.0,1
1.900,0,0,0.0,0.0,1
1.900,0,0,0.0,0.0,1
1.900,0,0,0.0,0.0,1
1.900,0,0,0.0,0.0,1
2.000,0,0,0.0,0.0,1
2.000,0,0,0.0,0.0,1
2.000,0,0,0.0,0.0,1
2.000,0,0,0.0,0.0,1
2.000,0,0,0.0,0.0,1
2.000,0,0,0.0,0.0,1
2.000,0,0,0.0,0.0,1
2.000,0,0,0.0,0.0,1
2.000,0,0,0.0,0.0,1
2.000,0,0,0.0,0.0,1
2.000,0,0,0.0,0.0,1
2.100,0,0,0.0,0.0,1
2.100,0,0,0.0,0.0,1
2.100,0,0,0.0,0.0,1
2.100,0,0,0.0,0.0,1
2.100,0,0,0.0,0.0,1
2.100,0,0,0.0,0.0,1
2.100,0,0,0.0,0.0,1
2.100,0,0,0.0,0.0,1
2.100,0,0,0.0,0.0,1
2.100,0,0,0.0,0.0,1
2.200,0,0,0.0,0.0,1
2.200,0,0,0.0,0.0,1
2.200,0,0,0.0,0.0,1
2.200,0,0,0.0,0.0,1
2.200,0,0,0.0,0.0,1
2.200,0,0,0.0,0.0,1
2.200,0,0,0.0,0.0,1
2.200,0,0,0.0,0.0,1
2.200,0,0,0.0,0.0,1
2.200,0,0,0.0,0.0,1
2.200,0,0,0.0,0.0,1
2.300,0,0,0.0,0.0,1
2.300,0,0,0.0,0.0,1
2.300,0,0,0.0,0.0,1
2.300,0,0,0.0,0.0,1
2.300,0,0,0.0,0.0,1
2.300,0,0,0.0,0.0,1
2.300,0,0,0.0,0.0,1
2.300,0,0,0.0,0.0,1
2.300,0,0,0.0,0.0,1
2.300,0,0,0.0,0.0,1
2.300,0,0,0.0,0.0,1
2.400,0,0,0.0,0.0,1
2.400,0,0,0.0,0.0,1
2.400,0,0,0.0,0.0,1
2.400,0,0,0.0,0.0,1
2.400,0,0,0.0,0.0,1
2.400,0,0,0.0,0.0,1
2.400,0,0,0.0,0.0,1
2.400,0,0,0.0,0.0,1
2.400,0,0,0.0,0.0,1
2.400,0,0,0.0,0.0,1
2.400,0,0,0.0,0.0,1
2.500,0,0,0.0,0.0,1
2.500,0,0,0.0,0.0,1
2.500,0,0,0.0,0.0,1
2.500,0,0,0.0,0.0,1
2.500,0,0,0.0,0.0,1
2.500,0,0,0.0,0.0,1
2.500,0,0,0.0,0.0,1
2.500,0,0,0.0,0.0,1
2.500,0,0,0.0,0.0,1
2.500,0,0,0.0,0.0,1
2.600,0,0,0.0,0.0,1
2.600,0,0,0.0,0.0,1
2.600,0,0,0.0,0.0,1
2.600,0,0,0.0,0.0,1
2.600,0,0,0.0,0.0,1
2.600,0,0,0.0,0.0,1
2.600,0,0,0.0,0.0,1
2.600,0,0,0.0,0.0,1
2.600,0,0,0.0,0.0,1
2.600,0,0,0.0,0.0,1
2.600,0,0,0.0,0.0,1
2.700,0,0,0.0,0.0,1
2.700,0,0,0.0,0.0,1
2.700,0,0,0.0,0.0,1
2.700,0,0,0.0,0.0,1
2.700,0,0,0.0,0.0,1
2.700,0,0,0.0,0.0,1
2.700,0,0,0.0,0.0,1
2.700,0,0,0.0,0.0,1
2.700,0,0,0.0,0.0,1
2.700,0,0,0.0,0.0,1
2.700,0,0,0.0,0.0,1
2.800,0,0,0.0,0.0,1
2.800,0,0,0.0,0.0,1
2.800,0,0,0.0,0.0,1
2.800,0,0,0.0,0.0,1
2.800,0,0,0.0,0.0,1
2.800,0,0,0.0,0.0,1
2.800,0,0,0.0,0.0,1
2.800,0,0,0.0,0.0,1
2.800,0,0,0.0,0.0,1
2.800,0,0,0.0,0.0,1
2.900,0,0,0.0,0.0,1
2.900,0,0,0.0,0.0,1
2.900,0,0,0.0,0.0,1
2.900,0,0,0.0,0.0,1
2.900,0,0,0.0,0.0,1
2.900,0,0,0.0,0.0,1
2.900,0,0,0.0,0.0,1
2.900,0,0,0.0,0.0,1
2.900,0,0,0.0,0.0,1
2.900,0,0,0.0,0.0,1
2.900,0,0,0.0,0.0,1
3.000,0,0,0.0,0.0,1
3.000,0,0,0.0,0.0,1
3.000,0,0,0.0,0.0,1
3.000,0,0,0.0,0.0,1
3.000,0,0,0.0,0.0,1
3.000,0,0,0.0,0.0,1
3.000,0,0,0.0,0.0,1
3.000,0,0,0.0,0.0,1
3.000,0,0,0.0,0.0,1
3.000,0,0,0.0,0.0,1
3.000,0,0,0.0,0.0,1
3.100,0,0,0.0,0.0,1
3.100,0,0,0.0,0.0,1
3.100,0,0,0.0,0.0,1
3.100,0,0,0.0,0.0,1
3.100,0,0,0.0,0.0,1
3.100,0,0,0.0,0.0,1
3.100,0,0,0.0,0.0,1
3.100,0,0,0.0,0.0,1
3.100,0,0,0.0,0.0,1
3.100,0,0,0.0,0.0,1
3.100,0,0,0.0,0.0,1
3.200,0,0,0.0,0.0,1
3.200,0,0,0.0,0.0,1
3.200,0,0,0.0,0.0,1
3.200,0,0,0.0,0.0,1
3.200,0,0,0.0,0.0,1
3.200,0,0,0.0,0.0,1
3.200,0,0,0.0,0.0,1
3.200,0,0,0.0,0.0,1
3.200,0,0,0.0,0.0,1
3.200,0,0,0.0,0.0,1
3.300,0,0,0.0,0.0,1
3.300,0,0,0.0,0.0,1
3.300,0,0,0.0,0.0,1
3.300,0,0,0.0,0.0,1
3.300,0,0,0.0,0.0,1
3.300,0,0,0.0,0.0,1
3.300,0,0,0.0,0.0,1
3.300,0,0,0.0,0.0,1
3.300,0,0,0.0,0.0,1
3.300,0,0,0.0,0.0,1
3.300,0,0,0.0,0.0,1
3.400,0,0,0.0,0.0,1
3.400,0,0,0.0,0.0,1
3.400,0,0,0.0,0.0,1
3.400,0,0,0.0,0.0,1
3.400,0,0,0.0,0.0,1
3.400,0,0,0.0,0.0,1
3.400,0,0,0.0,0.0,1
3.400,0,0,0.0,0.0,1
3.400,0,0,0.0,0.0,1
3.400,0,0,0.0,0.0,1
3.400,0,0,0.0,0.0,1
3.500,0,0,0.0,0.0,1
3.500,0,0,0.0,0.0,1
3.500,0,0,0.0,0.0,1
3.500,0,0,0.0,0.0,1
3.500,0,0,0.0,0.0,1
3.500,0,0,0.0,0.0,1
3.500,0,0,0.0,0.0,1
3.500,0,0,0.0,0.0,1
3.500,0,0,0.0,0.0,1
3.500,0,0,0.0,0.0,1
3.600,0,0,0.0,0.0,1
3.600,0,0,0.0,0.0,1
3.600,0,0,0.0,0.0,1
3.600,0,0,0.0,0.0,1
3.600,0,0,0.0,0.0,1
3.600,0,0,0.0,0.0,1
3.600,0,0,0.0,0.0,1
3.600,0,0,0.0,0.0,1
3.600,0,0,0.0,0.0,1
3.600,0,0,0.0,0.0,1
3.600,0,0,0.0,0.0,1
3.700,0,0,0.0,0.0,1
3.700,0,0,0.0,0.0,1
3.700,0,0,0.0,0.0,1
3.700,0,0,0.0,0.0,1
3.700,0,0,0.0,0.0,1
3.700,0,0,0.0,0.0,1
3.700,0,0,0.0,0.0,1
3.700,0,0,0.0,0.0,1
3.700,0,0,0.0,0.0,1
3.700,0,0,0.0,0.0,1
3.700,0,0,0.0,0.0,1
3.800,0,0,0.0,0.0,1
3.800,0,0,0.0,0.0,1
3.800,0,0,0.0,0.0,1
3.800,0,0,0.0,0.0,1
3.800,0,0,0.0,0.0,1
3.800,0,0,0.0,0.0,1
3.800,0,0,0.0,0.0,1
3.800,0,0,0.0,0.0,1
3.800,0,0,0.0,0.0,1
3.800,0,0,0.0,0.0,1
3.900,0,0,0.0,0.0,1
3.900,0,0,0.0,0.0,1
3.900,0,0,0.0,0.0,1
3.900,0,0,0.0,0.0,1
3.900,0,0,0.0,0.0,1
3.900,0,0,0.0,0.0,1
3.900,0,0,0.0,0.0,1
3.900,0,0,0.0,0.0,1
3.900,0,0,0.0,0.0,1
3.900,0,0,0.0,0.0,1
3.900,0,0,0.0,0.0,1
4.000,0,0,0.0,0.0,1
4.000,0,0,0.0,0.0,1
4.000,0,0,0.0,0.0,1
4.000,0,0,0.0,0.0,1
4.000,0,0,0.0,0.0,1
4.000,0,0,0.0,0.0,1
4.000,0,0,0.0,0.0,1
4.000,0,0,0.0,0.0,1
4.000,0,0,0.0,0.0,1
4.000,0,0,0.0,0.0,1
4.000,0,0,0.0,0.0,1
4.100,0,0,0.0,0.0,1
4.100,0,0,0.0,0.0,1
4.100,0,0,0.0,0.0,1
4.100,0,0,0.0,0.0,1
4.100,0,0,0.0,0.0,1
4.100,0,0,0.0,0.0,1
4.100,0,0,0.0,0.0,1
4.100,0,0,0.0,0.0,1
4.100,0,0,0.0,0.0,1
4.100,0,0,0.0,0.0,1
4.200,0,0,0.0,0.0,1
4.200,0,0,0.0,0.0,1
4.200,0,0,0.0,0.0,1
4.200,0,0,0.0,0.0,1
4.200,0,0,0.0,0.0,1
4.200,0,0,0.0,0.0,1
4.200,0,0,0.0,0.0,1
4.200,0,0,0.0,0.0,1
4.200,0,0,0.0,0.0,1
4.200,0,0,0.0,0.0,1
4.200,0,0,0.0,0.0,1
4.300,0,0,0.0,0.0,1
4.300,0,0,0.0,0.0,1
4.300,0,0,0.0,0.0,1
4.300,0,0,0.0,0.0,1
4.300,0,0,0.0,0.0,1
4.300,0,0,0.0,0.0,1
4.300,0,0,0.0,0.0,1
4.300,0,0,0.0,0.0,1
4.300,0,0,0.0,0.0,1
4.300,0,0,0.0,0.0,1
4.300,0,0,0.0,0.0,1
4.400,0,0,0.0,0.0,1
4.400,0,0,0.0,0.0,1
4.400,0,0,0.0,0.0,1
4.400,0,0,0.0,0.0,1
4.400,0,0,0.0,0.0,1
4.400,0,0,0.0,0.0,1
4.400,0,0,0.0,0.0,1
4.400,0,0,0.0,0.0,1
4.400,0,0,0.0,0.0,1
4.400,0,0,0.0,0.0,1
4.400,0,0,0.0,0.0,1
4.500,0,0,0.0,0.0,1
4.500,0,0,0.0,0.0,1
4.500,0,0,0.0,0.0,1
4.500,0,0,0.0,0.0,1
4.500,0,0,0.0,0.0,1
4.500,0,0,0.0,0.0,1
4.500,0,0,0.0,0.0,1
4.500,0,0,0.0,0.0,1
4.500,0,0,0.0,0.0,1
4.500,0,0,0.0,0.0,1
4.600,0,0,0.0,0.0,1
4.600,0,0,0.0,0.0,1
4.600,0,0,0.0,0.0,1
4.600,0,0,0.0,0.0,1
4.600,0,0,0.0,0.0,1
4.600,0,0,0.0,0.0,1
4.600,0,0,0.0,0.0,1
4.600,0,0,0.0,0.0,1
4.600,0,0,0.0,0.0,1
4.600,0,0,0.0,0.0,1
4.600,0,0,0.0,0.0,1
4.700,0,0,0.0,0.0,1
4.700,0,0,0.0,0.0,1
4.700,0,0,0.0,0.0,1
4.700,0,0,0.0,0.0,1
4.700,0,0,0.0,0.0,1
4.700,0,0,0.0,0.0,1
4.700,0,0,0.0,0.0,1
4.700,0,0,0.0,0.0,1
4.700,0,0,0.0,0.0,1
4.700,0,0,0.0,0.0,1
4.700,0,0,0.0,0.0,1
4.800,0,0,0.0,0.0,1
4.800,0,0,0.0,0.0,1
4.800,0,0,0.0,0.0,1
4.800,0,0,0.0,0.0,1
4.800,0,0,0.0,0.0,1
4.800,0,0,0.0,0.0,1
4.800,0,0,0.0,0.0,1
4.800,0,0,0.0,0.0,1
4.800,0,0,0.0,0.0,1
4.800,0,0,0.0,0.0,1
4.900,0,0,0.0,0.0,1
4.900,0,0,0.0,0.0,1
4.900,0,0,0.0,0.0,1
4.900,0,0,0.0,0.0,1
4.900,0,0,0.0,0.0,1
4.900,0,0,0.0,0.0,1
4.900,0,0,0.0,0.0,1
4.900,0,0,0.0,0.0,1
4.900,0,0,0.0,0.0,1
4.900,0,0,0.0,0.0,1
4.900,0,0,0.0,0.0,1
5.000,0,0,0.0,0.0,1
5.000,0,0,0.0,0.0,1
5.000,0,0,0.0,0.0,1
5.000,0,0,0.0,0.0,1
5.000,0,0,0.0,0.0,1
5.000,0,0,0.0,0.0,1
5.000,0,0,0.0,0.0,1
5.000,0,0,0.0,0.0,1
5.000,0,0,0.0,0.0,1
5.000,0,0,0.0,0.0,1
5.000,0,0,0.0,0.0,1
5.100,0,0,0.0,0.0,1
5.100,0,0,0.0,0.0,1
5.100,0,0,0.0,0.0,1
5.100,0,0,0.0,0.0,1
5.100,0,0,0.0,0.0,1
5.100,0,0,0.0,0.0,1
5.100,0,0,0.0,0.0,1
5.100,0,0,0.0,0.0,1
5.100,0,0,0.0,0.0,1
5.100,0,0,0.0,0.0,1
5.200,0,0,0.0,0.0,1
5.200,0,0,0.0,0.0,1
5.200,0,0,0.0,0.0,1
5.200,0,0,0.0,0.0,1
5.200,0,0,0.0,0.0,1
5.200,0,0,0.0,0.0,1
5.200,0,0,0.0,0.0,1
5.200,0,0,0.0,0.0,1
5.200,0,0,0.0,0.0,1
5.200,0,0,0.0,0.0,1
5.200,0,0,0.0,0.0,1
5.300,0,0,0.0,0.0,1
5.300,0,0,0.0,0.0,1
5.300,0,0,0.0,0.0,1
5.300,0,0,0.0,0.0,1
5.300,0,0,0.0,0.0,1
5.300,0,0,0.0,0.0,1
5.300,0,0,0.0,0.0,1
5.300,0,0,0.0,0.0,1
5.300,0,0,0.0,0.0,1
5.300,0,0,0.0,0.0,1
5.300,0,0,0.0,0.0,1
5.400,0,0,0.0,0.0,1
5.400,0,0,0.0,0.0,1
5.400,0,0,0.0,0.0,1
5.400,0,0,0.0,0.0,1
5.400,0,0,0.0,0.0,1
5.400,0,0,0.0,0.0,1
5.400,0,0,0.0,0.0,1
5.400,0,0,0.0,0.0,1
5.400,0,0,0.0,0.0,1
5.400,0,0,0.0,0.0,1
5.400,0,0,0.0,0.0,1
5.500,0,0,0.0,0.0,1
5.500,0,0,0.0,0.0,1
5.500,0,0,0.0,0.0,1
5.500,0,0,0.0,0.0,1
5.500,0,0,0.0,0.0,1
5.500,0,0,0.0,0.0,1
5.500,0,0,0.0,0.0,1
5.500,0,0,0.0,0.0,1
5.500,0,0,0.0,0.0,1
5.500,0,0,0.0,0.0,1
5.600,0,0,0.0,0.0,1
5.600,0,0,0.0,0.0,1
5.600,0,0,0.0,0.0,1
5.600,0,0,0.0,0.0,1
5.600,0,0,0.0,0.0,1
5.600,0,0,0.0,0.0,1
5.600,0,0,0.0,0.0,1
5.600,0,0,0.0,0.0,1
5.600,0,0,0.0,0.0,1
5.600,0,0,0.0,0.0,1
5.600,0,0,0.0,0.0,1
5.700,0,0,0.0,0.0,1
5.700,0,0,0.0,0.0,1
5.700,0,0,0.0,0.0,1
5.700,0,0,0.0,0.0,1
5.700,0,0,0.0,0.0,1
5.700,0,0,0.0,0.0,1
5.700,0,0,0.0,0.0,1
5.700,0,0,0.0,0.0,1
5.700,0,0,0.0,0.0,1
5.700,0,0,0.0,0.0,1
5.800,0,0,0.0,0.0,1
5.800,0,0,0.0,0.0,1
5.800,0,0,0.0,0.0,1
5.800,0,0,0.0,0.0,1
5.800,0,0,0.0,0.0,1
5.800,0,0,0.0,0.0,1
5.800,0,0,0.0,0.0,1
5.800,0,0,0.0,0.0,1
5.800,0,0,0.0,0.0,1
5.800,0,0,0.0,0.0,1
5.800,0,0,0.0,0.0,1
5.900,0,0,0.0,0.0,1
5.900,0,0,0.0,0.0,1
5.900,0,0,0.0,0.0,1
5.900,0,0,0.0,0.0,1
5.900,0,0,0.0,0.0,1
5.900,0,0,0.0,0.0,1
5.900,0,0,0.0,0.0,1
5.900,0,0,0.0,0.0,1
5.900,0,0,0.0,0.0,1
5.900,0,0,0.0,0.0,1
5.900,0,0,0.0,0.0,1
6.000,0,0,0.0,0.0,1
6.000,0,0,0.0,0.0,1
6.000,0,0,0.0,0.0,1
6.000,0,0,0.0,0.0,1
6.000,0,0,0.0,0.0,1
6.000,0,0,0.0,0.0,1
6.000,0,0,0.0,0.0,1
6.000,0,0,0.0,0.0,1
6.000,0,0,0.0,0.0,1
6.000,0,0,0.0,0.0,1
6.000,0,0,0.0,0.0,1
6.100,0,0,0.0,0.0,1
6.100,0,0,0.0,0.0,1
6.100,0,0,0.0,0.0,1
6.100,0,0,0.0,0.0,1
6.100,0,0,0.0,0.0,1
6.100,0,0,0.0,0.0,1
6.100,0,0,0.0,0.0,1
6.100,0,0,0.0,0.0,1
6.100,0,0,0.0,0.0,1
6.100,0,0,0.0,0.0,1
6.200,0,0,0.0,0.0,1
6.200,0,0,0.0,0.0,1
6.200,0,0,0.0,0.0,1
6.200,0,0,0.0,0.0,1
6.200,0,0,0.0,0.0,1
6.200,0,0,0.0,0.0,1
6.200,0,0,0.0,0.0,1
6.200,0,0,0.0,0.0,1
6.200,0,0,0.0,0.0,1
6.200,0,0,0.0,0.0,1
6.200,0,0,0.0,0.0,1
6.300,0,0,0.0,0.0,1
6.300,0,0,0.0,0.0,1
6.300,0,0,0.0,0.0,1
6.300,0,0,0.0,0.0,1
6.300,0,0,0.0,0.0,1
6.300,0,0,0.0,0.0,1
6.300,0,0,0.0,0.0,1
6.300,0,0,0.0,0.0,1
6.300,0,0,0.0,0.0,1
6.300,0,0,0.0,0.0,1
6.300,0,0,0.0,0.0,1
6.400,0,0,0.0,0.0,1
6.400,0,0,0.0,0.0,1
6.400,0,0,0.0,0.0,1
6.400,0,0,0.0,0.0,1
6.400,0,0,0.0,0.0,1
6.400,0,0,0.0,0.0,1
6.400,0,0,0.0,0.0,1
6.400,0,0,0.0,0.0,1
6.400,0,0,0.0,0.0,1
6.400,0,0,0.0,0.0,1
6.500,0,0,0.0,0.0,1
6.500,0,0,0.0,0.0,1
6.500,0,0,0.0,0.0,1
6.500,0,0,0.0,0.0,1
6.500,0,0,0.0,0.0,1
6.500,0,0,0.0,0.0,1
6.500,0,0,0.0,0.0,1
6.500,0,0,0.0,0.0,1
6.500,0,0,0.0,0.0,1
6.500,0,0,0.0,0.0,1
6.500,0,0,0.0,0.0,1
6.600,0,0,0.0,0.0,1
6.600,0,0,0.0,0.0,1
6.600,0,0,0.0,0.0,1
6.600,0,0,0.0,0.0,1
6.600,0,0,0.0,0.0,1
6.600,0,0,0.0,0.0,1
6.600,0,0,0.0,0.0,1
6.600,0,0,0.0,0.0,1
6.600,0,0,0.0,0.0,1
6.600,0,0,0.0,0.0,1
6.600,0,0,0.0,0.0,1
6.700,0,0,0.0,0.0,1
6.700,0,0,0.0,0.0,1
6.700,0,0,0.0,0.0,1
6.700,0,0,0.0,0.0,1
6.700,0,0,0.0,0.0,1
6.700,0,0,0.0,0.0,1
6.700,0,0,0.0,0.0,1
6.700,0,0,0.0,0.0,1
6.700,0,0,0.0,0.0,1
6.700,0,0,0.0,0.0,1
6.700,0,0,0.0,0.0,1
6.800,0,0,0.0,0.0,1
6.800,0,0,0.0,0.0,1
6.800,0,0,0.0,0.0,1
6.800,0,0,0.0,0.0,1
6.800,0,0,0.0,0.0,1
6.800,0,0,0.0,0.0,1
6.800,0,0,0.0,0.0,1
6.800,0,0,0.0,0.0,1
6.800,0,0,0.0,0.0,1
6.800,0,0,0.0,0.0,1
6.900,0,0,0.0,0.0,1
6.900,0,0,0.0,0.0,1
6.900,0,0,0.0,0.0,1
6.900,0,0,0.0,0.0,1
6.900,0,0,0.0,0.0,1
6.900,0,0,0.0,0.0,1
6.900,0,0,0.0,0.0,1
6.900,0,0,0.0,0.0,1
6.900,0,0,0.0,0.0,1
6.900,0,0,0.0,0.0,1
6.900,0,0,0.0,0.0,1
7.000,0,0,0.0,0.0,1
7.000,0,0,0.0,0.0,1
7.000,0,0,0.0,0.0,1
7.000,0,0,0.0,0.0,1
7.000,0,0,0.0,0.0,1
7.000,0,0,0.0,0.0,1
7.000,0,0,0.0,0.0,1
7.000,0,0,0.0,0.0,1
7.000,0,0,0.0,0.0,1
7.000,0,0,0.0,0.0,1
7.000,0,0,0.0,0.0,1
7.100,0,0,0.0,0.0,1
7.100,0,0,0.0,0.0,1
7.100,0,0,0.0,0.0,1
7.100,0,0,0.0,0.0,1
7.100,0,0,0.0,0.0,1
7.100,0,0,0.0,0.0,1
7.100,0,0,0.0,0.0,1
7.100,0,0,0.0,0.0,1
7.100,0,0,0.0,0.0,1
7.100,0,0,0.0,0.0,1
7.200,0,0,0.0,0.0,1
7.200,0,0,0.0,0.0,1
7.200,0,0,0.0,0.0,1
7.200,0,0,0.0,0.0,1
7.200,0,0,0.0,0.0,1
7.200,0,0,0.0,0.0,1
7.200,0,0,0.0,0.0,1
7.200,0,0,0.0,0.0,1
7.200,0,0,0.0,0.0,1
7.200,0,0,0.0,0.0,1
7.200,0,0,0.0,0.0,1
7.300,0,0,0.0,0.0,1
7.300,0,0,0.0,0.0,1
7.300,0,0,0.0,0.0,1
7.300,0,0,0.0,0.0,1
7.300,0,0,0.0,0.0,1
7.300,0,0,0.0,0.0,1
7.300,0,0,0.0,0.0,1
7.300,0,0,0.0,0.0,1
7.300,0,0,0.0,0.0,1
7.300,0,0,0.0,0.0,1
7.300,0,0,0.0,0.0,1
7.400,0,0,0.0,0.0,1
7.400,0,0,0.0,0.0,1
7.400,0,0,0.0,0.0,1
7.400,0,0,0.0,0.0,1
7.400,0,0,0.0,0.0,1
7.400,0,0,0.0,0.0,1
7.400,0,0,0.0,0.0,1
7.400,0,0,0.0,0.0,1
7.400,0,0,0.0,0.0,1
7.400,0,0,0.0,0.0,1
7.500,0,0,0.0,0.0,1
7.500,0,0,0.0,0.0,1
7.500,0,0,0.0,0.0,1
7.500,0,0,0.0,0.0,1
7.500,0,0,0.0,0.0,1
7.500,0,0,0.0,0.0,1
7.500,0,0,0.0,0.0,1
7.500,0,0,0.0,0.0,1
7.500,0,0,0.0,0.0,1
7.500,0,0,0.0,0.0,1
7.500,0,0,0.0,0.0,1
7.600,0,0,0.0,0.0,1
7.600,0,0,0.0,0.0,1
7.600,0,0,0.0,0.0,1
7.600,0,0,0.0,0.0,1
7.600,0,0,0.0,0.0,1
7.600,0,0,0.0,0.0,1
7.600,0,0,0.0,0.0,1
7.600,0,0,0.0,0.0,1
7.600,0,0,0.0,0.0,1
7.600,0,0,0.0,0.0,1
7.600,0,0,0.0,0.0,1
7.700,0,0,0.0,0.0,1
7.700,0,0,0.0,0.0,1
7.700,0,0,0.0,0.0,1
7.700,0,0,0.0,0.0,1
7.700,0,0,0.0,0.0,1
7.700,0,0,0.0,0.0,1
7.700,0,0,0.0,0.0,1
7.700,0,0,0.0,0.0,1
7.700,0,0,0.0,0.0,1
7.700,0,0,0.0,0.0,1
7.800,0,0,0.0,0.0,1
7.800,0,0,0.0,0.0,1
7.800,0,0,0.0,0.0,1
7.800,0,0,0.0,0.0,1
7.800,0,0,0.0,0.0,1
7.800,0,0,0.0,0.0,1
7.800,0,0,0.0,0.0,1
7.800,0,0,0.0,0.0,1
7.800,0,0,0.0,0.0,1
7.800,0,0,0.0,0.0,1
7.800,0,0,0.0,0.0,1
7.900,0,0,0.0,0.0,1
7.900,0,0,0.0,0.0,1
7.900,0,0,0.0,0.0,1
7.900,0,0,0.0,0.0,1
7.900,0,0,0.0,0.0,1
7.900,0,0,0.0,0.0,1
7.900,0,0,0.0,0.0,1
7.900,0,0,0.0,0.0,1
7.900,0,0,0.0,0.0,1
7.900,0,0,0.0,0.0,1
7.900,0,0,0.0,0.0,1
8.000,0,0,0.0,0.0,1
8.000,0,0,0.0,0.0,1
8.000,0,0,0.0,0.0,1
8.000,0,0,0.0,0.0,1
8.000,0,0,0.0,0.0,1
8.000,0,0,0.0,0.0,1
8.000,0,0,0.0,0.0,1
8.000,0,0,0.0,0.0,1
8.000,0,0,0.0,0.0,1
8.000,0,0,0.0,0.0,1
8.000,0,0,0.0,0.0,1
8.100,0,0,0.0,0.0,1
8.100,0,0,0.0,0.0,1
8.100,0,0,0.0,0.0,1
8.100,0,0,0.0,0.0,1
8.100,0,0,0.0,0.0,1
8.100,0,0,0.0,0.0,1
8.100,0,0,0.0,0.0,1
8.100,0,0,0.0,0.0,1
8.100,0,0,0.0,0.0,1
8.100,0,0,0.0,0.0,1
8.200,0,0,0.0,0.0,1
8.200,0,0,0.0,0.0,1
8.200,0,0,0.0,0.0,1
8.200,0,0,0.0,0.0,1
8.200,0,0,0.0,0.0,1
8.200,0,0,0.0,0.0,1
8.200,0,0,0.0,0.0,1
8.200,0,0,0.0,0.0,1
8.200,0,0,0.0,0.0,1
8.200,0,0,0.0,0.0,1
8.200,0,0,0.0,0.0,1
8.300,0,0,0.0,0.0,1
8.300,0,0,0.0,0.0,1
8.300,0,0,0.0,0.0,1
8.300,0,0,0.0,0.0,1
8.300,0,0,0.0,0.0,1
8.300,0,0,0.0,0.0,1
8.300,0,0,0.0,0.0,1
8.300,0,0,0.0,0.0,1
8.300,0,0,0.0,0.0,1
8.300,0,0,0.0,0.0,1
8.300,0,0,0.0,0.0,1
8.400,0,0,0.0,0.0,1
8.400,0,0,0.0,0.0,1
8.400,0,0,0.0,0.0,1
8.400,0,0,0.0,0.0,1
8.400,0,0,0.0,0.0,1
8.400,0,0,0.0,0.0,1
8.400,0,0,0.0,0.0,1
8.400,0,0,0.0,0.0,1
8.400,0,0,0.0,0.0,1
8.400,0,0,0.0,0.0,1
8.500,0,0,0.0,0.0,1
8.500,0,0,0.0,0.0,1
8.500,0,0,0.0,0.0,1
8.500,0,0,0.0,0.0,1
8.500,0,0,0.0,0.0,1
8.500,0,0,0.0,0.0,1
8.500,0,0,0.0,0.0,1
8.500,0,0,0.0,0.0,1
8.500,0,0,0.0,0.0,1
8.500,0,0,0.0,0.0,1
8.500,0,0,0.0,0.0,1
8.600,0,0,0.0,0.0,1
8.600,0,0,0.0,0.0,1
8.600,0,0,0.0,0.0,1
8.600,0,0,0.0,0.0,1
8.600,0,0,0.0,0.0,1
8.600,0,0,0.0,0.0,1
8.600,0,0,0.0,0.0,1
8.600,0,0,0.0,0.0,1
8.600,0,0,0.0,0.0,1
8.600,0,0,0.0,0.0,1
8.600,0,0,0.0,0.0,1
8.700,0,0,0.0,0.0,1
8.700,0,0,0.0,0.0,1
8.700,0,0,0.0,0.0,1
8.700,0,0,0.0,0.0,1
8.700,0,0,0.0,0.0,1
8.700,0,0,0.0,0.0,1
8.700,0,0,0.0,0.0,1
8.700,0,0,0.0,0.0,1
8.700,0,0,0.0,0.0,1
8.700,0,0,0.0,0.0,1
8.800,0,0,0.0,0.0,1
8.800,0,0,0.0,0.0,1
8.800,0,0,0.0,0.0,1
8.800,0,0,0.0,0.0,1
8.800,0,0,0.0,0.0,1
8.800,0,0,0.0,0.0,1
8.800,0,0,0.0,0.0,1
8.800,0,0,0.0,0.0,1
8.800,0,0,0.0,0.0,1
8.800,0,0,0.0,0.0,1
8.800,0,0,0.0,0.0,1
8.900,0,0,0.0,0.0,1
8.900,0,0,0.0,0.0,1
8.900,0,0,0.0,0.0,1
8.900,0,0,0.0,0.0,1
8.900,0,0,0.0,0.0,1
8.900,0,0,0.0,0.0,1
8.900,0,0,0.0,0.0,1
8.900,0,0,0.0,0.0,1
8.900,0,0,0.0,0.0,1
8.900,0,0,0.0,0.0,1
8.900,0,0,0.0,0.0,1
9.000,0,0,0.0,0.0,1
9.000,0,0,0.0,0.0,1
9.000,0,0,0.0,0.0,1
9.000,0,0,0.0,0.0,1
9.000,0,0,0.0,0.0,1
9.000,0,0,0.0,0.0,1
9.000,0,0,0.0,0.0,1
9.000,0,0,0.0,0.0,1
9.000,0,0,0.0,0.0,1
9.000,0,0,0.0,0.0,1
9.100,0,0,0.0,0.0,1
9.100,0,0,0.0,0.0,1
9.100,0,0,0.0,0.0,1
9.100,0,0,0.0,0.0,1
9.100,0,0,0.0,0.0,1
9.100,0,0,0.0,0.0,1
9.100,0,0,0.0,0.0,1
9.100,0,0,0.0,0.0,1
9.100,0,0,0.0,0.0,1
9.100,0,0,0.0,0.0,1
9.100,0,0,0.0,0.0,1
9.200,0,0,0.0,0.0,1
9.200,0,0,0.0,0.0,1
9.200,0,0,0.0,0.0,1
9.200,0,0,0.0,0.0,1
9.200,0,0,0.0,0.0,1
9.200,0,0,0.0,0.0,1
9.200,0,0,0.0,0.0,1
9.200,0,0,0.0,0.0,1
9.200,0,0,0.0,0.0,1
9.200,0,0,0.0,0.0,1
9.200,0,0,0.0,0.0,1
9.300,0,0,0.0,0.0,1
9.300,0,0,0.0,0.0,1
9.300,0,0,0.0,0.0,1
9.300,0,0,0.0,0.0,1
9.300,0,0,0.0,0.0,1
9.300,0,0,0.0,0.0,1
9.300,0,0,0.0,0.0,1
9.300,0,0,0.0,0.0,1
9.300,0,0,0.0,0.0,1
9.300,0,0,0.0,0.0,1
9.300,0,0,0.0,0.0,1
9.400,0,0,0.0,0.0,1
9.400,0,0,0.0,0.0,1
9.400,0,0,0.0,0.0,1
9.400,0,0,0.0,0.0,1
9.400,0,0,0.0,0.0,1
9.400,0,0,0.0,0.0,1
9.400,0,0,0.0,0.0,1
9.400,0,0,0.0,0.0,1
9.400,0,0,0.0,0.0,1
9.400,0,0,0.0,0.0,1
9.500,0,0,0.0,0.0,1
9.500,0,0,0.0,0.0,1
9.500,0,0,0.0,0.0,1
9.500,0,0,0.0,0.0,1
9.500,0,0,0.0,0.0,1
9.500,0,0,0.0,0.0,1
9.500,0,0,0.0,0.0,1
9.500,0,0,0.0,0.0,1
9.500,0,0,0.0,0.0,1
9.500,0,0,0.0,0.0,1
9.500,0,0,0.0,0.0,1
9.600,0,0,0.0,0.0,1
9.600,0,0,0.0,0.0,1
9.600,0,0,0.0,0.0,1
9.600,0,0,0.0,0.0,1
9.600,0,0,0.0,0.0,1
9.600,0,0,0.0,0.0,1
9.600,0,0,0.0,0.0,1
9.600,0,0,0.0,0.0,1
9.600,0,0,0.0,0.0,1
9.600,0,0,0.0,0.0,1
9.600,0,0,0.0,0.0,1
9.700,0,0,0.0,0.0,1
9.700,0,0,0.0,0.0,1
9.700,0,0,0.0,0.0,1
9.700,0,0,0.0,0.0,1
9.700,0,0,0.0,0.0,1
9.700,0,0,0.0,0.0,1
9.700,0,0,0.0,0.0,1
9.700,0,0,0.0,0.0,1
9.700,0,0,0.0,0.0,1
9.700,0,0,0.0,0.0,1
9.800,0,0,0.0,0.0,1
9.800,0,0,0.0,0.0,1
9.800,0,0,0.0,0.0,1
9.800,0,0,0.0,0.0,1
9.800,0,0,0.0,0.0,1
9.800,0,0,0.0,0.0,1
9.800,0,0,0.0,0.0,1
9.800,0,0,0.0,0.0,1
9.800,0,0,0.0,0.0,1
9.800,0,0,0.0,0.0,1
9.800,0,0,0.0,0.0,1
9.900,0,0,0.0,0.0,1
9.900,0,0,0.0,0.0,1
9.900,0,0,0.0,0.0,1
9.900,0,0,0.0,0.0,1
9.900,0,0,0.0,0.0,1
9.900,0,0,0.0,0.0,1
9.900,0,0,0.0,0.0,1
9.900,0,0,0.0,0.0,1
9.900,0,0,0.0,0.0,1
9.900,0,0,0.0,0.0,1
9.900,0,0,0.0,0.0,1
10.000,0,0,0.0,0.0,1
10.000,0,0,0.0,0.0,1
10.000,0,0,0.0,0.0,1
10.000,0,0,0.0,0.0,1
10.000,0,0,0.0,0.0,1
10.000,0,0,0.0,0.0,1
10.000,0,0,0.0,0.0,1
10.000,0,0,0.0,0.0,1
10.000,0,0,0.0,0.0,1
10.000,0,0,0.0,0.0,1
10.100,0,0,0.0,0.0,1
10.100,0,0,0.0,0.0,1
10.100,0,0,0.0,0.0,1
10.100,0,0,0.0,0.0,1
10.100,0,0,0.0,0.0,1
10.100,0,0,0.0,0.0,1
10.100,0,0,0.0,0.0,1
10.100,0,0,0.0,0.0,1
10.100,0,0,0.0,0.0,1
10.100,0,0,0.0,0.0,1
10.100,0,0,0.0,0.0,1
10.200,0,0,0.0,0.0,1
10.200,0,0,0.0,0.0,1
10.200,0,0,0.0,0.0,1
10.200,0,0,0.0,0.0,1
10.200,0,0,0.0,0.0,1
10.200,0,0,0.0,0.0,1
10.200,0,0,0.0,0.0,1
10.200,0,0,0.0,0.0,1
10.200,0,0,0.0,0.0,1
10.200,0,0,0.0,0.0,1
10.200,0,0,0.0,0.0,1
10.300,0,0,0.0,0.0,1
10.300,0,0,0.0,0.0,1
10.300,0,0,0.0,0.0,1
10.300,0,0,0.0,0.0,1
10.300,0,0,0.0,0.0,1
10.300,0,0,0.0,0.0,1
10.300,0,0,0.0,0.0,1
10.300,0,0,0.0,0.0,1
10.300,0,0,0.0,0.0,1
10.300,0,0,0.0,0.0,1
10.400,0,0,0.0,0.0,1
10.400,0,0,0.0,0.0,1
10.400,0,0,0.0,0.0,1
10.400,0,0,0.0,0.0,1
10.400,0,0,0.0,0.0,1
10.400,0,0,0.0,0.0,1
10.400,0,0,0.0,0.0,1
10.400,0,0,0.0,0.0,1
10.400,0,0,0.0,0.0,1
10.400,0,0,0.0,0.0,1
10.400,0,0,0.0,0.0,1
10.500,0,0,0.0,0.0,1
10.500,0,0,0.0,0.0,1
10.500,0,0,0.0,0.0,1
10.500,0,0,0.0,0.0,1
10.500,0,0,0.0,0.0,1
10.500,0,0,0.0,0.0,1
10.500,0,0,0.0,0.0,1
10.500,0,0,0.0,0.0,1
10.500,0,0,0.0,0.0,1
10.500,0,0,0.0,0.0,1
10.500,0,0,0.0,0.0,1
10.600,0,0,0.0,0.0,1
10.600,0,0,0.0,0.0,1
10.600,0,0,0.0,0.0,1
10.600,0,0,0.0,0.0,1
10.600,0,0,0.0,0.0,1
10.600,0,0,0.0,0.0,1
10.600,0,0,0.0,0.0,1
10.600,0,0,0.0,0.0,1
10.600,0,0,0.0,0.0,1
10.600,0,0,0.0,0.0,1
10.600,0,0,0.0,0.0,1
10.700,0,0,0.0,0.0,1
10.700,0,0,0.0,0.0,1
10.700,0,0,0.0,0.0,1
10.700,0,0,0.0,0.0,1
10.700,0,0,0.0,0.0,1
10.700,0,0,0.0,0.0,1
10.700,0,0,0.0,0.0,1
10.700,0,0,0.0,0.0,1
10.700,0,0,0.0,0.0,1
10.700,0,0,0.0,0.0,1
10.800,0,0,0.0,0.0,1
10.800,0,0,0.0,0.0,1
10.800,0,0,0.0,0.0,1
10.800,0,0,0.0,0.0,1
10.800,0,0,0.0,0.0,1
10.800,0,0,0.0,0.0,1
10.800,0,0,0.0,0.0,1
10.800,0,0,0.0,0.0,1
10.800,0,0,0.0,0.0,1
10.800,0,0,0.0,0.0,1
10.800,0,0,0.0,0.0,1
10.900,0,0,0.0,0.0,1
10.900,0,0,0.0,0.0,1
10.900,0,0,0.0,0.0,1
10.900,0,0,0.0,0.0,1
10.900,0,0,0.0,0.0,1
10.900,0,0,0.0,0.0,1
10.900,0,0,0.0,0.0,1
10.900,0,0,0.0,0.0,1
10.900,0,0,0.0,0.0,1
10.900,0,0,0.0,0.0,1
10.900,0,0,0.0,0.0,1
11.000,0,0,0.0,0.0,1
11.000,0,0,0.0,0.0,1
11.000,0,0,0.0,0.0,1
11.000,0,0,0.0,0.0,1
11.000,0,0,0.0,0.0,1
11.000,0,0,0.0,0.0,1
11.000,0,0,0.0,0.0,1
11.000,0,0,0.0,0.0,1
11.000,0,0,0.0,0.0,1
11.000,0,0,0.0,0.0,1
11.100,0,0,0.0,0.0,1
11.100,0,0,0.0,0.0,1
11.100,0,0,0.0,0.0,1
11.100,0,0,0.0,0.0,1
11.100,0,0,0.0,0.0,1
11.100,0,0,0.0,0.0,1
11.100,0,0,0.0,0.0,1
11.100,0,0,0.0,0.0,1
11.100,0,0,0.0,0.0,1
11.100,0,0,0.0,0.0,1
11.100,0,0,0.0,0.0,1
11.200,0,0,0.0,0.0,1
11.200,0,0,0.0,0.0,1
11.200,0,0,0.0,0.0,1
11.200,0,0,0.0,0.0,1
11.200,0,0,0.0,0.0,1
11.200,0,0,0.0,0.0,1
11.200,0,0,0.0,0.0,1
11.200,0,0,0.0,0.0,1
11.200,0,0,0.0,0.0,1
11.200,0,0,0.0,0.0,1
11.200,0,0,0.0,0.0,1
11.300,0,0,0.0,0.0,1
11.300,0,0,0.0,0.0,1
11.300,0,0,0.0,0.0,1
11.300,0,0,0.0,0.0,1
11.300,0,0,0.0,0.0,1
11.300,0,0,0.0,0.0,1
11.300,0,0,0.0,0.0,1
11.300,0,0,0.0,0.0,1
11.300,0,0,0.0,0.0,1
11.300,0,0,0.0,0.0,1
11.300,0,0,0.0,0.0,1
11.400,0,0,0.0,0.0,1
11.400,0,0,0.0,0.0,1
11.400,0,0,0.0,0.0,1
11.400,0,0,0.0,0.0,1
11.400,0,0,0.0,0.0,1
11.400,0,0,0.0,0.0,1
11.400,0,0,0.0,0.0,1
11.400,0,0,0.0,0.0,1
11.400,0,0,0.0,0.0,1
11.400,0,0,0.0,0.0,1
11.500,0,0,0.0,0.0,1
11.500,0,0,0.0,0.0,1
11.500,0,0,0.0,0.0,1
11.500,0,0,0.0,0.0,1
11.500,0,0,0.0,0.0,1
11.500,0,0,0.0,0.0,1
11.500,0,0,0.0,0.0,1
11.500,0,0,0.0,0.0,1
11.500,0,0,0.0,0.0,1
11.500,0,0,0.0,0.0,1
11.500,0,0,0.0,0.0,1
11.600,0,0,0.0,0.0,1
11.600,0,0,0.0,0.0,1
11.600,0,0,0.0,0.0,1
11.600,0,0,0.0,0.0,1
11.600,0,0,0.0,0.0,1
11.600,0,0,0.0,0.0,1
11.600,0,0,0.0,0.0,1
11.600,0,0,0.0,0.0,1
11.600,0,0,0.0,0.0,1
11.600,0,0,0.0,0.0,1
11.600,0,0,0.0,0.0,1
11.700,0,0,0.0,0.0,1
11.700,0,0,0.0,0.0,1
11.700,0,0,0.0,0.0,1
11.700,0,0,0.0,0.0,1
11.700,0,0,0.0,0.0,1
11.700,0,0,0.0,0.0,1
11.700,0,0,0.0,0.0,1
11.700,0,0,0.0,0.0,1
11.700,0,0,0.0,0.0,1
11.700,0,0,0.0,0.0,1
11.800,0,0,0.0,0.0,1
11.800,0,0,0.0,0.0,1
11.800,0,0,0.0,0.0,1
11.800,0,0,0.0,0.0,1
11.800,0,0,0.0,0.0,1
11.800,0,0,0.0,0.0,1
11.800,0,0,0.0,0.0,1
11.800,0,0,0.0,0.0,1
11.800,0,0,0.0,0.0,1
11.800,0,0,0.0,0.0,1
11.800,0,0,0.0,0.0,1
11.900,0,0,0.0,0.0,1
11.900,0,0,0.0,0.0,1
11.900,0,0,0.0,0.0,1
11.900,0,0,0.0,0.0,1
11.900,0,0,0.0,0.0,1
11.900,0,0,0.0,0.0,1
11.900,0,0,0.0,0.0,1
11.900,0,0,0.0,0.0,1
11.900,0,0,0.0,0.0,1
11.900,0,0,0.0,0.0,1
11.900,0,0,0.0,0.0,1
12.000,0,0,0.0,0.0,1
12.000,0,0,0.0,0.0,1
12.000,0,0,0.0,0.0,1
12.000,0,0,0.0,0.0,1
12.000,0,0,0.0,0.0,1
12.000,0,0,0.0,0.0,1
12.000,0,0,0.0,0.0,1
12.000,0,0,0.0,0.0,1
12.000,0,0,0.0,0.0,1
12.000,0,0,0.0,0.0,1
12.100,0,0,0.0,0.0,1
12.100,0,0,0.0,0.0,1
12.100,0,0,0.0,0.0,1
12.100,0,0,0.0,0.0,1
12.100,0,0,0.0,0.0,1
12.100,0,0,0.0,0.0,1
12.100,0,0,0.0,0.0,1
12.100,0,0,0.0,0.0,1
12.100,0,0,0.0,0.0,1
12.100,0,0,0.0,0.0,1
12.100,0,0,0.0,0.0,1
12.200,0,0,0.0,0.0,1
12.200,0,0,0.0,0.0,1
12.200,0,0,0.0,0.0,1
12.200,0,0,0.0,0.0,1
12.200,0,0,0.0,0.0,1
12.200,0,0,0.0,0.0,1
12.200,0,0,0.0,0.0,1
12.200,0,0,0.0,0.0,1
12.200,0,0,0.0,0.0,1
12.200,0,0,0.0,0.0,1
12.200,0,0,0.0,0.0,1
12.300,0,0,0.0,0.0,1
12.300,0,0,0.0,0.0,1
12.300,0,0,0.0,0.0,1
12.300,0,0,0.0,0.0,1
12.300,0,0,0.0,0.0,1
12.300,0,0,0.0,0.0,1
12.300,0,0,0.0,0.0,1
12.300,0,0,0.0,0.0,1
12.300,0,0,0.0,0.0,1
12.300,0,0,0.0,0.0,1
12.400,0,0,0.0,0.0,1
12.400,0,0,0.0,0.0,1
12.400,0,0,0.0,0.0,1
12.400,0,0,0.0,0.0,1
12.400,0,0,0.0,0.0,1
12.400,0,0,0.0,0.0,1
12.400,0,0,0.0,0.0,1
12.400,0,0,0.0,0.0,1
12.400,0,0,0.0,0.0,1
12.400,0,0,0.0,0.0,1
12.400,0,0,0.0,0.0,1
12.500,0,0,0.0,0.0,1
12.500,0,0,0.0,0.0,1
12.500,0,0,0.0,0.0,1
12.500,0,0,0.0,0.0,1
12.500,0,0,0.0,0.0,1
12.500,0,0,0.0,0.0,1
12.500,0,0,0.0,0.0,1
12.500,0,0,0.0,0.0,1
12.500,0,0,0.0,0.0,1
12.500,0,0,0.0,0.0,1
12.500,0,0,0.0,0.0,1
12.600,0,0,0.0,0.0,1
12.600,0,0,0.0,0.0,1
12.600,0,0,0.0,0.0,1
12.600,0,0,0.0,0.0,1
12.600,0,0,0.0,0.0,1
12.600,0,0,0.0,0.0,1
12.600,0,0,0.0,0.0,1
12.600,0,0,0.0,0.0,1
12.600,0,0,0.0,0.0,1
12.600,0,0,0.0,0.0,1
12.700,0,0,0.0,0.0,1
12.700,0,0,0.0,0.0,1
12.700,0,0,0.0,0.0,1
12.700,0,0,0.0,0.0,1
12.700,0,0,0.0,0.0,1
12.700,0,0,0.0,0.0,1
12.700,0,0,0.0,0.0,1
12.700,0,0,0.0,0.0,1
12.700,0,0,0.0,0.0,1
12.700,0,0,0.0,0.0,1
12.700,0,0,0.0,0.0,1
12.800,0,0,0.0,0.0,1
12.800,0,0,0.0,0.0,1
12.800,0,0,0.0,0.0,1
12.800,0,0,0.0,0.0,1
12.800,0,0,0.0,0.0,1
12.800,0,0,0.0,0.0,1
12.800,0,0,0.0,0.0,1
12.800,0,0,0.0,0.0,1
12.800,0,0,0.0,0.0,1
12.800,0,0,0.0,0.0,1
12.800,0,0,0.0,0.0,1
12.900,0,0,0.0,0.0,1
12.900,0,0,0.0,0.0,1
12.900,0,0,0.0,0.0,1
12.900,0,0,0.0,0.0,1
12.900,0,0,0.0,0.0,1
12.900,0,0,0.0,0.0,1
12.900,0,0,0.0,0.0,1
12.900,0,0,0.0,0.0,1
12.900,0,0,0.0,0.0,1
12.900,0,0,0.0,0.0,1
12.900,0,0,0.0,0.0,1
13.000,0,0,0.0,0.0,1
13.000,0,0,0.0,0.0,1
13.000,0,0,0.0,0.0,1
13.000,0,0,0.0,0.0,1
13.000,0,0,0.0,0.0,1
13.000,0,0,0.0,0.0,1
13.000,0,0,0.0,0.0,1
13.000,0,0,0.0,0.0,1
13.000,0,0,0.0,0.0,1
13.000,0,0,0.0,0.0,1
13.100,0,0,0.0,0.0,1
13.100,0,0,0.0,0.0,1
13.100,0,0,0.0,0.0,1
13.100,0,0,0.0,0.0,1
13.100,0,0,0.0,0.0,1
13.100,0,0,0.0,0.0,1
13.100,0,0,0.0,0.0,1
13.100,0,0,0.0,0.0,1
13.100,0,0,0.0,0.0,1
13.100,0,0,0.0,0.0,1
13.100,0,0,0.0,0.0,1
13.200,0,0,0.0,0.0,1
13.200,0,0,0.0,0.0,1
13.200,0,0,0.0,0.0,1
13.200,0,0,0.0,0.0,1
13.200,0,0,0.0,0.0,1
13.200,0,0,0.0,0.0,1
13.200,0,0,0.0,0.0,1
13.200,0,0,0.0,0.0,1
13.200,0,0,0.0,0.0,1
13.200,0,0,0.0,0.0,1
13.200,0,0,0.0,0.0,1
13.300,0,0,0.0,0.0,1
13.300,0,0,0.0,0.0,1
13.300,0,0,0.0,0.0,1
13.300,0,0,0.0,0.0,1
13.300,0,0,0.0,0.0,1
13.300,0,0,0.0,0.0,1
13.300,0,0,0.0,0.0,1
13.300,0,0,0.0,0.0,1
13.300,0,0,0.0,0.0,1
13.300,0,0,0.0,0.0,1
13.400,0,0,0.0,0.0,1
13.400,0,0,0.0,0.0,1
13.400,0,0,0.0,0.0,1
13.400,0,0,0.0,0.0,1
13.400,0,0,0.0,0.0,1
13.400,0,0,0.0,0.0,1
13.400,0,0,0.0,0.0,1
13.400,0,0,0.0,0.0,1
13.400,0,0,0.0,0.0,1
13.400,0,0,0.0,0.0,1
13.400,0,0,0.0,0.0,1
13.500,0,0,0.0,0.0,1
13.500,0,0,0.0,0.0,1
13.500,0,0,0.0,0.0,1
13.500,0,0,0.0,0.0,1
13.500,0,0,0.0,0.0,1
13.500,0,0,0.0,0.0,1
13.500,0,0,0.0,0.0,1
13.500,0,0,0.0,0.0,1
13.500,0,0,0.0,0.0,1
13.500,0,0,0.0,0.0,1
13.500,0,0,0.0,0.0,1
13.600,0,0,0.0,0.0,1
13.600,0,0,0.0,0.0,1
13.600,0,0,0.0,0.0,1
13.600,0,0,0.0,0.0,1
13.600,0,0,0.0,0.0,1
13.600,0,0,0.0,0.0,1
13.600,0,0,0.0,0.0,1
13.600,0,0,0.0,0.0,1
13.600,0,0,0.0,0.0,1
13.600,0,0,0.0,0.0,1
13.600,0,0,0.0,0.0,1
13.700,0,0,0.0,0.0,1
13.700,0,0,0.0,0.0,1
13.700,0,0,0.0,0.0,1
13.700,0,0,0.0,0.0,1
13.700,0,0,0.0,0.0,1
13.700,0,0,0.0,0.0,1
13.700,0,0,0.0,0.0,1
13.700,0,0,0.0,0.0,1
13.700,0,0,0.0,0.0,1
13.700,0,0,0.0,0.0,1
13.800,0,0,0.0,0.0,1
13.800,0,0,0.0,0.0,1
13.800,0,0,0.0,0.0,1
13.800,0,0,0.0,0.0,1
13.800,0,0,0.0,0.0,1
13.800,0,0,0.0,0.0,1
13.800,0,0,0.0,0.0,1
13.800,0,0,0.0,0.0,1
13.800,0,0,0.0,0.0,1
13.800,0,0,0.0,0.0,1
13.800,0,0,0.0,0.0,1
13.900,0,0,0.0,0.0,1
13.900,0,0,0.0,0.0,1
13.900,0,0,0.0,0.0,1
13.900,0,0,0.0,0.0,1
13.900,0,0,0.0,0.0,1
13.900,0,0,0.0,0.0,1
13.900,0,0,0.0,0.0,1
13.900,0,0,0.0,0.0,1
13.900,0,0,0.0,0.0,1
13.900,0,0,0.0,0.0,1
14.000,0,0,0.0,0.0,1
14.000,0,0,0.0,0.0,1
14.000,0,0,0.0,0.0,1
14.000,0,0,0.0,0.0,1
14.000,0,0,0.0,0.0,1
14.000,0,0,0.0,0.0,1
14.000,0,0,0.0,0.0,1
14.000,0,0,0.0,0.0,1
14.000,0,0,0.0,0.0,1
14.000,0,0,0.0,0.0,1
14.000,0,0,0.0,0.0,1
14.100,0,0,0.0,0.0,1
14.100,0,0,0.0,0.0,1
14.100,0,0,0.0,0.0,1
14.100,0,0,0.0,0.0,1
14.100,0,0,0.0,0.0,1
14.100,0,0,0.0,0.0,1
14.100,0,0,0.0,0.0,1
14.100,0,0,0.0,0.0,1
14.100,0,0,0.0,0.0,1
14.100,0,0,0.0,0.0,1
14.100,0,0,0.0,0.0,1
14.200,0,0,0.0,0.0,1
14.200,0,0,0.0,0.0,1
14.200,0,0,0.0,0.0,1
14.200,0,0,0.0,0.0,1
14.200,0,0,0.0,0.0,1
14.200,0,0,0.0,0.0,1
14.200,0,0,0.0,0.0,1
14.200,0,0,0.0,0.0,1
14.200,0,0,0.0,0.0,1
14.200,0,0,0.0,0.0,1
14.200,0,0,0.0,0.0,1
14.300,0,0,0.0,0.0,1
14.300,0,0,0.0,0.0,1
14.300,0,0,0.0,0.0,1
14.300,0,0,0.0,0.0,1
14.300,0,0,0.0,0.0,1
14.300,0,0,0.0,0.0,1
14.300,0,0,0.0,0.0,1
14.300,0,0,0.0,0.0,1
14.300,0,0,0.0,0.0,1
14.300,0,0,0.0,0.0,1
14.400,0,0,0.0,0.0,1
14.400,0,0,0.0,0.0,1
14.400,0,0,0.0,0.0,1
14.400,0,0,0.0,0.0,1
14.400,0,0,0.0,0.0,1
14.400,0,0,0.0,0.0,1
14.400,0,0,0.0,0.0,1
14.400,0,0,0.0,0.0,1
14.400,0,0,0.0,0.0,1
14.400,0,0,0.0,0.0,1
14.400,0,0,0.0,0.0,1
14.500,0,0,0.0,0.0,1
14.500,0,0,0.0,0.0,1
14.500,0,0,0.0,0.0,1
14.500,0,0,0.0,0.0,1
14.500,0,0,0.0,0.0,1
14.500,0,0,0.0,0.0,1
14.500,0,0,0.0,0.0,1
14.500,0,0,0.0,0.0,1
14.500,0,0,0.0,0.0,1
14.500,0,0,0.0,0.0,1
14.500,0,0,0.0,0.0,1
14.600,0,0,0.0,0.0,1
14.600,0,0,0.0,0.0,1
14.600,0,0,0.0,0.0,1
14.600,0,0,0.0,0.0,1
14.600,0,0,0.0,0.0,1
14.600,0,0,0.0,0.0,1
14.600,0,0,0.0,0.0,1
14.600,0,0,0.0,0.0,1
14.600,0,0,0.0,0.0,1
14.600,0,0,0.0,0.0,1
14.700,0,0,0.0,0.0,1
14.700,0,0,0.0,0.0,1
14.700,0,0,0.0,0.0,1
14.700,0,0,0.0,0.0,1
14.700,0,0,0.0,0.0,1
14.700,0,0,0.0,0.0,1
14.700,0,0,0.0,0.0,1
14.700,0,0,0.0,0.0,1
14.700,0,0,0.0,0.0,1
14.700,0,0,0.0,0.0,1
14.700,0,0,0.0,0.0,1
14.800,0,0,0.0,0.0,1
14.800,0,0,0.0,0.0,1
14.800,0,0,0.0,0.0,1
14.800,0,0,0.0,0.0,1
14.800,0,0,0.0,0.0,1
14.800,0,0,0.0,0.0,1
14.800,0,0,0.0,0.0,1
14.800,0,0,0.0,0.0,1
14.800,0,0,0.0,0.0,1
14.800,0,0,0.0,0.0,1
14.800,0,0,0.0,0.0,1
14.900,0,0,0.0,0.0,1
14.900,0,0,0.0,0.0,1
14.900,0,0,0.0,0.0,1
14.900,0,0,0.0,0.0,1
14.900,0,0,0.0,0.0,1
14.900,0,0,0.0,0.0,1
14.900,0,0,0.0,0.0,1
14.900,0,0,0.0,0.0,1
14.900,0,0,0.0,0.0,1
14.900,0,0,0.0,0.0,1
15.000,0,0,0.0,0.0,1
15.000,0,0,0.0,0.0,1
15.000,0,0,0.0,0.0,1
15.000,0,0,0.0,0.0,1
15.000,0,0,0.0,0.0,1
15.000,0,0,0.0,0.0,1
15.000,0,0,0.0,0.0,1
15.000,0,0,0.0,0.0,1
15.000,0,0,0.0,0.0,1
15.000,0,0,0.0,0.0,1
15.000,0,0,0.0,0.0,1
15.100,0,0,0.0,0.0,1
15.100,0,0,0.0,0.0,1
15.100,0,0,0.0,0.0,1
15.100,0,0,0.0,0.0,1
15.100,0,0,0.0,0.0,1
15.100,0,0,0.0,0.0,1
15.100,0,0,0.0,0.0,1
15.100,0,0,0.0,0.0,1
15.100,0,0,0.0,0.0,1
15.100,0,0,0.0,0.0,1
15.100,0,0,0.0,0.0,1
15.200,0,0,0.0,0.0,1
15.200,0,0,0.0,0.0,1
15.200,0,0,0.0,0.0,1
15.200,0,0,0.0,0.0,1
15.200,0,0,0.0,0.0,1
15.200,0,0,0.0,0.0,1
15.200,0,0,0.0,0.0,1
15.200,0,0,0.0,0.0,1
15.200,0,0,0.0,0.0,1
15.200,0,0,0.0,0.0,1
15.200,0,0,0.0,0.0,1
15.300,0,0,0.0,0.0,1
15.300,0,0,0.0,0.0,1
15.300,0,0,0.0,0.0,1
15.300,0,0,0.0,0.0,1
15.300,0,0,0.0,0.0,1
15.300,0,0,0.0,0.0,1
15.300,0,0,0.0,0.0,1
15.300,0,0,0.0,0.0,1
15.300,0,0,0.0,0.0,1
15.300,0,0,0.0,0.0,1
15.400,0,0,0.0,0.0,1
15.400,0,0,0.0,0.0,1
15.400,0,0,0.0,0.0,1
15.400,0,0,0.0,0.0,1
15.400,0,0,0.0,0.0,1
15.400,0,0,0.0,0.0,1
15.400,0,0,0.0,0.0,1
15.400,0,0,0.0,0.0,1
15.400,0,0,0.0,0.0,1
15.400,0,0,0.0,0.0,1
15.400,0,0,0.0,0.0,1
15.500,0,0,0.0,0.0,1
15.500,0,0,0.0,0.0,1
15.500,0,0,0.0,0.0,1
15.500,0,0,0.0,0.0,1
15.500,0,0,0.0,0.0,1
15.500,0,0,0.0,0.0,1
15.500,0,0,0.0,0.0,1
15.500,0,0,0.0,0.0,1
15.500,0,0,0.0,0.0,1
15.500,0,0,0.0,0.0,1
15.500,0,0,0.0,0.0,1
15.600,0,0,0.0,0.0,1
15.600,0,0,0.0,0.0,1
15.600,0,0,0.0,0.0,1
15.600,0,0,0.0,0.0,1
15.600,0,0,0.0,0.0,1
15.600,0,0,0.0,0.0,1
15.600,0,0,0.0,0.0,1
15.600,0,0,0.0,0.0,1
15.600,0,0,0.0,0.0,1
15.600,0,0,0.0,0.0,1
15.700,0,0,0.0,0.0,1
15.700,0,0,0.0,0.0,1
15.700,0,0,0.0,0.0,1
15.700,0,0,0.0,0.0,1
15.700,0,0,0.0,0.0,1
15.700,0,0,0.0,0.0,1
15.700,0,0,0.0,0.0,1
15.700,0,0,0.0,0.0,1
15.700,0,0,0.0,0.0,1
15.700,0,0,0.0,0.0,1
15.700,0,0,0.0,0.0,1
15.800,0,0,0.0,0.0,1
15.800,0,0,0.0,0.0,1
15.800,0,0,0.0,0.0,1
15.800,0,0,0.0,0.0,1
15.800,0,0,0.0,0.0,1
15.800,0,0,0.0,0.0,1
15.800,0,0,0.0,0.0,1
15.800,0,0,0.0,0.0,1
15.800,0,0,0.0,0.0,1
15.800,0,0,0.0,0.0,1
15.800,0,0,0.0,0.0,1
15.900,0,0,0.0,0.0,1
15.900,0,0,0.0,0.0,1
15.900,0,0,0.0,0.0,1
15.900,0,0,0.0,0.0,1
15.900,0,0,0.0,0.0,1
15.900,0,0,0.0,0.0,1
15.900,0,0,0.0,0.0,1
15.900,0,0,0.0,0.0,1
15.900,0,0,0.0,0.0,1
15.900,0,0,0.0,0.0,1
16.000,0,0,0.0,0.0,1
16.000,0,0,0.0,0.0,1
16.000,0,0,0.0,0.0,1
16.000,0,0,0.0,0.0,1
16.000,0,0,0.0,0.0,1
16.000,0,0,0.0,0.0,1
16.000,0,0,0.0,0.0,1
16.000,0,0,0.0,0.0,1
16.000,0,0,0.0,0.0,1
16.000,0,0,0.0,0.0,1
16.000,0,0,0.0,0.0,1
16.100,0,0,0.0,0.0,1
16.100,0,0,0.0,0.0,1
16.100,0,0,0.0,0.0,1
16.100,0,0,0.0,0.0,1
16.100,0,0,0.0,0.0,1
16.100,0,0,0.0,0.0,1
16.100,0,0,0.0,0.0,1
16.100,0,0,0.0,0.0,1
16.100,0,0,0.0,0.0,1
16.100,0,0,0.0,0.0,1
16.100,0,0,0.0,0.0,1
16.200,0,0,0.0,0.0,1
16.200,0,0,0.0,0.0,1
16.200,0,0,0.0,0.0,1
16.200,0,0,0.0,0.0,1
16.200,0,0,0.0,0.0,1
16.200,0,0,0.0,0.0,1
16.200,0,0,0.0,0.0,1
16.200,0,0,0.0,0.0,1
16.200,0,0,0.0,0.0,1
16.200,0,0,0.0,0.0,1
16.300,0,0,0.0,0.0,1
16.300,0,0,0.0,0.0,1
16.300,0,0,0.0,0.0,1
16.300,0,0,0.0,0.0,1
16.300,0,0,0.0,0.0,1
16.300,0,0,0.0,0.0,1
16.300,0,0,0.0,0.0,1
16.300,0,0,0.0,0.0,1
16.300,0,0,0.0,0.0,1
16.300,0,0,0.0,0.0,1
16.300,0,0,0.0,0.0,1
16.400,0,0,0.0,0.0,1
16.400,0,0,0.0,0.0,1
16.400,0,0,0.0,0.0,1
16.400,0,0,0.0,0.0,1
16.400,0,0,0.0,0.0,1
16.400,0,0,0.0,0.0,1
16.400,0,0,0.0,0.0,1
16.400,0,0,0.0,0.0,1
16.400,0,0,0.0,0.0,1
16.400,0,0,0.0,0.0,1
16.400,0,0,0.0,0.0,1
16.500,0,0,0.0,0.0,1
16.500,0,0,0.0,0.0,1
16.500,0,0,0.0,0.0,1
16.500,0,0,0.0,0.0,1
16.500,0,0,0.0,0.0,1
16.500,0,0,0.0,0.0,1
16.500,0,0,0.0,0.0,1
16.500,0,0,0.0,0.0,1
16.500,0,0,0.0,0.0,1
16.500,0,0,0.0,0.0,1
16.500,0,0,0.0,0.0,1
16.600,0,0,0.0,0.0,1
16.600,0,0,0.0,0.0,1
16.600,0,0,0.0,0.0,1
16.600,0,0,0.0,0.0,1
16.600,0,0,0.0,0.0,1
16.600,0,0,0.0,0.0,1
16.600,0,0,0.0,0.0,1
16.600,0,0,0.0,0.0,1
16.600,0,0,0.0,0.0,1
16.600,0,0,0.0,0.0,1
16.700,0,0,0.0,0.0,1
16.700,0,0,0.0,0.0,1
16.700,0,0,0.0,0.0,1
16.700,0,0,0.0,0.0,1
16.700,0,0,0.0,0.0,1
16.700,0,0,0.0,0.0,1
16.700,0,0,0.0,0.0,1
16.700,0,0,0.0,0.0,1
16.700,0,0,0.0,0.0,1
16.700,0,0,0.0,0.0,1
16.700,0,0,0.0,0.0,1
16.800,0,0,0.0,0.0,1
16.800,0,0,0.0,0.0,1
16.800,0,0,0.0,0.0,1
16.800,0,0,0.0,0.0,1
16.800,0,0,0.0,0.0,1
16.800,0,0,0.0,0.0,1
16.800,0,0,0.0,0.0,1
16.800,0,0,0.0,0.0,1
16.800,0,0,0.0,0.0,1
16.800,0,0,0.0,0.0,1
16.800,0,0,0.0,0.0,1
16.900,0,0,0.0,0.0,1
16.900,0,0,0.0,0.0,1
16.900,0,0,0.0,0.0,1
16.900,0,0,0.0,0.0,1
16.900,0,0,0.0,0.0,1
16.900,0,0,0.0,0.0,1
16.900,0,0,0.0,0.0,1
16.900,0,0,0.0,0.0,1
16.900,0,0,0.0,0.0,1
16.900,0,0,0.0,0.0,1
17.000,0,0,0.0,0.0,1
17.000,0,0,0.0,0.0,1
17.000,0,0,0.0,0.0,1
17.000,0,0,0.0,0.0,1
17.000,0,0,0.0,0.0,1
17.000,0,0,0.0,0.0,1
17.000,0,0,0.0,0.0,1
17.000,0,0,0.0,0.0,1
17.000,0,0,0.0,0.0,1
17.000,0,0,0.0,0.0,1
17.000,0,0,0.0,0.0,1
17.100,0,0,0.0,0.0,1
17.100,0,0,0.0,0.0,1
17.100,0,0,0.0,0.0,1
17.100,0,0,0.0,0.0,1
17.100,0,0,0.0,0.0,1
17.100,0,0,0.0,0.0,1
17.100,0,0,0.0,0.0,1
17.100,0,0,0.0,0.0,1
17.100,0,0,0.0,0.0,1
17.100,0,0,0.0,0.0,1
17.100,0,0,0.0,0.0,1
17.200,0,0,0.0,0.0,1
17.200,0,0,0.0,0.0,1
17.200,0,0,0.0,0.0,1
17.200,0,0,0.0,0.0,1
17.200,0,0,0.0,0.0,1
17.200,0,0,0.0,0.0,1
17.200,0,0,0.0,0.0,1
17.200,0,0,0.0,0.0,1
17.200,0,0,0.0,0.0,1
17.200,0,0,0.0,0.0,1
17.300,0,0,0.0,0.0,1
17.300,0,0,0.0,0.0,1
17.300,0,0,0.0,0.0,1
17.300,0,0,0.0,0.0,1
17.300,0,0,0.0,0.0,1
17.300,0,0,0.0,0.0,1
17.300,0,0,0.0,0.0,1
17.300,0,0,0.0,0.0,1
17.300,0,0,0.0,0.0,1
17.300,0,0,0.0,0.0,1
17.300,0,0,0.0,0.0,1
17.400,0,0,0.0,0.0,1
17.400,0,0,0.0,0.0,1
17.400,0,0,0.0,0.0,1
17.400,0,0,0.0,0.0,1
17.400,0,0,0.0,0.0,1
17.400,0,0,0.0,0.0,1
17.400,0,0,0.0,0.0,1
17.400,0,0,0.0,0.0,1
17.400,0,0,0.0,0.0,1
17.400,0,0,0.0,0.0,1
17.400,0,0,0.0,0.0,1
17.500,1,0,60.0,0.0,0
17.500,1,0,60.0,0.0,0
17.500,1,0,60.0,0.0,0
17.500,1,0,60.0,0.0,0
17.500,1,0,60.0,0.0,0
17.500,1,0,60.0,0.0,0
17.500,1,0,60.0,0.0,0
17.500,1,0,60.0,0.0,0
17.500,1,0,60.0,0.0,0
17.500,1,0,60.0,0.0,0
17.500,1,0,60.0,0.0,0
17.600,1,0,60.0,0.0,0
17.600,1,0,60.0,0.0,0
17.600,1,0,60.0,0.0,0
17.600,1,0,60.0,0.0,0
17.600,1,0,60.0,0.0,0
17.600,1,0,60.0,0.0,0
17.600,1,0,60.0,0.0,0
17.600,1,0,60.0,0.0,0
17.600,1,0,60.0,0.0,0
17.600,1,0,60.0,0.0,0
17.700,1,0,60.0,0.0,0
17.700,1,0,60.0,0.0,0
17.700,1,0,60.0,0.0,0
17.700,1,0,60.0,0.0,0
17.700,1,0,60.0,0.0,0
17.700,1,0,60.0,0.0,0
17.700,1,0,60.0,0.0,0
17.700,1,0,60.0,0.0,0
17.700,1,0,60.0,0.0,0
17.700,1,0,60.0,0.0,0
17.700,1,0,60.0,0.0,0
17.800,1,0,60.0,0.0,0
17.800,1,0,60.0,0.0,0
17.800,1,0,60.0,0.0,0
17.800,1,0,60.0,0.0,0
17.800,1,0,60.0,0.0,0
17.800,1,0,60.0,0.0,0
17.800,1,0,60.0,0.0,0
17.800,1,0,60.0,0.0,0
17.800,1,0,60.0,0.0,0
17.800,1,0,60.0,0.0,0
17.800,1,0,60.0,0.0,0
17.900,1,0,60.0,0.0,0
17.900,1,0,60.0,0.0,0
17.900,1,0,60.0,0.0,0
17.900,1,0,60.0,0.0,0
17.900,1,0,60.0,0.0,0
17.900,1,0,60.0,0.0,0
17.900,1,0,60.0,0.0,0
17.900,1,0,60.0,0.0,0
17.900,1,0,60.0,0.0,0
17.900,1,0,60.0,0.0,0
18.000,1,0,60.0,0.0,0
18.000,1,0,60.0,0.0,0
18.000,1,0,60.0,0.0,0
18.000,1,0,60.0,0.0,0
18.000,1,0,60.0,0.0,0
18.000,1,0,60.0,0.0,0
18.000,1,0,60.0,0.0,0
18.000,1,0,60.0,0.0,0
18.000,1,0,60.0,0.0,0
18.000,1,0,60.0,0.0,0
18.000,1,0,60.0,0.0,0
18.100,1,0,60.0,0.0,0
18.100,1,0,60.0,0.0,0
18.100,1,0,60.0,0.0,0
18.100,1,0,60.0,0.0,0
18.100,1,0,60.0,0.0,0
18.100,1,0,60.0,0.0,0
18.100,1,0,60.0,0.0,0
18.100,1,0,60.0,0.0,0
18.100,1,0,60.0,0.0,0
18.100,1,0,60.0,0.0,0
18.100,1,0,60.0,0.0,0
18.200,1,0,60.0,0.0,0
18.200,1,0,60.0,0.0,0
18.200,1,0,60.0,0.0,0
18.200,1,0,60.0,0.0,0
18.200,1,0,60.0,0.0,0
18.200,1,0,60.0,0.0,0
18.200,1,0,60.0,0.0,0
18.200,1,0,60.0,0.0,0
18.200,1,0,60.0,0.0,0
18.200,1,0,60.0,0.0,0
18.300,1,0,60.0,0.0,0
18.300,1,0,60.0,0.0,0
18.300,1,0,60.0,0.0,0
18.300,1,0,60.0,0.0,0
18.300,1,0,60.0,0.0,0
18.300,1,0,60.0,0.0,0
18.300,1,0,60.0,0.0,0
18.300,1,0,60.0,0.0,0
18.300,1,0,60.0,0.0,0
18.300,1,0,60.0,0.0,0
18.300,1,0,60.0,0.0,0
18.400,1,0,60.0,0.0,0
18.400,1,0,60.0,0.0,0
18.400,1,0,60.0,0.0,0
18.400,1,0,60.0,0.0,0
18.400,1,0,60.0,0.0,0
18.400,1,0,60.0,0.0,0
18.400,1,0,60.0,0.0,0
18.400,1,0,60.0,0.0,0
18.400,1,0,60.0,0.0,0
18.400,1,0,60.0,0.0,0
18.400,1,0,60.0,0.0,0
18.500,1,0,60.0,0.0,0
18.500,1,0,60.0,0.0,0
18.500,1,0,60.0,0.0,0
18.500,1,0,60.0,0.0,0
18.500,1,0,60.0,0.0,0
18.500,1,0,60.0,0.0,0
18.500,1,0,60.0,0.0,0
18.500,1,0,60.0,0.0,0
18.500,1,0,60.0,0.0,0
18.500,1,0,60.0,0.0,0
18.600,1,0,60.0,0.0,0
18.600,1,0,60.0,0.0,0
18.600,1,0,60.0,0.0,0
18.600,1,0,60.0,0.0,0
18.600,1,0,60.0,0.0,0
18.600,1,0,60.0,0.0,0
18.600,1,0,60.0,0.0,0
18.600,1,0,60.0,0.0,0
18.600,1,0,60.0,0.0,0
18.600,1,0,60.0,0.0,0
18.600,1,0,60.0,0.0,0
18.700,1,0,60.0,0.0,0
18.700,1,0,60.0,0.0,0
18.700,1,0,60.0,0.0,0
18.700,1,0,60.0,0.0,0
18.700,1,0,60.0,0.0,0
18.700,1,0,60.0,0.0,0
18.700,1,0,60.0,0.0,0
18.700,1,0,60.0,0.0,0
18.700,1,0,60.0,0.0,0
18.700,1,0,60.0,0.0,0
18.700,1,0,60.0,0.0,0
18.800,1,0,60.0,0.0,0
18.800,1,0,60.0,0.0,0
18.800,1,0,60.0,0.0,0
18.800,1,0,60.0,0.0,0
18.800,1,0,60.0,0.0,0
18.800,1,0,60.0,0.0,0
18.800,1,0,60.0,0.0,0
18.800,1,0,60.0,0.0,0
18.800,1,0,60.0,0.0,0
18.800,1,0,60.0,0.0,0
18.800,1,0,60.0,0.0,0
18.900,1,0,60.0,0.0,0
18.900,1,0,60.0,0.0,0
18.900,1,0,60.0,0.0,0
18.900,1,0,60.0,0.0,0
18.900,1,0,60.0,0.0,0
18.900,1,0,60.0,0.0,0
18.900,1,0,60.0,0.0,0
18.900,1,0,60.0,0.0,0
18.900,1,0,60.0,0.0,0
18.900,1,0,60.0,0.0,0
19.000,1,0,60.0,0.0,0
19.000,1,0,60.0,0.0,0
19.000,1,0,60.0,0.0,0
19.000,1,0,60.0,0.0,0
19.000,1,0,60.0,0.0,0
19.000,1,0,60.0,0.0,0
19.000,1,0,60.0,0.0,0
19.000,1,0,60.0,0.0,0
19.000,1,0,60.0,0.0,0
19.000,1,0,60.0,0.0,0
19.000,1,0,60.0,0.0,0
19.100,1,0,60.0,0.0,0
19.100,1,0,60.0,0.0,0
19.100,1,0,60.0,0.0,0
19.100,1,0,60.0,0.0,0
19.100,1,0,60.0,0.0,0
19.100,1,0,60.0,0.0,0
19.100,1,0,60.0,0.0,0
19.100,1,0,60.0,0.0,0
19.100,1,0,60.0,0.0,0
19.100,1,0,60.0,0.0,0
19.100,1,0,60.0,0.0,0
19.200,1,0,60.0,0.0,0
19.200,1,0,60.0,0.0,0
19.200,1,0,60.0,0.0,0
19.200,1,0,60.0,0.0,0
19.200,1,0,60.0,0.0,0
19.200,1,0,60.0,0.0,0
19.200,1,0,60.0,0.0,0
19.200,1,0,60.0,0.0,0
19.200,1,0,60.0,0.0,0
19.200,1,0,60.0,0.0,0
19.300,1,0,60.0,0.0,0
19.300,1,0,60.0,0.0,0
19.300,1,0,60.0,0.0,0
19.300,1,0,60.0,0.0,0
19.300,1,0,60.0,0.0,0
19.300,1,0,60.0,0.0,0
19.300,1,0,60.0,0.0,0
19.300,1,0,60.0,0.0,0
19.300,1,0,60.0,0.0,0
19.300,1,0,60.0,0.0,0
19.300,1,0,60.0,0.0,0
19.400,1,0,60.0,0.0,0
19.400,1,0,60.0,0.0,0
19.400,1,0,60.0,0.0,0
19.400,1,0,60.0,0.0,0
19.400,1,0,60.0,0.0,0
19.400,1,0,60.0,0.0,0
19.400,1,0,60.0,0.0,0
19.400,1,0,60.0,0.0,0
19.400,1,0,60.0,0.0,0
19.400,1,0,60.0,0.0,0
19.400,1,0,60.0,0.0,0
19.500,1,0,60.0,0.0,0
19.500,1,0,60.0,0.0,0
19.500,1,0,60.0,0.0,0
19.500,1,0,60.0,0.0,0
19.500,1,0,60.0,0.0,0
19.500,1,0,60.0,0.0,0
19.500,1,0,60.0,0.0,0
19.500,1,0,60.0,0.0,0
19.500,1,0,60.0,0.0,0
19.500,1,0,60.0,0.0,0
19.600,1,0,60.0,0.0,0
19.600,1,0,60.0,0.0,0
19.600,1,0,60.0,0.0,0
19.600,1,0,60.0,0.0,0
19.600,1,0,60.0,0.0,0
19.600,1,0,60.0,0.0,0
19.600,1,0,60.0,0.0,0
19.600,1,0,60.0,0.0,0
19.600,1,0,60.0,0.0,0
19.600,1,0,60.0,0.0,0
19.600,1,0,60.0,0.0,0
19.700,1,0,60.0,0.0,0
19.700,1,0,60.0,0.0,0
19.700,1,0,60.0,0.0,0
19.700,1,0,60.0,0.0,0
19.700,1,0,60.0,0.0,0
19.700,1,0,60.0,0.0,0
19.700,1,0,60.0,0.0,0
19.700,1,0,60.0,0.0,0
19.700,1,0,60.0,0.0,0
19.700,1,0,60.0,0.0,0
19.700,1,0,60.0,0.0,0
19.800,1,0,60.0,0.0,0
19.800,1,0,60.0,0.0,0
19.800,1,0,60.0,0.0,0
19.800,1,0,60.0,0.0,0
19.800,1,0,60.0,0.0,0
19.800,1,0,60.0,0.0,0
19.800,1,0,60.0,0.0,0
19.800,1,0,60.0,0.0,0
19.800,1,0,60.0,0.0,0
19.800,1,0,60.0,0.0,0
19.800,1,0,60.0,0.0,0
19.900,1,0,60.0,0.0,0
19.900,1,0,60.0,0.0,0
19.900,1,0,60.0,0.0,0
19.900,1,0,60.0,0.0,0
19.900,1,0,60.0,0.0,0
19.900,1,0,60.0,0.0,0
19.900,1,0,60.0,0.0,0
19.900,1,0,60.0,0.0,0
19.900,1,0,60.0,0.0,0
19.900,1,0,60.0,0.0,0
20.000,1,0,60.0,0.0,0
20.000,1,0,60.0,0.0,0
20.000,1,0,60.0,0.0,0
20.000,1,0,60.0,0.0,0
20.000,1,0,60.0,0.0,0
20.000,1,0,60.0,0.0,0
20.000,1,0,60.0,0.0,0
20.000,1,0,60.0,0.0,0
20.000,1,0,60.0,0.0,0
20.000,1,0,60.0,0.0,0
20.000,1,0,60.0,0.0,0
20.100,1,0,60.0,0.0,0
20.100,1,0,60.0,0.0,0
20.100,1,0,60.0,0.0,0
20.100,1,0,60.0,0.0,0
20.100,1,0,60.0,0.0,0
20.100,1,0,60.0,0.0,0
20.100,1,0,60.0,0.0,0
20.100,1,0,60.0,0.0,0
20.100,1,0,60.0,0.0,0
20.100,1,0,60.0,0.0,0
20.100,1,0,60.0,0.0,0
20.200,1,0,60.0,0.0,0
20.200,1,0,60.0,0.0,0
20.200,1,0,60.0,0.0,0
20.200,1,0,60.0,0.0,0
20.200,1,0,60.0,0.0,0
20.200,1,0,60.0,0.0,0
20.200,1,0,60.0,0.0,0
20.200,1,0,60.0,0.0,0
20.200,1,0,60.0,0.0,0
20.200,1,0,60.0,0.0,0
20.300,1,0,60.0,0.0,0
20.300,1,0,60.0,0.0,0
20.300,1,0,60.0,0.0,0
20.300,1,0,60.0,0.0,0
20.300,1,0,60.0,0.0,0
20.300,1,0,60.0,0.0,0
20.300,1,0,60.0,0.0,0
20.300,1,0,60.0,0.0,0
20.300,1,0,60.0,0.0,0
20.300,1,0,60.0,0.0,0
20.300,1,0,60.0,0.0,0
20.400,1,0,60.0,0.0,0
20.400,1,0,60.0,0.0,0
20.400,1,0,60.0,0.0,0
20.400,1,0,60.0,0.0,0
20.400,1,0,60.0,0.0,0
20.400,1,0,60.0,0.0,0
20.400,1,0,60.0,0.0,0
20.400,1,0,60.0,0.0,0
20.400,1,0,60.0,0.0,0
20.400,1,0,60.0,0.0,0
20.400,1,0,60.0,0.0,0
20.500,1,0,60.0,0.0,0
20.500,1,0,60.0,0.0,0
20.500,1,0,60.0,0.0,0
20.500,1,0,60.0,0.0,0
20.500,1,0,60.0,0.0,0
20.500,1,0,60.0,0.0,0
20.500,1,0,60.0,0.0,0
20.500,1,0,60.0,0.0,0
20.500,1,0,60.0,0.0,0
20.500,1,0,60.0,0.0,0
20.600,1,0,60.0,0.0,0
20.600,1,0,60.0,0.0,0
20.600,1,0,60.0,0.0,0
20.600,1,0,60.0,0.0,0
20.600,1,0,60.0,0.0,0
20.600,1,0,60.0,0.0,0
20.600,1,0,60.0,0.0,0
20.600,1,0,60.0,0.0,0
20.600,1,0,60.0,0.0,0
20.600,1,0,60.0,0.0,0
20.600,1,0,60.0,0.0,0
20.700,1,0,60.0,0.0,0
20.700,1,0,60.0,0.0,0
20.700,1,0,60.0,0.0,0
20.700,1,0,60.0,0.0,0
20.700,1,0,60.0,0.0,0
20.700,1,0,60.0,0.0,0
20.700,1,0,60.0,0.0,0
20.700,1,0,60.0,0.0,0
20.700,1,0,60.0,0.0,0
20.700,1,0,60.0,0.0,0
20.700,1,0,60.0,0.0,0
20.800,1,0,60.0,0.0,0
20.800,1,0,60.0,0.0,0
20.800,1,0,60.0,0.0,0
20.800,1,0,60.0,0.0,0
20.800,1,0,60.0,0.0,0
20.800,1,0,60.0,0.0,0
20.800,1,0,60.0,0.0,0
20.800,1,0,60.0,0.0,0
20.800,1,0,60.0,0.0,0
20.800,1,0,60.0,0.0,0
20.900,1,0,60.0,0.0,0
20.900,1,0,60.0,0.0,0
20.900,1,0,60.0,0.0,0
20.900,1,0,60.0,0.0,0
20.900,1,0,60.0,0.0,0
20.900,1,0,60.0,0.0,0
20.900,1,0,60.0,0.0,0
20.900,1,0,60.0,0.0,0
20.900,1,0,60.0,0.0,0
20.900,1,0,60.0,0.0,0
20.900,1,0,60.0,0.0,0
21.000,1,0,60.0,0.0,0
21.000,1,0,60.0,0.0,0
21.000,1,0,60.0,0.0,0
21.000,1,0,60.0,0.0,0
21.000,1,0,60.0,0.0,0
21.000,1,0,60.0,0.0,0
21.000,1,0,60.0,0.0,0
21.000,1,0,60.0,0.0,0
21.000,1,0,60.0,0.0,0
21.000,1,0,60.0,0.0,0
21.000,1,0,60.0,0.0,0
21.100,1,0,60.0,0.0,0
21.100,1,0,60.0,0.0,0
21.100,1,0,60.0,0.0,0
21.100,1,0,60.0,0.0,0
21.100,1,0,60.0,0.0,0
21.100,1,0,60.0,0.0,0
21.100,1,0,60.0,0.0,0
21.100,1,0,60.0,0.0,0
21.100,1,0,60.0,0.0,0
21.100,1,0,60.0,0.0,0
21.100,1,0,60.0,0.0,0
21.200,1,0,60.0,0.0,0
21.200,1,0,60.0,0.0,0
21.200,1,0,60.0,0.0,0
21.200,1,0,60.0,0.0,0
21.200,1,0,60.0,0.0,0
21.200,1,0,60.0,0.0,0
21.200,1,0,60.0,0.0,0
21.200,1,0,60.0,0.0,0
21.200,1,0,60.0,0.0,0
21.200,1,0,60.0,0.0,0
21.300,1,0,60.0,0.0,0
21.300,1,0,60.0,0.0,0
21.300,1,0,60.0,0.0,0
21.300,1,0,60.0,0.0,0
21.300,1,0,60.0,0.0,0
21.300,1,0,60.0,0.0,0
21.300,1,0,60.0,0.0,0
21.300,1,0,60.0,0.0,0
21.300,1,0,60.0,0.0,0
21.300,1,0,60.0,0.0,0
21.300,1,0,60.0,0.0,0
21.400,1,0,60.0,0.0,0
21.400,1,0,60.0,0.0,0
21.400,1,0,60.0,0.0,0
21.400,1,0,60.0,0.0,0
21.400,1,0,60.0,0.0,0
21.400,1,0,60.0,0.0,0
21.400,1,0,60.0,0.0,0
21.400,1,0,60.0,0.0,0
21.400,1,0,60.0,0.0,0
21.400,1,0,60.0,0.0,0
21.400,1,0,60.0,0.0,0
21.500,1,0,60.0,0.0,0
21.500,1,0,60.0,0.0,0
21.500,1,0,60.0,0.0,0
21.500,1,0,60.0,0.0,0
21.500,1,0,60.0,0.0,0
21.500,1,0,60.0,0.0,0
21.500,1,0,60.0,0.0,0
21.500,1,0,60.0,0.0,0
21.500,1,0,60.0,0.0,0
21.500,1,0,60.0,0.0,0
21.600,1,0,60.0,0.0,0
21.600,1,0,60.0,0.0,0
21.600,1,0,60.0,0.0,0
21.600,1,0,60.0,0.0,0
21.600,1,0,60.0,0.0,0
21.600,1,0,60.0,0.0,0
21.600,1,0,60.0,0.0,0
21.600,1,0,60.0,0.0,0
21.600,1,0,60.0,0.0,0
21.600,1,0,60.0,0.0,0
21.600,1,0,60.0,0.0,0
21.700,1,0,60.0,0.0,0
21.700,1,0,60.0,0.0,0
21.700,1,0,60.0,0.0,0
21.700,1,0,60.0,0.0,0
21.700,1,0,60.0,0.0,0
21.700,1,0,60.0,0.0,0
21.700,1,0,60.0,0.0,0
21.700,1,0,60.0,0.0,0
21.700,1,0,60.0,0.0,0
21.700,1,0,60.0,0.0,0
21.700,1,0,60.0,0.0,0
21.800,1,0,60.0,0.0,0
21.800,1,0,60.0,0.0,0
21.800,1,0,60.0,0.0,0
21.800,1,0,60.0,0.0,0
21.800,1,0,60.0,0.0,0
21.800,1,0,60.0,0.0,0
21.800,1,0,60.0,0.0,0
21.800,1,0,60.0,0.0,0
21.800,1,0,60.0,0.0,0
21.800,1,0,60.0,0.0,0
21.800,1,0,60.0,0.0,0
21.900,1,0,60.0,0.0,0
21.900,1,0,60.0,0.0,0
21.900,1,0,60.0,0.0,0
21.900,1,0,60.0,0.0,0
21.900,1,0,60.0,0.0,0
21.900,1,0,60.0,0.0,0
21.900,1,0,60.0,0.0,0
21.900,1,0,60.0,0.0,0
21.900,1,0,60.0,0.0,0
21.900,1,0,60.0,0.0,0
22.000,1,0,60.0,0.0,0
22.000,1,0,60.0,0.0,0
22.000,1,0,60.0,0.0,0
22.000,1,0,60.0,0.0,0
22.000,1,0,60.0,0.0,0
22.000,1,0,60.0,0.0,0
22.000,1,0,60.0,0.0,0
22.000,1,0,60.0,0.0,0
22.000,1,0,60.0,0.0,0
22.000,1,0,60.0,0.0,0
22.000,1,0,60.0,0.0,0
22.100,1,0,60.0,0.0,0
22.100,1,0,60.0,0.0,0
22.100,1,0,60.0,0.0,0
22.100,1,0,60.0,0.0,0
22.100,1,0,60.0,0.0,0
22.100,1,0,60.0,0.0,0
22.100,1,0,60.0,0.0,0
22.100,1,0,60.0,0.0,0
22.100,1,0,60.0,0.0,0
22.100,1,0,60.0,0.0,0
22.200,1,0,60.0,0.0,0
22.200,1,0,60.0,0.0,0
22.200,1,0,60.0,0.0,0
22.200,1,0,60.0,0.0,0
22.200,1,0,60.0,0.0,0
22.200,1,0,60.0,0.0,0
22.200,1,0,60.0,0.0,0
22.200,1,0,60.0,0.0,0
22.200,1,0,60.0,0.0,0
22.200,1,0,60.0,0.0,0
22.200,1,0,60.0,0.0,0
22.300,1,0,60.0,0.0,0
22.300,1,0,60.0,0.0,0
22.300,1,0,60.0,0.0,0
22.300,1,0,60.0,0.0,0
22.300,1,0,60.0,0.0,0
22.300,1,0,60.0,0.0,0
22.300,1,0,60.0,0.0,0
22.300,1,0,60.0,0.0,0
22.300,1,0,60.0,0.0,0
22.300,1,0,60.0,0.0,0
22.300,1,0,60.0,0.0,0
22.400,1,0,60.0,0.0,0
22.400,1,0,60.0,0.0,0
22.400,1,0,60.0,0.0,0
22.400,1,0,60.0,0.0,0
22.400,1,0,60.0,0.0,0
22.400,1,0,60.0,0.0,0
22.400,1,0,60.0,0.0,0
22.400,1,0,60.0,0.0,0
22.400,1,0,60.0,0.0,0
22.400,1,0,60.0,0.0,0
22.400,1,0,60.0,0.0,0
22.500,1,0,60.0,0.0,0
22.500,1,0,60.0,0.0,0
22.500,1,0,60.0,0.0,0
22.500,1,0,60.0,0.0,0
22.500,1,0,60.0,0.0,0
22.500,1,0,60.0,0.0,0
22.500,1,0,60.0,0.0,0
22.500,1,0,60.0,0.0,0
22.500,1,0,60.0,0.0,0
22.500,1,0,60.0,0.0,0
22.600,1,0,60.0,0.0,0
22.600,1,0,60.0,0.0,0
22.600,1,0,60.0,0.0,0
22.600,1,0,60.0,0.0,0
22.600,1,0,60.0,0.0,0
22.600,1,0,60.0,0.0,0
22.600,1,0,60.0,0.0,0
22.600,1,0,60.0,0.0,0
22.600,1,0,60.0,0.0,0
22.600,1,0,60.0,0.0,0
22.600,1,0,60.0,0.0,0
22.700,1,0,60.0,0.0,0
22.700,1,0,60.0,0.0,0
22.700,1,0,60.0,0.0,0
22.700,1,0,60.0,0.0,0
22.700,1,0,60.0,0.0,0
22.700,1,0,60.0,0.0,0
22.700,1,0,60.0,0.0,0
22.700,1,0,60.0,0.0,0
22.700,1,0,60.0,0.0,0
22.700,1,0,60.0,0.0,0
22.700,1,0,60.0,0.0,0
22.800,1,0,60.0,0.0,0
22.800,1,0,60.0,0.0,0
22.800,1,0,60.0,0.0,0
22.800,1,0,60.0,0.0,0
22.800,1,0,60.0,0.0,0
22.800,1,0,60.0,0.0,0
22.800,1,0,60.0,0.0,0
22.800,1,0,60.0,0.0,0
22.800,1,0,60.0,0.0,0
22.800,1,0,60.0,0.0,0
22.900,1,0,60.0,0.0,0
22.900,1,0,60.0,0.0,0
22.900,1,0,60.0,0.0,0
22.900,1,0,60.0,0.0,0
22.900,1,0,60.0,0.0,0
22.900,1,0,60.0,0.0,0
22.900,1,0,60.0,0.0,0
22.900,1,0,60.0,0.0,0
22.900,1,0,60.0,0.0,0
22.900,1,0,60.0,0.0,0
22.900,1,0,60.0,0.0,0
23.000,1,0,60.0,0.0,0
23.000,1,0,60.0,0.0,0
23.000,1,0,60.0,0.0,0
23.000,1,0,60.0,0.0,0
23.000,1,0,60.0,0.0,0
23.000,1,0,60.0,0.0,0
23.000,1,0,60.0,0.0,0
23.000,1,0,60.0,0.0,0
23.000,1,0,60.0,0.0,0
23.000,1,0,60.0,0.0,0
23.000,1,0,60.0,0.0,0
23.100,1,0,60.0,0.0,0
23.100,1,0,60.0,0.0,0
23.100,1,0,60.0,0.0,0
23.100,1,0,60.0,0.0,0
23.100,1,0,60.0,0.0,0
23.100,1,0,60.0,0.0,0
23.100,1,0,60.0,0.0,0
23.100,1,0,60.0,0.0,0
23.100,1,0,60.0,0.0,0
23.100,1,0,60.0,0.0,0
23.200,1,0,60.0,0.0,0
23.200,1,0,60.0,0.0,0
23.200,1,0,60.0,0.0,0
23.200,1,0,60.0,0.0,0
23.200,1,0,60.0,0.0,0
23.200,1,0,60.0,0.0,0
23.200,1,0,60.0,0.0,0
23.200,1,0,60.0,0.0,0
23.200,1,0,60.0,0.0,0
23.200,1,0,60.0,0.0,0
23.200,1,0,60.0,0.0,0
23.300,1,0,60.0,0.0,0
23.300,1,0,60.0,0.0,0
23.300,1,0,60.0,0.0,0
23.300,1,0,60.0,0.0,0
23.300,1,0,60.0,0.0,0
23.300,1,0,60.0,0.0,0
23.300,1,0,60.0,0.0,0
23.300,1,0,60.0,0.0,0
23.300,1,0,60.0,0.0,0
23.300,1,0,60.0,0.0,0
23.300,1,0,60.0,0.0,0
23.400,1,0,60.0,0.0,0
23.400,1,0,60.0,0.0,0
23.400,1,0,60.0,0.0,0
23.400,1,0,60.0,0.0,0
23.400,1,0,60.0,0.0,0
23.400,1,0,60.0,0.0,0
23.400,1,0,60.0,0.0,0
23.400,1,0,60.0,0.0,0
23.400,1,0,60.0,0.0,0
23.400,1,0,60.0,0.0,0
23.400,1,0,60.0,0.0,0
23.500,1,0,60.0,0.0,0
23.500,1,0,60.0,0.0,0
23.500,1,0,60.0,0.0,0
23.500,1,0,60.0,0.0,0
23.500,1,0,60.0,0.0,0
23.500,1,0,60.0,0.0,0
23.500,1,0,60.0,0.0,0
23.500,1,0,60.0,0.0,0
23.500,1,0,60.0,0.0,0
23.500,1,0,60.0,0.0,0
23.600,1,0,60.0,0.0,0
23.600,1,0,60.0,0.0,0
23.600,1,0,60.0,0.0,0
23.600,1,0,60.0,0.0,0
23.600,1,0,60.0,0.0,0
23.600,1,0,60.0,0.0,0
23.600,1,0,60.0,0.0,0
23.600,1,0,60.0,0.0,0
23.600,1,0,60.0,0.0,0
23.600,1,0,60.0,0.0,0
23.600,1,0,60.0,0.0,0
23.700,1,0,60.0,0.0,0
23.700,1,0,60.0,0.0,0
23.700,1,0,60.0,0.0,0
23.700,1,0,60.0,0.0,0
23.700,1,0,60.0,0.0,0
23.700,1,0,60.0,0.0,0
23.700,1,0,60.0,0.0,0
23.700,1,0,60.0,0.0,0
23.700,1,0,60.0,0.0,0
23.700,1,0,60.0,0.0,0
23.700,1,0,60.0,0.0,0
23.800,1,0,60.0,0.0,0
23.800,1,0,60.0,0.0,0
23.800,1,0,60.0,0.0,0
23.800,1,0,60.0,0.0,0
23.800,1,0,60.0,0.0,0
23.800,1,0,60.0,0.0,0
23.800,1,0,60.0,0.0,0
23.800,1,0,60.0,0.0,0
23.800,1,0,60.0,0.0,0
23.800,1,0,60.0,0.0,0
23.900,1,0,60.0,0.0,0
23.900,1,0,60.0,0.0,0
23.900,1,0,60.0,0.0,0
23.900,1,0,60.0,0.0,0
23.900,1,0,60.0,0.0,0
23.900,1,0,60.0,0.0,0
23.900,1,0,60.0,0.0,0
23.900,1,0,60.0,0.0,0
23.900,1,0,60.0,0.0,0
23.900,1,0,60.0,0.0,0
23.900,1,0,60.0,0.0,0
24.000,1,0,60.0,0.0,0
24.000,1,0,60.0,0.0,0
24.000,1,0,60.0,0.0,0
24.000,1,0,60.0,0.0,0
24.000,1,0,60.0,0.0,0
24.000,1,0,60.0,0.0,0
24.000,1,0,60.0,0.0,0
24.000,1,0,60.0,0.0,0
24.000,1,0,60.0,0.0,0
24.000,1,0,60.0,0.0,0
24.000,1,0,60.0,0.0,0
24.100,1,0,60.0,0.0,0
24.100,1,0,60.0,0.0,0
24.100,1,0,60.0,0.0,0
24.100,1,0,60.0,0.0,0
24.100,1,0,60.0,0.0,0
24.100,1,0,60.0,0.0,0
24.100,1,0,60.0,0.0,0
24.100,1,0,60.0,0.0,0
24.100,1,0,60.0,0.0,0
24.100,1,0,60.0,0.0,0
24.200,1,0,60.0,0.0,0
24.200,1,0,60.0,0.0,0
24.200,1,0,60.0,0.0,0
24.200,1,0,60.0,0.0,0
24.200,1,0,60.0,0.0,0
24.200,1,0,60.0,0.0,0
24.200,1,0,60.0,0.0,0
24.200,1,0,60.0,0.0,0
24.200,1,0,60.0,0.0,0
24.200,1,0,60.0,0.0,0
24.200,1,0,60.0,0.0,0
24.300,1,0,60.0,0.0,0
24.300,1,0,60.0,0.0,0
24.300,1,0,60.0,0.0,0
24.300,1,0,60.0,0.0,0
24.300,1,0,60.0,0.0,0
24.300,1,0,60.0,0.0,0
24.300,1,0,60.0,0.0,0
24.300,1,0,60.0,0.0,0
24.300,1,0,60.0,0.0,0
24.300,1,0,60.0,0.0,0
24.300,1,0,60.0,0.0,0
24.400,1,0,60.0,0.0,0
24.400,1,0,60.0,0.0,0
24.400,1,0,60.0,0.0,0
24.400,1,0,60.0,0.0,0
24.400,1,0,60.0,0.0,0
24.400,1,0,60.0,0.0,0
24.400,1,0,60.0,0.0,0
24.400,1,0,60.0,0.0,0
24.400,1,0,60.0,0.0,0
24.400,1,0,60.0,0.0,0
24.500,1,0,60.0,0.0,0
24.500,1,0,60.0,0.0,0
24.500,1,0,60.0,0.0,0
24.500,1,0,60.0,0.0,0
24.500,1,0,60.0,0.0,0
24.500,1,0,60.0,0.0,0
24.500,1,0,60.0,0.0,0
24.500,1,0,60.0,0.0,0
24.500,1,0,60.0,0.0,0
24.500,1,0,60.0,0.0,0
24.500,1,0,60.0,0.0,0
24.600,1,0,60.0,0.0,0
24.600,1,0,60.0,0.0,0
24.600,1,0,60.0,0.0,0
24.600,1,0,60.0,0.0,0
24.600,1,0,60.0,0.0,0
24.600,1,0,60.0,0.0,0
24.600,1,0,60.0,0.0,0
24.600,1,0,60.0,0.0,0
24.600,1,0,60.0,0.0,0
24.600,1,0,60.0,0.0,0
24.600,1,0,60.0,0.0,0
24.700,1,0,60.0,0.0,0
24.700,1,0,60.0,0.0,0
24.700,1,0,60.0,0.0,0
24.700,1,0,60.0,0.0,0
24.700,1,0,60.0,0.0,0
24.700,1,0,60.0,0.0,0
24.700,1,0,60.0,0.0,0
24.700,1,0,60.0,0.0,0
24.700,1,0,60.0,0.0,0
24.700,1,0,60.0,0.0,0
24.800,1,0,60.0,0.0,0
24.800,1,0,60.0,0.0,0
24.800,1,0,60.0,0.0,0
24.800,1,0,60.0,0.0,0
24.800,1,0,60.0,0.0,0
24.800,1,0,60.0,0.0,0
24.800,1,0,60.0,0.0,0
24.800,1,0,60.0,0.0,0
24.800,1,0,60.0,0.0,0
24.800,1,0,60.0,0.0,0
24.800,1,0,60.0,0.0,0
24.900,1,0,60.0,0.0,0
24.900,1,0,60.0,0.0,0
24.900,1,0,60.0,0.0,0
24.900,1,0,60.0,0.0,0
24.900,1,0,60.0,0.0,0
24.900,1,0,60.0,0.0,0
24.900,1,0,60.0,0.0,0
24.900,1,0,60.0,0.0,0
24.900,1,0,60.0,0.0,0
24.900,1,0,60.0,0.0,0
24.900,1,0,60.0,0.0,0
25.000,1,0,60.0,0.0,0
25.000,1,0,60.0,0.0,0
25.000,1,0,60.0,0.0,0
25.000,1,0,60.0,0.0,0
25.000,1,0,60.0,0.0,0
25.000,1,0,60.0,0.0,0
25.000,1,0,60.0,0.0,0
25.000,1,0,60.0,0.0,0
25.000,1,0,60.0,0.0,0
25.000,1,0,60.0,0.0,0
25.000,1,0,60.0,0.0,0
25.100,1,0,60.0,0.0,0
25.100,1,0,60.0,0.0,0
25.100,1,0,60.0,0.0,0
25.100,1,0,60.0,0.0,0
25.100,1,0,60.0,0.0,0
25.100,1,0,60.0,0.0,0
25.100,1,0,60.0,0.0,0
25.100,1,0,60.0,0.0,0
25.100,1,0,60.0,0.0,0
25.100,1,0,60.0,0.0,0
25.200,1,0,60.0,0.0,0
25.200,1,0,60.0,0.0,0
25.200,1,0,60.0,0.0,0
25.200,1,0,60.0,0.0,0
25.200,1,0,60.0,0.0,0
25.200,1,0,60.0,0.0,0
25.200,1,0,60.0,0.0,0
25.200,1,0,60.0,0.0,0
25.200,1,0,60.0,0.0,0
25.200,1,0,60.0,0.0,0
25.200,1,0,60.0,0.0,0
25.300,1,0,60.0,0.0,0
25.300,1,0,60.0,0.0,0
25.300,1,0,60.0,0.0,0
25.300,1,0,60.0,0.0,0
25.300,1,0,60.0,0.0,0
25.300,1,0,60.0,0.0,0
25.300,1,0,60.0,0.0,0
25.300,1,0,60.0,0.0,0
25.300,1,0,60.0,0.0,0
25.300,1,0,60.0,0.0,0
25.300,1,0,60.0,0.0,0
25.400,1,0,60.0,0.0,0
25.400,1,0,60.0,0.0,0
25.400,1,0,60.0,0.0,0
25.400,1,0,60.0,0.0,0
25.400,1,0,60.0,0.0,0
25.400,1,0,60.0,0.0,0
25.400,1,0,60.0,0.0,0
25.400,1,0,60.0,0.0,0
25.400,1,0,60.0,0.0,0
25.400,1,0,60.0,0.0,0
25.500,1,0,60.0,0.0,0
25.500,1,0,60.0,0.0,0
25.500,1,0,60.0,0.0,0
25.500,1,0,60.0,0.0,0
25.500,1,0,60.0,0.0,0
25.500,1,0,60.0,0.0,0
25.500,1,0,60.0,0.0,0
25.500,1,0,60.0,0.0,0
25.500,1,0,60.0,0.0,0
25.500,1,0,60.0,0.0,0
25.500,1,0,60.0,0.0,0
25.600,1,0,60.0,0.0,0
25.600,1,0,60.0,0.0,0
25.600,1,0,60.0,0.0,0
25.600,1,0,60.0,0.0,0
25.600,1,0,60.0,0.0,0
25.600,1,0,60.0,0.0,0
25.600,1,0,60.0,0.0,0
25.600,1,0,60.0,0.0,0
25.600,1,0,60.0,0.0,0
25.600,1,0,60.0,0.0,0
25.600,1,0,60.0,0.0,0
25.700,1,0,60.0,0.0,0
25.700,1,0,60.0,0.0,0
25.700,1,0,60.0,0.0,0
25.700,1,0,60.0,0.0,0
25.700,1,0,60.0,0.0,0
25.700,1,0,60.0,0.0,0
25.700,1,0,60.0,0.0,0
25.700,1,0,60.0,0.0,0
25.700,1,0,60.0,0.0,0
25.700,1,0,60.0,0.0,0
25.700,1,0,60.0,0.0,0
25.800,1,0,60.0,0.0,0
25.800,1,0,60.0,0.0,0
25.800,1,0,60.0,0.0,0
25.800,1,0,60.0,0.0,0
25.800,1,0,60.0,0.0,0
25.800,1,0,60.0,0.0,0
25.800,1,0,60.0,0.0,0
25.800,1,0,60.0,0.0,0
25.800,1,0,60.0,0.0,0
25.800,1,0,60.0,0.0,0
25.900,1,0,60.0,0.0,0
25.900,1,0,60.0,0.0,0
25.900,1,0,60.0,0.0,0
25.900,1,0,60.0,0.0,0
25.900,1,0,60.0,0.0,0
25.900,1,0,60.0,0.0,0
25.900,1,0,60.0,0.0,0
25.900,1,0,60.0,0.0,0
25.900,1,0,60.0,0.0,0
25.900,1,0,60.0,0.0,0
25.900,1,0,60.0,0.0,0
26.000,1,0,60.0,0.0,0
26.000,1,0,60.0,0.0,0
26.000,1,0,60.0,0.0,0
26.000,1,0,60.0,0.0,0
26.000,1,0,60.0,0.0,0
26.000,1,0,60.0,0.0,0
26.000,1,0,60.0,0.0,0
26.000,1,0,60.0,0.0,0
26.000,1,0,60.0,0.0,0
26.000,1,0,60.0,0.0,0
26.000,1,0,60.0,0.0,0
26.100,1,0,60.0,0.0,0
26.100,1,0,60.0,0.0,0
26.100,1,0,60.0,0.0,0
26.100,1,0,60.0,0.0,0
26.100,1,0,60.0,0.0,0
26.100,1,0,60.0,0.0,0
26.100,1,0,60.0,0.0,0
26.100,1,0,60.0,0.0,0
26.100,1,0,60.0,0.0,0
26.100,1,0,60.0,0.0,0
26.200,1,0,60.0,0.0,0
26.200,1,0,60.0,0.0,0
26.200,1,0,60.0,0.0,0
26.200,1,0,60.0,0.0,0
26.200,1,0,60.0,0.0,0
26.200,1,0,60.0,0.0,0
26.200,1,0,60.0,0.0,0
26.200,1,0,60.0,0.0,0
26.200,1,0,60.0,0.0,0
26.200,1,0,60.0,0.0,0
26.200,1,0,60.0,0.0,0
26.300,1,0,60.0,0.0,0
26.300,1,0,60.0,0.0,0
26.300,1,0,60.0,0.0,0
26.300,1,0,60.0,0.0,0
26.300,1,0,60.0,0.0,0
26.300,1,0,60.0,0.0,0
26.300,1,0,60.0,0.0,0
26.300,1,0,60.0,0.0,0
26.300,1,0,60.0,0.0,0
26.300,1,0,60.0,0.0,0
26.300,1,0,60.0,0.0,0
26.400,1,0,60.0,0.0,0
26.400,1,0,60.0,0.0,0
26.400,1,0,60.0,0.0,0
26.400,1,0,60.0,0.0,0
26.400,1,0,60.0,0.0,0
26.400,1,0,60.0,0.0,0
26.400,1,0,60.0,0.0,0
26.400,1,0,60.0,0.0,0
26.400,1,0,60.0,0.0,0
26.400,1,0,60.0,0.0,0
26.500,1,0,60.0,0.0,0
26.500,1,0,60.0,0.0,0
26.500,1,0,60.0,0.0,0
26.500,1,0,60.0,0.0,0
26.500,1,0,60.0,0.0,0
26.500,1,0,60.0,0.0,0
26.500,1,0,60.0,0.0,0
26.500,1,0,60.0,0.0,0
26.500,1,0,60.0,0.0,0
26.500,1,0,60.0,0.0,0
26.500,1,0,60.0,0.0,0
26.600,1,0,60.0,0.0,0
26.600,1,0,60.0,0.0,0
26.600,1,0,60.0,0.0,0
26.600,1,0,60.0,0.0,0
26.600,1,0,60.0,0.0,0
26.600,1,0,60.0,0.0,0
26.600,1,0,60.0,0.0,0
26.600,1,0,60.0,0.0,0
26.600,1,0,60.0,0.0,0
26.600,1,0,60.0,0.0,0
26.600,1,0,60.0,0.0,0
26.700,1,0,60.0,0.0,0
26.700,1,0,60.0,0.0,0
26.700,1,0,60.0,0.0,0
26.700,1,0,60.0,0.0,0
26.700,1,0,60.0,0.0,0
26.700,1,0,60.0,0.0,0
26.700,1,0,60.0,0.0,0
26.700,1,0,60.0,0.0,0
26.700,1,0,60.0,0.0,0
26.700,1,0,60.0,0.0,0
26.800,1,0,60.0,0.0,0
26.800,1,0,60.0,0.0,0
26.800,1,0,60.0,0.0,0
26.800,1,0,60.0,0.0,0
26.800,1,0,60.0,0.0,0
26.800,1,0,60.0,0.0,0
26.800,1,0,60.0,0.0,0
26.800,1,0,60.0,0.0,0
26.800,1,0,60.0,0.0,0
26.800,1,0,60.0,0.0,0
26.800,1,0,60.0,0.0,0
26.900,1,0,60.0,0.0,0
26.900,1,0,60.0,0.0,0
26.900,1,0,60.0,0.0,0
26.900,1,0,60.0,0.0,0
26.900,1,0,60.0,0.0,0
26.900,1,0,60.0,0.0,0
26.900,1,0,60.0,0.0,0
26.900,1,0,60.0,0.0,0
26.900,1,0,60.0,0.0,0
26.900,1,0,60.0,0.0,0
26.900,1,0,60.0,0.0,0
27.000,1,0,60.0,0.0,0
27.000,1,0,60.0,0.0,0
27.000,1,0,60.0,0.0,0
27.000,1,0,60.0,0.0,0
27.000,1,0,60.0,0.0,0
27.000,1,0,60.0,0.0,0
27.000,1,0,60.0,0.0,0
27.000,1,0,60.0,0.0,0
27.000,1,0,60.0,0.0,0
27.000,1,0,60.0,0.0,0
27.000,1,0,60.0,0.0,0
27.100,1,0,60.0,0.0,0
27.100,1,0,60.0,0.0,0
27.100,1,0,60.0,0.0,0
27.100,1,0,60.0,0.0,0
27.100,1,0,60.0,0.0,0
27.100,1,0,60.0,0.0,0
27.100,1,0,60.0,0.0,0
27.100,1,0,60.0,0.0,0
27.100,1,0,60.0,0.0,0
27.100,1,0,60.0,0.0,0
27.200,1,0,60.0,0.0,0
27.200,1,0,60.0,0.0,0
27.200,1,0,60.0,0.0,0
27.200,1,0,60.0,0.0,0
27.200,1,0,60.0,0.0,0
27.200,1,0,60.0,0.0,0
27.200,1,0,60.0,0.0,0
27.200,1,0,60.0,0.0,0
27.200,1,0,60.0,0.0,0
27.200,1,0,60.0,0.0,0
27.200,1,0,60.0,0.0,0
27.300,1,0,60.0,0.0,0
27.300,1,0,60.0,0.0,0
27.300,1,0,60.0,0.0,0
27.300,1,0,60.0,0.0,0
27.300,1,0,60.0,0.0,0
27.300,1,0,60.0,0.0,0
27.300,1,0,60.0,0.0,0
27.300,1,0,60.0,0.0,0
27.300,1,0,60.0,0.0,0
27.300,1,0,60.0,0.0,0
27.300,1,0,60.0,0.0,0
27.400,1,0,60.0,0.0,0
27.400,1,0,60.0,0.0,0
27.400,1,0,60.0,0.0,0
27.400,1,0,60.0,0.0,0
27.400,1,0,60.0,0.0,0
27.400,1,0,60.0,0.0,0
27.400,1,0,60.0,0.0,0
27.400,1,0,60.0,0.0,0
27.400,1,0,60.0,0.0,0
27.400,1,0,60.0,0.0,0
27.500,1,0,60.0,0.0,0
27.500,1,0,60.0,0.0,0
27.500,1,0,60.0,0.0,0
27.500,1,0,60.0,0.0,0
27.500,1,0,60.0,0.0,0
27.500,1,0,60.0,0.0,0
27.500,1,0,60.0,0.0,0
27.500,1,0,60.0,0.0,0
27.500,1,0,60.0,0.0,0
27.500,1,0,60.0,0.0,0
27.500,1,0,60.0,0.0,0
27.600,1,0,60.0,0.0,0
27.600,1,0,60.0,0.0,0
27.600,1,0,60.0,0.0,0
27.600,1,0,60.0,0.0,0
27.600,1,0,60.0,0.0,0
27.600,1,0,60.0,0.0,0
27.600,1,0,60.0,0.0,0
27.600,1,0,60.0,0.0,0
27.600,1,0,60.0,0.0,0
27.600,1,0,60.0,0.0,0
27.600,1,0,60.0,0.0,0
27.700,1,0,60.0,0.0,0
27.700,1,0,60.0,0.0,0
27.700,1,0,60.0,0.0,0
27.700,1,0,60.0,0.0,0
27.700,1,0,60.0,0.0,0
27.700,1,0,60.0,0.0,0
27.700,1,0,60.0,0.0,0
27.700,1,0,60.0,0.0,0
27.700,1,0,60.0,0.0,0
27.700,1,0,60.0,0.0,0
27.800,1,0,60.0,0.0,0
27.800,1,0,60.0,0.0,0
27.800,1,0,60.0,0.0,0
27.800,1,0,60.0,0.0,0
27.800,1,0,60.0,0.0,0
27.800,1,0,60.0,0.0,0
27.800,1,0,60.0,0.0,0
27.800,1,0,60.0,0.0,0
27.800,1,0,60.0,0.0,0
27.800,1,0,60.0,0.0,0
27.800,1,0,60.0,0.0,0
27.900,1,0,60.0,0.0,0
27.900,1,0,60.0,0.0,0
27.900,1,0,60.0,0.0,0
27.900,1,0,60.0,0.0,0
27.900,1,0,60.0,0.0,0
27.900,1,0,60.0,0.0,0
27.900,1,0,60.0,0.0,0
27.900,1,0,60.0,0.0,0
27.900,1,0,60.0,0.0,0
27.900,1,0,60.0,0.0,0
27.900,1,0,60.0,0.0,0
28.000,1,0,60.0,0.0,0
28.000,1,0,60.0,0.0,0
28.000,1,0,60.0,0.0,0
28.000,1,0,60.0,0.0,0
28.000,1,0,60.0,0.0,0
28.000,1,0,60.0,0.0,0
28.000,1,0,60.0,0.0,0
28.000,1,0,60.0,0.0,0
28.000,1,0,60.0,0.0,0
28.000,1,0,60.0,0.0,0
28.000,1,0,60.0,0.0,0
28.100,1,0,60.0,0.0,0
28.100,1,0,60.0,0.0,0
28.100,1,0,60.0,0.0,0
28.100,1,0,60.0,0.0,0
28.100,1,0,60.0,0.0,0
28.100,1,0,60.0,0.0,0
28.100,1,0,60.0,0.0,0
28.100,1,0,60.0,0.0,0
28.100,1,0,60.0,0.0,0
28.100,1,0,60.0,0.0,0
28.200,1,0,60.0,0.0,0
28.200,1,0,60.0,0.0,0
28.200,1,0,60.0,0.0,0
28.200,1,0,60.0,0.0,0
28.200,1,0,60.0,0.0,0
28.200,1,0,60.0,0.0,0
28.200,1,0,60.0,0.0,0
28.200,1,0,60.0,0.0,0
28.200,1,0,60.0,0.0,0
28.200,1,0,60.0,0.0,0
28.200,1,0,60.0,0.0,0
28.300,1,0,60.0,0.0,0
28.300,1,0,60.0,0.0,0
28.300,1,0,60.0,0.0,0
28.300,1,0,60.0,0.0,0
28.300,1,0,60.0,0.0,0
28.300,1,0,60.0,0.0,0
28.300,1,0,60.0,0.0,0
28.300,1,0,60.0,0.0,0
28.300,1,0,60.0,0.0,0
28.300,1,0,60.0,0.0,0
28.300,1,0,60.0,0.0,0
28.400,1,0,60.0,0.0,0
28.400,1,0,60.0,0.0,0
28.400,1,0,60.0,0.0,0
28.400,1,0,60.0,0.0,0
28.400,1,0,60.0,0.0,0
28.400,1,0,60.0,0.0,0
28.400,1,0,60.0,0.0,0
28.400,1,0,60.0,0.0,0
28.400,1,0,60.0,0.0,0
28.400,1,0,60.0,0.0,0
28.500,1,0,60.0,0.0,0
28.500,1,0,60.0,0.0,0
28.500,1,0,60.0,0.0,0
28.500,1,0,60.0,0.0,0
28.500,1,0,60.0,0.0,0
28.500,1,0,60.0,0.0,0
28.500,1,0,60.0,0.0,0
28.500,1,0,60.0,0.0,0
28.500,1,0,60.0,0.0,0
28.500,1,0,60.0,0.0,0
28.500,1,0,60.0,0.0,0
28.600,1,0,60.0,0.0,0
28.600,1,0,60.0,0.0,0
28.600,1,0,60.0,0.0,0
28.600,1,0,60.0,0.0,0
28.600,1,0,60.0,0.0,0
28.600,1,0,60.0,0.0,0
28.600,1,0,60.0,0.0,0
28.600,1,0,60.0,0.0,0
28.600,1,0,60.0,0.0,0
28.600,1,0,60.0,0.0,0
28.600,1,0,60.0,0.0,0
28.700,1,0,60.0,0.0,0
28.700,1,0,60.0,0.0,0
28.700,1,0,60.0,0.0,0
28.700,1,0,60.0,0.0,0
28.700,1,0,60.0,0.0,0
28.700,1,0,60.0,0.0,0
28.700,1,0,60.0,0.0,0
28.700,1,0,60.0,0.0,0
28.700,1,0,60.0,0.0,0
28.700,1,0,60.0,0.0,0
28.800,1,0,60.0,0.0,0
28.800,1,0,60.0,0.0,0
28.800,1,0,60.0,0.0,0
28.800,1,0,60.0,0.0,0
28.800,1,0,60.0,0.0,0
28.800,1,0,60.0,0.0,0
28.800,1,0,60.0,0.0,0
28.800,1,0,60.0,0.0,0
28.800,1,0,60.0,0.0,0
28.800,1,0,60.0,0.0,0
28.800,1,0,60.0,0.0,0
28.900,1,0,60.0,0.0,0
28.900,1,0,60.0,0.0,0
28.900,1,0,60.0,0.0,0
28.900,1,0,60.0,0.0,0
28.900,1,0,60.0,0.0,0
28.900,1,0,60.0,0.0,0
28.900,1,0,60.0,0.0,0
28.900,1,0,60.0,0.0,0
28.900,1,0,60.0,0.0,0
28.900,1,0,60.0,0.0,0
28.900,1,0,60.0,0.0,0
29.000,1,0,60.0,0.0,0
29.000,1,0,60.0,0.0,0
29.000,1,0,60.0,0.0,0
29.000,1,0,60.0,0.0,0
29.000,1,0,60.0,0.0,0
29.000,1,0,60.0,0.0,0
29.000,1,0,60.0,0.0,0
29.000,1,0,60.0,0.0,0
29.000,1,0,60.0,0.0,0
29.000,1,0,60.0,0.0,0
29.100,1,0,60.0,0.0,0
29.100,1,0,60.0,0.0,0
29.100,1,0,60.0,0.0,0
29.100,1,0,60.0,0.0,0
29.100,1,0,60.0,0.0,0
29.100,1,0,60.0,0.0,0
29.100,1,0,60.0,0.0,0
29.100,1,0,60.0,0.0,0
29.100,1,0,60.0,0.0,0
29.100,1,0,60.0,0.0,0
29.100,1,0,60.0,0.0,0
29.200,1,0,60.0,0.0,0
29.200,1,0,60.0,0.0,0
29.200,1,0,60.0,0.0,0
29.200,1,0,60.0,0.0,0
29.200,1,0,60.0,0.0,0
29.200,1,0,60.0,0.0,0
29.200,1,0,60.0,0.0,0
29.200,1,0,60.0,0.0,0
29.200,1,0,60.0,0.0,0
29.200,1,0,60.0,0.0,0
29.200,1,0,60.0,0.0,0
29.300,1,0,60.0,0.0,0
29.300,1,0,60.0,0.0,0
29.300,1,0,60.0,0.0,0
29.300,1,0,60.0,0.0,0
29.300,1,0,60.0,0.0,0
29.300,1,0,60.0,0.0,0
29.300,1,0,60.0,0.0,0
29.300,1,0,60.0,0.0,0
29.300,1,0,60.0,0.0,0
29.300,1,0,60.0,0.0,0
29.300,1,0,60.0,0.0,0
29.400,1,0,60.0,0.0,0
29.400,1,0,60.0,0.0,0
29.400,1,0,60.0,0.0,0
29.400,1,0,60.0,0.0,0
29.400,1,0,60.0,0.0,0
29.400,1,0,60.0,0.0,0
29.400,1,0,60.0,0.0,0
29.400,1,0,60.0,0.0,0
29.400,1,0,60.0,0.0,0
29.400,1,0,60.0,0.0,0
29.500,1,0,60.0,0.0,0
29.500,1,0,60.0,0.0,0
29.500,1,0,60.0,0.0,0
29.500,1,0,60.0,0.0,0
29.500,1,0,60.0,0.0,0
29.500,1,0,60.0,0.0,0
29.500,1,0,60.0,0.0,0
29.500,1,0,60.0,0.0,0
29.500,1,0,60.0,0.0,0
29.500,1,0,60.0,0.0,0
29.500,1,0,60.0,0.0,0
29.600,1,0,60.0,0.0,0
29.600,1,0,60.0,0.0,0
29.600,1,0,60.0,0.0,0
29.600,1,0,60.0,0.0,0
29.600,1,0,60.0,0.0,0
29.600,1,0,60.0,0.0,0
29.600,1,0,60.0,0.0,0
29.600,1,0,60.0,0.0,0
29.600,1,0,60.0,0.0,0
29.600,1,0,60.0,0.0,0
29.600,1,0,60.0,0.0,0
29.700,1,0,60.0,0.0,0
29.700,1,0,60.0,0.0,0
29.700,1,0,60.0,0.0,0
29.700,1,0,60.0,0.0,0
29.700,1,0,60.0,0.0,0
29.700,1,0,60.0,0.0,0
29.700,1,0,60.0,0.0,0
29.700,1,0,60.0,0.0,0
29.700,1,0,60.0,0.0,0
29.700,1,0,60.0,0.0,0
29.800,1,0,60.0,0.0,0
29.800,1,0,60.0,0.0,0
29.800,1,0,60.0,0.0,0
29.800,1,0,60.0,0.0,0
29.800,1,0,60.0,0.0,0
29.800,1,0,60.0,0.0,0
29.800,1,0,60.0,0.0,0
29.800,1,0,60.0,0.0,0
29.800,1,0,60.0,0.0,0
29.800,1,0,60.0,0.0,0
29.800,1,0,60.0,0.0,0
29.900,1,0,60.0,0.0,0
29.900,1,0,60.0,0.0,0
29.900,1,0,60.0,0.0,0
29.900,1,0,60.0,0.0,0
29.900,1,0,60.0,0.0,0
29.900,1,0,60.0,0.0,0
29.900,1,0,60.0,0.0,0
29.900,1,0,60.0,0.0,0
29.900,1,0,60.0,0.0,0
29.900,1,0,60.0,0.0,0
29.900,1,0,60.0,0.0,0
30.000,1,0,60.0,0.0,0
30.000,1,0,60.0,0.0,0
30.000,1,0,60.0,0.0,0
30.000,1,0,60.0,0.0,0
30.000,1,0,60.0,0.0,0
30.000,1,0,60.0,0.0,0
30.000,1,0,60.0,0.0,0
30.000,1,0,60.0,0.0,0
30.000,1,0,60.0,0.0,0
30.000,1,0,60.0,0.0,0
30.100,1,0,60.0,0.0,0
30.100,1,0,60.0,0.0,0
30.100,1,0,60.0,0.0,0
30.100,1,0,60.0,0.0,0
30.100,1,0,60.0,0.0,0
30.100,1,0,60.0,0.0,0
30.100,1,0,60.0,0.0,0
30.100,1,0,60.0,0.0,0
30.100,1,0,60.0,0.0,0
30.100,1,0,60.0,0.0,0
30.100,1,0,60.0,0.0,0
30.200,1,0,60.0,0.0,0
30.200,1,0,60.0,0.0,0
30.200,1,0,60.0,0.0,0
30.200,1,0,60.0,0.0,0
30.200,1,0,60.0,0.0,0
30.200,1,0,60.0,0.0,0
30.200,1,0,60.0,0.0,0
30.200,1,0,60.0,0.0,0
30.200,1,0,60.0,0.0,0
30.200,1,0,60.0,0.0,0
30.200,1,0,60.0,0.0,0
30.300,1,0,60.0,0.0,0
30.300,1,0,60.0,0.0,0
30.300,1,0,60.0,0.0,0
30.300,1,0,60.0,0.0,0
30.300,1,0,60.0,0.0,0
30.300,1,0,60.0,0.0,0
30.300,1,0,60.0,0.0,0
30.300,1,0,60.0,0.0,0
30.300,1,0,60.0,0.0,0
30.300,1,0,60.0,0.0,0
30.300,1,0,60.0,0.0,0
30.400,1,0,60.0,0.0,0
30.400,1,0,60.0,0.0,0
30.400,1,0,60.0,0.0,0
30.400,1,0,60.0,0.0,0
30.400,1,0,60.0,0.0,0
30.400,1,0,60.0,0.0,0
30.400,1,0,60.0,0.0,0
30.400,1,0,60.0,0.0,0
30.400,1,0,60.0,0.0,0
30.400,1,0,60.0,0.0,0
30.500,1,0,60.0,0.0,0
30.500,1,0,60.0,0.0,0
30.500,1,0,60.0,0.0,0
30.500,1,0,60.0,0.0,0
30.500,1,0,60.0,0.0,0
30.500,1,0,60.0,0.0,0
30.500,1,0,60.0,0.0,0
30.500,1,0,60.0,0.0,0
30.500,1,0,60.0,0.0,0
30.500,1,0,60.0,0.0,0
30.500,1,0,60.0,0.0,0
30.600,1,0,60.0,0.0,0
30.600,1,0,60.0,0.0,0
30.600,1,0,60.0,0.0,0
30.600,1,0,60.0,0.0,0
30.600,1,0,60.0,0.0,0
30.600,1,0,60.0,0.0,0
30.600,1,0,60.0,0.0,0
30.600,1,0,60.0,0.0,0
30.600,1,0,60.0,0.0,0
30.600,1,0,60.0,0.0,0
30.600,1,0,60.0,0.0,0
30.700,1,0,60.0,0.0,0
30.700,1,0,60.0,0.0,0
30.700,1,0,60.0,0.0,0
30.700,1,0,60.0,0.0,0
30.700,1,0,60.0,0.0,0
30.700,1,0,60.0,0.0,0
30.700,1,0,60.0,0.0,0
30.700,1,0,60.0,0.0,0
30.700,1,0,60.0,0.0,0
30.700,1,0,60.0,0.0,0
30.800,1,0,60.0,0.0,0
30.800,1,0,60.0,0.0,0
30.800,1,0,60.0,0.0,0
30.800,1,0,60.0,0.0,0
30.800,1,0,60.0,0.0,0
30.800,1,0,60.0,0.0,0
30.800,1,0,60.0,0.0,0
30.800,1,0,60.0,0.0,0
30.800,1,0,60.0,0.0,0
30.800,1,0,60.0,0.0,0
30.800,1,0,60.0,0.0,0
30.900,1,0,60.0,0.0,0
30.900,1,0,60.0,0.0,0
30.900,1,0,60.0,0.0,0
30.900,1,0,60.0,0.0,0
30.900,1,0,60.0,0.0,0
30.900,1,0,60.0,0.0,0
30.900,1,0,60.0,0.0,0
30.900,1,0,60.0,0.0,0
30.900,1,0,60.0,0.0,0
30.900,1,0,60.0,0.0,0
30.900,1,0,60.0,0.0,0
31.000,1,0,60.0,0.0,0
31.000,1,0,60.0,0.0,0
31.000,1,0,60.0,0.0,0
31.000,1,0,60.0,0.0,0
31.000,1,0,60.0,0.0,0
31.000,1,0,60.0,0.0,0
31.000,1,0,60.0,0.0,0
31.000,1,0,60.0,0.0,0
31.000,1,0,60.0,0.0,0
31.000,1,0,60.0,0.0,0
31.100,1,0,60.0,0.0,0
31.100,1,0,60.0,0.0,0
31.100,1,0,60.0,0.0,0
31.100,1,0,60.0,0.0,0
31.100,1,0,60.0,0.0,0
31.100,1,0,60.0,0.0,0
31.100,1,0,60.0,0.0,0
31.100,1,0,60.0,0.0,0
31.100,1,0,60.0,0.0,0
31.100,1,0,60.0,0.0,0
31.100,1,0,60.0,0.0,0
31.200,1,0,60.0,0.0,0
31.200,1,0,60.0,0.0,0
31.200,1,0,60.0,0.0,0
31.200,1,0,60.0,0.0,0
31.200,1,0,60.0,0.0,0
31.200,1,0,60.0,0.0,0
31.200,1,0,60.0,0.0,0
31.200,1,0,60.0,0.0,0
31.200,1,0,60.0,0.0,0
31.200,1,0,60.0,0.0,0
31.200,1,0,60.0,0.0,0
31.300,1,0,60.0,0.0,0
31.300,1,0,60.0,0.0,0
31.300,1,0,60.0,0.0,0
31.300,1,0,60.0,0.0,0
31.300,1,0,60.0,0.0,0
31.300,1,0,60.0,0.0,0
31.300,1,0,60.0,0.0,0
31.300,1,0,60.0,0.0,0
31.300,1,0,60.0,0.0,0
31.300,1,0,60.0,0.0,0
31.400,1,0,60.0,0.0,0
31.400,1,0,60.0,0.0,0
31.400,1,0,60.0,0.0,0
31.400,1,0,60.0,0.0,0
31.400,1,0,60.0,0.0,0
31.400,1,0,60.0,0.0,0
31.400,1,0,60.0,0.0,0
31.400,1,0,60.0,0.0,0
31.400,1,0,60.0,0.0,0
31.400,1,0,60.0,0.0,0
31.400,1,0,60.0,0.0,0
31.500,1,0,60.0,0.0,0
31.500,1,0,60.0,0.0,0
31.500,1,0,60.0,0.0,0
31.500,1,0,60.0,0.0,0
31.500,1,0,60.0,0.0,0
31.500,1,0,60.0,0.0,0
31.500,1,0,60.0,0.0,0
31.500,1,0,60.0,0.0,0
31.500,1,0,60.0,0.0,0
31.500,1,0,60.0,0.0,0
31.500,1,0,60.0,0.0,0
31.600,1,0,60.0,0.0,0
31.600,1,0,60.0,0.0,0
31.600,1,0,60.0,0.0,0
31.600,1,0,60.0,0.0,0
31.600,1,0,60.0,0.0,0
31.600,1,0,60.0,0.0,0
31.600,1,0,60.0,0.0,0
31.600,1,0,60.0,0.0,0
31.600,1,0,60.0,0.0,0
31.600,1,0,60.0,0.0,0
31.600,1,0,60.0,0.0,0
31.700,1,0,60.0,0.0,0
31.700,1,0,60.0,0.0,0
31.700,1,0,60.0,0.0,0
31.700,1,0,60.0,0.0,0
31.700,1,0,60.0,0.0,0
31.700,1,0,60.0,0.0,0
31.700,1,0,60.0,0.0,0
31.700,1,0,60.0,0.0,0
31.700,1,0,60.0,0.0,0
31.700,1,0,60.0,0.0,0
31.800,1,0,60.0,0.0,0
31.800,1,0,60.0,0.0,0
31.800,1,0,60.0,0.0,0
31.800,1,0,60.0,0.0,0
31.800,1,0,60.0,0.0,0
31.800,1,0,60.0,0.0,0
31.800,1,0,60.0,0.0,0
31.800,1,0,60.0,0.0,0
31.800,1,0,60.0,0.0,0
31.800,1,0,60.0,0.0,0
31.800,1,0,60.0,0.0,0
31.900,1,0,60.0,0.0,0
31.900,1,0,60.0,0.0,0
31.900,1,0,60.0,0.0,0
31.900,1,0,60.0,0.0,0
31.900,1,0,60.0,0.0,0
31.900,1,0,60.0,0.0,0
31.900,1,0,60.0,0.0,0
31.900,1,0,60.0,0.0,0
31.900,1,0,60.0,0.0,0
31.900,1,0,60.0,0.0,0
31.900,1,0,60.0,0.0,0
32.000,1,0,60.0,0.0,0
32.000,1,0,60.0,0.0,0
32.000,1,0,60.0,0.0,0
32.000,1,0,60.0,0.0,0
32.000,1,0,60.0,0.0,0
32.000,1,0,60.0,0.0,0
32.000,1,0,60.0,0.0,0
32.000,1,0,60.0,0.0,0
32.000,1,0,60.0,0.0,0
32.000,1,0,60.0,0.0,0
32.100,1,0,60.0,0.0,0
32.100,1,0,60.0,0.0,0
32.100,1,0,60.0,0.0,0
32.100,1,0,60.0,0.0,0
32.100,1,0,60.0,0.0,0
32.100,1,0,60.0,0.0,0
32.100,1,0,60.0,0.0,0
32.100,1,0,60.0,0.0,0
32.100,1,0,60.0,0.0,0
32.100,1,0,60.0,0.0,0
32.100,1,0,60.0,0.0,0
32.200,1,0,60.0,0.0,0
32.200,1,0,60.0,0.0,0
32.200,1,0,60.0,0.0,0
32.200,1,0,60.0,0.0,0
32.200,1,0,60.0,0.0,0
32.200,1,0,60.0,0.0,0
32.200,1,0,60.0,0.0,0
32.200,1,0,60.0,0.0,0
32.200,1,0,60.0,0.0,0
32.200,1,0,60.0,0.0,0
32.200,1,0,60.0,0.0,0
32.300,1,0,60.0,0.0,0
32.300,1,0,60.0,0.0,0
32.300,1,0,60.0,0.0,0
32.300,1,0,60.0,0.0,0
32.300,1,0,60.0,0.0,0
32.300,1,0,60.0,0.0,0
32.300,1,0,60.0,0.0,0
32.300,1,0,60.0,0.0,0
32.300,1,0,60.0,0.0,0
32.300,1,0,60.0,0.0,0
32.400,1,0,60.0,0.0,0
32.400,1,0,60.0,0.0,0
32.400,1,0,60.0,0.0,0
32.400,1,0,60.0,0.0,0
32.400,1,0,60.0,0.0,0
32.400,1,0,60.0,0.0,0
32.400,1,0,60.0,0.0,0
32.400,1,0,60.0,0.0,0
32.400,1,0,60.0,0.0,0
32.400,1,0,60.0,0.0,0
32.400,1,0,60.0,0.0,0
32.500,1,0,60.0,0.0,0
32.500,1,0,60.0,0.0,0
32.500,1,0,60.0,0.0,0
32.500,1,0,60.0,0.0,0
32.500,1,0,60.0,0.0,0
32.500,1,0,60.0,0.0,0
32.500,1,0,60.0,0.0,0
32.500,1,0,60.0,0.0,0
32.500,1,0,60.0,0.0,0
32.500,1,0,60.0,0.0,0
32.500,1,0,60.0,0.0,0
32.600,1,0,60.0,0.0,0
32.600,1,0,60.0,0.0,0
32.600,1,0,60.0,0.0,0
32.600,1,0,60.0,0.0,0
32.600,1,0,60.0,0.0,0
32.600,1,0,60.0,0.0,0
32.600,1,0,60.0,0.0,0
32.600,1,0,60.0,0.0,0
32.600,1,0,60.0,0.0,0
32.600,1,0,60.0,0.0,0
32.600,1,0,60.0,0.0,0
32.700,1,0,60.0,0.0,0
32.700,1,0,60.0,0.0,0
32.700,1,0,60.0,0.0,0
32.700,1,0,60.0,0.0,0
32.700,1,0,60.0,0.0,0
32.700,1,0,60.0,0.0,0
32.700,1,0,60.0,0.0,0
32.700,1,0,60.0,0.0,0
32.700,1,0,60.0,0.0,0
32.700,1,0,60.0,0.0,0
32.800,1,0,60.0,0.0,0
32.800,1,0,60.0,0.0,0
32.800,1,0,60.0,0.0,0
32.800,1,0,60.0,0.0,0
32.800,1,0,60.0,0.0,0
32.800,1,0,60.0,0.0,0
32.800,1,0,60.0,0.0,0
32.800,1,0,60.0,0.0,0
32.800,1,0,60.0,0.0,0
32.800,1,0,60.0,0.0,0
32.800,1,0,60.0,0.0,0
32.900,1,0,60.0,0.0,0
32.900,1,0,60.0,0.0,0
32.900,1,0,60.0,0.0,0
32.900,1,0,60.0,0.0,0
32.900,1,0,60.0,0.0,0
32.900,1,0,60.0,0.0,0
32.900,1,0,60.0,0.0,0
32.900,1,0,60.0,0.0,0
32.900,1,0,60.0,0.0,0
32.900,1,0,60.0,0.0,0
32.900,1,0,60.0,0.0,0
33.000,1,0,60.0,0.0,0
33.000,1,0,60.0,0.0,0
33.000,1,0,60.0,0.0,0
33.000,1,0,60.0,0.0,0
33.000,1,0,60.0,0.0,0
33.000,1,0,60.0,0.0,0
33.000,1,0,60.0,0.0,0
33.000,1,0,60.0,0.0,0
33.000,1,0,60.0,0.0,0
33.000,1,0,60.0,0.0,0
33.100,1,0,60.0,0.0,0
33.100,1,0,60.0,0.0,0
33.100,1,0,60.0,0.0,0
33.100,1,0,60.0,0.0,0
33.100,1,0,60.0,0.0,0
33.100,1,0,60.0,0.0,0
33.100,1,0,60.0,0.0,0
33.100,1,0,60.0,0.0,0
33.100,1,0,60.0,0.0,0
33.100,1,0,60.0,0.0,0
33.100,1,0,60.0,0.0,0
33.200,1,0,60.0,0.0,0
33.200,1,0,60.0,0.0,0
33.200,1,0,60.0,0.0,0
33.200,1,0,60.0,0.0,0
33.200,1,0,60.0,0.0,0
33.200,1,0,60.0,0.0,0
33.200,1,0,60.0,0.0,0
33.200,1,0,60.0,0.0,0
33.200,1,0,60.0,0.0,0
33.200,1,0,60.0,0.0,0
33.200,1,0,60.0,0.0,0
33.300,1,0,60.0,0.0,0
33.300,1,0,60.0,0.0,0
33.300,1,0,60.0,0.0,0
33.300,1,0,60.0,0.0,0
33.300,1,0,60.0,0.0,0
33.300,1,0,60.0,0.0,0
33.300,1,0,60.0,0.0,0
33.300,1,0,60.0,0.0,0
33.300,1,0,60.0,0.0,0
33.300,1,0,60.0,0.0,0
33.400,1,0,60.0,0.0,0
33.400,1,0,60.0,0.0,0
33.400,1,0,60.0,0.0,0
33.400,1,0,60.0,0.0,0
33.400,1,0,60.0,0.0,0
33.400,1,0,60.0,0.0,0
33.400,1,0,60.0,0.0,0
33.400,1,0,60.0,0.0,0
33.400,1,0,60.0,0.0,0
33.400,1,0,60.0,0.0,0
33.400,1,0,60.0,0.0,0
33.500,1,0,60.0,0.0,0
33.500,1,0,60.0,0.0,0
33.500,1,0,60.0,0.0,0
33.500,1,0,60.0,0.0,0
33.500,1,0,60.0,0.0,0
33.500,1,0,60.0,0.0,0
33.500,1,0,60.0,0.0,0
33.500,1,0,60.0,0.0,0
33.500,1,0,60.0,0.0,0
33.500,1,0,60.0,0.0,0
33.500,1,0,60.0,0.0,0
33.600,1,0,60.0,0.0,0
33.600,1,0,60.0,0.0,0
33.600,1,0,60.0,0.0,0
33.600,1,0,60.0,0.0,0
33.600,1,0,60.0,0.0,0
33.600,1,0,60.0,0.0,0
33.600,1,0,60.0,0.0,0
33.600,1,0,60.0,0.0,0
33.600,1,0,60.0,0.0,0
33.600,1,0,60.0,0.0,0
33.700,1,0,60.0,0.0,0
33.700,1,0,60.0,0.0,0
33.700,1,0,60.0,0.0,0
33.700,1,0,60.0,0.0,0
33.700,1,0,60.0,0.0,0
33.700,1,0,60.0,0.0,0
33.700,1,0,60.0,0.0,0
33.700,1,0,60.0,0.0,0
33.700,1,0,60.0,0.0,0
33.700,1,0,60.0,0.0,0
33.700,1,0,60.0,0.0,0
33.800,1,0,60.0,0.0,0
33.800,1,0,60.0,0.0,0
33.800,1,0,60.0,0.0,0
33.800,1,0,60.0,0.0,0
33.800,1,0,60.0,0.0,0
33.800,1,0,60.0,0.0,0
33.800,1,0,60.0,0.0,0
33.800,1,0,60.0,0.0,0
33.800,1,0,60.0,0.0,0
33.800,1,0,60.0,0.0,0
33.800,1,0,60.0,0.0,0
33.900,1,0,60.0,0.0,0
33.900,1,0,60.0,0.0,0
33.900,1,0,60.0,0.0,0
33.900,1,0,60.0,0.0,0
33.900,1,0,60.0,0.0,0
33.900,1,0,60.0,0.0,0
33.900,1,0,60.0,0.0,0
33.900,1,0,60.0,0.0,0
33.900,1,0,60.0,0.0,0
33.900,1,0,60.0,0.0,0
33.900,1,0,60.0,0.0,0
34.000,1,0,60.0,0.0,0
34.000,1,0,60.0,0.0,0
34.000,1,0,60.0,0.0,0
34.000,1,0,60.0,0.0,0
34.000,1,0,60.0,0.0,0
34.000,1,0,60.0,0.0,0
34.000,1,0,60.0,0.0,0
34.000,1,0,60.0,0.0,0
34.000,1,0,60.0,0.0,0
34.000,1,0,60.0,0.0,0
34.100,1,0,60.0,0.0,0
34.100,1,0,60.0,0.0,0
34.100,1,0,60.0,0.0,0
34.100,1,0,60.0,0.0,0
34.100,1,0,60.0,0.0,0
34.100,1,0,60.0,0.0,0
34.100,1,0,60.0,0.0,0
34.100,1,0,60.0,0.0,0
34.100,1,0,60.0,0.0,0
34.100,1,0,60.0,0.0,0
34.100,1,0,60.0,0.0,0
34.200,1,0,60.0,0.0,0
34.200,1,0,60.0,0.0,0
34.200,1,0,60.0,0.0,0
34.200,1,0,60.0,0.0,0
34.200,1,0,60.0,0.0,0
34.200,1,0,60.0,0.0,0
34.200,1,0,60.0,0.0,0
34.200,1,0,60.0,0.0,0
34.200,1,0,60.0,0.0,0
34.200,1,0,60.0,0.0,0
34.200,1,0,60.0,0.0,0
34.300,1,0,60.0,0.0,0
34.300,1,0,60.0,0.0,0
34.300,1,0,60.0,0.0,0
34.300,1,0,60.0,0.0,0
34.300,1,0,60.0,0.0,0
34.300,1,0,60.0,0.0,0
34.300,1,0,60.0,0.0,0
34.300,1,0,60.0,0.0,0
34.300,1,0,60.0,0.0,0
34.300,1,0,60.0,0.0,0
34.400,1,0,60.0,0.0,0
34.400,1,0,60.0,0.0,0
34.400,1,0,60.0,0.0,0
34.400,1,0,60.0,0.0,0
34.400,1,0,60.0,0.0,0
34.400,1,0,60.0,0.0,0
34.400,1,0,60.0,0.0,0
34.400,1,0,60.0,0.0,0
34.400,1,0,60.0,0.0,0
34.400,1,0,60.0,0.0,0
34.400,1,0,60.0,0.0,0
34.500,1,0,60.0,0.0,0
34.500,1,0,60.0,0.0,0
34.500,1,0,60.0,0.0,0
34.500,1,0,60.0,0.0,0
34.500,1,0,60.0,0.0,0
34.500,1,0,60.0,0.0,0
34.500,1,0,60.0,0.0,0
34.500,1,0,60.0,0.0,0
34.500,1,0,60.0,0.0,0
34.500,1,0,60.0,0.0,0
34.500,1,0,60.0,0.0,0
34.600,1,0,60.0,0.0,0
34.600,1,0,60.0,0.0,0
34.600,1,0,60.0,0.0,0
34.600,1,0,60.0,0.0,0
34.600,1,0,60.0,0.0,0
34.600,1,0,60.0,0.0,0
34.600,1,0,60.0,0.0,0
34.600,1,0,60.0,0.0,0
34.600,1,0,60.0,0.0,0
34.600,1,0,60.0,0.0,0
34.700,1,0,60.0,0.0,0
34.700,1,0,60.0,0.0,0
34.700,1,0,60.0,0.0,0
34.700,1,0,60.0,0.0,0
34.700,1,0,60.0,0.0,0
34.700,1,0,60.0,0.0,0
34.700,1,0,60.0,0.0,0
34.700,1,0,60.0,0.0,0
34.700,1,0,60.0,0.0,0
34.700,1,0,60.0,0.0,0
34.700,1,0,60.0,0.0,0
34.800,1,0,60.0,0.0,0
34.800,1,0,60.0,0.0,0
34.800,1,0,60.0,0.0,0
34.800,1,0,60.0,0.0,0
34.800,1,0,60.0,0.0,0
34.800,1,0,60.0,0.0,0
34.800,1,0,60.0,0.0,0
34.800,1,0,60.0,0.0,0
34.800,1,0,60.0,0.0,0
34.800,1,0,60.0,0.0,0
34.800,1,0,60.0,0.0,0
34.900,1,0,60.0,0.0,0
34.900,1,0,60.0,0.0,0
34.900,1,0,60.0,0.0,0
34.900,1,0,60.0,0.0,0
34.900,1,0,60.0,0.0,0
34.900,1,0,60.0,0.0,0
34.900,1,0,60.0,0.0,0
34.900,1,0,60.0,0.0,0
34.900,1,0,60.0,0.0,0
34.900,1,0,60.0,0.0,0
34.900,1,0,60.0,0.0,0
35.000,1,0,60.0,0.0,0
35.000,1,0,60.0,0.0,0
35.000,1,0,60.0,0.0,0
35.000,1,0,60.0,0.0,0
35.000,1,0,60.0,0.0,0
35.000,1,0,60.0,0.0,0
35.000,1,0,60.0,0.0,0
35.000,1,0,60.0,0.0,0
35.000,1,0,60.0,0.0,0
35.000,1,0,60.0,0.0,0
35.100,1,0,60.0,0.0,0
35.100,1,0,60.0,0.0,0
35.100,1,0,60.0,0.0,0
35.100,1,0,60.0,0.0,0
35.100,1,0,60.0,0.0,0
35.100,1,0,60.0,0.0,0
35.100,1,0,60.0,0.0,0
35.100,1,0,60.0,0.0,0
35.100,1,0,60.0,0.0,0
35.100,1,0,60.0,0.0,0
35.100,1,0,60.0,0.0,0
35.200,1,0,60.0,0.0,1
35.200,1,0,60.0,0.0,1
35.200,1,0,60.0,0.0,1
35.200,1,0,60.0,0.0,1
35.200,1,0,60.0,0.0,1
35.200,1,0,60.0,0.0,1
35.200,1,0,60.0,0.0,1
35.200,1,0,60.0,0.0,1
35.200,1,0,60.0,0.0,1
35.200,1,0,60.0,0.0,1
35.200,1,0,60.0,0.0,1
35.300,0,0,0.0,0.0,1
35.300,0,0,0.0,0.0,1
35.300,0,0,0.0,0.0,1
35.300,0,0,0.0,0.0,1
35.300,0,0,0.0,0.0,1
35.300,0,0,0.0,0.0,1
35.300,0,0,0.0,0.0,1
35.300,0,0,0.0,0.0,1
35.300,0,0,0.0,0.0,1
35.300,0,0,0.0,0.0,1
35.400,0,0,0.0,0.0,1
35.400,0,0,0.0,0.0,1
35.400,0,0,0.0,0.0,1
35.400,0,0,0.0,0.0,1
35.400,0,0,0.0,0.0,1
35.400,0,0,0.0,0.0,1
35.400,0,0,0.0,0.0,1
35.400,0,0,0.0,0.0,1
35.400,0,0,0.0,0.0,1
35.400,0,0,0.0,0.0,1
35.400,0,0,0.0,0.0,1
35.500,0,0,0.0,0.0,1
35.500,0,0,0.0,0.0,1
35.500,0,0,0.0,0.0,1
35.500,0,0,0.0,0.0,1
35.500,0,0,0.0,0.0,1
35.500,0,0,0.0,0.0,1
35.500,0,0,0.0,0.0,1
35.500,0,0,0.0,0.0,1
35.500,0,0,0.0,0.0,1
35.500,0,0,0.0,0.0,1
35.500,0,0,0.0,0.0,1
35.600,0,0,0.0,0.0,1
35.600,0,0,0.0,0.0,1
35.600,0,0,0.0,0.0,1
35.600,0,0,0.0,0.0,1
35.600,0,0,0.0,0.0,1
35.600,0,0,0.0,0.0,1
35.600,0,0,0.0,0.0,1
35.600,0,0,0.0,0.0,1
35.600,0,0,0.0,0.0,1
35.600,0,0,0.0,0.0,1
35.700,0,0,0.0,0.0,1
35.700,0,0,0.0,0.0,1
35.700,0,0,0.0,0.0,1
35.700,0,0,0.0,0.0,1
35.700,0,0,0.0,0.0,1
35.700,0,0,0.0,0.0,1
35.700,0,0,0.0,0.0,1
35.700,0,0,0.0,0.0,1
35.700,0,0,0.0,0.0,1
35.700,0,0,0.0,0.0,1
35.700,0,0,0.0,0.0,1
35.800,0,0,0.0,0.0,1
35.800,0,0,0.0,0.0,1
35.800,0,0,0.0,0.0,1
35.800,0,0,0.0,0.0,1
35.800,0,0,0.0,0.0,1
35.800,0,0,0.0,0.0,1
35.800,0,0,0.0,0.0,1
35.800,0,0,0.0,0.0,1
35.800,0,0,0.0,0.0,1
35.800,0,0,0.0,0.0,1
35.800,0,0,0.0,0.0,1
35.900,0,0,0.0,0.0,1
35.900,0,0,0.0,0.0,1
35.900,0,0,0.0,0.0,1
35.900,0,0,0.0,0.0,1
35.900,0,0,0.0,0.0,1
35.900,0,0,0.0,0.0,1
35.900,0,0,0.0,0.0,1
35.900,0,0,0.0,0.0,1
35.900,0,0,0.0,0.0,1
35.900,0,0,0.0,0.0,1
35.900,0,0,0.0,0.0,1
36.000,0,0,0.0,0.0,1
36.000,0,0,0.0,0.0,1
36.000,0,0,0.0,0.0,1
36.000,0,0,0.0,0.0,1
36.000,0,0,0.0,0.0,1
36.000,0,0,0.0,0.0,1
36.000,0,0,0.0,0.0,1
36.000,0,0,0.0,0.0,1
36.000,0,0,0.0,0.0,1
36.000,0,0,0.0,0.0,1
36.100,0,0,0.0,0.0,1
36.100,0,0,0.0,0.0,1
36.100,0,0,0.0,0.0,1
36.100,0,0,0.0,0.0,1
36.100,0,0,0.0,0.0,1
36.100,0,0,0.0,0.0,1
36.100,0,0,0.0,0.0,1
36.100,0,0,0.0,0.0,1
36.100,0,0,0.0,0.0,1
36.100,0,0,0.0,0.0,1
36.100,0,0,0.0,0.0,1
36.200,0,0,0.0,0.0,1
36.200,0,0,0.0,0.0,1
36.200,0,0,0.0,0.0,1
36.200,0,0,0.0,0.0,1
36.200,0,0,0.0,0.0,1
36.200,0,0,0.0,0.0,1
36.200,0,0,0.0,0.0,1
36.200,0,0,0.0,0.0,1
36.200,0,0,0.0,0.0,1
36.200,0,0,0.0,0.0,1
36.200,0,0,0.0,0.0,1
36.300,0,0,0.0,0.0,1
36.300,0,0,0.0,0.0,1
36.300,0,0,0.0,0.0,1
36.300,0,0,0.0,0.0,1
36.300,0,0,0.0,0.0,1
36.300,0,0,0.0,0.0,1
36.300,0,0,0.0,0.0,1
36.300,0,0,0.0,0.0,1
36.300,0,0,0.0,0.0,1
36.300,0,0,0.0,0.0,1
36.400,0,0,0.0,0.0,1
36.400,0,0,0.0,0.0,1
36.400,0,0,0.0,0.0,1
36.400,0,0,0.0,0.0,1
36.400,0,0,0.0,0.0,1
36.400,0,0,0.0,0.0,1
36.400,0,0,0.0,0.0,1
36.400,0,0,0.0,0.0,1
36.400,0,0,0.0,0.0,1
36.400,0,0,0.0,0.0,1
36.400,0,0,0.0,0.0,1
36.500,0,0,0.0,0.0,1
36.500,0,0,0.0,0.0,1
36.500,0,0,0.0,0.0,1
36.500,0,0,0.0,0.0,1
36.500,0,0,0.0,0.0,1
36.500,0,0,0.0,0.0,1
36.500,0,0,0.0,0.0,1
36.500,0,0,0.0,0.0,1
36.500,0,0,0.0,0.0,1
36.500,0,0,0.0,0.0,1
36.500,0,0,0.0,0.0,1
36.600,0,0,0.0,0.0,1
36.600,0,0,0.0,0.0,1
36.600,0,0,0.0,0.0,1
36.600,0,0,0.0,0.0,1
36.600,0,0,0.0,0.0,1
36.600,0,0,0.0,0.0,1
36.600,0,0,0.0,0.0,1
36.600,0,0,0.0,0.0,1
36.600,0,0,0.0,0.0,1
36.600,0,0,0.0,0.0,1
36.700,0,0,0.0,0.0,1
36.700,0,0,0.0,0.0,1
36.700,0,0,0.0,0.0,1
36.700,0,0,0.0,0.0,1
36.700,0,0,0.0,0.0,1
36.700,0,0,0.0,0.0,1
36.700,0,0,0.0,0.0,1
36.700,0,0,0.0,0.0,1
36.700,0,0,0.0,0.0,1
36.700,0,0,0.0,0.0,1
36.700,0,0,0.0,0.0,1
36.800,0,0,0.0,0.0,1
36.800,0,0,0.0,0.0,1
36.800,0,0,0.0,0.0,1
36.800,0,0,0.0,0.0,1
36.800,0,0,0.0,0.0,1
36.800,0,0,0.0,0.0,1
36.800,0,0,0.0,0.0,1
36.800,0,0,0.0,0.0,1
36.800,0,0,0.0,0.0,1
36.800,0,0,0.0,0.0,1
36.800,0,0,0.0,0.0,1
36.900,0,0,0.0,0.0,1
36.900,0,0,0.0,0.0,1
36.900,0,0,0.0,0.0,1
36.900,0,0,0.0,0.0,1
36.900,0,0,0.0,0.0,1
36.900,0,0,0.0,0.0,1
36.900,0,0,0.0,0.0,1
36.900,0,0,0.0,0.0,1
36.900,0,0,0.0,0.0,1
36.900,0,0,0.0,0.0,1
37.000,0,0,0.0,0.0,1
37.000,0,0,0.0,0.0,1
37.000,0,0,0.0,0.0,1
37.000,0,0,0.0,0.0,1
37.000,0,0,0.0,0.0,1
37.000,0,0,0.0,0.0,1
37.000,0,0,0.0,0.0,1
37.000,0,0,0.0,0.0,1
37.000,0,0,0.0,0.0,1
37.000,0,0,0.0,0.0,1
37.000,0,0,0.0,0.0,1
37.100,0,0,0.0,0.0,1
37.100,0,0,0.0,0.0,1
37.100,0,0,0.0,0.0,1
37.100,0,0,0.0,0.0,1
37.100,0,0,0.0,0.0,1
37.100,0,0,0.0,0.0,1
37.100,0,0,0.0,0.0,1
37.100,0,0,0.0,0.0,1
37.100,0,0,0.0,0.0,1
37.100,0,0,0.0,0.0,1
37.100,0,0,0.0,0.0,1
37.200,0,0,0.0,0.0,1
37.200,0,0,0.0,0.0,1
37.200,0,0,0.0,0.0,1
37.200,0,0,0.0,0.0,1
37.200,0,0,0.0,0.0,1
37.200,0,0,0.0,0.0,1
37.200,0,0,0.0,0.0,1
37.200,0,0,0.0,0.0,1
37.200,0,0,0.0,0.0,1
37.200,0,0,0.0,0.0,1
37.300,0,0,0.0,0.0,1
37.300,0,0,0.0,0.0,1
37.300,0,0,0.0,0.0,1
37.300,0,0,0.0,0.0,1
37.300,0,0,0.0,0.0,1
37.300,0,0,0.0,0.0,1
37.300,0,0,0.0,0.0,1
37.300,0,0,0.0,0.0,1
37.300,0,0,0.0,0.0,1
37.300,0,0,0.0,0.0,1
37.300,0,0,0.0,0.0,1
37.400,0,0,0.0,0.0,1
37.400,0,0,0.0,0.0,1
37.400,0,0,0.0,0.0,1
37.400,0,0,0.0,0.0,1
37.400,0,0,0.0,0.0,1
37.400,0,0,0.0,0.0,1
37.400,0,0,0.0,0.0,1
37.400,0,0,0.0,0.0,1
37.400,0,0,0.0,0.0,1
37.400,0,0,0.0,0.0,1
37.400,0,0,0.0,0.0,1
37.500,0,0,0.0,0.0,1
37.500,0,0,0.0,0.0,1
37.500,0,0,0.0,0.0,1
37.500,0,0,0.0,0.0,1
37.500,0,0,0.0,0.0,1
37.500,0,0,0.0,0.0,1
37.500,0,0,0.0,0.0,1
37.500,0,0,0.0,0.0,1
37.500,0,0,0.0,0.0,1
37.500,0,0,0.0,0.0,1
37.500,0,0,0.0,0.0,1
37.600,0,0,0.0,0.0,1
37.600,0,0,0.0,0.0,1
37.600,0,0,0.0,0.0,1
37.600,0,0,0.0,0.0,1
37.600,0,0,0.0,0.0,1
37.600,0,0,0.0,0.0,1
37.600,0,0,0.0,0.0,1
37.600,0,0,0.0,0.0,1
37.600,0,0,0.0,0.0,1
37.600,0,0,0.0,0.0,1
37.700,0,0,0.0,0.0,1
37.700,0,0,0.0,0.0,1
37.700,0,0,0.0,0.0,1
37.700,0,0,0.0,0.0,1
37.700,0,0,0.0,0.0,1
37.700,0,0,0.0,0.0,1
37.700,0,0,0.0,0.0,1
37.700,0,0,0.0,0.0,1
37.700,0,0,0.0,0.0,1
37.700,0,0,0.0,0.0,1
37.700,0,0,0.0,0.0,1
37.800,0,0,0.0,0.0,1
37.800,0,0,0.0,0.0,1
37.800,0,0,0.0,0.0,1
37.800,0,0,0.0,0.0,1
37.800,0,0,0.0,0.0,1
37.800,0,0,0.0,0.0,1
37.800,0,0,0.0,0.0,1
37.800,0,0,0.0,0.0,1
37.800,0,0,0.0,0.0,1
37.800,0,0,0.0,0.0,1
37.800,0,0,0.0,0.0,1
37.900,0,0,0.0,0.0,1
37.900,0,0,0.0,0.0,1
37.900,0,0,0.0,0.0,1
37.900,0,0,0.0,0.0,1
37.900,0,0,0.0,0.0,1
37.900,0,0,0.0,0.0,1
37.900,0,0,0.0,0.0,1
37.900,0,0,0.0,0.0,1
37.900,0,0,0.0,0.0,1
37.900,0,0,0.0,0.0,1
38.000,0,0,0.0,0.0,1
38.000,0,0,0.0,0.0,1
38.000,0,0,0.0,0.0,1
38.000,0,0,0.0,0.0,1
38.000,0,0,0.0,0.0,1
38.000,0,0,0.0,0.0,1
38.000,0,0,0.0,0.0,1
38.000,0,0,0.0,0.0,1
38.000,0,0,0.0,0.0,1
38.000,0,0,0.0,0.0,1
38.000,0,0,0.0,0.0,1
38.100,0,0,0.0,0.0,1
38.100,0,0,0.0,0.0,1
38.100,0,0,0.0,0.0,1
38.100,0,0,0.0,0.0,1
38.100,0,0,0.0,0.0,1
38.100,0,0,0.0,0.0,1
38.100,0,0,0.0,0.0,1
38.100,0,0,0.0,0.0,1
38.100,0,0,0.0,0.0,1
38.100,0,0,0.0,0.0,1
38.100,0,0,0.0,0.0,1
38.200,0,0,0.0,0.0,1
38.200,0,0,0.0,0.0,1
38.200,0,0,0.0,0.0,1
38.200,0,0,0.0,0.0,1
38.200,0,0,0.0,0.0,1
38.200,0,0,0.0,0.0,1
38.200,0,0,0.0,0.0,1
38.200,0,0,0.0,0.0,1
38.200,0,0,0.0,0.0,1
38.200,0,0,0.0,0.0,1
38.200,0,0,0.0,0.0,1
38.300,0,0,0.0,0.0,1
38.300,0,0,0.0,0.0,1
38.300,0,0,0.0,0.0,1
38.300,0,0,0.0,0.0,1
38.300,0,0,0.0,0.0,1
38.300,0,0,0.0,0.0,1
38.300,0,0,0.0,0.0,1
38.300,0,0,0.0,0.0,1
38.300,0,0,0.0,0.0,1
38.300,0,0,0.0,0.0,1
38.400,0,0,0.0,0.0,1
38.400,0,0,0.0,0.0,1
38.400,0,0,0.0,0.0,1
38.400,0,0,0.0,0.0,1
38.400,0,0,0.0,0.0,1
38.400,0,0,0.0,0.0,1
38.400,0,0,0.0,0.0,1
38.400,0,0,0.0,0.0,1
38.400,0,0,0.0,0.0,1
38.400,0,0,0.0,0.0,1
38.400,0,0,0.0,0.0,1
38.500,0,0,0.0,0.0,1
38.500,0,0,0.0,0.0,1
38.500,0,0,0.0,0.0,1
38.500,0,0,0.0,0.0,1
38.500,0,0,0.0,0.0,1
38.500,0,0,0.0,0.0,1
38.500,0,0,0.0,0.0,1
38.500,0,0,0.0,0.0,1
38.500,0,0,0.0,0.0,1
38.500,0,0,0.0,0.0,1
38.500,0,0,0.0,0.0,1
38.600,0,0,0.0,0.0,1
38.600,0,0,0.0,0.0,1
38.600,0,0,0.0,0.0,1
38.600,0,0,0.0,0.0,1
38.600,0,0,0.0,0.0,1
38.600,0,0,0.0,0.0,1
38.600,0,0,0.0,0.0,1
38.600,0,0,0.0,0.0,1
38.600,0,0,0.0,0.0,1
38.600,0,0,0.0,0.0,1
38.700,0,0,0.0,0.0,1
38.700,0,0,0.0,0.0,1
38.700,0,0,0.0,0.0,1
38.700,0,0,0.0,0.0,1
38.700,0,0,0.0,0.0,1
38.700,0,0,0.0,0.0,1
38.700,0,0,0.0,0.0,1
38.700,0,0,0.0,0.0,1
38.700,0,0,0.0,0.0,1
38.700,0,0,0.0,0.0,1
38.700,0,0,0.0,0.0,1
38.800,0,0,0.0,0.0,1
38.800,0,0,0.0,0.0,1
38.800,0,0,0.0,0.0,1
38.800,0,0,0.0,0.0,1
38.800,0,0,0.0,0.0,1
38.800,0,0,0.0,0.0,1
38.800,0,0,0.0,0.0,1
38.800,0,0,0.0,0.0,1
38.800,0,0,0.0,0.0,1
38.800,0,0,0.0,0.0,1
38.800,0,0,0.0,0.0,1
38.900,0,0,0.0,0.0,1
38.900,0,0,0.0,0.0,1
38.900,0,0,0.0,0.0,1
38.900,0,0,0.0,0.0,1
38.900,0,0,0.0,0.0,1
38.900,0,0,0.0,0.0,1
38.900,0,0,0.0,0.0,1
38.900,0,0,0.0,0.0,1
38.900,0,0,0.0,0.0,1
38.900,0,0,0.0,0.0,1
39.000,0,0,0.0,0.0,1
39.000,0,0,0.0,0.0,1
39.000,0,0,0.0,0.0,1
39.000,0,0,0.0,0.0,1
39.000,0,0,0.0,0.0,1
39.000,0,0,0.0,0.0,1
39.000,0,0,0.0,0.0,1
39.000,0,0,0.0,0.0,1
39.000,0,0,0.0,0.0,1
39.000,0,0,0.0,0.0,1
39.000,0,0,0.0,0.0,1
39.100,0,0,0.0,0.0,1
39.100,0,0,0.0,0.0,1
39.100,0,0,0.0,0.0,1
39.100,0,0,0.0,0.0,1
39.100,0,0,0.0,0.0,1
39.100,0,0,0.0,0.0,1
39.100,0,0,0.0,0.0,1
39.100,0,0,0.0,0.0,1
39.100,0,0,0.0,0.0,1
39.100,0,0,0.0,0.0,1
39.100,0,0,0.0,0.0,1
39.200,0,0,0.0,0.0,1
39.200,0,0,0.0,0.0,1
39.200,0,0,0.0,0.0,1
39.200,0,0,0.0,0.0,1
39.200,0,0,0.0,0.0,1
39.200,0,0,0.0,0.0,1
39.200,0,0,0.0,0.0,1
39.200,0,0,0.0,0.0,1
39.200,0,0,0.0,0.0,1
39.200,0,0,0.0,0.0,1
39.300,0,0,0.0,0.0,1
39.300,0,0,0.0,0.0,1
39.300,0,0,0.0,0.0,1
39.300,0,0,0.0,0.0,1
39.300,0,0,0.0,0.0,1
39.300,0,0,0.0,0.0,1
39.300,0,0,0.0,0.0,1
39.300,0,0,0.0,0.0,1
39.300,0,0,0.0,0.0,1
39.300,0,0,0.0,0.0,1
39.300,0,0,0.0,0.0,1
39.400,0,0,0.0,0.0,1
39.400,0,0,0.0,0.0,1
39.400,0,0,0.0,0.0,1
39.400,0,0,0.0,0.0,1
39.400,0,0,0.0,0.0,1
39.400,0,0,0.0,0.0,1
39.400,0,0,0.0,0.0,1
39.400,0,0,0.0,0.0,1
39.400,0,0,0.0,0.0,1
39.400,0,0,0.0,0.0,1
39.400,0,0,0.0,0.0,1
39.500,0,0,0.0,0.0,1
39.500,0,0,0.0,0.0,1
39.500,0,0,0.0,0.0,1
39.500,0,0,0.0,0.0,1
39.500,0,0,0.0,0.0,1
39.500,0,0,0.0,0.0,1
39.500,0,0,0.0,0.0,1
39.500,0,0,0.0,0.0,1
39.500,0,0,0.0,0.0,1
39.500,0,0,0.0,0.0,1
39.600,0,0,0.0,0.0,1
39.600,0,0,0.0,0.0,1
39.600,0,0,0.0,0.0,1
39.600,0,0,0.0,0.0,1
39.600,0,0,0.0,0.0,1
39.600,0,0,0.0,0.0,1
39.600,0,0,0.0,0.0,1
39.600,0,0,0.0,0.0,1
39.600,0,0,0.0,0.0,1
39.600,0,0,0.0,0.0,1
39.600,0,0,0.0,0.0,1
39.700,0,0,0.0,0.0,1
39.700,0,0,0.0,0.0,1
39.700,0,0,0.0,0.0,1
39.700,0,0,0.0,0.0,1
39.700,0,0,0.0,0.0,1
39.700,0,0,0.0,0.0,1
39.700,0,0,0.0,0.0,1
39.700,0,0,0.0,0.0,1
39.700,0,0,0.0,0.0,1
39.700,0,0,0.0,0.0,1
39.700,0,0,0.0,0.0,1
39.800,0,0,0.0,0.0,1
39.800,0,0,0.0,0.0,1
39.800,0,0,0.0,0.0,1
39.800,0,0,0.0,0.0,1
39.800,0,0,0.0,0.0,1
39.800,0,0,0.0,0.0,1
39.800,0,0,0.0,0.0,1
39.800,0,0,0.0,0.0,1
39.800,0,0,0.0,0.0,1
39.800,0,0,0.0,0.0,1
39.800,0,0,0.0,0.0,1
39.900,0,0,0.0,0.0,1
39.900,0,0,0.0,0.0,1
39.900,0,0,0.0,0.0,1
39.900,0,0,0.0,0.0,1
39.900,0,0,0.0,0.0,1
39.900,0,0,0.0,0.0,1
39.900,0,0,0.0,0.0,1
39.900,0,0,0.0,0.0,1
39.900,0,0,0.0,0.0,1
39.900,0,0,0.0,0.0,1
40.000,0,0,0.0,0.0,1
40.000,0,0,0.0,0.0,1
40.000,0,0,0.0,0.0,1
40.000,0,0,0.0,0.0,1
40.000,0,0,0.0,0.0,1
40.000,0,0,0.0,0.0,1
40.000,0,0,0.0,0.0,1
40.000,0,0,0.0,0.0,1
40.000,0,0,0.0,0.0,1
40.000,0,0,0.0,0.0,1
40.000,0,0,0.0,0.0,1
40.100,0,0,0.0,0.0,1
40.100,0,0,0.0,0.0,1
40.100,0,0,0.0,0.0,1
40.100,0,0,0.0,0.0,1
40.100,0,0,0.0,0.0,1
40.100,0,0,0.0,0.0,1
40.100,0,0,0.0,0.0,1
40.100,0,0,0.0,0.0,1
40.100,0,0,0.0,0.0,1
40.100,0,0,0.0,0.0,1
40.100,0,0,0.0,0.0,1
40.200,0,0,0.0,0.0,1
40.200,0,0,0.0,0.0,1
40.200,0,0,0.0,0.0,1
40.200,0,0,0.0,0.0,1
40.200,0,0,0.0,0.0,1
40.200,0,0,0.0,0.0,1
40.200,0,0,0.0,0.0,1
40.200,0,0,0.0,0.0,1
40.200,0,0,0.0,0.0,1
40.200,0,0,0.0,0.0,1
40.300,0,0,0.0,0.0,1
40.300,0,0,0.0,0.0,1
40.300,0,0,0.0,0.0,1
40.300,0,0,0.0,0.0,1
40.300,0,0,0.0,0.0,1
40.300,0,0,0.0,0.0,1
40.300,0,0,0.0,0.0,1
40.300,0,0,0.0,0.0,1
40.300,0,0,0.0,0.0,1
40.300,0,0,0.0,0.0,1
40.300,0,0,0.0,0.0,1
40.400,0,0,0.0,0.0,1
40.400,0,0,0.0,0.0,1
40.400,0,0,0.0,0.0,1
40.400,0,0,0.0,0.0,1
40.400,0,0,0.0,0.0,1
40.400,0,0,0.0,0.0,1
40.400,0,0,0.0,0.0,1
40.400,0,0,0.0,0.0,1
40.400,0,0,0.0,0.0,1
40.400,0,0,0.0,0.0,1
40.400,0,0,0.0,0.0,1
40.500,0,0,0.0,0.0,1
40.500,0,0,0.0,0.0,1
40.500,0,0,0.0,0.0,1
40.500,0,0,0.0,0.0,1
40.500,0,0,0.0,0.0,1
40.500,0,0,0.0,0.0,1
40.500,0,0,0.0,0.0,1
40.500,0,0,0.0,0.0,1
40.500,0,0,0.0,0.0,1
40.500,0,0,0.0,0.0,1
40.600,0,0,0.0,0.0,1
40.600,0,0,0.0,0.0,1
40.600,0,0,0.0,0.0,1
40.600,0,0,0.0,0.0,1
40.600,0,0,0.0,0.0,1
40.600,0,0,0.0,0.0,1
40.600,0,0,0.0,0.0,1
40.600,0,0,0.0,0.0,1
40.600,0,0,0.0,0.0,1
40.600,0,0,0.0,0.0,1
40.600,0,0,0.0,0.0,1
40.700,0,0,0.0,0.0,1
40.700,0,0,0.0,0.0,1
40.700,0,0,0.0,0.0,1
40.700,0,0,0.0,0.0,1
40.700,0,0,0.0,0.0,1
40.700,0,0,0.0,0.0,1
40.700,0,0,0.0,0.0,1
40.700,0,0,0.0,0.0,1
40.700,0,0,0.0,0.0,1
40.700,0,0,0.0,0.0,1
40.700,0,0,0.0,0.0,1
40.800,0,0,0.0,0.0,1
40.800,0,0,0.0,0.0,1
40.800,0,0,0.0,0.0,1
40.800,0,0,0.0,0.0,1
40.800,0,0,0.0,0.0,1
40.800,0,0,0.0,0.0,1
40.800,0,0,0.0,0.0,1
40.800,0,0,0.0,0.0,1
40.800,0,0,0.0,0.0,1
40.800,0,0,0.0,0.0,1
40.800,0,0,0.0,0.0,1
40.900,0,0,0.0,0.0,1
40.900,0,0,0.0,0.0,1
40.900,0,0,0.0,0.0,1
40.900,0,0,0.0,0.0,1
40.900,0,0,0.0,0.0,1
40.900,0,0,0.0,0.0,1
40.900,0,0,0.0,0.0,1
40.900,0,0,0.0,0.0,1
40.900,0,0,0.0,0.0,1
40.900,0,0,0.0,0.0,1
41.000,0,0,0.0,0.0,1
41.000,0,0,0.0,0.0,1
41.000,0,0,0.0,0.0,1
41.000,0,0,0.0,0.0,1
41.000,0,0,0.0,0.0,1
41.000,0,0,0.0,0.0,1
41.000,0,0,0.0,0.0,1
41.000,0,0,0.0,0.0,1
41.000,0,0,0.0,0.0,1
41.000,0,0,0.0,0.0,1
41.000,0,0,0.0,0.0,1
41.100,0,0,0.0,0.0,1
41.100,0,0,0.0,0.0,1
41.100,0,0,0.0,0.0,1
41.100,0,0,0.0,0.0,1
41.100,0,0,0.0,0.0,1
41.100,0,0,0.0,0.0,1
41.100,0,0,0.0,0.0,1
41.100,0,0,0.0,0.0,1
41.100,0,0,0.0,0.0,1
41.100,0,0,0.0,0.0,1
41.100,0,0,0.0,0.0,1
41.200,0,0,0.0,0.0,0
41.200,0,0,0.0,0.0,0
41.200,0,0,0.0,0.0,0
41.200,0,0,0.0,0.0,0
41.200,0,0,0.0,0.0,0
41.200,0,0,0.0,0.0,0
41.200,0,0,0.0,0.0,0
41.200,0,0,0.0,0.0,0
41.200,0,0,0.0,0.0,0
41.200,0,0,0.0,0.0,0
41.300,2,0,-25.0,0.0,0
41.300,2,0,-25.0,0.0,0
41.300,2,0,-25.0,0.0,0
41.300,2,0,-25.0,0.0,0
41.300,2,0,-25.0,0.0,0
41.300,2,0,-25.0,0.0,0
41.300,2,0,-25.0,0.0,0
41.300,2,0,-25.0,0.0,0
41.300,2,0,-25.0,0.0,0
41.300,2,0,-25.0,0.0,0
41.300,2,0,-25.0,0.0,0
41.400,2,0,-25.0,0.0,0
41.400,2,0,-25.0,0.0,0
41.400,2,0,-25.0,0.0,0
41.400,2,0,-25.0,0.0,0
41.400,2,0,-25.0,0.0,0
41.400,2,0,-25.0,0.0,0
41.400,2,0,-25.0,0.0,0
41.400,2,0,-25.0,0.0,0
41.400,2,0,-25.0,0.0,0
41.400,2,0,-25.0,0.0,0
41.400,2,0,-25.0,0.0,0
41.500,2,0,-25.0,0.0,0
41.500,2,0,-25.0,0.0,0
41.500,2,0,-25.0,0.0,0
41.500,2,0,-25.0,0.0,0
41.500,2,0,-25.0,0.0,0
41.500,2,0,-25.0,0.0,0
41.500,2,0,-25.0,0.0,0
41.500,2,0,-25.0,0.0,0
41.500,2,0,-25.0,0.0,0
41.500,2,0,-25.0,0.0,0
41.600,2,0,-25.0,0.0,0
41.600,2,0,-25.0,0.0,0
41.600,2,0,-25.0,0.0,0
41.600,2,0,-25.0,0.0,0
41.600,2,0,-25.0,0.0,0
41.600,2,0,-25.0,0.0,0
41.600,2,0,-25.0,0.0,0
41.600,2,0,-25.0,0.0,0
41.600,2,0,-25.0,0.0,0
41.600,2,0,-25.0,0.0,0
41.600,2,0,-25.0,0.0,0
41.700,2,0,-25.0,0.0,0
41.700,2,0,-25.0,0.0,0
41.700,2,0,-25.0,0.0,0
41.700,2,0,-25.0,0.0,0
41.700,2,0,-25.0,0.0,0
41.700,2,0,-25.0,0.0,0
41.700,2,0,-25.0,0.0,0
41.700,2,0,-25.0,0.0,0
41.700,2,0,-25.0,0.0,0
41.700,2,0,-25.0,0.0,0
41.700,2,0,-25.0,0.0,0
41.800,2,0,-25.0,0.0,0
41.800,2,0,-25.0,0.0,0
41.800,2,0,-25.0,0.0,0
41.800,2,0,-25.0,0.0,0
41.800,2,0,-25.0,0.0,0
41.800,2,0,-25.0,0.0,0
41.800,2,0,-25.0,0.0,0
41.800,2,0,-25.0,0.0,0
41.800,2,0,-25.0,0.0,0
41.800,2,0,-25.0,0.0,0
41.900,2,0,-25.0,0.0,0
41.900,2,0,-25.0,0.0,0
41.900,2,0,-25.0,0.0,0
41.900,2,0,-25.0,0.0,0
41.900,2,0,-25.0,0.0,0
41.900,2,0,-25.0,0.0,0
41.900,2,0,-25.0,0.0,0
41.900,2,0,-25.0,0.0,0
41.900,2,0,-25.0,0.0,0
41.900,2,0,-25.0,0.0,0
41.900,2,0,-25.0,0.0,0
42.000,2,0,-25.0,0.0,0
42.000,2,0,-25.0,0.0,0
42.000,2,0,-25.0,0.0,0
42.000,2,0,-25.0,0.0,0
42.000,2,0,-25.0,0.0,0
42.000,2,0,-25.0,0.0,0
42.000,2,0,-25.0,0.0,0
42.000,2,0,-25.0,0.0,0
42.000,2,0,-25.0,0.0,0
42.000,2,0,-25.0,0.0,0
42.000,2,0,-25.0,0.0,0
42.100,2,0,-25.0,0.0,0
42.100,2,0,-25.0,0.0,0
42.100,2,0,-25.0,0.0,0
42.100,2,0,-25.0,0.0,0
42.100,2,0,-25.0,0.0,0
42.100,2,0,-25.0,0.0,0
42.100,2,0,-25.0,0.0,0
42.100,2,0,-25.0,0.0,0
42.100,2,0,-25.0,0.0,0
42.100,2,0,-25.0,0.0,0
42.200,2,0,-25.0,0.0,0
42.200,2,0,-25.0,0.0,0
42.200,2,0,-25.0,0.0,0
42.200,2,0,-25.0,0.0,0
42.200,2,0,-25.0,0.0,0
42.200,2,0,-25.0,0.0,0
42.200,2,0,-25.0,0.0,0
42.200,2,0,-25.0,0.0,0
42.200,2,0,-25.0,0.0,0
42.200,2,0,-25.0,0.0,0
42.200,2,0,-25.0,0.0,0
42.300,2,0,-25.0,0.0,0
42.300,2,0,-25.0,0.0,0
42.300,2,0,-25.0,0.0,0
42.300,2,0,-25.0,0.0,0
42.300,2,0,-25.0,0.0,0
42.300,2,0,-25.0,0.0,0
42.300,2,0,-25.0,0.0,0
42.300,2,0,-25.0,0.0,0
42.300,2,0,-25.0,0.0,0
42.300,2,0,-25.0,0.0,0
42.300,2,0,-25.0,0.0,0
42.400,2,0,-25.0,0.0,0
42.400,2,0,-25.0,0.0,0
42.400,2,0,-25.0,0.0,0
42.400,2,0,-25.0,0.0,0
42.400,2,0,-25.0,0.0,0
42.400,2,0,-25.0,0.0,0
42.400,2,0,-25.0,0.0,0
42.400,2,0,-25.0,0.0,0
42.400,2,0,-25.0,0.0,0
42.400,2,0,-25.0,0.0,0
42.400,2,0,-25.0,0.0,0
42.500,2,0,-25.0,0.0,0
42.500,2,0,-25.0,0.0,0
42.500,2,0,-25.0,0.0,0
42.500,2,0,-25.0,0.0,0
42.500,2,0,-25.0,0.0,0
42.500,2,0,-25.0,0.0,0
42.500,2,0,-25.0,0.0,0
42.500,2,0,-25.0,0.0,0
42.500,2,0,-25.0,0.0,0
42.500,2,0,-25.0,0.0,0
42.600,2,0,-25.0,0.0,0
42.600,2,0,-25.0,0.0,0
42.600,2,0,-25.0,0.0,0
42.600,2,0,-25.0,0.0,0
42.600,2,0,-25.0,0.0,0
42.600,2,0,-25.0,0.0,0
42.600,2,0,-25.0,0.0,0
42.600,2,0,-25.0,0.0,0
42.600,2,0,-25.0,0.0,0
42.600,2,0,-25.0,0.0,0
42.600,2,0,-25.0,0.0,0
42.700,2,0,-25.0,0.0,0
42.700,2,0,-25.0,0.0,0
42.700,2,0,-25.0,0.0,0
42.700,2,0,-25.0,0.0,0
42.700,2,0,-25.0,0.0,0
42.700,2,0,-25.0,0.0,0
42.700,2,0,-25.0,0.0,0
42.700,2,0,-25.0,0.0,0
42.700,2,0,-25.0,0.0,0
42.700,2,0,-25.0,0.0,0
42.700,2,0,-25.0,0.0,0
42.800,2,0,-25.0,0.0,0
42.800,2,0,-25.0,0.0,0
42.800,2,0,-25.0,0.0,0
42.800,2,0,-25.0,0.0,0
42.800,2,0,-25.0,0.0,0
42.800,2,0,-25.0,0.0,0
42.800,2,0,-25.0,0.0,0
42.800,2,0,-25.0,0.0,0
42.800,2,0,-25.0,0.0,0
42.800,2,0,-25.0,0.0,0
42.900,2,0,-25.0,0.0,0
42.900,2,0,-25.0,0.0,0
42.900,2,0,-25.0,0.0,0
42.900,2,0,-25.0,0.0,0
42.900,2,0,-25.0,0.0,0
42.900,2,0,-25.0,0.0,0
42.900,2,0,-25.0,0.0,0
42.900,2,0,-25.0,0.0,0
42.900,2,0,-25.0,0.0,0
42.900,2,0,-25.0,0.0,0
42.900,2,0,-25.0,0.0,0
43.000,2,0,-25.0,0.0,0
43.000,2,0,-25.0,0.0,0
43.000,2,0,-25.0,0.0,0
43.000,2,0,-25.0,0.0,0
43.000,2,0,-25.0,0.0,0
43.000,2,0,-25.0,0.0,0
43.000,2,0,-25.0,0.0,0
43.000,2,0,-25.0,0.0,0
43.000,2,0,-25.0,0.0,0
43.000,2,0,-25.0,0.0,0
43.000,2,0,-25.0,0.0,0
43.100,2,0,-25.0,0.0,0
43.100,2,0,-25.0,0.0,0
43.100,2,0,-25.0,0.0,0
43.100,2,0,-25.0,0.0,0
43.100,2,0,-25.0,0.0,0
43.100,2,0,-25.0,0.0,0
43.100,2,0,-25.0,0.0,0
43.100,2,0,-25.0,0.0,0
43.100,2,0,-25.0,0.0,0
43.100,2,0,-25.0,0.0,0
43.200,2,0,-25.0,0.0,0
43.200,2,0,-25.0,0.0,0
43.200,2,0,-25.0,0.0,0
43.200,2,0,-25.0,0.0,0
43.200,2,0,-25.0,0.0,0
43.200,2,0,-25.0,0.0,0
43.200,2,0,-25.0,0.0,0
43.200,2,0,-25.0,0.0,0
43.200,2,0,-25.0,0.0,0
43.200,2,0,-25.0,0.0,0
43.200,2,0,-25.0,0.0,0
43.300,2,0,-25.0,0.0,0
43.300,2,0,-25.0,0.0,0
43.300,2,0,-25.0,0.0,0
43.300,2,0,-25.0,0.0,0
43.300,2,0,-25.0,0.0,0
43.300,2,0,-25.0,0.0,0
43.300,2,0,-25.0,0.0,0
43.300,2,0,-25.0,0.0,0
43.300,2,0,-25.0,0.0,0
43.300,2,0,-25.0,0.0,0
43.300,2,0,-25.0,0.0,0
43.400,2,0,-25.0,0.0,0
43.400,2,0,-25.0,0.0,0
43.400,2,0,-25.0,0.0,0
43.400,2,0,-25.0,0.0,0
43.400,2,0,-25.0,0.0,0
43.400,2,0,-25.0,0.0,0
43.400,2,0,-25.0,0.0,0
43.400,2,0,-25.0,0.0,0
43.400,2,0,-25.0,0.0,0
43.400,2,0,-25.0,0.0,0
43.500,2,0,-25.0,0.0,0
43.500,2,0,-25.0,0.0,0
43.500,2,0,-25.0,0.0,0
43.500,2,0,-25.0,0.0,0
43.500,2,0,-25.0,0.0,0
43.500,2,0,-25.0,0.0,0
43.500,2,0,-25.0,0.0,0
43.500,2,0,-25.0,0.0,0
43.500,2,0,-25.0,0.0,0
43.500,2,0,-25.0,0.0,0
43.500,2,0,-25.0,0.0,0
43.600,2,0,-25.0,0.0,0
43.600,2,0,-25.0,0.0,0
43.600,2,0,-25.0,0.0,0
43.600,2,0,-25.0,0.0,0
43.600,2,0,-25.0,0.0,0
43.600,2,0,-25.0,0.0,0
43.600,2,0,-25.0,0.0,0
43.600,2,0,-25.0,0.0,0
43.600,2,0,-25.0,0.0,0
43.600,2,0,-25.0,0.0,0
43.600,2,0,-25.0,0.0,0
43.700,2,0,-25.0,0.0,0
43.700,2,0,-25.0,0.0,0
43.700,2,0,-25.0,0.0,0
43.700,2,0,-25.0,0.0,0
43.700,2,0,-25.0,0.0,0
43.700,2,0,-25.0,0.0,0
43.700,2,0,-25.0,0.0,0
43.700,2,0,-25.0,0.0,0
43.700,2,0,-25.0,0.0,0
43.700,2,0,-25.0,0.0,0
43.700,2,0,-25.0,0.0,0
43.800,2,0,-25.0,0.0,0
43.800,2,0,-25.0,0.0,0
43.800,2,0,-25.0,0.0,0
43.800,2,0,-25.0,0.0,0
43.800,2,0,-25.0,0.0,0
43.800,2,0,-25.0,0.0,0
43.800,2,0,-25.0,0.0,0
43.800,2,0,-25.0,0.0,0
43.800,2,0,-25.0,0.0,0
43.800,2,0,-25.0,0.0,0
43.900,2,0,-25.0,0.0,0
43.900,2,0,-25.0,0.0,0
43.900,2,0,-25.0,0.0,0
43.900,2,0,-25.0,0.0,0
43.900,2,0,-25.0,0.0,0
43.900,2,0,-25.0,0.0,0
43.900,2,0,-25.0,0.0,0
43.900,2,0,-25.0,0.0,0
43.900,2,0,-25.0,0.0,0
43.900,2,0,-25.0,0.0,0
43.900,2,0,-25.0,0.0,0
44.000,2,0,-25.0,0.0,0
44.000,2,0,-25.0,0.0,0
44.000,2,0,-25.0,0.0,0
44.000,2,0,-25.0,0.0,0
44.000,2,0,-25.0,0.0,0
44.000,2,0,-25.0,0.0,0
44.000,2,0,-25.0,0.0,0
44.000,2,0,-25.0,0.0,0
44.000,2,0,-25.0,0.0,0
44.000,2,0,-25.0,0.0,0
44.000,2,0,-25.0,0.0,0
44.100,2,0,-25.0,0.0,0
44.100,2,0,-25.0,0.0,0
44.100,2,0,-25.0,0.0,0
44.100,2,0,-25.0,0.0,0
44.100,2,0,-25.0,0.0,0
44.100,2,0,-25.0,0.0,0
44.100,2,0,-25.0,0.0,0
44.100,2,0,-25.0,0.0,0
44.100,2,0,-25.0,0.0,0
44.100,2,0,-25.0,0.0,0
44.200,2,0,-25.0,0.0,0
44.200,2,0,-25.0,0.0,0
44.200,2,0,-25.0,0.0,0
44.200,2,0,-25.0,0.0,0
44.200,2,0,-25.0,0.0,0
44.200,2,0,-25.0,0.0,0
44.200,2,0,-25.0,0.0,0
44.200,2,0,-25.0,0.0,0
44.200,2,0,-25.0,0.0,0
44.200,2,0,-25.0,0.0,0
44.200,2,0,-25.0,0.0,0
44.300,2,0,-25.0,0.0,0
44.300,2,0,-25.0,0.0,0
44.300,2,0,-25.0,0.0,0
44.300,2,0,-25.0,0.0,0
44.300,2,0,-25.0,0.0,0
44.300,2,0,-25.0,0.0,0
44.300,2,0,-25.0,0.0,0
44.300,2,0,-25.0,0.0,0
44.300,2,0,-25.0,0.0,0
44.300,2,0,-25.0,0.0,0
44.300,2,0,-25.0,0.0,0
44.400,2,0,-25.0,0.0,0
44.400,2,0,-25.0,0.0,0
44.400,2,0,-25.0,0.0,0
44.400,2,0,-25.0,0.0,0
44.400,2,0,-25.0,0.0,0
44.400,2,0,-25.0,0.0,0
44.400,2,0,-25.0,0.0,0
44.400,2,0,-25.0,0.0,0
44.400,2,0,-25.0,0.0,0
44.400,2,0,-25.0,0.0,0
44.400,2,0,-25.0,0.0,0
44.500,2,0,-25.0,0.0,0
44.500,2,0,-25.0,0.0,0
44.500,2,0,-25.0,0.0,0
44.500,2,0,-25.0,0.0,0
44.500,2,0,-25.0,0.0,0
44.500,2,0,-25.0,0.0,0
44.500,2,0,-25.0,0.0,0
44.500,2,0,-25.0,0.0,0
44.500,2,0,-25.0,0.0,0
44.500,2,0,-25.0,0.0,0
44.600,2,0,-25.0,0.0,0
44.600,2,0,-25.0,0.0,0
44.600,2,0,-25.0,0.0,0
44.600,2,0,-25.0,0.0,0
44.600,2,0,-25.0,0.0,0
44.600,2,0,-25.0,0.0,0
44.600,2,0,-25.0,0.0,0
44.600,2,0,-25.0,0.0,0
44.600,2,0,-25.0,0.0,0
44.600,2,0,-25.0,0.0,0
44.600,2,0,-25.0,0.0,0
44.700,2,0,-25.0,0.0,0
44.700,2,0,-25.0,0.0,0
44.700,2,0,-25.0,0.0,0
44.700,2,0,-25.0,0.0,0
44.700,2,0,-25.0,0.0,0
44.700,2,0,-25.0,0.0,0
44.700,2,0,-25.0,0.0,0
44.700,2,0,-25.0,0.0,0
44.700,2,0,-25.0,0.0,0
44.700,2,0,-25.0,0.0,0
44.700,2,0,-25.0,0.0,0
44.800,2,0,-25.0,0.0,0
44.800,2,0,-25.0,0.0,0
44.800,2,0,-25.0,0.0,0
44.800,2,0,-25.0,0.0,0
44.800,2,0,-25.0,0.0,0
44.800,2,0,-25.0,0.0,0
44.800,2,0,-25.0,0.0,0
44.800,2,0,-25.0,0.0,0
44.800,2,0,-25.0,0.0,0
44.800,2,0,-25.0,0.0,0
44.900,2,0,-25.0,0.0,0
44.900,2,0,-25.0,0.0,0
44.900,2,0,-25.0,0.0,0
44.900,2,0,-25.0,0.0,0
44.900,2,0,-25.0,0.0,0
44.900,2,0,-25.0,0.0,0
44.900,2,0,-25.0,0.0,0
44.900,2,0,-25.0,0.0,0
44.900,2,0,-25.0,0.0,0
44.900,2,0,-25.0,0.0,0
44.900,2,0,-25.0,0.0,0
45.000,2,0,-25.0,0.0,0
45.000,2,0,-25.0,0.0,0
45.000,2,0,-25.0,0.0,0
45.000,2,0,-25.0,0.0,0
45.000,2,0,-25.0,0.0,0
45.000,2,0,-25.0,0.0,0
45.000,2,0,-25.0,0.0,0
45.000,2,0,-25.0,0.0,0
45.000,2,0,-25.0,0.0,0
45.000,2,0,-25.0,0.0,0
45.000,2,0,-25.0,0.0,0
45.100,2,0,-25.0,0.0,0
45.100,2,0,-25.0,0.0,0
45.100,2,0,-25.0,0.0,0
45.100,2,0,-25.0,0.0,0
45.100,2,0,-25.0,0.0,0
45.100,2,0,-25.0,0.0,0
45.100,2,0,-25.0,0.0,0
45.100,2,0,-25.0,0.0,0
45.100,2,0,-25.0,0.0,0
45.100,2,0,-25.0,0.0,0
45.200,2,0,-25.0,0.0,0
45.200,2,0,-25.0,0.0,0
45.200,2,0,-25.0,0.0,0
45.200,2,0,-25.0,0.0,0
45.200,2,0,-25.0,0.0,0
45.200,2,0,-25.0,0.0,0
45.200,2,0,-25.0,0.0,0
45.200,2,0,-25.0,0.0,0
45.200,2,0,-25.0,0.0,0
45.200,2,0,-25.0,0.0,0
45.200,2,0,-25.0,0.0,0
45.300,2,0,-25.0,0.0,0
45.300,2,0,-25.0,0.0,0
45.300,2,0,-25.0,0.0,0
45.300,2,0,-25.0,0.0,0
45.300,2,0,-25.0,0.0,0
45.300,2,0,-25.0,0.0,0
45.300,2,0,-25.0,0.0,0
45.300,2,0,-25.0,0.0,0
45.300,2,0,-25.0,0.0,0
45.300,2,0,-25.0,0.0,0
45.300,2,0,-25.0,0.0,0
45.400,2,0,-25.0,0.0,0
45.400,2,0,-25.0,0.0,0
45.400,2,0,-25.0,0.0,0
45.400,2,0,-25.0,0.0,0
45.400,2,0,-25.0,0.0,0
45.400,2,0,-25.0,0.0,0
45.400,2,0,-25.0,0.0,0
45.400,2,0,-25.0,0.0,0
45.400,2,0,-25.0,0.0,0
45.400,2,0,-25.0,0.0,0
45.500,2,0,-25.0,0.0,0
45.500,2,0,-25.0,0.0,0
45.500,2,0,-25.0,0.0,0
45.500,2,0,-25.0,0.0,0
45.500,2,0,-25.0,0.0,0
45.500,2,0,-25.0,0.0,0
45.500,2,0,-25.0,0.0,0
45.500,2,0,-25.0,0.0,0
45.500,2,0,-25.0,0.0,0
45.500,2,0,-25.0,0.0,0
45.500,2,0,-25.0,0.0,0
45.600,2,0,-25.0,0.0,0
45.600,2,0,-25.0,0.0,0
45.600,2,0,-25.0,0.0,0
45.600,2,0,-25.0,0.0,0
45.600,2,0,-25.0,0.0,0
45.600,2,0,-25.0,0.0,0
45.600,2,0,-25.0,0.0,0
45.600,2,0,-25.0,0.0,0
45.600,2,0,-25.0,0.0,0
45.600,2,0,-25.0,0.0,0
45.600,2,0,-25.0,0.0,0
45.700,2,0,-25.0,0.0,0
45.700,2,0,-25.0,0.0,0
45.700,2,0,-25.0,0.0,0
45.700,2,0,-25.0,0.0,0
45.700,2,0,-25.0,0.0,0
45.700,2,0,-25.0,0.0,0
45.700,2,0,-25.0,0.0,0
45.700,2,0,-25.0,0.0,0
45.700,2,0,-25.0,0.0,0
45.700,2,0,-25.0,0.0,0
45.800,2,0,-25.0,0.0,0
45.800,2,0,-25.0,0.0,0
45.800,2,0,-25.0,0.0,0
45.800,2,0,-25.0,0.0,0
45.800,2,0,-25.0,0.0,0
45.800,2,0,-25.0,0.0,0
45.800,2,0,-25.0,0.0,0
45.800,2,0,-25.0,0.0,0
45.800,2,0,-25.0,0.0,0
45.800,2,0,-25.0,0.0,0
45.800,2,0,-25.0,0.0,0
45.900,2,0,-25.0,0.0,0
45.900,2,0,-25.0,0.0,0
45.900,2,0,-25.0,0.0,0
45.900,2,0,-25.0,0.0,0
45.900,2,0,-25.0,0.0,0
45.900,2,0,-25.0,0.0,0
45.900,2,0,-25.0,0.0,0
45.900,2,0,-25.0,0.0,0
45.900,2,0,-25.0,0.0,0
45.900,2,0,-25.0,0.0,0
45.900,2,0,-25.0,0.0,0
46.000,2,0,-25.0,0.0,0
46.000,2,0,-25.0,0.0,0
46.000,2,0,-25.0,0.0,0
46.000,2,0,-25.0,0.0,0
46.000,2,0,-25.0,0.0,0
46.000,2,0,-25.0,0.0,0
46.000,2,0,-25.0,0.0,0
46.000,2,0,-25.0,0.0,0
46.000,2,0,-25.0,0.0,0
46.000,2,0,-25.0,0.0,0
46.000,2,0,-25.0,0.0,0
46.100,2,0,-25.0,0.0,0
46.100,2,0,-25.0,0.0,0
46.100,2,0,-25.0,0.0,0
46.100,2,0,-25.0,0.0,0
46.100,2,0,-25.0,0.0,0
46.100,2,0,-25.0,0.0,0
46.100,2,0,-25.0,0.0,0
46.100,2,0,-25.0,0.0,0
46.100,2,0,-25.0,0.0,0
46.100,2,0,-25.0,0.0,0
46.200,2,0,-25.0,0.0,0
46.200,2,0,-25.0,0.0,0
46.200,2,0,-25.0,0.0,0
46.200,2,0,-25.0,0.0,0
46.200,2,0,-25.0,0.0,0
46.200,2,0,-25.0,0.0,0
46.200,2,0,-25.0,0.0,0
46.200,2,0,-25.0,0.0,0
46.200,2,0,-25.0,0.0,0
46.200,2,0,-25.0,0.0,0
46.200,2,0,-25.0,0.0,0
46.300,2,0,-25.0,0.0,0
46.300,2,0,-25.0,0.0,0
46.300,2,0,-25.0,0.0,0
46.300,2,0,-25.0,0.0,0
46.300,2,0,-25.0,0.0,0
46.300,2,0,-25.0,0.0,0
46.300,2,0,-25.0,0.0,0
46.300,2,0,-25.0,0.0,0
46.300,2,0,-25.0,0.0,0
46.300,2,0,-25.0,0.0,0
46.300,2,0,-25.0,0.0,0
46.400,2,0,-25.0,0.0,0
46.400,2,0,-25.0,0.0,0
46.400,2,0,-25.0,0.0,0
46.400,2,0,-25.0,0.0,0
46.400,2,0,-25.0,0.0,0
46.400,2,0,-25.0,0.0,0
46.400,2,0,-25.0,0.0,0
46.400,2,0,-25.0,0.0,0
46.400,2,0,-25.0,0.0,0
46.400,2,0,-25.0,0.0,0
46.500,2,0,-25.0,0.0,0
46.500,2,0,-25.0,0.0,0
46.500,2,0,-25.0,0.0,0
46.500,2,0,-25.0,0.0,0
46.500,2,0,-25.0,0.0,0
46.500,2,0,-25.0,0.0,0
46.500,2,0,-25.0,0.0,0
46.500,2,0,-25.0,0.0,0
46.500,2,0,-25.0,0.0,0
46.500,2,0,-25.0,0.0,0
46.500,2,0,-25.0,0.0,0
46.600,2,0,-25.0,0.0,0
46.600,2,0,-25.0,0.0,0
46.600,2,0,-25.0,0.0,0
46.600,2,0,-25.0,0.0,0
46.600,2,0,-25.0,0.0,0
46.600,2,0,-25.0,0.0,0
46.600,2,0,-25.0,0.0,0
46.600,2,0,-25.0,0.0,0
46.600,2,0,-25.0,0.0,0
46.600,2,0,-25.0,0.0,0
46.600,2,0,-25.0,0.0,0
46.700,2,0,-25.0,0.0,0
46.700,2,0,-25.0,0.0,0
46.700,2,0,-25.0,0.0,0
46.700,2,0,-25.0,0.0,0
46.700,2,0,-25.0,0.0,0
46.700,2,0,-25.0,0.0,0
46.700,2,0,-25.0,0.0,0
46.700,2,0,-25.0,0.0,0
46.700,2,0,-25.0,0.0,0
46.700,2,0,-25.0,0.0,0
46.800,2,0,-25.0,0.0,0
46.800,2,0,-25.0,0.0,0
46.800,2,0,-25.0,0.0,0
46.800,2,0,-25.0,0.0,0
46.800,2,0,-25.0,0.0,0
46.800,2,0,-25.0,0.0,0
46.800,2,0,-25.0,0.0,0
46.800,2,0,-25.0,0.0,0
46.800,2,0,-25.0,0.0,0
46.800,2,0,-25.0,0.0,0
46.800,2,0,-25.0,0.0,0
46.900,2,0,-25.0,0.0,0
46.900,2,0,-25.0,0.0,0
46.900,2,0,-25.0,0.0,0
46.900,2,0,-25.0,0.0,0
46.900,2,0,-25.0,0.0,0
46.900,2,0,-25.0,0.0,0
46.900,2,0,-25.0,0.0,0
46.900,2,0,-25.0,0.0,0
46.900,2,0,-25.0,0.0,0
46.900,2,0,-25.0,0.0,0
46.900,2,0,-25.0,0.0,0
47.000,2,0,-25.0,0.0,0
47.000,2,0,-25.0,0.0,0
47.000,2,0,-25.0,0.0,0
47.000,2,0,-25.0,0.0,0
47.000,2,0,-25.0,0.0,0
47.000,2,0,-25.0,0.0,0
47.000,2,0,-25.0,0.0,0
47.000,2,0,-25.0,0.0,0
47.000,2,0,-25.0,0.0,0
47.000,2,0,-25.0,0.0,0
47.000,2,0,-25.0,0.0,0
47.100,2,0,-25.0,0.0,0
47.100,2,0,-25.0,0.0,0
47.100,2,0,-25.0,0.0,0
47.100,2,0,-25.0,0.0,0
47.100,2,0,-25.0,0.0,0
47.100,2,0,-25.0,0.0,0
47.100,2,0,-25.0,0.0,0
47.100,2,0,-25.0,0.0,0
47.100,2,0,-25.0,0.0,0
47.100,2,0,-25.0,0.0,0
47.200,2,0,-25.0,0.0,0
47.200,2,0,-25.0,0.0,0
47.200,2,0,-25.0,0.0,0
47.200,2,0,-25.0,0.0,0
47.200,2,0,-25.0,0.0,0
47.200,2,0,-25.0,0.0,0
47.200,2,0,-25.0,0.0,0
47.200,2,0,-25.0,0.0,0
47.200,2,0,-25.0,0.0,0
47.200,2,0,-25.0,0.0,0
47.200,2,0,-25.0,0.0,0
47.300,2,0,-25.0,0.0,0
47.300,2,0,-25.0,0.0,0
47.300,2,0,-25.0,0.0,0
47.300,2,0,-25.0,0.0,0
47.300,2,0,-25.0,0.0,0
47.300,2,0,-25.0,0.0,0
47.300,2,0,-25.0,0.0,0
47.300,2,0,-25.0,0.0,0
47.300,2,0,-25.0,0.0,0
47.300,2,0,-25.0,0.0,0
47.300,2,0,-25.0,0.0,0
47.400,2,0,-25.0,0.0,0
47.400,2,0,-25.0,0.0,0
47.400,2,0,-25.0,0.0,0
47.400,2,0,-25.0,0.0,0
47.400,2,0,-25.0,0.0,0
47.400,2,0,-25.0,0.0,0
47.400,2,0,-25.0,0.0,0
47.400,2,0,-25.0,0.0,0
47.400,2,0,-25.0,0.0,0
47.400,2,0,-25.0,0.0,0
47.500,2,0,-25.0,0.0,0
47.500,2,0,-25.0,0.0,0
47.500,2,0,-25.0,0.0,0
47.500,2,0,-25.0,0.0,0
47.500,2,0,-25.0,0.0,0
47.500,2,0,-25.0,0.0,0
47.500,2,0,-25.0,0.0,0
47.500,2,0,-25.0,0.0,0
47.500,2,0,-25.0,0.0,0
47.500,2,0,-25.0,0.0,0
47.500,2,0,-25.0,0.0,0
47.600,2,0,-25.0,0.0,0
47.600,2,0,-25.0,0.0,0
47.600,2,0,-25.0,0.0,0
47.600,2,0,-25.0,0.0,0
47.600,2,0,-25.0,0.0,0
47.600,2,0,-25.0,0.0,0
47.600,2,0,-25.0,0.0,0
47.600,2,0,-25.0,0.0,0
47.600,2,0,-25.0,0.0,0
47.600,2,0,-25.0,0.0,0
47.600,2,0,-25.0,0.0,0
47.700,2,0,-25.0,0.0,0
47.700,2,0,-25.0,0.0,0
47.700,2,0,-25.0,0.0,0
47.700,2,0,-25.0,0.0,0
47.700,2,0,-25.0,0.0,0
47.700,2,0,-25.0,0.0,0
47.700,2,0,-25.0,0.0,0
47.700,2,0,-25.0,0.0,0
47.700,2,0,-25.0,0.0,0
47.700,2,0,-25.0,0.0,0
47.800,2,0,-25.0,0.0,0
47.800,2,0,-25.0,0.0,0
47.800,2,0,-25.0,0.0,0
47.800,2,0,-25.0,0.0,0
47.800,2,0,-25.0,0.0,0
47.800,2,0,-25.0,0.0,0
47.800,2,0,-25.0,0.0,0
47.800,2,0,-25.0,0.0,0
47.800,2,0,-25.0,0.0,0
47.800,2,0,-25.0,0.0,0
47.800,2,0,-25.0,0.0,0
47.900,2,0,-25.0,0.0,0
47.900,2,0,-25.0,0.0,0
47.900,2,0,-25.0,0.0,0
47.900,2,0,-25.0,0.0,0
47.900,2,0,-25.0,0.0,0
47.900,2,0,-25.0,0.0,0
47.900,2,0,-25.0,0.0,0
47.900,2,0,-25.0,0.0,0
47.900,2,0,-25.0,0.0,0
47.900,2,0,-25.0,0.0,0
47.900,2,0,-25.0,0.0,0
48.000,2,0,-25.0,0.0,0
48.000,2,0,-25.0,0.0,0
48.000,2,0,-25.0,0.0,0
48.000,2,0,-25.0,0.0,0
48.000,2,0,-25.0,0.0,0
48.000,2,0,-25.0,0.0,0
48.000,2,0,-25.0,0.0,0
48.000,2,0,-25.0,0.0,0
48.000,2,0,-25.0,0.0,0
48.000,2,0,-25.0,0.0,0
48.000,2,0,-25.0,0.0,0
48.100,2,0,-25.0,0.0,0
48.100,2,0,-25.0,0.0,0
48.100,2,0,-25.0,0.0,0
48.100,2,0,-25.0,0.0,0
48.100,2,0,-25.0,0.0,0
48.100,2,0,-25.0,0.0,0
48.100,2,0,-25.0,0.0,0
48.100,2,0,-25.0,0.0,0
48.100,2,0,-25.0,0.0,0
48.100,2,0,-25.0,0.0,0
48.200,2,0,-25.0,0.0,0
48.200,2,0,-25.0,0.0,0
48.200,2,0,-25.0,0.0,0
48.200,2,0,-25.0,0.0,0
48.200,2,0,-25.0,0.0,0
48.200,2,0,-25.0,0.0,0
48.200,2,0,-25.0,0.0,0
48.200,2,0,-25.0,0.0,0
48.200,2,0,-25.0,0.0,0
48.200,2,0,-25.0,0.0,0
48.200,2,0,-25.0,0.0,0
48.300,2,0,-25.0,0.0,0
48.300,2,0,-25.0,0.0,0
48.300,2,0,-25.0,0.0,0
48.300,2,0,-25.0,0.0,0
48.300,2,0,-25.0,0.0,0
48.300,2,0,-25.0,0.0,0
48.300,2,0,-25.0,0.0,0
48.300,2,0,-25.0,0.0,0
48.300,2,0,-25.0,0.0,0
48.300,2,0,-25.0,0.0,0
48.300,2,0,-25.0,0.0,0
48.400,2,0,-25.0,0.0,0
48.400,2,0,-25.0,0.0,0
48.400,2,0,-25.0,0.0,0
48.400,2,0,-25.0,0.0,0
48.400,2,0,-25.0,0.0,0
48.400,2,0,-25.0,0.0,0
48.400,2,0,-25.0,0.0,0
48.400,2,0,-25.0,0.0,0
48.400,2,0,-25.0,0.0,0
48.400,2,0,-25.0,0.0,0
48.500,2,0,-25.0,0.0,0
48.500,2,0,-25.0,0.0,0
48.500,2,0,-25.0,0.0,0
48.500,2,0,-25.0,0.0,0
48.500,2,0,-25.0,0.0,0
48.500,2,0,-25.0,0.0,0
48.500,2,0,-25.0,0.0,0
48.500,2,0,-25.0,0.0,0
48.500,2,0,-25.0,0.0,0
48.500,2,0,-25.0,0.0,0
48.500,2,0,-25.0,0.0,0
48.600,2,0,-25.0,0.0,0
48.600,2,0,-25.0,0.0,0
48.600,2,0,-25.0,0.0,0
48.600,2,0,-25.0,0.0,0
48.600,2,0,-25.0,0.0,0
48.600,2,0,-25.0,0.0,0
48.600,2,0,-25.0,0.0,0
48.600,2,0,-25.0,0.0,0
48.600,2,0,-25.0,0.0,0
48.600,2,0,-25.0,0.0,0
48.600,2,0,-25.0,0.0,0
48.700,2,0,-25.0,0.0,0
48.700,2,0,-25.0,0.0,0
48.700,2,0,-25.0,0.0,0
48.700,2,0,-25.0,0.0,0
48.700,2,0,-25.0,0.0,0
48.700,2,0,-25.0,0.0,0
48.700,2,0,-25.0,0.0,0
48.700,2,0,-25.0,0.0,0
48.700,2,0,-25.0,0.0,0
48.700,2,0,-25.0,0.0,0
48.800,2,0,-25.0,0.0,0
48.800,2,0,-25.0,0.0,0
48.800,2,0,-25.0,0.0,0
48.800,2,0,-25.0,0.0,0
48.800,2,0,-25.0,0.0,0
48.800,2,0,-25.0,0.0,0
48.800,2,0,-25.0,0.0,0
48.800,2,0,-25.0,0.0,0
48.800,2,0,-25.0,0.0,0
48.800,2,0,-25.0,0.0,0
48.800,2,0,-25.0,0.0,0
48.900,2,0,-25.0,0.0,0
48.900,2,0,-25.0,0.0,0
48.900,2,0,-25.0,0.0,0
48.900,2,0,-25.0,0.0,0
48.900,2,0,-25.0,0.0,0
48.900,2,0,-25.0,0.0,0
48.900,2,0,-25.0,0.0,0
48.900,2,0,-25.0,0.0,0
48.900,2,0,-25.0,0.0,0
48.900,2,0,-25.0,0.0,0
48.900,2,0,-25.0,0.0,0
49.000,2,0,-25.0,0.0,0
49.000,2,0,-25.0,0.0,0
49.000,2,0,-25.0,0.0,0
49.000,2,0,-25.0,0.0,0
49.000,2,0,-25.0,0.0,0
49.000,2,0,-25.0,0.0,0
49.000,2,0,-25.0,0.0,0
49.000,2,0,-25.0,0.0,0
49.000,2,0,-25.0,0.0,0
49.000,2,0,-25.0,0.0,0
49.100,2,0,-25.0,0.0,0
49.100,2,0,-25.0,0.0,0
49.100,2,0,-25.0,0.0,0
49.100,2,0,-25.0,0.0,0
49.100,2,0,-25.0,0.0,0
49.100,2,0,-25.0,0.0,0
49.100,2,0,-25.0,0.0,0
49.100,2,0,-25.0,0.0,0
49.100,2,0,-25.0,0.0,0
49.100,2,0,-25.0,0.0,0
49.100,2,0,-25.0,0.0,0
49.200,2,0,-25.0,0.0,0
49.200,2,0,-25.0,0.0,0
49.200,2,0,-25.0,0.0,0
49.200,2,0,-25.0,0.0,0
49.200,2,0,-25.0,0.0,0
49.200,2,0,-25.0,0.0,0
49.200,2,0,-25.0,0.0,0
49.200,2,0,-25.0,0.0,0
49.200,2,0,-25.0,0.0,0
49.200,2,0,-25.0,0.0,0
49.200,2,0,-25.0,0.0,0
49.300,2,0,-25.0,0.0,0
49.300,2,0,-25.0,0.0,0
49.300,2,0,-25.0,0.0,0
49.300,2,0,-25.0,0.0,0
49.300,2,0,-25.0,0.0,0
49.300,2,0,-25.0,0.0,0
49.300,2,0,-25.0,0.0,0
49.300,2,0,-25.0,0.0,0
49.300,2,0,-25.0,0.0,0
49.300,2,0,-25.0,0.0,0
49.300,2,0,-25.0,0.0,0
49.400,2,0,-25.0,0.0,0
49.400,2,0,-25.0,0.0,0
49.400,2,0,-25.0,0.0,0
49.400,2,0,-25.0,0.0,0
49.400,2,0,-25.0,0.0,0
49.400,2,0,-25.0,0.0,0
49.400,2,0,-25.0,0.0,0
49.400,2,0,-25.0,0.0,0
49.400,2,0,-25.0,0.0,0
49.400,2,0,-25.0,0.0,0
49.500,2,0,-25.0,0.0,0
49.500,2,0,-25.0,0.0,0
49.500,2,0,-25.0,0.0,0
49.500,2,0,-25.0,0.0,0
49.500,2,0,-25.0,0.0,0
49.500,2,0,-25.0,0.0,0
49.500,2,0,-25.0,0.0,0
49.500,2,0,-25.0,0.0,0
49.500,2,0,-25.0,0.0,0
49.500,2,0,-25.0,0.0,0
49.500,2,0,-25.0,0.0,0
49.600,2,0,-25.0,0.0,0
49.600,2,0,-25.0,0.0,0
49.600,2,0,-25.0,0.0,0
49.600,2,0,-25.0,0.0,0
49.600,2,0,-25.0,0.0,0
49.600,2,0,-25.0,0.0,0
49.600,2,0,-25.0,0.0,0
49.600,2,0,-25.0,0.0,0
49.600,2,0,-25.0,0.0,0
49.600,2,0,-25.0,0.0,0
49.600,2,0,-25.0,0.0,0
49.700,2,0,-25.0,0.0,0
49.700,2,0,-25.0,0.0,0
49.700,2,0,-25.0,0.0,0
49.700,2,0,-25.0,0.0,0
49.700,2,0,-25.0,0.0,0
49.700,2,0,-25.0,0.0,0
49.700,2,0,-25.0,0.0,0
49.700,2,0,-25.0,0.0,0
49.700,2,0,-25.0,0.0,0
49.700,2,0,-25.0,0.0,0
49.800,2,0,-25.0,0.0,0
49.800,2,0,-25.0,0.0,0
49.800,2,0,-25.0,0.0,0
49.800,2,0,-25.0,0.0,0
49.800,2,0,-25.0,0.0,0
49.800,2,0,-25.0,0.0,0
49.800,2,0,-25.0,0.0,0
49.800,2,0,-25.0,0.0,0
49.800,2,0,-25.0,0.0,0
49.800,2,0,-25.0,0.0,0
49.800,2,0,-25.0,0.0,0
49.900,2,0,-25.0,0.0,0
49.900,2,0,-25.0,0.0,0
49.900,2,0,-25.0,0.0,0
49.900,2,0,-25.0,0.0,0
49.900,2,0,-25.0,0.0,0
49.900,2,0,-25.0,0.0,0
49.900,2,0,-25.0,0.0,0
49.900,2,0,-25.0,0.0,0
49.900,2,0,-25.0,0.0,0
49.900,2,0,-25.0,0.0,0
49.900,2,0,-25.0,0.0,0
50.000,2,0,-25.0,0.0,0
50.000,2,0,-25.0,0.0,0
50.000,2,0,-25.0,0.0,0
50.000,2,0,-25.0,0.0,0
50.000,2,0,-25.0,0.0,0
50.000,2,0,-25.0,0.0,0
50.000,2,0,-25.0,0.0,0
50.000,2,0,-25.0,0.0,0
50.000,2,0,-25.0,0.0,0
50.000,2,0,-25.0,0.0,0
50.100,2,0,-25.0,0.0,0
50.100,2,0,-25.0,0.0,0
50.100,2,0,-25.0,0.0,0
50.100,2,0,-25.0,0.0,0
50.100,2,0,-25.0,0.0,0
50.100,2,0,-25.0,0.0,0
50.100,2,0,-25.0,0.0,0
50.100,2,0,-25.0,0.0,0
50.100,2,0,-25.0,0.0,0
50.100,2,0,-25.0,0.0,0
50.100,2,0,-25.0,0.0,0
50.200,2,0,-25.0,0.0,0
50.200,2,0,-25.0,0.0,0
50.200,2,0,-25.0,0.0,0
50.200,2,0,-25.0,0.0,0
50.200,2,0,-25.0,0.0,0
50.200,2,0,-25.0,0.0,0
50.200,2,0,-25.0,0.0,0
50.200,2,0,-25.0,0.0,0
50.200,2,0,-25.0,0.0,0
50.200,2,0,-25.0,0.0,0
50.200,2,0,-25.0,0.0,0
50.300,2,0,-25.0,0.0,0
50.300,2,0,-25.0,0.0,0
50.300,2,0,-25.0,0.0,0
50.300,2,0,-25.0,0.0,0
50.300,2,0,-25.0,0.0,0
50.300,2,0,-25.0,0.0,0
50.300,2,0,-25.0,0.0,0
50.300,2,0,-25.0,0.0,0
50.300,2,0,-25.0,0.0,0
50.300,2,0,-25.0,0.0,0
50.300,2,0,-25.0,0.0,0
50.400,2,0,-25.0,0.0,0
50.400,2,0,-25.0,0.0,0
50.400,2,0,-25.0,0.0,0
50.400,2,0,-25.0,0.0,0
50.400,2,0,-25.0,0.0,0
50.400,2,0,-25.0,0.0,0
50.400,2,0,-25.0,0.0,0
50.400,2,0,-25.0,0.0,0
50.400,2,0,-25.0,0.0,0
50.400,2,0,-25.0,0.0,0
50.500,2,0,-25.0,0.0,0
50.500,2,0,-25.0,0.0,0
50.500,2,0,-25.0,0.0,0
50.500,2,0,-25.0,0.0,0
50.500,2,0,-25.0,0.0,0
50.500,2,0,-25.0,0.0,0
50.500,2,0,-25.0,0.0,0
50.500,2,0,-25.0,0.0,0
50.500,2,0,-25.0,0.0,0
50.500,2,0,-25.0,0.0,0
50.500,2,0,-25.0,0.0,0
50.600,2,0,-25.0,0.0,0
50.600,2,0,-25.0,0.0,0
50.600,2,0,-25.0,0.0,0
50.600,2,0,-25.0,0.0,0
50.600,2,0,-25.0,0.0,0
50.600,2,0,-25.0,0.0,0
50.600,2,0,-25.0,0.0,0
50.600,2,0,-25.0,0.0,0
50.600,2,0,-25.0,0.0,0
50.600,2,0,-25.0,0.0,0
50.600,2,0,-25.0,0.0,0
50.700,2,0,-25.0,0.0,0
50.700,2,0,-25.0,0.0,0
50.700,2,0,-25.0,0.0,0
50.700,2,0,-25.0,0.0,0
50.700,2,0,-25.0,0.0,0
50.700,2,0,-25.0,0.0,0
50.700,2,0,-25.0,0.0,0
50.700,2,0,-25.0,0.0,0
50.700,2,0,-25.0,0.0,0
50.700,2,0,-25.0,0.0,0
50.800,2,0,-25.0,0.0,0
50.800,2,0,-25.0,0.0,0
50.800,2,0,-25.0,0.0,0
50.800,2,0,-25.0,0.0,0
50.800,2,0,-25.0,0.0,0
50.800,2,0,-25.0,0.0,0
50.800,2,0,-25.0,0.0,0
50.800,2,0,-25.0,0.0,0
50.800,2,0,-25.0,0.0,0
50.800,2,0,-25.0,0.0,0
50.800,2,0,-25.0,0.0,0
50.900,2,0,-25.0,0.0,0
50.900,2,0,-25.0,0.0,0
50.900,2,0,-25.0,0.0,0
50.900,2,0,-25.0,0.0,0
50.900,2,0,-25.0,0.0,0
50.900,2,0,-25.0,0.0,0
50.900,2,0,-25.0,0.0,0
50.900,2,0,-25.0,0.0,0
50.900,2,0,-25.0,0.0,0
50.900,2,0,-25.0,0.0,0
50.900,2,0,-25.0,0.0,0
51.000,2,0,-25.0,0.0,0
51.000,2,0,-25.0,0.0,0
51.000,2,0,-25.0,0.0,0
51.000,2,0,-25.0,0.0,0
51.000,2,0,-25.0,0.0,0
51.000,2,0,-25.0,0.0,0
51.000,2,0,-25.0,0.0,0
51.000,2,0,-25.0,0.0,0
51.000,2,0,-25.0,0.0,0
51.000,2,0,-25.0,0.0,0
51.100,2,0,-25.0,0.0,0
51.100,2,0,-25.0,0.0,0
51.100,2,0,-25.0,0.0,0
51.100,2,0,-25.0,0.0,0
51.100,2,0,-25.0,0.0,0
51.100,2,0,-25.0,0.0,0
51.100,2,0,-25.0,0.0,0
51.100,2,0,-25.0,0.0,0
51.100,2,0,-25.0,0.0,0
51.100,2,0,-25.0,0.0,0
51.100,2,0,-25.0,0.0,0
51.200,2,0,-25.0,0.0,0
51.200,2,0,-25.0,0.0,0
51.200,2,0,-25.0,0.0,0
51.200,2,0,-25.0,0.0,0
51.200,2,0,-25.0,0.0,0
51.200,2,0,-25.0,0.0,0
51.200,2,0,-25.0,0.0,0
51.200,2,0,-25.0,0.0,0
51.200,2,0,-25.0,0.0,0
51.200,2,0,-25.0,0.0,0
51.200,2,0,-25.0,0.0,0
51.300,2,0,-25.0,0.0,0
51.300,2,0,-25.0,0.0,0
51.300,2,0,-25.0,0.0,0
51.300,2,0,-25.0,0.0,0
51.300,2,0,-25.0,0.0,0
51.300,2,0,-25.0,0.0,0
51.300,2,0,-25.0,0.0,0
51.300,2,0,-25.0,0.0,0
51.300,2,0,-25.0,0.0,0
51.300,2,0,-25.0,0.0,0
51.400,2,0,-25.0,0.0,0
51.400,2,0,-25.0,0.0,0
51.400,2,0,-25.0,0.0,0
51.400,2,0,-25.0,0.0,0
51.400,2,0,-25.0,0.0,0
51.400,2,0,-25.0,0.0,0
51.400,2,0,-25.0,0.0,0
51.400,2,0,-25.0,0.0,0
51.400,2,0,-25.0,0.0,0
51.400,2,0,-25.0,0.0,0
51.400,2,0,-25.0,0.0,0
51.500,2,0,-25.0,0.0,0
51.500,2,0,-25.0,0.0,0
51.500,2,0,-25.0,0.0,0
51.500,2,0,-25.0,0.0,0
51.500,2,0,-25.0,0.0,0
51.500,2,0,-25.0,0.0,0
51.500,2,0,-25.0,0.0,0
51.500,2,0,-25.0,0.0,0
51.500,2,0,-25.0,0.0,0
51.500,2,0,-25.0,0.0,0
51.500,2,0,-25.0,0.0,0
51.600,2,0,-25.0,0.0,0
51.600,2,0,-25.0,0.0,0
51.600,2,0,-25.0,0.0,0
51.600,2,0,-25.0,0.0,0
51.600,2,0,-25.0,0.0,0
51.600,2,0,-25.0,0.0,0
51.600,2,0,-25.0,0.0,0
51.600,2,0,-25.0,0.0,0
51.600,2,0,-25.0,0.0,0
51.600,2,0,-25.0,0.0,0
51.700,2,0,-25.0,0.0,0
51.700,2,0,-25.0,0.0,0
51.700,2,0,-25.0,0.0,0
51.700,2,0,-25.0,0.0,0
51.700,2,0,-25.0,0.0,0
51.700,2,0,-25.0,0.0,0
51.700,2,0,-25.0,0.0,0
51.700,2,0,-25.0,0.0,0
51.700,2,0,-25.0,0.0,0
51.700,2,0,-25.0,0.0,0
51.700,2,0,-25.0,0.0,0
51.800,2,0,-25.0,0.0,0
51.800,2,0,-25.0,0.0,0
51.800,2,0,-25.0,0.0,0
51.800,2,0,-25.0,0.0,0
51.800,2,0,-25.0,0.0,0
51.800,2,0,-25.0,0.0,0
51.800,2,0,-25.0,0.0,0
51.800,2,0,-25.0,0.0,0
51.800,2,0,-25.0,0.0,0
51.800,2,0,-25.0,0.0,0
51.800,2,0,-25.0,0.0,0
51.900,2,0,-25.0,0.0,0
51.900,2,0,-25.0,0.0,0
51.900,2,0,-25.0,0.0,0
51.900,2,0,-25.0,0.0,0
51.900,2,0,-25.0,0.0,0
51.900,2,0,-25.0,0.0,0
51.900,2,0,-25.0,0.0,0
51.900,2,0,-25.0,0.0,0
51.900,2,0,-25.0,0.0,0
51.900,2,0,-25.0,0.0,0
51.900,2,0,-25.0,0.0,0
52.000,2,0,-25.0,0.0,0
52.000,2,0,-25.0,0.0,0
52.000,2,0,-25.0,0.0,0
52.000,2,0,-25.0,0.0,0
52.000,2,0,-25.0,0.0,0
52.000,2,0,-25.0,0.0,0
52.000,2,0,-25.0,0.0,0
52.000,2,0,-25.0,0.0,0
52.000,2,0,-25.0,0.0,0
52.000,2,0,-25.0,0.0,0
52.100,2,0,-25.0,0.0,0
52.100,2,0,-25.0,0.0,0
52.100,2,0,-25.0,0.0,0
52.100,2,0,-25.0,0.0,0
52.100,2,0,-25.0,0.0,0
52.100,2,0,-25.0,0.0,0
52.100,2,0,-25.0,0.0,0
52.100,2,0,-25.0,0.0,0
52.100,2,0,-25.0,0.0,0
52.100,2,0,-25.0,0.0,0
52.100,2,0,-25.0,0.0,0
52.200,2,0,-25.0,0.0,0
52.200,2,0,-25.0,0.0,0
52.200,2,0,-25.0,0.0,0
52.200,2,0,-25.0,0.0,0
52.200,2,0,-25.0,0.0,0
52.200,2,0,-25.0,0.0,0
52.200,2,0,-25.0,0.0,0
52.200,2,0,-25.0,0.0,0
52.200,2,0,-25.0,0.0,0
52.200,2,0,-25.0,0.0,0
52.200,2,0,-25.0,0.0,0
52.300,2,0,-25.0,0.0,0
52.300,2,0,-25.0,0.0,0
52.300,2,0,-25.0,0.0,0
52.300,2,0,-25.0,0.0,0
52.300,2,0,-25.0,0.0,0
52.300,2,0,-25.0,0.0,0
52.300,2,0,-25.0,0.0,0
52.300,2,0,-25.0,0.0,0
52.300,2,0,-25.0,0.0,0
52.300,2,0,-25.0,0.0,0
52.400,2,0,-25.0,0.0,0
52.400,2,0,-25.0,0.0,0
52.400,2,0,-25.0,0.0,0
52.400,2,0,-25.0,0.0,0
52.400,2,0,-25.0,0.0,0
52.400,2,0,-25.0,0.0,0
52.400,2,0,-25.0,0.0,0
52.400,2,0,-25.0,0.0,0
52.400,2,0,-25.0,0.0,0
52.400,2,0,-25.0,0.0,0
52.400,2,0,-25.0,0.0,0
52.500,2,0,-25.0,0.0,0
52.500,2,0,-25.0,0.0,0
52.500,2,0,-25.0,0.0,0
52.500,2,0,-25.0,0.0,0
52.500,2,0,-25.0,0.0,0
52.500,2,0,-25.0,0.0,0
52.500,2,0,-25.0,0.0,0
52.500,2,0,-25.0,0.0,0
52.500,2,0,-25.0,0.0,0
52.500,2,0,-25.0,0.0,0
52.500,2,0,-25.0,0.0,0
52.600,2,0,-25.0,0.0,0
52.600,2,0,-25.0,0.0,0
52.600,2,0,-25.0,0.0,0
52.600,2,0,-25.0,0.0,0
52.600,2,0,-25.0,0.0,0
52.600,2,0,-25.0,0.0,0
52.600,2,0,-25.0,0.0,0
52.600,2,0,-25.0,0.0,0
52.600,2,0,-25.0,0.0,0
52.600,2,0,-25.0,0.0,0
52.700,2,0,-25.0,0.0,0
52.700,2,0,-25.0,0.0,0
52.700,2,0,-25.0,0.0,0
52.700,2,0,-25.0,0.0,0
52.700,2,0,-25.0,0.0,0
52.700,2,0,-25.0,0.0,0
52.700,2,0,-25.0,0.0,0
52.700,2,0,-25.0,0.0,0
52.700,2,0,-25.0,0.0,0
52.700,2,0,-25.0,0.0,0
52.700,2,0,-25.0,0.0,0
52.800,2,0,-25.0,0.0,0
52.800,2,0,-25.0,0.0,0
52.800,2,0,-25.0,0.0,0
52.800,2,0,-25.0,0.0,0
52.800,2,0,-25.0,0.0,0
52.800,2,0,-25.0,0.0,0
52.800,2,0,-25.0,0.0,0
52.800,2,0,-25.0,0.0,0
52.800,2,0,-25.0,0.0,0
52.800,2,0,-25.0,0.0,0
52.800,2,0,-25.0,0.0,0
52.900,2,0,-25.0,0.0,0
52.900,2,0,-25.0,0.0,0
52.900,2,0,-25.0,0.0,0
52.900,2,0,-25.0,0.0,0
52.900,2,0,-25.0,0.0,0
52.900,2,0,-25.0,0.0,0
52.900,2,0,-25.0,0.0,0
52.900,2,0,-25.0,0.0,0
52.900,2,0,-25.0,0.0,0
52.900,2,0,-25.0,0.0,0
52.900,2,0,-25.0,0.0,0
53.000,2,0,-25.0,0.0,0
53.000,2,0,-25.0,0.0,0
53.000,2,0,-25.0,0.0,0
53.000,2,0,-25.0,0.0,0
53.000,2,0,-25.0,0.0,0
53.000,2,0,-25.0,0.0,0
53.000,2,0,-25.0,0.0,0
53.000,2,0,-25.0,0.0,0
53.000,2,0,-25.0,0.0,0
53.000,2,0,-25.0,0.0,0
53.100,2,0,-25.0,0.0,0
53.100,2,0,-25.0,0.0,0
53.100,2,0,-25.0,0.0,0
53.100,2,0,-25.0,0.0,0
53.100,2,0,-25.0,0.0,0
53.100,2,0,-25.0,0.0,0
53.100,2,0,-25.0,0.0,0
53.100,2,0,-25.0,0.0,0
53.100,2,0,-25.0,0.0,0
53.100,2,0,-25.0,0.0,0
53.100,2,0,-25.0,0.0,0
53.200,2,0,-25.0,0.0,0
53.200,2,0,-25.0,0.0,0
53.200,2,0,-25.0,0.0,0
53.200,2,0,-25.0,0.0,0
53.200,2,0,-25.0,0.0,0
53.200,2,0,-25.0,0.0,0
53.200,2,0,-25.0,0.0,0
53.200,2,0,-25.0,0.0,0
53.200,2,0,-25.0,0.0,0
53.200,2,0,-25.0,0.0,0
53.200,2,0,-25.0,0.0,0
53.300,2,0,-25.0,0.0,0
53.300,2,0,-25.0,0.0,0
53.300,2,0,-25.0,0.0,0
53.300,2,0,-25.0,0.0,0
53.300,2,0,-25.0,0.0,0
53.300,2,0,-25.0,0.0,0
53.300,2,0,-25.0,0.0,0
53.300,2,0,-25.0,0.0,0
53.300,2,0,-25.0,0.0,0
53.300,2,0,-25.0,0.0,0
53.400,2,0,-25.0,0.0,0
53.400,2,0,-25.0,0.0,0
53.400,2,0,-25.0,0.0,0
53.400,2,0,-25.0,0.0,0
53.400,2,0,-25.0,0.0,0
53.400,2,0,-25.0,0.0,0
53.400,2,0,-25.0,0.0,0
53.400,2,0,-25.0,0.0,0
53.400,2,0,-25.0,0.0,0
53.400,2,0,-25.0,0.0,0
53.400,2,0,-25.0,0.0,0
53.500,2,0,-25.0,0.0,0
53.500,2,0,-25.0,0.0,0
53.500,2,0,-25.0,0.0,0
53.500,2,0,-25.0,0.0,0
53.500,2,0,-25.0,0.0,0
53.500,2,0,-25.0,0.0,0
53.500,2,0,-25.0,0.0,0
53.500,2,0,-25.0,0.0,0
53.500,2,0,-25.0,0.0,0
53.500,2,0,-25.0,0.0,0
53.500,2,0,-25.0,0.0,0
53.600,2,0,-25.0,0.0,0
53.600,2,0,-25.0,0.0,0
53.600,2,0,-25.0,0.0,0
53.600,2,0,-25.0,0.0,0
53.600,2,0,-25.0,0.0,0
53.600,2,0,-25.0,0.0,0
53.600,2,0,-25.0,0.0,0
53.600,2,0,-25.0,0.0,0
53.600,2,0,-25.0,0.0,0
53.600,2,0,-25.0,0.0,0
53.700,2,0,-25.0,0.0,0
53.700,2,0,-25.0,0.0,0
53.700,2,0,-25.0,0.0,0
53.700,2,0,-25.0,0.0,0
53.700,2,0,-25.0,0.0,0
53.700,2,0,-25.0,0.0,0
53.700,2,0,-25.0,0.0,0
53.700,2,0,-25.0,0.0,0
53.700,2,0,-25.0,0.0,0
53.700,2,0,-25.0,0.0,0
53.700,2,0,-25.0,0.0,0
53.800,2,0,-25.0,0.0,0
53.800,2,0,-25.0,0.0,0
53.800,2,0,-25.0,0.0,0
53.800,2,0,-25.0,0.0,0
53.800,2,0,-25.0,0.0,0
53.800,2,0,-25.0,0.0,0
53.800,2,0,-25.0,0.0,0
53.800,2,0,-25.0,0.0,0
53.800,2,0,-25.0,0.0,0
53.800,2,0,-25.0,0.0,0
53.800,2,0,-25.0,0.0,0
53.900,2,0,-25.0,0.0,0
53.900,2,0,-25.0,0.0,0
53.900,2,0,-25.0,0.0,0
53.900,2,0,-25.0,0.0,0
53.900,2,0,-25.0,0.0,0
53.900,2,0,-25.0,0.0,0
53.900,2,0,-25.0,0.0,0
53.900,2,0,-25.0,0.0,0
53.900,2,0,-25.0,0.0,0
53.900,2,0,-25.0,0.0,0
54.000,2,0,-25.0,0.0,0
54.000,2,0,-25.0,0.0,0
54.000,2,0,-25.0,0.0,0
54.000,2,0,-25.0,0.0,0
54.000,2,0,-25.0,0.0,0
54.000,2,0,-25.0,0.0,0
54.000,2,0,-25.0,0.0,0
54.000,2,0,-25.0,0.0,0
54.000,2,0,-25.0,0.0,0
54.000,2,0,-25.0,0.0,0
54.000,2,0,-25.0,0.0,0
54.100,2,0,-25.0,0.0,0
54.100,2,0,-25.0,0.0,0
54.100,2,0,-25.0,0.0,0
54.100,2,0,-25.0,0.0,0
54.100,2,0,-25.0,0.0,0
54.100,2,0,-25.0,0.0,0
54.100,2,0,-25.0,0.0,0
54.100,2,0,-25.0,0.0,0
54.100,2,0,-25.0,0.0,0
54.100,2,0,-25.0,0.0,0
54.100,2,0,-25.0,0.0,0
54.200,2,0,-25.0,0.0,0
54.200,2,0,-25.0,0.0,0
54.200,2,0,-25.0,0.0,0
54.200,2,0,-25.0,0.0,0
54.200,2,0,-25.0,0.0,0
54.200,2,0,-25.0,0.0,0
54.200,2,0,-25.0,0.0,0
54.200,2,0,-25.0,0.0,0
54.200,2,0,-25.0,0.0,0
54.200,2,0,-25.0,0.0,0
54.200,2,0,-25.0,0.0,0
54.300,2,0,-25.0,0.0,0
54.300,2,0,-25.0,0.0,0
54.300,2,0,-25.0,0.0,0
54.300,2,0,-25.0,0.0,0
54.300,2,0,-25.0,0.0,0
54.300,2,0,-25.0,0.0,0
54.300,2,0,-25.0,0.0,0
54.300,2,0,-25.0,0.0,0
54.300,2,0,-25.0,0.0,0
54.300,2,0,-25.0,0.0,0
54.400,2,0,-25.0,0.0,0
54.400,2,0,-25.0,0.0,0
54.400,2,0,-25.0,0.0,0
54.400,2,0,-25.0,0.0,0
54.400,2,0,-25.0,0.0,0
54.400,2,0,-25.0,0.0,0
54.400,2,0,-25.0,0.0,0
54.400,2,0,-25.0,0.0,0
54.400,2,0,-25.0,0.0,0
54.400,2,0,-25.0,0.0,0
54.400,2,0,-25.0,0.0,0
54.500,2,0,-25.0,0.0,0
54.500,2,0,-25.0,0.0,0
54.500,2,0,-25.0,0.0,0
54.500,2,0,-25.0,0.0,0
54.500,2,0,-25.0,0.0,0
54.500,2,0,-25.0,0.0,0
54.500,2,0,-25.0,0.0,0
54.500,2,0,-25.0,0.0,0
54.500,2,0,-25.0,0.0,0
54.500,2,0,-25.0,0.0,0
54.500,2,0,-25.0,0.0,0
54.600,2,0,-25.0,0.0,0
54.600,2,0,-25.0,0.0,0
54.600,2,0,-25.0,0.0,0
54.600,2,0,-25.0,0.0,0
54.600,2,0,-25.0,0.0,0
54.600,2,0,-25.0,0.0,0
54.600,2,0,-25.0,0.0,0
54.600,2,0,-25.0,0.0,0
54.600,2,0,-25.0,0.0,0
54.600,2,0,-25.0,0.0,0
54.700,2,0,-25.0,0.0,0
54.700,2,0,-25.0,0.0,0
54.700,2,0,-25.0,0.0,0
54.700,2,0,-25.0,0.0,0
54.700,2,0,-25.0,0.0,0
54.700,2,0,-25.0,0.0,0
54.700,2,0,-25.0,0.0,0
54.700,2,0,-25.0,0.0,0
54.700,2,0,-25.0,0.0,0
54.700,2,0,-25.0,0.0,0
54.700,2,0,-25.0,0.0,0
54.800,2,0,-25.0,0.0,0
54.800,2,0,-25.0,0.0,0
54.800,2,0,-25.0,0.0,0
54.800,2,0,-25.0,0.0,0
54.800,2,0,-25.0,0.0,0
54.800,2,0,-25.0,0.0,0
54.800,2,0,-25.0,0.0,0
54.800,2,0,-25.0,0.0,0
54.800,2,0,-25.0,0.0,0
54.800,2,0,-25.0,0.0,0
54.800,2,0,-25.0,0.0,0
54.900,2,0,-25.0,0.0,0
54.900,2,0,-25.0,0.0,0
54.900,2,0,-25.0,0.0,0
54.900,2,0,-25.0,0.0,0
54.900,2,0,-25.0,0.0,0
54.900,2,0,-25.0,0.0,0
54.900,2,0,-25.0,0.0,0
54.900,2,0,-25.0,0.0,0
54.900,2,0,-25.0,0.0,0
54.900,2,0,-25.0,0.0,0
55.000,2,0,-25.0,0.0,0
55.000,2,0,-25.0,0.0,0
55.000,2,0,-25.0,0.0,0
55.000,2,0,-25.0,0.0,0
55.000,2,0,-25.0,0.0,0
55.000,2,0,-25.0,0.0,0
55.000,2,0,-25.0,0.0,0
55.000,2,0,-25.0,0.0,0
55.000,2,0,-25.0,0.0,0
55.000,2,0,-25.0,0.0,0
55.000,2,0,-25.0,0.0,0
55.100,2,0,-25.0,0.0,0
55.100,2,0,-25.0,0.0,0
55.100,2,0,-25.0,0.0,0
55.100,2,0,-25.0,0.0,0
55.100,2,0,-25.0,0.0,0
55.100,2,0,-25.0,0.0,0
55.100,2,0,-25.0,0.0,0
55.100,2,0,-25.0,0.0,0
55.100,2,0,-25.0,0.0,0
55.100,2,0,-25.0,0.0,0
55.100,2,0,-25.0,0.0,0
55.200,2,0,-25.0,0.0,0
55.200,2,0,-25.0,0.0,0
55.200,2,0,-25.0,0.0,0
55.200,2,0,-25.0,0.0,0
55.200,2,0,-25.0,0.0,0
55.200,2,0,-25.0,0.0,0
55.200,2,0,-25.0,0.0,0
55.200,2,0,-25.0,0.0,0
55.200,2,0,-25.0,0.0,0
55.200,2,0,-25.0,0.0,0
55.200,2,0,-25.0,0.0,0
55.300,2,0,-25.0,0.0,0
55.300,2,0,-25.0,0.0,0
55.300,2,0,-25.0,0.0,0
55.300,2,0,-25.0,0.0,0
55.300,2,0,-25.0,0.0,0
55.300,2,0,-25.0,0.0,0
55.300,2,0,-25.0,0.0,0
55.300,2,0,-25.0,0.0,0
55.300,2,0,-25.0,0.0,0
55.300,2,0,-25.0,0.0,0
55.400,2,0,-25.0,0.0,0
55.400,2,0,-25.0,0.0,0
55.400,2,0,-25.0,0.0,0
55.400,2,0,-25.0,0.0,0
55.400,2,0,-25.0,0.0,0
55.400,2,0,-25.0,0.0,0
55.400,2,0,-25.0,0.0,0
55.400,2,0,-25.0,0.0,0
55.400,2,0,-25.0,0.0,0
55.400,2,0,-25.0,0.0,0
55.400,2,0,-25.0,0.0,0
55.500,2,0,-25.0,0.0,0
55.500,2,0,-25.0,0.0,0
55.500,2,0,-25.0,0.0,0
55.500,2,0,-25.0,0.0,0
55.500,2,0,-25.0,0.0,0
55.500,2,0,-25.0,0.0,0
55.500,2,0,-25.0,0.0,0
55.500,2,0,-25.0,0.0,0
55.500,2,0,-25.0,0.0,0
55.500,2,0,-25.0,0.0,0
55.500,2,0,-25.0,0.0,0
55.600,2,0,-25.0,0.0,0
55.600,2,0,-25.0,0.0,0
55.600,2,0,-25.0,0.0,0
55.600,2,0,-25.0,0.0,0
55.600,2,0,-25.0,0.0,0
55.600,2,0,-25.0,0.0,0
55.600,2,0,-25.0,0.0,0
55.600,2,0,-25.0,0.0,0
55.600,2,0,-25.0,0.0,0
55.600,2,0,-25.0,0.0,0
55.700,2,0,-25.0,0.0,0
55.700,2,0,-25.0,0.0,0
55.700,2,0,-25.0,0.0,0
55.700,2,0,-25.0,0.0,0
55.700,2,0,-25.0,0.0,0
55.700,2,0,-25.0,0.0,0
55.700,2,0,-25.0,0.0,0
55.700,2,0,-25.0,0.0,0
55.700,2,0,-25.0,0.0,0
55.700,2,0,-25.0,0.0,0
55.700,2,0,-25.0,0.0,0
55.800,2,0,-25.0,0.0,0
55.800,2,0,-25.0,0.0,0
55.800,2,0,-25.0,0.0,0
55.800,2,0,-25.0,0.0,0
55.800,2,0,-25.0,0.0,0
55.800,2,0,-25.0,0.0,0
55.800,2,0,-25.0,0.0,0
55.800,2,0,-25.0,0.0,0
55.800,2,0,-25.0,0.0,0
55.800,2,0,-25.0,0.0,0
55.800,2,0,-25.0,0.0,0
55.900,2,0,-25.0,0.0,0
55.900,2,0,-25.0,0.0,0
55.900,2,0,-25.0,0.0,0
55.900,2,0,-25.0,0.0,0
55.900,2,0,-25.0,0.0,0
55.900,2,0,-25.0,0.0,0
55.900,2,0,-25.0,0.0,0
55.900,2,0,-25.0,0.0,0
55.900,2,0,-25.0,0.0,0
55.900,2,0,-25.0,0.0,0
56.000,2,0,-25.0,0.0,0
56.000,2,0,-25.0,0.0,0
56.000,2,0,-25.0,0.0,0
56.000,2,0,-25.0,0.0,0
56.000,2,0,-25.0,0.0,0
56.000,2,0,-25.0,0.0,0
56.000,2,0,-25.0,0.0,0
56.000,2,0,-25.0,0.0,0
56.000,2,0,-25.0,0.0,0
56.000,2,0,-25.0,0.0,0
56.000,2,0,-25.0,0.0,0
56.100,2,0,-25.0,0.0,0
56.100,2,0,-25.0,0.0,0
56.100,2,0,-25.0,0.0,0
56.100,2,0,-25.0,0.0,0
56.100,2,0,-25.0,0.0,0
56.100,2,0,-25.0,0.0,0
56.100,2,0,-25.0,0.0,0
56.100,2,0,-25.0,0.0,0
56.100,2,0,-25.0,0.0,0
56.100,2,0,-25.0,0.0,0
56.100,2,0,-25.0,0.0,0
56.200,2,0,-25.0,0.0,0
56.200,2,0,-25.0,0.0,0
56.200,2,0,-25.0,0.0,0
56.200,2,0,-25.0,0.0,0
56.200,2,0,-25.0,0.0,0
56.200,2,0,-25.0,0.0,0
56.200,2,0,-25.0,0.0,0
56.200,2,0,-25.0,0.0,0
56.200,2,0,-25.0,0.0,0
56.200,2,0,-25.0,0.0,0
56.300,2,0,-25.0,0.0,0
56.300,2,0,-25.0,0.0,0
56.300,2,0,-25.0,0.0,0
56.300,2,0,-25.0,0.0,0
56.300,2,0,-25.0,0.0,0
56.300,2,0,-25.0,0.0,0
56.300,2,0,-25.0,0.0,0
56.300,2,0,-25.0,0.0,0
56.300,2,0,-25.0,0.0,0
56.300,2,0,-25.0,0.0,0
56.300,2,0,-25.0,0.0,0
56.400,2,0,-25.0,0.0,0
56.400,2,0,-25.0,0.0,0
56.400,2,0,-25.0,0.0,0
56.400,2,0,-25.0,0.0,0
56.400,2,0,-25.0,0.0,0
56.400,2,0,-25.0,0.0,0
56.400,2,0,-25.0,0.0,0
56.400,2,0,-25.0,0.0,0
56.400,2,0,-25.0,0.0,0
56.400,2,0,-25.0,0.0,0
56.400,2,0,-25.0,0.0,0
56.500,2,0,-25.0,0.0,0
56.500,2,0,-25.0,0.0,0
56.500,2,0,-25.0,0.0,0
56.500,2,0,-25.0,0.0,0
56.500,2,0,-25.0,0.0,0
56.500,2,0,-25.0,0.0,0
56.500,2,0,-25.0,0.0,0
56.500,2,0,-25.0,0.0,0
56.500,2,0,-25.0,0.0,0
56.500,2,0,-25.0,0.0,0
56.500,2,0,-25.0,0.0,0
56.600,2,0,-25.0,0.0,0
56.600,2,0,-25.0,0.0,0
56.600,2,0,-25.0,0.0,0
56.600,2,0,-25.0,0.0,0
56.600,2,0,-25.0,0.0,0
56.600,2,0,-25.0,0.0,0
56.600,2,0,-25.0,0.0,0
56.600,2,0,-25.0,0.0,0
56.600,2,0,-25.0,0.0,0
56.600,2,0,-25.0,0.0,0
56.700,2,0,-25.0,0.0,0
56.700,2,0,-25.0,0.0,0
56.700,2,0,-25.0,0.0,0
56.700,2,0,-25.0,0.0,0
56.700,2,0,-25.0,0.0,0
56.700,2,0,-25.0,0.0,0
56.700,2,0,-25.0,0.0,0
56.700,2,0,-25.0,0.0,0
56.700,2,0,-25.0,0.0,0
56.700,2,0,-25.0,0.0,0
56.700,2,0,-25.0,0.0,0
56.800,2,0,-25.0,0.0,0
56.800,2,0,-25.0,0.0,0
56.800,2,0,-25.0,0.0,0
56.800,2,0,-25.0,0.0,0
56.800,2,0,-25.0,0.0,0
56.800,2,0,-25.0,0.0,0
56.800,2,0,-25.0,0.0,0
56.800,2,0,-25.0,0.0,0
56.800,2,0,-25.0,0.0,0
56.800,2,0,-25.0,0.0,0
56.800,2,0,-25.0,0.0,0
56.900,2,0,-25.0,0.0,0
56.900,2,0,-25.0,0.0,0
56.900,2,0,-25.0,0.0,0
56.900,2,0,-25.0,0.0,0
56.900,2,0,-25.0,0.0,0
56.900,2,0,-25.0,0.0,0
56.900,2,0,-25.0,0.0,0
56.900,2,0,-25.0,0.0,0
56.900,2,0,-25.0,0.0,0
56.900,2,0,-25.0,0.0,0
57.000,2,0,-25.0,0.0,0
57.000,2,0,-25.0,0.0,0
57.000,2,0,-25.0,0.0,0
57.000,2,0,-25.0,0.0,0
57.000,2,0,-25.0,0.0,0
57.000,2,0,-25.0,0.0,0
57.000,2,0,-25.0,0.0,0
57.000,2,0,-25.0,0.0,0
57.000,2,0,-25.0,0.0,0
57.000,2,0,-25.0,0.0,0
57.000,2,0,-25.0,0.0,0
57.100,2,0,-25.0,0.0,0
57.100,2,0,-25.0,0.0,0
57.100,2,0,-25.0,0.0,0
57.100,2,0,-25.0,0.0,0
57.100,2,0,-25.0,0.0,0
57.100,2,0,-25.0,0.0,0
57.100,2,0,-25.0,0.0,0
57.100,2,0,-25.0,0.0,0
57.100,2,0,-25.0,0.0,0
57.100,2,0,-25.0,0.0,0
57.100,2,0,-25.0,0.0,0
57.200,2,0,-25.0,0.0,0
57.200,2,0,-25.0,0.0,0
57.200,2,0,-25.0,0.0,0
57.200,2,0,-25.0,0.0,0
57.200,2,0,-25.0,0.0,0
57.200,2,0,-25.0,0.0,0
57.200,2,0,-25.0,0.0,0
57.200,2,0,-25.0,0.0,0
57.200,2,0,-25.0,0.0,0
57.200,2,0,-25.0,0.0,0
57.300,2,0,-25.0,0.0,0
57.300,2,0,-25.0,0.0,0
57.300,2,0,-25.0,0.0,0
57.300,2,0,-25.0,0.0,0
57.300,2,0,-25.0,0.0,0
57.300,2,0,-25.0,0.0,0
57.300,2,0,-25.0,0.0,0
57.300,2,0,-25.0,0.0,0
57.300,2,0,-25.0,0.0,0
57.300,2,0,-25.0,0.0,0
57.300,2,0,-25.0,0.0,0
57.400,2,0,-25.0,0.0,0
57.400,2,0,-25.0,0.0,0
57.400,2,0,-25.0,0.0,0
57.400,2,0,-25.0,0.0,0
57.400,2,0,-25.0,0.0,0
57.400,2,0,-25.0,0.0,0
57.400,2,0,-25.0,0.0,0
57.400,2,0,-25.0,0.0,0
57.400,2,0,-25.0,0.0,0
57.400,2,0,-25.0,0.0,0
57.400,2,0,-25.0,0.0,0
57.500,2,0,-25.0,0.0,0
57.500,2,0,-25.0,0.0,0
57.500,2,0,-25.0,0.0,0
57.500,2,0,-25.0,0.0,0
57.500,2,0,-25.0,0.0,0
57.500,2,0,-25.0,0.0,0
57.500,2,0,-25.0,0.0,0
57.500,2,0,-25.0,0.0,0
57.500,2,0,-25.0,0.0,0
57.500,2,0,-25.0,0.0,0
57.600,2,0,-25.0,0.0,0
57.600,2,0,-25.0,0.0,0
57.600,2,0,-25.0,0.0,0
57.600,2,0,-25.0,0.0,0
57.600,2,0,-25.0,0.0,0
57.600,2,0,-25.0,0.0,0
57.600,2,0,-25.0,0.0,0
57.600,2,0,-25.0,0.0,0
57.600,2,0,-25.0,0.0,0
57.600,2,0,-25.0,0.0,0
57.600,2,0,-25.0,0.0,0
57.700,2,0,-25.0,0.0,0
57.700,2,0,-25.0,0.0,0
57.700,2,0,-25.0,0.0,0
57.700,2,0,-25.0,0.0,0
57.700,2,0,-25.0,0.0,0
57.700,2,0,-25.0,0.0,0
57.700,2,0,-25.0,0.0,0
57.700,2,0,-25.0,0.0,0
57.700,2,0,-25.0,0.0,0
57.700,2,0,-25.0,0.0,0
57.700,2,0,-25.0,0.0,0
57.800,2,0,-25.0,0.0,0
57.800,2,0,-25.0,0.0,0
57.800,2,0,-25.0,0.0,0
57.800,2,0,-25.0,0.0,0
57.800,2,0,-25.0,0.0,0
57.800,2,0,-25.0,0.0,0
57.800,2,0,-25.0,0.0,0
57.800,2,0,-25.0,0.0,0
57.800,2,0,-25.0,0.0,0
57.800,2,0,-25.0,0.0,0
57.800,2,0,-25.0,0.0,0
57.900,2,0,-25.0,0.0,0
57.900,2,0,-25.0,0.0,0
57.900,2,0,-25.0,0.0,0
57.900,2,0,-25.0,0.0,0
57.900,2,0,-25.0,0.0,0
57.900,2,0,-25.0,0.0,0
57.900,2,0,-25.0,0.0,0
57.900,2,0,-25.0,0.0,0
57.900,2,0,-25.0,0.0,0
57.900,2,0,-25.0,0.0,0
58.000,2,0,-25.0,0.0,0
58.000,2,0,-25.0,0.0,0
58.000,2,0,-25.0,0.0,0
58.000,2,0,-25.0,0.0,0
58.000,2,0,-25.0,0.0,0
58.000,2,0,-25.0,0.0,0
58.000,2,0,-25.0,0.0,0
58.000,2,0,-25.0,0.0,0
58.000,2,0,-25.0,0.0,0
58.000,2,0,-25.0,0.0,0
58.000,2,0,-25.0,0.0,0
58.100,2,0,-25.0,0.0,0
58.100,2,0,-25.0,0.0,0
58.100,2,0,-25.0,0.0,0
58.100,2,0,-25.0,0.0,0
58.100,2,0,-25.0,0.0,0
58.100,2,0,-25.0,0.0,0
58.100,2,0,-25.0,0.0,0
58.100,2,0,-25.0,0.0,0
58.100,2,0,-25.0,0.0,0
58.100,2,0,-25.0,0.0,0
58.100,2,0,-25.0,0.0,0
58.200,2,0,-25.0,0.0,0
58.200,2,0,-25.0,0.0,0
58.200,2,0,-25.0,0.0,0
58.200,2,0,-25.0,0.0,0
58.200,2,0,-25.0,0.0,0
58.200,2,0,-25.0,0.0,0
58.200,2,0,-25.0,0.0,0
58.200,2,0,-25.0,0.0,0
58.200,2,0,-25.0,0.0,0
58.200,2,0,-25.0,0.0,0
58.300,2,0,-25.0,0.0,0
58.300,2,0,-25.0,0.0,0
58.300,2,0,-25.0,0.0,0
58.300,2,0,-25.0,0.0,0
58.300,2,0,-25.0,0.0,0
58.300,2,0,-25.0,0.0,0
58.300,2,0,-25.0,0.0,0
58.300,2,0,-25.0,0.0,0
58.300,2,0,-25.0,0.0,0
58.300,2,0,-25.0,0.0,0
58.300,2,0,-25.0,0.0,0
58.400,2,0,-25.0,0.0,0
58.400,2,0,-25.0,0.0,0
58.400,2,0,-25.0,0.0,0
58.400,2,0,-25.0,0.0,0
58.400,2,0,-25.0,0.0,0
58.400,2,0,-25.0,0.0,0
58.400,2,0,-25.0,0.0,0
58.400,2,0,-25.0,0.0,0
58.400,2,0,-25.0,0.0,0
58.400,2,0,-25.0,0.0,0
58.400,2,0,-25.0,0.0,0
58.500,2,0,-25.0,0.0,0
58.500,2,0,-25.0,0.0,0
58.500,2,0,-25.0,0.0,0
58.500,2,0,-25.0,0.0,0
58.500,2,0,-25.0,0.0,0
58.500,2,0,-25.0,0.0,0
58.500,2,0,-25.0,0.0,0
58.500,2,0,-25.0,0.0,0
58.500,2,0,-25.0,0.0,0
58.500,2,0,-25.0,0.0,0
58.600,2,0,-25.0,0.0,0
58.600,2,0,-25.0,0.0,0
58.600,2,0,-25.0,0.0,0
58.600,2,0,-25.0,0.0,0
58.600,2,0,-25.0,0.0,0
58.600,2,0,-25.0,0.0,0
58.600,2,0,-25.0,0.0,0
58.600,2,0,-25.0,0.0,0
58.600,2,0,-25.0,0.0,0
58.600,2,0,-25.0,0.0,0
58.600,2,0,-25.0,0.0,0
58.700,2,0,-25.0,0.0,0
58.700,2,0,-25.0,0.0,0
58.700,2,0,-25.0,0.0,0
58.700,2,0,-25.0,0.0,0
58.700,2,0,-25.0,0.0,0
58.700,2,0,-25.0,0.0,0
58.700,2,0,-25.0,0.0,0
58.700,2,0,-25.0,0.0,0
58.700,2,0,-25.0,0.0,0
58.700,2,0,-25.0,0.0,0
58.700,2,0,-25.0,0.0,0
58.800,2,0,-25.0,0.0,0
58.800,2,0,-25.0,0.0,0
58.800,2,0,-25.0,0.0,0
58.800,2,0,-25.0,0.0,0
58.800,2,0,-25.0,0.0,0
58.800,2,0,-25.0,0.0,0
58.800,2,0,-25.0,0.0,0
58.800,2,0,-25.0,0.0,0
58.800,2,0,-25.0,0.0,0
58.800,2,0,-25.0,0.0,0
58.900,2,0,-25.0,0.0,0
58.900,2,0,-25.0,0.0,0
58.900,2,0,-25.0,0.0,0
58.900,2,0,-25.0,0.0,0
58.900,2,0,-25.0,0.0,0
58.900,2,0,-25.0,0.0,0
58.900,2,0,-25.0,0.0,0
58.900,2,0,-25.0,0.0,0
58.900,2,0,-25.0,0.0,0
58.900,2,0,-25.0,0.0,0
58.900,2,0,-25.0,0.0,0
59.000,2,0,-25.0,0.0,0
59.000,2,0,-25.0,0.0,0
59.000,2,0,-25.0,0.0,0
59.000,2,0,-25.0,0.0,0
59.000,2,0,-25.0,0.0,0
59.000,2,0,-25.0,0.0,0
59.000,2,0,-25.0,0.0,0
59.000,2,0,-25.0,0.0,0
59.000,2,0,-25.0,0.0,0
59.000,2,0,-25.0,0.0,0
59.000,2,0,-25.0,0.0,0
59.100,2,0,-25.0,0.0,0
59.100,2,0,-25.0,0.0,0
59.100,2,0,-25.0,0.0,0
59.100,2,0,-25.0,0.0,0
59.100,2,0,-25.0,0.0,0
59.100,2,0,-25.0,0.0,0
59.100,2,0,-25.0,0.0,0
59.100,2,0,-25.0,0.0,0
59.100,2,0,-25.0,0.0,0
59.100,2,0,-25.0,0.0,0
59.100,2,0,-25.0,0.0,0
59.200,2,0,-25.0,0.0,0
59.200,2,0,-25.0,0.0,0
59.200,2,0,-25.0,0.0,0
59.200,2,0,-25.0,0.0,0
59.200,2,0,-25.0,0.0,0
59.200,2,0,-25.0,0.0,0
59.200,2,0,-25.0,0.0,0
59.200,2,0,-25.0,0.0,0
59.200,2,0,-25.0,0.0,0
59.200,2,0,-25.0,0.0,0
59.300,2,0,-25.0,0.0,0
59.300,2,0,-25.0,0.0,0
59.300,2,0,-25.0,0.0,0
59.300,2,0,-25.0,0.0,0
59.300,2,0,-25.0,0.0,0
59.300,2,0,-25.0,0.0,0
59.300,2,0,-25.0,0.0,0
59.300,2,0,-25.0,0.0,0
59.300,2,0,-25.0,0.0,0
59.300,2,0,-25.0,0.0,0
59.300,2,0,-25.0,0.0,0
59.400,2,0,-25.0,0.0,0
59.400,2,0,-25.0,0.0,0
59.400,2,0,-25.0,0.0,0
59.400,2,0,-25.0,0.0,0
59.400,2,0,-25.0,0.0,0
59.400,2,0,-25.0,0.0,0
59.400,2,0,-25.0,0.0,0
59.400,2,0,-25.0,0.0,0
59.400,2,0,-25.0,0.0,0
59.400,2,0,-25.0,0.0,0
59.400,2,0,-25.0,0.0,0
59.500,2,0,-25.0,0.0,0
59.500,2,0,-25.0,0.0,0
59.500,2,0,-25.0,0.0,0
59.500,2,0,-25.0,0.0,0
59.500,2,0,-25.0,0.0,0
59.500,2,0,-25.0,0.0,0
59.500,2,0,-25.0,0.0,0
59.500,2,0,-25.0,0.0,0
59.500,2,0,-25.0,0.0,0
59.500,2,0,-25.0,0.0,0
59.600,2,0,-25.0,0.0,0
59.600,2,0,-25.0,0.0,0
59.600,2,0,-25.0,0.0,0
59.600,2,0,-25.0,0.0,0
59.600,2,0,-25.0,0.0,0
59.600,2,0,-25.0,0.0,0
59.600,2,0,-25.0,0.0,0
59.600,2,0,-25.0,0.0,0
59.600,2,0,-25.0,0.0,0
59.600,2,0,-25.0,0.0,0
59.600,2,0,-25.0,0.0,0
59.700,2,0,-25.0,0.0,0
59.700,2,0,-25.0,0.0,0
59.700,2,0,-25.0,0.0,0
59.700,2,0,-25.0,0.0,0
59.700,2,0,-25.0,0.0,0
59.700,2,0,-25.0,0.0,0
59.700,2,0,-25.0,0.0,0
59.700,2,0,-25.0,0.0,0
59.700,2,0,-25.0,0.0,0
59.700,2,0,-25.0,0.0,0
59.700,2,0,-25.0,0.0,0
59.800,2,0,-25.0,0.0,0
59.800,2,0,-25.0,0.0,0
59.800,2,0,-25.0,0.0,0
59.800,2,0,-25.0,0.0,0
59.800,2,0,-25.0,0.0,0
59.800,2,0,-25.0,0.0,0
59.800,2,0,-25.0,0.0,0
59.800,2,0,-25.0,0.0,0
59.800,2,0,-25.0,0.0,0
59.800,2,0,-25.0,0.0,0
59.900,2,0,-25.0,0.0,0
59.900,2,0,-25.0,0.0,0
59.900,2,0,-25.0,0.0,0
59.900,2,0,-25.0,0.0,0
59.900,2,0,-25.0,0.0,0
59.900,2,0,-25.0,0.0,0
59.900,2,0,-25.0,0.0,0
59.900,2,0,-25.0,0.0,0
59.900,2,0,-25.0,0.0,0
59.900,2,0,-25.0,0.0,0
59.900,2,0,-25.0,0.0,0
60.000,2,0,-25.0,0.0,0
60.000,2,0,-25.0,0.0,0
60.000,2,0,-25.0,0.0,0
60.000,2,0,-25.0,0.0,0
60.000,2,0,-25.0,0.0,0
60.000,2,0,-25.0,0.0,0
60.000,2,0,-25.0,0.0,0
60.000,2,0,-25.0,0.0,0
60.000,2,0,-25.0,0.0,0
60.000,2,0,-25.0,0.0,0
60.000,2,0,-25.0,0.0,0
60.100,2,0,-25.0,0.0,0
60.100,2,0,-25.0,0.0,0
60.100,2,0,-25.0,0.0,0
60.100,2,0,-25.0,0.0,0
60.100,2,0,-25.0,0.0,0
60.100,2,0,-25.0,0.0,0
60.100,2,0,-25.0,0.0,0
60.100,2,0,-25.0,0.0,0
60.100,2,0,-25.0,0.0,0
60.100,2,0,-25.0,0.0,0
60.100,2,0,-25.0,0.0,0
60.200,2,0,-25.0,0.0,0
60.200,2,0,-25.0,0.0,0
60.200,2,0,-25.0,0.0,0
60.200,2,0,-25.0,0.0,0
60.200,2,0,-25.0,0.0,0
60.200,2,0,-25.0,0.0,0
60.200,2,0,-25.0,0.0,0
60.200,2,0,-25.0,0.0,0
60.200,2,0,-25.0,0.0,0
60.200,2,0,-25.0,0.0,0
60.300,2,0,-25.0,0.0,0
60.300,2,0,-25.0,0.0,0
60.300,2,0,-25.0,0.0,0
60.300,2,0,-25.0,0.0,0
60.300,2,0,-25.0,0.0,0
60.300,2,0,-25.0,0.0,0
60.300,2,0,-25.0,0.0,0
60.300,2,0,-25.0,0.0,0
60.300,2,0,-25.0,0.0,0
60.300,2,0,-25.0,0.0,0
60.300,2,0,-25.0,0.0,0
60.400,2,0,-25.0,0.0,0
60.400,2,0,-25.0,0.0,0
60.400,2,0,-25.0,0.0,0
60.400,2,0,-25.0,0.0,0
60.400,2,0,-25.0,0.0,0
60.400,2,0,-25.0,0.0,0
60.400,2,0,-25.0,0.0,0
60.400,2,0,-25.0,0.0,0
60.400,2,0,-25.0,0.0,0
60.400,2,0,-25.0,0.0,0
60.400,2,0,-25.0,0.0,0
60.500,2,0,-25.0,0.0,0
60.500,2,0,-25.0,0.0,0
60.500,2,0,-25.0,0.0,0
60.500,2,0,-25.0,0.0,0
60.500,2,0,-25.0,0.0,0
60.500,2,0,-25.0,0.0,0
60.500,2,0,-25.0,0.0,0
60.500,2,0,-25.0,0.0,0
60.500,2,0,-25.0,0.0,0
60.500,2,0,-25.0,0.0,0
60.600,2,0,-25.0,0.0,0
60.600,2,0,-25.0,0.0,0
60.600,2,0,-25.0,0.0,0
60.600,2,0,-25.0,0.0,0
60.600,2,0,-25.0,0.0,0
60.600,2,0,-25.0,0.0,0
60.600,2,0,-25.0,0.0,0
60.600,2,0,-25.0,0.0,0
60.600,2,0,-25.0,0.0,0
60.600,2,0,-25.0,0.0,0
60.600,2,0,-25.0,0.0,0
60.700,2,0,-25.0,0.0,0
60.700,2,0,-25.0,0.0,0
60.700,2,0,-25.0,0.0,0
60.700,2,0,-25.0,0.0,0
60.700,2,0,-25.0,0.0,0
60.700,2,0,-25.0,0.0,0
60.700,2,0,-25.0,0.0,0
60.700,2,0,-25.0,0.0,0
60.700,2,0,-25.0,0.0,0
60.700,2,0,-25.0,0.0,0
60.700,2,0,-25.0,0.0,0
60.800,0,0,0.0,0.0,0
60.800,0,0,0.0,0.0,0
60.800,0,0,0.0,0.0,0
60.800,0,0,0.0,0.0,0
60.800,0,0,0.0,0.0,0
60.800,0,0,0.0,0.0,0
60.800,0,0,0.0,0.0,0
60.800,0,0,0.0,0.0,0
60.800,0,0,0.0,0.0,0
60.800,0,0,0.0,0.0,0
60.900,0,0,0.0,0.0,1
60.900,0,0,0.0,0.0,1
60.900,0,0,0.0,0.0,1
60.900,0,0,0.0,0.0,1
60.900,0,0,0.0,0.0,1
60.900,0,0,0.0,0.0,1
60.900,0,0,0.0,0.0,1
60.900,0,0,0.0,0.0,1
60.900,0,0,0.0,0.0,1
60.900,0,0,0.0,0.0,1
60.900,0,0,0.0,0.0,1
61.000,0,0,0.0,0.0,1
61.000,0,0,0.0,0.0,1
61.000,0,0,0.0,0.0,1
61.000,0,0,0.0,0.0,1
61.000,0,0,0.0,0.0,1
61.000,0,0,0.0,0.0,1
61.000,0,0,0.0,0.0,1
61.000,0,0,0.0,0.0,1
61.000,0,0,0.0,0.0,1
61.000,0,0,0.0,0.0,1
61.000,0,0,0.0,0.0,1
61.100,0,0,0.0,0.0,1
61.100,0,0,0.0,0.0,1
61.100,0,0,0.0,0.0,1
61.100,0,0,0.0,0.0,1
61.100,0,0,0.0,0.0,1
61.100,0,0,0.0,0.0,1
61.100,0,0,0.0,0.0,1
61.100,0,0,0.0,0.0,1
61.100,0,0,0.0,0.0,1
61.100,0,0,0.0,0.0,1
61.200,0,0,0.0,0.0,1
61.200,0,0,0.0,0.0,1
61.200,0,0,0.0,0.0,1
61.200,0,0,0.0,0.0,1
61.200,0,0,0.0,0.0,1
61.200,0,0,0.0,0.0,1
61.200,0,0,0.0,0.0,1
61.200,0,0,0.0,0.0,1
61.200,0,0,0.0,0.0,1
61.200,0,0,0.0,0.0,1
61.200,0,0,0.0,0.0,1
61.300,0,0,0.0,0.0,1
61.300,0,0,0.0,0.0,1
61.300,0,0,0.0,0.0,1
61.300,0,0,0.0,0.0,1
61.300,0,0,0.0,0.0,1
61.300,0,0,0.0,0.0,1
61.300,0,0,0.0,0.0,1
61.300,0,0,0.0,0.0,1
61.300,0,0,0.0,0.0,1
61.300,0,0,0.0,0.0,1
61.300,0,0,0.0,0.0,1
61.400,0,0,0.0,0.0,1
61.400,0,0,0.0,0.0,1
61.400,0,0,0.0,0.0,1
61.400,0,0,0.0,0.0,1
61.400,0,0,0.0,0.0,1
61.400,0,0,0.0,0.0,1
61.400,0,0,0.0,0.0,1
61.400,0,0,0.0,0.0,1
61.400,0,0,0.0,0.0,1
61.400,0,0,0.0,0.0,1
61.400,0,0,0.0,0.0,1
61.500,0,0,0.0,0.0,1
61.500,0,0,0.0,0.0,1
61.500,0,0,0.0,0.0,1
61.500,0,0,0.0,0.0,1
61.500,0,0,0.0,0.0,1
61.500,0,0,0.0,0.0,1
61.500,0,0,0.0,0.0,1
61.500,0,0,0.0,0.0,1
61.500,0,0,0.0,0.0,1
61.500,0,0,0.0,0.0,1
61.600,0,0,0.0,0.0,1
61.600,0,0,0.0,0.0,1
61.600,0,0,0.0,0.0,1
61.600,0,0,0.0,0.0,1
61.600,0,0,0.0,0.0,1
61.600,0,0,0.0,0.0,1
61.600,0,0,0.0,0.0,1
61.600,0,0,0.0,0.0,1
61.600,0,0,0.0,0.0,1
61.600,0,0,0.0,0.0,1
61.600,0,0,0.0,0.0,1
61.700,0,0,0.0,0.0,1
61.700,0,0,0.0,0.0,1
61.700,0,0,0.0,0.0,1
61.700,0,0,0.0,0.0,1
61.700,0,0,0.0,0.0,1
61.700,0,0,0.0,0.0,1
61.700,0,0,0.0,0.0,1
61.700,0,0,0.0,0.0,1
61.700,0,0,0.0,0.0,1
61.700,0,0,0.0,0.0,1
61.700,0,0,0.0,0.0,1
61.800,0,0,0.0,0.0,1
61.800,0,0,0.0,0.0,1
61.800,0,0,0.0,0.0,1
61.800,0,0,0.0,0.0,1
61.800,0,0,0.0,0.0,1
61.800,0,0,0.0,0.0,1
61.800,0,0,0.0,0.0,1
61.800,0,0,0.0,0.0,1
61.800,0,0,0.0,0.0,1
61.800,0,0,0.0,0.0,1
61.900,0,0,0.0,0.0,1
61.900,0,0,0.0,0.0,1
61.900,0,0,0.0,0.0,1
61.900,0,0,0.0,0.0,1
61.900,0,0,0.0,0.0,1
61.900,0,0,0.0,0.0,1
61.900,0,0,0.0,0.0,1
61.900,0,0,0.0,0.0,1
61.900,0,0,0.0,0.0,1
61.900,0,0,0.0,0.0,1
61.900,0,0,0.0,0.0,1
62.000,0,0,0.0,0.0,1
62.000,0,0,0.0,0.0,1
62.000,0,0,0.0,0.0,1
62.000,0,0,0.0,0.0,1
62.000,0,0,0.0,0.0,1
62.000,0,0,0.0,0.0,1
62.000,0,0,0.0,0.0,1
62.000,0,0,0.0,0.0,1
62.000,0,0,0.0,0.0,1
62.000,0,0,0.0,0.0,1
62.000,0,0,0.0,0.0,1
62.100,0,0,0.0,0.0,1
62.100,0,0,0.0,0.0,1
62.100,0,0,0.0,0.0,1
62.100,0,0,0.0,0.0,1
62.100,0,0,0.0,0.0,1
62.100,0,0,0.0,0.0,1
62.100,0,0,0.0,0.0,1
62.100,0,0,0.0,0.0,1
62.100,0,0,0.0,0.0,1
62.100,0,0,0.0,0.0,1
62.200,0,0,0.0,0.0,1
62.200,0,0,0.0,0.0,1
62.200,0,0,0.0,0.0,1
62.200,0,0,0.0,0.0,1
62.200,0,0,0.0,0.0,1
62.200,0,0,0.0,0.0,1
62.200,0,0,0.0,0.0,1
62.200,0,0,0.0,0.0,1
62.200,0,0,0.0,0.0,1
62.200,0,0,0.0,0.0,1
62.200,0,0,0.0,0.0,1
62.300,0,0,0.0,0.0,1
62.300,0,0,0.0,0.0,1
62.300,0,0,0.0,0.0,1
62.300,0,0,0.0,0.0,1
62.300,0,0,0.0,0.0,1
62.300,0,0,0.0,0.0,1
62.300,0,0,0.0,0.0,1
62.300,0,0,0.0,0.0,1
62.300,0,0,0.0,0.0,1
62.300,0,0,0.0,0.0,1
62.300,0,0,0.0,0.0,1
62.400,0,0,0.0,0.0,1
62.400,0,0,0.0,0.0,1
62.400,0,0,0.0,0.0,1
62.400,0,0,0.0,0.0,1
62.400,0,0,0.0,0.0,1
62.400,0,0,0.0,0.0,1
62.400,0,0,0.0,0.0,1
62.400,0,0,0.0,0.0,1
62.400,0,0,0.0,0.0,1
62.400,0,0,0.0,0.0,1
62.500,0,0,0.0,0.0,1
62.500,0,0,0.0,0.0,1
62.500,0,0,0.0,0.0,1
62.500,0,0,0.0,0.0,1
62.500,0,0,0.0,0.0,1
62.500,0,0,0.0,0.0,1
62.500,0,0,0.0,0.0,1
62.500,0,0,0.0,0.0,1
62.500,0,0,0.0,0.0,1
62.500,0,0,0.0,0.0,1
62.500,0,0,0.0,0.0,1
62.600,0,0,0.0,0.0,1
62.600,0,0,0.0,0.0,1
62.600,0,0,0.0,0.0,1
62.600,0,0,0.0,0.0,1
62.600,0,0,0.0,0.0,1
62.600,0,0,0.0,0.0,1
62.600,0,0,0.0,0.0,1
62.600,0,0,0.0,0.0,1
62.600,0,0,0.0,0.0,1
62.600,0,0,0.0,0.0,1
62.600,0,0,0.0,0.0,1
62.700,0,0,0.0,0.0,1
62.700,0,0,0.0,0.0,1
62.700,0,0,0.0,0.0,1
62.700,0,0,0.0,0.0,1
62.700,0,0,0.0,0.0,1
62.700,0,0,0.0,0.0,1
62.700,0,0,0.0,0.0,1
62.700,0,0,0.0,0.0,1
62.700,0,0,0.0,0.0,1
62.700,0,0,0.0,0.0,1
62.700,0,0,0.0,0.0,1
62.800,0,0,0.0,0.0,1
62.800,0,0,0.0,0.0,1
62.800,0,0,0.0,0.0,1
62.800,0,0,0.0,0.0,1
62.800,0,0,0.0,0.0,1
62.800,0,0,0.0,0.0,1
62.800,0,0,0.0,0.0,1
62.800,0,0,0.0,0.0,1
62.800,0,0,0.0,0.0,1
62.800,0,0,0.0,0.0,1
62.900,0,0,0.0,0.0,1
62.900,0,0,0.0,0.0,1
62.900,0,0,0.0,0.0,1
62.900,0,0,0.0,0.0,1
62.900,0,0,0.0,0.0,1
62.900,0,0,0.0,0.0,1
62.900,0,0,0.0,0.0,1
62.900,0,0,0.0,0.0,1
62.900,0,0,0.0,0.0,1
62.900,0,0,0.0,0.0,1
62.900,0,0,0.0,0.0,1
63.000,0,0,0.0,0.0,1
63.000,0,0,0.0,0.0,1
63.000,0,0,0.0,0.0,1
63.000,0,0,0.0,0.0,1
63.000,0,0,0.0,0.0,1
63.000,0,0,0.0,0.0,1
63.000,0,0,0.0,0.0,1
63.000,0,0,0.0,0.0,1
63.000,0,0,0.0,0.0,1
63.000,0,0,0.0,0.0,1
63.000,0,0,0.0,0.0,1
63.100,0,0,0.0,0.0,1
63.100,0,0,0.0,0.0,1
63.100,0,0,0.0,0.0,1
63.100,0,0,0.0,0.0,1
63.100,0,0,0.0,0.0,1
63.100,0,0,0.0,0.0,1
63.100,0,0,0.0,0.0,1
63.100,0,0,0.0,0.0,1
63.100,0,0,0.0,0.0,1
63.100,0,0,0.0,0.0,1
63.200,0,0,0.0,0.0,1
63.200,0,0,0.0,0.0,1
63.200,0,0,0.0,0.0,1
63.200,0,0,0.0,0.0,1
63.200,0,0,0.0,0.0,1
63.200,0,0,0.0,0.0,1
63.200,0,0,0.0,0.0,1
63.200,0,0,0.0,0.0,1
63.200,0,0,0.0,0.0,1
63.200,0,0,0.0,0.0,1
63.200,0,0,0.0,0.0,1
63.300,0,0,0.0,0.0,1
63.300,0,0,0.0,0.0,1
63.300,0,0,0.0,0.0,1
63.300,0,0,0.0,0.0,1
63.300,0,0,0.0,0.0,1
63.300,0,0,0.0,0.0,1
63.300,0,0,0.0,0.0,1
63.300,0,0,0.0,0.0,1
63.300,0,0,0.0,0.0,1
63.300,0,0,0.0,0.0,1
63.300,0,0,0.0,0.0,1
63.400,0,0,0.0,0.0,1
63.400,0,0,0.0,0.0,1
63.400,0,0,0.0,0.0,1
63.400,0,0,0.0,0.0,1
63.400,0,0,0.0,0.0,1
63.400,0,0,0.0,0.0,1
63.400,0,0,0.0,0.0,1
63.400,0,0,0.0,0.0,1
63.400,0,0,0.0,0.0,1
63.400,0,0,0.0,0.0,1
63.500,0,0,0.0,0.0,1
63.500,0,0,0.0,0.0,1
63.500,0,0,0.0,0.0,1
63.500,0,0,0.0,0.0,1
63.500,0,0,0.0,0.0,1
63.500,0,0,0.0,0.0,1
63.500,0,0,0.0,0.0,1
63.500,0,0,0.0,0.0,1
63.500,0,0,0.0,0.0,1
63.500,0,0,0.0,0.0,1
63.500,0,0,0.0,0.0,1
63.600,0,0,0.0,0.0,1
63.600,0,0,0.0,0.0,1
63.600,0,0,0.0,0.0,1
63.600,0,0,0.0,0.0,1
63.600,0,0,0.0,0.0,1
63.600,0,0,0.0,0.0,1
63.600,0,0,0.0,0.0,1
63.600,0,0,0.0,0.0,1
63.600,0,0,0.0,0.0,1
63.600,0,0,0.0,0.0,1
63.600,0,0,0.0,0.0,1
63.700,0,0,0.0,0.0,1
63.700,0,0,0.0,0.0,1
63.700,0,0,0.0,0.0,1
63.700,0,0,0.0,0.0,1
63.700,0,0,0.0,0.0,1
63.700,0,0,0.0,0.0,1
63.700,0,0,0.0,0.0,1
63.700,0,0,0.0,0.0,1
63.700,0,0,0.0,0.0,1
63.700,0,0,0.0,0.0,1
63.800,0,0,0.0,0.0,1
63.800,0,0,0.0,0.0,1
63.800,0,0,0.0,0.0,1
63.800,0,0,0.0,0.0,1
63.800,0,0,0.0,0.0,1
63.800,0,0,0.0,0.0,1
63.800,0,0,0.0,0.0,1
63.800,0,0,0.0,0.0,1
63.800,0,0,0.0,0.0,1
63.800,0,0,0.0,0.0,1
63.800,0,0,0.0,0.0,1
63.900,0,0,0.0,0.0,1
63.900,0,0,0.0,0.0,1
63.900,0,0,0.0,0.0,1
63.900,0,0,0.0,0.0,1
63.900,0,0,0.0,0.0,1
63.900,0,0,0.0,0.0,1
63.900,0,0,0.0,0.0,1
63.900,0,0,0.0,0.0,1
63.900,0,0,0.0,0.0,1
63.900,0,0,0.0,0.0,1
63.900,0,0,0.0,0.0,1
64.000,0,0,0.0,0.0,1
64.000,0,0,0.0,0.0,1
64.000,0,0,0.0,0.0,1
64.000,0,0,0.0,0.0,1
64.000,0,0,0.0,0.0,1
64.000,0,0,0.0,0.0,1
64.000,0,0,0.0,0.0,1
64.000,0,0,0.0,0.0,1
64.000,0,0,0.0,0.0,1
64.000,0,0,0.0,0.0,1
64.000,0,0,0.0,0.0,1
64.100,0,0,0.0,0.0,1
64.100,0,0,0.0,0.0,1
64.100,0,0,0.0,0.0,1
64.100,0,0,0.0,0.0,1
64.100,0,0,0.0,0.0,1
64.100,0,0,0.0,0.0,1
64.100,0,0,0.0,0.0,1
64.100,0,0,0.0,0.0,1
64.100,0,0,0.0,0.0,1
64.100,0,0,0.0,0.0,1
64.200,0,0,0.0,0.0,1
64.200,0,0,0.0,0.0,1
64.200,0,0,0.0,0.0,1
64.200,0,0,0.0,0.0,1
64.200,0,0,0.0,0.0,1
64.200,0,0,0.0,0.0,1
64.200,0,0,0.0,0.0,1
64.200,0,0,0.0,0.0,1
64.200,0,0,0.0,0.0,1
64.200,0,0,0.0,0.0,1
64.200,0,0,0.0,0.0,1
64.300,0,0,0.0,0.0,1
64.300,0,0,0.0,0.0,1
64.300,0,0,0.0,0.0,1
64.300,0,0,0.0,0.0,1
64.300,0,0,0.0,0.0,1
64.300,0,0,0.0,0.0,1
64.300,0,0,0.0,0.0,1
64.300,0,0,0.0,0.0,1
64.300,0,0,0.0,0.0,1
64.300,0,0,0.0,0.0,1
64.300,0,0,0.0,0.0,1
64.400,0,0,0.0,0.0,1
64.400,0,0,0.0,0.0,1
64.400,0,0,0.0,0.0,1
64.400,0,0,0.0,0.0,1
64.400,0,0,0.0,0.0,1
64.400,0,0,0.0,0.0,1
64.400,0,0,0.0,0.0,1
64.400,0,0,0.0,0.0,1
64.400,0,0,0.0,0.0,1
64.400,0,0,0.0,0.0,1
64.500,0,0,0.0,0.0,1
64.500,0,0,0.0,0.0,1
64.500,0,0,0.0,0.0,1
64.500,0,0,0.0,0.0,1
64.500,0,0,0.0,0.0,1
64.500,0,0,0.0,0.0,1
64.500,0,0,0.0,0.0,1
64.500,0,0,0.0,0.0,1
64.500,0,0,0.0,0.0,1
64.500,0,0,0.0,0.0,1
64.500,0,0,0.0,0.0,1
64.600,0,0,0.0,0.0,1
64.600,0,0,0.0,0.0,1
64.600,0,0,0.0,0.0,1
64.600,0,0,0.0,0.0,1
64.600,0,0,0.0,0.0,1
64.600,0,0,0.0,0.0,1
64.600,0,0,0.0,0.0,1
64.600,0,0,0.0,0.0,1
64.600,0,0,0.0,0.0,1
64.600,0,0,0.0,0.0,1
64.600,0,0,0.0,0.0,1
64.700,0,0,0.0,0.0,1
64.700,0,0,0.0,0.0,1
64.700,0,0,0.0,0.0,1
64.700,0,0,0.0,0.0,1
64.700,0,0,0.0,0.0,1
64.700,0,0,0.0,0.0,1
64.700,0,0,0.0,0.0,1
64.700,0,0,0.0,0.0,1
64.700,0,0,0.0,0.0,1
64.700,0,0,0.0,0.0,1
64.800,0,0,0.0,0.0,1
64.800,0,0,0.0,0.0,1
64.800,0,0,0.0,0.0,1
64.800,0,0,0.0,0.0,1
64.800,0,0,0.0,0.0,1
64.800,0,0,0.0,0.0,1
64.800,0,0,0.0,0.0,1
64.800,0,0,0.0,0.0,1
64.800,0,0,0.0,0.0,1
64.800,0,0,0.0,0.0,1
64.800,0,0,0.0,0.0,1
64.900,0,0,0.0,0.0,1
64.900,0,0,0.0,0.0,1
64.900,0,0,0.0,0.0,1
64.900,0,0,0.0,0.0,1
64.900,0,0,0.0,0.0,1
64.900,0,0,0.0,0.0,1
64.900,0,0,0.0,0.0,1
64.900,0,0,0.0,0.0,1
64.900,0,0,0.0,0.0,1
64.900,0,0,0.0,0.0,1
64.900,0,0,0.0,0.0,1
65.000,0,0,0.0,0.0,1
65.000,0,0,0.0,0.0,1
65.000,0,0,0.0,0.0,1
65.000,0,0,0.0,0.0,1
65.000,0,0,0.0,0.0,1
65.000,0,0,0.0,0.0,1
65.000,0,0,0.0,0.0,1
65.000,0,0,0.0,0.0,1
65.000,0,0,0.0,0.0,1
65.000,0,0,0.0,0.0,1
65.000,0,0,0.0,0.0,1
65.100,0,0,0.0,0.0,1
65.100,0,0,0.0,0.0,1
65.100,0,0,0.0,0.0,1
65.100,0,0,0.0,0.0,1
65.100,0,0,0.0,0.0,1
65.100,0,0,0.0,0.0,1
65.100,0,0,0.0,0.0,1
65.100,0,0,0.0,0.0,1
65.100,0,0,0.0,0.0,1
65.100,0,0,0.0,0.0,1
65.200,0,0,0.0,0.0,1
65.200,0,0,0.0,0.0,1
65.200,0,0,0.0,0.0,1
65.200,0,0,0.0,0.0,1
65.200,0,0,0.0,0.0,1
65.200,0,0,0.0,0.0,1
65.200,0,0,0.0,0.0,1
65.200,0,0,0.0,0.0,1
65.200,0,0,0.0,0.0,1
65.200,0,0,0.0,0.0,1
65.200,0,0,0.0,0.0,1
65.300,0,0,0.0,0.0,1
65.300,0,0,0.0,0.0,1
65.300,0,0,0.0,0.0,1
65.300,0,0,0.0,0.0,1
65.300,0,0,0.0,0.0,1
65.300,0,0,0.0,0.0,1
65.300,0,0,0.0,0.0,1
65.300,0,0,0.0,0.0,1
65.300,0,0,0.0,0.0,1
65.300,0,0,0.0,0.0,1
65.300,0,0,0.0,0.0,1
65.400,0,0,0.0,0.0,1
65.400,0,0,0.0,0.0,1
65.400,0,0,0.0,0.0,1
65.400,0,0,0.0,0.0,1
65.400,0,0,0.0,0.0,1
65.400,0,0,0.0,0.0,1
65.400,0,0,0.0,0.0,1
65.400,0,0,0.0,0.0,1
65.400,0,0,0.0,0.0,1
65.400,0,0,0.0,0.0,1
65.500,0,0,0.0,0.0,1
65.500,0,0,0.0,0.0,1
65.500,0,0,0.0,0.0,1
65.500,0,0,0.0,0.0,1
65.500,0,0,0.0,0.0,1
65.500,0,0,0.0,0.0,1
65.500,0,0,0.0,0.0,1
65.500,0,0,0.0,0.0,1
65.500,0,0,0.0,0.0,1
65.500,0,0,0.0,0.0,1
65.500,0,0,0.0,0.0,1
65.600,0,0,0.0,0.0,1
65.600,0,0,0.0,0.0,1
65.600,0,0,0.0,0.0,1
65.600,0,0,0.0,0.0,1
65.600,0,0,0.0,0.0,1
65.600,0,0,0.0,0.0,1
65.600,0,0,0.0,0.0,1
65.600,0,0,0.0,0.0,1
65.600,0,0,0.0,0.0,1
65.600,0,0,0.0,0.0,1
65.600,0,0,0.0,0.0,1
65.700,0,0,0.0,0.0,1
65.700,0,0,0.0,0.0,1
65.700,0,0,0.0,0.0,1
65.700,0,0,0.0,0.0,1
65.700,0,0,0.0,0.0,1
65.700,0,0,0.0,0.0,1
65.700,0,0,0.0,0.0,1
65.700,0,0,0.0,0.0,1
65.700,0,0,0.0,0.0,1
65.700,0,0,0.0,0.0,1
65.800,0,0,0.0,0.0,1
65.800,0,0,0.0,0.0,1
65.800,0,0,0.0,0.0,1
65.800,0,0,0.0,0.0,1
65.800,0,0,0.0,0.0,1
65.800,0,0,0.0,0.0,1
65.800,0,0,0.0,0.0,1
65.800,0,0,0.0,0.0,1
65.800,0,0,0.0,0.0,1
65.800,0,0,0.0,0.0,1
65.800,0,0,0.0,0.0,1
65.900,0,0,0.0,0.0,1
65.900,0,0,0.0,0.0,1
65.900,0,0,0.0,0.0,1
65.900,0,0,0.0,0.0,1
65.900,0,0,0.0,0.0,1
65.900,0,0,0.0,0.0,1
65.900,0,0,0.0,0.0,1
65.900,0,0,0.0,0.0,1
65.900,0,0,0.0,0.0,1
65.900,0,0,0.0,0.0,1
65.900,0,0,0.0,0.0,1
66.000,0,0,0.0,0.0,1
66.000,0,0,0.0,0.0,1
66.000,0,0,0.0,0.0,1
66.000,0,0,0.0,0.0,1
66.000,0,0,0.0,0.0,1
66.000,0,0,0.0,0.0,1
66.000,0,0,0.0,0.0,1
66.000,0,0,0.0,0.0,1
66.000,0,0,0.0,0.0,1
66.000,0,0,0.0,0.0,1
66.100,0,0,0.0,0.0,1
66.100,0,0,0.0,0.0,1
66.100,0,0,0.0,0.0,1
66.100,0,0,0.0,0.0,1
66.100,0,0,0.0,0.0,1
66.100,0,0,0.0,0.0,1
66.100,0,0,0.0,0.0,1
66.100,0,0,0.0,0.0,1
66.100,0,0,0.0,0.0,1
66.100,0,0,0.0,0.0,1
66.100,0,0,0.0,0.0,1
66.200,0,0,0.0,0.0,1
66.200,0,0,0.0,0.0,1
66.200,0,0,0.0,0.0,1
66.200,0,0,0.0,0.0,1
66.200,0,0,0.0,0.0,1
66.200,0,0,0.0,0.0,1
66.200,0,0,0.0,0.0,1
66.200,0,0,0.0,0.0,1
66.200,0,0,0.0,0.0,1
66.200,0,0,0.0,0.0,1
66.200,0,0,0.0,0.0,1
66.300,0,0,0.0,0.0,1
66.300,0,0,0.0,0.0,1
66.300,0,0,0.0,0.0,1
66.300,0,0,0.0,0.0,1
66.300,0,0,0.0,0.0,1
66.300,0,0,0.0,0.0,1
66.300,0,0,0.0,0.0,1
66.300,0,0,0.0,0.0,1
66.300,0,0,0.0,0.0,1
66.300,0,0,0.0,0.0,1
66.300,0,0,0.0,0.0,1
66.400,0,0,0.0,0.0,1
66.400,0,0,0.0,0.0,1
66.400,0,0,0.0,0.0,1
66.400,0,0,0.0,0.0,1
66.400,0,0,0.0,0.0,1
66.400,0,0,0.0,0.0,1
66.400,0,0,0.0,0.0,1
66.400,0,0,0.0,0.0,1
66.400,0,0,0.0,0.0,1
66.400,0,0,0.0,0.0,1
66.500,0,0,0.0,0.0,1
66.500,0,0,0.0,0.0,1
66.500,0,0,0.0,0.0,1
66.500,0,0,0.0,0.0,1
66.500,0,0,0.0,0.0,1
66.500,0,0,0.0,0.0,1
66.500,0,0,0.0,0.0,1
66.500,0,0,0.0,0.0,1
66.500,0,0,0.0,0.0,1
66.500,0,0,0.0,0.0,1
66.500,0,0,0.0,0.0,1
66.600,0,0,0.0,0.0,1
66.600,0,0,0.0,0.0,1
66.600,0,0,0.0,0.0,1
66.600,0,0,0.0,0.0,1
66.600,0,0,0.0,0.0,1
66.600,0,0,0.0,0.0,1
66.600,0,0,0.0,0.0,1
66.600,0,0,0.0,0.0,1
66.600,0,0,0.0,0.0,1
66.600,0,0,0.0,0.0,1
66.600,0,0,0.0,0.0,1
66.700,0,0,0.0,0.0,1
66.700,0,0,0.0,0.0,1
66.700,0,0,0.0,0.0,1
66.700,0,0,0.0,0.0,1
66.700,0,0,0.0,0.0,1
66.700,0,0,0.0,0.0,1
66.700,0,0,0.0,0.0,1
66.700,0,0,0.0,0.0,1
66.700,0,0,0.0,0.0,1
66.700,0,0,0.0,0.0,1
66.800,0,0,0.0,0.0,1
66.800,0,0,0.0,0.0,1
66.800,0,0,0.0,0.0,1
66.800,0,0,0.0,0.0,1
66.800,0,0,0.0,0.0,1
66.800,0,0,0.0,0.0,1
66.800,0,0,0.0,0.0,1
66.800,0,0,0.0,0.0,1
66.800,0,0,0.0,0.0,1
66.800,0,0,0.0,0.0,1
66.800,0,0,0.0,0.0,1
66.900,0,0,0.0,0.0,1
66.900,0,0,0.0,0.0,1
66.900,0,0,0.0,0.0,1
66.900,0,0,0.0,0.0,1
66.900,0,0,0.0,0.0,1
66.900,0,0,0.0,0.0,1
66.900,0,0,0.0,0.0,1
66.900,0,0,0.0,0.0,1
66.900,0,0,0.0,0.0,1
66.900,0,0,0.0,0.0,1
66.900,0,0,0.0,0.0,1
67.000,0,0,0.0,0.0,1
67.000,0,0,0.0,0.0,1
67.000,0,0,0.0,0.0,1
67.000,0,0,0.0,0.0,1
67.000,0,0,0.0,0.0,1
67.000,0,0,0.0,0.0,1
67.000,0,0,0.0,0.0,1
67.000,0,0,0.0,0.0,1
67.000,0,0,0.0,0.0,1
67.000,0,0,0.0,0.0,1
67.100,0,0,0.0,0.0,1
67.100,0,0,0.0,0.0,1
67.100,0,0,0.0,0.0,1
67.100,0,0,0.0,0.0,1
67.100,0,0,0.0,0.0,1
67.100,0,0,0.0,0.0,1
67.100,0,0,0.0,0.0,1
67.100,0,0,0.0,0.0,1
67.100,0,0,0.0,0.0,1
67.100,0,0,0.0,0.0,1
67.100,0,0,0.0,0.0,1
67.200,0,0,0.0,0.0,1
67.200,0,0,0.0,0.0,1
67.200,0,0,0.0,0.0,1
67.200,0,0,0.0,0.0,1
67.200,0,0,0.0,0.0,1
67.200,0,0,0.0,0.0,1
67.200,0,0,0.0,0.0,1
67.200,0,0,0.0,0.0,1
67.200,0,0,0.0,0.0,1
67.200,0,0,0.0,0.0,1
67.200,0,0,0.0,0.0,1
67.300,0,0,0.0,0.0,1
67.300,0,0,0.0,0.0,1
67.300,0,0,0.0,0.0,1
67.300,0,0,0.0,0.0,1
67.300,0,0,0.0,0.0,1
67.300,0,0,0.0,0.0,1
67.300,0,0,0.0,0.0,1
67.300,0,0,0.0,0.0,1
67.300,0,0,0.0,0.0,1
67.300,0,0,0.0,0.0,1
67.400,0,0,0.0,0.0,1
67.400,0,0,0.0,0.0,1
67.400,0,0,0.0,0.0,1
67.400,0,0,0.0,0.0,1
67.400,0,0,0.0,0.0,1
67.400,0,0,0.0,0.0,1
67.400,0,0,0.0,0.0,1
67.400,0,0,0.0,0.0,1
67.400,0,0,0.0,0.0,1
67.400,0,0,0.0,0.0,1
67.400,0,0,0.0,0.0,1
67.500,0,0,0.0,0.0,1
67.500,0,0,0.0,0.0,1
67.500,0,0,0.0,0.0,1
67.500,0,0,0.0,0.0,1
67.500,0,0,0.0,0.0,1
67.500,0,0,0.0,0.0,1
67.500,0,0,0.0,0.0,1
67.500,0,0,0.0,0.0,1
67.500,0,0,0.0,0.0,1
67.500,0,0,0.0,0.0,1
67.500,0,0,0.0,0.0,1
67.600,0,0,0.0,0.0,1
67.600,0,0,0.0,0.0,1
67.600,0,0,0.0,0.0,1
67.600,0,0,0.0,0.0,1
67.600,0,0,0.0,0.0,1
67.600,0,0,0.0,0.0,1
67.600,0,0,0.0,0.0,1
67.600,0,0,0.0,0.0,1
67.600,0,0,0.0,0.0,1
67.600,0,0,0.0,0.0,1
67.700,0,0,0.0,0.0,1
67.700,0,0,0.0,0.0,1
67.700,0,0,0.0,0.0,1
67.700,0,0,0.0,0.0,1
67.700,0,0,0.0,0.0,1
67.700,0,0,0.0,0.0,1
67.700,0,0,0.0,0.0,1
67.700,0,0,0.0,0.0,1
67.700,0,0,0.0,0.0,1
67.700,0,0,0.0,0.0,1
67.700,0,0,0.0,0.0,1
67.800,0,0,0.0,0.0,1
67.800,0,0,0.0,0.0,1
67.800,0,0,0.0,0.0,1
67.800,0,0,0.0,0.0,1
67.800,0,0,0.0,0.0,1
67.800,0,0,0.0,0.0,1
67.800,0,0,0.0,0.0,1
67.800,0,0,0.0,0.0,1
67.800,0,0,0.0,0.0,1
67.800,0,0,0.0,0.0,1
67.800,0,0,0.0,0.0,1
67.900,0,0,0.0,0.0,1
67.900,0,0,0.0,0.0,1
67.900,0,0,0.0,0.0,1
67.900,0,0,0.0,0.0,1
67.900,0,0,0.0,0.0,1
67.900,0,0,0.0,0.0,1
67.900,0,0,0.0,0.0,1
67.900,0,0,0.0,0.0,1
67.900,0,0,0.0,0.0,1
67.900,0,0,0.0,0.0,1
67.900,0,0,0.0,0.0,1
68.000,0,0,0.0,0.0,1
68.000,0,0,0.0,0.0,1
68.000,0,0,0.0,0.0,1
68.000,0,0,0.0,0.0,1
68.000,0,0,0.0,0.0,1
68.000,0,0,0.0,0.0,1
68.000,0,0,0.0,0.0,1
68.000,0,0,0.0,0.0,1
68.000,0,0,0.0,0.0,1
68.000,0,0,0.0,0.0,1
68.100,0,0,0.0,0.0,1
68.100,0,0,0.0,0.0,1
68.100,0,0,0.0,0.0,1
68.100,0,0,0.0,0.0,1
68.100,0,0,0.0,0.0,1
68.100,0,0,0.0,0.0,1
68.100,0,0,0.0,0.0,1
68.100,0,0,0.0,0.0,1
68.100,0,0,0.0,0.0,1
68.100,0,0,0.0,0.0,1
68.100,0,0,0.0,0.0,1
68.200,0,0,0.0,0.0,1
68.200,0,0,0.0,0.0,1
68.200,0,0,0.0,0.0,1
68.200,0,0,0.0,0.0,1
68.200,0,0,0.0,0.0,1
68.200,0,0,0.0,0.0,1
68.200,0,0,0.0,0.0,1
68.200,0,0,0.0,0.0,1
68.200,0,0,0.0,0.0,1
68.200,0,0,0.0,0.0,1
68.200,0,0,0.0,0.0,1
68.300,0,0,0.0,0.0,1
68.300,0,0,0.0,0.0,1
68.300,0,0,0.0,0.0,1
68.300,0,0,0.0,0.0,1
68.300,0,0,0.0,0.0,1
68.300,0,0,0.0,0.0,1
68.300,0,0,0.0,0.0,1
68.300,0,0,0.0,0.0,1
68.300,0,0,0.0,0.0,1
68.300,0,0,0.0,0.0,1
68.400,0,0,0.0,0.0,1
68.400,0,0,0.0,0.0,1
68.400,0,0,0.0,0.0,1
68.400,0,0,0.0,0.0,1
68.400,0,0,0.0,0.0,1
68.400,0,0,0.0,0.0,1
68.400,0,0,0.0,0.0,1
68.400,0,0,0.0,0.0,1
68.400,0,0,0.0,0.0,1
68.400,0,0,0.0,0.0,1
68.400,0,0,0.0,0.0,1
68.500,0,0,0.0,0.0,1
68.500,0,0,0.0,0.0,1
68.500,0,0,0.0,0.0,1
68.500,0,0,0.0,0.0,1
68.500,0,0,0.0,0.0,1
68.500,0,0,0.0,0.0,1
68.500,0,0,0.0,0.0,1
68.500,0,0,0.0,0.0,1
68.500,0,0,0.0,0.0,1
68.500,0,0,0.0,0.0,1
68.500,0,0,0.0,0.0,1
68.600,0,0,0.0,0.0,1
68.600,0,0,0.0,0.0,1
68.600,0,0,0.0,0.0,1
68.600,0,0,0.0,0.0,1
68.600,0,0,0.0,0.0,1
68.600,0,0,0.0,0.0,1
68.600,0,0,0.0,0.0,1
68.600,0,0,0.0,0.0,1
68.600,0,0,0.0,0.0,1
68.600,0,0,0.0,0.0,1
68.600,0,0,0.0,0.0,1
68.700,0,0,0.0,0.0,1
68.700,0,0,0.0,0.0,1
68.700,0,0,0.0,0.0,1
68.700,0,0,0.0,0.0,1
68.700,0,0,0.0,0.0,1
68.700,0,0,0.0,0.0,1
68.700,0,0,0.0,0.0,1
68.700,0,0,0.0,0.0,1
68.700,0,0,0.0,0.0,1
68.700,0,0,0.0,0.0,1
68.800,0,0,0.0,0.0,1
68.800,0,0,0.0,0.0,1
68.800,0,0,0.0,0.0,1
68.800,0,0,0.0,0.0,1
68.800,0,0,0.0,0.0,1
68.800,0,0,0.0,0.0,1
68.800,0,0,0.0,0.0,1
68.800,0,0,0.0,0.0,1
68.800,0,0,0.0,0.0,1
68.800,0,0,0.0,0.0,1
68.800,0,0,0.0,0.0,1
68.900,0,0,0.0,0.0,1
68.900,0,0,0.0,0.0,1
68.900,0,0,0.0,0.0,1
68.900,0,0,0.0,0.0,1
68.900,0,0,0.0,0.0,1
68.900,0,0,0.0,0.0,1
68.900,0,0,0.0,0.0,1
68.900,0,0,0.0,0.0,1
68.900,0,0,0.0,0.0,1
68.900,0,0,0.0,0.0,1
68.900,0,0,0.0,0.0,1
69.000,0,0,0.0,0.0,1
69.000,0,0,0.0,0.0,1
69.000,0,0,0.0,0.0,1
69.000,0,0,0.0,0.0,1
69.000,0,0,0.0,0.0,1
69.000,0,0,0.0,0.0,1
69.000,0,0,0.0,0.0,1
69.000,0,0,0.0,0.0,1
69.000,0,0,0.0,0.0,1
69.000,0,0,0.0,0.0,1
69.100,0,0,0.0,0.0,1
69.100,0,0,0.0,0.0,1
69.100,0,0,0.0,0.0,1
69.100,0,0,0.0,0.0,1
69.100,0,0,0.0,0.0,1
69.100,0,0,0.0,0.0,1
69.100,0,0,0.0,0.0,1
69.100,0,0,0.0,0.0,1
69.100,0,0,0.0,0.0,1
69.100,0,0,0.0,0.0,1
69.100,0,0,0.0,0.0,1
69.200,0,0,0.0,0.0,1
69.200,0,0,0.0,0.0,1
69.200,0,0,0.0,0.0,1
69.200,0,0,0.0,0.0,1
69.200,0,0,0.0,0.0,1
69.200,0,0,0.0,0.0,1
69.200,0,0,0.0,0.0,1
69.200,0,0,0.0,0.0,1
69.200,0,0,0.0,0.0,1
69.200,0,0,0.0,0.0,1
69.200,0,0,0.0,0.0,1
69.300,0,0,0.0,0.0,1
69.300,0,0,0.0,0.0,1
69.300,0,0,0.0,0.0,1
69.300,0,0,0.0,0.0,1
69.300,0,0,0.0,0.0,1
69.300,0,0,0.0,0.0,1
69.300,0,0,0.0,0.0,1
69.300,0,0,0.0,0.0,1
69.300,0,0,0.0,0.0,1
69.300,0,0,0.0,0.0,1
69.400,0,0,0.0,0.0,1
69.400,0,0,0.0,0.0,1
69.400,0,0,0.0,0.0,1
69.400,0,0,0.0,0.0,1
69.400,0,0,0.0,0.0,1
69.400,0,0,0.0,0.0,1
69.400,0,0,0.0,0.0,1
69.400,0,0,0.0,0.0,1
69.400,0,0,0.0,0.0,1
69.400,0,0,0.0,0.0,1
69.400,0,0,0.0,0.0,1
69.500,0,0,0.0,0.0,1
69.500,0,0,0.0,0.0,1
69.500,0,0,0.0,0.0,1
69.500,0,0,0.0,0.0,1
69.500,0,0,0.0,0.0,1
69.500,0,0,0.0,0.0,1
69.500,0,0,0.0,0.0,1
69.500,0,0,0.0,0.0,1
69.500,0,0,0.0,0.0,1
69.500,0,0,0.0,0.0,1
69.500,0,0,0.0,0.0,1
69.600,0,0,0.0,0.0,1
69.600,0,0,0.0,0.0,1
69.600,0,0,0.0,0.0,1
69.600,0,0,0.0,0.0,1
69.600,0,0,0.0,0.0,1
69.600,0,0,0.0,0.0,1
69.600,0,0,0.0,0.0,1
69.600,0,0,0.0,0.0,1
69.600,0,0,0.0,0.0,1
69.600,0,0,0.0,0.0,1
69.700,0,0,0.0,0.0,1
69.700,0,0,0.0,0.0,1
69.700,0,0,0.0,0.0,1
69.700,0,0,0.0,0.0,1
69.700,0,0,0.0,0.0,1
69.700,0,0,0.0,0.0,1
69.700,0,0,0.0,0.0,1
69.700,0,0,0.0,0.0,1
69.700,0,0,0.0,0.0,1
69.700,0,0,0.0,0.0,1
69.700,0,0,0.0,0.0,1
69.800,0,0,0.0,0.0,1
69.800,0,0,0.0,0.0,1
69.800,0,0,0.0,0.0,1
69.800,0,0,0.0,0.0,1
69.800,0,0,0.0,0.0,1
69.800,0,0,0.0,0.0,1
69.800,0,0,0.0,0.0,1
69.800,0,0,0.0,0.0,1
69.800,0,0,0.0,0.0,1
69.800,0,0,0.0,0.0,1
69.800,0,0,0.0,0.0,1
69.900,0,0,0.0,0.0,1
69.900,0,0,0.0,0.0,1
69.900,0,0,0.0,0.0,1
69.900,0,0,0.0,0.0,1
69.900,0,0,0.0,0.0,1
69.900,0,0,0.0,0.0,1
69.900,0,0,0.0,0.0,1
69.900,0,0,0.0,0.0,1
69.900,0,0,0.0,0.0,1
69.900,0,0,0.0,0.0,1
69.900,0,0,0.0,0.0,1
70.000,0,0,0.0,0.0,1
70.000,0,0,0.0,0.0,1
70.000,0,0,0.0,0.0,1
70.000,0,0,0.0,0.0,1
70.000,0,0,0.0,0.0,1
70.000,0,0,0.0,0.0,1
70.000,0,0,0.0,0.0,1
70.000,0,0,0.0,0.0,1
70.000,0,0,0.0,0.0,1
70.000,0,0,0.0,0.0,1
70.100,0,0,0.0,0.0,1
70.100,0,0,0.0,0.0,1
70.100,0,0,0.0,0.0,1
70.100,0,0,0.0,0.0,1
70.100,0,0,0.0,0.0,1
70.100,0,0,0.0,0.0,1
70.100,0,0,0.0,0.0,1
70.100,0,0,0.0,0.0,1
70.100,0,0,0.0,0.0,1
70.100,0,0,0.0,0.0,1
70.100,0,0,0.0,0.0,1
70.200,0,0,0.0,0.0,1
70.200,0,0,0.0,0.0,1
70.200,0,0,0.0,0.0,1
70.200,0,0,0.0,0.0,1
70.200,0,0,0.0,0.0,1
70.200,0,0,0.0,0.0,1
70.200,0,0,0.0,0.0,1
70.200,0,0,0.0,0.0,1
70.200,0,0,0.0,0.0,1
70.200,0,0,0.0,0.0,1
70.200,0,0,0.0,0.0,1
70.300,0,0,0.0,0.0,1
70.300,0,0,0.0,0.0,1
70.300,0,0,0.0,0.0,1
70.300,0,0,0.0,0.0,1
70.300,0,0,0.0,0.0,1
70.300,0,0,0.0,0.0,1
70.300,0,0,0.0,0.0,1
70.300,0,0,0.0,0.0,1
70.300,0,0,0.0,0.0,1
70.300,0,0,0.0,0.0,1
70.400,0,0,0.0,0.0,1
70.400,0,0,0.0,0.0,1
70.400,0,0,0.0,0.0,1
70.400,0,0,0.0,0.0,1
70.400,0,0,0.0,0.0,1
70.400,0,0,0.0,0.0,1
70.400,0,0,0.0,0.0,1
70.400,0,0,0.0,0.0,1
70.400,0,0,0.0,0.0,1
70.400,0,0,0.0,0.0,1
70.400,0,0,0.0,0.0,1
70.500,0,0,0.0,0.0,1
70.500,0,0,0.0,0.0,1
70.500,0,0,0.0,0.0,1
70.500,0,0,0.0,0.0,1
70.500,0,0,0.0,0.0,1
70.500,0,0,0.0,0.0,1
70.500,0,0,0.0,0.0,1
70.500,0,0,0.0,0.0,1
70.500,0,0,0.0,0.0,1
70.500,0,0,0.0,0.0,1
70.500,0,0,0.0,0.0,1
70.600,0,0,0.0,0.0,1
70.600,0,0,0.0,0.0,1
70.600,0,0,0.0,0.0,1
70.600,0,0,0.0,0.0,1
70.600,0,0,0.0,0.0,1
70.600,0,0,0.0,0.0,1
70.600,0,0,0.0,0.0,1
70.600,0,0,0.0,0.0,1
70.600,0,0,0.0,0.0,1
70.600,0,0,0.0,0.0,1
70.700,0,0,0.0,0.0,1
70.700,0,0,0.0,0.0,1
70.700,0,0,0.0,0.0,1
70.700,0,0,0.0,0.0,1
70.700,0,0,0.0,0.0,1
70.700,0,0,0.0,0.0,1
70.700,0,0,0.0,0.0,1
70.700,0,0,0.0,0.0,1
70.700,0,0,0.0,0.0,1
70.700,0,0,0.0,0.0,1
70.700,0,0,0.0,0.0,1
70.800,0,0,0.0,0.0,1
70.800,0,0,0.0,0.0,1
70.800,0,0,0.0,0.0,1
70.800,0,0,0.0,0.0,1
70.800,0,0,0.0,0.0,1
70.800,0,0,0.0,0.0,1
70.800,0,0,0.0,0.0,1
70.800,0,0,0.0,0.0,1
70.800,0,0,0.0,0.0,1
70.800,0,0,0.0,0.0,1
70.800,0,0,0.0,0.0,1
70.900,0,0,0.0,0.0,1
70.900,0,0,0.0,0.0,1
70.900,0,0,0.0,0.0,1
70.900,0,0,0.0,0.0,1
70.900,0,0,0.0,0.0,1
70.900,0,0,0.0,0.0,1
70.900,0,0,0.0,0.0,1
70.900,0,0,0.0,0.0,1
70.900,0,0,0.0,0.0,1
70.900,0,0,0.0,0.0,1
70.900,0,0,0.0,0.0,1
71.000,0,0,0.0,0.0,1
71.000,0,0,0.0,0.0,1
71.000,0,0,0.0,0.0,1
71.000,0,0,0.0,0.0,1
71.000,0,0,0.0,0.0,1
71.000,0,0,0.0,0.0,1
71.000,0,0,0.0,0.0,1
71.000,0,0,0.0,0.0,1
71.000,0,0,0.0,0.0,1
71.000,0,0,0.0,0.0,1
71.100,0,0,0.0,0.0,1
71.100,0,0,0.0,0.0,1
71.100,0,0,0.0,0.0,1
71.100,0,0,0.0,0.0,1
71.100,0,0,0.0,0.0,1
71.100,0,0,0.0,0.0,1
71.100,0,0,0.0,0.0,1
71.100,0,0,0.0,0.0,1
71.100,0,0,0.0,0.0,1
71.100,0,0,0.0,0.0,1
71.100,0,0,0.0,0.0,1
71.200,0,0,0.0,0.0,1
71.200,0,0,0.0,0.0,1
71.200,0,0,0.0,0.0,1
71.200,0,0,0.0,0.0,1
71.200,0,0,0.0,0.0,1
71.200,0,0,0.0,0.0,1
71.200,0,0,0.0,0.0,1
71.200,0,0,0.0,0.0,1
71.200,0,0,0.0,0.0,1
71.200,0,0,0.0,0.0,1
71.300,0,0,0.0,0.0,1
71.300,0,0,0.0,0.0,1
71.300,0,0,0.0,0.0,1
71.300,0,0,0.0,0.0,1
71.300,0,0,0.0,0.0,1
71.300,0,0,0.0,0.0,1
71.300,0,0,0.0,0.0,1
71.300,0,0,0.0,0.0,1
71.300,0,0,0.0,0.0,1
71.300,0,0,0.0,0.0,1
71.300,0,0,0.0,0.0,1
71.400,0,0,0.0,0.0,1
71.400,0,0,0.0,0.0,1
71.400,0,0,0.0,0.0,1
71.400,0,0,0.0,0.0,1
71.400,0,0,0.0,0.0,1
71.400,0,0,0.0,0.0,1
71.400,0,0,0.0,0.0,1
71.400,0,0,0.0,0.0,1
71.400,0,0,0.0,0.0,1
71.400,0,0,0.0,0.0,1
71.400,0,0,0.0,0.0,1
71.500,0,0,0.0,0.0,1
71.500,0,0,0.0,0.0,1
71.500,0,0,0.0,0.0,1
71.500,0,0,0.0,0.0,1
71.500,0,0,0.0,0.0,1
71.500,0,0,0.0,0.0,1
71.500,0,0,0.0,0.0,1
71.500,0,0,0.0,0.0,1
71.500,0,0,0.0,0.0,1
71.500,0,0,0.0,0.0,1
71.500,0,0,0.0,0.0,1
71.600,0,0,0.0,0.0,1
71.600,0,0,0.0,0.0,1
71.600,0,0,0.0,0.0,1
71.600,0,0,0.0,0.0,1
71.600,0,0,0.0,0.0,1
71.600,0,0,0.0,0.0,1
71.600,0,0,0.0,0.0,1
71.600,0,0,0.0,0.0,1
71.600,0,0,0.0,0.0,1
71.600,0,0,0.0,0.0,1
71.700,0,0,0.0,0.0,1
71.700,0,0,0.0,0.0,1
71.700,0,0,0.0,0.0,1
71.700,0,0,0.0,0.0,1
71.700,0,0,0.0,0.0,1
71.700,0,0,0.0,0.0,1
71.700,0,0,0.0,0.0,1
71.700,0,0,0.0,0.0,1
71.700,0,0,0.0,0.0,1
71.700,0,0,0.0,0.0,1
71.700,0,0,0.0,0.0,1
71.800,0,0,0.0,0.0,1
71.800,0,0,0.0,0.0,1
71.800,0,0,0.0,0.0,1
71.800,0,0,0.0,0.0,1
71.800,0,0,0.0,0.0,1
71.800,0,0,0.0,0.0,1
71.800,0,0,0.0,0.0,1
71.800,0,0,0.0,0.0,1
71.800,0,0,0.0,0.0,1
71.800,0,0,0.0,0.0,1
71.800,0,0,0.0,0.0,1
71.900,0,0,0.0,0.0,1
71.900,0,0,0.0,0.0,1
71.900,0,0,0.0,0.0,1
71.900,0,0,0.0,0.0,1
71.900,0,0,0.0,0.0,1
71.900,0,0,0.0,0.0,1
71.900,0,0,0.0,0.0,1
71.900,0,0,0.0,0.0,1
71.900,0,0,0.0,0.0,1
71.900,0,0,0.0,0.0,1
72.000,0,0,0.0,0.0,1
72.000,0,0,0.0,0.0,1
72.000,0,0,0.0,0.0,1
72.000,0,0,0.0,0.0,1
72.000,0,0,0.0,0.0,1
72.000,0,0,0.0,0.0,1
72.000,0,0,0.0,0.0,1
72.000,0,0,0.0,0.0,1
72.000,0,0,0.0,0.0,1
72.000,0,0,0.0,0.0,1
72.000,0,0,0.0,0.0,1
72.100,0,0,0.0,0.0,1
72.100,0,0,0.0,0.0,1
72.100,0,0,0.0,0.0,1
72.100,0,0,0.0,0.0,1
72.100,0,0,0.0,0.0,1
72.100,0,0,0.0,0.0,1
72.100,0,0,0.0,0.0,1
72.100,0,0,0.0,0.0,1
72.100,0,0,0.0,0.0,1
72.100,0,0,0.0,0.0,1
72.100,0,0,0.0,0.0,1
72.200,0,0,0.0,0.0,1
72.200,0,0,0.0,0.0,1
72.200,0,0,0.0,0.0,1
72.200,0,0,0.0,0.0,1
72.200,0,0,0.0,0.0,1
72.200,0,0,0.0,0.0,1
72.200,0,0,0.0,0.0,1
72.200,0,0,0.0,0.0,1
72.200,0,0,0.0,0.0,1
72.200,0,0,0.0,0.0,1
72.300,0,0,0.0,0.0,1
72.300,0,0,0.0,0.0,1
72.300,0,0,0.0,0.0,1
72.300,0,0,0.0,0.0,1
72.300,0,0,0.0,0.0,1
72.300,0,0,0.0,0.0,1
72.300,0,0,0.0,0.0,1
72.300,0,0,0.0,0.0,1
72.300,0,0,0.0,0.0,1
72.300,0,0,0.0,0.0,1
72.300,0,0,0.0,0.0,1
72.400,0,0,0.0,0.0,1
72.400,0,0,0.0,0.0,1
72.400,0,0,0.0,0.0,1
72.400,0,0,0.0,0.0,1
72.400,0,0,0.0,0.0,1
72.400,0,0,0.0,0.0,1
72.400,0,0,0.0,0.0,1
72.400,0,0,0.0,0.0,1
72.400,0,0,0.0,0.0,1
72.400,0,0,0.0,0.0,1
72.400,0,0,0.0,0.0,1
72.500,0,0,0.0,0.0,1
72.500,0,0,0.0,0.0,1
72.500,0,0,0.0,0.0,1
72.500,0,0,0.0,0.0,1
72.500,0,0,0.0,0.0,1
72.500,0,0,0.0,0.0,1
72.500,0,0,0.0,0.0,1
72.500,0,0,0.0,0.0,1
72.500,0,0,0.0,0.0,1
72.500,0,0,0.0,0.0,1
72.600,0,0,0.0,0.0,1
72.600,0,0,0.0,0.0,1
72.600,0,0,0.0,0.0,1
72.600,0,0,0.0,0.0,1
72.600,0,0,0.0,0.0,1
72.600,0,0,0.0,0.0,1
72.600,0,0,0.0,0.0,1
72.600,0,0,0.0,0.0,1
72.600,0,0,0.0,0.0,1
72.600,0,0,0.0,0.0,1
72.600,0,0,0.0,0.0,1
72.700,0,0,0.0,0.0,1
72.700,0,0,0.0,0.0,1
72.700,0,0,0.0,0.0,1
72.700,0,0,0.0,0.0,1
72.700,0,0,0.0,0.0,1
72.700,0,0,0.0,0.0,1
72.700,0,0,0.0,0.0,1
72.700,0,0,0.0,0.0,1
72.700,0,0,0.0,0.0,1
72.700,0,0,0.0,0.0,1
72.700,0,0,0.0,0.0,1
72.800,0,0,0.0,0.0,1
72.800,0,0,0.0,0.0,1
72.800,0,0,0.0,0.0,1
72.800,0,0,0.0,0.0,1
72.800,0,0,0.0,0.0,1
72.800,0,0,0.0,0.0,1
72.800,0,0,0.0,0.0,1
72.800,0,0,0.0,0.0,1
72.800,0,0,0.0,0.0,1
72.800,0,0,0.0,0.0,1
72.800,0,0,0.0,0.0,1
72.900,0,0,0.0,0.0,1
72.900,0,0,0.0,0.0,1
72.900,0,0,0.0,0.0,1
72.900,0,0,0.0,0.0,1
72.900,0,0,0.0,0.0,1
72.900,0,0,0.0,0.0,1
72.900,0,0,0.0,0.0,1
72.900,0,0,0.0,0.0,1
72.900,0,0,0.0,0.0,1
72.900,0,0,0.0,0.0,1
73.000,0,0,0.0,0.0,1
73.000,0,0,0.0,0.0,1
73.000,0,0,0.0,0.0,1
73.000,0,0,0.0,0.0,1
73.000,0,0,0.0,0.0,1
73.000,0,0,0.0,0.0,1
73.000,0,0,0.0,0.0,1
73.000,0,0,0.0,0.0,1
73.000,0,0,0.0,0.0,1
73.000,0,0,0.0,0.0,1
73.000,0,0,0.0,0.0,1
73.100,0,0,0.0,0.0,1
73.100,0,0,0.0,0.0,1
73.100,0,0,0.0,0.0,1
73.100,0,0,0.0,0.0,1
73.100,0,0,0.0,0.0,1
73.100,0,0,0.0,0.0,1
73.100,0,0,0.0,0.0,1
73.100,0,0,0.0,0.0,1
73.100,0,0,0.0,0.0,1
73.100,0,0,0.0,0.0,1
73.100,0,0,0.0,0.0,1
73.200,0,0,0.0,0.0,1
73.200,0,0,0.0,0.0,1
73.200,0,0,0.0,0.0,1
73.200,0,0,0.0,0.0,1
73.200,0,0,0.0,0.0,1
73.200,0,0,0.0,0.0,1
73.200,0,0,0.0,0.0,1
73.200,0,0,0.0,0.0,1
73.200,0,0,0.0,0.0,1
73.200,0,0,0.0,0.0,1
73.300,0,0,0.0,0.0,1
73.300,0,0,0.0,0.0,1
73.300,0,0,0.0,0.0,1
73.300,0,0,0.0,0.0,1
73.300,0,0,0.0,0.0,1
73.300,0,0,0.0,0.0,1
73.300,0,0,0.0,0.0,1
73.300,0,0,0.0,0.0,1
73.300,0,0,0.0,0.0,1
73.300,0,0,0.0,0.0,1
73.300,0,0,0.0,0.0,1
73.400,0,0,0.0,0.0,1
73.400,0,0,0.0,0.0,1
73.400,0,0,0.0,0.0,1
73.400,0,0,0.0,0.0,1
73.400,0,0,0.0,0.0,1
73.400,0,0,0.0,0.0,1
73.400,0,0,0.0,0.0,1
73.400,0,0,0.0,0.0,1
73.400,0,0,0.0,0.0,1
73.400,0,0,0.0,0.0,1
73.400,0,0,0.0,0.0,1
73.500,0,0,0.0,0.0,1
73.500,0,0,0.0,0.0,1
73.500,0,0,0.0,0.0,1
73.500,0,0,0.0,0.0,1
73.500,0,0,0.0,0.0,1
73.500,0,0,0.0,0.0,1
73.500,0,0,0.0,0.0,1
73.500,0,0,0.0,0.0,1
73.500,0,0,0.0,0.0,1
73.500,0,0,0.0,0.0,1
73.600,0,0,0.0,0.0,1
73.600,0,0,0.0,0.0,1
73.600,0,0,0.0,0.0,1
73.600,0,0,0.0,0.0,1
73.600,0,0,0.0,0.0,1
73.600,0,0,0.0,0.0,1
73.600,0,0,0.0,0.0,1
73.600,0,0,0.0,0.0,1
73.600,0,0,0.0,0.0,1
73.600,0,0,0.0,0.0,1
73.600,0,0,0.0,0.0,1
73.700,0,0,0.0,0.0,1
73.700,0,0,0.0,0.0,1
73.700,0,0,0.0,0.0,1
73.700,0,0,0.0,0.0,1
73.700,0,0,0.0,0.0,1
73.700,0,0,0.0,0.0,1
73.700,0,0,0.0,0.0,1
73.700,0,0,0.0,0.0,1
73.700,0,0,0.0,0.0,1
73.700,0,0,0.0,0.0,1
73.700,0,0,0.0,0.0,1
73.800,0,0,0.0,0.0,1
73.800,0,0,0.0,0.0,1
73.800,0,0,0.0,0.0,1
73.800,0,0,0.0,0.0,1
73.800,0,0,0.0,0.0,1
73.800,0,0,0.0,0.0,1
73.800,0,0,0.0,0.0,1
73.800,0,0,0.0,0.0,1
73.800,0,0,0.0,0.0,1
73.800,0,0,0.0,0.0,1
73.900,0,0,0.0,0.0,1
73.900,0,0,0.0,0.0,1
73.900,0,0,0.0,0.0,1
73.900,0,0,0.0,0.0,1
73.900,0,0,0.0,0.0,1
73.900,0,0,0.0,0.0,1
73.900,0,0,0.0,0.0,1
73.900,0,0,0.0,0.0,1
73.900,0,0,0.0,0.0,1
73.900,0,0,0.0,0.0,1
73.900,0,0,0.0,0.0,1
74.000,0,0,0.0,0.0,1
74.000,0,0,0.0,0.0,1
74.000,0,0,0.0,0.0,1
74.000,0,0,0.0,0.0,1
74.000,0,0,0.0,0.0,1
74.000,0,0,0.0,0.0,1
74.000,0,0,0.0,0.0,1
74.000,0,0,0.0,0.0,1
74.000,0,0,0.0,0.0,1
74.000,0,0,0.0,0.0,1
74.000,0,0,0.0,0.0,1
74.100,0,0,0.0,0.0,1
74.100,0,0,0.0,0.0,1
74.100,0,0,0.0,0.0,1
74.100,0,0,0.0,0.0,1
74.100,0,0,0.0,0.0,1
74.100,0,0,0.0,0.0,1
74.100,0,0,0.0,0.0,1
74.100,0,0,0.0,0.0,1
74.100,0,0,0.0,0.0,1
74.100,0,0,0.0,0.0,1
74.100,0,0,0.0,0.0,1
74.200,0,0,0.0,0.0,1
74.200,0,0,0.0,0.0,1
74.200,0,0,0.0,0.0,1
74.200,0,0,0.0,0.0,1
74.200,0,0,0.0,0.0,1
74.200,0,0,0.0,0.0,1
74.200,0,0,0.0,0.0,1
74.200,0,0,0.0,0.0,1
74.200,0,0,0.0,0.0,1
74.200,0,0,0.0,0.0,1
74.300,0,0,0.0,0.0,1
74.300,0,0,0.0,0.0,1
74.300,0,0,0.0,0.0,1
74.300,0,0,0.0,0.0,1
74.300,0,0,0.0,0.0,1
74.300,0,0,0.0,0.0,1
74.300,0,0,0.0,0.0,1
74.300,0,0,0.0,0.0,1
74.300,0,0,0.0,0.0,1
74.300,0,0,0.0,0.0,1
74.300,0,0,0.0,0.0,1
74.400,0,0,0.0,0.0,1
74.400,0,0,0.0,0.0,1
74.400,0,0,0.0,0.0,1
74.400,0,0,0.0,0.0,1
74.400,0,0,0.0,0.0,1
74.400,0,0,0.0,0.0,1
74.400,0,0,0.0,0.0,1
74.400,0,0,0.0,0.0,1
74.400,0,0,0.0,0.0,1
74.400,0,0,0.0,0.0,1
74.400,0,0,0.0,0.0,1
74.500,0,0,0.0,0.0,1
74.500,0,0,0.0,0.0,1
74.500,0,0,0.0,0.0,1
74.500,0,0,0.0,0.0,1
74.500,0,0,0.0,0.0,1
74.500,0,0,0.0,0.0,1
74.500,0,0,0.0,0.0,1
74.500,0,0,0.0,0.0,1
74.500,0,0,0.0,0.0,1
74.500,0,0,0.0,0.0,1
74.600,0,0,0.0,0.0,1
74.600,0,0,0.0,0.0,1
74.600,0,0,0.0,0.0,1
74.600,0,0,0.0,0.0,1
74.600,0,0,0.0,0.0,1
74.600,0,0,0.0,0.0,1
74.600,0,0,0.0,0.0,1
74.600,0,0,0.0,0.0,1
74.600,0,0,0.0,0.0,1
74.600,0,0,0.0,0.0,1
74.600,0,0,0.0,0.0,1
74.700,0,0,0.0,0.0,1
74.700,0,0,0.0,0.0,1
74.700,0,0,0.0,0.0,1
74.700,0,0,0.0,0.0,1
74.700,0,0,0.0,0.0,1
74.700,0,0,0.0,0.0,1
74.700,0,0,0.0,0.0,1
74.700,0,0,0.0,0.0,1
74.700,0,0,0.0,0.0,1
74.700,0,0,0.0,0.0,1
74.700,0,0,0.0,0.0,1
74.800,0,0,0.0,0.0,1
74.800,0,0,0.0,0.0,1
74.800,0,0,0.0,0.0,1
74.800,0,0,0.0,0.0,1
74.800,0,0,0.0,0.0,1
74.800,0,0,0.0,0.0,1
74.800,0,0,0.0,0.0,1
74.800,0,0,0.0,0.0,1
74.800,0,0,0.0,0.0,1
74.800,0,0,0.0,0.0,1
74.900,0,0,0.0,0.0,1
74.900,0,0,0.0,0.0,1
74.900,0,0,0.0,0.0,1
74.900,0,0,0.0,0.0,1
74.900,0,0,0.0,0.0,1
74.900,0,0,0.0,0.0,1
74.900,0,0,0.0,0.0,1
74.900,0,0,0.0,0.0,1
74.900,0,0,0.0,0.0,1
74.900,0,0,0.0,0.0,1
74.900,0,0,0.0,0.0,1
75.000,0,0,0.0,0.0,1
75.000,0,0,0.0,0.0,1
75.000,0,0,0.0,0.0,1
75.000,0,0,0.0,0.0,1
75.000,0,0,0.0,0.0,1
75.000,0,0,0.0,0.0,1
75.000,0,0,0.0,0.0,1
75.000,0,0,0.0,0.0,1
75.000,0,0,0.0,0.0,1
75.000,0,0,0.0,0.0,1
75.000,0,0,0.0,0.0,1
75.100,0,0,0.0,0.0,1
75.100,0,0,0.0,0.0,1
75.100,0,0,0.0,0.0,1
75.100,0,0,0.0,0.0,1
75.100,0,0,0.0,0.0,1
75.100,0,0,0.0,0.0,1
75.100,0,0,0.0,0.0,1
75.100,0,0,0.0,0.0,1
75.100,0,0,0.0,0.0,1
75.100,0,0,0.0,0.0,1
75.100,0,0,0.0,0.0,1
75.200,0,0,0.0,0.0,1
75.200,0,0,0.0,0.0,1
75.200,0,0,0.0,0.0,1
75.200,0,0,0.0,0.0,1
75.200,0,0,0.0,0.0,1
75.200,0,0,0.0,0.0,1
75.200,0,0,0.0,0.0,1
75.200,0,0,0.0,0.0,1
75.200,0,0,0.0,0.0,1
75.200,0,0,0.0,0.0,1
75.300,0,0,0.0,0.0,1
75.300,0,0,0.0,0.0,1
75.300,0,0,0.0,0.0,1
75.300,0,0,0.0,0.0,1
75.300,0,0,0.0,0.0,1
75.300,0,0,0.0,0.0,1
75.300,0,0,0.0,0.0,1
75.300,0,0,0.0,0.0,1
75.300,0,0,0.0,0.0,1
75.300,0,0,0.0,0.0,1
75.300,0,0,0.0,0.0,1
75.400,0,0,0.0,0.0,1
75.400,0,0,0.0,0.0,1
75.400,0,0,0.0,0.0,1
75.400,0,0,0.0,0.0,1
75.400,0,0,0.0,0.0,1
75.400,0,0,0.0,0.0,1
75.400,0,0,0.0,0.0,1
75.400,0,0,0.0,0.0,1
75.400,0,0,0.0,0.0,1
75.400,0,0,0.0,0.0,1
75.500,0,0,0.0,0.0,1
75.500,0,0,0.0,0.0,1
75.500,0,0,0.0,0.0,1
75.500,0,0,0.0,0.0,1
75.500,0,0,0.0,0.0,1
75.500,0,0,0.0,0.0,1
75.500,0,0,0.0,0.0,1
75.500,0,0,0.0,0.0,1
75.500,0,0,0.0,0.0,1
75.500,0,0,0.0,0.0,1
75.500,0,0,0.0,0.0,1
75.600,0,0,0.0,0.0,1
75.600,0,0,0.0,0.0,1
75.600,0,0,0.0,0.0,1
75.600,0,0,0.0,0.0,1
75.600,0,0,0.0,0.0,1
75.600,0,0,0.0,0.0,1
75.600,0,0,0.0,0.0,1
75.600,0,0,0.0,0.0,1
75.600,0,0,0.0,0.0,1
75.600,0,0,0.0,0.0,1
75.600,0,0,0.0,0.0,1
75.700,0,0,0.0,0.0,1
75.700,0,0,0.0,0.0,1
75.700,0,0,0.0,0.0,1
75.700,0,0,0.0,0.0,1
75.700,0,0,0.0,0.0,1
75.700,0,0,0.0,0.0,1
75.700,0,0,0.0,0.0,1
75.700,0,0,0.0,0.0,1
75.700,0,0,0.0,0.0,1
75.700,0,0,0.0,0.0,1
75.800,0,0,0.0,0.0,1
75.800,0,0,0.0,0.0,1
75.800,0,0,0.0,0.0,1
75.800,0,0,0.0,0.0,1
75.800,0,0,0.0,0.0,1
75.800,0,0,0.0,0.0,1
75.800,0,0,0.0,0.0,1
75.800,0,0,0.0,0.0,1
75.800,0,0,0.0,0.0,1
75.800,0,0,0.0,0.0,1
75.800,0,0,0.0,0.0,1
75.900,0,0,0.0,0.0,1
75.900,0,0,0.0,0.0,1
75.900,0,0,0.0,0.0,1
75.900,0,0,0.0,0.0,1
75.900,0,0,0.0,0.0,1
75.900,0,0,0.0,0.0,1
75.900,0,0,0.0,0.0,1
75.900,0,0,0.0,0.0,1
75.900,0,0,0.0,0.0,1
75.900,0,0,0.0,0.0,1
75.900,0,0,0.0,0.0,1
76.000,0,0,0.0,0.0,1
76.000,0,0,0.0,0.0,1
76.000,0,0,0.0,0.0,1
76.000,0,0,0.0,0.0,1
76.000,0,0,0.0,0.0,1
76.000,0,0,0.0,0.0,1
76.000,0,0,0.0,0.0,1
76.000,0,0,0.0,0.0,1
76.000,0,0,0.0,0.0,1
76.000,0,0,0.0,0.0,1
76.000,0,0,0.0,0.0,1
76.100,0,0,0.0,0.0,1
76.100,0,0,0.0,0.0,1
76.100,0,0,0.0,0.0,1
76.100,0,0,0.0,0.0,1
76.100,0,0,0.0,0.0,1
76.100,0,0,0.0,0.0,1
76.100,0,0,0.0,0.0,1
76.100,0,0,0.0,0.0,1
76.100,0,0,0.0,0.0,1
76.100,0,0,0.0,0.0,1
76.200,0,0,0.0,0.0,1
76.200,0,0,0.0,0.0,1
76.200,0,0,0.0,0.0,1
76.200,0,0,0.0,0.0,1
76.200,0,0,0.0,0.0,1
76.200,0,0,0.0,0.0,1
76.200,0,0,0.0,0.0,1
76.200,0,0,0.0,0.0,1
76.200,0,0,0.0,0.0,1
76.200,0,0,0.0,0.0,1
76.200,0,0,0.0,0.0,1
76.300,0,0,0.0,0.0,1
76.300,0,0,0.0,0.0,1
76.300,0,0,0.0,0.0,1
76.300,0,0,0.0,0.0,1
76.300,0,0,0.0,0.0,1
76.300,0,0,0.0,0.0,1
76.300,0,0,0.0,0.0,1
76.300,0,0,0.0,0.0,1
76.300,0,0,0.0,0.0,1
76.300,0,0,0.0,0.0,1
76.300,0,0,0.0,0.0,1
76.400,0,0,0.0,0.0,1
76.400,0,0,0.0,0.0,1
76.400,0,0,0.0,0.0,1
76.400,0,0,0.0,0.0,1
76.400,0,0,0.0,0.0,1
76.400,0,0,0.0,0.0,1
76.400,0,0,0.0,0.0,1
76.400,0,0,0.0,0.0,1
76.400,0,0,0.0,0.0,1
76.400,0,0,0.0,0.0,1
76.500,0,0,0.0,0.0,1
76.500,0,0,0.0,0.0,1
76.500,0,0,0.0,0.0,1
76.500,0,0,0.0,0.0,1
76.500,0,0,0.0,0.0,1
76.500,0,0,0.0,0.0,1
76.500,0,0,0.0,0.0,1
76.500,0,0,0.0,0.0,1
76.500,0,0,0.0,0.0,1
76.500,0,0,0.0,0.0,1
76.500,0,0,0.0,0.0,1
76.600,0,0,0.0,0.0,1
76.600,0,0,0.0,0.0,1
76.600,0,0,0.0,0.0,1
76.600,0,0,0.0,0.0,1
76.600,0,0,0.0,0.0,1
76.600,0,0,0.0,0.0,1
76.600,0,0,0.0,0.0,1
76.600,0,0,0.0,0.0,1
76.600,0,0,0.0,0.0,1
76.600,0,0,0.0,0.0,1
76.600,0,0,0.0,0.0,1
76.700,0,0,0.0,0.0,1
76.700,0,0,0.0,0.0,1
76.700,0,0,0.0,0.0,1
76.700,0,0,0.0,0.0,1
76.700,0,0,0.0,0.0,1
76.700,0,0,0.0,0.0,1
76.700,0,0,0.0,0.0,1
76.700,0,0,0.0,0.0,1
76.700,0,0,0.0,0.0,1
76.700,0,0,0.0,0.0,1
76.700,0,0,0.0,0.0,1
76.800,0,0,0.0,0.0,1
76.800,0,0,0.0,0.0,1
76.800,0,0,0.0,0.0,1
76.800,0,0,0.0,0.0,1
76.800,0,0,0.0,0.0,1
76.800,0,0,0.0,0.0,1
76.800,0,0,0.0,0.0,1
76.800,0,0,0.0,0.0,1
76.800,0,0,0.0,0.0,1
76.800,0,0,0.0,0.0,1
76.900,0,0,0.0,0.0,1
76.900,0,0,0.0,0.0,1
76.900,0,0,0.0,0.0,1
76.900,0,0,0.0,0.0,1
76.900,0,0,0.0,0.0,1
76.900,0,0,0.0,0.0,1
76.900,0,0,0.0,0.0,1
76.900,0,0,0.0,0.0,1
76.900,0,0,0.0,0.0,1
76.900,0,0,0.0,0.0,1
76.900,0,0,0.0,0.0,1
77.000,0,0,0.0,0.0,1
77.000,0,0,0.0,0.0,1
77.000,0,0,0.0,0.0,1
77.000,0,0,0.0,0.0,1
77.000,0,0,0.0,0.0,1
77.000,0,0,0.0,0.0,1
77.000,0,0,0.0,0.0,1
77.000,0,0,0.0,0.0,1
77.000,0,0,0.0,0.0,1
77.000,0,0,0.0,0.0,1
77.000,0,0,0.0,0.0,1
77.100,0,0,0.0,0.0,1
77.100,0,0,0.0,0.0,1
77.100,0,0,0.0,0.0,1
77.100,0,0,0.0,0.0,1
77.100,0,0,0.0,0.0,1
77.100,0,0,0.0,0.0,1
77.100,0,0,0.0,0.0,1
77.100,0,0,0.0,0.0,1
77.100,0,0,0.0,0.0,1
77.100,0,0,0.0,0.0,1
77.200,0,0,0.0,0.0,1
77.200,0,0,0.0,0.0,1
77.200,0,0,0.0,0.0,1
77.200,0,0,0.0,0.0,1
77.200,0,0,0.0,0.0,1
77.200,0,0,0.0,0.0,1
77.200,0,0,0.0,0.0,1
77.200,0,0,0.0,0.0,1
77.200,0,0,0.0,0.0,1
77.200,0,0,0.0,0.0,1
77.200,0,0,0.0,0.0,1
77.300,0,0,0.0,0.0,1
77.300,0,0,0.0,0.0,1
77.300,0,0,0.0,0.0,1
77.300,0,0,0.0,0.0,1
77.300,0,0,0.0,0.0,1
77.300,0,0,0.0,0.0,1
77.300,0,0,0.0,0.0,1
77.300,0,0,0.0,0.0,1
77.300,0,0,0.0,0.0,1
77.300,0,0,0.0,0.0,1
77.300,0,0,0.0,0.0,1
77.400,0,0,0.0,0.0,1
77.400,0,0,0.0,0.0,1
77.400,0,0,0.0,0.0,1
77.400,0,0,0.0,0.0,1
77.400,0,0,0.0,0.0,1
77.400,0,0,0.0,0.0,1
77.400,0,0,0.0,0.0,1
77.400,0,0,0.0,0.0,1
77.400,0,0,0.0,0.0,1
77.400,0,0,0.0,0.0,1
77.500,0,0,0.0,0.0,1
77.500,0,0,0.0,0.0,1
77.500,0,0,0.0,0.0,1
77.500,0,0,0.0,0.0,1
77.500,0,0,0.0,0.0,1
77.500,0,0,0.0,0.0,1
77.500,0,0,0.0,0.0,1
77.500,0,0,0.0,0.0,1
77.500,0,0,0.0,0.0,1
77.500,0,0,0.0,0.0,1
77.500,0,0,0.0,0.0,1
77.600,0,0,0.0,0.0,1
77.600,0,0,0.0,0.0,1
77.600,0,0,0.0,0.0,1
77.600,0,0,0.0,0.0,1
77.600,0,0,0.0,0.0,1
77.600,0,0,0.0,0.0,1
77.600,0,0,0.0,0.0,1
77.600,0,0,0.0,0.0,1
77.600,0,0,0.0,0.0,1
77.600,0,0,0.0,0.0,1
77.600,0,0,0.0,0.0,1
77.700,0,0,0.0,0.0,1
77.700,0,0,0.0,0.0,1
77.700,0,0,0.0,0.0,1
77.700,0,0,0.0,0.0,1
77.700,0,0,0.0,0.0,1
77.700,0,0,0.0,0.0,1
77.700,0,0,0.0,0.0,1
77.700,0,0,0.0,0.0,1
77.700,0,0,0.0,0.0,1
77.700,0,0,0.0,0.0,1
77.800,0,0,0.0,0.0,1
77.800,0,0,0.0,0.0,1
77.800,0,0,0.0,0.0,1
77.800,0,0,0.0,0.0,1
77.800,0,0,0.0,0.0,1
77.800,0,0,0.0,0.0,1
77.800,0,0,0.0,0.0,1
77.800,0,0,0.0,0.0,1
77.800,0,0,0.0,0.0,1
77.800,0,0,0.0,0.0,1
77.800,0,0,0.0,0.0,1
77.900,0,0,0.0,0.0,1
77.900,0,0,0.0,0.0,1
77.900,0,0,0.0,0.0,1
77.900,0,0,0.0,0.0,1
77.900,0,0,0.0,0.0,1
77.900,0,0,0.0,0.0,1
77.900,0,0,0.0,0.0,1
77.900,0,0,0.0,0.0,1
77.900,0,0,0.0,0.0,1
77.900,0,0,0.0,0.0,1
77.900,0,0,0.0,0.0,1
78.000,0,0,0.0,0.0,1
78.000,0,0,0.0,0.0,1
78.000,0,0,0.0,0.0,1
78.000,0,0,0.0,0.0,1
78.000,0,0,0.0,0.0,1
78.000,0,0,0.0,0.0,1
78.000,0,0,0.0,0.0,1
78.000,0,0,0.0,0.0,1
78.000,0,0,0.0,0.0,1
78.000,0,0,0.0,0.0,1
78.000,0,0,0.0,0.0,1
78.100,0,0,0.0,0.0,1
78.100,0,0,0.0,0.0,1
78.100,0,0,0.0,0.0,1
78.100,0,0,0.0,0.0,1
78.100,0,0,0.0,0.0,1
78.100,0,0,0.0,0.0,1
78.100,0,0,0.0,0.0,1
78.100,0,0,0.0,0.0,1
78.100,0,0,0.0,0.0,1
78.100,0,0,0.0,0.0,1
78.200,0,0,0.0,0.0,1
78.200,0,0,0.0,0.0,1
78.200,0,0,0.0,0.0,1
78.200,0,0,0.0,0.0,1
78.200,0,0,0.0,0.0,1
78.200,0,0,0.0,0.0,1
78.200,0,0,0.0,0.0,1
78.200,0,0,0.0,0.0,1
78.200,0,0,0.0,0.0,1
78.200,0,0,0.0,0.0,1
78.200,0,0,0.0,0.0,1
78.300,0,0,0.0,0.0,1
78.300,0,0,0.0,0.0,1
78.300,0,0,0.0,0.0,1
78.300,0,0,0.0,0.0,1
78.300,0,0,0.0,0.0,1
78.300,0,0,0.0,0.0,1
78.300,0,0,0.0,0.0,1
78.300,0,0,0.0,0.0,1
78.300,0,0,0.0,0.0,1
78.300,0,0,0.0,0.0,1
78.300,0,0,0.0,0.0,1
78.400,0,0,0.0,0.0,1
78.400,0,0,0.0,0.0,1
78.400,0,0,0.0,0.0,1
78.400,0,0,0.0,0.0,1
78.400,0,0,0.0,0.0,1
78.400,0,0,0.0,0.0,1
78.400,0,0,0.0,0.0,1
78.400,0,0,0.0,0.0,1
78.400,0,0,0.0,0.0,1
78.400,0,0,0.0,0.0,1
78.500,0,0,0.0,0.0,1
78.500,0,0,0.0,0.0,1
78.500,0,0,0.0,0.0,1
78.500,0,0,0.0,0.0,1
78.500,0,0,0.0,0.0,1
78.500,0,0,0.0,0.0,1
78.500,0,0,0.0,0.0,1
78.500,0,0,0.0,0.0,1
78.500,0,0,0.0,0.0,1
78.500,0,0,0.0,0.0,1
78.500,0,0,0.0,0.0,1
78.600,0,0,0.0,0.0,1
78.600,0,0,0.0,0.0,1
78.600,0,0,0.0,0.0,1
78.600,0,0,0.0,0.0,1
78.600,0,0,0.0,0.0,1
78.600,0,0,0.0,0.0,1
78.600,0,0,0.0,0.0,1
78.600,0,0,0.0,0.0,1
78.600,0,0,0.0,0.0,1
78.600,0,0,0.0,0.0,1
78.600,0,0,0.0,0.0,1
78.700,0,0,0.0,0.0,1
78.700,0,0,0.0,0.0,1
78.700,0,0,0.0,0.0,1
78.700,0,0,0.0,0.0,1
78.700,0,0,0.0,0.0,1
78.700,0,0,0.0,0.0,1
78.700,0,0,0.0,0.0,1
78.700,0,0,0.0,0.0,1
78.700,0,0,0.0,0.0,1
78.700,0,0,0.0,0.0,1
78.800,0,0,0.0,0.0,1
78.800,0,0,0.0,0.0,1
78.800,0,0,0.0,0.0,1
78.800,0,0,0.0,0.0,1
78.800,0,0,0.0,0.0,1
78.800,0,0,0.0,0.0,1
78.800,0,0,0.0,0.0,1
78.800,0,0,0.0,0.0,1
78.800,0,0,0.0,0.0,1
78.800,0,0,0.0,0.0,1
78.800,0,0,0.0,0.0,1
78.900,0,0,0.0,0.0,1
78.900,0,0,0.0,0.0,1
78.900,0,0,0.0,0.0,1
78.900,0,0,0.0,0.0,1
78.900,0,0,0.0,0.0,1
78.900,0,0,0.0,0.0,1
78.900,0,0,0.0,0.0,1
78.900,0,0,0.0,0.0,1
78.900,0,0,0.0,0.0,1
78.900,0,0,0.0,0.0,1
78.900,0,0,0.0,0.0,1
79.000,0,0,0.0,0.0,1
79.000,0,0,0.0,0.0,1
79.000,0,0,0.0,0.0,1
79.000,0,0,0.0,0.0,1
79.000,0,0,0.0,0.0,1
79.000,0,0,0.0,0.0,1
79.000,0,0,0.0,0.0,1
79.000,0,0,0.0,0.0,1
79.000,0,0,0.0,0.0,1
79.000,0,0,0.0,0.0,1
79.100,0,0,0.0,0.0,1
79.100,0,0,0.0,0.0,1
79.100,0,0,0.0,0.0,1
79.100,0,0,0.0,0.0,1
79.100,0,0,0.0,0.0,1
79.100,0,0,0.0,0.0,1
79.100,0,0,0.0,0.0,1
79.100,0,0,0.0,0.0,1
79.100,0,0,0.0,0.0,1
79.100,0,0,0.0,0.0,1
79.100,0,0,0.0,0.0,1
79.200,0,0,0.0,0.0,1
79.200,0,0,0.0,0.0,1
79.200,0,0,0.0,0.0,1
79.200,0,0,0.0,0.0,1
79.200,0,0,0.0,0.0,1
79.200,0,0,0.0,0.0,1
79.200,0,0,0.0,0.0,1
79.200,0,0,0.0,0.0,1
79.200,0,0,0.0,0.0,1
79.200,0,0,0.0,0.0,1
79.200,0,0,0.0,0.0,1
79.300,0,0,0.0,0.0,1
79.300,0,0,0.0,0.0,1
79.300,0,0,0.0,0.0,1
79.300,0,0,0.0,0.0,1
79.300,0,0,0.0,0.0,1
79.300,0,0,0.0,0.0,1
79.300,0,0,0.0,0.0,1
79.300,0,0,0.0,0.0,1
79.300,0,0,0.0,0.0,1
79.300,0,0,0.0,0.0,1
79.300,0,0,0.0,0.0,1
79.400,0,0,0.0,0.0,1
79.400,0,0,0.0,0.0,1
79.400,0,0,0.0,0.0,1
79.400,0,0,0.0,0.0,1
79.400,0,0,0.0,0.0,1
79.400,0,0,0.0,0.0,1
79.400,0,0,0.0,0.0,1
79.400,0,0,0.0,0.0,1
79.400,0,0,0.0,0.0,1
79.400,0,0,0.0,0.0,1
79.500,0,0,0.0,0.0,1
79.500,0,0,0.0,0.0,1
79.500,0,0,0.0,0.0,1
79.500,0,0,0.0,0.0,1
79.500,0,0,0.0,0.0,1
79.500,0,0,0.0,0.0,1
79.500,0,0,0.0,0.0,1
79.500,0,0,0.0,0.0,1
79.500,0,0,0.0,0.0,1
79.500,0,0,0.0,0.0,1
79.500,0,0,0.0,0.0,1
79.600,0,0,0.0,0.0,1
79.600,0,0,0.0,0.0,1
79.600,0,0,0.0,0.0,1
79.600,0,0,0.0,0.0,1
79.600,0,0,0.0,0.0,1
79.600,0,0,0.0,0.0,1
79.600,0,0,0.0,0.0,1
79.600,0,0,0.0,0.0,1
79.600,0,0,0.0,0.0,1
79.600,0,0,0.0,0.0,1
79.600,0,0,0.0,0.0,1
79.700,0,0,0.0,0.0,1
79.700,0,0,0.0,0.0,1
79.700,0,0,0.0,0.0,1
79.700,0,0,0.0,0.0,1
79.700,0,0,0.0,0.0,1
79.700,0,0,0.0,0.0,1
79.700,0,0,0.0,0.0,1
79.700,0,0,0.0,0.0,1
79.700,0,0,0.0,0.0,1
79.700,0,0,0.0,0.0,1
79.800,0,0,0.0,0.0,1
79.800,0,0,0.0,0.0,1
79.800,0,0,0.0,0.0,1
79.800,0,0,0.0,0.0,1
79.800,0,0,0.0,0.0,1
79.800,0,0,0.0,0.0,1
79.800,0,0,0.0,0.0,1
79.800,0,0,0.0,0.0,1
79.800,0,0,0.0,0.0,1
79.800,0,0,0.0,0.0,1
79.800,0,0,0.0,0.0,1
79.900,0,0,0.0,0.0,1
79.900,0,0,0.0,0.0,1
79.900,0,0,0.0,0.0,1
79.900,0,0,0.0,0.0,1
79.900,0,0,0.0,0.0,1
79.900,0,0,0.0,0.0,1
79.900,0,0,0.0,0.0,1
79.900,0,0,0.0,0.0,1
79.900,0,0,0.0,0.0,1
79.900,0,0,0.0,0.0,1
79.900,0,0,0.0,0.0,1
80.000,0,0,0.0,0.0,1
80.000,0,0,0.0,0.0,1
80.000,0,0,0.0,0.0,1
80.000,0,0,0.0,0.0,1
80.000,0,0,0.0,0.0,1
80.000,0,0,0.0,0.0,1
80.000,0,0,0.0,0.0,1
80.000,0,0,0.0,0.0,1
80.000,0,0,0.0,0.0,1
80.000,0,0,0.0,0.0,1
80.100,0,0,0.0,0.0,1
80.100,0,0,0.0,0.0,1
80.100,0,0,0.0,0.0,1
80.100,0,0,0.0,0.0,1
80.100,0,0,0.0,0.0,1
80.100,0,0,0.0,0.0,1
80.100,0,0,0.0,0.0,1
80.100,0,0,0.0,0.0,1
80.100,0,0,0.0,0.0,1
80.100,0,0,0.0,0.0,1
80.100,0,0,0.0,0.0,1
80.200,0,0,0.0,0.0,1
80.200,0,0,0.0,0.0,1
80.200,0,0,0.0,0.0,1
80.200,0,0,0.0,0.0,1
80.200,0,0,0.0,0.0,1
80.200,0,0,0.0,0.0,1
80.200,0,0,0.0,0.0,1
80.200,0,0,0.0,0.0,1
80.200,0,0,0.0,0.0,1
80.200,0,0,0.0,0.0,1
80.200,0,0,0.0,0.0,1
80.300,0,0,0.0,0.0,1
80.300,0,0,0.0,0.0,1
80.300,0,0,0.0,0.0,1
80.300,0,0,0.0,0.0,1
80.300,0,0,0.0,0.0,1
80.300,0,0,0.0,0.0,1
80.300,0,0,0.0,0.0,1
80.300,0,0,0.0,0.0,1
80.300,0,0,0.0,0.0,1
80.300,0,0,0.0,0.0,1
80.300,0,0,0.0,0.0,1
80.400,0,0,0.0,0.0,1
80.400,0,0,0.0,0.0,1
80.400,0,0,0.0,0.0,1
80.400,0,0,0.0,0.0,1
80.400,0,0,0.0,0.0,1
80.400,0,0,0.0,0.0,1
80.400,0,0,0.0,0.0,1
80.400,0,0,0.0,0.0,1
80.400,0,0,0.0,0.0,1
80.400,0,0,0.0,0.0,1
80.500,0,0,0.0,0.0,1
80.500,0,0,0.0,0.0,1
80.500,0,0,0.0,0.0,1
80.500,0,0,0.0,0.0,1
80.500,0,0,0.0,0.0,1
80.500,0,0,0.0,0.0,1
80.500,0,0,0.0,0.0,1
80.500,0,0,0.0,0.0,1
80.500,0,0,0.0,0.0,1
80.500,0,0,0.0,0.0,1
80.500,0,0,0.0,0.0,1
80.600,0,0,0.0,0.0,1
80.600,0,0,0.0,0.0,1
80.600,0,0,0.0,0.0,1
80.600,0,0,0.0,0.0,1
80.600,0,0,0.0,0.0,1
80.600,0,0,0.0,0.0,1
80.600,0,0,0.0,0.0,1
80.600,0,0,0.0,0.0,1
80.600,0,0,0.0,0.0,1
80.600,0,0,0.0,0.0,1
80.600,0,0,0.0,0.0,1
80.700,0,0,0.0,0.0,1
80.700,0,0,0.0,0.0,1
80.700,0,0,0.0,0.0,1
80.700,0,0,0.0,0.0,1
80.700,0,0,0.0,0.0,1
80.700,0,0,0.0,0.0,1
80.700,0,0,0.0,0.0,1
80.700,0,0,0.0,0.0,1
80.700,0,0,0.0,0.0,1
80.700,0,0,0.0,0.0,1
80.800,0,0,0.0,0.0,1
80.800,0,0,0.0,0.0,1
80.800,0,0,0.0,0.0,1
80.800,0,0,0.0,0.0,1
80.800,0,0,0.0,0.0,1
80.800,0,0,0.0,0.0,1
80.800,0,0,0.0,0.0,1
80.800,0,0,0.0,0.0,1
80.800,0,0,0.0,0.0,1
80.800,0,0,0.0,0.0,1
80.800,0,0,0.0,0.0,1
80.900,0,0,0.0,0.0,1
80.900,0,0,0.0,0.0,1
80.900,0,0,0.0,0.0,1
80.900,0,0,0.0,0.0,1
80.900,0,0,0.0,0.0,1
80.900,0,0,0.0,0.0,1
80.900,0,0,0.0,0.0,1
80.900,0,0,0.0,0.0,1
80.900,0,0,0.0,0.0,1
80.900,0,0,0.0,0.0,1
80.900,0,0,0.0,0.0,1
81.000,0,0,0.0,0.0,1
81.000,0,0,0.0,0.0,1
81.000,0,0,0.0,0.0,1
81.000,0,0,0.0,0.0,1
81.000,0,0,0.0,0.0,1
81.000,0,0,0.0,0.0,1
81.000,0,0,0.0,0.0,1
81.000,0,0,0.0,0.0,1
81.000,0,0,0.0,0.0,1
81.000,0,0,0.0,0.0,1
81.100,0,0,0.0,0.0,1
81.100,0,0,0.0,0.0,1
81.100,0,0,0.0,0.0,1
81.100,0,0,0.0,0.0,1
81.100,0,0,0.0,0.0,1
81.100,0,0,0.0,0.0,1
81.100,0,0,0.0,0.0,1
81.100,0,0,0.0,0.0,1
81.100,0,0,0.0,0.0,1
81.100,0,0,0.0,0.0,1
81.100,0,0,0.0,0.0,1
81.200,0,0,0.0,0.0,1
81.200,0,0,0.0,0.0,1
81.200,0,0,0.0,0.0,1
81.200,0,0,0.0,0.0,1
81.200,0,0,0.0,0.0,1
81.200,0,0,0.0,0.0,1
81.200,0,0,0.0,0.0,1
81.200,0,0,0.0,0.0,1
81.200,0,0,0.0,0.0,1
81.200,0,0,0.0,0.0,1
81.200,0,0,0.0,0.0,1
81.300,0,0,0.0,0.0,1
81.300,0,0,0.0,0.0,1
81.300,0,0,0.0,0.0,1
81.300,0,0,0.0,0.0,1
81.300,0,0,0.0,0.0,1
81.300,0,0,0.0,0.0,1
81.300,0,0,0.0,0.0,1
81.300,0,0,0.0,0.0,1
81.300,0,0,0.0,0.0,1
81.300,0,0,0.0,0.0,1
81.400,0,0,0.0,0.0,1
81.400,0,0,0.0,0.0,1
81.400,0,0,0.0,0.0,1
81.400,0,0,0.0,0.0,1
81.400,0,0,0.0,0.0,1
81.400,0,0,0.0,0.0,1
81.400,0,0,0.0,0.0,1
81.400,0,0,0.0,0.0,1
81.400,0,0,0.0,0.0,1
81.400,0,0,0.0,0.0,1
81.400,0,0,0.0,0.0,1
81.500,0,0,0.0,0.0,1
81.500,0,0,0.0,0.0,1
81.500,0,0,0.0,0.0,1
81.500,0,0,0.0,0.0,1
81.500,0,0,0.0,0.0,1
81.500,0,0,0.0,0.0,1
81.500,0,0,0.0,0.0,1
81.500,0,0,0.0,0.0,1
81.500,0,0,0.0,0.0,1
81.500,0,0,0.0,0.0,1
81.500,0,0,0.0,0.0,1
81.600,0,0,0.0,0.0,1
81.600,0,0,0.0,0.0,1
81.600,0,0,0.0,0.0,1
81.600,0,0,0.0,0.0,1
81.600,0,0,0.0,0.0,1
81.600,0,0,0.0,0.0,1
81.600,0,0,0.0,0.0,1
81.600,0,0,0.0,0.0,1
81.600,0,0,0.0,0.0,1
81.600,0,0,0.0,0.0,1
81.700,0,0,0.0,0.0,1
81.700,0,0,0.0,0.0,1
81.700,0,0,0.0,0.0,1
81.700,0,0,0.0,0.0,1
81.700,0,0,0.0,0.0,1
81.700,0,0,0.0,0.0,1
81.700,0,0,0.0,0.0,1
81.700,0,0,0.0,0.0,1
81.700,0,0,0.0,0.0,1
81.700,0,0,0.0,0.0,1
81.700,0,0,0.0,0.0,1
81.800,0,0,0.0,0.0,1
81.800,0,0,0.0,0.0,1
81.800,0,0,0.0,0.0,1
81.800,0,0,0.0,0.0,1
81.800,0,0,0.0,0.0,1
81.800,0,0,0.0,0.0,1
81.800,0,0,0.0,0.0,1
81.800,0,0,0.0,0.0,1
81.800,0,0,0.0,0.0,1
81.800,0,0,0.0,0.0,1
81.800,0,0,0.0,0.0,1
81.900,0,0,0.0,0.0,1
81.900,0,0,0.0,0.0,1
81.900,0,0,0.0,0.0,1
81.900,0,0,0.0,0.0,1
81.900,0,0,0.0,0.0,1
81.900,0,0,0.0,0.0,1
81.900,0,0,0.0,0.0,1
81.900,0,0,0.0,0.0,1
81.900,0,0,0.0,0.0,1
81.900,0,0,0.0,0.0,1
81.900,0,0,0.0,0.0,1
82.000,0,0,0.0,0.0,1
82.000,0,0,0.0,0.0,1
82.000,0,0,0.0,0.0,1
82.000,0,0,0.0,0.0,1
82.000,0,0,0.0,0.0,1
82.000,0,0,0.0,0.0,1
82.000,0,0,0.0,0.0,1
82.000,0,0,0.0,0.0,1
82.000,0,0,0.0,0.0,1
82.000,0,0,0.0,0.0,1
82.100,0,0,0.0,0.0,1
82.100,0,0,0.0,0.0,1
82.100,0,0,0.0,0.0,1
82.100,0,0,0.0,0.0,1
82.100,0,0,0.0,0.0,1
82.100,0,0,0.0,0.0,1
82.100,0,0,0.0,0.0,1
82.100,0,0,0.0,0.0,1
82.100,0,0,0.0,0.0,1
82.100,0,0,0.0,0.0,1
82.100,0,0,0.0,0.0,1
82.200,0,0,0.0,0.0,1
82.200,0,0,0.0,0.0,1
82.200,0,0,0.0,0.0,1
82.200,0,0,0.0,0.0,1
82.200,0,0,0.0,0.0,1
82.200,0,0,0.0,0.0,1
82.200,0,0,0.0,0.0,1
82.200,0,0,0.0,0.0,1
82.200,0,0,0.0,0.0,1
82.200,0,0,0.0,0.0,1
82.200,0,0,0.0,0.0,1
82.300,0,0,0.0,0.0,1
82.300,0,0,0.0,0.0,1
82.300,0,0,0.0,0.0,1
82.300,0,0,0.0,0.0,1
82.300,0,0,0.0,0.0,1
82.300,0,0,0.0,0.0,1
82.300,0,0,0.0,0.0,1
82.300,0,0,0.0,0.0,1
82.300,0,0,0.0,0.0,1
82.300,0,0,0.0,0.0,1
82.400,0,0,0.0,0.0,1
82.400,0,0,0.0,0.0,1
82.400,0,0,0.0,0.0,1
82.400,0,0,0.0,0.0,1
82.400,0,0,0.0,0.0,1
82.400,0,0,0.0,0.0,1
82.400,0,0,0.0,0.0,1
82.400,0,0,0.0,0.0,1
82.400,0,0,0.0,0.0,1
82.400,0,0,0.0,0.0,1
82.400,0,0,0.0,0.0,1
82.500,0,0,0.0,0.0,1
82.500,0,0,0.0,0.0,1
82.500,0,0,0.0,0.0,1
82.500,0,0,0.0,0.0,1
82.500,0,0,0.0,0.0,1
82.500,0,0,0.0,0.0,1
82.500,0,0,0.0,0.0,1
82.500,0,0,0.0,0.0,1
82.500,0,0,0.0,0.0,1
82.500,0,0,0.0,0.0,1
82.500,0,0,0.0,0.0,1
82.600,0,0,0.0,0.0,1
82.600,0,0,0.0,0.0,1
82.600,0,0,0.0,0.0,1
82.600,0,0,0.0,0.0,1
82.600,0,0,0.0,0.0,1
82.600,0,0,0.0,0.0,1
82.600,0,0,0.0,0.0,1
82.600,0,0,0.0,0.0,1
82.600,0,0,0.0,0.0,1
82.600,0,0,0.0,0.0,1
82.700,0,0,0.0,0.0,1
82.700,0,0,0.0,0.0,1
82.700,0,0,0.0,0.0,1
82.700,0,0,0.0,0.0,1
82.700,0,0,0.0,0.0,1
82.700,0,0,0.0,0.0,1
82.700,0,0,0.0,0.0,1
82.700,0,0,0.0,0.0,1
82.700,0,0,0.0,0.0,1
82.700,0,0,0.0,0.0,1
82.700,0,0,0.0,0.0,1
82.800,0,0,0.0,0.0,1
82.800,0,0,0.0,0.0,1
82.800,0,0,0.0,0.0,1
82.800,0,0,0.0,0.0,1
82.800,0,0,0.0,0.0,1
82.800,0,0,0.0,0.0,1
82.800,0,0,0.0,0.0,1
82.800,0,0,0.0,0.0,1
82.800,0,0,0.0,0.0,1
82.800,0,0,0.0,0.0,1
82.800,0,0,0.0,0.0,1
82.900,0,0,0.0,0.0,1
82.900,0,0,0.0,0.0,1
82.900,0,0,0.0,0.0,1
82.900,0,0,0.0,0.0,1
82.900,0,0,0.0,0.0,1
82.900,0,0,0.0,0.0,1
82.900,0,0,0.0,0.0,1
82.900,0,0,0.0,0.0,1
82.900,0,0,0.0,0.0,1
82.900,0,0,0.0,0.0,1
82.900,0,0,0.0,0.0,1
83.000,0,0,0.0,0.0,1
83.000,0,0,0.0,0.0,1
83.000,0,0,0.0,0.0,1
83.000,0,0,0.0,0.0,1
83.000,0,0,0.0,0.0,1
83.000,0,0,0.0,0.0,1
83.000,0,0,0.0,0.0,1
83.000,0,0,0.0,0.0,1
83.000,0,0,0.0,0.0,1
83.000,0,0,0.0,0.0,1
83.100,0,0,0.0,0.0,1
83.100,0,0,0.0,0.0,1
83.100,0,0,0.0,0.0,1
83.100,0,0,0.0,0.0,1
83.100,0,0,0.0,0.0,1
83.100,0,0,0.0,0.0,1
83.100,0,0,0.0,0.0,1
83.100,0,0,0.0,0.0,1
83.100,0,0,0.0,0.0,1
83.100,0,0,0.0,0.0,1
83.100,0,0,0.0,0.0,1
83.200,0,0,0.0,0.0,1
83.200,0,0,0.0,0.0,1
83.200,0,0,0.0,0.0,1
83.200,0,0,0.0,0.0,1
83.200,0,0,0.0,0.0,1
83.200,0,0,0.0,0.0,1
83.200,0,0,0.0,0.0,1
83.200,0,0,0.0,0.0,1
83.200,0,0,0.0,0.0,1
83.200,0,0,0.0,0.0,1
83.200,0,0,0.0,0.0,1
83.300,0,0,0.0,0.0,1
83.300,0,0,0.0,0.0,1
83.300,0,0,0.0,0.0,1
83.300,0,0,0.0,0.0,1
83.300,0,0,0.0,0.0,1
83.300,0,0,0.0,0.0,1
83.300,0,0,0.0,0.0,1
83.300,0,0,0.0,0.0,1
83.300,0,0,0.0,0.0,1
83.300,0,0,0.0,0.0,1
83.400,0,0,0.0,0.0,1
83.400,0,0,0.0,0.0,1
83.400,0,0,0.0,0.0,1
83.400,0,0,0.0,0.0,1
83.400,0,0,0.0,0.0,1
83.400,0,0,0.0,0.0,1
83.400,0,0,0.0,0.0,1
83.400,0,0,0.0,0.0,1
83.400,0,0,0.0,0.0,1
83.400,0,0,0.0,0.0,1
83.400,0,0,0.0,0.0,1
83.500,0,0,0.0,0.0,1
83.500,0,0,0.0,0.0,1
83.500,0,0,0.0,0.0,1
83.500,0,0,0.0,0.0,1
83.500,0,0,0.0,0.0,1
83.500,0,0,0.0,0.0,1
83.500,0,0,0.0,0.0,1
83.500,0,0,0.0,0.0,1
83.500,0,0,0.0,0.0,1
83.500,0,0,0.0,0.0,1
83.500,0,0,0.0,0.0,1
83.600,0,0,0.0,0.0,1
83.600,0,0,0.0,0.0,1
83.600,0,0,0.0,0.0,1
83.600,0,0,0.0,0.0,1
83.600,0,0,0.0,0.0,1
83.600,0,0,0.0,0.0,1
83.600,0,0,0.0,0.0,1
83.600,0,0,0.0,0.0,1
83.600,0,0,0.0,0.0,1
83.600,0,0,0.0,0.0,1
83.700,0,0,0.0,0.0,1
83.700,0,0,0.0,0.0,1
83.700,0,0,0.0,0.0,1
83.700,0,0,0.0,0.0,1
83.700,0,0,0.0,0.0,1
83.700,0,0,0.0,0.0,1
83.700,0,0,0.0,0.0,1
83.700,0,0,0.0,0.0,1
83.700,0,0,0.0,0.0,1
83.700,0,0,0.0,0.0,1
83.700,0,0,0.0,0.0,1
83.800,0,0,0.0,0.0,1
83.800,0,0,0.0,0.0,1
83.800,0,0,0.0,0.0,1
83.800,0,0,0.0,0.0,1
83.800,0,0,0.0,0.0,1
83.800,0,0,0.0,0.0,1
83.800,0,0,0.0,0.0,1
83.800,0,0,0.0,0.0,1
83.800,0,0,0.0,0.0,1
83.800,0,0,0.0,0.0,1
83.800,0,0,0.0,0.0,1
83.900,0,0,0.0,0.0,1
83.900,0,0,0.0,0.0,1
83.900,0,0,0.0,0.0,1
83.900,0,0,0.0,0.0,1
83.900,0,0,0.0,0.0,1
83.900,0,0,0.0,0.0,1
83.900,0,0,0.0,0.0,1
83.900,0,0,0.0,0.0,1
83.900,0,0,0.0,0.0,1
83.900,0,0,0.0,0.0,1
84.000,0,0,0.0,0.0,1
84.000,0,0,0.0,0.0,1
84.000,0,0,0.0,0.0,1
84.000,0,0,0.0,0.0,1
84.000,0,0,0.0,0.0,1
84.000,0,0,0.0,0.0,1
84.000,0,0,0.0,0.0,1
84.000,0,0,0.0,0.0,1
84.000,0,0,0.0,0.0,1
84.000,0,0,0.0,0.0,1
84.000,0,0,0.0,0.0,1
84.100,0,0,0.0,0.0,1
84.100,0,0,0.0,0.0,1
84.100,0,0,0.0,0.0,1
84.100,0,0,0.0,0.0,1
84.100,0,0,0.0,0.0,1
84.100,0,0,0.0,0.0,1
84.100,0,0,0.0,0.0,1
84.100,0,0,0.0,0.0,1
84.100,0,0,0.0,0.0,1
84.100,0,0,0.0,0.0,1
84.100,0,0,0.0,0.0,1
84.200,0,0,0.0,0.0,1
84.200,0,0,0.0,0.0,1
84.200,0,0,0.0,0.0,1
84.200,0,0,0.0,0.0,1
84.200,0,0,0.0,0.0,1
84.200,0,0,0.0,0.0,1
84.200,0,0,0.0,0.0,1
84.200,0,0,0.0,0.0,1
84.200,0,0,0.0,0.0,1
84.200,0,0,0.0,0.0,1
84.200,0,0,0.0,0.0,1
84.300,0,0,0.0,0.0,1
84.300,0,0,0.0,0.0,1
84.300,0,0,0.0,0.0,1
84.300,0,0,0.0,0.0,1
84.300,0,0,0.0,0.0,1
84.300,0,0,0.0,0.0,1
84.300,0,0,0.0,0.0,1
84.300,0,0,0.0,0.0,1
84.300,0,0,0.0,0.0,1
84.300,0,0,0.0,0.0,1
84.400,0,0,0.0,0.0,1
84.400,0,0,0.0,0.0,1
84.400,0,0,0.0,0.0,1
84.400,0,0,0.0,0.0,1
84.400,0,0,0.0,0.0,1
84.400,0,0,0.0,0.0,1
84.400,0,0,0.0,0.0,1
84.400,0,0,0.0,0.0,1
84.400,0,0,0.0,0.0,1
84.400,0,0,0.0,0.0,1
84.400,0,0,0.0,0.0,1
84.500,0,0,0.0,0.0,1
84.500,0,0,0.0,0.0,1
84.500,0,0,0.0,0.0,1
84.500,0,0,0.0,0.0,1
84.500,0,0,0.0,0.0,1
84.500,0,0,0.0,0.0,1
84.500,0,0,0.0,0.0,1
84.500,0,0,0.0,0.0,1
84.500,0,0,0.0,0.0,1
84.500,0,0,0.0,0.0,1
84.500,0,0,0.0,0.0,1
84.600,0,0,0.0,0.0,1
84.600,0,0,0.0,0.0,1
84.600,0,0,0.0,0.0,1
84.600,0,0,0.0,0.0,1
84.600,0,0,0.0,0.0,1
84.600,0,0,0.0,0.0,1
84.600,0,0,0.0,0.0,1
84.600,0,0,0.0,0.0,1
84.600,0,0,0.0,0.0,1
84.600,0,0,0.0,0.0,1
84.700,0,0,0.0,0.0,1
84.700,0,0,0.0,0.0,1
84.700,0,0,0.0,0.0,1
84.700,0,0,0.0,0.0,1
84.700,0,0,0.0,0.0,1
84.700,0,0,0.0,0.0,1
84.700,0,0,0.0,0.0,1
84.700,0,0,0.0,0.0,1
84.700,0,0,0.0,0.0,1
84.700,0,0,0.0,0.0,1
84.700,0,0,0.0,0.0,1
84.800,0,0,0.0,0.0,1
84.800,0,0,0.0,0.0,1
84.800,0,0,0.0,0.0,1
84.800,0,0,0.0,0.0,1
84.800,0,0,0.0,0.0,1
84.800,0,0,0.0,0.0,1
84.800,0,0,0.0,0.0,1
84.800,0,0,0.0,0.0,1
84.800,0,0,0.0,0.0,1
84.800,0,0,0.0,0.0,1
84.800,0,0,0.0,0.0,1
84.900,0,0,0.0,0.0,1
84.900,0,0,0.0,0.0,1
84.900,0,0,0.0,0.0,1
84.900,0,0,0.0,0.0,1
84.900,0,0,0.0,0.0,1
84.900,0,0,0.0,0.0,1
84.900,0,0,0.0,0.0,1
84.900,0,0,0.0,0.0,1
84.900,0,0,0.0,0.0,1
84.900,0,0,0.0,0.0,1
84.900,0,0,0.0,0.0,1
85.000,0,0,0.0,0.0,1
85.000,0,0,0.0,0.0,1
85.000,0,0,0.0,0.0,1
85.000,0,0,0.0,0.0,1
85.000,0,0,0.0,0.0,1
85.000,0,0,0.0,0.0,1
85.000,0,0,0.0,0.0,1
85.000,0,0,0.0,0.0,1
85.000,0,0,0.0,0.0,1
85.000,0,0,0.0,0.0,1
85.100,0,0,0.0,0.0,1
85.100,0,0,0.0,0.0,1
85.100,0,0,0.0,0.0,1
85.100,0,0,0.0,0.0,1
85.100,0,0,0.0,0.0,1
85.100,0,0,0.0,0.0,1
85.100,0,0,0.0,0.0,1
85.100,0,0,0.0,0.0,1
85.100,0,0,0.0,0.0,1
85.100,0,0,0.0,0.0,1
85.100,0,0,0.0,0.0,1
85.200,0,0,0.0,0.0,1
85.200,0,0,0.0,0.0,1
85.200,0,0,0.0,0.0,1
85.200,0,0,0.0,0.0,1
85.200,0,0,0.0,0.0,1
85.200,0,0,0.0,0.0,1
85.200,0,0,0.0,0.0,1
85.200,0,0,0.0,0.0,1
85.200,0,0,0.0,0.0,1
85.200,0,0,0.0,0.0,1
85.200,0,0,0.0,0.0,1
85.300,0,0,0.0,0.0,1
85.300,0,0,0.0,0.0,1
85.300,0,0,0.0,0.0,1
85.300,0,0,0.0,0.0,1
85.300,0,0,0.0,0.0,1
85.300,0,0,0.0,0.0,1
85.300,0,0,0.0,0.0,1
85.300,0,0,0.0,0.0,1
85.300,0,0,0.0,0.0,1
85.300,0,0,0.0,0.0,1
85.400,0,0,0.0,0.0,1
85.400,0,0,0.0,0.0,1
85.400,0,0,0.0,0.0,1
85.400,0,0,0.0,0.0,1
85.400,0,0,0.0,0.0,1
85.400,0,0,0.0,0.0,1
85.400,0,0,0.0,0.0,1
85.400,0,0,0.0,0.0,1
85.400,0,0,0.0,0.0,1
85.400,0,0,0.0,0.0,1
85.400,0,0,0.0,0.0,1
85.500,0,0,0.0,0.0,1
85.500,0,0,0.0,0.0,1
85.500,0,0,0.0,0.0,1
85.500,0,0,0.0,0.0,1
85.500,0,0,0.0,0.0,1
85.500,0,0,0.0,0.0,1
85.500,0,0,0.0,0.0,1
85.500,0,0,0.0,0.0,1
85.500,0,0,0.0,0.0,1
85.500,0,0,0.0,0.0,1
85.500,0,0,0.0,0.0,1
85.600,0,0,0.0,0.0,1
85.600,0,0,0.0,0.0,1
85.600,0,0,0.0,0.0,1
85.600,0,0,0.0,0.0,1
85.600,0,0,0.0,0.0,1
85.600,0,0,0.0,0.0,1
85.600,0,0,0.0,0.0,1
85.600,0,0,0.0,0.0,1
85.600,0,0,0.0,0.0,1
85.600,0,0,0.0,0.0,1
85.700,0,0,0.0,0.0,1
85.700,0,0,0.0,0.0,1
85.700,0,0,0.0,0.0,1
85.700,0,0,0.0,0.0,1
85.700,0,0,0.0,0.0,1
85.700,0,0,0.0,0.0,1
85.700,0,0,0.0,0.0,1
85.700,0,0,0.0,0.0,1
85.700,0,0,0.0,0.0,1
85.700,0,0,0.0,0.0,1
85.700,0,0,0.0,0.0,1
85.800,0,0,0.0,0.0,1
85.800,0,0,0.0,0.0,1
85.800,0,0,0.0,0.0,1
85.800,0,0,0.0,0.0,1
85.800,0,0,0.0,0.0,1
85.800,0,0,0.0,0.0,1
85.800,0,0,0.0,0.0,1
85.800,0,0,0.0,0.0,1
85.800,0,0,0.0,0.0,1
85.800,0,0,0.0,0.0,1
85.800,0,0,0.0,0.0,1
85.900,0,0,0.0,0.0,1
85.900,0,0,0.0,0.0,1
85.900,0,0,0.0,0.0,1
85.900,0,0,0.0,0.0,1
85.900,0,0,0.0,0.0,1
85.900,0,0,0.0,0.0,1
85.900,0,0,0.0,0.0,1
85.900,0,0,0.0,0.0,1
85.900,0,0,0.0,0.0,1
85.900,0,0,0.0,0.0,1
86.000,0,0,0.0,0.0,1
86.000,0,0,0.0,0.0,1
86.000,0,0,0.0,0.0,1
86.000,0,0,0.0,0.0,1
86.000,0,0,0.0,0.0,1
86.000,0,0,0.0,0.0,1
86.000,0,0,0.0,0.0,1
86.000,0,0,0.0,0.0,1
86.000,0,0,0.0,0.0,1
86.000,0,0,0.0,0.0,1
86.000,0,0,0.0,0.0,1
86.100,0,0,0.0,0.0,1
86.100,0,0,0.0,0.0,1
86.100,0,0,0.0,0.0,1
86.100,0,0,0.0,0.0,1
86.100,0,0,0.0,0.0,1
86.100,0,0,0.0,0.0,1
86.100,0,0,0.0,0.0,1
86.100,0,0,0.0,0.0,1
86.100,0,0,0.0,0.0,1
86.100,0,0,0.0,0.0,1
86.100,0,0,0.0,0.0,1
86.200,0,0,0.0,0.0,1
86.200,0,0,0.0,0.0,1
86.200,0,0,0.0,0.0,1
86.200,0,0,0.0,0.0,1
86.200,0,0,0.0,0.0,1
86.200,0,0,0.0,0.0,1
86.200,0,0,0.0,0.0,1
86.200,0,0,0.0,0.0,1
86.200,0,0,0.0,0.0,1
86.200,0,0,0.0,0.0,1
86.300,0,0,0.0,0.0,1
86.300,0,0,0.0,0.0,1
86.300,0,0,0.0,0.0,1
86.300,0,0,0.0,0.0,1
86.300,0,0,0.0,0.0,1
86.300,0,0,0.0,0.0,1
86.300,0,0,0.0,0.0,1
86.300,0,0,0.0,0.0,1
86.300,0,0,0.0,0.0,1
86.300,0,0,0.0,0.0,1
86.300,0,0,0.0,0.0,1
86.400,0,0,0.0,0.0,1
86.400,0,0,0.0,0.0,1
86.400,0,0,0.0,0.0,1
86.400,0,0,0.0,0.0,1
86.400,0,0,0.0,0.0,1
86.400,0,0,0.0,0.0,1
86.400,0,0,0.0,0.0,1
86.400,0,0,0.0,0.0,1
86.400,0,0,0.0,0.0,1
86.400,0,0,0.0,0.0,1
86.400,0,0,0.0,0.0,1
86.500,0,0,0.0,0.0,1
86.500,0,0,0.0,0.0,1
86.500,0,0,0.0,0.0,1
86.500,0,0,0.0,0.0,1
86.500,0,0,0.0,0.0,1
86.500,0,0,0.0,0.0,1
86.500,0,0,0.0,0.0,1
86.500,0,0,0.0,0.0,1
86.500,0,0,0.0,0.0,1
86.500,0,0,0.0,0.0,1
86.500,0,0,0.0,0.0,1
86.600,0,0,0.0,0.0,1
86.600,0,0,0.0,0.0,1
86.600,0,0,0.0,0.0,1
86.600,0,0,0.0,0.0,1
86.600,0,0,0.0,0.0,1
86.600,0,0,0.0,0.0,1
86.600,0,0,0.0,0.0,1
86.600,0,0,0.0,0.0,1
86.600,0,0,0.0,0.0,1
86.600,0,0,0.0,0.0,1
86.700,0,0,0.0,0.0,1
86.700,0,0,0.0,0.0,1
86.700,0,0,0.0,0.0,1
86.700,0,0,0.0,0.0,1
86.700,0,0,0.0,0.0,1
86.700,0,0,0.0,0.0,1
86.700,0,0,0.0,0.0,1
86.700,0,0,0.0,0.0,1
86.700,0,0,0.0,0.0,1
86.700,0,0,0.0,0.0,1
86.700,0,0,0.0,0.0,1
86.800,0,0,0.0,0.0,1
86.800,0,0,0.0,0.0,1
86.800,0,0,0.0,0.0,1
86.800,0,0,0.0,0.0,1
86.800,0,0,0.0,0.0,1
86.800,0,0,0.0,0.0,1
86.800,0,0,0.0,0.0,1
86.800,0,0,0.0,0.0,1
86.800,0,0,0.0,0.0,1
86.800,0,0,0.0,0.0,1
86.800,0,0,0.0,0.0,1
86.900,0,0,0.0,0.0,1
86.900,0,0,0.0,0.0,1
86.900,0,0,0.0,0.0,1
86.900,0,0,0.0,0.0,1
86.900,0,0,0.0,0.0,1
86.900,0,0,0.0,0.0,1
86.900,0,0,0.0,0.0,1
86.900,0,0,0.0,0.0,1
86.900,0,0,0.0,0.0,1
86.900,0,0,0.0,0.0,1
87.000,0,0,0.0,0.0,1
87.000,0,0,0.0,0.0,1
87.000,0,0,0.0,0.0,1
87.000,0,0,0.0,0.0,1
87.000,0,0,0.0,0.0,1
87.000,0,0,0.0,0.0,1
87.000,0,0,0.0,0.0,1
87.000,0,0,0.0,0.0,1
87.000,0,0,0.0,0.0,1
87.000,0,0,0.0,0.0,1
87.000,0,0,0.0,0.0,1
87.100,0,0,0.0,0.0,1
87.100,0,0,0.0,0.0,1
87.100,0,0,0.0,0.0,1
87.100,0,0,0.0,0.0,1
87.100,0,0,0.0,0.0,1
87.100,0,0,0.0,0.0,1
87.100,0,0,0.0,0.0,1
87.100,0,0,0.0,0.0,1
87.100,0,0,0.0,0.0,1
87.100,0,0,0.0,0.0,1
87.100,0,0,0.0,0.0,1
87.200,2,0,-31.0,0.0,0
87.200,2,0,-31.0,0.0,0
87.200,2,0,-31.0,0.0,0
87.200,2,0,-31.0,0.0,0
87.200,2,0,-31.0,0.0,0
87.200,2,0,-31.0,0.0,0
87.200,2,0,-31.0,0.0,0
87.200,2,0,-31.0,0.0,0
87.200,2,0,-31.0,0.0,0
87.200,2,0,-31.0,0.0,0
87.300,2,0,-31.0,0.0,0
87.300,2,0,-31.0,0.0,0
87.300,2,0,-31.0,0.0,0
87.300,2,0,-31.0,0.0,0
87.300,2,0,-31.0,0.0,0
87.300,2,0,-31.0,0.0,0
87.300,2,0,-31.0,0.0,0
87.300,2,0,-31.0,0.0,0
87.300,2,0,-31.0,0.0,0
87.300,2,0,-31.0,0.0,0
87.300,2,0,-31.0,0.0,0
87.400,2,0,-31.0,0.0,0
87.400,2,0,-31.0,0.0,0
87.400,2,0,-31.0,0.0,0
87.400,2,0,-31.0,0.0,0
87.400,2,0,-31.0,0.0,0
87.400,2,0,-31.0,0.0,0
87.400,2,0,-31.0,0.0,0
87.400,2,0,-31.0,0.0,0
87.400,2,0,-31.0,0.0,0
87.400,2,0,-31.0,0.0,0
87.400,2,0,-31.0,0.0,0
87.500,2,0,-31.0,0.0,0
87.500,2,0,-31.0,0.0,0
87.500,2,0,-31.0,0.0,0
87.500,2,0,-31.0,0.0,0
87.500,2,0,-31.0,0.0,0
87.500,2,0,-31.0,0.0,0
87.500,2,0,-31.0,0.0,0
87.500,2,0,-31.0,0.0,0
87.500,2,0,-31.0,0.0,0
87.500,2,0,-31.0,0.0,0
87.600,2,0,-31.0,0.0,0
87.600,2,0,-31.0,0.0,0
87.600,2,0,-31.0,0.0,0
87.600,2,0,-31.0,0.0,0
87.600,2,0,-31.0,0.0,0
87.600,2,0,-31.0,0.0,0
87.600,2,0,-31.0,0.0,0
87.600,2,0,-31.0,0.0,0
87.600,2,0,-31.0,0.0,0
87.600,2,0,-31.0,0.0,0
87.600,2,0,-31.0,0.0,0
87.700,2,0,-31.0,0.0,0
87.700,2,0,-31.0,0.0,0
87.700,2,0,-31.0,0.0,0
87.700,2,0,-31.0,0.0,0
87.700,2,0,-31.0,0.0,0
87.700,2,0,-31.0,0.0,0
87.700,2,0,-31.0,0.0,0
87.700,2,0,-31.0,0.0,0
87.700,2,0,-31.0,0.0,0
87.700,2,0,-31.0,0.0,0
87.700,2,0,-31.0,0.0,0
87.800,2,0,-31.0,0.0,0
87.800,2,0,-31.0,0.0,0
87.800,2,0,-31.0,0.0,0
87.800,2,0,-31.0,0.0,0
87.800,2,0,-31.0,0.0,0
87.800,2,0,-31.0,0.0,0
87.800,2,0,-31.0,0.0,0
87.800,2,0,-31.0,0.0,0
87.800,2,0,-31.0,0.0,0
87.800,2,0,-31.0,0.0,0
87.800,2,0,-31.0,0.0,0
87.900,2,0,-31.0,0.0,0
87.900,2,0,-31.0,0.0,0
87.900,2,0,-31.0,0.0,0
87.900,2,0,-31.0,0.0,0
87.900,2,0,-31.0,0.0,0
87.900,2,0,-31.0,0.0,0
87.900,2,0,-31.0,0.0,0
87.900,2,0,-31.0,0.0,0
87.900,2,0,-31.0,0.0,0
87.900,2,0,-31.0,0.0,0
88.000,2,0,-31.0,0.0,0
88.000,2,0,-31.0,0.0,0
88.000,2,0,-31.0,0.0,0
88.000,2,0,-31.0,0.0,0
88.000,2,0,-31.0,0.0,0
88.000,2,0,-31.0,0.0,0
88.000,2,0,-31.0,0.0,0
88.000,2,0,-31.0,0.0,0
88.000,2,0,-31.0,0.0,0
88.000,2,0,-31.0,0.0,0
88.000,2,0,-31.0,0.0,0
88.100,2,0,-31.0,0.0,0
88.100,2,0,-31.0,0.0,0
88.100,2,0,-31.0,0.0,0
88.100,2,0,-31.0,0.0,0
88.100,2,0,-31.0,0.0,0
88.100,2,0,-31.0,0.0,0
88.100,2,0,-31.0,0.0,0
88.100,2,0,-31.0,0.0,0
88.100,2,0,-31.0,0.0,0
88.100,2,0,-31.0,0.0,0
88.100,2,0,-31.0,0.0,0
88.200,2,0,-31.0,0.0,0
88.200,2,0,-31.0,0.0,0
88.200,2,0,-31.0,0.0,0
88.200,2,0,-31.0,0.0,0
88.200,2,0,-31.0,0.0,0
88.200,2,0,-31.0,0.0,0
88.200,2,0,-31.0,0.0,0
88.200,2,0,-31.0,0.0,0
88.200,2,0,-31.0,0.0,0
88.200,2,0,-31.0,0.0,0
88.300,2,0,-31.0,0.0,0
88.300,2,0,-31.0,0.0,0
88.300,2,0,-31.0,0.0,0
88.300,2,0,-31.0,0.0,0
88.300,2,0,-31.0,0.0,0
88.300,2,0,-31.0,0.0,0
88.300,2,0,-31.0,0.0,0
88.300,2,0,-31.0,0.0,0
88.300,2,0,-31.0,0.0,0
88.300,2,0,-31.0,0.0,0
88.300,2,0,-31.0,0.0,0
88.400,2,0,-31.0,0.0,0
88.400,2,0,-31.0,0.0,0
88.400,2,0,-31.0,0.0,0
88.400,2,0,-31.0,0.0,0
88.400,2,0,-31.0,0.0,0
88.400,2,0,-31.0,0.0,0
88.400,2,0,-31.0,0.0,0
88.400,2,0,-31.0,0.0,0
88.400,2,0,-31.0,0.0,0
88.400,2,0,-31.0,0.0,0
88.400,2,0,-31.0,0.0,0
88.500,2,0,-31.0,0.0,0
88.500,2,0,-31.0,0.0,0
88.500,2,0,-31.0,0.0,0
88.500,2,0,-31.0,0.0,0
88.500,2,0,-31.0,0.0,0
88.500,2,0,-31.0,0.0,0
88.500,2,0,-31.0,0.0,0
88.500,2,0,-31.0,0.0,0
88.500,2,0,-31.0,0.0,0
88.500,2,0,-31.0,0.0,0
88.600,2,0,-31.0,0.0,0
88.600,2,0,-31.0,0.0,0
88.600,2,0,-31.0,0.0,0
88.600,2,0,-31.0,0.0,0
88.600,2,0,-31.0,0.0,0
88.600,2,0,-31.0,0.0,0
88.600,2,0,-31.0,0.0,0
88.600,2,0,-31.0,0.0,0
88.600,2,0,-31.0,0.0,0
88.600,2,0,-31.0,0.0,0
88.600,2,0,-31.0,0.0,0
88.700,2,0,-31.0,0.0,0
88.700,2,0,-31.0,0.0,0
88.700,2,0,-31.0,0.0,0
88.700,2,0,-31.0,0.0,0
88.700,2,0,-31.0,0.0,0
88.700,2,0,-31.0,0.0,0
88.700,2,0,-31.0,0.0,0
88.700,2,0,-31.0,0.0,0
88.700,2,0,-31.0,0.0,0
88.700,2,0,-31.0,0.0,0
88.700,2,0,-31.0,0.0,0
88.800,2,0,-31.0,0.0,0
88.800,2,0,-31.0,0.0,0
88.800,2,0,-31.0,0.0,0
88.800,2,0,-31.0,0.0,0
88.800,2,0,-31.0,0.0,0
88.800,2,0,-31.0,0.0,0
88.800,2,0,-31.0,0.0,0
88.800,2,0,-31.0,0.0,0
88.800,2,0,-31.0,0.0,0
88.800,2,0,-31.0,0.0,0
88.800,2,0,-31.0,0.0,0
88.900,2,0,-31.0,0.0,0
88.900,2,0,-31.0,0.0,0
88.900,2,0,-31.0,0.0,0
88.900,2,0,-31.0,0.0,0
88.900,2,0,-31.0,0.0,0
88.900,2,0,-31.0,0.0,0
88.900,2,0,-31.0,0.0,0
88.900,2,0,-31.0,0.0,0
88.900,2,0,-31.0,0.0,0
88.900,2,0,-31.0,0.0,0
89.000,2,0,-31.0,0.0,0
89.000,2,0,-31.0,0.0,0
89.000,2,0,-31.0,0.0,0
89.000,2,0,-31.0,0.0,0
89.000,2,0,-31.0,0.0,0
89.000,2,0,-31.0,0.0,0
89.000,2,0,-31.0,0.0,0
89.000,2,0,-31.0,0.0,0
89.000,2,0,-31.0,0.0,0
89.000,2,0,-31.0,0.0,0
89.000,2,0,-31.0,0.0,0
89.100,2,0,-31.0,0.0,0
89.100,2,0,-31.0,0.0,0
89.100,2,0,-31.0,0.0,0
89.100,2,0,-31.0,0.0,0
89.100,2,0,-31.0,0.0,0
89.100,2,0,-31.0,0.0,0
89.100,2,0,-31.0,0.0,0
89.100,2,0,-31.0,0.0,0
89.100,2,0,-31.0,0.0,0
89.100,2,0,-31.0,0.0,0
89.100,2,0,-31.0,0.0,0
89.200,2,0,-31.0,0.0,0
89.200,2,0,-31.0,0.0,0
89.200,2,0,-31.0,0.0,0
89.200,2,0,-31.0,0.0,0
89.200,2,0,-31.0,0.0,0
89.200,2,0,-31.0,0.0,0
89.200,2,0,-31.0,0.0,0
89.200,2,0,-31.0,0.0,0
89.200,2,0,-31.0,0.0,0
89.200,2,0,-31.0,0.0,0
89.300,2,0,-31.0,0.0,0
89.300,2,0,-31.0,0.0,0
89.300,2,0,-31.0,0.0,0
89.300,2,0,-31.0,0.0,0
89.300,2,0,-31.0,0.0,0
89.300,2,0,-31.0,0.0,0
89.300,2,0,-31.0,0.0,0
89.300,2,0,-31.0,0.0,0
89.300,2,0,-31.0,0.0,0
89.300,2,0,-31.0,0.0,0
89.300,2,0,-31.0,0.0,0
89.400,2,0,-31.0,0.0,0
89.400,2,0,-31.0,0.0,0
89.400,2,0,-31.0,0.0,0
89.400,2,0,-31.0,0.0,0
89.400,2,0,-31.0,0.0,0
89.400,2,0,-31.0,0.0,0
89.400,2,0,-31.0,0.0,0
89.400,2,0,-31.0,0.0,0
89.400,2,0,-31.0,0.0,0
89.400,2,0,-31.0,0.0,0
89.400,2,0,-31.0,0.0,0
89.500,2,0,-31.0,0.0,0
89.500,2,0,-31.0,0.0,0
89.500,2,0,-31.0,0.0,0
89.500,2,0,-31.0,0.0,0
89.500,2,0,-31.0,0.0,0
89.500,2,0,-31.0,0.0,0
89.500,2,0,-31.0,0.0,0
89.500,2,0,-31.0,0.0,0
89.500,2,0,-31.0,0.0,0
89.500,2,0,-31.0,0.0,0
89.600,2,0,-31.0,0.0,0
89.600,2,0,-31.0,0.0,0
89.600,2,0,-31.0,0.0,0
89.600,2,0,-31.0,0.0,0
89.600,2,0,-31.0,0.0,0
89.600,2,0,-31.0,0.0,0
89.600,2,0,-31.0,0.0,0
89.600,2,0,-31.0,0.0,0
89.600,2,0,-31.0,0.0,0
89.600,2,0,-31.0,0.0,0
89.600,2,0,-31.0,0.0,0
89.700,2,0,-31.0,0.0,0
89.700,2,0,-31.0,0.0,0
89.700,2,0,-31.0,0.0,0
89.700,2,0,-31.0,0.0,0
89.700,2,0,-31.0,0.0,0
89.700,2,0,-31.0,0.0,0
89.700,2,0,-31.0,0.0,0
89.700,2,0,-31.0,0.0,0
89.700,2,0,-31.0,0.0,0
89.700,2,0,-31.0,0.0,0
89.700,2,0,-31.0,0.0,0
89.800,2,0,-31.0,0.0,0
89.800,2,0,-31.0,0.0,0
89.800,2,0,-31.0,0.0,0
89.800,2,0,-31.0,0.0,0
89.800,2,0,-31.0,0.0,0
89.800,2,0,-31.0,0.0,0
89.800,2,0,-31.0,0.0,0
89.800,2,0,-31.0,0.0,0
89.800,2,0,-31.0,0.0,0
89.800,2,0,-31.0,0.0,0
89.900,2,0,-31.0,0.0,0
89.900,2,0,-31.0,0.0,0
89.900,2,0,-31.0,0.0,0
89.900,2,0,-31.0,0.0,0
89.900,2,0,-31.0,0.0,0
89.900,2,0,-31.0,0.0,0
89.900,2,0,-31.0,0.0,0
89.900,2,0,-31.0,0.0,0
89.900,2,0,-31.0,0.0,0
89.900,2,0,-31.0,0.0,0
89.900,2,0,-31.0,0.0,0
90.000,2,0,-31.0,0.0,0
90.000,2,0,-31.0,0.0,0
90.000,2,0,-31.0,0.0,0
90.000,2,0,-31.0,0.0,0
90.000,2,0,-31.0,0.0,0
90.000,2,0,-31.0,0.0,0
90.000,2,0,-31.0,0.0,0
90.000,2,0,-31.0,0.0,0
90.000,2,0,-31.0,0.0,0
90.000,2,0,-31.0,0.0,0
90.000,2,0,-31.0,0.0,0
90.100,2,0,-31.0,0.0,0
90.100,2,0,-31.0,0.0,0
90.100,2,0,-31.0,0.0,0
90.100,2,0,-31.0,0.0,0
90.100,2,0,-31.0,0.0,0
90.100,2,0,-31.0,0.0,0
90.100,2,0,-31.0,0.0,0
90.100,2,0,-31.0,0.0,0
90.100,2,0,-31.0,0.0,0
90.100,2,0,-31.0,0.0,0
90.100,2,0,-31.0,0.0,0
90.200,2,0,-31.0,0.0,0
90.200,2,0,-31.0,0.0,0
90.200,2,0,-31.0,0.0,0
90.200,2,0,-31.0,0.0,0
90.200,2,0,-31.0,0.0,0
90.200,2,0,-31.0,0.0,0
90.200,2,0,-31.0,0.0,0
90.200,2,0,-31.0,0.0,0
90.200,2,0,-31.0,0.0,0
90.200,2,0,-31.0,0.0,0
90.300,2,0,-31.0,0.0,0
90.300,2,0,-31.0,0.0,0
90.300,2,0,-31.0,0.0,0
90.300,2,0,-31.0,0.0,0
90.300,2,0,-31.0,0.0,0
90.300,2,0,-31.0,0.0,0
90.300,2,0,-31.0,0.0,0
90.300,2,0,-31.0,0.0,0
90.300,2,0,-31.0,0.0,0
90.300,2,0,-31.0,0.0,0
90.300,2,0,-31.0,0.0,0
90.400,2,0,-31.0,0.0,0
90.400,2,0,-31.0,0.0,0
90.400,2,0,-31.0,0.0,0
90.400,2,0,-31.0,0.0,0
90.400,2,0,-31.0,0.0,0
90.400,2,0,-31.0,0.0,0
90.400,2,0,-31.0,0.0,0
90.400,2,0,-31.0,0.0,0
90.400,2,0,-31.0,0.0,0
90.400,2,0,-31.0,0.0,0
90.400,2,0,-31.0,0.0,0
90.500,2,0,-31.0,0.0,0
90.500,2,0,-31.0,0.0,0
90.500,2,0,-31.0,0.0,0
90.500,2,0,-31.0,0.0,0
90.500,2,0,-31.0,0.0,0
90.500,2,0,-31.0,0.0,0
90.500,2,0,-31.0,0.0,0
90.500,2,0,-31.0,0.0,0
90.500,2,0,-31.0,0.0,0
90.500,2,0,-31.0,0.0,0
90.600,2,0,-31.0,0.0,0
90.600,2,0,-31.0,0.0,0
90.600,2,0,-31.0,0.0,0
90.600,2,0,-31.0,0.0,0
90.600,2,0,-31.0,0.0,0
90.600,2,0,-31.0,0.0,0
90.600,2,0,-31.0,0.0,0
90.600,2,0,-31.0,0.0,0
90.600,2,0,-31.0,0.0,0
90.600,2,0,-31.0,0.0,0
90.600,2,0,-31.0,0.0,0
90.700,2,0,-31.0,0.0,0
90.700,2,0,-31.0,0.0,0
90.700,2,0,-31.0,0.0,0
90.700,2,0,-31.0,0.0,0
90.700,2,0,-31.0,0.0,0
90.700,2,0,-31.0,0.0,0
90.700,2,0,-31.0,0.0,0
90.700,2,0,-31.0,0.0,0
90.700,2,0,-31.0,0.0,0
90.700,2,0,-31.0,0.0,0
90.700,2,0,-31.0,0.0,0
90.800,2,0,-31.0,0.0,0
90.800,2,0,-31.0,0.0,0
90.800,2,0,-31.0,0.0,0
90.800,2,0,-31.0,0.0,0
90.800,2,0,-31.0,0.0,0
90.800,2,0,-31.0,0.0,0
90.800,2,0,-31.0,0.0,0
90.800,2,0,-31.0,0.0,0
90.800,2,0,-31.0,0.0,0
90.800,2,0,-31.0,0.0,0
90.900,2,0,-31.0,0.0,0
90.900,2,0,-31.0,0.0,0
90.900,2,0,-31.0,0.0,0
90.900,2,0,-31.0,0.0,0
90.900,2,0,-31.0,0.0,0
90.900,2,0,-31.0,0.0,0
90.900,2,0,-31.0,0.0,0
90.900,2,0,-31.0,0.0,0
90.900,2,0,-31.0,0.0,0
90.900,2,0,-31.0,0.0,0
90.900,2,0,-31.0,0.0,0
91.000,2,0,-31.0,0.0,0
91.000,2,0,-31.0,0.0,0
91.000,2,0,-31.0,0.0,0
91.000,2,0,-31.0,0.0,0
91.000,2,0,-31.0,0.0,0
91.000,2,0,-31.0,0.0,0
91.000,2,0,-31.0,0.0,0
91.000,2,0,-31.0,0.0,0
91.000,2,0,-31.0,0.0,0
91.000,2,0,-31.0,0.0,0
91.000,2,0,-31.0,0.0,0
91.100,2,0,-31.0,0.0,0
91.100,2,0,-31.0,0.0,0
91.100,2,0,-31.0,0.0,0
91.100,2,0,-31.0,0.0,0
91.100,2,0,-31.0,0.0,0
91.100,2,0,-31.0,0.0,0
91.100,2,0,-31.0,0.0,0
91.100,2,0,-31.0,0.0,0
91.100,2,0,-31.0,0.0,0
91.100,2,0,-31.0,0.0,0
91.100,2,0,-31.0,0.0,0
91.200,2,0,-31.0,0.0,0
91.200,2,0,-31.0,0.0,0
91.200,2,0,-31.0,0.0,0
91.200,2,0,-31.0,0.0,0
91.200,2,0,-31.0,0.0,0
91.200,2,0,-31.0,0.0,0
91.200,2,0,-31.0,0.0,0
91.200,2,0,-31.0,0.0,0
91.200,2,0,-31.0,0.0,0
91.200,2,0,-31.0,0.0,0
91.300,2,0,-31.0,0.0,0
91.300,2,0,-31.0,0.0,0
91.300,2,0,-31.0,0.0,0
91.300,2,0,-31.0,0.0,0
91.300,2,0,-31.0,0.0,0
91.300,2,0,-31.0,0.0,0
91.300,2,0,-31.0,0.0,0
91.300,2,0,-31.0,0.0,0
91.300,2,0,-31.0,0.0,0
91.300,2,0,-31.0,0.0,0
91.300,2,0,-31.0,0.0,0
91.400,2,0,-31.0,0.0,0
91.400,2,0,-31.0,0.0,0
91.400,2,0,-31.0,0.0,0
91.400,2,0,-31.0,0.0,0
91.400,2,0,-31.0,0.0,0
91.400,2,0,-31.0,0.0,0
91.400,2,0,-31.0,0.0,0
91.400,2,0,-31.0,0.0,0
91.400,2,0,-31.0,0.0,0
91.400,2,0,-31.0,0.0,0
91.400,2,0,-31.0,0.0,0
91.500,2,0,-31.0,0.0,0
91.500,2,0,-31.0,0.0,0
91.500,2,0,-31.0,0.0,0
91.500,2,0,-31.0,0.0,0
91.500,2,0,-31.0,0.0,0
91.500,2,0,-31.0,0.0,0
91.500,2,0,-31.0,0.0,0
91.500,2,0,-31.0,0.0,0
91.500,2,0,-31.0,0.0,0
91.500,2,0,-31.0,0.0,0
91.600,2,0,-31.0,0.0,0
91.600,2,0,-31.0,0.0,0
91.600,2,0,-31.0,0.0,0
91.600,2,0,-31.0,0.0,0
91.600,2,0,-31.0,0.0,0
91.600,2,0,-31.0,0.0,0
91.600,2,0,-31.0,0.0,0
91.600,2,0,-31.0,0.0,0
91.600,2,0,-31.0,0.0,0
91.600,2,0,-31.0,0.0,0
91.600,2,0,-31.0,0.0,0
91.700,2,0,-31.0,0.0,0
91.700,2,0,-31.0,0.0,0
91.700,2,0,-31.0,0.0,0
91.700,2,0,-31.0,0.0,0
91.700,2,0,-31.0,0.0,0
91.700,2,0,-31.0,0.0,0
91.700,2,0,-31.0,0.0,0
91.700,2,0,-31.0,0.0,0
91.700,2,0,-31.0,0.0,0
91.700,2,0,-31.0,0.0,0
91.700,2,0,-31.0,0.0,0
91.800,2,0,-31.0,0.0,0
91.800,2,0,-31.0,0.0,0
91.800,2,0,-31.0,0.0,0
91.800,2,0,-31.0,0.0,0
91.800,2,0,-31.0,0.0,0
91.800,2,0,-31.0,0.0,0
91.800,2,0,-31.0,0.0,0
91.800,2,0,-31.0,0.0,0
91.800,2,0,-31.0,0.0,0
91.800,2,0,-31.0,0.0,0
91.900,2,0,-31.0,0.0,0
91.900,2,0,-31.0,0.0,0
91.900,2,0,-31.0,0.0,0
91.900,2,0,-31.0,0.0,0
91.900,2,0,-31.0,0.0,0
91.900,2,0,-31.0,0.0,0
91.900,2,0,-31.0,0.0,0
91.900,2,0,-31.0,0.0,0
91.900,2,0,-31.0,0.0,0
91.900,2,0,-31.0,0.0,0
91.900,2,0,-31.0,0.0,0
92.000,2,0,-31.0,0.0,0
92.000,2,0,-31.0,0.0,0
92.000,2,0,-31.0,0.0,0
92.000,2,0,-31.0,0.0,0
92.000,2,0,-31.0,0.0,0
92.000,2,0,-31.0,0.0,0
92.000,2,0,-31.0,0.0,0
92.000,2,0,-31.0,0.0,0
92.000,2,0,-31.0,0.0,0
92.000,2,0,-31.0,0.0,0
92.000,2,0,-31.0,0.0,0
92.100,2,0,-31.0,0.0,0
92.100,2,0,-31.0,0.0,0
92.100,2,0,-31.0,0.0,0
92.100,2,0,-31.0,0.0,0
92.100,2,0,-31.0,0.0,0
92.100,2,0,-31.0,0.0,0
92.100,2,0,-31.0,0.0,0
92.100,2,0,-31.0,0.0,0
92.100,2,0,-31.0,0.0,0
92.100,2,0,-31.0,0.0,0
92.200,2,0,-31.0,0.0,0
92.200,2,0,-31.0,0.0,0
92.200,2,0,-31.0,0.0,0
92.200,2,0,-31.0,0.0,0
92.200,2,0,-31.0,0.0,0
92.200,2,0,-31.0,0.0,0
92.200,2,0,-31.0,0.0,0
92.200,2,0,-31.0,0.0,0
92.200,2,0,-31.0,0.0,0
92.200,2,0,-31.0,0.0,0
92.200,2,0,-31.0,0.0,0
92.300,2,0,-31.0,0.0,0
92.300,2,0,-31.0,0.0,0
92.300,2,0,-31.0,0.0,0
92.300,2,0,-31.0,0.0,0
92.300,2,0,-31.0,0.0,0
92.300,2,0,-31.0,0.0,0
92.300,2,0,-31.0,0.0,0
92.300,2,0,-31.0,0.0,0
92.300,2,0,-31.0,0.0,0
92.300,2,0,-31.0,0.0,0
92.300,2,0,-31.0,0.0,0
92.400,2,0,-31.0,0.0,0
92.400,2,0,-31.0,0.0,0
92.400,2,0,-31.0,0.0,0
92.400,2,0,-31.0,0.0,0
92.400,2,0,-31.0,0.0,0
92.400,2,0,-31.0,0.0,0
92.400,2,0,-31.0,0.0,0
92.400,2,0,-31.0,0.0,0
92.400,2,0,-31.0,0.0,0
92.400,2,0,-31.0,0.0,0
92.400,2,0,-31.0,0.0,0
92.500,2,0,-31.0,0.0,0
92.500,2,0,-31.0,0.0,0
92.500,2,0,-31.0,0.0,0
92.500,2,0,-31.0,0.0,0
92.500,2,0,-31.0,0.0,0
92.500,2,0,-31.0,0.0,0
92.500,2,0,-31.0,0.0,0
92.500,2,0,-31.0,0.0,0
92.500,2,0,-31.0,0.0,0
92.500,2,0,-31.0,0.0,0
92.600,2,0,-31.0,0.0,0
92.600,2,0,-31.0,0.0,0
92.600,2,0,-31.0,0.0,0
92.600,2,0,-31.0,0.0,0
92.600,2,0,-31.0,0.0,0
92.600,2,0,-31.0,0.0,0
92.600,2,0,-31.0,0.0,0
92.600,2,0,-31.0,0.0,0
92.600,2,0,-31.0,0.0,0
92.600,2,0,-31.0,0.0,0
92.600,2,0,-31.0,0.0,0
92.700,2,0,-31.0,0.0,0
92.700,2,0,-31.0,0.0,0
92.700,2,0,-31.0,0.0,0
92.700,2,0,-31.0,0.0,0
92.700,2,0,-31.0,0.0,0
92.700,2,0,-31.0,0.0,0
92.700,2,0,-31.0,0.0,0
92.700,2,0,-31.0,0.0,0
92.700,2,0,-31.0,0.0,0
92.700,2,0,-31.0,0.0,0
92.700,2,0,-31.0,0.0,0
92.800,2,0,-31.0,0.0,0
92.800,2,0,-31.0,0.0,0
92.800,2,0,-31.0,0.0,0
92.800,2,0,-31.0,0.0,0
92.800,2,0,-31.0,0.0,0
92.800,2,0,-31.0,0.0,0
92.800,2,0,-31.0,0.0,0
92.800,2,0,-31.0,0.0,0
92.800,2,0,-31.0,0.0,0
92.800,2,0,-31.0,0.0,0
92.900,2,0,-31.0,0.0,0
92.900,2,0,-31.0,0.0,0
92.900,2,0,-31.0,0.0,0
92.900,2,0,-31.0,0.0,0
92.900,2,0,-31.0,0.0,0
92.900,2,0,-31.0,0.0,0
92.900,2,0,-31.0,0.0,0
92.900,2,0,-31.0,0.0,0
92.900,2,0,-31.0,0.0,0
92.900,2,0,-31.0,0.0,0
92.900,2,0,-31.0,0.0,0
93.000,2,0,-31.0,0.0,0
93.000,2,0,-31.0,0.0,0
93.000,2,0,-31.0,0.0,0
93.000,2,0,-31.0,0.0,0
93.000,2,0,-31.0,0.0,0
93.000,2,0,-31.0,0.0,0
93.000,2,0,-31.0,0.0,0
93.000,2,0,-31.0,0.0,0
93.000,2,0,-31.0,0.0,0
93.000,2,0,-31.0,0.0,0
93.000,2,0,-31.0,0.0,0
93.100,2,0,-31.0,0.0,0
93.100,2,0,-31.0,0.0,0
93.100,2,0,-31.0,0.0,0
93.100,2,0,-31.0,0.0,0
93.100,2,0,-31.0,0.0,0
93.100,2,0,-31.0,0.0,0
93.100,2,0,-31.0,0.0,0
93.100,2,0,-31.0,0.0,0
93.100,2,0,-31.0,0.0,0
93.100,2,0,-31.0,0.0,0
93.200,2,0,-31.0,0.0,0
93.200,2,0,-31.0,0.0,0
93.200,2,0,-31.0,0.0,0
93.200,2,0,-31.0,0.0,0
93.200,2,0,-31.0,0.0,0
93.200,2,0,-31.0,0.0,0
93.200,2,0,-31.0,0.0,0
93.200,2,0,-31.0,0.0,0
93.200,2,0,-31.0,0.0,0
93.200,2,0,-31.0,0.0,0
93.200,2,0,-31.0,0.0,0
93.300,2,0,-31.0,0.0,0
93.300,2,0,-31.0,0.0,0
93.300,2,0,-31.0,0.0,0
93.300,2,0,-31.0,0.0,0
93.300,2,0,-31.0,0.0,0
93.300,2,0,-31.0,0.0,0
93.300,2,0,-31.0,0.0,0
93.300,2,0,-31.0,0.0,0
93.300,2,0,-31.0,0.0,0
93.300,2,0,-31.0,0.0,0
93.300,2,0,-31.0,0.0,0
93.400,2,0,-31.0,0.0,0
93.400,2,0,-31.0,0.0,0
93.400,2,0,-31.0,0.0,0
93.400,2,0,-31.0,0.0,0
93.400,2,0,-31.0,0.0,0
93.400,2,0,-31.0,0.0,0
93.400,2,0,-31.0,0.0,0
93.400,2,0,-31.0,0.0,0
93.400,2,0,-31.0,0.0,0
93.400,2,0,-31.0,0.0,0
93.500,2,0,-31.0,0.0,0
93.500,2,0,-31.0,0.0,0
93.500,2,0,-31.0,0.0,0
93.500,2,0,-31.0,0.0,0
93.500,2,0,-31.0,0.0,0
93.500,2,0,-31.0,0.0,0
93.500,2,0,-31.0,0.0,0
93.500,2,0,-31.0,0.0,0
93.500,2,0,-31.0,0.0,0
93.500,2,0,-31.0,0.0,0
93.500,2,0,-31.0,0.0,0
93.600,2,0,-31.0,0.0,0
93.600,2,0,-31.0,0.0,0
93.600,2,0,-31.0,0.0,0
93.600,2,0,-31.0,0.0,0
93.600,2,0,-31.0,0.0,0
93.600,2,0,-31.0,0.0,0
93.600,2,0,-31.0,0.0,0
93.600,2,0,-31.0,0.0,0
93.600,2,0,-31.0,0.0,0
93.600,2,0,-31.0,0.0,0
93.600,2,0,-31.0,0.0,0
93.700,2,0,-31.0,0.0,0
93.700,2,0,-31.0,0.0,0
93.700,2,0,-31.0,0.0,0
93.700,2,0,-31.0,0.0,0
93.700,2,0,-31.0,0.0,0
93.700,2,0,-31.0,0.0,0
93.700,2,0,-31.0,0.0,0
93.700,2,0,-31.0,0.0,0
93.700,2,0,-31.0,0.0,0
93.700,2,0,-31.0,0.0,0
93.800,2,0,-31.0,0.0,0
93.800,2,0,-31.0,0.0,0
93.800,2,0,-31.0,0.0,0
93.800,2,0,-31.0,0.0,0
93.800,2,0,-31.0,0.0,0
93.800,2,0,-31.0,0.0,0
93.800,2,0,-31.0,0.0,0
93.800,2,0,-31.0,0.0,0
93.800,2,0,-31.0,0.0,0
93.800,2,0,-31.0,0.0,0
93.800,2,0,-31.0,0.0,0
93.900,2,0,-31.0,0.0,0
93.900,2,0,-31.0,0.0,0
93.900,2,0,-31.0,0.0,0
93.900,2,0,-31.0,0.0,0
93.900,2,0,-31.0,0.0,0
93.900,2,0,-31.0,0.0,0
93.900,2,0,-31.0,0.0,0
93.900,2,0,-31.0,0.0,0
93.900,2,0,-31.0,0.0,0
93.900,2,0,-31.0,0.0,0
93.900,2,0,-31.0,0.0,0
94.000,2,0,-31.0,0.0,0
94.000,2,0,-31.0,0.0,0
94.000,2,0,-31.0,0.0,0
94.000,2,0,-31.0,0.0,0
94.000,2,0,-31.0,0.0,0
94.000,2,0,-31.0,0.0,0
94.000,2,0,-31.0,0.0,0
94.000,2,0,-31.0,0.0,0
94.000,2,0,-31.0,0.0,0
94.000,2,0,-31.0,0.0,0
94.000,2,0,-31.0,0.0,0
94.100,2,0,-31.0,0.0,0
94.100,2,0,-31.0,0.0,0
94.100,2,0,-31.0,0.0,0
94.100,2,0,-31.0,0.0,0
94.100,2,0,-31.0,0.0,0
94.100,2,0,-31.0,0.0,0
94.100,2,0,-31.0,0.0,0
94.100,2,0,-31.0,0.0,0
94.100,2,0,-31.0,0.0,0
94.100,2,0,-31.0,0.0,0
94.200,2,0,-31.0,0.0,0
94.200,2,0,-31.0,0.0,0
94.200,2,0,-31.0,0.0,0
94.200,2,0,-31.0,0.0,0
94.200,2,0,-31.0,0.0,0
94.200,2,0,-31.0,0.0,0
94.200,2,0,-31.0,0.0,0
94.200,2,0,-31.0,0.0,0
94.200,2,0,-31.0,0.0,0
94.200,2,0,-31.0,0.0,0
94.200,2,0,-31.0,0.0,0
94.300,2,0,-31.0,0.0,0
94.300,2,0,-31.0,0.0,0
94.300,2,0,-31.0,0.0,0
94.300,2,0,-31.0,0.0,0
94.300,2,0,-31.0,0.0,0
94.300,2,0,-31.0,0.0,0
94.300,2,0,-31.0,0.0,0
94.300,2,0,-31.0,0.0,0
94.300,2,0,-31.0,0.0,0
94.300,2,0,-31.0,0.0,0
94.300,2,0,-31.0,0.0,0
94.400,2,0,-31.0,0.0,0
94.400,2,0,-31.0,0.0,0
94.400,2,0,-31.0,0.0,0
94.400,2,0,-31.0,0.0,0
94.400,2,0,-31.0,0.0,0
94.400,2,0,-31.0,0.0,0
94.400,2,0,-31.0,0.0,0
94.400,2,0,-31.0,0.0,0
94.400,2,0,-31.0,0.0,0
94.400,2,0,-31.0,0.0,0
94.500,2,0,-31.0,0.0,0
94.500,2,0,-31.0,0.0,0
94.500,2,0,-31.0,0.0,0
94.500,2,0,-31.0,0.0,0
94.500,2,0,-31.0,0.0,0
94.500,2,0,-31.0,0.0,0
94.500,2,0,-31.0,0.0,0
94.500,2,0,-31.0,0.0,0
94.500,2,0,-31.0,0.0,0
94.500,2,0,-31.0,0.0,0
94.500,2,0,-31.0,0.0,0
94.600,2,0,-31.0,0.0,0
94.600,2,0,-31.0,0.0,0
94.600,2,0,-31.0,0.0,0
94.600,2,0,-31.0,0.0,0
94.600,2,0,-31.0,0.0,0
94.600,2,0,-31.0,0.0,0
94.600,2,0,-31.0,0.0,0
94.600,2,0,-31.0,0.0,0
94.600,2,0,-31.0,0.0,0
94.600,2,0,-31.0,0.0,0
94.600,2,0,-31.0,0.0,0
94.700,2,0,-31.0,0.0,0
94.700,2,0,-31.0,0.0,0
94.700,2,0,-31.0,0.0,0
94.700,2,0,-31.0,0.0,0
94.700,2,0,-31.0,0.0,0
94.700,2,0,-31.0,0.0,0
94.700,2,0,-31.0,0.0,0
94.700,2,0,-31.0,0.0,0
94.700,2,0,-31.0,0.0,0
94.700,2,0,-31.0,0.0,0
94.800,2,0,-31.0,0.0,0
94.800,2,0,-31.0,0.0,0
94.800,2,0,-31.0,0.0,0
94.800,2,0,-31.0,0.0,0
94.800,2,0,-31.0,0.0,0
94.800,2,0,-31.0,0.0,0
94.800,2,0,-31.0,0.0,0
94.800,2,0,-31.0,0.0,0
94.800,2,0,-31.0,0.0,0
94.800,2,0,-31.0,0.0,0
94.800,2,0,-31.0,0.0,0
94.900,2,0,-31.0,0.0,0
94.900,2,0,-31.0,0.0,0
94.900,2,0,-31.0,0.0,0
94.900,2,0,-31.0,0.0,0
94.900,2,0,-31.0,0.0,0
94.900,2,0,-31.0,0.0,0
94.900,2,0,-31.0,0.0,0
94.900,2,0,-31.0,0.0,0
94.900,2,0,-31.0,0.0,0
94.900,2,0,-31.0,0.0,0
94.900,2,0,-31.0,0.0,0
95.000,2,0,-31.0,0.0,0
95.000,2,0,-31.0,0.0,0
95.000,2,0,-31.0,0.0,0
95.000,2,0,-31.0,0.0,0
95.000,2,0,-31.0,0.0,0
95.000,2,0,-31.0,0.0,0
95.000,2,0,-31.0,0.0,0
95.000,2,0,-31.0,0.0,0
95.000,2,0,-31.0,0.0,0
95.000,2,0,-31.0,0.0,0
95.000,2,0,-31.0,0.0,0
95.100,2,0,-31.0,0.0,0
95.100,2,0,-31.0,0.0,0
95.100,2,0,-31.0,0.0,0
95.100,2,0,-31.0,0.0,0
95.100,2,0,-31.0,0.0,0
95.100,2,0,-31.0,0.0,0
95.100,2,0,-31.0,0.0,0
95.100,2,0,-31.0,0.0,0
95.100,2,0,-31.0,0.0,0
95.100,2,0,-31.0,0.0,0
95.200,2,0,-31.0,0.0,0
95.200,2,0,-31.0,0.0,0
95.200,2,0,-31.0,0.0,0
95.200,2,0,-31.0,0.0,0
95.200,2,0,-31.0,0.0,0
95.200,2,0,-31.0,0.0,0
95.200,2,0,-31.0,0.0,0
95.200,2,0,-31.0,0.0,0
95.200,2,0,-31.0,0.0,0
95.200,2,0,-31.0,0.0,0
95.200,2,0,-31.0,0.0,0
95.300,2,0,-31.0,0.0,0
95.300,2,0,-31.0,0.0,0
95.300,2,0,-31.0,0.0,0
95.300,2,0,-31.0,0.0,0
95.300,2,0,-31.0,0.0,0
95.300,2,0,-31.0,0.0,0
95.300,2,0,-31.0,0.0,0
95.300,2,0,-31.0,0.0,0
95.300,2,0,-31.0,0.0,0
95.300,2,0,-31.0,0.0,0
95.300,2,0,-31.0,0.0,0
95.400,2,0,-31.0,0.0,0
95.400,2,0,-31.0,0.0,0
95.400,2,0,-31.0,0.0,0
95.400,2,0,-31.0,0.0,0
95.400,2,0,-31.0,0.0,0
95.400,2,0,-31.0,0.0,0
95.400,2,0,-31.0,0.0,0
95.400,2,0,-31.0,0.0,0
95.400,2,0,-31.0,0.0,0
95.400,2,0,-31.0,0.0,0
95.500,2,0,-31.0,0.0,0
95.500,2,0,-31.0,0.0,0
95.500,2,0,-31.0,0.0,0
95.500,2,0,-31.0,0.0,0
95.500,2,0,-31.0,0.0,0
95.500,2,0,-31.0,0.0,0
95.500,2,0,-31.0,0.0,0
95.500,2,0,-31.0,0.0,0
95.500,2,0,-31.0,0.0,0
95.500,2,0,-31.0,0.0,0
95.500,2,0,-31.0,0.0,0
95.600,2,0,-31.0,0.0,0
95.600,2,0,-31.0,0.0,0
95.600,2,0,-31.0,0.0,0
95.600,2,0,-31.0,0.0,0
95.600,2,0,-31.0,0.0,0
95.600,2,0,-31.0,0.0,0
95.600,2,0,-31.0,0.0,0
95.600,2,0,-31.0,0.0,0
95.600,2,0,-31.0,0.0,0
95.600,2,0,-31.0,0.0,0
95.600,2,0,-31.0,0.0,0
95.700,2,0,-31.0,0.0,0
95.700,2,0,-31.0,0.0,0
95.700,2,0,-31.0,0.0,0
95.700,2,0,-31.0,0.0,0
95.700,2,0,-31.0,0.0,0
95.700,2,0,-31.0,0.0,0
95.700,2,0,-31.0,0.0,0
95.700,2,0,-31.0,0.0,0
95.700,2,0,-31.0,0.0,0
95.700,2,0,-31.0,0.0,0
95.800,2,0,-31.0,0.0,0
95.800,2,0,-31.0,0.0,0
95.800,2,0,-31.0,0.0,0
95.800,2,0,-31.0,0.0,0
95.800,2,0,-31.0,0.0,0
95.800,2,0,-31.0,0.0,0
95.800,2,0,-31.0,0.0,0
95.800,2,0,-31.0,0.0,0
95.800,2,0,-31.0,0.0,0
95.800,2,0,-31.0,0.0,0
95.800,2,0,-31.0,0.0,0
95.900,2,0,-31.0,0.0,0
95.900,2,0,-31.0,0.0,0
95.900,2,0,-31.0,0.0,0
95.900,2,0,-31.0,0.0,0
95.900,2,0,-31.0,0.0,0
95.900,2,0,-31.0,0.0,0
95.900,2,0,-31.0,0.0,0
95.900,2,0,-31.0,0.0,0
95.900,2,0,-31.0,0.0,0
95.900,2,0,-31.0,0.0,0
95.900,2,0,-31.0,0.0,0
96.000,2,0,-31.0,0.0,0
96.000,2,0,-31.0,0.0,0
96.000,2,0,-31.0,0.0,0
96.000,2,0,-31.0,0.0,0
96.000,2,0,-31.0,0.0,0
96.000,2,0,-31.0,0.0,0
96.000,2,0,-31.0,0.0,0
96.000,2,0,-31.0,0.0,0
96.000,2,0,-31.0,0.0,0
96.000,2,0,-31.0,0.0,0
96.100,2,0,-31.0,0.0,0
96.100,2,0,-31.0,0.0,0
96.100,2,0,-31.0,0.0,0
96.100,2,0,-31.0,0.0,0
96.100,2,0,-31.0,0.0,0
96.100,2,0,-31.0,0.0,0
96.100,2,0,-31.0,0.0,0
96.100,2,0,-31.0,0.0,0
96.100,2,0,-31.0,0.0,0
96.100,2,0,-31.0,0.0,0
96.100,2,0,-31.0,0.0,0
96.200,2,0,-31.0,0.0,0
96.200,2,0,-31.0,0.0,0
96.200,2,0,-31.0,0.0,0
96.200,2,0,-31.0,0.0,0
96.200,2,0,-31.0,0.0,0
96.200,2,0,-31.0,0.0,0
96.200,2,0,-31.0,0.0,0
96.200,2,0,-31.0,0.0,0
96.200,2,0,-31.0,0.0,0
96.200,2,0,-31.0,0.0,0
96.200,2,0,-31.0,0.0,0
96.300,2,0,-31.0,0.0,0
96.300,2,0,-31.0,0.0,0
96.300,2,0,-31.0,0.0,0
96.300,2,0,-31.0,0.0,0
96.300,2,0,-31.0,0.0,0
96.300,2,0,-31.0,0.0,0
96.300,2,0,-31.0,0.0,0
96.300,2,0,-31.0,0.0,0
96.300,2,0,-31.0,0.0,0
96.300,2,0,-31.0,0.0,0
96.300,2,0,-31.0,0.0,0
96.400,2,0,-31.0,0.0,0
96.400,2,0,-31.0,0.0,0
96.400,2,0,-31.0,0.0,0
96.400,2,0,-31.0,0.0,0
96.400,2,0,-31.0,0.0,0
96.400,2,0,-31.0,0.0,0
96.400,2,0,-31.0,0.0,0
96.400,2,0,-31.0,0.0,0
96.400,2,0,-31.0,0.0,0
96.400,2,0,-31.0,0.0,0
96.500,2,0,-31.0,0.0,0
96.500,2,0,-31.0,0.0,0
96.500,2,0,-31.0,0.0,0
96.500,2,0,-31.0,0.0,0
96.500,2,0,-31.0,0.0,0
96.500,2,0,-31.0,0.0,0
96.500,2,0,-31.0,0.0,0
96.500,2,0,-31.0,0.0,0
96.500,2,0,-31.0,0.0,0
96.500,2,0,-31.0,0.0,0
96.500,2,0,-31.0,0.0,0
96.600,2,0,-31.0,0.0,0
96.600,2,0,-31.0,0.0,0
96.600,2,0,-31.0,0.0,0
96.600,2,0,-31.0,0.0,0
96.600,2,0,-31.0,0.0,0
96.600,2,0,-31.0,0.0,0
96.600,2,0,-31.0,0.0,0
96.600,2,0,-31.0,0.0,0
96.600,2,0,-31.0,0.0,0
96.600,2,0,-31.0,0.0,0
96.600,2,0,-31.0,0.0,0
96.700,2,0,-31.0,0.0,0
96.700,2,0,-31.0,0.0,0
96.700,2,0,-31.0,0.0,0
96.700,2,0,-31.0,0.0,0
96.700,2,0,-31.0,0.0,0
96.700,2,0,-31.0,0.0,0
96.700,2,0,-31.0,0.0,0
96.700,2,0,-31.0,0.0,0
96.700,2,0,-31.0,0.0,0
96.700,2,0,-31.0,0.0,0
96.800,2,0,-31.0,0.0,0
96.800,2,0,-31.0,0.0,0
96.800,2,0,-31.0,0.0,0
96.800,2,0,-31.0,0.0,0
96.800,2,0,-31.0,0.0,0
96.800,2,0,-31.0,0.0,0
96.800,2,0,-31.0,0.0,0
96.800,2,0,-31.0,0.0,0
96.800,2,0,-31.0,0.0,0
96.800,2,0,-31.0,0.0,0
96.800,2,0,-31.0,0.0,0
96.900,2,0,-31.0,0.0,0
96.900,2,0,-31.0,0.0,0
96.900,2,0,-31.0,0.0,0
96.900,2,0,-31.0,0.0,0
96.900,2,0,-31.0,0.0,0
96.900,2,0,-31.0,0.0,0
96.900,2,0,-31.0,0.0,0
96.900,2,0,-31.0,0.0,0
96.900,2,0,-31.0,0.0,0
96.900,2,0,-31.0,0.0,0
96.900,2,0,-31.0,0.0,0
97.000,2,0,-31.0,0.0,0
97.000,2,0,-31.0,0.0,0
97.000,2,0,-31.0,0.0,0
97.000,2,0,-31.0,0.0,0
97.000,2,0,-31.0,0.0,0
97.000,2,0,-31.0,0.0,0
97.000,2,0,-31.0,0.0,0
97.000,2,0,-31.0,0.0,0
97.000,2,0,-31.0,0.0,0
97.000,2,0,-31.0,0.0,0
97.000,2,0,-31.0,0.0,0
97.100,2,0,-31.0,0.0,0
97.100,2,0,-31.0,0.0,0
97.100,2,0,-31.0,0.0,0
97.100,2,0,-31.0,0.0,0
97.100,2,0,-31.0,0.0,0
97.100,2,0,-31.0,0.0,0
97.100,2,0,-31.0,0.0,0
97.100,2,0,-31.0,0.0,0
97.100,2,0,-31.0,0.0,0
97.100,2,0,-31.0,0.0,0
97.200,2,0,-31.0,0.0,0
97.200,2,0,-31.0,0.0,0
97.200,2,0,-31.0,0.0,0
97.200,2,0,-31.0,0.0,0
97.200,2,0,-31.0,0.0,0
97.200,2,0,-31.0,0.0,0
97.200,2,0,-31.0,0.0,0
97.200,2,0,-31.0,0.0,0
97.200,2,0,-31.0,0.0,0
97.200,2,0,-31.0,0.0,0
97.200,2,0,-31.0,0.0,0
97.300,2,0,-31.0,0.0,0
97.300,2,0,-31.0,0.0,0
97.300,2,0,-31.0,0.0,0
97.300,2,0,-31.0,0.0,0
97.300,2,0,-31.0,0.0,0
97.300,2,0,-31.0,0.0,0
97.300,2,0,-31.0,0.0,0
97.300,2,0,-31.0,0.0,0
97.300,2,0,-31.0,0.0,0
97.300,2,0,-31.0,0.0,0
97.300,2,0,-31.0,0.0,0
97.400,2,0,-31.0,0.0,0
97.400,2,0,-31.0,0.0,0
97.400,2,0,-31.0,0.0,0
97.400,2,0,-31.0,0.0,0
97.400,2,0,-31.0,0.0,0
97.400,2,0,-31.0,0.0,0
97.400,2,0,-31.0,0.0,0
97.400,2,0,-31.0,0.0,0
97.400,2,0,-31.0,0.0,0
97.400,2,0,-31.0,0.0,0
97.500,2,0,-31.0,0.0,0
97.500,2,0,-31.0,0.0,0
97.500,2,0,-31.0,0.0,0
97.500,2,0,-31.0,0.0,0
97.500,2,0,-31.0,0.0,0
97.500,2,0,-31.0,0.0,0
97.500,2,0,-31.0,0.0,0
97.500,2,0,-31.0,0.0,0
97.500,2,0,-31.0,0.0,0
97.500,2,0,-31.0,0.0,0
97.500,2,0,-31.0,0.0,0
97.600,2,0,-31.0,0.0,0
97.600,2,0,-31.0,0.0,0
97.600,2,0,-31.0,0.0,0
97.600,2,0,-31.0,0.0,0
97.600,2,0,-31.0,0.0,0
97.600,2,0,-31.0,0.0,0
97.600,2,0,-31.0,0.0,0
97.600,2,0,-31.0,0.0,0
97.600,2,0,-31.0,0.0,0
97.600,2,0,-31.0,0.0,0
97.600,2,0,-31.0,0.0,0
97.700,2,0,-31.0,0.0,0
97.700,2,0,-31.0,0.0,0
97.700,2,0,-31.0,0.0,0
97.700,2,0,-31.0,0.0,0
97.700,2,0,-31.0,0.0,0
97.700,2,0,-31.0,0.0,0
97.700,2,0,-31.0,0.0,0
97.700,2,0,-31.0,0.0,0
97.700,2,0,-31.0,0.0,0
97.700,2,0,-31.0,0.0,0
97.800,2,0,-31.0,0.0,0
97.800,2,0,-31.0,0.0,0
97.800,2,0,-31.0,0.0,0
97.800,2,0,-31.0,0.0,0
97.800,2,0,-31.0,0.0,0
97.800,2,0,-31.0,0.0,0
97.800,2,0,-31.0,0.0,0
97.800,2,0,-31.0,0.0,0
97.800,2,0,-31.0,0.0,0
97.800,2,0,-31.0,0.0,0
97.800,2,0,-31.0,0.0,0
97.900,2,0,-31.0,0.0,0
97.900,2,0,-31.0,0.0,0
97.900,2,0,-31.0,0.0,0
97.900,2,0,-31.0,0.0,0
97.900,2,0,-31.0,0.0,0
97.900,2,0,-31.0,0.0,0
97.900,2,0,-31.0,0.0,0
97.900,2,0,-31.0,0.0,0
97.900,2,0,-31.0,0.0,0
97.900,2,0,-31.0,0.0,0
97.900,2,0,-31.0,0.0,0
98.000,2,0,-31.0,0.0,0
98.000,2,0,-31.0,0.0,0
98.000,2,0,-31.0,0.0,0
98.000,2,0,-31.0,0.0,0
98.000,2,0,-31.0,0.0,0
98.000,2,0,-31.0,0.0,0
98.000,2,0,-31.0,0.0,0
98.000,2,0,-31.0,0.0,0
98.000,2,0,-31.0,0.0,0
98.000,2,0,-31.0,0.0,0
98.100,2,0,-31.0,0.0,0
98.100,2,0,-31.0,0.0,0
98.100,2,0,-31.0,0.0,0
98.100,2,0,-31.0,0.0,0
98.100,2,0,-31.0,0.0,0
98.100,2,0,-31.0,0.0,0
98.100,2,0,-31.0,0.0,0
98.100,2,0,-31.0,0.0,0
98.100,2,0,-31.0,0.0,0
98.100,2,0,-31.0,0.0,0
98.100,2,0,-31.0,0.0,0
98.200,2,0,-31.0,0.0,0
98.200,2,0,-31.0,0.0,0
98.200,2,0,-31.0,0.0,0
98.200,2,0,-31.0,0.0,0
98.200,2,0,-31.0,0.0,0
98.200,2,0,-31.0,0.0,0
98.200,2,0,-31.0,0.0,0
98.200,2,0,-31.0,0.0,0
98.200,2,0,-31.0,0.0,0
98.200,2,0,-31.0,0.0,0
98.200,2,0,-31.0,0.0,0
98.300,2,0,-31.0,0.0,0
98.300,2,0,-31.0,0.0,0
98.300,2,0,-31.0,0.0,0
98.300,2,0,-31.0,0.0,0
98.300,2,0,-31.0,0.0,0
98.300,2,0,-31.0,0.0,0
98.300,2,0,-31.0,0.0,0
98.300,2,0,-31.0,0.0,0
98.300,2,0,-31.0,0.0,0
98.300,2,0,-31.0,0.0,0
98.300,2,0,-31.0,0.0,0
98.400,2,0,-31.0,0.0,0
98.400,2,0,-31.0,0.0,0
98.400,2,0,-31.0,0.0,0
98.400,2,0,-31.0,0.0,0
98.400,2,0,-31.0,0.0,0
98.400,2,0,-31.0,0.0,0
98.400,2,0,-31.0,0.0,0
98.400,2,0,-31.0,0.0,0
98.400,2,0,-31.0,0.0,0
98.400,2,0,-31.0,0.0,0
98.500,2,0,-31.0,0.0,0
98.500,2,0,-31.0,0.0,0
98.500,2,0,-31.0,0.0,0
98.500,2,0,-31.0,0.0,0
98.500,2,0,-31.0,0.0,0
98.500,2,0,-31.0,0.0,0
98.500,2,0,-31.0,0.0,0
98.500,2,0,-31.0,0.0,0
98.500,2,0,-31.0,0.0,0
98.500,2,0,-31.0,0.0,0
98.500,2,0,-31.0,0.0,0
98.600,2,0,-31.0,0.0,0
98.600,2,0,-31.0,0.0,0
98.600,2,0,-31.0,0.0,0
98.600,2,0,-31.0,0.0,0
98.600,2,0,-31.0,0.0,0
98.600,2,0,-31.0,0.0,0
98.600,2,0,-31.0,0.0,0
98.600,2,0,-31.0,0.0,0
98.600,2,0,-31.0,0.0,0
98.600,2,0,-31.0,0.0,0
98.600,2,0,-31.0,0.0,0
98.700,2,0,-31.0,0.0,0
98.700,2,0,-31.0,0.0,0
98.700,2,0,-31.0,0.0,0
98.700,2,0,-31.0,0.0,0
98.700,2,0,-31.0,0.0,0
98.700,2,0,-31.0,0.0,0
98.700,2,0,-31.0,0.0,0
98.700,2,0,-31.0,0.0,0
98.700,2,0,-31.0,0.0,0
98.700,2,0,-31.0,0.0,0
98.800,2,0,-31.0,0.0,0
98.800,2,0,-31.0,0.0,0
98.800,2,0,-31.0,0.0,0
98.800,2,0,-31.0,0.0,0
98.800,2,0,-31.0,0.0,0
98.800,2,0,-31.0,0.0,0
98.800,2,0,-31.0,0.0,0
98.800,2,0,-31.0,0.0,0
98.800,2,0,-31.0,0.0,0
98.800,2,0,-31.0,0.0,0
98.800,2,0,-31.0,0.0,0
98.900,2,0,-31.0,0.0,0
98.900,2,0,-31.0,0.0,0
98.900,2,0,-31.0,0.0,0
98.900,2,0,-31.0,0.0,0
98.900,2,0,-31.0,0.0,0
98.900,2,0,-31.0,0.0,0
98.900,2,0,-31.0,0.0,0
98.900,2,0,-31.0,0.0,0
98.900,2,0,-31.0,0.0,0
98.900,2,0,-31.0,0.0,0
98.900,2,0,-31.0,0.0,0
99.000,2,0,-31.0,0.0,0
99.000,2,0,-31.0,0.0,0
99.000,2,0,-31.0,0.0,0
99.000,2,0,-31.0,0.0,0
99.000,2,0,-31.0,0.0,0
99.000,2,0,-31.0,0.0,0
99.000,2,0,-31.0,0.0,0
99.000,2,0,-31.0,0.0,0
99.000,2,0,-31.0,0.0,0
99.000,2,0,-31.0,0.0,0
99.100,2,0,-31.0,0.0,0
99.100,2,0,-31.0,0.0,0
99.100,2,0,-31.0,0.0,0
99.100,2,0,-31.0,0.0,0
99.100,2,0,-31.0,0.0,0
99.100,2,0,-31.0,0.0,0
99.100,2,0,-31.0,0.0,0
99.100,2,0,-31.0,0.0,0
99.100,2,0,-31.0,0.0,0
99.100,2,0,-31.0,0.0,0
99.100,2,0,-31.0,0.0,0
99.200,2,0,-31.0,0.0,0
99.200,2,0,-31.0,0.0,0
99.200,2,0,-31.0,0.0,0
99.200,2,0,-31.0,0.0,0
99.200,2,0,-31.0,0.0,0
99.200,2,0,-31.0,0.0,0
99.200,2,0,-31.0,0.0,0
99.200,2,0,-31.0,0.0,0
99.200,2,0,-31.0,0.0,0
99.200,2,0,-31.0,0.0,0
99.200,2,0,-31.0,0.0,0
99.300,2,0,-31.0,0.0,0
99.300,2,0,-31.0,0.0,0
99.300,2,0,-31.0,0.0,0
99.300,2,0,-31.0,0.0,0
99.300,2,0,-31.0,0.0,0
99.300,2,0,-31.0,0.0,0
99.300,2,0,-31.0,0.0,0
99.300,2,0,-31.0,0.0,0
99.300,2,0,-31.0,0.0,0
99.300,2,0,-31.0,0.0,0
99.400,0,0,0.0,0.0,1
99.400,0,0,0.0,0.0,1
99.400,0,0,0.0,0.0,1
99.400,0,0,0.0,0.0,1
99.400,0,0,0.0,0.0,1
99.400,0,0,0.0,0.0,1
99.400,0,0,0.0,0.0,1
99.400,0,0,0.0,0.0,1
99.400,0,0,0.0,0.0,1
99.400,0,0,0.0,0.0,1
99.400,0,0,0.0,0.0,1
99.500,0,0,0.0,0.0,1
99.500,0,0,0.0,0.0,1
99.500,0,0,0.0,0.0,1
99.500,0,0,0.0,0.0,1
99.500,0,0,0.0,0.0,1
99.500,0,0,0.0,0.0,1
99.500,0,0,0.0,0.0,1
99.500,0,0,0.0,0.0,1
99.500,0,0,0.0,0.0,1
99.500,0,0,0.0,0.0,1
99.500,0,0,0.0,0.0,1
99.600,0,0,0.0,0.0,1
99.600,0,0,0.0,0.0,1
99.600,0,0,0.0,0.0,1
99.600,0,0,0.0,0.0,1
99.600,0,0,0.0,0.0,1
99.600,0,0,0.0,0.0,1
99.600,0,0,0.0,0.0,1
99.600,0,0,0.0,0.0,1
99.600,0,0,0.0,0.0,1
99.600,0,0,0.0,0.0,1
99.700,0,0,0.0,0.0,1
99.700,0,0,0.0,0.0,1
99.700,0,0,0.0,0.0,1
99.700,0,0,0.0,0.0,1
99.700,0,0,0.0,0.0,1
99.700,0,0,0.0,0.0,1
99.700,0,0,0.0,0.0,1
99.700,0,0,0.0,0.0,1
99.700,0,0,0.0,0.0,1
99.700,0,0,0.0,0.0,1
99.700,0,0,0.0,0.0,1
99.800,0,0,0.0,0.0,1
99.800,0,0,0.0,0.0,1
99.800,0,0,0.0,0.0,1
99.800,0,0,0.0,0.0,1
99.800,0,0,0.0,0.0,1
99.800,0,0,0.0,0.0,1
99.800,0,0,0.0,0.0,1
99.800,0,0,0.0,0.0,1
99.800,0,0,0.0,0.0,1
99.800,0,0,0.0,0.0,1
99.800,0,0,0.0,0.0,1
99.900,0,0,0.0,0.0,1
99.900,0,0,0.0,0.0,1
99.900,0,0,0.0,0.0,1
99.900,0,0,0.0,0.0,1
99.900,0,0,0.0,0.0,1
99.900,0,0,0.0,0.0,1
99.900,0,0,0.0,0.0,1
99.900,0,0,0.0,0.0,1
99.900,0,0,0.0,0.0,1
99.900,0,0,0.0,0.0,1
99.900,0,0,0.0,0.0,1
100.000,0,0,0.0,0.0,1
100.000,0,0,0.0,0.0,1
100.000,0,0,0.0,0.0,1
100.000,0,0,0.0,0.0,1
100.000,0,0,0.0,0.0,1
100.000,0,0,0.0,0.0,1
100.000,0,0,0.0,0.0,1
100.000,0,0,0.0,0.0,1
100.000,0,0,0.0,0.0,1
100.000,0,0,0.0,0.0,1
100.100,0,0,0.0,0.0,1
100.100,0,0,0.0,0.0,1
100.100,0,0,0.0,0.0,1
100.100,0,0,0.0,0.0,1
100.100,0,0,0.0,0.0,1
100.100,0,0,0.0,0.0,1
100.100,0,0,0.0,0.0,1
100.100,0,0,0.0,0.0,1
100.100,0,0,0.0,0.0,1
100.100,0,0,0.0,0.0,1
100.100,0,0,0.0,0.0,1
100.200,0,0,0.0,0.0,1
100.200,0,0,0.0,0.0,1
100.200,0,0,0.0,0.0,1
100.200,0,0,0.0,0.0,1
100.200,0,0,0.0,0.0,1
100.200,0,0,0.0,0.0,1
100.200,0,0,0.0,0.0,1
100.200,0,0,0.0,0.0,1
100.200,0,0,0.0,0.0,1
100.200,0,0,0.0,0.0,1
100.200,0,0,0.0,0.0,1
100.300,0,0,0.0,0.0,1
100.300,0,0,0.0,0.0,1
100.300,0,0,0.0,0.0,1
100.300,0,0,0.0,0.0,1
100.300,0,0,0.0,0.0,1
100.300,0,0,0.0,0.0,1
100.300,0,0,0.0,0.0,1
100.300,0,0,0.0,0.0,1
100.300,0,0,0.0,0.0,1
100.300,0,0,0.0,0.0,1
100.400,0,0,0.0,0.0,1
100.400,0,0,0.0,0.0,1
100.400,0,0,0.0,0.0,1
100.400,0,0,0.0,0.0,1
100.400,0,0,0.0,0.0,1
100.400,0,0,0.0,0.0,1
100.400,0,0,0.0,0.0,1
100.400,0,0,0.0,0.0,1
100.400,0,0,0.0,0.0,1
100.400,0,0,0.0,0.0,1
100.400,0,0,0.0,0.0,1
100.500,0,0,0.0,0.0,1
100.500,0,0,0.0,0.0,1
100.500,0,0,0.0,0.0,1
100.500,0,0,0.0,0.0,1
100.500,0,0,0.0,0.0,1
100.500,0,0,0.0,0.0,1
100.500,0,0,0.0,0.0,1
100.500,0,0,0.0,0.0,1
100.500,0,0,0.0,0.0,1
100.500,0,0,0.0,0.0,1
100.500,0,0,0.0,0.0,1
100.600,0,0,0.0,0.0,1
100.600,0,0,0.0,0.0,1
100.600,0,0,0.0,0.0,1
100.600,0,0,0.0,0.0,1
100.600,0,0,0.0,0.0,1
100.600,0,0,0.0,0.0,1
100.600,0,0,0.0,0.0,1
100.600,0,0,0.0,0.0,1
100.600,0,0,0.0,0.0,1
100.600,0,0,0.0,0.0,1
100.700,0,0,0.0,0.0,1
100.700,0,0,0.0,0.0,1
100.700,0,0,0.0,0.0,1
100.700,0,0,0.0,0.0,1
100.700,0,0,0.0,0.0,1
100.700,0,0,0.0,0.0,1
100.700,0,0,0.0,0.0,1
100.700,0,0,0.0,0.0,1
100.700,0,0,0.0,0.0,1
100.700,0,0,0.0,0.0,1
100.700,0,0,0.0,0.0,1
100.800,0,0,0.0,0.0,1
100.800,0,0,0.0,0.0,1
100.800,0,0,0.0,0.0,1
100.800,0,0,0.0,0.0,1
100.800,0,0,0.0,0.0,1
100.800,0,0,0.0,0.0,1
100.800,0,0,0.0,0.0,1
100.800,0,0,0.0,0.0,1
100.800,0,0,0.0,0.0,1
100.800,0,0,0.0,0.0,1
100.800,0,0,0.0,0.0,1
100.900,0,0,0.0,0.0,1
100.900,0,0,0.0,0.0,1
100.900,0,0,0.0,0.0,1
100.900,0,0,0.0,0.0,1
100.900,0,0,0.0,0.0,1
100.900,0,0,0.0,0.0,1
100.900,0,0,0.0,0.0,1
100.900,0,0,0.0,0.0,1
100.900,0,0,0.0,0.0,1
100.900,0,0,0.0,0.0,1
100.900,0,0,0.0,0.0,1
101.000,0,0,0.0,0.0,1
101.000,0,0,0.0,0.0,1
101.000,0,0,0.0,0.0,1
101.000,0,0,0.0,0.0,1
101.000,0,0,0.0,0.0,1
101.000,0,0,0.0,0.0,1
101.000,0,0,0.0,0.0,1
101.000,0,0,0.0,0.0,1
101.000,0,0,0.0,0.0,1
101.000,0,0,0.0,0.0,1
101.100,0,0,0.0,0.0,1
101.100,0,0,0.0,0.0,1
101.100,0,0,0.0,0.0,1
101.100,0,0,0.0,0.0,1
101.100,0,0,0.0,0.0,1
101.100,0,0,0.0,0.0,1
101.100,0,0,0.0,0.0,1
101.100,0,0,0.0,0.0,1
101.100,0,0,0.0,0.0,1
101.100,0,0,0.0,0.0,1
101.100,0,0,0.0,0.0,1
101.200,0,0,0.0,0.0,1
101.200,0,0,0.0,0.0,1
101.200,0,0,0.0,0.0,1
101.200,0,0,0.0,0.0,1
101.200,0,0,0.0,0.0,1
101.200,0,0,0.0,0.0,1
101.200,0,0,0.0,0.0,1
101.200,0,0,0.0,0.0,1
101.200,0,0,0.0,0.0,1
101.200,0,0,0.0,0.0,1
101.200,0,0,0.0,0.0,1
101.300,0,0,0.0,0.0,1
101.300,0,0,0.0,0.0,1
101.300,0,0,0.0,0.0,1
101.300,0,0,0.0,0.0,1
101.300,0,0,0.0,0.0,1
101.300,0,0,0.0,0.0,1
101.300,0,0,0.0,0.0,1
101.300,0,0,0.0,0.0,1
101.300,0,0,0.0,0.0,1
101.300,0,0,0.0,0.0,1
101.400,0,0,0.0,0.0,1
101.400,0,0,0.0,0.0,1
101.400,0,0,0.0,0.0,1
101.400,0,0,0.0,0.0,1
101.400,0,0,0.0,0.0,1
101.400,0,0,0.0,0.0,1
101.400,0,0,0.0,0.0,1
101.400,0,0,0.0,0.0,1
101.400,0,0,0.0,0.0,1
101.400,0,0,0.0,0.0,1
101.400,0,0,0.0,0.0,1
101.500,0,0,0.0,0.0,1
101.500,0,0,0.0,0.0,1
101.500,0,0,0.0,0.0,1
101.500,0,0,0.0,0.0,1
101.500,0,0,0.0,0.0,1
101.500,0,0,0.0,0.0,1
101.500,0,0,0.0,0.0,1
101.500,0,0,0.0,0.0,1
101.500,0,0,0.0,0.0,1
101.500,0,0,0.0,0.0,1
101.500,0,0,0.0,0.0,1
101.600,0,0,0.0,0.0,1
101.600,0,0,0.0,0.0,1
101.600,0,0,0.0,0.0,1
101.600,0,0,0.0,0.0,1
101.600,0,0,0.0,0.0,1
101.600,0,0,0.0,0.0,1
101.600,0,0,0.0,0.0,1
101.600,0,0,0.0,0.0,1
101.600,0,0,0.0,0.0,1
101.600,0,0,0.0,0.0,1
101.700,0,0,0.0,0.0,1
101.700,0,0,0.0,0.0,1
101.700,0,0,0.0,0.0,1
101.700,0,0,0.0,0.0,1
101.700,0,0,0.0,0.0,1
101.700,0,0,0.0,0.0,1
101.700,0,0,0.0,0.0,1
101.700,0,0,0.0,0.0,1
101.700,0,0,0.0,0.0,1
101.700,0,0,0.0,0.0,1
101.700,0,0,0.0,0.0,1
101.800,0,0,0.0,0.0,1
101.800,0,0,0.0,0.0,1
101.800,0,0,0.0,0.0,1
101.800,0,0,0.0,0.0,1
101.800,0,0,0.0,0.0,1
101.800,0,0,0.0,0.0,1
101.800,0,0,0.0,0.0,1
101.800,0,0,0.0,0.0,1
101.800,0,0,0.0,0.0,1
101.800,0,0,0.0,0.0,1
101.800,0,0,0.0,0.0,1
101.900,0,0,0.0,0.0,1
101.900,0,0,0.0,0.0,1
101.900,0,0,0.0,0.0,1
101.900,0,0,0.0,0.0,1
101.900,0,0,0.0,0.0,1
101.900,0,0,0.0,0.0,1
101.900,0,0,0.0,0.0,1
101.900,0,0,0.0,0.0,1
101.900,0,0,0.0,0.0,1
101.900,0,0,0.0,0.0,1
102.000,0,0,0.0,0.0,1
102.000,0,0,0.0,0.0,1
102.000,0,0,0.0,0.0,1
102.000,0,0,0.0,0.0,1
102.000,0,0,0.0,0.0,1
102.000,0,0,0.0,0.0,1
102.000,0,0,0.0,0.0,1
102.000,0,0,0.0,0.0,1
102.000,0,0,0.0,0.0,1
102.000,0,0,0.0,0.0,1
102.000,0,0,0.0,0.0,1
102.100,0,0,0.0,0.0,1
102.100,0,0,0.0,0.0,1
102.100,0,0,0.0,0.0,1
102.100,0,0,0.0,0.0,1
102.100,0,0,0.0,0.0,1
102.100,0,0,0.0,0.0,1
102.100,0,0,0.0,0.0,1
102.100,0,0,0.0,0.0,1
102.100,0,0,0.0,0.0,1
102.100,0,0,0.0,0.0,1
102.100,0,0,0.0,0.0,1
102.200,0,0,0.0,0.0,1
102.200,0,0,0.0,0.0,1
102.200,0,0,0.0,0.0,1
102.200,0,0,0.0,0.0,1
102.200,0,0,0.0,0.0,1
102.200,0,0,0.0,0.0,1
102.200,0,0,0.0,0.0,1
102.200,0,0,0.0,0.0,1
102.200,0,0,0.0,0.0,1
102.200,0,0,0.0,0.0,1
102.300,0,0,0.0,0.0,1
102.300,0,0,0.0,0.0,1
102.300,0,0,0.0,0.0,1
102.300,0,0,0.0,0.0,1
102.300,0,0,0.0,0.0,1
102.300,0,0,0.0,0.0,1
102.300,0,0,0.0,0.0,1
102.300,0,0,0.0,0.0,1
102.300,0,0,0.0,0.0,1
102.300,0,0,0.0,0.0,1
102.300,0,0,0.0,0.0,1
102.400,0,0,0.0,0.0,1
102.400,0,0,0.0,0.0,1
102.400,0,0,0.0,0.0,1
102.400,0,0,0.0,0.0,1
102.400,0,0,0.0,0.0,1
102.400,0,0,0.0,0.0,1
102.400,0,0,0.0,0.0,1
102.400,0,0,0.0,0.0,1
102.400,0,0,0.0,0.0,1
102.400,0,0,0.0,0.0,1
102.400,0,0,0.0,0.0,1
102.500,0,0,0.0,0.0,1
102.500,0,0,0.0,0.0,1
102.500,0,0,0.0,0.0,1
102.500,0,0,0.0,0.0,1
102.500,0,0,0.0,0.0,1
102.500,0,0,0.0,0.0,1
102.500,0,0,0.0,0.0,1
102.500,0,0,0.0,0.0,1
102.500,0,0,0.0,0.0,1
102.500,0,0,0.0,0.0,1
102.500,0,0,0.0,0.0,1
102.600,0,0,0.0,0.0,1
102.600,0,0,0.0,0.0,1
102.600,0,0,0.0,0.0,1
102.600,0,0,0.0,0.0,1
102.600,0,0,0.0,0.0,1
102.600,0,0,0.0,0.0,1
102.600,0,0,0.0,0.0,1
102.600,0,0,0.0,0.0,1
102.600,0,0,0.0,0.0,1
102.600,0,0,0.0,0.0,1
102.700,0,0,0.0,0.0,1
102.700,0,0,0.0,0.0,1
102.700,0,0,0.0,0.0,1
102.700,0,0,0.0,0.0,1
102.700,0,0,0.0,0.0,1
102.700,0,0,0.0,0.0,1
102.700,0,0,0.0,0.0,1
102.700,0,0,0.0,0.0,1
102.700,0,0,0.0,0.0,1
102.700,0,0,0.0,0.0,1
102.700,0,0,0.0,0.0,1
102.800,0,0,0.0,0.0,1
102.800,0,0,0.0,0.0,1
102.800,0,0,0.0,0.0,1
102.800,0,0,0.0,0.0,1
102.800,0,0,0.0,0.0,1
102.800,0,0,0.0,0.0,1
102.800,0,0,0.0,0.0,1
102.800,0,0,0.0,0.0,1
102.800,0,0,0.0,0.0,1
102.800,0,0,0.0,0.0,1
102.800,0,0,0.0,0.0,1
102.900,0,0,0.0,0.0,1
102.900,0,0,0.0,0.0,1
102.900,0,0,0.0,0.0,1
102.900,0,0,0.0,0.0,1
102.900,0,0,0.0,0.0,1
102.900,0,0,0.0,0.0,1
102.900,0,0,0.0,0.0,1
102.900,0,0,0.0,0.0,1
102.900,0,0,0.0,0.0,1
102.900,0,0,0.0,0.0,1
103.000,0,0,0.0,0.0,1
103.000,0,0,0.0,0.0,1
103.000,0,0,0.0,0.0,1
103.000,0,0,0.0,0.0,1
103.000,0,0,0.0,0.0,1
103.000,0,0,0.0,0.0,1
103.000,0,0,0.0,0.0,1
103.000,0,0,0.0,0.0,1
103.000,0,0,0.0,0.0,1
103.000,0,0,0.0,0.0,1
103.000,0,0,0.0,0.0,1
103.100,0,0,0.0,0.0,1
103.100,0,0,0.0,0.0,1
103.100,0,0,0.0,0.0,1
103.100,0,0,0.0,0.0,1
103.100,0,0,0.0,0.0,1
103.100,0,0,0.0,0.0,1
103.100,0,0,0.0,0.0,1
103.100,0,0,0.0,0.0,1
103.100,0,0,0.0,0.0,1
103.100,0,0,0.0,0.0,1
103.100,0,0,0.0,0.0,1
103.200,0,0,0.0,0.0,1
103.200,0,0,0.0,0.0,1
103.200,0,0,0.0,0.0,1
103.200,0,0,0.0,0.0,1
103.200,0,0,0.0,0.0,1
103.200,0,0,0.0,0.0,1
103.200,0,0,0.0,0.0,1
103.200,0,0,0.0,0.0,1
103.200,0,0,0.0,0.0,1
103.200,0,0,0.0,0.0,1
103.300,0,0,0.0,0.0,1
103.300,0,0,0.0,0.0,1
103.300,0,0,0.0,0.0,1
103.300,0,0,0.0,0.0,1
103.300,0,0,0.0,0.0,1
103.300,0,0,0.0,0.0,1
103.300,0,0,0.0,0.0,1
103.300,0,0,0.0,0.0,1
103.300,0,0,0.0,0.0,1
103.300,0,0,0.0,0.0,1
103.300,0,0,0.0,0.0,1
103.400,0,0,0.0,0.0,1
103.400,0,0,0.0,0.0,1
103.400,0,0,0.0,0.0,1
103.400,0,0,0.0,0.0,1
103.400,0,0,0.0,0.0,1
103.400,0,0,0.0,0.0,1
103.400,0,0,0.0,0.0,1
103.400,0,0,0.0,0.0,1
103.400,0,0,0.0,0.0,1
103.400,0,0,0.0,0.0,1
103.400,0,0,0.0,0.0,1
103.500,0,0,0.0,0.0,1
103.500,0,0,0.0,0.0,1
103.500,0,0,0.0,0.0,1
103.500,0,0,0.0,0.0,1
103.500,0,0,0.0,0.0,1
103.500,0,0,0.0,0.0,1
103.500,0,0,0.0,0.0,1
103.500,0,0,0.0,0.0,1
103.500,0,0,0.0,0.0,1
103.500,0,0,0.0,0.0,1
103.500,0,0,0.0,0.0,1
103.600,0,0,0.0,0.0,1
103.600,0,0,0.0,0.0,1
103.600,0,0,0.0,0.0,1
103.600,0,0,0.0,0.0,1
103.600,0,0,0.0,0.0,1
103.600,0,0,0.0,0.0,1
103.600,0,0,0.0,0.0,1
103.600,0,0,0.0,0.0,1
103.600,0,0,0.0,0.0,1
103.600,0,0,0.0,0.0,1
103.700,0,0,0.0,0.0,1
103.700,0,0,0.0,0.0,1
103.700,0,0,0.0,0.0,1
103.700,0,0,0.0,0.0,1
103.700,0,0,0.0,0.0,1
103.700,0,0,0.0,0.0,1
103.700,0,0,0.0,0.0,1
103.700,0,0,0.0,0.0,1
103.700,0,0,0.0,0.0,1
103.700,0,0,0.0,0.0,1
103.700,0,0,0.0,0.0,1
103.800,0,0,0.0,0.0,1
103.800,0,0,0.0,0.0,1
103.800,0,0,0.0,0.0,1
103.800,0,0,0.0,0.0,1
103.800,0,0,0.0,0.0,1
103.800,0,0,0.0,0.0,1
103.800,0,0,0.0,0.0,1
103.800,0,0,0.0,0.0,1
103.800,0,0,0.0,0.0,1
103.800,0,0,0.0,0.0,1
103.800,0,0,0.0,0.0,1
103.900,0,0,0.0,0.0,1
103.900,0,0,0.0,0.0,1
103.900,0,0,0.0,0.0,1
103.900,0,0,0.0,0.0,1
103.900,0,0,0.0,0.0,1
103.900,0,0,0.0,0.0,1
103.900,0,0,0.0,0.0,1
103.900,0,0,0.0,0.0,1
103.900,0,0,0.0,0.0,1
103.900,0,0,0.0,0.0,1
104.000,0,0,0.0,0.0,1
104.000,0,0,0.0,0.0,1
104.000,0,0,0.0,0.0,1
104.000,0,0,0.0,0.0,1
104.000,0,0,0.0,0.0,1
104.000,0,0,0.0,0.0,1
104.000,0,0,0.0,0.0,1
104.000,0,0,0.0,0.0,1
104.000,0,0,0.0,0.0,1
104.000,0,0,0.0,0.0,1
104.000,0,0,0.0,0.0,1
104.100,0,0,0.0,0.0,1
104.100,0,0,0.0,0.0,1
104.100,0,0,0.0,0.0,1
104.100,0,0,0.0,0.0,1
104.100,0,0,0.0,0.0,1
104.100,0,0,0.0,0.0,1
104.100,0,0,0.0,0.0,1
104.100,0,0,0.0,0.0,1
104.100,0,0,0.0,0.0,1
104.100,0,0,0.0,0.0,1
104.100,0,0,0.0,0.0,1
104.200,0,0,0.0,0.0,1
104.200,0,0,0.0,0.0,1
104.200,0,0,0.0,0.0,1
104.200,0,0,0.0,0.0,1
104.200,0,0,0.0,0.0,1
104.200,0,0,0.0,0.0,1
104.200,0,0,0.0,0.0,1
104.200,0,0,0.0,0.0,1
104.200,0,0,0.0,0.0,1
104.200,0,0,0.0,0.0,1
104.300,0,0,0.0,0.0,1
104.300,0,0,0.0,0.0,1
104.300,0,0,0.0,0.0,1
104.300,0,0,0.0,0.0,1
104.300,0,0,0.0,0.0,1
104.300,0,0,0.0,0.0,1
104.300,0,0,0.0,0.0,1
104.300,0,0,0.0,0.0,1
104.300,0,0,0.0,0.0,1
104.300,0,0,0.0,0.0,1
104.300,0,0,0.0,0.0,1
104.400,0,0,0.0,0.0,1
104.400,0,0,0.0,0.0,1
104.400,0,0,0.0,0.0,1
104.400,0,0,0.0,0.0,1
104.400,0,0,0.0,0.0,1
104.400,0,0,0.0,0.0,1
104.400,0,0,0.0,0.0,1
104.400,0,0,0.0,0.0,1
104.400,0,0,0.0,0.0,1
104.400,0,0,0.0,0.0,1
104.400,0,0,0.0,0.0,1
104.500,0,0,0.0,0.0,1
104.500,0,0,0.0,0.0,1
104.500,0,0,0.0,0.0,1
104.500,0,0,0.0,0.0,1
104.500,0,0,0.0,0.0,1
104.500,0,0,0.0,0.0,1
104.500,0,0,0.0,0.0,1
104.500,0,0,0.0,0.0,1
104.500,0,0,0.0,0.0,1
104.500,0,0,0.0,0.0,1
104.600,0,0,0.0,0.0,1
104.600,0,0,0.0,0.0,1
104.600,0,0,0.0,0.0,1
104.600,0,0,0.0,0.0,1
104.600,0,0,0.0,0.0,1
104.600,0,0,0.0,0.0,1
104.600,0,0,0.0,0.0,1
104.600,0,0,0.0,0.0,1
104.600,0,0,0.0,0.0,1
104.600,0,0,0.0,0.0,1
104.600,0,0,0.0,0.0,1
104.700,0,0,0.0,0.0,1
104.700,0,0,0.0,0.0,1
104.700,0,0,0.0,0.0,1
104.700,0,0,0.0,0.0,1
104.700,0,0,0.0,0.0,1
104.700,0,0,0.0,0.0,1
104.700,0,0,0.0,0.0,1
104.700,0,0,0.0,0.0,1
104.700,0,0,0.0,0.0,1
104.700,0,0,0.0,0.0,1
104.700,0,0,0.0,0.0,1
104.800,0,0,0.0,0.0,1
104.800,0,0,0.0,0.0,1
104.800,0,0,0.0,0.0,1
104.800,0,0,0.0,0.0,1
104.800,0,0,0.0,0.0,1
104.800,0,0,0.0,0.0,1
104.800,0,0,0.0,0.0,1
104.800,0,0,0.0,0.0,1
104.800,0,0,0.0,0.0,1
104.800,0,0,0.0,0.0,1
104.800,0,0,0.0,0.0,1
104.900,0,0,0.0,0.0,1
104.900,0,0,0.0,0.0,1
104.900,0,0,0.0,0.0,1
104.900,0,0,0.0,0.0,1
104.900,0,0,0.0,0.0,1
104.900,0,0,0.0,0.0,1
104.900,0,0,0.0,0.0,1
104.900,0,0,0.0,0.0,1
104.900,0,0,0.0,0.0,1
104.900,0,0,0.0,0.0,1
105.000,0,0,0.0,0.0,1
105.000,0,0,0.0,0.0,1
105.000,0,0,0.0,0.0,1
105.000,0,0,0.0,0.0,1
105.000,0,0,0.0,0.0,1
105.000,0,0,0.0,0.0,1
105.000,0,0,0.0,0.0,1
105.000,0,0,0.0,0.0,1
105.000,0,0,0.0,0.0,1
105.000,0,0,0.0,0.0,1
105.000,0,0,0.0,0.0,1
105.100,0,0,0.0,0.0,1
105.100,0,0,0.0,0.0,1
105.100,0,0,0.0,0.0,1
105.100,0,0,0.0,0.0,1
105.100,0,0,0.0,0.0,1
105.100,0,0,0.0,0.0,1
105.100,0,0,0.0,0.0,1
105.100,0,0,0.0,0.0,1
105.100,0,0,0.0,0.0,1
105.100,0,0,0.0,0.0,1
105.100,0,0,0.0,0.0,1
105.200,0,0,0.0,0.0,1
105.200,0,0,0.0,0.0,1
105.200,0,0,0.0,0.0,1
105.200,0,0,0.0,0.0,1
105.200,0,0,0.0,0.0,1
105.200,0,0,0.0,0.0,1
105.200,0,0,0.0,0.0,1
105.200,0,0,0.0,0.0,1
105.200,0,0,0.0,0.0,1
105.200,0,0,0.0,0.0,1
105.300,0,0,0.0,0.0,1
105.300,0,0,0.0,0.0,1
105.300,0,0,0.0,0.0,1
105.300,0,0,0.0,0.0,1
105.300,0,0,0.0,0.0,1
105.300,0,0,0.0,0.0,1
105.300,0,0,0.0,0.0,1
105.300,0,0,0.0,0.0,1
105.300,0,0,0.0,0.0,1
105.300,0,0,0.0,0.0,1
105.300,0,0,0.0,0.0,1
105.400,0,0,0.0,0.0,1
105.400,0,0,0.0,0.0,1
105.400,0,0,0.0,0.0,1
105.400,0,0,0.0,0.0,1
105.400,0,0,0.0,0.0,1
105.400,0,0,0.0,0.0,1
105.400,0,0,0.0,0.0,1
105.400,0,0,0.0,0.0,1
105.400,0,0,0.0,0.0,1
105.400,0,0,0.0,0.0,1
105.400,0,0,0.0,0.0,1
105.500,0,0,0.0,0.0,1
105.500,0,0,0.0,0.0,1
105.500,0,0,0.0,0.0,1
105.500,0,0,0.0,0.0,1
105.500,0,0,0.0,0.0,1
105.500,0,0,0.0,0.0,1
105.500,0,0,0.0,0.0,1
105.500,0,0,0.0,0.0,1
105.500,0,0,0.0,0.0,1
105.500,0,0,0.0,0.0,1
105.500,0,0,0.0,0.0,1
105.600,0,0,0.0,0.0,1
105.600,0,0,0.0,0.0,1
105.600,0,0,0.0,0.0,1
105.600,0,0,0.0,0.0,1
105.600,0,0,0.0,0.0,1
105.600,0,0,0.0,0.0,1
105.600,0,0,0.0,0.0,1
105.600,0,0,0.0,0.0,1
105.600,0,0,0.0,0.0,1
105.600,0,0,0.0,0.0,1
105.700,0,0,0.0,0.0,1
105.700,0,0,0.0,0.0,1
105.700,0,0,0.0,0.0,1
105.700,0,0,0.0,0.0,1
105.700,0,0,0.0,0.0,1
105.700,0,0,0.0,0.0,1
105.700,0,0,0.0,0.0,1
105.700,0,0,0.0,0.0,1
105.700,0,0,0.0,0.0,1
105.700,0,0,0.0,0.0,1
105.700,0,0,0.0,0.0,1
105.800,0,0,0.0,0.0,1
105.800,0,0,0.0,0.0,1
105.800,0,0,0.0,0.0,1
105.800,0,0,0.0,0.0,1
105.800,0,0,0.0,0.0,1
105.800,0,0,0.0,0.0,1
105.800,0,0,0.0,0.0,1
105.800,0,0,0.0,0.0,1
105.800,0,0,0.0,0.0,1
105.800,0,0,0.0,0.0,1
105.900,0,0,0.0,0.0,1
105.900,0,0,0.0,0.0,1
105.900,0,0,0.0,0.0,1
105.900,0,0,0.0,0.0,1
105.900,0,0,0.0,0.0,1
105.900,0,0,0.0,0.0,1
105.900,0,0,0.0,0.0,1
105.900,0,0,0.0,0.0,1
105.900,0,0,0.0,0.0,1
105.900,0,0,0.0,0.0,1
105.900,0,0,0.0,0.0,1
106.000,0,0,0.0,0.0,1
106.000,0,0,0.0,0.0,1
106.000,0,0,0.0,0.0,1
106.000,0,0,0.0,0.0,1
106.000,0,0,0.0,0.0,1
106.000,0,0,0.0,0.0,1
106.000,0,0,0.0,0.0,1
106.000,0,0,0.0,0.0,1
106.000,0,0,0.0,0.0,1
106.000,0,0,0.0,0.0,1
106.000,0,0,0.0,0.0,1
106.100,0,0,0.0,0.0,1
106.100,0,0,0.0,0.0,1
106.100,0,0,0.0,0.0,1
106.100,0,0,0.0,0.0,1
106.100,0,0,0.0,0.0,1
106.100,0,0,0.0,0.0,1
106.100,0,0,0.0,0.0,1
106.100,0,0,0.0,0.0,1
106.100,0,0,0.0,0.0,1
106.100,0,0,0.0,0.0,1
106.200,0,0,0.0,0.0,1
106.200,0,0,0.0,0.0,1
106.200,0,0,0.0,0.0,1
106.200,0,0,0.0,0.0,1
106.200,0,0,0.0,0.0,1
106.200,0,0,0.0,0.0,1
106.200,0,0,0.0,0.0,1
106.200,0,0,0.0,0.0,1
106.200,0,0,0.0,0.0,1
106.200,0,0,0.0,0.0,1
106.200,0,0,0.0,0.0,1
106.300,0,0,0.0,0.0,1
106.300,0,0,0.0,0.0,1
106.300,0,0,0.0,0.0,1
106.300,0,0,0.0,0.0,1
106.300,0,0,0.0,0.0,1
106.300,0,0,0.0,0.0,1
106.300,0,0,0.0,0.0,1
106.300,0,0,0.0,0.0,1
106.300,0,0,0.0,0.0,1
106.300,0,0,0.0,0.0,1
106.300,0,0,0.0,0.0,1
106.400,0,0,0.0,0.0,1
106.400,0,0,0.0,0.0,1
106.400,0,0,0.0,0.0,1
106.400,0,0,0.0,0.0,1
106.400,0,0,0.0,0.0,1
106.400,0,0,0.0,0.0,1
106.400,0,0,0.0,0.0,1
106.400,0,0,0.0,0.0,1
106.400,0,0,0.0,0.0,1
106.400,0,0,0.0,0.0,1
106.400,0,0,0.0,0.0,1
106.500,0,0,0.0,0.0,1
106.500,0,0,0.0,0.0,1
106.500,0,0,0.0,0.0,1
106.500,0,0,0.0,0.0,1
106.500,0,0,0.0,0.0,1
106.500,0,0,0.0,0.0,1
106.500,0,0,0.0,0.0,1
106.500,0,0,0.0,0.0,1
106.500,0,0,0.0,0.0,1
106.500,0,0,0.0,0.0,1
106.600,0,0,0.0,0.0,1
106.600,0,0,0.0,0.0,1
106.600,0,0,0.0,0.0,1
106.600,0,0,0.0,0.0,1
106.600,0,0,0.0,0.0,1
106.600,0,0,0.0,0.0,1
106.600,0,0,0.0,0.0,1
106.600,0,0,0.0,0.0,1
106.600,0,0,0.0,0.0,1
106.600,0,0,0.0,0.0,1
106.600,0,0,0.0,0.0,1
106.700,0,0,0.0,0.0,1
106.700,0,0,0.0,0.0,1
106.700,0,0,0.0,0.0,1
106.700,0,0,0.0,0.0,1
106.700,0,0,0.0,0.0,1
106.700,0,0,0.0,0.0,1
106.700,0,0,0.0,0.0,1
106.700,0,0,0.0,0.0,1
106.700,0,0,0.0,0.0,1
106.700,0,0,0.0,0.0,1
106.700,0,0,0.0,0.0,1
106.800,0,0,0.0,0.0,1
106.800,0,0,0.0,0.0,1
106.800,0,0,0.0,0.0,1
106.800,0,0,0.0,0.0,1
106.800,0,0,0.0,0.0,1
106.800,0,0,0.0,0.0,1
106.800,0,0,0.0,0.0,1
106.800,0,0,0.0,0.0,1
106.800,0,0,0.0,0.0,1
106.800,0,0,0.0,0.0,1
106.900,0,0,0.0,0.0,1
106.900,0,0,0.0,0.0,1
106.900,0,0,0.0,0.0,1
106.900,0,0,0.0,0.0,1
106.900,0,0,0.0,0.0,1
106.900,0,0,0.0,0.0,1
106.900,0,0,0.0,0.0,1
106.900,0,0,0.0,0.0,1
106.900,0,0,0.0,0.0,1
106.900,0,0,0.0,0.0,1
106.900,0,0,0.0,0.0,1
107.000,0,0,0.0,0.0,1
107.000,0,0,0.0,0.0,1
107.000,0,0,0.0,0.0,1
107.000,0,0,0.0,0.0,1
107.000,0,0,0.0,0.0,1
107.000,0,0,0.0,0.0,1
107.000,0,0,0.0,0.0,1
107.000,0,0,0.0,0.0,1
107.000,0,0,0.0,0.0,1
107.000,0,0,0.0,0.0,1
107.000,0,0,0.0,0.0,1
107.100,0,0,0.0,0.0,1
107.100,0,0,0.0,0.0,1
107.100,0,0,0.0,0.0,1
107.100,0,0,0.0,0.0,1
107.100,0,0,0.0,0.0,1
107.100,0,0,0.0,0.0,1
107.100,0,0,0.0,0.0,1
107.100,0,0,0.0,0.0,1
107.100,0,0,0.0,0.0,1
107.100,0,0,0.0,0.0,1
107.200,0,0,0.0,0.0,1
107.200,0,0,0.0,0.0,1
107.200,0,0,0.0,0.0,1
107.200,0,0,0.0,0.0,1
107.200,0,0,0.0,0.0,1
107.200,0,0,0.0,0.0,1
107.200,0,0,0.0,0.0,1
107.200,0,0,0.0,0.0,1
107.200,0,0,0.0,0.0,1
107.200,0,0,0.0,0.0,1
107.200,0,0,0.0,0.0,1
107.300,0,0,0.0,0.0,1
107.300,0,0,0.0,0.0,1
107.300,0,0,0.0,0.0,1
107.300,0,0,0.0,0.0,1
107.300,0,0,0.0,0.0,1
107.300,0,0,0.0,0.0,1
107.300,0,0,0.0,0.0,1
107.300,0,0,0.0,0.0,1
107.300,0,0,0.0,0.0,1
107.300,0,0,0.0,0.0,1
107.300,0,0,0.0,0.0,1
107.400,0,0,0.0,0.0,1
107.400,0,0,0.0,0.0,1
107.400,0,0,0.0,0.0,1
107.400,0,0,0.0,0.0,1
107.400,0,0,0.0,0.0,1
107.400,0,0,0.0,0.0,1
107.400,0,0,0.0,0.0,1
107.400,0,0,0.0,0.0,1
107.400,0,0,0.0,0.0,1
107.400,0,0,0.0,0.0,1
107.500,0,0,0.0,0.0,1
107.500,0,0,0.0,0.0,1
107.500,0,0,0.0,0.0,1
107.500,0,0,0.0,0.0,1
107.500,0,0,0.0,0.0,1
107.500,0,0,0.0,0.0,1
107.500,0,0,0.0,0.0,1
107.500,0,0,0.0,0.0,1
107.500,0,0,0.0,0.0,1
107.500,0,0,0.0,0.0,1
107.500,0,0,0.0,0.0,1
107.600,0,0,0.0,0.0,1
107.600,0,0,0.0,0.0,1
107.600,0,0,0.0,0.0,1
107.600,0,0,0.0,0.0,1
107.600,0,0,0.0,0.0,1
107.600,0,0,0.0,0.0,1
107.600,0,0,0.0,0.0,1
107.600,0,0,0.0,0.0,1
107.600,0,0,0.0,0.0,1
107.600,0,0,0.0,0.0,1
107.600,0,0,0.0,0.0,1
107.700,0,0,0.0,0.0,1
107.700,0,0,0.0,0.0,1
107.700,0,0,0.0,0.0,1
107.700,0,0,0.0,0.0,1
107.700,0,0,0.0,0.0,1
107.700,0,0,0.0,0.0,1
107.700,0,0,0.0,0.0,1
107.700,0,0,0.0,0.0,1
107.700,0,0,0.0,0.0,1
107.700,0,0,0.0,0.0,1
107.700,0,0,0.0,0.0,1
107.800,0,0,0.0,0.0,1
107.800,0,0,0.0,0.0,1
107.800,0,0,0.0,0.0,1
107.800,0,0,0.0,0.0,1
107.800,0,0,0.0,0.0,1
107.800,0,0,0.0,0.0,1
107.800,0,0,0.0,0.0,1
107.800,0,0,0.0,0.0,1
107.800,0,0,0.0,0.0,1
107.800,0,0,0.0,0.0,1
107.900,0,0,0.0,0.0,1
107.900,0,0,0.0,0.0,1
107.900,0,0,0.0,0.0,1
107.900,0,0,0.0,0.0,1
107.900,0,0,0.0,0.0,1
107.900,0,0,0.0,0.0,1
107.900,0,0,0.0,0.0,1
107.900,0,0,0.0,0.0,1
107.900,0,0,0.0,0.0,1
107.900,0,0,0.0,0.0,1
107.900,0,0,0.0,0.0,1
108.000,0,0,0.0,0.0,1
108.000,0,0,0.0,0.0,1
108.000,0,0,0.0,0.0,1
108.000,0,0,0.0,0.0,1
108.000,0,0,0.0,0.0,1
108.000,0,0,0.0,0.0,1
108.000,0,0,0.0,0.0,1
108.000,0,0,0.0,0.0,1
108.000,0,0,0.0,0.0,1
108.000,0,0,0.0,0.0,1
108.000,0,0,0.0,0.0,1
108.100,0,0,0.0,0.0,1
108.100,0,0,0.0,0.0,1
108.100,0,0,0.0,0.0,1
108.100,0,0,0.0,0.0,1
108.100,0,0,0.0,0.0,1
108.100,0,0,0.0,0.0,1
108.100,0,0,0.0,0.0,1
108.100,0,0,0.0,0.0,1
108.100,0,0,0.0,0.0,1
108.100,0,0,0.0,0.0,1
108.200,0,0,0.0,0.0,1
108.200,0,0,0.0,0.0,1
108.200,0,0,0.0,0.0,1
108.200,0,0,0.0,0.0,1
108.200,0,0,0.0,0.0,1
108.200,0,0,0.0,0.0,1
108.200,0,0,0.0,0.0,1
108.200,0,0,0.0,0.0,1
108.200,0,0,0.0,0.0,1
108.200,0,0,0.0,0.0,1
108.200,0,0,0.0,0.0,1
108.300,0,0,0.0,0.0,1
108.300,0,0,0.0,0.0,1
108.300,0,0,0.0,0.0,1
108.300,0,0,0.0,0.0,1
108.300,0,0,0.0,0.0,1
108.300,0,0,0.0,0.0,1
108.300,0,0,0.0,0.0,1
108.300,0,0,0.0,0.0,1
108.300,0,0,0.0,0.0,1
108.300,0,0,0.0,0.0,1
108.300,0,0,0.0,0.0,1
108.400,0,0,0.0,0.0,1
108.400,0,0,0.0,0.0,1
108.400,0,0,0.0,0.0,1
108.400,0,0,0.0,0.0,1
108.400,0,0,0.0,0.0,1
108.400,0,0,0.0,0.0,1
108.400,0,0,0.0,0.0,1
108.400,0,0,0.0,0.0,1
108.400,0,0,0.0,0.0,1
108.400,0,0,0.0,0.0,1
108.500,0,0,0.0,0.0,1
108.500,0,0,0.0,0.0,1
108.500,0,0,0.0,0.0,1
108.500,0,0,0.0,0.0,1
108.500,0,0,0.0,0.0,1
108.500,0,0,0.0,0.0,1
108.500,0,0,0.0,0.0,1
108.500,0,0,0.0,0.0,1
108.500,0,0,0.0,0.0,1
108.500,0,0,0.0,0.0,1
108.500,0,0,0.0,0.0,1
108.600,0,0,0.0,0.0,1
108.600,0,0,0.0,0.0,1
108.600,0,0,0.0,0.0,1
108.600,0,0,0.0,0.0,1
108.600,0,0,0.0,0.0,1
108.600,0,0,0.0,0.0,1
108.600,0,0,0.0,0.0,1
108.600,0,0,0.0,0.0,1
108.600,0,0,0.0,0.0,1
108.600,0,0,0.0,0.0,1
108.600,0,0,0.0,0.0,1
108.700,0,0,0.0,0.0,1
108.700,0,0,0.0,0.0,1
108.700,0,0,0.0,0.0,1
108.700,0,0,0.0,0.0,1
108.700,0,0,0.0,0.0,1
108.700,0,0,0.0,0.0,1
108.700,0,0,0.0,0.0,1
108.700,0,0,0.0,0.0,1
108.700,0,0,0.0,0.0,1
108.700,0,0,0.0,0.0,1
108.800,0,0,0.0,0.0,1
108.800,0,0,0.0,0.0,1
108.800,0,0,0.0,0.0,1
108.800,0,0,0.0,0.0,1
108.800,0,0,0.0,0.0,1
108.800,0,0,0.0,0.0,1
108.800,0,0,0.0,0.0,1
108.800,0,0,0.0,0.0,1
108.800,0,0,0.0,0.0,1
108.800,0,0,0.0,0.0,1
108.800,0,0,0.0,0.0,1
108.900,0,0,0.0,0.0,1
108.900,0,0,0.0,0.0,1
108.900,0,0,0.0,0.0,1
108.900,0,0,0.0,0.0,1
108.900,0,0,0.0,0.0,1
108.900,0,0,0.0,0.0,1
108.900,0,0,0.0,0.0,1
108.900,0,0,0.0,0.0,1
108.900,0,0,0.0,0.0,1
108.900,0,0,0.0,0.0,1
108.900,0,0,0.0,0.0,1
109.000,0,0,0.0,0.0,1
109.000,0,0,0.0,0.0,1
109.000,0,0,0.0,0.0,1
109.000,0,0,0.0,0.0,1
109.000,0,0,0.0,0.0,1
109.000,0,0,0.0,0.0,1
109.000,0,0,0.0,0.0,1
109.000,0,0,0.0,0.0,1
109.000,0,0,0.0,0.0,1
109.000,0,0,0.0,0.0,1
109.000,0,0,0.0,0.0,1
109.100,0,0,0.0,0.0,1
109.100,0,0,0.0,0.0,1
109.100,0,0,0.0,0.0,1
109.100,0,0,0.0,0.0,1
109.100,0,0,0.0,0.0,1
109.100,0,0,0.0,0.0,1
109.100,0,0,0.0,0.0,1
109.100,0,0,0.0,0.0,1
109.100,0,0,0.0,0.0,1
109.100,0,0,0.0,0.0,1
109.200,0,0,0.0,0.0,1
109.200,0,0,0.0,0.0,1
109.200,0,0,0.0,0.0,1
109.200,0,0,0.0,0.0,1
109.200,0,0,0.0,0.0,1
109.200,0,0,0.0,0.0,1
109.200,0,0,0.0,0.0,1
109.200,0,0,0.0,0.0,1
109.200,0,0,0.0,0.0,1
109.200,0,0,0.0,0.0,1
109.200,0,0,0.0,0.0,1
109.300,0,0,0.0,0.0,1
109.300,0,0,0.0,0.0,1
109.300,0,0,0.0,0.0,1
109.300,0,0,0.0,0.0,1
109.300,0,0,0.0,0.0,1
109.300,0,0,0.0,0.0,1
109.300,0,0,0.0,0.0,1
109.300,0,0,0.0,0.0,1
109.300,0,0,0.0,0.0,1
109.300,0,0,0.0,0.0,1
109.300,0,0,0.0,0.0,1
109.400,0,0,0.0,0.0,1
109.400,0,0,0.0,0.0,1
109.400,0,0,0.0,0.0,1
109.400,0,0,0.0,0.0,1
109.400,0,0,0.0,0.0,1
109.400,0,0,0.0,0.0,1
109.400,0,0,0.0,0.0,1
109.400,0,0,0.0,0.0,1
109.400,0,0,0.0,0.0,1
109.400,0,0,0.0,0.0,1
109.500,0,0,0.0,0.0,1
109.500,0,0,0.0,0.0,1
109.500,0,0,0.0,0.0,1
109.500,0,0,0.0,0.0,1
109.500,0,0,0.0,0.0,1
109.500,0,0,0.0,0.0,1
109.500,0,0,0.0,0.0,1
109.500,0,0,0.0,0.0,1
109.500,0,0,0.0,0.0,1
109.500,0,0,0.0,0.0,1
109.500,0,0,0.0,0.0,1
109.600,0,0,0.0,0.0,1
109.600,0,0,0.0,0.0,1
109.600,0,0,0.0,0.0,1
109.600,0,0,0.0,0.0,1
109.600,0,0,0.0,0.0,1
109.600,0,0,0.0,0.0,1
109.600,0,0,0.0,0.0,1
109.600,0,0,0.0,0.0,1
109.600,0,0,0.0,0.0,1
109.600,0,0,0.0,0.0,1
109.600,0,0,0.0,0.0,1
109.700,0,0,0.0,0.0,1
109.700,0,0,0.0,0.0,1
109.700,0,0,0.0,0.0,1
109.700,0,0,0.0,0.0,1
109.700,0,0,0.0,0.0,1
109.700,0,0,0.0,0.0,1
109.700,0,0,0.0,0.0,1
109.700,0,0,0.0,0.0,1
109.700,0,0,0.0,0.0,1
109.700,0,0,0.0,0.0,1
109.800,0,0,0.0,0.0,1
109.800,0,0,0.0,0.0,1
109.800,0,0,0.0,0.0,1
109.800,0,0,0.0,0.0,1
109.800,0,0,0.0,0.0,1
109.800,0,0,0.0,0.0,1
109.800,0,0,0.0,0.0,1
109.800,0,0,0.0,0.0,1
109.800,0,0,0.0,0.0,1
109.800,0,0,0.0,0.0,1
109.800,0,0,0.0,0.0,1
109.900,0,0,0.0,0.0,1
109.900,0,0,0.0,0.0,1
109.900,0,0,0.0,0.0,1
109.900,0,0,0.0,0.0,1
109.900,0,0,0.0,0.0,1
109.900,0,0,0.0,0.0,1
109.900,0,0,0.0,0.0,1
109.900,0,0,0.0,0.0,1
109.900,0,0,0.0,0.0,1
109.900,0,0,0.0,0.0,1
109.900,0,0,0.0,0.0,1
110.000,0,0,0.0,0.0,1
110.000,0,0,0.0,0.0,1
110.000,0,0,0.0,0.0,1
110.000,0,0,0.0,0.0,1
110.000,0,0,0.0,0.0,1
110.000,0,0,0.0,0.0,1
110.000,0,0,0.0,0.0,1
110.000,0,0,0.0,0.0,1
110.000,0,0,0.0,0.0,1
110.000,0,0,0.0,0.0,1
110.100,0,0,0.0,0.0,1
110.100,0,0,0.0,0.0,1
110.100,0,0,0.0,0.0,1
110.100,0,0,0.0,0.0,1
110.100,0,0,0.0,0.0,1
110.100,0,0,0.0,0.0,1
110.100,0,0,0.0,0.0,1
110.100,0,0,0.0,0.0,1
110.100,0,0,0.0,0.0,1
110.100,0,0,0.0,0.0,1
110.100,0,0,0.0,0.0,1
110.200,0,0,0.0,0.0,1
110.200,0,0,0.0,0.0,1
110.200,0,0,0.0,0.0,1
110.200,0,0,0.0,0.0,1
110.200,0,0,0.0,0.0,1
110.200,0,0,0.0,0.0,1
110.200,0,0,0.0,0.0,1
110.200,0,0,0.0,0.0,1
110.200,0,0,0.0,0.0,1
110.200,0,0,0.0,0.0,1
110.200,0,0,0.0,0.0,1
110.300,0,0,0.0,0.0,1
110.300,0,0,0.0,0.0,1
110.300,0,0,0.0,0.0,1
110.300,0,0,0.0,0.0,1
110.300,0,0,0.0,0.0,1
110.300,0,0,0.0,0.0,1
110.300,0,0,0.0,0.0,1
110.300,0,0,0.0,0.0,1
110.300,0,0,0.0,0.0,1
110.300,0,0,0.0,0.0,1
110.400,0,0,0.0,0.0,1
110.400,0,0,0.0,0.0,1
110.400,0,0,0.0,0.0,1
110.400,0,0,0.0,0.0,1
110.400,0,0,0.0,0.0,1
110.400,0,0,0.0,0.0,1
110.400,0,0,0.0,0.0,1
110.400,0,0,0.0,0.0,1
110.400,0,0,0.0,0.0,1
110.400,0,0,0.0,0.0,1
110.400,0,0,0.0,0.0,1
110.500,0,0,0.0,0.0,1
110.500,0,0,0.0,0.0,1
110.500,0,0,0.0,0.0,1
110.500,0,0,0.0,0.0,1
110.500,0,0,0.0,0.0,1
110.500,0,0,0.0,0.0,1
110.500,0,0,0.0,0.0,1
110.500,0,0,0.0,0.0,1
110.500,0,0,0.0,0.0,1
110.500,0,0,0.0,0.0,1
110.500,0,0,0.0,0.0,1
110.600,0,0,0.0,0.0,1
110.600,0,0,0.0,0.0,1
110.600,0,0,0.0,0.0,1
110.600,0,0,0.0,0.0,1
110.600,0,0,0.0,0.0,1
110.600,0,0,0.0,0.0,1
110.600,0,0,0.0,0.0,1
110.600,0,0,0.0,0.0,1
110.600,0,0,0.0,0.0,1
110.600,0,0,0.0,0.0,1
110.600,0,0,0.0,0.0,1
110.700,0,0,0.0,0.0,1
110.700,0,0,0.0,0.0,1
110.700,0,0,0.0,0.0,1
110.700,0,0,0.0,0.0,1
110.700,0,0,0.0,0.0,1
110.700,0,0,0.0,0.0,1
110.700,0,0,0.0,0.0,1
110.700,0,0,0.0,0.0,1
110.700,0,0,0.0,0.0,1
110.700,0,0,0.0,0.0,1
110.800,0,0,0.0,0.0,1
110.800,0,0,0.0,0.0,1
110.800,0,0,0.0,0.0,1
110.800,0,0,0.0,0.0,1
110.800,0,0,0.0,0.0,1
110.800,0,0,0.0,0.0,1
110.800,0,0,0.0,0.0,1
110.800,0,0,0.0,0.0,1
110.800,0,0,0.0,0.0,1
110.800,0,0,0.0,0.0,1
110.800,0,0,0.0,0.0,1
110.900,0,0,0.0,0.0,1
110.900,0,0,0.0,0.0,1
110.900,0,0,0.0,0.0,1
110.900,0,0,0.0,0.0,1
110.900,0,0,0.0,0.0,1
110.900,0,0,0.0,0.0,1
110.900,0,0,0.0,0.0,1
110.900,0,0,0.0,0.0,1
110.900,0,0,0.0,0.0,1
110.900,0,0,0.0,0.0,1
110.900,0,0,0.0,0.0,1
111.000,0,0,0.0,0.0,1
111.000,0,0,0.0,0.0,1
111.000,0,0,0.0,0.0,1
111.000,0,0,0.0,0.0,1
111.000,0,0,0.0,0.0,1
111.000,0,0,0.0,0.0,1
111.000,0,0,0.0,0.0,1
111.000,0,0,0.0,0.0,1
111.000,0,0,0.0,0.0,1
111.000,0,0,0.0,0.0,1
111.100,0,0,0.0,0.0,1
111.100,0,0,0.0,0.0,1
111.100,0,0,0.0,0.0,1
111.100,0,0,0.0,0.0,1
111.100,0,0,0.0,0.0,1
111.100,0,0,0.0,0.0,1
111.100,0,0,0.0,0.0,1
111.100,0,0,0.0,0.0,1
111.100,0,0,0.0,0.0,1
111.100,0,0,0.0,0.0,1
111.100,0,0,0.0,0.0,1
111.200,0,0,0.0,0.0,1
111.200,0,0,0.0,0.0,1
111.200,0,0,0.0,0.0,1
111.200,0,0,0.0,0.0,1
111.200,0,0,0.0,0.0,1
111.200,0,0,0.0,0.0,1
111.200,0,0,0.0,0.0,1
111.200,0,0,0.0,0.0,1
111.200,0,0,0.0,0.0,1
111.200,0,0,0.0,0.0,1
111.200,0,0,0.0,0.0,1
111.300,0,0,0.0,0.0,1
111.300,0,0,0.0,0.0,1
111.300,0,0,0.0,0.0,1
111.300,0,0,0.0,0.0,1
111.300,0,0,0.0,0.0,1
111.300,0,0,0.0,0.0,1
111.300,0,0,0.0,0.0,1
111.300,0,0,0.0,0.0,1
111.300,0,0,0.0,0.0,1
111.300,0,0,0.0,0.0,1
111.300,0,0,0.0,0.0,1
111.400,0,0,0.0,0.0,1
111.400,0,0,0.0,0.0,1
111.400,0,0,0.0,0.0,1
111.400,0,0,0.0,0.0,1
111.400,0,0,0.0,0.0,1
111.400,0,0,0.0,0.0,1
111.400,0,0,0.0,0.0,1
111.400,0,0,0.0,0.0,1
111.400,0,0,0.0,0.0,1
111.400,0,0,0.0,0.0,1
111.500,0,0,0.0,0.0,1
111.500,0,0,0.0,0.0,1
111.500,0,0,0.0,0.0,1
111.500,0,0,0.0,0.0,1
111.500,0,0,0.0,0.0,1
111.500,0,0,0.0,0.0,1
111.500,0,0,0.0,0.0,1
111.500,0,0,0.0,0.0,1
111.500,0,0,0.0,0.0,1
111.500,0,0,0.0,0.0,1
111.500,0,0,0.0,0.0,1
111.600,0,0,0.0,0.0,1
111.600,0,0,0.0,0.0,1
111.600,0,0,0.0,0.0,1
111.600,0,0,0.0,0.0,1
111.600,0,0,0.0,0.0,1
111.600,0,0,0.0,0.0,1
111.600,0,0,0.0,0.0,1
111.600,0,0,0.0,0.0,1
111.600,0,0,0.0,0.0,1
111.600,0,0,0.0,0.0,1
111.600,0,0,0.0,0.0,1
111.700,0,0,0.0,0.0,1
111.700,0,0,0.0,0.0,1
111.700,0,0,0.0,0.0,1
111.700,0,0,0.0,0.0,1
111.700,0,0,0.0,0.0,1
111.700,0,0,0.0,0.0,1
111.700,0,0,0.0,0.0,1
111.700,0,0,0.0,0.0,1
111.700,0,0,0.0,0.0,1
111.700,0,0,0.0,0.0,1
111.800,0,0,0.0,0.0,1
111.800,0,0,0.0,0.0,1
111.800,0,0,0.0,0.0,1
111.800,0,0,0.0,0.0,1
111.800,0,0,0.0,0.0,1
111.800,0,0,0.0,0.0,1
111.800,0,0,0.0,0.0,1
111.800,0,0,0.0,0.0,1
111.800,0,0,0.0,0.0,1
111.800,0,0,0.0,0.0,1
111.800,0,0,0.0,0.0,1
111.900,0,0,0.0,0.0,1
111.900,0,0,0.0,0.0,1
111.900,0,0,0.0,0.0,1
111.900,0,0,0.0,0.0,1
111.900,0,0,0.0,0.0,1
111.900,0,0,0.0,0.0,1
111.900,0,0,0.0,0.0,1
111.900,0,0,0.0,0.0,1
111.900,0,0,0.0,0.0,1
111.900,0,0,0.0,0.0,1
111.900,0,0,0.0,0.0,1
112.000,0,0,0.0,0.0,1
112.000,0,0,0.0,0.0,1
112.000,0,0,0.0,0.0,1
112.000,0,0,0.0,0.0,1
112.000,0,0,0.0,0.0,1
112.000,0,0,0.0,0.0,1
112.000,0,0,0.0,0.0,1
112.000,0,0,0.0,0.0,1
112.000,0,0,0.0,0.0,1
112.000,0,0,0.0,0.0,1
112.100,0,0,0.0,0.0,1
112.100,0,0,0.0,0.0,1
112.100,0,0,0.0,0.0,1
112.100,0,0,0.0,0.0,1
112.100,0,0,0.0,0.0,1
112.100,0,0,0.0,0.0,1
112.100,0,0,0.0,0.0,1
112.100,0,0,0.0,0.0,1
112.100,0,0,0.0,0.0,1
112.100,0,0,0.0,0.0,1
112.100,0,0,0.0,0.0,1
112.200,0,0,0.0,0.0,1
112.200,0,0,0.0,0.0,1
112.200,0,0,0.0,0.0,1
112.200,0,0,0.0,0.0,1
112.200,0,0,0.0,0.0,1
112.200,0,0,0.0,0.0,1
112.200,0,0,0.0,0.0,1
112.200,0,0,0.0,0.0,1
112.200,0,0,0.0,0.0,1
112.200,0,0,0.0,0.0,1
112.200,0,0,0.0,0.0,1
112.300,0,0,0.0,0.0,1
112.300,0,0,0.0,0.0,1
112.300,0,0,0.0,0.0,1
112.300,0,0,0.0,0.0,1
112.300,0,0,0.0,0.0,1
112.300,0,0,0.0,0.0,1
112.300,0,0,0.0,0.0,1
112.300,0,0,0.0,0.0,1
112.300,0,0,0.0,0.0,1
112.300,0,0,0.0,0.0,1
112.400,0,0,0.0,0.0,1
112.400,0,0,0.0,0.0,1
112.400,0,0,0.0,0.0,1
112.400,0,0,0.0,0.0,1
112.400,0,0,0.0,0.0,1
112.400,0,0,0.0,0.0,1
112.400,0,0,0.0,0.0,1
112.400,0,0,0.0,0.0,1
112.400,0,0,0.0,0.0,1
112.400,0,0,0.0,0.0,1
112.400,0,0,0.0,0.0,1
112.500,0,0,0.0,0.0,1
112.500,0,0,0.0,0.0,1
112.500,0,0,0.0,0.0,1
112.500,0,0,0.0,0.0,1
112.500,0,0,0.0,0.0,1
112.500,0,0,0.0,0.0,1
112.500,0,0,0.0,0.0,1
112.500,0,0,0.0,0.0,1
112.500,0,0,0.0,0.0,1
112.500,0,0,0.0,0.0,1
112.500,0,0,0.0,0.0,1
112.600,0,0,0.0,0.0,1
112.600,0,0,0.0,0.0,1
112.600,0,0,0.0,0.0,1
112.600,0,0,0.0,0.0,1
112.600,0,0,0.0,0.0,1
112.600,0,0,0.0,0.0,1
112.600,0,0,0.0,0.0,1
112.600,0,0,0.0,0.0,1
112.600,0,0,0.0,0.0,1
112.600,0,0,0.0,0.0,1
112.700,0,0,0.0,0.0,1
112.700,0,0,0.0,0.0,1
112.700,0,0,0.0,0.0,1
112.700,0,0,0.0,0.0,1
112.700,0,0,0.0,0.0,1
112.700,0,0,0.0,0.0,1
112.700,0,0,0.0,0.0,1
112.700,0,0,0.0,0.0,1
112.700,0,0,0.0,0.0,1
112.700,0,0,0.0,0.0,1
112.700,0,0,0.0,0.0,1
112.800,0,0,0.0,0.0,1
112.800,0,0,0.0,0.0,1
112.800,0,0,0.0,0.0,1
112.800,0,0,0.0,0.0,1
112.800,0,0,0.0,0.0,1
112.800,0,0,0.0,0.0,1
112.800,0,0,0.0,0.0,1
112.800,0,0,0.0,0.0,1
112.800,0,0,0.0,0.0,1
112.800,0,0,0.0,0.0,1
112.800,0,0,0.0,0.0,1
112.900,0,0,0.0,0.0,1
112.900,0,0,0.0,0.0,1
112.900,0,0,0.0,0.0,1
112.900,0,0,0.0,0.0,1
112.900,0,0,0.0,0.0,1
112.900,0,0,0.0,0.0,1
112.900,0,0,0.0,0.0,1
112.900,0,0,0.0,0.0,1
112.900,0,0,0.0,0.0,1
112.900,0,0,0.0,0.0,1
112.900,0,0,0.0,0.0,1
113.000,0,0,0.0,0.0,1
113.000,0,0,0.0,0.0,1
113.000,0,0,0.0,0.0,1
113.000,0,0,0.0,0.0,1
113.000,0,0,0.0,0.0,1
113.000,0,0,0.0,0.0,1
113.000,0,0,0.0,0.0,1
113.000,0,0,0.0,0.0,1
113.000,0,0,0.0,0.0,1
113.000,0,0,0.0,0.0,1
113.100,0,0,0.0,0.0,1
113.100,0,0,0.0,0.0,1
113.100,0,0,0.0,0.0,1
113.100,0,0,0.0,0.0,1
113.100,0,0,0.0,0.0,1
113.100,0,0,0.0,0.0,1
113.100,0,0,0.0,0.0,1
113.100,0,0,0.0,0.0,1
113.100,0,0,0.0,0.0,1
113.100,0,0,0.0,0.0,1
113.100,0,0,0.0,0.0,1
113.200,0,0,0.0,0.0,1
113.200,0,0,0.0,0.0,1
113.200,0,0,0.0,0.0,1
113.200,0,0,0.0,0.0,1
113.200,0,0,0.0,0.0,1
113.200,0,0,0.0,0.0,1
113.200,0,0,0.0,0.0,1
113.200,0,0,0.0,0.0,1
113.200,0,0,0.0,0.0,1
113.200,0,0,0.0,0.0,1
113.200,0,0,0.0,0.0,1
113.300,0,0,0.0,0.0,1
113.300,0,0,0.0,0.0,1
113.300,0,0,0.0,0.0,1
113.300,0,0,0.0,0.0,1
113.300,0,0,0.0,0.0,1
113.300,0,0,0.0,0.0,1
113.300,0,0,0.0,0.0,1
113.300,0,0,0.0,0.0,1
113.300,0,0,0.0,0.0,1
113.300,0,0,0.0,0.0,1
113.400,0,0,0.0,0.0,1
113.400,0,0,0.0,0.0,1
113.400,0,0,0.0,0.0,1
113.400,0,0,0.0,0.0,1
113.400,0,0,0.0,0.0,1
113.400,0,0,0.0,0.0,1
113.400,0,0,0.0,0.0,1
113.400,0,0,0.0,0.0,1
113.400,0,0,0.0,0.0,1
113.400,0,0,0.0,0.0,1
113.400,0,0,0.0,0.0,1
113.500,0,0,0.0,0.0,1
113.500,0,0,0.0,0.0,1
113.500,0,0,0.0,0.0,1
113.500,0,0,0.0,0.0,1
113.500,0,0,0.0,0.0,1
113.500,0,0,0.0,0.0,1
113.500,0,0,0.0,0.0,1
113.500,0,0,0.0,0.0,1
113.500,0,0,0.0,0.0,1
113.500,0,0,0.0,0.0,1
113.500,0,0,0.0,0.0,1
113.600,0,0,0.0,0.0,1
113.600,0,0,0.0,0.0,1
113.600,0,0,0.0,0.0,1
113.600,0,0,0.0,0.0,1
113.600,0,0,0.0,0.0,1
113.600,0,0,0.0,0.0,1
113.600,0,0,0.0,0.0,1
113.600,0,0,0.0,0.0,1
113.600,0,0,0.0,0.0,1
113.600,0,0,0.0,0.0,1
113.700,0,0,0.0,0.0,1
113.700,0,0,0.0,0.0,1
113.700,0,0,0.0,0.0,1
113.700,0,0,0.0,0.0,1
113.700,0,0,0.0,0.0,1
113.700,0,0,0.0,0.0,1
113.700,0,0,0.0,0.0,1
113.700,0,0,0.0,0.0,1
113.700,0,0,0.0,0.0,1
113.700,0,0,0.0,0.0,1
113.700,0,0,0.0,0.0,1
113.800,0,0,0.0,0.0,1
113.800,0,0,0.0,0.0,1
113.800,0,0,0.0,0.0,1
113.800,0,0,0.0,0.0,1
113.800,0,0,0.0,0.0,1
113.800,0,0,0.0,0.0,1
113.800,0,0,0.0,0.0,1
113.800,0,0,0.0,0.0,1
113.800,0,0,0.0,0.0,1
113.800,0,0,0.0,0.0,1
113.800,0,0,0.0,0.0,1
113.900,0,0,0.0,0.0,1
113.900,0,0,0.0,0.0,1
113.900,0,0,0.0,0.0,1
113.900,0,0,0.0,0.0,1
113.900,0,0,0.0,0.0,1
113.900,0,0,0.0,0.0,1
113.900,0,0,0.0,0.0,1
113.900,0,0,0.0,0.0,1
113.900,0,0,0.0,0.0,1
113.900,0,0,0.0,0.0,1
113.900,0,0,0.0,0.0,1
114.000,0,0,0.0,0.0,1
114.000,0,0,0.0,0.0,1
114.000,0,0,0.0,0.0,1
114.000,0,0,0.0,0.0,1
114.000,0,0,0.0,0.0,1
114.000,0,0,0.0,0.0,1
114.000,0,0,0.0,0.0,1
114.000,0,0,0.0,0.0,1
114.000,0,0,0.0,0.0,1
114.000,0,0,0.0,0.0,1
114.100,0,0,0.0,0.0,1
114.100,0,0,0.0,0.0,1
114.100,0,0,0.0,0.0,1
114.100,0,0,0.0,0.0,1
114.100,0,0,0.0,0.0,1
114.100,0,0,0.0,0.0,1
114.100,0,0,0.0,0.0,1
114.100,0,0,0.0,0.0,1
114.100,0,0,0.0,0.0,1
114.100,0,0,0.0,0.0,1
114.100,0,0,0.0,0.0,1
114.200,0,0,0.0,0.0,1
114.200,0,0,0.0,0.0,1
114.200,0,0,0.0,0.0,1
114.200,0,0,0.0,0.0,1
114.200,0,0,0.0,0.0,1
114.200,0,0,0.0,0.0,1
114.200,0,0,0.0,0.0,1
114.200,0,0,0.0,0.0,1
114.200,0,0,0.0,0.0,1
114.200,0,0,0.0,0.0,1
114.300,0,0,0.0,0.0,1
114.300,0,0,0.0,0.0,1
114.300,0,0,0.0,0.0,1
114.300,0,0,0.0,0.0,1
114.300,0,0,0.0,0.0,1
114.300,0,0,0.0,0.0,1
114.300,0,0,0.0,0.0,1
114.300,0,0,0.0,0.0,1
114.300,0,0,0.0,0.0,1
114.300,0,0,0.0,0.0,1
114.300,0,0,0.0,0.0,1
114.400,0,0,0.0,0.0,1
114.400,0,0,0.0,0.0,1
114.400,0,0,0.0,0.0,1
114.400,0,0,0.0,0.0,1
114.400,0,0,0.0,0.0,1
114.400,0,0,0.0,0.0,1
114.400,0,0,0.0,0.0,1
114.400,0,0,0.0,0.0,1
114.400,0,0,0.0,0.0,1
114.400,0,0,0.0,0.0,1
114.400,0,0,0.0,0.0,1
114.500,0,0,0.0,0.0,1
114.500,0,0,0.0,0.0,1
114.500,0,0,0.0,0.0,1
114.500,0,0,0.0,0.0,1
114.500,0,0,0.0,0.0,1
114.500,0,0,0.0,0.0,1
114.500,0,0,0.0,0.0,1
114.500,0,0,0.0,0.0,1
114.500,0,0,0.0,0.0,1
114.500,0,0,0.0,0.0,1
114.500,0,0,0.0,0.0,1
114.600,0,0,0.0,0.0,1
114.600,0,0,0.0,0.0,1
114.600,0,0,0.0,0.0,1
114.600,0,0,0.0,0.0,1
114.600,0,0,0.0,0.0,1
114.600,0,0,0.0,0.0,1
114.600,0,0,0.0,0.0,1
114.600,0,0,0.0,0.0,1
114.600,0,0,0.0,0.0,1
114.600,0,0,0.0,0.0,1
114.700,0,0,0.0,0.0,1
114.700,0,0,0.0,0.0,1
114.700,0,0,0.0,0.0,1
114.700,0,0,0.0,0.0,1
114.700,0,0,0.0,0.0,1
114.700,0,0,0.0,0.0,1
114.700,0,0,0.0,0.0,1
114.700,0,0,0.0,0.0,1
114.700,0,0,0.0,0.0,1
114.700,0,0,0.0,0.0,1
114.700,0,0,0.0,0.0,1
114.800,0,0,0.0,0.0,1
114.800,0,0,0.0,0.0,1
114.800,0,0,0.0,0.0,1
114.800,0,0,0.0,0.0,1
114.800,0,0,0.0,0.0,1
114.800,0,0,0.0,0.0,1
114.800,0,0,0.0,0.0,1
114.800,0,0,0.0,0.0,1
114.800,0,0,0.0,0.0,1
114.800,0,0,0.0,0.0,1
114.800,0,0,0.0,0.0,1
114.900,0,0,0.0,0.0,1
114.900,0,0,0.0,0.0,1
114.900,0,0,0.0,0.0,1
114.900,0,0,0.0,0.0,1
114.900,0,0,0.0,0.0,1
114.900,0,0,0.0,0.0,1
114.900,0,0,0.0,0.0,1
114.900,0,0,0.0,0.0,1
114.900,0,0,0.0,0.0,1
114.900,0,0,0.0,0.0,1
115.000,0,0,0.0,0.0,1
115.000,0,0,0.0,0.0,1
115.000,0,0,0.0,0.0,1
115.000,0,0,0.0,0.0,1
115.000,0,0,0.0,0.0,1
115.000,0,0,0.0,0.0,1
115.000,0,0,0.0,0.0,1
115.000,0,0,0.0,0.0,1
115.000,0,0,0.0,0.0,1
115.000,0,0,0.0,0.0,1
115.000,0,0,0.0,0.0,1
115.100,0,0,0.0,0.0,1
115.100,0,0,0.0,0.0,1
115.100,0,0,0.0,0.0,1
115.100,0,0,0.0,0.0,1
115.100,0,0,0.0,0.0,1
115.100,0,0,0.0,0.0,1
115.100,0,0,0.0,0.0,1
115.100,0,0,0.0,0.0,1
115.100,0,0,0.0,0.0,1
115.100,0,0,0.0,0.0,1
115.100,0,0,0.0,0.0,1
115.200,0,0,0.0,0.0,1
115.200,0,0,0.0,0.0,1
115.200,0,0,0.0,0.0,1
115.200,0,0,0.0,0.0,1
115.200,0,0,0.0,0.0,1
115.200,0,0,0.0,0.0,1
115.200,0,0,0.0,0.0,1
115.200,0,0,0.0,0.0,1
115.200,0,0,0.0,0.0,1
115.200,0,0,0.0,0.0,1
115.200,0,0,0.0,0.0,1
115.300,0,0,0.0,0.0,1
115.300,0,0,0.0,0.0,1
115.300,0,0,0.0,0.0,1
115.300,0,0,0.0,0.0,1
115.300,0,0,0.0,0.0,1
115.300,0,0,0.0,0.0,1
115.300,0,0,0.0,0.0,1
115.300,0,0,0.0,0.0,1
115.300,0,0,0.0,0.0,1
115.300,0,0,0.0,0.0,1
115.400,0,0,0.0,0.0,1
115.400,0,0,0.0,0.0,1
115.400,0,0,0.0,0.0,1
115.400,0,0,0.0,0.0,1
115.400,0,0,0.0,0.0,1
115.400,0,0,0.0,0.0,1
115.400,0,0,0.0,0.0,1
115.400,0,0,0.0,0.0,1
115.400,0,0,0.0,0.0,1
115.400,0,0,0.0,0.0,1
115.400,0,0,0.0,0.0,1
115.500,0,0,0.0,0.0,1
115.500,0,0,0.0,0.0,1
115.500,0,0,0.0,0.0,1
115.500,0,0,0.0,0.0,1
115.500,0,0,0.0,0.0,1
115.500,0,0,0.0,0.0,1
115.500,0,0,0.0,0.0,1
115.500,0,0,0.0,0.0,1
115.500,0,0,0.0,0.0,1
115.500,0,0,0.0,0.0,1
115.500,0,0,0.0,0.0,1
115.600,0,0,0.0,0.0,1
115.600,0,0,0.0,0.0,1
115.600,0,0,0.0,0.0,1
115.600,0,0,0.0,0.0,1
115.600,0,0,0.0,0.0,1
115.600,0,0,0.0,0.0,1
115.600,0,0,0.0,0.0,1
115.600,0,0,0.0,0.0,1
115.600,0,0,0.0,0.0,1
115.600,0,0,0.0,0.0,1
115.700,0,0,0.0,0.0,1
115.700,0,0,0.0,0.0,1
115.700,0,0,0.0,0.0,1
115.700,0,0,0.0,0.0,1
115.700,0,0,0.0,0.0,1
115.700,0,0,0.0,0.0,1
115.700,0,0,0.0,0.0,1
115.700,0,0,0.0,0.0,1
115.700,0,0,0.0,0.0,1
115.700,0,0,0.0,0.0,1
115.700,0,0,0.0,0.0,1
115.800,0,0,0.0,0.0,1
115.800,0,0,0.0,0.0,1
115.800,0,0,0.0,0.0,1
115.800,0,0,0.0,0.0,1
115.800,0,0,0.0,0.0,1
115.800,0,0,0.0,0.0,1
115.800,0,0,0.0,0.0,1
115.800,0,0,0.0,0.0,1
115.800,0,0,0.0,0.0,1
115.800,0,0,0.0,0.0,1
115.800,0,0,0.0,0.0,1
115.900,0,0,0.0,0.0,1
115.900,0,0,0.0,0.0,1
115.900,0,0,0.0,0.0,1
115.900,0,0,0.0,0.0,1
115.900,0,0,0.0,0.0,1
115.900,0,0,0.0,0.0,1
115.900,0,0,0.0,0.0,1
115.900,0,0,0.0,0.0,1
115.900,0,0,0.0,0.0,1
115.900,0,0,0.0,0.0,1
116.000,0,0,0.0,0.0,1
116.000,0,0,0.0,0.0,1
116.000,0,0,0.0,0.0,1
116.000,0,0,0.0,0.0,1
116.000,0,0,0.0,0.0,1
116.000,0,0,0.0,0.0,1
116.000,0,0,0.0,0.0,1
116.000,0,0,0.0,0.0,1
116.000,0,0,0.0,0.0,1
116.000,0,0,0.0,0.0,1
116.000,0,0,0.0,0.0,1
116.100,0,0,0.0,0.0,1
116.100,0,0,0.0,0.0,1
116.100,0,0,0.0,0.0,1
116.100,0,0,0.0,0.0,1
116.100,0,0,0.0,0.0,1
116.100,0,0,0.0,0.0,1
116.100,0,0,0.0,0.0,1
116.100,0,0,0.0,0.0,1
116.100,0,0,0.0,0.0,1
116.100,0,0,0.0,0.0,1
116.100,0,0,0.0,0.0,1
116.200,0,0,0.0,0.0,1
116.200,0,0,0.0,0.0,1
116.200,0,0,0.0,0.0,1
116.200,0,0,0.0,0.0,1
116.200,0,0,0.0,0.0,1
116.200,0,0,0.0,0.0,1
116.200,0,0,0.0,0.0,1
116.200,0,0,0.0,0.0,1
116.200,0,0,0.0,0.0,1
116.200,0,0,0.0,0.0,1
116.300,0,0,0.0,0.0,1
116.300,0,0,0.0,0.0,1
116.300,0,0,0.0,0.0,1
116.300,0,0,0.0,0.0,1
116.300,0,0,0.0,0.0,1
116.300,0,0,0.0,0.0,1
116.300,0,0,0.0,0.0,1
116.300,0,0,0.0,0.0,1
116.300,0,0,0.0,0.0,1
116.300,0,0,0.0,0.0,1
116.300,0,0,0.0,0.0,1
116.400,0,0,0.0,0.0,1
116.400,0,0,0.0,0.0,1
116.400,0,0,0.0,0.0,1
116.400,0,0,0.0,0.0,1
116.400,0,0,0.0,0.0,1
116.400,0,0,0.0,0.0,1
116.400,0,0,0.0,0.0,1
116.400,0,0,0.0,0.0,1
116.400,0,0,0.0,0.0,1
116.400,0,0,0.0,0.0,1
116.400,0,0,0.0,0.0,1
116.500,0,0,0.0,0.0,1
116.500,0,0,0.0,0.0,1
116.500,0,0,0.0,0.0,1
116.500,0,0,0.0,0.0,1
116.500,0,0,0.0,0.0,1
116.500,0,0,0.0,0.0,1
116.500,0,0,0.0,0.0,1
116.500,0,0,0.0,0.0,1
116.500,0,0,0.0,0.0,1
116.500,0,0,0.0,0.0,1
116.500,0,0,0.0,0.0,1
116.600,0,0,0.0,0.0,1
116.600,0,0,0.0,0.0,1
116.600,0,0,0.0,0.0,1
116.600,0,0,0.0,0.0,1
116.600,0,0,0.0,0.0,1
116.600,0,0,0.0,0.0,1
116.600,0,0,0.0,0.0,1
116.600,0,0,0.0,0.0,1
116.600,0,0,0.0,0.0,1
116.600,0,0,0.0,0.0,1
116.700,0,0,0.0,0.0,1
116.700,0,0,0.0,0.0,1
116.700,0,0,0.0,0.0,1
116.700,0,0,0.0,0.0,1
116.700,0,0,0.0,0.0,1
116.700,0,0,0.0,0.0,1
116.700,0,0,0.0,0.0,1
116.700,0,0,0.0,0.0,1
116.700,0,0,0.0,0.0,1
116.700,0,0,0.0,0.0,1
116.700,0,0,0.0,0.0,1
116.800,0,0,0.0,0.0,1
116.800,0,0,0.0,0.0,1
116.800,0,0,0.0,0.0,1
116.800,0,0,0.0,0.0,1
116.800,0,0,0.0,0.0,1
116.800,0,0,0.0,0.0,1
116.800,0,0,0.0,0.0,1
116.800,0,0,0.0,0.0,1
116.800,0,0,0.0,0.0,1
116.800,0,0,0.0,0.0,1
116.800,0,0,0.0,0.0,1
116.900,0,0,0.0,0.0,1
116.900,0,0,0.0,0.0,1
116.900,0,0,0.0,0.0,1
116.900,0,0,0.0,0.0,1
116.900,0,0,0.0,0.0,1
116.900,0,0,0.0,0.0,1
116.900,0,0,0.0,0.0,1
116.900,0,0,0.0,0.0,1
116.900,0,0,0.0,0.0,1
116.900,0,0,0.0,0.0,1
117.000,0,0,0.0,0.0,1
117.000,0,0,0.0,0.0,1
117.000,0,0,0.0,0.0,1
117.000,0,0,0.0,0.0,1
117.000,0,0,0.0,0.0,1
117.000,0,0,0.0,0.0,1
117.000,0,0,0.0,0.0,1
117.000,0,0,0.0,0.0,1
117.000,0,0,0.0,0.0,1
117.000,0,0,0.0,0.0,1
117.000,0,0,0.0,0.0,1
117.100,0,0,0.0,0.0,1
117.100,0,0,0.0,0.0,1
117.100,0,0,0.0,0.0,1
117.100,0,0,0.0,0.0,1
117.100,0,0,0.0,0.0,1
117.100,0,0,0.0,0.0,1
117.100,0,0,0.0,0.0,1
117.100,0,0,0.0,0.0,1
117.100,0,0,0.0,0.0,1
117.100,0,0,0.0,0.0,1
117.100,0,0,0.0,0.0,1
117.200,0,0,0.0,0.0,1
117.200,0,0,0.0,0.0,1
117.200,0,0,0.0,0.0,1
117.200,0,0,0.0,0.0,1
117.200,0,0,0.0,0.0,1
117.200,0,0,0.0,0.0,1
117.200,0,0,0.0,0.0,1
117.200,0,0,0.0,0.0,1
117.200,0,0,0.0,0.0,1
117.200,0,0,0.0,0.0,1
117.300,0,0,0.0,0.0,1
117.300,0,0,0.0,0.0,1
117.300,0,0,0.0,0.0,1
117.300,0,0,0.0,0.0,1
117.300,0,0,0.0,0.0,1
117.300,0,0,0.0,0.0,1
117.300,0,0,0.0,0.0,1
117.300,0,0,0.0,0.0,1
117.300,0,0,0.0,0.0,1
117.300,0,0,0.0,0.0,1
117.300,0,0,0.0,0.0,1
117.400,2,0,-12.0,0.0,0
117.400,2,0,-12.0,0.0,0
117.400,2,0,-12.0,0.0,0
117.400,2,0,-12.0,0.0,0
117.400,2,0,-12.0,0.0,0
117.400,2,0,-12.0,0.0,0
117.400,2,0,-12.0,0.0,0
117.400,2,0,-12.0,0.0,0
117.400,2,0,-12.0,0.0,0
117.400,2,0,-12.0,0.0,0
117.400,2,0,-12.0,0.0,0
117.500,2,0,-12.0,0.0,0
117.500,2,0,-12.0,0.0,0
117.500,2,0,-12.0,0.0,0
117.500,2,0,-12.0,0.0,0
117.500,2,0,-12.0,0.0,0
117.500,2,0,-12.0,0.0,0
117.500,2,0,-12.0,0.0,0
117.500,2,0,-12.0,0.0,0
117.500,2,0,-12.0,0.0,0
117.500,2,0,-12.0,0.0,0
117.600,2,0,-12.0,0.0,0
117.600,2,0,-12.0,0.0,0
117.600,2,0,-12.0,0.0,0
117.600,2,0,-12.0,0.0,0
117.600,2,0,-12.0,0.0,0
117.600,2,0,-12.0,0.0,0
117.600,2,0,-12.0,0.0,0
117.600,2,0,-12.0,0.0,0
117.600,2,0,-12.0,0.0,0
117.600,2,0,-12.0,0.0,0
117.600,2,0,-12.0,0.0,0
117.700,2,0,-12.0,0.0,0
117.700,2,0,-12.0,0.0,0
117.700,2,0,-12.0,0.0,0
117.700,2,0,-12.0,0.0,0
117.700,2,0,-12.0,0.0,0
117.700,2,0,-12.0,0.0,0
117.700,2,0,-12.0,0.0,0
117.700,2,0,-12.0,0.0,0
117.700,2,0,-12.0,0.0,0
117.700,2,0,-12.0,0.0,0
117.700,2,0,-12.0,0.0,0
117.800,2,0,-12.0,0.0,0
117.800,2,0,-12.0,0.0,0
117.800,2,0,-12.0,0.0,0
117.800,2,0,-12.0,0.0,0
117.800,2,0,-12.0,0.0,0
117.800,2,0,-12.0,0.0,0
117.800,2,0,-12.0,0.0,0
117.800,2,0,-12.0,0.0,0
117.800,2,0,-12.0,0.0,0
117.800,2,0,-12.0,0.0,0
117.800,2,0,-12.0,0.0,0
117.900,2,0,-12.0,0.0,0
117.900,2,0,-12.0,0.0,0
117.900,2,0,-12.0,0.0,0
117.900,2,0,-12.0,0.0,0
117.900,2,0,-12.0,0.0,0
117.900,2,0,-12.0,0.0,0
117.900,2,0,-12.0,0.0,0
117.900,2,0,-12.0,0.0,0
117.900,2,0,-12.0,0.0,0
117.900,2,0,-12.0,0.0,0
118.000,2,0,-12.0,0.0,0
118.000,2,0,-12.0,0.0,0
118.000,2,0,-12.0,0.0,0
118.000,2,0,-12.0,0.0,0
118.000,2,0,-12.0,0.0,0
118.000,2,0,-12.0,0.0,0
118.000,2,0,-12.0,0.0,0
118.000,2,0,-12.0,0.0,0
118.000,2,0,-12.0,0.0,0
118.000,2,0,-12.0,0.0,0
118.000,2,0,-12.0,0.0,0
118.100,2,0,-12.0,0.0,0
118.100,2,0,-12.0,0.0,0
118.100,2,0,-12.0,0.0,0
118.100,2,0,-12.0,0.0,0
118.100,2,0,-12.0,0.0,0
118.100,2,0,-12.0,0.0,0
118.100,2,0,-12.0,0.0,0
118.100,2,0,-12.0,0.0,0
118.100,2,0,-12.0,0.0,0
118.100,2,0,-12.0,0.0,0
118.100,2,0,-12.0,0.0,0
118.200,2,0,-12.0,0.0,0
118.200,2,0,-12.0,0.0,0
118.200,2,0,-12.0,0.0,0
118.200,2,0,-12.0,0.0,0
118.200,2,0,-12.0,0.0,0
118.200,2,0,-12.0,0.0,0
118.200,2,0,-12.0,0.0,0
118.200,2,0,-12.0,0.0,0
118.200,2,0,-12.0,0.0,0
118.200,2,0,-12.0,0.0,0
118.300,2,0,-12.0,0.0,0
118.300,2,0,-12.0,0.0,0
118.300,2,0,-12.0,0.0,0
118.300,2,0,-12.0,0.0,0
118.300,2,0,-12.0,0.0,0
118.300,2,0,-12.0,0.0,0
118.300,2,0,-12.0,0.0,0
118.300,2,0,-12.0,0.0,0
118.300,2,0,-12.0,0.0,0
118.300,2,0,-12.0,0.0,0
118.300,2,0,-12.0,0.0,0
118.400,2,0,-12.0,0.0,0
118.400,2,0,-12.0,0.0,0
118.400,2,0,-12.0,0.0,0
118.400,2,0,-12.0,0.0,0
118.400,2,0,-12.0,0.0,0
118.400,2,0,-12.0,0.0,0
118.400,2,0,-12.0,0.0,0
118.400,2,0,-12.0,0.0,0
118.400,2,0,-12.0,0.0,0
118.400,2,0,-12.0,0.0,0
118.400,2,0,-12.0,0.0,0
118.500,2,0,-12.0,0.0,0
118.500,2,0,-12.0,0.0,0
118.500,2,0,-12.0,0.0,0
118.500,2,0,-12.0,0.0,0
118.500,2,0,-12.0,0.0,0
118.500,2,0,-12.0,0.0,0
118.500,2,0,-12.0,0.0,0
118.500,2,0,-12.0,0.0,0
118.500,2,0,-12.0,0.0,0
118.500,2,0,-12.0,0.0,0
118.600,2,0,-12.0,0.0,0
118.600,2,0,-12.0,0.0,0
118.600,2,0,-12.0,0.0,0
118.600,2,0,-12.0,0.0,0
118.600,2,0,-12.0,0.0,0
118.600,2,0,-12.0,0.0,0
118.600,2,0,-12.0,0.0,0
118.600,2,0,-12.0,0.0,0
118.600,2,0,-12.0,0.0,0
118.600,2,0,-12.0,0.0,0
118.600,2,0,-12.0,0.0,0
118.700,2,0,-12.0,0.0,0
118.700,2,0,-12.0,0.0,0
118.700,2,0,-12.0,0.0,0
118.700,2,0,-12.0,0.0,0
118.700,2,0,-12.0,0.0,0
118.700,2,0,-12.0,0.0,0
118.700,2,0,-12.0,0.0,0
118.700,2,0,-12.0,0.0,0
118.700,2,0,-12.0,0.0,0
118.700,2,0,-12.0,0.0,0
118.700,2,0,-12.0,0.0,0
118.800,2,0,-12.0,0.0,0
118.800,2,0,-12.0,0.0,0
118.800,2,0,-12.0,0.0,0
118.800,2,0,-12.0,0.0,0
118.800,2,0,-12.0,0.0,0
118.800,2,0,-12.0,0.0,0
118.800,2,0,-12.0,0.0,0
118.800,2,0,-12.0,0.0,0
118.800,2,0,-12.0,0.0,0
118.800,2,0,-12.0,0.0,0
118.900,2,0,-12.0,0.0,0
118.900,2,0,-12.0,0.0,0
118.900,2,0,-12.0,0.0,0
118.900,2,0,-12.0,0.0,0
118.900,2,0,-12.0,0.0,0
118.900,2,0,-12.0,0.0,0
118.900,2,0,-12.0,0.0,0
118.900,2,0,-12.0,0.0,0
118.900,2,0,-12.0,0.0,0
118.900,2,0,-12.0,0.0,0
118.900,2,0,-12.0,0.0,0
119.000,2,0,-12.0,0.0,0
119.000,2,0,-12.0,0.0,0
119.000,2,0,-12.0,0.0,0
119.000,2,0,-12.0,0.0,0
119.000,2,0,-12.0,0.0,0
119.000,2,0,-12.0,0.0,0
119.000,2,0,-12.0,0.0,0
119.000,2,0,-12.0,0.0,0
119.000,2,0,-12.0,0.0,0
119.000,2,0,-12.0,0.0,0
119.000,2,0,-12.0,0.0,0
119.100,2,0,-12.0,0.0,0
119.100,2,0,-12.0,0.0,0
119.100,2,0,-12.0,0.0,0
119.100,2,0,-12.0,0.0,0
119.100,2,0,-12.0,0.0,0
119.100,2,0,-12.0,0.0,0
119.100,2,0,-12.0,0.0,0
119.100,2,0,-12.0,0.0,0
119.100,2,0,-12.0,0.0,0
119.100,2,0,-12.0,0.0,0
119.100,2,0,-12.0,0.0,0
119.200,2,0,-12.0,0.0,0
119.200,2,0,-12.0,0.0,0
119.200,2,0,-12.0,0.0,0
119.200,2,0,-12.0,0.0,0
119.200,2,0,-12.0,0.0,0
119.200,2,0,-12.0,0.0,0
119.200,2,0,-12.0,0.0,0
119.200,2,0,-12.0,0.0,0
119.200,2,0,-12.0,0.0,0
119.200,2,0,-12.0,0.0,0
119.300,2,0,-12.0,0.0,0
119.300,2,0,-12.0,0.0,0
119.300,2,0,-12.0,0.0,0
119.300,2,0,-12.0,0.0,0
119.300,2,0,-12.0,0.0,0
119.300,2,0,-12.0,0.0,0
119.300,2,0,-12.0,0.0,0
119.300,2,0,-12.0,0.0,0
119.300,2,0,-12.0,0.0,0
119.300,2,0,-12.0,0.0,0
119.300,2,0,-12.0,0.0,0
119.400,2,0,-12.0,0.0,0
119.400,2,0,-12.0,0.0,0
119.400,2,0,-12.0,0.0,0
119.400,2,0,-12.0,0.0,0
119.400,2,0,-12.0,0.0,0
119.400,2,0,-12.0,0.0,0
119.400,2,0,-12.0,0.0,0
119.400,2,0,-12.0,0.0,0
119.400,2,0,-12.0,0.0,0
119.400,2,0,-12.0,0.0,0
119.400,2,0,-12.0,0.0,0
119.500,2,0,-12.0,0.0,0
119.500,2,0,-12.0,0.0,0
119.500,2,0,-12.0,0.0,0
119.500,2,0,-12.0,0.0,0
119.500,2,0,-12.0,0.0,0
119.500,2,0,-12.0,0.0,0
119.500,2,0,-12.0,0.0,0
119.500,2,0,-12.0,0.0,0
119.500,2,0,-12.0,0.0,0
119.500,2,0,-12.0,0.0,0
119.600,2,0,-12.0,0.0,0
119.600,2,0,-12.0,0.0,0
119.600,2,0,-12.0,0.0,0
119.600,2,0,-12.0,0.0,0
119.600,2,0,-12.0,0.0,0
119.600,2,0,-12.0,0.0,0
119.600,2,0,-12.0,0.0,0
119.600,2,0,-12.0,0.0,0
119.600,2,0,-12.0,0.0,0
119.600,2,0,-12.0,0.0,0
119.600,2,0,-12.0,0.0,0
119.700,2,0,-12.0,0.0,0
119.700,2,0,-12.0,0.0,0
119.700,2,0,-12.0,0.0,0
119.700,2,0,-12.0,0.0,0
119.700,2,0,-12.0,0.0,0
119.700,2,0,-12.0,0.0,0
119.700,2,0,-12.0,0.0,0
119.700,2,0,-12.0,0.0,0
119.700,2,0,-12.0,0.0,0
119.700,2,0,-12.0,0.0,0
119.700,2,0,-12.0,0.0,0
119.800,2,0,-12.0,0.0,0
119.800,2,0,-12.0,0.0,0
119.800,2,0,-12.0,0.0,0
119.800,2,0,-12.0,0.0,0
119.800,2,0,-12.0,0.0,0
119.800,2,0,-12.0,0.0,0
119.800,2,0,-12.0,0.0,0
119.800,2,0,-12.0,0.0,0
119.800,2,0,-12.0,0.0,0
119.800,2,0,-12.0,0.0,0
119.800,2,0,-12.0,0.0,0
119.900,2,0,-12.0,0.0,0
119.900,2,0,-12.0,0.0,0
119.900,2,0,-12.0,0.0,0
119.900,2,0,-12.0,0.0,0
119.900,2,0,-12.0,0.0,0
119.900,2,0,-12.0,0.0,0
119.900,2,0,-12.0,0.0,0
119.900,2,0,-12.0,0.0,0
119.900,2,0,-12.0,0.0,0
119.900,2,0,-12.0,0.0,0
120.000,2,0,-12.0,0.0,0
120.000,2,0,-12.0,0.0,0
120.000,2,0,-12.0,0.0,0
120.000,2,0,-12.0,0.0,0
120.000,2,0,-12.0,0.0,0
120.000,2,0,-12.0,0.0,0
120.000,2,0,-12.0,0.0,0
120.000,2,0,-12.0,0.0,0
120.000,2,0,-12.0,0.0,0
120.000,2,0,-12.0,0.0,0
120.000,2,0,-12.0,0.0,0
120.100,2,0,-12.0,0.0,0
120.100,2,0,-12.0,0.0,0
120.100,2,0,-12.0,0.0,0
120.100,2,0,-12.0,0.0,0
120.100,2,0,-12.0,0.0,0
120.100,2,0,-12.0,0.0,0
120.100,2,0,-12.0,0.0,0
120.100,2,0,-12.0,0.0,0
120.100,2,0,-12.0,0.0,0
120.100,2,0,-12.0,0.0,0
120.100,2,0,-12.0,0.0,0
120.200,2,0,-12.0,0.0,0
120.200,2,0,-12.0,0.0,0
120.200,2,0,-12.0,0.0,0
120.200,2,0,-12.0,0.0,0
120.200,2,0,-12.0,0.0,0
120.200,2,0,-12.0,0.0,0
120.200,2,0,-12.0,0.0,0
120.200,2,0,-12.0,0.0,0
120.200,2,0,-12.0,0.0,0
120.200,2,0,-12.0,0.0,0
120.300,2,0,-12.0,0.0,0
120.300,2,0,-12.0,0.0,0
120.300,2,0,-12.0,0.0,0
120.300,2,0,-12.0,0.0,0
120.300,2,0,-12.0,0.0,0
120.300,2,0,-12.0,0.0,0
120.300,2,0,-12.0,0.0,0
120.300,2,0,-12.0,0.0,0
120.300,2,0,-12.0,0.0,0
120.300,2,0,-12.0,0.0,0
120.300,2,0,-12.0,0.0,0
120.400,2,0,-12.0,0.0,0
120.400,2,0,-12.0,0.0,0
120.400,2,0,-12.0,0.0,0
120.400,2,0,-12.0,0.0,0
120.400,2,0,-12.0,0.0,0
120.400,2,0,-12.0,0.0,0
120.400,2,0,-12.0,0.0,0
120.400,2,0,-12.0,0.0,0
120.400,2,0,-12.0,0.0,0
120.400,2,0,-12.0,0.0,0
120.400,2,0,-12.0,0.0,0
120.500,2,0,-12.0,0.0,0
120.500,2,0,-12.0,0.0,0
120.500,2,0,-12.0,0.0,0
120.500,2,0,-12.0,0.0,0
120.500,2,0,-12.0,0.0,0
120.500,2,0,-12.0,0.0,0
120.500,2,0,-12.0,0.0,0
120.500,2,0,-12.0,0.0,0
120.500,2,0,-12.0,0.0,0
120.500,2,0,-12.0,0.0,0
120.600,2,0,-12.0,0.0,0
120.600,2,0,-12.0,0.0,0
120.600,2,0,-12.0,0.0,0
120.600,2,0,-12.0,0.0,0
120.600,2,0,-12.0,0.0,0
120.600,2,0,-12.0,0.0,0
120.600,2,0,-12.0,0.0,0
120.600,2,0,-12.0,0.0,0
120.600,2,0,-12.0,0.0,0
120.600,2,0,-12.0,0.0,0
120.600,2,0,-12.0,0.0,0
120.700,2,0,-12.0,0.0,0
120.700,2,0,-12.0,0.0,0
120.700,2,0,-12.0,0.0,0
120.700,2,0,-12.0,0.0,0
120.700,2,0,-12.0,0.0,0
120.700,2,0,-12.0,0.0,0
120.700,2,0,-12.0,0.0,0
120.700,2,0,-12.0,0.0,0
120.700,2,0,-12.0,0.0,0
120.700,2,0,-12.0,0.0,0
120.700,2,0,-12.0,0.0,0
120.800,2,0,-12.0,0.0,0
120.800,2,0,-12.0,0.0,0
120.800,2,0,-12.0,0.0,0
120.800,2,0,-12.0,0.0,0
120.800,2,0,-12.0,0.0,0
120.800,2,0,-12.0,0.0,0
120.800,2,0,-12.0,0.0,0
120.800,2,0,-12.0,0.0,0
120.800,2,0,-12.0,0.0,0
120.800,2,0,-12.0,0.0,0
120.900,2,0,-12.0,0.0,0
120.900,2,0,-12.0,0.0,0
120.900,2,0,-12.0,0.0,0
120.900,2,0,-12.0,0.0,0
120.900,2,0,-12.0,0.0,0
120.900,2,0,-12.0,0.0,0
120.900,2,0,-12.0,0.0,0
120.900,2,0,-12.0,0.0,0
120.900,2,0,-12.0,0.0,0
120.900,2,0,-12.0,0.0,0
120.900,2,0,-12.0,0.0,0
121.000,2,0,-12.0,0.0,0
121.000,2,0,-12.0,0.0,0
121.000,2,0,-12.0,0.0,0
121.000,2,0,-12.0,0.0,0
121.000,2,0,-12.0,0.0,0
121.000,2,0,-12.0,0.0,0
121.000,2,0,-12.0,0.0,0
121.000,2,0,-12.0,0.0,0
121.000,2,0,-12.0,0.0,0
121.000,2,0,-12.0,0.0,0
121.000,2,0,-12.0,0.0,0
121.100,2,0,-12.0,0.0,0
121.100,2,0,-12.0,0.0,0
121.100,2,0,-12.0,0.0,0
121.100,2,0,-12.0,0.0,0
121.100,2,0,-12.0,0.0,0
121.100,2,0,-12.0,0.0,0
121.100,2,0,-12.0,0.0,0
121.100,2,0,-12.0,0.0,0
121.100,2,0,-12.0,0.0,0
121.100,2,0,-12.0,0.0,0
121.200,2,0,-12.0,0.0,0
121.200,2,0,-12.0,0.0,0
121.200,2,0,-12.0,0.0,0
121.200,2,0,-12.0,0.0,0
121.200,2,0,-12.0,0.0,0
121.200,2,0,-12.0,0.0,0
121.200,2,0,-12.0,0.0,0
121.200,2,0,-12.0,0.0,0
121.200,2,0,-12.0,0.0,0
121.200,2,0,-12.0,0.0,0
121.200,2,0,-12.0,0.0,0
121.300,2,0,-12.0,0.0,0
121.300,2,0,-12.0,0.0,0
121.300,2,0,-12.0,0.0,0
121.300,2,0,-12.0,0.0,0
121.300,2,0,-12.0,0.0,0
121.300,2,0,-12.0,0.0,0
121.300,2,0,-12.0,0.0,0
121.300,2,0,-12.0,0.0,0
121.300,2,0,-12.0,0.0,0
121.300,2,0,-12.0,0.0,0
121.300,2,0,-12.0,0.0,0
121.400,2,0,-12.0,0.0,0
121.400,2,0,-12.0,0.0,0
121.400,2,0,-12.0,0.0,0
121.400,2,0,-12.0,0.0,0
121.400,2,0,-12.0,0.0,0
121.400,2,0,-12.0,0.0,0
121.400,2,0,-12.0,0.0,0
121.400,2,0,-12.0,0.0,0
121.400,2,0,-12.0,0.0,0
121.400,2,0,-12.0,0.0,0
121.400,2,0,-12.0,0.0,0
121.500,2,0,-12.0,0.0,0
121.500,2,0,-12.0,0.0,0
121.500,2,0,-12.0,0.0,0
121.500,2,0,-12.0,0.0,0
121.500,2,0,-12.0,0.0,0
121.500,2,0,-12.0,0.0,0
121.500,2,0,-12.0,0.0,0
121.500,2,0,-12.0,0.0,0
121.500,2,0,-12.0,0.0,0
121.500,2,0,-12.0,0.0,0
121.600,2,0,-12.0,0.0,0
121.600,2,0,-12.0,0.0,0
121.600,2,0,-12.0,0.0,0
121.600,2,0,-12.0,0.0,0
121.600,2,0,-12.0,0.0,0
121.600,2,0,-12.0,0.0,0
121.600,2,0,-12.0,0.0,0
121.600,2,0,-12.0,0.0,0
121.600,2,0,-12.0,0.0,0
121.600,2,0,-12.0,0.0,0
121.600,2,0,-12.0,0.0,0
121.700,2,0,-12.0,0.0,0
121.700,2,0,-12.0,0.0,0
121.700,2,0,-12.0,0.0,0
121.700,2,0,-12.0,0.0,0
121.700,2,0,-12.0,0.0,0
121.700,2,0,-12.0,0.0,0
121.700,2,0,-12.0,0.0,0
121.700,2,0,-12.0,0.0,0
121.700,2,0,-12.0,0.0,0
121.700,2,0,-12.0,0.0,0
121.700,2,0,-12.0,0.0,0
121.800,2,0,-12.0,0.0,0
121.800,2,0,-12.0,0.0,0
121.800,2,0,-12.0,0.0,0
121.800,2,0,-12.0,0.0,0
121.800,2,0,-12.0,0.0,0
121.800,2,0,-12.0,0.0,0
121.800,2,0,-12.0,0.0,0
121.800,2,0,-12.0,0.0,0
121.800,2,0,-12.0,0.0,0
121.800,2,0,-12.0,0.0,0
121.900,2,0,-12.0,0.0,0
121.900,2,0,-12.0,0.0,0
121.900,2,0,-12.0,0.0,0
121.900,2,0,-12.0,0.0,0
121.900,2,0,-12.0,0.0,0
121.900,2,0,-12.0,0.0,0
121.900,2,0,-12.0,0.0,0
121.900,2,0,-12.0,0.0,0
121.900,2,0,-12.0,0.0,0
121.900,2,0,-12.0,0.0,0
121.900,2,0,-12.0,0.0,0
122.000,2,0,-12.0,0.0,0
122.000,2,0,-12.0,0.0,0
122.000,2,0,-12.0,0.0,0
122.000,2,0,-12.0,0.0,0
122.000,2,0,-12.0,0.0,0
122.000,2,0,-12.0,0.0,0
122.000,2,0,-12.0,0.0,0
122.000,2,0,-12.0,0.0,0
122.000,2,0,-12.0,0.0,0
122.000,2,0,-12.0,0.0,0
122.000,2,0,-12.0,0.0,0
122.100,2,0,-12.0,0.0,0
122.100,2,0,-12.0,0.0,0
122.100,2,0,-12.0,0.0,0
122.100,2,0,-12.0,0.0,0
122.100,2,0,-12.0,0.0,0
122.100,2,0,-12.0,0.0,0
122.100,2,0,-12.0,0.0,0
122.100,2,0,-12.0,0.0,0
122.100,2,0,-12.0,0.0,0
122.100,2,0,-12.0,0.0,0
122.200,2,0,-12.0,0.0,0
122.200,2,0,-12.0,0.0,0
122.200,2,0,-12.0,0.0,0
122.200,2,0,-12.0,0.0,0
122.200,2,0,-12.0,0.0,0
122.200,2,0,-12.0,0.0,0
122.200,2,0,-12.0,0.0,0
122.200,2,0,-12.0,0.0,0
122.200,2,0,-12.0,0.0,0
122.200,2,0,-12.0,0.0,0
122.200,2,0,-12.0,0.0,0
122.300,2,0,-12.0,0.0,0
122.300,2,0,-12.0,0.0,0
122.300,2,0,-12.0,0.0,0
122.300,2,0,-12.0,0.0,0
122.300,2,0,-12.0,0.0,0
122.300,2,0,-12.0,0.0,0
122.300,2,0,-12.0,0.0,0
122.300,2,0,-12.0,0.0,0
122.300,2,0,-12.0,0.0,0
122.300,2,0,-12.0,0.0,0
122.300,2,0,-12.0,0.0,0
122.400,0,0,0.0,0.0,0
122.400,0,0,0.0,0.0,0
122.400,0,0,0.0,0.0,0
122.400,0,0,0.0,0.0,0
122.400,0,0,0.0,0.0,0
122.400,0,0,0.0,0.0,0
122.400,0,0,0.0,0.0,0
122.400,0,0,0.0,0.0,0
122.400,0,0,0.0,0.0,0
122.400,0,0,0.0,0.0,0
122.500,0,0,0.0,0.0,0
122.500,0,0,0.0,0.0,0
122.500,0,0,0.0,0.0,0
122.500,0,0,0.0,0.0,0
122.500,0,0,0.0,0.0,0
122.500,0,0,0.0,0.0,0
122.500,0,0,0.0,0.0,0
122.500,0,0,0.0,0.0,0
122.500,0,0,0.0,0.0,0
122.500,0,0,0.0,0.0,0
122.500,0,0,0.0,0.0,0
122.600,2,0,-95.0,0.0,0
122.600,2,0,-95.0,0.0,0
122.600,2,0,-95.0,0.0,0
122.600,2,0,-95.0,0.0,0
122.600,2,0,-95.0,0.0,0
122.600,2,0,-95.0,0.0,0
122.600,2,0,-95.0,0.0,0
122.600,2,0,-95.0,0.0,0
122.600,2,0,-95.0,0.0,0
122.600,2,0,-95.0,0.0,0
122.600,2,0,-95.0,0.0,0
122.700,2,0,-95.0,0.0,0
122.700,2,0,-95.0,0.0,0
122.700,2,0,-95.0,0.0,0
122.700,2,0,-95.0,0.0,0
122.700,2,0,-95.0,0.0,0
122.700,2,0,-95.0,0.0,0
122.700,2,0,-95.0,0.0,0
122.700,2,0,-95.0,0.0,0
122.700,2,0,-95.0,0.0,0
122.700,2,0,-95.0,0.0,0
122.800,2,0,-95.0,0.0,0
122.800,2,0,-95.0,0.0,0
122.800,2,0,-95.0,0.0,0
122.800,2,0,-95.0,0.0,0
122.800,2,0,-95.0,0.0,0
122.800,2,0,-95.0,0.0,0
122.800,2,0,-95.0,0.0,0
122.800,2,0,-95.0,0.0,0
122.800,2,0,-95.0,0.0,0
122.800,2,0,-95.0,0.0,0
122.800,2,0,-95.0,0.0,0
122.900,2,0,-95.0,0.0,0
122.900,2,0,-95.0,0.0,0
122.900,2,0,-95.0,0.0,0
122.900,2,0,-95.0,0.0,0
122.900,2,0,-95.0,0.0,0
122.900,2,0,-95.0,0.0,0
122.900,2,0,-95.0,0.0,0
122.900,2,0,-95.0,0.0,0
122.900,2,0,-95.0,0.0,0
122.900,2,0,-95.0,0.0,0
122.900,2,0,-95.0,0.0,0
123.000,2,0,-95.0,0.0,0
123.000,2,0,-95.0,0.0,0
123.000,2,0,-95.0,0.0,0
123.000,2,0,-95.0,0.0,0
123.000,2,0,-95.0,0.0,0
123.000,2,0,-95.0,0.0,0
123.000,2,0,-95.0,0.0,0
123.000,2,0,-95.0,0.0,0
123.000,2,0,-95.0,0.0,0
123.000,2,0,-95.0,0.0,0
123.000,2,0,-95.0,0.0,0
123.100,2,0,-95.0,0.0,0
123.100,2,0,-95.0,0.0,0
123.100,2,0,-95.0,0.0,0
123.100,2,0,-95.0,0.0,0
123.100,2,0,-95.0,0.0,0
123.100,2,0,-95.0,0.0,0
123.100,2,0,-95.0,0.0,0
123.100,2,0,-95.0,0.0,0
123.100,2,0,-95.0,0.0,0
123.100,2,0,-95.0,0.0,0
123.200,2,0,-95.0,0.0,0
123.200,2,0,-95.0,0.0,0
123.200,2,0,-95.0,0.0,0
123.200,2,0,-95.0,0.0,0
123.200,2,0,-95.0,0.0,0
123.200,2,0,-95.0,0.0,0
123.200,2,0,-95.0,0.0,0
123.200,2,0,-95.0,0.0,0
123.200,2,0,-95.0,0.0,0
123.200,2,0,-95.0,0.0,0
123.200,2,0,-95.0,0.0,0
123.300,2,0,-95.0,0.0,0
123.300,2,0,-95.0,0.0,0
123.300,2,0,-95.0,0.0,0
123.300,2,0,-95.0,0.0,0
123.300,2,0,-95.0,0.0,0
123.300,2,0,-95.0,0.0,0
123.300,2,0,-95.0,0.0,0
123.300,2,0,-95.0,0.0,0
123.300,2,0,-95.0,0.0,0
123.300,2,0,-95.0,0.0,0
123.300,2,0,-95.0,0.0,0
123.400,2,0,-95.0,0.0,0
123.400,2,0,-95.0,0.0,0
123.400,2,0,-95.0,0.0,0
123.400,2,0,-95.0,0.0,0
123.400,2,0,-95.0,0.0,0
123.400,2,0,-95.0,0.0,0
123.400,2,0,-95.0,0.0,0
123.400,2,0,-95.0,0.0,0
123.400,2,0,-95.0,0.0,0
123.400,2,0,-95.0,0.0,0
123.500,2,0,-95.0,0.0,0
123.500,2,0,-95.0,0.0,0
123.500,2,0,-95.0,0.0,0
123.500,2,0,-95.0,0.0,0
123.500,2,0,-95.0,0.0,0
123.500,2,0,-95.0,0.0,0
123.500,2,0,-95.0,0.0,0
123.500,2,0,-95.0,0.0,0
123.500,2,0,-95.0,0.0,0
123.500,2,0,-95.0,0.0,0
123.500,2,0,-95.0,0.0,0
123.600,2,0,-95.0,0.0,0
123.600,2,0,-95.0,0.0,0
123.600,2,0,-95.0,0.0,0
123.600,2,0,-95.0,0.0,0
123.600,2,0,-95.0,0.0,0
123.600,2,0,-95.0,0.0,0
123.600,2,0,-95.0,0.0,0
123.600,2,0,-95.0,0.0,0
123.600,2,0,-95.0,0.0,0
123.600,2,0,-95.0,0.0,0
123.600,2,0,-95.0,0.0,0
123.700,2,0,-95.0,0.0,0
123.700,2,0,-95.0,0.0,0
123.700,2,0,-95.0,0.0,0
123.700,2,0,-95.0,0.0,0
123.700,2,0,-95.0,0.0,0
123.700,2,0,-95.0,0.0,0
123.700,2,0,-95.0,0.0,0
123.700,2,0,-95.0,0.0,0
123.700,2,0,-95.0,0.0,0
123.700,2,0,-95.0,0.0,0
123.700,2,0,-95.0,0.0,0
123.800,2,0,-95.0,0.0,0
123.800,2,0,-95.0,0.0,0
123.800,2,0,-95.0,0.0,0
123.800,2,0,-95.0,0.0,0
123.800,2,0,-95.0,0.0,0
123.800,2,0,-95.0,0.0,0
123.800,2,0,-95.0,0.0,0
123.800,2,0,-95.0,0.0,0
123.800,2,0,-95.0,0.0,0
123.800,2,0,-95.0,0.0,0
123.900,2,0,-95.0,0.0,0
123.900,2,0,-95.0,0.0,0
123.900,2,0,-95.0,0.0,0
123.900,2,0,-95.0,0.0,0
123.900,2,0,-95.0,0.0,0
123.900,2,0,-95.0,0.0,0
123.900,2,0,-95.0,0.0,0
123.900,2,0,-95.0,0.0,0
123.900,2,0,-95.0,0.0,0
123.900,2,0,-95.0,0.0,0
123.900,2,0,-95.0,0.0,0
124.000,2,0,-95.0,0.0,0
124.000,2,0,-95.0,0.0,0
124.000,2,0,-95.0,0.0,0
124.000,2,0,-95.0,0.0,0
124.000,2,0,-95.0,0.0,0
124.000,2,0,-95.0,0.0,0
124.000,2,0,-95.0,0.0,0
124.000,2,0,-95.0,0.0,0
124.000,2,0,-95.0,0.0,0
124.000,2,0,-95.0,0.0,0
124.000,2,0,-95.0,0.0,0
124.100,2,0,-95.0,0.0,0
124.100,2,0,-95.0,0.0,0
124.100,2,0,-95.0,0.0,0
124.100,2,0,-95.0,0.0,0
124.100,2,0,-95.0,0.0,0
124.100,2,0,-95.0,0.0,0
124.100,2,0,-95.0,0.0,0
124.100,2,0,-95.0,0.0,0
124.100,2,0,-95.0,0.0,0
124.100,2,0,-95.0,0.0,0
124.200,2,0,-95.0,0.0,0
124.200,2,0,-95.0,0.0,0
124.200,2,0,-95.0,0.0,0
124.200,2,0,-95.0,0.0,0
124.200,2,0,-95.0,0.0,0
124.200,2,0,-95.0,0.0,0
124.200,2,0,-95.0,0.0,0
124.200,2,0,-95.0,0.0,0
124.200,2,0,-95.0,0.0,0
124.200,2,0,-95.0,0.0,0
124.200,2,0,-95.0,0.0,0
124.300,2,0,-95.0,0.0,0
124.300,2,0,-95.0,0.0,0
124.300,2,0,-95.0,0.0,0
124.300,2,0,-95.0,0.0,0
124.300,2,0,-95.0,0.0,0
124.300,2,0,-95.0,0.0,0
124.300,2,0,-95.0,0.0,0
124.300,2,0,-95.0,0.0,0
124.300,2,0,-95.0,0.0,0
124.300,2,0,-95.0,0.0,0
124.300,2,0,-95.0,0.0,0
124.400,2,0,-95.0,0.0,0
124.400,2,0,-95.0,0.0,0
124.400,2,0,-95.0,0.0,0
124.400,2,0,-95.0,0.0,0
124.400,2,0,-95.0,0.0,0
124.400,2,0,-95.0,0.0,0
124.400,2,0,-95.0,0.0,0
124.400,2,0,-95.0,0.0,0
124.400,2,0,-95.0,0.0,0
124.400,2,0,-95.0,0.0,0
124.500,2,0,-95.0,0.0,0
124.500,2,0,-95.0,0.0,0
124.500,2,0,-95.0,0.0,0
124.500,2,0,-95.0,0.0,0
124.500,2,0,-95.0,0.0,0
124.500,2,0,-95.0,0.0,0
124.500,2,0,-95.0,0.0,0
124.500,2,0,-95.0,0.0,0
124.500,2,0,-95.0,0.0,0
124.500,2,0,-95.0,0.0,0
124.500,2,0,-95.0,0.0,0
124.600,2,0,-95.0,0.0,0
124.600,2,0,-95.0,0.0,0
124.600,2,0,-95.0,0.0,0
124.600,2,0,-95.0,0.0,0
124.600,2,0,-95.0,0.0,0
124.600,2,0,-95.0,0.0,0
124.600,2,0,-95.0,0.0,0
124.600,2,0,-95.0,0.0,0
124.600,2,0,-95.0,0.0,0
124.600,2,0,-95.0,0.0,0
124.600,2,0,-95.0,0.0,0
124.700,2,0,-95.0,0.0,0
124.700,2,0,-95.0,0.0,0
124.700,2,0,-95.0,0.0,0
124.700,2,0,-95.0,0.0,0
124.700,2,0,-95.0,0.0,0
124.700,2,0,-95.0,0.0,0
124.700,2,0,-95.0,0.0,0
124.700,2,0,-95.0,0.0,0
124.700,2,0,-95.0,0.0,0
124.700,2,0,-95.0,0.0,0
124.800,2,0,-95.0,0.0,0
124.800,2,0,-95.0,0.0,0
124.800,2,0,-95.0,0.0,0
124.800,2,0,-95.0,0.0,0
124.800,2,0,-95.0,0.0,0
124.800,2,0,-95.0,0.0,0
124.800,2,0,-95.0,0.0,0
124.800,2,0,-95.0,0.0,0
124.800,2,0,-95.0,0.0,0
124.800,2,0,-95.0,0.0,0
124.800,2,0,-95.0,0.0,0
124.900,2,0,-95.0,0.0,0
124.900,2,0,-95.0,0.0,0
124.900,2,0,-95.0,0.0,0
124.900,2,0,-95.0,0.0,0
124.900,2,0,-95.0,0.0,0
124.900,2,0,-95.0,0.0,0
124.900,2,0,-95.0,0.0,0
124.900,2,0,-95.0,0.0,0
124.900,2,0,-95.0,0.0,0
124.900,2,0,-95.0,0.0,0
124.900,2,0,-95.0,0.0,0
125.000,2,0,-95.0,0.0,0
125.000,2,0,-95.0,0.0,0
125.000,2,0,-95.0,0.0,0
125.000,2,0,-95.0,0.0,0
125.000,2,0,-95.0,0.0,0
125.000,2,0,-95.0,0.0,0
125.000,2,0,-95.0,0.0,0
125.000,2,0,-95.0,0.0,0
125.000,2,0,-95.0,0.0,0
125.000,2,0,-95.0,0.0,0
125.100,2,0,-95.0,0.0,0
125.100,2,0,-95.0,0.0,0
125.100,2,0,-95.0,0.0,0
125.100,2,0,-95.0,0.0,0
125.100,2,0,-95.0,0.0,0
125.100,2,0,-95.0,0.0,0
125.100,2,0,-95.0,0.0,0
125.100,2,0,-95.0,0.0,0
125.100,2,0,-95.0,0.0,0
125.100,2,0,-95.0,0.0,0
125.100,2,0,-95.0,0.0,0
125.200,2,0,-95.0,0.0,0
125.200,2,0,-95.0,0.0,0
125.200,2,0,-95.0,0.0,0
125.200,2,0,-95.0,0.0,0
125.200,2,0,-95.0,0.0,0
125.200,2,0,-95.0,0.0,0
125.200,2,0,-95.0,0.0,0
125.200,2,0,-95.0,0.0,0
125.200,2,0,-95.0,0.0,0
125.200,2,0,-95.0,0.0,0
125.200,2,0,-95.0,0.0,0
125.300,2,0,-95.0,0.0,0
125.300,2,0,-95.0,0.0,0
125.300,2,0,-95.0,0.0,0
125.300,2,0,-95.0,0.0,0
125.300,2,0,-95.0,0.0,0
125.300,2,0,-95.0,0.0,0
125.300,2,0,-95.0,0.0,0
125.300,2,0,-95.0,0.0,0
125.300,2,0,-95.0,0.0,0
125.300,2,0,-95.0,0.0,0
125.300,2,0,-95.0,0.0,0
125.400,2,0,-95.0,0.0,0
125.400,2,0,-95.0,0.0,0
125.400,2,0,-95.0,0.0,0
125.400,2,0,-95.0,0.0,0
125.400,2,0,-95.0,0.0,0
125.400,2,0,-95.0,0.0,0
125.400,2,0,-95.0,0.0,0
125.400,2,0,-95.0,0.0,0
125.400,2,0,-95.0,0.0,0
125.400,2,0,-95.0,0.0,0
125.500,2,0,-95.0,0.0,0
125.500,2,0,-95.0,0.0,0
125.500,2,0,-95.0,0.0,0
125.500,2,0,-95.0,0.0,0
125.500,2,0,-95.0,0.0,0
125.500,2,0,-95.0,0.0,0
125.500,2,0,-95.0,0.0,0
125.500,2,0,-95.0,0.0,0
125.500,2,0,-95.0,0.0,0
125.500,2,0,-95.0,0.0,0
125.500,2,0,-95.0,0.0,0
125.600,2,0,-95.0,0.0,0
125.600,2,0,-95.0,0.0,0
125.600,2,0,-95.0,0.0,0
125.600,2,0,-95.0,0.0,0
125.600,2,0,-95.0,0.0,0
125.600,2,0,-95.0,0.0,0
125.600,2,0,-95.0,0.0,0
125.600,2,0,-95.0,0.0,0
125.600,2,0,-95.0,0.0,0
125.600,2,0,-95.0,0.0,0
125.600,2,0,-95.0,0.0,0
125.700,2,0,-95.0,0.0,0
125.700,2,0,-95.0,0.0,0
125.700,2,0,-95.0,0.0,0
125.700,2,0,-95.0,0.0,0
125.700,2,0,-95.0,0.0,0
125.700,2,0,-95.0,0.0,0
125.700,2,0,-95.0,0.0,0
125.700,2,0,-95.0,0.0,0
125.700,2,0,-95.0,0.0,0
125.700,2,0,-95.0,0.0,0
125.800,2,0,-95.0,0.0,0
125.800,2,0,-95.0,0.0,0
125.800,2,0,-95.0,0.0,0
125.800,2,0,-95.0,0.0,0
125.800,2,0,-95.0,0.0,0
125.800,2,0,-95.0,0.0,0
125.800,2,0,-95.0,0.0,0
125.800,2,0,-95.0,0.0,0
125.800,2,0,-95.0,0.0,0
125.800,2,0,-95.0,0.0,0
125.800,2,0,-95.0,0.0,0
125.900,2,0,-95.0,0.0,0
125.900,2,0,-95.0,0.0,0
125.900,2,0,-95.0,0.0,0
125.900,2,0,-95.0,0.0,0
125.900,2,0,-95.0,0.0,0
125.900,2,0,-95.0,0.0,0
125.900,2,0,-95.0,0.0,0
125.900,2,0,-95.0,0.0,0
125.900,2,0,-95.0,0.0,0
125.900,2,0,-95.0,0.0,0
125.900,2,0,-95.0,0.0,0
126.000,2,0,-95.0,0.0,0
126.000,2,0,-95.0,0.0,0
126.000,2,0,-95.0,0.0,0
126.000,2,0,-95.0,0.0,0
126.000,2,0,-95.0,0.0,0
126.000,2,0,-95.0,0.0,0
126.000,2,0,-95.0,0.0,0
126.000,2,0,-95.0,0.0,0
126.000,2,0,-95.0,0.0,0
126.000,2,0,-95.0,0.0,0
126.100,2,0,-95.0,0.0,0
126.100,2,0,-95.0,0.0,0
126.100,2,0,-95.0,0.0,0
126.100,2,0,-95.0,0.0,0
126.100,2,0,-95.0,0.0,0
126.100,2,0,-95.0,0.0,0
126.100,2,0,-95.0,0.0,0
126.100,2,0,-95.0,0.0,0
126.100,2,0,-95.0,0.0,0
126.100,2,0,-95.0,0.0,0
126.100,2,0,-95.0,0.0,0
126.200,2,0,-95.0,0.0,0
126.200,2,0,-95.0,0.0,0
126.200,2,0,-95.0,0.0,0
126.200,2,0,-95.0,0.0,0
126.200,2,0,-95.0,0.0,0
126.200,2,0,-95.0,0.0,0
126.200,2,0,-95.0,0.0,0
126.200,2,0,-95.0,0.0,0
126.200,2,0,-95.0,0.0,0
126.200,2,0,-95.0,0.0,0
126.200,2,0,-95.0,0.0,0
126.300,2,0,-95.0,0.0,0
126.300,2,0,-95.0,0.0,0
126.300,2,0,-95.0,0.0,0
126.300,2,0,-95.0,0.0,0
126.300,2,0,-95.0,0.0,0
126.300,2,0,-95.0,0.0,0
126.300,2,0,-95.0,0.0,0
126.300,2,0,-95.0,0.0,0
126.300,2,0,-95.0,0.0,0
126.300,2,0,-95.0,0.0,0
126.400,2,0,-95.0,0.0,0
126.400,2,0,-95.0,0.0,0
126.400,2,0,-95.0,0.0,0
126.400,2,0,-95.0,0.0,0
126.400,2,0,-95.0,0.0,0
126.400,2,0,-95.0,0.0,0
126.400,2,0,-95.0,0.0,0
126.400,2,0,-95.0,0.0,0
126.400,2,0,-95.0,0.0,0
126.400,2,0,-95.0,0.0,0
126.400,2,0,-95.0,0.0,0
126.500,2,0,-95.0,0.0,0
126.500,2,0,-95.0,0.0,0
126.500,2,0,-95.0,0.0,0
126.500,2,0,-95.0,0.0,0
126.500,2,0,-95.0,0.0,0
126.500,2,0,-95.0,0.0,0
126.500,2,0,-95.0,0.0,0
126.500,2,0,-95.0,0.0,0
126.500,2,0,-95.0,0.0,0
126.500,2,0,-95.0,0.0,0
126.500,2,0,-95.0,0.0,0
126.600,2,0,-95.0,0.0,0
126.600,2,0,-95.0,0.0,0
126.600,2,0,-95.0,0.0,0
126.600,2,0,-95.0,0.0,0
126.600,2,0,-95.0,0.0,0
126.600,2,0,-95.0,0.0,0
126.600,2,0,-95.0,0.0,0
126.600,2,0,-95.0,0.0,0
126.600,2,0,-95.0,0.0,0
126.600,2,0,-95.0,0.0,0
126.600,2,0,-95.0,0.0,0
126.700,2,0,-95.0,0.0,0
126.700,2,0,-95.0,0.0,0
126.700,2,0,-95.0,0.0,0
126.700,2,0,-95.0,0.0,0
126.700,2,0,-95.0,0.0,0
126.700,2,0,-95.0,0.0,0
126.700,2,0,-95.0,0.0,0
126.700,2,0,-95.0,0.0,0
126.700,2,0,-95.0,0.0,0
126.700,2,0,-95.0,0.0,0
126.800,2,0,-95.0,0.0,0
126.800,2,0,-95.0,0.0,0
126.800,2,0,-95.0,0.0,0
126.800,2,0,-95.0,0.0,0
126.800,2,0,-95.0,0.0,0
126.800,2,0,-95.0,0.0,0
126.800,2,0,-95.0,0.0,0
126.800,2,0,-95.0,0.0,0
126.800,2,0,-95.0,0.0,0
126.800,2,0,-95.0,0.0,0
126.800,2,0,-95.0,0.0,0
126.900,2,0,-95.0,0.0,0
126.900,2,0,-95.0,0.0,0
126.900,2,0,-95.0,0.0,0
126.900,2,0,-95.0,0.0,0
126.900,2,0,-95.0,0.0,0
126.900,2,0,-95.0,0.0,0
126.900,2,0,-95.0,0.0,0
126.900,2,0,-95.0,0.0,0
126.900,2,0,-95.0,0.0,0
126.900,2,0,-95.0,0.0,0
126.900,2,0,-95.0,0.0,0
127.000,2,0,-95.0,0.0,0
127.000,2,0,-95.0,0.0,0
127.000,2,0,-95.0,0.0,0
127.000,2,0,-95.0,0.0,0
127.000,2,0,-95.0,0.0,0
127.000,2,0,-95.0,0.0,0
127.000,2,0,-95.0,0.0,0
127.000,2,0,-95.0,0.0,0
127.000,2,0,-95.0,0.0,0
127.000,2,0,-95.0,0.0,0
127.100,2,0,-95.0,0.0,0
127.100,2,0,-95.0,0.0,0
127.100,2,0,-95.0,0.0,0
127.100,2,0,-95.0,0.0,0
127.100,2,0,-95.0,0.0,0
127.100,2,0,-95.0,0.0,0
127.100,2,0,-95.0,0.0,0
127.100,2,0,-95.0,0.0,0
127.100,2,0,-95.0,0.0,0
127.100,2,0,-95.0,0.0,0
127.100,2,0,-95.0,0.0,0
127.200,2,0,-95.0,0.0,0
127.200,2,0,-95.0,0.0,0
127.200,2,0,-95.0,0.0,0
127.200,2,0,-95.0,0.0,0
127.200,2,0,-95.0,0.0,0
127.200,2,0,-95.0,0.0,0
127.200,2,0,-95.0,0.0,0
127.200,2,0,-95.0,0.0,0
127.200,2,0,-95.0,0.0,0
127.200,2,0,-95.0,0.0,0
127.200,2,0,-95.0,0.0,0
127.300,2,0,-95.0,0.0,0
127.300,2,0,-95.0,0.0,0
127.300,2,0,-95.0,0.0,0
127.300,2,0,-95.0,0.0,0
127.300,2,0,-95.0,0.0,0
127.300,2,0,-95.0,0.0,0
127.300,2,0,-95.0,0.0,0
127.300,2,0,-95.0,0.0,0
127.300,2,0,-95.0,0.0,0
127.300,2,0,-95.0,0.0,0
127.400,2,0,-95.0,0.0,0
127.400,2,0,-95.0,0.0,0
127.400,2,0,-95.0,0.0,0
127.400,2,0,-95.0,0.0,0
127.400,2,0,-95.0,0.0,0
127.400,2,0,-95.0,0.0,0
127.400,2,0,-95.0,0.0,0
127.400,2,0,-95.0,0.0,0
127.400,2,0,-95.0,0.0,0
127.400,2,0,-95.0,0.0,0
127.400,2,0,-95.0,0.0,0
127.500,2,0,-95.0,0.0,0
127.500,2,0,-95.0,0.0,0
127.500,2,0,-95.0,0.0,0
127.500,2,0,-95.0,0.0,0
127.500,2,0,-95.0,0.0,0
127.500,2,0,-95.0,0.0,0
127.500,2,0,-95.0,0.0,0
127.500,2,0,-95.0,0.0,0
127.500,2,0,-95.0,0.0,0
127.500,2,0,-95.0,0.0,0
127.500,2,0,-95.0,0.0,0
127.600,2,0,-95.0,0.0,0
127.600,2,0,-95.0,0.0,0
127.600,2,0,-95.0,0.0,0
127.600,2,0,-95.0,0.0,0
127.600,2,0,-95.0,0.0,0
127.600,2,0,-95.0,0.0,0
127.600,2,0,-95.0,0.0,0
127.600,2,0,-95.0,0.0,0
127.600,2,0,-95.0,0.0,0
127.600,2,0,-95.0,0.0,0
127.600,2,0,-95.0,0.0,0
127.700,2,0,-95.0,0.0,0
127.700,2,0,-95.0,0.0,0
127.700,2,0,-95.0,0.0,0
127.700,2,0,-95.0,0.0,0
127.700,2,0,-95.0,0.0,0
127.700,2,0,-95.0,0.0,0
127.700,2,0,-95.0,0.0,0
127.700,2,0,-95.0,0.0,0
127.700,2,0,-95.0,0.0,0
127.700,2,0,-95.0,0.0,0
127.800,2,0,-95.0,0.0,0
127.800,2,0,-95.0,0.0,0
127.800,2,0,-95.0,0.0,0
127.800,2,0,-95.0,0.0,0
127.800,2,0,-95.0,0.0,0
127.800,2,0,-95.0,0.0,0
127.800,2,0,-95.0,0.0,0
127.800,2,0,-95.0,0.0,0
127.800,2,0,-95.0,0.0,0
127.800,2,0,-95.0,0.0,0
127.800,2,0,-95.0,0.0,0
127.900,2,0,-95.0,0.0,0
127.900,2,0,-95.0,0.0,0
127.900,2,0,-95.0,0.0,0
127.900,2,0,-95.0,0.0,0
127.900,2,0,-95.0,0.0,0
127.900,2,0,-95.0,0.0,0
127.900,2,0,-95.0,0.0,0
127.900,2,0,-95.0,0.0,0
127.900,2,0,-95.0,0.0,0
127.900,2,0,-95.0,0.0,0
127.900,2,0,-95.0,0.0,0
128.000,2,0,-95.0,0.0,0
128.000,2,0,-95.0,0.0,0
128.000,2,0,-95.0,0.0,0
128.000,2,0,-95.0,0.0,0
128.000,2,0,-95.0,0.0,0
128.000,2,0,-95.0,0.0,0
128.000,2,0,-95.0,0.0,0
128.000,2,0,-95.0,0.0,0
128.000,2,0,-95.0,0.0,0
128.000,2,0,-95.0,0.0,0
128.100,2,0,-95.0,0.0,0
128.100,2,0,-95.0,0.0,0
128.100,2,0,-95.0,0.0,0
128.100,2,0,-95.0,0.0,0
128.100,2,0,-95.0,0.0,0
128.100,2,0,-95.0,0.0,0
128.100,2,0,-95.0,0.0,0
128.100,2,0,-95.0,0.0,0
128.100,2,0,-95.0,0.0,0
128.100,2,0,-95.0,0.0,0
128.100,2,0,-95.0,0.0,0
128.200,2,0,-95.0,0.0,0
128.200,2,0,-95.0,0.0,0
128.200,2,0,-95.0,0.0,0
128.200,2,0,-95.0,0.0,0
128.200,2,0,-95.0,0.0,0
128.200,2,0,-95.0,0.0,0
128.200,2,0,-95.0,0.0,0
128.200,2,0,-95.0,0.0,0
128.200,2,0,-95.0,0.0,0
128.200,2,0,-95.0,0.0,0
128.200,2,0,-95.0,0.0,0
128.300,2,0,-95.0,0.0,0
128.300,2,0,-95.0,0.0,0
128.300,2,0,-95.0,0.0,0
128.300,2,0,-95.0,0.0,0
128.300,2,0,-95.0,0.0,0
128.300,2,0,-95.0,0.0,0
128.300,2,0,-95.0,0.0,0
128.300,2,0,-95.0,0.0,0
128.300,2,0,-95.0,0.0,0
128.300,2,0,-95.0,0.0,0
128.400,2,0,-95.0,0.0,0
128.400,2,0,-95.0,0.0,0
128.400,2,0,-95.0,0.0,0
128.400,2,0,-95.0,0.0,0
128.400,2,0,-95.0,0.0,0
128.400,2,0,-95.0,0.0,0
128.400,2,0,-95.0,0.0,0
128.400,2,0,-95.0,0.0,0
128.400,2,0,-95.0,0.0,0
128.400,2,0,-95.0,0.0,0
128.400,2,0,-95.0,0.0,0
128.500,2,0,-95.0,0.0,0
128.500,2,0,-95.0,0.0,0
128.500,2,0,-95.0,0.0,0
128.500,2,0,-95.0,0.0,0
128.500,2,0,-95.0,0.0,0
128.500,2,0,-95.0,0.0,0
128.500,2,0,-95.0,0.0,0
128.500,2,0,-95.0,0.0,0
128.500,2,0,-95.0,0.0,0
128.500,2,0,-95.0,0.0,0
128.500,2,0,-95.0,0.0,0
128.600,2,0,-95.0,0.0,0
128.600,2,0,-95.0,0.0,0
128.600,2,0,-95.0,0.0,0
128.600,2,0,-95.0,0.0,0
128.600,2,0,-95.0,0.0,0
128.600,2,0,-95.0,0.0,0
128.600,2,0,-95.0,0.0,0
128.600,2,0,-95.0,0.0,0
128.600,2,0,-95.0,0.0,0
128.600,2,0,-95.0,0.0,0
128.700,2,0,-95.0,0.0,0
128.700,2,0,-95.0,0.0,0
128.700,2,0,-95.0,0.0,0
128.700,2,0,-95.0,0.0,0
128.700,2,0,-95.0,0.0,0
128.700,2,0,-95.0,0.0,0
128.700,2,0,-95.0,0.0,0
128.700,2,0,-95.0,0.0,0
128.700,2,0,-95.0,0.0,0
128.700,2,0,-95.0,0.0,0
128.700,2,0,-95.0,0.0,0
128.800,2,0,-95.0,0.0,0
128.800,2,0,-95.0,0.0,0
128.800,2,0,-95.0,0.0,0
128.800,2,0,-95.0,0.0,0
128.800,2,0,-95.0,0.0,0
128.800,2,0,-95.0,0.0,0
128.800,2,0,-95.0,0.0,0
128.800,2,0,-95.0,0.0,0
128.800,2,0,-95.0,0.0,0
128.800,2,0,-95.0,0.0,0
128.800,2,0,-95.0,0.0,0
128.900,2,0,-95.0,0.0,0
128.900,2,0,-95.0,0.0,0
128.900,2,0,-95.0,0.0,0
128.900,2,0,-95.0,0.0,0
128.900,2,0,-95.0,0.0,0
128.900,2,0,-95.0,0.0,0
128.900,2,0,-95.0,0.0,0
128.900,2,0,-95.0,0.0,0
128.900,2,0,-95.0,0.0,0
128.900,2,0,-95.0,0.0,0
129.000,2,0,-95.0,0.0,0
129.000,2,0,-95.0,0.0,0
129.000,2,0,-95.0,0.0,0
129.000,2,0,-95.0,0.0,0
129.000,2,0,-95.0,0.0,0
129.000,2,0,-95.0,0.0,0
129.000,2,0,-95.0,0.0,0
129.000,2,0,-95.0,0.0,0
129.000,2,0,-95.0,0.0,0
129.000,2,0,-95.0,0.0,0
129.000,2,0,-95.0,0.0,0
129.100,2,0,-95.0,0.0,0
129.100,2,0,-95.0,0.0,0
129.100,2,0,-95.0,0.0,0
129.100,2,0,-95.0,0.0,0
129.100,2,0,-95.0,0.0,0
129.100,2,0,-95.0,0.0,0
129.100,2,0,-95.0,0.0,0
129.100,2,0,-95.0,0.0,0
129.100,2,0,-95.0,0.0,0
129.100,2,0,-95.0,0.0,0
129.100,2,0,-95.0,0.0,0
129.200,2,0,-95.0,0.0,0
129.200,2,0,-95.0,0.0,0
129.200,2,0,-95.0,0.0,0
129.200,2,0,-95.0,0.0,0
129.200,2,0,-95.0,0.0,0
129.200,2,0,-95.0,0.0,0
129.200,2,0,-95.0,0.0,0
129.200,2,0,-95.0,0.0,0
129.200,2,0,-95.0,0.0,0
129.200,2,0,-95.0,0.0,0
129.200,2,0,-95.0,0.0,0
129.300,2,0,-95.0,0.0,0
129.300,2,0,-95.0,0.0,0
129.300,2,0,-95.0,0.0,0
129.300,2,0,-95.0,0.0,0
129.300,2,0,-95.0,0.0,0
129.300,2,0,-95.0,0.0,0
129.300,2,0,-95.0,0.0,0
129.300,2,0,-95.0,0.0,0
129.300,2,0,-95.0,0.0,0
129.300,2,0,-95.0,0.0,0
129.400,2,0,-95.0,0.0,0
129.400,2,0,-95.0,0.0,0
129.400,2,0,-95.0,0.0,0
129.400,2,0,-95.0,0.0,0
129.400,2,0,-95.0,0.0,0
129.400,2,0,-95.0,0.0,0
129.400,2,0,-95.0,0.0,0
129.400,2,0,-95.0,0.0,0
129.400,2,0,-95.0,0.0,0
129.400,2,0,-95.0,0.0,0
129.400,2,0,-95.0,0.0,0
129.500,2,0,-95.0,0.0,0
129.500,2,0,-95.0,0.0,0
129.500,2,0,-95.0,0.0,0
129.500,2,0,-95.0,0.0,0
129.500,2,0,-95.0,0.0,0
129.500,2,0,-95.0,0.0,0
129.500,2,0,-95.0,0.0,0
129.500,2,0,-95.0,0.0,0
129.500,2,0,-95.0,0.0,0
129.500,2,0,-95.0,0.0,0
129.500,2,0,-95.0,0.0,0
129.600,2,0,-95.0,0.0,0
129.600,2,0,-95.0,0.0,0
129.600,2,0,-95.0,0.0,0
129.600,2,0,-95.0,0.0,0
129.600,2,0,-95.0,0.0,0
129.600,2,0,-95.0,0.0,0
129.600,2,0,-95.0,0.0,0
129.600,2,0,-95.0,0.0,0
129.600,2,0,-95.0,0.0,0
129.600,2,0,-95.0,0.0,0
129.700,2,0,-95.0,0.0,0
129.700,2,0,-95.0,0.0,0
129.700,2,0,-95.0,0.0,0
129.700,2,0,-95.0,0.0,0
129.700,2,0,-95.0,0.0,0
129.700,2,0,-95.0,0.0,0
129.700,2,0,-95.0,0.0,0
129.700,2,0,-95.0,0.0,0
129.700,2,0,-95.0,0.0,0
129.700,2,0,-95.0,0.0,0
129.700,2,0,-95.0,0.0,0
129.800,2,0,-95.0,0.0,0
129.800,2,0,-95.0,0.0,0
129.800,2,0,-95.0,0.0,0
129.800,2,0,-95.0,0.0,0
129.800,2,0,-95.0,0.0,0
129.800,2,0,-95.0,0.0,0
129.800,2,0,-95.0,0.0,0
129.800,2,0,-95.0,0.0,0
129.800,2,0,-95.0,0.0,0
129.800,2,0,-95.0,0.0,0
129.800,2,0,-95.0,0.0,0
129.900,2,0,-95.0,0.0,0
129.900,2,0,-95.0,0.0,0
129.900,2,0,-95.0,0.0,0
129.900,2,0,-95.0,0.0,0
129.900,2,0,-95.0,0.0,0
129.900,2,0,-95.0,0.0,0
129.900,2,0,-95.0,0.0,0
129.900,2,0,-95.0,0.0,0
129.900,2,0,-95.0,0.0,0
129.900,2,0,-95.0,0.0,0
129.900,2,0,-95.0,0.0,0
130.000,2,0,-95.0,0.0,0
130.000,2,0,-95.0,0.0,0
130.000,2,0,-95.0,0.0,0
130.000,2,0,-95.0,0.0,0
130.000,2,0,-95.0,0.0,0
130.000,2,0,-95.0,0.0,0
130.000,2,0,-95.0,0.0,0
130.000,2,0,-95.0,0.0,0
130.000,2,0,-95.0,0.0,0
130.000,2,0,-95.0,0.0,0
130.100,0,0,0.0,0.0,0
130.100,0,0,0.0,0.0,0
130.100,0,0,0.0,0.0,0
130.100,0,0,0.0,0.0,0
130.100,0,0,0.0,0.0,0
130.100,0,0,0.0,0.0,0
130.100,0,0,0.0,0.0,0
130.100,0,0,0.0,0.0,0
130.100,0,0,0.0,0.0,0
130.100,0,0,0.0,0.0,0
130.100,0,0,0.0,0.0,0
130.200,0,0,0.0,0.0,0
130.200,0,0,0.0,0.0,0
130.200,0,0,0.0,0.0,0
130.200,0,0,0.0,0.0,0
130.200,0,0,0.0,0.0,0
130.200,0,0,0.0,0.0,0
130.200,0,0,0.0,0.0,0
130.200,0,0,0.0,0.0,0
130.200,0,0,0.0,0.0,0
130.200,0,0,0.0,0.0,0
130.200,0,0,0.0,0.0,0
130.300,0,0,0.0,0.0,0
130.300,0,0,0.0,0.0,0
130.300,0,0,0.0,0.0,0
130.300,0,0,0.0,0.0,0
130.300,0,0,0.0,0.0,0
130.300,0,0,0.0,0.0,0
130.300,0,0,0.0,0.0,0
130.300,0,0,0.0,0.0,0
130.300,0,0,0.0,0.0,0
130.300,0,0,0.0,0.0,0
130.400,0,0,0.0,0.0,0
130.400,0,0,0.0,0.0,0
130.400,0,0,0.0,0.0,0
130.400,0,0,0.0,0.0,0
130.400,0,0,0.0,0.0,0
130.400,0,0,0.0,0.0,0
130.400,0,0,0.0,0.0,0
130.400,0,0,0.0,0.0,0
130.400,0,0,0.0,0.0,0
130.400,0,0,0.0,0.0,0
130.400,0,0,0.0,0.0,0
130.500,0,0,0.0,0.0,0
130.500,0,0,0.0,0.0,0
130.500,0,0,0.0,0.0,0
130.500,0,0,0.0,0.0,0
130.500,0,0,0.0,0.0,0
130.500,0,0,0.0,0.0,0
130.500,0,0,0.0,0.0,0
130.500,0,0,0.0,0.0,0
130.500,0,0,0.0,0.0,0
130.500,0,0,0.0,0.0,0
130.500,0,0,0.0,0.0,0
130.600,0,0,0.0,0.0,0
130.600,0,0,0.0,0.0,0
130.600,0,0,0.0,0.0,0
130.600,0,0,0.0,0.0,0
130.600,0,0,0.0,0.0,0
130.600,0,0,0.0,0.0,0
130.600,0,0,0.0,0.0,0
130.600,0,0,0.0,0.0,0
130.600,0,0,0.0,0.0,0
130.600,0,0,0.0,0.0,0
130.700,0,0,0.0,0.0,0
130.700,0,0,0.0,0.0,0
130.700,0,0,0.0,0.0,0
130.700,0,0,0.0,0.0,0
130.700,0,0,0.0,0.0,0
130.700,0,0,0.0,0.0,0
130.700,0,0,0.0,0.0,0
130.700,0,0,0.0,0.0,0
130.700,0,0,0.0,0.0,0
130.700,0,0,0.0,0.0,0
130.700,0,0,0.0,0.0,0
130.800,0,0,0.0,0.0,0
130.800,0,0,0.0,0.0,0
130.800,0,0,0.0,0.0,0
130.800,0,0,0.0,0.0,0
130.800,0,0,0.0,0.0,0
130.800,0,0,0.0,0.0,0
130.800,0,0,0.0,0.0,0
130.800,0,0,0.0,0.0,0
130.800,0,0,0.0,0.0,0
130.800,0,0,0.0,0.0,0
130.800,0,0,0.0,0.0,0
130.900,0,0,0.0,0.0,0
130.900,0,0,0.0,0.0,0
130.900,0,0,0.0,0.0,0
130.900,0,0,0.0,0.0,0
130.900,0,0,0.0,0.0,0
130.900,0,0,0.0,0.0,0
130.900,0,0,0.0,0.0,0
130.900,0,0,0.0,0.0,0
130.900,0,0,0.0,0.0,0
130.900,0,0,0.0,0.0,0
131.000,0,0,0.0,0.0,0
131.000,0,0,0.0,0.0,0
131.000,0,0,0.0,0.0,0
131.000,0,0,0.0,0.0,0
131.000,0,0,0.0,0.0,0
131.000,0,0,0.0,0.0,0
131.000,0,0,0.0,0.0,0
131.000,0,0,0.0,0.0,0
131.000,0,0,0.0,0.0,0
131.000,0,0,0.0,0.0,0
131.000,0,0,0.0,0.0,0
131.100,0,0,0.0,0.0,0
131.100,0,0,0.0,0.0,0
131.100,0,0,0.0,0.0,0
131.100,0,0,0.0,0.0,0
131.100,0,0,0.0,0.0,0
131.100,0,0,0.0,0.0,0
131.100,0,0,0.0,0.0,0
131.100,0,0,0.0,0.0,0
131.100,0,0,0.0,0.0,0
131.100,0,0,0.0,0.0,0
131.100,0,0,0.0,0.0,0
131.200,0,0,0.0,0.0,0
131.200,0,0,0.0,0.0,0
131.200,0,0,0.0,0.0,0
131.200,0,0,0.0,0.0,0
131.200,0,0,0.0,0.0,0
131.200,0,0,0.0,0.0,0
131.200,0,0,0.0,0.0,0
131.200,0,0,0.0,0.0,0
131.200,0,0,0.0,0.0,0
131.200,0,0,0.0,0.0,0
131.300,0,0,0.0,0.0,0
131.300,0,0,0.0,0.0,0
131.300,0,0,0.0,0.0,0
131.300,0,0,0.0,0.0,0
131.300,0,0,0.0,0.0,0
131.300,0,0,0.0,0.0,0
131.300,0,0,0.0,0.0,0
131.300,0,0,0.0,0.0,0
131.300,0,0,0.0,0.0,0
131.300,0,0,0.0,0.0,0
131.300,0,0,0.0,0.0,0
131.400,0,0,0.0,0.0,0
131.400,0,0,0.0,0.0,0
131.400,0,0,0.0,0.0,0
131.400,0,0,0.0,0.0,0
131.400,0,0,0.0,0.0,0
131.400,0,0,0.0,0.0,0
131.400,0,0,0.0,0.0,0
131.400,0,0,0.0,0.0,0
131.400,0,0,0.0,0.0,0
131.400,0,0,0.0,0.0,0
131.400,0,0,0.0,0.0,0
131.500,0,0,0.0,0.0,0
131.500,0,0,0.0,0.0,0
131.500,0,0,0.0,0.0,0
131.500,0,0,0.0,0.0,0
131.500,0,0,0.0,0.0,0
131.500,0,0,0.0,0.0,0
131.500,0,0,0.0,0.0,0
131.500,0,0,0.0,0.0,0
131.500,0,0,0.0,0.0,0
131.500,0,0,0.0,0.0,0
131.500,0,0,0.0,0.0,0
131.600,0,0,0.0,0.0,0
131.600,0,0,0.0,0.0,0
131.600,0,0,0.0,0.0,0
131.600,0,0,0.0,0.0,0
131.600,0,0,0.0,0.0,0
131.600,0,0,0.0,0.0,0
131.600,0,0,0.0,0.0,0
131.600,0,0,0.0,0.0,0
131.600,0,0,0.0,0.0,0
131.600,0,0,0.0,0.0,0
131.700,0,0,0.0,0.0,0
131.700,0,0,0.0,0.0,0
131.700,0,0,0.0,0.0,0
131.700,0,0,0.0,0.0,0
131.700,0,0,0.0,0.0,0
131.700,0,0,0.0,0.0,0
131.700,0,0,0.0,0.0,0
131.700,0,0,0.0,0.0,0
131.700,0,0,0.0,0.0,0
131.700,0,0,0.0,0.0,0
131.700,0,0,0.0,0.0,0
131.800,0,0,0.0,0.0,0
131.800,0,0,0.0,0.0,0
131.800,0,0,0.0,0.0,0
131.800,0,0,0.0,0.0,0
131.800,0,0,0.0,0.0,0
131.800,0,0,0.0,0.0,0
131.800,0,0,0.0,0.0,0
131.800,0,0,0.0,0.0,0
131.800,0,0,0.0,0.0,0
131.800,0,0,0.0,0.0,0
131.800,0,0,0.0,0.0,0
131.900,0,0,0.0,0.0,0
131.900,0,0,0.0,0.0,0
131.900,0,0,0.0,0.0,0
131.900,0,0,0.0,0.0,0
131.900,0,0,0.0,0.0,0
131.900,0,0,0.0,0.0,0
131.900,0,0,0.0,0.0,0
131.900,0,0,0.0,0.0,0
131.900,0,0,0.0,0.0,0
131.900,0,0,0.0,0.0,0
132.000,0,0,0.0,0.0,0
132.000,0,0,0.0,0.0,0
132.000,0,0,0.0,0.0,0
132.000,0,0,0.0,0.0,0
132.000,0,0,0.0,0.0,0
132.000,0,0,0.0,0.0,0
132.000,0,0,0.0,0.0,0
132.000,0,0,0.0,0.0,0
132.000,0,0,0.0,0.0,0
132.000,0,0,0.0,0.0,0
132.000,0,0,0.0,0.0,0
132.100,0,0,0.0,0.0,0
132.100,0,0,0.0,0.0,0
132.100,0,0,0.0,0.0,0
132.100,0,0,0.0,0.0,0
132.100,0,0,0.0,0.0,0
132.100,0,0,0.0,0.0,0
132.100,0,0,0.0,0.0,0
132.100,0,0,0.0,0.0,0
132.100,0,0,0.0,0.0,0
132.100,0,0,0.0,0.0,0
132.100,0,0,0.0,0.0,0
132.200,0,0,0.0,0.0,0
132.200,0,0,0.0,0.0,0
132.200,0,0,0.0,0.0,0
132.200,0,0,0.0,0.0,0
132.200,0,0,0.0,0.0,0
132.200,0,0,0.0,0.0,0
132.200,0,0,0.0,0.0,0
132.200,0,0,0.0,0.0,0
132.200,0,0,0.0,0.0,0
132.200,0,0,0.0,0.0,0
132.300,0,0,0.0,0.0,0
132.300,0,0,0.0,0.0,0
132.300,0,0,0.0,0.0,0
132.300,0,0,0.0,0.0,0
132.300,0,0,0.0,0.0,0
132.300,0,0,0.0,0.0,0
132.300,0,0,0.0,0.0,0
132.300,0,0,0.0,0.0,0
132.300,0,0,0.0,0.0,0
132.300,0,0,0.0,0.0,0
132.300,0,0,0.0,0.0,0
132.400,0,0,0.0,0.0,0
132.400,0,0,0.0,0.0,0
132.400,0,0,0.0,0.0,0
132.400,0,0,0.0,0.0,0
132.400,0,0,0.0,0.0,0
132.400,0,0,0.0,0.0,0
132.400,0,0,0.0,0.0,0
132.400,0,0,0.0,0.0,0
132.400,0,0,0.0,0.0,0
132.400,0,0,0.0,0.0,0
132.400,0,0,0.0,0.0,0
132.500,0,0,0.0,0.0,0
132.500,0,0,0.0,0.0,0
132.500,0,0,0.0,0.0,0
132.500,0,0,0.0,0.0,0
132.500,0,0,0.0,0.0,0
132.500,0,0,0.0,0.0,0
132.500,0,0,0.0,0.0,0
132.500,0,0,0.0,0.0,0
132.500,0,0,0.0,0.0,0
132.500,0,0,0.0,0.0,0
132.600,0,0,0.0,0.0,0
132.600,0,0,0.0,0.0,0
132.600,0,0,0.0,0.0,0
132.600,0,0,0.0,0.0,0
132.600,0,0,0.0,0.0,0
132.600,0,0,0.0,0.0,0
132.600,0,0,0.0,0.0,0
132.600,0,0,0.0,0.0,0
132.600,0,0,0.0,0.0,0
132.600,0,0,0.0,0.0,0
132.600,0,0,0.0,0.0,0
132.700,0,0,0.0,0.0,0
132.700,0,0,0.0,0.0,0
132.700,0,0,0.0,0.0,0
132.700,0,0,0.0,0.0,0
132.700,0,0,0.0,0.0,0
132.700,0,0,0.0,0.0,0
132.700,0,0,0.0,0.0,0
132.700,0,0,0.0,0.0,0
132.700,0,0,0.0,0.0,0
132.700,0,0,0.0,0.0,0
132.700,0,0,0.0,0.0,0
132.800,0,0,0.0,0.0,0
132.800,0,0,0.0,0.0,0
132.800,0,0,0.0,0.0,0
132.800,0,0,0.0,0.0,0
132.800,0,0,0.0,0.0,0
132.800,0,0,0.0,0.0,0
132.800,0,0,0.0,0.0,0
132.800,0,0,0.0,0.0,0
132.800,0,0,0.0,0.0,0
132.800,0,0,0.0,0.0,0
132.800,0,0,0.0,0.0,0
132.900,0,0,0.0,0.0,0
132.900,0,0,0.0,0.0,0
132.900,0,0,0.0,0.0,0
132.900,0,0,0.0,0.0,0
132.900,0,0,0.0,0.0,0
132.900,0,0,0.0,0.0,0
132.900,0,0,0.0,0.0,0
132.900,0,0,0.0,0.0,0
132.900,0,0,0.0,0.0,0
132.900,0,0,0.0,0.0,0
