t_sec,turn_class,hill_class,turn_angle_deg,hill_angle_deg,is_straight
0.000,0,0,0.0,0.0,0
0.000,0,0,0.0,0.0,0
0.000,0,0,0.0,0.0,0
0.000,0,0,0.0,0.0,0
0.100,0,0,0.0,0.0,0
0.100,0,0,0.0,0.0,0
0.100,0,0,0.0,0.0,0
0.100,0,0,0.0,0.0,0
0.200,0,0,0.0,0.0,0
0.200,0,0,0.0,0.0,0
0.200,0,0,0.0,0.0,0
0.300,0,0,0.0,0.0,0
0.300,0,0,0.0,0.0,0
0.300,0,0,0.0,0.0,0
0.300,0,0,0.0,0.0,0
0.400,0,0,0.0,0.0,0
0.400,0,0,0.0,0.0,0
0.400,0,0,0.0,0.0,0
0.500,0,0,0.0,0.0,0
0.500,0,0,0.0,0.0,0
0.500,0,0,0.0,0.0,0
0.500,0,0,0.0,0.0,0
0.600,0,0,0.0,0.0,0
0.600,0,0,0.0,0.0,0
0.600,0,0,0.0,0.0,0
0.600,0,0,0.0,0.0,0
0.700,0,0,0.0,0.0,0
0.700,0,0,0.0,0.0,0
0.700,0,0,0.0,0.0,0
0.800,0,0,0.0,0.0,0
0.800,0,0,0.0,0.0,0
0.800,0,0,0.0,0.0,0
0.800,0,0,0.0,0.0,0
0.900,0,0,0.0,0.0,0
0.900,0,0,0.0,0.0,0
0.900,0,0,0.0,0.0,0
1.000,0,0,0.0,0.0,0
1.000,0,0,0.0,0.0,0
1.000,0,0,0.0,0.0,0
1.000,0,0,0.0,0.0,0
1.100,0,0,0.0,0.0,0
1.100,0,0,0.0,0.0,0
1.100,0,0,0.0,0.0,0
1.200,0,0,0.0,0.0,0
1.200,0,0,0.0,0.0,0
1.200,0,0,0.0,0.0,0
1.200,0,0,0.0,0.0,0
1.300,0,0,0.0,0.0,0
1.300,0,0,0.0,0.0,0
1.300,0,0,0.0,0.0,0
1.300,0,0,0.0,0.0,0
1.400,0,0,0.0,0.0,0
1.400,0,0,0.0,0.0,0
1.400,0,0,0.0,0.0,0
1.500,0,0,0.0,0.0,0
1.500,0,0,0.0,0.0,0
1.500,0,0,0.0,0.0,0
1.500,0,0,0.0,0.0,0
1.600,0,0,0.0,0.0,0
1.600,0,0,0.0,0.0,0
1.600,0,0,0.0,0.0,0
1.700,0,0,0.0,0.0,0
1.700,0,0,0.0,0.0,0
1.700,0,0,0.0,0.0,0
1.700,0,0,0.0,0.0,0
1.800,0,0,0.0,0.0,0
1.800,0,0,0.0,0.0,0
1.800,0,0,0.0,0.0,0
1.900,0,0,0.0,0.0,0
1.900,0,0,0.0,0.0,0
1.900,0,0,0.0,0.0,0
1.900,0,0,0.0,0.0,0
2.000,0,0,0.0,0.0,0
2.000,0,0,0.0,0.0,0
2.000,0,0,0.0,0.0,0
2.100,0,0,0.0,0.0,0
2.100,0,0,0.0,0.0,0
2.100,0,0,0.0,0.0,0
2.100,0,0,0.0,0.0,0
2.200,0,0,0.0,0.0,0
2.200,0,0,0.0,0.0,0
2.200,0,0,0.0,0.0,0
2.200,0,0,0.0,0.0,0
2.300,0,0,0.0,0.0,0
2.300,0,0,0.0,0.0,0
2.300,0,0,0.0,0.0,0
2.400,0,0,0.0,0.0,0
2.400,0,0,0.0,0.0,0
2.400,0,0,0.0,0.0,0
2.400,0,0,0.0,0.0,0
2.500,0,0,0.0,0.0,0
2.500,0,0,0.0,0.0,0
2.500,0,0,0.0,0.0,0
2.600,0,0,0.0,0.0,0
2.600,0,0,0.0,0.0,0
2.600,0,0,0.0,0.0,0
2.600,0,0,0.0,0.0,0
2.700,0,0,0.0,0.0,0
2.700,0,0,0.0,0.0,0
2.700,0,0,0.0,0.0,0
2.800,0,0,0.0,0.0,0
2.800,0,0,0.0,0.0,0
2.800,0,0,0.0,0.0,0
2.800,0,0,0.0,0.0,0
2.900,0,0,0.0,0.0,0
2.900,0,0,0.0,0.0,0
2.900,0,0,0.0,0.0,0
2.900,0,0,0.0,0.0,0
3.000,0,0,0.0,0.0,0
3.000,0,0,0.0,0.0,0
3.000,0,0,0.0,0.0,0
3.100,0,0,0.0,0.0,0
3.100,0,0,0.0,0.0,0
3.100,0,0,0.0,0.0,0
3.100,0,0,0.0,0.0,0
3.200,0,0,0.0,0.0,0
3.200,0,0,0.0,0.0,0
3.200,0,0,0.0,0.0,0
3.300,0,0,0.0,0.0,0
3.300,0,0,0.0,0.0,0
3.300,0,0,0.0,0.0,0
3.300,0,0,0.0,0.0,0
3.400,0,0,0.0,0.0,0
3.400,0,0,0.0,0.0,0
3.400,0,0,0.0,0.0,0
3.500,0,0,0.0,0.0,0
3.500,0,0,0.0,0.0,0
3.500,0,0,0.0,0.0,0
3.500,0,0,0.0,0.0,0
3.600,0,0,0.0,0.0,0
3.600,0,0,0.0,0.0,0
3.600,0,0,0.0,0.0,0
3.600,0,0,0.0,0.0,0
3.700,0,0,0.0,0.0,0
3.700,0,0,0.0,0.0,0
3.700,0,0,0.0,0.0,0
3.800,0,0,0.0,0.0,0
3.800,0,0,0.0,0.0,0
3.800,0,0,0.0,0.0,0
3.800,0,0,0.0,0.0,0
3.900,0,0,0.0,0.0,0
3.900,0,0,0.0,0.0,0
3.900,0,0,0.0,0.0,0
4.000,0,0,0.0,0.0,0
4.000,0,0,0.0,0.0,0
4.000,0,0,0.0,0.0,0
4.000,0,0,0.0,0.0,0
4.100,0,0,0.0,0.0,0
4.100,0,0,0.0,0.0,0
4.100,0,0,0.0,0.0,0
4.200,0,0,0.0,0.0,0
4.200,0,0,0.0,0.0,0
4.200,0,0,0.0,0.0,0
4.200,0,0,0.0,0.0,0
4.300,0,0,0.0,0.0,0
4.300,0,0,0.0,0.0,0
4.300,0,0,0.0,0.0,0
4.400,0,0,0.0,0.0,0
4.400,0,0,0.0,0.0,0
4.400,0,0,0.0,0.0,0
4.400,0,0,0.0,0.0,0
4.500,0,0,0.0,0.0,0
4.500,0,0,0.0,0.0,0
4.500,0,0,0.0,0.0,0
4.500,0,0,0.0,0.0,0
4.600,0,0,0.0,0.0,0
4.600,0,0,0.0,0.0,0
4.600,0,0,0.0,0.0,0
4.700,0,0,0.0,0.0,0
4.700,0,0,0.0,0.0,0
4.700,0,0,0.0,0.0,0
4.700,0,0,0.0,0.0,0
4.800,0,0,0.0,0.0,0
4.800,0,0,0.0,0.0,0
4.800,0,0,0.0,0.0,0
4.900,0,0,0.0,0.0,0
4.900,0,0,0.0,0.0,0
4.900,0,0,0.0,0.0,0
4.900,0,0,0.0,0.0,0
5.000,0,0,0.0,0.0,0
5.000,0,0,0.0,0.0,0
5.000,0,0,0.0,0.0,0
5.100,0,0,0.0,0.0,0
5.100,0,0,0.0,0.0,0
5.100,0,0,0.0,0.0,0
5.100,0,0,0.0,0.0,0
5.200,0,0,0.0,0.0,0
5.200,0,0,0.0,0.0,0
5.200,0,0,0.0,0.0,0
5.200,0,0,0.0,0.0,0
5.300,1,0,90.0,0.0,0
5.300,1,0,90.0,0.0,0
5.300,1,0,90.0,0.0,0
5.400,1,0,90.0,0.0,0
5.400,1,0,90.0,0.0,0
5.400,1,0,90.0,0.0,0
5.400,1,0,90.0,0.0,0
5.500,1,0,90.0,0.0,0
5.500,1,0,90.0,0.0,0
5.500,1,0,90.0,0.0,0
5.600,1,0,90.0,0.0,0
5.600,1,0,90.0,0.0,0
5.600,1,0,90.0,0.0,0
5.600,1,0,90.0,0.0,0
5.700,1,0,90.0,0.0,0
5.700,1,0,90.0,0.0,0
5.700,1,0,90.0,0.0,0
5.800,1,0,90.0,0.0,0
5.800,1,0,90.0,0.0,0
5.800,1,0,90.0,0.0,0
5.800,1,0,90.0,0.0,0
5.900,1,0,90.0,0.0,0
5.900,1,0,90.0,0.0,0
5.900,1,0,90.0,0.0,0
6.000,1,0,90.0,0.0,0
6.000,1,0,90.0,0.0,0
6.000,1,0,90.0,0.0,0
6.000,1,0,90.0,0.0,0
6.100,1,0,90.0,0.0,0
6.100,1,0,90.0,0.0,0
6.100,1,0,90.0,0.0,0
6.100,1,0,90.0,0.0,0
6.200,1,0,90.0,0.0,0
6.200,1,0,90.0,0.0,0
6.200,1,0,90.0,0.0,0
6.300,1,0,90.0,0.0,0
6.300,1,0,90.0,0.0,0
6.300,1,0,90.0,0.0,0
6.300,1,0,90.0,0.0,0
6.400,1,0,90.0,0.0,0
6.400,1,0,90.0,0.0,0
6.400,1,0,90.0,0.0,0
6.500,1,0,90.0,0.0,0
6.500,1,0,90.0,0.0,0
6.500,1,0,90.0,0.0,0
6.500,1,0,90.0,0.0,0
6.600,1,0,90.0,0.0,0
6.600,1,0,90.0,0.0,0
6.600,1,0,90.0,0.0,0
6.700,1,0,90.0,0.0,0
6.700,1,0,90.0,0.0,0
6.700,1,0,90.0,0.0,0
6.700,1,0,90.0,0.0,0
6.800,1,0,90.0,0.0,0
6.800,1,0,90.0,0.0,0
6.800,1,0,90.0,0.0,0
6.800,1,0,90.0,0.0,0
6.900,1,0,90.0,0.0,0
6.900,1,0,90.0,0.0,0
6.900,1,0,90.0,0.0,0
7.000,1,0,90.0,0.0,0
7.000,1,0,90.0,0.0,0
7.000,1,0,90.0,0.0,0
7.000,1,0,90.0,0.0,0
7.100,1,0,90.0,0.0,0
7.100,1,0,90.0,0.0,0
7.100,1,0,90.0,0.0,0
7.200,1,0,90.0,0.0,0
7.200,1,0,90.0,0.0,0
7.200,1,0,90.0,0.0,0
7.200,1,0,90.0,0.0,0
7.300,1,0,90.0,0.0,0
7.300,1,0,90.0,0.0,0
7.300,1,0,90.0,0.0,0
7.400,1,0,90.0,0.0,0
7.400,1,0,90.0,0.0,0
7.400,1,0,90.0,0.0,0
7.400,1,0,90.0,0.0,0
7.500,1,0,90.0,0.0,0
7.500,1,0,90.0,0.0,0
7.500,1,0,90.0,0.0,0
7.500,1,0,90.0,0.0,0
7.600,1,0,90.0,0.0,0
7.600,1,0,90.0,0.0,0
7.600,1,0,90.0,0.0,0
7.700,1,0,90.0,0.0,0
7.700,1,0,90.0,0.0,0
7.700,1,0,90.0,0.0,0
7.700,1,0,90.0,0.0,0
7.800,1,0,90.0,0.0,0
7.800,1,0,90.0,0.0,0
7.800,1,0,90.0,0.0,0
7.900,1,0,90.0,0.0,0
7.900,1,0,90.0,0.0,0
7.900,1,0,90.0,0.0,0
7.900,1,0,90.0,0.0,0
8.000,1,0,90.0,0.0,0
8.000,1,0,90.0,0.0,0
8.000,1,0,90.0,0.0,0
8.100,1,0,90.0,0.0,0
8.100,1,0,90.0,0.0,0
8.100,1,0,90.0,0.0,0
8.100,1,0,90.0,0.0,0
8.200,1,0,90.0,0.0,0
8.200,1,0,90.0,0.0,0
8.200,1,0,90.0,0.0,0
8.200,1,0,90.0,0.0,0
8.300,1,0,90.0,0.0,0
8.300,1,0,90.0,0.0,0
8.300,1,0,90.0,0.0,0
8.400,1,0,90.0,0.0,0
8.400,1,0,90.0,0.0,0
8.400,1,0,90.0,0.0,0
8.400,1,0,90.0,0.0,0
8.500,1,0,90.0,0.0,0
8.500,1,0,90.0,0.0,0
8.500,1,0,90.0,0.0,0
8.600,1,0,90.0,0.0,0
8.600,1,0,90.0,0.0,0
8.600,1,0,90.0,0.0,0
8.600,1,0,90.0,0.0,0
8.700,1,0,90.0,0.0,0
8.700,1,0,90.0,0.0,0
8.700,1,0,90.0,0.0,0
8.800,1,0,90.0,0.0,0
8.800,1,0,90.0,0.0,0
8.800,1,0,90.0,0.0,0
8.800,1,0,90.0,0.0,0
8.900,1,0,90.0,0.0,0
8.900,1,0,90.0,0.0,0
8.900,1,0,90.0,0.0,0
9.000,1,0,90.0,0.0,0
9.000,1,0,90.0,0.0,0
9.000,1,0,90.0,0.0,0
9.000,1,0,90.0,0.0,0
9.100,1,0,90.0,0.0,0
9.100,1,0,90.0,0.0,0
9.100,1,0,90.0,0.0,0
9.100,1,0,90.0,0.0,0
9.200,1,0,90.0,0.0,0
9.200,1,0,90.0,0.0,0
9.200,1,0,90.0,0.0,0
9.300,1,0,90.0,0.0,0
9.300,1,0,90.0,0.0,0
9.300,1,0,90.0,0.0,0
9.300,1,0,90.0,0.0,0
9.400,1,0,90.0,0.0,0
9.400,1,0,90.0,0.0,0
9.400,1,0,90.0,0.0,0
9.500,1,0,90.0,0.0,0
9.500,1,0,90.0,0.0,0
9.500,1,0,90.0,0.0,0
9.500,1,0,90.0,0.0,0
9.600,1,0,90.0,0.0,0
9.600,1,0,90.0,0.0,0
9.600,1,0,90.0,0.0,0
9.700,1,0,90.0,0.0,0
9.700,1,0,90.0,0.0,0
9.700,1,0,90.0,0.0,0
9.700,1,0,90.0,0.0,0
9.800,1,0,90.0,0.0,0
9.800,1,0,90.0,0.0,0
9.800,1,0,90.0,0.0,0
9.800,1,0,90.0,0.0,0
9.900,1,0,90.0,0.0,0
9.900,1,0,90.0,0.0,0
9.900,1,0,90.0,0.0,0
10.000,1,0,90.0,0.0,0
10.000,1,0,90.0,0.0,0
10.000,1,0,90.0,0.0,0
10.000,1,0,90.0,0.0,0
10.100,1,0,90.0,0.0,0
10.100,1,0,90.0,0.0,0
10.100,1,0,90.0,0.0,0
10.200,1,0,90.0,0.0,0
10.200,1,0,90.0,0.0,0
10.200,1,0,90.0,0.0,0
10.200,1,0,90.0,0.0,0
10.300,1,0,90.0,0.0,0
10.300,1,0,90.0,0.0,0
10.300,1,0,90.0,0.0,0
10.400,1,0,90.0,0.0,0
10.400,1,0,90.0,0.0,0
10.400,1,0,90.0,0.0,0
10.400,1,0,90.0,0.0,0
10.500,1,0,90.0,0.0,0
10.500,1,0,90.0,0.0,0
10.500,1,0,90.0,0.0,0
10.600,1,0,90.0,0.0,1
10.600,1,0,90.0,0.0,1
10.600,1,0,90.0,0.0,1
10.600,1,0,90.0,0.0,1
10.700,0,0,0.0,0.0,1
10.700,0,0,0.0,0.0,1
10.700,0,0,0.0,0.0,1
10.700,0,0,0.0,0.0,1
10.800,0,0,0.0,0.0,1
10.800,0,0,0.0,0.0,1
10.800,0,0,0.0,0.0,1
10.900,0,0,0.0,0.0,1
10.900,0,0,0.0,0.0,1
10.900,0,0,0.0,0.0,1
10.900,0,0,0.0,0.0,1
11.000,0,0,0.0,0.0,1
11.000,0,0,0.0,0.0,1
11.000,0,0,0.0,0.0,1
11.100,0,0,0.0,0.0,1
11.100,0,0,0.0,0.0,1
11.100,0,0,0.0,0.0,1
11.100,0,0,0.0,0.0,1
11.200,0,0,0.0,0.0,1
11.200,0,0,0.0,0.0,1
11.200,0,0,0.0,0.0,1
11.300,0,0,0.0,0.0,1
11.300,0,0,0.0,0.0,1
11.300,0,0,0.0,0.0,1
11.300,0,0,0.0,0.0,1
11.400,0,0,0.0,0.0,1
11.400,0,0,0.0,0.0,1
11.400,0,0,0.0,0.0,1
11.400,0,0,0.0,0.0,1
11.500,0,0,0.0,0.0,1
11.500,0,0,0.0,0.0,1
11.500,0,0,0.0,0.0,1
11.600,0,0,0.0,0.0,1
11.600,0,0,0.0,0.0,1
11.600,0,0,0.0,0.0,1
11.600,0,0,0.0,0.0,1
11.700,0,0,0.0,0.0,1
11.700,0,0,0.0,0.0,1
11.700,0,0,0.0,0.0,1
11.800,0,0,0.0,0.0,1
11.800,0,0,0.0,0.0,1
11.800,0,0,0.0,0.0,1
11.800,0,0,0.0,0.0,1
11.900,0,0,0.0,0.0,1
11.900,0,0,0.0,0.0,1
11.900,0,0,0.0,0.0,1
12.000,0,0,0.0,0.0,1
12.000,0,0,0.0,0.0,1
12.000,0,0,0.0,0.0,1
12.000,0,0,0.0,0.0,1
12.100,0,0,0.0,0.0,1
12.100,0,0,0.0,0.0,1
12.100,0,0,0.0,0.0,1
12.200,0,0,0.0,0.0,1
12.200,0,0,0.0,0.0,1
12.200,0,0,0.0,0.0,1
12.200,0,0,0.0,0.0,1
12.300,0,0,0.0,0.0,1
12.300,0,0,0.0,0.0,1
12.300,0,0,0.0,0.0,1
12.300,0,0,0.0,0.0,1
12.400,0,0,0.0,0.0,1
12.400,0,0,0.0,0.0,1
12.400,0,0,0.0,0.0,1
12.500,0,0,0.0,0.0,1
12.500,0,0,0.0,0.0,1
12.500,0,0,0.0,0.0,1
12.500,0,0,0.0,0.0,1
12.600,0,0,0.0,0.0,1
12.600,0,0,0.0,0.0,1
12.600,0,0,0.0,0.0,1
12.700,0,0,0.0,0.0,1
12.700,0,0,0.0,0.0,1
12.700,0,0,0.0,0.0,1
12.700,0,0,0.0,0.0,1
12.800,0,0,0.0,0.0,1
12.800,0,0,0.0,0.0,1
12.800,0,0,0.0,0.0,1
12.900,0,0,0.0,0.0,1
12.900,0,0,0.0,0.0,1
12.900,0,0,0.0,0.0,1
12.900,0,0,0.0,0.0,1
13.000,0,0,0.0,0.0,1
13.000,0,0,0.0,0.0,1
13.000,0,0,0.0,0.0,1
13.000,0,0,0.0,0.0,1
13.100,0,0,0.0,0.0,1
13.100,0,0,0.0,0.0,1
13.100,0,0,0.0,0.0,1
13.200,0,0,0.0,0.0,1
13.200,0,0,0.0,0.0,1
13.200,0,0,0.0,0.0,1
13.200,0,0,0.0,0.0,1
13.300,0,0,0.0,0.0,1
13.300,0,0,0.0,0.0,1
13.300,0,0,0.0,0.0,1
13.400,0,0,0.0,0.0,1
13.400,0,0,0.0,0.0,1
13.400,0,0,0.0,0.0,1
13.400,0,0,0.0,0.0,1
13.500,0,0,0.0,0.0,1
13.500,0,0,0.0,0.0,1
13.500,0,0,0.0,0.0,1
13.600,0,0,0.0,0.0,1
13.600,0,0,0.0,0.0,1
13.600,0,0,0.0,0.0,1
13.600,0,0,0.0,0.0,1
13.700,0,0,0.0,0.0,1
13.700,0,0,0.0,0.0,1
13.700,0,0,0.0,0.0,1
13.800,0,0,0.0,0.0,1
13.800,0,0,0.0,0.0,1
13.800,0,0,0.0,0.0,1
13.800,0,0,0.0,0.0,1
13.900,0,0,0.0,0.0,1
13.900,0,0,0.0,0.0,1
13.900,0,0,0.0,0.0,1
13.900,0,0,0.0,0.0,1
14.000,0,0,0.0,0.0,1
14.000,0,0,0.0,0.0,1
14.000,0,0,0.0,0.0,1
14.100,0,0,0.0,0.0,1
14.100,0,0,0.0,0.0,1
14.100,0,0,0.0,0.0,1
14.100,0,0,0.0,0.0,1
14.200,0,0,0.0,0.0,1
14.200,0,0,0.0,0.0,1
14.200,0,0,0.0,0.0,1
14.300,0,0,0.0,0.0,1
14.300,0,0,0.0,0.0,1
14.300,0,0,0.0,0.0,1
14.300,0,0,0.0,0.0,1
14.400,0,0,0.0,0.0,1
14.400,0,0,0.0,0.0,1
14.400,0,0,0.0,0.0,1
14.500,0,0,0.0,0.0,1
14.500,0,0,0.0,0.0,1
14.500,0,0,0.0,0.0,1
14.500,0,0,0.0,0.0,1
14.600,0,0,0.0,0.0,1
14.600,0,0,0.0,0.0,1
14.600,0,0,0.0,0.0,1
14.600,0,0,0.0,0.0,1
14.700,0,0,0.0,0.0,1
14.700,0,0,0.0,0.0,1
14.700,0,0,0.0,0.0,1
14.800,0,0,0.0,0.0,1
14.800,0,0,0.0,0.0,1
14.800,0,0,0.0,0.0,1
14.800,0,0,0.0,0.0,1
14.900,0,0,0.0,0.0,1
14.900,0,0,0.0,0.0,1
14.900,0,0,0.0,0.0,1
15.000,0,0,0.0,0.0,1
15.000,0,0,0.0,0.0,1
15.000,0,0,0.0,0.0,1
15.000,0,0,0.0,0.0,1
15.100,0,0,0.0,0.0,1
15.100,0,0,0.0,0.0,1
15.100,0,0,0.0,0.0,1
15.200,0,0,0.0,0.0,1
15.200,0,0,0.0,0.0,1
15.200,0,0,0.0,0.0,1
15.200,0,0,0.0,0.0,1
15.300,0,0,0.0,0.0,1
15.300,0,0,0.0,0.0,1
15.300,0,0,0.0,0.0,1
15.300,0,0,0.0,0.0,1
15.400,0,0,0.0,0.0,1
15.400,0,0,0.0,0.0,1
15.400,0,0,0.0,0.0,1
15.500,0,0,0.0,0.0,1
15.500,0,0,0.0,0.0,1
15.500,0,0,0.0,0.0,1
15.500,0,0,0.0,0.0,1
15.600,0,0,0.0,0.0,1
15.600,0,0,0.0,0.0,1
15.600,0,0,0.0,0.0,1
15.700,0,0,0.0,0.0,1
15.700,0,0,0.0,0.0,1
15.700,0,0,0.0,0.0,1
15.700,0,0,0.0,0.0,1
15.800,0,0,0.0,0.0,1
15.800,0,0,0.0,0.0,1
15.800,0,0,0.0,0.0,1
15.900,0,0,0.0,0.0,1
15.900,0,0,0.0,0.0,1
15.900,0,0,0.0,0.0,1
15.900,0,0,0.0,0.0,1
16.000,0,0,0.0,0.0,1
16.000,0,0,0.0,0.0,1
16.000,0,0,0.0,0.0,1
16.100,0,0,0.0,0.0,1
16.100,0,0,0.0,0.0,1
16.100,0,0,0.0,0.0,1
16.100,0,0,0.0,0.0,1
16.200,0,0,0.0,0.0,1
16.200,0,0,0.0,0.0,1
16.200,0,0,0.0,0.0,1
16.200,0,0,0.0,0.0,1
16.300,0,0,0.0,0.0,1
16.300,0,0,0.0,0.0,1
16.300,0,0,0.0,0.0,1
16.400,0,0,0.0,0.0,1
16.400,0,0,0.0,0.0,1
16.400,0,0,0.0,0.0,1
16.400,0,0,0.0,0.0,1
16.500,0,0,0.0,0.0,1
16.500,0,0,0.0,0.0,1
16.500,0,0,0.0,0.0,1
16.600,0,0,0.0,0.0,1
16.600,0,0,0.0,0.0,1
16.600,0,0,0.0,0.0,1
16.600,0,0,0.0,0.0,1
16.700,0,0,0.0,0.0,1
16.700,0,0,0.0,0.0,1
16.700,0,0,0.0,0.0,1
16.800,0,0,0.0,0.0,1
16.800,0,0,0.0,0.0,1
16.800,0,0,0.0,0.0,1
16.800,0,0,0.0,0.0,1
16.900,0,0,0.0,0.0,1
16.900,0,0,0.0,0.0,1
16.900,0,0,0.0,0.0,1
16.900,0,0,0.0,0.0,1
17.000,0,0,0.0,0.0,1
17.000,0,0,0.0,0.0,1
17.000,0,0,0.0,0.0,1
17.100,0,0,0.0,0.0,1
17.100,0,0,0.0,0.0,1
17.100,0,0,0.0,0.0,1
17.100,0,0,0.0,0.0,1
17.200,0,0,0.0,0.0,1
17.200,0,0,0.0,0.0,1
17.200,0,0,0.0,0.0,1
17.300,0,0,0.0,0.0,1
17.300,0,0,0.0,0.0,1
17.300,0,0,0.0,0.0,1
17.300,0,0,0.0,0.0,1
17.400,0,0,0.0,0.0,1
17.400,0,0,0.0,0.0,1
17.400,0,0,0.0,0.0,1
17.500,0,0,0.0,0.0,1
17.500,0,0,0.0,0.0,1
17.500,0,0,0.0,0.0,1
17.500,0,0,0.0,0.0,1
17.600,0,0,0.0,0.0,1
17.600,0,0,0.0,0.0,1
17.600,0,0,0.0,0.0,1
17.600,0,0,0.0,0.0,1
17.700,0,0,0.0,0.0,1
17.700,0,0,0.0,0.0,1
17.700,0,0,0.0,0.0,1
17.800,0,0,0.0,0.0,1
17.800,0,0,0.0,0.0,1
17.800,0,0,0.0,0.0,1
17.800,0,0,0.0,0.0,1
17.900,0,0,0.0,0.0,1
17.900,0,0,0.0,0.0,1
17.900,0,0,0.0,0.0,1
18.000,0,0,0.0,0.0,1
18.000,0,0,0.0,0.0,1
18.000,0,0,0.0,0.0,1
18.000,0,0,0.0,0.0,1
18.100,0,0,0.0,0.0,1
18.100,0,0,0.0,0.0,1
18.100,0,0,0.0,0.0,1
18.200,0,0,0.0,0.0,1
18.200,0,0,0.0,0.0,1
18.200,0,0,0.0,0.0,1
18.200,0,0,0.0,0.0,1
18.300,0,0,0.0,0.0,1
18.300,0,0,0.0,0.0,1
18.300,0,0,0.0,0.0,1
18.400,0,0,0.0,0.0,1
18.400,0,0,0.0,0.0,1
18.400,0,0,0.0,0.0,1
18.400,0,0,0.0,0.0,1
18.500,0,0,0.0,0.0,1
18.500,0,0,0.0,0.0,1
18.500,0,0,0.0,0.0,1
18.500,0,0,0.0,0.0,1
18.600,0,0,0.0,0.0,1
18.600,0,0,0.0,0.0,1
18.600,0,0,0.0,0.0,1
18.700,0,0,0.0,0.0,1
18.700,0,0,0.0,0.0,1
18.700,0,0,0.0,0.0,1
18.700,0,0,0.0,0.0,1
18.800,0,0,0.0,0.0,1
18.800,0,0,0.0,0.0,1
18.800,0,0,0.0,0.0,1
18.900,0,0,0.0,0.0,1
18.900,0,0,0.0,0.0,1
18.900,0,0,0.0,0.0,1
18.900,0,0,0.0,0.0,1
19.000,0,0,0.0,0.0,1
19.000,0,0,0.0,0.0,1
19.000,0,0,0.0,0.0,1
19.100,0,0,0.0,0.0,1
19.100,0,0,0.0,0.0,1
19.100,0,0,0.0,0.0,1
19.100,0,0,0.0,0.0,1
19.200,0,0,0.0,0.0,1
19.200,0,0,0.0,0.0,1
19.200,0,0,0.0,0.0,1
19.200,0,0,0.0,0.0,1
19.300,0,0,0.0,0.0,1
19.300,0,0,0.0,0.0,1
19.300,0,0,0.0,0.0,1
19.400,0,0,0.0,0.0,1
19.400,0,0,0.0,0.0,1
19.400,0,0,0.0,0.0,1
19.400,0,0,0.0,0.0,1
19.500,0,0,0.0,0.0,1
19.500,0,0,0.0,0.0,1
19.500,0,0,0.0,0.0,1
19.600,0,0,0.0,0.0,1
19.600,0,0,0.0,0.0,1
19.600,0,0,0.0,0.0,1
19.600,0,0,0.0,0.0,1
19.700,0,0,0.0,0.0,1
19.700,0,0,0.0,0.0,1
19.700,0,0,0.0,0.0,1
19.800,0,0,0.0,0.0,1
19.800,0,0,0.0,0.0,1
19.800,0,0,0.0,0.0,1
19.800,0,0,0.0,0.0,1
19.900,0,0,0.0,0.0,1
19.900,0,0,0.0,0.0,1
19.900,0,0,0.0,0.0,1
20.000,0,0,0.0,0.0,1
20.000,0,0,0.0,0.0,1
20.000,0,0,0.0,0.0,1
20.000,0,0,0.0,0.0,1
20.100,0,0,0.0,0.0,1
20.100,0,0,0.0,0.0,1
20.100,0,0,0.0,0.0,1
20.100,0,0,0.0,0.0,1
20.200,0,0,0.0,0.0,1
20.200,0,0,0.0,0.0,1
20.200,0,0,0.0,0.0,1
20.300,0,0,0.0,0.0,1
20.300,0,0,0.0,0.0,1
20.300,0,0,0.0,0.0,1
20.300,0,0,0.0,0.0,1
20.400,0,0,0.0,0.0,1
20.400,0,0,0.0,0.0,1
20.400,0,0,0.0,0.0,1
20.500,0,0,0.0,0.0,1
20.500,0,0,0.0,0.0,1
20.500,0,0,0.0,0.0,1
20.500,0,0,0.0,0.0,1
20.600,0,0,0.0,0.0,1
20.600,0,0,0.0,0.0,1
20.600,0,0,0.0,0.0,1
20.700,0,0,0.0,0.0,1
20.700,0,0,0.0,0.0,1
20.700,0,0,0.0,0.0,1
20.700,0,0,0.0,0.0,1
20.800,0,0,0.0,0.0,1
20.800,0,0,0.0,0.0,1
20.800,0,0,0.0,0.0,1
20.800,0,0,0.0,0.0,1
20.900,0,0,0.0,0.0,1
20.900,0,0,0.0,0.0,1
20.900,0,0,0.0,0.0,1
21.000,0,0,0.0,0.0,1
21.000,0,0,0.0,0.0,1
21.000,0,0,0.0,0.0,1
21.000,0,0,0.0,0.0,1
21.100,0,0,0.0,0.0,1
21.100,0,0,0.0,0.0,1
21.100,0,0,0.0,0.0,1
21.200,0,0,0.0,0.0,1
21.200,0,0,0.0,0.0,1
21.200,0,0,0.0,0.0,1
21.200,0,0,0.0,0.0,1
21.300,0,0,0.0,0.0,1
21.300,0,0,0.0,0.0,1
21.300,0,0,0.0,0.0,1
21.400,0,0,0.0,0.0,1
21.400,0,0,0.0,0.0,1
21.400,0,0,0.0,0.0,1
21.400,0,0,0.0,0.0,1
21.500,0,0,0.0,0.0,1
21.500,0,0,0.0,0.0,1
21.500,0,0,0.0,0.0,1
21.500,0,0,0.0,0.0,1
21.600,0,0,0.0,0.0,1
21.600,0,0,0.0,0.0,1
21.600,0,0,0.0,0.0,1
21.700,0,0,0.0,0.0,1
21.700,0,0,0.0,0.0,1
21.700,0,0,0.0,0.0,1
21.700,0,0,0.0,0.0,1
21.800,0,0,0.0,0.0,1
21.800,0,0,0.0,0.0,1
21.800,0,0,0.0,0.0,1
21.900,0,0,0.0,0.0,1
21.900,0,0,0.0,0.0,1
21.900,0,0,0.0,0.0,1
21.900,0,0,0.0,0.0,1
22.000,0,0,0.0,0.0,1
22.000,0,0,0.0,0.0,1
22.000,0,0,0.0,0.0,1
22.100,0,0,0.0,0.0,1
22.100,0,0,0.0,0.0,1
22.100,0,0,0.0,0.0,1
22.100,0,0,0.0,0.0,1
22.200,0,0,0.0,0.0,1
22.200,0,0,0.0,0.0,1
22.200,0,0,0.0,0.0,1
22.300,0,0,0.0,0.0,1
22.300,0,0,0.0,0.0,1
22.300,0,0,0.0,0.0,1
22.300,0,0,0.0,0.0,1
22.400,0,0,0.0,0.0,1
22.400,0,0,0.0,0.0,1
22.400,0,0,0.0,0.0,1
22.400,0,0,0.0,0.0,1
22.500,0,0,0.0,0.0,1
22.500,0,0,0.0,0.0,1
22.500,0,0,0.0,0.0,1
22.600,2,2,-31.0,-2.0,1
22.600,2,2,-31.0,-2.0,1
22.600,2,2,-31.0,-2.0,1
22.600,2,2,-31.0,-2.0,1
22.700,2,2,-31.0,-2.0,1
22.700,2,2,-31.0,-2.0,1
22.700,2,2,-31.0,-2.0,1
22.800,2,2,-31.0,-2.0,1
22.800,2,2,-31.0,-2.0,1
22.800,2,2,-31.0,-2.0,1
22.800,2,2,-31.0,-2.0,1
22.900,2,2,-31.0,-2.0,0
22.900,2,2,-31.0,-2.0,0
22.900,2,2,-31.0,-2.0,0
23.000,2,2,-31.0,-2.0,0
23.000,2,2,-31.0,-2.0,0
23.000,2,2,-31.0,-2.0,0
23.000,2,2,-31.0,-2.0,0
23.100,2,2,-31.0,-2.0,0
23.100,2,2,-31.0,-2.0,0
23.100,2,2,-31.0,-2.0,0
23.100,2,2,-31.0,-2.0,0
23.200,2,2,-31.0,-2.0,0
23.200,2,2,-31.0,-2.0,0
23.200,2,2,-31.0,-2.0,0
23.300,2,2,-31.0,-2.0,0
23.300,2,2,-31.0,-2.0,0
23.300,2,2,-31.0,-2.0,0
23.300,2,2,-31.0,-2.0,0
23.400,2,2,-31.0,-2.0,0
23.400,2,2,-31.0,-2.0,0
23.400,2,2,-31.0,-2.0,0
23.500,2,2,-31.0,-2.0,0
23.500,2,2,-31.0,-2.0,0
23.500,2,2,-31.0,-2.0,0
23.500,2,2,-31.0,-2.0,0
23.600,2,2,-31.0,-2.0,0
23.600,2,2,-31.0,-2.0,0
23.600,2,2,-31.0,-2.0,0
23.700,2,2,-31.0,-2.0,0
23.700,2,2,-31.0,-2.0,0
23.700,2,2,-31.0,-2.0,0
23.700,2,2,-31.0,-2.0,0
23.800,2,2,-31.0,-2.0,0
23.800,2,2,-31.0,-2.0,0
23.800,2,2,-31.0,-2.0,0
23.900,2,2,-31.0,-2.0,0
23.900,2,2,-31.0,-2.0,0
23.900,2,2,-31.0,-2.0,0
23.900,2,2,-31.0,-2.0,0
24.000,2,2,-31.0,-2.0,0
24.000,2,2,-31.0,-2.0,0
24.000,2,2,-31.0,-2.0,0
24.000,2,2,-31.0,-2.0,0
24.100,2,2,-31.0,-2.0,0
24.100,2,2,-31.0,-2.0,0
24.100,2,2,-31.0,-2.0,0
24.200,2,2,-31.0,-2.0,0
24.200,2,2,-31.0,-2.0,0
24.200,2,2,-31.0,-2.0,0
24.200,2,2,-31.0,-2.0,0
24.300,2,2,-31.0,-2.0,0
24.300,2,2,-31.0,-2.0,0
24.300,2,2,-31.0,-2.0,0
24.400,2,2,-31.0,-2.0,0
24.400,2,2,-31.0,-2.0,0
24.400,2,2,-31.0,-2.0,0
24.400,2,2,-31.0,-2.0,0
24.500,2,2,-31.0,-2.0,0
24.500,2,2,-31.0,-2.0,0
24.500,2,2,-31.0,-2.0,0
24.600,2,2,-31.0,-2.0,0
24.600,2,2,-31.0,-2.0,0
24.600,2,2,-31.0,-2.0,0
24.600,2,2,-31.0,-2.0,0
24.700,2,2,-31.0,-2.0,0
24.700,2,2,-31.0,-2.0,0
24.700,2,2,-31.0,-2.0,0
24.700,2,2,-31.0,-2.0,0
24.800,2,2,-31.0,-2.0,0
24.800,2,2,-31.0,-2.0,0
24.800,2,2,-31.0,-2.0,0
24.900,2,2,-31.0,-2.0,0
24.900,2,2,-31.0,-2.0,0
24.900,2,2,-31.0,-2.0,0
24.900,2,2,-31.0,-2.0,0
25.000,2,2,-31.0,-2.0,0
25.000,2,2,-31.0,-2.0,0
25.000,2,2,-31.0,-2.0,0
25.100,2,2,-31.0,-2.0,0
25.100,2,2,-31.0,-2.0,0
25.100,2,2,-31.0,-2.0,0
25.100,2,2,-31.0,-2.0,0
25.200,2,2,-31.0,-2.0,0
25.200,2,2,-31.0,-2.0,0
25.200,2,2,-31.0,-2.0,0
25.300,2,2,-31.0,-2.0,0
25.300,2,2,-31.0,-2.0,0
25.300,2,2,-31.0,-2.0,0
25.300,2,2,-31.0,-2.0,0
25.400,2,2,-31.0,-2.0,0
25.400,2,2,-31.0,-2.0,0
25.400,2,2,-31.0,-2.0,0
25.400,2,2,-31.0,-2.0,0
25.500,2,2,-31.0,-2.0,0
25.500,2,2,-31.0,-2.0,0
25.500,2,2,-31.0,-2.0,0
25.600,2,2,-31.0,-2.0,0
25.600,2,2,-31.0,-2.0,0
25.600,2,2,-31.0,-2.0,0
25.600,2,2,-31.0,-2.0,0
25.700,2,2,-31.0,-2.0,0
25.700,2,2,-31.0,-2.0,0
25.700,2,2,-31.0,-2.0,0
25.800,2,2,-31.0,-2.0,0
25.800,2,2,-31.0,-2.0,0
25.800,2,2,-31.0,-2.0,0
25.800,2,2,-31.0,-2.0,0
25.900,2,2,-31.0,-2.0,0
25.900,2,2,-31.0,-2.0,0
25.900,2,2,-31.0,-2.0,0
26.000,2,2,-31.0,-2.0,0
26.000,2,2,-31.0,-2.0,0
26.000,2,2,-31.0,-2.0,0
26.000,2,2,-31.0,-2.0,0
26.100,2,2,-31.0,-2.0,0
26.100,2,2,-31.0,-2.0,0
26.100,2,2,-31.0,-2.0,0
26.200,2,2,-31.0,-2.0,0
26.200,2,2,-31.0,-2.0,0
26.200,2,2,-31.0,-2.0,0
26.200,2,2,-31.0,-2.0,0
26.300,2,2,-31.0,-2.0,0
26.300,2,2,-31.0,-2.0,0
26.300,2,2,-31.0,-2.0,0
26.300,2,2,-31.0,-2.0,0
26.400,2,2,-31.0,-2.0,0
26.400,2,2,-31.0,-2.0,0
26.400,2,2,-31.0,-2.0,0
26.500,2,2,-31.0,-2.0,0
26.500,2,2,-31.0,-2.0,0
26.500,2,2,-31.0,-2.0,0
26.500,2,2,-31.0,-2.0,0
26.600,2,2,-31.0,-2.0,0
26.600,2,2,-31.0,-2.0,0
26.600,2,2,-31.0,-2.0,0
26.700,2,2,-31.0,-2.0,0
26.700,2,2,-31.0,-2.0,0
26.700,2,2,-31.0,-2.0,0
26.700,2,2,-31.0,-2.0,0
26.800,2,2,-31.0,-2.0,0
26.800,2,2,-31.0,-2.0,0
26.800,2,2,-31.0,-2.0,0
26.900,2,2,-31.0,-2.0,0
26.900,2,2,-31.0,-2.0,0
26.900,2,2,-31.0,-2.0,0
26.900,2,2,-31.0,-2.0,0
27.000,2,2,-31.0,-2.0,0
27.000,2,2,-31.0,-2.0,0
27.000,2,2,-31.0,-2.0,0
27.000,2,2,-31.0,-2.0,0
27.100,2,2,-31.0,-2.0,0
27.100,2,2,-31.0,-2.0,0
27.100,2,2,-31.0,-2.0,0
27.200,2,2,-31.0,-2.0,0
27.200,2,2,-31.0,-2.0,0
27.200,2,2,-31.0,-2.0,0
27.200,2,2,-31.0,-2.0,0
27.300,2,2,-31.0,-2.0,0
27.300,2,2,-31.0,-2.0,0
27.300,2,2,-31.0,-2.0,0
27.400,2,2,-31.0,-2.0,0
27.400,2,2,-31.0,-2.0,0
27.400,2,2,-31.0,-2.0,0
27.400,2,2,-31.0,-2.0,0
27.500,2,2,-31.0,-2.0,0
27.500,2,2,-31.0,-2.0,0
27.500,2,2,-31.0,-2.0,0
27.600,2,2,-31.0,-2.0,0
27.600,2,2,-31.0,-2.0,0
27.600,2,2,-31.0,-2.0,0
27.600,2,2,-31.0,-2.0,0
27.700,2,2,-31.0,-2.0,0
27.700,2,2,-31.0,-2.0,0
27.700,2,2,-31.0,-2.0,0
27.700,2,2,-31.0,-2.0,0
27.800,2,2,-31.0,-2.0,0
27.800,2,2,-31.0,-2.0,0
27.800,2,2,-31.0,-2.0,0
27.900,2,2,-31.0,-2.0,0
27.900,2,2,-31.0,-2.0,0
27.900,2,2,-31.0,-2.0,0
27.900,2,2,-31.0,-2.0,0
28.000,2,2,-31.0,-2.0,0
28.000,2,2,-31.0,-2.0,0
28.000,2,2,-31.0,-2.0,0
28.100,2,2,-31.0,-2.0,0
28.100,2,2,-31.0,-2.0,0
28.100,2,2,-31.0,-2.0,0
28.100,2,2,-31.0,-2.0,0
28.200,2,2,-31.0,-2.0,0
28.200,2,2,-31.0,-2.0,0
28.200,2,2,-31.0,-2.0,0
28.300,2,2,-31.0,-2.0,0
28.300,2,2,-31.0,-2.0,0
28.300,2,2,-31.0,-2.0,0
28.300,2,2,-31.0,-2.0,0
28.400,2,2,-31.0,-2.0,0
28.400,2,2,-31.0,-2.0,0
28.400,2,2,-31.0,-2.0,0
28.500,2,2,-31.0,-2.0,0
28.500,2,2,-31.0,-2.0,0
28.500,2,2,-31.0,-2.0,0
28.500,2,2,-31.0,-2.0,0
28.600,2,2,-31.0,-2.0,0
28.600,2,2,-31.0,-2.0,0
28.600,2,2,-31.0,-2.0,0
28.600,2,2,-31.0,-2.0,0
28.700,2,2,-31.0,-2.0,0
28.700,2,2,-31.0,-2.0,0
28.700,2,2,-31.0,-2.0,0
28.800,2,2,-31.0,-2.0,0
28.800,2,2,-31.0,-2.0,0
28.800,2,2,-31.0,-2.0,0
28.800,2,2,-31.0,-2.0,0
28.900,2,2,-31.0,-2.0,0
28.900,2,2,-31.0,-2.0,0
28.900,2,2,-31.0,-2.0,0
29.000,2,2,-31.0,-2.0,0
29.000,2,2,-31.0,-2.0,0
29.000,2,2,-31.0,-2.0,0
29.000,2,2,-31.0,-2.0,0
29.100,2,2,-31.0,-2.0,0
29.100,2,2,-31.0,-2.0,0
29.100,2,2,-31.0,-2.0,0
29.200,2,2,-31.0,-2.0,0
29.200,2,2,-31.0,-2.0,0
29.200,2,2,-31.0,-2.0,0
29.200,2,2,-31.0,-2.0,0
29.300,2,2,-31.0,-2.0,0
29.300,2,2,-31.0,-2.0,0
29.300,2,2,-31.0,-2.0,0
29.300,2,2,-31.0,-2.0,0
29.400,2,2,-31.0,-2.0,0
29.400,2,2,-31.0,-2.0,0
29.400,2,2,-31.0,-2.0,0
29.500,2,2,-31.0,-2.0,0
29.500,2,2,-31.0,-2.0,0
29.500,2,2,-31.0,-2.0,0
29.500,2,2,-31.0,-2.0,0
29.600,2,2,-31.0,-2.0,0
29.600,2,2,-31.0,-2.0,0
29.600,2,2,-31.0,-2.0,0
29.700,2,2,-31.0,-2.0,0
29.700,2,2,-31.0,-2.0,0
29.700,2,2,-31.0,-2.0,0
29.700,2,2,-31.0,-2.0,0
29.800,2,2,-31.0,-2.0,0
29.800,2,2,-31.0,-2.0,0
29.800,2,2,-31.0,-2.0,0
29.900,2,2,-31.0,-2.0,0
29.900,2,2,-31.0,-2.0,0
29.900,2,2,-31.0,-2.0,0
29.900,2,2,-31.0,-2.0,0
30.000,2,2,-31.0,-2.0,0
30.000,2,2,-31.0,-2.0,0
30.000,2,2,-31.0,-2.0,0
30.000,2,2,-31.0,-2.0,0
30.100,2,2,-31.0,-2.0,0
30.100,2,2,-31.0,-2.0,0
30.100,2,2,-31.0,-2.0,0
30.200,2,2,-31.0,-2.0,0
30.200,2,2,-31.0,-2.0,0
30.200,2,2,-31.0,-2.0,0
30.200,2,2,-31.0,-2.0,0
30.300,2,2,-31.0,-2.0,0
30.300,2,2,-31.0,-2.0,0
30.300,2,2,-31.0,-2.0,0
30.400,2,2,-31.0,-2.0,0
30.400,2,2,-31.0,-2.0,0
30.400,2,2,-31.0,-2.0,0
30.400,2,2,-31.0,-2.0,0
30.500,2,2,-31.0,-2.0,0
30.500,2,2,-31.0,-2.0,0
30.500,2,2,-31.0,-2.0,0
30.600,2,2,-31.0,-2.0,0
30.600,2,2,-31.0,-2.0,0
30.600,2,2,-31.0,-2.0,0
30.600,2,2,-31.0,-2.0,0
30.700,2,2,-31.0,-2.0,0
30.700,2,2,-31.0,-2.0,0
30.700,2,2,-31.0,-2.0,0
30.800,2,2,-31.0,-2.0,0
30.800,2,2,-31.0,-2.0,0
30.800,2,2,-31.0,-2.0,0
30.800,2,2,-31.0,-2.0,0
30.900,2,2,-31.0,-2.0,0
30.900,2,2,-31.0,-2.0,0
30.900,2,2,-31.0,-2.0,0
30.900,2,2,-31.0,-2.0,0
31.000,2,2,-31.0,-2.0,0
31.000,2,2,-31.0,-2.0,0
31.000,2,2,-31.0,-2.0,0
31.100,2,2,-31.0,-2.0,0
31.100,2,2,-31.0,-2.0,0
31.100,2,2,-31.0,-2.0,0
31.100,2,2,-31.0,-2.0,0
31.200,2,2,-31.0,-2.0,0
31.200,2,2,-31.0,-2.0,0
31.200,2,2,-31.0,-2.0,0
31.300,2,2,-31.0,-2.0,0
31.300,2,2,-31.0,-2.0,0
31.300,2,2,-31.0,-2.0,0
31.300,2,2,-31.0,-2.0,0
31.400,2,2,-31.0,-2.0,0
31.400,2,2,-31.0,-2.0,0
31.400,2,2,-31.0,-2.0,0
31.500,2,2,-31.0,-2.0,0
31.500,2,2,-31.0,-2.0,0
31.500,2,2,-31.0,-2.0,0
31.500,2,2,-31.0,-2.0,0
31.600,2,2,-31.0,-2.0,0
31.600,2,2,-31.0,-2.0,0
31.600,2,2,-31.0,-2.0,0
31.600,2,2,-31.0,-2.0,0
31.700,2,2,-31.0,-2.0,0
31.700,2,2,-31.0,-2.0,0
31.700,2,2,-31.0,-2.0,0
31.800,2,2,-31.0,-2.0,0
31.800,2,2,-31.0,-2.0,0
31.800,2,2,-31.0,-2.0,0
31.800,2,2,-31.0,-2.0,0
31.900,2,2,-31.0,-2.0,0
31.900,2,2,-31.0,-2.0,0
31.900,2,2,-31.0,-2.0,0
32.000,2,2,-31.0,-2.0,0
32.000,2,2,-31.0,-2.0,0
32.000,2,2,-31.0,-2.0,0
32.000,2,2,-31.0,-2.0,0
32.100,2,2,-31.0,-2.0,0
32.100,2,2,-31.0,-2.0,0
32.100,2,2,-31.0,-2.0,0
32.200,2,2,-31.0,-2.0,0
32.200,2,2,-31.0,-2.0,0
32.200,2,2,-31.0,-2.0,0
32.200,2,2,-31.0,-2.0,0
32.300,2,2,-31.0,-2.0,0
32.300,2,2,-31.0,-2.0,0
32.300,2,2,-31.0,-2.0,0
32.300,2,2,-31.0,-2.0,0
32.400,2,2,-31.0,-2.0,0
32.400,2,2,-31.0,-2.0,0
32.400,2,2,-31.0,-2.0,0
32.500,2,2,-31.0,-2.0,0
32.500,2,2,-31.0,-2.0,0
32.500,2,2,-31.0,-2.0,0
32.500,2,2,-31.0,-2.0,0
32.600,2,2,-31.0,-2.0,0
32.600,2,2,-31.0,-2.0,0
32.600,2,2,-31.0,-2.0,0
32.700,2,2,-31.0,-2.0,0
32.700,2,2,-31.0,-2.0,0
32.700,2,2,-31.0,-2.0,0
32.700,2,2,-31.0,-2.0,0
32.800,2,2,-31.0,-2.0,0
32.800,2,2,-31.0,-2.0,0
32.800,2,2,-31.0,-2.0,0
32.900,2,2,-31.0,-2.0,0
32.900,2,2,-31.0,-2.0,0
32.900,2,2,-31.0,-2.0,0
32.900,2,2,-31.0,-2.0,0
33.000,2,2,-31.0,-2.0,0
33.000,2,2,-31.0,-2.0,0
33.000,2,2,-31.0,-2.0,0
33.000,2,2,-31.0,-2.0,0
33.100,2,2,-31.0,-2.0,0
33.100,2,2,-31.0,-2.0,0
33.100,2,2,-31.0,-2.0,0
33.200,2,2,-31.0,-2.0,0
33.200,2,2,-31.0,-2.0,0
33.200,2,2,-31.0,-2.0,0
33.200,2,2,-31.0,-2.0,0
33.300,2,2,-31.0,-2.0,0
33.300,2,2,-31.0,-2.0,0
33.300,2,2,-31.0,-2.0,0
33.400,2,2,-31.0,-2.0,0
33.400,2,2,-31.0,-2.0,0
33.400,2,2,-31.0,-2.0,0
33.400,2,2,-31.0,-2.0,0
33.500,2,2,-31.0,-2.0,0
33.500,2,2,-31.0,-2.0,0
33.500,2,2,-31.0,-2.0,0
33.600,2,2,-31.0,-2.0,0
33.600,2,2,-31.0,-2.0,0
33.600,2,2,-31.0,-2.0,0
33.600,2,2,-31.0,-2.0,0
33.700,2,2,-31.0,-2.0,0
33.700,2,2,-31.0,-2.0,0
33.700,2,2,-31.0,-2.0,0
33.800,2,2,-31.0,-2.0,0
33.800,2,2,-31.0,-2.0,0
33.800,2,2,-31.0,-2.0,0
33.800,2,2,-31.0,-2.0,0
33.900,2,2,-31.0,-2.0,0
33.900,2,2,-31.0,-2.0,0
33.900,2,2,-31.0,-2.0,0
33.900,2,2,-31.0,-2.0,0
34.000,2,2,-31.0,-2.0,0
34.000,2,2,-31.0,-2.0,0
34.000,2,2,-31.0,-2.0,0
34.100,2,2,-31.0,-2.0,0
34.100,2,2,-31.0,-2.0,0
34.100,2,2,-31.0,-2.0,0
34.100,2,2,-31.0,-2.0,0
34.200,2,2,-31.0,-2.0,0
34.200,2,2,-31.0,-2.0,0
34.200,2,2,-31.0,-2.0,0
34.300,2,2,-31.0,-2.0,0
34.300,2,2,-31.0,-2.0,0
34.300,2,2,-31.0,-2.0,0
34.300,2,2,-31.0,-2.0,0
34.400,2,2,-31.0,-2.0,0
34.400,2,2,-31.0,-2.0,0
34.400,2,2,-31.0,-2.0,0
34.500,2,2,-31.0,-2.0,0
34.500,2,2,-31.0,-2.0,0
34.500,2,2,-31.0,-2.0,0
34.500,2,2,-31.0,-2.0,0
34.600,2,2,-31.0,-2.0,0
34.600,2,2,-31.0,-2.0,0
34.600,2,2,-31.0,-2.0,0
34.600,2,2,-31.0,-2.0,0
34.700,2,2,-31.0,-2.0,0
34.700,2,2,-31.0,-2.0,0
34.700,2,2,-31.0,-2.0,0
34.800,2,2,-31.0,-2.0,0
34.800,2,2,-31.0,-2.0,0
34.800,2,2,-31.0,-2.0,0
34.800,2,2,-31.0,-2.0,0
34.900,2,2,-31.0,-2.0,0
34.900,2,2,-31.0,-2.0,0
34.900,2,2,-31.0,-2.0,0
35.000,2,2,-31.0,-2.0,0
35.000,2,2,-31.0,-2.0,0
35.000,2,2,-31.0,-2.0,0
35.000,2,2,-31.0,-2.0,0
35.100,2,2,-31.0,-2.0,0
35.100,2,2,-31.0,-2.0,0
35.100,2,2,-31.0,-2.0,0
35.200,2,2,-31.0,-2.0,0
35.200,2,2,-31.0,-2.0,0
35.200,2,2,-31.0,-2.0,0
35.200,2,2,-31.0,-2.0,0
35.300,2,2,-31.0,-2.0,0
35.300,2,2,-31.0,-2.0,0
35.300,2,2,-31.0,-2.0,0
35.300,2,2,-31.0,-2.0,0
35.400,2,2,-31.0,-2.0,0
35.400,2,2,-31.0,-2.0,0
35.400,2,2,-31.0,-2.0,0
35.500,2,2,-31.0,-2.0,0
35.500,2,2,-31.0,-2.0,0
35.500,2,2,-31.0,-2.0,0
35.500,2,2,-31.0,-2.0,0
35.600,2,2,-31.0,-2.0,0
35.600,2,2,-31.0,-2.0,0
35.600,2,2,-31.0,-2.0,0
35.700,2,2,-31.0,-2.0,0
35.700,2,2,-31.0,-2.0,0
35.700,2,2,-31.0,-2.0,0
35.700,2,2,-31.0,-2.0,0
35.800,2,2,-31.0,-2.0,0
35.800,2,2,-31.0,-2.0,0
35.800,2,2,-31.0,-2.0,0
35.900,2,2,-31.0,-2.0,0
35.900,2,2,-31.0,-2.0,0
35.900,2,2,-31.0,-2.0,0
35.900,2,2,-31.0,-2.0,0
36.000,2,2,-31.0,-2.0,0
36.000,2,2,-31.0,-2.0,0
36.000,2,2,-31.0,-2.0,0
36.100,2,2,-31.0,-2.0,0
36.100,2,2,-31.0,-2.0,0
36.100,2,2,-31.0,-2.0,0
36.100,2,2,-31.0,-2.0,0
36.200,2,2,-31.0,-2.0,0
36.200,2,2,-31.0,-2.0,0
36.200,2,2,-31.0,-2.0,0
36.200,2,2,-31.0,-2.0,0
36.300,2,2,-31.0,-2.0,0
36.300,2,2,-31.0,-2.0,0
36.300,2,2,-31.0,-2.0,0
36.400,2,2,-31.0,-2.0,0
36.400,2,2,-31.0,-2.0,0
36.400,2,2,-31.0,-2.0,0
36.400,2,2,-31.0,-2.0,0
36.500,2,2,-31.0,-2.0,0
36.500,2,2,-31.0,-2.0,0
36.500,2,2,-31.0,-2.0,0
36.600,2,2,-31.0,-2.0,0
36.600,2,2,-31.0,-2.0,0
36.600,2,2,-31.0,-2.0,0
36.600,2,2,-31.0,-2.0,0
36.700,2,2,-31.0,-2.0,0
36.700,2,2,-31.0,-2.0,0
36.700,2,2,-31.0,-2.0,0
36.800,2,2,-31.0,-2.0,0
36.800,2,2,-31.0,-2.0,0
36.800,2,2,-31.0,-2.0,0
36.800,2,2,-31.0,-2.0,0
36.900,2,2,-31.0,-2.0,0
36.900,2,2,-31.0,-2.0,0
36.900,2,2,-31.0,-2.0,0
36.900,2,2,-31.0,-2.0,0
37.000,2,2,-31.0,-2.0,0
37.000,2,2,-31.0,-2.0,0
37.000,2,2,-31.0,-2.0,0
37.100,2,2,-31.0,-2.0,0
37.100,2,2,-31.0,-2.0,0
37.100,2,2,-31.0,-2.0,0
37.100,2,2,-31.0,-2.0,0
37.200,2,2,-31.0,-2.0,0
37.200,2,2,-31.0,-2.0,0
37.200,2,2,-31.0,-2.0,0
37.300,2,2,-31.0,-2.0,0
37.300,2,2,-31.0,-2.0,0
37.300,2,2,-31.0,-2.0,0
37.300,2,2,-31.0,-2.0,0
37.400,2,2,-31.0,-2.0,0
37.400,2,2,-31.0,-2.0,0
37.400,2,2,-31.0,-2.0,0
37.500,2,2,-31.0,-2.0,0
37.500,2,2,-31.0,-2.0,0
37.500,2,2,-31.0,-2.0,0
37.500,2,2,-31.0,-2.0,0
37.600,2,2,-31.0,-2.0,0
37.600,2,2,-31.0,-2.0,0
37.600,2,2,-31.0,-2.0,0
37.600,2,2,-31.0,-2.0,0
37.700,2,2,-31.0,-2.0,0
37.700,2,2,-31.0,-2.0,0
37.700,2,2,-31.0,-2.0,0
37.800,2,2,-31.0,-2.0,0
37.800,2,2,-31.0,-2.0,0
37.800,2,2,-31.0,-2.0,0
37.800,2,2,-31.0,-2.0,0
37.900,2,2,-31.0,-2.0,0
37.900,2,2,-31.0,-2.0,0
37.900,2,2,-31.0,-2.0,0
38.000,2,2,-31.0,-2.0,0
38.000,2,2,-31.0,-2.0,0
38.000,2,2,-31.0,-2.0,0
38.000,2,2,-31.0,-2.0,0
38.100,2,2,-31.0,-2.0,0
38.100,2,2,-31.0,-2.0,0
38.100,2,2,-31.0,-2.0,0
38.200,2,2,-31.0,-2.0,0
38.200,2,2,-31.0,-2.0,0
38.200,2,2,-31.0,-2.0,0
38.200,2,2,-31.0,-2.0,0
38.300,2,2,-31.0,-2.0,0
38.300,2,2,-31.0,-2.0,0
38.300,2,2,-31.0,-2.0,0
38.400,2,2,-31.0,-2.0,0
38.400,2,2,-31.0,-2.0,0
38.400,2,2,-31.0,-2.0,0
38.400,2,2,-31.0,-2.0,0
38.500,2,2,-31.0,-2.0,0
38.500,2,2,-31.0,-2.0,0
38.500,2,2,-31.0,-2.0,0
38.500,2,2,-31.0,-2.0,0
38.600,2,2,-31.0,-2.0,0
38.600,2,2,-31.0,-2.0,0
38.600,2,2,-31.0,-2.0,0
38.700,2,2,-31.0,-2.0,0
38.700,2,2,-31.0,-2.0,0
38.700,2,2,-31.0,-2.0,0
38.700,2,2,-31.0,-2.0,0
38.800,2,2,-31.0,-2.0,0
38.800,2,2,-31.0,-2.0,0
38.800,2,2,-31.0,-2.0,0
38.900,2,2,-31.0,-2.0,0
38.900,2,2,-31.0,-2.0,0
38.900,2,2,-31.0,-2.0,0
38.900,2,2,-31.0,-2.0,0
39.000,2,2,-31.0,-2.0,0
39.000,2,2,-31.0,-2.0,0
39.000,2,2,-31.0,-2.0,0
39.100,2,2,-31.0,-2.0,0
39.100,2,2,-31.0,-2.0,0
39.100,2,2,-31.0,-2.0,0
39.100,2,2,-31.0,-2.0,0
39.200,2,2,-31.0,-2.0,0
39.200,2,2,-31.0,-2.0,0
39.200,2,2,-31.0,-2.0,0
39.200,2,2,-31.0,-2.0,0
39.300,2,2,-31.0,-2.0,0
39.300,2,2,-31.0,-2.0,0
39.300,2,2,-31.0,-2.0,0
39.400,2,2,-31.0,-2.0,0
39.400,2,2,-31.0,-2.0,0
39.400,2,2,-31.0,-2.0,0
39.400,2,2,-31.0,-2.0,0
39.500,2,2,-31.0,-2.0,0
39.500,2,2,-31.0,-2.0,0
39.500,2,2,-31.0,-2.0,0
39.600,2,2,-31.0,-2.0,0
39.600,2,2,-31.0,-2.0,0
39.600,2,2,-31.0,-2.0,0
39.600,2,2,-31.0,-2.0,0
39.700,2,2,-31.0,-2.0,0
39.700,2,2,-31.0,-2.0,0
39.700,2,2,-31.0,-2.0,0
39.800,2,2,-31.0,-2.0,0
39.800,2,2,-31.0,-2.0,0
39.800,2,2,-31.0,-2.0,0
39.800,2,2,-31.0,-2.0,0
39.900,2,2,-31.0,-2.0,0
39.900,2,2,-31.0,-2.0,0
39.900,2,2,-31.0,-2.0,0
39.900,2,2,-31.0,-2.0,0
40.000,2,2,-31.0,-2.0,0
40.000,2,2,-31.0,-2.0,0
40.000,2,2,-31.0,-2.0,0
40.100,2,2,-31.0,-2.0,0
40.100,2,2,-31.0,-2.0,0
40.100,2,2,-31.0,-2.0,0
40.100,2,2,-31.0,-2.0,0
40.200,2,2,-31.0,-2.0,0
40.200,2,2,-31.0,-2.0,0
40.200,2,2,-31.0,-2.0,0
40.300,2,2,-31.0,-2.0,0
40.300,2,2,-31.0,-2.0,0
40.300,2,2,-31.0,-2.0,0
40.300,2,2,-31.0,-2.0,0
40.400,2,2,-31.0,-2.0,0
40.400,2,2,-31.0,-2.0,0
40.400,2,2,-31.0,-2.0,0
40.500,2,2,-31.0,-2.0,0
40.500,2,2,-31.0,-2.0,0
40.500,2,2,-31.0,-2.0,0
40.500,2,2,-31.0,-2.0,0
40.600,2,2,-31.0,-2.0,0
40.600,2,2,-31.0,-2.0,0
40.600,2,2,-31.0,-2.0,0
40.700,2,2,-31.0,-2.0,0
40.700,2,2,-31.0,-2.0,0
40.700,2,2,-31.0,-2.0,0
40.700,2,2,-31.0,-2.0,0
40.800,2,2,-31.0,-2.0,0
40.800,2,2,-31.0,-2.0,0
40.800,2,2,-31.0,-2.0,0
40.800,2,2,-31.0,-2.0,0
40.900,2,2,-31.0,-2.0,0
40.900,2,2,-31.0,-2.0,0
40.900,2,2,-31.0,-2.0,0
41.000,2,2,-31.0,-2.0,0
41.000,2,2,-31.0,-2.0,0
41.000,2,2,-31.0,-2.0,0
41.000,2,2,-31.0,-2.0,0
41.100,2,2,-31.0,-2.0,0
41.100,2,2,-31.0,-2.0,0
41.100,2,2,-31.0,-2.0,0
41.200,2,2,-31.0,-2.0,0
41.200,2,2,-31.0,-2.0,0
41.200,2,2,-31.0,-2.0,0
41.200,2,2,-31.0,-2.0,0
41.300,2,2,-31.0,-2.0,0
41.300,2,2,-31.0,-2.0,0
41.300,2,2,-31.0,-2.0,0
41.400,2,2,-31.0,-2.0,0
41.400,2,2,-31.0,-2.0,0
41.400,2,2,-31.0,-2.0,0
41.400,2,2,-31.0,-2.0,0
41.500,2,2,-31.0,-2.0,0
41.500,2,2,-31.0,-2.0,0
41.500,2,2,-31.0,-2.0,0
41.500,2,2,-31.0,-2.0,0
41.600,2,2,-31.0,-2.0,0
41.600,2,2,-31.0,-2.0,0
41.600,2,2,-31.0,-2.0,0
41.700,2,2,-31.0,-2.0,0
41.700,2,2,-31.0,-2.0,0
41.700,2,2,-31.0,-2.0,0
41.700,2,2,-31.0,-2.0,0
41.800,2,2,-31.0,-2.0,0
41.800,2,2,-31.0,-2.0,0
41.800,2,2,-31.0,-2.0,0
41.900,2,2,-31.0,-2.0,0
41.900,2,2,-31.0,-2.0,0
41.900,2,2,-31.0,-2.0,0
41.900,2,2,-31.0,-2.0,0
42.000,2,2,-31.0,-2.0,0
42.000,2,2,-31.0,-2.0,0
42.000,2,2,-31.0,-2.0,0
42.100,2,2,-31.0,-2.0,0
42.100,2,2,-31.0,-2.0,0
42.100,2,2,-31.0,-2.0,0
42.100,2,2,-31.0,-2.0,0
42.200,2,2,-31.0,-2.0,0
42.200,2,2,-31.0,-2.0,0
42.200,2,2,-31.0,-2.0,0
42.300,2,2,-31.0,-2.0,0
42.300,2,2,-31.0,-2.0,0
42.300,2,2,-31.0,-2.0,0
42.300,2,2,-31.0,-2.0,0
42.400,2,2,-31.0,-2.0,0
42.400,2,2,-31.0,-2.0,0
42.400,2,2,-31.0,-2.0,0
42.400,2,2,-31.0,-2.0,0
42.500,2,2,-31.0,-2.0,0
42.500,2,2,-31.0,-2.0,0
42.500,2,2,-31.0,-2.0,0
42.600,2,2,-31.0,-2.0,0
42.600,2,2,-31.0,-2.0,0
42.600,2,2,-31.0,-2.0,0
42.600,2,2,-31.0,-2.0,0
42.700,2,2,-31.0,-2.0,0
42.700,2,2,-31.0,-2.0,0
42.700,2,2,-31.0,-2.0,0
42.800,2,2,-31.0,-2.0,0
42.800,2,2,-31.0,-2.0,0
42.800,2,2,-31.0,-2.0,0
42.800,2,2,-31.0,-2.0,0
42.900,2,2,-31.0,-2.0,0
42.900,2,2,-31.0,-2.0,0
42.900,2,2,-31.0,-2.0,0
43.000,2,2,-31.0,-2.0,0
43.000,2,2,-31.0,-2.0,0
43.000,2,2,-31.0,-2.0,0
43.000,2,2,-31.0,-2.0,0
43.100,2,2,-31.0,-2.0,0
43.100,2,2,-31.0,-2.0,0
43.100,2,2,-31.0,-2.0,0
43.100,2,2,-31.0,-2.0,0
43.200,2,2,-31.0,-2.0,0
43.200,2,2,-31.0,-2.0,0
43.200,2,2,-31.0,-2.0,0
43.300,2,2,-31.0,-2.0,0
43.300,2,2,-31.0,-2.0,0
43.300,2,2,-31.0,-2.0,0
43.300,2,2,-31.0,-2.0,0
43.400,2,2,-31.0,-2.0,0
43.400,2,2,-31.0,-2.0,0
43.400,2,2,-31.0,-2.0,0
43.500,2,2,-31.0,-2.0,0
43.500,2,2,-31.0,-2.0,0
43.500,2,2,-31.0,-2.0,0
43.500,2,2,-31.0,-2.0,0
43.600,2,2,-31.0,-2.0,0
43.600,2,2,-31.0,-2.0,0
43.600,2,2,-31.0,-2.0,0
43.700,2,2,-31.0,-2.0,0
43.700,2,2,-31.0,-2.0,0
43.700,2,2,-31.0,-2.0,0
43.700,2,2,-31.0,-2.0,0
43.800,2,2,-31.0,-2.0,0
43.800,2,2,-31.0,-2.0,0
43.800,2,2,-31.0,-2.0,0
43.800,2,2,-31.0,-2.0,0
43.900,2,2,-31.0,-2.0,0
43.900,2,2,-31.0,-2.0,0
43.900,2,2,-31.0,-2.0,0
44.000,2,2,-31.0,-2.0,0
44.000,2,2,-31.0,-2.0,0
44.000,2,2,-31.0,-2.0,0
44.000,2,2,-31.0,-2.0,0
44.100,2,2,-31.0,-2.0,0
44.100,2,2,-31.0,-2.0,0
44.100,2,2,-31.0,-2.0,0
44.200,2,2,-31.0,-2.0,0
44.200,2,2,-31.0,-2.0,0
44.200,2,2,-31.0,-2.0,0
44.200,2,2,-31.0,-2.0,0
44.300,2,2,-31.0,-2.0,0
44.300,2,2,-31.0,-2.0,0
44.300,2,2,-31.0,-2.0,0
44.400,2,2,-31.0,-2.0,0
44.400,2,2,-31.0,-2.0,0
44.400,2,2,-31.0,-2.0,0
44.400,2,2,-31.0,-2.0,0
44.500,2,2,-31.0,-2.0,0
44.500,2,2,-31.0,-2.0,0
44.500,2,2,-31.0,-2.0,0
44.600,2,2,-31.0,-2.0,0
44.600,2,2,-31.0,-2.0,0
44.600,2,2,-31.0,-2.0,0
44.600,2,2,-31.0,-2.0,0
44.700,2,2,-31.0,-2.0,0
44.700,2,2,-31.0,-2.0,0
44.700,2,2,-31.0,-2.0,0
44.700,2,2,-31.0,-2.0,0
44.800,2,2,-31.0,-2.0,0
44.800,2,2,-31.0,-2.0,0
44.800,2,2,-31.0,-2.0,0
44.900,2,2,-31.0,-2.0,0
44.900,2,2,-31.0,-2.0,0
44.900,2,2,-31.0,-2.0,0
44.900,2,2,-31.0,-2.0,0
45.000,2,2,-31.0,-2.0,0
45.000,2,2,-31.0,-2.0,0
45.000,2,2,-31.0,-2.0,0
45.100,2,2,-31.0,-2.0,0
45.100,2,2,-31.0,-2.0,0
45.100,2,2,-31.0,-2.0,0
45.100,2,2,-31.0,-2.0,0
45.200,2,2,-31.0,-2.0,0
45.200,2,2,-31.0,-2.0,0
45.200,2,2,-31.0,-2.0,0
45.300,2,2,-31.0,-2.0,0
45.300,2,2,-31.0,-2.0,0
45.300,2,2,-31.0,-2.0,0
45.300,2,2,-31.0,-2.0,0
45.400,2,2,-31.0,-2.0,0
45.400,2,2,-31.0,-2.0,0
45.400,2,2,-31.0,-2.0,0
45.400,2,2,-31.0,-2.0,0
45.500,2,2,-31.0,-2.0,0
45.500,2,2,-31.0,-2.0,0
45.500,2,2,-31.0,-2.0,0
45.600,2,2,-31.0,-3.0,0
45.600,2,2,-31.0,-3.0,0
45.600,2,2,-31.0,-3.0,0
45.600,2,2,-31.0,-3.0,0
45.700,2,2,-31.0,-3.0,0
45.700,2,2,-31.0,-3.0,0
45.700,2,2,-31.0,-3.0,0
45.800,2,2,-31.0,-3.0,0
45.800,2,2,-31.0,-3.0,0
45.800,2,2,-31.0,-3.0,0
45.800,2,2,-31.0,-3.0,0
45.900,2,2,-31.0,-3.0,0
45.900,2,2,-31.0,-3.0,0
45.900,2,2,-31.0,-3.0,0
46.000,2,2,-31.0,-3.0,0
46.000,2,2,-31.0,-3.0,0
46.000,2,2,-31.0,-3.0,0
46.000,2,2,-31.0,-3.0,0
46.100,2,2,-31.0,-3.0,0
46.100,2,2,-31.0,-3.0,0
46.100,2,2,-31.0,-3.0,0
46.200,0,2,0.0,-3.0,0
46.200,0,2,0.0,-3.0,0
46.200,0,2,0.0,-3.0,0
46.200,0,2,0.0,-3.0,0
46.300,0,2,0.0,-3.0,0
46.300,0,2,0.0,-3.0,0
46.300,0,2,0.0,-3.0,0
46.300,0,2,0.0,-3.0,0
46.400,0,2,0.0,-3.0,0
46.400,0,2,0.0,-3.0,0
46.400,0,2,0.0,-3.0,0
46.500,0,2,0.0,-3.0,0
46.500,0,2,0.0,-3.0,0
46.500,0,2,0.0,-3.0,0
46.500,0,2,0.0,-3.0,0
46.600,0,2,0.0,-3.0,0
46.600,0,2,0.0,-3.0,0
46.600,0,2,0.0,-3.0,0
46.700,0,2,0.0,-3.0,0
46.700,0,2,0.0,-3.0,0
46.700,0,2,0.0,-3.0,0
46.700,0,2,0.0,-3.0,0
46.800,0,2,0.0,-3.0,0
46.800,0,2,0.0,-3.0,0
46.800,0,2,0.0,-3.0,0
46.900,0,2,0.0,-3.0,0
46.900,0,2,0.0,-3.0,0
46.900,0,2,0.0,-3.0,0
46.900,0,2,0.0,-3.0,0
47.000,0,2,0.0,-3.0,0
47.000,0,2,0.0,-3.0,0
47.000,0,2,0.0,-3.0,0
47.000,0,2,0.0,-3.0,0
47.100,0,2,0.0,-3.0,0
47.100,0,2,0.0,-3.0,0
47.100,0,2,0.0,-3.0,0
47.200,0,2,0.0,-3.0,0
47.200,0,2,0.0,-3.0,0
47.200,0,2,0.0,-3.0,0
47.200,0,2,0.0,-3.0,0
47.300,0,2,0.0,-3.0,0
47.300,0,2,0.0,-3.0,0
47.300,0,2,0.0,-3.0,0
47.400,0,2,0.0,-3.0,0
47.400,0,2,0.0,-3.0,0
47.400,0,2,0.0,-3.0,0
47.400,0,2,0.0,-3.0,0
47.500,0,2,0.0,-3.0,0
47.500,0,2,0.0,-3.0,0
47.500,0,2,0.0,-3.0,0
47.600,0,2,0.0,-3.0,0
47.600,0,2,0.0,-3.0,0
47.600,0,2,0.0,-3.0,0
47.600,0,2,0.0,-3.0,0
47.700,0,2,0.0,-3.0,0
47.700,0,2,0.0,-3.0,0
47.700,0,2,0.0,-3.0,0
47.800,0,2,0.0,-3.0,0
47.800,0,2,0.0,-3.0,0
47.800,0,2,0.0,-3.0,0
47.800,0,2,0.0,-3.0,0
47.900,0,2,0.0,-3.0,0
47.900,0,2,0.0,-3.0,0
47.900,0,2,0.0,-3.0,0
47.900,0,2,0.0,-3.0,0
48.000,0,2,0.0,-3.0,0
48.000,0,2,0.0,-3.0,0
48.000,0,2,0.0,-3.0,0
48.100,0,2,0.0,-3.0,0
48.100,0,2,0.0,-3.0,0
48.100,0,2,0.0,-3.0,0
48.100,0,2,0.0,-3.0,0
48.200,0,2,0.0,-3.0,0
48.200,0,2,0.0,-3.0,0
48.200,0,2,0.0,-3.0,0
48.300,0,2,0.0,-3.0,0
48.300,0,2,0.0,-3.0,0
48.300,0,2,0.0,-3.0,0
48.300,0,2,0.0,-3.0,0
48.400,0,2,0.0,-3.0,0
48.400,0,2,0.0,-3.0,0
48.400,0,2,0.0,-3.0,0
48.500,0,2,0.0,-3.0,0
48.500,0,2,0.0,-3.0,0
48.500,0,2,0.0,-3.0,0
48.500,0,2,0.0,-3.0,0
48.600,0,2,0.0,-3.0,0
48.600,0,2,0.0,-3.0,0
48.600,0,2,0.0,-3.0,0
48.600,0,2,0.0,-3.0,0
48.700,0,2,0.0,-3.0,0
48.700,0,2,0.0,-3.0,0
48.700,0,2,0.0,-3.0,0
48.800,0,2,0.0,-3.0,0
48.800,0,2,0.0,-3.0,0
48.800,0,2,0.0,-3.0,0
48.800,0,2,0.0,-3.0,0
48.900,0,2,0.0,-3.0,0
48.900,0,2,0.0,-3.0,0
48.900,0,2,0.0,-3.0,0
49.000,0,2,0.0,-3.0,0
49.000,0,2,0.0,-3.0,0
49.000,0,2,0.0,-3.0,0
49.000,0,2,0.0,-3.0,0
49.100,0,2,0.0,-3.0,0
49.100,0,2,0.0,-3.0,0
49.100,0,2,0.0,-3.0,0
49.200,0,2,0.0,-3.0,0
49.200,0,2,0.0,-3.0,0
49.200,0,2,0.0,-3.0,0
49.200,0,2,0.0,-3.0,0
49.300,0,2,0.0,-3.0,0
49.300,0,2,0.0,-3.0,0
49.300,0,2,0.0,-3.0,0
49.400,0,2,0.0,-3.0,0
49.400,0,2,0.0,-3.0,0
49.400,0,2,0.0,-3.0,0
49.400,0,2,0.0,-3.0,0
49.500,0,2,0.0,-3.0,0
49.500,0,2,0.0,-3.0,0
49.500,0,2,0.0,-3.0,0
49.500,0,2,0.0,-3.0,0
49.600,0,2,0.0,-3.0,0
49.600,0,2,0.0,-3.0,0
49.600,0,2,0.0,-3.0,0
49.700,0,2,0.0,-3.0,0
49.700,0,2,0.0,-3.0,0
49.700,0,2,0.0,-3.0,0
49.700,0,2,0.0,-3.0,0
49.800,0,2,0.0,-3.0,0
49.800,0,2,0.0,-3.0,0
49.800,0,2,0.0,-3.0,0
49.900,0,2,0.0,-3.0,0
49.900,0,2,0.0,-3.0,0
49.900,0,2,0.0,-3.0,0
49.900,0,2,0.0,-3.0,0
50.000,0,2,0.0,-3.0,0
50.000,0,2,0.0,-3.0,0
50.000,0,2,0.0,-3.0,0
50.100,0,2,0.0,-3.0,0
50.100,0,2,0.0,-3.0,0
50.100,0,2,0.0,-3.0,0
50.100,0,2,0.0,-3.0,0
50.200,0,2,0.0,-3.0,0
50.200,0,2,0.0,-3.0,0
50.200,0,2,0.0,-3.0,0
50.200,0,2,0.0,-3.0,0
50.300,0,2,0.0,-3.0,0
50.300,0,2,0.0,-3.0,0
50.300,0,2,0.0,-3.0,0
50.400,0,2,0.0,-3.0,0
50.400,0,2,0.0,-3.0,0
50.400,0,2,0.0,-3.0,0
50.400,0,2,0.0,-3.0,0
50.500,0,2,0.0,-3.0,0
50.500,0,2,0.0,-3.0,0
50.500,0,2,0.0,-3.0,0
50.600,0,2,0.0,-3.0,0
50.600,0,2,0.0,-3.0,0
50.600,0,2,0.0,-3.0,0
50.600,0,2,0.0,-3.0,0
50.700,0,2,0.0,-3.0,0
50.700,0,2,0.0,-3.0,0
50.700,0,2,0.0,-3.0,0
50.800,0,2,0.0,-3.0,0
50.800,0,2,0.0,-3.0,0
50.800,0,2,0.0,-3.0,0
50.800,0,2,0.0,-3.0,0
50.900,0,2,0.0,-3.0,0
50.900,0,2,0.0,-3.0,0
50.900,0,2,0.0,-3.0,0
51.000,0,2,0.0,-3.0,0
51.000,0,2,0.0,-3.0,0
51.000,0,2,0.0,-3.0,0
51.000,0,2,0.0,-3.0,0
51.100,0,0,0.0,0.0,0
51.100,0,0,0.0,0.0,0
51.100,0,0,0.0,0.0,0
51.100,0,0,0.0,0.0,0
51.200,0,0,0.0,0.0,0
51.200,0,0,0.0,0.0,0
51.200,0,0,0.0,0.0,0
51.300,0,0,0.0,0.0,0
51.300,0,0,0.0,0.0,0
51.300,0,0,0.0,0.0,0
51.300,0,0,0.0,0.0,0
51.400,0,0,0.0,0.0,0
51.400,0,0,0.0,0.0,0
51.400,0,0,0.0,0.0,0
51.500,0,0,0.0,0.0,0
51.500,0,0,0.0,0.0,0
51.500,0,0,0.0,0.0,0
51.500,0,0,0.0,0.0,0
51.600,2,0,-78.0,0.0,0
51.600,2,0,-78.0,0.0,0
51.600,2,0,-78.0,0.0,0
51.700,2,0,-78.0,0.0,0
51.700,2,0,-78.0,0.0,0
51.700,2,0,-78.0,0.0,0
51.700,2,0,-78.0,0.0,0
51.800,2,0,-78.0,0.0,0
51.800,2,0,-78.0,0.0,0
51.800,2,0,-78.0,0.0,0
51.800,2,0,-78.0,0.0,0
51.900,2,0,-78.0,0.0,0
51.900,2,0,-78.0,0.0,0
51.900,2,0,-78.0,0.0,0
52.000,2,0,-78.0,0.0,0
52.000,2,0,-78.0,0.0,0
52.000,2,0,-78.0,0.0,0
52.000,2,0,-78.0,0.0,0
52.100,2,0,-78.0,0.0,0
52.100,2,0,-78.0,0.0,0
52.100,2,0,-78.0,0.0,0
52.200,2,0,-78.0,0.0,0
52.200,2,0,-78.0,0.0,0
52.200,2,0,-78.0,0.0,0
52.200,2,0,-78.0,0.0,0
52.300,2,0,-78.0,0.0,0
52.300,2,0,-78.0,0.0,0
52.300,2,0,-78.0,0.0,0
52.400,2,0,-78.0,0.0,0
52.400,2,0,-78.0,0.0,0
52.400,2,0,-78.0,0.0,0
52.400,2,0,-78.0,0.0,0
52.500,2,0,-78.0,0.0,0
52.500,2,0,-78.0,0.0,0
52.500,2,0,-78.0,0.0,0
52.600,2,0,-78.0,0.0,0
52.600,2,0,-78.0,0.0,0
52.600,2,0,-78.0,0.0,0
52.600,2,0,-78.0,0.0,0
52.700,2,0,-78.0,0.0,0
52.700,2,0,-78.0,0.0,0
52.700,2,0,-78.0,0.0,0
52.700,2,0,-78.0,0.0,0
52.800,2,0,-78.0,0.0,0
52.800,2,0,-78.0,0.0,0
52.800,2,0,-78.0,0.0,0
52.900,2,0,-78.0,0.0,0
52.900,2,0,-78.0,0.0,0
52.900,2,0,-78.0,0.0,0
52.900,2,0,-78.0,0.0,0
53.000,2,0,-78.0,0.0,0
53.000,2,0,-78.0,0.0,0
53.000,2,0,-78.0,0.0,0
53.100,2,0,-78.0,0.0,0
53.100,2,0,-78.0,0.0,0
53.100,2,0,-78.0,0.0,0
53.100,2,0,-78.0,0.0,0
53.200,2,0,-78.0,0.0,0
53.200,2,0,-78.0,0.0,0
53.200,2,0,-78.0,0.0,0
53.300,2,0,-78.0,0.0,0
53.300,2,0,-78.0,0.0,0
53.300,2,0,-78.0,0.0,0
53.300,2,0,-78.0,0.0,0
53.400,2,0,-78.0,0.0,0
53.400,2,0,-78.0,0.0,0
53.400,2,0,-78.0,0.0,0
53.400,2,0,-78.0,0.0,0
53.500,2,0,-78.0,0.0,0
53.500,2,0,-78.0,0.0,0
53.500,2,0,-78.0,0.0,0
53.600,2,0,-78.0,0.0,0
53.600,2,0,-78.0,0.0,0
53.600,2,0,-78.0,0.0,0
53.600,2,0,-78.0,0.0,0
53.700,2,0,-78.0,0.0,0
53.700,2,0,-78.0,0.0,0
53.700,2,0,-78.0,0.0,0
53.800,2,0,-78.0,0.0,0
53.800,2,0,-78.0,0.0,0
53.800,2,0,-78.0,0.0,0
53.800,2,0,-78.0,0.0,0
53.900,2,0,-78.0,0.0,0
53.900,2,0,-78.0,0.0,0
53.900,2,0,-78.0,0.0,0
54.000,2,0,-78.0,0.0,0
54.000,2,0,-78.0,0.0,0
54.000,2,0,-78.0,0.0,0
54.000,2,0,-78.0,0.0,0
54.100,2,0,-78.0,0.0,0
54.100,2,0,-78.0,0.0,0
54.100,2,0,-78.0,0.0,0
54.200,2,0,-78.0,0.0,0
54.200,2,0,-78.0,0.0,0
54.200,2,0,-78.0,0.0,0
54.200,2,0,-78.0,0.0,0
54.300,2,0,-78.0,0.0,0
54.300,2,0,-78.0,0.0,0
54.300,2,0,-78.0,0.0,0
54.300,2,0,-78.0,0.0,0
54.400,2,0,-78.0,0.0,0
54.400,2,0,-78.0,0.0,0
54.400,2,0,-78.0,0.0,0
54.500,2,0,-78.0,0.0,0
54.500,2,0,-78.0,0.0,0
54.500,2,0,-78.0,0.0,0
54.500,2,0,-78.0,0.0,0
54.600,2,0,-78.0,0.0,0
54.600,2,0,-78.0,0.0,0
54.600,2,0,-78.0,0.0,0
54.700,2,0,-78.0,0.0,0
54.700,2,0,-78.0,0.0,0
54.700,2,0,-78.0,0.0,0
54.700,2,0,-78.0,0.0,0
54.800,1,0,78.0,0.0,0
54.800,1,0,78.0,0.0,0
54.800,1,0,78.0,0.0,0
54.900,1,0,78.0,0.0,0
54.900,1,0,78.0,0.0,0
54.900,1,0,78.0,0.0,0
54.900,1,0,78.0,0.0,0
55.000,1,0,78.0,0.0,0
55.000,1,0,78.0,0.0,0
55.000,1,0,78.0,0.0,0
55.000,1,0,78.0,0.0,0
55.100,1,0,78.0,0.0,0
55.100,1,0,78.0,0.0,0
55.100,1,0,78.0,0.0,0
55.200,1,0,78.0,0.0,0
55.200,1,0,78.0,0.0,0
55.200,1,0,78.0,0.0,0
55.200,1,0,78.0,0.0,0
55.300,1,0,78.0,0.0,0
55.300,1,0,78.0,0.0,0
55.300,1,0,78.0,0.0,0
55.400,1,0,78.0,0.0,0
55.400,1,0,78.0,0.0,0
55.400,1,0,78.0,0.0,0
55.400,1,0,78.0,0.0,0
55.500,1,0,78.0,0.0,0
55.500,1,0,78.0,0.0,0
55.500,1,0,78.0,0.0,0
55.600,1,0,78.0,0.0,0
55.600,1,0,78.0,0.0,0
55.600,1,0,78.0,0.0,0
55.600,1,0,78.0,0.0,0
55.700,1,0,78.0,0.0,0
55.700,1,0,78.0,0.0,0
55.700,1,0,78.0,0.0,0
55.800,1,0,78.0,0.0,0
55.800,1,0,78.0,0.0,0
55.800,1,0,78.0,0.0,0
55.800,1,0,78.0,0.0,0
55.900,1,0,78.0,0.0,0
55.900,1,0,78.0,0.0,0
55.900,1,0,78.0,0.0,0
55.900,1,0,78.0,0.0,0
56.000,1,0,78.0,0.0,0
56.000,1,0,78.0,0.0,0
56.000,1,0,78.0,0.0,0
56.100,1,0,78.0,0.0,0
56.100,1,0,78.0,0.0,0
56.100,1,0,78.0,0.0,0
56.100,1,0,78.0,0.0,0
56.200,1,0,78.0,0.0,0
56.200,1,0,78.0,0.0,0
56.200,1,0,78.0,0.0,0
56.300,1,0,78.0,0.0,0
56.300,1,0,78.0,0.0,0
56.300,1,0,78.0,0.0,0
56.300,1,0,78.0,0.0,0
56.400,1,0,78.0,0.0,0
56.400,1,0,78.0,0.0,0
56.400,1,0,78.0,0.0,0
56.500,1,0,78.0,0.0,0
56.500,1,0,78.0,0.0,0
56.500,1,0,78.0,0.0,0
56.500,1,0,78.0,0.0,0
56.600,1,0,78.0,0.0,0
56.600,1,0,78.0,0.0,0
56.600,1,0,78.0,0.0,0
56.600,1,0,78.0,0.0,0
56.700,1,0,78.0,0.0,0
56.700,1,0,78.0,0.0,0
56.700,1,0,78.0,0.0,0
56.800,1,0,78.0,0.0,0
56.800,1,0,78.0,0.0,0
56.800,1,0,78.0,0.0,0
56.800,1,0,78.0,0.0,0
56.900,1,0,78.0,0.0,0
56.900,1,0,78.0,0.0,0
56.900,1,0,78.0,0.0,0
57.000,1,0,78.0,0.0,0
57.000,1,0,78.0,0.0,0
57.000,1,0,78.0,0.0,0
57.000,1,0,78.0,0.0,0
57.100,1,0,78.0,0.0,0
57.100,1,0,78.0,0.0,0
57.100,1,0,78.0,0.0,0
57.200,1,0,78.0,0.0,0
57.200,1,0,78.0,0.0,0
57.200,1,0,78.0,0.0,0
57.200,1,0,78.0,0.0,0
57.300,1,0,78.0,0.0,0
57.300,1,0,78.0,0.0,0
57.300,1,0,78.0,0.0,0
57.400,1,0,78.0,0.0,0
57.400,1,0,78.0,0.0,0
57.400,1,0,78.0,0.0,0
57.400,1,0,78.0,0.0,0
57.500,1,0,78.0,0.0,0
57.500,1,0,78.0,0.0,0
57.500,1,0,78.0,0.0,0
57.500,1,0,78.0,0.0,0
57.600,1,0,78.0,0.0,0
57.600,1,0,78.0,0.0,0
57.600,1,0,78.0,0.0,0
57.700,1,0,78.0,0.0,0
57.700,1,0,78.0,0.0,0
57.700,1,0,78.0,0.0,0
57.700,1,0,78.0,0.0,0
57.800,1,0,78.0,0.0,0
57.800,1,0,78.0,0.0,0
57.800,1,0,78.0,0.0,0
57.900,1,0,78.0,0.0,0
57.900,1,0,78.0,0.0,0
57.900,1,0,78.0,0.0,0
57.900,1,0,78.0,0.0,0
58.000,1,0,78.0,0.0,0
58.000,1,0,78.0,0.0,0
58.000,1,0,78.0,0.0,0
58.100,1,0,78.0,0.0,0
58.100,1,0,78.0,0.0,0
58.100,1,0,78.0,0.0,0
58.100,1,0,78.0,0.0,0
58.200,1,0,78.0,0.0,0
58.200,1,0,78.0,0.0,0
58.200,1,0,78.0,0.0,0
58.200,1,0,78.0,0.0,0
58.300,1,0,78.0,0.0,0
58.300,1,0,78.0,0.0,0
58.300,1,0,78.0,0.0,0
58.400,1,0,78.0,0.0,0
58.400,1,0,78.0,0.0,0
58.400,1,0,78.0,0.0,0
58.400,1,0,78.0,0.0,0
58.500,1,0,78.0,0.0,0
58.500,1,0,78.0,0.0,0
58.500,1,0,78.0,0.0,0
58.600,1,0,78.0,0.0,0
58.600,1,0,78.0,0.0,0
58.600,1,0,78.0,0.0,0
58.600,1,0,78.0,0.0,0
58.700,1,0,78.0,0.0,0
58.700,1,0,78.0,0.0,0
58.700,1,0,78.0,0.0,0
58.800,1,0,78.0,0.0,0
58.800,1,0,78.0,0.0,0
58.800,1,0,78.0,0.0,0
58.800,1,0,78.0,0.0,0
58.900,1,0,78.0,0.0,0
58.900,1,0,78.0,0.0,0
58.900,1,0,78.0,0.0,0
59.000,1,0,78.0,0.0,0
59.000,1,0,78.0,0.0,0
59.000,1,0,78.0,0.0,0
59.000,1,0,78.0,0.0,0
59.100,1,0,78.0,0.0,0
59.100,1,0,78.0,0.0,0
59.100,1,0,78.0,0.0,0
59.100,1,0,78.0,0.0,0
59.200,1,0,78.0,0.0,0
59.200,1,0,78.0,0.0,0
59.200,1,0,78.0,0.0,0
59.300,1,0,78.0,0.0,0
59.300,1,0,78.0,0.0,0
59.300,1,0,78.0,0.0,0
59.300,1,0,78.0,0.0,0
59.400,1,0,78.0,0.0,0
59.400,1,0,78.0,0.0,0
59.400,1,0,78.0,0.0,0
59.500,1,0,78.0,0.0,0
59.500,1,0,78.0,0.0,0
59.500,1,0,78.0,0.0,0
59.500,1,0,78.0,0.0,0
59.600,1,0,78.0,0.0,0
59.600,1,0,78.0,0.0,0
59.600,1,0,78.0,0.0,0
59.700,1,0,78.0,0.0,0
59.700,1,0,78.0,0.0,0
59.700,1,0,78.0,0.0,0
59.700,1,0,78.0,0.0,0
59.800,1,0,78.0,0.0,0
59.800,1,0,78.0,0.0,0
59.800,1,0,78.0,0.0,0
59.800,1,0,78.0,0.0,0
59.900,1,0,78.0,0.0,0
59.900,1,0,78.0,0.0,0
59.900,1,0,78.0,0.0,0
60.000,1,0,78.0,0.0,0
60.000,1,0,78.0,0.0,0
60.000,1,0,78.0,0.0,0
60.000,1,0,78.0,0.0,0
60.100,1,0,78.0,0.0,0
60.100,1,0,78.0,0.0,0
60.100,1,0,78.0,0.0,0
60.200,1,0,78.0,0.0,0
60.200,1,0,78.0,0.0,0
60.200,1,0,78.0,0.0,0
60.200,1,0,78.0,0.0,0
60.300,1,0,78.0,0.0,0
60.300,1,0,78.0,0.0,0
60.300,1,0,78.0,0.0,0
60.400,1,0,78.0,0.0,0
60.400,1,0,78.0,0.0,0
60.400,1,0,78.0,0.0,0
60.400,1,0,78.0,0.0,0
60.500,1,0,78.0,0.0,0
60.500,1,0,78.0,0.0,0
60.500,1,0,78.0,0.0,0
60.500,1,0,78.0,0.0,0
60.600,1,0,78.0,0.0,0
60.600,1,0,78.0,0.0,0
60.600,1,0,78.0,0.0,0
60.700,1,0,78.0,0.0,0
60.700,1,0,78.0,0.0,0
60.700,1,0,78.0,0.0,0
60.700,1,0,78.0,0.0,0
60.800,1,0,78.0,0.0,0
60.800,1,0,78.0,0.0,0
60.800,1,0,78.0,0.0,0
60.900,1,0,78.0,0.0,0
60.900,1,0,78.0,0.0,0
60.900,1,0,78.0,0.0,0
60.900,1,0,78.0,0.0,0
61.000,1,0,78.0,0.0,0
61.000,1,0,78.0,0.0,0
61.000,1,0,78.0,0.0,0
61.100,1,0,78.0,0.0,0
61.100,1,0,78.0,0.0,0
61.100,1,0,78.0,0.0,0
61.100,1,0,78.0,0.0,0
61.200,2,0,-43.0,0.0,0
61.200,2,0,-43.0,0.0,0
61.200,2,0,-43.0,0.0,0
61.300,2,0,-43.0,0.0,0
61.300,2,0,-43.0,0.0,0
61.300,2,0,-43.0,0.0,0
61.300,2,0,-43.0,0.0,0
61.400,2,0,-43.0,0.0,0
61.400,2,0,-43.0,0.0,0
61.400,2,0,-43.0,0.0,0
61.400,2,0,-43.0,0.0,0
61.500,2,0,-43.0,0.0,0
61.500,2,0,-43.0,0.0,0
61.500,2,0,-43.0,0.0,0
61.600,2,0,-43.0,0.0,0
61.600,2,0,-43.0,0.0,0
61.600,2,0,-43.0,0.0,0
61.600,2,0,-43.0,0.0,0
61.700,2,0,-43.0,0.0,0
61.700,2,0,-43.0,0.0,0
61.700,2,0,-43.0,0.0,0
61.800,2,0,-43.0,0.0,0
61.800,2,0,-43.0,0.0,0
61.800,2,0,-43.0,0.0,0
61.800,2,0,-43.0,0.0,0
61.900,2,0,-43.0,0.0,0
61.900,2,0,-43.0,0.0,0
61.900,2,0,-43.0,0.0,0
62.000,2,0,-43.0,0.0,0
62.000,2,0,-43.0,0.0,0
62.000,2,0,-43.0,0.0,0
62.000,2,0,-43.0,0.0,0
62.100,2,0,-43.0,0.0,0
62.100,2,0,-43.0,0.0,0
62.100,2,0,-43.0,0.0,0
62.100,2,0,-43.0,0.0,0
62.200,2,0,-43.0,0.0,0
62.200,2,0,-43.0,0.0,0
62.200,2,0,-43.0,0.0,0
62.300,2,0,-43.0,0.0,0
62.300,2,0,-43.0,0.0,0
62.300,2,0,-43.0,0.0,0
62.300,2,0,-43.0,0.0,0
62.400,2,0,-43.0,0.0,0
62.400,2,0,-43.0,0.0,0
62.400,2,0,-43.0,0.0,0
62.500,2,0,-43.0,0.0,0
62.500,2,0,-43.0,0.0,0
62.500,2,0,-43.0,0.0,0
62.500,2,0,-43.0,0.0,0
62.600,2,0,-43.0,0.0,0
62.600,2,0,-43.0,0.0,0
62.600,2,0,-43.0,0.0,0
62.700,2,0,-43.0,0.0,0
62.700,2,0,-43.0,0.0,0
62.700,2,0,-43.0,0.0,0
62.700,2,0,-43.0,0.0,0
62.800,2,0,-43.0,0.0,0
62.800,2,0,-43.0,0.0,0
62.800,2,0,-43.0,0.0,0
62.900,2,0,-43.0,0.0,0
62.900,2,0,-43.0,0.0,0
62.900,2,0,-43.0,0.0,0
62.900,2,0,-43.0,0.0,0
63.000,2,0,-43.0,0.0,0
63.000,2,0,-43.0,0.0,0
63.000,2,0,-43.0,0.0,0
63.000,2,0,-43.0,0.0,0
63.100,2,0,-43.0,0.0,0
63.100,2,0,-43.0,0.0,0
63.100,2,0,-43.0,0.0,0
63.200,2,0,-43.0,0.0,0
63.200,2,0,-43.0,0.0,0
63.200,2,0,-43.0,0.0,0
63.200,2,0,-43.0,0.0,0
63.300,2,0,-43.0,0.0,0
63.300,2,0,-43.0,0.0,0
63.300,2,0,-43.0,0.0,0
63.400,2,0,-43.0,0.0,0
63.400,2,0,-43.0,0.0,0
63.400,2,0,-43.0,0.0,0
63.400,2,0,-43.0,0.0,0
63.500,2,0,-43.0,0.0,0
63.500,2,0,-43.0,0.0,0
63.500,2,0,-43.0,0.0,0
63.600,2,0,-43.0,0.0,0
63.600,2,0,-43.0,0.0,0
63.600,2,0,-43.0,0.0,0
63.600,2,0,-43.0,0.0,0
63.700,2,0,-43.0,0.0,0
63.700,2,0,-43.0,0.0,0
63.700,2,0,-43.0,0.0,0
63.700,2,0,-43.0,0.0,0
63.800,2,0,-43.0,0.0,0
63.800,2,0,-43.0,0.0,0
63.800,2,0,-43.0,0.0,0
63.900,2,0,-43.0,0.0,0
63.900,2,0,-43.0,0.0,0
63.900,2,0,-43.0,0.0,0
63.900,2,0,-43.0,0.0,0
64.000,2,0,-43.0,0.0,0
64.000,2,0,-43.0,0.0,0
64.000,2,0,-43.0,0.0,0
64.100,2,0,-43.0,0.0,0
64.100,2,0,-43.0,0.0,0
64.100,2,0,-43.0,0.0,0
64.100,2,0,-43.0,0.0,0
64.200,2,0,-43.0,0.0,0
64.200,2,0,-43.0,0.0,0
64.200,2,0,-43.0,0.0,0
64.300,2,0,-43.0,0.0,0
64.300,2,0,-43.0,0.0,0
64.300,2,0,-43.0,0.0,0
64.300,2,0,-43.0,0.0,0
64.400,2,0,-43.0,0.0,0
64.400,2,0,-43.0,0.0,0
64.400,2,0,-43.0,0.0,0
64.400,2,0,-43.0,0.0,0
64.500,2,0,-43.0,0.0,0
64.500,2,0,-43.0,0.0,0
64.500,2,0,-43.0,0.0,0
64.600,2,0,-43.0,0.0,0
64.600,2,0,-43.0,0.0,0
64.600,2,0,-43.0,0.0,0
64.600,2,0,-43.0,0.0,0
64.700,2,0,-43.0,0.0,0
64.700,2,0,-43.0,0.0,0
64.700,2,0,-43.0,0.0,0
64.800,2,0,-43.0,0.0,0
64.800,2,0,-43.0,0.0,0
64.800,2,0,-43.0,0.0,0
64.800,2,0,-43.0,0.0,0
64.900,2,0,-43.0,0.0,0
64.900,2,0,-43.0,0.0,0
64.900,2,0,-43.0,0.0,0
65.000,2,0,-43.0,0.0,0
65.000,2,0,-43.0,0.0,0
65.000,2,0,-43.0,0.0,0
65.000,2,0,-43.0,0.0,0
65.100,2,0,-43.0,0.0,0
65.100,2,0,-43.0,0.0,0
65.100,2,0,-43.0,0.0,0
65.100,2,0,-43.0,0.0,0
65.200,2,0,-43.0,0.0,0
65.200,2,0,-43.0,0.0,0
65.200,2,0,-43.0,0.0,0
65.300,2,0,-43.0,0.0,0
65.300,2,0,-43.0,0.0,0
65.300,2,0,-43.0,0.0,0
65.300,2,0,-43.0,0.0,0
65.400,2,0,-43.0,0.0,0
65.400,2,0,-43.0,0.0,0
65.400,2,0,-43.0,0.0,0
65.500,2,0,-43.0,0.0,0
65.500,2,0,-43.0,0.0,0
65.500,2,0,-43.0,0.0,0
65.500,2,0,-43.0,0.0,0
65.600,2,0,-43.0,0.0,0
65.600,2,0,-43.0,0.0,0
65.600,2,0,-43.0,0.0,0
65.700,2,0,-43.0,0.0,0
65.700,2,0,-43.0,0.0,0
65.700,2,0,-43.0,0.0,0
65.700,2,0,-43.0,0.0,0
65.800,2,0,-43.0,0.0,0
65.800,2,0,-43.0,0.0,0
65.800,2,0,-43.0,0.0,0
65.900,2,0,-43.0,0.0,0
65.900,2,0,-43.0,0.0,0
65.900,2,0,-43.0,0.0,0
65.900,2,0,-43.0,0.0,0
66.000,2,0,-43.0,0.0,0
66.000,2,0,-43.0,0.0,0
66.000,2,0,-43.0,0.0,0
66.000,2,0,-43.0,0.0,0
66.100,2,0,-43.0,0.0,0
66.100,2,0,-43.0,0.0,0
66.100,2,0,-43.0,0.0,0
66.200,2,0,-43.0,0.0,0
66.200,2,0,-43.0,0.0,0
66.200,2,0,-43.0,0.0,0
66.200,2,0,-43.0,0.0,0
66.300,2,0,-43.0,0.0,0
66.300,2,0,-43.0,0.0,0
66.300,2,0,-43.0,0.0,0
66.400,2,0,-43.0,0.0,0
66.400,2,0,-43.0,0.0,0
66.400,2,0,-43.0,0.0,0
66.400,2,0,-43.0,0.0,0
66.500,2,0,-43.0,0.0,0
66.500,2,0,-43.0,0.0,0
66.500,2,0,-43.0,0.0,0
66.600,2,0,-43.0,0.0,0
66.600,2,0,-43.0,0.0,0
66.600,2,0,-43.0,0.0,0
66.600,2,0,-43.0,0.0,0
66.700,2,0,-43.0,0.0,0
66.700,2,0,-43.0,0.0,0
66.700,2,0,-43.0,0.0,0
66.700,2,0,-43.0,0.0,0
66.800,2,0,-43.0,0.0,0
66.800,2,0,-43.0,0.0,0
66.800,2,0,-43.0,0.0,0
66.900,2,0,-43.0,0.0,0
66.900,2,0,-43.0,0.0,0
66.900,2,0,-43.0,0.0,0
66.900,2,0,-43.0,0.0,0
67.000,2,0,-43.0,0.0,0
67.000,2,0,-43.0,0.0,0
67.000,2,0,-43.0,0.0,0
67.100,2,0,-43.0,0.0,0
67.100,2,0,-43.0,0.0,0
67.100,2,0,-43.0,0.0,0
67.100,2,0,-43.0,0.0,0
67.200,2,0,-43.0,0.0,0
67.200,2,0,-43.0,0.0,0
67.200,2,0,-43.0,0.0,0
67.300,2,0,-43.0,0.0,0
67.300,2,0,-43.0,0.0,0
67.300,2,0,-43.0,0.0,0
67.300,2,0,-43.0,0.0,0
67.400,2,0,-43.0,0.0,0
67.400,2,0,-43.0,0.0,0
67.400,2,0,-43.0,0.0,0
67.400,2,0,-43.0,0.0,0
67.500,2,0,-43.0,0.0,0
67.500,2,0,-43.0,0.0,0
67.500,2,0,-43.0,0.0,0
67.600,2,0,-43.0,0.0,0
67.600,2,0,-43.0,0.0,0
67.600,2,0,-43.0,0.0,0
67.600,2,0,-43.0,0.0,0
67.700,2,0,-43.0,0.0,0
67.700,2,0,-43.0,0.0,0
67.700,2,0,-43.0,0.0,0
67.800,2,0,-43.0,0.0,0
67.800,2,0,-43.0,0.0,0
67.800,2,0,-43.0,0.0,0
67.800,2,0,-43.0,0.0,0
67.900,2,0,-43.0,0.0,0
67.900,2,0,-43.0,0.0,0
67.900,2,0,-43.0,0.0,0
68.000,2,0,-43.0,0.0,0
68.000,2,0,-43.0,0.0,0
68.000,2,0,-43.0,0.0,0
68.000,2,0,-43.0,0.0,0
68.100,2,0,-43.0,0.0,0
68.100,2,0,-43.0,0.0,0
68.100,2,0,-43.0,0.0,0
68.200,2,0,-43.0,0.0,0
68.200,2,0,-43.0,0.0,0
68.200,2,0,-43.0,0.0,0
68.200,2,0,-43.0,0.0,0
68.300,2,0,-43.0,0.0,0
68.300,2,0,-43.0,0.0,0
68.300,2,0,-43.0,0.0,0
68.300,2,0,-43.0,0.0,0
68.400,2,0,-43.0,0.0,0
68.400,2,0,-43.0,0.0,0
68.400,2,0,-43.0,0.0,0
68.500,2,0,-43.0,0.0,0
68.500,2,0,-43.0,0.0,0
68.500,2,0,-43.0,0.0,0
68.500,2,0,-43.0,0.0,0
68.600,2,0,-43.0,0.0,0
68.600,2,0,-43.0,0.0,0
68.600,2,0,-43.0,0.0,0
68.700,2,0,-43.0,0.0,0
68.700,2,0,-43.0,0.0,0
68.700,2,0,-43.0,0.0,0
68.700,2,0,-43.0,0.0,0
68.800,2,0,-43.0,0.0,0
68.800,2,0,-43.0,0.0,0
68.800,2,0,-43.0,0.0,0
68.900,2,0,-43.0,0.0,0
68.900,2,0,-43.0,0.0,0
68.900,2,0,-43.0,0.0,0
68.900,2,0,-43.0,0.0,0
69.000,2,0,-43.0,0.0,0
69.000,2,0,-43.0,0.0,0
69.000,2,0,-43.0,0.0,0
69.000,2,0,-43.0,0.0,0
69.100,2,0,-43.0,0.0,0
69.100,2,0,-43.0,0.0,0
69.100,2,0,-43.0,0.0,0
69.200,2,0,-43.0,0.0,0
69.200,2,0,-43.0,0.0,0
69.200,2,0,-43.0,0.0,0
69.200,2,0,-43.0,0.0,0
69.300,2,0,-43.0,0.0,0
69.300,2,0,-43.0,0.0,0
69.300,2,0,-43.0,0.0,0
69.400,2,0,-43.0,0.0,0
69.400,2,0,-43.0,0.0,0
69.400,2,0,-43.0,0.0,0
69.400,2,0,-43.0,0.0,0
69.500,2,0,-43.0,0.0,0
69.500,2,0,-43.0,0.0,0
69.500,2,0,-43.0,0.0,0
69.600,2,0,-43.0,0.0,0
69.600,2,0,-43.0,0.0,0
69.600,2,0,-43.0,0.0,0
69.600,2,0,-43.0,0.0,0
69.700,2,0,-43.0,0.0,0
69.700,2,0,-43.0,0.0,0
69.700,2,0,-43.0,0.0,0
69.700,2,0,-43.0,0.0,0
69.800,2,0,-43.0,0.0,0
69.800,2,0,-43.0,0.0,0
69.800,2,0,-43.0,0.0,0
69.900,2,0,-43.0,0.0,0
69.900,2,0,-43.0,0.0,0
69.900,2,0,-43.0,0.0,0
69.900,2,0,-43.0,0.0,0
70.000,2,0,-43.0,0.0,0
70.000,2,0,-43.0,0.0,0
70.000,2,0,-43.0,0.0,0
70.100,2,0,-43.0,0.0,0
70.100,2,0,-43.0,0.0,0
70.100,2,0,-43.0,0.0,0
70.100,2,0,-43.0,0.0,0
70.200,2,0,-43.0,0.0,0
70.200,2,0,-43.0,0.0,0
70.200,2,0,-43.0,0.0,0
70.300,2,0,-43.0,0.0,0
70.300,2,0,-43.0,0.0,0
70.300,2,0,-43.0,0.0,0
70.300,2,0,-43.0,0.0,0
70.400,2,0,-43.0,0.0,0
70.400,2,0,-43.0,0.0,0
70.400,2,0,-43.0,0.0,0
70.500,2,0,-43.0,0.0,0
70.500,2,0,-43.0,0.0,0
70.500,2,0,-43.0,0.0,0
70.500,2,0,-43.0,0.0,0
70.600,2,0,-43.0,0.0,0
70.600,2,0,-43.0,0.0,0
70.600,2,0,-43.0,0.0,0
70.600,2,0,-43.0,0.0,0
70.700,2,0,-43.0,0.0,0
70.700,2,0,-43.0,0.0,0
70.700,2,0,-43.0,0.0,0
70.800,2,0,-43.0,0.0,0
70.800,2,0,-43.0,0.0,0
70.800,2,0,-43.0,0.0,0
70.800,2,0,-43.0,0.0,0
70.900,2,0,-43.0,0.0,0
70.900,2,0,-43.0,0.0,0
70.900,2,0,-43.0,0.0,0
71.000,2,0,-43.0,0.0,0
71.000,2,0,-43.0,0.0,0
71.000,2,0,-43.0,0.0,0
71.000,2,0,-43.0,0.0,0
71.100,2,0,-43.0,0.0,0
71.100,2,0,-43.0,0.0,0
71.100,2,0,-43.0,0.0,0
71.200,2,0,-43.0,0.0,0
71.200,2,0,-43.0,0.0,0
71.200,2,0,-43.0,0.0,0
71.200,2,0,-43.0,0.0,0
71.300,2,0,-43.0,0.0,0
71.300,2,0,-43.0,0.0,0
71.300,2,0,-43.0,0.0,0
71.300,2,0,-43.0,0.0,0
71.400,2,0,-43.0,0.0,0
71.400,2,0,-43.0,0.0,0
71.400,2,0,-43.0,0.0,0
71.500,2,0,-43.0,0.0,0
71.500,2,0,-43.0,0.0,0
71.500,2,0,-43.0,0.0,0
71.500,2,0,-43.0,0.0,0
71.600,2,0,-43.0,0.0,0
71.600,2,0,-43.0,0.0,0
71.600,2,0,-43.0,0.0,0
71.700,2,0,-43.0,0.0,0
71.700,2,0,-43.0,0.0,0
71.700,2,0,-43.0,0.0,0
71.700,2,0,-43.0,0.0,0
71.800,2,0,-43.0,0.0,0
71.800,2,0,-43.0,0.0,0
71.800,2,0,-43.0,0.0,0
71.900,2,0,-43.0,0.0,0
71.900,2,0,-43.0,0.0,0
71.900,2,0,-43.0,0.0,0
71.900,2,0,-43.0,0.0,0
72.000,0,0,0.0,0.0,0
72.000,0,0,0.0,0.0,0
72.000,0,0,0.0,0.0,0
72.000,0,0,0.0,0.0,0
72.100,0,0,0.0,0.0,0
72.100,0,0,0.0,0.0,0
72.100,0,0,0.0,0.0,0
72.200,0,0,0.0,0.0,0
72.200,0,0,0.0,0.0,0
72.200,0,0,0.0,0.0,0
72.200,0,0,0.0,0.0,0
72.300,0,0,0.0,0.0,0
72.300,0,0,0.0,0.0,0
72.300,0,0,0.0,0.0,0
72.400,0,0,0.0,0.0,0
72.400,0,0,0.0,0.0,0
72.400,0,0,0.0,0.0,0
72.400,0,0,0.0,0.0,0
72.500,0,0,0.0,0.0,0
72.500,0,0,0.0,0.0,0
72.500,0,0,0.0,0.0,0
72.600,0,0,0.0,0.0,0
72.600,0,0,0.0,0.0,0
72.600,0,0,0.0,0.0,0
72.600,0,0,0.0,0.0,0
72.700,0,0,0.0,0.0,0
72.700,0,0,0.0,0.0,0
72.700,0,0,0.0,0.0,0
72.700,0,0,0.0,0.0,0
72.800,0,0,0.0,0.0,0
72.800,0,0,0.0,0.0,0
72.800,0,0,0.0,0.0,0
72.900,0,0,0.0,0.0,0
72.900,0,0,0.0,0.0,0
72.900,0,0,0.0,0.0,0
72.900,0,0,0.0,0.0,0
73.000,0,0,0.0,0.0,0
73.000,0,0,0.0,0.0,0
73.000,0,0,0.0,0.0,0
73.100,0,0,0.0,0.0,0
73.100,0,0,0.0,0.0,0
73.100,0,0,0.0,0.0,0
73.100,0,0,0.0,0.0,0
73.200,0,0,0.0,0.0,0
73.200,0,0,0.0,0.0,0
73.200,0,0,0.0,0.0,0
73.300,0,0,0.0,0.0,0
73.300,0,0,0.0,0.0,0
73.300,0,0,0.0,0.0,0
73.300,0,0,0.0,0.0,0
73.400,0,0,0.0,0.0,0
73.400,0,0,0.0,0.0,0
73.400,0,0,0.0,0.0,0
73.500,0,0,0.0,0.0,0
73.500,0,0,0.0,0.0,0
73.500,0,0,0.0,0.0,0
73.500,0,0,0.0,0.0,0
73.600,0,0,0.0,0.0,0
73.600,0,0,0.0,0.0,0
73.600,0,0,0.0,0.0,0
73.600,0,0,0.0,0.0,0
73.700,0,0,0.0,0.0,0
73.700,0,0,0.0,0.0,0
73.700,0,0,0.0,0.0,0
73.800,0,0,0.0,0.0,0
73.800,0,0,0.0,0.0,0
73.800,0,0,0.0,0.0,0
73.800,0,0,0.0,0.0,0
73.900,0,0,0.0,0.0,0
73.900,0,0,0.0,0.0,0
73.900,0,0,0.0,0.0,0
74.000,0,0,0.0,0.0,0
74.000,0,0,0.0,0.0,0
74.000,0,0,0.0,0.0,0
74.000,0,0,0.0,0.0,0
74.100,1,1,47.0,1.0,0
74.100,1,1,47.0,1.0,0
74.100,1,1,47.0,1.0,0
74.200,1,1,47.0,1.0,0
74.200,1,1,47.0,1.0,0
74.200,1,1,47.0,1.0,0
74.200,1,1,47.0,1.0,0
74.300,1,1,47.0,1.0,0
74.300,1,1,47.0,1.0,0
74.300,1,1,47.0,1.0,0
74.300,1,1,47.0,1.0,0
74.400,1,1,47.0,1.0,0
74.400,1,1,47.0,1.0,0
74.400,1,1,47.0,1.0,0
74.500,1,1,47.0,1.0,0
74.500,1,1,47.0,1.0,0
74.500,1,1,47.0,1.0,0
74.500,1,1,47.0,1.0,0
74.600,1,1,47.0,1.0,0
74.600,1,1,47.0,1.0,0
74.600,1,1,47.0,1.0,0
74.700,1,1,47.0,1.0,0
74.700,1,1,47.0,1.0,0
74.700,1,1,47.0,1.0,0
74.700,1,1,47.0,1.0,0
74.800,1,1,47.0,1.0,0
74.800,1,1,47.0,1.0,0
74.800,1,1,47.0,1.0,0
74.900,1,1,47.0,1.0,0
74.900,1,1,47.0,1.0,0
74.900,1,1,47.0,1.0,0
74.900,1,1,47.0,1.0,0
75.000,1,1,47.0,1.0,0
75.000,1,1,47.0,1.0,0
75.000,1,1,47.0,1.0,0
75.100,1,1,47.0,1.0,0
75.100,1,1,47.0,1.0,0
75.100,1,1,47.0,1.0,0
75.100,1,1,47.0,1.0,0
75.200,1,1,47.0,1.0,0
75.200,1,1,47.0,1.0,0
75.200,1,1,47.0,1.0,0
75.200,1,1,47.0,1.0,0
75.300,1,1,47.0,1.0,0
75.300,1,1,47.0,1.0,0
75.300,1,1,47.0,1.0,0
75.400,1,1,47.0,1.0,0
75.400,1,1,47.0,1.0,0
75.400,1,1,47.0,1.0,0
75.400,1,1,47.0,1.0,0
75.500,1,1,47.0,1.0,0
75.500,1,1,47.0,1.0,0
75.500,1,1,47.0,1.0,0
75.600,1,1,47.0,1.0,0
75.600,1,1,47.0,1.0,0
75.600,1,1,47.0,1.0,0
75.600,1,1,47.0,1.0,0
75.700,1,1,47.0,1.0,0
75.700,1,1,47.0,1.0,0
75.700,1,1,47.0,1.0,0
75.800,1,1,47.0,1.0,0
75.800,1,1,47.0,1.0,0
75.800,1,1,47.0,1.0,0
75.800,1,1,47.0,1.0,0
75.900,1,1,47.0,1.0,0
75.900,1,1,47.0,1.0,0
75.900,1,1,47.0,1.0,0
75.900,1,1,47.0,1.0,0
76.000,1,1,47.0,1.0,0
76.000,1,1,47.0,1.0,0
76.000,1,1,47.0,1.0,0
76.100,1,1,47.0,1.0,0
76.100,1,1,47.0,1.0,0
76.100,1,1,47.0,1.0,0
76.100,1,1,47.0,1.0,0
76.200,1,1,47.0,1.0,0
76.200,1,1,47.0,1.0,0
76.200,1,1,47.0,1.0,0
76.300,1,1,47.0,1.0,0
76.300,1,1,47.0,1.0,0
76.300,1,1,47.0,1.0,0
76.300,1,1,47.0,1.0,0
76.400,1,1,47.0,1.0,0
76.400,1,1,47.0,1.0,0
76.400,1,1,47.0,1.0,0
76.500,1,1,47.0,1.0,0
76.500,1,1,47.0,1.0,0
76.500,1,1,47.0,1.0,0
76.500,1,1,47.0,1.0,0
76.600,1,1,47.0,1.0,0
76.600,1,1,47.0,1.0,0
76.600,1,1,47.0,1.0,0
76.700,1,1,47.0,1.0,0
76.700,1,1,47.0,1.0,0
76.700,1,1,47.0,1.0,0
76.700,1,1,47.0,1.0,0
76.800,1,1,47.0,1.0,0
76.800,1,1,47.0,1.0,0
76.800,1,1,47.0,1.0,0
76.800,1,1,47.0,1.0,0
76.900,1,1,47.0,1.0,0
76.900,1,1,47.0,1.0,0
76.900,1,1,47.0,1.0,0
77.000,1,1,47.0,1.0,0
77.000,1,1,47.0,1.0,0
77.000,1,1,47.0,1.0,0
77.000,1,1,47.0,1.0,0
77.100,1,1,47.0,1.0,0
77.100,1,1,47.0,1.0,0
77.100,1,1,47.0,1.0,0
77.200,1,1,47.0,1.0,0
77.200,1,1,47.0,1.0,0
77.200,1,1,47.0,1.0,0
77.200,1,1,47.0,1.0,0
77.300,1,1,47.0,1.0,0
77.300,1,1,47.0,1.0,0
77.300,1,1,47.0,1.0,0
77.400,1,1,47.0,1.0,0
77.400,1,1,47.0,1.0,0
77.400,1,1,47.0,1.0,0
77.400,1,1,47.0,1.0,0
77.500,1,1,47.0,1.0,0
77.500,1,1,47.0,1.0,0
77.500,1,1,47.0,1.0,0
77.500,1,1,47.0,1.0,0
77.600,1,1,47.0,1.0,0
77.600,1,1,47.0,1.0,0
77.600,1,1,47.0,1.0,0
77.700,1,1,47.0,1.0,0
77.700,1,1,47.0,1.0,0
77.700,1,1,47.0,1.0,0
77.700,1,1,47.0,1.0,0
77.800,1,1,47.0,1.0,0
77.800,1,1,47.0,1.0,0
77.800,1,1,47.0,1.0,0
77.900,1,1,47.0,1.0,0
77.900,1,1,47.0,1.0,0
77.900,1,1,47.0,1.0,0
77.900,1,1,47.0,1.0,0
78.000,1,1,47.0,1.0,0
78.000,1,1,47.0,1.0,0
78.000,1,1,47.0,1.0,0
78.100,1,1,47.0,1.0,0
78.100,1,1,47.0,1.0,0
78.100,1,1,47.0,1.0,0
78.100,1,1,47.0,1.0,0
78.200,1,1,47.0,1.0,0
78.200,1,1,47.0,1.0,0
78.200,1,1,47.0,1.0,0
78.300,1,1,47.0,1.0,0
78.300,1,1,47.0,1.0,0
78.300,1,1,47.0,1.0,0
78.300,1,1,47.0,1.0,0
78.400,1,1,47.0,1.0,0
78.400,1,1,47.0,1.0,0
78.400,1,1,47.0,1.0,0
78.400,1,1,47.0,1.0,0
78.500,1,1,47.0,1.0,0
78.500,1,1,47.0,1.0,0
78.500,1,1,47.0,1.0,0
78.600,1,1,47.0,1.0,0
78.600,1,1,47.0,1.0,0
78.600,1,1,47.0,1.0,0
78.600,1,1,47.0,1.0,0
78.700,1,1,47.0,1.0,0
78.700,1,1,47.0,1.0,0
78.700,1,1,47.0,1.0,0
78.800,1,1,47.0,1.0,0
78.800,1,1,47.0,1.0,0
78.800,1,1,47.0,1.0,0
78.800,1,1,47.0,1.0,0
78.900,1,1,47.0,1.0,0
78.900,1,1,47.0,1.0,0
78.900,1,1,47.0,1.0,0
79.000,1,1,47.0,1.0,0
79.000,1,1,47.0,1.0,0
79.000,1,1,47.0,1.0,0
79.000,1,1,47.0,1.0,0
79.100,1,1,47.0,1.0,0
79.100,1,1,47.0,1.0,0
79.100,1,1,47.0,1.0,0
79.100,1,1,47.0,1.0,0
79.200,1,1,47.0,1.0,0
79.200,1,1,47.0,1.0,0
79.200,1,1,47.0,1.0,0
79.300,1,1,47.0,1.0,0
79.300,1,1,47.0,1.0,0
79.300,1,1,47.0,1.0,0
79.300,1,1,47.0,1.0,0
79.400,1,1,47.0,1.0,0
79.400,1,1,47.0,1.0,0
79.400,1,1,47.0,1.0,0
79.500,1,1,47.0,1.0,0
79.500,1,1,47.0,1.0,0
79.500,1,1,47.0,1.0,0
79.500,1,1,47.0,1.0,0
79.600,1,1,47.0,1.0,0
79.600,1,1,47.0,1.0,0
79.600,1,1,47.0,1.0,0
79.700,1,1,47.0,1.0,0
79.700,1,1,47.0,1.0,0
79.700,1,1,47.0,1.0,0
79.700,1,1,47.0,1.0,0
79.800,1,1,47.0,1.0,0
79.800,1,1,47.0,1.0,0
79.800,1,1,47.0,1.0,0
79.800,1,1,47.0,1.0,0
79.900,1,1,47.0,1.0,0
79.900,1,1,47.0,1.0,0
79.900,1,1,47.0,1.0,0
80.000,1,1,47.0,1.0,0
80.000,1,1,47.0,1.0,0
80.000,1,1,47.0,1.0,0
80.000,1,1,47.0,1.0,0
80.100,1,1,47.0,1.0,0
80.100,1,1,47.0,1.0,0
80.100,1,1,47.0,1.0,0
80.200,1,1,47.0,1.0,0
80.200,1,1,47.0,1.0,0
80.200,1,1,47.0,1.0,0
80.200,1,1,47.0,1.0,0
80.300,1,1,47.0,1.0,0
80.300,1,1,47.0,1.0,0
80.300,1,1,47.0,1.0,0
80.400,1,1,47.0,1.0,0
80.400,1,1,47.0,1.0,0
80.400,1,1,47.0,1.0,0
80.400,1,1,47.0,1.0,0
80.500,1,1,47.0,1.0,0
80.500,1,1,47.0,1.0,0
80.500,1,1,47.0,1.0,0
80.600,1,1,47.0,1.0,0
80.600,1,1,47.0,1.0,0
80.600,1,1,47.0,1.0,0
80.600,1,1,47.0,1.0,0
80.700,1,1,47.0,1.0,0
80.700,1,1,47.0,1.0,0
80.700,1,1,47.0,1.0,0
80.700,1,1,47.0,1.0,0
80.800,1,1,47.0,1.0,0
80.800,1,1,47.0,1.0,0
80.800,1,1,47.0,1.0,0
80.900,1,1,47.0,1.0,0
80.900,1,1,47.0,1.0,0
80.900,1,1,47.0,1.0,0
80.900,1,1,47.0,1.0,0
81.000,1,1,47.0,1.0,0
81.000,1,1,47.0,1.0,0
81.000,1,1,47.0,1.0,0
81.100,1,1,47.0,1.0,0
81.100,1,1,47.0,1.0,0
81.100,1,1,47.0,1.0,0
81.100,1,1,47.0,1.0,0
81.200,1,1,47.0,1.0,0
81.200,1,1,47.0,1.0,0
81.200,1,1,47.0,1.0,0
81.300,1,1,47.0,1.0,0
81.300,1,1,47.0,1.0,0
81.300,1,1,47.0,1.0,0
81.300,1,1,47.0,1.0,0
81.400,1,1,47.0,1.0,0
81.400,1,1,47.0,1.0,0
81.400,1,1,47.0,1.0,0
81.400,1,1,47.0,1.0,0
81.500,1,1,47.0,1.0,0
81.500,1,1,47.0,1.0,0
81.500,1,1,47.0,1.0,0
81.600,1,1,47.0,1.0,0
81.600,1,1,47.0,1.0,0
81.600,1,1,47.0,1.0,0
81.600,1,1,47.0,1.0,0
81.700,1,1,47.0,1.0,0
81.700,1,1,47.0,1.0,0
81.700,1,1,47.0,1.0,0
81.800,1,1,47.0,1.0,0
81.800,1,1,47.0,1.0,0
81.800,1,1,47.0,1.0,0
81.800,1,1,47.0,1.0,0
81.900,1,1,47.0,1.0,0
81.900,1,1,47.0,1.0,0
81.900,1,1,47.0,1.0,0
82.000,1,1,47.0,1.0,0
82.000,1,1,47.0,1.0,0
82.000,1,1,47.0,1.0,0
82.000,1,1,47.0,1.0,0
82.100,1,1,47.0,1.0,0
82.100,1,1,47.0,1.0,0
82.100,1,1,47.0,1.0,0
82.100,1,1,47.0,1.0,0
82.200,1,1,47.0,1.0,0
82.200,1,1,47.0,1.0,0
82.200,1,1,47.0,1.0,0
82.300,1,1,47.0,1.0,0
82.300,1,1,47.0,1.0,0
82.300,1,1,47.0,1.0,0
82.300,1,1,47.0,1.0,0
82.400,1,1,47.0,1.0,0
82.400,1,1,47.0,1.0,0
82.400,1,1,47.0,1.0,0
82.500,1,1,47.0,1.0,0
82.500,1,1,47.0,1.0,0
82.500,1,1,47.0,1.0,0
82.500,1,1,47.0,1.0,0
82.600,1,1,47.0,1.0,0
82.600,1,1,47.0,1.0,0
82.600,1,1,47.0,1.0,0
82.700,1,1,47.0,1.0,0
82.700,1,1,47.0,1.0,0
82.700,1,1,47.0,1.0,0
82.700,1,1,47.0,1.0,0
82.800,1,1,47.0,1.0,0
82.800,1,1,47.0,1.0,0
82.800,1,1,47.0,1.0,0
82.900,1,1,47.0,1.0,0
82.900,1,1,47.0,1.0,0
82.900,1,1,47.0,1.0,0
82.900,1,1,47.0,1.0,0
83.000,1,1,47.0,1.0,0
83.000,1,1,47.0,1.0,0
83.000,1,1,47.0,1.0,0
83.000,1,1,47.0,1.0,0
83.100,1,1,47.0,1.0,0
83.100,1,1,47.0,1.0,0
83.100,1,1,47.0,1.0,0
83.200,1,1,47.0,1.0,0
83.200,1,1,47.0,1.0,0
83.200,1,1,47.0,1.0,0
83.200,1,1,47.0,1.0,0
83.300,1,1,47.0,1.0,0
83.300,1,1,47.0,1.0,0
83.300,1,1,47.0,1.0,0
83.400,1,1,47.0,1.0,0
83.400,1,1,47.0,1.0,0
83.400,1,1,47.0,1.0,0
83.400,1,1,47.0,1.0,0
83.500,1,1,47.0,1.0,0
83.500,1,1,47.0,1.0,0
83.500,1,1,47.0,1.0,0
83.600,1,1,47.0,1.0,0
83.600,1,1,47.0,1.0,0
83.600,1,1,47.0,1.0,0
83.600,1,1,47.0,1.0,0
83.700,1,1,47.0,1.0,0
83.700,1,1,47.0,1.0,0
83.700,1,1,47.0,1.0,0
83.700,1,1,47.0,1.0,0
83.800,1,1,47.0,1.0,0
83.800,1,1,47.0,1.0,0
83.800,1,1,47.0,1.0,0
83.900,1,1,47.0,1.0,0
83.900,1,1,47.0,1.0,0
83.900,1,1,47.0,1.0,0
83.900,1,1,47.0,1.0,0
84.000,1,1,47.0,1.0,0
84.000,1,1,47.0,1.0,0
84.000,1,1,47.0,1.0,0
84.100,1,1,47.0,1.0,0
84.100,1,1,47.0,1.0,0
84.100,1,1,47.0,1.0,0
84.100,1,1,47.0,1.0,0
84.200,1,1,47.0,1.0,0
84.200,1,1,47.0,1.0,0
84.200,1,1,47.0,1.0,0
84.300,1,1,47.0,1.0,0
84.300,1,1,47.0,1.0,0
84.300,1,1,47.0,1.0,0
84.300,1,1,47.0,1.0,0
84.400,1,1,47.0,1.0,0
84.400,1,1,47.0,1.0,0
84.400,1,1,47.0,1.0,0
84.400,1,1,47.0,1.0,0
84.500,1,1,47.0,1.0,0
84.500,1,1,47.0,1.0,0
84.500,1,1,47.0,1.0,0
84.600,1,1,47.0,1.0,0
84.600,1,1,47.0,1.0,0
84.600,1,1,47.0,1.0,0
84.600,1,1,47.0,1.0,0
84.700,1,1,47.0,1.0,0
84.700,1,1,47.0,1.0,0
84.700,1,1,47.0,1.0,0
84.800,1,1,47.0,1.0,0
84.800,1,1,47.0,1.0,0
84.800,1,1,47.0,1.0,0
84.800,1,1,47.0,1.0,0
84.900,1,1,47.0,1.0,0
84.900,1,1,47.0,1.0,0
84.900,1,1,47.0,1.0,0
85.000,1,1,47.0,1.0,0
85.000,1,1,47.0,1.0,0
85.000,1,1,47.0,1.0,0
85.000,1,1,47.0,1.0,0
85.100,1,1,47.0,1.0,0
85.100,1,1,47.0,1.0,0
85.100,1,1,47.0,1.0,0
85.200,1,1,47.0,1.0,0
85.200,1,1,47.0,1.0,0
85.200,1,1,47.0,1.0,0
85.200,1,1,47.0,1.0,0
85.300,1,1,47.0,1.0,0
85.300,1,1,47.0,1.0,0
85.300,1,1,47.0,1.0,0
85.300,1,1,47.0,1.0,0
85.400,1,1,47.0,1.0,0
85.400,1,1,47.0,1.0,0
85.400,1,1,47.0,1.0,0
85.500,1,1,47.0,1.0,0
85.500,1,1,47.0,1.0,0
85.500,1,1,47.0,1.0,0
85.500,1,1,47.0,1.0,0
85.600,1,1,47.0,1.0,0
85.600,1,1,47.0,1.0,0
85.600,1,1,47.0,1.0,0
85.700,1,1,47.0,1.0,0
85.700,1,1,47.0,1.0,0
85.700,1,1,47.0,1.0,0
85.700,1,1,47.0,1.0,0
85.800,1,1,47.0,1.0,0
85.800,1,1,47.0,1.0,0
85.800,1,1,47.0,1.0,0
85.900,1,1,47.0,1.0,0
85.900,1,1,47.0,1.0,0
85.900,1,1,47.0,1.0,0
85.900,1,1,47.0,1.0,0
86.000,1,1,47.0,1.0,0
86.000,1,1,47.0,1.0,0
86.000,1,1,47.0,1.0,0
86.000,1,1,47.0,1.0,0
86.100,1,1,47.0,1.0,0
86.100,1,1,47.0,1.0,0
86.100,1,1,47.0,1.0,0
86.200,1,1,47.0,1.0,0
86.200,1,1,47.0,1.0,0
86.200,1,1,47.0,1.0,0
86.200,1,1,47.0,1.0,0
86.300,1,1,47.0,1.0,0
86.300,1,1,47.0,1.0,0
86.300,1,1,47.0,1.0,0
86.400,1,1,47.0,1.0,0
86.400,1,1,47.0,1.0,0
86.400,1,1,47.0,1.0,0
86.400,1,1,47.0,1.0,0
86.500,1,1,47.0,1.0,0
86.500,1,1,47.0,1.0,0
86.500,1,1,47.0,1.0,0
86.600,1,1,47.0,1.0,0
86.600,1,1,47.0,1.0,0
86.600,1,1,47.0,1.0,0
86.600,1,1,47.0,1.0,0
86.700,1,1,47.0,1.0,0
86.700,1,1,47.0,1.0,0
86.700,1,1,47.0,1.0,0
86.700,1,1,47.0,1.0,0
86.800,1,1,47.0,1.0,0
86.800,1,1,47.0,1.0,0
86.800,1,1,47.0,1.0,0
86.900,1,1,47.0,1.0,0
86.900,1,1,47.0,1.0,0
86.900,1,1,47.0,1.0,0
86.900,1,1,47.0,1.0,0
87.000,1,1,47.0,1.0,0
87.000,1,1,47.0,1.0,0
87.000,1,1,47.0,1.0,0
87.100,1,1,47.0,1.0,0
87.100,1,1,47.0,1.0,0
87.100,1,1,47.0,1.0,0
87.100,1,1,47.0,1.0,0
87.200,1,1,47.0,1.0,0
87.200,1,1,47.0,1.0,0
87.200,1,1,47.0,1.0,0
87.300,1,1,47.0,1.0,0
87.300,1,1,47.0,1.0,0
87.300,1,1,47.0,1.0,0
87.300,1,1,47.0,1.0,0
87.400,1,1,47.0,1.0,0
87.400,1,1,47.0,1.0,0
87.400,1,1,47.0,1.0,0
87.500,1,1,47.0,1.0,0
87.500,1,1,47.0,1.0,0
87.500,1,1,47.0,1.0,0
87.500,1,1,47.0,1.0,0
87.600,1,1,47.0,1.0,0
87.600,1,1,47.0,1.0,0
87.600,1,1,47.0,1.0,0
87.600,1,1,47.0,1.0,0
87.700,1,1,47.0,1.0,0
87.700,1,1,47.0,1.0,0
87.700,1,1,47.0,1.0,0
87.800,1,1,47.0,1.0,0
87.800,1,1,47.0,1.0,0
87.800,1,1,47.0,1.0,0
87.800,1,1,47.0,1.0,0
87.900,1,1,47.0,1.0,0
87.900,1,1,47.0,1.0,0
87.900,1,1,47.0,1.0,0
88.000,1,1,47.0,1.0,0
88.000,1,1,47.0,1.0,0
88.000,1,1,47.0,1.0,0
88.000,1,1,47.0,1.0,0
88.100,1,1,47.0,1.0,1
88.100,1,1,47.0,1.0,1
88.100,1,1,47.0,1.0,1
88.200,1,1,47.0,1.0,1
88.200,1,1,47.0,1.0,1
88.200,1,1,47.0,1.0,1
88.200,1,1,47.0,1.0,1
88.300,1,1,47.0,1.0,1
88.300,1,1,47.0,1.0,1
88.300,1,1,47.0,1.0,1
88.300,1,1,47.0,1.0,1
88.400,1,1,47.0,1.0,1
88.400,1,1,47.0,1.0,1
88.400,1,1,47.0,1.0,1
88.500,1,1,47.0,1.0,1
88.500,1,1,47.0,1.0,1
88.500,1,1,47.0,1.0,1
88.500,1,1,47.0,1.0,1
88.600,0,0,0.0,0.0,1
88.600,0,0,0.0,0.0,1
88.600,0,0,0.0,0.0,1
88.700,0,0,0.0,0.0,1
88.700,0,0,0.0,0.0,1
88.700,0,0,0.0,0.0,1
88.700,0,0,0.0,0.0,1
88.800,0,0,0.0,0.0,1
88.800,0,0,0.0,0.0,1
88.800,0,0,0.0,0.0,1
88.900,0,0,0.0,0.0,1
88.900,0,0,0.0,0.0,1
88.900,0,0,0.0,0.0,1
88.900,0,0,0.0,0.0,1
89.000,0,0,0.0,0.0,1
89.000,0,0,0.0,0.0,1
89.000,0,0,0.0,0.0,1
89.000,0,0,0.0,0.0,1
89.100,0,0,0.0,0.0,1
89.100,0,0,0.0,0.0,1
89.100,0,0,0.0,0.0,1
89.200,0,0,0.0,0.0,1
89.200,0,0,0.0,0.0,1
89.200,0,0,0.0,0.0,1
89.200,0,0,0.0,0.0,1
89.300,0,0,0.0,0.0,1
89.300,0,0,0.0,0.0,1
89.300,0,0,0.0,0.0,1
89.400,0,0,0.0,0.0,1
89.400,0,0,0.0,0.0,1
89.400,0,0,0.0,0.0,1
89.400,0,0,0.0,0.0,1
89.500,0,0,0.0,0.0,1
89.500,0,0,0.0,0.0,1
89.500,0,0,0.0,0.0,1
89.600,0,0,0.0,0.0,1
89.600,0,0,0.0,0.0,1
89.600,0,0,0.0,0.0,1
89.600,0,0,0.0,0.0,1
89.700,0,0,0.0,0.0,1
89.700,0,0,0.0,0.0,1
89.700,0,0,0.0,0.0,1
89.800,0,0,0.0,0.0,1
89.800,0,0,0.0,0.0,1
89.800,0,0,0.0,0.0,1
89.800,0,0,0.0,0.0,1
89.900,0,0,0.0,0.0,1
89.900,0,0,0.0,0.0,1
89.900,0,0,0.0,0.0,1
89.900,0,0,0.0,0.0,1
90.000,0,0,0.0,0.0,1
90.000,0,0,0.0,0.0,1
90.000,0,0,0.0,0.0,1
90.100,0,0,0.0,0.0,1
90.100,0,0,0.0,0.0,1
90.100,0,0,0.0,0.0,1
90.100,0,0,0.0,0.0,1
90.200,0,0,0.0,0.0,1
90.200,0,0,0.0,0.0,1
90.200,0,0,0.0,0.0,1
90.300,0,0,0.0,0.0,1
90.300,0,0,0.0,0.0,1
90.300,0,0,0.0,0.0,1
90.300,0,0,0.0,0.0,1
90.400,0,0,0.0,0.0,1
90.400,0,0,0.0,0.0,1
90.400,0,0,0.0,0.0,1
90.500,0,0,0.0,0.0,1
90.500,0,0,0.0,0.0,1
90.500,0,0,0.0,0.0,1
90.500,0,0,0.0,0.0,1
90.600,0,0,0.0,0.0,1
90.600,0,0,0.0,0.0,1
90.600,0,0,0.0,0.0,1
90.600,0,0,0.0,0.0,1
90.700,0,0,0.0,0.0,1
90.700,0,0,0.0,0.0,1
90.700,0,0,0.0,0.0,1
90.800,0,0,0.0,0.0,1
90.800,0,0,0.0,0.0,1
90.800,0,0,0.0,0.0,1
90.800,0,0,0.0,0.0,1
90.900,0,0,0.0,0.0,1
90.900,0,0,0.0,0.0,1
90.900,0,0,0.0,0.0,1
91.000,0,0,0.0,0.0,1
91.000,0,0,0.0,0.0,1
91.000,0,0,0.0,0.0,1
91.000,0,0,0.0,0.0,1
91.100,0,0,0.0,0.0,1
91.100,0,0,0.0,0.0,1
91.100,0,0,0.0,0.0,1
91.200,0,0,0.0,0.0,1
91.200,0,0,0.0,0.0,1
91.200,0,0,0.0,0.0,1
91.200,0,0,0.0,0.0,1
91.300,0,0,0.0,0.0,1
91.300,0,0,0.0,0.0,1
91.300,0,0,0.0,0.0,1
91.400,0,0,0.0,0.0,1
91.400,0,0,0.0,0.0,1
91.400,0,0,0.0,0.0,1
91.400,0,0,0.0,0.0,1
91.500,0,0,0.0,0.0,1
91.500,0,0,0.0,0.0,1
91.500,0,0,0.0,0.0,1
91.500,0,0,0.0,0.0,1
91.600,0,0,0.0,0.0,1
91.600,0,0,0.0,0.0,1
91.600,0,0,0.0,0.0,1
91.700,0,0,0.0,0.0,1
91.700,0,0,0.0,0.0,1
91.700,0,0,0.0,0.0,1
91.700,0,0,0.0,0.0,1
91.800,0,0,0.0,0.0,1
91.800,0,0,0.0,0.0,1
91.800,0,0,0.0,0.0,1
91.900,0,0,0.0,0.0,1
91.900,0,0,0.0,0.0,1
91.900,0,0,0.0,0.0,1
91.900,0,0,0.0,0.0,1
92.000,0,0,0.0,0.0,1
92.000,0,0,0.0,0.0,1
92.000,0,0,0.0,0.0,1
92.100,0,0,0.0,0.0,1
92.100,0,0,0.0,0.0,1
92.100,0,0,0.0,0.0,1
92.100,0,0,0.0,0.0,1
92.200,0,0,0.0,0.0,1
92.200,0,0,0.0,0.0,1
92.200,0,0,0.0,0.0,1
92.200,0,0,0.0,0.0,1
92.300,0,0,0.0,0.0,1
92.300,0,0,0.0,0.0,1
92.300,0,0,0.0,0.0,1
92.400,0,0,0.0,0.0,1
92.400,0,0,0.0,0.0,1
92.400,0,0,0.0,0.0,1
92.400,0,0,0.0,0.0,1
92.500,0,0,0.0,0.0,1
92.500,0,0,0.0,0.0,1
92.500,0,0,0.0,0.0,1
92.600,0,0,0.0,0.0,1
92.600,0,0,0.0,0.0,1
92.600,0,0,0.0,0.0,1
92.600,0,0,0.0,0.0,1
92.700,0,0,0.0,0.0,1
92.700,0,0,0.0,0.0,1
92.700,0,0,0.0,0.0,1
92.800,0,0,0.0,0.0,1
92.800,0,0,0.0,0.0,1
92.800,0,0,0.0,0.0,1
92.800,0,0,0.0,0.0,1
92.900,0,0,0.0,0.0,1
92.900,0,0,0.0,0.0,1
92.900,0,0,0.0,0.0,1
92.900,0,0,0.0,0.0,1
93.000,0,0,0.0,0.0,1
93.000,0,0,0.0,0.0,1
93.000,0,0,0.0,0.0,1
93.100,0,0,0.0,0.0,1
93.100,0,0,0.0,0.0,1
93.100,0,0,0.0,0.0,1
93.100,0,0,0.0,0.0,1
93.200,0,0,0.0,0.0,1
93.200,0,0,0.0,0.0,1
93.200,0,0,0.0,0.0,1
93.300,0,0,0.0,0.0,1
93.300,0,0,0.0,0.0,1
93.300,0,0,0.0,0.0,1
93.300,0,0,0.0,0.0,1
93.400,0,0,0.0,0.0,1
93.400,0,0,0.0,0.0,1
93.400,0,0,0.0,0.0,1
93.500,0,0,0.0,0.0,1
93.500,0,0,0.0,0.0,1
93.500,0,0,0.0,0.0,1
93.500,0,0,0.0,0.0,1
93.600,0,0,0.0,0.0,1
93.600,0,0,0.0,0.0,1
93.600,0,0,0.0,0.0,1
93.700,0,0,0.0,0.0,1
93.700,0,0,0.0,0.0,1
93.700,0,0,0.0,0.0,1
93.700,0,0,0.0,0.0,1
93.800,0,0,0.0,0.0,1
93.800,0,0,0.0,0.0,1
93.800,0,0,0.0,0.0,1
93.800,0,0,0.0,0.0,1
93.900,0,0,0.0,0.0,1
93.900,0,0,0.0,0.0,1
93.900,0,0,0.0,0.0,1
94.000,0,0,0.0,0.0,1
94.000,0,0,0.0,0.0,1
94.000,0,0,0.0,0.0,1
94.000,0,0,0.0,0.0,1
94.100,0,0,0.0,0.0,1
94.100,0,0,0.0,0.0,1
94.100,0,0,0.0,0.0,1
94.200,0,0,0.0,0.0,1
94.200,0,0,0.0,0.0,1
94.200,0,0,0.0,0.0,1
94.200,0,0,0.0,0.0,1
94.300,0,0,0.0,0.0,1
94.300,0,0,0.0,0.0,1
94.300,0,0,0.0,0.0,1
94.400,0,0,0.0,0.0,1
94.400,0,0,0.0,0.0,1
94.400,0,0,0.0,0.0,1
94.400,0,0,0.0,0.0,1
94.500,0,0,0.0,0.0,1
94.500,0,0,0.0,0.0,1
94.500,0,0,0.0,0.0,1
94.500,0,0,0.0,0.0,1
94.600,0,0,0.0,0.0,1
94.600,0,0,0.0,0.0,1
94.600,0,0,0.0,0.0,1
94.700,0,0,0.0,0.0,1
94.700,0,0,0.0,0.0,1
94.700,0,0,0.0,0.0,1
94.700,0,0,0.0,0.0,1
94.800,0,0,0.0,0.0,1
94.800,0,0,0.0,0.0,1
94.800,0,0,0.0,0.0,1
94.900,0,0,0.0,0.0,1
94.900,0,0,0.0,0.0,1
94.900,0,0,0.0,0.0,1
94.900,0,0,0.0,0.0,1
95.000,0,0,0.0,0.0,1
95.000,0,0,0.0,0.0,1
95.000,0,0,0.0,0.0,1
95.100,0,0,0.0,0.0,1
95.100,0,0,0.0,0.0,1
95.100,0,0,0.0,0.0,1
95.100,0,0,0.0,0.0,1
95.200,0,0,0.0,0.0,1
95.200,0,0,0.0,0.0,1
95.200,0,0,0.0,0.0,1
95.200,0,0,0.0,0.0,1
95.300,0,0,0.0,0.0,1
95.300,0,0,0.0,0.0,1
95.300,0,0,0.0,0.0,1
95.400,0,0,0.0,0.0,1
95.400,0,0,0.0,0.0,1
95.400,0,0,0.0,0.0,1
95.400,0,0,0.0,0.0,1
95.500,0,0,0.0,0.0,1
95.500,0,0,0.0,0.0,1
95.500,0,0,0.0,0.0,1
95.600,0,0,0.0,0.0,1
95.600,0,0,0.0,0.0,1
95.600,0,0,0.0,0.0,1
95.600,0,0,0.0,0.0,1
95.700,0,0,0.0,0.0,1
95.700,0,0,0.0,0.0,1
95.700,0,0,0.0,0.0,1
95.800,0,0,0.0,0.0,1
95.800,0,0,0.0,0.0,1
95.800,0,0,0.0,0.0,1
95.800,0,0,0.0,0.0,1
95.900,0,0,0.0,0.0,1
95.900,0,0,0.0,0.0,1
95.900,0,0,0.0,0.0,1
96.000,0,0,0.0,0.0,1
96.000,0,0,0.0,0.0,1
96.000,0,0,0.0,0.0,1
96.000,0,0,0.0,0.0,1
96.100,0,0,0.0,0.0,1
96.100,0,0,0.0,0.0,1
96.100,0,0,0.0,0.0,1
96.100,0,0,0.0,0.0,1
96.200,0,0,0.0,0.0,1
96.200,0,0,0.0,0.0,1
96.200,0,0,0.0,0.0,1
96.300,0,0,0.0,0.0,1
96.300,0,0,0.0,0.0,1
96.300,0,0,0.0,0.0,1
96.300,0,0,0.0,0.0,1
96.400,0,0,0.0,0.0,1
96.400,0,0,0.0,0.0,1
96.400,0,0,0.0,0.0,1
96.500,0,0,0.0,0.0,1
96.500,0,0,0.0,0.0,1
96.500,0,0,0.0,0.0,1
96.500,0,0,0.0,0.0,1
96.600,0,0,0.0,0.0,1
96.600,0,0,0.0,0.0,1
96.600,0,0,0.0,0.0,1
96.700,0,0,0.0,0.0,1
96.700,0,0,0.0,0.0,1
96.700,0,0,0.0,0.0,1
96.700,0,0,0.0,0.0,1
96.800,0,0,0.0,0.0,1
96.800,0,0,0.0,0.0,1
96.800,0,0,0.0,0.0,1
96.800,0,0,0.0,0.0,1
96.900,0,0,0.0,0.0,1
96.900,0,0,0.0,0.0,1
96.900,0,0,0.0,0.0,1
97.000,0,0,0.0,0.0,1
97.000,0,0,0.0,0.0,1
97.000,0,0,0.0,0.0,1
97.000,0,0,0.0,0.0,1
97.100,0,0,0.0,0.0,1
97.100,0,0,0.0,0.0,1
97.100,0,0,0.0,0.0,1
97.200,0,0,0.0,0.0,1
97.200,0,0,0.0,0.0,1
97.200,0,0,0.0,0.0,1
97.200,0,0,0.0,0.0,1
97.300,0,0,0.0,0.0,1
97.300,0,0,0.0,0.0,1
97.300,0,0,0.0,0.0,1
97.400,0,0,0.0,0.0,1
97.400,0,0,0.0,0.0,1
97.400,0,0,0.0,0.0,1
97.400,0,0,0.0,0.0,1
97.500,0,0,0.0,0.0,1
97.500,0,0,0.0,0.0,1
97.500,0,0,0.0,0.0,1
97.500,0,0,0.0,0.0,1
97.600,0,0,0.0,0.0,1
97.600,0,0,0.0,0.0,1
97.600,0,0,0.0,0.0,1
97.700,0,0,0.0,0.0,1
97.700,0,0,0.0,0.0,1
97.700,0,0,0.0,0.0,1
97.700,0,0,0.0,0.0,1
97.800,0,0,0.0,0.0,1
97.800,0,0,0.0,0.0,1
97.800,0,0,0.0,0.0,1
97.900,0,0,0.0,0.0,1
97.900,0,0,0.0,0.0,1
97.900,0,0,0.0,0.0,1
97.900,0,0,0.0,0.0,1
98.000,0,0,0.0,0.0,1
98.000,0,0,0.0,0.0,1
98.000,0,0,0.0,0.0,1
98.100,0,0,0.0,0.0,1
98.100,0,0,0.0,0.0,1
98.100,0,0,0.0,0.0,1
98.100,0,0,0.0,0.0,1
98.200,0,0,0.0,0.0,1
98.200,0,0,0.0,0.0,1
98.200,0,0,0.0,0.0,1
98.300,0,0,0.0,0.0,1
98.300,0,0,0.0,0.0,1
98.300,0,0,0.0,0.0,1
98.300,0,0,0.0,0.0,1
98.400,0,0,0.0,0.0,1
98.400,0,0,0.0,0.0,1
98.400,0,0,0.0,0.0,1
98.400,0,0,0.0,0.0,1
98.500,0,0,0.0,0.0,1
98.500,0,0,0.0,0.0,1
98.500,0,0,0.0,0.0,1
98.600,0,0,0.0,0.0,1
98.600,0,0,0.0,0.0,1
98.600,0,0,0.0,0.0,1
98.600,0,0,0.0,0.0,1
98.700,0,0,0.0,0.0,1
98.700,0,0,0.0,0.0,1
98.700,0,0,0.0,0.0,1
98.800,0,0,0.0,0.0,1
98.800,0,0,0.0,0.0,1
98.800,0,0,0.0,0.0,1
98.800,0,0,0.0,0.0,1
98.900,0,0,0.0,0.0,1
98.900,0,0,0.0,0.0,1
98.900,0,0,0.0,0.0,1
99.000,0,0,0.0,0.0,1
99.000,0,0,0.0,0.0,1
99.000,0,0,0.0,0.0,1
99.000,0,0,0.0,0.0,1
99.101,0,0,0.0,0.0,1
99.101,0,0,0.0,0.0,1
99.101,0,0,0.0,0.0,1
99.101,0,0,0.0,0.0,1
99.201,0,0,0.0,0.0,1
99.201,0,0,0.0,0.0,1
99.201,0,0,0.0,0.0,1
99.301,0,0,0.0,0.0,1
99.301,0,0,0.0,0.0,1
99.301,0,0,0.0,0.0,1
99.301,0,0,0.0,0.0,1
99.401,0,0,0.0,0.0,1
99.401,0,0,0.0,0.0,1
99.401,0,0,0.0,0.0,1
99.501,0,0,0.0,0.0,1
99.501,0,0,0.0,0.0,1
99.501,0,0,0.0,0.0,1
99.501,0,0,0.0,0.0,1
99.601,0,0,0.0,0.0,1
99.601,0,0,0.0,0.0,1
99.601,0,0,0.0,0.0,1
99.701,0,0,0.0,0.0,1
99.701,0,0,0.0,0.0,1
99.701,0,0,0.0,0.0,1
99.701,0,0,0.0,0.0,1
99.801,0,0,0.0,0.0,1
99.801,0,0,0.0,0.0,1
99.801,0,0,0.0,0.0,1
99.801,0,0,0.0,0.0,1
99.901,0,0,0.0,0.0,1
99.901,0,0,0.0,0.0,1
99.901,0,0,0.0,0.0,1
100.001,0,0,0.0,0.0,1
100.001,0,0,0.0,0.0,1
100.001,0,0,0.0,0.0,1
100.001,0,0,0.0,0.0,1
100.101,0,0,0.0,0.0,1
100.101,0,0,0.0,0.0,1
100.101,0,0,0.0,0.0,1
100.201,0,0,0.0,0.0,1
100.201,0,0,0.0,0.0,1
100.201,0,0,0.0,0.0,1
100.201,0,0,0.0,0.0,1
100.301,0,0,0.0,0.0,1
100.301,0,0,0.0,0.0,1
100.301,0,0,0.0,0.0,1
100.401,0,0,0.0,0.0,1
100.401,0,0,0.0,0.0,1
100.401,0,0,0.0,0.0,1
100.401,0,0,0.0,0.0,1
100.501,0,0,0.0,0.0,1
100.501,0,0,0.0,0.0,1
100.501,0,0,0.0,0.0,1
100.601,0,0,0.0,0.0,1
100.601,0,0,0.0,0.0,1
100.601,0,0,0.0,0.0,1
100.601,0,0,0.0,0.0,1
100.702,0,0,0.0,0.0,1
100.702,0,0,0.0,0.0,1
100.702,0,0,0.0,0.0,1
100.702,0,0,0.0,0.0,1
100.802,0,0,0.0,0.0,1
100.802,0,0,0.0,0.0,1
100.802,0,0,0.0,0.0,1
100.902,0,0,0.0,0.0,1
100.902,0,0,0.0,0.0,1
100.902,0,0,0.0,0.0,1
100.902,0,0,0.0,0.0,1
101.002,0,0,0.0,0.0,1
101.002,0,0,0.0,0.0,1
101.002,0,0,0.0,0.0,1
101.102,0,0,0.0,0.0,1
101.102,0,0,0.0,0.0,1
101.102,0,0,0.0,0.0,1
101.102,0,0,0.0,0.0,1
101.202,0,0,0.0,0.0,1
101.202,0,0,0.0,0.0,1
101.202,0,0,0.0,0.0,1
101.302,0,0,0.0,0.0,1
101.302,0,0,0.0,0.0,1
101.302,0,0,0.0,0.0,1
101.302,0,0,0.0,0.0,1
101.402,0,0,0.0,0.0,1
101.402,0,0,0.0,0.0,1
101.402,0,0,0.0,0.0,1
101.402,0,0,0.0,0.0,1
101.502,0,0,0.0,0.0,1
101.502,0,0,0.0,0.0,1
101.502,0,0,0.0,0.0,1
101.602,0,0,0.0,0.0,1
101.602,0,0,0.0,0.0,1
101.602,0,0,0.0,0.0,1
101.602,0,0,0.0,0.0,1
101.702,0,0,0.0,0.0,1
101.702,0,0,0.0,0.0,1
101.702,0,0,0.0,0.0,1
101.802,0,0,0.0,0.0,1
101.802,0,0,0.0,0.0,1
101.802,0,0,0.0,0.0,1
101.802,0,0,0.0,0.0,1
101.902,0,0,0.0,0.0,1
101.902,0,0,0.0,0.0,1
101.902,0,0,0.0,0.0,1
102.002,0,0,0.0,0.0,1
102.002,0,0,0.0,0.0,1
102.002,0,0,0.0,0.0,1
102.002,0,0,0.0,0.0,1
102.102,0,0,0.0,0.0,1
102.102,0,0,0.0,0.0,1
102.102,0,0,0.0,0.0,1
102.102,0,0,0.0,0.0,1
102.202,0,0,0.0,0.0,1
102.202,0,0,0.0,0.0,1
102.202,0,0,0.0,0.0,1
102.302,0,0,0.0,0.0,1
102.302,0,0,0.0,0.0,1
102.302,0,0,0.0,0.0,1
102.302,0,0,0.0,0.0,1
102.402,0,0,0.0,0.0,1
102.402,0,0,0.0,0.0,1
102.402,0,0,0.0,0.0,1
102.502,0,0,0.0,0.0,1
102.502,0,0,0.0,0.0,1
102.502,0,0,0.0,0.0,1
102.502,0,0,0.0,0.0,1
102.602,0,0,0.0,0.0,1
102.602,0,0,0.0,0.0,1
102.602,0,0,0.0,0.0,1
102.702,0,0,0.0,0.0,1
102.702,0,0,0.0,0.0,1
102.702,0,0,0.0,0.0,1
102.702,0,0,0.0,0.0,1
102.802,0,0,0.0,0.0,1
102.802,0,0,0.0,0.0,1
102.802,0,0,0.0,0.0,1
102.902,0,0,0.0,0.0,1
102.902,0,0,0.0,0.0,1
102.902,0,0,0.0,0.0,1
102.902,0,0,0.0,0.0,1
103.002,0,0,0.0,0.0,1
103.002,0,0,0.0,0.0,1
103.002,0,0,0.0,0.0,1
103.002,0,0,0.0,0.0,1
103.102,0,0,0.0,0.0,1
103.102,0,0,0.0,0.0,1
103.102,0,0,0.0,0.0,1
103.202,0,0,0.0,0.0,1
103.202,0,0,0.0,0.0,1
103.202,0,0,0.0,0.0,1
103.202,0,0,0.0,0.0,1
103.302,0,0,0.0,0.0,1
103.302,0,0,0.0,0.0,1
103.302,0,0,0.0,0.0,1
103.402,0,0,0.0,0.0,1
103.402,0,0,0.0,0.0,1
103.402,0,0,0.0,0.0,1
103.402,0,0,0.0,0.0,1
103.502,0,0,0.0,0.0,1
103.502,0,0,0.0,0.0,1
103.502,0,0,0.0,0.0,1
103.602,0,0,0.0,0.0,1
103.602,0,0,0.0,0.0,1
103.602,0,0,0.0,0.0,1
103.602,0,0,0.0,0.0,1
103.702,0,0,0.0,0.0,1
103.702,0,0,0.0,0.0,1
103.702,0,0,0.0,0.0,1
103.702,0,0,0.0,0.0,1
103.802,0,0,0.0,0.0,1
103.802,0,0,0.0,0.0,1
103.802,0,0,0.0,0.0,1
103.902,0,0,0.0,0.0,1
103.902,0,0,0.0,0.0,1
103.902,0,0,0.0,0.0,1
103.902,0,0,0.0,0.0,1
104.002,0,0,0.0,0.0,0
104.002,0,0,0.0,0.0,0
104.002,0,0,0.0,0.0,0
104.102,0,0,0.0,0.0,0
104.102,0,0,0.0,0.0,0
104.102,0,0,0.0,0.0,0
104.102,0,0,0.0,0.0,0
104.202,0,0,0.0,0.0,0
104.202,0,0,0.0,0.0,0
104.202,0,0,0.0,0.0,0
104.302,2,0,-36.0,0.0,0
104.302,2,0,-36.0,0.0,0
104.302,2,0,-36.0,0.0,0
104.302,2,0,-36.0,0.0,0
104.402,2,0,-36.0,0.0,0
104.402,2,0,-36.0,0.0,0
104.402,2,0,-36.0,0.0,0
104.402,2,0,-36.0,0.0,0
104.502,2,0,-36.0,0.0,0
104.502,2,0,-36.0,0.0,0
104.502,2,0,-36.0,0.0,0
104.602,2,0,-36.0,0.0,0
104.602,2,0,-36.0,0.0,0
104.602,2,0,-36.0,0.0,0
104.602,2,0,-36.0,0.0,0
104.702,2,0,-36.0,0.0,0
104.702,2,0,-36.0,0.0,0
104.702,2,0,-36.0,0.0,0
104.802,2,0,-36.0,0.0,0
104.802,2,0,-36.0,0.0,0
104.802,2,0,-36.0,0.0,0
104.802,2,0,-36.0,0.0,0
104.902,2,0,-36.0,0.0,0
104.902,2,0,-36.0,0.0,0
104.902,2,0,-36.0,0.0,0
105.002,2,0,-36.0,0.0,0
105.002,2,0,-36.0,0.0,0
105.002,2,0,-36.0,0.0,0
105.002,2,0,-36.0,0.0,0
105.102,2,0,-36.0,0.0,0
105.102,2,0,-36.0,0.0,0
105.102,2,0,-36.0,0.0,0
105.102,2,0,-36.0,0.0,0
105.202,2,0,-36.0,0.0,0
105.202,2,0,-36.0,0.0,0
105.202,2,0,-36.0,0.0,0
105.302,2,0,-36.0,0.0,0
105.302,2,0,-36.0,0.0,0
105.302,2,0,-36.0,0.0,0
105.302,2,0,-36.0,0.0,0
105.402,2,0,-36.0,0.0,0
105.402,2,0,-36.0,0.0,0
105.402,2,0,-36.0,0.0,0
105.502,2,0,-36.0,0.0,0
105.502,2,0,-36.0,0.0,0
105.502,2,0,-36.0,0.0,0
105.502,2,0,-36.0,0.0,0
105.602,2,0,-36.0,0.0,0
105.602,2,0,-36.0,0.0,0
105.602,2,0,-36.0,0.0,0
105.702,2,0,-36.0,0.0,0
105.702,2,0,-36.0,0.0,0
105.702,2,0,-36.0,0.0,0
105.702,2,0,-36.0,0.0,0
105.802,2,0,-36.0,0.0,0
105.802,2,0,-36.0,0.0,0
105.802,2,0,-36.0,0.0,0
105.902,2,0,-36.0,0.0,0
105.902,2,0,-36.0,0.0,0
105.902,2,0,-36.0,0.0,0
105.902,2,0,-36.0,0.0,0
106.002,2,0,-36.0,0.0,0
106.002,2,0,-36.0,0.0,0
106.002,2,0,-36.0,0.0,0
106.002,2,0,-36.0,0.0,0
106.102,2,0,-36.0,0.0,0
106.102,2,0,-36.0,0.0,0
106.102,2,0,-36.0,0.0,0
106.202,2,0,-36.0,0.0,0
106.202,2,0,-36.0,0.0,0
106.202,2,0,-36.0,0.0,0
106.202,2,0,-36.0,0.0,0
106.302,2,0,-36.0,0.0,0
106.302,2,0,-36.0,0.0,0
106.302,2,0,-36.0,0.0,0
106.402,2,0,-36.0,0.0,0
106.402,2,0,-36.0,0.0,0
106.402,2,0,-36.0,0.0,0
106.402,2,0,-36.0,0.0,0
106.502,2,0,-36.0,0.0,0
106.502,2,0,-36.0,0.0,0
106.502,2,0,-36.0,0.0,0
106.602,2,0,-36.0,0.0,0
106.602,2,0,-36.0,0.0,0
106.602,2,0,-36.0,0.0,0
106.602,2,0,-36.0,0.0,0
106.702,2,0,-36.0,0.0,0
106.702,2,0,-36.0,0.0,0
106.702,2,0,-36.0,0.0,0
106.702,2,0,-36.0,0.0,0
106.802,2,0,-36.0,0.0,0
106.802,2,0,-36.0,0.0,0
106.802,2,0,-36.0,0.0,0
106.902,2,0,-36.0,0.0,0
106.902,2,0,-36.0,0.0,0
106.902,2,0,-36.0,0.0,0
106.902,2,0,-36.0,0.0,0
107.002,2,0,-36.0,0.0,0
107.002,2,0,-36.0,0.0,0
107.002,2,0,-36.0,0.0,0
107.102,2,0,-36.0,0.0,0
107.102,2,0,-36.0,0.0,0
107.102,2,0,-36.0,0.0,0
107.102,2,0,-36.0,0.0,0
107.202,2,0,-36.0,0.0,0
107.202,2,0,-36.0,0.0,0
107.202,2,0,-36.0,0.0,0
107.302,2,0,-36.0,0.0,0
107.302,2,0,-36.0,0.0,0
107.302,2,0,-36.0,0.0,0
107.302,2,0,-36.0,0.0,0
107.402,2,0,-36.0,0.0,0
107.402,2,0,-36.0,0.0,0
107.402,2,0,-36.0,0.0,0
107.402,2,0,-36.0,0.0,0
107.502,2,0,-36.0,0.0,0
107.502,2,0,-36.0,0.0,0
107.502,2,0,-36.0,0.0,0
107.602,2,0,-36.0,0.0,0
107.602,2,0,-36.0,0.0,0
107.602,2,0,-36.0,0.0,0
107.602,2,0,-36.0,0.0,0
107.702,2,0,-36.0,0.0,0
107.702,2,0,-36.0,0.0,0
107.702,2,0,-36.0,0.0,0
107.802,2,0,-36.0,0.0,0
107.802,2,0,-36.0,0.0,0
107.802,2,0,-36.0,0.0,0
107.802,2,0,-36.0,0.0,0
107.902,2,0,-36.0,0.0,0
107.902,2,0,-36.0,0.0,0
107.902,2,0,-36.0,0.0,0
108.002,2,0,-36.0,0.0,0
108.002,2,0,-36.0,0.0,0
108.002,2,0,-36.0,0.0,0
108.002,2,0,-36.0,0.0,0
108.102,2,0,-36.0,0.0,0
108.102,2,0,-36.0,0.0,0
108.102,2,0,-36.0,0.0,0
108.202,2,0,-36.0,0.0,0
108.202,2,0,-36.0,0.0,0
108.202,2,0,-36.0,0.0,0
108.202,2,0,-36.0,0.0,0
108.302,2,0,-36.0,0.0,0
108.302,2,0,-36.0,0.0,0
108.302,2,0,-36.0,0.0,0
108.302,2,0,-36.0,0.0,0
108.402,2,0,-36.0,0.0,0
108.402,2,0,-36.0,0.0,0
108.402,2,0,-36.0,0.0,0
108.502,2,0,-36.0,0.0,0
108.502,2,0,-36.0,0.0,0
108.502,2,0,-36.0,0.0,0
108.502,2,0,-36.0,0.0,0
108.602,2,0,-36.0,0.0,0
108.602,2,0,-36.0,0.0,0
108.602,2,0,-36.0,0.0,0
108.702,2,0,-36.0,0.0,0
108.702,2,0,-36.0,0.0,0
108.702,2,0,-36.0,0.0,0
108.702,2,0,-36.0,0.0,0
108.802,2,0,-36.0,0.0,0
108.802,2,0,-36.0,0.0,0
108.802,2,0,-36.0,0.0,0
108.902,2,0,-36.0,0.0,0
108.902,2,0,-36.0,0.0,0
108.902,2,0,-36.0,0.0,0
108.902,2,0,-36.0,0.0,0
109.002,2,0,-36.0,0.0,0
109.002,2,0,-36.0,0.0,0
109.002,2,0,-36.0,0.0,0
109.002,2,0,-36.0,0.0,0
109.102,2,0,-36.0,0.0,0
109.102,2,0,-36.0,0.0,0
109.102,2,0,-36.0,0.0,0
109.202,2,0,-36.0,0.0,0
109.202,2,0,-36.0,0.0,0
109.202,2,0,-36.0,0.0,0
109.202,2,0,-36.0,0.0,0
109.302,2,0,-36.0,0.0,0
109.302,2,0,-36.0,0.0,0
109.302,2,0,-36.0,0.0,0
109.402,2,0,-36.0,0.0,0
109.402,2,0,-36.0,0.0,0
109.402,2,0,-36.0,0.0,0
109.402,2,0,-36.0,0.0,0
109.502,2,0,-36.0,0.0,0
109.502,2,0,-36.0,0.0,0
109.502,2,0,-36.0,0.0,0
109.602,2,0,-36.0,0.0,0
109.602,2,0,-36.0,0.0,0
109.602,2,0,-36.0,0.0,0
109.602,2,0,-36.0,0.0,0
109.702,2,0,-36.0,0.0,0
109.702,2,0,-36.0,0.0,0
109.702,2,0,-36.0,0.0,0
109.802,2,0,-36.0,0.0,0
109.802,2,0,-36.0,0.0,0
109.802,2,0,-36.0,0.0,0
109.802,2,0,-36.0,0.0,0
109.902,2,0,-36.0,0.0,0
109.902,2,0,-36.0,0.0,0
109.902,2,0,-36.0,0.0,0
109.902,2,0,-36.0,0.0,0
110.002,2,0,-36.0,0.0,0
110.002,2,0,-36.0,0.0,0
110.002,2,0,-36.0,0.0,0
110.102,2,0,-36.0,0.0,0
110.102,2,0,-36.0,0.0,0
110.102,2,0,-36.0,0.0,0
110.102,2,0,-36.0,0.0,0
110.202,2,0,-36.0,0.0,1
110.202,2,0,-36.0,0.0,1
110.202,2,0,-36.0,0.0,1
110.302,0,0,0.0,0.0,1
110.302,0,0,0.0,0.0,1
110.302,0,0,0.0,0.0,1
110.302,0,0,0.0,0.0,1
110.402,0,0,0.0,0.0,1
110.402,0,0,0.0,0.0,1
110.402,0,0,0.0,0.0,1
110.502,0,0,0.0,0.0,1
110.502,0,0,0.0,0.0,1
110.502,0,0,0.0,0.0,1
110.502,0,0,0.0,0.0,1
110.602,0,0,0.0,0.0,1
110.602,0,0,0.0,0.0,1
110.602,0,0,0.0,0.0,1
110.602,0,0,0.0,0.0,1
110.702,0,0,0.0,0.0,1
110.702,0,0,0.0,0.0,1
110.702,0,0,0.0,0.0,1
110.802,0,0,0.0,0.0,1
110.802,0,0,0.0,0.0,1
110.802,0,0,0.0,0.0,1
110.802,0,0,0.0,0.0,1
110.902,0,0,0.0,0.0,1
110.902,0,0,0.0,0.0,1
110.902,0,0,0.0,0.0,1
111.002,0,0,0.0,0.0,1
111.002,0,0,0.0,0.0,1
111.002,0,0,0.0,0.0,1
111.002,0,0,0.0,0.0,1
111.102,0,0,0.0,0.0,1
111.102,0,0,0.0,0.0,1
111.102,0,0,0.0,0.0,1
111.202,0,0,0.0,0.0,1
111.202,0,0,0.0,0.0,1
111.202,0,0,0.0,0.0,1
111.202,0,0,0.0,0.0,1
111.302,0,0,0.0,0.0,1
111.302,0,0,0.0,0.0,1
111.302,0,0,0.0,0.0,1
111.302,0,0,0.0,0.0,1
111.402,0,0,0.0,0.0,1
111.402,0,0,0.0,0.0,1
111.402,0,0,0.0,0.0,1
111.502,0,0,0.0,0.0,1
111.502,0,0,0.0,0.0,1
111.502,0,0,0.0,0.0,1
111.502,0,0,0.0,0.0,1
111.602,0,0,0.0,0.0,1
111.602,0,0,0.0,0.0,1
111.602,0,0,0.0,0.0,1
111.702,0,0,0.0,0.0,1
111.702,0,0,0.0,0.0,1
111.702,0,0,0.0,0.0,1
111.702,0,0,0.0,0.0,1
111.802,0,0,0.0,0.0,1
111.802,0,0,0.0,0.0,1
111.802,0,0,0.0,0.0,1
111.902,0,0,0.0,0.0,1
111.902,0,0,0.0,0.0,1
111.902,0,0,0.0,0.0,1
111.902,0,0,0.0,0.0,1
112.002,0,0,0.0,0.0,1
112.002,0,0,0.0,0.0,1
112.002,0,0,0.0,0.0,1
112.102,0,0,0.0,0.0,1
112.102,0,0,0.0,0.0,1
112.102,0,0,0.0,0.0,1
112.102,0,0,0.0,0.0,1
112.202,0,0,0.0,0.0,1
112.202,0,0,0.0,0.0,1
112.202,0,0,0.0,0.0,1
112.202,0,0,0.0,0.0,1
112.302,0,0,0.0,0.0,1
112.302,0,0,0.0,0.0,1
112.302,0,0,0.0,0.0,1
112.402,0,0,0.0,0.0,1
112.402,0,0,0.0,0.0,1
112.402,0,0,0.0,0.0,1
112.402,0,0,0.0,0.0,1
112.502,0,0,0.0,0.0,1
112.502,0,0,0.0,0.0,1
112.502,0,0,0.0,0.0,1
112.602,0,0,0.0,0.0,1
112.602,0,0,0.0,0.0,1
112.602,0,0,0.0,0.0,1
112.602,0,0,0.0,0.0,1
112.702,0,0,0.0,0.0,1
112.702,0,0,0.0,0.0,1
112.702,0,0,0.0,0.0,1
112.802,0,0,0.0,0.0,1
112.802,0,0,0.0,0.0,1
112.802,0,0,0.0,0.0,1
112.802,0,0,0.0,0.0,1
112.902,0,0,0.0,0.0,1
112.902,0,0,0.0,0.0,1
112.902,0,0,0.0,0.0,1
112.902,0,0,0.0,0.0,1
113.002,0,0,0.0,0.0,1
113.002,0,0,0.0,0.0,1
113.002,0,0,0.0,0.0,1
113.102,0,0,0.0,0.0,1
113.102,0,0,0.0,0.0,1
113.102,0,0,0.0,0.0,1
113.102,0,0,0.0,0.0,1
113.202,0,0,0.0,0.0,1
113.202,0,0,0.0,0.0,1
113.202,0,0,0.0,0.0,1
113.302,0,0,0.0,0.0,1
113.302,0,0,0.0,0.0,1
113.302,0,0,0.0,0.0,1
113.302,0,0,0.0,0.0,1
113.402,0,0,0.0,0.0,1
113.402,0,0,0.0,0.0,1
113.402,0,0,0.0,0.0,1
113.502,2,0,-28.0,0.0,1
113.502,2,0,-28.0,0.0,1
113.502,2,0,-28.0,0.0,1
113.502,2,0,-28.0,0.0,1
113.602,2,0,-28.0,0.0,0
113.602,2,0,-28.0,0.0,0
113.602,2,0,-28.0,0.0,0
113.602,2,0,-28.0,0.0,0
113.702,2,0,-28.0,0.0,0
113.702,2,0,-28.0,0.0,0
113.702,2,0,-28.0,0.0,0
113.802,2,0,-28.0,0.0,0
113.802,2,0,-28.0,0.0,0
113.802,2,0,-28.0,0.0,0
113.802,2,0,-28.0,0.0,0
113.902,2,0,-28.0,0.0,0
113.902,2,0,-28.0,0.0,0
113.902,2,0,-28.0,0.0,0
114.002,2,0,-28.0,0.0,0
114.002,2,0,-28.0,0.0,0
114.002,2,0,-28.0,0.0,0
114.002,2,0,-28.0,0.0,0
114.102,2,0,-28.0,0.0,0
114.102,2,0,-28.0,0.0,0
114.102,2,0,-28.0,0.0,0
114.202,2,0,-28.0,0.0,0
114.202,2,0,-28.0,0.0,0
114.202,2,0,-28.0,0.0,0
114.202,2,0,-28.0,0.0,0
114.302,2,0,-28.0,0.0,0
114.302,2,0,-28.0,0.0,0
114.302,2,0,-28.0,0.0,0
114.402,2,0,-28.0,0.0,0
114.402,2,0,-28.0,0.0,0
114.402,2,0,-28.0,0.0,0
114.402,2,0,-28.0,0.0,0
114.502,2,0,-28.0,0.0,0
114.502,2,0,-28.0,0.0,0
114.502,2,0,-28.0,0.0,0
114.502,2,0,-28.0,0.0,0
114.602,2,0,-28.0,0.0,0
114.602,2,0,-28.0,0.0,0
114.602,2,0,-28.0,0.0,0
114.702,2,0,-28.0,0.0,0
114.702,2,0,-28.0,0.0,0
114.702,2,0,-28.0,0.0,0
114.702,2,0,-28.0,0.0,0
114.802,2,0,-28.0,0.0,0
114.802,2,0,-28.0,0.0,0
114.802,2,0,-28.0,0.0,0
114.902,2,0,-28.0,0.0,0
114.902,2,0,-28.0,0.0,0
114.902,2,0,-28.0,0.0,0
114.902,2,0,-28.0,0.0,0
115.002,2,0,-28.0,0.0,0
115.002,2,0,-28.0,0.0,0
115.002,2,0,-28.0,0.0,0
115.102,2,0,-28.0,0.0,0
115.102,2,0,-28.0,0.0,0
115.102,2,0,-28.0,0.0,0
115.102,2,0,-28.0,0.0,0
115.202,2,0,-28.0,0.0,0
115.202,2,0,-28.0,0.0,0
115.202,2,0,-28.0,0.0,0
115.202,2,0,-28.0,0.0,0
115.302,2,0,-28.0,0.0,0
115.302,2,0,-28.0,0.0,0
115.302,2,0,-28.0,0.0,0
115.402,2,0,-28.0,0.0,0
115.402,2,0,-28.0,0.0,0
115.402,2,0,-28.0,0.0,0
115.402,2,0,-28.0,0.0,0
115.502,2,0,-28.0,0.0,0
115.502,2,0,-28.0,0.0,0
115.502,2,0,-28.0,0.0,0
115.602,2,0,-28.0,0.0,0
115.602,2,0,-28.0,0.0,0
115.602,2,0,-28.0,0.0,0
115.602,2,0,-28.0,0.0,0
115.702,2,0,-28.0,0.0,0
115.702,2,0,-28.0,0.0,0
115.702,2,0,-28.0,0.0,0
115.802,2,0,-28.0,0.0,0
115.802,2,0,-28.0,0.0,0
115.802,2,0,-28.0,0.0,0
115.802,2,0,-28.0,0.0,0
115.902,2,0,-28.0,0.0,0
115.902,2,0,-28.0,0.0,0
115.902,2,0,-28.0,0.0,0
115.902,2,0,-28.0,0.0,0
116.002,2,0,-28.0,0.0,0
116.002,2,0,-28.0,0.0,0
116.002,2,0,-28.0,0.0,0
116.102,2,0,-28.0,0.0,0
116.102,2,0,-28.0,0.0,0
116.102,2,0,-28.0,0.0,0
116.102,2,0,-28.0,0.0,0
116.202,2,0,-28.0,0.0,0
116.202,2,0,-28.0,0.0,0
116.202,2,0,-28.0,0.0,0
116.302,2,0,-28.0,0.0,0
116.302,2,0,-28.0,0.0,0
116.302,2,0,-28.0,0.0,0
116.302,2,0,-28.0,0.0,0
116.402,2,0,-28.0,0.0,0
116.402,2,0,-28.0,0.0,0
116.402,2,0,-28.0,0.0,0
116.502,2,0,-28.0,0.0,0
116.502,2,0,-28.0,0.0,0
116.502,2,0,-28.0,0.0,0
116.502,2,0,-28.0,0.0,0
116.602,2,0,-28.0,0.0,0
116.602,2,0,-28.0,0.0,0
116.602,2,0,-28.0,0.0,0
116.602,2,0,-28.0,0.0,0
116.702,2,0,-28.0,0.0,0
116.702,2,0,-28.0,0.0,0
116.702,2,0,-28.0,0.0,0
116.802,2,0,-28.0,0.0,0
116.802,2,0,-28.0,0.0,0
116.802,2,0,-28.0,0.0,0
116.802,2,0,-28.0,0.0,0
116.902,2,0,-28.0,0.0,0
116.902,2,0,-28.0,0.0,0
116.902,2,0,-28.0,0.0,0
117.002,2,0,-28.0,0.0,0
117.002,2,0,-28.0,0.0,0
117.002,2,0,-28.0,0.0,0
117.002,2,0,-28.0,0.0,0
117.102,2,0,-28.0,0.0,0
117.102,2,0,-28.0,0.0,0
117.102,2,0,-28.0,0.0,0
117.202,2,0,-28.0,0.0,0
117.202,2,0,-28.0,0.0,0
117.202,2,0,-28.0,0.0,0
117.202,2,0,-28.0,0.0,0
117.302,2,0,-28.0,0.0,0
117.302,2,0,-28.0,0.0,0
117.302,2,0,-28.0,0.0,0
117.402,2,0,-28.0,0.0,0
117.402,2,0,-28.0,0.0,0
117.402,2,0,-28.0,0.0,0
117.402,2,0,-28.0,0.0,0
117.502,2,0,-28.0,0.0,0
117.502,2,0,-28.0,0.0,0
117.502,2,0,-28.0,0.0,0
117.502,2,0,-28.0,0.0,0
117.602,2,0,-28.0,0.0,0
117.602,2,0,-28.0,0.0,0
117.602,2,0,-28.0,0.0,0
117.702,2,0,-28.0,0.0,0
117.702,2,0,-28.0,0.0,0
117.702,2,0,-28.0,0.0,0
117.702,2,0,-28.0,0.0,0
117.802,2,0,-28.0,0.0,0
117.802,2,0,-28.0,0.0,0
117.802,2,0,-28.0,0.0,0
117.902,2,0,-28.0,0.0,0
117.902,2,0,-28.0,0.0,0
117.902,2,0,-28.0,0.0,0
117.902,2,0,-28.0,0.0,0
118.002,2,0,-28.0,0.0,0
118.002,2,0,-28.0,0.0,0
118.002,2,0,-28.0,0.0,0
118.102,2,0,-28.0,0.0,0
118.102,2,0,-28.0,0.0,0
118.102,2,0,-28.0,0.0,0
118.102,2,0,-28.0,0.0,0
118.202,2,0,-28.0,0.0,0
118.202,2,0,-28.0,0.0,0
118.202,2,0,-28.0,0.0,0
118.202,2,0,-28.0,0.0,0
118.302,2,0,-28.0,0.0,0
118.302,2,0,-28.0,0.0,0
118.302,2,0,-28.0,0.0,0
118.402,2,0,-28.0,0.0,0
118.402,2,0,-28.0,0.0,0
118.402,2,0,-28.0,0.0,0
118.402,2,0,-28.0,0.0,0
118.502,2,0,-28.0,0.0,0
118.502,2,0,-28.0,0.0,0
118.502,2,0,-28.0,0.0,0
118.602,2,0,-28.0,0.0,0
118.602,2,0,-28.0,0.0,0
118.602,2,0,-28.0,0.0,0
118.602,2,0,-28.0,0.0,0
118.702,2,0,-28.0,0.0,0
118.702,2,0,-28.0,0.0,0
118.702,2,0,-28.0,0.0,0
118.802,2,0,-28.0,0.0,0
118.802,2,0,-28.0,0.0,0
118.802,2,0,-28.0,0.0,0
118.802,2,0,-28.0,0.0,0
118.902,2,0,-28.0,0.0,0
118.902,2,0,-28.0,0.0,0
118.902,2,0,-28.0,0.0,0
118.902,2,0,-28.0,0.0,0
119.002,2,0,-28.0,0.0,0
119.002,2,0,-28.0,0.0,0
119.002,2,0,-28.0,0.0,0
119.102,2,0,-28.0,0.0,0
119.102,2,0,-28.0,0.0,0
119.102,2,0,-28.0,0.0,0
119.102,2,0,-28.0,0.0,0
119.202,2,0,-28.0,0.0,0
119.202,2,0,-28.0,0.0,0
119.202,2,0,-28.0,0.0,0
119.302,2,0,-28.0,0.0,0
119.302,2,0,-28.0,0.0,0
119.302,2,0,-28.0,0.0,0
119.302,2,0,-28.0,0.0,0
119.402,2,0,-28.0,0.0,0
119.402,2,0,-28.0,0.0,0
119.402,2,0,-28.0,0.0,0
119.502,2,0,-28.0,0.0,0
119.502,2,0,-28.0,0.0,0
119.502,2,0,-28.0,0.0,0
119.502,2,0,-28.0,0.0,0
119.602,2,0,-28.0,0.0,0
119.602,2,0,-28.0,0.0,0
119.602,2,0,-28.0,0.0,0
119.702,2,0,-28.0,0.0,0
119.702,2,0,-28.0,0.0,0
119.702,2,0,-28.0,0.0,0
119.702,2,0,-28.0,0.0,0
119.802,2,0,-28.0,0.0,0
119.802,2,0,-28.0,0.0,0
119.802,2,0,-28.0,0.0,0
119.802,2,0,-28.0,0.0,0
119.902,2,0,-28.0,0.0,0
119.902,2,0,-28.0,0.0,0
119.902,2,0,-28.0,0.0,0
120.002,2,0,-28.0,0.0,0
120.002,2,0,-28.0,0.0,0
120.002,2,0,-28.0,0.0,0
120.002,2,0,-28.0,0.0,0
120.102,2,0,-28.0,0.0,0
120.102,2,0,-28.0,0.0,0
120.102,2,0,-28.0,0.0,0
120.202,2,0,-28.0,0.0,0
120.202,2,0,-28.0,0.0,0
120.202,2,0,-28.0,0.0,0
120.202,2,0,-28.0,0.0,0
120.302,2,0,-28.0,0.0,0
120.302,2,0,-28.0,0.0,0
120.302,2,0,-28.0,0.0,0
120.402,2,0,-28.0,0.0,0
120.402,2,0,-28.0,0.0,0
120.402,2,0,-28.0,0.0,0
120.402,2,0,-28.0,0.0,0
120.502,2,0,-28.0,0.0,0
120.502,2,0,-28.0,0.0,0
120.502,2,0,-28.0,0.0,0
120.502,2,0,-28.0,0.0,0
120.602,2,0,-28.0,0.0,0
120.602,2,0,-28.0,0.0,0
120.602,2,0,-28.0,0.0,0
120.702,2,0,-28.0,0.0,0
120.702,2,0,-28.0,0.0,0
120.702,2,0,-28.0,0.0,0
120.702,2,0,-28.0,0.0,0
120.802,2,0,-28.0,0.0,0
120.802,2,0,-28.0,0.0,0
120.802,2,0,-28.0,0.0,0
120.902,2,0,-28.0,0.0,0
120.902,2,0,-28.0,0.0,0
120.902,2,0,-28.0,0.0,0
120.902,2,0,-28.0,0.0,0
121.002,2,0,-28.0,0.0,0
121.002,2,0,-28.0,0.0,0
121.002,2,0,-28.0,0.0,0
121.102,2,0,-28.0,0.0,0
121.102,2,0,-28.0,0.0,0
121.102,2,0,-28.0,0.0,0
121.102,2,0,-28.0,0.0,0
121.202,2,0,-28.0,0.0,0
121.202,2,0,-28.0,0.0,0
121.202,2,0,-28.0,0.0,0
121.202,2,0,-28.0,0.0,0
121.302,2,0,-28.0,0.0,0
121.302,2,0,-28.0,0.0,0
121.302,2,0,-28.0,0.0,0
121.402,2,0,-28.0,0.0,0
121.402,2,0,-28.0,0.0,0
121.402,2,0,-28.0,0.0,0
121.402,2,0,-28.0,0.0,0
121.502,2,0,-28.0,0.0,0
121.502,2,0,-28.0,0.0,0
121.502,2,0,-28.0,0.0,0
121.602,2,0,-28.0,0.0,0
121.602,2,0,-28.0,0.0,0
121.602,2,0,-28.0,0.0,0
121.602,2,0,-28.0,0.0,0
121.702,2,0,-28.0,0.0,0
121.702,2,0,-28.0,0.0,0
121.702,2,0,-28.0,0.0,0
121.802,2,0,-28.0,0.0,0
121.802,2,0,-28.0,0.0,0
121.802,2,0,-28.0,0.0,0
121.802,2,0,-28.0,0.0,0
121.902,2,0,-28.0,0.0,0
121.902,2,0,-28.0,0.0,0
121.902,2,0,-28.0,0.0,0
122.002,2,0,-28.0,0.0,0
122.002,2,0,-28.0,0.0,0
122.002,2,0,-28.0,0.0,0
122.002,2,0,-28.0,0.0,0
122.102,1,0,12.0,0.0,0
122.102,1,0,12.0,0.0,0
122.102,1,0,12.0,0.0,0
122.102,1,0,12.0,0.0,0
122.202,1,0,12.0,0.0,0
122.202,1,0,12.0,0.0,0
122.202,1,0,12.0,0.0,0
122.302,1,0,12.0,0.0,0
122.302,1,0,12.0,0.0,0
122.302,1,0,12.0,0.0,0
122.302,1,0,12.0,0.0,0
122.402,1,0,12.0,0.0,0
122.402,1,0,12.0,0.0,0
122.402,1,0,12.0,0.0,0
122.502,1,0,12.0,0.0,0
122.502,1,0,12.0,0.0,0
122.502,1,0,12.0,0.0,0
122.502,1,0,12.0,0.0,0
122.602,1,0,12.0,0.0,0
122.602,1,0,12.0,0.0,0
122.602,1,0,12.0,0.0,0
122.702,1,0,12.0,0.0,0
122.702,1,0,12.0,0.0,0
122.702,1,0,12.0,0.0,0
122.702,1,0,12.0,0.0,0
122.802,1,0,12.0,0.0,0
122.802,1,0,12.0,0.0,0
122.802,1,0,12.0,0.0,0
122.802,1,0,12.0,0.0,0
122.902,1,0,12.0,0.0,0
122.902,1,0,12.0,0.0,0
122.902,1,0,12.0,0.0,0
123.002,1,0,12.0,0.0,0
123.002,1,0,12.0,0.0,0
123.002,1,0,12.0,0.0,0
123.002,1,0,12.0,0.0,0
123.102,1,0,12.0,0.0,0
123.102,1,0,12.0,0.0,0
123.102,1,0,12.0,0.0,0
123.202,1,0,12.0,0.0,0
123.202,1,0,12.0,0.0,0
123.202,1,0,12.0,0.0,0
123.202,1,0,12.0,0.0,0
123.302,1,0,12.0,0.0,0
123.302,1,0,12.0,0.0,0
123.302,1,0,12.0,0.0,0
123.402,1,0,12.0,0.0,0
123.402,1,0,12.0,0.0,0
123.402,1,0,12.0,0.0,0
123.402,1,0,12.0,0.0,0
123.502,1,0,12.0,0.0,0
123.502,1,0,12.0,0.0,0
123.502,1,0,12.0,0.0,0
123.502,1,0,12.0,0.0,0
123.602,1,0,12.0,0.0,0
123.602,1,0,12.0,0.0,0
123.602,1,0,12.0,0.0,0
123.702,1,0,12.0,0.0,0
123.702,1,0,12.0,0.0,0
123.702,1,0,12.0,0.0,0
123.702,1,0,12.0,0.0,0
123.802,1,0,12.0,0.0,0
123.802,1,0,12.0,0.0,0
123.802,1,0,12.0,0.0,0
123.902,1,0,12.0,0.0,0
123.902,1,0,12.0,0.0,0
123.902,1,0,12.0,0.0,0
123.902,1,0,12.0,0.0,0
124.002,1,0,12.0,0.0,0
124.002,1,0,12.0,0.0,0
124.002,1,0,12.0,0.0,0
124.102,1,0,12.0,0.0,0
124.102,1,0,12.0,0.0,0
124.102,1,0,12.0,0.0,0
124.102,1,0,12.0,0.0,0
124.202,1,0,12.0,0.0,0
124.202,1,0,12.0,0.0,0
124.202,1,0,12.0,0.0,0
124.302,1,0,12.0,0.0,0
124.302,1,0,12.0,0.0,0
124.302,1,0,12.0,0.0,0
124.302,1,0,12.0,0.0,0
124.402,1,0,12.0,0.0,0
124.402,1,0,12.0,0.0,0
124.402,1,0,12.0,0.0,0
124.402,1,0,12.0,0.0,0
124.502,1,0,12.0,0.0,0
124.502,1,0,12.0,0.0,0
124.502,1,0,12.0,0.0,0
124.602,1,0,12.0,0.0,0
124.602,1,0,12.0,0.0,0
124.602,1,0,12.0,0.0,0
124.602,1,0,12.0,0.0,0
124.702,1,0,12.0,0.0,0
124.702,1,0,12.0,0.0,0
124.702,1,0,12.0,0.0,0
124.802,1,0,12.0,0.0,0
124.802,1,0,12.0,0.0,0
124.802,1,0,12.0,0.0,0
124.802,1,0,12.0,0.0,0
124.902,1,0,12.0,0.0,0
124.902,1,0,12.0,0.0,0
124.902,1,0,12.0,0.0,0
125.002,1,0,12.0,0.0,0
125.002,1,0,12.0,0.0,0
125.002,1,0,12.0,0.0,0
125.002,1,0,12.0,0.0,0
125.102,1,0,12.0,0.0,0
125.102,1,0,12.0,0.0,0
125.102,1,0,12.0,0.0,0
125.102,1,0,12.0,0.0,0
125.202,1,0,12.0,0.0,0
125.202,1,0,12.0,0.0,0
125.202,1,0,12.0,0.0,0
125.302,1,0,12.0,0.0,0
125.302,1,0,12.0,0.0,0
125.302,1,0,12.0,0.0,0
125.302,1,0,12.0,0.0,0
125.402,1,0,12.0,0.0,0
125.402,1,0,12.0,0.0,0
125.402,1,0,12.0,0.0,0
125.502,1,0,12.0,0.0,0
125.502,1,0,12.0,0.0,0
125.502,1,0,12.0,0.0,0
125.502,1,0,12.0,0.0,0
125.602,1,0,12.0,0.0,0
125.602,1,0,12.0,0.0,0
125.602,1,0,12.0,0.0,0
125.702,1,0,12.0,0.0,0
125.702,1,0,12.0,0.0,0
125.702,1,0,12.0,0.0,0
125.702,1,0,12.0,0.0,0
125.802,1,0,12.0,0.0,0
125.802,1,0,12.0,0.0,0
125.802,1,0,12.0,0.0,0
125.802,1,0,12.0,0.0,0
125.902,1,0,12.0,0.0,0
125.902,1,0,12.0,0.0,0
125.902,1,0,12.0,0.0,0
126.002,1,0,12.0,0.0,0
126.002,1,0,12.0,0.0,0
126.002,1,0,12.0,0.0,0
126.002,1,0,12.0,0.0,0
126.102,1,0,12.0,0.0,0
126.102,1,0,12.0,0.0,0
126.102,1,0,12.0,0.0,0
126.202,1,0,12.0,0.0,0
126.202,1,0,12.0,0.0,0
126.202,1,0,12.0,0.0,0
126.202,1,0,12.0,0.0,0
126.302,1,0,12.0,0.0,0
126.302,1,0,12.0,0.0,0
126.302,1,0,12.0,0.0,0
126.402,1,0,12.0,0.0,0
126.402,1,0,12.0,0.0,0
126.402,1,0,12.0,0.0,0
126.402,1,0,12.0,0.0,0
126.502,1,0,12.0,0.0,0
126.502,1,0,12.0,0.0,0
126.502,1,0,12.0,0.0,0
126.602,1,0,12.0,0.0,0
126.602,1,0,12.0,0.0,0
126.602,1,0,12.0,0.0,0
126.602,1,0,12.0,0.0,0
126.702,1,0,12.0,0.0,0
126.702,1,0,12.0,0.0,0
126.702,1,0,12.0,0.0,0
126.702,1,0,12.0,0.0,0
126.802,1,0,12.0,0.0,0
126.802,1,0,12.0,0.0,0
126.802,1,0,12.0,0.0,0
126.902,1,0,12.0,0.0,0
126.902,1,0,12.0,0.0,0
126.902,1,0,12.0,0.0,0
126.902,1,0,12.0,0.0,0
127.002,1,0,12.0,0.0,0
127.002,1,0,12.0,0.0,0
127.002,1,0,12.0,0.0,0
127.102,1,0,12.0,0.0,0
127.102,1,0,12.0,0.0,0
127.102,1,0,12.0,0.0,0
127.102,1,0,12.0,0.0,0
127.202,1,0,12.0,0.0,0
127.202,1,0,12.0,0.0,0
127.202,1,0,12.0,0.0,0
127.302,1,0,12.0,0.0,0
127.302,1,0,12.0,0.0,0
127.302,1,0,12.0,0.0,0
127.302,1,0,12.0,0.0,0
127.402,1,0,12.0,0.0,0
127.402,1,0,12.0,0.0,0
127.402,1,0,12.0,0.0,0
127.402,1,0,12.0,0.0,0
127.502,1,0,12.0,0.0,0
127.502,1,0,12.0,0.0,0
127.502,1,0,12.0,0.0,0
127.602,1,0,12.0,0.0,0
127.602,1,0,12.0,0.0,0
127.602,1,0,12.0,0.0,0
127.602,1,0,12.0,0.0,0
127.702,1,0,12.0,0.0,0
127.702,1,0,12.0,0.0,0
127.702,1,0,12.0,0.0,0
127.802,1,0,12.0,0.0,0
127.802,1,0,12.0,0.0,0
127.802,1,0,12.0,0.0,0
127.802,1,0,12.0,0.0,0
127.902,1,0,12.0,0.0,0
127.902,1,0,12.0,0.0,0
127.902,1,0,12.0,0.0,0
128.002,1,0,12.0,0.0,0
128.002,1,0,12.0,0.0,0
128.002,1,0,12.0,0.0,0
128.002,1,0,12.0,0.0,0
128.102,1,0,12.0,0.0,0
128.102,1,0,12.0,0.0,0
128.102,1,0,12.0,0.0,0
128.102,1,0,12.0,0.0,0
128.202,1,0,12.0,0.0,0
128.202,1,0,12.0,0.0,0
128.202,1,0,12.0,0.0,0
128.302,1,0,12.0,0.0,0
128.302,1,0,12.0,0.0,0
128.302,1,0,12.0,0.0,0
128.302,1,0,12.0,0.0,0
128.402,1,0,12.0,0.0,0
128.402,1,0,12.0,0.0,0
128.402,1,0,12.0,0.0,0
128.502,1,0,12.0,0.0,0
128.502,1,0,12.0,0.0,0
128.502,1,0,12.0,0.0,0
128.502,1,0,12.0,0.0,0
128.602,1,0,12.0,0.0,0
128.602,1,0,12.0,0.0,0
128.602,1,0,12.0,0.0,0
128.702,1,0,12.0,0.0,0
128.702,1,0,12.0,0.0,0
128.702,1,0,12.0,0.0,0
128.702,1,0,12.0,0.0,0
128.802,1,0,12.0,0.0,0
128.802,1,0,12.0,0.0,0
128.802,1,0,12.0,0.0,0
128.902,1,0,12.0,0.0,0
128.902,1,0,12.0,0.0,0
128.902,1,0,12.0,0.0,0
128.902,1,0,12.0,0.0,0
129.002,1,0,12.0,0.0,0
129.002,1,0,12.0,0.0,0
129.002,1,0,12.0,0.0,0
129.002,1,0,12.0,0.0,0
129.102,1,0,12.0,0.0,0
129.102,1,0,12.0,0.0,0
129.102,1,0,12.0,0.0,0
129.202,1,0,12.0,0.0,0
129.202,1,0,12.0,0.0,0
129.202,1,0,12.0,0.0,0
129.202,1,0,12.0,0.0,0
129.302,1,0,12.0,0.0,0
129.302,1,0,12.0,0.0,0
129.302,1,0,12.0,0.0,0
129.402,1,0,12.0,0.0,0
129.402,1,0,12.0,0.0,0
129.402,1,0,12.0,0.0,0
129.402,1,0,12.0,0.0,0
129.502,1,0,12.0,0.0,0
129.502,1,0,12.0,0.0,0
129.502,1,0,12.0,0.0,0
129.602,1,0,12.0,0.0,0
129.602,1,0,12.0,0.0,0
129.602,1,0,12.0,0.0,0
129.602,1,0,12.0,0.0,0
129.702,1,0,12.0,0.0,0
129.702,1,0,12.0,0.0,0
129.702,1,0,12.0,0.0,0
129.702,1,0,12.0,0.0,0
129.802,1,0,12.0,0.0,0
129.802,1,0,12.0,0.0,0
129.802,1,0,12.0,0.0,0
129.902,1,0,12.0,0.0,0
129.902,1,0,12.0,0.0,0
129.902,1,0,12.0,0.0,0
129.902,1,0,12.0,0.0,0
130.002,1,0,12.0,0.0,0
130.002,1,0,12.0,0.0,0
130.002,1,0,12.0,0.0,0
130.102,1,0,12.0,0.0,0
130.102,1,0,12.0,0.0,0
130.102,1,0,12.0,0.0,0
130.102,1,0,12.0,0.0,0
130.202,1,0,12.0,0.0,0
130.202,1,0,12.0,0.0,0
130.202,1,0,12.0,0.0,0
130.302,1,0,12.0,0.0,0
130.302,1,0,12.0,0.0,0
130.302,1,0,12.0,0.0,0
130.302,1,0,12.0,0.0,0
130.402,1,0,12.0,0.0,0
130.402,1,0,12.0,0.0,0
130.402,1,0,12.0,0.0,0
130.502,1,0,12.0,0.0,0
130.502,1,0,12.0,0.0,0
130.502,1,0,12.0,0.0,0
130.502,1,0,12.0,0.0,0
130.602,1,0,12.0,0.0,0
130.602,1,0,12.0,0.0,0
130.602,1,0,12.0,0.0,0
130.602,1,0,12.0,0.0,0
130.702,1,0,12.0,0.0,0
130.702,1,0,12.0,0.0,0
130.702,1,0,12.0,0.0,0
130.802,1,0,12.0,0.0,0
130.802,1,0,12.0,0.0,0
130.802,1,0,12.0,0.0,0
130.802,1,0,12.0,0.0,0
130.902,1,0,12.0,0.0,0
130.902,1,0,12.0,0.0,0
130.902,1,0,12.0,0.0,0
131.002,1,0,12.0,0.0,0
131.002,1,0,12.0,0.0,0
131.002,1,0,12.0,0.0,0
131.002,1,0,12.0,0.0,0
131.102,1,0,12.0,0.0,0
131.102,1,0,12.0,0.0,0
131.102,1,0,12.0,0.0,0
131.202,1,0,12.0,0.0,0
131.202,1,0,12.0,0.0,0
131.202,1,0,12.0,0.0,0
131.202,1,0,12.0,0.0,0
131.302,1,0,12.0,0.0,0
131.302,1,0,12.0,0.0,0
131.302,1,0,12.0,0.0,0
131.302,1,0,12.0,0.0,0
131.402,1,0,12.0,0.0,0
131.402,1,0,12.0,0.0,0
131.402,1,0,12.0,0.0,0
131.502,1,0,12.0,0.0,0
131.502,1,0,12.0,0.0,0
131.502,1,0,12.0,0.0,0
131.502,1,0,12.0,0.0,0
131.602,1,0,12.0,0.0,0
131.602,1,0,12.0,0.0,0
131.602,1,0,12.0,0.0,0
131.702,1,0,12.0,0.0,0
131.702,1,0,12.0,0.0,0
131.702,1,0,12.0,0.0,0
131.702,1,0,12.0,0.0,0
131.802,1,0,12.0,0.0,0
131.802,1,0,12.0,0.0,0
131.802,1,0,12.0,0.0,0
131.902,1,0,12.0,0.0,0
131.902,1,0,12.0,0.0,0
131.902,1,0,12.0,0.0,0
131.902,1,0,12.0,0.0,0
132.002,1,0,12.0,0.0,0
132.002,1,0,12.0,0.0,0
132.002,1,0,12.0,0.0,0
132.102,1,0,12.0,0.0,0
132.102,1,0,12.0,0.0,0
132.102,1,0,12.0,0.0,0
132.102,1,0,12.0,0.0,0
132.202,1,0,12.0,0.0,0
132.202,1,0,12.0,0.0,0
132.202,1,0,12.0,0.0,0
132.202,1,0,12.0,0.0,0
132.302,1,0,12.0,0.0,0
132.302,1,0,12.0,0.0,0
132.302,1,0,12.0,0.0,0
132.402,1,0,12.0,0.0,1
132.402,1,0,12.0,0.0,1
132.402,1,0,12.0,0.0,1
132.402,1,0,12.0,0.0,1
132.502,0,0,0.0,0.0,1
132.502,0,0,0.0,0.0,1
132.502,0,0,0.0,0.0,1
132.602,0,0,0.0,0.0,1
132.602,0,0,0.0,0.0,1
132.602,0,0,0.0,0.0,1
132.602,0,0,0.0,0.0,1
132.702,0,0,0.0,0.0,1
132.702,0,0,0.0,0.0,1
132.702,0,0,0.0,0.0,1
132.802,0,0,0.0,0.0,1
132.802,0,0,0.0,0.0,1
132.802,0,0,0.0,0.0,1
132.802,0,0,0.0,0.0,1
132.902,0,0,0.0,0.0,1
132.902,0,0,0.0,0.0,1
132.902,0,0,0.0,0.0,1
132.902,0,0,0.0,0.0,1
133.002,0,0,0.0,0.0,1
133.002,0,0,0.0,0.0,1
133.002,0,0,0.0,0.0,1
133.102,0,0,0.0,0.0,1
133.102,0,0,0.0,0.0,1
133.102,0,0,0.0,0.0,1
133.102,0,0,0.0,0.0,1
133.202,0,0,0.0,0.0,1
133.202,0,0,0.0,0.0,1
133.202,0,0,0.0,0.0,1
133.302,0,0,0.0,0.0,1
133.302,0,0,0.0,0.0,1
133.302,0,0,0.0,0.0,1
133.302,0,0,0.0,0.0,1
133.402,0,0,0.0,0.0,1
133.402,0,0,0.0,0.0,1
133.402,0,0,0.0,0.0,1
133.502,0,0,0.0,0.0,1
133.502,0,0,0.0,0.0,1
133.502,0,0,0.0,0.0,1
133.502,0,0,0.0,0.0,1
133.602,0,0,0.0,0.0,1
133.602,0,0,0.0,0.0,1
133.602,0,0,0.0,0.0,1
133.702,0,0,0.0,0.0,1
133.702,0,0,0.0,0.0,1
133.702,0,0,0.0,0.0,1
133.702,0,0,0.0,0.0,1
133.802,0,0,0.0,0.0,1
133.802,0,0,0.0,0.0,1
133.802,0,0,0.0,0.0,1
133.802,0,0,0.0,0.0,1
133.902,0,0,0.0,0.0,1
133.902,0,0,0.0,0.0,1
133.902,0,0,0.0,0.0,1
134.002,0,0,0.0,0.0,1
134.002,0,0,0.0,0.0,1
134.002,0,0,0.0,0.0,1
134.002,0,0,0.0,0.0,1
134.102,0,0,0.0,0.0,1
134.102,0,0,0.0,0.0,1
134.102,0,0,0.0,0.0,1
134.202,0,0,0.0,0.0,1
134.202,0,0,0.0,0.0,1
134.202,0,0,0.0,0.0,1
134.202,0,0,0.0,0.0,1
134.302,0,0,0.0,0.0,1
134.302,0,0,0.0,0.0,1
134.302,0,0,0.0,0.0,1
134.402,0,0,0.0,0.0,1
134.402,0,0,0.0,0.0,1
134.402,0,0,0.0,0.0,1
134.402,0,0,0.0,0.0,1
134.502,0,0,0.0,0.0,1
134.502,0,0,0.0,0.0,1
134.502,0,0,0.0,0.0,1
134.502,0,0,0.0,0.0,1
134.602,0,0,0.0,0.0,1
134.602,0,0,0.0,0.0,1
134.602,0,0,0.0,0.0,1
134.702,0,0,0.0,0.0,1
134.702,0,0,0.0,0.0,1
134.702,0,0,0.0,0.0,1
134.702,0,0,0.0,0.0,1
134.802,0,0,0.0,0.0,1
134.802,0,0,0.0,0.0,1
134.802,0,0,0.0,0.0,1
134.902,0,0,0.0,0.0,1
134.902,0,0,0.0,0.0,1
134.902,0,0,0.0,0.0,1
134.902,0,0,0.0,0.0,1
135.002,0,0,0.0,0.0,1
135.002,0,0,0.0,0.0,1
135.002,0,0,0.0,0.0,1
135.102,0,0,0.0,0.0,1
135.102,0,0,0.0,0.0,1
135.102,0,0,0.0,0.0,1
135.102,0,0,0.0,0.0,1
135.202,0,0,0.0,0.0,1
135.202,0,0,0.0,0.0,1
135.202,0,0,0.0,0.0,1
135.202,0,0,0.0,0.0,1
135.302,0,0,0.0,0.0,1
135.302,0,0,0.0,0.0,1
135.302,0,0,0.0,0.0,1
135.402,0,0,0.0,0.0,1
135.402,0,0,0.0,0.0,1
135.402,0,0,0.0,0.0,1
135.402,0,0,0.0,0.0,1
135.502,0,0,0.0,0.0,1
135.502,0,0,0.0,0.0,1
135.502,0,0,0.0,0.0,1
135.602,0,0,0.0,0.0,1
135.602,0,0,0.0,0.0,1
135.602,0,0,0.0,0.0,1
135.602,0,0,0.0,0.0,1
135.702,0,0,0.0,0.0,1
135.702,0,0,0.0,0.0,1
135.702,0,0,0.0,0.0,1
135.802,0,0,0.0,0.0,1
135.802,0,0,0.0,0.0,1
135.802,0,0,0.0,0.0,1
135.802,0,0,0.0,0.0,1
135.902,0,0,0.0,0.0,1
135.902,0,0,0.0,0.0,1
135.902,0,0,0.0,0.0,1
135.902,0,0,0.0,0.0,1
136.002,0,0,0.0,0.0,1
136.002,0,0,0.0,0.0,1
136.002,0,0,0.0,0.0,1
136.102,0,0,0.0,0.0,1
136.102,0,0,0.0,0.0,1
136.102,0,0,0.0,0.0,1
136.102,0,0,0.0,0.0,1
136.202,0,0,0.0,0.0,1
136.202,0,0,0.0,0.0,1
136.202,0,0,0.0,0.0,1
136.302,0,0,0.0,0.0,1
136.302,0,0,0.0,0.0,1
136.302,0,0,0.0,0.0,1
136.302,0,0,0.0,0.0,1
136.402,0,0,0.0,0.0,1
136.402,0,0,0.0,0.0,1
136.402,0,0,0.0,0.0,1
136.502,0,0,0.0,0.0,1
136.502,0,0,0.0,0.0,1
136.502,0,0,0.0,0.0,1
136.502,0,0,0.0,0.0,1
136.602,0,0,0.0,0.0,1
136.602,0,0,0.0,0.0,1
136.602,0,0,0.0,0.0,1
136.702,0,0,0.0,0.0,1
136.702,0,0,0.0,0.0,1
136.702,0,0,0.0,0.0,1
136.702,0,0,0.0,0.0,1
136.802,0,0,0.0,0.0,1
136.802,0,0,0.0,0.0,1
136.802,0,0,0.0,0.0,1
136.802,0,0,0.0,0.0,1
136.902,0,0,0.0,0.0,1
136.902,0,0,0.0,0.0,1
136.902,0,0,0.0,0.0,1
137.002,0,0,0.0,0.0,1
137.002,0,0,0.0,0.0,1
137.002,0,0,0.0,0.0,1
137.002,0,0,0.0,0.0,1
137.102,0,0,0.0,0.0,1
137.102,0,0,0.0,0.0,1
137.102,0,0,0.0,0.0,1
137.202,0,0,0.0,0.0,1
137.202,0,0,0.0,0.0,1
137.202,0,0,0.0,0.0,1
137.202,0,0,0.0,0.0,1
137.302,0,0,0.0,0.0,1
137.302,0,0,0.0,0.0,1
137.302,0,0,0.0,0.0,1
137.402,0,0,0.0,0.0,1
137.402,0,0,0.0,0.0,1
137.402,0,0,0.0,0.0,1
137.402,0,0,0.0,0.0,1
137.502,0,0,0.0,0.0,1
137.502,0,0,0.0,0.0,1
137.502,0,0,0.0,0.0,1
137.502,0,0,0.0,0.0,1
137.602,0,0,0.0,0.0,1
137.602,0,0,0.0,0.0,1
137.602,0,0,0.0,0.0,1
137.702,0,0,0.0,0.0,1
137.702,0,0,0.0,0.0,1
137.702,0,0,0.0,0.0,1
137.702,0,0,0.0,0.0,1
137.802,0,0,0.0,0.0,1
137.802,0,0,0.0,0.0,1
137.802,0,0,0.0,0.0,1
137.902,0,0,0.0,0.0,1
137.902,0,0,0.0,0.0,1
137.902,0,0,0.0,0.0,1
137.902,0,0,0.0,0.0,1
138.002,0,0,0.0,0.0,1
138.002,0,0,0.0,0.0,1
138.002,0,0,0.0,0.0,1
138.102,0,0,0.0,0.0,1
138.102,0,0,0.0,0.0,1
138.102,0,0,0.0,0.0,1
138.102,0,0,0.0,0.0,1
138.202,0,0,0.0,0.0,1
138.202,0,0,0.0,0.0,1
138.202,0,0,0.0,0.0,1
138.302,0,0,0.0,0.0,1
138.302,0,0,0.0,0.0,1
138.302,0,0,0.0,0.0,1
138.302,0,0,0.0,0.0,1
138.402,0,0,0.0,0.0,1
138.402,0,0,0.0,0.0,1
138.402,0,0,0.0,0.0,1
138.402,0,0,0.0,0.0,1
138.502,0,0,0.0,0.0,1
138.502,0,0,0.0,0.0,1
138.502,0,0,0.0,0.0,1
138.602,0,0,0.0,0.0,1
138.602,0,0,0.0,0.0,1
138.602,0,0,0.0,0.0,1
138.602,0,0,0.0,0.0,1
138.702,0,0,0.0,0.0,1
138.702,0,0,0.0,0.0,1
138.702,0,0,0.0,0.0,1
138.802,0,0,0.0,0.0,1
138.802,0,0,0.0,0.0,1
138.802,0,0,0.0,0.0,1
138.802,0,0,0.0,0.0,1
138.902,0,0,0.0,0.0,1
138.902,0,0,0.0,0.0,1
138.902,0,0,0.0,0.0,1
139.002,0,0,0.0,0.0,1
139.002,0,0,0.0,0.0,1
139.002,0,0,0.0,0.0,1
139.002,0,0,0.0,0.0,1
139.102,0,0,0.0,0.0,1
139.102,0,0,0.0,0.0,1
139.102,0,0,0.0,0.0,1
139.102,0,0,0.0,0.0,1
139.202,0,0,0.0,0.0,1
139.202,0,0,0.0,0.0,1
139.202,0,0,0.0,0.0,1
139.302,0,0,0.0,0.0,1
139.302,0,0,0.0,0.0,1
139.302,0,0,0.0,0.0,1
139.302,0,0,0.0,0.0,1
139.402,0,0,0.0,0.0,1
139.402,0,0,0.0,0.0,1
139.402,0,0,0.0,0.0,1
139.502,0,0,0.0,0.0,1
139.502,0,0,0.0,0.0,1
139.502,0,0,0.0,0.0,1
139.502,0,0,0.0,0.0,1
139.602,0,0,0.0,0.0,1
139.602,0,0,0.0,0.0,1
139.602,0,0,0.0,0.0,1
139.702,0,0,0.0,0.0,1
139.702,0,0,0.0,0.0,1
139.702,0,0,0.0,0.0,1
139.702,0,0,0.0,0.0,1
139.802,0,0,0.0,0.0,1
139.802,0,0,0.0,0.0,1
139.802,0,0,0.0,0.0,1
139.802,0,0,0.0,0.0,1
139.902,0,0,0.0,0.0,1
139.902,0,0,0.0,0.0,1
139.902,0,0,0.0,0.0,1
140.002,0,0,0.0,0.0,1
140.002,0,0,0.0,0.0,1
140.002,0,0,0.0,0.0,1
140.002,0,0,0.0,0.0,1
140.102,0,0,0.0,0.0,1
140.102,0,0,0.0,0.0,1
140.102,0,0,0.0,0.0,1
140.202,0,0,0.0,0.0,1
140.202,0,0,0.0,0.0,1
140.202,0,0,0.0,0.0,1
140.202,0,0,0.0,0.0,1
140.302,0,0,0.0,0.0,1
140.302,0,0,0.0,0.0,1
140.302,0,0,0.0,0.0,1
140.402,0,0,0.0,0.0,1
140.402,0,0,0.0,0.0,1
140.402,0,0,0.0,0.0,1
140.402,0,0,0.0,0.0,1
140.502,0,0,0.0,0.0,1
140.502,0,0,0.0,0.0,1
140.502,0,0,0.0,0.0,1
140.602,0,0,0.0,0.0,1
140.602,0,0,0.0,0.0,1
140.602,0,0,0.0,0.0,1
140.602,0,0,0.0,0.0,1
140.702,0,0,0.0,0.0,1
140.702,0,0,0.0,0.0,1
140.702,0,0,0.0,0.0,1
140.702,0,0,0.0,0.0,1
140.802,0,0,0.0,0.0,1
140.802,0,0,0.0,0.0,1
140.802,0,0,0.0,0.0,1
140.902,0,0,0.0,0.0,1
140.902,0,0,0.0,0.0,1
140.902,0,0,0.0,0.0,1
140.902,0,0,0.0,0.0,1
141.002,0,0,0.0,0.0,1
141.002,0,0,0.0,0.0,1
141.002,0,0,0.0,0.0,1
141.102,0,0,0.0,0.0,1
141.102,0,0,0.0,0.0,1
141.102,0,0,0.0,0.0,1
141.102,0,0,0.0,0.0,1
141.202,0,0,0.0,0.0,1
141.202,0,0,0.0,0.0,1
141.202,0,0,0.0,0.0,1
141.302,0,0,0.0,0.0,1
141.302,0,0,0.0,0.0,1
141.302,0,0,0.0,0.0,1
141.302,0,0,0.0,0.0,1
141.402,0,0,0.0,0.0,1
141.402,0,0,0.0,0.0,1
141.402,0,0,0.0,0.0,1
141.402,0,0,0.0,0.0,1
141.502,0,0,0.0,0.0,1
141.502,0,0,0.0,0.0,1
141.502,0,0,0.0,0.0,1
141.602,0,0,0.0,0.0,1
141.602,0,0,0.0,0.0,1
141.602,0,0,0.0,0.0,1
141.602,0,0,0.0,0.0,1
141.702,0,0,0.0,0.0,1
141.702,0,0,0.0,0.0,1
141.702,0,0,0.0,0.0,1
141.802,0,0,0.0,0.0,1
141.802,0,0,0.0,0.0,1
141.802,0,0,0.0,0.0,1
141.802,0,0,0.0,0.0,1
141.902,0,0,0.0,0.0,1
141.902,0,0,0.0,0.0,1
141.902,0,0,0.0,0.0,1
142.002,0,0,0.0,0.0,1
142.002,0,0,0.0,0.0,1
142.002,0,0,0.0,0.0,1
142.002,0,0,0.0,0.0,1
142.102,0,0,0.0,0.0,1
142.102,0,0,0.0,0.0,1
142.102,0,0,0.0,0.0,1
142.102,0,0,0.0,0.0,1
142.202,0,0,0.0,0.0,1
142.202,0,0,0.0,0.0,1
142.202,0,0,0.0,0.0,1
142.302,1,0,51.0,0.0,0
142.302,1,0,51.0,0.0,0
142.302,1,0,51.0,0.0,0
142.302,1,0,51.0,0.0,0
142.402,1,0,51.0,0.0,0
142.402,1,0,51.0,0.0,0
142.402,1,0,51.0,0.0,0
142.502,1,0,51.0,0.0,0
142.502,1,0,51.0,0.0,0
142.502,1,0,51.0,0.0,0
142.502,1,0,51.0,0.0,0
142.602,1,0,51.0,0.0,0
142.602,1,0,51.0,0.0,0
142.602,1,0,51.0,0.0,0
142.702,1,0,51.0,0.0,0
142.702,1,0,51.0,0.0,0
142.702,1,0,51.0,0.0,0
142.702,1,0,51.0,0.0,0
142.802,1,0,51.0,0.0,0
142.802,1,0,51.0,0.0,0
142.802,1,0,51.0,0.0,0
142.902,1,0,51.0,0.0,0
142.902,1,0,51.0,0.0,0
142.902,1,0,51.0,0.0,0
142.902,1,0,51.0,0.0,0
143.002,1,0,51.0,0.0,0
143.002,1,0,51.0,0.0,0
143.002,1,0,51.0,0.0,0
143.002,1,0,51.0,0.0,0
143.102,1,0,51.0,0.0,0
143.102,1,0,51.0,0.0,0
143.102,1,0,51.0,0.0,0
143.202,1,0,51.0,0.0,0
143.202,1,0,51.0,0.0,0
143.202,1,0,51.0,0.0,0
143.202,1,0,51.0,0.0,0
143.302,1,0,51.0,0.0,0
143.302,1,0,51.0,0.0,0
143.302,1,0,51.0,0.0,0
143.402,1,0,51.0,0.0,0
143.402,1,0,51.0,0.0,0
143.402,1,0,51.0,0.0,0
143.402,1,0,51.0,0.0,0
143.502,1,0,51.0,0.0,0
143.502,1,0,51.0,0.0,0
143.502,1,0,51.0,0.0,0
143.602,1,0,51.0,0.0,0
143.602,1,0,51.0,0.0,0
143.602,1,0,51.0,0.0,0
143.602,1,0,51.0,0.0,0
143.702,1,0,51.0,0.0,0
143.702,1,0,51.0,0.0,0
143.702,1,0,51.0,0.0,0
143.702,1,0,51.0,0.0,0
143.802,1,0,51.0,0.0,0
143.802,1,0,51.0,0.0,0
143.802,1,0,51.0,0.0,0
143.902,1,0,51.0,0.0,0
143.902,1,0,51.0,0.0,0
143.902,1,0,51.0,0.0,0
143.902,1,0,51.0,0.0,0
144.002,1,0,51.0,0.0,0
144.002,1,0,51.0,0.0,0
144.002,1,0,51.0,0.0,0
144.102,1,0,51.0,0.0,0
144.102,1,0,51.0,0.0,0
144.102,1,0,51.0,0.0,0
144.102,1,0,51.0,0.0,0
144.202,1,0,51.0,0.0,0
144.202,1,0,51.0,0.0,0
144.202,1,0,51.0,0.0,0
144.302,1,0,51.0,0.0,0
144.302,1,0,51.0,0.0,0
144.302,1,0,51.0,0.0,0
144.302,1,0,51.0,0.0,0
144.402,1,0,51.0,0.0,0
144.402,1,0,51.0,0.0,0
144.402,1,0,51.0,0.0,0
144.402,1,0,51.0,0.0,0
144.502,1,0,51.0,0.0,0
144.502,1,0,51.0,0.0,0
144.502,1,0,51.0,0.0,0
144.602,1,0,51.0,0.0,0
144.602,1,0,51.0,0.0,0
144.602,1,0,51.0,0.0,0
144.602,1,0,51.0,0.0,0
144.702,1,0,51.0,0.0,0
144.702,1,0,51.0,0.0,0
144.702,1,0,51.0,0.0,0
144.802,1,0,51.0,0.0,0
144.802,1,0,51.0,0.0,0
144.802,1,0,51.0,0.0,0
144.802,1,0,51.0,0.0,0
144.902,1,0,51.0,0.0,0
144.902,1,0,51.0,0.0,0
144.902,1,0,51.0,0.0,0
145.002,1,0,51.0,0.0,0
145.002,1,0,51.0,0.0,0
145.002,1,0,51.0,0.0,0
145.002,1,0,51.0,0.0,0
145.102,1,0,51.0,0.0,0
145.102,1,0,51.0,0.0,0
145.102,1,0,51.0,0.0,0
145.202,1,0,51.0,0.0,0
145.202,1,0,51.0,0.0,0
145.202,1,0,51.0,0.0,0
145.202,1,0,51.0,0.0,0
145.302,1,0,51.0,0.0,0
145.302,1,0,51.0,0.0,0
145.302,1,0,51.0,0.0,0
145.302,1,0,51.0,0.0,0
145.402,1,0,51.0,0.0,0
145.402,1,0,51.0,0.0,0
145.402,1,0,51.0,0.0,0
145.502,1,0,51.0,0.0,0
145.502,1,0,51.0,0.0,0
145.502,1,0,51.0,0.0,0
145.502,1,0,51.0,0.0,0
145.602,1,0,51.0,0.0,0
145.602,1,0,51.0,0.0,0
145.602,1,0,51.0,0.0,0
145.702,1,0,51.0,0.0,0
145.702,1,0,51.0,0.0,0
145.702,1,0,51.0,0.0,0
145.702,1,0,51.0,0.0,0
145.802,1,0,51.0,0.0,0
145.802,1,0,51.0,0.0,0
145.802,1,0,51.0,0.0,0
145.902,1,0,51.0,0.0,0
145.902,1,0,51.0,0.0,0
145.902,1,0,51.0,0.0,0
145.902,1,0,51.0,0.0,0
146.002,1,0,51.0,0.0,0
146.002,1,0,51.0,0.0,0
146.002,1,0,51.0,0.0,0
146.002,1,0,51.0,0.0,0
146.102,1,0,51.0,0.0,0
146.102,1,0,51.0,0.0,0
146.102,1,0,51.0,0.0,0
146.202,1,0,51.0,0.0,0
146.202,1,0,51.0,0.0,0
146.202,1,0,51.0,0.0,0
146.202,1,0,51.0,0.0,0
146.302,1,0,51.0,0.0,0
146.302,1,0,51.0,0.0,0
146.302,1,0,51.0,0.0,0
146.402,1,0,51.0,0.0,0
146.402,1,0,51.0,0.0,0
146.402,1,0,51.0,0.0,0
146.402,1,0,51.0,0.0,0
146.502,1,0,51.0,0.0,0
146.502,1,0,51.0,0.0,0
146.502,1,0,51.0,0.0,0
146.602,1,0,51.0,0.0,0
146.602,1,0,51.0,0.0,0
146.602,1,0,51.0,0.0,0
146.602,1,0,51.0,0.0,0
146.702,1,0,51.0,0.0,0
146.702,1,0,51.0,0.0,0
146.702,1,0,51.0,0.0,0
146.802,1,0,51.0,0.0,0
146.802,1,0,51.0,0.0,0
146.802,1,0,51.0,0.0,0
146.802,1,0,51.0,0.0,0
146.902,1,0,51.0,0.0,0
146.902,1,0,51.0,0.0,0
146.902,1,0,51.0,0.0,0
146.902,1,0,51.0,0.0,0
147.002,1,0,51.0,0.0,0
147.002,1,0,51.0,0.0,0
147.002,1,0,51.0,0.0,0
147.102,1,0,51.0,0.0,0
147.102,1,0,51.0,0.0,0
147.102,1,0,51.0,0.0,0
147.102,1,0,51.0,0.0,0
147.202,1,0,51.0,0.0,0
147.202,1,0,51.0,0.0,0
147.202,1,0,51.0,0.0,0
147.302,0,0,0.0,0.0,0
147.302,0,0,0.0,0.0,0
147.302,0,0,0.0,0.0,0
147.302,0,0,0.0,0.0,0
147.402,0,0,0.0,0.0,1
147.402,0,0,0.0,0.0,1
147.402,0,0,0.0,0.0,1
147.502,0,0,0.0,0.0,1
147.502,0,0,0.0,0.0,1
147.502,0,0,0.0,0.0,1
147.502,0,0,0.0,0.0,1
147.602,0,0,0.0,0.0,1
147.602,0,0,0.0,0.0,1
147.602,0,0,0.0,0.0,1
147.602,0,0,0.0,0.0,1
147.702,0,0,0.0,0.0,1
147.702,0,0,0.0,0.0,1
147.702,0,0,0.0,0.0,1
147.802,0,0,0.0,0.0,1
147.802,0,0,0.0,0.0,1
147.802,0,0,0.0,0.0,1
147.802,0,0,0.0,0.0,1
147.902,0,0,0.0,0.0,1
147.902,0,0,0.0,0.0,1
147.902,0,0,0.0,0.0,1
148.002,0,0,0.0,0.0,1
148.002,0,0,0.0,0.0,1
148.002,0,0,0.0,0.0,1
148.002,0,0,0.0,0.0,1
148.102,0,0,0.0,0.0,1
148.102,0,0,0.0,0.0,1
148.102,0,0,0.0,0.0,1
148.202,0,0,0.0,0.0,1
148.202,0,0,0.0,0.0,1
148.202,0,0,0.0,0.0,1
148.202,0,0,0.0,0.0,1
148.302,0,0,0.0,0.0,1
148.302,0,0,0.0,0.0,1
148.302,0,0,0.0,0.0,1
148.302,0,0,0.0,0.0,1
148.402,0,0,0.0,0.0,1
148.402,0,0,0.0,0.0,1
148.402,0,0,0.0,0.0,1
148.502,0,0,0.0,0.0,1
148.502,0,0,0.0,0.0,1
148.502,0,0,0.0,0.0,1
148.502,0,0,0.0,0.0,1
148.602,0,0,0.0,0.0,1
148.602,0,0,0.0,0.0,1
148.602,0,0,0.0,0.0,1
148.702,0,0,0.0,0.0,1
148.702,0,0,0.0,0.0,1
148.702,0,0,0.0,0.0,1
148.702,0,0,0.0,0.0,1
148.802,0,0,0.0,0.0,1
148.802,0,0,0.0,0.0,1
148.802,0,0,0.0,0.0,1
148.902,0,0,0.0,0.0,1
148.902,0,0,0.0,0.0,1
148.902,0,0,0.0,0.0,1
148.902,0,0,0.0,0.0,1
149.002,0,0,0.0,0.0,1
149.002,0,0,0.0,0.0,1
149.002,0,0,0.0,0.0,1
149.102,0,0,0.0,0.0,1
149.102,0,0,0.0,0.0,1
149.102,0,0,0.0,0.0,1
149.102,0,0,0.0,0.0,1
149.202,0,0,0.0,0.0,1
149.202,0,0,0.0,0.0,1
149.202,0,0,0.0,0.0,1
149.202,0,0,0.0,0.0,1
149.302,0,0,0.0,0.0,1
149.302,0,0,0.0,0.0,1
149.302,0,0,0.0,0.0,1
149.402,0,0,0.0,0.0,1
149.402,0,0,0.0,0.0,1
149.402,0,0,0.0,0.0,1
149.402,0,0,0.0,0.0,1
149.502,0,0,0.0,0.0,1
149.502,0,0,0.0,0.0,1
149.502,0,0,0.0,0.0,1
149.602,0,0,0.0,0.0,1
149.602,0,0,0.0,0.0,1
149.602,0,0,0.0,0.0,1
149.602,0,0,0.0,0.0,1
149.702,0,0,0.0,0.0,1
149.702,0,0,0.0,0.0,1
149.702,0,0,0.0,0.0,1
149.802,0,0,0.0,0.0,1
149.802,0,0,0.0,0.0,1
149.802,0,0,0.0,0.0,1
149.802,0,0,0.0,0.0,1
149.902,0,0,0.0,0.0,1
149.902,0,0,0.0,0.0,1
149.902,0,0,0.0,0.0,1
149.902,0,0,0.0,0.0,1
150.002,0,0,0.0,0.0,1
150.002,0,0,0.0,0.0,1
150.002,0,0,0.0,0.0,1
150.102,0,0,0.0,0.0,1
150.102,0,0,0.0,0.0,1
150.102,0,0,0.0,0.0,1
150.102,0,0,0.0,0.0,1
150.202,0,0,0.0,0.0,1
150.202,0,0,0.0,0.0,1
150.202,0,0,0.0,0.0,1
150.302,0,0,0.0,0.0,1
150.302,0,0,0.0,0.0,1
150.302,0,0,0.0,0.0,1
150.302,0,0,0.0,0.0,1
150.402,0,0,0.0,0.0,1
150.402,0,0,0.0,0.0,1
150.402,0,0,0.0,0.0,1
150.502,0,0,0.0,0.0,1
150.502,0,0,0.0,0.0,1
150.502,0,0,0.0,0.0,1
150.502,0,0,0.0,0.0,1
150.602,0,0,0.0,0.0,1
150.602,0,0,0.0,0.0,1
150.602,0,0,0.0,0.0,1
150.702,0,0,0.0,0.0,1
150.702,0,0,0.0,0.0,1
150.702,0,0,0.0,0.0,1
150.702,0,0,0.0,0.0,1
150.802,0,0,0.0,0.0,1
150.802,0,0,0.0,0.0,1
150.802,0,0,0.0,0.0,1
150.802,0,0,0.0,0.0,1
150.902,0,0,0.0,0.0,1
150.902,0,0,0.0,0.0,1
150.902,0,0,0.0,0.0,1
151.002,0,0,0.0,0.0,1
151.002,0,0,0.0,0.0,1
151.002,0,0,0.0,0.0,1
151.002,0,0,0.0,0.0,1
151.102,0,0,0.0,0.0,1
151.102,0,0,0.0,0.0,1
151.102,0,0,0.0,0.0,1
151.202,0,0,0.0,0.0,1
151.202,0,0,0.0,0.0,1
151.202,0,0,0.0,0.0,1
151.202,0,0,0.0,0.0,1
151.302,0,0,0.0,0.0,1
151.302,0,0,0.0,0.0,1
151.302,0,0,0.0,0.0,1
151.402,0,0,0.0,0.0,1
151.402,0,0,0.0,0.0,1
151.402,0,0,0.0,0.0,1
151.402,0,0,0.0,0.0,1
151.502,0,0,0.0,0.0,1
151.502,0,0,0.0,0.0,1
151.502,0,0,0.0,0.0,1
151.502,0,0,0.0,0.0,1
151.602,0,0,0.0,0.0,1
151.602,0,0,0.0,0.0,1
151.602,0,0,0.0,0.0,1
151.702,0,0,0.0,0.0,1
151.702,0,0,0.0,0.0,1
151.702,0,0,0.0,0.0,1
151.702,0,0,0.0,0.0,1
151.802,0,0,0.0,0.0,1
151.802,0,0,0.0,0.0,1
151.802,0,0,0.0,0.0,1
151.902,0,0,0.0,0.0,1
151.902,0,0,0.0,0.0,1
151.902,0,0,0.0,0.0,1
151.902,0,0,0.0,0.0,1
152.002,0,0,0.0,0.0,1
152.002,0,0,0.0,0.0,1
152.002,0,0,0.0,0.0,1
152.102,0,0,0.0,0.0,1
152.102,0,0,0.0,0.0,1
152.102,0,0,0.0,0.0,1
152.102,0,0,0.0,0.0,1
152.202,0,0,0.0,0.0,1
152.202,0,0,0.0,0.0,1
152.202,0,0,0.0,0.0,1
152.202,0,0,0.0,0.0,1
152.302,0,0,0.0,0.0,1
152.302,0,0,0.0,0.0,1
152.302,0,0,0.0,0.0,1
152.402,0,0,0.0,0.0,1
152.402,0,0,0.0,0.0,1
152.402,0,0,0.0,0.0,1
152.402,0,0,0.0,0.0,1
152.502,0,0,0.0,0.0,1
152.502,0,0,0.0,0.0,1
152.502,0,0,0.0,0.0,1
152.602,0,0,0.0,0.0,1
152.602,0,0,0.0,0.0,1
152.602,0,0,0.0,0.0,1
152.602,0,0,0.0,0.0,1
152.702,0,0,0.0,0.0,1
152.702,0,0,0.0,0.0,1
152.702,0,0,0.0,0.0,1
152.802,0,0,0.0,0.0,1
152.802,0,0,0.0,0.0,1
152.802,0,0,0.0,0.0,1
152.802,0,0,0.0,0.0,1
152.902,0,0,0.0,0.0,1
152.902,0,0,0.0,0.0,1
152.902,0,0,0.0,0.0,1
153.002,0,0,0.0,0.0,1
153.002,0,0,0.0,0.0,1
153.002,0,0,0.0,0.0,1
153.002,0,0,0.0,0.0,1
153.102,0,0,0.0,0.0,1
153.102,0,0,0.0,0.0,1
153.102,0,0,0.0,0.0,1
153.102,0,0,0.0,0.0,1
153.202,0,0,0.0,0.0,1
153.202,0,0,0.0,0.0,1
153.202,0,0,0.0,0.0,1
153.302,0,0,0.0,0.0,1
153.302,0,0,0.0,0.0,1
153.302,0,0,0.0,0.0,1
153.302,0,0,0.0,0.0,1
153.402,0,0,0.0,0.0,1
153.402,0,0,0.0,0.0,1
153.402,0,0,0.0,0.0,1
153.502,0,0,0.0,0.0,1
153.502,0,0,0.0,0.0,1
153.502,0,0,0.0,0.0,1
153.502,0,0,0.0,0.0,1
153.602,0,0,0.0,0.0,1
153.602,0,0,0.0,0.0,1
153.602,0,0,0.0,0.0,1
153.702,0,0,0.0,0.0,1
153.702,0,0,0.0,0.0,1
153.702,0,0,0.0,0.0,1
153.702,0,0,0.0,0.0,1
153.802,0,0,0.0,0.0,1
153.802,0,0,0.0,0.0,1
153.802,0,0,0.0,0.0,1
153.802,0,0,0.0,0.0,1
153.902,0,0,0.0,0.0,1
153.902,0,0,0.0,0.0,1
153.902,0,0,0.0,0.0,1
154.002,0,0,0.0,0.0,1
154.002,0,0,0.0,0.0,1
154.002,0,0,0.0,0.0,1
154.002,0,0,0.0,0.0,1
154.102,0,0,0.0,0.0,1
154.102,0,0,0.0,0.0,1
154.102,0,0,0.0,0.0,1
154.202,0,0,0.0,0.0,1
154.202,0,0,0.0,0.0,1
154.202,0,0,0.0,0.0,1
154.202,0,0,0.0,0.0,1
154.302,0,0,0.0,0.0,1
154.302,0,0,0.0,0.0,1
154.302,0,0,0.0,0.0,1
154.402,0,0,0.0,0.0,1
154.402,0,0,0.0,0.0,1
154.402,0,0,0.0,0.0,1
154.402,0,0,0.0,0.0,1
154.502,0,0,0.0,0.0,1
154.502,0,0,0.0,0.0,1
154.502,0,0,0.0,0.0,1
154.502,0,0,0.0,0.0,1
154.602,0,0,0.0,0.0,1
154.602,0,0,0.0,0.0,1
154.602,0,0,0.0,0.0,1
154.702,0,0,0.0,0.0,1
154.702,0,0,0.0,0.0,1
154.702,0,0,0.0,0.0,1
154.702,0,0,0.0,0.0,1
154.802,0,0,0.0,0.0,1
154.802,0,0,0.0,0.0,1
154.802,0,0,0.0,0.0,1
154.902,0,0,0.0,0.0,1
154.902,0,0,0.0,0.0,1
154.902,0,0,0.0,0.0,1
154.902,0,0,0.0,0.0,1
155.002,0,0,0.0,0.0,1
155.002,0,0,0.0,0.0,1
155.002,0,0,0.0,0.0,1
155.102,0,0,0.0,0.0,1
155.102,0,0,0.0,0.0,1
155.102,0,0,0.0,0.0,1
155.102,0,0,0.0,0.0,1
155.202,0,0,0.0,0.0,1
155.202,0,0,0.0,0.0,1
155.202,0,0,0.0,0.0,1
155.302,0,0,0.0,0.0,0
155.302,0,0,0.0,0.0,0
155.302,0,0,0.0,0.0,0
155.302,0,0,0.0,0.0,0
155.402,0,0,0.0,0.0,0
155.402,0,0,0.0,0.0,0
155.402,0,0,0.0,0.0,0
155.402,0,0,0.0,0.0,0
155.502,0,0,0.0,0.0,0
155.502,0,0,0.0,0.0,0
155.502,0,0,0.0,0.0,0
155.602,0,0,0.0,0.0,0
155.602,0,0,0.0,0.0,0
155.602,0,0,0.0,0.0,0
155.602,0,0,0.0,0.0,0
155.702,1,0,38.0,0.0,0
155.702,1,0,38.0,0.0,0
155.702,1,0,38.0,0.0,0
155.802,1,0,38.0,0.0,0
155.802,1,0,38.0,0.0,0
155.802,1,0,38.0,0.0,0
155.802,1,0,38.0,0.0,0
155.902,1,0,38.0,0.0,0
155.902,1,0,38.0,0.0,0
155.902,1,0,38.0,0.0,0
156.002,1,0,38.0,0.0,0
156.002,1,0,38.0,0.0,0
156.002,1,0,38.0,0.0,0
156.002,1,0,38.0,0.0,0
156.102,1,0,38.0,0.0,0
156.102,1,0,38.0,0.0,0
156.102,1,0,38.0,0.0,0
156.102,1,0,38.0,0.0,0
156.202,1,0,38.0,0.0,0
156.202,1,0,38.0,0.0,0
156.202,1,0,38.0,0.0,0
156.302,1,0,38.0,0.0,0
156.302,1,0,38.0,0.0,0
156.302,1,0,38.0,0.0,0
156.302,1,0,38.0,0.0,0
156.402,1,0,38.0,0.0,0
156.402,1,0,38.0,0.0,0
156.402,1,0,38.0,0.0,0
156.502,1,0,38.0,0.0,0
156.502,1,0,38.0,0.0,0
156.502,1,0,38.0,0.0,0
156.502,1,0,38.0,0.0,0
156.602,1,0,38.0,0.0,0
156.602,1,0,38.0,0.0,0
156.602,1,0,38.0,0.0,0
156.702,1,0,38.0,0.0,0
156.702,1,0,38.0,0.0,0
156.702,1,0,38.0,0.0,0
156.702,1,0,38.0,0.0,0
156.802,1,0,38.0,0.0,0
156.802,1,0,38.0,0.0,0
156.802,1,0,38.0,0.0,0
156.802,1,0,38.0,0.0,0
156.902,1,0,38.0,0.0,0
156.902,1,0,38.0,0.0,0
156.902,1,0,38.0,0.0,0
157.002,1,0,38.0,0.0,0
157.002,1,0,38.0,0.0,0
157.002,1,0,38.0,0.0,0
157.002,1,0,38.0,0.0,0
157.102,1,0,38.0,0.0,0
157.102,1,0,38.0,0.0,0
157.102,1,0,38.0,0.0,0
157.202,1,0,38.0,0.0,0
157.202,1,0,38.0,0.0,0
157.202,1,0,38.0,0.0,0
157.202,1,0,38.0,0.0,0
157.302,1,0,38.0,0.0,0
157.302,1,0,38.0,0.0,0
157.302,1,0,38.0,0.0,0
157.402,1,0,38.0,0.0,0
157.402,1,0,38.0,0.0,0
157.402,1,0,38.0,0.0,0
157.402,1,0,38.0,0.0,0
157.502,1,0,38.0,0.0,0
157.502,1,0,38.0,0.0,0
157.502,1,0,38.0,0.0,0
157.502,1,0,38.0,0.0,0
157.602,1,0,38.0,0.0,0
157.602,1,0,38.0,0.0,0
157.602,1,0,38.0,0.0,0
157.702,1,0,38.0,0.0,0
157.702,1,0,38.0,0.0,0
157.702,1,0,38.0,0.0,0
157.702,1,0,38.0,0.0,0
157.802,1,0,38.0,0.0,0
157.802,1,0,38.0,0.0,0
157.802,1,0,38.0,0.0,0
157.902,1,0,38.0,0.0,0
157.902,1,0,38.0,0.0,0
157.902,1,0,38.0,0.0,0
157.902,1,0,38.0,0.0,0
158.002,1,0,38.0,0.0,0
158.002,1,0,38.0,0.0,0
158.002,1,0,38.0,0.0,0
158.102,1,0,38.0,0.0,0
158.102,1,0,38.0,0.0,0
158.102,1,0,38.0,0.0,0
158.102,1,0,38.0,0.0,0
158.202,1,0,38.0,0.0,0
158.202,1,0,38.0,0.0,0
158.202,1,0,38.0,0.0,0
158.302,1,0,38.0,0.0,0
158.302,1,0,38.0,0.0,0
158.302,1,0,38.0,0.0,0
158.302,1,0,38.0,0.0,0
158.402,1,0,38.0,0.0,0
158.402,1,0,38.0,0.0,0
158.402,1,0,38.0,0.0,0
158.402,1,0,38.0,0.0,0
158.502,1,0,38.0,0.0,0
158.502,1,0,38.0,0.0,0
158.502,1,0,38.0,0.0,0
158.602,1,0,38.0,0.0,0
158.602,1,0,38.0,0.0,0
158.602,1,0,38.0,0.0,0
158.602,1,0,38.0,0.0,0
158.702,1,0,38.0,0.0,0
158.702,1,0,38.0,0.0,0
158.702,1,0,38.0,0.0,0
158.802,1,0,38.0,0.0,0
158.802,1,0,38.0,0.0,0
158.802,1,0,38.0,0.0,0
158.802,1,0,38.0,0.0,0
158.902,1,0,38.0,0.0,0
158.902,1,0,38.0,0.0,0
158.902,1,0,38.0,0.0,0
159.002,1,0,38.0,0.0,0
159.002,1,0,38.0,0.0,0
159.002,1,0,38.0,0.0,0
159.002,1,0,38.0,0.0,0
159.102,1,0,38.0,0.0,0
159.102,1,0,38.0,0.0,0
159.102,1,0,38.0,0.0,0
159.102,1,0,38.0,0.0,0
159.202,1,0,38.0,0.0,0
159.202,1,0,38.0,0.0,0
159.202,1,0,38.0,0.0,0
159.302,1,0,38.0,0.0,0
159.302,1,0,38.0,0.0,0
159.302,1,0,38.0,0.0,0
159.302,1,0,38.0,0.0,0
159.402,1,0,38.0,0.0,0
159.402,1,0,38.0,0.0,0
159.402,1,0,38.0,0.0,0
159.502,1,0,38.0,0.0,0
159.502,1,0,38.0,0.0,0
159.502,1,0,38.0,0.0,0
159.502,1,0,38.0,0.0,0
159.602,1,0,38.0,0.0,0
159.602,1,0,38.0,0.0,0
159.602,1,0,38.0,0.0,0
159.702,1,0,38.0,0.0,0
159.702,1,0,38.0,0.0,0
159.702,1,0,38.0,0.0,0
159.702,1,0,38.0,0.0,0
159.802,1,0,38.0,0.0,0
159.802,1,0,38.0,0.0,0
159.802,1,0,38.0,0.0,0
159.802,1,0,38.0,0.0,0
159.902,1,0,38.0,0.0,0
159.902,1,0,38.0,0.0,0
159.902,1,0,38.0,0.0,0
160.002,1,0,38.0,0.0,0
160.002,1,0,38.0,0.0,0
160.002,1,0,38.0,0.0,0
160.002,1,0,38.0,0.0,0
160.102,1,0,38.0,0.0,0
160.102,1,0,38.0,0.0,0
160.102,1,0,38.0,0.0,0
160.202,1,0,38.0,0.0,0
160.202,1,0,38.0,0.0,0
160.202,1,0,38.0,0.0,0
160.202,1,0,38.0,0.0,0
160.302,1,0,38.0,0.0,0
160.302,1,0,38.0,0.0,0
160.302,1,0,38.0,0.0,0
160.402,1,0,38.0,0.0,0
160.402,1,0,38.0,0.0,0
160.402,1,0,38.0,0.0,0
160.402,1,0,38.0,0.0,0
160.502,1,0,38.0,0.0,0
160.502,1,0,38.0,0.0,0
160.502,1,0,38.0,0.0,0
160.602,1,0,38.0,0.0,0
160.602,1,0,38.0,0.0,0
160.602,1,0,38.0,0.0,0
160.602,1,0,38.0,0.0,0
160.702,1,0,38.0,0.0,0
160.702,1,0,38.0,0.0,0
160.702,1,0,38.0,0.0,0
160.702,1,0,38.0,0.0,0
160.802,1,0,38.0,0.0,0
160.802,1,0,38.0,0.0,0
160.802,1,0,38.0,0.0,0
160.902,1,0,38.0,0.0,0
160.902,1,0,38.0,0.0,0
160.902,1,0,38.0,0.0,0
160.902,1,0,38.0,0.0,0
161.002,1,0,38.0,0.0,0
161.002,1,0,38.0,0.0,0
161.002,1,0,38.0,0.0,0
161.102,1,0,38.0,0.0,0
161.102,1,0,38.0,0.0,0
161.102,1,0,38.0,0.0,0
161.102,1,0,38.0,0.0,0
161.202,1,0,38.0,0.0,0
161.202,1,0,38.0,0.0,0
161.202,1,0,38.0,0.0,0
161.302,1,0,38.0,0.0,0
161.302,1,0,38.0,0.0,0
161.302,1,0,38.0,0.0,0
161.302,1,0,38.0,0.0,0
161.402,1,0,38.0,0.0,0
161.402,1,0,38.0,0.0,0
161.402,1,0,38.0,0.0,0
161.402,1,0,38.0,0.0,0
161.502,1,0,38.0,0.0,0
161.502,1,0,38.0,0.0,0
161.502,1,0,38.0,0.0,0
161.602,1,0,38.0,0.0,0
161.602,1,0,38.0,0.0,0
161.602,1,0,38.0,0.0,0
161.602,1,0,38.0,0.0,0
161.702,1,0,38.0,0.0,0
161.702,1,0,38.0,0.0,0
161.702,1,0,38.0,0.0,0
161.802,1,0,38.0,0.0,0
161.802,1,0,38.0,0.0,0
161.802,1,0,38.0,0.0,0
161.802,1,0,38.0,0.0,0
161.902,1,0,38.0,0.0,0
161.902,1,0,38.0,0.0,0
161.902,1,0,38.0,0.0,0
162.002,1,0,38.0,0.0,0
162.002,1,0,38.0,0.0,0
162.002,1,0,38.0,0.0,0
162.002,1,0,38.0,0.0,0
162.102,1,0,38.0,0.0,0
162.102,1,0,38.0,0.0,0
162.102,1,0,38.0,0.0,0
162.102,1,0,38.0,0.0,0
162.202,1,0,38.0,0.0,0
162.202,1,0,38.0,0.0,0
162.202,1,0,38.0,0.0,0
162.302,1,0,38.0,0.0,0
162.302,1,0,38.0,0.0,0
162.302,1,0,38.0,0.0,0
162.302,1,0,38.0,0.0,0
162.402,1,0,38.0,0.0,0
162.402,1,0,38.0,0.0,0
162.402,1,0,38.0,0.0,0
162.502,1,0,38.0,0.0,0
162.502,1,0,38.0,0.0,0
162.502,1,0,38.0,0.0,0
162.502,1,0,38.0,0.0,0
162.602,2,0,-22.0,0.0,0
162.602,2,0,-22.0,0.0,0
162.602,2,0,-22.0,0.0,0
162.702,2,0,-22.0,0.0,0
162.702,2,0,-22.0,0.0,0
162.702,2,0,-22.0,0.0,0
162.702,2,0,-22.0,0.0,0
162.802,2,0,-22.0,0.0,0
162.802,2,0,-22.0,0.0,0
162.802,2,0,-22.0,0.0,0
162.902,2,0,-22.0,0.0,0
162.902,2,0,-22.0,0.0,0
162.902,2,0,-22.0,0.0,0
162.902,2,0,-22.0,0.0,0
163.002,2,0,-22.0,0.0,0
163.002,2,0,-22.0,0.0,0
163.002,2,0,-22.0,0.0,0
163.002,2,0,-22.0,0.0,0
163.102,2,0,-22.0,0.0,0
163.102,2,0,-22.0,0.0,0
163.102,2,0,-22.0,0.0,0
163.202,2,0,-22.0,0.0,0
163.202,2,0,-22.0,0.0,0
163.202,2,0,-22.0,0.0,0
163.202,2,0,-22.0,0.0,0
163.302,2,0,-22.0,0.0,0
163.302,2,0,-22.0,0.0,0
163.302,2,0,-22.0,0.0,0
163.402,2,0,-22.0,0.0,0
163.402,2,0,-22.0,0.0,0
163.402,2,0,-22.0,0.0,0
163.402,2,0,-22.0,0.0,0
163.502,2,0,-22.0,0.0,0
163.502,2,0,-22.0,0.0,0
163.502,2,0,-22.0,0.0,0
163.602,2,0,-22.0,0.0,0
163.602,2,0,-22.0,0.0,0
163.602,2,0,-22.0,0.0,0
163.602,2,0,-22.0,0.0,0
163.702,2,0,-22.0,0.0,0
163.702,2,0,-22.0,0.0,0
163.702,2,0,-22.0,0.0,0
163.802,2,0,-22.0,0.0,0
163.802,2,0,-22.0,0.0,0
163.802,2,0,-22.0,0.0,0
163.802,2,0,-22.0,0.0,0
163.902,2,0,-22.0,0.0,0
163.902,2,0,-22.0,0.0,0
163.902,2,0,-22.0,0.0,0
163.902,2,0,-22.0,0.0,0
164.002,2,0,-22.0,0.0,0
164.002,2,0,-22.0,0.0,0
164.002,2,0,-22.0,0.0,0
164.102,2,0,-22.0,0.0,0
164.102,2,0,-22.0,0.0,0
164.102,2,0,-22.0,0.0,0
164.102,2,0,-22.0,0.0,0
164.202,2,0,-22.0,0.0,0
164.202,2,0,-22.0,0.0,0
164.202,2,0,-22.0,0.0,0
164.302,2,0,-22.0,0.0,0
164.302,2,0,-22.0,0.0,0
164.302,2,0,-22.0,0.0,0
164.302,2,0,-22.0,0.0,0
164.402,2,0,-22.0,0.0,0
164.402,2,0,-22.0,0.0,0
164.402,2,0,-22.0,0.0,0
164.502,2,0,-22.0,0.0,0
164.502,2,0,-22.0,0.0,0
164.502,2,0,-22.0,0.0,0
164.502,2,0,-22.0,0.0,0
164.602,2,0,-22.0,0.0,0
164.602,2,0,-22.0,0.0,0
164.602,2,0,-22.0,0.0,0
164.602,2,0,-22.0,0.0,0
164.702,2,0,-22.0,0.0,0
164.702,2,0,-22.0,0.0,0
164.702,2,0,-22.0,0.0,0
164.802,2,0,-22.0,0.0,0
164.802,2,0,-22.0,0.0,0
164.802,2,0,-22.0,0.0,0
164.802,2,0,-22.0,0.0,0
164.902,2,0,-22.0,0.0,0
164.902,2,0,-22.0,0.0,0
164.902,2,0,-22.0,0.0,0
165.002,2,0,-22.0,0.0,0
165.002,2,0,-22.0,0.0,0
165.002,2,0,-22.0,0.0,0
165.002,2,0,-22.0,0.0,0
165.102,2,0,-22.0,0.0,0
165.102,2,0,-22.0,0.0,0
165.102,2,0,-22.0,0.0,0
165.202,2,0,-22.0,0.0,0
165.202,2,0,-22.0,0.0,0
165.202,2,0,-22.0,0.0,0
165.202,2,0,-22.0,0.0,0
165.302,2,0,-22.0,0.0,0
165.302,2,0,-22.0,0.0,0
165.302,2,0,-22.0,0.0,0
165.302,2,0,-22.0,0.0,0
165.402,2,0,-22.0,0.0,0
165.402,2,0,-22.0,0.0,0
165.402,2,0,-22.0,0.0,0
165.502,2,0,-22.0,0.0,0
165.502,2,0,-22.0,0.0,0
165.502,2,0,-22.0,0.0,0
165.502,2,0,-22.0,0.0,0
165.602,2,0,-22.0,0.0,0
165.602,2,0,-22.0,0.0,0
165.602,2,0,-22.0,0.0,0
165.702,2,0,-22.0,0.0,0
165.702,2,0,-22.0,0.0,0
165.702,2,0,-22.0,0.0,0
165.702,2,0,-22.0,0.0,0
165.802,2,0,-22.0,0.0,0
165.802,2,0,-22.0,0.0,0
165.802,2,0,-22.0,0.0,0
165.902,2,0,-22.0,0.0,0
165.902,2,0,-22.0,0.0,0
165.902,2,0,-22.0,0.0,0
165.902,2,0,-22.0,0.0,0
166.002,2,0,-22.0,0.0,0
166.002,2,0,-22.0,0.0,0
166.002,2,0,-22.0,0.0,0
166.102,2,0,-22.0,0.0,0
166.102,2,0,-22.0,0.0,0
166.102,2,0,-22.0,0.0,0
166.102,2,0,-22.0,0.0,0
166.202,2,0,-22.0,0.0,0
166.202,2,0,-22.0,0.0,0
166.202,2,0,-22.0,0.0,0
166.202,2,0,-22.0,0.0,0
166.302,2,0,-22.0,0.0,0
166.302,2,0,-22.0,0.0,0
166.302,2,0,-22.0,0.0,0
166.402,2,0,-22.0,0.0,0
166.402,2,0,-22.0,0.0,0
166.402,2,0,-22.0,0.0,0
166.402,2,0,-22.0,0.0,0
166.502,2,0,-22.0,0.0,0
166.502,2,0,-22.0,0.0,0
166.502,2,0,-22.0,0.0,0
166.602,2,0,-22.0,0.0,0
166.602,2,0,-22.0,0.0,0
166.602,2,0,-22.0,0.0,0
166.602,2,0,-22.0,0.0,0
166.702,2,0,-22.0,0.0,0
166.702,2,0,-22.0,0.0,0
166.702,2,0,-22.0,0.0,0
166.802,2,0,-22.0,0.0,0
166.802,2,0,-22.0,0.0,0
166.802,2,0,-22.0,0.0,0
166.802,2,0,-22.0,0.0,0
166.902,2,0,-22.0,0.0,0
166.902,2,0,-22.0,0.0,0
166.902,2,0,-22.0,0.0,0
166.902,2,0,-22.0,0.0,0
167.002,2,0,-22.0,0.0,0
167.002,2,0,-22.0,0.0,0
167.002,2,0,-22.0,0.0,0
167.102,2,0,-22.0,0.0,0
167.102,2,0,-22.0,0.0,0
167.102,2,0,-22.0,0.0,0
167.102,2,0,-22.0,0.0,0
167.202,2,0,-22.0,0.0,0
167.202,2,0,-22.0,0.0,0
167.202,2,0,-22.0,0.0,0
167.302,2,0,-22.0,0.0,0
167.302,2,0,-22.0,0.0,0
167.302,2,0,-22.0,0.0,0
167.302,2,0,-22.0,0.0,0
167.402,2,0,-22.0,0.0,0
167.402,2,0,-22.0,0.0,0
167.402,2,0,-22.0,0.0,0
167.502,2,0,-22.0,0.0,0
167.502,2,0,-22.0,0.0,0
167.502,2,0,-22.0,0.0,0
167.502,2,0,-22.0,0.0,0
167.602,2,0,-22.0,0.0,0
167.602,2,0,-22.0,0.0,0
167.602,2,0,-22.0,0.0,0
167.602,2,0,-22.0,0.0,0
167.702,2,0,-22.0,0.0,0
167.702,2,0,-22.0,0.0,0
167.702,2,0,-22.0,0.0,0
167.802,2,0,-22.0,0.0,0
167.802,2,0,-22.0,0.0,0
167.802,2,0,-22.0,0.0,0
167.802,2,0,-22.0,0.0,0
167.902,2,0,-22.0,0.0,0
167.902,2,0,-22.0,0.0,0
167.902,2,0,-22.0,0.0,0
168.002,2,0,-22.0,0.0,0
168.002,2,0,-22.0,0.0,0
168.002,2,0,-22.0,0.0,0
168.002,2,0,-22.0,0.0,0
168.102,2,0,-22.0,0.0,0
168.102,2,0,-22.0,0.0,0
168.102,2,0,-22.0,0.0,0
168.202,2,0,-22.0,0.0,0
168.202,2,0,-22.0,0.0,0
168.202,2,0,-22.0,0.0,0
168.202,2,0,-22.0,0.0,0
168.302,2,0,-22.0,0.0,0
168.302,2,0,-22.0,0.0,0
168.302,2,0,-22.0,0.0,0
168.302,2,0,-22.0,0.0,0
168.402,0,0,0.0,0.0,1
168.402,0,0,0.0,0.0,1
168.402,0,0,0.0,0.0,1
168.502,0,0,0.0,0.0,1
168.502,0,0,0.0,0.0,1
168.502,0,0,0.0,0.0,1
168.502,0,0,0.0,0.0,1
168.602,0,0,0.0,0.0,1
168.602,0,0,0.0,0.0,1
168.602,0,0,0.0,0.0,1
168.702,0,0,0.0,0.0,1
168.702,0,0,0.0,0.0,1
168.702,0,0,0.0,0.0,1
168.702,0,0,0.0,0.0,1
168.802,0,0,0.0,0.0,1
168.802,0,0,0.0,0.0,1
168.802,0,0,0.0,0.0,1
168.902,0,0,0.0,0.0,1
168.902,0,0,0.0,0.0,1
168.902,0,0,0.0,0.0,1
168.902,0,0,0.0,0.0,1
169.002,0,0,0.0,0.0,1
169.002,0,0,0.0,0.0,1
169.002,0,0,0.0,0.0,1
169.102,0,0,0.0,0.0,1
169.102,0,0,0.0,0.0,1
169.102,0,0,0.0,0.0,1
169.102,0,0,0.0,0.0,1
169.202,0,0,0.0,0.0,1
169.202,0,0,0.0,0.0,1
169.202,0,0,0.0,0.0,1
169.202,0,0,0.0,0.0,1
169.302,0,0,0.0,0.0,1
169.302,0,0,0.0,0.0,1
169.302,0,0,0.0,0.0,1
169.402,0,0,0.0,0.0,1
169.402,0,0,0.0,0.0,1
169.402,0,0,0.0,0.0,1
169.402,0,0,0.0,0.0,1
169.502,0,0,0.0,0.0,1
169.502,0,0,0.0,0.0,1
169.502,0,0,0.0,0.0,1
169.602,0,0,0.0,0.0,1
169.602,0,0,0.0,0.0,1
169.602,0,0,0.0,0.0,1
169.602,0,0,0.0,0.0,1
169.702,0,0,0.0,0.0,1
169.702,0,0,0.0,0.0,1
169.702,0,0,0.0,0.0,1
169.802,0,0,0.0,0.0,1
169.802,0,0,0.0,0.0,1
169.802,0,0,0.0,0.0,1
169.802,0,0,0.0,0.0,1
169.902,0,0,0.0,0.0,1
169.902,0,0,0.0,0.0,1
169.902,0,0,0.0,0.0,1
169.902,0,0,0.0,0.0,1
170.002,0,0,0.0,0.0,1
170.002,0,0,0.0,0.0,1
170.002,0,0,0.0,0.0,1
170.102,0,0,0.0,0.0,1
170.102,0,0,0.0,0.0,1
170.102,0,0,0.0,0.0,1
170.102,0,0,0.0,0.0,1
170.202,0,0,0.0,0.0,1
170.202,0,0,0.0,0.0,1
170.202,0,0,0.0,0.0,1
170.302,0,0,0.0,0.0,1
170.302,0,0,0.0,0.0,1
170.302,0,0,0.0,0.0,1
170.302,0,0,0.0,0.0,1
170.402,0,0,0.0,0.0,1
170.402,0,0,0.0,0.0,1
170.402,0,0,0.0,0.0,1
170.502,0,0,0.0,0.0,1
170.502,0,0,0.0,0.0,1
170.502,0,0,0.0,0.0,1
170.502,0,0,0.0,0.0,1
170.602,0,0,0.0,0.0,1
170.602,0,0,0.0,0.0,1
170.602,0,0,0.0,0.0,1
170.702,0,0,0.0,0.0,1
170.702,0,0,0.0,0.0,1
170.702,0,0,0.0,0.0,1
170.702,0,0,0.0,0.0,1
170.802,0,0,0.0,0.0,1
170.802,0,0,0.0,0.0,1
170.802,0,0,0.0,0.0,1
170.802,0,0,0.0,0.0,1
170.902,0,0,0.0,0.0,1
170.902,0,0,0.0,0.0,1
170.902,0,0,0.0,0.0,1
171.002,0,0,0.0,0.0,1
171.002,0,0,0.0,0.0,1
171.002,0,0,0.0,0.0,1
171.002,0,0,0.0,0.0,1
171.102,0,0,0.0,0.0,1
171.102,0,0,0.0,0.0,1
171.102,0,0,0.0,0.0,1
171.202,0,0,0.0,0.0,1
171.202,0,0,0.0,0.0,1
171.202,0,0,0.0,0.0,1
171.202,0,0,0.0,0.0,1
171.302,0,0,0.0,0.0,1
171.302,0,0,0.0,0.0,1
171.302,0,0,0.0,0.0,1
171.402,0,0,0.0,0.0,1
171.402,0,0,0.0,0.0,1
171.402,0,0,0.0,0.0,1
171.402,0,0,0.0,0.0,1
171.502,0,0,0.0,0.0,1
171.502,0,0,0.0,0.0,1
171.502,0,0,0.0,0.0,1
171.502,0,0,0.0,0.0,1
171.602,0,0,0.0,0.0,1
171.602,0,0,0.0,0.0,1
171.602,0,0,0.0,0.0,1
171.702,0,0,0.0,0.0,1
171.702,0,0,0.0,0.0,1
171.702,0,0,0.0,0.0,1
171.702,0,0,0.0,0.0,1
171.802,0,0,0.0,0.0,1
171.802,0,0,0.0,0.0,1
171.802,0,0,0.0,0.0,1
171.902,0,0,0.0,0.0,1
171.902,0,0,0.0,0.0,1
171.902,0,0,0.0,0.0,1
171.902,0,0,0.0,0.0,1
172.002,0,0,0.0,0.0,1
172.002,0,0,0.0,0.0,1
172.002,0,0,0.0,0.0,1
172.102,0,0,0.0,0.0,1
172.102,0,0,0.0,0.0,1
172.102,0,0,0.0,0.0,1
172.102,0,0,0.0,0.0,1
172.202,0,0,0.0,0.0,1
172.202,0,0,0.0,0.0,1
172.202,0,0,0.0,0.0,1
172.302,0,0,0.0,0.0,1
172.302,0,0,0.0,0.0,1
172.302,0,0,0.0,0.0,1
172.302,0,0,0.0,0.0,1
172.402,0,0,0.0,0.0,1
172.402,0,0,0.0,0.0,1
172.402,0,0,0.0,0.0,1
172.402,0,0,0.0,0.0,1
172.502,0,0,0.0,0.0,1
172.502,0,0,0.0,0.0,1
172.502,0,0,0.0,0.0,1
172.602,0,0,0.0,0.0,1
172.602,0,0,0.0,0.0,1
172.602,0,0,0.0,0.0,1
172.602,0,0,0.0,0.0,1
172.702,0,0,0.0,0.0,1
172.702,0,0,0.0,0.0,1
172.702,0,0,0.0,0.0,1
172.802,0,0,0.0,0.0,1
172.802,0,0,0.0,0.0,1
172.802,0,0,0.0,0.0,1
172.802,0,0,0.0,0.0,1
172.902,0,0,0.0,0.0,1
172.902,0,0,0.0,0.0,1
172.902,0,0,0.0,0.0,1
173.002,0,0,0.0,0.0,1
173.002,0,0,0.0,0.0,1
173.002,0,0,0.0,0.0,1
173.002,0,0,0.0,0.0,1
173.102,0,0,0.0,0.0,1
173.102,0,0,0.0,0.0,1
173.102,0,0,0.0,0.0,1
173.102,0,0,0.0,0.0,1
173.202,0,0,0.0,0.0,1
173.202,0,0,0.0,0.0,1
173.202,0,0,0.0,0.0,1
173.302,0,0,0.0,0.0,1
173.302,0,0,0.0,0.0,1
173.302,0,0,0.0,0.0,1
173.302,0,0,0.0,0.0,1
173.402,0,0,0.0,0.0,1
173.402,0,0,0.0,0.0,1
173.402,0,0,0.0,0.0,1
173.502,0,0,0.0,0.0,1
173.502,0,0,0.0,0.0,1
173.502,0,0,0.0,0.0,1
173.502,0,0,0.0,0.0,1
173.602,0,0,0.0,0.0,1
173.602,0,0,0.0,0.0,1
173.602,0,0,0.0,0.0,1
173.702,0,0,0.0,0.0,1
173.702,0,0,0.0,0.0,1
173.702,0,0,0.0,0.0,1
173.702,0,0,0.0,0.0,1
173.802,0,0,0.0,0.0,1
173.802,0,0,0.0,0.0,1
173.802,0,0,0.0,0.0,1
173.802,0,0,0.0,0.0,1
173.902,0,0,0.0,0.0,1
173.902,0,0,0.0,0.0,1
173.902,0,0,0.0,0.0,1
174.002,0,0,0.0,0.0,1
174.002,0,0,0.0,0.0,1
174.002,0,0,0.0,0.0,1
174.002,0,0,0.0,0.0,1
174.102,0,0,0.0,0.0,1
174.102,0,0,0.0,0.0,1
174.102,0,0,0.0,0.0,1
174.202,0,0,0.0,0.0,1
174.202,0,0,0.0,0.0,1
174.202,0,0,0.0,0.0,1
174.202,0,0,0.0,0.0,1
174.302,0,0,0.0,0.0,1
174.302,0,0,0.0,0.0,1
174.302,0,0,0.0,0.0,1
174.402,0,0,0.0,0.0,1
174.402,0,0,0.0,0.0,1
174.402,0,0,0.0,0.0,1
174.402,0,0,0.0,0.0,1
174.502,0,0,0.0,0.0,1
174.502,0,0,0.0,0.0,1
174.502,0,0,0.0,0.0,1
174.602,0,0,0.0,0.0,1
174.602,0,0,0.0,0.0,1
174.602,0,0,0.0,0.0,1
174.602,0,0,0.0,0.0,1
174.702,0,0,0.0,0.0,1
174.702,0,0,0.0,0.0,1
174.702,0,0,0.0,0.0,1
174.702,0,0,0.0,0.0,1
174.802,0,0,0.0,0.0,1
174.802,0,0,0.0,0.0,1
174.802,0,0,0.0,0.0,1
174.902,0,0,0.0,0.0,1
174.902,0,0,0.0,0.0,1
174.902,0,0,0.0,0.0,1
174.902,0,0,0.0,0.0,1
175.002,0,0,0.0,0.0,1
175.002,0,0,0.0,0.0,1
175.002,0,0,0.0,0.0,1
175.102,0,0,0.0,0.0,1
175.102,0,0,0.0,0.0,1
175.102,0,0,0.0,0.0,1
175.102,0,0,0.0,0.0,1
175.202,0,0,0.0,0.0,0
175.202,0,0,0.0,0.0,0
175.202,0,0,0.0,0.0,0
175.302,2,0,-27.0,0.0,0
175.302,2,0,-27.0,0.0,0
175.302,2,0,-27.0,0.0,0
175.302,2,0,-27.0,0.0,0
175.402,2,0,-27.0,0.0,0
175.402,2,0,-27.0,0.0,0
175.402,2,0,-27.0,0.0,0
175.402,2,0,-27.0,0.0,0
175.502,2,0,-27.0,0.0,0
175.502,2,0,-27.0,0.0,0
175.502,2,0,-27.0,0.0,0
175.602,2,0,-27.0,0.0,0
175.602,2,0,-27.0,0.0,0
175.602,2,0,-27.0,0.0,0
175.602,2,0,-27.0,0.0,0
175.702,2,0,-27.0,0.0,0
175.702,2,0,-27.0,0.0,0
175.702,2,0,-27.0,0.0,0
175.802,2,0,-27.0,0.0,0
175.802,2,0,-27.0,0.0,0
175.802,2,0,-27.0,0.0,0
175.802,2,0,-27.0,0.0,0
175.902,2,0,-27.0,0.0,0
175.902,2,0,-27.0,0.0,0
175.902,2,0,-27.0,0.0,0
176.002,2,0,-27.0,0.0,0
176.002,2,0,-27.0,0.0,0
176.002,2,0,-27.0,0.0,0
176.002,2,0,-27.0,0.0,0
176.102,2,0,-27.0,0.0,0
176.102,2,0,-27.0,0.0,0
176.102,2,0,-27.0,0.0,0
176.102,2,0,-27.0,0.0,0
176.202,2,0,-27.0,0.0,0
176.202,2,0,-27.0,0.0,0
176.202,2,0,-27.0,0.0,0
176.302,2,0,-27.0,0.0,0
176.302,2,0,-27.0,0.0,0
176.302,2,0,-27.0,0.0,0
176.302,2,0,-27.0,0.0,0
176.402,2,0,-27.0,0.0,0
176.402,2,0,-27.0,0.0,0
176.402,2,0,-27.0,0.0,0
176.502,2,0,-27.0,0.0,0
176.502,2,0,-27.0,0.0,0
176.502,2,0,-27.0,0.0,0
176.502,2,0,-27.0,0.0,0
176.602,2,0,-27.0,0.0,0
176.602,2,0,-27.0,0.0,0
176.602,2,0,-27.0,0.0,0
176.702,2,0,-27.0,0.0,0
176.702,2,0,-27.0,0.0,0
176.702,2,0,-27.0,0.0,0
176.702,2,0,-27.0,0.0,0
176.802,2,0,-27.0,0.0,0
176.802,2,0,-27.0,0.0,0
176.802,2,0,-27.0,0.0,0
176.902,2,0,-27.0,0.0,0
176.902,2,0,-27.0,0.0,0
176.902,2,0,-27.0,0.0,0
176.902,2,0,-27.0,0.0,0
177.002,2,0,-27.0,0.0,0
177.002,2,0,-27.0,0.0,0
177.002,2,0,-27.0,0.0,0
177.002,2,0,-27.0,0.0,0
177.102,2,0,-27.0,0.0,0
177.102,2,0,-27.0,0.0,0
177.102,2,0,-27.0,0.0,0
177.202,2,0,-27.0,0.0,0
177.202,2,0,-27.0,0.0,0
177.202,2,0,-27.0,0.0,0
177.202,2,0,-27.0,0.0,0
177.302,2,0,-27.0,0.0,0
177.302,2,0,-27.0,0.0,0
177.302,2,0,-27.0,0.0,0
177.402,2,0,-27.0,0.0,0
177.402,2,0,-27.0,0.0,0
177.402,2,0,-27.0,0.0,0
177.402,2,0,-27.0,0.0,0
177.502,2,0,-27.0,0.0,0
177.502,2,0,-27.0,0.0,0
177.502,2,0,-27.0,0.0,0
177.602,2,0,-27.0,0.0,0
177.602,2,0,-27.0,0.0,0
177.602,2,0,-27.0,0.0,0
177.602,2,0,-27.0,0.0,0
177.702,2,0,-27.0,0.0,0
177.702,2,0,-27.0,0.0,0
177.702,2,0,-27.0,0.0,0
177.702,2,0,-27.0,0.0,0
177.802,2,0,-27.0,0.0,0
177.802,2,0,-27.0,0.0,0
177.802,2,0,-27.0,0.0,0
177.902,2,0,-27.0,0.0,0
177.902,2,0,-27.0,0.0,0
177.902,2,0,-27.0,0.0,0
177.902,2,0,-27.0,0.0,0
178.002,2,0,-27.0,0.0,0
178.002,2,0,-27.0,0.0,0
178.002,2,0,-27.0,0.0,0
178.102,2,0,-27.0,0.0,0
178.102,2,0,-27.0,0.0,0
178.102,2,0,-27.0,0.0,0
178.102,2,0,-27.0,0.0,0
178.202,2,0,-27.0,0.0,0
178.202,2,0,-27.0,0.0,0
178.202,2,0,-27.0,0.0,0
178.302,2,0,-27.0,0.0,0
178.302,2,0,-27.0,0.0,0
178.302,2,0,-27.0,0.0,0
178.302,2,0,-27.0,0.0,0
178.402,2,0,-27.0,0.0,0
178.402,2,0,-27.0,0.0,0
178.402,2,0,-27.0,0.0,0
178.402,2,0,-27.0,0.0,0
178.502,2,0,-27.0,0.0,0
178.502,2,0,-27.0,0.0,0
178.502,2,0,-27.0,0.0,0
178.602,2,0,-27.0,0.0,0
178.602,2,0,-27.0,0.0,0
178.602,2,0,-27.0,0.0,0
178.602,2,0,-27.0,0.0,0
178.702,2,0,-27.0,0.0,0
178.702,2,0,-27.0,0.0,0
178.702,2,0,-27.0,0.0,0
178.802,2,0,-27.0,0.0,0
178.802,2,0,-27.0,0.0,0
178.802,2,0,-27.0,0.0,0
178.802,2,0,-27.0,0.0,0
178.902,2,0,-27.0,0.0,0
178.902,2,0,-27.0,0.0,0
178.902,2,0,-27.0,0.0,0
179.002,2,0,-27.0,0.0,0
179.002,2,0,-27.0,0.0,0
179.002,2,0,-27.0,0.0,0
179.002,2,0,-27.0,0.0,0
179.102,2,0,-27.0,0.0,0
179.102,2,0,-27.0,0.0,0
179.102,2,0,-27.0,0.0,0
179.202,2,0,-27.0,0.0,0
179.202,2,0,-27.0,0.0,0
179.202,2,0,-27.0,0.0,0
179.202,2,0,-27.0,0.0,0
179.302,2,0,-27.0,0.0,0
179.302,2,0,-27.0,0.0,0
179.302,2,0,-27.0,0.0,0
179.302,2,0,-27.0,0.0,0
179.402,2,0,-27.0,0.0,0
179.402,2,0,-27.0,0.0,0
179.402,2,0,-27.0,0.0,0
179.502,2,0,-27.0,0.0,0
179.502,2,0,-27.0,0.0,0
179.502,2,0,-27.0,0.0,0
179.502,2,0,-27.0,0.0,0
179.602,2,0,-27.0,0.0,0
179.602,2,0,-27.0,0.0,0
179.602,2,0,-27.0,0.0,0
179.702,2,0,-27.0,0.0,0
179.702,2,0,-27.0,0.0,0
179.702,2,0,-27.0,0.0,0
179.702,2,0,-27.0,0.0,0
179.802,2,0,-27.0,0.0,0
179.802,2,0,-27.0,0.0,0
179.802,2,0,-27.0,0.0,0
179.902,2,0,-27.0,0.0,0
179.902,2,0,-27.0,0.0,0
179.902,2,0,-27.0,0.0,0
179.902,2,0,-27.0,0.0,0
180.002,2,0,-27.0,0.0,0
180.002,2,0,-27.0,0.0,0
180.002,2,0,-27.0,0.0,0
180.002,2,0,-27.0,0.0,0
180.102,0,0,0.0,0.0,0
180.102,0,0,0.0,0.0,0
180.102,0,0,0.0,0.0,0
180.202,0,0,0.0,0.0,0
180.202,0,0,0.0,0.0,0
180.202,0,0,0.0,0.0,0
180.202,0,0,0.0,0.0,0
180.302,0,0,0.0,0.0,0
180.302,0,0,0.0,0.0,0
180.302,0,0,0.0,0.0,0
180.402,0,0,0.0,0.0,0
180.402,0,0,0.0,0.0,0
180.402,0,0,0.0,0.0,0
180.402,0,0,0.0,0.0,0
180.502,0,0,0.0,0.0,0
180.502,0,0,0.0,0.0,0
180.502,0,0,0.0,0.0,0
180.602,0,0,0.0,0.0,0
180.602,0,0,0.0,0.0,0
180.602,0,0,0.0,0.0,0
180.602,0,0,0.0,0.0,0
180.702,0,0,0.0,0.0,0
180.702,0,0,0.0,0.0,0
180.702,0,0,0.0,0.0,0
180.702,0,0,0.0,0.0,0
180.802,0,0,0.0,0.0,0
180.802,0,0,0.0,0.0,0
180.802,0,0,0.0,0.0,0
180.902,1,1,29.0,2.0,0
180.902,1,1,29.0,2.0,0
180.902,1,1,29.0,2.0,0
180.902,1,1,29.0,2.0,0
181.002,1,1,29.0,2.0,0
181.002,1,1,29.0,2.0,0
181.002,1,1,29.0,2.0,0
181.102,1,1,29.0,2.0,0
181.102,1,1,29.0,2.0,0
181.102,1,1,29.0,2.0,0
181.102,1,1,29.0,2.0,0
181.202,1,1,29.0,2.0,0
181.202,1,1,29.0,2.0,0
181.202,1,1,29.0,2.0,0
181.302,1,1,29.0,2.0,0
181.302,1,1,29.0,2.0,0
181.302,1,1,29.0,2.0,0
181.302,1,1,29.0,2.0,0
181.402,1,1,29.0,2.0,0
181.402,1,1,29.0,2.0,0
181.402,1,1,29.0,2.0,0
181.502,1,1,29.0,2.0,0
181.502,1,1,29.0,2.0,0
181.502,1,1,29.0,2.0,0
181.502,1,1,29.0,2.0,0
181.602,1,1,29.0,2.0,0
181.602,1,1,29.0,2.0,0
181.602,1,1,29.0,2.0,0
181.602,1,1,29.0,2.0,0
181.702,1,1,29.0,2.0,0
181.702,1,1,29.0,2.0,0
181.702,1,1,29.0,2.0,0
181.802,1,1,29.0,2.0,0
181.802,1,1,29.0,2.0,0
181.802,1,1,29.0,2.0,0
181.802,1,1,29.0,2.0,0
181.902,1,1,29.0,2.0,0
181.902,1,1,29.0,2.0,0
181.902,1,1,29.0,2.0,0
182.002,1,1,29.0,2.0,0
182.002,1,1,29.0,2.0,0
182.002,1,1,29.0,2.0,0
182.002,1,1,29.0,2.0,0
182.102,1,1,29.0,2.0,0
182.102,1,1,29.0,2.0,0
182.102,1,1,29.0,2.0,0
182.202,1,1,29.0,2.0,0
182.202,1,1,29.0,2.0,0
182.202,1,1,29.0,2.0,0
182.202,1,1,29.0,2.0,0
182.302,1,1,29.0,2.0,0
182.302,1,1,29.0,2.0,0
182.302,1,1,29.0,2.0,0
182.402,1,1,29.0,2.0,0
182.402,1,1,29.0,2.0,0
182.402,1,1,29.0,2.0,0
182.402,1,1,29.0,2.0,0
182.502,1,1,29.0,2.0,0
182.502,1,1,29.0,2.0,0
182.502,1,1,29.0,2.0,0
182.502,1,1,29.0,2.0,0
182.602,1,1,29.0,2.0,0
182.602,1,1,29.0,2.0,0
182.602,1,1,29.0,2.0,0
182.702,1,1,29.0,2.0,0
182.702,1,1,29.0,2.0,0
182.702,1,1,29.0,2.0,0
182.702,1,1,29.0,2.0,0
182.802,1,1,29.0,2.0,0
182.802,1,1,29.0,2.0,0
182.802,1,1,29.0,2.0,0
182.902,1,1,29.0,2.0,0
182.902,1,1,29.0,2.0,0
182.902,1,1,29.0,2.0,0
182.902,1,1,29.0,2.0,0
183.002,1,1,29.0,2.0,0
183.002,1,1,29.0,2.0,0
183.002,1,1,29.0,2.0,0
183.102,1,1,29.0,2.0,0
183.102,1,1,29.0,2.0,0
183.102,1,1,29.0,2.0,0
183.102,1,1,29.0,2.0,0
183.202,1,1,29.0,2.0,0
183.202,1,1,29.0,2.0,0
183.202,1,1,29.0,2.0,0
183.202,1,1,29.0,2.0,0
183.302,1,1,29.0,2.0,0
183.302,1,1,29.0,2.0,0
183.302,1,1,29.0,2.0,0
183.402,1,1,29.0,2.0,0
183.402,1,1,29.0,2.0,0
183.402,1,1,29.0,2.0,0
183.402,1,1,29.0,2.0,0
183.502,1,1,29.0,2.0,0
183.502,1,1,29.0,2.0,0
183.502,1,1,29.0,2.0,0
183.602,1,1,29.0,2.0,0
183.602,1,1,29.0,2.0,0
183.602,1,1,29.0,2.0,0
183.602,1,1,29.0,2.0,0
183.702,1,1,29.0,2.0,0
183.702,1,1,29.0,2.0,0
183.702,1,1,29.0,2.0,0
183.802,1,1,29.0,2.0,0
183.802,1,1,29.0,2.0,0
183.802,1,1,29.0,2.0,0
183.802,1,1,29.0,2.0,0
183.902,1,1,29.0,2.0,0
183.902,1,1,29.0,2.0,0
183.902,1,1,29.0,2.0,0
183.902,1,1,29.0,2.0,0
184.002,1,1,29.0,2.0,0
184.002,1,1,29.0,2.0,0
184.002,1,1,29.0,2.0,0
184.102,1,1,29.0,2.0,0
184.102,1,1,29.0,2.0,0
184.102,1,1,29.0,2.0,0
184.102,1,1,29.0,2.0,0
184.202,1,1,29.0,2.0,0
184.202,1,1,29.0,2.0,0
184.202,1,1,29.0,2.0,0
184.302,1,1,29.0,2.0,0
184.302,1,1,29.0,2.0,0
184.302,1,1,29.0,2.0,0
184.302,1,1,29.0,2.0,0
184.402,1,1,29.0,2.0,0
184.402,1,1,29.0,2.0,0
184.402,1,1,29.0,2.0,0
184.502,1,1,29.0,2.0,0
184.502,1,1,29.0,2.0,0
184.502,1,1,29.0,2.0,0
184.502,1,1,29.0,2.0,0
184.602,1,1,29.0,2.0,0
184.602,1,1,29.0,2.0,0
184.602,1,1,29.0,2.0,0
184.702,1,1,29.0,2.0,0
184.702,1,1,29.0,2.0,0
184.702,1,1,29.0,2.0,0
184.702,1,1,29.0,2.0,0
184.802,1,1,29.0,2.0,0
184.802,1,1,29.0,2.0,0
184.802,1,1,29.0,2.0,0
184.802,1,1,29.0,2.0,0
184.902,1,1,29.0,2.0,0
184.902,1,1,29.0,2.0,0
184.902,1,1,29.0,2.0,0
185.002,0,0,0.0,0.0,0
185.002,0,0,0.0,0.0,0
185.002,0,0,0.0,0.0,0
185.002,0,0,0.0,0.0,0
185.102,0,0,0.0,0.0,0
185.102,0,0,0.0,0.0,0
185.102,0,0,0.0,0.0,0
185.202,0,1,0.0,3.6,0
185.202,0,1,0.0,3.6,0
185.202,0,1,0.0,3.6,0
185.202,0,1,0.0,3.6,0
185.302,0,1,0.0,3.6,0
185.302,0,1,0.0,3.6,0
185.302,0,1,0.0,3.6,0
185.402,0,1,0.0,3.6,0
185.402,0,1,0.0,3.6,0
185.402,0,1,0.0,3.6,0
185.402,0,1,0.0,3.6,0
185.502,0,1,0.0,3.6,0
185.502,0,1,0.0,3.6,0
185.502,0,1,0.0,3.6,0
185.502,0,1,0.0,3.6,0
185.602,0,1,0.0,3.6,0
185.602,0,1,0.0,3.6,0
185.602,0,1,0.0,3.6,0
185.702,0,1,0.0,3.6,0
185.702,0,1,0.0,3.6,0
185.702,0,1,0.0,3.6,0
185.702,0,1,0.0,3.6,0
185.802,0,1,0.0,3.6,0
185.802,0,1,0.0,3.6,0
185.802,0,1,0.0,3.6,0
185.902,0,1,0.0,3.6,0
185.902,0,1,0.0,3.6,0
185.902,0,1,0.0,3.6,0
185.902,0,1,0.0,3.6,0
186.002,0,1,0.0,3.6,0
186.002,0,1,0.0,3.6,0
186.002,0,1,0.0,3.6,0
186.102,0,1,0.0,3.6,0
186.102,0,1,0.0,3.6,0
186.102,0,1,0.0,3.6,0
186.102,0,1,0.0,3.6,0
186.202,0,1,0.0,3.6,0
186.202,0,1,0.0,3.6,0
186.202,0,1,0.0,3.6,0
186.202,0,1,0.0,3.6,0
186.302,0,1,0.0,3.6,0
186.302,0,1,0.0,3.6,0
186.302,0,1,0.0,3.6,0
186.402,0,1,0.0,3.6,0
186.402,0,1,0.0,3.6,0
186.402,0,1,0.0,3.6,0
186.402,0,1,0.0,3.6,0
186.502,0,1,0.0,3.6,0
186.502,0,1,0.0,3.6,0
186.502,0,1,0.0,3.6,0
186.602,0,1,0.0,3.6,0
186.602,0,1,0.0,3.6,0
186.602,0,1,0.0,3.6,0
186.602,0,1,0.0,3.6,0
186.702,0,1,0.0,3.6,0
186.702,0,1,0.0,3.6,0
186.702,0,1,0.0,3.6,0
186.802,0,1,0.0,3.6,0
186.802,0,1,0.0,3.6,0
186.802,0,1,0.0,3.6,0
186.802,0,1,0.0,3.6,0
186.902,0,1,0.0,3.6,0
186.902,0,1,0.0,3.6,0
186.902,0,1,0.0,3.6,0
187.002,0,1,0.0,3.6,0
187.002,0,1,0.0,3.6,0
187.002,0,1,0.0,3.6,0
187.002,0,1,0.0,3.6,0
187.102,0,1,0.0,3.6,0
187.102,0,1,0.0,3.6,0
187.102,0,1,0.0,3.6,0
187.102,0,1,0.0,3.6,0
187.202,0,1,0.0,3.6,0
187.202,0,1,0.0,3.6,0
187.202,0,1,0.0,3.6,0
187.302,0,1,0.0,3.6,0
187.302,0,1,0.0,3.6,0
187.302,0,1,0.0,3.6,0
187.302,0,1,0.0,3.6,0
187.402,0,1,0.0,3.6,0
187.402,0,1,0.0,3.6,0
187.402,0,1,0.0,3.6,0
187.502,0,1,0.0,3.6,0
187.502,0,1,0.0,3.6,0
187.502,0,1,0.0,3.6,0
187.502,0,1,0.0,3.6,0
187.602,0,1,0.0,3.6,0
187.602,0,1,0.0,3.6,0
187.602,0,1,0.0,3.6,0
187.702,0,1,0.0,3.6,0
187.702,0,1,0.0,3.6,0
187.702,0,1,0.0,3.6,0
187.702,0,1,0.0,3.6,0
187.802,0,1,0.0,3.6,0
187.802,0,1,0.0,3.6,0
187.802,0,1,0.0,3.6,0
187.802,0,1,0.0,3.6,0
187.902,0,1,0.0,3.6,0
187.902,0,1,0.0,3.6,0
187.902,0,1,0.0,3.6,0
188.002,0,1,0.0,3.6,0
188.002,0,1,0.0,3.6,0
188.002,0,1,0.0,3.6,0
188.002,0,1,0.0,3.6,0
188.102,0,1,0.0,3.6,0
188.102,0,1,0.0,3.6,0
188.102,0,1,0.0,3.6,0
188.202,0,1,0.0,3.6,0
188.202,0,1,0.0,3.6,0
188.202,0,1,0.0,3.6,0
188.202,0,1,0.0,3.6,0
188.302,0,1,0.0,3.6,0
188.302,0,1,0.0,3.6,0
188.302,0,1,0.0,3.6,0
188.402,0,1,0.0,3.6,0
188.402,0,1,0.0,3.6,0
188.402,0,1,0.0,3.6,0
188.402,0,1,0.0,3.6,0
188.502,0,1,0.0,3.6,0
188.502,0,1,0.0,3.6,0
188.502,0,1,0.0,3.6,0
188.502,0,1,0.0,3.6,0
188.602,0,1,0.0,3.6,0
188.602,0,1,0.0,3.6,0
188.602,0,1,0.0,3.6,0
188.702,0,1,0.0,3.6,0
188.702,0,1,0.0,3.6,0
188.702,0,1,0.0,3.6,0
188.702,0,1,0.0,3.6,0
188.802,0,1,0.0,3.6,0
188.802,0,1,0.0,3.6,0
188.802,0,1,0.0,3.6,0
188.902,0,1,0.0,3.6,0
188.902,0,1,0.0,3.6,0
188.902,0,1,0.0,3.6,0
188.902,0,1,0.0,3.6,0
189.002,0,1,0.0,3.6,0
189.002,0,1,0.0,3.6,0
189.002,0,1,0.0,3.6,0
189.102,0,1,0.0,3.6,0
189.102,0,1,0.0,3.6,0
189.102,0,1,0.0,3.6,0
189.102,0,1,0.0,3.6,0
189.202,0,1,0.0,3.6,0
189.202,0,1,0.0,3.6,0
189.202,0,1,0.0,3.6,0
189.302,0,1,0.0,3.6,0
189.302,0,1,0.0,3.6,0
189.302,0,1,0.0,3.6,0
189.302,0,1,0.0,3.6,0
189.402,0,1,0.0,3.6,0
189.402,0,1,0.0,3.6,0
189.402,0,1,0.0,3.6,0
189.402,0,1,0.0,3.6,0
189.502,0,1,0.0,3.6,0
189.502,0,1,0.0,3.6,0
189.502,0,1,0.0,3.6,0
189.602,0,1,0.0,3.6,0
189.602,0,1,0.0,3.6,0
189.602,0,1,0.0,3.6,0
189.602,0,1,0.0,3.6,0
189.702,0,1,0.0,3.6,0
189.702,0,1,0.0,3.6,0
189.702,0,1,0.0,3.6,0
189.802,0,1,0.0,3.6,0
189.802,0,1,0.0,3.6,0
189.802,0,1,0.0,3.6,0
189.802,0,1,0.0,3.6,0
189.902,0,1,0.0,3.6,0
189.902,0,1,0.0,3.6,0
189.902,0,1,0.0,3.6,0
190.002,0,1,0.0,3.6,0
190.002,0,1,0.0,3.6,0
190.002,0,1,0.0,3.6,0
190.002,0,1,0.0,3.6,0
190.102,0,1,0.0,3.6,0
190.102,0,1,0.0,3.6,0
190.102,0,1,0.0,3.6,0
190.102,0,1,0.0,3.6,0
190.202,0,1,0.0,3.6,0
190.202,0,1,0.0,3.6,0
190.202,0,1,0.0,3.6,0
190.302,0,1,0.0,3.6,0
190.302,0,1,0.0,3.6,0
190.302,0,1,0.0,3.6,0
190.302,0,1,0.0,3.6,0
190.402,0,1,0.0,3.6,0
190.402,0,1,0.0,3.6,0
190.402,0,1,0.0,3.6,0
190.502,0,1,0.0,3.6,0
190.502,0,1,0.0,3.6,0
190.502,0,1,0.0,3.6,0
190.502,0,1,0.0,3.6,0
190.602,0,1,0.0,3.6,0
190.602,0,1,0.0,3.6,0
190.602,0,1,0.0,3.6,0
190.702,0,1,0.0,3.6,0
190.702,0,1,0.0,3.6,0
190.702,0,1,0.0,3.6,0
190.702,0,1,0.0,3.6,0
190.802,0,1,0.0,3.6,0
190.802,0,1,0.0,3.6,0
190.802,0,1,0.0,3.6,0
190.802,0,1,0.0,3.6,0
190.902,0,1,0.0,3.6,0
190.902,0,1,0.0,3.6,0
190.902,0,1,0.0,3.6,0
191.002,0,1,0.0,3.6,0
191.002,0,1,0.0,3.6,0
191.002,0,1,0.0,3.6,0
191.002,0,1,0.0,3.6,0
191.102,0,1,0.0,3.6,0
191.102,0,1,0.0,3.6,0
191.102,0,1,0.0,3.6,0
191.202,0,1,0.0,3.6,0
191.202,0,1,0.0,3.6,0
191.202,0,1,0.0,3.6,0
191.202,0,1,0.0,3.6,0
191.302,0,1,0.0,3.6,0
191.302,0,1,0.0,3.6,0
191.302,0,1,0.0,3.6,0
191.402,0,1,0.0,3.6,0
191.402,0,1,0.0,3.6,0
191.402,0,1,0.0,3.6,0
191.402,0,1,0.0,3.6,0
191.502,0,1,0.0,3.6,0
191.502,0,1,0.0,3.6,0
191.502,0,1,0.0,3.6,0
191.602,0,1,0.0,3.6,0
191.602,0,1,0.0,3.6,0
191.602,0,1,0.0,3.6,0
191.602,0,1,0.0,3.6,0
191.702,0,1,0.0,3.6,0
191.702,0,1,0.0,3.6,0
191.702,0,1,0.0,3.6,0
191.702,0,1,0.0,3.6,0
191.802,0,1,0.0,3.6,0
191.802,0,1,0.0,3.6,0
191.802,0,1,0.0,3.6,0
191.902,0,1,0.0,3.6,0
191.902,0,1,0.0,3.6,0
191.902,0,1,0.0,3.6,0
191.902,0,1,0.0,3.6,0
192.002,0,1,0.0,3.6,0
192.002,0,1,0.0,3.6,0
192.002,0,1,0.0,3.6,0
192.102,0,1,0.0,3.6,0
192.102,0,1,0.0,3.6,0
192.102,0,1,0.0,3.6,0
192.102,0,1,0.0,3.6,0
192.202,0,1,0.0,3.6,0
192.202,0,1,0.0,3.6,0
192.202,0,1,0.0,3.6,0
192.302,0,1,0.0,3.6,0
192.302,0,1,0.0,3.6,0
192.302,0,1,0.0,3.6,0
192.302,0,1,0.0,3.6,0
192.402,0,1,0.0,3.6,0
192.402,0,1,0.0,3.6,0
192.402,0,1,0.0,3.6,0
192.402,0,1,0.0,3.6,0
192.502,0,1,0.0,3.6,0
192.502,0,1,0.0,3.6,0
192.502,0,1,0.0,3.6,0
192.602,0,1,0.0,3.6,0
192.602,0,1,0.0,3.6,0
192.602,0,1,0.0,3.6,0
192.602,0,1,0.0,3.6,0
192.702,0,1,0.0,3.6,0
192.702,0,1,0.0,3.6,0
192.702,0,1,0.0,3.6,0
192.802,0,1,0.0,3.6,0
192.802,0,1,0.0,3.6,0
192.802,0,1,0.0,3.6,0
192.802,0,1,0.0,3.6,0
192.902,0,1,0.0,3.6,0
192.902,0,1,0.0,3.6,0
192.902,0,1,0.0,3.6,0
193.002,0,1,0.0,3.6,0
193.002,0,1,0.0,3.6,0
193.002,0,1,0.0,3.6,0
193.002,0,1,0.0,3.6,0
193.102,0,1,0.0,3.6,0
193.102,0,1,0.0,3.6,0
193.102,0,1,0.0,3.6,0
193.202,0,1,0.0,3.6,0
193.202,0,1,0.0,3.6,0
193.202,0,1,0.0,3.6,0
193.202,0,1,0.0,3.6,0
193.302,0,1,0.0,3.6,0
193.302,0,1,0.0,3.6,0
193.302,0,1,0.0,3.6,0
193.302,0,1,0.0,3.6,0
193.402,0,1,0.0,3.6,0
193.402,0,1,0.0,3.6,0
193.402,0,1,0.0,3.6,0
193.502,0,1,0.0,3.6,0
193.502,0,1,0.0,3.6,0
193.502,0,1,0.0,3.6,0
193.502,0,1,0.0,3.6,0
193.602,0,1,0.0,3.6,0
193.602,0,1,0.0,3.6,0
193.602,0,1,0.0,3.6,0
193.702,0,1,0.0,3.6,0
193.702,0,1,0.0,3.6,0
193.702,0,1,0.0,3.6,0
193.702,0,1,0.0,3.6,0
193.802,0,1,0.0,3.6,0
193.802,0,1,0.0,3.6,0
193.802,0,1,0.0,3.6,0
193.902,0,1,0.0,3.6,0
193.902,0,1,0.0,3.6,0
193.902,0,1,0.0,3.6,0
193.902,0,1,0.0,3.6,0
194.002,0,1,0.0,3.6,0
194.002,0,1,0.0,3.6,0
194.002,0,1,0.0,3.6,0
194.002,0,1,0.0,3.6,0
194.102,0,1,0.0,3.6,0
194.102,0,1,0.0,3.6,0
194.102,0,1,0.0,3.6,0
194.202,0,1,0.0,3.6,0
194.202,0,1,0.0,3.6,0
194.202,0,1,0.0,3.6,0
194.202,0,1,0.0,3.6,0
194.302,0,1,0.0,3.6,0
194.302,0,1,0.0,3.6,0
194.302,0,1,0.0,3.6,0
194.402,0,1,0.0,3.6,0
194.402,0,1,0.0,3.6,0
194.402,0,1,0.0,3.6,0
194.402,0,1,0.0,3.6,0
194.502,0,1,0.0,3.6,0
194.502,0,1,0.0,3.6,0
194.502,0,1,0.0,3.6,0
194.602,0,1,0.0,3.6,0
194.602,0,1,0.0,3.6,0
194.602,0,1,0.0,3.6,0
194.602,0,1,0.0,3.6,0
194.702,0,1,0.0,3.6,0
194.702,0,1,0.0,3.6,0
194.702,0,1,0.0,3.6,0
194.802,0,1,0.0,3.6,0
194.802,0,1,0.0,3.6,0
194.802,0,1,0.0,3.6,0
194.802,0,1,0.0,3.6,0
194.902,0,1,0.0,3.6,0
194.902,0,1,0.0,3.6,0
194.902,0,1,0.0,3.6,0
194.902,0,1,0.0,3.6,0
195.002,0,1,0.0,3.6,0
195.002,0,1,0.0,3.6,0
195.002,0,1,0.0,3.6,0
195.102,0,1,0.0,3.6,0
195.102,0,1,0.0,3.6,0
195.102,0,1,0.0,3.6,0
195.102,0,1,0.0,3.6,0
195.202,0,1,0.0,3.6,0
195.202,0,1,0.0,3.6,0
195.202,0,1,0.0,3.6,0
195.302,0,1,0.0,3.6,0
195.302,0,1,0.0,3.6,0
195.302,0,1,0.0,3.6,0
195.302,0,1,0.0,3.6,0
195.402,0,1,0.0,3.6,0
195.402,0,1,0.0,3.6,0
195.402,0,1,0.0,3.6,0
195.502,0,1,0.0,3.6,0
195.502,0,1,0.0,3.6,0
195.502,0,1,0.0,3.6,0
195.502,0,1,0.0,3.6,0
195.602,0,1,0.0,3.6,0
195.602,0,1,0.0,3.6,0
195.602,0,1,0.0,3.6,0
195.602,0,1,0.0,3.6,0
195.702,0,1,0.0,3.6,0
195.702,0,1,0.0,3.6,0
195.702,0,1,0.0,3.6,0
195.802,0,1,0.0,3.6,0
195.802,0,1,0.0,3.6,0
195.802,0,1,0.0,3.6,0
195.802,0,1,0.0,3.6,0
195.902,0,1,0.0,3.6,0
195.902,0,1,0.0,3.6,0
195.902,0,1,0.0,3.6,0
196.002,0,1,0.0,3.6,0
196.002,0,1,0.0,3.6,0
196.002,0,1,0.0,3.6,0
196.002,0,1,0.0,3.6,0
196.102,0,1,0.0,3.6,0
196.102,0,1,0.0,3.6,0
196.102,0,1,0.0,3.6,0
196.202,0,1,0.0,3.6,0
196.202,0,1,0.0,3.6,0
196.202,0,1,0.0,3.6,0
196.202,0,1,0.0,3.6,0
196.302,0,1,0.0,3.6,0
196.302,0,1,0.0,3.6,0
196.302,0,1,0.0,3.6,0
196.302,0,1,0.0,3.6,0
196.402,0,1,0.0,3.6,0
196.402,0,1,0.0,3.6,0
196.402,0,1,0.0,3.6,0
196.502,0,1,0.0,3.6,0
196.502,0,1,0.0,3.6,0
196.502,0,1,0.0,3.6,0
196.502,0,1,0.0,3.6,0
196.602,0,1,0.0,3.6,0
196.602,0,1,0.0,3.6,0
196.602,0,1,0.0,3.6,0
196.702,0,1,0.0,3.6,0
196.702,0,1,0.0,3.6,0
196.702,0,1,0.0,3.6,0
196.702,0,1,0.0,3.6,0
196.802,0,1,0.0,3.6,0
196.802,0,1,0.0,3.6,0
196.802,0,1,0.0,3.6,0
196.902,0,1,0.0,3.6,0
196.902,0,1,0.0,3.6,0
196.902,0,1,0.0,3.6,0
196.902,0,1,0.0,3.6,0
197.002,0,1,0.0,3.6,0
197.002,0,1,0.0,3.6,0
197.002,0,1,0.0,3.6,0
197.102,0,1,0.0,3.6,0
197.102,0,1,0.0,3.6,0
197.102,0,1,0.0,3.6,0
197.102,0,1,0.0,3.6,0
197.202,0,1,0.0,3.6,0
197.202,0,1,0.0,3.6,0
197.202,0,1,0.0,3.6,0
197.202,0,1,0.0,3.6,0
197.302,0,1,0.0,3.6,0
197.302,0,1,0.0,3.6,0
197.302,0,1,0.0,3.6,0
197.402,0,1,0.0,3.6,0
197.402,0,1,0.0,3.6,0
197.402,0,1,0.0,3.6,0
197.402,0,1,0.0,3.6,0
197.502,0,1,0.0,3.6,0
197.502,0,1,0.0,3.6,0
197.502,0,1,0.0,3.6,0
197.602,0,1,0.0,3.6,0
197.602,0,1,0.0,3.6,0
197.602,0,1,0.0,3.6,0
197.602,0,1,0.0,3.6,0
197.702,0,1,0.0,3.6,0
197.702,0,1,0.0,3.6,0
197.702,0,1,0.0,3.6,0
197.802,0,1,0.0,3.6,0
197.802,0,1,0.0,3.6,0
197.802,0,1,0.0,3.6,0
197.802,0,1,0.0,3.6,0
197.902,0,1,0.0,3.6,0
197.902,0,1,0.0,3.6,0
197.902,0,1,0.0,3.6,0
197.902,0,1,0.0,3.6,0
198.002,0,1,0.0,3.6,0
198.002,0,1,0.0,3.6,0
198.002,0,1,0.0,3.6,0
198.102,0,1,0.0,3.6,0
198.102,0,1,0.0,3.6,0
198.102,0,1,0.0,3.6,0
198.102,0,1,0.0,3.6,0
198.202,0,1,0.0,3.6,0
198.202,0,1,0.0,3.6,0
198.202,0,1,0.0,3.6,0
198.302,0,1,0.0,3.6,0
198.302,0,1,0.0,3.6,0
198.302,0,1,0.0,3.6,0
198.302,0,1,0.0,3.6,0
198.402,0,1,0.0,3.6,0
198.402,0,1,0.0,3.6,0
198.402,0,1,0.0,3.6,0
198.502,0,1,0.0,3.6,0
198.502,0,1,0.0,3.6,0
198.502,0,1,0.0,3.6,0
198.502,0,1,0.0,3.6,0
198.602,0,1,0.0,3.6,0
198.602,0,1,0.0,3.6,0
198.602,0,1,0.0,3.6,0
198.602,0,1,0.0,3.6,0
198.702,0,1,0.0,3.6,0
198.702,0,1,0.0,3.6,0
198.702,0,1,0.0,3.6,0
198.802,0,1,0.0,3.6,0
198.802,0,1,0.0,3.6,0
198.802,0,1,0.0,3.6,0
198.802,0,1,0.0,3.6,0
198.902,0,1,0.0,3.6,0
198.902,0,1,0.0,3.6,0
198.902,0,1,0.0,3.6,0
199.002,0,1,0.0,3.6,0
199.002,0,1,0.0,3.6,0
199.002,0,1,0.0,3.6,0
199.002,0,1,0.0,3.6,0
199.102,0,1,0.0,3.6,0
199.102,0,1,0.0,3.6,0
199.102,0,1,0.0,3.6,0
199.202,0,1,0.0,3.6,0
199.202,0,1,0.0,3.6,0
199.202,0,1,0.0,3.6,0
199.202,0,1,0.0,3.6,0
199.302,0,1,0.0,3.6,0
199.302,0,1,0.0,3.6,0
199.302,0,1,0.0,3.6,0
199.302,0,1,0.0,3.6,0
199.402,0,1,0.0,3.6,0
199.402,0,1,0.0,3.6,0
199.402,0,1,0.0,3.6,0
199.502,0,1,0.0,3.6,0
199.502,0,1,0.0,3.6,0
199.502,0,1,0.0,3.6,0
199.502,0,1,0.0,3.6,0
199.602,0,1,0.0,3.6,0
199.602,0,1,0.0,3.6,0
199.602,0,1,0.0,3.6,0
199.702,0,1,0.0,3.6,0
199.702,0,1,0.0,3.6,0
199.702,0,1,0.0,3.6,0
199.702,0,1,0.0,3.6,0
199.802,0,1,0.0,3.6,0
199.802,0,1,0.0,3.6,0
199.802,0,1,0.0,3.6,0
199.902,0,1,0.0,3.6,0
199.902,0,1,0.0,3.6,0
199.902,0,1,0.0,3.6,0
199.902,0,1,0.0,3.6,0
200.002,0,1,0.0,3.6,0
200.002,0,1,0.0,3.6,0
200.002,0,1,0.0,3.6,0
200.102,0,1,0.0,3.6,0
200.102,0,1,0.0,3.6,0
200.102,0,1,0.0,3.6,0
200.102,0,1,0.0,3.6,0
200.202,0,1,0.0,3.6,0
200.202,0,1,0.0,3.6,0
200.202,0,1,0.0,3.6,0
200.202,0,1,0.0,3.6,0
200.302,0,1,0.0,3.6,0
200.302,0,1,0.0,3.6,0
200.302,0,1,0.0,3.6,0
200.402,0,1,0.0,3.6,0
200.402,0,1,0.0,3.6,0
200.402,0,1,0.0,3.6,0
200.402,0,1,0.0,3.6,0
200.502,0,1,0.0,3.6,0
200.502,0,1,0.0,3.6,0
200.502,0,1,0.0,3.6,0
200.602,0,1,0.0,3.6,0
200.602,0,1,0.0,3.6,0
200.602,0,1,0.0,3.6,0
200.602,0,1,0.0,3.6,0
200.702,0,1,0.0,3.6,0
200.702,0,1,0.0,3.6,0
200.702,0,1,0.0,3.6,0
200.802,0,1,0.0,3.6,0
200.802,0,1,0.0,3.6,0
200.802,0,1,0.0,3.6,0
200.802,0,1,0.0,3.6,0
200.902,0,1,0.0,3.6,0
200.902,0,1,0.0,3.6,0
200.902,0,1,0.0,3.6,0
200.902,0,1,0.0,3.6,0
201.002,0,1,0.0,3.6,0
201.002,0,1,0.0,3.6,0
201.002,0,1,0.0,3.6,0
201.102,0,1,0.0,3.6,0
201.102,0,1,0.0,3.6,0
201.102,0,1,0.0,3.6,0
201.102,0,1,0.0,3.6,0
201.202,0,1,0.0,3.6,0
201.202,0,1,0.0,3.6,0
201.202,0,1,0.0,3.6,0
201.302,0,1,0.0,3.6,0
201.302,0,1,0.0,3.6,0
201.302,0,1,0.0,3.6,0
201.302,0,1,0.0,3.6,0
201.402,0,1,0.0,3.6,0
201.402,0,1,0.0,3.6,0
201.402,0,1,0.0,3.6,0
201.502,0,1,0.0,3.6,0
201.502,0,1,0.0,3.6,0
201.502,0,1,0.0,3.6,0
201.502,0,1,0.0,3.6,0
201.602,0,1,0.0,3.6,0
201.602,0,1,0.0,3.6,0
201.602,0,1,0.0,3.6,0
201.602,0,1,0.0,3.6,0
201.702,0,1,0.0,3.6,0
201.702,0,1,0.0,3.6,0
201.702,0,1,0.0,3.6,0
201.802,0,1,0.0,3.6,0
201.802,0,1,0.0,3.6,0
201.802,0,1,0.0,3.6,0
201.802,0,1,0.0,3.6,0
201.902,0,1,0.0,3.6,0
201.902,0,1,0.0,3.6,0
201.902,0,1,0.0,3.6,0
202.002,0,1,0.0,3.6,0
202.002,0,1,0.0,3.6,0
202.002,0,1,0.0,3.6,0
202.002,0,1,0.0,3.6,0
202.102,0,1,0.0,3.6,0
202.102,0,1,0.0,3.6,0
202.102,0,1,0.0,3.6,0
202.202,0,1,0.0,3.6,0
202.202,0,1,0.0,3.6,0
202.202,0,1,0.0,3.6,0
202.202,0,1,0.0,3.6,0
202.302,0,1,0.0,3.6,0
202.302,0,1,0.0,3.6,0
202.302,0,1,0.0,3.6,0
202.402,0,1,0.0,3.6,0
202.402,0,1,0.0,3.6,0
202.402,0,1,0.0,3.6,0
202.402,0,1,0.0,3.6,0
202.502,0,1,0.0,3.6,0
202.502,0,1,0.0,3.6,0
202.502,0,1,0.0,3.6,0
202.502,0,1,0.0,3.6,0
202.602,0,1,0.0,3.6,0
202.602,0,1,0.0,3.6,0
202.602,0,1,0.0,3.6,0
202.702,0,1,0.0,3.6,0
202.702,0,1,0.0,3.6,0
202.702,0,1,0.0,3.6,0
202.702,0,1,0.0,3.6,0
202.802,0,1,0.0,3.6,0
202.802,0,1,0.0,3.6,0
202.802,0,1,0.0,3.6,0
202.902,0,1,0.0,3.6,0
202.902,0,1,0.0,3.6,0
202.902,0,1,0.0,3.6,0
202.902,0,1,0.0,3.6,0
203.002,0,1,0.0,3.6,0
203.002,0,1,0.0,3.6,0
203.002,0,1,0.0,3.6,0
203.102,0,1,0.0,3.6,0
203.102,0,1,0.0,3.6,0
203.102,0,1,0.0,3.6,0
203.102,0,1,0.0,3.6,0
203.202,0,1,0.0,3.6,0
203.202,0,1,0.0,3.6,0
203.202,0,1,0.0,3.6,0
203.202,0,1,0.0,3.6,0
203.302,0,1,0.0,3.6,0
203.302,0,1,0.0,3.6,0
203.302,0,1,0.0,3.6,0
203.402,0,1,0.0,3.6,0
203.402,0,1,0.0,3.6,0
203.402,0,1,0.0,3.6,0
203.402,0,1,0.0,3.6,0
203.502,0,1,0.0,3.6,0
203.502,0,1,0.0,3.6,0
203.502,0,1,0.0,3.6,0
203.602,0,1,0.0,3.6,0
203.602,0,1,0.0,3.6,0
203.602,0,1,0.0,3.6,0
203.602,0,1,0.0,3.6,0
203.702,0,1,0.0,3.6,0
203.702,0,1,0.0,3.6,0
203.702,0,1,0.0,3.6,0
203.802,0,1,0.0,3.6,0
203.802,0,1,0.0,3.6,0
203.802,0,1,0.0,3.6,0
203.802,0,1,0.0,3.6,0
203.902,0,1,0.0,3.6,0
203.902,0,1,0.0,3.6,0
203.902,0,1,0.0,3.6,0
204.002,0,1,0.0,3.6,0
204.002,0,1,0.0,3.6,0
204.002,0,1,0.0,3.6,0
204.002,0,1,0.0,3.6,0
204.102,0,1,0.0,3.6,0
204.102,0,1,0.0,3.6,0
204.102,0,1,0.0,3.6,0
204.102,0,1,0.0,3.6,0
204.202,0,1,0.0,3.6,0
204.202,0,1,0.0,3.6,0
204.202,0,1,0.0,3.6,0
204.302,0,1,0.0,3.6,0
204.302,0,1,0.0,3.6,0
204.302,0,1,0.0,3.6,0
204.302,0,1,0.0,3.6,0
204.402,0,1,0.0,3.6,0
204.402,0,1,0.0,3.6,0
204.402,0,1,0.0,3.6,0
204.502,0,1,0.0,3.6,0
204.502,0,1,0.0,3.6,0
204.502,0,1,0.0,3.6,0
204.502,0,1,0.0,3.6,0
204.602,0,1,0.0,3.6,0
204.602,0,1,0.0,3.6,0
204.602,0,1,0.0,3.6,0
204.702,0,1,0.0,3.6,0
204.702,0,1,0.0,3.6,0
204.702,0,1,0.0,3.6,0
204.702,0,1,0.0,3.6,0
204.802,0,1,0.0,3.6,0
204.802,0,1,0.0,3.6,0
204.802,0,1,0.0,3.6,0
204.802,0,1,0.0,3.6,0
204.902,0,1,0.0,3.6,0
204.902,0,1,0.0,3.6,0
204.902,0,1,0.0,3.6,0
205.002,0,1,0.0,3.6,0
205.002,0,1,0.0,3.6,0
205.002,0,1,0.0,3.6,0
205.002,0,1,0.0,3.6,0
205.102,0,1,0.0,3.6,0
205.102,0,1,0.0,3.6,0
205.102,0,1,0.0,3.6,0
205.202,0,1,0.0,3.6,0
205.202,0,1,0.0,3.6,0
205.202,0,1,0.0,3.6,0
205.202,0,1,0.0,3.6,0
205.302,0,1,0.0,3.6,0
205.302,0,1,0.0,3.6,0
205.302,0,1,0.0,3.6,0
205.402,0,1,0.0,3.6,0
205.402,0,1,0.0,3.6,0
205.402,0,1,0.0,3.6,0
205.402,0,1,0.0,3.6,0
205.502,0,1,0.0,3.6,0
205.502,0,1,0.0,3.6,0
205.502,0,1,0.0,3.6,0
205.502,0,1,0.0,3.6,0
205.602,0,1,0.0,3.6,0
205.602,0,1,0.0,3.6,0
205.602,0,1,0.0,3.6,0
205.702,0,1,0.0,3.6,0
205.702,0,1,0.0,3.6,0
205.702,0,1,0.0,3.6,0
205.702,0,1,0.0,3.6,0
205.802,0,1,0.0,3.6,0
205.802,0,1,0.0,3.6,0
205.802,0,1,0.0,3.6,0
205.902,0,1,0.0,3.6,0
205.902,0,1,0.0,3.6,0
205.902,0,1,0.0,3.6,0
205.902,0,1,0.0,3.6,0
206.002,0,1,0.0,3.6,0
206.002,0,1,0.0,3.6,0
206.002,0,1,0.0,3.6,0
206.102,0,1,0.0,3.6,0
206.102,0,1,0.0,3.6,0
206.102,0,1,0.0,3.6,0
206.102,0,1,0.0,3.6,0
206.202,0,1,0.0,3.6,0
206.202,0,1,0.0,3.6,0
206.202,0,1,0.0,3.6,0
206.302,0,1,0.0,3.6,0
206.302,0,1,0.0,3.6,0
206.302,0,1,0.0,3.6,0
206.302,0,1,0.0,3.6,0
206.402,0,1,0.0,3.6,0
206.402,0,1,0.0,3.6,0
206.402,0,1,0.0,3.6,0
206.402,0,1,0.0,3.6,0
206.502,0,1,0.0,3.6,0
206.502,0,1,0.0,3.6,0
206.502,0,1,0.0,3.6,0
206.602,0,1,0.0,3.6,0
206.602,0,1,0.0,3.6,0
206.602,0,1,0.0,3.6,0
206.602,0,1,0.0,3.6,0
206.702,0,1,0.0,3.6,0
206.702,0,1,0.0,3.6,0
206.702,0,1,0.0,3.6,0
206.802,0,1,0.0,3.6,0
206.802,0,1,0.0,3.6,0
206.802,0,1,0.0,3.6,0
206.802,0,1,0.0,3.6,0
206.902,0,1,0.0,3.6,0
206.902,0,1,0.0,3.6,0
206.902,0,1,0.0,3.6,0
207.002,0,1,0.0,3.6,0
207.002,0,1,0.0,3.6,0
207.002,0,1,0.0,3.6,0
207.002,0,1,0.0,3.6,0
207.102,0,1,0.0,3.6,0
207.102,0,1,0.0,3.6,0
207.102,0,1,0.0,3.6,0
207.102,0,1,0.0,3.6,0
207.202,0,1,0.0,3.6,0
207.202,0,1,0.0,3.6,0
207.202,0,1,0.0,3.6,0
207.302,0,1,0.0,3.6,0
207.302,0,1,0.0,3.6,0
207.302,0,1,0.0,3.6,0
207.302,0,1,0.0,3.6,0
207.402,0,1,0.0,3.6,0
207.402,0,1,0.0,3.6,0
207.402,0,1,0.0,3.6,0
207.502,0,1,0.0,3.6,0
207.502,0,1,0.0,3.6,0
207.502,0,1,0.0,3.6,0
207.502,0,1,0.0,3.6,0
207.602,0,1,0.0,3.6,0
207.602,0,1,0.0,3.6,0
207.602,0,1,0.0,3.6,0
207.702,0,1,0.0,3.6,0
207.702,0,1,0.0,3.6,0
207.702,0,1,0.0,3.6,0
207.702,0,1,0.0,3.6,0
207.802,0,1,0.0,3.6,0
207.802,0,1,0.0,3.6,0
207.802,0,1,0.0,3.6,0
207.802,0,1,0.0,3.6,0
207.902,0,1,0.0,3.6,0
207.902,0,1,0.0,3.6,0
207.902,0,1,0.0,3.6,0
208.002,0,1,0.0,3.6,0
208.002,0,1,0.0,3.6,0
208.002,0,1,0.0,3.6,0
208.002,0,1,0.0,3.6,0
208.102,0,1,0.0,3.6,0
208.102,0,1,0.0,3.6,0
208.102,0,1,0.0,3.6,0
208.202,0,1,0.0,3.6,0
208.202,0,1,0.0,3.6,0
208.202,0,1,0.0,3.6,0
208.202,0,1,0.0,3.6,0
208.302,0,1,0.0,3.6,0
208.302,0,1,0.0,3.6,0
208.302,0,1,0.0,3.6,0
208.402,0,1,0.0,3.6,0
208.402,0,1,0.0,3.6,0
208.402,0,1,0.0,3.6,0
208.402,0,1,0.0,3.6,0
208.502,0,1,0.0,3.6,0
208.502,0,1,0.0,3.6,0
208.502,0,1,0.0,3.6,0
208.602,0,1,0.0,3.6,0
208.602,0,1,0.0,3.6,0
208.602,0,1,0.0,3.6,0
208.602,0,1,0.0,3.6,0
208.702,0,1,0.0,3.6,0
208.702,0,1,0.0,3.6,0
208.702,0,1,0.0,3.6,0
208.702,0,1,0.0,3.6,0
208.802,0,1,0.0,3.6,0
208.802,0,1,0.0,3.6,0
208.802,0,1,0.0,3.6,0
208.902,0,1,0.0,3.6,0
208.902,0,1,0.0,3.6,0
208.902,0,1,0.0,3.6,0
208.902,0,1,0.0,3.6,0
209.002,0,1,0.0,3.6,0
209.002,0,1,0.0,3.6,0
209.002,0,1,0.0,3.6,0
209.102,0,1,0.0,3.6,0
209.102,0,1,0.0,3.6,0
209.102,0,1,0.0,3.6,0
209.102,0,1,0.0,3.6,0
209.202,0,1,0.0,3.6,0
209.202,0,1,0.0,3.6,0
209.202,0,1,0.0,3.6,0
209.302,0,1,0.0,3.6,0
209.302,0,1,0.0,3.6,0
209.302,0,1,0.0,3.6,0
209.302,0,1,0.0,3.6,0
209.402,0,1,0.0,3.6,0
209.402,0,1,0.0,3.6,0
209.402,0,1,0.0,3.6,0
209.402,0,1,0.0,3.6,0
209.502,0,1,0.0,3.6,0
209.502,0,1,0.0,3.6,0
209.502,0,1,0.0,3.6,0
209.602,0,1,0.0,3.6,0
209.602,0,1,0.0,3.6,0
209.602,0,1,0.0,3.6,0
209.602,0,1,0.0,3.6,0
209.702,0,1,0.0,3.6,0
209.702,0,1,0.0,3.6,0
209.702,0,1,0.0,3.6,0
209.802,0,1,0.0,3.6,0
209.802,0,1,0.0,3.6,0
209.802,0,1,0.0,3.6,0
209.802,0,1,0.0,3.6,0
209.902,0,1,0.0,3.6,0
209.902,0,1,0.0,3.6,0
209.902,0,1,0.0,3.6,0
210.002,0,1,0.0,3.6,0
210.002,0,1,0.0,3.6,0
210.002,0,1,0.0,3.6,0
210.002,0,1,0.0,3.6,0
210.102,0,1,0.0,3.6,0
210.102,0,1,0.0,3.6,0
210.102,0,1,0.0,3.6,0
210.202,0,1,0.0,3.6,0
210.202,0,1,0.0,3.6,0
210.202,0,1,0.0,3.6,0
210.202,0,1,0.0,3.6,0
210.302,0,1,0.0,3.6,0
210.302,0,1,0.0,3.6,0
210.302,0,1,0.0,3.6,0
210.302,0,1,0.0,3.6,0
210.402,0,1,0.0,3.6,0
210.402,0,1,0.0,3.6,0
210.402,0,1,0.0,3.6,0
210.502,0,1,0.0,3.6,0
210.502,0,1,0.0,3.6,0
210.502,0,1,0.0,3.6,0
210.502,0,1,0.0,3.6,0
210.602,0,1,0.0,3.6,0
210.602,0,1,0.0,3.6,0
210.602,0,1,0.0,3.6,0
210.702,0,1,0.0,3.6,0
210.702,0,1,0.0,3.6,0
210.702,0,1,0.0,3.6,0
210.702,0,1,0.0,3.6,0
210.802,0,1,0.0,3.6,0
210.802,0,1,0.0,3.6,0
210.802,0,1,0.0,3.6,0
210.902,0,1,0.0,3.6,0
210.902,0,1,0.0,3.6,0
210.902,0,1,0.0,3.6,0
210.902,0,1,0.0,3.6,0
211.002,0,1,0.0,3.6,0
211.002,0,1,0.0,3.6,0
211.002,0,1,0.0,3.6,0
211.002,0,1,0.0,3.6,0
211.102,0,1,0.0,3.6,0
211.102,0,1,0.0,3.6,0
211.102,0,1,0.0,3.6,0
211.202,0,1,0.0,3.6,0
211.202,0,1,0.0,3.6,0
211.202,0,1,0.0,3.6,0
211.202,0,1,0.0,3.6,0
211.302,0,1,0.0,3.6,0
211.302,0,1,0.0,3.6,0
211.302,0,1,0.0,3.6,0
211.402,0,1,0.0,3.6,0
211.402,0,1,0.0,3.6,0
211.402,0,1,0.0,3.6,0
211.402,0,1,0.0,3.6,0
211.502,0,1,0.0,3.6,0
211.502,0,1,0.0,3.6,0
211.502,0,1,0.0,3.6,0
211.602,0,1,0.0,3.6,0
211.602,0,1,0.0,3.6,0
211.602,0,1,0.0,3.6,0
211.602,0,1,0.0,3.6,0
211.702,0,1,0.0,3.6,0
211.702,0,1,0.0,3.6,0
211.702,0,1,0.0,3.6,0
211.702,0,1,0.0,3.6,0
211.802,0,1,0.0,3.6,0
211.802,0,1,0.0,3.6,0
211.802,0,1,0.0,3.6,0
211.902,0,1,0.0,3.6,0
211.902,0,1,0.0,3.6,0
211.902,0,1,0.0,3.6,0
211.902,0,1,0.0,3.6,0
212.002,0,1,0.0,3.6,0
212.002,0,1,0.0,3.6,0
212.002,0,1,0.0,3.6,0
212.102,0,1,0.0,3.6,0
212.102,0,1,0.0,3.6,0
212.102,0,1,0.0,3.6,0
212.102,0,1,0.0,3.6,0
212.202,0,1,0.0,3.6,0
212.202,0,1,0.0,3.6,0
212.202,0,1,0.0,3.6,0
212.302,0,1,0.0,3.6,0
212.302,0,1,0.0,3.6,0
212.302,0,1,0.0,3.6,0
212.302,0,1,0.0,3.6,0
212.402,0,1,0.0,3.6,0
212.402,0,1,0.0,3.6,0
212.402,0,1,0.0,3.6,0
212.502,0,1,0.0,3.6,0
212.502,0,1,0.0,3.6,0
212.502,0,1,0.0,3.6,0
212.502,0,1,0.0,3.6,0
212.602,0,1,0.0,3.6,0
212.602,0,1,0.0,3.6,0
212.602,0,1,0.0,3.6,0
212.602,0,1,0.0,3.6,0
212.702,0,1,0.0,3.6,0
212.702,0,1,0.0,3.6,0
212.702,0,1,0.0,3.6,0
212.802,0,1,0.0,3.6,0
212.802,0,1,0.0,3.6,0
212.802,0,1,0.0,3.6,0
212.802,0,1,0.0,3.6,0
212.902,0,1,0.0,3.6,0
212.902,0,1,0.0,3.6,0
212.902,0,1,0.0,3.6,0
213.002,0,1,0.0,3.6,0
213.002,0,1,0.0,3.6,0
213.002,0,1,0.0,3.6,0
213.002,0,1,0.0,3.6,0
213.102,0,1,0.0,3.6,0
213.102,0,1,0.0,3.6,0
213.102,0,1,0.0,3.6,0
213.202,0,1,0.0,3.6,0
213.202,0,1,0.0,3.6,0
213.202,0,1,0.0,3.6,0
213.202,0,1,0.0,3.6,0
213.302,0,1,0.0,3.6,0
213.302,0,1,0.0,3.6,0
213.302,0,1,0.0,3.6,0
213.302,0,1,0.0,3.6,0
213.402,0,1,0.0,3.6,0
213.402,0,1,0.0,3.6,0
213.402,0,1,0.0,3.6,0
213.502,0,1,0.0,3.6,0
213.502,0,1,0.0,3.6,0
213.502,0,1,0.0,3.6,0
213.502,0,1,0.0,3.6,0
213.602,0,1,0.0,3.6,0
213.602,0,1,0.0,3.6,0
213.602,0,1,0.0,3.6,0
213.702,0,1,0.0,3.6,0
213.702,0,1,0.0,3.6,0
213.702,0,1,0.0,3.6,0
213.702,0,1,0.0,3.6,0
213.802,0,1,0.0,3.6,0
213.802,0,1,0.0,3.6,0
213.802,0,1,0.0,3.6,0
213.902,0,1,0.0,3.6,0
213.902,0,1,0.0,3.6,0
213.902,0,1,0.0,3.6,0
213.902,0,1,0.0,3.6,0
214.002,0,1,0.0,3.6,0
214.002,0,1,0.0,3.6,0
214.002,0,1,0.0,3.6,0
214.002,0,1,0.0,3.6,0
214.102,0,1,0.0,3.6,0
214.102,0,1,0.0,3.6,0
214.102,0,1,0.0,3.6,0
214.202,0,1,0.0,3.6,0
214.202,0,1,0.0,3.6,0
214.202,0,1,0.0,3.6,0
214.202,0,1,0.0,3.6,0
214.302,0,1,0.0,3.6,0
214.302,0,1,0.0,3.6,0
214.302,0,1,0.0,3.6,0
214.402,0,1,0.0,3.6,0
214.402,0,1,0.0,3.6,0
214.402,0,1,0.0,3.6,0
214.402,0,1,0.0,3.6,0
214.502,0,1,0.0,3.6,0
214.502,0,1,0.0,3.6,0
214.502,0,1,0.0,3.6,0
214.602,0,1,0.0,3.6,0
214.602,0,1,0.0,3.6,0
214.602,0,1,0.0,3.6,0
214.602,0,1,0.0,3.6,0
214.702,0,1,0.0,3.6,0
214.702,0,1,0.0,3.6,0
214.702,0,1,0.0,3.6,0
214.802,0,1,0.0,3.6,0
214.802,0,1,0.0,3.6,0
214.802,0,1,0.0,3.6,0
214.802,0,1,0.0,3.6,0
214.902,0,1,0.0,3.6,0
214.902,0,1,0.0,3.6,0
214.902,0,1,0.0,3.6,0
214.902,0,1,0.0,3.6,0
215.002,0,1,0.0,3.6,0
215.002,0,1,0.0,3.6,0
215.002,0,1,0.0,3.6,0
215.102,0,1,0.0,3.6,0
215.102,0,1,0.0,3.6,0
215.102,0,1,0.0,3.6,0
215.102,0,1,0.0,3.6,0
215.202,0,1,0.0,3.6,0
215.202,0,1,0.0,3.6,0
215.202,0,1,0.0,3.6,0
215.302,0,1,0.0,3.6,0
215.302,0,1,0.0,3.6,0
215.302,0,1,0.0,3.6,0
215.302,0,1,0.0,3.6,0
215.402,0,1,0.0,3.6,0
215.402,0,1,0.0,3.6,0
215.402,0,1,0.0,3.6,0
215.502,0,1,0.0,3.6,0
215.502,0,1,0.0,3.6,0
215.502,0,1,0.0,3.6,0
215.502,0,1,0.0,3.6,0
215.602,0,1,0.0,3.6,0
215.602,0,1,0.0,3.6,0
215.602,0,1,0.0,3.6,0
215.602,0,1,0.0,3.6,0
215.702,0,1,0.0,3.6,0
215.702,0,1,0.0,3.6,0
215.702,0,1,0.0,3.6,0
215.802,0,1,0.0,3.6,0
215.802,0,1,0.0,3.6,0
215.802,0,1,0.0,3.6,0
215.802,0,1,0.0,3.6,0
215.902,0,1,0.0,3.6,0
215.902,0,1,0.0,3.6,0
215.902,0,1,0.0,3.6,0
216.002,0,1,0.0,3.6,0
216.002,0,1,0.0,3.6,0
216.002,0,1,0.0,3.6,0
216.002,0,1,0.0,3.6,0
216.102,0,1,0.0,3.6,0
216.102,0,1,0.0,3.6,0
216.102,0,1,0.0,3.6,0
216.202,0,1,0.0,3.6,0
216.202,0,1,0.0,3.6,0
216.202,0,1,0.0,3.6,0
216.202,0,1,0.0,3.6,0
216.302,0,1,0.0,3.6,0
216.302,0,1,0.0,3.6,0
216.302,0,1,0.0,3.6,0
216.402,0,1,0.0,3.6,0
216.402,0,1,0.0,3.6,0
216.402,0,1,0.0,3.6,0
216.402,0,1,0.0,3.6,0
216.502,0,1,0.0,3.6,0
216.502,0,1,0.0,3.6,0
216.502,0,1,0.0,3.6,0
216.502,0,1,0.0,3.6,0
216.602,0,1,0.0,3.6,0
216.602,0,1,0.0,3.6,0
216.602,0,1,0.0,3.6,0
216.702,0,1,0.0,3.6,0
216.702,0,1,0.0,3.6,0
216.702,0,1,0.0,3.6,0
216.702,0,1,0.0,3.6,0
216.802,0,1,0.0,3.6,0
216.802,0,1,0.0,3.6,0
216.802,0,1,0.0,3.6,0
216.902,0,1,0.0,3.6,0
216.902,0,1,0.0,3.6,0
216.902,0,1,0.0,3.6,0
216.902,0,1,0.0,3.6,0
217.002,0,1,0.0,3.6,0
217.002,0,1,0.0,3.6,0
217.002,0,1,0.0,3.6,0
217.102,0,1,0.0,3.6,0
217.102,0,1,0.0,3.6,0
217.102,0,1,0.0,3.6,0
217.102,0,1,0.0,3.6,0
217.202,0,1,0.0,3.6,0
217.202,0,1,0.0,3.6,0
217.202,0,1,0.0,3.6,0
217.202,0,1,0.0,3.6,0
217.302,0,1,0.0,3.6,0
217.302,0,1,0.0,3.6,0
217.302,0,1,0.0,3.6,0
217.402,0,1,0.0,3.6,0
217.402,0,1,0.0,3.6,0
217.402,0,1,0.0,3.6,0
217.402,0,1,0.0,3.6,0
217.502,0,1,0.0,3.6,0
217.502,0,1,0.0,3.6,0
217.502,0,1,0.0,3.6,0
217.602,0,1,0.0,3.6,0
217.602,0,1,0.0,3.6,0
217.602,0,1,0.0,3.6,0
217.602,0,1,0.0,3.6,0
217.702,0,1,0.0,3.6,0
217.702,0,1,0.0,3.6,0
217.702,0,1,0.0,3.6,0
217.802,0,1,0.0,3.6,0
217.802,0,1,0.0,3.6,0
217.802,0,1,0.0,3.6,0
217.802,0,1,0.0,3.6,0
217.902,0,1,0.0,3.6,0
217.902,0,1,0.0,3.6,0
217.902,0,1,0.0,3.6,0
217.902,0,1,0.0,3.6,0
218.002,0,1,0.0,3.6,0
218.002,0,1,0.0,3.6,0
218.002,0,1,0.0,3.6,0
218.102,0,1,0.0,3.6,0
218.102,0,1,0.0,3.6,0
218.102,0,1,0.0,3.6,0
218.102,0,1,0.0,3.6,0
218.202,0,1,0.0,3.6,0
218.202,0,1,0.0,3.6,0
218.202,0,1,0.0,3.6,0
218.302,0,1,0.0,3.6,0
218.302,0,1,0.0,3.6,0
218.302,0,1,0.0,3.6,0
218.302,0,1,0.0,3.6,0
218.402,0,1,0.0,3.6,0
218.402,0,1,0.0,3.6,0
218.402,0,1,0.0,3.6,0
218.502,0,1,0.0,3.6,0
218.502,0,1,0.0,3.6,0
218.502,0,1,0.0,3.6,0
218.502,0,1,0.0,3.6,0
218.602,0,1,0.0,3.6,0
218.602,0,1,0.0,3.6,0
218.602,0,1,0.0,3.6,0
218.602,0,1,0.0,3.6,0
218.702,0,1,0.0,3.6,0
218.702,0,1,0.0,3.6,0
218.702,0,1,0.0,3.6,0
218.802,0,1,0.0,3.6,0
218.802,0,1,0.0,3.6,0
218.802,0,1,0.0,3.6,0
218.802,0,1,0.0,3.6,0
218.902,0,1,0.0,3.6,0
218.902,0,1,0.0,3.6,0
218.902,0,1,0.0,3.6,0
219.002,0,1,0.0,3.6,0
219.002,0,1,0.0,3.6,0
219.002,0,1,0.0,3.6,0
219.002,0,1,0.0,3.6,0
219.102,0,1,0.0,3.6,0
219.102,0,1,0.0,3.6,0
219.102,0,1,0.0,3.6,0
219.202,0,1,0.0,3.6,0
219.202,0,1,0.0,3.6,0
219.202,0,1,0.0,3.6,0
219.202,0,1,0.0,3.6,0
219.302,0,1,0.0,3.6,0
219.302,0,1,0.0,3.6,0
219.302,0,1,0.0,3.6,0
219.402,0,1,0.0,3.6,0
219.402,0,1,0.0,3.6,0
219.402,0,1,0.0,3.6,0
219.402,0,1,0.0,3.6,0
219.502,0,1,0.0,3.6,0
219.502,0,1,0.0,3.6,0
219.502,0,1,0.0,3.6,0
219.502,0,1,0.0,3.6,0
219.602,0,1,0.0,3.6,0
219.602,0,1,0.0,3.6,0
219.602,0,1,0.0,3.6,0
219.702,0,1,0.0,3.6,0
219.702,0,1,0.0,3.6,0
219.702,0,1,0.0,3.6,0
219.702,0,1,0.0,3.6,0
219.802,0,1,0.0,3.6,0
219.802,0,1,0.0,3.6,0
219.802,0,1,0.0,3.6,0
219.902,0,1,0.0,3.6,0
219.902,0,1,0.0,3.6,0
219.902,0,1,0.0,3.6,0
219.902,0,1,0.0,3.6,0
220.002,0,1,0.0,3.6,0
220.002,0,1,0.0,3.6,0
220.002,0,1,0.0,3.6,0
220.102,0,1,0.0,3.6,0
220.102,0,1,0.0,3.6,0
220.102,0,1,0.0,3.6,0
220.102,0,1,0.0,3.6,0
220.202,0,1,0.0,3.6,0
220.202,0,1,0.0,3.6,0
220.202,0,1,0.0,3.6,0
220.202,0,1,0.0,3.6,0
220.302,0,1,0.0,3.6,0
220.302,0,1,0.0,3.6,0
220.302,0,1,0.0,3.6,0
220.402,0,1,0.0,3.6,0
220.402,0,1,0.0,3.6,0
220.402,0,1,0.0,3.6,0
220.402,0,1,0.0,3.6,0
220.502,0,1,0.0,3.6,0
220.502,0,1,0.0,3.6,0
220.502,0,1,0.0,3.6,0
220.602,0,1,0.0,3.6,0
220.602,0,1,0.0,3.6,0
220.602,0,1,0.0,3.6,0
220.602,0,1,0.0,3.6,0
220.702,0,1,0.0,3.6,0
220.702,0,1,0.0,3.6,0
220.702,0,1,0.0,3.6,0
220.802,0,1,0.0,3.6,0
220.802,0,1,0.0,3.6,0
220.802,0,1,0.0,3.6,0
220.802,0,1,0.0,3.6,0
220.902,0,1,0.0,3.6,0
220.902,0,1,0.0,3.6,0
220.902,0,1,0.0,3.6,0
221.002,0,1,0.0,3.6,0
221.002,0,1,0.0,3.6,0
221.002,0,1,0.0,3.6,0
221.002,0,1,0.0,3.6,0
221.102,0,0,0.0,0.0,0
221.102,0,0,0.0,0.0,0
221.102,0,0,0.0,0.0,0
221.102,0,0,0.0,0.0,0
221.202,1,0,26.0,0.0,0
221.202,1,0,26.0,0.0,0
221.202,1,0,26.0,0.0,0
221.302,1,0,26.0,0.0,0
221.302,1,0,26.0,0.0,0
221.302,1,0,26.0,0.0,0
221.302,1,0,26.0,0.0,0
221.402,1,0,26.0,0.0,0
221.402,1,0,26.0,0.0,0
221.402,1,0,26.0,0.0,0
221.502,1,0,26.0,0.0,0
221.502,1,0,26.0,0.0,0
221.502,1,0,26.0,0.0,0
221.502,1,0,26.0,0.0,0
221.602,1,0,26.0,0.0,0
221.602,1,0,26.0,0.0,0
221.602,1,0,26.0,0.0,0
221.702,1,0,26.0,0.0,0
221.702,1,0,26.0,0.0,0
221.702,1,0,26.0,0.0,0
221.702,1,0,26.0,0.0,0
221.802,1,0,26.0,0.0,0
221.802,1,0,26.0,0.0,0
221.802,1,0,26.0,0.0,0
221.802,1,0,26.0,0.0,0
221.902,1,0,26.0,0.0,0
221.902,1,0,26.0,0.0,0
221.902,1,0,26.0,0.0,0
222.002,1,0,26.0,0.0,0
222.002,1,0,26.0,0.0,0
222.002,1,0,26.0,0.0,0
222.002,1,0,26.0,0.0,0
222.102,1,0,26.0,0.0,0
222.102,1,0,26.0,0.0,0
222.102,1,0,26.0,0.0,0
222.202,1,0,26.0,0.0,0
222.202,1,0,26.0,0.0,0
222.202,1,0,26.0,0.0,0
222.202,1,0,26.0,0.0,0
222.302,1,0,26.0,0.0,0
222.302,1,0,26.0,0.0,0
222.302,1,0,26.0,0.0,0
222.402,1,0,26.0,0.0,0
222.402,1,0,26.0,0.0,0
222.402,1,0,26.0,0.0,0
222.402,1,0,26.0,0.0,0
222.502,1,0,26.0,0.0,0
222.502,1,0,26.0,0.0,0
222.502,1,0,26.0,0.0,0
222.502,1,0,26.0,0.0,0
222.602,1,0,26.0,0.0,0
222.602,1,0,26.0,0.0,0
222.602,1,0,26.0,0.0,0
222.702,1,0,26.0,0.0,0
222.702,1,0,26.0,0.0,0
222.702,1,0,26.0,0.0,0
222.702,1,0,26.0,0.0,0
222.802,1,0,26.0,0.0,0
222.802,1,0,26.0,0.0,0
222.802,1,0,26.0,0.0,0
222.902,1,0,26.0,0.0,0
222.902,1,0,26.0,0.0,0
222.902,1,0,26.0,0.0,0
222.902,1,0,26.0,0.0,0
223.002,1,0,26.0,0.0,0
223.002,1,0,26.0,0.0,0
223.002,1,0,26.0,0.0,0
223.102,1,0,26.0,0.0,0
223.102,1,0,26.0,0.0,0
223.102,1,0,26.0,0.0,0
223.102,1,0,26.0,0.0,0
223.202,1,0,26.0,0.0,0
223.202,1,0,26.0,0.0,0
223.202,1,0,26.0,0.0,0
223.302,1,0,26.0,0.0,0
223.302,1,0,26.0,0.0,0
223.302,1,0,26.0,0.0,0
223.302,1,0,26.0,0.0,0
223.402,1,0,26.0,0.0,0
223.402,1,0,26.0,0.0,0
223.402,1,0,26.0,0.0,0
223.402,1,0,26.0,0.0,0
223.502,1,0,26.0,0.0,0
223.502,1,0,26.0,0.0,0
223.502,1,0,26.0,0.0,0
223.602,1,0,26.0,0.0,0
223.602,1,0,26.0,0.0,0
223.602,1,0,26.0,0.0,0
223.602,1,0,26.0,0.0,0
223.702,1,0,26.0,0.0,0
223.702,1,0,26.0,0.0,0
223.702,1,0,26.0,0.0,0
223.802,1,0,26.0,0.0,0
223.802,1,0,26.0,0.0,0
223.802,1,0,26.0,0.0,0
223.802,1,0,26.0,0.0,0
223.902,1,0,26.0,0.0,0
223.902,1,0,26.0,0.0,0
223.902,1,0,26.0,0.0,0
224.002,1,0,26.0,0.0,0
224.002,1,0,26.0,0.0,0
224.002,1,0,26.0,0.0,0
224.002,1,0,26.0,0.0,0
224.102,1,0,26.0,0.0,0
224.102,1,0,26.0,0.0,0
224.102,1,0,26.0,0.0,0
224.102,1,0,26.0,0.0,0
224.202,1,0,26.0,0.0,0
224.202,1,0,26.0,0.0,0
224.202,1,0,26.0,0.0,0
224.302,1,0,26.0,0.0,0
224.302,1,0,26.0,0.0,0
224.302,1,0,26.0,0.0,0
224.302,1,0,26.0,0.0,0
224.402,1,0,26.0,0.0,0
224.402,1,0,26.0,0.0,0
224.402,1,0,26.0,0.0,0
224.502,1,0,26.0,0.0,0
224.502,1,0,26.0,0.0,0
224.502,1,0,26.0,0.0,0
224.502,1,0,26.0,0.0,0
224.602,1,0,26.0,0.0,0
224.602,1,0,26.0,0.0,0
224.602,1,0,26.0,0.0,0
224.702,1,0,26.0,0.0,0
224.702,1,0,26.0,0.0,0
224.702,1,0,26.0,0.0,0
224.702,1,0,26.0,0.0,0
224.802,1,0,26.0,0.0,0
224.802,1,0,26.0,0.0,0
224.802,1,0,26.0,0.0,0
224.802,1,0,26.0,0.0,0
224.902,1,0,26.0,0.0,0
224.902,1,0,26.0,0.0,0
224.902,1,0,26.0,0.0,0
225.002,1,0,26.0,0.0,0
225.002,1,0,26.0,0.0,0
225.002,1,0,26.0,0.0,0
225.002,1,0,26.0,0.0,0
225.102,1,0,26.0,0.0,0
225.102,1,0,26.0,0.0,0
225.102,1,0,26.0,0.0,0
225.202,1,0,26.0,0.0,0
225.202,1,0,26.0,0.0,0
225.202,1,0,26.0,0.0,0
225.202,1,0,26.0,0.0,0
225.302,1,0,26.0,0.0,0
225.302,1,0,26.0,0.0,0
225.302,1,0,26.0,0.0,0
225.402,1,0,26.0,0.0,0
225.402,1,0,26.0,0.0,0
225.402,1,0,26.0,0.0,0
225.402,1,0,26.0,0.0,0
225.502,1,0,26.0,0.0,0
225.502,1,0,26.0,0.0,0
225.502,1,0,26.0,0.0,0
225.602,1,0,26.0,0.0,0
225.602,1,0,26.0,0.0,0
225.602,1,0,26.0,0.0,0
225.602,1,0,26.0,0.0,0
225.702,1,0,26.0,0.0,0
225.702,1,0,26.0,0.0,0
225.702,1,0,26.0,0.0,0
225.702,1,0,26.0,0.0,0
225.802,1,0,26.0,0.0,0
225.802,1,0,26.0,0.0,0
225.802,1,0,26.0,0.0,0
225.902,1,0,26.0,0.0,0
225.902,1,0,26.0,0.0,0
225.902,1,0,26.0,0.0,0
225.902,1,0,26.0,0.0,0
226.002,1,0,26.0,0.0,0
226.002,1,0,26.0,0.0,0
226.002,1,0,26.0,0.0,0
226.102,1,0,26.0,0.0,0
226.102,1,0,26.0,0.0,0
226.102,1,0,26.0,0.0,0
226.102,1,0,26.0,0.0,0
226.202,1,0,26.0,0.0,0
226.202,1,0,26.0,0.0,0
226.202,1,0,26.0,0.0,0
226.302,1,0,26.0,0.0,0
226.302,1,0,26.0,0.0,0
226.302,1,0,26.0,0.0,0
226.302,1,0,26.0,0.0,0
226.402,1,0,26.0,0.0,0
226.402,1,0,26.0,0.0,0
226.402,1,0,26.0,0.0,0
226.402,1,0,26.0,0.0,0
226.502,1,0,26.0,0.0,0
226.502,1,0,26.0,0.0,0
226.502,1,0,26.0,0.0,0
226.602,1,0,26.0,0.0,0
226.602,1,0,26.0,0.0,0
226.602,1,0,26.0,0.0,0
226.602,1,0,26.0,0.0,0
226.702,1,0,26.0,0.0,0
226.702,1,0,26.0,0.0,0
226.702,1,0,26.0,0.0,0
226.802,1,0,26.0,0.0,0
226.802,1,0,26.0,0.0,0
226.802,1,0,26.0,0.0,0
226.802,1,0,26.0,0.0,0
226.902,1,0,26.0,0.0,0
226.902,1,0,26.0,0.0,0
226.902,1,0,26.0,0.0,0
227.002,1,0,26.0,0.0,0
227.002,1,0,26.0,0.0,0
227.002,1,0,26.0,0.0,0
227.002,1,0,26.0,0.0,0
227.102,1,0,26.0,0.0,0
227.102,1,0,26.0,0.0,0
227.102,1,0,26.0,0.0,0
227.202,1,0,26.0,0.0,0
227.202,1,0,26.0,0.0,0
227.202,1,0,26.0,0.0,0
227.202,1,0,26.0,0.0,0
227.302,1,0,26.0,0.0,0
227.302,1,0,26.0,0.0,0
227.302,1,0,26.0,0.0,0
227.302,1,0,26.0,0.0,0
227.402,1,0,26.0,0.0,0
227.402,1,0,26.0,0.0,0
227.402,1,0,26.0,0.0,0
227.502,1,0,26.0,0.0,0
227.502,1,0,26.0,0.0,0
227.502,1,0,26.0,0.0,0
227.502,1,0,26.0,0.0,0
227.602,1,0,26.0,0.0,0
227.602,1,0,26.0,0.0,0
227.602,1,0,26.0,0.0,0
227.702,1,0,26.0,0.0,0
227.702,1,0,26.0,0.0,0
227.702,1,0,26.0,0.0,0
227.702,1,0,26.0,0.0,0
227.802,1,0,26.0,0.0,0
227.802,1,0,26.0,0.0,0
227.802,1,0,26.0,0.0,0
227.902,1,0,26.0,0.0,0
227.902,1,0,26.0,0.0,0
227.902,1,0,26.0,0.0,0
227.902,1,0,26.0,0.0,0
228.002,1,0,26.0,0.0,0
228.002,1,0,26.0,0.0,0
228.002,1,0,26.0,0.0,0
228.002,1,0,26.0,0.0,0
228.102,1,0,26.0,0.0,0
228.102,1,0,26.0,0.0,0
228.102,1,0,26.0,0.0,0
228.202,1,0,26.0,0.0,0
228.202,1,0,26.0,0.0,0
228.202,1,0,26.0,0.0,0
228.202,1,0,26.0,0.0,0
228.302,1,0,26.0,0.0,0
228.302,1,0,26.0,0.0,0
228.302,1,0,26.0,0.0,0
228.402,1,0,26.0,0.0,0
228.402,1,0,26.0,0.0,0
228.402,1,0,26.0,0.0,0
228.402,1,0,26.0,0.0,0
228.502,1,0,26.0,0.0,0
228.502,1,0,26.0,0.0,0
228.502,1,0,26.0,0.0,0
228.602,1,0,26.0,0.0,0
228.602,1,0,26.0,0.0,0
228.602,1,0,26.0,0.0,0
228.602,1,0,26.0,0.0,0
228.702,1,0,26.0,0.0,0
228.702,1,0,26.0,0.0,0
228.702,1,0,26.0,0.0,0
228.702,1,0,26.0,0.0,0
228.802,1,0,26.0,0.0,0
228.802,1,0,26.0,0.0,0
228.802,1,0,26.0,0.0,0
228.902,1,0,26.0,0.0,0
228.902,1,0,26.0,0.0,0
228.902,1,0,26.0,0.0,0
228.902,1,0,26.0,0.0,0
229.002,1,0,26.0,0.0,0
229.002,1,0,26.0,0.0,0
229.002,1,0,26.0,0.0,0
229.102,1,0,26.0,0.0,0
229.102,1,0,26.0,0.0,0
229.102,1,0,26.0,0.0,0
229.102,1,0,26.0,0.0,0
229.202,1,0,26.0,0.0,0
229.202,1,0,26.0,0.0,0
229.202,1,0,26.0,0.0,0
229.302,1,0,26.0,0.0,0
229.302,1,0,26.0,0.0,0
229.302,1,0,26.0,0.0,0
229.302,1,0,26.0,0.0,0
229.402,1,0,26.0,0.0,0
229.402,1,0,26.0,0.0,0
229.402,1,0,26.0,0.0,0
229.502,1,0,26.0,0.0,0
229.502,1,0,26.0,0.0,0
229.502,1,0,26.0,0.0,0
229.502,1,0,26.0,0.0,0
229.602,1,0,26.0,0.0,0
229.602,1,0,26.0,0.0,0
229.602,1,0,26.0,0.0,0
229.602,1,0,26.0,0.0,0
229.702,1,0,26.0,0.0,0
229.702,1,0,26.0,0.0,0
229.702,1,0,26.0,0.0,0
229.802,1,0,26.0,0.0,0
229.802,1,0,26.0,0.0,0
229.802,1,0,26.0,0.0,0
229.802,1,0,26.0,0.0,0
229.902,1,0,26.0,0.0,0
229.902,1,0,26.0,0.0,0
229.902,1,0,26.0,0.0,0
230.002,1,0,26.0,0.0,0
230.002,1,0,26.0,0.0,0
230.002,1,0,26.0,0.0,0
230.002,1,0,26.0,0.0,0
230.102,1,0,26.0,0.0,0
230.102,1,0,26.0,0.0,0
230.102,1,0,26.0,0.0,0
230.202,1,0,26.0,0.0,0
230.202,1,0,26.0,0.0,0
230.202,1,0,26.0,0.0,0
230.202,1,0,26.0,0.0,0
230.302,1,0,26.0,0.0,0
230.302,1,0,26.0,0.0,0
230.302,1,0,26.0,0.0,0
230.302,1,0,26.0,0.0,0
230.402,1,0,26.0,0.0,0
230.402,1,0,26.0,0.0,0
230.402,1,0,26.0,0.0,0
230.502,1,0,26.0,0.0,0
230.502,1,0,26.0,0.0,0
230.502,1,0,26.0,0.0,0
230.502,1,0,26.0,0.0,0
230.602,1,0,26.0,0.0,0
230.602,1,0,26.0,0.0,0
230.602,1,0,26.0,0.0,0
230.702,1,0,26.0,0.0,0
230.702,1,0,26.0,0.0,0
230.702,1,0,26.0,0.0,0
230.702,1,0,26.0,0.0,0
230.802,1,0,26.0,0.0,0
230.802,1,0,26.0,0.0,0
230.802,1,0,26.0,0.0,0
230.902,1,0,26.0,0.0,0
230.902,1,0,26.0,0.0,0
230.902,1,0,26.0,0.0,0
230.902,1,0,26.0,0.0,0
231.002,1,0,26.0,0.0,0
231.002,1,0,26.0,0.0,0
231.002,1,0,26.0,0.0,0
231.002,1,0,26.0,0.0,0
231.102,1,0,26.0,0.0,0
231.102,1,0,26.0,0.0,0
231.102,1,0,26.0,0.0,0
231.202,1,0,26.0,0.0,0
231.202,1,0,26.0,0.0,0
231.202,1,0,26.0,0.0,0
231.202,1,0,26.0,0.0,0
231.302,1,0,26.0,0.0,0
231.302,1,0,26.0,0.0,0
231.302,1,0,26.0,0.0,0
231.402,1,0,26.0,0.0,0
231.402,1,0,26.0,0.0,0
231.402,1,0,26.0,0.0,0
231.402,1,0,26.0,0.0,0
231.502,1,0,26.0,0.0,0
231.502,1,0,26.0,0.0,0
231.502,1,0,26.0,0.0,0
231.602,1,0,26.0,0.0,0
231.602,1,0,26.0,0.0,0
231.602,1,0,26.0,0.0,0
231.602,1,0,26.0,0.0,0
231.702,1,0,26.0,0.0,0
231.702,1,0,26.0,0.0,0
231.702,1,0,26.0,0.0,0
231.802,1,0,26.0,0.0,0
231.802,1,0,26.0,0.0,0
231.802,1,0,26.0,0.0,0
231.802,1,0,26.0,0.0,0
231.902,1,0,26.0,0.0,0
231.902,1,0,26.0,0.0,0
231.902,1,0,26.0,0.0,0
231.902,1,0,26.0,0.0,0
232.002,1,0,26.0,0.0,0
232.002,1,0,26.0,0.0,0
232.002,1,0,26.0,0.0,0
232.102,1,0,26.0,0.0,0
232.102,1,0,26.0,0.0,0
232.102,1,0,26.0,0.0,0
232.102,1,0,26.0,0.0,0
232.202,1,0,26.0,0.0,0
232.202,1,0,26.0,0.0,0
232.202,1,0,26.0,0.0,0
232.302,0,2,0.0,-4.6,0
232.302,0,2,0.0,-4.6,0
232.302,0,2,0.0,-4.6,0
232.302,0,2,0.0,-4.6,0
232.402,0,2,0.0,-4.6,0
232.402,0,2,0.0,-4.6,0
232.402,0,2,0.0,-4.6,0
232.502,0,2,0.0,-4.6,0
232.502,0,2,0.0,-4.6,0
232.502,0,2,0.0,-4.6,0
232.502,0,2,0.0,-4.6,0
232.602,0,2,0.0,-4.6,0
232.602,0,2,0.0,-4.6,0
232.602,0,2,0.0,-4.6,0
232.602,0,2,0.0,-4.6,0
232.702,0,2,0.0,-4.6,0
232.702,0,2,0.0,-4.6,0
232.702,0,2,0.0,-4.6,0
232.802,0,2,0.0,-4.6,0
232.802,0,2,0.0,-4.6,0
232.802,0,2,0.0,-4.6,0
232.802,0,2,0.0,-4.6,0
232.902,0,2,0.0,-4.6,0
232.902,0,2,0.0,-4.6,0
232.902,0,2,0.0,-4.6,0
233.002,0,2,0.0,-4.6,0
233.002,0,2,0.0,-4.6,0
233.002,0,2,0.0,-4.6,0
233.002,0,2,0.0,-4.6,0
233.102,0,2,0.0,-4.6,0
233.102,0,2,0.0,-4.6,0
233.102,0,2,0.0,-4.6,0
233.202,0,2,0.0,-4.6,0
233.202,0,2,0.0,-4.6,0
233.202,0,2,0.0,-4.6,0
233.202,0,2,0.0,-4.6,0
233.302,0,2,0.0,-4.6,0
233.302,0,2,0.0,-4.6,0
233.302,0,2,0.0,-4.6,0
233.302,0,2,0.0,-4.6,0
233.402,0,2,0.0,-4.6,0
233.402,0,2,0.0,-4.6,0
233.402,0,2,0.0,-4.6,0
233.502,0,2,0.0,-4.6,0
233.502,0,2,0.0,-4.6,0
233.502,0,2,0.0,-4.6,0
233.502,0,2,0.0,-4.6,0
233.602,0,2,0.0,-4.6,0
233.602,0,2,0.0,-4.6,0
233.602,0,2,0.0,-4.6,0
233.702,0,2,0.0,-4.6,0
233.702,0,2,0.0,-4.6,0
233.702,0,2,0.0,-4.6,0
233.702,0,2,0.0,-4.6,0
233.802,0,2,0.0,-4.6,0
233.802,0,2,0.0,-4.6,0
233.802,0,2,0.0,-4.6,0
233.902,0,2,0.0,-4.6,0
233.902,0,2,0.0,-4.6,0
233.902,0,2,0.0,-4.6,0
233.902,0,2,0.0,-4.6,0
234.002,0,2,0.0,-4.6,0
234.002,0,2,0.0,-4.6,0
234.002,0,2,0.0,-4.6,0
234.102,0,2,0.0,-4.6,0
234.102,0,2,0.0,-4.6,0
234.102,0,2,0.0,-4.6,0
234.102,0,2,0.0,-4.6,0
234.202,0,2,0.0,-4.6,0
234.202,0,2,0.0,-4.6,0
234.202,0,2,0.0,-4.6,0
234.202,0,2,0.0,-4.6,0
234.302,0,2,0.0,-4.6,0
234.302,0,2,0.0,-4.6,0
234.302,0,2,0.0,-4.6,0
234.402,0,2,0.0,-4.6,0
234.402,0,2,0.0,-4.6,0
234.402,0,2,0.0,-4.6,0
234.402,0,2,0.0,-4.6,0
234.502,0,2,0.0,-4.6,0
234.502,0,2,0.0,-4.6,0
234.502,0,2,0.0,-4.6,0
234.602,0,2,0.0,-4.6,0
234.602,0,2,0.0,-4.6,0
234.602,0,2,0.0,-4.6,0
234.602,0,2,0.0,-4.6,0
234.702,0,2,0.0,-4.6,0
234.702,0,2,0.0,-4.6,0
234.702,0,2,0.0,-4.6,0
234.802,0,2,0.0,-4.6,0
234.802,0,2,0.0,-4.6,0
234.802,0,2,0.0,-4.6,0
234.802,0,2,0.0,-4.6,0
234.902,0,2,0.0,-4.6,0
234.902,0,2,0.0,-4.6,0
234.902,0,2,0.0,-4.6,0
234.902,0,2,0.0,-4.6,0
235.002,0,2,0.0,-4.6,0
235.002,0,2,0.0,-4.6,0
235.002,0,2,0.0,-4.6,0
235.102,0,2,0.0,-4.6,0
235.102,0,2,0.0,-4.6,0
235.102,0,2,0.0,-4.6,0
235.102,0,2,0.0,-4.6,0
235.202,0,2,0.0,-4.6,0
235.202,0,2,0.0,-4.6,0
235.202,0,2,0.0,-4.6,0
235.302,0,2,0.0,-4.6,0
235.302,0,2,0.0,-4.6,0
235.302,0,2,0.0,-4.6,0
235.302,0,2,0.0,-4.6,0
235.402,0,2,0.0,-4.6,0
235.402,0,2,0.0,-4.6,0
235.402,0,2,0.0,-4.6,0
235.502,0,2,0.0,-4.6,0
235.502,0,2,0.0,-4.6,0
235.502,0,2,0.0,-4.6,0
235.502,0,2,0.0,-4.6,0
235.602,0,2,0.0,-4.6,0
235.602,0,2,0.0,-4.6,0
235.602,0,2,0.0,-4.6,0
235.602,0,2,0.0,-4.6,0
235.702,0,2,0.0,-4.6,0
235.702,0,2,0.0,-4.6,0
235.702,0,2,0.0,-4.6,0
235.802,0,2,0.0,-4.6,0
235.802,0,2,0.0,-4.6,0
235.802,0,2,0.0,-4.6,0
235.802,0,2,0.0,-4.6,0
235.902,0,2,0.0,-4.6,0
235.902,0,2,0.0,-4.6,0
235.902,0,2,0.0,-4.6,0
236.002,0,2,0.0,-4.6,0
236.002,0,2,0.0,-4.6,0
236.002,0,2,0.0,-4.6,0
236.002,0,2,0.0,-4.6,0
236.102,0,2,0.0,-4.6,0
236.102,0,2,0.0,-4.6,0
236.102,0,2,0.0,-4.6,0
236.202,0,2,0.0,-4.6,0
236.202,0,2,0.0,-4.6,0
236.202,0,2,0.0,-4.6,0
236.202,0,2,0.0,-4.6,0
236.302,0,2,0.0,-4.6,0
236.302,0,2,0.0,-4.6,0
236.302,0,2,0.0,-4.6,0
236.302,0,2,0.0,-4.6,0
236.402,0,2,0.0,-4.6,0
236.402,0,2,0.0,-4.6,0
236.402,0,2,0.0,-4.6,0
236.502,0,2,0.0,-4.6,0
236.502,0,2,0.0,-4.6,0
236.502,0,2,0.0,-4.6,0
236.502,0,2,0.0,-4.6,0
236.602,0,2,0.0,-4.6,0
236.602,0,2,0.0,-4.6,0
236.602,0,2,0.0,-4.6,0
236.702,0,2,0.0,-4.6,0
236.702,0,2,0.0,-4.6,0
236.702,0,2,0.0,-4.6,0
236.702,0,2,0.0,-4.6,0
236.802,0,2,0.0,-4.6,0
236.802,0,2,0.0,-4.6,0
236.802,0,2,0.0,-4.6,0
236.902,0,2,0.0,-4.6,0
236.902,0,2,0.0,-4.6,0
236.902,0,2,0.0,-4.6,0
236.902,0,2,0.0,-4.6,0
237.002,0,2,0.0,-4.6,0
237.002,0,2,0.0,-4.6,0
237.002,0,2,0.0,-4.6,0
237.102,0,2,0.0,-4.6,0
237.102,0,2,0.0,-4.6,0
237.102,0,2,0.0,-4.6,0
237.102,0,2,0.0,-4.6,0
237.202,0,2,0.0,-4.6,0
237.202,0,2,0.0,-4.6,0
237.202,0,2,0.0,-4.6,0
237.202,0,2,0.0,-4.6,0
237.302,0,2,0.0,-4.6,0
237.302,0,2,0.0,-4.6,0
237.302,0,2,0.0,-4.6,0
237.402,0,2,0.0,-4.6,0
237.402,0,2,0.0,-4.6,0
237.402,0,2,0.0,-4.6,0
237.402,0,2,0.0,-4.6,0
237.502,0,2,0.0,-4.6,0
237.502,0,2,0.0,-4.6,0
237.502,0,2,0.0,-4.6,0
237.602,0,2,0.0,-4.6,0
237.602,0,2,0.0,-4.6,0
237.602,0,2,0.0,-4.6,0
237.602,0,2,0.0,-4.6,0
237.702,0,2,0.0,-4.6,0
237.702,0,2,0.0,-4.6,0
237.702,0,2,0.0,-4.6,0
237.802,0,2,0.0,-4.6,0
237.802,0,2,0.0,-4.6,0
237.802,0,2,0.0,-4.6,0
237.802,0,2,0.0,-4.6,0
237.902,0,2,0.0,-4.6,0
237.902,0,2,0.0,-4.6,0
237.902,0,2,0.0,-4.6,0
237.902,0,2,0.0,-4.6,0
238.002,0,2,0.0,-4.6,0
238.002,0,2,0.0,-4.6,0
238.002,0,2,0.0,-4.6,0
238.102,0,2,0.0,-4.6,0
238.102,0,2,0.0,-4.6,0
238.102,0,2,0.0,-4.6,0
238.102,0,2,0.0,-4.6,0
238.202,0,2,0.0,-4.6,0
238.202,0,2,0.0,-4.6,0
238.202,0,2,0.0,-4.6,0
238.302,0,2,0.0,-4.6,0
238.302,0,2,0.0,-4.6,0
238.302,0,2,0.0,-4.6,0
238.302,0,2,0.0,-4.6,0
238.402,0,2,0.0,-4.6,0
238.402,0,2,0.0,-4.6,0
238.402,0,2,0.0,-4.6,0
238.502,0,2,0.0,-4.6,0
238.502,0,2,0.0,-4.6,0
238.502,0,2,0.0,-4.6,0
238.502,0,2,0.0,-4.6,0
238.602,0,2,0.0,-4.6,0
238.602,0,2,0.0,-4.6,0
238.602,0,2,0.0,-4.6,0
238.702,0,2,0.0,-4.6,0
238.702,0,2,0.0,-4.6,0
238.702,0,2,0.0,-4.6,0
238.702,0,2,0.0,-4.6,0
238.802,0,2,0.0,-4.6,0
238.802,0,2,0.0,-4.6,0
238.802,0,2,0.0,-4.6,0
238.802,0,2,0.0,-4.6,0
238.902,0,2,0.0,-4.6,0
238.902,0,2,0.0,-4.6,0
238.902,0,2,0.0,-4.6,0
239.002,0,2,0.0,-4.6,0
239.002,0,2,0.0,-4.6,0
239.002,0,2,0.0,-4.6,0
239.002,0,2,0.0,-4.6,0
239.102,0,2,0.0,-4.6,0
239.102,0,2,0.0,-4.6,0
239.102,0,2,0.0,-4.6,0
239.202,0,2,0.0,-4.6,0
239.202,0,2,0.0,-4.6,0
239.202,0,2,0.0,-4.6,0
239.202,0,2,0.0,-4.6,0
239.302,0,2,0.0,-4.6,0
239.302,0,2,0.0,-4.6,0
239.302,0,2,0.0,-4.6,0
239.402,0,2,0.0,-4.6,0
239.402,0,2,0.0,-4.6,0
239.402,0,2,0.0,-4.6,0
239.402,0,2,0.0,-4.6,0
239.502,0,2,0.0,-4.6,0
239.502,0,2,0.0,-4.6,0
239.502,0,2,0.0,-4.6,0
239.502,0,2,0.0,-4.6,0
239.602,0,2,0.0,-4.6,0
239.602,0,2,0.0,-4.6,0
239.602,0,2,0.0,-4.6,0
239.702,0,2,0.0,-4.6,0
239.702,0,2,0.0,-4.6,0
239.702,0,2,0.0,-4.6,0
239.702,0,2,0.0,-4.6,0
239.802,0,2,0.0,-4.6,0
239.802,0,2,0.0,-4.6,0
239.802,0,2,0.0,-4.6,0
239.902,0,2,0.0,-4.6,0
239.902,0,2,0.0,-4.6,0
239.902,0,2,0.0,-4.6,0
239.902,0,2,0.0,-4.6,0
240.002,0,2,0.0,-4.6,0
240.002,0,2,0.0,-4.6,0
240.002,0,2,0.0,-4.6,0
240.102,0,2,0.0,-4.6,0
240.102,0,2,0.0,-4.6,0
240.102,0,2,0.0,-4.6,0
240.102,0,2,0.0,-4.6,0
240.202,0,2,0.0,-4.6,0
240.202,0,2,0.0,-4.6,0
240.202,0,2,0.0,-4.6,0
240.202,0,2,0.0,-4.6,0
240.302,0,2,0.0,-4.6,0
240.302,0,2,0.0,-4.6,0
240.302,0,2,0.0,-4.6,0
240.402,0,2,0.0,-4.6,0
240.402,0,2,0.0,-4.6,0
240.402,0,2,0.0,-4.6,0
240.402,0,2,0.0,-4.6,0
240.502,0,2,0.0,-4.6,0
240.502,0,2,0.0,-4.6,0
240.502,0,2,0.0,-4.6,0
240.602,0,2,0.0,-4.6,0
240.602,0,2,0.0,-4.6,0
240.602,0,2,0.0,-4.6,0
240.602,0,2,0.0,-4.6,0
240.702,0,2,0.0,-4.6,0
240.702,0,2,0.0,-4.6,0
240.702,0,2,0.0,-4.6,0
240.802,0,2,0.0,-4.6,0
240.802,0,2,0.0,-4.6,0
240.802,0,2,0.0,-4.6,0
240.802,0,2,0.0,-4.6,0
240.902,0,2,0.0,-4.6,0
240.902,0,2,0.0,-4.6,0
240.902,0,2,0.0,-4.6,0
241.002,0,2,0.0,-4.6,0
241.002,0,2,0.0,-4.6,0
241.002,0,2,0.0,-4.6,0
241.002,0,2,0.0,-4.6,0
241.102,0,2,0.0,-4.6,0
241.102,0,2,0.0,-4.6,0
241.102,0,2,0.0,-4.6,0
241.102,0,2,0.0,-4.6,0
241.202,0,2,0.0,-4.6,0
241.202,0,2,0.0,-4.6,0
241.202,0,2,0.0,-4.6,0
241.302,0,2,0.0,-4.6,0
241.302,0,2,0.0,-4.6,0
241.302,0,2,0.0,-4.6,0
241.302,0,2,0.0,-4.6,0
241.402,0,2,0.0,-4.6,0
241.402,0,2,0.0,-4.6,0
241.402,0,2,0.0,-4.6,0
241.502,0,2,0.0,-4.6,0
241.502,0,2,0.0,-4.6,0
241.502,0,2,0.0,-4.6,0
241.502,0,2,0.0,-4.6,0
241.602,0,2,0.0,-4.6,0
241.602,0,2,0.0,-4.6,0
241.602,0,2,0.0,-4.6,0
241.702,0,2,0.0,-4.6,0
241.702,0,2,0.0,-4.6,0
241.702,0,2,0.0,-4.6,0
241.702,0,2,0.0,-4.6,0
241.802,0,2,0.0,-4.6,0
241.802,0,2,0.0,-4.6,0
241.802,0,2,0.0,-4.6,0
241.802,0,2,0.0,-4.6,0
241.902,0,2,0.0,-4.6,0
241.902,0,2,0.0,-4.6,0
241.902,0,2,0.0,-4.6,0
242.002,0,2,0.0,-4.6,0
242.002,0,2,0.0,-4.6,0
242.002,0,2,0.0,-4.6,0
242.002,0,2,0.0,-4.6,0
242.102,0,2,0.0,-4.6,0
242.102,0,2,0.0,-4.6,0
242.102,0,2,0.0,-4.6,0
242.202,0,2,0.0,-4.6,0
242.202,0,2,0.0,-4.6,0
242.202,0,2,0.0,-4.6,0
242.202,0,2,0.0,-4.6,0
242.302,0,2,0.0,-4.6,0
242.302,0,2,0.0,-4.6,0
242.302,0,2,0.0,-4.6,0
242.402,0,2,0.0,-4.6,0
242.402,0,2,0.0,-4.6,0
242.402,0,2,0.0,-4.6,0
242.402,0,2,0.0,-4.6,0
242.502,0,2,0.0,-4.6,0
242.502,0,2,0.0,-4.6,0
242.502,0,2,0.0,-4.6,0
242.502,0,2,0.0,-4.6,0
242.602,0,2,0.0,-4.6,0
242.602,0,2,0.0,-4.6,0
242.602,0,2,0.0,-4.6,0
242.702,0,2,0.0,-4.6,0
242.702,0,2,0.0,-4.6,0
242.702,0,2,0.0,-4.6,0
242.702,0,2,0.0,-4.6,0
242.802,0,2,0.0,-4.6,0
242.802,0,2,0.0,-4.6,0
242.802,0,2,0.0,-4.6,0
242.902,0,2,0.0,-4.6,0
242.902,0,2,0.0,-4.6,0
242.902,0,2,0.0,-4.6,0
242.902,0,2,0.0,-4.6,0
243.002,0,2,0.0,-4.6,0
243.002,0,2,0.0,-4.6,0
243.002,0,2,0.0,-4.6,0
243.102,0,2,0.0,-4.6,0
243.102,0,2,0.0,-4.6,0
243.102,0,2,0.0,-4.6,0
243.102,0,2,0.0,-4.6,0
243.202,0,2,0.0,-4.6,0
243.202,0,2,0.0,-4.6,0
243.202,0,2,0.0,-4.6,0
243.302,0,2,0.0,-4.6,0
243.302,0,2,0.0,-4.6,0
243.302,0,2,0.0,-4.6,0
243.302,0,2,0.0,-4.6,0
243.402,0,2,0.0,-4.6,0
243.402,0,2,0.0,-4.6,0
243.402,0,2,0.0,-4.6,0
243.402,0,2,0.0,-4.6,0
243.502,0,2,0.0,-4.6,0
243.502,0,2,0.0,-4.6,0
243.502,0,2,0.0,-4.6,0
243.602,0,2,0.0,-4.6,0
243.602,0,2,0.0,-4.6,0
243.602,0,2,0.0,-4.6,0
243.602,0,2,0.0,-4.6,0
243.702,0,2,0.0,-4.6,0
243.702,0,2,0.0,-4.6,0
243.702,0,2,0.0,-4.6,0
243.802,0,2,0.0,-4.6,0
243.802,0,2,0.0,-4.6,0
243.802,0,2,0.0,-4.6,0
243.802,0,2,0.0,-4.6,0
243.902,0,2,0.0,-4.6,0
243.902,0,2,0.0,-4.6,0
243.902,0,2,0.0,-4.6,0
244.002,0,2,0.0,-4.6,0
244.002,0,2,0.0,-4.6,0
244.002,0,2,0.0,-4.6,0
244.002,0,2,0.0,-4.6,0
244.102,0,2,0.0,-4.6,0
244.102,0,2,0.0,-4.6,0
244.102,0,2,0.0,-4.6,0
244.102,0,2,0.0,-4.6,0
244.202,0,2,0.0,-4.6,0
244.202,0,2,0.0,-4.6,0
244.202,0,2,0.0,-4.6,0
244.302,0,2,0.0,-4.6,0
244.302,0,2,0.0,-4.6,0
244.302,0,2,0.0,-4.6,0
244.302,0,2,0.0,-4.6,0
244.402,0,2,0.0,-4.6,0
244.402,0,2,0.0,-4.6,0
244.402,0,2,0.0,-4.6,0
244.502,0,2,0.0,-4.6,0
244.502,0,2,0.0,-4.6,0
244.502,0,2,0.0,-4.6,0
244.502,0,2,0.0,-4.6,0
244.602,0,2,0.0,-4.6,0
244.602,0,2,0.0,-4.6,0
244.602,0,2,0.0,-4.6,0
244.702,0,2,0.0,-4.6,0
244.702,0,2,0.0,-4.6,0
244.702,0,2,0.0,-4.6,0
244.702,0,2,0.0,-4.6,0
244.802,0,2,0.0,-4.6,0
244.802,0,2,0.0,-4.6,0
244.802,0,2,0.0,-4.6,0
244.902,0,2,0.0,-4.6,0
244.902,0,2,0.0,-4.6,0
244.902,0,2,0.0,-4.6,0
244.902,0,2,0.0,-4.6,0
245.002,0,2,0.0,-4.6,0
245.002,0,2,0.0,-4.6,0
245.002,0,2,0.0,-4.6,0
245.002,0,2,0.0,-4.6,0
245.102,0,2,0.0,-4.6,0
245.102,0,2,0.0,-4.6,0
245.102,0,2,0.0,-4.6,0
245.202,0,2,0.0,-4.6,0
245.202,0,2,0.0,-4.6,0
245.202,0,2,0.0,-4.6,0
245.202,0,2,0.0,-4.6,0
245.302,0,2,0.0,-4.6,0
245.302,0,2,0.0,-4.6,0
245.302,0,2,0.0,-4.6,0
245.402,0,2,0.0,-4.6,0
245.402,0,2,0.0,-4.6,0
245.402,0,2,0.0,-4.6,0
245.402,0,2,0.0,-4.6,0
245.502,0,2,0.0,-4.6,0
245.502,0,2,0.0,-4.6,0
245.502,0,2,0.0,-4.6,0
245.602,0,2,0.0,-4.6,0
245.602,0,2,0.0,-4.6,0
245.602,0,2,0.0,-4.6,0
245.602,0,2,0.0,-4.6,0
245.702,0,2,0.0,-4.6,0
245.702,0,2,0.0,-4.6,0
245.702,0,2,0.0,-4.6,0
245.702,0,2,0.0,-4.6,0
245.802,0,2,0.0,-4.6,0
245.802,0,2,0.0,-4.6,0
245.802,0,2,0.0,-4.6,0
245.902,0,2,0.0,-4.6,0
245.902,0,2,0.0,-4.6,0
245.902,0,2,0.0,-4.6,0
245.902,0,2,0.0,-4.6,0
246.002,0,2,0.0,-4.6,0
246.002,0,2,0.0,-4.6,0
246.002,0,2,0.0,-4.6,0
246.102,0,2,0.0,-4.6,0
246.102,0,2,0.0,-4.6,0
246.102,0,2,0.0,-4.6,0
246.102,0,2,0.0,-4.6,0
246.202,0,2,0.0,-4.6,0
246.202,0,2,0.0,-4.6,0
246.202,0,2,0.0,-4.6,0
246.302,0,2,0.0,-4.6,0
246.302,0,2,0.0,-4.6,0
246.302,0,2,0.0,-4.6,0
246.302,0,2,0.0,-4.6,0
246.402,0,2,0.0,-4.6,0
246.402,0,2,0.0,-4.6,0
246.402,0,2,0.0,-4.6,0
246.402,0,2,0.0,-4.6,0
246.502,0,2,0.0,-4.6,0
246.502,0,2,0.0,-4.6,0
246.502,0,2,0.0,-4.6,0
246.602,0,2,0.0,-4.6,0
246.602,0,2,0.0,-4.6,0
246.602,0,2,0.0,-4.6,0
246.602,0,2,0.0,-4.6,0
246.702,0,2,0.0,-4.6,0
246.702,0,2,0.0,-4.6,0
246.702,0,2,0.0,-4.6,0
246.802,0,2,0.0,-4.6,0
246.802,0,2,0.0,-4.6,0
246.802,0,2,0.0,-4.6,0
246.802,0,2,0.0,-4.6,0
246.902,0,2,0.0,-4.6,0
246.902,0,2,0.0,-4.6,0
246.902,0,2,0.0,-4.6,0
247.002,0,2,0.0,-4.6,0
247.002,0,2,0.0,-4.6,0
247.002,0,2,0.0,-4.6,0
247.002,0,2,0.0,-4.6,0
247.102,0,2,0.0,-4.6,0
247.102,0,2,0.0,-4.6,0
247.102,0,2,0.0,-4.6,0
247.202,0,2,0.0,-4.6,0
247.202,0,2,0.0,-4.6,0
247.202,0,2,0.0,-4.6,0
247.202,0,2,0.0,-4.6,0
247.302,0,2,0.0,-4.6,0
247.302,0,2,0.0,-4.6,0
247.302,0,2,0.0,-4.6,0
247.302,0,2,0.0,-4.6,0
247.402,0,2,0.0,-4.6,0
247.402,0,2,0.0,-4.6,0
247.402,0,2,0.0,-4.6,0
247.502,0,2,0.0,-4.6,0
247.502,0,2,0.0,-4.6,0
247.502,0,2,0.0,-4.6,0
247.502,0,2,0.0,-4.6,0
247.602,0,2,0.0,-4.6,0
247.602,0,2,0.0,-4.6,0
247.602,0,2,0.0,-4.6,0
247.702,0,2,0.0,-4.6,0
247.702,0,2,0.0,-4.6,0
247.702,0,2,0.0,-4.6,0
247.702,0,2,0.0,-4.6,0
247.802,0,2,0.0,-4.6,0
247.802,0,2,0.0,-4.6,0
247.802,0,2,0.0,-4.6,0
247.902,0,2,0.0,-4.6,0
247.902,0,2,0.0,-4.6,0
247.902,0,2,0.0,-4.6,0
247.902,0,2,0.0,-4.6,0
248.002,0,2,0.0,-4.6,0
248.002,0,2,0.0,-4.6,0
248.002,0,2,0.0,-4.6,0
248.002,0,2,0.0,-4.6,0
248.102,0,2,0.0,-4.6,0
248.102,0,2,0.0,-4.6,0
248.102,0,2,0.0,-4.6,0
248.202,0,2,0.0,-4.6,0
248.202,0,2,0.0,-4.6,0
248.202,0,2,0.0,-4.6,0
248.202,0,2,0.0,-4.6,0
248.302,0,2,0.0,-4.6,0
248.302,0,2,0.0,-4.6,0
248.302,0,2,0.0,-4.6,0
248.402,0,2,0.0,-4.6,0
248.402,0,2,0.0,-4.6,0
248.402,0,2,0.0,-4.6,0
248.402,0,2,0.0,-4.6,0
248.502,0,2,0.0,-4.6,0
248.502,0,2,0.0,-4.6,0
248.502,0,2,0.0,-4.6,0
248.602,0,2,0.0,-4.6,0
248.602,0,2,0.0,-4.6,0
248.602,0,2,0.0,-4.6,0
248.602,0,2,0.0,-4.6,0
248.702,0,2,0.0,-4.6,0
248.702,0,2,0.0,-4.6,0
248.702,0,2,0.0,-4.6,0
248.702,0,2,0.0,-4.6,0
248.802,0,2,0.0,-4.6,0
248.802,0,2,0.0,-4.6,0
248.802,0,2,0.0,-4.6,0
248.902,0,2,0.0,-4.6,0
248.902,0,2,0.0,-4.6,0
248.902,0,2,0.0,-4.6,0
248.902,0,2,0.0,-4.6,0
249.002,0,2,0.0,-4.6,0
249.002,0,2,0.0,-4.6,0
249.002,0,2,0.0,-4.6,0
249.102,0,2,0.0,-4.6,0
249.102,0,2,0.0,-4.6,0
249.102,0,2,0.0,-4.6,0
249.102,0,2,0.0,-4.6,0
249.202,0,2,0.0,-4.6,0
249.202,0,2,0.0,-4.6,0
249.202,0,2,0.0,-4.6,0
249.302,0,2,0.0,-4.6,0
249.302,0,2,0.0,-4.6,0
249.302,0,2,0.0,-4.6,0
249.302,0,2,0.0,-4.6,0
249.402,0,2,0.0,-4.6,0
249.402,0,2,0.0,-4.6,0
249.402,0,2,0.0,-4.6,0
249.502,0,2,0.0,-4.6,0
249.502,0,2,0.0,-4.6,0
249.502,0,2,0.0,-4.6,0
249.502,0,2,0.0,-4.6,0
249.602,0,2,0.0,-4.6,0
249.602,0,2,0.0,-4.6,0
249.602,0,2,0.0,-4.6,0
249.602,0,2,0.0,-4.6,0
249.702,0,2,0.0,-4.6,0
249.702,0,2,0.0,-4.6,0
249.702,0,2,0.0,-4.6,0
249.802,0,2,0.0,-4.6,0
249.802,0,2,0.0,-4.6,0
249.802,0,2,0.0,-4.6,0
249.802,0,2,0.0,-4.6,0
249.902,0,2,0.0,-4.6,0
249.902,0,2,0.0,-4.6,0
249.902,0,2,0.0,-4.6,0
250.002,0,2,0.0,-4.6,0
250.002,0,2,0.0,-4.6,0
250.002,0,2,0.0,-4.6,0
250.002,0,2,0.0,-4.6,0
250.102,0,2,0.0,-4.6,0
250.102,0,2,0.0,-4.6,0
250.102,0,2,0.0,-4.6,0
250.202,0,0,0.0,0.0,0
250.202,0,0,0.0,0.0,0
250.202,0,0,0.0,0.0,0
250.202,0,0,0.0,0.0,0
250.302,2,0,-57.0,0.0,0
250.302,2,0,-57.0,0.0,0
250.302,2,0,-57.0,0.0,0
250.302,2,0,-57.0,0.0,0
250.402,2,0,-57.0,0.0,0
250.402,2,0,-57.0,0.0,0
250.402,2,0,-57.0,0.0,0
250.502,2,0,-57.0,0.0,0
250.502,2,0,-57.0,0.0,0
250.502,2,0,-57.0,0.0,0
250.502,2,0,-57.0,0.0,0
250.602,2,0,-57.0,0.0,0
250.602,2,0,-57.0,0.0,0
250.602,2,0,-57.0,0.0,0
250.702,2,0,-57.0,0.0,0
250.702,2,0,-57.0,0.0,0
250.702,2,0,-57.0,0.0,0
250.702,2,0,-57.0,0.0,0
250.802,2,0,-57.0,0.0,0
250.802,2,0,-57.0,0.0,0
250.802,2,0,-57.0,0.0,0
250.902,2,0,-57.0,0.0,0
250.902,2,0,-57.0,0.0,0
250.902,2,0,-57.0,0.0,0
250.902,2,0,-57.0,0.0,0
251.002,2,0,-57.0,0.0,0
251.002,2,0,-57.0,0.0,0
251.002,2,0,-57.0,0.0,0
251.102,2,0,-57.0,0.0,0
251.102,2,0,-57.0,0.0,0
251.102,2,0,-57.0,0.0,0
251.102,2,0,-57.0,0.0,0
251.202,2,0,-57.0,0.0,0
251.202,2,0,-57.0,0.0,0
251.202,2,0,-57.0,0.0,0
251.202,2,0,-57.0,0.0,0
251.302,2,0,-57.0,0.0,0
251.302,2,0,-57.0,0.0,0
251.302,2,0,-57.0,0.0,0
251.402,2,0,-57.0,0.0,0
251.402,2,0,-57.0,0.0,0
251.402,2,0,-57.0,0.0,0
251.402,2,0,-57.0,0.0,0
251.502,2,0,-57.0,0.0,0
251.502,2,0,-57.0,0.0,0
251.502,2,0,-57.0,0.0,0
251.602,2,0,-57.0,0.0,0
251.602,2,0,-57.0,0.0,0
251.602,2,0,-57.0,0.0,0
251.602,2,0,-57.0,0.0,0
251.702,2,0,-57.0,0.0,0
251.702,2,0,-57.0,0.0,0
251.702,2,0,-57.0,0.0,0
251.802,2,0,-57.0,0.0,0
251.802,2,0,-57.0,0.0,0
251.802,2,0,-57.0,0.0,0
251.802,2,0,-57.0,0.0,0
251.902,2,0,-57.0,0.0,0
251.902,2,0,-57.0,0.0,0
251.902,2,0,-57.0,0.0,0
251.902,2,0,-57.0,0.0,0
252.002,2,0,-57.0,0.0,0
252.002,2,0,-57.0,0.0,0
252.002,2,0,-57.0,0.0,0
252.102,2,0,-57.0,0.0,0
252.102,2,0,-57.0,0.0,0
252.102,2,0,-57.0,0.0,0
252.102,2,0,-57.0,0.0,0
252.202,2,0,-57.0,0.0,0
252.202,2,0,-57.0,0.0,0
252.202,2,0,-57.0,0.0,0
252.302,2,0,-57.0,0.0,0
252.302,2,0,-57.0,0.0,0
252.302,2,0,-57.0,0.0,0
252.302,2,0,-57.0,0.0,0
252.402,2,0,-57.0,0.0,0
252.402,2,0,-57.0,0.0,0
252.402,2,0,-57.0,0.0,0
252.502,2,0,-57.0,0.0,0
252.502,2,0,-57.0,0.0,0
252.502,2,0,-57.0,0.0,0
252.502,2,0,-57.0,0.0,0
252.602,2,0,-57.0,0.0,0
252.602,2,0,-57.0,0.0,0
252.602,2,0,-57.0,0.0,0
252.602,2,0,-57.0,0.0,0
252.702,2,0,-57.0,0.0,0
252.702,2,0,-57.0,0.0,0
252.702,2,0,-57.0,0.0,0
252.802,2,0,-57.0,0.0,0
252.802,2,0,-57.0,0.0,0
252.802,2,0,-57.0,0.0,0
252.802,2,0,-57.0,0.0,0
252.902,2,0,-57.0,0.0,0
252.902,2,0,-57.0,0.0,0
252.902,2,0,-57.0,0.0,0
253.002,2,0,-57.0,0.0,0
253.002,2,0,-57.0,0.0,0
253.002,2,0,-57.0,0.0,0
253.002,2,0,-57.0,0.0,0
253.102,2,0,-57.0,0.0,0
253.102,2,0,-57.0,0.0,0
253.102,2,0,-57.0,0.0,0
253.202,2,0,-57.0,0.0,0
253.202,2,0,-57.0,0.0,0
253.202,2,0,-57.0,0.0,0
253.202,2,0,-57.0,0.0,0
253.302,2,0,-57.0,0.0,0
253.302,2,0,-57.0,0.0,0
253.302,2,0,-57.0,0.0,0
253.402,2,0,-57.0,0.0,0
253.402,2,0,-57.0,0.0,0
253.402,2,0,-57.0,0.0,0
253.402,2,0,-57.0,0.0,0
253.502,2,0,-57.0,0.0,0
253.502,2,0,-57.0,0.0,0
253.502,2,0,-57.0,0.0,0
253.502,2,0,-57.0,0.0,0
253.602,2,0,-57.0,0.0,0
253.602,2,0,-57.0,0.0,0
253.602,2,0,-57.0,0.0,0
253.702,2,0,-57.0,0.0,0
253.702,2,0,-57.0,0.0,0
253.702,2,0,-57.0,0.0,0
253.702,2,0,-57.0,0.0,0
253.802,2,0,-57.0,0.0,0
253.802,2,0,-57.0,0.0,0
253.802,2,0,-57.0,0.0,0
253.902,2,0,-57.0,0.0,0
253.902,2,0,-57.0,0.0,0
253.902,2,0,-57.0,0.0,0
253.902,2,0,-57.0,0.0,0
254.002,2,0,-57.0,0.0,0
254.002,2,0,-57.0,0.0,0
254.002,2,0,-57.0,0.0,0
254.102,2,0,-57.0,0.0,0
254.102,2,0,-57.0,0.0,0
254.102,2,0,-57.0,0.0,0
254.102,2,0,-57.0,0.0,0
254.202,2,0,-57.0,0.0,0
254.202,2,0,-57.0,0.0,0
254.202,2,0,-57.0,0.0,0
254.202,2,0,-57.0,0.0,0
254.302,2,0,-57.0,0.0,0
254.302,2,0,-57.0,0.0,0
254.302,2,0,-57.0,0.0,0
254.402,2,0,-57.0,0.0,0
254.402,2,0,-57.0,0.0,0
254.402,2,0,-57.0,0.0,0
254.402,2,0,-57.0,0.0,0
254.502,2,0,-57.0,0.0,0
254.502,2,0,-57.0,0.0,0
254.502,2,0,-57.0,0.0,0
254.602,2,0,-57.0,0.0,0
254.602,2,0,-57.0,0.0,0
254.602,2,0,-57.0,0.0,0
254.602,2,0,-57.0,0.0,0
254.702,2,0,-57.0,0.0,0
254.702,2,0,-57.0,0.0,0
254.702,2,0,-57.0,0.0,0
254.802,2,0,-57.0,0.0,0
254.802,2,0,-57.0,0.0,0
254.802,2,0,-57.0,0.0,0
254.802,2,0,-57.0,0.0,0
254.902,2,0,-57.0,0.0,0
254.902,2,0,-57.0,0.0,0
254.902,2,0,-57.0,0.0,0
255.002,2,0,-57.0,0.0,0
255.002,2,0,-57.0,0.0,0
255.002,2,0,-57.0,0.0,0
255.002,2,0,-57.0,0.0,0
255.102,2,0,-57.0,0.0,0
255.102,2,0,-57.0,0.0,0
255.102,2,0,-57.0,0.0,0
255.102,2,0,-57.0,0.0,0
255.202,2,0,-57.0,0.0,0
255.202,2,0,-57.0,0.0,0
255.202,2,0,-57.0,0.0,0
255.302,2,0,-57.0,0.0,0
255.302,2,0,-57.0,0.0,0
255.302,2,0,-57.0,0.0,0
255.302,2,0,-57.0,0.0,0
255.402,2,0,-57.0,0.0,0
255.402,2,0,-57.0,0.0,0
255.402,2,0,-57.0,0.0,0
255.502,2,0,-57.0,0.0,0
255.502,2,0,-57.0,0.0,0
255.502,2,0,-57.0,0.0,0
255.502,2,0,-57.0,0.0,0
255.602,2,0,-57.0,0.0,0
255.602,2,0,-57.0,0.0,0
255.602,2,0,-57.0,0.0,0
255.702,2,0,-57.0,0.0,0
255.702,2,0,-57.0,0.0,0
255.702,2,0,-57.0,0.0,0
255.702,2,0,-57.0,0.0,0
255.802,2,0,-57.0,0.0,0
255.802,2,0,-57.0,0.0,0
255.802,2,0,-57.0,0.0,0
255.802,2,0,-57.0,0.0,0
255.902,2,0,-57.0,0.0,0
255.902,2,0,-57.0,0.0,0
255.902,2,0,-57.0,0.0,0
256.002,2,0,-57.0,0.0,0
256.002,2,0,-57.0,0.0,0
256.002,2,0,-57.0,0.0,0
256.002,2,0,-57.0,0.0,0
256.102,2,0,-57.0,0.0,0
256.102,2,0,-57.0,0.0,0
256.102,2,0,-57.0,0.0,0
256.202,2,0,-57.0,0.0,0
256.202,2,0,-57.0,0.0,0
256.202,2,0,-57.0,0.0,0
256.202,2,0,-57.0,0.0,0
256.302,2,0,-57.0,0.0,0
256.302,2,0,-57.0,0.0,0
256.302,2,0,-57.0,0.0,0
256.402,2,0,-57.0,0.0,0
256.402,2,0,-57.0,0.0,0
256.402,2,0,-57.0,0.0,0
256.402,2,0,-57.0,0.0,0
256.502,2,0,-57.0,0.0,0
256.502,2,0,-57.0,0.0,0
256.502,2,0,-57.0,0.0,0
256.502,2,0,-57.0,0.0,0
256.602,2,0,-57.0,0.0,0
256.602,2,0,-57.0,0.0,0
256.602,2,0,-57.0,0.0,0
256.702,2,0,-57.0,0.0,0
256.702,2,0,-57.0,0.0,0
256.702,2,0,-57.0,0.0,0
256.702,2,0,-57.0,0.0,0
256.802,2,0,-57.0,0.0,0
256.802,2,0,-57.0,0.0,0
256.802,2,0,-57.0,0.0,0
256.902,2,0,-57.0,0.0,0
256.902,2,0,-57.0,0.0,0
256.902,2,0,-57.0,0.0,0
256.902,2,0,-57.0,0.0,0
257.002,2,0,-57.0,0.0,0
257.002,2,0,-57.0,0.0,0
257.002,2,0,-57.0,0.0,0
257.102,2,0,-57.0,0.0,0
257.102,2,0,-57.0,0.0,0
257.102,2,0,-57.0,0.0,0
257.102,2,0,-57.0,0.0,0
257.202,2,0,-57.0,0.0,0
257.202,2,0,-57.0,0.0,0
257.202,2,0,-57.0,0.0,0
257.202,2,0,-57.0,0.0,0
257.302,2,0,-57.0,0.0,0
257.302,2,0,-57.0,0.0,0
257.302,2,0,-57.0,0.0,0
257.402,2,0,-57.0,0.0,0
257.402,2,0,-57.0,0.0,0
257.402,2,0,-57.0,0.0,0
257.402,2,0,-57.0,0.0,0
257.502,2,0,-57.0,0.0,0
257.502,2,0,-57.0,0.0,0
257.502,2,0,-57.0,0.0,0
257.602,2,0,-57.0,0.0,0
257.602,2,0,-57.0,0.0,0
257.602,2,0,-57.0,0.0,0
257.602,2,0,-57.0,0.0,0
257.702,2,0,-57.0,0.0,0
257.702,2,0,-57.0,0.0,0
257.702,2,0,-57.0,0.0,0
257.802,2,0,-57.0,0.0,0
257.802,2,0,-57.0,0.0,0
257.802,2,0,-57.0,0.0,0
257.802,2,0,-57.0,0.0,0
257.902,2,0,-57.0,0.0,0
257.902,2,0,-57.0,0.0,0
257.902,2,0,-57.0,0.0,0
258.002,2,0,-57.0,0.0,0
258.002,2,0,-57.0,0.0,0
258.002,2,0,-57.0,0.0,0
258.002,2,0,-57.0,0.0,0
258.102,2,0,-57.0,0.0,0
258.102,2,0,-57.0,0.0,0
258.102,2,0,-57.0,0.0,0
258.102,2,0,-57.0,0.0,0
258.202,2,0,-57.0,0.0,0
258.202,2,0,-57.0,0.0,0
258.202,2,0,-57.0,0.0,0
258.302,2,0,-57.0,0.0,0
258.302,2,0,-57.0,0.0,0
258.302,2,0,-57.0,0.0,0
258.302,2,0,-57.0,0.0,0
258.402,2,0,-57.0,0.0,0
258.402,2,0,-57.0,0.0,0
258.402,2,0,-57.0,0.0,0
258.502,2,0,-57.0,0.0,0
258.502,2,0,-57.0,0.0,0
258.502,2,0,-57.0,0.0,0
258.502,2,0,-57.0,0.0,0
258.602,2,0,-57.0,0.0,0
258.602,2,0,-57.0,0.0,0
258.602,2,0,-57.0,0.0,0
258.702,2,0,-57.0,0.0,0
258.702,2,0,-57.0,0.0,0
258.702,2,0,-57.0,0.0,0
258.702,2,0,-57.0,0.0,0
258.802,2,0,-57.0,0.0,0
258.802,2,0,-57.0,0.0,0
258.802,2,0,-57.0,0.0,0
258.802,2,0,-57.0,0.0,0
258.902,2,0,-57.0,0.0,0
258.902,2,0,-57.0,0.0,0
258.902,2,0,-57.0,0.0,0
259.002,2,0,-57.0,0.0,0
259.002,2,0,-57.0,0.0,0
259.002,2,0,-57.0,0.0,0
259.002,2,0,-57.0,0.0,0
259.102,2,0,-57.0,0.0,0
259.102,2,0,-57.0,0.0,0
259.102,2,0,-57.0,0.0,0
259.202,2,0,-57.0,0.0,0
259.202,2,0,-57.0,0.0,0
259.202,2,0,-57.0,0.0,0
259.202,2,0,-57.0,0.0,0
259.302,2,0,-57.0,0.0,0
259.302,2,0,-57.0,0.0,0
259.302,2,0,-57.0,0.0,0
259.402,2,0,-57.0,0.0,0
259.402,2,0,-57.0,0.0,0
259.402,2,0,-57.0,0.0,0
259.402,2,0,-57.0,0.0,0
259.502,2,0,-57.0,0.0,0
259.502,2,0,-57.0,0.0,0
259.502,2,0,-57.0,0.0,0
259.602,2,0,-57.0,0.0,0
259.602,2,0,-57.0,0.0,0
259.602,2,0,-57.0,0.0,0
259.602,2,0,-57.0,0.0,0
259.702,2,0,-57.0,0.0,0
259.702,2,0,-57.0,0.0,0
259.702,2,0,-57.0,0.0,0
259.702,2,0,-57.0,0.0,0
259.802,2,0,-57.0,0.0,0
259.802,2,0,-57.0,0.0,0
259.802,2,0,-57.0,0.0,0
259.902,2,0,-57.0,0.0,0
259.902,2,0,-57.0,0.0,0
259.902,2,0,-57.0,0.0,0
259.902,2,0,-57.0,0.0,0
260.002,2,0,-57.0,0.0,0
260.002,2,0,-57.0,0.0,0
260.002,2,0,-57.0,0.0,0
260.102,2,0,-57.0,0.0,0
260.102,2,0,-57.0,0.0,0
260.102,2,0,-57.0,0.0,0
260.102,2,0,-57.0,0.0,0
260.202,2,0,-57.0,0.0,0
260.202,2,0,-57.0,0.0,0
260.202,2,0,-57.0,0.0,0
260.302,2,0,-57.0,0.0,0
260.302,2,0,-57.0,0.0,0
260.302,2,0,-57.0,0.0,0
260.302,2,0,-57.0,0.0,0
260.402,2,0,-57.0,0.0,0
260.402,2,0,-57.0,0.0,0
260.402,2,0,-57.0,0.0,0
260.402,2,0,-57.0,0.0,0
260.502,2,0,-57.0,0.0,0
260.502,2,0,-57.0,0.0,0
260.502,2,0,-57.0,0.0,0
260.602,2,0,-57.0,0.0,0
260.602,2,0,-57.0,0.0,0
260.602,2,0,-57.0,0.0,0
260.602,2,0,-57.0,0.0,0
260.702,2,0,-57.0,0.0,0
260.702,2,0,-57.0,0.0,0
260.702,2,0,-57.0,0.0,0
260.802,2,0,-57.0,0.0,0
260.802,2,0,-57.0,0.0,0
260.802,2,0,-57.0,0.0,0
260.802,2,0,-57.0,0.0,0
260.902,2,0,-57.0,0.0,0
260.902,2,0,-57.0,0.0,0
260.902,2,0,-57.0,0.0,0
261.002,2,0,-57.0,0.0,0
261.002,2,0,-57.0,0.0,0
261.002,2,0,-57.0,0.0,0
261.002,2,0,-57.0,0.0,0
261.102,2,0,-57.0,0.0,0
261.102,2,0,-57.0,0.0,0
261.102,2,0,-57.0,0.0,0
261.102,2,0,-57.0,0.0,0
261.202,2,0,-57.0,0.0,0
261.202,2,0,-57.0,0.0,0
261.202,2,0,-57.0,0.0,0
261.302,2,0,-57.0,0.0,0
261.302,2,0,-57.0,0.0,0
261.302,2,0,-57.0,0.0,0
261.302,2,0,-57.0,0.0,0
261.402,2,0,-57.0,0.0,0
261.402,2,0,-57.0,0.0,0
261.402,2,0,-57.0,0.0,0
261.502,2,0,-57.0,0.0,0
261.502,2,0,-57.0,0.0,0
261.502,2,0,-57.0,0.0,0
261.502,2,0,-57.0,0.0,0
261.602,0,0,0.0,0.0,0
261.602,0,0,0.0,0.0,0
261.602,0,0,0.0,0.0,0
261.702,0,0,0.0,0.0,0
261.702,0,0,0.0,0.0,0
261.702,0,0,0.0,0.0,0
261.702,0,0,0.0,0.0,0
261.802,0,1,0.0,2.0,0
261.802,0,1,0.0,2.0,0
261.802,0,1,0.0,2.0,0
261.902,0,1,0.0,2.0,0
261.902,0,1,0.0,2.0,0
261.902,0,1,0.0,2.0,0
261.902,0,1,0.0,2.0,0
262.002,0,1,0.0,2.0,0
262.002,0,1,0.0,2.0,0
262.002,0,1,0.0,2.0,0
262.002,0,1,0.0,2.0,0
262.102,0,1,0.0,2.0,0
262.102,0,1,0.0,2.0,0
262.102,0,1,0.0,2.0,0
262.202,0,1,0.0,2.0,0
262.202,0,1,0.0,2.0,0
262.202,0,1,0.0,2.0,0
262.202,0,1,0.0,2.0,0
262.302,0,1,0.0,2.0,0
262.302,0,1,0.0,2.0,0
262.302,0,1,0.0,2.0,0
262.402,0,1,0.0,2.0,0
262.402,0,1,0.0,2.0,0
262.402,0,1,0.0,2.0,0
262.402,0,1,0.0,2.0,0
262.502,0,1,0.0,2.0,0
262.502,0,1,0.0,2.0,0
262.502,0,1,0.0,2.0,0
262.602,0,1,0.0,2.0,0
262.602,0,1,0.0,2.0,0
262.602,0,1,0.0,2.0,0
262.602,0,1,0.0,2.0,0
262.702,0,1,0.0,2.0,0
262.702,0,1,0.0,2.0,0
262.702,0,1,0.0,2.0,0
262.702,0,1,0.0,2.0,0
262.802,0,1,0.0,2.0,0
262.802,0,1,0.0,2.0,0
262.802,0,1,0.0,2.0,0
262.902,0,1,0.0,2.0,0
262.902,0,1,0.0,2.0,0
262.902,0,1,0.0,2.0,0
262.902,0,1,0.0,2.0,0
263.002,0,1,0.0,2.0,0
263.002,0,1,0.0,2.0,0
263.002,0,1,0.0,2.0,0
263.102,0,1,0.0,2.0,0
263.102,0,1,0.0,2.0,0
263.102,0,1,0.0,2.0,0
263.102,0,1,0.0,2.0,0
263.202,0,1,0.0,2.0,0
263.202,0,1,0.0,2.0,0
263.202,0,1,0.0,2.0,0
263.302,0,1,0.0,2.0,0
263.302,0,1,0.0,2.0,0
263.302,0,1,0.0,2.0,0
263.302,0,1,0.0,2.0,0
263.402,0,1,0.0,2.0,0
263.402,0,1,0.0,2.0,0
263.402,0,1,0.0,2.0,0
263.502,0,1,0.0,2.0,0
263.502,0,1,0.0,2.0,0
263.502,0,1,0.0,2.0,0
263.502,0,1,0.0,2.0,0
263.602,0,1,0.0,2.0,0
263.602,0,1,0.0,2.0,0
263.602,0,1,0.0,2.0,0
263.602,0,1,0.0,2.0,0
263.702,0,1,0.0,2.0,0
263.702,0,1,0.0,2.0,0
263.702,0,1,0.0,2.0,0
263.802,0,1,0.0,2.0,0
263.802,0,1,0.0,2.0,0
263.802,0,1,0.0,2.0,0
263.802,0,1,0.0,2.0,0
263.902,0,1,0.0,2.0,0
263.902,0,1,0.0,2.0,0
263.902,0,1,0.0,2.0,0
264.002,0,1,0.0,2.0,0
264.002,0,1,0.0,2.0,0
264.002,0,1,0.0,2.0,0
264.002,0,1,0.0,2.0,0
264.102,0,1,0.0,2.0,0
264.102,0,1,0.0,2.0,0
264.102,0,1,0.0,2.0,0
264.202,0,1,0.0,2.0,0
264.202,0,1,0.0,2.0,0
264.202,0,1,0.0,2.0,0
264.202,0,1,0.0,2.0,0
264.302,0,1,0.0,2.0,0
264.302,0,1,0.0,2.0,0
264.302,0,1,0.0,2.0,0
264.302,0,1,0.0,2.0,0
264.402,0,1,0.0,2.0,0
264.402,0,1,0.0,2.0,0
264.402,0,1,0.0,2.0,0
264.502,0,1,0.0,2.0,0
264.502,0,1,0.0,2.0,0
264.502,0,1,0.0,2.0,0
264.502,0,1,0.0,2.0,0
264.602,0,1,0.0,2.0,0
264.602,0,1,0.0,2.0,0
264.602,0,1,0.0,2.0,0
264.702,0,1,0.0,2.0,0
264.702,0,1,0.0,2.0,0
264.702,0,1,0.0,2.0,0
264.702,0,1,0.0,2.0,0
264.802,0,1,0.0,2.0,0
264.802,0,1,0.0,2.0,0
264.802,0,1,0.0,2.0,0
264.902,0,1,0.0,2.0,0
264.902,0,1,0.0,2.0,0
264.902,0,1,0.0,2.0,0
264.902,0,1,0.0,2.0,0
265.002,0,1,0.0,2.0,0
265.002,0,1,0.0,2.0,0
265.002,0,1,0.0,2.0,0
265.002,0,1,0.0,2.0,0
265.102,0,1,0.0,2.0,0
265.102,0,1,0.0,2.0,0
265.102,0,1,0.0,2.0,0
265.202,0,1,0.0,2.0,0
265.202,0,1,0.0,2.0,0
265.202,0,1,0.0,2.0,0
265.202,0,1,0.0,2.0,0
265.302,0,1,0.0,2.0,0
265.302,0,1,0.0,2.0,0
265.302,0,1,0.0,2.0,0
265.402,0,1,0.0,2.0,0
265.402,0,1,0.0,2.0,0
265.402,0,1,0.0,2.0,0
265.402,0,1,0.0,2.0,0
265.502,0,1,0.0,2.0,0
265.502,0,1,0.0,2.0,0
265.502,0,1,0.0,2.0,0
265.602,0,1,0.0,2.0,0
265.602,0,1,0.0,2.0,0
265.602,0,1,0.0,2.0,0
265.602,0,1,0.0,2.0,0
265.702,0,1,0.0,2.0,0
265.702,0,1,0.0,2.0,0
265.702,0,1,0.0,2.0,0
265.802,0,1,0.0,2.0,0
265.802,0,1,0.0,2.0,0
265.802,0,1,0.0,2.0,0
265.802,0,1,0.0,2.0,0
265.902,0,1,0.0,2.0,0
265.902,0,1,0.0,2.0,0
265.902,0,1,0.0,2.0,0
265.902,0,1,0.0,2.0,0
266.002,0,1,0.0,2.0,0
266.002,0,1,0.0,2.0,0
266.002,0,1,0.0,2.0,0
266.102,0,1,0.0,2.0,0
266.102,0,1,0.0,2.0,0
266.102,0,1,0.0,2.0,0
266.102,0,1,0.0,2.0,0
266.202,0,1,0.0,2.0,0
266.202,0,1,0.0,2.0,0
266.202,0,1,0.0,2.0,0
266.302,0,1,0.0,2.0,0
266.302,0,1,0.0,2.0,0
266.302,0,1,0.0,2.0,0
266.302,0,1,0.0,2.0,0
266.402,0,1,0.0,2.0,0
266.402,0,1,0.0,2.0,0
266.402,0,1,0.0,2.0,0
266.502,0,1,0.0,2.0,0
266.502,0,1,0.0,2.0,0
266.502,0,1,0.0,2.0,0
266.502,0,1,0.0,2.0,0
266.602,0,1,0.0,2.0,0
266.602,0,1,0.0,2.0,0
266.602,0,1,0.0,2.0,0
266.602,0,1,0.0,2.0,0
266.702,0,1,0.0,2.0,0
266.702,0,1,0.0,2.0,0
266.702,0,1,0.0,2.0,0
266.802,0,1,0.0,2.0,0
266.802,0,1,0.0,2.0,0
266.802,0,1,0.0,2.0,0
266.802,0,1,0.0,2.0,0
266.902,0,1,0.0,2.0,0
266.902,0,1,0.0,2.0,0
266.902,0,1,0.0,2.0,0
267.002,0,1,0.0,2.0,0
267.002,0,1,0.0,2.0,0
267.002,0,1,0.0,2.0,0
267.002,0,1,0.0,2.0,0
267.102,0,1,0.0,2.0,0
267.102,0,1,0.0,2.0,0
267.102,0,1,0.0,2.0,0
267.202,0,1,0.0,2.0,0
267.202,0,1,0.0,2.0,0
267.202,0,1,0.0,2.0,0
267.202,0,1,0.0,2.0,0
267.302,0,1,0.0,2.0,0
267.302,0,1,0.0,2.0,0
267.302,0,1,0.0,2.0,0
267.302,0,1,0.0,2.0,0
267.402,0,1,0.0,2.0,0
267.402,0,1,0.0,2.0,0
267.402,0,1,0.0,2.0,0
267.502,0,1,0.0,2.0,0
267.502,0,1,0.0,2.0,0
267.502,0,1,0.0,2.0,0
267.502,0,1,0.0,2.0,0
267.602,0,1,0.0,2.0,0
267.602,0,1,0.0,2.0,0
267.602,0,1,0.0,2.0,0
267.702,0,1,0.0,2.0,0
267.702,0,1,0.0,2.0,0
267.702,0,1,0.0,2.0,0
267.702,0,1,0.0,2.0,0
267.802,0,1,0.0,2.0,0
267.802,0,1,0.0,2.0,0
267.802,0,1,0.0,2.0,0
267.902,0,1,0.0,2.0,0
267.902,0,1,0.0,2.0,0
267.902,0,1,0.0,2.0,0
267.902,0,1,0.0,2.0,0
268.002,0,1,0.0,2.0,0
268.002,0,1,0.0,2.0,0
268.002,0,1,0.0,2.0,0
268.102,0,1,0.0,2.0,0
268.102,0,1,0.0,2.0,0
268.102,0,1,0.0,2.0,0
268.102,0,1,0.0,2.0,0
268.202,0,1,0.0,2.0,0
268.202,0,1,0.0,2.0,0
268.202,0,1,0.0,2.0,0
268.202,0,1,0.0,2.0,0
268.302,0,1,0.0,2.0,0
268.302,0,1,0.0,2.0,0
268.302,0,1,0.0,2.0,0
268.402,0,1,0.0,2.0,0
268.402,0,1,0.0,2.0,0
268.402,0,1,0.0,2.0,0
268.402,0,1,0.0,2.0,0
268.502,0,1,0.0,2.0,0
268.502,0,1,0.0,2.0,0
268.502,0,1,0.0,2.0,0
268.602,0,1,0.0,2.0,0
268.602,0,1,0.0,2.0,0
268.602,0,1,0.0,2.0,0
268.602,0,1,0.0,2.0,0
268.702,0,1,0.0,2.0,0
268.702,0,1,0.0,2.0,0
268.702,0,1,0.0,2.0,0
268.802,0,1,0.0,2.0,0
268.802,0,1,0.0,2.0,0
268.802,0,1,0.0,2.0,0
268.802,0,1,0.0,2.0,0
268.902,0,1,0.0,2.0,0
268.902,0,1,0.0,2.0,0
268.902,0,1,0.0,2.0,0
268.902,0,1,0.0,2.0,0
269.002,0,1,0.0,2.0,0
269.002,0,1,0.0,2.0,0
269.002,0,1,0.0,2.0,0
269.102,0,1,0.0,2.0,0
269.102,0,1,0.0,2.0,0
269.102,0,1,0.0,2.0,0
269.102,0,1,0.0,2.0,0
269.202,0,1,0.0,2.0,0
269.202,0,1,0.0,2.0,0
269.202,0,1,0.0,2.0,0
269.302,0,1,0.0,2.0,0
269.302,0,1,0.0,2.0,0
269.302,0,1,0.0,2.0,0
269.302,0,1,0.0,2.0,0
269.402,0,1,0.0,2.0,0
269.402,0,1,0.0,2.0,0
269.402,0,1,0.0,2.0,0
269.502,0,1,0.0,2.0,0
269.502,0,1,0.0,2.0,0
269.502,0,1,0.0,2.0,0
269.502,0,1,0.0,2.0,0
269.602,0,1,0.0,2.0,0
269.602,0,1,0.0,2.0,0
269.602,0,1,0.0,2.0,0
269.702,0,1,0.0,2.0,0
269.702,0,1,0.0,2.0,0
269.702,0,1,0.0,2.0,0
269.702,0,1,0.0,2.0,0
269.802,0,1,0.0,2.0,0
269.802,0,1,0.0,2.0,0
269.802,0,1,0.0,2.0,0
269.802,0,1,0.0,2.0,0
269.902,0,1,0.0,2.0,0
269.902,0,1,0.0,2.0,0
269.902,0,1,0.0,2.0,0
270.002,0,1,0.0,2.0,0
270.002,0,1,0.0,2.0,0
270.002,0,1,0.0,2.0,0
270.002,0,1,0.0,2.0,0
270.102,0,1,0.0,2.0,0
270.102,0,1,0.0,2.0,0
270.102,0,1,0.0,2.0,0
270.202,0,1,0.0,2.0,0
270.202,0,1,0.0,2.0,0
270.202,0,1,0.0,2.0,0
270.202,0,1,0.0,2.0,0
270.302,0,1,0.0,2.0,0
270.302,0,1,0.0,2.0,0
270.302,0,1,0.0,2.0,0
270.402,0,1,0.0,2.0,0
270.402,0,1,0.0,2.0,0
270.402,0,1,0.0,2.0,0
270.402,0,1,0.0,2.0,0
270.502,0,1,0.0,2.0,0
270.502,0,1,0.0,2.0,0
270.502,0,1,0.0,2.0,0
270.502,0,1,0.0,2.0,0
270.602,0,1,0.0,2.0,0
270.602,0,1,0.0,2.0,0
270.602,0,1,0.0,2.0,0
270.702,0,1,0.0,2.0,0
270.702,0,1,0.0,2.0,0
270.702,0,1,0.0,2.0,0
270.702,0,1,0.0,2.0,0
270.802,0,1,0.0,2.0,0
270.802,0,1,0.0,2.0,0
270.802,0,1,0.0,2.0,0
270.902,0,1,0.0,2.0,0
270.902,0,1,0.0,2.0,0
270.902,0,1,0.0,2.0,0
270.902,0,1,0.0,2.0,0
271.002,0,1,0.0,2.0,0
271.002,0,1,0.0,2.0,0
271.002,0,1,0.0,2.0,0
271.102,0,1,0.0,2.0,0
271.102,0,1,0.0,2.0,0
271.102,0,1,0.0,2.0,0
271.102,0,1,0.0,2.0,0
271.202,0,1,0.0,2.0,0
271.202,0,1,0.0,2.0,0
271.202,0,1,0.0,2.0,0
271.202,0,1,0.0,2.0,0
271.302,0,1,0.0,2.0,0
271.302,0,1,0.0,2.0,0
271.302,0,1,0.0,2.0,0
271.402,0,1,0.0,2.0,0
271.402,0,1,0.0,2.0,0
271.402,0,1,0.0,2.0,0
271.402,0,1,0.0,2.0,0
271.502,0,1,0.0,2.0,0
271.502,0,1,0.0,2.0,0
271.502,0,1,0.0,2.0,0
271.602,0,1,0.0,2.0,0
271.602,0,1,0.0,2.0,0
271.602,0,1,0.0,2.0,0
271.602,0,1,0.0,2.0,0
271.702,0,1,0.0,2.0,0
271.702,0,1,0.0,2.0,0
271.702,0,1,0.0,2.0,0
271.802,0,1,0.0,2.0,0
271.802,0,1,0.0,2.0,0
271.802,0,1,0.0,2.0,0
271.802,0,1,0.0,2.0,0
271.902,0,1,0.0,2.0,0
271.902,0,1,0.0,2.0,0
271.902,0,1,0.0,2.0,0
272.002,0,1,0.0,2.0,0
272.002,0,1,0.0,2.0,0
272.002,0,1,0.0,2.0,0
272.002,0,1,0.0,2.0,0
272.102,0,1,0.0,2.0,0
272.102,0,1,0.0,2.0,0
272.102,0,1,0.0,2.0,0
272.102,0,1,0.0,2.0,0
272.202,0,1,0.0,2.0,0
272.202,0,1,0.0,2.0,0
272.202,0,1,0.0,2.0,0
272.302,0,1,0.0,2.0,0
272.302,0,1,0.0,2.0,0
272.302,0,1,0.0,2.0,0
272.302,0,1,0.0,2.0,0
272.402,0,1,0.0,2.0,0
272.402,0,1,0.0,2.0,0
272.402,0,1,0.0,2.0,0
272.502,0,1,0.0,2.0,0
272.502,0,1,0.0,2.0,0
272.502,0,1,0.0,2.0,0
272.502,0,1,0.0,2.0,0
272.602,0,1,0.0,2.0,0
272.602,0,1,0.0,2.0,0
272.602,0,1,0.0,2.0,0
272.702,0,1,0.0,2.0,0
272.702,0,1,0.0,2.0,0
272.702,0,1,0.0,2.0,0
272.702,0,1,0.0,2.0,0
272.802,0,1,0.0,2.0,0
272.802,0,1,0.0,2.0,0
272.802,0,1,0.0,2.0,0
272.802,0,1,0.0,2.0,0
272.902,0,1,0.0,2.0,0
272.902,0,1,0.0,2.0,0
272.902,0,1,0.0,2.0,0
273.002,0,1,0.0,2.0,0
273.002,0,1,0.0,2.0,0
273.002,0,1,0.0,2.0,0
273.002,0,1,0.0,2.0,0
273.102,0,1,0.0,2.0,0
273.102,0,1,0.0,2.0,0
273.102,0,1,0.0,2.0,0
273.202,0,1,0.0,2.0,0
273.202,0,1,0.0,2.0,0
273.202,0,1,0.0,2.0,0
273.202,0,1,0.0,2.0,0
273.302,0,1,0.0,2.0,0
273.302,0,1,0.0,2.0,0
273.302,0,1,0.0,2.0,0
273.402,0,1,0.0,2.0,0
273.402,0,1,0.0,2.0,0
273.402,0,1,0.0,2.0,0
273.402,0,1,0.0,2.0,0
273.502,0,1,0.0,2.0,0
273.502,0,1,0.0,2.0,0
273.502,0,1,0.0,2.0,0
273.602,0,1,0.0,2.0,0
273.602,0,1,0.0,2.0,0
273.602,0,1,0.0,2.0,0
273.602,0,1,0.0,2.0,0
273.702,0,1,0.0,2.0,0
273.702,0,1,0.0,2.0,0
273.702,0,1,0.0,2.0,0
273.702,0,1,0.0,2.0,0
273.802,0,1,0.0,2.0,0
273.802,0,1,0.0,2.0,0
273.802,0,1,0.0,2.0,0
273.902,0,1,0.0,2.0,0
273.902,0,1,0.0,2.0,0
273.902,0,1,0.0,2.0,0
273.902,0,1,0.0,2.0,0
274.002,0,1,0.0,2.0,0
274.002,0,1,0.0,2.0,0
274.002,0,1,0.0,2.0,0
274.102,0,1,0.0,2.0,0
274.102,0,1,0.0,2.0,0
274.102,0,1,0.0,2.0,0
274.102,0,1,0.0,2.0,0
274.202,0,1,0.0,2.0,0
274.202,0,1,0.0,2.0,0
274.202,0,1,0.0,2.0,0
274.302,0,1,0.0,2.0,0
274.302,0,1,0.0,2.0,0
274.302,0,1,0.0,2.0,0
274.302,0,1,0.0,2.0,0
274.402,0,1,0.0,2.0,0
274.402,0,1,0.0,2.0,0
274.402,0,1,0.0,2.0,0
274.402,0,1,0.0,2.0,0
274.502,0,1,0.0,2.0,0
274.502,0,1,0.0,2.0,0
274.502,0,1,0.0,2.0,0
274.602,0,1,0.0,2.0,0
274.602,0,1,0.0,2.0,0
274.602,0,1,0.0,2.0,0
274.602,0,1,0.0,2.0,0
274.702,0,1,0.0,2.0,0
274.702,0,1,0.0,2.0,0
274.702,0,1,0.0,2.0,0
274.802,0,1,0.0,2.0,0
274.802,0,1,0.0,2.0,0
274.802,0,1,0.0,2.0,0
274.802,0,1,0.0,2.0,0
274.902,0,1,0.0,2.0,0
274.902,0,1,0.0,2.0,0
274.902,0,1,0.0,2.0,0
275.002,0,1,0.0,2.0,0
275.002,0,1,0.0,2.0,0
275.002,0,1,0.0,2.0,0
275.002,0,1,0.0,2.0,0
275.102,0,1,0.0,2.0,0
275.102,0,1,0.0,2.0,0
275.102,0,1,0.0,2.0,0
275.102,0,1,0.0,2.0,0
275.202,0,1,0.0,2.0,0
275.202,0,1,0.0,2.0,0
275.202,0,1,0.0,2.0,0
275.302,0,1,0.0,2.0,0
275.302,0,1,0.0,2.0,0
275.302,0,1,0.0,2.0,0
275.302,0,1,0.0,2.0,0
275.402,0,1,0.0,2.0,0
275.402,0,1,0.0,2.0,0
275.402,0,1,0.0,2.0,0
275.502,0,1,0.0,2.0,0
275.502,0,1,0.0,2.0,0
275.502,0,1,0.0,2.0,0
275.502,0,1,0.0,2.0,0
275.602,0,1,0.0,2.0,0
275.602,0,1,0.0,2.0,0
275.602,0,1,0.0,2.0,0
275.702,0,1,0.0,2.0,0
275.702,0,1,0.0,2.0,0
275.702,0,1,0.0,2.0,0
275.702,0,1,0.0,2.0,0
275.802,0,1,0.0,2.0,0
275.802,0,1,0.0,2.0,0
275.802,0,1,0.0,2.0,0
275.802,0,1,0.0,2.0,0
275.902,0,1,0.0,2.0,0
275.902,0,1,0.0,2.0,0
275.902,0,1,0.0,2.0,0
276.002,0,1,0.0,2.0,0
276.002,0,1,0.0,2.0,0
276.002,0,1,0.0,2.0,0
276.002,0,1,0.0,2.0,0
276.102,0,1,0.0,2.0,0
276.102,0,1,0.0,2.0,0
276.102,0,1,0.0,2.0,0
276.202,0,1,0.0,2.0,0
276.202,0,1,0.0,2.0,0
276.202,0,1,0.0,2.0,0
276.202,0,1,0.0,2.0,0
276.302,0,1,0.0,2.0,0
276.302,0,1,0.0,2.0,0
276.302,0,1,0.0,2.0,0
276.402,0,1,0.0,2.0,0
276.402,0,1,0.0,2.0,0
276.402,0,1,0.0,2.0,0
276.402,0,1,0.0,2.0,0
276.502,0,1,0.0,2.0,0
276.502,0,1,0.0,2.0,0
276.502,0,1,0.0,2.0,0
276.602,0,1,0.0,2.0,0
276.602,0,1,0.0,2.0,0
276.602,0,1,0.0,2.0,0
276.602,0,1,0.0,2.0,0
276.702,0,1,0.0,2.0,0
276.702,0,1,0.0,2.0,0
276.702,0,1,0.0,2.0,0
276.702,0,1,0.0,2.0,0
276.802,0,1,0.0,2.0,0
276.802,0,1,0.0,2.0,0
276.802,0,1,0.0,2.0,0
276.902,0,1,0.0,2.0,0
276.902,0,1,0.0,2.0,0
276.902,0,1,0.0,2.0,0
276.902,0,1,0.0,2.0,0
277.002,0,1,0.0,2.0,0
277.002,0,1,0.0,2.0,0
277.002,0,1,0.0,2.0,0
277.102,0,1,0.0,2.0,0
277.102,0,1,0.0,2.0,0
277.102,0,1,0.0,2.0,0
277.102,0,1,0.0,2.0,0
277.202,0,1,0.0,2.0,0
277.202,0,1,0.0,2.0,0
277.202,0,1,0.0,2.0,0
277.302,0,1,0.0,2.0,0
277.302,0,1,0.0,2.0,0
277.302,0,1,0.0,2.0,0
277.302,0,1,0.0,2.0,0
277.402,0,1,0.0,2.0,0
277.402,0,1,0.0,2.0,0
277.402,0,1,0.0,2.0,0
277.402,0,1,0.0,2.0,0
277.502,0,1,0.0,2.0,0
277.502,0,1,0.0,2.0,0
277.502,0,1,0.0,2.0,0
277.602,0,1,0.0,2.0,0
277.602,0,1,0.0,2.0,0
277.602,0,1,0.0,2.0,0
277.602,0,1,0.0,2.0,0
277.702,0,1,0.0,2.0,0
277.702,0,1,0.0,2.0,0
277.702,0,1,0.0,2.0,0
277.802,0,1,0.0,2.0,0
277.802,0,1,0.0,2.0,0
277.802,0,1,0.0,2.0,0
277.802,0,1,0.0,2.0,0
277.902,0,1,0.0,2.0,0
277.902,0,1,0.0,2.0,0
277.902,0,1,0.0,2.0,0
278.002,0,1,0.0,2.0,0
278.002,0,1,0.0,2.0,0
278.002,0,1,0.0,2.0,0
278.002,0,1,0.0,2.0,0
278.102,0,1,0.0,2.0,0
278.102,0,1,0.0,2.0,0
278.102,0,1,0.0,2.0,0
278.102,0,1,0.0,2.0,0
278.202,0,1,0.0,2.0,0
278.202,0,1,0.0,2.0,0
278.202,0,1,0.0,2.0,0
278.302,0,1,0.0,2.0,0
278.302,0,1,0.0,2.0,0
278.302,0,1,0.0,2.0,0
278.302,0,1,0.0,2.0,0
278.402,0,1,0.0,2.0,0
278.402,0,1,0.0,2.0,0
278.402,0,1,0.0,2.0,0
278.502,0,1,0.0,2.0,0
278.502,0,1,0.0,2.0,0
278.502,0,1,0.0,2.0,0
278.502,0,1,0.0,2.0,0
278.602,0,1,0.0,2.0,0
278.602,0,1,0.0,2.0,0
278.602,0,1,0.0,2.0,0
278.702,0,1,0.0,2.0,0
278.702,0,1,0.0,2.0,0
278.702,0,1,0.0,2.0,0
278.702,0,1,0.0,2.0,0
278.802,0,1,0.0,2.0,0
278.802,0,1,0.0,2.0,0
278.802,0,1,0.0,2.0,0
278.902,0,1,0.0,2.0,0
278.902,0,1,0.0,2.0,0
278.902,0,1,0.0,2.0,0
278.902,0,1,0.0,2.0,0
279.002,0,1,0.0,2.0,0
279.002,0,1,0.0,2.0,0
279.002,0,1,0.0,2.0,0
279.002,0,1,0.0,2.0,0
279.102,0,1,0.0,2.0,0
279.102,0,1,0.0,2.0,0
279.102,0,1,0.0,2.0,0
279.202,0,1,0.0,2.0,0
279.202,0,1,0.0,2.0,0
279.202,0,1,0.0,2.0,0
279.202,0,1,0.0,2.0,0
279.302,0,1,0.0,2.0,0
279.302,0,1,0.0,2.0,0
279.302,0,1,0.0,2.0,0
279.402,0,1,0.0,2.0,0
279.402,0,1,0.0,2.0,0
279.402,0,1,0.0,2.0,0
279.402,0,1,0.0,2.0,0
279.502,0,1,0.0,2.0,0
279.502,0,1,0.0,2.0,0
279.502,0,1,0.0,2.0,0
279.602,0,1,0.0,2.0,0
279.602,0,1,0.0,2.0,0
279.602,0,1,0.0,2.0,0
279.602,0,1,0.0,2.0,0
279.702,0,1,0.0,2.0,0
279.702,0,1,0.0,2.0,0
279.702,0,1,0.0,2.0,0
279.702,0,1,0.0,2.0,0
279.802,0,1,0.0,2.0,0
279.802,0,1,0.0,2.0,0
279.802,0,1,0.0,2.0,0
279.902,0,1,0.0,2.0,0
279.902,0,1,0.0,2.0,0
279.902,0,1,0.0,2.0,0
279.902,0,1,0.0,2.0,0
280.002,0,1,0.0,2.0,0
280.002,0,1,0.0,2.0,0
280.002,0,1,0.0,2.0,0
280.102,0,1,0.0,2.0,0
280.102,0,1,0.0,2.0,0
280.102,0,1,0.0,2.0,0
280.102,0,1,0.0,2.0,0
280.202,0,1,0.0,2.0,0
280.202,0,1,0.0,2.0,0
280.202,0,1,0.0,2.0,0
280.302,0,1,0.0,2.0,0
280.302,0,1,0.0,2.0,0
280.302,0,1,0.0,2.0,0
280.302,0,1,0.0,2.0,0
280.402,0,1,0.0,2.0,0
280.402,0,1,0.0,2.0,0
280.402,0,1,0.0,2.0,0
280.502,0,1,0.0,2.0,0
280.502,0,1,0.0,2.0,0
280.502,0,1,0.0,2.0,0
280.502,0,1,0.0,2.0,0
280.602,0,1,0.0,2.0,0
280.602,0,1,0.0,2.0,0
280.602,0,1,0.0,2.0,0
280.602,0,1,0.0,2.0,0
280.702,0,1,0.0,2.0,0
280.702,0,1,0.0,2.0,0
280.702,0,1,0.0,2.0,0
280.802,0,1,0.0,2.0,0
280.802,0,1,0.0,2.0,0
280.802,0,1,0.0,2.0,0
280.802,0,1,0.0,2.0,0
280.902,0,1,0.0,2.0,0
280.902,0,1,0.0,2.0,0
280.902,0,1,0.0,2.0,0
281.002,0,1,0.0,2.0,0
281.002,0,1,0.0,2.0,0
281.002,0,1,0.0,2.0,0
281.002,0,1,0.0,2.0,0
281.102,0,1,0.0,2.0,0
281.102,0,1,0.0,2.0,0
281.102,0,1,0.0,2.0,0
281.202,0,1,0.0,2.0,0
281.202,0,1,0.0,2.0,0
281.202,0,1,0.0,2.0,0
281.202,0,1,0.0,2.0,0
281.302,0,1,0.0,2.0,0
281.302,0,1,0.0,2.0,0
281.302,0,1,0.0,2.0,0
281.302,0,1,0.0,2.0,0
281.402,0,1,0.0,2.0,0
281.402,0,1,0.0,2.0,0
281.402,0,1,0.0,2.0,0
281.502,0,1,0.0,2.0,0
281.502,0,1,0.0,2.0,0
281.502,0,1,0.0,2.0,0
281.502,0,1,0.0,2.0,0
281.602,0,1,0.0,2.0,0
281.602,0,1,0.0,2.0,0
281.602,0,1,0.0,2.0,0
281.702,0,1,0.0,2.0,0
281.702,0,1,0.0,2.0,0
281.702,0,1,0.0,2.0,0
281.702,0,1,0.0,2.0,0
281.802,0,1,0.0,2.0,0
281.802,0,1,0.0,2.0,0
281.802,0,1,0.0,2.0,0
281.902,0,1,0.0,2.0,0
281.902,0,1,0.0,2.0,0
281.902,0,1,0.0,2.0,0
281.902,0,1,0.0,2.0,0
282.002,0,1,0.0,2.0,0
282.002,0,1,0.0,2.0,0
282.002,0,1,0.0,2.0,0
282.002,0,1,0.0,2.0,0
282.102,0,1,0.0,2.0,0
282.102,0,1,0.0,2.0,0
282.102,0,1,0.0,2.0,0
282.202,0,1,0.0,2.0,0
282.202,0,1,0.0,2.0,0
282.202,0,1,0.0,2.0,0
282.202,0,1,0.0,2.0,0
282.302,0,1,0.0,2.0,0
282.302,0,1,0.0,2.0,0
282.302,0,1,0.0,2.0,0
282.402,0,1,0.0,2.0,0
282.402,0,1,0.0,2.0,0
282.402,0,1,0.0,2.0,0
282.402,0,1,0.0,2.0,0
282.502,0,1,0.0,2.0,0
282.502,0,1,0.0,2.0,0
282.502,0,1,0.0,2.0,0
282.602,1,1,44.0,3.4,0
282.602,1,1,44.0,3.4,0
282.602,1,1,44.0,3.4,0
282.602,1,1,44.0,3.4,0
282.702,1,1,44.0,3.4,0
282.702,1,1,44.0,3.4,0
282.702,1,1,44.0,3.4,0
282.802,1,1,44.0,3.4,0
282.802,1,1,44.0,3.4,0
282.802,1,1,44.0,3.4,0
282.802,1,1,44.0,3.4,0
282.902,1,1,44.0,3.4,0
282.902,1,1,44.0,3.4,0
282.902,1,1,44.0,3.4,0
282.902,1,1,44.0,3.4,0
283.002,1,1,44.0,3.4,0
283.002,1,1,44.0,3.4,0
283.002,1,1,44.0,3.4,0
283.102,1,1,44.0,3.4,0
283.102,1,1,44.0,3.4,0
283.102,1,1,44.0,3.4,0
283.102,1,1,44.0,3.4,0
283.202,1,1,44.0,3.4,0
283.202,1,1,44.0,3.4,0
283.202,1,1,44.0,3.4,0
283.302,1,1,44.0,3.4,0
283.302,1,1,44.0,3.4,0
283.302,1,1,44.0,3.4,0
283.302,1,1,44.0,3.4,0
283.402,1,1,44.0,3.4,0
283.402,1,1,44.0,3.4,0
283.402,1,1,44.0,3.4,0
283.502,1,1,44.0,3.4,0
283.502,1,1,44.0,3.4,0
283.502,1,1,44.0,3.4,0
283.502,1,1,44.0,3.4,0
283.602,1,1,44.0,3.4,0
283.602,1,1,44.0,3.4,0
283.602,1,1,44.0,3.4,0
283.602,1,1,44.0,3.4,0
283.702,1,1,44.0,3.4,0
283.702,1,1,44.0,3.4,0
283.702,1,1,44.0,3.4,0
283.802,1,1,44.0,3.4,0
283.802,1,1,44.0,3.4,0
283.802,1,1,44.0,3.4,0
283.802,1,1,44.0,3.4,0
283.902,1,1,44.0,3.4,0
283.902,1,1,44.0,3.4,0
283.902,1,1,44.0,3.4,0
284.002,1,1,44.0,3.4,0
284.002,1,1,44.0,3.4,0
284.002,1,1,44.0,3.4,0
284.002,1,1,44.0,3.4,0
284.102,1,1,44.0,3.4,0
284.102,1,1,44.0,3.4,0
284.102,1,1,44.0,3.4,0
284.202,1,1,44.0,3.4,0
284.202,1,1,44.0,3.4,0
284.202,1,1,44.0,3.4,0
284.202,1,1,44.0,3.4,0
284.302,1,1,44.0,3.4,0
284.302,1,1,44.0,3.4,0
284.302,1,1,44.0,3.4,0
284.402,1,1,44.0,3.4,0
284.402,1,1,44.0,3.4,0
284.402,1,1,44.0,3.4,0
284.402,1,1,44.0,3.4,0
284.502,1,1,44.0,3.4,0
284.502,1,1,44.0,3.4,0
284.502,1,1,44.0,3.4,0
284.502,1,1,44.0,3.4,0
284.602,1,1,44.0,3.4,0
284.602,1,1,44.0,3.4,0
284.602,1,1,44.0,3.4,0
284.702,1,1,44.0,3.4,0
284.702,1,1,44.0,3.4,0
284.702,1,1,44.0,3.4,0
284.702,1,1,44.0,3.4,0
284.802,1,1,44.0,3.4,0
284.802,1,1,44.0,3.4,0
284.802,1,1,44.0,3.4,0
284.902,1,1,44.0,3.4,0
284.902,1,1,44.0,3.4,0
284.902,1,1,44.0,3.4,0
284.902,1,1,44.0,3.4,0
285.002,1,1,44.0,3.4,0
285.002,1,1,44.0,3.4,0
285.002,1,1,44.0,3.4,0
285.102,1,1,44.0,3.4,0
285.102,1,1,44.0,3.4,0
285.102,1,1,44.0,3.4,0
285.102,1,1,44.0,3.4,0
285.202,1,1,44.0,3.4,0
285.202,1,1,44.0,3.4,0
285.202,1,1,44.0,3.4,0
285.202,1,1,44.0,3.4,0
285.302,1,1,44.0,3.4,0
285.302,1,1,44.0,3.4,0
285.302,1,1,44.0,3.4,0
285.402,1,1,44.0,3.4,0
285.402,1,1,44.0,3.4,0
285.402,1,1,44.0,3.4,0
285.402,1,1,44.0,3.4,0
285.502,1,1,44.0,3.4,0
285.502,1,1,44.0,3.4,0
285.502,1,1,44.0,3.4,0
285.602,1,1,44.0,3.4,0
285.602,1,1,44.0,3.4,0
285.602,1,1,44.0,3.4,0
285.602,1,1,44.0,3.4,0
285.702,1,1,44.0,3.4,0
285.702,1,1,44.0,3.4,0
285.702,1,1,44.0,3.4,0
285.802,1,1,44.0,3.4,0
285.802,1,1,44.0,3.4,0
285.802,1,1,44.0,3.4,0
285.802,1,1,44.0,3.4,0
285.902,1,1,44.0,3.4,0
285.902,1,1,44.0,3.4,0
285.902,1,1,44.0,3.4,0
285.902,1,1,44.0,3.4,0
286.002,1,1,44.0,3.4,0
286.002,1,1,44.0,3.4,0
286.002,1,1,44.0,3.4,0
286.102,1,1,44.0,3.4,0
286.102,1,1,44.0,3.4,0
286.102,1,1,44.0,3.4,0
286.102,1,1,44.0,3.4,0
286.202,1,1,44.0,3.4,0
286.202,1,1,44.0,3.4,0
286.202,1,1,44.0,3.4,0
286.302,1,1,44.0,3.4,0
286.302,1,1,44.0,3.4,0
286.302,1,1,44.0,3.4,0
286.302,1,1,44.0,3.4,0
286.402,1,1,44.0,3.4,0
286.402,1,1,44.0,3.4,0
286.402,1,1,44.0,3.4,0
286.502,1,1,44.0,3.4,0
286.502,1,1,44.0,3.4,0
286.502,1,1,44.0,3.4,0
286.502,1,1,44.0,3.4,0
286.602,1,1,44.0,3.4,0
286.602,1,1,44.0,3.4,0
286.602,1,1,44.0,3.4,0
286.602,1,1,44.0,3.4,0
286.702,1,1,44.0,3.4,0
286.702,1,1,44.0,3.4,0
286.702,1,1,44.0,3.4,0
286.802,1,1,44.0,3.4,0
286.802,1,1,44.0,3.4,0
286.802,1,1,44.0,3.4,0
286.802,1,1,44.0,3.4,0
286.902,1,1,44.0,3.4,0
286.902,1,1,44.0,3.4,0
286.902,1,1,44.0,3.4,0
287.002,1,1,44.0,3.4,0
287.002,1,1,44.0,3.4,0
287.002,1,1,44.0,3.4,0
287.002,1,1,44.0,3.4,0
287.102,1,1,44.0,3.4,0
287.102,1,1,44.0,3.4,0
287.102,1,1,44.0,3.4,0
287.202,1,1,44.0,3.4,0
287.202,1,1,44.0,3.4,0
287.202,1,1,44.0,3.4,0
287.202,1,1,44.0,3.4,0
287.302,1,1,44.0,3.4,0
287.302,1,1,44.0,3.4,0
287.302,1,1,44.0,3.4,0
287.402,1,1,44.0,3.4,0
287.402,1,1,44.0,3.4,0
287.402,1,1,44.0,3.4,0
287.402,1,1,44.0,3.4,0
287.502,1,1,44.0,3.4,0
287.502,1,1,44.0,3.4,0
287.502,1,1,44.0,3.4,0
287.502,1,1,44.0,3.4,0
287.602,1,1,44.0,3.4,0
287.602,1,1,44.0,3.4,0
287.602,1,1,44.0,3.4,0
287.702,1,1,44.0,3.4,0
287.702,1,1,44.0,3.4,0
287.702,1,1,44.0,3.4,0
287.702,1,1,44.0,3.4,0
287.802,1,1,44.0,3.4,0
287.802,1,1,44.0,3.4,0
287.802,1,1,44.0,3.4,0
287.902,1,1,44.0,3.4,0
287.902,1,1,44.0,3.4,0
287.902,1,1,44.0,3.4,0
287.902,1,1,44.0,3.4,0
288.002,1,1,44.0,3.4,0
288.002,1,1,44.0,3.4,0
288.002,1,1,44.0,3.4,0
288.102,1,1,44.0,3.4,0
288.102,1,1,44.0,3.4,0
288.102,1,1,44.0,3.4,0
288.102,1,1,44.0,3.4,0
288.202,1,1,44.0,3.4,0
288.202,1,1,44.0,3.4,0
288.202,1,1,44.0,3.4,0
288.202,1,1,44.0,3.4,0
288.302,1,1,44.0,3.4,0
288.302,1,1,44.0,3.4,0
288.302,1,1,44.0,3.4,0
288.402,1,1,44.0,3.4,0
288.402,1,1,44.0,3.4,0
288.402,1,1,44.0,3.4,0
288.402,1,1,44.0,3.4,0
288.502,1,1,44.0,3.4,0
288.502,1,1,44.0,3.4,0
288.502,1,1,44.0,3.4,0
288.602,1,1,44.0,3.4,0
288.602,1,1,44.0,3.4,0
288.602,1,1,44.0,3.4,0
288.602,1,1,44.0,3.4,0
288.702,1,1,44.0,3.4,0
288.702,1,1,44.0,3.4,0
288.702,1,1,44.0,3.4,0
288.802,1,1,44.0,3.4,0
288.802,1,1,44.0,3.4,0
288.802,1,1,44.0,3.4,0
288.802,1,1,44.0,3.4,0
288.902,1,1,44.0,3.4,0
288.902,1,1,44.0,3.4,0
288.902,1,1,44.0,3.4,0
288.902,1,1,44.0,3.4,0
289.002,1,1,44.0,3.4,0
289.002,1,1,44.0,3.4,0
289.002,1,1,44.0,3.4,0
289.102,1,1,44.0,3.4,0
289.102,1,1,44.0,3.4,0
289.102,1,1,44.0,3.4,0
289.102,1,1,44.0,3.4,0
289.202,1,1,44.0,3.4,0
289.202,1,1,44.0,3.4,0
289.202,1,1,44.0,3.4,0
289.302,1,1,44.0,3.4,0
289.302,1,1,44.0,3.4,0
289.302,1,1,44.0,3.4,0
289.302,1,1,44.0,3.4,0
289.402,1,1,44.0,3.4,0
289.402,1,1,44.0,3.4,0
289.402,1,1,44.0,3.4,0
289.502,1,1,44.0,3.4,0
289.502,1,1,44.0,3.4,0
289.502,1,1,44.0,3.4,0
289.502,1,1,44.0,3.4,0
289.602,1,1,44.0,3.4,0
289.602,1,1,44.0,3.4,0
289.602,1,1,44.0,3.4,0
289.702,1,1,44.0,3.4,0
289.702,1,1,44.0,3.4,0
289.702,1,1,44.0,3.4,0
289.702,1,1,44.0,3.4,0
289.802,1,1,44.0,3.4,0
289.802,1,1,44.0,3.4,0
289.802,1,1,44.0,3.4,0
289.802,1,1,44.0,3.4,0
289.902,1,1,44.0,3.4,0
289.902,1,1,44.0,3.4,0
289.902,1,1,44.0,3.4,0
290.002,1,1,44.0,3.4,0
290.002,1,1,44.0,3.4,0
290.002,1,1,44.0,3.4,0
290.002,1,1,44.0,3.4,0
290.102,1,1,44.0,3.4,0
290.102,1,1,44.0,3.4,0
290.102,1,1,44.0,3.4,0
290.202,1,1,44.0,3.4,0
290.202,1,1,44.0,3.4,0
290.202,1,1,44.0,3.4,0
290.202,1,1,44.0,3.4,0
290.302,1,1,44.0,3.4,0
290.302,1,1,44.0,3.4,0
290.302,1,1,44.0,3.4,0
290.402,1,1,44.0,3.4,0
290.402,1,1,44.0,3.4,0
290.402,1,1,44.0,3.4,0
290.402,1,1,44.0,3.4,0
290.502,1,1,44.0,3.4,0
290.502,1,1,44.0,3.4,0
290.502,1,1,44.0,3.4,0
290.502,1,1,44.0,3.4,0
290.602,1,1,44.0,3.4,0
290.602,1,1,44.0,3.4,0
290.602,1,1,44.0,3.4,0
290.702,1,1,44.0,3.4,0
290.702,1,1,44.0,3.4,0
290.702,1,1,44.0,3.4,0
290.702,1,1,44.0,3.4,0
290.802,1,1,44.0,3.4,0
290.802,1,1,44.0,3.4,0
290.802,1,1,44.0,3.4,0
290.902,1,1,44.0,3.4,0
290.902,1,1,44.0,3.4,0
290.902,1,1,44.0,3.4,0
290.902,1,1,44.0,3.4,0
291.002,1,1,44.0,3.4,0
291.002,1,1,44.0,3.4,0
291.002,1,1,44.0,3.4,0
291.102,1,1,44.0,3.4,0
291.102,1,1,44.0,3.4,0
291.102,1,1,44.0,3.4,0
291.102,1,1,44.0,3.4,0
291.202,1,1,44.0,3.4,0
291.202,1,1,44.0,3.4,0
291.202,1,1,44.0,3.4,0
291.302,1,1,44.0,3.4,0
291.302,1,1,44.0,3.4,0
291.302,1,1,44.0,3.4,0
291.302,1,1,44.0,3.4,0
291.402,1,1,44.0,3.4,0
291.402,1,1,44.0,3.4,0
291.402,1,1,44.0,3.4,0
291.402,1,1,44.0,3.4,0
291.502,1,1,44.0,3.4,0
291.502,1,1,44.0,3.4,0
291.502,1,1,44.0,3.4,0
291.602,1,1,44.0,3.4,0
291.602,1,1,44.0,3.4,0
291.602,1,1,44.0,3.4,0
291.602,1,1,44.0,3.4,0
291.702,1,1,44.0,3.4,0
291.702,1,1,44.0,3.4,0
291.702,1,1,44.0,3.4,0
291.802,1,1,44.0,3.4,0
291.802,1,1,44.0,3.4,0
291.802,1,1,44.0,3.4,0
291.802,1,1,44.0,3.4,0
291.902,1,1,44.0,3.4,0
291.902,1,1,44.0,3.4,0
291.902,1,1,44.0,3.4,0
292.002,1,1,44.0,3.4,0
292.002,1,1,44.0,3.4,0
292.002,1,1,44.0,3.4,0
292.002,1,1,44.0,3.4,0
292.102,1,1,44.0,3.4,0
292.102,1,1,44.0,3.4,0
292.102,1,1,44.0,3.4,0
292.102,1,1,44.0,3.4,0
292.202,1,1,44.0,3.4,0
292.202,1,1,44.0,3.4,0
292.202,1,1,44.0,3.4,0
292.302,1,1,44.0,3.4,0
292.302,1,1,44.0,3.4,0
292.302,1,1,44.0,3.4,0
292.302,1,1,44.0,3.4,0
292.402,1,1,44.0,3.4,0
292.402,1,1,44.0,3.4,0
292.402,1,1,44.0,3.4,0
292.502,1,1,44.0,3.4,0
292.502,1,1,44.0,3.4,0
292.502,1,1,44.0,3.4,0
292.502,1,1,44.0,3.4,0
292.602,1,1,44.0,3.4,0
292.602,1,1,44.0,3.4,0
292.602,1,1,44.0,3.4,0
292.702,1,1,44.0,3.4,0
292.702,1,1,44.0,3.4,0
292.702,1,1,44.0,3.4,0
292.702,1,1,44.0,3.4,0
292.802,0,0,0.0,0.0,0
292.802,0,0,0.0,0.0,0
292.802,0,0,0.0,0.0,0
292.802,0,0,0.0,0.0,0
292.902,0,0,0.0,0.0,0
292.902,0,0,0.0,0.0,0
292.902,0,0,0.0,0.0,0
293.002,0,0,0.0,0.0,0
293.002,0,0,0.0,0.0,0
293.002,0,0,0.0,0.0,0
293.002,0,0,0.0,0.0,0
293.102,0,0,0.0,0.0,0
293.102,0,0,0.0,0.0,0
293.102,0,0,0.0,0.0,0
293.202,0,0,0.0,0.0,0
293.202,0,0,0.0,0.0,0
293.202,0,0,0.0,0.0,0
293.202,0,0,0.0,0.0,0
293.302,0,0,0.0,0.0,0
293.302,0,0,0.0,0.0,0
293.302,0,0,0.0,0.0,0
293.402,0,0,0.0,0.0,0
293.402,0,0,0.0,0.0,0
293.402,0,0,0.0,0.0,0
293.402,0,0,0.0,0.0,0
293.502,2,1,-39.0,3.0,0
293.502,2,1,-39.0,3.0,0
293.502,2,1,-39.0,3.0,0
293.502,2,1,-39.0,3.0,0
293.602,2,1,-39.0,3.0,0
293.602,2,1,-39.0,3.0,0
293.602,2,1,-39.0,3.0,0
293.702,2,1,-39.0,3.0,0
293.702,2,1,-39.0,3.0,0
293.702,2,1,-39.0,3.0,0
293.702,2,1,-39.0,3.0,0
293.802,2,1,-39.0,3.0,0
293.802,2,1,-39.0,3.0,0
293.802,2,1,-39.0,3.0,0
293.902,2,1,-39.0,3.0,0
293.902,2,1,-39.0,3.0,0
293.902,2,1,-39.0,3.0,0
293.902,2,1,-39.0,3.0,0
294.002,2,1,-39.0,3.0,0
294.002,2,1,-39.0,3.0,0
294.002,2,1,-39.0,3.0,0
294.102,2,1,-39.0,3.0,0
294.102,2,1,-39.0,3.0,0
294.102,2,1,-39.0,3.0,0
294.102,2,1,-39.0,3.0,0
294.202,2,1,-39.0,3.0,0
294.202,2,1,-39.0,3.0,0
294.202,2,1,-39.0,3.0,0
294.302,2,1,-39.0,3.0,0
294.302,2,1,-39.0,3.0,0
294.302,2,1,-39.0,3.0,0
294.302,2,1,-39.0,3.0,0
294.402,2,1,-39.0,3.0,0
294.402,2,1,-39.0,3.0,0
294.402,2,1,-39.0,3.0,0
294.402,2,1,-39.0,3.0,0
294.502,2,1,-39.0,3.0,0
294.502,2,1,-39.0,3.0,0
294.502,2,1,-39.0,3.0,0
294.602,2,1,-39.0,3.0,0
294.602,2,1,-39.0,3.0,0
294.602,2,1,-39.0,3.0,0
294.602,2,1,-39.0,3.0,0
294.702,2,1,-39.0,3.0,0
294.702,2,1,-39.0,3.0,0
294.702,2,1,-39.0,3.0,0
294.802,2,1,-39.0,3.0,0
294.802,2,1,-39.0,3.0,0
294.802,2,1,-39.0,3.0,0
294.802,2,1,-39.0,3.0,0
294.902,2,1,-39.0,3.0,0
294.902,2,1,-39.0,3.0,0
294.902,2,1,-39.0,3.0,0
295.002,2,1,-39.0,3.0,0
295.002,2,1,-39.0,3.0,0
295.002,2,1,-39.0,3.0,0
295.002,2,1,-39.0,3.0,0
295.102,2,1,-39.0,3.0,0
295.102,2,1,-39.0,3.0,0
295.102,2,1,-39.0,3.0,0
295.102,2,1,-39.0,3.0,0
295.202,2,1,-39.0,3.0,0
295.202,2,1,-39.0,3.0,0
295.202,2,1,-39.0,3.0,0
295.302,2,1,-39.0,3.0,0
295.302,2,1,-39.0,3.0,0
295.302,2,1,-39.0,3.0,0
295.302,2,1,-39.0,3.0,0
295.402,2,1,-39.0,3.0,0
295.402,2,1,-39.0,3.0,0
295.402,2,1,-39.0,3.0,0
295.502,2,1,-39.0,3.0,0
295.502,2,1,-39.0,3.0,0
295.502,2,1,-39.0,3.0,0
295.502,2,1,-39.0,3.0,0
295.602,2,1,-39.0,3.0,0
295.602,2,1,-39.0,3.0,0
295.602,2,1,-39.0,3.0,0
295.702,2,1,-39.0,3.0,0
295.702,2,1,-39.0,3.0,0
295.702,2,1,-39.0,3.0,0
295.702,2,1,-39.0,3.0,0
295.802,2,1,-39.0,3.0,0
295.802,2,1,-39.0,3.0,0
295.802,2,1,-39.0,3.0,0
295.902,2,1,-39.0,3.0,0
295.902,2,1,-39.0,3.0,0
295.902,2,1,-39.0,3.0,0
295.902,2,1,-39.0,3.0,0
296.002,2,1,-39.0,3.0,0
296.002,2,1,-39.0,3.0,0
296.002,2,1,-39.0,3.0,0
296.002,2,1,-39.0,3.0,0
296.102,2,1,-39.0,3.0,0
296.102,2,1,-39.0,3.0,0
296.102,2,1,-39.0,3.0,0
296.202,2,1,-39.0,3.0,0
296.202,2,1,-39.0,3.0,0
296.202,2,1,-39.0,3.0,0
296.202,2,1,-39.0,3.0,0
296.302,2,1,-39.0,3.0,0
296.302,2,1,-39.0,3.0,0
296.302,2,1,-39.0,3.0,0
296.402,2,1,-39.0,3.0,0
296.402,2,1,-39.0,3.0,0
296.402,2,1,-39.0,3.0,0
296.402,2,1,-39.0,3.0,0
296.502,2,1,-39.0,3.0,0
296.502,2,1,-39.0,3.0,0
296.502,2,1,-39.0,3.0,0
296.602,2,1,-39.0,3.0,0
296.602,2,1,-39.0,3.0,0
296.602,2,1,-39.0,3.0,0
296.602,2,1,-39.0,3.0,0
296.702,2,1,-39.0,3.0,0
296.702,2,1,-39.0,3.0,0
296.702,2,1,-39.0,3.0,0
296.702,2,1,-39.0,3.0,0
296.802,2,1,-39.0,3.0,0
296.802,2,1,-39.0,3.0,0
296.802,2,1,-39.0,3.0,0
296.902,2,1,-39.0,3.0,0
296.902,2,1,-39.0,3.0,0
296.902,2,1,-39.0,3.0,0
296.902,2,1,-39.0,3.0,0
297.002,2,1,-39.0,3.0,0
297.002,2,1,-39.0,3.0,0
297.002,2,1,-39.0,3.0,0
297.102,2,1,-39.0,3.0,0
297.102,2,1,-39.0,3.0,0
297.102,2,1,-39.0,3.0,0
297.102,2,1,-39.0,3.0,0
297.202,2,1,-39.0,3.0,0
297.202,2,1,-39.0,3.0,0
297.202,2,1,-39.0,3.0,0
297.302,2,1,-39.0,3.0,0
297.302,2,1,-39.0,3.0,0
297.302,2,1,-39.0,3.0,0
297.302,2,1,-39.0,3.0,0
297.402,2,1,-39.0,3.0,0
297.402,2,1,-39.0,3.0,0
297.402,2,1,-39.0,3.0,0
297.502,2,1,-39.0,3.0,0
297.502,2,1,-39.0,3.0,0
297.502,2,1,-39.0,3.0,0
297.502,2,1,-39.0,3.0,0
297.602,2,1,-39.0,3.0,0
297.602,2,1,-39.0,3.0,0
297.602,2,1,-39.0,3.0,0
297.602,2,1,-39.0,3.0,0
297.702,2,1,-39.0,3.0,0
297.702,2,1,-39.0,3.0,0
297.702,2,1,-39.0,3.0,0
297.802,2,1,-39.0,3.0,0
297.802,2,1,-39.0,3.0,0
297.802,2,1,-39.0,3.0,0
297.802,2,1,-39.0,3.0,0
297.902,2,1,-39.0,3.0,0
297.902,2,1,-39.0,3.0,0
297.902,2,1,-39.0,3.0,0
298.002,2,1,-39.0,3.0,0
298.002,2,1,-39.0,3.0,0
298.002,2,1,-39.0,3.0,0
298.002,2,1,-39.0,3.0,0
298.102,2,1,-39.0,3.0,0
298.102,2,1,-39.0,3.0,0
298.102,2,1,-39.0,3.0,0
298.202,2,1,-39.0,3.0,0
298.202,2,1,-39.0,3.0,0
298.202,2,1,-39.0,3.0,0
298.202,2,1,-39.0,3.0,0
298.302,2,1,-39.0,3.0,0
298.302,2,1,-39.0,3.0,0
298.302,2,1,-39.0,3.0,0
298.302,2,1,-39.0,3.0,0
298.402,2,1,-39.0,3.0,0
298.402,2,1,-39.0,3.0,0
298.402,2,1,-39.0,3.0,0
298.502,2,1,-39.0,3.0,0
298.502,2,1,-39.0,3.0,0
298.502,2,1,-39.0,3.0,0
298.502,2,1,-39.0,3.0,0
298.602,2,1,-39.0,3.0,0
298.602,2,1,-39.0,3.0,0
298.602,2,1,-39.0,3.0,0
298.702,2,1,-39.0,3.0,0
298.702,2,1,-39.0,3.0,0
298.702,2,1,-39.0,3.0,0
298.702,2,1,-39.0,3.0,0
298.802,2,1,-39.0,3.0,0
298.802,2,1,-39.0,3.0,0
298.802,2,1,-39.0,3.0,0
298.902,2,1,-39.0,3.0,0
298.902,2,1,-39.0,3.0,0
298.902,2,1,-39.0,3.0,0
298.902,2,1,-39.0,3.0,0
299.002,2,1,-39.0,3.0,0
299.002,2,1,-39.0,3.0,0
299.002,2,1,-39.0,3.0,0
299.002,2,1,-39.0,3.0,0
299.102,2,1,-39.0,3.0,0
299.102,2,1,-39.0,3.0,0
299.102,2,1,-39.0,3.0,0
299.202,2,1,-39.0,3.0,0
299.202,2,1,-39.0,3.0,0
299.202,2,1,-39.0,3.0,0
299.202,2,1,-39.0,3.0,0
299.302,2,1,-39.0,3.0,0
299.302,2,1,-39.0,3.0,0
299.302,2,1,-39.0,3.0,0
299.402,2,1,-39.0,3.0,0
299.402,2,1,-39.0,3.0,0
299.402,2,1,-39.0,3.0,0
299.402,2,1,-39.0,3.0,0
299.502,2,1,-39.0,3.0,0
299.502,2,1,-39.0,3.0,0
299.502,2,1,-39.0,3.0,0
299.602,2,1,-39.0,3.0,0
299.602,2,1,-39.0,3.0,0
299.602,2,1,-39.0,3.0,0
299.602,2,1,-39.0,3.0,0
299.702,2,1,-39.0,3.0,0
299.702,2,1,-39.0,3.0,0
299.702,2,1,-39.0,3.0,0
299.802,2,1,-39.0,3.0,0
299.802,2,1,-39.0,3.0,0
299.802,2,1,-39.0,3.0,0
299.802,2,1,-39.0,3.0,0
299.902,2,1,-39.0,3.0,0
299.902,2,1,-39.0,3.0,0
299.902,2,1,-39.0,3.0,0
299.902,2,1,-39.0,3.0,0
300.002,2,1,-39.0,3.0,0
300.002,2,1,-39.0,3.0,0
300.002,2,1,-39.0,3.0,0
300.102,2,1,-39.0,3.0,0
300.102,2,1,-39.0,3.0,0
300.102,2,1,-39.0,3.0,0
300.102,2,1,-39.0,3.0,0
300.202,2,1,-39.0,3.0,0
300.202,2,1,-39.0,3.0,0
300.202,2,1,-39.0,3.0,0
300.302,2,1,-39.0,3.6,0
300.302,2,1,-39.0,3.6,0
300.302,2,1,-39.0,3.6,0
300.302,2,1,-39.0,3.6,0
300.402,0,1,0.0,3.6,0
300.402,0,1,0.0,3.6,0
300.402,0,1,0.0,3.6,0
300.502,0,1,0.0,3.6,0
300.502,0,1,0.0,3.6,0
300.502,0,1,0.0,3.6,0
300.502,0,1,0.0,3.6,0
300.602,0,1,0.0,3.6,0
300.602,0,1,0.0,3.6,0
300.602,0,1,0.0,3.6,0
300.602,0,1,0.0,3.6,0
300.702,0,1,0.0,3.6,0
300.702,0,1,0.0,3.6,0
300.702,0,1,0.0,3.6,0
300.802,0,1,0.0,3.6,0
300.802,0,1,0.0,3.6,0
300.802,0,1,0.0,3.6,0
300.802,0,1,0.0,3.6,0
300.902,0,1,0.0,3.6,0
300.902,0,1,0.0,3.6,0
300.902,0,1,0.0,3.6,0
301.002,0,1,0.0,3.6,0
301.002,0,1,0.0,3.6,0
301.002,0,1,0.0,3.6,0
301.002,0,1,0.0,3.6,0
301.102,0,1,0.0,3.6,0
301.102,0,1,0.0,3.6,0
301.102,0,1,0.0,3.6,0
301.202,0,1,0.0,3.6,0
301.202,0,1,0.0,3.6,0
301.202,0,1,0.0,3.6,0
301.202,0,1,0.0,3.6,0
301.302,0,1,0.0,3.6,0
301.302,0,1,0.0,3.6,0
301.302,0,1,0.0,3.6,0
301.402,0,1,0.0,3.6,0
301.402,0,1,0.0,3.6,0
301.402,0,1,0.0,3.6,0
301.402,0,1,0.0,3.6,0
301.502,0,1,0.0,3.6,0
301.502,0,1,0.0,3.6,0
301.502,0,1,0.0,3.6,0
301.502,0,1,0.0,3.6,0
301.602,0,1,0.0,3.6,0
301.602,0,1,0.0,3.6,0
301.602,0,1,0.0,3.6,0
301.702,0,1,0.0,3.6,0
301.702,0,1,0.0,3.6,0
301.702,0,1,0.0,3.6,0
301.702,0,1,0.0,3.6,0
301.802,0,1,0.0,3.6,0
301.802,0,1,0.0,3.6,0
301.802,0,1,0.0,3.6,0
301.902,0,1,0.0,3.6,0
301.902,0,1,0.0,3.6,0
301.902,0,1,0.0,3.6,0
301.902,0,1,0.0,3.6,0
302.002,0,1,0.0,3.6,0
302.002,0,1,0.0,3.6,0
302.002,0,1,0.0,3.6,0
302.102,0,1,0.0,3.6,0
302.102,0,1,0.0,3.6,0
302.102,0,1,0.0,3.6,0
302.102,0,1,0.0,3.6,0
302.202,0,1,0.0,3.6,0
302.202,0,1,0.0,3.6,0
302.202,0,1,0.0,3.6,0
302.202,0,1,0.0,3.6,0
302.302,0,1,0.0,3.6,0
302.302,0,1,0.0,3.6,0
302.302,0,1,0.0,3.6,0
302.402,0,1,0.0,3.6,0
302.402,0,1,0.0,3.6,0
302.402,0,1,0.0,3.6,0
302.402,0,1,0.0,3.6,0
302.502,0,1,0.0,3.6,0
302.502,0,1,0.0,3.6,0
302.502,0,1,0.0,3.6,0
302.602,0,1,0.0,3.6,0
302.602,0,1,0.0,3.6,0
302.602,0,1,0.0,3.6,0
302.602,0,1,0.0,3.6,0
302.702,0,1,0.0,3.6,0
302.702,0,1,0.0,3.6,0
302.702,0,1,0.0,3.6,0
302.802,0,1,0.0,3.6,0
302.802,0,1,0.0,3.6,0
302.802,0,1,0.0,3.6,0
302.802,0,1,0.0,3.6,0
302.902,0,1,0.0,3.6,0
302.902,0,1,0.0,3.6,0
302.902,0,1,0.0,3.6,0
302.902,0,1,0.0,3.6,0
303.002,0,1,0.0,3.6,0
303.002,0,1,0.0,3.6,0
303.002,0,1,0.0,3.6,0
303.102,0,1,0.0,3.6,0
303.102,0,1,0.0,3.6,0
303.102,0,1,0.0,3.6,0
303.102,0,1,0.0,3.6,0
303.202,0,1,0.0,3.6,0
303.202,0,1,0.0,3.6,0
303.202,0,1,0.0,3.6,0
303.302,0,1,0.0,3.6,0
303.302,0,1,0.0,3.6,0
303.302,0,1,0.0,3.6,0
303.302,0,1,0.0,3.6,0
303.402,0,1,0.0,3.6,0
303.402,0,1,0.0,3.6,0
303.402,0,1,0.0,3.6,0
303.502,0,1,0.0,3.6,0
303.502,0,1,0.0,3.6,0
303.502,0,1,0.0,3.6,0
303.502,0,1,0.0,3.6,0
303.602,0,1,0.0,3.6,0
303.602,0,1,0.0,3.6,0
303.602,0,1,0.0,3.6,0
303.602,0,1,0.0,3.6,0
303.702,0,1,0.0,3.6,0
303.702,0,1,0.0,3.6,0
303.702,0,1,0.0,3.6,0
303.802,0,1,0.0,3.6,0
303.802,0,1,0.0,3.6,0
303.802,0,1,0.0,3.6,0
303.802,0,1,0.0,3.6,0
303.902,0,1,0.0,3.6,0
303.902,0,1,0.0,3.6,0
303.902,0,1,0.0,3.6,0
304.002,0,1,0.0,3.6,0
304.002,0,1,0.0,3.6,0
304.002,0,1,0.0,3.6,0
304.002,0,1,0.0,3.6,0
304.102,0,1,0.0,3.6,0
304.102,0,1,0.0,3.6,0
304.102,0,1,0.0,3.6,0
304.202,0,1,0.0,3.6,0
304.202,0,1,0.0,3.6,0
304.202,0,1,0.0,3.6,0
304.202,0,1,0.0,3.6,0
304.302,0,1,0.0,3.6,0
304.302,0,1,0.0,3.6,0
304.302,0,1,0.0,3.6,0
304.402,0,1,0.0,3.6,0
304.402,0,1,0.0,3.6,0
304.402,0,1,0.0,3.6,0
304.402,0,1,0.0,3.6,0
304.502,0,1,0.0,3.6,0
304.502,0,1,0.0,3.6,0
304.502,0,1,0.0,3.6,0
304.502,0,1,0.0,3.6,0
304.602,0,1,0.0,3.6,0
304.602,0,1,0.0,3.6,0
304.602,0,1,0.0,3.6,0
304.702,0,1,0.0,3.6,0
304.702,0,1,0.0,3.6,0
304.702,0,1,0.0,3.6,0
304.702,0,1,0.0,3.6,0
304.802,0,1,0.0,3.6,0
304.802,0,1,0.0,3.6,0
304.802,0,1,0.0,3.6,0
304.902,0,1,0.0,3.6,0
304.902,0,1,0.0,3.6,0
304.902,0,1,0.0,3.6,0
304.902,0,1,0.0,3.6,0
305.002,0,1,0.0,3.6,0
305.002,0,1,0.0,3.6,0
305.002,0,1,0.0,3.6,0
305.102,0,1,0.0,3.6,0
305.102,0,1,0.0,3.6,0
305.102,0,1,0.0,3.6,0
305.102,0,1,0.0,3.6,0
305.202,0,1,0.0,3.6,0
305.202,0,1,0.0,3.6,0
305.202,0,1,0.0,3.6,0
305.202,0,1,0.0,3.6,0
305.302,0,1,0.0,3.6,0
305.302,0,1,0.0,3.6,0
305.302,0,1,0.0,3.6,0
305.402,0,1,0.0,3.6,0
305.402,0,1,0.0,3.6,0
305.402,0,1,0.0,3.6,0
305.402,0,1,0.0,3.6,0
305.502,0,1,0.0,3.6,0
305.502,0,1,0.0,3.6,0
305.502,0,1,0.0,3.6,0
305.602,0,1,0.0,3.6,0
305.602,0,1,0.0,3.6,0
305.602,0,1,0.0,3.6,0
305.602,0,1,0.0,3.6,0
305.702,0,1,0.0,3.6,0
305.702,0,1,0.0,3.6,0
305.702,0,1,0.0,3.6,0
305.802,0,1,0.0,3.6,0
305.802,0,1,0.0,3.6,0
305.802,0,1,0.0,3.6,0
305.802,0,1,0.0,3.6,0
305.902,0,1,0.0,3.6,0
305.902,0,1,0.0,3.6,0
305.902,0,1,0.0,3.6,0
306.002,0,1,0.0,3.6,0
306.002,0,1,0.0,3.6,0
306.002,0,1,0.0,3.6,0
306.002,0,1,0.0,3.6,0
306.102,0,1,0.0,3.6,0
306.102,0,1,0.0,3.6,0
306.102,0,1,0.0,3.6,0
306.102,0,1,0.0,3.6,0
306.202,0,1,0.0,3.6,0
306.202,0,1,0.0,3.6,0
306.202,0,1,0.0,3.6,0
306.302,0,1,0.0,3.6,0
306.302,0,1,0.0,3.6,0
306.302,0,1,0.0,3.6,0
306.302,0,1,0.0,3.6,0
306.402,0,1,0.0,3.6,0
306.402,0,1,0.0,3.6,0
306.402,0,1,0.0,3.6,0
306.502,0,1,0.0,3.6,0
306.502,0,1,0.0,3.6,0
306.502,0,1,0.0,3.6,0
306.502,0,1,0.0,3.6,0
306.602,0,1,0.0,3.6,0
306.602,0,1,0.0,3.6,0
306.602,0,1,0.0,3.6,0
306.702,0,1,0.0,3.6,0
306.702,0,1,0.0,3.6,0
306.702,0,1,0.0,3.6,0
306.702,0,1,0.0,3.6,0
306.802,0,1,0.0,3.6,0
306.802,0,1,0.0,3.6,0
306.802,0,1,0.0,3.6,0
306.802,0,1,0.0,3.6,0
306.902,0,1,0.0,3.6,0
306.902,0,1,0.0,3.6,0
306.902,0,1,0.0,3.6,0
307.002,0,1,0.0,3.6,0
307.002,0,1,0.0,3.6,0
307.002,0,1,0.0,3.6,0
307.002,0,1,0.0,3.6,0
307.102,0,1,0.0,3.6,0
307.102,0,1,0.0,3.6,0
307.102,0,1,0.0,3.6,0
307.202,0,1,0.0,3.6,0
307.202,0,1,0.0,3.6,0
307.202,0,1,0.0,3.6,0
307.202,0,1,0.0,3.6,0
307.302,0,1,0.0,3.6,0
307.302,0,1,0.0,3.6,0
307.302,0,1,0.0,3.6,0
307.402,0,1,0.0,3.6,0
307.402,0,1,0.0,3.6,0
307.402,0,1,0.0,3.6,0
307.402,0,1,0.0,3.6,0
307.502,0,1,0.0,3.6,0
307.502,0,1,0.0,3.6,0
307.502,0,1,0.0,3.6,0
307.502,0,1,0.0,3.6,0
307.602,0,1,0.0,3.6,0
307.602,0,1,0.0,3.6,0
307.602,0,1,0.0,3.6,0
307.702,0,1,0.0,3.6,0
307.702,0,1,0.0,3.6,0
307.702,0,1,0.0,3.6,0
307.702,0,1,0.0,3.6,0
307.802,0,1,0.0,3.6,0
307.802,0,1,0.0,3.6,0
307.802,0,1,0.0,3.6,0
307.902,0,1,0.0,3.6,0
307.902,0,1,0.0,3.6,0
307.902,0,1,0.0,3.6,0
307.902,0,1,0.0,3.6,0
308.002,0,1,0.0,3.6,0
308.002,0,1,0.0,3.6,0
308.002,0,1,0.0,3.6,0
308.102,0,1,0.0,3.6,0
308.102,0,1,0.0,3.6,0
308.102,0,1,0.0,3.6,0
308.102,0,1,0.0,3.6,0
308.202,0,1,0.0,3.6,0
308.202,0,1,0.0,3.6,0
308.202,0,1,0.0,3.6,0
308.302,0,1,0.0,3.6,0
308.302,0,1,0.0,3.6,0
308.302,0,1,0.0,3.6,0
308.302,0,1,0.0,3.6,0
308.402,0,1,0.0,3.6,0
308.402,0,1,0.0,3.6,0
308.402,0,1,0.0,3.6,0
308.402,0,1,0.0,3.6,0
308.502,0,1,0.0,3.6,0
308.502,0,1,0.0,3.6,0
308.502,0,1,0.0,3.6,0
308.602,0,1,0.0,3.6,0
308.602,0,1,0.0,3.6,0
308.602,0,1,0.0,3.6,0
308.602,0,1,0.0,3.6,0
308.702,0,1,0.0,3.6,0
308.702,0,1,0.0,3.6,0
308.702,0,1,0.0,3.6,0
308.802,0,1,0.0,3.6,0
308.802,0,1,0.0,3.6,0
308.802,0,1,0.0,3.6,0
308.802,0,1,0.0,3.6,0
308.902,0,1,0.0,3.6,0
308.902,0,1,0.0,3.6,0
308.902,0,1,0.0,3.6,0
309.002,0,1,0.0,3.6,0
309.002,0,1,0.0,3.6,0
309.002,0,1,0.0,3.6,0
309.002,0,1,0.0,3.6,0
309.102,0,1,0.0,3.6,0
309.102,0,1,0.0,3.6,0
309.102,0,1,0.0,3.6,0
309.102,0,1,0.0,3.6,0
309.202,0,1,0.0,3.6,0
309.202,0,1,0.0,3.6,0
309.202,0,1,0.0,3.6,0
309.302,0,1,0.0,3.6,0
309.302,0,1,0.0,3.6,0
309.302,0,1,0.0,3.6,0
309.302,0,1,0.0,3.6,0
309.402,0,1,0.0,3.6,0
309.402,0,1,0.0,3.6,0
309.402,0,1,0.0,3.6,0
309.502,0,1,0.0,3.6,0
309.502,0,1,0.0,3.6,0
309.502,0,1,0.0,3.6,0
309.502,0,1,0.0,3.6,0
309.602,0,1,0.0,3.6,0
309.602,0,1,0.0,3.6,0
309.602,0,1,0.0,3.6,0
309.702,0,1,0.0,3.6,0
309.702,0,1,0.0,3.6,0
309.702,0,1,0.0,3.6,0
309.702,0,1,0.0,3.6,0
309.802,0,1,0.0,3.6,0
309.802,0,1,0.0,3.6,0
309.802,0,1,0.0,3.6,0
309.902,0,1,0.0,3.6,0
309.902,0,1,0.0,3.6,0
309.902,0,1,0.0,3.6,0
309.902,0,1,0.0,3.6,0
310.002,0,1,0.0,3.6,0
310.002,0,1,0.0,3.6,0
310.002,0,1,0.0,3.6,0
310.002,0,1,0.0,3.6,0
310.102,0,1,0.0,3.6,0
310.102,0,1,0.0,3.6,0
310.102,0,1,0.0,3.6,0
310.202,0,1,0.0,3.6,0
310.202,0,1,0.0,3.6,0
310.202,0,1,0.0,3.6,0
310.202,0,1,0.0,3.6,0
310.302,0,1,0.0,3.6,0
310.302,0,1,0.0,3.6,0
310.302,0,1,0.0,3.6,0
310.402,0,1,0.0,3.6,0
310.402,0,1,0.0,3.6,0
310.402,0,1,0.0,3.6,0
310.402,0,1,0.0,3.6,0
310.502,0,1,0.0,3.6,0
310.502,0,1,0.0,3.6,0
310.502,0,1,0.0,3.6,0
310.602,0,1,0.0,3.6,0
310.602,0,1,0.0,3.6,0
310.602,0,1,0.0,3.6,0
310.602,0,1,0.0,3.6,0
310.702,0,1,0.0,3.6,0
310.702,0,1,0.0,3.6,0
310.702,0,1,0.0,3.6,0
310.702,0,1,0.0,3.6,0
310.802,0,1,0.0,3.6,0
310.802,0,1,0.0,3.6,0
310.802,0,1,0.0,3.6,0
310.902,0,1,0.0,3.6,0
310.902,0,1,0.0,3.6,0
310.902,0,1,0.0,3.6,0
310.902,0,1,0.0,3.6,0
311.002,0,1,0.0,3.6,0
311.002,0,1,0.0,3.6,0
311.002,0,1,0.0,3.6,0
311.102,0,1,0.0,3.6,0
311.102,0,1,0.0,3.6,0
311.102,0,1,0.0,3.6,0
311.102,0,1,0.0,3.6,0
311.202,0,1,0.0,3.6,0
311.202,0,1,0.0,3.6,0
311.202,0,1,0.0,3.6,0
311.302,0,1,0.0,3.6,0
311.302,0,1,0.0,3.6,0
311.302,0,1,0.0,3.6,0
311.302,0,1,0.0,3.6,0
311.402,0,1,0.0,3.6,0
311.402,0,1,0.0,3.6,0
311.402,0,1,0.0,3.6,0
311.402,0,1,0.0,3.6,0
311.502,0,1,0.0,3.6,0
311.502,0,1,0.0,3.6,0
311.502,0,1,0.0,3.6,0
311.602,0,1,0.0,3.6,0
311.602,0,1,0.0,3.6,0
311.602,0,1,0.0,3.6,0
311.602,0,1,0.0,3.6,0
311.702,0,1,0.0,3.6,0
311.702,0,1,0.0,3.6,0
311.702,0,1,0.0,3.6,0
311.802,0,1,0.0,3.6,0
311.802,0,1,0.0,3.6,0
311.802,0,1,0.0,3.6,0
311.802,0,1,0.0,3.6,0
311.902,0,1,0.0,3.6,0
311.902,0,1,0.0,3.6,0
311.902,0,1,0.0,3.6,0
312.002,0,1,0.0,3.6,0
312.002,0,1,0.0,3.6,0
312.002,0,1,0.0,3.6,0
312.002,0,1,0.0,3.6,0
312.102,0,1,0.0,3.6,0
312.102,0,1,0.0,3.6,0
312.102,0,1,0.0,3.6,0
312.202,0,1,0.0,3.6,0
312.202,0,1,0.0,3.6,0
312.202,0,1,0.0,3.6,0
312.202,0,1,0.0,3.6,0
312.302,0,1,0.0,3.6,0
312.302,0,1,0.0,3.6,0
312.302,0,1,0.0,3.6,0
312.302,0,1,0.0,3.6,0
312.402,0,1,0.0,3.6,0
312.402,0,1,0.0,3.6,0
312.402,0,1,0.0,3.6,0
312.502,0,1,0.0,3.6,0
312.502,0,1,0.0,3.6,0
312.502,0,1,0.0,3.6,0
312.502,0,1,0.0,3.6,0
312.602,0,1,0.0,3.6,0
312.602,0,1,0.0,3.6,0
312.602,0,1,0.0,3.6,0
312.702,0,1,0.0,3.6,0
312.702,0,1,0.0,3.6,0
312.702,0,1,0.0,3.6,0
312.702,0,1,0.0,3.6,0
312.802,0,1,0.0,3.6,0
312.802,0,1,0.0,3.6,0
312.802,0,1,0.0,3.6,0
312.902,0,1,0.0,3.6,0
312.902,0,1,0.0,3.6,0
312.902,0,1,0.0,3.6,0
312.902,0,1,0.0,3.6,0
313.002,0,1,0.0,3.6,0
313.002,0,1,0.0,3.6,0
313.002,0,1,0.0,3.6,0
313.002,0,1,0.0,3.6,0
313.102,0,1,0.0,3.6,0
313.102,0,1,0.0,3.6,0
313.102,0,1,0.0,3.6,0
313.202,0,1,0.0,3.6,0
313.202,0,1,0.0,3.6,0
313.202,0,1,0.0,3.6,0
313.202,0,1,0.0,3.6,0
313.302,0,1,0.0,3.6,0
313.302,0,1,0.0,3.6,0
313.302,0,1,0.0,3.6,0
313.402,0,1,0.0,3.6,0
313.402,0,1,0.0,3.6,0
313.402,0,1,0.0,3.6,0
313.402,0,1,0.0,3.6,0
313.502,0,1,0.0,3.6,0
313.502,0,1,0.0,3.6,0
313.502,0,1,0.0,3.6,0
313.602,0,1,0.0,3.6,0
313.602,0,1,0.0,3.6,0
313.602,0,1,0.0,3.6,0
313.602,0,1,0.0,3.6,0
313.702,0,1,0.0,3.6,0
313.702,0,1,0.0,3.6,0
313.702,0,1,0.0,3.6,0
313.702,0,1,0.0,3.6,0
313.802,0,1,0.0,3.6,0
313.802,0,1,0.0,3.6,0
313.802,0,1,0.0,3.6,0
313.902,0,1,0.0,3.6,0
313.902,0,1,0.0,3.6,0
313.902,0,1,0.0,3.6,0
313.902,0,1,0.0,3.6,0
314.002,0,1,0.0,3.6,0
314.002,0,1,0.0,3.6,0
314.002,0,1,0.0,3.6,0
314.102,0,1,0.0,3.6,0
314.102,0,1,0.0,3.6,0
314.102,0,1,0.0,3.6,0
314.102,0,1,0.0,3.6,0
314.202,0,1,0.0,3.6,0
314.202,0,1,0.0,3.6,0
314.202,0,1,0.0,3.6,0
314.302,0,1,0.0,3.6,0
314.302,0,1,0.0,3.6,0
314.302,0,1,0.0,3.6,0
314.302,0,1,0.0,3.6,0
314.402,0,1,0.0,3.6,0
314.402,0,1,0.0,3.6,0
314.402,0,1,0.0,3.6,0
314.502,0,1,0.0,3.6,0
314.502,0,1,0.0,3.6,0
314.502,0,1,0.0,3.6,0
314.502,0,1,0.0,3.6,0
314.602,0,1,0.0,3.6,0
314.602,0,1,0.0,3.6,0
314.602,0,1,0.0,3.6,0
314.602,0,1,0.0,3.6,0
314.702,0,1,0.0,3.6,0
314.702,0,1,0.0,3.6,0
314.702,0,1,0.0,3.6,0
314.802,0,1,0.0,3.6,0
314.802,0,1,0.0,3.6,0
314.802,0,1,0.0,3.6,0
314.802,0,1,0.0,3.6,0
314.902,0,1,0.0,3.6,0
314.902,0,1,0.0,3.6,0
314.902,0,1,0.0,3.6,0
315.002,0,1,0.0,3.6,0
315.002,0,1,0.0,3.6,0
315.002,0,1,0.0,3.6,0
315.002,0,1,0.0,3.6,0
315.102,0,1,0.0,3.6,0
315.102,0,1,0.0,3.6,0
315.102,0,1,0.0,3.6,0
315.202,0,1,0.0,3.6,0
315.202,0,1,0.0,3.6,0
315.202,0,1,0.0,3.6,0
315.202,0,1,0.0,3.6,0
315.302,0,1,0.0,3.6,0
315.302,0,1,0.0,3.6,0
315.302,0,1,0.0,3.6,0
315.302,0,1,0.0,3.6,0
315.402,0,1,0.0,3.6,0
315.402,0,1,0.0,3.6,0
315.402,0,1,0.0,3.6,0
315.502,0,1,0.0,3.6,0
315.502,0,1,0.0,3.6,0
315.502,0,1,0.0,3.6,0
315.502,0,1,0.0,3.6,0
315.602,0,1,0.0,3.6,0
315.602,0,1,0.0,3.6,0
315.602,0,1,0.0,3.6,0
315.702,0,1,0.0,3.6,0
315.702,0,1,0.0,3.6,0
315.702,0,1,0.0,3.6,0
315.702,0,1,0.0,3.6,0
315.802,0,1,0.0,3.6,0
315.802,0,1,0.0,3.6,0
315.802,0,1,0.0,3.6,0
315.902,0,1,0.0,3.6,0
315.902,0,1,0.0,3.6,0
315.902,0,1,0.0,3.6,0
315.902,0,1,0.0,3.6,0
316.002,0,0,0.0,0.0,0
316.002,0,0,0.0,0.0,0
316.002,0,0,0.0,0.0,0
316.002,0,0,0.0,0.0,0
316.102,0,0,0.0,0.0,0
316.102,0,0,0.0,0.0,0
316.102,0,0,0.0,0.0,0
316.202,2,0,-37.0,0.0,0
316.202,2,0,-37.0,0.0,0
316.202,2,0,-37.0,0.0,0
316.202,2,0,-37.0,0.0,0
316.302,2,0,-37.0,0.0,0
316.302,2,0,-37.0,0.0,0
316.302,2,0,-37.0,0.0,0
316.402,2,0,-37.0,0.0,0
316.402,2,0,-37.0,0.0,0
316.402,2,0,-37.0,0.0,0
316.402,2,0,-37.0,0.0,0
316.502,2,0,-37.0,0.0,0
316.502,2,0,-37.0,0.0,0
316.502,2,0,-37.0,0.0,0
316.602,2,0,-37.0,0.0,0
316.602,2,0,-37.0,0.0,0
316.602,2,0,-37.0,0.0,0
316.602,2,0,-37.0,0.0,0
316.702,2,0,-37.0,0.0,0
316.702,2,0,-37.0,0.0,0
316.702,2,0,-37.0,0.0,0
316.802,2,0,-37.0,0.0,0
316.802,2,0,-37.0,0.0,0
316.802,2,0,-37.0,0.0,0
316.802,2,0,-37.0,0.0,0
316.902,2,0,-37.0,0.0,0
316.902,2,0,-37.0,0.0,0
316.902,2,0,-37.0,0.0,0
316.902,2,0,-37.0,0.0,0
317.002,2,0,-37.0,0.0,0
317.002,2,0,-37.0,0.0,0
317.002,2,0,-37.0,0.0,0
317.102,2,0,-37.0,0.0,0
317.102,2,0,-37.0,0.0,0
317.102,2,0,-37.0,0.0,0
317.102,2,0,-37.0,0.0,0
317.202,2,0,-37.0,0.0,0
317.202,2,0,-37.0,0.0,0
317.202,2,0,-37.0,0.0,0
317.302,2,0,-37.0,0.0,0
317.302,2,0,-37.0,0.0,0
317.302,2,0,-37.0,0.0,0
317.302,2,0,-37.0,0.0,0
317.402,2,0,-37.0,0.0,0
317.402,2,0,-37.0,0.0,0
317.402,2,0,-37.0,0.0,0
317.502,2,0,-37.0,0.0,0
317.502,2,0,-37.0,0.0,0
317.502,2,0,-37.0,0.0,0
317.502,2,0,-37.0,0.0,0
317.602,2,0,-37.0,0.0,0
317.602,2,0,-37.0,0.0,0
317.602,2,0,-37.0,0.0,0
317.602,2,0,-37.0,0.0,0
317.702,2,0,-37.0,0.0,0
317.702,2,0,-37.0,0.0,0
317.702,2,0,-37.0,0.0,0
317.802,2,0,-37.0,0.0,0
317.802,2,0,-37.0,0.0,0
317.802,2,0,-37.0,0.0,0
317.802,2,0,-37.0,0.0,0
317.902,2,0,-37.0,0.0,0
317.902,2,0,-37.0,0.0,0
317.902,2,0,-37.0,0.0,0
318.002,2,0,-37.0,0.0,0
318.002,2,0,-37.0,0.0,0
318.002,2,0,-37.0,0.0,0
318.002,2,0,-37.0,0.0,0
318.102,2,0,-37.0,0.0,0
318.102,2,0,-37.0,0.0,0
318.102,2,0,-37.0,0.0,0
318.202,2,0,-37.0,0.0,0
318.202,2,0,-37.0,0.0,0
318.202,2,0,-37.0,0.0,0
318.202,2,0,-37.0,0.0,0
318.302,2,0,-37.0,0.0,0
318.302,2,0,-37.0,0.0,0
318.302,2,0,-37.0,0.0,0
318.402,2,0,-37.0,0.0,0
318.402,2,0,-37.0,0.0,0
318.402,2,0,-37.0,0.0,0
318.402,2,0,-37.0,0.0,0
318.502,2,0,-37.0,0.0,0
318.502,2,0,-37.0,0.0,0
318.502,2,0,-37.0,0.0,0
318.502,2,0,-37.0,0.0,0
318.602,2,0,-37.0,0.0,0
318.602,2,0,-37.0,0.0,0
318.602,2,0,-37.0,0.0,0
318.702,2,0,-37.0,0.0,0
318.702,2,0,-37.0,0.0,0
318.702,2,0,-37.0,0.0,0
318.702,2,0,-37.0,0.0,0
318.802,2,0,-37.0,0.0,0
318.802,2,0,-37.0,0.0,0
318.802,2,0,-37.0,0.0,0
318.902,2,0,-37.0,0.0,0
318.902,2,0,-37.0,0.0,0
318.902,2,0,-37.0,0.0,0
318.902,2,0,-37.0,0.0,0
319.002,2,0,-37.0,0.0,0
319.002,2,0,-37.0,0.0,0
319.002,2,0,-37.0,0.0,0
319.102,2,0,-37.0,0.0,0
319.102,2,0,-37.0,0.0,0
319.102,2,0,-37.0,0.0,0
319.102,2,0,-37.0,0.0,0
319.202,2,0,-37.0,0.0,0
319.202,2,0,-37.0,0.0,0
319.202,2,0,-37.0,0.0,0
319.202,2,0,-37.0,0.0,0
319.302,2,0,-37.0,0.0,0
319.302,2,0,-37.0,0.0,0
319.302,2,0,-37.0,0.0,0
319.402,2,0,-37.0,0.0,0
319.402,2,0,-37.0,0.0,0
319.402,2,0,-37.0,0.0,0
319.402,2,0,-37.0,0.0,0
319.502,2,0,-37.0,0.0,0
319.502,2,0,-37.0,0.0,0
319.502,2,0,-37.0,0.0,0
319.602,2,0,-37.0,0.0,0
319.602,2,0,-37.0,0.0,0
319.602,2,0,-37.0,0.0,0
319.602,2,0,-37.0,0.0,0
319.702,2,0,-37.0,0.0,0
319.702,2,0,-37.0,0.0,0
319.702,2,0,-37.0,0.0,0
319.802,2,0,-37.0,0.0,0
319.802,2,0,-37.0,0.0,0
319.802,2,0,-37.0,0.0,0
319.802,2,0,-37.0,0.0,0
319.902,2,0,-37.0,0.0,0
319.902,2,0,-37.0,0.0,0
319.902,2,0,-37.0,0.0,0
319.902,2,0,-37.0,0.0,0
320.002,2,0,-37.0,0.0,0
320.002,2,0,-37.0,0.0,0
320.002,2,0,-37.0,0.0,0
320.102,2,0,-37.0,0.0,0
320.102,2,0,-37.0,0.0,0
320.102,2,0,-37.0,0.0,0
320.102,2,0,-37.0,0.0,0
320.202,2,0,-37.0,0.0,0
320.202,2,0,-37.0,0.0,0
320.202,2,0,-37.0,0.0,0
320.302,2,0,-37.0,0.0,0
320.302,2,0,-37.0,0.0,0
320.302,2,0,-37.0,0.0,0
320.302,2,0,-37.0,0.0,0
320.402,2,0,-37.0,0.0,0
320.402,2,0,-37.0,0.0,0
320.402,2,0,-37.0,0.0,0
320.502,2,0,-37.0,0.0,0
320.502,2,0,-37.0,0.0,0
320.502,2,0,-37.0,0.0,0
320.502,2,0,-37.0,0.0,0
320.602,2,0,-37.0,0.0,0
320.602,2,0,-37.0,0.0,0
320.602,2,0,-37.0,0.0,0
320.702,2,0,-37.0,0.0,0
320.702,2,0,-37.0,0.0,0
320.702,2,0,-37.0,0.0,0
320.702,2,0,-37.0,0.0,0
320.802,2,0,-37.0,0.0,0
320.802,2,0,-37.0,0.0,0
320.802,2,0,-37.0,0.0,0
320.802,2,0,-37.0,0.0,0
320.902,2,0,-37.0,0.0,0
320.902,2,0,-37.0,0.0,0
320.902,2,0,-37.0,0.0,0
321.002,2,0,-37.0,0.0,0
321.002,2,0,-37.0,0.0,0
321.002,2,0,-37.0,0.0,0
321.002,2,0,-37.0,0.0,0
321.102,2,0,-37.0,0.0,0
321.102,2,0,-37.0,0.0,0
321.102,2,0,-37.0,0.0,0
321.202,2,0,-37.0,0.0,0
321.202,2,0,-37.0,0.0,0
321.202,2,0,-37.0,0.0,0
321.202,2,0,-37.0,0.0,0
321.302,2,0,-37.0,0.0,0
321.302,2,0,-37.0,0.0,0
321.302,2,0,-37.0,0.0,0
321.402,2,0,-37.0,0.0,0
321.402,2,0,-37.0,0.0,0
321.402,2,0,-37.0,0.0,0
321.402,2,0,-37.0,0.0,0
321.502,2,0,-37.0,0.0,0
321.502,2,0,-37.0,0.0,0
321.502,2,0,-37.0,0.0,0
321.502,2,0,-37.0,0.0,0
321.602,2,0,-37.0,0.0,0
321.602,2,0,-37.0,0.0,0
321.602,2,0,-37.0,0.0,0
321.702,2,0,-37.0,0.0,0
321.702,2,0,-37.0,0.0,0
321.702,2,0,-37.0,0.0,0
321.702,2,0,-37.0,0.0,0
321.802,2,0,-37.0,0.0,0
321.802,2,0,-37.0,0.0,0
321.802,2,0,-37.0,0.0,0
321.902,2,0,-37.0,0.0,0
321.902,2,0,-37.0,0.0,0
321.902,2,0,-37.0,0.0,0
321.902,2,0,-37.0,0.0,0
322.002,2,0,-37.0,0.0,0
322.002,2,0,-37.0,0.0,0
322.002,2,0,-37.0,0.0,0
322.102,2,0,-37.0,0.0,0
322.102,2,0,-37.0,0.0,0
322.102,2,0,-37.0,0.0,0
322.102,2,0,-37.0,0.0,0
322.202,2,0,-37.0,0.0,0
322.202,2,0,-37.0,0.0,0
322.202,2,0,-37.0,0.0,0
322.202,2,0,-37.0,0.0,0
322.302,2,0,-37.0,0.0,0
322.302,2,0,-37.0,0.0,0
322.302,2,0,-37.0,0.0,0
322.402,2,0,-37.0,0.0,0
322.402,2,0,-37.0,0.0,0
322.402,2,0,-37.0,0.0,0
322.402,2,0,-37.0,0.0,0
322.502,2,0,-37.0,0.0,0
322.502,2,0,-37.0,0.0,0
322.502,2,0,-37.0,0.0,0
322.602,2,0,-37.0,0.0,0
322.602,2,0,-37.0,0.0,0
322.602,2,0,-37.0,0.0,0
322.602,2,0,-37.0,0.0,0
322.702,2,0,-37.0,0.0,0
322.702,2,0,-37.0,0.0,0
322.702,2,0,-37.0,0.0,0
322.802,2,0,-37.0,0.0,0
322.802,2,0,-37.0,0.0,0
322.802,2,0,-37.0,0.0,0
322.802,2,0,-37.0,0.0,0
322.902,2,0,-37.0,0.0,0
322.902,2,0,-37.0,0.0,0
322.902,2,0,-37.0,0.0,0
323.002,2,0,-37.0,0.0,0
323.002,2,0,-37.0,0.0,0
323.002,2,0,-37.0,0.0,0
323.002,2,0,-37.0,0.0,0
323.102,2,0,-37.0,0.0,0
323.102,2,0,-37.0,0.0,0
323.102,2,0,-37.0,0.0,0
323.102,2,0,-37.0,0.0,0
323.202,2,0,-37.0,0.0,0
323.202,2,0,-37.0,0.0,0
323.202,2,0,-37.0,0.0,0
323.302,2,0,-37.0,0.0,0
323.302,2,0,-37.0,0.0,0
323.302,2,0,-37.0,0.0,0
323.302,2,0,-37.0,0.0,0
323.402,2,0,-37.0,0.0,0
323.402,2,0,-37.0,0.0,0
323.402,2,0,-37.0,0.0,0
323.502,2,0,-37.0,0.0,0
323.502,2,0,-37.0,0.0,0
323.502,2,0,-37.0,0.0,0
323.502,2,0,-37.0,0.0,0
323.602,2,0,-37.0,0.0,0
323.602,2,0,-37.0,0.0,0
323.602,2,0,-37.0,0.0,0
323.702,2,0,-37.0,0.0,0
323.702,2,0,-37.0,0.0,0
323.702,2,0,-37.0,0.0,0
323.702,2,0,-37.0,0.0,0
323.802,2,0,-37.0,0.0,0
323.802,2,0,-37.0,0.0,0
323.802,2,0,-37.0,0.0,0
323.802,2,0,-37.0,0.0,0
323.902,2,0,-37.0,0.0,0
323.902,2,0,-37.0,0.0,0
323.902,2,0,-37.0,0.0,0
324.002,2,0,-37.0,0.0,0
324.002,2,0,-37.0,0.0,0
324.002,2,0,-37.0,0.0,0
324.002,2,0,-37.0,0.0,0
324.102,2,0,-37.0,0.0,0
324.102,2,0,-37.0,0.0,0
324.102,2,0,-37.0,0.0,0
324.202,2,0,-37.0,0.0,0
324.202,2,0,-37.0,0.0,0
324.202,2,0,-37.0,0.0,0
324.202,2,0,-37.0,0.0,0
324.302,2,0,-37.0,0.0,0
324.302,2,0,-37.0,0.0,0
324.302,2,0,-37.0,0.0,0
324.402,2,0,-37.0,0.0,0
324.402,2,0,-37.0,0.0,0
324.402,2,0,-37.0,0.0,0
324.402,2,0,-37.0,0.0,0
324.502,2,0,-37.0,0.0,0
324.502,2,0,-37.0,0.0,0
324.502,2,0,-37.0,0.0,0
324.502,2,0,-37.0,0.0,0
324.602,2,0,-37.0,0.0,0
324.602,2,0,-37.0,0.0,0
324.602,2,0,-37.0,0.0,0
324.702,2,0,-37.0,0.0,0
324.702,2,0,-37.0,0.0,0
324.702,2,0,-37.0,0.0,0
324.702,2,0,-37.0,0.0,0
324.802,2,0,-37.0,0.0,0
324.802,2,0,-37.0,0.0,0
324.802,2,0,-37.0,0.0,0
324.902,2,0,-37.0,0.0,0
324.902,2,0,-37.0,0.0,0
324.902,2,0,-37.0,0.0,0
324.902,2,0,-37.0,0.0,0
325.002,2,0,-37.0,0.0,0
325.002,2,0,-37.0,0.0,0
325.002,2,0,-37.0,0.0,0
325.102,2,0,-37.0,0.0,0
325.102,2,0,-37.0,0.0,0
325.102,2,0,-37.0,0.0,0
325.102,2,0,-37.0,0.0,0
325.202,2,0,-37.0,0.0,0
325.202,2,0,-37.0,0.0,0
325.202,2,0,-37.0,0.0,0
325.302,2,0,-37.0,0.0,0
325.302,2,0,-37.0,0.0,0
325.302,2,0,-37.0,0.0,0
325.302,2,0,-37.0,0.0,0
325.402,2,0,-37.0,0.0,0
325.402,2,0,-37.0,0.0,0
325.402,2,0,-37.0,0.0,0
325.402,2,0,-37.0,0.0,0
325.502,2,0,-37.0,0.0,0
325.502,2,0,-37.0,0.0,0
325.502,2,0,-37.0,0.0,0
325.602,2,0,-37.0,0.0,0
325.602,2,0,-37.0,0.0,0
325.602,2,0,-37.0,0.0,0
325.602,2,0,-37.0,0.0,0
325.702,2,0,-37.0,0.0,0
325.702,2,0,-37.0,0.0,0
325.702,2,0,-37.0,0.0,0
325.802,2,0,-37.0,0.0,0
325.802,2,0,-37.0,0.0,0
325.802,2,0,-37.0,0.0,0
325.802,2,0,-37.0,0.0,0
325.902,2,0,-37.0,0.0,0
325.902,2,0,-37.0,0.0,0
325.902,2,0,-37.0,0.0,0
326.002,2,0,-37.0,0.0,0
326.002,2,0,-37.0,0.0,0
326.002,2,0,-37.0,0.0,0
326.002,2,0,-37.0,0.0,0
326.102,2,0,-37.0,0.0,0
326.102,2,0,-37.0,0.0,0
326.102,2,0,-37.0,0.0,0
326.102,2,0,-37.0,0.0,0
326.202,2,0,-37.0,0.0,0
326.202,2,0,-37.0,0.0,0
326.202,2,0,-37.0,0.0,0
326.302,2,0,-37.0,0.0,0
326.302,2,0,-37.0,0.0,0
326.302,2,0,-37.0,0.0,0
326.302,2,0,-37.0,0.0,0
326.402,2,0,-37.0,0.0,0
326.402,2,0,-37.0,0.0,0
326.402,2,0,-37.0,0.0,0
326.502,2,0,-37.0,0.0,0
326.502,2,0,-37.0,0.0,0
326.502,2,0,-37.0,0.0,0
326.502,2,0,-37.0,0.0,0
326.602,2,0,-37.0,0.0,0
326.602,2,0,-37.0,0.0,0
326.602,2,0,-37.0,0.0,0
326.702,2,0,-37.0,0.0,0
326.702,2,0,-37.0,0.0,0
326.702,2,0,-37.0,0.0,0
326.702,2,0,-37.0,0.0,0
326.802,2,0,-37.0,0.0,0
326.802,2,0,-37.0,0.0,0
326.802,2,0,-37.0,0.0,0
326.902,2,0,-37.0,0.0,0
326.902,2,0,-37.0,0.0,0
326.902,2,0,-37.0,0.0,0
326.902,2,0,-37.0,0.0,0
327.002,2,0,-37.0,0.0,0
327.002,2,0,-37.0,0.0,0
327.002,2,0,-37.0,0.0,0
327.002,2,0,-37.0,0.0,0
327.102,2,0,-37.0,0.0,0
327.102,2,0,-37.0,0.0,0
327.102,2,0,-37.0,0.0,0
327.202,2,0,-37.0,0.0,0
327.202,2,0,-37.0,0.0,0
327.202,2,0,-37.0,0.0,0
327.202,2,0,-37.0,0.0,0
327.302,2,0,-37.0,0.0,0
327.302,2,0,-37.0,0.0,0
327.302,2,0,-37.0,0.0,0
327.402,2,0,-37.0,0.0,0
327.402,2,0,-37.0,0.0,0
327.402,2,0,-37.0,0.0,0
327.402,2,0,-37.0,0.0,0
327.502,2,0,-37.0,0.0,0
327.502,2,0,-37.0,0.0,0
327.502,2,0,-37.0,0.0,0
327.602,2,0,-37.0,0.0,0
327.602,2,0,-37.0,0.0,0
327.602,2,0,-37.0,0.0,0
327.602,2,0,-37.0,0.0,0
327.702,2,0,-37.0,0.0,0
327.702,2,0,-37.0,0.0,0
327.702,2,0,-37.0,0.0,0
327.702,2,0,-37.0,0.0,0
327.802,2,0,-37.0,0.0,0
327.802,2,0,-37.0,0.0,0
327.802,2,0,-37.0,0.0,0
327.902,2,0,-37.0,0.0,0
327.902,2,0,-37.0,0.0,0
327.902,2,0,-37.0,0.0,0
327.902,2,0,-37.0,0.0,0
328.002,2,0,-37.0,0.0,0
328.002,2,0,-37.0,0.0,0
328.002,2,0,-37.0,0.0,0
328.102,2,0,-37.0,0.0,0
328.102,2,0,-37.0,0.0,0
328.102,2,0,-37.0,0.0,0
328.102,2,0,-37.0,0.0,0
328.202,2,0,-37.0,0.0,0
328.202,2,0,-37.0,0.0,0
328.202,2,0,-37.0,0.0,0
328.302,2,0,-37.0,0.0,0
328.302,2,0,-37.0,0.0,0
328.302,2,0,-37.0,0.0,0
328.302,2,0,-37.0,0.0,0
328.402,2,0,-37.0,0.0,0
328.402,2,0,-37.0,0.0,0
328.402,2,0,-37.0,0.0,0
328.402,2,0,-37.0,0.0,0
328.502,2,0,-37.0,0.0,0
328.502,2,0,-37.0,0.0,0
328.502,2,0,-37.0,0.0,0
328.602,2,0,-37.0,0.0,0
328.602,2,0,-37.0,0.0,0
328.602,2,0,-37.0,0.0,0
328.602,2,0,-37.0,0.0,0
328.702,2,0,-37.0,0.0,0
328.702,2,0,-37.0,0.0,0
328.702,2,0,-37.0,0.0,0
328.802,2,0,-37.0,0.0,0
328.802,2,0,-37.0,0.0,0
328.802,2,0,-37.0,0.0,0
328.802,2,0,-37.0,0.0,0
328.902,2,0,-37.0,0.0,0
328.902,2,0,-37.0,0.0,0
328.902,2,0,-37.0,0.0,0
329.002,2,0,-37.0,0.0,0
329.002,2,0,-37.0,0.0,0
329.002,2,0,-37.0,0.0,0
329.002,2,0,-37.0,0.0,0
329.102,2,0,-37.0,0.0,0
329.102,2,0,-37.0,0.0,0
329.102,2,0,-37.0,0.0,0
329.202,2,0,-37.0,0.0,0
329.202,2,0,-37.0,0.0,0
329.202,2,0,-37.0,0.0,0
329.202,2,0,-37.0,0.0,0
329.302,2,0,-37.0,0.0,0
329.302,2,0,-37.0,0.0,0
329.302,2,0,-37.0,0.0,0
329.302,2,0,-37.0,0.0,0
329.402,2,0,-37.0,0.0,0
329.402,2,0,-37.0,0.0,0
329.402,2,0,-37.0,0.0,0
329.502,2,0,-37.0,0.0,0
329.502,2,0,-37.0,0.0,0
329.502,2,0,-37.0,0.0,0
329.502,2,0,-37.0,0.0,0
329.602,2,0,-37.0,0.0,0
329.602,2,0,-37.0,0.0,0
329.602,2,0,-37.0,0.0,0
329.702,2,0,-37.0,0.0,0
329.702,2,0,-37.0,0.0,0
329.702,2,0,-37.0,0.0,0
329.702,2,0,-37.0,0.0,0
329.802,2,0,-37.0,0.0,0
329.802,2,0,-37.0,0.0,0
329.802,2,0,-37.0,0.0,0
329.902,2,0,-37.0,0.0,0
329.902,2,0,-37.0,0.0,0
329.902,2,0,-37.0,0.0,0
329.902,2,0,-37.0,0.0,0
330.002,2,0,-37.0,0.0,0
330.002,2,0,-37.0,0.0,0
330.002,2,0,-37.0,0.0,0
330.002,2,0,-37.0,0.0,0
330.102,2,0,-37.0,0.0,0
330.102,2,0,-37.0,0.0,0
330.102,2,0,-37.0,0.0,0
330.202,2,0,-37.0,0.0,0
330.202,2,0,-37.0,0.0,0
330.202,2,0,-37.0,0.0,0
330.202,2,0,-37.0,0.0,0
330.302,2,0,-37.0,0.0,0
330.302,2,0,-37.0,0.0,0
330.302,2,0,-37.0,0.0,0
330.402,2,0,-37.0,0.0,0
330.402,2,0,-37.0,0.0,0
330.402,2,0,-37.0,0.0,0
330.402,2,0,-37.0,0.0,0
330.502,2,0,-37.0,0.0,0
330.502,2,0,-37.0,0.0,0
330.502,2,0,-37.0,0.0,0
330.602,2,0,-37.0,0.0,0
330.602,2,0,-37.0,0.0,0
330.602,2,0,-37.0,0.0,0
330.602,2,0,-37.0,0.0,0
330.702,2,0,-37.0,0.0,0
330.702,2,0,-37.0,0.0,0
330.702,2,0,-37.0,0.0,0
330.802,2,0,-37.0,0.0,0
330.802,2,0,-37.0,0.0,0
330.802,2,0,-37.0,0.0,0
330.802,2,0,-37.0,0.0,0
330.902,2,0,-37.0,0.0,0
330.902,2,0,-37.0,0.0,0
330.902,2,0,-37.0,0.0,0
330.902,2,0,-37.0,0.0,0
331.002,2,0,-37.0,0.0,0
331.002,2,0,-37.0,0.0,0
331.002,2,0,-37.0,0.0,0
331.102,2,0,-37.0,0.0,0
331.102,2,0,-37.0,0.0,0
331.102,2,0,-37.0,0.0,0
331.102,2,0,-37.0,0.0,0
331.202,2,0,-37.0,0.0,0
331.202,2,0,-37.0,0.0,0
331.202,2,0,-37.0,0.0,0
331.302,2,0,-37.0,0.0,0
331.302,2,0,-37.0,0.0,0
331.302,2,0,-37.0,0.0,0
331.302,2,0,-37.0,0.0,0
331.402,2,0,-37.0,0.0,0
331.402,2,0,-37.0,0.0,0
331.402,2,0,-37.0,0.0,0
331.502,2,0,-37.0,0.0,0
331.502,2,0,-37.0,0.0,0
331.502,2,0,-37.0,0.0,0
331.502,2,0,-37.0,0.0,0
331.602,2,0,-37.0,0.0,0
331.602,2,0,-37.0,0.0,0
331.602,2,0,-37.0,0.0,0
331.602,2,0,-37.0,0.0,0
331.702,2,0,-37.0,0.0,0
331.702,2,0,-37.0,0.0,0
331.702,2,0,-37.0,0.0,0
331.802,2,0,-37.0,0.0,0
331.802,2,0,-37.0,0.0,0
331.802,2,0,-37.0,0.0,0
331.802,2,0,-37.0,0.0,0
331.902,2,0,-37.0,0.0,0
331.902,2,0,-37.0,0.0,0
331.902,2,0,-37.0,0.0,0
332.002,2,0,-37.0,0.0,0
332.002,2,0,-37.0,0.0,0
332.002,2,0,-37.0,0.0,0
332.002,2,0,-37.0,0.0,0
332.102,2,0,-37.0,0.0,0
332.102,2,0,-37.0,0.0,0
332.102,2,0,-37.0,0.0,0
332.202,2,0,-37.0,0.0,0
332.202,2,0,-37.0,0.0,0
332.202,2,0,-37.0,0.0,0
332.202,2,0,-37.0,0.0,0
332.302,2,0,-37.0,0.0,0
332.302,2,0,-37.0,0.0,0
332.302,2,0,-37.0,0.0,0
332.302,2,0,-37.0,0.0,0
332.402,2,0,-37.0,0.0,0
332.402,2,0,-37.0,0.0,0
332.402,2,0,-37.0,0.0,0
332.502,2,0,-37.0,0.0,0
332.502,2,0,-37.0,0.0,0
332.502,2,0,-37.0,0.0,0
332.502,2,0,-37.0,0.0,0
332.602,2,0,-37.0,0.0,0
332.602,2,0,-37.0,0.0,0
332.602,2,0,-37.0,0.0,0
332.702,2,0,-37.0,0.0,0
332.702,2,0,-37.0,0.0,0
332.702,2,0,-37.0,0.0,0
332.702,2,0,-37.0,0.0,0
332.802,2,0,-37.0,0.0,0
332.802,2,0,-37.0,0.0,0
332.802,2,0,-37.0,0.0,0
332.902,2,0,-37.0,0.0,0
332.902,2,0,-37.0,0.0,0
332.902,2,0,-37.0,0.0,0
332.902,2,0,-37.0,0.0,0
333.002,2,0,-37.0,0.0,0
333.002,2,0,-37.0,0.0,0
333.002,2,0,-37.0,0.0,0
333.002,2,0,-37.0,0.0,0
333.102,2,0,-37.0,0.0,0
333.102,2,0,-37.0,0.0,0
333.102,2,0,-37.0,0.0,0
333.202,2,0,-37.0,0.0,0
333.202,2,0,-37.0,0.0,0
333.202,2,0,-37.0,0.0,0
333.202,2,0,-37.0,0.0,0
333.302,2,0,-37.0,0.0,0
333.302,2,0,-37.0,0.0,0
333.302,2,0,-37.0,0.0,0
333.402,2,0,-37.0,0.0,0
333.402,2,0,-37.0,0.0,0
333.402,2,0,-37.0,0.0,0
333.402,2,0,-37.0,0.0,0
333.502,2,0,-37.0,0.0,0
333.502,2,0,-37.0,0.0,0
333.502,2,0,-37.0,0.0,0
333.602,2,0,-37.0,0.0,0
333.602,2,0,-37.0,0.0,0
333.602,2,0,-37.0,0.0,0
333.602,2,0,-37.0,0.0,0
333.702,2,0,-37.0,0.0,0
333.702,2,0,-37.0,0.0,0
333.702,2,0,-37.0,0.0,0
333.802,2,0,-37.0,0.0,0
333.802,2,0,-37.0,0.0,0
333.802,2,0,-37.0,0.0,0
333.802,2,0,-37.0,0.0,0
333.902,2,0,-37.0,0.0,0
333.902,2,0,-37.0,0.0,0
333.902,2,0,-37.0,0.0,0
333.902,2,0,-37.0,0.0,0
334.002,2,0,-37.0,0.0,0
334.002,2,0,-37.0,0.0,0
334.002,2,0,-37.0,0.0,0
334.102,2,0,-37.0,0.0,0
334.102,2,0,-37.0,0.0,0
334.102,2,0,-37.0,0.0,0
334.102,2,0,-37.0,0.0,0
334.202,2,0,-37.0,0.0,0
334.202,2,0,-37.0,0.0,0
334.202,2,0,-37.0,0.0,0
334.302,2,0,-37.0,0.0,0
334.302,2,0,-37.0,0.0,0
334.302,2,0,-37.0,0.0,0
334.302,2,0,-37.0,0.0,0
334.402,2,0,-37.0,0.0,0
334.402,2,0,-37.0,0.0,0
334.402,2,0,-37.0,0.0,0
334.502,2,0,-37.0,0.0,0
334.502,2,0,-37.0,0.0,0
334.502,2,0,-37.0,0.0,0
334.502,2,0,-37.0,0.0,0
334.602,2,0,-37.0,0.0,0
334.602,2,0,-37.0,0.0,0
334.602,2,0,-37.0,0.0,0
334.602,2,0,-37.0,0.0,0
334.702,2,0,-37.0,0.0,0
334.702,2,0,-37.0,0.0,0
334.702,2,0,-37.0,0.0,0
334.802,2,0,-37.0,0.0,0
334.802,2,0,-37.0,0.0,0
334.802,2,0,-37.0,0.0,0
334.802,2,0,-37.0,0.0,0
334.902,2,0,-37.0,0.0,0
334.902,2,0,-37.0,0.0,0
334.902,2,0,-37.0,0.0,0
335.002,2,0,-37.0,0.0,0
335.002,2,0,-37.0,0.0,0
335.002,2,0,-37.0,0.0,0
335.002,2,0,-37.0,0.0,0
335.102,2,0,-37.0,0.0,0
335.102,2,0,-37.0,0.0,0
335.102,2,0,-37.0,0.0,0
335.202,2,0,-37.0,0.0,0
335.202,2,0,-37.0,0.0,0
335.202,2,0,-37.0,0.0,0
335.202,2,0,-37.0,0.0,0
335.302,2,0,-37.0,0.0,0
335.302,2,0,-37.0,0.0,0
335.302,2,0,-37.0,0.0,0
335.402,2,0,-37.0,0.0,0
335.402,2,0,-37.0,0.0,0
335.402,2,0,-37.0,0.0,0
335.402,2,0,-37.0,0.0,0
335.502,2,0,-37.0,0.0,0
335.502,2,0,-37.0,0.0,0
335.502,2,0,-37.0,0.0,0
335.502,2,0,-37.0,0.0,0
335.602,2,0,-37.0,0.0,0
335.602,2,0,-37.0,0.0,0
335.602,2,0,-37.0,0.0,0
335.702,0,0,0.0,0.0,0
335.702,0,0,0.0,0.0,0
335.702,0,0,0.0,0.0,0
335.702,0,0,0.0,0.0,0
335.802,2,0,-37.0,0.0,0
335.802,2,0,-37.0,0.0,0
335.802,2,0,-37.0,0.0,0
335.902,2,0,-37.0,0.0,0
335.902,2,0,-37.0,0.0,0
335.902,2,0,-37.0,0.0,0
335.902,2,0,-37.0,0.0,0
336.002,2,0,-37.0,0.0,0
336.002,2,0,-37.0,0.0,0
336.002,2,0,-37.0,0.0,0
336.102,2,0,-37.0,0.0,0
336.102,2,0,-37.0,0.0,0
336.102,2,0,-37.0,0.0,0
336.102,2,0,-37.0,0.0,0
336.202,2,0,-37.0,0.0,0
336.202,2,0,-37.0,0.0,0
336.202,2,0,-37.0,0.0,0
336.202,2,0,-37.0,0.0,0
336.302,2,0,-37.0,0.0,0
336.302,2,0,-37.0,0.0,0
336.302,2,0,-37.0,0.0,0
336.402,2,0,-37.0,0.0,0
336.402,2,0,-37.0,0.0,0
336.402,2,0,-37.0,0.0,0
336.402,2,0,-37.0,0.0,0
336.502,2,0,-37.0,0.0,0
336.502,2,0,-37.0,0.0,0
336.502,2,0,-37.0,0.0,0
336.602,2,0,-37.0,0.0,0
336.602,2,0,-37.0,0.0,0
336.602,2,0,-37.0,0.0,0
336.602,2,0,-37.0,0.0,0
336.702,2,0,-37.0,0.0,0
336.702,2,0,-37.0,0.0,0
336.702,2,0,-37.0,0.0,0
336.802,2,0,-37.0,0.0,0
336.802,2,0,-37.0,0.0,0
336.802,2,0,-37.0,0.0,0
336.802,2,0,-37.0,0.0,0
336.902,2,0,-37.0,0.0,0
336.902,2,0,-37.0,0.0,0
336.902,2,0,-37.0,0.0,0
336.902,2,0,-37.0,0.0,0
337.002,2,0,-37.0,0.0,0
337.002,2,0,-37.0,0.0,0
337.002,2,0,-37.0,0.0,0
337.102,2,0,-37.0,0.0,0
337.102,2,0,-37.0,0.0,0
337.102,2,0,-37.0,0.0,0
337.102,2,0,-37.0,0.0,0
337.202,2,0,-37.0,0.0,0
337.202,2,0,-37.0,0.0,0
337.202,2,0,-37.0,0.0,0
337.302,2,0,-37.0,0.0,0
337.302,2,0,-37.0,0.0,0
337.302,2,0,-37.0,0.0,0
337.302,2,0,-37.0,0.0,0
337.402,2,0,-37.0,0.0,0
337.402,2,0,-37.0,0.0,0
337.402,2,0,-37.0,0.0,0
337.502,2,0,-37.0,0.0,0
337.502,2,0,-37.0,0.0,0
337.502,2,0,-37.0,0.0,0
337.502,2,0,-37.0,0.0,0
337.602,2,0,-37.0,0.0,0
337.602,2,0,-37.0,0.0,0
337.602,2,0,-37.0,0.0,0
337.702,2,0,-37.0,0.0,0
337.702,2,0,-37.0,0.0,0
337.702,2,0,-37.0,0.0,0
337.702,2,0,-37.0,0.0,0
337.802,2,0,-37.0,0.0,0
337.802,2,0,-37.0,0.0,0
337.802,2,0,-37.0,0.0,0
337.802,2,0,-37.0,0.0,0
337.902,2,0,-37.0,0.0,0
337.902,2,0,-37.0,0.0,0
337.902,2,0,-37.0,0.0,0
338.002,2,0,-37.0,0.0,0
338.002,2,0,-37.0,0.0,0
338.002,2,0,-37.0,0.0,0
338.002,2,0,-37.0,0.0,0
338.102,2,0,-37.0,0.0,0
338.102,2,0,-37.0,0.0,0
338.102,2,0,-37.0,0.0,0
338.202,2,0,-37.0,0.0,0
338.202,2,0,-37.0,0.0,0
338.202,2,0,-37.0,0.0,0
338.202,2,0,-37.0,0.0,0
338.302,2,0,-37.0,0.0,0
338.302,2,0,-37.0,0.0,0
338.302,2,0,-37.0,0.0,0
338.402,2,0,-37.0,0.0,0
338.402,2,0,-37.0,0.0,0
338.402,2,0,-37.0,0.0,0
338.402,2,0,-37.0,0.0,0
338.502,2,0,-37.0,0.0,0
338.502,2,0,-37.0,0.0,0
338.502,2,0,-37.0,0.0,0
338.502,2,0,-37.0,0.0,0
338.602,2,0,-37.0,0.0,0
338.602,2,0,-37.0,0.0,0
338.602,2,0,-37.0,0.0,0
338.702,2,0,-37.0,0.0,0
338.702,2,0,-37.0,0.0,0
338.702,2,0,-37.0,0.0,0
338.702,2,0,-37.0,0.0,0
338.802,2,0,-37.0,0.0,0
338.802,2,0,-37.0,0.0,0
338.802,2,0,-37.0,0.0,0
338.902,2,0,-37.0,0.0,0
338.902,2,0,-37.0,0.0,0
338.902,2,0,-37.0,0.0,0
338.902,2,0,-37.0,0.0,0
339.002,2,0,-37.0,0.0,0
339.002,2,0,-37.0,0.0,0
339.002,2,0,-37.0,0.0,0
339.102,2,0,-37.0,0.0,0
339.102,2,0,-37.0,0.0,0
339.102,2,0,-37.0,0.0,0
339.102,2,0,-37.0,0.0,0
339.202,2,0,-37.0,0.0,0
339.202,2,0,-37.0,0.0,0
339.202,2,0,-37.0,0.0,0
339.202,2,0,-37.0,0.0,0
339.302,2,0,-37.0,0.0,0
339.302,2,0,-37.0,0.0,0
339.302,2,0,-37.0,0.0,0
339.402,2,0,-37.0,0.0,0
339.402,2,0,-37.0,0.0,0
339.402,2,0,-37.0,0.0,0
339.402,2,0,-37.0,0.0,0
339.502,2,0,-37.0,0.0,0
339.502,2,0,-37.0,0.0,0
339.502,2,0,-37.0,0.0,0
339.602,2,0,-37.0,0.0,0
339.602,2,0,-37.0,0.0,0
339.602,2,0,-37.0,0.0,0
339.602,2,0,-37.0,0.0,0
339.702,2,0,-37.0,0.0,0
339.702,2,0,-37.0,0.0,0
339.702,2,0,-37.0,0.0,0
339.802,2,0,-37.0,0.0,0
339.802,2,0,-37.0,0.0,0
339.802,2,0,-37.0,0.0,0
339.802,2,0,-37.0,0.0,0
339.902,2,0,-37.0,0.0,0
339.902,2,0,-37.0,0.0,0
339.902,2,0,-37.0,0.0,0
339.902,2,0,-37.0,0.0,0
340.002,2,0,-37.0,0.0,0
340.002,2,0,-37.0,0.0,0
340.002,2,0,-37.0,0.0,0
340.102,2,0,-37.0,0.0,0
340.102,2,0,-37.0,0.0,0
340.102,2,0,-37.0,0.0,0
340.102,2,0,-37.0,0.0,0
340.202,2,0,-37.0,0.0,0
340.202,2,0,-37.0,0.0,0
340.202,2,0,-37.0,0.0,0
340.302,2,0,-37.0,0.0,0
340.302,2,0,-37.0,0.0,0
340.302,2,0,-37.0,0.0,0
340.302,2,0,-37.0,0.0,0
340.402,2,0,-37.0,0.0,0
340.402,2,0,-37.0,0.0,0
340.402,2,0,-37.0,0.0,0
340.502,2,0,-37.0,0.0,0
340.502,2,0,-37.0,0.0,0
340.502,2,0,-37.0,0.0,0
340.502,2,0,-37.0,0.0,0
340.602,2,0,-37.0,0.0,0
340.602,2,0,-37.0,0.0,0
340.602,2,0,-37.0,0.0,0
340.702,2,0,-37.0,0.0,0
340.702,2,0,-37.0,0.0,0
340.702,2,0,-37.0,0.0,0
340.702,2,0,-37.0,0.0,0
340.802,1,0,280.0,0.0,0
340.802,1,0,280.0,0.0,0
340.802,1,0,280.0,0.0,0
340.802,1,0,280.0,0.0,0
340.902,1,0,280.0,0.0,0
340.902,1,0,280.0,0.0,0
340.902,1,0,280.0,0.0,0
341.002,1,0,280.0,0.0,0
341.002,1,0,280.0,0.0,0
341.002,1,0,280.0,0.0,0
341.002,1,0,280.0,0.0,0
341.102,1,0,280.0,0.0,0
341.102,1,0,280.0,0.0,0
341.102,1,0,280.0,0.0,0
341.202,1,0,280.0,0.0,0
341.202,1,0,280.0,0.0,0
341.202,1,0,280.0,0.0,0
341.202,1,0,280.0,0.0,0
341.302,1,0,280.0,0.0,0
341.302,1,0,280.0,0.0,0
341.302,1,0,280.0,0.0,0
341.402,1,0,280.0,0.0,0
341.402,1,0,280.0,0.0,0
341.402,1,0,280.0,0.0,0
341.402,1,0,280.0,0.0,0
341.502,1,0,280.0,0.0,0
341.502,1,0,280.0,0.0,0
341.502,1,0,280.0,0.0,0
341.502,1,0,280.0,0.0,0
341.602,1,0,280.0,0.0,0
341.602,1,0,280.0,0.0,0
341.602,1,0,280.0,0.0,0
341.702,1,0,280.0,0.0,0
341.702,1,0,280.0,0.0,0
341.702,1,0,280.0,0.0,0
341.702,1,0,280.0,0.0,0
341.802,1,0,280.0,0.0,0
341.802,1,0,280.0,0.0,0
341.802,1,0,280.0,0.0,0
341.902,1,0,280.0,0.0,0
341.902,1,0,280.0,0.0,0
341.902,1,0,280.0,0.0,0
341.902,1,0,280.0,0.0,0
342.002,1,0,280.0,0.0,0
342.002,1,0,280.0,0.0,0
342.002,1,0,280.0,0.0,0
342.102,1,0,280.0,0.0,0
342.102,1,0,280.0,0.0,0
342.102,1,0,280.0,0.0,0
342.102,1,0,280.0,0.0,0
342.202,1,0,280.0,0.0,0
342.202,1,0,280.0,0.0,0
342.202,1,0,280.0,0.0,0
342.302,1,0,280.0,0.0,0
342.302,1,0,280.0,0.0,0
342.302,1,0,280.0,0.0,0
342.302,1,0,280.0,0.0,0
342.402,1,0,280.0,0.0,0
342.402,1,0,280.0,0.0,0
342.402,1,0,280.0,0.0,0
342.402,1,0,280.0,0.0,0
342.502,1,0,280.0,0.0,0
342.502,1,0,280.0,0.0,0
342.502,1,0,280.0,0.0,0
342.602,1,0,280.0,0.0,0
342.602,1,0,280.0,0.0,0
342.602,1,0,280.0,0.0,0
342.602,1,0,280.0,0.0,0
342.702,1,0,280.0,0.0,0
342.702,1,0,280.0,0.0,0
342.702,1,0,280.0,0.0,0
342.802,1,0,280.0,0.0,0
342.802,1,0,280.0,0.0,0
342.802,1,0,280.0,0.0,0
342.802,1,0,280.0,0.0,0
342.902,1,0,280.0,0.0,0
342.902,1,0,280.0,0.0,0
342.902,1,0,280.0,0.0,0
343.002,1,0,280.0,0.0,0
343.002,1,0,280.0,0.0,0
343.002,1,0,280.0,0.0,0
343.002,1,0,280.0,0.0,0
343.102,1,0,280.0,0.0,0
343.102,1,0,280.0,0.0,0
343.102,1,0,280.0,0.0,0
343.102,1,0,280.0,0.0,0
343.202,1,0,280.0,0.0,0
343.202,1,0,280.0,0.0,0
343.202,1,0,280.0,0.0,0
343.302,1,0,280.0,0.0,0
343.302,1,0,280.0,0.0,0
343.302,1,0,280.0,0.0,0
343.302,1,0,280.0,0.0,0
343.402,1,0,280.0,0.0,0
343.402,1,0,280.0,0.0,0
343.402,1,0,280.0,0.0,0
343.502,1,0,280.0,0.0,0
343.502,1,0,280.0,0.0,0
343.502,1,0,280.0,0.0,0
343.502,1,0,280.0,0.0,0
343.602,1,0,280.0,0.0,0
343.602,1,0,280.0,0.0,0
343.602,1,0,280.0,0.0,0
343.702,1,0,280.0,0.0,0
343.702,1,0,280.0,0.0,0
343.702,1,0,280.0,0.0,0
343.702,1,0,280.0,0.0,0
343.802,1,0,280.0,0.0,0
343.802,1,0,280.0,0.0,0
343.802,1,0,280.0,0.0,0
343.902,1,0,280.0,0.0,0
343.902,1,0,280.0,0.0,0
343.902,1,0,280.0,0.0,0
343.902,1,0,280.0,0.0,0
344.002,1,0,280.0,0.0,0
344.002,1,0,280.0,0.0,0
344.002,1,0,280.0,0.0,0
344.002,1,0,280.0,0.0,0
344.102,1,0,280.0,0.0,0
344.102,1,0,280.0,0.0,0
344.102,1,0,280.0,0.0,0
344.202,1,0,280.0,0.0,0
344.202,1,0,280.0,0.0,0
344.202,1,0,280.0,0.0,0
344.202,1,0,280.0,0.0,0
344.302,1,0,280.0,0.0,0
344.302,1,0,280.0,0.0,0
344.302,1,0,280.0,0.0,0
344.402,1,0,280.0,0.0,0
344.402,1,0,280.0,0.0,0
344.402,1,0,280.0,0.0,0
344.402,1,0,280.0,0.0,0
344.502,1,0,280.0,0.0,0
344.502,1,0,280.0,0.0,0
344.502,1,0,280.0,0.0,0
344.602,1,0,280.0,0.0,0
344.602,1,0,280.0,0.0,0
344.602,1,0,280.0,0.0,0
344.602,1,0,280.0,0.0,0
344.702,1,0,280.0,0.0,0
344.702,1,0,280.0,0.0,0
344.702,1,0,280.0,0.0,0
344.702,1,0,280.0,0.0,0
344.802,1,0,280.0,0.0,0
344.802,1,0,280.0,0.0,0
344.802,1,0,280.0,0.0,0
344.902,1,0,280.0,0.0,0
344.902,1,0,280.0,0.0,0
344.902,1,0,280.0,0.0,0
344.902,1,0,280.0,0.0,0
345.002,1,0,280.0,0.0,0
345.002,1,0,280.0,0.0,0
345.002,1,0,280.0,0.0,0
345.102,1,0,280.0,0.0,0
345.102,1,0,280.0,0.0,0
345.102,1,0,280.0,0.0,0
345.102,1,0,280.0,0.0,0
345.202,1,0,280.0,0.0,0
345.202,1,0,280.0,0.0,0
345.202,1,0,280.0,0.0,0
345.302,1,0,280.0,0.0,0
345.302,1,0,280.0,0.0,0
345.302,1,0,280.0,0.0,0
345.302,1,0,280.0,0.0,0
345.402,1,0,280.0,0.0,0
345.402,1,0,280.0,0.0,0
345.402,1,0,280.0,0.0,0
345.402,1,0,280.0,0.0,0
345.502,1,0,280.0,0.0,0
345.502,1,0,280.0,0.0,0
345.502,1,0,280.0,0.0,0
345.602,1,0,280.0,0.0,0
345.602,1,0,280.0,0.0,0
345.602,1,0,280.0,0.0,0
345.602,1,0,280.0,0.0,0
345.702,1,0,280.0,0.0,0
345.702,1,0,280.0,0.0,0
345.702,1,0,280.0,0.0,0
345.802,1,0,280.0,0.0,0
345.802,1,0,280.0,0.0,0
345.802,1,0,280.0,0.0,0
345.802,1,0,280.0,0.0,0
345.902,1,0,280.0,0.0,0
345.902,1,0,280.0,0.0,0
345.902,1,0,280.0,0.0,0
346.002,1,0,280.0,0.0,0
346.002,1,0,280.0,0.0,0
346.002,1,0,280.0,0.0,0
346.002,1,0,280.0,0.0,0
346.102,1,0,280.0,0.0,0
346.102,1,0,280.0,0.0,0
346.102,1,0,280.0,0.0,0
346.202,1,0,280.0,0.0,0
346.202,1,0,280.0,0.0,0
346.202,1,0,280.0,0.0,0
346.202,1,0,280.0,0.0,0
346.302,1,0,280.0,0.0,0
346.302,1,0,280.0,0.0,0
346.302,1,0,280.0,0.0,0
346.302,1,0,280.0,0.0,0
346.402,1,0,280.0,0.0,0
346.402,1,0,280.0,0.0,0
346.402,1,0,280.0,0.0,0
346.502,1,0,280.0,0.0,0
346.502,1,0,280.0,0.0,0
346.502,1,0,280.0,0.0,0
346.502,1,0,280.0,0.0,0
346.602,1,0,280.0,0.0,0
346.602,1,0,280.0,0.0,0
346.602,1,0,280.0,0.0,0
346.702,1,0,280.0,0.0,0
346.702,1,0,280.0,0.0,0
346.702,1,0,280.0,0.0,0
346.702,1,0,280.0,0.0,0
346.802,1,0,280.0,0.0,0
346.802,1,0,280.0,0.0,0
346.802,1,0,280.0,0.0,0
346.902,1,0,280.0,0.0,0
346.902,1,0,280.0,0.0,0
346.902,1,0,280.0,0.0,0
346.902,1,0,280.0,0.0,0
347.002,1,0,280.0,0.0,0
347.002,1,0,280.0,0.0,0
347.002,1,0,280.0,0.0,0
347.002,1,0,280.0,0.0,0
347.102,1,0,280.0,0.0,0
347.102,1,0,280.0,0.0,0
347.102,1,0,280.0,0.0,0
347.202,1,0,280.0,0.0,0
347.202,1,0,280.0,0.0,0
347.202,1,0,280.0,0.0,0
347.202,1,0,280.0,0.0,0
347.302,1,0,280.0,0.0,0
347.302,1,0,280.0,0.0,0
347.302,1,0,280.0,0.0,0
347.402,1,0,280.0,0.0,0
347.402,1,0,280.0,0.0,0
347.402,1,0,280.0,0.0,0
347.402,1,0,280.0,0.0,0
347.502,1,0,280.0,0.0,0
347.502,1,0,280.0,0.0,0
347.502,1,0,280.0,0.0,0
347.602,1,0,280.0,0.0,0
347.602,1,0,280.0,0.0,0
347.602,1,0,280.0,0.0,0
347.602,1,0,280.0,0.0,0
347.702,1,0,280.0,0.0,0
347.702,1,0,280.0,0.0,0
347.702,1,0,280.0,0.0,0
347.702,1,0,280.0,0.0,0
347.802,1,0,280.0,0.0,0
347.802,1,0,280.0,0.0,0
347.802,1,0,280.0,0.0,0
347.902,1,0,280.0,0.0,0
347.902,1,0,280.0,0.0,0
347.902,1,0,280.0,0.0,0
347.902,1,0,280.0,0.0,0
348.002,1,0,280.0,0.0,0
348.002,1,0,280.0,0.0,0
348.002,1,0,280.0,0.0,0
348.102,1,0,280.0,0.0,0
348.102,1,0,280.0,0.0,0
348.102,1,0,280.0,0.0,0
348.102,1,0,280.0,0.0,0
348.202,1,0,280.0,0.0,0
348.202,1,0,280.0,0.0,0
348.202,1,0,280.0,0.0,0
348.302,1,0,280.0,0.0,0
348.302,1,0,280.0,0.0,0
348.302,1,0,280.0,0.0,0
348.302,1,0,280.0,0.0,0
348.402,1,0,280.0,0.0,0
348.402,1,0,280.0,0.0,0
348.402,1,0,280.0,0.0,0
348.502,1,0,280.0,0.0,0
348.502,1,0,280.0,0.0,0
348.502,1,0,280.0,0.0,0
348.502,1,0,280.0,0.0,0
348.602,1,0,280.0,0.0,0
348.602,1,0,280.0,0.0,0
348.602,1,0,280.0,0.0,0
348.602,1,0,280.0,0.0,0
348.702,1,0,280.0,0.0,0
348.702,1,0,280.0,0.0,0
348.702,1,0,280.0,0.0,0
348.802,1,0,280.0,0.0,0
348.802,1,0,280.0,0.0,0
348.802,1,0,280.0,0.0,0
348.802,1,0,280.0,0.0,0
348.902,1,0,280.0,0.0,0
348.902,1,0,280.0,0.0,0
348.902,1,0,280.0,0.0,0
349.002,1,0,280.0,0.0,0
349.002,1,0,280.0,0.0,0
349.002,1,0,280.0,0.0,0
349.002,1,0,280.0,0.0,0
349.102,1,0,280.0,0.0,0
349.102,1,0,280.0,0.0,0
349.102,1,0,280.0,0.0,0
349.202,1,0,280.0,0.0,0
349.202,1,0,280.0,0.0,0
349.202,1,0,280.0,0.0,0
349.202,1,0,280.0,0.0,0
349.302,1,0,280.0,0.0,0
349.302,1,0,280.0,0.0,0
349.302,1,0,280.0,0.0,0
349.302,1,0,280.0,0.0,0
349.402,1,0,280.0,0.0,0
349.402,1,0,280.0,0.0,0
349.402,1,0,280.0,0.0,0
349.502,1,0,280.0,0.0,0
349.502,1,0,280.0,0.0,0
349.502,1,0,280.0,0.0,0
349.502,1,0,280.0,0.0,0
349.602,1,0,280.0,0.0,0
349.602,1,0,280.0,0.0,0
349.602,1,0,280.0,0.0,0
349.702,1,0,280.0,0.0,0
349.702,1,0,280.0,0.0,0
349.702,1,0,280.0,0.0,0
349.702,1,0,280.0,0.0,0
349.802,1,0,280.0,0.0,0
349.802,1,0,280.0,0.0,0
349.802,1,0,280.0,0.0,0
349.902,1,0,280.0,0.0,0
349.902,1,0,280.0,0.0,0
349.902,1,0,280.0,0.0,0
349.902,1,0,280.0,0.0,0
350.002,1,0,280.0,0.0,0
350.002,1,0,280.0,0.0,0
350.002,1,0,280.0,0.0,0
350.002,1,0,280.0,0.0,0
350.102,1,0,280.0,0.0,0
350.102,1,0,280.0,0.0,0
350.102,1,0,280.0,0.0,0
350.202,1,0,280.0,0.0,0
350.202,1,0,280.0,0.0,0
350.202,1,0,280.0,0.0,0
350.202,1,0,280.0,0.0,0
350.302,1,0,280.0,0.0,0
350.302,1,0,280.0,0.0,0
350.302,1,0,280.0,0.0,0
350.402,1,0,280.0,0.0,0
350.402,1,0,280.0,0.0,0
350.402,1,0,280.0,0.0,0
350.402,1,0,280.0,0.0,0
350.502,1,0,280.0,0.0,0
350.502,1,0,280.0,0.0,0
350.502,1,0,280.0,0.0,0
350.602,1,0,280.0,0.0,0
350.602,1,0,280.0,0.0,0
350.602,1,0,280.0,0.0,0
350.602,1,0,280.0,0.0,0
350.702,1,0,280.0,0.0,0
350.702,1,0,280.0,0.0,0
350.702,1,0,280.0,0.0,0
350.702,1,0,280.0,0.0,0
350.802,1,0,280.0,0.0,0
350.802,1,0,280.0,0.0,0
350.802,1,0,280.0,0.0,0
350.902,1,0,280.0,0.0,0
350.902,1,0,280.0,0.0,0
350.902,1,0,280.0,0.0,0
350.902,1,0,280.0,0.0,0
351.002,1,0,280.0,0.0,0
351.002,1,0,280.0,0.0,0
351.002,1,0,280.0,0.0,0
351.102,1,0,280.0,0.0,0
351.102,1,0,280.0,0.0,0
351.102,1,0,280.0,0.0,0
351.102,1,0,280.0,0.0,0
351.202,1,0,280.0,0.0,0
351.202,1,0,280.0,0.0,0
351.202,1,0,280.0,0.0,0
351.302,1,0,280.0,0.0,0
351.302,1,0,280.0,0.0,0
351.302,1,0,280.0,0.0,0
351.302,1,0,280.0,0.0,0
351.402,1,0,280.0,0.0,0
351.402,1,0,280.0,0.0,0
351.402,1,0,280.0,0.0,0
351.502,1,0,280.0,0.0,0
351.502,1,0,280.0,0.0,0
351.502,1,0,280.0,0.0,0
351.502,1,0,280.0,0.0,0
351.602,1,0,280.0,0.0,0
351.602,1,0,280.0,0.0,0
351.602,1,0,280.0,0.0,0
351.602,1,0,280.0,0.0,0
351.702,1,0,280.0,0.0,0
351.702,1,0,280.0,0.0,0
351.702,1,0,280.0,0.0,0
351.802,1,0,280.0,0.0,0
351.802,1,0,280.0,0.0,0
351.802,1,0,280.0,0.0,0
351.802,1,0,280.0,0.0,0
351.902,1,0,280.0,0.0,0
351.902,1,0,280.0,0.0,0
351.902,1,0,280.0,0.0,0
352.002,1,0,280.0,0.0,0
352.002,1,0,280.0,0.0,0
352.002,1,0,280.0,0.0,0
352.002,1,0,280.0,0.0,0
352.102,1,0,280.0,0.0,0
352.102,1,0,280.0,0.0,0
352.102,1,0,280.0,0.0,0
352.202,1,0,280.0,0.0,0
352.202,1,0,280.0,0.0,0
352.202,1,0,280.0,0.0,0
352.202,1,0,280.0,0.0,0
352.302,1,0,280.0,0.0,0
352.302,1,0,280.0,0.0,0
352.302,1,0,280.0,0.0,0
352.302,1,0,280.0,0.0,0
352.402,1,0,280.0,0.0,0
352.402,1,0,280.0,0.0,0
352.402,1,0,280.0,0.0,0
352.502,1,0,280.0,0.0,0
352.502,1,0,280.0,0.0,0
352.502,1,0,280.0,0.0,0
352.502,1,0,280.0,0.0,0
352.602,1,0,280.0,0.0,0
352.602,1,0,280.0,0.0,0
352.602,1,0,280.0,0.0,0
352.702,1,0,280.0,0.0,0
352.702,1,0,280.0,0.0,0
352.702,1,0,280.0,0.0,0
352.702,1,0,280.0,0.0,0
352.802,1,0,280.0,0.0,0
352.802,1,0,280.0,0.0,0
352.802,1,0,280.0,0.0,0
352.902,1,0,280.0,0.0,0
352.902,1,0,280.0,0.0,0
352.902,1,0,280.0,0.0,0
352.902,1,0,280.0,0.0,0
353.002,1,0,280.0,0.0,0
353.002,1,0,280.0,0.0,0
353.002,1,0,280.0,0.0,0
353.102,1,0,280.0,0.0,0
353.102,1,0,280.0,0.0,0
353.102,1,0,280.0,0.0,0
353.102,1,0,280.0,0.0,0
353.202,1,0,280.0,0.0,0
353.202,1,0,280.0,0.0,0
353.202,1,0,280.0,0.0,0
353.202,1,0,280.0,0.0,0
353.302,1,0,280.0,0.0,0
353.302,1,0,280.0,0.0,0
353.302,1,0,280.0,0.0,0
353.402,1,0,280.0,0.0,0
353.402,1,0,280.0,0.0,0
353.402,1,0,280.0,0.0,0
353.402,1,0,280.0,0.0,0
353.502,1,0,280.0,0.0,0
353.502,1,0,280.0,0.0,0
353.502,1,0,280.0,0.0,0
353.602,1,0,280.0,0.0,0
353.602,1,0,280.0,0.0,0
353.602,1,0,280.0,0.0,0
353.602,1,0,280.0,0.0,0
353.702,1,0,280.0,0.0,0
353.702,1,0,280.0,0.0,0
353.702,1,0,280.0,0.0,0
353.802,1,0,280.0,0.0,0
353.802,1,0,280.0,0.0,0
353.802,1,0,280.0,0.0,0
353.802,1,0,280.0,0.0,0
353.902,1,0,280.0,0.0,0
353.902,1,0,280.0,0.0,0
353.902,1,0,280.0,0.0,0
353.902,1,0,280.0,0.0,0
354.002,1,0,280.0,0.0,0
354.002,1,0,280.0,0.0,0
354.002,1,0,280.0,0.0,0
354.102,1,0,280.0,0.0,0
354.102,1,0,280.0,0.0,0
354.102,1,0,280.0,0.0,0
354.102,1,0,280.0,0.0,0
354.202,1,0,280.0,0.0,0
354.202,1,0,280.0,0.0,0
354.202,1,0,280.0,0.0,0
354.302,1,0,280.0,0.0,0
354.302,1,0,280.0,0.0,0
354.302,1,0,280.0,0.0,0
354.302,1,0,280.0,0.0,0
354.402,1,0,280.0,0.0,0
354.402,1,0,280.0,0.0,0
354.402,1,0,280.0,0.0,0
354.502,1,0,280.0,0.0,0
354.502,1,0,280.0,0.0,0
354.502,1,0,280.0,0.0,0
354.502,1,0,280.0,0.0,0
354.602,2,0,-40.8,0.0,0
354.602,2,0,-40.8,0.0,0
354.602,2,0,-40.8,0.0,0
354.602,2,0,-40.8,0.0,0
354.702,2,0,-40.8,0.0,0
354.702,2,0,-40.8,0.0,0
354.702,2,0,-40.8,0.0,0
354.802,2,0,-40.8,0.0,0
354.802,2,0,-40.8,0.0,0
354.802,2,0,-40.8,0.0,0
354.802,2,0,-40.8,0.0,0
354.902,2,0,-40.8,0.0,0
354.902,2,0,-40.8,0.0,0
354.902,2,0,-40.8,0.0,0
355.002,2,0,-40.8,0.0,0
355.002,2,0,-40.8,0.0,0
355.002,2,0,-40.8,0.0,0
355.002,2,0,-40.8,0.0,0
355.102,2,0,-40.8,0.0,0
355.102,2,0,-40.8,0.0,0
355.102,2,0,-40.8,0.0,0
355.202,2,0,-40.8,0.0,0
355.202,2,0,-40.8,0.0,0
355.202,2,0,-40.8,0.0,0
355.202,2,0,-40.8,0.0,0
355.302,2,0,-40.8,0.0,0
355.302,2,0,-40.8,0.0,0
355.302,2,0,-40.8,0.0,0
355.402,2,0,-40.8,0.0,0
355.402,2,0,-40.8,0.0,0
355.402,2,0,-40.8,0.0,0
355.402,2,0,-40.8,0.0,0
355.502,2,0,-40.8,0.0,0
355.502,2,0,-40.8,0.0,0
355.502,2,0,-40.8,0.0,0
355.502,2,0,-40.8,0.0,0
355.602,2,0,-40.8,0.0,0
355.602,2,0,-40.8,0.0,0
355.602,2,0,-40.8,0.0,0
355.702,2,0,-40.8,0.0,0
355.702,2,0,-40.8,0.0,0
355.702,2,0,-40.8,0.0,0
355.702,2,0,-40.8,0.0,0
355.802,2,0,-40.8,0.0,0
355.802,2,0,-40.8,0.0,0
355.802,2,0,-40.8,0.0,0
355.902,2,0,-40.8,0.0,0
355.902,2,0,-40.8,0.0,0
355.902,2,0,-40.8,0.0,0
355.902,2,0,-40.8,0.0,0
356.002,2,0,-40.8,0.0,0
356.002,2,0,-40.8,0.0,0
356.002,2,0,-40.8,0.0,0
356.102,2,0,-40.8,0.0,0
356.102,2,0,-40.8,0.0,0
356.102,2,0,-40.8,0.0,0
356.102,2,0,-40.8,0.0,0
356.202,2,0,-40.8,0.0,0
356.202,2,0,-40.8,0.0,0
356.202,2,0,-40.8,0.0,0
356.202,2,0,-40.8,0.0,0
356.302,2,0,-40.8,0.0,0
356.302,2,0,-40.8,0.0,0
356.302,2,0,-40.8,0.0,0
356.402,2,0,-40.8,0.0,0
356.402,2,0,-40.8,0.0,0
356.402,2,0,-40.8,0.0,0
356.402,2,0,-40.8,0.0,0
356.502,2,0,-40.8,0.0,0
356.502,2,0,-40.8,0.0,0
356.502,2,0,-40.8,0.0,0
356.602,2,0,-40.8,0.0,0
356.602,2,0,-40.8,0.0,0
356.602,2,0,-40.8,0.0,0
356.602,2,0,-40.8,0.0,0
356.702,2,0,-40.8,0.0,0
356.702,2,0,-40.8,0.0,0
356.702,2,0,-40.8,0.0,0
356.802,2,0,-40.8,0.0,0
356.802,2,0,-40.8,0.0,0
356.802,2,0,-40.8,0.0,0
356.802,2,0,-40.8,0.0,0
356.902,2,0,-40.8,0.0,0
356.902,2,0,-40.8,0.0,0
356.902,2,0,-40.8,0.0,0
356.902,2,0,-40.8,0.0,0
357.002,2,0,-40.8,0.0,0
357.002,2,0,-40.8,0.0,0
357.002,2,0,-40.8,0.0,0
357.102,2,0,-40.8,0.0,0
357.102,2,0,-40.8,0.0,0
357.102,2,0,-40.8,0.0,0
357.102,2,0,-40.8,0.0,0
357.202,2,0,-40.8,0.0,0
357.202,2,0,-40.8,0.0,0
357.202,2,0,-40.8,0.0,0
357.302,2,0,-40.8,0.0,0
357.302,2,0,-40.8,0.0,0
357.302,2,0,-40.8,0.0,0
357.302,2,0,-40.8,0.0,0
357.402,2,0,-40.8,0.0,0
357.402,2,0,-40.8,0.0,0
357.402,2,0,-40.8,0.0,0
357.502,2,0,-40.8,0.0,0
357.502,2,0,-40.8,0.0,0
357.502,2,0,-40.8,0.0,0
357.502,2,0,-40.8,0.0,0
357.602,2,0,-40.8,0.0,0
357.602,2,0,-40.8,0.0,0
357.602,2,0,-40.8,0.0,0
357.702,2,0,-40.8,0.0,0
357.702,2,0,-40.8,0.0,0
357.702,2,0,-40.8,0.0,0
357.702,2,0,-40.8,0.0,0
357.802,2,0,-40.8,0.0,0
357.802,2,0,-40.8,0.0,0
357.802,2,0,-40.8,0.0,0
357.802,2,0,-40.8,0.0,0
357.902,0,0,0.0,0.0,0
357.902,0,0,0.0,0.0,0
357.902,0,0,0.0,0.0,0
358.002,0,0,0.0,0.0,0
358.002,0,0,0.0,0.0,0
358.002,0,0,0.0,0.0,0
358.002,0,0,0.0,0.0,0
358.102,0,0,0.0,0.0,0
358.102,0,0,0.0,0.0,0
358.102,0,0,0.0,0.0,0
358.202,0,0,0.0,0.0,0
358.202,0,0,0.0,0.0,0
358.202,0,0,0.0,0.0,0
358.202,0,0,0.0,0.0,0
358.302,0,0,0.0,0.0,0
358.302,0,0,0.0,0.0,0
358.302,0,0,0.0,0.0,0
358.402,0,0,0.0,0.0,0
358.402,0,0,0.0,0.0,0
358.402,0,0,0.0,0.0,0
358.402,0,0,0.0,0.0,0
358.502,0,0,0.0,0.0,0
358.502,0,0,0.0,0.0,0
358.502,0,0,0.0,0.0,0
358.502,0,0,0.0,0.0,0
358.602,0,0,0.0,0.0,0
358.602,0,0,0.0,0.0,0
358.602,0,0,0.0,0.0,0
358.702,0,0,0.0,0.0,0
358.702,0,0,0.0,0.0,0
358.702,0,0,0.0,0.0,0
358.702,0,0,0.0,0.0,0
358.802,0,0,0.0,0.0,0
358.802,0,0,0.0,0.0,0
358.802,0,0,0.0,0.0,0
358.902,0,0,0.0,0.0,0
358.902,0,0,0.0,0.0,0
358.902,0,0,0.0,0.0,0
358.902,0,0,0.0,0.0,0
359.002,0,0,0.0,0.0,0
359.002,0,0,0.0,0.0,0
359.002,0,0,0.0,0.0,0
359.102,0,0,0.0,0.0,0
359.102,0,0,0.0,0.0,0
359.102,0,0,0.0,0.0,0
359.102,0,0,0.0,0.0,0
359.202,0,0,0.0,0.0,0
359.202,0,0,0.0,0.0,0
359.202,0,0,0.0,0.0,0
359.302,0,0,0.0,0.0,0
359.302,0,0,0.0,0.0,0
359.302,0,0,0.0,0.0,0
359.302,0,0,0.0,0.0,0
359.402,0,0,0.0,0.0,0
359.402,0,0,0.0,0.0,0
359.402,0,0,0.0,0.0,0
359.402,0,0,0.0,0.0,0
359.502,0,0,0.0,0.0,0
359.502,0,0,0.0,0.0,0
359.502,0,0,0.0,0.0,0
359.602,0,0,0.0,0.0,0
359.602,0,0,0.0,0.0,0
359.602,0,0,0.0,0.0,0
359.602,0,0,0.0,0.0,0
359.702,0,0,0.0,0.0,0
359.702,0,0,0.0,0.0,0
359.702,0,0,0.0,0.0,0
359.802,0,0,0.0,0.0,0
359.802,0,0,0.0,0.0,0
359.802,0,0,0.0,0.0,0
359.802,0,0,0.0,0.0,0
359.902,0,0,0.0,0.0,0
359.902,0,0,0.0,0.0,0
359.902,0,0,0.0,0.0,0
