t_sec,turn_class,hill_class,turn_angle_deg,hill_angle_deg,is_straight
0.000,0,0,0.0,0.0,0
0.000,0,0,0.0,0.0,0
0.000,0,0,0.0,0.0,0
0.000,0,0,0.0,0.0,0
0.100,0,0,0.0,0.0,0
0.100,0,0,0.0,0.0,0
0.100,0,0,0.0,0.0,0
0.100,0,0,0.0,0.0,0
0.200,0,0,0.0,0.0,0
0.200,0,0,0.0,0.0,0
0.200,0,0,0.0,0.0,0
0.300,0,0,0.0,0.0,0
0.300,0,0,0.0,0.0,0
0.300,0,0,0.0,0.0,0
0.300,0,0,0.0,0.0,0
0.400,0,0,0.0,0.0,0
0.400,0,0,0.0,0.0,0
0.400,0,0,0.0,0.0,0
0.500,1,0,37.0,0.0,0
0.500,1,0,37.0,0.0,0
0.500,1,0,37.0,0.0,0
0.500,1,0,37.0,0.0,0
0.600,1,0,37.0,0.0,0
0.600,1,0,37.0,0.0,0
0.600,1,0,37.0,0.0,0
0.600,1,0,37.0,0.0,0
0.700,1,0,37.0,0.0,0
0.700,1,0,37.0,0.0,0
0.700,1,0,37.0,0.0,0
0.800,1,0,37.0,0.0,0
0.800,1,0,37.0,0.0,0
0.800,1,0,37.0,0.0,0
0.800,1,0,37.0,0.0,0
0.900,1,0,37.0,0.0,0
0.900,1,0,37.0,0.0,0
0.900,1,0,37.0,0.0,0
1.000,1,0,37.0,0.0,0
1.000,1,0,37.0,0.0,0
1.000,1,0,37.0,0.0,0
1.000,1,0,37.0,0.0,0
1.100,1,0,37.0,0.0,0
1.100,1,0,37.0,0.0,0
1.100,1,0,37.0,0.0,0
1.200,1,0,37.0,0.0,0
1.200,1,0,37.0,0.0,0
1.200,1,0,37.0,0.0,0
1.200,1,0,37.0,0.0,0
1.300,1,0,37.0,0.0,0
1.300,1,0,37.0,0.0,0
1.300,1,0,37.0,0.0,0
1.400,1,0,37.0,0.0,0
1.400,1,0,37.0,0.0,0
1.400,1,0,37.0,0.0,0
1.400,1,0,37.0,0.0,0
1.500,1,0,37.0,0.0,0
1.500,1,0,37.0,0.0,0
1.500,1,0,37.0,0.0,0
1.500,1,0,37.0,0.0,0
1.600,1,0,37.0,0.0,0
1.600,1,0,37.0,0.0,0
1.600,1,0,37.0,0.0,0
1.700,1,0,37.0,0.0,0
1.700,1,0,37.0,0.0,0
1.700,1,0,37.0,0.0,0
1.700,1,0,37.0,0.0,0
1.800,1,0,37.0,0.0,0
1.800,1,0,37.0,0.0,0
1.800,1,0,37.0,0.0,0
1.900,1,0,37.0,0.0,0
1.900,1,0,37.0,0.0,0
1.900,1,0,37.0,0.0,0
1.900,1,0,37.0,0.0,0
2.000,1,0,37.0,0.0,0
2.000,1,0,37.0,0.0,0
2.000,1,0,37.0,0.0,0
2.100,1,0,37.0,0.0,0
2.100,1,0,37.0,0.0,0
2.100,1,0,37.0,0.0,0
2.100,1,0,37.0,0.0,0
2.200,1,0,37.0,0.0,0
2.200,1,0,37.0,0.0,0
2.200,1,0,37.0,0.0,0
2.200,1,0,37.0,0.0,0
2.300,1,0,37.0,0.0,0
2.300,1,0,37.0,0.0,0
2.300,1,0,37.0,0.0,0
2.400,1,0,37.0,0.0,0
2.400,1,0,37.0,0.0,0
2.400,1,0,37.0,0.0,0
2.400,1,0,37.0,0.0,0
2.500,1,0,37.0,0.0,0
2.500,1,0,37.0,0.0,0
2.500,1,0,37.0,0.0,0
2.600,1,0,37.0,0.0,0
2.600,1,0,37.0,0.0,0
2.600,1,0,37.0,0.0,0
2.600,1,0,37.0,0.0,0
2.700,1,0,37.0,0.0,0
2.700,1,0,37.0,0.0,0
2.700,1,0,37.0,0.0,0
2.800,1,0,37.0,0.0,0
2.800,1,0,37.0,0.0,0
2.800,1,0,37.0,0.0,0
2.800,1,0,37.0,0.0,0
2.900,1,0,37.0,0.0,0
2.900,1,0,37.0,0.0,0
2.900,1,0,37.0,0.0,0
2.900,1,0,37.0,0.0,0
3.000,1,0,37.0,0.0,0
3.000,1,0,37.0,0.0,0
3.000,1,0,37.0,0.0,0
3.100,1,0,37.0,0.0,0
3.100,1,0,37.0,0.0,0
3.100,1,0,37.0,0.0,0
3.100,1,0,37.0,0.0,0
3.200,1,0,37.0,0.0,0
3.200,1,0,37.0,0.0,0
3.200,1,0,37.0,0.0,0
3.300,1,0,37.0,0.0,0
3.300,1,0,37.0,0.0,0
3.300,1,0,37.0,0.0,0
3.300,1,0,37.0,0.0,0
3.400,1,0,37.0,0.0,0
3.400,1,0,37.0,0.0,0
3.400,1,0,37.0,0.0,0
3.500,1,0,37.0,0.0,0
3.500,1,0,37.0,0.0,0
3.500,1,0,37.0,0.0,0
3.500,1,0,37.0,0.0,0
3.600,1,0,37.0,0.0,0
3.600,1,0,37.0,0.0,0
3.600,1,0,37.0,0.0,0
3.700,1,0,37.0,0.0,0
3.700,1,0,37.0,0.0,0
3.700,1,0,37.0,0.0,0
3.700,1,0,37.0,0.0,0
3.800,1,0,37.0,0.0,0
3.800,1,0,37.0,0.0,0
3.800,1,0,37.0,0.0,0
3.800,1,0,37.0,0.0,0
3.900,1,0,37.0,0.0,0
3.900,1,0,37.0,0.0,0
3.900,1,0,37.0,0.0,0
4.000,1,0,37.0,0.0,0
4.000,1,0,37.0,0.0,0
4.000,1,0,37.0,0.0,0
4.000,1,0,37.0,0.0,0
4.100,1,0,37.0,0.0,0
4.100,1,0,37.0,0.0,0
4.100,1,0,37.0,0.0,0
4.200,1,0,37.0,0.0,0
4.200,1,0,37.0,0.0,0
4.200,1,0,37.0,0.0,0
4.200,1,0,37.0,0.0,0
4.300,1,0,37.0,0.0,0
4.300,1,0,37.0,0.0,0
4.300,1,0,37.0,0.0,0
4.400,1,0,37.0,0.0,0
4.400,1,0,37.0,0.0,0
4.400,1,0,37.0,0.0,0
4.400,1,0,37.0,0.0,0
4.500,1,0,37.0,0.0,0
4.500,1,0,37.0,0.0,0
4.500,1,0,37.0,0.0,0
4.500,1,0,37.0,0.0,0
4.600,1,0,37.0,0.0,0
4.600,1,0,37.0,0.0,0
4.600,1,0,37.0,0.0,0
4.700,1,0,37.0,0.0,0
4.700,1,0,37.0,0.0,0
4.700,1,0,37.0,0.0,0
4.700,1,0,37.0,0.0,0
4.800,1,0,37.0,0.0,0
4.800,1,0,37.0,0.0,0
4.800,1,0,37.0,0.0,0
4.900,1,0,37.0,0.0,0
4.900,1,0,37.0,0.0,0
4.900,1,0,37.0,0.0,0
4.900,1,0,37.0,0.0,0
5.000,1,0,37.0,0.0,0
5.000,1,0,37.0,0.0,0
5.000,1,0,37.0,0.0,0
5.100,1,0,37.0,0.0,0
5.100,1,0,37.0,0.0,0
5.100,1,0,37.0,0.0,0
5.100,1,0,37.0,0.0,0
5.200,1,0,37.0,0.0,0
5.200,1,0,37.0,0.0,0
5.200,1,0,37.0,0.0,0
5.200,1,0,37.0,0.0,0
5.300,1,0,37.0,0.0,0
5.300,1,0,37.0,0.0,0
5.300,1,0,37.0,0.0,0
5.400,1,0,37.0,0.0,0
5.400,1,0,37.0,0.0,0
5.400,1,0,37.0,0.0,0
5.400,1,0,37.0,0.0,0
5.500,1,0,37.0,0.0,0
5.500,1,0,37.0,0.0,0
5.500,1,0,37.0,0.0,0
5.600,1,0,37.0,0.0,0
5.600,1,0,37.0,0.0,0
5.600,1,0,37.0,0.0,0
5.600,1,0,37.0,0.0,0
5.700,1,0,37.0,0.0,0
5.700,1,0,37.0,0.0,0
5.700,1,0,37.0,0.0,0
5.800,1,0,37.0,0.0,0
5.800,1,0,37.0,0.0,0
5.800,1,0,37.0,0.0,0
5.800,1,0,37.0,0.0,0
5.900,1,0,37.0,0.0,0
5.900,1,0,37.0,0.0,0
5.900,1,0,37.0,0.0,0
6.000,1,0,37.0,0.0,0
6.000,1,0,37.0,0.0,0
6.000,1,0,37.0,0.0,0
6.000,1,0,37.0,0.0,0
6.100,1,0,37.0,0.0,0
6.100,1,0,37.0,0.0,0
6.100,1,0,37.0,0.0,0
6.100,1,0,37.0,0.0,0
6.200,1,0,37.0,0.0,0
6.200,1,0,37.0,0.0,0
6.200,1,0,37.0,0.0,0
6.300,1,0,37.0,0.0,0
6.300,1,0,37.0,0.0,0
6.300,1,0,37.0,0.0,0
6.300,1,0,37.0,0.0,0
6.400,1,0,37.0,0.0,0
6.400,1,0,37.0,0.0,0
6.400,1,0,37.0,0.0,0
6.500,1,0,37.0,0.0,0
6.500,1,0,37.0,0.0,0
6.500,1,0,37.0,0.0,0
6.500,1,0,37.0,0.0,0
6.600,1,0,37.0,0.0,0
6.600,1,0,37.0,0.0,0
6.600,1,0,37.0,0.0,0
6.700,1,0,37.0,0.0,0
6.700,1,0,37.0,0.0,0
6.700,1,0,37.0,0.0,0
6.700,1,0,37.0,0.0,0
6.800,1,0,37.0,0.0,0
6.800,1,0,37.0,0.0,0
6.800,1,0,37.0,0.0,0
6.800,1,0,37.0,0.0,0
6.900,1,0,37.0,0.0,0
6.900,1,0,37.0,0.0,0
6.900,1,0,37.0,0.0,0
7.000,1,0,37.0,0.0,0
7.000,1,0,37.0,0.0,0
7.000,1,0,37.0,0.0,0
7.000,1,0,37.0,0.0,0
7.100,1,0,37.0,0.0,0
7.100,1,0,37.0,0.0,0
7.100,1,0,37.0,0.0,0
7.200,1,0,37.0,0.0,0
7.200,1,0,37.0,0.0,0
7.200,1,0,37.0,0.0,0
7.200,1,0,37.0,0.0,0
7.300,1,0,37.0,0.0,0
7.300,1,0,37.0,0.0,0
7.300,1,0,37.0,0.0,0
7.400,1,0,37.0,0.0,0
7.400,1,0,37.0,0.0,0
7.400,1,0,37.0,0.0,0
7.400,1,0,37.0,0.0,0
7.500,1,0,37.0,0.0,0
7.500,1,0,37.0,0.0,0
7.500,1,0,37.0,0.0,0
7.500,1,0,37.0,0.0,0
7.600,1,0,37.0,0.0,0
7.600,1,0,37.0,0.0,0
7.600,1,0,37.0,0.0,0
7.700,1,0,37.0,0.0,0
7.700,1,0,37.0,0.0,0
7.700,1,0,37.0,0.0,0
7.700,1,0,37.0,0.0,0
7.800,1,0,37.0,0.0,0
7.800,1,0,37.0,0.0,0
7.800,1,0,37.0,0.0,0
7.900,1,0,37.0,0.0,0
7.900,1,0,37.0,0.0,0
7.900,1,0,37.0,0.0,0
7.900,1,0,37.0,0.0,0
8.000,1,0,37.0,0.0,0
8.000,1,0,37.0,0.0,0
8.000,1,0,37.0,0.0,0
8.100,1,0,37.0,0.0,0
8.100,1,0,37.0,0.0,0
8.100,1,0,37.0,0.0,0
8.100,1,0,37.0,0.0,0
8.200,1,0,37.0,0.0,0
8.200,1,0,37.0,0.0,0
8.200,1,0,37.0,0.0,0
8.300,1,0,37.0,0.0,0
8.300,1,0,37.0,0.0,0
8.300,1,0,37.0,0.0,0
8.300,1,0,37.0,0.0,0
8.400,1,0,37.0,0.0,0
8.400,1,0,37.0,0.0,0
8.400,1,0,37.0,0.0,0
8.400,1,0,37.0,0.0,0
8.500,1,0,37.0,0.0,0
8.500,1,0,37.0,0.0,0
8.500,1,0,37.0,0.0,0
8.600,1,0,37.0,0.0,0
8.600,1,0,37.0,0.0,0
8.600,1,0,37.0,0.0,0
8.600,1,0,37.0,0.0,0
8.700,1,0,37.0,0.0,0
8.700,1,0,37.0,0.0,0
8.700,1,0,37.0,0.0,0
8.800,1,0,37.0,0.0,0
8.800,1,0,37.0,0.0,0
8.800,1,0,37.0,0.0,0
8.800,1,0,37.0,0.0,0
8.900,1,0,37.0,0.0,0
8.900,1,0,37.0,0.0,0
8.900,1,0,37.0,0.0,0
9.000,1,0,37.0,0.0,0
9.000,1,0,37.0,0.0,0
9.000,1,0,37.0,0.0,0
9.000,1,0,37.0,0.0,0
9.100,1,0,37.0,0.0,0
9.100,1,0,37.0,0.0,0
9.100,1,0,37.0,0.0,0
9.100,1,0,37.0,0.0,0
9.200,1,0,37.0,0.0,0
9.200,1,0,37.0,0.0,0
9.200,1,0,37.0,0.0,0
9.300,1,0,37.0,0.0,0
9.300,1,0,37.0,0.0,0
9.300,1,0,37.0,0.0,0
9.300,1,0,37.0,0.0,0
9.400,1,0,37.0,0.0,0
9.400,1,0,37.0,0.0,0
9.400,1,0,37.0,0.0,0
9.500,1,0,37.0,0.0,0
9.500,1,0,37.0,0.0,0
9.500,1,0,37.0,0.0,0
9.500,1,0,37.0,0.0,0
9.600,1,0,37.0,0.0,0
9.600,1,0,37.0,0.0,0
9.600,1,0,37.0,0.0,0
9.700,1,0,37.0,0.0,0
9.700,1,0,37.0,0.0,0
9.700,1,0,37.0,0.0,0
9.700,1,0,37.0,0.0,0
9.800,1,0,37.0,0.0,0
9.800,1,0,37.0,0.0,0
9.800,1,0,37.0,0.0,0
9.900,1,0,37.0,0.0,0
9.900,1,0,37.0,0.0,0
9.900,1,0,37.0,0.0,0
9.900,1,0,37.0,0.0,0
10.000,1,0,37.0,0.0,0
10.000,1,0,37.0,0.0,0
10.000,1,0,37.0,0.0,0
10.000,1,0,37.0,0.0,0
10.100,1,0,37.0,0.0,0
10.100,1,0,37.0,0.0,0
10.100,1,0,37.0,0.0,0
10.200,1,0,37.0,0.0,0
10.200,1,0,37.0,0.0,0
10.200,1,0,37.0,0.0,0
10.200,1,0,37.0,0.0,0
10.300,1,0,37.0,0.0,0
10.300,1,0,37.0,0.0,0
10.300,1,0,37.0,0.0,0
10.400,1,0,37.0,0.0,0
10.400,1,0,37.0,0.0,0
10.400,1,0,37.0,0.0,0
10.400,1,0,37.0,0.0,0
10.500,1,0,37.0,0.0,0
10.500,1,0,37.0,0.0,0
10.500,1,0,37.0,0.0,0
10.600,1,0,37.0,0.0,0
10.600,1,0,37.0,0.0,0
10.600,1,0,37.0,0.0,0
10.600,1,0,37.0,0.0,0
10.700,1,0,37.0,0.0,0
10.700,1,0,37.0,0.0,0
10.700,1,0,37.0,0.0,0
10.700,1,0,37.0,0.0,0
10.800,1,0,37.0,0.0,0
10.800,1,0,37.0,0.0,0
10.800,1,0,37.0,0.0,0
10.900,1,0,37.0,0.0,0
10.900,1,0,37.0,0.0,0
10.900,1,0,37.0,0.0,0
10.900,1,0,37.0,0.0,0
11.000,1,0,37.0,0.0,0
11.000,1,0,37.0,0.0,0
11.000,1,0,37.0,0.0,0
11.100,1,0,37.0,0.0,0
11.100,1,0,37.0,0.0,0
11.100,1,0,37.0,0.0,0
11.100,1,0,37.0,0.0,0
11.200,1,0,37.0,0.0,0
11.200,1,0,37.0,0.0,0
11.200,1,0,37.0,0.0,0
11.300,1,0,37.0,0.0,0
11.300,1,0,37.0,0.0,0
11.300,1,0,37.0,0.0,0
11.300,1,0,37.0,0.0,0
11.400,1,0,37.0,0.0,0
11.400,1,0,37.0,0.0,0
11.400,1,0,37.0,0.0,0
11.400,1,0,37.0,0.0,0
11.500,1,0,37.0,0.0,0
11.500,1,0,37.0,0.0,0
11.500,1,0,37.0,0.0,0
11.600,1,0,37.0,0.0,0
11.600,1,0,37.0,0.0,0
11.600,1,0,37.0,0.0,0
11.600,1,0,37.0,0.0,0
11.700,1,0,37.0,0.0,0
11.700,1,0,37.0,0.0,0
11.700,1,0,37.0,0.0,0
11.800,1,0,37.0,0.0,0
11.800,1,0,37.0,0.0,0
11.800,1,0,37.0,0.0,0
11.800,1,0,37.0,0.0,0
11.900,1,0,37.0,0.0,0
11.900,1,0,37.0,0.0,0
11.900,1,0,37.0,0.0,0
12.000,1,0,37.0,0.0,0
12.000,1,0,37.0,0.0,0
12.000,1,0,37.0,0.0,0
12.000,1,0,37.0,0.0,0
12.100,1,0,37.0,0.0,0
12.100,1,0,37.0,0.0,0
12.100,1,0,37.0,0.0,0
12.200,1,0,37.0,0.0,0
12.200,1,0,37.0,0.0,0
12.200,1,0,37.0,0.0,0
12.200,1,0,37.0,0.0,0
12.300,1,0,37.0,0.0,0
12.300,1,0,37.0,0.0,0
12.300,1,0,37.0,0.0,0
12.300,1,0,37.0,0.0,0
12.400,1,0,37.0,0.0,0
12.400,1,0,37.0,0.0,0
12.400,1,0,37.0,0.0,0
12.500,1,0,37.0,0.0,0
12.500,1,0,37.0,0.0,0
12.500,1,0,37.0,0.0,0
12.500,1,0,37.0,0.0,0
12.600,1,0,37.0,0.0,0
12.600,1,0,37.0,0.0,0
12.600,1,0,37.0,0.0,0
12.700,1,0,37.0,0.0,0
12.700,1,0,37.0,0.0,0
12.700,1,0,37.0,0.0,0
12.700,1,0,37.0,0.0,0
12.800,1,0,37.0,0.0,0
12.800,1,0,37.0,0.0,0
12.800,1,0,37.0,0.0,0
12.900,1,0,37.0,0.0,0
12.900,1,0,37.0,0.0,0
12.900,1,0,37.0,0.0,0
12.900,1,0,37.0,0.0,0
13.000,1,0,37.0,0.0,0
13.000,1,0,37.0,0.0,0
13.000,1,0,37.0,0.0,0
13.000,1,0,37.0,0.0,0
13.100,1,0,37.0,0.0,0
13.100,1,0,37.0,0.0,0
13.100,1,0,37.0,0.0,0
13.200,1,0,37.0,0.0,0
13.200,1,0,37.0,0.0,0
13.200,1,0,37.0,0.0,0
13.200,1,0,37.0,0.0,0
13.300,1,0,37.0,0.0,0
13.300,1,0,37.0,0.0,0
13.300,1,0,37.0,0.0,0
13.400,1,0,37.0,0.0,0
13.400,1,0,37.0,0.0,0
13.400,1,0,37.0,0.0,0
13.400,1,0,37.0,0.0,0
13.500,1,0,37.0,0.0,0
13.500,1,0,37.0,0.0,0
13.500,1,0,37.0,0.0,0
13.600,1,0,37.0,0.0,0
13.600,1,0,37.0,0.0,0
13.600,1,0,37.0,0.0,0
13.600,1,0,37.0,0.0,0
13.700,1,0,37.0,0.0,0
13.700,1,0,37.0,0.0,0
13.700,1,0,37.0,0.0,0
13.700,1,0,37.0,0.0,0
13.800,1,0,37.0,0.0,0
13.800,1,0,37.0,0.0,0
13.800,1,0,37.0,0.0,0
13.900,1,0,37.0,0.0,0
13.900,1,0,37.0,0.0,0
13.900,1,0,37.0,0.0,0
13.900,1,0,37.0,0.0,0
14.000,1,0,37.0,0.0,0
14.000,1,0,37.0,0.0,0
14.000,1,0,37.0,0.0,0
14.100,1,0,37.0,0.0,0
14.100,1,0,37.0,0.0,0
14.100,1,0,37.0,0.0,0
14.100,1,0,37.0,0.0,0
14.200,1,0,37.0,0.0,0
14.200,1,0,37.0,0.0,0
14.200,1,0,37.0,0.0,0
14.300,1,0,37.0,0.0,0
14.300,1,0,37.0,0.0,0
14.300,1,0,37.0,0.0,0
14.300,1,0,37.0,0.0,0
14.400,1,0,37.0,0.0,0
14.400,1,0,37.0,0.0,0
14.400,1,0,37.0,0.0,0
14.500,1,0,37.0,0.0,0
14.500,1,0,37.0,0.0,0
14.500,1,0,37.0,0.0,0
14.500,1,0,37.0,0.0,0
14.600,1,0,37.0,0.0,0
14.600,1,0,37.0,0.0,0
14.600,1,0,37.0,0.0,0
14.600,1,0,37.0,0.0,0
14.700,1,0,37.0,0.0,0
14.700,1,0,37.0,0.0,0
14.700,1,0,37.0,0.0,0
14.800,1,0,37.0,0.0,0
14.800,1,0,37.0,0.0,0
14.800,1,0,37.0,0.0,0
14.800,1,0,37.0,0.0,0
14.900,1,0,37.0,0.0,0
14.900,1,0,37.0,0.0,0
14.900,1,0,37.0,0.0,0
15.000,1,0,37.0,0.0,0
15.000,1,0,37.0,0.0,0
15.000,1,0,37.0,0.0,0
15.000,1,0,37.0,0.0,0
15.100,1,0,37.0,0.0,0
15.100,1,0,37.0,0.0,0
15.100,1,0,37.0,0.0,0
15.200,1,0,37.0,0.0,0
15.200,1,0,37.0,0.0,0
15.200,1,0,37.0,0.0,0
15.200,1,0,37.0,0.0,0
15.300,1,0,37.0,0.0,0
15.300,1,0,37.0,0.0,0
15.300,1,0,37.0,0.0,0
15.300,1,0,37.0,0.0,0
15.400,1,0,37.0,0.0,0
15.400,1,0,37.0,0.0,0
15.400,1,0,37.0,0.0,0
15.500,1,0,37.0,0.0,0
15.500,1,0,37.0,0.0,0
15.500,1,0,37.0,0.0,0
15.500,1,0,37.0,0.0,0
15.600,1,0,37.0,0.0,0
15.600,1,0,37.0,0.0,0
15.600,1,0,37.0,0.0,0
15.700,1,0,37.0,0.0,0
15.700,1,0,37.0,0.0,0
15.700,1,0,37.0,0.0,0
15.700,1,0,37.0,0.0,0
15.800,1,0,37.0,0.0,0
15.800,1,0,37.0,0.0,0
15.800,1,0,37.0,0.0,0
15.900,1,0,37.0,0.0,0
15.900,1,0,37.0,0.0,0
15.900,1,0,37.0,0.0,0
15.900,1,0,37.0,0.0,0
16.000,1,0,37.0,0.0,0
16.000,1,0,37.0,0.0,0
16.000,1,0,37.0,0.0,0
16.100,1,0,37.0,0.0,0
16.100,1,0,37.0,0.0,0
16.100,1,0,37.0,0.0,0
16.100,1,0,37.0,0.0,0
16.200,1,0,37.0,0.0,0
16.200,1,0,37.0,0.0,0
16.200,1,0,37.0,0.0,0
16.200,1,0,37.0,0.0,0
16.300,1,0,37.0,0.0,0
16.300,1,0,37.0,0.0,0
16.300,1,0,37.0,0.0,0
16.400,1,0,37.0,0.0,0
16.400,1,0,37.0,0.0,0
16.400,1,0,37.0,0.0,0
16.400,1,0,37.0,0.0,0
16.500,1,0,37.0,0.0,0
16.500,1,0,37.0,0.0,0
16.500,1,0,37.0,0.0,0
16.600,1,0,37.0,0.0,0
16.600,1,0,37.0,0.0,0
16.600,1,0,37.0,0.0,0
16.600,1,0,37.0,0.0,0
16.700,1,0,37.0,0.0,0
16.700,1,0,37.0,0.0,0
16.700,1,0,37.0,0.0,0
16.800,1,0,37.0,0.0,0
16.800,1,0,37.0,0.0,0
16.800,1,0,37.0,0.0,0
16.800,1,0,37.0,0.0,0
16.900,1,0,37.0,0.0,0
16.900,1,0,37.0,0.0,0
16.900,1,0,37.0,0.0,0
16.900,1,0,37.0,0.0,0
17.000,1,0,37.0,0.0,0
17.000,1,0,37.0,0.0,0
17.000,1,0,37.0,0.0,0
17.100,1,0,37.0,0.0,0
17.100,1,0,37.0,0.0,0
17.100,1,0,37.0,0.0,0
17.100,1,0,37.0,0.0,0
17.200,1,0,37.0,0.0,0
17.200,1,0,37.0,0.0,0
17.200,1,0,37.0,0.0,0
17.300,1,0,37.0,0.0,0
17.300,1,0,37.0,0.0,0
17.300,1,0,37.0,0.0,0
17.300,1,0,37.0,0.0,0
17.400,1,0,37.0,0.0,0
17.400,1,0,37.0,0.0,0
17.400,1,0,37.0,0.0,0
17.500,1,0,37.0,0.0,0
17.500,1,0,37.0,0.0,0
17.500,1,0,37.0,0.0,0
17.500,1,0,37.0,0.0,0
17.600,1,0,37.0,0.0,0
17.600,1,0,37.0,0.0,0
17.600,1,0,37.0,0.0,0
17.600,1,0,37.0,0.0,0
17.700,1,0,37.0,0.0,0
17.700,1,0,37.0,0.0,0
17.700,1,0,37.0,0.0,0
17.800,1,0,37.0,0.0,0
17.800,1,0,37.0,0.0,0
17.800,1,0,37.0,0.0,0
17.800,1,0,37.0,0.0,0
17.900,1,0,37.0,0.0,0
17.900,1,0,37.0,0.0,0
17.900,1,0,37.0,0.0,0
18.000,1,0,37.0,0.0,0
18.000,1,0,37.0,0.0,0
18.000,1,0,37.0,0.0,0
18.000,1,0,37.0,0.0,0
18.100,1,0,37.0,0.0,0
18.100,1,0,37.0,0.0,0
18.100,1,0,37.0,0.0,0
18.200,1,0,37.0,0.0,0
18.200,1,0,37.0,0.0,0
18.200,1,0,37.0,0.0,0
18.200,1,0,37.0,0.0,0
18.300,1,0,37.0,0.0,0
18.300,1,0,37.0,0.0,0
18.300,1,0,37.0,0.0,0
18.400,1,0,37.0,0.0,0
18.400,1,0,37.0,0.0,0
18.400,1,0,37.0,0.0,0
18.400,1,0,37.0,0.0,0
18.500,1,0,37.0,0.0,0
18.500,1,0,37.0,0.0,0
18.500,1,0,37.0,0.0,0
18.500,1,0,37.0,0.0,0
18.600,1,0,37.0,0.0,0
18.600,1,0,37.0,0.0,0
18.600,1,0,37.0,0.0,0
18.700,1,0,37.0,0.0,0
18.700,1,0,37.0,0.0,0
18.700,1,0,37.0,0.0,0
18.700,1,0,37.0,0.0,0
18.800,1,0,37.0,0.0,0
18.800,1,0,37.0,0.0,0
18.800,1,0,37.0,0.0,0
18.900,1,0,37.0,0.0,0
18.900,1,0,37.0,0.0,0
18.900,1,0,37.0,0.0,0
18.900,1,0,37.0,0.0,0
19.000,1,0,37.0,0.0,0
19.000,1,0,37.0,0.0,0
19.000,1,0,37.0,0.0,0
19.100,1,0,37.0,0.0,0
19.100,1,0,37.0,0.0,0
19.100,1,0,37.0,0.0,0
19.100,1,0,37.0,0.0,0
19.200,1,0,37.0,0.0,0
19.200,1,0,37.0,0.0,0
19.200,1,0,37.0,0.0,0
19.200,1,0,37.0,0.0,0
19.300,1,0,37.0,0.0,0
19.300,1,0,37.0,0.0,0
19.300,1,0,37.0,0.0,0
19.400,1,0,37.0,0.0,0
19.400,1,0,37.0,0.0,0
19.400,1,0,37.0,0.0,0
19.400,1,0,37.0,0.0,0
19.500,1,0,37.0,0.0,0
19.500,1,0,37.0,0.0,0
19.500,1,0,37.0,0.0,0
19.600,1,0,37.0,0.0,0
19.600,1,0,37.0,0.0,0
19.600,1,0,37.0,0.0,0
19.600,1,0,37.0,0.0,0
19.700,1,0,37.0,0.0,0
19.700,1,0,37.0,0.0,0
19.700,1,0,37.0,0.0,0
19.800,1,0,37.0,0.0,0
19.800,1,0,37.0,0.0,0
19.800,1,0,37.0,0.0,0
19.800,1,0,37.0,0.0,0
19.900,1,0,37.0,0.0,0
19.900,1,0,37.0,0.0,0
19.900,1,0,37.0,0.0,0
20.000,1,0,37.0,0.0,0
20.000,1,0,37.0,0.0,0
20.000,1,0,37.0,0.0,0
20.000,1,0,37.0,0.0,0
20.100,1,0,37.0,0.0,0
20.100,1,0,37.0,0.0,0
20.100,1,0,37.0,0.0,0
20.100,1,0,37.0,0.0,0
20.200,1,0,37.0,0.0,0
20.200,1,0,37.0,0.0,0
20.200,1,0,37.0,0.0,0
20.300,1,0,37.0,0.0,0
20.300,1,0,37.0,0.0,0
20.300,1,0,37.0,0.0,0
20.300,1,0,37.0,0.0,0
20.400,1,0,37.0,0.0,0
20.400,1,0,37.0,0.0,0
20.400,1,0,37.0,0.0,0
20.500,1,0,37.0,0.0,0
20.500,1,0,37.0,0.0,0
20.500,1,0,37.0,0.0,0
20.500,1,0,37.0,0.0,0
20.600,1,0,37.0,0.0,0
20.600,1,0,37.0,0.0,0
20.600,1,0,37.0,0.0,0
20.700,1,0,37.0,0.0,0
20.700,1,0,37.0,0.0,0
20.700,1,0,37.0,0.0,0
20.700,1,0,37.0,0.0,0
20.800,1,0,37.0,0.0,0
20.800,1,0,37.0,0.0,0
20.800,1,0,37.0,0.0,0
20.800,1,0,37.0,0.0,0
20.900,1,0,37.0,0.0,0
20.900,1,0,37.0,0.0,0
20.900,1,0,37.0,0.0,0
21.000,1,0,37.0,0.0,0
21.000,1,0,37.0,0.0,0
21.000,1,0,37.0,0.0,0
21.000,1,0,37.0,0.0,0
21.100,1,0,37.0,0.0,0
21.100,1,0,37.0,0.0,0
21.100,1,0,37.0,0.0,0
21.200,1,0,37.0,0.0,0
21.200,1,0,37.0,0.0,0
21.200,1,0,37.0,0.0,0
21.200,1,0,37.0,0.0,0
21.300,1,0,37.0,0.0,0
21.300,1,0,37.0,0.0,0
21.300,1,0,37.0,0.0,0
21.400,1,0,37.0,0.0,0
21.400,1,0,37.0,0.0,0
21.400,1,0,37.0,0.0,0
21.400,1,0,37.0,0.0,0
21.500,1,0,37.0,0.0,0
21.500,1,0,37.0,0.0,0
21.500,1,0,37.0,0.0,0
21.500,1,0,37.0,0.0,0
21.600,1,0,37.0,0.0,0
21.600,1,0,37.0,0.0,0
21.600,1,0,37.0,0.0,0
21.700,1,0,37.0,0.0,0
21.700,1,0,37.0,0.0,0
21.700,1,0,37.0,0.0,0
21.700,1,0,37.0,0.0,0
21.800,1,0,37.0,0.0,0
21.800,1,0,37.0,0.0,0
21.800,1,0,37.0,0.0,0
21.900,1,0,37.0,0.0,0
21.900,1,0,37.0,0.0,0
21.900,1,0,37.0,0.0,0
21.900,1,0,37.0,0.0,0
22.000,1,0,37.0,0.0,0
22.000,1,0,37.0,0.0,0
22.000,1,0,37.0,0.0,0
22.100,1,0,37.0,0.0,0
22.100,1,0,37.0,0.0,0
22.100,1,0,37.0,0.0,0
22.100,1,0,37.0,0.0,0
22.200,1,0,37.0,0.0,0
22.200,1,0,37.0,0.0,0
22.200,1,0,37.0,0.0,0
22.300,1,0,37.0,0.0,0
22.300,1,0,37.0,0.0,0
22.300,1,0,37.0,0.0,0
22.300,1,0,37.0,0.0,0
22.400,1,0,37.0,0.0,0
22.400,1,0,37.0,0.0,0
22.400,1,0,37.0,0.0,0
22.400,1,0,37.0,0.0,0
22.500,1,0,37.0,0.0,0
22.500,1,0,37.0,0.0,0
22.500,1,0,37.0,0.0,0
22.600,1,0,37.0,0.0,0
22.600,1,0,37.0,0.0,0
22.600,1,0,37.0,0.0,0
22.600,1,0,37.0,0.0,0
22.700,1,0,37.0,0.0,0
22.700,1,0,37.0,0.0,0
22.700,1,0,37.0,0.0,0
22.800,1,0,37.0,0.0,0
22.800,1,0,37.0,0.0,0
22.800,1,0,37.0,0.0,0
22.800,1,0,37.0,0.0,0
22.900,1,0,37.0,0.0,0
22.900,1,0,37.0,0.0,0
22.900,1,0,37.0,0.0,0
23.000,1,0,37.0,0.0,0
23.000,1,0,37.0,0.0,0
23.000,1,0,37.0,0.0,0
23.000,1,0,37.0,0.0,0
23.100,1,0,37.0,0.0,0
23.100,1,0,37.0,0.0,0
23.100,1,0,37.0,0.0,0
23.100,1,0,37.0,0.0,0
23.200,1,0,37.0,0.0,0
23.200,1,0,37.0,0.0,0
23.200,1,0,37.0,0.0,0
23.300,1,0,37.0,0.0,0
23.300,1,0,37.0,0.0,0
23.300,1,0,37.0,0.0,0
23.300,1,0,37.0,0.0,0
23.400,1,0,37.0,0.0,0
23.400,1,0,37.0,0.0,0
23.400,1,0,37.0,0.0,0
23.500,1,0,37.0,0.0,0
23.500,1,0,37.0,0.0,0
23.500,1,0,37.0,0.0,0
23.500,1,0,37.0,0.0,0
23.600,1,0,37.0,0.0,0
23.600,1,0,37.0,0.0,0
23.600,1,0,37.0,0.0,0
23.700,1,0,37.0,0.0,0
23.700,1,0,37.0,0.0,0
23.700,1,0,37.0,0.0,0
23.700,1,0,37.0,0.0,0
23.800,1,0,37.0,0.0,0
23.800,1,0,37.0,0.0,0
23.800,1,0,37.0,0.0,0
23.900,1,0,37.0,0.0,0
23.900,1,0,37.0,0.0,0
23.900,1,0,37.0,0.0,0
23.900,1,0,37.0,0.0,0
24.000,1,0,37.0,0.0,0
24.000,1,0,37.0,0.0,0
24.000,1,0,37.0,0.0,0
24.000,1,0,37.0,0.0,0
24.100,1,0,37.0,0.0,0
24.100,1,0,37.0,0.0,0
24.100,1,0,37.0,0.0,0
24.200,1,0,37.0,0.0,0
24.200,1,0,37.0,0.0,0
24.200,1,0,37.0,0.0,0
24.200,1,0,37.0,0.0,0
24.300,1,0,37.0,0.0,0
24.300,1,0,37.0,0.0,0
24.300,1,0,37.0,0.0,0
24.400,1,0,37.0,0.0,0
24.400,1,0,37.0,0.0,0
24.400,1,0,37.0,0.0,0
24.400,1,0,37.0,0.0,0
24.500,1,0,37.0,0.0,0
24.500,1,0,37.0,0.0,0
24.500,1,0,37.0,0.0,0
24.600,1,0,37.0,0.0,0
24.600,1,0,37.0,0.0,0
24.600,1,0,37.0,0.0,0
24.600,1,0,37.0,0.0,0
24.700,1,0,37.0,0.0,0
24.700,1,0,37.0,0.0,0
24.700,1,0,37.0,0.0,0
24.700,1,0,37.0,0.0,0
24.800,1,0,37.0,0.0,0
24.800,1,0,37.0,0.0,0
24.800,1,0,37.0,0.0,0
24.900,1,0,37.0,0.0,0
24.900,1,0,37.0,0.0,0
24.900,1,0,37.0,0.0,0
24.900,1,0,37.0,0.0,0
25.000,1,0,37.0,0.0,0
25.000,1,0,37.0,0.0,0
25.000,1,0,37.0,0.0,0
25.100,1,0,37.0,0.0,0
25.100,1,0,37.0,0.0,0
25.100,1,0,37.0,0.0,0
25.100,1,0,37.0,0.0,0
25.200,1,0,37.0,0.0,0
25.200,1,0,37.0,0.0,0
25.200,1,0,37.0,0.0,0
25.300,1,0,37.0,0.0,0
25.300,1,0,37.0,0.0,0
25.300,1,0,37.0,0.0,0
25.300,1,0,37.0,0.0,0
25.400,1,0,37.0,0.0,0
25.400,1,0,37.0,0.0,0
25.400,1,0,37.0,0.0,0
25.400,1,0,37.0,0.0,0
25.500,1,0,37.0,0.0,0
25.500,1,0,37.0,0.0,0
25.500,1,0,37.0,0.0,0
25.600,1,0,37.0,0.0,0
25.600,1,0,37.0,0.0,0
25.600,1,0,37.0,0.0,0
25.600,1,0,37.0,0.0,0
25.700,1,0,37.0,0.0,0
25.700,1,0,37.0,0.0,0
25.700,1,0,37.0,0.0,0
25.800,1,0,37.0,0.0,0
25.800,1,0,37.0,0.0,0
25.800,1,0,37.0,0.0,0
25.800,1,0,37.0,0.0,0
25.900,1,0,37.0,0.0,0
25.900,1,0,37.0,0.0,0
25.900,1,0,37.0,0.0,0
26.000,1,0,37.0,0.0,0
26.000,1,0,37.0,0.0,0
26.000,1,0,37.0,0.0,0
26.000,1,0,37.0,0.0,0
26.100,1,0,37.0,0.0,0
26.100,1,0,37.0,0.0,0
26.100,1,0,37.0,0.0,0
26.200,1,0,37.0,0.0,0
26.200,1,0,37.0,0.0,0
26.200,1,0,37.0,0.0,0
26.200,1,0,37.0,0.0,0
26.300,1,0,37.0,0.0,0
26.300,1,0,37.0,0.0,0
26.300,1,0,37.0,0.0,0
26.300,1,0,37.0,0.0,0
26.400,1,0,37.0,0.0,0
26.400,1,0,37.0,0.0,0
26.400,1,0,37.0,0.0,0
26.500,1,0,37.0,0.0,0
26.500,1,0,37.0,0.0,0
26.500,1,0,37.0,0.0,0
26.500,1,0,37.0,0.0,0
26.600,0,0,0.0,0.0,0
26.600,0,0,0.0,0.0,0
26.600,0,0,0.0,0.0,0
26.700,0,0,0.0,0.0,0
26.700,0,0,0.0,0.0,0
26.700,0,0,0.0,0.0,0
26.700,0,0,0.0,0.0,0
26.800,0,0,0.0,0.0,0
26.800,0,0,0.0,0.0,0
26.800,0,0,0.0,0.0,0
26.900,0,0,0.0,0.0,0
26.900,0,0,0.0,0.0,0
26.900,0,0,0.0,0.0,0
26.900,0,0,0.0,0.0,0
27.000,1,2,39.0,-2.3,0
27.000,1,2,39.0,-2.3,0
27.000,1,2,39.0,-2.3,0
27.000,1,2,39.0,-2.3,0
27.100,1,2,39.0,-2.3,0
27.100,1,2,39.0,-2.3,0
27.100,1,2,39.0,-2.3,0
27.200,1,2,39.0,-2.3,0
27.200,1,2,39.0,-2.3,0
27.200,1,2,39.0,-2.3,0
27.200,1,2,39.0,-2.3,0
27.300,1,2,39.0,-2.3,0
27.300,1,2,39.0,-2.3,0
27.300,1,2,39.0,-2.3,0
27.400,1,2,39.0,-2.3,0
27.400,1,2,39.0,-2.3,0
27.400,1,2,39.0,-2.3,0
27.400,1,2,39.0,-2.3,0
27.500,1,2,39.0,-2.3,0
27.500,1,2,39.0,-2.3,0
27.500,1,2,39.0,-2.3,0
27.600,1,2,39.0,-2.3,0
27.600,1,2,39.0,-2.3,0
27.600,1,2,39.0,-2.3,0
27.600,1,2,39.0,-2.3,0
27.700,1,2,39.0,-2.3,0
27.700,1,2,39.0,-2.3,0
27.700,1,2,39.0,-2.3,0
27.700,1,2,39.0,-2.3,0
27.800,1,2,39.0,-2.3,0
27.800,1,2,39.0,-2.3,0
27.800,1,2,39.0,-2.3,0
27.900,1,2,39.0,-2.3,0
27.900,1,2,39.0,-2.3,0
27.900,1,2,39.0,-2.3,0
27.900,1,2,39.0,-2.3,0
28.000,1,2,39.0,-2.3,0
28.000,1,2,39.0,-2.3,0
28.000,1,2,39.0,-2.3,0
28.100,1,2,39.0,-2.3,0
28.100,1,2,39.0,-2.3,0
28.100,1,2,39.0,-2.3,0
28.100,1,2,39.0,-2.3,0
28.200,1,2,39.0,-2.3,0
28.200,1,2,39.0,-2.3,0
28.200,1,2,39.0,-2.3,0
28.300,1,2,39.0,-2.3,0
28.300,1,2,39.0,-2.3,0
28.300,1,2,39.0,-2.3,0
28.300,1,2,39.0,-2.3,0
28.400,1,2,39.0,-2.3,0
28.400,1,2,39.0,-2.3,0
28.400,1,2,39.0,-2.3,0
28.500,1,2,39.0,-2.3,0
28.500,1,2,39.0,-2.3,0
28.500,1,2,39.0,-2.3,0
28.500,1,2,39.0,-2.3,0
28.600,1,2,39.0,-2.3,0
28.600,1,2,39.0,-2.3,0
28.600,1,2,39.0,-2.3,0
28.600,1,2,39.0,-2.3,0
28.700,1,2,39.0,-2.3,0
28.700,1,2,39.0,-2.3,0
28.700,1,2,39.0,-2.3,0
28.800,1,2,39.0,-2.3,0
28.800,1,2,39.0,-2.3,0
28.800,1,2,39.0,-2.3,0
28.800,1,2,39.0,-2.3,0
28.900,1,2,39.0,-2.3,0
28.900,1,2,39.0,-2.3,0
28.900,1,2,39.0,-2.3,0
29.000,1,2,39.0,-2.3,0
29.000,1,2,39.0,-2.3,0
29.000,1,2,39.0,-2.3,0
29.000,1,2,39.0,-2.3,0
29.100,1,2,39.0,-2.3,0
29.100,1,2,39.0,-2.3,0
29.100,1,2,39.0,-2.3,0
29.200,1,2,39.0,-2.3,0
29.200,1,2,39.0,-2.3,0
29.200,1,2,39.0,-2.3,0
29.200,1,2,39.0,-2.3,0
29.300,1,2,39.0,-2.3,0
29.300,1,2,39.0,-2.3,0
29.300,1,2,39.0,-2.3,0
29.300,1,2,39.0,-2.3,0
29.400,1,2,39.0,-2.3,0
29.400,1,2,39.0,-2.3,0
29.400,1,2,39.0,-2.3,0
29.500,1,2,39.0,-2.3,0
29.500,1,2,39.0,-2.3,0
29.500,1,2,39.0,-2.3,0
29.500,1,2,39.0,-2.3,0
29.600,1,2,39.0,-2.3,0
29.600,1,2,39.0,-2.3,0
29.600,1,2,39.0,-2.3,0
29.700,1,2,39.0,-2.3,0
29.700,1,2,39.0,-2.3,0
29.700,1,2,39.0,-2.3,0
29.700,1,2,39.0,-2.3,0
29.800,1,2,39.0,-2.3,0
29.800,1,2,39.0,-2.3,0
29.800,1,2,39.0,-2.3,0
29.900,1,2,39.0,-2.3,0
29.900,1,2,39.0,-2.3,0
29.900,1,2,39.0,-2.3,0
29.900,1,2,39.0,-2.3,0
30.000,1,2,39.0,-2.3,0
30.000,1,2,39.0,-2.3,0
30.000,1,2,39.0,-2.3,0
30.100,1,2,39.0,-2.3,0
30.100,1,2,39.0,-2.3,0
30.100,1,2,39.0,-2.3,0
30.100,1,2,39.0,-2.3,0
30.200,1,2,39.0,-2.3,0
30.200,1,2,39.0,-2.3,0
30.200,1,2,39.0,-2.3,0
30.200,1,2,39.0,-2.3,0
30.300,1,2,39.0,-2.3,0
30.300,1,2,39.0,-2.3,0
30.300,1,2,39.0,-2.3,0
30.400,1,2,39.0,-2.3,0
30.400,1,2,39.0,-2.3,0
30.400,1,2,39.0,-2.3,0
30.400,1,2,39.0,-2.3,0
30.500,1,2,39.0,-2.3,0
30.500,1,2,39.0,-2.3,0
30.500,1,2,39.0,-2.3,0
30.600,1,2,39.0,-2.3,0
30.600,1,2,39.0,-2.3,0
30.600,1,2,39.0,-2.3,0
30.600,1,2,39.0,-2.3,0
30.700,1,2,39.0,-2.3,0
30.700,1,2,39.0,-2.3,0
30.700,1,2,39.0,-2.3,0
30.800,1,2,39.0,-2.3,0
30.800,1,2,39.0,-2.3,0
30.800,1,2,39.0,-2.3,0
30.800,1,2,39.0,-2.3,0
30.900,1,2,39.0,-2.3,0
30.900,1,2,39.0,-2.3,0
30.900,1,2,39.0,-2.3,0
30.900,1,2,39.0,-2.3,0
31.000,1,2,39.0,-2.3,0
31.000,1,2,39.0,-2.3,0
31.000,1,2,39.0,-2.3,0
31.100,1,2,39.0,-2.3,0
31.100,1,2,39.0,-2.3,0
31.100,1,2,39.0,-2.3,0
31.100,1,2,39.0,-2.3,0
31.200,1,2,39.0,-2.3,0
31.200,1,2,39.0,-2.3,0
31.200,1,2,39.0,-2.3,0
31.300,1,2,39.0,-2.3,0
31.300,1,2,39.0,-2.3,0
31.300,1,2,39.0,-2.3,0
31.300,1,2,39.0,-2.3,0
31.400,1,2,39.0,-2.3,0
31.400,1,2,39.0,-2.3,0
31.400,1,2,39.0,-2.3,0
31.500,1,2,39.0,-2.3,0
31.500,1,2,39.0,-2.3,0
31.500,1,2,39.0,-2.3,0
31.500,1,2,39.0,-2.3,0
31.600,1,2,39.0,-2.3,0
31.600,1,2,39.0,-2.3,0
31.600,1,2,39.0,-2.3,0
31.600,1,2,39.0,-2.3,0
31.700,1,2,39.0,-2.3,0
31.700,1,2,39.0,-2.3,0
31.700,1,2,39.0,-2.3,0
31.800,1,2,39.0,-2.3,0
31.800,1,2,39.0,-2.3,0
31.800,1,2,39.0,-2.3,0
31.800,1,2,39.0,-2.3,0
31.900,1,2,39.0,-2.3,0
31.900,1,2,39.0,-2.3,0
31.900,1,2,39.0,-2.3,0
32.000,1,2,39.0,-2.3,0
32.000,1,2,39.0,-2.3,0
32.000,1,2,39.0,-2.3,0
32.000,1,2,39.0,-2.3,0
32.100,1,2,39.0,-2.3,0
32.100,1,2,39.0,-2.3,0
32.100,1,2,39.0,-2.3,0
32.200,1,2,39.0,-2.3,0
32.200,1,2,39.0,-2.3,0
32.200,1,2,39.0,-2.3,0
32.200,1,2,39.0,-2.3,0
32.300,1,2,39.0,-2.3,0
32.300,1,2,39.0,-2.3,0
32.300,1,2,39.0,-2.3,0
32.400,1,2,39.0,-2.3,0
32.400,1,2,39.0,-2.3,0
32.400,1,2,39.0,-2.3,0
32.400,1,2,39.0,-2.3,0
32.500,1,2,39.0,-2.3,0
32.500,1,2,39.0,-2.3,0
32.500,1,2,39.0,-2.3,0
32.500,1,2,39.0,-2.3,0
32.600,1,2,39.0,-2.3,0
32.600,1,2,39.0,-2.3,0
32.600,1,2,39.0,-2.3,0
32.700,1,2,39.0,-2.3,0
32.700,1,2,39.0,-2.3,0
32.700,1,2,39.0,-2.3,0
32.700,1,2,39.0,-2.3,0
32.800,1,2,39.0,-2.3,0
32.800,1,2,39.0,-2.3,0
32.800,1,2,39.0,-2.3,0
32.900,1,2,39.0,-2.3,0
32.900,1,2,39.0,-2.3,0
32.900,1,2,39.0,-2.3,0
32.900,1,2,39.0,-2.3,0
33.000,1,2,39.0,-2.3,0
33.000,1,2,39.0,-2.3,0
33.000,1,2,39.0,-2.3,0
33.100,1,2,39.0,-2.3,0
33.100,1,2,39.0,-2.3,0
33.100,1,2,39.0,-2.3,0
33.100,1,2,39.0,-2.3,0
33.200,1,2,39.0,-2.3,0
33.200,1,2,39.0,-2.3,0
33.200,1,2,39.0,-2.3,0
33.200,1,2,39.0,-2.3,0
33.300,1,2,39.0,-2.3,0
33.300,1,2,39.0,-2.3,0
33.300,1,2,39.0,-2.3,0
33.400,0,0,0.0,0.0,0
33.400,0,0,0.0,0.0,0
33.400,0,0,0.0,0.0,0
33.400,0,0,0.0,0.0,0
33.500,0,0,0.0,0.0,0
33.500,0,0,0.0,0.0,0
33.500,0,0,0.0,0.0,0
33.600,0,0,0.0,0.0,0
33.600,0,0,0.0,0.0,0
33.600,0,0,0.0,0.0,0
33.600,0,0,0.0,0.0,0
33.700,0,0,0.0,0.0,0
33.700,0,0,0.0,0.0,0
33.700,0,0,0.0,0.0,0
33.800,0,0,0.0,0.0,0
33.800,0,0,0.0,0.0,0
33.800,0,0,0.0,0.0,0
33.800,0,0,0.0,0.0,0
33.900,0,0,0.0,0.0,0
33.900,0,0,0.0,0.0,0
33.900,0,0,0.0,0.0,0
33.900,0,0,0.0,0.0,0
34.000,0,0,0.0,0.0,0
34.000,0,0,0.0,0.0,0
34.000,0,0,0.0,0.0,0
34.100,2,2,-44.0,-3.0,0
34.100,2,2,-44.0,-3.0,0
34.100,2,2,-44.0,-3.0,0
34.100,2,2,-44.0,-3.0,0
34.200,2,2,-44.0,-3.0,0
34.200,2,2,-44.0,-3.0,0
34.200,2,2,-44.0,-3.0,0
34.300,2,2,-44.0,-3.0,0
34.300,2,2,-44.0,-3.0,0
34.300,2,2,-44.0,-3.0,0
34.300,2,2,-44.0,-3.0,0
34.400,2,2,-44.0,-3.0,0
34.400,2,2,-44.0,-3.0,0
34.400,2,2,-44.0,-3.0,0
34.500,2,2,-44.0,-3.0,0
34.500,2,2,-44.0,-3.0,0
34.500,2,2,-44.0,-3.0,0
34.500,2,2,-44.0,-3.0,0
34.600,2,2,-44.0,-3.0,0
34.600,2,2,-44.0,-3.0,0
34.600,2,2,-44.0,-3.0,0
34.700,2,2,-44.0,-3.0,0
34.700,2,2,-44.0,-3.0,0
34.700,2,2,-44.0,-3.0,0
34.700,2,2,-44.0,-3.0,0
34.800,2,2,-44.0,-3.0,0
34.800,2,2,-44.0,-3.0,0
34.800,2,2,-44.0,-3.0,0
34.800,2,2,-44.0,-3.0,0
34.900,2,2,-44.0,-3.0,0
34.900,2,2,-44.0,-3.0,0
34.900,2,2,-44.0,-3.0,0
35.000,2,2,-44.0,-3.0,0
35.000,2,2,-44.0,-3.0,0
35.000,2,2,-44.0,-3.0,0
35.000,2,2,-44.0,-3.0,0
35.100,2,2,-44.0,-3.0,0
35.100,2,2,-44.0,-3.0,0
35.100,2,2,-44.0,-3.0,0
35.200,2,2,-44.0,-3.0,0
35.200,2,2,-44.0,-3.0,0
35.200,2,2,-44.0,-3.0,0
35.200,2,2,-44.0,-3.0,0
35.300,2,2,-44.0,-3.0,0
35.300,2,2,-44.0,-3.0,0
35.300,2,2,-44.0,-3.0,0
35.400,2,2,-44.0,-3.0,0
35.400,2,2,-44.0,-3.0,0
35.400,2,2,-44.0,-3.0,0
35.400,2,2,-44.0,-3.0,0
35.500,2,2,-44.0,-3.0,0
35.500,2,2,-44.0,-3.0,0
35.500,2,2,-44.0,-3.0,0
35.500,2,2,-44.0,-3.0,0
35.600,2,2,-44.0,-3.0,0
35.600,2,2,-44.0,-3.0,0
35.600,2,2,-44.0,-3.0,0
35.700,2,2,-44.0,-3.0,0
35.700,2,2,-44.0,-3.0,0
35.700,2,2,-44.0,-3.0,0
35.700,2,2,-44.0,-3.0,0
35.800,2,2,-44.0,-3.0,0
35.800,2,2,-44.0,-3.0,0
35.800,2,2,-44.0,-3.0,0
35.900,2,2,-44.0,-3.0,0
35.900,2,2,-44.0,-3.0,0
35.900,2,2,-44.0,-3.0,0
35.900,2,2,-44.0,-3.0,0
36.000,2,2,-44.0,-3.0,0
36.000,2,2,-44.0,-3.0,0
36.000,2,2,-44.0,-3.0,0
36.100,2,2,-44.0,-3.0,0
36.100,2,2,-44.0,-3.0,0
36.100,2,2,-44.0,-3.0,0
36.100,2,2,-44.0,-3.0,0
36.200,2,2,-44.0,-3.0,0
36.200,2,2,-44.0,-3.0,0
36.200,2,2,-44.0,-3.0,0
36.200,2,2,-44.0,-3.0,0
36.300,2,2,-44.0,-3.0,0
36.300,2,2,-44.0,-3.0,0
36.300,2,2,-44.0,-3.0,0
36.400,2,2,-44.0,-3.0,0
36.400,2,2,-44.0,-3.0,0
36.400,2,2,-44.0,-3.0,0
36.400,2,2,-44.0,-3.0,0
36.500,2,2,-44.0,-3.0,0
36.500,2,2,-44.0,-3.0,0
36.500,2,2,-44.0,-3.0,0
36.600,2,2,-44.0,-3.0,0
36.600,2,2,-44.0,-3.0,0
36.600,2,2,-44.0,-3.0,0
36.600,2,2,-44.0,-3.0,0
36.700,2,2,-44.0,-3.0,0
36.700,2,2,-44.0,-3.0,0
36.700,2,2,-44.0,-3.0,0
36.800,2,2,-44.0,-3.0,0
36.800,2,2,-44.0,-3.0,0
36.800,2,2,-44.0,-3.0,0
36.800,2,2,-44.0,-3.0,0
36.900,2,2,-44.0,-3.0,0
36.900,2,2,-44.0,-3.0,0
36.900,2,2,-44.0,-3.0,0
37.000,2,2,-44.0,-3.0,0
37.000,2,2,-44.0,-3.0,0
37.000,2,2,-44.0,-3.0,0
37.000,2,2,-44.0,-3.0,0
37.100,2,2,-44.0,-3.0,0
37.100,2,2,-44.0,-3.0,0
37.100,2,2,-44.0,-3.0,0
37.100,2,2,-44.0,-3.0,0
37.200,2,2,-44.0,-3.0,0
37.200,2,2,-44.0,-3.0,0
37.200,2,2,-44.0,-3.0,0
37.300,2,2,-44.0,-3.0,0
37.300,2,2,-44.0,-3.0,0
37.300,2,2,-44.0,-3.0,0
37.300,2,2,-44.0,-3.0,0
37.400,2,2,-44.0,-3.0,0
37.400,2,2,-44.0,-3.0,0
37.400,2,2,-44.0,-3.0,0
37.500,2,2,-44.0,-3.0,0
37.500,2,2,-44.0,-3.0,0
37.500,2,2,-44.0,-3.0,0
37.500,2,2,-44.0,-3.0,0
37.600,2,2,-44.0,-3.0,0
37.600,2,2,-44.0,-3.0,0
37.600,2,2,-44.0,-3.0,0
37.700,2,2,-44.0,-3.0,0
37.700,2,2,-44.0,-3.0,0
37.700,2,2,-44.0,-3.0,0
37.700,2,2,-44.0,-3.0,0
37.800,2,2,-44.0,-3.0,0
37.800,2,2,-44.0,-3.0,0
37.800,2,2,-44.0,-3.0,0
37.800,2,2,-44.0,-3.0,0
37.900,2,2,-44.0,-3.0,0
37.900,2,2,-44.0,-3.0,0
37.900,2,2,-44.0,-3.0,0
38.000,2,2,-44.0,-3.0,0
38.000,2,2,-44.0,-3.0,0
38.000,2,2,-44.0,-3.0,0
38.000,2,2,-44.0,-3.0,0
38.100,2,2,-44.0,-3.0,0
38.100,2,2,-44.0,-3.0,0
38.100,2,2,-44.0,-3.0,0
38.200,2,2,-44.0,-3.0,0
38.200,2,2,-44.0,-3.0,0
38.200,2,2,-44.0,-3.0,0
38.200,2,2,-44.0,-3.0,0
38.300,2,2,-44.0,-3.0,0
38.300,2,2,-44.0,-3.0,0
38.300,2,2,-44.0,-3.0,0
38.400,2,2,-44.0,-3.0,0
38.400,2,2,-44.0,-3.0,0
38.400,2,2,-44.0,-3.0,0
38.400,2,2,-44.0,-3.0,0
38.500,2,2,-44.0,-3.0,0
38.500,2,2,-44.0,-3.0,0
38.500,2,2,-44.0,-3.0,0
38.500,2,2,-44.0,-3.0,0
38.600,2,2,-44.0,-3.0,0
38.600,2,2,-44.0,-3.0,0
38.600,2,2,-44.0,-3.0,0
38.700,2,2,-44.0,-3.0,0
38.700,2,2,-44.0,-3.0,0
38.700,2,2,-44.0,-3.0,0
38.700,2,2,-44.0,-3.0,0
38.800,2,2,-44.0,-3.0,0
38.800,2,2,-44.0,-3.0,0
38.800,2,2,-44.0,-3.0,0
38.900,2,2,-44.0,-3.0,0
38.900,2,2,-44.0,-3.0,0
38.900,2,2,-44.0,-3.0,0
38.900,2,2,-44.0,-3.0,0
39.000,2,2,-44.0,-3.0,0
39.000,2,2,-44.0,-3.0,0
39.000,2,2,-44.0,-3.0,0
39.100,2,2,-44.0,-3.0,0
39.100,2,2,-44.0,-3.0,0
39.100,2,2,-44.0,-3.0,0
39.100,2,2,-44.0,-3.0,0
39.200,2,2,-44.0,-3.0,0
39.200,2,2,-44.0,-3.0,0
39.200,2,2,-44.0,-3.0,0
39.200,2,2,-44.0,-3.0,0
39.300,2,2,-44.0,-3.0,0
39.300,2,2,-44.0,-3.0,0
39.300,2,2,-44.0,-3.0,0
39.400,2,2,-44.0,-3.0,0
39.400,2,2,-44.0,-3.0,0
39.400,2,2,-44.0,-3.0,0
39.400,2,2,-44.0,-3.0,0
39.500,2,2,-44.0,-3.0,0
39.500,2,2,-44.0,-3.0,0
39.500,2,2,-44.0,-3.0,0
39.600,2,2,-44.0,-3.0,0
39.600,2,2,-44.0,-3.0,0
39.600,2,2,-44.0,-3.0,0
39.600,2,2,-44.0,-3.0,0
39.700,2,2,-44.0,-3.0,0
39.700,2,2,-44.0,-3.0,0
39.700,2,2,-44.0,-3.0,0
39.800,2,2,-44.0,-3.0,0
39.800,2,2,-44.0,-3.0,0
39.800,2,2,-44.0,-3.0,0
39.800,2,2,-44.0,-3.0,0
39.900,2,2,-44.0,-3.0,0
39.900,2,2,-44.0,-3.0,0
39.900,2,2,-44.0,-3.0,0
40.000,2,2,-44.0,-3.0,0
40.000,2,2,-44.0,-3.0,0
40.000,2,2,-44.0,-3.0,0
40.000,2,2,-44.0,-3.0,0
40.100,2,2,-44.0,-3.0,0
40.100,2,2,-44.0,-3.0,0
40.100,2,2,-44.0,-3.0,0
40.100,2,2,-44.0,-3.0,0
40.200,2,2,-44.0,-3.0,0
40.200,2,2,-44.0,-3.0,0
40.200,2,2,-44.0,-3.0,0
40.300,2,2,-44.0,-3.0,0
40.300,2,2,-44.0,-3.0,0
40.300,2,2,-44.0,-3.0,0
40.300,2,2,-44.0,-3.0,0
40.400,2,2,-44.0,-3.0,0
40.400,2,2,-44.0,-3.0,0
40.400,2,2,-44.0,-3.0,0
40.500,2,2,-44.0,-3.0,0
40.500,2,2,-44.0,-3.0,0
40.500,2,2,-44.0,-3.0,0
40.500,2,2,-44.0,-3.0,0
40.600,2,2,-44.0,-3.0,0
40.600,2,2,-44.0,-3.0,0
40.600,2,2,-44.0,-3.0,0
40.700,2,2,-44.0,-3.0,0
40.700,2,2,-44.0,-3.0,0
40.700,2,2,-44.0,-3.0,0
40.700,2,2,-44.0,-3.0,0
40.800,2,2,-44.0,-3.0,0
40.800,2,2,-44.0,-3.0,0
40.800,2,2,-44.0,-3.0,0
40.800,2,2,-44.0,-3.0,0
40.900,2,2,-44.0,-3.0,0
40.900,2,2,-44.0,-3.0,0
40.900,2,2,-44.0,-3.0,0
41.000,2,2,-44.0,-3.0,0
41.000,2,2,-44.0,-3.0,0
41.000,2,2,-44.0,-3.0,0
41.000,2,2,-44.0,-3.0,0
41.100,2,2,-44.0,-3.0,0
41.100,2,2,-44.0,-3.0,0
41.100,2,2,-44.0,-3.0,0
41.200,2,2,-44.0,-3.0,0
41.200,2,2,-44.0,-3.0,0
41.200,2,2,-44.0,-3.0,0
41.200,2,2,-44.0,-3.0,0
41.300,2,2,-44.0,-3.0,0
41.300,2,2,-44.0,-3.0,0
41.300,2,2,-44.0,-3.0,0
41.400,2,2,-44.0,-3.0,0
41.400,2,2,-44.0,-3.0,0
41.400,2,2,-44.0,-3.0,0
41.400,2,2,-44.0,-3.0,0
41.500,2,2,-44.0,-3.0,0
41.500,2,2,-44.0,-3.0,0
41.500,2,2,-44.0,-3.0,0
41.600,2,2,-44.0,-3.0,0
41.600,2,2,-44.0,-3.0,0
41.600,2,2,-44.0,-3.0,0
41.600,2,2,-44.0,-3.0,0
41.700,2,2,-44.0,-3.0,0
41.700,2,2,-44.0,-3.0,0
41.700,2,2,-44.0,-3.0,0
41.700,2,2,-44.0,-3.0,0
41.800,2,2,-44.0,-3.0,0
41.800,2,2,-44.0,-3.0,0
41.800,2,2,-44.0,-3.0,0
41.900,2,2,-44.0,-3.0,0
41.900,2,2,-44.0,-3.0,0
41.900,2,2,-44.0,-3.0,0
41.900,2,2,-44.0,-3.0,0
42.000,2,2,-44.0,-3.0,0
42.000,2,2,-44.0,-3.0,0
42.000,2,2,-44.0,-3.0,0
42.100,2,2,-44.0,-3.0,0
42.100,2,2,-44.0,-3.0,0
42.100,2,2,-44.0,-3.0,0
42.100,2,2,-44.0,-3.0,0
42.200,2,2,-44.0,-3.0,0
42.200,2,2,-44.0,-3.0,0
42.200,2,2,-44.0,-3.0,0
42.300,2,2,-44.0,-3.0,0
42.300,2,2,-44.0,-3.0,0
42.300,2,2,-44.0,-3.0,0
42.300,2,2,-44.0,-3.0,0
42.400,2,2,-44.0,-3.0,0
42.400,2,2,-44.0,-3.0,0
42.400,2,2,-44.0,-3.0,0
42.400,2,2,-44.0,-3.0,0
42.500,2,2,-44.0,-3.0,0
42.500,2,2,-44.0,-3.0,0
42.500,2,2,-44.0,-3.0,0
42.600,2,2,-44.0,-3.0,0
42.600,2,2,-44.0,-3.0,0
42.600,2,2,-44.0,-3.0,0
42.600,2,2,-44.0,-3.0,0
42.700,2,2,-44.0,-3.0,0
42.700,2,2,-44.0,-3.0,0
42.700,2,2,-44.0,-3.0,0
42.800,2,2,-44.0,-3.0,0
42.800,2,2,-44.0,-3.0,0
42.800,2,2,-44.0,-3.0,0
42.800,2,2,-44.0,-3.0,0
42.900,2,2,-44.0,-3.0,0
42.900,2,2,-44.0,-3.0,0
42.900,2,2,-44.0,-3.0,0
43.000,2,2,-44.0,-3.0,0
43.000,2,2,-44.0,-3.0,0
43.000,2,2,-44.0,-3.0,0
43.000,2,2,-44.0,-3.0,0
43.100,2,2,-44.0,-3.0,0
43.100,2,2,-44.0,-3.0,0
43.100,2,2,-44.0,-3.0,0
43.100,2,2,-44.0,-3.0,0
43.200,2,2,-44.0,-3.0,0
43.200,2,2,-44.0,-3.0,0
43.200,2,2,-44.0,-3.0,0
43.300,2,2,-44.0,-3.0,0
43.300,2,2,-44.0,-3.0,0
43.300,2,2,-44.0,-3.0,0
43.300,2,2,-44.0,-3.0,0
43.400,2,2,-44.0,-3.0,0
43.400,2,2,-44.0,-3.0,0
43.400,2,2,-44.0,-3.0,0
43.500,2,2,-44.0,-3.0,0
43.500,2,2,-44.0,-3.0,0
43.500,2,2,-44.0,-3.0,0
43.500,2,2,-44.0,-3.0,0
43.600,2,2,-44.0,-3.0,0
43.600,2,2,-44.0,-3.0,0
43.600,2,2,-44.0,-3.0,0
43.700,2,2,-44.0,-3.0,0
43.700,2,2,-44.0,-3.0,0
43.700,2,2,-44.0,-3.0,0
43.700,2,2,-44.0,-3.0,0
43.800,2,2,-44.0,-3.0,0
43.800,2,2,-44.0,-3.0,0
43.800,2,2,-44.0,-3.0,0
43.900,2,2,-44.0,-3.0,0
43.900,2,2,-44.0,-3.0,0
43.900,2,2,-44.0,-3.0,0
43.900,2,2,-44.0,-3.0,0
44.000,2,2,-44.0,-3.0,0
44.000,2,2,-44.0,-3.0,0
44.000,2,2,-44.0,-3.0,0
44.000,2,2,-44.0,-3.0,0
44.100,2,2,-44.0,-3.0,0
44.100,2,2,-44.0,-3.0,0
44.100,2,2,-44.0,-3.0,0
44.200,2,2,-44.0,-2.0,0
44.200,2,2,-44.0,-2.0,0
44.200,2,2,-44.0,-2.0,0
44.200,2,2,-44.0,-2.0,0
44.300,2,2,-44.0,-2.0,0
44.300,2,2,-44.0,-2.0,0
44.300,2,2,-44.0,-2.0,0
44.400,2,2,-44.0,-2.0,0
44.400,2,2,-44.0,-2.0,0
44.400,2,2,-44.0,-2.0,0
44.400,2,2,-44.0,-2.0,0
44.500,2,2,-44.0,-2.0,0
44.500,2,2,-44.0,-2.0,0
44.500,2,2,-44.0,-2.0,0
44.600,0,2,0.0,-2.0,0
44.600,0,2,0.0,-2.0,0
44.600,0,2,0.0,-2.0,0
44.600,0,2,0.0,-2.0,0
44.700,0,2,0.0,-2.0,0
44.700,0,2,0.0,-2.0,0
44.700,0,2,0.0,-2.0,0
44.700,0,2,0.0,-2.0,0
44.800,0,2,0.0,-2.0,0
44.800,0,2,0.0,-2.0,0
44.800,0,2,0.0,-2.0,0
44.900,0,2,0.0,-2.0,0
44.900,0,2,0.0,-2.0,0
44.900,0,2,0.0,-2.0,0
44.900,0,2,0.0,-2.0,0
45.000,0,2,0.0,-2.0,0
45.000,0,2,0.0,-2.0,0
45.000,0,2,0.0,-2.0,0
45.100,0,2,0.0,-2.0,0
45.100,0,2,0.0,-2.0,0
45.100,0,2,0.0,-2.0,0
45.100,0,2,0.0,-2.0,0
45.200,0,2,0.0,-2.0,0
45.200,0,2,0.0,-2.0,0
45.200,0,2,0.0,-2.0,0
45.300,0,2,0.0,-2.0,0
45.300,0,2,0.0,-2.0,0
45.300,0,2,0.0,-2.0,0
45.300,0,2,0.0,-2.0,0
45.400,0,2,0.0,-2.0,0
45.400,0,2,0.0,-2.0,0
45.400,0,2,0.0,-2.0,0
45.500,0,2,0.0,-2.0,0
45.500,0,2,0.0,-2.0,0
45.500,0,2,0.0,-2.0,0
45.500,0,2,0.0,-2.0,0
45.600,0,2,0.0,-2.0,0
45.600,0,2,0.0,-2.0,0
45.600,0,2,0.0,-2.0,0
45.600,0,2,0.0,-2.0,0
45.700,0,2,0.0,-2.0,0
45.700,0,2,0.0,-2.0,0
45.700,0,2,0.0,-2.0,0
45.800,0,2,0.0,-2.0,0
45.800,0,2,0.0,-2.0,0
45.800,0,2,0.0,-2.0,0
45.800,0,2,0.0,-2.0,0
45.900,0,2,0.0,-2.0,0
45.900,0,2,0.0,-2.0,0
45.900,0,2,0.0,-2.0,0
46.000,0,2,0.0,-2.0,0
46.000,0,2,0.0,-2.0,0
46.000,0,2,0.0,-2.0,0
46.000,0,2,0.0,-2.0,0
46.100,0,2,0.0,-2.0,0
46.100,0,2,0.0,-2.0,0
46.100,0,2,0.0,-2.0,0
46.200,0,2,0.0,-2.0,0
46.200,0,2,0.0,-2.0,0
46.200,0,2,0.0,-2.0,0
46.200,0,2,0.0,-2.0,0
46.300,0,2,0.0,-2.0,0
46.300,0,2,0.0,-2.0,0
46.300,0,2,0.0,-2.0,0
46.300,0,2,0.0,-2.0,0
46.400,0,2,0.0,-2.0,0
46.400,0,2,0.0,-2.0,0
46.400,0,2,0.0,-2.0,0
46.500,0,2,0.0,-2.0,0
46.500,0,2,0.0,-2.0,0
46.500,0,2,0.0,-2.0,0
46.500,0,2,0.0,-2.0,0
46.600,0,2,0.0,-2.0,0
46.600,0,2,0.0,-2.0,0
46.600,0,2,0.0,-2.0,0
46.700,0,2,0.0,-2.0,0
46.700,0,2,0.0,-2.0,0
46.700,0,2,0.0,-2.0,0
46.700,0,2,0.0,-2.0,0
46.800,0,2,0.0,-2.0,0
46.800,0,2,0.0,-2.0,0
46.800,0,2,0.0,-2.0,0
46.900,0,2,0.0,-2.0,0
46.900,0,2,0.0,-2.0,0
46.900,0,2,0.0,-2.0,0
46.900,0,2,0.0,-2.0,0
47.000,0,2,0.0,-2.0,0
47.000,0,2,0.0,-2.0,0
47.000,0,2,0.0,-2.0,0
47.000,0,2,0.0,-2.0,0
47.100,0,2,0.0,-2.0,0
47.100,0,2,0.0,-2.0,0
47.100,0,2,0.0,-2.0,0
47.200,0,2,0.0,-2.0,0
47.200,0,2,0.0,-2.0,0
47.200,0,2,0.0,-2.0,0
47.200,0,2,0.0,-2.0,0
47.300,0,2,0.0,-2.0,0
47.300,0,2,0.0,-2.0,0
47.300,0,2,0.0,-2.0,0
47.400,0,2,0.0,-2.0,0
47.400,0,2,0.0,-2.0,0
47.400,0,2,0.0,-2.0,0
47.400,0,2,0.0,-2.0,0
47.500,0,2,0.0,-2.0,0
47.500,0,2,0.0,-2.0,0
47.500,0,2,0.0,-2.0,0
47.600,0,2,0.0,-2.0,0
47.600,0,2,0.0,-2.0,0
47.600,0,2,0.0,-2.0,0
47.600,0,2,0.0,-2.0,0
47.700,0,2,0.0,-2.0,0
47.700,0,2,0.0,-2.0,0
47.700,0,2,0.0,-2.0,0
47.700,0,2,0.0,-2.0,0
47.800,0,2,0.0,-2.0,0
47.800,0,2,0.0,-2.0,0
47.800,0,2,0.0,-2.0,0
47.900,0,2,0.0,-2.0,0
47.900,0,2,0.0,-2.0,0
47.900,0,2,0.0,-2.0,0
47.900,0,2,0.0,-2.0,0
48.000,0,2,0.0,-2.0,0
48.000,0,2,0.0,-2.0,0
48.000,0,2,0.0,-2.0,0
48.100,0,2,0.0,-2.0,0
48.100,0,2,0.0,-2.0,0
48.100,0,2,0.0,-2.0,0
48.100,0,2,0.0,-2.0,0
48.200,0,2,0.0,-2.0,0
48.200,0,2,0.0,-2.0,0
48.200,0,2,0.0,-2.0,0
48.300,0,2,0.0,-2.0,0
48.300,0,2,0.0,-2.0,0
48.300,0,2,0.0,-2.0,0
48.300,0,2,0.0,-2.0,0
48.400,0,2,0.0,-2.0,0
48.400,0,2,0.0,-2.0,0
48.400,0,2,0.0,-2.0,0
48.500,0,2,0.0,-2.0,0
48.500,0,2,0.0,-2.0,0
48.500,0,2,0.0,-2.0,0
48.500,0,2,0.0,-2.0,0
48.600,0,2,0.0,-2.0,0
48.600,0,2,0.0,-2.0,0
48.600,0,2,0.0,-2.0,0
48.600,0,2,0.0,-2.0,0
48.700,0,2,0.0,-2.0,0
48.700,0,2,0.0,-2.0,0
48.700,0,2,0.0,-2.0,0
48.800,0,2,0.0,-2.0,0
48.800,0,2,0.0,-2.0,0
48.800,0,2,0.0,-2.0,0
48.800,0,2,0.0,-2.0,0
48.900,0,2,0.0,-2.0,0
48.900,0,2,0.0,-2.0,0
48.900,0,2,0.0,-2.0,0
49.000,0,2,0.0,-2.0,0
49.000,0,2,0.0,-2.0,0
49.000,0,2,0.0,-2.0,0
49.000,0,2,0.0,-2.0,0
49.100,0,2,0.0,-2.0,0
49.100,0,2,0.0,-2.0,0
49.100,0,2,0.0,-2.0,0
49.200,0,2,0.0,-2.0,0
49.200,0,2,0.0,-2.0,0
49.200,0,2,0.0,-2.0,0
49.200,0,2,0.0,-2.0,0
49.300,0,2,0.0,-2.0,0
49.300,0,2,0.0,-2.0,0
49.300,0,2,0.0,-2.0,0
49.300,0,2,0.0,-2.0,0
49.400,0,2,0.0,-2.0,0
49.400,0,2,0.0,-2.0,0
49.400,0,2,0.0,-2.0,0
49.500,0,2,0.0,-2.0,0
49.500,0,2,0.0,-2.0,0
49.500,0,2,0.0,-2.0,0
49.500,0,2,0.0,-2.0,0
49.600,0,2,0.0,-2.0,0
49.600,0,2,0.0,-2.0,0
49.600,0,2,0.0,-2.0,0
49.700,0,2,0.0,-2.0,0
49.700,0,2,0.0,-2.0,0
49.700,0,2,0.0,-2.0,0
49.700,0,2,0.0,-2.0,0
49.800,0,2,0.0,-2.0,0
49.800,0,2,0.0,-2.0,0
49.800,0,2,0.0,-2.0,0
49.900,0,2,0.0,-2.0,0
49.900,0,2,0.0,-2.0,0
49.900,0,2,0.0,-2.0,0
49.900,0,2,0.0,-2.0,0
50.000,0,2,0.0,-2.0,0
50.000,0,2,0.0,-2.0,0
50.000,0,2,0.0,-2.0,0
50.000,0,2,0.0,-2.0,0
50.100,0,2,0.0,-2.0,0
50.100,0,2,0.0,-2.0,0
50.100,0,2,0.0,-2.0,0
50.200,0,2,0.0,-2.0,0
50.200,0,2,0.0,-2.0,0
50.200,0,2,0.0,-2.0,0
50.200,0,2,0.0,-2.0,0
50.300,0,2,0.0,-2.0,0
50.300,0,2,0.0,-2.0,0
50.300,0,2,0.0,-2.0,0
50.400,0,2,0.0,-2.0,0
50.400,0,2,0.0,-2.0,0
50.400,0,2,0.0,-2.0,0
50.400,0,2,0.0,-2.0,0
50.500,0,2,0.0,-2.0,0
50.500,0,2,0.0,-2.0,0
50.500,0,2,0.0,-2.0,0
50.600,0,2,0.0,-2.0,0
50.600,0,2,0.0,-2.0,0
50.600,0,2,0.0,-2.0,0
50.600,0,2,0.0,-2.0,0
50.700,0,2,0.0,-2.0,0
50.700,0,2,0.0,-2.0,0
50.700,0,2,0.0,-2.0,0
50.800,0,2,0.0,-2.0,0
50.800,0,2,0.0,-2.0,0
50.800,0,2,0.0,-2.0,0
50.800,0,2,0.0,-2.0,0
50.900,0,2,0.0,-2.0,0
50.900,0,2,0.0,-2.0,0
50.900,0,2,0.0,-2.0,0
50.900,0,2,0.0,-2.0,0
51.000,0,2,0.0,-2.0,0
51.000,0,2,0.0,-2.0,0
51.000,0,2,0.0,-2.0,0
51.100,0,2,0.0,-2.0,0
51.100,0,2,0.0,-2.0,0
51.100,0,2,0.0,-2.0,0
51.100,0,2,0.0,-2.0,0
51.200,0,2,0.0,-2.0,0
51.200,0,2,0.0,-2.0,0
51.200,0,2,0.0,-2.0,0
51.300,0,2,0.0,-2.0,0
51.300,0,2,0.0,-2.0,0
51.300,0,2,0.0,-2.0,0
51.300,0,2,0.0,-2.0,0
51.400,0,2,0.0,-2.0,0
51.400,0,2,0.0,-2.0,0
51.400,0,2,0.0,-2.0,0
51.500,0,2,0.0,-2.0,0
51.500,0,2,0.0,-2.0,0
51.500,0,2,0.0,-2.0,0
51.500,0,2,0.0,-2.0,0
51.600,0,2,0.0,-2.0,0
51.600,0,2,0.0,-2.0,0
51.600,0,2,0.0,-2.0,0
51.600,0,2,0.0,-2.0,0
51.700,0,2,0.0,-2.0,0
51.700,0,2,0.0,-2.0,0
51.700,0,2,0.0,-2.0,0
51.800,0,2,0.0,-2.0,0
51.800,0,2,0.0,-2.0,0
51.800,0,2,0.0,-2.0,0
51.800,0,2,0.0,-2.0,0
51.900,0,2,0.0,-2.0,0
51.900,0,2,0.0,-2.0,0
51.900,0,2,0.0,-2.0,0
52.000,0,2,0.0,-2.0,0
52.000,0,2,0.0,-2.0,0
52.000,0,2,0.0,-2.0,0
52.000,0,2,0.0,-2.0,0
52.100,0,2,0.0,-2.0,0
52.100,0,2,0.0,-2.0,0
52.100,0,2,0.0,-2.0,0
52.200,0,2,0.0,-2.0,0
52.200,0,2,0.0,-2.0,0
52.200,0,2,0.0,-2.0,0
52.200,0,2,0.0,-2.0,0
52.300,0,2,0.0,-2.0,0
52.300,0,2,0.0,-2.0,0
52.300,0,2,0.0,-2.0,0
52.400,0,2,0.0,-2.0,0
52.400,0,2,0.0,-2.0,0
52.400,0,2,0.0,-2.0,0
52.400,0,2,0.0,-2.0,0
52.500,0,2,0.0,-2.0,0
52.500,0,2,0.0,-2.0,0
52.500,0,2,0.0,-2.0,0
52.500,0,2,0.0,-2.0,0
52.600,0,2,0.0,-2.0,0
52.600,0,2,0.0,-2.0,0
52.600,0,2,0.0,-2.0,0
52.700,0,2,0.0,-2.0,0
52.700,0,2,0.0,-2.0,0
52.700,0,2,0.0,-2.0,0
52.700,0,2,0.0,-2.0,0
52.800,0,2,0.0,-2.0,0
52.800,0,2,0.0,-2.0,0
52.800,0,2,0.0,-2.0,0
52.900,0,2,0.0,-2.0,0
52.900,0,2,0.0,-2.0,0
52.900,0,2,0.0,-2.0,0
52.900,0,2,0.0,-2.0,0
53.000,0,2,0.0,-2.0,0
53.000,0,2,0.0,-2.0,0
53.000,0,2,0.0,-2.0,0
53.100,0,2,0.0,-2.0,0
53.100,0,2,0.0,-2.0,0
53.100,0,2,0.0,-2.0,0
53.100,0,2,0.0,-2.0,0
53.200,0,2,0.0,-2.0,0
53.200,0,2,0.0,-2.0,0
53.200,0,2,0.0,-2.0,0
53.200,0,2,0.0,-2.0,0
53.300,0,2,0.0,-2.0,0
53.300,0,2,0.0,-2.0,0
53.300,0,2,0.0,-2.0,0
53.400,0,2,0.0,-2.0,0
53.400,0,2,0.0,-2.0,0
53.400,0,2,0.0,-2.0,0
53.400,0,2,0.0,-2.0,0
53.500,0,2,0.0,-2.0,0
53.500,0,2,0.0,-2.0,0
53.500,0,2,0.0,-2.0,0
53.600,0,2,0.0,-2.0,0
53.600,0,2,0.0,-2.0,0
53.600,0,2,0.0,-2.0,0
53.600,0,2,0.0,-2.0,0
53.700,0,2,0.0,-2.0,0
53.700,0,2,0.0,-2.0,0
53.700,0,2,0.0,-2.0,0
53.800,0,2,0.0,-2.0,0
53.800,0,2,0.0,-2.0,0
53.800,0,2,0.0,-2.0,0
53.800,0,2,0.0,-2.0,0
53.900,0,2,0.0,-2.0,0
53.900,0,2,0.0,-2.0,0
53.900,0,2,0.0,-2.0,0
53.900,0,2,0.0,-2.0,0
54.000,0,2,0.0,-2.0,0
54.000,0,2,0.0,-2.0,0
54.000,0,2,0.0,-2.0,0
54.100,0,2,0.0,-2.0,0
54.100,0,2,0.0,-2.0,0
54.100,0,2,0.0,-2.0,0
54.100,0,2,0.0,-2.0,0
54.200,0,2,0.0,-2.0,0
54.200,0,2,0.0,-2.0,0
54.200,0,2,0.0,-2.0,0
54.300,0,2,0.0,-2.0,0
54.300,0,2,0.0,-2.0,0
54.300,0,2,0.0,-2.0,0
54.300,0,2,0.0,-2.0,0
54.400,0,2,0.0,-2.0,0
54.400,0,2,0.0,-2.0,0
54.400,0,2,0.0,-2.0,0
54.500,0,2,0.0,-2.0,0
54.500,0,2,0.0,-2.0,0
54.500,0,2,0.0,-2.0,0
54.500,0,2,0.0,-2.0,0
54.600,0,2,0.0,-2.0,0
54.600,0,2,0.0,-2.0,0
54.600,0,2,0.0,-2.0,0
54.700,0,2,0.0,-2.0,0
54.700,0,2,0.0,-2.0,0
54.700,0,2,0.0,-2.0,0
54.700,0,2,0.0,-2.0,0
54.800,0,2,0.0,-2.0,0
54.800,0,2,0.0,-2.0,0
54.800,0,2,0.0,-2.0,0
54.800,0,2,0.0,-2.0,0
54.900,0,2,0.0,-2.0,0
54.900,0,2,0.0,-2.0,0
54.900,0,2,0.0,-2.0,0
55.000,0,2,0.0,-2.0,0
55.000,0,2,0.0,-2.0,0
55.000,0,2,0.0,-2.0,0
55.000,0,2,0.0,-2.0,0
55.100,0,2,0.0,-2.0,0
55.100,0,2,0.0,-2.0,0
55.100,0,2,0.0,-2.0,0
55.200,0,2,0.0,-2.0,0
55.200,0,2,0.0,-2.0,0
55.200,0,2,0.0,-2.0,0
55.200,0,2,0.0,-2.0,0
55.300,0,2,0.0,-2.0,0
55.300,0,2,0.0,-2.0,0
55.300,0,2,0.0,-2.0,0
55.400,0,2,0.0,-2.0,0
55.400,0,2,0.0,-2.0,0
55.400,0,2,0.0,-2.0,0
55.400,0,2,0.0,-2.0,0
55.500,0,2,0.0,-2.0,0
55.500,0,2,0.0,-2.0,0
55.500,0,2,0.0,-2.0,0
55.500,0,2,0.0,-2.0,0
55.600,0,2,0.0,-2.0,0
55.600,0,2,0.0,-2.0,0
55.600,0,2,0.0,-2.0,0
55.700,0,2,0.0,-2.0,0
55.700,0,2,0.0,-2.0,0
55.700,0,2,0.0,-2.0,0
55.700,0,2,0.0,-2.0,0
55.800,0,2,0.0,-2.0,0
55.800,0,2,0.0,-2.0,0
55.800,0,2,0.0,-2.0,0
55.900,0,2,0.0,-2.0,0
55.900,0,2,0.0,-2.0,0
55.900,0,2,0.0,-2.0,0
55.900,0,2,0.0,-2.0,0
56.000,0,2,0.0,-2.0,0
56.000,0,2,0.0,-2.0,0
56.000,0,2,0.0,-2.0,0
56.100,0,2,0.0,-2.0,0
56.100,0,2,0.0,-2.0,0
56.100,0,2,0.0,-2.0,0
56.100,0,2,0.0,-2.0,0
56.200,0,2,0.0,-2.0,0
56.200,0,2,0.0,-2.0,0
56.200,0,2,0.0,-2.0,0
56.200,0,2,0.0,-2.0,0
56.300,0,2,0.0,-2.0,0
56.300,0,2,0.0,-2.0,0
56.300,0,2,0.0,-2.0,0
56.400,0,2,0.0,-2.0,0
56.400,0,2,0.0,-2.0,0
56.400,0,2,0.0,-2.0,0
56.400,0,2,0.0,-2.0,0
56.500,0,2,0.0,-2.0,0
56.500,0,2,0.0,-2.0,0
56.500,0,2,0.0,-2.0,0
56.600,0,2,0.0,-2.0,0
56.600,0,2,0.0,-2.0,0
56.600,0,2,0.0,-2.0,0
56.600,0,2,0.0,-2.0,0
56.700,0,2,0.0,-2.0,0
56.700,0,2,0.0,-2.0,0
56.700,0,2,0.0,-2.0,0
56.800,0,2,0.0,-2.0,0
56.800,0,2,0.0,-2.0,0
56.800,0,2,0.0,-2.0,0
56.800,0,2,0.0,-2.0,0
56.900,0,2,0.0,-2.0,0
56.900,0,2,0.0,-2.0,0
56.900,0,2,0.0,-2.0,0
57.000,0,2,0.0,-2.0,0
57.000,0,2,0.0,-2.0,0
57.000,0,2,0.0,-2.0,0
57.000,0,2,0.0,-2.0,0
57.100,0,2,0.0,-2.0,0
57.100,0,2,0.0,-2.0,0
57.100,0,2,0.0,-2.0,0
57.100,0,2,0.0,-2.0,0
57.200,0,2,0.0,-2.0,0
57.200,0,2,0.0,-2.0,0
57.200,0,2,0.0,-2.0,0
57.300,0,2,0.0,-2.0,0
57.300,0,2,0.0,-2.0,0
57.300,0,2,0.0,-2.0,0
57.300,0,2,0.0,-2.0,0
57.400,0,2,0.0,-2.0,0
57.400,0,2,0.0,-2.0,0
57.400,0,2,0.0,-2.0,0
57.500,0,2,0.0,-2.0,0
57.500,0,2,0.0,-2.0,0
57.500,0,2,0.0,-2.0,0
57.500,0,2,0.0,-2.0,0
57.600,0,2,0.0,-2.0,0
57.600,0,2,0.0,-2.0,0
57.600,0,2,0.0,-2.0,0
57.700,0,2,0.0,-2.0,0
57.700,0,2,0.0,-2.0,0
57.700,0,2,0.0,-2.0,0
57.700,0,2,0.0,-2.0,0
57.800,0,2,0.0,-2.0,0
57.800,0,2,0.0,-2.0,0
57.800,0,2,0.0,-2.0,0
57.800,0,2,0.0,-2.0,0
57.900,0,2,0.0,-2.0,0
57.900,0,2,0.0,-2.0,0
57.900,0,2,0.0,-2.0,0
58.000,0,2,0.0,-2.0,0
58.000,0,2,0.0,-2.0,0
58.000,0,2,0.0,-2.0,0
58.000,0,2,0.0,-2.0,0
58.100,0,2,0.0,-2.0,0
58.100,0,2,0.0,-2.0,0
58.100,0,2,0.0,-2.0,0
58.200,0,2,0.0,-2.0,0
58.200,0,2,0.0,-2.0,0
58.200,0,2,0.0,-2.0,0
58.200,0,2,0.0,-2.0,0
58.300,0,2,0.0,-2.0,0
58.300,0,2,0.0,-2.0,0
58.300,0,2,0.0,-2.0,0
58.400,0,2,0.0,-2.0,0
58.400,0,2,0.0,-2.0,0
58.400,0,2,0.0,-2.0,0
58.400,0,2,0.0,-2.0,0
58.500,0,2,0.0,-2.0,0
58.500,0,2,0.0,-2.0,0
58.500,0,2,0.0,-2.0,0
58.500,0,2,0.0,-2.0,0
58.600,0,2,0.0,-2.0,0
58.600,0,2,0.0,-2.0,0
58.600,0,2,0.0,-2.0,0
58.700,0,2,0.0,-2.0,0
58.700,0,2,0.0,-2.0,0
58.700,0,2,0.0,-2.0,0
58.700,0,2,0.0,-2.0,0
58.800,0,2,0.0,-2.0,0
58.800,0,2,0.0,-2.0,0
58.800,0,2,0.0,-2.0,0
58.900,0,2,0.0,-2.0,0
58.900,0,2,0.0,-2.0,0
58.900,0,2,0.0,-2.0,0
58.900,0,2,0.0,-2.0,0
59.000,0,2,0.0,-2.0,0
59.000,0,2,0.0,-2.0,0
59.000,0,2,0.0,-2.0,0
59.100,0,2,0.0,-2.0,0
59.100,0,2,0.0,-2.0,0
59.100,0,2,0.0,-2.0,0
59.100,0,2,0.0,-2.0,0
59.200,0,2,0.0,-2.0,0
59.200,0,2,0.0,-2.0,0
59.200,0,2,0.0,-2.0,0
59.300,0,2,0.0,-2.0,0
59.300,0,2,0.0,-2.0,0
59.300,0,2,0.0,-2.0,0
59.300,0,2,0.0,-2.0,0
59.400,0,2,0.0,-2.0,0
59.400,0,2,0.0,-2.0,0
59.400,0,2,0.0,-2.0,0
59.400,0,2,0.0,-2.0,0
59.500,0,2,0.0,-2.0,0
59.500,0,2,0.0,-2.0,0
59.500,0,2,0.0,-2.0,0
59.600,0,2,0.0,-2.0,0
59.600,0,2,0.0,-2.0,0
59.600,0,2,0.0,-2.0,0
59.600,0,2,0.0,-2.0,0
59.700,0,2,0.0,-2.0,0
59.700,0,2,0.0,-2.0,0
59.700,0,2,0.0,-2.0,0
59.800,0,2,0.0,-2.0,0
59.800,0,2,0.0,-2.0,0
59.800,0,2,0.0,-2.0,0
59.800,0,2,0.0,-2.0,0
59.900,0,2,0.0,-2.0,0
59.900,0,2,0.0,-2.0,0
59.900,0,2,0.0,-2.0,0
60.000,0,2,0.0,-2.0,0
60.000,0,2,0.0,-2.0,0
60.000,0,2,0.0,-2.0,0
60.000,0,2,0.0,-2.0,0
60.100,0,2,0.0,-2.0,0
60.100,0,2,0.0,-2.0,0
60.100,0,2,0.0,-2.0,0
60.100,0,2,0.0,-2.0,0
60.200,0,2,0.0,-2.0,0
60.200,0,2,0.0,-2.0,0
60.200,0,2,0.0,-2.0,0
60.300,0,2,0.0,-2.0,0
60.300,0,2,0.0,-2.0,0
60.300,0,2,0.0,-2.0,0
60.300,0,2,0.0,-2.0,0
60.400,0,2,0.0,-2.0,0
60.400,0,2,0.0,-2.0,0
60.400,0,2,0.0,-2.0,0
60.500,0,2,0.0,-2.0,0
60.500,0,2,0.0,-2.0,0
60.500,0,2,0.0,-2.0,0
60.500,0,2,0.0,-2.0,0
60.600,0,2,0.0,-2.0,0
60.600,0,2,0.0,-2.0,0
60.600,0,2,0.0,-2.0,0
60.700,0,2,0.0,-2.0,0
60.700,0,2,0.0,-2.0,0
60.700,0,2,0.0,-2.0,0
60.700,0,2,0.0,-2.0,0
60.800,0,2,0.0,-2.0,0
60.800,0,2,0.0,-2.0,0
60.800,0,2,0.0,-2.0,0
60.900,0,2,0.0,-2.0,0
60.900,0,2,0.0,-2.0,0
60.900,0,2,0.0,-2.0,0
60.900,0,2,0.0,-2.0,0
61.000,0,2,0.0,-2.0,0
61.000,0,2,0.0,-2.0,0
61.000,0,2,0.0,-2.0,0
61.000,0,2,0.0,-2.0,0
61.100,0,2,0.0,-2.0,0
61.100,0,2,0.0,-2.0,0
61.100,0,2,0.0,-2.0,0
61.200,0,2,0.0,-2.0,0
61.200,0,2,0.0,-2.0,0
61.200,0,2,0.0,-2.0,0
61.200,0,2,0.0,-2.0,0
61.300,0,2,0.0,-2.0,0
61.300,0,2,0.0,-2.0,0
61.300,0,2,0.0,-2.0,0
61.400,0,2,0.0,-2.0,0
61.400,0,2,0.0,-2.0,0
61.400,0,2,0.0,-2.0,0
61.400,0,2,0.0,-2.0,0
61.500,0,2,0.0,-2.0,0
61.500,0,2,0.0,-2.0,0
61.500,0,2,0.0,-2.0,0
61.600,0,2,0.0,-2.0,0
61.600,0,2,0.0,-2.0,0
61.600,0,2,0.0,-2.0,0
61.600,0,2,0.0,-2.0,0
61.700,0,2,0.0,-2.0,0
61.700,0,2,0.0,-2.0,0
61.700,0,2,0.0,-2.0,0
61.700,0,2,0.0,-2.0,0
61.800,0,2,0.0,-2.0,0
61.800,0,2,0.0,-2.0,0
61.800,0,2,0.0,-2.0,0
61.900,0,2,0.0,-2.0,0
61.900,0,2,0.0,-2.0,0
61.900,0,2,0.0,-2.0,0
61.900,0,2,0.0,-2.0,0
62.000,1,2,57.0,-2.0,0
62.000,1,2,57.0,-2.0,0
62.000,1,2,57.0,-2.0,0
62.100,1,0,57.0,0.0,0
62.100,1,0,57.0,0.0,0
62.100,1,0,57.0,0.0,0
62.100,1,0,57.0,0.0,0
62.200,1,0,57.0,0.0,0
62.200,1,0,57.0,0.0,0
62.200,1,0,57.0,0.0,0
62.300,1,0,57.0,0.0,0
62.300,1,0,57.0,0.0,0
62.300,1,0,57.0,0.0,0
62.300,1,0,57.0,0.0,0
62.400,1,0,57.0,0.0,0
62.400,1,0,57.0,0.0,0
62.400,1,0,57.0,0.0,0
62.400,1,0,57.0,0.0,0
62.500,1,0,57.0,0.0,0
62.500,1,0,57.0,0.0,0
62.500,1,0,57.0,0.0,0
62.600,1,0,57.0,0.0,0
62.600,1,0,57.0,0.0,0
62.600,1,0,57.0,0.0,0
62.600,1,0,57.0,0.0,0
62.700,1,0,57.0,0.0,0
62.700,1,0,57.0,0.0,0
62.700,1,0,57.0,0.0,0
62.800,1,0,57.0,0.0,0
62.800,1,0,57.0,0.0,0
62.800,1,0,57.0,0.0,0
62.800,1,0,57.0,0.0,0
62.900,1,0,57.0,0.0,0
62.900,1,0,57.0,0.0,0
62.900,1,0,57.0,0.0,0
63.000,1,0,57.0,0.0,0
63.000,1,0,57.0,0.0,0
63.000,1,0,57.0,0.0,0
63.000,1,0,57.0,0.0,0
63.100,1,0,57.0,0.0,0
63.100,1,0,57.0,0.0,0
63.100,1,0,57.0,0.0,0
63.200,1,0,57.0,0.0,0
63.200,1,0,57.0,0.0,0
63.200,1,0,57.0,0.0,0
63.200,1,0,57.0,0.0,0
63.300,1,0,57.0,0.0,0
63.300,1,0,57.0,0.0,0
63.300,1,0,57.0,0.0,0
63.300,1,0,57.0,0.0,0
63.400,1,0,57.0,0.0,0
63.400,1,0,57.0,0.0,0
63.400,1,0,57.0,0.0,0
63.500,1,0,57.0,0.0,0
63.500,1,0,57.0,0.0,0
63.500,1,0,57.0,0.0,0
63.500,1,0,57.0,0.0,0
63.600,1,0,57.0,0.0,0
63.600,1,0,57.0,0.0,0
63.600,1,0,57.0,0.0,0
63.700,1,0,57.0,0.0,0
63.700,1,0,57.0,0.0,0
63.700,1,0,57.0,0.0,0
63.700,1,0,57.0,0.0,0
63.800,1,0,57.0,0.0,0
63.800,1,0,57.0,0.0,0
63.800,1,0,57.0,0.0,0
63.900,1,0,57.0,0.0,0
63.900,1,0,57.0,0.0,0
63.900,1,0,57.0,0.0,0
63.900,1,0,57.0,0.0,0
64.000,1,0,57.0,0.0,0
64.000,1,0,57.0,0.0,0
64.000,1,0,57.0,0.0,0
64.000,1,0,57.0,0.0,0
64.100,1,0,57.0,0.0,0
64.100,1,0,57.0,0.0,0
64.100,1,0,57.0,0.0,0
64.200,1,0,57.0,0.0,0
64.200,1,0,57.0,0.0,0
64.200,1,0,57.0,0.0,0
64.200,1,0,57.0,0.0,0
64.300,1,0,57.0,0.0,0
64.300,1,0,57.0,0.0,0
64.300,1,0,57.0,0.0,0
64.400,1,0,57.0,0.0,0
64.400,1,0,57.0,0.0,0
64.400,1,0,57.0,0.0,0
64.400,1,0,57.0,0.0,0
64.500,1,0,57.0,0.0,0
64.500,1,0,57.0,0.0,0
64.500,1,0,57.0,0.0,0
64.600,1,0,57.0,0.0,0
64.600,1,0,57.0,0.0,0
64.600,1,0,57.0,0.0,0
64.600,1,0,57.0,0.0,0
64.700,1,0,57.0,0.0,0
64.700,1,0,57.0,0.0,0
64.700,1,0,57.0,0.0,0
64.700,1,0,57.0,0.0,0
64.800,1,0,57.0,0.0,0
64.800,1,0,57.0,0.0,0
64.800,1,0,57.0,0.0,0
64.900,1,0,57.0,0.0,0
64.900,1,0,57.0,0.0,0
64.900,1,0,57.0,0.0,0
64.900,1,0,57.0,0.0,0
65.000,1,0,57.0,0.0,0
65.000,1,0,57.0,0.0,0
65.000,1,0,57.0,0.0,0
65.100,1,0,57.0,0.0,0
65.100,1,0,57.0,0.0,0
65.100,1,0,57.0,0.0,0
65.100,1,0,57.0,0.0,0
65.200,1,0,57.0,0.0,0
65.200,1,0,57.0,0.0,0
65.200,1,0,57.0,0.0,0
65.300,1,0,57.0,0.0,0
65.300,1,0,57.0,0.0,0
65.300,1,0,57.0,0.0,0
65.300,1,0,57.0,0.0,0
65.400,1,0,57.0,0.0,0
65.400,1,0,57.0,0.0,0
65.400,1,0,57.0,0.0,0
65.400,1,0,57.0,0.0,0
65.500,1,0,57.0,0.0,0
65.500,1,0,57.0,0.0,0
65.500,1,0,57.0,0.0,0
65.600,1,0,57.0,0.0,0
65.600,1,0,57.0,0.0,0
65.600,1,0,57.0,0.0,0
65.600,1,0,57.0,0.0,0
65.700,1,0,57.0,0.0,0
65.700,1,0,57.0,0.0,0
65.700,1,0,57.0,0.0,0
65.800,1,0,57.0,0.0,0
65.800,1,0,57.0,0.0,0
65.800,1,0,57.0,0.0,0
65.800,1,0,57.0,0.0,0
65.900,1,0,57.0,0.0,0
65.900,1,0,57.0,0.0,0
65.900,1,0,57.0,0.0,0
66.000,1,0,57.0,0.0,0
66.000,1,0,57.0,0.0,0
66.000,1,0,57.0,0.0,0
66.000,1,0,57.0,0.0,0
66.100,1,0,57.0,0.0,0
66.100,1,0,57.0,0.0,0
66.100,1,0,57.0,0.0,0
66.200,1,0,57.0,0.0,0
66.200,1,0,57.0,0.0,0
66.200,1,0,57.0,0.0,0
66.200,1,0,57.0,0.0,0
66.300,1,0,57.0,0.0,0
66.300,1,0,57.0,0.0,0
66.300,1,0,57.0,0.0,0
66.300,1,0,57.0,0.0,0
66.400,1,0,57.0,0.0,0
66.400,1,0,57.0,0.0,0
66.400,1,0,57.0,0.0,0
66.500,1,0,57.0,0.0,0
66.500,1,0,57.0,0.0,0
66.500,1,0,57.0,0.0,0
66.500,1,0,57.0,0.0,0
66.600,1,0,57.0,0.0,0
66.600,1,0,57.0,0.0,0
66.600,1,0,57.0,0.0,0
66.700,1,0,57.0,0.0,0
66.700,1,0,57.0,0.0,0
66.700,1,0,57.0,0.0,0
66.700,1,0,57.0,0.0,0
66.800,1,0,57.0,0.0,0
66.800,1,0,57.0,0.0,0
66.800,1,0,57.0,0.0,0
66.900,1,0,57.0,0.0,0
66.900,1,0,57.0,0.0,0
66.900,1,0,57.0,0.0,0
66.900,1,0,57.0,0.0,0
67.000,1,0,57.0,0.0,0
67.000,1,0,57.0,0.0,0
67.000,1,0,57.0,0.0,0
67.000,1,0,57.0,0.0,0
67.100,1,0,57.0,0.0,0
67.100,1,0,57.0,0.0,0
67.100,1,0,57.0,0.0,0
67.200,1,0,57.0,0.0,0
67.200,1,0,57.0,0.0,0
67.200,1,0,57.0,0.0,0
67.200,1,0,57.0,0.0,0
67.300,1,0,57.0,0.0,0
67.300,1,0,57.0,0.0,0
67.300,1,0,57.0,0.0,0
67.400,1,0,57.0,0.0,0
67.400,1,0,57.0,0.0,0
67.400,1,0,57.0,0.0,0
67.400,1,0,57.0,0.0,0
67.500,1,0,57.0,0.0,0
67.500,1,0,57.0,0.0,0
67.500,1,0,57.0,0.0,0
67.600,1,0,57.0,0.0,0
67.600,1,0,57.0,0.0,0
67.600,1,0,57.0,0.0,0
67.600,1,0,57.0,0.0,0
67.700,1,0,57.0,0.0,0
67.700,1,0,57.0,0.0,0
67.700,1,0,57.0,0.0,0
67.700,1,0,57.0,0.0,0
67.800,1,0,57.0,0.0,0
67.800,1,0,57.0,0.0,0
67.800,1,0,57.0,0.0,0
67.900,1,0,57.0,0.0,0
67.900,1,0,57.0,0.0,0
67.900,1,0,57.0,0.0,0
67.900,1,0,57.0,0.0,0
68.000,1,0,57.0,0.0,0
68.000,1,0,57.0,0.0,0
68.000,1,0,57.0,0.0,0
68.100,1,0,57.0,0.0,0
68.100,1,0,57.0,0.0,0
68.100,1,0,57.0,0.0,0
68.100,1,0,57.0,0.0,0
68.200,1,0,57.0,0.0,0
68.200,1,0,57.0,0.0,0
68.200,1,0,57.0,0.0,0
68.300,1,0,57.0,0.0,0
68.300,1,0,57.0,0.0,0
68.300,1,0,57.0,0.0,0
68.300,1,0,57.0,0.0,0
68.400,1,0,57.0,0.0,0
68.400,1,0,57.0,0.0,0
68.400,1,0,57.0,0.0,0
68.500,1,0,57.0,0.0,0
68.500,1,0,57.0,0.0,0
68.500,1,0,57.0,0.0,0
68.500,1,0,57.0,0.0,0
68.600,1,0,57.0,0.0,0
68.600,1,0,57.0,0.0,0
68.600,1,0,57.0,0.0,0
68.600,1,0,57.0,0.0,0
68.700,1,0,57.0,0.0,0
68.700,1,0,57.0,0.0,0
68.700,1,0,57.0,0.0,0
68.800,1,0,57.0,0.0,0
68.800,1,0,57.0,0.0,0
68.800,1,0,57.0,0.0,0
68.800,1,0,57.0,0.0,0
68.900,1,0,57.0,0.0,0
68.900,1,0,57.0,0.0,0
68.900,1,0,57.0,0.0,0
69.000,1,0,57.0,0.0,0
69.000,1,0,57.0,0.0,0
69.000,1,0,57.0,0.0,0
69.000,1,0,57.0,0.0,0
69.100,1,0,57.0,0.0,0
69.100,1,0,57.0,0.0,0
69.100,1,0,57.0,0.0,0
69.200,1,0,57.0,0.0,0
69.200,1,0,57.0,0.0,0
69.200,1,0,57.0,0.0,0
69.200,1,0,57.0,0.0,0
69.300,1,0,57.0,0.0,0
69.300,1,0,57.0,0.0,0
69.300,1,0,57.0,0.0,0
69.300,1,0,57.0,0.0,0
69.400,1,0,57.0,0.0,0
69.400,1,0,57.0,0.0,0
69.400,1,0,57.0,0.0,0
69.500,1,0,57.0,0.0,0
69.500,1,0,57.0,0.0,0
69.500,1,0,57.0,0.0,0
69.500,1,0,57.0,0.0,0
69.600,1,0,57.0,0.0,0
69.600,1,0,57.0,0.0,0
69.600,1,0,57.0,0.0,0
69.700,1,0,57.0,0.0,0
69.700,1,0,57.0,0.0,0
69.700,1,0,57.0,0.0,0
69.700,1,0,57.0,0.0,0
69.800,1,0,57.0,0.0,0
69.800,1,0,57.0,0.0,0
69.800,1,0,57.0,0.0,0
69.900,1,0,57.0,0.0,0
69.900,1,0,57.0,0.0,0
69.900,1,0,57.0,0.0,0
69.900,1,0,57.0,0.0,0
70.000,1,0,57.0,0.0,0
70.000,1,0,57.0,0.0,0
70.000,1,0,57.0,0.0,0
70.000,1,0,57.0,0.0,0
70.100,1,0,57.0,0.0,0
70.100,1,0,57.0,0.0,0
70.100,1,0,57.0,0.0,0
70.200,1,0,57.0,0.0,0
70.200,1,0,57.0,0.0,0
70.200,1,0,57.0,0.0,0
70.200,1,0,57.0,0.0,0
70.300,1,0,57.0,0.0,0
70.300,1,0,57.0,0.0,0
70.300,1,0,57.0,0.0,0
70.400,1,0,57.0,0.0,0
70.400,1,0,57.0,0.0,0
70.400,1,0,57.0,0.0,0
70.400,1,0,57.0,0.0,0
70.500,1,0,57.0,0.0,0
70.500,1,0,57.0,0.0,0
70.500,1,0,57.0,0.0,0
70.600,1,0,57.0,0.0,0
70.600,1,0,57.0,0.0,0
70.600,1,0,57.0,0.0,0
70.600,1,0,57.0,0.0,0
70.700,1,0,57.0,0.0,0
70.700,1,0,57.0,0.0,0
70.700,1,0,57.0,0.0,0
70.800,1,0,57.0,0.0,0
70.800,1,0,57.0,0.0,0
70.800,1,0,57.0,0.0,0
70.800,1,0,57.0,0.0,0
70.900,1,0,57.0,0.0,0
70.900,1,0,57.0,0.0,0
70.900,1,0,57.0,0.0,0
70.900,1,0,57.0,0.0,0
71.000,1,0,57.0,0.0,0
71.000,1,0,57.0,0.0,0
71.000,1,0,57.0,0.0,0
71.100,1,0,57.0,0.0,0
71.100,1,0,57.0,0.0,0
71.100,1,0,57.0,0.0,0
71.100,1,0,57.0,0.0,0
71.200,1,0,57.0,0.0,0
71.200,1,0,57.0,0.0,0
71.200,1,0,57.0,0.0,0
71.300,1,0,57.0,0.0,0
71.300,1,0,57.0,0.0,0
71.300,1,0,57.0,0.0,0
71.300,1,0,57.0,0.0,0
71.400,1,0,57.0,0.0,0
71.400,1,0,57.0,0.0,0
71.400,1,0,57.0,0.0,0
71.500,1,0,57.0,0.0,0
71.500,1,0,57.0,0.0,0
71.500,1,0,57.0,0.0,0
71.500,1,0,57.0,0.0,0
71.600,1,0,57.0,0.0,0
71.600,1,0,57.0,0.0,0
71.600,1,0,57.0,0.0,0
71.600,1,0,57.0,0.0,0
71.700,1,0,57.0,0.0,0
71.700,1,0,57.0,0.0,0
71.700,1,0,57.0,0.0,0
71.800,1,0,57.0,0.0,0
71.800,1,0,57.0,0.0,0
71.800,1,0,57.0,0.0,0
71.800,1,0,57.0,0.0,0
71.900,1,1,57.0,5.0,0
71.900,1,1,57.0,5.0,0
71.900,1,1,57.0,5.0,0
72.000,1,1,57.0,5.0,0
72.000,1,1,57.0,5.0,0
72.000,1,1,57.0,5.0,0
72.000,1,1,57.0,5.0,0
72.100,0,1,0.0,5.0,0
72.100,0,1,0.0,5.0,0
72.100,0,1,0.0,5.0,0
72.200,0,1,0.0,5.0,0
72.200,0,1,0.0,5.0,0
72.200,0,1,0.0,5.0,0
72.200,0,1,0.0,5.0,0
72.300,0,1,0.0,5.0,0
72.300,0,1,0.0,5.0,0
72.300,0,1,0.0,5.0,0
72.400,0,1,0.0,5.0,0
72.400,0,1,0.0,5.0,0
72.400,0,1,0.0,5.0,0
72.400,0,1,0.0,5.0,0
72.500,0,1,0.0,5.0,0
72.500,0,1,0.0,5.0,0
72.500,0,1,0.0,5.0,0
72.500,0,1,0.0,5.0,0
72.600,0,1,0.0,5.0,0
72.600,0,1,0.0,5.0,0
72.600,0,1,0.0,5.0,0
72.700,0,1,0.0,5.0,0
72.700,0,1,0.0,5.0,0
72.700,0,1,0.0,5.0,0
72.700,0,1,0.0,5.0,0
72.800,0,1,0.0,5.0,0
72.800,0,1,0.0,5.0,0
72.800,0,1,0.0,5.0,0
72.900,0,1,0.0,5.0,0
72.900,0,1,0.0,5.0,0
72.900,0,1,0.0,5.0,0
72.900,0,1,0.0,5.0,0
73.000,0,1,0.0,5.0,0
73.000,0,1,0.0,5.0,0
73.000,0,1,0.0,5.0,0
73.100,0,1,0.0,5.0,0
73.100,0,1,0.0,5.0,0
73.100,0,1,0.0,5.0,0
73.100,0,1,0.0,5.0,0
73.200,0,1,0.0,5.0,0
73.200,0,1,0.0,5.0,0
73.200,0,1,0.0,5.0,0
73.200,0,1,0.0,5.0,0
73.300,0,1,0.0,5.0,0
73.300,0,1,0.0,5.0,0
73.300,0,1,0.0,5.0,0
73.400,0,1,0.0,5.0,0
73.400,0,1,0.0,5.0,0
73.400,0,1,0.0,5.0,0
73.400,0,1,0.0,5.0,0
73.500,0,1,0.0,5.0,0
73.500,0,1,0.0,5.0,0
73.500,0,1,0.0,5.0,0
73.600,0,1,0.0,5.0,0
73.600,0,1,0.0,5.0,0
73.600,0,1,0.0,5.0,0
73.600,0,1,0.0,5.0,0
73.700,0,1,0.0,5.0,0
73.700,0,1,0.0,5.0,0
73.700,0,1,0.0,5.0,0
73.800,0,1,0.0,5.0,0
73.800,0,1,0.0,5.0,0
73.800,0,1,0.0,5.0,0
73.800,0,1,0.0,5.0,0
73.900,0,1,0.0,5.0,0
73.900,0,1,0.0,5.0,0
73.900,0,1,0.0,5.0,0
73.900,0,1,0.0,5.0,0
74.000,0,1,0.0,5.0,0
74.000,0,1,0.0,5.0,0
74.000,0,1,0.0,5.0,0
74.100,0,1,0.0,5.0,0
74.100,0,1,0.0,5.0,0
74.100,0,1,0.0,5.0,0
74.100,0,1,0.0,5.0,0
74.200,0,1,0.0,5.0,0
74.200,0,1,0.0,5.0,0
74.200,0,1,0.0,5.0,0
74.300,0,1,0.0,5.0,0
74.300,0,1,0.0,5.0,0
74.300,0,1,0.0,5.0,0
74.300,0,1,0.0,5.0,0
74.400,0,1,0.0,5.0,0
74.400,0,1,0.0,5.0,0
74.400,0,1,0.0,5.0,0
74.500,0,1,0.0,5.0,0
74.500,0,1,0.0,5.0,0
74.500,0,1,0.0,5.0,0
74.500,0,1,0.0,5.0,0
74.600,0,1,0.0,5.0,0
74.600,0,1,0.0,5.0,0
74.600,0,1,0.0,5.0,0
74.700,0,1,0.0,5.0,0
74.700,0,1,0.0,5.0,0
74.700,0,1,0.0,5.0,0
74.700,0,1,0.0,5.0,0
74.800,0,1,0.0,5.0,0
74.800,0,1,0.0,5.0,0
74.800,0,1,0.0,5.0,0
74.800,0,1,0.0,5.0,0
74.900,0,1,0.0,5.0,0
74.900,0,1,0.0,5.0,0
74.900,0,1,0.0,5.0,0
75.000,0,1,0.0,5.0,0
75.000,0,1,0.0,5.0,0
75.000,0,1,0.0,5.0,0
75.000,0,1,0.0,5.0,0
75.100,0,1,0.0,5.0,0
75.100,0,1,0.0,5.0,0
75.100,0,1,0.0,5.0,0
75.200,0,1,0.0,5.0,0
75.200,0,1,0.0,5.0,0
75.200,0,1,0.0,5.0,0
75.200,0,1,0.0,5.0,0
75.300,0,1,0.0,5.0,0
75.300,0,1,0.0,5.0,0
75.300,0,1,0.0,5.0,0
75.400,0,1,0.0,5.0,0
75.400,0,1,0.0,5.0,0
75.400,0,1,0.0,5.0,0
75.400,0,1,0.0,5.0,0
75.500,0,1,0.0,5.0,0
75.500,0,1,0.0,5.0,0
75.500,0,1,0.0,5.0,0
75.500,0,1,0.0,5.0,0
75.600,0,1,0.0,5.0,0
75.600,0,1,0.0,5.0,0
75.600,0,1,0.0,5.0,0
75.700,0,1,0.0,5.0,0
75.700,0,1,0.0,5.0,0
75.700,0,1,0.0,5.0,0
75.700,0,1,0.0,5.0,0
75.800,0,1,0.0,5.0,0
75.800,0,1,0.0,5.0,0
75.800,0,1,0.0,5.0,0
75.900,0,1,0.0,5.0,0
75.900,0,1,0.0,5.0,0
75.900,0,1,0.0,5.0,0
75.900,0,1,0.0,5.0,0
76.000,0,1,0.0,5.0,0
76.000,0,1,0.0,5.0,0
76.000,0,1,0.0,5.0,0
76.100,0,1,0.0,5.0,0
76.100,0,1,0.0,5.0,0
76.100,0,1,0.0,5.0,0
76.100,0,1,0.0,5.0,0
76.200,0,1,0.0,5.0,0
76.200,0,1,0.0,5.0,0
76.200,0,1,0.0,5.0,0
76.300,0,1,0.0,5.0,0
76.300,0,1,0.0,5.0,0
76.300,0,1,0.0,5.0,0
76.300,0,1,0.0,5.0,0
76.400,0,1,0.0,5.0,0
76.400,0,1,0.0,5.0,0
76.400,0,1,0.0,5.0,0
76.400,0,1,0.0,5.0,0
76.500,0,1,0.0,5.0,0
76.500,0,1,0.0,5.0,0
76.500,0,1,0.0,5.0,0
76.600,0,1,0.0,5.0,0
76.600,0,1,0.0,5.0,0
76.600,0,1,0.0,5.0,0
76.600,0,1,0.0,5.0,0
76.700,0,1,0.0,5.0,0
76.700,0,1,0.0,5.0,0
76.700,0,1,0.0,5.0,0
76.800,0,1,0.0,5.0,0
76.800,0,1,0.0,5.0,0
76.800,0,1,0.0,5.0,0
76.800,0,1,0.0,5.0,0
76.900,0,1,0.0,5.0,0
76.900,0,1,0.0,5.0,0
76.900,0,1,0.0,5.0,0
77.000,0,1,0.0,5.0,0
77.000,0,1,0.0,5.0,0
77.000,0,1,0.0,5.0,0
77.000,0,1,0.0,5.0,0
77.100,0,1,0.0,5.0,0
77.100,0,1,0.0,5.0,0
77.100,0,1,0.0,5.0,0
77.100,0,1,0.0,5.0,0
77.200,0,1,0.0,5.0,0
77.200,0,1,0.0,5.0,0
77.200,0,1,0.0,5.0,0
77.300,0,1,0.0,5.0,0
77.300,0,1,0.0,5.0,0
77.300,0,1,0.0,5.0,0
77.300,0,1,0.0,5.0,0
77.400,0,1,0.0,5.0,0
77.400,0,1,0.0,5.0,0
77.400,0,1,0.0,5.0,0
77.500,0,1,0.0,5.0,0
77.500,0,1,0.0,5.0,0
77.500,0,1,0.0,5.0,0
77.500,0,1,0.0,5.0,0
77.600,0,1,0.0,5.0,0
77.600,0,1,0.0,5.0,0
77.600,0,1,0.0,5.0,0
77.700,0,1,0.0,5.0,0
77.700,0,1,0.0,5.0,0
77.700,0,1,0.0,5.0,0
77.700,0,1,0.0,5.0,0
77.800,0,1,0.0,5.0,0
77.800,0,1,0.0,5.0,0
77.800,0,1,0.0,5.0,0
77.800,0,1,0.0,5.0,0
77.900,0,1,0.0,5.0,0
77.900,0,1,0.0,5.0,0
77.900,0,1,0.0,5.0,0
78.000,0,1,0.0,5.0,0
78.000,0,1,0.0,5.0,0
78.000,0,1,0.0,5.0,0
78.000,0,1,0.0,5.0,0
78.100,0,1,0.0,5.0,0
78.100,0,1,0.0,5.0,0
78.100,0,1,0.0,5.0,0
78.200,0,1,0.0,5.0,0
78.200,0,1,0.0,5.0,0
78.200,0,1,0.0,5.0,0
78.200,0,1,0.0,5.0,0
78.300,0,1,0.0,5.0,0
78.300,0,1,0.0,5.0,0
78.300,0,1,0.0,5.0,0
78.400,0,1,0.0,5.0,0
78.400,0,1,0.0,5.0,0
78.400,0,1,0.0,5.0,0
78.400,0,1,0.0,5.0,0
78.500,0,1,0.0,5.0,0
78.500,0,1,0.0,5.0,0
78.500,0,1,0.0,5.0,0
78.600,0,1,0.0,5.0,0
78.600,0,1,0.0,5.0,0
78.600,0,1,0.0,5.0,0
78.600,0,1,0.0,5.0,0
78.700,0,1,0.0,5.0,0
78.700,0,1,0.0,5.0,0
78.700,0,1,0.0,5.0,0
78.700,0,1,0.0,5.0,0
78.800,0,1,0.0,5.0,0
78.800,0,1,0.0,5.0,0
78.800,0,1,0.0,5.0,0
78.900,0,1,0.0,5.0,0
78.900,0,1,0.0,5.0,0
78.900,0,1,0.0,5.0,0
78.900,0,1,0.0,5.0,0
79.000,0,1,0.0,5.0,0
79.000,0,1,0.0,5.0,0
79.000,0,1,0.0,5.0,0
79.100,0,1,0.0,5.0,0
79.100,0,1,0.0,5.0,0
79.100,0,1,0.0,5.0,0
79.100,0,1,0.0,5.0,0
79.200,0,1,0.0,5.0,0
79.200,0,1,0.0,5.0,0
79.200,0,1,0.0,5.0,0
79.300,0,1,0.0,5.0,0
79.300,0,1,0.0,5.0,0
79.300,0,1,0.0,5.0,0
79.300,0,1,0.0,5.0,0
79.400,0,1,0.0,5.0,0
79.400,0,1,0.0,5.0,0
79.400,0,1,0.0,5.0,0
79.400,0,1,0.0,5.0,0
79.500,0,1,0.0,5.0,0
79.500,0,1,0.0,5.0,0
79.500,0,1,0.0,5.0,0
79.600,0,1,0.0,5.0,0
79.600,0,1,0.0,5.0,0
79.600,0,1,0.0,5.0,0
79.600,0,1,0.0,5.0,0
79.700,0,1,0.0,5.0,0
79.700,0,1,0.0,5.0,0
79.700,0,1,0.0,5.0,0
79.800,0,1,0.0,5.0,0
79.800,0,1,0.0,5.0,0
79.800,0,1,0.0,5.0,0
79.800,0,1,0.0,5.0,0
79.900,0,1,0.0,5.0,0
79.900,0,1,0.0,5.0,0
79.900,0,1,0.0,5.0,0
80.000,0,1,0.0,5.0,0
80.000,0,1,0.0,5.0,0
80.000,0,1,0.0,5.0,0
80.000,0,1,0.0,5.0,0
80.100,0,1,0.0,5.0,0
80.100,0,1,0.0,5.0,0
80.100,0,1,0.0,5.0,0
80.100,0,1,0.0,5.0,0
80.200,0,1,0.0,5.0,0
80.200,0,1,0.0,5.0,0
80.200,0,1,0.0,5.0,0
80.300,0,1,0.0,5.0,0
80.300,0,1,0.0,5.0,0
80.300,0,1,0.0,5.0,0
80.300,0,1,0.0,5.0,0
80.400,0,1,0.0,5.0,0
80.400,0,1,0.0,5.0,0
80.400,0,1,0.0,5.0,0
80.500,0,1,0.0,5.0,0
80.500,0,1,0.0,5.0,0
80.500,0,1,0.0,5.0,0
80.500,0,1,0.0,5.0,0
80.600,0,1,0.0,5.0,0
80.600,0,1,0.0,5.0,0
80.600,0,1,0.0,5.0,0
80.700,0,1,0.0,5.0,0
80.700,0,1,0.0,5.0,0
80.700,0,1,0.0,5.0,0
80.700,0,1,0.0,5.0,0
80.800,0,1,0.0,5.0,0
80.800,0,1,0.0,5.0,0
80.800,0,1,0.0,5.0,0
80.900,0,1,0.0,5.0,0
80.900,0,1,0.0,5.0,0
80.900,0,1,0.0,5.0,0
80.900,0,1,0.0,5.0,0
81.000,0,1,0.0,5.0,0
81.000,0,1,0.0,5.0,0
81.000,0,1,0.0,5.0,0
81.000,0,1,0.0,5.0,0
81.100,0,1,0.0,5.0,0
81.100,0,1,0.0,5.0,0
81.100,0,1,0.0,5.0,0
81.200,0,1,0.0,5.0,0
81.200,0,1,0.0,5.0,0
81.200,0,1,0.0,5.0,0
81.200,0,1,0.0,5.0,0
81.300,0,1,0.0,5.0,0
81.300,0,1,0.0,5.0,0
81.300,0,1,0.0,5.0,0
81.400,0,1,0.0,5.0,0
81.400,0,1,0.0,5.0,0
81.400,0,1,0.0,5.0,0
81.400,0,1,0.0,5.0,0
81.500,0,1,0.0,5.0,0
81.500,0,1,0.0,5.0,0
81.500,0,1,0.0,5.0,0
81.600,0,1,0.0,5.0,0
81.600,0,1,0.0,5.0,0
81.600,0,1,0.0,5.0,0
81.600,0,1,0.0,5.0,0
81.700,0,1,0.0,5.0,0
81.700,0,1,0.0,5.0,0
81.700,0,1,0.0,5.0,0
81.700,0,1,0.0,5.0,0
81.800,0,1,0.0,5.0,0
81.800,0,1,0.0,5.0,0
81.800,0,1,0.0,5.0,0
81.900,0,1,0.0,5.0,0
81.900,0,1,0.0,5.0,0
81.900,0,1,0.0,5.0,0
81.900,0,1,0.0,5.0,0
82.000,0,1,0.0,5.0,0
82.000,0,1,0.0,5.0,0
82.000,0,1,0.0,5.0,0
82.100,0,1,0.0,5.0,0
82.100,0,1,0.0,5.0,0
82.100,0,1,0.0,5.0,0
82.100,0,1,0.0,5.0,0
82.200,0,1,0.0,5.0,0
82.200,0,1,0.0,5.0,0
82.200,0,1,0.0,5.0,0
82.300,0,1,0.0,5.0,0
82.300,0,1,0.0,5.0,0
82.300,0,1,0.0,5.0,0
82.300,0,1,0.0,5.0,0
82.400,0,1,0.0,5.0,0
82.400,0,1,0.0,5.0,0
82.400,0,1,0.0,5.0,0
82.400,0,1,0.0,5.0,0
82.500,0,1,0.0,5.0,0
82.500,0,1,0.0,5.0,0
82.500,0,1,0.0,5.0,0
82.600,0,1,0.0,5.0,0
82.600,0,1,0.0,5.0,0
82.600,0,1,0.0,5.0,0
82.600,0,1,0.0,5.0,0
82.700,0,1,0.0,5.0,0
82.700,0,1,0.0,5.0,0
82.700,0,1,0.0,5.0,0
82.800,0,1,0.0,5.0,0
82.800,0,1,0.0,5.0,0
82.800,0,1,0.0,5.0,0
82.800,0,1,0.0,5.0,0
82.900,0,1,0.0,5.0,0
82.900,0,1,0.0,5.0,0
82.900,0,1,0.0,5.0,0
83.000,0,1,0.0,5.0,0
83.000,0,1,0.0,5.0,0
83.000,0,1,0.0,5.0,0
83.000,0,1,0.0,5.0,0
83.100,0,1,0.0,5.0,0
83.100,0,1,0.0,5.0,0
83.100,0,1,0.0,5.0,0
83.200,0,1,0.0,5.0,0
83.200,0,1,0.0,5.0,0
83.200,0,1,0.0,5.0,0
83.200,0,1,0.0,5.0,0
83.300,0,1,0.0,5.0,0
83.300,0,1,0.0,5.0,0
83.300,0,1,0.0,5.0,0
83.300,0,1,0.0,5.0,0
83.400,0,1,0.0,5.0,0
83.400,0,1,0.0,5.0,0
83.400,0,1,0.0,5.0,0
83.500,0,1,0.0,5.0,0
83.500,0,1,0.0,5.0,0
83.500,0,1,0.0,5.0,0
83.500,0,1,0.0,5.0,0
83.600,0,1,0.0,5.0,0
83.600,0,1,0.0,5.0,0
83.600,0,1,0.0,5.0,0
83.700,0,1,0.0,5.0,0
83.700,0,1,0.0,5.0,0
83.700,0,1,0.0,5.0,0
83.700,0,1,0.0,5.0,0
83.800,0,1,0.0,5.0,0
83.800,0,1,0.0,5.0,0
83.800,0,1,0.0,5.0,0
83.900,0,1,0.0,5.0,0
83.900,0,1,0.0,5.0,0
83.900,0,1,0.0,5.0,0
83.900,0,1,0.0,5.0,0
84.000,0,1,0.0,5.0,0
84.000,0,1,0.0,5.0,0
84.000,0,1,0.0,5.0,0
84.000,0,1,0.0,5.0,0
84.100,0,1,0.0,5.0,0
84.100,0,1,0.0,5.0,0
84.100,0,1,0.0,5.0,0
84.200,0,1,0.0,5.0,0
84.200,0,1,0.0,5.0,0
84.200,0,1,0.0,5.0,0
84.200,0,1,0.0,5.0,0
84.300,0,1,0.0,5.0,0
84.300,0,1,0.0,5.0,0
84.300,0,1,0.0,5.0,0
84.400,0,1,0.0,5.0,0
84.400,0,1,0.0,5.0,0
84.400,0,1,0.0,5.0,0
84.400,0,1,0.0,5.0,0
84.500,0,1,0.0,5.0,0
84.500,0,1,0.0,5.0,0
84.500,0,1,0.0,5.0,0
84.600,0,1,0.0,5.0,0
84.600,0,1,0.0,5.0,0
84.600,0,1,0.0,5.0,0
84.600,0,1,0.0,5.0,0
84.700,0,1,0.0,5.0,0
84.700,0,1,0.0,5.0,0
84.700,0,1,0.0,5.0,0
84.700,0,1,0.0,5.0,0
84.800,0,1,0.0,5.0,0
84.800,0,1,0.0,5.0,0
84.800,0,1,0.0,5.0,0
84.900,0,1,0.0,5.0,0
84.900,0,1,0.0,5.0,0
84.900,0,1,0.0,5.0,0
84.900,0,1,0.0,5.0,0
85.000,0,1,0.0,5.0,0
85.000,0,1,0.0,5.0,0
85.000,0,1,0.0,5.0,0
85.100,0,1,0.0,5.0,0
85.100,0,1,0.0,5.0,0
85.100,0,1,0.0,5.0,0
85.100,0,1,0.0,5.0,0
85.200,0,1,0.0,5.0,0
85.200,0,1,0.0,5.0,0
85.200,0,1,0.0,5.0,0
85.300,0,1,0.0,5.0,0
85.300,0,1,0.0,5.0,0
85.300,0,1,0.0,5.0,0
85.300,0,1,0.0,5.0,0
85.400,0,1,0.0,5.0,0
85.400,0,1,0.0,5.0,0
85.400,0,1,0.0,5.0,0
85.500,0,1,0.0,5.0,0
85.500,0,1,0.0,5.0,0
85.500,0,1,0.0,5.0,0
85.500,0,1,0.0,5.0,0
85.600,0,1,0.0,5.0,0
85.600,0,1,0.0,5.0,0
85.600,0,1,0.0,5.0,0
85.600,0,1,0.0,5.0,0
85.700,0,1,0.0,5.0,0
85.700,0,1,0.0,5.0,0
85.700,0,1,0.0,5.0,0
85.800,0,1,0.0,5.0,0
85.800,0,1,0.0,5.0,0
85.800,0,1,0.0,5.0,0
85.800,0,1,0.0,5.0,0
85.900,0,1,0.0,5.0,0
85.900,0,1,0.0,5.0,0
85.900,0,1,0.0,5.0,0
86.000,0,1,0.0,5.0,0
86.000,0,1,0.0,5.0,0
86.000,0,1,0.0,5.0,0
86.000,0,1,0.0,5.0,0
86.100,0,1,0.0,5.0,0
86.100,0,1,0.0,5.0,0
86.100,0,1,0.0,5.0,0
86.200,0,1,0.0,5.0,0
86.200,0,1,0.0,5.0,0
86.200,0,1,0.0,5.0,0
86.200,0,1,0.0,5.0,0
86.300,0,1,0.0,5.0,0
86.300,0,1,0.0,5.0,0
86.300,0,1,0.0,5.0,0
86.300,0,1,0.0,5.0,0
86.400,0,1,0.0,5.0,0
86.400,0,1,0.0,5.0,0
86.400,0,1,0.0,5.0,0
86.500,0,1,0.0,5.0,0
86.500,0,1,0.0,5.0,0
86.500,0,1,0.0,5.0,0
86.500,0,1,0.0,5.0,0
86.600,0,1,0.0,5.0,0
86.600,0,1,0.0,5.0,0
86.600,0,1,0.0,5.0,0
86.700,0,1,0.0,5.0,0
86.700,0,1,0.0,5.0,0
86.700,0,1,0.0,5.0,0
86.700,0,1,0.0,5.0,0
86.800,0,1,0.0,5.0,0
86.800,0,1,0.0,5.0,0
86.800,0,1,0.0,5.0,0
86.900,0,1,0.0,5.0,0
86.900,0,1,0.0,5.0,0
86.900,0,1,0.0,5.0,0
86.900,0,1,0.0,5.0,0
87.000,0,1,0.0,5.0,0
87.000,0,1,0.0,5.0,0
87.000,0,1,0.0,5.0,0
87.100,0,1,0.0,5.0,0
87.100,0,1,0.0,5.0,0
87.100,0,1,0.0,5.0,0
87.100,0,1,0.0,5.0,0
87.200,0,1,0.0,5.0,0
87.200,0,1,0.0,5.0,0
87.200,0,1,0.0,5.0,0
87.200,0,1,0.0,5.0,0
87.300,0,1,0.0,5.0,0
87.300,0,1,0.0,5.0,0
87.300,0,1,0.0,5.0,0
87.400,0,1,0.0,5.0,0
87.400,0,1,0.0,5.0,0
87.400,0,1,0.0,5.0,0
87.400,0,1,0.0,5.0,0
87.500,0,1,0.0,5.0,0
87.500,0,1,0.0,5.0,0
87.500,0,1,0.0,5.0,0
87.600,0,1,0.0,5.0,0
87.600,0,1,0.0,5.0,0
87.600,0,1,0.0,5.0,0
87.600,0,1,0.0,5.0,0
87.700,0,1,0.0,5.0,0
87.700,0,1,0.0,5.0,0
87.700,0,1,0.0,5.0,0
87.800,0,1,0.0,5.0,0
87.800,0,1,0.0,5.0,0
87.800,0,1,0.0,5.0,0
87.800,0,1,0.0,5.0,0
87.900,0,1,0.0,5.0,0
87.900,0,1,0.0,5.0,0
87.900,0,1,0.0,5.0,0
87.900,0,1,0.0,5.0,0
88.000,0,1,0.0,5.0,0
88.000,0,1,0.0,5.0,0
88.000,0,1,0.0,5.0,0
88.100,0,1,0.0,5.0,0
88.100,0,1,0.0,5.0,0
88.100,0,1,0.0,5.0,0
88.100,0,1,0.0,5.0,0
88.200,0,1,0.0,5.0,0
88.200,0,1,0.0,5.0,0
88.200,0,1,0.0,5.0,0
88.300,0,1,0.0,5.0,0
88.300,0,1,0.0,5.0,0
88.300,0,1,0.0,5.0,0
88.300,0,1,0.0,5.0,0
88.400,0,1,0.0,5.0,0
88.400,0,1,0.0,5.0,0
88.400,0,1,0.0,5.0,0
88.500,0,1,0.0,5.0,0
88.500,0,1,0.0,5.0,0
88.500,0,1,0.0,5.0,0
88.500,0,1,0.0,5.0,0
88.600,0,1,0.0,5.0,0
88.600,0,1,0.0,5.0,0
88.600,0,1,0.0,5.0,0
88.700,0,1,0.0,5.0,0
88.700,0,1,0.0,5.0,0
88.700,0,1,0.0,5.0,0
88.700,0,1,0.0,5.0,0
88.800,0,1,0.0,5.0,0
88.800,0,1,0.0,5.0,0
88.800,0,1,0.0,5.0,0
88.800,0,1,0.0,5.0,0
88.900,0,1,0.0,5.0,0
88.900,0,1,0.0,5.0,0
88.900,0,1,0.0,5.0,0
89.000,0,1,0.0,5.0,0
89.000,0,1,0.0,5.0,0
89.000,0,1,0.0,5.0,0
89.000,0,1,0.0,5.0,0
89.100,0,1,0.0,5.0,0
89.100,0,1,0.0,5.0,0
89.100,0,1,0.0,5.0,0
89.200,0,1,0.0,5.0,0
89.200,0,1,0.0,5.0,0
89.200,0,1,0.0,5.0,0
89.200,0,1,0.0,5.0,0
89.300,0,1,0.0,5.0,0
89.300,0,1,0.0,5.0,0
89.300,0,1,0.0,5.0,0
89.400,0,1,0.0,5.0,0
89.400,0,1,0.0,5.0,0
89.400,0,1,0.0,5.0,0
89.400,0,1,0.0,5.0,0
89.500,0,1,0.0,5.0,0
89.500,0,1,0.0,5.0,0
89.500,0,1,0.0,5.0,0
89.500,0,1,0.0,5.0,0
89.600,0,1,0.0,5.0,0
89.600,0,1,0.0,5.0,0
89.600,0,1,0.0,5.0,0
89.700,0,1,0.0,5.0,0
89.700,0,1,0.0,5.0,0
89.700,0,1,0.0,5.0,0
89.700,0,1,0.0,5.0,0
89.800,0,1,0.0,5.0,0
89.800,0,1,0.0,5.0,0
89.800,0,1,0.0,5.0,0
89.900,0,1,0.0,5.0,0
89.900,0,1,0.0,5.0,0
89.900,0,1,0.0,5.0,0
89.900,0,1,0.0,5.0,0
90.000,0,1,0.0,5.0,0
90.000,0,1,0.0,5.0,0
90.000,0,1,0.0,5.0,0
90.100,0,1,0.0,5.0,0
90.100,0,1,0.0,5.0,0
90.100,0,1,0.0,5.0,0
90.100,0,1,0.0,5.0,0
90.200,0,1,0.0,5.0,0
90.200,0,1,0.0,5.0,0
90.200,0,1,0.0,5.0,0
90.200,0,1,0.0,5.0,0
90.300,0,1,0.0,5.0,0
90.300,0,1,0.0,5.0,0
90.300,0,1,0.0,5.0,0
90.400,0,1,0.0,5.0,0
90.400,0,1,0.0,5.0,0
90.400,0,1,0.0,5.0,0
90.400,0,1,0.0,5.0,0
90.500,0,1,0.0,5.0,0
90.500,0,1,0.0,5.0,0
90.500,0,1,0.0,5.0,0
90.600,0,1,0.0,5.0,0
90.600,0,1,0.0,5.0,0
90.600,0,1,0.0,5.0,0
90.600,0,1,0.0,5.0,0
90.700,0,1,0.0,5.0,0
90.700,0,1,0.0,5.0,0
90.700,0,1,0.0,5.0,0
90.800,0,1,0.0,5.0,0
90.800,0,1,0.0,5.0,0
90.800,0,1,0.0,5.0,0
90.800,0,1,0.0,5.0,0
90.900,0,1,0.0,5.0,0
90.900,0,1,0.0,5.0,0
90.900,0,1,0.0,5.0,0
90.900,0,1,0.0,5.0,0
91.000,0,1,0.0,5.0,0
91.000,0,1,0.0,5.0,0
91.000,0,1,0.0,5.0,0
91.100,0,1,0.0,5.0,0
91.100,0,1,0.0,5.0,0
91.100,0,1,0.0,5.0,0
91.100,0,1,0.0,5.0,0
91.200,0,1,0.0,5.0,0
91.200,0,1,0.0,5.0,0
91.200,0,1,0.0,5.0,0
91.300,0,1,0.0,5.0,0
91.300,0,1,0.0,5.0,0
91.300,0,1,0.0,5.0,0
91.300,0,1,0.0,5.0,0
91.400,0,1,0.0,5.0,0
91.400,0,1,0.0,5.0,0
91.400,0,1,0.0,5.0,0
91.500,0,1,0.0,5.0,0
91.500,0,1,0.0,5.0,0
91.500,0,1,0.0,5.0,0
91.500,0,1,0.0,5.0,0
91.600,0,1,0.0,5.0,0
91.600,0,1,0.0,5.0,0
91.600,0,1,0.0,5.0,0
91.700,0,1,0.0,5.0,0
91.700,0,1,0.0,5.0,0
91.700,0,1,0.0,5.0,0
91.700,0,1,0.0,5.0,0
91.800,0,1,0.0,5.0,0
91.800,0,1,0.0,5.0,0
91.800,0,1,0.0,5.0,0
91.800,0,1,0.0,5.0,0
91.900,0,1,0.0,5.0,0
91.900,0,1,0.0,5.0,0
91.900,0,1,0.0,5.0,0
92.000,2,0,-26.0,0.0,0
92.000,2,0,-26.0,0.0,0
92.000,2,0,-26.0,0.0,0
92.000,2,0,-26.0,0.0,0
92.100,2,0,-26.0,0.0,0
92.100,2,0,-26.0,0.0,0
92.100,2,0,-26.0,0.0,0
92.200,2,0,-26.0,0.0,0
92.200,2,0,-26.0,0.0,0
92.200,2,0,-26.0,0.0,0
92.200,2,0,-26.0,0.0,0
92.300,2,0,-26.0,0.0,0
92.300,2,0,-26.0,0.0,0
92.300,2,0,-26.0,0.0,0
92.400,2,0,-26.0,0.0,0
92.400,2,0,-26.0,0.0,0
92.400,2,0,-26.0,0.0,0
92.400,2,0,-26.0,0.0,0
92.500,2,0,-26.0,0.0,0
92.500,2,0,-26.0,0.0,0
92.500,2,0,-26.0,0.0,0
92.500,2,0,-26.0,0.0,0
92.600,2,0,-26.0,0.0,0
92.600,2,0,-26.0,0.0,0
92.600,2,0,-26.0,0.0,0
92.700,2,0,-26.0,0.0,0
92.700,2,0,-26.0,0.0,0
92.700,2,0,-26.0,0.0,0
92.700,2,0,-26.0,0.0,0
92.800,2,0,-26.0,0.0,0
92.800,2,0,-26.0,0.0,0
92.800,2,0,-26.0,0.0,0
92.900,2,0,-26.0,0.0,0
92.900,2,0,-26.0,0.0,0
92.900,2,0,-26.0,0.0,0
92.900,2,0,-26.0,0.0,0
93.000,2,0,-26.0,0.0,0
93.000,2,0,-26.0,0.0,0
93.000,2,0,-26.0,0.0,0
93.100,2,0,-26.0,0.0,0
93.100,2,0,-26.0,0.0,0
93.100,2,0,-26.0,0.0,0
93.100,2,0,-26.0,0.0,0
93.200,2,0,-26.0,0.0,0
93.200,2,0,-26.0,0.0,0
93.200,2,0,-26.0,0.0,0
93.200,2,0,-26.0,0.0,0
93.300,2,0,-26.0,0.0,0
93.300,2,0,-26.0,0.0,0
93.300,2,0,-26.0,0.0,0
93.400,2,0,-26.0,0.0,0
93.400,2,0,-26.0,0.0,0
93.400,2,0,-26.0,0.0,0
93.400,2,0,-26.0,0.0,0
93.500,2,0,-26.0,0.0,0
93.500,2,0,-26.0,0.0,0
93.500,2,0,-26.0,0.0,0
93.600,2,0,-26.0,0.0,0
93.600,2,0,-26.0,0.0,0
93.600,2,0,-26.0,0.0,0
93.600,2,0,-26.0,0.0,0
93.700,2,0,-26.0,0.0,0
93.700,2,0,-26.0,0.0,0
93.700,2,0,-26.0,0.0,0
93.800,2,0,-26.0,0.0,0
93.800,2,0,-26.0,0.0,0
93.800,2,0,-26.0,0.0,0
93.800,2,0,-26.0,0.0,0
93.900,2,0,-26.0,0.0,0
93.900,2,0,-26.0,0.0,0
93.900,2,0,-26.0,0.0,0
94.000,2,0,-26.0,0.0,0
94.000,2,0,-26.0,0.0,0
94.000,2,0,-26.0,0.0,0
94.000,2,0,-26.0,0.0,0
94.100,2,0,-26.0,0.0,0
94.100,2,0,-26.0,0.0,0
94.100,2,0,-26.0,0.0,0
94.100,2,0,-26.0,0.0,0
94.200,2,0,-26.0,0.0,0
94.200,2,0,-26.0,0.0,0
94.200,2,0,-26.0,0.0,0
94.300,2,0,-26.0,0.0,0
94.300,2,0,-26.0,0.0,0
94.300,2,0,-26.0,0.0,0
94.300,2,0,-26.0,0.0,0
94.400,2,0,-26.0,0.0,0
94.400,2,0,-26.0,0.0,0
94.400,2,0,-26.0,0.0,0
94.500,2,0,-26.0,0.0,0
94.500,2,0,-26.0,0.0,0
94.500,2,0,-26.0,0.0,0
94.500,2,0,-26.0,0.0,0
94.600,2,0,-26.0,0.0,0
94.600,2,0,-26.0,0.0,0
94.600,2,0,-26.0,0.0,0
94.700,2,0,-26.0,0.0,0
94.700,2,0,-26.0,0.0,0
94.700,2,0,-26.0,0.0,0
94.700,2,0,-26.0,0.0,0
94.800,2,0,-26.0,0.0,0
94.800,2,0,-26.0,0.0,0
94.800,2,0,-26.0,0.0,0
94.800,2,0,-26.0,0.0,0
94.900,2,0,-26.0,0.0,0
94.900,2,0,-26.0,0.0,0
94.900,2,0,-26.0,0.0,0
95.000,2,0,-26.0,0.0,0
95.000,2,0,-26.0,0.0,0
95.000,2,0,-26.0,0.0,0
95.000,2,0,-26.0,0.0,0
95.100,2,0,-26.0,0.0,0
95.100,2,0,-26.0,0.0,0
95.100,2,0,-26.0,0.0,0
95.200,2,0,-26.0,0.0,0
95.200,2,0,-26.0,0.0,0
95.200,2,0,-26.0,0.0,0
95.200,2,0,-26.0,0.0,0
95.300,2,0,-26.0,0.0,0
95.300,2,0,-26.0,0.0,0
95.300,2,0,-26.0,0.0,0
95.400,2,0,-26.0,0.0,0
95.400,2,0,-26.0,0.0,0
95.400,2,0,-26.0,0.0,0
95.400,2,0,-26.0,0.0,0
95.500,2,0,-26.0,0.0,0
95.500,2,0,-26.0,0.0,0
95.500,2,0,-26.0,0.0,0
95.600,2,0,-26.0,0.0,0
95.600,2,0,-26.0,0.0,0
95.600,2,0,-26.0,0.0,0
95.600,2,0,-26.0,0.0,0
95.700,2,0,-26.0,0.0,0
95.700,2,0,-26.0,0.0,0
95.700,2,0,-26.0,0.0,0
95.700,2,0,-26.0,0.0,0
95.800,2,0,-26.0,0.0,0
95.800,2,0,-26.0,0.0,0
95.800,2,0,-26.0,0.0,0
95.900,2,0,-26.0,0.0,0
95.900,2,0,-26.0,0.0,0
95.900,2,0,-26.0,0.0,0
95.900,2,0,-26.0,0.0,0
96.000,2,0,-26.0,0.0,0
96.000,2,0,-26.0,0.0,0
96.000,2,0,-26.0,0.0,0
96.100,2,0,-26.0,0.0,0
96.100,2,0,-26.0,0.0,0
96.100,2,0,-26.0,0.0,0
96.100,2,0,-26.0,0.0,0
96.200,2,0,-26.0,0.0,0
96.200,2,0,-26.0,0.0,0
96.200,2,0,-26.0,0.0,0
96.300,2,0,-26.0,0.0,0
96.300,2,0,-26.0,0.0,0
96.300,2,0,-26.0,0.0,0
96.300,2,0,-26.0,0.0,0
96.400,2,0,-26.0,0.0,0
96.400,2,0,-26.0,0.0,0
96.400,2,0,-26.0,0.0,0
96.400,2,0,-26.0,0.0,0
96.500,2,0,-26.0,0.0,0
96.500,2,0,-26.0,0.0,0
96.500,2,0,-26.0,0.0,0
96.600,2,0,-26.0,0.0,0
96.600,2,0,-26.0,0.0,0
96.600,2,0,-26.0,0.0,0
96.600,2,0,-26.0,0.0,0
96.700,2,0,-26.0,0.0,0
96.700,2,0,-26.0,0.0,0
96.700,2,0,-26.0,0.0,0
96.800,2,0,-26.0,0.0,0
96.800,2,0,-26.0,0.0,0
96.800,2,0,-26.0,0.0,0
96.800,2,0,-26.0,0.0,0
96.900,2,0,-26.0,0.0,0
96.900,2,0,-26.0,0.0,0
96.900,2,0,-26.0,0.0,0
97.000,2,0,-26.0,0.0,0
97.000,2,0,-26.0,0.0,0
97.000,2,0,-26.0,0.0,0
97.000,2,0,-26.0,0.0,0
97.100,2,0,-26.0,0.0,0
97.100,2,0,-26.0,0.0,0
97.100,2,0,-26.0,0.0,0
97.100,2,0,-26.0,0.0,0
97.200,2,0,-26.0,0.0,0
97.200,2,0,-26.0,0.0,0
97.200,2,0,-26.0,0.0,0
97.300,2,0,-26.0,0.0,0
97.300,2,0,-26.0,0.0,0
97.300,2,0,-26.0,0.0,0
97.300,2,0,-26.0,0.0,0
97.400,2,0,-26.0,0.0,0
97.400,2,0,-26.0,0.0,0
97.400,2,0,-26.0,0.0,0
97.500,2,0,-26.0,0.0,0
97.500,2,0,-26.0,0.0,0
97.500,2,0,-26.0,0.0,0
97.500,2,0,-26.0,0.0,0
97.600,2,0,-26.0,0.0,0
97.600,2,0,-26.0,0.0,0
97.600,2,0,-26.0,0.0,0
97.700,2,0,-26.0,0.0,0
97.700,2,0,-26.0,0.0,0
97.700,2,0,-26.0,0.0,0
97.700,2,0,-26.0,0.0,0
97.800,2,0,-26.0,0.0,0
97.800,2,0,-26.0,0.0,0
97.800,2,0,-26.0,0.0,0
97.900,2,0,-26.0,0.0,0
97.900,2,0,-26.0,0.0,0
97.900,2,0,-26.0,0.0,0
97.900,2,0,-26.0,0.0,0
98.000,2,0,-26.0,0.0,0
98.000,2,0,-26.0,0.0,0
98.000,2,0,-26.0,0.0,0
98.000,2,0,-26.0,0.0,0
98.100,2,0,-26.0,0.0,0
98.100,2,0,-26.0,0.0,0
98.100,2,0,-26.0,0.0,0
98.200,2,0,-26.0,0.0,0
98.200,2,0,-26.0,0.0,0
98.200,2,0,-26.0,0.0,0
98.200,2,0,-26.0,0.0,0
98.300,2,0,-26.0,0.0,0
98.300,2,0,-26.0,0.0,0
98.300,2,0,-26.0,0.0,0
98.400,2,0,-26.0,0.0,0
98.400,2,0,-26.0,0.0,0
98.400,2,0,-26.0,0.0,0
98.400,2,0,-26.0,0.0,0
98.500,2,0,-26.0,0.0,0
98.500,2,0,-26.0,0.0,0
98.500,2,0,-26.0,0.0,0
98.600,2,0,-26.0,0.0,0
98.600,2,0,-26.0,0.0,0
98.600,2,0,-26.0,0.0,0
98.600,2,0,-26.0,0.0,0
98.700,2,0,-26.0,0.0,0
98.700,2,0,-26.0,0.0,0
98.700,2,0,-26.0,0.0,0
98.700,2,0,-26.0,0.0,0
98.800,2,0,-26.0,0.0,0
98.800,2,0,-26.0,0.0,0
98.800,2,0,-26.0,0.0,0
98.900,2,0,-26.0,0.0,0
98.900,2,0,-26.0,0.0,0
98.900,2,0,-26.0,0.0,0
98.900,2,0,-26.0,0.0,0
99.000,2,0,-26.0,0.0,0
99.000,2,0,-26.0,0.0,0
99.000,2,0,-26.0,0.0,0
99.100,2,0,-26.0,0.0,0
99.100,2,0,-26.0,0.0,0
99.100,2,0,-26.0,0.0,0
99.100,2,0,-26.0,0.0,0
99.200,2,0,-26.0,0.0,0
99.200,2,0,-26.0,0.0,0
99.200,2,0,-26.0,0.0,0
99.300,2,0,-26.0,0.0,0
99.300,2,0,-26.0,0.0,0
99.300,2,0,-26.0,0.0,0
99.300,2,0,-26.0,0.0,0
99.400,2,0,-26.0,0.0,0
99.400,2,0,-26.0,0.0,0
99.400,2,0,-26.0,0.0,0
99.400,2,0,-26.0,0.0,0
99.500,2,0,-26.0,0.0,0
99.500,2,0,-26.0,0.0,0
99.500,2,0,-26.0,0.0,0
99.600,2,0,-26.0,0.0,0
99.600,2,0,-26.0,0.0,0
99.600,2,0,-26.0,0.0,0
99.600,2,0,-26.0,0.0,0
99.700,2,0,-26.0,0.0,0
99.700,2,0,-26.0,0.0,0
99.700,2,0,-26.0,0.0,0
99.800,2,2,-26.0,-4.0,0
99.800,2,2,-26.0,-4.0,0
99.800,2,2,-26.0,-4.0,0
99.800,2,2,-26.0,-4.0,0
99.900,0,2,0.0,-4.0,0
99.900,0,2,0.0,-4.0,0
99.900,0,2,0.0,-4.0,0
100.000,0,2,0.0,-4.0,0
100.000,0,2,0.0,-4.0,0
100.000,0,2,0.0,-4.0,0
100.000,0,2,0.0,-4.0,0
100.100,0,2,0.0,-4.0,0
100.100,0,2,0.0,-4.0,0
100.100,0,2,0.0,-4.0,0
100.100,0,2,0.0,-4.0,0
100.200,0,2,0.0,-4.0,0
100.200,0,2,0.0,-4.0,0
100.200,0,2,0.0,-4.0,0
100.300,0,2,0.0,-4.0,0
100.300,0,2,0.0,-4.0,0
100.300,0,2,0.0,-4.0,0
100.300,0,2,0.0,-4.0,0
100.400,0,2,0.0,-4.0,0
100.400,0,2,0.0,-4.0,0
100.400,0,2,0.0,-4.0,0
100.500,0,2,0.0,-4.0,0
100.500,0,2,0.0,-4.0,0
100.500,0,2,0.0,-4.0,0
100.500,0,2,0.0,-4.0,0
100.600,0,2,0.0,-4.0,0
100.600,0,2,0.0,-4.0,0
100.600,0,2,0.0,-4.0,0
100.700,0,2,0.0,-4.0,0
100.700,0,2,0.0,-4.0,0
100.700,0,2,0.0,-4.0,0
100.700,0,2,0.0,-4.0,0
100.800,0,2,0.0,-4.0,0
100.800,0,2,0.0,-4.0,0
100.800,0,2,0.0,-4.0,0
100.900,0,2,0.0,-4.0,0
100.900,0,2,0.0,-4.0,0
100.900,0,2,0.0,-4.0,0
100.900,0,2,0.0,-4.0,0
101.000,0,2,0.0,-4.0,0
101.000,0,2,0.0,-4.0,0
101.000,0,2,0.0,-4.0,0
101.000,0,2,0.0,-4.0,0
101.100,0,2,0.0,-4.0,0
101.100,0,2,0.0,-4.0,0
101.100,0,2,0.0,-4.0,0
101.200,0,2,0.0,-4.0,0
101.200,0,2,0.0,-4.0,0
101.200,0,2,0.0,-4.0,0
101.200,0,2,0.0,-4.0,0
101.300,0,2,0.0,-4.0,0
101.300,0,2,0.0,-4.0,0
101.300,0,2,0.0,-4.0,0
101.400,0,2,0.0,-4.0,0
101.400,0,2,0.0,-4.0,0
101.400,0,2,0.0,-4.0,0
101.400,0,2,0.0,-4.0,0
101.500,0,2,0.0,-4.0,0
101.500,0,2,0.0,-4.0,0
101.500,0,2,0.0,-4.0,0
101.600,0,2,0.0,-4.0,0
101.600,0,2,0.0,-4.0,0
101.600,0,2,0.0,-4.0,0
101.600,0,2,0.0,-4.0,0
101.700,0,2,0.0,-4.0,0
101.700,0,2,0.0,-4.0,0
101.700,0,2,0.0,-4.0,0
101.700,0,2,0.0,-4.0,0
101.800,0,2,0.0,-4.0,0
101.800,0,2,0.0,-4.0,0
101.800,0,2,0.0,-4.0,0
101.900,0,2,0.0,-4.0,0
101.900,0,2,0.0,-4.0,0
101.900,0,2,0.0,-4.0,0
101.900,0,2,0.0,-4.0,0
102.000,0,2,0.0,-4.0,0
102.000,0,2,0.0,-4.0,0
102.000,0,2,0.0,-4.0,0
102.100,0,2,0.0,-4.0,0
102.100,0,2,0.0,-4.0,0
102.100,0,2,0.0,-4.0,0
102.100,0,2,0.0,-4.0,0
102.200,0,2,0.0,-4.0,0
102.200,0,2,0.0,-4.0,0
102.200,0,2,0.0,-4.0,0
102.300,0,2,0.0,-4.0,0
102.300,0,2,0.0,-4.0,0
102.300,0,2,0.0,-4.0,0
102.300,0,2,0.0,-4.0,0
102.400,0,2,0.0,-4.0,0
102.400,0,2,0.0,-4.0,0
102.400,0,2,0.0,-4.0,0
102.400,0,2,0.0,-4.0,0
102.500,0,2,0.0,-4.0,0
102.500,0,2,0.0,-4.0,0
102.500,0,2,0.0,-4.0,0
102.600,0,2,0.0,-4.0,0
102.600,0,2,0.0,-4.0,0
102.600,0,2,0.0,-4.0,0
102.600,0,2,0.0,-4.0,0
102.700,0,2,0.0,-4.0,0
102.700,0,2,0.0,-4.0,0
102.700,0,2,0.0,-4.0,0
102.800,0,2,0.0,-4.0,0
102.800,0,2,0.0,-4.0,0
102.800,0,2,0.0,-4.0,0
102.800,0,2,0.0,-4.0,0
102.900,0,2,0.0,-4.0,0
102.900,0,2,0.0,-4.0,0
102.900,0,2,0.0,-4.0,0
103.000,0,2,0.0,-4.0,0
103.000,0,2,0.0,-4.0,0
103.000,0,2,0.0,-4.0,0
103.000,0,2,0.0,-4.0,0
103.100,0,2,0.0,-4.0,0
103.100,0,2,0.0,-4.0,0
103.100,0,2,0.0,-4.0,0
103.200,0,2,0.0,-4.0,0
103.200,0,2,0.0,-4.0,0
103.200,0,2,0.0,-4.0,0
103.200,0,2,0.0,-4.0,0
103.300,0,2,0.0,-4.0,0
103.300,0,2,0.0,-4.0,0
103.300,0,2,0.0,-4.0,0
103.300,0,2,0.0,-4.0,0
103.400,0,2,0.0,-4.0,0
103.400,0,2,0.0,-4.0,0
103.400,0,2,0.0,-4.0,0
103.500,0,2,0.0,-4.0,0
103.500,0,2,0.0,-4.0,0
103.500,0,2,0.0,-4.0,0
103.500,0,2,0.0,-4.0,0
103.600,0,2,0.0,-4.0,0
103.600,0,2,0.0,-4.0,0
103.600,0,2,0.0,-4.0,0
103.700,0,2,0.0,-4.0,0
103.700,0,2,0.0,-4.0,0
103.700,0,2,0.0,-4.0,0
103.700,0,2,0.0,-4.0,0
103.800,0,2,0.0,-4.0,0
103.800,0,2,0.0,-4.0,0
103.800,0,2,0.0,-4.0,0
103.900,0,2,0.0,-4.0,0
103.900,0,2,0.0,-4.0,0
103.900,0,2,0.0,-4.0,0
103.900,0,2,0.0,-4.0,0
104.000,0,2,0.0,-4.0,0
104.000,0,2,0.0,-4.0,0
104.000,0,2,0.0,-4.0,0
104.000,0,2,0.0,-4.0,0
104.100,0,2,0.0,-4.0,0
104.100,0,2,0.0,-4.0,0
104.100,0,2,0.0,-4.0,0
104.200,0,2,0.0,-4.0,0
104.200,0,2,0.0,-4.0,0
104.200,0,2,0.0,-4.0,0
104.200,0,2,0.0,-4.0,0
104.300,0,2,0.0,-4.0,0
104.300,0,2,0.0,-4.0,0
104.300,0,2,0.0,-4.0,0
104.400,0,2,0.0,-4.0,0
104.400,0,2,0.0,-4.0,0
104.400,0,2,0.0,-4.0,0
104.400,0,2,0.0,-4.0,0
104.500,0,2,0.0,-4.0,0
104.500,0,2,0.0,-4.0,0
104.500,0,2,0.0,-4.0,0
104.600,0,2,0.0,-4.0,0
104.600,0,2,0.0,-4.0,0
104.600,0,2,0.0,-4.0,0
104.600,0,2,0.0,-4.0,0
104.700,0,2,0.0,-4.0,0
104.700,0,2,0.0,-4.0,0
104.700,0,2,0.0,-4.0,0
104.700,0,2,0.0,-4.0,0
104.800,0,2,0.0,-4.0,0
104.800,0,2,0.0,-4.0,0
104.800,0,2,0.0,-4.0,0
104.900,0,2,0.0,-4.0,0
104.900,0,2,0.0,-4.0,0
104.900,0,2,0.0,-4.0,0
104.900,0,2,0.0,-4.0,0
105.000,0,2,0.0,-4.0,0
105.000,0,2,0.0,-4.0,0
105.000,0,2,0.0,-4.0,0
105.100,0,2,0.0,-4.0,0
105.100,0,2,0.0,-4.0,0
105.100,0,2,0.0,-4.0,0
105.100,0,2,0.0,-4.0,0
105.200,0,2,0.0,-4.0,0
105.200,0,2,0.0,-4.0,0
105.200,0,2,0.0,-4.0,0
105.300,0,2,0.0,-4.0,0
105.300,0,2,0.0,-4.0,0
105.300,0,2,0.0,-4.0,0
105.300,0,2,0.0,-4.0,0
105.400,0,2,0.0,-4.0,0
105.400,0,2,0.0,-4.0,0
105.400,0,2,0.0,-4.0,0
105.400,0,2,0.0,-4.0,0
105.500,0,2,0.0,-4.0,0
105.500,0,2,0.0,-4.0,0
105.500,0,2,0.0,-4.0,0
105.600,0,2,0.0,-4.0,0
105.600,0,2,0.0,-4.0,0
105.600,0,2,0.0,-4.0,0
105.600,0,2,0.0,-4.0,0
105.700,0,2,0.0,-4.0,0
105.700,0,2,0.0,-4.0,0
105.700,0,2,0.0,-4.0,0
105.800,0,2,0.0,-4.0,0
105.800,0,2,0.0,-4.0,0
105.800,0,2,0.0,-4.0,0
105.800,0,2,0.0,-4.0,0
105.900,0,2,0.0,-4.0,0
105.900,0,2,0.0,-4.0,0
105.900,0,2,0.0,-4.0,0
106.000,0,2,0.0,-4.0,0
106.000,0,2,0.0,-4.0,0
106.000,0,2,0.0,-4.0,0
106.000,0,2,0.0,-4.0,0
106.100,0,2,0.0,-4.0,0
106.100,0,2,0.0,-4.0,0
106.100,0,2,0.0,-4.0,0
106.200,0,2,0.0,-4.0,0
106.200,0,2,0.0,-4.0,0
106.200,0,2,0.0,-4.0,0
106.200,0,2,0.0,-4.0,0
106.300,0,2,0.0,-4.0,0
106.300,0,2,0.0,-4.0,0
106.300,0,2,0.0,-4.0,0
106.300,0,2,0.0,-4.0,0
106.400,0,2,0.0,-4.0,0
106.400,0,2,0.0,-4.0,0
106.400,0,2,0.0,-4.0,0
106.500,0,2,0.0,-4.0,0
106.500,0,2,0.0,-4.0,0
106.500,0,2,0.0,-4.0,0
106.500,0,2,0.0,-4.0,0
106.600,0,2,0.0,-4.0,0
106.600,0,2,0.0,-4.0,0
106.600,0,2,0.0,-4.0,0
106.700,0,2,0.0,-4.0,0
106.700,0,2,0.0,-4.0,0
106.700,0,2,0.0,-4.0,0
106.700,0,2,0.0,-4.0,0
106.800,0,2,0.0,-4.0,0
106.800,0,2,0.0,-4.0,0
106.800,0,2,0.0,-4.0,0
106.900,0,2,0.0,-4.0,0
106.900,0,2,0.0,-4.0,0
106.900,0,2,0.0,-4.0,0
106.900,0,2,0.0,-4.0,0
107.000,0,2,0.0,-4.0,0
107.000,0,2,0.0,-4.0,0
107.000,0,2,0.0,-4.0,0
107.000,0,2,0.0,-4.0,0
107.100,0,2,0.0,-4.0,0
107.100,0,2,0.0,-4.0,0
107.100,0,2,0.0,-4.0,0
107.200,0,2,0.0,-4.0,0
107.200,0,2,0.0,-4.0,0
107.200,0,2,0.0,-4.0,0
107.200,0,2,0.0,-4.0,0
107.300,0,2,0.0,-4.0,0
107.300,0,2,0.0,-4.0,0
107.300,0,2,0.0,-4.0,0
107.400,0,2,0.0,-4.0,0
107.400,0,2,0.0,-4.0,0
107.400,0,2,0.0,-4.0,0
107.400,0,2,0.0,-4.0,0
107.500,0,2,0.0,-4.0,0
107.500,0,2,0.0,-4.0,0
107.500,0,2,0.0,-4.0,0
107.600,0,2,0.0,-4.0,0
107.600,0,2,0.0,-4.0,0
107.600,0,2,0.0,-4.0,0
107.600,0,2,0.0,-4.0,0
107.700,0,2,0.0,-4.0,0
107.700,0,2,0.0,-4.0,0
107.700,0,2,0.0,-4.0,0
107.800,0,2,0.0,-4.0,0
107.800,0,2,0.0,-4.0,0
107.800,0,2,0.0,-4.0,0
107.800,0,2,0.0,-4.0,0
107.900,0,2,0.0,-4.0,0
107.900,0,2,0.0,-4.0,0
107.900,0,2,0.0,-4.0,0
107.900,0,2,0.0,-4.0,0
108.000,0,2,0.0,-4.0,0
108.000,0,2,0.0,-4.0,0
108.000,0,2,0.0,-4.0,0
108.100,0,2,0.0,-4.0,0
108.100,0,2,0.0,-4.0,0
108.100,0,2,0.0,-4.0,0
108.100,0,2,0.0,-4.0,0
108.200,0,2,0.0,-4.0,0
108.200,0,2,0.0,-4.0,0
108.200,0,2,0.0,-4.0,0
108.300,0,2,0.0,-4.0,0
108.300,0,2,0.0,-4.0,0
108.300,0,2,0.0,-4.0,0
108.300,0,2,0.0,-4.0,0
108.400,0,2,0.0,-4.0,0
108.400,0,2,0.0,-4.0,0
108.400,0,2,0.0,-4.0,0
108.500,0,2,0.0,-4.0,0
108.500,0,2,0.0,-4.0,0
108.500,0,2,0.0,-4.0,0
108.500,0,2,0.0,-4.0,0
108.600,0,2,0.0,-4.0,0
108.600,0,2,0.0,-4.0,0
108.600,0,2,0.0,-4.0,0
108.600,0,2,0.0,-4.0,0
108.700,0,2,0.0,-4.0,0
108.700,0,2,0.0,-4.0,0
108.700,0,2,0.0,-4.0,0
108.800,0,2,0.0,-4.0,0
108.800,0,2,0.0,-4.0,0
108.800,0,2,0.0,-4.0,0
108.800,0,2,0.0,-4.0,0
108.900,0,2,0.0,-4.0,0
108.900,0,2,0.0,-4.0,0
108.900,0,2,0.0,-4.0,0
109.000,0,2,0.0,-4.0,0
109.000,0,2,0.0,-4.0,0
109.000,0,2,0.0,-4.0,0
109.000,0,2,0.0,-4.0,0
109.100,0,2,0.0,-4.0,0
109.100,0,2,0.0,-4.0,0
109.100,0,2,0.0,-4.0,0
109.200,0,2,0.0,-4.0,0
109.200,0,2,0.0,-4.0,0
109.200,0,2,0.0,-4.0,0
109.200,0,2,0.0,-4.0,0
109.300,0,2,0.0,-4.0,0
109.300,0,2,0.0,-4.0,0
109.300,0,2,0.0,-4.0,0
109.300,0,2,0.0,-4.0,0
109.400,0,2,0.0,-4.0,0
109.400,0,2,0.0,-4.0,0
109.400,0,2,0.0,-4.0,0
109.500,0,2,0.0,-4.0,0
109.500,0,2,0.0,-4.0,0
109.500,0,2,0.0,-4.0,0
109.500,0,2,0.0,-4.0,0
109.600,0,2,0.0,-4.0,0
109.600,0,2,0.0,-4.0,0
109.600,0,2,0.0,-4.0,0
109.700,0,2,0.0,-4.0,0
109.700,0,2,0.0,-4.0,0
109.700,0,2,0.0,-4.0,0
109.700,0,2,0.0,-4.0,0
109.800,0,2,0.0,-4.0,0
109.800,0,2,0.0,-4.0,0
109.800,0,2,0.0,-4.0,0
109.900,0,2,0.0,-4.0,0
109.900,0,2,0.0,-4.0,0
109.900,0,2,0.0,-4.0,0
109.900,0,2,0.0,-4.0,0
110.000,0,2,0.0,-4.0,0
110.000,0,2,0.0,-4.0,0
110.000,0,2,0.0,-4.0,0
110.100,0,2,0.0,-4.0,0
110.100,0,2,0.0,-4.0,0
110.100,0,2,0.0,-4.0,0
110.100,0,2,0.0,-4.0,0
110.200,0,2,0.0,-4.0,0
110.200,0,2,0.0,-4.0,0
110.200,0,2,0.0,-4.0,0
110.200,0,2,0.0,-4.0,0
110.300,0,2,0.0,-4.0,0
110.300,0,2,0.0,-4.0,0
110.300,0,2,0.0,-4.0,0
110.400,0,2,0.0,-4.0,0
110.400,0,2,0.0,-4.0,0
110.400,0,2,0.0,-4.0,0
110.400,0,2,0.0,-4.0,0
110.500,0,2,0.0,-4.0,0
110.500,0,2,0.0,-4.0,0
110.500,0,2,0.0,-4.0,0
110.600,0,2,0.0,-4.0,0
110.600,0,2,0.0,-4.0,0
110.600,0,2,0.0,-4.0,0
110.600,0,2,0.0,-4.0,0
110.700,0,2,0.0,-4.0,0
110.700,0,2,0.0,-4.0,0
110.700,0,2,0.0,-4.0,0
110.800,0,2,0.0,-4.0,0
110.800,0,2,0.0,-4.0,0
110.800,0,2,0.0,-4.0,0
110.800,0,2,0.0,-4.0,0
110.900,0,2,0.0,-4.0,0
110.900,0,2,0.0,-4.0,0
110.900,0,2,0.0,-4.0,0
110.900,0,2,0.0,-4.0,0
111.000,0,2,0.0,-4.0,0
111.000,0,2,0.0,-4.0,0
111.000,0,2,0.0,-4.0,0
111.100,0,2,0.0,-4.0,0
111.100,0,2,0.0,-4.0,0
111.100,0,2,0.0,-4.0,0
111.100,0,2,0.0,-4.0,0
111.200,0,2,0.0,-4.0,0
111.200,0,2,0.0,-4.0,0
111.200,0,2,0.0,-4.0,0
111.300,0,2,0.0,-4.0,0
111.300,0,2,0.0,-4.0,0
111.300,0,2,0.0,-4.0,0
111.300,0,2,0.0,-4.0,0
111.400,0,2,0.0,-4.0,0
111.400,0,2,0.0,-4.0,0
111.400,0,2,0.0,-4.0,0
111.500,0,2,0.0,-4.0,0
111.500,0,2,0.0,-4.0,0
111.500,0,2,0.0,-4.0,0
111.500,0,2,0.0,-4.0,0
111.600,0,2,0.0,-4.0,0
111.600,0,2,0.0,-4.0,0
111.600,0,2,0.0,-4.0,0
111.700,0,2,0.0,-4.0,0
111.700,0,2,0.0,-4.0,0
111.700,0,2,0.0,-4.0,0
111.700,0,2,0.0,-4.0,0
111.800,0,2,0.0,-4.0,0
111.800,0,2,0.0,-4.0,0
111.800,0,2,0.0,-4.0,0
111.800,0,2,0.0,-4.0,0
111.900,0,2,0.0,-4.0,0
111.900,0,2,0.0,-4.0,0
111.900,0,2,0.0,-4.0,0
112.000,0,2,0.0,-4.0,0
112.000,0,2,0.0,-4.0,0
112.000,0,2,0.0,-4.0,0
112.000,0,2,0.0,-4.0,0
112.100,0,2,0.0,-4.0,0
112.100,0,2,0.0,-4.0,0
112.100,0,2,0.0,-4.0,0
112.200,0,2,0.0,-4.0,0
112.200,0,2,0.0,-4.0,0
112.200,0,2,0.0,-4.0,0
112.200,0,2,0.0,-4.0,0
112.300,0,2,0.0,-4.0,0
112.300,0,2,0.0,-4.0,0
112.300,0,2,0.0,-4.0,0
112.400,0,2,0.0,-4.0,0
112.400,0,2,0.0,-4.0,0
112.400,0,2,0.0,-4.0,0
112.400,0,2,0.0,-4.0,0
112.500,0,2,0.0,-4.0,0
112.500,0,2,0.0,-4.0,0
112.500,0,2,0.0,-4.0,0
112.500,0,2,0.0,-4.0,0
112.600,0,2,0.0,-4.0,0
112.600,0,2,0.0,-4.0,0
112.600,0,2,0.0,-4.0,0
112.700,0,2,0.0,-4.0,0
112.700,0,2,0.0,-4.0,0
112.700,0,2,0.0,-4.0,0
112.700,0,2,0.0,-4.0,0
112.800,0,2,0.0,-4.0,0
112.800,0,2,0.0,-4.0,0
112.800,0,2,0.0,-4.0,0
112.900,0,2,0.0,-4.0,0
112.900,0,2,0.0,-4.0,0
112.900,0,2,0.0,-4.0,0
112.900,0,2,0.0,-4.0,0
113.000,0,2,0.0,-4.0,0
113.000,0,2,0.0,-4.0,0
113.000,0,2,0.0,-4.0,0
113.100,0,2,0.0,-4.0,0
113.100,0,2,0.0,-4.0,0
113.100,0,2,0.0,-4.0,0
113.100,0,2,0.0,-4.0,0
113.200,0,2,0.0,-4.0,0
113.200,0,2,0.0,-4.0,0
113.200,0,2,0.0,-4.0,0
113.200,0,2,0.0,-4.0,0
113.300,0,2,0.0,-4.0,0
113.300,0,2,0.0,-4.0,0
113.300,0,2,0.0,-4.0,0
113.400,0,2,0.0,-4.0,0
113.400,0,2,0.0,-4.0,0
113.400,0,2,0.0,-4.0,0
113.400,0,2,0.0,-4.0,0
113.500,0,2,0.0,-4.0,0
113.500,0,2,0.0,-4.0,0
113.500,0,2,0.0,-4.0,0
113.600,0,2,0.0,-4.0,0
113.600,0,2,0.0,-4.0,0
113.600,0,2,0.0,-4.0,0
113.600,0,2,0.0,-4.0,0
113.700,0,2,0.0,-4.0,0
113.700,0,2,0.0,-4.0,0
113.700,0,2,0.0,-4.0,0
113.800,0,2,0.0,-4.0,0
113.800,0,2,0.0,-4.0,0
113.800,0,2,0.0,-4.0,0
113.800,0,2,0.0,-4.0,0
113.900,0,2,0.0,-4.0,0
113.900,0,2,0.0,-4.0,0
113.900,0,2,0.0,-4.0,0
114.000,0,2,0.0,-4.0,0
114.000,0,2,0.0,-4.0,0
114.000,0,2,0.0,-4.0,0
114.000,0,2,0.0,-4.0,0
114.100,0,2,0.0,-4.0,0
114.100,0,2,0.0,-4.0,0
114.100,0,2,0.0,-4.0,0
114.100,0,2,0.0,-4.0,0
114.200,0,2,0.0,-4.0,0
114.200,0,2,0.0,-4.0,0
114.200,0,2,0.0,-4.0,0
114.300,0,2,0.0,-4.0,0
114.300,0,2,0.0,-4.0,0
114.300,0,2,0.0,-4.0,0
114.300,0,2,0.0,-4.0,0
114.400,0,2,0.0,-4.0,0
114.400,0,2,0.0,-4.0,0
114.400,0,2,0.0,-4.0,0
114.500,0,2,0.0,-4.0,0
114.500,0,2,0.0,-4.0,0
114.500,0,2,0.0,-4.0,0
114.500,0,2,0.0,-4.0,0
114.600,0,2,0.0,-4.0,0
114.600,0,2,0.0,-4.0,0
114.600,0,2,0.0,-4.0,0
114.700,0,2,0.0,-4.0,0
114.700,0,2,0.0,-4.0,0
114.700,0,2,0.0,-4.0,0
114.700,0,2,0.0,-4.0,0
114.801,0,2,0.0,-4.0,0
114.801,0,2,0.0,-4.0,0
114.801,0,2,0.0,-4.0,0
114.801,0,2,0.0,-4.0,0
114.901,0,2,0.0,-4.0,0
114.901,0,2,0.0,-4.0,0
114.901,0,2,0.0,-4.0,0
115.001,0,2,0.0,-4.0,0
115.001,0,2,0.0,-4.0,0
115.001,0,2,0.0,-4.0,0
115.001,0,2,0.0,-4.0,0
115.101,0,2,0.0,-4.0,0
115.101,0,2,0.0,-4.0,0
115.101,0,2,0.0,-4.0,0
115.201,0,2,0.0,-4.0,0
115.201,0,2,0.0,-4.0,0
115.201,0,2,0.0,-4.0,0
115.201,0,2,0.0,-4.0,0
115.301,0,2,0.0,-4.0,0
115.301,0,2,0.0,-4.0,0
115.301,0,2,0.0,-4.0,0
115.401,0,2,0.0,-4.0,0
115.401,0,2,0.0,-4.0,0
115.401,0,2,0.0,-4.0,0
115.401,0,2,0.0,-4.0,0
115.501,0,2,0.0,-4.0,0
115.501,0,2,0.0,-4.0,0
115.501,0,2,0.0,-4.0,0
115.501,0,2,0.0,-4.0,0
115.601,0,2,0.0,-4.0,0
115.601,0,2,0.0,-4.0,0
115.601,0,2,0.0,-4.0,0
115.701,0,2,0.0,-4.0,0
115.701,0,2,0.0,-4.0,0
115.701,0,2,0.0,-4.0,0
115.701,0,2,0.0,-4.0,0
115.801,0,2,0.0,-4.0,0
115.801,0,2,0.0,-4.0,0
115.801,0,2,0.0,-4.0,0
115.901,0,2,0.0,-4.0,0
115.901,0,2,0.0,-4.0,0
115.901,0,2,0.0,-4.0,0
115.901,0,2,0.0,-4.0,0
116.001,0,2,0.0,-4.0,0
116.001,0,2,0.0,-4.0,0
116.001,0,2,0.0,-4.0,0
116.101,0,2,0.0,-4.0,0
116.101,0,2,0.0,-4.0,0
116.101,0,2,0.0,-4.0,0
116.101,0,2,0.0,-4.0,0
116.201,0,2,0.0,-4.0,0
116.201,0,2,0.0,-4.0,0
116.201,0,2,0.0,-4.0,0
116.301,0,2,0.0,-4.0,0
116.301,0,2,0.0,-4.0,0
116.301,0,2,0.0,-4.0,0
116.301,0,2,0.0,-4.0,0
116.401,0,2,0.0,-4.0,0
116.401,0,2,0.0,-4.0,0
116.401,0,2,0.0,-4.0,0
116.401,0,2,0.0,-4.0,0
116.501,0,2,0.0,-4.0,0
116.501,0,2,0.0,-4.0,0
116.501,0,2,0.0,-4.0,0
116.601,0,2,0.0,-4.0,0
116.601,0,2,0.0,-4.0,0
116.601,0,2,0.0,-4.0,0
116.601,0,2,0.0,-4.0,0
116.701,0,2,0.0,-4.0,0
116.701,0,2,0.0,-4.0,0
116.701,0,2,0.0,-4.0,0
116.801,0,2,0.0,-4.0,0
116.801,0,2,0.0,-4.0,0
116.801,0,2,0.0,-4.0,0
116.801,0,2,0.0,-4.0,0
116.901,0,2,0.0,-4.0,0
116.901,0,2,0.0,-4.0,0
116.901,0,2,0.0,-4.0,0
117.001,0,2,0.0,-4.0,0
117.001,0,2,0.0,-4.0,0
117.001,0,2,0.0,-4.0,0
117.001,0,2,0.0,-4.0,0
117.101,0,2,0.0,-4.0,0
117.101,0,2,0.0,-4.0,0
117.101,0,2,0.0,-4.0,0
117.101,0,2,0.0,-4.0,0
117.201,0,2,0.0,-4.0,0
117.201,0,2,0.0,-4.0,0
117.201,0,2,0.0,-4.0,0
117.301,0,2,0.0,-4.0,0
117.301,0,2,0.0,-4.0,0
117.301,0,2,0.0,-4.0,0
117.301,0,2,0.0,-4.0,0
117.401,0,2,0.0,-4.0,0
117.401,0,2,0.0,-4.0,0
117.401,0,2,0.0,-4.0,0
117.501,0,2,0.0,-4.0,0
117.501,0,2,0.0,-4.0,0
117.501,0,2,0.0,-4.0,0
117.501,0,2,0.0,-4.0,0
117.601,0,2,0.0,-4.0,0
117.601,0,2,0.0,-4.0,0
117.601,0,2,0.0,-4.0,0
117.701,0,2,0.0,-4.0,0
117.701,0,2,0.0,-4.0,0
117.701,0,2,0.0,-4.0,0
117.701,0,2,0.0,-4.0,0
117.801,0,2,0.0,-4.0,0
117.801,0,2,0.0,-4.0,0
117.801,0,2,0.0,-4.0,0
117.901,0,2,0.0,-4.0,0
117.901,0,2,0.0,-4.0,0
117.901,0,2,0.0,-4.0,0
117.901,0,2,0.0,-4.0,0
118.001,0,2,0.0,-4.0,0
118.001,0,2,0.0,-4.0,0
118.001,0,2,0.0,-4.0,0
118.001,0,2,0.0,-4.0,0
118.101,0,2,0.0,-4.0,0
118.101,0,2,0.0,-4.0,0
118.101,0,2,0.0,-4.0,0
118.201,0,2,0.0,-4.0,0
118.201,0,2,0.0,-4.0,0
118.201,0,2,0.0,-4.0,0
118.201,0,2,0.0,-4.0,0
118.301,0,2,0.0,-4.0,0
118.301,0,2,0.0,-4.0,0
118.301,0,2,0.0,-4.0,0
118.401,0,2,0.0,-4.0,0
118.401,0,2,0.0,-4.0,0
118.401,0,2,0.0,-4.0,0
118.401,0,2,0.0,-4.0,0
118.501,0,2,0.0,-4.0,0
118.501,0,2,0.0,-4.0,0
118.501,0,2,0.0,-4.0,0
118.601,0,2,0.0,-4.0,0
118.601,0,2,0.0,-4.0,0
118.601,0,2,0.0,-4.0,0
118.601,0,2,0.0,-4.0,0
118.701,0,2,0.0,-4.0,0
118.701,0,2,0.0,-4.0,0
118.701,0,2,0.0,-4.0,0
118.701,0,2,0.0,-4.0,0
118.801,0,2,0.0,-4.0,0
118.801,0,2,0.0,-4.0,0
118.801,0,2,0.0,-4.0,0
118.901,0,2,0.0,-4.0,0
118.901,0,2,0.0,-4.0,0
118.901,0,2,0.0,-4.0,0
118.901,0,2,0.0,-4.0,0
119.001,0,2,0.0,-4.0,0
119.001,0,2,0.0,-4.0,0
119.001,0,2,0.0,-4.0,0
119.101,0,2,0.0,-4.0,0
119.101,0,2,0.0,-4.0,0
119.101,0,2,0.0,-4.0,0
119.101,0,2,0.0,-4.0,0
119.201,0,2,0.0,-4.0,0
119.201,0,2,0.0,-4.0,0
119.201,0,2,0.0,-4.0,0
119.301,0,2,0.0,-4.0,0
119.301,0,2,0.0,-4.0,0
119.301,0,2,0.0,-4.0,0
119.301,0,2,0.0,-4.0,0
119.401,0,2,0.0,-4.0,0
119.401,0,2,0.0,-4.0,0
119.401,0,2,0.0,-4.0,0
119.401,0,2,0.0,-4.0,0
119.501,0,2,0.0,-4.0,0
119.501,0,2,0.0,-4.0,0
119.501,0,2,0.0,-4.0,0
119.601,0,2,0.0,-4.0,0
119.601,0,2,0.0,-4.0,0
119.601,0,2,0.0,-4.0,0
119.601,0,2,0.0,-4.0,0
119.701,0,2,0.0,-4.0,0
119.701,0,2,0.0,-4.0,0
119.701,0,2,0.0,-4.0,0
119.801,0,2,0.0,-4.0,0
119.801,0,2,0.0,-4.0,0
119.801,0,2,0.0,-4.0,0
119.801,0,2,0.0,-4.0,0
119.901,0,2,0.0,-4.0,0
119.901,0,2,0.0,-4.0,0
119.901,0,2,0.0,-4.0,0
120.001,0,2,0.0,-4.0,0
120.001,0,2,0.0,-4.0,0
120.001,0,2,0.0,-4.0,0
120.001,0,2,0.0,-4.0,0
120.101,0,2,0.0,-4.0,0
120.101,0,2,0.0,-4.0,0
120.101,0,2,0.0,-4.0,0
120.201,0,2,0.0,-4.0,0
120.201,0,2,0.0,-4.0,0
120.201,0,2,0.0,-4.0,0
120.201,0,2,0.0,-4.0,0
120.301,0,2,0.0,-4.0,0
120.301,0,2,0.0,-4.0,0
120.301,0,2,0.0,-4.0,0
120.301,0,2,0.0,-4.0,0
120.401,0,2,0.0,-4.0,0
120.401,0,2,0.0,-4.0,0
120.401,0,2,0.0,-4.0,0
120.501,0,2,0.0,-4.0,0
120.501,0,2,0.0,-4.0,0
120.501,0,2,0.0,-4.0,0
120.501,0,2,0.0,-4.0,0
120.601,0,2,0.0,-4.0,0
120.601,0,2,0.0,-4.0,0
120.601,0,2,0.0,-4.0,0
120.701,0,2,0.0,-4.0,0
120.701,0,2,0.0,-4.0,0
120.701,0,2,0.0,-4.0,0
120.701,0,2,0.0,-4.0,0
120.801,0,2,0.0,-4.0,0
120.801,0,2,0.0,-4.0,0
120.801,0,2,0.0,-4.0,0
120.901,0,2,0.0,-4.0,0
120.901,0,2,0.0,-4.0,0
120.901,0,2,0.0,-4.0,0
120.901,0,2,0.0,-4.0,0
121.001,0,2,0.0,-4.0,0
121.001,0,2,0.0,-4.0,0
121.001,0,2,0.0,-4.0,0
121.001,0,2,0.0,-4.0,0
121.101,0,2,0.0,-4.0,0
121.101,0,2,0.0,-4.0,0
121.101,0,2,0.0,-4.0,0
121.201,0,2,0.0,-4.0,0
121.201,0,2,0.0,-4.0,0
121.201,0,2,0.0,-4.0,0
121.201,0,2,0.0,-4.0,0
121.301,0,2,0.0,-4.0,0
121.301,0,2,0.0,-4.0,0
121.301,0,2,0.0,-4.0,0
121.401,0,2,0.0,-4.0,0
121.401,0,2,0.0,-4.0,0
121.401,0,2,0.0,-4.0,0
121.401,0,2,0.0,-4.0,0
121.501,0,2,0.0,-4.0,0
121.501,0,2,0.0,-4.0,0
121.501,0,2,0.0,-4.0,0
121.601,0,2,0.0,-4.0,0
121.601,0,2,0.0,-4.0,0
121.601,0,2,0.0,-4.0,0
121.601,0,2,0.0,-4.0,0
121.701,0,2,0.0,-4.0,0
121.701,0,2,0.0,-4.0,0
121.701,0,2,0.0,-4.0,0
121.801,0,2,0.0,-4.0,0
121.801,0,2,0.0,-4.0,0
121.801,0,2,0.0,-4.0,0
121.801,0,2,0.0,-4.0,0
121.901,0,2,0.0,-4.0,0
121.901,0,2,0.0,-4.0,0
121.901,0,2,0.0,-4.0,0
121.901,0,2,0.0,-4.0,0
122.001,0,2,0.0,-4.0,0
122.001,0,2,0.0,-4.0,0
122.001,0,2,0.0,-4.0,0
122.101,0,2,0.0,-4.0,0
122.101,0,2,0.0,-4.0,0
122.101,0,2,0.0,-4.0,0
122.101,0,2,0.0,-4.0,0
122.201,0,2,0.0,-4.0,0
122.201,0,2,0.0,-4.0,0
122.201,0,2,0.0,-4.0,0
122.301,0,2,0.0,-4.0,0
122.301,0,2,0.0,-4.0,0
122.301,0,2,0.0,-4.0,0
122.301,0,2,0.0,-4.0,0
122.401,0,2,0.0,-4.0,0
122.401,0,2,0.0,-4.0,0
122.401,0,2,0.0,-4.0,0
122.501,0,2,0.0,-4.0,0
122.501,0,2,0.0,-4.0,0
122.501,0,2,0.0,-4.0,0
122.501,0,2,0.0,-4.0,0
122.601,0,2,0.0,-4.0,0
122.601,0,2,0.0,-4.0,0
122.601,0,2,0.0,-4.0,0
122.601,0,2,0.0,-4.0,0
122.701,0,2,0.0,-4.0,0
122.701,0,2,0.0,-4.0,0
122.701,0,2,0.0,-4.0,0
122.801,0,2,0.0,-4.0,0
122.801,0,2,0.0,-4.0,0
122.801,0,2,0.0,-4.0,0
122.801,0,2,0.0,-4.0,0
122.901,0,2,0.0,-4.0,0
122.901,0,2,0.0,-4.0,0
122.901,0,2,0.0,-4.0,0
123.001,0,2,0.0,-4.0,0
123.001,0,2,0.0,-4.0,0
123.001,0,2,0.0,-4.0,0
123.001,0,2,0.0,-4.0,0
123.101,0,2,0.0,-4.0,0
123.101,0,2,0.0,-4.0,0
123.101,0,2,0.0,-4.0,0
123.201,0,2,0.0,-4.0,0
123.201,0,2,0.0,-4.0,0
123.201,0,2,0.0,-4.0,0
123.201,0,2,0.0,-4.0,0
123.301,0,2,0.0,-4.0,0
123.301,0,2,0.0,-4.0,0
123.301,0,2,0.0,-4.0,0
123.301,0,2,0.0,-4.0,0
123.401,0,2,0.0,-4.0,0
123.401,0,2,0.0,-4.0,0
123.401,0,2,0.0,-4.0,0
123.501,0,2,0.0,-4.0,0
123.501,0,2,0.0,-4.0,0
123.501,0,2,0.0,-4.0,0
123.501,0,2,0.0,-4.0,0
123.601,0,2,0.0,-4.0,0
123.601,0,2,0.0,-4.0,0
123.601,0,2,0.0,-4.0,0
123.701,0,2,0.0,-4.0,0
123.701,0,2,0.0,-4.0,0
123.701,0,2,0.0,-4.0,0
123.701,0,2,0.0,-4.0,0
123.801,0,2,0.0,-4.0,0
123.801,0,2,0.0,-4.0,0
123.801,0,2,0.0,-4.0,0
123.901,0,2,0.0,-4.0,0
123.901,0,2,0.0,-4.0,0
123.901,0,2,0.0,-4.0,0
123.901,0,2,0.0,-4.0,0
124.001,0,2,0.0,-4.0,0
124.001,0,2,0.0,-4.0,0
124.001,0,2,0.0,-4.0,0
124.101,0,2,0.0,-4.0,0
124.101,0,2,0.0,-4.0,0
124.101,0,2,0.0,-4.0,0
124.101,0,2,0.0,-4.0,0
124.201,0,2,0.0,-4.0,0
124.201,0,2,0.0,-4.0,0
124.201,0,2,0.0,-4.0,0
124.201,0,2,0.0,-4.0,0
124.301,0,2,0.0,-4.0,0
124.301,0,2,0.0,-4.0,0
124.301,0,2,0.0,-4.0,0
124.401,0,2,0.0,-4.0,0
124.401,0,2,0.0,-4.0,0
124.401,0,2,0.0,-4.0,0
124.401,0,2,0.0,-4.0,0
124.501,0,2,0.0,-4.0,0
124.501,0,2,0.0,-4.0,0
124.501,0,2,0.0,-4.0,0
124.601,0,2,0.0,-4.0,0
124.601,0,2,0.0,-4.0,0
124.601,0,2,0.0,-4.0,0
124.601,0,2,0.0,-4.0,0
124.701,0,2,0.0,-4.0,0
124.701,0,2,0.0,-4.0,0
124.701,0,2,0.0,-4.0,0
124.801,0,2,0.0,-4.0,0
124.801,0,2,0.0,-4.0,0
124.801,0,2,0.0,-4.0,0
124.801,0,2,0.0,-4.0,0
124.901,0,2,0.0,-4.0,0
124.901,0,2,0.0,-4.0,0
124.901,0,2,0.0,-4.0,0
124.901,0,2,0.0,-4.0,0
125.001,0,2,0.0,-4.0,0
125.001,0,2,0.0,-4.0,0
125.001,0,2,0.0,-4.0,0
125.101,0,2,0.0,-4.0,0
125.101,0,2,0.0,-4.0,0
125.101,0,2,0.0,-4.0,0
125.101,0,2,0.0,-4.0,0
125.201,0,2,0.0,-4.0,0
125.201,0,2,0.0,-4.0,0
125.201,0,2,0.0,-4.0,0
125.301,0,2,0.0,-4.0,0
125.301,0,2,0.0,-4.0,0
125.301,0,2,0.0,-4.0,0
125.301,0,2,0.0,-4.0,0
125.401,0,2,0.0,-4.0,0
125.401,0,2,0.0,-4.0,0
125.401,0,2,0.0,-4.0,0
125.501,0,2,0.0,-4.0,0
125.501,0,2,0.0,-4.0,0
125.501,0,2,0.0,-4.0,0
125.501,0,2,0.0,-4.0,0
125.601,0,2,0.0,-4.0,0
125.601,0,2,0.0,-4.0,0
125.601,0,2,0.0,-4.0,0
125.601,0,2,0.0,-4.0,0
125.701,0,2,0.0,-4.0,0
125.701,0,2,0.0,-4.0,0
125.701,0,2,0.0,-4.0,0
125.801,0,2,0.0,-4.0,0
125.801,0,2,0.0,-4.0,0
125.801,0,2,0.0,-4.0,0
125.801,0,2,0.0,-4.0,0
125.901,0,2,0.0,-4.0,0
125.901,0,2,0.0,-4.0,0
125.901,0,2,0.0,-4.0,0
126.001,0,2,0.0,-4.0,0
126.001,0,2,0.0,-4.0,0
126.001,0,2,0.0,-4.0,0
126.001,0,2,0.0,-4.0,0
126.101,0,2,0.0,-4.0,0
126.101,0,2,0.0,-4.0,0
126.101,0,2,0.0,-4.0,0
126.201,0,2,0.0,-4.0,0
126.201,0,2,0.0,-4.0,0
126.201,0,2,0.0,-4.0,0
126.201,0,2,0.0,-4.0,0
126.301,0,2,0.0,-4.0,0
126.301,0,2,0.0,-4.0,0
126.301,0,2,0.0,-4.0,0
126.401,0,2,0.0,-4.0,0
126.401,0,2,0.0,-4.0,0
126.401,0,2,0.0,-4.0,0
126.401,0,2,0.0,-4.0,0
126.501,0,2,0.0,-4.0,0
126.501,0,2,0.0,-4.0,0
126.501,0,2,0.0,-4.0,0
126.501,0,2,0.0,-4.0,0
126.601,0,2,0.0,-4.0,0
126.601,0,2,0.0,-4.0,0
126.601,0,2,0.0,-4.0,0
126.701,0,2,0.0,-4.0,0
126.701,0,2,0.0,-4.0,0
126.701,0,2,0.0,-4.0,0
126.701,0,2,0.0,-4.0,0
126.801,0,2,0.0,-4.0,0
126.801,0,2,0.0,-4.0,0
126.801,0,2,0.0,-4.0,0
126.901,0,2,0.0,-4.0,0
126.901,0,2,0.0,-4.0,0
126.901,0,2,0.0,-4.0,0
126.901,0,2,0.0,-4.0,0
127.001,0,2,0.0,-4.0,0
127.001,0,2,0.0,-4.0,0
127.001,0,2,0.0,-4.0,0
127.101,0,2,0.0,-4.0,0
127.101,0,2,0.0,-4.0,0
127.101,0,2,0.0,-4.0,0
127.101,0,2,0.0,-4.0,0
127.201,0,2,0.0,-4.0,0
127.201,0,2,0.0,-4.0,0
127.201,0,2,0.0,-4.0,0
127.201,0,2,0.0,-4.0,0
127.301,0,2,0.0,-4.0,0
127.301,0,2,0.0,-4.0,0
127.301,0,2,0.0,-4.0,0
127.401,0,2,0.0,-4.0,0
127.401,0,2,0.0,-4.0,0
127.401,0,2,0.0,-4.0,0
127.401,0,2,0.0,-4.0,0
127.501,0,2,0.0,-4.0,0
127.501,0,2,0.0,-4.0,0
127.501,0,2,0.0,-4.0,0
127.601,0,2,0.0,-4.0,0
127.601,0,2,0.0,-4.0,0
127.601,0,2,0.0,-4.0,0
127.601,0,2,0.0,-4.0,0
127.701,0,2,0.0,-4.0,0
127.701,0,2,0.0,-4.0,0
127.701,0,2,0.0,-4.0,0
127.801,0,2,0.0,-4.0,0
127.801,0,2,0.0,-4.0,0
127.801,0,2,0.0,-4.0,0
127.801,0,2,0.0,-4.0,0
127.901,0,2,0.0,-4.0,0
127.901,0,2,0.0,-4.0,0
127.901,0,2,0.0,-4.0,0
128.001,0,2,0.0,-4.0,0
128.001,0,2,0.0,-4.0,0
128.001,0,2,0.0,-4.0,0
128.001,0,2,0.0,-4.0,0
128.101,0,2,0.0,-4.0,0
128.101,0,2,0.0,-4.0,0
128.101,0,2,0.0,-4.0,0
128.101,0,2,0.0,-4.0,0
128.201,0,2,0.0,-4.0,0
128.201,0,2,0.0,-4.0,0
128.201,0,2,0.0,-4.0,0
128.301,0,2,0.0,-4.0,0
128.301,0,2,0.0,-4.0,0
128.301,0,2,0.0,-4.0,0
128.301,0,2,0.0,-4.0,0
128.401,0,2,0.0,-4.0,0
128.401,0,2,0.0,-4.0,0
128.401,0,2,0.0,-4.0,0
128.501,0,2,0.0,-4.0,0
128.501,0,2,0.0,-4.0,0
128.501,0,2,0.0,-4.0,0
128.501,0,2,0.0,-4.0,0
128.601,0,0,0.0,0.0,0
128.601,0,0,0.0,0.0,0
128.601,0,0,0.0,0.0,0
128.701,0,0,0.0,0.0,0
128.701,0,0,0.0,0.0,0
128.701,0,0,0.0,0.0,0
128.701,0,0,0.0,0.0,0
128.801,2,2,-29.0,-2.0,0
128.801,2,2,-29.0,-2.0,0
128.801,2,2,-29.0,-2.0,0
128.801,2,2,-29.0,-2.0,0
128.901,2,2,-29.0,-2.0,0
128.901,2,2,-29.0,-2.0,0
128.901,2,2,-29.0,-2.0,0
129.001,2,2,-29.0,-2.0,0
129.001,2,2,-29.0,-2.0,0
129.001,2,2,-29.0,-2.0,0
129.001,2,2,-29.0,-2.0,0
129.101,2,2,-29.0,-2.0,0
129.101,2,2,-29.0,-2.0,0
129.101,2,2,-29.0,-2.0,0
129.201,2,2,-29.0,-2.0,0
129.201,2,2,-29.0,-2.0,0
129.201,2,2,-29.0,-2.0,0
129.201,2,2,-29.0,-2.0,0
129.301,2,2,-29.0,-2.0,0
129.301,2,2,-29.0,-2.0,0
129.301,2,2,-29.0,-2.0,0
129.401,2,2,-29.0,-2.0,0
129.401,2,2,-29.0,-2.0,0
129.401,2,2,-29.0,-2.0,0
129.401,2,2,-29.0,-2.0,0
129.501,2,2,-29.0,-2.0,0
129.501,2,2,-29.0,-2.0,0
129.501,2,2,-29.0,-2.0,0
129.501,2,2,-29.0,-2.0,0
129.601,2,2,-29.0,-2.0,0
129.601,2,2,-29.0,-2.0,0
129.601,2,2,-29.0,-2.0,0
129.701,2,2,-29.0,-2.0,0
129.701,2,2,-29.0,-2.0,0
129.701,2,2,-29.0,-2.0,0
129.701,2,2,-29.0,-2.0,0
129.801,2,2,-29.0,-2.0,0
129.801,2,2,-29.0,-2.0,0
129.801,2,2,-29.0,-2.0,0
129.901,2,2,-29.0,-2.0,0
129.901,2,2,-29.0,-2.0,0
129.901,2,2,-29.0,-2.0,0
129.901,2,2,-29.0,-2.0,0
130.001,2,2,-29.0,-2.0,0
130.001,2,2,-29.0,-2.0,0
130.001,2,2,-29.0,-2.0,0
130.101,2,2,-29.0,-2.0,0
130.101,2,2,-29.0,-2.0,0
130.101,2,2,-29.0,-2.0,0
130.101,2,2,-29.0,-2.0,0
130.201,2,2,-29.0,-2.0,0
130.201,2,2,-29.0,-2.0,0
130.201,2,2,-29.0,-2.0,0
130.301,2,2,-29.0,-2.0,0
130.301,2,2,-29.0,-2.0,0
130.301,2,2,-29.0,-2.0,0
130.301,2,2,-29.0,-2.0,0
130.401,2,2,-29.0,-2.0,0
130.401,2,2,-29.0,-2.0,0
130.401,2,2,-29.0,-2.0,0
130.401,2,2,-29.0,-2.0,0
130.501,2,2,-29.0,-2.0,0
130.501,2,2,-29.0,-2.0,0
130.501,2,2,-29.0,-2.0,0
130.601,2,2,-29.0,-2.0,0
130.601,2,2,-29.0,-2.0,0
130.601,2,2,-29.0,-2.0,0
130.601,2,2,-29.0,-2.0,0
130.701,2,2,-29.0,-2.0,0
130.701,2,2,-29.0,-2.0,0
130.701,2,2,-29.0,-2.0,0
130.801,2,2,-29.0,-2.0,0
130.801,2,2,-29.0,-2.0,0
130.801,2,2,-29.0,-2.0,0
130.801,2,2,-29.0,-2.0,0
130.901,2,2,-29.0,-2.0,0
130.901,2,2,-29.0,-2.0,0
130.901,2,2,-29.0,-2.0,0
131.001,2,2,-29.0,-2.0,0
131.001,2,2,-29.0,-2.0,0
131.001,2,2,-29.0,-2.0,0
131.001,2,2,-29.0,-2.0,0
131.101,2,2,-29.0,-2.0,0
131.101,2,2,-29.0,-2.0,0
131.101,2,2,-29.0,-2.0,0
131.101,2,2,-29.0,-2.0,0
131.201,2,2,-29.0,-2.0,0
131.201,2,2,-29.0,-2.0,0
131.201,2,2,-29.0,-2.0,0
131.301,2,2,-29.0,-2.0,0
131.301,2,2,-29.0,-2.0,0
131.301,2,2,-29.0,-2.0,0
131.301,2,2,-29.0,-2.0,0
131.401,2,2,-29.0,-2.0,0
131.401,2,2,-29.0,-2.0,0
131.401,2,2,-29.0,-2.0,0
131.501,2,2,-29.0,-2.0,0
131.501,2,2,-29.0,-2.0,0
131.501,2,2,-29.0,-2.0,0
131.501,2,2,-29.0,-2.0,0
131.601,2,2,-29.0,-2.0,0
131.601,2,2,-29.0,-2.0,0
131.601,2,2,-29.0,-2.0,0
131.701,2,2,-29.0,-2.0,0
131.701,2,2,-29.0,-2.0,0
131.701,2,2,-29.0,-2.0,0
131.701,2,2,-29.0,-2.0,0
131.801,2,2,-29.0,-2.0,0
131.801,2,2,-29.0,-2.0,0
131.801,2,2,-29.0,-2.0,0
131.801,2,2,-29.0,-2.0,0
131.901,2,2,-29.0,-2.0,0
131.901,2,2,-29.0,-2.0,0
131.901,2,2,-29.0,-2.0,0
132.001,2,2,-29.0,-2.0,0
132.001,2,2,-29.0,-2.0,0
132.001,2,2,-29.0,-2.0,0
132.001,2,2,-29.0,-2.0,0
132.101,2,2,-29.0,-2.0,0
132.101,2,2,-29.0,-2.0,0
132.101,2,2,-29.0,-2.0,0
132.201,2,2,-29.0,-2.0,0
132.201,2,2,-29.0,-2.0,0
132.201,2,2,-29.0,-2.0,0
132.201,2,2,-29.0,-2.0,0
132.301,2,2,-29.0,-2.0,0
132.301,2,2,-29.0,-2.0,0
132.301,2,2,-29.0,-2.0,0
132.401,2,2,-29.0,-2.0,0
132.401,2,2,-29.0,-2.0,0
132.401,2,2,-29.0,-2.0,0
132.401,2,2,-29.0,-2.0,0
132.501,2,2,-29.0,-2.0,0
132.501,2,2,-29.0,-2.0,0
132.501,2,2,-29.0,-2.0,0
132.601,2,2,-29.0,-2.0,0
132.601,2,2,-29.0,-2.0,0
132.601,2,2,-29.0,-2.0,0
132.601,2,2,-29.0,-2.0,0
132.701,2,2,-29.0,-2.0,0
132.701,2,2,-29.0,-2.0,0
132.701,2,2,-29.0,-2.0,0
132.701,2,2,-29.0,-2.0,0
132.801,2,2,-29.0,-2.0,0
132.801,2,2,-29.0,-2.0,0
132.801,2,2,-29.0,-2.0,0
132.901,2,2,-29.0,-2.0,0
132.901,2,2,-29.0,-2.0,0
132.901,2,2,-29.0,-2.0,0
132.901,2,2,-29.0,-2.0,0
133.001,2,2,-29.0,-2.0,0
133.001,2,2,-29.0,-2.0,0
133.001,2,2,-29.0,-2.0,0
133.101,2,2,-29.0,-2.0,0
133.101,2,2,-29.0,-2.0,0
133.101,2,2,-29.0,-2.0,0
133.101,2,2,-29.0,-2.0,0
133.201,2,2,-29.0,-2.0,0
133.201,2,2,-29.0,-2.0,0
133.201,2,2,-29.0,-2.0,0
133.301,2,2,-29.0,-2.0,0
133.301,2,2,-29.0,-2.0,0
133.301,2,2,-29.0,-2.0,0
133.301,2,2,-29.0,-2.0,0
133.401,2,2,-29.0,-2.0,0
133.401,2,2,-29.0,-2.0,0
133.401,2,2,-29.0,-2.0,0
133.401,2,2,-29.0,-2.0,0
133.501,2,2,-29.0,-2.0,0
133.501,2,2,-29.0,-2.0,0
133.501,2,2,-29.0,-2.0,0
133.601,2,2,-29.0,-2.0,0
133.601,2,2,-29.0,-2.0,0
133.601,2,2,-29.0,-2.0,0
133.601,2,2,-29.0,-2.0,0
133.701,2,2,-29.0,-2.0,0
133.701,2,2,-29.0,-2.0,0
133.701,2,2,-29.0,-2.0,0
133.801,2,2,-29.0,-2.0,0
133.801,2,2,-29.0,-2.0,0
133.801,2,2,-29.0,-2.0,0
133.801,2,2,-29.0,-2.0,0
133.901,2,2,-29.0,-2.0,0
133.901,2,2,-29.0,-2.0,0
133.901,2,2,-29.0,-2.0,0
134.001,2,2,-29.0,-2.0,0
134.001,2,2,-29.0,-2.0,0
134.001,2,2,-29.0,-2.0,0
134.001,2,2,-29.0,-2.0,0
134.101,2,2,-29.0,-2.0,0
134.101,2,2,-29.0,-2.0,0
134.101,2,2,-29.0,-2.0,0
134.101,2,2,-29.0,-2.0,0
134.201,2,2,-29.0,-2.0,0
134.201,2,2,-29.0,-2.0,0
134.201,2,2,-29.0,-2.0,0
134.301,2,2,-29.0,-2.0,0
134.301,2,2,-29.0,-2.0,0
134.301,2,2,-29.0,-2.0,0
134.301,2,2,-29.0,-2.0,0
134.401,2,2,-29.0,-2.0,0
134.401,2,2,-29.0,-2.0,0
134.401,2,2,-29.0,-2.0,0
134.501,2,2,-29.0,-2.0,0
134.501,2,2,-29.0,-2.0,0
134.501,2,2,-29.0,-2.0,0
134.501,2,2,-29.0,-2.0,0
134.601,2,2,-29.0,-2.0,0
134.601,2,2,-29.0,-2.0,0
134.601,2,2,-29.0,-2.0,0
134.701,2,2,-29.0,-2.0,0
134.701,2,2,-29.0,-2.0,0
134.701,2,2,-29.0,-2.0,0
134.701,2,2,-29.0,-2.0,0
134.801,2,2,-29.0,-2.0,0
134.801,2,2,-29.0,-2.0,0
134.801,2,2,-29.0,-2.0,0
134.901,1,0,27.0,0.0,0
134.901,1,0,27.0,0.0,0
134.901,1,0,27.0,0.0,0
134.901,1,0,27.0,0.0,0
135.001,1,0,27.0,0.0,0
135.001,1,0,27.0,0.0,0
135.001,1,0,27.0,0.0,0
135.001,1,0,27.0,0.0,0
135.101,1,0,27.0,0.0,0
135.101,1,0,27.0,0.0,0
135.101,1,0,27.0,0.0,0
135.201,1,0,27.0,0.0,0
135.201,1,0,27.0,0.0,0
135.201,1,0,27.0,0.0,0
135.201,1,0,27.0,0.0,0
135.301,1,0,27.0,0.0,0
135.301,1,0,27.0,0.0,0
135.301,1,0,27.0,0.0,0
135.401,1,0,27.0,0.0,0
135.401,1,0,27.0,0.0,0
135.401,1,0,27.0,0.0,0
135.401,1,0,27.0,0.0,0
135.501,1,0,27.0,0.0,0
135.501,1,0,27.0,0.0,0
135.501,1,0,27.0,0.0,0
135.601,1,0,27.0,0.0,0
135.601,1,0,27.0,0.0,0
135.601,1,0,27.0,0.0,0
135.601,1,0,27.0,0.0,0
135.701,1,0,27.0,0.0,0
135.701,1,0,27.0,0.0,0
135.701,1,0,27.0,0.0,0
135.701,1,0,27.0,0.0,0
135.801,1,0,27.0,0.0,0
135.801,1,0,27.0,0.0,0
135.801,1,0,27.0,0.0,0
135.901,1,0,27.0,0.0,0
135.901,1,0,27.0,0.0,0
135.901,1,0,27.0,0.0,0
135.901,1,0,27.0,0.0,0
136.001,1,0,27.0,0.0,0
136.001,1,0,27.0,0.0,0
136.001,1,0,27.0,0.0,0
136.101,1,0,27.0,0.0,0
136.101,1,0,27.0,0.0,0
136.101,1,0,27.0,0.0,0
136.101,1,0,27.0,0.0,0
136.201,1,0,27.0,0.0,0
136.201,1,0,27.0,0.0,0
136.201,1,0,27.0,0.0,0
136.301,1,0,27.0,0.0,0
136.301,1,0,27.0,0.0,0
136.301,1,0,27.0,0.0,0
136.301,1,0,27.0,0.0,0
136.401,1,0,27.0,0.0,0
136.401,1,0,27.0,0.0,0
136.401,1,0,27.0,0.0,0
136.401,1,0,27.0,0.0,0
136.501,1,0,27.0,0.0,0
136.501,1,0,27.0,0.0,0
136.501,1,0,27.0,0.0,0
136.601,1,0,27.0,0.0,0
136.601,1,0,27.0,0.0,0
136.601,1,0,27.0,0.0,0
136.601,1,0,27.0,0.0,0
136.701,1,0,27.0,0.0,0
136.701,1,0,27.0,0.0,0
136.701,1,0,27.0,0.0,0
136.801,1,0,27.0,0.0,0
136.801,1,0,27.0,0.0,0
136.801,1,0,27.0,0.0,0
136.801,1,0,27.0,0.0,0
136.901,1,0,27.0,0.0,0
136.901,1,0,27.0,0.0,0
136.901,1,0,27.0,0.0,0
137.001,1,0,27.0,0.0,0
137.001,1,0,27.0,0.0,0
137.001,1,0,27.0,0.0,0
137.001,1,0,27.0,0.0,0
137.101,1,0,27.0,0.0,0
137.101,1,0,27.0,0.0,0
137.101,1,0,27.0,0.0,0
137.201,1,0,27.0,0.0,0
137.201,1,0,27.0,0.0,0
137.201,1,0,27.0,0.0,0
137.201,1,0,27.0,0.0,0
137.301,1,0,27.0,0.0,0
137.301,1,0,27.0,0.0,0
137.301,1,0,27.0,0.0,0
137.301,1,0,27.0,0.0,0
137.401,1,0,27.0,0.0,0
137.401,1,0,27.0,0.0,0
137.401,1,0,27.0,0.0,0
137.501,1,0,27.0,0.0,0
137.501,1,0,27.0,0.0,0
137.501,1,0,27.0,0.0,0
137.501,1,0,27.0,0.0,0
137.601,1,0,27.0,0.0,0
137.601,1,0,27.0,0.0,0
137.601,1,0,27.0,0.0,0
137.701,1,0,27.0,0.0,0
137.701,1,0,27.0,0.0,0
137.701,1,0,27.0,0.0,0
137.701,1,0,27.0,0.0,0
137.801,1,0,27.0,0.0,0
137.801,1,0,27.0,0.0,0
137.801,1,0,27.0,0.0,0
137.901,1,0,27.0,0.0,0
137.901,1,0,27.0,0.0,0
137.901,1,0,27.0,0.0,0
137.901,1,0,27.0,0.0,0
138.001,1,0,27.0,0.0,0
138.001,1,0,27.0,0.0,0
138.001,1,0,27.0,0.0,0
138.001,1,0,27.0,0.0,0
138.101,1,0,27.0,0.0,0
138.101,1,0,27.0,0.0,0
138.101,1,0,27.0,0.0,0
138.201,1,0,27.0,0.0,0
138.201,1,0,27.0,0.0,0
138.201,1,0,27.0,0.0,0
138.201,1,0,27.0,0.0,0
138.301,1,0,27.0,0.0,0
138.301,1,0,27.0,0.0,0
138.301,1,0,27.0,0.0,0
138.401,1,0,27.0,0.0,0
138.401,1,0,27.0,0.0,0
138.401,1,0,27.0,0.0,0
138.401,1,0,27.0,0.0,0
138.501,1,0,27.0,0.0,0
138.501,1,0,27.0,0.0,0
138.501,1,0,27.0,0.0,0
138.601,1,0,27.0,0.0,0
138.601,1,0,27.0,0.0,0
138.601,1,0,27.0,0.0,0
138.601,1,0,27.0,0.0,0
138.701,1,0,27.0,0.0,0
138.701,1,0,27.0,0.0,0
138.701,1,0,27.0,0.0,0
138.801,1,0,27.0,0.0,0
138.801,1,0,27.0,0.0,0
138.801,1,0,27.0,0.0,0
138.801,1,0,27.0,0.0,0
138.901,1,0,27.0,0.0,0
138.901,1,0,27.0,0.0,0
138.901,1,0,27.0,0.0,0
138.901,1,0,27.0,0.0,0
139.001,1,0,27.0,0.0,0
139.001,1,0,27.0,0.0,0
139.001,1,0,27.0,0.0,0
139.101,1,0,27.0,0.0,0
139.101,1,0,27.0,0.0,0
139.101,1,0,27.0,0.0,0
139.101,1,0,27.0,0.0,0
139.201,1,0,27.0,0.0,0
139.201,1,0,27.0,0.0,0
139.201,1,0,27.0,0.0,0
139.301,1,0,27.0,0.0,0
139.301,1,0,27.0,0.0,0
139.301,1,0,27.0,0.0,0
139.301,1,0,27.0,0.0,0
139.401,1,0,27.0,0.0,0
139.401,1,0,27.0,0.0,0
139.401,1,0,27.0,0.0,0
139.501,1,0,27.0,0.0,0
139.501,1,0,27.0,0.0,0
139.501,1,0,27.0,0.0,0
139.501,1,0,27.0,0.0,0
139.601,1,0,27.0,0.0,0
139.601,1,0,27.0,0.0,0
139.601,1,0,27.0,0.0,0
139.601,1,0,27.0,0.0,0
139.701,1,0,27.0,0.0,0
139.701,1,0,27.0,0.0,0
139.701,1,0,27.0,0.0,0
139.801,1,0,27.0,0.0,0
139.801,1,0,27.0,0.0,0
139.801,1,0,27.0,0.0,0
139.801,1,0,27.0,0.0,0
139.901,1,0,27.0,0.0,0
139.901,1,0,27.0,0.0,0
139.901,1,0,27.0,0.0,0
140.001,1,0,27.0,0.0,0
140.001,1,0,27.0,0.0,0
140.001,1,0,27.0,0.0,0
140.001,1,0,27.0,0.0,0
140.101,1,0,27.0,0.0,0
140.101,1,0,27.0,0.0,0
140.101,1,0,27.0,0.0,0
140.201,1,0,27.0,0.0,0
140.201,1,0,27.0,0.0,0
140.201,1,0,27.0,0.0,0
140.201,1,0,27.0,0.0,0
140.301,1,0,27.0,0.0,0
140.301,1,0,27.0,0.0,0
140.301,1,0,27.0,0.0,0
140.401,1,0,27.0,0.0,0
140.401,1,0,27.0,0.0,0
140.401,1,0,27.0,0.0,0
140.401,1,0,27.0,0.0,0
140.501,1,0,27.0,0.0,0
140.501,1,0,27.0,0.0,0
140.501,1,0,27.0,0.0,0
140.501,1,0,27.0,0.0,0
140.601,1,0,27.0,0.0,0
140.601,1,0,27.0,0.0,0
140.601,1,0,27.0,0.0,0
140.701,1,0,27.0,0.0,0
140.701,1,0,27.0,0.0,0
140.701,1,0,27.0,0.0,0
140.701,1,0,27.0,0.0,0
140.801,1,0,27.0,0.0,0
140.801,1,0,27.0,0.0,0
140.801,1,0,27.0,0.0,0
140.901,1,0,27.0,0.0,0
140.901,1,0,27.0,0.0,0
140.901,1,0,27.0,0.0,0
140.901,1,0,27.0,0.0,0
141.001,1,0,27.0,0.0,0
141.001,1,0,27.0,0.0,0
141.001,1,0,27.0,0.0,0
141.101,1,0,27.0,0.0,0
141.101,1,0,27.0,0.0,0
141.101,1,0,27.0,0.0,0
141.101,1,0,27.0,0.0,0
141.201,1,0,27.0,0.0,0
141.201,1,0,27.0,0.0,0
141.201,1,0,27.0,0.0,0
141.201,1,0,27.0,0.0,0
141.301,1,0,27.0,0.0,0
141.301,1,0,27.0,0.0,0
141.301,1,0,27.0,0.0,0
141.401,1,0,27.0,0.0,0
141.401,1,0,27.0,0.0,0
141.401,1,0,27.0,0.0,0
141.401,1,0,27.0,0.0,0
141.501,1,0,27.0,0.0,0
141.501,1,0,27.0,0.0,0
141.501,1,0,27.0,0.0,0
141.601,1,0,27.0,0.0,0
141.601,1,0,27.0,0.0,0
141.601,1,0,27.0,0.0,0
141.601,1,0,27.0,0.0,0
141.701,1,0,27.0,0.0,0
141.701,1,0,27.0,0.0,0
141.701,1,0,27.0,0.0,0
141.801,1,0,27.0,0.0,0
141.801,1,0,27.0,0.0,0
141.801,1,0,27.0,0.0,0
141.801,1,0,27.0,0.0,0
141.901,1,0,27.0,0.0,0
141.901,1,0,27.0,0.0,0
141.901,1,0,27.0,0.0,0
141.901,1,0,27.0,0.0,0
142.001,1,0,27.0,0.0,0
142.001,1,0,27.0,0.0,0
142.001,1,0,27.0,0.0,0
142.101,1,0,27.0,0.0,0
142.101,1,0,27.0,0.0,0
142.101,1,0,27.0,0.0,0
142.101,1,0,27.0,0.0,0
142.201,1,0,27.0,0.0,0
142.201,1,0,27.0,0.0,0
142.201,1,0,27.0,0.0,0
142.301,2,0,-22.0,0.0,0
142.301,2,0,-22.0,0.0,0
142.301,2,0,-22.0,0.0,0
142.301,2,0,-22.0,0.0,0
142.401,2,0,-22.0,0.0,0
142.401,2,0,-22.0,0.0,0
142.401,2,0,-22.0,0.0,0
142.501,2,0,-22.0,0.0,0
142.501,2,0,-22.0,0.0,0
142.501,2,0,-22.0,0.0,0
142.501,2,0,-22.0,0.0,0
142.601,2,0,-22.0,0.0,0
142.601,2,0,-22.0,0.0,0
142.601,2,0,-22.0,0.0,0
142.601,2,0,-22.0,0.0,0
142.701,2,0,-22.0,0.0,0
142.701,2,0,-22.0,0.0,0
142.701,2,0,-22.0,0.0,0
142.801,2,0,-22.0,0.0,0
142.801,2,0,-22.0,0.0,0
142.801,2,0,-22.0,0.0,0
142.801,2,0,-22.0,0.0,0
142.901,2,0,-22.0,0.0,0
142.901,2,0,-22.0,0.0,0
142.901,2,0,-22.0,0.0,0
143.001,2,0,-22.0,0.0,0
143.001,2,0,-22.0,0.0,0
143.001,2,0,-22.0,0.0,0
143.001,2,0,-22.0,0.0,0
143.101,2,0,-22.0,0.0,0
143.101,2,0,-22.0,0.0,0
143.101,2,0,-22.0,0.0,0
143.201,2,0,-22.0,0.0,0
143.201,2,0,-22.0,0.0,0
143.201,2,0,-22.0,0.0,0
143.201,2,0,-22.0,0.0,0
143.301,2,0,-22.0,0.0,0
143.301,2,0,-22.0,0.0,0
143.301,2,0,-22.0,0.0,0
143.401,2,0,-22.0,0.0,0
143.401,2,0,-22.0,0.0,0
143.401,2,0,-22.0,0.0,0
143.401,2,0,-22.0,0.0,0
143.501,2,0,-22.0,0.0,0
143.501,2,0,-22.0,0.0,0
143.501,2,0,-22.0,0.0,0
143.501,2,0,-22.0,0.0,0
143.601,2,0,-22.0,0.0,0
143.601,2,0,-22.0,0.0,0
143.601,2,0,-22.0,0.0,0
143.701,2,0,-22.0,0.0,0
143.701,2,0,-22.0,0.0,0
143.701,2,0,-22.0,0.0,0
143.701,2,0,-22.0,0.0,0
143.801,2,0,-22.0,0.0,0
143.801,2,0,-22.0,0.0,0
143.801,2,0,-22.0,0.0,0
143.901,2,0,-22.0,0.0,0
143.901,2,0,-22.0,0.0,0
143.901,2,0,-22.0,0.0,0
143.901,2,0,-22.0,0.0,0
144.001,2,0,-22.0,0.0,0
144.001,2,0,-22.0,0.0,0
144.001,2,0,-22.0,0.0,0
144.101,2,0,-22.0,0.0,0
144.101,2,0,-22.0,0.0,0
144.101,2,0,-22.0,0.0,0
144.101,2,0,-22.0,0.0,0
144.201,2,0,-22.0,0.0,0
144.201,2,0,-22.0,0.0,0
144.201,2,0,-22.0,0.0,0
144.201,2,0,-22.0,0.0,0
144.301,2,0,-22.0,0.0,0
144.301,2,0,-22.0,0.0,0
144.301,2,0,-22.0,0.0,0
144.401,2,0,-22.0,0.0,0
144.401,2,0,-22.0,0.0,0
144.401,2,0,-22.0,0.0,0
144.401,2,0,-22.0,0.0,0
144.501,2,0,-22.0,0.0,0
144.501,2,0,-22.0,0.0,0
144.501,2,0,-22.0,0.0,0
144.601,2,0,-22.0,0.0,0
144.601,2,0,-22.0,0.0,0
144.601,2,0,-22.0,0.0,0
144.601,2,0,-22.0,0.0,0
144.701,2,0,-22.0,0.0,0
144.701,2,0,-22.0,0.0,0
144.701,2,0,-22.0,0.0,0
144.801,2,0,-22.0,0.0,0
144.801,2,0,-22.0,0.0,0
144.801,2,0,-22.0,0.0,0
144.801,2,0,-22.0,0.0,0
144.901,2,0,-22.0,0.0,0
144.901,2,0,-22.0,0.0,0
144.901,2,0,-22.0,0.0,0
144.901,2,0,-22.0,0.0,0
145.001,2,0,-22.0,0.0,0
145.001,2,0,-22.0,0.0,0
145.001,2,0,-22.0,0.0,0
145.101,2,0,-22.0,0.0,0
145.101,2,0,-22.0,0.0,0
145.101,2,0,-22.0,0.0,0
145.101,2,0,-22.0,0.0,0
145.201,2,0,-22.0,0.0,0
145.201,2,0,-22.0,0.0,0
145.201,2,0,-22.0,0.0,0
145.301,2,0,-22.0,0.0,0
145.301,2,0,-22.0,0.0,0
145.301,2,0,-22.0,0.0,0
145.301,2,0,-22.0,0.0,0
145.401,2,0,-22.0,0.0,0
145.401,2,0,-22.0,0.0,0
145.401,2,0,-22.0,0.0,0
145.501,2,0,-22.0,0.0,0
145.501,2,0,-22.0,0.0,0
145.501,2,0,-22.0,0.0,0
145.501,2,0,-22.0,0.0,0
145.601,2,0,-22.0,0.0,0
145.601,2,0,-22.0,0.0,0
145.601,2,0,-22.0,0.0,0
145.701,2,0,-22.0,0.0,0
145.701,2,0,-22.0,0.0,0
145.701,2,0,-22.0,0.0,0
145.701,2,0,-22.0,0.0,0
145.801,2,0,-22.0,0.0,0
145.801,2,0,-22.0,0.0,0
145.801,2,0,-22.0,0.0,0
145.801,2,0,-22.0,0.0,0
145.901,2,0,-22.0,0.0,0
145.901,2,0,-22.0,0.0,0
145.901,2,0,-22.0,0.0,0
146.001,2,0,-22.0,0.0,0
146.001,2,0,-22.0,0.0,0
146.001,2,0,-22.0,0.0,0
146.001,2,0,-22.0,0.0,0
146.101,2,0,-22.0,0.0,0
146.101,2,0,-22.0,0.0,0
146.101,2,0,-22.0,0.0,0
146.201,2,0,-22.0,0.0,0
146.201,2,0,-22.0,0.0,0
146.201,2,0,-22.0,0.0,0
146.201,2,0,-22.0,0.0,0
146.301,2,0,-22.0,0.0,0
146.301,2,0,-22.0,0.0,0
146.301,2,0,-22.0,0.0,0
146.401,2,0,-22.0,0.0,0
146.401,2,0,-22.0,0.0,0
146.401,2,0,-22.0,0.0,0
146.401,2,0,-22.0,0.0,0
146.501,2,0,-22.0,0.0,0
146.501,2,0,-22.0,0.0,0
146.501,2,0,-22.0,0.0,0
146.501,2,0,-22.0,0.0,0
146.601,2,0,-22.0,0.0,0
146.601,2,0,-22.0,0.0,0
146.601,2,0,-22.0,0.0,0
146.701,2,0,-22.0,0.0,0
146.701,2,0,-22.0,0.0,0
146.701,2,0,-22.0,0.0,0
146.701,2,0,-22.0,0.0,0
146.801,2,0,-22.0,0.0,0
146.801,2,0,-22.0,0.0,0
146.801,2,0,-22.0,0.0,0
146.901,2,0,-22.0,0.0,0
146.901,2,0,-22.0,0.0,0
146.901,2,0,-22.0,0.0,0
146.901,2,0,-22.0,0.0,0
147.001,2,0,-22.0,0.0,0
147.001,2,0,-22.0,0.0,0
147.001,2,0,-22.0,0.0,0
147.101,2,0,-22.0,0.0,0
147.101,2,0,-22.0,0.0,0
147.101,2,0,-22.0,0.0,0
147.101,2,0,-22.0,0.0,0
147.201,2,0,-22.0,0.0,0
147.201,2,0,-22.0,0.0,0
147.201,2,0,-22.0,0.0,0
147.301,2,0,-22.0,0.0,0
147.301,2,0,-22.0,0.0,0
147.301,2,0,-22.0,0.0,0
147.301,2,0,-22.0,0.0,0
147.401,2,0,-22.0,0.0,0
147.401,2,0,-22.0,0.0,0
147.401,2,0,-22.0,0.0,0
147.401,2,0,-22.0,0.0,0
147.501,2,0,-22.0,0.0,0
147.501,2,0,-22.0,0.0,0
147.501,2,0,-22.0,0.0,0
147.601,2,0,-22.0,0.0,1
147.601,2,0,-22.0,0.0,1
147.601,2,0,-22.0,0.0,1
147.601,2,0,-22.0,0.0,1
147.701,2,0,-22.0,0.0,1
147.701,2,0,-22.0,0.0,1
147.701,2,0,-22.0,0.0,1
147.801,2,0,-22.0,0.0,1
147.801,2,0,-22.0,0.0,1
147.801,2,0,-22.0,0.0,1
147.801,2,0,-22.0,0.0,1
147.901,0,0,0.0,0.0,1
147.901,0,0,0.0,0.0,1
147.901,0,0,0.0,0.0,1
148.001,0,0,0.0,0.0,1
148.001,0,0,0.0,0.0,1
148.001,0,0,0.0,0.0,1
148.001,0,0,0.0,0.0,1
148.101,0,0,0.0,0.0,1
148.101,0,0,0.0,0.0,1
148.101,0,0,0.0,0.0,1
148.101,0,0,0.0,0.0,1
148.201,0,0,0.0,0.0,1
148.201,0,0,0.0,0.0,1
148.201,0,0,0.0,0.0,1
148.301,0,0,0.0,0.0,1
148.301,0,0,0.0,0.0,1
148.301,0,0,0.0,0.0,1
148.301,0,0,0.0,0.0,1
148.401,0,0,0.0,0.0,1
148.401,0,0,0.0,0.0,1
148.401,0,0,0.0,0.0,1
148.501,0,0,0.0,0.0,1
148.501,0,0,0.0,0.0,1
148.501,0,0,0.0,0.0,1
148.501,0,0,0.0,0.0,1
148.601,0,0,0.0,0.0,1
148.601,0,0,0.0,0.0,1
148.601,0,0,0.0,0.0,1
148.701,0,0,0.0,0.0,1
148.701,0,0,0.0,0.0,1
148.701,0,0,0.0,0.0,1
148.701,0,0,0.0,0.0,1
148.801,0,0,0.0,0.0,1
148.801,0,0,0.0,0.0,1
148.801,0,0,0.0,0.0,1
148.801,0,0,0.0,0.0,1
148.901,0,0,0.0,0.0,1
148.901,0,0,0.0,0.0,1
148.901,0,0,0.0,0.0,1
149.001,0,0,0.0,0.0,1
149.001,0,0,0.0,0.0,1
149.001,0,0,0.0,0.0,1
149.001,0,0,0.0,0.0,1
149.101,0,0,0.0,0.0,1
149.101,0,0,0.0,0.0,1
149.101,0,0,0.0,0.0,1
149.201,0,0,0.0,0.0,1
149.201,0,0,0.0,0.0,1
149.201,0,0,0.0,0.0,1
149.201,0,0,0.0,0.0,1
149.301,0,0,0.0,0.0,1
149.301,0,0,0.0,0.0,1
149.301,0,0,0.0,0.0,1
149.401,0,0,0.0,0.0,1
149.401,0,0,0.0,0.0,1
149.401,0,0,0.0,0.0,1
149.401,0,0,0.0,0.0,1
149.501,0,0,0.0,0.0,1
149.501,0,0,0.0,0.0,1
149.501,0,0,0.0,0.0,1
149.501,0,0,0.0,0.0,1
149.601,0,0,0.0,0.0,1
149.601,0,0,0.0,0.0,1
149.601,0,0,0.0,0.0,1
149.701,0,0,0.0,0.0,1
149.701,0,0,0.0,0.0,1
149.701,0,0,0.0,0.0,1
149.701,0,0,0.0,0.0,1
149.801,0,0,0.0,0.0,1
149.801,0,0,0.0,0.0,1
149.801,0,0,0.0,0.0,1
149.901,0,0,0.0,0.0,1
149.901,0,0,0.0,0.0,1
149.901,0,0,0.0,0.0,1
149.901,0,0,0.0,0.0,1
150.001,0,0,0.0,0.0,0
150.001,0,0,0.0,0.0,0
150.001,0,0,0.0,0.0,0
150.101,0,0,0.0,0.0,0
150.101,0,0,0.0,0.0,0
150.101,0,0,0.0,0.0,0
150.101,0,0,0.0,0.0,0
150.201,0,0,0.0,0.0,0
150.201,0,0,0.0,0.0,0
150.201,0,0,0.0,0.0,0
150.301,0,0,0.0,0.0,0
150.301,0,0,0.0,0.0,0
150.301,0,0,0.0,0.0,0
150.301,0,0,0.0,0.0,0
150.401,0,0,0.0,0.0,0
150.401,0,0,0.0,0.0,0
150.401,0,0,0.0,0.0,0
150.401,0,0,0.0,0.0,0
150.501,2,0,-27.0,0.0,0
150.501,2,0,-27.0,0.0,0
150.501,2,0,-27.0,0.0,0
150.601,2,0,-27.0,0.0,0
150.601,2,0,-27.0,0.0,0
150.601,2,0,-27.0,0.0,0
150.601,2,0,-27.0,0.0,0
150.701,2,0,-27.0,0.0,0
150.701,2,0,-27.0,0.0,0
150.701,2,0,-27.0,0.0,0
150.801,2,0,-27.0,0.0,0
150.801,2,0,-27.0,0.0,0
150.801,2,0,-27.0,0.0,0
150.801,2,0,-27.0,0.0,0
150.901,2,0,-27.0,0.0,0
150.901,2,0,-27.0,0.0,0
150.901,2,0,-27.0,0.0,0
151.001,2,0,-27.0,0.0,0
151.001,2,0,-27.0,0.0,0
151.001,2,0,-27.0,0.0,0
151.001,2,0,-27.0,0.0,0
151.101,2,0,-27.0,0.0,0
151.101,2,0,-27.0,0.0,0
151.101,2,0,-27.0,0.0,0
151.101,2,0,-27.0,0.0,0
151.201,2,0,-27.0,0.0,0
151.201,2,0,-27.0,0.0,0
151.201,2,0,-27.0,0.0,0
151.301,2,0,-27.0,0.0,0
151.301,2,0,-27.0,0.0,0
151.301,2,0,-27.0,0.0,0
151.301,2,0,-27.0,0.0,0
151.401,2,0,-27.0,0.0,0
151.401,2,0,-27.0,0.0,0
151.401,2,0,-27.0,0.0,0
151.501,2,0,-27.0,0.0,0
151.501,2,0,-27.0,0.0,0
151.501,2,0,-27.0,0.0,0
151.501,2,0,-27.0,0.0,0
151.601,2,0,-27.0,0.0,0
151.601,2,0,-27.0,0.0,0
151.601,2,0,-27.0,0.0,0
151.701,2,0,-27.0,0.0,0
151.701,2,0,-27.0,0.0,0
151.701,2,0,-27.0,0.0,0
151.701,2,0,-27.0,0.0,0
151.801,2,0,-27.0,0.0,0
151.801,2,0,-27.0,0.0,0
151.801,2,0,-27.0,0.0,0
151.801,2,0,-27.0,0.0,0
151.901,2,0,-27.0,0.0,0
151.901,2,0,-27.0,0.0,0
151.901,2,0,-27.0,0.0,0
152.001,2,0,-27.0,0.0,0
152.001,2,0,-27.0,0.0,0
152.001,2,0,-27.0,0.0,0
152.001,2,0,-27.0,0.0,0
152.101,2,0,-27.0,0.0,0
152.101,2,0,-27.0,0.0,0
152.101,2,0,-27.0,0.0,0
152.201,2,0,-27.0,0.0,0
152.201,2,0,-27.0,0.0,0
152.201,2,0,-27.0,0.0,0
152.201,2,0,-27.0,0.0,0
152.301,2,0,-27.0,0.0,0
152.301,2,0,-27.0,0.0,0
152.301,2,0,-27.0,0.0,0
152.401,2,0,-27.0,0.0,0
152.401,2,0,-27.0,0.0,0
152.401,2,0,-27.0,0.0,0
152.401,2,0,-27.0,0.0,0
152.501,2,0,-27.0,0.0,0
152.501,2,0,-27.0,0.0,0
152.501,2,0,-27.0,0.0,0
152.601,2,0,-27.0,0.0,0
152.601,2,0,-27.0,0.0,0
152.601,2,0,-27.0,0.0,0
152.601,2,0,-27.0,0.0,0
152.701,2,0,-27.0,0.0,0
152.701,2,0,-27.0,0.0,0
152.701,2,0,-27.0,0.0,0
152.701,2,0,-27.0,0.0,0
152.801,2,0,-27.0,0.0,0
152.801,2,0,-27.0,0.0,0
152.801,2,0,-27.0,0.0,0
152.901,2,0,-27.0,0.0,0
152.901,2,0,-27.0,0.0,0
152.901,2,0,-27.0,0.0,0
152.901,2,0,-27.0,0.0,0
153.001,2,0,-27.0,0.0,0
153.001,2,0,-27.0,0.0,0
153.001,2,0,-27.0,0.0,0
153.101,2,0,-27.0,0.0,0
153.101,2,0,-27.0,0.0,0
153.101,2,0,-27.0,0.0,0
153.101,2,0,-27.0,0.0,0
153.201,2,0,-27.0,0.0,0
153.201,2,0,-27.0,0.0,0
153.201,2,0,-27.0,0.0,0
153.301,2,0,-27.0,0.0,0
153.301,2,0,-27.0,0.0,0
153.301,2,0,-27.0,0.0,0
153.301,2,0,-27.0,0.0,0
153.401,2,0,-27.0,0.0,0
153.401,2,0,-27.0,0.0,0
153.401,2,0,-27.0,0.0,0
153.401,2,0,-27.0,0.0,0
153.501,2,0,-27.0,0.0,0
153.501,2,0,-27.0,0.0,0
153.501,2,0,-27.0,0.0,0
153.601,2,0,-27.0,0.0,0
153.601,2,0,-27.0,0.0,0
153.601,2,0,-27.0,0.0,0
153.601,2,0,-27.0,0.0,0
153.701,2,0,-27.0,0.0,0
153.701,2,0,-27.0,0.0,0
153.701,2,0,-27.0,0.0,0
153.801,2,0,-27.0,0.0,0
153.801,2,0,-27.0,0.0,0
153.801,2,0,-27.0,0.0,0
153.801,2,0,-27.0,0.0,0
153.901,2,0,-27.0,0.0,0
153.901,2,0,-27.0,0.0,0
153.901,2,0,-27.0,0.0,0
154.001,2,0,-27.0,0.0,0
154.001,2,0,-27.0,0.0,0
154.001,2,0,-27.0,0.0,0
154.001,2,0,-27.0,0.0,0
154.101,2,0,-27.0,0.0,0
154.101,2,0,-27.0,0.0,0
154.101,2,0,-27.0,0.0,0
154.101,2,0,-27.0,0.0,0
154.201,2,0,-27.0,0.0,0
154.201,2,0,-27.0,0.0,0
154.201,2,0,-27.0,0.0,0
154.301,2,0,-27.0,0.0,0
154.301,2,0,-27.0,0.0,0
154.301,2,0,-27.0,0.0,0
154.301,2,0,-27.0,0.0,0
154.401,2,0,-27.0,0.0,0
154.401,2,0,-27.0,0.0,0
154.401,2,0,-27.0,0.0,0
154.501,2,0,-27.0,0.0,0
154.501,2,0,-27.0,0.0,0
154.501,2,0,-27.0,0.0,0
154.501,2,0,-27.0,0.0,0
154.601,2,0,-27.0,0.0,0
154.601,2,0,-27.0,0.0,0
154.601,2,0,-27.0,0.0,0
154.701,2,0,-27.0,0.0,0
154.701,2,0,-27.0,0.0,0
154.701,2,0,-27.0,0.0,0
154.701,2,0,-27.0,0.0,0
154.801,2,0,-27.0,0.0,0
154.801,2,0,-27.0,0.0,0
154.801,2,0,-27.0,0.0,0
154.901,2,0,-27.0,0.0,0
154.901,2,0,-27.0,0.0,0
154.901,2,0,-27.0,0.0,0
154.901,2,0,-27.0,0.0,0
155.001,2,0,-27.0,0.0,0
155.001,2,0,-27.0,0.0,0
155.001,2,0,-27.0,0.0,0
155.001,2,0,-27.0,0.0,0
155.101,2,0,-27.0,0.0,0
155.101,2,0,-27.0,0.0,0
155.101,2,0,-27.0,0.0,0
155.201,2,0,-27.0,0.0,0
155.201,2,0,-27.0,0.0,0
155.201,2,0,-27.0,0.0,0
155.201,2,0,-27.0,0.0,0
155.301,0,0,0.0,0.0,1
155.301,0,0,0.0,0.0,1
155.301,0,0,0.0,0.0,1
155.401,0,0,0.0,0.0,1
155.401,0,0,0.0,0.0,1
155.401,0,0,0.0,0.0,1
155.401,0,0,0.0,0.0,1
155.501,0,0,0.0,0.0,1
155.501,0,0,0.0,0.0,1
155.501,0,0,0.0,0.0,1
155.601,0,0,0.0,0.0,1
155.601,0,0,0.0,0.0,1
155.601,0,0,0.0,0.0,1
155.601,0,0,0.0,0.0,1
155.701,0,0,0.0,0.0,1
155.701,0,0,0.0,0.0,1
155.701,0,0,0.0,0.0,1
155.701,0,0,0.0,0.0,1
155.801,0,0,0.0,0.0,1
155.801,0,0,0.0,0.0,1
155.801,0,0,0.0,0.0,1
155.901,0,0,0.0,0.0,1
155.901,0,0,0.0,0.0,1
155.901,0,0,0.0,0.0,1
155.901,0,0,0.0,0.0,1
156.001,0,0,0.0,0.0,1
156.001,0,0,0.0,0.0,1
156.001,0,0,0.0,0.0,1
156.101,0,0,0.0,0.0,1
156.101,0,0,0.0,0.0,1
156.101,0,0,0.0,0.0,1
156.101,0,0,0.0,0.0,1
156.201,0,0,0.0,0.0,1
156.201,0,0,0.0,0.0,1
156.201,0,0,0.0,0.0,1
156.301,0,0,0.0,0.0,1
156.301,0,0,0.0,0.0,1
156.301,0,0,0.0,0.0,1
156.301,0,0,0.0,0.0,1
156.401,0,0,0.0,0.0,1
156.401,0,0,0.0,0.0,1
156.401,0,0,0.0,0.0,1
156.501,0,0,0.0,0.0,1
156.501,0,0,0.0,0.0,1
156.501,0,0,0.0,0.0,1
156.501,0,0,0.0,0.0,1
156.601,0,0,0.0,0.0,1
156.601,0,0,0.0,0.0,1
156.601,0,0,0.0,0.0,1
156.601,0,0,0.0,0.0,1
156.701,0,0,0.0,0.0,1
156.701,0,0,0.0,0.0,1
156.701,0,0,0.0,0.0,1
156.801,0,0,0.0,0.0,1
156.801,0,0,0.0,0.0,1
156.801,0,0,0.0,0.0,1
156.801,0,0,0.0,0.0,1
156.901,0,0,0.0,0.0,1
156.901,0,0,0.0,0.0,1
156.901,0,0,0.0,0.0,1
157.001,0,0,0.0,0.0,1
157.001,0,0,0.0,0.0,1
157.001,0,0,0.0,0.0,1
157.001,0,0,0.0,0.0,1
157.101,0,0,0.0,0.0,1
157.101,0,0,0.0,0.0,1
157.101,0,0,0.0,0.0,1
157.201,0,0,0.0,0.0,1
157.201,0,0,0.0,0.0,1
157.201,0,0,0.0,0.0,1
157.201,0,0,0.0,0.0,1
157.301,0,0,0.0,0.0,1
157.301,0,0,0.0,0.0,1
157.301,0,0,0.0,0.0,1
157.401,0,0,0.0,0.0,1
157.401,0,0,0.0,0.0,1
157.401,0,0,0.0,0.0,1
157.401,0,0,0.0,0.0,1
157.501,0,0,0.0,0.0,1
157.501,0,0,0.0,0.0,1
157.501,0,0,0.0,0.0,1
157.501,0,0,0.0,0.0,1
157.601,0,0,0.0,0.0,1
157.601,0,0,0.0,0.0,1
157.601,0,0,0.0,0.0,1
157.701,0,0,0.0,0.0,0
157.701,0,0,0.0,0.0,0
157.701,0,0,0.0,0.0,0
157.701,0,0,0.0,0.0,0
157.801,0,0,0.0,0.0,0
157.801,0,0,0.0,0.0,0
157.801,0,0,0.0,0.0,0
157.901,2,0,-51.0,0.0,0
157.901,2,0,-51.0,0.0,0
157.901,2,0,-51.0,0.0,0
157.901,2,0,-51.0,0.0,0
158.001,2,0,-51.0,0.0,0
158.001,2,0,-51.0,0.0,0
158.001,2,0,-51.0,0.0,0
158.101,2,0,-51.0,0.0,0
158.101,2,0,-51.0,0.0,0
158.101,2,0,-51.0,0.0,0
158.101,2,0,-51.0,0.0,0
158.201,2,0,-51.0,0.0,0
158.201,2,0,-51.0,0.0,0
158.201,2,0,-51.0,0.0,0
158.201,2,0,-51.0,0.0,0
158.301,2,0,-51.0,0.0,0
158.301,2,0,-51.0,0.0,0
158.301,2,0,-51.0,0.0,0
158.401,2,0,-51.0,0.0,0
158.401,2,0,-51.0,0.0,0
158.401,2,0,-51.0,0.0,0
158.401,2,0,-51.0,0.0,0
158.501,2,0,-51.0,0.0,0
158.501,2,0,-51.0,0.0,0
158.501,2,0,-51.0,0.0,0
158.601,2,0,-51.0,0.0,0
158.601,2,0,-51.0,0.0,0
158.601,2,0,-51.0,0.0,0
158.601,2,0,-51.0,0.0,0
158.701,2,0,-51.0,0.0,0
158.701,2,0,-51.0,0.0,0
158.701,2,0,-51.0,0.0,0
158.801,2,0,-51.0,0.0,0
158.801,2,0,-51.0,0.0,0
158.801,2,0,-51.0,0.0,0
158.801,2,0,-51.0,0.0,0
158.901,2,0,-51.0,0.0,0
158.901,2,0,-51.0,0.0,0
158.901,2,0,-51.0,0.0,0
158.901,2,0,-51.0,0.0,0
159.001,2,0,-51.0,0.0,0
159.001,2,0,-51.0,0.0,0
159.001,2,0,-51.0,0.0,0
159.101,2,0,-51.0,0.0,0
159.101,2,0,-51.0,0.0,0
159.101,2,0,-51.0,0.0,0
159.101,2,0,-51.0,0.0,0
159.201,2,0,-51.0,0.0,0
159.201,2,0,-51.0,0.0,0
159.201,2,0,-51.0,0.0,0
159.301,2,0,-51.0,0.0,0
159.301,2,0,-51.0,0.0,0
159.301,2,0,-51.0,0.0,0
159.301,2,0,-51.0,0.0,0
159.401,2,0,-51.0,0.0,0
159.401,2,0,-51.0,0.0,0
159.401,2,0,-51.0,0.0,0
159.501,2,0,-51.0,0.0,0
159.501,2,0,-51.0,0.0,0
159.501,2,0,-51.0,0.0,0
159.501,2,0,-51.0,0.0,0
159.601,2,0,-51.0,0.0,0
159.601,2,0,-51.0,0.0,0
159.601,2,0,-51.0,0.0,0
159.601,2,0,-51.0,0.0,0
159.701,2,0,-51.0,0.0,0
159.701,2,0,-51.0,0.0,0
159.701,2,0,-51.0,0.0,0
159.801,2,0,-51.0,0.0,0
159.801,2,0,-51.0,0.0,0
159.801,2,0,-51.0,0.0,0
159.801,2,0,-51.0,0.0,0
159.901,2,0,-51.0,0.0,0
159.901,2,0,-51.0,0.0,0
159.901,2,0,-51.0,0.0,0
160.001,2,0,-51.0,0.0,0
160.001,2,0,-51.0,0.0,0
160.001,2,0,-51.0,0.0,0
160.001,2,0,-51.0,0.0,0
160.101,2,0,-51.0,0.0,0
160.101,2,0,-51.0,0.0,0
160.101,2,0,-51.0,0.0,0
160.201,2,0,-51.0,0.0,0
160.201,2,0,-51.0,0.0,0
160.201,2,0,-51.0,0.0,0
160.201,2,0,-51.0,0.0,0
160.301,2,0,-51.0,0.0,0
160.301,2,0,-51.0,0.0,0
160.301,2,0,-51.0,0.0,0
160.401,2,0,-51.0,0.0,0
160.401,2,0,-51.0,0.0,0
160.401,2,0,-51.0,0.0,0
160.401,2,0,-51.0,0.0,0
160.501,2,0,-51.0,0.0,0
160.501,2,0,-51.0,0.0,0
160.501,2,0,-51.0,0.0,0
160.501,2,0,-51.0,0.0,0
160.601,2,0,-51.0,0.0,0
160.601,2,0,-51.0,0.0,0
160.601,2,0,-51.0,0.0,0
160.701,2,0,-51.0,0.0,0
160.701,2,0,-51.0,0.0,0
160.701,2,0,-51.0,0.0,0
160.701,2,0,-51.0,0.0,0
160.801,2,0,-51.0,0.0,0
160.801,2,0,-51.0,0.0,0
160.801,2,0,-51.0,0.0,0
160.901,2,0,-51.0,0.0,0
160.901,2,0,-51.0,0.0,0
160.901,2,0,-51.0,0.0,0
160.901,2,0,-51.0,0.0,0
161.001,2,0,-51.0,0.0,0
161.001,2,0,-51.0,0.0,0
161.001,2,0,-51.0,0.0,0
161.101,2,0,-51.0,0.0,0
161.101,2,0,-51.0,0.0,0
161.101,2,0,-51.0,0.0,0
161.101,2,0,-51.0,0.0,0
161.201,2,0,-51.0,0.0,0
161.201,2,0,-51.0,0.0,0
161.201,2,0,-51.0,0.0,0
161.201,2,0,-51.0,0.0,0
161.301,2,0,-51.0,0.0,0
161.301,2,0,-51.0,0.0,0
161.301,2,0,-51.0,0.0,0
161.401,2,0,-51.0,0.0,0
161.401,2,0,-51.0,0.0,0
161.401,2,0,-51.0,0.0,0
161.401,2,0,-51.0,0.0,0
161.501,2,0,-51.0,0.0,0
161.501,2,0,-51.0,0.0,0
161.501,2,0,-51.0,0.0,0
161.601,2,0,-51.0,0.0,0
161.601,2,0,-51.0,0.0,0
161.601,2,0,-51.0,0.0,0
161.601,2,0,-51.0,0.0,0
161.701,2,0,-51.0,0.0,0
161.701,2,0,-51.0,0.0,0
161.701,2,0,-51.0,0.0,0
161.801,2,0,-51.0,0.0,0
161.801,2,0,-51.0,0.0,0
161.801,2,0,-51.0,0.0,0
161.801,2,0,-51.0,0.0,0
161.901,2,0,-51.0,0.0,0
161.901,2,0,-51.0,0.0,0
161.901,2,0,-51.0,0.0,0
162.001,2,0,-51.0,0.0,0
162.001,2,0,-51.0,0.0,0
162.001,2,0,-51.0,0.0,0
162.001,2,0,-51.0,0.0,0
162.101,2,0,-51.0,0.0,0
162.101,2,0,-51.0,0.0,0
162.101,2,0,-51.0,0.0,0
162.101,2,0,-51.0,0.0,0
162.201,2,0,-51.0,0.0,0
162.201,2,0,-51.0,0.0,0
162.201,2,0,-51.0,0.0,0
162.301,2,0,-51.0,0.0,0
162.301,2,0,-51.0,0.0,0
162.301,2,0,-51.0,0.0,0
162.301,2,0,-51.0,0.0,0
162.401,2,0,-51.0,0.0,0
162.401,2,0,-51.0,0.0,0
162.401,2,0,-51.0,0.0,0
162.501,2,0,-51.0,0.0,0
162.501,2,0,-51.0,0.0,0
162.501,2,0,-51.0,0.0,0
162.501,2,0,-51.0,0.0,0
162.601,2,0,-51.0,0.0,0
162.601,2,0,-51.0,0.0,0
162.601,2,0,-51.0,0.0,0
162.701,2,0,-51.0,0.0,0
162.701,2,0,-51.0,0.0,0
162.701,2,0,-51.0,0.0,0
162.701,2,0,-51.0,0.0,0
162.801,2,0,-51.0,0.0,0
162.801,2,0,-51.0,0.0,0
162.801,2,0,-51.0,0.0,0
162.801,2,0,-51.0,0.0,0
162.901,2,0,-51.0,0.0,0
162.901,2,0,-51.0,0.0,0
162.901,2,0,-51.0,0.0,0
163.001,2,0,-51.0,0.0,0
163.001,2,0,-51.0,0.0,0
163.001,2,0,-51.0,0.0,0
163.001,2,0,-51.0,0.0,0
163.101,2,0,-51.0,0.0,0
163.101,2,0,-51.0,0.0,0
163.101,2,0,-51.0,0.0,0
163.201,2,0,-51.0,0.0,0
163.201,2,0,-51.0,0.0,0
163.201,2,0,-51.0,0.0,0
163.201,2,0,-51.0,0.0,0
163.301,2,0,-51.0,0.0,0
163.301,2,0,-51.0,0.0,0
163.301,2,0,-51.0,0.0,0
163.401,2,0,-51.0,0.0,0
163.401,2,0,-51.0,0.0,0
163.401,2,0,-51.0,0.0,0
163.401,2,0,-51.0,0.0,0
163.501,2,0,-51.0,0.0,0
163.501,2,0,-51.0,0.0,0
163.501,2,0,-51.0,0.0,0
163.501,2,0,-51.0,0.0,0
163.601,2,0,-51.0,0.0,0
163.601,2,0,-51.0,0.0,0
163.601,2,0,-51.0,0.0,0
163.701,2,0,-51.0,0.0,0
163.701,2,0,-51.0,0.0,0
163.701,2,0,-51.0,0.0,0
163.701,2,0,-51.0,0.0,0
163.801,2,0,-51.0,0.0,0
163.801,2,0,-51.0,0.0,0
163.801,2,0,-51.0,0.0,0
163.901,2,0,-51.0,0.0,0
163.901,2,0,-51.0,0.0,0
163.901,2,0,-51.0,0.0,0
163.901,2,0,-51.0,0.0,0
164.001,2,0,-51.0,0.0,0
164.001,2,0,-51.0,0.0,0
164.001,2,0,-51.0,0.0,0
164.101,2,0,-51.0,0.0,0
164.101,2,0,-51.0,0.0,0
164.101,2,0,-51.0,0.0,0
164.101,2,0,-51.0,0.0,0
164.201,2,0,-51.0,0.0,0
164.201,2,0,-51.0,0.0,0
164.201,2,0,-51.0,0.0,0
164.301,2,0,-51.0,0.0,0
164.301,2,0,-51.0,0.0,0
164.301,2,0,-51.0,0.0,0
164.301,2,0,-51.0,0.0,0
164.401,2,0,-51.0,0.0,0
164.401,2,0,-51.0,0.0,0
164.401,2,0,-51.0,0.0,0
164.401,2,0,-51.0,0.0,0
164.501,2,0,-51.0,0.0,0
164.501,2,0,-51.0,0.0,0
164.501,2,0,-51.0,0.0,0
164.601,2,0,-51.0,0.0,0
164.601,2,0,-51.0,0.0,0
164.601,2,0,-51.0,0.0,0
164.601,2,0,-51.0,0.0,0
164.701,2,0,-51.0,0.0,0
164.701,2,0,-51.0,0.0,0
164.701,2,0,-51.0,0.0,0
164.801,2,0,-51.0,0.0,0
164.801,2,0,-51.0,0.0,0
164.801,2,0,-51.0,0.0,0
164.801,2,0,-51.0,0.0,0
164.901,2,0,-51.0,0.0,0
164.901,2,0,-51.0,0.0,0
164.901,2,0,-51.0,0.0,0
165.001,2,0,-51.0,0.0,0
165.001,2,0,-51.0,0.0,0
165.001,2,0,-51.0,0.0,0
165.001,2,0,-51.0,0.0,0
165.101,2,0,-51.0,0.0,0
165.101,2,0,-51.0,0.0,0
165.101,2,0,-51.0,0.0,0
165.101,2,0,-51.0,0.0,0
165.201,2,0,-51.0,0.0,0
165.201,2,0,-51.0,0.0,0
165.201,2,0,-51.0,0.0,0
165.301,2,0,-51.0,0.0,0
165.301,2,0,-51.0,0.0,0
165.301,2,0,-51.0,0.0,0
165.301,2,0,-51.0,0.0,0
165.401,2,0,-51.0,0.0,0
165.401,2,0,-51.0,0.0,0
165.401,2,0,-51.0,0.0,0
165.501,2,0,-51.0,0.0,0
165.501,2,0,-51.0,0.0,0
165.501,2,0,-51.0,0.0,0
165.501,2,0,-51.0,0.0,0
165.601,2,0,-51.0,0.0,0
165.601,2,0,-51.0,0.0,0
165.601,2,0,-51.0,0.0,0
165.701,2,0,-51.0,0.0,0
165.701,2,0,-51.0,0.0,0
165.701,2,0,-51.0,0.0,0
165.701,2,0,-51.0,0.0,0
165.801,2,0,-51.0,0.0,0
165.801,2,0,-51.0,0.0,0
165.801,2,0,-51.0,0.0,0
165.901,2,0,-51.0,0.0,0
165.901,2,0,-51.0,0.0,0
165.901,2,0,-51.0,0.0,0
165.901,2,0,-51.0,0.0,0
166.001,2,0,-51.0,0.0,0
166.001,2,0,-51.0,0.0,0
166.001,2,0,-51.0,0.0,0
166.001,2,0,-51.0,0.0,0
166.101,2,0,-51.0,0.0,0
166.101,2,0,-51.0,0.0,0
166.101,2,0,-51.0,0.0,0
166.201,2,0,-51.0,0.0,0
166.201,2,0,-51.0,0.0,0
166.201,2,0,-51.0,0.0,0
166.201,2,0,-51.0,0.0,0
166.301,2,0,-51.0,0.0,0
166.301,2,0,-51.0,0.0,0
166.301,2,0,-51.0,0.0,0
166.401,2,0,-51.0,0.0,0
166.401,2,0,-51.0,0.0,0
166.401,2,0,-51.0,0.0,0
166.401,2,0,-51.0,0.0,0
166.501,2,0,-51.0,0.0,0
166.501,2,0,-51.0,0.0,0
166.501,2,0,-51.0,0.0,0
166.601,2,0,-51.0,0.0,0
166.601,2,0,-51.0,0.0,0
166.601,2,0,-51.0,0.0,0
166.601,2,0,-51.0,0.0,0
166.701,2,0,-51.0,0.0,0
166.701,2,0,-51.0,0.0,0
166.701,2,0,-51.0,0.0,0
166.701,2,0,-51.0,0.0,0
166.801,2,0,-51.0,0.0,0
166.801,2,0,-51.0,0.0,0
166.801,2,0,-51.0,0.0,0
166.901,2,0,-51.0,0.0,0
166.901,2,0,-51.0,0.0,0
166.901,2,0,-51.0,0.0,0
166.901,2,0,-51.0,0.0,0
167.001,2,0,-51.0,0.0,0
167.001,2,0,-51.0,0.0,0
167.001,2,0,-51.0,0.0,0
167.101,2,0,-51.0,0.0,0
167.101,2,0,-51.0,0.0,0
167.101,2,0,-51.0,0.0,0
167.101,2,0,-51.0,0.0,0
167.201,2,0,-51.0,0.0,0
167.201,2,0,-51.0,0.0,0
167.201,2,0,-51.0,0.0,0
167.301,2,0,-51.0,0.0,0
167.301,2,0,-51.0,0.0,0
167.301,2,0,-51.0,0.0,0
167.301,2,0,-51.0,0.0,0
167.401,2,0,-51.0,0.0,0
167.401,2,0,-51.0,0.0,0
167.401,2,0,-51.0,0.0,0
167.401,2,0,-51.0,0.0,0
167.501,2,0,-51.0,0.0,0
167.501,2,0,-51.0,0.0,0
167.501,2,0,-51.0,0.0,0
167.601,2,0,-51.0,0.0,0
167.601,2,0,-51.0,0.0,0
167.601,2,0,-51.0,0.0,0
167.601,2,0,-51.0,0.0,0
167.701,2,0,-51.0,0.0,0
167.701,2,0,-51.0,0.0,0
167.701,2,0,-51.0,0.0,0
167.801,2,0,-51.0,0.0,0
167.801,2,0,-51.0,0.0,0
167.801,2,0,-51.0,0.0,0
167.801,2,0,-51.0,0.0,0
167.901,2,0,-51.0,0.0,0
167.901,2,0,-51.0,0.0,0
167.901,2,0,-51.0,0.0,0
168.001,0,0,0.0,0.0,1
168.001,0,0,0.0,0.0,1
168.001,0,0,0.0,0.0,1
168.001,0,0,0.0,0.0,1
168.101,0,0,0.0,0.0,1
168.101,0,0,0.0,0.0,1
168.101,0,0,0.0,0.0,1
168.201,0,0,0.0,0.0,1
168.201,0,0,0.0,0.0,1
168.201,0,0,0.0,0.0,1
168.201,0,0,0.0,0.0,1
168.301,0,0,0.0,0.0,1
168.301,0,0,0.0,0.0,1
168.301,0,0,0.0,0.0,1
168.301,0,0,0.0,0.0,1
168.401,0,0,0.0,0.0,1
168.401,0,0,0.0,0.0,1
168.401,0,0,0.0,0.0,1
168.501,0,0,0.0,0.0,1
168.501,0,0,0.0,0.0,1
168.501,0,0,0.0,0.0,1
168.501,0,0,0.0,0.0,1
168.601,0,0,0.0,0.0,1
168.601,0,0,0.0,0.0,1
168.601,0,0,0.0,0.0,1
168.701,0,0,0.0,0.0,1
168.701,0,0,0.0,0.0,1
168.701,0,0,0.0,0.0,1
168.701,0,0,0.0,0.0,1
168.801,0,0,0.0,0.0,1
168.801,0,0,0.0,0.0,1
168.801,0,0,0.0,0.0,1
168.901,0,0,0.0,0.0,1
168.901,0,0,0.0,0.0,1
168.901,0,0,0.0,0.0,1
168.901,0,0,0.0,0.0,1
169.001,0,0,0.0,0.0,1
169.001,0,0,0.0,0.0,1
169.001,0,0,0.0,0.0,1
169.001,0,0,0.0,0.0,1
169.101,0,0,0.0,0.0,1
169.101,0,0,0.0,0.0,1
169.101,0,0,0.0,0.0,1
169.201,0,0,0.0,0.0,1
169.201,0,0,0.0,0.0,1
169.201,0,0,0.0,0.0,1
169.201,0,0,0.0,0.0,1
169.301,0,0,0.0,0.0,1
169.301,0,0,0.0,0.0,1
169.301,0,0,0.0,0.0,1
169.401,0,0,0.0,0.0,1
169.401,0,0,0.0,0.0,1
169.401,0,0,0.0,0.0,1
169.401,0,0,0.0,0.0,1
169.501,0,0,0.0,0.0,1
169.501,0,0,0.0,0.0,1
169.501,0,0,0.0,0.0,1
169.601,0,0,0.0,0.0,1
169.601,0,0,0.0,0.0,1
169.601,0,0,0.0,0.0,1
169.601,0,0,0.0,0.0,1
169.701,0,0,0.0,0.0,1
169.701,0,0,0.0,0.0,1
169.701,0,0,0.0,0.0,1
169.701,0,0,0.0,0.0,1
169.801,0,0,0.0,0.0,1
169.801,0,0,0.0,0.0,1
169.801,0,0,0.0,0.0,1
169.901,0,0,0.0,0.0,1
169.901,0,0,0.0,0.0,1
169.901,0,0,0.0,0.0,1
169.901,0,0,0.0,0.0,1
170.001,0,0,0.0,0.0,1
170.001,0,0,0.0,0.0,1
170.001,0,0,0.0,0.0,1
170.101,0,0,0.0,0.0,1
170.101,0,0,0.0,0.0,1
170.101,0,0,0.0,0.0,1
170.101,0,0,0.0,0.0,1
170.201,0,0,0.0,0.0,1
170.201,0,0,0.0,0.0,1
170.201,0,0,0.0,0.0,1
170.301,0,0,0.0,0.0,1
170.301,0,0,0.0,0.0,1
170.301,0,0,0.0,0.0,1
170.301,0,0,0.0,0.0,1
170.401,0,0,0.0,0.0,1
170.401,0,0,0.0,0.0,1
170.401,0,0,0.0,0.0,1
170.501,0,0,0.0,0.0,1
170.501,0,0,0.0,0.0,1
170.501,0,0,0.0,0.0,1
170.501,0,0,0.0,0.0,1
170.601,0,0,0.0,0.0,1
170.601,0,0,0.0,0.0,1
170.601,0,0,0.0,0.0,1
170.601,0,0,0.0,0.0,1
170.701,0,0,0.0,0.0,1
170.701,0,0,0.0,0.0,1
170.701,0,0,0.0,0.0,1
170.801,0,0,0.0,0.0,1
170.801,0,0,0.0,0.0,1
170.801,0,0,0.0,0.0,1
170.801,0,0,0.0,0.0,1
170.901,0,0,0.0,0.0,1
170.901,0,0,0.0,0.0,1
170.901,0,0,0.0,0.0,1
171.001,0,0,0.0,0.0,1
171.001,0,0,0.0,0.0,1
171.001,0,0,0.0,0.0,1
171.001,0,0,0.0,0.0,1
171.101,0,0,0.0,0.0,1
171.101,0,0,0.0,0.0,1
171.101,0,0,0.0,0.0,1
171.201,0,0,0.0,0.0,0
171.201,0,0,0.0,0.0,0
171.201,0,0,0.0,0.0,0
171.201,0,0,0.0,0.0,0
171.301,0,0,0.0,0.0,0
171.301,0,0,0.0,0.0,0
171.301,0,0,0.0,0.0,0
171.301,0,0,0.0,0.0,0
171.401,0,0,0.0,0.0,0
171.401,0,0,0.0,0.0,0
171.401,0,0,0.0,0.0,0
171.501,2,0,-12.0,0.0,0
171.501,2,0,-12.0,0.0,0
171.501,2,0,-12.0,0.0,0
171.501,2,0,-12.0,0.0,0
171.601,2,0,-12.0,0.0,0
171.601,2,0,-12.0,0.0,0
171.601,2,0,-12.0,0.0,0
171.701,2,0,-12.0,0.0,0
171.701,2,0,-12.0,0.0,0
171.701,2,0,-12.0,0.0,0
171.701,2,0,-12.0,0.0,0
171.801,2,0,-12.0,0.0,0
171.801,2,0,-12.0,0.0,0
171.801,2,0,-12.0,0.0,0
171.901,2,0,-12.0,0.0,0
171.901,2,0,-12.0,0.0,0
171.901,2,0,-12.0,0.0,0
171.901,2,0,-12.0,0.0,0
172.001,2,0,-12.0,0.0,0
172.001,2,0,-12.0,0.0,0
172.001,2,0,-12.0,0.0,0
172.101,2,0,-12.0,0.0,0
172.101,2,0,-12.0,0.0,0
172.101,2,0,-12.0,0.0,0
172.101,2,0,-12.0,0.0,0
172.201,2,0,-12.0,0.0,0
172.201,2,0,-12.0,0.0,0
172.201,2,0,-12.0,0.0,0
172.201,2,0,-12.0,0.0,0
172.301,2,0,-12.0,0.0,0
172.301,2,0,-12.0,0.0,0
172.301,2,0,-12.0,0.0,0
172.401,2,0,-12.0,0.0,0
172.401,2,0,-12.0,0.0,0
172.401,2,0,-12.0,0.0,0
172.401,2,0,-12.0,0.0,0
172.501,2,0,-12.0,0.0,0
172.501,2,0,-12.0,0.0,0
172.501,2,0,-12.0,0.0,0
172.601,2,0,-12.0,0.0,0
172.601,2,0,-12.0,0.0,0
172.601,2,0,-12.0,0.0,0
172.601,2,0,-12.0,0.0,0
172.701,2,0,-12.0,0.0,0
172.701,2,0,-12.0,0.0,0
172.701,2,0,-12.0,0.0,0
172.801,2,0,-12.0,0.0,0
172.801,2,0,-12.0,0.0,0
172.801,2,0,-12.0,0.0,0
172.801,2,0,-12.0,0.0,0
172.901,2,0,-12.0,0.0,0
172.901,2,0,-12.0,0.0,0
172.901,2,0,-12.0,0.0,0
172.901,2,0,-12.0,0.0,0
173.001,2,0,-12.0,0.0,0
173.001,2,0,-12.0,0.0,0
173.001,2,0,-12.0,0.0,0
173.101,2,0,-12.0,0.0,0
173.101,2,0,-12.0,0.0,0
173.101,2,0,-12.0,0.0,0
173.101,2,0,-12.0,0.0,0
173.201,2,0,-12.0,0.0,0
173.201,2,0,-12.0,0.0,0
173.201,2,0,-12.0,0.0,0
173.301,2,0,-12.0,0.0,0
173.301,2,0,-12.0,0.0,0
173.301,2,0,-12.0,0.0,0
173.301,2,0,-12.0,0.0,0
173.401,2,0,-12.0,0.0,0
173.401,2,0,-12.0,0.0,0
173.401,2,0,-12.0,0.0,0
173.501,2,0,-12.0,0.0,0
173.501,2,0,-12.0,0.0,0
173.501,2,0,-12.0,0.0,0
173.501,2,0,-12.0,0.0,0
173.601,2,0,-12.0,0.0,0
173.601,2,0,-12.0,0.0,0
173.601,2,0,-12.0,0.0,0
173.601,2,0,-12.0,0.0,0
173.701,2,0,-12.0,0.0,0
173.701,2,0,-12.0,0.0,0
173.701,2,0,-12.0,0.0,0
173.801,2,0,-12.0,0.0,0
173.801,2,0,-12.0,0.0,0
173.801,2,0,-12.0,0.0,0
173.801,2,0,-12.0,0.0,0
173.901,2,0,-12.0,0.0,0
173.901,2,0,-12.0,0.0,0
173.901,2,0,-12.0,0.0,0
174.001,2,0,-12.0,0.0,0
174.001,2,0,-12.0,0.0,0
174.001,2,0,-12.0,0.0,0
174.001,2,0,-12.0,0.0,0
174.101,2,0,-12.0,0.0,0
174.101,2,0,-12.0,0.0,0
174.101,2,0,-12.0,0.0,0
174.201,2,0,-12.0,0.0,0
174.201,2,0,-12.0,0.0,0
174.201,2,0,-12.0,0.0,0
174.201,2,0,-12.0,0.0,0
174.301,2,0,-12.0,0.0,0
174.301,2,0,-12.0,0.0,0
174.301,2,0,-12.0,0.0,0
174.401,2,0,-12.0,0.0,0
174.401,2,0,-12.0,0.0,0
174.401,2,0,-12.0,0.0,0
174.401,2,0,-12.0,0.0,0
174.501,2,0,-12.0,0.0,0
174.501,2,0,-12.0,0.0,0
174.501,2,0,-12.0,0.0,0
174.501,2,0,-12.0,0.0,0
174.601,2,0,-12.0,0.0,0
174.601,2,0,-12.0,0.0,0
174.601,2,0,-12.0,0.0,0
174.701,2,0,-12.0,0.0,0
174.701,2,0,-12.0,0.0,0
174.701,2,0,-12.0,0.0,0
174.701,2,0,-12.0,0.0,0
174.801,2,0,-12.0,0.0,0
174.801,2,0,-12.0,0.0,0
174.801,2,0,-12.0,0.0,0
174.901,2,0,-12.0,0.0,0
174.901,2,0,-12.0,0.0,0
174.901,2,0,-12.0,0.0,0
174.901,2,0,-12.0,0.0,0
175.001,2,0,-12.0,0.0,0
175.001,2,0,-12.0,0.0,0
175.001,2,0,-12.0,0.0,0
175.101,2,0,-12.0,0.0,0
175.101,2,0,-12.0,0.0,0
175.101,2,0,-12.0,0.0,0
175.101,2,0,-12.0,0.0,0
175.201,2,0,-12.0,0.0,0
175.201,2,0,-12.0,0.0,0
175.201,2,0,-12.0,0.0,0
175.201,2,0,-12.0,0.0,0
175.301,2,0,-12.0,0.0,0
175.301,2,0,-12.0,0.0,0
175.301,2,0,-12.0,0.0,0
175.401,2,0,-12.0,0.0,0
175.401,2,0,-12.0,0.0,0
175.401,2,0,-12.0,0.0,0
175.401,2,0,-12.0,0.0,0
175.501,2,0,-12.0,0.0,0
175.501,2,0,-12.0,0.0,0
175.501,2,0,-12.0,0.0,0
175.601,2,0,-12.0,0.0,0
175.601,2,0,-12.0,0.0,0
175.601,2,0,-12.0,0.0,0
175.601,2,0,-12.0,0.0,0
175.701,2,0,-12.0,0.0,0
175.701,2,0,-12.0,0.0,0
175.701,2,0,-12.0,0.0,0
175.801,2,0,-12.0,0.0,0
175.801,2,0,-12.0,0.0,0
175.801,2,0,-12.0,0.0,0
175.801,2,0,-12.0,0.0,0
175.901,2,0,-12.0,0.0,0
175.901,2,0,-12.0,0.0,0
175.901,2,0,-12.0,0.0,0
175.901,2,0,-12.0,0.0,0
176.001,2,0,-12.0,0.0,0
176.001,2,0,-12.0,0.0,0
176.001,2,0,-12.0,0.0,0
176.101,2,0,-12.0,0.0,0
176.101,2,0,-12.0,0.0,0
176.101,2,0,-12.0,0.0,0
176.101,2,0,-12.0,0.0,0
176.201,2,0,-12.0,0.0,0
176.201,2,0,-12.0,0.0,0
176.201,2,0,-12.0,0.0,0
176.301,2,0,-12.0,0.0,0
176.301,2,0,-12.0,0.0,0
176.301,2,0,-12.0,0.0,0
176.301,2,0,-12.0,0.0,0
176.401,2,0,-12.0,0.0,0
176.401,2,0,-12.0,0.0,0
176.401,2,0,-12.0,0.0,0
176.501,2,0,-12.0,0.0,0
176.501,2,0,-12.0,0.0,0
176.501,2,0,-12.0,0.0,0
176.501,2,0,-12.0,0.0,0
176.601,2,0,-12.0,0.0,0
176.601,2,0,-12.0,0.0,0
176.601,2,0,-12.0,0.0,0
176.701,2,0,-12.0,0.0,0
176.701,2,0,-12.0,0.0,0
176.701,2,0,-12.0,0.0,0
176.701,2,0,-12.0,0.0,0
176.801,2,0,-12.0,0.0,0
176.801,2,0,-12.0,0.0,0
176.801,2,0,-12.0,0.0,0
176.801,2,0,-12.0,0.0,0
176.901,2,0,-12.0,0.0,0
176.901,2,0,-12.0,0.0,0
176.901,2,0,-12.0,0.0,0
177.001,2,0,-12.0,0.0,0
177.001,2,0,-12.0,0.0,0
177.001,2,0,-12.0,0.0,0
177.001,2,0,-12.0,0.0,0
177.101,2,0,-12.0,0.0,0
177.101,2,0,-12.0,0.0,0
177.101,2,0,-12.0,0.0,0
177.201,2,0,-12.0,0.0,0
177.201,2,0,-12.0,0.0,0
177.201,2,0,-12.0,0.0,0
177.201,2,0,-12.0,0.0,0
177.301,2,0,-12.0,0.0,0
177.301,2,0,-12.0,0.0,0
177.301,2,0,-12.0,0.0,0
177.401,2,0,-12.0,0.0,0
177.401,2,0,-12.0,0.0,0
177.401,2,0,-12.0,0.0,0
177.401,2,0,-12.0,0.0,0
177.501,2,0,-12.0,0.0,0
177.501,2,0,-12.0,0.0,0
177.501,2,0,-12.0,0.0,0
177.501,2,0,-12.0,0.0,0
177.601,2,0,-12.0,0.0,0
177.601,2,0,-12.0,0.0,0
177.601,2,0,-12.0,0.0,0
177.701,2,0,-12.0,0.0,0
177.701,2,0,-12.0,0.0,0
177.701,2,0,-12.0,0.0,0
177.701,2,0,-12.0,0.0,0
177.801,2,0,-12.0,0.0,0
177.801,2,0,-12.0,0.0,0
177.801,2,0,-12.0,0.0,0
177.901,2,0,-12.0,0.0,0
177.901,2,0,-12.0,0.0,0
177.901,2,0,-12.0,0.0,0
177.901,2,0,-12.0,0.0,0
178.001,2,0,-12.0,0.0,0
178.001,2,0,-12.0,0.0,0
178.001,2,0,-12.0,0.0,0
178.101,2,0,-12.0,0.0,0
178.101,2,0,-12.0,0.0,0
178.101,2,0,-12.0,0.0,0
178.101,2,0,-12.0,0.0,0
178.201,2,0,-12.0,0.0,0
178.201,2,0,-12.0,0.0,0
178.201,2,0,-12.0,0.0,0
178.201,2,0,-12.0,0.0,0
178.301,2,0,-12.0,0.0,0
178.301,2,0,-12.0,0.0,0
178.301,2,0,-12.0,0.0,0
178.401,2,0,-12.0,0.0,0
178.401,2,0,-12.0,0.0,0
178.401,2,0,-12.0,0.0,0
178.401,2,0,-12.0,0.0,0
178.501,2,0,-12.0,0.0,0
178.501,2,0,-12.0,0.0,0
178.501,2,0,-12.0,0.0,0
178.601,2,0,-12.0,0.0,0
178.601,2,0,-12.0,0.0,0
178.601,2,0,-12.0,0.0,0
178.601,2,0,-12.0,0.0,0
178.701,2,0,-12.0,0.0,0
178.701,2,0,-12.0,0.0,0
178.701,2,0,-12.0,0.0,0
178.801,2,0,-12.0,0.0,0
178.801,2,0,-12.0,0.0,0
178.801,2,0,-12.0,0.0,0
178.801,2,0,-12.0,0.0,0
178.901,2,0,-12.0,0.0,0
178.901,2,0,-12.0,0.0,0
178.901,2,0,-12.0,0.0,0
179.001,2,0,-12.0,0.0,0
179.001,2,0,-12.0,0.0,0
179.001,2,0,-12.0,0.0,0
179.001,2,0,-12.0,0.0,0
179.101,2,0,-12.0,0.0,0
179.101,2,0,-12.0,0.0,0
179.101,2,0,-12.0,0.0,0
179.101,2,0,-12.0,0.0,0
179.201,2,0,-12.0,0.0,0
179.201,2,0,-12.0,0.0,0
179.201,2,0,-12.0,0.0,0
179.301,2,0,-12.0,0.0,0
179.301,2,0,-12.0,0.0,0
179.301,2,0,-12.0,0.0,0
179.301,2,0,-12.0,0.0,0
179.401,2,0,-12.0,0.0,0
179.401,2,0,-12.0,0.0,0
179.401,2,0,-12.0,0.0,0
179.501,2,0,-12.0,0.0,0
179.501,2,0,-12.0,0.0,0
179.501,2,0,-12.0,0.0,0
179.501,2,0,-12.0,0.0,0
179.601,2,0,-12.0,0.0,0
179.601,2,0,-12.0,0.0,0
179.601,2,0,-12.0,0.0,0
179.701,2,0,-12.0,0.0,0
179.701,2,0,-12.0,0.0,0
179.701,2,0,-12.0,0.0,0
179.701,2,0,-12.0,0.0,0
179.801,2,0,-12.0,0.0,0
179.801,2,0,-12.0,0.0,0
179.801,2,0,-12.0,0.0,0
179.801,2,0,-12.0,0.0,0
179.901,2,0,-12.0,0.0,0
179.901,2,0,-12.0,0.0,0
179.901,2,0,-12.0,0.0,0
180.001,2,0,-12.0,0.0,0
180.001,2,0,-12.0,0.0,0
180.001,2,0,-12.0,0.0,0
180.001,2,0,-12.0,0.0,0
180.101,2,0,-12.0,0.0,0
180.101,2,0,-12.0,0.0,0
180.101,2,0,-12.0,0.0,0
180.201,2,0,-12.0,0.0,0
180.201,2,0,-12.0,0.0,0
180.201,2,0,-12.0,0.0,0
180.201,2,0,-12.0,0.0,0
180.301,2,0,-12.0,0.0,0
180.301,2,0,-12.0,0.0,0
180.301,2,0,-12.0,0.0,0
180.401,2,0,-12.0,0.0,0
180.401,2,0,-12.0,0.0,0
180.401,2,0,-12.0,0.0,0
180.401,2,0,-12.0,0.0,0
180.501,2,0,-12.0,0.0,0
180.501,2,0,-12.0,0.0,0
180.501,2,0,-12.0,0.0,0
180.601,2,0,-12.0,0.0,0
180.601,2,0,-12.0,0.0,0
180.601,2,0,-12.0,0.0,0
180.601,2,0,-12.0,0.0,0
180.701,2,0,-12.0,0.0,0
180.701,2,0,-12.0,0.0,0
180.701,2,0,-12.0,0.0,0
180.701,2,0,-12.0,0.0,0
180.801,2,0,-12.0,0.0,0
180.801,2,0,-12.0,0.0,0
180.801,2,0,-12.0,0.0,0
180.901,2,0,-12.0,0.0,0
180.901,2,0,-12.0,0.0,0
180.901,2,0,-12.0,0.0,0
180.901,2,0,-12.0,0.0,0
181.001,2,0,-12.0,0.0,0
181.001,2,0,-12.0,0.0,0
181.001,2,0,-12.0,0.0,0
181.101,2,0,-12.0,0.0,0
181.101,2,0,-12.0,0.0,0
181.101,2,0,-12.0,0.0,0
181.101,2,0,-12.0,0.0,0
181.201,2,0,-12.0,0.0,0
181.201,2,0,-12.0,0.0,0
181.201,2,0,-12.0,0.0,0
181.301,2,0,-12.0,0.0,0
181.301,2,0,-12.0,0.0,0
181.301,2,0,-12.0,0.0,0
181.301,2,0,-12.0,0.0,0
181.401,2,0,-12.0,0.0,0
181.401,2,0,-12.0,0.0,0
181.401,2,0,-12.0,0.0,0
181.401,2,0,-12.0,0.0,0
181.501,2,0,-12.0,0.0,0
181.501,2,0,-12.0,0.0,0
181.501,2,0,-12.0,0.0,0
181.601,2,0,-12.0,0.0,0
181.601,2,0,-12.0,0.0,0
181.601,2,0,-12.0,0.0,0
181.601,2,0,-12.0,0.0,0
181.701,2,0,-12.0,0.0,0
181.701,2,0,-12.0,0.0,0
181.701,2,0,-12.0,0.0,0
181.801,2,0,-12.0,0.0,0
181.801,2,0,-12.0,0.0,0
181.801,2,0,-12.0,0.0,0
181.801,2,0,-12.0,0.0,0
181.901,2,0,-12.0,0.0,0
181.901,2,0,-12.0,0.0,0
181.901,2,0,-12.0,0.0,0
182.001,2,0,-12.0,0.0,0
182.001,2,0,-12.0,0.0,0
182.001,2,0,-12.0,0.0,0
182.001,2,0,-12.0,0.0,0
182.101,2,0,-12.0,0.0,0
182.101,2,0,-12.0,0.0,0
182.101,2,0,-12.0,0.0,0
182.101,2,0,-12.0,0.0,0
182.201,2,0,-12.0,0.0,0
182.201,2,0,-12.0,0.0,0
182.201,2,0,-12.0,0.0,0
182.301,2,0,-12.0,0.0,0
182.301,2,0,-12.0,0.0,0
182.301,2,0,-12.0,0.0,0
182.301,2,0,-12.0,0.0,0
182.401,2,0,-12.0,0.0,0
182.401,2,0,-12.0,0.0,0
182.401,2,0,-12.0,0.0,0
182.501,2,0,-12.0,0.0,0
182.501,2,0,-12.0,0.0,0
182.501,2,0,-12.0,0.0,0
182.501,2,0,-12.0,0.0,0
182.601,2,0,-12.0,0.0,0
182.601,2,0,-12.0,0.0,0
182.601,2,0,-12.0,0.0,0
182.701,2,0,-12.0,0.0,0
182.701,2,0,-12.0,0.0,0
182.701,2,0,-12.0,0.0,0
182.701,2,0,-12.0,0.0,0
182.801,2,0,-12.0,0.0,0
182.801,2,0,-12.0,0.0,0
182.801,2,0,-12.0,0.0,0
182.901,2,0,-12.0,0.0,0
182.901,2,0,-12.0,0.0,0
182.901,2,0,-12.0,0.0,0
182.901,2,0,-12.0,0.0,0
183.001,2,0,-12.0,0.0,0
183.001,2,0,-12.0,0.0,0
183.001,2,0,-12.0,0.0,0
183.001,2,0,-12.0,0.0,0
183.101,2,0,-12.0,0.0,0
183.101,2,0,-12.0,0.0,0
183.101,2,0,-12.0,0.0,0
183.201,2,0,-12.0,0.0,0
183.201,2,0,-12.0,0.0,0
183.201,2,0,-12.0,0.0,0
183.201,2,0,-12.0,0.0,0
183.301,2,0,-12.0,0.0,0
183.301,2,0,-12.0,0.0,0
183.301,2,0,-12.0,0.0,0
183.401,2,0,-12.0,0.0,0
183.401,2,0,-12.0,0.0,0
183.401,2,0,-12.0,0.0,0
183.401,2,0,-12.0,0.0,0
183.501,2,0,-12.0,0.0,0
183.501,2,0,-12.0,0.0,0
183.501,2,0,-12.0,0.0,0
183.601,2,0,-12.0,0.0,0
183.601,2,0,-12.0,0.0,0
183.601,2,0,-12.0,0.0,0
183.601,2,0,-12.0,0.0,0
183.701,2,0,-12.0,0.0,0
183.701,2,0,-12.0,0.0,0
183.701,2,0,-12.0,0.0,0
183.701,2,0,-12.0,0.0,0
183.801,2,0,-12.0,0.0,0
183.801,2,0,-12.0,0.0,0
183.801,2,0,-12.0,0.0,0
183.901,1,0,28.0,0.0,0
183.901,1,0,28.0,0.0,0
183.901,1,0,28.0,0.0,0
183.901,1,0,28.0,0.0,0
184.001,1,0,28.0,0.0,0
184.001,1,0,28.0,0.0,0
184.001,1,0,28.0,0.0,0
184.101,1,0,28.0,0.0,0
184.101,1,0,28.0,0.0,0
184.101,1,0,28.0,0.0,0
184.101,1,0,28.0,0.0,0
184.201,1,0,28.0,0.0,0
184.201,1,0,28.0,0.0,0
184.201,1,0,28.0,0.0,0
184.301,1,0,28.0,0.0,0
184.301,1,0,28.0,0.0,0
184.301,1,0,28.0,0.0,0
184.301,1,0,28.0,0.0,0
184.401,1,0,28.0,0.0,0
184.401,1,0,28.0,0.0,0
184.401,1,0,28.0,0.0,0
184.401,1,0,28.0,0.0,0
184.501,1,0,28.0,0.0,0
184.501,1,0,28.0,0.0,0
184.501,1,0,28.0,0.0,0
184.601,1,0,28.0,0.0,0
184.601,1,0,28.0,0.0,0
184.601,1,0,28.0,0.0,0
184.601,1,0,28.0,0.0,0
184.701,1,0,28.0,0.0,0
184.701,1,0,28.0,0.0,0
184.701,1,0,28.0,0.0,0
184.801,1,0,28.0,0.0,0
184.801,1,0,28.0,0.0,0
184.801,1,0,28.0,0.0,0
184.801,1,0,28.0,0.0,0
184.901,1,0,28.0,0.0,0
184.901,1,0,28.0,0.0,0
184.901,1,0,28.0,0.0,0
185.001,1,0,28.0,0.0,0
185.001,1,0,28.0,0.0,0
185.001,1,0,28.0,0.0,0
185.001,1,0,28.0,0.0,0
185.101,1,0,28.0,0.0,0
185.101,1,0,28.0,0.0,0
185.101,1,0,28.0,0.0,0
185.101,1,0,28.0,0.0,0
185.201,1,0,28.0,0.0,0
185.201,1,0,28.0,0.0,0
185.201,1,0,28.0,0.0,0
185.301,1,0,28.0,0.0,0
185.301,1,0,28.0,0.0,0
185.301,1,0,28.0,0.0,0
185.301,1,0,28.0,0.0,0
185.401,1,0,28.0,0.0,0
185.401,1,0,28.0,0.0,0
185.401,1,0,28.0,0.0,0
185.501,1,0,28.0,0.0,0
185.501,1,0,28.0,0.0,0
185.501,1,0,28.0,0.0,0
185.501,1,0,28.0,0.0,0
185.601,1,0,28.0,0.0,0
185.601,1,0,28.0,0.0,0
185.601,1,0,28.0,0.0,0
185.701,1,0,28.0,0.0,0
185.701,1,0,28.0,0.0,0
185.701,1,0,28.0,0.0,0
185.701,1,0,28.0,0.0,0
185.801,1,0,28.0,0.0,0
185.801,1,0,28.0,0.0,0
185.801,1,0,28.0,0.0,0
185.901,1,0,28.0,0.0,0
185.901,1,0,28.0,0.0,0
185.901,1,0,28.0,0.0,0
185.901,1,0,28.0,0.0,0
186.001,1,0,28.0,0.0,0
186.001,1,0,28.0,0.0,0
186.001,1,0,28.0,0.0,0
186.001,1,0,28.0,0.0,0
186.101,1,0,28.0,0.0,0
186.101,1,0,28.0,0.0,0
186.101,1,0,28.0,0.0,0
186.201,1,0,28.0,0.0,0
186.201,1,0,28.0,0.0,0
186.201,1,0,28.0,0.0,0
186.201,1,0,28.0,0.0,0
186.301,1,0,28.0,0.0,0
186.301,1,0,28.0,0.0,0
186.301,1,0,28.0,0.0,0
186.401,1,0,28.0,0.0,0
186.401,1,0,28.0,0.0,0
186.401,1,0,28.0,0.0,0
186.401,1,0,28.0,0.0,0
186.501,1,0,28.0,0.0,0
186.501,1,0,28.0,0.0,0
186.501,1,0,28.0,0.0,0
186.601,1,0,28.0,0.0,0
186.601,1,0,28.0,0.0,0
186.601,1,0,28.0,0.0,0
186.601,1,0,28.0,0.0,0
186.701,1,0,28.0,0.0,0
186.701,1,0,28.0,0.0,0
186.701,1,0,28.0,0.0,0
186.701,1,0,28.0,0.0,0
186.801,1,0,28.0,0.0,0
186.801,1,0,28.0,0.0,0
186.801,1,0,28.0,0.0,0
186.901,1,0,28.0,0.0,0
186.901,1,0,28.0,0.0,0
186.901,1,0,28.0,0.0,0
186.901,1,0,28.0,0.0,0
187.001,1,0,28.0,0.0,0
187.001,1,0,28.0,0.0,0
187.001,1,0,28.0,0.0,0
187.101,1,0,28.0,0.0,0
187.101,1,0,28.0,0.0,0
187.101,1,0,28.0,0.0,0
187.101,1,0,28.0,0.0,0
187.201,1,0,28.0,0.0,0
187.201,1,0,28.0,0.0,0
187.201,1,0,28.0,0.0,0
187.301,1,0,28.0,0.0,0
187.301,1,0,28.0,0.0,0
187.301,1,0,28.0,0.0,0
187.301,1,0,28.0,0.0,0
187.401,1,0,28.0,0.0,0
187.401,1,0,28.0,0.0,0
187.401,1,0,28.0,0.0,0
187.501,1,0,28.0,0.0,0
187.501,1,0,28.0,0.0,0
187.501,1,0,28.0,0.0,0
187.501,1,0,28.0,0.0,0
187.601,1,0,28.0,0.0,0
187.601,1,0,28.0,0.0,0
187.601,1,0,28.0,0.0,0
187.601,1,0,28.0,0.0,0
187.701,1,0,28.0,0.0,0
187.701,1,0,28.0,0.0,0
187.701,1,0,28.0,0.0,0
187.801,1,0,28.0,0.0,0
187.801,1,0,28.0,0.0,0
187.801,1,0,28.0,0.0,0
187.801,1,0,28.0,0.0,0
187.901,1,0,28.0,0.0,0
187.901,1,0,28.0,0.0,0
187.901,1,0,28.0,0.0,0
188.001,1,0,28.0,0.0,0
188.001,1,0,28.0,0.0,0
188.001,1,0,28.0,0.0,0
188.001,1,0,28.0,0.0,0
188.101,1,0,28.0,0.0,0
188.101,1,0,28.0,0.0,0
188.101,1,0,28.0,0.0,0
188.201,1,0,28.0,0.0,0
188.201,1,0,28.0,0.0,0
188.201,1,0,28.0,0.0,0
188.201,1,0,28.0,0.0,0
188.301,1,0,28.0,0.0,0
188.301,1,0,28.0,0.0,0
188.301,1,0,28.0,0.0,0
188.301,1,0,28.0,0.0,0
188.401,1,0,28.0,0.0,0
188.401,1,0,28.0,0.0,0
188.401,1,0,28.0,0.0,0
188.501,1,0,28.0,0.0,0
188.501,1,0,28.0,0.0,0
188.501,1,0,28.0,0.0,0
188.501,1,0,28.0,0.0,0
188.601,1,0,28.0,0.0,0
188.601,1,0,28.0,0.0,0
188.601,1,0,28.0,0.0,0
188.701,1,0,28.0,0.0,0
188.701,1,0,28.0,0.0,0
188.701,1,0,28.0,0.0,0
188.701,1,0,28.0,0.0,0
188.801,1,0,28.0,0.0,0
188.801,1,0,28.0,0.0,0
188.801,1,0,28.0,0.0,0
188.901,1,0,28.0,0.0,0
188.901,1,0,28.0,0.0,0
188.901,1,0,28.0,0.0,0
188.901,1,0,28.0,0.0,0
189.001,1,0,28.0,0.0,0
189.001,1,0,28.0,0.0,0
189.001,1,0,28.0,0.0,0
189.001,1,0,28.0,0.0,0
189.101,1,0,28.0,0.0,0
189.101,1,0,28.0,0.0,0
189.101,1,0,28.0,0.0,0
189.201,0,0,0.0,0.0,1
189.201,0,0,0.0,0.0,1
189.201,0,0,0.0,0.0,1
189.201,0,0,0.0,0.0,1
189.301,0,0,0.0,0.0,1
189.301,0,0,0.0,0.0,1
189.301,0,0,0.0,0.0,1
189.401,0,0,0.0,0.0,1
189.401,0,0,0.0,0.0,1
189.401,0,0,0.0,0.0,1
189.401,0,0,0.0,0.0,1
189.501,0,0,0.0,0.0,1
189.501,0,0,0.0,0.0,1
189.501,0,0,0.0,0.0,1
189.601,0,0,0.0,0.0,1
189.601,0,0,0.0,0.0,1
189.601,0,0,0.0,0.0,1
189.601,0,0,0.0,0.0,1
189.701,0,0,0.0,0.0,1
189.701,0,0,0.0,0.0,1
189.701,0,0,0.0,0.0,1
189.801,0,0,0.0,0.0,1
189.801,0,0,0.0,0.0,1
189.801,0,0,0.0,0.0,1
189.801,0,0,0.0,0.0,1
189.901,0,0,0.0,0.0,1
189.901,0,0,0.0,0.0,1
189.901,0,0,0.0,0.0,1
189.901,0,0,0.0,0.0,1
190.001,0,0,0.0,0.0,1
190.001,0,0,0.0,0.0,1
190.001,0,0,0.0,0.0,1
190.101,0,0,0.0,0.0,1
190.101,0,0,0.0,0.0,1
190.101,0,0,0.0,0.0,1
190.101,0,0,0.0,0.0,1
190.201,0,0,0.0,0.0,1
190.201,0,0,0.0,0.0,1
190.201,0,0,0.0,0.0,1
190.301,0,0,0.0,0.0,1
190.301,0,0,0.0,0.0,1
190.301,0,0,0.0,0.0,1
190.301,0,0,0.0,0.0,1
190.401,0,0,0.0,0.0,1
190.401,0,0,0.0,0.0,1
190.401,0,0,0.0,0.0,1
190.501,0,0,0.0,0.0,1
190.501,0,0,0.0,0.0,1
190.501,0,0,0.0,0.0,1
190.501,0,0,0.0,0.0,1
190.601,0,0,0.0,0.0,1
190.601,0,0,0.0,0.0,1
190.601,0,0,0.0,0.0,1
190.601,0,0,0.0,0.0,1
190.701,0,0,0.0,0.0,1
190.701,0,0,0.0,0.0,1
190.701,0,0,0.0,0.0,1
190.801,0,0,0.0,0.0,1
190.801,0,0,0.0,0.0,1
190.801,0,0,0.0,0.0,1
190.801,0,0,0.0,0.0,1
190.901,0,0,0.0,0.0,1
190.901,0,0,0.0,0.0,1
190.901,0,0,0.0,0.0,1
191.001,0,0,0.0,0.0,1
191.001,0,0,0.0,0.0,1
191.001,0,0,0.0,0.0,1
191.001,0,0,0.0,0.0,1
191.101,0,0,0.0,0.0,1
191.101,0,0,0.0,0.0,1
191.101,0,0,0.0,0.0,1
191.201,0,0,0.0,0.0,1
191.201,0,0,0.0,0.0,1
191.201,0,0,0.0,0.0,1
191.201,0,0,0.0,0.0,1
191.301,0,0,0.0,0.0,1
191.301,0,0,0.0,0.0,1
191.301,0,0,0.0,0.0,1
191.301,0,0,0.0,0.0,1
191.401,0,0,0.0,0.0,1
191.401,0,0,0.0,0.0,1
191.401,0,0,0.0,0.0,1
191.501,0,0,0.0,0.0,1
191.501,0,0,0.0,0.0,1
191.501,0,0,0.0,0.0,1
191.501,0,0,0.0,0.0,1
191.601,0,0,0.0,0.0,1
191.601,0,0,0.0,0.0,1
191.601,0,0,0.0,0.0,1
191.701,0,0,0.0,0.0,1
191.701,0,0,0.0,0.0,1
191.701,0,0,0.0,0.0,1
191.701,0,0,0.0,0.0,1
191.801,0,0,0.0,0.0,1
191.801,0,0,0.0,0.0,1
191.801,0,0,0.0,0.0,1
191.901,0,0,0.0,0.0,1
191.901,0,0,0.0,0.0,1
191.901,0,0,0.0,0.0,1
191.901,0,0,0.0,0.0,1
192.001,0,0,0.0,0.0,1
192.001,0,0,0.0,0.0,1
192.001,0,0,0.0,0.0,1
192.101,0,0,0.0,0.0,1
192.101,0,0,0.0,0.0,1
192.101,0,0,0.0,0.0,1
192.101,0,0,0.0,0.0,1
192.201,0,0,0.0,0.0,1
192.201,0,0,0.0,0.0,1
192.201,0,0,0.0,0.0,1
192.201,0,0,0.0,0.0,1
192.301,0,0,0.0,0.0,1
192.301,0,0,0.0,0.0,1
192.301,0,0,0.0,0.0,1
192.401,0,0,0.0,0.0,1
192.401,0,0,0.0,0.0,1
192.401,0,0,0.0,0.0,1
192.401,0,0,0.0,0.0,1
192.501,0,0,0.0,0.0,1
192.501,0,0,0.0,0.0,1
192.501,0,0,0.0,0.0,1
192.601,0,0,0.0,0.0,1
192.601,0,0,0.0,0.0,1
192.601,0,0,0.0,0.0,1
192.601,0,0,0.0,0.0,1
192.701,0,0,0.0,0.0,1
192.701,0,0,0.0,0.0,1
192.701,0,0,0.0,0.0,1
192.801,0,0,0.0,0.0,1
192.801,0,0,0.0,0.0,1
192.801,0,0,0.0,0.0,1
192.801,0,0,0.0,0.0,1
192.901,1,0,36.0,0.0,0
192.901,1,0,36.0,0.0,0
192.901,1,0,36.0,0.0,0
192.901,1,0,36.0,0.0,0
193.001,1,0,36.0,0.0,0
193.001,1,0,36.0,0.0,0
193.001,1,0,36.0,0.0,0
193.101,1,0,36.0,0.0,0
193.101,1,0,36.0,0.0,0
193.101,1,0,36.0,0.0,0
193.101,1,0,36.0,0.0,0
193.201,1,0,36.0,0.0,0
193.201,1,0,36.0,0.0,0
193.201,1,0,36.0,0.0,0
193.301,1,0,36.0,0.0,0
193.301,1,0,36.0,0.0,0
193.301,1,0,36.0,0.0,0
193.301,1,0,36.0,0.0,0
193.401,1,0,36.0,0.0,0
193.401,1,0,36.0,0.0,0
193.401,1,0,36.0,0.0,0
193.501,1,0,36.0,0.0,0
193.501,1,0,36.0,0.0,0
193.501,1,0,36.0,0.0,0
193.501,1,0,36.0,0.0,0
193.601,1,0,36.0,0.0,0
193.601,1,0,36.0,0.0,0
193.601,1,0,36.0,0.0,0
193.601,1,0,36.0,0.0,0
193.701,1,0,36.0,0.0,0
193.701,1,0,36.0,0.0,0
193.701,1,0,36.0,0.0,0
193.801,1,0,36.0,0.0,0
193.801,1,0,36.0,0.0,0
193.801,1,0,36.0,0.0,0
193.801,1,0,36.0,0.0,0
193.901,1,0,36.0,0.0,0
193.901,1,0,36.0,0.0,0
193.901,1,0,36.0,0.0,0
194.001,1,0,36.0,0.0,0
194.001,1,0,36.0,0.0,0
194.001,1,0,36.0,0.0,0
194.001,1,0,36.0,0.0,0
194.101,1,0,36.0,0.0,0
194.101,1,0,36.0,0.0,0
194.101,1,0,36.0,0.0,0
194.201,1,0,36.0,0.0,0
194.201,1,0,36.0,0.0,0
194.201,1,0,36.0,0.0,0
194.201,1,0,36.0,0.0,0
194.301,1,0,36.0,0.0,0
194.301,1,0,36.0,0.0,0
194.301,1,0,36.0,0.0,0
194.401,1,0,36.0,0.0,0
194.401,1,0,36.0,0.0,0
194.401,1,0,36.0,0.0,0
194.401,1,0,36.0,0.0,0
194.501,1,0,36.0,0.0,0
194.501,1,0,36.0,0.0,0
194.501,1,0,36.0,0.0,0
194.501,1,0,36.0,0.0,0
194.601,1,0,36.0,0.0,0
194.601,1,0,36.0,0.0,0
194.601,1,0,36.0,0.0,0
194.701,1,0,36.0,0.0,0
194.701,1,0,36.0,0.0,0
194.701,1,0,36.0,0.0,0
194.701,1,0,36.0,0.0,0
194.801,1,0,36.0,0.0,0
194.801,1,0,36.0,0.0,0
194.801,1,0,36.0,0.0,0
194.901,1,0,36.0,0.0,0
194.901,1,0,36.0,0.0,0
194.901,1,0,36.0,0.0,0
194.901,1,0,36.0,0.0,0
195.001,1,0,36.0,0.0,0
195.001,1,0,36.0,0.0,0
195.001,1,0,36.0,0.0,0
195.101,1,0,36.0,0.0,0
195.101,1,0,36.0,0.0,0
195.101,1,0,36.0,0.0,0
195.101,1,0,36.0,0.0,0
195.201,1,0,36.0,0.0,0
195.201,1,0,36.0,0.0,0
195.201,1,0,36.0,0.0,0
195.201,1,0,36.0,0.0,0
195.301,1,0,36.0,0.0,0
195.301,1,0,36.0,0.0,0
195.301,1,0,36.0,0.0,0
195.401,1,0,36.0,0.0,0
195.401,1,0,36.0,0.0,0
195.401,1,0,36.0,0.0,0
195.401,1,0,36.0,0.0,0
195.501,1,0,36.0,0.0,0
195.501,1,0,36.0,0.0,0
195.501,1,0,36.0,0.0,0
195.601,1,0,36.0,0.0,0
195.601,1,0,36.0,0.0,0
195.601,1,0,36.0,0.0,0
195.601,1,0,36.0,0.0,0
195.701,1,0,36.0,0.0,0
195.701,1,0,36.0,0.0,0
195.701,1,0,36.0,0.0,0
195.801,1,0,36.0,0.0,0
195.801,1,0,36.0,0.0,0
195.801,1,0,36.0,0.0,0
195.801,1,0,36.0,0.0,0
195.901,1,0,36.0,0.0,0
195.901,1,0,36.0,0.0,0
195.901,1,0,36.0,0.0,0
196.001,1,0,36.0,0.0,0
196.001,1,0,36.0,0.0,0
196.001,1,0,36.0,0.0,0
196.001,1,0,36.0,0.0,0
196.101,1,0,36.0,0.0,0
196.101,1,0,36.0,0.0,0
196.101,1,0,36.0,0.0,0
196.101,1,0,36.0,0.0,0
196.201,1,0,36.0,0.0,0
196.201,1,0,36.0,0.0,0
196.201,1,0,36.0,0.0,0
196.301,1,0,36.0,0.0,0
196.301,1,0,36.0,0.0,0
196.301,1,0,36.0,0.0,0
196.301,1,0,36.0,0.0,0
196.401,1,0,36.0,0.0,0
196.401,1,0,36.0,0.0,0
196.401,1,0,36.0,0.0,0
196.501,1,0,36.0,0.0,0
196.501,1,0,36.0,0.0,0
196.501,1,0,36.0,0.0,0
196.501,1,0,36.0,0.0,0
196.601,1,0,36.0,0.0,0
196.601,1,0,36.0,0.0,0
196.601,1,0,36.0,0.0,0
196.701,1,0,36.0,0.0,0
196.701,1,0,36.0,0.0,0
196.701,1,0,36.0,0.0,0
196.701,1,0,36.0,0.0,0
196.801,1,0,36.0,0.0,0
196.801,1,0,36.0,0.0,0
196.801,1,0,36.0,0.0,0
196.801,1,0,36.0,0.0,0
196.901,1,0,36.0,0.0,0
196.901,1,0,36.0,0.0,0
196.901,1,0,36.0,0.0,0
197.001,1,0,36.0,0.0,0
197.001,1,0,36.0,0.0,0
197.001,1,0,36.0,0.0,0
197.001,1,0,36.0,0.0,0
197.101,1,0,36.0,0.0,0
197.101,1,0,36.0,0.0,0
197.101,1,0,36.0,0.0,0
197.201,1,0,36.0,0.0,0
197.201,1,0,36.0,0.0,0
197.201,1,0,36.0,0.0,0
197.201,1,0,36.0,0.0,0
197.301,1,0,36.0,0.0,0
197.301,1,0,36.0,0.0,0
197.301,1,0,36.0,0.0,0
197.401,1,0,36.0,0.0,0
197.401,1,0,36.0,0.0,0
197.401,1,0,36.0,0.0,0
197.401,1,0,36.0,0.0,0
197.501,1,0,36.0,0.0,0
197.501,1,0,36.0,0.0,0
197.501,1,0,36.0,0.0,0
197.501,1,0,36.0,0.0,0
197.601,1,0,36.0,0.0,0
197.601,1,0,36.0,0.0,0
197.601,1,0,36.0,0.0,0
197.701,1,0,36.0,0.0,0
197.701,1,0,36.0,0.0,0
197.701,1,0,36.0,0.0,0
197.701,1,0,36.0,0.0,0
197.801,1,0,36.0,0.0,0
197.801,1,0,36.0,0.0,0
197.801,1,0,36.0,0.0,0
197.901,1,0,36.0,0.0,0
197.901,1,0,36.0,0.0,0
197.901,1,0,36.0,0.0,0
197.901,1,0,36.0,0.0,0
198.001,1,0,36.0,0.0,0
198.001,1,0,36.0,0.0,0
198.001,1,0,36.0,0.0,0
198.101,1,0,36.0,0.0,0
198.101,1,0,36.0,0.0,0
198.101,1,0,36.0,0.0,0
198.101,1,0,36.0,0.0,0
198.201,1,0,36.0,0.0,0
198.201,1,0,36.0,0.0,0
198.201,1,0,36.0,0.0,0
198.301,1,0,36.0,0.0,0
198.301,1,0,36.0,0.0,0
198.301,1,0,36.0,0.0,0
198.301,1,0,36.0,0.0,0
198.401,1,0,36.0,0.0,0
198.401,1,0,36.0,0.0,0
198.401,1,0,36.0,0.0,0
198.401,1,0,36.0,0.0,0
198.501,1,0,36.0,0.0,0
198.501,1,0,36.0,0.0,0
198.501,1,0,36.0,0.0,0
198.601,1,0,36.0,0.0,0
198.601,1,0,36.0,0.0,0
198.601,1,0,36.0,0.0,0
198.601,1,0,36.0,0.0,0
198.701,1,0,36.0,0.0,0
198.701,1,0,36.0,0.0,0
198.701,1,0,36.0,0.0,0
198.801,0,0,0.0,0.0,1
198.801,0,0,0.0,0.0,1
198.801,0,0,0.0,0.0,1
198.801,0,0,0.0,0.0,1
198.901,0,0,0.0,0.0,1
198.901,0,0,0.0,0.0,1
198.901,0,0,0.0,0.0,1
199.001,0,0,0.0,0.0,1
199.001,0,0,0.0,0.0,1
199.001,0,0,0.0,0.0,1
199.001,0,0,0.0,0.0,1
199.101,0,0,0.0,0.0,1
199.101,0,0,0.0,0.0,1
199.101,0,0,0.0,0.0,1
199.101,0,0,0.0,0.0,1
199.201,0,0,0.0,0.0,1
199.201,0,0,0.0,0.0,1
199.201,0,0,0.0,0.0,1
199.301,0,0,0.0,0.0,1
199.301,0,0,0.0,0.0,1
199.301,0,0,0.0,0.0,1
199.301,0,0,0.0,0.0,1
199.401,0,0,0.0,0.0,1
199.401,0,0,0.0,0.0,1
199.401,0,0,0.0,0.0,1
199.501,0,0,0.0,0.0,1
199.501,0,0,0.0,0.0,1
199.501,0,0,0.0,0.0,1
199.501,0,0,0.0,0.0,1
199.601,0,0,0.0,0.0,1
199.601,0,0,0.0,0.0,1
199.601,0,0,0.0,0.0,1
199.701,0,0,0.0,0.0,1
199.701,0,0,0.0,0.0,1
199.701,0,0,0.0,0.0,1
199.701,0,0,0.0,0.0,1
199.801,0,0,0.0,0.0,1
199.801,0,0,0.0,0.0,1
199.801,0,0,0.0,0.0,1
199.901,0,0,0.0,0.0,1
199.901,0,0,0.0,0.0,1
199.901,0,0,0.0,0.0,1
199.901,0,0,0.0,0.0,1
200.001,0,0,0.0,0.0,1
200.001,0,0,0.0,0.0,1
200.001,0,0,0.0,0.0,1
200.001,0,0,0.0,0.0,1
200.101,0,0,0.0,0.0,1
200.101,0,0,0.0,0.0,1
200.101,0,0,0.0,0.0,1
200.201,0,0,0.0,0.0,1
200.201,0,0,0.0,0.0,1
200.201,0,0,0.0,0.0,1
200.201,0,0,0.0,0.0,1
200.301,0,0,0.0,0.0,1
200.301,0,0,0.0,0.0,1
200.301,0,0,0.0,0.0,1
200.401,0,0,0.0,0.0,1
200.401,0,0,0.0,0.0,1
200.401,0,0,0.0,0.0,1
200.401,0,0,0.0,0.0,1
200.501,0,0,0.0,0.0,1
200.501,0,0,0.0,0.0,1
200.501,0,0,0.0,0.0,1
200.601,0,0,0.0,0.0,1
200.601,0,0,0.0,0.0,1
200.601,0,0,0.0,0.0,1
200.601,0,0,0.0,0.0,1
200.701,0,0,0.0,0.0,1
200.701,0,0,0.0,0.0,1
200.701,0,0,0.0,0.0,1
200.701,0,0,0.0,0.0,1
200.801,0,0,0.0,0.0,1
200.801,0,0,0.0,0.0,1
200.801,0,0,0.0,0.0,1
200.901,0,0,0.0,0.0,1
200.901,0,0,0.0,0.0,1
200.901,0,0,0.0,0.0,1
200.901,0,0,0.0,0.0,1
201.001,0,0,0.0,0.0,1
201.001,0,0,0.0,0.0,1
201.001,0,0,0.0,0.0,1
201.101,0,0,0.0,0.0,1
201.101,0,0,0.0,0.0,1
201.101,0,0,0.0,0.0,1
201.101,0,0,0.0,0.0,1
201.201,0,0,0.0,0.0,1
201.201,0,0,0.0,0.0,1
201.201,0,0,0.0,0.0,1
201.301,0,0,0.0,0.0,1
201.301,0,0,0.0,0.0,1
201.301,0,0,0.0,0.0,1
201.301,0,0,0.0,0.0,1
201.401,0,0,0.0,0.0,1
201.401,0,0,0.0,0.0,1
201.401,0,0,0.0,0.0,1
201.401,0,0,0.0,0.0,1
201.501,0,0,0.0,0.0,1
201.501,0,0,0.0,0.0,1
201.501,0,0,0.0,0.0,1
201.601,0,0,0.0,0.0,1
201.601,0,0,0.0,0.0,1
201.601,0,0,0.0,0.0,1
201.601,0,0,0.0,0.0,1
201.701,0,0,0.0,0.0,1
201.701,0,0,0.0,0.0,1
201.701,0,0,0.0,0.0,1
201.801,0,0,0.0,0.0,1
201.801,0,0,0.0,0.0,1
201.801,0,0,0.0,0.0,1
201.801,0,0,0.0,0.0,1
201.901,0,0,0.0,0.0,1
201.901,0,0,0.0,0.0,1
201.901,0,0,0.0,0.0,1
202.001,0,0,0.0,0.0,1
202.001,0,0,0.0,0.0,1
202.001,0,0,0.0,0.0,1
202.001,0,0,0.0,0.0,1
202.101,0,0,0.0,0.0,1
202.101,0,0,0.0,0.0,1
202.101,0,0,0.0,0.0,1
202.201,0,0,0.0,0.0,1
202.201,0,0,0.0,0.0,1
202.201,0,0,0.0,0.0,1
202.201,0,0,0.0,0.0,1
202.301,0,0,0.0,0.0,1
202.301,0,0,0.0,0.0,1
202.301,0,0,0.0,0.0,1
202.301,0,0,0.0,0.0,1
202.401,0,0,0.0,0.0,1
202.401,0,0,0.0,0.0,1
202.401,0,0,0.0,0.0,1
202.501,0,0,0.0,0.0,1
202.501,0,0,0.0,0.0,1
202.501,0,0,0.0,0.0,1
202.501,0,0,0.0,0.0,1
202.601,0,0,0.0,0.0,1
202.601,0,0,0.0,0.0,1
202.601,0,0,0.0,0.0,1
202.701,0,0,0.0,0.0,1
202.701,0,0,0.0,0.0,1
202.701,0,0,0.0,0.0,1
202.701,0,0,0.0,0.0,1
202.801,0,0,0.0,0.0,1
202.801,0,0,0.0,0.0,1
202.801,0,0,0.0,0.0,1
202.901,0,0,0.0,0.0,1
202.901,0,0,0.0,0.0,1
202.901,0,0,0.0,0.0,1
202.901,0,0,0.0,0.0,1
203.001,0,0,0.0,0.0,1
203.001,0,0,0.0,0.0,1
203.001,0,0,0.0,0.0,1
203.001,0,0,0.0,0.0,1
203.101,0,0,0.0,0.0,1
203.101,0,0,0.0,0.0,1
203.101,0,0,0.0,0.0,1
203.201,0,0,0.0,0.0,1
203.201,0,0,0.0,0.0,1
203.201,0,0,0.0,0.0,1
203.201,0,0,0.0,0.0,1
203.301,0,0,0.0,0.0,1
203.301,0,0,0.0,0.0,1
203.301,0,0,0.0,0.0,1
203.401,0,0,0.0,0.0,1
203.401,0,0,0.0,0.0,1
203.401,0,0,0.0,0.0,1
203.401,0,0,0.0,0.0,1
203.501,0,0,0.0,0.0,1
203.501,0,0,0.0,0.0,1
203.501,0,0,0.0,0.0,1
203.601,0,0,0.0,0.0,1
203.601,0,0,0.0,0.0,1
203.601,0,0,0.0,0.0,1
203.601,0,0,0.0,0.0,1
203.701,0,0,0.0,0.0,1
203.701,0,0,0.0,0.0,1
203.701,0,0,0.0,0.0,1
203.701,0,0,0.0,0.0,1
203.801,0,0,0.0,0.0,1
203.801,0,0,0.0,0.0,1
203.801,0,0,0.0,0.0,1
203.901,0,0,0.0,0.0,1
203.901,0,0,0.0,0.0,1
203.901,0,0,0.0,0.0,1
203.901,0,0,0.0,0.0,1
204.001,0,0,0.0,0.0,1
204.001,0,0,0.0,0.0,1
204.001,0,0,0.0,0.0,1
204.101,0,0,0.0,0.0,1
204.101,0,0,0.0,0.0,1
204.101,0,0,0.0,0.0,1
204.101,0,0,0.0,0.0,1
204.201,0,0,0.0,0.0,1
204.201,0,0,0.0,0.0,1
204.201,0,0,0.0,0.0,1
204.301,0,0,0.0,0.0,1
204.301,0,0,0.0,0.0,1
204.301,0,0,0.0,0.0,1
204.301,0,0,0.0,0.0,1
204.401,0,0,0.0,0.0,1
204.401,0,0,0.0,0.0,1
204.401,0,0,0.0,0.0,1
204.501,0,0,0.0,0.0,1
204.501,0,0,0.0,0.0,1
204.501,0,0,0.0,0.0,1
204.501,0,0,0.0,0.0,1
204.601,0,0,0.0,0.0,1
204.601,0,0,0.0,0.0,1
204.601,0,0,0.0,0.0,1
204.601,0,0,0.0,0.0,1
204.701,0,0,0.0,0.0,1
204.701,0,0,0.0,0.0,1
204.701,0,0,0.0,0.0,1
204.801,0,0,0.0,0.0,1
204.801,0,0,0.0,0.0,1
204.801,0,0,0.0,0.0,1
204.801,0,0,0.0,0.0,1
204.901,0,0,0.0,0.0,1
204.901,0,0,0.0,0.0,1
204.901,0,0,0.0,0.0,1
205.001,0,0,0.0,0.0,1
205.001,0,0,0.0,0.0,1
205.001,0,0,0.0,0.0,1
205.001,0,0,0.0,0.0,1
205.101,0,0,0.0,0.0,1
205.101,0,0,0.0,0.0,1
205.101,0,0,0.0,0.0,1
205.201,0,0,0.0,0.0,1
205.201,0,0,0.0,0.0,1
205.201,0,0,0.0,0.0,1
205.201,0,0,0.0,0.0,1
205.301,0,0,0.0,0.0,1
205.301,0,0,0.0,0.0,1
205.301,0,0,0.0,0.0,1
205.301,0,0,0.0,0.0,1
205.401,0,0,0.0,0.0,1
205.401,0,0,0.0,0.0,1
205.401,0,0,0.0,0.0,1
205.501,0,0,0.0,0.0,1
205.501,0,0,0.0,0.0,1
205.501,0,0,0.0,0.0,1
205.501,0,0,0.0,0.0,1
205.601,0,0,0.0,0.0,1
205.601,0,0,0.0,0.0,1
205.601,0,0,0.0,0.0,1
205.701,0,0,0.0,0.0,1
205.701,0,0,0.0,0.0,1
205.701,0,0,0.0,0.0,1
205.701,0,0,0.0,0.0,1
205.801,0,0,0.0,0.0,1
205.801,0,0,0.0,0.0,1
205.801,0,0,0.0,0.0,1
205.901,0,0,0.0,0.0,1
205.901,0,0,0.0,0.0,1
205.901,0,0,0.0,0.0,1
205.901,0,0,0.0,0.0,1
206.001,0,0,0.0,0.0,1
206.001,0,0,0.0,0.0,1
206.001,0,0,0.0,0.0,1
206.101,0,0,0.0,0.0,1
206.101,0,0,0.0,0.0,1
206.101,0,0,0.0,0.0,1
206.101,0,0,0.0,0.0,1
206.201,0,0,0.0,0.0,1
206.201,0,0,0.0,0.0,1
206.201,0,0,0.0,0.0,1
206.201,0,0,0.0,0.0,1
206.301,0,0,0.0,0.0,1
206.301,0,0,0.0,0.0,1
206.301,0,0,0.0,0.0,1
206.401,0,0,0.0,0.0,1
206.401,0,0,0.0,0.0,1
206.401,0,0,0.0,0.0,1
206.401,0,0,0.0,0.0,1
206.501,0,0,0.0,0.0,1
206.501,0,0,0.0,0.0,1
206.501,0,0,0.0,0.0,1
206.601,0,0,0.0,0.0,1
206.601,0,0,0.0,0.0,1
206.601,0,0,0.0,0.0,1
206.601,0,0,0.0,0.0,1
206.701,0,0,0.0,0.0,1
206.701,0,0,0.0,0.0,1
206.701,0,0,0.0,0.0,1
206.801,0,0,0.0,0.0,1
206.801,0,0,0.0,0.0,1
206.801,0,0,0.0,0.0,1
206.801,0,0,0.0,0.0,1
206.901,0,0,0.0,0.0,1
206.901,0,0,0.0,0.0,1
206.901,0,0,0.0,0.0,1
206.901,0,0,0.0,0.0,1
207.001,0,0,0.0,0.0,1
207.001,0,0,0.0,0.0,1
207.001,0,0,0.0,0.0,1
207.101,0,0,0.0,0.0,1
207.101,0,0,0.0,0.0,1
207.101,0,0,0.0,0.0,1
207.101,0,0,0.0,0.0,1
207.201,0,0,0.0,0.0,1
207.201,0,0,0.0,0.0,1
207.201,0,0,0.0,0.0,1
207.301,0,0,0.0,0.0,1
207.301,0,0,0.0,0.0,1
207.301,0,0,0.0,0.0,1
207.301,0,0,0.0,0.0,1
207.401,0,0,0.0,0.0,1
207.401,0,0,0.0,0.0,1
207.401,0,0,0.0,0.0,1
207.501,0,0,0.0,0.0,1
207.501,0,0,0.0,0.0,1
207.501,0,0,0.0,0.0,1
207.501,0,0,0.0,0.0,1
207.601,0,0,0.0,0.0,1
207.601,0,0,0.0,0.0,1
207.601,0,0,0.0,0.0,1
207.601,0,0,0.0,0.0,1
207.701,0,0,0.0,0.0,1
207.701,0,0,0.0,0.0,1
207.701,0,0,0.0,0.0,1
207.801,0,0,0.0,0.0,1
207.801,0,0,0.0,0.0,1
207.801,0,0,0.0,0.0,1
207.801,0,0,0.0,0.0,1
207.901,0,0,0.0,0.0,1
207.901,0,0,0.0,0.0,1
207.901,0,0,0.0,0.0,1
208.001,0,0,0.0,0.0,1
208.001,0,0,0.0,0.0,1
208.001,0,0,0.0,0.0,1
208.001,0,0,0.0,0.0,1
208.101,0,0,0.0,0.0,1
208.101,0,0,0.0,0.0,1
208.101,0,0,0.0,0.0,1
208.201,0,0,0.0,0.0,1
208.201,0,0,0.0,0.0,1
208.201,0,0,0.0,0.0,1
208.201,0,0,0.0,0.0,1
208.301,0,0,0.0,0.0,1
208.301,0,0,0.0,0.0,1
208.301,0,0,0.0,0.0,1
208.401,0,0,0.0,0.0,1
208.401,0,0,0.0,0.0,1
208.401,0,0,0.0,0.0,1
208.401,0,0,0.0,0.0,1
208.501,0,0,0.0,0.0,1
208.501,0,0,0.0,0.0,1
208.501,0,0,0.0,0.0,1
208.501,0,0,0.0,0.0,1
208.601,0,0,0.0,0.0,1
208.601,0,0,0.0,0.0,1
208.601,0,0,0.0,0.0,1
208.701,0,0,0.0,0.0,1
208.701,0,0,0.0,0.0,1
208.701,0,0,0.0,0.0,1
208.701,0,0,0.0,0.0,1
208.801,0,0,0.0,0.0,1
208.801,0,0,0.0,0.0,1
208.801,0,0,0.0,0.0,1
208.901,0,0,0.0,0.0,1
208.901,0,0,0.0,0.0,1
208.901,0,0,0.0,0.0,1
208.901,0,0,0.0,0.0,1
209.001,0,0,0.0,0.0,1
209.001,0,0,0.0,0.0,1
209.001,0,0,0.0,0.0,1
209.101,0,0,0.0,0.0,1
209.101,0,0,0.0,0.0,1
209.101,0,0,0.0,0.0,1
209.101,0,0,0.0,0.0,1
209.201,0,0,0.0,0.0,1
209.201,0,0,0.0,0.0,1
209.201,0,0,0.0,0.0,1
209.201,0,0,0.0,0.0,1
209.301,0,0,0.0,0.0,1
209.301,0,0,0.0,0.0,1
209.301,0,0,0.0,0.0,1
209.401,0,0,0.0,0.0,1
209.401,0,0,0.0,0.0,1
209.401,0,0,0.0,0.0,1
209.401,0,0,0.0,0.0,1
209.501,0,0,0.0,0.0,1
209.501,0,0,0.0,0.0,1
209.501,0,0,0.0,0.0,1
209.601,0,0,0.0,0.0,1
209.601,0,0,0.0,0.0,1
209.601,0,0,0.0,0.0,1
209.601,0,0,0.0,0.0,1
209.701,0,0,0.0,0.0,1
209.701,0,0,0.0,0.0,1
209.701,0,0,0.0,0.0,1
209.801,0,0,0.0,0.0,1
209.801,0,0,0.0,0.0,1
209.801,0,0,0.0,0.0,1
209.801,0,0,0.0,0.0,1
209.901,0,0,0.0,0.0,1
209.901,0,0,0.0,0.0,1
209.901,0,0,0.0,0.0,1
209.901,0,0,0.0,0.0,1
210.001,0,0,0.0,0.0,1
210.001,0,0,0.0,0.0,1
210.001,0,0,0.0,0.0,1
210.101,0,0,0.0,0.0,1
210.101,0,0,0.0,0.0,1
210.101,0,0,0.0,0.0,1
210.101,0,0,0.0,0.0,1
210.201,0,0,0.0,0.0,1
210.201,0,0,0.0,0.0,1
210.201,0,0,0.0,0.0,1
210.301,0,0,0.0,0.0,1
210.301,0,0,0.0,0.0,1
210.301,0,0,0.0,0.0,1
210.301,0,0,0.0,0.0,1
210.401,2,2,-47.0,-1.0,0
210.401,2,2,-47.0,-1.0,0
210.401,2,2,-47.0,-1.0,0
210.501,2,2,-47.0,-1.0,0
210.501,2,2,-47.0,-1.0,0
210.501,2,2,-47.0,-1.0,0
210.501,2,2,-47.0,-1.0,0
210.601,2,2,-47.0,-1.0,0
210.601,2,2,-47.0,-1.0,0
210.601,2,2,-47.0,-1.0,0
210.601,2,2,-47.0,-1.0,0
210.701,2,2,-47.0,-1.0,0
210.701,2,2,-47.0,-1.0,0
210.701,2,2,-47.0,-1.0,0
210.801,2,2,-47.0,-1.0,0
210.801,2,2,-47.0,-1.0,0
210.801,2,2,-47.0,-1.0,0
210.801,2,2,-47.0,-1.0,0
210.901,2,2,-47.0,-1.0,0
210.901,2,2,-47.0,-1.0,0
210.901,2,2,-47.0,-1.0,0
211.001,2,2,-47.0,-1.0,0
211.001,2,2,-47.0,-1.0,0
211.001,2,2,-47.0,-1.0,0
211.001,2,2,-47.0,-1.0,0
211.101,2,2,-47.0,-1.0,0
211.101,2,2,-47.0,-1.0,0
211.101,2,2,-47.0,-1.0,0
211.201,2,2,-47.0,-1.0,0
211.201,2,2,-47.0,-1.0,0
211.201,2,2,-47.0,-1.0,0
211.201,2,2,-47.0,-1.0,0
211.301,2,2,-47.0,-1.0,0
211.301,2,2,-47.0,-1.0,0
211.301,2,2,-47.0,-1.0,0
211.401,2,2,-47.0,-1.0,0
211.401,2,2,-47.0,-1.0,0
211.401,2,2,-47.0,-1.0,0
211.401,2,2,-47.0,-1.0,0
211.501,2,2,-47.0,-1.0,0
211.501,2,2,-47.0,-1.0,0
211.501,2,2,-47.0,-1.0,0
211.501,2,2,-47.0,-1.0,0
211.601,2,2,-47.0,-1.0,0
211.601,2,2,-47.0,-1.0,0
211.601,2,2,-47.0,-1.0,0
211.701,2,2,-47.0,-1.0,0
211.701,2,2,-47.0,-1.0,0
211.701,2,2,-47.0,-1.0,0
211.701,2,2,-47.0,-1.0,0
211.801,2,2,-47.0,-1.0,0
211.801,2,2,-47.0,-1.0,0
211.801,2,2,-47.0,-1.0,0
211.901,2,2,-47.0,-1.0,0
211.901,2,2,-47.0,-1.0,0
211.901,2,2,-47.0,-1.0,0
211.901,2,2,-47.0,-1.0,0
212.001,2,2,-47.0,-1.0,0
212.001,2,2,-47.0,-1.0,0
212.001,2,2,-47.0,-1.0,0
212.101,2,2,-47.0,-1.0,0
212.101,2,2,-47.0,-1.0,0
212.101,2,2,-47.0,-1.0,0
212.101,2,2,-47.0,-1.0,0
212.201,2,2,-47.0,-1.0,0
212.201,2,2,-47.0,-1.0,0
212.201,2,2,-47.0,-1.0,0
212.201,2,2,-47.0,-1.0,0
212.301,2,2,-47.0,-1.0,0
212.301,2,2,-47.0,-1.0,0
212.301,2,2,-47.0,-1.0,0
212.401,2,2,-47.0,-1.0,0
212.401,2,2,-47.0,-1.0,0
212.401,2,2,-47.0,-1.0,0
212.401,2,2,-47.0,-1.0,0
212.501,2,2,-47.0,-1.0,0
212.501,2,2,-47.0,-1.0,0
212.501,2,2,-47.0,-1.0,0
212.601,2,2,-47.0,-1.0,0
212.601,2,2,-47.0,-1.0,0
212.601,2,2,-47.0,-1.0,0
212.601,2,2,-47.0,-1.0,0
212.701,2,2,-47.0,-1.0,0
212.701,2,2,-47.0,-1.0,0
212.701,2,2,-47.0,-1.0,0
212.801,2,2,-47.0,-1.0,0
212.801,2,2,-47.0,-1.0,0
212.801,2,2,-47.0,-1.0,0
212.801,2,2,-47.0,-1.0,0
212.901,2,2,-47.0,-1.0,0
212.901,2,2,-47.0,-1.0,0
212.901,2,2,-47.0,-1.0,0
212.901,2,2,-47.0,-1.0,0
213.001,2,2,-47.0,-1.0,0
213.001,2,2,-47.0,-1.0,0
213.001,2,2,-47.0,-1.0,0
213.101,2,2,-47.0,-1.0,0
213.101,2,2,-47.0,-1.0,0
213.101,2,2,-47.0,-1.0,0
213.101,2,2,-47.0,-1.0,0
213.201,2,2,-47.0,-1.0,0
213.201,2,2,-47.0,-1.0,0
213.201,2,2,-47.0,-1.0,0
213.301,2,2,-47.0,-1.0,0
213.301,2,2,-47.0,-1.0,0
213.301,2,2,-47.0,-1.0,0
213.301,2,2,-47.0,-1.0,0
213.401,2,2,-47.0,-1.0,0
213.401,2,2,-47.0,-1.0,0
213.401,2,2,-47.0,-1.0,0
213.501,2,2,-47.0,-1.0,0
213.501,2,2,-47.0,-1.0,0
213.501,2,2,-47.0,-1.0,0
213.501,2,2,-47.0,-1.0,0
213.601,2,2,-47.0,-1.0,0
213.601,2,2,-47.0,-1.0,0
213.601,2,2,-47.0,-1.0,0
213.701,2,2,-47.0,-1.0,0
213.701,2,2,-47.0,-1.0,0
213.701,2,2,-47.0,-1.0,0
213.701,2,2,-47.0,-1.0,0
213.801,2,2,-47.0,-1.0,0
213.801,2,2,-47.0,-1.0,0
213.801,2,2,-47.0,-1.0,0
213.801,2,2,-47.0,-1.0,0
213.901,2,2,-47.0,-1.0,0
213.901,2,2,-47.0,-1.0,0
213.901,2,2,-47.0,-1.0,0
214.001,2,2,-47.0,-1.0,0
214.001,2,2,-47.0,-1.0,0
214.001,2,2,-47.0,-1.0,0
214.001,2,2,-47.0,-1.0,0
214.101,2,2,-47.0,-1.0,0
214.101,2,2,-47.0,-1.0,0
214.101,2,2,-47.0,-1.0,0
214.201,2,2,-47.0,-1.0,0
214.201,2,2,-47.0,-1.0,0
214.201,2,2,-47.0,-1.0,0
214.201,2,2,-47.0,-1.0,0
214.301,2,2,-47.0,-1.0,0
214.301,2,2,-47.0,-1.0,0
214.301,2,2,-47.0,-1.0,0
214.401,2,2,-47.0,-1.0,0
214.401,2,2,-47.0,-1.0,0
214.401,2,2,-47.0,-1.0,0
214.401,2,2,-47.0,-1.0,0
214.501,2,2,-47.0,-1.0,0
214.501,2,2,-47.0,-1.0,0
214.501,2,2,-47.0,-1.0,0
214.501,2,2,-47.0,-1.0,0
214.601,2,2,-47.0,-1.0,0
214.601,2,2,-47.0,-1.0,0
214.601,2,2,-47.0,-1.0,0
214.701,2,2,-47.0,-1.0,0
214.701,2,2,-47.0,-1.0,0
214.701,2,2,-47.0,-1.0,0
214.701,2,2,-47.0,-1.0,0
214.801,2,2,-47.0,-1.0,0
214.801,2,2,-47.0,-1.0,0
214.801,2,2,-47.0,-1.0,0
214.901,2,2,-47.0,-1.0,0
214.901,2,2,-47.0,-1.0,0
214.901,2,2,-47.0,-1.0,0
214.901,2,2,-47.0,-1.0,0
215.001,2,2,-47.0,-1.0,0
215.001,2,2,-47.0,-1.0,0
215.001,2,2,-47.0,-1.0,0
215.101,2,2,-47.0,-1.0,0
215.101,2,2,-47.0,-1.0,0
215.101,2,2,-47.0,-1.0,0
215.101,2,2,-47.0,-1.0,0
215.201,2,2,-47.0,-1.0,0
215.201,2,2,-47.0,-1.0,0
215.201,2,2,-47.0,-1.0,0
215.301,2,2,-47.0,-1.0,0
215.301,2,2,-47.0,-1.0,0
215.301,2,2,-47.0,-1.0,0
215.301,2,2,-47.0,-1.0,0
215.401,2,2,-47.0,-1.0,0
215.401,2,2,-47.0,-1.0,0
215.401,2,2,-47.0,-1.0,0
215.401,2,2,-47.0,-1.0,0
215.501,2,2,-47.0,-1.0,0
215.501,2,2,-47.0,-1.0,0
215.501,2,2,-47.0,-1.0,0
215.601,2,2,-47.0,-1.0,0
215.601,2,2,-47.0,-1.0,0
215.601,2,2,-47.0,-1.0,0
215.601,2,2,-47.0,-1.0,0
215.701,2,2,-47.0,-1.0,0
215.701,2,2,-47.0,-1.0,0
215.701,2,2,-47.0,-1.0,0
215.801,2,2,-47.0,-1.0,0
215.801,2,2,-47.0,-1.0,0
215.801,2,2,-47.0,-1.0,0
215.801,2,2,-47.0,-1.0,0
215.901,2,2,-47.0,-1.0,0
215.901,2,2,-47.0,-1.0,0
215.901,2,2,-47.0,-1.0,0
216.001,2,2,-47.0,-1.0,0
216.001,2,2,-47.0,-1.0,0
216.001,2,2,-47.0,-1.0,0
216.001,2,2,-47.0,-1.0,0
216.101,2,2,-47.0,-1.0,0
216.101,2,2,-47.0,-1.0,0
216.101,2,2,-47.0,-1.0,0
216.101,2,2,-47.0,-1.0,0
216.201,2,2,-47.0,-1.0,0
216.201,2,2,-47.0,-1.0,0
216.201,2,2,-47.0,-1.0,0
216.301,2,2,-47.0,-1.0,0
216.301,2,2,-47.0,-1.0,0
216.301,2,2,-47.0,-1.0,0
216.301,2,2,-47.0,-1.0,0
216.401,2,2,-47.0,-1.0,0
216.401,2,2,-47.0,-1.0,0
216.401,2,2,-47.0,-1.0,0
216.501,2,2,-47.0,-1.0,0
216.501,2,2,-47.0,-1.0,0
216.501,2,2,-47.0,-1.0,0
216.501,2,2,-47.0,-1.0,0
216.601,2,2,-47.0,-1.0,0
216.601,2,2,-47.0,-1.0,0
216.601,2,2,-47.0,-1.0,0
216.701,2,2,-47.0,-1.0,0
216.701,2,2,-47.0,-1.0,0
216.701,2,2,-47.0,-1.0,0
216.701,2,2,-47.0,-1.0,0
216.801,2,2,-47.0,-1.0,0
216.801,2,2,-47.0,-1.0,0
216.801,2,2,-47.0,-1.0,0
216.801,2,2,-47.0,-1.0,0
216.901,2,2,-47.0,-1.0,0
216.901,2,2,-47.0,-1.0,0
216.901,2,2,-47.0,-1.0,0
217.001,2,2,-47.0,-1.0,0
217.001,2,2,-47.0,-1.0,0
217.001,2,2,-47.0,-1.0,0
217.001,2,2,-47.0,-1.0,0
217.101,2,2,-47.0,-1.0,0
217.101,2,2,-47.0,-1.0,0
217.101,2,2,-47.0,-1.0,0
217.201,2,2,-47.0,-1.0,0
217.201,2,2,-47.0,-1.0,0
217.201,2,2,-47.0,-1.0,0
217.201,2,2,-47.0,-1.0,0
217.301,2,2,-47.0,-1.0,0
217.301,2,2,-47.0,-1.0,0
217.301,2,2,-47.0,-1.0,0
217.401,2,2,-47.0,-1.0,0
217.401,2,2,-47.0,-1.0,0
217.401,2,2,-47.0,-1.0,0
217.401,2,2,-47.0,-1.0,0
217.501,2,2,-47.0,-1.0,0
217.501,2,2,-47.0,-1.0,0
217.501,2,2,-47.0,-1.0,0
217.601,2,2,-47.0,-1.0,0
217.601,2,2,-47.0,-1.0,0
217.601,2,2,-47.0,-1.0,0
217.601,2,2,-47.0,-1.0,0
217.701,2,2,-47.0,-1.0,0
217.701,2,2,-47.0,-1.0,0
217.701,2,2,-47.0,-1.0,0
217.701,2,2,-47.0,-1.0,0
217.801,2,2,-47.0,-1.0,0
217.801,2,2,-47.0,-1.0,0
217.801,2,2,-47.0,-1.0,0
217.901,2,2,-47.0,-1.0,0
217.901,2,2,-47.0,-1.0,0
217.901,2,2,-47.0,-1.0,0
217.901,2,2,-47.0,-1.0,0
218.001,2,2,-47.0,-1.0,0
218.001,2,2,-47.0,-1.0,0
218.001,2,2,-47.0,-1.0,0
218.101,2,2,-47.0,-1.0,0
218.101,2,2,-47.0,-1.0,0
218.101,2,2,-47.0,-1.0,0
218.101,2,2,-47.0,-1.0,0
218.201,2,2,-47.0,-1.0,0
218.201,2,2,-47.0,-1.0,0
218.201,2,2,-47.0,-1.0,0
218.301,2,2,-47.0,-1.0,0
218.301,2,2,-47.0,-1.0,0
218.301,2,2,-47.0,-1.0,0
218.301,2,2,-47.0,-1.0,0
218.401,2,2,-47.0,-1.0,0
218.401,2,2,-47.0,-1.0,0
218.401,2,2,-47.0,-1.0,0
218.501,2,2,-47.0,-1.0,0
218.501,2,2,-47.0,-1.0,0
218.501,2,2,-47.0,-1.0,0
218.501,2,2,-47.0,-1.0,0
218.601,2,2,-47.0,-1.0,0
218.601,2,2,-47.0,-1.0,0
218.601,2,2,-47.0,-1.0,0
218.601,2,2,-47.0,-1.0,0
218.701,2,2,-47.0,-1.0,0
218.701,2,2,-47.0,-1.0,0
218.701,2,2,-47.0,-1.0,0
218.801,2,2,-47.0,-1.0,0
218.801,2,2,-47.0,-1.0,0
218.801,2,2,-47.0,-1.0,0
218.801,2,2,-47.0,-1.0,0
218.901,2,2,-47.0,-1.0,0
218.901,2,2,-47.0,-1.0,0
218.901,2,2,-47.0,-1.0,0
219.001,2,2,-47.0,-1.0,0
219.001,2,2,-47.0,-1.0,0
219.001,2,2,-47.0,-1.0,0
219.001,2,2,-47.0,-1.0,0
219.101,2,2,-47.0,-1.0,0
219.101,2,2,-47.0,-1.0,0
219.101,2,2,-47.0,-1.0,0
219.201,2,2,-47.0,-1.0,0
219.201,2,2,-47.0,-1.0,0
219.201,2,2,-47.0,-1.0,0
219.201,2,2,-47.0,-1.0,0
219.301,2,2,-47.0,-1.0,0
219.301,2,2,-47.0,-1.0,0
219.301,2,2,-47.0,-1.0,0
219.301,2,2,-47.0,-1.0,0
219.401,2,2,-47.0,-1.0,0
219.401,2,2,-47.0,-1.0,0
219.401,2,2,-47.0,-1.0,0
219.501,2,2,-47.0,-1.0,0
219.501,2,2,-47.0,-1.0,0
219.501,2,2,-47.0,-1.0,0
219.501,2,2,-47.0,-1.0,0
219.601,2,2,-47.0,-1.0,0
219.601,2,2,-47.0,-1.0,0
219.601,2,2,-47.0,-1.0,0
219.701,2,2,-47.0,-1.0,0
219.701,2,2,-47.0,-1.0,0
219.701,2,2,-47.0,-1.0,0
219.701,2,2,-47.0,-1.0,0
219.801,2,2,-47.0,-1.0,0
219.801,2,2,-47.0,-1.0,0
219.801,2,2,-47.0,-1.0,0
219.901,2,2,-47.0,-1.0,0
219.901,2,2,-47.0,-1.0,0
219.901,2,2,-47.0,-1.0,0
219.901,2,2,-47.0,-1.0,0
220.001,2,2,-47.0,-1.0,0
220.001,2,2,-47.0,-1.0,0
220.001,2,2,-47.0,-1.0,0
220.001,2,2,-47.0,-1.0,0
220.101,2,2,-47.0,-1.0,0
220.101,2,2,-47.0,-1.0,0
220.101,2,2,-47.0,-1.0,0
220.201,2,2,-47.0,-1.0,0
220.201,2,2,-47.0,-1.0,0
220.201,2,2,-47.0,-1.0,0
220.201,2,2,-47.0,-1.0,0
220.301,2,2,-47.0,-1.0,0
220.301,2,2,-47.0,-1.0,0
220.301,2,2,-47.0,-1.0,0
220.401,2,2,-47.0,-1.0,0
220.401,2,2,-47.0,-1.0,0
220.401,2,2,-47.0,-1.0,0
220.401,2,2,-47.0,-1.0,0
220.501,2,2,-47.0,-1.0,0
220.501,2,2,-47.0,-1.0,0
220.501,2,2,-47.0,-1.0,0
220.601,2,2,-47.0,-1.0,0
220.601,2,2,-47.0,-1.0,0
220.601,2,2,-47.0,-1.0,0
220.601,2,2,-47.0,-1.0,0
220.701,2,2,-47.0,-1.0,0
220.701,2,2,-47.0,-1.0,0
220.701,2,2,-47.0,-1.0,0
220.701,2,2,-47.0,-1.0,0
220.801,2,2,-47.0,-1.0,0
220.801,2,2,-47.0,-1.0,0
220.801,2,2,-47.0,-1.0,0
220.901,2,2,-47.0,-1.0,0
220.901,2,2,-47.0,-1.0,0
220.901,2,2,-47.0,-1.0,0
220.901,2,2,-47.0,-1.0,0
221.001,2,2,-47.0,-1.0,0
221.001,2,2,-47.0,-1.0,0
221.001,2,2,-47.0,-1.0,0
221.101,2,2,-47.0,-1.0,0
221.101,2,2,-47.0,-1.0,0
221.101,2,2,-47.0,-1.0,0
221.101,2,2,-47.0,-1.0,0
221.201,2,2,-47.0,-1.0,0
221.201,2,2,-47.0,-1.0,0
221.201,2,2,-47.0,-1.0,0
221.301,2,2,-47.0,-1.0,0
221.301,2,2,-47.0,-1.0,0
221.301,2,2,-47.0,-1.0,0
221.301,2,2,-47.0,-1.0,0
221.401,2,2,-47.0,-1.0,0
221.401,2,2,-47.0,-1.0,0
221.401,2,2,-47.0,-1.0,0
221.501,2,2,-47.0,-1.0,0
221.501,2,2,-47.0,-1.0,0
221.501,2,2,-47.0,-1.0,0
221.501,2,2,-47.0,-1.0,0
221.601,2,2,-47.0,-1.0,0
221.601,2,2,-47.0,-1.0,0
221.601,2,2,-47.0,-1.0,0
221.601,2,2,-47.0,-1.0,0
221.701,2,2,-47.0,-1.0,0
221.701,2,2,-47.0,-1.0,0
221.701,2,2,-47.0,-1.0,0
221.801,2,2,-47.0,-1.0,0
221.801,2,2,-47.0,-1.0,0
221.801,2,2,-47.0,-1.0,0
221.801,2,2,-47.0,-1.0,0
221.901,2,2,-47.0,-1.0,0
221.901,2,2,-47.0,-1.0,0
221.901,2,2,-47.0,-1.0,0
222.001,2,2,-47.0,-1.0,0
222.001,2,2,-47.0,-1.0,0
222.001,2,2,-47.0,-1.0,0
222.001,2,2,-47.0,-1.0,0
222.101,2,2,-47.0,-1.0,0
222.101,2,2,-47.0,-1.0,0
222.101,2,2,-47.0,-1.0,0
222.201,2,2,-47.0,-1.0,0
222.201,2,2,-47.0,-1.0,0
222.201,2,2,-47.0,-1.0,0
222.201,2,2,-47.0,-1.0,0
222.301,2,2,-47.0,-1.0,0
222.301,2,2,-47.0,-1.0,0
222.301,2,2,-47.0,-1.0,0
222.301,2,2,-47.0,-1.0,0
222.401,2,2,-47.0,-1.0,0
222.401,2,2,-47.0,-1.0,0
222.401,2,2,-47.0,-1.0,0
222.501,2,2,-47.0,-1.0,0
222.501,2,2,-47.0,-1.0,0
222.501,2,2,-47.0,-1.0,0
222.501,2,2,-47.0,-1.0,0
222.601,2,2,-47.0,-1.0,0
222.601,2,2,-47.0,-1.0,0
222.601,2,2,-47.0,-1.0,0
222.701,2,2,-47.0,-1.0,0
222.701,2,2,-47.0,-1.0,0
222.701,2,2,-47.0,-1.0,0
222.701,2,2,-47.0,-1.0,0
222.801,2,2,-47.0,-1.0,0
222.801,2,2,-47.0,-1.0,0
222.801,2,2,-47.0,-1.0,0
222.901,2,2,-47.0,-1.0,0
222.901,2,2,-47.0,-1.0,0
222.901,2,2,-47.0,-1.0,0
222.901,2,2,-47.0,-1.0,0
223.001,2,2,-47.0,-1.0,0
223.001,2,2,-47.0,-1.0,0
223.001,2,2,-47.0,-1.0,0
223.101,2,2,-47.0,-1.0,0
223.101,2,2,-47.0,-1.0,0
223.101,2,2,-47.0,-1.0,0
223.101,2,2,-47.0,-1.0,0
223.201,2,2,-47.0,-1.0,0
223.201,2,2,-47.0,-1.0,0
223.201,2,2,-47.0,-1.0,0
223.201,2,2,-47.0,-1.0,0
223.301,2,2,-47.0,-1.0,0
223.301,2,2,-47.0,-1.0,0
223.301,2,2,-47.0,-1.0,0
223.401,2,2,-47.0,-1.0,0
223.401,2,2,-47.0,-1.0,0
223.401,2,2,-47.0,-1.0,0
223.401,2,2,-47.0,-1.0,0
223.501,2,2,-47.0,-1.0,0
223.501,2,2,-47.0,-1.0,0
223.501,2,2,-47.0,-1.0,0
223.601,2,2,-47.0,-1.0,0
223.601,2,2,-47.0,-1.0,0
223.601,2,2,-47.0,-1.0,0
223.601,2,2,-47.0,-1.0,0
223.701,2,2,-47.0,-1.0,0
223.701,2,2,-47.0,-1.0,0
223.701,2,2,-47.0,-1.0,0
223.801,2,2,-47.0,-1.0,0
223.801,2,2,-47.0,-1.0,0
223.801,2,2,-47.0,-1.0,0
223.801,2,2,-47.0,-1.0,0
223.901,2,2,-47.0,-1.0,0
223.901,2,2,-47.0,-1.0,0
223.901,2,2,-47.0,-1.0,0
223.901,2,2,-47.0,-1.0,0
224.001,2,2,-47.0,-1.0,0
224.001,2,2,-47.0,-1.0,0
224.001,2,2,-47.0,-1.0,0
224.101,2,2,-47.0,-1.0,0
224.101,2,2,-47.0,-1.0,0
224.101,2,2,-47.0,-1.0,0
224.101,2,2,-47.0,-1.0,0
224.201,2,2,-47.0,-1.0,0
224.201,2,2,-47.0,-1.0,0
224.201,2,2,-47.0,-1.0,0
224.301,2,2,-47.0,-1.0,0
224.301,2,2,-47.0,-1.0,0
224.301,2,2,-47.0,-1.0,0
224.301,2,2,-47.0,-1.0,0
224.401,2,2,-47.0,-1.0,0
224.401,2,2,-47.0,-1.0,0
224.401,2,2,-47.0,-1.0,0
224.501,2,2,-47.0,-1.0,0
224.501,2,2,-47.0,-1.0,0
224.501,2,2,-47.0,-1.0,0
224.501,2,2,-47.0,-1.0,0
224.601,2,2,-47.0,-1.0,0
224.601,2,2,-47.0,-1.0,0
224.601,2,2,-47.0,-1.0,0
224.601,2,2,-47.0,-1.0,0
224.701,2,2,-47.0,-1.0,0
224.701,2,2,-47.0,-1.0,0
224.701,2,2,-47.0,-1.0,0
224.801,2,2,-47.0,-1.0,0
224.801,2,2,-47.0,-1.0,0
224.801,2,2,-47.0,-1.0,0
224.801,2,2,-47.0,-1.0,0
224.901,2,2,-47.0,-1.0,0
224.901,2,2,-47.0,-1.0,0
224.901,2,2,-47.0,-1.0,0
225.001,2,2,-47.0,-1.0,0
225.001,2,2,-47.0,-1.0,0
225.001,2,2,-47.0,-1.0,0
225.001,2,2,-47.0,-1.0,0
225.101,2,2,-47.0,-1.0,0
225.101,2,2,-47.0,-1.0,0
225.101,2,2,-47.0,-1.0,0
225.201,2,2,-47.0,-1.0,0
225.201,2,2,-47.0,-1.0,0
225.201,2,2,-47.0,-1.0,0
225.201,2,2,-47.0,-1.0,0
225.301,2,2,-47.0,-1.0,0
225.301,2,2,-47.0,-1.0,0
225.301,2,2,-47.0,-1.0,0
225.401,2,2,-47.0,-1.0,0
225.401,2,2,-47.0,-1.0,0
225.401,2,2,-47.0,-1.0,0
225.401,2,2,-47.0,-1.0,0
225.501,2,2,-47.0,-1.0,0
225.501,2,2,-47.0,-1.0,0
225.501,2,2,-47.0,-1.0,0
225.501,2,2,-47.0,-1.0,0
225.601,2,2,-47.0,-1.0,0
225.601,2,2,-47.0,-1.0,0
225.601,2,2,-47.0,-1.0,0
225.701,2,2,-47.0,-1.0,0
225.701,2,2,-47.0,-1.0,0
225.701,2,2,-47.0,-1.0,0
225.701,2,2,-47.0,-1.0,0
225.801,2,2,-47.0,-1.0,0
225.801,2,2,-47.0,-1.0,0
225.801,2,2,-47.0,-1.0,0
225.901,2,2,-47.0,-1.0,0
225.901,2,2,-47.0,-1.0,0
225.901,2,2,-47.0,-1.0,0
225.901,2,2,-47.0,-1.0,0
226.001,2,2,-47.0,-1.0,0
226.001,2,2,-47.0,-1.0,0
226.001,2,2,-47.0,-1.0,0
226.101,2,2,-47.0,-1.0,0
226.101,2,2,-47.0,-1.0,0
226.101,2,2,-47.0,-1.0,0
226.101,2,2,-47.0,-1.0,0
226.201,2,2,-47.0,-1.0,0
226.201,2,2,-47.0,-1.0,0
226.201,2,2,-47.0,-1.0,0
226.201,2,2,-47.0,-1.0,0
226.301,2,2,-47.0,-1.0,0
226.301,2,2,-47.0,-1.0,0
226.301,2,2,-47.0,-1.0,0
226.401,2,2,-47.0,-1.0,0
226.401,2,2,-47.0,-1.0,0
226.401,2,2,-47.0,-1.0,0
226.401,2,2,-47.0,-1.0,0
226.501,2,2,-47.0,-1.0,0
226.501,2,2,-47.0,-1.0,0
226.501,2,2,-47.0,-1.0,0
226.601,2,2,-47.0,-1.0,0
226.601,2,2,-47.0,-1.0,0
226.601,2,2,-47.0,-1.0,0
226.601,2,2,-47.0,-1.0,0
226.701,2,2,-47.0,-1.0,0
226.701,2,2,-47.0,-1.0,0
226.701,2,2,-47.0,-1.0,0
226.801,2,2,-47.0,-1.0,0
226.801,2,2,-47.0,-1.0,0
226.801,2,2,-47.0,-1.0,0
226.801,2,2,-47.0,-1.0,0
226.901,2,2,-47.0,-1.0,0
226.901,2,2,-47.0,-1.0,0
226.901,2,2,-47.0,-1.0,0
226.901,2,2,-47.0,-1.0,0
227.001,2,2,-47.0,-1.0,0
227.001,2,2,-47.0,-1.0,0
227.001,2,2,-47.0,-1.0,0
227.101,2,2,-47.0,-1.0,0
227.101,2,2,-47.0,-1.0,0
227.101,2,2,-47.0,-1.0,0
227.101,2,2,-47.0,-1.0,0
227.201,2,2,-47.0,-1.0,0
227.201,2,2,-47.0,-1.0,0
227.201,2,2,-47.0,-1.0,0
227.301,2,2,-47.0,-1.0,0
227.301,2,2,-47.0,-1.0,0
227.301,2,2,-47.0,-1.0,0
227.301,2,2,-47.0,-1.0,0
227.401,2,2,-47.0,-1.0,0
227.401,2,2,-47.0,-1.0,0
227.401,2,2,-47.0,-1.0,0
227.501,2,2,-47.0,-1.0,0
227.501,2,2,-47.0,-1.0,0
227.501,2,2,-47.0,-1.0,0
227.501,2,2,-47.0,-1.0,0
227.601,2,2,-47.0,-1.0,0
227.601,2,2,-47.0,-1.0,0
227.601,2,2,-47.0,-1.0,0
227.601,2,2,-47.0,-1.0,0
227.701,2,2,-47.0,-1.0,0
227.701,2,2,-47.0,-1.0,0
227.701,2,2,-47.0,-1.0,0
227.801,2,2,-47.0,-1.0,0
227.801,2,2,-47.0,-1.0,0
227.801,2,2,-47.0,-1.0,0
227.801,2,2,-47.0,-1.0,0
227.901,2,2,-47.0,-1.0,0
227.901,2,2,-47.0,-1.0,0
227.901,2,2,-47.0,-1.0,0
228.001,2,2,-47.0,-1.0,0
228.001,2,2,-47.0,-1.0,0
228.001,2,2,-47.0,-1.0,0
228.001,2,2,-47.0,-1.0,0
228.101,2,2,-47.0,-1.0,0
228.101,2,2,-47.0,-1.0,0
228.101,2,2,-47.0,-1.0,0
228.201,2,2,-47.0,-1.0,0
228.201,2,2,-47.0,-1.0,0
228.201,2,2,-47.0,-1.0,0
228.201,2,2,-47.0,-1.0,0
228.301,2,2,-47.0,-1.0,0
228.301,2,2,-47.0,-1.0,0
228.301,2,2,-47.0,-1.0,0
228.401,2,2,-47.0,-1.0,0
228.401,2,2,-47.0,-1.0,0
228.401,2,2,-47.0,-1.0,0
228.401,2,2,-47.0,-1.0,0
228.501,2,2,-47.0,-1.0,0
228.501,2,2,-47.0,-1.0,0
228.501,2,2,-47.0,-1.0,0
228.501,2,2,-47.0,-1.0,0
228.601,2,2,-47.0,-1.0,0
228.601,2,2,-47.0,-1.0,0
228.601,2,2,-47.0,-1.0,0
228.701,2,2,-47.0,-1.0,0
228.701,2,2,-47.0,-1.0,0
228.701,2,2,-47.0,-1.0,0
228.701,2,2,-47.0,-1.0,0
228.801,2,2,-47.0,-1.0,0
228.801,2,2,-47.0,-1.0,0
228.801,2,2,-47.0,-1.0,0
228.901,2,2,-47.0,-1.0,0
228.901,2,2,-47.0,-1.0,0
228.901,2,2,-47.0,-1.0,0
228.901,2,2,-47.0,-1.0,0
229.001,2,2,-47.0,-1.0,0
229.001,2,2,-47.0,-1.0,0
229.001,2,2,-47.0,-1.0,0
229.101,2,2,-47.0,-1.0,0
229.101,2,2,-47.0,-1.0,0
229.101,2,2,-47.0,-1.0,0
229.101,2,2,-47.0,-1.0,0
229.201,2,2,-47.0,-1.0,0
229.201,2,2,-47.0,-1.0,0
229.201,2,2,-47.0,-1.0,0
229.201,2,2,-47.0,-1.0,0
229.301,2,2,-47.0,-1.0,0
229.301,2,2,-47.0,-1.0,0
229.301,2,2,-47.0,-1.0,0
229.401,2,2,-47.0,-1.0,0
229.401,2,2,-47.0,-1.0,0
229.401,2,2,-47.0,-1.0,0
229.401,2,2,-47.0,-1.0,0
229.501,2,2,-47.0,-1.0,0
229.501,2,2,-47.0,-1.0,0
229.501,2,2,-47.0,-1.0,0
229.601,2,2,-47.0,-1.0,0
229.601,2,2,-47.0,-1.0,0
229.601,2,2,-47.0,-1.0,0
229.601,2,2,-47.0,-1.0,0
229.701,2,2,-47.0,-1.0,0
229.701,2,2,-47.0,-1.0,0
229.701,2,2,-47.0,-1.0,0
229.801,2,2,-47.0,-1.0,0
229.801,2,2,-47.0,-1.0,0
229.801,2,2,-47.0,-1.0,0
229.801,2,2,-47.0,-1.0,0
229.901,2,2,-47.0,-1.0,0
229.901,2,2,-47.0,-1.0,0
229.901,2,2,-47.0,-1.0,0
229.901,2,2,-47.0,-1.0,0
230.001,2,2,-47.0,-1.0,0
230.001,2,2,-47.0,-1.0,0
230.001,2,2,-47.0,-1.0,0
230.101,2,2,-47.0,-1.0,0
230.101,2,2,-47.0,-1.0,0
230.101,2,2,-47.0,-1.0,0
230.101,2,2,-47.0,-1.0,0
230.201,2,2,-47.0,-1.0,0
230.201,2,2,-47.0,-1.0,0
230.201,2,2,-47.0,-1.0,0
230.301,2,2,-47.0,-1.0,0
230.301,2,2,-47.0,-1.0,0
230.301,2,2,-47.0,-1.0,0
230.301,2,2,-47.0,-1.0,0
230.401,2,2,-47.0,-1.0,0
230.401,2,2,-47.0,-1.0,0
230.401,2,2,-47.0,-1.0,0
230.501,2,2,-47.0,-1.0,0
230.501,2,2,-47.0,-1.0,0
230.501,2,2,-47.0,-1.0,0
230.501,2,2,-47.0,-1.0,0
230.601,2,2,-47.0,-1.0,0
230.601,2,2,-47.0,-1.0,0
230.601,2,2,-47.0,-1.0,0
230.701,2,2,-47.0,-1.0,0
230.701,2,2,-47.0,-1.0,0
230.701,2,2,-47.0,-1.0,0
230.701,2,2,-47.0,-1.0,0
230.801,2,2,-47.0,-1.0,0
230.801,2,2,-47.0,-1.0,0
230.801,2,2,-47.0,-1.0,0
230.801,2,2,-47.0,-1.0,0
230.901,2,2,-47.0,-1.0,0
230.901,2,2,-47.0,-1.0,0
230.901,2,2,-47.0,-1.0,0
231.001,2,2,-47.0,-1.0,0
231.001,2,2,-47.0,-1.0,0
231.001,2,2,-47.0,-1.0,0
231.001,2,2,-47.0,-1.0,0
231.101,2,2,-47.0,-1.0,0
231.101,2,2,-47.0,-1.0,0
231.101,2,2,-47.0,-1.0,0
231.201,2,2,-47.0,-1.0,0
231.201,2,2,-47.0,-1.0,0
231.201,2,2,-47.0,-1.0,0
231.201,2,2,-47.0,-1.0,0
231.301,2,2,-47.0,-1.0,0
231.301,2,2,-47.0,-1.0,0
231.301,2,2,-47.0,-1.0,0
231.401,2,2,-47.0,-1.0,0
231.401,2,2,-47.0,-1.0,0
231.401,2,2,-47.0,-1.0,0
231.401,2,2,-47.0,-1.0,0
231.501,2,2,-47.0,-1.0,0
231.501,2,2,-47.0,-1.0,0
231.501,2,2,-47.0,-1.0,0
231.501,2,2,-47.0,-1.0,0
231.601,2,2,-47.0,-1.0,0
231.601,2,2,-47.0,-1.0,0
231.601,2,2,-47.0,-1.0,0
231.701,2,2,-47.0,-1.0,0
231.701,2,2,-47.0,-1.0,0
231.701,2,2,-47.0,-1.0,0
231.701,2,2,-47.0,-1.0,0
231.801,2,2,-47.0,-1.0,0
231.801,2,2,-47.0,-1.0,0
231.801,2,2,-47.0,-1.0,0
231.901,2,2,-47.0,-1.0,0
231.901,2,2,-47.0,-1.0,0
231.901,2,2,-47.0,-1.0,0
231.901,2,2,-47.0,-1.0,0
232.001,2,2,-47.0,-1.0,0
232.001,2,2,-47.0,-1.0,0
232.001,2,2,-47.0,-1.0,0
232.101,2,2,-47.0,-1.0,0
232.101,2,2,-47.0,-1.0,0
232.101,2,2,-47.0,-1.0,0
232.101,2,2,-47.0,-1.0,0
232.201,2,2,-47.0,-1.0,0
232.201,2,2,-47.0,-1.0,0
232.201,2,2,-47.0,-1.0,0
232.301,2,2,-47.0,-1.0,0
232.301,2,2,-47.0,-1.0,0
232.301,2,2,-47.0,-1.0,0
232.301,2,2,-47.0,-1.0,0
232.401,2,2,-47.0,-1.0,0
232.401,2,2,-47.0,-1.0,0
232.401,2,2,-47.0,-1.0,0
232.401,2,2,-47.0,-1.0,0
232.501,2,2,-47.0,-1.0,0
232.501,2,2,-47.0,-1.0,0
232.501,2,2,-47.0,-1.0,0
232.601,2,2,-47.0,-1.0,0
232.601,2,2,-47.0,-1.0,0
232.601,2,2,-47.0,-1.0,0
232.601,2,2,-47.0,-1.0,0
232.701,2,2,-47.0,-1.0,0
232.701,2,2,-47.0,-1.0,0
232.701,2,2,-47.0,-1.0,0
232.801,2,2,-47.0,-1.0,0
232.801,2,2,-47.0,-1.0,0
232.801,2,2,-47.0,-1.0,0
232.801,2,2,-47.0,-1.0,0
232.901,2,2,-47.0,-1.0,0
232.901,2,2,-47.0,-1.0,0
232.901,2,2,-47.0,-1.0,0
233.001,2,2,-47.0,-1.0,0
233.001,2,2,-47.0,-1.0,0
233.001,2,2,-47.0,-1.0,0
233.001,2,2,-47.0,-1.0,0
233.101,2,2,-47.0,-1.0,0
233.101,2,2,-47.0,-1.0,0
233.101,2,2,-47.0,-1.0,0
233.101,2,2,-47.0,-1.0,0
233.201,0,0,0.0,0.0,0
233.201,0,0,0.0,0.0,0
233.201,0,0,0.0,0.0,0
233.301,0,0,0.0,0.0,0
233.301,0,0,0.0,0.0,0
233.301,0,0,0.0,0.0,0
233.301,0,0,0.0,0.0,0
233.401,0,0,0.0,0.0,0
233.401,0,0,0.0,0.0,0
233.401,0,0,0.0,0.0,0
233.501,0,0,0.0,0.0,0
233.501,0,0,0.0,0.0,0
233.501,0,0,0.0,0.0,0
233.501,0,0,0.0,0.0,0
233.601,0,0,0.0,0.0,0
233.601,0,0,0.0,0.0,0
233.601,0,0,0.0,0.0,0
233.701,0,0,0.0,0.0,0
233.701,0,0,0.0,0.0,0
233.701,0,0,0.0,0.0,0
233.701,0,0,0.0,0.0,0
233.801,2,0,-37.0,0.0,0
233.801,2,0,-37.0,0.0,0
233.801,2,0,-37.0,0.0,0
233.801,2,0,-37.0,0.0,0
233.901,2,0,-37.0,0.0,0
233.901,2,0,-37.0,0.0,0
233.901,2,0,-37.0,0.0,0
234.001,2,0,-37.0,0.0,0
234.001,2,0,-37.0,0.0,0
234.001,2,0,-37.0,0.0,0
234.001,2,0,-37.0,0.0,0
234.101,2,0,-37.0,0.0,0
234.101,2,0,-37.0,0.0,0
234.101,2,0,-37.0,0.0,0
234.201,2,0,-37.0,0.0,0
234.201,2,0,-37.0,0.0,0
234.201,2,0,-37.0,0.0,0
234.201,2,0,-37.0,0.0,0
234.301,2,0,-37.0,0.0,0
234.301,2,0,-37.0,0.0,0
234.301,2,0,-37.0,0.0,0
234.401,2,0,-37.0,0.0,0
234.401,2,0,-37.0,0.0,0
234.401,2,0,-37.0,0.0,0
234.401,2,0,-37.0,0.0,0
234.501,2,0,-37.0,0.0,0
234.501,2,0,-37.0,0.0,0
234.501,2,0,-37.0,0.0,0
234.601,2,0,-37.0,0.0,0
234.601,2,0,-37.0,0.0,0
234.601,2,0,-37.0,0.0,0
234.601,2,0,-37.0,0.0,0
234.701,2,0,-37.0,0.0,0
234.701,2,0,-37.0,0.0,0
234.701,2,0,-37.0,0.0,0
234.701,2,0,-37.0,0.0,0
234.801,2,0,-37.0,0.0,0
234.801,2,0,-37.0,0.0,0
234.801,2,0,-37.0,0.0,0
234.901,2,0,-37.0,0.0,0
234.901,2,0,-37.0,0.0,0
234.901,2,0,-37.0,0.0,0
234.901,2,0,-37.0,0.0,0
235.001,2,0,-37.0,0.0,0
235.001,2,0,-37.0,0.0,0
235.001,2,0,-37.0,0.0,0
235.101,2,0,-37.0,0.0,0
235.101,2,0,-37.0,0.0,0
235.101,2,0,-37.0,0.0,0
235.101,2,0,-37.0,0.0,0
235.201,2,0,-37.0,0.0,0
235.201,2,0,-37.0,0.0,0
235.201,2,0,-37.0,0.0,0
235.301,2,0,-37.0,0.0,0
235.301,2,0,-37.0,0.0,0
235.301,2,0,-37.0,0.0,0
235.301,2,0,-37.0,0.0,0
235.401,2,0,-37.0,0.0,0
235.401,2,0,-37.0,0.0,0
235.401,2,0,-37.0,0.0,0
235.401,2,0,-37.0,0.0,0
235.501,2,0,-37.0,0.0,0
235.501,2,0,-37.0,0.0,0
235.501,2,0,-37.0,0.0,0
235.601,2,0,-37.0,0.0,0
235.601,2,0,-37.0,0.0,0
235.601,2,0,-37.0,0.0,0
235.601,2,0,-37.0,0.0,0
235.701,2,0,-37.0,0.0,0
235.701,2,0,-37.0,0.0,0
235.701,2,0,-37.0,0.0,0
235.801,2,0,-37.0,0.0,0
235.801,2,0,-37.0,0.0,0
235.801,2,0,-37.0,0.0,0
235.801,2,0,-37.0,0.0,0
235.901,2,0,-37.0,0.0,0
235.901,2,0,-37.0,0.0,0
235.901,2,0,-37.0,0.0,0
236.001,2,0,-37.0,0.0,0
236.001,2,0,-37.0,0.0,0
236.001,2,0,-37.0,0.0,0
236.001,2,0,-37.0,0.0,0
236.101,2,0,-37.0,0.0,0
236.101,2,0,-37.0,0.0,0
236.101,2,0,-37.0,0.0,0
236.101,2,0,-37.0,0.0,0
236.201,2,0,-37.0,0.0,0
236.201,2,0,-37.0,0.0,0
236.201,2,0,-37.0,0.0,0
236.301,2,0,-37.0,0.0,0
236.301,2,0,-37.0,0.0,0
236.301,2,0,-37.0,0.0,0
236.301,2,0,-37.0,0.0,0
236.401,2,0,-37.0,0.0,0
236.401,2,0,-37.0,0.0,0
236.401,2,0,-37.0,0.0,0
236.501,2,0,-37.0,0.0,0
236.501,2,0,-37.0,0.0,0
236.501,2,0,-37.0,0.0,0
236.501,2,0,-37.0,0.0,0
236.601,2,0,-37.0,0.0,0
236.601,2,0,-37.0,0.0,0
236.601,2,0,-37.0,0.0,0
236.701,2,0,-37.0,0.0,0
236.701,2,0,-37.0,0.0,0
236.701,2,0,-37.0,0.0,0
236.701,2,0,-37.0,0.0,0
236.801,2,0,-37.0,0.0,0
236.801,2,0,-37.0,0.0,0
236.801,2,0,-37.0,0.0,0
236.901,2,0,-37.0,0.0,0
236.901,2,0,-37.0,0.0,0
236.901,2,0,-37.0,0.0,0
236.901,2,0,-37.0,0.0,0
237.001,1,0,120.0,0.0,0
237.001,1,0,120.0,0.0,0
237.001,1,0,120.0,0.0,0
237.001,1,0,120.0,0.0,0
237.101,1,0,120.0,0.0,0
237.101,1,0,120.0,0.0,0
237.101,1,0,120.0,0.0,0
237.201,1,0,120.0,0.0,0
237.201,1,0,120.0,0.0,0
237.201,1,0,120.0,0.0,0
237.201,1,0,120.0,0.0,0
237.301,1,0,120.0,0.0,0
237.301,1,0,120.0,0.0,0
237.301,1,0,120.0,0.0,0
237.401,1,0,120.0,0.0,0
237.401,1,0,120.0,0.0,0
237.401,1,0,120.0,0.0,0
237.401,1,0,120.0,0.0,0
237.501,1,0,120.0,0.0,0
237.501,1,0,120.0,0.0,0
237.501,1,0,120.0,0.0,0
237.601,1,0,120.0,0.0,0
237.601,1,0,120.0,0.0,0
237.601,1,0,120.0,0.0,0
237.601,1,0,120.0,0.0,0
237.701,1,0,120.0,0.0,0
237.701,1,0,120.0,0.0,0
237.701,1,0,120.0,0.0,0
237.701,1,0,120.0,0.0,0
237.801,1,0,120.0,0.0,0
237.801,1,0,120.0,0.0,0
237.801,1,0,120.0,0.0,0
237.901,1,0,120.0,0.0,0
237.901,1,0,120.0,0.0,0
237.901,1,0,120.0,0.0,0
237.901,1,0,120.0,0.0,0
238.001,1,0,120.0,0.0,0
238.001,1,0,120.0,0.0,0
238.001,1,0,120.0,0.0,0
238.101,1,0,120.0,0.0,0
238.101,1,0,120.0,0.0,0
238.101,1,0,120.0,0.0,0
238.101,1,0,120.0,0.0,0
238.201,1,0,120.0,0.0,0
238.201,1,0,120.0,0.0,0
238.201,1,0,120.0,0.0,0
238.301,1,0,120.0,0.0,0
238.301,1,0,120.0,0.0,0
238.301,1,0,120.0,0.0,0
238.301,1,0,120.0,0.0,0
238.401,1,0,120.0,0.0,0
238.401,1,0,120.0,0.0,0
238.401,1,0,120.0,0.0,0
238.401,1,0,120.0,0.0,0
238.501,1,0,120.0,0.0,0
238.501,1,0,120.0,0.0,0
238.501,1,0,120.0,0.0,0
238.601,1,0,120.0,0.0,0
238.601,1,0,120.0,0.0,0
238.601,1,0,120.0,0.0,0
238.601,1,0,120.0,0.0,0
238.701,1,0,120.0,0.0,0
238.701,1,0,120.0,0.0,0
238.701,1,0,120.0,0.0,0
238.801,1,0,120.0,0.0,0
238.801,1,0,120.0,0.0,0
238.801,1,0,120.0,0.0,0
238.801,1,0,120.0,0.0,0
238.901,1,0,120.0,0.0,0
238.901,1,0,120.0,0.0,0
238.901,1,0,120.0,0.0,0
239.001,1,0,120.0,0.0,0
239.001,1,0,120.0,0.0,0
239.001,1,0,120.0,0.0,0
239.001,1,0,120.0,0.0,0
239.101,1,0,120.0,0.0,0
239.101,1,0,120.0,0.0,0
239.101,1,0,120.0,0.0,0
239.201,1,0,120.0,0.0,0
239.201,1,0,120.0,0.0,0
239.201,1,0,120.0,0.0,0
239.201,1,0,120.0,0.0,0
239.301,1,0,120.0,0.0,0
239.301,1,0,120.0,0.0,0
239.301,1,0,120.0,0.0,0
239.301,1,0,120.0,0.0,0
239.401,1,0,120.0,0.0,0
239.401,1,0,120.0,0.0,0
239.401,1,0,120.0,0.0,0
239.501,1,0,120.0,0.0,0
239.501,1,0,120.0,0.0,0
239.501,1,0,120.0,0.0,0
239.501,1,0,120.0,0.0,0
239.601,1,0,120.0,0.0,0
239.601,1,0,120.0,0.0,0
239.601,1,0,120.0,0.0,0
239.701,1,0,120.0,0.0,0
239.701,1,0,120.0,0.0,0
239.701,1,0,120.0,0.0,0
239.701,1,0,120.0,0.0,0
239.801,1,0,120.0,0.0,0
239.801,1,0,120.0,0.0,0
239.801,1,0,120.0,0.0,0
239.901,1,0,120.0,0.0,0
239.901,1,0,120.0,0.0,0
239.901,1,0,120.0,0.0,0
239.901,1,0,120.0,0.0,0
240.001,1,0,120.0,0.0,0
240.001,1,0,120.0,0.0,0
240.001,1,0,120.0,0.0,0
240.001,1,0,120.0,0.0,0
240.101,1,0,120.0,0.0,0
240.101,1,0,120.0,0.0,0
240.101,1,0,120.0,0.0,0
240.201,1,0,120.0,0.0,0
240.201,1,0,120.0,0.0,0
240.201,1,0,120.0,0.0,0
240.201,1,0,120.0,0.0,0
240.301,1,0,120.0,0.0,0
240.301,1,0,120.0,0.0,0
240.301,1,0,120.0,0.0,0
240.401,1,0,120.0,0.0,0
240.401,1,0,120.0,0.0,0
240.401,1,0,120.0,0.0,0
240.401,1,0,120.0,0.0,0
240.501,1,0,120.0,0.0,0
240.501,1,0,120.0,0.0,0
240.501,1,0,120.0,0.0,0
240.601,1,0,120.0,0.0,0
240.601,1,0,120.0,0.0,0
240.601,1,0,120.0,0.0,0
240.601,1,0,120.0,0.0,0
240.701,1,0,120.0,0.0,0
240.701,1,0,120.0,0.0,0
240.701,1,0,120.0,0.0,0
240.701,1,0,120.0,0.0,0
240.801,1,0,120.0,0.0,0
240.801,1,0,120.0,0.0,0
240.801,1,0,120.0,0.0,0
240.901,1,0,120.0,0.0,0
240.901,1,0,120.0,0.0,0
240.901,1,0,120.0,0.0,0
240.901,1,0,120.0,0.0,0
241.001,1,0,120.0,0.0,0
241.001,1,0,120.0,0.0,0
241.001,1,0,120.0,0.0,0
241.101,1,0,120.0,0.0,0
241.101,1,0,120.0,0.0,0
241.101,1,0,120.0,0.0,0
241.101,1,0,120.0,0.0,0
241.201,1,0,120.0,0.0,0
241.201,1,0,120.0,0.0,0
241.201,1,0,120.0,0.0,0
241.301,1,0,120.0,0.0,0
241.301,1,0,120.0,0.0,0
241.301,1,0,120.0,0.0,0
241.301,1,0,120.0,0.0,0
241.401,1,0,120.0,0.0,0
241.401,1,0,120.0,0.0,0
241.401,1,0,120.0,0.0,0
241.501,1,0,120.0,0.0,0
241.501,1,0,120.0,0.0,0
241.501,1,0,120.0,0.0,0
241.501,1,0,120.0,0.0,0
241.601,1,0,120.0,0.0,0
241.601,1,0,120.0,0.0,0
241.601,1,0,120.0,0.0,0
241.601,1,0,120.0,0.0,0
241.701,1,0,120.0,0.0,0
241.701,1,0,120.0,0.0,0
241.701,1,0,120.0,0.0,0
241.801,1,0,120.0,0.0,0
241.801,1,0,120.0,0.0,0
241.801,1,0,120.0,0.0,0
241.801,1,0,120.0,0.0,0
241.901,1,0,120.0,0.0,0
241.901,1,0,120.0,0.0,0
241.901,1,0,120.0,0.0,0
242.001,1,0,120.0,0.0,0
242.001,1,0,120.0,0.0,0
242.001,1,0,120.0,0.0,0
242.001,1,0,120.0,0.0,0
242.101,1,0,120.0,0.0,0
242.101,1,0,120.0,0.0,0
242.101,1,0,120.0,0.0,0
242.201,1,0,120.0,0.0,0
242.201,1,0,120.0,0.0,0
242.201,1,0,120.0,0.0,0
242.201,1,0,120.0,0.0,0
242.301,1,0,120.0,0.0,0
242.301,1,0,120.0,0.0,0
242.301,1,0,120.0,0.0,0
242.301,1,0,120.0,0.0,0
242.401,1,0,120.0,0.0,0
242.401,1,0,120.0,0.0,0
242.401,1,0,120.0,0.0,0
242.501,1,0,120.0,0.0,0
242.501,1,0,120.0,0.0,0
242.501,1,0,120.0,0.0,0
242.501,1,0,120.0,0.0,0
242.601,1,0,120.0,0.0,0
242.601,1,0,120.0,0.0,0
242.601,1,0,120.0,0.0,0
242.701,1,0,120.0,0.0,0
242.701,1,0,120.0,0.0,0
242.701,1,0,120.0,0.0,0
242.701,1,0,120.0,0.0,0
242.801,1,0,120.0,0.0,0
242.801,1,0,120.0,0.0,0
242.801,1,0,120.0,0.0,0
242.901,1,0,120.0,0.0,0
242.901,1,0,120.0,0.0,0
242.901,1,0,120.0,0.0,0
242.901,1,0,120.0,0.0,0
243.001,1,0,120.0,0.0,0
243.001,1,0,120.0,0.0,0
243.001,1,0,120.0,0.0,0
243.101,1,0,120.0,0.0,0
243.101,1,0,120.0,0.0,0
243.101,1,0,120.0,0.0,0
243.101,1,0,120.0,0.0,0
243.201,1,0,120.0,0.0,0
243.201,1,0,120.0,0.0,0
243.201,1,0,120.0,0.0,0
243.201,1,0,120.0,0.0,0
243.301,1,0,120.0,0.0,0
243.301,1,0,120.0,0.0,0
243.301,1,0,120.0,0.0,0
243.401,1,0,120.0,0.0,0
243.401,1,0,120.0,0.0,0
243.401,1,0,120.0,0.0,0
243.401,1,0,120.0,0.0,0
243.501,1,0,120.0,0.0,0
243.501,1,0,120.0,0.0,0
243.501,1,0,120.0,0.0,0
243.601,1,0,120.0,0.0,0
243.601,1,0,120.0,0.0,0
243.601,1,0,120.0,0.0,0
243.601,1,0,120.0,0.0,0
243.701,1,0,120.0,0.0,0
243.701,1,0,120.0,0.0,0
243.701,1,0,120.0,0.0,0
243.801,1,0,120.0,0.0,0
243.801,1,0,120.0,0.0,0
243.801,1,0,120.0,0.0,0
243.801,1,0,120.0,0.0,0
243.901,1,0,120.0,0.0,0
243.901,1,0,120.0,0.0,0
243.901,1,0,120.0,0.0,0
243.901,1,0,120.0,0.0,0
244.001,0,0,0.0,0.0,0
244.001,0,0,0.0,0.0,0
244.001,0,0,0.0,0.0,0
244.101,0,0,0.0,0.0,0
244.101,0,0,0.0,0.0,0
244.101,0,0,0.0,0.0,0
244.101,0,0,0.0,0.0,0
244.201,2,0,-44.0,0.0,0
244.201,2,0,-44.0,0.0,0
244.201,2,0,-44.0,0.0,0
244.301,2,0,-44.0,0.0,0
244.301,2,0,-44.0,0.0,0
244.301,2,0,-44.0,0.0,0
244.301,2,0,-44.0,0.0,0
244.401,2,0,-44.0,0.0,0
244.401,2,0,-44.0,0.0,0
244.401,2,0,-44.0,0.0,0
244.501,2,0,-44.0,0.0,0
244.501,2,0,-44.0,0.0,0
244.501,2,0,-44.0,0.0,0
244.501,2,0,-44.0,0.0,0
244.601,2,0,-44.0,0.0,0
244.601,2,0,-44.0,0.0,0
244.601,2,0,-44.0,0.0,0
244.601,2,0,-44.0,0.0,0
244.701,2,0,-44.0,0.0,0
244.701,2,0,-44.0,0.0,0
244.701,2,0,-44.0,0.0,0
244.801,2,0,-44.0,0.0,0
244.801,2,0,-44.0,0.0,0
244.801,2,0,-44.0,0.0,0
244.801,2,0,-44.0,0.0,0
244.901,2,0,-44.0,0.0,0
244.901,2,0,-44.0,0.0,0
244.901,2,0,-44.0,0.0,0
245.001,2,0,-44.0,0.0,0
245.001,2,0,-44.0,0.0,0
245.001,2,0,-44.0,0.0,0
245.001,2,0,-44.0,0.0,0
245.101,2,0,-44.0,0.0,0
245.101,2,0,-44.0,0.0,0
245.101,2,0,-44.0,0.0,0
245.201,2,0,-44.0,0.0,0
245.201,2,0,-44.0,0.0,0
245.201,2,0,-44.0,0.0,0
245.201,2,0,-44.0,0.0,0
245.301,2,0,-44.0,0.0,0
245.301,2,0,-44.0,0.0,0
245.301,2,0,-44.0,0.0,0
245.401,2,0,-44.0,0.0,0
245.401,2,0,-44.0,0.0,0
245.401,2,0,-44.0,0.0,0
245.401,2,0,-44.0,0.0,0
245.501,2,0,-44.0,0.0,0
245.501,2,0,-44.0,0.0,0
245.501,2,0,-44.0,0.0,0
245.501,2,0,-44.0,0.0,0
245.601,2,0,-44.0,0.0,0
245.601,2,0,-44.0,0.0,0
245.601,2,0,-44.0,0.0,0
245.701,2,0,-44.0,0.0,0
245.701,2,0,-44.0,0.0,0
245.701,2,0,-44.0,0.0,0
245.701,2,0,-44.0,0.0,0
245.801,2,0,-44.0,0.0,0
245.801,2,0,-44.0,0.0,0
245.801,2,0,-44.0,0.0,0
245.901,2,0,-44.0,0.0,0
245.901,2,0,-44.0,0.0,0
245.901,2,0,-44.0,0.0,0
245.901,2,0,-44.0,0.0,0
246.001,2,0,-44.0,0.0,0
246.001,2,0,-44.0,0.0,0
246.001,2,0,-44.0,0.0,0
246.101,2,0,-44.0,0.0,0
246.101,2,0,-44.0,0.0,0
246.101,2,0,-44.0,0.0,0
246.101,2,0,-44.0,0.0,0
246.201,2,0,-44.0,0.0,0
246.201,2,0,-44.0,0.0,0
246.201,2,0,-44.0,0.0,0
246.201,2,0,-44.0,0.0,0
246.301,2,0,-44.0,0.0,0
246.301,2,0,-44.0,0.0,0
246.301,2,0,-44.0,0.0,0
246.401,2,0,-44.0,0.0,0
246.401,2,0,-44.0,0.0,0
246.401,2,0,-44.0,0.0,0
246.401,2,0,-44.0,0.0,0
246.501,2,0,-44.0,0.0,0
246.501,2,0,-44.0,0.0,0
246.501,2,0,-44.0,0.0,0
246.601,2,0,-44.0,0.0,0
246.601,2,0,-44.0,0.0,0
246.601,2,0,-44.0,0.0,0
246.601,2,0,-44.0,0.0,0
246.701,2,0,-44.0,0.0,0
246.701,2,0,-44.0,0.0,0
246.701,2,0,-44.0,0.0,0
246.801,2,0,-44.0,0.0,0
246.801,2,0,-44.0,0.0,0
246.801,2,0,-44.0,0.0,0
246.801,2,0,-44.0,0.0,0
246.901,2,0,-44.0,0.0,0
246.901,2,0,-44.0,0.0,0
246.901,2,0,-44.0,0.0,0
246.901,2,0,-44.0,0.0,0
247.001,2,0,-44.0,0.0,0
247.001,2,0,-44.0,0.0,0
247.001,2,0,-44.0,0.0,0
247.101,2,0,-44.0,0.0,0
247.101,2,0,-44.0,0.0,0
247.101,2,0,-44.0,0.0,0
247.101,2,0,-44.0,0.0,0
247.201,2,0,-44.0,0.0,0
247.201,2,0,-44.0,0.0,0
247.201,2,0,-44.0,0.0,0
247.301,2,0,-44.0,0.0,0
247.301,2,0,-44.0,0.0,0
247.301,2,0,-44.0,0.0,0
247.301,2,0,-44.0,0.0,0
247.401,2,0,-44.0,0.0,0
247.401,2,0,-44.0,0.0,0
247.401,2,0,-44.0,0.0,0
247.501,2,0,-44.0,0.0,0
247.501,2,0,-44.0,0.0,0
247.501,2,0,-44.0,0.0,0
247.501,2,0,-44.0,0.0,0
247.601,2,0,-44.0,0.0,0
247.601,2,0,-44.0,0.0,0
247.601,2,0,-44.0,0.0,0
247.701,2,0,-44.0,0.0,0
247.701,2,0,-44.0,0.0,0
247.701,2,0,-44.0,0.0,0
247.701,2,0,-44.0,0.0,0
247.801,2,0,-44.0,0.0,0
247.801,2,0,-44.0,0.0,0
247.801,2,0,-44.0,0.0,0
247.801,2,0,-44.0,0.0,0
247.901,2,0,-44.0,0.0,0
247.901,2,0,-44.0,0.0,0
247.901,2,0,-44.0,0.0,0
248.001,2,0,-44.0,0.0,0
248.001,2,0,-44.0,0.0,0
248.001,2,0,-44.0,0.0,0
248.001,2,0,-44.0,0.0,0
248.101,2,0,-44.0,0.0,0
248.101,2,0,-44.0,0.0,0
248.101,2,0,-44.0,0.0,0
248.201,2,0,-44.0,0.0,0
248.201,2,0,-44.0,0.0,0
248.201,2,0,-44.0,0.0,0
248.201,2,0,-44.0,0.0,0
248.301,2,0,-44.0,0.0,0
248.301,2,0,-44.0,0.0,0
248.301,2,0,-44.0,0.0,0
248.401,2,0,-44.0,0.0,0
248.401,2,0,-44.0,0.0,0
248.401,2,0,-44.0,0.0,0
248.401,2,0,-44.0,0.0,0
248.501,2,0,-44.0,0.0,0
248.501,2,0,-44.0,0.0,0
248.501,2,0,-44.0,0.0,0
248.501,2,0,-44.0,0.0,0
248.601,2,0,-44.0,0.0,0
248.601,2,0,-44.0,0.0,0
248.601,2,0,-44.0,0.0,0
248.701,2,0,-44.0,0.0,0
248.701,2,0,-44.0,0.0,0
248.701,2,0,-44.0,0.0,0
248.701,2,0,-44.0,0.0,0
248.801,2,0,-44.0,0.0,0
248.801,2,0,-44.0,0.0,0
248.801,2,0,-44.0,0.0,0
248.901,2,0,-44.0,0.0,0
248.901,2,0,-44.0,0.0,0
248.901,2,0,-44.0,0.0,0
248.901,2,0,-44.0,0.0,0
249.001,2,0,-44.0,0.0,0
249.001,2,0,-44.0,0.0,0
249.001,2,0,-44.0,0.0,0
249.101,2,0,-44.0,0.0,0
249.101,2,0,-44.0,0.0,0
249.101,2,0,-44.0,0.0,0
249.101,2,0,-44.0,0.0,0
249.201,2,0,-44.0,0.0,0
249.201,2,0,-44.0,0.0,0
249.201,2,0,-44.0,0.0,0
249.201,2,0,-44.0,0.0,0
249.301,2,0,-44.0,0.0,0
249.301,2,0,-44.0,0.0,0
249.301,2,0,-44.0,0.0,0
249.401,2,0,-44.0,0.0,0
249.401,2,0,-44.0,0.0,0
249.401,2,0,-44.0,0.0,0
249.401,2,0,-44.0,0.0,0
249.501,2,0,-44.0,0.0,0
249.501,2,0,-44.0,0.0,0
249.501,2,0,-44.0,0.0,0
249.601,2,0,-44.0,0.0,0
249.601,2,0,-44.0,0.0,0
249.601,2,0,-44.0,0.0,0
249.601,2,0,-44.0,0.0,0
249.701,2,0,-44.0,0.0,0
249.701,2,0,-44.0,0.0,0
249.701,2,0,-44.0,0.0,0
249.801,2,0,-44.0,0.0,0
249.801,2,0,-44.0,0.0,0
249.801,2,0,-44.0,0.0,0
249.801,2,0,-44.0,0.0,0
249.901,2,0,-44.0,0.0,0
249.901,2,0,-44.0,0.0,0
249.901,2,0,-44.0,0.0,0
250.001,2,0,-44.0,0.0,0
250.001,2,0,-44.0,0.0,0
250.001,2,0,-44.0,0.0,0
250.001,2,0,-44.0,0.0,0
250.101,2,0,-44.0,0.0,0
250.101,2,0,-44.0,0.0,0
250.101,2,0,-44.0,0.0,0
250.101,2,0,-44.0,0.0,0
250.201,2,0,-44.0,0.0,0
250.201,2,0,-44.0,0.0,0
250.201,2,0,-44.0,0.0,0
250.301,2,0,-44.0,0.0,0
250.301,2,0,-44.0,0.0,0
250.301,2,0,-44.0,0.0,0
250.301,2,0,-44.0,0.0,0
250.401,2,0,-44.0,0.0,0
250.401,2,0,-44.0,0.0,0
250.401,2,0,-44.0,0.0,0
250.501,2,0,-44.0,0.0,0
250.501,2,0,-44.0,0.0,0
250.501,2,0,-44.0,0.0,0
250.501,2,0,-44.0,0.0,0
250.601,2,0,-44.0,0.0,0
250.601,2,0,-44.0,0.0,0
250.601,2,0,-44.0,0.0,0
250.701,2,0,-44.0,0.0,0
250.701,2,0,-44.0,0.0,0
250.701,2,0,-44.0,0.0,0
250.701,2,0,-44.0,0.0,0
250.801,1,0,120.0,0.0,0
250.801,1,0,120.0,0.0,0
250.801,1,0,120.0,0.0,0
250.801,1,0,120.0,0.0,0
250.901,1,0,120.0,0.0,0
250.901,1,0,120.0,0.0,0
250.901,1,0,120.0,0.0,0
251.001,1,0,120.0,0.0,0
251.001,1,0,120.0,0.0,0
251.001,1,0,120.0,0.0,0
251.001,1,0,120.0,0.0,0
251.101,1,0,120.0,0.0,0
251.101,1,0,120.0,0.0,0
251.101,1,0,120.0,0.0,0
251.201,1,0,120.0,0.0,0
251.201,1,0,120.0,0.0,0
251.201,1,0,120.0,0.0,0
251.201,1,0,120.0,0.0,0
251.301,1,0,120.0,0.0,0
251.301,1,0,120.0,0.0,0
251.301,1,0,120.0,0.0,0
251.401,1,0,120.0,0.0,0
251.401,1,0,120.0,0.0,0
251.401,1,0,120.0,0.0,0
251.401,1,0,120.0,0.0,0
251.501,1,0,120.0,0.0,0
251.501,1,0,120.0,0.0,0
251.501,1,0,120.0,0.0,0
251.601,1,0,120.0,0.0,0
251.601,1,0,120.0,0.0,0
251.601,1,0,120.0,0.0,0
251.601,1,0,120.0,0.0,0
251.701,1,0,120.0,0.0,0
251.701,1,0,120.0,0.0,0
251.701,1,0,120.0,0.0,0
251.701,1,0,120.0,0.0,0
251.801,1,0,120.0,0.0,0
251.801,1,0,120.0,0.0,0
251.801,1,0,120.0,0.0,0
251.901,1,0,120.0,0.0,0
251.901,1,0,120.0,0.0,0
251.901,1,0,120.0,0.0,0
251.901,1,0,120.0,0.0,0
252.001,1,0,120.0,0.0,0
252.001,1,0,120.0,0.0,0
252.001,1,0,120.0,0.0,0
252.101,1,0,120.0,0.0,0
252.101,1,0,120.0,0.0,0
252.101,1,0,120.0,0.0,0
252.101,1,0,120.0,0.0,0
252.201,1,0,120.0,0.0,0
252.201,1,0,120.0,0.0,0
252.201,1,0,120.0,0.0,0
252.301,1,0,120.0,0.0,0
252.301,1,0,120.0,0.0,0
252.301,1,0,120.0,0.0,0
252.301,1,0,120.0,0.0,0
252.401,1,0,120.0,0.0,0
252.401,1,0,120.0,0.0,0
252.401,1,0,120.0,0.0,0
252.401,1,0,120.0,0.0,0
252.501,1,0,120.0,0.0,0
252.501,1,0,120.0,0.0,0
252.501,1,0,120.0,0.0,0
252.601,1,0,120.0,0.0,0
252.601,1,0,120.0,0.0,0
252.601,1,0,120.0,0.0,0
252.601,1,0,120.0,0.0,0
252.701,1,0,120.0,0.0,0
252.701,1,0,120.0,0.0,0
252.701,1,0,120.0,0.0,0
252.801,1,0,120.0,0.0,0
252.801,1,0,120.0,0.0,0
252.801,1,0,120.0,0.0,0
252.801,1,0,120.0,0.0,0
252.901,1,0,120.0,0.0,0
252.901,1,0,120.0,0.0,0
252.901,1,0,120.0,0.0,0
253.001,1,0,120.0,0.0,0
253.001,1,0,120.0,0.0,0
253.001,1,0,120.0,0.0,0
253.001,1,0,120.0,0.0,0
253.101,1,0,120.0,0.0,0
253.101,1,0,120.0,0.0,0
253.101,1,0,120.0,0.0,0
253.101,1,0,120.0,0.0,0
253.201,1,0,120.0,0.0,0
253.201,1,0,120.0,0.0,0
253.201,1,0,120.0,0.0,0
253.301,1,0,120.0,0.0,0
253.301,1,0,120.0,0.0,0
253.301,1,0,120.0,0.0,0
253.301,1,0,120.0,0.0,0
253.401,1,0,120.0,0.0,0
253.401,1,0,120.0,0.0,0
253.401,1,0,120.0,0.0,0
253.501,1,0,120.0,0.0,0
253.501,1,0,120.0,0.0,0
253.501,1,0,120.0,0.0,0
253.501,1,0,120.0,0.0,0
253.601,1,0,120.0,0.0,0
253.601,1,0,120.0,0.0,0
253.601,1,0,120.0,0.0,0
253.701,1,0,120.0,0.0,0
253.701,1,0,120.0,0.0,0
253.701,1,0,120.0,0.0,0
253.701,1,0,120.0,0.0,0
253.801,1,0,120.0,0.0,0
253.801,1,0,120.0,0.0,0
253.801,1,0,120.0,0.0,0
253.901,1,0,120.0,0.0,0
253.901,1,0,120.0,0.0,0
253.901,1,0,120.0,0.0,0
253.901,1,0,120.0,0.0,0
254.001,1,0,120.0,0.0,0
254.001,1,0,120.0,0.0,0
254.001,1,0,120.0,0.0,0
254.001,1,0,120.0,0.0,0
254.101,1,0,120.0,0.0,0
254.101,1,0,120.0,0.0,0
254.101,1,0,120.0,0.0,0
254.201,1,0,120.0,0.0,0
254.201,1,0,120.0,0.0,0
254.201,1,0,120.0,0.0,0
254.201,1,0,120.0,0.0,0
254.301,1,0,120.0,0.0,0
254.301,1,0,120.0,0.0,0
254.301,1,0,120.0,0.0,0
254.401,1,0,120.0,0.0,0
254.401,1,0,120.0,0.0,0
254.401,1,0,120.0,0.0,0
254.401,1,0,120.0,0.0,0
254.501,1,0,120.0,0.0,0
254.501,1,0,120.0,0.0,0
254.501,1,0,120.0,0.0,0
254.601,1,0,120.0,0.0,0
254.601,1,0,120.0,0.0,0
254.601,1,0,120.0,0.0,0
254.601,1,0,120.0,0.0,0
254.701,1,0,120.0,0.0,0
254.701,1,0,120.0,0.0,0
254.701,1,0,120.0,0.0,0
254.701,1,0,120.0,0.0,0
254.801,1,0,120.0,0.0,0
254.801,1,0,120.0,0.0,0
254.801,1,0,120.0,0.0,0
254.901,1,0,120.0,0.0,0
254.901,1,0,120.0,0.0,0
254.901,1,0,120.0,0.0,0
254.901,1,0,120.0,0.0,0
255.001,1,0,120.0,0.0,0
255.001,1,0,120.0,0.0,0
255.001,1,0,120.0,0.0,0
255.101,1,0,120.0,0.0,0
255.101,1,0,120.0,0.0,0
255.101,1,0,120.0,0.0,0
255.101,1,0,120.0,0.0,0
255.201,1,0,120.0,0.0,0
255.201,1,0,120.0,0.0,0
255.201,1,0,120.0,0.0,0
255.301,1,0,120.0,0.0,0
255.301,1,0,120.0,0.0,0
255.301,1,0,120.0,0.0,0
255.301,1,0,120.0,0.0,0
255.401,1,0,120.0,0.0,0
255.401,1,0,120.0,0.0,0
255.401,1,0,120.0,0.0,0
255.401,1,0,120.0,0.0,0
255.501,1,0,120.0,0.0,0
255.501,1,0,120.0,0.0,0
255.501,1,0,120.0,0.0,0
255.601,1,0,120.0,0.0,0
255.601,1,0,120.0,0.0,0
255.601,1,0,120.0,0.0,0
255.601,1,0,120.0,0.0,0
255.701,1,0,120.0,0.0,0
255.701,1,0,120.0,0.0,0
255.701,1,0,120.0,0.0,0
255.801,1,0,120.0,0.0,0
255.801,1,0,120.0,0.0,0
255.801,1,0,120.0,0.0,0
255.801,1,0,120.0,0.0,0
255.901,1,0,120.0,0.0,0
255.901,1,0,120.0,0.0,0
255.901,1,0,120.0,0.0,0
256.001,1,0,120.0,0.0,0
256.001,1,0,120.0,0.0,0
256.001,1,0,120.0,0.0,0
256.001,1,0,120.0,0.0,0
256.101,0,0,0.0,0.0,0
256.101,0,0,0.0,0.0,0
256.101,0,0,0.0,0.0,0
256.201,2,0,-36.7,0.0,0
256.201,2,0,-36.7,0.0,0
256.201,2,0,-36.7,0.0,0
256.201,2,0,-36.7,0.0,0
256.301,2,0,-36.7,0.0,0
256.301,2,0,-36.7,0.0,0
256.301,2,0,-36.7,0.0,0
256.301,2,0,-36.7,0.0,0
256.401,2,0,-36.7,0.0,0
256.401,2,0,-36.7,0.0,0
256.401,2,0,-36.7,0.0,0
256.501,2,0,-36.7,0.0,0
256.501,2,0,-36.7,0.0,0
256.501,2,0,-36.7,0.0,0
256.501,2,0,-36.7,0.0,0
256.601,2,0,-36.7,0.0,0
256.601,2,0,-36.7,0.0,0
256.601,2,0,-36.7,0.0,0
256.701,2,0,-36.7,0.0,0
256.701,2,0,-36.7,0.0,0
256.701,2,0,-36.7,0.0,0
256.701,2,0,-36.7,0.0,0
256.801,2,0,-36.7,0.0,0
256.801,2,0,-36.7,0.0,0
256.801,2,0,-36.7,0.0,0
256.901,2,0,-36.7,0.0,0
256.901,2,0,-36.7,0.0,0
256.901,2,0,-36.7,0.0,0
256.901,2,0,-36.7,0.0,0
257.001,2,0,-36.7,0.0,0
257.001,2,0,-36.7,0.0,0
257.001,2,0,-36.7,0.0,0
257.001,2,0,-36.7,0.0,0
257.101,2,0,-36.7,0.0,0
257.101,2,0,-36.7,0.0,0
257.101,2,0,-36.7,0.0,0
257.201,2,0,-36.7,0.0,0
257.201,2,0,-36.7,0.0,0
257.201,2,0,-36.7,0.0,0
257.201,2,0,-36.7,0.0,0
257.301,2,0,-36.7,0.0,0
257.301,2,0,-36.7,0.0,0
257.301,2,0,-36.7,0.0,0
257.401,2,0,-36.7,0.0,0
257.401,2,0,-36.7,0.0,0
257.401,2,0,-36.7,0.0,0
257.401,2,0,-36.7,0.0,0
257.501,2,0,-36.7,0.0,0
257.501,2,0,-36.7,0.0,0
257.501,2,0,-36.7,0.0,0
257.601,2,0,-36.7,0.0,0
257.601,2,0,-36.7,0.0,0
257.601,2,0,-36.7,0.0,0
257.601,2,0,-36.7,0.0,0
257.701,2,0,-36.7,0.0,0
257.701,2,0,-36.7,0.0,0
257.701,2,0,-36.7,0.0,0
257.801,2,0,-36.7,0.0,0
257.801,2,0,-36.7,0.0,0
257.801,2,0,-36.7,0.0,0
257.801,2,0,-36.7,0.0,0
257.901,2,0,-36.7,0.0,0
257.901,2,0,-36.7,0.0,0
257.901,2,0,-36.7,0.0,0
257.901,2,0,-36.7,0.0,0
258.001,2,0,-36.7,0.0,0
258.001,2,0,-36.7,0.0,0
258.001,2,0,-36.7,0.0,0
258.101,2,0,-36.7,0.0,0
258.101,2,0,-36.7,0.0,0
258.101,2,0,-36.7,0.0,0
258.101,2,0,-36.7,0.0,0
258.201,2,0,-36.7,0.0,0
258.201,2,0,-36.7,0.0,0
258.201,2,0,-36.7,0.0,0
258.301,2,0,-36.7,0.0,0
258.301,2,0,-36.7,0.0,0
258.301,2,0,-36.7,0.0,0
258.301,2,0,-36.7,0.0,0
258.401,2,0,-36.7,0.0,0
258.401,2,0,-36.7,0.0,0
258.401,2,0,-36.7,0.0,0
258.501,2,0,-36.7,0.0,0
258.501,2,0,-36.7,0.0,0
258.501,2,0,-36.7,0.0,0
258.501,2,0,-36.7,0.0,0
258.601,2,0,-36.7,0.0,0
258.601,2,0,-36.7,0.0,0
258.601,2,0,-36.7,0.0,0
258.601,2,0,-36.7,0.0,0
258.701,2,0,-36.7,0.0,0
258.701,2,0,-36.7,0.0,0
258.701,2,0,-36.7,0.0,0
258.801,2,0,-36.7,0.0,0
258.801,2,0,-36.7,0.0,0
258.801,2,0,-36.7,0.0,0
258.801,2,0,-36.7,0.0,0
258.901,2,0,-36.7,0.0,0
258.901,2,0,-36.7,0.0,0
258.901,2,0,-36.7,0.0,0
259.001,2,0,-36.7,0.0,0
259.001,2,0,-36.7,0.0,0
259.001,2,0,-36.7,0.0,0
259.001,2,0,-36.7,0.0,0
259.101,2,0,-36.7,0.0,0
259.101,2,0,-36.7,0.0,0
259.101,2,0,-36.7,0.0,0
259.201,2,0,-36.7,0.0,0
259.201,2,0,-36.7,0.0,0
259.201,2,0,-36.7,0.0,0
259.201,2,0,-36.7,0.0,0
259.301,2,0,-36.7,0.0,0
259.301,2,0,-36.7,0.0,0
259.301,2,0,-36.7,0.0,0
259.301,2,0,-36.7,0.0,0
259.401,2,0,-36.7,0.0,0
259.401,2,0,-36.7,0.0,0
259.401,2,0,-36.7,0.0,0
259.501,2,0,-36.7,0.0,0
259.501,2,0,-36.7,0.0,0
259.501,2,0,-36.7,0.0,0
259.501,2,0,-36.7,0.0,0
259.601,2,0,-36.7,0.0,0
259.601,2,0,-36.7,0.0,0
259.601,2,0,-36.7,0.0,0
259.701,2,0,-36.7,0.0,0
259.701,2,0,-36.7,0.0,0
259.701,2,0,-36.7,0.0,0
259.701,2,0,-36.7,0.0,0
259.801,0,0,0.0,0.0,0
259.801,0,0,0.0,0.0,0
259.801,0,0,0.0,0.0,0
259.901,0,0,0.0,0.0,0
259.901,0,0,0.0,0.0,0
259.901,0,0,0.0,0.0,0
259.901,0,0,0.0,0.0,0
260.001,0,0,0.0,0.0,0
260.001,0,0,0.0,0.0,0
260.001,0,0,0.0,0.0,0
260.101,0,0,0.0,0.0,0
260.101,0,0,0.0,0.0,0
260.101,0,0,0.0,0.0,0
260.101,0,0,0.0,0.0,0
260.201,0,0,0.0,0.0,0
260.201,0,0,0.0,0.0,0
260.201,0,0,0.0,0.0,0
260.201,0,0,0.0,0.0,0
260.301,0,0,0.0,0.0,0
260.301,0,0,0.0,0.0,0
260.301,0,0,0.0,0.0,0
260.401,0,0,0.0,0.0,0
260.401,0,0,0.0,0.0,0
260.401,0,0,0.0,0.0,0
260.401,0,0,0.0,0.0,0
260.501,0,0,0.0,0.0,0
260.501,0,0,0.0,0.0,0
260.501,0,0,0.0,0.0,0
260.601,1,1,31.0,2.0,0
260.601,1,1,31.0,2.0,0
260.601,1,1,31.0,2.0,0
260.601,1,1,31.0,2.0,0
260.701,1,1,31.0,2.0,0
260.701,1,1,31.0,2.0,0
260.701,1,1,31.0,2.0,0
260.801,1,1,31.0,2.0,0
260.801,1,1,31.0,2.0,0
260.801,1,1,31.0,2.0,0
260.801,1,1,31.0,2.0,0
260.901,1,1,31.0,2.0,0
260.901,1,1,31.0,2.0,0
260.901,1,1,31.0,2.0,0
260.901,1,1,31.0,2.0,0
261.001,1,1,31.0,2.0,0
261.001,1,1,31.0,2.0,0
261.001,1,1,31.0,2.0,0
261.101,1,1,31.0,2.0,0
261.101,1,1,31.0,2.0,0
261.101,1,1,31.0,2.0,0
261.101,1,1,31.0,2.0,0
261.201,1,1,31.0,2.0,0
261.201,1,1,31.0,2.0,0
261.201,1,1,31.0,2.0,0
261.301,1,1,31.0,2.0,0
261.301,1,1,31.0,2.0,0
261.301,1,1,31.0,2.0,0
261.301,1,1,31.0,2.0,0
261.401,1,1,31.0,2.0,0
261.401,1,1,31.0,2.0,0
261.401,1,1,31.0,2.0,0
261.501,1,1,31.0,2.0,0
261.501,1,1,31.0,2.0,0
261.501,1,1,31.0,2.0,0
261.501,1,1,31.0,2.0,0
261.601,1,1,31.0,2.0,0
261.601,1,1,31.0,2.0,0
261.601,1,1,31.0,2.0,0
261.601,1,1,31.0,2.0,0
261.701,1,1,31.0,2.0,0
261.701,1,1,31.0,2.0,0
261.701,1,1,31.0,2.0,0
261.801,1,1,31.0,2.0,0
261.801,1,1,31.0,2.0,0
261.801,1,1,31.0,2.0,0
261.801,1,1,31.0,2.0,0
261.901,1,1,31.0,2.0,0
261.901,1,1,31.0,2.0,0
261.901,1,1,31.0,2.0,0
262.001,1,1,31.0,2.0,0
262.001,1,1,31.0,2.0,0
262.001,1,1,31.0,2.0,0
262.001,1,1,31.0,2.0,0
262.101,1,1,31.0,2.0,0
262.101,1,1,31.0,2.0,0
262.101,1,1,31.0,2.0,0
262.201,1,1,31.0,2.0,0
262.201,1,1,31.0,2.0,0
262.201,1,1,31.0,2.0,0
262.201,1,1,31.0,2.0,0
262.301,1,1,31.0,2.0,0
262.301,1,1,31.0,2.0,0
262.301,1,1,31.0,2.0,0
262.301,1,1,31.0,2.0,0
262.401,1,1,31.0,2.0,0
262.401,1,1,31.0,2.0,0
262.401,1,1,31.0,2.0,0
262.501,1,1,31.0,2.0,0
262.501,1,1,31.0,2.0,0
262.501,1,1,31.0,2.0,0
262.501,1,1,31.0,2.0,0
262.601,1,1,31.0,2.0,0
262.601,1,1,31.0,2.0,0
262.601,1,1,31.0,2.0,0
262.701,1,1,31.0,2.0,0
262.701,1,1,31.0,2.0,0
262.701,1,1,31.0,2.0,0
262.701,1,1,31.0,2.0,0
262.801,1,1,31.0,2.0,0
262.801,1,1,31.0,2.0,0
262.801,1,1,31.0,2.0,0
262.901,1,1,31.0,2.0,0
262.901,1,1,31.0,2.0,0
262.901,1,1,31.0,2.0,0
262.901,1,1,31.0,2.0,0
263.001,1,1,31.0,2.0,0
263.001,1,1,31.0,2.0,0
263.001,1,1,31.0,2.0,0
263.101,1,1,31.0,2.0,0
263.101,1,1,31.0,2.0,0
263.101,1,1,31.0,2.0,0
263.101,1,1,31.0,2.0,0
263.201,1,1,31.0,2.0,0
263.201,1,1,31.0,2.0,0
263.201,1,1,31.0,2.0,0
263.201,1,1,31.0,2.0,0
263.301,1,1,31.0,2.0,0
263.301,1,1,31.0,2.0,0
263.301,1,1,31.0,2.0,0
263.401,1,1,31.0,2.0,0
263.401,1,1,31.0,2.0,0
263.401,1,1,31.0,2.0,0
263.401,1,1,31.0,2.0,0
263.501,1,1,31.0,2.0,0
263.501,1,1,31.0,2.0,0
263.501,1,1,31.0,2.0,0
263.601,1,1,31.0,2.0,0
263.601,1,1,31.0,2.0,0
263.601,1,1,31.0,2.0,0
263.601,1,1,31.0,2.0,0
263.701,1,1,31.0,2.0,0
263.701,1,1,31.0,2.0,0
263.701,1,1,31.0,2.0,0
263.801,1,1,31.0,2.0,0
263.801,1,1,31.0,2.0,0
263.801,1,1,31.0,2.0,0
263.801,1,1,31.0,2.0,0
263.901,1,1,31.0,2.0,0
263.901,1,1,31.0,2.0,0
263.901,1,1,31.0,2.0,0
263.901,1,1,31.0,2.0,0
264.001,1,1,31.0,2.0,0
264.001,1,1,31.0,2.0,0
264.001,1,1,31.0,2.0,0
264.101,1,1,31.0,2.0,0
264.101,1,1,31.0,2.0,0
264.101,1,1,31.0,2.0,0
264.101,1,1,31.0,2.0,0
264.201,1,1,31.0,2.0,0
264.201,1,1,31.0,2.0,0
264.201,1,1,31.0,2.0,0
264.301,1,1,31.0,2.0,0
264.301,1,1,31.0,2.0,0
264.301,1,1,31.0,2.0,0
264.301,1,1,31.0,2.0,0
264.401,1,1,31.0,2.0,0
264.401,1,1,31.0,2.0,0
264.401,1,1,31.0,2.0,0
264.501,1,1,31.0,2.0,0
264.501,1,1,31.0,2.0,0
264.501,1,1,31.0,2.0,0
264.501,1,1,31.0,2.0,0
264.601,1,1,31.0,2.0,0
264.601,1,1,31.0,2.0,0
264.601,1,1,31.0,2.0,0
264.601,1,1,31.0,2.0,0
264.701,1,1,31.0,2.0,0
264.701,1,1,31.0,2.0,0
264.701,1,1,31.0,2.0,0
264.801,1,1,31.0,2.0,0
264.801,1,1,31.0,2.0,0
264.801,1,1,31.0,2.0,0
264.801,1,1,31.0,2.0,0
264.901,1,1,31.0,2.0,0
264.901,1,1,31.0,2.0,0
264.901,1,1,31.0,2.0,0
265.001,1,1,31.0,2.0,0
265.001,1,1,31.0,2.0,0
265.001,1,1,31.0,2.0,0
265.001,1,1,31.0,2.0,0
265.101,1,1,31.0,2.0,0
265.101,1,1,31.0,2.0,0
265.101,1,1,31.0,2.0,0
265.201,1,1,31.0,2.0,0
265.201,1,1,31.0,2.0,0
265.201,1,1,31.0,2.0,0
265.201,1,1,31.0,2.0,0
265.301,1,1,31.0,2.0,0
265.301,1,1,31.0,2.0,0
265.301,1,1,31.0,2.0,0
265.401,1,1,31.0,2.0,0
265.401,1,1,31.0,2.0,0
265.401,1,1,31.0,2.0,0
265.401,1,1,31.0,2.0,0
265.501,1,1,31.0,2.0,0
265.501,1,1,31.0,2.0,0
265.501,1,1,31.0,2.0,0
265.501,1,1,31.0,2.0,0
265.601,1,1,31.0,2.0,0
265.601,1,1,31.0,2.0,0
265.601,1,1,31.0,2.0,0
265.701,1,1,31.0,2.0,0
265.701,1,1,31.0,2.0,0
265.701,1,1,31.0,2.0,0
265.701,1,1,31.0,2.0,0
265.801,1,1,31.0,2.0,0
265.801,1,1,31.0,2.0,0
265.801,1,1,31.0,2.0,0
265.901,1,1,31.0,2.0,0
265.901,1,1,31.0,2.0,0
265.901,1,1,31.0,2.0,0
265.901,1,1,31.0,2.0,0
266.001,1,1,31.0,2.0,0
266.001,1,1,31.0,2.0,0
266.001,1,1,31.0,2.0,0
266.101,1,1,31.0,2.0,0
266.101,1,1,31.0,2.0,0
266.101,1,1,31.0,2.0,0
266.101,1,1,31.0,2.0,0
266.201,1,1,31.0,2.0,0
266.201,1,1,31.0,2.0,0
266.201,1,1,31.0,2.0,0
266.201,1,1,31.0,2.0,0
266.301,1,1,31.0,2.0,0
266.301,1,1,31.0,2.0,0
266.301,1,1,31.0,2.0,0
266.401,1,1,31.0,2.0,0
266.401,1,1,31.0,2.0,0
266.401,1,1,31.0,2.0,0
266.401,1,1,31.0,2.0,0
266.501,1,1,31.0,2.0,0
266.501,1,1,31.0,2.0,0
266.501,1,1,31.0,2.0,0
266.601,1,1,31.0,2.0,0
266.601,1,1,31.0,2.0,0
266.601,1,1,31.0,2.0,0
266.601,1,1,31.0,2.0,0
266.701,1,1,31.0,2.0,0
266.701,1,1,31.0,2.0,0
266.701,1,1,31.0,2.0,0
266.801,1,1,31.0,2.0,0
266.801,1,1,31.0,2.0,0
266.801,1,1,31.0,2.0,0
266.801,1,1,31.0,2.0,0
266.901,1,1,31.0,2.0,0
266.901,1,1,31.0,2.0,0
266.901,1,1,31.0,2.0,0
266.901,1,1,31.0,2.0,0
267.001,1,1,31.0,2.0,0
267.001,1,1,31.0,2.0,0
267.001,1,1,31.0,2.0,0
267.101,1,1,31.0,2.0,0
267.101,1,1,31.0,2.0,0
267.101,1,1,31.0,2.0,0
267.101,1,1,31.0,2.0,0
267.201,1,1,31.0,2.0,0
267.201,1,1,31.0,2.0,0
267.201,1,1,31.0,2.0,0
267.301,1,1,31.0,2.0,0
267.301,1,1,31.0,2.0,0
267.301,1,1,31.0,2.0,0
267.301,1,1,31.0,2.0,0
267.401,1,1,31.0,2.0,0
267.401,1,1,31.0,2.0,0
267.401,1,1,31.0,2.0,0
267.501,1,1,31.0,2.0,0
267.501,1,1,31.0,2.0,0
267.501,1,1,31.0,2.0,0
267.501,1,1,31.0,2.0,0
267.601,1,1,31.0,2.0,0
267.601,1,1,31.0,2.0,0
267.601,1,1,31.0,2.0,0
267.701,1,1,31.0,2.0,0
267.701,1,1,31.0,2.0,0
267.701,1,1,31.0,2.0,0
267.701,1,1,31.0,2.0,0
267.801,1,1,31.0,2.0,0
267.801,1,1,31.0,2.0,0
267.801,1,1,31.0,2.0,0
267.801,1,1,31.0,2.0,0
267.901,1,1,31.0,2.0,0
267.901,1,1,31.0,2.0,0
267.901,1,1,31.0,2.0,0
268.001,1,1,31.0,2.0,0
268.001,1,1,31.0,2.0,0
268.001,1,1,31.0,2.0,0
268.001,1,1,31.0,2.0,0
268.101,1,1,31.0,2.0,0
268.101,1,1,31.0,2.0,0
268.101,1,1,31.0,2.0,0
268.201,1,1,31.0,2.0,0
268.201,1,1,31.0,2.0,0
268.201,1,1,31.0,2.0,0
268.201,1,1,31.0,2.0,0
268.301,1,1,31.0,2.0,0
268.301,1,1,31.0,2.0,0
268.301,1,1,31.0,2.0,0
268.401,1,1,31.0,2.0,0
268.401,1,1,31.0,2.0,0
268.401,1,1,31.0,2.0,0
268.401,1,1,31.0,2.0,0
268.501,1,1,31.0,2.0,0
268.501,1,1,31.0,2.0,0
268.501,1,1,31.0,2.0,0
268.501,1,1,31.0,2.0,0
268.601,1,1,31.0,2.0,0
268.601,1,1,31.0,2.0,0
268.601,1,1,31.0,2.0,0
268.701,1,1,31.0,2.0,0
268.701,1,1,31.0,2.0,0
268.701,1,1,31.0,2.0,0
268.701,1,1,31.0,2.0,0
268.801,1,1,31.0,2.0,0
268.801,1,1,31.0,2.0,0
268.801,1,1,31.0,2.0,0
268.901,1,1,31.0,2.0,0
268.901,1,1,31.0,2.0,0
268.901,1,1,31.0,2.0,0
268.901,1,1,31.0,2.0,0
269.001,1,1,31.0,2.0,0
269.001,1,1,31.0,2.0,0
269.001,1,1,31.0,2.0,0
269.101,1,1,31.0,2.0,0
269.101,1,1,31.0,2.0,0
269.101,1,1,31.0,2.0,0
269.101,1,1,31.0,2.0,0
269.201,1,1,31.0,2.0,0
269.201,1,1,31.0,2.0,0
269.201,1,1,31.0,2.0,0
269.201,1,1,31.0,2.0,0
269.301,1,1,31.0,2.0,0
269.301,1,1,31.0,2.0,0
269.301,1,1,31.0,2.0,0
269.401,1,1,31.0,2.0,0
269.401,1,1,31.0,2.0,0
269.401,1,1,31.0,2.0,0
269.401,1,1,31.0,2.0,0
269.501,1,1,31.0,2.0,0
269.501,1,1,31.0,2.0,0
269.501,1,1,31.0,2.0,0
269.601,1,1,31.0,2.0,0
269.601,1,1,31.0,2.0,0
269.601,1,1,31.0,2.0,0
269.601,1,1,31.0,2.0,0
269.701,1,1,31.0,2.0,0
269.701,1,1,31.0,2.0,0
269.701,1,1,31.0,2.0,0
269.801,1,1,31.0,2.0,0
269.801,1,1,31.0,2.0,0
269.801,1,1,31.0,2.0,0
269.801,1,1,31.0,2.0,0
269.901,1,1,31.0,2.0,0
269.901,1,1,31.0,2.0,0
269.901,1,1,31.0,2.0,0
270.001,1,1,31.0,2.0,0
270.001,1,1,31.0,2.0,0
270.001,1,1,31.0,2.0,0
270.001,1,1,31.0,2.0,0
270.101,1,1,31.0,2.0,0
270.101,1,1,31.0,2.0,0
270.101,1,1,31.0,2.0,0
270.101,1,1,31.0,2.0,0
270.201,1,1,31.0,2.0,0
270.201,1,1,31.0,2.0,0
270.201,1,1,31.0,2.0,0
270.301,1,1,31.0,2.0,0
270.301,1,1,31.0,2.0,0
270.301,1,1,31.0,2.0,0
270.301,1,1,31.0,2.0,0
270.401,1,1,31.0,2.0,0
270.401,1,1,31.0,2.0,0
270.401,1,1,31.0,2.0,0
270.501,1,1,31.0,2.0,0
270.501,1,1,31.0,2.0,0
270.501,1,1,31.0,2.0,0
270.501,1,1,31.0,2.0,0
270.601,1,1,31.0,2.0,0
270.601,1,1,31.0,2.0,0
270.601,1,1,31.0,2.0,0
270.701,1,1,31.0,2.0,0
270.701,1,1,31.0,2.0,0
270.701,1,1,31.0,2.0,0
270.701,1,1,31.0,2.0,0
270.801,1,1,31.0,2.0,0
270.801,1,1,31.0,2.0,0
270.801,1,1,31.0,2.0,0
270.801,1,1,31.0,2.0,0
270.901,1,1,31.0,2.0,0
270.901,1,1,31.0,2.0,0
270.901,1,1,31.0,2.0,0
271.001,1,1,31.0,2.0,0
271.001,1,1,31.0,2.0,0
271.001,1,1,31.0,2.0,0
271.001,1,1,31.0,2.0,0
271.101,1,1,31.0,2.0,0
271.101,1,1,31.0,2.0,0
271.101,1,1,31.0,2.0,0
271.201,1,1,31.0,2.0,0
271.201,1,1,31.0,2.0,0
271.201,1,1,31.0,2.0,0
271.201,1,1,31.0,2.0,0
271.301,1,1,31.0,2.0,0
271.301,1,1,31.0,2.0,0
271.301,1,1,31.0,2.0,0
271.401,1,1,31.0,2.0,0
271.401,1,1,31.0,2.0,0
271.401,1,1,31.0,2.0,0
271.401,1,1,31.0,2.0,0
271.501,1,1,31.0,2.0,0
271.501,1,1,31.0,2.0,0
271.501,1,1,31.0,2.0,0
271.501,1,1,31.0,2.0,0
271.601,1,1,31.0,2.0,0
271.601,1,1,31.0,2.0,0
271.601,1,1,31.0,2.0,0
271.701,1,1,31.0,2.0,0
271.701,1,1,31.0,2.0,0
271.701,1,1,31.0,2.0,0
271.701,1,1,31.0,2.0,0
271.801,1,1,31.0,2.0,0
271.801,1,1,31.0,2.0,0
271.801,1,1,31.0,2.0,0
271.901,1,1,31.0,2.0,1
271.901,1,1,31.0,2.0,1
271.901,1,1,31.0,2.0,1
271.901,1,1,31.0,2.0,1
272.001,0,0,0.0,0.0,1
272.001,0,0,0.0,0.0,1
272.001,0,0,0.0,0.0,1
272.101,0,0,0.0,0.0,1
272.101,0,0,0.0,0.0,1
272.101,0,0,0.0,0.0,1
272.101,0,0,0.0,0.0,1
272.201,0,0,0.0,0.0,1
272.201,0,0,0.0,0.0,1
272.201,0,0,0.0,0.0,1
272.301,0,0,0.0,0.0,1
272.301,0,0,0.0,0.0,1
272.301,0,0,0.0,0.0,1
272.301,0,0,0.0,0.0,1
272.401,0,0,0.0,0.0,1
272.401,0,0,0.0,0.0,1
272.401,0,0,0.0,0.0,1
272.401,0,0,0.0,0.0,1
272.501,0,0,0.0,0.0,1
272.501,0,0,0.0,0.0,1
272.501,0,0,0.0,0.0,1
272.601,0,0,0.0,0.0,1
272.601,0,0,0.0,0.0,1
272.601,0,0,0.0,0.0,1
272.601,0,0,0.0,0.0,1
272.701,0,0,0.0,0.0,1
272.701,0,0,0.0,0.0,1
272.701,0,0,0.0,0.0,1
272.801,0,0,0.0,0.0,1
272.801,0,0,0.0,0.0,1
272.801,0,0,0.0,0.0,1
272.801,0,0,0.0,0.0,1
272.901,0,0,0.0,0.0,1
272.901,0,0,0.0,0.0,1
272.901,0,0,0.0,0.0,1
273.001,0,0,0.0,0.0,1
273.001,0,0,0.0,0.0,1
273.001,0,0,0.0,0.0,1
273.001,0,0,0.0,0.0,1
273.101,0,0,0.0,0.0,1
273.101,0,0,0.0,0.0,1
273.101,0,0,0.0,0.0,1
273.101,0,0,0.0,0.0,1
273.201,0,0,0.0,0.0,1
273.201,0,0,0.0,0.0,1
273.201,0,0,0.0,0.0,1
273.301,0,0,0.0,0.0,1
273.301,0,0,0.0,0.0,1
273.301,0,0,0.0,0.0,1
273.301,0,0,0.0,0.0,1
273.401,0,0,0.0,0.0,1
273.401,0,0,0.0,0.0,1
273.401,0,0,0.0,0.0,1
273.501,0,0,0.0,0.0,1
273.501,0,0,0.0,0.0,1
273.501,0,0,0.0,0.0,1
273.501,0,0,0.0,0.0,1
273.601,0,0,0.0,0.0,1
273.601,0,0,0.0,0.0,1
273.601,0,0,0.0,0.0,1
273.701,0,0,0.0,0.0,1
273.701,0,0,0.0,0.0,1
273.701,0,0,0.0,0.0,1
273.701,0,0,0.0,0.0,1
273.801,0,0,0.0,0.0,1
273.801,0,0,0.0,0.0,1
273.801,0,0,0.0,0.0,1
273.801,0,0,0.0,0.0,1
273.901,0,0,0.0,0.0,1
273.901,0,0,0.0,0.0,1
273.901,0,0,0.0,0.0,1
274.001,0,0,0.0,0.0,1
274.001,0,0,0.0,0.0,1
274.001,0,0,0.0,0.0,1
274.001,0,0,0.0,0.0,1
274.101,0,0,0.0,0.0,1
274.101,0,0,0.0,0.0,1
274.101,0,0,0.0,0.0,1
274.201,0,0,0.0,0.0,1
274.201,0,0,0.0,0.0,1
274.201,0,0,0.0,0.0,1
274.201,0,0,0.0,0.0,1
274.301,0,0,0.0,0.0,1
274.301,0,0,0.0,0.0,1
274.301,0,0,0.0,0.0,1
274.401,0,0,0.0,0.0,1
274.401,0,0,0.0,0.0,1
274.401,0,0,0.0,0.0,1
274.401,0,0,0.0,0.0,1
274.501,0,0,0.0,0.0,1
274.501,0,0,0.0,0.0,1
274.501,0,0,0.0,0.0,1
274.601,0,0,0.0,0.0,1
274.601,0,0,0.0,0.0,1
274.601,0,0,0.0,0.0,1
274.601,0,0,0.0,0.0,1
274.701,0,0,0.0,0.0,1
274.701,0,0,0.0,0.0,1
274.701,0,0,0.0,0.0,1
274.701,0,0,0.0,0.0,1
274.801,0,0,0.0,0.0,1
274.801,0,0,0.0,0.0,1
274.801,0,0,0.0,0.0,1
274.901,0,0,0.0,0.0,1
274.901,0,0,0.0,0.0,1
274.901,0,0,0.0,0.0,1
274.901,0,0,0.0,0.0,1
275.001,0,0,0.0,0.0,1
275.001,0,0,0.0,0.0,1
275.001,0,0,0.0,0.0,1
275.101,0,0,0.0,0.0,1
275.101,0,0,0.0,0.0,1
275.101,0,0,0.0,0.0,1
275.101,0,0,0.0,0.0,1
275.201,0,0,0.0,0.0,1
275.201,0,0,0.0,0.0,1
275.201,0,0,0.0,0.0,1
275.301,0,0,0.0,0.0,1
275.301,0,0,0.0,0.0,1
275.301,0,0,0.0,0.0,1
275.301,0,0,0.0,0.0,1
275.401,0,0,0.0,0.0,1
275.401,0,0,0.0,0.0,1
275.401,0,0,0.0,0.0,1
275.401,0,0,0.0,0.0,1
275.501,0,0,0.0,0.0,1
275.501,0,0,0.0,0.0,1
275.501,0,0,0.0,0.0,1
275.601,0,0,0.0,0.0,1
275.601,0,0,0.0,0.0,1
275.601,0,0,0.0,0.0,1
275.601,0,0,0.0,0.0,1
275.701,0,0,0.0,0.0,1
275.701,0,0,0.0,0.0,1
275.701,0,0,0.0,0.0,1
275.801,0,0,0.0,0.0,1
275.801,0,0,0.0,0.0,1
275.801,0,0,0.0,0.0,1
275.801,0,0,0.0,0.0,1
275.901,0,0,0.0,0.0,1
275.901,0,0,0.0,0.0,1
275.901,0,0,0.0,0.0,1
276.001,0,0,0.0,0.0,1
276.001,0,0,0.0,0.0,1
276.001,0,0,0.0,0.0,1
276.001,0,0,0.0,0.0,1
276.101,0,0,0.0,0.0,1
276.101,0,0,0.0,0.0,1
276.101,0,0,0.0,0.0,1
276.101,0,0,0.0,0.0,1
276.201,0,0,0.0,0.0,1
276.201,0,0,0.0,0.0,1
276.201,0,0,0.0,0.0,1
276.301,0,0,0.0,0.0,1
276.301,0,0,0.0,0.0,1
276.301,0,0,0.0,0.0,1
276.301,0,0,0.0,0.0,1
276.401,0,0,0.0,0.0,1
276.401,0,0,0.0,0.0,1
276.401,0,0,0.0,0.0,1
276.501,0,0,0.0,0.0,1
276.501,0,0,0.0,0.0,1
276.501,0,0,0.0,0.0,1
276.501,0,0,0.0,0.0,1
276.601,0,0,0.0,0.0,1
276.601,0,0,0.0,0.0,1
276.601,0,0,0.0,0.0,1
276.701,0,0,0.0,0.0,1
276.701,0,0,0.0,0.0,1
276.701,0,0,0.0,0.0,1
276.701,0,0,0.0,0.0,1
276.801,0,0,0.0,0.0,1
276.801,0,0,0.0,0.0,1
276.801,0,0,0.0,0.0,1
276.801,0,0,0.0,0.0,1
276.901,0,0,0.0,0.0,1
276.901,0,0,0.0,0.0,1
276.901,0,0,0.0,0.0,1
277.001,0,0,0.0,0.0,1
277.001,0,0,0.0,0.0,1
277.001,0,0,0.0,0.0,1
277.001,0,0,0.0,0.0,1
277.101,0,0,0.0,0.0,1
277.101,0,0,0.0,0.0,1
277.101,0,0,0.0,0.0,1
277.201,0,0,0.0,0.0,1
277.201,0,0,0.0,0.0,1
277.201,0,0,0.0,0.0,1
277.201,0,0,0.0,0.0,1
277.301,0,0,0.0,0.0,1
277.301,0,0,0.0,0.0,1
277.301,0,0,0.0,0.0,1
277.401,0,0,0.0,0.0,1
277.401,0,0,0.0,0.0,1
277.401,0,0,0.0,0.0,1
277.401,0,0,0.0,0.0,1
277.501,0,0,0.0,0.0,1
277.501,0,0,0.0,0.0,1
277.501,0,0,0.0,0.0,1
277.601,0,0,0.0,0.0,1
277.601,0,0,0.0,0.0,1
277.601,0,0,0.0,0.0,1
277.601,0,0,0.0,0.0,1
277.701,0,0,0.0,0.0,1
277.701,0,0,0.0,0.0,1
277.701,0,0,0.0,0.0,1
277.701,0,0,0.0,0.0,1
277.801,0,0,0.0,0.0,1
277.801,0,0,0.0,0.0,1
277.801,0,0,0.0,0.0,1
277.901,0,0,0.0,0.0,1
277.901,0,0,0.0,0.0,1
277.901,0,0,0.0,0.0,1
277.901,0,0,0.0,0.0,1
278.001,0,0,0.0,0.0,1
278.001,0,0,0.0,0.0,1
278.001,0,0,0.0,0.0,1
278.101,0,0,0.0,0.0,1
278.101,0,0,0.0,0.0,1
278.101,0,0,0.0,0.0,1
278.101,0,0,0.0,0.0,1
278.201,0,0,0.0,0.0,1
278.201,0,0,0.0,0.0,1
278.201,0,0,0.0,0.0,1
278.301,0,0,0.0,0.0,1
278.301,0,0,0.0,0.0,1
278.301,0,0,0.0,0.0,1
278.301,0,0,0.0,0.0,1
278.401,0,0,0.0,0.0,1
278.401,0,0,0.0,0.0,1
278.401,0,0,0.0,0.0,1
278.401,0,0,0.0,0.0,1
278.501,0,0,0.0,0.0,1
278.501,0,0,0.0,0.0,1
278.501,0,0,0.0,0.0,1
278.601,0,0,0.0,0.0,1
278.601,0,0,0.0,0.0,1
278.601,0,0,0.0,0.0,1
278.601,0,0,0.0,0.0,1
278.701,0,0,0.0,0.0,1
278.701,0,0,0.0,0.0,1
278.701,0,0,0.0,0.0,1
278.801,0,0,0.0,0.0,1
278.801,0,0,0.0,0.0,1
278.801,0,0,0.0,0.0,1
278.801,0,0,0.0,0.0,1
278.901,0,0,0.0,0.0,1
278.901,0,0,0.0,0.0,1
278.901,0,0,0.0,0.0,1
279.001,0,0,0.0,0.0,1
279.001,0,0,0.0,0.0,1
279.001,0,0,0.0,0.0,1
279.001,0,0,0.0,0.0,1
279.101,0,0,0.0,0.0,1
279.101,0,0,0.0,0.0,1
279.101,0,0,0.0,0.0,1
279.101,0,0,0.0,0.0,1
279.201,0,0,0.0,0.0,1
279.201,0,0,0.0,0.0,1
279.201,0,0,0.0,0.0,1
279.301,0,0,0.0,0.0,1
279.301,0,0,0.0,0.0,1
279.301,0,0,0.0,0.0,1
279.301,0,0,0.0,0.0,1
279.401,0,0,0.0,0.0,1
279.401,0,0,0.0,0.0,1
279.401,0,0,0.0,0.0,1
279.501,0,0,0.0,0.0,1
279.501,0,0,0.0,0.0,1
279.501,0,0,0.0,0.0,1
279.501,0,0,0.0,0.0,1
279.601,0,0,0.0,0.0,1
279.601,0,0,0.0,0.0,1
279.601,0,0,0.0,0.0,1
279.701,0,0,0.0,0.0,1
279.701,0,0,0.0,0.0,1
279.701,0,0,0.0,0.0,1
279.701,0,0,0.0,0.0,1
279.801,0,0,0.0,0.0,1
279.801,0,0,0.0,0.0,1
279.801,0,0,0.0,0.0,1
279.901,0,0,0.0,0.0,1
279.901,0,0,0.0,0.0,1
279.901,0,0,0.0,0.0,1
279.901,0,0,0.0,0.0,1
280.001,0,0,0.0,0.0,1
280.001,0,0,0.0,0.0,1
280.001,0,0,0.0,0.0,1
280.001,0,0,0.0,0.0,1
280.101,0,0,0.0,0.0,1
280.101,0,0,0.0,0.0,1
280.101,0,0,0.0,0.0,1
280.201,0,0,0.0,0.0,1
280.201,0,0,0.0,0.0,1
280.201,0,0,0.0,0.0,1
280.201,0,0,0.0,0.0,1
280.301,0,0,0.0,0.0,1
280.301,0,0,0.0,0.0,1
280.301,0,0,0.0,0.0,1
280.401,0,0,0.0,0.0,1
280.401,0,0,0.0,0.0,1
280.401,0,0,0.0,0.0,1
280.401,0,0,0.0,0.0,1
280.501,0,0,0.0,0.0,1
280.501,0,0,0.0,0.0,1
280.501,0,0,0.0,0.0,1
280.601,0,0,0.0,0.0,1
280.601,0,0,0.0,0.0,1
280.601,0,0,0.0,0.0,1
280.601,0,0,0.0,0.0,1
280.701,0,0,0.0,0.0,1
280.701,0,0,0.0,0.0,1
280.701,0,0,0.0,0.0,1
280.701,0,0,0.0,0.0,1
280.801,0,0,0.0,0.0,1
280.801,0,0,0.0,0.0,1
280.801,0,0,0.0,0.0,1
280.901,0,0,0.0,0.0,1
280.901,0,0,0.0,0.0,1
280.901,0,0,0.0,0.0,1
280.901,0,0,0.0,0.0,1
281.001,0,0,0.0,0.0,1
281.001,0,0,0.0,0.0,1
281.001,0,0,0.0,0.0,1
281.101,0,0,0.0,0.0,1
281.101,0,0,0.0,0.0,1
281.101,0,0,0.0,0.0,1
281.101,0,0,0.0,0.0,1
281.201,0,0,0.0,0.0,1
281.201,0,0,0.0,0.0,1
281.201,0,0,0.0,0.0,1
281.301,0,0,0.0,0.0,1
281.301,0,0,0.0,0.0,1
281.301,0,0,0.0,0.0,1
281.301,0,0,0.0,0.0,1
281.401,0,0,0.0,0.0,1
281.401,0,0,0.0,0.0,1
281.401,0,0,0.0,0.0,1
281.401,0,0,0.0,0.0,1
281.501,0,0,0.0,0.0,1
281.501,0,0,0.0,0.0,1
281.501,0,0,0.0,0.0,1
281.601,0,0,0.0,0.0,1
281.601,0,0,0.0,0.0,1
281.601,0,0,0.0,0.0,1
281.601,0,0,0.0,0.0,1
281.701,0,0,0.0,0.0,1
281.701,0,0,0.0,0.0,1
281.701,0,0,0.0,0.0,1
281.801,0,0,0.0,0.0,1
281.801,0,0,0.0,0.0,1
281.801,0,0,0.0,0.0,1
281.801,0,0,0.0,0.0,1
281.901,0,0,0.0,0.0,1
281.901,0,0,0.0,0.0,1
281.901,0,0,0.0,0.0,1
282.001,0,0,0.0,0.0,1
282.001,0,0,0.0,0.0,1
282.001,0,0,0.0,0.0,1
282.001,0,0,0.0,0.0,1
282.101,0,0,0.0,0.0,1
282.101,0,0,0.0,0.0,1
282.101,0,0,0.0,0.0,1
282.201,0,0,0.0,0.0,1
282.201,0,0,0.0,0.0,1
282.201,0,0,0.0,0.0,1
282.201,0,0,0.0,0.0,1
282.301,0,0,0.0,0.0,1
282.301,0,0,0.0,0.0,1
282.301,0,0,0.0,0.0,1
282.301,0,0,0.0,0.0,1
282.401,0,0,0.0,0.0,1
282.401,0,0,0.0,0.0,1
282.401,0,0,0.0,0.0,1
282.501,0,0,0.0,0.0,1
282.501,0,0,0.0,0.0,1
282.501,0,0,0.0,0.0,1
282.501,0,0,0.0,0.0,1
282.601,0,0,0.0,0.0,1
282.601,0,0,0.0,0.0,1
282.601,0,0,0.0,0.0,1
282.701,0,0,0.0,0.0,1
282.701,0,0,0.0,0.0,1
282.701,0,0,0.0,0.0,1
282.701,0,0,0.0,0.0,1
282.801,0,0,0.0,0.0,1
282.801,0,0,0.0,0.0,1
282.801,0,0,0.0,0.0,1
282.901,0,0,0.0,0.0,1
282.901,0,0,0.0,0.0,1
282.901,0,0,0.0,0.0,1
282.901,0,0,0.0,0.0,1
283.001,0,0,0.0,0.0,1
283.001,0,0,0.0,0.0,1
283.001,0,0,0.0,0.0,1
283.101,0,0,0.0,0.0,1
283.101,0,0,0.0,0.0,1
283.101,0,0,0.0,0.0,1
283.101,0,0,0.0,0.0,1
283.201,0,0,0.0,0.0,1
283.201,0,0,0.0,0.0,1
283.201,0,0,0.0,0.0,1
283.201,0,0,0.0,0.0,1
283.301,0,0,0.0,0.0,1
283.301,0,0,0.0,0.0,1
283.301,0,0,0.0,0.0,1
283.401,0,0,0.0,0.0,1
283.401,0,0,0.0,0.0,1
283.401,0,0,0.0,0.0,1
283.401,0,0,0.0,0.0,1
283.501,0,0,0.0,0.0,1
283.501,0,0,0.0,0.0,1
283.501,0,0,0.0,0.0,1
283.601,0,0,0.0,0.0,1
283.601,0,0,0.0,0.0,1
283.601,0,0,0.0,0.0,1
283.601,0,0,0.0,0.0,1
283.701,0,0,0.0,0.0,1
283.701,0,0,0.0,0.0,1
283.701,0,0,0.0,0.0,1
283.801,0,0,0.0,0.0,1
283.801,0,0,0.0,0.0,1
283.801,0,0,0.0,0.0,1
283.801,0,0,0.0,0.0,1
283.901,0,0,0.0,0.0,1
283.901,0,0,0.0,0.0,1
283.901,0,0,0.0,0.0,1
283.901,0,0,0.0,0.0,1
284.001,0,0,0.0,0.0,1
284.001,0,0,0.0,0.0,1
284.001,0,0,0.0,0.0,1
284.101,0,0,0.0,0.0,1
284.101,0,0,0.0,0.0,1
284.101,0,0,0.0,0.0,1
284.101,0,0,0.0,0.0,1
284.201,0,0,0.0,0.0,1
284.201,0,0,0.0,0.0,1
284.201,0,0,0.0,0.0,1
284.301,0,0,0.0,0.0,1
284.301,0,0,0.0,0.0,1
284.301,0,0,0.0,0.0,1
284.301,0,0,0.0,0.0,1
284.401,0,0,0.0,0.0,1
284.401,0,0,0.0,0.0,1
284.401,0,0,0.0,0.0,1
284.501,0,0,0.0,0.0,1
284.501,0,0,0.0,0.0,1
284.501,0,0,0.0,0.0,1
284.501,0,0,0.0,0.0,1
284.601,0,0,0.0,0.0,1
284.601,0,0,0.0,0.0,1
284.601,0,0,0.0,0.0,1
284.601,0,0,0.0,0.0,1
284.701,0,0,0.0,0.0,1
284.701,0,0,0.0,0.0,1
284.701,0,0,0.0,0.0,1
284.801,0,0,0.0,0.0,1
284.801,0,0,0.0,0.0,1
284.801,0,0,0.0,0.0,1
284.801,0,0,0.0,0.0,1
284.901,0,0,0.0,0.0,1
284.901,0,0,0.0,0.0,1
284.901,0,0,0.0,0.0,1
285.001,0,0,0.0,0.0,1
285.001,0,0,0.0,0.0,1
285.001,0,0,0.0,0.0,1
285.001,0,0,0.0,0.0,1
285.101,0,0,0.0,0.0,1
285.101,0,0,0.0,0.0,1
285.101,0,0,0.0,0.0,1
285.201,0,0,0.0,0.0,1
285.201,0,0,0.0,0.0,1
285.201,0,0,0.0,0.0,1
285.201,0,0,0.0,0.0,1
285.301,0,0,0.0,0.0,1
285.301,0,0,0.0,0.0,1
285.301,0,0,0.0,0.0,1
285.301,0,0,0.0,0.0,1
285.401,0,0,0.0,0.0,1
285.401,0,0,0.0,0.0,1
285.401,0,0,0.0,0.0,1
285.501,0,0,0.0,0.0,1
285.501,0,0,0.0,0.0,1
285.501,0,0,0.0,0.0,1
285.501,0,0,0.0,0.0,1
285.601,0,0,0.0,0.0,1
285.601,0,0,0.0,0.0,1
285.601,0,0,0.0,0.0,1
285.701,0,0,0.0,0.0,1
285.701,0,0,0.0,0.0,1
285.701,0,0,0.0,0.0,1
285.701,0,0,0.0,0.0,1
285.801,0,0,0.0,0.0,1
285.801,0,0,0.0,0.0,1
285.801,0,0,0.0,0.0,1
285.901,0,0,0.0,0.0,1
285.901,0,0,0.0,0.0,1
285.901,0,0,0.0,0.0,1
285.901,0,0,0.0,0.0,1
286.001,0,0,0.0,0.0,1
286.001,0,0,0.0,0.0,1
286.001,0,0,0.0,0.0,1
286.101,0,0,0.0,0.0,1
286.101,0,0,0.0,0.0,1
286.101,0,0,0.0,0.0,1
286.101,0,0,0.0,0.0,1
286.201,0,0,0.0,0.0,1
286.201,0,0,0.0,0.0,1
286.201,0,0,0.0,0.0,1
286.201,0,0,0.0,0.0,1
286.301,0,0,0.0,0.0,1
286.301,0,0,0.0,0.0,1
286.301,0,0,0.0,0.0,1
286.401,0,0,0.0,0.0,1
286.401,0,0,0.0,0.0,1
286.401,0,0,0.0,0.0,1
286.401,0,0,0.0,0.0,1
286.501,0,0,0.0,0.0,1
286.501,0,0,0.0,0.0,1
286.501,0,0,0.0,0.0,1
286.601,0,0,0.0,0.0,1
286.601,0,0,0.0,0.0,1
286.601,0,0,0.0,0.0,1
286.601,0,0,0.0,0.0,1
286.701,0,0,0.0,0.0,1
286.701,0,0,0.0,0.0,1
286.701,0,0,0.0,0.0,1
286.801,0,0,0.0,0.0,1
286.801,0,0,0.0,0.0,1
286.801,0,0,0.0,0.0,1
286.801,0,0,0.0,0.0,1
286.901,0,0,0.0,0.0,1
286.901,0,0,0.0,0.0,1
286.901,0,0,0.0,0.0,1
286.901,0,0,0.0,0.0,1
287.001,0,0,0.0,0.0,1
287.001,0,0,0.0,0.0,1
287.001,0,0,0.0,0.0,1
287.101,0,0,0.0,0.0,1
287.101,0,0,0.0,0.0,1
287.101,0,0,0.0,0.0,1
287.101,0,0,0.0,0.0,1
287.201,0,0,0.0,0.0,1
287.201,0,0,0.0,0.0,1
287.201,0,0,0.0,0.0,1
287.301,0,0,0.0,0.0,1
287.301,0,0,0.0,0.0,1
287.301,0,0,0.0,0.0,1
287.301,0,0,0.0,0.0,1
287.401,0,0,0.0,0.0,1
287.401,0,0,0.0,0.0,1
287.401,0,0,0.0,0.0,1
287.501,0,0,0.0,0.0,1
287.501,0,0,0.0,0.0,1
287.501,0,0,0.0,0.0,1
287.501,0,0,0.0,0.0,1
287.601,0,0,0.0,0.0,1
287.601,0,0,0.0,0.0,1
287.601,0,0,0.0,0.0,1
287.601,0,0,0.0,0.0,1
287.701,0,0,0.0,0.0,1
287.701,0,0,0.0,0.0,1
287.701,0,0,0.0,0.0,1
287.801,0,0,0.0,0.0,1
287.801,0,0,0.0,0.0,1
287.801,0,0,0.0,0.0,1
287.801,0,0,0.0,0.0,1
287.901,0,0,0.0,0.0,1
287.901,0,0,0.0,0.0,1
287.901,0,0,0.0,0.0,1
288.001,0,0,0.0,0.0,1
288.001,0,0,0.0,0.0,1
288.001,0,0,0.0,0.0,1
288.001,0,0,0.0,0.0,1
288.101,0,0,0.0,0.0,1
288.101,0,0,0.0,0.0,1
288.101,0,0,0.0,0.0,1
288.201,0,0,0.0,0.0,1
288.201,0,0,0.0,0.0,1
288.201,0,0,0.0,0.0,1
288.201,0,0,0.0,0.0,1
288.301,0,0,0.0,0.0,1
288.301,0,0,0.0,0.0,1
288.301,0,0,0.0,0.0,1
288.401,0,0,0.0,0.0,1
288.401,0,0,0.0,0.0,1
288.401,0,0,0.0,0.0,1
288.401,0,0,0.0,0.0,1
288.501,0,0,0.0,0.0,1
288.501,0,0,0.0,0.0,1
288.501,0,0,0.0,0.0,1
288.501,0,0,0.0,0.0,1
288.601,0,0,0.0,0.0,1
288.601,0,0,0.0,0.0,1
288.601,0,0,0.0,0.0,1
288.701,0,0,0.0,0.0,1
288.701,0,0,0.0,0.0,1
288.701,0,0,0.0,0.0,1
288.701,0,0,0.0,0.0,1
288.801,0,0,0.0,0.0,1
288.801,0,0,0.0,0.0,1
288.801,0,0,0.0,0.0,1
288.901,0,0,0.0,0.0,1
288.901,0,0,0.0,0.0,1
288.901,0,0,0.0,0.0,1
288.901,0,0,0.0,0.0,1
289.001,0,0,0.0,0.0,1
289.001,0,0,0.0,0.0,1
289.001,0,0,0.0,0.0,1
289.101,0,0,0.0,0.0,1
289.101,0,0,0.0,0.0,1
289.101,0,0,0.0,0.0,1
289.101,0,0,0.0,0.0,1
289.201,0,0,0.0,0.0,1
289.201,0,0,0.0,0.0,1
289.201,0,0,0.0,0.0,1
289.201,0,0,0.0,0.0,1
289.301,0,0,0.0,0.0,1
289.301,0,0,0.0,0.0,1
289.301,0,0,0.0,0.0,1
289.401,0,0,0.0,0.0,1
289.401,0,0,0.0,0.0,1
289.401,0,0,0.0,0.0,1
289.401,0,0,0.0,0.0,1
289.501,0,0,0.0,0.0,1
289.501,0,0,0.0,0.0,1
289.501,0,0,0.0,0.0,1
289.601,0,0,0.0,0.0,1
289.601,0,0,0.0,0.0,1
289.601,0,0,0.0,0.0,1
289.601,0,0,0.0,0.0,1
289.701,0,0,0.0,0.0,1
289.701,0,0,0.0,0.0,1
289.701,0,0,0.0,0.0,1
289.801,0,0,0.0,0.0,1
289.801,0,0,0.0,0.0,1
289.801,0,0,0.0,0.0,1
289.801,0,0,0.0,0.0,1
289.901,0,0,0.0,0.0,1
289.901,0,0,0.0,0.0,1
289.901,0,0,0.0,0.0,1
289.901,0,0,0.0,0.0,1
290.001,0,0,0.0,0.0,1
290.001,0,0,0.0,0.0,1
290.001,0,0,0.0,0.0,1
290.101,0,0,0.0,0.0,1
290.101,0,0,0.0,0.0,1
290.101,0,0,0.0,0.0,1
290.101,0,0,0.0,0.0,1
290.201,0,0,0.0,0.0,1
290.201,0,0,0.0,0.0,1
290.201,0,0,0.0,0.0,1
290.301,0,0,0.0,0.0,1
290.301,0,0,0.0,0.0,1
290.301,0,0,0.0,0.0,1
290.301,0,0,0.0,0.0,1
290.401,0,0,0.0,0.0,1
290.401,0,0,0.0,0.0,1
290.401,0,0,0.0,0.0,1
290.501,0,0,0.0,0.0,1
290.501,0,0,0.0,0.0,1
290.501,0,0,0.0,0.0,1
290.501,0,0,0.0,0.0,1
290.601,0,0,0.0,0.0,1
290.601,0,0,0.0,0.0,1
290.601,0,0,0.0,0.0,1
290.701,0,0,0.0,0.0,1
290.701,0,0,0.0,0.0,1
290.701,0,0,0.0,0.0,1
290.701,0,0,0.0,0.0,1
290.801,0,0,0.0,0.0,1
290.801,0,0,0.0,0.0,1
290.801,0,0,0.0,0.0,1
290.801,0,0,0.0,0.0,1
290.901,0,0,0.0,0.0,1
290.901,0,0,0.0,0.0,1
290.901,0,0,0.0,0.0,1
291.001,0,0,0.0,0.0,1
291.001,0,0,0.0,0.0,1
291.001,0,0,0.0,0.0,1
291.001,0,0,0.0,0.0,1
291.101,0,0,0.0,0.0,1
291.101,0,0,0.0,0.0,1
291.101,0,0,0.0,0.0,1
291.201,0,0,0.0,0.0,1
291.201,0,0,0.0,0.0,1
291.201,0,0,0.0,0.0,1
291.201,0,0,0.0,0.0,1
291.301,0,0,0.0,0.0,1
291.301,0,0,0.0,0.0,1
291.301,0,0,0.0,0.0,1
291.401,0,0,0.0,0.0,1
291.401,0,0,0.0,0.0,1
291.401,0,0,0.0,0.0,1
291.401,0,0,0.0,0.0,1
291.501,0,0,0.0,0.0,1
291.501,0,0,0.0,0.0,1
291.501,0,0,0.0,0.0,1
291.501,0,0,0.0,0.0,1
291.601,0,0,0.0,0.0,1
291.601,0,0,0.0,0.0,1
291.601,0,0,0.0,0.0,1
291.701,0,0,0.0,0.0,1
291.701,0,0,0.0,0.0,1
291.701,0,0,0.0,0.0,1
291.701,0,0,0.0,0.0,1
291.801,0,0,0.0,0.0,1
291.801,0,0,0.0,0.0,1
291.801,0,0,0.0,0.0,1
291.901,0,0,0.0,0.0,1
291.901,0,0,0.0,0.0,1
291.901,0,0,0.0,0.0,1
291.901,0,0,0.0,0.0,1
292.001,0,0,0.0,0.0,1
292.001,0,0,0.0,0.0,1
292.001,0,0,0.0,0.0,1
292.101,0,0,0.0,0.0,1
292.101,0,0,0.0,0.0,1
292.101,0,0,0.0,0.0,1
292.101,0,0,0.0,0.0,1
292.201,0,0,0.0,0.0,1
292.201,0,0,0.0,0.0,1
292.201,0,0,0.0,0.0,1
292.201,0,0,0.0,0.0,1
292.301,0,0,0.0,0.0,1
292.301,0,0,0.0,0.0,1
292.301,0,0,0.0,0.0,1
292.401,0,0,0.0,0.0,1
292.401,0,0,0.0,0.0,1
292.401,0,0,0.0,0.0,1
292.401,0,0,0.0,0.0,1
292.501,0,0,0.0,0.0,1
292.501,0,0,0.0,0.0,1
292.501,0,0,0.0,0.0,1
292.601,0,0,0.0,0.0,1
292.601,0,0,0.0,0.0,1
292.601,0,0,0.0,0.0,1
292.601,0,0,0.0,0.0,1
292.701,0,0,0.0,0.0,1
292.701,0,0,0.0,0.0,1
292.701,0,0,0.0,0.0,1
292.801,0,0,0.0,0.0,1
292.801,0,0,0.0,0.0,1
292.801,0,0,0.0,0.0,1
292.801,0,0,0.0,0.0,1
292.901,0,0,0.0,0.0,1
292.901,0,0,0.0,0.0,1
292.901,0,0,0.0,0.0,1
293.001,0,0,0.0,0.0,1
293.001,0,0,0.0,0.0,1
293.001,0,0,0.0,0.0,1
293.001,0,0,0.0,0.0,1
293.101,0,0,0.0,0.0,1
293.101,0,0,0.0,0.0,1
293.101,0,0,0.0,0.0,1
293.101,0,0,0.0,0.0,1
293.201,0,0,0.0,0.0,1
293.201,0,0,0.0,0.0,1
293.201,0,0,0.0,0.0,1
293.301,0,0,0.0,0.0,1
293.301,0,0,0.0,0.0,1
293.301,0,0,0.0,0.0,1
293.301,0,0,0.0,0.0,1
293.401,0,0,0.0,0.0,1
293.401,0,0,0.0,0.0,1
293.401,0,0,0.0,0.0,1
293.501,0,0,0.0,0.0,1
293.501,0,0,0.0,0.0,1
293.501,0,0,0.0,0.0,1
293.501,0,0,0.0,0.0,1
293.601,0,0,0.0,0.0,1
293.601,0,0,0.0,0.0,1
293.601,0,0,0.0,0.0,1
293.701,0,0,0.0,0.0,1
293.701,0,0,0.0,0.0,1
293.701,0,0,0.0,0.0,1
293.701,0,0,0.0,0.0,1
293.801,0,0,0.0,0.0,1
293.801,0,0,0.0,0.0,1
293.801,0,0,0.0,0.0,1
293.801,0,0,0.0,0.0,1
293.901,0,0,0.0,0.0,1
293.901,0,0,0.0,0.0,1
293.901,0,0,0.0,0.0,1
294.001,0,0,0.0,0.0,1
294.001,0,0,0.0,0.0,1
294.001,0,0,0.0,0.0,1
294.001,0,0,0.0,0.0,1
294.101,0,0,0.0,0.0,1
294.101,0,0,0.0,0.0,1
294.101,0,0,0.0,0.0,1
294.201,0,0,0.0,0.0,1
294.201,0,0,0.0,0.0,1
294.201,0,0,0.0,0.0,1
294.201,0,0,0.0,0.0,1
294.301,0,0,0.0,0.0,1
294.301,0,0,0.0,0.0,1
294.301,0,0,0.0,0.0,1
294.401,0,0,0.0,0.0,1
294.401,0,0,0.0,0.0,1
294.401,0,0,0.0,0.0,1
294.401,0,0,0.0,0.0,1
294.501,0,0,0.0,0.0,1
294.501,0,0,0.0,0.0,1
294.501,0,0,0.0,0.0,1
294.601,0,0,0.0,0.0,1
294.601,0,0,0.0,0.0,1
294.601,0,0,0.0,0.0,1
294.601,0,0,0.0,0.0,1
294.701,0,0,0.0,0.0,1
294.701,0,0,0.0,0.0,1
294.701,0,0,0.0,0.0,1
294.701,0,0,0.0,0.0,1
294.801,0,0,0.0,0.0,1
294.801,0,0,0.0,0.0,1
294.801,0,0,0.0,0.0,1
294.901,0,0,0.0,0.0,1
294.901,0,0,0.0,0.0,1
294.901,0,0,0.0,0.0,1
294.901,0,0,0.0,0.0,1
295.001,0,0,0.0,0.0,1
295.001,0,0,0.0,0.0,1
295.001,0,0,0.0,0.0,1
295.101,0,0,0.0,0.0,1
295.101,0,0,0.0,0.0,1
295.101,0,0,0.0,0.0,1
295.101,0,0,0.0,0.0,1
295.201,0,0,0.0,0.0,1
295.201,0,0,0.0,0.0,1
295.201,0,0,0.0,0.0,1
295.301,0,0,0.0,0.0,1
295.301,0,0,0.0,0.0,1
295.301,0,0,0.0,0.0,1
295.301,0,0,0.0,0.0,1
295.401,0,0,0.0,0.0,1
295.401,0,0,0.0,0.0,1
295.401,0,0,0.0,0.0,1
295.401,0,0,0.0,0.0,1
295.501,0,0,0.0,0.0,1
295.501,0,0,0.0,0.0,1
295.501,0,0,0.0,0.0,1
295.601,0,0,0.0,0.0,1
295.601,0,0,0.0,0.0,1
295.601,0,0,0.0,0.0,1
295.601,0,0,0.0,0.0,1
295.701,0,0,0.0,0.0,1
295.701,0,0,0.0,0.0,1
295.701,0,0,0.0,0.0,1
295.801,0,0,0.0,0.0,1
295.801,0,0,0.0,0.0,1
295.801,0,0,0.0,0.0,1
295.801,0,0,0.0,0.0,1
295.901,0,0,0.0,0.0,1
295.901,0,0,0.0,0.0,1
295.901,0,0,0.0,0.0,1
296.001,0,0,0.0,0.0,1
296.001,0,0,0.0,0.0,1
296.001,0,0,0.0,0.0,1
296.001,0,0,0.0,0.0,1
296.101,0,0,0.0,0.0,1
296.101,0,0,0.0,0.0,1
296.101,0,0,0.0,0.0,1
296.101,0,0,0.0,0.0,1
296.201,0,0,0.0,0.0,1
296.201,0,0,0.0,0.0,1
296.201,0,0,0.0,0.0,1
296.301,0,0,0.0,0.0,1
296.301,0,0,0.0,0.0,1
296.301,0,0,0.0,0.0,1
296.301,0,0,0.0,0.0,1
296.401,0,0,0.0,0.0,1
296.401,0,0,0.0,0.0,1
296.401,0,0,0.0,0.0,1
296.501,0,0,0.0,0.0,1
296.501,0,0,0.0,0.0,1
296.501,0,0,0.0,0.0,1
296.501,0,0,0.0,0.0,1
296.601,0,0,0.0,0.0,1
296.601,0,0,0.0,0.0,1
296.601,0,0,0.0,0.0,1
296.701,0,0,0.0,0.0,1
296.701,0,0,0.0,0.0,1
296.701,0,0,0.0,0.0,1
296.701,0,0,0.0,0.0,1
296.801,0,0,0.0,0.0,1
296.801,0,0,0.0,0.0,1
296.801,0,0,0.0,0.0,1
296.901,0,0,0.0,0.0,1
296.901,0,0,0.0,0.0,1
296.901,0,0,0.0,0.0,1
296.901,0,0,0.0,0.0,1
297.001,0,0,0.0,0.0,1
297.001,0,0,0.0,0.0,1
297.001,0,0,0.0,0.0,1
297.001,0,0,0.0,0.0,1
297.101,0,0,0.0,0.0,1
297.101,0,0,0.0,0.0,1
297.101,0,0,0.0,0.0,1
297.201,0,0,0.0,0.0,1
297.201,0,0,0.0,0.0,1
297.201,0,0,0.0,0.0,1
297.201,0,0,0.0,0.0,1
297.301,0,0,0.0,0.0,1
297.301,0,0,0.0,0.0,1
297.301,0,0,0.0,0.0,1
297.401,0,0,0.0,0.0,1
297.401,0,0,0.0,0.0,1
297.401,0,0,0.0,0.0,1
297.401,0,0,0.0,0.0,1
297.501,0,0,0.0,0.0,1
297.501,0,0,0.0,0.0,1
297.501,0,0,0.0,0.0,1
297.601,0,0,0.0,0.0,1
297.601,0,0,0.0,0.0,1
297.601,0,0,0.0,0.0,1
297.601,0,0,0.0,0.0,1
297.701,0,0,0.0,0.0,1
297.701,0,0,0.0,0.0,1
297.701,0,0,0.0,0.0,1
297.701,0,0,0.0,0.0,1
297.801,0,0,0.0,0.0,1
297.801,0,0,0.0,0.0,1
297.801,0,0,0.0,0.0,1
297.901,0,0,0.0,0.0,1
297.901,0,0,0.0,0.0,1
297.901,0,0,0.0,0.0,1
297.901,0,0,0.0,0.0,1
298.001,0,0,0.0,0.0,1
298.001,0,0,0.0,0.0,1
298.001,0,0,0.0,0.0,1
298.101,0,0,0.0,0.0,1
298.101,0,0,0.0,0.0,1
298.101,0,0,0.0,0.0,1
298.101,0,0,0.0,0.0,1
298.201,0,0,0.0,0.0,1
298.201,0,0,0.0,0.0,1
298.201,0,0,0.0,0.0,1
298.301,0,0,0.0,0.0,1
298.301,0,0,0.0,0.0,1
298.301,0,0,0.0,0.0,1
298.301,0,0,0.0,0.0,1
298.401,0,0,0.0,0.0,1
298.401,0,0,0.0,0.0,1
298.401,0,0,0.0,0.0,1
298.501,0,0,0.0,0.0,1
298.501,0,0,0.0,0.0,1
298.501,0,0,0.0,0.0,1
298.501,0,0,0.0,0.0,1
298.601,0,0,0.0,0.0,1
298.601,0,0,0.0,0.0,1
298.601,0,0,0.0,0.0,1
298.601,0,0,0.0,0.0,1
298.701,0,0,0.0,0.0,1
298.701,0,0,0.0,0.0,1
298.701,0,0,0.0,0.0,1
298.801,0,0,0.0,0.0,1
298.801,0,0,0.0,0.0,1
298.801,0,0,0.0,0.0,1
298.801,0,0,0.0,0.0,1
298.901,0,0,0.0,0.0,1
298.901,0,0,0.0,0.0,1
298.901,0,0,0.0,0.0,1
299.001,0,0,0.0,0.0,1
299.001,0,0,0.0,0.0,1
299.001,0,0,0.0,0.0,1
299.001,0,0,0.0,0.0,1
299.101,0,0,0.0,0.0,1
299.101,0,0,0.0,0.0,1
299.101,0,0,0.0,0.0,1
299.201,0,0,0.0,0.0,1
299.201,0,0,0.0,0.0,1
299.201,0,0,0.0,0.0,1
299.201,0,0,0.0,0.0,1
299.301,0,0,0.0,0.0,1
299.301,0,0,0.0,0.0,1
299.301,0,0,0.0,0.0,1
299.301,0,0,0.0,0.0,1
299.401,0,0,0.0,0.0,1
299.401,0,0,0.0,0.0,1
299.401,0,0,0.0,0.0,1
299.501,0,0,0.0,0.0,1
299.501,0,0,0.0,0.0,1
299.501,0,0,0.0,0.0,1
299.501,0,0,0.0,0.0,1
299.601,0,0,0.0,0.0,1
299.601,0,0,0.0,0.0,1
299.601,0,0,0.0,0.0,1
299.701,0,0,0.0,0.0,1
299.701,0,0,0.0,0.0,1
299.701,0,0,0.0,0.0,1
299.701,0,0,0.0,0.0,1
299.801,0,0,0.0,0.0,1
299.801,0,0,0.0,0.0,1
299.801,0,0,0.0,0.0,1
299.901,0,0,0.0,0.0,1
299.901,0,0,0.0,0.0,1
299.901,0,0,0.0,0.0,1
299.901,0,0,0.0,0.0,1
300.001,0,0,0.0,0.0,1
300.001,0,0,0.0,0.0,1
300.001,0,0,0.0,0.0,1
300.001,0,0,0.0,0.0,1
300.101,0,0,0.0,0.0,1
300.101,0,0,0.0,0.0,1
300.101,0,0,0.0,0.0,1
300.201,0,0,0.0,0.0,1
300.201,0,0,0.0,0.0,1
300.201,0,0,0.0,0.0,1
300.201,0,0,0.0,0.0,1
300.301,0,0,0.0,0.0,1
300.301,0,0,0.0,0.0,1
300.301,0,0,0.0,0.0,1
300.401,0,0,0.0,0.0,1
300.401,0,0,0.0,0.0,1
300.401,0,0,0.0,0.0,1
300.401,0,0,0.0,0.0,1
300.501,0,0,0.0,0.0,1
300.501,0,0,0.0,0.0,1
300.501,0,0,0.0,0.0,1
300.601,0,0,0.0,0.0,1
300.601,0,0,0.0,0.0,1
300.601,0,0,0.0,0.0,1
300.601,0,0,0.0,0.0,1
300.701,0,0,0.0,0.0,1
300.701,0,0,0.0,0.0,1
300.701,0,0,0.0,0.0,1
300.701,0,0,0.0,0.0,1
300.801,0,0,0.0,0.0,1
300.801,0,0,0.0,0.0,1
300.801,0,0,0.0,0.0,1
300.901,0,0,0.0,0.0,1
300.901,0,0,0.0,0.0,1
300.901,0,0,0.0,0.0,1
300.901,0,0,0.0,0.0,1
301.001,0,0,0.0,0.0,1
301.001,0,0,0.0,0.0,1
301.001,0,0,0.0,0.0,1
301.101,0,0,0.0,0.0,1
301.101,0,0,0.0,0.0,1
301.101,0,0,0.0,0.0,1
301.101,0,0,0.0,0.0,1
301.201,0,0,0.0,0.0,1
301.201,0,0,0.0,0.0,1
301.201,0,0,0.0,0.0,1
301.301,0,0,0.0,0.0,1
301.301,0,0,0.0,0.0,1
301.301,0,0,0.0,0.0,1
301.301,0,0,0.0,0.0,1
301.401,0,0,0.0,0.0,1
301.401,0,0,0.0,0.0,1
301.401,0,0,0.0,0.0,1
301.501,0,0,0.0,0.0,1
301.501,0,0,0.0,0.0,1
301.501,0,0,0.0,0.0,1
301.501,0,0,0.0,0.0,1
301.601,0,0,0.0,0.0,1
301.601,0,0,0.0,0.0,1
301.601,0,0,0.0,0.0,1
301.601,0,0,0.0,0.0,1
301.701,0,0,0.0,0.0,1
301.701,0,0,0.0,0.0,1
301.701,0,0,0.0,0.0,1
301.801,0,0,0.0,0.0,1
301.801,0,0,0.0,0.0,1
301.801,0,0,0.0,0.0,1
301.801,0,0,0.0,0.0,1
301.901,0,0,0.0,0.0,1
301.901,0,0,0.0,0.0,1
301.901,0,0,0.0,0.0,1
302.001,0,0,0.0,0.0,1
302.001,0,0,0.0,0.0,1
302.001,0,0,0.0,0.0,1
302.001,0,0,0.0,0.0,1
302.101,0,0,0.0,0.0,1
302.101,0,0,0.0,0.0,1
302.101,0,0,0.0,0.0,1
302.201,0,0,0.0,0.0,1
302.201,0,0,0.0,0.0,1
302.201,0,0,0.0,0.0,1
302.201,0,0,0.0,0.0,1
302.301,0,0,0.0,0.0,1
302.301,0,0,0.0,0.0,1
302.301,0,0,0.0,0.0,1
302.301,0,0,0.0,0.0,1
302.401,0,0,0.0,0.0,1
302.401,0,0,0.0,0.0,1
302.401,0,0,0.0,0.0,1
302.501,0,0,0.0,0.0,1
302.501,0,0,0.0,0.0,1
302.501,0,0,0.0,0.0,1
302.501,0,0,0.0,0.0,1
302.601,0,0,0.0,0.0,1
302.601,0,0,0.0,0.0,1
302.601,0,0,0.0,0.0,1
302.701,0,0,0.0,0.0,1
302.701,0,0,0.0,0.0,1
302.701,0,0,0.0,0.0,1
302.701,0,0,0.0,0.0,1
302.801,0,0,0.0,0.0,1
302.801,0,0,0.0,0.0,1
302.801,0,0,0.0,0.0,1
302.901,0,0,0.0,0.0,1
302.901,0,0,0.0,0.0,1
302.901,0,0,0.0,0.0,1
302.901,0,0,0.0,0.0,1
303.001,0,0,0.0,0.0,1
303.001,0,0,0.0,0.0,1
303.001,0,0,0.0,0.0,1
303.101,0,0,0.0,0.0,1
303.101,0,0,0.0,0.0,1
303.101,0,0,0.0,0.0,1
303.101,0,0,0.0,0.0,1
303.201,0,0,0.0,0.0,1
303.201,0,0,0.0,0.0,1
303.201,0,0,0.0,0.0,1
303.201,0,0,0.0,0.0,1
303.301,0,0,0.0,0.0,1
303.301,0,0,0.0,0.0,1
303.301,0,0,0.0,0.0,1
303.401,0,0,0.0,0.0,1
303.401,0,0,0.0,0.0,1
303.401,0,0,0.0,0.0,1
303.401,0,0,0.0,0.0,1
303.501,0,0,0.0,0.0,1
303.501,0,0,0.0,0.0,1
303.501,0,0,0.0,0.0,1
303.601,0,0,0.0,0.0,1
303.601,0,0,0.0,0.0,1
303.601,0,0,0.0,0.0,1
303.601,0,0,0.0,0.0,1
303.701,0,0,0.0,0.0,1
303.701,0,0,0.0,0.0,1
303.701,0,0,0.0,0.0,1
303.801,0,0,0.0,0.0,1
303.801,0,0,0.0,0.0,1
303.801,0,0,0.0,0.0,1
303.801,0,0,0.0,0.0,1
303.901,0,0,0.0,0.0,1
303.901,0,0,0.0,0.0,1
303.901,0,0,0.0,0.0,1
303.901,0,0,0.0,0.0,1
304.001,0,0,0.0,0.0,1
304.001,0,0,0.0,0.0,1
304.001,0,0,0.0,0.0,1
304.101,0,0,0.0,0.0,1
304.101,0,0,0.0,0.0,1
304.101,0,0,0.0,0.0,1
304.101,0,0,0.0,0.0,1
304.201,0,0,0.0,0.0,1
304.201,0,0,0.0,0.0,1
304.201,0,0,0.0,0.0,1
304.301,0,0,0.0,0.0,1
304.301,0,0,0.0,0.0,1
304.301,0,0,0.0,0.0,1
304.301,0,0,0.0,0.0,1
304.401,0,0,0.0,0.0,1
304.401,0,0,0.0,0.0,1
304.401,0,0,0.0,0.0,1
304.501,0,0,0.0,0.0,1
304.501,0,0,0.0,0.0,1
304.501,0,0,0.0,0.0,1
304.501,0,0,0.0,0.0,1
304.601,0,0,0.0,0.0,1
304.601,0,0,0.0,0.0,1
304.601,0,0,0.0,0.0,1
304.601,0,0,0.0,0.0,1
304.701,0,0,0.0,0.0,1
304.701,0,0,0.0,0.0,1
304.701,0,0,0.0,0.0,1
304.801,0,0,0.0,0.0,1
304.801,0,0,0.0,0.0,1
304.801,0,0,0.0,0.0,1
304.801,0,0,0.0,0.0,1
304.901,0,0,0.0,0.0,1
304.901,0,0,0.0,0.0,1
304.901,0,0,0.0,0.0,1
305.001,0,0,0.0,0.0,1
305.001,0,0,0.0,0.0,1
305.001,0,0,0.0,0.0,1
305.001,0,0,0.0,0.0,1
305.101,0,0,0.0,0.0,1
305.101,0,0,0.0,0.0,1
305.101,0,0,0.0,0.0,1
305.201,0,0,0.0,0.0,1
305.201,0,0,0.0,0.0,1
305.201,0,0,0.0,0.0,1
305.201,0,0,0.0,0.0,1
305.301,0,0,0.0,0.0,1
305.301,0,0,0.0,0.0,1
305.301,0,0,0.0,0.0,1
305.401,0,0,0.0,0.0,1
305.401,0,0,0.0,0.0,1
305.401,0,0,0.0,0.0,1
305.401,0,0,0.0,0.0,1
305.501,0,0,0.0,0.0,1
305.501,0,0,0.0,0.0,1
305.501,0,0,0.0,0.0,1
305.501,0,0,0.0,0.0,1
305.601,0,0,0.0,0.0,1
305.601,0,0,0.0,0.0,1
305.601,0,0,0.0,0.0,1
305.701,0,0,0.0,0.0,1
305.701,0,0,0.0,0.0,1
305.701,0,0,0.0,0.0,1
305.701,0,0,0.0,0.0,1
305.801,0,0,0.0,0.0,1
305.801,0,0,0.0,0.0,1
305.801,0,0,0.0,0.0,1
305.901,0,0,0.0,0.0,1
305.901,0,0,0.0,0.0,1
305.901,0,0,0.0,0.0,1
305.901,0,0,0.0,0.0,1
306.001,0,0,0.0,0.0,1
306.001,0,0,0.0,0.0,1
306.001,0,0,0.0,0.0,1
306.101,0,0,0.0,0.0,1
306.101,0,0,0.0,0.0,1
306.101,0,0,0.0,0.0,1
306.101,0,0,0.0,0.0,1
306.201,0,0,0.0,0.0,1
306.201,0,0,0.0,0.0,1
306.201,0,0,0.0,0.0,1
306.201,0,0,0.0,0.0,1
306.301,0,0,0.0,0.0,1
306.301,0,0,0.0,0.0,1
306.301,0,0,0.0,0.0,1
306.401,0,0,0.0,0.0,1
306.401,0,0,0.0,0.0,1
306.401,0,0,0.0,0.0,1
306.401,0,0,0.0,0.0,1
306.501,0,0,0.0,0.0,1
306.501,0,0,0.0,0.0,1
306.501,0,0,0.0,0.0,1
306.601,0,0,0.0,0.0,1
306.601,0,0,0.0,0.0,1
306.601,0,0,0.0,0.0,1
306.601,0,0,0.0,0.0,1
306.701,0,0,0.0,0.0,1
306.701,0,0,0.0,0.0,1
306.701,0,0,0.0,0.0,1
306.801,0,0,0.0,0.0,1
306.801,0,0,0.0,0.0,1
306.801,0,0,0.0,0.0,1
306.801,0,0,0.0,0.0,1
306.901,0,0,0.0,0.0,1
306.901,0,0,0.0,0.0,1
306.901,0,0,0.0,0.0,1
307.001,0,0,0.0,0.0,1
307.001,0,0,0.0,0.0,1
307.001,0,0,0.0,0.0,1
307.001,0,0,0.0,0.0,1
307.101,0,0,0.0,0.0,1
307.101,0,0,0.0,0.0,1
307.101,0,0,0.0,0.0,1
307.101,0,0,0.0,0.0,1
307.201,0,0,0.0,0.0,1
307.201,0,0,0.0,0.0,1
307.201,0,0,0.0,0.0,1
307.301,0,0,0.0,0.0,1
307.301,0,0,0.0,0.0,1
307.301,0,0,0.0,0.0,1
307.301,0,0,0.0,0.0,1
307.401,0,0,0.0,0.0,1
307.401,0,0,0.0,0.0,1
307.401,0,0,0.0,0.0,1
307.501,0,0,0.0,0.0,1
307.501,0,0,0.0,0.0,1
307.501,0,0,0.0,0.0,1
307.501,0,0,0.0,0.0,1
307.601,0,0,0.0,0.0,1
307.601,0,0,0.0,0.0,1
307.601,0,0,0.0,0.0,1
307.701,0,0,0.0,0.0,1
307.701,0,0,0.0,0.0,1
307.701,0,0,0.0,0.0,1
307.701,0,0,0.0,0.0,1
307.801,0,0,0.0,0.0,1
307.801,0,0,0.0,0.0,1
307.801,0,0,0.0,0.0,1
307.801,0,0,0.0,0.0,1
307.901,0,0,0.0,0.0,1
307.901,0,0,0.0,0.0,1
307.901,0,0,0.0,0.0,1
308.001,0,0,0.0,0.0,1
308.001,0,0,0.0,0.0,1
308.001,0,0,0.0,0.0,1
308.001,0,0,0.0,0.0,1
308.101,0,0,0.0,0.0,1
308.101,0,0,0.0,0.0,1
308.101,0,0,0.0,0.0,1
308.201,0,0,0.0,0.0,1
308.201,0,0,0.0,0.0,1
308.201,0,0,0.0,0.0,1
308.201,0,0,0.0,0.0,1
308.301,0,0,0.0,0.0,1
308.301,0,0,0.0,0.0,1
308.301,0,0,0.0,0.0,1
308.401,0,0,0.0,0.0,1
308.401,0,0,0.0,0.0,1
308.401,0,0,0.0,0.0,1
308.401,0,0,0.0,0.0,1
308.501,0,0,0.0,0.0,1
308.501,0,0,0.0,0.0,1
308.501,0,0,0.0,0.0,1
308.501,0,0,0.0,0.0,1
308.601,0,0,0.0,0.0,1
308.601,0,0,0.0,0.0,1
308.601,0,0,0.0,0.0,1
308.701,0,0,0.0,0.0,1
308.701,0,0,0.0,0.0,1
308.701,0,0,0.0,0.0,1
308.701,0,0,0.0,0.0,1
308.801,0,0,0.0,0.0,1
308.801,0,0,0.0,0.0,1
308.801,0,0,0.0,0.0,1
308.901,0,0,0.0,0.0,1
308.901,0,0,0.0,0.0,1
308.901,0,0,0.0,0.0,1
308.901,0,0,0.0,0.0,1
309.001,0,0,0.0,0.0,1
309.001,0,0,0.0,0.0,1
309.001,0,0,0.0,0.0,1
309.101,0,0,0.0,0.0,1
309.101,0,0,0.0,0.0,1
309.101,0,0,0.0,0.0,1
309.101,0,0,0.0,0.0,1
309.201,0,0,0.0,0.0,1
309.201,0,0,0.0,0.0,1
309.201,0,0,0.0,0.0,1
309.301,0,0,0.0,0.0,1
309.301,0,0,0.0,0.0,1
309.301,0,0,0.0,0.0,1
309.301,0,0,0.0,0.0,1
309.401,0,0,0.0,0.0,1
309.401,0,0,0.0,0.0,1
309.401,0,0,0.0,0.0,1
309.401,0,0,0.0,0.0,1
309.501,0,0,0.0,0.0,1
309.501,0,0,0.0,0.0,1
309.501,0,0,0.0,0.0,1
309.601,0,0,0.0,0.0,1
309.601,0,0,0.0,0.0,1
309.601,0,0,0.0,0.0,1
309.601,0,0,0.0,0.0,1
309.701,0,0,0.0,0.0,1
309.701,0,0,0.0,0.0,1
309.701,0,0,0.0,0.0,1
309.801,0,0,0.0,0.0,1
309.801,0,0,0.0,0.0,1
309.801,0,0,0.0,0.0,1
309.801,0,0,0.0,0.0,1
309.901,0,0,0.0,0.0,1
309.901,0,0,0.0,0.0,1
309.901,0,0,0.0,0.0,1
310.001,0,0,0.0,0.0,1
310.001,0,0,0.0,0.0,1
310.001,0,0,0.0,0.0,1
310.001,0,0,0.0,0.0,1
310.101,0,0,0.0,0.0,1
310.101,0,0,0.0,0.0,1
310.101,0,0,0.0,0.0,1
310.101,0,0,0.0,0.0,1
310.201,0,0,0.0,0.0,1
310.201,0,0,0.0,0.0,1
310.201,0,0,0.0,0.0,1
310.301,0,0,0.0,0.0,1
310.301,0,0,0.0,0.0,1
310.301,0,0,0.0,0.0,1
310.301,0,0,0.0,0.0,1
310.401,0,0,0.0,0.0,1
310.401,0,0,0.0,0.0,1
310.401,0,0,0.0,0.0,1
310.501,0,0,0.0,0.0,1
310.501,0,0,0.0,0.0,1
310.501,0,0,0.0,0.0,1
310.501,0,0,0.0,0.0,1
310.601,0,0,0.0,0.0,1
310.601,0,0,0.0,0.0,1
310.601,0,0,0.0,0.0,1
310.701,0,0,0.0,0.0,1
310.701,0,0,0.0,0.0,1
310.701,0,0,0.0,0.0,1
310.701,0,0,0.0,0.0,1
310.801,0,0,0.0,0.0,1
310.801,0,0,0.0,0.0,1
310.801,0,0,0.0,0.0,1
310.801,0,0,0.0,0.0,1
310.901,0,0,0.0,0.0,1
310.901,0,0,0.0,0.0,1
310.901,0,0,0.0,0.0,1
311.001,0,0,0.0,0.0,1
311.001,0,0,0.0,0.0,1
311.001,0,0,0.0,0.0,1
311.001,0,0,0.0,0.0,1
311.101,0,0,0.0,0.0,1
311.101,0,0,0.0,0.0,1
311.101,0,0,0.0,0.0,1
311.201,0,0,0.0,0.0,1
311.201,0,0,0.0,0.0,1
311.201,0,0,0.0,0.0,1
311.201,0,0,0.0,0.0,1
311.301,0,0,0.0,0.0,1
311.301,0,0,0.0,0.0,1
311.301,0,0,0.0,0.0,1
311.401,0,0,0.0,0.0,1
311.401,0,0,0.0,0.0,1
311.401,0,0,0.0,0.0,1
311.401,0,0,0.0,0.0,1
311.501,0,0,0.0,0.0,1
311.501,0,0,0.0,0.0,1
311.501,0,0,0.0,0.0,1
311.601,0,0,0.0,0.0,1
311.601,0,0,0.0,0.0,1
311.601,0,0,0.0,0.0,1
311.601,0,0,0.0,0.0,1
311.701,0,0,0.0,0.0,1
311.701,0,0,0.0,0.0,1
311.701,0,0,0.0,0.0,1
311.701,0,0,0.0,0.0,1
311.801,0,0,0.0,0.0,1
311.801,0,0,0.0,0.0,1
311.801,0,0,0.0,0.0,1
311.901,0,0,0.0,0.0,1
311.901,0,0,0.0,0.0,1
311.901,0,0,0.0,0.0,1
311.901,0,0,0.0,0.0,1
312.001,0,0,0.0,0.0,1
312.001,0,0,0.0,0.0,1
312.001,0,0,0.0,0.0,1
312.101,0,0,0.0,0.0,1
312.101,0,0,0.0,0.0,1
312.101,0,0,0.0,0.0,1
312.101,0,0,0.0,0.0,1
312.201,0,0,0.0,0.0,1
312.201,0,0,0.0,0.0,1
312.201,0,0,0.0,0.0,1
312.301,0,0,0.0,0.0,1
312.301,0,0,0.0,0.0,1
312.301,0,0,0.0,0.0,1
312.301,0,0,0.0,0.0,1
312.401,0,0,0.0,0.0,1
312.401,0,0,0.0,0.0,1
312.401,0,0,0.0,0.0,1
312.401,0,0,0.0,0.0,1
312.501,0,0,0.0,0.0,1
312.501,0,0,0.0,0.0,1
312.501,0,0,0.0,0.0,1
312.601,0,0,0.0,0.0,1
312.601,0,0,0.0,0.0,1
312.601,0,0,0.0,0.0,1
312.601,0,0,0.0,0.0,1
312.701,0,0,0.0,0.0,1
312.701,0,0,0.0,0.0,1
312.701,0,0,0.0,0.0,1
312.801,0,0,0.0,0.0,1
312.801,0,0,0.0,0.0,1
312.801,0,0,0.0,0.0,1
312.801,0,0,0.0,0.0,1
312.901,0,0,0.0,0.0,1
312.901,0,0,0.0,0.0,1
312.901,0,0,0.0,0.0,1
313.001,0,0,0.0,0.0,1
313.001,0,0,0.0,0.0,1
313.001,0,0,0.0,0.0,1
313.001,0,0,0.0,0.0,1
313.101,0,0,0.0,0.0,1
313.101,0,0,0.0,0.0,1
313.101,0,0,0.0,0.0,1
313.201,0,0,0.0,0.0,1
313.201,0,0,0.0,0.0,1
313.201,0,0,0.0,0.0,1
313.201,0,0,0.0,0.0,1
313.301,0,0,0.0,0.0,1
313.301,0,0,0.0,0.0,1
313.301,0,0,0.0,0.0,1
313.301,0,0,0.0,0.0,1
313.401,0,0,0.0,0.0,1
313.401,0,0,0.0,0.0,1
313.401,0,0,0.0,0.0,1
313.501,0,0,0.0,0.0,1
313.501,0,0,0.0,0.0,1
313.501,0,0,0.0,0.0,1
313.501,0,0,0.0,0.0,1
313.601,0,0,0.0,0.0,1
313.601,0,0,0.0,0.0,1
313.601,0,0,0.0,0.0,1
313.701,0,0,0.0,0.0,1
313.701,0,0,0.0,0.0,1
313.701,0,0,0.0,0.0,1
313.701,0,0,0.0,0.0,1
313.801,0,0,0.0,0.0,1
313.801,0,0,0.0,0.0,1
313.801,0,0,0.0,0.0,1
313.901,0,0,0.0,0.0,1
313.901,0,0,0.0,0.0,1
313.901,0,0,0.0,0.0,1
313.901,0,0,0.0,0.0,1
314.001,0,0,0.0,0.0,1
314.001,0,0,0.0,0.0,1
314.001,0,0,0.0,0.0,1
314.001,0,0,0.0,0.0,1
314.101,0,0,0.0,0.0,1
314.101,0,0,0.0,0.0,1
314.101,0,0,0.0,0.0,1
314.201,0,0,0.0,0.0,1
314.201,0,0,0.0,0.0,1
314.201,0,0,0.0,0.0,1
314.201,0,0,0.0,0.0,1
314.301,0,0,0.0,0.0,1
314.301,0,0,0.0,0.0,1
314.301,0,0,0.0,0.0,1
314.401,0,0,0.0,0.0,1
314.401,0,0,0.0,0.0,1
314.401,0,0,0.0,0.0,1
314.401,0,0,0.0,0.0,1
314.501,0,0,0.0,0.0,1
314.501,0,0,0.0,0.0,1
314.501,0,0,0.0,0.0,1
314.601,0,0,0.0,0.0,1
314.601,0,0,0.0,0.0,1
314.601,0,0,0.0,0.0,1
314.601,0,0,0.0,0.0,1
314.701,0,0,0.0,0.0,1
314.701,0,0,0.0,0.0,1
314.701,0,0,0.0,0.0,1
314.701,0,0,0.0,0.0,1
314.801,0,0,0.0,0.0,1
314.801,0,0,0.0,0.0,1
314.801,0,0,0.0,0.0,1
314.901,0,0,0.0,0.0,1
314.901,0,0,0.0,0.0,1
314.901,0,0,0.0,0.0,1
314.901,0,0,0.0,0.0,1
315.001,0,0,0.0,0.0,1
315.001,0,0,0.0,0.0,1
315.001,0,0,0.0,0.0,1
315.101,0,0,0.0,0.0,1
315.101,0,0,0.0,0.0,1
315.101,0,0,0.0,0.0,1
315.101,0,0,0.0,0.0,1
315.201,0,0,0.0,0.0,1
315.201,0,0,0.0,0.0,1
315.201,0,0,0.0,0.0,1
315.301,0,0,0.0,0.0,1
315.301,0,0,0.0,0.0,1
315.301,0,0,0.0,0.0,1
315.301,0,0,0.0,0.0,1
315.401,0,0,0.0,0.0,1
315.401,0,0,0.0,0.0,1
315.401,0,0,0.0,0.0,1
315.501,0,0,0.0,0.0,1
315.501,0,0,0.0,0.0,1
315.501,0,0,0.0,0.0,1
315.501,0,0,0.0,0.0,1
315.601,0,0,0.0,0.0,1
315.601,0,0,0.0,0.0,1
315.601,0,0,0.0,0.0,1
315.601,0,0,0.0,0.0,1
315.701,0,0,0.0,0.0,1
315.701,0,0,0.0,0.0,1
315.701,0,0,0.0,0.0,1
315.801,0,0,0.0,0.0,1
315.801,0,0,0.0,0.0,1
315.801,0,0,0.0,0.0,1
315.801,0,0,0.0,0.0,1
315.901,0,0,0.0,0.0,1
315.901,0,0,0.0,0.0,1
315.901,0,0,0.0,0.0,1
316.001,0,0,0.0,0.0,1
316.001,0,0,0.0,0.0,1
316.001,0,0,0.0,0.0,1
316.001,0,0,0.0,0.0,1
316.101,0,0,0.0,0.0,1
316.101,0,0,0.0,0.0,1
316.101,0,0,0.0,0.0,1
316.201,0,0,0.0,0.0,1
316.201,0,0,0.0,0.0,1
316.201,0,0,0.0,0.0,1
316.201,0,0,0.0,0.0,1
316.301,0,0,0.0,0.0,1
316.301,0,0,0.0,0.0,1
316.301,0,0,0.0,0.0,1
316.301,0,0,0.0,0.0,1
316.401,0,0,0.0,0.0,1
316.401,0,0,0.0,0.0,1
316.401,0,0,0.0,0.0,1
316.501,0,0,0.0,0.0,1
316.501,0,0,0.0,0.0,1
316.501,0,0,0.0,0.0,1
316.501,0,0,0.0,0.0,1
316.601,0,0,0.0,0.0,1
316.601,0,0,0.0,0.0,1
316.601,0,0,0.0,0.0,1
316.701,0,0,0.0,0.0,1
316.701,0,0,0.0,0.0,1
316.701,0,0,0.0,0.0,1
316.701,0,0,0.0,0.0,1
316.801,0,0,0.0,0.0,1
316.801,0,0,0.0,0.0,1
316.801,0,0,0.0,0.0,1
316.901,0,0,0.0,0.0,1
316.901,0,0,0.0,0.0,1
316.901,0,0,0.0,0.0,1
316.901,0,0,0.0,0.0,1
317.001,0,0,0.0,0.0,1
317.001,0,0,0.0,0.0,1
317.001,0,0,0.0,0.0,1
317.101,0,0,0.0,0.0,1
317.101,0,0,0.0,0.0,1
317.101,0,0,0.0,0.0,1
317.101,0,0,0.0,0.0,1
317.201,0,0,0.0,0.0,1
317.201,0,0,0.0,0.0,1
317.201,0,0,0.0,0.0,1
317.201,0,0,0.0,0.0,1
317.301,0,0,0.0,0.0,1
317.301,0,0,0.0,0.0,1
317.301,0,0,0.0,0.0,1
317.401,0,0,0.0,0.0,1
317.401,0,0,0.0,0.0,1
317.401,0,0,0.0,0.0,1
317.401,0,0,0.0,0.0,1
317.501,0,0,0.0,0.0,1
317.501,0,0,0.0,0.0,1
317.501,0,0,0.0,0.0,1
317.601,0,0,0.0,0.0,1
317.601,0,0,0.0,0.0,1
317.601,0,0,0.0,0.0,1
317.601,0,0,0.0,0.0,1
317.701,0,0,0.0,0.0,1
317.701,0,0,0.0,0.0,1
317.701,0,0,0.0,0.0,1
317.801,0,0,0.0,0.0,1
317.801,0,0,0.0,0.0,1
317.801,0,0,0.0,0.0,1
317.801,0,0,0.0,0.0,1
317.901,0,0,0.0,0.0,1
317.901,0,0,0.0,0.0,1
317.901,0,0,0.0,0.0,1
317.901,0,0,0.0,0.0,1
318.001,0,0,0.0,0.0,1
318.001,0,0,0.0,0.0,1
318.001,0,0,0.0,0.0,1
318.101,0,0,0.0,0.0,1
318.101,0,0,0.0,0.0,1
318.101,0,0,0.0,0.0,1
318.101,0,0,0.0,0.0,1
318.201,0,0,0.0,0.0,1
318.201,0,0,0.0,0.0,1
318.201,0,0,0.0,0.0,1
318.301,0,0,0.0,0.0,1
318.301,0,0,0.0,0.0,1
318.301,0,0,0.0,0.0,1
318.301,0,0,0.0,0.0,1
318.401,0,0,0.0,0.0,1
318.401,0,0,0.0,0.0,1
318.401,0,0,0.0,0.0,1
318.501,0,0,0.0,0.0,1
318.501,0,0,0.0,0.0,1
318.501,0,0,0.0,0.0,1
318.501,0,0,0.0,0.0,1
318.601,0,0,0.0,0.0,1
318.601,0,0,0.0,0.0,1
318.601,0,0,0.0,0.0,1
318.601,0,0,0.0,0.0,1
318.701,0,0,0.0,0.0,1
318.701,0,0,0.0,0.0,1
318.701,0,0,0.0,0.0,1
318.801,0,0,0.0,0.0,1
318.801,0,0,0.0,0.0,1
318.801,0,0,0.0,0.0,1
318.801,0,0,0.0,0.0,1
318.901,0,0,0.0,0.0,1
318.901,0,0,0.0,0.0,1
318.901,0,0,0.0,0.0,1
319.001,0,0,0.0,0.0,1
319.001,0,0,0.0,0.0,1
319.001,0,0,0.0,0.0,1
319.001,0,0,0.0,0.0,1
319.101,0,0,0.0,0.0,1
319.101,0,0,0.0,0.0,1
319.101,0,0,0.0,0.0,1
319.201,0,0,0.0,0.0,1
319.201,0,0,0.0,0.0,1
319.201,0,0,0.0,0.0,1
319.201,0,0,0.0,0.0,1
319.301,0,0,0.0,0.0,1
319.301,0,0,0.0,0.0,1
319.301,0,0,0.0,0.0,1
319.301,0,0,0.0,0.0,1
319.401,0,0,0.0,0.0,1
319.401,0,0,0.0,0.0,1
319.401,0,0,0.0,0.0,1
319.501,0,0,0.0,0.0,1
319.501,0,0,0.0,0.0,1
319.501,0,0,0.0,0.0,1
319.501,0,0,0.0,0.0,1
319.601,0,0,0.0,0.0,1
319.601,0,0,0.0,0.0,1
319.601,0,0,0.0,0.0,1
319.701,0,0,0.0,0.0,1
319.701,0,0,0.0,0.0,1
319.701,0,0,0.0,0.0,1
319.701,0,0,0.0,0.0,1
319.801,0,0,0.0,0.0,1
319.801,0,0,0.0,0.0,1
319.801,0,0,0.0,0.0,1
319.901,0,0,0.0,0.0,1
319.901,0,0,0.0,0.0,1
319.901,0,0,0.0,0.0,1
319.901,0,0,0.0,0.0,1
320.001,0,0,0.0,0.0,1
320.001,0,0,0.0,0.0,1
320.001,0,0,0.0,0.0,1
320.101,0,0,0.0,0.0,1
320.101,0,0,0.0,0.0,1
320.101,0,0,0.0,0.0,1
320.101,0,0,0.0,0.0,1
320.201,0,0,0.0,0.0,1
320.201,0,0,0.0,0.0,1
320.201,0,0,0.0,0.0,1
320.201,0,0,0.0,0.0,1
320.301,0,0,0.0,0.0,1
320.301,0,0,0.0,0.0,1
320.301,0,0,0.0,0.0,1
320.401,0,0,0.0,0.0,1
320.401,0,0,0.0,0.0,1
320.401,0,0,0.0,0.0,1
320.401,0,0,0.0,0.0,1
320.501,0,0,0.0,0.0,1
320.501,0,0,0.0,0.0,1
320.501,0,0,0.0,0.0,1
320.601,0,0,0.0,0.0,1
320.601,0,0,0.0,0.0,1
320.601,0,0,0.0,0.0,1
320.601,0,0,0.0,0.0,1
320.701,0,0,0.0,0.0,1
320.701,0,0,0.0,0.0,1
320.701,0,0,0.0,0.0,1
320.801,0,0,0.0,0.0,1
320.801,0,0,0.0,0.0,1
320.801,0,0,0.0,0.0,1
320.801,0,0,0.0,0.0,1
320.901,0,0,0.0,0.0,1
320.901,0,0,0.0,0.0,1
320.901,0,0,0.0,0.0,1
320.901,0,0,0.0,0.0,1
321.001,0,0,0.0,0.0,1
321.001,0,0,0.0,0.0,1
321.001,0,0,0.0,0.0,1
321.101,0,0,0.0,0.0,1
321.101,0,0,0.0,0.0,1
321.101,0,0,0.0,0.0,1
321.101,0,0,0.0,0.0,1
321.201,0,0,0.0,0.0,1
321.201,0,0,0.0,0.0,1
321.201,0,0,0.0,0.0,1
321.301,0,0,0.0,0.0,1
321.301,0,0,0.0,0.0,1
321.301,0,0,0.0,0.0,1
321.301,0,0,0.0,0.0,1
321.401,0,0,0.0,0.0,1
321.401,0,0,0.0,0.0,1
321.401,0,0,0.0,0.0,1
321.501,0,0,0.0,0.0,1
321.501,0,0,0.0,0.0,1
321.501,0,0,0.0,0.0,1
321.501,0,0,0.0,0.0,1
321.601,0,0,0.0,0.0,1
321.601,0,0,0.0,0.0,1
321.601,0,0,0.0,0.0,1
321.701,0,0,0.0,0.0,1
321.701,0,0,0.0,0.0,1
321.701,0,0,0.0,0.0,1
321.701,0,0,0.0,0.0,1
321.801,0,0,0.0,0.0,1
321.801,0,0,0.0,0.0,1
321.801,0,0,0.0,0.0,1
321.801,0,0,0.0,0.0,1
321.901,0,0,0.0,0.0,1
321.901,0,0,0.0,0.0,1
321.901,0,0,0.0,0.0,1
322.001,0,0,0.0,0.0,1
322.001,0,0,0.0,0.0,1
322.001,0,0,0.0,0.0,1
322.001,0,0,0.0,0.0,1
322.101,0,0,0.0,0.0,1
322.101,0,0,0.0,0.0,1
322.101,0,0,0.0,0.0,1
322.201,0,0,0.0,0.0,1
322.201,0,0,0.0,0.0,1
322.201,0,0,0.0,0.0,1
322.201,0,0,0.0,0.0,1
322.301,0,0,0.0,0.0,1
322.301,0,0,0.0,0.0,1
322.301,0,0,0.0,0.0,1
322.401,0,0,0.0,0.0,1
322.401,0,0,0.0,0.0,1
322.401,0,0,0.0,0.0,1
322.401,0,0,0.0,0.0,1
322.501,0,0,0.0,0.0,1
322.501,0,0,0.0,0.0,1
322.501,0,0,0.0,0.0,1
322.501,0,0,0.0,0.0,1
322.601,0,0,0.0,0.0,1
322.601,0,0,0.0,0.0,1
322.601,0,0,0.0,0.0,1
322.701,0,0,0.0,0.0,1
322.701,0,0,0.0,0.0,1
322.701,0,0,0.0,0.0,1
322.701,0,0,0.0,0.0,1
322.801,0,0,0.0,0.0,1
322.801,0,0,0.0,0.0,1
322.801,0,0,0.0,0.0,1
322.901,0,0,0.0,0.0,1
322.901,0,0,0.0,0.0,1
322.901,0,0,0.0,0.0,1
322.901,0,0,0.0,0.0,1
323.001,0,0,0.0,0.0,1
323.001,0,0,0.0,0.0,1
323.001,0,0,0.0,0.0,1
323.101,0,0,0.0,0.0,1
323.101,0,0,0.0,0.0,1
323.101,0,0,0.0,0.0,1
323.101,0,0,0.0,0.0,1
323.201,0,0,0.0,0.0,1
323.201,0,0,0.0,0.0,1
323.201,0,0,0.0,0.0,1
323.201,0,0,0.0,0.0,1
323.301,0,0,0.0,0.0,1
323.301,0,0,0.0,0.0,1
323.301,0,0,0.0,0.0,1
323.401,0,0,0.0,0.0,1
323.401,0,0,0.0,0.0,1
323.401,0,0,0.0,0.0,1
323.401,0,0,0.0,0.0,1
323.501,0,0,0.0,0.0,1
323.501,0,0,0.0,0.0,1
323.501,0,0,0.0,0.0,1
323.601,0,0,0.0,0.0,1
323.601,0,0,0.0,0.0,1
323.601,0,0,0.0,0.0,1
323.601,0,0,0.0,0.0,1
323.701,0,0,0.0,0.0,1
323.701,0,0,0.0,0.0,1
323.701,0,0,0.0,0.0,1
323.801,0,0,0.0,0.0,1
323.801,0,0,0.0,0.0,1
323.801,0,0,0.0,0.0,1
323.801,0,0,0.0,0.0,1
323.901,0,0,0.0,0.0,1
323.901,0,0,0.0,0.0,1
323.901,0,0,0.0,0.0,1
324.001,0,0,0.0,0.0,1
324.001,0,0,0.0,0.0,1
324.001,0,0,0.0,0.0,1
324.001,0,0,0.0,0.0,1
324.101,0,0,0.0,0.0,1
324.101,0,0,0.0,0.0,1
324.101,0,0,0.0,0.0,1
324.101,0,0,0.0,0.0,1
324.201,0,0,0.0,0.0,1
324.201,0,0,0.0,0.0,1
324.201,0,0,0.0,0.0,1
324.301,0,0,0.0,0.0,1
324.301,0,0,0.0,0.0,1
324.301,0,0,0.0,0.0,1
324.301,0,0,0.0,0.0,1
324.401,0,0,0.0,0.0,1
324.401,0,0,0.0,0.0,1
324.401,0,0,0.0,0.0,1
324.501,0,0,0.0,0.0,1
324.501,0,0,0.0,0.0,1
324.501,0,0,0.0,0.0,1
324.501,0,0,0.0,0.0,1
324.601,0,0,0.0,0.0,1
324.601,0,0,0.0,0.0,1
324.601,0,0,0.0,0.0,1
324.701,0,0,0.0,0.0,1
324.701,0,0,0.0,0.0,1
324.701,0,0,0.0,0.0,1
324.701,0,0,0.0,0.0,1
324.801,0,0,0.0,0.0,1
324.801,0,0,0.0,0.0,1
324.801,0,0,0.0,0.0,1
324.801,0,0,0.0,0.0,1
324.901,0,0,0.0,0.0,1
324.901,0,0,0.0,0.0,1
324.901,0,0,0.0,0.0,1
325.001,0,0,0.0,0.0,1
325.001,0,0,0.0,0.0,1
325.001,0,0,0.0,0.0,1
325.001,0,0,0.0,0.0,1
325.101,0,0,0.0,0.0,1
325.101,0,0,0.0,0.0,1
325.101,0,0,0.0,0.0,1
325.201,0,0,0.0,0.0,1
325.201,0,0,0.0,0.0,1
325.201,0,0,0.0,0.0,1
325.201,0,0,0.0,0.0,1
325.301,0,0,0.0,0.0,1
325.301,0,0,0.0,0.0,1
325.301,0,0,0.0,0.0,1
325.401,0,0,0.0,0.0,1
325.401,0,0,0.0,0.0,1
325.401,0,0,0.0,0.0,1
325.401,0,0,0.0,0.0,1
325.501,0,0,0.0,0.0,1
325.501,0,0,0.0,0.0,1
325.501,0,0,0.0,0.0,1
325.601,0,0,0.0,0.0,1
325.601,0,0,0.0,0.0,1
325.601,0,0,0.0,0.0,1
325.601,0,0,0.0,0.0,1
325.701,0,0,0.0,0.0,1
325.701,0,0,0.0,0.0,1
325.701,0,0,0.0,0.0,1
325.701,0,0,0.0,0.0,1
325.801,0,0,0.0,0.0,1
325.801,0,0,0.0,0.0,1
325.801,0,0,0.0,0.0,1
325.901,0,0,0.0,0.0,1
325.901,0,0,0.0,0.0,1
325.901,0,0,0.0,0.0,1
325.901,0,0,0.0,0.0,1
326.001,0,0,0.0,0.0,1
326.001,0,0,0.0,0.0,1
326.001,0,0,0.0,0.0,1
326.101,0,0,0.0,0.0,1
326.101,0,0,0.0,0.0,1
326.101,0,0,0.0,0.0,1
326.101,0,0,0.0,0.0,1
326.201,0,0,0.0,0.0,1
326.201,0,0,0.0,0.0,1
326.201,0,0,0.0,0.0,1
326.301,0,0,0.0,0.0,1
326.301,0,0,0.0,0.0,1
326.301,0,0,0.0,0.0,1
326.301,0,0,0.0,0.0,1
326.401,0,0,0.0,0.0,1
326.401,0,0,0.0,0.0,1
326.401,0,0,0.0,0.0,1
326.401,0,0,0.0,0.0,1
326.501,0,0,0.0,0.0,1
326.501,0,0,0.0,0.0,1
326.501,0,0,0.0,0.0,1
326.601,0,0,0.0,0.0,1
326.601,0,0,0.0,0.0,1
326.601,0,0,0.0,0.0,1
326.601,0,0,0.0,0.0,1
326.701,0,0,0.0,0.0,1
326.701,0,0,0.0,0.0,1
326.701,0,0,0.0,0.0,1
326.801,0,0,0.0,0.0,1
326.801,0,0,0.0,0.0,1
326.801,0,0,0.0,0.0,1
326.801,0,0,0.0,0.0,1
326.901,0,0,0.0,0.0,1
326.901,0,0,0.0,0.0,1
326.901,0,0,0.0,0.0,1
327.001,0,0,0.0,0.0,1
327.001,0,0,0.0,0.0,1
327.001,0,0,0.0,0.0,1
327.001,0,0,0.0,0.0,1
327.101,0,0,0.0,0.0,1
327.101,0,0,0.0,0.0,1
327.101,0,0,0.0,0.0,1
327.101,0,0,0.0,0.0,1
327.201,0,0,0.0,0.0,1
327.201,0,0,0.0,0.0,1
327.201,0,0,0.0,0.0,1
327.301,0,0,0.0,0.0,1
327.301,0,0,0.0,0.0,1
327.301,0,0,0.0,0.0,1
327.301,0,0,0.0,0.0,1
327.401,0,0,0.0,0.0,1
327.401,0,0,0.0,0.0,1
327.401,0,0,0.0,0.0,1
327.501,0,0,0.0,0.0,1
327.501,0,0,0.0,0.0,1
327.501,0,0,0.0,0.0,1
327.501,0,0,0.0,0.0,1
327.601,0,0,0.0,0.0,1
327.601,0,0,0.0,0.0,1
327.601,0,0,0.0,0.0,1
327.701,0,0,0.0,0.0,1
327.701,0,0,0.0,0.0,1
327.701,0,0,0.0,0.0,1
327.701,0,0,0.0,0.0,1
327.801,0,0,0.0,0.0,1
327.801,0,0,0.0,0.0,1
327.801,0,0,0.0,0.0,1
327.901,0,0,0.0,0.0,1
327.901,0,0,0.0,0.0,1
327.901,0,0,0.0,0.0,1
327.901,0,0,0.0,0.0,1
328.001,0,0,0.0,0.0,1
328.001,0,0,0.0,0.0,1
328.001,0,0,0.0,0.0,1
328.001,0,0,0.0,0.0,1
328.101,0,0,0.0,0.0,1
328.101,0,0,0.0,0.0,1
328.101,0,0,0.0,0.0,1
328.201,0,0,0.0,0.0,1
328.201,0,0,0.0,0.0,1
328.201,0,0,0.0,0.0,1
328.201,0,0,0.0,0.0,1
328.301,0,0,0.0,0.0,1
328.301,0,0,0.0,0.0,1
328.301,0,0,0.0,0.0,1
328.401,0,0,0.0,0.0,1
328.401,0,0,0.0,0.0,1
328.401,0,0,0.0,0.0,1
328.401,0,0,0.0,0.0,1
328.501,0,0,0.0,0.0,1
328.501,0,0,0.0,0.0,1
328.501,0,0,0.0,0.0,1
328.601,0,0,0.0,0.0,1
328.601,0,0,0.0,0.0,1
328.601,0,0,0.0,0.0,1
328.601,0,0,0.0,0.0,1
328.701,0,0,0.0,0.0,1
328.701,0,0,0.0,0.0,1
328.701,0,0,0.0,0.0,1
328.701,0,0,0.0,0.0,1
328.801,0,0,0.0,0.0,1
328.801,0,0,0.0,0.0,1
328.801,0,0,0.0,0.0,1
328.901,0,0,0.0,0.0,1
328.901,0,0,0.0,0.0,1
328.901,0,0,0.0,0.0,1
328.901,0,0,0.0,0.0,1
329.001,0,0,0.0,0.0,1
329.001,0,0,0.0,0.0,1
329.001,0,0,0.0,0.0,1
329.101,0,0,0.0,0.0,1
329.101,0,0,0.0,0.0,1
329.101,0,0,0.0,0.0,1
329.101,0,0,0.0,0.0,1
329.201,0,0,0.0,0.0,1
329.201,0,0,0.0,0.0,1
329.201,0,0,0.0,0.0,1
329.301,0,0,0.0,0.0,1
329.301,0,0,0.0,0.0,1
329.301,0,0,0.0,0.0,1
329.301,0,0,0.0,0.0,1
329.401,0,0,0.0,0.0,1
329.401,0,0,0.0,0.0,1
329.401,0,0,0.0,0.0,1
329.401,0,0,0.0,0.0,1
329.501,0,0,0.0,0.0,1
329.501,0,0,0.0,0.0,1
329.501,0,0,0.0,0.0,1
329.601,0,0,0.0,0.0,1
329.601,0,0,0.0,0.0,1
329.601,0,0,0.0,0.0,1
329.601,0,0,0.0,0.0,1
329.701,0,0,0.0,0.0,1
329.701,0,0,0.0,0.0,1
329.701,0,0,0.0,0.0,1
329.801,0,0,0.0,0.0,1
329.801,0,0,0.0,0.0,1
329.801,0,0,0.0,0.0,1
329.801,0,0,0.0,0.0,1
329.901,0,0,0.0,0.0,1
329.901,0,0,0.0,0.0,1
329.901,0,0,0.0,0.0,1
330.001,0,0,0.0,0.0,1
330.001,0,0,0.0,0.0,1
330.001,0,0,0.0,0.0,1
330.001,0,0,0.0,0.0,1
330.101,0,0,0.0,0.0,1
330.101,0,0,0.0,0.0,1
330.101,0,0,0.0,0.0,1
330.201,0,0,0.0,0.0,1
330.201,0,0,0.0,0.0,1
330.201,0,0,0.0,0.0,1
330.201,0,0,0.0,0.0,1
330.301,0,0,0.0,0.0,1
330.301,0,0,0.0,0.0,1
330.301,0,0,0.0,0.0,1
330.301,0,0,0.0,0.0,1
330.401,0,0,0.0,0.0,1
330.401,0,0,0.0,0.0,1
330.401,0,0,0.0,0.0,1
330.501,0,0,0.0,0.0,1
330.501,0,0,0.0,0.0,1
330.501,0,0,0.0,0.0,1
330.501,0,0,0.0,0.0,1
330.601,0,0,0.0,0.0,1
330.601,0,0,0.0,0.0,1
330.601,0,0,0.0,0.0,1
330.701,0,0,0.0,0.0,1
330.701,0,0,0.0,0.0,1
330.701,0,0,0.0,0.0,1
330.701,0,0,0.0,0.0,1
330.801,0,0,0.0,0.0,1
330.801,0,0,0.0,0.0,1
330.801,0,0,0.0,0.0,1
330.901,0,0,0.0,0.0,1
330.901,0,0,0.0,0.0,1
330.901,0,0,0.0,0.0,1
330.901,0,0,0.0,0.0,1
331.001,0,0,0.0,0.0,1
331.001,0,0,0.0,0.0,1
331.001,0,0,0.0,0.0,1
331.001,0,0,0.0,0.0,1
331.101,0,0,0.0,0.0,1
331.101,0,0,0.0,0.0,1
331.101,0,0,0.0,0.0,1
331.201,0,0,0.0,0.0,1
331.201,0,0,0.0,0.0,1
331.201,0,0,0.0,0.0,1
331.201,0,0,0.0,0.0,1
331.301,0,0,0.0,0.0,1
331.301,0,0,0.0,0.0,1
331.301,0,0,0.0,0.0,1
331.401,0,0,0.0,0.0,1
331.401,0,0,0.0,0.0,1
331.401,0,0,0.0,0.0,1
331.401,0,0,0.0,0.0,1
331.501,0,0,0.0,0.0,1
331.501,0,0,0.0,0.0,1
331.501,0,0,0.0,0.0,1
331.601,0,0,0.0,0.0,1
331.601,0,0,0.0,0.0,1
331.601,0,0,0.0,0.0,1
331.601,0,0,0.0,0.0,1
331.701,0,0,0.0,0.0,1
331.701,0,0,0.0,0.0,1
331.701,0,0,0.0,0.0,1
331.701,0,0,0.0,0.0,1
331.801,0,0,0.0,0.0,1
331.801,0,0,0.0,0.0,1
331.801,0,0,0.0,0.0,1
331.901,0,0,0.0,0.0,1
331.901,0,0,0.0,0.0,1
331.901,0,0,0.0,0.0,1
331.901,0,0,0.0,0.0,1
332.001,0,0,0.0,0.0,1
332.001,0,0,0.0,0.0,1
332.001,0,0,0.0,0.0,1
332.101,0,0,0.0,0.0,1
332.101,0,0,0.0,0.0,1
332.101,0,0,0.0,0.0,1
332.101,0,0,0.0,0.0,1
332.201,0,0,0.0,0.0,1
332.201,0,0,0.0,0.0,1
332.201,0,0,0.0,0.0,1
332.301,0,0,0.0,0.0,1
332.301,0,0,0.0,0.0,1
332.301,0,0,0.0,0.0,1
332.301,0,0,0.0,0.0,1
332.401,0,0,0.0,0.0,1
332.401,0,0,0.0,0.0,1
332.401,0,0,0.0,0.0,1
332.501,0,0,0.0,0.0,1
332.501,0,0,0.0,0.0,1
332.501,0,0,0.0,0.0,1
332.501,0,0,0.0,0.0,1
332.601,0,0,0.0,0.0,1
332.601,0,0,0.0,0.0,1
332.601,0,0,0.0,0.0,1
332.601,0,0,0.0,0.0,1
332.701,0,0,0.0,0.0,1
332.701,0,0,0.0,0.0,1
332.701,0,0,0.0,0.0,1
332.801,0,0,0.0,0.0,1
332.801,0,0,0.0,0.0,1
332.801,0,0,0.0,0.0,1
332.801,0,0,0.0,0.0,1
332.901,0,0,0.0,0.0,1
332.901,0,0,0.0,0.0,1
332.901,0,0,0.0,0.0,1
333.001,0,0,0.0,0.0,1
333.001,0,0,0.0,0.0,1
333.001,0,0,0.0,0.0,1
333.001,0,0,0.0,0.0,1
333.101,0,0,0.0,0.0,1
333.101,0,0,0.0,0.0,1
333.101,0,0,0.0,0.0,1
333.201,0,0,0.0,0.0,1
333.201,0,0,0.0,0.0,1
333.201,0,0,0.0,0.0,1
333.201,0,0,0.0,0.0,1
333.301,0,0,0.0,0.0,1
333.301,0,0,0.0,0.0,1
333.301,0,0,0.0,0.0,1
333.301,0,0,0.0,0.0,1
333.401,0,0,0.0,0.0,1
333.401,0,0,0.0,0.0,1
333.401,0,0,0.0,0.0,1
333.501,0,0,0.0,0.0,1
333.501,0,0,0.0,0.0,1
333.501,0,0,0.0,0.0,1
333.501,0,0,0.0,0.0,1
333.601,0,0,0.0,0.0,1
333.601,0,0,0.0,0.0,1
333.601,0,0,0.0,0.0,1
333.701,0,0,0.0,0.0,1
333.701,0,0,0.0,0.0,1
333.701,0,0,0.0,0.0,1
333.701,0,0,0.0,0.0,1
333.801,0,0,0.0,0.0,1
333.801,0,0,0.0,0.0,1
333.801,0,0,0.0,0.0,1
333.901,0,0,0.0,0.0,1
333.901,0,0,0.0,0.0,1
333.901,0,0,0.0,0.0,1
333.901,0,0,0.0,0.0,1
334.001,0,0,0.0,0.0,1
334.001,0,0,0.0,0.0,1
334.001,0,0,0.0,0.0,1
334.101,0,0,0.0,0.0,1
334.101,0,0,0.0,0.0,1
334.101,0,0,0.0,0.0,1
334.101,0,0,0.0,0.0,1
334.201,0,0,0.0,0.0,1
334.201,0,0,0.0,0.0,1
334.201,0,0,0.0,0.0,1
334.201,0,0,0.0,0.0,1
334.301,0,0,0.0,0.0,1
334.301,0,0,0.0,0.0,1
334.301,0,0,0.0,0.0,1
334.401,0,0,0.0,0.0,1
334.401,0,0,0.0,0.0,1
334.401,0,0,0.0,0.0,1
334.401,0,0,0.0,0.0,1
334.501,0,0,0.0,0.0,1
334.501,0,0,0.0,0.0,1
334.501,0,0,0.0,0.0,1
334.601,0,0,0.0,0.0,1
334.601,0,0,0.0,0.0,1
334.601,0,0,0.0,0.0,1
334.601,0,0,0.0,0.0,1
334.701,0,0,0.0,0.0,1
334.701,0,0,0.0,0.0,1
334.701,0,0,0.0,0.0,1
334.801,0,0,0.0,0.0,1
334.801,0,0,0.0,0.0,1
334.801,0,0,0.0,0.0,1
334.801,0,0,0.0,0.0,1
334.901,0,0,0.0,0.0,1
334.901,0,0,0.0,0.0,1
334.901,0,0,0.0,0.0,1
334.901,0,0,0.0,0.0,1
335.001,0,0,0.0,0.0,1
335.001,0,0,0.0,0.0,1
335.001,0,0,0.0,0.0,1
335.101,0,0,0.0,0.0,1
335.101,0,0,0.0,0.0,1
335.101,0,0,0.0,0.0,1
335.101,0,0,0.0,0.0,1
335.201,0,0,0.0,0.0,1
335.201,0,0,0.0,0.0,1
335.201,0,0,0.0,0.0,1
335.301,0,0,0.0,0.0,1
335.301,0,0,0.0,0.0,1
335.301,0,0,0.0,0.0,1
335.301,0,0,0.0,0.0,1
335.401,0,0,0.0,0.0,1
335.401,0,0,0.0,0.0,1
335.401,0,0,0.0,0.0,1
335.501,0,0,0.0,0.0,1
335.501,0,0,0.0,0.0,1
335.501,0,0,0.0,0.0,1
335.501,0,0,0.0,0.0,1
335.601,0,0,0.0,0.0,1
335.601,0,0,0.0,0.0,1
335.601,0,0,0.0,0.0,1
335.601,0,0,0.0,0.0,1
335.701,0,0,0.0,0.0,1
335.701,0,0,0.0,0.0,1
335.701,0,0,0.0,0.0,1
335.801,0,0,0.0,0.0,1
335.801,0,0,0.0,0.0,1
335.801,0,0,0.0,0.0,1
335.801,0,0,0.0,0.0,1
335.901,0,0,0.0,0.0,1
335.901,0,0,0.0,0.0,1
335.901,0,0,0.0,0.0,1
336.001,0,0,0.0,0.0,1
336.001,0,0,0.0,0.0,1
336.001,0,0,0.0,0.0,1
336.001,0,0,0.0,0.0,1
336.101,0,0,0.0,0.0,1
336.101,0,0,0.0,0.0,1
336.101,0,0,0.0,0.0,1
336.201,0,0,0.0,0.0,1
336.201,0,0,0.0,0.0,1
336.201,0,0,0.0,0.0,1
336.201,0,0,0.0,0.0,1
336.301,0,0,0.0,0.0,1
336.301,0,0,0.0,0.0,1
336.301,0,0,0.0,0.0,1
336.301,0,0,0.0,0.0,1
336.401,0,0,0.0,0.0,1
336.401,0,0,0.0,0.0,1
336.401,0,0,0.0,0.0,1
336.501,0,0,0.0,0.0,1
336.501,0,0,0.0,0.0,1
336.501,0,0,0.0,0.0,1
336.501,0,0,0.0,0.0,1
336.601,0,0,0.0,0.0,1
336.601,0,0,0.0,0.0,1
336.601,0,0,0.0,0.0,1
336.701,0,0,0.0,0.0,1
336.701,0,0,0.0,0.0,1
336.701,0,0,0.0,0.0,1
336.701,0,0,0.0,0.0,1
336.801,0,0,0.0,0.0,1
336.801,0,0,0.0,0.0,1
336.801,0,0,0.0,0.0,1
336.901,0,0,0.0,0.0,1
336.901,0,0,0.0,0.0,1
336.901,0,0,0.0,0.0,1
336.901,0,0,0.0,0.0,1
337.001,0,0,0.0,0.0,1
337.001,0,0,0.0,0.0,1
337.001,0,0,0.0,0.0,1
337.101,0,0,0.0,0.0,1
337.101,0,0,0.0,0.0,1
337.101,0,0,0.0,0.0,1
337.101,0,0,0.0,0.0,1
337.201,0,0,0.0,0.0,1
337.201,0,0,0.0,0.0,1
337.201,0,0,0.0,0.0,1
337.201,0,0,0.0,0.0,1
337.301,0,0,0.0,0.0,1
337.301,0,0,0.0,0.0,1
337.301,0,0,0.0,0.0,1
337.401,0,0,0.0,0.0,1
337.401,0,0,0.0,0.0,1
337.401,0,0,0.0,0.0,1
337.401,0,0,0.0,0.0,1
337.501,0,0,0.0,0.0,1
337.501,0,0,0.0,0.0,1
337.501,0,0,0.0,0.0,1
337.601,0,0,0.0,0.0,1
337.601,0,0,0.0,0.0,1
337.601,0,0,0.0,0.0,1
337.601,0,0,0.0,0.0,1
337.701,0,0,0.0,0.0,1
337.701,0,0,0.0,0.0,1
337.701,0,0,0.0,0.0,1
337.801,0,0,0.0,0.0,1
337.801,0,0,0.0,0.0,1
337.801,0,0,0.0,0.0,1
337.801,0,0,0.0,0.0,1
337.901,0,0,0.0,0.0,1
337.901,0,0,0.0,0.0,1
337.901,0,0,0.0,0.0,1
337.901,0,0,0.0,0.0,1
338.001,0,0,0.0,0.0,1
338.001,0,0,0.0,0.0,1
338.001,0,0,0.0,0.0,1
338.101,0,0,0.0,0.0,1
338.101,0,0,0.0,0.0,1
338.101,0,0,0.0,0.0,1
338.101,0,0,0.0,0.0,1
338.201,0,0,0.0,0.0,1
338.201,0,0,0.0,0.0,1
338.201,0,0,0.0,0.0,1
338.301,0,0,0.0,0.0,1
338.301,0,0,0.0,0.0,1
338.301,0,0,0.0,0.0,1
338.301,0,0,0.0,0.0,1
338.401,0,0,0.0,0.0,1
338.401,0,0,0.0,0.0,1
338.401,0,0,0.0,0.0,1
338.501,0,0,0.0,0.0,1
338.501,0,0,0.0,0.0,1
338.501,0,0,0.0,0.0,1
338.501,0,0,0.0,0.0,1
338.601,0,0,0.0,0.0,1
338.601,0,0,0.0,0.0,1
338.601,0,0,0.0,0.0,1
338.601,0,0,0.0,0.0,1
338.701,0,0,0.0,0.0,1
338.701,0,0,0.0,0.0,1
338.701,0,0,0.0,0.0,1
338.801,0,0,0.0,0.0,1
338.801,0,0,0.0,0.0,1
338.801,0,0,0.0,0.0,1
338.801,0,0,0.0,0.0,1
338.901,0,0,0.0,0.0,1
338.901,0,0,0.0,0.0,1
338.901,0,0,0.0,0.0,1
339.001,0,0,0.0,0.0,1
339.001,0,0,0.0,0.0,1
339.001,0,0,0.0,0.0,1
339.001,0,0,0.0,0.0,1
339.101,0,0,0.0,0.0,1
339.101,0,0,0.0,0.0,1
339.101,0,0,0.0,0.0,1
339.201,0,0,0.0,0.0,1
339.201,0,0,0.0,0.0,1
339.201,0,0,0.0,0.0,1
339.201,0,0,0.0,0.0,1
339.301,0,0,0.0,0.0,1
339.301,0,0,0.0,0.0,1
339.301,0,0,0.0,0.0,1
339.401,0,0,0.0,0.0,1
339.401,0,0,0.0,0.0,1
339.401,0,0,0.0,0.0,1
339.401,0,0,0.0,0.0,1
339.501,0,0,0.0,0.0,1
339.501,0,0,0.0,0.0,1
339.501,0,0,0.0,0.0,1
339.501,0,0,0.0,0.0,1
339.601,0,0,0.0,0.0,1
339.601,0,0,0.0,0.0,1
339.601,0,0,0.0,0.0,1
339.701,0,0,0.0,0.0,1
339.701,0,0,0.0,0.0,1
339.701,0,0,0.0,0.0,1
339.701,0,0,0.0,0.0,1
339.801,0,0,0.0,0.0,1
339.801,0,0,0.0,0.0,1
339.801,0,0,0.0,0.0,1
339.901,0,0,0.0,0.0,1
339.901,0,0,0.0,0.0,1
339.901,0,0,0.0,0.0,1
339.901,0,0,0.0,0.0,1
340.001,0,0,0.0,0.0,1
340.001,0,0,0.0,0.0,1
340.001,0,0,0.0,0.0,1
340.101,0,0,0.0,0.0,1
340.101,0,0,0.0,0.0,1
340.101,0,0,0.0,0.0,1
340.101,0,0,0.0,0.0,1
340.201,0,0,0.0,0.0,1
340.201,0,0,0.0,0.0,1
340.201,0,0,0.0,0.0,1
340.201,0,0,0.0,0.0,1
340.301,0,0,0.0,0.0,1
340.301,0,0,0.0,0.0,1
340.301,0,0,0.0,0.0,1
340.401,0,0,0.0,0.0,1
340.401,0,0,0.0,0.0,1
340.401,0,0,0.0,0.0,1
340.401,0,0,0.0,0.0,1
340.501,0,0,0.0,0.0,1
340.501,0,0,0.0,0.0,1
340.501,0,0,0.0,0.0,1
340.601,0,0,0.0,0.0,1
340.601,0,0,0.0,0.0,1
340.601,0,0,0.0,0.0,1
340.601,0,0,0.0,0.0,1
340.701,0,0,0.0,0.0,1
340.701,0,0,0.0,0.0,1
340.701,0,0,0.0,0.0,1
340.801,0,0,0.0,0.0,1
340.801,0,0,0.0,0.0,1
340.801,0,0,0.0,0.0,1
340.801,0,0,0.0,0.0,1
340.901,0,0,0.0,0.0,1
340.901,0,0,0.0,0.0,1
340.901,0,0,0.0,0.0,1
341.001,0,0,0.0,0.0,1
341.001,0,0,0.0,0.0,1
341.001,0,0,0.0,0.0,1
341.001,0,0,0.0,0.0,1
341.101,0,0,0.0,0.0,1
341.101,0,0,0.0,0.0,1
341.101,0,0,0.0,0.0,1
341.101,0,0,0.0,0.0,1
341.201,0,0,0.0,0.0,1
341.201,0,0,0.0,0.0,1
341.201,0,0,0.0,0.0,1
341.301,0,0,0.0,0.0,1
341.301,0,0,0.0,0.0,1
341.301,0,0,0.0,0.0,1
341.301,0,0,0.0,0.0,1
341.401,0,0,0.0,0.0,1
341.401,0,0,0.0,0.0,1
341.401,0,0,0.0,0.0,1
341.501,0,0,0.0,0.0,1
341.501,0,0,0.0,0.0,1
341.501,0,0,0.0,0.0,1
341.501,0,0,0.0,0.0,1
341.601,0,0,0.0,0.0,1
341.601,0,0,0.0,0.0,1
341.601,0,0,0.0,0.0,1
341.701,0,0,0.0,0.0,1
341.701,0,0,0.0,0.0,1
341.701,0,0,0.0,0.0,1
341.701,0,0,0.0,0.0,1
341.801,0,0,0.0,0.0,1
341.801,0,0,0.0,0.0,1
341.801,0,0,0.0,0.0,1
341.801,0,0,0.0,0.0,1
341.901,0,0,0.0,0.0,1
341.901,0,0,0.0,0.0,1
341.901,0,0,0.0,0.0,1
342.001,0,0,0.0,0.0,1
342.001,0,0,0.0,0.0,1
342.001,0,0,0.0,0.0,1
342.001,0,0,0.0,0.0,1
342.101,0,0,0.0,0.0,1
342.101,0,0,0.0,0.0,1
342.101,0,0,0.0,0.0,1
342.201,0,0,0.0,0.0,1
342.201,0,0,0.0,0.0,1
342.201,0,0,0.0,0.0,1
342.201,0,0,0.0,0.0,1
342.301,0,0,0.0,0.0,1
342.301,0,0,0.0,0.0,1
342.301,0,0,0.0,0.0,1
342.401,0,0,0.0,0.0,1
342.401,0,0,0.0,0.0,1
342.401,0,0,0.0,0.0,1
342.401,0,0,0.0,0.0,1
342.501,0,0,0.0,0.0,1
342.501,0,0,0.0,0.0,1
342.501,0,0,0.0,0.0,1
342.601,0,0,0.0,0.0,1
342.601,0,0,0.0,0.0,1
342.601,0,0,0.0,0.0,1
342.601,0,0,0.0,0.0,1
342.701,0,0,0.0,0.0,1
342.701,0,0,0.0,0.0,1
342.701,0,0,0.0,0.0,1
342.701,0,0,0.0,0.0,1
342.801,0,0,0.0,0.0,1
342.801,0,0,0.0,0.0,1
342.801,0,0,0.0,0.0,1
342.901,0,0,0.0,0.0,1
342.901,0,0,0.0,0.0,1
342.901,0,0,0.0,0.0,1
342.901,0,0,0.0,0.0,1
343.001,0,0,0.0,0.0,1
343.001,0,0,0.0,0.0,1
343.001,0,0,0.0,0.0,1
343.101,0,0,0.0,0.0,1
343.101,0,0,0.0,0.0,1
343.101,0,0,0.0,0.0,1
343.101,0,0,0.0,0.0,1
343.201,0,0,0.0,0.0,1
343.201,0,0,0.0,0.0,1
343.201,0,0,0.0,0.0,1
343.301,0,0,0.0,0.0,1
343.301,0,0,0.0,0.0,1
343.301,0,0,0.0,0.0,1
343.301,0,0,0.0,0.0,1
343.401,0,0,0.0,0.0,1
343.401,0,0,0.0,0.0,1
343.401,0,0,0.0,0.0,1
343.401,0,0,0.0,0.0,1
343.501,0,0,0.0,0.0,1
343.501,0,0,0.0,0.0,1
343.501,0,0,0.0,0.0,1
343.601,0,0,0.0,0.0,1
343.601,0,0,0.0,0.0,1
343.601,0,0,0.0,0.0,1
343.601,0,0,0.0,0.0,1
343.701,0,0,0.0,0.0,1
343.701,0,0,0.0,0.0,1
343.701,0,0,0.0,0.0,1
343.801,0,0,0.0,0.0,1
343.801,0,0,0.0,0.0,1
343.801,0,0,0.0,0.0,1
343.801,0,0,0.0,0.0,1
343.901,0,0,0.0,0.0,1
343.901,0,0,0.0,0.0,1
343.901,0,0,0.0,0.0,1
344.001,0,0,0.0,0.0,1
344.001,0,0,0.0,0.0,1
344.001,0,0,0.0,0.0,1
344.001,0,0,0.0,0.0,1
344.101,0,0,0.0,0.0,1
344.101,0,0,0.0,0.0,1
344.101,0,0,0.0,0.0,1
344.101,0,0,0.0,0.0,1
344.201,0,0,0.0,0.0,1
344.201,0,0,0.0,0.0,1
344.201,0,0,0.0,0.0,1
344.301,0,0,0.0,0.0,1
344.301,0,0,0.0,0.0,1
344.301,0,0,0.0,0.0,1
344.301,0,0,0.0,0.0,1
344.401,0,0,0.0,0.0,1
344.401,0,0,0.0,0.0,1
344.401,0,0,0.0,0.0,1
344.501,0,0,0.0,0.0,1
344.501,0,0,0.0,0.0,1
344.501,0,0,0.0,0.0,1
344.501,0,0,0.0,0.0,1
344.601,0,0,0.0,0.0,1
344.601,0,0,0.0,0.0,1
344.601,0,0,0.0,0.0,1
344.701,0,0,0.0,0.0,1
344.701,0,0,0.0,0.0,1
344.701,0,0,0.0,0.0,1
344.701,0,0,0.0,0.0,1
344.801,0,0,0.0,0.0,1
344.801,0,0,0.0,0.0,1
344.801,0,0,0.0,0.0,1
344.801,0,0,0.0,0.0,1
344.901,0,0,0.0,0.0,1
344.901,0,0,0.0,0.0,1
344.901,0,0,0.0,0.0,1
345.001,0,0,0.0,0.0,1
345.001,0,0,0.0,0.0,1
345.001,0,0,0.0,0.0,1
345.001,0,0,0.0,0.0,1
345.101,0,0,0.0,0.0,1
345.101,0,0,0.0,0.0,1
345.101,0,0,0.0,0.0,1
345.201,0,0,0.0,0.0,1
345.201,0,0,0.0,0.0,1
345.201,0,0,0.0,0.0,1
345.201,0,0,0.0,0.0,1
345.301,0,0,0.0,0.0,1
345.301,0,0,0.0,0.0,1
345.301,0,0,0.0,0.0,1
345.401,0,0,0.0,0.0,1
345.401,0,0,0.0,0.0,1
345.401,0,0,0.0,0.0,1
345.401,0,0,0.0,0.0,1
345.501,0,0,0.0,0.0,1
345.501,0,0,0.0,0.0,1
345.501,0,0,0.0,0.0,1
345.601,0,0,0.0,0.0,1
345.601,0,0,0.0,0.0,1
345.601,0,0,0.0,0.0,1
345.601,0,0,0.0,0.0,1
345.701,0,0,0.0,0.0,1
345.701,0,0,0.0,0.0,1
345.701,0,0,0.0,0.0,1
345.701,0,0,0.0,0.0,1
345.801,0,0,0.0,0.0,1
345.801,0,0,0.0,0.0,1
345.801,0,0,0.0,0.0,1
345.901,0,0,0.0,0.0,1
345.901,0,0,0.0,0.0,1
345.901,0,0,0.0,0.0,1
345.901,0,0,0.0,0.0,1
346.001,0,0,0.0,0.0,1
346.001,0,0,0.0,0.0,1
346.001,0,0,0.0,0.0,1
346.101,0,0,0.0,0.0,1
346.101,0,0,0.0,0.0,1
346.101,0,0,0.0,0.0,1
346.101,0,0,0.0,0.0,1
346.201,0,0,0.0,0.0,1
346.201,0,0,0.0,0.0,1
346.201,0,0,0.0,0.0,1
346.301,0,0,0.0,0.0,1
346.301,0,0,0.0,0.0,1
346.301,0,0,0.0,0.0,1
346.301,0,0,0.0,0.0,1
346.401,0,0,0.0,0.0,1
346.401,0,0,0.0,0.0,1
346.401,0,0,0.0,0.0,1
346.401,0,0,0.0,0.0,1
346.501,0,0,0.0,0.0,1
346.501,0,0,0.0,0.0,1
346.501,0,0,0.0,0.0,1
346.601,0,0,0.0,0.0,1
346.601,0,0,0.0,0.0,1
346.601,0,0,0.0,0.0,1
346.601,0,0,0.0,0.0,1
346.701,0,0,0.0,0.0,1
346.701,0,0,0.0,0.0,1
346.701,0,0,0.0,0.0,1
346.801,0,0,0.0,0.0,1
346.801,0,0,0.0,0.0,1
346.801,0,0,0.0,0.0,1
346.801,0,0,0.0,0.0,1
346.901,0,0,0.0,0.0,1
346.901,0,0,0.0,0.0,1
346.901,0,0,0.0,0.0,1
347.001,0,0,0.0,0.0,1
347.001,0,0,0.0,0.0,1
347.001,0,0,0.0,0.0,1
347.001,0,0,0.0,0.0,1
347.101,0,0,0.0,0.0,1
347.101,0,0,0.0,0.0,1
347.101,0,0,0.0,0.0,1
347.101,0,0,0.0,0.0,1
347.201,0,0,0.0,0.0,1
347.201,0,0,0.0,0.0,1
347.201,0,0,0.0,0.0,1
347.301,0,0,0.0,0.0,1
347.301,0,0,0.0,0.0,1
347.301,0,0,0.0,0.0,1
347.301,0,0,0.0,0.0,1
347.401,0,0,0.0,0.0,1
347.401,0,0,0.0,0.0,1
347.401,0,0,0.0,0.0,1
347.501,0,0,0.0,0.0,1
347.501,0,0,0.0,0.0,1
347.501,0,0,0.0,0.0,1
347.501,0,0,0.0,0.0,1
347.601,0,0,0.0,0.0,1
347.601,0,0,0.0,0.0,1
347.601,0,0,0.0,0.0,1
347.701,0,0,0.0,0.0,1
347.701,0,0,0.0,0.0,1
347.701,0,0,0.0,0.0,1
347.701,0,0,0.0,0.0,1
347.801,0,0,0.0,0.0,1
347.801,0,0,0.0,0.0,1
347.801,0,0,0.0,0.0,1
347.901,0,0,0.0,0.0,1
347.901,0,0,0.0,0.0,1
347.901,0,0,0.0,0.0,1
347.901,0,0,0.0,0.0,1
348.001,0,0,0.0,0.0,1
348.001,0,0,0.0,0.0,1
348.001,0,0,0.0,0.0,1
348.001,0,0,0.0,0.0,1
348.101,0,0,0.0,0.0,1
348.101,0,0,0.0,0.0,1
348.101,0,0,0.0,0.0,1
348.201,0,0,0.0,0.0,1
348.201,0,0,0.0,0.0,1
348.201,0,0,0.0,0.0,1
348.201,0,0,0.0,0.0,1
348.301,0,0,0.0,0.0,1
348.301,0,0,0.0,0.0,1
348.301,0,0,0.0,0.0,1
348.401,0,0,0.0,0.0,1
348.401,0,0,0.0,0.0,1
348.401,0,0,0.0,0.0,1
348.401,0,0,0.0,0.0,1
348.501,0,0,0.0,0.0,1
348.501,0,0,0.0,0.0,1
348.501,0,0,0.0,0.0,1
348.601,0,0,0.0,0.0,1
348.601,0,0,0.0,0.0,1
348.601,0,0,0.0,0.0,1
348.601,0,0,0.0,0.0,1
348.701,0,0,0.0,0.0,1
348.701,0,0,0.0,0.0,1
348.701,0,0,0.0,0.0,1
348.701,0,0,0.0,0.0,1
348.801,0,0,0.0,0.0,1
348.801,0,0,0.0,0.0,1
348.801,0,0,0.0,0.0,1
348.901,0,0,0.0,0.0,1
348.901,0,0,0.0,0.0,1
348.901,0,0,0.0,0.0,1
348.901,0,0,0.0,0.0,1
349.001,0,0,0.0,0.0,1
349.001,0,0,0.0,0.0,1
349.001,0,0,0.0,0.0,1
349.101,0,0,0.0,0.0,1
349.101,0,0,0.0,0.0,1
349.101,0,0,0.0,0.0,1
349.101,0,0,0.0,0.0,1
349.201,2,0,-20.0,0.0,0
349.201,2,0,-20.0,0.0,0
349.201,2,0,-20.0,0.0,0
349.301,2,0,-20.0,0.0,0
349.301,2,0,-20.0,0.0,0
349.301,2,0,-20.0,0.0,0
349.301,2,0,-20.0,0.0,0
349.401,2,0,-20.0,0.0,0
349.401,2,0,-20.0,0.0,0
349.401,2,0,-20.0,0.0,0
349.401,2,0,-20.0,0.0,0
349.501,2,0,-20.0,0.0,0
349.501,2,0,-20.0,0.0,0
349.501,2,0,-20.0,0.0,0
349.601,2,0,-20.0,0.0,0
349.601,2,0,-20.0,0.0,0
349.601,2,0,-20.0,0.0,0
349.601,2,0,-20.0,0.0,0
349.701,2,0,-20.0,0.0,0
349.701,2,0,-20.0,0.0,0
349.701,2,0,-20.0,0.0,0
349.801,2,0,-20.0,0.0,0
349.801,2,0,-20.0,0.0,0
349.801,2,0,-20.0,0.0,0
349.801,2,0,-20.0,0.0,0
349.901,2,0,-20.0,0.0,0
349.901,2,0,-20.0,0.0,0
349.901,2,0,-20.0,0.0,0
350.001,2,0,-20.0,0.0,0
350.001,2,0,-20.0,0.0,0
350.001,2,0,-20.0,0.0,0
350.001,2,0,-20.0,0.0,0
350.101,2,0,-20.0,0.0,0
350.101,2,0,-20.0,0.0,0
350.101,2,0,-20.0,0.0,0
350.201,2,0,-20.0,0.0,0
350.201,2,0,-20.0,0.0,0
350.201,2,0,-20.0,0.0,0
350.201,2,0,-20.0,0.0,0
350.301,2,0,-20.0,0.0,0
350.301,2,0,-20.0,0.0,0
350.301,2,0,-20.0,0.0,0
350.301,2,0,-20.0,0.0,0
350.401,2,0,-20.0,0.0,0
350.401,2,0,-20.0,0.0,0
350.401,2,0,-20.0,0.0,0
350.501,2,0,-20.0,0.0,0
350.501,2,0,-20.0,0.0,0
350.501,2,0,-20.0,0.0,0
350.501,2,0,-20.0,0.0,0
350.601,2,0,-20.0,0.0,0
350.601,2,0,-20.0,0.0,0
350.601,2,0,-20.0,0.0,0
350.701,2,0,-20.0,0.0,0
350.701,2,0,-20.0,0.0,0
350.701,2,0,-20.0,0.0,0
350.701,2,0,-20.0,0.0,0
350.801,2,0,-20.0,0.0,0
350.801,2,0,-20.0,0.0,0
350.801,2,0,-20.0,0.0,0
350.901,2,0,-20.0,0.0,0
350.901,2,0,-20.0,0.0,0
350.901,2,0,-20.0,0.0,0
350.901,2,0,-20.0,0.0,0
351.001,2,0,-20.0,0.0,0
351.001,2,0,-20.0,0.0,0
351.001,2,0,-20.0,0.0,0
351.001,2,0,-20.0,0.0,0
351.101,2,0,-20.0,0.0,0
351.101,2,0,-20.0,0.0,0
351.101,2,0,-20.0,0.0,0
351.201,2,0,-20.0,0.0,0
351.201,2,0,-20.0,0.0,0
351.201,2,0,-20.0,0.0,0
351.201,2,0,-20.0,0.0,0
351.301,2,0,-20.0,0.0,0
351.301,2,0,-20.0,0.0,0
351.301,2,0,-20.0,0.0,0
351.401,2,0,-20.0,0.0,0
351.401,2,0,-20.0,0.0,0
351.401,2,0,-20.0,0.0,0
351.401,2,0,-20.0,0.0,0
351.501,2,0,-20.0,0.0,0
351.501,2,0,-20.0,0.0,0
351.501,2,0,-20.0,0.0,0
351.601,2,0,-20.0,0.0,0
351.601,2,0,-20.0,0.0,0
351.601,2,0,-20.0,0.0,0
351.601,2,0,-20.0,0.0,0
351.701,2,0,-20.0,0.0,0
351.701,2,0,-20.0,0.0,0
351.701,2,0,-20.0,0.0,0
351.701,2,0,-20.0,0.0,0
351.801,2,0,-20.0,0.0,0
351.801,2,0,-20.0,0.0,0
351.801,2,0,-20.0,0.0,0
351.901,2,0,-20.0,0.0,0
351.901,2,0,-20.0,0.0,0
351.901,2,0,-20.0,0.0,0
351.901,2,0,-20.0,0.0,0
352.001,2,0,-20.0,0.0,0
352.001,2,0,-20.0,0.0,0
352.001,2,0,-20.0,0.0,0
352.101,2,0,-20.0,0.0,0
352.101,2,0,-20.0,0.0,0
352.101,2,0,-20.0,0.0,0
352.101,2,0,-20.0,0.0,0
352.201,2,0,-20.0,0.0,0
352.201,2,0,-20.0,0.0,0
352.201,2,0,-20.0,0.0,0
352.301,2,0,-20.0,0.0,0
352.301,2,0,-20.0,0.0,0
352.301,2,0,-20.0,0.0,0
352.301,2,0,-20.0,0.0,0
352.401,2,0,-20.0,0.0,0
352.401,2,0,-20.0,0.0,0
352.401,2,0,-20.0,0.0,0
352.501,2,0,-20.0,0.0,0
352.501,2,0,-20.0,0.0,0
352.501,2,0,-20.0,0.0,0
352.501,2,0,-20.0,0.0,0
352.601,2,0,-20.0,0.0,0
352.601,2,0,-20.0,0.0,0
352.601,2,0,-20.0,0.0,0
352.601,2,0,-20.0,0.0,0
352.701,2,0,-20.0,0.0,0
352.701,2,0,-20.0,0.0,0
352.701,2,0,-20.0,0.0,0
352.801,2,0,-20.0,0.0,0
352.801,2,0,-20.0,0.0,0
352.801,2,0,-20.0,0.0,0
352.801,2,0,-20.0,0.0,0
352.901,2,0,-20.0,0.0,0
352.901,2,0,-20.0,0.0,0
352.901,2,0,-20.0,0.0,0
353.001,2,0,-20.0,0.0,0
353.001,2,0,-20.0,0.0,0
353.001,2,0,-20.0,0.0,0
353.001,2,0,-20.0,0.0,0
353.101,2,0,-20.0,0.0,0
353.101,2,0,-20.0,0.0,0
353.101,2,0,-20.0,0.0,0
353.201,2,0,-20.0,0.0,0
353.201,2,0,-20.0,0.0,0
353.201,2,0,-20.0,0.0,0
353.201,2,0,-20.0,0.0,0
353.301,2,0,-20.0,0.0,0
353.301,2,0,-20.0,0.0,0
353.301,2,0,-20.0,0.0,0
353.301,2,0,-20.0,0.0,0
353.401,2,0,-20.0,0.0,0
353.401,2,0,-20.0,0.0,0
353.401,2,0,-20.0,0.0,0
353.501,2,0,-20.0,0.0,0
353.501,2,0,-20.0,0.0,0
353.501,2,0,-20.0,0.0,0
353.501,2,0,-20.0,0.0,0
353.601,2,2,-20.0,-2.0,0
353.601,2,2,-20.0,-2.0,0
353.601,2,2,-20.0,-2.0,0
353.701,0,2,0.0,-2.0,0
353.701,0,2,0.0,-2.0,0
353.701,0,2,0.0,-2.0,0
353.701,0,2,0.0,-2.0,0
353.801,0,2,0.0,-2.0,0
353.801,0,2,0.0,-2.0,0
353.801,0,2,0.0,-2.0,0
353.901,0,2,0.0,-2.0,0
353.901,0,2,0.0,-2.0,0
353.901,0,2,0.0,-2.0,0
353.901,0,2,0.0,-2.0,0
354.001,0,2,0.0,-2.0,0
354.001,0,2,0.0,-2.0,0
354.001,0,2,0.0,-2.0,0
354.101,0,2,0.0,-2.0,0
354.101,0,2,0.0,-2.0,0
354.101,0,2,0.0,-2.0,0
354.101,0,2,0.0,-2.0,0
354.201,0,2,0.0,-2.0,0
354.201,0,2,0.0,-2.0,0
354.201,0,2,0.0,-2.0,0
354.201,0,2,0.0,-2.0,0
354.301,0,2,0.0,-2.0,0
354.301,0,2,0.0,-2.0,0
354.301,0,2,0.0,-2.0,0
354.401,0,2,0.0,-2.0,0
354.401,0,2,0.0,-2.0,0
354.401,0,2,0.0,-2.0,0
354.401,0,2,0.0,-2.0,0
354.501,0,2,0.0,-2.0,0
354.501,0,2,0.0,-2.0,0
354.501,0,2,0.0,-2.0,0
354.601,0,2,0.0,-2.0,0
354.601,0,2,0.0,-2.0,0
354.601,0,2,0.0,-2.0,0
354.601,0,2,0.0,-2.0,0
354.701,0,2,0.0,-2.0,0
354.701,0,2,0.0,-2.0,0
354.701,0,2,0.0,-2.0,0
354.801,0,2,0.0,-2.0,0
354.801,0,2,0.0,-2.0,0
354.801,0,2,0.0,-2.0,0
354.801,0,2,0.0,-2.0,0
354.901,0,2,0.0,-2.0,0
354.901,0,2,0.0,-2.0,0
354.901,0,2,0.0,-2.0,0
354.901,0,2,0.0,-2.0,0
355.001,0,2,0.0,-2.0,0
355.001,0,2,0.0,-2.0,0
355.001,0,2,0.0,-2.0,0
355.101,0,2,0.0,-2.0,0
355.101,0,2,0.0,-2.0,0
355.101,0,2,0.0,-2.0,0
355.101,0,2,0.0,-2.0,0
355.201,0,2,0.0,-2.0,0
355.201,0,2,0.0,-2.0,0
355.201,0,2,0.0,-2.0,0
355.301,0,2,0.0,-2.0,0
355.301,0,2,0.0,-2.0,0
355.301,0,2,0.0,-2.0,0
355.301,0,2,0.0,-2.0,0
355.401,0,2,0.0,-2.0,0
355.401,0,2,0.0,-2.0,0
355.401,0,2,0.0,-2.0,0
355.501,0,2,0.0,-2.0,0
355.501,0,2,0.0,-2.0,0
355.501,0,2,0.0,-2.0,0
355.501,0,2,0.0,-2.0,0
355.601,0,2,0.0,-2.0,0
355.601,0,2,0.0,-2.0,0
355.601,0,2,0.0,-2.0,0
355.601,0,2,0.0,-2.0,0
355.701,0,2,0.0,-2.0,0
355.701,0,2,0.0,-2.0,0
355.701,0,2,0.0,-2.0,0
355.801,0,2,0.0,-2.0,0
355.801,0,2,0.0,-2.0,0
355.801,0,2,0.0,-2.0,0
355.801,0,2,0.0,-2.0,0
355.901,0,2,0.0,-2.0,0
355.901,0,2,0.0,-2.0,0
355.901,0,2,0.0,-2.0,0
356.001,0,2,0.0,-2.0,0
356.001,0,2,0.0,-2.0,0
356.001,0,2,0.0,-2.0,0
356.001,0,2,0.0,-2.0,0
356.101,0,2,0.0,-2.0,0
356.101,0,2,0.0,-2.0,0
356.101,0,2,0.0,-2.0,0
356.201,0,2,0.0,-2.0,0
356.201,0,2,0.0,-2.0,0
356.201,0,2,0.0,-2.0,0
356.201,0,2,0.0,-2.0,0
356.301,0,2,0.0,-2.0,0
356.301,0,2,0.0,-2.0,0
356.301,0,2,0.0,-2.0,0
356.401,0,2,0.0,-2.0,0
356.401,0,2,0.0,-2.0,0
356.401,0,2,0.0,-2.0,0
356.401,0,2,0.0,-2.0,0
356.501,0,2,0.0,-2.0,0
356.501,0,2,0.0,-2.0,0
356.501,0,2,0.0,-2.0,0
356.501,0,2,0.0,-2.0,0
356.601,0,2,0.0,-2.0,0
356.601,0,2,0.0,-2.0,0
356.601,0,2,0.0,-2.0,0
356.701,0,2,0.0,-2.0,0
356.701,0,2,0.0,-2.0,0
356.701,0,2,0.0,-2.0,0
356.701,0,2,0.0,-2.0,0
356.801,0,2,0.0,-2.0,0
356.801,0,2,0.0,-2.0,0
356.801,0,2,0.0,-2.0,0
356.901,0,2,0.0,-2.0,0
356.901,0,2,0.0,-2.0,0
356.901,0,2,0.0,-2.0,0
356.901,0,2,0.0,-2.0,0
357.001,0,2,0.0,-2.0,0
357.001,0,2,0.0,-2.0,0
357.001,0,2,0.0,-2.0,0
357.101,0,2,0.0,-2.0,0
357.101,0,2,0.0,-2.0,0
357.101,0,2,0.0,-2.0,0
357.101,0,2,0.0,-2.0,0
357.201,0,2,0.0,-2.0,0
357.201,0,2,0.0,-2.0,0
357.201,0,2,0.0,-2.0,0
357.201,0,2,0.0,-2.0,0
357.301,0,2,0.0,-2.0,0
357.301,0,2,0.0,-2.0,0
357.301,0,2,0.0,-2.0,0
357.401,0,2,0.0,-2.0,0
357.401,0,2,0.0,-2.0,0
357.401,0,2,0.0,-2.0,0
357.401,0,2,0.0,-2.0,0
357.501,0,2,0.0,-2.0,0
357.501,0,2,0.0,-2.0,0
357.501,0,2,0.0,-2.0,0
357.601,0,2,0.0,-2.0,0
357.601,0,2,0.0,-2.0,0
357.601,0,2,0.0,-2.0,0
357.601,0,2,0.0,-2.0,0
357.701,0,2,0.0,-2.0,0
357.701,0,2,0.0,-2.0,0
357.701,0,2,0.0,-2.0,0
357.801,0,2,0.0,-2.0,0
357.801,0,2,0.0,-2.0,0
357.801,0,2,0.0,-2.0,0
357.801,0,2,0.0,-2.0,0
357.901,0,2,0.0,-2.0,0
357.901,0,2,0.0,-2.0,0
357.901,0,2,0.0,-2.0,0
357.901,0,2,0.0,-2.0,0
358.001,0,2,0.0,-2.0,0
358.001,0,2,0.0,-2.0,0
358.001,0,2,0.0,-2.0,0
358.101,0,2,0.0,-2.0,0
358.101,0,2,0.0,-2.0,0
358.101,0,2,0.0,-2.0,0
358.101,0,2,0.0,-2.0,0
358.201,0,2,0.0,-2.0,0
358.201,0,2,0.0,-2.0,0
358.201,0,2,0.0,-2.0,0
358.301,0,2,0.0,-2.0,0
358.301,0,2,0.0,-2.0,0
358.301,0,2,0.0,-2.0,0
358.301,0,2,0.0,-2.0,0
358.401,0,2,0.0,-2.0,0
358.401,0,2,0.0,-2.0,0
358.401,0,2,0.0,-2.0,0
358.501,0,2,0.0,-2.0,0
358.501,0,2,0.0,-2.0,0
358.501,0,2,0.0,-2.0,0
358.501,0,2,0.0,-2.0,0
358.601,0,2,0.0,-2.0,0
358.601,0,2,0.0,-2.0,0
358.601,0,2,0.0,-2.0,0
358.701,0,2,0.0,-2.0,0
358.701,0,2,0.0,-2.0,0
358.701,0,2,0.0,-2.0,0
358.701,0,2,0.0,-2.0,0
358.801,0,2,0.0,-2.0,0
358.801,0,2,0.0,-2.0,0
358.801,0,2,0.0,-2.0,0
358.801,0,2,0.0,-2.0,0
358.901,0,2,0.0,-2.0,0
358.901,0,2,0.0,-2.0,0
358.901,0,2,0.0,-2.0,0
359.001,0,2,0.0,-2.0,0
359.001,0,2,0.0,-2.0,0
359.001,0,2,0.0,-2.0,0
359.001,0,2,0.0,-2.0,0
359.101,0,2,0.0,-2.0,0
359.101,0,2,0.0,-2.0,0
359.101,0,2,0.0,-2.0,0
359.201,0,2,0.0,-2.0,0
359.201,0,2,0.0,-2.0,0
359.201,0,2,0.0,-2.0,0
359.201,0,2,0.0,-2.0,0
359.301,0,2,0.0,-2.0,0
359.301,0,2,0.0,-2.0,0
359.301,0,2,0.0,-2.0,0
359.401,0,2,0.0,-2.0,0
359.401,0,2,0.0,-2.0,0
359.401,0,2,0.0,-2.0,0
359.401,0,2,0.0,-2.0,0
359.501,0,2,0.0,-2.0,0
359.501,0,2,0.0,-2.0,0
359.501,0,2,0.0,-2.0,0
359.501,0,2,0.0,-2.0,0
359.601,0,2,0.0,-2.0,0
359.601,0,2,0.0,-2.0,0
359.601,0,2,0.0,-2.0,0
359.701,0,2,0.0,-2.0,0
359.701,0,2,0.0,-2.0,0
359.701,0,2,0.0,-2.0,0
359.701,0,2,0.0,-2.0,0
359.801,0,2,0.0,-2.0,0
359.801,0,2,0.0,-2.0,0
359.801,0,2,0.0,-2.0,0
359.901,0,2,0.0,-2.0,0
359.901,0,2,0.0,-2.0,0
359.901,0,2,0.0,-2.0,0
359.901,0,2,0.0,-2.0,0
360.001,0,2,0.0,-2.0,0
360.001,0,2,0.0,-2.0,0
360.001,0,2,0.0,-2.0,0
360.101,0,2,0.0,-2.0,0
360.101,0,2,0.0,-2.0,0
360.101,0,2,0.0,-2.0,0
360.101,0,2,0.0,-2.0,0
360.201,2,0,-42.3,0.0,0
360.201,2,0,-42.3,0.0,0
360.201,2,0,-42.3,0.0,0
360.301,2,0,-42.3,0.0,0
360.301,2,0,-42.3,0.0,0
360.301,2,0,-42.3,0.0,0
360.301,2,0,-42.3,0.0,0
360.401,2,0,-42.3,0.0,0
360.401,2,0,-42.3,0.0,0
360.401,2,0,-42.3,0.0,0
360.401,2,0,-42.3,0.0,0
360.501,2,0,-42.3,0.0,0
360.501,2,0,-42.3,0.0,0
360.501,2,0,-42.3,0.0,0
360.601,2,0,-42.3,0.0,0
360.601,2,0,-42.3,0.0,0
360.601,2,0,-42.3,0.0,0
360.601,2,0,-42.3,0.0,0
360.701,2,0,-42.3,0.0,0
360.701,2,0,-42.3,0.0,0
360.701,2,0,-42.3,0.0,0
360.801,2,0,-42.3,0.0,0
360.801,2,0,-42.3,0.0,0
360.801,2,0,-42.3,0.0,0
360.801,2,0,-42.3,0.0,0
360.901,2,0,-42.3,0.0,0
360.901,2,0,-42.3,0.0,0
360.901,2,0,-42.3,0.0,0
361.001,2,0,-42.3,0.0,0
361.001,2,0,-42.3,0.0,0
361.001,2,0,-42.3,0.0,0
361.001,2,0,-42.3,0.0,0
361.101,2,0,-42.3,0.0,0
361.101,2,0,-42.3,0.0,0
361.101,2,0,-42.3,0.0,0
361.101,2,0,-42.3,0.0,0
361.201,2,0,-42.3,0.0,0
361.201,2,0,-42.3,0.0,0
361.201,2,0,-42.3,0.0,0
361.301,2,0,-42.3,0.0,0
361.301,2,0,-42.3,0.0,0
361.301,2,0,-42.3,0.0,0
361.301,2,0,-42.3,0.0,0
361.401,2,0,-42.3,0.0,0
361.401,2,0,-42.3,0.0,0
361.401,2,0,-42.3,0.0,0
361.501,2,0,-42.3,0.0,0
361.501,2,0,-42.3,0.0,0
361.501,2,0,-42.3,0.0,0
361.501,2,0,-42.3,0.0,0
361.601,2,0,-42.3,0.0,0
361.601,2,0,-42.3,0.0,0
361.601,2,0,-42.3,0.0,0
361.701,2,0,-42.3,0.0,0
361.701,2,0,-42.3,0.0,0
361.701,2,0,-42.3,0.0,0
361.701,2,0,-42.3,0.0,0
361.801,2,0,-42.3,0.0,0
361.801,2,0,-42.3,0.0,0
361.801,2,0,-42.3,0.0,0
361.801,2,0,-42.3,0.0,0
361.901,2,0,-42.3,0.0,0
361.901,2,0,-42.3,0.0,0
361.901,2,0,-42.3,0.0,0
362.001,2,0,-42.3,0.0,0
362.001,2,0,-42.3,0.0,0
362.001,2,0,-42.3,0.0,0
362.001,2,0,-42.3,0.0,0
362.101,2,0,-42.3,0.0,0
362.101,2,0,-42.3,0.0,0
362.101,2,0,-42.3,0.0,0
362.201,2,0,-42.3,0.0,0
362.201,2,0,-42.3,0.0,0
362.201,2,0,-42.3,0.0,0
362.201,2,0,-42.3,0.0,0
362.301,2,0,-42.3,0.0,0
362.301,2,0,-42.3,0.0,0
362.301,2,0,-42.3,0.0,0
362.401,2,0,-42.3,0.0,0
362.401,2,0,-42.3,0.0,0
362.401,2,0,-42.3,0.0,0
362.401,2,0,-42.3,0.0,0
362.501,2,0,-42.3,0.0,0
362.501,2,0,-42.3,0.0,0
362.501,2,0,-42.3,0.0,0
362.601,2,0,-42.3,0.0,0
362.601,2,0,-42.3,0.0,0
362.601,2,0,-42.3,0.0,0
362.601,2,0,-42.3,0.0,0
362.701,2,0,-42.3,0.0,0
362.701,2,0,-42.3,0.0,0
362.701,2,0,-42.3,0.0,0
362.701,2,0,-42.3,0.0,0
362.801,2,0,-42.3,0.0,0
362.801,2,0,-42.3,0.0,0
362.801,2,0,-42.3,0.0,0
362.901,2,0,-42.3,0.0,0
362.901,2,0,-42.3,0.0,0
362.901,2,0,-42.3,0.0,0
362.901,2,0,-42.3,0.0,0
363.001,2,0,-42.3,0.0,0
363.001,2,0,-42.3,0.0,0
363.001,2,0,-42.3,0.0,0
363.101,2,0,-42.3,0.0,0
363.101,2,0,-42.3,0.0,0
363.101,2,0,-42.3,0.0,0
363.101,2,0,-42.3,0.0,0
363.201,2,0,-42.3,0.0,0
363.201,2,0,-42.3,0.0,0
363.201,2,0,-42.3,0.0,0
363.301,2,0,-42.3,0.0,0
363.301,2,0,-42.3,0.0,0
363.301,2,0,-42.3,0.0,0
363.301,2,0,-42.3,0.0,0
363.401,2,0,-42.3,0.0,0
363.401,2,0,-42.3,0.0,0
363.401,2,0,-42.3,0.0,0
363.401,2,0,-42.3,0.0,0
363.501,2,0,-42.3,0.0,0
363.501,2,0,-42.3,0.0,0
363.501,2,0,-42.3,0.0,0
363.601,2,0,-42.3,0.0,0
363.601,2,0,-42.3,0.0,0
363.601,2,0,-42.3,0.0,0
363.601,2,0,-42.3,0.0,0
363.701,2,0,-42.3,0.0,0
363.701,2,0,-42.3,0.0,0
363.701,2,0,-42.3,0.0,0
363.801,2,0,-42.3,0.0,0
363.801,2,0,-42.3,0.0,0
363.801,2,0,-42.3,0.0,0
363.801,2,0,-42.3,0.0,0
363.901,1,0,131.0,0.0,0
363.901,1,0,131.0,0.0,0
363.901,1,0,131.0,0.0,0
364.001,1,0,131.0,0.0,0
364.001,1,0,131.0,0.0,0
364.001,1,0,131.0,0.0,0
364.001,1,0,131.0,0.0,0
364.101,1,0,131.0,0.0,0
364.101,1,0,131.0,0.0,0
364.101,1,0,131.0,0.0,0
364.101,1,0,131.0,0.0,0
364.201,1,0,131.0,0.0,0
364.201,1,0,131.0,0.0,0
364.201,1,0,131.0,0.0,0
364.301,1,0,131.0,0.0,0
364.301,1,0,131.0,0.0,0
364.301,1,0,131.0,0.0,0
364.301,1,0,131.0,0.0,0
364.401,1,0,131.0,0.0,0
364.401,1,0,131.0,0.0,0
364.401,1,0,131.0,0.0,0
364.501,1,0,131.0,0.0,0
364.501,1,0,131.0,0.0,0
364.501,1,0,131.0,0.0,0
364.501,1,0,131.0,0.0,0
364.601,1,0,131.0,0.0,0
364.601,1,0,131.0,0.0,0
364.601,1,0,131.0,0.0,0
364.701,1,0,131.0,0.0,0
364.701,1,0,131.0,0.0,0
364.701,1,0,131.0,0.0,0
364.701,1,0,131.0,0.0,0
364.801,1,0,131.0,0.0,0
364.801,1,0,131.0,0.0,0
364.801,1,0,131.0,0.0,0
364.901,1,0,131.0,0.0,0
364.901,1,0,131.0,0.0,0
364.901,1,0,131.0,0.0,0
364.901,1,0,131.0,0.0,0
365.001,1,0,131.0,0.0,0
365.001,1,0,131.0,0.0,0
365.001,1,0,131.0,0.0,0
365.001,1,0,131.0,0.0,0
365.101,1,0,131.0,0.0,0
365.101,1,0,131.0,0.0,0
365.101,1,0,131.0,0.0,0
365.201,1,0,131.0,0.0,0
365.201,1,0,131.0,0.0,0
365.201,1,0,131.0,0.0,0
365.201,1,0,131.0,0.0,0
365.301,1,0,131.0,0.0,0
365.301,1,0,131.0,0.0,0
365.301,1,0,131.0,0.0,0
365.401,1,0,131.0,0.0,0
365.401,1,0,131.0,0.0,0
365.401,1,0,131.0,0.0,0
365.401,1,0,131.0,0.0,0
365.501,1,0,131.0,0.0,0
365.501,1,0,131.0,0.0,0
365.501,1,0,131.0,0.0,0
365.601,1,0,131.0,0.0,0
365.601,1,0,131.0,0.0,0
365.601,1,0,131.0,0.0,0
365.601,1,0,131.0,0.0,0
365.701,1,0,131.0,0.0,0
365.701,1,0,131.0,0.0,0
365.701,1,0,131.0,0.0,0
365.701,1,0,131.0,0.0,0
365.801,1,0,131.0,0.0,0
365.801,1,0,131.0,0.0,0
365.801,1,0,131.0,0.0,0
365.901,1,0,131.0,0.0,0
365.901,1,0,131.0,0.0,0
365.901,1,0,131.0,0.0,0
365.901,1,0,131.0,0.0,0
366.001,1,0,131.0,0.0,0
366.001,1,0,131.0,0.0,0
366.001,1,0,131.0,0.0,0
366.101,1,0,131.0,0.0,0
366.101,1,0,131.0,0.0,0
366.101,1,0,131.0,0.0,0
366.101,1,0,131.0,0.0,0
366.201,1,0,131.0,0.0,0
366.201,1,0,131.0,0.0,0
366.201,1,0,131.0,0.0,0
366.301,1,0,131.0,0.0,0
366.301,1,0,131.0,0.0,0
366.301,1,0,131.0,0.0,0
366.301,1,0,131.0,0.0,0
366.401,1,0,131.0,0.0,0
366.401,1,0,131.0,0.0,0
366.401,1,0,131.0,0.0,0
366.401,1,0,131.0,0.0,0
366.501,1,0,131.0,0.0,0
366.501,1,0,131.0,0.0,0
366.501,1,0,131.0,0.0,0
366.601,1,0,131.0,0.0,0
366.601,1,0,131.0,0.0,0
366.601,1,0,131.0,0.0,0
366.601,1,0,131.0,0.0,0
366.701,1,0,131.0,0.0,0
366.701,1,0,131.0,0.0,0
366.701,1,0,131.0,0.0,0
366.801,1,0,131.0,0.0,0
366.801,1,0,131.0,0.0,0
366.801,1,0,131.0,0.0,0
366.801,1,0,131.0,0.0,0
366.901,1,0,131.0,0.0,0
366.901,1,0,131.0,0.0,0
366.901,1,0,131.0,0.0,0
367.001,1,0,131.0,0.0,0
367.001,1,0,131.0,0.0,0
367.001,1,0,131.0,0.0,0
367.001,1,0,131.0,0.0,0
367.101,1,0,131.0,0.0,0
367.101,1,0,131.0,0.0,0
367.101,1,0,131.0,0.0,0
367.201,1,0,131.0,0.0,0
367.201,1,0,131.0,0.0,0
367.201,1,0,131.0,0.0,0
367.201,1,0,131.0,0.0,0
367.301,1,0,131.0,0.0,0
367.301,1,0,131.0,0.0,0
367.301,1,0,131.0,0.0,0
367.301,1,0,131.0,0.0,0
367.401,1,0,131.0,0.0,0
367.401,1,0,131.0,0.0,0
367.401,1,0,131.0,0.0,0
367.501,1,0,131.0,0.0,0
367.501,1,0,131.0,0.0,0
367.501,1,0,131.0,0.0,0
367.501,1,0,131.0,0.0,0
367.601,1,0,131.0,0.0,0
367.601,1,0,131.0,0.0,0
367.601,1,0,131.0,0.0,0
367.701,1,0,131.0,0.0,0
367.701,1,0,131.0,0.0,0
367.701,1,0,131.0,0.0,0
367.701,1,0,131.0,0.0,0
367.801,1,0,131.0,0.0,0
367.801,1,0,131.0,0.0,0
367.801,1,0,131.0,0.0,0
367.901,1,0,131.0,0.0,0
367.901,1,0,131.0,0.0,0
367.901,1,0,131.0,0.0,0
367.901,1,0,131.0,0.0,0
368.001,1,0,131.0,0.0,0
368.001,1,0,131.0,0.0,0
368.001,1,0,131.0,0.0,0
368.001,1,0,131.0,0.0,0
368.101,1,0,131.0,0.0,0
368.101,1,0,131.0,0.0,0
368.101,1,0,131.0,0.0,0
368.201,1,0,131.0,0.0,0
368.201,1,0,131.0,0.0,0
368.201,1,0,131.0,0.0,0
368.201,1,0,131.0,0.0,0
368.301,1,0,131.0,0.0,0
368.301,1,0,131.0,0.0,0
368.301,1,0,131.0,0.0,0
368.401,1,0,131.0,0.0,0
368.401,1,0,131.0,0.0,0
368.401,1,0,131.0,0.0,0
368.401,1,0,131.0,0.0,0
368.501,1,0,131.0,0.0,0
368.501,1,0,131.0,0.0,0
368.501,1,0,131.0,0.0,0
368.601,1,0,131.0,0.0,0
368.601,1,0,131.0,0.0,0
368.601,1,0,131.0,0.0,0
368.601,1,0,131.0,0.0,0
368.701,1,0,131.0,0.0,0
368.701,1,0,131.0,0.0,0
368.701,1,0,131.0,0.0,0
368.701,1,0,131.0,0.0,0
368.801,1,0,131.0,0.0,0
368.801,1,0,131.0,0.0,0
368.801,1,0,131.0,0.0,0
368.901,1,0,131.0,0.0,0
368.901,1,0,131.0,0.0,0
368.901,1,0,131.0,0.0,0
368.901,1,0,131.0,0.0,0
369.001,1,0,131.0,0.0,0
369.001,1,0,131.0,0.0,0
369.001,1,0,131.0,0.0,0
369.101,1,0,131.0,0.0,0
369.101,1,0,131.0,0.0,0
369.101,1,0,131.0,0.0,0
369.101,1,0,131.0,0.0,0
369.201,1,0,131.0,0.0,0
369.201,1,0,131.0,0.0,0
369.201,1,0,131.0,0.0,0
369.301,1,0,131.0,0.0,0
369.301,1,0,131.0,0.0,0
369.301,1,0,131.0,0.0,0
369.301,1,0,131.0,0.0,0
369.401,1,0,131.0,0.0,0
369.401,1,0,131.0,0.0,0
369.401,1,0,131.0,0.0,0
369.501,1,0,131.0,0.0,0
369.501,1,0,131.0,0.0,0
369.501,1,0,131.0,0.0,0
369.501,1,0,131.0,0.0,0
369.601,1,0,131.0,0.0,0
369.601,1,0,131.0,0.0,0
369.601,1,0,131.0,0.0,0
369.601,1,0,131.0,0.0,0
369.701,1,0,131.0,0.0,0
369.701,1,0,131.0,0.0,0
369.701,1,0,131.0,0.0,0
369.801,1,0,131.0,0.0,0
369.801,1,0,131.0,0.0,0
369.801,1,0,131.0,0.0,0
369.801,1,0,131.0,0.0,0
369.901,1,0,131.0,0.0,0
369.901,1,0,131.0,0.0,0
369.901,1,0,131.0,0.0,0
370.001,1,0,131.0,0.0,0
370.001,1,0,131.0,0.0,0
370.001,1,0,131.0,0.0,0
370.001,1,0,131.0,0.0,0
370.101,1,0,131.0,0.0,0
370.101,1,0,131.0,0.0,0
370.101,1,0,131.0,0.0,0
370.201,1,0,131.0,0.0,0
370.201,1,0,131.0,0.0,0
370.201,1,0,131.0,0.0,0
370.201,1,0,131.0,0.0,0
370.301,1,0,131.0,0.0,0
370.301,1,0,131.0,0.0,0
370.301,1,0,131.0,0.0,0
370.301,1,0,131.0,0.0,0
370.401,1,0,131.0,0.0,0
370.401,1,0,131.0,0.0,0
370.401,1,0,131.0,0.0,0
370.501,1,0,131.0,0.0,0
370.501,1,0,131.0,0.0,0
370.501,1,0,131.0,0.0,0
370.501,1,0,131.0,0.0,0
370.601,1,0,131.0,0.0,0
370.601,1,0,131.0,0.0,0
370.601,1,0,131.0,0.0,0
370.701,1,0,131.0,0.0,0
370.701,1,0,131.0,0.0,0
370.701,1,0,131.0,0.0,0
370.701,1,0,131.0,0.0,0
370.801,1,0,131.0,0.0,0
370.801,1,0,131.0,0.0,0
370.801,1,0,131.0,0.0,0
370.901,1,0,131.0,0.0,0
370.901,1,0,131.0,0.0,0
370.901,1,0,131.0,0.0,0
370.901,1,0,131.0,0.0,0
371.001,1,0,131.0,0.0,0
371.001,1,0,131.0,0.0,0
371.001,1,0,131.0,0.0,0
371.001,1,0,131.0,0.0,0
371.101,1,0,131.0,0.0,0
371.101,1,0,131.0,0.0,0
371.101,1,0,131.0,0.0,0
371.201,1,0,131.0,0.0,0
371.201,1,0,131.0,0.0,0
371.201,1,0,131.0,0.0,0
371.201,1,0,131.0,0.0,0
371.301,1,0,131.0,0.0,0
371.301,1,0,131.0,0.0,0
371.301,1,0,131.0,0.0,0
371.401,1,0,131.0,0.0,0
371.401,1,0,131.0,0.0,0
371.401,1,0,131.0,0.0,0
371.401,1,0,131.0,0.0,0
371.501,1,0,131.0,0.0,0
371.501,1,0,131.0,0.0,0
371.501,1,0,131.0,0.0,0
371.601,1,0,131.0,0.0,0
371.601,1,0,131.0,0.0,0
371.601,1,0,131.0,0.0,0
371.601,1,0,131.0,0.0,0
371.701,1,0,131.0,0.0,0
371.701,1,0,131.0,0.0,0
371.701,1,0,131.0,0.0,0
371.801,1,0,131.0,0.0,0
371.801,1,0,131.0,0.0,0
371.801,1,0,131.0,0.0,0
371.801,1,0,131.0,0.0,0
371.901,1,0,131.0,0.0,0
371.901,1,0,131.0,0.0,0
371.901,1,0,131.0,0.0,0
371.901,1,0,131.0,0.0,0
372.001,1,0,131.0,0.0,0
372.001,1,0,131.0,0.0,0
372.001,1,0,131.0,0.0,0
372.101,1,0,131.0,0.0,0
372.101,1,0,131.0,0.0,0
372.101,1,0,131.0,0.0,0
372.101,1,0,131.0,0.0,0
372.201,1,0,131.0,0.0,0
372.201,1,0,131.0,0.0,0
372.201,1,0,131.0,0.0,0
372.301,1,0,131.0,0.0,0
372.301,1,0,131.0,0.0,0
372.301,1,0,131.0,0.0,0
372.301,1,0,131.0,0.0,0
372.401,1,0,131.0,0.0,0
372.401,1,0,131.0,0.0,0
372.401,1,0,131.0,0.0,0
372.501,1,0,131.0,0.0,0
372.501,1,0,131.0,0.0,0
372.501,1,0,131.0,0.0,0
372.501,1,0,131.0,0.0,0
372.601,1,0,131.0,0.0,0
372.601,1,0,131.0,0.0,0
372.601,1,0,131.0,0.0,0
372.601,1,0,131.0,0.0,0
372.701,1,0,131.0,0.0,0
372.701,1,0,131.0,0.0,0
372.701,1,0,131.0,0.0,0
372.801,1,0,131.0,0.0,0
372.801,1,0,131.0,0.0,0
372.801,1,0,131.0,0.0,0
372.801,1,0,131.0,0.0,0
372.901,1,0,131.0,0.0,0
372.901,1,0,131.0,0.0,0
372.901,1,0,131.0,0.0,0
373.001,1,0,131.0,0.0,0
373.001,1,0,131.0,0.0,0
373.001,1,0,131.0,0.0,0
373.001,1,0,131.0,0.0,0
373.101,1,0,131.0,0.0,0
373.101,1,0,131.0,0.0,0
373.101,1,0,131.0,0.0,0
373.201,1,0,131.0,0.0,0
373.201,1,0,131.0,0.0,0
373.201,1,0,131.0,0.0,0
373.201,1,0,131.0,0.0,0
373.301,0,0,0.0,0.0,0
373.301,0,0,0.0,0.0,0
373.301,0,0,0.0,0.0,0
373.401,2,0,-37.0,0.0,0
373.401,2,0,-37.0,0.0,0
373.401,2,0,-37.0,0.0,0
373.401,2,0,-37.0,0.0,0
373.501,2,0,-37.0,0.0,0
373.501,2,0,-37.0,0.0,0
373.501,2,0,-37.0,0.0,0
373.501,2,0,-37.0,0.0,0
373.601,2,0,-37.0,0.0,0
373.601,2,0,-37.0,0.0,0
373.601,2,0,-37.0,0.0,0
373.701,2,0,-37.0,0.0,0
373.701,2,0,-37.0,0.0,0
373.701,2,0,-37.0,0.0,0
373.701,2,0,-37.0,0.0,0
373.801,2,0,-37.0,0.0,0
373.801,2,0,-37.0,0.0,0
373.801,2,0,-37.0,0.0,0
373.901,2,0,-37.0,0.0,0
373.901,2,0,-37.0,0.0,0
373.901,2,0,-37.0,0.0,0
373.901,2,0,-37.0,0.0,0
374.001,2,0,-37.0,0.0,0
374.001,2,0,-37.0,0.0,0
374.001,2,0,-37.0,0.0,0
374.101,2,0,-37.0,0.0,0
374.101,2,0,-37.0,0.0,0
374.101,2,0,-37.0,0.0,0
374.101,2,0,-37.0,0.0,0
374.201,2,0,-37.0,0.0,0
374.201,2,0,-37.0,0.0,0
374.201,2,0,-37.0,0.0,0
374.201,2,0,-37.0,0.0,0
374.301,2,0,-37.0,0.0,0
374.301,2,0,-37.0,0.0,0
374.301,2,0,-37.0,0.0,0
374.401,2,0,-37.0,0.0,0
374.401,2,0,-37.0,0.0,0
374.401,2,0,-37.0,0.0,0
374.401,2,0,-37.0,0.0,0
374.501,2,0,-37.0,0.0,0
374.501,2,0,-37.0,0.0,0
374.501,2,0,-37.0,0.0,0
374.601,2,0,-37.0,0.0,0
374.601,2,0,-37.0,0.0,0
374.601,2,0,-37.0,0.0,0
374.601,2,0,-37.0,0.0,0
374.701,2,0,-37.0,0.0,0
374.701,2,0,-37.0,0.0,0
374.701,2,0,-37.0,0.0,0
374.801,2,0,-37.0,0.0,0
374.801,2,0,-37.0,0.0,0
374.801,2,0,-37.0,0.0,0
374.801,2,0,-37.0,0.0,0
374.901,2,0,-37.0,0.0,0
374.901,2,0,-37.0,0.0,0
374.901,2,0,-37.0,0.0,0
374.901,2,0,-37.0,0.0,0
375.001,2,0,-37.0,0.0,0
375.001,2,0,-37.0,0.0,0
375.001,2,0,-37.0,0.0,0
375.101,2,0,-37.0,0.0,0
375.101,2,0,-37.0,0.0,0
375.101,2,0,-37.0,0.0,0
375.101,2,0,-37.0,0.0,0
375.201,2,0,-37.0,0.0,0
375.201,2,0,-37.0,0.0,0
375.201,2,0,-37.0,0.0,0
375.301,2,0,-37.0,0.0,0
375.301,2,0,-37.0,0.0,0
375.301,2,0,-37.0,0.0,0
375.301,2,0,-37.0,0.0,0
375.401,2,0,-37.0,0.0,0
375.401,2,0,-37.0,0.0,0
375.401,2,0,-37.0,0.0,0
375.501,2,0,-37.0,0.0,0
375.501,2,0,-37.0,0.0,0
375.501,2,0,-37.0,0.0,0
375.501,2,0,-37.0,0.0,0
375.601,2,0,-37.0,0.0,0
375.601,2,0,-37.0,0.0,0
375.601,2,0,-37.0,0.0,0
375.701,2,0,-37.0,0.0,0
375.701,2,0,-37.0,0.0,0
375.701,2,0,-37.0,0.0,0
375.701,2,0,-37.0,0.0,0
375.801,2,0,-37.0,0.0,0
375.801,2,0,-37.0,0.0,0
375.801,2,0,-37.0,0.0,0
375.801,2,0,-37.0,0.0,0
375.901,2,0,-37.0,0.0,0
375.901,2,0,-37.0,0.0,0
375.901,2,0,-37.0,0.0,0
376.001,2,0,-37.0,0.0,0
376.001,2,0,-37.0,0.0,0
376.001,2,0,-37.0,0.0,0
376.001,2,0,-37.0,0.0,0
376.101,2,0,-37.0,0.0,0
376.101,2,0,-37.0,0.0,0
376.101,2,0,-37.0,0.0,0
376.201,2,0,-37.0,0.0,0
376.201,2,0,-37.0,0.0,0
376.201,2,0,-37.0,0.0,0
376.201,2,0,-37.0,0.0,0
376.301,2,0,-37.0,0.0,0
376.301,2,0,-37.0,0.0,0
376.301,2,0,-37.0,0.0,0
376.401,2,0,-37.0,0.0,0
376.401,2,0,-37.0,0.0,0
376.401,2,0,-37.0,0.0,0
376.401,2,0,-37.0,0.0,0
376.501,2,0,-37.0,0.0,0
376.501,2,0,-37.0,0.0,0
376.501,2,0,-37.0,0.0,0
376.501,2,0,-37.0,0.0,0
376.601,2,0,-37.0,0.0,0
376.601,2,0,-37.0,0.0,0
376.601,2,0,-37.0,0.0,0
376.701,2,0,-37.0,0.0,0
376.701,2,0,-37.0,0.0,0
376.701,2,0,-37.0,0.0,0
376.701,2,0,-37.0,0.0,0
376.801,2,0,-37.0,0.0,0
376.801,2,0,-37.0,0.0,0
376.801,2,0,-37.0,0.0,0
376.901,2,0,-37.0,0.0,0
376.901,2,0,-37.0,0.0,0
376.901,2,0,-37.0,0.0,0
376.901,2,0,-37.0,0.0,0
377.001,2,0,-37.0,0.0,0
377.001,2,0,-37.0,0.0,0
377.001,2,0,-37.0,0.0,0
377.101,2,0,-37.0,0.0,0
377.101,2,0,-37.0,0.0,0
377.101,2,0,-37.0,0.0,0
377.101,2,0,-37.0,0.0,0
377.201,2,0,-37.0,0.0,0
377.201,2,0,-37.0,0.0,0
377.201,2,0,-37.0,0.0,0
377.201,2,0,-37.0,0.0,0
377.301,2,0,-37.0,0.0,0
377.301,2,0,-37.0,0.0,0
377.301,2,0,-37.0,0.0,0
377.401,2,0,-37.0,0.0,0
377.401,2,0,-37.0,0.0,0
377.401,2,0,-37.0,0.0,0
377.401,2,0,-37.0,0.0,0
377.501,2,0,-37.0,0.0,0
377.501,2,0,-37.0,0.0,0
377.501,2,0,-37.0,0.0,0
377.601,2,0,-37.0,0.0,0
377.601,2,0,-37.0,0.0,0
377.601,2,0,-37.0,0.0,0
377.601,2,0,-37.0,0.0,0
377.701,2,0,-37.0,0.0,0
377.701,2,0,-37.0,0.0,0
377.701,2,0,-37.0,0.0,0
377.801,2,0,-37.0,0.0,0
377.801,2,0,-37.0,0.0,0
377.801,2,0,-37.0,0.0,0
377.801,2,0,-37.0,0.0,0
377.901,2,0,-37.0,0.0,0
377.901,2,0,-37.0,0.0,0
377.901,2,0,-37.0,0.0,0
377.901,2,0,-37.0,0.0,0
378.001,2,0,-37.0,0.0,0
378.001,2,0,-37.0,0.0,0
378.001,2,0,-37.0,0.0,0
378.101,2,0,-37.0,0.0,0
378.101,2,0,-37.0,0.0,0
378.101,2,0,-37.0,0.0,0
378.101,2,0,-37.0,0.0,0
378.201,2,0,-37.0,0.0,0
378.201,2,0,-37.0,0.0,0
378.201,2,0,-37.0,0.0,0
378.301,2,0,-37.0,0.0,0
378.301,2,0,-37.0,0.0,0
378.301,2,0,-37.0,0.0,0
378.301,2,0,-37.0,0.0,0
378.401,2,0,-37.0,0.0,0
378.401,2,0,-37.0,0.0,0
378.401,2,0,-37.0,0.0,0
378.501,2,0,-37.0,0.0,0
378.501,2,0,-37.0,0.0,0
378.501,2,0,-37.0,0.0,0
378.501,2,0,-37.0,0.0,0
378.601,2,0,-37.0,0.0,0
378.601,2,0,-37.0,0.0,0
378.601,2,0,-37.0,0.0,0
378.701,2,0,-37.0,0.0,0
378.701,2,0,-37.0,0.0,0
378.701,2,0,-37.0,0.0,0
378.701,2,0,-37.0,0.0,0
378.801,2,0,-37.0,0.0,0
378.801,2,0,-37.0,0.0,0
378.801,2,0,-37.0,0.0,0
378.801,2,0,-37.0,0.0,0
378.901,2,0,-37.0,0.0,1
378.901,2,0,-37.0,0.0,1
378.901,2,0,-37.0,0.0,1
379.001,2,0,-37.0,0.0,1
379.001,2,0,-37.0,0.0,1
379.001,2,0,-37.0,0.0,1
379.001,2,0,-37.0,0.0,1
379.101,0,0,0.0,0.0,1
379.101,0,0,0.0,0.0,1
379.101,0,0,0.0,0.0,1
379.201,0,0,0.0,0.0,1
379.201,0,0,0.0,0.0,1
379.201,0,0,0.0,0.0,1
379.201,0,0,0.0,0.0,1
379.301,0,0,0.0,0.0,1
379.301,0,0,0.0,0.0,1
379.301,0,0,0.0,0.0,1
379.401,0,0,0.0,0.0,1
379.401,0,0,0.0,0.0,1
379.401,0,0,0.0,0.0,1
379.401,0,0,0.0,0.0,1
379.501,0,0,0.0,0.0,1
379.501,0,0,0.0,0.0,1
379.501,0,0,0.0,0.0,1
379.501,0,0,0.0,0.0,1
379.601,0,0,0.0,0.0,1
379.601,0,0,0.0,0.0,1
379.601,0,0,0.0,0.0,1
379.701,0,0,0.0,0.0,1
379.701,0,0,0.0,0.0,1
379.701,0,0,0.0,0.0,1
379.701,0,0,0.0,0.0,1
379.801,0,0,0.0,0.0,1
379.801,0,0,0.0,0.0,1
379.801,0,0,0.0,0.0,1
379.901,0,0,0.0,0.0,1
379.901,0,0,0.0,0.0,1
379.901,0,0,0.0,0.0,1
379.901,0,0,0.0,0.0,1
380.001,0,0,0.0,0.0,1
380.001,0,0,0.0,0.0,1
380.001,0,0,0.0,0.0,1
380.101,0,0,0.0,0.0,1
380.101,0,0,0.0,0.0,1
380.101,0,0,0.0,0.0,1
380.101,0,0,0.0,0.0,1
380.201,0,0,0.0,0.0,1
380.201,0,0,0.0,0.0,1
380.201,0,0,0.0,0.0,1
380.201,0,0,0.0,0.0,1
380.301,0,0,0.0,0.0,1
380.301,0,0,0.0,0.0,1
380.301,0,0,0.0,0.0,1
380.401,0,0,0.0,0.0,1
380.401,0,0,0.0,0.0,1
380.401,0,0,0.0,0.0,1
380.401,0,0,0.0,0.0,1
380.501,0,0,0.0,0.0,1
380.501,0,0,0.0,0.0,1
380.501,0,0,0.0,0.0,1
380.601,0,0,0.0,0.0,1
380.601,0,0,0.0,0.0,1
380.601,0,0,0.0,0.0,1
380.601,0,0,0.0,0.0,1
380.701,0,0,0.0,0.0,1
380.701,0,0,0.0,0.0,1
380.701,0,0,0.0,0.0,1
380.801,0,0,0.0,0.0,1
380.801,0,0,0.0,0.0,1
380.801,0,0,0.0,0.0,1
380.801,0,0,0.0,0.0,1
380.901,0,0,0.0,0.0,1
380.901,0,0,0.0,0.0,1
380.901,0,0,0.0,0.0,1
381.001,0,0,0.0,0.0,1
381.001,0,0,0.0,0.0,1
381.001,0,0,0.0,0.0,1
381.001,0,0,0.0,0.0,1
381.101,0,0,0.0,0.0,1
381.101,0,0,0.0,0.0,1
381.101,0,0,0.0,0.0,1
381.101,0,0,0.0,0.0,1
381.201,0,0,0.0,0.0,1
381.201,0,0,0.0,0.0,1
381.201,0,0,0.0,0.0,1
381.301,0,0,0.0,0.0,1
381.301,0,0,0.0,0.0,1
381.301,0,0,0.0,0.0,1
381.301,0,0,0.0,0.0,1
381.401,0,0,0.0,0.0,1
381.401,0,0,0.0,0.0,1
381.401,0,0,0.0,0.0,1
381.501,0,0,0.0,0.0,1
381.501,0,0,0.0,0.0,1
381.501,0,0,0.0,0.0,1
381.501,0,0,0.0,0.0,1
381.601,0,0,0.0,0.0,1
381.601,0,0,0.0,0.0,1
381.601,0,0,0.0,0.0,1
381.701,0,0,0.0,0.0,1
381.701,0,0,0.0,0.0,1
381.701,0,0,0.0,0.0,1
381.701,0,0,0.0,0.0,1
381.801,0,0,0.0,0.0,1
381.801,0,0,0.0,0.0,1
381.801,0,0,0.0,0.0,1
381.801,0,0,0.0,0.0,1
381.901,0,0,0.0,0.0,1
381.901,0,0,0.0,0.0,1
381.901,0,0,0.0,0.0,1
382.001,0,0,0.0,0.0,1
382.001,0,0,0.0,0.0,1
382.001,0,0,0.0,0.0,1
382.001,0,0,0.0,0.0,1
382.101,0,0,0.0,0.0,1
382.101,0,0,0.0,0.0,1
382.101,0,0,0.0,0.0,1
382.201,0,0,0.0,0.0,1
382.201,0,0,0.0,0.0,1
382.201,0,0,0.0,0.0,1
382.201,0,0,0.0,0.0,1
382.301,0,0,0.0,0.0,1
382.301,0,0,0.0,0.0,1
382.301,0,0,0.0,0.0,1
382.401,0,0,0.0,0.0,1
382.401,0,0,0.0,0.0,1
382.401,0,0,0.0,0.0,1
382.401,0,0,0.0,0.0,1
382.501,0,0,0.0,0.0,1
382.501,0,0,0.0,0.0,1
382.501,0,0,0.0,0.0,1
382.601,0,0,0.0,0.0,1
382.601,0,0,0.0,0.0,1
382.601,0,0,0.0,0.0,1
382.601,0,0,0.0,0.0,1
382.701,0,0,0.0,0.0,1
382.701,0,0,0.0,0.0,1
382.701,0,0,0.0,0.0,1
382.701,0,0,0.0,0.0,1
382.801,0,0,0.0,0.0,1
382.801,0,0,0.0,0.0,1
382.801,0,0,0.0,0.0,1
382.901,0,0,0.0,0.0,1
382.901,0,0,0.0,0.0,1
382.901,0,0,0.0,0.0,1
382.901,0,0,0.0,0.0,1
383.001,0,0,0.0,0.0,1
383.001,0,0,0.0,0.0,1
383.001,0,0,0.0,0.0,1
383.101,0,0,0.0,0.0,1
383.101,0,0,0.0,0.0,1
383.101,0,0,0.0,0.0,1
383.101,0,0,0.0,0.0,1
383.201,0,0,0.0,0.0,1
383.201,0,0,0.0,0.0,1
383.201,0,0,0.0,0.0,1
383.301,0,0,0.0,0.0,1
383.301,0,0,0.0,0.0,1
383.301,0,0,0.0,0.0,1
383.301,0,0,0.0,0.0,1
383.401,0,0,0.0,0.0,1
383.401,0,0,0.0,0.0,1
383.401,0,0,0.0,0.0,1
383.401,0,0,0.0,0.0,1
383.501,0,0,0.0,0.0,1
383.501,0,0,0.0,0.0,1
383.501,0,0,0.0,0.0,1
383.601,0,0,0.0,0.0,1
383.601,0,0,0.0,0.0,1
383.601,0,0,0.0,0.0,1
383.601,0,0,0.0,0.0,1
383.701,0,0,0.0,0.0,1
383.701,0,0,0.0,0.0,1
383.701,0,0,0.0,0.0,1
383.801,0,0,0.0,0.0,1
383.801,0,0,0.0,0.0,1
383.801,0,0,0.0,0.0,1
383.801,0,0,0.0,0.0,1
383.901,0,0,0.0,0.0,0
383.901,0,0,0.0,0.0,0
383.901,0,0,0.0,0.0,0
384.001,2,0,-35.0,0.0,0
384.001,2,0,-35.0,0.0,0
384.001,2,0,-35.0,0.0,0
384.001,2,0,-35.0,0.0,0
384.101,2,0,-35.0,0.0,0
384.101,2,0,-35.0,0.0,0
384.101,2,0,-35.0,0.0,0
384.101,2,0,-35.0,0.0,0
384.201,2,0,-35.0,0.0,0
384.201,2,0,-35.0,0.0,0
384.201,2,0,-35.0,0.0,0
384.301,2,0,-35.0,0.0,0
384.301,2,0,-35.0,0.0,0
384.301,2,0,-35.0,0.0,0
384.301,2,0,-35.0,0.0,0
384.401,2,0,-35.0,0.0,0
384.401,2,0,-35.0,0.0,0
384.401,2,0,-35.0,0.0,0
384.501,2,0,-35.0,0.0,0
384.501,2,0,-35.0,0.0,0
384.501,2,0,-35.0,0.0,0
384.501,2,0,-35.0,0.0,0
384.601,2,0,-35.0,0.0,0
384.601,2,0,-35.0,0.0,0
384.601,2,0,-35.0,0.0,0
384.701,2,0,-35.0,0.0,0
384.701,2,0,-35.0,0.0,0
384.701,2,0,-35.0,0.0,0
384.701,2,0,-35.0,0.0,0
384.801,2,0,-35.0,0.0,0
384.801,2,0,-35.0,0.0,0
384.801,2,0,-35.0,0.0,0
384.801,2,0,-35.0,0.0,0
384.901,2,0,-35.0,0.0,0
384.901,2,0,-35.0,0.0,0
384.901,2,0,-35.0,0.0,0
385.001,2,0,-35.0,0.0,0
385.001,2,0,-35.0,0.0,0
385.001,2,0,-35.0,0.0,0
385.001,2,0,-35.0,0.0,0
385.101,2,0,-35.0,0.0,0
385.101,2,0,-35.0,0.0,0
385.101,2,0,-35.0,0.0,0
385.201,2,0,-35.0,0.0,0
385.201,2,0,-35.0,0.0,0
385.201,2,0,-35.0,0.0,0
385.201,2,0,-35.0,0.0,0
385.301,2,0,-35.0,0.0,0
385.301,2,0,-35.0,0.0,0
385.301,2,0,-35.0,0.0,0
385.401,2,0,-35.0,0.0,0
385.401,2,0,-35.0,0.0,0
385.401,2,0,-35.0,0.0,0
385.401,2,0,-35.0,0.0,0
385.501,2,0,-35.0,0.0,0
385.501,2,0,-35.0,0.0,0
385.501,2,0,-35.0,0.0,0
385.601,2,0,-35.0,0.0,0
385.601,2,0,-35.0,0.0,0
385.601,2,0,-35.0,0.0,0
385.601,2,0,-35.0,0.0,0
385.701,2,0,-35.0,0.0,0
385.701,2,0,-35.0,0.0,0
385.701,2,0,-35.0,0.0,0
385.701,2,0,-35.0,0.0,0
385.801,2,0,-35.0,0.0,0
385.801,2,0,-35.0,0.0,0
385.801,2,0,-35.0,0.0,0
385.901,2,0,-35.0,0.0,0
385.901,2,0,-35.0,0.0,0
385.901,2,0,-35.0,0.0,0
385.901,2,0,-35.0,0.0,0
386.001,2,0,-35.0,0.0,0
386.001,2,0,-35.0,0.0,0
386.001,2,0,-35.0,0.0,0
386.101,2,0,-35.0,0.0,0
386.101,2,0,-35.0,0.0,0
386.101,2,0,-35.0,0.0,0
386.101,2,0,-35.0,0.0,0
386.201,2,0,-35.0,0.0,0
386.201,2,0,-35.0,0.0,0
386.201,2,0,-35.0,0.0,0
386.301,2,0,-35.0,0.0,0
386.301,2,0,-35.0,0.0,0
386.301,2,0,-35.0,0.0,0
386.301,2,0,-35.0,0.0,0
386.401,2,0,-35.0,0.0,0
386.401,2,0,-35.0,0.0,0
386.401,2,0,-35.0,0.0,0
386.401,2,0,-35.0,0.0,0
386.501,2,0,-35.0,0.0,0
386.501,2,0,-35.0,0.0,0
386.501,2,0,-35.0,0.0,0
386.601,2,0,-35.0,0.0,0
386.601,2,0,-35.0,0.0,0
386.601,2,0,-35.0,0.0,0
386.601,2,0,-35.0,0.0,0
386.701,2,0,-35.0,0.0,0
386.701,2,0,-35.0,0.0,0
386.701,2,0,-35.0,0.0,0
386.801,2,0,-35.0,0.0,0
386.801,2,0,-35.0,0.0,0
386.801,2,0,-35.0,0.0,0
386.801,2,0,-35.0,0.0,0
386.901,2,0,-35.0,0.0,0
386.901,2,0,-35.0,0.0,0
386.901,2,0,-35.0,0.0,0
387.001,2,0,-35.0,0.0,0
387.001,2,0,-35.0,0.0,0
387.001,2,0,-35.0,0.0,0
387.001,2,0,-35.0,0.0,0
387.101,2,0,-35.0,0.0,0
387.101,2,0,-35.0,0.0,0
387.101,2,0,-35.0,0.0,0
387.201,2,0,-35.0,0.0,0
387.201,2,0,-35.0,0.0,0
387.201,2,0,-35.0,0.0,0
387.201,2,0,-35.0,0.0,0
387.301,2,0,-35.0,0.0,0
387.301,2,0,-35.0,0.0,0
387.301,2,0,-35.0,0.0,0
387.301,2,0,-35.0,0.0,0
387.401,2,0,-35.0,0.0,0
387.401,2,0,-35.0,0.0,0
387.401,2,0,-35.0,0.0,0
387.501,2,0,-35.0,0.0,0
387.501,2,0,-35.0,0.0,0
387.501,2,0,-35.0,0.0,0
387.501,2,0,-35.0,0.0,0
387.601,2,0,-35.0,0.0,0
387.601,2,0,-35.0,0.0,0
387.601,2,0,-35.0,0.0,0
387.701,2,0,-35.0,0.0,0
387.701,2,0,-35.0,0.0,0
387.701,2,0,-35.0,0.0,0
387.701,2,0,-35.0,0.0,0
387.801,2,0,-35.0,0.0,0
387.801,2,0,-35.0,0.0,0
387.801,2,0,-35.0,0.0,0
387.901,2,0,-35.0,0.0,0
387.901,2,0,-35.0,0.0,0
387.901,2,0,-35.0,0.0,0
387.901,2,0,-35.0,0.0,0
388.001,2,0,-35.0,0.0,0
388.001,2,0,-35.0,0.0,0
388.001,2,0,-35.0,0.0,0
388.001,2,0,-35.0,0.0,0
388.101,2,0,-35.0,0.0,0
388.101,2,0,-35.0,0.0,0
388.101,2,0,-35.0,0.0,0
388.201,2,0,-35.0,0.0,0
388.201,2,0,-35.0,0.0,0
388.201,2,0,-35.0,0.0,0
388.201,2,0,-35.0,0.0,0
388.301,2,0,-35.0,0.0,0
388.301,2,0,-35.0,0.0,0
388.301,2,0,-35.0,0.0,0
388.401,2,0,-35.0,0.0,0
388.401,2,0,-35.0,0.0,0
388.401,2,0,-35.0,0.0,0
388.401,2,0,-35.0,0.0,0
388.501,2,0,-35.0,0.0,0
388.501,2,0,-35.0,0.0,0
388.501,2,0,-35.0,0.0,0
388.601,2,0,-35.0,0.0,0
388.601,2,0,-35.0,0.0,0
388.601,2,0,-35.0,0.0,0
388.601,2,0,-35.0,0.0,0
388.701,2,0,-35.0,0.0,0
388.701,2,0,-35.0,0.0,0
388.701,2,0,-35.0,0.0,0
388.701,2,0,-35.0,0.0,0
388.801,2,0,-35.0,0.0,0
388.801,2,0,-35.0,0.0,0
388.801,2,0,-35.0,0.0,0
388.901,2,0,-35.0,0.0,0
388.901,2,0,-35.0,0.0,0
388.901,2,0,-35.0,0.0,0
388.901,2,0,-35.0,0.0,0
389.001,2,0,-35.0,0.0,0
389.001,2,0,-35.0,0.0,0
389.001,2,0,-35.0,0.0,0
389.101,2,0,-35.0,0.0,0
389.101,2,0,-35.0,0.0,0
389.101,2,0,-35.0,0.0,0
389.101,2,0,-35.0,0.0,0
389.201,2,0,-35.0,0.0,0
389.201,2,0,-35.0,0.0,0
389.201,2,0,-35.0,0.0,0
389.301,2,0,-35.0,0.0,0
389.301,2,0,-35.0,0.0,0
389.301,2,0,-35.0,0.0,0
389.301,2,0,-35.0,0.0,0
389.401,2,0,-35.0,0.0,0
389.401,2,0,-35.0,0.0,0
389.401,2,0,-35.0,0.0,0
389.501,2,0,-35.0,0.0,0
389.501,2,0,-35.0,0.0,0
389.501,2,0,-35.0,0.0,0
389.501,2,0,-35.0,0.0,0
389.601,2,0,-35.0,0.0,0
389.601,2,0,-35.0,0.0,0
389.601,2,0,-35.0,0.0,0
389.601,2,0,-35.0,0.0,0
389.701,2,0,-35.0,0.0,0
389.701,2,0,-35.0,0.0,0
389.701,2,0,-35.0,0.0,0
389.801,2,0,-35.0,0.0,0
389.801,2,0,-35.0,0.0,0
389.801,2,0,-35.0,0.0,0
389.801,2,0,-35.0,0.0,0
389.901,2,0,-35.0,0.0,0
389.901,2,0,-35.0,0.0,0
389.901,2,0,-35.0,0.0,0
390.001,2,0,-35.0,0.0,0
390.001,2,0,-35.0,0.0,0
390.001,2,0,-35.0,0.0,0
390.001,2,0,-35.0,0.0,0
390.101,2,0,-35.0,0.0,0
390.101,2,0,-35.0,0.0,0
390.101,2,0,-35.0,0.0,0
390.201,2,0,-35.0,0.0,0
390.201,2,0,-35.0,0.0,0
390.201,2,0,-35.0,0.0,0
390.201,2,0,-35.0,0.0,0
390.301,2,0,-35.0,0.0,0
390.301,2,0,-35.0,0.0,0
390.301,2,0,-35.0,0.0,0
390.301,2,0,-35.0,0.0,0
390.401,2,0,-35.0,0.0,0
390.401,2,0,-35.0,0.0,0
390.401,2,0,-35.0,0.0,0
390.501,2,0,-35.0,0.0,0
390.501,2,0,-35.0,0.0,0
390.501,2,0,-35.0,0.0,0
390.501,2,0,-35.0,0.0,0
390.601,2,0,-35.0,0.0,0
390.601,2,0,-35.0,0.0,0
390.601,2,0,-35.0,0.0,0
390.701,2,0,-35.0,0.0,0
390.701,2,0,-35.0,0.0,0
390.701,2,0,-35.0,0.0,0
390.701,2,0,-35.0,0.0,0
390.801,2,0,-35.0,0.0,0
390.801,2,0,-35.0,0.0,0
390.801,2,0,-35.0,0.0,0
390.901,2,0,-35.0,0.0,0
390.901,2,0,-35.0,0.0,0
390.901,2,0,-35.0,0.0,0
390.901,2,0,-35.0,0.0,0
391.001,2,0,-35.0,0.0,0
391.001,2,0,-35.0,0.0,0
391.001,2,0,-35.0,0.0,0
391.101,2,0,-35.0,0.0,0
391.101,2,0,-35.0,0.0,0
391.101,2,0,-35.0,0.0,0
391.101,2,0,-35.0,0.0,0
391.201,2,0,-35.0,0.0,0
391.201,2,0,-35.0,0.0,0
391.201,2,0,-35.0,0.0,0
391.201,2,0,-35.0,0.0,0
391.301,2,0,-35.0,0.0,0
391.301,2,0,-35.0,0.0,0
391.301,2,0,-35.0,0.0,0
391.401,2,0,-35.0,0.0,0
391.401,2,0,-35.0,0.0,0
391.401,2,0,-35.0,0.0,0
391.401,2,0,-35.0,0.0,0
391.501,2,0,-35.0,0.0,0
391.501,2,0,-35.0,0.0,0
391.501,2,0,-35.0,0.0,0
391.601,2,0,-35.0,0.0,0
391.601,2,0,-35.0,0.0,0
391.601,2,0,-35.0,0.0,0
391.601,2,0,-35.0,0.0,0
391.701,2,0,-35.0,0.0,0
391.701,2,0,-35.0,0.0,0
391.701,2,0,-35.0,0.0,0
391.801,2,0,-35.0,0.0,0
391.801,2,0,-35.0,0.0,0
391.801,2,0,-35.0,0.0,0
391.801,2,0,-35.0,0.0,0
391.901,2,0,-35.0,0.0,0
391.901,2,0,-35.0,0.0,0
391.901,2,0,-35.0,0.0,0
391.901,2,0,-35.0,0.0,0
392.001,2,0,-35.0,0.0,0
392.001,2,0,-35.0,0.0,0
392.001,2,0,-35.0,0.0,0
392.101,2,0,-35.0,0.0,0
392.101,2,0,-35.0,0.0,0
392.101,2,0,-35.0,0.0,0
392.101,2,0,-35.0,0.0,0
392.201,2,0,-35.0,0.0,0
392.201,2,0,-35.0,0.0,0
392.201,2,0,-35.0,0.0,0
392.301,2,0,-35.0,0.0,0
392.301,2,0,-35.0,0.0,0
392.301,2,0,-35.0,0.0,0
392.301,2,0,-35.0,0.0,0
392.401,2,0,-35.0,0.0,0
392.401,2,0,-35.0,0.0,0
392.401,2,0,-35.0,0.0,0
392.501,2,0,-35.0,0.0,0
392.501,2,0,-35.0,0.0,0
392.501,2,0,-35.0,0.0,0
392.501,2,0,-35.0,0.0,0
392.601,2,0,-35.0,0.0,0
392.601,2,0,-35.0,0.0,0
392.601,2,0,-35.0,0.0,0
392.701,2,0,-35.0,0.0,0
392.701,2,0,-35.0,0.0,0
392.701,2,0,-35.0,0.0,0
392.701,2,0,-35.0,0.0,0
392.801,2,0,-35.0,0.0,0
392.801,2,0,-35.0,0.0,0
392.801,2,0,-35.0,0.0,0
392.801,2,0,-35.0,0.0,0
392.901,2,0,-35.0,0.0,0
392.901,2,0,-35.0,0.0,0
392.901,2,0,-35.0,0.0,0
393.001,2,0,-35.0,0.0,0
393.001,2,0,-35.0,0.0,0
393.001,2,0,-35.0,0.0,0
393.001,2,0,-35.0,0.0,0
393.101,2,0,-35.0,0.0,0
393.101,2,0,-35.0,0.0,0
393.101,2,0,-35.0,0.0,0
393.201,2,0,-35.0,0.0,0
393.201,2,0,-35.0,0.0,0
393.201,2,0,-35.0,0.0,0
393.201,2,0,-35.0,0.0,0
393.301,2,0,-35.0,0.0,0
393.301,2,0,-35.0,0.0,0
393.301,2,0,-35.0,0.0,0
393.401,2,0,-35.0,0.0,0
393.401,2,0,-35.0,0.0,0
393.401,2,0,-35.0,0.0,0
393.401,2,0,-35.0,0.0,0
393.501,2,0,-35.0,0.0,0
393.501,2,0,-35.0,0.0,0
393.501,2,0,-35.0,0.0,0
393.501,2,0,-35.0,0.0,0
393.601,2,0,-35.0,0.0,0
393.601,2,0,-35.0,0.0,0
393.601,2,0,-35.0,0.0,0
393.701,2,0,-35.0,0.0,1
393.701,2,0,-35.0,0.0,1
393.701,2,0,-35.0,0.0,1
393.701,2,0,-35.0,0.0,1
393.801,0,0,0.0,0.0,1
393.801,0,0,0.0,0.0,1
393.801,0,0,0.0,0.0,1
393.901,0,0,0.0,0.0,1
393.901,0,0,0.0,0.0,1
393.901,0,0,0.0,0.0,1
393.901,0,0,0.0,0.0,1
394.001,0,0,0.0,0.0,1
394.001,0,0,0.0,0.0,1
394.001,0,0,0.0,0.0,1
394.101,0,0,0.0,0.0,1
394.101,0,0,0.0,0.0,1
394.101,0,0,0.0,0.0,1
394.101,0,0,0.0,0.0,1
394.201,0,0,0.0,0.0,1
394.201,0,0,0.0,0.0,1
394.201,0,0,0.0,0.0,1
394.201,0,0,0.0,0.0,1
394.301,0,0,0.0,0.0,1
394.301,0,0,0.0,0.0,1
394.301,0,0,0.0,0.0,1
394.401,0,0,0.0,0.0,1
394.401,0,0,0.0,0.0,1
394.401,0,0,0.0,0.0,1
394.401,0,0,0.0,0.0,1
394.501,0,0,0.0,0.0,1
394.501,0,0,0.0,0.0,1
394.501,0,0,0.0,0.0,1
394.601,0,0,0.0,0.0,1
394.601,0,0,0.0,0.0,1
394.601,0,0,0.0,0.0,1
394.601,0,0,0.0,0.0,1
394.701,0,0,0.0,0.0,1
394.701,0,0,0.0,0.0,1
394.701,0,0,0.0,0.0,1
394.801,0,0,0.0,0.0,1
394.801,0,0,0.0,0.0,1
394.801,0,0,0.0,0.0,1
394.801,0,0,0.0,0.0,1
394.901,0,0,0.0,0.0,1
394.901,0,0,0.0,0.0,1
394.901,0,0,0.0,0.0,1
394.901,0,0,0.0,0.0,1
395.001,0,0,0.0,0.0,1
395.001,0,0,0.0,0.0,1
395.001,0,0,0.0,0.0,1
395.101,0,0,0.0,0.0,1
395.101,0,0,0.0,0.0,1
395.101,0,0,0.0,0.0,1
395.101,0,0,0.0,0.0,1
395.201,0,0,0.0,0.0,1
395.201,0,0,0.0,0.0,1
395.201,0,0,0.0,0.0,1
395.301,0,0,0.0,0.0,1
395.301,0,0,0.0,0.0,1
395.301,0,0,0.0,0.0,1
395.301,0,0,0.0,0.0,1
395.401,0,0,0.0,0.0,1
395.401,0,0,0.0,0.0,1
395.401,0,0,0.0,0.0,1
395.501,0,0,0.0,0.0,1
395.501,0,0,0.0,0.0,1
395.501,0,0,0.0,0.0,1
395.501,0,0,0.0,0.0,1
395.601,0,0,0.0,0.0,1
395.601,0,0,0.0,0.0,1
395.601,0,0,0.0,0.0,1
395.701,0,0,0.0,0.0,1
395.701,0,0,0.0,0.0,1
395.701,0,0,0.0,0.0,1
395.701,0,0,0.0,0.0,1
395.801,0,0,0.0,0.0,1
395.801,0,0,0.0,0.0,1
395.801,0,0,0.0,0.0,1
395.801,0,0,0.0,0.0,1
395.901,0,0,0.0,0.0,1
395.901,0,0,0.0,0.0,1
395.901,0,0,0.0,0.0,1
396.001,0,0,0.0,0.0,1
396.001,0,0,0.0,0.0,1
396.001,0,0,0.0,0.0,1
396.001,0,0,0.0,0.0,1
396.101,0,0,0.0,0.0,1
396.101,0,0,0.0,0.0,1
396.101,0,0,0.0,0.0,1
396.201,0,0,0.0,0.0,1
396.201,0,0,0.0,0.0,1
396.201,0,0,0.0,0.0,1
396.201,0,0,0.0,0.0,1
396.301,0,0,0.0,0.0,1
396.301,0,0,0.0,0.0,1
396.301,0,0,0.0,0.0,1
396.401,0,0,0.0,0.0,1
396.401,0,0,0.0,0.0,1
396.401,0,0,0.0,0.0,1
396.401,0,0,0.0,0.0,1
396.501,0,0,0.0,0.0,1
396.501,0,0,0.0,0.0,1
396.501,0,0,0.0,0.0,1
396.501,0,0,0.0,0.0,1
396.601,0,0,0.0,0.0,1
396.601,0,0,0.0,0.0,1
396.601,0,0,0.0,0.0,1
396.701,0,0,0.0,0.0,1
396.701,0,0,0.0,0.0,1
396.701,0,0,0.0,0.0,1
396.701,0,0,0.0,0.0,1
396.801,0,0,0.0,0.0,1
396.801,0,0,0.0,0.0,1
396.801,0,0,0.0,0.0,1
396.901,0,0,0.0,0.0,1
396.901,0,0,0.0,0.0,1
396.901,0,0,0.0,0.0,1
396.901,0,0,0.0,0.0,1
397.001,0,0,0.0,0.0,1
397.001,0,0,0.0,0.0,1
397.001,0,0,0.0,0.0,1
397.101,0,0,0.0,0.0,1
397.101,0,0,0.0,0.0,1
397.101,0,0,0.0,0.0,1
397.101,0,0,0.0,0.0,1
397.201,0,0,0.0,0.0,1
397.201,0,0,0.0,0.0,1
397.201,0,0,0.0,0.0,1
397.301,0,0,0.0,0.0,1
397.301,0,0,0.0,0.0,1
397.301,0,0,0.0,0.0,1
397.301,0,0,0.0,0.0,1
397.401,0,0,0.0,0.0,1
397.401,0,0,0.0,0.0,1
397.401,0,0,0.0,0.0,1
397.401,0,0,0.0,0.0,1
397.501,0,0,0.0,0.0,1
397.501,0,0,0.0,0.0,1
397.501,0,0,0.0,0.0,1
397.601,0,0,0.0,0.0,1
397.601,0,0,0.0,0.0,1
397.601,0,0,0.0,0.0,1
397.601,0,0,0.0,0.0,1
397.701,0,0,0.0,0.0,1
397.701,0,0,0.0,0.0,1
397.701,0,0,0.0,0.0,1
397.801,0,0,0.0,0.0,1
397.801,0,0,0.0,0.0,1
397.801,0,0,0.0,0.0,1
397.801,0,0,0.0,0.0,1
397.901,0,0,0.0,0.0,1
397.901,0,0,0.0,0.0,1
397.901,0,0,0.0,0.0,1
398.001,0,0,0.0,0.0,1
398.001,0,0,0.0,0.0,1
398.001,0,0,0.0,0.0,1
398.001,0,0,0.0,0.0,1
398.101,0,0,0.0,0.0,1
398.101,0,0,0.0,0.0,1
398.101,0,0,0.0,0.0,1
398.101,0,0,0.0,0.0,1
398.201,0,0,0.0,0.0,1
398.201,0,0,0.0,0.0,1
398.201,0,0,0.0,0.0,1
398.301,0,0,0.0,0.0,1
398.301,0,0,0.0,0.0,1
398.301,0,0,0.0,0.0,1
398.301,0,0,0.0,0.0,1
398.401,0,0,0.0,0.0,1
398.401,0,0,0.0,0.0,1
398.401,0,0,0.0,0.0,1
398.501,0,0,0.0,0.0,1
398.501,0,0,0.0,0.0,1
398.501,0,0,0.0,0.0,1
398.501,0,0,0.0,0.0,1
398.601,0,0,0.0,0.0,1
398.601,0,0,0.0,0.0,1
398.601,0,0,0.0,0.0,1
398.701,0,0,0.0,0.0,1
398.701,0,0,0.0,0.0,1
398.701,0,0,0.0,0.0,1
398.701,0,0,0.0,0.0,1
398.801,0,0,0.0,0.0,0
398.801,0,0,0.0,0.0,0
398.801,0,0,0.0,0.0,0
398.801,0,0,0.0,0.0,0
398.901,0,0,0.0,0.0,0
398.901,0,0,0.0,0.0,0
398.901,0,0,0.0,0.0,0
399.001,0,0,0.0,0.0,0
399.001,0,0,0.0,0.0,0
399.001,0,0,0.0,0.0,0
399.001,0,0,0.0,0.0,0
399.101,0,0,0.0,0.0,0
399.101,0,0,0.0,0.0,0
399.101,0,0,0.0,0.0,0
399.201,0,0,0.0,0.0,0
399.201,0,0,0.0,0.0,0
399.201,0,0,0.0,0.0,0
399.201,0,0,0.0,0.0,0
399.301,0,0,0.0,0.0,0
399.301,0,0,0.0,0.0,0
399.301,0,0,0.0,0.0,0
399.401,0,0,0.0,0.0,0
399.401,0,0,0.0,0.0,0
399.401,0,0,0.0,0.0,0
399.401,0,0,0.0,0.0,0
399.501,0,0,0.0,0.0,0
399.501,0,0,0.0,0.0,0
399.501,0,0,0.0,0.0,0
399.601,0,0,0.0,0.0,0
399.601,0,0,0.0,0.0,0
399.601,0,0,0.0,0.0,0
399.601,0,0,0.0,0.0,0
399.701,0,0,0.0,0.0,0
399.701,0,0,0.0,0.0,0
399.701,0,0,0.0,0.0,0
399.701,0,0,0.0,0.0,0
399.801,0,0,0.0,0.0,0
399.801,0,0,0.0,0.0,0
399.801,0,0,0.0,0.0,0
399.901,0,0,0.0,0.0,0
399.901,0,0,0.0,0.0,0
399.901,0,0,0.0,0.0,0
399.901,0,0,0.0,0.0,0
400.001,0,0,0.0,0.0,0
400.001,0,0,0.0,0.0,0
400.001,0,0,0.0,0.0,0
400.101,0,0,0.0,0.0,0
400.101,0,0,0.0,0.0,0
400.101,0,0,0.0,0.0,0
400.101,0,0,0.0,0.0,0
400.201,0,0,0.0,0.0,0
400.201,0,0,0.0,0.0,0
400.201,0,0,0.0,0.0,0
400.301,0,0,0.0,0.0,0
400.301,0,0,0.0,0.0,0
400.301,0,0,0.0,0.0,0
400.301,0,0,0.0,0.0,0
400.401,0,0,0.0,0.0,0
400.401,0,0,0.0,0.0,0
400.401,0,0,0.0,0.0,0
400.401,0,0,0.0,0.0,0
400.501,0,0,0.0,0.0,0
400.501,0,0,0.0,0.0,0
400.501,0,0,0.0,0.0,0
400.601,0,0,0.0,0.0,0
400.601,0,0,0.0,0.0,0
400.601,0,0,0.0,0.0,0
400.601,0,0,0.0,0.0,0
400.701,0,0,0.0,0.0,0
400.701,0,0,0.0,0.0,0
400.701,0,0,0.0,0.0,0
400.801,0,0,0.0,0.0,0
400.801,0,0,0.0,0.0,0
400.801,0,0,0.0,0.0,0
400.801,0,0,0.0,0.0,0
400.901,0,0,0.0,0.0,0
400.901,0,0,0.0,0.0,0
400.901,0,0,0.0,0.0,0
401.001,0,0,0.0,0.0,0
401.001,0,0,0.0,0.0,0
401.001,0,0,0.0,0.0,0
401.001,0,0,0.0,0.0,0
401.101,0,0,0.0,0.0,0
401.101,0,0,0.0,0.0,0
401.101,0,0,0.0,0.0,0
401.201,0,0,0.0,0.0,0
401.201,0,0,0.0,0.0,0
401.201,0,0,0.0,0.0,0
401.201,0,0,0.0,0.0,0
401.301,0,0,0.0,0.0,0
401.301,0,0,0.0,0.0,0
401.301,0,0,0.0,0.0,0
401.301,0,0,0.0,0.0,0
401.401,0,0,0.0,0.0,0
401.401,0,0,0.0,0.0,0
401.401,0,0,0.0,0.0,0
401.501,0,0,0.0,0.0,0
401.501,0,0,0.0,0.0,0
401.501,0,0,0.0,0.0,0
401.501,0,0,0.0,0.0,0
401.601,0,0,0.0,0.0,0
401.601,0,0,0.0,0.0,0
401.601,0,0,0.0,0.0,0
401.701,0,0,0.0,0.0,0
401.701,0,0,0.0,0.0,0
401.701,0,0,0.0,0.0,0
401.701,0,0,0.0,0.0,0
401.801,0,0,0.0,0.0,0
401.801,0,0,0.0,0.0,0
401.801,0,0,0.0,0.0,0
401.901,0,0,0.0,0.0,0
401.901,0,0,0.0,0.0,0
401.901,0,0,0.0,0.0,0
401.901,0,0,0.0,0.0,0
402.001,0,0,0.0,0.0,0
402.001,0,0,0.0,0.0,0
402.001,0,0,0.0,0.0,0
402.001,0,0,0.0,0.0,0
402.101,0,0,0.0,0.0,0
402.101,0,0,0.0,0.0,0
402.101,0,0,0.0,0.0,0
402.201,0,0,0.0,0.0,0
402.201,0,0,0.0,0.0,0
402.201,0,0,0.0,0.0,0
402.201,0,0,0.0,0.0,0
402.301,0,0,0.0,0.0,0
402.301,0,0,0.0,0.0,0
402.301,0,0,0.0,0.0,0
402.401,0,0,0.0,0.0,0
402.401,0,0,0.0,0.0,0
402.401,0,0,0.0,0.0,0
402.401,0,0,0.0,0.0,0
402.501,0,0,0.0,0.0,0
402.501,0,0,0.0,0.0,0
402.501,0,0,0.0,0.0,0
402.601,0,0,0.0,0.0,0
402.601,0,0,0.0,0.0,0
402.601,0,0,0.0,0.0,0
402.601,0,0,0.0,0.0,0
402.701,0,0,0.0,0.0,0
402.701,0,0,0.0,0.0,0
402.701,0,0,0.0,0.0,0
402.701,0,0,0.0,0.0,0
402.801,0,0,0.0,0.0,0
402.801,0,0,0.0,0.0,0
402.801,0,0,0.0,0.0,0
402.901,0,0,0.0,0.0,0
402.901,0,0,0.0,0.0,0
402.901,0,0,0.0,0.0,0
402.901,0,0,0.0,0.0,0
403.001,0,0,0.0,0.0,0
403.001,0,0,0.0,0.0,0
403.001,0,0,0.0,0.0,0
403.101,0,0,0.0,0.0,0
403.101,0,0,0.0,0.0,0
403.101,0,0,0.0,0.0,0
403.101,0,0,0.0,0.0,0
403.201,0,0,0.0,0.0,0
403.201,0,0,0.0,0.0,0
403.201,0,0,0.0,0.0,0
403.301,0,0,0.0,0.0,0
403.301,0,0,0.0,0.0,0
403.301,0,0,0.0,0.0,0
403.301,0,0,0.0,0.0,0
403.401,0,0,0.0,0.0,0
403.401,0,0,0.0,0.0,0
403.401,0,0,0.0,0.0,0
403.501,0,0,0.0,0.0,0
403.501,0,0,0.0,0.0,0
403.501,0,0,0.0,0.0,0
403.501,0,0,0.0,0.0,0
403.601,0,0,0.0,0.0,0
403.601,0,0,0.0,0.0,0
403.601,0,0,0.0,0.0,0
403.601,0,0,0.0,0.0,0
403.701,0,0,0.0,0.0,0
403.701,0,0,0.0,0.0,0
403.701,0,0,0.0,0.0,0
403.801,0,0,0.0,0.0,0
403.801,0,0,0.0,0.0,0
403.801,0,0,0.0,0.0,0
403.801,0,0,0.0,0.0,0
403.901,0,0,0.0,0.0,0
403.901,0,0,0.0,0.0,0
403.901,0,0,0.0,0.0,0
404.001,0,0,0.0,0.0,0
404.001,0,0,0.0,0.0,0
404.001,0,0,0.0,0.0,0
404.001,0,0,0.0,0.0,0
404.101,0,0,0.0,0.0,0
404.101,0,0,0.0,0.0,0
404.101,0,0,0.0,0.0,0
404.201,0,0,0.0,0.0,0
404.201,0,0,0.0,0.0,0
404.201,0,0,0.0,0.0,0
404.201,0,0,0.0,0.0,0
404.301,0,0,0.0,0.0,0
404.301,0,0,0.0,0.0,0
404.301,0,0,0.0,0.0,0
404.301,0,0,0.0,0.0,0
404.401,0,0,0.0,0.0,0
404.401,0,0,0.0,0.0,0
404.401,0,0,0.0,0.0,0
404.501,0,0,0.0,0.0,0
404.501,0,0,0.0,0.0,0
404.501,0,0,0.0,0.0,0
404.501,0,0,0.0,0.0,0
404.601,0,0,0.0,0.0,0
404.601,0,0,0.0,0.0,0
404.601,0,0,0.0,0.0,0
