t_sec,turn_class,hill_class,turn_angle_deg,hill_angle_deg,is_straight
0.000,2,0,-60.0,0.0,0
0.000,2,0,-60.0,0.0,0
0.000,2,0,-60.0,0.0,0
0.000,2,0,-60.0,0.0,0
0.000,2,0,-60.0,0.0,0
0.000,2,0,-60.0,0.0,0
0.000,2,0,-60.0,0.0,0
0.000,2,0,-60.0,0.0,0
0.000,2,0,-60.0,0.0,0
0.000,2,0,-60.0,0.0,0
0.000,2,0,-60.0,0.0,0
0.000,2,0,-60.0,0.0,0
0.100,2,0,-60.0,0.0,0
0.100,2,0,-60.0,0.0,0
0.100,2,0,-60.0,0.0,0
0.100,2,0,-60.0,0.0,0
0.100,2,0,-60.0,0.0,0
0.100,2,0,-60.0,0.0,0
0.100,2,0,-60.0,0.0,0
0.100,2,0,-60.0,0.0,0
0.100,2,0,-60.0,0.0,0
0.100,2,0,-60.0,0.0,0
0.200,2,0,-60.0,0.0,0
0.200,2,0,-60.0,0.0,0
0.200,2,0,-60.0,0.0,0
0.200,2,0,-60.0,0.0,0
0.200,2,0,-60.0,0.0,0
0.200,2,0,-60.0,0.0,0
0.200,2,0,-60.0,0.0,0
0.200,2,0,-60.0,0.0,0
0.200,2,0,-60.0,0.0,0
0.200,2,0,-60.0,0.0,0
0.200,2,0,-60.0,0.0,0
0.300,2,0,-60.0,0.0,0
0.300,2,0,-60.0,0.0,0
0.300,2,0,-60.0,0.0,0
0.300,2,0,-60.0,0.0,0
0.300,2,0,-60.0,0.0,0
0.300,2,0,-60.0,0.0,0
0.300,2,0,-60.0,0.0,0
0.300,2,0,-60.0,0.0,0
0.300,2,0,-60.0,0.0,0
0.300,2,0,-60.0,0.0,0
0.400,2,0,-60.0,0.0,0
0.400,2,0,-60.0,0.0,0
0.400,2,0,-60.0,0.0,0
0.400,2,0,-60.0,0.0,0
0.400,2,0,-60.0,0.0,0
0.400,2,0,-60.0,0.0,0
0.400,2,0,-60.0,0.0,0
0.400,2,0,-60.0,0.0,0
0.400,2,0,-60.0,0.0,0
0.400,2,0,-60.0,0.0,0
0.400,2,0,-60.0,0.0,0
0.500,2,0,-60.0,0.0,0
0.500,2,0,-60.0,0.0,0
0.500,2,0,-60.0,0.0,0
0.500,2,0,-60.0,0.0,0
0.500,2,0,-60.0,0.0,0
0.500,2,0,-60.0,0.0,0
0.500,2,0,-60.0,0.0,0
0.500,2,0,-60.0,0.0,0
0.500,2,0,-60.0,0.0,0
0.500,2,0,-60.0,0.0,0
0.600,2,0,-60.0,0.0,0
0.600,2,0,-60.0,0.0,0
0.600,2,0,-60.0,0.0,0
0.600,2,0,-60.0,0.0,0
0.600,2,0,-60.0,0.0,0
0.600,2,0,-60.0,0.0,0
0.600,2,0,-60.0,0.0,0
0.600,2,0,-60.0,0.0,0
0.600,2,0,-60.0,0.0,0
0.600,2,0,-60.0,0.0,0
0.700,2,0,-60.0,0.0,0
0.700,2,0,-60.0,0.0,0
0.700,2,0,-60.0,0.0,0
0.700,2,0,-60.0,0.0,0
0.700,2,0,-60.0,0.0,0
0.700,2,0,-60.0,0.0,0
0.700,2,0,-60.0,0.0,0
0.700,2,0,-60.0,0.0,0
0.700,2,0,-60.0,0.0,0
0.700,2,0,-60.0,0.0,0
0.700,2,0,-60.0,0.0,0
0.800,2,0,-60.0,0.0,0
0.800,2,0,-60.0,0.0,0
0.800,2,0,-60.0,0.0,0
0.800,2,0,-60.0,0.0,0
0.800,2,0,-60.0,0.0,0
0.800,2,0,-60.0,0.0,0
0.800,2,0,-60.0,0.0,0
0.800,2,0,-60.0,0.0,0
0.800,2,0,-60.0,0.0,0
0.800,2,0,-60.0,0.0,0
0.900,2,0,-60.0,0.0,0
0.900,2,0,-60.0,0.0,0
0.900,2,0,-60.0,0.0,0
0.900,2,0,-60.0,0.0,0
0.900,2,0,-60.0,0.0,0
0.900,2,0,-60.0,0.0,0
0.900,2,0,-60.0,0.0,0
0.900,2,0,-60.0,0.0,0
0.900,2,0,-60.0,0.0,0
0.900,2,0,-60.0,0.0,0
0.900,2,0,-60.0,0.0,0
1.000,2,0,-60.0,0.0,0
1.000,2,0,-60.0,0.0,0
1.000,2,0,-60.0,0.0,0
1.000,2,0,-60.0,0.0,0
1.000,2,0,-60.0,0.0,0
1.000,2,0,-60.0,0.0,0
1.000,2,0,-60.0,0.0,0
1.000,2,0,-60.0,0.0,0
1.000,2,0,-60.0,0.0,0
1.000,2,0,-60.0,0.0,0
1.100,2,0,-60.0,0.0,0
1.100,2,0,-60.0,0.0,0
1.100,2,0,-60.0,0.0,0
1.100,2,0,-60.0,0.0,0
1.100,2,0,-60.0,0.0,0
1.100,2,0,-60.0,0.0,0
1.100,2,0,-60.0,0.0,0
1.100,2,0,-60.0,0.0,0
1.100,2,0,-60.0,0.0,0
1.100,2,0,-60.0,0.0,0
1.100,2,0,-60.0,0.0,0
1.200,2,0,-60.0,0.0,0
1.200,2,0,-60.0,0.0,0
1.200,2,0,-60.0,0.0,0
1.200,2,0,-60.0,0.0,0
1.200,2,0,-60.0,0.0,0
1.200,2,0,-60.0,0.0,0
1.200,2,0,-60.0,0.0,0
1.200,2,0,-60.0,0.0,0
1.200,2,0,-60.0,0.0,0
1.200,2,0,-60.0,0.0,0
1.300,2,0,-60.0,0.0,0
1.300,2,0,-60.0,0.0,0
1.300,2,0,-60.0,0.0,0
1.300,2,0,-60.0,0.0,0
1.300,2,0,-60.0,0.0,0
1.300,2,0,-60.0,0.0,0
1.300,2,0,-60.0,0.0,0
1.300,2,0,-60.0,0.0,0
1.300,2,0,-60.0,0.0,0
1.300,2,0,-60.0,0.0,0
1.300,2,0,-60.0,0.0,0
1.400,2,0,-60.0,0.0,0
1.400,2,0,-60.0,0.0,0
1.400,2,0,-60.0,0.0,0
1.400,2,0,-60.0,0.0,0
1.400,2,0,-60.0,0.0,0
1.400,2,0,-60.0,0.0,0
1.400,2,0,-60.0,0.0,0
1.400,2,0,-60.0,0.0,0
1.400,2,0,-60.0,0.0,0
1.400,2,0,-60.0,0.0,0
1.500,2,0,-60.0,0.0,0
1.500,2,0,-60.0,0.0,0
1.500,2,0,-60.0,0.0,0
1.500,2,0,-60.0,0.0,0
1.500,2,0,-60.0,0.0,0
1.500,2,0,-60.0,0.0,0
1.500,2,0,-60.0,0.0,0
1.500,2,0,-60.0,0.0,0
1.500,2,0,-60.0,0.0,0
1.500,2,0,-60.0,0.0,0
1.600,2,0,-60.0,0.0,0
1.600,2,0,-60.0,0.0,0
1.600,2,0,-60.0,0.0,0
1.600,2,0,-60.0,0.0,0
1.600,2,0,-60.0,0.0,0
1.600,2,0,-60.0,0.0,0
1.600,2,0,-60.0,0.0,0
1.600,2,0,-60.0,0.0,0
1.600,2,0,-60.0,0.0,0
1.600,2,0,-60.0,0.0,0
1.600,2,0,-60.0,0.0,0
1.700,2,0,-60.0,0.0,0
1.700,2,0,-60.0,0.0,0
1.700,2,0,-60.0,0.0,0
1.700,2,0,-60.0,0.0,0
1.700,2,0,-60.0,0.0,0
1.700,2,0,-60.0,0.0,0
1.700,2,0,-60.0,0.0,0
1.700,2,0,-60.0,0.0,0
1.700,2,0,-60.0,0.0,0
1.700,2,0,-60.0,0.0,0
1.800,2,0,-60.0,0.0,0
1.800,2,0,-60.0,0.0,0
1.800,2,0,-60.0,0.0,0
1.800,2,0,-60.0,0.0,0
1.800,2,0,-60.0,0.0,0
1.800,2,0,-60.0,0.0,0
1.800,2,0,-60.0,0.0,0
1.800,2,0,-60.0,0.0,0
1.800,2,0,-60.0,0.0,0
1.800,2,0,-60.0,0.0,0
1.800,2,0,-60.0,0.0,0
1.900,2,0,-60.0,0.0,0
1.900,2,0,-60.0,0.0,0
1.900,2,0,-60.0,0.0,0
1.900,2,0,-60.0,0.0,0
1.900,2,0,-60.0,0.0,0
1.900,2,0,-60.0,0.0,0
1.900,2,0,-60.0,0.0,0
1.900,2,0,-60.0,0.0,0
1.900,2,0,-60.0,0.0,0
1.900,2,0,-60.0,0.0,0
2.000,2,0,-60.0,0.0,0
2.000,2,0,-60.0,0.0,0
2.000,2,0,-60.0,0.0,0
2.000,2,0,-60.0,0.0,0
2.000,2,0,-60.0,0.0,0
2.000,2,0,-60.0,0.0,0
2.000,2,0,-60.0,0.0,0
2.000,2,0,-60.0,0.0,0
2.000,2,0,-60.0,0.0,0
2.000,2,0,-60.0,0.0,0
2.000,2,0,-60.0,0.0,0
2.100,2,0,-60.0,0.0,0
2.100,2,0,-60.0,0.0,0
2.100,2,0,-60.0,0.0,0
2.100,2,0,-60.0,0.0,0
2.100,2,0,-60.0,0.0,0
2.100,2,0,-60.0,0.0,0
2.100,2,0,-60.0,0.0,0
2.100,2,0,-60.0,0.0,0
2.100,2,0,-60.0,0.0,0
2.100,2,0,-60.0,0.0,0
2.200,2,0,-60.0,0.0,0
2.200,2,0,-60.0,0.0,0
2.200,2,0,-60.0,0.0,0
2.200,2,0,-60.0,0.0,0
2.200,2,0,-60.0,0.0,0
2.200,2,0,-60.0,0.0,0
2.200,2,0,-60.0,0.0,0
2.200,2,0,-60.0,0.0,0
2.200,2,0,-60.0,0.0,0
2.200,2,0,-60.0,0.0,0
2.300,2,0,-60.0,0.0,0
2.300,2,0,-60.0,0.0,0
2.300,2,0,-60.0,0.0,0
2.300,2,0,-60.0,0.0,0
2.300,2,0,-60.0,0.0,0
2.300,2,0,-60.0,0.0,0
2.300,2,0,-60.0,0.0,0
2.300,2,0,-60.0,0.0,0
2.300,2,0,-60.0,0.0,0
2.300,2,0,-60.0,0.0,0
2.300,2,0,-60.0,0.0,0
2.400,2,0,-60.0,0.0,0
2.400,2,0,-60.0,0.0,0
2.400,2,0,-60.0,0.0,0
2.400,2,0,-60.0,0.0,0
2.400,2,0,-60.0,0.0,0
2.400,2,0,-60.0,0.0,0
2.400,2,0,-60.0,0.0,0
2.400,2,0,-60.0,0.0,0
2.400,2,0,-60.0,0.0,0
2.400,2,0,-60.0,0.0,0
2.500,2,0,-60.0,0.0,0
2.500,2,0,-60.0,0.0,0
2.500,2,0,-60.0,0.0,0
2.500,2,0,-60.0,0.0,0
2.500,2,0,-60.0,0.0,0
2.500,2,0,-60.0,0.0,0
2.500,2,0,-60.0,0.0,0
2.500,2,0,-60.0,0.0,0
2.500,2,0,-60.0,0.0,0
2.500,2,0,-60.0,0.0,0
2.500,2,0,-60.0,0.0,0
2.600,2,0,-60.0,0.0,0
2.600,2,0,-60.0,0.0,0
2.600,2,0,-60.0,0.0,0
2.600,2,0,-60.0,0.0,0
2.600,2,0,-60.0,0.0,0
2.600,2,0,-60.0,0.0,0
2.600,2,0,-60.0,0.0,0
2.600,2,0,-60.0,0.0,0
2.600,2,0,-60.0,0.0,0
2.600,2,0,-60.0,0.0,0
2.700,2,0,-60.0,0.0,0
2.700,2,0,-60.0,0.0,0
2.700,2,0,-60.0,0.0,0
2.700,2,0,-60.0,0.0,0
2.700,2,0,-60.0,0.0,0
2.700,2,0,-60.0,0.0,0
2.700,2,0,-60.0,0.0,0
2.700,2,0,-60.0,0.0,0
2.700,2,0,-60.0,0.0,0
2.700,2,0,-60.0,0.0,0
2.700,2,0,-60.0,0.0,0
2.800,2,0,-60.0,0.0,0
2.800,2,0,-60.0,0.0,0
2.800,2,0,-60.0,0.0,0
2.800,2,0,-60.0,0.0,0
2.800,2,0,-60.0,0.0,0
2.800,2,0,-60.0,0.0,0
2.800,2,0,-60.0,0.0,0
2.800,2,0,-60.0,0.0,0
2.800,2,0,-60.0,0.0,0
2.800,2,0,-60.0,0.0,0
2.900,2,0,-60.0,0.0,0
2.900,2,0,-60.0,0.0,0
2.900,2,0,-60.0,0.0,0
2.900,2,0,-60.0,0.0,0
2.900,2,0,-60.0,0.0,0
2.900,2,0,-60.0,0.0,0
2.900,2,0,-60.0,0.0,0
2.900,2,0,-60.0,0.0,0
2.900,2,0,-60.0,0.0,0
2.900,2,0,-60.0,0.0,0
3.000,2,0,-60.0,0.0,0
3.000,2,0,-60.0,0.0,0
3.000,2,0,-60.0,0.0,0
3.000,2,0,-60.0,0.0,0
3.000,2,0,-60.0,0.0,0
3.000,2,0,-60.0,0.0,0
3.000,2,0,-60.0,0.0,0
3.000,2,0,-60.0,0.0,0
3.000,2,0,-60.0,0.0,0
3.000,2,0,-60.0,0.0,0
3.000,2,0,-60.0,0.0,0
3.100,2,0,-60.0,0.0,0
3.100,2,0,-60.0,0.0,0
3.100,2,0,-60.0,0.0,0
3.100,2,0,-60.0,0.0,0
3.100,2,0,-60.0,0.0,0
3.100,2,0,-60.0,0.0,0
3.100,2,0,-60.0,0.0,0
3.100,2,0,-60.0,0.0,0
3.100,2,0,-60.0,0.0,0
3.100,2,0,-60.0,0.0,0
3.200,2,0,-60.0,0.0,0
3.200,2,0,-60.0,0.0,0
3.200,2,0,-60.0,0.0,0
3.200,2,0,-60.0,0.0,0
3.200,2,0,-60.0,0.0,0
3.200,2,0,-60.0,0.0,0
3.200,2,0,-60.0,0.0,0
3.200,2,0,-60.0,0.0,0
3.200,2,0,-60.0,0.0,0
3.200,2,0,-60.0,0.0,0
3.200,2,0,-60.0,0.0,0
3.300,2,0,-60.0,0.0,0
3.300,2,0,-60.0,0.0,0
3.300,2,0,-60.0,0.0,0
3.300,2,0,-60.0,0.0,0
3.300,2,0,-60.0,0.0,0
3.300,2,0,-60.0,0.0,0
3.300,2,0,-60.0,0.0,0
3.300,2,0,-60.0,0.0,0
3.300,2,0,-60.0,0.0,0
3.300,2,0,-60.0,0.0,0
3.400,2,0,-60.0,0.0,0
3.400,2,0,-60.0,0.0,0
3.400,2,0,-60.0,0.0,0
3.400,2,0,-60.0,0.0,0
3.400,2,0,-60.0,0.0,0
3.400,2,0,-60.0,0.0,0
3.400,2,0,-60.0,0.0,0
3.400,2,0,-60.0,0.0,0
3.400,2,0,-60.0,0.0,0
3.400,2,0,-60.0,0.0,0
3.400,2,0,-60.0,0.0,0
3.500,2,0,-60.0,0.0,0
3.500,2,0,-60.0,0.0,0
3.500,2,0,-60.0,0.0,0
3.500,2,0,-60.0,0.0,0
3.500,2,0,-60.0,0.0,0
3.500,2,0,-60.0,0.0,0
3.500,2,0,-60.0,0.0,0
3.500,2,0,-60.0,0.0,0
3.500,2,0,-60.0,0.0,0
3.500,2,0,-60.0,0.0,0
3.600,2,0,-60.0,0.0,0
3.600,2,0,-60.0,0.0,0
3.600,2,0,-60.0,0.0,0
3.600,2,0,-60.0,0.0,0
3.600,2,0,-60.0,0.0,0
3.600,2,0,-60.0,0.0,0
3.600,2,0,-60.0,0.0,0
3.600,2,0,-60.0,0.0,0
3.600,2,0,-60.0,0.0,0
3.600,2,0,-60.0,0.0,0
3.600,2,0,-60.0,0.0,0
3.700,2,0,-60.0,0.0,0
3.700,2,0,-60.0,0.0,0
3.700,2,0,-60.0,0.0,0
3.700,2,0,-60.0,0.0,0
3.700,2,0,-60.0,0.0,0
3.700,2,0,-60.0,0.0,0
3.700,2,0,-60.0,0.0,0
3.700,2,0,-60.0,0.0,0
3.700,2,0,-60.0,0.0,0
3.700,2,0,-60.0,0.0,0
3.800,2,0,-60.0,0.0,0
3.800,2,0,-60.0,0.0,0
3.800,2,0,-60.0,0.0,0
3.800,2,0,-60.0,0.0,0
3.800,2,0,-60.0,0.0,0
3.800,2,0,-60.0,0.0,0
3.800,2,0,-60.0,0.0,0
3.800,2,0,-60.0,0.0,0
3.800,2,0,-60.0,0.0,0
3.800,2,0,-60.0,0.0,0
3.900,2,0,-60.0,0.0,0
3.900,2,0,-60.0,0.0,0
3.900,2,0,-60.0,0.0,0
3.900,2,0,-60.0,0.0,0
3.900,2,0,-60.0,0.0,0
3.900,2,0,-60.0,0.0,0
3.900,2,0,-60.0,0.0,0
3.900,2,0,-60.0,0.0,0
3.900,2,0,-60.0,0.0,0
3.900,2,0,-60.0,0.0,0
3.900,2,0,-60.0,0.0,0
4.000,2,0,-60.0,0.0,0
4.000,2,0,-60.0,0.0,0
4.000,2,0,-60.0,0.0,0
4.000,2,0,-60.0,0.0,0
4.000,2,0,-60.0,0.0,0
4.000,2,0,-60.0,0.0,0
4.000,2,0,-60.0,0.0,0
4.000,2,0,-60.0,0.0,0
4.000,2,0,-60.0,0.0,0
4.000,2,0,-60.0,0.0,0
4.100,2,0,-60.0,0.0,0
4.100,2,0,-60.0,0.0,0
4.100,2,0,-60.0,0.0,0
4.100,2,0,-60.0,0.0,0
4.100,2,0,-60.0,0.0,0
4.100,2,0,-60.0,0.0,0
4.100,2,0,-60.0,0.0,0
4.100,2,0,-60.0,0.0,0
4.100,2,0,-60.0,0.0,0
4.100,2,0,-60.0,0.0,0
4.100,2,0,-60.0,0.0,0
4.200,2,0,-60.0,0.0,0
4.200,2,0,-60.0,0.0,0
4.200,2,0,-60.0,0.0,0
4.200,2,0,-60.0,0.0,0
4.200,2,0,-60.0,0.0,0
4.200,2,0,-60.0,0.0,0
4.200,2,0,-60.0,0.0,0
4.200,2,0,-60.0,0.0,0
4.200,2,0,-60.0,0.0,0
4.200,2,0,-60.0,0.0,0
4.300,2,0,-60.0,0.0,0
4.300,2,0,-60.0,0.0,0
4.300,2,0,-60.0,0.0,0
4.300,2,0,-60.0,0.0,0
4.300,2,0,-60.0,0.0,0
4.300,2,0,-60.0,0.0,0
4.300,2,0,-60.0,0.0,0
4.300,2,0,-60.0,0.0,0
4.300,2,0,-60.0,0.0,0
4.300,2,0,-60.0,0.0,0
4.300,2,0,-60.0,0.0,0
4.400,2,0,-60.0,0.0,0
4.400,2,0,-60.0,0.0,0
4.400,2,0,-60.0,0.0,0
4.400,2,0,-60.0,0.0,0
4.400,2,0,-60.0,0.0,0
4.400,2,0,-60.0,0.0,0
4.400,2,0,-60.0,0.0,0
4.400,2,0,-60.0,0.0,0
4.400,2,0,-60.0,0.0,0
4.400,2,0,-60.0,0.0,0
4.500,2,0,-60.0,0.0,0
4.500,2,0,-60.0,0.0,0
4.500,2,0,-60.0,0.0,0
4.500,2,0,-60.0,0.0,0
4.500,2,0,-60.0,0.0,0
4.500,2,0,-60.0,0.0,0
4.500,2,0,-60.0,0.0,0
4.500,2,0,-60.0,0.0,0
4.500,2,0,-60.0,0.0,0
4.500,2,0,-60.0,0.0,0
4.600,2,0,-60.0,0.0,0
4.600,2,0,-60.0,0.0,0
4.600,2,0,-60.0,0.0,0
4.600,2,0,-60.0,0.0,0
4.600,2,0,-60.0,0.0,0
4.600,2,0,-60.0,0.0,0
4.600,2,0,-60.0,0.0,0
4.600,2,0,-60.0,0.0,0
4.600,2,0,-60.0,0.0,0
4.600,2,0,-60.0,0.0,0
4.600,2,0,-60.0,0.0,0
4.700,2,0,-60.0,0.0,0
4.700,2,0,-60.0,0.0,0
4.700,2,0,-60.0,0.0,0
4.700,2,0,-60.0,0.0,0
4.700,2,0,-60.0,0.0,0
4.700,2,0,-60.0,0.0,0
4.700,2,0,-60.0,0.0,0
4.700,2,0,-60.0,0.0,0
4.700,2,0,-60.0,0.0,0
4.700,2,0,-60.0,0.0,0
4.800,2,0,-60.0,0.0,0
4.800,2,0,-60.0,0.0,0
4.800,2,0,-60.0,0.0,0
4.800,2,0,-60.0,0.0,0
4.800,2,0,-60.0,0.0,0
4.800,2,0,-60.0,0.0,0
4.800,2,0,-60.0,0.0,0
4.800,2,0,-60.0,0.0,0
4.800,2,0,-60.0,0.0,0
4.800,2,0,-60.0,0.0,0
4.800,2,0,-60.0,0.0,0
4.900,2,0,-60.0,0.0,0
4.900,2,0,-60.0,0.0,0
4.900,2,0,-60.0,0.0,0
4.900,2,0,-60.0,0.0,0
4.900,2,0,-60.0,0.0,0
4.900,2,0,-60.0,0.0,0
4.900,2,0,-60.0,0.0,0
4.900,2,0,-60.0,0.0,0
4.900,2,0,-60.0,0.0,0
4.900,2,0,-60.0,0.0,0
5.000,2,0,-60.0,0.0,0
5.000,2,0,-60.0,0.0,0
5.000,2,0,-60.0,0.0,0
5.000,2,0,-60.0,0.0,0
5.000,2,0,-60.0,0.0,0
5.000,2,0,-60.0,0.0,0
5.000,2,0,-60.0,0.0,0
5.000,2,0,-60.0,0.0,0
5.000,2,0,-60.0,0.0,0
5.000,2,0,-60.0,0.0,0
5.000,2,0,-60.0,0.0,0
5.100,2,0,-60.0,0.0,0
5.100,2,0,-60.0,0.0,0
5.100,2,0,-60.0,0.0,0
5.100,2,0,-60.0,0.0,0
5.100,2,0,-60.0,0.0,0
5.100,2,0,-60.0,0.0,0
5.100,2,0,-60.0,0.0,0
5.100,2,0,-60.0,0.0,0
5.100,2,0,-60.0,0.0,0
5.100,2,0,-60.0,0.0,0
5.200,2,0,-60.0,0.0,0
5.200,2,0,-60.0,0.0,0
5.200,2,0,-60.0,0.0,0
5.200,2,0,-60.0,0.0,0
5.200,2,0,-60.0,0.0,0
5.200,2,0,-60.0,0.0,0
5.200,2,0,-60.0,0.0,0
5.200,2,0,-60.0,0.0,0
5.200,2,0,-60.0,0.0,0
5.200,2,0,-60.0,0.0,0
5.300,2,0,-60.0,0.0,0
5.300,2,0,-60.0,0.0,0
5.300,2,0,-60.0,0.0,0
5.300,2,0,-60.0,0.0,0
5.300,2,0,-60.0,0.0,0
5.300,2,0,-60.0,0.0,0
5.300,2,0,-60.0,0.0,0
5.300,2,0,-60.0,0.0,0
5.300,2,0,-60.0,0.0,0
5.300,2,0,-60.0,0.0,0
5.300,2,0,-60.0,0.0,0
5.400,2,0,-60.0,0.0,0
5.400,2,0,-60.0,0.0,0
5.400,2,0,-60.0,0.0,0
5.400,2,0,-60.0,0.0,0
5.400,2,0,-60.0,0.0,0
5.400,2,0,-60.0,0.0,0
5.400,2,0,-60.0,0.0,0
5.400,2,0,-60.0,0.0,0
5.400,2,0,-60.0,0.0,0
5.400,2,0,-60.0,0.0,0
5.500,2,0,-60.0,0.0,0
5.500,2,0,-60.0,0.0,0
5.500,2,0,-60.0,0.0,0
5.500,2,0,-60.0,0.0,0
5.500,2,0,-60.0,0.0,0
5.500,2,0,-60.0,0.0,0
5.500,2,0,-60.0,0.0,0
5.500,2,0,-60.0,0.0,0
5.500,2,0,-60.0,0.0,0
5.500,2,0,-60.0,0.0,0
5.500,2,0,-60.0,0.0,0
5.600,2,0,-60.0,0.0,0
5.600,2,0,-60.0,0.0,0
5.600,2,0,-60.0,0.0,0
5.600,2,0,-60.0,0.0,0
5.600,2,0,-60.0,0.0,0
5.600,2,0,-60.0,0.0,0
5.600,2,0,-60.0,0.0,0
5.600,2,0,-60.0,0.0,0
5.600,2,0,-60.0,0.0,0
5.600,2,0,-60.0,0.0,0
5.700,2,0,-60.0,0.0,0
5.700,2,0,-60.0,0.0,0
5.700,2,0,-60.0,0.0,0
5.700,2,0,-60.0,0.0,0
5.700,2,0,-60.0,0.0,0
5.700,2,0,-60.0,0.0,0
5.700,2,0,-60.0,0.0,0
5.700,2,0,-60.0,0.0,0
5.700,2,0,-60.0,0.0,0
5.700,2,0,-60.0,0.0,0
5.700,2,0,-60.0,0.0,0
5.800,2,0,-60.0,0.0,0
5.800,2,0,-60.0,0.0,0
5.800,2,0,-60.0,0.0,0
5.800,2,0,-60.0,0.0,0
5.800,2,0,-60.0,0.0,0
5.800,2,0,-60.0,0.0,0
5.800,2,0,-60.0,0.0,0
5.800,2,0,-60.0,0.0,0
5.800,2,0,-60.0,0.0,0
5.800,2,0,-60.0,0.0,0
5.900,2,0,-60.0,0.0,0
5.900,2,0,-60.0,0.0,0
5.900,2,0,-60.0,0.0,0
5.900,2,0,-60.0,0.0,0
5.900,2,0,-60.0,0.0,0
5.900,2,0,-60.0,0.0,0
5.900,2,0,-60.0,0.0,0
5.900,2,0,-60.0,0.0,0
5.900,2,0,-60.0,0.0,0
5.900,2,0,-60.0,0.0,0
5.900,2,0,-60.0,0.0,0
6.000,2,0,-60.0,0.0,0
6.000,2,0,-60.0,0.0,0
6.000,2,0,-60.0,0.0,0
6.000,2,0,-60.0,0.0,0
6.000,2,0,-60.0,0.0,0
6.000,2,0,-60.0,0.0,0
6.000,2,0,-60.0,0.0,0
6.000,2,0,-60.0,0.0,0
6.000,2,0,-60.0,0.0,0
6.000,2,0,-60.0,0.0,0
6.100,2,0,-60.0,0.0,0
6.100,2,0,-60.0,0.0,0
6.100,2,0,-60.0,0.0,0
6.100,2,0,-60.0,0.0,0
6.100,2,0,-60.0,0.0,0
6.100,2,0,-60.0,0.0,0
6.100,2,0,-60.0,0.0,0
6.100,2,0,-60.0,0.0,0
6.100,2,0,-60.0,0.0,0
6.100,2,0,-60.0,0.0,0
6.200,2,0,-60.0,0.0,0
6.200,2,0,-60.0,0.0,0
6.200,2,0,-60.0,0.0,0
6.200,2,0,-60.0,0.0,0
6.200,2,0,-60.0,0.0,0
6.200,2,0,-60.0,0.0,0
6.200,2,0,-60.0,0.0,0
6.200,2,0,-60.0,0.0,0
6.200,2,0,-60.0,0.0,0
6.200,2,0,-60.0,0.0,0
6.200,2,0,-60.0,0.0,0
6.300,2,0,-60.0,0.0,0
6.300,2,0,-60.0,0.0,0
6.300,2,0,-60.0,0.0,0
6.300,2,0,-60.0,0.0,0
6.300,2,0,-60.0,0.0,0
6.300,2,0,-60.0,0.0,0
6.300,2,0,-60.0,0.0,0
6.300,2,0,-60.0,0.0,0
6.300,2,0,-60.0,0.0,0
6.300,2,0,-60.0,0.0,0
6.400,2,0,-60.0,0.0,0
6.400,2,0,-60.0,0.0,0
6.400,2,0,-60.0,0.0,0
6.400,2,0,-60.0,0.0,0
6.400,2,0,-60.0,0.0,0
6.400,2,0,-60.0,0.0,0
6.400,2,0,-60.0,0.0,0
6.400,2,0,-60.0,0.0,0
6.400,2,0,-60.0,0.0,0
6.400,2,0,-60.0,0.0,0
6.400,2,0,-60.0,0.0,0
6.500,2,0,-60.0,0.0,0
6.500,2,0,-60.0,0.0,0
6.500,2,0,-60.0,0.0,0
6.500,2,0,-60.0,0.0,0
6.500,2,0,-60.0,0.0,0
6.500,2,0,-60.0,0.0,0
6.500,2,0,-60.0,0.0,0
6.500,2,0,-60.0,0.0,0
6.500,2,0,-60.0,0.0,0
6.500,2,0,-60.0,0.0,0
6.600,2,0,-60.0,0.0,0
6.600,2,0,-60.0,0.0,0
6.600,2,0,-60.0,0.0,0
6.600,2,0,-60.0,0.0,0
6.600,2,0,-60.0,0.0,0
6.600,2,0,-60.0,0.0,0
6.600,2,0,-60.0,0.0,0
6.600,2,0,-60.0,0.0,0
6.600,2,0,-60.0,0.0,0
6.600,2,0,-60.0,0.0,0
6.600,2,0,-60.0,0.0,0
6.700,2,0,-60.0,0.0,0
6.700,2,0,-60.0,0.0,0
6.700,2,0,-60.0,0.0,0
6.700,2,0,-60.0,0.0,0
6.700,2,0,-60.0,0.0,0
6.700,2,0,-60.0,0.0,0
6.700,2,0,-60.0,0.0,0
6.700,2,0,-60.0,0.0,0
6.700,2,0,-60.0,0.0,0
6.700,2,0,-60.0,0.0,0
6.800,2,0,-60.0,0.0,0
6.800,2,0,-60.0,0.0,0
6.800,2,0,-60.0,0.0,0
6.800,2,0,-60.0,0.0,0
6.800,2,0,-60.0,0.0,0
6.800,2,0,-60.0,0.0,0
6.800,2,0,-60.0,0.0,0
6.800,2,0,-60.0,0.0,0
6.800,2,0,-60.0,0.0,0
6.800,2,0,-60.0,0.0,0
6.900,2,0,-60.0,0.0,0
6.900,2,0,-60.0,0.0,0
6.900,2,0,-60.0,0.0,0
6.900,2,0,-60.0,0.0,0
6.900,2,0,-60.0,0.0,0
6.900,2,0,-60.0,0.0,0
6.900,2,0,-60.0,0.0,0
6.900,2,0,-60.0,0.0,0
6.900,2,0,-60.0,0.0,0
6.900,2,0,-60.0,0.0,0
6.900,2,0,-60.0,0.0,0
7.000,2,0,-60.0,0.0,0
7.000,2,0,-60.0,0.0,0
7.000,2,0,-60.0,0.0,0
7.000,2,0,-60.0,0.0,0
7.000,2,0,-60.0,0.0,0
7.000,2,0,-60.0,0.0,0
7.000,2,0,-60.0,0.0,0
7.000,2,0,-60.0,0.0,0
7.000,2,0,-60.0,0.0,0
7.000,2,0,-60.0,0.0,0
7.100,2,0,-60.0,0.0,0
7.100,2,0,-60.0,0.0,0
7.100,2,0,-60.0,0.0,0
7.100,2,0,-60.0,0.0,0
7.100,2,0,-60.0,0.0,0
7.100,2,0,-60.0,0.0,0
7.100,2,0,-60.0,0.0,0
7.100,2,0,-60.0,0.0,0
7.100,2,0,-60.0,0.0,0
7.100,2,0,-60.0,0.0,0
7.100,2,0,-60.0,0.0,0
7.200,2,0,-60.0,0.0,0
7.200,2,0,-60.0,0.0,0
7.200,2,0,-60.0,0.0,0
7.200,2,0,-60.0,0.0,0
7.200,2,0,-60.0,0.0,0
7.200,2,0,-60.0,0.0,0
7.200,2,0,-60.0,0.0,0
7.200,2,0,-60.0,0.0,0
7.200,2,0,-60.0,0.0,0
7.200,2,0,-60.0,0.0,0
7.300,2,0,-60.0,0.0,0
7.300,2,0,-60.0,0.0,0
7.300,2,0,-60.0,0.0,0
7.300,2,0,-60.0,0.0,0
7.300,2,0,-60.0,0.0,0
7.300,2,0,-60.0,0.0,0
7.300,2,0,-60.0,0.0,0
7.300,2,0,-60.0,0.0,0
7.300,2,0,-60.0,0.0,0
7.300,2,0,-60.0,0.0,0
7.300,2,0,-60.0,0.0,0
7.400,2,0,-60.0,0.0,0
7.400,2,0,-60.0,0.0,0
7.400,2,0,-60.0,0.0,0
7.400,2,0,-60.0,0.0,0
7.400,2,0,-60.0,0.0,0
7.400,2,0,-60.0,0.0,0
7.400,2,0,-60.0,0.0,0
7.400,2,0,-60.0,0.0,0
7.400,2,0,-60.0,0.0,0
7.400,2,0,-60.0,0.0,0
7.500,2,0,-60.0,0.0,0
7.500,2,0,-60.0,0.0,0
7.500,2,0,-60.0,0.0,0
7.500,2,0,-60.0,0.0,0
7.500,2,0,-60.0,0.0,0
7.500,2,0,-60.0,0.0,0
7.500,2,0,-60.0,0.0,0
7.500,2,0,-60.0,0.0,0
7.500,2,0,-60.0,0.0,0
7.500,2,0,-60.0,0.0,0
7.600,2,0,-60.0,0.0,0
7.600,2,0,-60.0,0.0,0
7.600,2,0,-60.0,0.0,0
7.600,2,0,-60.0,0.0,0
7.600,2,0,-60.0,0.0,0
7.600,2,0,-60.0,0.0,0
7.600,2,0,-60.0,0.0,0
7.600,2,0,-60.0,0.0,0
7.600,2,0,-60.0,0.0,0
7.600,2,0,-60.0,0.0,0
7.600,2,0,-60.0,0.0,0
7.700,2,0,-60.0,0.0,0
7.700,2,0,-60.0,0.0,0
7.700,2,0,-60.0,0.0,0
7.700,2,0,-60.0,0.0,0
7.700,2,0,-60.0,0.0,0
7.700,2,0,-60.0,0.0,0
7.700,2,0,-60.0,0.0,0
7.700,2,0,-60.0,0.0,0
7.700,2,0,-60.0,0.0,0
7.700,2,0,-60.0,0.0,0
7.800,2,0,-60.0,0.0,0
7.800,2,0,-60.0,0.0,0
7.800,2,0,-60.0,0.0,0
7.800,2,0,-60.0,0.0,0
7.800,2,0,-60.0,0.0,0
7.800,2,0,-60.0,0.0,0
7.800,2,0,-60.0,0.0,0
7.800,2,0,-60.0,0.0,0
7.800,2,0,-60.0,0.0,0
7.800,2,0,-60.0,0.0,0
7.800,2,0,-60.0,0.0,0
7.900,2,0,-60.0,0.0,0
7.900,2,0,-60.0,0.0,0
7.900,2,0,-60.0,0.0,0
7.900,2,0,-60.0,0.0,0
7.900,2,0,-60.0,0.0,0
7.900,2,0,-60.0,0.0,0
7.900,2,0,-60.0,0.0,0
7.900,2,0,-60.0,0.0,0
7.900,2,0,-60.0,0.0,0
7.900,2,0,-60.0,0.0,0
8.000,2,0,-60.0,0.0,0
8.000,2,0,-60.0,0.0,0
8.000,2,0,-60.0,0.0,0
8.000,2,0,-60.0,0.0,0
8.000,2,0,-60.0,0.0,0
8.000,2,0,-60.0,0.0,0
8.000,2,0,-60.0,0.0,0
8.000,2,0,-60.0,0.0,0
8.000,2,0,-60.0,0.0,0
8.000,2,0,-60.0,0.0,0
8.000,2,0,-60.0,0.0,0
8.100,2,0,-60.0,0.0,0
8.100,2,0,-60.0,0.0,0
8.100,2,0,-60.0,0.0,0
8.100,2,0,-60.0,0.0,0
8.100,2,0,-60.0,0.0,0
8.100,2,0,-60.0,0.0,0
8.100,2,0,-60.0,0.0,0
8.100,2,0,-60.0,0.0,0
8.100,2,0,-60.0,0.0,0
8.100,2,0,-60.0,0.0,0
8.200,2,2,-60.0,-2.0,0
8.200,2,2,-60.0,-2.0,0
8.200,2,2,-60.0,-2.0,0
8.200,2,2,-60.0,-2.0,0
8.200,2,2,-60.0,-2.0,0
8.200,2,2,-60.0,-2.0,0
8.200,2,2,-60.0,-2.0,0
8.200,2,2,-60.0,-2.0,0
8.200,2,2,-60.0,-2.0,0
8.200,2,2,-60.0,-2.0,0
8.200,2,2,-60.0,-2.0,0
8.300,0,2,0.0,-2.0,0
8.300,0,2,0.0,-2.0,0
8.300,0,2,0.0,-2.0,0
8.300,0,2,0.0,-2.0,0
8.300,0,2,0.0,-2.0,0
8.300,0,2,0.0,-2.0,0
8.300,0,2,0.0,-2.0,0
8.300,0,2,0.0,-2.0,0
8.300,0,2,0.0,-2.0,0
8.300,0,2,0.0,-2.0,0
8.400,0,2,0.0,-2.0,0
8.400,0,2,0.0,-2.0,0
8.400,0,2,0.0,-2.0,0
8.400,0,2,0.0,-2.0,0
8.400,0,2,0.0,-2.0,0
8.400,0,2,0.0,-2.0,0
8.400,0,2,0.0,-2.0,0
8.400,0,2,0.0,-2.0,0
8.400,0,2,0.0,-2.0,0
8.400,0,2,0.0,-2.0,0
8.500,0,2,0.0,-2.0,0
8.500,0,2,0.0,-2.0,0
8.500,0,2,0.0,-2.0,0
8.500,0,2,0.0,-2.0,0
8.500,0,2,0.0,-2.0,0
8.500,0,2,0.0,-2.0,0
8.500,0,2,0.0,-2.0,0
8.500,0,2,0.0,-2.0,0
8.500,0,2,0.0,-2.0,0
8.500,0,2,0.0,-2.0,0
8.500,0,2,0.0,-2.0,0
8.600,0,2,0.0,-2.0,0
8.600,0,2,0.0,-2.0,0
8.600,0,2,0.0,-2.0,0
8.600,0,2,0.0,-2.0,0
8.600,0,2,0.0,-2.0,0
8.600,0,2,0.0,-2.0,0
8.600,0,2,0.0,-2.0,0
8.600,0,2,0.0,-2.0,0
8.600,0,2,0.0,-2.0,0
8.600,0,2,0.0,-2.0,0
8.700,0,2,0.0,-2.0,0
8.700,0,2,0.0,-2.0,0
8.700,0,2,0.0,-2.0,0
8.700,0,2,0.0,-2.0,0
8.700,0,2,0.0,-2.0,0
8.700,0,2,0.0,-2.0,0
8.700,0,2,0.0,-2.0,0
8.700,0,2,0.0,-2.0,0
8.700,0,2,0.0,-2.0,0
8.700,0,2,0.0,-2.0,0
8.700,0,2,0.0,-2.0,0
8.800,0,2,0.0,-2.0,0
8.800,0,2,0.0,-2.0,0
8.800,0,2,0.0,-2.0,0
8.800,0,2,0.0,-2.0,0
8.800,0,2,0.0,-2.0,0
8.800,0,2,0.0,-2.0,0
8.800,0,2,0.0,-2.0,0
8.800,0,2,0.0,-2.0,0
8.800,0,2,0.0,-2.0,0
8.800,0,2,0.0,-2.0,0
8.900,0,2,0.0,-2.0,0
8.900,0,2,0.0,-2.0,0
8.900,0,2,0.0,-2.0,0
8.900,0,2,0.0,-2.0,0
8.900,0,2,0.0,-2.0,0
8.900,0,2,0.0,-2.0,0
8.900,0,2,0.0,-2.0,0
8.900,0,2,0.0,-2.0,0
8.900,0,2,0.0,-2.0,0
8.900,0,2,0.0,-2.0,0
8.900,0,2,0.0,-2.0,0
9.000,0,2,0.0,-2.0,0
9.000,0,2,0.0,-2.0,0
9.000,0,2,0.0,-2.0,0
9.000,0,2,0.0,-2.0,0
9.000,0,2,0.0,-2.0,0
9.000,0,2,0.0,-2.0,0
9.000,0,2,0.0,-2.0,0
9.000,0,2,0.0,-2.0,0
9.000,0,2,0.0,-2.0,0
9.000,0,2,0.0,-2.0,0
9.100,0,2,0.0,-2.0,0
9.100,0,2,0.0,-2.0,0
9.100,0,2,0.0,-2.0,0
9.100,0,2,0.0,-2.0,0
9.100,0,2,0.0,-2.0,0
9.100,0,2,0.0,-2.0,0
9.100,0,2,0.0,-2.0,0
9.100,0,2,0.0,-2.0,0
9.100,0,2,0.0,-2.0,0
9.100,0,2,0.0,-2.0,0
9.200,0,2,0.0,-2.0,0
9.200,0,2,0.0,-2.0,0
9.200,0,2,0.0,-2.0,0
9.200,0,2,0.0,-2.0,0
9.200,0,2,0.0,-2.0,0
9.200,0,2,0.0,-2.0,0
9.200,0,2,0.0,-2.0,0
9.200,0,2,0.0,-2.0,0
9.200,0,2,0.0,-2.0,0
9.200,0,2,0.0,-2.0,0
9.200,0,2,0.0,-2.0,0
9.300,0,2,0.0,-2.0,0
9.300,0,2,0.0,-2.0,0
9.300,0,2,0.0,-2.0,0
9.300,0,2,0.0,-2.0,0
9.300,0,2,0.0,-2.0,0
9.300,0,2,0.0,-2.0,0
9.300,0,2,0.0,-2.0,0
9.300,0,2,0.0,-2.0,0
9.300,0,2,0.0,-2.0,0
9.300,0,2,0.0,-2.0,0
9.400,0,2,0.0,-2.0,0
9.400,0,2,0.0,-2.0,0
9.400,0,2,0.0,-2.0,0
9.400,0,2,0.0,-2.0,0
9.400,0,2,0.0,-2.0,0
9.400,0,2,0.0,-2.0,0
9.400,0,2,0.0,-2.0,0
9.400,0,2,0.0,-2.0,0
9.400,0,2,0.0,-2.0,0
9.400,0,2,0.0,-2.0,0
9.400,0,2,0.0,-2.0,0
9.500,0,2,0.0,-2.0,0
9.500,0,2,0.0,-2.0,0
9.500,0,2,0.0,-2.0,0
9.500,0,2,0.0,-2.0,0
9.500,0,2,0.0,-2.0,0
9.500,0,2,0.0,-2.0,0
9.500,0,2,0.0,-2.0,0
9.500,0,2,0.0,-2.0,0
9.500,0,2,0.0,-2.0,0
9.500,0,2,0.0,-2.0,0
9.600,0,2,0.0,-2.0,0
9.600,0,2,0.0,-2.0,0
9.600,0,2,0.0,-2.0,0
9.600,0,2,0.0,-2.0,0
9.600,0,2,0.0,-2.0,0
9.600,0,2,0.0,-2.0,0
9.600,0,2,0.0,-2.0,0
9.600,0,2,0.0,-2.0,0
9.600,0,2,0.0,-2.0,0
9.600,0,2,0.0,-2.0,0
9.600,0,2,0.0,-2.0,0
9.700,0,2,0.0,-2.0,0
9.700,0,2,0.0,-2.0,0
9.700,0,2,0.0,-2.0,0
9.700,0,2,0.0,-2.0,0
9.700,0,2,0.0,-2.0,0
9.700,0,2,0.0,-2.0,0
9.700,0,2,0.0,-2.0,0
9.700,0,2,0.0,-2.0,0
9.700,0,2,0.0,-2.0,0
9.700,0,2,0.0,-2.0,0
9.800,0,2,0.0,-2.0,0
9.800,0,2,0.0,-2.0,0
9.800,0,2,0.0,-2.0,0
9.800,0,2,0.0,-2.0,0
9.800,0,2,0.0,-2.0,0
9.800,0,2,0.0,-2.0,0
9.800,0,2,0.0,-2.0,0
9.800,0,2,0.0,-2.0,0
9.800,0,2,0.0,-2.0,0
9.800,0,2,0.0,-2.0,0
9.900,0,2,0.0,-2.0,0
9.900,0,2,0.0,-2.0,0
9.900,0,2,0.0,-2.0,0
9.900,0,2,0.0,-2.0,0
9.900,0,2,0.0,-2.0,0
9.900,0,2,0.0,-2.0,0
9.900,0,2,0.0,-2.0,0
9.900,0,2,0.0,-2.0,0
9.900,0,2,0.0,-2.0,0
9.900,0,2,0.0,-2.0,0
9.900,0,2,0.0,-2.0,0
10.000,0,2,0.0,-2.0,0
10.000,0,2,0.0,-2.0,0
10.000,0,2,0.0,-2.0,0
10.000,0,2,0.0,-2.0,0
10.000,0,2,0.0,-2.0,0
10.000,0,2,0.0,-2.0,0
10.000,0,2,0.0,-2.0,0
10.000,0,2,0.0,-2.0,0
10.000,0,2,0.0,-2.0,0
10.000,0,2,0.0,-2.0,0
10.100,0,2,0.0,-2.0,0
10.100,0,2,0.0,-2.0,0
10.100,0,2,0.0,-2.0,0
10.100,0,2,0.0,-2.0,0
10.100,0,2,0.0,-2.0,0
10.100,0,2,0.0,-2.0,0
10.100,0,2,0.0,-2.0,0
10.100,0,2,0.0,-2.0,0
10.100,0,2,0.0,-2.0,0
10.100,0,2,0.0,-2.0,0
10.100,0,2,0.0,-2.0,0
10.200,0,2,0.0,-2.0,0
10.200,0,2,0.0,-2.0,0
10.200,0,2,0.0,-2.0,0
10.200,0,2,0.0,-2.0,0
10.200,0,2,0.0,-2.0,0
10.200,0,2,0.0,-2.0,0
10.200,0,2,0.0,-2.0,0
10.200,0,2,0.0,-2.0,0
10.200,0,2,0.0,-2.0,0
10.200,0,2,0.0,-2.0,0
10.300,0,2,0.0,-2.0,0
10.300,0,2,0.0,-2.0,0
10.300,0,2,0.0,-2.0,0
10.300,0,2,0.0,-2.0,0
10.300,0,2,0.0,-2.0,0
10.300,0,2,0.0,-2.0,0
10.300,0,2,0.0,-2.0,0
10.300,0,2,0.0,-2.0,0
10.300,0,2,0.0,-2.0,0
10.300,0,2,0.0,-2.0,0
10.300,0,2,0.0,-2.0,0
10.400,0,2,0.0,-2.0,0
10.400,0,2,0.0,-2.0,0
10.400,0,2,0.0,-2.0,0
10.400,0,2,0.0,-2.0,0
10.400,0,2,0.0,-2.0,0
10.400,0,2,0.0,-2.0,0
10.400,0,2,0.0,-2.0,0
10.400,0,2,0.0,-2.0,0
10.400,0,2,0.0,-2.0,0
10.400,0,2,0.0,-2.0,0
10.500,0,2,0.0,-2.0,0
10.500,0,2,0.0,-2.0,0
10.500,0,2,0.0,-2.0,0
10.500,0,2,0.0,-2.0,0
10.500,0,2,0.0,-2.0,0
10.500,0,2,0.0,-2.0,0
10.500,0,2,0.0,-2.0,0
10.500,0,2,0.0,-2.0,0
10.500,0,2,0.0,-2.0,0
10.500,0,2,0.0,-2.0,0
10.500,0,2,0.0,-2.0,0
10.600,0,2,0.0,-2.0,0
10.600,0,2,0.0,-2.0,0
10.600,0,2,0.0,-2.0,0
10.600,0,2,0.0,-2.0,0
10.600,0,2,0.0,-2.0,0
10.600,0,2,0.0,-2.0,0
10.600,0,2,0.0,-2.0,0
10.600,0,2,0.0,-2.0,0
10.600,0,2,0.0,-2.0,0
10.600,0,2,0.0,-2.0,0
10.700,0,2,0.0,-2.0,0
10.700,0,2,0.0,-2.0,0
10.700,0,2,0.0,-2.0,0
10.700,0,2,0.0,-2.0,0
10.700,0,2,0.0,-2.0,0
10.700,0,2,0.0,-2.0,0
10.700,0,2,0.0,-2.0,0
10.700,0,2,0.0,-2.0,0
10.700,0,2,0.0,-2.0,0
10.700,0,2,0.0,-2.0,0
10.800,0,2,0.0,-2.0,0
10.800,0,2,0.0,-2.0,0
10.800,0,2,0.0,-2.0,0
10.800,0,2,0.0,-2.0,0
10.800,0,2,0.0,-2.0,0
10.800,0,2,0.0,-2.0,0
10.800,0,2,0.0,-2.0,0
10.800,0,2,0.0,-2.0,0
10.800,0,2,0.0,-2.0,0
10.800,0,2,0.0,-2.0,0
10.800,0,2,0.0,-2.0,0
10.900,0,2,0.0,-2.0,0
10.900,0,2,0.0,-2.0,0
10.900,0,2,0.0,-2.0,0
10.900,0,2,0.0,-2.0,0
10.900,0,2,0.0,-2.0,0
10.900,0,2,0.0,-2.0,0
10.900,0,2,0.0,-2.0,0
10.900,0,2,0.0,-2.0,0
10.900,0,2,0.0,-2.0,0
10.900,0,2,0.0,-2.0,0
11.000,0,2,0.0,-2.0,0
11.000,0,2,0.0,-2.0,0
11.000,0,2,0.0,-2.0,0
11.000,0,2,0.0,-2.0,0
11.000,0,2,0.0,-2.0,0
11.000,0,2,0.0,-2.0,0
11.000,0,2,0.0,-2.0,0
11.000,0,2,0.0,-2.0,0
11.000,0,2,0.0,-2.0,0
11.000,0,2,0.0,-2.0,0
11.000,0,2,0.0,-2.0,0
11.100,0,2,0.0,-2.0,0
11.100,0,2,0.0,-2.0,0
11.100,0,2,0.0,-2.0,0
11.100,0,2,0.0,-2.0,0
11.100,0,2,0.0,-2.0,0
11.100,0,2,0.0,-2.0,0
11.100,0,2,0.0,-2.0,0
11.100,0,2,0.0,-2.0,0
11.100,0,2,0.0,-2.0,0
11.100,0,2,0.0,-2.0,0
11.200,0,2,0.0,-2.0,0
11.200,0,2,0.0,-2.0,0
11.200,0,2,0.0,-2.0,0
11.200,0,2,0.0,-2.0,0
11.200,0,2,0.0,-2.0,0
11.200,0,2,0.0,-2.0,0
11.200,0,2,0.0,-2.0,0
11.200,0,2,0.0,-2.0,0
11.200,0,2,0.0,-2.0,0
11.200,0,2,0.0,-2.0,0
11.200,0,2,0.0,-2.0,0
11.300,0,2,0.0,-2.0,0
11.300,0,2,0.0,-2.0,0
11.300,0,2,0.0,-2.0,0
11.300,0,2,0.0,-2.0,0
11.300,0,2,0.0,-2.0,0
11.300,0,2,0.0,-2.0,0
11.300,0,2,0.0,-2.0,0
11.300,0,2,0.0,-2.0,0
11.300,0,2,0.0,-2.0,0
11.300,0,2,0.0,-2.0,0
11.400,0,2,0.0,-2.0,0
11.400,0,2,0.0,-2.0,0
11.400,0,2,0.0,-2.0,0
11.400,0,2,0.0,-2.0,0
11.400,0,2,0.0,-2.0,0
11.400,0,2,0.0,-2.0,0
11.400,0,2,0.0,-2.0,0
11.400,0,2,0.0,-2.0,0
11.400,0,2,0.0,-2.0,0
11.400,0,2,0.0,-2.0,0
11.500,0,2,0.0,-2.0,0
11.500,0,2,0.0,-2.0,0
11.500,0,2,0.0,-2.0,0
11.500,0,2,0.0,-2.0,0
11.500,0,2,0.0,-2.0,0
11.500,0,2,0.0,-2.0,0
11.500,0,2,0.0,-2.0,0
11.500,0,2,0.0,-2.0,0
11.500,0,2,0.0,-2.0,0
11.500,0,2,0.0,-2.0,0
11.500,0,2,0.0,-2.0,0
11.600,0,2,0.0,-2.0,0
11.600,0,2,0.0,-2.0,0
11.600,0,2,0.0,-2.0,0
11.600,0,2,0.0,-2.0,0
11.600,0,2,0.0,-2.0,0
11.600,0,2,0.0,-2.0,0
11.600,0,2,0.0,-2.0,0
11.600,0,2,0.0,-2.0,0
11.600,0,2,0.0,-2.0,0
11.600,0,2,0.0,-2.0,0
11.700,0,2,0.0,-2.0,0
11.700,0,2,0.0,-2.0,0
11.700,0,2,0.0,-2.0,0
11.700,0,2,0.0,-2.0,0
11.700,0,2,0.0,-2.0,0
11.700,0,2,0.0,-2.0,0
11.700,0,2,0.0,-2.0,0
11.700,0,2,0.0,-2.0,0
11.700,0,2,0.0,-2.0,0
11.700,0,2,0.0,-2.0,0
11.700,0,2,0.0,-2.0,0
11.800,0,2,0.0,-2.0,0
11.800,0,2,0.0,-2.0,0
11.800,0,2,0.0,-2.0,0
11.800,0,2,0.0,-2.0,0
11.800,0,2,0.0,-2.0,0
11.800,0,2,0.0,-2.0,0
11.800,0,2,0.0,-2.0,0
11.800,0,2,0.0,-2.0,0
11.800,0,2,0.0,-2.0,0
11.800,0,2,0.0,-2.0,0
11.900,0,2,0.0,-2.0,0
11.900,0,2,0.0,-2.0,0
11.900,0,2,0.0,-2.0,0
11.900,0,2,0.0,-2.0,0
11.900,0,2,0.0,-2.0,0
11.900,0,2,0.0,-2.0,0
11.900,0,2,0.0,-2.0,0
11.900,0,2,0.0,-2.0,0
11.900,0,2,0.0,-2.0,0
11.900,0,2,0.0,-2.0,0
11.900,0,2,0.0,-2.0,0
12.000,0,2,0.0,-2.0,0
12.000,0,2,0.0,-2.0,0
12.000,0,2,0.0,-2.0,0
12.000,0,2,0.0,-2.0,0
12.000,0,2,0.0,-2.0,0
12.000,0,2,0.0,-2.0,0
12.000,0,2,0.0,-2.0,0
12.000,0,2,0.0,-2.0,0
12.000,0,2,0.0,-2.0,0
12.000,0,2,0.0,-2.0,0
12.100,0,2,0.0,-2.0,0
12.100,0,2,0.0,-2.0,0
12.100,0,2,0.0,-2.0,0
12.100,0,2,0.0,-2.0,0
12.100,0,2,0.0,-2.0,0
12.100,0,2,0.0,-2.0,0
12.100,0,2,0.0,-2.0,0
12.100,0,2,0.0,-2.0,0
12.100,0,2,0.0,-2.0,0
12.100,0,2,0.0,-2.0,0
12.200,0,2,0.0,-2.0,0
12.200,0,2,0.0,-2.0,0
12.200,0,2,0.0,-2.0,0
12.200,0,2,0.0,-2.0,0
12.200,0,2,0.0,-2.0,0
12.200,0,2,0.0,-2.0,0
12.200,0,2,0.0,-2.0,0
12.200,0,2,0.0,-2.0,0
12.200,0,2,0.0,-2.0,0
12.200,0,2,0.0,-2.0,0
12.200,0,2,0.0,-2.0,0
12.300,0,2,0.0,-2.0,0
12.300,0,2,0.0,-2.0,0
12.300,0,2,0.0,-2.0,0
12.300,0,2,0.0,-2.0,0
12.300,0,2,0.0,-2.0,0
12.300,0,2,0.0,-2.0,0
12.300,0,2,0.0,-2.0,0
12.300,0,2,0.0,-2.0,0
12.300,0,2,0.0,-2.0,0
12.300,0,2,0.0,-2.0,0
12.400,0,2,0.0,-2.0,0
12.400,0,2,0.0,-2.0,0
12.400,0,2,0.0,-2.0,0
12.400,0,2,0.0,-2.0,0
12.400,0,2,0.0,-2.0,0
12.400,0,2,0.0,-2.0,0
12.400,0,2,0.0,-2.0,0
12.400,0,2,0.0,-2.0,0
12.400,0,2,0.0,-2.0,0
12.400,0,2,0.0,-2.0,0
12.400,0,2,0.0,-2.0,0
12.500,0,2,0.0,-2.0,0
12.500,0,2,0.0,-2.0,0
12.500,0,2,0.0,-2.0,0
12.500,0,2,0.0,-2.0,0
12.500,0,2,0.0,-2.0,0
12.500,0,2,0.0,-2.0,0
12.500,0,2,0.0,-2.0,0
12.500,0,2,0.0,-2.0,0
12.500,0,2,0.0,-2.0,0
12.500,0,2,0.0,-2.0,0
12.600,0,2,0.0,-2.0,0
12.600,0,2,0.0,-2.0,0
12.600,0,2,0.0,-2.0,0
12.600,0,2,0.0,-2.0,0
12.600,0,2,0.0,-2.0,0
12.600,0,2,0.0,-2.0,0
12.600,0,2,0.0,-2.0,0
12.600,0,2,0.0,-2.0,0
12.600,0,2,0.0,-2.0,0
12.600,0,2,0.0,-2.0,0
12.600,0,2,0.0,-2.0,0
12.700,0,2,0.0,-2.0,0
12.700,0,2,0.0,-2.0,0
12.700,0,2,0.0,-2.0,0
12.700,0,2,0.0,-2.0,0
12.700,0,2,0.0,-2.0,0
12.700,0,2,0.0,-2.0,0
12.700,0,2,0.0,-2.0,0
12.700,0,2,0.0,-2.0,0
12.700,0,2,0.0,-2.0,0
12.700,0,2,0.0,-2.0,0
12.800,0,2,0.0,-2.0,0
12.800,0,2,0.0,-2.0,0
12.800,0,2,0.0,-2.0,0
12.800,0,2,0.0,-2.0,0
12.800,0,2,0.0,-2.0,0
12.800,0,2,0.0,-2.0,0
12.800,0,2,0.0,-2.0,0
12.800,0,2,0.0,-2.0,0
12.800,0,2,0.0,-2.0,0
12.800,0,2,0.0,-2.0,0
12.800,0,2,0.0,-2.0,0
12.900,0,2,0.0,-2.0,0
12.900,0,2,0.0,-2.0,0
12.900,0,2,0.0,-2.0,0
12.900,0,2,0.0,-2.0,0
12.900,0,2,0.0,-2.0,0
12.900,0,2,0.0,-2.0,0
12.900,0,2,0.0,-2.0,0
12.900,0,2,0.0,-2.0,0
12.900,0,2,0.0,-2.0,0
12.900,0,2,0.0,-2.0,0
13.000,0,2,0.0,-2.0,0
13.000,0,2,0.0,-2.0,0
13.000,0,2,0.0,-2.0,0
13.000,0,2,0.0,-2.0,0
13.000,0,2,0.0,-2.0,0
13.000,0,2,0.0,-2.0,0
13.000,0,2,0.0,-2.0,0
13.000,0,2,0.0,-2.0,0
13.000,0,2,0.0,-2.0,0
13.000,0,2,0.0,-2.0,0
13.100,0,2,0.0,-2.0,0
13.100,0,2,0.0,-2.0,0
13.100,0,2,0.0,-2.0,0
13.100,0,2,0.0,-2.0,0
13.100,0,2,0.0,-2.0,0
13.100,0,2,0.0,-2.0,0
13.100,0,2,0.0,-2.0,0
13.100,0,2,0.0,-2.0,0
13.100,0,2,0.0,-2.0,0
13.100,0,2,0.0,-2.0,0
13.100,0,2,0.0,-2.0,0
13.200,0,2,0.0,-2.0,0
13.200,0,2,0.0,-2.0,0
13.200,0,2,0.0,-2.0,0
13.200,0,2,0.0,-2.0,0
13.200,0,2,0.0,-2.0,0
13.200,0,2,0.0,-2.0,0
13.200,0,2,0.0,-2.0,0
13.200,0,2,0.0,-2.0,0
13.200,0,2,0.0,-2.0,0
13.200,0,2,0.0,-2.0,0
13.300,0,2,0.0,-2.0,0
13.300,0,2,0.0,-2.0,0
13.300,0,2,0.0,-2.0,0
13.300,0,2,0.0,-2.0,0
13.300,0,2,0.0,-2.0,0
13.300,0,2,0.0,-2.0,0
13.300,0,2,0.0,-2.0,0
13.300,0,2,0.0,-2.0,0
13.300,0,2,0.0,-2.0,0
13.300,0,2,0.0,-2.0,0
13.300,0,2,0.0,-2.0,0
13.400,0,2,0.0,-2.0,0
13.400,0,2,0.0,-2.0,0
13.400,0,2,0.0,-2.0,0
13.400,0,2,0.0,-2.0,0
13.400,0,2,0.0,-2.0,0
13.400,0,2,0.0,-2.0,0
13.400,0,2,0.0,-2.0,0
13.400,0,2,0.0,-2.0,0
13.400,0,2,0.0,-2.0,0
13.400,0,2,0.0,-2.0,0
13.500,0,2,0.0,-2.0,0
13.500,0,2,0.0,-2.0,0
13.500,0,2,0.0,-2.0,0
13.500,0,2,0.0,-2.0,0
13.500,0,2,0.0,-2.0,0
13.500,0,2,0.0,-2.0,0
13.500,0,2,0.0,-2.0,0
13.500,0,2,0.0,-2.0,0
13.500,0,2,0.0,-2.0,0
13.500,0,2,0.0,-2.0,0
13.500,0,2,0.0,-2.0,0
13.600,0,2,0.0,-2.0,0
13.600,0,2,0.0,-2.0,0
13.600,0,2,0.0,-2.0,0
13.600,0,2,0.0,-2.0,0
13.600,0,2,0.0,-2.0,0
13.600,0,2,0.0,-2.0,0
13.600,0,2,0.0,-2.0,0
13.600,0,2,0.0,-2.0,0
13.600,0,2,0.0,-2.0,0
13.600,0,2,0.0,-2.0,0
13.700,0,2,0.0,-2.0,0
13.700,0,2,0.0,-2.0,0
13.700,0,2,0.0,-2.0,0
13.700,0,2,0.0,-2.0,0
13.700,0,2,0.0,-2.0,0
13.700,0,2,0.0,-2.0,0
13.700,0,2,0.0,-2.0,0
13.700,0,2,0.0,-2.0,0
13.700,0,2,0.0,-2.0,0
13.700,0,2,0.0,-2.0,0
13.800,0,2,0.0,-2.0,0
13.800,0,2,0.0,-2.0,0
13.800,0,2,0.0,-2.0,0
13.800,0,2,0.0,-2.0,0
13.800,0,2,0.0,-2.0,0
13.800,0,2,0.0,-2.0,0
13.800,0,2,0.0,-2.0,0
13.800,0,2,0.0,-2.0,0
13.800,0,2,0.0,-2.0,0
13.800,0,2,0.0,-2.0,0
13.800,0,2,0.0,-2.0,0
13.900,0,2,0.0,-2.0,0
13.900,0,2,0.0,-2.0,0
13.900,0,2,0.0,-2.0,0
13.900,0,2,0.0,-2.0,0
13.900,0,2,0.0,-2.0,0
13.900,0,2,0.0,-2.0,0
13.900,0,2,0.0,-2.0,0
13.900,0,2,0.0,-2.0,0
13.900,0,2,0.0,-2.0,0
13.900,0,2,0.0,-2.0,0
14.000,0,2,0.0,-2.0,0
14.000,0,2,0.0,-2.0,0
14.000,0,2,0.0,-2.0,0
14.000,0,2,0.0,-2.0,0
14.000,0,2,0.0,-2.0,0
14.000,0,2,0.0,-2.0,0
14.000,0,2,0.0,-2.0,0
14.000,0,2,0.0,-2.0,0
14.000,0,2,0.0,-2.0,0
14.000,0,2,0.0,-2.0,0
14.000,0,2,0.0,-2.0,0
14.100,0,2,0.0,-2.0,0
14.100,0,2,0.0,-2.0,0
14.100,0,2,0.0,-2.0,0
14.100,0,2,0.0,-2.0,0
14.100,0,2,0.0,-2.0,0
14.100,0,2,0.0,-2.0,0
14.100,0,2,0.0,-2.0,0
14.100,0,2,0.0,-2.0,0
14.100,0,2,0.0,-2.0,0
14.100,0,2,0.0,-2.0,0
14.200,0,2,0.0,-2.0,0
14.200,0,2,0.0,-2.0,0
14.200,0,2,0.0,-2.0,0
14.200,0,2,0.0,-2.0,0
14.200,0,2,0.0,-2.0,0
14.200,0,2,0.0,-2.0,0
14.200,0,2,0.0,-2.0,0
14.200,0,2,0.0,-2.0,0
14.200,0,2,0.0,-2.0,0
14.200,0,2,0.0,-2.0,0
14.200,0,2,0.0,-2.0,0
14.300,0,2,0.0,-2.0,0
14.300,0,2,0.0,-2.0,0
14.300,0,2,0.0,-2.0,0
14.300,0,2,0.0,-2.0,0
14.300,0,2,0.0,-2.0,0
14.300,0,2,0.0,-2.0,0
14.300,0,2,0.0,-2.0,0
14.300,0,2,0.0,-2.0,0
14.300,0,2,0.0,-2.0,0
14.300,0,2,0.0,-2.0,0
14.400,0,2,0.0,-2.0,0
14.400,0,2,0.0,-2.0,0
14.400,0,2,0.0,-2.0,0
14.400,0,2,0.0,-2.0,0
14.400,0,2,0.0,-2.0,0
14.400,0,2,0.0,-2.0,0
14.400,0,2,0.0,-2.0,0
14.400,0,2,0.0,-2.0,0
14.400,0,2,0.0,-2.0,0
14.400,0,2,0.0,-2.0,0
14.500,0,2,0.0,-2.0,0
14.500,0,2,0.0,-2.0,0
14.500,0,2,0.0,-2.0,0
14.500,0,2,0.0,-2.0,0
14.500,0,2,0.0,-2.0,0
14.500,0,2,0.0,-2.0,0
14.500,0,2,0.0,-2.0,0
14.500,0,2,0.0,-2.0,0
14.500,0,2,0.0,-2.0,0
14.500,0,2,0.0,-2.0,0
14.500,0,2,0.0,-2.0,0
14.600,0,2,0.0,-2.0,0
14.600,0,2,0.0,-2.0,0
14.600,0,2,0.0,-2.0,0
14.600,0,2,0.0,-2.0,0
14.600,0,2,0.0,-2.0,0
14.600,0,2,0.0,-2.0,0
14.600,0,2,0.0,-2.0,0
14.600,0,2,0.0,-2.0,0
14.600,0,2,0.0,-2.0,0
14.600,0,2,0.0,-2.0,0
14.700,0,2,0.0,-2.0,0
14.700,0,2,0.0,-2.0,0
14.700,0,2,0.0,-2.0,0
14.700,0,2,0.0,-2.0,0
14.700,0,2,0.0,-2.0,0
14.700,0,2,0.0,-2.0,0
14.700,0,2,0.0,-2.0,0
14.700,0,2,0.0,-2.0,0
14.700,0,2,0.0,-2.0,0
14.700,0,2,0.0,-2.0,0
14.700,0,2,0.0,-2.0,0
14.800,0,2,0.0,-2.0,0
14.800,0,2,0.0,-2.0,0
14.800,0,2,0.0,-2.0,0
14.800,0,2,0.0,-2.0,0
14.800,0,2,0.0,-2.0,0
14.800,0,2,0.0,-2.0,0
14.800,0,2,0.0,-2.0,0
14.800,0,2,0.0,-2.0,0
14.800,0,2,0.0,-2.0,0
14.800,0,2,0.0,-2.0,0
14.900,0,2,0.0,-2.0,0
14.900,0,2,0.0,-2.0,0
14.900,0,2,0.0,-2.0,0
14.900,0,2,0.0,-2.0,0
14.900,0,2,0.0,-2.0,0
14.900,0,2,0.0,-2.0,0
14.900,0,2,0.0,-2.0,0
14.900,0,2,0.0,-2.0,0
14.900,0,2,0.0,-2.0,0
14.900,0,2,0.0,-2.0,0
14.900,0,2,0.0,-2.0,0
15.000,0,2,0.0,-2.0,0
15.000,0,2,0.0,-2.0,0
15.000,0,2,0.0,-2.0,0
15.000,0,2,0.0,-2.0,0
15.000,0,2,0.0,-2.0,0
15.000,0,2,0.0,-2.0,0
15.000,0,2,0.0,-2.0,0
15.000,0,2,0.0,-2.0,0
15.000,0,2,0.0,-2.0,0
15.000,0,2,0.0,-2.0,0
15.100,0,2,0.0,-2.0,0
15.100,0,2,0.0,-2.0,0
15.100,0,2,0.0,-2.0,0
15.100,0,2,0.0,-2.0,0
15.100,0,2,0.0,-2.0,0
15.100,0,2,0.0,-2.0,0
15.100,0,2,0.0,-2.0,0
15.100,0,2,0.0,-2.0,0
15.100,0,2,0.0,-2.0,0
15.100,0,2,0.0,-2.0,0
15.100,0,2,0.0,-2.0,0
15.200,0,2,0.0,-2.0,0
15.200,0,2,0.0,-2.0,0
15.200,0,2,0.0,-2.0,0
15.200,0,2,0.0,-2.0,0
15.200,0,2,0.0,-2.0,0
15.200,0,2,0.0,-2.0,0
15.200,0,2,0.0,-2.0,0
15.200,0,2,0.0,-2.0,0
15.200,0,2,0.0,-2.0,0
15.200,0,2,0.0,-2.0,0
15.300,0,2,0.0,-2.0,0
15.300,0,2,0.0,-2.0,0
15.300,0,2,0.0,-2.0,0
15.300,0,2,0.0,-2.0,0
15.300,0,2,0.0,-2.0,0
15.300,0,2,0.0,-2.0,0
15.300,0,2,0.0,-2.0,0
15.300,0,2,0.0,-2.0,0
15.300,0,2,0.0,-2.0,0
15.300,0,2,0.0,-2.0,0
15.400,0,2,0.0,-2.0,0
15.400,0,2,0.0,-2.0,0
15.400,0,2,0.0,-2.0,0
15.400,0,2,0.0,-2.0,0
15.400,0,2,0.0,-2.0,0
15.400,0,2,0.0,-2.0,0
15.400,0,2,0.0,-2.0,0
15.400,0,2,0.0,-2.0,0
15.400,0,2,0.0,-2.0,0
15.400,0,2,0.0,-2.0,0
15.400,0,2,0.0,-2.0,0
15.500,0,2,0.0,-2.0,0
15.500,0,2,0.0,-2.0,0
15.500,0,2,0.0,-2.0,0
15.500,0,2,0.0,-2.0,0
15.500,0,2,0.0,-2.0,0
15.500,0,2,0.0,-2.0,0
15.500,0,2,0.0,-2.0,0
15.500,0,2,0.0,-2.0,0
15.500,0,2,0.0,-2.0,0
15.500,0,2,0.0,-2.0,0
15.600,0,2,0.0,-2.0,0
15.600,0,2,0.0,-2.0,0
15.600,0,2,0.0,-2.0,0
15.600,0,2,0.0,-2.0,0
15.600,0,2,0.0,-2.0,0
15.600,0,2,0.0,-2.0,0
15.600,0,2,0.0,-2.0,0
15.600,0,2,0.0,-2.0,0
15.600,0,2,0.0,-2.0,0
15.600,0,2,0.0,-2.0,0
15.600,0,2,0.0,-2.0,0
15.700,0,2,0.0,-2.0,0
15.700,0,2,0.0,-2.0,0
15.700,0,2,0.0,-2.0,0
15.700,0,2,0.0,-2.0,0
15.700,0,2,0.0,-2.0,0
15.700,0,2,0.0,-2.0,0
15.700,0,2,0.0,-2.0,0
15.700,0,2,0.0,-2.0,0
15.700,0,2,0.0,-2.0,0
15.700,0,2,0.0,-2.0,0
15.800,0,2,0.0,-2.0,0
15.800,0,2,0.0,-2.0,0
15.800,0,2,0.0,-2.0,0
15.800,0,2,0.0,-2.0,0
15.800,0,2,0.0,-2.0,0
15.800,0,2,0.0,-2.0,0
15.800,0,2,0.0,-2.0,0
15.800,0,2,0.0,-2.0,0
15.800,0,2,0.0,-2.0,0
15.800,0,2,0.0,-2.0,0
15.800,0,2,0.0,-2.0,0
15.900,0,2,0.0,-2.0,0
15.900,0,2,0.0,-2.0,0
15.900,0,2,0.0,-2.0,0
15.900,0,2,0.0,-2.0,0
15.900,0,2,0.0,-2.0,0
15.900,0,2,0.0,-2.0,0
15.900,0,2,0.0,-2.0,0
15.900,0,2,0.0,-2.0,0
15.900,0,2,0.0,-2.0,0
15.900,0,2,0.0,-2.0,0
16.000,0,2,0.0,-2.0,0
16.000,0,2,0.0,-2.0,0
16.000,0,2,0.0,-2.0,0
16.000,0,2,0.0,-2.0,0
16.000,0,2,0.0,-2.0,0
16.000,0,2,0.0,-2.0,0
16.000,0,2,0.0,-2.0,0
16.000,0,2,0.0,-2.0,0
16.000,0,2,0.0,-2.0,0
16.000,0,2,0.0,-2.0,0
16.100,0,2,0.0,-2.0,0
16.100,0,2,0.0,-2.0,0
16.100,0,2,0.0,-2.0,0
16.100,0,2,0.0,-2.0,0
16.100,0,2,0.0,-2.0,0
16.100,0,2,0.0,-2.0,0
16.100,0,2,0.0,-2.0,0
16.100,0,2,0.0,-2.0,0
16.100,0,2,0.0,-2.0,0
16.100,0,2,0.0,-2.0,0
16.100,0,2,0.0,-2.0,0
16.200,0,2,0.0,-2.0,0
16.200,0,2,0.0,-2.0,0
16.200,0,2,0.0,-2.0,0
16.200,0,2,0.0,-2.0,0
16.200,0,2,0.0,-2.0,0
16.200,0,2,0.0,-2.0,0
16.200,0,2,0.0,-2.0,0
16.200,0,2,0.0,-2.0,0
16.200,0,2,0.0,-2.0,0
16.200,0,2,0.0,-2.0,0
16.300,0,2,0.0,-2.0,0
16.300,0,2,0.0,-2.0,0
16.300,0,2,0.0,-2.0,0
16.300,0,2,0.0,-2.0,0
16.300,0,2,0.0,-2.0,0
16.300,0,2,0.0,-2.0,0
16.300,0,2,0.0,-2.0,0
16.300,0,2,0.0,-2.0,0
16.300,0,2,0.0,-2.0,0
16.300,0,2,0.0,-2.0,0
16.300,0,2,0.0,-2.0,0
16.400,0,2,0.0,-2.0,0
16.400,0,2,0.0,-2.0,0
16.400,0,2,0.0,-2.0,0
16.400,0,2,0.0,-2.0,0
16.400,0,2,0.0,-2.0,0
16.400,0,2,0.0,-2.0,0
16.400,0,2,0.0,-2.0,0
16.400,0,2,0.0,-2.0,0
16.400,0,2,0.0,-2.0,0
16.400,0,2,0.0,-2.0,0
16.500,0,2,0.0,-2.0,0
16.500,0,2,0.0,-2.0,0
16.500,0,2,0.0,-2.0,0
16.500,0,2,0.0,-2.0,0
16.500,0,2,0.0,-2.0,0
16.500,0,2,0.0,-2.0,0
16.500,0,2,0.0,-2.0,0
16.500,0,2,0.0,-2.0,0
16.500,0,2,0.0,-2.0,0
16.500,0,2,0.0,-2.0,0
16.500,0,2,0.0,-2.0,0
16.600,0,2,0.0,-2.0,0
16.600,0,2,0.0,-2.0,0
16.600,0,2,0.0,-2.0,0
16.600,0,2,0.0,-2.0,0
16.600,0,2,0.0,-2.0,0
16.600,0,2,0.0,-2.0,0
16.600,0,2,0.0,-2.0,0
16.600,0,2,0.0,-2.0,0
16.600,0,2,0.0,-2.0,0
16.600,0,2,0.0,-2.0,0
16.700,0,2,0.0,-2.0,0
16.700,0,2,0.0,-2.0,0
16.700,0,2,0.0,-2.0,0
16.700,0,2,0.0,-2.0,0
16.700,0,2,0.0,-2.0,0
16.700,0,2,0.0,-2.0,0
16.700,0,2,0.0,-2.0,0
16.700,0,2,0.0,-2.0,0
16.700,0,2,0.0,-2.0,0
16.700,0,2,0.0,-2.0,0
16.800,0,2,0.0,-2.0,0
16.800,0,2,0.0,-2.0,0
16.800,0,2,0.0,-2.0,0
16.800,0,2,0.0,-2.0,0
16.800,0,2,0.0,-2.0,0
16.800,0,2,0.0,-2.0,0
16.800,0,2,0.0,-2.0,0
16.800,0,2,0.0,-2.0,0
16.800,0,2,0.0,-2.0,0
16.800,0,2,0.0,-2.0,0
16.800,0,2,0.0,-2.0,0
16.900,0,2,0.0,-2.0,0
16.900,0,2,0.0,-2.0,0
16.900,0,2,0.0,-2.0,0
16.900,0,2,0.0,-2.0,0
16.900,0,2,0.0,-2.0,0
16.900,0,2,0.0,-2.0,0
16.900,0,2,0.0,-2.0,0
16.900,0,2,0.0,-2.0,0
16.900,0,2,0.0,-2.0,0
16.900,0,2,0.0,-2.0,0
17.000,0,2,0.0,-2.0,0
17.000,0,2,0.0,-2.0,0
17.000,0,2,0.0,-2.0,0
17.000,0,2,0.0,-2.0,0
17.000,0,2,0.0,-2.0,0
17.000,0,2,0.0,-2.0,0
17.000,0,2,0.0,-2.0,0
17.000,0,2,0.0,-2.0,0
17.000,0,2,0.0,-2.0,0
17.000,0,2,0.0,-2.0,0
17.000,0,2,0.0,-2.0,0
17.100,0,2,0.0,-2.0,0
17.100,0,2,0.0,-2.0,0
17.100,0,2,0.0,-2.0,0
17.100,0,2,0.0,-2.0,0
17.100,0,2,0.0,-2.0,0
17.100,0,2,0.0,-2.0,0
17.100,0,2,0.0,-2.0,0
17.100,0,2,0.0,-2.0,0
17.100,0,2,0.0,-2.0,0
17.100,0,2,0.0,-2.0,0
17.200,0,2,0.0,-2.0,0
17.200,0,2,0.0,-2.0,0
17.200,0,2,0.0,-2.0,0
17.200,0,2,0.0,-2.0,0
17.200,0,2,0.0,-2.0,0
17.200,0,2,0.0,-2.0,0
17.200,0,2,0.0,-2.0,0
17.200,0,2,0.0,-2.0,0
17.200,0,2,0.0,-2.0,0
17.200,0,2,0.0,-2.0,0
17.200,0,2,0.0,-2.0,0
17.300,0,2,0.0,-2.0,0
17.300,0,2,0.0,-2.0,0
17.300,0,2,0.0,-2.0,0
17.300,0,2,0.0,-2.0,0
17.300,0,2,0.0,-2.0,0
17.300,0,2,0.0,-2.0,0
17.300,0,2,0.0,-2.0,0
17.300,0,2,0.0,-2.0,0
17.300,0,2,0.0,-2.0,0
17.300,0,2,0.0,-2.0,0
17.400,0,2,0.0,-2.0,0
17.400,0,2,0.0,-2.0,0
17.400,0,2,0.0,-2.0,0
17.400,0,2,0.0,-2.0,0
17.400,0,2,0.0,-2.0,0
17.400,0,2,0.0,-2.0,0
17.400,0,2,0.0,-2.0,0
17.400,0,2,0.0,-2.0,0
17.400,0,2,0.0,-2.0,0
17.400,0,2,0.0,-2.0,0
17.400,0,2,0.0,-2.0,0
17.500,0,2,0.0,-2.0,0
17.500,0,2,0.0,-2.0,0
17.500,0,2,0.0,-2.0,0
17.500,0,2,0.0,-2.0,0
17.500,0,2,0.0,-2.0,0
17.500,0,2,0.0,-2.0,0
17.500,0,2,0.0,-2.0,0
17.500,0,2,0.0,-2.0,0
17.500,0,2,0.0,-2.0,0
17.500,0,2,0.0,-2.0,0
17.600,0,2,0.0,-2.0,0
17.600,0,2,0.0,-2.0,0
17.600,0,2,0.0,-2.0,0
17.600,0,2,0.0,-2.0,0
17.600,0,2,0.0,-2.0,0
17.600,0,2,0.0,-2.0,0
17.600,0,2,0.0,-2.0,0
17.600,0,2,0.0,-2.0,0
17.600,0,2,0.0,-2.0,0
17.600,0,2,0.0,-2.0,0
17.700,0,2,0.0,-2.0,0
17.700,0,2,0.0,-2.0,0
17.700,0,2,0.0,-2.0,0
17.700,0,2,0.0,-2.0,0
17.700,0,2,0.0,-2.0,0
17.700,0,2,0.0,-2.0,0
17.700,0,2,0.0,-2.0,0
17.700,0,2,0.0,-2.0,0
17.700,0,2,0.0,-2.0,0
17.700,0,2,0.0,-2.0,0
17.700,0,2,0.0,-2.0,0
17.800,0,2,0.0,-2.0,0
17.800,0,2,0.0,-2.0,0
17.800,0,2,0.0,-2.0,0
17.800,0,2,0.0,-2.0,0
17.800,0,2,0.0,-2.0,0
17.800,0,2,0.0,-2.0,0
17.800,0,2,0.0,-2.0,0
17.800,0,2,0.0,-2.0,0
17.800,0,2,0.0,-2.0,0
17.800,0,2,0.0,-2.0,0
17.900,0,2,0.0,-2.0,0
17.900,0,2,0.0,-2.0,0
17.900,0,2,0.0,-2.0,0
17.900,0,2,0.0,-2.0,0
17.900,0,2,0.0,-2.0,0
17.900,0,2,0.0,-2.0,0
17.900,0,2,0.0,-2.0,0
17.900,0,2,0.0,-2.0,0
17.900,0,2,0.0,-2.0,0
17.900,0,2,0.0,-2.0,0
17.900,0,2,0.0,-2.0,0
18.000,0,2,0.0,-2.0,0
18.000,0,2,0.0,-2.0,0
18.000,0,2,0.0,-2.0,0
18.000,0,2,0.0,-2.0,0
18.000,0,2,0.0,-2.0,0
18.000,0,2,0.0,-2.0,0
18.000,0,2,0.0,-2.0,0
18.000,0,2,0.0,-2.0,0
18.000,0,2,0.0,-2.0,0
18.000,0,2,0.0,-2.0,0
18.100,0,2,0.0,-2.0,0
18.100,0,2,0.0,-2.0,0
18.100,0,2,0.0,-2.0,0
18.100,0,2,0.0,-2.0,0
18.100,0,2,0.0,-2.0,0
18.100,0,2,0.0,-2.0,0
18.100,0,2,0.0,-2.0,0
18.100,0,2,0.0,-2.0,0
18.100,0,2,0.0,-2.0,0
18.100,0,2,0.0,-2.0,0
18.100,0,2,0.0,-2.0,0
18.200,0,2,0.0,-2.0,0
18.200,0,2,0.0,-2.0,0
18.200,0,2,0.0,-2.0,0
18.200,0,2,0.0,-2.0,0
18.200,0,2,0.0,-2.0,0
18.200,0,2,0.0,-2.0,0
18.200,0,2,0.0,-2.0,0
18.200,0,2,0.0,-2.0,0
18.200,0,2,0.0,-2.0,0
18.200,0,2,0.0,-2.0,0
18.300,0,2,0.0,-2.0,0
18.300,0,2,0.0,-2.0,0
18.300,0,2,0.0,-2.0,0
18.300,0,2,0.0,-2.0,0
18.300,0,2,0.0,-2.0,0
18.300,0,2,0.0,-2.0,0
18.300,0,2,0.0,-2.0,0
18.300,0,2,0.0,-2.0,0
18.300,0,2,0.0,-2.0,0
18.300,0,2,0.0,-2.0,0
18.400,0,2,0.0,-2.0,0
18.400,0,2,0.0,-2.0,0
18.400,0,2,0.0,-2.0,0
18.400,0,2,0.0,-2.0,0
18.400,0,2,0.0,-2.0,0
18.400,0,2,0.0,-2.0,0
18.400,0,2,0.0,-2.0,0
18.400,0,2,0.0,-2.0,0
18.400,0,2,0.0,-2.0,0
18.400,0,2,0.0,-2.0,0
18.400,0,2,0.0,-2.0,0
18.500,0,2,0.0,-2.0,0
18.500,0,2,0.0,-2.0,0
18.500,0,2,0.0,-2.0,0
18.500,0,2,0.0,-2.0,0
18.500,0,2,0.0,-2.0,0
18.500,0,2,0.0,-2.0,0
18.500,0,2,0.0,-2.0,0
18.500,0,2,0.0,-2.0,0
18.500,0,2,0.0,-2.0,0
18.500,0,2,0.0,-2.0,0
18.600,0,2,0.0,-2.0,0
18.600,0,2,0.0,-2.0,0
18.600,0,2,0.0,-2.0,0
18.600,0,2,0.0,-2.0,0
18.600,0,2,0.0,-2.0,0
18.600,0,2,0.0,-2.0,0
18.600,0,2,0.0,-2.0,0
18.600,0,2,0.0,-2.0,0
18.600,0,2,0.0,-2.0,0
18.600,0,2,0.0,-2.0,0
18.600,0,2,0.0,-2.0,0
18.700,0,2,0.0,-2.0,0
18.700,0,2,0.0,-2.0,0
18.700,0,2,0.0,-2.0,0
18.700,0,2,0.0,-2.0,0
18.700,0,2,0.0,-2.0,0
18.700,0,2,0.0,-2.0,0
18.700,0,2,0.0,-2.0,0
18.700,0,2,0.0,-2.0,0
18.700,0,2,0.0,-2.0,0
18.700,0,2,0.0,-2.0,0
18.800,0,2,0.0,-2.0,0
18.800,0,2,0.0,-2.0,0
18.800,0,2,0.0,-2.0,0
18.800,0,2,0.0,-2.0,0
18.800,0,2,0.0,-2.0,0
18.800,0,2,0.0,-2.0,0
18.800,0,2,0.0,-2.0,0
18.800,0,2,0.0,-2.0,0
18.800,0,2,0.0,-2.0,0
18.800,0,2,0.0,-2.0,0
18.800,0,2,0.0,-2.0,0
18.900,0,2,0.0,-2.0,0
18.900,0,2,0.0,-2.0,0
18.900,0,2,0.0,-2.0,0
18.900,0,2,0.0,-2.0,0
18.900,0,2,0.0,-2.0,0
18.900,0,2,0.0,-2.0,0
18.900,0,2,0.0,-2.0,0
18.900,0,2,0.0,-2.0,0
18.900,0,2,0.0,-2.0,0
18.900,0,2,0.0,-2.0,0
19.000,0,2,0.0,-2.0,0
19.000,0,2,0.0,-2.0,0
19.000,0,2,0.0,-2.0,0
19.000,0,2,0.0,-2.0,0
19.000,0,2,0.0,-2.0,0
19.000,0,2,0.0,-2.0,0
19.000,0,2,0.0,-2.0,0
19.000,0,2,0.0,-2.0,0
19.000,0,2,0.0,-2.0,0
19.000,0,2,0.0,-2.0,0
19.100,0,2,0.0,-2.0,0
19.100,0,2,0.0,-2.0,0
19.100,0,2,0.0,-2.0,0
19.100,0,2,0.0,-2.0,0
19.100,0,2,0.0,-2.0,0
19.100,0,2,0.0,-2.0,0
19.100,0,2,0.0,-2.0,0
19.100,0,2,0.0,-2.0,0
19.100,0,2,0.0,-2.0,0
19.100,0,2,0.0,-2.0,0
19.100,0,2,0.0,-2.0,0
19.200,0,2,0.0,-2.0,0
19.200,0,2,0.0,-2.0,0
19.200,0,2,0.0,-2.0,0
19.200,0,2,0.0,-2.0,0
19.200,0,2,0.0,-2.0,0
19.200,0,2,0.0,-2.0,0
19.200,0,2,0.0,-2.0,0
19.200,0,2,0.0,-2.0,0
19.200,0,2,0.0,-2.0,0
19.200,0,2,0.0,-2.0,0
19.300,0,2,0.0,-2.0,0
19.300,0,2,0.0,-2.0,0
19.300,0,2,0.0,-2.0,0
19.300,0,2,0.0,-2.0,0
19.300,0,2,0.0,-2.0,0
19.300,0,2,0.0,-2.0,0
19.300,0,2,0.0,-2.0,0
19.300,0,2,0.0,-2.0,0
19.300,0,2,0.0,-2.0,0
19.300,0,2,0.0,-2.0,0
19.300,0,2,0.0,-2.0,0
19.400,0,2,0.0,-2.0,0
19.400,0,2,0.0,-2.0,0
19.400,0,2,0.0,-2.0,0
19.400,0,2,0.0,-2.0,0
19.400,0,2,0.0,-2.0,0
19.400,0,2,0.0,-2.0,0
19.400,0,2,0.0,-2.0,0
19.400,0,2,0.0,-2.0,0
19.400,0,2,0.0,-2.0,0
19.400,0,2,0.0,-2.0,0
19.500,0,2,0.0,-2.0,0
19.500,0,2,0.0,-2.0,0
19.500,0,2,0.0,-2.0,0
19.500,0,2,0.0,-2.0,0
19.500,0,2,0.0,-2.0,0
19.500,0,2,0.0,-2.0,0
19.500,0,2,0.0,-2.0,0
19.500,0,2,0.0,-2.0,0
19.500,0,2,0.0,-2.0,0
19.500,0,2,0.0,-2.0,0
19.500,0,2,0.0,-2.0,0
19.600,0,2,0.0,-2.0,0
19.600,0,2,0.0,-2.0,0
19.600,0,2,0.0,-2.0,0
19.600,0,2,0.0,-2.0,0
19.600,0,2,0.0,-2.0,0
19.600,0,2,0.0,-2.0,0
19.600,0,2,0.0,-2.0,0
19.600,0,2,0.0,-2.0,0
19.600,0,2,0.0,-2.0,0
19.600,0,2,0.0,-2.0,0
19.700,0,2,0.0,-2.0,0
19.700,0,2,0.0,-2.0,0
19.700,0,2,0.0,-2.0,0
19.700,0,2,0.0,-2.0,0
19.700,0,2,0.0,-2.0,0
19.700,0,2,0.0,-2.0,0
19.700,0,2,0.0,-2.0,0
19.700,0,2,0.0,-2.0,0
19.700,0,2,0.0,-2.0,0
19.700,0,2,0.0,-2.0,0
19.700,0,2,0.0,-2.0,0
19.800,0,2,0.0,-2.0,0
19.800,0,2,0.0,-2.0,0
19.800,0,2,0.0,-2.0,0
19.800,0,2,0.0,-2.0,0
19.800,0,2,0.0,-2.0,0
19.800,0,2,0.0,-2.0,0
19.800,0,2,0.0,-2.0,0
19.800,0,2,0.0,-2.0,0
19.800,0,2,0.0,-2.0,0
19.800,0,2,0.0,-2.0,0
19.900,0,2,0.0,-2.0,0
19.900,0,2,0.0,-2.0,0
19.900,0,2,0.0,-2.0,0
19.900,0,2,0.0,-2.0,0
19.900,0,2,0.0,-2.0,0
19.900,0,2,0.0,-2.0,0
19.900,0,2,0.0,-2.0,0
19.900,0,2,0.0,-2.0,0
19.900,0,2,0.0,-2.0,0
19.900,0,2,0.0,-2.0,0
20.000,0,2,0.0,-2.0,0
20.000,0,2,0.0,-2.0,0
20.000,0,2,0.0,-2.0,0
20.000,0,2,0.0,-2.0,0
20.000,0,2,0.0,-2.0,0
20.000,0,2,0.0,-2.0,0
20.000,0,2,0.0,-2.0,0
20.000,0,2,0.0,-2.0,0
20.000,0,2,0.0,-2.0,0
20.000,0,2,0.0,-2.0,0
20.000,0,2,0.0,-2.0,0
20.100,0,2,0.0,-2.0,0
20.100,0,2,0.0,-2.0,0
20.100,0,2,0.0,-2.0,0
20.100,0,2,0.0,-2.0,0
20.100,0,2,0.0,-2.0,0
20.100,0,2,0.0,-2.0,0
20.100,0,2,0.0,-2.0,0
20.100,0,2,0.0,-2.0,0
20.100,0,2,0.0,-2.0,0
20.100,0,2,0.0,-2.0,0
20.200,0,2,0.0,-2.0,0
20.200,0,2,0.0,-2.0,0
20.200,0,2,0.0,-2.0,0
20.200,0,2,0.0,-2.0,0
20.200,0,2,0.0,-2.0,0
20.200,0,2,0.0,-2.0,0
20.200,0,2,0.0,-2.0,0
20.200,0,2,0.0,-2.0,0
20.200,0,2,0.0,-2.0,0
20.200,0,2,0.0,-2.0,0
20.200,0,2,0.0,-2.0,0
20.300,0,2,0.0,-2.0,0
20.300,0,2,0.0,-2.0,0
20.300,0,2,0.0,-2.0,0
20.300,0,2,0.0,-2.0,0
20.300,0,2,0.0,-2.0,0
20.300,0,2,0.0,-2.0,0
20.300,0,2,0.0,-2.0,0
20.300,0,2,0.0,-2.0,0
20.300,0,2,0.0,-2.0,0
20.300,0,2,0.0,-2.0,0
20.400,0,2,0.0,-2.0,0
20.400,0,2,0.0,-2.0,0
20.400,0,2,0.0,-2.0,0
20.400,0,2,0.0,-2.0,0
20.400,0,2,0.0,-2.0,0
20.400,0,2,0.0,-2.0,0
20.400,0,2,0.0,-2.0,0
20.400,0,2,0.0,-2.0,0
20.400,0,2,0.0,-2.0,0
20.400,0,2,0.0,-2.0,0
20.400,0,2,0.0,-2.0,0
20.500,0,2,0.0,-2.0,0
20.500,0,2,0.0,-2.0,0
20.500,0,2,0.0,-2.0,0
20.500,0,2,0.0,-2.0,0
20.500,0,2,0.0,-2.0,0
20.500,0,2,0.0,-2.0,0
20.500,0,2,0.0,-2.0,0
20.500,0,2,0.0,-2.0,0
20.500,0,2,0.0,-2.0,0
20.500,0,2,0.0,-2.0,0
20.600,0,2,0.0,-2.0,0
20.600,0,2,0.0,-2.0,0
20.600,0,2,0.0,-2.0,0
20.600,0,2,0.0,-2.0,0
20.600,0,2,0.0,-2.0,0
20.600,0,2,0.0,-2.0,0
20.600,0,2,0.0,-2.0,0
20.600,0,2,0.0,-2.0,0
20.600,0,2,0.0,-2.0,0
20.600,0,2,0.0,-2.0,0
20.700,0,2,0.0,-2.0,0
20.700,0,2,0.0,-2.0,0
20.700,0,2,0.0,-2.0,0
20.700,0,2,0.0,-2.0,0
20.700,0,2,0.0,-2.0,0
20.700,0,2,0.0,-2.0,0
20.700,0,2,0.0,-2.0,0
20.700,0,2,0.0,-2.0,0
20.700,0,2,0.0,-2.0,0
20.700,0,2,0.0,-2.0,0
20.700,0,2,0.0,-2.0,0
20.800,0,2,0.0,-2.0,0
20.800,0,2,0.0,-2.0,0
20.800,0,2,0.0,-2.0,0
20.800,0,2,0.0,-2.0,0
20.800,0,2,0.0,-2.0,0
20.800,0,2,0.0,-2.0,0
20.800,0,2,0.0,-2.0,0
20.800,0,2,0.0,-2.0,0
20.800,0,2,0.0,-2.0,0
20.800,0,2,0.0,-2.0,0
20.900,0,2,0.0,-2.0,0
20.900,0,2,0.0,-2.0,0
20.900,0,2,0.0,-2.0,0
20.900,0,2,0.0,-2.0,0
20.900,0,2,0.0,-2.0,0
20.900,0,2,0.0,-2.0,0
20.900,0,2,0.0,-2.0,0
20.900,0,2,0.0,-2.0,0
20.900,0,2,0.0,-2.0,0
20.900,0,2,0.0,-2.0,0
20.900,0,2,0.0,-2.0,0
21.000,0,2,0.0,-2.0,0
21.000,0,2,0.0,-2.0,0
21.000,0,2,0.0,-2.0,0
21.000,0,2,0.0,-2.0,0
21.000,0,2,0.0,-2.0,0
21.000,0,2,0.0,-2.0,0
21.000,0,2,0.0,-2.0,0
21.000,0,2,0.0,-2.0,0
21.000,0,2,0.0,-2.0,0
21.000,0,2,0.0,-2.0,0
21.100,0,2,0.0,-2.0,0
21.100,0,2,0.0,-2.0,0
21.100,0,2,0.0,-2.0,0
21.100,0,2,0.0,-2.0,0
21.100,0,2,0.0,-2.0,0
21.100,0,2,0.0,-2.0,0
21.100,0,2,0.0,-2.0,0
21.100,0,2,0.0,-2.0,0
21.100,0,2,0.0,-2.0,0
21.100,0,2,0.0,-2.0,0
21.100,0,2,0.0,-2.0,0
21.200,0,2,0.0,-2.0,0
21.200,0,2,0.0,-2.0,0
21.200,0,2,0.0,-2.0,0
21.200,0,2,0.0,-2.0,0
21.200,0,2,0.0,-2.0,0
21.200,0,2,0.0,-2.0,0
21.200,0,2,0.0,-2.0,0
21.200,0,2,0.0,-2.0,0
21.200,0,2,0.0,-2.0,0
21.200,0,2,0.0,-2.0,0
21.300,0,2,0.0,-2.0,0
21.300,0,2,0.0,-2.0,0
21.300,0,2,0.0,-2.0,0
21.300,0,2,0.0,-2.0,0
21.300,0,2,0.0,-2.0,0
21.300,0,2,0.0,-2.0,0
21.300,0,2,0.0,-2.0,0
21.300,0,2,0.0,-2.0,0
21.300,0,2,0.0,-2.0,0
21.300,0,2,0.0,-2.0,0
21.400,0,2,0.0,-2.0,0
21.400,0,2,0.0,-2.0,0
21.400,0,2,0.0,-2.0,0
21.400,0,2,0.0,-2.0,0
21.400,0,2,0.0,-2.0,0
21.400,0,2,0.0,-2.0,0
21.400,0,2,0.0,-2.0,0
21.400,0,2,0.0,-2.0,0
21.400,0,2,0.0,-2.0,0
21.400,0,2,0.0,-2.0,0
21.400,0,2,0.0,-2.0,0
21.500,0,2,0.0,-2.0,0
21.500,0,2,0.0,-2.0,0
21.500,0,2,0.0,-2.0,0
21.500,0,2,0.0,-2.0,0
21.500,0,2,0.0,-2.0,0
21.500,0,2,0.0,-2.0,0
21.500,0,2,0.0,-2.0,0
21.500,0,2,0.0,-2.0,0
21.500,0,2,0.0,-2.0,0
21.500,0,2,0.0,-2.0,0
21.600,0,2,0.0,-2.0,0
21.600,0,2,0.0,-2.0,0
21.600,0,2,0.0,-2.0,0
21.600,0,2,0.0,-2.0,0
21.600,0,2,0.0,-2.0,0
21.600,0,2,0.0,-2.0,0
21.600,0,2,0.0,-2.0,0
21.600,0,2,0.0,-2.0,0
21.600,0,2,0.0,-2.0,0
21.600,0,2,0.0,-2.0,0
21.600,0,2,0.0,-2.0,0
21.700,0,2,0.0,-2.0,0
21.700,0,2,0.0,-2.0,0
21.700,0,2,0.0,-2.0,0
21.700,0,2,0.0,-2.0,0
21.700,0,2,0.0,-2.0,0
21.700,0,2,0.0,-2.0,0
21.700,0,2,0.0,-2.0,0
21.700,0,2,0.0,-2.0,0
21.700,0,2,0.0,-2.0,0
21.700,0,2,0.0,-2.0,0
21.800,0,2,0.0,-2.0,0
21.800,0,2,0.0,-2.0,0
21.800,0,2,0.0,-2.0,0
21.800,0,2,0.0,-2.0,0
21.800,0,2,0.0,-2.0,0
21.800,0,2,0.0,-2.0,0
21.800,0,2,0.0,-2.0,0
21.800,0,2,0.0,-2.0,0
21.800,0,2,0.0,-2.0,0
21.800,0,2,0.0,-2.0,0
21.800,0,2,0.0,-2.0,0
21.900,0,2,0.0,-2.0,0
21.900,0,2,0.0,-2.0,0
21.900,0,2,0.0,-2.0,0
21.900,0,2,0.0,-2.0,0
21.900,0,2,0.0,-2.0,0
21.900,0,2,0.0,-2.0,0
21.900,0,2,0.0,-2.0,0
21.900,0,2,0.0,-2.0,0
21.900,0,2,0.0,-2.0,0
21.900,0,2,0.0,-2.0,0
22.000,0,2,0.0,-2.0,0
22.000,0,2,0.0,-2.0,0
22.000,0,2,0.0,-2.0,0
22.000,0,2,0.0,-2.0,0
22.000,0,2,0.0,-2.0,0
22.000,0,2,0.0,-2.0,0
22.000,0,2,0.0,-2.0,0
22.000,0,2,0.0,-2.0,0
22.000,0,2,0.0,-2.0,0
22.000,0,2,0.0,-2.0,0
22.000,0,2,0.0,-2.0,0
22.100,0,2,0.0,-2.0,0
22.100,0,2,0.0,-2.0,0
22.100,0,2,0.0,-2.0,0
22.100,0,2,0.0,-2.0,0
22.100,0,2,0.0,-2.0,0
22.100,0,2,0.0,-2.0,0
22.100,0,2,0.0,-2.0,0
22.100,0,2,0.0,-2.0,0
22.100,0,2,0.0,-2.0,0
22.100,0,2,0.0,-2.0,0
22.200,0,2,0.0,-2.0,0
22.200,0,2,0.0,-2.0,0
22.200,0,2,0.0,-2.0,0
22.200,0,2,0.0,-2.0,0
22.200,0,2,0.0,-2.0,0
22.200,0,2,0.0,-2.0,0
22.200,0,2,0.0,-2.0,0
22.200,0,2,0.0,-2.0,0
22.200,0,2,0.0,-2.0,0
22.200,0,2,0.0,-2.0,0
22.300,0,2,0.0,-2.0,0
22.300,0,2,0.0,-2.0,0
22.300,0,2,0.0,-2.0,0
22.300,0,2,0.0,-2.0,0
22.300,0,2,0.0,-2.0,0
22.300,0,2,0.0,-2.0,0
22.300,0,2,0.0,-2.0,0
22.300,0,2,0.0,-2.0,0
22.300,0,2,0.0,-2.0,0
22.300,0,2,0.0,-2.0,0
22.300,0,2,0.0,-2.0,0
22.400,0,2,0.0,-2.0,0
22.400,0,2,0.0,-2.0,0
22.400,0,2,0.0,-2.0,0
22.400,0,2,0.0,-2.0,0
22.400,0,2,0.0,-2.0,0
22.400,0,2,0.0,-2.0,0
22.400,0,2,0.0,-2.0,0
22.400,0,2,0.0,-2.0,0
22.400,0,2,0.0,-2.0,0
22.400,0,2,0.0,-2.0,0
22.500,0,2,0.0,-2.0,0
22.500,0,2,0.0,-2.0,0
22.500,0,2,0.0,-2.0,0
22.500,0,2,0.0,-2.0,0
22.500,0,2,0.0,-2.0,0
22.500,0,2,0.0,-2.0,0
22.500,0,2,0.0,-2.0,0
22.500,0,2,0.0,-2.0,0
22.500,0,2,0.0,-2.0,0
22.500,0,2,0.0,-2.0,0
22.500,0,2,0.0,-2.0,0
22.600,0,2,0.0,-2.0,0
22.600,0,2,0.0,-2.0,0
22.600,0,2,0.0,-2.0,0
22.600,0,2,0.0,-2.0,0
22.600,0,2,0.0,-2.0,0
22.600,0,2,0.0,-2.0,0
22.600,0,2,0.0,-2.0,0
22.600,0,2,0.0,-2.0,0
22.600,0,2,0.0,-2.0,0
22.600,0,2,0.0,-2.0,0
22.700,0,2,0.0,-2.0,0
22.700,0,2,0.0,-2.0,0
22.700,0,2,0.0,-2.0,0
22.700,0,2,0.0,-2.0,0
22.700,0,2,0.0,-2.0,0
22.700,0,2,0.0,-2.0,0
22.700,0,2,0.0,-2.0,0
22.700,0,2,0.0,-2.0,0
22.700,0,2,0.0,-2.0,0
22.700,0,2,0.0,-2.0,0
22.700,0,2,0.0,-2.0,0
22.800,0,2,0.0,-2.0,0
22.800,0,2,0.0,-2.0,0
22.800,0,2,0.0,-2.0,0
22.800,0,2,0.0,-2.0,0
22.800,0,2,0.0,-2.0,0
22.800,0,2,0.0,-2.0,0
22.800,0,2,0.0,-2.0,0
22.800,0,2,0.0,-2.0,0
22.800,0,2,0.0,-2.0,0
22.800,0,2,0.0,-2.0,0
22.900,0,2,0.0,-2.0,0
22.900,0,2,0.0,-2.0,0
22.900,0,2,0.0,-2.0,0
22.900,0,2,0.0,-2.0,0
22.900,0,2,0.0,-2.0,0
22.900,0,2,0.0,-2.0,0
22.900,0,2,0.0,-2.0,0
22.900,0,2,0.0,-2.0,0
22.900,0,2,0.0,-2.0,0
22.900,0,2,0.0,-2.0,0
23.000,0,2,0.0,-2.0,0
23.000,0,2,0.0,-2.0,0
23.000,0,2,0.0,-2.0,0
23.000,0,2,0.0,-2.0,0
23.000,0,2,0.0,-2.0,0
23.000,0,2,0.0,-2.0,0
23.000,0,2,0.0,-2.0,0
23.000,0,2,0.0,-2.0,0
23.000,0,2,0.0,-2.0,0
23.000,0,2,0.0,-2.0,0
23.000,0,2,0.0,-2.0,0
23.100,0,2,0.0,-2.0,0
23.100,0,2,0.0,-2.0,0
23.100,0,2,0.0,-2.0,0
23.100,0,2,0.0,-2.0,0
23.100,0,2,0.0,-2.0,0
23.100,0,2,0.0,-2.0,0
23.100,0,2,0.0,-2.0,0
23.100,0,2,0.0,-2.0,0
23.100,0,2,0.0,-2.0,0
23.100,0,2,0.0,-2.0,0
23.200,0,2,0.0,-2.0,0
23.200,0,2,0.0,-2.0,0
23.200,0,2,0.0,-2.0,0
23.200,0,2,0.0,-2.0,0
23.200,0,2,0.0,-2.0,0
23.200,0,2,0.0,-2.0,0
23.200,0,2,0.0,-2.0,0
23.200,0,2,0.0,-2.0,0
23.200,0,2,0.0,-2.0,0
23.200,0,2,0.0,-2.0,0
23.200,0,2,0.0,-2.0,0
23.300,0,2,0.0,-2.0,0
23.300,0,2,0.0,-2.0,0
23.300,0,2,0.0,-2.0,0
23.300,0,2,0.0,-2.0,0
23.300,0,2,0.0,-2.0,0
23.300,0,2,0.0,-2.0,0
23.300,0,2,0.0,-2.0,0
23.300,0,2,0.0,-2.0,0
23.300,0,2,0.0,-2.0,0
23.300,0,2,0.0,-2.0,0
23.400,0,2,0.0,-2.0,0
23.400,0,2,0.0,-2.0,0
23.400,0,2,0.0,-2.0,0
23.400,0,2,0.0,-2.0,0
23.400,0,2,0.0,-2.0,0
23.400,0,2,0.0,-2.0,0
23.400,0,2,0.0,-2.0,0
23.400,0,2,0.0,-2.0,0
23.400,0,2,0.0,-2.0,0
23.400,0,2,0.0,-2.0,0
23.400,0,2,0.0,-2.0,0
23.500,0,2,0.0,-2.0,0
23.500,0,2,0.0,-2.0,0
23.500,0,2,0.0,-2.0,0
23.500,0,2,0.0,-2.0,0
23.500,0,2,0.0,-2.0,0
23.500,0,2,0.0,-2.0,0
23.500,0,2,0.0,-2.0,0
23.500,0,2,0.0,-2.0,0
23.500,0,2,0.0,-2.0,0
23.500,0,2,0.0,-2.0,0
23.600,0,2,0.0,-2.0,0
23.600,0,2,0.0,-2.0,0
23.600,0,2,0.0,-2.0,0
23.600,0,2,0.0,-2.0,0
23.600,0,2,0.0,-2.0,0
23.600,0,2,0.0,-2.0,0
23.600,0,2,0.0,-2.0,0
23.600,0,2,0.0,-2.0,0
23.600,0,2,0.0,-2.0,0
23.600,0,2,0.0,-2.0,0
23.700,0,2,0.0,-2.0,0
23.700,0,2,0.0,-2.0,0
23.700,0,2,0.0,-2.0,0
23.700,0,2,0.0,-2.0,0
23.700,0,2,0.0,-2.0,0
23.700,0,2,0.0,-2.0,0
23.700,0,2,0.0,-2.0,0
23.700,0,2,0.0,-2.0,0
23.700,0,2,0.0,-2.0,0
23.700,0,2,0.0,-2.0,0
23.700,0,2,0.0,-2.0,0
23.800,0,2,0.0,-2.0,0
23.800,0,2,0.0,-2.0,0
23.800,0,2,0.0,-2.0,0
23.800,0,2,0.0,-2.0,0
23.800,0,2,0.0,-2.0,0
23.800,0,2,0.0,-2.0,0
23.800,0,2,0.0,-2.0,0
23.800,0,2,0.0,-2.0,0
23.800,0,2,0.0,-2.0,0
23.800,0,2,0.0,-2.0,0
23.900,0,2,0.0,-2.0,0
23.900,0,2,0.0,-2.0,0
23.900,0,2,0.0,-2.0,0
23.900,0,2,0.0,-2.0,0
23.900,0,2,0.0,-2.0,0
23.900,0,2,0.0,-2.0,0
23.900,0,2,0.0,-2.0,0
23.900,0,2,0.0,-2.0,0
23.900,0,2,0.0,-2.0,0
23.900,0,2,0.0,-2.0,0
23.900,0,2,0.0,-2.0,0
24.000,0,2,0.0,-2.0,0
24.000,0,2,0.0,-2.0,0
24.000,0,2,0.0,-2.0,0
24.000,0,2,0.0,-2.0,0
24.000,0,2,0.0,-2.0,0
24.000,0,2,0.0,-2.0,0
24.000,0,2,0.0,-2.0,0
24.000,0,2,0.0,-2.0,0
24.000,0,2,0.0,-2.0,0
24.000,0,2,0.0,-2.0,0
24.100,0,2,0.0,-2.0,0
24.100,0,2,0.0,-2.0,0
24.100,0,2,0.0,-2.0,0
24.100,0,2,0.0,-2.0,0
24.100,0,2,0.0,-2.0,0
24.100,0,2,0.0,-2.0,0
24.100,0,2,0.0,-2.0,0
24.100,0,2,0.0,-2.0,0
24.100,0,2,0.0,-2.0,0
24.100,0,2,0.0,-2.0,0
24.100,0,2,0.0,-2.0,0
24.200,0,2,0.0,-2.0,0
24.200,0,2,0.0,-2.0,0
24.200,0,2,0.0,-2.0,0
24.200,0,2,0.0,-2.0,0
24.200,0,2,0.0,-2.0,0
24.200,0,2,0.0,-2.0,0
24.200,0,2,0.0,-2.0,0
24.200,0,2,0.0,-2.0,0
24.200,0,2,0.0,-2.0,0
24.200,0,2,0.0,-2.0,0
24.300,0,2,0.0,-2.0,0
24.300,0,2,0.0,-2.0,0
24.300,0,2,0.0,-2.0,0
24.300,0,2,0.0,-2.0,0
24.300,0,2,0.0,-2.0,0
24.300,0,2,0.0,-2.0,0
24.300,0,2,0.0,-2.0,0
24.300,0,2,0.0,-2.0,0
24.300,0,2,0.0,-2.0,0
24.300,0,2,0.0,-2.0,0
24.300,0,2,0.0,-2.0,0
24.400,0,2,0.0,-2.0,0
24.400,0,2,0.0,-2.0,0
24.400,0,2,0.0,-2.0,0
24.400,0,2,0.0,-2.0,0
24.400,0,2,0.0,-2.0,0
24.400,0,2,0.0,-2.0,0
24.400,0,2,0.0,-2.0,0
24.400,0,2,0.0,-2.0,0
24.400,0,2,0.0,-2.0,0
24.400,0,2,0.0,-2.0,0
24.500,0,2,0.0,-2.0,0
24.500,0,2,0.0,-2.0,0
24.500,0,2,0.0,-2.0,0
24.500,0,2,0.0,-2.0,0
24.500,0,2,0.0,-2.0,0
24.500,0,2,0.0,-2.0,0
24.500,0,2,0.0,-2.0,0
24.500,0,2,0.0,-2.0,0
24.500,0,2,0.0,-2.0,0
24.500,0,2,0.0,-2.0,0
24.600,0,2,0.0,-2.0,0
24.600,0,2,0.0,-2.0,0
24.600,0,2,0.0,-2.0,0
24.600,0,2,0.0,-2.0,0
24.600,0,2,0.0,-2.0,0
24.600,0,2,0.0,-2.0,0
24.600,0,2,0.0,-2.0,0
24.600,0,2,0.0,-2.0,0
24.600,0,2,0.0,-2.0,0
24.600,0,2,0.0,-2.0,0
24.600,0,2,0.0,-2.0,0
24.700,0,2,0.0,-2.0,0
24.700,0,2,0.0,-2.0,0
24.700,0,2,0.0,-2.0,0
24.700,0,2,0.0,-2.0,0
24.700,0,2,0.0,-2.0,0
24.700,0,2,0.0,-2.0,0
24.700,0,2,0.0,-2.0,0
24.700,0,2,0.0,-2.0,0
24.700,0,2,0.0,-2.0,0
24.700,0,2,0.0,-2.0,0
24.800,0,2,0.0,-2.0,0
24.800,0,2,0.0,-2.0,0
24.800,0,2,0.0,-2.0,0
24.800,0,2,0.0,-2.0,0
24.800,0,2,0.0,-2.0,0
24.800,0,2,0.0,-2.0,0
24.800,0,2,0.0,-2.0,0
24.800,0,2,0.0,-2.0,0
24.800,0,2,0.0,-2.0,0
24.800,0,2,0.0,-2.0,0
24.800,0,2,0.0,-2.0,0
24.900,0,2,0.0,-2.0,0
24.900,0,2,0.0,-2.0,0
24.900,0,2,0.0,-2.0,0
24.900,0,2,0.0,-2.0,0
24.900,0,2,0.0,-2.0,0
24.900,0,2,0.0,-2.0,0
24.900,0,2,0.0,-2.0,0
24.900,0,2,0.0,-2.0,0
24.900,0,2,0.0,-2.0,0
24.900,0,2,0.0,-2.0,0
25.000,0,2,0.0,-2.0,0
25.000,0,2,0.0,-2.0,0
25.000,0,2,0.0,-2.0,0
25.000,0,2,0.0,-2.0,0
25.000,0,2,0.0,-2.0,0
25.000,0,2,0.0,-2.0,0
25.000,0,2,0.0,-2.0,0
25.000,0,2,0.0,-2.0,0
25.000,0,2,0.0,-2.0,0
25.000,0,2,0.0,-2.0,0
25.000,0,2,0.0,-2.0,0
25.100,0,2,0.0,-2.0,0
25.100,0,2,0.0,-2.0,0
25.100,0,2,0.0,-2.0,0
25.100,0,2,0.0,-2.0,0
25.100,0,2,0.0,-2.0,0
25.100,0,2,0.0,-2.0,0
25.100,0,2,0.0,-2.0,0
25.100,0,2,0.0,-2.0,0
25.100,0,2,0.0,-2.0,0
25.100,0,2,0.0,-2.0,0
25.200,0,2,0.0,-2.0,0
25.200,0,2,0.0,-2.0,0
25.200,0,2,0.0,-2.0,0
25.200,0,2,0.0,-2.0,0
25.200,0,2,0.0,-2.0,0
25.200,0,2,0.0,-2.0,0
25.200,0,2,0.0,-2.0,0
25.200,0,2,0.0,-2.0,0
25.200,0,2,0.0,-2.0,0
25.200,0,2,0.0,-2.0,0
25.300,0,2,0.0,-2.0,0
25.300,0,2,0.0,-2.0,0
25.300,0,2,0.0,-2.0,0
25.300,0,2,0.0,-2.0,0
25.300,0,2,0.0,-2.0,0
25.300,0,2,0.0,-2.0,0
25.300,0,2,0.0,-2.0,0
25.300,0,2,0.0,-2.0,0
25.300,0,2,0.0,-2.0,0
25.300,0,2,0.0,-2.0,0
25.300,0,2,0.0,-2.0,0
25.400,0,2,0.0,-2.0,0
25.400,0,2,0.0,-2.0,0
25.400,0,2,0.0,-2.0,0
25.400,0,2,0.0,-2.0,0
25.400,0,2,0.0,-2.0,0
25.400,0,2,0.0,-2.0,0
25.400,0,2,0.0,-2.0,0
25.400,0,2,0.0,-2.0,0
25.400,0,2,0.0,-2.0,0
25.400,0,2,0.0,-2.0,0
25.500,0,2,0.0,-2.0,0
25.500,0,2,0.0,-2.0,0
25.500,0,2,0.0,-2.0,0
25.500,0,2,0.0,-2.0,0
25.500,0,2,0.0,-2.0,0
25.500,0,2,0.0,-2.0,0
25.500,0,2,0.0,-2.0,0
25.500,0,2,0.0,-2.0,0
25.500,0,2,0.0,-2.0,0
25.500,0,2,0.0,-2.0,0
25.500,0,2,0.0,-2.0,0
25.600,0,2,0.0,-2.0,0
25.600,0,2,0.0,-2.0,0
25.600,0,2,0.0,-2.0,0
25.600,0,2,0.0,-2.0,0
25.600,0,2,0.0,-2.0,0
25.600,0,2,0.0,-2.0,0
25.600,0,2,0.0,-2.0,0
25.600,0,2,0.0,-2.0,0
25.600,0,2,0.0,-2.0,0
25.600,0,2,0.0,-2.0,0
25.700,0,2,0.0,-2.0,0
25.700,0,2,0.0,-2.0,0
25.700,0,2,0.0,-2.0,0
25.700,0,2,0.0,-2.0,0
25.700,0,2,0.0,-2.0,0
25.700,0,2,0.0,-2.0,0
25.700,0,2,0.0,-2.0,0
25.700,0,2,0.0,-2.0,0
25.700,0,2,0.0,-2.0,0
25.700,0,2,0.0,-2.0,0
25.700,0,2,0.0,-2.0,0
25.800,0,2,0.0,-2.0,0
25.800,0,2,0.0,-2.0,0
25.800,0,2,0.0,-2.0,0
25.800,0,2,0.0,-2.0,0
25.800,0,2,0.0,-2.0,0
25.800,0,2,0.0,-2.0,0
25.800,0,2,0.0,-2.0,0
25.800,0,2,0.0,-2.0,0
25.800,0,2,0.0,-2.0,0
25.800,0,2,0.0,-2.0,0
25.900,0,2,0.0,-2.0,0
25.900,0,2,0.0,-2.0,0
25.900,0,2,0.0,-2.0,0
25.900,0,2,0.0,-2.0,0
25.900,0,2,0.0,-2.0,0
25.900,0,2,0.0,-2.0,0
25.900,0,2,0.0,-2.0,0
25.900,0,2,0.0,-2.0,0
25.900,0,2,0.0,-2.0,0
25.900,0,2,0.0,-2.0,0
26.000,0,2,0.0,-2.0,0
26.000,0,2,0.0,-2.0,0
26.000,0,2,0.0,-2.0,0
26.000,0,2,0.0,-2.0,0
26.000,0,2,0.0,-2.0,0
26.000,0,2,0.0,-2.0,0
26.000,0,2,0.0,-2.0,0
26.000,0,2,0.0,-2.0,0
26.000,0,2,0.0,-2.0,0
26.000,0,2,0.0,-2.0,0
26.000,0,2,0.0,-2.0,0
26.100,0,2,0.0,-2.0,0
26.100,0,2,0.0,-2.0,0
26.100,0,2,0.0,-2.0,0
26.100,0,2,0.0,-2.0,0
26.100,0,2,0.0,-2.0,0
26.100,0,2,0.0,-2.0,0
26.100,0,2,0.0,-2.0,0
26.100,0,2,0.0,-2.0,0
26.100,0,2,0.0,-2.0,0
26.100,0,2,0.0,-2.0,0
26.200,0,2,0.0,-2.0,0
26.200,0,2,0.0,-2.0,0
26.200,0,2,0.0,-2.0,0
26.200,0,2,0.0,-2.0,0
26.200,0,2,0.0,-2.0,0
26.200,0,2,0.0,-2.0,0
26.200,0,2,0.0,-2.0,0
26.200,0,2,0.0,-2.0,0
26.200,0,2,0.0,-2.0,0
26.200,0,2,0.0,-2.0,0
26.200,0,2,0.0,-2.0,0
26.300,0,2,0.0,-2.0,0
26.300,0,2,0.0,-2.0,0
26.300,0,2,0.0,-2.0,0
26.300,0,2,0.0,-2.0,0
26.300,0,2,0.0,-2.0,0
26.300,0,2,0.0,-2.0,0
26.300,0,2,0.0,-2.0,0
26.300,0,2,0.0,-2.0,0
26.300,0,2,0.0,-2.0,0
26.300,0,2,0.0,-2.0,0
26.400,0,2,0.0,-2.0,0
26.400,0,2,0.0,-2.0,0
26.400,0,2,0.0,-2.0,0
26.400,0,2,0.0,-2.0,0
26.400,0,2,0.0,-2.0,0
26.400,0,2,0.0,-2.0,0
26.400,0,2,0.0,-2.0,0
26.400,0,2,0.0,-2.0,0
26.400,0,2,0.0,-2.0,0
26.400,0,2,0.0,-2.0,0
26.400,0,2,0.0,-2.0,0
26.500,0,2,0.0,-2.0,0
26.500,0,2,0.0,-2.0,0
26.500,0,2,0.0,-2.0,0
26.500,0,2,0.0,-2.0,0
26.500,0,2,0.0,-2.0,0
26.500,0,2,0.0,-2.0,0
26.500,0,2,0.0,-2.0,0
26.500,0,2,0.0,-2.0,0
26.500,0,2,0.0,-2.0,0
26.500,0,2,0.0,-2.0,0
26.600,0,2,0.0,-2.0,0
26.600,0,2,0.0,-2.0,0
26.600,0,2,0.0,-2.0,0
26.600,0,2,0.0,-2.0,0
26.600,0,2,0.0,-2.0,0
26.600,0,2,0.0,-2.0,0
26.600,0,2,0.0,-2.0,0
26.600,0,2,0.0,-2.0,0
26.600,0,2,0.0,-2.0,0
26.600,0,2,0.0,-2.0,0
26.600,0,2,0.0,-2.0,0
26.700,0,2,0.0,-2.0,0
26.700,0,2,0.0,-2.0,0
26.700,0,2,0.0,-2.0,0
26.700,0,2,0.0,-2.0,0
26.700,0,2,0.0,-2.0,0
26.700,0,2,0.0,-2.0,0
26.700,0,2,0.0,-2.0,0
26.700,0,2,0.0,-2.0,0
26.700,0,2,0.0,-2.0,0
26.700,0,2,0.0,-2.0,0
26.800,0,2,0.0,-2.0,0
26.800,0,2,0.0,-2.0,0
26.800,0,2,0.0,-2.0,0
26.800,0,2,0.0,-2.0,0
26.800,0,2,0.0,-2.0,0
26.800,0,2,0.0,-2.0,0
26.800,0,2,0.0,-2.0,0
26.800,0,2,0.0,-2.0,0
26.800,0,2,0.0,-2.0,0
26.800,0,2,0.0,-2.0,0
26.900,0,2,0.0,-2.0,0
26.900,0,2,0.0,-2.0,0
26.900,0,2,0.0,-2.0,0
26.900,0,2,0.0,-2.0,0
26.900,0,2,0.0,-2.0,0
26.900,0,2,0.0,-2.0,0
26.900,0,2,0.0,-2.0,0
26.900,0,2,0.0,-2.0,0
26.900,0,2,0.0,-2.0,0
26.900,0,2,0.0,-2.0,0
26.900,0,2,0.0,-2.0,0
27.000,0,2,0.0,-2.0,0
27.000,0,2,0.0,-2.0,0
27.000,0,2,0.0,-2.0,0
27.000,0,2,0.0,-2.0,0
27.000,0,2,0.0,-2.0,0
27.000,0,2,0.0,-2.0,0
27.000,0,2,0.0,-2.0,0
27.000,0,2,0.0,-2.0,0
27.000,0,2,0.0,-2.0,0
27.000,0,2,0.0,-2.0,0
27.100,0,2,0.0,-2.0,0
27.100,0,2,0.0,-2.0,0
27.100,0,2,0.0,-2.0,0
27.100,0,2,0.0,-2.0,0
27.100,0,2,0.0,-2.0,0
27.100,0,2,0.0,-2.0,0
27.100,0,2,0.0,-2.0,0
27.100,0,2,0.0,-2.0,0
27.100,0,2,0.0,-2.0,0
27.100,0,2,0.0,-2.0,0
27.100,0,2,0.0,-2.0,0
27.200,0,2,0.0,-2.0,0
27.200,0,2,0.0,-2.0,0
27.200,0,2,0.0,-2.0,0
27.200,0,2,0.0,-2.0,0
27.200,0,2,0.0,-2.0,0
27.200,0,2,0.0,-2.0,0
27.200,0,2,0.0,-2.0,0
27.200,0,2,0.0,-2.0,0
27.200,0,2,0.0,-2.0,0
27.200,0,2,0.0,-2.0,0
27.300,0,2,0.0,-2.0,0
27.300,0,2,0.0,-2.0,0
27.300,0,2,0.0,-2.0,0
27.300,0,2,0.0,-2.0,0
27.300,0,2,0.0,-2.0,0
27.300,0,2,0.0,-2.0,0
27.300,0,2,0.0,-2.0,0
27.300,0,2,0.0,-2.0,0
27.300,0,2,0.0,-2.0,0
27.300,0,2,0.0,-2.0,0
27.300,0,2,0.0,-2.0,0
27.400,0,2,0.0,-2.0,0
27.400,0,2,0.0,-2.0,0
27.400,0,2,0.0,-2.0,0
27.400,0,2,0.0,-2.0,0
27.400,0,2,0.0,-2.0,0
27.400,0,2,0.0,-2.0,0
27.400,0,2,0.0,-2.0,0
27.400,0,2,0.0,-2.0,0
27.400,0,2,0.0,-2.0,0
27.400,0,2,0.0,-2.0,0
27.500,0,2,0.0,-2.0,0
27.500,0,2,0.0,-2.0,0
27.500,0,2,0.0,-2.0,0
27.500,0,2,0.0,-2.0,0
27.500,0,2,0.0,-2.0,0
27.500,0,2,0.0,-2.0,0
27.500,0,2,0.0,-2.0,0
27.500,0,2,0.0,-2.0,0
27.500,0,2,0.0,-2.0,0
27.500,0,2,0.0,-2.0,0
27.600,0,2,0.0,-2.0,0
27.600,0,2,0.0,-2.0,0
27.600,0,2,0.0,-2.0,0
27.600,0,2,0.0,-2.0,0
27.600,0,2,0.0,-2.0,0
27.600,0,2,0.0,-2.0,0
27.600,0,2,0.0,-2.0,0
27.600,0,2,0.0,-2.0,0
27.600,0,2,0.0,-2.0,0
27.600,0,2,0.0,-2.0,0
27.600,0,2,0.0,-2.0,0
27.700,0,2,0.0,-2.0,0
27.700,0,2,0.0,-2.0,0
27.700,0,2,0.0,-2.0,0
27.700,0,2,0.0,-2.0,0
27.700,0,2,0.0,-2.0,0
27.700,0,2,0.0,-2.0,0
27.700,0,2,0.0,-2.0,0
27.700,0,2,0.0,-2.0,0
27.700,0,2,0.0,-2.0,0
27.700,0,2,0.0,-2.0,0
27.800,0,2,0.0,-2.0,0
27.800,0,2,0.0,-2.0,0
27.800,0,2,0.0,-2.0,0
27.800,0,2,0.0,-2.0,0
27.800,0,2,0.0,-2.0,0
27.800,0,2,0.0,-2.0,0
27.800,0,2,0.0,-2.0,0
27.800,0,2,0.0,-2.0,0
27.800,0,2,0.0,-2.0,0
27.800,0,2,0.0,-2.0,0
27.800,0,2,0.0,-2.0,0
27.900,0,2,0.0,-2.0,0
27.900,0,2,0.0,-2.0,0
27.900,0,2,0.0,-2.0,0
27.900,0,2,0.0,-2.0,0
27.900,0,2,0.0,-2.0,0
27.900,0,2,0.0,-2.0,0
27.900,0,2,0.0,-2.0,0
27.900,0,2,0.0,-2.0,0
27.900,0,2,0.0,-2.0,0
27.900,0,2,0.0,-2.0,0
28.000,0,2,0.0,-2.0,0
28.000,0,2,0.0,-2.0,0
28.000,0,2,0.0,-2.0,0
28.000,0,2,0.0,-2.0,0
28.000,0,2,0.0,-2.0,0
28.000,0,2,0.0,-2.0,0
28.000,0,2,0.0,-2.0,0
28.000,0,2,0.0,-2.0,0
28.000,0,2,0.0,-2.0,0
28.000,0,2,0.0,-2.0,0
28.000,0,2,0.0,-2.0,0
28.100,0,2,0.0,-2.0,0
28.100,0,2,0.0,-2.0,0
28.100,0,2,0.0,-2.0,0
28.100,0,2,0.0,-2.0,0
28.100,0,2,0.0,-2.0,0
28.100,0,2,0.0,-2.0,0
28.100,0,2,0.0,-2.0,0
28.100,0,2,0.0,-2.0,0
28.100,0,2,0.0,-2.0,0
28.100,0,2,0.0,-2.0,0
28.200,0,2,0.0,-2.0,0
28.200,0,2,0.0,-2.0,0
28.200,0,2,0.0,-2.0,0
28.200,0,2,0.0,-2.0,0
28.200,0,2,0.0,-2.0,0
28.200,0,2,0.0,-2.0,0
28.200,0,2,0.0,-2.0,0
28.200,0,2,0.0,-2.0,0
28.200,0,2,0.0,-2.0,0
28.200,0,2,0.0,-2.0,0
28.300,0,2,0.0,-2.0,0
28.300,0,2,0.0,-2.0,0
28.300,0,2,0.0,-2.0,0
28.300,0,2,0.0,-2.0,0
28.300,0,2,0.0,-2.0,0
28.300,0,2,0.0,-2.0,0
28.300,0,2,0.0,-2.0,0
28.300,0,2,0.0,-2.0,0
28.300,0,2,0.0,-2.0,0
28.300,0,2,0.0,-2.0,0
28.300,0,2,0.0,-2.0,0
28.400,0,2,0.0,-2.0,0
28.400,0,2,0.0,-2.0,0
28.400,0,2,0.0,-2.0,0
28.400,0,2,0.0,-2.0,0
28.400,0,2,0.0,-2.0,0
28.400,0,2,0.0,-2.0,0
28.400,0,2,0.0,-2.0,0
28.400,0,2,0.0,-2.0,0
28.400,0,2,0.0,-2.0,0
28.400,0,2,0.0,-2.0,0
28.500,0,2,0.0,-2.0,0
28.500,0,2,0.0,-2.0,0
28.500,0,2,0.0,-2.0,0
28.500,0,2,0.0,-2.0,0
28.500,0,2,0.0,-2.0,0
28.500,0,2,0.0,-2.0,0
28.500,0,2,0.0,-2.0,0
28.500,0,2,0.0,-2.0,0
28.500,0,2,0.0,-2.0,0
28.500,0,2,0.0,-2.0,0
28.500,0,2,0.0,-2.0,0
28.600,0,2,0.0,-2.0,0
28.600,0,2,0.0,-2.0,0
28.600,0,2,0.0,-2.0,0
28.600,0,2,0.0,-2.0,0
28.600,0,2,0.0,-2.0,0
28.600,0,2,0.0,-2.0,0
28.600,0,2,0.0,-2.0,0
28.600,0,2,0.0,-2.0,0
28.600,0,2,0.0,-2.0,0
28.600,0,2,0.0,-2.0,0
28.700,0,2,0.0,-2.0,0
28.700,0,2,0.0,-2.0,0
28.700,0,2,0.0,-2.0,0
28.700,0,2,0.0,-2.0,0
28.700,0,2,0.0,-2.0,0
28.700,0,2,0.0,-2.0,0
28.700,0,2,0.0,-2.0,0
28.700,0,2,0.0,-2.0,0
28.700,0,2,0.0,-2.0,0
28.700,0,2,0.0,-2.0,0
28.700,0,2,0.0,-2.0,0
28.800,0,2,0.0,-2.0,0
28.800,0,2,0.0,-2.0,0
28.800,0,2,0.0,-2.0,0
28.800,0,2,0.0,-2.0,0
28.800,0,2,0.0,-2.0,0
28.800,0,2,0.0,-2.0,0
28.800,0,2,0.0,-2.0,0
28.800,0,2,0.0,-2.0,0
28.800,0,2,0.0,-2.0,0
28.800,0,2,0.0,-2.0,0
28.900,0,2,0.0,-2.0,0
28.900,0,2,0.0,-2.0,0
28.900,0,2,0.0,-2.0,0
28.900,0,2,0.0,-2.0,0
28.900,0,2,0.0,-2.0,0
28.900,0,2,0.0,-2.0,0
28.900,0,2,0.0,-2.0,0
28.900,0,2,0.0,-2.0,0
28.900,0,2,0.0,-2.0,0
28.900,0,2,0.0,-2.0,0
28.900,0,2,0.0,-2.0,0
29.000,0,2,0.0,-2.0,0
29.000,0,2,0.0,-2.0,0
29.000,0,2,0.0,-2.0,0
29.000,0,2,0.0,-2.0,0
29.000,0,2,0.0,-2.0,0
29.000,0,2,0.0,-2.0,0
29.000,0,2,0.0,-2.0,0
29.000,0,2,0.0,-2.0,0
29.000,0,2,0.0,-2.0,0
29.000,0,2,0.0,-2.0,0
29.100,0,2,0.0,-2.0,0
29.100,0,2,0.0,-2.0,0
29.100,0,2,0.0,-2.0,0
29.100,0,2,0.0,-2.0,0
29.100,0,2,0.0,-2.0,0
29.100,0,2,0.0,-2.0,0
29.100,0,2,0.0,-2.0,0
29.100,0,2,0.0,-2.0,0
29.100,0,2,0.0,-2.0,0
29.100,0,2,0.0,-2.0,0
29.200,0,2,0.0,-2.0,0
29.200,0,2,0.0,-2.0,0
29.200,0,2,0.0,-2.0,0
29.200,0,2,0.0,-2.0,0
29.200,0,2,0.0,-2.0,0
29.200,0,2,0.0,-2.0,0
29.200,0,2,0.0,-2.0,0
29.200,0,2,0.0,-2.0,0
29.200,0,2,0.0,-2.0,0
29.200,0,2,0.0,-2.0,0
29.200,0,2,0.0,-2.0,0
29.300,0,2,0.0,-2.0,0
29.300,0,2,0.0,-2.0,0
29.300,0,2,0.0,-2.0,0
29.300,0,2,0.0,-2.0,0
29.300,0,2,0.0,-2.0,0
29.300,0,2,0.0,-2.0,0
29.300,0,2,0.0,-2.0,0
29.300,0,2,0.0,-2.0,0
29.300,0,2,0.0,-2.0,0
29.300,0,2,0.0,-2.0,0
29.400,0,2,0.0,-2.0,0
29.400,0,2,0.0,-2.0,0
29.400,0,2,0.0,-2.0,0
29.400,0,2,0.0,-2.0,0
29.400,0,2,0.0,-2.0,0
29.400,0,2,0.0,-2.0,0
29.400,0,2,0.0,-2.0,0
29.400,0,2,0.0,-2.0,0
29.400,0,2,0.0,-2.0,0
29.400,0,2,0.0,-2.0,0
29.400,0,2,0.0,-2.0,0
29.500,0,2,0.0,-2.0,0
29.500,0,2,0.0,-2.0,0
29.500,0,2,0.0,-2.0,0
29.500,0,2,0.0,-2.0,0
29.500,0,2,0.0,-2.0,0
29.500,0,2,0.0,-2.0,0
29.500,0,2,0.0,-2.0,0
29.500,0,2,0.0,-2.0,0
29.500,0,2,0.0,-2.0,0
29.500,0,2,0.0,-2.0,0
29.600,0,2,0.0,-2.0,0
29.600,0,2,0.0,-2.0,0
29.600,0,2,0.0,-2.0,0
29.600,0,2,0.0,-2.0,0
29.600,0,2,0.0,-2.0,0
29.600,0,2,0.0,-2.0,0
29.600,0,2,0.0,-2.0,0
29.600,0,2,0.0,-2.0,0
29.600,0,2,0.0,-2.0,0
29.600,0,2,0.0,-2.0,0
29.600,0,2,0.0,-2.0,0
29.700,0,2,0.0,-2.0,0
29.700,0,2,0.0,-2.0,0
29.700,0,2,0.0,-2.0,0
29.700,0,2,0.0,-2.0,0
29.700,0,2,0.0,-2.0,0
29.700,0,2,0.0,-2.0,0
29.700,0,2,0.0,-2.0,0
29.700,0,2,0.0,-2.0,0
29.700,0,2,0.0,-2.0,0
29.700,0,2,0.0,-2.0,0
29.800,0,2,0.0,-2.0,0
29.800,0,2,0.0,-2.0,0
29.800,0,2,0.0,-2.0,0
29.800,0,2,0.0,-2.0,0
29.800,0,2,0.0,-2.0,0
29.800,0,2,0.0,-2.0,0
29.800,0,2,0.0,-2.0,0
29.800,0,2,0.0,-2.0,0
29.800,0,2,0.0,-2.0,0
29.800,0,2,0.0,-2.0,0
29.900,0,2,0.0,-2.0,0
29.900,0,2,0.0,-2.0,0
29.900,0,2,0.0,-2.0,0
29.900,0,2,0.0,-2.0,0
29.900,0,2,0.0,-2.0,0
29.900,0,2,0.0,-2.0,0
29.900,0,2,0.0,-2.0,0
29.900,0,2,0.0,-2.0,0
29.900,0,2,0.0,-2.0,0
29.900,0,2,0.0,-2.0,0
29.900,0,2,0.0,-2.0,0
30.000,0,2,0.0,-2.0,0
30.000,0,2,0.0,-2.0,0
30.000,0,2,0.0,-2.0,0
30.000,0,2,0.0,-2.0,0
30.000,0,2,0.0,-2.0,0
30.000,0,2,0.0,-2.0,0
30.000,0,2,0.0,-2.0,0
30.000,0,2,0.0,-2.0,0
30.000,0,2,0.0,-2.0,0
30.000,0,2,0.0,-2.0,0
30.100,0,2,0.0,-2.0,0
30.100,0,2,0.0,-2.0,0
30.100,0,2,0.0,-2.0,0
30.100,0,2,0.0,-2.0,0
30.100,0,2,0.0,-2.0,0
30.100,0,2,0.0,-2.0,0
30.100,0,2,0.0,-2.0,0
30.100,0,2,0.0,-2.0,0
30.100,0,2,0.0,-2.0,0
30.100,0,2,0.0,-2.0,0
30.100,0,2,0.0,-2.0,0
30.200,0,2,0.0,-2.0,0
30.200,0,2,0.0,-2.0,0
30.200,0,2,0.0,-2.0,0
30.200,0,2,0.0,-2.0,0
30.200,0,2,0.0,-2.0,0
30.200,0,2,0.0,-2.0,0
30.200,0,2,0.0,-2.0,0
30.200,0,2,0.0,-2.0,0
30.200,0,2,0.0,-2.0,0
30.200,0,2,0.0,-2.0,0
30.300,0,2,0.0,-2.0,0
30.300,0,2,0.0,-2.0,0
30.300,0,2,0.0,-2.0,0
30.300,0,2,0.0,-2.0,0
30.300,0,2,0.0,-2.0,0
30.300,0,2,0.0,-2.0,0
30.300,0,2,0.0,-2.0,0
30.300,0,2,0.0,-2.0,0
30.300,0,2,0.0,-2.0,0
30.300,0,2,0.0,-2.0,0
30.300,0,2,0.0,-2.0,0
30.400,0,2,0.0,-2.0,0
30.400,0,2,0.0,-2.0,0
30.400,0,2,0.0,-2.0,0
30.400,0,2,0.0,-2.0,0
30.400,0,2,0.0,-2.0,0
30.400,0,2,0.0,-2.0,0
30.400,0,2,0.0,-2.0,0
30.400,0,2,0.0,-2.0,0
30.400,0,2,0.0,-2.0,0
30.400,0,2,0.0,-2.0,0
30.500,0,2,0.0,-2.0,0
30.500,0,2,0.0,-2.0,0
30.500,0,2,0.0,-2.0,0
30.500,0,2,0.0,-2.0,0
30.500,0,2,0.0,-2.0,0
30.500,0,2,0.0,-2.0,0
30.500,0,2,0.0,-2.0,0
30.500,0,2,0.0,-2.0,0
30.500,0,2,0.0,-2.0,0
30.500,0,2,0.0,-2.0,0
30.600,0,2,0.0,-2.0,0
30.600,0,2,0.0,-2.0,0
30.600,0,2,0.0,-2.0,0
30.600,0,2,0.0,-2.0,0
30.600,0,2,0.0,-2.0,0
30.600,0,2,0.0,-2.0,0
30.600,0,2,0.0,-2.0,0
30.600,0,2,0.0,-2.0,0
30.600,0,2,0.0,-2.0,0
30.600,0,2,0.0,-2.0,0
30.600,0,2,0.0,-2.0,0
30.700,0,2,0.0,-2.0,0
30.700,0,2,0.0,-2.0,0
30.700,0,2,0.0,-2.0,0
30.700,0,2,0.0,-2.0,0
30.700,0,2,0.0,-2.0,0
30.700,0,2,0.0,-2.0,0
30.700,0,2,0.0,-2.0,0
30.700,0,2,0.0,-2.0,0
30.700,0,2,0.0,-2.0,0
30.700,0,2,0.0,-2.0,0
30.800,0,2,0.0,-2.0,0
30.800,0,2,0.0,-2.0,0
30.800,0,2,0.0,-2.0,0
30.800,0,2,0.0,-2.0,0
30.800,0,2,0.0,-2.0,0
30.800,0,2,0.0,-2.0,0
30.800,0,2,0.0,-2.0,0
30.800,0,2,0.0,-2.0,0
30.800,0,2,0.0,-2.0,0
30.800,0,2,0.0,-2.0,0
30.800,0,2,0.0,-2.0,0
30.900,0,2,0.0,-2.0,0
30.900,0,2,0.0,-2.0,0
30.900,0,2,0.0,-2.0,0
30.900,0,2,0.0,-2.0,0
30.900,0,2,0.0,-2.0,0
30.900,0,2,0.0,-2.0,0
30.900,0,2,0.0,-2.0,0
30.900,0,2,0.0,-2.0,0
30.900,0,2,0.0,-2.0,0
30.900,0,2,0.0,-2.0,0
31.000,0,2,0.0,-2.0,0
31.000,0,2,0.0,-2.0,0
31.000,0,2,0.0,-2.0,0
31.000,0,2,0.0,-2.0,0
31.000,0,2,0.0,-2.0,0
31.000,0,2,0.0,-2.0,0
31.000,0,2,0.0,-2.0,0
31.000,0,2,0.0,-2.0,0
31.000,0,2,0.0,-2.0,0
31.000,0,2,0.0,-2.0,0
31.000,0,2,0.0,-2.0,0
31.100,0,2,0.0,-2.0,0
31.100,0,2,0.0,-2.0,0
31.100,0,2,0.0,-2.0,0
31.100,0,2,0.0,-2.0,0
31.100,0,2,0.0,-2.0,0
31.100,0,2,0.0,-2.0,0
31.100,0,2,0.0,-2.0,0
31.100,0,2,0.0,-2.0,0
31.100,0,2,0.0,-2.0,0
31.100,0,2,0.0,-2.0,0
31.200,0,2,0.0,-2.0,0
31.200,0,2,0.0,-2.0,0
31.200,0,2,0.0,-2.0,0
31.200,0,2,0.0,-2.0,0
31.200,0,2,0.0,-2.0,0
31.200,0,2,0.0,-2.0,0
31.200,0,2,0.0,-2.0,0
31.200,0,2,0.0,-2.0,0
31.200,0,2,0.0,-2.0,0
31.200,0,2,0.0,-2.0,0
31.200,0,2,0.0,-2.0,0
31.300,0,2,0.0,-2.0,0
31.300,0,2,0.0,-2.0,0
31.300,0,2,0.0,-2.0,0
31.300,0,2,0.0,-2.0,0
31.300,0,2,0.0,-2.0,0
31.300,0,2,0.0,-2.0,0
31.300,0,2,0.0,-2.0,0
31.300,0,2,0.0,-2.0,0
31.300,0,2,0.0,-2.0,0
31.300,0,2,0.0,-2.0,0
31.400,0,2,0.0,-2.0,0
31.400,0,2,0.0,-2.0,0
31.400,0,2,0.0,-2.0,0
31.400,0,2,0.0,-2.0,0
31.400,0,2,0.0,-2.0,0
31.400,0,2,0.0,-2.0,0
31.400,0,2,0.0,-2.0,0
31.400,0,2,0.0,-2.0,0
31.400,0,2,0.0,-2.0,0
31.400,0,2,0.0,-2.0,0
31.500,0,2,0.0,-2.0,0
31.500,0,2,0.0,-2.0,0
31.500,0,2,0.0,-2.0,0
31.500,0,2,0.0,-2.0,0
31.500,0,2,0.0,-2.0,0
31.500,0,2,0.0,-2.0,0
31.500,0,2,0.0,-2.0,0
31.500,0,2,0.0,-2.0,0
31.500,0,2,0.0,-2.0,0
31.500,0,2,0.0,-2.0,0
31.500,0,2,0.0,-2.0,0
31.600,0,2,0.0,-2.0,0
31.600,0,2,0.0,-2.0,0
31.600,0,2,0.0,-2.0,0
31.600,0,2,0.0,-2.0,0
31.600,0,2,0.0,-2.0,0
31.600,0,2,0.0,-2.0,0
31.600,0,2,0.0,-2.0,0
31.600,0,2,0.0,-2.0,0
31.600,0,2,0.0,-2.0,0
31.600,0,2,0.0,-2.0,0
31.700,0,2,0.0,-2.0,0
31.700,0,2,0.0,-2.0,0
31.700,0,2,0.0,-2.0,0
31.700,0,2,0.0,-2.0,0
31.700,0,2,0.0,-2.0,0
31.700,0,2,0.0,-2.0,0
31.700,0,2,0.0,-2.0,0
31.700,0,2,0.0,-2.0,0
31.700,0,2,0.0,-2.0,0
31.700,0,2,0.0,-2.0,0
31.700,0,2,0.0,-2.0,0
31.800,0,2,0.0,-2.0,0
31.800,0,2,0.0,-2.0,0
31.800,0,2,0.0,-2.0,0
31.800,0,2,0.0,-2.0,0
31.800,0,2,0.0,-2.0,0
31.800,0,2,0.0,-2.0,0
31.800,0,2,0.0,-2.0,0
31.800,0,2,0.0,-2.0,0
31.800,0,2,0.0,-2.0,0
31.800,0,2,0.0,-2.0,0
31.900,0,2,0.0,-2.0,0
31.900,0,2,0.0,-2.0,0
31.900,0,2,0.0,-2.0,0
31.900,0,2,0.0,-2.0,0
31.900,0,2,0.0,-2.0,0
31.900,0,2,0.0,-2.0,0
31.900,0,2,0.0,-2.0,0
31.900,0,2,0.0,-2.0,0
31.900,0,2,0.0,-2.0,0
31.900,0,2,0.0,-2.0,0
31.900,0,2,0.0,-2.0,0
32.000,0,2,0.0,-2.0,0
32.000,0,2,0.0,-2.0,0
32.000,0,2,0.0,-2.0,0
32.000,0,2,0.0,-2.0,0
32.000,0,2,0.0,-2.0,0
32.000,0,2,0.0,-2.0,0
32.000,0,2,0.0,-2.0,0
32.000,0,2,0.0,-2.0,0
32.000,0,2,0.0,-2.0,0
32.000,0,2,0.0,-2.0,0
32.100,0,2,0.0,-2.0,0
32.100,0,2,0.0,-2.0,0
32.100,0,2,0.0,-2.0,0
32.100,0,2,0.0,-2.0,0
32.100,0,2,0.0,-2.0,0
32.100,0,2,0.0,-2.0,0
32.100,0,2,0.0,-2.0,0
32.100,0,2,0.0,-2.0,0
32.100,0,2,0.0,-2.0,0
32.100,0,2,0.0,-2.0,0
32.200,0,2,0.0,-2.0,0
32.200,0,2,0.0,-2.0,0
32.200,0,2,0.0,-2.0,0
32.200,0,2,0.0,-2.0,0
32.200,0,2,0.0,-2.0,0
32.200,0,2,0.0,-2.0,0
32.200,0,2,0.0,-2.0,0
32.200,0,2,0.0,-2.0,0
32.200,0,2,0.0,-2.0,0
32.200,0,2,0.0,-2.0,0
32.200,0,2,0.0,-2.0,0
32.300,0,2,0.0,-2.0,0
32.300,0,2,0.0,-2.0,0
32.300,0,2,0.0,-2.0,0
32.300,0,2,0.0,-2.0,0
32.300,0,2,0.0,-2.0,0
32.300,0,2,0.0,-2.0,0
32.300,0,2,0.0,-2.0,0
32.300,0,2,0.0,-2.0,0
32.300,0,2,0.0,-2.0,0
32.300,0,2,0.0,-2.0,0
32.400,2,2,-62.0,-2.0,0
32.400,2,2,-62.0,-2.0,0
32.400,2,2,-62.0,-2.0,0
32.400,2,2,-62.0,-2.0,0
32.400,2,2,-62.0,-2.0,0
32.400,2,2,-62.0,-2.0,0
32.400,2,2,-62.0,-2.0,0
32.400,2,2,-62.0,-2.0,0
32.400,2,2,-62.0,-2.0,0
32.400,2,2,-62.0,-2.0,0
32.400,2,2,-62.0,-2.0,0
32.500,2,2,-62.0,-2.0,0
32.500,2,2,-62.0,-2.0,0
32.500,2,2,-62.0,-2.0,0
32.500,2,2,-62.0,-2.0,0
32.500,2,2,-62.0,-2.0,0
32.500,2,2,-62.0,-2.0,0
32.500,2,2,-62.0,-2.0,0
32.500,2,2,-62.0,-2.0,0
32.500,2,2,-62.0,-2.0,0
32.500,2,2,-62.0,-2.0,0
32.600,2,0,-62.0,0.0,0
32.600,2,0,-62.0,0.0,0
32.600,2,0,-62.0,0.0,0
32.600,2,0,-62.0,0.0,0
32.600,2,0,-62.0,0.0,0
32.600,2,0,-62.0,0.0,0
32.600,2,0,-62.0,0.0,0
32.600,2,0,-62.0,0.0,0
32.600,2,0,-62.0,0.0,0
32.600,2,0,-62.0,0.0,0
32.600,2,0,-62.0,0.0,0
32.700,2,0,-62.0,0.0,0
32.700,2,0,-62.0,0.0,0
32.700,2,0,-62.0,0.0,0
32.700,2,0,-62.0,0.0,0
32.700,2,0,-62.0,0.0,0
32.700,2,0,-62.0,0.0,0
32.700,2,0,-62.0,0.0,0
32.700,2,0,-62.0,0.0,0
32.700,2,0,-62.0,0.0,0
32.700,2,0,-62.0,0.0,0
32.800,2,0,-62.0,0.0,0
32.800,2,0,-62.0,0.0,0
32.800,2,0,-62.0,0.0,0
32.800,2,0,-62.0,0.0,0
32.800,2,0,-62.0,0.0,0
32.800,2,0,-62.0,0.0,0
32.800,2,0,-62.0,0.0,0
32.800,2,0,-62.0,0.0,0
32.800,2,0,-62.0,0.0,0
32.800,2,0,-62.0,0.0,0
32.900,2,0,-62.0,0.0,0
32.900,2,0,-62.0,0.0,0
32.900,2,0,-62.0,0.0,0
32.900,2,0,-62.0,0.0,0
32.900,2,0,-62.0,0.0,0
32.900,2,0,-62.0,0.0,0
32.900,2,0,-62.0,0.0,0
32.900,2,0,-62.0,0.0,0
32.900,2,0,-62.0,0.0,0
32.900,2,0,-62.0,0.0,0
32.900,2,0,-62.0,0.0,0
33.000,2,0,-62.0,0.0,0
33.000,2,0,-62.0,0.0,0
33.000,2,0,-62.0,0.0,0
33.000,2,0,-62.0,0.0,0
33.000,2,0,-62.0,0.0,0
33.000,2,0,-62.0,0.0,0
33.000,2,0,-62.0,0.0,0
33.000,2,0,-62.0,0.0,0
33.000,2,0,-62.0,0.0,0
33.000,2,0,-62.0,0.0,0
33.100,2,0,-62.0,0.0,0
33.100,2,0,-62.0,0.0,0
33.100,2,0,-62.0,0.0,0
33.100,2,0,-62.0,0.0,0
33.100,2,0,-62.0,0.0,0
33.100,2,0,-62.0,0.0,0
33.100,2,0,-62.0,0.0,0
33.100,2,0,-62.0,0.0,0
33.100,2,0,-62.0,0.0,0
33.100,2,0,-62.0,0.0,0
33.100,2,0,-62.0,0.0,0
33.200,2,0,-62.0,0.0,0
33.200,2,0,-62.0,0.0,0
33.200,2,0,-62.0,0.0,0
33.200,2,0,-62.0,0.0,0
33.200,2,0,-62.0,0.0,0
33.200,2,0,-62.0,0.0,0
33.200,2,0,-62.0,0.0,0
33.200,2,0,-62.0,0.0,0
33.200,2,0,-62.0,0.0,0
33.200,2,0,-62.0,0.0,0
33.300,2,0,-62.0,0.0,0
33.300,2,0,-62.0,0.0,0
33.300,2,0,-62.0,0.0,0
33.300,2,0,-62.0,0.0,0
33.300,2,0,-62.0,0.0,0
33.300,2,0,-62.0,0.0,0
33.300,2,0,-62.0,0.0,0
33.300,2,0,-62.0,0.0,0
33.300,2,0,-62.0,0.0,0
33.300,2,0,-62.0,0.0,0
33.300,2,0,-62.0,0.0,0
33.400,2,0,-62.0,0.0,0
33.400,2,0,-62.0,0.0,0
33.400,2,0,-62.0,0.0,0
33.400,2,0,-62.0,0.0,0
33.400,2,0,-62.0,0.0,0
33.400,2,0,-62.0,0.0,0
33.400,2,0,-62.0,0.0,0
33.400,2,0,-62.0,0.0,0
33.400,2,0,-62.0,0.0,0
33.400,2,0,-62.0,0.0,0
33.500,2,0,-62.0,0.0,0
33.500,2,0,-62.0,0.0,0
33.500,2,0,-62.0,0.0,0
33.500,2,0,-62.0,0.0,0
33.500,2,0,-62.0,0.0,0
33.500,2,0,-62.0,0.0,0
33.500,2,0,-62.0,0.0,0
33.500,2,0,-62.0,0.0,0
33.500,2,0,-62.0,0.0,0
33.500,2,0,-62.0,0.0,0
33.500,2,0,-62.0,0.0,0
33.600,2,0,-62.0,0.0,0
33.600,2,0,-62.0,0.0,0
33.600,2,0,-62.0,0.0,0
33.600,2,0,-62.0,0.0,0
33.600,2,0,-62.0,0.0,0
33.600,2,0,-62.0,0.0,0
33.600,2,0,-62.0,0.0,0
33.600,2,0,-62.0,0.0,0
33.600,2,0,-62.0,0.0,0
33.600,2,0,-62.0,0.0,0
33.700,2,0,-62.0,0.0,0
33.700,2,0,-62.0,0.0,0
33.700,2,0,-62.0,0.0,0
33.700,2,0,-62.0,0.0,0
33.700,2,0,-62.0,0.0,0
33.700,2,0,-62.0,0.0,0
33.700,2,0,-62.0,0.0,0
33.700,2,0,-62.0,0.0,0
33.700,2,0,-62.0,0.0,0
33.700,2,0,-62.0,0.0,0
33.800,2,0,-62.0,0.0,0
33.800,2,0,-62.0,0.0,0
33.800,2,0,-62.0,0.0,0
33.800,2,0,-62.0,0.0,0
33.800,2,0,-62.0,0.0,0
33.800,2,0,-62.0,0.0,0
33.800,2,0,-62.0,0.0,0
33.800,2,0,-62.0,0.0,0
33.800,2,0,-62.0,0.0,0
33.800,2,0,-62.0,0.0,0
33.800,2,0,-62.0,0.0,0
33.900,2,0,-62.0,0.0,0
33.900,2,0,-62.0,0.0,0
33.900,2,0,-62.0,0.0,0
33.900,2,0,-62.0,0.0,0
33.900,2,0,-62.0,0.0,0
33.900,2,0,-62.0,0.0,0
33.900,2,0,-62.0,0.0,0
33.900,2,0,-62.0,0.0,0
33.900,2,0,-62.0,0.0,0
33.900,2,0,-62.0,0.0,0
34.000,2,0,-62.0,0.0,0
34.000,2,0,-62.0,0.0,0
34.000,2,0,-62.0,0.0,0
34.000,2,0,-62.0,0.0,0
34.000,2,0,-62.0,0.0,0
34.000,2,0,-62.0,0.0,0
34.000,2,0,-62.0,0.0,0
34.000,2,0,-62.0,0.0,0
34.000,2,0,-62.0,0.0,0
34.000,2,0,-62.0,0.0,0
34.000,2,0,-62.0,0.0,0
34.100,2,0,-62.0,0.0,0
34.100,2,0,-62.0,0.0,0
34.100,2,0,-62.0,0.0,0
34.100,2,0,-62.0,0.0,0
34.100,2,0,-62.0,0.0,0
34.100,2,0,-62.0,0.0,0
34.100,2,0,-62.0,0.0,0
34.100,2,0,-62.0,0.0,0
34.100,2,0,-62.0,0.0,0
34.100,2,0,-62.0,0.0,0
34.200,2,0,-62.0,0.0,0
34.200,2,0,-62.0,0.0,0
34.200,2,0,-62.0,0.0,0
34.200,2,0,-62.0,0.0,0
34.200,2,0,-62.0,0.0,0
34.200,2,0,-62.0,0.0,0
34.200,2,0,-62.0,0.0,0
34.200,2,0,-62.0,0.0,0
34.200,2,0,-62.0,0.0,0
34.200,2,0,-62.0,0.0,0
34.200,2,0,-62.0,0.0,0
34.300,2,0,-62.0,0.0,0
34.300,2,0,-62.0,0.0,0
34.300,2,0,-62.0,0.0,0
34.300,2,0,-62.0,0.0,0
34.300,2,0,-62.0,0.0,0
34.300,2,0,-62.0,0.0,0
34.300,2,0,-62.0,0.0,0
34.300,2,0,-62.0,0.0,0
34.300,2,0,-62.0,0.0,0
34.300,2,0,-62.0,0.0,0
34.400,2,0,-62.0,0.0,0
34.400,2,0,-62.0,0.0,0
34.400,2,0,-62.0,0.0,0
34.400,2,0,-62.0,0.0,0
34.400,2,0,-62.0,0.0,0
34.400,2,0,-62.0,0.0,0
34.400,2,0,-62.0,0.0,0
34.400,2,0,-62.0,0.0,0
34.400,2,0,-62.0,0.0,0
34.400,2,0,-62.0,0.0,0
34.500,2,0,-62.0,0.0,0
34.500,2,0,-62.0,0.0,0
34.500,2,0,-62.0,0.0,0
34.500,2,0,-62.0,0.0,0
34.500,2,0,-62.0,0.0,0
34.500,2,0,-62.0,0.0,0
34.500,2,0,-62.0,0.0,0
34.500,2,0,-62.0,0.0,0
34.500,2,0,-62.0,0.0,0
34.500,2,0,-62.0,0.0,0
34.500,2,0,-62.0,0.0,0
34.600,2,0,-62.0,0.0,0
34.600,2,0,-62.0,0.0,0
34.600,2,0,-62.0,0.0,0
34.600,2,0,-62.0,0.0,0
34.600,2,0,-62.0,0.0,0
34.600,2,0,-62.0,0.0,0
34.600,2,0,-62.0,0.0,0
34.600,2,0,-62.0,0.0,0
34.600,2,0,-62.0,0.0,0
34.600,2,0,-62.0,0.0,0
34.700,2,0,-62.0,0.0,0
34.700,2,0,-62.0,0.0,0
34.700,2,0,-62.0,0.0,0
34.700,2,0,-62.0,0.0,0
34.700,2,0,-62.0,0.0,0
34.700,2,0,-62.0,0.0,0
34.700,2,0,-62.0,0.0,0
34.700,2,0,-62.0,0.0,0
34.700,2,0,-62.0,0.0,0
34.700,2,0,-62.0,0.0,0
34.700,2,0,-62.0,0.0,0
34.800,2,0,-62.0,0.0,0
34.800,2,0,-62.0,0.0,0
34.800,2,0,-62.0,0.0,0
34.800,2,0,-62.0,0.0,0
34.800,2,0,-62.0,0.0,0
34.800,2,0,-62.0,0.0,0
34.800,2,0,-62.0,0.0,0
34.800,2,0,-62.0,0.0,0
34.800,2,0,-62.0,0.0,0
34.800,2,0,-62.0,0.0,0
34.900,2,0,-62.0,0.0,0
34.900,2,0,-62.0,0.0,0
34.900,2,0,-62.0,0.0,0
34.900,2,0,-62.0,0.0,0
34.900,2,0,-62.0,0.0,0
34.900,2,0,-62.0,0.0,0
34.900,2,0,-62.0,0.0,0
34.900,2,0,-62.0,0.0,0
34.900,2,0,-62.0,0.0,0
34.900,2,0,-62.0,0.0,0
34.900,2,0,-62.0,0.0,0
35.000,2,0,-62.0,0.0,0
35.000,2,0,-62.0,0.0,0
35.000,2,0,-62.0,0.0,0
35.000,2,0,-62.0,0.0,0
35.000,2,0,-62.0,0.0,0
35.000,2,0,-62.0,0.0,0
35.000,2,0,-62.0,0.0,0
35.000,2,0,-62.0,0.0,0
35.000,2,0,-62.0,0.0,0
35.000,2,0,-62.0,0.0,0
35.100,2,0,-62.0,0.0,0
35.100,2,0,-62.0,0.0,0
35.100,2,0,-62.0,0.0,0
35.100,2,0,-62.0,0.0,0
35.100,2,0,-62.0,0.0,0
35.100,2,0,-62.0,0.0,0
35.100,2,0,-62.0,0.0,0
35.100,2,0,-62.0,0.0,0
35.100,2,0,-62.0,0.0,0
35.100,2,0,-62.0,0.0,0
35.200,2,0,-62.0,0.0,0
35.200,2,0,-62.0,0.0,0
35.200,2,0,-62.0,0.0,0
35.200,2,0,-62.0,0.0,0
35.200,2,0,-62.0,0.0,0
35.200,2,0,-62.0,0.0,0
35.200,2,0,-62.0,0.0,0
35.200,2,0,-62.0,0.0,0
35.200,2,0,-62.0,0.0,0
35.200,2,0,-62.0,0.0,0
35.200,2,0,-62.0,0.0,0
35.300,2,0,-62.0,0.0,0
35.300,2,0,-62.0,0.0,0
35.300,2,0,-62.0,0.0,0
35.300,2,0,-62.0,0.0,0
35.300,2,0,-62.0,0.0,0
35.300,2,0,-62.0,0.0,0
35.300,2,0,-62.0,0.0,0
35.300,2,0,-62.0,0.0,0
35.300,2,0,-62.0,0.0,0
35.300,2,0,-62.0,0.0,0
35.400,2,0,-62.0,0.0,0
35.400,2,0,-62.0,0.0,0
35.400,2,0,-62.0,0.0,0
35.400,2,0,-62.0,0.0,0
35.400,2,0,-62.0,0.0,0
35.400,2,0,-62.0,0.0,0
35.400,2,0,-62.0,0.0,0
35.400,2,0,-62.0,0.0,0
35.400,2,0,-62.0,0.0,0
35.400,2,0,-62.0,0.0,0
35.400,2,0,-62.0,0.0,0
35.500,2,0,-62.0,0.0,0
35.500,2,0,-62.0,0.0,0
35.500,2,0,-62.0,0.0,0
35.500,2,0,-62.0,0.0,0
35.500,2,0,-62.0,0.0,0
35.500,2,0,-62.0,0.0,0
35.500,2,0,-62.0,0.0,0
35.500,2,0,-62.0,0.0,0
35.500,2,0,-62.0,0.0,0
35.500,2,0,-62.0,0.0,0
35.600,2,0,-62.0,0.0,0
35.600,2,0,-62.0,0.0,0
35.600,2,0,-62.0,0.0,0
35.600,2,0,-62.0,0.0,0
35.600,2,0,-62.0,0.0,0
35.600,2,0,-62.0,0.0,0
35.600,2,0,-62.0,0.0,0
35.600,2,0,-62.0,0.0,0
35.600,2,0,-62.0,0.0,0
35.600,2,0,-62.0,0.0,0
35.600,2,0,-62.0,0.0,0
35.700,2,0,-62.0,0.0,0
35.700,2,0,-62.0,0.0,0
35.700,2,0,-62.0,0.0,0
35.700,2,0,-62.0,0.0,0
35.700,2,0,-62.0,0.0,0
35.700,2,0,-62.0,0.0,0
35.700,2,0,-62.0,0.0,0
35.700,2,0,-62.0,0.0,0
35.700,2,0,-62.0,0.0,0
35.700,2,0,-62.0,0.0,0
35.800,2,0,-62.0,0.0,0
35.800,2,0,-62.0,0.0,0
35.800,2,0,-62.0,0.0,0
35.800,2,0,-62.0,0.0,0
35.800,2,0,-62.0,0.0,0
35.800,2,0,-62.0,0.0,0
35.800,2,0,-62.0,0.0,0
35.800,2,0,-62.0,0.0,0
35.800,2,0,-62.0,0.0,0
35.800,2,0,-62.0,0.0,0
35.800,2,0,-62.0,0.0,0
35.900,2,0,-62.0,0.0,0
35.900,2,0,-62.0,0.0,0
35.900,2,0,-62.0,0.0,0
35.900,2,0,-62.0,0.0,0
35.900,2,0,-62.0,0.0,0
35.900,2,0,-62.0,0.0,0
35.900,2,0,-62.0,0.0,0
35.900,2,0,-62.0,0.0,0
35.900,2,0,-62.0,0.0,0
35.900,2,0,-62.0,0.0,0
36.000,2,0,-62.0,0.0,0
36.000,2,0,-62.0,0.0,0
36.000,2,0,-62.0,0.0,0
36.000,2,0,-62.0,0.0,0
36.000,2,0,-62.0,0.0,0
36.000,2,0,-62.0,0.0,0
36.000,2,0,-62.0,0.0,0
36.000,2,0,-62.0,0.0,0
36.000,2,0,-62.0,0.0,0
36.000,2,0,-62.0,0.0,0
36.100,2,0,-62.0,0.0,0
36.100,2,0,-62.0,0.0,0
36.100,2,0,-62.0,0.0,0
36.100,2,0,-62.0,0.0,0
36.100,2,0,-62.0,0.0,0
36.100,2,0,-62.0,0.0,0
36.100,2,0,-62.0,0.0,0
36.100,2,0,-62.0,0.0,0
36.100,2,0,-62.0,0.0,0
36.100,2,0,-62.0,0.0,0
36.100,2,0,-62.0,0.0,0
36.200,2,0,-62.0,0.0,0
36.200,2,0,-62.0,0.0,0
36.200,2,0,-62.0,0.0,0
36.200,2,0,-62.0,0.0,0
36.200,2,0,-62.0,0.0,0
36.200,2,0,-62.0,0.0,0
36.200,2,0,-62.0,0.0,0
36.200,2,0,-62.0,0.0,0
36.200,2,0,-62.0,0.0,0
36.200,2,0,-62.0,0.0,0
36.300,2,0,-62.0,0.0,0
36.300,2,0,-62.0,0.0,0
36.300,2,0,-62.0,0.0,0
36.300,2,0,-62.0,0.0,0
36.300,2,0,-62.0,0.0,0
36.300,2,0,-62.0,0.0,0
36.300,2,0,-62.0,0.0,0
36.300,2,0,-62.0,0.0,0
36.300,2,0,-62.0,0.0,0
36.300,2,0,-62.0,0.0,0
36.300,2,0,-62.0,0.0,0
36.400,2,0,-62.0,0.0,0
36.400,2,0,-62.0,0.0,0
36.400,2,0,-62.0,0.0,0
36.400,2,0,-62.0,0.0,0
36.400,2,0,-62.0,0.0,0
36.400,2,0,-62.0,0.0,0
36.400,2,0,-62.0,0.0,0
36.400,2,0,-62.0,0.0,0
36.400,2,0,-62.0,0.0,0
36.400,2,0,-62.0,0.0,0
36.500,2,0,-62.0,0.0,0
36.500,2,0,-62.0,0.0,0
36.500,2,0,-62.0,0.0,0
36.500,2,0,-62.0,0.0,0
36.500,2,0,-62.0,0.0,0
36.500,2,0,-62.0,0.0,0
36.500,2,0,-62.0,0.0,0
36.500,2,0,-62.0,0.0,0
36.500,2,0,-62.0,0.0,0
36.500,2,0,-62.0,0.0,0
36.500,2,0,-62.0,0.0,0
36.600,2,0,-62.0,0.0,0
36.600,2,0,-62.0,0.0,0
36.600,2,0,-62.0,0.0,0
36.600,2,0,-62.0,0.0,0
36.600,2,0,-62.0,0.0,0
36.600,2,0,-62.0,0.0,0
36.600,2,0,-62.0,0.0,0
36.600,2,0,-62.0,0.0,0
36.600,2,0,-62.0,0.0,0
36.600,2,0,-62.0,0.0,0
36.700,2,0,-62.0,0.0,0
36.700,2,0,-62.0,0.0,0
36.700,2,0,-62.0,0.0,0
36.700,2,0,-62.0,0.0,0
36.700,2,0,-62.0,0.0,0
36.700,2,0,-62.0,0.0,0
36.700,2,0,-62.0,0.0,0
36.700,2,0,-62.0,0.0,0
36.700,2,0,-62.0,0.0,0
36.700,2,0,-62.0,0.0,0
36.800,2,0,-62.0,0.0,0
36.800,2,0,-62.0,0.0,0
36.800,2,0,-62.0,0.0,0
36.800,2,0,-62.0,0.0,0
36.800,2,0,-62.0,0.0,0
36.800,2,0,-62.0,0.0,0
36.800,2,0,-62.0,0.0,0
36.800,2,0,-62.0,0.0,0
36.800,2,0,-62.0,0.0,0
36.800,2,0,-62.0,0.0,0
36.800,2,0,-62.0,0.0,0
36.900,2,0,-62.0,0.0,0
36.900,2,0,-62.0,0.0,0
36.900,2,0,-62.0,0.0,0
36.900,2,0,-62.0,0.0,0
36.900,2,0,-62.0,0.0,0
36.900,2,0,-62.0,0.0,0
36.900,2,0,-62.0,0.0,0
36.900,2,0,-62.0,0.0,0
36.900,2,0,-62.0,0.0,0
36.900,2,0,-62.0,0.0,0
37.000,2,0,-62.0,0.0,0
37.000,2,0,-62.0,0.0,0
37.000,2,0,-62.0,0.0,0
37.000,2,0,-62.0,0.0,0
37.000,2,0,-62.0,0.0,0
37.000,2,0,-62.0,0.0,0
37.000,2,0,-62.0,0.0,0
37.000,2,0,-62.0,0.0,0
37.000,2,0,-62.0,0.0,0
37.000,2,0,-62.0,0.0,0
37.000,2,0,-62.0,0.0,0
37.100,2,0,-62.0,0.0,0
37.100,2,0,-62.0,0.0,0
37.100,2,0,-62.0,0.0,0
37.100,2,0,-62.0,0.0,0
37.100,2,0,-62.0,0.0,0
37.100,2,0,-62.0,0.0,0
37.100,2,0,-62.0,0.0,0
37.100,2,0,-62.0,0.0,0
37.100,2,0,-62.0,0.0,0
37.100,2,0,-62.0,0.0,0
37.200,2,0,-62.0,0.0,0
37.200,2,0,-62.0,0.0,0
37.200,2,0,-62.0,0.0,0
37.200,2,0,-62.0,0.0,0
37.200,2,0,-62.0,0.0,0
37.200,2,0,-62.0,0.0,0
37.200,2,0,-62.0,0.0,0
37.200,2,0,-62.0,0.0,0
37.200,2,0,-62.0,0.0,0
37.200,2,0,-62.0,0.0,0
37.200,2,0,-62.0,0.0,0
37.300,2,0,-62.0,0.0,0
37.300,2,0,-62.0,0.0,0
37.300,2,0,-62.0,0.0,0
37.300,2,0,-62.0,0.0,0
37.300,2,0,-62.0,0.0,0
37.300,2,0,-62.0,0.0,0
37.300,2,0,-62.0,0.0,0
37.300,2,0,-62.0,0.0,0
37.300,2,0,-62.0,0.0,0
37.300,2,0,-62.0,0.0,0
37.400,2,0,-62.0,0.0,0
37.400,2,0,-62.0,0.0,0
37.400,2,0,-62.0,0.0,0
37.400,2,0,-62.0,0.0,0
37.400,2,0,-62.0,0.0,0
37.400,2,0,-62.0,0.0,0
37.400,2,0,-62.0,0.0,0
37.400,2,0,-62.0,0.0,0
37.400,2,0,-62.0,0.0,0
37.400,2,0,-62.0,0.0,0
37.500,2,0,-62.0,0.0,0
37.500,2,0,-62.0,0.0,0
37.500,2,0,-62.0,0.0,0
37.500,2,0,-62.0,0.0,0
37.500,2,0,-62.0,0.0,0
37.500,2,0,-62.0,0.0,0
37.500,2,0,-62.0,0.0,0
37.500,2,0,-62.0,0.0,0
37.500,2,0,-62.0,0.0,0
37.500,2,0,-62.0,0.0,0
37.500,2,0,-62.0,0.0,0
37.600,2,0,-62.0,0.0,0
37.600,2,0,-62.0,0.0,0
37.600,2,0,-62.0,0.0,0
37.600,2,0,-62.0,0.0,0
37.600,2,0,-62.0,0.0,0
37.600,2,0,-62.0,0.0,0
37.600,2,0,-62.0,0.0,0
37.600,2,0,-62.0,0.0,0
37.600,2,0,-62.0,0.0,0
37.600,2,0,-62.0,0.0,0
37.700,2,0,-62.0,0.0,0
37.700,2,0,-62.0,0.0,0
37.700,2,0,-62.0,0.0,0
37.700,2,0,-62.0,0.0,0
37.700,2,0,-62.0,0.0,0
37.700,2,0,-62.0,0.0,0
37.700,2,0,-62.0,0.0,0
37.700,2,0,-62.0,0.0,0
37.700,2,0,-62.0,0.0,0
37.700,2,0,-62.0,0.0,0
37.700,2,0,-62.0,0.0,0
37.800,2,0,-62.0,0.0,0
37.800,2,0,-62.0,0.0,0
37.800,2,0,-62.0,0.0,0
37.800,2,0,-62.0,0.0,0
37.800,2,0,-62.0,0.0,0
37.800,2,0,-62.0,0.0,0
37.800,2,0,-62.0,0.0,0
37.800,2,0,-62.0,0.0,0
37.800,2,0,-62.0,0.0,0
37.800,2,0,-62.0,0.0,0
37.900,2,0,-62.0,0.0,0
37.900,2,0,-62.0,0.0,0
37.900,2,0,-62.0,0.0,0
37.900,2,0,-62.0,0.0,0
37.900,2,0,-62.0,0.0,0
37.900,2,0,-62.0,0.0,0
37.900,2,0,-62.0,0.0,0
37.900,2,0,-62.0,0.0,0
37.900,2,0,-62.0,0.0,0
37.900,2,0,-62.0,0.0,0
37.900,2,0,-62.0,0.0,0
38.000,2,0,-62.0,0.0,0
38.000,2,0,-62.0,0.0,0
38.000,2,0,-62.0,0.0,0
38.000,2,0,-62.0,0.0,0
38.000,2,0,-62.0,0.0,0
38.000,2,0,-62.0,0.0,0
38.000,2,0,-62.0,0.0,0
38.000,2,0,-62.0,0.0,0
38.000,2,0,-62.0,0.0,0
38.000,2,0,-62.0,0.0,0
38.100,2,0,-62.0,0.0,0
38.100,2,0,-62.0,0.0,0
38.100,2,0,-62.0,0.0,0
38.100,2,0,-62.0,0.0,0
38.100,2,0,-62.0,0.0,0
38.100,2,0,-62.0,0.0,0
38.100,2,0,-62.0,0.0,0
38.100,2,0,-62.0,0.0,0
38.100,2,0,-62.0,0.0,0
38.100,2,0,-62.0,0.0,0
38.100,2,0,-62.0,0.0,0
38.200,2,0,-62.0,0.0,0
38.200,2,0,-62.0,0.0,0
38.200,2,0,-62.0,0.0,0
38.200,2,0,-62.0,0.0,0
38.200,2,0,-62.0,0.0,0
38.200,2,0,-62.0,0.0,0
38.200,2,0,-62.0,0.0,0
38.200,2,0,-62.0,0.0,0
38.200,2,0,-62.0,0.0,0
38.200,2,0,-62.0,0.0,0
38.300,2,0,-62.0,0.0,0
38.300,2,0,-62.0,0.0,0
38.300,2,0,-62.0,0.0,0
38.300,2,0,-62.0,0.0,0
38.300,2,0,-62.0,0.0,0
38.300,2,0,-62.0,0.0,0
38.300,2,0,-62.0,0.0,0
38.300,2,0,-62.0,0.0,0
38.300,2,0,-62.0,0.0,0
38.300,2,0,-62.0,0.0,0
38.400,2,0,-62.0,0.0,0
38.400,2,0,-62.0,0.0,0
38.400,2,0,-62.0,0.0,0
38.400,2,0,-62.0,0.0,0
38.400,2,0,-62.0,0.0,0
38.400,2,0,-62.0,0.0,0
38.400,2,0,-62.0,0.0,0
38.400,2,0,-62.0,0.0,0
38.400,2,0,-62.0,0.0,0
38.400,2,0,-62.0,0.0,0
38.400,2,0,-62.0,0.0,0
38.500,2,0,-62.0,0.0,0
38.500,2,0,-62.0,0.0,0
38.500,2,0,-62.0,0.0,0
38.500,2,0,-62.0,0.0,0
38.500,2,0,-62.0,0.0,0
38.500,2,0,-62.0,0.0,0
38.500,2,0,-62.0,0.0,0
38.500,2,0,-62.0,0.0,0
38.500,2,0,-62.0,0.0,0
38.500,2,0,-62.0,0.0,0
38.600,2,0,-62.0,0.0,0
38.600,2,0,-62.0,0.0,0
38.600,2,0,-62.0,0.0,0
38.600,2,0,-62.0,0.0,0
38.600,2,0,-62.0,0.0,0
38.600,2,0,-62.0,0.0,0
38.600,2,0,-62.0,0.0,0
38.600,2,0,-62.0,0.0,0
38.600,2,0,-62.0,0.0,0
38.600,2,0,-62.0,0.0,0
38.600,2,0,-62.0,0.0,0
38.700,2,0,-62.0,0.0,0
38.700,2,0,-62.0,0.0,0
38.700,2,0,-62.0,0.0,0
38.700,2,0,-62.0,0.0,0
38.700,2,0,-62.0,0.0,0
38.700,2,0,-62.0,0.0,0
38.700,2,0,-62.0,0.0,0
38.700,2,0,-62.0,0.0,0
38.700,2,0,-62.0,0.0,0
38.700,2,0,-62.0,0.0,0
38.800,2,0,-62.0,0.0,0
38.800,2,0,-62.0,0.0,0
38.800,2,0,-62.0,0.0,0
38.800,2,0,-62.0,0.0,0
38.800,2,0,-62.0,0.0,0
38.800,2,0,-62.0,0.0,0
38.800,2,0,-62.0,0.0,0
38.800,2,0,-62.0,0.0,0
38.800,2,0,-62.0,0.0,0
38.800,2,0,-62.0,0.0,0
38.800,2,0,-62.0,0.0,0
38.900,2,0,-62.0,0.0,0
38.900,2,0,-62.0,0.0,0
38.900,2,0,-62.0,0.0,0
38.900,2,0,-62.0,0.0,0
38.900,2,0,-62.0,0.0,0
38.900,2,0,-62.0,0.0,0
38.900,2,0,-62.0,0.0,0
38.900,2,0,-62.0,0.0,0
38.900,2,0,-62.0,0.0,0
38.900,2,0,-62.0,0.0,0
39.000,2,0,-62.0,0.0,0
39.000,2,0,-62.0,0.0,0
39.000,2,0,-62.0,0.0,0
39.000,2,0,-62.0,0.0,0
39.000,2,0,-62.0,0.0,0
39.000,2,0,-62.0,0.0,0
39.000,2,0,-62.0,0.0,0
39.000,2,0,-62.0,0.0,0
39.000,2,0,-62.0,0.0,0
39.000,2,0,-62.0,0.0,0
39.100,2,0,-62.0,0.0,0
39.100,2,0,-62.0,0.0,0
39.100,2,0,-62.0,0.0,0
39.100,2,0,-62.0,0.0,0
39.100,2,0,-62.0,0.0,0
39.100,2,0,-62.0,0.0,0
39.100,2,0,-62.0,0.0,0
39.100,2,0,-62.0,0.0,0
39.100,2,0,-62.0,0.0,0
39.100,2,0,-62.0,0.0,0
39.100,2,0,-62.0,0.0,0
39.200,2,0,-62.0,0.0,0
39.200,2,0,-62.0,0.0,0
39.200,2,0,-62.0,0.0,0
39.200,2,0,-62.0,0.0,0
39.200,2,0,-62.0,0.0,0
39.200,2,0,-62.0,0.0,0
39.200,2,0,-62.0,0.0,0
39.200,2,0,-62.0,0.0,0
39.200,2,0,-62.0,0.0,0
39.200,2,0,-62.0,0.0,0
39.300,2,0,-62.0,0.0,0
39.300,2,0,-62.0,0.0,0
39.300,2,0,-62.0,0.0,0
39.300,2,0,-62.0,0.0,0
39.300,2,0,-62.0,0.0,0
39.300,2,0,-62.0,0.0,0
39.300,2,0,-62.0,0.0,0
39.300,2,0,-62.0,0.0,0
39.300,2,0,-62.0,0.0,0
39.300,2,0,-62.0,0.0,0
39.300,2,0,-62.0,0.0,0
39.400,2,0,-62.0,0.0,0
39.400,2,0,-62.0,0.0,0
39.400,2,0,-62.0,0.0,0
39.400,2,0,-62.0,0.0,0
39.400,2,0,-62.0,0.0,0
39.400,2,0,-62.0,0.0,0
39.400,2,0,-62.0,0.0,0
39.400,2,0,-62.0,0.0,0
39.400,2,0,-62.0,0.0,0
39.400,2,0,-62.0,0.0,0
39.500,2,0,-62.0,0.0,0
39.500,2,0,-62.0,0.0,0
39.500,2,0,-62.0,0.0,0
39.500,2,0,-62.0,0.0,0
39.500,2,0,-62.0,0.0,0
39.500,2,0,-62.0,0.0,0
39.500,2,0,-62.0,0.0,0
39.500,2,0,-62.0,0.0,0
39.500,2,0,-62.0,0.0,0
39.500,2,0,-62.0,0.0,0
39.500,2,0,-62.0,0.0,0
39.600,2,0,-62.0,0.0,0
39.600,2,0,-62.0,0.0,0
39.600,2,0,-62.0,0.0,0
39.600,2,0,-62.0,0.0,0
39.600,2,0,-62.0,0.0,0
39.600,2,0,-62.0,0.0,0
39.600,2,0,-62.0,0.0,0
39.600,2,0,-62.0,0.0,0
39.600,2,0,-62.0,0.0,0
39.600,2,0,-62.0,0.0,0
39.700,2,0,-62.0,0.0,0
39.700,2,0,-62.0,0.0,0
39.700,2,0,-62.0,0.0,0
39.700,2,0,-62.0,0.0,0
39.700,2,0,-62.0,0.0,0
39.700,2,0,-62.0,0.0,0
39.700,2,0,-62.0,0.0,0
39.700,2,0,-62.0,0.0,0
39.700,2,0,-62.0,0.0,0
39.700,2,0,-62.0,0.0,0
39.800,2,0,-62.0,0.0,0
39.800,2,0,-62.0,0.0,0
39.800,2,0,-62.0,0.0,0
39.800,2,0,-62.0,0.0,0
39.800,2,0,-62.0,0.0,0
39.800,2,0,-62.0,0.0,0
39.800,2,0,-62.0,0.0,0
39.800,2,0,-62.0,0.0,0
39.800,2,0,-62.0,0.0,0
39.800,2,0,-62.0,0.0,0
39.800,2,0,-62.0,0.0,0
39.900,2,0,-62.0,0.0,0
39.900,2,0,-62.0,0.0,0
39.900,2,0,-62.0,0.0,0
39.900,2,0,-62.0,0.0,0
39.900,2,0,-62.0,0.0,0
39.900,2,0,-62.0,0.0,0
39.900,2,0,-62.0,0.0,0
39.900,2,0,-62.0,0.0,0
39.900,2,0,-62.0,0.0,0
39.900,2,0,-62.0,0.0,0
40.000,2,0,-62.0,0.0,0
40.000,2,0,-62.0,0.0,0
40.000,2,0,-62.0,0.0,0
40.000,2,0,-62.0,0.0,0
40.000,2,0,-62.0,0.0,0
40.000,2,0,-62.0,0.0,0
40.000,2,0,-62.0,0.0,0
40.000,2,0,-62.0,0.0,0
40.000,2,0,-62.0,0.0,0
40.000,2,0,-62.0,0.0,0
40.000,2,0,-62.0,0.0,0
40.100,2,0,-62.0,0.0,0
40.100,2,0,-62.0,0.0,0
40.100,2,0,-62.0,0.0,0
40.100,2,0,-62.0,0.0,0
40.100,2,0,-62.0,0.0,0
40.100,2,0,-62.0,0.0,0
40.100,2,0,-62.0,0.0,0
40.100,2,0,-62.0,0.0,0
40.100,2,0,-62.0,0.0,0
40.100,2,0,-62.0,0.0,0
40.200,2,0,-62.0,0.0,0
40.200,2,0,-62.0,0.0,0
40.200,2,0,-62.0,0.0,0
40.200,2,0,-62.0,0.0,0
40.200,2,0,-62.0,0.0,0
40.200,2,0,-62.0,0.0,0
40.200,2,0,-62.0,0.0,0
40.200,2,0,-62.0,0.0,0
40.200,2,0,-62.0,0.0,0
40.200,2,0,-62.0,0.0,0
40.200,2,0,-62.0,0.0,0
40.300,2,0,-62.0,0.0,0
40.300,2,0,-62.0,0.0,0
40.300,2,0,-62.0,0.0,0
40.300,2,0,-62.0,0.0,0
40.300,2,0,-62.0,0.0,0
40.300,2,0,-62.0,0.0,0
40.300,2,0,-62.0,0.0,0
40.300,2,0,-62.0,0.0,0
40.300,2,0,-62.0,0.0,0
40.300,2,0,-62.0,0.0,0
40.400,2,0,-62.0,0.0,0
40.400,2,0,-62.0,0.0,0
40.400,2,0,-62.0,0.0,0
40.400,2,0,-62.0,0.0,0
40.400,2,0,-62.0,0.0,0
40.400,2,0,-62.0,0.0,0
40.400,2,0,-62.0,0.0,0
40.400,2,0,-62.0,0.0,0
40.400,2,0,-62.0,0.0,0
40.400,2,0,-62.0,0.0,0
40.400,2,0,-62.0,0.0,0
40.500,2,0,-62.0,0.0,0
40.500,2,0,-62.0,0.0,0
40.500,2,0,-62.0,0.0,0
40.500,2,0,-62.0,0.0,0
40.500,2,0,-62.0,0.0,0
40.500,2,0,-62.0,0.0,0
40.500,2,0,-62.0,0.0,0
40.500,2,0,-62.0,0.0,0
40.500,2,0,-62.0,0.0,0
40.500,2,0,-62.0,0.0,0
40.600,2,0,-62.0,0.0,0
40.600,2,0,-62.0,0.0,0
40.600,2,0,-62.0,0.0,0
40.600,2,0,-62.0,0.0,0
40.600,2,0,-62.0,0.0,0
40.600,2,0,-62.0,0.0,0
40.600,2,0,-62.0,0.0,0
40.600,2,0,-62.0,0.0,0
40.600,2,0,-62.0,0.0,0
40.600,2,0,-62.0,0.0,0
40.700,2,0,-62.0,0.0,0
40.700,2,0,-62.0,0.0,0
40.700,2,0,-62.0,0.0,0
40.700,2,0,-62.0,0.0,0
40.700,2,0,-62.0,0.0,0
40.700,2,0,-62.0,0.0,0
40.700,2,0,-62.0,0.0,0
40.700,2,0,-62.0,0.0,0
40.700,2,0,-62.0,0.0,0
40.700,2,0,-62.0,0.0,0
40.700,2,0,-62.0,0.0,0
40.800,2,0,-62.0,0.0,0
40.800,2,0,-62.0,0.0,0
40.800,2,0,-62.0,0.0,0
40.800,2,0,-62.0,0.0,0
40.800,2,0,-62.0,0.0,0
40.800,2,0,-62.0,0.0,0
40.800,2,0,-62.0,0.0,0
40.800,2,0,-62.0,0.0,0
40.800,2,0,-62.0,0.0,0
40.800,2,0,-62.0,0.0,0
40.900,2,0,-62.0,0.0,0
40.900,2,0,-62.0,0.0,0
40.900,2,0,-62.0,0.0,0
40.900,2,0,-62.0,0.0,0
40.900,2,0,-62.0,0.0,0
40.900,2,0,-62.0,0.0,0
40.900,2,0,-62.0,0.0,0
40.900,2,0,-62.0,0.0,0
40.900,2,0,-62.0,0.0,0
40.900,2,0,-62.0,0.0,0
40.900,2,0,-62.0,0.0,0
41.000,2,0,-62.0,0.0,0
41.000,2,0,-62.0,0.0,0
41.000,2,0,-62.0,0.0,0
41.000,2,0,-62.0,0.0,0
41.000,2,0,-62.0,0.0,0
41.000,2,0,-62.0,0.0,0
41.000,2,0,-62.0,0.0,0
41.000,2,0,-62.0,0.0,0
41.000,2,0,-62.0,0.0,0
41.000,2,0,-62.0,0.0,0
41.100,2,0,-62.0,0.0,0
41.100,2,0,-62.0,0.0,0
41.100,2,0,-62.0,0.0,0
41.100,2,0,-62.0,0.0,0
41.100,2,0,-62.0,0.0,0
41.100,2,0,-62.0,0.0,0
41.100,2,0,-62.0,0.0,0
41.100,2,0,-62.0,0.0,0
41.100,2,0,-62.0,0.0,0
41.100,2,0,-62.0,0.0,0
41.100,2,0,-62.0,0.0,0
41.200,2,0,-62.0,0.0,0
41.200,2,0,-62.0,0.0,0
41.200,2,0,-62.0,0.0,0
41.200,2,0,-62.0,0.0,0
41.200,2,0,-62.0,0.0,0
41.200,2,0,-62.0,0.0,0
41.200,2,0,-62.0,0.0,0
41.200,2,0,-62.0,0.0,0
41.200,2,0,-62.0,0.0,0
41.200,2,0,-62.0,0.0,0
41.300,2,0,-62.0,0.0,0
41.300,2,0,-62.0,0.0,0
41.300,2,0,-62.0,0.0,0
41.300,2,0,-62.0,0.0,0
41.300,2,0,-62.0,0.0,0
41.300,2,0,-62.0,0.0,0
41.300,2,0,-62.0,0.0,0
41.300,2,0,-62.0,0.0,0
41.300,2,0,-62.0,0.0,0
41.300,2,0,-62.0,0.0,0
41.400,2,0,-62.0,0.0,0
41.400,2,0,-62.0,0.0,0
41.400,2,0,-62.0,0.0,0
41.400,2,0,-62.0,0.0,0
41.400,2,0,-62.0,0.0,0
41.400,2,0,-62.0,0.0,0
41.400,2,0,-62.0,0.0,0
41.400,2,0,-62.0,0.0,0
41.400,2,0,-62.0,0.0,0
41.400,2,0,-62.0,0.0,0
41.400,2,0,-62.0,0.0,0
41.500,0,0,0.0,0.0,1
41.500,0,0,0.0,0.0,1
41.500,0,0,0.0,0.0,1
41.500,0,0,0.0,0.0,1
41.500,0,0,0.0,0.0,1
41.500,0,0,0.0,0.0,1
41.500,0,0,0.0,0.0,1
41.500,0,0,0.0,0.0,1
41.500,0,0,0.0,0.0,1
41.500,0,0,0.0,0.0,1
41.600,0,0,0.0,0.0,1
41.600,0,0,0.0,0.0,1
41.600,0,0,0.0,0.0,1
41.600,0,0,0.0,0.0,1
41.600,0,0,0.0,0.0,1
41.600,0,0,0.0,0.0,1
41.600,0,0,0.0,0.0,1
41.600,0,0,0.0,0.0,1
41.600,0,0,0.0,0.0,1
41.600,0,0,0.0,0.0,1
41.600,0,0,0.0,0.0,1
41.700,0,0,0.0,0.0,1
41.700,0,0,0.0,0.0,1
41.700,0,0,0.0,0.0,1
41.700,0,0,0.0,0.0,1
41.700,0,0,0.0,0.0,1
41.700,0,0,0.0,0.0,1
41.700,0,0,0.0,0.0,1
41.700,0,0,0.0,0.0,1
41.700,0,0,0.0,0.0,1
41.700,0,0,0.0,0.0,1
41.800,0,0,0.0,0.0,1
41.800,0,0,0.0,0.0,1
41.800,0,0,0.0,0.0,1
41.800,0,0,0.0,0.0,1
41.800,0,0,0.0,0.0,1
41.800,0,0,0.0,0.0,1
41.800,0,0,0.0,0.0,1
41.800,0,0,0.0,0.0,1
41.800,0,0,0.0,0.0,1
41.800,0,0,0.0,0.0,1
41.800,0,0,0.0,0.0,1
41.900,0,0,0.0,0.0,1
41.900,0,0,0.0,0.0,1
41.900,0,0,0.0,0.0,1
41.900,0,0,0.0,0.0,1
41.900,0,0,0.0,0.0,1
41.900,0,0,0.0,0.0,1
41.900,0,0,0.0,0.0,1
41.900,0,0,0.0,0.0,1
41.900,0,0,0.0,0.0,1
41.900,0,0,0.0,0.0,1
42.000,0,0,0.0,0.0,1
42.000,0,0,0.0,0.0,1
42.000,0,0,0.0,0.0,1
42.000,0,0,0.0,0.0,1
42.000,0,0,0.0,0.0,1
42.000,0,0,0.0,0.0,1
42.000,0,0,0.0,0.0,1
42.000,0,0,0.0,0.0,1
42.000,0,0,0.0,0.0,1
42.000,0,0,0.0,0.0,1
42.100,0,0,0.0,0.0,1
42.100,0,0,0.0,0.0,1
42.100,0,0,0.0,0.0,1
42.100,0,0,0.0,0.0,1
42.100,0,0,0.0,0.0,1
42.100,0,0,0.0,0.0,1
42.100,0,0,0.0,0.0,1
42.100,0,0,0.0,0.0,1
42.100,0,0,0.0,0.0,1
42.100,0,0,0.0,0.0,1
42.100,0,0,0.0,0.0,1
42.200,0,0,0.0,0.0,1
42.200,0,0,0.0,0.0,1
42.200,0,0,0.0,0.0,1
42.200,0,0,0.0,0.0,1
42.200,0,0,0.0,0.0,1
42.200,0,0,0.0,0.0,1
42.200,0,0,0.0,0.0,1
42.200,0,0,0.0,0.0,1
42.200,0,0,0.0,0.0,1
42.200,0,0,0.0,0.0,1
42.300,0,0,0.0,0.0,1
42.300,0,0,0.0,0.0,1
42.300,0,0,0.0,0.0,1
42.300,0,0,0.0,0.0,1
42.300,0,0,0.0,0.0,1
42.300,0,0,0.0,0.0,1
42.300,0,0,0.0,0.0,1
42.300,0,0,0.0,0.0,1
42.300,0,0,0.0,0.0,1
42.300,0,0,0.0,0.0,1
42.300,0,0,0.0,0.0,1
42.400,0,0,0.0,0.0,1
42.400,0,0,0.0,0.0,1
42.400,0,0,0.0,0.0,1
42.400,0,0,0.0,0.0,1
42.400,0,0,0.0,0.0,1
42.400,0,0,0.0,0.0,1
42.400,0,0,0.0,0.0,1
42.400,0,0,0.0,0.0,1
42.400,0,0,0.0,0.0,1
42.400,0,0,0.0,0.0,1
42.500,0,0,0.0,0.0,1
42.500,0,0,0.0,0.0,1
42.500,0,0,0.0,0.0,1
42.500,0,0,0.0,0.0,1
42.500,0,0,0.0,0.0,1
42.500,0,0,0.0,0.0,1
42.500,0,0,0.0,0.0,1
42.500,0,0,0.0,0.0,1
42.500,0,0,0.0,0.0,1
42.500,0,0,0.0,0.0,1
42.500,0,0,0.0,0.0,1
42.600,0,0,0.0,0.0,1
42.600,0,0,0.0,0.0,1
42.600,0,0,0.0,0.0,1
42.600,0,0,0.0,0.0,1
42.600,0,0,0.0,0.0,1
42.600,0,0,0.0,0.0,1
42.600,0,0,0.0,0.0,1
42.600,0,0,0.0,0.0,1
42.600,0,0,0.0,0.0,1
42.600,0,0,0.0,0.0,1
42.700,0,0,0.0,0.0,1
42.700,0,0,0.0,0.0,1
42.700,0,0,0.0,0.0,1
42.700,0,0,0.0,0.0,1
42.700,0,0,0.0,0.0,1
42.700,0,0,0.0,0.0,1
42.700,0,0,0.0,0.0,1
42.700,0,0,0.0,0.0,1
42.700,0,0,0.0,0.0,1
42.700,0,0,0.0,0.0,1
42.700,0,0,0.0,0.0,1
42.800,0,0,0.0,0.0,1
42.800,0,0,0.0,0.0,1
42.800,0,0,0.0,0.0,1
42.800,0,0,0.0,0.0,1
42.800,0,0,0.0,0.0,1
42.800,0,0,0.0,0.0,1
42.800,0,0,0.0,0.0,1
42.800,0,0,0.0,0.0,1
42.800,0,0,0.0,0.0,1
42.800,0,0,0.0,0.0,1
42.900,0,0,0.0,0.0,1
42.900,0,0,0.0,0.0,1
42.900,0,0,0.0,0.0,1
42.900,0,0,0.0,0.0,1
42.900,0,0,0.0,0.0,1
42.900,0,0,0.0,0.0,1
42.900,0,0,0.0,0.0,1
42.900,0,0,0.0,0.0,1
42.900,0,0,0.0,0.0,1
42.900,0,0,0.0,0.0,1
43.000,0,0,0.0,0.0,1
43.000,0,0,0.0,0.0,1
43.000,0,0,0.0,0.0,1
43.000,0,0,0.0,0.0,1
43.000,0,0,0.0,0.0,1
43.000,0,0,0.0,0.0,1
43.000,0,0,0.0,0.0,1
43.000,0,0,0.0,0.0,1
43.000,0,0,0.0,0.0,1
43.000,0,0,0.0,0.0,1
43.000,0,0,0.0,0.0,1
43.100,0,0,0.0,0.0,1
43.100,0,0,0.0,0.0,1
43.100,0,0,0.0,0.0,1
43.100,0,0,0.0,0.0,1
43.100,0,0,0.0,0.0,1
43.100,0,0,0.0,0.0,1
43.100,0,0,0.0,0.0,1
43.100,0,0,0.0,0.0,1
43.100,0,0,0.0,0.0,1
43.100,0,0,0.0,0.0,1
43.200,0,0,0.0,0.0,1
43.200,0,0,0.0,0.0,1
43.200,0,0,0.0,0.0,1
43.200,0,0,0.0,0.0,1
43.200,0,0,0.0,0.0,1
43.200,0,0,0.0,0.0,1
43.200,0,0,0.0,0.0,1
43.200,0,0,0.0,0.0,1
43.200,0,0,0.0,0.0,1
43.200,0,0,0.0,0.0,1
43.200,0,0,0.0,0.0,1
43.300,0,0,0.0,0.0,1
43.300,0,0,0.0,0.0,1
43.300,0,0,0.0,0.0,1
43.300,0,0,0.0,0.0,1
43.300,0,0,0.0,0.0,1
43.300,0,0,0.0,0.0,1
43.300,0,0,0.0,0.0,1
43.300,0,0,0.0,0.0,1
43.300,0,0,0.0,0.0,1
43.300,0,0,0.0,0.0,1
43.400,0,0,0.0,0.0,1
43.400,0,0,0.0,0.0,1
43.400,0,0,0.0,0.0,1
43.400,0,0,0.0,0.0,1
43.400,0,0,0.0,0.0,1
43.400,0,0,0.0,0.0,1
43.400,0,0,0.0,0.0,1
43.400,0,0,0.0,0.0,1
43.400,0,0,0.0,0.0,1
43.400,0,0,0.0,0.0,1
43.400,0,0,0.0,0.0,1
43.500,0,0,0.0,0.0,1
43.500,0,0,0.0,0.0,1
43.500,0,0,0.0,0.0,1
43.500,0,0,0.0,0.0,1
43.500,0,0,0.0,0.0,1
43.500,0,0,0.0,0.0,1
43.500,0,0,0.0,0.0,1
43.500,0,0,0.0,0.0,1
43.500,0,0,0.0,0.0,1
43.500,0,0,0.0,0.0,1
43.600,0,0,0.0,0.0,1
43.600,0,0,0.0,0.0,1
43.600,0,0,0.0,0.0,1
43.600,0,0,0.0,0.0,1
43.600,0,0,0.0,0.0,1
43.600,0,0,0.0,0.0,1
43.600,0,0,0.0,0.0,1
43.600,0,0,0.0,0.0,1
43.600,0,0,0.0,0.0,1
43.600,0,0,0.0,0.0,1
43.700,0,0,0.0,0.0,1
43.700,0,0,0.0,0.0,1
43.700,0,0,0.0,0.0,1
43.700,0,0,0.0,0.0,1
43.700,0,0,0.0,0.0,1
43.700,0,0,0.0,0.0,1
43.700,0,0,0.0,0.0,1
43.700,0,0,0.0,0.0,1
43.700,0,0,0.0,0.0,1
43.700,0,0,0.0,0.0,1
43.700,0,0,0.0,0.0,1
43.800,0,0,0.0,0.0,1
43.800,0,0,0.0,0.0,1
43.800,0,0,0.0,0.0,1
43.800,0,0,0.0,0.0,1
43.800,0,0,0.0,0.0,1
43.800,0,0,0.0,0.0,1
43.800,0,0,0.0,0.0,1
43.800,0,0,0.0,0.0,1
43.800,0,0,0.0,0.0,1
43.800,0,0,0.0,0.0,1
43.900,0,0,0.0,0.0,1
43.900,0,0,0.0,0.0,1
43.900,0,0,0.0,0.0,1
43.900,0,0,0.0,0.0,1
43.900,0,0,0.0,0.0,1
43.900,0,0,0.0,0.0,1
43.900,0,0,0.0,0.0,1
43.900,0,0,0.0,0.0,1
43.900,0,0,0.0,0.0,1
43.900,0,0,0.0,0.0,1
43.900,0,0,0.0,0.0,1
44.000,0,0,0.0,0.0,1
44.000,0,0,0.0,0.0,1
44.000,0,0,0.0,0.0,1
44.000,0,0,0.0,0.0,1
44.000,0,0,0.0,0.0,1
44.000,0,0,0.0,0.0,1
44.000,0,0,0.0,0.0,1
44.000,0,0,0.0,0.0,1
44.000,0,0,0.0,0.0,1
44.000,0,0,0.0,0.0,1
44.100,0,0,0.0,0.0,1
44.100,0,0,0.0,0.0,1
44.100,0,0,0.0,0.0,1
44.100,0,0,0.0,0.0,1
44.100,0,0,0.0,0.0,1
44.100,0,0,0.0,0.0,1
44.100,0,0,0.0,0.0,1
44.100,0,0,0.0,0.0,1
44.100,0,0,0.0,0.0,1
44.100,0,0,0.0,0.0,1
44.100,0,0,0.0,0.0,1
44.200,0,0,0.0,0.0,1
44.200,0,0,0.0,0.0,1
44.200,0,0,0.0,0.0,1
44.200,0,0,0.0,0.0,1
44.200,0,0,0.0,0.0,1
44.200,0,0,0.0,0.0,1
44.200,0,0,0.0,0.0,1
44.200,0,0,0.0,0.0,1
44.200,0,0,0.0,0.0,1
44.200,0,0,0.0,0.0,1
44.300,1,0,51.0,0.0,0
44.300,1,0,51.0,0.0,0
44.300,1,0,51.0,0.0,0
44.300,1,0,51.0,0.0,0
44.300,1,0,51.0,0.0,0
44.300,1,0,51.0,0.0,0
44.300,1,0,51.0,0.0,0
44.300,1,0,51.0,0.0,0
44.300,1,0,51.0,0.0,0
44.300,1,0,51.0,0.0,0
44.400,1,0,51.0,0.0,0
44.400,1,0,51.0,0.0,0
44.400,1,0,51.0,0.0,0
44.400,1,0,51.0,0.0,0
44.400,1,0,51.0,0.0,0
44.400,1,0,51.0,0.0,0
44.400,1,0,51.0,0.0,0
44.400,1,0,51.0,0.0,0
44.400,1,0,51.0,0.0,0
44.400,1,0,51.0,0.0,0
44.400,1,0,51.0,0.0,0
44.500,1,0,51.0,0.0,0
44.500,1,0,51.0,0.0,0
44.500,1,0,51.0,0.0,0
44.500,1,0,51.0,0.0,0
44.500,1,0,51.0,0.0,0
44.500,1,0,51.0,0.0,0
44.500,1,0,51.0,0.0,0
44.500,1,0,51.0,0.0,0
44.500,1,0,51.0,0.0,0
44.500,1,0,51.0,0.0,0
44.600,1,0,51.0,0.0,0
44.600,1,0,51.0,0.0,0
44.600,1,0,51.0,0.0,0
44.600,1,0,51.0,0.0,0
44.600,1,0,51.0,0.0,0
44.600,1,0,51.0,0.0,0
44.600,1,0,51.0,0.0,0
44.600,1,0,51.0,0.0,0
44.600,1,0,51.0,0.0,0
44.600,1,0,51.0,0.0,0
44.600,1,0,51.0,0.0,0
44.700,1,0,51.0,0.0,0
44.700,1,0,51.0,0.0,0
44.700,1,0,51.0,0.0,0
44.700,1,0,51.0,0.0,0
44.700,1,0,51.0,0.0,0
44.700,1,0,51.0,0.0,0
44.700,1,0,51.0,0.0,0
44.700,1,0,51.0,0.0,0
44.700,1,0,51.0,0.0,0
44.700,1,0,51.0,0.0,0
44.800,1,0,51.0,0.0,0
44.800,1,0,51.0,0.0,0
44.800,1,0,51.0,0.0,0
44.800,1,0,51.0,0.0,0
44.800,1,0,51.0,0.0,0
44.800,1,0,51.0,0.0,0
44.800,1,0,51.0,0.0,0
44.800,1,0,51.0,0.0,0
44.800,1,0,51.0,0.0,0
44.800,1,0,51.0,0.0,0
44.800,1,0,51.0,0.0,0
44.900,1,0,51.0,0.0,0
44.900,1,0,51.0,0.0,0
44.900,1,0,51.0,0.0,0
44.900,1,0,51.0,0.0,0
44.900,1,0,51.0,0.0,0
44.900,1,0,51.0,0.0,0
44.900,1,0,51.0,0.0,0
44.900,1,0,51.0,0.0,0
44.900,1,0,51.0,0.0,0
44.900,1,0,51.0,0.0,0
45.000,1,0,51.0,0.0,0
45.000,1,0,51.0,0.0,0
45.000,1,0,51.0,0.0,0
45.000,1,0,51.0,0.0,0
45.000,1,0,51.0,0.0,0
45.000,1,0,51.0,0.0,0
45.000,1,0,51.0,0.0,0
45.000,1,0,51.0,0.0,0
45.000,1,0,51.0,0.0,0
45.000,1,0,51.0,0.0,0
45.000,1,0,51.0,0.0,0
45.100,1,0,51.0,0.0,0
45.100,1,0,51.0,0.0,0
45.100,1,0,51.0,0.0,0
45.100,1,0,51.0,0.0,0
45.100,1,0,51.0,0.0,0
45.100,1,0,51.0,0.0,0
45.100,1,0,51.0,0.0,0
45.100,1,0,51.0,0.0,0
45.100,1,0,51.0,0.0,0
45.100,1,0,51.0,0.0,0
45.200,1,0,51.0,0.0,0
45.200,1,0,51.0,0.0,0
45.200,1,0,51.0,0.0,0
45.200,1,0,51.0,0.0,0
45.200,1,0,51.0,0.0,0
45.200,1,0,51.0,0.0,0
45.200,1,0,51.0,0.0,0
45.200,1,0,51.0,0.0,0
45.200,1,0,51.0,0.0,0
45.200,1,0,51.0,0.0,0
45.300,1,0,51.0,0.0,0
45.300,1,0,51.0,0.0,0
45.300,1,0,51.0,0.0,0
45.300,1,0,51.0,0.0,0
45.300,1,0,51.0,0.0,0
45.300,1,0,51.0,0.0,0
45.300,1,0,51.0,0.0,0
45.300,1,0,51.0,0.0,0
45.300,1,0,51.0,0.0,0
45.300,1,0,51.0,0.0,0
45.300,1,0,51.0,0.0,0
45.400,1,0,51.0,0.0,0
45.400,1,0,51.0,0.0,0
45.400,1,0,51.0,0.0,0
45.400,1,0,51.0,0.0,0
45.400,1,0,51.0,0.0,0
45.400,1,0,51.0,0.0,0
45.400,1,0,51.0,0.0,0
45.400,1,0,51.0,0.0,0
45.400,1,0,51.0,0.0,0
45.400,1,0,51.0,0.0,0
45.500,1,0,51.0,0.0,0
45.500,1,0,51.0,0.0,0
45.500,1,0,51.0,0.0,0
45.500,1,0,51.0,0.0,0
45.500,1,0,51.0,0.0,0
45.500,1,0,51.0,0.0,0
45.500,1,0,51.0,0.0,0
45.500,1,0,51.0,0.0,0
45.500,1,0,51.0,0.0,0
45.500,1,0,51.0,0.0,0
45.500,1,0,51.0,0.0,0
45.600,1,0,51.0,0.0,0
45.600,1,0,51.0,0.0,0
45.600,1,0,51.0,0.0,0
45.600,1,0,51.0,0.0,0
45.600,1,0,51.0,0.0,0
45.600,1,0,51.0,0.0,0
45.600,1,0,51.0,0.0,0
45.600,1,0,51.0,0.0,0
45.600,1,0,51.0,0.0,0
45.600,1,0,51.0,0.0,0
45.700,1,0,51.0,0.0,0
45.700,1,0,51.0,0.0,0
45.700,1,0,51.0,0.0,0
45.700,1,0,51.0,0.0,0
45.700,1,0,51.0,0.0,0
45.700,1,0,51.0,0.0,0
45.700,1,0,51.0,0.0,0
45.700,1,0,51.0,0.0,0
45.700,1,0,51.0,0.0,0
45.700,1,0,51.0,0.0,0
45.700,1,0,51.0,0.0,0
45.800,1,0,51.0,0.0,0
45.800,1,0,51.0,0.0,0
45.800,1,0,51.0,0.0,0
45.800,1,0,51.0,0.0,0
45.800,1,0,51.0,0.0,0
45.800,1,0,51.0,0.0,0
45.800,1,0,51.0,0.0,0
45.800,1,0,51.0,0.0,0
45.800,1,0,51.0,0.0,0
45.800,1,0,51.0,0.0,0
45.900,1,0,51.0,0.0,0
45.900,1,0,51.0,0.0,0
45.900,1,0,51.0,0.0,0
45.900,1,0,51.0,0.0,0
45.900,1,0,51.0,0.0,0
45.900,1,0,51.0,0.0,0
45.900,1,0,51.0,0.0,0
45.900,1,0,51.0,0.0,0
45.900,1,0,51.0,0.0,0
45.900,1,0,51.0,0.0,0
46.000,1,0,51.0,0.0,0
46.000,1,0,51.0,0.0,0
46.000,1,0,51.0,0.0,0
46.000,1,0,51.0,0.0,0
46.000,1,0,51.0,0.0,0
46.000,1,0,51.0,0.0,0
46.000,1,0,51.0,0.0,0
46.000,1,0,51.0,0.0,0
46.000,1,0,51.0,0.0,0
46.000,1,0,51.0,0.0,0
46.000,1,0,51.0,0.0,0
46.100,1,0,51.0,0.0,0
46.100,1,0,51.0,0.0,0
46.100,1,0,51.0,0.0,0
46.100,1,0,51.0,0.0,0
46.100,1,0,51.0,0.0,0
46.100,1,0,51.0,0.0,0
46.100,1,0,51.0,0.0,0
46.100,1,0,51.0,0.0,0
46.100,1,0,51.0,0.0,0
46.100,1,0,51.0,0.0,0
46.200,1,0,51.0,0.0,0
46.200,1,0,51.0,0.0,0
46.200,1,0,51.0,0.0,0
46.200,1,0,51.0,0.0,0
46.200,1,0,51.0,0.0,0
46.200,1,0,51.0,0.0,0
46.200,1,0,51.0,0.0,0
46.200,1,0,51.0,0.0,0
46.200,1,0,51.0,0.0,0
46.200,1,0,51.0,0.0,0
46.200,1,0,51.0,0.0,0
46.300,1,0,51.0,0.0,0
46.300,1,0,51.0,0.0,0
46.300,1,0,51.0,0.0,0
46.300,1,0,51.0,0.0,0
46.300,1,0,51.0,0.0,0
46.300,1,0,51.0,0.0,0
46.300,1,0,51.0,0.0,0
46.300,1,0,51.0,0.0,0
46.300,1,0,51.0,0.0,0
46.300,1,0,51.0,0.0,0
46.400,1,0,51.0,0.0,0
46.400,1,0,51.0,0.0,0
46.400,1,0,51.0,0.0,0
46.400,1,0,51.0,0.0,0
46.400,1,0,51.0,0.0,0
46.400,1,0,51.0,0.0,0
46.400,1,0,51.0,0.0,0
46.400,1,0,51.0,0.0,0
46.400,1,0,51.0,0.0,0
46.400,1,0,51.0,0.0,0
46.400,1,0,51.0,0.0,0
46.500,1,0,51.0,0.0,0
46.500,1,0,51.0,0.0,0
46.500,1,0,51.0,0.0,0
46.500,1,0,51.0,0.0,0
46.500,1,0,51.0,0.0,0
46.500,1,0,51.0,0.0,0
46.500,1,0,51.0,0.0,0
46.500,1,0,51.0,0.0,0
46.500,1,0,51.0,0.0,0
46.500,1,0,51.0,0.0,0
46.600,1,0,51.0,0.0,0
46.600,1,0,51.0,0.0,0
46.600,1,0,51.0,0.0,0
46.600,1,0,51.0,0.0,0
46.600,1,0,51.0,0.0,0
46.600,1,0,51.0,0.0,0
46.600,1,0,51.0,0.0,0
46.600,1,0,51.0,0.0,0
46.600,1,0,51.0,0.0,0
46.600,1,0,51.0,0.0,0
46.700,1,0,51.0,0.0,0
46.700,1,0,51.0,0.0,0
46.700,1,0,51.0,0.0,0
46.700,1,0,51.0,0.0,0
46.700,1,0,51.0,0.0,0
46.700,1,0,51.0,0.0,0
46.700,1,0,51.0,0.0,0
46.700,1,0,51.0,0.0,0
46.700,1,0,51.0,0.0,0
46.700,1,0,51.0,0.0,0
46.700,1,0,51.0,0.0,0
46.800,1,0,51.0,0.0,0
46.800,1,0,51.0,0.0,0
46.800,1,0,51.0,0.0,0
46.800,1,0,51.0,0.0,0
46.800,1,0,51.0,0.0,0
46.800,1,0,51.0,0.0,0
46.800,1,0,51.0,0.0,0
46.800,1,0,51.0,0.0,0
46.800,1,0,51.0,0.0,0
46.800,1,0,51.0,0.0,0
46.900,1,0,51.0,0.0,0
46.900,1,0,51.0,0.0,0
46.900,1,0,51.0,0.0,0
46.900,1,0,51.0,0.0,0
46.900,1,0,51.0,0.0,0
46.900,1,0,51.0,0.0,0
46.900,1,0,51.0,0.0,0
46.900,1,0,51.0,0.0,0
46.900,1,0,51.0,0.0,0
46.900,1,0,51.0,0.0,0
46.900,1,0,51.0,0.0,0
47.000,1,0,51.0,0.0,0
47.000,1,0,51.0,0.0,0
47.000,1,0,51.0,0.0,0
47.000,1,0,51.0,0.0,0
47.000,1,0,51.0,0.0,0
47.000,1,0,51.0,0.0,0
47.000,1,0,51.0,0.0,0
47.000,1,0,51.0,0.0,0
47.000,1,0,51.0,0.0,0
47.000,1,0,51.0,0.0,0
47.100,1,0,51.0,0.0,0
47.100,1,0,51.0,0.0,0
47.100,1,0,51.0,0.0,0
47.100,1,0,51.0,0.0,0
47.100,1,0,51.0,0.0,0
47.100,1,0,51.0,0.0,0
47.100,1,0,51.0,0.0,0
47.100,1,0,51.0,0.0,0
47.100,1,0,51.0,0.0,0
47.100,1,0,51.0,0.0,0
47.100,1,0,51.0,0.0,0
47.200,1,0,51.0,0.0,0
47.200,1,0,51.0,0.0,0
47.200,1,0,51.0,0.0,0
47.200,1,0,51.0,0.0,0
47.200,1,0,51.0,0.0,0
47.200,1,0,51.0,0.0,0
47.200,1,0,51.0,0.0,0
47.200,1,0,51.0,0.0,0
47.200,1,0,51.0,0.0,0
47.200,1,0,51.0,0.0,0
47.300,1,0,51.0,0.0,0
47.300,1,0,51.0,0.0,0
47.300,1,0,51.0,0.0,0
47.300,1,0,51.0,0.0,0
47.300,1,0,51.0,0.0,0
47.300,1,0,51.0,0.0,0
47.300,1,0,51.0,0.0,0
47.300,1,0,51.0,0.0,0
47.300,1,0,51.0,0.0,0
47.300,1,0,51.0,0.0,0
47.300,1,0,51.0,0.0,0
47.400,1,0,51.0,0.0,0
47.400,1,0,51.0,0.0,0
47.400,1,0,51.0,0.0,0
47.400,1,0,51.0,0.0,0
47.400,1,0,51.0,0.0,0
47.400,1,0,51.0,0.0,0
47.400,1,0,51.0,0.0,0
47.400,1,0,51.0,0.0,0
47.400,1,0,51.0,0.0,0
47.400,1,0,51.0,0.0,0
47.500,1,0,51.0,0.0,0
47.500,1,0,51.0,0.0,0
47.500,1,0,51.0,0.0,0
47.500,1,0,51.0,0.0,0
47.500,1,0,51.0,0.0,0
47.500,1,0,51.0,0.0,0
47.500,1,0,51.0,0.0,0
47.500,1,0,51.0,0.0,0
47.500,1,0,51.0,0.0,0
47.500,1,0,51.0,0.0,0
47.600,1,0,51.0,0.0,0
47.600,1,0,51.0,0.0,0
47.600,1,0,51.0,0.0,0
47.600,1,0,51.0,0.0,0
47.600,1,0,51.0,0.0,0
47.600,1,0,51.0,0.0,0
47.600,1,0,51.0,0.0,0
47.600,1,0,51.0,0.0,0
47.600,1,0,51.0,0.0,0
47.600,1,0,51.0,0.0,0
47.600,1,0,51.0,0.0,0
47.700,1,0,51.0,0.0,0
47.700,1,0,51.0,0.0,0
47.700,1,0,51.0,0.0,0
47.700,1,0,51.0,0.0,0
47.700,1,0,51.0,0.0,0
47.700,1,0,51.0,0.0,0
47.700,1,0,51.0,0.0,0
47.700,1,0,51.0,0.0,0
47.700,1,0,51.0,0.0,0
47.700,1,0,51.0,0.0,0
47.800,1,0,51.0,0.0,0
47.800,1,0,51.0,0.0,0
47.800,1,0,51.0,0.0,0
47.800,1,0,51.0,0.0,0
47.800,1,0,51.0,0.0,0
47.800,1,0,51.0,0.0,0
47.800,1,0,51.0,0.0,0
47.800,1,0,51.0,0.0,0
47.800,1,0,51.0,0.0,0
47.800,1,0,51.0,0.0,0
47.800,1,0,51.0,0.0,0
47.900,1,0,51.0,0.0,0
47.900,1,0,51.0,0.0,0
47.900,1,0,51.0,0.0,0
47.900,1,0,51.0,0.0,0
47.900,1,0,51.0,0.0,0
47.900,1,0,51.0,0.0,0
47.900,1,0,51.0,0.0,0
47.900,1,0,51.0,0.0,0
47.900,1,0,51.0,0.0,0
47.900,1,0,51.0,0.0,0
48.000,1,0,51.0,0.0,0
48.000,1,0,51.0,0.0,0
48.000,1,0,51.0,0.0,0
48.000,1,0,51.0,0.0,0
48.000,1,0,51.0,0.0,0
48.000,1,0,51.0,0.0,0
48.000,1,0,51.0,0.0,0
48.000,1,0,51.0,0.0,0
48.000,1,0,51.0,0.0,0
48.000,1,0,51.0,0.0,0
48.000,1,0,51.0,0.0,0
48.100,1,0,51.0,0.0,0
48.100,1,0,51.0,0.0,0
48.100,1,0,51.0,0.0,0
48.100,1,0,51.0,0.0,0
48.100,1,0,51.0,0.0,0
48.100,1,0,51.0,0.0,0
48.100,1,0,51.0,0.0,0
48.100,1,0,51.0,0.0,0
48.100,1,0,51.0,0.0,0
48.100,1,0,51.0,0.0,0
48.200,1,0,51.0,0.0,0
48.200,1,0,51.0,0.0,0
48.200,1,0,51.0,0.0,0
48.200,1,0,51.0,0.0,0
48.200,1,0,51.0,0.0,0
48.200,1,0,51.0,0.0,0
48.200,1,0,51.0,0.0,0
48.200,1,0,51.0,0.0,0
48.200,1,0,51.0,0.0,0
48.200,1,0,51.0,0.0,0
48.300,1,0,51.0,0.0,0
48.300,1,0,51.0,0.0,0
48.300,1,0,51.0,0.0,0
48.300,1,0,51.0,0.0,0
48.300,1,0,51.0,0.0,0
48.300,1,0,51.0,0.0,0
48.300,1,0,51.0,0.0,0
48.300,1,0,51.0,0.0,0
48.300,1,0,51.0,0.0,0
48.300,1,0,51.0,0.0,0
48.300,1,0,51.0,0.0,0
48.400,1,0,51.0,0.0,0
48.400,1,0,51.0,0.0,0
48.400,1,0,51.0,0.0,0
48.400,1,0,51.0,0.0,0
48.400,1,0,51.0,0.0,0
48.400,1,0,51.0,0.0,0
48.400,1,0,51.0,0.0,0
48.400,1,0,51.0,0.0,0
48.400,1,0,51.0,0.0,0
48.400,1,0,51.0,0.0,0
48.500,1,0,51.0,0.0,0
48.500,1,0,51.0,0.0,0
48.500,1,0,51.0,0.0,0
48.500,1,0,51.0,0.0,0
48.500,1,0,51.0,0.0,0
48.500,1,0,51.0,0.0,0
48.500,1,0,51.0,0.0,0
48.500,1,0,51.0,0.0,0
48.500,1,0,51.0,0.0,0
48.500,1,0,51.0,0.0,0
48.500,1,0,51.0,0.0,0
48.600,1,0,51.0,0.0,0
48.600,1,0,51.0,0.0,0
48.600,1,0,51.0,0.0,0
48.600,1,0,51.0,0.0,0
48.600,1,0,51.0,0.0,0
48.600,1,0,51.0,0.0,0
48.600,1,0,51.0,0.0,0
48.600,1,0,51.0,0.0,0
48.600,1,0,51.0,0.0,0
48.600,1,0,51.0,0.0,0
48.700,1,0,51.0,0.0,0
48.700,1,0,51.0,0.0,0
48.700,1,0,51.0,0.0,0
48.700,1,0,51.0,0.0,0
48.700,1,0,51.0,0.0,0
48.700,1,0,51.0,0.0,0
48.700,1,0,51.0,0.0,0
48.700,1,0,51.0,0.0,0
48.700,1,0,51.0,0.0,0
48.700,1,0,51.0,0.0,0
48.700,1,0,51.0,0.0,0
48.800,1,0,51.0,0.0,0
48.800,1,0,51.0,0.0,0
48.800,1,0,51.0,0.0,0
48.800,1,0,51.0,0.0,0
48.800,1,0,51.0,0.0,0
48.800,1,0,51.0,0.0,0
48.800,1,0,51.0,0.0,0
48.800,1,0,51.0,0.0,0
48.800,1,0,51.0,0.0,0
48.800,1,0,51.0,0.0,0
48.900,1,0,51.0,0.0,0
48.900,1,0,51.0,0.0,0
48.900,1,0,51.0,0.0,0
48.900,1,0,51.0,0.0,0
48.900,1,0,51.0,0.0,0
48.900,1,0,51.0,0.0,0
48.900,1,0,51.0,0.0,0
48.900,1,0,51.0,0.0,0
48.900,1,0,51.0,0.0,0
48.900,1,0,51.0,0.0,0
49.000,1,0,51.0,0.0,0
49.000,1,0,51.0,0.0,0
49.000,1,0,51.0,0.0,0
49.000,1,0,51.0,0.0,0
49.000,1,0,51.0,0.0,0
49.000,1,0,51.0,0.0,0
49.000,1,0,51.0,0.0,0
49.000,1,0,51.0,0.0,0
49.000,1,0,51.0,0.0,0
49.000,1,0,51.0,0.0,0
49.000,1,0,51.0,0.0,0
49.100,1,0,51.0,0.0,0
49.100,1,0,51.0,0.0,0
49.100,1,0,51.0,0.0,0
49.100,1,0,51.0,0.0,0
49.100,1,0,51.0,0.0,0
49.100,1,0,51.0,0.0,0
49.100,1,0,51.0,0.0,0
49.100,1,0,51.0,0.0,0
49.100,1,0,51.0,0.0,0
49.100,1,0,51.0,0.0,0
49.200,1,0,51.0,0.0,0
49.200,1,0,51.0,0.0,0
49.200,1,0,51.0,0.0,0
49.200,1,0,51.0,0.0,0
49.200,1,0,51.0,0.0,0
49.200,1,0,51.0,0.0,0
49.200,1,0,51.0,0.0,0
49.200,1,0,51.0,0.0,0
49.200,1,0,51.0,0.0,0
49.200,1,0,51.0,0.0,0
49.200,1,0,51.0,0.0,0
49.300,1,0,51.0,0.0,0
49.300,1,0,51.0,0.0,0
49.300,1,0,51.0,0.0,0
49.300,1,0,51.0,0.0,0
49.300,1,0,51.0,0.0,0
49.300,1,0,51.0,0.0,0
49.300,1,0,51.0,0.0,0
49.300,1,0,51.0,0.0,0
49.300,1,0,51.0,0.0,0
49.300,1,0,51.0,0.0,0
49.400,1,0,51.0,0.0,0
49.400,1,0,51.0,0.0,0
49.400,1,0,51.0,0.0,0
49.400,1,0,51.0,0.0,0
49.400,1,0,51.0,0.0,0
49.400,1,0,51.0,0.0,0
49.400,1,0,51.0,0.0,0
49.400,1,0,51.0,0.0,0
49.400,1,0,51.0,0.0,0
49.400,1,0,51.0,0.0,0
49.400,1,0,51.0,0.0,0
49.500,1,0,51.0,0.0,0
49.500,1,0,51.0,0.0,0
49.500,1,0,51.0,0.0,0
49.500,1,0,51.0,0.0,0
49.500,1,0,51.0,0.0,0
49.500,1,0,51.0,0.0,0
49.500,1,0,51.0,0.0,0
49.500,1,0,51.0,0.0,0
49.500,1,0,51.0,0.0,0
49.500,1,0,51.0,0.0,0
49.600,1,0,51.0,0.0,0
49.600,1,0,51.0,0.0,0
49.600,1,0,51.0,0.0,0
49.600,1,0,51.0,0.0,0
49.600,1,0,51.0,0.0,0
49.600,1,0,51.0,0.0,0
49.600,1,0,51.0,0.0,0
49.600,1,0,51.0,0.0,0
49.600,1,0,51.0,0.0,0
49.600,1,0,51.0,0.0,0
49.600,1,0,51.0,0.0,0
49.700,1,0,51.0,0.0,0
49.700,1,0,51.0,0.0,0
49.700,1,0,51.0,0.0,0
49.700,1,0,51.0,0.0,0
49.700,1,0,51.0,0.0,0
49.700,1,0,51.0,0.0,0
49.700,1,0,51.0,0.0,0
49.700,1,0,51.0,0.0,0
49.700,1,0,51.0,0.0,0
49.700,1,0,51.0,0.0,0
49.800,1,0,51.0,0.0,0
49.800,1,0,51.0,0.0,0
49.800,1,0,51.0,0.0,0
49.800,1,0,51.0,0.0,0
49.800,1,0,51.0,0.0,0
49.800,1,0,51.0,0.0,0
49.800,1,0,51.0,0.0,0
49.800,1,0,51.0,0.0,0
49.800,1,0,51.0,0.0,0
49.800,1,0,51.0,0.0,0
49.900,1,0,51.0,0.0,0
49.900,1,0,51.0,0.0,0
49.900,1,0,51.0,0.0,0
49.900,1,0,51.0,0.0,0
49.900,1,0,51.0,0.0,0
49.900,1,0,51.0,0.0,0
49.900,1,0,51.0,0.0,0
49.900,1,0,51.0,0.0,0
49.900,1,0,51.0,0.0,0
49.900,1,0,51.0,0.0,0
49.900,1,0,51.0,0.0,0
50.000,1,0,51.0,0.0,0
50.000,1,0,51.0,0.0,0
50.000,1,0,51.0,0.0,0
50.000,1,0,51.0,0.0,0
50.000,1,0,51.0,0.0,0
50.000,1,0,51.0,0.0,0
50.000,1,0,51.0,0.0,0
50.000,1,0,51.0,0.0,0
50.000,1,0,51.0,0.0,0
50.000,1,0,51.0,0.0,0
50.100,1,0,51.0,0.0,0
50.100,1,0,51.0,0.0,0
50.100,1,0,51.0,0.0,0
50.100,1,0,51.0,0.0,0
50.100,1,0,51.0,0.0,0
50.100,1,0,51.0,0.0,0
50.100,1,0,51.0,0.0,0
50.100,1,0,51.0,0.0,0
50.100,1,0,51.0,0.0,0
50.100,1,0,51.0,0.0,0
50.100,1,0,51.0,0.0,0
50.200,1,0,51.0,0.0,0
50.200,1,0,51.0,0.0,0
50.200,1,0,51.0,0.0,0
50.200,1,0,51.0,0.0,0
50.200,1,0,51.0,0.0,0
50.200,1,0,51.0,0.0,0
50.200,1,0,51.0,0.0,0
50.200,1,0,51.0,0.0,0
50.200,1,0,51.0,0.0,0
50.200,1,0,51.0,0.0,0
50.300,1,0,51.0,0.0,0
50.300,1,0,51.0,0.0,0
50.300,1,0,51.0,0.0,0
50.300,1,0,51.0,0.0,0
50.300,1,0,51.0,0.0,0
50.300,1,0,51.0,0.0,0
50.300,1,0,51.0,0.0,0
50.300,1,0,51.0,0.0,0
50.300,1,0,51.0,0.0,0
50.300,1,0,51.0,0.0,0
50.300,1,0,51.0,0.0,0
50.400,1,0,51.0,0.0,0
50.400,1,0,51.0,0.0,0
50.400,1,0,51.0,0.0,0
50.400,1,0,51.0,0.0,0
50.400,1,0,51.0,0.0,0
50.400,1,0,51.0,0.0,0
50.400,1,0,51.0,0.0,0
50.400,1,0,51.0,0.0,0
50.400,1,0,51.0,0.0,0
50.400,1,0,51.0,0.0,0
50.500,1,0,51.0,0.0,0
50.500,1,0,51.0,0.0,0
50.500,1,0,51.0,0.0,0
50.500,1,0,51.0,0.0,0
50.500,1,0,51.0,0.0,0
50.500,1,0,51.0,0.0,0
50.500,1,0,51.0,0.0,0
50.500,1,0,51.0,0.0,0
50.500,1,0,51.0,0.0,0
50.500,1,0,51.0,0.0,0
50.600,1,0,51.0,0.0,0
50.600,1,0,51.0,0.0,0
50.600,1,0,51.0,0.0,0
50.600,1,0,51.0,0.0,0
50.600,1,0,51.0,0.0,0
50.600,1,0,51.0,0.0,0
50.600,1,0,51.0,0.0,0
50.600,1,0,51.0,0.0,0
50.600,1,0,51.0,0.0,0
50.600,1,0,51.0,0.0,0
50.600,1,0,51.0,0.0,0
50.700,1,0,51.0,0.0,0
50.700,1,0,51.0,0.0,0
50.700,1,0,51.0,0.0,0
50.700,1,0,51.0,0.0,0
50.700,1,0,51.0,0.0,0
50.700,1,0,51.0,0.0,0
50.700,1,0,51.0,0.0,0
50.700,1,0,51.0,0.0,0
50.700,1,0,51.0,0.0,0
50.700,1,0,51.0,0.0,0
50.800,1,0,51.0,0.0,0
50.800,1,0,51.0,0.0,0
50.800,1,0,51.0,0.0,0
50.800,1,0,51.0,0.0,0
50.800,1,0,51.0,0.0,0
50.800,1,0,51.0,0.0,0
50.800,1,0,51.0,0.0,0
50.800,1,0,51.0,0.0,0
50.800,1,0,51.0,0.0,0
50.800,1,0,51.0,0.0,0
50.800,1,0,51.0,0.0,0
50.900,1,0,51.0,0.0,0
50.900,1,0,51.0,0.0,0
50.900,1,0,51.0,0.0,0
50.900,1,0,51.0,0.0,0
50.900,1,0,51.0,0.0,0
50.900,1,0,51.0,0.0,0
50.900,1,0,51.0,0.0,0
50.900,1,0,51.0,0.0,0
50.900,1,0,51.0,0.0,0
50.900,1,0,51.0,0.0,0
51.000,1,0,51.0,0.0,0
51.000,1,0,51.0,0.0,0
51.000,1,0,51.0,0.0,0
51.000,1,0,51.0,0.0,0
51.000,1,0,51.0,0.0,0
51.000,1,0,51.0,0.0,0
51.000,1,0,51.0,0.0,0
51.000,1,0,51.0,0.0,0
51.000,1,0,51.0,0.0,0
51.000,1,0,51.0,0.0,0
51.000,1,0,51.0,0.0,0
51.100,1,0,51.0,0.0,0
51.100,1,0,51.0,0.0,0
51.100,1,0,51.0,0.0,0
51.100,1,0,51.0,0.0,0
51.100,1,0,51.0,0.0,0
51.100,1,0,51.0,0.0,0
51.100,1,0,51.0,0.0,0
51.100,1,0,51.0,0.0,0
51.100,1,0,51.0,0.0,0
51.100,1,0,51.0,0.0,0
51.200,1,0,51.0,0.0,0
51.200,1,0,51.0,0.0,0
51.200,1,0,51.0,0.0,0
51.200,1,0,51.0,0.0,0
51.200,1,0,51.0,0.0,0
51.200,1,0,51.0,0.0,0
51.200,1,0,51.0,0.0,0
51.200,1,0,51.0,0.0,0
51.200,1,0,51.0,0.0,0
51.200,1,0,51.0,0.0,0
51.300,1,0,51.0,0.0,0
51.300,1,0,51.0,0.0,0
51.300,1,0,51.0,0.0,0
51.300,1,0,51.0,0.0,0
51.300,1,0,51.0,0.0,0
51.300,1,0,51.0,0.0,0
51.300,1,0,51.0,0.0,0
51.300,1,0,51.0,0.0,0
51.300,1,0,51.0,0.0,0
51.300,1,0,51.0,0.0,0
51.300,1,0,51.0,0.0,0
51.400,2,0,-56.0,0.0,0
51.400,2,0,-56.0,0.0,0
51.400,2,0,-56.0,0.0,0
51.400,2,0,-56.0,0.0,0
51.400,2,0,-56.0,0.0,0
51.400,2,0,-56.0,0.0,0
51.400,2,0,-56.0,0.0,0
51.400,2,0,-56.0,0.0,0
51.400,2,0,-56.0,0.0,0
51.400,2,0,-56.0,0.0,0
51.500,2,0,-56.0,0.0,0
51.500,2,0,-56.0,0.0,0
51.500,2,0,-56.0,0.0,0
51.500,2,0,-56.0,0.0,0
51.500,2,0,-56.0,0.0,0
51.500,2,0,-56.0,0.0,0
51.500,2,0,-56.0,0.0,0
51.500,2,0,-56.0,0.0,0
51.500,2,0,-56.0,0.0,0
51.500,2,0,-56.0,0.0,0
51.500,2,0,-56.0,0.0,0
51.600,2,0,-56.0,0.0,0
51.600,2,0,-56.0,0.0,0
51.600,2,0,-56.0,0.0,0
51.600,2,0,-56.0,0.0,0
51.600,2,0,-56.0,0.0,0
51.600,2,0,-56.0,0.0,0
51.600,2,0,-56.0,0.0,0
51.600,2,0,-56.0,0.0,0
51.600,2,0,-56.0,0.0,0
51.600,2,0,-56.0,0.0,0
51.700,2,0,-56.0,0.0,0
51.700,2,0,-56.0,0.0,0
51.700,2,0,-56.0,0.0,0
51.700,2,0,-56.0,0.0,0
51.700,2,0,-56.0,0.0,0
51.700,2,0,-56.0,0.0,0
51.700,2,0,-56.0,0.0,0
51.700,2,0,-56.0,0.0,0
51.700,2,0,-56.0,0.0,0
51.700,2,0,-56.0,0.0,0
51.700,2,0,-56.0,0.0,0
51.800,2,0,-56.0,0.0,0
51.800,2,0,-56.0,0.0,0
51.800,2,0,-56.0,0.0,0
51.800,2,0,-56.0,0.0,0
51.800,2,0,-56.0,0.0,0
51.800,2,0,-56.0,0.0,0
51.800,2,0,-56.0,0.0,0
51.800,2,0,-56.0,0.0,0
51.800,2,0,-56.0,0.0,0
51.800,2,0,-56.0,0.0,0
51.900,2,0,-56.0,0.0,0
51.900,2,0,-56.0,0.0,0
51.900,2,0,-56.0,0.0,0
51.900,2,0,-56.0,0.0,0
51.900,2,0,-56.0,0.0,0
51.900,2,0,-56.0,0.0,0
51.900,2,0,-56.0,0.0,0
51.900,2,0,-56.0,0.0,0
51.900,2,0,-56.0,0.0,0
51.900,2,0,-56.0,0.0,0
51.900,2,0,-56.0,0.0,0
52.000,2,0,-56.0,0.0,0
52.000,2,0,-56.0,0.0,0
52.000,2,0,-56.0,0.0,0
52.000,2,0,-56.0,0.0,0
52.000,2,0,-56.0,0.0,0
52.000,2,0,-56.0,0.0,0
52.000,2,0,-56.0,0.0,0
52.000,2,0,-56.0,0.0,0
52.000,2,0,-56.0,0.0,0
52.000,2,0,-56.0,0.0,0
52.100,2,0,-56.0,0.0,0
52.100,2,0,-56.0,0.0,0
52.100,2,0,-56.0,0.0,0
52.100,2,0,-56.0,0.0,0
52.100,2,0,-56.0,0.0,0
52.100,2,0,-56.0,0.0,0
52.100,2,0,-56.0,0.0,0
52.100,2,0,-56.0,0.0,0
52.100,2,0,-56.0,0.0,0
52.100,2,0,-56.0,0.0,0
52.200,2,0,-56.0,0.0,0
52.200,2,0,-56.0,0.0,0
52.200,2,0,-56.0,0.0,0
52.200,2,0,-56.0,0.0,0
52.200,2,0,-56.0,0.0,0
52.200,2,0,-56.0,0.0,0
52.200,2,0,-56.0,0.0,0
52.200,2,0,-56.0,0.0,0
52.200,2,0,-56.0,0.0,0
52.200,2,0,-56.0,0.0,0
52.200,2,0,-56.0,0.0,0
52.300,2,0,-56.0,0.0,0
52.300,2,0,-56.0,0.0,0
52.300,2,0,-56.0,0.0,0
52.300,2,0,-56.0,0.0,0
52.300,2,0,-56.0,0.0,0
52.300,2,0,-56.0,0.0,0
52.300,2,0,-56.0,0.0,0
52.300,2,0,-56.0,0.0,0
52.300,2,0,-56.0,0.0,0
52.300,2,0,-56.0,0.0,0
52.400,2,0,-56.0,0.0,0
52.400,2,0,-56.0,0.0,0
52.400,2,0,-56.0,0.0,0
52.400,2,0,-56.0,0.0,0
52.400,2,0,-56.0,0.0,0
52.400,2,0,-56.0,0.0,0
52.400,2,0,-56.0,0.0,0
52.400,2,0,-56.0,0.0,0
52.400,2,0,-56.0,0.0,0
52.400,2,0,-56.0,0.0,0
52.400,2,0,-56.0,0.0,0
52.500,2,0,-56.0,0.0,0
52.500,2,0,-56.0,0.0,0
52.500,2,0,-56.0,0.0,0
52.500,2,0,-56.0,0.0,0
52.500,2,0,-56.0,0.0,0
52.500,2,0,-56.0,0.0,0
52.500,2,0,-56.0,0.0,0
52.500,2,0,-56.0,0.0,0
52.500,2,0,-56.0,0.0,0
52.500,2,0,-56.0,0.0,0
52.600,2,0,-56.0,0.0,0
52.600,2,0,-56.0,0.0,0
52.600,2,0,-56.0,0.0,0
52.600,2,0,-56.0,0.0,0
52.600,2,0,-56.0,0.0,0
52.600,2,0,-56.0,0.0,0
52.600,2,0,-56.0,0.0,0
52.600,2,0,-56.0,0.0,0
52.600,2,0,-56.0,0.0,0
52.600,2,0,-56.0,0.0,0
52.600,2,0,-56.0,0.0,0
52.700,2,0,-56.0,0.0,0
52.700,2,0,-56.0,0.0,0
52.700,2,0,-56.0,0.0,0
52.700,2,0,-56.0,0.0,0
52.700,2,0,-56.0,0.0,0
52.700,2,0,-56.0,0.0,0
52.700,2,0,-56.0,0.0,0
52.700,2,0,-56.0,0.0,0
52.700,2,0,-56.0,0.0,0
52.700,2,0,-56.0,0.0,0
52.800,2,0,-56.0,0.0,0
52.800,2,0,-56.0,0.0,0
52.800,2,0,-56.0,0.0,0
52.800,2,0,-56.0,0.0,0
52.800,2,0,-56.0,0.0,0
52.800,2,0,-56.0,0.0,0
52.800,2,0,-56.0,0.0,0
52.800,2,0,-56.0,0.0,0
52.800,2,0,-56.0,0.0,0
52.800,2,0,-56.0,0.0,0
52.900,2,0,-56.0,0.0,0
52.900,2,0,-56.0,0.0,0
52.900,2,0,-56.0,0.0,0
52.900,2,0,-56.0,0.0,0
52.900,2,0,-56.0,0.0,0
52.900,2,0,-56.0,0.0,0
52.900,2,0,-56.0,0.0,0
52.900,2,0,-56.0,0.0,0
52.900,2,0,-56.0,0.0,0
52.900,2,0,-56.0,0.0,0
52.900,2,0,-56.0,0.0,0
53.000,2,0,-56.0,0.0,0
53.000,2,0,-56.0,0.0,0
53.000,2,0,-56.0,0.0,0
53.000,2,0,-56.0,0.0,0
53.000,2,0,-56.0,0.0,0
53.000,2,0,-56.0,0.0,0
53.000,2,0,-56.0,0.0,0
53.000,2,0,-56.0,0.0,0
53.000,2,0,-56.0,0.0,0
53.000,2,0,-56.0,0.0,0
53.100,2,0,-56.0,0.0,0
53.100,2,0,-56.0,0.0,0
53.100,2,0,-56.0,0.0,0
53.100,2,0,-56.0,0.0,0
53.100,2,0,-56.0,0.0,0
53.100,2,0,-56.0,0.0,0
53.100,2,0,-56.0,0.0,0
53.100,2,0,-56.0,0.0,0
53.100,2,0,-56.0,0.0,0
53.100,2,0,-56.0,0.0,0
53.100,2,0,-56.0,0.0,0
53.200,2,0,-56.0,0.0,0
53.200,2,0,-56.0,0.0,0
53.200,2,0,-56.0,0.0,0
53.200,2,0,-56.0,0.0,0
53.200,2,0,-56.0,0.0,0
53.200,2,0,-56.0,0.0,0
53.200,2,0,-56.0,0.0,0
53.200,2,0,-56.0,0.0,0
53.200,2,0,-56.0,0.0,0
53.200,2,0,-56.0,0.0,0
53.300,2,0,-56.0,0.0,0
53.300,2,0,-56.0,0.0,0
53.300,2,0,-56.0,0.0,0
53.300,2,0,-56.0,0.0,0
53.300,2,0,-56.0,0.0,0
53.300,2,0,-56.0,0.0,0
53.300,2,0,-56.0,0.0,0
53.300,2,0,-56.0,0.0,0
53.300,2,0,-56.0,0.0,0
53.300,2,0,-56.0,0.0,0
53.300,2,0,-56.0,0.0,0
53.400,2,0,-56.0,0.0,0
53.400,2,0,-56.0,0.0,0
53.400,2,0,-56.0,0.0,0
53.400,2,0,-56.0,0.0,0
53.400,2,0,-56.0,0.0,0
53.400,2,0,-56.0,0.0,0
53.400,2,0,-56.0,0.0,0
53.400,2,0,-56.0,0.0,0
53.400,2,0,-56.0,0.0,0
53.400,2,0,-56.0,0.0,0
53.500,2,0,-56.0,0.0,0
53.500,2,0,-56.0,0.0,0
53.500,2,0,-56.0,0.0,0
53.500,2,0,-56.0,0.0,0
53.500,2,0,-56.0,0.0,0
53.500,2,0,-56.0,0.0,0
53.500,2,0,-56.0,0.0,0
53.500,2,0,-56.0,0.0,0
53.500,2,0,-56.0,0.0,0
53.500,2,0,-56.0,0.0,0
53.600,2,0,-56.0,0.0,0
53.600,2,0,-56.0,0.0,0
53.600,2,0,-56.0,0.0,0
53.600,2,0,-56.0,0.0,0
53.600,2,0,-56.0,0.0,0
53.600,2,0,-56.0,0.0,0
53.600,2,0,-56.0,0.0,0
53.600,2,0,-56.0,0.0,0
53.600,2,0,-56.0,0.0,0
53.600,2,0,-56.0,0.0,0
53.600,2,0,-56.0,0.0,0
53.700,2,0,-56.0,0.0,0
53.700,2,0,-56.0,0.0,0
53.700,2,0,-56.0,0.0,0
53.700,2,0,-56.0,0.0,0
53.700,2,0,-56.0,0.0,0
53.700,2,0,-56.0,0.0,0
53.700,2,0,-56.0,0.0,0
53.700,2,0,-56.0,0.0,0
53.700,2,0,-56.0,0.0,0
53.700,2,0,-56.0,0.0,0
53.800,2,0,-56.0,0.0,0
53.800,2,0,-56.0,0.0,0
53.800,2,0,-56.0,0.0,0
53.800,2,0,-56.0,0.0,0
53.800,2,0,-56.0,0.0,0
53.800,2,0,-56.0,0.0,0
53.800,2,0,-56.0,0.0,0
53.800,2,0,-56.0,0.0,0
53.800,2,0,-56.0,0.0,0
53.800,2,0,-56.0,0.0,0
53.800,2,0,-56.0,0.0,0
53.900,2,0,-56.0,0.0,0
53.900,2,0,-56.0,0.0,0
53.900,2,0,-56.0,0.0,0
53.900,2,0,-56.0,0.0,0
53.900,2,0,-56.0,0.0,0
53.900,2,0,-56.0,0.0,0
53.900,2,0,-56.0,0.0,0
53.900,2,0,-56.0,0.0,0
53.900,2,0,-56.0,0.0,0
53.900,2,0,-56.0,0.0,0
54.000,2,0,-56.0,0.0,0
54.000,2,0,-56.0,0.0,0
54.000,2,0,-56.0,0.0,0
54.000,2,0,-56.0,0.0,0
54.000,2,0,-56.0,0.0,0
54.000,2,0,-56.0,0.0,0
54.000,2,0,-56.0,0.0,0
54.000,2,0,-56.0,0.0,0
54.000,2,0,-56.0,0.0,0
54.000,2,0,-56.0,0.0,0
54.000,2,0,-56.0,0.0,0
54.100,2,0,-56.0,0.0,0
54.100,2,0,-56.0,0.0,0
54.100,2,0,-56.0,0.0,0
54.100,2,0,-56.0,0.0,0
54.100,2,0,-56.0,0.0,0
54.100,2,0,-56.0,0.0,0
54.100,2,0,-56.0,0.0,0
54.100,2,0,-56.0,0.0,0
54.100,2,0,-56.0,0.0,0
54.100,2,0,-56.0,0.0,0
54.200,2,0,-56.0,0.0,0
54.200,2,0,-56.0,0.0,0
54.200,2,0,-56.0,0.0,0
54.200,2,0,-56.0,0.0,0
54.200,2,0,-56.0,0.0,0
54.200,2,0,-56.0,0.0,0
54.200,2,0,-56.0,0.0,0
54.200,2,0,-56.0,0.0,0
54.200,2,0,-56.0,0.0,0
54.200,2,0,-56.0,0.0,0
54.200,2,0,-56.0,0.0,0
54.300,2,0,-56.0,0.0,0
54.300,2,0,-56.0,0.0,0
54.300,2,0,-56.0,0.0,0
54.300,2,0,-56.0,0.0,0
54.300,2,0,-56.0,0.0,0
54.300,2,0,-56.0,0.0,0
54.300,2,0,-56.0,0.0,0
54.300,2,0,-56.0,0.0,0
54.300,2,0,-56.0,0.0,0
54.300,2,0,-56.0,0.0,0
54.400,2,0,-56.0,0.0,0
54.400,2,0,-56.0,0.0,0
54.400,2,0,-56.0,0.0,0
54.400,2,0,-56.0,0.0,0
54.400,2,0,-56.0,0.0,0
54.400,2,0,-56.0,0.0,0
54.400,2,0,-56.0,0.0,0
54.400,2,0,-56.0,0.0,0
54.400,2,0,-56.0,0.0,0
54.400,2,0,-56.0,0.0,0
54.500,2,0,-56.0,0.0,0
54.500,2,0,-56.0,0.0,0
54.500,2,0,-56.0,0.0,0
54.500,2,0,-56.0,0.0,0
54.500,2,0,-56.0,0.0,0
54.500,2,0,-56.0,0.0,0
54.500,2,0,-56.0,0.0,0
54.500,2,0,-56.0,0.0,0
54.500,2,0,-56.0,0.0,0
54.500,2,0,-56.0,0.0,0
54.500,2,0,-56.0,0.0,0
54.600,2,0,-56.0,0.0,0
54.600,2,0,-56.0,0.0,0
54.600,2,0,-56.0,0.0,0
54.600,2,0,-56.0,0.0,0
54.600,2,0,-56.0,0.0,0
54.600,2,0,-56.0,0.0,0
54.600,2,0,-56.0,0.0,0
54.600,2,0,-56.0,0.0,0
54.600,2,0,-56.0,0.0,0
54.600,2,0,-56.0,0.0,0
54.700,2,0,-56.0,0.0,0
54.700,2,0,-56.0,0.0,0
54.700,2,0,-56.0,0.0,0
54.700,2,0,-56.0,0.0,0
54.700,2,0,-56.0,0.0,0
54.700,2,0,-56.0,0.0,0
54.700,2,0,-56.0,0.0,0
54.700,2,0,-56.0,0.0,0
54.700,2,0,-56.0,0.0,0
54.700,2,0,-56.0,0.0,0
54.700,2,0,-56.0,0.0,0
54.800,2,0,-56.0,0.0,0
54.800,2,0,-56.0,0.0,0
54.800,2,0,-56.0,0.0,0
54.800,2,0,-56.0,0.0,0
54.800,2,0,-56.0,0.0,0
54.800,2,0,-56.0,0.0,0
54.800,2,0,-56.0,0.0,0
54.800,2,0,-56.0,0.0,0
54.800,2,0,-56.0,0.0,0
54.800,2,0,-56.0,0.0,0
54.900,2,0,-56.0,0.0,0
54.900,2,0,-56.0,0.0,0
54.900,2,0,-56.0,0.0,0
54.900,2,0,-56.0,0.0,0
54.900,2,0,-56.0,0.0,0
54.900,2,0,-56.0,0.0,0
54.900,2,0,-56.0,0.0,0
54.900,2,0,-56.0,0.0,0
54.900,2,0,-56.0,0.0,0
54.900,2,0,-56.0,0.0,0
54.900,2,0,-56.0,0.0,0
55.000,2,0,-56.0,0.0,0
55.000,2,0,-56.0,0.0,0
55.000,2,0,-56.0,0.0,0
55.000,2,0,-56.0,0.0,0
55.000,2,0,-56.0,0.0,0
55.000,2,0,-56.0,0.0,0
55.000,2,0,-56.0,0.0,0
55.000,2,0,-56.0,0.0,0
55.000,2,0,-56.0,0.0,0
55.000,2,0,-56.0,0.0,0
55.100,2,0,-56.0,0.0,0
55.100,2,0,-56.0,0.0,0
55.100,2,0,-56.0,0.0,0
55.100,2,0,-56.0,0.0,0
55.100,2,0,-56.0,0.0,0
55.100,2,0,-56.0,0.0,0
55.100,2,0,-56.0,0.0,0
55.100,2,0,-56.0,0.0,0
55.100,2,0,-56.0,0.0,0
55.100,2,0,-56.0,0.0,0
55.200,2,0,-56.0,0.0,0
55.200,2,0,-56.0,0.0,0
55.200,2,0,-56.0,0.0,0
55.200,2,0,-56.0,0.0,0
55.200,2,0,-56.0,0.0,0
55.200,2,0,-56.0,0.0,0
55.200,2,0,-56.0,0.0,0
55.200,2,0,-56.0,0.0,0
55.200,2,0,-56.0,0.0,0
55.200,2,0,-56.0,0.0,0
55.200,2,0,-56.0,0.0,0
55.300,2,0,-56.0,0.0,0
55.300,2,0,-56.0,0.0,0
55.300,2,0,-56.0,0.0,0
55.300,2,0,-56.0,0.0,0
55.300,2,0,-56.0,0.0,0
55.300,2,0,-56.0,0.0,0
55.300,2,0,-56.0,0.0,0
55.300,2,0,-56.0,0.0,0
55.300,2,0,-56.0,0.0,0
55.300,2,0,-56.0,0.0,0
55.400,2,0,-56.0,0.0,0
55.400,2,0,-56.0,0.0,0
55.400,2,0,-56.0,0.0,0
55.400,2,0,-56.0,0.0,0
55.400,2,0,-56.0,0.0,0
55.400,2,0,-56.0,0.0,0
55.400,2,0,-56.0,0.0,0
55.400,2,0,-56.0,0.0,0
55.400,2,0,-56.0,0.0,0
55.400,2,0,-56.0,0.0,0
55.400,2,0,-56.0,0.0,0
55.500,2,0,-56.0,0.0,0
55.500,2,0,-56.0,0.0,0
55.500,2,0,-56.0,0.0,0
55.500,2,0,-56.0,0.0,0
55.500,2,0,-56.0,0.0,0
55.500,2,0,-56.0,0.0,0
55.500,2,0,-56.0,0.0,0
55.500,2,0,-56.0,0.0,0
55.500,2,0,-56.0,0.0,0
55.500,2,0,-56.0,0.0,0
55.600,2,0,-56.0,0.0,0
55.600,2,0,-56.0,0.0,0
55.600,2,0,-56.0,0.0,0
55.600,2,0,-56.0,0.0,0
55.600,2,0,-56.0,0.0,0
55.600,2,0,-56.0,0.0,0
55.600,2,0,-56.0,0.0,0
55.600,2,0,-56.0,0.0,0
55.600,2,0,-56.0,0.0,0
55.600,2,0,-56.0,0.0,0
55.600,2,0,-56.0,0.0,0
55.700,2,0,-56.0,0.0,0
55.700,2,0,-56.0,0.0,0
55.700,2,0,-56.0,0.0,0
55.700,2,0,-56.0,0.0,0
55.700,2,0,-56.0,0.0,0
55.700,2,0,-56.0,0.0,0
55.700,2,0,-56.0,0.0,0
55.700,2,0,-56.0,0.0,0
55.700,2,0,-56.0,0.0,0
55.700,2,0,-56.0,0.0,0
55.800,2,0,-56.0,0.0,0
55.800,2,0,-56.0,0.0,0
55.800,2,0,-56.0,0.0,0
55.800,2,0,-56.0,0.0,0
55.800,2,0,-56.0,0.0,0
55.800,2,0,-56.0,0.0,0
55.800,2,0,-56.0,0.0,0
55.800,2,0,-56.0,0.0,0
55.800,2,0,-56.0,0.0,0
55.800,2,0,-56.0,0.0,0
55.900,2,0,-56.0,0.0,0
55.900,2,0,-56.0,0.0,0
55.900,2,0,-56.0,0.0,0
55.900,2,0,-56.0,0.0,0
55.900,2,0,-56.0,0.0,0
55.900,2,0,-56.0,0.0,0
55.900,2,0,-56.0,0.0,0
55.900,2,0,-56.0,0.0,0
55.900,2,0,-56.0,0.0,0
55.900,2,0,-56.0,0.0,0
55.900,2,0,-56.0,0.0,0
56.000,2,0,-56.0,0.0,0
56.000,2,0,-56.0,0.0,0
56.000,2,0,-56.0,0.0,0
56.000,2,0,-56.0,0.0,0
56.000,2,0,-56.0,0.0,0
56.000,2,0,-56.0,0.0,0
56.000,2,0,-56.0,0.0,0
56.000,2,0,-56.0,0.0,0
56.000,2,0,-56.0,0.0,0
56.000,2,0,-56.0,0.0,0
56.100,2,0,-56.0,0.0,0
56.100,2,0,-56.0,0.0,0
56.100,2,0,-56.0,0.0,0
56.100,2,0,-56.0,0.0,0
56.100,2,0,-56.0,0.0,0
56.100,2,0,-56.0,0.0,0
56.100,2,0,-56.0,0.0,0
56.100,2,0,-56.0,0.0,0
56.100,2,0,-56.0,0.0,0
56.100,2,0,-56.0,0.0,0
56.100,2,0,-56.0,0.0,0
56.200,2,0,-56.0,0.0,0
56.200,2,0,-56.0,0.0,0
56.200,2,0,-56.0,0.0,0
56.200,2,0,-56.0,0.0,0
56.200,2,0,-56.0,0.0,0
56.200,2,0,-56.0,0.0,0
56.200,2,0,-56.0,0.0,0
56.200,2,0,-56.0,0.0,0
56.200,2,0,-56.0,0.0,0
56.200,2,0,-56.0,0.0,0
56.300,2,0,-56.0,0.0,0
56.300,2,0,-56.0,0.0,0
56.300,2,0,-56.0,0.0,0
56.300,2,0,-56.0,0.0,0
56.300,2,0,-56.0,0.0,0
56.300,2,0,-56.0,0.0,0
56.300,2,0,-56.0,0.0,0
56.300,2,0,-56.0,0.0,0
56.300,2,0,-56.0,0.0,0
56.300,2,0,-56.0,0.0,0
56.300,2,0,-56.0,0.0,0
56.400,2,0,-56.0,0.0,0
56.400,2,0,-56.0,0.0,0
56.400,2,0,-56.0,0.0,0
56.400,2,0,-56.0,0.0,0
56.400,2,0,-56.0,0.0,0
56.400,2,0,-56.0,0.0,0
56.400,2,0,-56.0,0.0,0
56.400,2,0,-56.0,0.0,0
56.400,2,0,-56.0,0.0,0
56.400,2,0,-56.0,0.0,0
56.500,2,0,-56.0,0.0,0
56.500,2,0,-56.0,0.0,0
56.500,2,0,-56.0,0.0,0
56.500,2,0,-56.0,0.0,0
56.500,2,0,-56.0,0.0,0
56.500,2,0,-56.0,0.0,0
56.500,2,0,-56.0,0.0,0
56.500,2,0,-56.0,0.0,0
56.500,2,0,-56.0,0.0,0
56.500,2,0,-56.0,0.0,0
56.500,2,0,-56.0,0.0,0
56.600,2,0,-56.0,0.0,0
56.600,2,0,-56.0,0.0,0
56.600,2,0,-56.0,0.0,0
56.600,2,0,-56.0,0.0,0
56.600,2,0,-56.0,0.0,0
56.600,2,0,-56.0,0.0,0
56.600,2,0,-56.0,0.0,0
56.600,2,0,-56.0,0.0,0
56.600,2,0,-56.0,0.0,0
56.600,2,0,-56.0,0.0,0
56.700,2,0,-56.0,0.0,0
56.700,2,0,-56.0,0.0,0
56.700,2,0,-56.0,0.0,0
56.700,2,0,-56.0,0.0,0
56.700,2,0,-56.0,0.0,0
56.700,2,0,-56.0,0.0,0
56.700,2,0,-56.0,0.0,0
56.700,2,0,-56.0,0.0,0
56.700,2,0,-56.0,0.0,0
56.700,2,0,-56.0,0.0,0
56.800,2,0,-56.0,0.0,0
56.800,2,0,-56.0,0.0,0
56.800,2,0,-56.0,0.0,0
56.800,2,0,-56.0,0.0,0
56.800,2,0,-56.0,0.0,0
56.800,2,0,-56.0,0.0,0
56.800,2,0,-56.0,0.0,0
56.800,2,0,-56.0,0.0,0
56.800,2,0,-56.0,0.0,0
56.800,2,0,-56.0,0.0,0
56.800,2,0,-56.0,0.0,0
56.900,2,0,-56.0,0.0,0
56.900,2,0,-56.0,0.0,0
56.900,2,0,-56.0,0.0,0
56.900,2,0,-56.0,0.0,0
56.900,2,0,-56.0,0.0,0
56.900,2,0,-56.0,0.0,0
56.900,2,0,-56.0,0.0,0
56.900,2,0,-56.0,0.0,0
56.900,2,0,-56.0,0.0,0
56.900,2,0,-56.0,0.0,0
57.000,2,0,-56.0,0.0,0
57.000,2,0,-56.0,0.0,0
57.000,2,0,-56.0,0.0,0
57.000,2,0,-56.0,0.0,0
57.000,2,0,-56.0,0.0,0
57.000,2,0,-56.0,0.0,0
57.000,2,0,-56.0,0.0,0
57.000,2,0,-56.0,0.0,0
57.000,2,0,-56.0,0.0,0
57.000,2,0,-56.0,0.0,0
57.000,2,0,-56.0,0.0,0
57.100,2,0,-56.0,0.0,0
57.100,2,0,-56.0,0.0,0
57.100,2,0,-56.0,0.0,0
57.100,2,0,-56.0,0.0,0
57.100,2,0,-56.0,0.0,0
57.100,2,0,-56.0,0.0,0
57.100,2,0,-56.0,0.0,0
57.100,2,0,-56.0,0.0,0
57.100,2,0,-56.0,0.0,0
57.100,2,0,-56.0,0.0,0
57.200,2,0,-56.0,0.0,0
57.200,2,0,-56.0,0.0,0
57.200,2,0,-56.0,0.0,0
57.200,2,0,-56.0,0.0,0
57.200,2,0,-56.0,0.0,0
57.200,2,0,-56.0,0.0,0
57.200,2,0,-56.0,0.0,0
57.200,2,0,-56.0,0.0,0
57.200,2,0,-56.0,0.0,0
57.200,2,0,-56.0,0.0,0
57.200,2,0,-56.0,0.0,0
57.300,2,0,-56.0,0.0,0
57.300,2,0,-56.0,0.0,0
57.300,2,0,-56.0,0.0,0
57.300,2,0,-56.0,0.0,0
57.300,2,0,-56.0,0.0,0
57.300,2,0,-56.0,0.0,0
57.300,2,0,-56.0,0.0,0
57.300,2,0,-56.0,0.0,0
57.300,2,0,-56.0,0.0,0
57.300,2,0,-56.0,0.0,0
57.400,2,0,-56.0,0.0,0
57.400,2,0,-56.0,0.0,0
57.400,2,0,-56.0,0.0,0
57.400,2,0,-56.0,0.0,0
57.400,2,0,-56.0,0.0,0
57.400,2,0,-56.0,0.0,0
57.400,2,0,-56.0,0.0,0
57.400,2,0,-56.0,0.0,0
57.400,2,0,-56.0,0.0,0
57.400,2,0,-56.0,0.0,0
57.500,2,0,-56.0,0.0,0
57.500,2,0,-56.0,0.0,0
57.500,2,0,-56.0,0.0,0
57.500,2,0,-56.0,0.0,0
57.500,2,0,-56.0,0.0,0
57.500,2,0,-56.0,0.0,0
57.500,2,0,-56.0,0.0,0
57.500,2,0,-56.0,0.0,0
57.500,2,0,-56.0,0.0,0
57.500,2,0,-56.0,0.0,0
57.500,2,0,-56.0,0.0,0
57.600,2,0,-56.0,0.0,0
57.600,2,0,-56.0,0.0,0
57.600,2,0,-56.0,0.0,0
57.600,2,0,-56.0,0.0,0
57.600,2,0,-56.0,0.0,0
57.600,2,0,-56.0,0.0,0
57.600,2,0,-56.0,0.0,0
57.600,2,0,-56.0,0.0,0
57.600,2,0,-56.0,0.0,0
57.600,2,0,-56.0,0.0,0
57.700,2,0,-56.0,0.0,0
57.700,2,0,-56.0,0.0,0
57.700,2,0,-56.0,0.0,0
57.700,2,0,-56.0,0.0,0
57.700,2,0,-56.0,0.0,0
57.700,2,0,-56.0,0.0,0
57.700,2,0,-56.0,0.0,0
57.700,2,0,-56.0,0.0,0
57.700,2,0,-56.0,0.0,0
57.700,2,0,-56.0,0.0,0
57.700,2,0,-56.0,0.0,0
57.800,2,0,-56.0,0.0,0
57.800,2,0,-56.0,0.0,0
57.800,2,0,-56.0,0.0,0
57.800,2,0,-56.0,0.0,0
57.800,2,0,-56.0,0.0,0
57.800,2,0,-56.0,0.0,0
57.800,2,0,-56.0,0.0,0
57.800,2,0,-56.0,0.0,0
57.800,2,0,-56.0,0.0,0
57.800,2,0,-56.0,0.0,0
57.900,2,0,-56.0,0.0,0
57.900,2,0,-56.0,0.0,0
57.900,2,0,-56.0,0.0,0
57.900,2,0,-56.0,0.0,0
57.900,2,0,-56.0,0.0,0
57.900,2,0,-56.0,0.0,0
57.900,2,0,-56.0,0.0,0
57.900,2,0,-56.0,0.0,0
57.900,2,0,-56.0,0.0,0
57.900,2,0,-56.0,0.0,0
57.900,2,0,-56.0,0.0,0
58.000,2,0,-56.0,0.0,0
58.000,2,0,-56.0,0.0,0
58.000,2,0,-56.0,0.0,0
58.000,2,0,-56.0,0.0,0
58.000,2,0,-56.0,0.0,0
58.000,2,0,-56.0,0.0,0
58.000,2,0,-56.0,0.0,0
58.000,2,0,-56.0,0.0,0
58.000,2,0,-56.0,0.0,0
58.000,2,0,-56.0,0.0,0
58.100,2,0,-56.0,0.0,0
58.100,2,0,-56.0,0.0,0
58.100,2,0,-56.0,0.0,0
58.100,2,0,-56.0,0.0,0
58.100,2,0,-56.0,0.0,0
58.100,2,0,-56.0,0.0,0
58.100,2,0,-56.0,0.0,0
58.100,2,0,-56.0,0.0,0
58.100,2,0,-56.0,0.0,0
58.100,2,0,-56.0,0.0,0
58.200,2,0,-56.0,0.0,0
58.200,2,0,-56.0,0.0,0
58.200,2,0,-56.0,0.0,0
58.200,2,0,-56.0,0.0,0
58.200,2,0,-56.0,0.0,0
58.200,2,0,-56.0,0.0,0
58.200,2,0,-56.0,0.0,0
58.200,2,0,-56.0,0.0,0
58.200,2,0,-56.0,0.0,0
58.200,2,0,-56.0,0.0,0
58.200,2,0,-56.0,0.0,0
58.300,2,0,-56.0,0.0,0
58.300,2,0,-56.0,0.0,0
58.300,2,0,-56.0,0.0,0
58.300,2,0,-56.0,0.0,0
58.300,2,0,-56.0,0.0,0
58.300,2,0,-56.0,0.0,0
58.300,2,0,-56.0,0.0,0
58.300,2,0,-56.0,0.0,0
58.300,2,0,-56.0,0.0,0
58.300,2,0,-56.0,0.0,0
58.400,2,0,-56.0,0.0,0
58.400,2,0,-56.0,0.0,0
58.400,2,0,-56.0,0.0,0
58.400,2,0,-56.0,0.0,0
58.400,2,0,-56.0,0.0,0
58.400,2,0,-56.0,0.0,0
58.400,2,0,-56.0,0.0,0
58.400,2,0,-56.0,0.0,0
58.400,2,0,-56.0,0.0,0
58.400,2,0,-56.0,0.0,0
58.400,2,0,-56.0,0.0,0
58.500,2,0,-56.0,0.0,0
58.500,2,0,-56.0,0.0,0
58.500,2,0,-56.0,0.0,0
58.500,2,0,-56.0,0.0,0
58.500,2,0,-56.0,0.0,0
58.500,2,0,-56.0,0.0,0
58.500,2,0,-56.0,0.0,0
58.500,2,0,-56.0,0.0,0
58.500,2,0,-56.0,0.0,0
58.500,2,0,-56.0,0.0,0
58.600,2,0,-56.0,0.0,0
58.600,2,0,-56.0,0.0,0
58.600,2,0,-56.0,0.0,0
58.600,2,0,-56.0,0.0,0
58.600,2,0,-56.0,0.0,0
58.600,2,0,-56.0,0.0,0
58.600,2,0,-56.0,0.0,0
58.600,2,0,-56.0,0.0,0
58.600,2,0,-56.0,0.0,0
58.600,2,0,-56.0,0.0,0
58.600,2,0,-56.0,0.0,0
58.700,2,0,-56.0,0.0,0
58.700,2,0,-56.0,0.0,0
58.700,2,0,-56.0,0.0,0
58.700,2,0,-56.0,0.0,0
58.700,2,0,-56.0,0.0,0
58.700,2,0,-56.0,0.0,0
58.700,2,0,-56.0,0.0,0
58.700,2,0,-56.0,0.0,0
58.700,2,0,-56.0,0.0,0
58.700,2,0,-56.0,0.0,0
58.800,2,0,-56.0,0.0,0
58.800,2,0,-56.0,0.0,0
58.800,2,0,-56.0,0.0,0
58.800,2,0,-56.0,0.0,0
58.800,2,0,-56.0,0.0,0
58.800,2,0,-56.0,0.0,0
58.800,2,0,-56.0,0.0,0
58.800,2,0,-56.0,0.0,0
58.800,2,0,-56.0,0.0,0
58.800,2,0,-56.0,0.0,0
58.800,2,0,-56.0,0.0,0
58.900,2,0,-56.0,0.0,0
58.900,2,0,-56.0,0.0,0
58.900,2,0,-56.0,0.0,0
58.900,2,0,-56.0,0.0,0
58.900,2,0,-56.0,0.0,0
58.900,2,0,-56.0,0.0,0
58.900,2,0,-56.0,0.0,0
58.900,2,0,-56.0,0.0,0
58.900,2,0,-56.0,0.0,0
58.900,2,0,-56.0,0.0,0
59.000,2,0,-28.0,0.0,0
59.000,2,0,-28.0,0.0,0
59.000,2,0,-28.0,0.0,0
59.000,2,0,-28.0,0.0,0
59.000,2,0,-28.0,0.0,0
59.000,2,0,-28.0,0.0,0
59.000,2,0,-28.0,0.0,0
59.000,2,0,-28.0,0.0,0
59.000,2,0,-28.0,0.0,0
59.000,2,0,-28.0,0.0,0
59.100,2,0,-28.0,0.0,0
59.100,2,0,-28.0,0.0,0
59.100,2,0,-28.0,0.0,0
59.100,2,0,-28.0,0.0,0
59.100,2,0,-28.0,0.0,0
59.100,2,0,-28.0,0.0,0
59.100,2,0,-28.0,0.0,0
59.100,2,0,-28.0,0.0,0
59.100,2,0,-28.0,0.0,0
59.100,2,0,-28.0,0.0,0
59.100,2,0,-28.0,0.0,0
59.200,2,0,-28.0,0.0,0
59.200,2,0,-28.0,0.0,0
59.200,2,0,-28.0,0.0,0
59.200,2,0,-28.0,0.0,0
59.200,2,0,-28.0,0.0,0
59.200,2,0,-28.0,0.0,0
59.200,2,0,-28.0,0.0,0
59.200,2,0,-28.0,0.0,0
59.200,2,0,-28.0,0.0,0
59.200,2,0,-28.0,0.0,0
59.300,2,0,-28.0,0.0,0
59.300,2,0,-28.0,0.0,0
59.300,2,0,-28.0,0.0,0
59.300,2,0,-28.0,0.0,0
59.300,2,0,-28.0,0.0,0
59.300,2,0,-28.0,0.0,0
59.300,2,0,-28.0,0.0,0
59.300,2,0,-28.0,0.0,0
59.300,2,0,-28.0,0.0,0
59.300,2,0,-28.0,0.0,0
59.300,2,0,-28.0,0.0,0
59.400,2,0,-28.0,0.0,0
59.400,2,0,-28.0,0.0,0
59.400,2,0,-28.0,0.0,0
59.400,2,0,-28.0,0.0,0
59.400,2,0,-28.0,0.0,0
59.400,2,0,-28.0,0.0,0
59.400,2,0,-28.0,0.0,0
59.400,2,0,-28.0,0.0,0
59.400,2,0,-28.0,0.0,0
59.400,2,0,-28.0,0.0,0
59.500,2,0,-28.0,0.0,0
59.500,2,0,-28.0,0.0,0
59.500,2,0,-28.0,0.0,0
59.500,2,0,-28.0,0.0,0
59.500,2,0,-28.0,0.0,0
59.500,2,0,-28.0,0.0,0
59.500,2,0,-28.0,0.0,0
59.500,2,0,-28.0,0.0,0
59.500,2,0,-28.0,0.0,0
59.500,2,0,-28.0,0.0,0
59.500,2,0,-28.0,0.0,0
59.600,2,0,-28.0,0.0,0
59.600,2,0,-28.0,0.0,0
59.600,2,0,-28.0,0.0,0
59.600,2,0,-28.0,0.0,0
59.600,2,0,-28.0,0.0,0
59.600,2,0,-28.0,0.0,0
59.600,2,0,-28.0,0.0,0
59.600,2,0,-28.0,0.0,0
59.600,2,0,-28.0,0.0,0
59.600,2,0,-28.0,0.0,0
59.700,2,0,-28.0,0.0,0
59.700,2,0,-28.0,0.0,0
59.700,2,0,-28.0,0.0,0
59.700,2,0,-28.0,0.0,0
59.700,2,0,-28.0,0.0,0
59.700,2,0,-28.0,0.0,0
59.700,2,0,-28.0,0.0,0
59.700,2,0,-28.0,0.0,0
59.700,2,0,-28.0,0.0,0
59.700,2,0,-28.0,0.0,0
59.800,2,0,-28.0,0.0,0
59.800,2,0,-28.0,0.0,0
59.800,2,0,-28.0,0.0,0
59.800,2,0,-28.0,0.0,0
59.800,2,0,-28.0,0.0,0
59.800,2,0,-28.0,0.0,0
59.800,2,0,-28.0,0.0,0
59.800,2,0,-28.0,0.0,0
59.800,2,0,-28.0,0.0,0
59.800,2,0,-28.0,0.0,0
59.800,2,0,-28.0,0.0,0
59.900,2,0,-28.0,0.0,0
59.900,2,0,-28.0,0.0,0
59.900,2,0,-28.0,0.0,0
59.900,2,0,-28.0,0.0,0
59.900,2,0,-28.0,0.0,0
59.900,2,0,-28.0,0.0,0
59.900,2,0,-28.0,0.0,0
59.900,2,0,-28.0,0.0,0
59.900,2,0,-28.0,0.0,0
59.900,2,0,-28.0,0.0,0
60.000,2,0,-28.0,0.0,0
60.000,2,0,-28.0,0.0,0
60.000,2,0,-28.0,0.0,0
60.000,2,0,-28.0,0.0,0
60.000,2,0,-28.0,0.0,0
60.000,2,0,-28.0,0.0,0
60.000,2,0,-28.0,0.0,0
60.000,2,0,-28.0,0.0,0
60.000,2,0,-28.0,0.0,0
60.000,2,0,-28.0,0.0,0
60.000,2,0,-28.0,0.0,0
60.100,2,0,-28.0,0.0,0
60.100,2,0,-28.0,0.0,0
60.100,2,0,-28.0,0.0,0
60.100,2,0,-28.0,0.0,0
60.100,2,0,-28.0,0.0,0
60.100,2,0,-28.0,0.0,0
60.100,2,0,-28.0,0.0,0
60.100,2,0,-28.0,0.0,0
60.100,2,0,-28.0,0.0,0
60.100,2,0,-28.0,0.0,0
60.200,2,0,-28.0,0.0,0
60.200,2,0,-28.0,0.0,0
60.200,2,0,-28.0,0.0,0
60.200,2,0,-28.0,0.0,0
60.200,2,0,-28.0,0.0,0
60.200,2,0,-28.0,0.0,0
60.200,2,0,-28.0,0.0,0
60.200,2,0,-28.0,0.0,0
60.200,2,0,-28.0,0.0,0
60.200,2,0,-28.0,0.0,0
60.200,2,0,-28.0,0.0,0
60.300,2,0,-28.0,0.0,0
60.300,2,0,-28.0,0.0,0
60.300,2,0,-28.0,0.0,0
60.300,2,0,-28.0,0.0,0
60.300,2,0,-28.0,0.0,0
60.300,2,0,-28.0,0.0,0
60.300,2,0,-28.0,0.0,0
60.300,2,0,-28.0,0.0,0
60.300,2,0,-28.0,0.0,0
60.300,2,0,-28.0,0.0,0
60.400,2,0,-28.0,0.0,0
60.400,2,0,-28.0,0.0,0
60.400,2,0,-28.0,0.0,0
60.400,2,0,-28.0,0.0,0
60.400,2,0,-28.0,0.0,0
60.400,2,0,-28.0,0.0,0
60.400,2,0,-28.0,0.0,0
60.400,2,0,-28.0,0.0,0
60.400,2,0,-28.0,0.0,0
60.400,2,0,-28.0,0.0,0
60.500,2,0,-28.0,0.0,0
60.500,2,0,-28.0,0.0,0
60.500,2,0,-28.0,0.0,0
60.500,2,0,-28.0,0.0,0
60.500,2,0,-28.0,0.0,0
60.500,2,0,-28.0,0.0,0
60.500,2,0,-28.0,0.0,0
60.500,2,0,-28.0,0.0,0
60.500,2,0,-28.0,0.0,0
60.500,2,0,-28.0,0.0,0
60.500,2,0,-28.0,0.0,0
60.600,2,0,-28.0,0.0,0
60.600,2,0,-28.0,0.0,0
60.600,2,0,-28.0,0.0,0
60.600,2,0,-28.0,0.0,0
60.600,2,0,-28.0,0.0,0
60.600,2,0,-28.0,0.0,0
60.600,2,0,-28.0,0.0,0
60.600,2,0,-28.0,0.0,0
60.600,2,0,-28.0,0.0,0
60.600,2,0,-28.0,0.0,0
60.700,2,0,-28.0,0.0,0
60.700,2,0,-28.0,0.0,0
60.700,2,0,-28.0,0.0,0
60.700,2,0,-28.0,0.0,0
60.700,2,0,-28.0,0.0,0
60.700,2,0,-28.0,0.0,0
60.700,2,0,-28.0,0.0,0
60.700,2,0,-28.0,0.0,0
60.700,2,0,-28.0,0.0,0
60.700,2,0,-28.0,0.0,0
60.700,2,0,-28.0,0.0,0
60.800,2,0,-28.0,0.0,0
60.800,2,0,-28.0,0.0,0
60.800,2,0,-28.0,0.0,0
60.800,2,0,-28.0,0.0,0
60.800,2,0,-28.0,0.0,0
60.800,2,0,-28.0,0.0,0
60.800,2,0,-28.0,0.0,0
60.800,2,0,-28.0,0.0,0
60.800,2,0,-28.0,0.0,0
60.800,2,0,-28.0,0.0,0
60.900,2,0,-28.0,0.0,0
60.900,2,0,-28.0,0.0,0
60.900,2,0,-28.0,0.0,0
60.900,2,0,-28.0,0.0,0
60.900,2,0,-28.0,0.0,0
60.900,2,0,-28.0,0.0,0
60.900,2,0,-28.0,0.0,0
60.900,2,0,-28.0,0.0,0
60.900,2,0,-28.0,0.0,0
60.900,2,0,-28.0,0.0,0
60.900,2,0,-28.0,0.0,0
61.000,2,0,-28.0,0.0,0
61.000,2,0,-28.0,0.0,0
61.000,2,0,-28.0,0.0,0
61.000,2,0,-28.0,0.0,0
61.000,2,0,-28.0,0.0,0
61.000,2,0,-28.0,0.0,0
61.000,2,0,-28.0,0.0,0
61.000,2,0,-28.0,0.0,0
61.000,2,0,-28.0,0.0,0
61.000,2,0,-28.0,0.0,0
61.100,2,0,-28.0,0.0,0
61.100,2,0,-28.0,0.0,0
61.100,2,0,-28.0,0.0,0
61.100,2,0,-28.0,0.0,0
61.100,2,0,-28.0,0.0,0
61.100,2,0,-28.0,0.0,0
61.100,2,0,-28.0,0.0,0
61.100,2,0,-28.0,0.0,0
61.100,2,0,-28.0,0.0,0
61.100,2,0,-28.0,0.0,0
61.200,2,0,-28.0,0.0,0
61.200,2,0,-28.0,0.0,0
61.200,2,0,-28.0,0.0,0
61.200,2,0,-28.0,0.0,0
61.200,2,0,-28.0,0.0,0
61.200,2,0,-28.0,0.0,0
61.200,2,0,-28.0,0.0,0
61.200,2,0,-28.0,0.0,0
61.200,2,0,-28.0,0.0,0
61.200,2,0,-28.0,0.0,0
61.200,2,0,-28.0,0.0,0
61.300,2,0,-28.0,0.0,0
61.300,2,0,-28.0,0.0,0
61.300,2,0,-28.0,0.0,0
61.300,2,0,-28.0,0.0,0
61.300,2,0,-28.0,0.0,0
61.300,2,0,-28.0,0.0,0
61.300,2,0,-28.0,0.0,0
61.300,2,0,-28.0,0.0,0
61.300,2,0,-28.0,0.0,0
61.300,2,0,-28.0,0.0,0
61.400,2,0,-28.0,0.0,0
61.400,2,0,-28.0,0.0,0
61.400,2,0,-28.0,0.0,0
61.400,2,0,-28.0,0.0,0
61.400,2,0,-28.0,0.0,0
61.400,2,0,-28.0,0.0,0
61.400,2,0,-28.0,0.0,0
61.400,2,0,-28.0,0.0,0
61.400,2,0,-28.0,0.0,0
61.400,2,0,-28.0,0.0,0
61.400,2,0,-28.0,0.0,0
61.500,2,0,-28.0,0.0,0
61.500,2,0,-28.0,0.0,0
61.500,2,0,-28.0,0.0,0
61.500,2,0,-28.0,0.0,0
61.500,2,0,-28.0,0.0,0
61.500,2,0,-28.0,0.0,0
61.500,2,0,-28.0,0.0,0
61.500,2,0,-28.0,0.0,0
61.500,2,0,-28.0,0.0,0
61.500,2,0,-28.0,0.0,0
61.600,2,0,-28.0,0.0,0
61.600,2,0,-28.0,0.0,0
61.600,2,0,-28.0,0.0,0
61.600,2,0,-28.0,0.0,0
61.600,2,0,-28.0,0.0,0
61.600,2,0,-28.0,0.0,0
61.600,2,0,-28.0,0.0,0
61.600,2,0,-28.0,0.0,0
61.600,2,0,-28.0,0.0,0
61.600,2,0,-28.0,0.0,0
61.600,2,0,-28.0,0.0,0
61.700,2,0,-28.0,0.0,0
61.700,2,0,-28.0,0.0,0
61.700,2,0,-28.0,0.0,0
61.700,2,0,-28.0,0.0,0
61.700,2,0,-28.0,0.0,0
61.700,2,0,-28.0,0.0,0
61.700,2,0,-28.0,0.0,0
61.700,2,0,-28.0,0.0,0
61.700,2,0,-28.0,0.0,0
61.700,2,0,-28.0,0.0,0
61.800,2,0,-28.0,0.0,0
61.800,2,0,-28.0,0.0,0
61.800,2,0,-28.0,0.0,0
61.800,2,0,-28.0,0.0,0
61.800,2,0,-28.0,0.0,0
61.800,2,0,-28.0,0.0,0
61.800,2,0,-28.0,0.0,0
61.800,2,0,-28.0,0.0,0
61.800,2,0,-28.0,0.0,0
61.800,2,0,-28.0,0.0,0
61.800,2,0,-28.0,0.0,0
61.900,2,0,-28.0,0.0,0
61.900,2,0,-28.0,0.0,0
61.900,2,0,-28.0,0.0,0
61.900,2,0,-28.0,0.0,0
61.900,2,0,-28.0,0.0,0
61.900,2,0,-28.0,0.0,0
61.900,2,0,-28.0,0.0,0
61.900,2,0,-28.0,0.0,0
61.900,2,0,-28.0,0.0,0
61.900,2,0,-28.0,0.0,0
62.000,2,0,-28.0,0.0,0
62.000,2,0,-28.0,0.0,0
62.000,2,0,-28.0,0.0,0
62.000,2,0,-28.0,0.0,0
62.000,2,0,-28.0,0.0,0
62.000,2,0,-28.0,0.0,0
62.000,2,0,-28.0,0.0,0
62.000,2,0,-28.0,0.0,0
62.000,2,0,-28.0,0.0,0
62.000,2,0,-28.0,0.0,0
62.100,2,0,-28.0,0.0,0
62.100,2,0,-28.0,0.0,0
62.100,2,0,-28.0,0.0,0
62.100,2,0,-28.0,0.0,0
62.100,2,0,-28.0,0.0,0
62.100,2,0,-28.0,0.0,0
62.100,2,0,-28.0,0.0,0
62.100,2,0,-28.0,0.0,0
62.100,2,0,-28.0,0.0,0
62.100,2,0,-28.0,0.0,0
62.100,2,0,-28.0,0.0,0
62.200,2,0,-28.0,0.0,0
62.200,2,0,-28.0,0.0,0
62.200,2,0,-28.0,0.0,0
62.200,2,0,-28.0,0.0,0
62.200,2,0,-28.0,0.0,0
62.200,2,0,-28.0,0.0,0
62.200,2,0,-28.0,0.0,0
62.200,2,0,-28.0,0.0,0
62.200,2,0,-28.0,0.0,0
62.200,2,0,-28.0,0.0,0
62.300,2,0,-28.0,0.0,0
62.300,2,0,-28.0,0.0,0
62.300,2,0,-28.0,0.0,0
62.300,2,0,-28.0,0.0,0
62.300,2,0,-28.0,0.0,0
62.300,2,0,-28.0,0.0,0
62.300,2,0,-28.0,0.0,0
62.300,2,0,-28.0,0.0,0
62.300,2,0,-28.0,0.0,0
62.300,2,0,-28.0,0.0,0
62.300,2,0,-28.0,0.0,0
62.400,2,0,-28.0,0.0,0
62.400,2,0,-28.0,0.0,0
62.400,2,0,-28.0,0.0,0
62.400,2,0,-28.0,0.0,0
62.400,2,0,-28.0,0.0,0
62.400,2,0,-28.0,0.0,0
62.400,2,0,-28.0,0.0,0
62.400,2,0,-28.0,0.0,0
62.400,2,0,-28.0,0.0,0
62.400,2,0,-28.0,0.0,0
62.500,2,0,-28.0,0.0,0
62.500,2,0,-28.0,0.0,0
62.500,2,0,-28.0,0.0,0
62.500,2,0,-28.0,0.0,0
62.500,2,0,-28.0,0.0,0
62.500,2,0,-28.0,0.0,0
62.500,2,0,-28.0,0.0,0
62.500,2,0,-28.0,0.0,0
62.500,2,0,-28.0,0.0,0
62.500,2,0,-28.0,0.0,0
62.500,2,0,-28.0,0.0,0
62.600,2,0,-28.0,0.0,0
62.600,2,0,-28.0,0.0,0
62.600,2,0,-28.0,0.0,0
62.600,2,0,-28.0,0.0,0
62.600,2,0,-28.0,0.0,0
62.600,2,0,-28.0,0.0,0
62.600,2,0,-28.0,0.0,0
62.600,2,0,-28.0,0.0,0
62.600,2,0,-28.0,0.0,0
62.600,2,0,-28.0,0.0,0
62.700,2,0,-28.0,0.0,0
62.700,2,0,-28.0,0.0,0
62.700,2,0,-28.0,0.0,0
62.700,2,0,-28.0,0.0,0
62.700,2,0,-28.0,0.0,0
62.700,2,0,-28.0,0.0,0
62.700,2,0,-28.0,0.0,0
62.700,2,0,-28.0,0.0,0
62.700,2,0,-28.0,0.0,0
62.700,2,0,-28.0,0.0,0
62.800,2,0,-28.0,0.0,0
62.800,2,0,-28.0,0.0,0
62.800,2,0,-28.0,0.0,0
62.800,2,0,-28.0,0.0,0
62.800,2,0,-28.0,0.0,0
62.800,2,0,-28.0,0.0,0
62.800,2,0,-28.0,0.0,0
62.800,2,0,-28.0,0.0,0
62.800,2,0,-28.0,0.0,0
62.800,2,0,-28.0,0.0,0
62.800,2,0,-28.0,0.0,0
62.900,2,0,-28.0,0.0,0
62.900,2,0,-28.0,0.0,0
62.900,2,0,-28.0,0.0,0
62.900,2,0,-28.0,0.0,0
62.900,2,0,-28.0,0.0,0
62.900,2,0,-28.0,0.0,0
62.900,2,0,-28.0,0.0,0
62.900,2,0,-28.0,0.0,0
62.900,2,0,-28.0,0.0,0
62.900,2,0,-28.0,0.0,0
63.000,2,0,-28.0,0.0,0
63.000,2,0,-28.0,0.0,0
63.000,2,0,-28.0,0.0,0
63.000,2,0,-28.0,0.0,0
63.000,2,0,-28.0,0.0,0
63.000,2,0,-28.0,0.0,0
63.000,2,0,-28.0,0.0,0
63.000,2,0,-28.0,0.0,0
63.000,2,0,-28.0,0.0,0
63.000,2,0,-28.0,0.0,0
63.000,2,0,-28.0,0.0,0
63.100,2,0,-28.0,0.0,0
63.100,2,0,-28.0,0.0,0
63.100,2,0,-28.0,0.0,0
63.100,2,0,-28.0,0.0,0
63.100,2,0,-28.0,0.0,0
63.100,2,0,-28.0,0.0,0
63.100,2,0,-28.0,0.0,0
63.100,2,0,-28.0,0.0,0
63.100,2,0,-28.0,0.0,0
63.100,2,0,-28.0,0.0,0
63.200,2,0,-28.0,0.0,0
63.200,2,0,-28.0,0.0,0
63.200,2,0,-28.0,0.0,0
63.200,2,0,-28.0,0.0,0
63.200,2,0,-28.0,0.0,0
63.200,2,0,-28.0,0.0,0
63.200,2,0,-28.0,0.0,0
63.200,2,0,-28.0,0.0,0
63.200,2,0,-28.0,0.0,0
63.200,2,0,-28.0,0.0,0
63.200,2,0,-28.0,0.0,0
63.300,2,0,-28.0,0.0,0
63.300,2,0,-28.0,0.0,0
63.300,2,0,-28.0,0.0,0
63.300,2,0,-28.0,0.0,0
63.300,2,0,-28.0,0.0,0
63.300,2,0,-28.0,0.0,0
63.300,2,0,-28.0,0.0,0
63.300,2,0,-28.0,0.0,0
63.300,2,0,-28.0,0.0,0
63.300,2,0,-28.0,0.0,0
63.400,2,0,-28.0,0.0,0
63.400,2,0,-28.0,0.0,0
63.400,2,0,-28.0,0.0,0
63.400,2,0,-28.0,0.0,0
63.400,2,0,-28.0,0.0,0
63.400,2,0,-28.0,0.0,0
63.400,2,0,-28.0,0.0,0
63.400,2,0,-28.0,0.0,0
63.400,2,0,-28.0,0.0,0
63.400,2,0,-28.0,0.0,0
63.500,2,0,-28.0,0.0,0
63.500,2,0,-28.0,0.0,0
63.500,2,0,-28.0,0.0,0
63.500,2,0,-28.0,0.0,0
63.500,2,0,-28.0,0.0,0
63.500,2,0,-28.0,0.0,0
63.500,2,0,-28.0,0.0,0
63.500,2,0,-28.0,0.0,0
63.500,2,0,-28.0,0.0,0
63.500,2,0,-28.0,0.0,0
63.500,2,0,-28.0,0.0,0
63.600,2,0,-28.0,0.0,0
63.600,2,0,-28.0,0.0,0
63.600,2,0,-28.0,0.0,0
63.600,2,0,-28.0,0.0,0
63.600,2,0,-28.0,0.0,0
63.600,2,0,-28.0,0.0,0
63.600,2,0,-28.0,0.0,0
63.600,2,0,-28.0,0.0,0
63.600,2,0,-28.0,0.0,0
63.600,2,0,-28.0,0.0,0
63.700,2,0,-28.0,0.0,0
63.700,2,0,-28.0,0.0,0
63.700,2,0,-28.0,0.0,0
63.700,2,0,-28.0,0.0,0
63.700,2,0,-28.0,0.0,0
63.700,2,0,-28.0,0.0,0
63.700,2,0,-28.0,0.0,0
63.700,2,0,-28.0,0.0,0
63.700,2,0,-28.0,0.0,0
63.700,2,0,-28.0,0.0,0
63.700,2,0,-28.0,0.0,0
63.800,2,0,-28.0,0.0,0
63.800,2,0,-28.0,0.0,0
63.800,2,0,-28.0,0.0,0
63.800,2,0,-28.0,0.0,0
63.800,2,0,-28.0,0.0,0
63.800,2,0,-28.0,0.0,0
63.800,2,0,-28.0,0.0,0
63.800,2,0,-28.0,0.0,0
63.800,2,0,-28.0,0.0,0
63.800,2,0,-28.0,0.0,0
63.900,2,0,-28.0,0.0,0
63.900,2,0,-28.0,0.0,0
63.900,2,0,-28.0,0.0,0
63.900,2,0,-28.0,0.0,0
63.900,2,0,-28.0,0.0,0
63.900,2,0,-28.0,0.0,0
63.900,2,0,-28.0,0.0,0
63.900,2,0,-28.0,0.0,0
63.900,2,0,-28.0,0.0,0
63.900,2,0,-28.0,0.0,0
63.900,2,0,-28.0,0.0,0
64.000,2,0,-28.0,0.0,0
64.000,2,0,-28.0,0.0,0
64.000,2,0,-28.0,0.0,0
64.000,2,0,-28.0,0.0,0
64.000,2,0,-28.0,0.0,0
64.000,2,0,-28.0,0.0,0
64.000,2,0,-28.0,0.0,0
64.000,2,0,-28.0,0.0,0
64.000,2,0,-28.0,0.0,0
64.000,2,0,-28.0,0.0,0
64.100,2,0,-28.0,0.0,0
64.100,2,0,-28.0,0.0,0
64.100,2,0,-28.0,0.0,0
64.100,2,0,-28.0,0.0,0
64.100,2,0,-28.0,0.0,0
64.100,2,0,-28.0,0.0,0
64.100,2,0,-28.0,0.0,0
64.100,2,0,-28.0,0.0,0
64.100,2,0,-28.0,0.0,0
64.100,2,0,-28.0,0.0,0
64.100,2,0,-28.0,0.0,0
64.200,2,0,-28.0,0.0,0
64.200,2,0,-28.0,0.0,0
64.200,2,0,-28.0,0.0,0
64.200,2,0,-28.0,0.0,0
64.200,2,0,-28.0,0.0,0
64.200,2,0,-28.0,0.0,0
64.200,2,0,-28.0,0.0,0
64.200,2,0,-28.0,0.0,0
64.200,2,0,-28.0,0.0,0
64.200,2,0,-28.0,0.0,0
64.300,2,0,-28.0,0.0,0
64.300,2,0,-28.0,0.0,0
64.300,2,0,-28.0,0.0,0
64.300,2,0,-28.0,0.0,0
64.300,2,0,-28.0,0.0,0
64.300,2,0,-28.0,0.0,0
64.300,2,0,-28.0,0.0,0
64.300,2,0,-28.0,0.0,0
64.300,2,0,-28.0,0.0,0
64.300,2,0,-28.0,0.0,0
64.400,2,0,-28.0,0.0,0
64.400,2,0,-28.0,0.0,0
64.400,2,0,-28.0,0.0,0
64.400,2,0,-28.0,0.0,0
64.400,2,0,-28.0,0.0,0
64.400,2,0,-28.0,0.0,0
64.400,2,0,-28.0,0.0,0
64.400,2,0,-28.0,0.0,0
64.400,2,0,-28.0,0.0,0
64.400,2,0,-28.0,0.0,0
64.400,2,0,-28.0,0.0,0
64.500,2,0,-28.0,0.0,0
64.500,2,0,-28.0,0.0,0
64.500,2,0,-28.0,0.0,0
64.500,2,0,-28.0,0.0,0
64.500,2,0,-28.0,0.0,0
64.500,2,0,-28.0,0.0,0
64.500,2,0,-28.0,0.0,0
64.500,2,0,-28.0,0.0,0
64.500,2,0,-28.0,0.0,0
64.500,2,0,-28.0,0.0,0
64.600,2,0,-28.0,0.0,0
64.600,2,0,-28.0,0.0,0
64.600,2,0,-28.0,0.0,0
64.600,2,0,-28.0,0.0,0
64.600,2,0,-28.0,0.0,0
64.600,2,0,-28.0,0.0,0
64.600,2,0,-28.0,0.0,0
64.600,2,0,-28.0,0.0,0
64.600,2,0,-28.0,0.0,0
64.600,2,0,-28.0,0.0,0
64.600,2,0,-28.0,0.0,0
64.700,2,0,-28.0,0.0,0
64.700,2,0,-28.0,0.0,0
64.700,2,0,-28.0,0.0,0
64.700,2,0,-28.0,0.0,0
64.700,2,0,-28.0,0.0,0
64.700,2,0,-28.0,0.0,0
64.700,2,0,-28.0,0.0,0
64.700,2,0,-28.0,0.0,0
64.700,2,0,-28.0,0.0,0
64.700,2,0,-28.0,0.0,0
64.800,2,0,-28.0,0.0,0
64.800,2,0,-28.0,0.0,0
64.800,2,0,-28.0,0.0,0
64.800,2,0,-28.0,0.0,0
64.800,2,0,-28.0,0.0,0
64.800,2,0,-28.0,0.0,0
64.800,2,0,-28.0,0.0,0
64.800,2,0,-28.0,0.0,0
64.800,2,0,-28.0,0.0,0
64.800,2,0,-28.0,0.0,0
64.800,2,0,-28.0,0.0,0
64.900,2,0,-28.0,0.0,0
64.900,2,0,-28.0,0.0,0
64.900,2,0,-28.0,0.0,0
64.900,2,0,-28.0,0.0,0
64.900,2,0,-28.0,0.0,0
64.900,2,0,-28.0,0.0,0
64.900,2,0,-28.0,0.0,0
64.900,2,0,-28.0,0.0,0
64.900,2,0,-28.0,0.0,0
64.900,2,0,-28.0,0.0,0
65.000,2,0,-28.0,0.0,0
65.000,2,0,-28.0,0.0,0
65.000,2,0,-28.0,0.0,0
65.000,2,0,-28.0,0.0,0
65.000,2,0,-28.0,0.0,0
65.000,2,0,-28.0,0.0,0
65.000,2,0,-28.0,0.0,0
65.000,2,0,-28.0,0.0,0
65.000,2,0,-28.0,0.0,0
65.000,2,0,-28.0,0.0,0
65.100,2,0,-28.0,0.0,0
65.100,2,0,-28.0,0.0,0
65.100,2,0,-28.0,0.0,0
65.100,2,0,-28.0,0.0,0
65.100,2,0,-28.0,0.0,0
65.100,2,0,-28.0,0.0,0
65.100,2,0,-28.0,0.0,0
65.100,2,0,-28.0,0.0,0
65.100,2,0,-28.0,0.0,0
65.100,2,0,-28.0,0.0,0
65.100,2,0,-28.0,0.0,0
65.200,2,0,-28.0,0.0,0
65.200,2,0,-28.0,0.0,0
65.200,2,0,-28.0,0.0,0
65.200,2,0,-28.0,0.0,0
65.200,2,0,-28.0,0.0,0
65.200,2,0,-28.0,0.0,0
65.200,2,0,-28.0,0.0,0
65.200,2,0,-28.0,0.0,0
65.200,2,0,-28.0,0.0,0
65.200,2,0,-28.0,0.0,0
65.300,2,0,-28.0,0.0,0
65.300,2,0,-28.0,0.0,0
65.300,2,0,-28.0,0.0,0
65.300,2,0,-28.0,0.0,0
65.300,2,0,-28.0,0.0,0
65.300,2,0,-28.0,0.0,0
65.300,2,0,-28.0,0.0,0
65.300,2,0,-28.0,0.0,0
65.300,2,0,-28.0,0.0,0
65.300,2,0,-28.0,0.0,0
65.300,2,0,-28.0,0.0,0
65.400,2,0,-28.0,0.0,0
65.400,2,0,-28.0,0.0,0
65.400,2,0,-28.0,0.0,0
65.400,2,0,-28.0,0.0,0
65.400,2,0,-28.0,0.0,0
65.400,2,0,-28.0,0.0,0
65.400,2,0,-28.0,0.0,0
65.400,2,0,-28.0,0.0,0
65.400,2,0,-28.0,0.0,0
65.400,2,0,-28.0,0.0,0
65.500,2,0,-28.0,0.0,0
65.500,2,0,-28.0,0.0,0
65.500,2,0,-28.0,0.0,0
65.500,2,0,-28.0,0.0,0
65.500,2,0,-28.0,0.0,0
65.500,2,0,-28.0,0.0,0
65.500,2,0,-28.0,0.0,0
65.500,2,0,-28.0,0.0,0
65.500,2,0,-28.0,0.0,0
65.500,2,0,-28.0,0.0,0
65.500,2,0,-28.0,0.0,0
65.600,2,0,-28.0,0.0,0
65.600,2,0,-28.0,0.0,0
65.600,2,0,-28.0,0.0,0
65.600,2,0,-28.0,0.0,0
65.600,2,0,-28.0,0.0,0
65.600,2,0,-28.0,0.0,0
65.600,2,0,-28.0,0.0,0
65.600,2,0,-28.0,0.0,0
65.600,2,0,-28.0,0.0,0
65.600,2,0,-28.0,0.0,0
65.700,2,0,-28.0,0.0,0
65.700,2,0,-28.0,0.0,0
65.700,2,0,-28.0,0.0,0
65.700,2,0,-28.0,0.0,0
65.700,2,0,-28.0,0.0,0
65.700,2,0,-28.0,0.0,0
65.700,2,0,-28.0,0.0,0
65.700,2,0,-28.0,0.0,0
65.700,2,0,-28.0,0.0,0
65.700,2,0,-28.0,0.0,0
65.800,2,0,-28.0,0.0,0
65.800,2,0,-28.0,0.0,0
65.800,2,0,-28.0,0.0,0
65.800,2,0,-28.0,0.0,0
65.800,2,0,-28.0,0.0,0
65.800,2,0,-28.0,0.0,0
65.800,2,0,-28.0,0.0,0
65.800,2,0,-28.0,0.0,0
65.800,2,0,-28.0,0.0,0
65.800,2,0,-28.0,0.0,0
65.800,2,0,-28.0,0.0,0
65.900,2,0,-28.0,0.0,0
65.900,2,0,-28.0,0.0,0
65.900,2,0,-28.0,0.0,0
65.900,2,0,-28.0,0.0,0
65.900,2,0,-28.0,0.0,0
65.900,2,0,-28.0,0.0,0
65.900,2,0,-28.0,0.0,0
65.900,2,0,-28.0,0.0,0
65.900,2,0,-28.0,0.0,0
65.900,2,0,-28.0,0.0,0
66.000,2,0,-28.0,0.0,0
66.000,2,0,-28.0,0.0,0
66.000,2,0,-28.0,0.0,0
66.000,2,0,-28.0,0.0,0
66.000,2,0,-28.0,0.0,0
66.000,2,0,-28.0,0.0,0
66.000,2,0,-28.0,0.0,0
66.000,2,0,-28.0,0.0,0
66.000,2,0,-28.0,0.0,0
66.000,2,0,-28.0,0.0,0
66.000,2,0,-28.0,0.0,0
66.100,2,0,-28.0,0.0,0
66.100,2,0,-28.0,0.0,0
66.100,2,0,-28.0,0.0,0
66.100,2,0,-28.0,0.0,0
66.100,2,0,-28.0,0.0,0
66.100,2,0,-28.0,0.0,0
66.100,2,0,-28.0,0.0,0
66.100,2,0,-28.0,0.0,0
66.100,2,0,-28.0,0.0,0
66.100,2,0,-28.0,0.0,0
66.200,2,0,-28.0,0.0,0
66.200,2,0,-28.0,0.0,0
66.200,2,0,-28.0,0.0,0
66.200,2,0,-28.0,0.0,0
66.200,2,0,-28.0,0.0,0
66.200,2,0,-28.0,0.0,0
66.200,2,0,-28.0,0.0,0
66.200,2,0,-28.0,0.0,0
66.200,2,0,-28.0,0.0,0
66.200,2,0,-28.0,0.0,0
66.200,2,0,-28.0,0.0,0
66.300,2,0,-28.0,0.0,0
66.300,2,0,-28.0,0.0,0
66.300,2,0,-28.0,0.0,0
66.300,2,0,-28.0,0.0,0
66.300,2,0,-28.0,0.0,0
66.300,2,0,-28.0,0.0,0
66.300,2,0,-28.0,0.0,0
66.300,2,0,-28.0,0.0,0
66.300,2,0,-28.0,0.0,0
66.300,2,0,-28.0,0.0,0
66.400,2,0,-28.0,0.0,0
66.400,2,0,-28.0,0.0,0
66.400,2,0,-28.0,0.0,0
66.400,2,0,-28.0,0.0,0
66.400,2,0,-28.0,0.0,0
66.400,2,0,-28.0,0.0,0
66.400,2,0,-28.0,0.0,0
66.400,2,0,-28.0,0.0,0
66.400,2,0,-28.0,0.0,0
66.400,2,0,-28.0,0.0,0
66.400,2,0,-28.0,0.0,0
66.500,2,0,-28.0,0.0,0
66.500,2,0,-28.0,0.0,0
66.500,2,0,-28.0,0.0,0
66.500,2,0,-28.0,0.0,0
66.500,2,0,-28.0,0.0,0
66.500,2,0,-28.0,0.0,0
66.500,2,0,-28.0,0.0,0
66.500,2,0,-28.0,0.0,0
66.500,2,0,-28.0,0.0,0
66.500,2,0,-28.0,0.0,0
66.600,2,0,-28.0,0.0,0
66.600,2,0,-28.0,0.0,0
66.600,2,0,-28.0,0.0,0
66.600,2,0,-28.0,0.0,0
66.600,2,0,-28.0,0.0,0
66.600,2,0,-28.0,0.0,0
66.600,2,0,-28.0,0.0,0
66.600,2,0,-28.0,0.0,0
66.600,2,0,-28.0,0.0,0
66.600,2,0,-28.0,0.0,0
66.700,2,0,-28.0,0.0,0
66.700,2,0,-28.0,0.0,0
66.700,2,0,-28.0,0.0,0
66.700,2,0,-28.0,0.0,0
66.700,2,0,-28.0,0.0,0
66.700,2,0,-28.0,0.0,0
66.700,2,0,-28.0,0.0,0
66.700,2,0,-28.0,0.0,0
66.700,2,0,-28.0,0.0,0
66.700,2,0,-28.0,0.0,0
66.700,2,0,-28.0,0.0,0
66.800,2,0,-28.0,0.0,0
66.800,2,0,-28.0,0.0,0
66.800,2,0,-28.0,0.0,0
66.800,2,0,-28.0,0.0,0
66.800,2,0,-28.0,0.0,0
66.800,2,0,-28.0,0.0,0
66.800,2,0,-28.0,0.0,0
66.800,2,0,-28.0,0.0,0
66.800,2,0,-28.0,0.0,0
66.800,2,0,-28.0,0.0,0
66.900,2,0,-28.0,0.0,0
66.900,2,0,-28.0,0.0,0
66.900,2,0,-28.0,0.0,0
66.900,2,0,-28.0,0.0,0
66.900,2,0,-28.0,0.0,0
66.900,2,0,-28.0,0.0,0
66.900,2,0,-28.0,0.0,0
66.900,2,0,-28.0,0.0,0
66.900,2,0,-28.0,0.0,0
66.900,2,0,-28.0,0.0,0
66.900,2,0,-28.0,0.0,0
67.000,2,0,-28.0,0.0,0
67.000,2,0,-28.0,0.0,0
67.000,2,0,-28.0,0.0,0
67.000,2,0,-28.0,0.0,0
67.000,2,0,-28.0,0.0,0
67.000,2,0,-28.0,0.0,0
67.000,2,0,-28.0,0.0,0
67.000,2,0,-28.0,0.0,0
67.000,2,0,-28.0,0.0,0
67.000,2,0,-28.0,0.0,0
67.100,2,0,-28.0,0.0,0
67.100,2,0,-28.0,0.0,0
67.100,2,0,-28.0,0.0,0
67.100,2,0,-28.0,0.0,0
67.100,2,0,-28.0,0.0,0
67.100,2,0,-28.0,0.0,0
67.100,2,0,-28.0,0.0,0
67.100,2,0,-28.0,0.0,0
67.100,2,0,-28.0,0.0,0
67.100,2,0,-28.0,0.0,0
67.100,2,0,-28.0,0.0,0
67.200,2,0,-28.0,0.0,0
67.200,2,0,-28.0,0.0,0
67.200,2,0,-28.0,0.0,0
67.200,2,0,-28.0,0.0,0
67.200,2,0,-28.0,0.0,0
67.200,2,0,-28.0,0.0,0
67.200,2,0,-28.0,0.0,0
67.200,2,0,-28.0,0.0,0
67.200,2,0,-28.0,0.0,0
67.200,2,0,-28.0,0.0,0
67.300,2,0,-28.0,0.0,0
67.300,2,0,-28.0,0.0,0
67.300,2,0,-28.0,0.0,0
67.300,2,0,-28.0,0.0,0
67.300,2,0,-28.0,0.0,0
67.300,2,0,-28.0,0.0,0
67.300,2,0,-28.0,0.0,0
67.300,2,0,-28.0,0.0,0
67.300,2,0,-28.0,0.0,0
67.300,2,0,-28.0,0.0,0
67.300,2,0,-28.0,0.0,0
67.400,2,0,-28.0,0.0,0
67.400,2,0,-28.0,0.0,0
67.400,2,0,-28.0,0.0,0
67.400,2,0,-28.0,0.0,0
67.400,2,0,-28.0,0.0,0
67.400,2,0,-28.0,0.0,0
67.400,2,0,-28.0,0.0,0
67.400,2,0,-28.0,0.0,0
67.400,2,0,-28.0,0.0,0
67.400,2,0,-28.0,0.0,0
67.500,2,0,-28.0,0.0,0
67.500,2,0,-28.0,0.0,0
67.500,2,0,-28.0,0.0,0
67.500,2,0,-28.0,0.0,0
67.500,2,0,-28.0,0.0,0
67.500,2,0,-28.0,0.0,0
67.500,2,0,-28.0,0.0,0
67.500,2,0,-28.0,0.0,0
67.500,2,0,-28.0,0.0,0
67.500,2,0,-28.0,0.0,0
67.600,2,0,-28.0,0.0,0
67.600,2,0,-28.0,0.0,0
67.600,2,0,-28.0,0.0,0
67.600,2,0,-28.0,0.0,0
67.600,2,0,-28.0,0.0,0
67.600,2,0,-28.0,0.0,0
67.600,2,0,-28.0,0.0,0
67.600,2,0,-28.0,0.0,0
67.600,2,0,-28.0,0.0,0
67.600,2,0,-28.0,0.0,0
67.600,2,0,-28.0,0.0,0
67.700,2,0,-28.0,0.0,0
67.700,2,0,-28.0,0.0,0
67.700,2,0,-28.0,0.0,0
67.700,2,0,-28.0,0.0,0
67.700,2,0,-28.0,0.0,0
67.700,2,0,-28.0,0.0,0
67.700,2,0,-28.0,0.0,0
67.700,2,0,-28.0,0.0,0
67.700,2,0,-28.0,0.0,0
67.700,2,0,-28.0,0.0,0
67.800,2,0,-28.0,0.0,0
67.800,2,0,-28.0,0.0,0
67.800,2,0,-28.0,0.0,0
67.800,2,0,-28.0,0.0,0
67.800,2,0,-28.0,0.0,0
67.800,2,0,-28.0,0.0,0
67.800,2,0,-28.0,0.0,0
67.800,2,0,-28.0,0.0,0
67.800,2,0,-28.0,0.0,0
67.800,2,0,-28.0,0.0,0
67.800,2,0,-28.0,0.0,0
67.900,2,0,-28.0,0.0,0
67.900,2,0,-28.0,0.0,0
67.900,2,0,-28.0,0.0,0
67.900,2,0,-28.0,0.0,0
67.900,2,0,-28.0,0.0,0
67.900,2,0,-28.0,0.0,0
67.900,2,0,-28.0,0.0,0
67.900,2,0,-28.0,0.0,0
67.900,2,0,-28.0,0.0,0
67.900,2,0,-28.0,0.0,0
68.000,2,0,-28.0,0.0,0
68.000,2,0,-28.0,0.0,0
68.000,2,0,-28.0,0.0,0
68.000,2,0,-28.0,0.0,0
68.000,2,0,-28.0,0.0,0
68.000,2,0,-28.0,0.0,0
68.000,2,0,-28.0,0.0,0
68.000,2,0,-28.0,0.0,0
68.000,2,0,-28.0,0.0,0
68.000,2,0,-28.0,0.0,0
68.000,2,0,-28.0,0.0,0
68.100,2,0,-28.0,0.0,0
68.100,2,0,-28.0,0.0,0
68.100,2,0,-28.0,0.0,0
68.100,2,0,-28.0,0.0,0
68.100,2,0,-28.0,0.0,0
68.100,2,0,-28.0,0.0,0
68.100,2,0,-28.0,0.0,0
68.100,2,0,-28.0,0.0,0
68.100,2,0,-28.0,0.0,0
68.100,2,0,-28.0,0.0,0
68.200,2,0,-28.0,0.0,0
68.200,2,0,-28.0,0.0,0
68.200,2,0,-28.0,0.0,0
68.200,2,0,-28.0,0.0,0
68.200,2,0,-28.0,0.0,0
68.200,2,0,-28.0,0.0,0
68.200,2,0,-28.0,0.0,0
68.200,2,0,-28.0,0.0,0
68.200,2,0,-28.0,0.0,0
68.200,2,0,-28.0,0.0,0
68.300,2,0,-28.0,0.0,0
68.300,2,0,-28.0,0.0,0
68.300,2,0,-28.0,0.0,0
68.300,2,0,-28.0,0.0,0
68.300,2,0,-28.0,0.0,0
68.300,2,0,-28.0,0.0,0
68.300,2,0,-28.0,0.0,0
68.300,2,0,-28.0,0.0,0
68.300,2,0,-28.0,0.0,0
68.300,2,0,-28.0,0.0,0
68.300,2,0,-28.0,0.0,0
68.400,2,0,-28.0,0.0,0
68.400,2,0,-28.0,0.0,0
68.400,2,0,-28.0,0.0,0
68.400,2,0,-28.0,0.0,0
68.400,2,0,-28.0,0.0,0
68.400,2,0,-28.0,0.0,0
68.400,2,0,-28.0,0.0,0
68.400,2,0,-28.0,0.0,0
68.400,2,0,-28.0,0.0,0
68.400,2,0,-28.0,0.0,0
68.500,2,0,-28.0,0.0,0
68.500,2,0,-28.0,0.0,0
68.500,2,0,-28.0,0.0,0
68.500,2,0,-28.0,0.0,0
68.500,2,0,-28.0,0.0,0
68.500,2,0,-28.0,0.0,0
68.500,2,0,-28.0,0.0,0
68.500,2,0,-28.0,0.0,0
68.500,2,0,-28.0,0.0,0
68.500,2,0,-28.0,0.0,0
68.500,2,0,-28.0,0.0,0
68.600,2,0,-28.0,0.0,0
68.600,2,0,-28.0,0.0,0
68.600,2,0,-28.0,0.0,0
68.600,2,0,-28.0,0.0,0
68.600,2,0,-28.0,0.0,0
68.600,2,0,-28.0,0.0,0
68.600,2,0,-28.0,0.0,0
68.600,2,0,-28.0,0.0,0
68.600,2,0,-28.0,0.0,0
68.600,2,0,-28.0,0.0,0
68.700,2,0,-28.0,0.0,0
68.700,2,0,-28.0,0.0,0
68.700,2,0,-28.0,0.0,0
68.700,2,0,-28.0,0.0,0
68.700,2,0,-28.0,0.0,0
68.700,2,0,-28.0,0.0,0
68.700,2,0,-28.0,0.0,0
68.700,2,0,-28.0,0.0,0
68.700,2,0,-28.0,0.0,0
68.700,2,0,-28.0,0.0,0
68.700,2,0,-28.0,0.0,0
68.800,2,0,-28.0,0.0,0
68.800,2,0,-28.0,0.0,0
68.800,2,0,-28.0,0.0,0
68.800,2,0,-28.0,0.0,0
68.800,2,0,-28.0,0.0,0
68.800,2,0,-28.0,0.0,0
68.800,2,0,-28.0,0.0,0
68.800,2,0,-28.0,0.0,0
68.800,2,0,-28.0,0.0,0
68.800,2,0,-28.0,0.0,0
68.900,2,0,-28.0,0.0,0
68.900,2,0,-28.0,0.0,0
68.900,2,0,-28.0,0.0,0
68.900,2,0,-28.0,0.0,0
68.900,2,0,-28.0,0.0,0
68.900,2,0,-28.0,0.0,0
68.900,2,0,-28.0,0.0,0
68.900,2,0,-28.0,0.0,0
68.900,2,0,-28.0,0.0,0
68.900,2,0,-28.0,0.0,0
68.900,2,0,-28.0,0.0,0
69.000,2,0,-28.0,0.0,0
69.000,2,0,-28.0,0.0,0
69.000,2,0,-28.0,0.0,0
69.000,2,0,-28.0,0.0,0
69.000,2,0,-28.0,0.0,0
69.000,2,0,-28.0,0.0,0
69.000,2,0,-28.0,0.0,0
69.000,2,0,-28.0,0.0,0
69.000,2,0,-28.0,0.0,0
69.000,2,0,-28.0,0.0,0
69.100,2,0,-28.0,0.0,0
69.100,2,0,-28.0,0.0,0
69.100,2,0,-28.0,0.0,0
69.100,2,0,-28.0,0.0,0
69.100,2,0,-28.0,0.0,0
69.100,2,0,-28.0,0.0,0
69.100,2,0,-28.0,0.0,0
69.100,2,0,-28.0,0.0,0
69.100,2,0,-28.0,0.0,0
69.100,2,0,-28.0,0.0,0
69.200,2,0,-28.0,0.0,0
69.200,2,0,-28.0,0.0,0
69.200,2,0,-28.0,0.0,0
69.200,2,0,-28.0,0.0,0
69.200,2,0,-28.0,0.0,0
69.200,2,0,-28.0,0.0,0
69.200,2,0,-28.0,0.0,0
69.200,2,0,-28.0,0.0,0
69.200,2,0,-28.0,0.0,0
69.200,2,0,-28.0,0.0,0
69.200,2,0,-28.0,0.0,0
69.300,2,0,-28.0,0.0,0
69.300,2,0,-28.0,0.0,0
69.300,2,0,-28.0,0.0,0
69.300,2,0,-28.0,0.0,0
69.300,2,0,-28.0,0.0,0
69.300,2,0,-28.0,0.0,0
69.300,2,0,-28.0,0.0,0
69.300,2,0,-28.0,0.0,0
69.300,2,0,-28.0,0.0,0
69.300,2,0,-28.0,0.0,0
69.400,2,0,-28.0,0.0,0
69.400,2,0,-28.0,0.0,0
69.400,2,0,-28.0,0.0,0
69.400,2,0,-28.0,0.0,0
69.400,2,0,-28.0,0.0,0
69.400,2,0,-28.0,0.0,0
69.400,2,0,-28.0,0.0,0
69.400,2,0,-28.0,0.0,0
69.400,2,0,-28.0,0.0,0
69.400,2,0,-28.0,0.0,0
69.400,2,0,-28.0,0.0,0
69.500,2,0,-28.0,0.0,0
69.500,2,0,-28.0,0.0,0
69.500,2,0,-28.0,0.0,0
69.500,2,0,-28.0,0.0,0
69.500,2,0,-28.0,0.0,0
69.500,2,0,-28.0,0.0,0
69.500,2,0,-28.0,0.0,0
69.500,2,0,-28.0,0.0,0
69.500,2,0,-28.0,0.0,0
69.500,2,0,-28.0,0.0,0
69.600,2,0,-28.0,0.0,0
69.600,2,0,-28.0,0.0,0
69.600,2,0,-28.0,0.0,0
69.600,2,0,-28.0,0.0,0
69.600,2,0,-28.0,0.0,0
69.600,2,0,-28.0,0.0,0
69.600,2,0,-28.0,0.0,0
69.600,2,0,-28.0,0.0,0
69.600,2,0,-28.0,0.0,0
69.600,2,0,-28.0,0.0,0
69.600,2,0,-28.0,0.0,0
69.700,2,0,-28.0,0.0,0
69.700,2,0,-28.0,0.0,0
69.700,2,0,-28.0,0.0,0
69.700,2,0,-28.0,0.0,0
69.700,2,0,-28.0,0.0,0
69.700,2,0,-28.0,0.0,0
69.700,2,0,-28.0,0.0,0
69.700,2,0,-28.0,0.0,0
69.700,2,0,-28.0,0.0,0
69.700,2,0,-28.0,0.0,0
69.800,2,0,-28.0,0.0,0
69.800,2,0,-28.0,0.0,0
69.800,2,0,-28.0,0.0,0
69.800,2,0,-28.0,0.0,0
69.800,2,0,-28.0,0.0,0
69.800,2,0,-28.0,0.0,0
69.800,2,0,-28.0,0.0,0
69.800,2,0,-28.0,0.0,0
69.800,2,0,-28.0,0.0,0
69.800,2,0,-28.0,0.0,0
69.900,2,0,-28.0,0.0,0
69.900,2,0,-28.0,0.0,0
69.900,2,0,-28.0,0.0,0
69.900,2,0,-28.0,0.0,0
69.900,2,0,-28.0,0.0,0
69.900,2,0,-28.0,0.0,0
69.900,2,0,-28.0,0.0,0
69.900,2,0,-28.0,0.0,0
69.900,2,0,-28.0,0.0,0
69.900,2,0,-28.0,0.0,0
69.900,2,0,-28.0,0.0,0
70.000,2,0,-28.0,0.0,0
70.000,2,0,-28.0,0.0,0
70.000,2,0,-28.0,0.0,0
70.000,2,0,-28.0,0.0,0
70.000,2,0,-28.0,0.0,0
70.000,2,0,-28.0,0.0,0
70.000,2,0,-28.0,0.0,0
70.000,2,0,-28.0,0.0,0
70.000,2,0,-28.0,0.0,0
70.000,2,0,-28.0,0.0,0
70.100,2,0,-28.0,0.0,0
70.100,2,0,-28.0,0.0,0
70.100,2,0,-28.0,0.0,0
70.100,2,0,-28.0,0.0,0
70.100,2,0,-28.0,0.0,0
70.100,2,0,-28.0,0.0,0
70.100,2,0,-28.0,0.0,0
70.100,2,0,-28.0,0.0,0
70.100,2,0,-28.0,0.0,0
70.100,2,0,-28.0,0.0,0
70.100,2,0,-28.0,0.0,0
70.200,2,0,-28.0,0.0,0
70.200,2,0,-28.0,0.0,0
70.200,2,0,-28.0,0.0,0
70.200,2,0,-28.0,0.0,0
70.200,2,0,-28.0,0.0,0
70.200,2,0,-28.0,0.0,0
70.200,2,0,-28.0,0.0,0
70.200,2,0,-28.0,0.0,0
70.200,2,0,-28.0,0.0,0
70.200,2,0,-28.0,0.0,0
70.300,2,0,-28.0,0.0,0
70.300,2,0,-28.0,0.0,0
70.300,2,0,-28.0,0.0,0
70.300,2,0,-28.0,0.0,0
70.300,2,0,-28.0,0.0,0
70.300,2,0,-28.0,0.0,0
70.300,2,0,-28.0,0.0,0
70.300,2,0,-28.0,0.0,0
70.300,2,0,-28.0,0.0,0
70.300,2,0,-28.0,0.0,0
70.300,2,0,-28.0,0.0,0
70.400,2,0,-28.0,0.0,0
70.400,2,0,-28.0,0.0,0
70.400,2,0,-28.0,0.0,0
70.400,2,0,-28.0,0.0,0
70.400,2,0,-28.0,0.0,0
70.400,2,0,-28.0,0.0,0
70.400,2,0,-28.0,0.0,0
70.400,2,0,-28.0,0.0,0
70.400,2,0,-28.0,0.0,0
70.400,2,0,-28.0,0.0,0
70.500,2,0,-28.0,0.0,0
70.500,2,0,-28.0,0.0,0
70.500,2,0,-28.0,0.0,0
70.500,2,0,-28.0,0.0,0
70.500,2,0,-28.0,0.0,0
70.500,2,0,-28.0,0.0,0
70.500,2,0,-28.0,0.0,0
70.500,2,0,-28.0,0.0,0
70.500,2,0,-28.0,0.0,0
70.500,2,0,-28.0,0.0,0
70.600,2,0,-28.0,0.0,0
70.600,2,0,-28.0,0.0,0
70.600,2,0,-28.0,0.0,0
70.600,2,0,-28.0,0.0,0
70.600,2,0,-28.0,0.0,0
70.600,2,0,-28.0,0.0,0
70.600,2,0,-28.0,0.0,0
70.600,2,0,-28.0,0.0,0
70.600,2,0,-28.0,0.0,0
70.600,2,0,-28.0,0.0,0
70.600,2,0,-28.0,0.0,0
70.700,2,0,-28.0,0.0,0
70.700,2,0,-28.0,0.0,0
70.700,2,0,-28.0,0.0,0
70.700,2,0,-28.0,0.0,0
70.700,2,0,-28.0,0.0,0
70.700,2,0,-28.0,0.0,0
70.700,2,0,-28.0,0.0,0
70.700,2,0,-28.0,0.0,0
70.700,2,0,-28.0,0.0,0
70.700,2,0,-28.0,0.0,0
70.800,2,0,-28.0,0.0,0
70.800,2,0,-28.0,0.0,0
70.800,2,0,-28.0,0.0,0
70.800,2,0,-28.0,0.0,0
70.800,2,0,-28.0,0.0,0
70.800,2,0,-28.0,0.0,0
70.800,2,0,-28.0,0.0,0
70.800,2,0,-28.0,0.0,0
70.800,2,0,-28.0,0.0,0
70.800,2,0,-28.0,0.0,0
70.800,2,0,-28.0,0.0,0
70.900,2,0,-28.0,0.0,0
70.900,2,0,-28.0,0.0,0
70.900,2,0,-28.0,0.0,0
70.900,2,0,-28.0,0.0,0
70.900,2,0,-28.0,0.0,0
70.900,2,0,-28.0,0.0,0
70.900,2,0,-28.0,0.0,0
70.900,2,0,-28.0,0.0,0
70.900,2,0,-28.0,0.0,0
70.900,2,0,-28.0,0.0,0
71.000,2,0,-28.0,0.0,0
71.000,2,0,-28.0,0.0,0
71.000,2,0,-28.0,0.0,0
71.000,2,0,-28.0,0.0,0
71.000,2,0,-28.0,0.0,0
71.000,2,0,-28.0,0.0,0
71.000,2,0,-28.0,0.0,0
71.000,2,0,-28.0,0.0,0
71.000,2,0,-28.0,0.0,0
71.000,2,0,-28.0,0.0,0
71.000,2,0,-28.0,0.0,0
71.100,2,0,-28.0,0.0,0
71.100,2,0,-28.0,0.0,0
71.100,2,0,-28.0,0.0,0
71.100,2,0,-28.0,0.0,0
71.100,2,0,-28.0,0.0,0
71.100,2,0,-28.0,0.0,0
71.100,2,0,-28.0,0.0,0
71.100,2,0,-28.0,0.0,0
71.100,2,0,-28.0,0.0,0
71.100,2,0,-28.0,0.0,0
71.200,2,0,-28.0,0.0,0
71.200,2,0,-28.0,0.0,0
71.200,2,0,-28.0,0.0,0
71.200,2,0,-28.0,0.0,0
71.200,2,0,-28.0,0.0,0
71.200,2,0,-28.0,0.0,0
71.200,2,0,-28.0,0.0,0
71.200,2,0,-28.0,0.0,0
71.200,2,0,-28.0,0.0,0
71.200,2,0,-28.0,0.0,0
71.200,2,0,-28.0,0.0,0
71.300,2,0,-28.0,0.0,0
71.300,2,0,-28.0,0.0,0
71.300,2,0,-28.0,0.0,0
71.300,2,0,-28.0,0.0,0
71.300,2,0,-28.0,0.0,0
71.300,2,0,-28.0,0.0,0
71.300,2,0,-28.0,0.0,0
71.300,2,0,-28.0,0.0,0
71.300,2,0,-28.0,0.0,0
71.300,2,0,-28.0,0.0,0
71.400,2,0,-28.0,0.0,0
71.400,2,0,-28.0,0.0,0
71.400,2,0,-28.0,0.0,0
71.400,2,0,-28.0,0.0,0
71.400,2,0,-28.0,0.0,0
71.400,2,0,-28.0,0.0,0
71.400,2,0,-28.0,0.0,0
71.400,2,0,-28.0,0.0,0
71.400,2,0,-28.0,0.0,0
71.400,2,0,-28.0,0.0,0
71.500,2,0,-28.0,0.0,0
71.500,2,0,-28.0,0.0,0
71.500,2,0,-28.0,0.0,0
71.500,2,0,-28.0,0.0,0
71.500,2,0,-28.0,0.0,0
71.500,2,0,-28.0,0.0,0
71.500,2,0,-28.0,0.0,0
71.500,2,0,-28.0,0.0,0
71.500,2,0,-28.0,0.0,0
71.500,2,0,-28.0,0.0,0
71.500,2,0,-28.0,0.0,0
71.600,0,0,0.0,0.0,0
71.600,0,0,0.0,0.0,0
71.600,0,0,0.0,0.0,0
71.600,0,0,0.0,0.0,0
71.600,0,0,0.0,0.0,0
71.600,0,0,0.0,0.0,0
71.600,0,0,0.0,0.0,0
71.600,0,0,0.0,0.0,0
71.600,0,0,0.0,0.0,0
71.600,0,0,0.0,0.0,0
71.700,0,0,0.0,0.0,0
71.700,0,0,0.0,0.0,0
71.700,0,0,0.0,0.0,0
71.700,0,0,0.0,0.0,0
71.700,0,0,0.0,0.0,0
71.700,0,0,0.0,0.0,0
71.700,0,0,0.0,0.0,0
71.700,0,0,0.0,0.0,0
71.700,0,0,0.0,0.0,0
71.700,0,0,0.0,0.0,0
71.700,0,0,0.0,0.0,0
71.800,1,1,89.0,3.0,0
71.800,1,1,89.0,3.0,0
71.800,1,1,89.0,3.0,0
71.800,1,1,89.0,3.0,0
71.800,1,1,89.0,3.0,0
71.800,1,1,89.0,3.0,0
71.800,1,1,89.0,3.0,0
71.800,1,1,89.0,3.0,0
71.800,1,1,89.0,3.0,0
71.800,1,1,89.0,3.0,0
71.900,1,1,89.0,3.0,0
71.900,1,1,89.0,3.0,0
71.900,1,1,89.0,3.0,0
71.900,1,1,89.0,3.0,0
71.900,1,1,89.0,3.0,0
71.900,1,1,89.0,3.0,0
71.900,1,1,89.0,3.0,0
71.900,1,1,89.0,3.0,0
71.900,1,1,89.0,3.0,0
71.900,1,1,89.0,3.0,0
71.900,1,1,89.0,3.0,0
72.000,1,1,89.0,3.0,0
72.000,1,1,89.0,3.0,0
72.000,1,1,89.0,3.0,0
72.000,1,1,89.0,3.0,0
72.000,1,1,89.0,3.0,0
72.000,1,1,89.0,3.0,0
72.000,1,1,89.0,3.0,0
72.000,1,1,89.0,3.0,0
72.000,1,1,89.0,3.0,0
72.000,1,1,89.0,3.0,0
72.100,1,1,89.0,3.0,0
72.100,1,1,89.0,3.0,0
72.100,1,1,89.0,3.0,0
72.100,1,1,89.0,3.0,0
72.100,1,1,89.0,3.0,0
72.100,1,1,89.0,3.0,0
72.100,1,1,89.0,3.0,0
72.100,1,1,89.0,3.0,0
72.100,1,1,89.0,3.0,0
72.100,1,1,89.0,3.0,0
72.200,1,1,89.0,3.0,0
72.200,1,1,89.0,3.0,0
72.200,1,1,89.0,3.0,0
72.200,1,1,89.0,3.0,0
72.200,1,1,89.0,3.0,0
72.200,1,1,89.0,3.0,0
72.200,1,1,89.0,3.0,0
72.200,1,1,89.0,3.0,0
72.200,1,1,89.0,3.0,0
72.200,1,1,89.0,3.0,0
72.200,1,1,89.0,3.0,0
72.300,1,1,89.0,3.0,0
72.300,1,1,89.0,3.0,0
72.300,1,1,89.0,3.0,0
72.300,1,1,89.0,3.0,0
72.300,1,1,89.0,3.0,0
72.300,1,1,89.0,3.0,0
72.300,1,1,89.0,3.0,0
72.300,1,1,89.0,3.0,0
72.300,1,1,89.0,3.0,0
72.300,1,1,89.0,3.0,0
72.400,1,1,89.0,3.0,0
72.400,1,1,89.0,3.0,0
72.400,1,1,89.0,3.0,0
72.400,1,1,89.0,3.0,0
72.400,1,1,89.0,3.0,0
72.400,1,1,89.0,3.0,0
72.400,1,1,89.0,3.0,0
72.400,1,1,89.0,3.0,0
72.400,1,1,89.0,3.0,0
72.400,1,1,89.0,3.0,0
72.400,1,1,89.0,3.0,0
72.500,1,1,89.0,3.0,0
72.500,1,1,89.0,3.0,0
72.500,1,1,89.0,3.0,0
72.500,1,1,89.0,3.0,0
72.500,1,1,89.0,3.0,0
72.500,1,1,89.0,3.0,0
72.500,1,1,89.0,3.0,0
72.500,1,1,89.0,3.0,0
72.500,1,1,89.0,3.0,0
72.500,1,1,89.0,3.0,0
72.600,1,1,89.0,3.0,0
72.600,1,1,89.0,3.0,0
72.600,1,1,89.0,3.0,0
72.600,1,1,89.0,3.0,0
72.600,1,1,89.0,3.0,0
72.600,1,1,89.0,3.0,0
72.600,1,1,89.0,3.0,0
72.600,1,1,89.0,3.0,0
72.600,1,1,89.0,3.0,0
72.600,1,1,89.0,3.0,0
72.600,1,1,89.0,3.0,0
72.700,1,1,89.0,3.0,0
72.700,1,1,89.0,3.0,0
72.700,1,1,89.0,3.0,0
72.700,1,1,89.0,3.0,0
72.700,1,1,89.0,3.0,0
72.700,1,1,89.0,3.0,0
72.700,1,1,89.0,3.0,0
72.700,1,1,89.0,3.0,0
72.700,1,1,89.0,3.0,0
72.700,1,1,89.0,3.0,0
72.800,1,1,89.0,3.0,0
72.800,1,1,89.0,3.0,0
72.800,1,1,89.0,3.0,0
72.800,1,1,89.0,3.0,0
72.800,1,1,89.0,3.0,0
72.800,1,1,89.0,3.0,0
72.800,1,1,89.0,3.0,0
72.800,1,1,89.0,3.0,0
72.800,1,1,89.0,3.0,0
72.800,1,1,89.0,3.0,0
72.900,1,1,89.0,3.0,0
72.900,1,1,89.0,3.0,0
72.900,1,1,89.0,3.0,0
72.900,1,1,89.0,3.0,0
72.900,1,1,89.0,3.0,0
72.900,1,1,89.0,3.0,0
72.900,1,1,89.0,3.0,0
72.900,1,1,89.0,3.0,0
72.900,1,1,89.0,3.0,0
72.900,1,1,89.0,3.0,0
72.900,1,1,89.0,3.0,0
73.000,1,1,89.0,3.0,0
73.000,1,1,89.0,3.0,0
73.000,1,1,89.0,3.0,0
73.000,1,1,89.0,3.0,0
73.000,1,1,89.0,3.0,0
73.000,1,1,89.0,3.0,0
73.000,1,1,89.0,3.0,0
73.000,1,1,89.0,3.0,0
73.000,1,1,89.0,3.0,0
73.000,1,1,89.0,3.0,0
73.100,1,1,89.0,3.0,0
73.100,1,1,89.0,3.0,0
73.100,1,1,89.0,3.0,0
73.100,1,1,89.0,3.0,0
73.100,1,1,89.0,3.0,0
73.100,1,1,89.0,3.0,0
73.100,1,1,89.0,3.0,0
73.100,1,1,89.0,3.0,0
73.100,1,1,89.0,3.0,0
73.100,1,1,89.0,3.0,0
73.100,1,1,89.0,3.0,0
73.200,1,1,89.0,3.0,0
73.200,1,1,89.0,3.0,0
73.200,1,1,89.0,3.0,0
73.200,1,1,89.0,3.0,0
73.200,1,1,89.0,3.0,0
73.200,1,1,89.0,3.0,0
73.200,1,1,89.0,3.0,0
73.200,1,1,89.0,3.0,0
73.200,1,1,89.0,3.0,0
73.200,1,1,89.0,3.0,0
73.300,1,1,89.0,3.0,0
73.300,1,1,89.0,3.0,0
73.300,1,1,89.0,3.0,0
73.300,1,1,89.0,3.0,0
73.300,1,1,89.0,3.0,0
73.300,1,1,89.0,3.0,0
73.300,1,1,89.0,3.0,0
73.300,1,1,89.0,3.0,0
73.300,1,1,89.0,3.0,0
73.300,1,1,89.0,3.0,0
73.300,1,1,89.0,3.0,0
73.400,1,1,89.0,3.0,0
73.400,1,1,89.0,3.0,0
73.400,1,1,89.0,3.0,0
73.400,1,1,89.0,3.0,0
73.400,1,1,89.0,3.0,0
73.400,1,1,89.0,3.0,0
73.400,1,1,89.0,3.0,0
73.400,1,1,89.0,3.0,0
73.400,1,1,89.0,3.0,0
73.400,1,1,89.0,3.0,0
73.500,1,1,89.0,3.0,0
73.500,1,1,89.0,3.0,0
73.500,1,1,89.0,3.0,0
73.500,1,1,89.0,3.0,0
73.500,1,1,89.0,3.0,0
73.500,1,1,89.0,3.0,0
73.500,1,1,89.0,3.0,0
73.500,1,1,89.0,3.0,0
73.500,1,1,89.0,3.0,0
73.500,1,1,89.0,3.0,0
73.500,1,1,89.0,3.0,0
73.600,1,1,89.0,3.0,0
73.600,1,1,89.0,3.0,0
73.600,1,1,89.0,3.0,0
73.600,1,1,89.0,3.0,0
73.600,1,1,89.0,3.0,0
73.600,1,1,89.0,3.0,0
73.600,1,1,89.0,3.0,0
73.600,1,1,89.0,3.0,0
73.600,1,1,89.0,3.0,0
73.600,1,1,89.0,3.0,0
73.700,1,1,89.0,3.0,0
73.700,1,1,89.0,3.0,0
73.700,1,1,89.0,3.0,0
73.700,1,1,89.0,3.0,0
73.700,1,1,89.0,3.0,0
73.700,1,1,89.0,3.0,0
73.700,1,1,89.0,3.0,0
73.700,1,1,89.0,3.0,0
73.700,1,1,89.0,3.0,0
73.700,1,1,89.0,3.0,0
73.800,1,1,89.0,3.0,0
73.800,1,1,89.0,3.0,0
73.800,1,1,89.0,3.0,0
73.800,1,1,89.0,3.0,0
73.800,1,1,89.0,3.0,0
73.800,1,1,89.0,3.0,0
73.800,1,1,89.0,3.0,0
73.800,1,1,89.0,3.0,0
73.800,1,1,89.0,3.0,0
73.800,1,1,89.0,3.0,0
73.800,1,1,89.0,3.0,0
73.900,1,1,89.0,3.0,0
73.900,1,1,89.0,3.0,0
73.900,1,1,89.0,3.0,0
73.900,1,1,89.0,3.0,0
73.900,1,1,89.0,3.0,0
73.900,1,1,89.0,3.0,0
73.900,1,1,89.0,3.0,0
73.900,1,1,89.0,3.0,0
73.900,1,1,89.0,3.0,0
73.900,1,1,89.0,3.0,0
74.000,1,1,89.0,3.0,0
74.000,1,1,89.0,3.0,0
74.000,1,1,89.0,3.0,0
74.000,1,1,89.0,3.0,0
74.000,1,1,89.0,3.0,0
74.000,1,1,89.0,3.0,0
74.000,1,1,89.0,3.0,0
74.000,1,1,89.0,3.0,0
74.000,1,1,89.0,3.0,0
74.000,1,1,89.0,3.0,0
74.000,1,1,89.0,3.0,0
74.100,1,1,89.0,3.0,0
74.100,1,1,89.0,3.0,0
74.100,1,1,89.0,3.0,0
74.100,1,1,89.0,3.0,0
74.100,1,1,89.0,3.0,0
74.100,1,1,89.0,3.0,0
74.100,1,1,89.0,3.0,0
74.100,1,1,89.0,3.0,0
74.100,1,1,89.0,3.0,0
74.100,1,1,89.0,3.0,0
74.200,1,1,89.0,3.0,0
74.200,1,1,89.0,3.0,0
74.200,1,1,89.0,3.0,0
74.200,1,1,89.0,3.0,0
74.200,1,1,89.0,3.0,0
74.200,1,1,89.0,3.0,0
74.200,1,1,89.0,3.0,0
74.200,1,1,89.0,3.0,0
74.200,1,1,89.0,3.0,0
74.200,1,1,89.0,3.0,0
74.200,1,1,89.0,3.0,0
74.300,1,1,89.0,3.0,0
74.300,1,1,89.0,3.0,0
74.300,1,1,89.0,3.0,0
74.300,1,1,89.0,3.0,0
74.300,1,1,89.0,3.0,0
74.300,1,1,89.0,3.0,0
74.300,1,1,89.0,3.0,0
74.300,1,1,89.0,3.0,0
74.300,1,1,89.0,3.0,0
74.300,1,1,89.0,3.0,0
74.400,1,1,89.0,3.0,0
74.400,1,1,89.0,3.0,0
74.400,1,1,89.0,3.0,0
74.400,1,1,89.0,3.0,0
74.400,1,1,89.0,3.0,0
74.400,1,1,89.0,3.0,0
74.400,1,1,89.0,3.0,0
74.400,1,1,89.0,3.0,0
74.400,1,1,89.0,3.0,0
74.400,1,1,89.0,3.0,0
74.500,1,1,89.0,3.0,0
74.500,1,1,89.0,3.0,0
74.500,1,1,89.0,3.0,0
74.500,1,1,89.0,3.0,0
74.500,1,1,89.0,3.0,0
74.500,1,1,89.0,3.0,0
74.500,1,1,89.0,3.0,0
74.500,1,1,89.0,3.0,0
74.500,1,1,89.0,3.0,0
74.500,1,1,89.0,3.0,0
74.500,1,1,89.0,3.0,0
74.600,1,1,89.0,3.0,0
74.600,1,1,89.0,3.0,0
74.600,1,1,89.0,3.0,0
74.600,1,1,89.0,3.0,0
74.600,1,1,89.0,3.0,0
74.600,1,1,89.0,3.0,0
74.600,1,1,89.0,3.0,0
74.600,1,1,89.0,3.0,0
74.600,1,1,89.0,3.0,0
74.600,1,1,89.0,3.0,0
74.700,1,1,89.0,3.0,0
74.700,1,1,89.0,3.0,0
74.700,1,1,89.0,3.0,0
74.700,1,1,89.0,3.0,0
74.700,1,1,89.0,3.0,0
74.700,1,1,89.0,3.0,0
74.700,1,1,89.0,3.0,0
74.700,1,1,89.0,3.0,0
74.700,1,1,89.0,3.0,0
74.700,1,1,89.0,3.0,0
74.700,1,1,89.0,3.0,0
74.800,1,1,89.0,3.0,0
74.800,1,1,89.0,3.0,0
74.800,1,1,89.0,3.0,0
74.800,1,1,89.0,3.0,0
74.800,1,1,89.0,3.0,0
74.800,1,1,89.0,3.0,0
74.800,1,1,89.0,3.0,0
74.800,1,1,89.0,3.0,0
74.800,1,1,89.0,3.0,0
74.800,1,1,89.0,3.0,0
74.900,1,1,89.0,3.0,0
74.900,1,1,89.0,3.0,0
74.900,1,1,89.0,3.0,0
74.900,1,1,89.0,3.0,0
74.900,1,1,89.0,3.0,0
74.900,1,1,89.0,3.0,0
74.900,1,1,89.0,3.0,0
74.900,1,1,89.0,3.0,0
74.900,1,1,89.0,3.0,0
74.900,1,1,89.0,3.0,0
74.900,1,1,89.0,3.0,0
75.000,1,1,89.0,3.0,0
75.000,1,1,89.0,3.0,0
75.000,1,1,89.0,3.0,0
75.000,1,1,89.0,3.0,0
75.000,1,1,89.0,3.0,0
75.000,1,1,89.0,3.0,0
75.000,1,1,89.0,3.0,0
75.000,1,1,89.0,3.0,0
75.000,1,1,89.0,3.0,0
75.000,1,1,89.0,3.0,0
75.100,1,1,89.0,3.0,0
75.100,1,1,89.0,3.0,0
75.100,1,1,89.0,3.0,0
75.100,1,1,89.0,3.0,0
75.100,1,1,89.0,3.0,0
75.100,1,1,89.0,3.0,0
75.100,1,1,89.0,3.0,0
75.100,1,1,89.0,3.0,0
75.100,1,1,89.0,3.0,0
75.100,1,1,89.0,3.0,0
75.200,1,1,89.0,3.0,0
75.200,1,1,89.0,3.0,0
75.200,1,1,89.0,3.0,0
75.200,1,1,89.0,3.0,0
75.200,1,1,89.0,3.0,0
75.200,1,1,89.0,3.0,0
75.200,1,1,89.0,3.0,0
75.200,1,1,89.0,3.0,0
75.200,1,1,89.0,3.0,0
75.200,1,1,89.0,3.0,0
75.200,1,1,89.0,3.0,0
75.300,1,1,89.0,3.0,0
75.300,1,1,89.0,3.0,0
75.300,1,1,89.0,3.0,0
75.300,1,1,89.0,3.0,0
75.300,1,1,89.0,3.0,0
75.300,1,1,89.0,3.0,0
75.300,1,1,89.0,3.0,0
75.300,1,1,89.0,3.0,0
75.300,1,1,89.0,3.0,0
75.300,1,1,89.0,3.0,0
75.400,1,1,89.0,3.0,0
75.400,1,1,89.0,3.0,0
75.400,1,1,89.0,3.0,0
75.400,1,1,89.0,3.0,0
75.400,1,1,89.0,3.0,0
75.400,1,1,89.0,3.0,0
75.400,1,1,89.0,3.0,0
75.400,1,1,89.0,3.0,0
75.400,1,1,89.0,3.0,0
75.400,1,1,89.0,3.0,0
75.400,1,1,89.0,3.0,0
75.500,1,1,89.0,3.0,0
75.500,1,1,89.0,3.0,0
75.500,1,1,89.0,3.0,0
75.500,1,1,89.0,3.0,0
75.500,1,1,89.0,3.0,0
75.500,1,1,89.0,3.0,0
75.500,1,1,89.0,3.0,0
75.500,1,1,89.0,3.0,0
75.500,1,1,89.0,3.0,0
75.500,1,1,89.0,3.0,0
75.600,1,1,89.0,3.0,0
75.600,1,1,89.0,3.0,0
75.600,1,1,89.0,3.0,0
75.600,1,1,89.0,3.0,0
75.600,1,1,89.0,3.0,0
75.600,1,1,89.0,3.0,0
75.600,1,1,89.0,3.0,0
75.600,1,1,89.0,3.0,0
75.600,1,1,89.0,3.0,0
75.600,1,1,89.0,3.0,0
75.600,1,1,89.0,3.0,0
75.700,1,1,89.0,3.0,0
75.700,1,1,89.0,3.0,0
75.700,1,1,89.0,3.0,0
75.700,1,1,89.0,3.0,0
75.700,1,1,89.0,3.0,0
75.700,1,1,89.0,3.0,0
75.700,1,1,89.0,3.0,0
75.700,1,1,89.0,3.0,0
75.700,1,1,89.0,3.0,0
75.700,1,1,89.0,3.0,0
75.800,1,1,89.0,3.0,0
75.800,1,1,89.0,3.0,0
75.800,1,1,89.0,3.0,0
75.800,1,1,89.0,3.0,0
75.800,1,1,89.0,3.0,0
75.800,1,1,89.0,3.0,0
75.800,1,1,89.0,3.0,0
75.800,1,1,89.0,3.0,0
75.800,1,1,89.0,3.0,0
75.800,1,1,89.0,3.0,0
75.800,1,1,89.0,3.0,0
75.900,1,1,89.0,3.0,0
75.900,1,1,89.0,3.0,0
75.900,1,1,89.0,3.0,0
75.900,1,1,89.0,3.0,0
75.900,1,1,89.0,3.0,0
75.900,1,1,89.0,3.0,0
75.900,1,1,89.0,3.0,0
75.900,1,1,89.0,3.0,0
75.900,1,1,89.0,3.0,0
75.900,1,1,89.0,3.0,0
76.000,1,1,89.0,3.0,0
76.000,1,1,89.0,3.0,0
76.000,1,1,89.0,3.0,0
76.000,1,1,89.0,3.0,0
76.000,1,1,89.0,3.0,0
76.000,1,1,89.0,3.0,0
76.000,1,1,89.0,3.0,0
76.000,1,1,89.0,3.0,0
76.000,1,1,89.0,3.0,0
76.000,1,1,89.0,3.0,0
76.100,1,1,89.0,3.0,0
76.100,1,1,89.0,3.0,0
76.100,1,1,89.0,3.0,0
76.100,1,1,89.0,3.0,0
76.100,1,1,89.0,3.0,0
76.100,1,1,89.0,3.0,0
76.100,1,1,89.0,3.0,0
76.100,1,1,89.0,3.0,0
76.100,1,1,89.0,3.0,0
76.100,1,1,89.0,3.0,0
76.100,1,1,89.0,3.0,0
76.200,1,1,89.0,3.0,0
76.200,1,1,89.0,3.0,0
76.200,1,1,89.0,3.0,0
76.200,1,1,89.0,3.0,0
76.200,1,1,89.0,3.0,0
76.200,1,1,89.0,3.0,0
76.200,1,1,89.0,3.0,0
76.200,1,1,89.0,3.0,0
76.200,1,1,89.0,3.0,0
76.200,1,1,89.0,3.0,0
76.300,1,1,89.0,3.0,0
76.300,1,1,89.0,3.0,0
76.300,1,1,89.0,3.0,0
76.300,1,1,89.0,3.0,0
76.300,1,1,89.0,3.0,0
76.300,1,1,89.0,3.0,0
76.300,1,1,89.0,3.0,0
76.300,1,1,89.0,3.0,0
76.300,1,1,89.0,3.0,0
76.300,1,1,89.0,3.0,0
76.300,1,1,89.0,3.0,0
76.400,1,1,89.0,3.0,0
76.400,1,1,89.0,3.0,0
76.400,1,1,89.0,3.0,0
76.400,1,1,89.0,3.0,0
76.400,1,1,89.0,3.0,0
76.400,1,1,89.0,3.0,0
76.400,1,1,89.0,3.0,0
76.400,1,1,89.0,3.0,0
76.400,1,1,89.0,3.0,0
76.400,1,1,89.0,3.0,0
76.500,1,1,89.0,3.0,0
76.500,1,1,89.0,3.0,0
76.500,1,1,89.0,3.0,0
76.500,1,1,89.0,3.0,0
76.500,1,1,89.0,3.0,0
76.500,1,1,89.0,3.0,0
76.500,1,1,89.0,3.0,0
76.500,1,1,89.0,3.0,0
76.500,1,1,89.0,3.0,0
76.500,1,1,89.0,3.0,0
76.500,1,1,89.0,3.0,0
76.600,1,1,89.0,3.0,0
76.600,1,1,89.0,3.0,0
76.600,1,1,89.0,3.0,0
76.600,1,1,89.0,3.0,0
76.600,1,1,89.0,3.0,0
76.600,1,1,89.0,3.0,0
76.600,1,1,89.0,3.0,0
76.600,1,1,89.0,3.0,0
76.600,1,1,89.0,3.0,0
76.600,1,1,89.0,3.0,0
76.700,1,1,89.0,3.0,0
76.700,1,1,89.0,3.0,0
76.700,1,1,89.0,3.0,0
76.700,1,1,89.0,3.0,0
76.700,1,1,89.0,3.0,0
76.700,1,1,89.0,3.0,0
76.700,1,1,89.0,3.0,0
76.700,1,1,89.0,3.0,0
76.700,1,1,89.0,3.0,0
76.700,1,1,89.0,3.0,0
76.800,1,1,89.0,3.0,0
76.800,1,1,89.0,3.0,0
76.800,1,1,89.0,3.0,0
76.800,1,1,89.0,3.0,0
76.800,1,1,89.0,3.0,0
76.800,1,1,89.0,3.0,0
76.800,1,1,89.0,3.0,0
76.800,1,1,89.0,3.0,0
76.800,1,1,89.0,3.0,0
76.800,1,1,89.0,3.0,0
76.800,1,1,89.0,3.0,0
76.900,1,1,89.0,3.0,0
76.900,1,1,89.0,3.0,0
76.900,1,1,89.0,3.0,0
76.900,1,1,89.0,3.0,0
76.900,1,1,89.0,3.0,0
76.900,1,1,89.0,3.0,0
76.900,1,1,89.0,3.0,0
76.900,1,1,89.0,3.0,0
76.900,1,1,89.0,3.0,0
76.900,1,1,89.0,3.0,0
77.000,1,1,89.0,3.0,0
77.000,1,1,89.0,3.0,0
77.000,1,1,89.0,3.0,0
77.000,1,1,89.0,3.0,0
77.000,1,1,89.0,3.0,0
77.000,1,1,89.0,3.0,0
77.000,1,1,89.0,3.0,0
77.000,1,1,89.0,3.0,0
77.000,1,1,89.0,3.0,0
77.000,1,1,89.0,3.0,0
77.000,1,1,89.0,3.0,0
77.100,1,1,89.0,3.0,0
77.100,1,1,89.0,3.0,0
77.100,1,1,89.0,3.0,0
77.100,1,1,89.0,3.0,0
77.100,1,1,89.0,3.0,0
77.100,1,1,89.0,3.0,0
77.100,1,1,89.0,3.0,0
77.100,1,1,89.0,3.0,0
77.100,1,1,89.0,3.0,0
77.100,1,1,89.0,3.0,0
77.200,1,1,89.0,3.0,0
77.200,1,1,89.0,3.0,0
77.200,1,1,89.0,3.0,0
77.200,1,1,89.0,3.0,0
77.200,1,1,89.0,3.0,0
77.200,1,1,89.0,3.0,0
77.200,1,1,89.0,3.0,0
77.200,1,1,89.0,3.0,0
77.200,1,1,89.0,3.0,0
77.200,1,1,89.0,3.0,0
77.200,1,1,89.0,3.0,0
77.300,1,1,89.0,3.0,0
77.300,1,1,89.0,3.0,0
77.300,1,1,89.0,3.0,0
77.300,1,1,89.0,3.0,0
77.300,1,1,89.0,3.0,0
77.300,1,1,89.0,3.0,0
77.300,1,1,89.0,3.0,0
77.300,1,1,89.0,3.0,0
77.300,1,1,89.0,3.0,0
77.300,1,1,89.0,3.0,0
77.400,1,1,89.0,3.0,0
77.400,1,1,89.0,3.0,0
77.400,1,1,89.0,3.0,0
77.400,1,1,89.0,3.0,0
77.400,1,1,89.0,3.0,0
77.400,1,1,89.0,3.0,0
77.400,1,1,89.0,3.0,0
77.400,1,1,89.0,3.0,0
77.400,1,1,89.0,3.0,0
77.400,1,1,89.0,3.0,0
77.500,1,1,89.0,3.0,0
77.500,1,1,89.0,3.0,0
77.500,1,1,89.0,3.0,0
77.500,1,1,89.0,3.0,0
77.500,1,1,89.0,3.0,0
77.500,1,1,89.0,3.0,0
77.500,1,1,89.0,3.0,0
77.500,1,1,89.0,3.0,0
77.500,1,1,89.0,3.0,0
77.500,1,1,89.0,3.0,0
77.500,1,1,89.0,3.0,0
77.600,1,1,89.0,3.0,0
77.600,1,1,89.0,3.0,0
77.600,1,1,89.0,3.0,0
77.600,1,1,89.0,3.0,0
77.600,1,1,89.0,3.0,0
77.600,1,1,89.0,3.0,0
77.600,1,1,89.0,3.0,0
77.600,1,1,89.0,3.0,0
77.600,1,1,89.0,3.0,0
77.600,1,1,89.0,3.0,0
77.700,1,1,89.0,3.0,0
77.700,1,1,89.0,3.0,0
77.700,1,1,89.0,3.0,0
77.700,1,1,89.0,3.0,0
77.700,1,1,89.0,3.0,0
77.700,1,1,89.0,3.0,0
77.700,1,1,89.0,3.0,0
77.700,1,1,89.0,3.0,0
77.700,1,1,89.0,3.0,0
77.700,1,1,89.0,3.0,0
77.700,1,1,89.0,3.0,0
77.800,1,1,89.0,3.0,0
77.800,1,1,89.0,3.0,0
77.800,1,1,89.0,3.0,0
77.800,1,1,89.0,3.0,0
77.800,1,1,89.0,3.0,0
77.800,1,1,89.0,3.0,0
77.800,1,1,89.0,3.0,0
77.800,1,1,89.0,3.0,0
77.800,1,1,89.0,3.0,0
77.800,1,1,89.0,3.0,0
77.900,1,1,89.0,3.0,0
77.900,1,1,89.0,3.0,0
77.900,1,1,89.0,3.0,0
77.900,1,1,89.0,3.0,0
77.900,1,1,89.0,3.0,0
77.900,1,1,89.0,3.0,0
77.900,1,1,89.0,3.0,0
77.900,1,1,89.0,3.0,0
77.900,1,1,89.0,3.0,0
77.900,1,1,89.0,3.0,0
77.900,1,1,89.0,3.0,0
78.000,1,1,89.0,3.0,0
78.000,1,1,89.0,3.0,0
78.000,1,1,89.0,3.0,0
78.000,1,1,89.0,3.0,0
78.000,1,1,89.0,3.0,0
78.000,1,1,89.0,3.0,0
78.000,1,1,89.0,3.0,0
78.000,1,1,89.0,3.0,0
78.000,1,1,89.0,3.0,0
78.000,1,1,89.0,3.0,0
78.100,1,1,89.0,3.0,0
78.100,1,1,89.0,3.0,0
78.100,1,1,89.0,3.0,0
78.100,1,1,89.0,3.0,0
78.100,1,1,89.0,3.0,0
78.100,1,1,89.0,3.0,0
78.100,1,1,89.0,3.0,0
78.100,1,1,89.0,3.0,0
78.100,1,1,89.0,3.0,0
78.100,1,1,89.0,3.0,0
78.100,1,1,89.0,3.0,0
78.200,1,1,89.0,3.0,0
78.200,1,1,89.0,3.0,0
78.200,1,1,89.0,3.0,0
78.200,1,1,89.0,3.0,0
78.200,1,1,89.0,3.0,0
78.200,1,1,89.0,3.0,0
78.200,1,1,89.0,3.0,0
78.200,1,1,89.0,3.0,0
78.200,1,1,89.0,3.0,0
78.200,1,1,89.0,3.0,0
78.300,1,1,89.0,3.0,0
78.300,1,1,89.0,3.0,0
78.300,1,1,89.0,3.0,0
78.300,1,1,89.0,3.0,0
78.300,1,1,89.0,3.0,0
78.300,1,1,89.0,3.0,0
78.300,1,1,89.0,3.0,0
78.300,1,1,89.0,3.0,0
78.300,1,1,89.0,3.0,0
78.300,1,1,89.0,3.0,0
78.400,1,1,89.0,3.0,0
78.400,1,1,89.0,3.0,0
78.400,1,1,89.0,3.0,0
78.400,1,1,89.0,3.0,0
78.400,1,1,89.0,3.0,0
78.400,1,1,89.0,3.0,0
78.400,1,1,89.0,3.0,0
78.400,1,1,89.0,3.0,0
78.400,1,1,89.0,3.0,0
78.400,1,1,89.0,3.0,0
78.400,1,1,89.0,3.0,0
78.500,1,1,89.0,3.0,0
78.500,1,1,89.0,3.0,0
78.500,1,1,89.0,3.0,0
78.500,1,1,89.0,3.0,0
78.500,1,1,89.0,3.0,0
78.500,1,1,89.0,3.0,0
78.500,1,1,89.0,3.0,0
78.500,1,1,89.0,3.0,0
78.500,1,1,89.0,3.0,0
78.500,1,1,89.0,3.0,0
78.600,1,1,89.0,3.0,0
78.600,1,1,89.0,3.0,0
78.600,1,1,89.0,3.0,0
78.600,1,1,89.0,3.0,0
78.600,1,1,89.0,3.0,0
78.600,1,1,89.0,3.0,0
78.600,1,1,89.0,3.0,0
78.600,1,1,89.0,3.0,0
78.600,1,1,89.0,3.0,0
78.600,1,1,89.0,3.0,0
78.600,1,1,89.0,3.0,0
78.700,1,1,89.0,3.0,0
78.700,1,1,89.0,3.0,0
78.700,1,1,89.0,3.0,0
78.700,1,1,89.0,3.0,0
78.700,1,1,89.0,3.0,0
78.700,1,1,89.0,3.0,0
78.700,1,1,89.0,3.0,0
78.700,1,1,89.0,3.0,0
78.700,1,1,89.0,3.0,0
78.700,1,1,89.0,3.0,0
78.800,1,1,89.0,3.0,0
78.800,1,1,89.0,3.0,0
78.800,1,1,89.0,3.0,0
78.800,1,1,89.0,3.0,0
78.800,1,1,89.0,3.0,0
78.800,1,1,89.0,3.0,0
78.800,1,1,89.0,3.0,0
78.800,1,1,89.0,3.0,0
78.800,1,1,89.0,3.0,0
78.800,1,1,89.0,3.0,0
78.800,1,1,89.0,3.0,0
78.900,1,1,89.0,3.0,0
78.900,1,1,89.0,3.0,0
78.900,1,1,89.0,3.0,0
78.900,1,1,89.0,3.0,0
78.900,1,1,89.0,3.0,0
78.900,1,1,89.0,3.0,0
78.900,1,1,89.0,3.0,0
78.900,1,1,89.0,3.0,0
78.900,1,1,89.0,3.0,0
78.900,1,1,89.0,3.0,0
79.000,1,1,89.0,3.0,0
79.000,1,1,89.0,3.0,0
79.000,1,1,89.0,3.0,0
79.000,1,1,89.0,3.0,0
79.000,1,1,89.0,3.0,0
79.000,1,1,89.0,3.0,0
79.000,1,1,89.0,3.0,0
79.000,1,1,89.0,3.0,0
79.000,1,1,89.0,3.0,0
79.000,1,1,89.0,3.0,0
79.100,1,1,89.0,3.0,0
79.100,1,1,89.0,3.0,0
79.100,1,1,89.0,3.0,0
79.100,1,1,89.0,3.0,0
79.100,1,1,89.0,3.0,0
79.100,1,1,89.0,3.0,0
79.100,1,1,89.0,3.0,0
79.100,1,1,89.0,3.0,0
79.100,1,1,89.0,3.0,0
79.100,1,1,89.0,3.0,0
79.100,1,1,89.0,3.0,0
79.200,1,1,89.0,3.0,0
79.200,1,1,89.0,3.0,0
79.200,1,1,89.0,3.0,0
79.200,1,1,89.0,3.0,0
79.200,1,1,89.0,3.0,0
79.200,1,1,89.0,3.0,0
79.200,1,1,89.0,3.0,0
79.200,1,1,89.0,3.0,0
79.200,1,1,89.0,3.0,0
79.200,1,1,89.0,3.0,0
79.300,1,1,89.0,3.0,0
79.300,1,1,89.0,3.0,0
79.300,1,1,89.0,3.0,0
79.300,1,1,89.0,3.0,0
79.300,1,1,89.0,3.0,0
79.300,1,1,89.0,3.0,0
79.300,1,1,89.0,3.0,0
79.300,1,1,89.0,3.0,0
79.300,1,1,89.0,3.0,0
79.300,1,1,89.0,3.0,0
79.300,1,1,89.0,3.0,0
79.400,1,1,89.0,3.0,0
79.400,1,1,89.0,3.0,0
79.400,1,1,89.0,3.0,0
79.400,1,1,89.0,3.0,0
79.400,1,1,89.0,3.0,0
79.400,1,1,89.0,3.0,0
79.400,1,1,89.0,3.0,0
79.400,1,1,89.0,3.0,0
79.400,1,1,89.0,3.0,0
79.400,1,1,89.0,3.0,0
79.500,1,1,89.0,3.0,0
79.500,1,1,89.0,3.0,0
79.500,1,1,89.0,3.0,0
79.500,1,1,89.0,3.0,0
79.500,1,1,89.0,3.0,0
79.500,1,1,89.0,3.0,0
79.500,1,1,89.0,3.0,0
79.500,1,1,89.0,3.0,0
79.500,1,1,89.0,3.0,0
79.500,1,1,89.0,3.0,0
79.500,1,1,89.0,3.0,0
79.600,1,1,89.0,3.0,0
79.600,1,1,89.0,3.0,0
79.600,1,1,89.0,3.0,0
79.600,1,1,89.0,3.0,0
79.600,1,1,89.0,3.0,0
79.600,1,1,89.0,3.0,0
79.600,1,1,89.0,3.0,0
79.600,1,1,89.0,3.0,0
79.600,1,1,89.0,3.0,0
79.600,1,1,89.0,3.0,0
79.700,0,0,0.0,0.0,0
79.700,0,0,0.0,0.0,0
79.700,0,0,0.0,0.0,0
79.700,0,0,0.0,0.0,0
79.700,0,0,0.0,0.0,0
79.700,0,0,0.0,0.0,0
79.700,0,0,0.0,0.0,0
79.700,0,0,0.0,0.0,0
79.700,0,0,0.0,0.0,0
79.700,0,0,0.0,0.0,0
79.800,0,0,0.0,0.0,0
79.800,0,0,0.0,0.0,0
79.800,0,0,0.0,0.0,0
79.800,0,0,0.0,0.0,0
79.800,0,0,0.0,0.0,0
79.800,0,0,0.0,0.0,0
79.800,0,0,0.0,0.0,0
79.800,0,0,0.0,0.0,0
79.800,0,0,0.0,0.0,0
79.800,0,0,0.0,0.0,0
79.800,0,0,0.0,0.0,0
79.900,0,0,0.0,0.0,0
79.900,0,0,0.0,0.0,0
79.900,0,0,0.0,0.0,0
79.900,0,0,0.0,0.0,0
79.900,0,0,0.0,0.0,0
79.900,0,0,0.0,0.0,0
79.900,0,0,0.0,0.0,0
79.900,0,0,0.0,0.0,0
79.900,0,0,0.0,0.0,0
79.900,0,0,0.0,0.0,0
80.000,0,0,0.0,0.0,0
80.000,0,0,0.0,0.0,0
80.000,0,0,0.0,0.0,0
80.000,0,0,0.0,0.0,0
80.000,0,0,0.0,0.0,0
80.000,0,0,0.0,0.0,0
80.000,0,0,0.0,0.0,0
80.000,0,0,0.0,0.0,0
80.000,0,0,0.0,0.0,0
80.000,0,0,0.0,0.0,0
80.000,0,0,0.0,0.0,0
80.100,0,0,0.0,0.0,0
80.100,0,0,0.0,0.0,0
80.100,0,0,0.0,0.0,0
80.100,0,0,0.0,0.0,0
80.100,0,0,0.0,0.0,0
80.100,0,0,0.0,0.0,0
80.100,0,0,0.0,0.0,0
80.100,0,0,0.0,0.0,0
80.100,0,0,0.0,0.0,0
80.100,0,0,0.0,0.0,0
80.200,0,0,0.0,0.0,0
80.200,0,0,0.0,0.0,0
80.200,0,0,0.0,0.0,0
80.200,0,0,0.0,0.0,0
80.200,0,0,0.0,0.0,0
80.200,0,0,0.0,0.0,0
80.200,0,0,0.0,0.0,0
80.200,0,0,0.0,0.0,0
80.200,0,0,0.0,0.0,0
80.200,0,0,0.0,0.0,0
80.200,0,0,0.0,0.0,0
80.300,0,0,0.0,0.0,0
80.300,0,0,0.0,0.0,0
80.300,0,0,0.0,0.0,0
80.300,0,0,0.0,0.0,0
80.300,0,0,0.0,0.0,0
80.300,0,0,0.0,0.0,0
80.300,0,0,0.0,0.0,0
80.300,0,0,0.0,0.0,0
80.300,0,0,0.0,0.0,0
80.300,0,0,0.0,0.0,0
80.400,0,0,0.0,0.0,0
80.400,0,0,0.0,0.0,0
80.400,0,0,0.0,0.0,0
80.400,0,0,0.0,0.0,0
80.400,0,0,0.0,0.0,0
80.400,0,0,0.0,0.0,0
80.400,0,0,0.0,0.0,0
80.400,0,0,0.0,0.0,0
80.400,0,0,0.0,0.0,0
80.400,0,0,0.0,0.0,0
80.500,0,0,0.0,0.0,0
80.500,0,0,0.0,0.0,0
80.500,0,0,0.0,0.0,0
80.500,0,0,0.0,0.0,0
80.500,0,0,0.0,0.0,0
80.500,0,0,0.0,0.0,0
80.500,0,0,0.0,0.0,0
80.500,0,0,0.0,0.0,0
80.500,0,0,0.0,0.0,0
80.500,0,0,0.0,0.0,0
80.500,0,0,0.0,0.0,0
80.600,0,0,0.0,0.0,0
80.600,0,0,0.0,0.0,0
80.600,0,0,0.0,0.0,0
80.600,0,0,0.0,0.0,0
80.600,0,0,0.0,0.0,0
80.600,0,0,0.0,0.0,0
80.600,0,0,0.0,0.0,0
80.600,0,0,0.0,0.0,0
80.600,0,0,0.0,0.0,0
80.600,0,0,0.0,0.0,0
80.700,0,0,0.0,0.0,0
80.700,0,0,0.0,0.0,0
80.700,0,0,0.0,0.0,0
80.700,0,0,0.0,0.0,0
80.700,0,0,0.0,0.0,0
80.700,0,0,0.0,0.0,0
80.700,0,0,0.0,0.0,0
80.700,0,0,0.0,0.0,0
80.700,0,0,0.0,0.0,0
80.700,0,0,0.0,0.0,0
80.700,0,0,0.0,0.0,0
80.800,0,0,0.0,0.0,0
80.800,0,0,0.0,0.0,0
80.800,0,0,0.0,0.0,0
80.800,0,0,0.0,0.0,0
80.800,0,0,0.0,0.0,0
80.800,0,0,0.0,0.0,0
80.800,0,0,0.0,0.0,0
80.800,0,0,0.0,0.0,0
80.800,0,0,0.0,0.0,0
80.800,0,0,0.0,0.0,0
80.900,0,0,0.0,0.0,0
80.900,0,0,0.0,0.0,0
80.900,0,0,0.0,0.0,0
80.900,0,0,0.0,0.0,0
80.900,0,0,0.0,0.0,0
80.900,0,0,0.0,0.0,0
80.900,0,0,0.0,0.0,0
80.900,0,0,0.0,0.0,0
80.900,0,0,0.0,0.0,0
80.900,0,0,0.0,0.0,0
80.900,0,0,0.0,0.0,0
81.000,0,0,0.0,0.0,0
81.000,0,0,0.0,0.0,0
81.000,0,0,0.0,0.0,0
81.000,0,0,0.0,0.0,0
81.000,0,0,0.0,0.0,0
81.000,0,0,0.0,0.0,0
81.000,0,0,0.0,0.0,0
81.000,0,0,0.0,0.0,0
81.000,0,0,0.0,0.0,0
81.000,0,0,0.0,0.0,0
81.100,0,0,0.0,0.0,0
81.100,0,0,0.0,0.0,0
81.100,0,0,0.0,0.0,0
81.100,0,0,0.0,0.0,0
81.100,0,0,0.0,0.0,0
81.100,0,0,0.0,0.0,0
81.100,0,0,0.0,0.0,0
81.100,0,0,0.0,0.0,0
81.100,0,0,0.0,0.0,0
81.100,0,0,0.0,0.0,0
81.100,0,0,0.0,0.0,0
81.200,0,0,0.0,0.0,0
81.200,0,0,0.0,0.0,0
81.200,0,0,0.0,0.0,0
81.200,0,0,0.0,0.0,0
81.200,0,0,0.0,0.0,0
81.200,0,0,0.0,0.0,0
81.200,0,0,0.0,0.0,0
81.200,0,0,0.0,0.0,0
81.200,0,0,0.0,0.0,0
81.200,0,0,0.0,0.0,0
81.300,0,0,0.0,0.0,0
81.300,0,0,0.0,0.0,0
81.300,0,0,0.0,0.0,0
81.300,0,0,0.0,0.0,0
81.300,0,0,0.0,0.0,0
81.300,0,0,0.0,0.0,0
81.300,0,0,0.0,0.0,0
81.300,0,0,0.0,0.0,0
81.300,0,0,0.0,0.0,0
81.300,0,0,0.0,0.0,0
81.400,0,0,0.0,0.0,0
81.400,0,0,0.0,0.0,0
81.400,0,0,0.0,0.0,0
81.400,0,0,0.0,0.0,0
81.400,0,0,0.0,0.0,0
81.400,0,0,0.0,0.0,0
81.400,0,0,0.0,0.0,0
81.400,0,0,0.0,0.0,0
81.400,0,0,0.0,0.0,0
81.400,0,0,0.0,0.0,0
81.400,0,0,0.0,0.0,0
81.500,0,0,0.0,0.0,0
81.500,0,0,0.0,0.0,0
81.500,0,0,0.0,0.0,0
81.500,0,0,0.0,0.0,0
81.500,0,0,0.0,0.0,0
81.500,0,0,0.0,0.0,0
81.500,0,0,0.0,0.0,0
81.500,0,0,0.0,0.0,0
81.500,0,0,0.0,0.0,0
81.500,0,0,0.0,0.0,0
81.600,0,0,0.0,0.0,0
81.600,0,0,0.0,0.0,0
81.600,0,0,0.0,0.0,0
81.600,0,0,0.0,0.0,0
81.600,0,0,0.0,0.0,0
81.600,0,0,0.0,0.0,0
81.600,0,0,0.0,0.0,0
81.600,0,0,0.0,0.0,0
81.600,0,0,0.0,0.0,0
81.600,0,0,0.0,0.0,0
81.600,0,0,0.0,0.0,0
81.700,0,0,0.0,0.0,0
81.700,0,0,0.0,0.0,0
81.700,0,0,0.0,0.0,0
81.700,0,0,0.0,0.0,0
81.700,0,0,0.0,0.0,0
81.700,0,0,0.0,0.0,0
81.700,0,0,0.0,0.0,0
81.700,0,0,0.0,0.0,0
81.700,0,0,0.0,0.0,0
81.700,0,0,0.0,0.0,0
81.800,0,0,0.0,0.0,0
81.800,0,0,0.0,0.0,0
81.800,0,0,0.0,0.0,0
81.800,0,0,0.0,0.0,0
81.800,0,0,0.0,0.0,0
81.800,0,0,0.0,0.0,0
81.800,0,0,0.0,0.0,0
81.800,0,0,0.0,0.0,0
81.800,0,0,0.0,0.0,0
81.800,0,0,0.0,0.0,0
81.800,0,0,0.0,0.0,0
81.900,0,0,0.0,0.0,0
81.900,0,0,0.0,0.0,0
81.900,0,0,0.0,0.0,0
81.900,0,0,0.0,0.0,0
81.900,0,0,0.0,0.0,0
81.900,0,0,0.0,0.0,0
81.900,0,0,0.0,0.0,0
81.900,0,0,0.0,0.0,0
81.900,0,0,0.0,0.0,0
81.900,0,0,0.0,0.0,0
82.000,0,0,0.0,0.0,0
82.000,0,0,0.0,0.0,0
82.000,0,0,0.0,0.0,0
82.000,0,0,0.0,0.0,0
82.000,0,0,0.0,0.0,0
82.000,0,0,0.0,0.0,0
82.000,0,0,0.0,0.0,0
82.000,0,0,0.0,0.0,0
82.000,0,0,0.0,0.0,0
82.000,0,0,0.0,0.0,0
82.100,0,0,0.0,0.0,0
82.100,0,0,0.0,0.0,0
82.100,0,0,0.0,0.0,0
82.100,0,0,0.0,0.0,0
82.100,0,0,0.0,0.0,0
82.100,0,0,0.0,0.0,0
82.100,0,0,0.0,0.0,0
82.100,0,0,0.0,0.0,0
82.100,0,0,0.0,0.0,0
82.100,0,0,0.0,0.0,0
82.100,0,0,0.0,0.0,0
82.200,0,0,0.0,0.0,0
82.200,0,0,0.0,0.0,0
82.200,0,0,0.0,0.0,0
82.200,0,0,0.0,0.0,0
82.200,0,0,0.0,0.0,0
82.200,0,0,0.0,0.0,0
82.200,0,0,0.0,0.0,0
82.200,0,0,0.0,0.0,0
82.200,0,0,0.0,0.0,0
82.200,0,0,0.0,0.0,0
82.300,0,0,0.0,0.0,0
82.300,0,0,0.0,0.0,0
82.300,0,0,0.0,0.0,0
82.300,0,0,0.0,0.0,0
82.300,0,0,0.0,0.0,0
82.300,0,0,0.0,0.0,0
82.300,0,0,0.0,0.0,0
82.300,0,0,0.0,0.0,0
82.300,0,0,0.0,0.0,0
82.300,0,0,0.0,0.0,0
82.300,0,0,0.0,0.0,0
82.400,0,0,0.0,0.0,0
82.400,0,0,0.0,0.0,0
82.400,0,0,0.0,0.0,0
82.400,0,0,0.0,0.0,0
82.400,0,0,0.0,0.0,0
82.400,0,0,0.0,0.0,0
82.400,0,0,0.0,0.0,0
82.400,0,0,0.0,0.0,0
82.400,0,0,0.0,0.0,0
82.400,0,0,0.0,0.0,0
82.500,0,0,0.0,0.0,0
82.500,0,0,0.0,0.0,0
82.500,0,0,0.0,0.0,0
82.500,0,0,0.0,0.0,0
82.500,0,0,0.0,0.0,0
82.500,0,0,0.0,0.0,0
82.500,0,0,0.0,0.0,0
82.500,0,0,0.0,0.0,0
82.500,0,0,0.0,0.0,0
82.500,0,0,0.0,0.0,0
82.500,0,0,0.0,0.0,0
82.600,0,0,0.0,0.0,0
82.600,0,0,0.0,0.0,0
82.600,0,0,0.0,0.0,0
82.600,0,0,0.0,0.0,0
82.600,0,0,0.0,0.0,0
82.600,0,0,0.0,0.0,0
82.600,0,0,0.0,0.0,0
82.600,0,0,0.0,0.0,0
82.600,0,0,0.0,0.0,0
82.600,0,0,0.0,0.0,0
82.700,0,0,0.0,0.0,0
82.700,0,0,0.0,0.0,0
82.700,0,0,0.0,0.0,0
82.700,0,0,0.0,0.0,0
82.700,0,0,0.0,0.0,0
82.700,0,0,0.0,0.0,0
82.700,0,0,0.0,0.0,0
82.700,0,0,0.0,0.0,0
82.700,0,0,0.0,0.0,0
82.700,0,0,0.0,0.0,0
82.800,0,0,0.0,0.0,0
82.800,0,0,0.0,0.0,0
82.800,0,0,0.0,0.0,0
82.800,0,0,0.0,0.0,0
82.800,0,0,0.0,0.0,0
82.800,0,0,0.0,0.0,0
82.800,0,0,0.0,0.0,0
82.800,0,0,0.0,0.0,0
82.800,0,0,0.0,0.0,0
82.800,0,0,0.0,0.0,0
82.800,0,0,0.0,0.0,0
82.900,0,0,0.0,0.0,0
82.900,0,0,0.0,0.0,0
82.900,0,0,0.0,0.0,0
82.900,0,0,0.0,0.0,0
82.900,0,0,0.0,0.0,0
82.900,0,0,0.0,0.0,0
82.900,0,0,0.0,0.0,0
82.900,0,0,0.0,0.0,0
82.900,0,0,0.0,0.0,0
82.900,0,0,0.0,0.0,0
83.000,0,0,0.0,0.0,0
83.000,0,0,0.0,0.0,0
83.000,0,0,0.0,0.0,0
83.000,0,0,0.0,0.0,0
83.000,0,0,0.0,0.0,0
83.000,0,0,0.0,0.0,0
83.000,0,0,0.0,0.0,0
83.000,0,0,0.0,0.0,0
83.000,0,0,0.0,0.0,0
83.000,0,0,0.0,0.0,0
83.000,0,0,0.0,0.0,0
83.100,0,0,0.0,0.0,0
83.100,0,0,0.0,0.0,0
83.100,0,0,0.0,0.0,0
83.100,0,0,0.0,0.0,0
83.100,0,0,0.0,0.0,0
83.100,0,0,0.0,0.0,0
83.100,0,0,0.0,0.0,0
83.100,0,0,0.0,0.0,0
83.100,0,0,0.0,0.0,0
83.100,0,0,0.0,0.0,0
83.200,0,0,0.0,0.0,0
83.200,0,0,0.0,0.0,0
83.200,0,0,0.0,0.0,0
83.200,0,0,0.0,0.0,0
83.200,0,0,0.0,0.0,0
83.200,0,0,0.0,0.0,0
83.200,0,0,0.0,0.0,0
83.200,0,0,0.0,0.0,0
83.200,0,0,0.0,0.0,0
83.200,0,0,0.0,0.0,0
83.200,0,0,0.0,0.0,0
83.300,0,0,0.0,0.0,0
83.300,0,0,0.0,0.0,0
83.300,0,0,0.0,0.0,0
83.300,0,0,0.0,0.0,0
83.300,0,0,0.0,0.0,0
83.300,0,0,0.0,0.0,0
83.300,0,0,0.0,0.0,0
83.300,0,0,0.0,0.0,0
83.300,0,0,0.0,0.0,0
83.300,0,0,0.0,0.0,0
