t_sec,turn_class,hill_class,turn_angle_deg,hill_angle_deg,is_straight
0.000,0,0,0.0,0.0,0
0.000,0,0,0.0,0.0,0
0.000,0,0,0.0,0.0,0
0.000,0,0,0.0,0.0,0
0.000,0,0,0.0,0.0,0
0.000,0,0,0.0,0.0,0
0.000,0,0,0.0,0.0,0
0.000,0,0,0.0,0.0,0
0.000,0,0,0.0,0.0,0
0.000,0,0,0.0,0.0,0
0.000,0,0,0.0,0.0,0
0.000,0,0,0.0,0.0,0
0.100,0,0,0.0,0.0,0
0.100,0,0,0.0,0.0,0
0.100,0,0,0.0,0.0,0
0.100,0,0,0.0,0.0,0
0.100,0,0,0.0,0.0,0
0.100,0,0,0.0,0.0,0
0.100,0,0,0.0,0.0,0
0.100,0,0,0.0,0.0,0
0.100,0,0,0.0,0.0,0
0.100,0,0,0.0,0.0,0
0.200,0,0,0.0,0.0,0
0.200,0,0,0.0,0.0,0
0.200,0,0,0.0,0.0,0
0.200,0,0,0.0,0.0,0
0.200,0,0,0.0,0.0,0
0.200,0,0,0.0,0.0,0
0.200,0,0,0.0,0.0,0
0.200,0,0,0.0,0.0,0
0.200,0,0,0.0,0.0,0
0.200,0,0,0.0,0.0,0
0.200,0,0,0.0,0.0,0
0.300,0,0,0.0,0.0,0
0.300,0,0,0.0,0.0,0
0.300,0,0,0.0,0.0,0
0.300,0,0,0.0,0.0,0
0.300,0,0,0.0,0.0,0
0.300,0,0,0.0,0.0,0
0.300,0,0,0.0,0.0,0
0.300,0,0,0.0,0.0,0
0.300,0,0,0.0,0.0,0
0.300,0,0,0.0,0.0,0
0.400,0,0,0.0,0.0,0
0.400,0,0,0.0,0.0,0
0.400,0,0,0.0,0.0,0
0.400,0,0,0.0,0.0,0
0.400,0,0,0.0,0.0,0
0.400,0,0,0.0,0.0,0
0.400,0,0,0.0,0.0,0
0.400,0,0,0.0,0.0,0
0.400,0,0,0.0,0.0,0
0.400,0,0,0.0,0.0,0
0.400,0,0,0.0,0.0,0
0.500,0,0,0.0,0.0,0
0.500,0,0,0.0,0.0,0
0.500,0,0,0.0,0.0,0
0.500,0,0,0.0,0.0,0
0.500,0,0,0.0,0.0,0
0.500,0,0,0.0,0.0,0
0.500,0,0,0.0,0.0,0
0.500,0,0,0.0,0.0,0
0.500,0,0,0.0,0.0,0
0.500,0,0,0.0,0.0,0
0.600,0,0,0.0,0.0,0
0.600,0,0,0.0,0.0,0
0.600,0,0,0.0,0.0,0
0.600,0,0,0.0,0.0,0
0.600,0,0,0.0,0.0,0
0.600,0,0,0.0,0.0,0
0.600,0,0,0.0,0.0,0
0.600,0,0,0.0,0.0,0
0.600,0,0,0.0,0.0,0
0.600,0,0,0.0,0.0,0
0.700,0,0,0.0,0.0,0
0.700,0,0,0.0,0.0,0
0.700,0,0,0.0,0.0,0
0.700,0,0,0.0,0.0,0
0.700,0,0,0.0,0.0,0
0.700,0,0,0.0,0.0,0
0.700,0,0,0.0,0.0,0
0.700,0,0,0.0,0.0,0
0.700,0,0,0.0,0.0,0
0.700,0,0,0.0,0.0,0
0.700,0,0,0.0,0.0,0
0.800,0,0,0.0,0.0,0
0.800,0,0,0.0,0.0,0
0.800,0,0,0.0,0.0,0
0.800,0,0,0.0,0.0,0
0.800,0,0,0.0,0.0,0
0.800,0,0,0.0,0.0,0
0.800,0,0,0.0,0.0,0
0.800,0,0,0.0,0.0,0
0.800,0,0,0.0,0.0,0
0.800,0,0,0.0,0.0,0
0.900,0,0,0.0,0.0,0
0.900,0,0,0.0,0.0,0
0.900,0,0,0.0,0.0,0
0.900,0,0,0.0,0.0,0
0.900,0,0,0.0,0.0,0
0.900,0,0,0.0,0.0,0
0.900,0,0,0.0,0.0,0
0.900,0,0,0.0,0.0,0
0.900,0,0,0.0,0.0,0
0.900,0,0,0.0,0.0,0
0.900,0,0,0.0,0.0,0
1.000,0,0,0.0,0.0,0
1.000,0,0,0.0,0.0,0
1.000,0,0,0.0,0.0,0
1.000,0,0,0.0,0.0,0
1.000,0,0,0.0,0.0,0
1.000,0,0,0.0,0.0,0
1.000,0,0,0.0,0.0,0
1.000,0,0,0.0,0.0,0
1.000,0,0,0.0,0.0,0
1.000,0,0,0.0,0.0,0
1.100,0,0,0.0,0.0,0
1.100,0,0,0.0,0.0,0
1.100,0,0,0.0,0.0,0
1.100,0,0,0.0,0.0,0
1.100,0,0,0.0,0.0,0
1.100,0,0,0.0,0.0,0
1.100,0,0,0.0,0.0,0
1.100,0,0,0.0,0.0,0
1.100,0,0,0.0,0.0,0
1.100,0,0,0.0,0.0,0
1.100,0,0,0.0,0.0,0
1.200,0,0,0.0,0.0,0
1.200,0,0,0.0,0.0,0
1.200,0,0,0.0,0.0,0
1.200,0,0,0.0,0.0,0
1.200,0,0,0.0,0.0,0
1.200,0,0,0.0,0.0,0
1.200,0,0,0.0,0.0,0
1.200,0,0,0.0,0.0,0
1.200,0,0,0.0,0.0,0
1.200,0,0,0.0,0.0,0
1.300,0,0,0.0,0.0,1
1.300,0,0,0.0,0.0,1
1.300,0,0,0.0,0.0,1
1.300,0,0,0.0,0.0,1
1.300,0,0,0.0,0.0,1
1.300,0,0,0.0,0.0,1
1.300,0,0,0.0,0.0,1
1.300,0,0,0.0,0.0,1
1.300,0,0,0.0,0.0,1
1.300,0,0,0.0,0.0,1
1.300,0,0,0.0,0.0,1
1.400,0,0,0.0,0.0,1
1.400,0,0,0.0,0.0,1
1.400,0,0,0.0,0.0,1
1.400,0,0,0.0,0.0,1
1.400,0,0,0.0,0.0,1
1.400,0,0,0.0,0.0,1
1.400,0,0,0.0,0.0,1
1.400,0,0,0.0,0.0,1
1.400,0,0,0.0,0.0,1
1.400,0,0,0.0,0.0,1
1.500,0,0,0.0,0.0,1
1.500,0,0,0.0,0.0,1
1.500,0,0,0.0,0.0,1
1.500,0,0,0.0,0.0,1
1.500,0,0,0.0,0.0,1
1.500,0,0,0.0,0.0,1
1.500,0,0,0.0,0.0,1
1.500,0,0,0.0,0.0,1
1.500,0,0,0.0,0.0,1
1.500,0,0,0.0,0.0,1
1.600,0,0,0.0,0.0,1
1.600,0,0,0.0,0.0,1
1.600,0,0,0.0,0.0,1
1.600,0,0,0.0,0.0,1
1.600,0,0,0.0,0.0,1
1.600,0,0,0.0,0.0,1
1.600,0,0,0.0,0.0,1
1.600,0,0,0.0,0.0,1
1.600,0,0,0.0,0.0,1
1.600,0,0,0.0,0.0,1
1.600,0,0,0.0,0.0,1
1.700,0,0,0.0,0.0,1
1.700,0,0,0.0,0.0,1
1.700,0,0,0.0,0.0,1
1.700,0,0,0.0,0.0,1
1.700,0,0,0.0,0.0,1
1.700,0,0,0.0,0.0,1
1.700,0,0,0.0,0.0,1
1.700,0,0,0.0,0.0,1
1.700,0,0,0.0,0.0,1
1.700,0,0,0.0,0.0,1
1.800,0,0,0.0,0.0,1
1.800,0,0,0.0,0.0,1
1.800,0,0,0.0,0.0,1
1.800,0,0,0.0,0.0,1
1.800,0,0,0.0,0.0,1
1.800,0,0,0.0,0.0,1
1.800,0,0,0.0,0.0,1
1.800,0,0,0.0,0.0,1
1.800,0,0,0.0,0.0,1
1.800,0,0,0.0,0.0,1
1.800,0,0,0.0,0.0,1
1.900,0,0,0.0,0.0,1
1.900,0,0,0.0,0.0,1
1.900,0,0,0.0,0.0,1
1.900,0,0,0.0,0.0,1
1.900,0,0,0.0,0.0,1
1.900,0,0,0.0,0.0,1
1.900,0,0,0.0,0.0,1
1.900,0,0,0.0,0.0,1
1.900,0,0,0.0,0.0,1
1.900,0,0,0.0,0.0,1
2.000,0,0,0.0,0.0,1
2.000,0,0,0.0,0.0,1
2.000,0,0,0.0,0.0,1
2.000,0,0,0.0,0.0,1
2.000,0,0,0.0,0.0,1
2.000,0,0,0.0,0.0,1
2.000,0,0,0.0,0.0,1
2.000,0,0,0.0,0.0,1
2.000,0,0,0.0,0.0,1
2.000,0,0,0.0,0.0,1
2.000,0,0,0.0,0.0,1
2.100,0,0,0.0,0.0,1
2.100,0,0,0.0,0.0,1
2.100,0,0,0.0,0.0,1
2.100,0,0,0.0,0.0,1
2.100,0,0,0.0,0.0,1
2.100,0,0,0.0,0.0,1
2.100,0,0,0.0,0.0,1
2.100,0,0,0.0,0.0,1
2.100,0,0,0.0,0.0,1
2.100,0,0,0.0,0.0,1
2.200,0,0,0.0,0.0,1
2.200,0,0,0.0,0.0,1
2.200,0,0,0.0,0.0,1
2.200,0,0,0.0,0.0,1
2.200,0,0,0.0,0.0,1
2.200,0,0,0.0,0.0,1
2.200,0,0,0.0,0.0,1
2.200,0,0,0.0,0.0,1
2.200,0,0,0.0,0.0,1
2.200,0,0,0.0,0.0,1
2.300,0,0,0.0,0.0,1
2.300,0,0,0.0,0.0,1
2.300,0,0,0.0,0.0,1
2.300,0,0,0.0,0.0,1
2.300,0,0,0.0,0.0,1
2.300,0,0,0.0,0.0,1
2.300,0,0,0.0,0.0,1
2.300,0,0,0.0,0.0,1
2.300,0,0,0.0,0.0,1
2.300,0,0,0.0,0.0,1
2.300,0,0,0.0,0.0,1
2.400,0,0,0.0,0.0,1
2.400,0,0,0.0,0.0,1
2.400,0,0,0.0,0.0,1
2.400,0,0,0.0,0.0,1
2.400,0,0,0.0,0.0,1
2.400,0,0,0.0,0.0,1
2.400,0,0,0.0,0.0,1
2.400,0,0,0.0,0.0,1
2.400,0,0,0.0,0.0,1
2.400,0,0,0.0,0.0,1
2.500,0,0,0.0,0.0,1
2.500,0,0,0.0,0.0,1
2.500,0,0,0.0,0.0,1
2.500,0,0,0.0,0.0,1
2.500,0,0,0.0,0.0,1
2.500,0,0,0.0,0.0,1
2.500,0,0,0.0,0.0,1
2.500,0,0,0.0,0.0,1
2.500,0,0,0.0,0.0,1
2.500,0,0,0.0,0.0,1
2.500,0,0,0.0,0.0,1
2.600,0,0,0.0,0.0,1
2.600,0,0,0.0,0.0,1
2.600,0,0,0.0,0.0,1
2.600,0,0,0.0,0.0,1
2.600,0,0,0.0,0.0,1
2.600,0,0,0.0,0.0,1
2.600,0,0,0.0,0.0,1
2.600,0,0,0.0,0.0,1
2.600,0,0,0.0,0.0,1
2.600,0,0,0.0,0.0,1
2.700,0,0,0.0,0.0,1
2.700,0,0,0.0,0.0,1
2.700,0,0,0.0,0.0,1
2.700,0,0,0.0,0.0,1
2.700,0,0,0.0,0.0,1
2.700,0,0,0.0,0.0,1
2.700,0,0,0.0,0.0,1
2.700,0,0,0.0,0.0,1
2.700,0,0,0.0,0.0,1
2.700,0,0,0.0,0.0,1
2.700,0,0,0.0,0.0,1
2.800,0,0,0.0,0.0,1
2.800,0,0,0.0,0.0,1
2.800,0,0,0.0,0.0,1
2.800,0,0,0.0,0.0,1
2.800,0,0,0.0,0.0,1
2.800,0,0,0.0,0.0,1
2.800,0,0,0.0,0.0,1
2.800,0,0,0.0,0.0,1
2.800,0,0,0.0,0.0,1
2.800,0,0,0.0,0.0,1
2.900,0,0,0.0,0.0,1
2.900,0,0,0.0,0.0,1
2.900,0,0,0.0,0.0,1
2.900,0,0,0.0,0.0,1
2.900,0,0,0.0,0.0,1
2.900,0,0,0.0,0.0,1
2.900,0,0,0.0,0.0,1
2.900,0,0,0.0,0.0,1
2.900,0,0,0.0,0.0,1
2.900,0,0,0.0,0.0,1
3.000,0,0,0.0,0.0,1
3.000,0,0,0.0,0.0,1
3.000,0,0,0.0,0.0,1
3.000,0,0,0.0,0.0,1
3.000,0,0,0.0,0.0,1
3.000,0,0,0.0,0.0,1
3.000,0,0,0.0,0.0,1
3.000,0,0,0.0,0.0,1
3.000,0,0,0.0,0.0,1
3.000,0,0,0.0,0.0,1
3.000,0,0,0.0,0.0,1
3.100,0,0,0.0,0.0,1
3.100,0,0,0.0,0.0,1
3.100,0,0,0.0,0.0,1
3.100,0,0,0.0,0.0,1
3.100,0,0,0.0,0.0,1
3.100,0,0,0.0,0.0,1
3.100,0,0,0.0,0.0,1
3.100,0,0,0.0,0.0,1
3.100,0,0,0.0,0.0,1
3.100,0,0,0.0,0.0,1
3.200,0,0,0.0,0.0,1
3.200,0,0,0.0,0.0,1
3.200,0,0,0.0,0.0,1
3.200,0,0,0.0,0.0,1
3.200,0,0,0.0,0.0,1
3.200,0,0,0.0,0.0,1
3.200,0,0,0.0,0.0,1
3.200,0,0,0.0,0.0,1
3.200,0,0,0.0,0.0,1
3.200,0,0,0.0,0.0,1
3.200,0,0,0.0,0.0,1
3.300,0,0,0.0,0.0,1
3.300,0,0,0.0,0.0,1
3.300,0,0,0.0,0.0,1
3.300,0,0,0.0,0.0,1
3.300,0,0,0.0,0.0,1
3.300,0,0,0.0,0.0,1
3.300,0,0,0.0,0.0,1
3.300,0,0,0.0,0.0,1
3.300,0,0,0.0,0.0,1
3.300,0,0,0.0,0.0,1
3.400,0,0,0.0,0.0,1
3.400,0,0,0.0,0.0,1
3.400,0,0,0.0,0.0,1
3.400,0,0,0.0,0.0,1
3.400,0,0,0.0,0.0,1
3.400,0,0,0.0,0.0,1
3.400,0,0,0.0,0.0,1
3.400,0,0,0.0,0.0,1
3.400,0,0,0.0,0.0,1
3.400,0,0,0.0,0.0,1
3.400,0,0,0.0,0.0,1
3.500,0,0,0.0,0.0,1
3.500,0,0,0.0,0.0,1
3.500,0,0,0.0,0.0,1
3.500,0,0,0.0,0.0,1
3.500,0,0,0.0,0.0,1
3.500,0,0,0.0,0.0,1
3.500,0,0,0.0,0.0,1
3.500,0,0,0.0,0.0,1
3.500,0,0,0.0,0.0,1
3.500,0,0,0.0,0.0,1
3.600,0,0,0.0,0.0,1
3.600,0,0,0.0,0.0,1
3.600,0,0,0.0,0.0,1
3.600,0,0,0.0,0.0,1
3.600,0,0,0.0,0.0,1
3.600,0,0,0.0,0.0,1
3.600,0,0,0.0,0.0,1
3.600,0,0,0.0,0.0,1
3.600,0,0,0.0,0.0,1
3.600,0,0,0.0,0.0,1
3.700,0,0,0.0,0.0,1
3.700,0,0,0.0,0.0,1
3.700,0,0,0.0,0.0,1
3.700,0,0,0.0,0.0,1
3.700,0,0,0.0,0.0,1
3.700,0,0,0.0,0.0,1
3.700,0,0,0.0,0.0,1
3.700,0,0,0.0,0.0,1
3.700,0,0,0.0,0.0,1
3.700,0,0,0.0,0.0,1
3.700,0,0,0.0,0.0,1
3.800,0,0,0.0,0.0,1
3.800,0,0,0.0,0.0,1
3.800,0,0,0.0,0.0,1
3.800,0,0,0.0,0.0,1
3.800,0,0,0.0,0.0,1
3.800,0,0,0.0,0.0,1
3.800,0,0,0.0,0.0,1
3.800,0,0,0.0,0.0,1
3.800,0,0,0.0,0.0,1
3.800,0,0,0.0,0.0,1
3.900,0,0,0.0,0.0,1
3.900,0,0,0.0,0.0,1
3.900,0,0,0.0,0.0,1
3.900,0,0,0.0,0.0,1
3.900,0,0,0.0,0.0,1
3.900,0,0,0.0,0.0,1
3.900,0,0,0.0,0.0,1
3.900,0,0,0.0,0.0,1
3.900,0,0,0.0,0.0,1
3.900,0,0,0.0,0.0,1
3.900,0,0,0.0,0.0,1
4.000,0,0,0.0,0.0,1
4.000,0,0,0.0,0.0,1
4.000,0,0,0.0,0.0,1
4.000,0,0,0.0,0.0,1
4.000,0,0,0.0,0.0,1
4.000,0,0,0.0,0.0,1
4.000,0,0,0.0,0.0,1
4.000,0,0,0.0,0.0,1
4.000,0,0,0.0,0.0,1
4.000,0,0,0.0,0.0,1
4.100,0,0,0.0,0.0,1
4.100,0,0,0.0,0.0,1
4.100,0,0,0.0,0.0,1
4.100,0,0,0.0,0.0,1
4.100,0,0,0.0,0.0,1
4.100,0,0,0.0,0.0,1
4.100,0,0,0.0,0.0,1
4.100,0,0,0.0,0.0,1
4.100,0,0,0.0,0.0,1
4.100,0,0,0.0,0.0,1
4.100,0,0,0.0,0.0,1
4.200,0,0,0.0,0.0,1
4.200,0,0,0.0,0.0,1
4.200,0,0,0.0,0.0,1
4.200,0,0,0.0,0.0,1
4.200,0,0,0.0,0.0,1
4.200,0,0,0.0,0.0,1
4.200,0,0,0.0,0.0,1
4.200,0,0,0.0,0.0,1
4.200,0,0,0.0,0.0,1
4.200,0,0,0.0,0.0,1
4.300,0,0,0.0,0.0,1
4.300,0,0,0.0,0.0,1
4.300,0,0,0.0,0.0,1
4.300,0,0,0.0,0.0,1
4.300,0,0,0.0,0.0,1
4.300,0,0,0.0,0.0,1
4.300,0,0,0.0,0.0,1
4.300,0,0,0.0,0.0,1
4.300,0,0,0.0,0.0,1
4.300,0,0,0.0,0.0,1
4.300,0,0,0.0,0.0,1
4.400,0,0,0.0,0.0,1
4.400,0,0,0.0,0.0,1
4.400,0,0,0.0,0.0,1
4.400,0,0,0.0,0.0,1
4.400,0,0,0.0,0.0,1
4.400,0,0,0.0,0.0,1
4.400,0,0,0.0,0.0,1
4.400,0,0,0.0,0.0,1
4.400,0,0,0.0,0.0,1
4.400,0,0,0.0,0.0,1
4.500,0,0,0.0,0.0,1
4.500,0,0,0.0,0.0,1
4.500,0,0,0.0,0.0,1
4.500,0,0,0.0,0.0,1
4.500,0,0,0.0,0.0,1
4.500,0,0,0.0,0.0,1
4.500,0,0,0.0,0.0,1
4.500,0,0,0.0,0.0,1
4.500,0,0,0.0,0.0,1
4.500,0,0,0.0,0.0,1
4.600,0,0,0.0,0.0,1
4.600,0,0,0.0,0.0,1
4.600,0,0,0.0,0.0,1
4.600,0,0,0.0,0.0,1
4.600,0,0,0.0,0.0,1
4.600,0,0,0.0,0.0,1
4.600,0,0,0.0,0.0,1
4.600,0,0,0.0,0.0,1
4.600,0,0,0.0,0.0,1
4.600,0,0,0.0,0.0,1
4.600,0,0,0.0,0.0,1
4.700,0,0,0.0,0.0,1
4.700,0,0,0.0,0.0,1
4.700,0,0,0.0,0.0,1
4.700,0,0,0.0,0.0,1
4.700,0,0,0.0,0.0,1
4.700,0,0,0.0,0.0,1
4.700,0,0,0.0,0.0,1
4.700,0,0,0.0,0.0,1
4.700,0,0,0.0,0.0,1
4.700,0,0,0.0,0.0,1
4.800,0,0,0.0,0.0,1
4.800,0,0,0.0,0.0,1
4.800,0,0,0.0,0.0,1
4.800,0,0,0.0,0.0,1
4.800,0,0,0.0,0.0,1
4.800,0,0,0.0,0.0,1
4.800,0,0,0.0,0.0,1
4.800,0,0,0.0,0.0,1
4.800,0,0,0.0,0.0,1
4.800,0,0,0.0,0.0,1
4.800,0,0,0.0,0.0,1
4.900,0,0,0.0,0.0,1
4.900,0,0,0.0,0.0,1
4.900,0,0,0.0,0.0,1
4.900,0,0,0.0,0.0,1
4.900,0,0,0.0,0.0,1
4.900,0,0,0.0,0.0,1
4.900,0,0,0.0,0.0,1
4.900,0,0,0.0,0.0,1
4.900,0,0,0.0,0.0,1
4.900,0,0,0.0,0.0,1
5.000,0,0,0.0,0.0,1
5.000,0,0,0.0,0.0,1
5.000,0,0,0.0,0.0,1
5.000,0,0,0.0,0.0,1
5.000,0,0,0.0,0.0,1
5.000,0,0,0.0,0.0,1
5.000,0,0,0.0,0.0,1
5.000,0,0,0.0,0.0,1
5.000,0,0,0.0,0.0,1
5.000,0,0,0.0,0.0,1
5.000,0,0,0.0,0.0,1
5.100,0,0,0.0,0.0,1
5.100,0,0,0.0,0.0,1
5.100,0,0,0.0,0.0,1
5.100,0,0,0.0,0.0,1
5.100,0,0,0.0,0.0,1
5.100,0,0,0.0,0.0,1
5.100,0,0,0.0,0.0,1
5.100,0,0,0.0,0.0,1
5.100,0,0,0.0,0.0,1
5.100,0,0,0.0,0.0,1
5.200,0,0,0.0,0.0,1
5.200,0,0,0.0,0.0,1
5.200,0,0,0.0,0.0,1
5.200,0,0,0.0,0.0,1
5.200,0,0,0.0,0.0,1
5.200,0,0,0.0,0.0,1
5.200,0,0,0.0,0.0,1
5.200,0,0,0.0,0.0,1
5.200,0,0,0.0,0.0,1
5.200,0,0,0.0,0.0,1
5.300,0,0,0.0,0.0,1
5.300,0,0,0.0,0.0,1
5.300,0,0,0.0,0.0,1
5.300,0,0,0.0,0.0,1
5.300,0,0,0.0,0.0,1
5.300,0,0,0.0,0.0,1
5.300,0,0,0.0,0.0,1
5.300,0,0,0.0,0.0,1
5.300,0,0,0.0,0.0,1
5.300,0,0,0.0,0.0,1
5.300,0,0,0.0,0.0,1
5.400,0,0,0.0,0.0,1
5.400,0,0,0.0,0.0,1
5.400,0,0,0.0,0.0,1
5.400,0,0,0.0,0.0,1
5.400,0,0,0.0,0.0,1
5.400,0,0,0.0,0.0,1
5.400,0,0,0.0,0.0,1
5.400,0,0,0.0,0.0,1
5.400,0,0,0.0,0.0,1
5.400,0,0,0.0,0.0,1
5.500,0,0,0.0,0.0,1
5.500,0,0,0.0,0.0,1
5.500,0,0,0.0,0.0,1
5.500,0,0,0.0,0.0,1
5.500,0,0,0.0,0.0,1
5.500,0,0,0.0,0.0,1
5.500,0,0,0.0,0.0,1
5.500,0,0,0.0,0.0,1
5.500,0,0,0.0,0.0,1
5.500,0,0,0.0,0.0,1
5.500,0,0,0.0,0.0,1
5.600,0,0,0.0,0.0,1
5.600,0,0,0.0,0.0,1
5.600,0,0,0.0,0.0,1
5.600,0,0,0.0,0.0,1
5.600,0,0,0.0,0.0,1
5.600,0,0,0.0,0.0,1
5.600,0,0,0.0,0.0,1
5.600,0,0,0.0,0.0,1
5.600,0,0,0.0,0.0,1
5.600,0,0,0.0,0.0,1
5.700,0,0,0.0,0.0,1
5.700,0,0,0.0,0.0,1
5.700,0,0,0.0,0.0,1
5.700,0,0,0.0,0.0,1
5.700,0,0,0.0,0.0,1
5.700,0,0,0.0,0.0,1
5.700,0,0,0.0,0.0,1
5.700,0,0,0.0,0.0,1
5.700,0,0,0.0,0.0,1
5.700,0,0,0.0,0.0,1
5.700,0,0,0.0,0.0,1
5.800,0,0,0.0,0.0,1
5.800,0,0,0.0,0.0,1
5.800,0,0,0.0,0.0,1
5.800,0,0,0.0,0.0,1
5.800,0,0,0.0,0.0,1
5.800,0,0,0.0,0.0,1
5.800,0,0,0.0,0.0,1
5.800,0,0,0.0,0.0,1
5.800,0,0,0.0,0.0,1
5.800,0,0,0.0,0.0,1
5.900,0,0,0.0,0.0,1
5.900,0,0,0.0,0.0,1
5.900,0,0,0.0,0.0,1
5.900,0,0,0.0,0.0,1
5.900,0,0,0.0,0.0,1
5.900,0,0,0.0,0.0,1
5.900,0,0,0.0,0.0,1
5.900,0,0,0.0,0.0,1
5.900,0,0,0.0,0.0,1
5.900,0,0,0.0,0.0,1
6.000,0,0,0.0,0.0,1
6.000,0,0,0.0,0.0,1
6.000,0,0,0.0,0.0,1
6.000,0,0,0.0,0.0,1
6.000,0,0,0.0,0.0,1
6.000,0,0,0.0,0.0,1
6.000,0,0,0.0,0.0,1
6.000,0,0,0.0,0.0,1
6.000,0,0,0.0,0.0,1
6.000,0,0,0.0,0.0,1
6.000,0,0,0.0,0.0,1
6.100,0,0,0.0,0.0,1
6.100,0,0,0.0,0.0,1
6.100,0,0,0.0,0.0,1
6.100,0,0,0.0,0.0,1
6.100,0,0,0.0,0.0,1
6.100,0,0,0.0,0.0,1
6.100,0,0,0.0,0.0,1
6.100,0,0,0.0,0.0,1
6.100,0,0,0.0,0.0,1
6.100,0,0,0.0,0.0,1
6.200,0,0,0.0,0.0,1
6.200,0,0,0.0,0.0,1
6.200,0,0,0.0,0.0,1
6.200,0,0,0.0,0.0,1
6.200,0,0,0.0,0.0,1
6.200,0,0,0.0,0.0,1
6.200,0,0,0.0,0.0,1
6.200,0,0,0.0,0.0,1
6.200,0,0,0.0,0.0,1
6.200,0,0,0.0,0.0,1
6.200,0,0,0.0,0.0,1
6.300,0,0,0.0,0.0,1
6.300,0,0,0.0,0.0,1
6.300,0,0,0.0,0.0,1
6.300,0,0,0.0,0.0,1
6.300,0,0,0.0,0.0,1
6.300,0,0,0.0,0.0,1
6.300,0,0,0.0,0.0,1
6.300,0,0,0.0,0.0,1
6.300,0,0,0.0,0.0,1
6.300,0,0,0.0,0.0,1
6.400,0,0,0.0,0.0,1
6.400,0,0,0.0,0.0,1
6.400,0,0,0.0,0.0,1
6.400,0,0,0.0,0.0,1
6.400,0,0,0.0,0.0,1
6.400,0,0,0.0,0.0,1
6.400,0,0,0.0,0.0,1
6.400,0,0,0.0,0.0,1
6.400,0,0,0.0,0.0,1
6.400,0,0,0.0,0.0,1
6.400,0,0,0.0,0.0,1
6.500,0,0,0.0,0.0,1
6.500,0,0,0.0,0.0,1
6.500,0,0,0.0,0.0,1
6.500,0,0,0.0,0.0,1
6.500,0,0,0.0,0.0,1
6.500,0,0,0.0,0.0,1
6.500,0,0,0.0,0.0,1
6.500,0,0,0.0,0.0,1
6.500,0,0,0.0,0.0,1
6.500,0,0,0.0,0.0,1
6.600,0,0,0.0,0.0,1
6.600,0,0,0.0,0.0,1
6.600,0,0,0.0,0.0,1
6.600,0,0,0.0,0.0,1
6.600,0,0,0.0,0.0,1
6.600,0,0,0.0,0.0,1
6.600,0,0,0.0,0.0,1
6.600,0,0,0.0,0.0,1
6.600,0,0,0.0,0.0,1
6.600,0,0,0.0,0.0,1
6.700,0,0,0.0,0.0,1
6.700,0,0,0.0,0.0,1
6.700,0,0,0.0,0.0,1
6.700,0,0,0.0,0.0,1
6.700,0,0,0.0,0.0,1
6.700,0,0,0.0,0.0,1
6.700,0,0,0.0,0.0,1
6.700,0,0,0.0,0.0,1
6.700,0,0,0.0,0.0,1
6.700,0,0,0.0,0.0,1
6.700,0,0,0.0,0.0,1
6.800,0,0,0.0,0.0,1
6.800,0,0,0.0,0.0,1
6.800,0,0,0.0,0.0,1
6.800,0,0,0.0,0.0,1
6.800,0,0,0.0,0.0,1
6.800,0,0,0.0,0.0,1
6.800,0,0,0.0,0.0,1
6.800,0,0,0.0,0.0,1
6.800,0,0,0.0,0.0,1
6.800,0,0,0.0,0.0,1
6.900,0,0,0.0,0.0,1
6.900,0,0,0.0,0.0,1
6.900,0,0,0.0,0.0,1
6.900,0,0,0.0,0.0,1
6.900,0,0,0.0,0.0,1
6.900,0,0,0.0,0.0,1
6.900,0,0,0.0,0.0,1
6.900,0,0,0.0,0.0,1
6.900,0,0,0.0,0.0,1
6.900,0,0,0.0,0.0,1
6.900,0,0,0.0,0.0,1
7.000,0,0,0.0,0.0,1
7.000,0,0,0.0,0.0,1
7.000,0,0,0.0,0.0,1
7.000,0,0,0.0,0.0,1
7.000,0,0,0.0,0.0,1
7.000,0,0,0.0,0.0,1
7.000,0,0,0.0,0.0,1
7.000,0,0,0.0,0.0,1
7.000,0,0,0.0,0.0,1
7.000,0,0,0.0,0.0,1
7.100,0,0,0.0,0.0,1
7.100,0,0,0.0,0.0,1
7.100,0,0,0.0,0.0,1
7.100,0,0,0.0,0.0,1
7.100,0,0,0.0,0.0,1
7.100,0,0,0.0,0.0,1
7.100,0,0,0.0,0.0,1
7.100,0,0,0.0,0.0,1
7.100,0,0,0.0,0.0,1
7.100,0,0,0.0,0.0,1
7.100,0,0,0.0,0.0,1
7.200,0,0,0.0,0.0,1
7.200,0,0,0.0,0.0,1
7.200,0,0,0.0,0.0,1
7.200,0,0,0.0,0.0,1
7.200,0,0,0.0,0.0,1
7.200,0,0,0.0,0.0,1
7.200,0,0,0.0,0.0,1
7.200,0,0,0.0,0.0,1
7.200,0,0,0.0,0.0,1
7.200,0,0,0.0,0.0,1
7.300,0,0,0.0,0.0,1
7.300,0,0,0.0,0.0,1
7.300,0,0,0.0,0.0,1
7.300,0,0,0.0,0.0,1
7.300,0,0,0.0,0.0,1
7.300,0,0,0.0,0.0,1
7.300,0,0,0.0,0.0,1
7.300,0,0,0.0,0.0,1
7.300,0,0,0.0,0.0,1
7.300,0,0,0.0,0.0,1
7.300,0,0,0.0,0.0,1
7.400,0,0,0.0,0.0,1
7.400,0,0,0.0,0.0,1
7.400,0,0,0.0,0.0,1
7.400,0,0,0.0,0.0,1
7.400,0,0,0.0,0.0,1
7.400,0,0,0.0,0.0,1
7.400,0,0,0.0,0.0,1
7.400,0,0,0.0,0.0,1
7.400,0,0,0.0,0.0,1
7.400,0,0,0.0,0.0,1
7.500,0,0,0.0,0.0,1
7.500,0,0,0.0,0.0,1
7.500,0,0,0.0,0.0,1
7.500,0,0,0.0,0.0,1
7.500,0,0,0.0,0.0,1
7.500,0,0,0.0,0.0,1
7.500,0,0,0.0,0.0,1
7.500,0,0,0.0,0.0,1
7.500,0,0,0.0,0.0,1
7.500,0,0,0.0,0.0,1
7.600,0,0,0.0,0.0,1
7.600,0,0,0.0,0.0,1
7.600,0,0,0.0,0.0,1
7.600,0,0,0.0,0.0,1
7.600,0,0,0.0,0.0,1
7.600,0,0,0.0,0.0,1
7.600,0,0,0.0,0.0,1
7.600,0,0,0.0,0.0,1
7.600,0,0,0.0,0.0,1
7.600,0,0,0.0,0.0,1
7.600,0,0,0.0,0.0,1
7.700,0,0,0.0,0.0,1
7.700,0,0,0.0,0.0,1
7.700,0,0,0.0,0.0,1
7.700,0,0,0.0,0.0,1
7.700,0,0,0.0,0.0,1
7.700,0,0,0.0,0.0,1
7.700,0,0,0.0,0.0,1
7.700,0,0,0.0,0.0,1
7.700,0,0,0.0,0.0,1
7.700,0,0,0.0,0.0,1
7.800,0,0,0.0,0.0,1
7.800,0,0,0.0,0.0,1
7.800,0,0,0.0,0.0,1
7.800,0,0,0.0,0.0,1
7.800,0,0,0.0,0.0,1
7.800,0,0,0.0,0.0,1
7.800,0,0,0.0,0.0,1
7.800,0,0,0.0,0.0,1
7.800,0,0,0.0,0.0,1
7.800,0,0,0.0,0.0,1
7.800,0,0,0.0,0.0,1
7.900,0,0,0.0,0.0,1
7.900,0,0,0.0,0.0,1
7.900,0,0,0.0,0.0,1
7.900,0,0,0.0,0.0,1
7.900,0,0,0.0,0.0,1
7.900,0,0,0.0,0.0,1
7.900,0,0,0.0,0.0,1
7.900,0,0,0.0,0.0,1
7.900,0,0,0.0,0.0,1
7.900,0,0,0.0,0.0,1
8.000,0,0,0.0,0.0,1
8.000,0,0,0.0,0.0,1
8.000,0,0,0.0,0.0,1
8.000,0,0,0.0,0.0,1
8.000,0,0,0.0,0.0,1
8.000,0,0,0.0,0.0,1
8.000,0,0,0.0,0.0,1
8.000,0,0,0.0,0.0,1
8.000,0,0,0.0,0.0,1
8.000,0,0,0.0,0.0,1
8.000,0,0,0.0,0.0,1
8.100,0,0,0.0,0.0,1
8.100,0,0,0.0,0.0,1
8.100,0,0,0.0,0.0,1
8.100,0,0,0.0,0.0,1
8.100,0,0,0.0,0.0,1
8.100,0,0,0.0,0.0,1
8.100,0,0,0.0,0.0,1
8.100,0,0,0.0,0.0,1
8.100,0,0,0.0,0.0,1
8.100,0,0,0.0,0.0,1
8.200,0,0,0.0,0.0,1
8.200,0,0,0.0,0.0,1
8.200,0,0,0.0,0.0,1
8.200,0,0,0.0,0.0,1
8.200,0,0,0.0,0.0,1
8.200,0,0,0.0,0.0,1
8.200,0,0,0.0,0.0,1
8.200,0,0,0.0,0.0,1
8.200,0,0,0.0,0.0,1
8.200,0,0,0.0,0.0,1
8.300,0,0,0.0,0.0,1
8.300,0,0,0.0,0.0,1
8.300,0,0,0.0,0.0,1
8.300,0,0,0.0,0.0,1
8.300,0,0,0.0,0.0,1
8.300,0,0,0.0,0.0,1
8.300,0,0,0.0,0.0,1
8.300,0,0,0.0,0.0,1
8.300,0,0,0.0,0.0,1
8.300,0,0,0.0,0.0,1
8.300,0,0,0.0,0.0,1
8.400,0,0,0.0,0.0,1
8.400,0,0,0.0,0.0,1
8.400,0,0,0.0,0.0,1
8.400,0,0,0.0,0.0,1
8.400,0,0,0.0,0.0,1
8.400,0,0,0.0,0.0,1
8.400,0,0,0.0,0.0,1
8.400,0,0,0.0,0.0,1
8.400,0,0,0.0,0.0,1
8.400,0,0,0.0,0.0,1
8.500,0,0,0.0,0.0,1
8.500,0,0,0.0,0.0,1
8.500,0,0,0.0,0.0,1
8.500,0,0,0.0,0.0,1
8.500,0,0,0.0,0.0,1
8.500,0,0,0.0,0.0,1
8.500,0,0,0.0,0.0,1
8.500,0,0,0.0,0.0,1
8.500,0,0,0.0,0.0,1
8.500,0,0,0.0,0.0,1
8.500,0,0,0.0,0.0,1
8.600,0,0,0.0,0.0,1
8.600,0,0,0.0,0.0,1
8.600,0,0,0.0,0.0,1
8.600,0,0,0.0,0.0,1
8.600,0,0,0.0,0.0,1
8.600,0,0,0.0,0.0,1
8.600,0,0,0.0,0.0,1
8.600,0,0,0.0,0.0,1
8.600,0,0,0.0,0.0,1
8.600,0,0,0.0,0.0,1
8.700,0,0,0.0,0.0,1
8.700,0,0,0.0,0.0,1
8.700,0,0,0.0,0.0,1
8.700,0,0,0.0,0.0,1
8.700,0,0,0.0,0.0,1
8.700,0,0,0.0,0.0,1
8.700,0,0,0.0,0.0,1
8.700,0,0,0.0,0.0,1
8.700,0,0,0.0,0.0,1
8.700,0,0,0.0,0.0,1
8.700,0,0,0.0,0.0,1
8.800,0,0,0.0,0.0,1
8.800,0,0,0.0,0.0,1
8.800,0,0,0.0,0.0,1
8.800,0,0,0.0,0.0,1
8.800,0,0,0.0,0.0,1
8.800,0,0,0.0,0.0,1
8.800,0,0,0.0,0.0,1
8.800,0,0,0.0,0.0,1
8.800,0,0,0.0,0.0,1
8.800,0,0,0.0,0.0,1
8.900,0,0,0.0,0.0,1
8.900,0,0,0.0,0.0,1
8.900,0,0,0.0,0.0,1
8.900,0,0,0.0,0.0,1
8.900,0,0,0.0,0.0,1
8.900,0,0,0.0,0.0,1
8.900,0,0,0.0,0.0,1
8.900,0,0,0.0,0.0,1
8.900,0,0,0.0,0.0,1
8.900,0,0,0.0,0.0,1
9.000,0,0,0.0,0.0,1
9.000,0,0,0.0,0.0,1
9.000,0,0,0.0,0.0,1
9.000,0,0,0.0,0.0,1
9.000,0,0,0.0,0.0,1
9.000,0,0,0.0,0.0,1
9.000,0,0,0.0,0.0,1
9.000,0,0,0.0,0.0,1
9.000,0,0,0.0,0.0,1
9.000,0,0,0.0,0.0,1
9.000,0,0,0.0,0.0,1
9.100,0,0,0.0,0.0,1
9.100,0,0,0.0,0.0,1
9.100,0,0,0.0,0.0,1
9.100,0,0,0.0,0.0,1
9.100,0,0,0.0,0.0,1
9.100,0,0,0.0,0.0,1
9.100,0,0,0.0,0.0,1
9.100,0,0,0.0,0.0,1
9.100,0,0,0.0,0.0,1
9.100,0,0,0.0,0.0,1
9.200,0,0,0.0,0.0,1
9.200,0,0,0.0,0.0,1
9.200,0,0,0.0,0.0,1
9.200,0,0,0.0,0.0,1
9.200,0,0,0.0,0.0,1
9.200,0,0,0.0,0.0,1
9.200,0,0,0.0,0.0,1
9.200,0,0,0.0,0.0,1
9.200,0,0,0.0,0.0,1
9.200,0,0,0.0,0.0,1
9.200,0,0,0.0,0.0,1
9.300,0,0,0.0,0.0,1
9.300,0,0,0.0,0.0,1
9.300,0,0,0.0,0.0,1
9.300,0,0,0.0,0.0,1
9.300,0,0,0.0,0.0,1
9.300,0,0,0.0,0.0,1
9.300,0,0,0.0,0.0,1
9.300,0,0,0.0,0.0,1
9.300,0,0,0.0,0.0,1
9.300,0,0,0.0,0.0,1
9.400,0,0,0.0,0.0,1
9.400,0,0,0.0,0.0,1
9.400,0,0,0.0,0.0,1
9.400,0,0,0.0,0.0,1
9.400,0,0,0.0,0.0,1
9.400,0,0,0.0,0.0,1
9.400,0,0,0.0,0.0,1
9.400,0,0,0.0,0.0,1
9.400,0,0,0.0,0.0,1
9.400,0,0,0.0,0.0,1
9.400,0,0,0.0,0.0,1
9.500,0,0,0.0,0.0,1
9.500,0,0,0.0,0.0,1
9.500,0,0,0.0,0.0,1
9.500,0,0,0.0,0.0,1
9.500,0,0,0.0,0.0,1
9.500,0,0,0.0,0.0,1
9.500,0,0,0.0,0.0,1
9.500,0,0,0.0,0.0,1
9.500,0,0,0.0,0.0,1
9.500,0,0,0.0,0.0,1
9.600,0,0,0.0,0.0,1
9.600,0,0,0.0,0.0,1
9.600,0,0,0.0,0.0,1
9.600,0,0,0.0,0.0,1
9.600,0,0,0.0,0.0,1
9.600,0,0,0.0,0.0,1
9.600,0,0,0.0,0.0,1
9.600,0,0,0.0,0.0,1
9.600,0,0,0.0,0.0,1
9.600,0,0,0.0,0.0,1
9.700,0,0,0.0,0.0,1
9.700,0,0,0.0,0.0,1
9.700,0,0,0.0,0.0,1
9.700,0,0,0.0,0.0,1
9.700,0,0,0.0,0.0,1
9.700,0,0,0.0,0.0,1
9.700,0,0,0.0,0.0,1
9.700,0,0,0.0,0.0,1
9.700,0,0,0.0,0.0,1
9.700,0,0,0.0,0.0,1
9.700,0,0,0.0,0.0,1
9.800,0,0,0.0,0.0,1
9.800,0,0,0.0,0.0,1
9.800,0,0,0.0,0.0,1
9.800,0,0,0.0,0.0,1
9.800,0,0,0.0,0.0,1
9.800,0,0,0.0,0.0,1
9.800,0,0,0.0,0.0,1
9.800,0,0,0.0,0.0,1
9.800,0,0,0.0,0.0,1
9.800,0,0,0.0,0.0,1
9.900,0,0,0.0,0.0,1
9.900,0,0,0.0,0.0,1
9.900,0,0,0.0,0.0,1
9.900,0,0,0.0,0.0,1
9.900,0,0,0.0,0.0,1
9.900,0,0,0.0,0.0,1
9.900,0,0,0.0,0.0,1
9.900,0,0,0.0,0.0,1
9.900,0,0,0.0,0.0,1
9.900,0,0,0.0,0.0,1
9.900,0,0,0.0,0.0,1
10.000,0,0,0.0,0.0,1
10.000,0,0,0.0,0.0,1
10.000,0,0,0.0,0.0,1
10.000,0,0,0.0,0.0,1
10.000,0,0,0.0,0.0,1
10.000,0,0,0.0,0.0,1
10.000,0,0,0.0,0.0,1
10.000,0,0,0.0,0.0,1
10.000,0,0,0.0,0.0,1
10.000,0,0,0.0,0.0,1
10.100,0,0,0.0,0.0,1
10.100,0,0,0.0,0.0,1
10.100,0,0,0.0,0.0,1
10.100,0,0,0.0,0.0,1
10.100,0,0,0.0,0.0,1
10.100,0,0,0.0,0.0,1
10.100,0,0,0.0,0.0,1
10.100,0,0,0.0,0.0,1
10.100,0,0,0.0,0.0,1
10.100,0,0,0.0,0.0,1
10.100,0,0,0.0,0.0,1
10.200,0,0,0.0,0.0,1
10.200,0,0,0.0,0.0,1
10.200,0,0,0.0,0.0,1
10.200,0,0,0.0,0.0,1
10.200,0,0,0.0,0.0,1
10.200,0,0,0.0,0.0,1
10.200,0,0,0.0,0.0,1
10.200,0,0,0.0,0.0,1
10.200,0,0,0.0,0.0,1
10.200,0,0,0.0,0.0,1
10.300,0,0,0.0,0.0,1
10.300,0,0,0.0,0.0,1
10.300,0,0,0.0,0.0,1
10.300,0,0,0.0,0.0,1
10.300,0,0,0.0,0.0,1
10.300,0,0,0.0,0.0,1
10.300,0,0,0.0,0.0,1
10.300,0,0,0.0,0.0,1
10.300,0,0,0.0,0.0,1
10.300,0,0,0.0,0.0,1
10.300,0,0,0.0,0.0,1
10.400,0,0,0.0,0.0,1
10.400,0,0,0.0,0.0,1
10.400,0,0,0.0,0.0,1
10.400,0,0,0.0,0.0,1
10.400,0,0,0.0,0.0,1
10.400,0,0,0.0,0.0,1
10.400,0,0,0.0,0.0,1
10.400,0,0,0.0,0.0,1
10.400,0,0,0.0,0.0,1
10.400,0,0,0.0,0.0,1
10.500,0,0,0.0,0.0,1
10.500,0,0,0.0,0.0,1
10.500,0,0,0.0,0.0,1
10.500,0,0,0.0,0.0,1
10.500,0,0,0.0,0.0,1
10.500,0,0,0.0,0.0,1
10.500,0,0,0.0,0.0,1
10.500,0,0,0.0,0.0,1
10.500,0,0,0.0,0.0,1
10.500,0,0,0.0,0.0,1
10.600,0,0,0.0,0.0,1
10.600,0,0,0.0,0.0,1
10.600,0,0,0.0,0.0,1
10.600,0,0,0.0,0.0,1
10.600,0,0,0.0,0.0,1
10.600,0,0,0.0,0.0,1
10.600,0,0,0.0,0.0,1
10.600,0,0,0.0,0.0,1
10.600,0,0,0.0,0.0,1
10.600,0,0,0.0,0.0,1
10.600,0,0,0.0,0.0,1
10.700,0,0,0.0,0.0,1
10.700,0,0,0.0,0.0,1
10.700,0,0,0.0,0.0,1
10.700,0,0,0.0,0.0,1
10.700,0,0,0.0,0.0,1
10.700,0,0,0.0,0.0,1
10.700,0,0,0.0,0.0,1
10.700,0,0,0.0,0.0,1
10.700,0,0,0.0,0.0,1
10.700,0,0,0.0,0.0,1
10.800,0,0,0.0,0.0,1
10.800,0,0,0.0,0.0,1
10.800,0,0,0.0,0.0,1
10.800,0,0,0.0,0.0,1
10.800,0,0,0.0,0.0,1
10.800,0,0,0.0,0.0,1
10.800,0,0,0.0,0.0,1
10.800,0,0,0.0,0.0,1
10.800,0,0,0.0,0.0,1
10.800,0,0,0.0,0.0,1
10.800,0,0,0.0,0.0,1
10.900,0,0,0.0,0.0,1
10.900,0,0,0.0,0.0,1
10.900,0,0,0.0,0.0,1
10.900,0,0,0.0,0.0,1
10.900,0,0,0.0,0.0,1
10.900,0,0,0.0,0.0,1
10.900,0,0,0.0,0.0,1
10.900,0,0,0.0,0.0,1
10.900,0,0,0.0,0.0,1
10.900,0,0,0.0,0.0,1
11.000,0,0,0.0,0.0,1
11.000,0,0,0.0,0.0,1
11.000,0,0,0.0,0.0,1
11.000,0,0,0.0,0.0,1
11.000,0,0,0.0,0.0,1
11.000,0,0,0.0,0.0,1
11.000,0,0,0.0,0.0,1
11.000,0,0,0.0,0.0,1
11.000,0,0,0.0,0.0,1
11.000,0,0,0.0,0.0,1
11.000,0,0,0.0,0.0,1
11.100,0,0,0.0,0.0,1
11.100,0,0,0.0,0.0,1
11.100,0,0,0.0,0.0,1
11.100,0,0,0.0,0.0,1
11.100,0,0,0.0,0.0,1
11.100,0,0,0.0,0.0,1
11.100,0,0,0.0,0.0,1
11.100,0,0,0.0,0.0,1
11.100,0,0,0.0,0.0,1
11.100,0,0,0.0,0.0,1
11.200,0,0,0.0,0.0,1
11.200,0,0,0.0,0.0,1
11.200,0,0,0.0,0.0,1
11.200,0,0,0.0,0.0,1
11.200,0,0,0.0,0.0,1
11.200,0,0,0.0,0.0,1
11.200,0,0,0.0,0.0,1
11.200,0,0,0.0,0.0,1
11.200,0,0,0.0,0.0,1
11.200,0,0,0.0,0.0,1
11.200,0,0,0.0,0.0,1
11.300,0,0,0.0,0.0,1
11.300,0,0,0.0,0.0,1
11.300,0,0,0.0,0.0,1
11.300,0,0,0.0,0.0,1
11.300,0,0,0.0,0.0,1
11.300,0,0,0.0,0.0,1
11.300,0,0,0.0,0.0,1
11.300,0,0,0.0,0.0,1
11.300,0,0,0.0,0.0,1
11.300,0,0,0.0,0.0,1
11.400,0,0,0.0,0.0,1
11.400,0,0,0.0,0.0,1
11.400,0,0,0.0,0.0,1
11.400,0,0,0.0,0.0,1
11.400,0,0,0.0,0.0,1
11.400,0,0,0.0,0.0,1
11.400,0,0,0.0,0.0,1
11.400,0,0,0.0,0.0,1
11.400,0,0,0.0,0.0,1
11.400,0,0,0.0,0.0,1
11.500,0,0,0.0,0.0,1
11.500,0,0,0.0,0.0,1
11.500,0,0,0.0,0.0,1
11.500,0,0,0.0,0.0,1
11.500,0,0,0.0,0.0,1
11.500,0,0,0.0,0.0,1
11.500,0,0,0.0,0.0,1
11.500,0,0,0.0,0.0,1
11.500,0,0,0.0,0.0,1
11.500,0,0,0.0,0.0,1
11.500,0,0,0.0,0.0,1
11.600,0,0,0.0,0.0,1
11.600,0,0,0.0,0.0,1
11.600,0,0,0.0,0.0,1
11.600,0,0,0.0,0.0,1
11.600,0,0,0.0,0.0,1
11.600,0,0,0.0,0.0,1
11.600,0,0,0.0,0.0,1
11.600,0,0,0.0,0.0,1
11.600,0,0,0.0,0.0,1
11.600,0,0,0.0,0.0,1
11.700,0,0,0.0,0.0,1
11.700,0,0,0.0,0.0,1
11.700,0,0,0.0,0.0,1
11.700,0,0,0.0,0.0,1
11.700,0,0,0.0,0.0,1
11.700,0,0,0.0,0.0,1
11.700,0,0,0.0,0.0,1
11.700,0,0,0.0,0.0,1
11.700,0,0,0.0,0.0,1
11.700,0,0,0.0,0.0,1
11.700,0,0,0.0,0.0,1
11.800,0,0,0.0,0.0,1
11.800,0,0,0.0,0.0,1
11.800,0,0,0.0,0.0,1
11.800,0,0,0.0,0.0,1
11.800,0,0,0.0,0.0,1
11.800,0,0,0.0,0.0,1
11.800,0,0,0.0,0.0,1
11.800,0,0,0.0,0.0,1
11.800,0,0,0.0,0.0,1
11.800,0,0,0.0,0.0,1
11.900,0,0,0.0,0.0,1
11.900,0,0,0.0,0.0,1
11.900,0,0,0.0,0.0,1
11.900,0,0,0.0,0.0,1
11.900,0,0,0.0,0.0,1
11.900,0,0,0.0,0.0,1
11.900,0,0,0.0,0.0,1
11.900,0,0,0.0,0.0,1
11.900,0,0,0.0,0.0,1
11.900,0,0,0.0,0.0,1
11.900,0,0,0.0,0.0,1
12.000,0,0,0.0,0.0,1
12.000,0,0,0.0,0.0,1
12.000,0,0,0.0,0.0,1
12.000,0,0,0.0,0.0,1
12.000,0,0,0.0,0.0,1
12.000,0,0,0.0,0.0,1
12.000,0,0,0.0,0.0,1
12.000,0,0,0.0,0.0,1
12.000,0,0,0.0,0.0,1
12.000,0,0,0.0,0.0,1
12.100,0,0,0.0,0.0,1
12.100,0,0,0.0,0.0,1
12.100,0,0,0.0,0.0,1
12.100,0,0,0.0,0.0,1
12.100,0,0,0.0,0.0,1
12.100,0,0,0.0,0.0,1
12.100,0,0,0.0,0.0,1
12.100,0,0,0.0,0.0,1
12.100,0,0,0.0,0.0,1
12.100,0,0,0.0,0.0,1
12.200,0,0,0.0,0.0,1
12.200,0,0,0.0,0.0,1
12.200,0,0,0.0,0.0,1
12.200,0,0,0.0,0.0,1
12.200,0,0,0.0,0.0,1
12.200,0,0,0.0,0.0,1
12.200,0,0,0.0,0.0,1
12.200,0,0,0.0,0.0,1
12.200,0,0,0.0,0.0,1
12.200,0,0,0.0,0.0,1
12.200,0,0,0.0,0.0,1
12.300,0,0,0.0,0.0,1
12.300,0,0,0.0,0.0,1
12.300,0,0,0.0,0.0,1
12.300,0,0,0.0,0.0,1
12.300,0,0,0.0,0.0,1
12.300,0,0,0.0,0.0,1
12.300,0,0,0.0,0.0,1
12.300,0,0,0.0,0.0,1
12.300,0,0,0.0,0.0,1
12.300,0,0,0.0,0.0,1
12.400,0,0,0.0,0.0,1
12.400,0,0,0.0,0.0,1
12.400,0,0,0.0,0.0,1
12.400,0,0,0.0,0.0,1
12.400,0,0,0.0,0.0,1
12.400,0,0,0.0,0.0,1
12.400,0,0,0.0,0.0,1
12.400,0,0,0.0,0.0,1
12.400,0,0,0.0,0.0,1
12.400,0,0,0.0,0.0,1
12.400,0,0,0.0,0.0,1
12.500,0,0,0.0,0.0,1
12.500,0,0,0.0,0.0,1
12.500,0,0,0.0,0.0,1
12.500,0,0,0.0,0.0,1
12.500,0,0,0.0,0.0,1
12.500,0,0,0.0,0.0,1
12.500,0,0,0.0,0.0,1
12.500,0,0,0.0,0.0,1
12.500,0,0,0.0,0.0,1
12.500,0,0,0.0,0.0,1
12.600,0,0,0.0,0.0,1
12.600,0,0,0.0,0.0,1
12.600,0,0,0.0,0.0,1
12.600,0,0,0.0,0.0,1
12.600,0,0,0.0,0.0,1
12.600,0,0,0.0,0.0,1
12.600,0,0,0.0,0.0,1
12.600,0,0,0.0,0.0,1
12.600,0,0,0.0,0.0,1
12.600,0,0,0.0,0.0,1
12.600,0,0,0.0,0.0,1
12.700,0,0,0.0,0.0,1
12.700,0,0,0.0,0.0,1
12.700,0,0,0.0,0.0,1
12.700,0,0,0.0,0.0,1
12.700,0,0,0.0,0.0,1
12.700,0,0,0.0,0.0,1
12.700,0,0,0.0,0.0,1
12.700,0,0,0.0,0.0,1
12.700,0,0,0.0,0.0,1
12.700,0,0,0.0,0.0,1
12.800,0,0,0.0,0.0,1
12.800,0,0,0.0,0.0,1
12.800,0,0,0.0,0.0,1
12.800,0,0,0.0,0.0,1
12.800,0,0,0.0,0.0,1
12.800,0,0,0.0,0.0,1
12.800,0,0,0.0,0.0,1
12.800,0,0,0.0,0.0,1
12.800,0,0,0.0,0.0,1
12.800,0,0,0.0,0.0,1
12.800,0,0,0.0,0.0,1
12.900,0,0,0.0,0.0,1
12.900,0,0,0.0,0.0,1
12.900,0,0,0.0,0.0,1
12.900,0,0,0.0,0.0,1
12.900,0,0,0.0,0.0,1
12.900,0,0,0.0,0.0,1
12.900,0,0,0.0,0.0,1
12.900,0,0,0.0,0.0,1
12.900,0,0,0.0,0.0,1
12.900,0,0,0.0,0.0,1
13.000,0,0,0.0,0.0,1
13.000,0,0,0.0,0.0,1
13.000,0,0,0.0,0.0,1
13.000,0,0,0.0,0.0,1
13.000,0,0,0.0,0.0,1
13.000,0,0,0.0,0.0,1
13.000,0,0,0.0,0.0,1
13.000,0,0,0.0,0.0,1
13.000,0,0,0.0,0.0,1
13.000,0,0,0.0,0.0,1
13.100,0,0,0.0,0.0,1
13.100,0,0,0.0,0.0,1
13.100,0,0,0.0,0.0,1
13.100,0,0,0.0,0.0,1
13.100,0,0,0.0,0.0,1
13.100,0,0,0.0,0.0,1
13.100,0,0,0.0,0.0,1
13.100,0,0,0.0,0.0,1
13.100,0,0,0.0,0.0,1
13.100,0,0,0.0,0.0,1
13.100,0,0,0.0,0.0,1
13.200,0,0,0.0,0.0,1
13.200,0,0,0.0,0.0,1
13.200,0,0,0.0,0.0,1
13.200,0,0,0.0,0.0,1
13.200,0,0,0.0,0.0,1
13.200,0,0,0.0,0.0,1
13.200,0,0,0.0,0.0,1
13.200,0,0,0.0,0.0,1
13.200,0,0,0.0,0.0,1
13.200,0,0,0.0,0.0,1
13.300,0,0,0.0,0.0,1
13.300,0,0,0.0,0.0,1
13.300,0,0,0.0,0.0,1
13.300,0,0,0.0,0.0,1
13.300,0,0,0.0,0.0,1
13.300,0,0,0.0,0.0,1
13.300,0,0,0.0,0.0,1
13.300,0,0,0.0,0.0,1
13.300,0,0,0.0,0.0,1
13.300,0,0,0.0,0.0,1
13.300,0,0,0.0,0.0,1
13.400,0,0,0.0,0.0,1
13.400,0,0,0.0,0.0,1
13.400,0,0,0.0,0.0,1
13.400,0,0,0.0,0.0,1
13.400,0,0,0.0,0.0,1
13.400,0,0,0.0,0.0,1
13.400,0,0,0.0,0.0,1
13.400,0,0,0.0,0.0,1
13.400,0,0,0.0,0.0,1
13.400,0,0,0.0,0.0,1
13.500,0,0,0.0,0.0,1
13.500,0,0,0.0,0.0,1
13.500,0,0,0.0,0.0,1
13.500,0,0,0.0,0.0,1
13.500,0,0,0.0,0.0,1
13.500,0,0,0.0,0.0,1
13.500,0,0,0.0,0.0,1
13.500,0,0,0.0,0.0,1
13.500,0,0,0.0,0.0,1
13.500,0,0,0.0,0.0,1
13.500,0,0,0.0,0.0,1
13.600,0,0,0.0,0.0,1
13.600,0,0,0.0,0.0,1
13.600,0,0,0.0,0.0,1
13.600,0,0,0.0,0.0,1
13.600,0,0,0.0,0.0,1
13.600,0,0,0.0,0.0,1
13.600,0,0,0.0,0.0,1
13.600,0,0,0.0,0.0,1
13.600,0,0,0.0,0.0,1
13.600,0,0,0.0,0.0,1
13.700,0,0,0.0,0.0,1
13.700,0,0,0.0,0.0,1
13.700,0,0,0.0,0.0,1
13.700,0,0,0.0,0.0,1
13.700,0,0,0.0,0.0,1
13.700,0,0,0.0,0.0,1
13.700,0,0,0.0,0.0,1
13.700,0,0,0.0,0.0,1
13.700,0,0,0.0,0.0,1
13.700,0,0,0.0,0.0,1
13.800,0,0,0.0,0.0,1
13.800,0,0,0.0,0.0,1
13.800,0,0,0.0,0.0,1
13.800,0,0,0.0,0.0,1
13.800,0,0,0.0,0.0,1
13.800,0,0,0.0,0.0,1
13.800,0,0,0.0,0.0,1
13.800,0,0,0.0,0.0,1
13.800,0,0,0.0,0.0,1
13.800,0,0,0.0,0.0,1
13.800,0,0,0.0,0.0,1
13.900,0,0,0.0,0.0,1
13.900,0,0,0.0,0.0,1
13.900,0,0,0.0,0.0,1
13.900,0,0,0.0,0.0,1
13.900,0,0,0.0,0.0,1
13.900,0,0,0.0,0.0,1
13.900,0,0,0.0,0.0,1
13.900,0,0,0.0,0.0,1
13.900,0,0,0.0,0.0,1
13.900,0,0,0.0,0.0,1
14.000,0,0,0.0,0.0,1
14.000,0,0,0.0,0.0,1
14.000,0,0,0.0,0.0,1
14.000,0,0,0.0,0.0,1
14.000,0,0,0.0,0.0,1
14.000,0,0,0.0,0.0,1
14.000,0,0,0.0,0.0,1
14.000,0,0,0.0,0.0,1
14.000,0,0,0.0,0.0,1
14.000,0,0,0.0,0.0,1
14.000,0,0,0.0,0.0,1
14.100,0,0,0.0,0.0,1
14.100,0,0,0.0,0.0,1
14.100,0,0,0.0,0.0,1
14.100,0,0,0.0,0.0,1
14.100,0,0,0.0,0.0,1
14.100,0,0,0.0,0.0,1
14.100,0,0,0.0,0.0,1
14.100,0,0,0.0,0.0,1
14.100,0,0,0.0,0.0,1
14.100,0,0,0.0,0.0,1
14.200,0,0,0.0,0.0,1
14.200,0,0,0.0,0.0,1
14.200,0,0,0.0,0.0,1
14.200,0,0,0.0,0.0,1
14.200,0,0,0.0,0.0,1
14.200,0,0,0.0,0.0,1
14.200,0,0,0.0,0.0,1
14.200,0,0,0.0,0.0,1
14.200,0,0,0.0,0.0,1
14.200,0,0,0.0,0.0,1
14.200,0,0,0.0,0.0,1
14.300,0,0,0.0,0.0,1
14.300,0,0,0.0,0.0,1
14.300,0,0,0.0,0.0,1
14.300,0,0,0.0,0.0,1
14.300,0,0,0.0,0.0,1
14.300,0,0,0.0,0.0,1
14.300,0,0,0.0,0.0,1
14.300,0,0,0.0,0.0,1
14.300,0,0,0.0,0.0,1
14.300,0,0,0.0,0.0,1
14.400,0,0,0.0,0.0,1
14.400,0,0,0.0,0.0,1
14.400,0,0,0.0,0.0,1
14.400,0,0,0.0,0.0,1
14.400,0,0,0.0,0.0,1
14.400,0,0,0.0,0.0,1
14.400,0,0,0.0,0.0,1
14.400,0,0,0.0,0.0,1
14.400,0,0,0.0,0.0,1
14.400,0,0,0.0,0.0,1
14.500,0,0,0.0,0.0,1
14.500,0,0,0.0,0.0,1
14.500,0,0,0.0,0.0,1
14.500,0,0,0.0,0.0,1
14.500,0,0,0.0,0.0,1
14.500,0,0,0.0,0.0,1
14.500,0,0,0.0,0.0,1
14.500,0,0,0.0,0.0,1
14.500,0,0,0.0,0.0,1
14.500,0,0,0.0,0.0,1
14.500,0,0,0.0,0.0,1
14.600,0,0,0.0,0.0,1
14.600,0,0,0.0,0.0,1
14.600,0,0,0.0,0.0,1
14.600,0,0,0.0,0.0,1
14.600,0,0,0.0,0.0,1
14.600,0,0,0.0,0.0,1
14.600,0,0,0.0,0.0,1
14.600,0,0,0.0,0.0,1
14.600,0,0,0.0,0.0,1
14.600,0,0,0.0,0.0,1
14.700,0,0,0.0,0.0,1
14.700,0,0,0.0,0.0,1
14.700,0,0,0.0,0.0,1
14.700,0,0,0.0,0.0,1
14.700,0,0,0.0,0.0,1
14.700,0,0,0.0,0.0,1
14.700,0,0,0.0,0.0,1
14.700,0,0,0.0,0.0,1
14.700,0,0,0.0,0.0,1
14.700,0,0,0.0,0.0,1
14.700,0,0,0.0,0.0,1
14.800,0,0,0.0,0.0,1
14.800,0,0,0.0,0.0,1
14.800,0,0,0.0,0.0,1
14.800,0,0,0.0,0.0,1
14.800,0,0,0.0,0.0,1
14.800,0,0,0.0,0.0,1
14.800,0,0,0.0,0.0,1
14.800,0,0,0.0,0.0,1
14.800,0,0,0.0,0.0,1
14.800,0,0,0.0,0.0,1
14.900,0,0,0.0,0.0,1
14.900,0,0,0.0,0.0,1
14.900,0,0,0.0,0.0,1
14.900,0,0,0.0,0.0,1
14.900,0,0,0.0,0.0,1
14.900,0,0,0.0,0.0,1
14.900,0,0,0.0,0.0,1
14.900,0,0,0.0,0.0,1
14.900,0,0,0.0,0.0,1
14.900,0,0,0.0,0.0,1
14.900,0,0,0.0,0.0,1
15.000,0,0,0.0,0.0,1
15.000,0,0,0.0,0.0,1
15.000,0,0,0.0,0.0,1
15.000,0,0,0.0,0.0,1
15.000,0,0,0.0,0.0,1
15.000,0,0,0.0,0.0,1
15.000,0,0,0.0,0.0,1
15.000,0,0,0.0,0.0,1
15.000,0,0,0.0,0.0,1
15.000,0,0,0.0,0.0,1
15.100,0,0,0.0,0.0,1
15.100,0,0,0.0,0.0,1
15.100,0,0,0.0,0.0,1
15.100,0,0,0.0,0.0,1
15.100,0,0,0.0,0.0,1
15.100,0,0,0.0,0.0,1
15.100,0,0,0.0,0.0,1
15.100,0,0,0.0,0.0,1
15.100,0,0,0.0,0.0,1
15.100,0,0,0.0,0.0,1
15.100,0,0,0.0,0.0,1
15.200,0,0,0.0,0.0,1
15.200,0,0,0.0,0.0,1
15.200,0,0,0.0,0.0,1
15.200,0,0,0.0,0.0,1
15.200,0,0,0.0,0.0,1
15.200,0,0,0.0,0.0,1
15.200,0,0,0.0,0.0,1
15.200,0,0,0.0,0.0,1
15.200,0,0,0.0,0.0,1
15.200,0,0,0.0,0.0,1
15.300,0,0,0.0,0.0,1
15.300,0,0,0.0,0.0,1
15.300,0,0,0.0,0.0,1
15.300,0,0,0.0,0.0,1
15.300,0,0,0.0,0.0,1
15.300,0,0,0.0,0.0,1
15.300,0,0,0.0,0.0,1
15.300,0,0,0.0,0.0,1
15.300,0,0,0.0,0.0,1
15.300,0,0,0.0,0.0,1
15.400,0,0,0.0,0.0,1
15.400,0,0,0.0,0.0,1
15.400,0,0,0.0,0.0,1
15.400,0,0,0.0,0.0,1
15.400,0,0,0.0,0.0,1
15.400,0,0,0.0,0.0,1
15.400,0,0,0.0,0.0,1
15.400,0,0,0.0,0.0,1
15.400,0,0,0.0,0.0,1
15.400,0,0,0.0,0.0,1
15.400,0,0,0.0,0.0,1
15.500,0,0,0.0,0.0,1
15.500,0,0,0.0,0.0,1
15.500,0,0,0.0,0.0,1
15.500,0,0,0.0,0.0,1
15.500,0,0,0.0,0.0,1
15.500,0,0,0.0,0.0,1
15.500,0,0,0.0,0.0,1
15.500,0,0,0.0,0.0,1
15.500,0,0,0.0,0.0,1
15.500,0,0,0.0,0.0,1
15.600,0,0,0.0,0.0,1
15.600,0,0,0.0,0.0,1
15.600,0,0,0.0,0.0,1
15.600,0,0,0.0,0.0,1
15.600,0,0,0.0,0.0,1
15.600,0,0,0.0,0.0,1
15.600,0,0,0.0,0.0,1
15.600,0,0,0.0,0.0,1
15.600,0,0,0.0,0.0,1
15.600,0,0,0.0,0.0,1
15.600,0,0,0.0,0.0,1
15.700,0,0,0.0,0.0,1
15.700,0,0,0.0,0.0,1
15.700,0,0,0.0,0.0,1
15.700,0,0,0.0,0.0,1
15.700,0,0,0.0,0.0,1
15.700,0,0,0.0,0.0,1
15.700,0,0,0.0,0.0,1
15.700,0,0,0.0,0.0,1
15.700,0,0,0.0,0.0,1
15.700,0,0,0.0,0.0,1
15.800,0,0,0.0,0.0,1
15.800,0,0,0.0,0.0,1
15.800,0,0,0.0,0.0,1
15.800,0,0,0.0,0.0,1
15.800,0,0,0.0,0.0,1
15.800,0,0,0.0,0.0,1
15.800,0,0,0.0,0.0,1
15.800,0,0,0.0,0.0,1
15.800,0,0,0.0,0.0,1
15.800,0,0,0.0,0.0,1
15.800,0,0,0.0,0.0,1
15.900,0,0,0.0,0.0,1
15.900,0,0,0.0,0.0,1
15.900,0,0,0.0,0.0,1
15.900,0,0,0.0,0.0,1
15.900,0,0,0.0,0.0,1
15.900,0,0,0.0,0.0,1
15.900,0,0,0.0,0.0,1
15.900,0,0,0.0,0.0,1
15.900,0,0,0.0,0.0,1
15.900,0,0,0.0,0.0,1
16.000,0,0,0.0,0.0,1
16.000,0,0,0.0,0.0,1
16.000,0,0,0.0,0.0,1
16.000,0,0,0.0,0.0,1
16.000,0,0,0.0,0.0,1
16.000,0,0,0.0,0.0,1
16.000,0,0,0.0,0.0,1
16.000,0,0,0.0,0.0,1
16.000,0,0,0.0,0.0,1
16.000,0,0,0.0,0.0,1
16.100,0,0,0.0,0.0,1
16.100,0,0,0.0,0.0,1
16.100,0,0,0.0,0.0,1
16.100,0,0,0.0,0.0,1
16.100,0,0,0.0,0.0,1
16.100,0,0,0.0,0.0,1
16.100,0,0,0.0,0.0,1
16.100,0,0,0.0,0.0,1
16.100,0,0,0.0,0.0,1
16.100,0,0,0.0,0.0,1
16.100,0,0,0.0,0.0,1
16.200,0,0,0.0,0.0,1
16.200,0,0,0.0,0.0,1
16.200,0,0,0.0,0.0,1
16.200,0,0,0.0,0.0,1
16.200,0,0,0.0,0.0,1
16.200,0,0,0.0,0.0,1
16.200,0,0,0.0,0.0,1
16.200,0,0,0.0,0.0,1
16.200,0,0,0.0,0.0,1
16.200,0,0,0.0,0.0,1
16.300,0,0,0.0,0.0,1
16.300,0,0,0.0,0.0,1
16.300,0,0,0.0,0.0,1
16.300,0,0,0.0,0.0,1
16.300,0,0,0.0,0.0,1
16.300,0,0,0.0,0.0,1
16.300,0,0,0.0,0.0,1
16.300,0,0,0.0,0.0,1
16.300,0,0,0.0,0.0,1
16.300,0,0,0.0,0.0,1
16.300,0,0,0.0,0.0,1
16.400,0,0,0.0,0.0,1
16.400,0,0,0.0,0.0,1
16.400,0,0,0.0,0.0,1
16.400,0,0,0.0,0.0,1
16.400,0,0,0.0,0.0,1
16.400,0,0,0.0,0.0,1
16.400,0,0,0.0,0.0,1
16.400,0,0,0.0,0.0,1
16.400,0,0,0.0,0.0,1
16.400,0,0,0.0,0.0,1
16.500,0,0,0.0,0.0,1
16.500,0,0,0.0,0.0,1
16.500,0,0,0.0,0.0,1
16.500,0,0,0.0,0.0,1
16.500,0,0,0.0,0.0,1
16.500,0,0,0.0,0.0,1
16.500,0,0,0.0,0.0,1
16.500,0,0,0.0,0.0,1
16.500,0,0,0.0,0.0,1
16.500,0,0,0.0,0.0,1
16.500,0,0,0.0,0.0,1
16.600,0,0,0.0,0.0,1
16.600,0,0,0.0,0.0,1
16.600,0,0,0.0,0.0,1
16.600,0,0,0.0,0.0,1
16.600,0,0,0.0,0.0,1
16.600,0,0,0.0,0.0,1
16.600,0,0,0.0,0.0,1
16.600,0,0,0.0,0.0,1
16.600,0,0,0.0,0.0,1
16.600,0,0,0.0,0.0,1
16.700,0,0,0.0,0.0,1
16.700,0,0,0.0,0.0,1
16.700,0,0,0.0,0.0,1
16.700,0,0,0.0,0.0,1
16.700,0,0,0.0,0.0,1
16.700,0,0,0.0,0.0,1
16.700,0,0,0.0,0.0,1
16.700,0,0,0.0,0.0,1
16.700,0,0,0.0,0.0,1
16.700,0,0,0.0,0.0,1
16.800,0,0,0.0,0.0,1
16.800,0,0,0.0,0.0,1
16.800,0,0,0.0,0.0,1
16.800,0,0,0.0,0.0,1
16.800,0,0,0.0,0.0,1
16.800,0,0,0.0,0.0,1
16.800,0,0,0.0,0.0,1
16.800,0,0,0.0,0.0,1
16.800,0,0,0.0,0.0,1
16.800,0,0,0.0,0.0,1
16.800,0,0,0.0,0.0,1
16.900,0,0,0.0,0.0,1
16.900,0,0,0.0,0.0,1
16.900,0,0,0.0,0.0,1
16.900,0,0,0.0,0.0,1
16.900,0,0,0.0,0.0,1
16.900,0,0,0.0,0.0,1
16.900,0,0,0.0,0.0,1
16.900,0,0,0.0,0.0,1
16.900,0,0,0.0,0.0,1
16.900,0,0,0.0,0.0,1
17.000,0,0,0.0,0.0,1
17.000,0,0,0.0,0.0,1
17.000,0,0,0.0,0.0,1
17.000,0,0,0.0,0.0,1
17.000,0,0,0.0,0.0,1
17.000,0,0,0.0,0.0,1
17.000,0,0,0.0,0.0,1
17.000,0,0,0.0,0.0,1
17.000,0,0,0.0,0.0,1
17.000,0,0,0.0,0.0,1
17.000,0,0,0.0,0.0,1
17.100,0,0,0.0,0.0,1
17.100,0,0,0.0,0.0,1
17.100,0,0,0.0,0.0,1
17.100,0,0,0.0,0.0,1
17.100,0,0,0.0,0.0,1
17.100,0,0,0.0,0.0,1
17.100,0,0,0.0,0.0,1
17.100,0,0,0.0,0.0,1
17.100,0,0,0.0,0.0,1
17.100,0,0,0.0,0.0,1
17.200,0,0,0.0,0.0,1
17.200,0,0,0.0,0.0,1
17.200,0,0,0.0,0.0,1
17.200,0,0,0.0,0.0,1
17.200,0,0,0.0,0.0,1
17.200,0,0,0.0,0.0,1
17.200,0,0,0.0,0.0,1
17.200,0,0,0.0,0.0,1
17.200,0,0,0.0,0.0,1
17.200,0,0,0.0,0.0,1
17.200,0,0,0.0,0.0,1
17.300,0,0,0.0,0.0,1
17.300,0,0,0.0,0.0,1
17.300,0,0,0.0,0.0,1
17.300,0,0,0.0,0.0,1
17.300,0,0,0.0,0.0,1
17.300,0,0,0.0,0.0,1
17.300,0,0,0.0,0.0,1
17.300,0,0,0.0,0.0,1
17.300,0,0,0.0,0.0,1
17.300,0,0,0.0,0.0,1
17.400,0,0,0.0,0.0,1
17.400,0,0,0.0,0.0,1
17.400,0,0,0.0,0.0,1
17.400,0,0,0.0,0.0,1
17.400,0,0,0.0,0.0,1
17.400,0,0,0.0,0.0,1
17.400,0,0,0.0,0.0,1
17.400,0,0,0.0,0.0,1
17.400,0,0,0.0,0.0,1
17.400,0,0,0.0,0.0,1
17.500,0,0,0.0,0.0,1
17.500,0,0,0.0,0.0,1
17.500,0,0,0.0,0.0,1
17.500,0,0,0.0,0.0,1
17.500,0,0,0.0,0.0,1
17.500,0,0,0.0,0.0,1
17.500,0,0,0.0,0.0,1
17.500,0,0,0.0,0.0,1
17.500,0,0,0.0,0.0,1
17.500,0,0,0.0,0.0,1
17.500,0,0,0.0,0.0,1
17.600,0,0,0.0,0.0,1
17.600,0,0,0.0,0.0,1
17.600,0,0,0.0,0.0,1
17.600,0,0,0.0,0.0,1
17.600,0,0,0.0,0.0,1
17.600,0,0,0.0,0.0,1
17.600,0,0,0.0,0.0,1
17.600,0,0,0.0,0.0,1
17.600,0,0,0.0,0.0,1
17.600,0,0,0.0,0.0,1
17.700,0,0,0.0,0.0,1
17.700,0,0,0.0,0.0,1
17.700,0,0,0.0,0.0,1
17.700,0,0,0.0,0.0,1
17.700,0,0,0.0,0.0,1
17.700,0,0,0.0,0.0,1
17.700,0,0,0.0,0.0,1
17.700,0,0,0.0,0.0,1
17.700,0,0,0.0,0.0,1
17.700,0,0,0.0,0.0,1
17.700,0,0,0.0,0.0,1
17.800,0,0,0.0,0.0,1
17.800,0,0,0.0,0.0,1
17.800,0,0,0.0,0.0,1
17.800,0,0,0.0,0.0,1
17.800,0,0,0.0,0.0,1
17.800,0,0,0.0,0.0,1
17.800,0,0,0.0,0.0,1
17.800,0,0,0.0,0.0,1
17.800,0,0,0.0,0.0,1
17.800,0,0,0.0,0.0,1
17.900,0,0,0.0,0.0,1
17.900,0,0,0.0,0.0,1
17.900,0,0,0.0,0.0,1
17.900,0,0,0.0,0.0,1
17.900,0,0,0.0,0.0,1
17.900,0,0,0.0,0.0,1
17.900,0,0,0.0,0.0,1
17.900,0,0,0.0,0.0,1
17.900,0,0,0.0,0.0,1
17.900,0,0,0.0,0.0,1
17.900,0,0,0.0,0.0,1
18.000,0,0,0.0,0.0,1
18.000,0,0,0.0,0.0,1
18.000,0,0,0.0,0.0,1
18.000,0,0,0.0,0.0,1
18.000,0,0,0.0,0.0,1
18.000,0,0,0.0,0.0,1
18.000,0,0,0.0,0.0,1
18.000,0,0,0.0,0.0,1
18.000,0,0,0.0,0.0,1
18.000,0,0,0.0,0.0,1
18.100,0,0,0.0,0.0,1
18.100,0,0,0.0,0.0,1
18.100,0,0,0.0,0.0,1
18.100,0,0,0.0,0.0,1
18.100,0,0,0.0,0.0,1
18.100,0,0,0.0,0.0,1
18.100,0,0,0.0,0.0,1
18.100,0,0,0.0,0.0,1
18.100,0,0,0.0,0.0,1
18.100,0,0,0.0,0.0,1
18.100,0,0,0.0,0.0,1
18.200,0,0,0.0,0.0,1
18.200,0,0,0.0,0.0,1
18.200,0,0,0.0,0.0,1
18.200,0,0,0.0,0.0,1
18.200,0,0,0.0,0.0,1
18.200,0,0,0.0,0.0,1
18.200,0,0,0.0,0.0,1
18.200,0,0,0.0,0.0,1
18.200,0,0,0.0,0.0,1
18.200,0,0,0.0,0.0,1
18.300,0,0,0.0,0.0,1
18.300,0,0,0.0,0.0,1
18.300,0,0,0.0,0.0,1
18.300,0,0,0.0,0.0,1
18.300,0,0,0.0,0.0,1
18.300,0,0,0.0,0.0,1
18.300,0,0,0.0,0.0,1
18.300,0,0,0.0,0.0,1
18.300,0,0,0.0,0.0,1
18.300,0,0,0.0,0.0,1
18.400,0,0,0.0,0.0,1
18.400,0,0,0.0,0.0,1
18.400,0,0,0.0,0.0,1
18.400,0,0,0.0,0.0,1
18.400,0,0,0.0,0.0,1
18.400,0,0,0.0,0.0,1
18.400,0,0,0.0,0.0,1
18.400,0,0,0.0,0.0,1
18.400,0,0,0.0,0.0,1
18.400,0,0,0.0,0.0,1
18.400,0,0,0.0,0.0,1
18.500,0,0,0.0,0.0,1
18.500,0,0,0.0,0.0,1
18.500,0,0,0.0,0.0,1
18.500,0,0,0.0,0.0,1
18.500,0,0,0.0,0.0,1
18.500,0,0,0.0,0.0,1
18.500,0,0,0.0,0.0,1
18.500,0,0,0.0,0.0,1
18.500,0,0,0.0,0.0,1
18.500,0,0,0.0,0.0,1
18.600,0,0,0.0,0.0,1
18.600,0,0,0.0,0.0,1
18.600,0,0,0.0,0.0,1
18.600,0,0,0.0,0.0,1
18.600,0,0,0.0,0.0,1
18.600,0,0,0.0,0.0,1
18.600,0,0,0.0,0.0,1
18.600,0,0,0.0,0.0,1
18.600,0,0,0.0,0.0,1
18.600,0,0,0.0,0.0,1
18.600,0,0,0.0,0.0,1
18.700,0,0,0.0,0.0,1
18.700,0,0,0.0,0.0,1
18.700,0,0,0.0,0.0,1
18.700,0,0,0.0,0.0,1
18.700,0,0,0.0,0.0,1
18.700,0,0,0.0,0.0,1
18.700,0,0,0.0,0.0,1
18.700,0,0,0.0,0.0,1
18.700,0,0,0.0,0.0,1
18.700,0,0,0.0,0.0,1
18.800,0,0,0.0,0.0,1
18.800,0,0,0.0,0.0,1
18.800,0,0,0.0,0.0,1
18.800,0,0,0.0,0.0,1
18.800,0,0,0.0,0.0,1
18.800,0,0,0.0,0.0,1
18.800,0,0,0.0,0.0,1
18.800,0,0,0.0,0.0,1
18.800,0,0,0.0,0.0,1
18.800,0,0,0.0,0.0,1
18.800,0,0,0.0,0.0,1
18.900,0,0,0.0,0.0,1
18.900,0,0,0.0,0.0,1
18.900,0,0,0.0,0.0,1
18.900,0,0,0.0,0.0,1
18.900,0,0,0.0,0.0,1
18.900,0,0,0.0,0.0,1
18.900,0,0,0.0,0.0,1
18.900,0,0,0.0,0.0,1
18.900,0,0,0.0,0.0,1
18.900,0,0,0.0,0.0,1
19.000,0,0,0.0,0.0,1
19.000,0,0,0.0,0.0,1
19.000,0,0,0.0,0.0,1
19.000,0,0,0.0,0.0,1
19.000,0,0,0.0,0.0,1
19.000,0,0,0.0,0.0,1
19.000,0,0,0.0,0.0,1
19.000,0,0,0.0,0.0,1
19.000,0,0,0.0,0.0,1
19.000,0,0,0.0,0.0,1
19.100,0,0,0.0,0.0,1
19.100,0,0,0.0,0.0,1
19.100,0,0,0.0,0.0,1
19.100,0,0,0.0,0.0,1
19.100,0,0,0.0,0.0,1
19.100,0,0,0.0,0.0,1
19.100,0,0,0.0,0.0,1
19.100,0,0,0.0,0.0,1
19.100,0,0,0.0,0.0,1
19.100,0,0,0.0,0.0,1
19.100,0,0,0.0,0.0,1
19.200,0,0,0.0,0.0,1
19.200,0,0,0.0,0.0,1
19.200,0,0,0.0,0.0,1
19.200,0,0,0.0,0.0,1
19.200,0,0,0.0,0.0,1
19.200,0,0,0.0,0.0,1
19.200,0,0,0.0,0.0,1
19.200,0,0,0.0,0.0,1
19.200,0,0,0.0,0.0,1
19.200,0,0,0.0,0.0,1
19.300,0,0,0.0,0.0,1
19.300,0,0,0.0,0.0,1
19.300,0,0,0.0,0.0,1
19.300,0,0,0.0,0.0,1
19.300,0,0,0.0,0.0,1
19.300,0,0,0.0,0.0,1
19.300,0,0,0.0,0.0,1
19.300,0,0,0.0,0.0,1
19.300,0,0,0.0,0.0,1
19.300,0,0,0.0,0.0,1
19.300,0,0,0.0,0.0,1
19.400,0,0,0.0,0.0,1
19.400,0,0,0.0,0.0,1
19.400,0,0,0.0,0.0,1
19.400,0,0,0.0,0.0,1
19.400,0,0,0.0,0.0,1
19.400,0,0,0.0,0.0,1
19.400,0,0,0.0,0.0,1
19.400,0,0,0.0,0.0,1
19.400,0,0,0.0,0.0,1
19.400,0,0,0.0,0.0,1
19.500,0,0,0.0,0.0,1
19.500,0,0,0.0,0.0,1
19.500,0,0,0.0,0.0,1
19.500,0,0,0.0,0.0,1
19.500,0,0,0.0,0.0,1
19.500,0,0,0.0,0.0,1
19.500,0,0,0.0,0.0,1
19.500,0,0,0.0,0.0,1
19.500,0,0,0.0,0.0,1
19.500,0,0,0.0,0.0,1
19.500,0,0,0.0,0.0,1
19.600,0,0,0.0,0.0,1
19.600,0,0,0.0,0.0,1
19.600,0,0,0.0,0.0,1
19.600,0,0,0.0,0.0,1
19.600,0,0,0.0,0.0,1
19.600,0,0,0.0,0.0,1
19.600,0,0,0.0,0.0,1
19.600,0,0,0.0,0.0,1
19.600,0,0,0.0,0.0,1
19.600,0,0,0.0,0.0,1
19.700,0,0,0.0,0.0,1
19.700,0,0,0.0,0.0,1
19.700,0,0,0.0,0.0,1
19.700,0,0,0.0,0.0,1
19.700,0,0,0.0,0.0,1
19.700,0,0,0.0,0.0,1
19.700,0,0,0.0,0.0,1
19.700,0,0,0.0,0.0,1
19.700,0,0,0.0,0.0,1
19.700,0,0,0.0,0.0,1
19.800,1,2,61.0,-2.0,0
19.800,1,2,61.0,-2.0,0
19.800,1,2,61.0,-2.0,0
19.800,1,2,61.0,-2.0,0
19.800,1,2,61.0,-2.0,0
19.800,1,2,61.0,-2.0,0
19.800,1,2,61.0,-2.0,0
19.800,1,2,61.0,-2.0,0
19.800,1,2,61.0,-2.0,0
19.800,1,2,61.0,-2.0,0
19.800,1,2,61.0,-2.0,0
19.900,1,2,61.0,-2.0,0
19.900,1,2,61.0,-2.0,0
19.900,1,2,61.0,-2.0,0
19.900,1,2,61.0,-2.0,0
19.900,1,2,61.0,-2.0,0
19.900,1,2,61.0,-2.0,0
19.900,1,2,61.0,-2.0,0
19.900,1,2,61.0,-2.0,0
19.900,1,2,61.0,-2.0,0
19.900,1,2,61.0,-2.0,0
20.000,1,2,61.0,-2.0,0
20.000,1,2,61.0,-2.0,0
20.000,1,2,61.0,-2.0,0
20.000,1,2,61.0,-2.0,0
20.000,1,2,61.0,-2.0,0
20.000,1,2,61.0,-2.0,0
20.000,1,2,61.0,-2.0,0
20.000,1,2,61.0,-2.0,0
20.000,1,2,61.0,-2.0,0
20.000,1,2,61.0,-2.0,0
20.000,1,2,61.0,-2.0,0
20.100,1,2,61.0,-2.0,0
20.100,1,2,61.0,-2.0,0
20.100,1,2,61.0,-2.0,0
20.100,1,2,61.0,-2.0,0
20.100,1,2,61.0,-2.0,0
20.100,1,2,61.0,-2.0,0
20.100,1,2,61.0,-2.0,0
20.100,1,2,61.0,-2.0,0
20.100,1,2,61.0,-2.0,0
20.100,1,2,61.0,-2.0,0
20.200,1,2,61.0,-2.0,0
20.200,1,2,61.0,-2.0,0
20.200,1,2,61.0,-2.0,0
20.200,1,2,61.0,-2.0,0
20.200,1,2,61.0,-2.0,0
20.200,1,2,61.0,-2.0,0
20.200,1,2,61.0,-2.0,0
20.200,1,2,61.0,-2.0,0
20.200,1,2,61.0,-2.0,0
20.200,1,2,61.0,-2.0,0
20.200,1,2,61.0,-2.0,0
20.300,1,2,61.0,-2.0,0
20.300,1,2,61.0,-2.0,0
20.300,1,2,61.0,-2.0,0
20.300,1,2,61.0,-2.0,0
20.300,1,2,61.0,-2.0,0
20.300,1,2,61.0,-2.0,0
20.300,1,2,61.0,-2.0,0
20.300,1,2,61.0,-2.0,0
20.300,1,2,61.0,-2.0,0
20.300,1,2,61.0,-2.0,0
20.400,1,2,61.0,-2.0,0
20.400,1,2,61.0,-2.0,0
20.400,1,2,61.0,-2.0,0
20.400,1,2,61.0,-2.0,0
20.400,1,2,61.0,-2.0,0
20.400,1,2,61.0,-2.0,0
20.400,1,2,61.0,-2.0,0
20.400,1,2,61.0,-2.0,0
20.400,1,2,61.0,-2.0,0
20.400,1,2,61.0,-2.0,0
20.500,1,2,61.0,-2.0,0
20.500,1,2,61.0,-2.0,0
20.500,1,2,61.0,-2.0,0
20.500,1,2,61.0,-2.0,0
20.500,1,2,61.0,-2.0,0
20.500,1,2,61.0,-2.0,0
20.500,1,2,61.0,-2.0,0
20.500,1,2,61.0,-2.0,0
20.500,1,2,61.0,-2.0,0
20.500,1,2,61.0,-2.0,0
20.500,1,2,61.0,-2.0,0
20.600,1,2,61.0,-2.0,0
20.600,1,2,61.0,-2.0,0
20.600,1,2,61.0,-2.0,0
20.600,1,2,61.0,-2.0,0
20.600,1,2,61.0,-2.0,0
20.600,1,2,61.0,-2.0,0
20.600,1,2,61.0,-2.0,0
20.600,1,2,61.0,-2.0,0
20.600,1,2,61.0,-2.0,0
20.600,1,2,61.0,-2.0,0
20.700,1,2,61.0,-2.0,0
20.700,1,2,61.0,-2.0,0
20.700,1,2,61.0,-2.0,0
20.700,1,2,61.0,-2.0,0
20.700,1,2,61.0,-2.0,0
20.700,1,2,61.0,-2.0,0
20.700,1,2,61.0,-2.0,0
20.700,1,2,61.0,-2.0,0
20.700,1,2,61.0,-2.0,0
20.700,1,2,61.0,-2.0,0
20.700,1,2,61.0,-2.0,0
20.800,1,2,61.0,-2.0,0
20.800,1,2,61.0,-2.0,0
20.800,1,2,61.0,-2.0,0
20.800,1,2,61.0,-2.0,0
20.800,1,2,61.0,-2.0,0
20.800,1,2,61.0,-2.0,0
20.800,1,2,61.0,-2.0,0
20.800,1,2,61.0,-2.0,0
20.800,1,2,61.0,-2.0,0
20.800,1,2,61.0,-2.0,0
20.900,1,2,61.0,-2.0,0
20.900,1,2,61.0,-2.0,0
20.900,1,2,61.0,-2.0,0
20.900,1,2,61.0,-2.0,0
20.900,1,2,61.0,-2.0,0
20.900,1,2,61.0,-2.0,0
20.900,1,2,61.0,-2.0,0
20.900,1,2,61.0,-2.0,0
20.900,1,2,61.0,-2.0,0
20.900,1,2,61.0,-2.0,0
20.900,1,2,61.0,-2.0,0
21.000,1,2,61.0,-2.0,0
21.000,1,2,61.0,-2.0,0
21.000,1,2,61.0,-2.0,0
21.000,1,2,61.0,-2.0,0
21.000,1,2,61.0,-2.0,0
21.000,1,2,61.0,-2.0,0
21.000,1,2,61.0,-2.0,0
21.000,1,2,61.0,-2.0,0
21.000,1,2,61.0,-2.0,0
21.000,1,2,61.0,-2.0,0
21.100,1,2,61.0,-2.0,0
21.100,1,2,61.0,-2.0,0
21.100,1,2,61.0,-2.0,0
21.100,1,2,61.0,-2.0,0
21.100,1,2,61.0,-2.0,0
21.100,1,2,61.0,-2.0,0
21.100,1,2,61.0,-2.0,0
21.100,1,2,61.0,-2.0,0
21.100,1,2,61.0,-2.0,0
21.100,1,2,61.0,-2.0,0
21.100,1,2,61.0,-2.0,0
21.200,1,2,61.0,-2.0,0
21.200,1,2,61.0,-2.0,0
21.200,1,2,61.0,-2.0,0
21.200,1,2,61.0,-2.0,0
21.200,1,2,61.0,-2.0,0
21.200,1,2,61.0,-2.0,0
21.200,1,2,61.0,-2.0,0
21.200,1,2,61.0,-2.0,0
21.200,1,2,61.0,-2.0,0
21.200,1,2,61.0,-2.0,0
21.300,1,2,61.0,-2.0,0
21.300,1,2,61.0,-2.0,0
21.300,1,2,61.0,-2.0,0
21.300,1,2,61.0,-2.0,0
21.300,1,2,61.0,-2.0,0
21.300,1,2,61.0,-2.0,0
21.300,1,2,61.0,-2.0,0
21.300,1,2,61.0,-2.0,0
21.300,1,2,61.0,-2.0,0
21.300,1,2,61.0,-2.0,0
21.400,1,2,61.0,-2.0,0
21.400,1,2,61.0,-2.0,0
21.400,1,2,61.0,-2.0,0
21.400,1,2,61.0,-2.0,0
21.400,1,2,61.0,-2.0,0
21.400,1,2,61.0,-2.0,0
21.400,1,2,61.0,-2.0,0
21.400,1,2,61.0,-2.0,0
21.400,1,2,61.0,-2.0,0
21.400,1,2,61.0,-2.0,0
21.400,1,2,61.0,-2.0,0
21.500,1,2,61.0,-2.0,0
21.500,1,2,61.0,-2.0,0
21.500,1,2,61.0,-2.0,0
21.500,1,2,61.0,-2.0,0
21.500,1,2,61.0,-2.0,0
21.500,1,2,61.0,-2.0,0
21.500,1,2,61.0,-2.0,0
21.500,1,2,61.0,-2.0,0
21.500,1,2,61.0,-2.0,0
21.500,1,2,61.0,-2.0,0
21.600,1,2,61.0,-2.0,0
21.600,1,2,61.0,-2.0,0
21.600,1,2,61.0,-2.0,0
21.600,1,2,61.0,-2.0,0
21.600,1,2,61.0,-2.0,0
21.600,1,2,61.0,-2.0,0
21.600,1,2,61.0,-2.0,0
21.600,1,2,61.0,-2.0,0
21.600,1,2,61.0,-2.0,0
21.600,1,2,61.0,-2.0,0
21.600,1,2,61.0,-2.0,0
21.700,1,2,61.0,-2.0,0
21.700,1,2,61.0,-2.0,0
21.700,1,2,61.0,-2.0,0
21.700,1,2,61.0,-2.0,0
21.700,1,2,61.0,-2.0,0
21.700,1,2,61.0,-2.0,0
21.700,1,2,61.0,-2.0,0
21.700,1,2,61.0,-2.0,0
21.700,1,2,61.0,-2.0,0
21.700,1,2,61.0,-2.0,0
21.800,1,2,61.0,-2.0,0
21.800,1,2,61.0,-2.0,0
21.800,1,2,61.0,-2.0,0
21.800,1,2,61.0,-2.0,0
21.800,1,2,61.0,-2.0,0
21.800,1,2,61.0,-2.0,0
21.800,1,2,61.0,-2.0,0
21.800,1,2,61.0,-2.0,0
21.800,1,2,61.0,-2.0,0
21.800,1,2,61.0,-2.0,0
21.800,1,2,61.0,-2.0,0
21.900,1,2,61.0,-2.0,0
21.900,1,2,61.0,-2.0,0
21.900,1,2,61.0,-2.0,0
21.900,1,2,61.0,-2.0,0
21.900,1,2,61.0,-2.0,0
21.900,1,2,61.0,-2.0,0
21.900,1,2,61.0,-2.0,0
21.900,1,2,61.0,-2.0,0
21.900,1,2,61.0,-2.0,0
21.900,1,2,61.0,-2.0,0
22.000,1,2,61.0,-2.0,0
22.000,1,2,61.0,-2.0,0
22.000,1,2,61.0,-2.0,0
22.000,1,2,61.0,-2.0,0
22.000,1,2,61.0,-2.0,0
22.000,1,2,61.0,-2.0,0
22.000,1,2,61.0,-2.0,0
22.000,1,2,61.0,-2.0,0
22.000,1,2,61.0,-2.0,0
22.000,1,2,61.0,-2.0,0
22.100,1,2,61.0,-2.0,0
22.100,1,2,61.0,-2.0,0
22.100,1,2,61.0,-2.0,0
22.100,1,2,61.0,-2.0,0
22.100,1,2,61.0,-2.0,0
22.100,1,2,61.0,-2.0,0
22.100,1,2,61.0,-2.0,0
22.100,1,2,61.0,-2.0,0
22.100,1,2,61.0,-2.0,0
22.100,1,2,61.0,-2.0,0
22.100,1,2,61.0,-2.0,0
22.200,1,2,61.0,-2.0,0
22.200,1,2,61.0,-2.0,0
22.200,1,2,61.0,-2.0,0
22.200,1,2,61.0,-2.0,0
22.200,1,2,61.0,-2.0,0
22.200,1,2,61.0,-2.0,0
22.200,1,2,61.0,-2.0,0
22.200,1,2,61.0,-2.0,0
22.200,1,2,61.0,-2.0,0
22.200,1,2,61.0,-2.0,0
22.300,1,2,61.0,-2.0,0
22.300,1,2,61.0,-2.0,0
22.300,1,2,61.0,-2.0,0
22.300,1,2,61.0,-2.0,0
22.300,1,2,61.0,-2.0,0
22.300,1,2,61.0,-2.0,0
22.300,1,2,61.0,-2.0,0
22.300,1,2,61.0,-2.0,0
22.300,1,2,61.0,-2.0,0
22.300,1,2,61.0,-2.0,0
22.300,1,2,61.0,-2.0,0
22.400,1,2,61.0,-2.0,0
22.400,1,2,61.0,-2.0,0
22.400,1,2,61.0,-2.0,0
22.400,1,2,61.0,-2.0,0
22.400,1,2,61.0,-2.0,0
22.400,1,2,61.0,-2.0,0
22.400,1,2,61.0,-2.0,0
22.400,1,2,61.0,-2.0,0
22.400,1,2,61.0,-2.0,0
22.400,1,2,61.0,-2.0,0
22.500,1,2,61.0,-2.0,0
22.500,1,2,61.0,-2.0,0
22.500,1,2,61.0,-2.0,0
22.500,1,2,61.0,-2.0,0
22.500,1,2,61.0,-2.0,0
22.500,1,2,61.0,-2.0,0
22.500,1,2,61.0,-2.0,0
22.500,1,2,61.0,-2.0,0
22.500,1,2,61.0,-2.0,0
22.500,1,2,61.0,-2.0,0
22.500,1,2,61.0,-2.0,0
22.600,1,2,61.0,-2.0,0
22.600,1,2,61.0,-2.0,0
22.600,1,2,61.0,-2.0,0
22.600,1,2,61.0,-2.0,0
22.600,1,2,61.0,-2.0,0
22.600,1,2,61.0,-2.0,0
22.600,1,2,61.0,-2.0,0
22.600,1,2,61.0,-2.0,0
22.600,1,2,61.0,-2.0,0
22.600,1,2,61.0,-2.0,0
22.700,1,2,61.0,-2.0,0
22.700,1,2,61.0,-2.0,0
22.700,1,2,61.0,-2.0,0
22.700,1,2,61.0,-2.0,0
22.700,1,2,61.0,-2.0,0
22.700,1,2,61.0,-2.0,0
22.700,1,2,61.0,-2.0,0
22.700,1,2,61.0,-2.0,0
22.700,1,2,61.0,-2.0,0
22.700,1,2,61.0,-2.0,0
22.800,1,2,61.0,-2.0,0
22.800,1,2,61.0,-2.0,0
22.800,1,2,61.0,-2.0,0
22.800,1,2,61.0,-2.0,0
22.800,1,2,61.0,-2.0,0
22.800,1,2,61.0,-2.0,0
22.800,1,2,61.0,-2.0,0
22.800,1,2,61.0,-2.0,0
22.800,1,2,61.0,-2.0,0
22.800,1,2,61.0,-2.0,0
22.800,1,2,61.0,-2.0,0
22.900,1,2,61.0,-2.0,0
22.900,1,2,61.0,-2.0,0
22.900,1,2,61.0,-2.0,0
22.900,1,2,61.0,-2.0,0
22.900,1,2,61.0,-2.0,0
22.900,1,2,61.0,-2.0,0
22.900,1,2,61.0,-2.0,0
22.900,1,2,61.0,-2.0,0
22.900,1,2,61.0,-2.0,0
22.900,1,2,61.0,-2.0,0
23.000,1,2,61.0,-2.0,0
23.000,1,2,61.0,-2.0,0
23.000,1,2,61.0,-2.0,0
23.000,1,2,61.0,-2.0,0
23.000,1,2,61.0,-2.0,0
23.000,1,2,61.0,-2.0,0
23.000,1,2,61.0,-2.0,0
23.000,1,2,61.0,-2.0,0
23.000,1,2,61.0,-2.0,0
23.000,1,2,61.0,-2.0,0
23.000,1,2,61.0,-2.0,0
23.100,1,2,61.0,-2.0,0
23.100,1,2,61.0,-2.0,0
23.100,1,2,61.0,-2.0,0
23.100,1,2,61.0,-2.0,0
23.100,1,2,61.0,-2.0,0
23.100,1,2,61.0,-2.0,0
23.100,1,2,61.0,-2.0,0
23.100,1,2,61.0,-2.0,0
23.100,1,2,61.0,-2.0,0
23.100,1,2,61.0,-2.0,0
23.200,1,2,61.0,-2.0,0
23.200,1,2,61.0,-2.0,0
23.200,1,2,61.0,-2.0,0
23.200,1,2,61.0,-2.0,0
23.200,1,2,61.0,-2.0,0
23.200,1,2,61.0,-2.0,0
23.200,1,2,61.0,-2.0,0
23.200,1,2,61.0,-2.0,0
23.200,1,2,61.0,-2.0,0
23.200,1,2,61.0,-2.0,0
23.200,1,2,61.0,-2.0,0
23.300,1,2,61.0,-2.0,0
23.300,1,2,61.0,-2.0,0
23.300,1,2,61.0,-2.0,0
23.300,1,2,61.0,-2.0,0
23.300,1,2,61.0,-2.0,0
23.300,1,2,61.0,-2.0,0
23.300,1,2,61.0,-2.0,0
23.300,1,2,61.0,-2.0,0
23.300,1,2,61.0,-2.0,0
23.300,1,2,61.0,-2.0,0
23.400,1,2,61.0,-2.0,0
23.400,1,2,61.0,-2.0,0
23.400,1,2,61.0,-2.0,0
23.400,1,2,61.0,-2.0,0
23.400,1,2,61.0,-2.0,0
23.400,1,2,61.0,-2.0,0
23.400,1,2,61.0,-2.0,0
23.400,1,2,61.0,-2.0,0
23.400,1,2,61.0,-2.0,0
23.400,1,2,61.0,-2.0,0
23.500,1,2,61.0,-2.0,0
23.500,1,2,61.0,-2.0,0
23.500,1,2,61.0,-2.0,0
23.500,1,2,61.0,-2.0,0
23.500,1,2,61.0,-2.0,0
23.500,1,2,61.0,-2.0,0
23.500,1,2,61.0,-2.0,0
23.500,1,2,61.0,-2.0,0
23.500,1,2,61.0,-2.0,0
23.500,1,2,61.0,-2.0,0
23.500,1,2,61.0,-2.0,0
23.600,1,2,61.0,-2.0,0
23.600,1,2,61.0,-2.0,0
23.600,1,2,61.0,-2.0,0
23.600,1,2,61.0,-2.0,0
23.600,1,2,61.0,-2.0,0
23.600,1,2,61.0,-2.0,0
23.600,1,2,61.0,-2.0,0
23.600,1,2,61.0,-2.0,0
23.600,1,2,61.0,-2.0,0
23.600,1,2,61.0,-2.0,0
23.700,1,2,61.0,-2.0,0
23.700,1,2,61.0,-2.0,0
23.700,1,2,61.0,-2.0,0
23.700,1,2,61.0,-2.0,0
23.700,1,2,61.0,-2.0,0
23.700,1,2,61.0,-2.0,0
23.700,1,2,61.0,-2.0,0
23.700,1,2,61.0,-2.0,0
23.700,1,2,61.0,-2.0,0
23.700,1,2,61.0,-2.0,0
23.700,1,2,61.0,-2.0,0
23.800,1,2,61.0,-2.0,0
23.800,1,2,61.0,-2.0,0
23.800,1,2,61.0,-2.0,0
23.800,1,2,61.0,-2.0,0
23.800,1,2,61.0,-2.0,0
23.800,1,2,61.0,-2.0,0
23.800,1,2,61.0,-2.0,0
23.800,1,2,61.0,-2.0,0
23.800,1,2,61.0,-2.0,0
23.800,1,2,61.0,-2.0,0
23.900,1,2,61.0,-2.0,0
23.900,1,2,61.0,-2.0,0
23.900,1,2,61.0,-2.0,0
23.900,1,2,61.0,-2.0,0
23.900,1,2,61.0,-2.0,0
23.900,1,2,61.0,-2.0,0
23.900,1,2,61.0,-2.0,0
23.900,1,2,61.0,-2.0,0
23.900,1,2,61.0,-2.0,0
23.900,1,2,61.0,-2.0,0
23.900,1,2,61.0,-2.0,0
24.000,1,2,61.0,-2.0,1
24.000,1,2,61.0,-2.0,1
24.000,1,2,61.0,-2.0,1
24.000,1,2,61.0,-2.0,1
24.000,1,2,61.0,-2.0,1
24.000,1,2,61.0,-2.0,1
24.000,1,2,61.0,-2.0,1
24.000,1,2,61.0,-2.0,1
24.000,1,2,61.0,-2.0,1
24.000,1,2,61.0,-2.0,1
24.100,0,0,0.0,0.0,1
24.100,0,0,0.0,0.0,1
24.100,0,0,0.0,0.0,1
24.100,0,0,0.0,0.0,1
24.100,0,0,0.0,0.0,1
24.100,0,0,0.0,0.0,1
24.100,0,0,0.0,0.0,1
24.100,0,0,0.0,0.0,1
24.100,0,0,0.0,0.0,1
24.100,0,0,0.0,0.0,1
24.100,0,0,0.0,0.0,1
24.200,0,0,0.0,0.0,1
24.200,0,0,0.0,0.0,1
24.200,0,0,0.0,0.0,1
24.200,0,0,0.0,0.0,1
24.200,0,0,0.0,0.0,1
24.200,0,0,0.0,0.0,1
24.200,0,0,0.0,0.0,1
24.200,0,0,0.0,0.0,1
24.200,0,0,0.0,0.0,1
24.200,0,0,0.0,0.0,1
24.300,0,0,0.0,0.0,1
24.300,0,0,0.0,0.0,1
24.300,0,0,0.0,0.0,1
24.300,0,0,0.0,0.0,1
24.300,0,0,0.0,0.0,1
24.300,0,0,0.0,0.0,1
24.300,0,0,0.0,0.0,1
24.300,0,0,0.0,0.0,1
24.300,0,0,0.0,0.0,1
24.300,0,0,0.0,0.0,1
24.400,0,0,0.0,0.0,1
24.400,0,0,0.0,0.0,1
24.400,0,0,0.0,0.0,1
24.400,0,0,0.0,0.0,1
24.400,0,0,0.0,0.0,1
24.400,0,0,0.0,0.0,1
24.400,0,0,0.0,0.0,1
24.400,0,0,0.0,0.0,1
24.400,0,0,0.0,0.0,1
24.400,0,0,0.0,0.0,1
24.400,0,0,0.0,0.0,1
24.500,0,0,0.0,0.0,1
24.500,0,0,0.0,0.0,1
24.500,0,0,0.0,0.0,1
24.500,0,0,0.0,0.0,1
24.500,0,0,0.0,0.0,1
24.500,0,0,0.0,0.0,1
24.500,0,0,0.0,0.0,1
24.500,0,0,0.0,0.0,1
24.500,0,0,0.0,0.0,1
24.500,0,0,0.0,0.0,1
24.600,0,0,0.0,0.0,1
24.600,0,0,0.0,0.0,1
24.600,0,0,0.0,0.0,1
24.600,0,0,0.0,0.0,1
24.600,0,0,0.0,0.0,1
24.600,0,0,0.0,0.0,1
24.600,0,0,0.0,0.0,1
24.600,0,0,0.0,0.0,1
24.600,0,0,0.0,0.0,1
24.600,0,0,0.0,0.0,1
24.600,0,0,0.0,0.0,1
24.700,0,0,0.0,0.0,1
24.700,0,0,0.0,0.0,1
24.700,0,0,0.0,0.0,1
24.700,0,0,0.0,0.0,1
24.700,0,0,0.0,0.0,1
24.700,0,0,0.0,0.0,1
24.700,0,0,0.0,0.0,1
24.700,0,0,0.0,0.0,1
24.700,0,0,0.0,0.0,1
24.700,0,0,0.0,0.0,1
24.800,0,0,0.0,0.0,1
24.800,0,0,0.0,0.0,1
24.800,0,0,0.0,0.0,1
24.800,0,0,0.0,0.0,1
24.800,0,0,0.0,0.0,1
24.800,0,0,0.0,0.0,1
24.800,0,0,0.0,0.0,1
24.800,0,0,0.0,0.0,1
24.800,0,0,0.0,0.0,1
24.800,0,0,0.0,0.0,1
24.800,0,0,0.0,0.0,1
24.900,0,0,0.0,0.0,1
24.900,0,0,0.0,0.0,1
24.900,0,0,0.0,0.0,1
24.900,0,0,0.0,0.0,1
24.900,0,0,0.0,0.0,1
24.900,0,0,0.0,0.0,1
24.900,0,0,0.0,0.0,1
24.900,0,0,0.0,0.0,1
24.900,0,0,0.0,0.0,1
24.900,0,0,0.0,0.0,1
25.000,0,0,0.0,0.0,1
25.000,0,0,0.0,0.0,1
25.000,0,0,0.0,0.0,1
25.000,0,0,0.0,0.0,1
25.000,0,0,0.0,0.0,1
25.000,0,0,0.0,0.0,1
25.000,0,0,0.0,0.0,1
25.000,0,0,0.0,0.0,1
25.000,0,0,0.0,0.0,1
25.000,0,0,0.0,0.0,1
25.100,0,0,0.0,0.0,1
25.100,0,0,0.0,0.0,1
25.100,0,0,0.0,0.0,1
25.100,0,0,0.0,0.0,1
25.100,0,0,0.0,0.0,1
25.100,0,0,0.0,0.0,1
25.100,0,0,0.0,0.0,1
25.100,0,0,0.0,0.0,1
25.100,0,0,0.0,0.0,1
25.100,0,0,0.0,0.0,1
25.100,0,0,0.0,0.0,1
25.200,0,0,0.0,0.0,1
25.200,0,0,0.0,0.0,1
25.200,0,0,0.0,0.0,1
25.200,0,0,0.0,0.0,1
25.200,0,0,0.0,0.0,1
25.200,0,0,0.0,0.0,1
25.200,0,0,0.0,0.0,1
25.200,0,0,0.0,0.0,1
25.200,0,0,0.0,0.0,1
25.200,0,0,0.0,0.0,1
25.300,0,0,0.0,0.0,1
25.300,0,0,0.0,0.0,1
25.300,0,0,0.0,0.0,1
25.300,0,0,0.0,0.0,1
25.300,0,0,0.0,0.0,1
25.300,0,0,0.0,0.0,1
25.300,0,0,0.0,0.0,1
25.300,0,0,0.0,0.0,1
25.300,0,0,0.0,0.0,1
25.300,0,0,0.0,0.0,1
25.300,0,0,0.0,0.0,1
25.400,0,0,0.0,0.0,1
25.400,0,0,0.0,0.0,1
25.400,0,0,0.0,0.0,1
25.400,0,0,0.0,0.0,1
25.400,0,0,0.0,0.0,1
25.400,0,0,0.0,0.0,1
25.400,0,0,0.0,0.0,1
25.400,0,0,0.0,0.0,1
25.400,0,0,0.0,0.0,1
25.400,0,0,0.0,0.0,1
25.500,0,0,0.0,0.0,1
25.500,0,0,0.0,0.0,1
25.500,0,0,0.0,0.0,1
25.500,0,0,0.0,0.0,1
25.500,0,0,0.0,0.0,1
25.500,0,0,0.0,0.0,1
25.500,0,0,0.0,0.0,1
25.500,0,0,0.0,0.0,1
25.500,0,0,0.0,0.0,1
25.500,0,0,0.0,0.0,1
25.500,0,0,0.0,0.0,1
25.600,0,0,0.0,0.0,1
25.600,0,0,0.0,0.0,1
25.600,0,0,0.0,0.0,1
25.600,0,0,0.0,0.0,1
25.600,0,0,0.0,0.0,1
25.600,0,0,0.0,0.0,1
25.600,0,0,0.0,0.0,1
25.600,0,0,0.0,0.0,1
25.600,0,0,0.0,0.0,1
25.600,0,0,0.0,0.0,1
25.700,0,0,0.0,0.0,1
25.700,0,0,0.0,0.0,1
25.700,0,0,0.0,0.0,1
25.700,0,0,0.0,0.0,1
25.700,0,0,0.0,0.0,1
25.700,0,0,0.0,0.0,1
25.700,0,0,0.0,0.0,1
25.700,0,0,0.0,0.0,1
25.700,0,0,0.0,0.0,1
25.700,0,0,0.0,0.0,1
25.800,2,0,-42.0,0.0,0
25.800,2,0,-42.0,0.0,0
25.800,2,0,-42.0,0.0,0
25.800,2,0,-42.0,0.0,0
25.800,2,0,-42.0,0.0,0
25.800,2,0,-42.0,0.0,0
25.800,2,0,-42.0,0.0,0
25.800,2,0,-42.0,0.0,0
25.800,2,0,-42.0,0.0,0
25.800,2,0,-42.0,0.0,0
25.800,2,0,-42.0,0.0,0
25.900,2,0,-42.0,0.0,0
25.900,2,0,-42.0,0.0,0
25.900,2,0,-42.0,0.0,0
25.900,2,0,-42.0,0.0,0
25.900,2,0,-42.0,0.0,0
25.900,2,0,-42.0,0.0,0
25.900,2,0,-42.0,0.0,0
25.900,2,0,-42.0,0.0,0
25.900,2,0,-42.0,0.0,0
25.900,2,0,-42.0,0.0,0
26.000,2,0,-42.0,0.0,0
26.000,2,0,-42.0,0.0,0
26.000,2,0,-42.0,0.0,0
26.000,2,0,-42.0,0.0,0
26.000,2,0,-42.0,0.0,0
26.000,2,0,-42.0,0.0,0
26.000,2,0,-42.0,0.0,0
26.000,2,0,-42.0,0.0,0
26.000,2,0,-42.0,0.0,0
26.000,2,0,-42.0,0.0,0
26.000,2,0,-42.0,0.0,0
26.100,2,0,-42.0,0.0,0
26.100,2,0,-42.0,0.0,0
26.100,2,0,-42.0,0.0,0
26.100,2,0,-42.0,0.0,0
26.100,2,0,-42.0,0.0,0
26.100,2,0,-42.0,0.0,0
26.100,2,0,-42.0,0.0,0
26.100,2,0,-42.0,0.0,0
26.100,2,0,-42.0,0.0,0
26.100,2,0,-42.0,0.0,0
26.200,2,0,-42.0,0.0,0
26.200,2,0,-42.0,0.0,0
26.200,2,0,-42.0,0.0,0
26.200,2,0,-42.0,0.0,0
26.200,2,0,-42.0,0.0,0
26.200,2,0,-42.0,0.0,0
26.200,2,0,-42.0,0.0,0
26.200,2,0,-42.0,0.0,0
26.200,2,0,-42.0,0.0,0
26.200,2,0,-42.0,0.0,0
26.200,2,0,-42.0,0.0,0
26.300,2,0,-42.0,0.0,0
26.300,2,0,-42.0,0.0,0
26.300,2,0,-42.0,0.0,0
26.300,2,0,-42.0,0.0,0
26.300,2,0,-42.0,0.0,0
26.300,2,0,-42.0,0.0,0
26.300,2,0,-42.0,0.0,0
26.300,2,0,-42.0,0.0,0
26.300,2,0,-42.0,0.0,0
26.300,2,0,-42.0,0.0,0
26.400,2,0,-42.0,0.0,0
26.400,2,0,-42.0,0.0,0
26.400,2,0,-42.0,0.0,0
26.400,2,0,-42.0,0.0,0
26.400,2,0,-42.0,0.0,0
26.400,2,0,-42.0,0.0,0
26.400,2,0,-42.0,0.0,0
26.400,2,0,-42.0,0.0,0
26.400,2,0,-42.0,0.0,0
26.400,2,0,-42.0,0.0,0
26.500,2,0,-42.0,0.0,0
26.500,2,0,-42.0,0.0,0
26.500,2,0,-42.0,0.0,0
26.500,2,0,-42.0,0.0,0
26.500,2,0,-42.0,0.0,0
26.500,2,0,-42.0,0.0,0
26.500,2,0,-42.0,0.0,0
26.500,2,0,-42.0,0.0,0
26.500,2,0,-42.0,0.0,0
26.500,2,0,-42.0,0.0,0
26.500,2,0,-42.0,0.0,0
26.600,2,0,-42.0,0.0,0
26.600,2,0,-42.0,0.0,0
26.600,2,0,-42.0,0.0,0
26.600,2,0,-42.0,0.0,0
26.600,2,0,-42.0,0.0,0
26.600,2,0,-42.0,0.0,0
26.600,2,0,-42.0,0.0,0
26.600,2,0,-42.0,0.0,0
26.600,2,0,-42.0,0.0,0
26.600,2,0,-42.0,0.0,0
26.700,2,0,-42.0,0.0,0
26.700,2,0,-42.0,0.0,0
26.700,2,0,-42.0,0.0,0
26.700,2,0,-42.0,0.0,0
26.700,2,0,-42.0,0.0,0
26.700,2,0,-42.0,0.0,0
26.700,2,0,-42.0,0.0,0
26.700,2,0,-42.0,0.0,0
26.700,2,0,-42.0,0.0,0
26.700,2,0,-42.0,0.0,0
26.700,2,0,-42.0,0.0,0
26.800,2,0,-42.0,0.0,0
26.800,2,0,-42.0,0.0,0
26.800,2,0,-42.0,0.0,0
26.800,2,0,-42.0,0.0,0
26.800,2,0,-42.0,0.0,0
26.800,2,0,-42.0,0.0,0
26.800,2,0,-42.0,0.0,0
26.800,2,0,-42.0,0.0,0
26.800,2,0,-42.0,0.0,0
26.800,2,0,-42.0,0.0,0
26.900,2,0,-42.0,0.0,0
26.900,2,0,-42.0,0.0,0
26.900,2,0,-42.0,0.0,0
26.900,2,0,-42.0,0.0,0
26.900,2,0,-42.0,0.0,0
26.900,2,0,-42.0,0.0,0
26.900,2,0,-42.0,0.0,0
26.900,2,0,-42.0,0.0,0
26.900,2,0,-42.0,0.0,0
26.900,2,0,-42.0,0.0,0
26.900,2,0,-42.0,0.0,0
27.000,2,0,-42.0,0.0,0
27.000,2,0,-42.0,0.0,0
27.000,2,0,-42.0,0.0,0
27.000,2,0,-42.0,0.0,0
27.000,2,0,-42.0,0.0,0
27.000,2,0,-42.0,0.0,0
27.000,2,0,-42.0,0.0,0
27.000,2,0,-42.0,0.0,0
27.000,2,0,-42.0,0.0,0
27.000,2,0,-42.0,0.0,0
27.100,2,0,-42.0,0.0,0
27.100,2,0,-42.0,0.0,0
27.100,2,0,-42.0,0.0,0
27.100,2,0,-42.0,0.0,0
27.100,2,0,-42.0,0.0,0
27.100,2,0,-42.0,0.0,0
27.100,2,0,-42.0,0.0,0
27.100,2,0,-42.0,0.0,0
27.100,2,0,-42.0,0.0,0
27.100,2,0,-42.0,0.0,0
27.100,2,0,-42.0,0.0,0
27.200,2,0,-42.0,0.0,0
27.200,2,0,-42.0,0.0,0
27.200,2,0,-42.0,0.0,0
27.200,2,0,-42.0,0.0,0
27.200,2,0,-42.0,0.0,0
27.200,2,0,-42.0,0.0,0
27.200,2,0,-42.0,0.0,0
27.200,2,0,-42.0,0.0,0
27.200,2,0,-42.0,0.0,0
27.200,2,0,-42.0,0.0,0
27.300,2,0,-42.0,0.0,0
27.300,2,0,-42.0,0.0,0
27.300,2,0,-42.0,0.0,0
27.300,2,0,-42.0,0.0,0
27.300,2,0,-42.0,0.0,0
27.300,2,0,-42.0,0.0,0
27.300,2,0,-42.0,0.0,0
27.300,2,0,-42.0,0.0,0
27.300,2,0,-42.0,0.0,0
27.300,2,0,-42.0,0.0,0
27.400,2,0,-42.0,0.0,0
27.400,2,0,-42.0,0.0,0
27.400,2,0,-42.0,0.0,0
27.400,2,0,-42.0,0.0,0
27.400,2,0,-42.0,0.0,0
27.400,2,0,-42.0,0.0,0
27.400,2,0,-42.0,0.0,0
27.400,2,0,-42.0,0.0,0
27.400,2,0,-42.0,0.0,0
27.400,2,0,-42.0,0.0,0
27.400,2,0,-42.0,0.0,0
27.500,2,0,-42.0,0.0,0
27.500,2,0,-42.0,0.0,0
27.500,2,0,-42.0,0.0,0
27.500,2,0,-42.0,0.0,0
27.500,2,0,-42.0,0.0,0
27.500,2,0,-42.0,0.0,0
27.500,2,0,-42.0,0.0,0
27.500,2,0,-42.0,0.0,0
27.500,2,0,-42.0,0.0,0
27.500,2,0,-42.0,0.0,0
27.600,2,0,-42.0,0.0,0
27.600,2,0,-42.0,0.0,0
27.600,2,0,-42.0,0.0,0
27.600,2,0,-42.0,0.0,0
27.600,2,0,-42.0,0.0,0
27.600,2,0,-42.0,0.0,0
27.600,2,0,-42.0,0.0,0
27.600,2,0,-42.0,0.0,0
27.600,2,0,-42.0,0.0,0
27.600,2,0,-42.0,0.0,0
27.600,2,0,-42.0,0.0,0
27.700,2,0,-42.0,0.0,0
27.700,2,0,-42.0,0.0,0
27.700,2,0,-42.0,0.0,0
27.700,2,0,-42.0,0.0,0
27.700,2,0,-42.0,0.0,0
27.700,2,0,-42.0,0.0,0
27.700,2,0,-42.0,0.0,0
27.700,2,0,-42.0,0.0,0
27.700,2,0,-42.0,0.0,0
27.700,2,0,-42.0,0.0,0
27.800,2,0,-42.0,0.0,0
27.800,2,0,-42.0,0.0,0
27.800,2,0,-42.0,0.0,0
27.800,2,0,-42.0,0.0,0
27.800,2,0,-42.0,0.0,0
27.800,2,0,-42.0,0.0,0
27.800,2,0,-42.0,0.0,0
27.800,2,0,-42.0,0.0,0
27.800,2,0,-42.0,0.0,0
27.800,2,0,-42.0,0.0,0
27.800,2,0,-42.0,0.0,0
27.900,2,0,-42.0,0.0,0
27.900,2,0,-42.0,0.0,0
27.900,2,0,-42.0,0.0,0
27.900,2,0,-42.0,0.0,0
27.900,2,0,-42.0,0.0,0
27.900,2,0,-42.0,0.0,0
27.900,2,0,-42.0,0.0,0
27.900,2,0,-42.0,0.0,0
27.900,2,0,-42.0,0.0,0
27.900,2,0,-42.0,0.0,0
28.000,2,0,-42.0,0.0,0
28.000,2,0,-42.0,0.0,0
28.000,2,0,-42.0,0.0,0
28.000,2,0,-42.0,0.0,0
28.000,2,0,-42.0,0.0,0
28.000,2,0,-42.0,0.0,0
28.000,2,0,-42.0,0.0,0
28.000,2,0,-42.0,0.0,0
28.000,2,0,-42.0,0.0,0
28.000,2,0,-42.0,0.0,0
28.100,2,0,-42.0,0.0,0
28.100,2,0,-42.0,0.0,0
28.100,2,0,-42.0,0.0,0
28.100,2,0,-42.0,0.0,0
28.100,2,0,-42.0,0.0,0
28.100,2,0,-42.0,0.0,0
28.100,2,0,-42.0,0.0,0
28.100,2,0,-42.0,0.0,0
28.100,2,0,-42.0,0.0,0
28.100,2,0,-42.0,0.0,0
28.100,2,0,-42.0,0.0,0
28.200,2,0,-42.0,0.0,0
28.200,2,0,-42.0,0.0,0
28.200,2,0,-42.0,0.0,0
28.200,2,0,-42.0,0.0,0
28.200,2,0,-42.0,0.0,0
28.200,2,0,-42.0,0.0,0
28.200,2,0,-42.0,0.0,0
28.200,2,0,-42.0,0.0,0
28.200,2,0,-42.0,0.0,0
28.200,2,0,-42.0,0.0,0
28.300,2,0,-42.0,0.0,0
28.300,2,0,-42.0,0.0,0
28.300,2,0,-42.0,0.0,0
28.300,2,0,-42.0,0.0,0
28.300,2,0,-42.0,0.0,0
28.300,2,0,-42.0,0.0,0
28.300,2,0,-42.0,0.0,0
28.300,2,0,-42.0,0.0,0
28.300,2,0,-42.0,0.0,0
28.300,2,0,-42.0,0.0,0
28.300,2,0,-42.0,0.0,0
28.400,2,0,-42.0,0.0,0
28.400,2,0,-42.0,0.0,0
28.400,2,0,-42.0,0.0,0
28.400,2,0,-42.0,0.0,0
28.400,2,0,-42.0,0.0,0
28.400,2,0,-42.0,0.0,0
28.400,2,0,-42.0,0.0,0
28.400,2,0,-42.0,0.0,0
28.400,2,0,-42.0,0.0,0
28.400,2,0,-42.0,0.0,0
28.500,2,0,-42.0,0.0,0
28.500,2,0,-42.0,0.0,0
28.500,2,0,-42.0,0.0,0
28.500,2,0,-42.0,0.0,0
28.500,2,0,-42.0,0.0,0
28.500,2,0,-42.0,0.0,0
28.500,2,0,-42.0,0.0,0
28.500,2,0,-42.0,0.0,0
28.500,2,0,-42.0,0.0,0
28.500,2,0,-42.0,0.0,0
28.500,2,0,-42.0,0.0,0
28.600,2,0,-42.0,0.0,0
28.600,2,0,-42.0,0.0,0
28.600,2,0,-42.0,0.0,0
28.600,2,0,-42.0,0.0,0
28.600,2,0,-42.0,0.0,0
28.600,2,0,-42.0,0.0,0
28.600,2,0,-42.0,0.0,0
28.600,2,0,-42.0,0.0,0
28.600,2,0,-42.0,0.0,0
28.600,2,0,-42.0,0.0,0
28.700,2,0,-42.0,0.0,0
28.700,2,0,-42.0,0.0,0
28.700,2,0,-42.0,0.0,0
28.700,2,0,-42.0,0.0,0
28.700,2,0,-42.0,0.0,0
28.700,2,0,-42.0,0.0,0
28.700,2,0,-42.0,0.0,0
28.700,2,0,-42.0,0.0,0
28.700,2,0,-42.0,0.0,0
28.700,2,0,-42.0,0.0,0
28.800,2,0,-42.0,0.0,0
28.800,2,0,-42.0,0.0,0
28.800,2,0,-42.0,0.0,0
28.800,2,0,-42.0,0.0,0
28.800,2,0,-42.0,0.0,0
28.800,2,0,-42.0,0.0,0
28.800,2,0,-42.0,0.0,0
28.800,2,0,-42.0,0.0,0
28.800,2,0,-42.0,0.0,0
28.800,2,0,-42.0,0.0,0
28.800,2,0,-42.0,0.0,0
28.900,2,0,-42.0,0.0,0
28.900,2,0,-42.0,0.0,0
28.900,2,0,-42.0,0.0,0
28.900,2,0,-42.0,0.0,0
28.900,2,0,-42.0,0.0,0
28.900,2,0,-42.0,0.0,0
28.900,2,0,-42.0,0.0,0
28.900,2,0,-42.0,0.0,0
28.900,2,0,-42.0,0.0,0
28.900,2,0,-42.0,0.0,0
29.000,2,0,-42.0,0.0,0
29.000,2,0,-42.0,0.0,0
29.000,2,0,-42.0,0.0,0
29.000,2,0,-42.0,0.0,0
29.000,2,0,-42.0,0.0,0
29.000,2,0,-42.0,0.0,0
29.000,2,0,-42.0,0.0,0
29.000,2,0,-42.0,0.0,0
29.000,2,0,-42.0,0.0,0
29.000,2,0,-42.0,0.0,0
29.000,2,0,-42.0,0.0,0
29.100,2,0,-42.0,0.0,0
29.100,2,0,-42.0,0.0,0
29.100,2,0,-42.0,0.0,0
29.100,2,0,-42.0,0.0,0
29.100,2,0,-42.0,0.0,0
29.100,2,0,-42.0,0.0,0
29.100,2,0,-42.0,0.0,0
29.100,2,0,-42.0,0.0,0
29.100,2,0,-42.0,0.0,0
29.100,2,0,-42.0,0.0,0
29.200,2,0,-42.0,0.0,0
29.200,2,0,-42.0,0.0,0
29.200,2,0,-42.0,0.0,0
29.200,2,0,-42.0,0.0,0
29.200,2,0,-42.0,0.0,0
29.200,2,0,-42.0,0.0,0
29.200,2,0,-42.0,0.0,0
29.200,2,0,-42.0,0.0,0
29.200,2,0,-42.0,0.0,0
29.200,2,0,-42.0,0.0,0
29.200,2,0,-42.0,0.0,0
29.300,2,0,-42.0,0.0,0
29.300,2,0,-42.0,0.0,0
29.300,2,0,-42.0,0.0,0
29.300,2,0,-42.0,0.0,0
29.300,2,0,-42.0,0.0,0
29.300,2,0,-42.0,0.0,0
29.300,2,0,-42.0,0.0,0
29.300,2,0,-42.0,0.0,0
29.300,2,0,-42.0,0.0,0
29.300,2,0,-42.0,0.0,0
29.400,2,0,-42.0,0.0,0
29.400,2,0,-42.0,0.0,0
29.400,2,0,-42.0,0.0,0
29.400,2,0,-42.0,0.0,0
29.400,2,0,-42.0,0.0,0
29.400,2,0,-42.0,0.0,0
29.400,2,0,-42.0,0.0,0
29.400,2,0,-42.0,0.0,0
29.400,2,0,-42.0,0.0,0
29.400,2,0,-42.0,0.0,0
29.500,2,0,-42.0,0.0,0
29.500,2,0,-42.0,0.0,0
29.500,2,0,-42.0,0.0,0
29.500,2,0,-42.0,0.0,0
29.500,2,0,-42.0,0.0,0
29.500,2,0,-42.0,0.0,0
29.500,2,0,-42.0,0.0,0
29.500,2,0,-42.0,0.0,0
29.500,2,0,-42.0,0.0,0
29.500,2,0,-42.0,0.0,0
29.500,2,0,-42.0,0.0,0
29.600,2,0,-42.0,0.0,0
29.600,2,0,-42.0,0.0,0
29.600,2,0,-42.0,0.0,0
29.600,2,0,-42.0,0.0,0
29.600,2,0,-42.0,0.0,0
29.600,2,0,-42.0,0.0,0
29.600,2,0,-42.0,0.0,0
29.600,2,0,-42.0,0.0,0
29.600,2,0,-42.0,0.0,0
29.600,2,0,-42.0,0.0,0
29.700,2,0,-42.0,0.0,0
29.700,2,0,-42.0,0.0,0
29.700,2,0,-42.0,0.0,0
29.700,2,0,-42.0,0.0,0
29.700,2,0,-42.0,0.0,0
29.700,2,0,-42.0,0.0,0
29.700,2,0,-42.0,0.0,0
29.700,2,0,-42.0,0.0,0
29.700,2,0,-42.0,0.0,0
29.700,2,0,-42.0,0.0,0
29.700,2,0,-42.0,0.0,0
29.800,2,0,-42.0,0.0,0
29.800,2,0,-42.0,0.0,0
29.800,2,0,-42.0,0.0,0
29.800,2,0,-42.0,0.0,0
29.800,2,0,-42.0,0.0,0
29.800,2,0,-42.0,0.0,0
29.800,2,0,-42.0,0.0,0
29.800,2,0,-42.0,0.0,0
29.800,2,0,-42.0,0.0,0
29.800,2,0,-42.0,0.0,0
29.900,2,0,-42.0,0.0,0
29.900,2,0,-42.0,0.0,0
29.900,2,0,-42.0,0.0,0
29.900,2,0,-42.0,0.0,0
29.900,2,0,-42.0,0.0,0
29.900,2,0,-42.0,0.0,0
29.900,2,0,-42.0,0.0,0
29.900,2,0,-42.0,0.0,0
29.900,2,0,-42.0,0.0,0
29.900,2,0,-42.0,0.0,0
29.900,2,0,-42.0,0.0,0
30.000,2,0,-42.0,0.0,0
30.000,2,0,-42.0,0.0,0
30.000,2,0,-42.0,0.0,0
30.000,2,0,-42.0,0.0,0
30.000,2,0,-42.0,0.0,0
30.000,2,0,-42.0,0.0,0
30.000,2,0,-42.0,0.0,0
30.000,2,0,-42.0,0.0,0
30.000,2,0,-42.0,0.0,0
30.000,2,0,-42.0,0.0,0
30.100,2,0,-42.0,0.0,0
30.100,2,0,-42.0,0.0,0
30.100,2,0,-42.0,0.0,0
30.100,2,0,-42.0,0.0,0
30.100,2,0,-42.0,0.0,0
30.100,2,0,-42.0,0.0,0
30.100,2,0,-42.0,0.0,0
30.100,2,0,-42.0,0.0,0
30.100,2,0,-42.0,0.0,0
30.100,2,0,-42.0,0.0,0
30.100,2,0,-42.0,0.0,0
30.200,2,0,-42.0,0.0,0
30.200,2,0,-42.0,0.0,0
30.200,2,0,-42.0,0.0,0
30.200,2,0,-42.0,0.0,0
30.200,2,0,-42.0,0.0,0
30.200,2,0,-42.0,0.0,0
30.200,2,0,-42.0,0.0,0
30.200,2,0,-42.0,0.0,0
30.200,2,0,-42.0,0.0,0
30.200,2,0,-42.0,0.0,0
30.300,2,0,-42.0,0.0,0
30.300,2,0,-42.0,0.0,0
30.300,2,0,-42.0,0.0,0
30.300,2,0,-42.0,0.0,0
30.300,2,0,-42.0,0.0,0
30.300,2,0,-42.0,0.0,0
30.300,2,0,-42.0,0.0,0
30.300,2,0,-42.0,0.0,0
30.300,2,0,-42.0,0.0,0
30.300,2,0,-42.0,0.0,0
30.400,2,0,-42.0,0.0,0
30.400,2,0,-42.0,0.0,0
30.400,2,0,-42.0,0.0,0
30.400,2,0,-42.0,0.0,0
30.400,2,0,-42.0,0.0,0
30.400,2,0,-42.0,0.0,0
30.400,2,0,-42.0,0.0,0
30.400,2,0,-42.0,0.0,0
30.400,2,0,-42.0,0.0,0
30.400,2,0,-42.0,0.0,0
30.400,2,0,-42.0,0.0,0
30.500,2,0,-42.0,0.0,0
30.500,2,0,-42.0,0.0,0
30.500,2,0,-42.0,0.0,0
30.500,2,0,-42.0,0.0,0
30.500,2,0,-42.0,0.0,0
30.500,2,0,-42.0,0.0,0
30.500,2,0,-42.0,0.0,0
30.500,2,0,-42.0,0.0,0
30.500,2,0,-42.0,0.0,0
30.500,2,0,-42.0,0.0,0
30.600,2,0,-42.0,0.0,0
30.600,2,0,-42.0,0.0,0
30.600,2,0,-42.0,0.0,0
30.600,2,0,-42.0,0.0,0
30.600,2,0,-42.0,0.0,0
30.600,2,0,-42.0,0.0,0
30.600,2,0,-42.0,0.0,0
30.600,2,0,-42.0,0.0,0
30.600,2,0,-42.0,0.0,0
30.600,2,0,-42.0,0.0,0
30.600,2,0,-42.0,0.0,0
30.700,2,0,-42.0,0.0,0
30.700,2,0,-42.0,0.0,0
30.700,2,0,-42.0,0.0,0
30.700,2,0,-42.0,0.0,0
30.700,2,0,-42.0,0.0,0
30.700,2,0,-42.0,0.0,0
30.700,2,0,-42.0,0.0,0
30.700,2,0,-42.0,0.0,0
30.700,2,0,-42.0,0.0,0
30.700,2,0,-42.0,0.0,0
30.800,2,0,-42.0,0.0,1
30.800,2,0,-42.0,0.0,1
30.800,2,0,-42.0,0.0,1
30.800,2,0,-42.0,0.0,1
30.800,2,0,-42.0,0.0,1
30.800,2,0,-42.0,0.0,1
30.800,2,0,-42.0,0.0,1
30.800,2,0,-42.0,0.0,1
30.800,2,0,-42.0,0.0,1
30.800,2,0,-42.0,0.0,1
30.800,2,0,-42.0,0.0,1
30.900,0,0,0.0,0.0,1
30.900,0,0,0.0,0.0,1
30.900,0,0,0.0,0.0,1
30.900,0,0,0.0,0.0,1
30.900,0,0,0.0,0.0,1
30.900,0,0,0.0,0.0,1
30.900,0,0,0.0,0.0,1
30.900,0,0,0.0,0.0,1
30.900,0,0,0.0,0.0,1
30.900,0,0,0.0,0.0,1
31.000,0,0,0.0,0.0,1
31.000,0,0,0.0,0.0,1
31.000,0,0,0.0,0.0,1
31.000,0,0,0.0,0.0,1
31.000,0,0,0.0,0.0,1
31.000,0,0,0.0,0.0,1
31.000,0,0,0.0,0.0,1
31.000,0,0,0.0,0.0,1
31.000,0,0,0.0,0.0,1
31.000,0,0,0.0,0.0,1
31.100,0,0,0.0,0.0,1
31.100,0,0,0.0,0.0,1
31.100,0,0,0.0,0.0,1
31.100,0,0,0.0,0.0,1
31.100,0,0,0.0,0.0,1
31.100,0,0,0.0,0.0,1
31.100,0,0,0.0,0.0,1
31.100,0,0,0.0,0.0,1
31.100,0,0,0.0,0.0,1
31.100,0,0,0.0,0.0,1
31.100,0,0,0.0,0.0,1
31.200,0,0,0.0,0.0,1
31.200,0,0,0.0,0.0,1
31.200,0,0,0.0,0.0,1
31.200,0,0,0.0,0.0,1
31.200,0,0,0.0,0.0,1
31.200,0,0,0.0,0.0,1
31.200,0,0,0.0,0.0,1
31.200,0,0,0.0,0.0,1
31.200,0,0,0.0,0.0,1
31.200,0,0,0.0,0.0,1
31.300,0,0,0.0,0.0,1
31.300,0,0,0.0,0.0,1
31.300,0,0,0.0,0.0,1
31.300,0,0,0.0,0.0,1
31.300,0,0,0.0,0.0,1
31.300,0,0,0.0,0.0,1
31.300,0,0,0.0,0.0,1
31.300,0,0,0.0,0.0,1
31.300,0,0,0.0,0.0,1
31.300,0,0,0.0,0.0,1
31.300,0,0,0.0,0.0,1
31.400,0,0,0.0,0.0,1
31.400,0,0,0.0,0.0,1
31.400,0,0,0.0,0.0,1
31.400,0,0,0.0,0.0,1
31.400,0,0,0.0,0.0,1
31.400,0,0,0.0,0.0,1
31.400,0,0,0.0,0.0,1
31.400,0,0,0.0,0.0,1
31.400,0,0,0.0,0.0,1
31.400,0,0,0.0,0.0,1
31.500,0,0,0.0,0.0,1
31.500,0,0,0.0,0.0,1
31.500,0,0,0.0,0.0,1
31.500,0,0,0.0,0.0,1
31.500,0,0,0.0,0.0,1
31.500,0,0,0.0,0.0,1
31.500,0,0,0.0,0.0,1
31.500,0,0,0.0,0.0,1
31.500,0,0,0.0,0.0,1
31.500,0,0,0.0,0.0,1
31.500,0,0,0.0,0.0,1
31.600,0,0,0.0,0.0,1
31.600,0,0,0.0,0.0,1
31.600,0,0,0.0,0.0,1
31.600,0,0,0.0,0.0,1
31.600,0,0,0.0,0.0,1
31.600,0,0,0.0,0.0,1
31.600,0,0,0.0,0.0,1
31.600,0,0,0.0,0.0,1
31.600,0,0,0.0,0.0,1
31.600,0,0,0.0,0.0,1
31.700,0,0,0.0,0.0,1
31.700,0,0,0.0,0.0,1
31.700,0,0,0.0,0.0,1
31.700,0,0,0.0,0.0,1
31.700,0,0,0.0,0.0,1
31.700,0,0,0.0,0.0,1
31.700,0,0,0.0,0.0,1
31.700,0,0,0.0,0.0,1
31.700,0,0,0.0,0.0,1
31.700,0,0,0.0,0.0,1
31.800,0,0,0.0,0.0,1
31.800,0,0,0.0,0.0,1
31.800,0,0,0.0,0.0,1
31.800,0,0,0.0,0.0,1
31.800,0,0,0.0,0.0,1
31.800,0,0,0.0,0.0,1
31.800,0,0,0.0,0.0,1
31.800,0,0,0.0,0.0,1
31.800,0,0,0.0,0.0,1
31.800,0,0,0.0,0.0,1
31.800,0,0,0.0,0.0,1
31.900,0,0,0.0,0.0,1
31.900,0,0,0.0,0.0,1
31.900,0,0,0.0,0.0,1
31.900,0,0,0.0,0.0,1
31.900,0,0,0.0,0.0,1
31.900,0,0,0.0,0.0,1
31.900,0,0,0.0,0.0,1
31.900,0,0,0.0,0.0,1
31.900,0,0,0.0,0.0,1
31.900,0,0,0.0,0.0,1
32.000,0,0,0.0,0.0,1
32.000,0,0,0.0,0.0,1
32.000,0,0,0.0,0.0,1
32.000,0,0,0.0,0.0,1
32.000,0,0,0.0,0.0,1
32.000,0,0,0.0,0.0,1
32.000,0,0,0.0,0.0,1
32.000,0,0,0.0,0.0,1
32.000,0,0,0.0,0.0,1
32.000,0,0,0.0,0.0,1
32.000,0,0,0.0,0.0,1
32.100,0,0,0.0,0.0,1
32.100,0,0,0.0,0.0,1
32.100,0,0,0.0,0.0,1
32.100,0,0,0.0,0.0,1
32.100,0,0,0.0,0.0,1
32.100,0,0,0.0,0.0,1
32.100,0,0,0.0,0.0,1
32.100,0,0,0.0,0.0,1
32.100,0,0,0.0,0.0,1
32.100,0,0,0.0,0.0,1
32.200,0,0,0.0,0.0,1
32.200,0,0,0.0,0.0,1
32.200,0,0,0.0,0.0,1
32.200,0,0,0.0,0.0,1
32.200,0,0,0.0,0.0,1
32.200,0,0,0.0,0.0,1
32.200,0,0,0.0,0.0,1
32.200,0,0,0.0,0.0,1
32.200,0,0,0.0,0.0,1
32.200,0,0,0.0,0.0,1
32.200,0,0,0.0,0.0,1
32.300,0,0,0.0,0.0,1
32.300,0,0,0.0,0.0,1
32.300,0,0,0.0,0.0,1
32.300,0,0,0.0,0.0,1
32.300,0,0,0.0,0.0,1
32.300,0,0,0.0,0.0,1
32.300,0,0,0.0,0.0,1
32.300,0,0,0.0,0.0,1
32.300,0,0,0.0,0.0,1
32.300,0,0,0.0,0.0,1
32.400,0,0,0.0,0.0,1
32.400,0,0,0.0,0.0,1
32.400,0,0,0.0,0.0,1
32.400,0,0,0.0,0.0,1
32.400,0,0,0.0,0.0,1
32.400,0,0,0.0,0.0,1
32.400,0,0,0.0,0.0,1
32.400,0,0,0.0,0.0,1
32.400,0,0,0.0,0.0,1
32.400,0,0,0.0,0.0,1
32.500,0,0,0.0,0.0,1
32.500,0,0,0.0,0.0,1
32.500,0,0,0.0,0.0,1
32.500,0,0,0.0,0.0,1
32.500,0,0,0.0,0.0,1
32.500,0,0,0.0,0.0,1
32.500,0,0,0.0,0.0,1
32.500,0,0,0.0,0.0,1
32.500,0,0,0.0,0.0,1
32.500,0,0,0.0,0.0,1
32.500,0,0,0.0,0.0,1
32.600,0,0,0.0,0.0,1
32.600,0,0,0.0,0.0,1
32.600,0,0,0.0,0.0,1
32.600,0,0,0.0,0.0,1
32.600,0,0,0.0,0.0,1
32.600,0,0,0.0,0.0,1
32.600,0,0,0.0,0.0,1
32.600,0,0,0.0,0.0,1
32.600,0,0,0.0,0.0,1
32.600,0,0,0.0,0.0,1
32.700,0,0,0.0,0.0,1
32.700,0,0,0.0,0.0,1
32.700,0,0,0.0,0.0,1
32.700,0,0,0.0,0.0,1
32.700,0,0,0.0,0.0,1
32.700,0,0,0.0,0.0,1
32.700,0,0,0.0,0.0,1
32.700,0,0,0.0,0.0,1
32.700,0,0,0.0,0.0,1
32.700,0,0,0.0,0.0,1
32.700,0,0,0.0,0.0,1
32.800,0,0,0.0,0.0,1
32.800,0,0,0.0,0.0,1
32.800,0,0,0.0,0.0,1
32.800,0,0,0.0,0.0,1
32.800,0,0,0.0,0.0,1
32.800,0,0,0.0,0.0,1
32.800,0,0,0.0,0.0,1
32.800,0,0,0.0,0.0,1
32.800,0,0,0.0,0.0,1
32.800,0,0,0.0,0.0,1
32.900,0,0,0.0,0.0,1
32.900,0,0,0.0,0.0,1
32.900,0,0,0.0,0.0,1
32.900,0,0,0.0,0.0,1
32.900,0,0,0.0,0.0,1
32.900,0,0,0.0,0.0,1
32.900,0,0,0.0,0.0,1
32.900,0,0,0.0,0.0,1
32.900,0,0,0.0,0.0,1
32.900,0,0,0.0,0.0,1
32.900,0,0,0.0,0.0,1
33.000,0,0,0.0,0.0,1
33.000,0,0,0.0,0.0,1
33.000,0,0,0.0,0.0,1
33.000,0,0,0.0,0.0,1
33.000,0,0,0.0,0.0,1
33.000,0,0,0.0,0.0,1
33.000,0,0,0.0,0.0,1
33.000,0,0,0.0,0.0,1
33.000,0,0,0.0,0.0,1
33.000,0,0,0.0,0.0,1
33.100,0,0,0.0,0.0,1
33.100,0,0,0.0,0.0,1
33.100,0,0,0.0,0.0,1
33.100,0,0,0.0,0.0,1
33.100,0,0,0.0,0.0,1
33.100,0,0,0.0,0.0,1
33.100,0,0,0.0,0.0,1
33.100,0,0,0.0,0.0,1
33.100,0,0,0.0,0.0,1
33.100,0,0,0.0,0.0,1
33.100,0,0,0.0,0.0,1
33.200,0,0,0.0,0.0,1
33.200,0,0,0.0,0.0,1
33.200,0,0,0.0,0.0,1
33.200,0,0,0.0,0.0,1
33.200,0,0,0.0,0.0,1
33.200,0,0,0.0,0.0,1
33.200,0,0,0.0,0.0,1
33.200,0,0,0.0,0.0,1
33.200,0,0,0.0,0.0,1
33.200,0,0,0.0,0.0,1
33.300,0,0,0.0,0.0,1
33.300,0,0,0.0,0.0,1
33.300,0,0,0.0,0.0,1
33.300,0,0,0.0,0.0,1
33.300,0,0,0.0,0.0,1
33.300,0,0,0.0,0.0,1
33.300,0,0,0.0,0.0,1
33.300,0,0,0.0,0.0,1
33.300,0,0,0.0,0.0,1
33.300,0,0,0.0,0.0,1
33.400,0,0,0.0,0.0,1
33.400,0,0,0.0,0.0,1
33.400,0,0,0.0,0.0,1
33.400,0,0,0.0,0.0,1
33.400,0,0,0.0,0.0,1
33.400,0,0,0.0,0.0,1
33.400,0,0,0.0,0.0,1
33.400,0,0,0.0,0.0,1
33.400,0,0,0.0,0.0,1
33.400,0,0,0.0,0.0,1
33.400,0,0,0.0,0.0,1
33.500,0,0,0.0,0.0,1
33.500,0,0,0.0,0.0,1
33.500,0,0,0.0,0.0,1
33.500,0,0,0.0,0.0,1
33.500,0,0,0.0,0.0,1
33.500,0,0,0.0,0.0,1
33.500,0,0,0.0,0.0,1
33.500,0,0,0.0,0.0,1
33.500,0,0,0.0,0.0,1
33.500,0,0,0.0,0.0,1
33.600,0,0,0.0,0.0,1
33.600,0,0,0.0,0.0,1
33.600,0,0,0.0,0.0,1
33.600,0,0,0.0,0.0,1
33.600,0,0,0.0,0.0,1
33.600,0,0,0.0,0.0,1
33.600,0,0,0.0,0.0,1
33.600,0,0,0.0,0.0,1
33.600,0,0,0.0,0.0,1
33.600,0,0,0.0,0.0,1
33.600,0,0,0.0,0.0,1
33.700,0,0,0.0,0.0,1
33.700,0,0,0.0,0.0,1
33.700,0,0,0.0,0.0,1
33.700,0,0,0.0,0.0,1
33.700,0,0,0.0,0.0,1
33.700,0,0,0.0,0.0,1
33.700,0,0,0.0,0.0,1
33.700,0,0,0.0,0.0,1
33.700,0,0,0.0,0.0,1
33.700,0,0,0.0,0.0,1
33.800,0,0,0.0,0.0,1
33.800,0,0,0.0,0.0,1
33.800,0,0,0.0,0.0,1
33.800,0,0,0.0,0.0,1
33.800,0,0,0.0,0.0,1
33.800,0,0,0.0,0.0,1
33.800,0,0,0.0,0.0,1
33.800,0,0,0.0,0.0,1
33.800,0,0,0.0,0.0,1
33.800,0,0,0.0,0.0,1
33.800,0,0,0.0,0.0,1
33.900,0,0,0.0,0.0,1
33.900,0,0,0.0,0.0,1
33.900,0,0,0.0,0.0,1
33.900,0,0,0.0,0.0,1
33.900,0,0,0.0,0.0,1
33.900,0,0,0.0,0.0,1
33.900,0,0,0.0,0.0,1
33.900,0,0,0.0,0.0,1
33.900,0,0,0.0,0.0,1
33.900,0,0,0.0,0.0,1
34.000,0,0,0.0,0.0,1
34.000,0,0,0.0,0.0,1
34.000,0,0,0.0,0.0,1
34.000,0,0,0.0,0.0,1
34.000,0,0,0.0,0.0,1
34.000,0,0,0.0,0.0,1
34.000,0,0,0.0,0.0,1
34.000,0,0,0.0,0.0,1
34.000,0,0,0.0,0.0,1
34.000,0,0,0.0,0.0,1
34.100,0,0,0.0,0.0,1
34.100,0,0,0.0,0.0,1
34.100,0,0,0.0,0.0,1
34.100,0,0,0.0,0.0,1
34.100,0,0,0.0,0.0,1
34.100,0,0,0.0,0.0,1
34.100,0,0,0.0,0.0,1
34.100,0,0,0.0,0.0,1
34.100,0,0,0.0,0.0,1
34.100,0,0,0.0,0.0,1
34.100,0,0,0.0,0.0,1
34.200,0,0,0.0,0.0,1
34.200,0,0,0.0,0.0,1
34.200,0,0,0.0,0.0,1
34.200,0,0,0.0,0.0,1
34.200,0,0,0.0,0.0,1
34.200,0,0,0.0,0.0,1
34.200,0,0,0.0,0.0,1
34.200,0,0,0.0,0.0,1
34.200,0,0,0.0,0.0,1
34.200,0,0,0.0,0.0,1
34.300,0,0,0.0,0.0,1
34.300,0,0,0.0,0.0,1
34.300,0,0,0.0,0.0,1
34.300,0,0,0.0,0.0,1
34.300,0,0,0.0,0.0,1
34.300,0,0,0.0,0.0,1
34.300,0,0,0.0,0.0,1
34.300,0,0,0.0,0.0,1
34.300,0,0,0.0,0.0,1
34.300,0,0,0.0,0.0,1
34.300,0,0,0.0,0.0,1
34.400,0,0,0.0,0.0,1
34.400,0,0,0.0,0.0,1
34.400,0,0,0.0,0.0,1
34.400,0,0,0.0,0.0,1
34.400,0,0,0.0,0.0,1
34.400,0,0,0.0,0.0,1
34.400,0,0,0.0,0.0,1
34.400,0,0,0.0,0.0,1
34.400,0,0,0.0,0.0,1
34.400,0,0,0.0,0.0,1
34.500,0,0,0.0,0.0,1
34.500,0,0,0.0,0.0,1
34.500,0,0,0.0,0.0,1
34.500,0,0,0.0,0.0,1
34.500,0,0,0.0,0.0,1
34.500,0,0,0.0,0.0,1
34.500,0,0,0.0,0.0,1
34.500,0,0,0.0,0.0,1
34.500,0,0,0.0,0.0,1
34.500,0,0,0.0,0.0,1
34.500,0,0,0.0,0.0,1
34.600,0,0,0.0,0.0,1
34.600,0,0,0.0,0.0,1
34.600,0,0,0.0,0.0,1
34.600,0,0,0.0,0.0,1
34.600,0,0,0.0,0.0,1
34.600,0,0,0.0,0.0,1
34.600,0,0,0.0,0.0,1
34.600,0,0,0.0,0.0,1
34.600,0,0,0.0,0.0,1
34.600,0,0,0.0,0.0,1
34.700,0,0,0.0,0.0,1
34.700,0,0,0.0,0.0,1
34.700,0,0,0.0,0.0,1
34.700,0,0,0.0,0.0,1
34.700,0,0,0.0,0.0,1
34.700,0,0,0.0,0.0,1
34.700,0,0,0.0,0.0,1
34.700,0,0,0.0,0.0,1
34.700,0,0,0.0,0.0,1
34.700,0,0,0.0,0.0,1
34.800,0,0,0.0,0.0,1
34.800,0,0,0.0,0.0,1
34.800,0,0,0.0,0.0,1
34.800,0,0,0.0,0.0,1
34.800,0,0,0.0,0.0,1
34.800,0,0,0.0,0.0,1
34.800,0,0,0.0,0.0,1
34.800,0,0,0.0,0.0,1
34.800,0,0,0.0,0.0,1
34.800,0,0,0.0,0.0,1
34.800,0,0,0.0,0.0,1
34.900,0,0,0.0,0.0,1
34.900,0,0,0.0,0.0,1
34.900,0,0,0.0,0.0,1
34.900,0,0,0.0,0.0,1
34.900,0,0,0.0,0.0,1
34.900,0,0,0.0,0.0,1
34.900,0,0,0.0,0.0,1
34.900,0,0,0.0,0.0,1
34.900,0,0,0.0,0.0,1
34.900,0,0,0.0,0.0,1
35.000,0,0,0.0,0.0,1
35.000,0,0,0.0,0.0,1
35.000,0,0,0.0,0.0,1
35.000,0,0,0.0,0.0,1
35.000,0,0,0.0,0.0,1
35.000,0,0,0.0,0.0,1
35.000,0,0,0.0,0.0,1
35.000,0,0,0.0,0.0,1
35.000,0,0,0.0,0.0,1
35.000,0,0,0.0,0.0,1
35.000,0,0,0.0,0.0,1
35.100,0,0,0.0,0.0,1
35.100,0,0,0.0,0.0,1
35.100,0,0,0.0,0.0,1
35.100,0,0,0.0,0.0,1
35.100,0,0,0.0,0.0,1
35.100,0,0,0.0,0.0,1
35.100,0,0,0.0,0.0,1
35.100,0,0,0.0,0.0,1
35.100,0,0,0.0,0.0,1
35.100,0,0,0.0,0.0,1
35.200,0,0,0.0,0.0,1
35.200,0,0,0.0,0.0,1
35.200,0,0,0.0,0.0,1
35.200,0,0,0.0,0.0,1
35.200,0,0,0.0,0.0,1
35.200,0,0,0.0,0.0,1
35.200,0,0,0.0,0.0,1
35.200,0,0,0.0,0.0,1
35.200,0,0,0.0,0.0,1
35.200,0,0,0.0,0.0,1
35.200,0,0,0.0,0.0,1
35.300,0,0,0.0,0.0,1
35.300,0,0,0.0,0.0,1
35.300,0,0,0.0,0.0,1
35.300,0,0,0.0,0.0,1
35.300,0,0,0.0,0.0,1
35.300,0,0,0.0,0.0,1
35.300,0,0,0.0,0.0,1
35.300,0,0,0.0,0.0,1
35.300,0,0,0.0,0.0,1
35.300,0,0,0.0,0.0,1
35.400,0,0,0.0,0.0,1
35.400,0,0,0.0,0.0,1
35.400,0,0,0.0,0.0,1
35.400,0,0,0.0,0.0,1
35.400,0,0,0.0,0.0,1
35.400,0,0,0.0,0.0,1
35.400,0,0,0.0,0.0,1
35.400,0,0,0.0,0.0,1
35.400,0,0,0.0,0.0,1
35.400,0,0,0.0,0.0,1
35.500,0,0,0.0,0.0,1
35.500,0,0,0.0,0.0,1
35.500,0,0,0.0,0.0,1
35.500,0,0,0.0,0.0,1
35.500,0,0,0.0,0.0,1
35.500,0,0,0.0,0.0,1
35.500,0,0,0.0,0.0,1
35.500,0,0,0.0,0.0,1
35.500,0,0,0.0,0.0,1
35.500,0,0,0.0,0.0,1
35.500,0,0,0.0,0.0,1
35.600,0,0,0.0,0.0,1
35.600,0,0,0.0,0.0,1
35.600,0,0,0.0,0.0,1
35.600,0,0,0.0,0.0,1
35.600,0,0,0.0,0.0,1
35.600,0,0,0.0,0.0,1
35.600,0,0,0.0,0.0,1
35.600,0,0,0.0,0.0,1
35.600,0,0,0.0,0.0,1
35.600,0,0,0.0,0.0,1
35.700,0,0,0.0,0.0,1
35.700,0,0,0.0,0.0,1
35.700,0,0,0.0,0.0,1
35.700,0,0,0.0,0.0,1
35.700,0,0,0.0,0.0,1
35.700,0,0,0.0,0.0,1
35.700,0,0,0.0,0.0,1
35.700,0,0,0.0,0.0,1
35.700,0,0,0.0,0.0,1
35.700,0,0,0.0,0.0,1
35.700,0,0,0.0,0.0,1
35.800,0,0,0.0,0.0,1
35.800,0,0,0.0,0.0,1
35.800,0,0,0.0,0.0,1
35.800,0,0,0.0,0.0,1
35.800,0,0,0.0,0.0,1
35.800,0,0,0.0,0.0,1
35.800,0,0,0.0,0.0,1
35.800,0,0,0.0,0.0,1
35.800,0,0,0.0,0.0,1
35.800,0,0,0.0,0.0,1
35.900,0,0,0.0,0.0,1
35.900,0,0,0.0,0.0,1
35.900,0,0,0.0,0.0,1
35.900,0,0,0.0,0.0,1
35.900,0,0,0.0,0.0,1
35.900,0,0,0.0,0.0,1
35.900,0,0,0.0,0.0,1
35.900,0,0,0.0,0.0,1
35.900,0,0,0.0,0.0,1
35.900,0,0,0.0,0.0,1
35.900,0,0,0.0,0.0,1
36.000,0,0,0.0,0.0,1
36.000,0,0,0.0,0.0,1
36.000,0,0,0.0,0.0,1
36.000,0,0,0.0,0.0,1
36.000,0,0,0.0,0.0,1
36.000,0,0,0.0,0.0,1
36.000,0,0,0.0,0.0,1
36.000,0,0,0.0,0.0,1
36.000,0,0,0.0,0.0,1
36.000,0,0,0.0,0.0,1
36.100,0,0,0.0,0.0,1
36.100,0,0,0.0,0.0,1
36.100,0,0,0.0,0.0,1
36.100,0,0,0.0,0.0,1
36.100,0,0,0.0,0.0,1
36.100,0,0,0.0,0.0,1
36.100,0,0,0.0,0.0,1
36.100,0,0,0.0,0.0,1
36.100,0,0,0.0,0.0,1
36.100,0,0,0.0,0.0,1
36.100,0,0,0.0,0.0,1
36.200,0,0,0.0,0.0,1
36.200,0,0,0.0,0.0,1
36.200,0,0,0.0,0.0,1
36.200,0,0,0.0,0.0,1
36.200,0,0,0.0,0.0,1
36.200,0,0,0.0,0.0,1
36.200,0,0,0.0,0.0,1
36.200,0,0,0.0,0.0,1
36.200,0,0,0.0,0.0,1
36.200,0,0,0.0,0.0,1
36.300,0,0,0.0,0.0,1
36.300,0,0,0.0,0.0,1
36.300,0,0,0.0,0.0,1
36.300,0,0,0.0,0.0,1
36.300,0,0,0.0,0.0,1
36.300,0,0,0.0,0.0,1
36.300,0,0,0.0,0.0,1
36.300,0,0,0.0,0.0,1
36.300,0,0,0.0,0.0,1
36.300,0,0,0.0,0.0,1
36.400,0,0,0.0,0.0,1
36.400,0,0,0.0,0.0,1
36.400,0,0,0.0,0.0,1
36.400,0,0,0.0,0.0,1
36.400,0,0,0.0,0.0,1
36.400,0,0,0.0,0.0,1
36.400,0,0,0.0,0.0,1
36.400,0,0,0.0,0.0,1
36.400,0,0,0.0,0.0,1
36.400,0,0,0.0,0.0,1
36.400,0,0,0.0,0.0,1
36.500,0,0,0.0,0.0,1
36.500,0,0,0.0,0.0,1
36.500,0,0,0.0,0.0,1
36.500,0,0,0.0,0.0,1
36.500,0,0,0.0,0.0,1
36.500,0,0,0.0,0.0,1
36.500,0,0,0.0,0.0,1
36.500,0,0,0.0,0.0,1
36.500,0,0,0.0,0.0,1
36.500,0,0,0.0,0.0,1
36.600,0,0,0.0,0.0,1
36.600,0,0,0.0,0.0,1
36.600,0,0,0.0,0.0,1
36.600,0,0,0.0,0.0,1
36.600,0,0,0.0,0.0,1
36.600,0,0,0.0,0.0,1
36.600,0,0,0.0,0.0,1
36.600,0,0,0.0,0.0,1
36.600,0,0,0.0,0.0,1
36.600,0,0,0.0,0.0,1
36.600,0,0,0.0,0.0,1
36.700,0,0,0.0,0.0,1
36.700,0,0,0.0,0.0,1
36.700,0,0,0.0,0.0,1
36.700,0,0,0.0,0.0,1
36.700,0,0,0.0,0.0,1
36.700,0,0,0.0,0.0,1
36.700,0,0,0.0,0.0,1
36.700,0,0,0.0,0.0,1
36.700,0,0,0.0,0.0,1
36.700,0,0,0.0,0.0,1
36.800,0,0,0.0,0.0,1
36.800,0,0,0.0,0.0,1
36.800,0,0,0.0,0.0,1
36.800,0,0,0.0,0.0,1
36.800,0,0,0.0,0.0,1
36.800,0,0,0.0,0.0,1
36.800,0,0,0.0,0.0,1
36.800,0,0,0.0,0.0,1
36.800,0,0,0.0,0.0,1
36.800,0,0,0.0,0.0,1
36.800,0,0,0.0,0.0,1
36.900,0,0,0.0,0.0,1
36.900,0,0,0.0,0.0,1
36.900,0,0,0.0,0.0,1
36.900,0,0,0.0,0.0,1
36.900,0,0,0.0,0.0,1
36.900,0,0,0.0,0.0,1
36.900,0,0,0.0,0.0,1
36.900,0,0,0.0,0.0,1
36.900,0,0,0.0,0.0,1
36.900,0,0,0.0,0.0,1
37.000,0,0,0.0,0.0,1
37.000,0,0,0.0,0.0,1
37.000,0,0,0.0,0.0,1
37.000,0,0,0.0,0.0,1
37.000,0,0,0.0,0.0,1
37.000,0,0,0.0,0.0,1
37.000,0,0,0.0,0.0,1
37.000,0,0,0.0,0.0,1
37.000,0,0,0.0,0.0,1
37.000,0,0,0.0,0.0,1
37.100,0,0,0.0,0.0,1
37.100,0,0,0.0,0.0,1
37.100,0,0,0.0,0.0,1
37.100,0,0,0.0,0.0,1
37.100,0,0,0.0,0.0,1
37.100,0,0,0.0,0.0,1
37.100,0,0,0.0,0.0,1
37.100,0,0,0.0,0.0,1
37.100,0,0,0.0,0.0,1
37.100,0,0,0.0,0.0,1
37.100,0,0,0.0,0.0,1
37.200,0,0,0.0,0.0,1
37.200,0,0,0.0,0.0,1
37.200,0,0,0.0,0.0,1
37.200,0,0,0.0,0.0,1
37.200,0,0,0.0,0.0,1
37.200,0,0,0.0,0.0,1
37.200,0,0,0.0,0.0,1
37.200,0,0,0.0,0.0,1
37.200,0,0,0.0,0.0,1
37.200,0,0,0.0,0.0,1
37.300,2,0,-68.0,0.0,0
37.300,2,0,-68.0,0.0,0
37.300,2,0,-68.0,0.0,0
37.300,2,0,-68.0,0.0,0
37.300,2,0,-68.0,0.0,0
37.300,2,0,-68.0,0.0,0
37.300,2,0,-68.0,0.0,0
37.300,2,0,-68.0,0.0,0
37.300,2,0,-68.0,0.0,0
37.300,2,0,-68.0,0.0,0
37.300,2,0,-68.0,0.0,0
37.400,2,0,-68.0,0.0,0
37.400,2,0,-68.0,0.0,0
37.400,2,0,-68.0,0.0,0
37.400,2,0,-68.0,0.0,0
37.400,2,0,-68.0,0.0,0
37.400,2,0,-68.0,0.0,0
37.400,2,0,-68.0,0.0,0
37.400,2,0,-68.0,0.0,0
37.400,2,0,-68.0,0.0,0
37.400,2,0,-68.0,0.0,0
37.500,2,0,-68.0,0.0,0
37.500,2,0,-68.0,0.0,0
37.500,2,0,-68.0,0.0,0
37.500,2,0,-68.0,0.0,0
37.500,2,0,-68.0,0.0,0
37.500,2,0,-68.0,0.0,0
37.500,2,0,-68.0,0.0,0
37.500,2,0,-68.0,0.0,0
37.500,2,0,-68.0,0.0,0
37.500,2,0,-68.0,0.0,0
37.500,2,0,-68.0,0.0,0
37.600,2,0,-68.0,0.0,0
37.600,2,0,-68.0,0.0,0
37.600,2,0,-68.0,0.0,0
37.600,2,0,-68.0,0.0,0
37.600,2,0,-68.0,0.0,0
37.600,2,0,-68.0,0.0,0
37.600,2,0,-68.0,0.0,0
37.600,2,0,-68.0,0.0,0
37.600,2,0,-68.0,0.0,0
37.600,2,0,-68.0,0.0,0
37.700,2,0,-68.0,0.0,0
37.700,2,0,-68.0,0.0,0
37.700,2,0,-68.0,0.0,0
37.700,2,0,-68.0,0.0,0
37.700,2,0,-68.0,0.0,0
37.700,2,0,-68.0,0.0,0
37.700,2,0,-68.0,0.0,0
37.700,2,0,-68.0,0.0,0
37.700,2,0,-68.0,0.0,0
37.700,2,0,-68.0,0.0,0
37.800,2,0,-68.0,0.0,0
37.800,2,0,-68.0,0.0,0
37.800,2,0,-68.0,0.0,0
37.800,2,0,-68.0,0.0,0
37.800,2,0,-68.0,0.0,0
37.800,2,0,-68.0,0.0,0
37.800,2,0,-68.0,0.0,0
37.800,2,0,-68.0,0.0,0
37.800,2,0,-68.0,0.0,0
37.800,2,0,-68.0,0.0,0
37.800,2,0,-68.0,0.0,0
37.900,2,0,-68.0,0.0,0
37.900,2,0,-68.0,0.0,0
37.900,2,0,-68.0,0.0,0
37.900,2,0,-68.0,0.0,0
37.900,2,0,-68.0,0.0,0
37.900,2,0,-68.0,0.0,0
37.900,2,0,-68.0,0.0,0
37.900,2,0,-68.0,0.0,0
37.900,2,0,-68.0,0.0,0
37.900,2,0,-68.0,0.0,0
38.000,2,0,-68.0,0.0,0
38.000,2,0,-68.0,0.0,0
38.000,2,0,-68.0,0.0,0
38.000,2,0,-68.0,0.0,0
38.000,2,0,-68.0,0.0,0
38.000,2,0,-68.0,0.0,0
38.000,2,0,-68.0,0.0,0
38.000,2,0,-68.0,0.0,0
38.000,2,0,-68.0,0.0,0
38.000,2,0,-68.0,0.0,0
38.000,2,0,-68.0,0.0,0
38.100,2,0,-68.0,0.0,0
38.100,2,0,-68.0,0.0,0
38.100,2,0,-68.0,0.0,0
38.100,2,0,-68.0,0.0,0
38.100,2,0,-68.0,0.0,0
38.100,2,0,-68.0,0.0,0
38.100,2,0,-68.0,0.0,0
38.100,2,0,-68.0,0.0,0
38.100,2,0,-68.0,0.0,0
38.100,2,0,-68.0,0.0,0
38.200,2,0,-68.0,0.0,0
38.200,2,0,-68.0,0.0,0
38.200,2,0,-68.0,0.0,0
38.200,2,0,-68.0,0.0,0
38.200,2,0,-68.0,0.0,0
38.200,2,0,-68.0,0.0,0
38.200,2,0,-68.0,0.0,0
38.200,2,0,-68.0,0.0,0
38.200,2,0,-68.0,0.0,0
38.200,2,0,-68.0,0.0,0
38.200,2,0,-68.0,0.0,0
38.300,2,0,-68.0,0.0,0
38.300,2,0,-68.0,0.0,0
38.300,2,0,-68.0,0.0,0
38.300,2,0,-68.0,0.0,0
38.300,2,0,-68.0,0.0,0
38.300,2,0,-68.0,0.0,0
38.300,2,0,-68.0,0.0,0
38.300,2,0,-68.0,0.0,0
38.300,2,0,-68.0,0.0,0
38.300,2,0,-68.0,0.0,0
38.400,2,0,-68.0,0.0,0
38.400,2,0,-68.0,0.0,0
38.400,2,0,-68.0,0.0,0
38.400,2,0,-68.0,0.0,0
38.400,2,0,-68.0,0.0,0
38.400,2,0,-68.0,0.0,0
38.400,2,0,-68.0,0.0,0
38.400,2,0,-68.0,0.0,0
38.400,2,0,-68.0,0.0,0
38.400,2,0,-68.0,0.0,0
38.500,2,0,-68.0,0.0,0
38.500,2,0,-68.0,0.0,0
38.500,2,0,-68.0,0.0,0
38.500,2,0,-68.0,0.0,0
38.500,2,0,-68.0,0.0,0
38.500,2,0,-68.0,0.0,0
38.500,2,0,-68.0,0.0,0
38.500,2,0,-68.0,0.0,0
38.500,2,0,-68.0,0.0,0
38.500,2,0,-68.0,0.0,0
38.500,2,0,-68.0,0.0,0
38.600,2,0,-68.0,0.0,0
38.600,2,0,-68.0,0.0,0
38.600,2,0,-68.0,0.0,0
38.600,2,0,-68.0,0.0,0
38.600,2,0,-68.0,0.0,0
38.600,2,0,-68.0,0.0,0
38.600,2,0,-68.0,0.0,0
38.600,2,0,-68.0,0.0,0
38.600,2,0,-68.0,0.0,0
38.600,2,0,-68.0,0.0,0
38.700,2,0,-68.0,0.0,0
38.700,2,0,-68.0,0.0,0
38.700,2,0,-68.0,0.0,0
38.700,2,0,-68.0,0.0,0
38.700,2,0,-68.0,0.0,0
38.700,2,0,-68.0,0.0,0
38.700,2,0,-68.0,0.0,0
38.700,2,0,-68.0,0.0,0
38.700,2,0,-68.0,0.0,0
38.700,2,0,-68.0,0.0,0
38.700,2,0,-68.0,0.0,0
38.800,2,0,-68.0,0.0,0
38.800,2,0,-68.0,0.0,0
38.800,2,0,-68.0,0.0,0
38.800,2,0,-68.0,0.0,0
38.800,2,0,-68.0,0.0,0
38.800,2,0,-68.0,0.0,0
38.800,2,0,-68.0,0.0,0
38.800,2,0,-68.0,0.0,0
38.800,2,0,-68.0,0.0,0
38.800,2,0,-68.0,0.0,0
38.900,2,0,-68.0,0.0,0
38.900,2,0,-68.0,0.0,0
38.900,2,0,-68.0,0.0,0
38.900,2,0,-68.0,0.0,0
38.900,2,0,-68.0,0.0,0
38.900,2,0,-68.0,0.0,0
38.900,2,0,-68.0,0.0,0
38.900,2,0,-68.0,0.0,0
38.900,2,0,-68.0,0.0,0
38.900,2,0,-68.0,0.0,0
38.900,2,0,-68.0,0.0,0
39.000,2,0,-68.0,0.0,0
39.000,2,0,-68.0,0.0,0
39.000,2,0,-68.0,0.0,0
39.000,2,0,-68.0,0.0,0
39.000,2,0,-68.0,0.0,0
39.000,2,0,-68.0,0.0,0
39.000,2,0,-68.0,0.0,0
39.000,2,0,-68.0,0.0,0
39.000,2,0,-68.0,0.0,0
39.000,2,0,-68.0,0.0,0
39.100,2,0,-68.0,0.0,0
39.100,2,0,-68.0,0.0,0
39.100,2,0,-68.0,0.0,0
39.100,2,0,-68.0,0.0,0
39.100,2,0,-68.0,0.0,0
39.100,2,0,-68.0,0.0,0
39.100,2,0,-68.0,0.0,0
39.100,2,0,-68.0,0.0,0
39.100,2,0,-68.0,0.0,0
39.100,2,0,-68.0,0.0,0
39.100,2,0,-68.0,0.0,0
39.200,2,0,-68.0,0.0,0
39.200,2,0,-68.0,0.0,0
39.200,2,0,-68.0,0.0,0
39.200,2,0,-68.0,0.0,0
39.200,2,0,-68.0,0.0,0
39.200,2,0,-68.0,0.0,0
39.200,2,0,-68.0,0.0,0
39.200,2,0,-68.0,0.0,0
39.200,2,0,-68.0,0.0,0
39.200,2,0,-68.0,0.0,0
39.300,2,0,-68.0,0.0,0
39.300,2,0,-68.0,0.0,0
39.300,2,0,-68.0,0.0,0
39.300,2,0,-68.0,0.0,0
39.300,2,0,-68.0,0.0,0
39.300,2,0,-68.0,0.0,0
39.300,2,0,-68.0,0.0,0
39.300,2,0,-68.0,0.0,0
39.300,2,0,-68.0,0.0,0
39.300,2,0,-68.0,0.0,0
39.400,2,0,-68.0,0.0,0
39.400,2,0,-68.0,0.0,0
39.400,2,0,-68.0,0.0,0
39.400,2,0,-68.0,0.0,0
39.400,2,0,-68.0,0.0,0
39.400,2,0,-68.0,0.0,0
39.400,2,0,-68.0,0.0,0
39.400,2,0,-68.0,0.0,0
39.400,2,0,-68.0,0.0,0
39.400,2,0,-68.0,0.0,0
39.400,2,0,-68.0,0.0,0
39.500,2,0,-68.0,0.0,0
39.500,2,0,-68.0,0.0,0
39.500,2,0,-68.0,0.0,0
39.500,2,0,-68.0,0.0,0
39.500,2,0,-68.0,0.0,0
39.500,2,0,-68.0,0.0,0
39.500,2,0,-68.0,0.0,0
39.500,2,0,-68.0,0.0,0
39.500,2,0,-68.0,0.0,0
39.500,2,0,-68.0,0.0,0
39.600,2,0,-68.0,0.0,0
39.600,2,0,-68.0,0.0,0
39.600,2,0,-68.0,0.0,0
39.600,2,0,-68.0,0.0,0
39.600,2,0,-68.0,0.0,0
39.600,2,0,-68.0,0.0,0
39.600,2,0,-68.0,0.0,0
39.600,2,0,-68.0,0.0,0
39.600,2,0,-68.0,0.0,0
39.600,2,0,-68.0,0.0,0
39.600,2,0,-68.0,0.0,0
39.700,2,0,-68.0,0.0,0
39.700,2,0,-68.0,0.0,0
39.700,2,0,-68.0,0.0,0
39.700,2,0,-68.0,0.0,0
39.700,2,0,-68.0,0.0,0
39.700,2,0,-68.0,0.0,0
39.700,2,0,-68.0,0.0,0
39.700,2,0,-68.0,0.0,0
39.700,2,0,-68.0,0.0,0
39.700,2,0,-68.0,0.0,0
39.800,2,0,-68.0,0.0,0
39.800,2,0,-68.0,0.0,0
39.800,2,0,-68.0,0.0,0
39.800,2,0,-68.0,0.0,0
39.800,2,0,-68.0,0.0,0
39.800,2,0,-68.0,0.0,0
39.800,2,0,-68.0,0.0,0
39.800,2,0,-68.0,0.0,0
39.800,2,0,-68.0,0.0,0
39.800,2,0,-68.0,0.0,0
39.800,2,0,-68.0,0.0,0
39.900,2,0,-68.0,0.0,0
39.900,2,0,-68.0,0.0,0
39.900,2,0,-68.0,0.0,0
39.900,2,0,-68.0,0.0,0
39.900,2,0,-68.0,0.0,0
39.900,2,0,-68.0,0.0,0
39.900,2,0,-68.0,0.0,0
39.900,2,0,-68.0,0.0,0
39.900,2,0,-68.0,0.0,0
39.900,2,0,-68.0,0.0,0
40.000,2,0,-68.0,0.0,0
40.000,2,0,-68.0,0.0,0
40.000,2,0,-68.0,0.0,0
40.000,2,0,-68.0,0.0,0
40.000,2,0,-68.0,0.0,0
40.000,2,0,-68.0,0.0,0
40.000,2,0,-68.0,0.0,0
40.000,2,0,-68.0,0.0,0
40.000,2,0,-68.0,0.0,0
40.000,2,0,-68.0,0.0,0
40.100,2,0,-68.0,0.0,0
40.100,2,0,-68.0,0.0,0
40.100,2,0,-68.0,0.0,0
40.100,2,0,-68.0,0.0,0
40.100,2,0,-68.0,0.0,0
40.100,2,0,-68.0,0.0,0
40.100,2,0,-68.0,0.0,0
40.100,2,0,-68.0,0.0,0
40.100,2,0,-68.0,0.0,0
40.100,2,0,-68.0,0.0,0
40.100,2,0,-68.0,0.0,0
40.200,2,0,-68.0,0.0,0
40.200,2,0,-68.0,0.0,0
40.200,2,0,-68.0,0.0,0
40.200,2,0,-68.0,0.0,0
40.200,2,0,-68.0,0.0,0
40.200,2,0,-68.0,0.0,0
40.200,2,0,-68.0,0.0,0
40.200,2,0,-68.0,0.0,0
40.200,2,0,-68.0,0.0,0
40.200,2,0,-68.0,0.0,0
40.300,2,0,-68.0,0.0,0
40.300,2,0,-68.0,0.0,0
40.300,2,0,-68.0,0.0,0
40.300,2,0,-68.0,0.0,0
40.300,2,0,-68.0,0.0,0
40.300,2,0,-68.0,0.0,0
40.300,2,0,-68.0,0.0,0
40.300,2,0,-68.0,0.0,0
40.300,2,0,-68.0,0.0,0
40.300,2,0,-68.0,0.0,0
40.300,2,0,-68.0,0.0,0
40.400,2,0,-68.0,0.0,0
40.400,2,0,-68.0,0.0,0
40.400,2,0,-68.0,0.0,0
40.400,2,0,-68.0,0.0,0
40.400,2,0,-68.0,0.0,0
40.400,2,0,-68.0,0.0,0
40.400,2,0,-68.0,0.0,0
40.400,2,0,-68.0,0.0,0
40.400,2,0,-68.0,0.0,0
40.400,2,0,-68.0,0.0,0
40.500,2,0,-68.0,0.0,0
40.500,2,0,-68.0,0.0,0
40.500,2,0,-68.0,0.0,0
40.500,2,0,-68.0,0.0,0
40.500,2,0,-68.0,0.0,0
40.500,2,0,-68.0,0.0,0
40.500,2,0,-68.0,0.0,0
40.500,2,0,-68.0,0.0,0
40.500,2,0,-68.0,0.0,0
40.500,2,0,-68.0,0.0,0
40.500,2,0,-68.0,0.0,0
40.600,2,0,-68.0,0.0,0
40.600,2,0,-68.0,0.0,0
40.600,2,0,-68.0,0.0,0
40.600,2,0,-68.0,0.0,0
40.600,2,0,-68.0,0.0,0
40.600,2,0,-68.0,0.0,0
40.600,2,0,-68.0,0.0,0
40.600,2,0,-68.0,0.0,0
40.600,2,0,-68.0,0.0,0
40.600,2,0,-68.0,0.0,0
40.700,2,0,-68.0,0.0,0
40.700,2,0,-68.0,0.0,0
40.700,2,0,-68.0,0.0,0
40.700,2,0,-68.0,0.0,0
40.700,2,0,-68.0,0.0,0
40.700,2,0,-68.0,0.0,0
40.700,2,0,-68.0,0.0,0
40.700,2,0,-68.0,0.0,0
40.700,2,0,-68.0,0.0,0
40.700,2,0,-68.0,0.0,0
40.800,2,0,-68.0,0.0,0
40.800,2,0,-68.0,0.0,0
40.800,2,0,-68.0,0.0,0
40.800,2,0,-68.0,0.0,0
40.800,2,0,-68.0,0.0,0
40.800,2,0,-68.0,0.0,0
40.800,2,0,-68.0,0.0,0
40.800,2,0,-68.0,0.0,0
40.800,2,0,-68.0,0.0,0
40.800,2,0,-68.0,0.0,0
40.800,2,0,-68.0,0.0,0
40.900,2,0,-68.0,0.0,0
40.900,2,0,-68.0,0.0,0
40.900,2,0,-68.0,0.0,0
40.900,2,0,-68.0,0.0,0
40.900,2,0,-68.0,0.0,0
40.900,2,0,-68.0,0.0,0
40.900,2,0,-68.0,0.0,0
40.900,2,0,-68.0,0.0,0
40.900,2,0,-68.0,0.0,0
40.900,2,0,-68.0,0.0,0
41.000,2,0,-68.0,0.0,0
41.000,2,0,-68.0,0.0,0
41.000,2,0,-68.0,0.0,0
41.000,2,0,-68.0,0.0,0
41.000,2,0,-68.0,0.0,0
41.000,2,0,-68.0,0.0,0
41.000,2,0,-68.0,0.0,0
41.000,2,0,-68.0,0.0,0
41.000,2,0,-68.0,0.0,0
41.000,2,0,-68.0,0.0,0
41.000,2,0,-68.0,0.0,0
41.100,2,0,-68.0,0.0,0
41.100,2,0,-68.0,0.0,0
41.100,2,0,-68.0,0.0,0
41.100,2,0,-68.0,0.0,0
41.100,2,0,-68.0,0.0,0
41.100,2,0,-68.0,0.0,0
41.100,2,0,-68.0,0.0,0
41.100,2,0,-68.0,0.0,0
41.100,2,0,-68.0,0.0,0
41.100,2,0,-68.0,0.0,0
41.200,2,0,-68.0,0.0,0
41.200,2,0,-68.0,0.0,0
41.200,2,0,-68.0,0.0,0
41.200,2,0,-68.0,0.0,0
41.200,2,0,-68.0,0.0,0
41.200,2,0,-68.0,0.0,0
41.200,2,0,-68.0,0.0,0
41.200,2,0,-68.0,0.0,0
41.200,2,0,-68.0,0.0,0
41.200,2,0,-68.0,0.0,0
41.200,2,0,-68.0,0.0,0
41.300,2,0,-68.0,0.0,0
41.300,2,0,-68.0,0.0,0
41.300,2,0,-68.0,0.0,0
41.300,2,0,-68.0,0.0,0
41.300,2,0,-68.0,0.0,0
41.300,2,0,-68.0,0.0,0
41.300,2,0,-68.0,0.0,0
41.300,2,0,-68.0,0.0,0
41.300,2,0,-68.0,0.0,0
41.300,2,0,-68.0,0.0,0
41.400,2,0,-68.0,0.0,0
41.400,2,0,-68.0,0.0,0
41.400,2,0,-68.0,0.0,0
41.400,2,0,-68.0,0.0,0
41.400,2,0,-68.0,0.0,0
41.400,2,0,-68.0,0.0,0
41.400,2,0,-68.0,0.0,0
41.400,2,0,-68.0,0.0,0
41.400,2,0,-68.0,0.0,0
41.400,2,0,-68.0,0.0,0
41.500,2,0,-68.0,0.0,0
41.500,2,0,-68.0,0.0,0
41.500,2,0,-68.0,0.0,0
41.500,2,0,-68.0,0.0,0
41.500,2,0,-68.0,0.0,0
41.500,2,0,-68.0,0.0,0
41.500,2,0,-68.0,0.0,0
41.500,2,0,-68.0,0.0,0
41.500,2,0,-68.0,0.0,0
41.500,2,0,-68.0,0.0,0
41.500,2,0,-68.0,0.0,0
41.600,2,0,-68.0,0.0,0
41.600,2,0,-68.0,0.0,0
41.600,2,0,-68.0,0.0,0
41.600,2,0,-68.0,0.0,0
41.600,2,0,-68.0,0.0,0
41.600,2,0,-68.0,0.0,0
41.600,2,0,-68.0,0.0,0
41.600,2,0,-68.0,0.0,0
41.600,2,0,-68.0,0.0,0
41.600,2,0,-68.0,0.0,0
41.700,2,0,-68.0,0.0,0
41.700,2,0,-68.0,0.0,0
41.700,2,0,-68.0,0.0,0
41.700,2,0,-68.0,0.0,0
41.700,2,0,-68.0,0.0,0
41.700,2,0,-68.0,0.0,0
41.700,2,0,-68.0,0.0,0
41.700,2,0,-68.0,0.0,0
41.700,2,0,-68.0,0.0,0
41.700,2,0,-68.0,0.0,0
41.700,2,0,-68.0,0.0,0
41.800,2,0,-68.0,0.0,0
41.800,2,0,-68.0,0.0,0
41.800,2,0,-68.0,0.0,0
41.800,2,0,-68.0,0.0,0
41.800,2,0,-68.0,0.0,0
41.800,2,0,-68.0,0.0,0
41.800,2,0,-68.0,0.0,0
41.800,2,0,-68.0,0.0,0
41.800,2,0,-68.0,0.0,0
41.800,2,0,-68.0,0.0,0
41.900,2,0,-68.0,0.0,0
41.900,2,0,-68.0,0.0,0
41.900,2,0,-68.0,0.0,0
41.900,2,0,-68.0,0.0,0
41.900,2,0,-68.0,0.0,0
41.900,2,0,-68.0,0.0,0
41.900,2,0,-68.0,0.0,0
41.900,2,0,-68.0,0.0,0
41.900,2,0,-68.0,0.0,0
41.900,2,0,-68.0,0.0,0
41.900,2,0,-68.0,0.0,0
42.000,2,0,-68.0,0.0,1
42.000,2,0,-68.0,0.0,1
42.000,2,0,-68.0,0.0,1
42.000,2,0,-68.0,0.0,1
42.000,2,0,-68.0,0.0,1
42.000,2,0,-68.0,0.0,1
42.000,2,0,-68.0,0.0,1
42.000,2,0,-68.0,0.0,1
42.000,2,0,-68.0,0.0,1
42.000,2,0,-68.0,0.0,1
42.100,2,0,-68.0,0.0,1
42.100,2,0,-68.0,0.0,1
42.100,2,0,-68.0,0.0,1
42.100,2,0,-68.0,0.0,1
42.100,2,0,-68.0,0.0,1
42.100,2,0,-68.0,0.0,1
42.100,2,0,-68.0,0.0,1
42.100,2,0,-68.0,0.0,1
42.100,2,0,-68.0,0.0,1
42.100,2,0,-68.0,0.0,1
42.100,2,0,-68.0,0.0,1
42.200,0,0,0.0,0.0,1
42.200,0,0,0.0,0.0,1
42.200,0,0,0.0,0.0,1
42.200,0,0,0.0,0.0,1
42.200,0,0,0.0,0.0,1
42.200,0,0,0.0,0.0,1
42.200,0,0,0.0,0.0,1
42.200,0,0,0.0,0.0,1
42.200,0,0,0.0,0.0,1
42.200,0,0,0.0,0.0,1
42.300,0,0,0.0,0.0,1
42.300,0,0,0.0,0.0,1
42.300,0,0,0.0,0.0,1
42.300,0,0,0.0,0.0,1
42.300,0,0,0.0,0.0,1
42.300,0,0,0.0,0.0,1
42.300,0,0,0.0,0.0,1
42.300,0,0,0.0,0.0,1
42.300,0,0,0.0,0.0,1
42.300,0,0,0.0,0.0,1
42.400,0,0,0.0,0.0,1
42.400,0,0,0.0,0.0,1
42.400,0,0,0.0,0.0,1
42.400,0,0,0.0,0.0,1
42.400,0,0,0.0,0.0,1
42.400,0,0,0.0,0.0,1
42.400,0,0,0.0,0.0,1
42.400,0,0,0.0,0.0,1
42.400,0,0,0.0,0.0,1
42.400,0,0,0.0,0.0,1
42.400,0,0,0.0,0.0,1
42.500,0,0,0.0,0.0,1
42.500,0,0,0.0,0.0,1
42.500,0,0,0.0,0.0,1
42.500,0,0,0.0,0.0,1
42.500,0,0,0.0,0.0,1
42.500,0,0,0.0,0.0,1
42.500,0,0,0.0,0.0,1
42.500,0,0,0.0,0.0,1
42.500,0,0,0.0,0.0,1
42.500,0,0,0.0,0.0,1
42.600,0,0,0.0,0.0,1
42.600,0,0,0.0,0.0,1
42.600,0,0,0.0,0.0,1
42.600,0,0,0.0,0.0,1
42.600,0,0,0.0,0.0,1
42.600,0,0,0.0,0.0,1
42.600,0,0,0.0,0.0,1
42.600,0,0,0.0,0.0,1
42.600,0,0,0.0,0.0,1
42.600,0,0,0.0,0.0,1
42.600,0,0,0.0,0.0,1
42.700,0,0,0.0,0.0,1
42.700,0,0,0.0,0.0,1
42.700,0,0,0.0,0.0,1
42.700,0,0,0.0,0.0,1
42.700,0,0,0.0,0.0,1
42.700,0,0,0.0,0.0,1
42.700,0,0,0.0,0.0,1
42.700,0,0,0.0,0.0,1
42.700,0,0,0.0,0.0,1
42.700,0,0,0.0,0.0,1
42.800,0,0,0.0,0.0,1
42.800,0,0,0.0,0.0,1
42.800,0,0,0.0,0.0,1
42.800,0,0,0.0,0.0,1
42.800,0,0,0.0,0.0,1
42.800,0,0,0.0,0.0,1
42.800,0,0,0.0,0.0,1
42.800,0,0,0.0,0.0,1
42.800,0,0,0.0,0.0,1
42.800,0,0,0.0,0.0,1
42.800,0,0,0.0,0.0,1
42.900,0,0,0.0,0.0,1
42.900,0,0,0.0,0.0,1
42.900,0,0,0.0,0.0,1
42.900,0,0,0.0,0.0,1
42.900,0,0,0.0,0.0,1
42.900,0,0,0.0,0.0,1
42.900,0,0,0.0,0.0,1
42.900,0,0,0.0,0.0,1
42.900,0,0,0.0,0.0,1
42.900,0,0,0.0,0.0,1
43.000,0,0,0.0,0.0,1
43.000,0,0,0.0,0.0,1
43.000,0,0,0.0,0.0,1
43.000,0,0,0.0,0.0,1
43.000,0,0,0.0,0.0,1
43.000,0,0,0.0,0.0,1
43.000,0,0,0.0,0.0,1
43.000,0,0,0.0,0.0,1
43.000,0,0,0.0,0.0,1
43.000,0,0,0.0,0.0,1
43.100,0,0,0.0,0.0,1
43.100,0,0,0.0,0.0,1
43.100,0,0,0.0,0.0,1
43.100,0,0,0.0,0.0,1
43.100,0,0,0.0,0.0,1
43.100,0,0,0.0,0.0,1
43.100,0,0,0.0,0.0,1
43.100,0,0,0.0,0.0,1
43.100,0,0,0.0,0.0,1
43.100,0,0,0.0,0.0,1
43.100,0,0,0.0,0.0,1
43.200,0,0,0.0,0.0,1
43.200,0,0,0.0,0.0,1
43.200,0,0,0.0,0.0,1
43.200,0,0,0.0,0.0,1
43.200,0,0,0.0,0.0,1
43.200,0,0,0.0,0.0,1
43.200,0,0,0.0,0.0,1
43.200,0,0,0.0,0.0,1
43.200,0,0,0.0,0.0,1
43.200,0,0,0.0,0.0,1
43.300,0,0,0.0,0.0,1
43.300,0,0,0.0,0.0,1
43.300,0,0,0.0,0.0,1
43.300,0,0,0.0,0.0,1
43.300,0,0,0.0,0.0,1
43.300,0,0,0.0,0.0,1
43.300,0,0,0.0,0.0,1
43.300,0,0,0.0,0.0,1
43.300,0,0,0.0,0.0,1
43.300,0,0,0.0,0.0,1
43.300,0,0,0.0,0.0,1
43.400,0,0,0.0,0.0,1
43.400,0,0,0.0,0.0,1
43.400,0,0,0.0,0.0,1
43.400,0,0,0.0,0.0,1
43.400,0,0,0.0,0.0,1
43.400,0,0,0.0,0.0,1
43.400,0,0,0.0,0.0,1
43.400,0,0,0.0,0.0,1
43.400,0,0,0.0,0.0,1
43.400,0,0,0.0,0.0,1
43.500,0,0,0.0,0.0,1
43.500,0,0,0.0,0.0,1
43.500,0,0,0.0,0.0,1
43.500,0,0,0.0,0.0,1
43.500,0,0,0.0,0.0,1
43.500,0,0,0.0,0.0,1
43.500,0,0,0.0,0.0,1
43.500,0,0,0.0,0.0,1
43.500,0,0,0.0,0.0,1
43.500,0,0,0.0,0.0,1
43.500,0,0,0.0,0.0,1
43.600,0,0,0.0,0.0,1
43.600,0,0,0.0,0.0,1
43.600,0,0,0.0,0.0,1
43.600,0,0,0.0,0.0,1
43.600,0,0,0.0,0.0,1
43.600,0,0,0.0,0.0,1
43.600,0,0,0.0,0.0,1
43.600,0,0,0.0,0.0,1
43.600,0,0,0.0,0.0,1
43.600,0,0,0.0,0.0,1
43.700,0,0,0.0,0.0,1
43.700,0,0,0.0,0.0,1
43.700,0,0,0.0,0.0,1
43.700,0,0,0.0,0.0,1
43.700,0,0,0.0,0.0,1
43.700,0,0,0.0,0.0,1
43.700,0,0,0.0,0.0,1
43.700,0,0,0.0,0.0,1
43.700,0,0,0.0,0.0,1
43.700,0,0,0.0,0.0,1
43.800,0,0,0.0,0.0,1
43.800,0,0,0.0,0.0,1
43.800,0,0,0.0,0.0,1
43.800,0,0,0.0,0.0,1
43.800,0,0,0.0,0.0,1
43.800,0,0,0.0,0.0,1
43.800,0,0,0.0,0.0,1
43.800,0,0,0.0,0.0,1
43.800,0,0,0.0,0.0,1
43.800,0,0,0.0,0.0,1
43.800,0,0,0.0,0.0,1
43.900,0,0,0.0,0.0,1
43.900,0,0,0.0,0.0,1
43.900,0,0,0.0,0.0,1
43.900,0,0,0.0,0.0,1
43.900,0,0,0.0,0.0,1
43.900,0,0,0.0,0.0,1
43.900,0,0,0.0,0.0,1
43.900,0,0,0.0,0.0,1
43.900,0,0,0.0,0.0,1
43.900,0,0,0.0,0.0,1
44.000,0,0,0.0,0.0,1
44.000,0,0,0.0,0.0,1
44.000,0,0,0.0,0.0,1
44.000,0,0,0.0,0.0,1
44.000,0,0,0.0,0.0,1
44.000,0,0,0.0,0.0,1
44.000,0,0,0.0,0.0,1
44.000,0,0,0.0,0.0,1
44.000,0,0,0.0,0.0,1
44.000,0,0,0.0,0.0,1
44.000,0,0,0.0,0.0,1
44.100,0,0,0.0,0.0,1
44.100,0,0,0.0,0.0,1
44.100,0,0,0.0,0.0,1
44.100,0,0,0.0,0.0,1
44.100,0,0,0.0,0.0,1
44.100,0,0,0.0,0.0,1
44.100,0,0,0.0,0.0,1
44.100,0,0,0.0,0.0,1
44.100,0,0,0.0,0.0,1
44.100,0,0,0.0,0.0,1
44.200,0,0,0.0,0.0,1
44.200,0,0,0.0,0.0,1
44.200,0,0,0.0,0.0,1
44.200,0,0,0.0,0.0,1
44.200,0,0,0.0,0.0,1
44.200,0,0,0.0,0.0,1
44.200,0,0,0.0,0.0,1
44.200,0,0,0.0,0.0,1
44.200,0,0,0.0,0.0,1
44.200,0,0,0.0,0.0,1
44.200,0,0,0.0,0.0,1
44.300,0,0,0.0,0.0,1
44.300,0,0,0.0,0.0,1
44.300,0,0,0.0,0.0,1
44.300,0,0,0.0,0.0,1
44.300,0,0,0.0,0.0,1
44.300,0,0,0.0,0.0,1
44.300,0,0,0.0,0.0,1
44.300,0,0,0.0,0.0,1
44.300,0,0,0.0,0.0,1
44.300,0,0,0.0,0.0,1
44.400,0,0,0.0,0.0,1
44.400,0,0,0.0,0.0,1
44.400,0,0,0.0,0.0,1
44.400,0,0,0.0,0.0,1
44.400,0,0,0.0,0.0,1
44.400,0,0,0.0,0.0,1
44.400,0,0,0.0,0.0,1
44.400,0,0,0.0,0.0,1
44.400,0,0,0.0,0.0,1
44.400,0,0,0.0,0.0,1
44.500,0,0,0.0,0.0,1
44.500,0,0,0.0,0.0,1
44.500,0,0,0.0,0.0,1
44.500,0,0,0.0,0.0,1
44.500,0,0,0.0,0.0,1
44.500,0,0,0.0,0.0,1
44.500,0,0,0.0,0.0,1
44.500,0,0,0.0,0.0,1
44.500,0,0,0.0,0.0,1
44.500,0,0,0.0,0.0,1
44.500,0,0,0.0,0.0,1
44.600,0,0,0.0,0.0,1
44.600,0,0,0.0,0.0,1
44.600,0,0,0.0,0.0,1
44.600,0,0,0.0,0.0,1
44.600,0,0,0.0,0.0,1
44.600,0,0,0.0,0.0,1
44.600,0,0,0.0,0.0,1
44.600,0,0,0.0,0.0,1
44.600,0,0,0.0,0.0,1
44.600,0,0,0.0,0.0,1
44.700,0,0,0.0,0.0,1
44.700,0,0,0.0,0.0,1
44.700,0,0,0.0,0.0,1
44.700,0,0,0.0,0.0,1
44.700,0,0,0.0,0.0,1
44.700,0,0,0.0,0.0,1
44.700,0,0,0.0,0.0,1
44.700,0,0,0.0,0.0,1
44.700,0,0,0.0,0.0,1
44.700,0,0,0.0,0.0,1
44.700,0,0,0.0,0.0,1
44.800,0,0,0.0,0.0,1
44.800,0,0,0.0,0.0,1
44.800,0,0,0.0,0.0,1
44.800,0,0,0.0,0.0,1
44.800,0,0,0.0,0.0,1
44.800,0,0,0.0,0.0,1
44.800,0,0,0.0,0.0,1
44.800,0,0,0.0,0.0,1
44.800,0,0,0.0,0.0,1
44.800,0,0,0.0,0.0,1
44.900,0,0,0.0,0.0,1
44.900,0,0,0.0,0.0,1
44.900,0,0,0.0,0.0,1
44.900,0,0,0.0,0.0,1
44.900,0,0,0.0,0.0,1
44.900,0,0,0.0,0.0,1
44.900,0,0,0.0,0.0,1
44.900,0,0,0.0,0.0,1
44.900,0,0,0.0,0.0,1
44.900,0,0,0.0,0.0,1
44.900,0,0,0.0,0.0,1
45.000,0,0,0.0,0.0,1
45.000,0,0,0.0,0.0,1
45.000,0,0,0.0,0.0,1
45.000,0,0,0.0,0.0,1
45.000,0,0,0.0,0.0,1
45.000,0,0,0.0,0.0,1
45.000,0,0,0.0,0.0,1
45.000,0,0,0.0,0.0,1
45.000,0,0,0.0,0.0,1
45.000,0,0,0.0,0.0,1
45.100,0,0,0.0,0.0,1
45.100,0,0,0.0,0.0,1
45.100,0,0,0.0,0.0,1
45.100,0,0,0.0,0.0,1
45.100,0,0,0.0,0.0,1
45.100,0,0,0.0,0.0,1
45.100,0,0,0.0,0.0,1
45.100,0,0,0.0,0.0,1
45.100,0,0,0.0,0.0,1
45.100,0,0,0.0,0.0,1
45.100,0,0,0.0,0.0,1
45.200,0,0,0.0,0.0,1
45.200,0,0,0.0,0.0,1
45.200,0,0,0.0,0.0,1
45.200,0,0,0.0,0.0,1
45.200,0,0,0.0,0.0,1
45.200,0,0,0.0,0.0,1
45.200,0,0,0.0,0.0,1
45.200,0,0,0.0,0.0,1
45.200,0,0,0.0,0.0,1
45.200,0,0,0.0,0.0,1
45.300,0,0,0.0,0.0,1
45.300,0,0,0.0,0.0,1
45.300,0,0,0.0,0.0,1
45.300,0,0,0.0,0.0,1
45.300,0,0,0.0,0.0,1
45.300,0,0,0.0,0.0,1
45.300,0,0,0.0,0.0,1
45.300,0,0,0.0,0.0,1
45.300,0,0,0.0,0.0,1
45.300,0,0,0.0,0.0,1
45.400,0,0,0.0,0.0,1
45.400,0,0,0.0,0.0,1
45.400,0,0,0.0,0.0,1
45.400,0,0,0.0,0.0,1
45.400,0,0,0.0,0.0,1
45.400,0,0,0.0,0.0,1
45.400,0,0,0.0,0.0,1
45.400,0,0,0.0,0.0,1
45.400,0,0,0.0,0.0,1
45.400,0,0,0.0,0.0,1
45.400,0,0,0.0,0.0,1
45.500,0,0,0.0,0.0,1
45.500,0,0,0.0,0.0,1
45.500,0,0,0.0,0.0,1
45.500,0,0,0.0,0.0,1
45.500,0,0,0.0,0.0,1
45.500,0,0,0.0,0.0,1
45.500,0,0,0.0,0.0,1
45.500,0,0,0.0,0.0,1
45.500,0,0,0.0,0.0,1
45.500,0,0,0.0,0.0,1
45.600,0,0,0.0,0.0,1
45.600,0,0,0.0,0.0,1
45.600,0,0,0.0,0.0,1
45.600,0,0,0.0,0.0,1
45.600,0,0,0.0,0.0,1
45.600,0,0,0.0,0.0,1
45.600,0,0,0.0,0.0,1
45.600,0,0,0.0,0.0,1
45.600,0,0,0.0,0.0,1
45.600,0,0,0.0,0.0,1
45.600,0,0,0.0,0.0,1
45.700,0,0,0.0,0.0,1
45.700,0,0,0.0,0.0,1
45.700,0,0,0.0,0.0,1
45.700,0,0,0.0,0.0,1
45.700,0,0,0.0,0.0,1
45.700,0,0,0.0,0.0,1
45.700,0,0,0.0,0.0,1
45.700,0,0,0.0,0.0,1
45.700,0,0,0.0,0.0,1
45.700,0,0,0.0,0.0,1
45.800,0,0,0.0,0.0,1
45.800,0,0,0.0,0.0,1
45.800,0,0,0.0,0.0,1
45.800,0,0,0.0,0.0,1
45.800,0,0,0.0,0.0,1
45.800,0,0,0.0,0.0,1
45.800,0,0,0.0,0.0,1
45.800,0,0,0.0,0.0,1
45.800,0,0,0.0,0.0,1
45.800,0,0,0.0,0.0,1
45.800,0,0,0.0,0.0,1
45.900,0,0,0.0,0.0,1
45.900,0,0,0.0,0.0,1
45.900,0,0,0.0,0.0,1
45.900,0,0,0.0,0.0,1
45.900,0,0,0.0,0.0,1
45.900,0,0,0.0,0.0,1
45.900,0,0,0.0,0.0,1
45.900,0,0,0.0,0.0,1
45.900,0,0,0.0,0.0,1
45.900,0,0,0.0,0.0,1
46.000,0,0,0.0,0.0,1
46.000,0,0,0.0,0.0,1
46.000,0,0,0.0,0.0,1
46.000,0,0,0.0,0.0,1
46.000,0,0,0.0,0.0,1
46.000,0,0,0.0,0.0,1
46.000,0,0,0.0,0.0,1
46.000,0,0,0.0,0.0,1
46.000,0,0,0.0,0.0,1
46.000,0,0,0.0,0.0,1
46.100,0,0,0.0,0.0,1
46.100,0,0,0.0,0.0,1
46.100,0,0,0.0,0.0,1
46.100,0,0,0.0,0.0,1
46.100,0,0,0.0,0.0,1
46.100,0,0,0.0,0.0,1
46.100,0,0,0.0,0.0,1
46.100,0,0,0.0,0.0,1
46.100,0,0,0.0,0.0,1
46.100,0,0,0.0,0.0,1
46.100,0,0,0.0,0.0,1
46.200,0,0,0.0,0.0,1
46.200,0,0,0.0,0.0,1
46.200,0,0,0.0,0.0,1
46.200,0,0,0.0,0.0,1
46.200,0,0,0.0,0.0,1
46.200,0,0,0.0,0.0,1
46.200,0,0,0.0,0.0,1
46.200,0,0,0.0,0.0,1
46.200,0,0,0.0,0.0,1
46.200,0,0,0.0,0.0,1
46.300,0,0,0.0,0.0,1
46.300,0,0,0.0,0.0,1
46.300,0,0,0.0,0.0,1
46.300,0,0,0.0,0.0,1
46.300,0,0,0.0,0.0,1
46.300,0,0,0.0,0.0,1
46.300,0,0,0.0,0.0,1
46.300,0,0,0.0,0.0,1
46.300,0,0,0.0,0.0,1
46.300,0,0,0.0,0.0,1
46.300,0,0,0.0,0.0,1
46.400,0,0,0.0,0.0,1
46.400,0,0,0.0,0.0,1
46.400,0,0,0.0,0.0,1
46.400,0,0,0.0,0.0,1
46.400,0,0,0.0,0.0,1
46.400,0,0,0.0,0.0,1
46.400,0,0,0.0,0.0,1
46.400,0,0,0.0,0.0,1
46.400,0,0,0.0,0.0,1
46.400,0,0,0.0,0.0,1
46.500,0,0,0.0,0.0,1
46.500,0,0,0.0,0.0,1
46.500,0,0,0.0,0.0,1
46.500,0,0,0.0,0.0,1
46.500,0,0,0.0,0.0,1
46.500,0,0,0.0,0.0,1
46.500,0,0,0.0,0.0,1
46.500,0,0,0.0,0.0,1
46.500,0,0,0.0,0.0,1
46.500,0,0,0.0,0.0,1
46.500,0,0,0.0,0.0,1
46.600,0,0,0.0,0.0,1
46.600,0,0,0.0,0.0,1
46.600,0,0,0.0,0.0,1
46.600,0,0,0.0,0.0,1
46.600,0,0,0.0,0.0,1
46.600,0,0,0.0,0.0,1
46.600,0,0,0.0,0.0,1
46.600,0,0,0.0,0.0,1
46.600,0,0,0.0,0.0,1
46.600,0,0,0.0,0.0,1
46.700,0,0,0.0,0.0,1
46.700,0,0,0.0,0.0,1
46.700,0,0,0.0,0.0,1
46.700,0,0,0.0,0.0,1
46.700,0,0,0.0,0.0,1
46.700,0,0,0.0,0.0,1
46.700,0,0,0.0,0.0,1
46.700,0,0,0.0,0.0,1
46.700,0,0,0.0,0.0,1
46.700,0,0,0.0,0.0,1
46.800,0,0,0.0,0.0,1
46.800,0,0,0.0,0.0,1
46.800,0,0,0.0,0.0,1
46.800,0,0,0.0,0.0,1
46.800,0,0,0.0,0.0,1
46.800,0,0,0.0,0.0,1
46.800,0,0,0.0,0.0,1
46.800,0,0,0.0,0.0,1
46.800,0,0,0.0,0.0,1
46.800,0,0,0.0,0.0,1
46.800,0,0,0.0,0.0,1
46.900,0,0,0.0,0.0,1
46.900,0,0,0.0,0.0,1
46.900,0,0,0.0,0.0,1
46.900,0,0,0.0,0.0,1
46.900,0,0,0.0,0.0,1
46.900,0,0,0.0,0.0,1
46.900,0,0,0.0,0.0,1
46.900,0,0,0.0,0.0,1
46.900,0,0,0.0,0.0,1
46.900,0,0,0.0,0.0,1
47.000,0,0,0.0,0.0,1
47.000,0,0,0.0,0.0,1
47.000,0,0,0.0,0.0,1
47.000,0,0,0.0,0.0,1
47.000,0,0,0.0,0.0,1
47.000,0,0,0.0,0.0,1
47.000,0,0,0.0,0.0,1
47.000,0,0,0.0,0.0,1
47.000,0,0,0.0,0.0,1
47.000,0,0,0.0,0.0,1
47.000,0,0,0.0,0.0,1
47.100,0,0,0.0,0.0,1
47.100,0,0,0.0,0.0,1
47.100,0,0,0.0,0.0,1
47.100,0,0,0.0,0.0,1
47.100,0,0,0.0,0.0,1
47.100,0,0,0.0,0.0,1
47.100,0,0,0.0,0.0,1
47.100,0,0,0.0,0.0,1
47.100,0,0,0.0,0.0,1
47.100,0,0,0.0,0.0,1
47.200,0,0,0.0,0.0,1
47.200,0,0,0.0,0.0,1
47.200,0,0,0.0,0.0,1
47.200,0,0,0.0,0.0,1
47.200,0,0,0.0,0.0,1
47.200,0,0,0.0,0.0,1
47.200,0,0,0.0,0.0,1
47.200,0,0,0.0,0.0,1
47.200,0,0,0.0,0.0,1
47.200,0,0,0.0,0.0,1
47.200,0,0,0.0,0.0,1
47.300,0,0,0.0,0.0,1
47.300,0,0,0.0,0.0,1
47.300,0,0,0.0,0.0,1
47.300,0,0,0.0,0.0,1
47.300,0,0,0.0,0.0,1
47.300,0,0,0.0,0.0,1
47.300,0,0,0.0,0.0,1
47.300,0,0,0.0,0.0,1
47.300,0,0,0.0,0.0,1
47.300,0,0,0.0,0.0,1
47.400,0,0,0.0,0.0,1
47.400,0,0,0.0,0.0,1
47.400,0,0,0.0,0.0,1
47.400,0,0,0.0,0.0,1
47.400,0,0,0.0,0.0,1
47.400,0,0,0.0,0.0,1
47.400,0,0,0.0,0.0,1
47.400,0,0,0.0,0.0,1
47.400,0,0,0.0,0.0,1
47.400,0,0,0.0,0.0,1
47.500,0,0,0.0,0.0,1
47.500,0,0,0.0,0.0,1
47.500,0,0,0.0,0.0,1
47.500,0,0,0.0,0.0,1
47.500,0,0,0.0,0.0,1
47.500,0,0,0.0,0.0,1
47.500,0,0,0.0,0.0,1
47.500,0,0,0.0,0.0,1
47.500,0,0,0.0,0.0,1
47.500,0,0,0.0,0.0,1
47.500,0,0,0.0,0.0,1
47.600,0,0,0.0,0.0,1
47.600,0,0,0.0,0.0,1
47.600,0,0,0.0,0.0,1
47.600,0,0,0.0,0.0,1
47.600,0,0,0.0,0.0,1
47.600,0,0,0.0,0.0,1
47.600,0,0,0.0,0.0,1
47.600,0,0,0.0,0.0,1
47.600,0,0,0.0,0.0,1
47.600,0,0,0.0,0.0,1
47.700,0,0,0.0,0.0,1
47.700,0,0,0.0,0.0,1
47.700,0,0,0.0,0.0,1
47.700,0,0,0.0,0.0,1
47.700,0,0,0.0,0.0,1
47.700,0,0,0.0,0.0,1
47.700,0,0,0.0,0.0,1
47.700,0,0,0.0,0.0,1
47.700,0,0,0.0,0.0,1
47.700,0,0,0.0,0.0,1
47.700,0,0,0.0,0.0,1
47.800,2,2,-58.0,-3.0,0
47.800,2,2,-58.0,-3.0,0
47.800,2,2,-58.0,-3.0,0
47.800,2,2,-58.0,-3.0,0
47.800,2,2,-58.0,-3.0,0
47.800,2,2,-58.0,-3.0,0
47.800,2,2,-58.0,-3.0,0
47.800,2,2,-58.0,-3.0,0
47.800,2,2,-58.0,-3.0,0
47.800,2,2,-58.0,-3.0,0
47.900,2,2,-58.0,-3.0,0
47.900,2,2,-58.0,-3.0,0
47.900,2,2,-58.0,-3.0,0
47.900,2,2,-58.0,-3.0,0
47.900,2,2,-58.0,-3.0,0
47.900,2,2,-58.0,-3.0,0
47.900,2,2,-58.0,-3.0,0
47.900,2,2,-58.0,-3.0,0
47.900,2,2,-58.0,-3.0,0
47.900,2,2,-58.0,-3.0,0
47.900,2,2,-58.0,-3.0,0
48.000,2,2,-58.0,-3.0,0
48.000,2,2,-58.0,-3.0,0
48.000,2,2,-58.0,-3.0,0
48.000,2,2,-58.0,-3.0,0
48.000,2,2,-58.0,-3.0,0
48.000,2,2,-58.0,-3.0,0
48.000,2,2,-58.0,-3.0,0
48.000,2,2,-58.0,-3.0,0
48.000,2,2,-58.0,-3.0,0
48.000,2,2,-58.0,-3.0,0
48.100,2,2,-58.0,-3.0,0
48.100,2,2,-58.0,-3.0,0
48.100,2,2,-58.0,-3.0,0
48.100,2,2,-58.0,-3.0,0
48.100,2,2,-58.0,-3.0,0
48.100,2,2,-58.0,-3.0,0
48.100,2,2,-58.0,-3.0,0
48.100,2,2,-58.0,-3.0,0
48.100,2,2,-58.0,-3.0,0
48.100,2,2,-58.0,-3.0,0
48.100,2,2,-58.0,-3.0,0
48.200,2,2,-58.0,-3.0,0
48.200,2,2,-58.0,-3.0,0
48.200,2,2,-58.0,-3.0,0
48.200,2,2,-58.0,-3.0,0
48.200,2,2,-58.0,-3.0,0
48.200,2,2,-58.0,-3.0,0
48.200,2,2,-58.0,-3.0,0
48.200,2,2,-58.0,-3.0,0
48.200,2,2,-58.0,-3.0,0
48.200,2,2,-58.0,-3.0,0
48.300,2,2,-58.0,-3.0,0
48.300,2,2,-58.0,-3.0,0
48.300,2,2,-58.0,-3.0,0
48.300,2,2,-58.0,-3.0,0
48.300,2,2,-58.0,-3.0,0
48.300,2,2,-58.0,-3.0,0
48.300,2,2,-58.0,-3.0,0
48.300,2,2,-58.0,-3.0,0
48.300,2,2,-58.0,-3.0,0
48.300,2,2,-58.0,-3.0,0
48.400,2,2,-58.0,-3.0,0
48.400,2,2,-58.0,-3.0,0
48.400,2,2,-58.0,-3.0,0
48.400,2,2,-58.0,-3.0,0
48.400,2,2,-58.0,-3.0,0
48.400,2,2,-58.0,-3.0,0
48.400,2,2,-58.0,-3.0,0
48.400,2,2,-58.0,-3.0,0
48.400,2,2,-58.0,-3.0,0
48.400,2,2,-58.0,-3.0,0
48.400,2,2,-58.0,-3.0,0
48.500,2,2,-58.0,-3.0,0
48.500,2,2,-58.0,-3.0,0
48.500,2,2,-58.0,-3.0,0
48.500,2,2,-58.0,-3.0,0
48.500,2,2,-58.0,-3.0,0
48.500,2,2,-58.0,-3.0,0
48.500,2,2,-58.0,-3.0,0
48.500,2,2,-58.0,-3.0,0
48.500,2,2,-58.0,-3.0,0
48.500,2,2,-58.0,-3.0,0
48.600,2,2,-58.0,-3.0,0
48.600,2,2,-58.0,-3.0,0
48.600,2,2,-58.0,-3.0,0
48.600,2,2,-58.0,-3.0,0
48.600,2,2,-58.0,-3.0,0
48.600,2,2,-58.0,-3.0,0
48.600,2,2,-58.0,-3.0,0
48.600,2,2,-58.0,-3.0,0
48.600,2,2,-58.0,-3.0,0
48.600,2,2,-58.0,-3.0,0
48.600,2,2,-58.0,-3.0,0
48.700,2,2,-58.0,-3.0,0
48.700,2,2,-58.0,-3.0,0
48.700,2,2,-58.0,-3.0,0
48.700,2,2,-58.0,-3.0,0
48.700,2,2,-58.0,-3.0,0
48.700,2,2,-58.0,-3.0,0
48.700,2,2,-58.0,-3.0,0
48.700,2,2,-58.0,-3.0,0
48.700,2,2,-58.0,-3.0,0
48.700,2,2,-58.0,-3.0,0
48.800,2,2,-58.0,-3.0,0
48.800,2,2,-58.0,-3.0,0
48.800,2,2,-58.0,-3.0,0
48.800,2,2,-58.0,-3.0,0
48.800,2,2,-58.0,-3.0,0
48.800,2,2,-58.0,-3.0,0
48.800,2,2,-58.0,-3.0,0
48.800,2,2,-58.0,-3.0,0
48.800,2,2,-58.0,-3.0,0
48.800,2,2,-58.0,-3.0,0
48.800,2,2,-58.0,-3.0,0
48.900,2,2,-58.0,-3.0,0
48.900,2,2,-58.0,-3.0,0
48.900,2,2,-58.0,-3.0,0
48.900,2,2,-58.0,-3.0,0
48.900,2,2,-58.0,-3.0,0
48.900,2,2,-58.0,-3.0,0
48.900,2,2,-58.0,-3.0,0
48.900,2,2,-58.0,-3.0,0
48.900,2,2,-58.0,-3.0,0
48.900,2,2,-58.0,-3.0,0
49.000,2,2,-58.0,-3.0,0
49.000,2,2,-58.0,-3.0,0
49.000,2,2,-58.0,-3.0,0
49.000,2,2,-58.0,-3.0,0
49.000,2,2,-58.0,-3.0,0
49.000,2,2,-58.0,-3.0,0
49.000,2,2,-58.0,-3.0,0
49.000,2,2,-58.0,-3.0,0
49.000,2,2,-58.0,-3.0,0
49.000,2,2,-58.0,-3.0,0
49.100,2,2,-58.0,-3.0,0
49.100,2,2,-58.0,-3.0,0
49.100,2,2,-58.0,-3.0,0
49.100,2,2,-58.0,-3.0,0
49.100,2,2,-58.0,-3.0,0
49.100,2,2,-58.0,-3.0,0
49.100,2,2,-58.0,-3.0,0
49.100,2,2,-58.0,-3.0,0
49.100,2,2,-58.0,-3.0,0
49.100,2,2,-58.0,-3.0,0
49.100,2,2,-58.0,-3.0,0
49.200,2,2,-58.0,-3.0,0
49.200,2,2,-58.0,-3.0,0
49.200,2,2,-58.0,-3.0,0
49.200,2,2,-58.0,-3.0,0
49.200,2,2,-58.0,-3.0,0
49.200,2,2,-58.0,-3.0,0
49.200,2,2,-58.0,-3.0,0
49.200,2,2,-58.0,-3.0,0
49.200,2,2,-58.0,-3.0,0
49.200,2,2,-58.0,-3.0,0
49.300,2,2,-58.0,-3.0,0
49.300,2,2,-58.0,-3.0,0
49.300,2,2,-58.0,-3.0,0
49.300,2,2,-58.0,-3.0,0
49.300,2,2,-58.0,-3.0,0
49.300,2,2,-58.0,-3.0,0
49.300,2,2,-58.0,-3.0,0
49.300,2,2,-58.0,-3.0,0
49.300,2,2,-58.0,-3.0,0
49.300,2,2,-58.0,-3.0,0
49.300,2,2,-58.0,-3.0,0
49.400,2,2,-58.0,-3.0,0
49.400,2,2,-58.0,-3.0,0
49.400,2,2,-58.0,-3.0,0
49.400,2,2,-58.0,-3.0,0
49.400,2,2,-58.0,-3.0,0
49.400,2,2,-58.0,-3.0,0
49.400,2,2,-58.0,-3.0,0
49.400,2,2,-58.0,-3.0,0
49.400,2,2,-58.0,-3.0,0
49.400,2,2,-58.0,-3.0,0
49.500,2,2,-58.0,-3.0,0
49.500,2,2,-58.0,-3.0,0
49.500,2,2,-58.0,-3.0,0
49.500,2,2,-58.0,-3.0,0
49.500,2,2,-58.0,-3.0,0
49.500,2,2,-58.0,-3.0,0
49.500,2,2,-58.0,-3.0,0
49.500,2,2,-58.0,-3.0,0
49.500,2,2,-58.0,-3.0,0
49.500,2,2,-58.0,-3.0,0
49.500,2,2,-58.0,-3.0,0
49.600,2,2,-58.0,-3.0,0
49.600,2,2,-58.0,-3.0,0
49.600,2,2,-58.0,-3.0,0
49.600,2,2,-58.0,-3.0,0
49.600,2,2,-58.0,-3.0,0
49.600,2,2,-58.0,-3.0,0
49.600,2,2,-58.0,-3.0,0
49.600,2,2,-58.0,-3.0,0
49.600,2,2,-58.0,-3.0,0
49.600,2,2,-58.0,-3.0,0
49.700,2,2,-58.0,-3.0,0
49.700,2,2,-58.0,-3.0,0
49.700,2,2,-58.0,-3.0,0
49.700,2,2,-58.0,-3.0,0
49.700,2,2,-58.0,-3.0,0
49.700,2,2,-58.0,-3.0,0
49.700,2,2,-58.0,-3.0,0
49.700,2,2,-58.0,-3.0,0
49.700,2,2,-58.0,-3.0,0
49.700,2,2,-58.0,-3.0,0
49.800,2,2,-58.0,-3.0,0
49.800,2,2,-58.0,-3.0,0
49.800,2,2,-58.0,-3.0,0
49.800,2,2,-58.0,-3.0,0
49.800,2,2,-58.0,-3.0,0
49.800,2,2,-58.0,-3.0,0
49.800,2,2,-58.0,-3.0,0
49.800,2,2,-58.0,-3.0,0
49.800,2,2,-58.0,-3.0,0
49.800,2,2,-58.0,-3.0,0
49.800,2,2,-58.0,-3.0,0
49.900,2,2,-58.0,-3.0,0
49.900,2,2,-58.0,-3.0,0
49.900,2,2,-58.0,-3.0,0
49.900,2,2,-58.0,-3.0,0
49.900,2,2,-58.0,-3.0,0
49.900,2,2,-58.0,-3.0,0
49.900,2,2,-58.0,-3.0,0
49.900,2,2,-58.0,-3.0,0
49.900,2,2,-58.0,-3.0,0
49.900,2,2,-58.0,-3.0,0
50.000,2,2,-58.0,-3.0,0
50.000,2,2,-58.0,-3.0,0
50.000,2,2,-58.0,-3.0,0
50.000,2,2,-58.0,-3.0,0
50.000,2,2,-58.0,-3.0,0
50.000,2,2,-58.0,-3.0,0
50.000,2,2,-58.0,-3.0,0
50.000,2,2,-58.0,-3.0,0
50.000,2,2,-58.0,-3.0,0
50.000,2,2,-58.0,-3.0,0
50.000,2,2,-58.0,-3.0,0
50.100,2,2,-58.0,-3.0,0
50.100,2,2,-58.0,-3.0,0
50.100,2,2,-58.0,-3.0,0
50.100,2,2,-58.0,-3.0,0
50.100,2,2,-58.0,-3.0,0
50.100,2,2,-58.0,-3.0,0
50.100,2,2,-58.0,-3.0,0
50.100,2,2,-58.0,-3.0,0
50.100,2,2,-58.0,-3.0,0
50.100,2,2,-58.0,-3.0,0
50.200,2,2,-58.0,-3.0,0
50.200,2,2,-58.0,-3.0,0
50.200,2,2,-58.0,-3.0,0
50.200,2,2,-58.0,-3.0,0
50.200,2,2,-58.0,-3.0,0
50.200,2,2,-58.0,-3.0,0
50.200,2,2,-58.0,-3.0,0
50.200,2,2,-58.0,-3.0,0
50.200,2,2,-58.0,-3.0,0
50.200,2,2,-58.0,-3.0,0
50.200,2,2,-58.0,-3.0,0
50.300,2,2,-58.0,-3.0,0
50.300,2,2,-58.0,-3.0,0
50.300,2,2,-58.0,-3.0,0
50.300,2,2,-58.0,-3.0,0
50.300,2,2,-58.0,-3.0,0
50.300,2,2,-58.0,-3.0,0
50.300,2,2,-58.0,-3.0,0
50.300,2,2,-58.0,-3.0,0
50.300,2,2,-58.0,-3.0,0
50.300,2,2,-58.0,-3.0,0
50.400,2,2,-58.0,-3.0,0
50.400,2,2,-58.0,-3.0,0
50.400,2,2,-58.0,-3.0,0
50.400,2,2,-58.0,-3.0,0
50.400,2,2,-58.0,-3.0,0
50.400,2,2,-58.0,-3.0,0
50.400,2,2,-58.0,-3.0,0
50.400,2,2,-58.0,-3.0,0
50.400,2,2,-58.0,-3.0,0
50.400,2,2,-58.0,-3.0,0
50.500,2,2,-58.0,-3.0,0
50.500,2,2,-58.0,-3.0,0
50.500,2,2,-58.0,-3.0,0
50.500,2,2,-58.0,-3.0,0
50.500,2,2,-58.0,-3.0,0
50.500,2,2,-58.0,-3.0,0
50.500,2,2,-58.0,-3.0,0
50.500,2,2,-58.0,-3.0,0
50.500,2,2,-58.0,-3.0,0
50.500,2,2,-58.0,-3.0,0
50.500,2,2,-58.0,-3.0,0
50.600,2,2,-58.0,-3.0,0
50.600,2,2,-58.0,-3.0,0
50.600,2,2,-58.0,-3.0,0
50.600,2,2,-58.0,-3.0,0
50.600,2,2,-58.0,-3.0,0
50.600,2,2,-58.0,-3.0,0
50.600,2,2,-58.0,-3.0,0
50.600,2,2,-58.0,-3.0,0
50.600,2,2,-58.0,-3.0,0
50.600,2,2,-58.0,-3.0,0
50.700,2,2,-58.0,-3.0,0
50.700,2,2,-58.0,-3.0,0
50.700,2,2,-58.0,-3.0,0
50.700,2,2,-58.0,-3.0,0
50.700,2,2,-58.0,-3.0,0
50.700,2,2,-58.0,-3.0,0
50.700,2,2,-58.0,-3.0,0
50.700,2,2,-58.0,-3.0,0
50.700,2,2,-58.0,-3.0,0
50.700,2,2,-58.0,-3.0,0
50.700,2,2,-58.0,-3.0,0
50.800,2,2,-58.0,-3.0,0
50.800,2,2,-58.0,-3.0,0
50.800,2,2,-58.0,-3.0,0
50.800,2,2,-58.0,-3.0,0
50.800,2,2,-58.0,-3.0,0
50.800,2,2,-58.0,-3.0,0
50.800,2,2,-58.0,-3.0,0
50.800,2,2,-58.0,-3.0,0
50.800,2,2,-58.0,-3.0,0
50.800,2,2,-58.0,-3.0,0
50.900,2,2,-58.0,-3.0,0
50.900,2,2,-58.0,-3.0,0
50.900,2,2,-58.0,-3.0,0
50.900,2,2,-58.0,-3.0,0
50.900,2,2,-58.0,-3.0,0
50.900,2,2,-58.0,-3.0,0
50.900,2,2,-58.0,-3.0,0
50.900,2,2,-58.0,-3.0,0
50.900,2,2,-58.0,-3.0,0
50.900,2,2,-58.0,-3.0,0
50.900,2,2,-58.0,-3.0,0
51.000,2,2,-58.0,-3.0,0
51.000,2,2,-58.0,-3.0,0
51.000,2,2,-58.0,-3.0,0
51.000,2,2,-58.0,-3.0,0
51.000,2,2,-58.0,-3.0,0
51.000,2,2,-58.0,-3.0,0
51.000,2,2,-58.0,-3.0,0
51.000,2,2,-58.0,-3.0,0
51.000,2,2,-58.0,-3.0,0
51.000,2,2,-58.0,-3.0,0
51.100,2,2,-58.0,-3.0,0
51.100,2,2,-58.0,-3.0,0
51.100,2,2,-58.0,-3.0,0
51.100,2,2,-58.0,-3.0,0
51.100,2,2,-58.0,-3.0,0
51.100,2,2,-58.0,-3.0,0
51.100,2,2,-58.0,-3.0,0
51.100,2,2,-58.0,-3.0,0
51.100,2,2,-58.0,-3.0,0
51.100,2,2,-58.0,-3.0,0
51.100,2,2,-58.0,-3.0,0
51.200,2,2,-58.0,-3.0,0
51.200,2,2,-58.0,-3.0,0
51.200,2,2,-58.0,-3.0,0
51.200,2,2,-58.0,-3.0,0
51.200,2,2,-58.0,-3.0,0
51.200,2,2,-58.0,-3.0,0
51.200,2,2,-58.0,-3.0,0
51.200,2,2,-58.0,-3.0,0
51.200,2,2,-58.0,-3.0,0
51.200,2,2,-58.0,-3.0,0
51.300,2,2,-58.0,-3.0,0
51.300,2,2,-58.0,-3.0,0
51.300,2,2,-58.0,-3.0,0
51.300,2,2,-58.0,-3.0,0
51.300,2,2,-58.0,-3.0,0
51.300,2,2,-58.0,-3.0,0
51.300,2,2,-58.0,-3.0,0
51.300,2,2,-58.0,-3.0,0
51.300,2,2,-58.0,-3.0,0
51.300,2,2,-58.0,-3.0,0
51.400,2,2,-58.0,-3.0,0
51.400,2,2,-58.0,-3.0,0
51.400,2,2,-58.0,-3.0,0
51.400,2,2,-58.0,-3.0,0
51.400,2,2,-58.0,-3.0,0
51.400,2,2,-58.0,-3.0,0
51.400,2,2,-58.0,-3.0,0
51.400,2,2,-58.0,-3.0,0
51.400,2,2,-58.0,-3.0,0
51.400,2,2,-58.0,-3.0,0
51.400,2,2,-58.0,-3.0,0
51.500,2,2,-58.0,-3.0,0
51.500,2,2,-58.0,-3.0,0
51.500,2,2,-58.0,-3.0,0
51.500,2,2,-58.0,-3.0,0
51.500,2,2,-58.0,-3.0,0
51.500,2,2,-58.0,-3.0,0
51.500,2,2,-58.0,-3.0,0
51.500,2,2,-58.0,-3.0,0
51.500,2,2,-58.0,-3.0,0
51.500,2,2,-58.0,-3.0,0
51.600,2,2,-58.0,-3.0,0
51.600,2,2,-58.0,-3.0,0
51.600,2,2,-58.0,-3.0,0
51.600,2,2,-58.0,-3.0,0
51.600,2,2,-58.0,-3.0,0
51.600,2,2,-58.0,-3.0,0
51.600,2,2,-58.0,-3.0,0
51.600,2,2,-58.0,-3.0,0
51.600,2,2,-58.0,-3.0,0
51.600,2,2,-58.0,-3.0,0
51.600,2,2,-58.0,-3.0,0
51.700,2,2,-58.0,-3.0,0
51.700,2,2,-58.0,-3.0,0
51.700,2,2,-58.0,-3.0,0
51.700,2,2,-58.0,-3.0,0
51.700,2,2,-58.0,-3.0,0
51.700,2,2,-58.0,-3.0,0
51.700,2,2,-58.0,-3.0,0
51.700,2,2,-58.0,-3.0,0
51.700,2,2,-58.0,-3.0,0
51.700,2,2,-58.0,-3.0,0
51.800,2,2,-58.0,-3.0,0
51.800,2,2,-58.0,-3.0,0
51.800,2,2,-58.0,-3.0,0
51.800,2,2,-58.0,-3.0,0
51.800,2,2,-58.0,-3.0,0
51.800,2,2,-58.0,-3.0,0
51.800,2,2,-58.0,-3.0,0
51.800,2,2,-58.0,-3.0,0
51.800,2,2,-58.0,-3.0,0
51.800,2,2,-58.0,-3.0,0
51.800,2,2,-58.0,-3.0,0
51.900,2,2,-58.0,-3.0,0
51.900,2,2,-58.0,-3.0,0
51.900,2,2,-58.0,-3.0,0
51.900,2,2,-58.0,-3.0,0
51.900,2,2,-58.0,-3.0,0
51.900,2,2,-58.0,-3.0,0
51.900,2,2,-58.0,-3.0,0
51.900,2,2,-58.0,-3.0,0
51.900,2,2,-58.0,-3.0,0
51.900,2,2,-58.0,-3.0,0
52.000,2,2,-58.0,-3.0,0
52.000,2,2,-58.0,-3.0,0
52.000,2,2,-58.0,-3.0,0
52.000,2,2,-58.0,-3.0,0
52.000,2,2,-58.0,-3.0,0
52.000,2,2,-58.0,-3.0,0
52.000,2,2,-58.0,-3.0,0
52.000,2,2,-58.0,-3.0,0
52.000,2,2,-58.0,-3.0,0
52.000,2,2,-58.0,-3.0,0
52.100,2,2,-58.0,-3.0,0
52.100,2,2,-58.0,-3.0,0
52.100,2,2,-58.0,-3.0,0
52.100,2,2,-58.0,-3.0,0
52.100,2,2,-58.0,-3.0,0
52.100,2,2,-58.0,-3.0,0
52.100,2,2,-58.0,-3.0,0
52.100,2,2,-58.0,-3.0,0
52.100,2,2,-58.0,-3.0,0
52.100,2,2,-58.0,-3.0,0
52.100,2,2,-58.0,-3.0,0
52.200,2,2,-58.0,-3.0,0
52.200,2,2,-58.0,-3.0,0
52.200,2,2,-58.0,-3.0,0
52.200,2,2,-58.0,-3.0,0
52.200,2,2,-58.0,-3.0,0
52.200,2,2,-58.0,-3.0,0
52.200,2,2,-58.0,-3.0,0
52.200,2,2,-58.0,-3.0,0
52.200,2,2,-58.0,-3.0,0
52.200,2,2,-58.0,-3.0,0
52.300,2,2,-58.0,-3.0,0
52.300,2,2,-58.0,-3.0,0
52.300,2,2,-58.0,-3.0,0
52.300,2,2,-58.0,-3.0,0
52.300,2,2,-58.0,-3.0,0
52.300,2,2,-58.0,-3.0,0
52.300,2,2,-58.0,-3.0,0
52.300,2,2,-58.0,-3.0,0
52.300,2,2,-58.0,-3.0,0
52.300,2,2,-58.0,-3.0,0
52.300,2,2,-58.0,-3.0,0
52.400,2,2,-58.0,-3.0,0
52.400,2,2,-58.0,-3.0,0
52.400,2,2,-58.0,-3.0,0
52.400,2,2,-58.0,-3.0,0
52.400,2,2,-58.0,-3.0,0
52.400,2,2,-58.0,-3.0,0
52.400,2,2,-58.0,-3.0,0
52.400,2,2,-58.0,-3.0,0
52.400,2,2,-58.0,-3.0,0
52.400,2,2,-58.0,-3.0,0
52.500,2,2,-58.0,-3.0,0
52.500,2,2,-58.0,-3.0,0
52.500,2,2,-58.0,-3.0,0
52.500,2,2,-58.0,-3.0,0
52.500,2,2,-58.0,-3.0,0
52.500,2,2,-58.0,-3.0,0
52.500,2,2,-58.0,-3.0,0
52.500,2,2,-58.0,-3.0,0
52.500,2,2,-58.0,-3.0,0
52.500,2,2,-58.0,-3.0,0
52.500,2,2,-58.0,-3.0,0
52.600,2,2,-58.0,-3.0,0
52.600,2,2,-58.0,-3.0,0
52.600,2,2,-58.0,-3.0,0
52.600,2,2,-58.0,-3.0,0
52.600,2,2,-58.0,-3.0,0
52.600,2,2,-58.0,-3.0,0
52.600,2,2,-58.0,-3.0,0
52.600,2,2,-58.0,-3.0,0
52.600,2,2,-58.0,-3.0,0
52.600,2,2,-58.0,-3.0,0
52.700,2,2,-58.0,-3.0,0
52.700,2,2,-58.0,-3.0,0
52.700,2,2,-58.0,-3.0,0
52.700,2,2,-58.0,-3.0,0
52.700,2,2,-58.0,-3.0,0
52.700,2,2,-58.0,-3.0,0
52.700,2,2,-58.0,-3.0,0
52.700,2,2,-58.0,-3.0,0
52.700,2,2,-58.0,-3.0,0
52.700,2,2,-58.0,-3.0,0
52.800,2,2,-58.0,-3.0,0
52.800,2,2,-58.0,-3.0,0
52.800,2,2,-58.0,-3.0,0
52.800,2,2,-58.0,-3.0,0
52.800,2,2,-58.0,-3.0,0
52.800,2,2,-58.0,-3.0,0
52.800,2,2,-58.0,-3.0,0
52.800,2,2,-58.0,-3.0,0
52.800,2,2,-58.0,-3.0,0
52.800,2,2,-58.0,-3.0,0
52.800,2,2,-58.0,-3.0,0
52.900,2,2,-58.0,-3.0,0
52.900,2,2,-58.0,-3.0,0
52.900,2,2,-58.0,-3.0,0
52.900,2,2,-58.0,-3.0,0
52.900,2,2,-58.0,-3.0,0
52.900,2,2,-58.0,-3.0,0
52.900,2,2,-58.0,-3.0,0
52.900,2,2,-58.0,-3.0,0
52.900,2,2,-58.0,-3.0,0
52.900,2,2,-58.0,-3.0,0
53.000,2,2,-58.0,-3.0,0
53.000,2,2,-58.0,-3.0,0
53.000,2,2,-58.0,-3.0,0
53.000,2,2,-58.0,-3.0,0
53.000,2,2,-58.0,-3.0,0
53.000,2,2,-58.0,-3.0,0
53.000,2,2,-58.0,-3.0,0
53.000,2,2,-58.0,-3.0,0
53.000,2,2,-58.0,-3.0,0
53.000,2,2,-58.0,-3.0,0
53.000,2,2,-58.0,-3.0,0
53.100,2,2,-58.0,-3.0,0
53.100,2,2,-58.0,-3.0,0
53.100,2,2,-58.0,-3.0,0
53.100,2,2,-58.0,-3.0,0
53.100,2,2,-58.0,-3.0,0
53.100,2,2,-58.0,-3.0,0
53.100,2,2,-58.0,-3.0,0
53.100,2,2,-58.0,-3.0,0
53.100,2,2,-58.0,-3.0,0
53.100,2,2,-58.0,-3.0,0
53.200,2,2,-58.0,-3.0,0
53.200,2,2,-58.0,-3.0,0
53.200,2,2,-58.0,-3.0,0
53.200,2,2,-58.0,-3.0,0
53.200,2,2,-58.0,-3.0,0
53.200,2,2,-58.0,-3.0,0
53.200,2,2,-58.0,-3.0,0
53.200,2,2,-58.0,-3.0,0
53.200,2,2,-58.0,-3.0,0
53.200,2,2,-58.0,-3.0,0
53.200,2,2,-58.0,-3.0,0
53.300,2,2,-58.0,-3.0,0
53.300,2,2,-58.0,-3.0,0
53.300,2,2,-58.0,-3.0,0
53.300,2,2,-58.0,-3.0,0
53.300,2,2,-58.0,-3.0,0
53.300,2,2,-58.0,-3.0,0
53.300,2,2,-58.0,-3.0,0
53.300,2,2,-58.0,-3.0,0
53.300,2,2,-58.0,-3.0,0
53.300,2,2,-58.0,-3.0,0
53.400,2,2,-58.0,-3.0,0
53.400,2,2,-58.0,-3.0,0
53.400,2,2,-58.0,-3.0,0
53.400,2,2,-58.0,-3.0,0
53.400,2,2,-58.0,-3.0,0
53.400,2,2,-58.0,-3.0,0
53.400,2,2,-58.0,-3.0,0
53.400,2,2,-58.0,-3.0,0
53.400,2,2,-58.0,-3.0,0
53.400,2,2,-58.0,-3.0,0
53.500,2,2,-58.0,-3.0,0
53.500,2,2,-58.0,-3.0,0
53.500,2,2,-58.0,-3.0,0
53.500,2,2,-58.0,-3.0,0
53.500,2,2,-58.0,-3.0,0
53.500,2,2,-58.0,-3.0,0
53.500,2,2,-58.0,-3.0,0
53.500,2,2,-58.0,-3.0,0
53.500,2,2,-58.0,-3.0,0
53.500,2,2,-58.0,-3.0,0
53.500,2,2,-58.0,-3.0,0
53.600,2,2,-58.0,-3.0,0
53.600,2,2,-58.0,-3.0,0
53.600,2,2,-58.0,-3.0,0
53.600,2,2,-58.0,-3.0,0
53.600,2,2,-58.0,-3.0,0
53.600,2,2,-58.0,-3.0,0
53.600,2,2,-58.0,-3.0,0
53.600,2,2,-58.0,-3.0,0
53.600,2,2,-58.0,-3.0,0
53.600,2,2,-58.0,-3.0,0
53.700,2,2,-58.0,-3.0,0
53.700,2,2,-58.0,-3.0,0
53.700,2,2,-58.0,-3.0,0
53.700,2,2,-58.0,-3.0,0
53.700,2,2,-58.0,-3.0,0
53.700,2,2,-58.0,-3.0,0
53.700,2,2,-58.0,-3.0,0
53.700,2,2,-58.0,-3.0,0
53.700,2,2,-58.0,-3.0,0
53.700,2,2,-58.0,-3.0,0
53.700,2,2,-58.0,-3.0,0
53.800,2,2,-58.0,-3.0,0
53.800,2,2,-58.0,-3.0,0
53.800,2,2,-58.0,-3.0,0
53.800,2,2,-58.0,-3.0,0
53.800,2,2,-58.0,-3.0,0
53.800,2,2,-58.0,-3.0,0
53.800,2,2,-58.0,-3.0,0
53.800,2,2,-58.0,-3.0,0
53.800,2,2,-58.0,-3.0,0
53.800,2,2,-58.0,-3.0,0
53.900,2,2,-58.0,-3.0,0
53.900,2,2,-58.0,-3.0,0
53.900,2,2,-58.0,-3.0,0
53.900,2,2,-58.0,-3.0,0
53.900,2,2,-58.0,-3.0,0
53.900,2,2,-58.0,-3.0,0
53.900,2,2,-58.0,-3.0,0
53.900,2,2,-58.0,-3.0,0
53.900,2,2,-58.0,-3.0,0
53.900,2,2,-58.0,-3.0,0
53.900,2,2,-58.0,-3.0,0
54.000,2,2,-58.0,-3.0,0
54.000,2,2,-58.0,-3.0,0
54.000,2,2,-58.0,-3.0,0
54.000,2,2,-58.0,-3.0,0
54.000,2,2,-58.0,-3.0,0
54.000,2,2,-58.0,-3.0,0
54.000,2,2,-58.0,-3.0,0
54.000,2,2,-58.0,-3.0,0
54.000,2,2,-58.0,-3.0,0
54.000,2,2,-58.0,-3.0,0
54.100,2,2,-58.0,-3.0,0
54.100,2,2,-58.0,-3.0,0
54.100,2,2,-58.0,-3.0,0
54.100,2,2,-58.0,-3.0,0
54.100,2,2,-58.0,-3.0,0
54.100,2,2,-58.0,-3.0,0
54.100,2,2,-58.0,-3.0,0
54.100,2,2,-58.0,-3.0,0
54.100,2,2,-58.0,-3.0,0
54.100,2,2,-58.0,-3.0,0
54.100,2,2,-58.0,-3.0,0
54.200,2,2,-58.0,-3.0,0
54.200,2,2,-58.0,-3.0,0
54.200,2,2,-58.0,-3.0,0
54.200,2,2,-58.0,-3.0,0
54.200,2,2,-58.0,-3.0,0
54.200,2,2,-58.0,-3.0,0
54.200,2,2,-58.0,-3.0,0
54.200,2,2,-58.0,-3.0,0
54.200,2,2,-58.0,-3.0,0
54.200,2,2,-58.0,-3.0,0
54.300,2,2,-58.0,-3.0,0
54.300,2,2,-58.0,-3.0,0
54.300,2,2,-58.0,-3.0,0
54.300,2,2,-58.0,-3.0,0
54.300,2,2,-58.0,-3.0,0
54.300,2,2,-58.0,-3.0,0
54.300,2,2,-58.0,-3.0,0
54.300,2,2,-58.0,-3.0,0
54.300,2,2,-58.0,-3.0,0
54.300,2,2,-58.0,-3.0,0
54.400,2,2,-58.0,-3.0,1
54.400,2,2,-58.0,-3.0,1
54.400,2,2,-58.0,-3.0,1
54.400,2,2,-58.0,-3.0,1
54.400,2,2,-58.0,-3.0,1
54.400,2,2,-58.0,-3.0,1
54.400,2,2,-58.0,-3.0,1
54.400,2,2,-58.0,-3.0,1
54.400,2,2,-58.0,-3.0,1
54.400,2,2,-58.0,-3.0,1
54.400,2,2,-58.0,-3.0,1
54.500,2,2,-58.0,-3.0,1
54.500,2,2,-58.0,-3.0,1
54.500,2,2,-58.0,-3.0,1
54.500,2,2,-58.0,-3.0,1
54.500,2,2,-58.0,-3.0,1
54.500,2,2,-58.0,-3.0,1
54.500,2,2,-58.0,-3.0,1
54.500,2,2,-58.0,-3.0,1
54.500,2,2,-58.0,-3.0,1
54.500,2,2,-58.0,-3.0,1
54.600,0,0,0.0,0.0,1
54.600,0,0,0.0,0.0,1
54.600,0,0,0.0,0.0,1
54.600,0,0,0.0,0.0,1
54.600,0,0,0.0,0.0,1
54.600,0,0,0.0,0.0,1
54.600,0,0,0.0,0.0,1
54.600,0,0,0.0,0.0,1
54.600,0,0,0.0,0.0,1
54.600,0,0,0.0,0.0,1
54.600,0,0,0.0,0.0,1
54.700,0,0,0.0,0.0,1
54.700,0,0,0.0,0.0,1
54.700,0,0,0.0,0.0,1
54.700,0,0,0.0,0.0,1
54.700,0,0,0.0,0.0,1
54.700,0,0,0.0,0.0,1
54.700,0,0,0.0,0.0,1
54.700,0,0,0.0,0.0,1
54.700,0,0,0.0,0.0,1
54.700,0,0,0.0,0.0,1
54.800,0,0,0.0,0.0,1
54.800,0,0,0.0,0.0,1
54.800,0,0,0.0,0.0,1
54.800,0,0,0.0,0.0,1
54.800,0,0,0.0,0.0,1
54.800,0,0,0.0,0.0,1
54.800,0,0,0.0,0.0,1
54.800,0,0,0.0,0.0,1
54.800,0,0,0.0,0.0,1
54.800,0,0,0.0,0.0,1
54.800,0,0,0.0,0.0,1
54.900,0,0,0.0,0.0,1
54.900,0,0,0.0,0.0,1
54.900,0,0,0.0,0.0,1
54.900,0,0,0.0,0.0,1
54.900,0,0,0.0,0.0,1
54.900,0,0,0.0,0.0,1
54.900,0,0,0.0,0.0,1
54.900,0,0,0.0,0.0,1
54.900,0,0,0.0,0.0,1
54.900,0,0,0.0,0.0,1
55.000,0,0,0.0,0.0,1
55.000,0,0,0.0,0.0,1
55.000,0,0,0.0,0.0,1
55.000,0,0,0.0,0.0,1
55.000,0,0,0.0,0.0,1
55.000,0,0,0.0,0.0,1
55.000,0,0,0.0,0.0,1
55.000,0,0,0.0,0.0,1
55.000,0,0,0.0,0.0,1
55.000,0,0,0.0,0.0,1
55.100,0,0,0.0,0.0,1
55.100,0,0,0.0,0.0,1
55.100,0,0,0.0,0.0,1
55.100,0,0,0.0,0.0,1
55.100,0,0,0.0,0.0,1
55.100,0,0,0.0,0.0,1
55.100,0,0,0.0,0.0,1
55.100,0,0,0.0,0.0,1
55.100,0,0,0.0,0.0,1
55.100,0,0,0.0,0.0,1
55.100,0,0,0.0,0.0,1
55.200,0,0,0.0,0.0,1
55.200,0,0,0.0,0.0,1
55.200,0,0,0.0,0.0,1
55.200,0,0,0.0,0.0,1
55.200,0,0,0.0,0.0,1
55.200,0,0,0.0,0.0,1
55.200,0,0,0.0,0.0,1
55.200,0,0,0.0,0.0,1
55.200,0,0,0.0,0.0,1
55.200,0,0,0.0,0.0,1
55.300,0,0,0.0,0.0,1
55.300,0,0,0.0,0.0,1
55.300,0,0,0.0,0.0,1
55.300,0,0,0.0,0.0,1
55.300,0,0,0.0,0.0,1
55.300,0,0,0.0,0.0,1
55.300,0,0,0.0,0.0,1
55.300,0,0,0.0,0.0,1
55.300,0,0,0.0,0.0,1
55.300,0,0,0.0,0.0,1
55.300,0,0,0.0,0.0,1
55.400,0,0,0.0,0.0,1
55.400,0,0,0.0,0.0,1
55.400,0,0,0.0,0.0,1
55.400,0,0,0.0,0.0,1
55.400,0,0,0.0,0.0,1
55.400,0,0,0.0,0.0,1
55.400,0,0,0.0,0.0,1
55.400,0,0,0.0,0.0,1
55.400,0,0,0.0,0.0,1
55.400,0,0,0.0,0.0,1
55.500,0,0,0.0,0.0,1
55.500,0,0,0.0,0.0,1
55.500,0,0,0.0,0.0,1
55.500,0,0,0.0,0.0,1
55.500,0,0,0.0,0.0,1
55.500,0,0,0.0,0.0,1
55.500,0,0,0.0,0.0,1
55.500,0,0,0.0,0.0,1
55.500,0,0,0.0,0.0,1
55.500,0,0,0.0,0.0,1
55.500,0,0,0.0,0.0,1
55.600,0,0,0.0,0.0,1
55.600,0,0,0.0,0.0,1
55.600,0,0,0.0,0.0,1
55.600,0,0,0.0,0.0,1
55.600,0,0,0.0,0.0,1
55.600,0,0,0.0,0.0,1
55.600,0,0,0.0,0.0,1
55.600,0,0,0.0,0.0,1
55.600,0,0,0.0,0.0,1
55.600,0,0,0.0,0.0,1
55.700,0,0,0.0,0.0,1
55.700,0,0,0.0,0.0,1
55.700,0,0,0.0,0.0,1
55.700,0,0,0.0,0.0,1
55.700,0,0,0.0,0.0,1
55.700,0,0,0.0,0.0,1
55.700,0,0,0.0,0.0,1
55.700,0,0,0.0,0.0,1
55.700,0,0,0.0,0.0,1
55.700,0,0,0.0,0.0,1
55.800,0,0,0.0,0.0,1
55.800,0,0,0.0,0.0,1
55.800,0,0,0.0,0.0,1
55.800,0,0,0.0,0.0,1
55.800,0,0,0.0,0.0,1
55.800,0,0,0.0,0.0,1
55.800,0,0,0.0,0.0,1
55.800,0,0,0.0,0.0,1
55.800,0,0,0.0,0.0,1
55.800,0,0,0.0,0.0,1
55.800,0,0,0.0,0.0,1
55.900,0,0,0.0,0.0,1
55.900,0,0,0.0,0.0,1
55.900,0,0,0.0,0.0,1
55.900,0,0,0.0,0.0,1
55.900,0,0,0.0,0.0,1
55.900,0,0,0.0,0.0,1
55.900,0,0,0.0,0.0,1
55.900,0,0,0.0,0.0,1
55.900,0,0,0.0,0.0,1
55.900,0,0,0.0,0.0,1
56.000,0,0,0.0,0.0,1
56.000,0,0,0.0,0.0,1
56.000,0,0,0.0,0.0,1
56.000,0,0,0.0,0.0,1
56.000,0,0,0.0,0.0,1
56.000,0,0,0.0,0.0,1
56.000,0,0,0.0,0.0,1
56.000,0,0,0.0,0.0,1
56.000,0,0,0.0,0.0,1
56.000,0,0,0.0,0.0,1
56.000,0,0,0.0,0.0,1
56.100,0,0,0.0,0.0,1
56.100,0,0,0.0,0.0,1
56.100,0,0,0.0,0.0,1
56.100,0,0,0.0,0.0,1
56.100,0,0,0.0,0.0,1
56.100,0,0,0.0,0.0,1
56.100,0,0,0.0,0.0,1
56.100,0,0,0.0,0.0,1
56.100,0,0,0.0,0.0,1
56.100,0,0,0.0,0.0,1
56.200,0,0,0.0,0.0,1
56.200,0,0,0.0,0.0,1
56.200,0,0,0.0,0.0,1
56.200,0,0,0.0,0.0,1
56.200,0,0,0.0,0.0,1
56.200,0,0,0.0,0.0,1
56.200,0,0,0.0,0.0,1
56.200,0,0,0.0,0.0,1
56.200,0,0,0.0,0.0,1
56.200,0,0,0.0,0.0,1
56.200,0,0,0.0,0.0,1
56.300,0,0,0.0,0.0,1
56.300,0,0,0.0,0.0,1
56.300,0,0,0.0,0.0,1
56.300,0,0,0.0,0.0,1
56.300,0,0,0.0,0.0,1
56.300,0,0,0.0,0.0,1
56.300,0,0,0.0,0.0,1
56.300,0,0,0.0,0.0,1
56.300,0,0,0.0,0.0,1
56.300,0,0,0.0,0.0,1
56.400,0,0,0.0,0.0,1
56.400,0,0,0.0,0.0,1
56.400,0,0,0.0,0.0,1
56.400,0,0,0.0,0.0,1
56.400,0,0,0.0,0.0,1
56.400,0,0,0.0,0.0,1
56.400,0,0,0.0,0.0,1
56.400,0,0,0.0,0.0,1
56.400,0,0,0.0,0.0,1
56.400,0,0,0.0,0.0,1
56.400,0,0,0.0,0.0,1
56.500,0,0,0.0,0.0,1
56.500,0,0,0.0,0.0,1
56.500,0,0,0.0,0.0,1
56.500,0,0,0.0,0.0,1
56.500,0,0,0.0,0.0,1
56.500,0,0,0.0,0.0,1
56.500,0,0,0.0,0.0,1
56.500,0,0,0.0,0.0,1
56.500,0,0,0.0,0.0,1
56.500,0,0,0.0,0.0,1
56.600,0,0,0.0,0.0,1
56.600,0,0,0.0,0.0,1
56.600,0,0,0.0,0.0,1
56.600,0,0,0.0,0.0,1
56.600,0,0,0.0,0.0,1
56.600,0,0,0.0,0.0,1
56.600,0,0,0.0,0.0,1
56.600,0,0,0.0,0.0,1
56.600,0,0,0.0,0.0,1
56.600,0,0,0.0,0.0,1
56.700,0,0,0.0,0.0,1
56.700,0,0,0.0,0.0,1
56.700,0,0,0.0,0.0,1
56.700,0,0,0.0,0.0,1
56.700,0,0,0.0,0.0,1
56.700,0,0,0.0,0.0,1
56.700,0,0,0.0,0.0,1
56.700,0,0,0.0,0.0,1
56.700,0,0,0.0,0.0,1
56.700,0,0,0.0,0.0,1
56.700,0,0,0.0,0.0,1
56.800,0,0,0.0,0.0,1
56.800,0,0,0.0,0.0,1
56.800,0,0,0.0,0.0,1
56.800,0,0,0.0,0.0,1
56.800,0,0,0.0,0.0,1
56.800,0,0,0.0,0.0,1
56.800,0,0,0.0,0.0,1
56.800,0,0,0.0,0.0,1
56.800,0,0,0.0,0.0,1
56.800,0,0,0.0,0.0,1
56.900,0,0,0.0,0.0,1
56.900,0,0,0.0,0.0,1
56.900,0,0,0.0,0.0,1
56.900,0,0,0.0,0.0,1
56.900,0,0,0.0,0.0,1
56.900,0,0,0.0,0.0,1
56.900,0,0,0.0,0.0,1
56.900,0,0,0.0,0.0,1
56.900,0,0,0.0,0.0,1
56.900,0,0,0.0,0.0,1
56.900,0,0,0.0,0.0,1
57.000,0,0,0.0,0.0,1
57.000,0,0,0.0,0.0,1
57.000,0,0,0.0,0.0,1
57.000,0,0,0.0,0.0,1
57.000,0,0,0.0,0.0,1
57.000,0,0,0.0,0.0,1
57.000,0,0,0.0,0.0,1
57.000,0,0,0.0,0.0,1
57.000,0,0,0.0,0.0,1
57.000,0,0,0.0,0.0,1
57.100,0,0,0.0,0.0,1
57.100,0,0,0.0,0.0,1
57.100,0,0,0.0,0.0,1
57.100,0,0,0.0,0.0,1
57.100,0,0,0.0,0.0,1
57.100,0,0,0.0,0.0,1
57.100,0,0,0.0,0.0,1
57.100,0,0,0.0,0.0,1
57.100,0,0,0.0,0.0,1
57.100,0,0,0.0,0.0,1
57.100,0,0,0.0,0.0,1
57.200,0,0,0.0,0.0,1
57.200,0,0,0.0,0.0,1
57.200,0,0,0.0,0.0,1
57.200,0,0,0.0,0.0,1
57.200,0,0,0.0,0.0,1
57.200,0,0,0.0,0.0,1
57.200,0,0,0.0,0.0,1
57.200,0,0,0.0,0.0,1
57.200,0,0,0.0,0.0,1
57.200,0,0,0.0,0.0,1
57.300,0,0,0.0,0.0,1
57.300,0,0,0.0,0.0,1
57.300,0,0,0.0,0.0,1
57.300,0,0,0.0,0.0,1
57.300,0,0,0.0,0.0,1
57.300,0,0,0.0,0.0,1
57.300,0,0,0.0,0.0,1
57.300,0,0,0.0,0.0,1
57.300,0,0,0.0,0.0,1
57.300,0,0,0.0,0.0,1
57.300,0,0,0.0,0.0,1
57.400,0,0,0.0,0.0,1
57.400,0,0,0.0,0.0,1
57.400,0,0,0.0,0.0,1
57.400,0,0,0.0,0.0,1
57.400,0,0,0.0,0.0,1
57.400,0,0,0.0,0.0,1
57.400,0,0,0.0,0.0,1
57.400,0,0,0.0,0.0,1
57.400,0,0,0.0,0.0,1
57.400,0,0,0.0,0.0,1
57.500,0,0,0.0,0.0,1
57.500,0,0,0.0,0.0,1
57.500,0,0,0.0,0.0,1
57.500,0,0,0.0,0.0,1
57.500,0,0,0.0,0.0,1
57.500,0,0,0.0,0.0,1
57.500,0,0,0.0,0.0,1
57.500,0,0,0.0,0.0,1
57.500,0,0,0.0,0.0,1
57.500,0,0,0.0,0.0,1
57.600,0,0,0.0,0.0,1
57.600,0,0,0.0,0.0,1
57.600,0,0,0.0,0.0,1
57.600,0,0,0.0,0.0,1
57.600,0,0,0.0,0.0,1
57.600,0,0,0.0,0.0,1
57.600,0,0,0.0,0.0,1
57.600,0,0,0.0,0.0,1
57.600,0,0,0.0,0.0,1
57.600,0,0,0.0,0.0,1
57.600,0,0,0.0,0.0,1
57.700,0,0,0.0,0.0,1
57.700,0,0,0.0,0.0,1
57.700,0,0,0.0,0.0,1
57.700,0,0,0.0,0.0,1
57.700,0,0,0.0,0.0,1
57.700,0,0,0.0,0.0,1
57.700,0,0,0.0,0.0,1
57.700,0,0,0.0,0.0,1
57.700,0,0,0.0,0.0,1
57.700,0,0,0.0,0.0,1
57.800,0,0,0.0,0.0,1
57.800,0,0,0.0,0.0,1
57.800,0,0,0.0,0.0,1
57.800,0,0,0.0,0.0,1
57.800,0,0,0.0,0.0,1
57.800,0,0,0.0,0.0,1
57.800,0,0,0.0,0.0,1
57.800,0,0,0.0,0.0,1
57.800,0,0,0.0,0.0,1
57.800,0,0,0.0,0.0,1
57.800,0,0,0.0,0.0,1
57.900,0,0,0.0,0.0,1
57.900,0,0,0.0,0.0,1
57.900,0,0,0.0,0.0,1
57.900,0,0,0.0,0.0,1
57.900,0,0,0.0,0.0,1
57.900,0,0,0.0,0.0,1
57.900,0,0,0.0,0.0,1
57.900,0,0,0.0,0.0,1
57.900,0,0,0.0,0.0,1
57.900,0,0,0.0,0.0,1
58.000,0,0,0.0,0.0,1
58.000,0,0,0.0,0.0,1
58.000,0,0,0.0,0.0,1
58.000,0,0,0.0,0.0,1
58.000,0,0,0.0,0.0,1
58.000,0,0,0.0,0.0,1
58.000,0,0,0.0,0.0,1
58.000,0,0,0.0,0.0,1
58.000,0,0,0.0,0.0,1
58.000,0,0,0.0,0.0,1
58.000,0,0,0.0,0.0,1
58.100,0,0,0.0,0.0,1
58.100,0,0,0.0,0.0,1
58.100,0,0,0.0,0.0,1
58.100,0,0,0.0,0.0,1
58.100,0,0,0.0,0.0,1
58.100,0,0,0.0,0.0,1
58.100,0,0,0.0,0.0,1
58.100,0,0,0.0,0.0,1
58.100,0,0,0.0,0.0,1
58.100,0,0,0.0,0.0,1
58.200,0,0,0.0,0.0,1
58.200,0,0,0.0,0.0,1
58.200,0,0,0.0,0.0,1
58.200,0,0,0.0,0.0,1
58.200,0,0,0.0,0.0,1
58.200,0,0,0.0,0.0,1
58.200,0,0,0.0,0.0,1
58.200,0,0,0.0,0.0,1
58.200,0,0,0.0,0.0,1
58.200,0,0,0.0,0.0,1
58.200,0,0,0.0,0.0,1
58.300,0,0,0.0,0.0,1
58.300,0,0,0.0,0.0,1
58.300,0,0,0.0,0.0,1
58.300,0,0,0.0,0.0,1
58.300,0,0,0.0,0.0,1
58.300,0,0,0.0,0.0,1
58.300,0,0,0.0,0.0,1
58.300,0,0,0.0,0.0,1
58.300,0,0,0.0,0.0,1
58.300,0,0,0.0,0.0,1
58.400,0,0,0.0,0.0,1
58.400,0,0,0.0,0.0,1
58.400,0,0,0.0,0.0,1
58.400,0,0,0.0,0.0,1
58.400,0,0,0.0,0.0,1
58.400,0,0,0.0,0.0,1
58.400,0,0,0.0,0.0,1
58.400,0,0,0.0,0.0,1
58.400,0,0,0.0,0.0,1
58.400,0,0,0.0,0.0,1
58.500,0,0,0.0,0.0,1
58.500,0,0,0.0,0.0,1
58.500,0,0,0.0,0.0,1
58.500,0,0,0.0,0.0,1
58.500,0,0,0.0,0.0,1
58.500,0,0,0.0,0.0,1
58.500,0,0,0.0,0.0,1
58.500,0,0,0.0,0.0,1
58.500,0,0,0.0,0.0,1
58.500,0,0,0.0,0.0,1
58.500,0,0,0.0,0.0,1
58.600,0,0,0.0,0.0,1
58.600,0,0,0.0,0.0,1
58.600,0,0,0.0,0.0,1
58.600,0,0,0.0,0.0,1
58.600,0,0,0.0,0.0,1
58.600,0,0,0.0,0.0,1
58.600,0,0,0.0,0.0,1
58.600,0,0,0.0,0.0,1
58.600,0,0,0.0,0.0,1
58.600,0,0,0.0,0.0,1
58.700,0,0,0.0,0.0,1
58.700,0,0,0.0,0.0,1
58.700,0,0,0.0,0.0,1
58.700,0,0,0.0,0.0,1
58.700,0,0,0.0,0.0,1
58.700,0,0,0.0,0.0,1
58.700,0,0,0.0,0.0,1
58.700,0,0,0.0,0.0,1
58.700,0,0,0.0,0.0,1
58.700,0,0,0.0,0.0,1
58.700,0,0,0.0,0.0,1
58.800,0,0,0.0,0.0,1
58.800,0,0,0.0,0.0,1
58.800,0,0,0.0,0.0,1
58.800,0,0,0.0,0.0,1
58.800,0,0,0.0,0.0,1
58.800,0,0,0.0,0.0,1
58.800,0,0,0.0,0.0,1
58.800,0,0,0.0,0.0,1
58.800,0,0,0.0,0.0,1
58.800,0,0,0.0,0.0,1
58.900,0,0,0.0,0.0,1
58.900,0,0,0.0,0.0,1
58.900,0,0,0.0,0.0,1
58.900,0,0,0.0,0.0,1
58.900,0,0,0.0,0.0,1
58.900,0,0,0.0,0.0,1
58.900,0,0,0.0,0.0,1
58.900,0,0,0.0,0.0,1
58.900,0,0,0.0,0.0,1
58.900,0,0,0.0,0.0,1
58.900,0,0,0.0,0.0,1
59.000,0,0,0.0,0.0,1
59.000,0,0,0.0,0.0,1
59.000,0,0,0.0,0.0,1
59.000,0,0,0.0,0.0,1
59.000,0,0,0.0,0.0,1
59.000,0,0,0.0,0.0,1
59.000,0,0,0.0,0.0,1
59.000,0,0,0.0,0.0,1
59.000,0,0,0.0,0.0,1
59.000,0,0,0.0,0.0,1
59.100,0,0,0.0,0.0,1
59.100,0,0,0.0,0.0,1
59.100,0,0,0.0,0.0,1
59.100,0,0,0.0,0.0,1
59.100,0,0,0.0,0.0,1
59.100,0,0,0.0,0.0,1
59.100,0,0,0.0,0.0,1
59.100,0,0,0.0,0.0,1
59.100,0,0,0.0,0.0,1
59.100,0,0,0.0,0.0,1
59.200,0,0,0.0,0.0,1
59.200,0,0,0.0,0.0,1
59.200,0,0,0.0,0.0,1
59.200,0,0,0.0,0.0,1
59.200,0,0,0.0,0.0,1
59.200,0,0,0.0,0.0,1
59.200,0,0,0.0,0.0,1
59.200,0,0,0.0,0.0,1
59.200,0,0,0.0,0.0,1
59.200,0,0,0.0,0.0,1
59.200,0,0,0.0,0.0,1
59.300,0,0,0.0,0.0,1
59.300,0,0,0.0,0.0,1
59.300,0,0,0.0,0.0,1
59.300,0,0,0.0,0.0,1
59.300,0,0,0.0,0.0,1
59.300,0,0,0.0,0.0,1
59.300,0,0,0.0,0.0,1
59.300,0,0,0.0,0.0,1
59.300,0,0,0.0,0.0,1
59.300,0,0,0.0,0.0,1
59.400,0,0,0.0,0.0,1
59.400,0,0,0.0,0.0,1
59.400,0,0,0.0,0.0,1
59.400,0,0,0.0,0.0,1
59.400,0,0,0.0,0.0,1
59.400,0,0,0.0,0.0,1
59.400,0,0,0.0,0.0,1
59.400,0,0,0.0,0.0,1
59.400,0,0,0.0,0.0,1
59.400,0,0,0.0,0.0,1
59.400,0,0,0.0,0.0,1
59.500,0,0,0.0,0.0,1
59.500,0,0,0.0,0.0,1
59.500,0,0,0.0,0.0,1
59.500,0,0,0.0,0.0,1
59.500,0,0,0.0,0.0,1
59.500,0,0,0.0,0.0,1
59.500,0,0,0.0,0.0,1
59.500,0,0,0.0,0.0,1
59.500,0,0,0.0,0.0,1
59.500,0,0,0.0,0.0,1
59.600,0,0,0.0,0.0,1
59.600,0,0,0.0,0.0,1
59.600,0,0,0.0,0.0,1
59.600,0,0,0.0,0.0,1
59.600,0,0,0.0,0.0,1
59.600,0,0,0.0,0.0,1
59.600,0,0,0.0,0.0,1
59.600,0,0,0.0,0.0,1
59.600,0,0,0.0,0.0,1
59.600,0,0,0.0,0.0,1
59.600,0,0,0.0,0.0,1
59.700,0,0,0.0,0.0,1
59.700,0,0,0.0,0.0,1
59.700,0,0,0.0,0.0,1
59.700,0,0,0.0,0.0,1
59.700,0,0,0.0,0.0,1
59.700,0,0,0.0,0.0,1
59.700,0,0,0.0,0.0,1
59.700,0,0,0.0,0.0,1
59.700,0,0,0.0,0.0,1
59.700,0,0,0.0,0.0,1
59.800,0,0,0.0,0.0,1
59.800,0,0,0.0,0.0,1
59.800,0,0,0.0,0.0,1
59.800,0,0,0.0,0.0,1
59.800,0,0,0.0,0.0,1
59.800,0,0,0.0,0.0,1
59.800,0,0,0.0,0.0,1
59.800,0,0,0.0,0.0,1
59.800,0,0,0.0,0.0,1
59.800,0,0,0.0,0.0,1
59.900,0,0,0.0,0.0,1
59.900,0,0,0.0,0.0,1
59.900,0,0,0.0,0.0,1
59.900,0,0,0.0,0.0,1
59.900,0,0,0.0,0.0,1
59.900,0,0,0.0,0.0,1
59.900,0,0,0.0,0.0,1
59.900,0,0,0.0,0.0,1
59.900,0,0,0.0,0.0,1
59.900,0,0,0.0,0.0,1
59.900,0,0,0.0,0.0,1
60.000,0,0,0.0,0.0,1
60.000,0,0,0.0,0.0,1
60.000,0,0,0.0,0.0,1
60.000,0,0,0.0,0.0,1
60.000,0,0,0.0,0.0,1
60.000,0,0,0.0,0.0,1
60.000,0,0,0.0,0.0,1
60.000,0,0,0.0,0.0,1
60.000,0,0,0.0,0.0,1
60.000,0,0,0.0,0.0,1
60.100,0,0,0.0,0.0,1
60.100,0,0,0.0,0.0,1
60.100,0,0,0.0,0.0,1
60.100,0,0,0.0,0.0,1
60.100,0,0,0.0,0.0,1
60.100,0,0,0.0,0.0,1
60.100,0,0,0.0,0.0,1
60.100,0,0,0.0,0.0,1
60.100,0,0,0.0,0.0,1
60.100,0,0,0.0,0.0,1
60.100,0,0,0.0,0.0,1
60.200,0,0,0.0,0.0,1
60.200,0,0,0.0,0.0,1
60.200,0,0,0.0,0.0,1
60.200,0,0,0.0,0.0,1
60.200,0,0,0.0,0.0,1
60.200,0,0,0.0,0.0,1
60.200,0,0,0.0,0.0,1
60.200,0,0,0.0,0.0,1
60.200,0,0,0.0,0.0,1
60.200,0,0,0.0,0.0,1
60.300,0,0,0.0,0.0,1
60.300,0,0,0.0,0.0,1
60.300,0,0,0.0,0.0,1
60.300,0,0,0.0,0.0,1
60.300,0,0,0.0,0.0,1
60.300,0,0,0.0,0.0,1
60.300,0,0,0.0,0.0,1
60.300,0,0,0.0,0.0,1
60.300,0,0,0.0,0.0,1
60.300,0,0,0.0,0.0,1
60.300,0,0,0.0,0.0,1
60.400,0,0,0.0,0.0,1
60.400,0,0,0.0,0.0,1
60.400,0,0,0.0,0.0,1
60.400,0,0,0.0,0.0,1
60.400,0,0,0.0,0.0,1
60.400,0,0,0.0,0.0,1
60.400,0,0,0.0,0.0,1
60.400,0,0,0.0,0.0,1
60.400,0,0,0.0,0.0,1
60.400,0,0,0.0,0.0,1
60.500,0,0,0.0,0.0,1
60.500,0,0,0.0,0.0,1
60.500,0,0,0.0,0.0,1
60.500,0,0,0.0,0.0,1
60.500,0,0,0.0,0.0,1
60.500,0,0,0.0,0.0,1
60.500,0,0,0.0,0.0,1
60.500,0,0,0.0,0.0,1
60.500,0,0,0.0,0.0,1
60.500,0,0,0.0,0.0,1
60.600,0,0,0.0,0.0,1
60.600,0,0,0.0,0.0,1
60.600,0,0,0.0,0.0,1
60.600,0,0,0.0,0.0,1
60.600,0,0,0.0,0.0,1
60.600,0,0,0.0,0.0,1
60.600,0,0,0.0,0.0,1
60.600,0,0,0.0,0.0,1
60.600,0,0,0.0,0.0,1
60.600,0,0,0.0,0.0,1
60.600,0,0,0.0,0.0,1
60.700,0,0,0.0,0.0,1
60.700,0,0,0.0,0.0,1
60.700,0,0,0.0,0.0,1
60.700,0,0,0.0,0.0,1
60.700,0,0,0.0,0.0,1
60.700,0,0,0.0,0.0,1
60.700,0,0,0.0,0.0,1
60.700,0,0,0.0,0.0,1
60.700,0,0,0.0,0.0,1
60.700,0,0,0.0,0.0,1
60.800,0,0,0.0,0.0,1
60.800,0,0,0.0,0.0,1
60.800,0,0,0.0,0.0,1
60.800,0,0,0.0,0.0,1
60.800,0,0,0.0,0.0,1
60.800,0,0,0.0,0.0,1
60.800,0,0,0.0,0.0,1
60.800,0,0,0.0,0.0,1
60.800,0,0,0.0,0.0,1
60.800,0,0,0.0,0.0,1
60.800,0,0,0.0,0.0,1
60.900,0,0,0.0,0.0,1
60.900,0,0,0.0,0.0,1
60.900,0,0,0.0,0.0,1
60.900,0,0,0.0,0.0,1
60.900,0,0,0.0,0.0,1
60.900,0,0,0.0,0.0,1
60.900,0,0,0.0,0.0,1
60.900,0,0,0.0,0.0,1
60.900,0,0,0.0,0.0,1
60.900,0,0,0.0,0.0,1
61.000,0,0,0.0,0.0,1
61.000,0,0,0.0,0.0,1
61.000,0,0,0.0,0.0,1
61.000,0,0,0.0,0.0,1
61.000,0,0,0.0,0.0,1
61.000,0,0,0.0,0.0,1
61.000,0,0,0.0,0.0,1
61.000,0,0,0.0,0.0,1
61.000,0,0,0.0,0.0,1
61.000,0,0,0.0,0.0,1
61.000,0,0,0.0,0.0,1
61.100,0,0,0.0,0.0,1
61.100,0,0,0.0,0.0,1
61.100,0,0,0.0,0.0,1
61.100,0,0,0.0,0.0,1
61.100,0,0,0.0,0.0,1
61.100,0,0,0.0,0.0,1
61.100,0,0,0.0,0.0,1
61.100,0,0,0.0,0.0,1
61.100,0,0,0.0,0.0,1
61.100,0,0,0.0,0.0,1
61.200,0,0,0.0,0.0,1
61.200,0,0,0.0,0.0,1
61.200,0,0,0.0,0.0,1
61.200,0,0,0.0,0.0,1
61.200,0,0,0.0,0.0,1
61.200,0,0,0.0,0.0,1
61.200,0,0,0.0,0.0,1
61.200,0,0,0.0,0.0,1
61.200,0,0,0.0,0.0,1
61.200,0,0,0.0,0.0,1
61.200,0,0,0.0,0.0,1
61.300,0,0,0.0,0.0,1
61.300,0,0,0.0,0.0,1
61.300,0,0,0.0,0.0,1
61.300,0,0,0.0,0.0,1
61.300,0,0,0.0,0.0,1
61.300,0,0,0.0,0.0,1
61.300,0,0,0.0,0.0,1
61.300,0,0,0.0,0.0,1
61.300,0,0,0.0,0.0,1
61.300,0,0,0.0,0.0,1
61.400,0,0,0.0,0.0,1
61.400,0,0,0.0,0.0,1
61.400,0,0,0.0,0.0,1
61.400,0,0,0.0,0.0,1
61.400,0,0,0.0,0.0,1
61.400,0,0,0.0,0.0,1
61.400,0,0,0.0,0.0,1
61.400,0,0,0.0,0.0,1
61.400,0,0,0.0,0.0,1
61.400,0,0,0.0,0.0,1
61.500,0,0,0.0,0.0,1
61.500,0,0,0.0,0.0,1
61.500,0,0,0.0,0.0,1
61.500,0,0,0.0,0.0,1
61.500,0,0,0.0,0.0,1
61.500,0,0,0.0,0.0,1
61.500,0,0,0.0,0.0,1
61.500,0,0,0.0,0.0,1
61.500,0,0,0.0,0.0,1
61.500,0,0,0.0,0.0,1
61.500,0,0,0.0,0.0,1
61.600,0,0,0.0,0.0,1
61.600,0,0,0.0,0.0,1
61.600,0,0,0.0,0.0,1
61.600,0,0,0.0,0.0,1
61.600,0,0,0.0,0.0,1
61.600,0,0,0.0,0.0,1
61.600,0,0,0.0,0.0,1
61.600,0,0,0.0,0.0,1
61.600,0,0,0.0,0.0,1
61.600,0,0,0.0,0.0,1
61.700,0,0,0.0,0.0,1
61.700,0,0,0.0,0.0,1
61.700,0,0,0.0,0.0,1
61.700,0,0,0.0,0.0,1
61.700,0,0,0.0,0.0,1
61.700,0,0,0.0,0.0,1
61.700,0,0,0.0,0.0,1
61.700,0,0,0.0,0.0,1
61.700,0,0,0.0,0.0,1
61.700,0,0,0.0,0.0,1
61.700,0,0,0.0,0.0,1
61.800,0,0,0.0,0.0,1
61.800,0,0,0.0,0.0,1
61.800,0,0,0.0,0.0,1
61.800,0,0,0.0,0.0,1
61.800,0,0,0.0,0.0,1
61.800,0,0,0.0,0.0,1
61.800,0,0,0.0,0.0,1
61.800,0,0,0.0,0.0,1
61.800,0,0,0.0,0.0,1
61.800,0,0,0.0,0.0,1
61.900,0,0,0.0,0.0,1
61.900,0,0,0.0,0.0,1
61.900,0,0,0.0,0.0,1
61.900,0,0,0.0,0.0,1
61.900,0,0,0.0,0.0,1
61.900,0,0,0.0,0.0,1
61.900,0,0,0.0,0.0,1
61.900,0,0,0.0,0.0,1
61.900,0,0,0.0,0.0,1
61.900,0,0,0.0,0.0,1
61.900,0,0,0.0,0.0,1
62.000,0,0,0.0,0.0,1
62.000,0,0,0.0,0.0,1
62.000,0,0,0.0,0.0,1
62.000,0,0,0.0,0.0,1
62.000,0,0,0.0,0.0,1
62.000,0,0,0.0,0.0,1
62.000,0,0,0.0,0.0,1
62.000,0,0,0.0,0.0,1
62.000,0,0,0.0,0.0,1
62.000,0,0,0.0,0.0,1
62.100,0,0,0.0,0.0,1
62.100,0,0,0.0,0.0,1
62.100,0,0,0.0,0.0,1
62.100,0,0,0.0,0.0,1
62.100,0,0,0.0,0.0,1
62.100,0,0,0.0,0.0,1
62.100,0,0,0.0,0.0,1
62.100,0,0,0.0,0.0,1
62.100,0,0,0.0,0.0,1
62.100,0,0,0.0,0.0,1
62.200,0,0,0.0,0.0,1
62.200,0,0,0.0,0.0,1
62.200,0,0,0.0,0.0,1
62.200,0,0,0.0,0.0,1
62.200,0,0,0.0,0.0,1
62.200,0,0,0.0,0.0,1
62.200,0,0,0.0,0.0,1
62.200,0,0,0.0,0.0,1
62.200,0,0,0.0,0.0,1
62.200,0,0,0.0,0.0,1
62.200,0,0,0.0,0.0,1
62.300,0,0,0.0,0.0,1
62.300,0,0,0.0,0.0,1
62.300,0,0,0.0,0.0,1
62.300,0,0,0.0,0.0,1
62.300,0,0,0.0,0.0,1
62.300,0,0,0.0,0.0,1
62.300,0,0,0.0,0.0,1
62.300,0,0,0.0,0.0,1
62.300,0,0,0.0,0.0,1
62.300,0,0,0.0,0.0,1
62.400,0,0,0.0,0.0,1
62.400,0,0,0.0,0.0,1
62.400,0,0,0.0,0.0,1
62.400,0,0,0.0,0.0,1
62.400,0,0,0.0,0.0,1
62.400,0,0,0.0,0.0,1
62.400,0,0,0.0,0.0,1
62.400,0,0,0.0,0.0,1
62.400,0,0,0.0,0.0,1
62.400,0,0,0.0,0.0,1
62.400,0,0,0.0,0.0,1
62.500,0,0,0.0,0.0,1
62.500,0,0,0.0,0.0,1
62.500,0,0,0.0,0.0,1
62.500,0,0,0.0,0.0,1
62.500,0,0,0.0,0.0,1
62.500,0,0,0.0,0.0,1
62.500,0,0,0.0,0.0,1
62.500,0,0,0.0,0.0,1
62.500,0,0,0.0,0.0,1
62.500,0,0,0.0,0.0,1
62.600,0,0,0.0,0.0,1
62.600,0,0,0.0,0.0,1
62.600,0,0,0.0,0.0,1
62.600,0,0,0.0,0.0,1
62.600,0,0,0.0,0.0,1
62.600,0,0,0.0,0.0,1
62.600,0,0,0.0,0.0,1
62.600,0,0,0.0,0.0,1
62.600,0,0,0.0,0.0,1
62.600,0,0,0.0,0.0,1
62.600,0,0,0.0,0.0,1
62.700,0,0,0.0,0.0,1
62.700,0,0,0.0,0.0,1
62.700,0,0,0.0,0.0,1
62.700,0,0,0.0,0.0,1
62.700,0,0,0.0,0.0,1
62.700,0,0,0.0,0.0,1
62.700,0,0,0.0,0.0,1
62.700,0,0,0.0,0.0,1
62.700,0,0,0.0,0.0,1
62.700,0,0,0.0,0.0,1
62.800,0,0,0.0,0.0,1
62.800,0,0,0.0,0.0,1
62.800,0,0,0.0,0.0,1
62.800,0,0,0.0,0.0,1
62.800,0,0,0.0,0.0,1
62.800,0,0,0.0,0.0,1
62.800,0,0,0.0,0.0,1
62.800,0,0,0.0,0.0,1
62.800,0,0,0.0,0.0,1
62.800,0,0,0.0,0.0,1
62.900,0,0,0.0,0.0,1
62.900,0,0,0.0,0.0,1
62.900,0,0,0.0,0.0,1
62.900,0,0,0.0,0.0,1
62.900,0,0,0.0,0.0,1
62.900,0,0,0.0,0.0,1
62.900,0,0,0.0,0.0,1
62.900,0,0,0.0,0.0,1
62.900,0,0,0.0,0.0,1
62.900,0,0,0.0,0.0,1
62.900,0,0,0.0,0.0,1
63.000,0,0,0.0,0.0,1
63.000,0,0,0.0,0.0,1
63.000,0,0,0.0,0.0,1
63.000,0,0,0.0,0.0,1
63.000,0,0,0.0,0.0,1
63.000,0,0,0.0,0.0,1
63.000,0,0,0.0,0.0,1
63.000,0,0,0.0,0.0,1
63.000,0,0,0.0,0.0,1
63.000,0,0,0.0,0.0,1
63.100,0,0,0.0,0.0,1
63.100,0,0,0.0,0.0,1
63.100,0,0,0.0,0.0,1
63.100,0,0,0.0,0.0,1
63.100,0,0,0.0,0.0,1
63.100,0,0,0.0,0.0,1
63.100,0,0,0.0,0.0,1
63.100,0,0,0.0,0.0,1
63.100,0,0,0.0,0.0,1
63.100,0,0,0.0,0.0,1
63.100,0,0,0.0,0.0,1
63.200,0,0,0.0,0.0,1
63.200,0,0,0.0,0.0,1
63.200,0,0,0.0,0.0,1
63.200,0,0,0.0,0.0,1
63.200,0,0,0.0,0.0,1
63.200,0,0,0.0,0.0,1
63.200,0,0,0.0,0.0,1
63.200,0,0,0.0,0.0,1
63.200,0,0,0.0,0.0,1
63.200,0,0,0.0,0.0,1
63.300,0,0,0.0,0.0,1
63.300,0,0,0.0,0.0,1
63.300,0,0,0.0,0.0,1
63.300,0,0,0.0,0.0,1
63.300,0,0,0.0,0.0,1
63.300,0,0,0.0,0.0,1
63.300,0,0,0.0,0.0,1
63.300,0,0,0.0,0.0,1
63.300,0,0,0.0,0.0,1
63.300,0,0,0.0,0.0,1
63.300,0,0,0.0,0.0,1
63.400,0,0,0.0,0.0,1
63.400,0,0,0.0,0.0,1
63.400,0,0,0.0,0.0,1
63.400,0,0,0.0,0.0,1
63.400,0,0,0.0,0.0,1
63.400,0,0,0.0,0.0,1
63.400,0,0,0.0,0.0,1
63.400,0,0,0.0,0.0,1
63.400,0,0,0.0,0.0,1
63.400,0,0,0.0,0.0,1
63.500,0,0,0.0,0.0,1
63.500,0,0,0.0,0.0,1
63.500,0,0,0.0,0.0,1
63.500,0,0,0.0,0.0,1
63.500,0,0,0.0,0.0,1
63.500,0,0,0.0,0.0,1
63.500,0,0,0.0,0.0,1
63.500,0,0,0.0,0.0,1
63.500,0,0,0.0,0.0,1
63.500,0,0,0.0,0.0,1
63.600,0,0,0.0,0.0,1
63.600,0,0,0.0,0.0,1
63.600,0,0,0.0,0.0,1
63.600,0,0,0.0,0.0,1
63.600,0,0,0.0,0.0,1
63.600,0,0,0.0,0.0,1
63.600,0,0,0.0,0.0,1
63.600,0,0,0.0,0.0,1
63.600,0,0,0.0,0.0,1
63.600,0,0,0.0,0.0,1
63.600,0,0,0.0,0.0,1
63.700,0,0,0.0,0.0,1
63.700,0,0,0.0,0.0,1
63.700,0,0,0.0,0.0,1
63.700,0,0,0.0,0.0,1
63.700,0,0,0.0,0.0,1
63.700,0,0,0.0,0.0,1
63.700,0,0,0.0,0.0,1
63.700,0,0,0.0,0.0,1
63.700,0,0,0.0,0.0,1
63.700,0,0,0.0,0.0,1
63.800,0,0,0.0,0.0,1
63.800,0,0,0.0,0.0,1
63.800,0,0,0.0,0.0,1
63.800,0,0,0.0,0.0,1
63.800,0,0,0.0,0.0,1
63.800,0,0,0.0,0.0,1
63.800,0,0,0.0,0.0,1
63.800,0,0,0.0,0.0,1
63.800,0,0,0.0,0.0,1
63.800,0,0,0.0,0.0,1
63.800,0,0,0.0,0.0,1
63.900,0,0,0.0,0.0,1
63.900,0,0,0.0,0.0,1
63.900,0,0,0.0,0.0,1
63.900,0,0,0.0,0.0,1
63.900,0,0,0.0,0.0,1
63.900,0,0,0.0,0.0,1
63.900,0,0,0.0,0.0,1
63.900,0,0,0.0,0.0,1
63.900,0,0,0.0,0.0,1
63.900,0,0,0.0,0.0,1
64.000,0,0,0.0,0.0,1
64.000,0,0,0.0,0.0,1
64.000,0,0,0.0,0.0,1
64.000,0,0,0.0,0.0,1
64.000,0,0,0.0,0.0,1
64.000,0,0,0.0,0.0,1
64.000,0,0,0.0,0.0,1
64.000,0,0,0.0,0.0,1
64.000,0,0,0.0,0.0,1
64.000,0,0,0.0,0.0,1
64.000,0,0,0.0,0.0,1
64.100,0,0,0.0,0.0,1
64.100,0,0,0.0,0.0,1
64.100,0,0,0.0,0.0,1
64.100,0,0,0.0,0.0,1
64.100,0,0,0.0,0.0,1
64.100,0,0,0.0,0.0,1
64.100,0,0,0.0,0.0,1
64.100,0,0,0.0,0.0,1
64.100,0,0,0.0,0.0,1
64.100,0,0,0.0,0.0,1
64.200,0,0,0.0,0.0,1
64.200,0,0,0.0,0.0,1
64.200,0,0,0.0,0.0,1
64.200,0,0,0.0,0.0,1
64.200,0,0,0.0,0.0,1
64.200,0,0,0.0,0.0,1
64.200,0,0,0.0,0.0,1
64.200,0,0,0.0,0.0,1
64.200,0,0,0.0,0.0,1
64.200,0,0,0.0,0.0,1
64.200,0,0,0.0,0.0,1
64.300,0,0,0.0,0.0,1
64.300,0,0,0.0,0.0,1
64.300,0,0,0.0,0.0,1
64.300,0,0,0.0,0.0,1
64.300,0,0,0.0,0.0,1
64.300,0,0,0.0,0.0,1
64.300,0,0,0.0,0.0,1
64.300,0,0,0.0,0.0,1
64.300,0,0,0.0,0.0,1
64.300,0,0,0.0,0.0,1
64.400,0,0,0.0,0.0,1
64.400,0,0,0.0,0.0,1
64.400,0,0,0.0,0.0,1
64.400,0,0,0.0,0.0,1
64.400,0,0,0.0,0.0,1
64.400,0,0,0.0,0.0,1
64.400,0,0,0.0,0.0,1
64.400,0,0,0.0,0.0,1
64.400,0,0,0.0,0.0,1
64.400,0,0,0.0,0.0,1
64.500,0,0,0.0,0.0,1
64.500,0,0,0.0,0.0,1
64.500,0,0,0.0,0.0,1
64.500,0,0,0.0,0.0,1
64.500,0,0,0.0,0.0,1
64.500,0,0,0.0,0.0,1
64.500,0,0,0.0,0.0,1
64.500,0,0,0.0,0.0,1
64.500,0,0,0.0,0.0,1
64.500,0,0,0.0,0.0,1
64.500,0,0,0.0,0.0,1
64.600,0,0,0.0,0.0,1
64.600,0,0,0.0,0.0,1
64.600,0,0,0.0,0.0,1
64.600,0,0,0.0,0.0,1
64.600,0,0,0.0,0.0,1
64.600,0,0,0.0,0.0,1
64.600,0,0,0.0,0.0,1
64.600,0,0,0.0,0.0,1
64.600,0,0,0.0,0.0,1
64.600,0,0,0.0,0.0,1
64.700,0,0,0.0,0.0,1
64.700,0,0,0.0,0.0,1
64.700,0,0,0.0,0.0,1
64.700,0,0,0.0,0.0,1
64.700,0,0,0.0,0.0,1
64.700,0,0,0.0,0.0,1
64.700,0,0,0.0,0.0,1
64.700,0,0,0.0,0.0,1
64.700,0,0,0.0,0.0,1
64.700,0,0,0.0,0.0,1
64.700,0,0,0.0,0.0,1
64.800,0,0,0.0,0.0,1
64.800,0,0,0.0,0.0,1
64.800,0,0,0.0,0.0,1
64.800,0,0,0.0,0.0,1
64.800,0,0,0.0,0.0,1
64.800,0,0,0.0,0.0,1
64.800,0,0,0.0,0.0,1
64.800,0,0,0.0,0.0,1
64.800,0,0,0.0,0.0,1
64.800,0,0,0.0,0.0,1
64.900,0,0,0.0,0.0,1
64.900,0,0,0.0,0.0,1
64.900,0,0,0.0,0.0,1
64.900,0,0,0.0,0.0,1
64.900,0,0,0.0,0.0,1
64.900,0,0,0.0,0.0,1
64.900,0,0,0.0,0.0,1
64.900,0,0,0.0,0.0,1
64.900,0,0,0.0,0.0,1
64.900,0,0,0.0,0.0,1
64.900,0,0,0.0,0.0,1
65.000,0,0,0.0,0.0,1
65.000,0,0,0.0,0.0,1
65.000,0,0,0.0,0.0,1
65.000,0,0,0.0,0.0,1
65.000,0,0,0.0,0.0,1
65.000,0,0,0.0,0.0,1
65.000,0,0,0.0,0.0,1
65.000,0,0,0.0,0.0,1
65.000,0,0,0.0,0.0,1
65.000,0,0,0.0,0.0,1
65.100,0,0,0.0,0.0,1
65.100,0,0,0.0,0.0,1
65.100,0,0,0.0,0.0,1
65.100,0,0,0.0,0.0,1
65.100,0,0,0.0,0.0,1
65.100,0,0,0.0,0.0,1
65.100,0,0,0.0,0.0,1
65.100,0,0,0.0,0.0,1
65.100,0,0,0.0,0.0,1
65.100,0,0,0.0,0.0,1
65.200,0,0,0.0,0.0,1
65.200,0,0,0.0,0.0,1
65.200,0,0,0.0,0.0,1
65.200,0,0,0.0,0.0,1
65.200,0,0,0.0,0.0,1
65.200,0,0,0.0,0.0,1
65.200,0,0,0.0,0.0,1
65.200,0,0,0.0,0.0,1
65.200,0,0,0.0,0.0,1
65.200,0,0,0.0,0.0,1
65.200,0,0,0.0,0.0,1
65.300,0,0,0.0,0.0,1
65.300,0,0,0.0,0.0,1
65.300,0,0,0.0,0.0,1
65.300,0,0,0.0,0.0,1
65.300,0,0,0.0,0.0,1
65.300,0,0,0.0,0.0,1
65.300,0,0,0.0,0.0,1
65.300,0,0,0.0,0.0,1
65.300,0,0,0.0,0.0,1
65.300,0,0,0.0,0.0,1
65.400,0,0,0.0,0.0,1
65.400,0,0,0.0,0.0,1
65.400,0,0,0.0,0.0,1
65.400,0,0,0.0,0.0,1
65.400,0,0,0.0,0.0,1
65.400,0,0,0.0,0.0,1
65.400,0,0,0.0,0.0,1
65.400,0,0,0.0,0.0,1
65.400,0,0,0.0,0.0,1
65.400,0,0,0.0,0.0,1
65.400,0,0,0.0,0.0,1
65.500,0,0,0.0,0.0,1
65.500,0,0,0.0,0.0,1
65.500,0,0,0.0,0.0,1
65.500,0,0,0.0,0.0,1
65.500,0,0,0.0,0.0,1
65.500,0,0,0.0,0.0,1
65.500,0,0,0.0,0.0,1
65.500,0,0,0.0,0.0,1
65.500,0,0,0.0,0.0,1
65.500,0,0,0.0,0.0,1
65.600,0,0,0.0,0.0,1
65.600,0,0,0.0,0.0,1
65.600,0,0,0.0,0.0,1
65.600,0,0,0.0,0.0,1
65.600,0,0,0.0,0.0,1
65.600,0,0,0.0,0.0,1
65.600,0,0,0.0,0.0,1
65.600,0,0,0.0,0.0,1
65.600,0,0,0.0,0.0,1
65.600,0,0,0.0,0.0,1
65.600,0,0,0.0,0.0,1
65.700,0,0,0.0,0.0,1
65.700,0,0,0.0,0.0,1
65.700,0,0,0.0,0.0,1
65.700,0,0,0.0,0.0,1
65.700,0,0,0.0,0.0,1
65.700,0,0,0.0,0.0,1
65.700,0,0,0.0,0.0,1
65.700,0,0,0.0,0.0,1
65.700,0,0,0.0,0.0,1
65.700,0,0,0.0,0.0,1
65.800,0,0,0.0,0.0,1
65.800,0,0,0.0,0.0,1
65.800,0,0,0.0,0.0,1
65.800,0,0,0.0,0.0,1
65.800,0,0,0.0,0.0,1
65.800,0,0,0.0,0.0,1
65.800,0,0,0.0,0.0,1
65.800,0,0,0.0,0.0,1
65.800,0,0,0.0,0.0,1
65.800,0,0,0.0,0.0,1
65.900,0,0,0.0,0.0,1
65.900,0,0,0.0,0.0,1
65.900,0,0,0.0,0.0,1
65.900,0,0,0.0,0.0,1
65.900,0,0,0.0,0.0,1
65.900,0,0,0.0,0.0,1
65.900,0,0,0.0,0.0,1
65.900,0,0,0.0,0.0,1
65.900,0,0,0.0,0.0,1
65.900,0,0,0.0,0.0,1
65.900,0,0,0.0,0.0,1
66.000,0,0,0.0,0.0,1
66.000,0,0,0.0,0.0,1
66.000,0,0,0.0,0.0,1
66.000,0,0,0.0,0.0,1
66.000,0,0,0.0,0.0,1
66.000,0,0,0.0,0.0,1
66.000,0,0,0.0,0.0,1
66.000,0,0,0.0,0.0,1
66.000,0,0,0.0,0.0,1
66.000,0,0,0.0,0.0,1
66.100,0,0,0.0,0.0,1
66.100,0,0,0.0,0.0,1
66.100,0,0,0.0,0.0,1
66.100,0,0,0.0,0.0,1
66.100,0,0,0.0,0.0,1
66.100,0,0,0.0,0.0,1
66.100,0,0,0.0,0.0,1
66.100,0,0,0.0,0.0,1
66.100,0,0,0.0,0.0,1
66.100,0,0,0.0,0.0,1
66.100,0,0,0.0,0.0,1
66.200,0,0,0.0,0.0,1
66.200,0,0,0.0,0.0,1
66.200,0,0,0.0,0.0,1
66.200,0,0,0.0,0.0,1
66.200,0,0,0.0,0.0,1
66.200,0,0,0.0,0.0,1
66.200,0,0,0.0,0.0,1
66.200,0,0,0.0,0.0,1
66.200,0,0,0.0,0.0,1
66.200,0,0,0.0,0.0,1
66.300,0,0,0.0,0.0,1
66.300,0,0,0.0,0.0,1
66.300,0,0,0.0,0.0,1
66.300,0,0,0.0,0.0,1
66.300,0,0,0.0,0.0,1
66.300,0,0,0.0,0.0,1
66.300,0,0,0.0,0.0,1
66.300,0,0,0.0,0.0,1
66.300,0,0,0.0,0.0,1
66.300,0,0,0.0,0.0,1
66.300,0,0,0.0,0.0,1
66.400,0,0,0.0,0.0,1
66.400,0,0,0.0,0.0,1
66.400,0,0,0.0,0.0,1
66.400,0,0,0.0,0.0,1
66.400,0,0,0.0,0.0,1
66.400,0,0,0.0,0.0,1
66.400,0,0,0.0,0.0,1
66.400,0,0,0.0,0.0,1
66.400,0,0,0.0,0.0,1
66.400,0,0,0.0,0.0,1
66.500,0,0,0.0,0.0,1
66.500,0,0,0.0,0.0,1
66.500,0,0,0.0,0.0,1
66.500,0,0,0.0,0.0,1
66.500,0,0,0.0,0.0,1
66.500,0,0,0.0,0.0,1
66.500,0,0,0.0,0.0,1
66.500,0,0,0.0,0.0,1
66.500,0,0,0.0,0.0,1
66.500,0,0,0.0,0.0,1
66.600,0,0,0.0,0.0,1
66.600,0,0,0.0,0.0,1
66.600,0,0,0.0,0.0,1
66.600,0,0,0.0,0.0,1
66.600,0,0,0.0,0.0,1
66.600,0,0,0.0,0.0,1
66.600,0,0,0.0,0.0,1
66.600,0,0,0.0,0.0,1
66.600,0,0,0.0,0.0,1
66.600,0,0,0.0,0.0,1
66.600,0,0,0.0,0.0,1
66.700,0,0,0.0,0.0,1
66.700,0,0,0.0,0.0,1
66.700,0,0,0.0,0.0,1
66.700,0,0,0.0,0.0,1
66.700,0,0,0.0,0.0,1
66.700,0,0,0.0,0.0,1
66.700,0,0,0.0,0.0,1
66.700,0,0,0.0,0.0,1
66.700,0,0,0.0,0.0,1
66.700,0,0,0.0,0.0,1
66.800,0,0,0.0,0.0,1
66.800,0,0,0.0,0.0,1
66.800,0,0,0.0,0.0,1
66.800,0,0,0.0,0.0,1
66.800,0,0,0.0,0.0,1
66.800,0,0,0.0,0.0,1
66.800,0,0,0.0,0.0,1
66.800,0,0,0.0,0.0,1
66.800,0,0,0.0,0.0,1
66.800,0,0,0.0,0.0,1
66.800,0,0,0.0,0.0,1
66.900,0,0,0.0,0.0,1
66.900,0,0,0.0,0.0,1
66.900,0,0,0.0,0.0,1
66.900,0,0,0.0,0.0,1
66.900,0,0,0.0,0.0,1
66.900,0,0,0.0,0.0,1
66.900,0,0,0.0,0.0,1
66.900,0,0,0.0,0.0,1
66.900,0,0,0.0,0.0,1
66.900,0,0,0.0,0.0,1
67.000,0,0,0.0,0.0,1
67.000,0,0,0.0,0.0,1
67.000,0,0,0.0,0.0,1
67.000,0,0,0.0,0.0,1
67.000,0,0,0.0,0.0,1
67.000,0,0,0.0,0.0,1
67.000,0,0,0.0,0.0,1
67.000,0,0,0.0,0.0,1
67.000,0,0,0.0,0.0,1
67.000,0,0,0.0,0.0,1
67.000,0,0,0.0,0.0,1
67.100,0,0,0.0,0.0,1
67.100,0,0,0.0,0.0,1
67.100,0,0,0.0,0.0,1
67.100,0,0,0.0,0.0,1
67.100,0,0,0.0,0.0,1
67.100,0,0,0.0,0.0,1
67.100,0,0,0.0,0.0,1
67.100,0,0,0.0,0.0,1
67.100,0,0,0.0,0.0,1
67.100,0,0,0.0,0.0,1
67.200,0,0,0.0,0.0,1
67.200,0,0,0.0,0.0,1
67.200,0,0,0.0,0.0,1
67.200,0,0,0.0,0.0,1
67.200,0,0,0.0,0.0,1
67.200,0,0,0.0,0.0,1
67.200,0,0,0.0,0.0,1
67.200,0,0,0.0,0.0,1
67.200,0,0,0.0,0.0,1
67.200,0,0,0.0,0.0,1
67.200,0,0,0.0,0.0,1
67.300,0,0,0.0,0.0,1
67.300,0,0,0.0,0.0,1
67.300,0,0,0.0,0.0,1
67.300,0,0,0.0,0.0,1
67.300,0,0,0.0,0.0,1
67.300,0,0,0.0,0.0,1
67.300,0,0,0.0,0.0,1
67.300,0,0,0.0,0.0,1
67.300,0,0,0.0,0.0,1
67.300,0,0,0.0,0.0,1
67.400,0,0,0.0,0.0,1
67.400,0,0,0.0,0.0,1
67.400,0,0,0.0,0.0,1
67.400,0,0,0.0,0.0,1
67.400,0,0,0.0,0.0,1
67.400,0,0,0.0,0.0,1
67.400,0,0,0.0,0.0,1
67.400,0,0,0.0,0.0,1
67.400,0,0,0.0,0.0,1
67.400,0,0,0.0,0.0,1
67.500,0,0,0.0,0.0,1
67.500,0,0,0.0,0.0,1
67.500,0,0,0.0,0.0,1
67.500,0,0,0.0,0.0,1
67.500,0,0,0.0,0.0,1
67.500,0,0,0.0,0.0,1
67.500,0,0,0.0,0.0,1
67.500,0,0,0.0,0.0,1
67.500,0,0,0.0,0.0,1
67.500,0,0,0.0,0.0,1
67.500,0,0,0.0,0.0,1
67.600,0,0,0.0,0.0,1
67.600,0,0,0.0,0.0,1
67.600,0,0,0.0,0.0,1
67.600,0,0,0.0,0.0,1
67.600,0,0,0.0,0.0,1
67.600,0,0,0.0,0.0,1
67.600,0,0,0.0,0.0,1
67.600,0,0,0.0,0.0,1
67.600,0,0,0.0,0.0,1
67.600,0,0,0.0,0.0,1
67.700,0,0,0.0,0.0,1
67.700,0,0,0.0,0.0,1
67.700,0,0,0.0,0.0,1
67.700,0,0,0.0,0.0,1
67.700,0,0,0.0,0.0,1
67.700,0,0,0.0,0.0,1
67.700,0,0,0.0,0.0,1
67.700,0,0,0.0,0.0,1
67.700,0,0,0.0,0.0,1
67.700,0,0,0.0,0.0,1
67.700,0,0,0.0,0.0,1
67.800,0,0,0.0,0.0,1
67.800,0,0,0.0,0.0,1
67.800,0,0,0.0,0.0,1
67.800,0,0,0.0,0.0,1
67.800,0,0,0.0,0.0,1
67.800,0,0,0.0,0.0,1
67.800,0,0,0.0,0.0,1
67.800,0,0,0.0,0.0,1
67.800,0,0,0.0,0.0,1
67.800,0,0,0.0,0.0,1
67.900,0,0,0.0,0.0,1
67.900,0,0,0.0,0.0,1
67.900,0,0,0.0,0.0,1
67.900,0,0,0.0,0.0,1
67.900,0,0,0.0,0.0,1
67.900,0,0,0.0,0.0,1
67.900,0,0,0.0,0.0,1
67.900,0,0,0.0,0.0,1
67.900,0,0,0.0,0.0,1
67.900,0,0,0.0,0.0,1
67.900,0,0,0.0,0.0,1
68.000,0,0,0.0,0.0,1
68.000,0,0,0.0,0.0,1
68.000,0,0,0.0,0.0,1
68.000,0,0,0.0,0.0,1
68.000,0,0,0.0,0.0,1
68.000,0,0,0.0,0.0,1
68.000,0,0,0.0,0.0,1
68.000,0,0,0.0,0.0,1
68.000,0,0,0.0,0.0,1
68.000,0,0,0.0,0.0,1
68.100,0,0,0.0,0.0,1
68.100,0,0,0.0,0.0,1
68.100,0,0,0.0,0.0,1
68.100,0,0,0.0,0.0,1
68.100,0,0,0.0,0.0,1
68.100,0,0,0.0,0.0,1
68.100,0,0,0.0,0.0,1
68.100,0,0,0.0,0.0,1
68.100,0,0,0.0,0.0,1
68.100,0,0,0.0,0.0,1
68.200,0,0,0.0,0.0,1
68.200,0,0,0.0,0.0,1
68.200,0,0,0.0,0.0,1
68.200,0,0,0.0,0.0,1
68.200,0,0,0.0,0.0,1
68.200,0,0,0.0,0.0,1
68.200,0,0,0.0,0.0,1
68.200,0,0,0.0,0.0,1
68.200,0,0,0.0,0.0,1
68.200,0,0,0.0,0.0,1
68.200,0,0,0.0,0.0,1
68.300,0,0,0.0,0.0,1
68.300,0,0,0.0,0.0,1
68.300,0,0,0.0,0.0,1
68.300,0,0,0.0,0.0,1
68.300,0,0,0.0,0.0,1
68.300,0,0,0.0,0.0,1
68.300,0,0,0.0,0.0,1
68.300,0,0,0.0,0.0,1
68.300,0,0,0.0,0.0,1
68.300,0,0,0.0,0.0,1
68.400,0,0,0.0,0.0,1
68.400,0,0,0.0,0.0,1
68.400,0,0,0.0,0.0,1
68.400,0,0,0.0,0.0,1
68.400,0,0,0.0,0.0,1
68.400,0,0,0.0,0.0,1
68.400,0,0,0.0,0.0,1
68.400,0,0,0.0,0.0,1
68.400,0,0,0.0,0.0,1
68.400,0,0,0.0,0.0,1
68.400,0,0,0.0,0.0,1
68.500,0,0,0.0,0.0,1
68.500,0,0,0.0,0.0,1
68.500,0,0,0.0,0.0,1
68.500,0,0,0.0,0.0,1
68.500,0,0,0.0,0.0,1
68.500,0,0,0.0,0.0,1
68.500,0,0,0.0,0.0,1
68.500,0,0,0.0,0.0,1
68.500,0,0,0.0,0.0,1
68.500,0,0,0.0,0.0,1
68.600,0,0,0.0,0.0,1
68.600,0,0,0.0,0.0,1
68.600,0,0,0.0,0.0,1
68.600,0,0,0.0,0.0,1
68.600,0,0,0.0,0.0,1
68.600,0,0,0.0,0.0,1
68.600,0,0,0.0,0.0,1
68.600,0,0,0.0,0.0,1
68.600,0,0,0.0,0.0,1
68.600,0,0,0.0,0.0,1
68.600,0,0,0.0,0.0,1
68.700,0,0,0.0,0.0,1
68.700,0,0,0.0,0.0,1
68.700,0,0,0.0,0.0,1
68.700,0,0,0.0,0.0,1
68.700,0,0,0.0,0.0,1
68.700,0,0,0.0,0.0,1
68.700,0,0,0.0,0.0,1
68.700,0,0,0.0,0.0,1
68.700,0,0,0.0,0.0,1
68.700,0,0,0.0,0.0,1
68.800,0,0,0.0,0.0,1
68.800,0,0,0.0,0.0,1
68.800,0,0,0.0,0.0,1
68.800,0,0,0.0,0.0,1
68.800,0,0,0.0,0.0,1
68.800,0,0,0.0,0.0,1
68.800,0,0,0.0,0.0,1
68.800,0,0,0.0,0.0,1
68.800,0,0,0.0,0.0,1
68.800,0,0,0.0,0.0,1
68.900,0,0,0.0,0.0,1
68.900,0,0,0.0,0.0,1
68.900,0,0,0.0,0.0,1
68.900,0,0,0.0,0.0,1
68.900,0,0,0.0,0.0,1
68.900,0,0,0.0,0.0,1
68.900,0,0,0.0,0.0,1
68.900,0,0,0.0,0.0,1
68.900,0,0,0.0,0.0,1
68.900,0,0,0.0,0.0,1
68.900,0,0,0.0,0.0,1
69.000,0,0,0.0,0.0,1
69.000,0,0,0.0,0.0,1
69.000,0,0,0.0,0.0,1
69.000,0,0,0.0,0.0,1
69.000,0,0,0.0,0.0,1
69.000,0,0,0.0,0.0,1
69.000,0,0,0.0,0.0,1
69.000,0,0,0.0,0.0,1
69.000,0,0,0.0,0.0,1
69.000,0,0,0.0,0.0,1
69.100,0,0,0.0,0.0,1
69.100,0,0,0.0,0.0,1
69.100,0,0,0.0,0.0,1
69.100,0,0,0.0,0.0,1
69.100,0,0,0.0,0.0,1
69.100,0,0,0.0,0.0,1
69.100,0,0,0.0,0.0,1
69.100,0,0,0.0,0.0,1
69.100,0,0,0.0,0.0,1
69.100,0,0,0.0,0.0,1
69.100,0,0,0.0,0.0,1
69.200,0,0,0.0,0.0,1
69.200,0,0,0.0,0.0,1
69.200,0,0,0.0,0.0,1
69.200,0,0,0.0,0.0,1
69.200,0,0,0.0,0.0,1
69.200,0,0,0.0,0.0,1
69.200,0,0,0.0,0.0,1
69.200,0,0,0.0,0.0,1
69.200,0,0,0.0,0.0,1
69.200,0,0,0.0,0.0,1
69.300,0,0,0.0,0.0,1
69.300,0,0,0.0,0.0,1
69.300,0,0,0.0,0.0,1
69.300,0,0,0.0,0.0,1
69.300,0,0,0.0,0.0,1
69.300,0,0,0.0,0.0,1
69.300,0,0,0.0,0.0,1
69.300,0,0,0.0,0.0,1
69.300,0,0,0.0,0.0,1
69.300,0,0,0.0,0.0,1
69.300,0,0,0.0,0.0,1
69.400,0,0,0.0,0.0,1
69.400,0,0,0.0,0.0,1
69.400,0,0,0.0,0.0,1
69.400,0,0,0.0,0.0,1
69.400,0,0,0.0,0.0,1
69.400,0,0,0.0,0.0,1
69.400,0,0,0.0,0.0,1
69.400,0,0,0.0,0.0,1
69.400,0,0,0.0,0.0,1
69.400,0,0,0.0,0.0,1
69.500,0,0,0.0,0.0,1
69.500,0,0,0.0,0.0,1
69.500,0,0,0.0,0.0,1
69.500,0,0,0.0,0.0,1
69.500,0,0,0.0,0.0,1
69.500,0,0,0.0,0.0,1
69.500,0,0,0.0,0.0,1
69.500,0,0,0.0,0.0,1
69.500,0,0,0.0,0.0,1
69.500,0,0,0.0,0.0,1
69.600,0,0,0.0,0.0,1
69.600,0,0,0.0,0.0,1
69.600,0,0,0.0,0.0,1
69.600,0,0,0.0,0.0,1
69.600,0,0,0.0,0.0,1
69.600,0,0,0.0,0.0,1
69.600,0,0,0.0,0.0,1
69.600,0,0,0.0,0.0,1
69.600,0,0,0.0,0.0,1
69.600,0,0,0.0,0.0,1
69.600,0,0,0.0,0.0,1
69.700,0,0,0.0,0.0,1
69.700,0,0,0.0,0.0,1
69.700,0,0,0.0,0.0,1
69.700,0,0,0.0,0.0,1
69.700,0,0,0.0,0.0,1
69.700,0,0,0.0,0.0,1
69.700,0,0,0.0,0.0,1
69.700,0,0,0.0,0.0,1
69.700,0,0,0.0,0.0,1
69.700,0,0,0.0,0.0,1
69.800,0,0,0.0,0.0,1
69.800,0,0,0.0,0.0,1
69.800,0,0,0.0,0.0,1
69.800,0,0,0.0,0.0,1
69.800,0,0,0.0,0.0,1
69.800,0,0,0.0,0.0,1
69.800,0,0,0.0,0.0,1
69.800,0,0,0.0,0.0,1
69.800,0,0,0.0,0.0,1
69.800,0,0,0.0,0.0,1
69.800,0,0,0.0,0.0,1
69.900,0,0,0.0,0.0,1
69.900,0,0,0.0,0.0,1
69.900,0,0,0.0,0.0,1
69.900,0,0,0.0,0.0,1
69.900,0,0,0.0,0.0,1
69.900,0,0,0.0,0.0,1
69.900,0,0,0.0,0.0,1
69.900,0,0,0.0,0.0,1
69.900,0,0,0.0,0.0,1
69.900,0,0,0.0,0.0,1
70.000,0,0,0.0,0.0,1
70.000,0,0,0.0,0.0,1
70.000,0,0,0.0,0.0,1
70.000,0,0,0.0,0.0,1
70.000,0,0,0.0,0.0,1
70.000,0,0,0.0,0.0,1
70.000,0,0,0.0,0.0,1
70.000,0,0,0.0,0.0,1
70.000,0,0,0.0,0.0,1
70.000,0,0,0.0,0.0,1
70.000,0,0,0.0,0.0,1
70.100,0,0,0.0,0.0,1
70.100,0,0,0.0,0.0,1
70.100,0,0,0.0,0.0,1
70.100,0,0,0.0,0.0,1
70.100,0,0,0.0,0.0,1
70.100,0,0,0.0,0.0,1
70.100,0,0,0.0,0.0,1
70.100,0,0,0.0,0.0,1
70.100,0,0,0.0,0.0,1
70.100,0,0,0.0,0.0,1
70.200,0,0,0.0,0.0,1
70.200,0,0,0.0,0.0,1
70.200,0,0,0.0,0.0,1
70.200,0,0,0.0,0.0,1
70.200,0,0,0.0,0.0,1
70.200,0,0,0.0,0.0,1
70.200,0,0,0.0,0.0,1
70.200,0,0,0.0,0.0,1
70.200,0,0,0.0,0.0,1
70.200,0,0,0.0,0.0,1
70.200,0,0,0.0,0.0,1
70.300,0,0,0.0,0.0,1
70.300,0,0,0.0,0.0,1
70.300,0,0,0.0,0.0,1
70.300,0,0,0.0,0.0,1
70.300,0,0,0.0,0.0,1
70.300,0,0,0.0,0.0,1
70.300,0,0,0.0,0.0,1
70.300,0,0,0.0,0.0,1
70.300,0,0,0.0,0.0,1
70.300,0,0,0.0,0.0,1
70.400,0,0,0.0,0.0,1
70.400,0,0,0.0,0.0,1
70.400,0,0,0.0,0.0,1
70.400,0,0,0.0,0.0,1
70.400,0,0,0.0,0.0,1
70.400,0,0,0.0,0.0,1
70.400,0,0,0.0,0.0,1
70.400,0,0,0.0,0.0,1
70.400,0,0,0.0,0.0,1
70.400,0,0,0.0,0.0,1
70.500,0,0,0.0,0.0,1
70.500,0,0,0.0,0.0,1
70.500,0,0,0.0,0.0,1
70.500,0,0,0.0,0.0,1
70.500,0,0,0.0,0.0,1
70.500,0,0,0.0,0.0,1
70.500,0,0,0.0,0.0,1
70.500,0,0,0.0,0.0,1
70.500,0,0,0.0,0.0,1
70.500,0,0,0.0,0.0,1
70.500,0,0,0.0,0.0,1
70.600,0,0,0.0,0.0,1
70.600,0,0,0.0,0.0,1
70.600,0,0,0.0,0.0,1
70.600,0,0,0.0,0.0,1
70.600,0,0,0.0,0.0,1
70.600,0,0,0.0,0.0,1
70.600,0,0,0.0,0.0,1
70.600,0,0,0.0,0.0,1
70.600,0,0,0.0,0.0,1
70.600,0,0,0.0,0.0,1
70.700,0,0,0.0,0.0,1
70.700,0,0,0.0,0.0,1
70.700,0,0,0.0,0.0,1
70.700,0,0,0.0,0.0,1
70.700,0,0,0.0,0.0,1
70.700,0,0,0.0,0.0,1
70.700,0,0,0.0,0.0,1
70.700,0,0,0.0,0.0,1
70.700,0,0,0.0,0.0,1
70.700,0,0,0.0,0.0,1
70.700,0,0,0.0,0.0,1
70.800,0,0,0.0,0.0,1
70.800,0,0,0.0,0.0,1
70.800,0,0,0.0,0.0,1
70.800,0,0,0.0,0.0,1
70.800,0,0,0.0,0.0,1
70.800,0,0,0.0,0.0,1
70.800,0,0,0.0,0.0,1
70.800,0,0,0.0,0.0,1
70.800,0,0,0.0,0.0,1
70.800,0,0,0.0,0.0,1
70.900,0,0,0.0,0.0,1
70.900,0,0,0.0,0.0,1
70.900,0,0,0.0,0.0,1
70.900,0,0,0.0,0.0,1
70.900,0,0,0.0,0.0,1
70.900,0,0,0.0,0.0,1
70.900,0,0,0.0,0.0,1
70.900,0,0,0.0,0.0,1
70.900,0,0,0.0,0.0,1
70.900,0,0,0.0,0.0,1
70.900,0,0,0.0,0.0,1
71.000,0,0,0.0,0.0,1
71.000,0,0,0.0,0.0,1
71.000,0,0,0.0,0.0,1
71.000,0,0,0.0,0.0,1
71.000,0,0,0.0,0.0,1
71.000,0,0,0.0,0.0,1
71.000,0,0,0.0,0.0,1
71.000,0,0,0.0,0.0,1
71.000,0,0,0.0,0.0,1
71.000,0,0,0.0,0.0,1
71.100,0,0,0.0,0.0,1
71.100,0,0,0.0,0.0,1
71.100,0,0,0.0,0.0,1
71.100,0,0,0.0,0.0,1
71.100,0,0,0.0,0.0,1
71.100,0,0,0.0,0.0,1
71.100,0,0,0.0,0.0,1
71.100,0,0,0.0,0.0,1
71.100,0,0,0.0,0.0,1
71.100,0,0,0.0,0.0,1
71.200,0,0,0.0,0.0,1
71.200,0,0,0.0,0.0,1
71.200,0,0,0.0,0.0,1
71.200,0,0,0.0,0.0,1
71.200,0,0,0.0,0.0,1
71.200,0,0,0.0,0.0,1
71.200,0,0,0.0,0.0,1
71.200,0,0,0.0,0.0,1
71.200,0,0,0.0,0.0,1
71.200,0,0,0.0,0.0,1
71.200,0,0,0.0,0.0,1
71.300,0,0,0.0,0.0,1
71.300,0,0,0.0,0.0,1
71.300,0,0,0.0,0.0,1
71.300,0,0,0.0,0.0,1
71.300,0,0,0.0,0.0,1
71.300,0,0,0.0,0.0,1
71.300,0,0,0.0,0.0,1
71.300,0,0,0.0,0.0,1
71.300,0,0,0.0,0.0,1
71.300,0,0,0.0,0.0,1
71.400,0,0,0.0,0.0,1
71.400,0,0,0.0,0.0,1
71.400,0,0,0.0,0.0,1
71.400,0,0,0.0,0.0,1
71.400,0,0,0.0,0.0,1
71.400,0,0,0.0,0.0,1
71.400,0,0,0.0,0.0,1
71.400,0,0,0.0,0.0,1
71.400,0,0,0.0,0.0,1
71.400,0,0,0.0,0.0,1
71.400,0,0,0.0,0.0,1
71.500,0,0,0.0,0.0,1
71.500,0,0,0.0,0.0,1
71.500,0,0,0.0,0.0,1
71.500,0,0,0.0,0.0,1
71.500,0,0,0.0,0.0,1
71.500,0,0,0.0,0.0,1
71.500,0,0,0.0,0.0,1
71.500,0,0,0.0,0.0,1
71.500,0,0,0.0,0.0,1
71.500,0,0,0.0,0.0,1
71.600,0,0,0.0,0.0,1
71.600,0,0,0.0,0.0,1
71.600,0,0,0.0,0.0,1
71.600,0,0,0.0,0.0,1
71.600,0,0,0.0,0.0,1
71.600,0,0,0.0,0.0,1
71.600,0,0,0.0,0.0,1
71.600,0,0,0.0,0.0,1
71.600,0,0,0.0,0.0,1
71.600,0,0,0.0,0.0,1
71.600,0,0,0.0,0.0,1
71.700,0,0,0.0,0.0,1
71.700,0,0,0.0,0.0,1
71.700,0,0,0.0,0.0,1
71.700,0,0,0.0,0.0,1
71.700,0,0,0.0,0.0,1
71.700,0,0,0.0,0.0,1
71.700,0,0,0.0,0.0,1
71.700,0,0,0.0,0.0,1
71.700,0,0,0.0,0.0,1
71.700,0,0,0.0,0.0,1
71.800,0,0,0.0,0.0,1
71.800,0,0,0.0,0.0,1
71.800,0,0,0.0,0.0,1
71.800,0,0,0.0,0.0,1
71.800,0,0,0.0,0.0,1
71.800,0,0,0.0,0.0,1
71.800,0,0,0.0,0.0,1
71.800,0,0,0.0,0.0,1
71.800,0,0,0.0,0.0,1
71.800,0,0,0.0,0.0,1
71.900,0,0,0.0,0.0,1
71.900,0,0,0.0,0.0,1
71.900,0,0,0.0,0.0,1
71.900,0,0,0.0,0.0,1
71.900,0,0,0.0,0.0,1
71.900,0,0,0.0,0.0,1
71.900,0,0,0.0,0.0,1
71.900,0,0,0.0,0.0,1
71.900,0,0,0.0,0.0,1
71.900,0,0,0.0,0.0,1
71.900,0,0,0.0,0.0,1
72.000,0,0,0.0,0.0,1
72.000,0,0,0.0,0.0,1
72.000,0,0,0.0,0.0,1
72.000,0,0,0.0,0.0,1
72.000,0,0,0.0,0.0,1
72.000,0,0,0.0,0.0,1
72.000,0,0,0.0,0.0,1
72.000,0,0,0.0,0.0,1
72.000,0,0,0.0,0.0,1
72.000,0,0,0.0,0.0,1
72.100,0,0,0.0,0.0,1
72.100,0,0,0.0,0.0,1
72.100,0,0,0.0,0.0,1
72.100,0,0,0.0,0.0,1
72.100,0,0,0.0,0.0,1
72.100,0,0,0.0,0.0,1
72.100,0,0,0.0,0.0,1
72.100,0,0,0.0,0.0,1
72.100,0,0,0.0,0.0,1
72.100,0,0,0.0,0.0,1
72.100,0,0,0.0,0.0,1
72.200,0,0,0.0,0.0,1
72.200,0,0,0.0,0.0,1
72.200,0,0,0.0,0.0,1
72.200,0,0,0.0,0.0,1
72.200,0,0,0.0,0.0,1
72.200,0,0,0.0,0.0,1
72.200,0,0,0.0,0.0,1
72.200,0,0,0.0,0.0,1
72.200,0,0,0.0,0.0,1
72.200,0,0,0.0,0.0,1
72.300,0,0,0.0,0.0,1
72.300,0,0,0.0,0.0,1
72.300,0,0,0.0,0.0,1
72.300,0,0,0.0,0.0,1
72.300,0,0,0.0,0.0,1
72.300,0,0,0.0,0.0,1
72.300,0,0,0.0,0.0,1
72.300,0,0,0.0,0.0,1
72.300,0,0,0.0,0.0,1
72.300,0,0,0.0,0.0,1
72.300,0,0,0.0,0.0,1
72.400,0,0,0.0,0.0,1
72.400,0,0,0.0,0.0,1
72.400,0,0,0.0,0.0,1
72.400,0,0,0.0,0.0,1
72.400,0,0,0.0,0.0,1
72.400,0,0,0.0,0.0,1
72.400,0,0,0.0,0.0,1
72.400,0,0,0.0,0.0,1
72.400,0,0,0.0,0.0,1
72.400,0,0,0.0,0.0,1
72.500,0,0,0.0,0.0,1
72.500,0,0,0.0,0.0,1
72.500,0,0,0.0,0.0,1
72.500,0,0,0.0,0.0,1
72.500,0,0,0.0,0.0,1
72.500,0,0,0.0,0.0,1
72.500,0,0,0.0,0.0,1
72.500,0,0,0.0,0.0,1
72.500,0,0,0.0,0.0,1
72.500,0,0,0.0,0.0,1
72.600,0,0,0.0,0.0,1
72.600,0,0,0.0,0.0,1
72.600,0,0,0.0,0.0,1
72.600,0,0,0.0,0.0,1
72.600,0,0,0.0,0.0,1
72.600,0,0,0.0,0.0,1
72.600,0,0,0.0,0.0,1
72.600,0,0,0.0,0.0,1
72.600,0,0,0.0,0.0,1
72.600,0,0,0.0,0.0,1
72.600,0,0,0.0,0.0,1
72.700,0,0,0.0,0.0,1
72.700,0,0,0.0,0.0,1
72.700,0,0,0.0,0.0,1
72.700,0,0,0.0,0.0,1
72.700,0,0,0.0,0.0,1
72.700,0,0,0.0,0.0,1
72.700,0,0,0.0,0.0,1
72.700,0,0,0.0,0.0,1
72.700,0,0,0.0,0.0,1
72.700,0,0,0.0,0.0,1
72.800,0,0,0.0,0.0,1
72.800,0,0,0.0,0.0,1
72.800,0,0,0.0,0.0,1
72.800,0,0,0.0,0.0,1
72.800,0,0,0.0,0.0,1
72.800,0,0,0.0,0.0,1
72.800,0,0,0.0,0.0,1
72.800,0,0,0.0,0.0,1
72.800,0,0,0.0,0.0,1
72.800,0,0,0.0,0.0,1
72.800,0,0,0.0,0.0,1
72.900,0,0,0.0,0.0,1
72.900,0,0,0.0,0.0,1
72.900,0,0,0.0,0.0,1
72.900,0,0,0.0,0.0,1
72.900,0,0,0.0,0.0,1
72.900,0,0,0.0,0.0,1
72.900,0,0,0.0,0.0,1
72.900,0,0,0.0,0.0,1
72.900,0,0,0.0,0.0,1
72.900,0,0,0.0,0.0,1
73.000,0,0,0.0,0.0,1
73.000,0,0,0.0,0.0,1
73.000,0,0,0.0,0.0,1
73.000,0,0,0.0,0.0,1
73.000,0,0,0.0,0.0,1
73.000,0,0,0.0,0.0,1
73.000,0,0,0.0,0.0,1
73.000,0,0,0.0,0.0,1
73.000,0,0,0.0,0.0,1
73.000,0,0,0.0,0.0,1
73.000,0,0,0.0,0.0,1
73.100,0,0,0.0,0.0,1
73.100,0,0,0.0,0.0,1
73.100,0,0,0.0,0.0,1
73.100,0,0,0.0,0.0,1
73.100,0,0,0.0,0.0,1
73.100,0,0,0.0,0.0,1
73.100,0,0,0.0,0.0,1
73.100,0,0,0.0,0.0,1
73.100,0,0,0.0,0.0,1
73.100,0,0,0.0,0.0,1
73.200,0,0,0.0,0.0,1
73.200,0,0,0.0,0.0,1
73.200,0,0,0.0,0.0,1
73.200,0,0,0.0,0.0,1
73.200,0,0,0.0,0.0,1
73.200,0,0,0.0,0.0,1
73.200,0,0,0.0,0.0,1
73.200,0,0,0.0,0.0,1
73.200,0,0,0.0,0.0,1
73.200,0,0,0.0,0.0,1
73.200,0,0,0.0,0.0,1
73.300,0,0,0.0,0.0,1
73.300,0,0,0.0,0.0,1
73.300,0,0,0.0,0.0,1
73.300,0,0,0.0,0.0,1
73.300,0,0,0.0,0.0,1
73.300,0,0,0.0,0.0,1
73.300,0,0,0.0,0.0,1
73.300,0,0,0.0,0.0,1
73.300,0,0,0.0,0.0,1
73.300,0,0,0.0,0.0,1
73.400,0,0,0.0,0.0,1
73.400,0,0,0.0,0.0,1
73.400,0,0,0.0,0.0,1
73.400,0,0,0.0,0.0,1
73.400,0,0,0.0,0.0,1
73.400,0,0,0.0,0.0,1
73.400,0,0,0.0,0.0,1
73.400,0,0,0.0,0.0,1
73.400,0,0,0.0,0.0,1
73.400,0,0,0.0,0.0,1
73.500,0,0,0.0,0.0,1
73.500,0,0,0.0,0.0,1
73.500,0,0,0.0,0.0,1
73.500,0,0,0.0,0.0,1
73.500,0,0,0.0,0.0,1
73.500,0,0,0.0,0.0,1
73.500,0,0,0.0,0.0,1
73.500,0,0,0.0,0.0,1
73.500,0,0,0.0,0.0,1
73.500,0,0,0.0,0.0,1
73.500,0,0,0.0,0.0,1
73.600,0,0,0.0,0.0,1
73.600,0,0,0.0,0.0,1
73.600,0,0,0.0,0.0,1
73.600,0,0,0.0,0.0,1
73.600,0,0,0.0,0.0,1
73.600,0,0,0.0,0.0,1
73.600,0,0,0.0,0.0,1
73.600,0,0,0.0,0.0,1
73.600,0,0,0.0,0.0,1
73.600,0,0,0.0,0.0,1
73.700,0,0,0.0,0.0,1
73.700,0,0,0.0,0.0,1
73.700,0,0,0.0,0.0,1
73.700,0,0,0.0,0.0,1
73.700,0,0,0.0,0.0,1
73.700,0,0,0.0,0.0,1
73.700,0,0,0.0,0.0,1
73.700,0,0,0.0,0.0,1
73.700,0,0,0.0,0.0,1
73.700,0,0,0.0,0.0,1
73.700,0,0,0.0,0.0,1
73.800,0,0,0.0,0.0,1
73.800,0,0,0.0,0.0,1
73.800,0,0,0.0,0.0,1
73.800,0,0,0.0,0.0,1
73.800,0,0,0.0,0.0,1
73.800,0,0,0.0,0.0,1
73.800,0,0,0.0,0.0,1
73.800,0,0,0.0,0.0,1
73.800,0,0,0.0,0.0,1
73.800,0,0,0.0,0.0,1
73.900,0,0,0.0,0.0,1
73.900,0,0,0.0,0.0,1
73.900,0,0,0.0,0.0,1
73.900,0,0,0.0,0.0,1
73.900,0,0,0.0,0.0,1
73.900,0,0,0.0,0.0,1
73.900,0,0,0.0,0.0,1
73.900,0,0,0.0,0.0,1
73.900,0,0,0.0,0.0,1
73.900,0,0,0.0,0.0,1
73.900,0,0,0.0,0.0,1
74.000,0,0,0.0,0.0,1
74.000,0,0,0.0,0.0,1
74.000,0,0,0.0,0.0,1
74.000,0,0,0.0,0.0,1
74.000,0,0,0.0,0.0,1
74.000,0,0,0.0,0.0,1
74.000,0,0,0.0,0.0,1
74.000,0,0,0.0,0.0,1
74.000,0,0,0.0,0.0,1
74.000,0,0,0.0,0.0,1
74.100,0,0,0.0,0.0,1
74.100,0,0,0.0,0.0,1
74.100,0,0,0.0,0.0,1
74.100,0,0,0.0,0.0,1
74.100,0,0,0.0,0.0,1
74.100,0,0,0.0,0.0,1
74.100,0,0,0.0,0.0,1
74.100,0,0,0.0,0.0,1
74.100,0,0,0.0,0.0,1
74.100,0,0,0.0,0.0,1
74.100,0,0,0.0,0.0,1
74.200,0,0,0.0,0.0,1
74.200,0,0,0.0,0.0,1
74.200,0,0,0.0,0.0,1
74.200,0,0,0.0,0.0,1
74.200,0,0,0.0,0.0,1
74.200,0,0,0.0,0.0,1
74.200,0,0,0.0,0.0,1
74.200,0,0,0.0,0.0,1
74.200,0,0,0.0,0.0,1
74.200,0,0,0.0,0.0,1
74.300,0,0,0.0,0.0,1
74.300,0,0,0.0,0.0,1
74.300,0,0,0.0,0.0,1
74.300,0,0,0.0,0.0,1
74.300,0,0,0.0,0.0,1
74.300,0,0,0.0,0.0,1
74.300,0,0,0.0,0.0,1
74.300,0,0,0.0,0.0,1
74.300,0,0,0.0,0.0,1
74.300,0,0,0.0,0.0,1
74.400,0,0,0.0,0.0,1
74.400,0,0,0.0,0.0,1
74.400,0,0,0.0,0.0,1
74.400,0,0,0.0,0.0,1
74.400,0,0,0.0,0.0,1
74.400,0,0,0.0,0.0,1
74.400,0,0,0.0,0.0,1
74.400,0,0,0.0,0.0,1
74.400,0,0,0.0,0.0,1
74.400,0,0,0.0,0.0,1
74.400,0,0,0.0,0.0,1
74.500,0,0,0.0,0.0,1
74.500,0,0,0.0,0.0,1
74.500,0,0,0.0,0.0,1
74.500,0,0,0.0,0.0,1
74.500,0,0,0.0,0.0,1
74.500,0,0,0.0,0.0,1
74.500,0,0,0.0,0.0,1
74.500,0,0,0.0,0.0,1
74.500,0,0,0.0,0.0,1
74.500,0,0,0.0,0.0,1
74.600,0,0,0.0,0.0,1
74.600,0,0,0.0,0.0,1
74.600,0,0,0.0,0.0,1
74.600,0,0,0.0,0.0,1
74.600,0,0,0.0,0.0,1
74.600,0,0,0.0,0.0,1
74.600,0,0,0.0,0.0,1
74.600,0,0,0.0,0.0,1
74.600,0,0,0.0,0.0,1
74.600,0,0,0.0,0.0,1
74.600,0,0,0.0,0.0,1
74.700,0,0,0.0,0.0,1
74.700,0,0,0.0,0.0,1
74.700,0,0,0.0,0.0,1
74.700,0,0,0.0,0.0,1
74.700,0,0,0.0,0.0,1
74.700,0,0,0.0,0.0,1
74.700,0,0,0.0,0.0,1
74.700,0,0,0.0,0.0,1
74.700,0,0,0.0,0.0,1
74.700,0,0,0.0,0.0,1
74.800,0,0,0.0,0.0,1
74.800,0,0,0.0,0.0,1
74.800,0,0,0.0,0.0,1
74.800,0,0,0.0,0.0,1
74.800,0,0,0.0,0.0,1
74.800,0,0,0.0,0.0,1
74.800,0,0,0.0,0.0,1
74.800,0,0,0.0,0.0,1
74.800,0,0,0.0,0.0,1
74.800,0,0,0.0,0.0,1
74.800,0,0,0.0,0.0,1
74.900,0,0,0.0,0.0,1
74.900,0,0,0.0,0.0,1
74.900,0,0,0.0,0.0,1
74.900,0,0,0.0,0.0,1
74.900,0,0,0.0,0.0,1
74.900,0,0,0.0,0.0,1
74.900,0,0,0.0,0.0,1
74.900,0,0,0.0,0.0,1
74.900,0,0,0.0,0.0,1
74.900,0,0,0.0,0.0,1
75.000,0,0,0.0,0.0,1
75.000,0,0,0.0,0.0,1
75.000,0,0,0.0,0.0,1
75.000,0,0,0.0,0.0,1
75.000,0,0,0.0,0.0,1
75.000,0,0,0.0,0.0,1
75.000,0,0,0.0,0.0,1
75.000,0,0,0.0,0.0,1
75.000,0,0,0.0,0.0,1
75.000,0,0,0.0,0.0,1
75.100,0,0,0.0,0.0,1
75.100,0,0,0.0,0.0,1
75.100,0,0,0.0,0.0,1
75.100,0,0,0.0,0.0,1
75.100,0,0,0.0,0.0,1
75.100,0,0,0.0,0.0,1
75.100,0,0,0.0,0.0,1
75.100,0,0,0.0,0.0,1
75.100,0,0,0.0,0.0,1
75.100,0,0,0.0,0.0,1
75.100,0,0,0.0,0.0,1
75.200,0,0,0.0,0.0,1
75.200,0,0,0.0,0.0,1
75.200,0,0,0.0,0.0,1
75.200,0,0,0.0,0.0,1
75.200,0,0,0.0,0.0,1
75.200,0,0,0.0,0.0,1
75.200,0,0,0.0,0.0,1
75.200,0,0,0.0,0.0,1
75.200,0,0,0.0,0.0,1
75.200,0,0,0.0,0.0,1
75.300,0,0,0.0,0.0,1
75.300,0,0,0.0,0.0,1
75.300,0,0,0.0,0.0,1
75.300,0,0,0.0,0.0,1
75.300,0,0,0.0,0.0,1
75.300,0,0,0.0,0.0,1
75.300,0,0,0.0,0.0,1
75.300,0,0,0.0,0.0,1
75.300,0,0,0.0,0.0,1
75.300,0,0,0.0,0.0,1
75.300,0,0,0.0,0.0,1
75.400,2,1,-84.4,4.1,1
75.400,2,1,-84.4,4.1,1
75.400,2,1,-84.4,4.1,1
75.400,2,1,-84.4,4.1,1
75.400,2,1,-84.4,4.1,1
75.400,2,1,-84.4,4.1,1
75.400,2,1,-84.4,4.1,1
75.400,2,1,-84.4,4.1,1
75.400,2,1,-84.4,4.1,1
75.400,2,1,-84.4,4.1,1
75.500,2,1,-84.4,4.1,0
75.500,2,1,-84.4,4.1,0
75.500,2,1,-84.4,4.1,0
75.500,2,1,-84.4,4.1,0
75.500,2,1,-84.4,4.1,0
75.500,2,1,-84.4,4.1,0
75.500,2,1,-84.4,4.1,0
75.500,2,1,-84.4,4.1,0
75.500,2,1,-84.4,4.1,0
75.500,2,1,-84.4,4.1,0
75.500,2,1,-84.4,4.1,0
75.600,2,1,-84.4,4.1,0
75.600,2,1,-84.4,4.1,0
75.600,2,1,-84.4,4.1,0
75.600,2,1,-84.4,4.1,0
75.600,2,1,-84.4,4.1,0
75.600,2,1,-84.4,4.1,0
75.600,2,1,-84.4,4.1,0
75.600,2,1,-84.4,4.1,0
75.600,2,1,-84.4,4.1,0
75.600,2,1,-84.4,4.1,0
75.700,2,1,-84.4,4.1,0
75.700,2,1,-84.4,4.1,0
75.700,2,1,-84.4,4.1,0
75.700,2,1,-84.4,4.1,0
75.700,2,1,-84.4,4.1,0
75.700,2,1,-84.4,4.1,0
75.700,2,1,-84.4,4.1,0
75.700,2,1,-84.4,4.1,0
75.700,2,1,-84.4,4.1,0
75.700,2,1,-84.4,4.1,0
75.700,2,1,-84.4,4.1,0
75.800,2,1,-84.4,4.1,0
75.800,2,1,-84.4,4.1,0
75.800,2,1,-84.4,4.1,0
75.800,2,1,-84.4,4.1,0
75.800,2,1,-84.4,4.1,0
75.800,2,1,-84.4,4.1,0
75.800,2,1,-84.4,4.1,0
75.800,2,1,-84.4,4.1,0
75.800,2,1,-84.4,4.1,0
75.800,2,1,-84.4,4.1,0
75.900,2,1,-84.4,4.1,0
75.900,2,1,-84.4,4.1,0
75.900,2,1,-84.4,4.1,0
75.900,2,1,-84.4,4.1,0
75.900,2,1,-84.4,4.1,0
75.900,2,1,-84.4,4.1,0
75.900,2,1,-84.4,4.1,0
75.900,2,1,-84.4,4.1,0
75.900,2,1,-84.4,4.1,0
75.900,2,1,-84.4,4.1,0
76.000,2,1,-84.4,4.1,0
76.000,2,1,-84.4,4.1,0
76.000,2,1,-84.4,4.1,0
76.000,2,1,-84.4,4.1,0
76.000,2,1,-84.4,4.1,0
76.000,2,1,-84.4,4.1,0
76.000,2,1,-84.4,4.1,0
76.000,2,1,-84.4,4.1,0
76.000,2,1,-84.4,4.1,0
76.000,2,1,-84.4,4.1,0
76.000,2,1,-84.4,4.1,0
76.100,2,1,-84.4,4.1,0
76.100,2,1,-84.4,4.1,0
76.100,2,1,-84.4,4.1,0
76.100,2,1,-84.4,4.1,0
76.100,2,1,-84.4,4.1,0
76.100,2,1,-84.4,4.1,0
76.100,2,1,-84.4,4.1,0
76.100,2,1,-84.4,4.1,0
76.100,2,1,-84.4,4.1,0
76.100,2,1,-84.4,4.1,0
76.200,2,1,-84.4,4.1,0
76.200,2,1,-84.4,4.1,0
76.200,2,1,-84.4,4.1,0
76.200,2,1,-84.4,4.1,0
76.200,2,1,-84.4,4.1,0
76.200,2,1,-84.4,4.1,0
76.200,2,1,-84.4,4.1,0
76.200,2,1,-84.4,4.1,0
76.200,2,1,-84.4,4.1,0
76.200,2,1,-84.4,4.1,0
76.200,2,1,-84.4,4.1,0
76.300,2,1,-84.4,4.1,0
76.300,2,1,-84.4,4.1,0
76.300,2,1,-84.4,4.1,0
76.300,2,1,-84.4,4.1,0
76.300,2,1,-84.4,4.1,0
76.300,2,1,-84.4,4.1,0
76.300,2,1,-84.4,4.1,0
76.300,2,1,-84.4,4.1,0
76.300,2,1,-84.4,4.1,0
76.300,2,1,-84.4,4.1,0
76.400,2,1,-84.4,4.1,0
76.400,2,1,-84.4,4.1,0
76.400,2,1,-84.4,4.1,0
76.400,2,1,-84.4,4.1,0
76.400,2,1,-84.4,4.1,0
76.400,2,1,-84.4,4.1,0
76.400,2,1,-84.4,4.1,0
76.400,2,1,-84.4,4.1,0
76.400,2,1,-84.4,4.1,0
76.400,2,1,-84.4,4.1,0
76.400,2,1,-84.4,4.1,0
76.500,2,1,-84.4,4.1,0
76.500,2,1,-84.4,4.1,0
76.500,2,1,-84.4,4.1,0
76.500,2,1,-84.4,4.1,0
76.500,2,1,-84.4,4.1,0
76.500,2,1,-84.4,4.1,0
76.500,2,1,-84.4,4.1,0
76.500,2,1,-84.4,4.1,0
76.500,2,1,-84.4,4.1,0
76.500,2,1,-84.4,4.1,0
76.600,2,1,-84.4,4.1,0
76.600,2,1,-84.4,4.1,0
76.600,2,1,-84.4,4.1,0
76.600,2,1,-84.4,4.1,0
76.600,2,1,-84.4,4.1,0
76.600,2,1,-84.4,4.1,0
76.600,2,1,-84.4,4.1,0
76.600,2,1,-84.4,4.1,0
76.600,2,1,-84.4,4.1,0
76.600,2,1,-84.4,4.1,0
76.700,2,1,-84.4,4.1,0
76.700,2,1,-84.4,4.1,0
76.700,2,1,-84.4,4.1,0
76.700,2,1,-84.4,4.1,0
76.700,2,1,-84.4,4.1,0
76.700,2,1,-84.4,4.1,0
76.700,2,1,-84.4,4.1,0
76.700,2,1,-84.4,4.1,0
76.700,2,1,-84.4,4.1,0
76.700,2,1,-84.4,4.1,0
76.700,2,1,-84.4,4.1,0
76.800,2,1,-84.4,4.1,0
76.800,2,1,-84.4,4.1,0
76.800,2,1,-84.4,4.1,0
76.800,2,1,-84.4,4.1,0
76.800,2,1,-84.4,4.1,0
76.800,2,1,-84.4,4.1,0
76.800,2,1,-84.4,4.1,0
76.800,2,1,-84.4,4.1,0
76.800,2,1,-84.4,4.1,0
76.800,2,1,-84.4,4.1,0
76.900,2,1,-84.4,4.1,0
76.900,2,1,-84.4,4.1,0
76.900,2,1,-84.4,4.1,0
76.900,2,1,-84.4,4.1,0
76.900,2,1,-84.4,4.1,0
76.900,2,1,-84.4,4.1,0
76.900,2,1,-84.4,4.1,0
76.900,2,1,-84.4,4.1,0
76.900,2,1,-84.4,4.1,0
76.900,2,1,-84.4,4.1,0
76.900,2,1,-84.4,4.1,0
77.000,2,1,-84.4,4.1,0
77.000,2,1,-84.4,4.1,0
77.000,2,1,-84.4,4.1,0
77.000,2,1,-84.4,4.1,0
77.000,2,1,-84.4,4.1,0
77.000,2,1,-84.4,4.1,0
77.000,2,1,-84.4,4.1,0
77.000,2,1,-84.4,4.1,0
77.000,2,1,-84.4,4.1,0
77.000,2,1,-84.4,4.1,0
77.100,2,1,-84.4,4.1,0
77.100,2,1,-84.4,4.1,0
77.100,2,1,-84.4,4.1,0
77.100,2,1,-84.4,4.1,0
77.100,2,1,-84.4,4.1,0
77.100,2,1,-84.4,4.1,0
77.100,2,1,-84.4,4.1,0
77.100,2,1,-84.4,4.1,0
77.100,2,1,-84.4,4.1,0
77.100,2,1,-84.4,4.1,0
77.100,2,1,-84.4,4.1,0
77.200,2,1,-84.4,4.1,0
77.200,2,1,-84.4,4.1,0
77.200,2,1,-84.4,4.1,0
77.200,2,1,-84.4,4.1,0
77.200,2,1,-84.4,4.1,0
77.200,2,1,-84.4,4.1,0
77.200,2,1,-84.4,4.1,0
77.200,2,1,-84.4,4.1,0
77.200,2,1,-84.4,4.1,0
77.200,2,1,-84.4,4.1,0
77.300,2,1,-84.4,4.1,0
77.300,2,1,-84.4,4.1,0
77.300,2,1,-84.4,4.1,0
77.300,2,1,-84.4,4.1,0
77.300,2,1,-84.4,4.1,0
77.300,2,1,-84.4,4.1,0
77.300,2,1,-84.4,4.1,0
77.300,2,1,-84.4,4.1,0
77.300,2,1,-84.4,4.1,0
77.300,2,1,-84.4,4.1,0
77.300,2,1,-84.4,4.1,0
77.400,2,1,-84.4,4.1,0
77.400,2,1,-84.4,4.1,0
77.400,2,1,-84.4,4.1,0
77.400,2,1,-84.4,4.1,0
77.400,2,1,-84.4,4.1,0
77.400,2,1,-84.4,4.1,0
77.400,2,1,-84.4,4.1,0
77.400,2,1,-84.4,4.1,0
77.400,2,1,-84.4,4.1,0
77.400,2,1,-84.4,4.1,0
77.500,2,1,-84.4,4.1,0
77.500,2,1,-84.4,4.1,0
77.500,2,1,-84.4,4.1,0
77.500,2,1,-84.4,4.1,0
77.500,2,1,-84.4,4.1,0
77.500,2,1,-84.4,4.1,0
77.500,2,1,-84.4,4.1,0
77.500,2,1,-84.4,4.1,0
77.500,2,1,-84.4,4.1,0
77.500,2,1,-84.4,4.1,0
77.600,2,1,-84.4,4.1,0
77.600,2,1,-84.4,4.1,0
77.600,2,1,-84.4,4.1,0
77.600,2,1,-84.4,4.1,0
77.600,2,1,-84.4,4.1,0
77.600,2,1,-84.4,4.1,0
77.600,2,1,-84.4,4.1,0
77.600,2,1,-84.4,4.1,0
77.600,2,1,-84.4,4.1,0
77.600,2,1,-84.4,4.1,0
77.600,2,1,-84.4,4.1,0
77.700,2,1,-84.4,4.1,0
77.700,2,1,-84.4,4.1,0
77.700,2,1,-84.4,4.1,0
77.700,2,1,-84.4,4.1,0
77.700,2,1,-84.4,4.1,0
77.700,2,1,-84.4,4.1,0
77.700,2,1,-84.4,4.1,0
77.700,2,1,-84.4,4.1,0
77.700,2,1,-84.4,4.1,0
77.700,2,1,-84.4,4.1,0
77.800,2,1,-84.4,4.1,0
77.800,2,1,-84.4,4.1,0
77.800,2,1,-84.4,4.1,0
77.800,2,1,-84.4,4.1,0
77.800,2,1,-84.4,4.1,0
77.800,2,1,-84.4,4.1,0
77.800,2,1,-84.4,4.1,0
77.800,2,1,-84.4,4.1,0
77.800,2,1,-84.4,4.1,0
77.800,2,1,-84.4,4.1,0
77.800,2,1,-84.4,4.1,0
77.900,2,1,-84.4,4.1,0
77.900,2,1,-84.4,4.1,0
77.900,2,1,-84.4,4.1,0
77.900,2,1,-84.4,4.1,0
77.900,2,1,-84.4,4.1,0
77.900,2,1,-84.4,4.1,0
77.900,2,1,-84.4,4.1,0
77.900,2,1,-84.4,4.1,0
77.900,2,1,-84.4,4.1,0
77.900,2,1,-84.4,4.1,0
78.000,2,1,-84.4,4.1,0
78.000,2,1,-84.4,4.1,0
78.000,2,1,-84.4,4.1,0
78.000,2,1,-84.4,4.1,0
78.000,2,1,-84.4,4.1,0
78.000,2,1,-84.4,4.1,0
78.000,2,1,-84.4,4.1,0
78.000,2,1,-84.4,4.1,0
78.000,2,1,-84.4,4.1,0
78.000,2,1,-84.4,4.1,0
78.000,2,1,-84.4,4.1,0
78.100,2,1,-84.4,4.1,0
78.100,2,1,-84.4,4.1,0
78.100,2,1,-84.4,4.1,0
78.100,2,1,-84.4,4.1,0
78.100,2,1,-84.4,4.1,0
78.100,2,1,-84.4,4.1,0
78.100,2,1,-84.4,4.1,0
78.100,2,1,-84.4,4.1,0
78.100,2,1,-84.4,4.1,0
78.100,2,1,-84.4,4.1,0
78.200,2,1,-84.4,4.1,0
78.200,2,1,-84.4,4.1,0
78.200,2,1,-84.4,4.1,0
78.200,2,1,-84.4,4.1,0
78.200,2,1,-84.4,4.1,0
78.200,2,1,-84.4,4.1,0
78.200,2,1,-84.4,4.1,0
78.200,2,1,-84.4,4.1,0
78.200,2,1,-84.4,4.1,0
78.200,2,1,-84.4,4.1,0
78.300,2,1,-84.4,4.1,0
78.300,2,1,-84.4,4.1,0
78.300,2,1,-84.4,4.1,0
78.300,2,1,-84.4,4.1,0
78.300,2,1,-84.4,4.1,0
78.300,2,1,-84.4,4.1,0
78.300,2,1,-84.4,4.1,0
78.300,2,1,-84.4,4.1,0
78.300,2,1,-84.4,4.1,0
78.300,2,1,-84.4,4.1,0
78.300,2,1,-84.4,4.1,0
78.400,2,1,-84.4,4.1,0
78.400,2,1,-84.4,4.1,0
78.400,2,1,-84.4,4.1,0
78.400,2,1,-84.4,4.1,0
78.400,2,1,-84.4,4.1,0
78.400,2,1,-84.4,4.1,0
78.400,2,1,-84.4,4.1,0
78.400,2,1,-84.4,4.1,0
78.400,2,1,-84.4,4.1,0
78.400,2,1,-84.4,4.1,0
78.500,2,1,-84.4,4.1,0
78.500,2,1,-84.4,4.1,0
78.500,2,1,-84.4,4.1,0
78.500,2,1,-84.4,4.1,0
78.500,2,1,-84.4,4.1,0
78.500,2,1,-84.4,4.1,0
78.500,2,1,-84.4,4.1,0
78.500,2,1,-84.4,4.1,0
78.500,2,1,-84.4,4.1,0
78.500,2,1,-84.4,4.1,0
78.500,2,1,-84.4,4.1,0
78.600,2,1,-84.4,4.1,0
78.600,2,1,-84.4,4.1,0
78.600,2,1,-84.4,4.1,0
78.600,2,1,-84.4,4.1,0
78.600,2,1,-84.4,4.1,0
78.600,2,1,-84.4,4.1,0
78.600,2,1,-84.4,4.1,0
78.600,2,1,-84.4,4.1,0
78.600,2,1,-84.4,4.1,0
78.600,2,1,-84.4,4.1,0
78.700,2,1,-84.4,4.1,0
78.700,2,1,-84.4,4.1,0
78.700,2,1,-84.4,4.1,0
78.700,2,1,-84.4,4.1,0
78.700,2,1,-84.4,4.1,0
78.700,2,1,-84.4,4.1,0
78.700,2,1,-84.4,4.1,0
78.700,2,1,-84.4,4.1,0
78.700,2,1,-84.4,4.1,0
78.700,2,1,-84.4,4.1,0
78.700,2,1,-84.4,4.1,0
78.800,2,1,-84.4,4.1,0
78.800,2,1,-84.4,4.1,0
78.800,2,1,-84.4,4.1,0
78.800,2,1,-84.4,4.1,0
78.800,2,1,-84.4,4.1,0
78.800,2,1,-84.4,4.1,0
78.800,2,1,-84.4,4.1,0
78.800,2,1,-84.4,4.1,0
78.800,2,1,-84.4,4.1,0
78.800,2,1,-84.4,4.1,0
78.900,2,1,-84.4,4.1,0
78.900,2,1,-84.4,4.1,0
78.900,2,1,-84.4,4.1,0
78.900,2,1,-84.4,4.1,0
78.900,2,1,-84.4,4.1,0
78.900,2,1,-84.4,4.1,0
78.900,2,1,-84.4,4.1,0
78.900,2,1,-84.4,4.1,0
78.900,2,1,-84.4,4.1,0
78.900,2,1,-84.4,4.1,0
79.000,2,1,-84.4,4.1,0
79.000,2,1,-84.4,4.1,0
79.000,2,1,-84.4,4.1,0
79.000,2,1,-84.4,4.1,0
79.000,2,1,-84.4,4.1,0
79.000,2,1,-84.4,4.1,0
79.000,2,1,-84.4,4.1,0
79.000,2,1,-84.4,4.1,0
79.000,2,1,-84.4,4.1,0
79.000,2,1,-84.4,4.1,0
79.000,2,1,-84.4,4.1,0
79.100,2,1,-84.4,4.1,0
79.100,2,1,-84.4,4.1,0
79.100,2,1,-84.4,4.1,0
79.100,2,1,-84.4,4.1,0
79.100,2,1,-84.4,4.1,0
79.100,2,1,-84.4,4.1,0
79.100,2,1,-84.4,4.1,0
79.100,2,1,-84.4,4.1,0
79.100,2,1,-84.4,4.1,0
79.100,2,1,-84.4,4.1,0
79.200,2,1,-84.4,4.1,0
79.200,2,1,-84.4,4.1,0
79.200,2,1,-84.4,4.1,0
79.200,2,1,-84.4,4.1,0
79.200,2,1,-84.4,4.1,0
79.200,2,1,-84.4,4.1,0
79.200,2,1,-84.4,4.1,0
79.200,2,1,-84.4,4.1,0
79.200,2,1,-84.4,4.1,0
79.200,2,1,-84.4,4.1,0
79.200,2,1,-84.4,4.1,0
79.300,2,1,-84.4,4.1,0
79.300,2,1,-84.4,4.1,0
79.300,2,1,-84.4,4.1,0
79.300,2,1,-84.4,4.1,0
79.300,2,1,-84.4,4.1,0
79.300,2,1,-84.4,4.1,0
79.300,2,1,-84.4,4.1,0
79.300,2,1,-84.4,4.1,0
79.300,2,1,-84.4,4.1,0
79.300,2,1,-84.4,4.1,0
79.400,2,1,-84.4,4.1,0
79.400,2,1,-84.4,4.1,0
79.400,2,1,-84.4,4.1,0
79.400,2,1,-84.4,4.1,0
79.400,2,1,-84.4,4.1,0
79.400,2,1,-84.4,4.1,0
79.400,2,1,-84.4,4.1,0
79.400,2,1,-84.4,4.1,0
79.400,2,1,-84.4,4.1,0
79.400,2,1,-84.4,4.1,0
79.400,2,1,-84.4,4.1,0
79.500,2,1,-84.4,4.1,0
79.500,2,1,-84.4,4.1,0
79.500,2,1,-84.4,4.1,0
79.500,2,1,-84.4,4.1,0
79.500,2,1,-84.4,4.1,0
79.500,2,1,-84.4,4.1,0
79.500,2,1,-84.4,4.1,0
79.500,2,1,-84.4,4.1,0
79.500,2,1,-84.4,4.1,0
79.500,2,1,-84.4,4.1,0
79.600,2,1,-84.4,4.1,0
79.600,2,1,-84.4,4.1,0
79.600,2,1,-84.4,4.1,0
79.600,2,1,-84.4,4.1,0
79.600,2,1,-84.4,4.1,0
79.600,2,1,-84.4,4.1,0
79.600,2,1,-84.4,4.1,0
79.600,2,1,-84.4,4.1,0
79.600,2,1,-84.4,4.1,0
79.600,2,1,-84.4,4.1,0
79.700,2,1,-84.4,4.1,0
79.700,2,1,-84.4,4.1,0
79.700,2,1,-84.4,4.1,0
79.700,2,1,-84.4,4.1,0
79.700,2,1,-84.4,4.1,0
79.700,2,1,-84.4,4.1,0
79.700,2,1,-84.4,4.1,0
79.700,2,1,-84.4,4.1,0
79.700,2,1,-84.4,4.1,0
79.700,2,1,-84.4,4.1,0
79.700,2,1,-84.4,4.1,0
79.800,2,1,-84.4,4.1,0
79.800,2,1,-84.4,4.1,0
79.800,2,1,-84.4,4.1,0
79.800,2,1,-84.4,4.1,0
79.800,2,1,-84.4,4.1,0
79.800,2,1,-84.4,4.1,0
79.800,2,1,-84.4,4.1,0
79.800,2,1,-84.4,4.1,0
79.800,2,1,-84.4,4.1,0
79.800,2,1,-84.4,4.1,0
79.900,2,1,-84.4,4.1,0
79.900,2,1,-84.4,4.1,0
79.900,2,1,-84.4,4.1,0
79.900,2,1,-84.4,4.1,0
79.900,2,1,-84.4,4.1,0
79.900,2,1,-84.4,4.1,0
79.900,2,1,-84.4,4.1,0
79.900,2,1,-84.4,4.1,0
79.900,2,1,-84.4,4.1,0
79.900,2,1,-84.4,4.1,0
79.900,2,1,-84.4,4.1,0
80.000,2,1,-84.4,4.1,0
80.000,2,1,-84.4,4.1,0
80.000,2,1,-84.4,4.1,0
80.000,2,1,-84.4,4.1,0
80.000,2,1,-84.4,4.1,0
80.000,2,1,-84.4,4.1,0
80.000,2,1,-84.4,4.1,0
80.000,2,1,-84.4,4.1,0
80.000,2,1,-84.4,4.1,0
80.000,2,1,-84.4,4.1,0
80.100,2,1,-84.4,4.1,0
80.100,2,1,-84.4,4.1,0
80.100,2,1,-84.4,4.1,0
80.100,2,1,-84.4,4.1,0
80.100,2,1,-84.4,4.1,0
80.100,2,1,-84.4,4.1,0
80.100,2,1,-84.4,4.1,0
80.100,2,1,-84.4,4.1,0
80.100,2,1,-84.4,4.1,0
80.100,2,1,-84.4,4.1,0
80.100,2,1,-84.4,4.1,0
80.200,2,1,-84.4,4.1,0
80.200,2,1,-84.4,4.1,0
80.200,2,1,-84.4,4.1,0
80.200,2,1,-84.4,4.1,0
80.200,2,1,-84.4,4.1,0
80.200,2,1,-84.4,4.1,0
80.200,2,1,-84.4,4.1,0
80.200,2,1,-84.4,4.1,0
80.200,2,1,-84.4,4.1,0
80.200,2,1,-84.4,4.1,0
80.300,2,1,-84.4,4.1,0
80.300,2,1,-84.4,4.1,0
80.300,2,1,-84.4,4.1,0
80.300,2,1,-84.4,4.1,0
80.300,2,1,-84.4,4.1,0
80.300,2,1,-84.4,4.1,0
80.300,2,1,-84.4,4.1,0
80.300,2,1,-84.4,4.1,0
80.300,2,1,-84.4,4.1,0
80.300,2,1,-84.4,4.1,0
80.300,2,1,-84.4,4.1,0
80.400,2,1,-84.4,4.1,0
80.400,2,1,-84.4,4.1,0
80.400,2,1,-84.4,4.1,0
80.400,2,1,-84.4,4.1,0
80.400,2,1,-84.4,4.1,0
80.400,2,1,-84.4,4.1,0
80.400,2,1,-84.4,4.1,0
80.400,2,1,-84.4,4.1,0
80.400,2,1,-84.4,4.1,0
80.400,2,1,-84.4,4.1,0
80.500,2,2,-84.4,-3.0,0
80.500,2,2,-84.4,-3.0,0
80.500,2,2,-84.4,-3.0,0
80.500,2,2,-84.4,-3.0,0
80.500,2,2,-84.4,-3.0,0
80.500,2,2,-84.4,-3.0,0
80.500,2,2,-84.4,-3.0,0
80.500,2,2,-84.4,-3.0,0
80.500,2,2,-84.4,-3.0,0
80.500,2,2,-84.4,-3.0,0
80.600,0,2,0.0,-3.0,0
80.600,0,2,0.0,-3.0,0
80.600,0,2,0.0,-3.0,0
80.600,0,2,0.0,-3.0,0
80.600,0,2,0.0,-3.0,0
80.600,0,2,0.0,-3.0,0
80.600,0,2,0.0,-3.0,0
80.600,0,2,0.0,-3.0,0
80.600,0,2,0.0,-3.0,0
80.600,0,2,0.0,-3.0,0
80.600,0,2,0.0,-3.0,0
80.700,0,2,0.0,-3.0,0
80.700,0,2,0.0,-3.0,0
80.700,0,2,0.0,-3.0,0
80.700,0,2,0.0,-3.0,0
80.700,0,2,0.0,-3.0,0
80.700,0,2,0.0,-3.0,0
80.700,0,2,0.0,-3.0,0
80.700,0,2,0.0,-3.0,0
80.700,0,2,0.0,-3.0,0
80.700,0,2,0.0,-3.0,0
80.800,0,2,0.0,-3.0,0
80.800,0,2,0.0,-3.0,0
80.800,0,2,0.0,-3.0,0
80.800,0,2,0.0,-3.0,0
80.800,0,2,0.0,-3.0,0
80.800,0,2,0.0,-3.0,0
80.800,0,2,0.0,-3.0,0
80.800,0,2,0.0,-3.0,0
80.800,0,2,0.0,-3.0,0
80.800,0,2,0.0,-3.0,0
80.800,0,2,0.0,-3.0,0
80.900,0,2,0.0,-3.0,0
80.900,0,2,0.0,-3.0,0
80.900,0,2,0.0,-3.0,0
80.900,0,2,0.0,-3.0,0
80.900,0,2,0.0,-3.0,0
80.900,0,2,0.0,-3.0,0
80.900,0,2,0.0,-3.0,0
80.900,0,2,0.0,-3.0,0
80.900,0,2,0.0,-3.0,0
80.900,0,2,0.0,-3.0,0
81.000,0,2,0.0,-3.0,0
81.000,0,2,0.0,-3.0,0
81.000,0,2,0.0,-3.0,0
81.000,0,2,0.0,-3.0,0
81.000,0,2,0.0,-3.0,0
81.000,0,2,0.0,-3.0,0
81.000,0,2,0.0,-3.0,0
81.000,0,2,0.0,-3.0,0
81.000,0,2,0.0,-3.0,0
81.000,0,2,0.0,-3.0,0
81.000,0,2,0.0,-3.0,0
81.100,0,2,0.0,-3.0,0
81.100,0,2,0.0,-3.0,0
81.100,0,2,0.0,-3.0,0
81.100,0,2,0.0,-3.0,0
81.100,0,2,0.0,-3.0,0
81.100,0,2,0.0,-3.0,0
81.100,0,2,0.0,-3.0,0
81.100,0,2,0.0,-3.0,0
81.100,0,2,0.0,-3.0,0
81.100,0,2,0.0,-3.0,0
81.200,0,2,0.0,-3.0,0
81.200,0,2,0.0,-3.0,0
81.200,0,2,0.0,-3.0,0
81.200,0,2,0.0,-3.0,0
81.200,0,2,0.0,-3.0,0
81.200,0,2,0.0,-3.0,0
81.200,0,2,0.0,-3.0,0
81.200,0,2,0.0,-3.0,0
81.200,0,2,0.0,-3.0,0
81.200,0,2,0.0,-3.0,0
81.300,0,2,0.0,-3.0,0
81.300,0,2,0.0,-3.0,0
81.300,0,2,0.0,-3.0,0
81.300,0,2,0.0,-3.0,0
81.300,0,2,0.0,-3.0,0
81.300,0,2,0.0,-3.0,0
81.300,0,2,0.0,-3.0,0
81.300,0,2,0.0,-3.0,0
81.300,0,2,0.0,-3.0,0
81.300,0,2,0.0,-3.0,0
81.300,0,2,0.0,-3.0,0
81.400,0,0,0.0,0.0,0
81.400,0,0,0.0,0.0,0
81.400,0,0,0.0,0.0,0
81.400,0,0,0.0,0.0,0
81.400,0,0,0.0,0.0,0
81.400,0,0,0.0,0.0,0
81.400,0,0,0.0,0.0,0
81.400,0,0,0.0,0.0,0
81.400,0,0,0.0,0.0,0
81.400,0,0,0.0,0.0,0
81.500,1,2,35.0,-2.0,0
81.500,1,2,35.0,-2.0,0
81.500,1,2,35.0,-2.0,0
81.500,1,2,35.0,-2.0,0
81.500,1,2,35.0,-2.0,0
81.500,1,2,35.0,-2.0,0
81.500,1,2,35.0,-2.0,0
81.500,1,2,35.0,-2.0,0
81.500,1,2,35.0,-2.0,0
81.500,1,2,35.0,-2.0,0
81.500,1,2,35.0,-2.0,0
81.600,1,2,35.0,-2.0,0
81.600,1,2,35.0,-2.0,0
81.600,1,2,35.0,-2.0,0
81.600,1,2,35.0,-2.0,0
81.600,1,2,35.0,-2.0,0
81.600,1,2,35.0,-2.0,0
81.600,1,2,35.0,-2.0,0
81.600,1,2,35.0,-2.0,0
81.600,1,2,35.0,-2.0,0
81.600,1,2,35.0,-2.0,0
81.700,1,2,35.0,-2.0,0
81.700,1,2,35.0,-2.0,0
81.700,1,2,35.0,-2.0,0
81.700,1,2,35.0,-2.0,0
81.700,1,2,35.0,-2.0,0
81.700,1,2,35.0,-2.0,0
81.700,1,2,35.0,-2.0,0
81.700,1,2,35.0,-2.0,0
81.700,1,2,35.0,-2.0,0
81.700,1,2,35.0,-2.0,0
81.700,1,2,35.0,-2.0,0
81.800,1,2,35.0,-2.0,0
81.800,1,2,35.0,-2.0,0
81.800,1,2,35.0,-2.0,0
81.800,1,2,35.0,-2.0,0
81.800,1,2,35.0,-2.0,0
81.800,1,2,35.0,-2.0,0
81.800,1,2,35.0,-2.0,0
81.800,1,2,35.0,-2.0,0
81.800,1,2,35.0,-2.0,0
81.800,1,2,35.0,-2.0,0
81.900,1,2,35.0,-2.0,0
81.900,1,2,35.0,-2.0,0
81.900,1,2,35.0,-2.0,0
81.900,1,2,35.0,-2.0,0
81.900,1,2,35.0,-2.0,0
81.900,1,2,35.0,-2.0,0
81.900,1,2,35.0,-2.0,0
81.900,1,2,35.0,-2.0,0
81.900,1,2,35.0,-2.0,0
81.900,1,2,35.0,-2.0,0
82.000,1,2,35.0,-2.0,0
82.000,1,2,35.0,-2.0,0
82.000,1,2,35.0,-2.0,0
82.000,1,2,35.0,-2.0,0
82.000,1,2,35.0,-2.0,0
82.000,1,2,35.0,-2.0,0
82.000,1,2,35.0,-2.0,0
82.000,1,2,35.0,-2.0,0
82.000,1,2,35.0,-2.0,0
82.000,1,2,35.0,-2.0,0
82.000,1,2,35.0,-2.0,0
82.100,1,2,35.0,-2.0,0
82.100,1,2,35.0,-2.0,0
82.100,1,2,35.0,-2.0,0
82.100,1,2,35.0,-2.0,0
82.100,1,2,35.0,-2.0,0
82.100,1,2,35.0,-2.0,0
82.100,1,2,35.0,-2.0,0
82.100,1,2,35.0,-2.0,0
82.100,1,2,35.0,-2.0,0
82.100,1,2,35.0,-2.0,0
82.200,1,2,35.0,-2.0,0
82.200,1,2,35.0,-2.0,0
82.200,1,2,35.0,-2.0,0
82.200,1,2,35.0,-2.0,0
82.200,1,2,35.0,-2.0,0
82.200,1,2,35.0,-2.0,0
82.200,1,2,35.0,-2.0,0
82.200,1,2,35.0,-2.0,0
82.200,1,2,35.0,-2.0,0
82.200,1,2,35.0,-2.0,0
82.200,1,2,35.0,-2.0,0
82.300,1,2,35.0,-2.0,0
82.300,1,2,35.0,-2.0,0
82.300,1,2,35.0,-2.0,0
82.300,1,2,35.0,-2.0,0
82.300,1,2,35.0,-2.0,0
82.300,1,2,35.0,-2.0,0
82.300,1,2,35.0,-2.0,0
82.300,1,2,35.0,-2.0,0
82.300,1,2,35.0,-2.0,0
82.300,1,2,35.0,-2.0,0
82.400,1,2,35.0,-2.0,0
82.400,1,2,35.0,-2.0,0
82.400,1,2,35.0,-2.0,0
82.400,1,2,35.0,-2.0,0
82.400,1,2,35.0,-2.0,0
82.400,1,2,35.0,-2.0,0
82.400,1,2,35.0,-2.0,0
82.400,1,2,35.0,-2.0,0
82.400,1,2,35.0,-2.0,0
82.400,1,2,35.0,-2.0,0
82.400,1,2,35.0,-2.0,0
82.500,1,2,35.0,-2.0,0
82.500,1,2,35.0,-2.0,0
82.500,1,2,35.0,-2.0,0
82.500,1,2,35.0,-2.0,0
82.500,1,2,35.0,-2.0,0
82.500,1,2,35.0,-2.0,0
82.500,1,2,35.0,-2.0,0
82.500,1,2,35.0,-2.0,0
82.500,1,2,35.0,-2.0,0
82.500,1,2,35.0,-2.0,0
82.600,1,2,35.0,-2.0,0
82.600,1,2,35.0,-2.0,0
82.600,1,2,35.0,-2.0,0
82.600,1,2,35.0,-2.0,0
82.600,1,2,35.0,-2.0,0
82.600,1,2,35.0,-2.0,0
82.600,1,2,35.0,-2.0,0
82.600,1,2,35.0,-2.0,0
82.600,1,2,35.0,-2.0,0
82.600,1,2,35.0,-2.0,0
82.700,1,2,35.0,-2.0,0
82.700,1,2,35.0,-2.0,0
82.700,1,2,35.0,-2.0,0
82.700,1,2,35.0,-2.0,0
82.700,1,2,35.0,-2.0,0
82.700,1,2,35.0,-2.0,0
82.700,1,2,35.0,-2.0,0
82.700,1,2,35.0,-2.0,0
82.700,1,2,35.0,-2.0,0
82.700,1,2,35.0,-2.0,0
82.700,1,2,35.0,-2.0,0
82.800,1,2,35.0,-2.0,0
82.800,1,2,35.0,-2.0,0
82.800,1,2,35.0,-2.0,0
82.800,1,2,35.0,-2.0,0
82.800,1,2,35.0,-2.0,0
82.800,1,2,35.0,-2.0,0
82.800,1,2,35.0,-2.0,0
82.800,1,2,35.0,-2.0,0
82.800,1,2,35.0,-2.0,0
82.800,1,2,35.0,-2.0,0
82.900,1,2,35.0,-2.0,0
82.900,1,2,35.0,-2.0,0
82.900,1,2,35.0,-2.0,0
82.900,1,2,35.0,-2.0,0
82.900,1,2,35.0,-2.0,0
82.900,1,2,35.0,-2.0,0
82.900,1,2,35.0,-2.0,0
82.900,1,2,35.0,-2.0,0
82.900,1,2,35.0,-2.0,0
82.900,1,2,35.0,-2.0,0
82.900,1,2,35.0,-2.0,0
83.000,1,2,35.0,-2.0,0
83.000,1,2,35.0,-2.0,0
83.000,1,2,35.0,-2.0,0
83.000,1,2,35.0,-2.0,0
83.000,1,2,35.0,-2.0,0
83.000,1,2,35.0,-2.0,0
83.000,1,2,35.0,-2.0,0
83.000,1,2,35.0,-2.0,0
83.000,1,2,35.0,-2.0,0
83.000,1,2,35.0,-2.0,0
83.100,1,2,35.0,-2.0,0
83.100,1,2,35.0,-2.0,0
83.100,1,2,35.0,-2.0,0
83.100,1,2,35.0,-2.0,0
83.100,1,2,35.0,-2.0,0
83.100,1,2,35.0,-2.0,0
83.100,1,2,35.0,-2.0,0
83.100,1,2,35.0,-2.0,0
83.100,1,2,35.0,-2.0,0
83.100,1,2,35.0,-2.0,0
83.100,1,2,35.0,-2.0,0
83.200,1,2,35.0,-2.0,0
83.200,1,2,35.0,-2.0,0
83.200,1,2,35.0,-2.0,0
83.200,1,2,35.0,-2.0,0
83.200,1,2,35.0,-2.0,0
83.200,1,2,35.0,-2.0,0
83.200,1,2,35.0,-2.0,0
83.200,1,2,35.0,-2.0,0
83.200,1,2,35.0,-2.0,0
83.200,1,2,35.0,-2.0,0
83.300,1,2,35.0,-2.0,0
83.300,1,2,35.0,-2.0,0
83.300,1,2,35.0,-2.0,0
83.300,1,2,35.0,-2.0,0
83.300,1,2,35.0,-2.0,0
83.300,1,2,35.0,-2.0,0
83.300,1,2,35.0,-2.0,0
83.300,1,2,35.0,-2.0,0
83.300,1,2,35.0,-2.0,0
83.300,1,2,35.0,-2.0,0
83.300,1,2,35.0,-2.0,0
83.400,1,2,35.0,-2.0,0
83.400,1,2,35.0,-2.0,0
83.400,1,2,35.0,-2.0,0
83.400,1,2,35.0,-2.0,0
83.400,1,2,35.0,-2.0,0
83.400,1,2,35.0,-2.0,0
83.400,1,2,35.0,-2.0,0
83.400,1,2,35.0,-2.0,0
83.400,1,2,35.0,-2.0,0
83.400,1,2,35.0,-2.0,0
83.500,1,2,35.0,-2.0,0
83.500,1,2,35.0,-2.0,0
83.500,1,2,35.0,-2.0,0
83.500,1,2,35.0,-2.0,0
83.500,1,2,35.0,-2.0,0
83.500,1,2,35.0,-2.0,0
83.500,1,2,35.0,-2.0,0
83.500,1,2,35.0,-2.0,0
83.500,1,2,35.0,-2.0,0
83.500,1,2,35.0,-2.0,0
83.600,1,2,35.0,-2.0,0
83.600,1,2,35.0,-2.0,0
83.600,1,2,35.0,-2.0,0
83.600,1,2,35.0,-2.0,0
83.600,1,2,35.0,-2.0,0
83.600,1,2,35.0,-2.0,0
83.600,1,2,35.0,-2.0,0
83.600,1,2,35.0,-2.0,0
83.600,1,2,35.0,-2.0,0
83.600,1,2,35.0,-2.0,0
83.600,1,2,35.0,-2.0,0
83.700,1,2,35.0,-2.0,0
83.700,1,2,35.0,-2.0,0
83.700,1,2,35.0,-2.0,0
83.700,1,2,35.0,-2.0,0
83.700,1,2,35.0,-2.0,0
83.700,1,2,35.0,-2.0,0
83.700,1,2,35.0,-2.0,0
83.700,1,2,35.0,-2.0,0
83.700,1,2,35.0,-2.0,0
83.700,1,2,35.0,-2.0,0
83.800,1,2,35.0,-2.0,0
83.800,1,2,35.0,-2.0,0
83.800,1,2,35.0,-2.0,0
83.800,1,2,35.0,-2.0,0
83.800,1,2,35.0,-2.0,0
83.800,1,2,35.0,-2.0,0
83.800,1,2,35.0,-2.0,0
83.800,1,2,35.0,-2.0,0
83.800,1,2,35.0,-2.0,0
83.800,1,2,35.0,-2.0,0
83.800,1,2,35.0,-2.0,0
83.900,1,2,35.0,-2.0,0
83.900,1,2,35.0,-2.0,0
83.900,1,2,35.0,-2.0,0
83.900,1,2,35.0,-2.0,0
83.900,1,2,35.0,-2.0,0
83.900,1,2,35.0,-2.0,0
83.900,1,2,35.0,-2.0,0
83.900,1,2,35.0,-2.0,0
83.900,1,2,35.0,-2.0,0
83.900,1,2,35.0,-2.0,0
84.000,1,2,35.0,-2.0,0
84.000,1,2,35.0,-2.0,0
84.000,1,2,35.0,-2.0,0
84.000,1,2,35.0,-2.0,0
84.000,1,2,35.0,-2.0,0
84.000,1,2,35.0,-2.0,0
84.000,1,2,35.0,-2.0,0
84.000,1,2,35.0,-2.0,0
84.000,1,2,35.0,-2.0,0
84.000,1,2,35.0,-2.0,0
84.000,1,2,35.0,-2.0,0
84.100,1,2,35.0,-2.0,0
84.100,1,2,35.0,-2.0,0
84.100,1,2,35.0,-2.0,0
84.100,1,2,35.0,-2.0,0
84.100,1,2,35.0,-2.0,0
84.100,1,2,35.0,-2.0,0
84.100,1,2,35.0,-2.0,0
84.100,1,2,35.0,-2.0,0
84.100,1,2,35.0,-2.0,0
84.100,1,2,35.0,-2.0,0
84.200,1,2,35.0,-2.0,0
84.200,1,2,35.0,-2.0,0
84.200,1,2,35.0,-2.0,0
84.200,1,2,35.0,-2.0,0
84.200,1,2,35.0,-2.0,0
84.200,1,2,35.0,-2.0,0
84.200,1,2,35.0,-2.0,0
84.200,1,2,35.0,-2.0,0
84.200,1,2,35.0,-2.0,0
84.200,1,2,35.0,-2.0,0
84.200,1,2,35.0,-2.0,0
84.300,1,2,35.0,-2.0,0
84.300,1,2,35.0,-2.0,0
84.300,1,2,35.0,-2.0,0
84.300,1,2,35.0,-2.0,0
84.300,1,2,35.0,-2.0,0
84.300,1,2,35.0,-2.0,0
84.300,1,2,35.0,-2.0,0
84.300,1,2,35.0,-2.0,0
84.300,1,2,35.0,-2.0,0
84.300,1,2,35.0,-2.0,0
84.400,1,2,35.0,-2.0,0
84.400,1,2,35.0,-2.0,0
84.400,1,2,35.0,-2.0,0
84.400,1,2,35.0,-2.0,0
84.400,1,2,35.0,-2.0,0
84.400,1,2,35.0,-2.0,0
84.400,1,2,35.0,-2.0,0
84.400,1,2,35.0,-2.0,0
84.400,1,2,35.0,-2.0,0
84.400,1,2,35.0,-2.0,0
84.500,1,2,35.0,-2.0,0
84.500,1,2,35.0,-2.0,0
84.500,1,2,35.0,-2.0,0
84.500,1,2,35.0,-2.0,0
84.500,1,2,35.0,-2.0,0
84.500,1,2,35.0,-2.0,0
84.500,1,2,35.0,-2.0,0
84.500,1,2,35.0,-2.0,0
84.500,1,2,35.0,-2.0,0
84.500,1,2,35.0,-2.0,0
84.500,1,2,35.0,-2.0,0
84.600,1,2,35.0,-2.0,0
84.600,1,2,35.0,-2.0,0
84.600,1,2,35.0,-2.0,0
84.600,1,2,35.0,-2.0,0
84.600,1,2,35.0,-2.0,0
84.600,1,2,35.0,-2.0,0
84.600,1,2,35.0,-2.0,0
84.600,1,2,35.0,-2.0,0
84.600,1,2,35.0,-2.0,0
84.600,1,2,35.0,-2.0,0
84.700,1,2,35.0,-2.0,0
84.700,1,2,35.0,-2.0,0
84.700,1,2,35.0,-2.0,0
84.700,1,2,35.0,-2.0,0
84.700,1,2,35.0,-2.0,0
84.700,1,2,35.0,-2.0,0
84.700,1,2,35.0,-2.0,0
84.700,1,2,35.0,-2.0,0
84.700,1,2,35.0,-2.0,0
84.700,1,2,35.0,-2.0,0
84.700,1,2,35.0,-2.0,0
84.800,1,2,35.0,-2.0,0
84.800,1,2,35.0,-2.0,0
84.800,1,2,35.0,-2.0,0
84.800,1,2,35.0,-2.0,0
84.800,1,2,35.0,-2.0,0
84.800,1,2,35.0,-2.0,0
84.800,1,2,35.0,-2.0,0
84.800,1,2,35.0,-2.0,0
84.800,1,2,35.0,-2.0,0
84.800,1,2,35.0,-2.0,0
84.900,1,2,35.0,-2.0,0
84.900,1,2,35.0,-2.0,0
84.900,1,2,35.0,-2.0,0
84.900,1,2,35.0,-2.0,0
84.900,1,2,35.0,-2.0,0
84.900,1,2,35.0,-2.0,0
84.900,1,2,35.0,-2.0,0
84.900,1,2,35.0,-2.0,0
84.900,1,2,35.0,-2.0,0
84.900,1,2,35.0,-2.0,0
84.900,1,2,35.0,-2.0,0
85.000,1,2,35.0,-2.0,0
85.000,1,2,35.0,-2.0,0
85.000,1,2,35.0,-2.0,0
85.000,1,2,35.0,-2.0,0
85.000,1,2,35.0,-2.0,0
85.000,1,2,35.0,-2.0,0
85.000,1,2,35.0,-2.0,0
85.000,1,2,35.0,-2.0,0
85.000,1,2,35.0,-2.0,0
85.000,1,2,35.0,-2.0,0
85.100,1,2,35.0,-2.0,0
85.100,1,2,35.0,-2.0,0
85.100,1,2,35.0,-2.0,0
85.100,1,2,35.0,-2.0,0
85.100,1,2,35.0,-2.0,0
85.100,1,2,35.0,-2.0,0
85.100,1,2,35.0,-2.0,0
85.100,1,2,35.0,-2.0,0
85.100,1,2,35.0,-2.0,0
85.100,1,2,35.0,-2.0,0
85.200,1,2,35.0,-2.0,0
85.200,1,2,35.0,-2.0,0
85.200,1,2,35.0,-2.0,0
85.200,1,2,35.0,-2.0,0
85.200,1,2,35.0,-2.0,0
85.200,1,2,35.0,-2.0,0
85.200,1,2,35.0,-2.0,0
85.200,1,2,35.0,-2.0,0
85.200,1,2,35.0,-2.0,0
85.200,1,2,35.0,-2.0,0
85.200,1,2,35.0,-2.0,0
85.300,1,2,35.0,-2.0,0
85.300,1,2,35.0,-2.0,0
85.300,1,2,35.0,-2.0,0
85.300,1,2,35.0,-2.0,0
85.300,1,2,35.0,-2.0,0
85.300,1,2,35.0,-2.0,0
85.300,1,2,35.0,-2.0,0
85.300,1,2,35.0,-2.0,0
85.300,1,2,35.0,-2.0,0
85.300,1,2,35.0,-2.0,0
85.400,1,2,35.0,-2.0,0
85.400,1,2,35.0,-2.0,0
85.400,1,2,35.0,-2.0,0
85.400,1,2,35.0,-2.0,0
85.400,1,2,35.0,-2.0,0
85.400,1,2,35.0,-2.0,0
85.400,1,2,35.0,-2.0,0
85.400,1,2,35.0,-2.0,0
85.400,1,2,35.0,-2.0,0
85.400,1,2,35.0,-2.0,0
85.400,1,2,35.0,-2.0,0
85.500,1,2,35.0,-2.0,0
85.500,1,2,35.0,-2.0,0
85.500,1,2,35.0,-2.0,0
85.500,1,2,35.0,-2.0,0
85.500,1,2,35.0,-2.0,0
85.500,1,2,35.0,-2.0,0
85.500,1,2,35.0,-2.0,0
85.500,1,2,35.0,-2.0,0
85.500,1,2,35.0,-2.0,0
85.500,1,2,35.0,-2.0,0
85.600,1,2,35.0,-2.0,0
85.600,1,2,35.0,-2.0,0
85.600,1,2,35.0,-2.0,0
85.600,1,2,35.0,-2.0,0
85.600,1,2,35.0,-2.0,0
85.600,1,2,35.0,-2.0,0
85.600,1,2,35.0,-2.0,0
85.600,1,2,35.0,-2.0,0
85.600,1,2,35.0,-2.0,0
85.600,1,2,35.0,-2.0,0
85.600,1,2,35.0,-2.0,0
85.700,1,2,35.0,-2.0,0
85.700,1,2,35.0,-2.0,0
85.700,1,2,35.0,-2.0,0
85.700,1,2,35.0,-2.0,0
85.700,1,2,35.0,-2.0,0
85.700,1,2,35.0,-2.0,0
85.700,1,2,35.0,-2.0,0
85.700,1,2,35.0,-2.0,0
85.700,1,2,35.0,-2.0,0
85.700,1,2,35.0,-2.0,0
85.800,1,2,35.0,-2.0,0
85.800,1,2,35.0,-2.0,0
85.800,1,2,35.0,-2.0,0
85.800,1,2,35.0,-2.0,0
85.800,1,2,35.0,-2.0,0
85.800,1,2,35.0,-2.0,0
85.800,1,2,35.0,-2.0,0
85.800,1,2,35.0,-2.0,0
85.800,1,2,35.0,-2.0,0
85.800,1,2,35.0,-2.0,0
85.800,1,2,35.0,-2.0,0
85.900,1,2,35.0,-2.0,0
85.900,1,2,35.0,-2.0,0
85.900,1,2,35.0,-2.0,0
85.900,1,2,35.0,-2.0,0
85.900,1,2,35.0,-2.0,0
85.900,1,2,35.0,-2.0,0
85.900,1,2,35.0,-2.0,0
85.900,1,2,35.0,-2.0,0
85.900,1,2,35.0,-2.0,0
85.900,1,2,35.0,-2.0,0
86.000,1,2,35.0,-2.0,0
86.000,1,2,35.0,-2.0,0
86.000,1,2,35.0,-2.0,0
86.000,1,2,35.0,-2.0,0
86.000,1,2,35.0,-2.0,0
86.000,1,2,35.0,-2.0,0
86.000,1,2,35.0,-2.0,0
86.000,1,2,35.0,-2.0,0
86.000,1,2,35.0,-2.0,0
86.000,1,2,35.0,-2.0,0
86.100,1,2,35.0,-2.0,0
86.100,1,2,35.0,-2.0,0
86.100,1,2,35.0,-2.0,0
86.100,1,2,35.0,-2.0,0
86.100,1,2,35.0,-2.0,0
86.100,1,2,35.0,-2.0,0
86.100,1,2,35.0,-2.0,0
86.100,1,2,35.0,-2.0,0
86.100,1,2,35.0,-2.0,0
86.100,1,2,35.0,-2.0,0
86.100,1,2,35.0,-2.0,0
86.200,1,2,35.0,-2.0,0
86.200,1,2,35.0,-2.0,0
86.200,1,2,35.0,-2.0,0
86.200,1,2,35.0,-2.0,0
86.200,1,2,35.0,-2.0,0
86.200,1,2,35.0,-2.0,0
86.200,1,2,35.0,-2.0,0
86.200,1,2,35.0,-2.0,0
86.200,1,2,35.0,-2.0,0
86.200,1,2,35.0,-2.0,0
86.300,1,2,35.0,-2.0,0
86.300,1,2,35.0,-2.0,0
86.300,1,2,35.0,-2.0,0
86.300,1,2,35.0,-2.0,0
86.300,1,2,35.0,-2.0,0
86.300,1,2,35.0,-2.0,0
86.300,1,2,35.0,-2.0,0
86.300,1,2,35.0,-2.0,0
86.300,1,2,35.0,-2.0,0
86.300,1,2,35.0,-2.0,0
86.300,1,2,35.0,-2.0,0
86.400,1,2,35.0,-2.0,0
86.400,1,2,35.0,-2.0,0
86.400,1,2,35.0,-2.0,0
86.400,1,2,35.0,-2.0,0
86.400,1,2,35.0,-2.0,0
86.400,1,2,35.0,-2.0,0
86.400,1,2,35.0,-2.0,0
86.400,1,2,35.0,-2.0,0
86.400,1,2,35.0,-2.0,0
86.400,1,2,35.0,-2.0,0
86.500,1,2,35.0,-2.0,0
86.500,1,2,35.0,-2.0,0
86.500,1,2,35.0,-2.0,0
86.500,1,2,35.0,-2.0,0
86.500,1,2,35.0,-2.0,0
86.500,1,2,35.0,-2.0,0
86.500,1,2,35.0,-2.0,0
86.500,1,2,35.0,-2.0,0
86.500,1,2,35.0,-2.0,0
86.500,1,2,35.0,-2.0,0
86.500,1,2,35.0,-2.0,0
86.600,1,2,35.0,-2.0,0
86.600,1,2,35.0,-2.0,0
86.600,1,2,35.0,-2.0,0
86.600,1,2,35.0,-2.0,0
86.600,1,2,35.0,-2.0,0
86.600,1,2,35.0,-2.0,0
86.600,1,2,35.0,-2.0,0
86.600,1,2,35.0,-2.0,0
86.600,1,2,35.0,-2.0,0
86.600,1,2,35.0,-2.0,0
86.700,1,2,35.0,-2.0,0
86.700,1,2,35.0,-2.0,0
86.700,1,2,35.0,-2.0,0
86.700,1,2,35.0,-2.0,0
86.700,1,2,35.0,-2.0,0
86.700,1,2,35.0,-2.0,0
86.700,1,2,35.0,-2.0,0
86.700,1,2,35.0,-2.0,0
86.700,1,2,35.0,-2.0,0
86.700,1,2,35.0,-2.0,0
86.800,1,2,35.0,-2.0,0
86.800,1,2,35.0,-2.0,0
86.800,1,2,35.0,-2.0,0
86.800,1,2,35.0,-2.0,0
86.800,1,2,35.0,-2.0,0
86.800,1,2,35.0,-2.0,0
86.800,1,2,35.0,-2.0,0
86.800,1,2,35.0,-2.0,0
86.800,1,2,35.0,-2.0,0
86.800,1,2,35.0,-2.0,0
86.800,1,2,35.0,-2.0,0
86.900,1,2,35.0,-2.0,0
86.900,1,2,35.0,-2.0,0
86.900,1,2,35.0,-2.0,0
86.900,1,2,35.0,-2.0,0
86.900,1,2,35.0,-2.0,0
86.900,1,2,35.0,-2.0,0
86.900,1,2,35.0,-2.0,0
86.900,1,2,35.0,-2.0,0
86.900,1,2,35.0,-2.0,0
86.900,1,2,35.0,-2.0,0
87.000,1,2,35.0,-2.0,0
87.000,1,2,35.0,-2.0,0
87.000,1,2,35.0,-2.0,0
87.000,1,2,35.0,-2.0,0
87.000,1,2,35.0,-2.0,0
87.000,1,2,35.0,-2.0,0
87.000,1,2,35.0,-2.0,0
87.000,1,2,35.0,-2.0,0
87.000,1,2,35.0,-2.0,0
87.000,1,2,35.0,-2.0,0
87.000,1,2,35.0,-2.0,0
87.100,1,2,35.0,-2.0,0
87.100,1,2,35.0,-2.0,0
87.100,1,2,35.0,-2.0,0
87.100,1,2,35.0,-2.0,0
87.100,1,2,35.0,-2.0,0
87.100,1,2,35.0,-2.0,0
87.100,1,2,35.0,-2.0,0
87.100,1,2,35.0,-2.0,0
87.100,1,2,35.0,-2.0,0
87.100,1,2,35.0,-2.0,0
87.200,1,2,35.0,-2.0,0
87.200,1,2,35.0,-2.0,0
87.200,1,2,35.0,-2.0,0
87.200,1,2,35.0,-2.0,0
87.200,1,2,35.0,-2.0,0
87.200,1,2,35.0,-2.0,0
87.200,1,2,35.0,-2.0,0
87.200,1,2,35.0,-2.0,0
87.200,1,2,35.0,-2.0,0
87.200,1,2,35.0,-2.0,0
87.200,1,2,35.0,-2.0,0
87.300,1,2,35.0,-2.0,0
87.300,1,2,35.0,-2.0,0
87.300,1,2,35.0,-2.0,0
87.300,1,2,35.0,-2.0,0
87.300,1,2,35.0,-2.0,0
87.300,1,2,35.0,-2.0,0
87.300,1,2,35.0,-2.0,0
87.300,1,2,35.0,-2.0,0
87.300,1,2,35.0,-2.0,0
87.300,1,2,35.0,-2.0,0
87.400,1,2,35.0,-2.0,0
87.400,1,2,35.0,-2.0,0
87.400,1,2,35.0,-2.0,0
87.400,1,2,35.0,-2.0,0
87.400,1,2,35.0,-2.0,0
87.400,1,2,35.0,-2.0,0
87.400,1,2,35.0,-2.0,0
87.400,1,2,35.0,-2.0,0
87.400,1,2,35.0,-2.0,0
87.400,1,2,35.0,-2.0,0
87.500,1,2,35.0,-2.0,0
87.500,1,2,35.0,-2.0,0
87.500,1,2,35.0,-2.0,0
87.500,1,2,35.0,-2.0,0
87.500,1,2,35.0,-2.0,0
87.500,1,2,35.0,-2.0,0
87.500,1,2,35.0,-2.0,0
87.500,1,2,35.0,-2.0,0
87.500,1,2,35.0,-2.0,0
87.500,1,2,35.0,-2.0,0
87.500,1,2,35.0,-2.0,0
87.600,1,2,35.0,-2.0,0
87.600,1,2,35.0,-2.0,0
87.600,1,2,35.0,-2.0,0
87.600,1,2,35.0,-2.0,0
87.600,1,2,35.0,-2.0,0
87.600,1,2,35.0,-2.0,0
87.600,1,2,35.0,-2.0,0
87.600,1,2,35.0,-2.0,0
87.600,1,2,35.0,-2.0,0
87.600,1,2,35.0,-2.0,0
87.700,1,2,35.0,-2.0,0
87.700,1,2,35.0,-2.0,0
87.700,1,2,35.0,-2.0,0
87.700,1,2,35.0,-2.0,0
87.700,1,2,35.0,-2.0,0
87.700,1,2,35.0,-2.0,0
87.700,1,2,35.0,-2.0,0
87.700,1,2,35.0,-2.0,0
87.700,1,2,35.0,-2.0,0
87.700,1,2,35.0,-2.0,0
87.700,1,2,35.0,-2.0,0
87.800,0,2,0.0,-2.0,0
87.800,0,2,0.0,-2.0,0
87.800,0,2,0.0,-2.0,0
87.800,0,2,0.0,-2.0,0
87.800,0,2,0.0,-2.0,0
87.800,0,2,0.0,-2.0,0
87.800,0,2,0.0,-2.0,0
87.800,0,2,0.0,-2.0,0
87.800,0,2,0.0,-2.0,0
87.800,0,2,0.0,-2.0,0
87.900,0,2,0.0,-2.0,0
87.900,0,2,0.0,-2.0,0
87.900,0,2,0.0,-2.0,0
87.900,0,2,0.0,-2.0,0
87.900,0,2,0.0,-2.0,0
87.900,0,2,0.0,-2.0,0
87.900,0,2,0.0,-2.0,0
87.900,0,2,0.0,-2.0,0
87.900,0,2,0.0,-2.0,0
87.900,0,2,0.0,-2.0,0
87.900,0,2,0.0,-2.0,0
88.000,0,2,0.0,-2.0,0
88.000,0,2,0.0,-2.0,0
88.000,0,2,0.0,-2.0,0
88.000,0,2,0.0,-2.0,0
88.000,0,2,0.0,-2.0,0
88.000,0,2,0.0,-2.0,0
88.000,0,2,0.0,-2.0,0
88.000,0,2,0.0,-2.0,0
88.000,0,2,0.0,-2.0,0
88.000,0,2,0.0,-2.0,0
88.100,0,2,0.0,-2.0,0
88.100,0,2,0.0,-2.0,0
88.100,0,2,0.0,-2.0,0
88.100,0,2,0.0,-2.0,0
88.100,0,2,0.0,-2.0,0
88.100,0,2,0.0,-2.0,0
88.100,0,2,0.0,-2.0,0
88.100,0,2,0.0,-2.0,0
88.100,0,2,0.0,-2.0,0
88.100,0,2,0.0,-2.0,0
88.100,0,2,0.0,-2.0,0
88.200,0,2,0.0,-2.0,0
88.200,0,2,0.0,-2.0,0
88.200,0,2,0.0,-2.0,0
88.200,0,2,0.0,-2.0,0
88.200,0,2,0.0,-2.0,0
88.200,0,2,0.0,-2.0,0
88.200,0,2,0.0,-2.0,0
88.200,0,2,0.0,-2.0,0
88.200,0,2,0.0,-2.0,0
88.200,0,2,0.0,-2.0,0
88.300,0,2,0.0,-2.0,0
88.300,0,2,0.0,-2.0,0
88.300,0,2,0.0,-2.0,0
88.300,0,2,0.0,-2.0,0
88.300,0,2,0.0,-2.0,0
88.300,0,2,0.0,-2.0,0
88.300,0,2,0.0,-2.0,0
88.300,0,2,0.0,-2.0,0
88.300,0,2,0.0,-2.0,0
88.300,0,2,0.0,-2.0,0
88.400,0,2,0.0,-2.0,0
88.400,0,2,0.0,-2.0,0
88.400,0,2,0.0,-2.0,0
88.400,0,2,0.0,-2.0,0
88.400,0,2,0.0,-2.0,0
88.400,0,2,0.0,-2.0,0
88.400,0,2,0.0,-2.0,0
88.400,0,2,0.0,-2.0,0
88.400,0,2,0.0,-2.0,0
88.400,0,2,0.0,-2.0,0
88.400,0,2,0.0,-2.0,0
88.500,0,2,0.0,-2.0,0
88.500,0,2,0.0,-2.0,0
88.500,0,2,0.0,-2.0,0
88.500,0,2,0.0,-2.0,0
88.500,0,2,0.0,-2.0,0
88.500,0,2,0.0,-2.0,0
88.500,0,2,0.0,-2.0,0
88.500,0,2,0.0,-2.0,0
88.500,0,2,0.0,-2.0,0
88.500,0,2,0.0,-2.0,0
88.600,1,0,37.0,0.0,0
88.600,1,0,37.0,0.0,0
88.600,1,0,37.0,0.0,0
88.600,1,0,37.0,0.0,0
88.600,1,0,37.0,0.0,0
88.600,1,0,37.0,0.0,0
88.600,1,0,37.0,0.0,0
88.600,1,0,37.0,0.0,0
88.600,1,0,37.0,0.0,0
88.600,1,0,37.0,0.0,0
88.600,1,0,37.0,0.0,0
88.700,1,0,37.0,0.0,0
88.700,1,0,37.0,0.0,0
88.700,1,0,37.0,0.0,0
88.700,1,0,37.0,0.0,0
88.700,1,0,37.0,0.0,0
88.700,1,0,37.0,0.0,0
88.700,1,0,37.0,0.0,0
88.700,1,0,37.0,0.0,0
88.700,1,0,37.0,0.0,0
88.700,1,0,37.0,0.0,0
88.800,1,0,37.0,0.0,0
88.800,1,0,37.0,0.0,0
88.800,1,0,37.0,0.0,0
88.800,1,0,37.0,0.0,0
88.800,1,0,37.0,0.0,0
88.800,1,0,37.0,0.0,0
88.800,1,0,37.0,0.0,0
88.800,1,0,37.0,0.0,0
88.800,1,0,37.0,0.0,0
88.800,1,0,37.0,0.0,0
88.800,1,0,37.0,0.0,0
88.900,1,0,37.0,0.0,0
88.900,1,0,37.0,0.0,0
88.900,1,0,37.0,0.0,0
88.900,1,0,37.0,0.0,0
88.900,1,0,37.0,0.0,0
88.900,1,0,37.0,0.0,0
88.900,1,0,37.0,0.0,0
88.900,1,0,37.0,0.0,0
88.900,1,0,37.0,0.0,0
88.900,1,0,37.0,0.0,0
89.000,1,0,37.0,0.0,0
89.000,1,0,37.0,0.0,0
89.000,1,0,37.0,0.0,0
89.000,1,0,37.0,0.0,0
89.000,1,0,37.0,0.0,0
89.000,1,0,37.0,0.0,0
89.000,1,0,37.0,0.0,0
89.000,1,0,37.0,0.0,0
89.000,1,0,37.0,0.0,0
89.000,1,0,37.0,0.0,0
89.100,1,0,37.0,0.0,0
89.100,1,0,37.0,0.0,0
89.100,1,0,37.0,0.0,0
89.100,1,0,37.0,0.0,0
89.100,1,0,37.0,0.0,0
89.100,1,0,37.0,0.0,0
89.100,1,0,37.0,0.0,0
89.100,1,0,37.0,0.0,0
89.100,1,0,37.0,0.0,0
89.100,1,0,37.0,0.0,0
89.100,1,0,37.0,0.0,0
89.200,1,0,37.0,0.0,0
89.200,1,0,37.0,0.0,0
89.200,1,0,37.0,0.0,0
89.200,1,0,37.0,0.0,0
89.200,1,0,37.0,0.0,0
89.200,1,0,37.0,0.0,0
89.200,1,0,37.0,0.0,0
89.200,1,0,37.0,0.0,0
89.200,1,0,37.0,0.0,0
89.200,1,0,37.0,0.0,0
89.300,1,0,37.0,0.0,0
89.300,1,0,37.0,0.0,0
89.300,1,0,37.0,0.0,0
89.300,1,0,37.0,0.0,0
89.300,1,0,37.0,0.0,0
89.300,1,0,37.0,0.0,0
89.300,1,0,37.0,0.0,0
89.300,1,0,37.0,0.0,0
89.300,1,0,37.0,0.0,0
89.300,1,0,37.0,0.0,0
89.300,1,0,37.0,0.0,0
89.400,1,0,37.0,0.0,0
89.400,1,0,37.0,0.0,0
89.400,1,0,37.0,0.0,0
89.400,1,0,37.0,0.0,0
89.400,1,0,37.0,0.0,0
89.400,1,0,37.0,0.0,0
89.400,1,0,37.0,0.0,0
89.400,1,0,37.0,0.0,0
89.400,1,0,37.0,0.0,0
89.400,1,0,37.0,0.0,0
89.500,1,0,37.0,0.0,0
89.500,1,0,37.0,0.0,0
89.500,1,0,37.0,0.0,0
89.500,1,0,37.0,0.0,0
89.500,1,0,37.0,0.0,0
89.500,1,0,37.0,0.0,0
89.500,1,0,37.0,0.0,0
89.500,1,0,37.0,0.0,0
89.500,1,0,37.0,0.0,0
89.500,1,0,37.0,0.0,0
89.500,1,0,37.0,0.0,0
89.600,1,0,37.0,0.0,0
89.600,1,0,37.0,0.0,0
89.600,1,0,37.0,0.0,0
89.600,1,0,37.0,0.0,0
89.600,1,0,37.0,0.0,0
89.600,1,0,37.0,0.0,0
89.600,1,0,37.0,0.0,0
89.600,1,0,37.0,0.0,0
89.600,1,0,37.0,0.0,0
89.600,1,0,37.0,0.0,0
89.700,1,0,37.0,0.0,0
89.700,1,0,37.0,0.0,0
89.700,1,0,37.0,0.0,0
89.700,1,0,37.0,0.0,0
89.700,1,0,37.0,0.0,0
89.700,1,0,37.0,0.0,0
89.700,1,0,37.0,0.0,0
89.700,1,0,37.0,0.0,0
89.700,1,0,37.0,0.0,0
89.700,1,0,37.0,0.0,0
89.800,1,0,37.0,0.0,0
89.800,1,0,37.0,0.0,0
89.800,1,0,37.0,0.0,0
89.800,1,0,37.0,0.0,0
89.800,1,0,37.0,0.0,0
89.800,1,0,37.0,0.0,0
89.800,1,0,37.0,0.0,0
89.800,1,0,37.0,0.0,0
89.800,1,0,37.0,0.0,0
89.800,1,0,37.0,0.0,0
89.800,1,0,37.0,0.0,0
89.900,1,0,37.0,0.0,0
89.900,1,0,37.0,0.0,0
89.900,1,0,37.0,0.0,0
89.900,1,0,37.0,0.0,0
89.900,1,0,37.0,0.0,0
89.900,1,0,37.0,0.0,0
89.900,1,0,37.0,0.0,0
89.900,1,0,37.0,0.0,0
89.900,1,0,37.0,0.0,0
89.900,1,0,37.0,0.0,0
90.000,1,0,37.0,0.0,0
90.000,1,0,37.0,0.0,0
90.000,1,0,37.0,0.0,0
90.000,1,0,37.0,0.0,0
90.000,1,0,37.0,0.0,0
90.000,1,0,37.0,0.0,0
90.000,1,0,37.0,0.0,0
90.000,1,0,37.0,0.0,0
90.000,1,0,37.0,0.0,0
90.000,1,0,37.0,0.0,0
90.000,1,0,37.0,0.0,0
90.100,1,0,37.0,0.0,0
90.100,1,0,37.0,0.0,0
90.100,1,0,37.0,0.0,0
90.100,1,0,37.0,0.0,0
90.100,1,0,37.0,0.0,0
90.100,1,0,37.0,0.0,0
90.100,1,0,37.0,0.0,0
90.100,1,0,37.0,0.0,0
90.100,1,0,37.0,0.0,0
90.100,1,0,37.0,0.0,0
90.200,1,0,37.0,0.0,0
90.200,1,0,37.0,0.0,0
90.200,1,0,37.0,0.0,0
90.200,1,0,37.0,0.0,0
90.200,1,0,37.0,0.0,0
90.200,1,0,37.0,0.0,0
90.200,1,0,37.0,0.0,0
90.200,1,0,37.0,0.0,0
90.200,1,0,37.0,0.0,0
90.200,1,0,37.0,0.0,0
90.200,1,0,37.0,0.0,0
90.300,1,0,37.0,0.0,0
90.300,1,0,37.0,0.0,0
90.300,1,0,37.0,0.0,0
90.300,1,0,37.0,0.0,0
90.300,1,0,37.0,0.0,0
90.300,1,0,37.0,0.0,0
90.300,1,0,37.0,0.0,0
90.300,1,0,37.0,0.0,0
90.300,1,0,37.0,0.0,0
90.300,1,0,37.0,0.0,0
90.400,1,0,37.0,0.0,0
90.400,1,0,37.0,0.0,0
90.400,1,0,37.0,0.0,0
90.400,1,0,37.0,0.0,0
90.400,1,0,37.0,0.0,0
90.400,1,0,37.0,0.0,0
90.400,1,0,37.0,0.0,0
90.400,1,0,37.0,0.0,0
90.400,1,0,37.0,0.0,0
90.400,1,0,37.0,0.0,0
90.500,1,0,37.0,0.0,0
90.500,1,0,37.0,0.0,0
90.500,1,0,37.0,0.0,0
90.500,1,0,37.0,0.0,0
90.500,1,0,37.0,0.0,0
90.500,1,0,37.0,0.0,0
90.500,1,0,37.0,0.0,0
90.500,1,0,37.0,0.0,0
90.500,1,0,37.0,0.0,0
90.500,1,0,37.0,0.0,0
90.500,1,0,37.0,0.0,0
90.600,1,0,37.0,0.0,0
90.600,1,0,37.0,0.0,0
90.600,1,0,37.0,0.0,0
90.600,1,0,37.0,0.0,0
90.600,1,0,37.0,0.0,0
90.600,1,0,37.0,0.0,0
90.600,1,0,37.0,0.0,0
90.600,1,0,37.0,0.0,0
90.600,1,0,37.0,0.0,0
90.600,1,0,37.0,0.0,0
90.700,1,0,37.0,0.0,0
90.700,1,0,37.0,0.0,0
90.700,1,0,37.0,0.0,0
90.700,1,0,37.0,0.0,0
90.700,1,0,37.0,0.0,0
90.700,1,0,37.0,0.0,0
90.700,1,0,37.0,0.0,0
90.700,1,0,37.0,0.0,0
90.700,1,0,37.0,0.0,0
90.700,1,0,37.0,0.0,0
90.700,1,0,37.0,0.0,0
90.800,1,0,37.0,0.0,0
90.800,1,0,37.0,0.0,0
90.800,1,0,37.0,0.0,0
90.800,1,0,37.0,0.0,0
90.800,1,0,37.0,0.0,0
90.800,1,0,37.0,0.0,0
90.800,1,0,37.0,0.0,0
90.800,1,0,37.0,0.0,0
90.800,1,0,37.0,0.0,0
90.800,1,0,37.0,0.0,0
90.900,1,0,37.0,0.0,0
90.900,1,0,37.0,0.0,0
90.900,1,0,37.0,0.0,0
90.900,1,0,37.0,0.0,0
90.900,1,0,37.0,0.0,0
90.900,1,0,37.0,0.0,0
90.900,1,0,37.0,0.0,0
90.900,1,0,37.0,0.0,0
90.900,1,0,37.0,0.0,0
90.900,1,0,37.0,0.0,0
90.900,1,0,37.0,0.0,0
91.000,1,0,37.0,0.0,0
91.000,1,0,37.0,0.0,0
91.000,1,0,37.0,0.0,0
91.000,1,0,37.0,0.0,0
91.000,1,0,37.0,0.0,0
91.000,1,0,37.0,0.0,0
91.000,1,0,37.0,0.0,0
91.000,1,0,37.0,0.0,0
91.000,1,0,37.0,0.0,0
91.000,1,0,37.0,0.0,0
91.100,1,0,37.0,0.0,0
91.100,1,0,37.0,0.0,0
91.100,1,0,37.0,0.0,0
91.100,1,0,37.0,0.0,0
91.100,1,0,37.0,0.0,0
91.100,1,0,37.0,0.0,0
91.100,1,0,37.0,0.0,0
91.100,1,0,37.0,0.0,0
91.100,1,0,37.0,0.0,0
91.100,1,0,37.0,0.0,0
91.100,1,0,37.0,0.0,0
91.200,1,0,37.0,0.0,0
91.200,1,0,37.0,0.0,0
91.200,1,0,37.0,0.0,0
91.200,1,0,37.0,0.0,0
91.200,1,0,37.0,0.0,0
91.200,1,0,37.0,0.0,0
91.200,1,0,37.0,0.0,0
91.200,1,0,37.0,0.0,0
91.200,1,0,37.0,0.0,0
91.200,1,0,37.0,0.0,0
91.300,1,0,37.0,0.0,0
91.300,1,0,37.0,0.0,0
91.300,1,0,37.0,0.0,0
91.300,1,0,37.0,0.0,0
91.300,1,0,37.0,0.0,0
91.300,1,0,37.0,0.0,0
91.300,1,0,37.0,0.0,0
91.300,1,0,37.0,0.0,0
91.300,1,0,37.0,0.0,0
91.300,1,0,37.0,0.0,0
91.400,1,0,37.0,0.0,0
91.400,1,0,37.0,0.0,0
91.400,1,0,37.0,0.0,0
91.400,1,0,37.0,0.0,0
91.400,1,0,37.0,0.0,0
91.400,1,0,37.0,0.0,0
91.400,1,0,37.0,0.0,0
91.400,1,0,37.0,0.0,0
91.400,1,0,37.0,0.0,0
91.400,1,0,37.0,0.0,0
91.400,1,0,37.0,0.0,0
91.500,1,0,37.0,0.0,0
91.500,1,0,37.0,0.0,0
91.500,1,0,37.0,0.0,0
91.500,1,0,37.0,0.0,0
91.500,1,0,37.0,0.0,0
91.500,1,0,37.0,0.0,0
91.500,1,0,37.0,0.0,0
91.500,1,0,37.0,0.0,0
91.500,1,0,37.0,0.0,0
91.500,1,0,37.0,0.0,0
91.600,1,0,37.0,0.0,0
91.600,1,0,37.0,0.0,0
91.600,1,0,37.0,0.0,0
91.600,1,0,37.0,0.0,0
91.600,1,0,37.0,0.0,0
91.600,1,0,37.0,0.0,0
91.600,1,0,37.0,0.0,0
91.600,1,0,37.0,0.0,0
91.600,1,0,37.0,0.0,0
91.600,1,0,37.0,0.0,0
91.600,1,0,37.0,0.0,0
91.700,1,0,37.0,0.0,0
91.700,1,0,37.0,0.0,0
91.700,1,0,37.0,0.0,0
91.700,1,0,37.0,0.0,0
91.700,1,0,37.0,0.0,0
91.700,1,0,37.0,0.0,0
91.700,1,0,37.0,0.0,0
91.700,1,0,37.0,0.0,0
91.700,1,0,37.0,0.0,0
91.700,1,0,37.0,0.0,0
91.800,1,0,37.0,0.0,0
91.800,1,0,37.0,0.0,0
91.800,1,0,37.0,0.0,0
91.800,1,0,37.0,0.0,0
91.800,1,0,37.0,0.0,0
91.800,1,0,37.0,0.0,0
91.800,1,0,37.0,0.0,0
91.800,1,0,37.0,0.0,0
91.800,1,0,37.0,0.0,0
91.800,1,0,37.0,0.0,0
91.800,1,0,37.0,0.0,0
91.900,1,0,37.0,0.0,0
91.900,1,0,37.0,0.0,0
91.900,1,0,37.0,0.0,0
91.900,1,0,37.0,0.0,0
91.900,1,0,37.0,0.0,0
91.900,1,0,37.0,0.0,0
91.900,1,0,37.0,0.0,0
91.900,1,0,37.0,0.0,0
91.900,1,0,37.0,0.0,0
91.900,1,0,37.0,0.0,0
92.000,1,0,37.0,0.0,0
92.000,1,0,37.0,0.0,0
92.000,1,0,37.0,0.0,0
92.000,1,0,37.0,0.0,0
92.000,1,0,37.0,0.0,0
92.000,1,0,37.0,0.0,0
92.000,1,0,37.0,0.0,0
92.000,1,0,37.0,0.0,0
92.000,1,0,37.0,0.0,0
92.000,1,0,37.0,0.0,0
92.100,1,0,37.0,0.0,0
92.100,1,0,37.0,0.0,0
92.100,1,0,37.0,0.0,0
92.100,1,0,37.0,0.0,0
92.100,1,0,37.0,0.0,0
92.100,1,0,37.0,0.0,0
92.100,1,0,37.0,0.0,0
92.100,1,0,37.0,0.0,0
92.100,1,0,37.0,0.0,0
92.100,1,0,37.0,0.0,0
92.100,1,0,37.0,0.0,0
92.200,1,0,37.0,0.0,0
92.200,1,0,37.0,0.0,0
92.200,1,0,37.0,0.0,0
92.200,1,0,37.0,0.0,0
92.200,1,0,37.0,0.0,0
92.200,1,0,37.0,0.0,0
92.200,1,0,37.0,0.0,0
92.200,1,0,37.0,0.0,0
92.200,1,0,37.0,0.0,0
92.200,1,0,37.0,0.0,0
92.300,1,0,37.0,0.0,0
92.300,1,0,37.0,0.0,0
92.300,1,0,37.0,0.0,0
92.300,1,0,37.0,0.0,0
92.300,1,0,37.0,0.0,0
92.300,1,0,37.0,0.0,0
92.300,1,0,37.0,0.0,0
92.300,1,0,37.0,0.0,0
92.300,1,0,37.0,0.0,0
92.300,1,0,37.0,0.0,0
92.300,1,0,37.0,0.0,0
92.400,1,0,37.0,0.0,0
92.400,1,0,37.0,0.0,0
92.400,1,0,37.0,0.0,0
92.400,1,0,37.0,0.0,0
92.400,1,0,37.0,0.0,0
92.400,1,0,37.0,0.0,0
92.400,1,0,37.0,0.0,0
92.400,1,0,37.0,0.0,0
92.400,1,0,37.0,0.0,0
92.400,1,0,37.0,0.0,0
92.500,1,0,37.0,0.0,0
92.500,1,0,37.0,0.0,0
92.500,1,0,37.0,0.0,0
92.500,1,0,37.0,0.0,0
92.500,1,0,37.0,0.0,0
92.500,1,0,37.0,0.0,0
92.500,1,0,37.0,0.0,0
92.500,1,0,37.0,0.0,0
92.500,1,0,37.0,0.0,0
92.500,1,0,37.0,0.0,0
92.500,1,0,37.0,0.0,0
92.600,1,0,37.0,0.0,0
92.600,1,0,37.0,0.0,0
92.600,1,0,37.0,0.0,0
92.600,1,0,37.0,0.0,0
92.600,1,0,37.0,0.0,0
92.600,1,0,37.0,0.0,0
92.600,1,0,37.0,0.0,0
92.600,1,0,37.0,0.0,0
92.600,1,0,37.0,0.0,0
92.600,1,0,37.0,0.0,0
92.700,1,0,37.0,0.0,0
92.700,1,0,37.0,0.0,0
92.700,1,0,37.0,0.0,0
92.700,1,0,37.0,0.0,0
92.700,1,0,37.0,0.0,0
92.700,1,0,37.0,0.0,0
92.700,1,0,37.0,0.0,0
92.700,1,0,37.0,0.0,0
92.700,1,0,37.0,0.0,0
92.700,1,0,37.0,0.0,0
92.800,1,0,37.0,0.0,0
92.800,1,0,37.0,0.0,0
92.800,1,0,37.0,0.0,0
92.800,1,0,37.0,0.0,0
92.800,1,0,37.0,0.0,0
92.800,1,0,37.0,0.0,0
92.800,1,0,37.0,0.0,0
92.800,1,0,37.0,0.0,0
92.800,1,0,37.0,0.0,0
92.800,1,0,37.0,0.0,0
92.800,1,0,37.0,0.0,0
92.900,1,0,37.0,0.0,0
92.900,1,0,37.0,0.0,0
92.900,1,0,37.0,0.0,0
92.900,1,0,37.0,0.0,0
92.900,1,0,37.0,0.0,0
92.900,1,0,37.0,0.0,0
92.900,1,0,37.0,0.0,0
92.900,1,0,37.0,0.0,0
92.900,1,0,37.0,0.0,0
92.900,1,0,37.0,0.0,0
93.000,1,0,37.0,0.0,0
93.000,1,0,37.0,0.0,0
93.000,1,0,37.0,0.0,0
93.000,1,0,37.0,0.0,0
93.000,1,0,37.0,0.0,0
93.000,1,0,37.0,0.0,0
93.000,1,0,37.0,0.0,0
93.000,1,0,37.0,0.0,0
93.000,1,0,37.0,0.0,0
93.000,1,0,37.0,0.0,0
93.000,1,0,37.0,0.0,0
93.100,1,0,37.0,0.0,0
93.100,1,0,37.0,0.0,0
93.100,1,0,37.0,0.0,0
93.100,1,0,37.0,0.0,0
93.100,1,0,37.0,0.0,0
93.100,1,0,37.0,0.0,0
93.100,1,0,37.0,0.0,0
93.100,1,0,37.0,0.0,0
93.100,1,0,37.0,0.0,0
93.100,1,0,37.0,0.0,0
93.200,1,0,37.0,0.0,0
93.200,1,0,37.0,0.0,0
93.200,1,0,37.0,0.0,0
93.200,1,0,37.0,0.0,0
93.200,1,0,37.0,0.0,0
93.200,1,0,37.0,0.0,0
93.200,1,0,37.0,0.0,0
93.200,1,0,37.0,0.0,0
93.200,1,0,37.0,0.0,0
93.200,1,0,37.0,0.0,0
93.200,1,0,37.0,0.0,0
93.300,1,0,37.0,0.0,0
93.300,1,0,37.0,0.0,0
93.300,1,0,37.0,0.0,0
93.300,1,0,37.0,0.0,0
93.300,1,0,37.0,0.0,0
93.300,1,0,37.0,0.0,0
93.300,1,0,37.0,0.0,0
93.300,1,0,37.0,0.0,0
93.300,1,0,37.0,0.0,0
93.300,1,0,37.0,0.0,0
93.400,1,0,37.0,0.0,0
93.400,1,0,37.0,0.0,0
93.400,1,0,37.0,0.0,0
93.400,1,0,37.0,0.0,0
93.400,1,0,37.0,0.0,0
93.400,1,0,37.0,0.0,0
93.400,1,0,37.0,0.0,0
93.400,1,0,37.0,0.0,0
93.400,1,0,37.0,0.0,0
93.400,1,0,37.0,0.0,0
93.500,1,0,37.0,0.0,0
93.500,1,0,37.0,0.0,0
93.500,1,0,37.0,0.0,0
93.500,1,0,37.0,0.0,0
93.500,1,0,37.0,0.0,0
93.500,1,0,37.0,0.0,0
93.500,1,0,37.0,0.0,0
93.500,1,0,37.0,0.0,0
93.500,1,0,37.0,0.0,0
93.500,1,0,37.0,0.0,0
93.500,1,0,37.0,0.0,0
93.600,1,0,37.0,0.0,0
93.600,1,0,37.0,0.0,0
93.600,1,0,37.0,0.0,0
93.600,1,0,37.0,0.0,0
93.600,1,0,37.0,0.0,0
93.600,1,0,37.0,0.0,0
93.600,1,0,37.0,0.0,0
93.600,1,0,37.0,0.0,0
93.600,1,0,37.0,0.0,0
93.600,1,0,37.0,0.0,0
93.700,1,0,37.0,0.0,0
93.700,1,0,37.0,0.0,0
93.700,1,0,37.0,0.0,0
93.700,1,0,37.0,0.0,0
93.700,1,0,37.0,0.0,0
93.700,1,0,37.0,0.0,0
93.700,1,0,37.0,0.0,0
93.700,1,0,37.0,0.0,0
93.700,1,0,37.0,0.0,0
93.700,1,0,37.0,0.0,0
93.700,1,0,37.0,0.0,0
93.800,1,0,37.0,0.0,0
93.800,1,0,37.0,0.0,0
93.800,1,0,37.0,0.0,0
93.800,1,0,37.0,0.0,0
93.800,1,0,37.0,0.0,0
93.800,1,0,37.0,0.0,0
93.800,1,0,37.0,0.0,0
93.800,1,0,37.0,0.0,0
93.800,1,0,37.0,0.0,0
93.800,1,0,37.0,0.0,0
93.900,1,0,37.0,0.0,0
93.900,1,0,37.0,0.0,0
93.900,1,0,37.0,0.0,0
93.900,1,0,37.0,0.0,0
93.900,1,0,37.0,0.0,0
93.900,1,0,37.0,0.0,0
93.900,1,0,37.0,0.0,0
93.900,1,0,37.0,0.0,0
93.900,1,0,37.0,0.0,0
93.900,1,0,37.0,0.0,0
93.900,1,0,37.0,0.0,0
94.000,1,0,37.0,0.0,0
94.000,1,0,37.0,0.0,0
94.000,1,0,37.0,0.0,0
94.000,1,0,37.0,0.0,0
94.000,1,0,37.0,0.0,0
94.000,1,0,37.0,0.0,0
94.000,1,0,37.0,0.0,0
94.000,1,0,37.0,0.0,0
94.000,1,0,37.0,0.0,0
94.000,1,0,37.0,0.0,0
94.100,1,0,37.0,0.0,0
94.100,1,0,37.0,0.0,0
94.100,1,0,37.0,0.0,0
94.100,1,0,37.0,0.0,0
94.100,1,0,37.0,0.0,0
94.100,1,0,37.0,0.0,0
94.100,1,0,37.0,0.0,0
94.100,1,0,37.0,0.0,0
94.100,1,0,37.0,0.0,0
94.100,1,0,37.0,0.0,0
94.100,1,0,37.0,0.0,0
94.200,1,0,37.0,0.0,0
94.200,1,0,37.0,0.0,0
94.200,1,0,37.0,0.0,0
94.200,1,0,37.0,0.0,0
94.200,1,0,37.0,0.0,0
94.200,1,0,37.0,0.0,0
94.200,1,0,37.0,0.0,0
94.200,1,0,37.0,0.0,0
94.200,1,0,37.0,0.0,0
94.200,1,0,37.0,0.0,0
94.300,1,0,37.0,0.0,0
94.300,1,0,37.0,0.0,0
94.300,1,0,37.0,0.0,0
94.300,1,0,37.0,0.0,0
94.300,1,0,37.0,0.0,0
94.300,1,0,37.0,0.0,0
94.300,1,0,37.0,0.0,0
94.300,1,0,37.0,0.0,0
94.300,1,0,37.0,0.0,0
94.300,1,0,37.0,0.0,0
94.400,1,0,37.0,0.0,0
94.400,1,0,37.0,0.0,0
94.400,1,0,37.0,0.0,0
94.400,1,0,37.0,0.0,0
94.400,1,0,37.0,0.0,0
94.400,1,0,37.0,0.0,0
94.400,1,0,37.0,0.0,0
94.400,1,0,37.0,0.0,0
94.400,1,0,37.0,0.0,0
94.400,1,0,37.0,0.0,0
94.400,1,0,37.0,0.0,0
94.500,1,0,37.0,0.0,0
94.500,1,0,37.0,0.0,0
94.500,1,0,37.0,0.0,0
94.500,1,0,37.0,0.0,0
94.500,1,0,37.0,0.0,0
94.500,1,0,37.0,0.0,0
94.500,1,0,37.0,0.0,0
94.500,1,0,37.0,0.0,0
94.500,1,0,37.0,0.0,0
94.500,1,0,37.0,0.0,0
94.600,1,0,37.0,0.0,0
94.600,1,0,37.0,0.0,0
94.600,1,0,37.0,0.0,0
94.600,1,0,37.0,0.0,0
94.600,1,0,37.0,0.0,0
94.600,1,0,37.0,0.0,0
94.600,1,0,37.0,0.0,0
94.600,1,0,37.0,0.0,0
94.600,1,0,37.0,0.0,0
94.600,1,0,37.0,0.0,0
94.600,1,0,37.0,0.0,0
94.700,1,0,37.0,0.0,0
94.700,1,0,37.0,0.0,0
94.700,1,0,37.0,0.0,0
94.700,1,0,37.0,0.0,0
94.700,1,0,37.0,0.0,0
94.700,1,0,37.0,0.0,0
94.700,1,0,37.0,0.0,0
94.700,1,0,37.0,0.0,0
94.700,1,0,37.0,0.0,0
94.700,1,0,37.0,0.0,0
94.800,1,0,37.0,0.0,0
94.800,1,0,37.0,0.0,0
94.800,1,0,37.0,0.0,0
94.800,1,0,37.0,0.0,0
94.800,1,0,37.0,0.0,0
94.800,1,0,37.0,0.0,0
94.800,1,0,37.0,0.0,0
94.800,1,0,37.0,0.0,0
94.800,1,0,37.0,0.0,0
94.800,1,0,37.0,0.0,0
94.800,1,0,37.0,0.0,0
94.900,1,0,37.0,0.0,0
94.900,1,0,37.0,0.0,0
94.900,1,0,37.0,0.0,0
94.900,1,0,37.0,0.0,0
94.900,1,0,37.0,0.0,0
94.900,1,0,37.0,0.0,0
94.900,1,0,37.0,0.0,0
94.900,1,0,37.0,0.0,0
94.900,1,0,37.0,0.0,0
94.900,1,0,37.0,0.0,0
95.000,1,0,37.0,0.0,0
95.000,1,0,37.0,0.0,0
95.000,1,0,37.0,0.0,0
95.000,1,0,37.0,0.0,0
95.000,1,0,37.0,0.0,0
95.000,1,0,37.0,0.0,0
95.000,1,0,37.0,0.0,0
95.000,1,0,37.0,0.0,0
95.000,1,0,37.0,0.0,0
95.000,1,0,37.0,0.0,0
95.100,1,0,37.0,0.0,0
95.100,1,0,37.0,0.0,0
95.100,1,0,37.0,0.0,0
95.100,1,0,37.0,0.0,0
95.100,1,0,37.0,0.0,0
95.100,1,0,37.0,0.0,0
95.100,1,0,37.0,0.0,0
95.100,1,0,37.0,0.0,0
95.100,1,0,37.0,0.0,0
95.100,1,0,37.0,0.0,0
95.100,1,0,37.0,0.0,0
95.200,1,0,37.0,0.0,0
95.200,1,0,37.0,0.0,0
95.200,1,0,37.0,0.0,0
95.200,1,0,37.0,0.0,0
95.200,1,0,37.0,0.0,0
95.200,1,0,37.0,0.0,0
95.200,1,0,37.0,0.0,0
95.200,1,0,37.0,0.0,0
95.200,1,0,37.0,0.0,0
95.200,1,0,37.0,0.0,0
95.300,1,0,37.0,0.0,0
95.300,1,0,37.0,0.0,0
95.300,1,0,37.0,0.0,0
95.300,1,0,37.0,0.0,0
95.300,1,0,37.0,0.0,0
95.300,1,0,37.0,0.0,0
95.300,1,0,37.0,0.0,0
95.300,1,0,37.0,0.0,0
95.300,1,0,37.0,0.0,0
95.300,1,0,37.0,0.0,0
95.300,1,0,37.0,0.0,0
95.400,1,0,37.0,0.0,0
95.400,1,0,37.0,0.0,0
95.400,1,0,37.0,0.0,0
95.400,1,0,37.0,0.0,0
95.400,1,0,37.0,0.0,0
95.400,1,0,37.0,0.0,0
95.400,1,0,37.0,0.0,0
95.400,1,0,37.0,0.0,0
95.400,1,0,37.0,0.0,0
95.400,1,0,37.0,0.0,0
95.500,1,0,37.0,0.0,0
95.500,1,0,37.0,0.0,0
95.500,1,0,37.0,0.0,0
95.500,1,0,37.0,0.0,0
95.500,1,0,37.0,0.0,0
95.500,1,0,37.0,0.0,0
95.500,1,0,37.0,0.0,0
95.500,1,0,37.0,0.0,0
95.500,1,0,37.0,0.0,0
95.500,1,0,37.0,0.0,0
95.500,1,0,37.0,0.0,0
95.600,1,0,37.0,0.0,0
95.600,1,0,37.0,0.0,0
95.600,1,0,37.0,0.0,0
95.600,1,0,37.0,0.0,0
95.600,1,0,37.0,0.0,0
95.600,1,0,37.0,0.0,0
95.600,1,0,37.0,0.0,0
95.600,1,0,37.0,0.0,0
95.600,1,0,37.0,0.0,0
95.600,1,0,37.0,0.0,0
95.700,1,0,37.0,0.0,0
95.700,1,0,37.0,0.0,0
95.700,1,0,37.0,0.0,0
95.700,1,0,37.0,0.0,0
95.700,1,0,37.0,0.0,0
95.700,1,0,37.0,0.0,0
95.700,1,0,37.0,0.0,0
95.700,1,0,37.0,0.0,0
95.700,1,0,37.0,0.0,0
95.700,1,0,37.0,0.0,0
95.800,1,0,37.0,0.0,0
95.800,1,0,37.0,0.0,0
95.800,1,0,37.0,0.0,0
95.800,1,0,37.0,0.0,0
95.800,1,0,37.0,0.0,0
95.800,1,0,37.0,0.0,0
95.800,1,0,37.0,0.0,0
95.800,1,0,37.0,0.0,0
95.800,1,0,37.0,0.0,0
95.800,1,0,37.0,0.0,0
95.800,1,0,37.0,0.0,0
95.900,1,0,37.0,0.0,0
95.900,1,0,37.0,0.0,0
95.900,1,0,37.0,0.0,0
95.900,1,0,37.0,0.0,0
95.900,1,0,37.0,0.0,0
95.900,1,0,37.0,0.0,0
95.900,1,0,37.0,0.0,0
95.900,1,0,37.0,0.0,0
95.900,1,0,37.0,0.0,0
95.900,1,0,37.0,0.0,0
96.000,0,0,0.0,0.0,0
96.000,0,0,0.0,0.0,0
96.000,0,0,0.0,0.0,0
96.000,0,0,0.0,0.0,0
96.000,0,0,0.0,0.0,0
96.000,0,0,0.0,0.0,0
96.000,0,0,0.0,0.0,0
96.000,0,0,0.0,0.0,0
96.000,0,0,0.0,0.0,0
96.000,0,0,0.0,0.0,0
96.000,0,0,0.0,0.0,0
96.100,0,0,0.0,0.0,0
96.100,0,0,0.0,0.0,0
96.100,0,0,0.0,0.0,0
96.100,0,0,0.0,0.0,0
96.100,0,0,0.0,0.0,0
96.100,0,0,0.0,0.0,0
96.100,0,0,0.0,0.0,0
96.100,0,0,0.0,0.0,0
96.100,0,0,0.0,0.0,0
96.100,0,0,0.0,0.0,0
96.200,0,0,0.0,0.0,0
96.200,0,0,0.0,0.0,0
96.200,0,0,0.0,0.0,0
96.200,0,0,0.0,0.0,0
96.200,0,0,0.0,0.0,0
96.200,0,0,0.0,0.0,0
96.200,0,0,0.0,0.0,0
96.200,0,0,0.0,0.0,0
96.200,0,0,0.0,0.0,0
96.200,0,0,0.0,0.0,0
96.200,0,0,0.0,0.0,0
96.300,0,0,0.0,0.0,0
96.300,0,0,0.0,0.0,0
96.300,0,0,0.0,0.0,0
96.300,0,0,0.0,0.0,0
96.300,0,0,0.0,0.0,0
96.300,0,0,0.0,0.0,0
96.300,0,0,0.0,0.0,0
96.300,0,0,0.0,0.0,0
96.300,0,0,0.0,0.0,0
96.300,0,0,0.0,0.0,0
96.400,0,0,0.0,0.0,0
96.400,0,0,0.0,0.0,0
96.400,0,0,0.0,0.0,0
96.400,0,0,0.0,0.0,0
96.400,0,0,0.0,0.0,0
96.400,0,0,0.0,0.0,0
96.400,0,0,0.0,0.0,0
96.400,0,0,0.0,0.0,0
96.400,0,0,0.0,0.0,0
96.400,0,0,0.0,0.0,0
96.500,0,0,0.0,0.0,0
96.500,0,0,0.0,0.0,0
96.500,0,0,0.0,0.0,0
96.500,0,0,0.0,0.0,0
96.500,0,0,0.0,0.0,0
96.500,0,0,0.0,0.0,0
96.500,0,0,0.0,0.0,0
96.500,0,0,0.0,0.0,0
96.500,0,0,0.0,0.0,0
96.500,0,0,0.0,0.0,0
96.500,0,0,0.0,0.0,0
96.600,0,0,0.0,0.0,0
96.600,0,0,0.0,0.0,0
96.600,0,0,0.0,0.0,0
96.600,0,0,0.0,0.0,0
96.600,0,0,0.0,0.0,0
96.600,0,0,0.0,0.0,0
96.600,0,0,0.0,0.0,0
96.600,0,0,0.0,0.0,0
96.600,0,0,0.0,0.0,0
96.600,0,0,0.0,0.0,0
96.700,0,0,0.0,0.0,0
96.700,0,0,0.0,0.0,0
96.700,0,0,0.0,0.0,0
96.700,0,0,0.0,0.0,0
96.700,0,0,0.0,0.0,0
96.700,0,0,0.0,0.0,0
96.700,0,0,0.0,0.0,0
96.700,0,0,0.0,0.0,0
96.700,0,0,0.0,0.0,0
96.700,0,0,0.0,0.0,0
96.700,0,0,0.0,0.0,0
96.800,0,0,0.0,0.0,0
96.800,0,0,0.0,0.0,0
96.800,0,0,0.0,0.0,0
96.800,0,0,0.0,0.0,0
96.800,0,0,0.0,0.0,0
96.800,0,0,0.0,0.0,0
96.800,0,0,0.0,0.0,0
96.800,0,0,0.0,0.0,0
96.800,0,0,0.0,0.0,0
96.800,0,0,0.0,0.0,0
96.900,2,0,-56.0,0.0,0
96.900,2,0,-56.0,0.0,0
96.900,2,0,-56.0,0.0,0
96.900,2,0,-56.0,0.0,0
96.900,2,0,-56.0,0.0,0
96.900,2,0,-56.0,0.0,0
96.900,2,0,-56.0,0.0,0
96.900,2,0,-56.0,0.0,0
96.900,2,0,-56.0,0.0,0
96.900,2,0,-56.0,0.0,0
96.900,2,0,-56.0,0.0,0
97.000,2,0,-56.0,0.0,0
97.000,2,0,-56.0,0.0,0
97.000,2,0,-56.0,0.0,0
97.000,2,0,-56.0,0.0,0
97.000,2,0,-56.0,0.0,0
97.000,2,0,-56.0,0.0,0
97.000,2,0,-56.0,0.0,0
97.000,2,0,-56.0,0.0,0
97.000,2,0,-56.0,0.0,0
97.000,2,0,-56.0,0.0,0
97.100,2,0,-56.0,0.0,0
97.100,2,0,-56.0,0.0,0
97.100,2,0,-56.0,0.0,0
97.100,2,0,-56.0,0.0,0
97.100,2,0,-56.0,0.0,0
97.100,2,0,-56.0,0.0,0
97.100,2,0,-56.0,0.0,0
97.100,2,0,-56.0,0.0,0
97.100,2,0,-56.0,0.0,0
97.100,2,0,-56.0,0.0,0
97.100,2,0,-56.0,0.0,0
97.200,2,0,-56.0,0.0,0
97.200,2,0,-56.0,0.0,0
97.200,2,0,-56.0,0.0,0
97.200,2,0,-56.0,0.0,0
97.200,2,0,-56.0,0.0,0
97.200,2,0,-56.0,0.0,0
97.200,2,0,-56.0,0.0,0
97.200,2,0,-56.0,0.0,0
97.200,2,0,-56.0,0.0,0
97.200,2,0,-56.0,0.0,0
97.300,2,0,-56.0,0.0,0
97.300,2,0,-56.0,0.0,0
97.300,2,0,-56.0,0.0,0
97.300,2,0,-56.0,0.0,0
97.300,2,0,-56.0,0.0,0
97.300,2,0,-56.0,0.0,0
97.300,2,0,-56.0,0.0,0
97.300,2,0,-56.0,0.0,0
97.300,2,0,-56.0,0.0,0
97.300,2,0,-56.0,0.0,0
97.400,2,0,-56.0,0.0,0
97.400,2,0,-56.0,0.0,0
97.400,2,0,-56.0,0.0,0
97.400,2,0,-56.0,0.0,0
97.400,2,0,-56.0,0.0,0
97.400,2,0,-56.0,0.0,0
97.400,2,0,-56.0,0.0,0
97.400,2,0,-56.0,0.0,0
97.400,2,0,-56.0,0.0,0
97.400,2,0,-56.0,0.0,0
97.400,2,0,-56.0,0.0,0
97.500,2,0,-56.0,0.0,0
97.500,2,0,-56.0,0.0,0
97.500,2,0,-56.0,0.0,0
97.500,2,0,-56.0,0.0,0
97.500,2,0,-56.0,0.0,0
97.500,2,0,-56.0,0.0,0
97.500,2,0,-56.0,0.0,0
97.500,2,0,-56.0,0.0,0
97.500,2,0,-56.0,0.0,0
97.500,2,0,-56.0,0.0,0
97.600,2,0,-56.0,0.0,0
97.600,2,0,-56.0,0.0,0
97.600,2,0,-56.0,0.0,0
97.600,2,0,-56.0,0.0,0
97.600,2,0,-56.0,0.0,0
97.600,2,0,-56.0,0.0,0
97.600,2,0,-56.0,0.0,0
97.600,2,0,-56.0,0.0,0
97.600,2,0,-56.0,0.0,0
97.600,2,0,-56.0,0.0,0
97.600,2,0,-56.0,0.0,0
97.700,2,0,-56.0,0.0,0
97.700,2,0,-56.0,0.0,0
97.700,2,0,-56.0,0.0,0
97.700,2,0,-56.0,0.0,0
97.700,2,0,-56.0,0.0,0
97.700,2,0,-56.0,0.0,0
97.700,2,0,-56.0,0.0,0
97.700,2,0,-56.0,0.0,0
97.700,2,0,-56.0,0.0,0
97.700,2,0,-56.0,0.0,0
97.800,2,0,-56.0,0.0,0
97.800,2,0,-56.0,0.0,0
97.800,2,0,-56.0,0.0,0
97.800,2,0,-56.0,0.0,0
97.800,2,0,-56.0,0.0,0
97.800,2,0,-56.0,0.0,0
97.800,2,0,-56.0,0.0,0
97.800,2,0,-56.0,0.0,0
97.800,2,0,-56.0,0.0,0
97.800,2,0,-56.0,0.0,0
97.800,2,0,-56.0,0.0,0
97.900,2,0,-56.0,0.0,0
97.900,2,0,-56.0,0.0,0
97.900,2,0,-56.0,0.0,0
97.900,2,0,-56.0,0.0,0
97.900,2,0,-56.0,0.0,0
97.900,2,0,-56.0,0.0,0
97.900,2,0,-56.0,0.0,0
97.900,2,0,-56.0,0.0,0
97.900,2,0,-56.0,0.0,0
97.900,2,0,-56.0,0.0,0
98.000,2,0,-56.0,0.0,0
98.000,2,0,-56.0,0.0,0
98.000,2,0,-56.0,0.0,0
98.000,2,0,-56.0,0.0,0
98.000,2,0,-56.0,0.0,0
98.000,2,0,-56.0,0.0,0
98.000,2,0,-56.0,0.0,0
98.000,2,0,-56.0,0.0,0
98.000,2,0,-56.0,0.0,0
98.000,2,0,-56.0,0.0,0
98.100,2,0,-56.0,0.0,0
98.100,2,0,-56.0,0.0,0
98.100,2,0,-56.0,0.0,0
98.100,2,0,-56.0,0.0,0
98.100,2,0,-56.0,0.0,0
98.100,2,0,-56.0,0.0,0
98.100,2,0,-56.0,0.0,0
98.100,2,0,-56.0,0.0,0
98.100,2,0,-56.0,0.0,0
98.100,2,0,-56.0,0.0,0
98.100,2,0,-56.0,0.0,0
98.200,2,0,-56.0,0.0,0
98.200,2,0,-56.0,0.0,0
98.200,2,0,-56.0,0.0,0
98.200,2,0,-56.0,0.0,0
98.200,2,0,-56.0,0.0,0
98.200,2,0,-56.0,0.0,0
98.200,2,0,-56.0,0.0,0
98.200,2,0,-56.0,0.0,0
98.200,2,0,-56.0,0.0,0
98.200,2,0,-56.0,0.0,0
98.300,2,0,-56.0,0.0,0
98.300,2,0,-56.0,0.0,0
98.300,2,0,-56.0,0.0,0
98.300,2,0,-56.0,0.0,0
98.300,2,0,-56.0,0.0,0
98.300,2,0,-56.0,0.0,0
98.300,2,0,-56.0,0.0,0
98.300,2,0,-56.0,0.0,0
98.300,2,0,-56.0,0.0,0
98.300,2,0,-56.0,0.0,0
98.300,2,0,-56.0,0.0,0
98.400,2,0,-56.0,0.0,0
98.400,2,0,-56.0,0.0,0
98.400,2,0,-56.0,0.0,0
98.400,2,0,-56.0,0.0,0
98.400,2,0,-56.0,0.0,0
98.400,2,0,-56.0,0.0,0
98.400,2,0,-56.0,0.0,0
98.400,2,0,-56.0,0.0,0
98.400,2,0,-56.0,0.0,0
98.400,2,0,-56.0,0.0,0
98.500,2,0,-56.0,0.0,0
98.500,2,0,-56.0,0.0,0
98.500,2,0,-56.0,0.0,0
98.500,2,0,-56.0,0.0,0
98.500,2,0,-56.0,0.0,0
98.500,2,0,-56.0,0.0,0
98.500,2,0,-56.0,0.0,0
98.500,2,0,-56.0,0.0,0
98.500,2,0,-56.0,0.0,0
98.500,2,0,-56.0,0.0,0
98.500,2,0,-56.0,0.0,0
98.600,2,0,-56.0,0.0,0
98.600,2,0,-56.0,0.0,0
98.600,2,0,-56.0,0.0,0
98.600,2,0,-56.0,0.0,0
98.600,2,0,-56.0,0.0,0
98.600,2,0,-56.0,0.0,0
98.600,2,0,-56.0,0.0,0
98.600,2,0,-56.0,0.0,0
98.600,2,0,-56.0,0.0,0
98.600,2,0,-56.0,0.0,0
98.700,2,0,-56.0,0.0,0
98.700,2,0,-56.0,0.0,0
98.700,2,0,-56.0,0.0,0
98.700,2,0,-56.0,0.0,0
98.700,2,0,-56.0,0.0,0
98.700,2,0,-56.0,0.0,0
98.700,2,0,-56.0,0.0,0
98.700,2,0,-56.0,0.0,0
98.700,2,0,-56.0,0.0,0
98.700,2,0,-56.0,0.0,0
98.800,2,0,-56.0,0.0,0
98.800,2,0,-56.0,0.0,0
98.800,2,0,-56.0,0.0,0
98.800,2,0,-56.0,0.0,0
98.800,2,0,-56.0,0.0,0
98.800,2,0,-56.0,0.0,0
98.800,2,0,-56.0,0.0,0
98.800,2,0,-56.0,0.0,0
98.800,2,0,-56.0,0.0,0
98.800,2,0,-56.0,0.0,0
98.800,2,0,-56.0,0.0,0
98.900,2,0,-56.0,0.0,0
98.900,2,0,-56.0,0.0,0
98.900,2,0,-56.0,0.0,0
98.900,2,0,-56.0,0.0,0
98.900,2,0,-56.0,0.0,0
98.900,2,0,-56.0,0.0,0
98.900,2,0,-56.0,0.0,0
98.900,2,0,-56.0,0.0,0
98.900,2,0,-56.0,0.0,0
98.900,2,0,-56.0,0.0,0
99.000,2,0,-56.0,0.0,0
99.000,2,0,-56.0,0.0,0
99.000,2,0,-56.0,0.0,0
99.000,2,0,-56.0,0.0,0
99.000,2,0,-56.0,0.0,0
99.000,2,0,-56.0,0.0,0
99.000,2,0,-56.0,0.0,0
99.000,2,0,-56.0,0.0,0
99.000,2,0,-56.0,0.0,0
99.000,2,0,-56.0,0.0,0
99.000,2,0,-56.0,0.0,0
99.100,2,0,-56.0,0.0,0
99.100,2,0,-56.0,0.0,0
99.100,2,0,-56.0,0.0,0
99.100,2,0,-56.0,0.0,0
99.100,2,0,-56.0,0.0,0
99.100,2,0,-56.0,0.0,0
99.100,2,0,-56.0,0.0,0
99.100,2,0,-56.0,0.0,0
99.100,2,0,-56.0,0.0,0
99.100,2,0,-56.0,0.0,0
99.200,2,0,-56.0,0.0,0
99.200,2,0,-56.0,0.0,0
99.200,2,0,-56.0,0.0,0
99.200,2,0,-56.0,0.0,0
99.200,2,0,-56.0,0.0,0
99.200,2,0,-56.0,0.0,0
99.200,2,0,-56.0,0.0,0
99.200,2,0,-56.0,0.0,0
99.200,2,0,-56.0,0.0,0
99.200,2,0,-56.0,0.0,0
99.200,2,0,-56.0,0.0,0
99.300,2,0,-56.0,0.0,0
99.300,2,0,-56.0,0.0,0
99.300,2,0,-56.0,0.0,0
99.300,2,0,-56.0,0.0,0
99.300,2,0,-56.0,0.0,0
99.300,2,0,-56.0,0.0,0
99.300,2,0,-56.0,0.0,0
99.300,2,0,-56.0,0.0,0
99.300,2,0,-56.0,0.0,0
99.300,2,0,-56.0,0.0,0
99.400,2,0,-56.0,0.0,0
99.400,2,0,-56.0,0.0,0
99.400,2,0,-56.0,0.0,0
99.400,2,0,-56.0,0.0,0
99.400,2,0,-56.0,0.0,0
99.400,2,0,-56.0,0.0,0
99.400,2,0,-56.0,0.0,0
99.400,2,0,-56.0,0.0,0
99.400,2,0,-56.0,0.0,0
99.400,2,0,-56.0,0.0,0
99.400,2,0,-56.0,0.0,0
99.500,2,0,-56.0,0.0,0
99.500,2,0,-56.0,0.0,0
99.500,2,0,-56.0,0.0,0
99.500,2,0,-56.0,0.0,0
99.500,2,0,-56.0,0.0,0
99.500,2,0,-56.0,0.0,0
99.500,2,0,-56.0,0.0,0
99.500,2,0,-56.0,0.0,0
99.500,2,0,-56.0,0.0,0
99.500,2,0,-56.0,0.0,0
99.600,2,0,-56.0,0.0,0
99.600,2,0,-56.0,0.0,0
99.600,2,0,-56.0,0.0,0
99.600,2,0,-56.0,0.0,0
99.600,2,0,-56.0,0.0,0
99.600,2,0,-56.0,0.0,0
99.600,2,0,-56.0,0.0,0
99.600,2,0,-56.0,0.0,0
99.600,2,0,-56.0,0.0,0
99.600,2,0,-56.0,0.0,0
99.700,2,0,-56.0,0.0,0
99.700,2,0,-56.0,0.0,0
99.700,2,0,-56.0,0.0,0
99.700,2,0,-56.0,0.0,0
99.700,2,0,-56.0,0.0,0
99.700,2,0,-56.0,0.0,0
99.700,2,0,-56.0,0.0,0
99.700,2,0,-56.0,0.0,0
99.700,2,0,-56.0,0.0,0
99.700,2,0,-56.0,0.0,0
99.700,2,0,-56.0,0.0,0
99.800,2,0,-56.0,0.0,0
99.800,2,0,-56.0,0.0,0
99.800,2,0,-56.0,0.0,0
99.800,2,0,-56.0,0.0,0
99.800,2,0,-56.0,0.0,0
99.800,2,0,-56.0,0.0,0
99.800,2,0,-56.0,0.0,0
99.800,2,0,-56.0,0.0,0
99.800,2,0,-56.0,0.0,0
99.800,2,0,-56.0,0.0,0
99.900,2,0,-56.0,0.0,0
99.900,2,0,-56.0,0.0,0
99.900,2,0,-56.0,0.0,0
99.900,2,0,-56.0,0.0,0
99.900,2,0,-56.0,0.0,0
99.900,2,0,-56.0,0.0,0
99.900,2,0,-56.0,0.0,0
99.900,2,0,-56.0,0.0,0
99.900,2,0,-56.0,0.0,0
99.900,2,0,-56.0,0.0,0
99.900,2,0,-56.0,0.0,0
100.000,2,0,-56.0,0.0,0
100.000,2,0,-56.0,0.0,0
100.000,2,0,-56.0,0.0,0
100.000,2,0,-56.0,0.0,0
100.000,2,0,-56.0,0.0,0
100.000,2,0,-56.0,0.0,0
100.000,2,0,-56.0,0.0,0
100.000,2,0,-56.0,0.0,0
100.000,2,0,-56.0,0.0,0
100.000,2,0,-56.0,0.0,0
100.100,2,0,-56.0,0.0,0
100.100,2,0,-56.0,0.0,0
100.100,2,0,-56.0,0.0,0
100.100,2,0,-56.0,0.0,0
100.100,2,0,-56.0,0.0,0
100.100,2,0,-56.0,0.0,0
100.100,2,0,-56.0,0.0,0
100.100,2,0,-56.0,0.0,0
100.100,2,0,-56.0,0.0,0
100.100,2,0,-56.0,0.0,0
100.100,2,0,-56.0,0.0,0
100.200,2,0,-56.0,0.0,0
100.200,2,0,-56.0,0.0,0
100.200,2,0,-56.0,0.0,0
100.200,2,0,-56.0,0.0,0
100.200,2,0,-56.0,0.0,0
100.200,2,0,-56.0,0.0,0
100.200,2,0,-56.0,0.0,0
100.200,2,0,-56.0,0.0,0
100.200,2,0,-56.0,0.0,0
100.200,2,0,-56.0,0.0,0
100.300,2,0,-56.0,0.0,0
100.300,2,0,-56.0,0.0,0
100.300,2,0,-56.0,0.0,0
100.300,2,0,-56.0,0.0,0
100.300,2,0,-56.0,0.0,0
100.300,2,0,-56.0,0.0,0
100.300,2,0,-56.0,0.0,0
100.300,2,0,-56.0,0.0,0
100.300,2,0,-56.0,0.0,0
100.300,2,0,-56.0,0.0,0
100.400,2,0,-56.0,0.0,0
100.400,2,0,-56.0,0.0,0
100.400,2,0,-56.0,0.0,0
100.400,2,0,-56.0,0.0,0
100.400,2,0,-56.0,0.0,0
100.400,2,0,-56.0,0.0,0
100.400,2,0,-56.0,0.0,0
100.400,2,0,-56.0,0.0,0
100.400,2,0,-56.0,0.0,0
100.400,2,0,-56.0,0.0,0
100.400,2,0,-56.0,0.0,0
100.500,2,0,-56.0,0.0,0
100.500,2,0,-56.0,0.0,0
100.500,2,0,-56.0,0.0,0
100.500,2,0,-56.0,0.0,0
100.500,2,0,-56.0,0.0,0
100.500,2,0,-56.0,0.0,0
100.500,2,0,-56.0,0.0,0
100.500,2,0,-56.0,0.0,0
100.500,2,0,-56.0,0.0,0
100.500,2,0,-56.0,0.0,0
100.600,2,0,-56.0,0.0,0
100.600,2,0,-56.0,0.0,0
100.600,2,0,-56.0,0.0,0
100.600,2,0,-56.0,0.0,0
100.600,2,0,-56.0,0.0,0
100.600,2,0,-56.0,0.0,0
100.600,2,0,-56.0,0.0,0
100.600,2,0,-56.0,0.0,0
100.600,2,0,-56.0,0.0,0
100.600,2,0,-56.0,0.0,0
100.600,2,0,-56.0,0.0,0
100.700,2,0,-56.0,0.0,0
100.700,2,0,-56.0,0.0,0
100.700,2,0,-56.0,0.0,0
100.700,2,0,-56.0,0.0,0
100.700,2,0,-56.0,0.0,0
100.700,2,0,-56.0,0.0,0
100.700,2,0,-56.0,0.0,0
100.700,2,0,-56.0,0.0,0
100.700,2,0,-56.0,0.0,0
100.700,2,0,-56.0,0.0,0
100.800,2,0,-56.0,0.0,0
100.800,2,0,-56.0,0.0,0
100.800,2,0,-56.0,0.0,0
100.800,2,0,-56.0,0.0,0
100.800,2,0,-56.0,0.0,0
100.800,2,0,-56.0,0.0,0
100.800,2,0,-56.0,0.0,0
100.800,2,0,-56.0,0.0,0
100.800,2,0,-56.0,0.0,0
100.800,2,0,-56.0,0.0,0
100.800,2,0,-56.0,0.0,0
100.900,2,0,-56.0,0.0,0
100.900,2,0,-56.0,0.0,0
100.900,2,0,-56.0,0.0,0
100.900,2,0,-56.0,0.0,0
100.900,2,0,-56.0,0.0,0
100.900,2,0,-56.0,0.0,0
100.900,2,0,-56.0,0.0,0
100.900,2,0,-56.0,0.0,0
100.900,2,0,-56.0,0.0,0
100.900,2,0,-56.0,0.0,0
101.000,2,0,-56.0,0.0,0
101.000,2,0,-56.0,0.0,0
101.000,2,0,-56.0,0.0,0
101.000,2,0,-56.0,0.0,0
101.000,2,0,-56.0,0.0,0
101.000,2,0,-56.0,0.0,0
101.000,2,0,-56.0,0.0,0
101.000,2,0,-56.0,0.0,0
101.000,2,0,-56.0,0.0,0
101.000,2,0,-56.0,0.0,0
101.100,2,0,-56.0,0.0,0
101.100,2,0,-56.0,0.0,0
101.100,2,0,-56.0,0.0,0
101.100,2,0,-56.0,0.0,0
101.100,2,0,-56.0,0.0,0
101.100,2,0,-56.0,0.0,0
101.100,2,0,-56.0,0.0,0
101.100,2,0,-56.0,0.0,0
101.100,2,0,-56.0,0.0,0
101.100,2,0,-56.0,0.0,0
101.100,2,0,-56.0,0.0,0
101.200,2,0,-56.0,0.0,0
101.200,2,0,-56.0,0.0,0
101.200,2,0,-56.0,0.0,0
101.200,2,0,-56.0,0.0,0
101.200,2,0,-56.0,0.0,0
101.200,2,0,-56.0,0.0,0
101.200,2,0,-56.0,0.0,0
101.200,2,0,-56.0,0.0,0
101.200,2,0,-56.0,0.0,0
101.200,2,0,-56.0,0.0,0
101.300,2,0,-56.0,0.0,0
101.300,2,0,-56.0,0.0,0
101.300,2,0,-56.0,0.0,0
101.300,2,0,-56.0,0.0,0
101.300,2,0,-56.0,0.0,0
101.300,2,0,-56.0,0.0,0
101.300,2,0,-56.0,0.0,0
101.300,2,0,-56.0,0.0,0
101.300,2,0,-56.0,0.0,0
101.300,2,0,-56.0,0.0,0
101.300,2,0,-56.0,0.0,0
101.400,2,0,-56.0,0.0,0
101.400,2,0,-56.0,0.0,0
101.400,2,0,-56.0,0.0,0
101.400,2,0,-56.0,0.0,0
101.400,2,0,-56.0,0.0,0
101.400,2,0,-56.0,0.0,0
101.400,2,0,-56.0,0.0,0
101.400,2,0,-56.0,0.0,0
101.400,2,0,-56.0,0.0,0
101.400,2,0,-56.0,0.0,0
101.500,2,0,-56.0,0.0,0
101.500,2,0,-56.0,0.0,0
101.500,2,0,-56.0,0.0,0
101.500,2,0,-56.0,0.0,0
101.500,2,0,-56.0,0.0,0
101.500,2,0,-56.0,0.0,0
101.500,2,0,-56.0,0.0,0
101.500,2,0,-56.0,0.0,0
101.500,2,0,-56.0,0.0,0
101.500,2,0,-56.0,0.0,0
101.500,2,0,-56.0,0.0,0
101.600,2,0,-56.0,0.0,0
101.600,2,0,-56.0,0.0,0
101.600,2,0,-56.0,0.0,0
101.600,2,0,-56.0,0.0,0
101.600,2,0,-56.0,0.0,0
101.600,2,0,-56.0,0.0,0
101.600,2,0,-56.0,0.0,0
101.600,2,0,-56.0,0.0,0
101.600,2,0,-56.0,0.0,0
101.600,2,0,-56.0,0.0,0
101.700,2,0,-56.0,0.0,0
101.700,2,0,-56.0,0.0,0
101.700,2,0,-56.0,0.0,0
101.700,2,0,-56.0,0.0,0
101.700,2,0,-56.0,0.0,0
101.700,2,0,-56.0,0.0,0
101.700,2,0,-56.0,0.0,0
101.700,2,0,-56.0,0.0,0
101.700,2,0,-56.0,0.0,0
101.700,2,0,-56.0,0.0,0
101.800,2,0,-56.0,0.0,0
101.800,2,0,-56.0,0.0,0
101.800,2,0,-56.0,0.0,0
101.800,2,0,-56.0,0.0,0
101.800,2,0,-56.0,0.0,0
101.800,2,0,-56.0,0.0,0
101.800,2,0,-56.0,0.0,0
101.800,2,0,-56.0,0.0,0
101.800,2,0,-56.0,0.0,0
101.800,2,0,-56.0,0.0,0
101.800,2,0,-56.0,0.0,0
101.900,2,0,-56.0,0.0,0
101.900,2,0,-56.0,0.0,0
101.900,2,0,-56.0,0.0,0
101.900,2,0,-56.0,0.0,0
101.900,2,0,-56.0,0.0,0
101.900,2,0,-56.0,0.0,0
101.900,2,0,-56.0,0.0,0
101.900,2,0,-56.0,0.0,0
101.900,2,0,-56.0,0.0,0
101.900,2,0,-56.0,0.0,0
102.000,2,0,-56.0,0.0,0
102.000,2,0,-56.0,0.0,0
102.000,2,0,-56.0,0.0,0
102.000,2,0,-56.0,0.0,0
102.000,2,0,-56.0,0.0,0
102.000,2,0,-56.0,0.0,0
102.000,2,0,-56.0,0.0,0
102.000,2,0,-56.0,0.0,0
102.000,2,0,-56.0,0.0,0
102.000,2,0,-56.0,0.0,0
102.000,2,0,-56.0,0.0,0
102.100,2,0,-56.0,0.0,0
102.100,2,0,-56.0,0.0,0
102.100,2,0,-56.0,0.0,0
102.100,2,0,-56.0,0.0,0
102.100,2,0,-56.0,0.0,0
102.100,2,0,-56.0,0.0,0
102.100,2,0,-56.0,0.0,0
102.100,2,0,-56.0,0.0,0
102.100,2,0,-56.0,0.0,0
102.100,2,0,-56.0,0.0,0
102.200,2,0,-56.0,0.0,0
102.200,2,0,-56.0,0.0,0
102.200,2,0,-56.0,0.0,0
102.200,2,0,-56.0,0.0,0
102.200,2,0,-56.0,0.0,0
102.200,2,0,-56.0,0.0,0
102.200,2,0,-56.0,0.0,0
102.200,2,0,-56.0,0.0,0
102.200,2,0,-56.0,0.0,0
102.200,2,0,-56.0,0.0,0
102.200,2,0,-56.0,0.0,0
102.300,2,0,-56.0,0.0,0
102.300,2,0,-56.0,0.0,0
102.300,2,0,-56.0,0.0,0
102.300,2,0,-56.0,0.0,0
102.300,2,0,-56.0,0.0,0
102.300,2,0,-56.0,0.0,0
102.300,2,0,-56.0,0.0,0
102.300,2,0,-56.0,0.0,0
102.300,2,0,-56.0,0.0,0
102.300,2,0,-56.0,0.0,0
102.400,2,0,-56.0,0.0,0
102.400,2,0,-56.0,0.0,0
102.400,2,0,-56.0,0.0,0
102.400,2,0,-56.0,0.0,0
102.400,2,0,-56.0,0.0,0
102.400,2,0,-56.0,0.0,0
102.400,2,0,-56.0,0.0,0
102.400,2,0,-56.0,0.0,0
102.400,2,0,-56.0,0.0,0
102.400,2,0,-56.0,0.0,0
102.400,2,0,-56.0,0.0,0
102.500,2,0,-56.0,0.0,0
102.500,2,0,-56.0,0.0,0
102.500,2,0,-56.0,0.0,0
102.500,2,0,-56.0,0.0,0
102.500,2,0,-56.0,0.0,0
102.500,2,0,-56.0,0.0,0
102.500,2,0,-56.0,0.0,0
102.500,2,0,-56.0,0.0,0
102.500,2,0,-56.0,0.0,0
102.500,2,0,-56.0,0.0,0
102.600,2,0,-56.0,0.0,0
102.600,2,0,-56.0,0.0,0
102.600,2,0,-56.0,0.0,0
102.600,2,0,-56.0,0.0,0
102.600,2,0,-56.0,0.0,0
102.600,2,0,-56.0,0.0,0
102.600,2,0,-56.0,0.0,0
102.600,2,0,-56.0,0.0,0
102.600,2,0,-56.0,0.0,0
102.600,2,0,-56.0,0.0,0
102.700,2,0,-56.0,0.0,0
102.700,2,0,-56.0,0.0,0
102.700,2,0,-56.0,0.0,0
102.700,2,0,-56.0,0.0,0
102.700,2,0,-56.0,0.0,0
102.700,2,0,-56.0,0.0,0
102.700,2,0,-56.0,0.0,0
102.700,2,0,-56.0,0.0,0
102.700,2,0,-56.0,0.0,0
102.700,2,0,-56.0,0.0,0
102.700,2,0,-56.0,0.0,0
102.800,2,0,-56.0,0.0,0
102.800,2,0,-56.0,0.0,0
102.800,2,0,-56.0,0.0,0
102.800,2,0,-56.0,0.0,0
102.800,2,0,-56.0,0.0,0
102.800,2,0,-56.0,0.0,0
102.800,2,0,-56.0,0.0,0
102.800,2,0,-56.0,0.0,0
102.800,2,0,-56.0,0.0,0
102.800,2,0,-56.0,0.0,0
102.900,2,0,-56.0,0.0,0
102.900,2,0,-56.0,0.0,0
102.900,2,0,-56.0,0.0,0
102.900,2,0,-56.0,0.0,0
102.900,2,0,-56.0,0.0,0
102.900,2,0,-56.0,0.0,0
102.900,2,0,-56.0,0.0,0
102.900,2,0,-56.0,0.0,0
102.900,2,0,-56.0,0.0,0
102.900,2,0,-56.0,0.0,0
102.900,2,0,-56.0,0.0,0
103.000,2,0,-56.0,0.0,0
103.000,2,0,-56.0,0.0,0
103.000,2,0,-56.0,0.0,0
103.000,2,0,-56.0,0.0,0
103.000,2,0,-56.0,0.0,0
103.000,2,0,-56.0,0.0,0
103.000,2,0,-56.0,0.0,0
103.000,2,0,-56.0,0.0,0
103.000,2,0,-56.0,0.0,0
103.000,2,0,-56.0,0.0,0
103.100,2,0,-56.0,0.0,0
103.100,2,0,-56.0,0.0,0
103.100,2,0,-56.0,0.0,0
103.100,2,0,-56.0,0.0,0
103.100,2,0,-56.0,0.0,0
103.100,2,0,-56.0,0.0,0
103.100,2,0,-56.0,0.0,0
103.100,2,0,-56.0,0.0,0
103.100,2,0,-56.0,0.0,0
103.100,2,0,-56.0,0.0,0
103.100,2,0,-56.0,0.0,0
103.200,2,0,-56.0,0.0,0
103.200,2,0,-56.0,0.0,0
103.200,2,0,-56.0,0.0,0
103.200,2,0,-56.0,0.0,0
103.200,2,0,-56.0,0.0,0
103.200,2,0,-56.0,0.0,0
103.200,2,0,-56.0,0.0,0
103.200,2,0,-56.0,0.0,0
103.200,2,0,-56.0,0.0,0
103.200,2,0,-56.0,0.0,0
103.300,2,0,-56.0,0.0,0
103.300,2,0,-56.0,0.0,0
103.300,2,0,-56.0,0.0,0
103.300,2,0,-56.0,0.0,0
103.300,2,0,-56.0,0.0,0
103.300,2,0,-56.0,0.0,0
103.300,2,0,-56.0,0.0,0
103.300,2,0,-56.0,0.0,0
103.300,2,0,-56.0,0.0,0
103.300,2,0,-56.0,0.0,0
103.400,2,0,-56.0,0.0,0
103.400,2,0,-56.0,0.0,0
103.400,2,0,-56.0,0.0,0
103.400,2,0,-56.0,0.0,0
103.400,2,0,-56.0,0.0,0
103.400,2,0,-56.0,0.0,0
103.400,2,0,-56.0,0.0,0
103.400,2,0,-56.0,0.0,0
103.400,2,0,-56.0,0.0,0
103.400,2,0,-56.0,0.0,0
103.400,2,0,-56.0,0.0,0
103.500,2,0,-56.0,0.0,0
103.500,2,0,-56.0,0.0,0
103.500,2,0,-56.0,0.0,0
103.500,2,0,-56.0,0.0,0
103.500,2,0,-56.0,0.0,0
103.500,2,0,-56.0,0.0,0
103.500,2,0,-56.0,0.0,0
103.500,2,0,-56.0,0.0,0
103.500,2,0,-56.0,0.0,0
103.500,2,0,-56.0,0.0,0
103.600,2,0,-56.0,0.0,0
103.600,2,0,-56.0,0.0,0
103.600,2,0,-56.0,0.0,0
103.600,2,0,-56.0,0.0,0
103.600,2,0,-56.0,0.0,0
103.600,2,0,-56.0,0.0,0
103.600,2,0,-56.0,0.0,0
103.600,2,0,-56.0,0.0,0
103.600,2,0,-56.0,0.0,0
103.600,2,0,-56.0,0.0,0
103.600,2,0,-56.0,0.0,0
103.700,2,0,-56.0,0.0,0
103.700,2,0,-56.0,0.0,0
103.700,2,0,-56.0,0.0,0
103.700,2,0,-56.0,0.0,0
103.700,2,0,-56.0,0.0,0
103.700,2,0,-56.0,0.0,0
103.700,2,0,-56.0,0.0,0
103.700,2,0,-56.0,0.0,0
103.700,2,0,-56.0,0.0,0
103.700,2,0,-56.0,0.0,0
103.800,2,0,-56.0,0.0,0
103.800,2,0,-56.0,0.0,0
103.800,2,0,-56.0,0.0,0
103.800,2,0,-56.0,0.0,0
103.800,2,0,-56.0,0.0,0
103.800,2,0,-56.0,0.0,0
103.800,2,0,-56.0,0.0,0
103.800,2,0,-56.0,0.0,0
103.800,2,0,-56.0,0.0,0
103.800,2,0,-56.0,0.0,0
103.800,2,0,-56.0,0.0,0
103.900,0,0,0.0,0.0,0
103.900,0,0,0.0,0.0,0
103.900,0,0,0.0,0.0,0
103.900,0,0,0.0,0.0,0
103.900,0,0,0.0,0.0,0
103.900,0,0,0.0,0.0,0
103.900,0,0,0.0,0.0,0
103.900,0,0,0.0,0.0,0
103.900,0,0,0.0,0.0,0
103.900,0,0,0.0,0.0,0
104.000,0,0,0.0,0.0,0
104.000,0,0,0.0,0.0,0
104.000,0,0,0.0,0.0,0
104.000,0,0,0.0,0.0,0
104.000,0,0,0.0,0.0,0
104.000,0,0,0.0,0.0,0
104.000,0,0,0.0,0.0,0
104.000,0,0,0.0,0.0,0
104.000,0,0,0.0,0.0,0
104.000,0,0,0.0,0.0,0
104.100,0,0,0.0,0.0,0
104.100,0,0,0.0,0.0,0
104.100,0,0,0.0,0.0,0
104.100,0,0,0.0,0.0,0
104.100,0,0,0.0,0.0,0
104.100,0,0,0.0,0.0,0
104.100,0,0,0.0,0.0,0
104.100,0,0,0.0,0.0,0
104.100,0,0,0.0,0.0,0
104.100,0,0,0.0,0.0,0
104.100,0,0,0.0,0.0,0
104.200,0,0,0.0,0.0,0
104.200,0,0,0.0,0.0,0
104.200,0,0,0.0,0.0,0
104.200,0,0,0.0,0.0,0
104.200,0,0,0.0,0.0,0
104.200,0,0,0.0,0.0,0
104.200,0,0,0.0,0.0,0
104.200,0,0,0.0,0.0,0
104.200,0,0,0.0,0.0,0
104.200,0,0,0.0,0.0,0
104.300,0,0,0.0,0.0,0
104.300,0,0,0.0,0.0,0
104.300,0,0,0.0,0.0,0
104.300,0,0,0.0,0.0,0
104.300,0,0,0.0,0.0,0
104.300,0,0,0.0,0.0,0
104.300,0,0,0.0,0.0,0
104.300,0,0,0.0,0.0,0
104.300,0,0,0.0,0.0,0
104.300,0,0,0.0,0.0,0
104.300,0,0,0.0,0.0,0
104.400,0,0,0.0,0.0,0
104.400,0,0,0.0,0.0,0
104.400,0,0,0.0,0.0,0
104.400,0,0,0.0,0.0,0
104.400,0,0,0.0,0.0,0
104.400,0,0,0.0,0.0,0
104.400,0,0,0.0,0.0,0
104.400,0,0,0.0,0.0,0
104.400,0,0,0.0,0.0,0
104.400,0,0,0.0,0.0,0
104.500,0,0,0.0,0.0,0
104.500,0,0,0.0,0.0,0
104.500,0,0,0.0,0.0,0
104.500,0,0,0.0,0.0,0
104.500,0,0,0.0,0.0,0
104.500,0,0,0.0,0.0,0
104.500,0,0,0.0,0.0,0
104.500,0,0,0.0,0.0,0
104.500,0,0,0.0,0.0,0
104.500,0,0,0.0,0.0,0
104.500,0,0,0.0,0.0,0
104.600,0,0,0.0,0.0,0
104.600,0,0,0.0,0.0,0
104.600,0,0,0.0,0.0,0
104.600,0,0,0.0,0.0,0
104.600,0,0,0.0,0.0,0
104.600,0,0,0.0,0.0,0
104.600,0,0,0.0,0.0,0
104.600,0,0,0.0,0.0,0
104.600,0,0,0.0,0.0,0
104.600,0,0,0.0,0.0,0
104.700,0,0,0.0,0.0,0
104.700,0,0,0.0,0.0,0
104.700,0,0,0.0,0.0,0
104.700,0,0,0.0,0.0,0
104.700,0,0,0.0,0.0,0
104.700,0,0,0.0,0.0,0
104.700,0,0,0.0,0.0,0
104.700,0,0,0.0,0.0,0
104.700,0,0,0.0,0.0,0
104.700,0,0,0.0,0.0,0
104.800,0,0,0.0,0.0,0
104.800,0,0,0.0,0.0,0
104.800,0,0,0.0,0.0,0
104.800,0,0,0.0,0.0,0
104.800,0,0,0.0,0.0,0
104.800,0,0,0.0,0.0,0
104.800,0,0,0.0,0.0,0
104.800,0,0,0.0,0.0,0
104.800,0,0,0.0,0.0,0
104.800,0,0,0.0,0.0,0
104.800,0,0,0.0,0.0,0
104.900,0,0,0.0,0.0,0
104.900,0,0,0.0,0.0,0
104.900,0,0,0.0,0.0,0
104.900,0,0,0.0,0.0,0
104.900,0,0,0.0,0.0,0
104.900,0,0,0.0,0.0,0
104.900,0,0,0.0,0.0,0
104.900,0,0,0.0,0.0,0
104.900,0,0,0.0,0.0,0
104.900,0,0,0.0,0.0,0
105.000,0,0,0.0,0.0,0
105.000,0,0,0.0,0.0,0
105.000,0,0,0.0,0.0,0
105.000,0,0,0.0,0.0,0
105.000,0,0,0.0,0.0,0
105.000,0,0,0.0,0.0,0
105.000,0,0,0.0,0.0,0
105.000,0,0,0.0,0.0,0
105.000,0,0,0.0,0.0,0
105.000,0,0,0.0,0.0,0
105.000,0,0,0.0,0.0,0
105.100,0,0,0.0,0.0,0
105.100,0,0,0.0,0.0,0
105.100,0,0,0.0,0.0,0
105.100,0,0,0.0,0.0,0
105.100,0,0,0.0,0.0,0
105.100,0,0,0.0,0.0,0
105.100,0,0,0.0,0.0,0
105.100,0,0,0.0,0.0,0
105.100,0,0,0.0,0.0,0
105.100,0,0,0.0,0.0,0
105.200,0,0,0.0,0.0,0
105.200,0,0,0.0,0.0,0
105.200,0,0,0.0,0.0,0
105.200,0,0,0.0,0.0,0
105.200,0,0,0.0,0.0,0
105.200,0,0,0.0,0.0,0
105.200,0,0,0.0,0.0,0
105.200,0,0,0.0,0.0,0
105.200,0,0,0.0,0.0,0
105.200,0,0,0.0,0.0,0
105.200,0,0,0.0,0.0,0
105.300,0,0,0.0,0.0,0
105.300,0,0,0.0,0.0,0
105.300,0,0,0.0,0.0,0
105.300,0,0,0.0,0.0,0
105.300,0,0,0.0,0.0,0
105.300,0,0,0.0,0.0,0
105.300,0,0,0.0,0.0,0
105.300,0,0,0.0,0.0,0
105.300,0,0,0.0,0.0,0
105.300,0,0,0.0,0.0,0
105.400,0,0,0.0,0.0,0
105.400,0,0,0.0,0.0,0
105.400,0,0,0.0,0.0,0
105.400,0,0,0.0,0.0,0
105.400,0,0,0.0,0.0,0
105.400,0,0,0.0,0.0,0
105.400,0,0,0.0,0.0,0
105.400,0,0,0.0,0.0,0
105.400,0,0,0.0,0.0,0
105.400,0,0,0.0,0.0,0
105.400,0,0,0.0,0.0,0
105.500,0,0,0.0,0.0,0
105.500,0,0,0.0,0.0,0
105.500,0,0,0.0,0.0,0
105.500,0,0,0.0,0.0,0
105.500,0,0,0.0,0.0,0
105.500,0,0,0.0,0.0,0
105.500,0,0,0.0,0.0,0
105.500,0,0,0.0,0.0,0
105.500,0,0,0.0,0.0,0
105.500,0,0,0.0,0.0,0
105.600,0,0,0.0,0.0,0
105.600,0,0,0.0,0.0,0
105.600,0,0,0.0,0.0,0
105.600,0,0,0.0,0.0,0
105.600,0,0,0.0,0.0,0
105.600,0,0,0.0,0.0,0
105.600,0,0,0.0,0.0,0
105.600,0,0,0.0,0.0,0
105.600,0,0,0.0,0.0,0
105.600,0,0,0.0,0.0,0
105.700,0,0,0.0,0.0,0
105.700,0,0,0.0,0.0,0
105.700,0,0,0.0,0.0,0
105.700,0,0,0.0,0.0,0
105.700,0,0,0.0,0.0,0
105.700,0,0,0.0,0.0,0
105.700,0,0,0.0,0.0,0
105.700,0,0,0.0,0.0,0
105.700,0,0,0.0,0.0,0
105.700,0,0,0.0,0.0,0
105.700,0,0,0.0,0.0,0
105.800,0,0,0.0,0.0,0
105.800,0,0,0.0,0.0,0
105.800,0,0,0.0,0.0,0
105.800,0,0,0.0,0.0,0
105.800,0,0,0.0,0.0,0
105.800,0,0,0.0,0.0,0
105.800,0,0,0.0,0.0,0
105.800,0,0,0.0,0.0,0
105.800,0,0,0.0,0.0,0
105.800,0,0,0.0,0.0,0
105.900,0,0,0.0,0.0,0
105.900,0,0,0.0,0.0,0
105.900,0,0,0.0,0.0,0
105.900,0,0,0.0,0.0,0
105.900,0,0,0.0,0.0,0
105.900,0,0,0.0,0.0,0
105.900,0,0,0.0,0.0,0
105.900,0,0,0.0,0.0,0
105.900,0,0,0.0,0.0,0
105.900,0,0,0.0,0.0,0
105.900,0,0,0.0,0.0,0
106.000,0,0,0.0,0.0,0
106.000,0,0,0.0,0.0,0
106.000,0,0,0.0,0.0,0
106.000,0,0,0.0,0.0,0
106.000,0,0,0.0,0.0,0
106.000,0,0,0.0,0.0,0
106.000,0,0,0.0,0.0,0
106.000,0,0,0.0,0.0,0
106.000,0,0,0.0,0.0,0
106.000,0,0,0.0,0.0,0
106.100,0,0,0.0,0.0,0
106.100,0,0,0.0,0.0,0
106.100,0,0,0.0,0.0,0
106.100,0,0,0.0,0.0,0
106.100,0,0,0.0,0.0,0
106.100,0,0,0.0,0.0,0
106.100,0,0,0.0,0.0,0
106.100,0,0,0.0,0.0,0
106.100,0,0,0.0,0.0,0
106.100,0,0,0.0,0.0,0
106.100,0,0,0.0,0.0,0
106.200,0,0,0.0,0.0,0
106.200,0,0,0.0,0.0,0
106.200,0,0,0.0,0.0,0
106.200,0,0,0.0,0.0,0
106.200,0,0,0.0,0.0,0
106.200,0,0,0.0,0.0,0
106.200,0,0,0.0,0.0,0
106.200,0,0,0.0,0.0,0
106.200,0,0,0.0,0.0,0
106.200,0,0,0.0,0.0,0
106.300,0,0,0.0,0.0,0
106.300,0,0,0.0,0.0,0
106.300,0,0,0.0,0.0,0
106.300,0,0,0.0,0.0,0
106.300,0,0,0.0,0.0,0
106.300,0,0,0.0,0.0,0
106.300,0,0,0.0,0.0,0
106.300,0,0,0.0,0.0,0
106.300,0,0,0.0,0.0,0
106.300,0,0,0.0,0.0,0
106.400,0,0,0.0,0.0,0
106.400,0,0,0.0,0.0,0
106.400,0,0,0.0,0.0,0
106.400,0,0,0.0,0.0,0
106.400,0,0,0.0,0.0,0
106.400,0,0,0.0,0.0,0
106.400,0,0,0.0,0.0,0
106.400,0,0,0.0,0.0,0
106.400,0,0,0.0,0.0,0
106.400,0,0,0.0,0.0,0
106.400,0,0,0.0,0.0,0
106.500,0,0,0.0,0.0,0
106.500,0,0,0.0,0.0,0
106.500,0,0,0.0,0.0,0
106.500,0,0,0.0,0.0,0
106.500,0,0,0.0,0.0,0
106.500,0,0,0.0,0.0,0
106.500,0,0,0.0,0.0,0
106.500,0,0,0.0,0.0,0
106.500,0,0,0.0,0.0,0
106.500,0,0,0.0,0.0,0
106.600,0,0,0.0,0.0,0
106.600,0,0,0.0,0.0,0
106.600,0,0,0.0,0.0,0
106.600,0,0,0.0,0.0,0
106.600,0,0,0.0,0.0,0
106.600,0,0,0.0,0.0,0
106.600,0,0,0.0,0.0,0
106.600,0,0,0.0,0.0,0
106.600,0,0,0.0,0.0,0
106.600,0,0,0.0,0.0,0
106.600,0,0,0.0,0.0,0
106.700,0,0,0.0,0.0,0
106.700,0,0,0.0,0.0,0
106.700,0,0,0.0,0.0,0
106.700,0,0,0.0,0.0,0
106.700,0,0,0.0,0.0,0
106.700,0,0,0.0,0.0,0
106.700,0,0,0.0,0.0,0
106.700,0,0,0.0,0.0,0
106.700,0,0,0.0,0.0,0
106.700,0,0,0.0,0.0,0
106.800,0,0,0.0,0.0,0
106.800,0,0,0.0,0.0,0
106.800,0,0,0.0,0.0,0
106.800,0,0,0.0,0.0,0
106.800,0,0,0.0,0.0,0
106.800,0,0,0.0,0.0,0
106.800,0,0,0.0,0.0,0
106.800,0,0,0.0,0.0,0
106.800,0,0,0.0,0.0,0
106.800,0,0,0.0,0.0,0
106.800,0,0,0.0,0.0,0
106.900,0,0,0.0,0.0,0
106.900,0,0,0.0,0.0,0
106.900,0,0,0.0,0.0,0
106.900,0,0,0.0,0.0,0
106.900,0,0,0.0,0.0,0
106.900,0,0,0.0,0.0,0
106.900,0,0,0.0,0.0,0
106.900,0,0,0.0,0.0,0
106.900,0,0,0.0,0.0,0
106.900,0,0,0.0,0.0,0
107.000,0,0,0.0,0.0,0
107.000,0,0,0.0,0.0,0
107.000,0,0,0.0,0.0,0
107.000,0,0,0.0,0.0,0
107.000,0,0,0.0,0.0,0
107.000,0,0,0.0,0.0,0
107.000,0,0,0.0,0.0,0
107.000,0,0,0.0,0.0,0
107.000,0,0,0.0,0.0,0
107.000,0,0,0.0,0.0,0
107.100,0,0,0.0,0.0,0
107.100,0,0,0.0,0.0,0
107.100,0,0,0.0,0.0,0
107.100,0,0,0.0,0.0,0
107.100,0,0,0.0,0.0,0
107.100,0,0,0.0,0.0,0
107.100,0,0,0.0,0.0,0
107.100,0,0,0.0,0.0,0
107.100,0,0,0.0,0.0,0
107.100,0,0,0.0,0.0,0
107.100,0,0,0.0,0.0,0
107.200,0,0,0.0,0.0,0
107.200,0,0,0.0,0.0,0
107.200,0,0,0.0,0.0,0
107.200,0,0,0.0,0.0,0
107.200,0,0,0.0,0.0,0
107.200,0,0,0.0,0.0,0
107.200,0,0,0.0,0.0,0
107.200,0,0,0.0,0.0,0
107.200,0,0,0.0,0.0,0
107.200,0,0,0.0,0.0,0
107.300,0,0,0.0,0.0,0
107.300,0,0,0.0,0.0,0
107.300,0,0,0.0,0.0,0
107.300,0,0,0.0,0.0,0
107.300,0,0,0.0,0.0,0
107.300,0,0,0.0,0.0,0
107.300,0,0,0.0,0.0,0
107.300,0,0,0.0,0.0,0
107.300,0,0,0.0,0.0,0
107.300,0,0,0.0,0.0,0
107.300,0,0,0.0,0.0,0
107.400,0,0,0.0,0.0,0
107.400,0,0,0.0,0.0,0
107.400,0,0,0.0,0.0,0
107.400,0,0,0.0,0.0,0
107.400,0,0,0.0,0.0,0
107.400,0,0,0.0,0.0,0
107.400,0,0,0.0,0.0,0
107.400,0,0,0.0,0.0,0
107.400,0,0,0.0,0.0,0
107.400,0,0,0.0,0.0,0
107.500,0,0,0.0,0.0,0
107.500,0,0,0.0,0.0,0
107.500,0,0,0.0,0.0,0
107.500,0,0,0.0,0.0,0
107.500,0,0,0.0,0.0,0
107.500,0,0,0.0,0.0,0
107.500,0,0,0.0,0.0,0
107.500,0,0,0.0,0.0,0
107.500,0,0,0.0,0.0,0
107.500,0,0,0.0,0.0,0
107.500,0,0,0.0,0.0,0
107.600,0,0,0.0,0.0,0
107.600,0,0,0.0,0.0,0
107.600,0,0,0.0,0.0,0
107.600,0,0,0.0,0.0,0
107.600,0,0,0.0,0.0,0
107.600,0,0,0.0,0.0,0
107.600,0,0,0.0,0.0,0
107.600,0,0,0.0,0.0,0
107.600,0,0,0.0,0.0,0
107.600,0,0,0.0,0.0,0
107.700,0,0,0.0,0.0,0
107.700,0,0,0.0,0.0,0
107.700,0,0,0.0,0.0,0
107.700,0,0,0.0,0.0,0
107.700,0,0,0.0,0.0,0
107.700,0,0,0.0,0.0,0
107.700,0,0,0.0,0.0,0
107.700,0,0,0.0,0.0,0
107.700,0,0,0.0,0.0,0
107.700,0,0,0.0,0.0,0
107.800,0,0,0.0,0.0,0
107.800,0,0,0.0,0.0,0
107.800,0,0,0.0,0.0,0
107.800,0,0,0.0,0.0,0
107.800,0,0,0.0,0.0,0
107.800,0,0,0.0,0.0,0
107.800,0,0,0.0,0.0,0
107.800,0,0,0.0,0.0,0
107.800,0,0,0.0,0.0,0
107.800,0,0,0.0,0.0,0
107.800,0,0,0.0,0.0,0
107.900,0,0,0.0,0.0,0
107.900,0,0,0.0,0.0,0
107.900,0,0,0.0,0.0,0
107.900,0,0,0.0,0.0,0
107.900,0,0,0.0,0.0,0
107.900,0,0,0.0,0.0,0
107.900,0,0,0.0,0.0,0
107.900,0,0,0.0,0.0,0
107.900,0,0,0.0,0.0,0
107.900,0,0,0.0,0.0,0
108.000,0,0,0.0,0.0,0
108.000,0,0,0.0,0.0,0
108.000,0,0,0.0,0.0,0
108.000,0,0,0.0,0.0,0
108.000,0,0,0.0,0.0,0
108.000,0,0,0.0,0.0,0
108.000,0,0,0.0,0.0,0
108.000,0,0,0.0,0.0,0
108.000,0,0,0.0,0.0,0
108.000,0,0,0.0,0.0,0
108.000,0,0,0.0,0.0,0
108.100,0,0,0.0,0.0,0
108.100,0,0,0.0,0.0,0
108.100,0,0,0.0,0.0,0
108.100,0,0,0.0,0.0,0
108.100,0,0,0.0,0.0,0
108.100,0,0,0.0,0.0,0
108.100,0,0,0.0,0.0,0
108.100,0,0,0.0,0.0,0
108.100,0,0,0.0,0.0,0
108.100,0,0,0.0,0.0,0
108.200,0,0,0.0,0.0,0
108.200,0,0,0.0,0.0,0
108.200,0,0,0.0,0.0,0
108.200,0,0,0.0,0.0,0
108.200,0,0,0.0,0.0,0
108.200,0,0,0.0,0.0,0
108.200,0,0,0.0,0.0,0
108.200,0,0,0.0,0.0,0
108.200,0,0,0.0,0.0,0
108.200,0,0,0.0,0.0,0
108.200,0,0,0.0,0.0,0
108.300,0,0,0.0,0.0,0
108.300,0,0,0.0,0.0,0
108.300,0,0,0.0,0.0,0
108.300,0,0,0.0,0.0,0
108.300,0,0,0.0,0.0,0
108.300,0,0,0.0,0.0,0
108.300,0,0,0.0,0.0,0
108.300,0,0,0.0,0.0,0
108.300,0,0,0.0,0.0,0
108.300,0,0,0.0,0.0,0
108.400,0,0,0.0,0.0,0
108.400,0,0,0.0,0.0,0
108.400,0,0,0.0,0.0,0
108.400,0,0,0.0,0.0,0
108.400,0,0,0.0,0.0,0
108.400,0,0,0.0,0.0,0
108.400,0,0,0.0,0.0,0
108.400,0,0,0.0,0.0,0
108.400,0,0,0.0,0.0,0
108.400,0,0,0.0,0.0,0
108.400,0,0,0.0,0.0,0
108.500,0,0,0.0,0.0,0
108.500,0,0,0.0,0.0,0
108.500,0,0,0.0,0.0,0
108.500,0,0,0.0,0.0,0
108.500,0,0,0.0,0.0,0
108.500,0,0,0.0,0.0,0
108.500,0,0,0.0,0.0,0
108.500,0,0,0.0,0.0,0
108.500,0,0,0.0,0.0,0
108.500,0,0,0.0,0.0,0
