t_sec,turn_class,hill_class,turn_angle_deg,hill_angle_deg,is_straight
0.000,0,0,0.0,0.0,0
0.000,0,0,0.0,0.0,0
0.000,0,0,0.0,0.0,0
0.000,0,0,0.0,0.0,0
0.000,0,0,0.0,0.0,0
0.000,0,0,0.0,0.0,0
0.101,0,0,0.0,0.0,0
0.101,0,0,0.0,0.0,0
0.101,0,0,0.0,0.0,0
0.101,0,0,0.0,0.0,0
0.101,0,0,0.0,0.0,0
0.200,0,0,0.0,0.0,0
0.200,0,0,0.0,0.0,0
0.200,0,0,0.0,0.0,0
0.200,0,0,0.0,0.0,0
0.200,0,0,0.0,0.0,0
0.301,0,0,0.0,0.0,0
0.301,0,0,0.0,0.0,0
0.301,0,0,0.0,0.0,0
0.301,0,0,0.0,0.0,0
0.301,0,0,0.0,0.0,0
0.301,0,0,0.0,0.0,0
0.400,0,0,0.0,0.0,0
0.400,0,0,0.0,0.0,0
0.400,0,0,0.0,0.0,0
0.400,0,0,0.0,0.0,0
0.400,0,0,0.0,0.0,0
0.500,0,0,0.0,0.0,0
0.500,0,0,0.0,0.0,0
0.500,0,0,0.0,0.0,0
0.500,0,0,0.0,0.0,0
0.500,0,0,0.0,0.0,0
0.600,0,0,0.0,0.0,0
0.600,0,0,0.0,0.0,0
0.600,0,0,0.0,0.0,0
0.600,0,0,0.0,0.0,0
0.600,0,0,0.0,0.0,0
0.701,0,0,0.0,0.0,0
0.701,0,0,0.0,0.0,0
0.701,0,0,0.0,0.0,0
0.701,0,0,0.0,0.0,0
0.701,0,0,0.0,0.0,0
0.800,0,0,0.0,0.0,0
0.800,0,0,0.0,0.0,0
0.800,0,0,0.0,0.0,0
0.800,0,0,0.0,0.0,0
0.800,0,0,0.0,0.0,0
0.800,0,0,0.0,0.0,0
0.901,0,0,0.0,0.0,0
0.901,0,0,0.0,0.0,0
0.901,0,0,0.0,0.0,0
0.901,0,0,0.0,0.0,0
0.901,0,0,0.0,0.0,0
1.000,0,0,0.0,0.0,0
1.000,0,0,0.0,0.0,0
1.000,0,0,0.0,0.0,0
1.000,0,0,0.0,0.0,0
1.000,0,0,0.0,0.0,0
1.100,0,0,0.0,0.0,0
1.100,0,0,0.0,0.0,0
1.100,0,0,0.0,0.0,0
1.100,0,0,0.0,0.0,0
1.100,0,0,0.0,0.0,0
1.200,0,0,0.0,0.0,0
1.200,0,0,0.0,0.0,0
1.200,0,0,0.0,0.0,0
1.200,0,0,0.0,0.0,0
1.200,0,0,0.0,0.0,0
1.200,0,0,0.0,0.0,0
1.300,0,0,0.0,0.0,0
1.300,0,0,0.0,0.0,0
1.300,0,0,0.0,0.0,0
1.300,0,0,0.0,0.0,0
1.300,0,0,0.0,0.0,0
1.400,0,0,0.0,0.0,0
1.400,0,0,0.0,0.0,0
1.400,0,0,0.0,0.0,0
1.400,0,0,0.0,0.0,0
1.400,0,0,0.0,0.0,0
1.500,0,0,0.0,0.0,0
1.500,0,0,0.0,0.0,0
1.500,0,0,0.0,0.0,0
1.500,0,0,0.0,0.0,0
1.500,0,0,0.0,0.0,0
1.600,0,0,0.0,0.0,0
1.600,0,0,0.0,0.0,0
1.600,0,0,0.0,0.0,0
1.600,0,0,0.0,0.0,0
1.600,0,0,0.0,0.0,0
1.700,0,0,0.0,0.0,0
1.700,0,0,0.0,0.0,0
1.700,0,0,0.0,0.0,0
1.700,0,0,0.0,0.0,0
1.700,0,0,0.0,0.0,0
1.700,0,0,0.0,0.0,0
1.800,0,0,0.0,0.0,0
1.800,0,0,0.0,0.0,0
1.800,0,0,0.0,0.0,0
1.800,0,0,0.0,0.0,0
1.800,0,0,0.0,0.0,0
1.900,0,0,0.0,0.0,0
1.900,0,0,0.0,0.0,0
1.900,0,0,0.0,0.0,0
1.900,0,0,0.0,0.0,0
1.900,0,0,0.0,0.0,0
2.000,0,0,0.0,0.0,0
2.000,0,0,0.0,0.0,0
2.000,0,0,0.0,0.0,0
2.000,0,0,0.0,0.0,0
2.000,0,0,0.0,0.0,0
2.100,0,0,0.0,0.0,0
2.100,0,0,0.0,0.0,0
2.100,0,0,0.0,0.0,0
2.100,0,0,0.0,0.0,0
2.100,0,0,0.0,0.0,0
2.200,0,0,0.0,0.0,0
2.200,0,0,0.0,0.0,0
2.200,0,0,0.0,0.0,0
2.200,0,0,0.0,0.0,0
2.200,0,0,0.0,0.0,0
2.200,0,0,0.0,0.0,0
2.300,0,0,0.0,0.0,0
2.300,0,0,0.0,0.0,0
2.300,0,0,0.0,0.0,0
2.300,0,0,0.0,0.0,0
2.300,0,0,0.0,0.0,0
2.400,0,0,0.0,0.0,0
2.400,0,0,0.0,0.0,0
2.400,0,0,0.0,0.0,0
2.400,0,0,0.0,0.0,0
2.400,0,0,0.0,0.0,0
2.500,0,0,0.0,0.0,0
2.500,0,0,0.0,0.0,0
2.500,0,0,0.0,0.0,0
2.500,0,0,0.0,0.0,0
2.500,0,0,0.0,0.0,0
2.600,0,0,0.0,0.0,0
2.600,0,0,0.0,0.0,0
2.600,0,0,0.0,0.0,0
2.600,0,0,0.0,0.0,0
2.600,0,0,0.0,0.0,0
2.600,0,0,0.0,0.0,0
2.700,0,0,0.0,0.0,0
2.700,0,0,0.0,0.0,0
2.700,0,0,0.0,0.0,0
2.700,0,0,0.0,0.0,0
2.700,0,0,0.0,0.0,0
2.800,0,0,0.0,0.0,0
2.800,0,0,0.0,0.0,0
2.800,0,0,0.0,0.0,0
2.800,0,0,0.0,0.0,0
2.800,0,0,0.0,0.0,0
2.900,0,0,0.0,0.0,0
2.900,0,0,0.0,0.0,0
2.900,0,0,0.0,0.0,0
2.900,0,0,0.0,0.0,0
2.900,0,0,0.0,0.0,0
3.000,0,0,0.0,0.0,0
3.000,0,0,0.0,0.0,0
3.000,0,0,0.0,0.0,0
3.000,0,0,0.0,0.0,0
3.000,0,0,0.0,0.0,0
3.100,0,0,0.0,0.0,0
3.100,0,0,0.0,0.0,0
3.100,0,0,0.0,0.0,0
3.100,0,0,0.0,0.0,0
3.100,0,0,0.0,0.0,0
3.100,0,0,0.0,0.0,0
3.200,0,0,0.0,0.0,0
3.200,0,0,0.0,0.0,0
3.200,0,0,0.0,0.0,0
3.200,0,0,0.0,0.0,0
3.200,0,0,0.0,0.0,0
3.300,0,0,0.0,0.0,0
3.300,0,0,0.0,0.0,0
3.300,0,0,0.0,0.0,0
3.300,0,0,0.0,0.0,0
3.300,0,0,0.0,0.0,0
3.400,0,0,0.0,0.0,0
3.400,0,0,0.0,0.0,0
3.400,0,0,0.0,0.0,0
3.400,0,0,0.0,0.0,0
3.400,0,0,0.0,0.0,0
3.500,0,0,0.0,0.0,0
3.500,0,0,0.0,0.0,0
3.500,0,0,0.0,0.0,0
3.500,0,0,0.0,0.0,0
3.500,0,0,0.0,0.0,0
3.500,0,0,0.0,0.0,0
3.600,0,0,0.0,0.0,0
3.600,0,0,0.0,0.0,0
3.600,0,0,0.0,0.0,0
3.600,0,0,0.0,0.0,0
3.600,0,0,0.0,0.0,0
3.700,0,0,0.0,0.0,0
3.700,0,0,0.0,0.0,0
3.700,0,0,0.0,0.0,0
3.700,0,0,0.0,0.0,0
3.700,0,0,0.0,0.0,0
3.800,0,0,0.0,0.0,0
3.800,0,0,0.0,0.0,0
3.800,0,0,0.0,0.0,0
3.800,0,0,0.0,0.0,0
3.800,0,0,0.0,0.0,0
3.900,0,0,0.0,0.0,0
3.900,0,0,0.0,0.0,0
3.900,0,0,0.0,0.0,0
3.900,0,0,0.0,0.0,0
3.900,0,0,0.0,0.0,0
4.000,0,0,0.0,0.0,0
4.000,0,0,0.0,0.0,0
4.000,0,0,0.0,0.0,0
4.000,0,0,0.0,0.0,0
4.000,0,0,0.0,0.0,0
4.000,0,0,0.0,0.0,0
4.100,0,0,0.0,0.0,0
4.100,0,0,0.0,0.0,0
4.100,0,0,0.0,0.0,0
4.100,0,0,0.0,0.0,0
4.100,0,0,0.0,0.0,0
4.200,0,0,0.0,0.0,0
4.200,0,0,0.0,0.0,0
4.200,0,0,0.0,0.0,0
4.200,0,0,0.0,0.0,0
4.200,0,0,0.0,0.0,0
4.300,0,0,0.0,0.0,0
4.300,0,0,0.0,0.0,0
4.300,0,0,0.0,0.0,0
4.300,0,0,0.0,0.0,0
4.300,0,0,0.0,0.0,0
4.400,0,0,0.0,0.0,0
4.400,0,0,0.0,0.0,0
4.400,0,0,0.0,0.0,0
4.400,0,0,0.0,0.0,0
4.400,0,0,0.0,0.0,0
4.400,0,0,0.0,0.0,0
4.500,0,0,0.0,0.0,0
4.500,0,0,0.0,0.0,0
4.500,0,0,0.0,0.0,0
4.500,0,0,0.0,0.0,0
4.500,0,0,0.0,0.0,0
4.600,0,0,0.0,0.0,0
4.600,0,0,0.0,0.0,0
4.600,0,0,0.0,0.0,0
4.600,0,0,0.0,0.0,0
4.600,0,0,0.0,0.0,0
4.700,0,0,0.0,0.0,0
4.700,0,0,0.0,0.0,0
4.700,0,0,0.0,0.0,0
4.700,0,0,0.0,0.0,0
4.700,0,0,0.0,0.0,0
4.800,0,0,0.0,0.0,0
4.800,0,0,0.0,0.0,0
4.800,0,0,0.0,0.0,0
4.800,0,0,0.0,0.0,0
4.800,0,0,0.0,0.0,0
4.900,0,0,0.0,0.0,0
4.900,0,0,0.0,0.0,0
4.900,0,0,0.0,0.0,0
4.900,0,0,0.0,0.0,0
4.900,0,0,0.0,0.0,0
4.900,0,0,0.0,0.0,0
5.000,0,0,0.0,0.0,0
5.000,0,0,0.0,0.0,0
5.000,0,0,0.0,0.0,0
5.000,0,0,0.0,0.0,0
5.000,0,0,0.0,0.0,0
5.100,0,0,0.0,0.0,0
5.100,0,0,0.0,0.0,0
5.100,0,0,0.0,0.0,0
5.100,0,0,0.0,0.0,0
5.100,0,0,0.0,0.0,0
5.200,0,0,0.0,0.0,0
5.200,0,0,0.0,0.0,0
5.200,0,0,0.0,0.0,0
5.200,0,0,0.0,0.0,0
5.200,0,0,0.0,0.0,0
5.300,0,0,0.0,0.0,0
5.300,0,0,0.0,0.0,0
5.300,0,0,0.0,0.0,0
5.300,0,0,0.0,0.0,0
5.300,0,0,0.0,0.0,0
5.300,0,0,0.0,0.0,0
5.400,0,0,0.0,0.0,0
5.400,0,0,0.0,0.0,0
5.400,0,0,0.0,0.0,0
5.400,0,0,0.0,0.0,0
5.400,0,0,0.0,0.0,0
5.500,0,0,0.0,0.0,0
5.500,0,0,0.0,0.0,0
5.500,0,0,0.0,0.0,0
5.500,0,0,0.0,0.0,0
5.500,0,0,0.0,0.0,0
5.600,0,0,0.0,0.0,0
5.600,0,0,0.0,0.0,0
5.600,0,0,0.0,0.0,0
5.600,0,0,0.0,0.0,0
5.600,0,0,0.0,0.0,0
5.700,0,0,0.0,0.0,0
5.700,0,0,0.0,0.0,0
5.700,0,0,0.0,0.0,0
5.700,0,0,0.0,0.0,0
5.700,0,0,0.0,0.0,0
5.800,0,0,0.0,0.0,0
5.800,0,0,0.0,0.0,0
5.800,0,0,0.0,0.0,0
5.800,0,0,0.0,0.0,0
5.800,0,0,0.0,0.0,0
5.800,0,0,0.0,0.0,0
5.900,0,0,0.0,0.0,0
5.900,0,0,0.0,0.0,0
5.900,0,0,0.0,0.0,0
5.900,0,0,0.0,0.0,0
5.900,0,0,0.0,0.0,0
6.000,0,0,0.0,0.0,0
6.000,0,0,0.0,0.0,0
6.000,0,0,0.0,0.0,0
6.000,0,0,0.0,0.0,0
6.000,0,0,0.0,0.0,0
6.100,0,0,0.0,0.0,0
6.100,0,0,0.0,0.0,0
6.100,0,0,0.0,0.0,0
6.100,0,0,0.0,0.0,0
6.100,0,0,0.0,0.0,0
6.200,0,0,0.0,0.0,0
6.200,0,0,0.0,0.0,0
6.200,0,0,0.0,0.0,0
6.200,0,0,0.0,0.0,0
6.200,0,0,0.0,0.0,0
6.300,0,0,0.0,0.0,0
6.300,0,0,0.0,0.0,0
6.300,0,0,0.0,0.0,0
6.300,0,0,0.0,0.0,0
6.300,0,0,0.0,0.0,0
6.300,0,0,0.0,0.0,0
6.400,0,0,0.0,0.0,0
6.400,0,0,0.0,0.0,0
6.400,0,0,0.0,0.0,0
6.400,0,0,0.0,0.0,0
6.400,0,0,0.0,0.0,0
6.500,0,0,0.0,0.0,0
6.500,0,0,0.0,0.0,0
6.500,0,0,0.0,0.0,0
6.500,0,0,0.0,0.0,0
6.500,0,0,0.0,0.0,0
6.600,0,0,0.0,0.0,0
6.600,0,0,0.0,0.0,0
6.600,0,0,0.0,0.0,0
6.600,0,0,0.0,0.0,0
6.600,0,0,0.0,0.0,0
6.700,0,0,0.0,0.0,0
6.700,0,0,0.0,0.0,0
6.700,0,0,0.0,0.0,0
6.700,0,0,0.0,0.0,0
6.700,0,0,0.0,0.0,0
6.700,0,0,0.0,0.0,0
6.800,0,0,0.0,0.0,0
6.800,0,0,0.0,0.0,0
6.800,0,0,0.0,0.0,0
6.800,0,0,0.0,0.0,0
6.800,0,0,0.0,0.0,0
6.900,0,0,0.0,0.0,0
6.900,0,0,0.0,0.0,0
6.900,0,0,0.0,0.0,0
6.900,0,0,0.0,0.0,0
6.900,0,0,0.0,0.0,0
7.000,0,0,0.0,0.0,0
7.000,0,0,0.0,0.0,0
7.000,0,0,0.0,0.0,0
7.000,0,0,0.0,0.0,0
7.000,0,0,0.0,0.0,0
7.100,0,0,0.0,0.0,0
7.100,0,0,0.0,0.0,0
7.100,0,0,0.0,0.0,0
7.100,0,0,0.0,0.0,0
7.100,0,0,0.0,0.0,0
7.200,0,0,0.0,0.0,0
7.200,0,0,0.0,0.0,0
7.200,0,0,0.0,0.0,0
7.200,0,0,0.0,0.0,0
7.200,0,0,0.0,0.0,0
7.200,0,0,0.0,0.0,0
7.300,0,0,0.0,0.0,0
7.300,0,0,0.0,0.0,0
7.300,0,0,0.0,0.0,0
7.300,0,0,0.0,0.0,0
7.300,0,0,0.0,0.0,0
7.400,0,0,0.0,0.0,0
7.400,0,0,0.0,0.0,0
7.400,0,0,0.0,0.0,0
7.400,0,0,0.0,0.0,0
7.400,0,0,0.0,0.0,0
7.500,0,0,0.0,0.0,0
7.500,0,0,0.0,0.0,0
7.500,0,0,0.0,0.0,0
7.500,0,0,0.0,0.0,0
7.500,0,0,0.0,0.0,0
7.600,0,0,0.0,0.0,0
7.600,0,0,0.0,0.0,0
7.600,0,0,0.0,0.0,0
7.600,0,0,0.0,0.0,0
7.600,0,0,0.0,0.0,0
7.600,0,0,0.0,0.0,0
7.700,0,0,0.0,0.0,0
7.700,0,0,0.0,0.0,0
7.700,0,0,0.0,0.0,0
7.700,0,0,0.0,0.0,0
7.700,0,0,0.0,0.0,0
7.800,0,0,0.0,0.0,0
7.800,0,0,0.0,0.0,0
7.800,0,0,0.0,0.0,0
7.800,0,0,0.0,0.0,0
7.800,0,0,0.0,0.0,0
7.900,0,0,0.0,0.0,0
7.900,0,0,0.0,0.0,0
7.900,0,0,0.0,0.0,0
7.900,0,0,0.0,0.0,0
7.900,0,0,0.0,0.0,0
8.000,0,0,0.0,0.0,0
8.000,0,0,0.0,0.0,0
8.000,0,0,0.0,0.0,0
8.000,0,0,0.0,0.0,0
8.000,0,0,0.0,0.0,0
8.100,0,0,0.0,0.0,0
8.100,0,0,0.0,0.0,0
8.100,0,0,0.0,0.0,0
8.100,0,0,0.0,0.0,0
8.100,0,0,0.0,0.0,0
8.100,0,0,0.0,0.0,0
8.200,0,0,0.0,0.0,0
8.200,0,0,0.0,0.0,0
8.200,0,0,0.0,0.0,0
8.200,0,0,0.0,0.0,0
8.200,0,0,0.0,0.0,0
8.300,0,0,0.0,0.0,0
8.300,0,0,0.0,0.0,0
8.300,0,0,0.0,0.0,0
8.300,0,0,0.0,0.0,0
8.300,0,0,0.0,0.0,0
8.400,0,0,0.0,0.0,0
8.400,0,0,0.0,0.0,0
8.400,0,0,0.0,0.0,0
8.400,0,0,0.0,0.0,0
8.400,0,0,0.0,0.0,0
8.500,0,0,0.0,0.0,0
8.500,0,0,0.0,0.0,0
8.500,0,0,0.0,0.0,0
8.500,0,0,0.0,0.0,0
8.500,0,0,0.0,0.0,0
8.600,0,0,0.0,0.0,0
8.600,0,0,0.0,0.0,0
8.600,0,0,0.0,0.0,0
8.600,0,0,0.0,0.0,0
8.600,0,0,0.0,0.0,0
8.600,0,0,0.0,0.0,0
8.700,0,0,0.0,0.0,0
8.700,0,0,0.0,0.0,0
8.700,0,0,0.0,0.0,0
8.700,0,0,0.0,0.0,0
8.700,0,0,0.0,0.0,0
8.800,0,0,0.0,0.0,0
8.800,0,0,0.0,0.0,0
8.800,0,0,0.0,0.0,0
8.800,0,0,0.0,0.0,0
8.800,0,0,0.0,0.0,0
8.900,0,0,0.0,0.0,0
8.900,0,0,0.0,0.0,0
8.900,0,0,0.0,0.0,0
8.900,0,0,0.0,0.0,0
8.900,0,0,0.0,0.0,0
9.000,0,0,0.0,0.0,0
9.000,0,0,0.0,0.0,0
9.000,0,0,0.0,0.0,0
9.000,0,0,0.0,0.0,0
9.000,0,0,0.0,0.0,0
9.000,0,0,0.0,0.0,0
9.100,0,0,0.0,0.0,0
9.100,0,0,0.0,0.0,0
9.100,0,0,0.0,0.0,0
9.100,0,0,0.0,0.0,0
9.100,0,0,0.0,0.0,0
9.200,0,0,0.0,0.0,0
9.200,0,0,0.0,0.0,0
9.200,0,0,0.0,0.0,0
9.200,0,0,0.0,0.0,0
9.200,0,0,0.0,0.0,0
9.300,0,0,0.0,0.0,0
9.300,0,0,0.0,0.0,0
9.300,0,0,0.0,0.0,0
9.300,0,0,0.0,0.0,0
9.300,0,0,0.0,0.0,0
9.400,0,0,0.0,0.0,0
9.400,0,0,0.0,0.0,0
9.400,0,0,0.0,0.0,0
9.400,0,0,0.0,0.0,0
9.400,0,0,0.0,0.0,0
9.500,0,0,0.0,0.0,0
9.500,0,0,0.0,0.0,0
9.500,0,0,0.0,0.0,0
9.500,0,0,0.0,0.0,0
9.500,0,0,0.0,0.0,0
9.500,0,0,0.0,0.0,0
9.600,0,0,0.0,0.0,0
9.600,0,0,0.0,0.0,0
9.600,0,0,0.0,0.0,0
9.600,0,0,0.0,0.0,0
9.600,0,0,0.0,0.0,0
9.700,0,0,0.0,0.0,0
9.700,0,0,0.0,0.0,0
9.700,0,0,0.0,0.0,0
9.700,0,0,0.0,0.0,0
9.700,0,0,0.0,0.0,0
9.800,0,0,0.0,0.0,0
9.800,0,0,0.0,0.0,0
9.800,0,0,0.0,0.0,0
9.800,0,0,0.0,0.0,0
9.800,0,0,0.0,0.0,0
9.900,0,0,0.0,0.0,0
9.900,0,0,0.0,0.0,0
9.900,0,0,0.0,0.0,0
9.900,0,0,0.0,0.0,0
9.900,0,0,0.0,0.0,0
9.900,0,0,0.0,0.0,0
10.000,0,0,0.0,0.0,0
10.000,0,0,0.0,0.0,0
10.000,0,0,0.0,0.0,0
10.000,0,0,0.0,0.0,0
10.000,0,0,0.0,0.0,0
10.100,0,0,0.0,0.0,0
10.100,0,0,0.0,0.0,0
10.100,0,0,0.0,0.0,0
10.100,0,0,0.0,0.0,0
10.100,0,0,0.0,0.0,0
10.200,0,0,0.0,0.0,0
10.200,0,0,0.0,0.0,0
10.200,0,0,0.0,0.0,0
10.200,0,0,0.0,0.0,0
10.200,0,0,0.0,0.0,0
10.300,0,0,0.0,0.0,0
10.300,0,0,0.0,0.0,0
10.300,0,0,0.0,0.0,0
10.300,0,0,0.0,0.0,0
10.300,0,0,0.0,0.0,0
10.400,0,0,0.0,0.0,0
10.400,0,0,0.0,0.0,0
10.400,0,0,0.0,0.0,0
10.400,0,0,0.0,0.0,0
10.400,0,0,0.0,0.0,0
10.400,0,0,0.0,0.0,0
10.500,0,0,0.0,0.0,0
10.500,0,0,0.0,0.0,0
10.500,0,0,0.0,0.0,0
10.500,0,0,0.0,0.0,0
10.500,0,0,0.0,0.0,0
10.600,0,0,0.0,0.0,0
10.600,0,0,0.0,0.0,0
10.600,0,0,0.0,0.0,0
10.600,0,0,0.0,0.0,0
10.600,0,0,0.0,0.0,0
10.700,0,0,0.0,0.0,0
10.700,0,0,0.0,0.0,0
10.700,0,0,0.0,0.0,0
10.700,0,0,0.0,0.0,0
10.700,0,0,0.0,0.0,0
10.800,0,0,0.0,0.0,0
10.800,0,0,0.0,0.0,0
10.800,0,0,0.0,0.0,0
10.800,0,0,0.0,0.0,0
10.800,0,0,0.0,0.0,0
10.900,0,0,0.0,0.0,0
10.900,0,0,0.0,0.0,0
10.900,0,0,0.0,0.0,0
10.900,0,0,0.0,0.0,0
10.900,0,0,0.0,0.0,0
10.900,0,0,0.0,0.0,0
11.000,0,0,0.0,0.0,0
11.000,0,0,0.0,0.0,0
11.000,0,0,0.0,0.0,0
11.000,0,0,0.0,0.0,0
11.000,0,0,0.0,0.0,0
11.100,0,0,0.0,0.0,0
11.100,0,0,0.0,0.0,0
11.100,0,0,0.0,0.0,0
11.100,0,0,0.0,0.0,0
11.100,0,0,0.0,0.0,0
11.200,0,0,0.0,0.0,0
11.200,0,0,0.0,0.0,0
11.200,0,0,0.0,0.0,0
11.200,0,0,0.0,0.0,0
11.200,0,0,0.0,0.0,0
11.300,0,0,0.0,0.0,0
11.300,0,0,0.0,0.0,0
11.300,0,0,0.0,0.0,0
11.300,0,0,0.0,0.0,0
11.300,0,0,0.0,0.0,0
11.300,0,0,0.0,0.0,0
11.400,0,0,0.0,0.0,0
11.400,0,0,0.0,0.0,0
11.400,0,0,0.0,0.0,0
11.400,0,0,0.0,0.0,0
11.400,0,0,0.0,0.0,0
11.500,0,0,0.0,0.0,0
11.500,0,0,0.0,0.0,0
11.500,0,0,0.0,0.0,0
11.500,0,0,0.0,0.0,0
11.500,0,0,0.0,0.0,0
11.600,0,0,0.0,0.0,0
11.600,0,0,0.0,0.0,0
11.600,0,0,0.0,0.0,0
11.600,0,0,0.0,0.0,0
11.600,0,0,0.0,0.0,0
11.700,0,0,0.0,0.0,0
11.700,0,0,0.0,0.0,0
11.700,0,0,0.0,0.0,0
11.700,0,0,0.0,0.0,0
11.700,0,0,0.0,0.0,0
11.800,0,0,0.0,0.0,0
11.800,0,0,0.0,0.0,0
11.800,0,0,0.0,0.0,0
11.800,0,0,0.0,0.0,0
11.800,0,0,0.0,0.0,0
11.800,0,0,0.0,0.0,0
11.900,0,0,0.0,0.0,0
11.900,0,0,0.0,0.0,0
11.900,0,0,0.0,0.0,0
11.900,0,0,0.0,0.0,0
11.900,0,0,0.0,0.0,0
12.000,0,0,0.0,0.0,0
12.000,0,0,0.0,0.0,0
12.000,0,0,0.0,0.0,0
12.000,0,0,0.0,0.0,0
12.000,0,0,0.0,0.0,0
12.100,0,0,0.0,0.0,0
12.100,0,0,0.0,0.0,0
12.100,0,0,0.0,0.0,0
12.100,0,0,0.0,0.0,0
12.100,0,0,0.0,0.0,0
12.200,0,0,0.0,0.0,0
12.200,0,0,0.0,0.0,0
12.200,0,0,0.0,0.0,0
12.200,0,0,0.0,0.0,0
12.200,0,0,0.0,0.0,0
12.200,0,0,0.0,0.0,0
12.300,0,0,0.0,0.0,0
12.300,0,0,0.0,0.0,0
12.300,0,0,0.0,0.0,0
12.300,0,0,0.0,0.0,0
12.300,0,0,0.0,0.0,0
12.400,0,0,0.0,0.0,0
12.400,0,0,0.0,0.0,0
12.400,0,0,0.0,0.0,0
12.400,0,0,0.0,0.0,0
12.400,0,0,0.0,0.0,0
12.500,0,0,0.0,0.0,0
12.500,0,0,0.0,0.0,0
12.500,0,0,0.0,0.0,0
12.500,0,0,0.0,0.0,0
12.500,0,0,0.0,0.0,0
12.600,0,0,0.0,0.0,0
12.600,0,0,0.0,0.0,0
12.600,0,0,0.0,0.0,0
12.600,0,0,0.0,0.0,0
12.600,0,0,0.0,0.0,0
12.700,0,0,0.0,0.0,0
12.700,0,0,0.0,0.0,0
12.700,0,0,0.0,0.0,0
12.700,0,0,0.0,0.0,0
12.700,0,0,0.0,0.0,0
12.700,0,0,0.0,0.0,0
12.800,0,0,0.0,0.0,0
12.800,0,0,0.0,0.0,0
12.800,0,0,0.0,0.0,0
12.800,0,0,0.0,0.0,0
12.800,0,0,0.0,0.0,0
12.900,0,0,0.0,0.0,0
12.900,0,0,0.0,0.0,0
12.900,0,0,0.0,0.0,0
12.900,0,0,0.0,0.0,0
12.900,0,0,0.0,0.0,0
13.000,0,0,0.0,0.0,0
13.000,0,0,0.0,0.0,0
13.000,0,0,0.0,0.0,0
13.000,0,0,0.0,0.0,0
13.000,0,0,0.0,0.0,0
13.100,0,0,0.0,0.0,0
13.100,0,0,0.0,0.0,0
13.100,0,0,0.0,0.0,0
13.100,0,0,0.0,0.0,0
13.100,0,0,0.0,0.0,0
13.200,0,0,0.0,0.0,0
13.200,0,0,0.0,0.0,0
13.200,0,0,0.0,0.0,0
13.200,0,0,0.0,0.0,0
13.200,0,0,0.0,0.0,0
13.200,0,0,0.0,0.0,0
13.300,0,0,0.0,0.0,0
13.300,0,0,0.0,0.0,0
13.300,0,0,0.0,0.0,0
13.300,0,0,0.0,0.0,0
13.300,0,0,0.0,0.0,0
13.400,0,0,0.0,0.0,0
13.400,0,0,0.0,0.0,0
13.400,0,0,0.0,0.0,0
13.400,0,0,0.0,0.0,0
13.400,0,0,0.0,0.0,0
13.500,0,0,0.0,0.0,0
13.500,0,0,0.0,0.0,0
13.500,0,0,0.0,0.0,0
13.500,0,0,0.0,0.0,0
13.500,0,0,0.0,0.0,0
13.600,0,0,0.0,0.0,0
13.600,0,0,0.0,0.0,0
13.600,0,0,0.0,0.0,0
13.600,0,0,0.0,0.0,0
13.600,0,0,0.0,0.0,0
13.600,0,0,0.0,0.0,0
13.700,0,0,0.0,0.0,0
13.700,0,0,0.0,0.0,0
13.700,0,0,0.0,0.0,0
13.700,0,0,0.0,0.0,0
13.700,0,0,0.0,0.0,0
13.800,0,0,0.0,0.0,0
13.800,0,0,0.0,0.0,0
13.800,0,0,0.0,0.0,0
13.800,0,0,0.0,0.0,0
13.800,0,0,0.0,0.0,0
13.900,0,0,0.0,0.0,0
13.900,0,0,0.0,0.0,0
13.900,0,0,0.0,0.0,0
13.900,0,0,0.0,0.0,0
13.900,0,0,0.0,0.0,0
14.000,0,0,0.0,0.0,0
14.000,0,0,0.0,0.0,0
14.000,0,0,0.0,0.0,0
14.000,0,0,0.0,0.0,0
14.000,0,0,0.0,0.0,0
14.100,0,0,0.0,0.0,0
14.100,0,0,0.0,0.0,0
14.100,0,0,0.0,0.0,0
14.100,0,0,0.0,0.0,0
14.100,0,0,0.0,0.0,0
14.100,0,0,0.0,0.0,0
14.200,0,0,0.0,0.0,0
14.200,0,0,0.0,0.0,0
14.200,0,0,0.0,0.0,0
14.200,0,0,0.0,0.0,0
14.200,0,0,0.0,0.0,0
14.300,0,0,0.0,0.0,0
14.300,0,0,0.0,0.0,0
14.300,0,0,0.0,0.0,0
14.300,0,0,0.0,0.0,0
14.300,0,0,0.0,0.0,0
14.400,0,0,0.0,0.0,0
14.400,0,0,0.0,0.0,0
14.400,0,0,0.0,0.0,0
14.400,0,0,0.0,0.0,0
14.400,0,0,0.0,0.0,0
14.500,0,0,0.0,0.0,0
14.500,0,0,0.0,0.0,0
14.500,0,0,0.0,0.0,0
14.500,0,0,0.0,0.0,0
14.500,0,0,0.0,0.0,0
14.500,0,0,0.0,0.0,0
14.600,0,0,0.0,0.0,0
14.600,0,0,0.0,0.0,0
14.600,0,0,0.0,0.0,0
14.600,0,0,0.0,0.0,0
14.600,0,0,0.0,0.0,0
14.700,0,0,0.0,0.0,0
14.700,0,0,0.0,0.0,0
14.700,0,0,0.0,0.0,0
14.700,0,0,0.0,0.0,0
14.700,0,0,0.0,0.0,0
14.800,0,0,0.0,0.0,0
14.800,0,0,0.0,0.0,0
14.800,0,0,0.0,0.0,0
14.800,0,0,0.0,0.0,0
14.800,0,0,0.0,0.0,0
14.900,0,0,0.0,0.0,0
14.900,0,0,0.0,0.0,0
14.900,0,0,0.0,0.0,0
14.900,0,0,0.0,0.0,0
14.900,0,0,0.0,0.0,0
15.000,0,0,0.0,0.0,0
15.000,0,0,0.0,0.0,0
15.000,0,0,0.0,0.0,0
15.000,0,0,0.0,0.0,0
15.000,0,0,0.0,0.0,0
15.000,0,0,0.0,0.0,0
15.100,0,0,0.0,0.0,0
15.100,0,0,0.0,0.0,0
15.100,0,0,0.0,0.0,0
15.100,0,0,0.0,0.0,0
15.100,0,0,0.0,0.0,0
15.200,0,0,0.0,0.0,0
15.200,0,0,0.0,0.0,0
15.200,0,0,0.0,0.0,0
15.200,0,0,0.0,0.0,0
15.200,0,0,0.0,0.0,0
15.300,0,0,0.0,0.0,0
15.300,0,0,0.0,0.0,0
15.300,0,0,0.0,0.0,0
15.300,0,0,0.0,0.0,0
15.300,0,0,0.0,0.0,0
15.400,0,0,0.0,0.0,0
15.400,0,0,0.0,0.0,0
15.400,0,0,0.0,0.0,0
15.400,0,0,0.0,0.0,0
15.400,0,0,0.0,0.0,0
15.500,0,0,0.0,0.0,0
15.500,0,0,0.0,0.0,0
15.500,0,0,0.0,0.0,0
15.500,0,0,0.0,0.0,0
15.500,0,0,0.0,0.0,0
15.500,0,0,0.0,0.0,0
15.600,0,0,0.0,0.0,0
15.600,0,0,0.0,0.0,0
15.600,0,0,0.0,0.0,0
15.600,0,0,0.0,0.0,0
15.600,0,0,0.0,0.0,0
15.700,0,0,0.0,0.0,0
15.700,0,0,0.0,0.0,0
15.700,0,0,0.0,0.0,0
15.700,0,0,0.0,0.0,0
15.700,0,0,0.0,0.0,0
15.800,0,0,0.0,0.0,0
15.800,0,0,0.0,0.0,0
15.800,0,0,0.0,0.0,0
15.800,0,0,0.0,0.0,0
15.800,0,0,0.0,0.0,0
15.900,0,0,0.0,0.0,0
15.900,0,0,0.0,0.0,0
15.900,0,0,0.0,0.0,0
15.900,0,0,0.0,0.0,0
15.900,0,0,0.0,0.0,0
15.900,0,0,0.0,0.0,0
16.000,0,0,0.0,0.0,0
16.000,0,0,0.0,0.0,0
16.000,0,0,0.0,0.0,0
16.000,0,0,0.0,0.0,0
16.000,0,0,0.0,0.0,0
16.100,0,0,0.0,0.0,0
16.100,0,0,0.0,0.0,0
16.100,0,0,0.0,0.0,0
16.100,0,0,0.0,0.0,0
16.100,0,0,0.0,0.0,0
16.200,0,0,0.0,0.0,0
16.200,0,0,0.0,0.0,0
16.200,0,0,0.0,0.0,0
16.200,0,0,0.0,0.0,0
16.200,0,0,0.0,0.0,0
16.300,0,0,0.0,0.0,0
16.300,0,0,0.0,0.0,0
16.300,0,0,0.0,0.0,0
16.300,0,0,0.0,0.0,0
16.300,0,0,0.0,0.0,0
16.400,0,0,0.0,0.0,0
16.400,0,0,0.0,0.0,0
16.400,0,0,0.0,0.0,0
16.400,0,0,0.0,0.0,0
16.400,0,0,0.0,0.0,0
16.400,0,0,0.0,0.0,0
16.500,0,0,0.0,0.0,0
16.500,0,0,0.0,0.0,0
16.500,0,0,0.0,0.0,0
16.500,0,0,0.0,0.0,0
16.500,0,0,0.0,0.0,0
16.600,0,0,0.0,0.0,0
16.600,0,0,0.0,0.0,0
16.600,0,0,0.0,0.0,0
16.600,0,0,0.0,0.0,0
16.600,0,0,0.0,0.0,0
16.700,0,0,0.0,0.0,0
16.700,0,0,0.0,0.0,0
16.700,0,0,0.0,0.0,0
16.700,0,0,0.0,0.0,0
16.700,0,0,0.0,0.0,0
16.800,0,0,0.0,0.0,0
16.800,0,0,0.0,0.0,0
16.800,0,0,0.0,0.0,0
16.800,0,0,0.0,0.0,0
16.800,0,0,0.0,0.0,0
16.800,0,0,0.0,0.0,0
16.900,0,0,0.0,0.0,0
16.900,0,0,0.0,0.0,0
16.900,0,0,0.0,0.0,0
16.900,0,0,0.0,0.0,0
16.900,0,0,0.0,0.0,0
17.000,0,0,0.0,0.0,0
17.000,0,0,0.0,0.0,0
17.000,0,0,0.0,0.0,0
17.000,0,0,0.0,0.0,0
17.000,0,0,0.0,0.0,0
17.100,0,0,0.0,0.0,0
17.100,0,0,0.0,0.0,0
17.100,0,0,0.0,0.0,0
17.100,0,0,0.0,0.0,0
17.100,0,0,0.0,0.0,0
17.200,0,0,0.0,0.0,0
17.200,0,0,0.0,0.0,0
17.200,0,0,0.0,0.0,0
17.200,0,0,0.0,0.0,0
17.200,0,0,0.0,0.0,0
17.300,0,0,0.0,0.0,0
17.300,0,0,0.0,0.0,0
17.300,0,0,0.0,0.0,0
17.300,0,0,0.0,0.0,0
17.300,0,0,0.0,0.0,0
17.300,0,0,0.0,0.0,0
17.400,0,0,0.0,0.0,0
17.400,0,0,0.0,0.0,0
17.400,0,0,0.0,0.0,0
17.400,0,0,0.0,0.0,0
17.400,0,0,0.0,0.0,0
17.500,0,0,0.0,0.0,0
17.500,0,0,0.0,0.0,0
17.500,0,0,0.0,0.0,0
17.500,0,0,0.0,0.0,0
17.500,0,0,0.0,0.0,0
17.600,0,0,0.0,0.0,0
17.600,0,0,0.0,0.0,0
17.600,0,0,0.0,0.0,0
17.600,0,0,0.0,0.0,0
17.600,0,0,0.0,0.0,0
17.700,0,0,0.0,0.0,0
17.700,0,0,0.0,0.0,0
17.700,0,0,0.0,0.0,0
17.700,0,0,0.0,0.0,0
17.700,0,0,0.0,0.0,0
17.800,0,0,0.0,0.0,0
17.800,0,0,0.0,0.0,0
17.800,0,0,0.0,0.0,0
17.800,0,0,0.0,0.0,0
17.800,0,0,0.0,0.0,0
17.800,0,0,0.0,0.0,0
17.900,0,0,0.0,0.0,0
17.900,0,0,0.0,0.0,0
17.900,0,0,0.0,0.0,0
17.900,0,0,0.0,0.0,0
17.900,0,0,0.0,0.0,0
18.000,0,0,0.0,0.0,0
18.000,0,0,0.0,0.0,0
18.000,0,0,0.0,0.0,0
18.000,0,0,0.0,0.0,0
18.000,0,0,0.0,0.0,0
18.100,0,0,0.0,0.0,0
18.100,0,0,0.0,0.0,0
18.100,0,0,0.0,0.0,0
18.100,0,0,0.0,0.0,0
18.100,0,0,0.0,0.0,0
18.200,0,0,0.0,0.0,0
18.200,0,0,0.0,0.0,0
18.200,0,0,0.0,0.0,0
18.200,0,0,0.0,0.0,0
18.200,0,0,0.0,0.0,0
18.200,0,0,0.0,0.0,0
18.300,0,0,0.0,0.0,0
18.300,0,0,0.0,0.0,0
18.300,0,0,0.0,0.0,0
18.300,0,0,0.0,0.0,0
18.300,0,0,0.0,0.0,0
18.400,0,0,0.0,0.0,0
18.400,0,0,0.0,0.0,0
18.400,0,0,0.0,0.0,0
18.400,0,0,0.0,0.0,0
18.400,0,0,0.0,0.0,0
18.500,0,0,0.0,0.0,0
18.500,0,0,0.0,0.0,0
18.500,0,0,0.0,0.0,0
18.500,0,0,0.0,0.0,0
18.500,0,0,0.0,0.0,0
18.600,0,0,0.0,0.0,0
18.600,0,0,0.0,0.0,0
18.600,0,0,0.0,0.0,0
18.600,0,0,0.0,0.0,0
18.600,0,0,0.0,0.0,0
18.700,0,0,0.0,0.0,0
18.700,0,0,0.0,0.0,0
18.700,0,0,0.0,0.0,0
18.700,0,0,0.0,0.0,0
18.700,0,0,0.0,0.0,0
18.700,0,0,0.0,0.0,0
18.800,0,0,0.0,0.0,0
18.800,0,0,0.0,0.0,0
18.800,0,0,0.0,0.0,0
18.800,0,0,0.0,0.0,0
18.800,0,0,0.0,0.0,0
18.900,0,0,0.0,0.0,0
18.900,0,0,0.0,0.0,0
18.900,0,0,0.0,0.0,0
18.900,0,0,0.0,0.0,0
18.900,0,0,0.0,0.0,0
19.000,0,0,0.0,0.0,0
19.000,0,0,0.0,0.0,0
19.000,0,0,0.0,0.0,0
19.000,0,0,0.0,0.0,0
19.000,0,0,0.0,0.0,0
19.100,0,0,0.0,0.0,0
19.100,0,0,0.0,0.0,0
19.100,0,0,0.0,0.0,0
19.100,0,0,0.0,0.0,0
19.100,0,0,0.0,0.0,0
19.100,0,0,0.0,0.0,0
19.200,0,0,0.0,0.0,0
19.200,0,0,0.0,0.0,0
19.200,0,0,0.0,0.0,0
19.200,0,0,0.0,0.0,0
19.200,0,0,0.0,0.0,0
19.300,0,0,0.0,0.0,0
19.300,0,0,0.0,0.0,0
19.300,0,0,0.0,0.0,0
19.300,0,0,0.0,0.0,0
19.300,0,0,0.0,0.0,0
19.400,0,0,0.0,0.0,0
19.400,0,0,0.0,0.0,0
19.400,0,0,0.0,0.0,0
19.400,0,0,0.0,0.0,0
19.400,0,0,0.0,0.0,0
19.500,0,0,0.0,0.0,0
19.500,0,0,0.0,0.0,0
19.500,0,0,0.0,0.0,0
19.500,0,0,0.0,0.0,0
19.500,0,0,0.0,0.0,0
19.600,0,0,0.0,0.0,0
19.600,0,0,0.0,0.0,0
19.600,0,0,0.0,0.0,0
19.600,0,0,0.0,0.0,0
19.600,0,0,0.0,0.0,0
19.600,0,0,0.0,0.0,0
19.700,0,0,0.0,0.0,0
19.700,0,0,0.0,0.0,0
19.700,0,0,0.0,0.0,0
19.700,0,0,0.0,0.0,0
19.700,0,0,0.0,0.0,0
19.800,0,0,0.0,0.0,0
19.800,0,0,0.0,0.0,0
19.800,0,0,0.0,0.0,0
19.800,0,0,0.0,0.0,0
19.800,0,0,0.0,0.0,0
19.900,0,0,0.0,0.0,0
19.900,0,0,0.0,0.0,0
19.900,0,0,0.0,0.0,0
19.900,0,0,0.0,0.0,0
19.900,0,0,0.0,0.0,0
20.000,0,0,0.0,0.0,0
20.000,0,0,0.0,0.0,0
20.000,0,0,0.0,0.0,0
20.000,0,0,0.0,0.0,0
20.000,0,0,0.0,0.0,0
20.000,0,0,0.0,0.0,0
20.100,0,0,0.0,0.0,0
20.100,0,0,0.0,0.0,0
20.100,0,0,0.0,0.0,0
20.100,0,0,0.0,0.0,0
20.100,0,0,0.0,0.0,0
20.200,0,0,0.0,0.0,0
20.200,0,0,0.0,0.0,0
20.200,0,0,0.0,0.0,0
20.200,0,0,0.0,0.0,0
20.200,0,0,0.0,0.0,0
20.300,0,0,0.0,0.0,0
20.300,0,0,0.0,0.0,0
20.300,0,0,0.0,0.0,0
20.300,0,0,0.0,0.0,0
20.300,0,0,0.0,0.0,0
20.400,0,0,0.0,0.0,0
20.400,0,0,0.0,0.0,0
20.400,0,0,0.0,0.0,0
20.400,0,0,0.0,0.0,0
20.400,0,0,0.0,0.0,0
20.500,0,0,0.0,0.0,0
20.500,0,0,0.0,0.0,0
20.500,0,0,0.0,0.0,0
20.500,0,0,0.0,0.0,0
20.500,0,0,0.0,0.0,0
20.500,0,0,0.0,0.0,0
20.600,0,0,0.0,0.0,0
20.600,0,0,0.0,0.0,0
20.600,0,0,0.0,0.0,0
20.600,0,0,0.0,0.0,0
20.600,0,0,0.0,0.0,0
20.700,0,0,0.0,0.0,0
20.700,0,0,0.0,0.0,0
20.700,0,0,0.0,0.0,0
20.700,0,0,0.0,0.0,0
20.700,0,0,0.0,0.0,0
20.800,0,0,0.0,0.0,0
20.800,0,0,0.0,0.0,0
20.800,0,0,0.0,0.0,0
20.800,0,0,0.0,0.0,0
20.800,0,0,0.0,0.0,0
20.900,0,0,0.0,0.0,0
20.900,0,0,0.0,0.0,0
20.900,0,0,0.0,0.0,0
20.900,0,0,0.0,0.0,0
20.900,0,0,0.0,0.0,0
21.000,0,0,0.0,0.0,0
21.000,0,0,0.0,0.0,0
21.000,0,0,0.0,0.0,0
21.000,0,0,0.0,0.0,0
21.000,0,0,0.0,0.0,0
21.000,0,0,0.0,0.0,0
21.100,0,0,0.0,0.0,0
21.100,0,0,0.0,0.0,0
21.100,0,0,0.0,0.0,0
21.100,0,0,0.0,0.0,0
21.100,0,0,0.0,0.0,0
21.200,0,0,0.0,0.0,0
21.200,0,0,0.0,0.0,0
21.200,0,0,0.0,0.0,0
21.200,0,0,0.0,0.0,0
21.200,0,0,0.0,0.0,0
21.300,0,0,0.0,0.0,0
21.300,0,0,0.0,0.0,0
21.300,0,0,0.0,0.0,0
21.300,0,0,0.0,0.0,0
21.300,0,0,0.0,0.0,0
21.400,0,0,0.0,0.0,0
21.400,0,0,0.0,0.0,0
21.400,0,0,0.0,0.0,0
21.400,0,0,0.0,0.0,0
21.400,0,0,0.0,0.0,0
21.400,0,0,0.0,0.0,0
21.500,0,0,0.0,0.0,0
21.500,0,0,0.0,0.0,0
21.500,0,0,0.0,0.0,0
21.500,0,0,0.0,0.0,0
21.500,0,0,0.0,0.0,0
21.600,0,0,0.0,0.0,0
21.600,0,0,0.0,0.0,0
21.600,0,0,0.0,0.0,0
21.600,0,0,0.0,0.0,0
21.600,0,0,0.0,0.0,0
21.700,0,0,0.0,0.0,0
21.700,0,0,0.0,0.0,0
21.700,0,0,0.0,0.0,0
21.700,0,0,0.0,0.0,0
21.700,0,0,0.0,0.0,0
21.800,0,0,0.0,0.0,0
21.800,0,0,0.0,0.0,0
21.800,0,0,0.0,0.0,0
21.800,0,0,0.0,0.0,0
21.800,0,0,0.0,0.0,0
21.900,0,0,0.0,0.0,0
21.900,0,0,0.0,0.0,0
21.900,0,0,0.0,0.0,0
21.900,0,0,0.0,0.0,0
21.900,0,0,0.0,0.0,0
21.900,0,0,0.0,0.0,0
22.000,0,0,0.0,0.0,0
22.000,0,0,0.0,0.0,0
22.000,0,0,0.0,0.0,0
22.000,0,0,0.0,0.0,0
22.000,0,0,0.0,0.0,0
22.100,0,0,0.0,0.0,0
22.100,0,0,0.0,0.0,0
22.100,0,0,0.0,0.0,0
22.100,0,0,0.0,0.0,0
22.100,0,0,0.0,0.0,0
22.200,0,0,0.0,0.0,0
22.200,0,0,0.0,0.0,0
22.200,0,0,0.0,0.0,0
22.200,0,0,0.0,0.0,0
22.200,0,0,0.0,0.0,0
22.300,0,0,0.0,0.0,0
22.300,0,0,0.0,0.0,0
22.300,0,0,0.0,0.0,0
22.300,0,0,0.0,0.0,0
22.300,0,0,0.0,0.0,0
22.300,0,0,0.0,0.0,0
22.400,0,0,0.0,0.0,0
22.400,0,0,0.0,0.0,0
22.400,0,0,0.0,0.0,0
22.400,0,0,0.0,0.0,0
22.400,0,0,0.0,0.0,0
22.500,0,0,0.0,0.0,0
22.500,0,0,0.0,0.0,0
22.500,0,0,0.0,0.0,0
22.500,0,0,0.0,0.0,0
22.500,0,0,0.0,0.0,0
22.600,0,0,0.0,0.0,0
22.600,0,0,0.0,0.0,0
22.600,0,0,0.0,0.0,0
22.600,0,0,0.0,0.0,0
22.600,0,0,0.0,0.0,0
22.700,0,0,0.0,0.0,0
22.700,0,0,0.0,0.0,0
22.700,0,0,0.0,0.0,0
22.700,0,0,0.0,0.0,0
22.700,0,0,0.0,0.0,0
22.800,0,0,0.0,0.0,0
22.800,0,0,0.0,0.0,0
22.800,0,0,0.0,0.0,0
22.800,0,0,0.0,0.0,0
22.800,0,0,0.0,0.0,0
22.800,0,0,0.0,0.0,0
22.900,0,0,0.0,0.0,0
22.900,0,0,0.0,0.0,0
22.900,0,0,0.0,0.0,0
22.900,0,0,0.0,0.0,0
22.900,0,0,0.0,0.0,0
23.000,0,0,0.0,0.0,0
23.000,0,0,0.0,0.0,0
23.000,0,0,0.0,0.0,0
23.000,0,0,0.0,0.0,0
23.000,0,0,0.0,0.0,0
23.100,0,0,0.0,0.0,0
23.100,0,0,0.0,0.0,0
23.100,0,0,0.0,0.0,0
23.100,0,0,0.0,0.0,0
23.100,0,0,0.0,0.0,0
23.200,0,0,0.0,0.0,0
23.200,0,0,0.0,0.0,0
23.200,0,0,0.0,0.0,0
23.200,0,0,0.0,0.0,0
23.200,0,0,0.0,0.0,0
23.300,0,0,0.0,0.0,0
23.300,0,0,0.0,0.0,0
23.300,0,0,0.0,0.0,0
23.300,0,0,0.0,0.0,0
23.300,0,0,0.0,0.0,0
23.300,0,0,0.0,0.0,0
23.400,0,0,0.0,0.0,0
23.400,0,0,0.0,0.0,0
23.400,0,0,0.0,0.0,0
23.400,0,0,0.0,0.0,0
23.400,0,0,0.0,0.0,0
23.500,0,0,0.0,0.0,0
23.500,0,0,0.0,0.0,0
23.500,0,0,0.0,0.0,0
23.500,0,0,0.0,0.0,0
23.500,0,0,0.0,0.0,0
23.600,0,0,0.0,0.0,0
23.600,0,0,0.0,0.0,0
23.600,0,0,0.0,0.0,0
23.600,0,0,0.0,0.0,0
23.600,0,0,0.0,0.0,0
23.700,0,0,0.0,0.0,0
23.700,0,0,0.0,0.0,0
23.700,0,0,0.0,0.0,0
23.700,0,0,0.0,0.0,0
23.700,0,0,0.0,0.0,0
23.700,0,0,0.0,0.0,0
23.800,0,0,0.0,0.0,0
23.800,0,0,0.0,0.0,0
23.800,0,0,0.0,0.0,0
23.800,0,0,0.0,0.0,0
23.800,0,0,0.0,0.0,0
23.900,0,0,0.0,0.0,0
23.900,0,0,0.0,0.0,0
23.900,0,0,0.0,0.0,0
23.900,0,0,0.0,0.0,0
23.900,0,0,0.0,0.0,0
24.000,0,0,0.0,0.0,0
24.000,0,0,0.0,0.0,0
24.000,0,0,0.0,0.0,0
24.000,0,0,0.0,0.0,0
24.000,0,0,0.0,0.0,0
24.100,0,0,0.0,0.0,0
24.100,0,0,0.0,0.0,0
24.100,0,0,0.0,0.0,0
24.100,0,0,0.0,0.0,0
24.100,0,0,0.0,0.0,0
24.200,0,0,0.0,0.0,0
24.200,0,0,0.0,0.0,0
24.200,0,0,0.0,0.0,0
24.200,0,0,0.0,0.0,0
24.200,0,0,0.0,0.0,0
24.200,0,0,0.0,0.0,0
24.300,0,0,0.0,0.0,0
24.300,0,0,0.0,0.0,0
24.300,0,0,0.0,0.0,0
24.300,0,0,0.0,0.0,0
24.300,0,0,0.0,0.0,0
24.400,0,0,0.0,0.0,0
24.400,0,0,0.0,0.0,0
24.400,0,0,0.0,0.0,0
24.400,0,0,0.0,0.0,0
24.400,0,0,0.0,0.0,0
24.500,0,0,0.0,0.0,0
24.500,0,0,0.0,0.0,0
24.500,0,0,0.0,0.0,0
24.500,0,0,0.0,0.0,0
24.500,0,0,0.0,0.0,0
24.600,0,0,0.0,0.0,0
24.600,0,0,0.0,0.0,0
24.600,0,0,0.0,0.0,0
24.600,0,0,0.0,0.0,0
24.600,0,0,0.0,0.0,0
24.600,0,0,0.0,0.0,0
24.700,0,0,0.0,0.0,0
24.700,0,0,0.0,0.0,0
24.700,0,0,0.0,0.0,0
24.700,0,0,0.0,0.0,0
24.700,0,0,0.0,0.0,0
24.800,0,0,0.0,0.0,0
24.800,0,0,0.0,0.0,0
24.800,0,0,0.0,0.0,0
24.800,0,0,0.0,0.0,0
24.800,0,0,0.0,0.0,0
24.900,0,0,0.0,0.0,0
24.900,0,0,0.0,0.0,0
24.900,0,0,0.0,0.0,0
24.900,0,0,0.0,0.0,0
24.900,0,0,0.0,0.0,0
25.000,0,0,0.0,0.0,0
25.000,0,0,0.0,0.0,0
25.000,0,0,0.0,0.0,0
25.000,0,0,0.0,0.0,0
25.000,0,0,0.0,0.0,0
25.100,0,0,0.0,0.0,0
25.100,0,0,0.0,0.0,0
25.100,0,0,0.0,0.0,0
25.100,0,0,0.0,0.0,0
25.100,0,0,0.0,0.0,0
25.100,0,0,0.0,0.0,0
25.200,0,0,0.0,0.0,0
25.200,0,0,0.0,0.0,0
25.200,0,0,0.0,0.0,0
25.200,0,0,0.0,0.0,0
25.200,0,0,0.0,0.0,0
25.300,0,0,0.0,0.0,0
25.300,0,0,0.0,0.0,0
25.300,0,0,0.0,0.0,0
25.300,0,0,0.0,0.0,0
25.300,0,0,0.0,0.0,0
25.400,0,0,0.0,0.0,0
25.400,0,0,0.0,0.0,0
25.400,0,0,0.0,0.0,0
25.400,0,0,0.0,0.0,0
25.400,0,0,0.0,0.0,0
25.500,0,0,0.0,0.0,0
25.500,0,0,0.0,0.0,0
25.500,0,0,0.0,0.0,0
25.500,0,0,0.0,0.0,0
25.500,0,0,0.0,0.0,0
25.600,0,0,0.0,0.0,0
25.600,0,0,0.0,0.0,0
25.600,0,0,0.0,0.0,0
25.600,0,0,0.0,0.0,0
25.600,0,0,0.0,0.0,0
25.600,0,0,0.0,0.0,0
25.700,0,0,0.0,0.0,0
25.700,0,0,0.0,0.0,0
25.700,0,0,0.0,0.0,0
25.700,0,0,0.0,0.0,0
25.700,0,0,0.0,0.0,0
25.800,0,0,0.0,0.0,0
25.800,0,0,0.0,0.0,0
25.800,0,0,0.0,0.0,0
25.800,0,0,0.0,0.0,0
25.800,0,0,0.0,0.0,0
25.900,0,0,0.0,0.0,0
25.900,0,0,0.0,0.0,0
25.900,0,0,0.0,0.0,0
25.900,0,0,0.0,0.0,0
25.900,0,0,0.0,0.0,0
26.000,0,0,0.0,0.0,0
26.000,0,0,0.0,0.0,0
26.000,0,0,0.0,0.0,0
26.000,0,0,0.0,0.0,0
26.000,0,0,0.0,0.0,0
26.000,0,0,0.0,0.0,0
26.100,0,0,0.0,0.0,0
26.100,0,0,0.0,0.0,0
26.100,0,0,0.0,0.0,0
26.100,0,0,0.0,0.0,0
26.100,0,0,0.0,0.0,0
26.200,0,0,0.0,0.0,0
26.200,0,0,0.0,0.0,0
26.200,0,0,0.0,0.0,0
26.200,0,0,0.0,0.0,0
26.200,0,0,0.0,0.0,0
26.300,0,0,0.0,0.0,0
26.300,0,0,0.0,0.0,0
26.300,0,0,0.0,0.0,0
26.300,0,0,0.0,0.0,0
26.300,0,0,0.0,0.0,0
26.400,0,0,0.0,0.0,0
26.400,0,0,0.0,0.0,0
26.400,0,0,0.0,0.0,0
26.400,0,0,0.0,0.0,0
26.400,0,0,0.0,0.0,0
26.500,0,0,0.0,0.0,0
26.500,0,0,0.0,0.0,0
26.500,0,0,0.0,0.0,0
26.500,0,0,0.0,0.0,0
26.500,0,0,0.0,0.0,0
26.500,0,0,0.0,0.0,0
26.600,0,0,0.0,0.0,0
26.600,0,0,0.0,0.0,0
26.600,0,0,0.0,0.0,0
26.600,0,0,0.0,0.0,0
26.600,0,0,0.0,0.0,0
26.700,0,0,0.0,0.0,0
26.700,0,0,0.0,0.0,0
26.700,0,0,0.0,0.0,0
26.700,0,0,0.0,0.0,0
26.700,0,0,0.0,0.0,0
26.800,0,0,0.0,0.0,0
26.800,0,0,0.0,0.0,0
26.800,0,0,0.0,0.0,0
26.800,0,0,0.0,0.0,0
26.800,0,0,0.0,0.0,0
26.900,0,0,0.0,0.0,0
26.900,0,0,0.0,0.0,0
26.900,0,0,0.0,0.0,0
26.900,0,0,0.0,0.0,0
26.900,0,0,0.0,0.0,0
26.900,0,0,0.0,0.0,0
27.000,0,0,0.0,0.0,0
27.000,0,0,0.0,0.0,0
27.000,0,0,0.0,0.0,0
27.000,0,0,0.0,0.0,0
27.000,0,0,0.0,0.0,0
27.100,0,0,0.0,0.0,0
27.100,0,0,0.0,0.0,0
27.100,0,0,0.0,0.0,0
27.100,0,0,0.0,0.0,0
27.100,0,0,0.0,0.0,0
27.200,0,0,0.0,0.0,0
27.200,0,0,0.0,0.0,0
27.200,0,0,0.0,0.0,0
27.200,0,0,0.0,0.0,0
27.200,0,0,0.0,0.0,0
27.300,0,0,0.0,0.0,0
27.300,0,0,0.0,0.0,0
27.300,0,0,0.0,0.0,0
27.300,0,0,0.0,0.0,0
27.300,0,0,0.0,0.0,0
27.400,0,0,0.0,0.0,0
27.400,0,0,0.0,0.0,0
27.400,0,0,0.0,0.0,0
27.400,0,0,0.0,0.0,0
27.400,0,0,0.0,0.0,0
27.400,0,0,0.0,0.0,0
27.500,0,0,0.0,0.0,0
27.500,0,0,0.0,0.0,0
27.500,0,0,0.0,0.0,0
27.500,0,0,0.0,0.0,0
27.500,0,0,0.0,0.0,0
27.600,0,0,0.0,0.0,0
27.600,0,0,0.0,0.0,0
27.600,0,0,0.0,0.0,0
27.600,0,0,0.0,0.0,0
27.600,0,0,0.0,0.0,0
27.700,0,0,0.0,0.0,0
27.700,0,0,0.0,0.0,0
27.700,0,0,0.0,0.0,0
27.700,0,0,0.0,0.0,0
27.700,0,0,0.0,0.0,0
27.800,0,0,0.0,0.0,0
27.800,0,0,0.0,0.0,0
27.800,0,0,0.0,0.0,0
27.800,0,0,0.0,0.0,0
27.800,0,0,0.0,0.0,0
27.900,0,0,0.0,0.0,0
27.900,0,0,0.0,0.0,0
27.900,0,0,0.0,0.0,0
27.900,0,0,0.0,0.0,0
27.900,0,0,0.0,0.0,0
27.900,0,0,0.0,0.0,0
28.000,0,0,0.0,0.0,0
28.000,0,0,0.0,0.0,0
28.000,0,0,0.0,0.0,0
28.000,0,0,0.0,0.0,0
28.000,0,0,0.0,0.0,0
28.100,0,0,0.0,0.0,0
28.100,0,0,0.0,0.0,0
28.100,0,0,0.0,0.0,0
28.100,0,0,0.0,0.0,0
28.100,0,0,0.0,0.0,0
28.200,0,0,0.0,0.0,0
28.200,0,0,0.0,0.0,0
28.200,0,0,0.0,0.0,0
28.200,0,0,0.0,0.0,0
28.200,0,0,0.0,0.0,0
28.300,0,0,0.0,0.0,0
28.300,0,0,0.0,0.0,0
28.300,0,0,0.0,0.0,0
28.300,0,0,0.0,0.0,0
28.300,0,0,0.0,0.0,0
28.300,0,0,0.0,0.0,0
28.400,0,0,0.0,0.0,0
28.400,0,0,0.0,0.0,0
28.400,0,0,0.0,0.0,0
28.400,0,0,0.0,0.0,0
28.400,0,0,0.0,0.0,0
28.500,0,0,0.0,0.0,0
28.500,0,0,0.0,0.0,0
28.500,0,0,0.0,0.0,0
28.500,0,0,0.0,0.0,0
28.500,0,0,0.0,0.0,0
28.600,0,0,0.0,0.0,0
28.600,0,0,0.0,0.0,0
28.600,0,0,0.0,0.0,0
28.600,0,0,0.0,0.0,0
28.600,0,0,0.0,0.0,0
28.700,0,0,0.0,0.0,0
28.700,0,0,0.0,0.0,0
28.700,0,0,0.0,0.0,0
28.700,0,0,0.0,0.0,0
28.700,0,0,0.0,0.0,0
28.800,0,0,0.0,0.0,0
28.800,0,0,0.0,0.0,0
28.800,0,0,0.0,0.0,0
28.800,0,0,0.0,0.0,0
28.800,0,0,0.0,0.0,0
28.800,0,0,0.0,0.0,0
28.900,0,0,0.0,0.0,0
28.900,0,0,0.0,0.0,0
28.900,0,0,0.0,0.0,0
28.900,0,0,0.0,0.0,0
28.900,0,0,0.0,0.0,0
29.000,0,0,0.0,0.0,0
29.000,0,0,0.0,0.0,0
29.000,0,0,0.0,0.0,0
29.000,0,0,0.0,0.0,0
29.000,0,0,0.0,0.0,0
29.100,0,0,0.0,0.0,0
29.100,0,0,0.0,0.0,0
29.100,0,0,0.0,0.0,0
29.100,0,0,0.0,0.0,0
29.100,0,0,0.0,0.0,0
29.200,0,0,0.0,0.0,0
29.200,0,0,0.0,0.0,0
29.200,0,0,0.0,0.0,0
29.200,0,0,0.0,0.0,0
29.200,0,0,0.0,0.0,0
29.200,0,0,0.0,0.0,0
29.300,0,0,0.0,0.0,0
29.300,0,0,0.0,0.0,0
29.300,0,0,0.0,0.0,0
29.300,0,0,0.0,0.0,0
29.300,0,0,0.0,0.0,0
29.400,0,0,0.0,0.0,0
29.400,0,0,0.0,0.0,0
29.400,0,0,0.0,0.0,0
29.400,0,0,0.0,0.0,0
29.400,0,0,0.0,0.0,0
29.500,0,0,0.0,0.0,0
29.500,0,0,0.0,0.0,0
29.500,0,0,0.0,0.0,0
29.500,0,0,0.0,0.0,0
29.500,0,0,0.0,0.0,0
29.600,0,0,0.0,0.0,0
29.600,0,0,0.0,0.0,0
29.600,0,0,0.0,0.0,0
29.600,0,0,0.0,0.0,0
29.600,0,0,0.0,0.0,0
29.700,0,0,0.0,0.0,0
29.700,0,0,0.0,0.0,0
29.700,0,0,0.0,0.0,0
29.700,0,0,0.0,0.0,0
29.700,0,0,0.0,0.0,0
29.700,0,0,0.0,0.0,0
29.800,0,0,0.0,0.0,0
29.800,0,0,0.0,0.0,0
29.800,0,0,0.0,0.0,0
29.800,0,0,0.0,0.0,0
29.800,0,0,0.0,0.0,0
29.900,0,0,0.0,0.0,0
29.900,0,0,0.0,0.0,0
29.900,0,0,0.0,0.0,0
29.900,0,0,0.0,0.0,0
29.900,0,0,0.0,0.0,0
30.000,0,0,0.0,0.0,0
30.000,0,0,0.0,0.0,0
30.000,0,0,0.0,0.0,0
30.000,0,0,0.0,0.0,0
30.000,0,0,0.0,0.0,0
30.100,0,0,0.0,0.0,0
30.100,0,0,0.0,0.0,0
30.100,0,0,0.0,0.0,0
30.100,0,0,0.0,0.0,0
30.100,0,0,0.0,0.0,0
30.200,0,0,0.0,0.0,0
30.200,0,0,0.0,0.0,0
30.200,0,0,0.0,0.0,0
30.200,0,0,0.0,0.0,0
30.200,0,0,0.0,0.0,0
30.200,0,0,0.0,0.0,0
30.300,0,0,0.0,0.0,0
30.300,0,0,0.0,0.0,0
30.300,0,0,0.0,0.0,0
30.300,0,0,0.0,0.0,0
30.300,0,0,0.0,0.0,0
30.400,0,0,0.0,0.0,0
30.400,0,0,0.0,0.0,0
30.400,0,0,0.0,0.0,0
30.400,0,0,0.0,0.0,0
30.400,0,0,0.0,0.0,0
30.500,0,0,0.0,0.0,0
30.500,0,0,0.0,0.0,0
30.500,0,0,0.0,0.0,0
30.500,0,0,0.0,0.0,0
30.500,0,0,0.0,0.0,0
30.600,0,0,0.0,0.0,0
30.600,0,0,0.0,0.0,0
30.600,0,0,0.0,0.0,0
30.600,0,0,0.0,0.0,0
30.600,0,0,0.0,0.0,0
30.600,0,0,0.0,0.0,0
30.700,0,0,0.0,0.0,0
30.700,0,0,0.0,0.0,0
30.700,0,0,0.0,0.0,0
30.700,0,0,0.0,0.0,0
30.700,0,0,0.0,0.0,0
30.800,0,0,0.0,0.0,0
30.800,0,0,0.0,0.0,0
30.800,0,0,0.0,0.0,0
30.800,0,0,0.0,0.0,0
30.800,0,0,0.0,0.0,0
30.900,0,0,0.0,0.0,0
30.900,0,0,0.0,0.0,0
30.900,0,0,0.0,0.0,0
30.900,0,0,0.0,0.0,0
30.900,0,0,0.0,0.0,0
31.000,0,0,0.0,0.0,0
31.000,0,0,0.0,0.0,0
31.000,0,0,0.0,0.0,0
31.000,0,0,0.0,0.0,0
31.000,0,0,0.0,0.0,0
31.100,0,0,0.0,0.0,0
31.100,0,0,0.0,0.0,0
31.100,0,0,0.0,0.0,0
31.100,0,0,0.0,0.0,0
31.100,0,0,0.0,0.0,0
31.100,0,0,0.0,0.0,0
31.200,0,0,0.0,0.0,0
31.200,0,0,0.0,0.0,0
31.200,0,0,0.0,0.0,0
31.200,0,0,0.0,0.0,0
31.200,0,0,0.0,0.0,0
31.300,0,0,0.0,0.0,0
31.300,0,0,0.0,0.0,0
31.300,0,0,0.0,0.0,0
31.300,0,0,0.0,0.0,0
31.300,0,0,0.0,0.0,0
31.400,0,0,0.0,0.0,0
31.400,0,0,0.0,0.0,0
31.400,0,0,0.0,0.0,0
31.400,0,0,0.0,0.0,0
31.400,0,0,0.0,0.0,0
31.500,0,0,0.0,0.0,0
31.500,0,0,0.0,0.0,0
31.500,0,0,0.0,0.0,0
31.500,0,0,0.0,0.0,0
31.500,0,0,0.0,0.0,0
31.500,0,0,0.0,0.0,0
31.600,0,0,0.0,0.0,0
31.600,0,0,0.0,0.0,0
31.600,0,0,0.0,0.0,0
31.600,0,0,0.0,0.0,0
31.600,0,0,0.0,0.0,0
31.700,0,0,0.0,0.0,0
31.700,0,0,0.0,0.0,0
31.700,0,0,0.0,0.0,0
31.700,0,0,0.0,0.0,0
31.700,0,0,0.0,0.0,0
31.800,0,0,0.0,0.0,0
31.800,0,0,0.0,0.0,0
31.800,0,0,0.0,0.0,0
31.800,0,0,0.0,0.0,0
31.800,0,0,0.0,0.0,0
31.900,0,0,0.0,0.0,0
31.900,0,0,0.0,0.0,0
31.900,0,0,0.0,0.0,0
31.900,0,0,0.0,0.0,0
31.900,0,0,0.0,0.0,0
32.000,0,0,0.0,0.0,0
32.000,0,0,0.0,0.0,0
32.000,0,0,0.0,0.0,0
32.000,0,0,0.0,0.0,0
32.000,0,0,0.0,0.0,0
32.000,0,0,0.0,0.0,0
32.100,0,0,0.0,0.0,0
32.100,0,0,0.0,0.0,0
32.100,0,0,0.0,0.0,0
32.100,0,0,0.0,0.0,0
32.100,0,0,0.0,0.0,0
32.200,0,0,0.0,0.0,0
32.200,0,0,0.0,0.0,0
32.200,0,0,0.0,0.0,0
32.200,0,0,0.0,0.0,0
32.200,0,0,0.0,0.0,0
32.300,0,0,0.0,0.0,0
32.300,0,0,0.0,0.0,0
32.300,0,0,0.0,0.0,0
32.300,0,0,0.0,0.0,0
32.300,0,0,0.0,0.0,0
32.400,0,0,0.0,0.0,0
32.400,0,0,0.0,0.0,0
32.400,0,0,0.0,0.0,0
32.400,0,0,0.0,0.0,0
32.400,0,0,0.0,0.0,0
32.500,0,0,0.0,0.0,0
32.500,0,0,0.0,0.0,0
32.500,0,0,0.0,0.0,0
32.500,0,0,0.0,0.0,0
32.500,0,0,0.0,0.0,0
32.500,0,0,0.0,0.0,0
32.600,0,0,0.0,0.0,0
32.600,0,0,0.0,0.0,0
32.600,0,0,0.0,0.0,0
32.600,0,0,0.0,0.0,0
32.600,0,0,0.0,0.0,0
32.700,0,0,0.0,0.0,0
32.700,0,0,0.0,0.0,0
32.700,0,0,0.0,0.0,0
32.700,0,0,0.0,0.0,0
32.700,0,0,0.0,0.0,0
32.800,0,0,0.0,0.0,0
32.800,0,0,0.0,0.0,0
32.800,0,0,0.0,0.0,0
32.800,0,0,0.0,0.0,0
32.800,0,0,0.0,0.0,0
32.900,0,0,0.0,0.0,0
32.900,0,0,0.0,0.0,0
32.900,0,0,0.0,0.0,0
32.900,0,0,0.0,0.0,0
32.900,0,0,0.0,0.0,0
32.900,0,0,0.0,0.0,0
33.000,0,0,0.0,0.0,0
33.000,0,0,0.0,0.0,0
33.000,0,0,0.0,0.0,0
33.000,0,0,0.0,0.0,0
33.000,0,0,0.0,0.0,0
33.100,0,0,0.0,0.0,0
33.100,0,0,0.0,0.0,0
33.100,0,0,0.0,0.0,0
33.100,0,0,0.0,0.0,0
33.100,0,0,0.0,0.0,0
33.200,0,0,0.0,0.0,0
33.200,0,0,0.0,0.0,0
33.200,0,0,0.0,0.0,0
33.200,0,0,0.0,0.0,0
33.200,0,0,0.0,0.0,0
33.300,0,0,0.0,0.0,0
33.300,0,0,0.0,0.0,0
33.300,0,0,0.0,0.0,0
33.300,0,0,0.0,0.0,0
33.300,0,0,0.0,0.0,0
33.400,0,0,0.0,0.0,0
33.400,0,0,0.0,0.0,0
33.400,0,0,0.0,0.0,0
33.400,0,0,0.0,0.0,0
33.400,0,0,0.0,0.0,0
33.400,0,0,0.0,0.0,0
33.500,0,0,0.0,0.0,0
33.500,0,0,0.0,0.0,0
33.500,0,0,0.0,0.0,0
33.500,0,0,0.0,0.0,0
33.500,0,0,0.0,0.0,0
33.600,0,0,0.0,0.0,0
33.600,0,0,0.0,0.0,0
33.600,0,0,0.0,0.0,0
33.600,0,0,0.0,0.0,0
33.600,0,0,0.0,0.0,0
33.700,0,0,0.0,0.0,0
33.700,0,0,0.0,0.0,0
33.700,0,0,0.0,0.0,0
33.700,0,0,0.0,0.0,0
33.700,0,0,0.0,0.0,0
33.800,0,0,0.0,0.0,0
33.800,0,0,0.0,0.0,0
33.800,0,0,0.0,0.0,0
33.800,0,0,0.0,0.0,0
33.800,0,0,0.0,0.0,0
33.800,0,0,0.0,0.0,0
33.900,0,0,0.0,0.0,0
33.900,0,0,0.0,0.0,0
33.900,0,0,0.0,0.0,0
33.900,0,0,0.0,0.0,0
33.900,0,0,0.0,0.0,0
34.000,0,0,0.0,0.0,0
34.000,0,0,0.0,0.0,0
34.000,0,0,0.0,0.0,0
34.000,0,0,0.0,0.0,0
34.000,0,0,0.0,0.0,0
34.100,0,0,0.0,0.0,0
34.100,0,0,0.0,0.0,0
34.100,0,0,0.0,0.0,0
34.100,0,0,0.0,0.0,0
34.100,0,0,0.0,0.0,0
34.200,0,0,0.0,0.0,0
34.200,0,0,0.0,0.0,0
34.200,0,0,0.0,0.0,0
34.200,0,0,0.0,0.0,0
34.200,0,0,0.0,0.0,0
34.300,0,0,0.0,0.0,0
34.300,0,0,0.0,0.0,0
34.300,0,0,0.0,0.0,0
34.300,0,0,0.0,0.0,0
34.300,0,0,0.0,0.0,0
34.300,0,0,0.0,0.0,0
34.400,0,0,0.0,0.0,0
34.400,0,0,0.0,0.0,0
34.400,0,0,0.0,0.0,0
34.400,0,0,0.0,0.0,0
34.400,0,0,0.0,0.0,0
34.500,0,0,0.0,0.0,0
34.500,0,0,0.0,0.0,0
34.500,0,0,0.0,0.0,0
34.500,0,0,0.0,0.0,0
34.500,0,0,0.0,0.0,0
34.600,0,0,0.0,0.0,0
34.600,0,0,0.0,0.0,0
34.600,0,0,0.0,0.0,0
34.600,0,0,0.0,0.0,0
34.600,0,0,0.0,0.0,0
34.700,0,0,0.0,0.0,0
34.700,0,0,0.0,0.0,0
34.700,0,0,0.0,0.0,0
34.700,0,0,0.0,0.0,0
34.700,0,0,0.0,0.0,0
34.800,0,0,0.0,0.0,0
34.800,0,0,0.0,0.0,0
34.800,0,0,0.0,0.0,0
34.800,0,0,0.0,0.0,0
34.800,0,0,0.0,0.0,0
34.800,0,0,0.0,0.0,0
34.900,0,0,0.0,0.0,0
34.900,0,0,0.0,0.0,0
34.900,0,0,0.0,0.0,0
34.900,0,0,0.0,0.0,0
34.900,0,0,0.0,0.0,0
35.000,0,0,0.0,0.0,0
35.000,0,0,0.0,0.0,0
35.000,0,0,0.0,0.0,0
35.000,0,0,0.0,0.0,0
35.000,0,0,0.0,0.0,0
35.100,0,0,0.0,0.0,0
35.100,0,0,0.0,0.0,0
35.100,0,0,0.0,0.0,0
35.100,0,0,0.0,0.0,0
35.100,0,0,0.0,0.0,0
35.200,0,0,0.0,0.0,0
35.200,0,0,0.0,0.0,0
35.200,0,0,0.0,0.0,0
35.200,0,0,0.0,0.0,0
35.200,0,0,0.0,0.0,0
35.200,0,0,0.0,0.0,0
35.300,0,0,0.0,0.0,0
35.300,0,0,0.0,0.0,0
35.300,0,0,0.0,0.0,0
35.300,0,0,0.0,0.0,0
35.300,0,0,0.0,0.0,0
35.400,0,0,0.0,0.0,0
35.400,0,0,0.0,0.0,0
35.400,0,0,0.0,0.0,0
35.400,0,0,0.0,0.0,0
35.400,0,0,0.0,0.0,0
35.500,0,0,0.0,0.0,0
35.500,0,0,0.0,0.0,0
35.500,0,0,0.0,0.0,0
35.500,0,0,0.0,0.0,0
35.500,0,0,0.0,0.0,0
35.600,0,0,0.0,0.0,0
35.600,0,0,0.0,0.0,0
35.600,0,0,0.0,0.0,0
35.600,0,0,0.0,0.0,0
35.600,0,0,0.0,0.0,0
35.700,0,0,0.0,0.0,0
35.700,0,0,0.0,0.0,0
35.700,0,0,0.0,0.0,0
35.700,0,0,0.0,0.0,0
35.700,0,0,0.0,0.0,0
35.700,0,0,0.0,0.0,0
35.800,0,0,0.0,0.0,0
35.800,0,0,0.0,0.0,0
35.800,0,0,0.0,0.0,0
35.800,0,0,0.0,0.0,0
35.800,0,0,0.0,0.0,0
35.900,0,0,0.0,0.0,0
35.900,0,0,0.0,0.0,0
35.900,0,0,0.0,0.0,0
35.900,0,0,0.0,0.0,0
35.900,0,0,0.0,0.0,0
36.000,0,0,0.0,0.0,0
36.000,0,0,0.0,0.0,0
36.000,0,0,0.0,0.0,0
36.000,0,0,0.0,0.0,0
36.000,0,0,0.0,0.0,0
36.100,0,0,0.0,0.0,0
36.100,0,0,0.0,0.0,0
36.100,0,0,0.0,0.0,0
36.100,0,0,0.0,0.0,0
36.100,0,0,0.0,0.0,0
36.100,0,0,0.0,0.0,0
36.200,0,0,0.0,0.0,0
36.200,0,0,0.0,0.0,0
36.200,0,0,0.0,0.0,0
36.200,0,0,0.0,0.0,0
36.200,0,0,0.0,0.0,0
36.300,0,0,0.0,0.0,0
36.300,0,0,0.0,0.0,0
36.300,0,0,0.0,0.0,0
36.300,0,0,0.0,0.0,0
36.300,0,0,0.0,0.0,0
36.400,0,0,0.0,0.0,0
36.400,0,0,0.0,0.0,0
36.400,0,0,0.0,0.0,0
36.400,0,0,0.0,0.0,0
36.400,0,0,0.0,0.0,0
36.500,0,0,0.0,0.0,0
36.500,0,0,0.0,0.0,0
36.500,0,0,0.0,0.0,0
36.500,0,0,0.0,0.0,0
36.500,0,0,0.0,0.0,0
36.600,0,0,0.0,0.0,0
36.600,0,0,0.0,0.0,0
36.600,0,0,0.0,0.0,0
36.600,0,0,0.0,0.0,0
36.600,0,0,0.0,0.0,0
36.600,0,0,0.0,0.0,0
36.700,0,0,0.0,0.0,0
36.700,0,0,0.0,0.0,0
36.700,0,0,0.0,0.0,0
36.700,0,0,0.0,0.0,0
36.700,0,0,0.0,0.0,0
36.800,0,0,0.0,0.0,0
36.800,0,0,0.0,0.0,0
36.800,0,0,0.0,0.0,0
36.800,0,0,0.0,0.0,0
36.800,0,0,0.0,0.0,0
36.900,0,0,0.0,0.0,0
36.900,0,0,0.0,0.0,0
36.900,0,0,0.0,0.0,0
36.900,0,0,0.0,0.0,0
36.900,0,0,0.0,0.0,0
37.000,0,0,0.0,0.0,0
37.000,0,0,0.0,0.0,0
37.000,0,0,0.0,0.0,0
37.000,0,0,0.0,0.0,0
37.000,0,0,0.0,0.0,0
37.000,0,0,0.0,0.0,0
37.100,0,0,0.0,0.0,0
37.100,0,0,0.0,0.0,0
37.100,0,0,0.0,0.0,0
37.100,0,0,0.0,0.0,0
37.100,0,0,0.0,0.0,0
37.200,0,0,0.0,0.0,0
37.200,0,0,0.0,0.0,0
37.200,0,0,0.0,0.0,0
37.200,0,0,0.0,0.0,0
37.200,0,0,0.0,0.0,0
37.300,0,0,0.0,0.0,0
37.300,0,0,0.0,0.0,0
37.300,0,0,0.0,0.0,0
37.300,0,0,0.0,0.0,0
37.300,0,0,0.0,0.0,0
37.400,0,0,0.0,0.0,0
37.400,0,0,0.0,0.0,0
37.400,0,0,0.0,0.0,0
37.400,0,0,0.0,0.0,0
37.400,0,0,0.0,0.0,0
37.500,0,0,0.0,0.0,0
37.500,0,0,0.0,0.0,0
37.500,0,0,0.0,0.0,0
37.500,0,0,0.0,0.0,0
37.500,0,0,0.0,0.0,0
37.500,0,0,0.0,0.0,0
37.600,0,0,0.0,0.0,0
37.600,0,0,0.0,0.0,0
37.600,0,0,0.0,0.0,0
37.600,0,0,0.0,0.0,0
37.600,0,0,0.0,0.0,0
37.700,0,0,0.0,0.0,0
37.700,0,0,0.0,0.0,0
37.700,0,0,0.0,0.0,0
37.700,0,0,0.0,0.0,0
37.700,0,0,0.0,0.0,0
37.800,0,0,0.0,0.0,0
37.800,0,0,0.0,0.0,0
37.800,0,0,0.0,0.0,0
37.800,0,0,0.0,0.0,0
37.800,0,0,0.0,0.0,0
37.900,0,0,0.0,0.0,0
37.900,0,0,0.0,0.0,0
37.900,0,0,0.0,0.0,0
37.900,0,0,0.0,0.0,0
37.900,0,0,0.0,0.0,0
38.000,0,0,0.0,0.0,0
38.000,0,0,0.0,0.0,0
38.000,0,0,0.0,0.0,0
38.000,0,0,0.0,0.0,0
38.000,0,0,0.0,0.0,0
38.000,0,0,0.0,0.0,0
38.100,0,0,0.0,0.0,0
38.100,0,0,0.0,0.0,0
38.100,0,0,0.0,0.0,0
38.100,0,0,0.0,0.0,0
38.100,0,0,0.0,0.0,0
38.200,0,0,0.0,0.0,0
38.200,0,0,0.0,0.0,0
38.200,0,0,0.0,0.0,0
38.200,0,0,0.0,0.0,0
38.200,0,0,0.0,0.0,0
38.300,0,0,0.0,0.0,0
38.300,0,0,0.0,0.0,0
38.300,0,0,0.0,0.0,0
38.300,0,0,0.0,0.0,0
38.300,0,0,0.0,0.0,0
38.400,0,0,0.0,0.0,0
38.400,0,0,0.0,0.0,0
38.400,0,0,0.0,0.0,0
38.400,0,0,0.0,0.0,0
38.400,0,0,0.0,0.0,0
38.400,0,0,0.0,0.0,0
38.500,0,0,0.0,0.0,0
38.500,0,0,0.0,0.0,0
38.500,0,0,0.0,0.0,0
38.500,0,0,0.0,0.0,0
38.500,0,0,0.0,0.0,0
38.600,0,0,0.0,0.0,0
38.600,0,0,0.0,0.0,0
38.600,0,0,0.0,0.0,0
38.600,0,0,0.0,0.0,0
38.600,0,0,0.0,0.0,0
38.700,0,0,0.0,0.0,0
38.700,0,0,0.0,0.0,0
38.700,0,0,0.0,0.0,0
38.700,0,0,0.0,0.0,0
38.700,0,0,0.0,0.0,0
38.800,0,0,0.0,0.0,0
38.800,0,0,0.0,0.0,0
38.800,0,0,0.0,0.0,0
38.800,0,0,0.0,0.0,0
38.800,0,0,0.0,0.0,0
38.900,0,0,0.0,0.0,0
38.900,0,0,0.0,0.0,0
38.900,0,0,0.0,0.0,0
38.900,0,0,0.0,0.0,0
38.900,0,0,0.0,0.0,0
38.900,0,0,0.0,0.0,0
39.000,0,0,0.0,0.0,0
39.000,0,0,0.0,0.0,0
39.000,0,0,0.0,0.0,0
39.000,0,0,0.0,0.0,0
39.000,0,0,0.0,0.0,0
39.100,0,0,0.0,0.0,0
39.100,0,0,0.0,0.0,0
39.100,0,0,0.0,0.0,0
39.100,0,0,0.0,0.0,0
39.100,0,0,0.0,0.0,0
39.200,0,0,0.0,0.0,0
39.200,0,0,0.0,0.0,0
39.200,0,0,0.0,0.0,0
39.200,0,0,0.0,0.0,0
39.200,0,0,0.0,0.0,0
39.300,0,0,0.0,0.0,0
39.300,0,0,0.0,0.0,0
39.300,0,0,0.0,0.0,0
39.300,0,0,0.0,0.0,0
39.300,0,0,0.0,0.0,0
39.300,0,0,0.0,0.0,0
39.400,0,0,0.0,0.0,0
39.400,0,0,0.0,0.0,0
39.400,0,0,0.0,0.0,0
39.400,0,0,0.0,0.0,0
39.400,0,0,0.0,0.0,0
39.500,0,0,0.0,0.0,0
39.500,0,0,0.0,0.0,0
39.500,0,0,0.0,0.0,0
39.500,0,0,0.0,0.0,0
39.500,0,0,0.0,0.0,0
39.600,0,0,0.0,0.0,0
39.600,0,0,0.0,0.0,0
39.600,0,0,0.0,0.0,0
39.600,0,0,0.0,0.0,0
39.600,0,0,0.0,0.0,0
39.700,0,0,0.0,0.0,0
39.700,0,0,0.0,0.0,0
39.700,0,0,0.0,0.0,0
39.700,0,0,0.0,0.0,0
39.700,0,0,0.0,0.0,0
39.800,0,0,0.0,0.0,0
39.800,0,0,0.0,0.0,0
39.800,0,0,0.0,0.0,0
39.800,0,0,0.0,0.0,0
39.800,0,0,0.0,0.0,0
39.800,0,0,0.0,0.0,0
39.900,0,0,0.0,0.0,1
39.900,0,0,0.0,0.0,1
39.900,0,0,0.0,0.0,1
39.900,0,0,0.0,0.0,1
39.900,0,0,0.0,0.0,1
40.000,0,0,0.0,0.0,1
40.000,0,0,0.0,0.0,1
40.000,0,0,0.0,0.0,1
40.000,0,0,0.0,0.0,1
40.000,0,0,0.0,0.0,1
40.100,0,0,0.0,0.0,1
40.100,0,0,0.0,0.0,1
40.100,0,0,0.0,0.0,1
40.100,0,0,0.0,0.0,1
40.100,0,0,0.0,0.0,1
40.200,0,0,0.0,0.0,1
40.200,0,0,0.0,0.0,1
40.200,0,0,0.0,0.0,1
40.200,0,0,0.0,0.0,1
40.200,0,0,0.0,0.0,1
40.300,0,0,0.0,0.0,1
40.300,0,0,0.0,0.0,1
40.300,0,0,0.0,0.0,1
40.300,0,0,0.0,0.0,1
40.300,0,0,0.0,0.0,1
40.300,0,0,0.0,0.0,1
40.400,0,0,0.0,0.0,1
40.400,0,0,0.0,0.0,1
40.400,0,0,0.0,0.0,1
40.400,0,0,0.0,0.0,1
40.400,0,0,0.0,0.0,1
40.500,0,0,0.0,0.0,1
40.500,0,0,0.0,0.0,1
40.500,0,0,0.0,0.0,1
40.500,0,0,0.0,0.0,1
40.500,0,0,0.0,0.0,1
40.600,0,0,0.0,0.0,1
40.600,0,0,0.0,0.0,1
40.600,0,0,0.0,0.0,1
40.600,0,0,0.0,0.0,1
40.600,0,0,0.0,0.0,1
40.700,0,0,0.0,0.0,1
40.700,0,0,0.0,0.0,1
40.700,0,0,0.0,0.0,1
40.700,0,0,0.0,0.0,1
40.700,0,0,0.0,0.0,1
40.700,0,0,0.0,0.0,1
40.800,0,0,0.0,0.0,1
40.800,0,0,0.0,0.0,1
40.800,0,0,0.0,0.0,1
40.800,0,0,0.0,0.0,1
40.800,0,0,0.0,0.0,1
40.900,0,0,0.0,0.0,1
40.900,0,0,0.0,0.0,1
40.900,0,0,0.0,0.0,1
40.900,0,0,0.0,0.0,1
40.900,0,0,0.0,0.0,1
41.000,0,0,0.0,0.0,1
41.000,0,0,0.0,0.0,1
41.000,0,0,0.0,0.0,1
41.000,0,0,0.0,0.0,1
41.000,0,0,0.0,0.0,1
41.100,0,0,0.0,0.0,1
41.100,0,0,0.0,0.0,1
41.100,0,0,0.0,0.0,1
41.100,0,0,0.0,0.0,1
41.100,0,0,0.0,0.0,1
41.200,0,0,0.0,0.0,1
41.200,0,0,0.0,0.0,1
41.200,0,0,0.0,0.0,1
41.200,0,0,0.0,0.0,1
41.200,0,0,0.0,0.0,1
41.200,0,0,0.0,0.0,1
41.300,0,0,0.0,0.0,1
41.300,0,0,0.0,0.0,1
41.300,0,0,0.0,0.0,1
41.300,0,0,0.0,0.0,1
41.300,0,0,0.0,0.0,1
41.400,0,0,0.0,0.0,1
41.400,0,0,0.0,0.0,1
41.400,0,0,0.0,0.0,1
41.400,0,0,0.0,0.0,1
41.400,0,0,0.0,0.0,1
41.500,0,0,0.0,0.0,1
41.500,0,0,0.0,0.0,1
41.500,0,0,0.0,0.0,1
41.500,0,0,0.0,0.0,1
41.500,0,0,0.0,0.0,1
41.600,0,0,0.0,0.0,1
41.600,0,0,0.0,0.0,1
41.600,0,0,0.0,0.0,1
41.600,0,0,0.0,0.0,1
41.600,0,0,0.0,0.0,1
41.600,0,0,0.0,0.0,1
41.700,0,0,0.0,0.0,1
41.700,0,0,0.0,0.0,1
41.700,0,0,0.0,0.0,1
41.700,0,0,0.0,0.0,1
41.700,0,0,0.0,0.0,1
41.800,0,0,0.0,0.0,1
41.800,0,0,0.0,0.0,1
41.800,0,0,0.0,0.0,1
41.800,0,0,0.0,0.0,1
41.800,0,0,0.0,0.0,1
41.900,0,0,0.0,0.0,1
41.900,0,0,0.0,0.0,1
41.900,0,0,0.0,0.0,1
41.900,0,0,0.0,0.0,1
41.900,0,0,0.0,0.0,1
42.000,0,0,0.0,0.0,1
42.000,0,0,0.0,0.0,1
42.000,0,0,0.0,0.0,1
42.000,0,0,0.0,0.0,1
42.000,0,0,0.0,0.0,1
42.100,0,0,0.0,0.0,1
42.100,0,0,0.0,0.0,1
42.100,0,0,0.0,0.0,1
42.100,0,0,0.0,0.0,1
42.100,0,0,0.0,0.0,1
42.100,0,0,0.0,0.0,1
42.200,0,0,0.0,0.0,1
42.200,0,0,0.0,0.0,1
42.200,0,0,0.0,0.0,1
42.200,0,0,0.0,0.0,1
42.200,0,0,0.0,0.0,1
42.300,0,0,0.0,0.0,1
42.300,0,0,0.0,0.0,1
42.300,0,0,0.0,0.0,1
42.300,0,0,0.0,0.0,1
42.300,0,0,0.0,0.0,1
42.400,0,0,0.0,0.0,1
42.400,0,0,0.0,0.0,1
42.400,0,0,0.0,0.0,1
42.400,0,0,0.0,0.0,1
42.400,0,0,0.0,0.0,1
42.500,0,0,0.0,0.0,1
42.500,0,0,0.0,0.0,1
42.500,0,0,0.0,0.0,1
42.500,0,0,0.0,0.0,1
42.500,0,0,0.0,0.0,1
42.600,0,0,0.0,0.0,1
42.600,0,0,0.0,0.0,1
42.600,0,0,0.0,0.0,1
42.600,0,0,0.0,0.0,1
42.600,0,0,0.0,0.0,1
42.600,0,0,0.0,0.0,1
42.700,0,0,0.0,0.0,1
42.700,0,0,0.0,0.0,1
42.700,0,0,0.0,0.0,1
42.700,0,0,0.0,0.0,1
42.700,0,0,0.0,0.0,1
42.800,0,0,0.0,0.0,1
42.800,0,0,0.0,0.0,1
42.800,0,0,0.0,0.0,1
42.800,0,0,0.0,0.0,1
42.800,0,0,0.0,0.0,1
42.900,0,0,0.0,0.0,1
42.900,0,0,0.0,0.0,1
42.900,0,0,0.0,0.0,1
42.900,0,0,0.0,0.0,1
42.900,0,0,0.0,0.0,1
43.000,0,0,0.0,0.0,1
43.000,0,0,0.0,0.0,1
43.000,0,0,0.0,0.0,1
43.000,0,0,0.0,0.0,1
43.000,0,0,0.0,0.0,1
43.000,0,0,0.0,0.0,1
43.100,0,0,0.0,0.0,1
43.100,0,0,0.0,0.0,1
43.100,0,0,0.0,0.0,1
43.100,0,0,0.0,0.0,1
43.100,0,0,0.0,0.0,1
43.200,0,0,0.0,0.0,1
43.200,0,0,0.0,0.0,1
43.200,0,0,0.0,0.0,1
43.200,0,0,0.0,0.0,1
43.200,0,0,0.0,0.0,1
43.300,0,0,0.0,0.0,1
43.300,0,0,0.0,0.0,1
43.300,0,0,0.0,0.0,1
43.300,0,0,0.0,0.0,1
43.300,0,0,0.0,0.0,1
43.400,0,0,0.0,0.0,1
43.400,0,0,0.0,0.0,1
43.400,0,0,0.0,0.0,1
43.400,0,0,0.0,0.0,1
43.400,0,0,0.0,0.0,1
43.500,0,0,0.0,0.0,1
43.500,0,0,0.0,0.0,1
43.500,0,0,0.0,0.0,1
43.500,0,0,0.0,0.0,1
43.500,0,0,0.0,0.0,1
43.500,0,0,0.0,0.0,1
43.600,0,0,0.0,0.0,1
43.600,0,0,0.0,0.0,1
43.600,0,0,0.0,0.0,1
43.600,0,0,0.0,0.0,1
43.600,0,0,0.0,0.0,1
43.700,0,0,0.0,0.0,1
43.700,0,0,0.0,0.0,1
43.700,0,0,0.0,0.0,1
43.700,0,0,0.0,0.0,1
43.700,0,0,0.0,0.0,1
43.800,0,0,0.0,0.0,1
43.800,0,0,0.0,0.0,1
43.800,0,0,0.0,0.0,1
43.800,0,0,0.0,0.0,1
43.800,0,0,0.0,0.0,1
43.900,0,0,0.0,0.0,1
43.900,0,0,0.0,0.0,1
43.900,0,0,0.0,0.0,1
43.900,0,0,0.0,0.0,1
43.900,0,0,0.0,0.0,1
43.900,0,0,0.0,0.0,1
44.000,0,0,0.0,0.0,1
44.000,0,0,0.0,0.0,1
44.000,0,0,0.0,0.0,1
44.000,0,0,0.0,0.0,1
44.000,0,0,0.0,0.0,1
44.100,0,0,0.0,0.0,1
44.100,0,0,0.0,0.0,1
44.100,0,0,0.0,0.0,1
44.100,0,0,0.0,0.0,1
44.100,0,0,0.0,0.0,1
44.200,0,0,0.0,0.0,1
44.200,0,0,0.0,0.0,1
44.200,0,0,0.0,0.0,1
44.200,0,0,0.0,0.0,1
44.200,0,0,0.0,0.0,1
44.300,0,0,0.0,0.0,1
44.300,0,0,0.0,0.0,1
44.300,0,0,0.0,0.0,1
44.300,0,0,0.0,0.0,1
44.300,0,0,0.0,0.0,1
44.400,0,0,0.0,0.0,1
44.400,0,0,0.0,0.0,1
44.400,0,0,0.0,0.0,1
44.400,0,0,0.0,0.0,1
44.400,0,0,0.0,0.0,1
44.400,0,0,0.0,0.0,1
44.500,0,0,0.0,0.0,1
44.500,0,0,0.0,0.0,1
44.500,0,0,0.0,0.0,1
44.500,0,0,0.0,0.0,1
44.500,0,0,0.0,0.0,1
44.600,0,0,0.0,0.0,1
44.600,0,0,0.0,0.0,1
44.600,0,0,0.0,0.0,1
44.600,0,0,0.0,0.0,1
44.600,0,0,0.0,0.0,1
44.700,0,0,0.0,0.0,1
44.700,0,0,0.0,0.0,1
44.700,0,0,0.0,0.0,1
44.700,0,0,0.0,0.0,1
44.700,0,0,0.0,0.0,1
44.800,0,0,0.0,0.0,1
44.800,0,0,0.0,0.0,1
44.800,0,0,0.0,0.0,1
44.800,0,0,0.0,0.0,1
44.800,0,0,0.0,0.0,1
44.900,0,0,0.0,0.0,1
44.900,0,0,0.0,0.0,1
44.900,0,0,0.0,0.0,1
44.900,0,0,0.0,0.0,1
44.900,0,0,0.0,0.0,1
44.900,0,0,0.0,0.0,1
45.000,0,0,0.0,0.0,1
45.000,0,0,0.0,0.0,1
45.000,0,0,0.0,0.0,1
45.000,0,0,0.0,0.0,1
45.000,0,0,0.0,0.0,1
45.100,0,0,0.0,0.0,1
45.100,0,0,0.0,0.0,1
45.100,0,0,0.0,0.0,1
45.100,0,0,0.0,0.0,1
45.100,0,0,0.0,0.0,1
45.200,0,0,0.0,0.0,1
45.200,0,0,0.0,0.0,1
45.200,0,0,0.0,0.0,1
45.200,0,0,0.0,0.0,1
45.200,0,0,0.0,0.0,1
45.300,0,0,0.0,0.0,1
45.300,0,0,0.0,0.0,1
45.300,0,0,0.0,0.0,1
45.300,0,0,0.0,0.0,1
45.300,0,0,0.0,0.0,1
45.300,0,0,0.0,0.0,1
45.400,0,0,0.0,0.0,1
45.400,0,0,0.0,0.0,1
45.400,0,0,0.0,0.0,1
45.400,0,0,0.0,0.0,1
45.400,0,0,0.0,0.0,1
45.500,0,0,0.0,0.0,1
45.500,0,0,0.0,0.0,1
45.500,0,0,0.0,0.0,1
45.500,0,0,0.0,0.0,1
45.500,0,0,0.0,0.0,1
45.600,0,0,0.0,0.0,1
45.600,0,0,0.0,0.0,1
45.600,0,0,0.0,0.0,1
45.600,0,0,0.0,0.0,1
45.600,0,0,0.0,0.0,1
45.700,0,0,0.0,0.0,1
45.700,0,0,0.0,0.0,1
45.700,0,0,0.0,0.0,1
45.700,0,0,0.0,0.0,1
45.700,0,0,0.0,0.0,1
45.800,0,0,0.0,0.0,1
45.800,0,0,0.0,0.0,1
45.800,0,0,0.0,0.0,1
45.800,0,0,0.0,0.0,1
45.800,0,0,0.0,0.0,1
45.800,0,0,0.0,0.0,1
45.900,0,0,0.0,0.0,1
45.900,0,0,0.0,0.0,1
45.900,0,0,0.0,0.0,1
45.900,0,0,0.0,0.0,1
45.900,0,0,0.0,0.0,1
46.000,0,0,0.0,0.0,1
46.000,0,0,0.0,0.0,1
46.000,0,0,0.0,0.0,1
46.000,0,0,0.0,0.0,1
46.000,0,0,0.0,0.0,1
46.100,0,0,0.0,0.0,1
46.100,0,0,0.0,0.0,1
46.100,0,0,0.0,0.0,1
46.100,0,0,0.0,0.0,1
46.100,0,0,0.0,0.0,1
46.200,0,0,0.0,0.0,1
46.200,0,0,0.0,0.0,1
46.200,0,0,0.0,0.0,1
46.200,0,0,0.0,0.0,1
46.200,0,0,0.0,0.0,1
46.200,0,0,0.0,0.0,1
46.300,0,0,0.0,0.0,1
46.300,0,0,0.0,0.0,1
46.300,0,0,0.0,0.0,1
46.300,0,0,0.0,0.0,1
46.300,0,0,0.0,0.0,1
46.400,0,0,0.0,0.0,1
46.400,0,0,0.0,0.0,1
46.400,0,0,0.0,0.0,1
46.400,0,0,0.0,0.0,1
46.400,0,0,0.0,0.0,1
46.500,0,0,0.0,0.0,1
46.500,0,0,0.0,0.0,1
46.500,0,0,0.0,0.0,1
46.500,0,0,0.0,0.0,1
46.500,0,0,0.0,0.0,1
46.600,0,0,0.0,0.0,1
46.600,0,0,0.0,0.0,1
46.600,0,0,0.0,0.0,1
46.600,0,0,0.0,0.0,1
46.600,0,0,0.0,0.0,1
46.700,0,0,0.0,0.0,1
46.700,0,0,0.0,0.0,1
46.700,0,0,0.0,0.0,1
46.700,0,0,0.0,0.0,1
46.700,0,0,0.0,0.0,1
46.700,0,0,0.0,0.0,1
46.800,0,0,0.0,0.0,1
46.800,0,0,0.0,0.0,1
46.800,0,0,0.0,0.0,1
46.800,0,0,0.0,0.0,1
46.800,0,0,0.0,0.0,1
46.900,0,0,0.0,0.0,1
46.900,0,0,0.0,0.0,1
46.900,0,0,0.0,0.0,1
46.900,0,0,0.0,0.0,1
46.900,0,0,0.0,0.0,1
47.000,0,0,0.0,0.0,1
47.000,0,0,0.0,0.0,1
47.000,0,0,0.0,0.0,1
47.000,0,0,0.0,0.0,1
47.000,0,0,0.0,0.0,1
47.100,0,0,0.0,0.0,1
47.100,0,0,0.0,0.0,1
47.100,0,0,0.0,0.0,1
47.100,0,0,0.0,0.0,1
47.100,0,0,0.0,0.0,1
47.200,0,0,0.0,0.0,1
47.200,0,0,0.0,0.0,1
47.200,0,0,0.0,0.0,1
47.200,0,0,0.0,0.0,1
47.200,0,0,0.0,0.0,1
47.200,0,0,0.0,0.0,1
47.300,0,0,0.0,0.0,1
47.300,0,0,0.0,0.0,1
47.300,0,0,0.0,0.0,1
47.300,0,0,0.0,0.0,1
47.300,0,0,0.0,0.0,1
47.400,0,0,0.0,0.0,1
47.400,0,0,0.0,0.0,1
47.400,0,0,0.0,0.0,1
47.400,0,0,0.0,0.0,1
47.400,0,0,0.0,0.0,1
47.500,0,0,0.0,0.0,1
47.500,0,0,0.0,0.0,1
47.500,0,0,0.0,0.0,1
47.500,0,0,0.0,0.0,1
47.500,0,0,0.0,0.0,1
47.600,0,0,0.0,0.0,1
47.600,0,0,0.0,0.0,1
47.600,0,0,0.0,0.0,1
47.600,0,0,0.0,0.0,1
47.600,0,0,0.0,0.0,1
47.600,0,0,0.0,0.0,1
47.700,0,0,0.0,0.0,1
47.700,0,0,0.0,0.0,1
47.700,0,0,0.0,0.0,1
47.700,0,0,0.0,0.0,1
47.700,0,0,0.0,0.0,1
47.800,0,0,0.0,0.0,1
47.800,0,0,0.0,0.0,1
47.800,0,0,0.0,0.0,1
47.800,0,0,0.0,0.0,1
47.800,0,0,0.0,0.0,1
47.900,0,0,0.0,0.0,1
47.900,0,0,0.0,0.0,1
47.900,0,0,0.0,0.0,1
47.900,0,0,0.0,0.0,1
47.900,0,0,0.0,0.0,1
48.000,0,0,0.0,0.0,1
48.000,0,0,0.0,0.0,1
48.000,0,0,0.0,0.0,1
48.000,0,0,0.0,0.0,1
48.000,0,0,0.0,0.0,1
48.100,0,0,0.0,0.0,1
48.100,0,0,0.0,0.0,1
48.100,0,0,0.0,0.0,1
48.100,0,0,0.0,0.0,1
48.100,0,0,0.0,0.0,1
48.100,0,0,0.0,0.0,1
48.200,0,0,0.0,0.0,1
48.200,0,0,0.0,0.0,1
48.200,0,0,0.0,0.0,1
48.200,0,0,0.0,0.0,1
48.200,0,0,0.0,0.0,1
48.300,0,0,0.0,0.0,1
48.300,0,0,0.0,0.0,1
48.300,0,0,0.0,0.0,1
48.300,0,0,0.0,0.0,1
48.300,0,0,0.0,0.0,1
48.400,0,0,0.0,0.0,1
48.400,0,0,0.0,0.0,1
48.400,0,0,0.0,0.0,1
48.400,0,0,0.0,0.0,1
48.400,0,0,0.0,0.0,1
48.500,0,0,0.0,0.0,1
48.500,0,0,0.0,0.0,1
48.500,0,0,0.0,0.0,1
48.500,0,0,0.0,0.0,1
48.500,0,0,0.0,0.0,1
48.500,0,0,0.0,0.0,1
48.600,0,0,0.0,0.0,1
48.600,0,0,0.0,0.0,1
48.600,0,0,0.0,0.0,1
48.600,0,0,0.0,0.0,1
48.600,0,0,0.0,0.0,1
48.700,0,0,0.0,0.0,1
48.700,0,0,0.0,0.0,1
48.700,0,0,0.0,0.0,1
48.700,0,0,0.0,0.0,1
48.700,0,0,0.0,0.0,1
48.800,0,0,0.0,0.0,1
48.800,0,0,0.0,0.0,1
48.800,0,0,0.0,0.0,1
48.800,0,0,0.0,0.0,1
48.800,0,0,0.0,0.0,1
48.900,0,0,0.0,0.0,1
48.900,0,0,0.0,0.0,1
48.900,0,0,0.0,0.0,1
48.900,0,0,0.0,0.0,1
48.900,0,0,0.0,0.0,1
49.000,0,0,0.0,0.0,1
49.000,0,0,0.0,0.0,1
49.000,0,0,0.0,0.0,1
49.000,0,0,0.0,0.0,1
49.000,0,0,0.0,0.0,1
49.000,0,0,0.0,0.0,1
49.100,0,0,0.0,0.0,1
49.100,0,0,0.0,0.0,1
49.100,0,0,0.0,0.0,1
49.100,0,0,0.0,0.0,1
49.100,0,0,0.0,0.0,1
49.200,0,0,0.0,0.0,1
49.200,0,0,0.0,0.0,1
49.200,0,0,0.0,0.0,1
49.200,0,0,0.0,0.0,1
49.200,0,0,0.0,0.0,1
49.300,0,0,0.0,0.0,1
49.300,0,0,0.0,0.0,1
49.300,0,0,0.0,0.0,1
49.300,0,0,0.0,0.0,1
49.300,0,0,0.0,0.0,1
49.400,0,0,0.0,0.0,1
49.400,0,0,0.0,0.0,1
49.400,0,0,0.0,0.0,1
49.400,0,0,0.0,0.0,1
49.400,0,0,0.0,0.0,1
49.500,0,0,0.0,0.0,1
49.500,0,0,0.0,0.0,1
49.500,0,0,0.0,0.0,1
49.500,0,0,0.0,0.0,1
49.500,0,0,0.0,0.0,1
49.500,0,0,0.0,0.0,1
49.600,0,0,0.0,0.0,1
49.600,0,0,0.0,0.0,1
49.600,0,0,0.0,0.0,1
49.600,0,0,0.0,0.0,1
49.600,0,0,0.0,0.0,1
49.700,0,0,0.0,0.0,1
49.700,0,0,0.0,0.0,1
49.700,0,0,0.0,0.0,1
49.700,0,0,0.0,0.0,1
49.700,0,0,0.0,0.0,1
49.800,0,0,0.0,0.0,1
49.800,0,0,0.0,0.0,1
49.800,0,0,0.0,0.0,1
49.800,0,0,0.0,0.0,1
49.800,0,0,0.0,0.0,1
49.900,0,0,0.0,0.0,1
49.900,0,0,0.0,0.0,1
49.900,0,0,0.0,0.0,1
49.900,0,0,0.0,0.0,1
49.900,0,0,0.0,0.0,1
49.900,0,0,0.0,0.0,1
50.000,0,0,0.0,0.0,1
50.000,0,0,0.0,0.0,1
50.000,0,0,0.0,0.0,1
50.000,0,0,0.0,0.0,1
50.000,0,0,0.0,0.0,1
50.100,0,0,0.0,0.0,1
50.100,0,0,0.0,0.0,1
50.100,0,0,0.0,0.0,1
50.100,0,0,0.0,0.0,1
50.100,0,0,0.0,0.0,1
50.200,0,0,0.0,0.0,1
50.200,0,0,0.0,0.0,1
50.200,0,0,0.0,0.0,1
50.200,0,0,0.0,0.0,1
50.200,0,0,0.0,0.0,1
50.300,0,0,0.0,0.0,1
50.300,0,0,0.0,0.0,1
50.300,0,0,0.0,0.0,1
50.300,0,0,0.0,0.0,1
50.300,0,0,0.0,0.0,1
50.400,0,0,0.0,0.0,1
50.400,0,0,0.0,0.0,1
50.400,0,0,0.0,0.0,1
50.400,0,0,0.0,0.0,1
50.400,0,0,0.0,0.0,1
50.400,0,0,0.0,0.0,1
50.500,0,0,0.0,0.0,1
50.500,0,0,0.0,0.0,1
50.500,0,0,0.0,0.0,1
50.500,0,0,0.0,0.0,1
50.500,0,0,0.0,0.0,1
50.600,0,0,0.0,0.0,1
50.600,0,0,0.0,0.0,1
50.600,0,0,0.0,0.0,1
50.600,0,0,0.0,0.0,1
50.600,0,0,0.0,0.0,1
50.700,0,0,0.0,0.0,1
50.700,0,0,0.0,0.0,1
50.700,0,0,0.0,0.0,1
50.700,0,0,0.0,0.0,1
50.700,0,0,0.0,0.0,1
50.800,0,0,0.0,0.0,1
50.800,0,0,0.0,0.0,1
50.800,0,0,0.0,0.0,1
50.800,0,0,0.0,0.0,1
50.800,0,0,0.0,0.0,1
50.800,0,0,0.0,0.0,1
50.900,0,0,0.0,0.0,1
50.900,0,0,0.0,0.0,1
50.900,0,0,0.0,0.0,1
50.900,0,0,0.0,0.0,1
50.900,0,0,0.0,0.0,1
51.000,0,0,0.0,0.0,1
51.000,0,0,0.0,0.0,1
51.000,0,0,0.0,0.0,1
51.000,0,0,0.0,0.0,1
51.000,0,0,0.0,0.0,1
51.100,0,0,0.0,0.0,1
51.100,0,0,0.0,0.0,1
51.100,0,0,0.0,0.0,1
51.100,0,0,0.0,0.0,1
51.100,0,0,0.0,0.0,1
51.200,0,0,0.0,0.0,1
51.200,0,0,0.0,0.0,1
51.200,0,0,0.0,0.0,1
51.200,0,0,0.0,0.0,1
51.200,0,0,0.0,0.0,1
51.300,0,0,0.0,0.0,1
51.300,0,0,0.0,0.0,1
51.300,0,0,0.0,0.0,1
51.300,0,0,0.0,0.0,1
51.300,0,0,0.0,0.0,1
51.300,0,0,0.0,0.0,1
51.400,0,0,0.0,0.0,1
51.400,0,0,0.0,0.0,1
51.400,0,0,0.0,0.0,1
51.400,0,0,0.0,0.0,1
51.400,0,0,0.0,0.0,1
51.500,0,0,0.0,0.0,1
51.500,0,0,0.0,0.0,1
51.500,0,0,0.0,0.0,1
51.500,0,0,0.0,0.0,1
51.500,0,0,0.0,0.0,1
51.600,0,0,0.0,0.0,1
51.600,0,0,0.0,0.0,1
51.600,0,0,0.0,0.0,1
51.600,0,0,0.0,0.0,1
51.600,0,0,0.0,0.0,1
51.700,0,0,0.0,0.0,1
51.700,0,0,0.0,0.0,1
51.700,0,0,0.0,0.0,1
51.700,0,0,0.0,0.0,1
51.700,0,0,0.0,0.0,1
51.800,0,0,0.0,0.0,1
51.800,0,0,0.0,0.0,1
51.800,0,0,0.0,0.0,1
51.800,0,0,0.0,0.0,1
51.800,0,0,0.0,0.0,1
51.800,0,0,0.0,0.0,1
51.900,0,0,0.0,0.0,1
51.900,0,0,0.0,0.0,1
51.900,0,0,0.0,0.0,1
51.900,0,0,0.0,0.0,1
51.900,0,0,0.0,0.0,1
52.000,0,0,0.0,0.0,1
52.000,0,0,0.0,0.0,1
52.000,0,0,0.0,0.0,1
52.000,0,0,0.0,0.0,1
52.000,0,0,0.0,0.0,1
52.100,0,0,0.0,0.0,1
52.100,0,0,0.0,0.0,1
52.100,0,0,0.0,0.0,1
52.100,0,0,0.0,0.0,1
52.100,0,0,0.0,0.0,1
52.200,0,0,0.0,0.0,1
52.200,0,0,0.0,0.0,1
52.200,0,0,0.0,0.0,1
52.200,0,0,0.0,0.0,1
52.200,0,0,0.0,0.0,1
52.200,0,0,0.0,0.0,1
52.300,0,0,0.0,0.0,1
52.300,0,0,0.0,0.0,1
52.300,0,0,0.0,0.0,1
52.300,0,0,0.0,0.0,1
52.300,0,0,0.0,0.0,1
52.400,0,0,0.0,0.0,1
52.400,0,0,0.0,0.0,1
52.400,0,0,0.0,0.0,1
52.400,0,0,0.0,0.0,1
52.400,0,0,0.0,0.0,1
52.500,0,0,0.0,0.0,1
52.500,0,0,0.0,0.0,1
52.500,0,0,0.0,0.0,1
52.500,0,0,0.0,0.0,1
52.500,0,0,0.0,0.0,1
52.600,0,0,0.0,0.0,1
52.600,0,0,0.0,0.0,1
52.600,0,0,0.0,0.0,1
52.600,0,0,0.0,0.0,1
52.600,0,0,0.0,0.0,1
52.700,0,0,0.0,0.0,1
52.700,0,0,0.0,0.0,1
52.700,0,0,0.0,0.0,1
52.700,0,0,0.0,0.0,1
52.700,0,0,0.0,0.0,1
52.700,0,0,0.0,0.0,1
52.800,0,0,0.0,0.0,1
52.800,0,0,0.0,0.0,1
52.800,0,0,0.0,0.0,1
52.800,0,0,0.0,0.0,1
52.800,0,0,0.0,0.0,1
52.900,0,0,0.0,0.0,1
52.900,0,0,0.0,0.0,1
52.900,0,0,0.0,0.0,1
52.900,0,0,0.0,0.0,1
52.900,0,0,0.0,0.0,1
53.000,0,0,0.0,0.0,1
53.000,0,0,0.0,0.0,1
53.000,0,0,0.0,0.0,1
53.000,0,0,0.0,0.0,1
53.000,0,0,0.0,0.0,1
53.100,0,0,0.0,0.0,1
53.100,0,0,0.0,0.0,1
53.100,0,0,0.0,0.0,1
53.100,0,0,0.0,0.0,1
53.100,0,0,0.0,0.0,1
53.100,0,0,0.0,0.0,1
53.200,0,0,0.0,0.0,1
53.200,0,0,0.0,0.0,1
53.200,0,0,0.0,0.0,1
53.200,0,0,0.0,0.0,1
53.200,0,0,0.0,0.0,1
53.300,0,0,0.0,0.0,1
53.300,0,0,0.0,0.0,1
53.300,0,0,0.0,0.0,1
53.300,0,0,0.0,0.0,1
53.300,0,0,0.0,0.0,1
53.400,0,0,0.0,0.0,1
53.400,0,0,0.0,0.0,1
53.400,0,0,0.0,0.0,1
53.400,0,0,0.0,0.0,1
53.400,0,0,0.0,0.0,1
53.500,0,0,0.0,0.0,1
53.500,0,0,0.0,0.0,1
53.500,0,0,0.0,0.0,1
53.500,0,0,0.0,0.0,1
53.500,0,0,0.0,0.0,1
53.600,0,0,0.0,0.0,1
53.600,0,0,0.0,0.0,1
53.600,0,0,0.0,0.0,1
53.600,0,0,0.0,0.0,1
53.600,0,0,0.0,0.0,1
53.600,0,0,0.0,0.0,1
53.700,0,0,0.0,0.0,1
53.700,0,0,0.0,0.0,1
53.700,0,0,0.0,0.0,1
53.700,0,0,0.0,0.0,1
53.700,0,0,0.0,0.0,1
53.800,0,0,0.0,0.0,1
53.800,0,0,0.0,0.0,1
53.800,0,0,0.0,0.0,1
53.800,0,0,0.0,0.0,1
53.800,0,0,0.0,0.0,1
53.900,0,0,0.0,0.0,1
53.900,0,0,0.0,0.0,1
53.900,0,0,0.0,0.0,1
53.900,0,0,0.0,0.0,1
53.900,0,0,0.0,0.0,1
54.000,0,0,0.0,0.0,1
54.000,0,0,0.0,0.0,1
54.000,0,0,0.0,0.0,1
54.000,0,0,0.0,0.0,1
54.000,0,0,0.0,0.0,1
54.000,0,0,0.0,0.0,1
54.100,0,0,0.0,0.0,1
54.100,0,0,0.0,0.0,1
54.100,0,0,0.0,0.0,1
54.100,0,0,0.0,0.0,1
54.100,0,0,0.0,0.0,1
54.200,0,0,0.0,0.0,1
54.200,0,0,0.0,0.0,1
54.200,0,0,0.0,0.0,1
54.200,0,0,0.0,0.0,1
54.200,0,0,0.0,0.0,1
54.300,0,0,0.0,0.0,1
54.300,0,0,0.0,0.0,1
54.300,0,0,0.0,0.0,1
54.300,0,0,0.0,0.0,1
54.300,0,0,0.0,0.0,1
54.400,0,0,0.0,0.0,1
54.400,0,0,0.0,0.0,1
54.400,0,0,0.0,0.0,1
54.400,0,0,0.0,0.0,1
54.400,0,0,0.0,0.0,1
54.500,0,0,0.0,0.0,1
54.500,0,0,0.0,0.0,1
54.500,0,0,0.0,0.0,1
54.500,0,0,0.0,0.0,1
54.500,0,0,0.0,0.0,1
54.500,0,0,0.0,0.0,1
54.600,0,0,0.0,0.0,1
54.600,0,0,0.0,0.0,1
54.600,0,0,0.0,0.0,1
54.600,0,0,0.0,0.0,1
54.600,0,0,0.0,0.0,1
54.700,0,0,0.0,0.0,1
54.700,0,0,0.0,0.0,1
54.700,0,0,0.0,0.0,1
54.700,0,0,0.0,0.0,1
54.700,0,0,0.0,0.0,1
54.800,0,0,0.0,0.0,1
54.800,0,0,0.0,0.0,1
54.800,0,0,0.0,0.0,1
54.800,0,0,0.0,0.0,1
54.800,0,0,0.0,0.0,1
54.900,0,0,0.0,0.0,1
54.900,0,0,0.0,0.0,1
54.900,0,0,0.0,0.0,1
54.900,0,0,0.0,0.0,1
54.900,0,0,0.0,0.0,1
55.000,0,0,0.0,0.0,1
55.000,0,0,0.0,0.0,1
55.000,0,0,0.0,0.0,1
55.000,0,0,0.0,0.0,1
55.000,0,0,0.0,0.0,1
55.000,0,0,0.0,0.0,1
55.100,0,0,0.0,0.0,1
55.100,0,0,0.0,0.0,1
55.100,0,0,0.0,0.0,1
55.100,0,0,0.0,0.0,1
55.100,0,0,0.0,0.0,1
55.200,0,0,0.0,0.0,1
55.200,0,0,0.0,0.0,1
55.200,0,0,0.0,0.0,1
55.200,0,0,0.0,0.0,1
55.200,0,0,0.0,0.0,1
55.300,0,0,0.0,0.0,1
55.300,0,0,0.0,0.0,1
55.300,0,0,0.0,0.0,1
55.300,0,0,0.0,0.0,1
55.300,0,0,0.0,0.0,1
55.400,0,0,0.0,0.0,1
55.400,0,0,0.0,0.0,1
55.400,0,0,0.0,0.0,1
55.400,0,0,0.0,0.0,1
55.400,0,0,0.0,0.0,1
55.400,0,0,0.0,0.0,1
55.500,0,0,0.0,0.0,1
55.500,0,0,0.0,0.0,1
55.500,0,0,0.0,0.0,1
55.500,0,0,0.0,0.0,1
55.500,0,0,0.0,0.0,1
55.600,0,0,0.0,0.0,1
55.600,0,0,0.0,0.0,1
55.600,0,0,0.0,0.0,1
55.600,0,0,0.0,0.0,1
55.600,0,0,0.0,0.0,1
55.700,0,0,0.0,0.0,1
55.700,0,0,0.0,0.0,1
55.700,0,0,0.0,0.0,1
55.700,0,0,0.0,0.0,1
55.700,0,0,0.0,0.0,1
55.800,0,0,0.0,0.0,1
55.800,0,0,0.0,0.0,1
55.800,0,0,0.0,0.0,1
55.800,0,0,0.0,0.0,1
55.800,0,0,0.0,0.0,1
55.900,0,0,0.0,0.0,1
55.900,0,0,0.0,0.0,1
55.900,0,0,0.0,0.0,1
55.900,0,0,0.0,0.0,1
55.900,0,0,0.0,0.0,1
55.900,0,0,0.0,0.0,1
56.000,0,0,0.0,0.0,1
56.000,0,0,0.0,0.0,1
56.000,0,0,0.0,0.0,1
56.000,0,0,0.0,0.0,1
56.000,0,0,0.0,0.0,1
56.100,0,0,0.0,0.0,1
56.100,0,0,0.0,0.0,1
56.100,0,0,0.0,0.0,1
56.100,0,0,0.0,0.0,1
56.100,0,0,0.0,0.0,1
56.200,0,0,0.0,0.0,1
56.200,0,0,0.0,0.0,1
56.200,0,0,0.0,0.0,1
56.200,0,0,0.0,0.0,1
56.200,0,0,0.0,0.0,1
56.300,0,0,0.0,0.0,1
56.300,0,0,0.0,0.0,1
56.300,0,0,0.0,0.0,1
56.300,0,0,0.0,0.0,1
56.300,0,0,0.0,0.0,1
56.300,0,0,0.0,0.0,1
56.400,0,0,0.0,0.0,1
56.400,0,0,0.0,0.0,1
56.400,0,0,0.0,0.0,1
56.400,0,0,0.0,0.0,1
56.400,0,0,0.0,0.0,1
56.500,0,0,0.0,0.0,1
56.500,0,0,0.0,0.0,1
56.500,0,0,0.0,0.0,1
56.500,0,0,0.0,0.0,1
56.500,0,0,0.0,0.0,1
56.600,0,0,0.0,0.0,1
56.600,0,0,0.0,0.0,1
56.600,0,0,0.0,0.0,1
56.600,0,0,0.0,0.0,1
56.600,0,0,0.0,0.0,1
56.700,0,0,0.0,0.0,1
56.700,0,0,0.0,0.0,1
56.700,0,0,0.0,0.0,1
56.700,0,0,0.0,0.0,1
56.700,0,0,0.0,0.0,1
56.800,0,0,0.0,0.0,1
56.800,0,0,0.0,0.0,1
56.800,0,0,0.0,0.0,1
56.800,0,0,0.0,0.0,1
56.800,0,0,0.0,0.0,1
56.800,0,0,0.0,0.0,1
56.900,0,0,0.0,0.0,1
56.900,0,0,0.0,0.0,1
56.900,0,0,0.0,0.0,1
56.900,0,0,0.0,0.0,1
56.900,0,0,0.0,0.0,1
57.000,0,0,0.0,0.0,1
57.000,0,0,0.0,0.0,1
57.000,0,0,0.0,0.0,1
57.000,0,0,0.0,0.0,1
57.000,0,0,0.0,0.0,1
57.100,0,0,0.0,0.0,1
57.100,0,0,0.0,0.0,1
57.100,0,0,0.0,0.0,1
57.100,0,0,0.0,0.0,1
57.100,0,0,0.0,0.0,1
57.200,0,0,0.0,0.0,1
57.200,0,0,0.0,0.0,1
57.200,0,0,0.0,0.0,1
57.200,0,0,0.0,0.0,1
57.200,0,0,0.0,0.0,1
57.300,0,0,0.0,0.0,1
57.300,0,0,0.0,0.0,1
57.300,0,0,0.0,0.0,1
57.300,0,0,0.0,0.0,1
57.300,0,0,0.0,0.0,1
57.300,0,0,0.0,0.0,1
57.400,0,0,0.0,0.0,1
57.400,0,0,0.0,0.0,1
57.400,0,0,0.0,0.0,1
57.400,0,0,0.0,0.0,1
57.400,0,0,0.0,0.0,1
57.500,0,0,0.0,0.0,1
57.500,0,0,0.0,0.0,1
57.500,0,0,0.0,0.0,1
57.500,0,0,0.0,0.0,1
57.500,0,0,0.0,0.0,1
57.600,0,0,0.0,0.0,1
57.600,0,0,0.0,0.0,1
57.600,0,0,0.0,0.0,1
57.600,0,0,0.0,0.0,1
57.600,0,0,0.0,0.0,1
57.700,0,0,0.0,0.0,1
57.700,0,0,0.0,0.0,1
57.700,0,0,0.0,0.0,1
57.700,0,0,0.0,0.0,1
57.700,0,0,0.0,0.0,1
57.700,0,0,0.0,0.0,1
57.800,0,0,0.0,0.0,1
57.800,0,0,0.0,0.0,1
57.800,0,0,0.0,0.0,1
57.800,0,0,0.0,0.0,1
57.800,0,0,0.0,0.0,1
57.900,0,0,0.0,0.0,1
57.900,0,0,0.0,0.0,1
57.900,0,0,0.0,0.0,1
57.900,0,0,0.0,0.0,1
57.900,0,0,0.0,0.0,1
58.000,0,0,0.0,0.0,1
58.000,0,0,0.0,0.0,1
58.000,0,0,0.0,0.0,1
58.000,0,0,0.0,0.0,1
58.000,0,0,0.0,0.0,1
58.100,0,0,0.0,0.0,1
58.100,0,0,0.0,0.0,1
58.100,0,0,0.0,0.0,1
58.100,0,0,0.0,0.0,1
58.100,0,0,0.0,0.0,1
58.200,0,0,0.0,0.0,1
58.200,0,0,0.0,0.0,1
58.200,0,0,0.0,0.0,1
58.200,0,0,0.0,0.0,1
58.200,0,0,0.0,0.0,1
58.200,0,0,0.0,0.0,1
58.300,0,0,0.0,0.0,1
58.300,0,0,0.0,0.0,1
58.300,0,0,0.0,0.0,1
58.300,0,0,0.0,0.0,1
58.300,0,0,0.0,0.0,1
58.400,0,0,0.0,0.0,1
58.400,0,0,0.0,0.0,1
58.400,0,0,0.0,0.0,1
58.400,0,0,0.0,0.0,1
58.400,0,0,0.0,0.0,1
58.500,0,0,0.0,0.0,1
58.500,0,0,0.0,0.0,1
58.500,0,0,0.0,0.0,1
58.500,0,0,0.0,0.0,1
58.500,0,0,0.0,0.0,1
58.600,0,0,0.0,0.0,1
58.600,0,0,0.0,0.0,1
58.600,0,0,0.0,0.0,1
58.600,0,0,0.0,0.0,1
58.600,0,0,0.0,0.0,1
58.600,0,0,0.0,0.0,1
58.700,0,0,0.0,0.0,1
58.700,0,0,0.0,0.0,1
58.700,0,0,0.0,0.0,1
58.700,0,0,0.0,0.0,1
58.700,0,0,0.0,0.0,1
58.800,0,0,0.0,0.0,1
58.800,0,0,0.0,0.0,1
58.800,0,0,0.0,0.0,1
58.800,0,0,0.0,0.0,1
58.800,0,0,0.0,0.0,1
58.900,0,0,0.0,0.0,1
58.900,0,0,0.0,0.0,1
58.900,0,0,0.0,0.0,1
58.900,0,0,0.0,0.0,1
58.900,0,0,0.0,0.0,1
59.000,0,0,0.0,0.0,1
59.000,0,0,0.0,0.0,1
59.000,0,0,0.0,0.0,1
59.000,0,0,0.0,0.0,1
59.000,0,0,0.0,0.0,1
59.100,0,0,0.0,0.0,1
59.100,0,0,0.0,0.0,1
59.100,0,0,0.0,0.0,1
59.100,0,0,0.0,0.0,1
59.100,0,0,0.0,0.0,1
59.100,0,0,0.0,0.0,1
59.200,0,0,0.0,0.0,1
59.200,0,0,0.0,0.0,1
59.200,0,0,0.0,0.0,1
59.200,0,0,0.0,0.0,1
59.200,0,0,0.0,0.0,1
59.300,0,0,0.0,0.0,1
59.300,0,0,0.0,0.0,1
59.300,0,0,0.0,0.0,1
59.300,0,0,0.0,0.0,1
59.300,0,0,0.0,0.0,1
59.400,0,0,0.0,0.0,1
59.400,0,0,0.0,0.0,1
59.400,0,0,0.0,0.0,1
59.400,0,0,0.0,0.0,1
59.400,0,0,0.0,0.0,1
59.500,0,0,0.0,0.0,1
59.500,0,0,0.0,0.0,1
59.500,0,0,0.0,0.0,1
59.500,0,0,0.0,0.0,1
59.500,0,0,0.0,0.0,1
59.600,0,0,0.0,0.0,1
59.600,0,0,0.0,0.0,1
59.600,0,0,0.0,0.0,1
59.600,0,0,0.0,0.0,1
59.600,0,0,0.0,0.0,1
59.600,0,0,0.0,0.0,1
59.700,0,0,0.0,0.0,1
59.700,0,0,0.0,0.0,1
59.700,0,0,0.0,0.0,1
59.700,0,0,0.0,0.0,1
59.700,0,0,0.0,0.0,1
59.800,0,0,0.0,0.0,1
59.800,0,0,0.0,0.0,1
59.800,0,0,0.0,0.0,1
59.800,0,0,0.0,0.0,1
59.800,0,0,0.0,0.0,1
59.900,0,0,0.0,0.0,1
59.900,0,0,0.0,0.0,1
59.900,0,0,0.0,0.0,1
59.900,0,0,0.0,0.0,1
59.900,0,0,0.0,0.0,1
60.000,0,0,0.0,0.0,1
60.000,0,0,0.0,0.0,1
60.000,0,0,0.0,0.0,1
60.000,0,0,0.0,0.0,1
60.000,0,0,0.0,0.0,1
60.000,0,0,0.0,0.0,1
60.100,0,0,0.0,0.0,1
60.100,0,0,0.0,0.0,1
60.100,0,0,0.0,0.0,1
60.100,0,0,0.0,0.0,1
60.100,0,0,0.0,0.0,1
60.200,0,0,0.0,0.0,1
60.200,0,0,0.0,0.0,1
60.200,0,0,0.0,0.0,1
60.200,0,0,0.0,0.0,1
60.200,0,0,0.0,0.0,1
60.300,0,0,0.0,0.0,1
60.300,0,0,0.0,0.0,1
60.300,0,0,0.0,0.0,1
60.300,0,0,0.0,0.0,1
60.300,0,0,0.0,0.0,1
60.400,0,0,0.0,0.0,1
60.400,0,0,0.0,0.0,1
60.400,0,0,0.0,0.0,1
60.400,0,0,0.0,0.0,1
60.400,0,0,0.0,0.0,1
60.500,0,0,0.0,0.0,1
60.500,0,0,0.0,0.0,1
60.500,0,0,0.0,0.0,1
60.500,0,0,0.0,0.0,1
60.500,0,0,0.0,0.0,1
60.500,0,0,0.0,0.0,1
60.600,0,0,0.0,0.0,1
60.600,0,0,0.0,0.0,1
60.600,0,0,0.0,0.0,1
60.600,0,0,0.0,0.0,1
60.600,0,0,0.0,0.0,1
60.700,0,0,0.0,0.0,1
60.700,0,0,0.0,0.0,1
60.700,0,0,0.0,0.0,1
60.700,0,0,0.0,0.0,1
60.700,0,0,0.0,0.0,1
60.800,0,0,0.0,0.0,1
60.800,0,0,0.0,0.0,1
60.800,0,0,0.0,0.0,1
60.800,0,0,0.0,0.0,1
60.800,0,0,0.0,0.0,1
60.900,0,0,0.0,0.0,1
60.900,0,0,0.0,0.0,1
60.900,0,0,0.0,0.0,1
60.900,0,0,0.0,0.0,1
60.900,0,0,0.0,0.0,1
60.900,0,0,0.0,0.0,1
61.000,0,0,0.0,0.0,1
61.000,0,0,0.0,0.0,1
61.000,0,0,0.0,0.0,1
61.000,0,0,0.0,0.0,1
61.000,0,0,0.0,0.0,1
61.100,0,0,0.0,0.0,1
61.100,0,0,0.0,0.0,1
61.100,0,0,0.0,0.0,1
61.100,0,0,0.0,0.0,1
61.100,0,0,0.0,0.0,1
61.200,0,0,0.0,0.0,1
61.200,0,0,0.0,0.0,1
61.200,0,0,0.0,0.0,1
61.200,0,0,0.0,0.0,1
61.200,0,0,0.0,0.0,1
61.300,0,0,0.0,0.0,1
61.300,0,0,0.0,0.0,1
61.300,0,0,0.0,0.0,1
61.300,0,0,0.0,0.0,1
61.300,0,0,0.0,0.0,1
61.400,0,0,0.0,0.0,1
61.400,0,0,0.0,0.0,1
61.400,0,0,0.0,0.0,1
61.400,0,0,0.0,0.0,1
61.400,0,0,0.0,0.0,1
61.400,0,0,0.0,0.0,1
61.500,0,0,0.0,0.0,1
61.500,0,0,0.0,0.0,1
61.500,0,0,0.0,0.0,1
61.500,0,0,0.0,0.0,1
61.500,0,0,0.0,0.0,1
61.600,0,0,0.0,0.0,1
61.600,0,0,0.0,0.0,1
61.600,0,0,0.0,0.0,1
61.600,0,0,0.0,0.0,1
61.600,0,0,0.0,0.0,1
61.700,0,0,0.0,0.0,1
61.700,0,0,0.0,0.0,1
61.700,0,0,0.0,0.0,1
61.700,0,0,0.0,0.0,1
61.700,0,0,0.0,0.0,1
61.800,0,0,0.0,0.0,1
61.800,0,0,0.0,0.0,1
61.800,0,0,0.0,0.0,1
61.800,0,0,0.0,0.0,1
61.800,0,0,0.0,0.0,1
61.900,0,0,0.0,0.0,1
61.900,0,0,0.0,0.0,1
61.900,0,0,0.0,0.0,1
61.900,0,0,0.0,0.0,1
61.900,0,0,0.0,0.0,1
61.900,0,0,0.0,0.0,1
62.000,0,0,0.0,0.0,1
62.000,0,0,0.0,0.0,1
62.000,0,0,0.0,0.0,1
62.000,0,0,0.0,0.0,1
62.000,0,0,0.0,0.0,1
62.100,0,0,0.0,0.0,1
62.100,0,0,0.0,0.0,1
62.100,0,0,0.0,0.0,1
62.100,0,0,0.0,0.0,1
62.100,0,0,0.0,0.0,1
62.200,0,0,0.0,0.0,1
62.200,0,0,0.0,0.0,1
62.200,0,0,0.0,0.0,1
62.200,0,0,0.0,0.0,1
62.200,0,0,0.0,0.0,1
62.300,0,0,0.0,0.0,1
62.300,0,0,0.0,0.0,1
62.300,0,0,0.0,0.0,1
62.300,0,0,0.0,0.0,1
62.300,0,0,0.0,0.0,1
62.300,0,0,0.0,0.0,1
62.400,0,0,0.0,0.0,1
62.400,0,0,0.0,0.0,1
62.400,0,0,0.0,0.0,1
62.400,0,0,0.0,0.0,1
62.400,0,0,0.0,0.0,1
62.500,0,0,0.0,0.0,1
62.500,0,0,0.0,0.0,1
62.500,0,0,0.0,0.0,1
62.500,0,0,0.0,0.0,1
62.500,0,0,0.0,0.0,1
62.600,0,0,0.0,0.0,1
62.600,0,0,0.0,0.0,1
62.600,0,0,0.0,0.0,1
62.600,0,0,0.0,0.0,1
62.600,0,0,0.0,0.0,1
62.700,0,0,0.0,0.0,1
62.700,0,0,0.0,0.0,1
62.700,0,0,0.0,0.0,1
62.700,0,0,0.0,0.0,1
62.700,0,0,0.0,0.0,1
62.800,0,0,0.0,0.0,1
62.800,0,0,0.0,0.0,1
62.800,0,0,0.0,0.0,1
62.800,0,0,0.0,0.0,1
62.800,0,0,0.0,0.0,1
62.800,0,0,0.0,0.0,1
62.900,0,0,0.0,0.0,1
62.900,0,0,0.0,0.0,1
62.900,0,0,0.0,0.0,1
62.900,0,0,0.0,0.0,1
62.900,0,0,0.0,0.0,1
63.000,0,0,0.0,0.0,1
63.000,0,0,0.0,0.0,1
63.000,0,0,0.0,0.0,1
63.000,0,0,0.0,0.0,1
63.000,0,0,0.0,0.0,1
63.100,0,0,0.0,0.0,1
63.100,0,0,0.0,0.0,1
63.100,0,0,0.0,0.0,1
63.100,0,0,0.0,0.0,1
63.100,0,0,0.0,0.0,1
63.200,0,0,0.0,0.0,1
63.200,0,0,0.0,0.0,1
63.200,0,0,0.0,0.0,1
63.200,0,0,0.0,0.0,1
63.200,0,0,0.0,0.0,1
63.200,0,0,0.0,0.0,1
63.300,0,0,0.0,0.0,1
63.300,0,0,0.0,0.0,1
63.300,0,0,0.0,0.0,1
63.300,0,0,0.0,0.0,1
63.300,0,0,0.0,0.0,1
63.400,0,0,0.0,0.0,1
63.400,0,0,0.0,0.0,1
63.400,0,0,0.0,0.0,1
63.400,0,0,0.0,0.0,1
63.400,0,0,0.0,0.0,1
63.500,0,0,0.0,0.0,1
63.500,0,0,0.0,0.0,1
63.500,0,0,0.0,0.0,1
63.500,0,0,0.0,0.0,1
63.500,0,0,0.0,0.0,1
63.600,0,0,0.0,0.0,1
63.600,0,0,0.0,0.0,1
63.600,0,0,0.0,0.0,1
63.600,0,0,0.0,0.0,1
63.600,0,0,0.0,0.0,1
63.700,0,0,0.0,0.0,1
63.700,0,0,0.0,0.0,1
63.700,0,0,0.0,0.0,1
63.700,0,0,0.0,0.0,1
63.700,0,0,0.0,0.0,1
63.700,0,0,0.0,0.0,1
63.800,0,0,0.0,0.0,1
63.800,0,0,0.0,0.0,1
63.800,0,0,0.0,0.0,1
63.800,0,0,0.0,0.0,1
63.800,0,0,0.0,0.0,1
63.900,0,0,0.0,0.0,1
63.900,0,0,0.0,0.0,1
63.900,0,0,0.0,0.0,1
63.900,0,0,0.0,0.0,1
63.900,0,0,0.0,0.0,1
64.000,0,0,0.0,0.0,1
64.000,0,0,0.0,0.0,1
64.000,0,0,0.0,0.0,1
64.000,0,0,0.0,0.0,1
64.000,0,0,0.0,0.0,1
64.100,0,0,0.0,0.0,1
64.100,0,0,0.0,0.0,1
64.100,0,0,0.0,0.0,1
64.100,0,0,0.0,0.0,1
64.100,0,0,0.0,0.0,1
64.200,0,0,0.0,0.0,1
64.200,0,0,0.0,0.0,1
64.200,0,0,0.0,0.0,1
64.200,0,0,0.0,0.0,1
64.200,0,0,0.0,0.0,1
64.200,0,0,0.0,0.0,1
64.300,0,0,0.0,0.0,1
64.300,0,0,0.0,0.0,1
64.300,0,0,0.0,0.0,1
64.300,0,0,0.0,0.0,1
64.300,0,0,0.0,0.0,1
64.400,0,0,0.0,0.0,1
64.400,0,0,0.0,0.0,1
64.400,0,0,0.0,0.0,1
64.400,0,0,0.0,0.0,1
64.400,0,0,0.0,0.0,1
64.500,0,0,0.0,0.0,1
64.500,0,0,0.0,0.0,1
64.500,0,0,0.0,0.0,1
64.500,0,0,0.0,0.0,1
64.500,0,0,0.0,0.0,1
64.600,0,0,0.0,0.0,1
64.600,0,0,0.0,0.0,1
64.600,0,0,0.0,0.0,1
64.600,0,0,0.0,0.0,1
64.600,0,0,0.0,0.0,1
64.600,0,0,0.0,0.0,1
64.700,0,0,0.0,0.0,1
64.700,0,0,0.0,0.0,1
64.700,0,0,0.0,0.0,1
64.700,0,0,0.0,0.0,1
64.700,0,0,0.0,0.0,1
64.800,0,0,0.0,0.0,1
64.800,0,0,0.0,0.0,1
64.800,0,0,0.0,0.0,1
64.800,0,0,0.0,0.0,1
64.800,0,0,0.0,0.0,1
64.900,0,0,0.0,0.0,1
64.900,0,0,0.0,0.0,1
64.900,0,0,0.0,0.0,1
64.900,0,0,0.0,0.0,1
64.900,0,0,0.0,0.0,1
65.000,0,0,0.0,0.0,1
65.000,0,0,0.0,0.0,1
65.000,0,0,0.0,0.0,1
65.000,0,0,0.0,0.0,1
65.000,0,0,0.0,0.0,1
65.100,0,0,0.0,0.0,1
65.100,0,0,0.0,0.0,1
65.100,0,0,0.0,0.0,1
65.100,0,0,0.0,0.0,1
65.100,0,0,0.0,0.0,1
65.100,0,0,0.0,0.0,1
65.200,0,0,0.0,0.0,1
65.200,0,0,0.0,0.0,1
65.200,0,0,0.0,0.0,1
65.200,0,0,0.0,0.0,1
65.200,0,0,0.0,0.0,1
65.300,0,0,0.0,0.0,1
65.300,0,0,0.0,0.0,1
65.300,0,0,0.0,0.0,1
65.300,0,0,0.0,0.0,1
65.300,0,0,0.0,0.0,1
65.400,0,0,0.0,0.0,1
65.400,0,0,0.0,0.0,1
65.400,0,0,0.0,0.0,1
65.400,0,0,0.0,0.0,1
65.400,0,0,0.0,0.0,1
65.500,0,0,0.0,0.0,1
65.500,0,0,0.0,0.0,1
65.500,0,0,0.0,0.0,1
65.500,0,0,0.0,0.0,1
65.500,0,0,0.0,0.0,1
65.500,0,0,0.0,0.0,1
65.600,0,0,0.0,0.0,1
65.600,0,0,0.0,0.0,1
65.600,0,0,0.0,0.0,1
65.600,0,0,0.0,0.0,1
65.600,0,0,0.0,0.0,1
65.700,0,0,0.0,0.0,1
65.700,0,0,0.0,0.0,1
65.700,0,0,0.0,0.0,1
65.700,0,0,0.0,0.0,1
65.700,0,0,0.0,0.0,1
65.800,0,0,0.0,0.0,1
65.800,0,0,0.0,0.0,1
65.800,0,0,0.0,0.0,1
65.800,0,0,0.0,0.0,1
65.800,0,0,0.0,0.0,1
65.900,0,0,0.0,0.0,1
65.900,0,0,0.0,0.0,1
65.900,0,0,0.0,0.0,1
65.900,0,0,0.0,0.0,1
65.900,0,0,0.0,0.0,1
66.000,0,0,0.0,0.0,1
66.000,0,0,0.0,0.0,1
66.000,0,0,0.0,0.0,1
66.000,0,0,0.0,0.0,1
66.000,0,0,0.0,0.0,1
66.000,0,0,0.0,0.0,1
66.100,0,0,0.0,0.0,1
66.100,0,0,0.0,0.0,1
66.100,0,0,0.0,0.0,1
66.100,0,0,0.0,0.0,1
66.100,0,0,0.0,0.0,1
66.200,0,0,0.0,0.0,1
66.200,0,0,0.0,0.0,1
66.200,0,0,0.0,0.0,1
66.200,0,0,0.0,0.0,1
66.200,0,0,0.0,0.0,1
66.300,0,0,0.0,0.0,1
66.300,0,0,0.0,0.0,1
66.300,0,0,0.0,0.0,1
66.300,0,0,0.0,0.0,1
66.300,0,0,0.0,0.0,1
66.400,0,0,0.0,0.0,1
66.400,0,0,0.0,0.0,1
66.400,0,0,0.0,0.0,1
66.400,0,0,0.0,0.0,1
66.400,0,0,0.0,0.0,1
66.500,0,0,0.0,0.0,1
66.500,0,0,0.0,0.0,1
66.500,0,0,0.0,0.0,1
66.500,0,0,0.0,0.0,1
66.500,0,0,0.0,0.0,1
66.500,0,0,0.0,0.0,1
66.600,0,0,0.0,0.0,1
66.600,0,0,0.0,0.0,1
66.600,0,0,0.0,0.0,1
66.600,0,0,0.0,0.0,1
66.600,0,0,0.0,0.0,1
66.700,0,0,0.0,0.0,1
66.700,0,0,0.0,0.0,1
66.700,0,0,0.0,0.0,1
66.700,0,0,0.0,0.0,1
66.700,0,0,0.0,0.0,1
66.800,0,0,0.0,0.0,1
66.800,0,0,0.0,0.0,1
66.800,0,0,0.0,0.0,1
66.800,0,0,0.0,0.0,1
66.800,0,0,0.0,0.0,1
66.900,0,0,0.0,0.0,1
66.900,0,0,0.0,0.0,1
66.900,0,0,0.0,0.0,1
66.900,0,0,0.0,0.0,1
66.900,0,0,0.0,0.0,1
66.900,0,0,0.0,0.0,1
67.000,0,0,0.0,0.0,1
67.000,0,0,0.0,0.0,1
67.000,0,0,0.0,0.0,1
67.000,0,0,0.0,0.0,1
67.000,0,0,0.0,0.0,1
67.100,0,0,0.0,0.0,1
67.100,0,0,0.0,0.0,1
67.100,0,0,0.0,0.0,1
67.100,0,0,0.0,0.0,1
67.100,0,0,0.0,0.0,1
67.200,0,0,0.0,0.0,1
67.200,0,0,0.0,0.0,1
67.200,0,0,0.0,0.0,1
67.200,0,0,0.0,0.0,1
67.200,0,0,0.0,0.0,1
67.300,0,0,0.0,0.0,1
67.300,0,0,0.0,0.0,1
67.300,0,0,0.0,0.0,1
67.300,0,0,0.0,0.0,1
67.300,0,0,0.0,0.0,1
67.400,0,0,0.0,0.0,1
67.400,0,0,0.0,0.0,1
67.400,0,0,0.0,0.0,1
67.400,0,0,0.0,0.0,1
67.400,0,0,0.0,0.0,1
67.400,0,0,0.0,0.0,1
67.500,0,0,0.0,0.0,1
67.500,0,0,0.0,0.0,1
67.500,0,0,0.0,0.0,1
67.500,0,0,0.0,0.0,1
67.500,0,0,0.0,0.0,1
67.600,0,0,0.0,0.0,1
67.600,0,0,0.0,0.0,1
67.600,0,0,0.0,0.0,1
67.600,0,0,0.0,0.0,1
67.600,0,0,0.0,0.0,1
67.700,0,0,0.0,0.0,1
67.700,0,0,0.0,0.0,1
67.700,0,0,0.0,0.0,1
67.700,0,0,0.0,0.0,1
67.700,0,0,0.0,0.0,1
67.800,0,0,0.0,0.0,1
67.800,0,0,0.0,0.0,1
67.800,0,0,0.0,0.0,1
67.800,0,0,0.0,0.0,1
67.800,0,0,0.0,0.0,1
67.800,0,0,0.0,0.0,1
67.900,0,0,0.0,0.0,1
67.900,0,0,0.0,0.0,1
67.900,0,0,0.0,0.0,1
67.900,0,0,0.0,0.0,1
67.900,0,0,0.0,0.0,1
68.000,0,0,0.0,0.0,1
68.000,0,0,0.0,0.0,1
68.000,0,0,0.0,0.0,1
68.000,0,0,0.0,0.0,1
68.000,0,0,0.0,0.0,1
68.100,0,0,0.0,0.0,1
68.100,0,0,0.0,0.0,1
68.100,0,0,0.0,0.0,1
68.100,0,0,0.0,0.0,1
68.100,0,0,0.0,0.0,1
68.200,0,0,0.0,0.0,1
68.200,0,0,0.0,0.0,1
68.200,0,0,0.0,0.0,1
68.200,0,0,0.0,0.0,1
68.200,0,0,0.0,0.0,1
68.300,0,0,0.0,0.0,1
68.300,0,0,0.0,0.0,1
68.300,0,0,0.0,0.0,1
68.300,0,0,0.0,0.0,1
68.300,0,0,0.0,0.0,1
68.300,0,0,0.0,0.0,1
68.400,0,0,0.0,0.0,1
68.400,0,0,0.0,0.0,1
68.400,0,0,0.0,0.0,1
68.400,0,0,0.0,0.0,1
68.400,0,0,0.0,0.0,1
68.500,0,0,0.0,0.0,1
68.500,0,0,0.0,0.0,1
68.500,0,0,0.0,0.0,1
68.500,0,0,0.0,0.0,1
68.500,0,0,0.0,0.0,1
68.600,0,0,0.0,0.0,1
68.600,0,0,0.0,0.0,1
68.600,0,0,0.0,0.0,1
68.600,0,0,0.0,0.0,1
68.600,0,0,0.0,0.0,1
68.700,0,0,0.0,0.0,1
68.700,0,0,0.0,0.0,1
68.700,0,0,0.0,0.0,1
68.700,0,0,0.0,0.0,1
68.700,0,0,0.0,0.0,1
68.800,0,0,0.0,0.0,1
68.800,0,0,0.0,0.0,1
68.800,0,0,0.0,0.0,1
68.800,0,0,0.0,0.0,1
68.800,0,0,0.0,0.0,1
68.800,0,0,0.0,0.0,1
68.900,0,0,0.0,0.0,1
68.900,0,0,0.0,0.0,1
68.900,0,0,0.0,0.0,1
68.900,0,0,0.0,0.0,1
68.900,0,0,0.0,0.0,1
69.000,0,0,0.0,0.0,1
69.000,0,0,0.0,0.0,1
69.000,0,0,0.0,0.0,1
69.000,0,0,0.0,0.0,1
69.000,0,0,0.0,0.0,1
69.100,0,0,0.0,0.0,1
69.100,0,0,0.0,0.0,1
69.100,0,0,0.0,0.0,1
69.100,0,0,0.0,0.0,1
69.100,0,0,0.0,0.0,1
69.200,0,0,0.0,0.0,1
69.200,0,0,0.0,0.0,1
69.200,0,0,0.0,0.0,1
69.200,0,0,0.0,0.0,1
69.200,0,0,0.0,0.0,1
69.200,0,0,0.0,0.0,1
69.300,0,0,0.0,0.0,1
69.300,0,0,0.0,0.0,1
69.300,0,0,0.0,0.0,1
69.300,0,0,0.0,0.0,1
69.300,0,0,0.0,0.0,1
69.400,0,0,0.0,0.0,1
69.400,0,0,0.0,0.0,1
69.400,0,0,0.0,0.0,1
69.400,0,0,0.0,0.0,1
69.400,0,0,0.0,0.0,1
69.500,0,0,0.0,0.0,1
69.500,0,0,0.0,0.0,1
69.500,0,0,0.0,0.0,1
69.500,0,0,0.0,0.0,1
69.500,0,0,0.0,0.0,1
69.600,0,0,0.0,0.0,1
69.600,0,0,0.0,0.0,1
69.600,0,0,0.0,0.0,1
69.600,0,0,0.0,0.0,1
69.600,0,0,0.0,0.0,1
69.700,0,0,0.0,0.0,1
69.700,0,0,0.0,0.0,1
69.700,0,0,0.0,0.0,1
69.700,0,0,0.0,0.0,1
69.700,0,0,0.0,0.0,1
69.700,0,0,0.0,0.0,1
69.800,0,0,0.0,0.0,1
69.800,0,0,0.0,0.0,1
69.800,0,0,0.0,0.0,1
69.800,0,0,0.0,0.0,1
69.800,0,0,0.0,0.0,1
69.900,0,0,0.0,0.0,1
69.900,0,0,0.0,0.0,1
69.900,0,0,0.0,0.0,1
69.900,0,0,0.0,0.0,1
69.900,0,0,0.0,0.0,1
70.000,0,0,0.0,0.0,1
70.000,0,0,0.0,0.0,1
70.000,0,0,0.0,0.0,1
70.000,0,0,0.0,0.0,1
70.000,0,0,0.0,0.0,1
70.100,0,0,0.0,0.0,1
70.100,0,0,0.0,0.0,1
70.100,0,0,0.0,0.0,1
70.100,0,0,0.0,0.0,1
70.100,0,0,0.0,0.0,1
70.100,0,0,0.0,0.0,1
70.200,0,0,0.0,0.0,1
70.200,0,0,0.0,0.0,1
70.200,0,0,0.0,0.0,1
70.200,0,0,0.0,0.0,1
70.200,0,0,0.0,0.0,1
70.300,0,0,0.0,0.0,1
70.300,0,0,0.0,0.0,1
70.300,0,0,0.0,0.0,1
70.300,0,0,0.0,0.0,1
70.300,0,0,0.0,0.0,1
70.400,0,0,0.0,0.0,1
70.400,0,0,0.0,0.0,1
70.400,0,0,0.0,0.0,1
70.400,0,0,0.0,0.0,1
70.400,0,0,0.0,0.0,1
70.500,0,0,0.0,0.0,1
70.500,0,0,0.0,0.0,1
70.500,0,0,0.0,0.0,1
70.500,0,0,0.0,0.0,1
70.500,0,0,0.0,0.0,1
70.600,0,0,0.0,0.0,1
70.600,0,0,0.0,0.0,1
70.600,0,0,0.0,0.0,1
70.600,0,0,0.0,0.0,1
70.600,0,0,0.0,0.0,1
70.600,0,0,0.0,0.0,1
70.700,0,0,0.0,0.0,1
70.700,0,0,0.0,0.0,1
70.700,0,0,0.0,0.0,1
70.700,0,0,0.0,0.0,1
70.700,0,0,0.0,0.0,1
70.800,0,0,0.0,0.0,1
70.800,0,0,0.0,0.0,1
70.800,0,0,0.0,0.0,1
70.800,0,0,0.0,0.0,1
70.800,0,0,0.0,0.0,1
70.900,0,0,0.0,0.0,1
70.900,0,0,0.0,0.0,1
70.900,0,0,0.0,0.0,1
70.900,0,0,0.0,0.0,1
70.900,0,0,0.0,0.0,1
71.000,0,0,0.0,0.0,1
71.000,0,0,0.0,0.0,1
71.000,0,0,0.0,0.0,1
71.000,0,0,0.0,0.0,1
71.000,0,0,0.0,0.0,1
71.100,0,0,0.0,0.0,1
71.100,0,0,0.0,0.0,1
71.100,0,0,0.0,0.0,1
71.100,0,0,0.0,0.0,1
71.100,0,0,0.0,0.0,1
71.100,0,0,0.0,0.0,1
71.200,0,0,0.0,0.0,1
71.200,0,0,0.0,0.0,1
71.200,0,0,0.0,0.0,1
71.200,0,0,0.0,0.0,1
71.200,0,0,0.0,0.0,1
71.300,0,0,0.0,0.0,1
71.300,0,0,0.0,0.0,1
71.300,0,0,0.0,0.0,1
71.300,0,0,0.0,0.0,1
71.300,0,0,0.0,0.0,1
71.400,0,0,0.0,0.0,1
71.400,0,0,0.0,0.0,1
71.400,0,0,0.0,0.0,1
71.400,0,0,0.0,0.0,1
71.400,0,0,0.0,0.0,1
71.500,0,0,0.0,0.0,1
71.500,0,0,0.0,0.0,1
71.500,0,0,0.0,0.0,1
71.500,0,0,0.0,0.0,1
71.500,0,0,0.0,0.0,1
71.500,0,0,0.0,0.0,1
71.600,0,0,0.0,0.0,1
71.600,0,0,0.0,0.0,1
71.600,0,0,0.0,0.0,1
71.600,0,0,0.0,0.0,1
71.600,0,0,0.0,0.0,1
71.700,0,0,0.0,0.0,1
71.700,0,0,0.0,0.0,1
71.700,0,0,0.0,0.0,1
71.700,0,0,0.0,0.0,1
71.700,0,0,0.0,0.0,1
71.800,0,0,0.0,0.0,1
71.800,0,0,0.0,0.0,1
71.800,0,0,0.0,0.0,1
71.800,0,0,0.0,0.0,1
71.800,0,0,0.0,0.0,1
71.900,0,0,0.0,0.0,1
71.900,0,0,0.0,0.0,1
71.900,0,0,0.0,0.0,1
71.900,0,0,0.0,0.0,1
71.900,0,0,0.0,0.0,1
72.000,0,0,0.0,0.0,1
72.000,0,0,0.0,0.0,1
72.000,0,0,0.0,0.0,1
72.000,0,0,0.0,0.0,1
72.000,0,0,0.0,0.0,1
72.000,0,0,0.0,0.0,1
72.100,0,0,0.0,0.0,1
72.100,0,0,0.0,0.0,1
72.100,0,0,0.0,0.0,1
72.100,0,0,0.0,0.0,1
72.100,0,0,0.0,0.0,1
72.200,0,0,0.0,0.0,1
72.200,0,0,0.0,0.0,1
72.200,0,0,0.0,0.0,1
72.200,0,0,0.0,0.0,1
72.200,0,0,0.0,0.0,1
72.300,0,0,0.0,0.0,1
72.300,0,0,0.0,0.0,1
72.300,0,0,0.0,0.0,1
72.300,0,0,0.0,0.0,1
72.300,0,0,0.0,0.0,1
72.400,0,0,0.0,0.0,1
72.400,0,0,0.0,0.0,1
72.400,0,0,0.0,0.0,1
72.400,0,0,0.0,0.0,1
72.400,0,0,0.0,0.0,1
72.400,0,0,0.0,0.0,1
72.500,0,0,0.0,0.0,1
72.500,0,0,0.0,0.0,1
72.500,0,0,0.0,0.0,1
72.500,0,0,0.0,0.0,1
72.500,0,0,0.0,0.0,1
72.600,0,0,0.0,0.0,1
72.600,0,0,0.0,0.0,1
72.600,0,0,0.0,0.0,1
72.600,0,0,0.0,0.0,1
72.600,0,0,0.0,0.0,1
72.700,0,0,0.0,0.0,1
72.700,0,0,0.0,0.0,1
72.700,0,0,0.0,0.0,1
72.700,0,0,0.0,0.0,1
72.700,0,0,0.0,0.0,1
72.800,0,0,0.0,0.0,1
72.800,0,0,0.0,0.0,1
72.800,0,0,0.0,0.0,1
72.800,0,0,0.0,0.0,1
72.800,0,0,0.0,0.0,1
72.900,0,0,0.0,0.0,1
72.900,0,0,0.0,0.0,1
72.900,0,0,0.0,0.0,1
72.900,0,0,0.0,0.0,1
72.900,0,0,0.0,0.0,1
72.900,0,0,0.0,0.0,1
73.000,0,0,0.0,0.0,1
73.000,0,0,0.0,0.0,1
73.000,0,0,0.0,0.0,1
73.000,0,0,0.0,0.0,1
73.000,0,0,0.0,0.0,1
73.100,0,0,0.0,0.0,1
73.100,0,0,0.0,0.0,1
73.100,0,0,0.0,0.0,1
73.100,0,0,0.0,0.0,1
73.100,0,0,0.0,0.0,1
73.200,0,0,0.0,0.0,1
73.200,0,0,0.0,0.0,1
73.200,0,0,0.0,0.0,1
73.200,0,0,0.0,0.0,1
73.200,0,0,0.0,0.0,1
73.300,0,0,0.0,0.0,1
73.300,0,0,0.0,0.0,1
73.300,0,0,0.0,0.0,1
73.300,0,0,0.0,0.0,1
73.300,0,0,0.0,0.0,1
73.300,0,0,0.0,0.0,1
73.400,0,0,0.0,0.0,1
73.400,0,0,0.0,0.0,1
73.400,0,0,0.0,0.0,1
73.400,0,0,0.0,0.0,1
73.400,0,0,0.0,0.0,1
73.500,0,0,0.0,0.0,1
73.500,0,0,0.0,0.0,1
73.500,0,0,0.0,0.0,1
73.500,0,0,0.0,0.0,1
73.500,0,0,0.0,0.0,1
73.600,0,0,0.0,0.0,1
73.600,0,0,0.0,0.0,1
73.600,0,0,0.0,0.0,1
73.600,0,0,0.0,0.0,1
73.600,0,0,0.0,0.0,1
73.700,0,0,0.0,0.0,1
73.700,0,0,0.0,0.0,1
73.700,0,0,0.0,0.0,1
73.700,0,0,0.0,0.0,1
73.700,0,0,0.0,0.0,1
73.800,0,0,0.0,0.0,1
73.800,0,0,0.0,0.0,1
73.800,0,0,0.0,0.0,1
73.800,0,0,0.0,0.0,1
73.800,0,0,0.0,0.0,1
73.800,0,0,0.0,0.0,1
73.900,0,0,0.0,0.0,1
73.900,0,0,0.0,0.0,1
73.900,0,0,0.0,0.0,1
73.900,0,0,0.0,0.0,1
73.900,0,0,0.0,0.0,1
74.000,0,0,0.0,0.0,1
74.000,0,0,0.0,0.0,1
74.000,0,0,0.0,0.0,1
74.000,0,0,0.0,0.0,1
74.000,0,0,0.0,0.0,1
74.100,0,0,0.0,0.0,1
74.100,0,0,0.0,0.0,1
74.100,0,0,0.0,0.0,1
74.100,0,0,0.0,0.0,1
74.100,0,0,0.0,0.0,1
74.200,0,0,0.0,0.0,1
74.200,0,0,0.0,0.0,1
74.200,0,0,0.0,0.0,1
74.200,0,0,0.0,0.0,1
74.200,0,0,0.0,0.0,1
74.300,0,0,0.0,0.0,1
74.300,0,0,0.0,0.0,1
74.300,0,0,0.0,0.0,1
74.300,0,0,0.0,0.0,1
74.300,0,0,0.0,0.0,1
74.300,0,0,0.0,0.0,1
74.400,0,0,0.0,0.0,1
74.400,0,0,0.0,0.0,1
74.400,0,0,0.0,0.0,1
74.400,0,0,0.0,0.0,1
74.400,0,0,0.0,0.0,1
74.500,0,0,0.0,0.0,1
74.500,0,0,0.0,0.0,1
74.500,0,0,0.0,0.0,1
74.500,0,0,0.0,0.0,1
74.500,0,0,0.0,0.0,1
74.600,0,0,0.0,0.0,1
74.600,0,0,0.0,0.0,1
74.600,0,0,0.0,0.0,1
74.600,0,0,0.0,0.0,1
74.600,0,0,0.0,0.0,1
74.700,0,0,0.0,0.0,1
74.700,0,0,0.0,0.0,1
74.700,0,0,0.0,0.0,1
74.700,0,0,0.0,0.0,1
74.700,0,0,0.0,0.0,1
74.700,0,0,0.0,0.0,1
74.800,0,0,0.0,0.0,1
74.800,0,0,0.0,0.0,1
74.800,0,0,0.0,0.0,1
74.800,0,0,0.0,0.0,1
74.800,0,0,0.0,0.0,1
74.900,0,0,0.0,0.0,1
74.900,0,0,0.0,0.0,1
74.900,0,0,0.0,0.0,1
74.900,0,0,0.0,0.0,1
74.900,0,0,0.0,0.0,1
75.000,0,0,0.0,0.0,1
75.000,0,0,0.0,0.0,1
75.000,0,0,0.0,0.0,1
75.000,0,0,0.0,0.0,1
75.000,0,0,0.0,0.0,1
75.100,0,0,0.0,0.0,1
75.100,0,0,0.0,0.0,1
75.100,0,0,0.0,0.0,1
75.100,0,0,0.0,0.0,1
75.100,0,0,0.0,0.0,1
75.200,0,0,0.0,0.0,1
75.200,0,0,0.0,0.0,1
75.200,0,0,0.0,0.0,1
75.200,0,0,0.0,0.0,1
75.200,0,0,0.0,0.0,1
75.200,0,0,0.0,0.0,1
75.300,0,0,0.0,0.0,1
75.300,0,0,0.0,0.0,1
75.300,0,0,0.0,0.0,1
75.300,0,0,0.0,0.0,1
75.300,0,0,0.0,0.0,1
75.400,0,0,0.0,0.0,1
75.400,0,0,0.0,0.0,1
75.400,0,0,0.0,0.0,1
75.400,0,0,0.0,0.0,1
75.400,0,0,0.0,0.0,1
75.500,0,0,0.0,0.0,1
75.500,0,0,0.0,0.0,1
75.500,0,0,0.0,0.0,1
75.500,0,0,0.0,0.0,1
75.500,0,0,0.0,0.0,1
75.600,0,0,0.0,0.0,1
75.600,0,0,0.0,0.0,1
75.600,0,0,0.0,0.0,1
75.600,0,0,0.0,0.0,1
75.600,0,0,0.0,0.0,1
75.600,0,0,0.0,0.0,1
75.700,0,0,0.0,0.0,1
75.700,0,0,0.0,0.0,1
75.700,0,0,0.0,0.0,1
75.700,0,0,0.0,0.0,1
75.700,0,0,0.0,0.0,1
75.800,0,0,0.0,0.0,1
75.800,0,0,0.0,0.0,1
75.800,0,0,0.0,0.0,1
75.800,0,0,0.0,0.0,1
75.800,0,0,0.0,0.0,1
75.900,0,0,0.0,0.0,1
75.900,0,0,0.0,0.0,1
75.900,0,0,0.0,0.0,1
75.900,0,0,0.0,0.0,1
75.900,0,0,0.0,0.0,1
76.000,0,0,0.0,0.0,1
76.000,0,0,0.0,0.0,1
76.000,0,0,0.0,0.0,1
76.000,0,0,0.0,0.0,1
76.000,0,0,0.0,0.0,1
76.100,0,0,0.0,0.0,1
76.100,0,0,0.0,0.0,1
76.100,0,0,0.0,0.0,1
76.100,0,0,0.0,0.0,1
76.100,0,0,0.0,0.0,1
76.100,0,0,0.0,0.0,1
76.200,0,0,0.0,0.0,1
76.200,0,0,0.0,0.0,1
76.200,0,0,0.0,0.0,1
76.200,0,0,0.0,0.0,1
76.200,0,0,0.0,0.0,1
76.300,0,0,0.0,0.0,1
76.300,0,0,0.0,0.0,1
76.300,0,0,0.0,0.0,1
76.300,0,0,0.0,0.0,1
76.300,0,0,0.0,0.0,1
76.400,0,0,0.0,0.0,1
76.400,0,0,0.0,0.0,1
76.400,0,0,0.0,0.0,1
76.400,0,0,0.0,0.0,1
76.400,0,0,0.0,0.0,1
76.500,0,0,0.0,0.0,1
76.500,0,0,0.0,0.0,1
76.500,0,0,0.0,0.0,1
76.500,0,0,0.0,0.0,1
76.500,0,0,0.0,0.0,1
76.600,0,0,0.0,0.0,1
76.600,0,0,0.0,0.0,1
76.600,0,0,0.0,0.0,1
76.600,0,0,0.0,0.0,1
76.600,0,0,0.0,0.0,1
76.600,0,0,0.0,0.0,1
76.700,0,0,0.0,0.0,1
76.700,0,0,0.0,0.0,1
76.700,0,0,0.0,0.0,1
76.700,0,0,0.0,0.0,1
76.700,0,0,0.0,0.0,1
76.800,0,0,0.0,0.0,1
76.800,0,0,0.0,0.0,1
76.800,0,0,0.0,0.0,1
76.800,0,0,0.0,0.0,1
76.800,0,0,0.0,0.0,1
76.900,0,0,0.0,0.0,1
76.900,0,0,0.0,0.0,1
76.900,0,0,0.0,0.0,1
76.900,0,0,0.0,0.0,1
76.900,0,0,0.0,0.0,1
77.000,0,0,0.0,0.0,1
77.000,0,0,0.0,0.0,1
77.000,0,0,0.0,0.0,1
77.000,0,0,0.0,0.0,1
77.000,0,0,0.0,0.0,1
77.000,0,0,0.0,0.0,1
77.100,0,0,0.0,0.0,1
77.100,0,0,0.0,0.0,1
77.100,0,0,0.0,0.0,1
77.100,0,0,0.0,0.0,1
77.100,0,0,0.0,0.0,1
77.200,0,0,0.0,0.0,1
77.200,0,0,0.0,0.0,1
77.200,0,0,0.0,0.0,1
77.200,0,0,0.0,0.0,1
77.200,0,0,0.0,0.0,1
77.300,0,0,0.0,0.0,1
77.300,0,0,0.0,0.0,1
77.300,0,0,0.0,0.0,1
77.300,0,0,0.0,0.0,1
77.300,0,0,0.0,0.0,1
77.400,0,0,0.0,0.0,1
77.400,0,0,0.0,0.0,1
77.400,0,0,0.0,0.0,1
77.400,0,0,0.0,0.0,1
77.400,0,0,0.0,0.0,1
77.500,0,0,0.0,0.0,1
77.500,0,0,0.0,0.0,1
77.500,0,0,0.0,0.0,1
77.500,0,0,0.0,0.0,1
77.500,0,0,0.0,0.0,1
77.500,0,0,0.0,0.0,1
77.600,0,0,0.0,0.0,1
77.600,0,0,0.0,0.0,1
77.600,0,0,0.0,0.0,1
77.600,0,0,0.0,0.0,1
77.600,0,0,0.0,0.0,1
77.700,0,0,0.0,0.0,1
77.700,0,0,0.0,0.0,1
77.700,0,0,0.0,0.0,1
77.700,0,0,0.0,0.0,1
77.700,0,0,0.0,0.0,1
77.800,0,0,0.0,0.0,1
77.800,0,0,0.0,0.0,1
77.800,0,0,0.0,0.0,1
77.800,0,0,0.0,0.0,1
77.800,0,0,0.0,0.0,1
77.900,0,0,0.0,0.0,1
77.900,0,0,0.0,0.0,1
77.900,0,0,0.0,0.0,1
77.900,0,0,0.0,0.0,1
77.900,0,0,0.0,0.0,1
77.900,0,0,0.0,0.0,1
78.000,0,0,0.0,0.0,1
78.000,0,0,0.0,0.0,1
78.000,0,0,0.0,0.0,1
78.000,0,0,0.0,0.0,1
78.000,0,0,0.0,0.0,1
78.100,0,0,0.0,0.0,1
78.100,0,0,0.0,0.0,1
78.100,0,0,0.0,0.0,1
78.100,0,0,0.0,0.0,1
78.100,0,0,0.0,0.0,1
78.200,0,0,0.0,0.0,1
78.200,0,0,0.0,0.0,1
78.200,0,0,0.0,0.0,1
78.200,0,0,0.0,0.0,1
78.200,0,0,0.0,0.0,1
78.300,0,0,0.0,0.0,1
78.300,0,0,0.0,0.0,1
78.300,0,0,0.0,0.0,1
78.300,0,0,0.0,0.0,1
78.300,0,0,0.0,0.0,1
78.400,0,0,0.0,0.0,1
78.400,0,0,0.0,0.0,1
78.400,0,0,0.0,0.0,1
78.400,0,0,0.0,0.0,1
78.400,0,0,0.0,0.0,1
78.400,0,0,0.0,0.0,1
78.500,0,0,0.0,0.0,1
78.500,0,0,0.0,0.0,1
78.500,0,0,0.0,0.0,1
78.500,0,0,0.0,0.0,1
78.500,0,0,0.0,0.0,1
78.600,0,0,0.0,0.0,1
78.600,0,0,0.0,0.0,1
78.600,0,0,0.0,0.0,1
78.600,0,0,0.0,0.0,1
78.600,0,0,0.0,0.0,1
78.700,0,0,0.0,0.0,1
78.700,0,0,0.0,0.0,1
78.700,0,0,0.0,0.0,1
78.700,0,0,0.0,0.0,1
78.700,0,0,0.0,0.0,1
78.800,0,0,0.0,0.0,1
78.800,0,0,0.0,0.0,1
78.800,0,0,0.0,0.0,1
78.800,0,0,0.0,0.0,1
78.800,0,0,0.0,0.0,1
78.900,0,0,0.0,0.0,1
78.900,0,0,0.0,0.0,1
78.900,0,0,0.0,0.0,1
78.900,0,0,0.0,0.0,1
78.900,0,0,0.0,0.0,1
78.900,0,0,0.0,0.0,1
79.000,0,0,0.0,0.0,1
79.000,0,0,0.0,0.0,1
79.000,0,0,0.0,0.0,1
79.000,0,0,0.0,0.0,1
79.000,0,0,0.0,0.0,1
79.100,0,0,0.0,0.0,1
79.100,0,0,0.0,0.0,1
79.100,0,0,0.0,0.0,1
79.100,0,0,0.0,0.0,1
79.100,0,0,0.0,0.0,1
79.200,0,0,0.0,0.0,1
79.200,0,0,0.0,0.0,1
79.200,0,0,0.0,0.0,1
79.200,0,0,0.0,0.0,1
79.200,0,0,0.0,0.0,1
79.300,0,0,0.0,0.0,1
79.300,0,0,0.0,0.0,1
79.300,0,0,0.0,0.0,1
79.300,0,0,0.0,0.0,1
79.300,0,0,0.0,0.0,1
79.300,0,0,0.0,0.0,1
79.400,0,0,0.0,0.0,1
79.400,0,0,0.0,0.0,1
79.400,0,0,0.0,0.0,1
79.400,0,0,0.0,0.0,1
79.400,0,0,0.0,0.0,1
79.500,0,0,0.0,0.0,1
79.500,0,0,0.0,0.0,1
79.500,0,0,0.0,0.0,1
79.500,0,0,0.0,0.0,1
79.500,0,0,0.0,0.0,1
79.600,0,0,0.0,0.0,1
79.600,0,0,0.0,0.0,1
79.600,0,0,0.0,0.0,1
79.600,0,0,0.0,0.0,1
79.600,0,0,0.0,0.0,1
79.700,0,0,0.0,0.0,1
79.700,0,0,0.0,0.0,1
79.700,0,0,0.0,0.0,1
79.700,0,0,0.0,0.0,1
79.700,0,0,0.0,0.0,1
79.800,0,0,0.0,0.0,1
79.800,0,0,0.0,0.0,1
79.800,0,0,0.0,0.0,1
79.800,0,0,0.0,0.0,1
79.800,0,0,0.0,0.0,1
79.800,0,0,0.0,0.0,1
79.900,0,0,0.0,0.0,1
79.900,0,0,0.0,0.0,1
79.900,0,0,0.0,0.0,1
79.900,0,0,0.0,0.0,1
79.900,0,0,0.0,0.0,1
80.000,0,0,0.0,0.0,1
80.000,0,0,0.0,0.0,1
80.000,0,0,0.0,0.0,1
80.000,0,0,0.0,0.0,1
80.000,0,0,0.0,0.0,1
80.100,0,0,0.0,0.0,1
80.100,0,0,0.0,0.0,1
80.100,0,0,0.0,0.0,1
80.100,0,0,0.0,0.0,1
80.100,0,0,0.0,0.0,1
80.200,0,0,0.0,0.0,1
80.200,0,0,0.0,0.0,1
80.200,0,0,0.0,0.0,1
80.200,0,0,0.0,0.0,1
80.200,0,0,0.0,0.0,1
80.200,0,0,0.0,0.0,1
80.300,0,0,0.0,0.0,1
80.300,0,0,0.0,0.0,1
80.300,0,0,0.0,0.0,1
80.300,0,0,0.0,0.0,1
80.300,0,0,0.0,0.0,1
80.400,0,0,0.0,0.0,1
80.400,0,0,0.0,0.0,1
80.400,0,0,0.0,0.0,1
80.400,0,0,0.0,0.0,1
80.400,0,0,0.0,0.0,1
80.500,0,0,0.0,0.0,1
80.500,0,0,0.0,0.0,1
80.500,0,0,0.0,0.0,1
80.500,0,0,0.0,0.0,1
80.500,0,0,0.0,0.0,1
80.600,0,0,0.0,0.0,1
80.600,0,0,0.0,0.0,1
80.600,0,0,0.0,0.0,1
80.600,0,0,0.0,0.0,1
80.600,0,0,0.0,0.0,1
80.700,0,0,0.0,0.0,1
80.700,0,0,0.0,0.0,1
80.700,0,0,0.0,0.0,1
80.700,0,0,0.0,0.0,1
80.700,0,0,0.0,0.0,1
80.700,0,0,0.0,0.0,1
80.800,0,0,0.0,0.0,1
80.800,0,0,0.0,0.0,1
80.800,0,0,0.0,0.0,1
80.800,0,0,0.0,0.0,1
80.800,0,0,0.0,0.0,1
80.900,0,0,0.0,0.0,1
80.900,0,0,0.0,0.0,1
80.900,0,0,0.0,0.0,1
80.900,0,0,0.0,0.0,1
80.900,0,0,0.0,0.0,1
81.000,0,0,0.0,0.0,1
81.000,0,0,0.0,0.0,1
81.000,0,0,0.0,0.0,1
81.000,0,0,0.0,0.0,1
81.000,0,0,0.0,0.0,1
81.100,0,0,0.0,0.0,1
81.100,0,0,0.0,0.0,1
81.100,0,0,0.0,0.0,1
81.100,0,0,0.0,0.0,1
81.100,0,0,0.0,0.0,1
81.200,0,0,0.0,0.0,1
81.200,0,0,0.0,0.0,1
81.200,0,0,0.0,0.0,1
81.200,0,0,0.0,0.0,1
81.200,0,0,0.0,0.0,1
81.200,0,0,0.0,0.0,1
81.300,0,0,0.0,0.0,1
81.300,0,0,0.0,0.0,1
81.300,0,0,0.0,0.0,1
81.300,0,0,0.0,0.0,1
81.300,0,0,0.0,0.0,1
81.400,0,0,0.0,0.0,1
81.400,0,0,0.0,0.0,1
81.400,0,0,0.0,0.0,1
81.400,0,0,0.0,0.0,1
81.400,0,0,0.0,0.0,1
81.500,0,0,0.0,0.0,1
81.500,0,0,0.0,0.0,1
81.500,0,0,0.0,0.0,1
81.500,0,0,0.0,0.0,1
81.500,0,0,0.0,0.0,1
81.600,0,0,0.0,0.0,1
81.600,0,0,0.0,0.0,1
81.600,0,0,0.0,0.0,1
81.600,0,0,0.0,0.0,1
81.600,0,0,0.0,0.0,1
81.600,0,0,0.0,0.0,1
81.700,0,0,0.0,0.0,1
81.700,0,0,0.0,0.0,1
81.700,0,0,0.0,0.0,1
81.700,0,0,0.0,0.0,1
81.700,0,0,0.0,0.0,1
81.800,0,0,0.0,0.0,1
81.800,0,0,0.0,0.0,1
81.800,0,0,0.0,0.0,1
81.800,0,0,0.0,0.0,1
81.800,0,0,0.0,0.0,1
81.900,0,0,0.0,0.0,1
81.900,0,0,0.0,0.0,1
81.900,0,0,0.0,0.0,1
81.900,0,0,0.0,0.0,1
81.900,0,0,0.0,0.0,1
82.000,0,0,0.0,0.0,1
82.000,0,0,0.0,0.0,1
82.000,0,0,0.0,0.0,1
82.000,0,0,0.0,0.0,1
82.000,0,0,0.0,0.0,1
82.100,0,0,0.0,0.0,1
82.100,0,0,0.0,0.0,1
82.100,0,0,0.0,0.0,1
82.100,0,0,0.0,0.0,1
82.100,0,0,0.0,0.0,1
82.100,0,0,0.0,0.0,1
82.200,0,0,0.0,0.0,1
82.200,0,0,0.0,0.0,1
82.200,0,0,0.0,0.0,1
82.200,0,0,0.0,0.0,1
82.200,0,0,0.0,0.0,1
82.300,0,0,0.0,0.0,1
82.300,0,0,0.0,0.0,1
82.300,0,0,0.0,0.0,1
82.300,0,0,0.0,0.0,1
82.300,0,0,0.0,0.0,1
82.400,0,0,0.0,0.0,1
82.400,0,0,0.0,0.0,1
82.400,0,0,0.0,0.0,1
82.400,0,0,0.0,0.0,1
82.400,0,0,0.0,0.0,1
82.500,0,0,0.0,0.0,1
82.500,0,0,0.0,0.0,1
82.500,0,0,0.0,0.0,1
82.500,0,0,0.0,0.0,1
82.500,0,0,0.0,0.0,1
82.500,0,0,0.0,0.0,1
82.600,0,0,0.0,0.0,1
82.600,0,0,0.0,0.0,1
82.600,0,0,0.0,0.0,1
82.600,0,0,0.0,0.0,1
82.600,0,0,0.0,0.0,1
82.700,0,0,0.0,0.0,1
82.700,0,0,0.0,0.0,1
82.700,0,0,0.0,0.0,1
82.700,0,0,0.0,0.0,1
82.700,0,0,0.0,0.0,1
82.800,0,0,0.0,0.0,1
82.800,0,0,0.0,0.0,1
82.800,0,0,0.0,0.0,1
82.800,0,0,0.0,0.0,1
82.800,0,0,0.0,0.0,1
82.900,0,0,0.0,0.0,1
82.900,0,0,0.0,0.0,1
82.900,0,0,0.0,0.0,1
82.900,0,0,0.0,0.0,1
82.900,0,0,0.0,0.0,1
83.000,0,0,0.0,0.0,1
83.000,0,0,0.0,0.0,1
83.000,0,0,0.0,0.0,1
83.000,0,0,0.0,0.0,1
83.000,0,0,0.0,0.0,1
83.000,0,0,0.0,0.0,1
83.100,0,0,0.0,0.0,1
83.100,0,0,0.0,0.0,1
83.100,0,0,0.0,0.0,1
83.100,0,0,0.0,0.0,1
83.100,0,0,0.0,0.0,1
83.200,0,0,0.0,0.0,1
83.200,0,0,0.0,0.0,1
83.200,0,0,0.0,0.0,1
83.200,0,0,0.0,0.0,1
83.200,0,0,0.0,0.0,1
83.300,0,0,0.0,0.0,1
83.300,0,0,0.0,0.0,1
83.300,0,0,0.0,0.0,1
83.300,0,0,0.0,0.0,1
83.300,0,0,0.0,0.0,1
83.400,0,0,0.0,0.0,1
83.400,0,0,0.0,0.0,1
83.400,0,0,0.0,0.0,1
83.400,0,0,0.0,0.0,1
83.400,0,0,0.0,0.0,1
83.500,0,0,0.0,0.0,1
83.500,0,0,0.0,0.0,1
83.500,0,0,0.0,0.0,1
83.500,0,0,0.0,0.0,1
83.500,0,0,0.0,0.0,1
83.500,0,0,0.0,0.0,1
83.600,0,0,0.0,0.0,1
83.600,0,0,0.0,0.0,1
83.600,0,0,0.0,0.0,1
83.600,0,0,0.0,0.0,1
83.600,0,0,0.0,0.0,1
83.700,0,0,0.0,0.0,1
83.700,0,0,0.0,0.0,1
83.700,0,0,0.0,0.0,1
83.700,0,0,0.0,0.0,1
83.700,0,0,0.0,0.0,1
83.800,0,0,0.0,0.0,1
83.800,0,0,0.0,0.0,1
83.800,0,0,0.0,0.0,1
83.800,0,0,0.0,0.0,1
83.800,0,0,0.0,0.0,1
83.900,0,0,0.0,0.0,1
83.900,0,0,0.0,0.0,1
83.900,0,0,0.0,0.0,1
83.900,0,0,0.0,0.0,1
83.900,0,0,0.0,0.0,1
83.900,0,0,0.0,0.0,1
84.000,0,0,0.0,0.0,1
84.000,0,0,0.0,0.0,1
84.000,0,0,0.0,0.0,1
84.000,0,0,0.0,0.0,1
84.000,0,0,0.0,0.0,1
84.100,0,0,0.0,0.0,1
84.100,0,0,0.0,0.0,1
84.100,0,0,0.0,0.0,1
84.100,0,0,0.0,0.0,1
84.100,0,0,0.0,0.0,1
84.200,0,0,0.0,0.0,1
84.200,0,0,0.0,0.0,1
84.200,0,0,0.0,0.0,1
84.200,0,0,0.0,0.0,1
84.200,0,0,0.0,0.0,1
84.300,0,0,0.0,0.0,1
84.300,0,0,0.0,0.0,1
84.300,0,0,0.0,0.0,1
84.300,0,0,0.0,0.0,1
84.300,0,0,0.0,0.0,1
84.400,0,0,0.0,0.0,1
84.400,0,0,0.0,0.0,1
84.400,0,0,0.0,0.0,1
84.400,0,0,0.0,0.0,1
84.400,0,0,0.0,0.0,1
84.400,0,0,0.0,0.0,1
84.500,0,0,0.0,0.0,1
84.500,0,0,0.0,0.0,1
84.500,0,0,0.0,0.0,1
84.500,0,0,0.0,0.0,1
84.500,0,0,0.0,0.0,1
84.600,0,0,0.0,0.0,1
84.600,0,0,0.0,0.0,1
84.600,0,0,0.0,0.0,1
84.600,0,0,0.0,0.0,1
84.600,0,0,0.0,0.0,1
84.700,0,0,0.0,0.0,1
84.700,0,0,0.0,0.0,1
84.700,0,0,0.0,0.0,1
84.700,0,0,0.0,0.0,1
84.700,0,0,0.0,0.0,1
84.800,0,0,0.0,0.0,1
84.800,0,0,0.0,0.0,1
84.800,0,0,0.0,0.0,1
84.800,0,0,0.0,0.0,1
84.800,0,0,0.0,0.0,1
84.800,0,0,0.0,0.0,1
84.900,0,0,0.0,0.0,1
84.900,0,0,0.0,0.0,1
84.900,0,0,0.0,0.0,1
84.900,0,0,0.0,0.0,1
84.900,0,0,0.0,0.0,1
85.000,0,0,0.0,0.0,1
85.000,0,0,0.0,0.0,1
85.000,0,0,0.0,0.0,1
85.000,0,0,0.0,0.0,1
85.000,0,0,0.0,0.0,1
85.100,0,0,0.0,0.0,1
85.100,0,0,0.0,0.0,1
85.100,0,0,0.0,0.0,1
85.100,0,0,0.0,0.0,1
85.100,0,0,0.0,0.0,1
85.200,0,0,0.0,0.0,1
85.200,0,0,0.0,0.0,1
85.200,0,0,0.0,0.0,1
85.200,0,0,0.0,0.0,1
85.200,0,0,0.0,0.0,1
85.300,0,0,0.0,0.0,1
85.300,0,0,0.0,0.0,1
85.300,0,0,0.0,0.0,1
85.300,0,0,0.0,0.0,1
85.300,0,0,0.0,0.0,1
85.300,0,0,0.0,0.0,1
85.400,0,0,0.0,0.0,1
85.400,0,0,0.0,0.0,1
85.400,0,0,0.0,0.0,1
85.400,0,0,0.0,0.0,1
85.400,0,0,0.0,0.0,1
85.500,0,0,0.0,0.0,1
85.500,0,0,0.0,0.0,1
85.500,0,0,0.0,0.0,1
85.500,0,0,0.0,0.0,1
85.500,0,0,0.0,0.0,1
85.600,0,0,0.0,0.0,1
85.600,0,0,0.0,0.0,1
85.600,0,0,0.0,0.0,1
85.600,0,0,0.0,0.0,1
85.600,0,0,0.0,0.0,1
85.700,0,0,0.0,0.0,1
85.700,0,0,0.0,0.0,1
85.700,0,0,0.0,0.0,1
85.700,0,0,0.0,0.0,1
85.700,0,0,0.0,0.0,1
85.800,0,0,0.0,0.0,1
85.800,0,0,0.0,0.0,1
85.800,0,0,0.0,0.0,1
85.800,0,0,0.0,0.0,1
85.800,0,0,0.0,0.0,1
85.800,0,0,0.0,0.0,1
85.900,0,0,0.0,0.0,1
85.900,0,0,0.0,0.0,1
85.900,0,0,0.0,0.0,1
85.900,0,0,0.0,0.0,1
85.900,0,0,0.0,0.0,1
86.000,0,0,0.0,0.0,1
86.000,0,0,0.0,0.0,1
86.000,0,0,0.0,0.0,1
86.000,0,0,0.0,0.0,1
86.000,0,0,0.0,0.0,1
86.100,0,0,0.0,0.0,1
86.100,0,0,0.0,0.0,1
86.100,0,0,0.0,0.0,1
86.100,0,0,0.0,0.0,1
86.100,0,0,0.0,0.0,1
86.200,0,0,0.0,0.0,1
86.200,0,0,0.0,0.0,1
86.200,0,0,0.0,0.0,1
86.200,0,0,0.0,0.0,1
86.200,0,0,0.0,0.0,1
86.200,0,0,0.0,0.0,1
86.300,0,0,0.0,0.0,1
86.300,0,0,0.0,0.0,1
86.300,0,0,0.0,0.0,1
86.300,0,0,0.0,0.0,1
86.300,0,0,0.0,0.0,1
86.400,0,0,0.0,0.0,1
86.400,0,0,0.0,0.0,1
86.400,0,0,0.0,0.0,1
86.400,0,0,0.0,0.0,1
86.400,0,0,0.0,0.0,1
86.500,0,0,0.0,0.0,1
86.500,0,0,0.0,0.0,1
86.500,0,0,0.0,0.0,1
86.500,0,0,0.0,0.0,1
86.500,0,0,0.0,0.0,1
86.600,0,0,0.0,0.0,1
86.600,0,0,0.0,0.0,1
86.600,0,0,0.0,0.0,1
86.600,0,0,0.0,0.0,1
86.600,0,0,0.0,0.0,1
86.700,0,0,0.0,0.0,1
86.700,0,0,0.0,0.0,1
86.700,0,0,0.0,0.0,1
86.700,0,0,0.0,0.0,1
86.700,0,0,0.0,0.0,1
86.700,0,0,0.0,0.0,1
86.800,0,0,0.0,0.0,1
86.800,0,0,0.0,0.0,1
86.800,0,0,0.0,0.0,1
86.800,0,0,0.0,0.0,1
86.800,0,0,0.0,0.0,1
86.900,0,0,0.0,0.0,1
86.900,0,0,0.0,0.0,1
86.900,0,0,0.0,0.0,1
86.900,0,0,0.0,0.0,1
86.900,0,0,0.0,0.0,1
87.000,0,0,0.0,0.0,1
87.000,0,0,0.0,0.0,1
87.000,0,0,0.0,0.0,1
87.000,0,0,0.0,0.0,1
87.000,0,0,0.0,0.0,1
87.100,0,0,0.0,0.0,1
87.100,0,0,0.0,0.0,1
87.100,0,0,0.0,0.0,1
87.100,0,0,0.0,0.0,1
87.100,0,0,0.0,0.0,1
87.100,0,0,0.0,0.0,1
87.200,0,0,0.0,0.0,1
87.200,0,0,0.0,0.0,1
87.200,0,0,0.0,0.0,1
87.200,0,0,0.0,0.0,1
87.200,0,0,0.0,0.0,1
87.300,0,0,0.0,0.0,1
87.300,0,0,0.0,0.0,1
87.300,0,0,0.0,0.0,1
87.300,0,0,0.0,0.0,1
87.300,0,0,0.0,0.0,1
87.400,0,0,0.0,0.0,1
87.400,0,0,0.0,0.0,1
87.400,0,0,0.0,0.0,1
87.400,0,0,0.0,0.0,1
87.400,0,0,0.0,0.0,1
87.500,0,0,0.0,0.0,1
87.500,0,0,0.0,0.0,1
87.500,0,0,0.0,0.0,1
87.500,0,0,0.0,0.0,1
87.500,0,0,0.0,0.0,1
87.600,0,0,0.0,0.0,1
87.600,0,0,0.0,0.0,1
87.600,0,0,0.0,0.0,1
87.600,0,0,0.0,0.0,1
87.600,0,0,0.0,0.0,1
87.600,0,0,0.0,0.0,1
87.700,0,0,0.0,0.0,1
87.700,0,0,0.0,0.0,1
87.700,0,0,0.0,0.0,1
87.700,0,0,0.0,0.0,1
87.700,0,0,0.0,0.0,1
87.800,0,0,0.0,0.0,1
87.800,0,0,0.0,0.0,1
87.800,0,0,0.0,0.0,1
87.800,0,0,0.0,0.0,1
87.800,0,0,0.0,0.0,1
87.900,0,0,0.0,0.0,1
87.900,0,0,0.0,0.0,1
87.900,0,0,0.0,0.0,1
87.900,0,0,0.0,0.0,1
87.900,0,0,0.0,0.0,1
88.000,0,0,0.0,0.0,1
88.000,0,0,0.0,0.0,1
88.000,0,0,0.0,0.0,1
88.000,0,0,0.0,0.0,1
88.000,0,0,0.0,0.0,1
88.100,0,0,0.0,0.0,1
88.100,0,0,0.0,0.0,1
88.100,0,0,0.0,0.0,1
88.100,0,0,0.0,0.0,1
88.100,0,0,0.0,0.0,1
88.100,0,0,0.0,0.0,1
88.200,0,0,0.0,0.0,1
88.200,0,0,0.0,0.0,1
88.200,0,0,0.0,0.0,1
88.200,0,0,0.0,0.0,1
88.200,0,0,0.0,0.0,1
88.300,0,0,0.0,0.0,1
88.300,0,0,0.0,0.0,1
88.300,0,0,0.0,0.0,1
88.300,0,0,0.0,0.0,1
88.300,0,0,0.0,0.0,1
88.400,0,0,0.0,0.0,1
88.400,0,0,0.0,0.0,1
88.400,0,0,0.0,0.0,1
88.400,0,0,0.0,0.0,1
88.400,0,0,0.0,0.0,1
88.500,0,0,0.0,0.0,1
88.500,0,0,0.0,0.0,1
88.500,0,0,0.0,0.0,1
88.500,0,0,0.0,0.0,1
88.500,0,0,0.0,0.0,1
88.500,0,0,0.0,0.0,1
88.600,0,0,0.0,0.0,1
88.600,0,0,0.0,0.0,1
88.600,0,0,0.0,0.0,1
88.600,0,0,0.0,0.0,1
88.600,0,0,0.0,0.0,1
88.700,0,0,0.0,0.0,1
88.700,0,0,0.0,0.0,1
88.700,0,0,0.0,0.0,1
88.700,0,0,0.0,0.0,1
88.700,0,0,0.0,0.0,1
88.800,0,0,0.0,0.0,1
88.800,0,0,0.0,0.0,1
88.800,0,0,0.0,0.0,1
88.800,0,0,0.0,0.0,1
88.800,0,0,0.0,0.0,1
88.900,0,0,0.0,0.0,1
88.900,0,0,0.0,0.0,1
88.900,0,0,0.0,0.0,1
88.900,0,0,0.0,0.0,1
88.900,0,0,0.0,0.0,1
89.000,0,0,0.0,0.0,1
89.000,0,0,0.0,0.0,1
89.000,0,0,0.0,0.0,1
89.000,0,0,0.0,0.0,1
89.000,0,0,0.0,0.0,1
89.000,0,0,0.0,0.0,1
89.100,0,0,0.0,0.0,1
89.100,0,0,0.0,0.0,1
89.100,0,0,0.0,0.0,1
89.100,0,0,0.0,0.0,1
89.100,0,0,0.0,0.0,1
89.200,0,0,0.0,0.0,1
89.200,0,0,0.0,0.0,1
89.200,0,0,0.0,0.0,1
89.200,0,0,0.0,0.0,1
89.200,0,0,0.0,0.0,1
89.300,0,0,0.0,0.0,1
89.300,0,0,0.0,0.0,1
89.300,0,0,0.0,0.0,1
89.300,0,0,0.0,0.0,1
89.300,0,0,0.0,0.0,1
89.400,0,0,0.0,0.0,1
89.400,0,0,0.0,0.0,1
89.400,0,0,0.0,0.0,1
89.400,0,0,0.0,0.0,1
89.400,0,0,0.0,0.0,1
89.400,0,0,0.0,0.0,1
89.500,0,0,0.0,0.0,1
89.500,0,0,0.0,0.0,1
89.500,0,0,0.0,0.0,1
89.500,0,0,0.0,0.0,1
89.500,0,0,0.0,0.0,1
89.600,0,0,0.0,0.0,1
89.600,0,0,0.0,0.0,1
89.600,0,0,0.0,0.0,1
89.600,0,0,0.0,0.0,1
89.600,0,0,0.0,0.0,1
89.700,0,0,0.0,0.0,1
89.700,0,0,0.0,0.0,1
89.700,0,0,0.0,0.0,1
89.700,0,0,0.0,0.0,1
89.700,0,0,0.0,0.0,1
89.800,0,0,0.0,0.0,1
89.800,0,0,0.0,0.0,1
89.800,0,0,0.0,0.0,1
89.800,0,0,0.0,0.0,1
89.800,0,0,0.0,0.0,1
89.900,0,0,0.0,0.0,1
89.900,0,0,0.0,0.0,1
89.900,0,0,0.0,0.0,1
89.900,0,0,0.0,0.0,1
89.900,0,0,0.0,0.0,1
89.900,0,0,0.0,0.0,1
90.000,0,0,0.0,0.0,1
90.000,0,0,0.0,0.0,1
90.000,0,0,0.0,0.0,1
90.000,0,0,0.0,0.0,1
90.000,0,0,0.0,0.0,1
90.100,0,0,0.0,0.0,1
90.100,0,0,0.0,0.0,1
90.100,0,0,0.0,0.0,1
90.100,0,0,0.0,0.0,1
90.100,0,0,0.0,0.0,1
90.200,0,0,0.0,0.0,1
90.200,0,0,0.0,0.0,1
90.200,0,0,0.0,0.0,1
90.200,0,0,0.0,0.0,1
90.200,0,0,0.0,0.0,1
90.300,0,0,0.0,0.0,1
90.300,0,0,0.0,0.0,1
90.300,0,0,0.0,0.0,1
90.300,0,0,0.0,0.0,1
90.300,0,0,0.0,0.0,1
90.400,0,0,0.0,0.0,1
90.400,0,0,0.0,0.0,1
90.400,0,0,0.0,0.0,1
90.400,0,0,0.0,0.0,1
90.400,0,0,0.0,0.0,1
90.400,0,0,0.0,0.0,1
90.500,0,0,0.0,0.0,1
90.500,0,0,0.0,0.0,1
90.500,0,0,0.0,0.0,1
90.500,0,0,0.0,0.0,1
90.500,0,0,0.0,0.0,1
90.600,0,0,0.0,0.0,1
90.600,0,0,0.0,0.0,1
90.600,0,0,0.0,0.0,1
90.600,0,0,0.0,0.0,1
90.600,0,0,0.0,0.0,1
90.700,0,0,0.0,0.0,1
90.700,0,0,0.0,0.0,1
90.700,0,0,0.0,0.0,1
90.700,0,0,0.0,0.0,1
90.700,0,0,0.0,0.0,1
90.800,0,0,0.0,0.0,1
90.800,0,0,0.0,0.0,1
90.800,0,0,0.0,0.0,1
90.800,0,0,0.0,0.0,1
90.800,0,0,0.0,0.0,1
90.800,0,0,0.0,0.0,1
90.900,0,0,0.0,0.0,1
90.900,0,0,0.0,0.0,1
90.900,0,0,0.0,0.0,1
90.900,0,0,0.0,0.0,1
90.900,0,0,0.0,0.0,1
91.000,0,0,0.0,0.0,1
91.000,0,0,0.0,0.0,1
91.000,0,0,0.0,0.0,1
91.000,0,0,0.0,0.0,1
91.000,0,0,0.0,0.0,1
91.100,0,0,0.0,0.0,1
91.100,0,0,0.0,0.0,1
91.100,0,0,0.0,0.0,1
91.100,0,0,0.0,0.0,1
91.100,0,0,0.0,0.0,1
91.200,0,0,0.0,0.0,1
91.200,0,0,0.0,0.0,1
91.200,0,0,0.0,0.0,1
91.200,0,0,0.0,0.0,1
91.200,0,0,0.0,0.0,1
91.300,0,0,0.0,0.0,1
91.300,0,0,0.0,0.0,1
91.300,0,0,0.0,0.0,1
91.300,0,0,0.0,0.0,1
91.300,0,0,0.0,0.0,1
91.300,0,0,0.0,0.0,1
91.400,0,0,0.0,0.0,1
91.400,0,0,0.0,0.0,1
91.400,0,0,0.0,0.0,1
91.400,0,0,0.0,0.0,1
91.400,0,0,0.0,0.0,1
91.500,0,0,0.0,0.0,1
91.500,0,0,0.0,0.0,1
91.500,0,0,0.0,0.0,1
91.500,0,0,0.0,0.0,1
91.500,0,0,0.0,0.0,1
91.600,0,0,0.0,0.0,1
91.600,0,0,0.0,0.0,1
91.600,0,0,0.0,0.0,1
91.600,0,0,0.0,0.0,1
91.600,0,0,0.0,0.0,1
91.700,0,0,0.0,0.0,1
91.700,0,0,0.0,0.0,1
91.700,0,0,0.0,0.0,1
91.700,0,0,0.0,0.0,1
91.700,0,0,0.0,0.0,1
91.700,0,0,0.0,0.0,1
91.800,0,0,0.0,0.0,1
91.800,0,0,0.0,0.0,1
91.800,0,0,0.0,0.0,1
91.800,0,0,0.0,0.0,1
91.800,0,0,0.0,0.0,1
91.900,0,0,0.0,0.0,1
91.900,0,0,0.0,0.0,1
91.900,0,0,0.0,0.0,1
91.900,0,0,0.0,0.0,1
91.900,0,0,0.0,0.0,1
92.000,0,0,0.0,0.0,1
92.000,0,0,0.0,0.0,1
92.000,0,0,0.0,0.0,1
92.000,0,0,0.0,0.0,1
92.000,0,0,0.0,0.0,1
92.100,0,0,0.0,0.0,1
92.100,0,0,0.0,0.0,1
92.100,0,0,0.0,0.0,1
92.100,0,0,0.0,0.0,1
92.100,0,0,0.0,0.0,1
92.200,0,0,0.0,0.0,1
92.200,0,0,0.0,0.0,1
92.200,0,0,0.0,0.0,1
92.200,0,0,0.0,0.0,1
92.200,0,0,0.0,0.0,1
92.200,0,0,0.0,0.0,1
92.300,0,0,0.0,0.0,1
92.300,0,0,0.0,0.0,1
92.300,0,0,0.0,0.0,1
92.300,0,0,0.0,0.0,1
92.300,0,0,0.0,0.0,1
92.400,0,0,0.0,0.0,1
92.400,0,0,0.0,0.0,1
92.400,0,0,0.0,0.0,1
92.400,0,0,0.0,0.0,1
92.400,0,0,0.0,0.0,1
92.500,0,0,0.0,0.0,1
92.500,0,0,0.0,0.0,1
92.500,0,0,0.0,0.0,1
92.500,0,0,0.0,0.0,1
92.500,0,0,0.0,0.0,1
92.600,0,0,0.0,0.0,1
92.600,0,0,0.0,0.0,1
92.600,0,0,0.0,0.0,1
92.600,0,0,0.0,0.0,1
92.600,0,0,0.0,0.0,1
92.700,0,0,0.0,0.0,1
92.700,0,0,0.0,0.0,1
92.700,0,0,0.0,0.0,1
92.700,0,0,0.0,0.0,1
92.700,0,0,0.0,0.0,1
92.800,0,0,0.0,0.0,1
92.800,0,0,0.0,0.0,1
92.800,0,0,0.0,0.0,1
92.800,0,0,0.0,0.0,1
92.800,0,0,0.0,0.0,1
92.900,0,0,0.0,0.0,1
92.900,0,0,0.0,0.0,1
92.900,0,0,0.0,0.0,1
92.900,0,0,0.0,0.0,1
92.900,0,0,0.0,0.0,1
92.900,0,0,0.0,0.0,1
93.000,0,0,0.0,0.0,1
93.000,0,0,0.0,0.0,1
93.000,0,0,0.0,0.0,1
93.000,0,0,0.0,0.0,1
93.000,0,0,0.0,0.0,1
93.100,0,0,0.0,0.0,1
93.100,0,0,0.0,0.0,1
93.100,0,0,0.0,0.0,1
93.100,0,0,0.0,0.0,1
93.100,0,0,0.0,0.0,1
93.200,0,0,0.0,0.0,1
93.200,0,0,0.0,0.0,1
93.200,0,0,0.0,0.0,1
93.200,0,0,0.0,0.0,1
93.200,0,0,0.0,0.0,1
93.300,0,0,0.0,0.0,1
93.300,0,0,0.0,0.0,1
93.300,0,0,0.0,0.0,1
93.300,0,0,0.0,0.0,1
93.300,0,0,0.0,0.0,1
93.300,0,0,0.0,0.0,1
93.400,0,0,0.0,0.0,1
93.400,0,0,0.0,0.0,1
93.400,0,0,0.0,0.0,1
93.400,0,0,0.0,0.0,1
93.400,0,0,0.0,0.0,1
93.500,0,0,0.0,0.0,1
93.500,0,0,0.0,0.0,1
93.500,0,0,0.0,0.0,1
93.500,0,0,0.0,0.0,1
93.500,0,0,0.0,0.0,1
93.600,0,0,0.0,0.0,1
93.600,0,0,0.0,0.0,1
93.600,0,0,0.0,0.0,1
93.600,0,0,0.0,0.0,1
93.600,0,0,0.0,0.0,1
93.700,0,0,0.0,0.0,1
93.700,0,0,0.0,0.0,1
93.700,0,0,0.0,0.0,1
93.700,0,0,0.0,0.0,1
93.700,0,0,0.0,0.0,1
93.800,0,0,0.0,0.0,1
93.800,0,0,0.0,0.0,1
93.800,0,0,0.0,0.0,1
93.800,0,0,0.0,0.0,1
93.800,0,0,0.0,0.0,1
93.800,0,0,0.0,0.0,1
93.900,0,0,0.0,0.0,1
93.900,0,0,0.0,0.0,1
93.900,0,0,0.0,0.0,1
93.900,0,0,0.0,0.0,1
93.900,0,0,0.0,0.0,1
94.000,0,0,0.0,0.0,1
94.000,0,0,0.0,0.0,1
94.000,0,0,0.0,0.0,1
94.000,0,0,0.0,0.0,1
94.000,0,0,0.0,0.0,1
94.100,0,0,0.0,0.0,1
94.100,0,0,0.0,0.0,1
94.100,0,0,0.0,0.0,1
94.100,0,0,0.0,0.0,1
94.100,0,0,0.0,0.0,1
94.200,0,0,0.0,0.0,1
94.200,0,0,0.0,0.0,1
94.200,0,0,0.0,0.0,1
94.200,0,0,0.0,0.0,1
94.200,0,0,0.0,0.0,1
94.300,0,0,0.0,0.0,1
94.300,0,0,0.0,0.0,1
94.300,0,0,0.0,0.0,1
94.300,0,0,0.0,0.0,1
94.300,0,0,0.0,0.0,1
94.300,0,0,0.0,0.0,1
94.400,0,0,0.0,0.0,1
94.400,0,0,0.0,0.0,1
94.400,0,0,0.0,0.0,1
94.400,0,0,0.0,0.0,1
94.400,0,0,0.0,0.0,1
94.500,0,0,0.0,0.0,1
94.500,0,0,0.0,0.0,1
94.500,0,0,0.0,0.0,1
94.500,0,0,0.0,0.0,1
94.500,0,0,0.0,0.0,1
94.600,0,0,0.0,0.0,1
94.600,0,0,0.0,0.0,1
94.600,0,0,0.0,0.0,1
94.600,0,0,0.0,0.0,1
94.600,0,0,0.0,0.0,1
94.700,0,0,0.0,0.0,1
94.700,0,0,0.0,0.0,1
94.700,0,0,0.0,0.0,1
94.700,0,0,0.0,0.0,1
94.700,0,0,0.0,0.0,1
94.700,0,0,0.0,0.0,1
94.800,0,0,0.0,0.0,1
94.800,0,0,0.0,0.0,1
94.800,0,0,0.0,0.0,1
94.800,0,0,0.0,0.0,1
94.800,0,0,0.0,0.0,1
94.900,0,0,0.0,0.0,1
94.900,0,0,0.0,0.0,1
94.900,0,0,0.0,0.0,1
94.900,0,0,0.0,0.0,1
94.900,0,0,0.0,0.0,1
95.000,0,0,0.0,0.0,1
95.000,0,0,0.0,0.0,1
95.000,0,0,0.0,0.0,1
95.000,0,0,0.0,0.0,1
95.000,0,0,0.0,0.0,1
95.100,0,0,0.0,0.0,1
95.100,0,0,0.0,0.0,1
95.100,0,0,0.0,0.0,1
95.100,0,0,0.0,0.0,1
95.100,0,0,0.0,0.0,1
95.200,0,0,0.0,0.0,1
95.200,0,0,0.0,0.0,1
95.200,0,0,0.0,0.0,1
95.200,0,0,0.0,0.0,1
95.200,0,0,0.0,0.0,1
95.200,0,0,0.0,0.0,1
95.300,0,0,0.0,0.0,1
95.300,0,0,0.0,0.0,1
95.300,0,0,0.0,0.0,1
95.300,0,0,0.0,0.0,1
95.300,0,0,0.0,0.0,1
95.400,0,0,0.0,0.0,1
95.400,0,0,0.0,0.0,1
95.400,0,0,0.0,0.0,1
95.400,0,0,0.0,0.0,1
95.400,0,0,0.0,0.0,1
95.500,0,0,0.0,0.0,1
95.500,0,0,0.0,0.0,1
95.500,0,0,0.0,0.0,1
95.500,0,0,0.0,0.0,1
95.500,0,0,0.0,0.0,1
95.600,0,0,0.0,0.0,1
95.600,0,0,0.0,0.0,1
95.600,0,0,0.0,0.0,1
95.600,0,0,0.0,0.0,1
95.600,0,0,0.0,0.0,1
95.600,0,0,0.0,0.0,1
95.700,0,0,0.0,0.0,1
95.700,0,0,0.0,0.0,1
95.700,0,0,0.0,0.0,1
95.700,0,0,0.0,0.0,1
95.700,0,0,0.0,0.0,1
95.800,0,0,0.0,0.0,1
95.800,0,0,0.0,0.0,1
95.800,0,0,0.0,0.0,1
95.800,0,0,0.0,0.0,1
95.800,0,0,0.0,0.0,1
95.900,0,0,0.0,0.0,1
95.900,0,0,0.0,0.0,1
95.900,0,0,0.0,0.0,1
95.900,0,0,0.0,0.0,1
95.900,0,0,0.0,0.0,1
96.000,0,0,0.0,0.0,1
96.000,0,0,0.0,0.0,1
96.000,0,0,0.0,0.0,1
96.000,0,0,0.0,0.0,1
96.000,0,0,0.0,0.0,1
96.100,0,0,0.0,0.0,1
96.100,0,0,0.0,0.0,1
96.100,0,0,0.0,0.0,1
96.100,0,0,0.0,0.0,1
96.100,0,0,0.0,0.0,1
96.100,0,0,0.0,0.0,1
96.200,0,0,0.0,0.0,1
96.200,0,0,0.0,0.0,1
96.200,0,0,0.0,0.0,1
96.200,0,0,0.0,0.0,1
96.200,0,0,0.0,0.0,1
96.300,0,0,0.0,0.0,1
96.300,0,0,0.0,0.0,1
96.300,0,0,0.0,0.0,1
96.300,0,0,0.0,0.0,1
96.300,0,0,0.0,0.0,1
96.400,0,0,0.0,0.0,1
96.400,0,0,0.0,0.0,1
96.400,0,0,0.0,0.0,1
96.400,0,0,0.0,0.0,1
96.400,0,0,0.0,0.0,1
96.500,0,0,0.0,0.0,1
96.500,0,0,0.0,0.0,1
96.500,0,0,0.0,0.0,1
96.500,0,0,0.0,0.0,1
96.500,0,0,0.0,0.0,1
96.600,0,0,0.0,0.0,1
96.600,0,0,0.0,0.0,1
96.600,0,0,0.0,0.0,1
96.600,0,0,0.0,0.0,1
96.600,0,0,0.0,0.0,1
96.600,0,0,0.0,0.0,1
96.700,0,0,0.0,0.0,1
96.700,0,0,0.0,0.0,1
96.700,0,0,0.0,0.0,1
96.700,0,0,0.0,0.0,1
96.700,0,0,0.0,0.0,1
96.800,0,0,0.0,0.0,1
96.800,0,0,0.0,0.0,1
96.800,0,0,0.0,0.0,1
96.800,0,0,0.0,0.0,1
96.800,0,0,0.0,0.0,1
96.900,0,0,0.0,0.0,1
96.900,0,0,0.0,0.0,1
96.900,0,0,0.0,0.0,1
96.900,0,0,0.0,0.0,1
96.900,0,0,0.0,0.0,1
97.000,0,0,0.0,0.0,1
97.000,0,0,0.0,0.0,1
97.000,0,0,0.0,0.0,1
97.000,0,0,0.0,0.0,1
97.000,0,0,0.0,0.0,1
97.000,0,0,0.0,0.0,1
97.100,0,0,0.0,0.0,1
97.100,0,0,0.0,0.0,1
97.100,0,0,0.0,0.0,1
97.100,0,0,0.0,0.0,1
97.100,0,0,0.0,0.0,1
97.200,0,0,0.0,0.0,1
97.200,0,0,0.0,0.0,1
97.200,0,0,0.0,0.0,1
97.200,0,0,0.0,0.0,1
97.200,0,0,0.0,0.0,1
97.300,0,0,0.0,0.0,1
97.300,0,0,0.0,0.0,1
97.300,0,0,0.0,0.0,1
97.300,0,0,0.0,0.0,1
97.300,0,0,0.0,0.0,1
97.400,0,0,0.0,0.0,1
97.400,0,0,0.0,0.0,1
97.400,0,0,0.0,0.0,1
97.400,0,0,0.0,0.0,1
97.400,0,0,0.0,0.0,1
97.500,0,0,0.0,0.0,1
97.500,0,0,0.0,0.0,1
97.500,0,0,0.0,0.0,1
97.500,0,0,0.0,0.0,1
97.500,0,0,0.0,0.0,1
97.500,0,0,0.0,0.0,1
97.600,0,0,0.0,0.0,1
97.600,0,0,0.0,0.0,1
97.600,0,0,0.0,0.0,1
97.600,0,0,0.0,0.0,1
97.600,0,0,0.0,0.0,1
97.700,0,0,0.0,0.0,1
97.700,0,0,0.0,0.0,1
97.700,0,0,0.0,0.0,1
97.700,0,0,0.0,0.0,1
97.700,0,0,0.0,0.0,1
97.800,0,0,0.0,0.0,1
97.800,0,0,0.0,0.0,1
97.800,0,0,0.0,0.0,1
97.800,0,0,0.0,0.0,1
97.800,0,0,0.0,0.0,1
97.900,0,0,0.0,0.0,1
97.900,0,0,0.0,0.0,1
97.900,0,0,0.0,0.0,1
97.900,0,0,0.0,0.0,1
97.900,0,0,0.0,0.0,1
97.900,0,0,0.0,0.0,1
98.000,0,0,0.0,0.0,1
98.000,0,0,0.0,0.0,1
98.000,0,0,0.0,0.0,1
98.000,0,0,0.0,0.0,1
98.000,0,0,0.0,0.0,1
98.100,0,0,0.0,0.0,1
98.100,0,0,0.0,0.0,1
98.100,0,0,0.0,0.0,1
98.100,0,0,0.0,0.0,1
98.100,0,0,0.0,0.0,1
98.200,0,0,0.0,0.0,1
98.200,0,0,0.0,0.0,1
98.200,0,0,0.0,0.0,1
98.200,0,0,0.0,0.0,1
98.200,0,0,0.0,0.0,1
98.300,0,0,0.0,0.0,1
98.300,0,0,0.0,0.0,1
98.300,0,0,0.0,0.0,1
98.300,0,0,0.0,0.0,1
98.300,0,0,0.0,0.0,1
98.400,0,0,0.0,0.0,1
98.400,0,0,0.0,0.0,1
98.400,0,0,0.0,0.0,1
98.400,0,0,0.0,0.0,1
98.400,0,0,0.0,0.0,1
98.400,0,0,0.0,0.0,1
98.500,0,0,0.0,0.0,1
98.500,0,0,0.0,0.0,1
98.500,0,0,0.0,0.0,1
98.500,0,0,0.0,0.0,1
98.500,0,0,0.0,0.0,1
98.600,0,0,0.0,0.0,1
98.600,0,0,0.0,0.0,1
98.600,0,0,0.0,0.0,1
98.600,0,0,0.0,0.0,1
98.600,0,0,0.0,0.0,1
98.700,0,0,0.0,0.0,1
98.700,0,0,0.0,0.0,1
98.700,0,0,0.0,0.0,1
98.700,0,0,0.0,0.0,1
98.700,0,0,0.0,0.0,1
98.800,0,0,0.0,0.0,1
98.800,0,0,0.0,0.0,1
98.800,0,0,0.0,0.0,1
98.800,0,0,0.0,0.0,1
98.800,0,0,0.0,0.0,1
98.900,0,0,0.0,0.0,1
98.900,0,0,0.0,0.0,1
98.900,0,0,0.0,0.0,1
98.900,0,0,0.0,0.0,1
98.900,0,0,0.0,0.0,1
98.900,0,0,0.0,0.0,1
99.000,0,0,0.0,0.0,1
99.000,0,0,0.0,0.0,1
99.000,0,0,0.0,0.0,1
99.000,0,0,0.0,0.0,1
99.000,0,0,0.0,0.0,1
99.100,0,0,0.0,0.0,1
99.100,0,0,0.0,0.0,1
99.100,0,0,0.0,0.0,1
99.100,0,0,0.0,0.0,1
99.100,0,0,0.0,0.0,1
99.200,0,0,0.0,0.0,1
99.200,0,0,0.0,0.0,1
99.200,0,0,0.0,0.0,1
99.200,0,0,0.0,0.0,1
99.200,0,0,0.0,0.0,1
99.300,0,0,0.0,0.0,1
99.300,0,0,0.0,0.0,1
99.300,0,0,0.0,0.0,1
99.300,0,0,0.0,0.0,1
99.300,0,0,0.0,0.0,1
99.300,0,0,0.0,0.0,1
99.400,0,0,0.0,0.0,1
99.400,0,0,0.0,0.0,1
99.400,0,0,0.0,0.0,1
99.400,0,0,0.0,0.0,1
99.400,0,0,0.0,0.0,1
99.500,0,0,0.0,0.0,1
99.500,0,0,0.0,0.0,1
99.500,0,0,0.0,0.0,1
99.500,0,0,0.0,0.0,1
99.500,0,0,0.0,0.0,1
99.600,0,0,0.0,0.0,1
99.600,0,0,0.0,0.0,1
99.600,0,0,0.0,0.0,1
99.600,0,0,0.0,0.0,1
99.600,0,0,0.0,0.0,1
99.700,0,0,0.0,0.0,1
99.700,0,0,0.0,0.0,1
99.700,0,0,0.0,0.0,1
99.700,0,0,0.0,0.0,1
99.700,0,0,0.0,0.0,1
99.800,0,0,0.0,0.0,1
99.800,0,0,0.0,0.0,1
99.800,0,0,0.0,0.0,1
99.800,0,0,0.0,0.0,1
99.800,0,0,0.0,0.0,1
99.800,0,0,0.0,0.0,1
99.900,0,0,0.0,0.0,1
99.900,0,0,0.0,0.0,1
99.900,0,0,0.0,0.0,1
99.900,0,0,0.0,0.0,1
99.900,0,0,0.0,0.0,1
100.000,0,0,0.0,0.0,1
100.000,0,0,0.0,0.0,1
100.000,0,0,0.0,0.0,1
100.000,0,0,0.0,0.0,1
100.000,0,0,0.0,0.0,1
100.100,0,0,0.0,0.0,1
100.100,0,0,0.0,0.0,1
100.100,0,0,0.0,0.0,1
100.100,0,0,0.0,0.0,1
100.100,0,0,0.0,0.0,1
100.200,0,0,0.0,0.0,1
100.200,0,0,0.0,0.0,1
100.200,0,0,0.0,0.0,1
100.200,0,0,0.0,0.0,1
100.200,0,0,0.0,0.0,1
100.200,0,0,0.0,0.0,1
100.300,0,0,0.0,0.0,1
100.300,0,0,0.0,0.0,1
100.300,0,0,0.0,0.0,1
100.300,0,0,0.0,0.0,1
100.300,0,0,0.0,0.0,1
100.400,0,0,0.0,0.0,1
100.400,0,0,0.0,0.0,1
100.400,0,0,0.0,0.0,1
100.400,0,0,0.0,0.0,1
100.400,0,0,0.0,0.0,1
100.500,0,0,0.0,0.0,1
100.500,0,0,0.0,0.0,1
100.500,0,0,0.0,0.0,1
100.500,0,0,0.0,0.0,1
100.500,0,0,0.0,0.0,1
100.600,0,0,0.0,0.0,1
100.600,0,0,0.0,0.0,1
100.600,0,0,0.0,0.0,1
100.600,0,0,0.0,0.0,1
100.600,0,0,0.0,0.0,1
100.700,0,0,0.0,0.0,1
100.700,0,0,0.0,0.0,1
100.700,0,0,0.0,0.0,1
100.700,0,0,0.0,0.0,1
100.700,0,0,0.0,0.0,1
100.700,0,0,0.0,0.0,1
100.800,0,0,0.0,0.0,1
100.800,0,0,0.0,0.0,1
100.800,0,0,0.0,0.0,1
100.800,0,0,0.0,0.0,1
100.800,0,0,0.0,0.0,1
100.900,0,0,0.0,0.0,1
100.900,0,0,0.0,0.0,1
100.900,0,0,0.0,0.0,1
100.900,0,0,0.0,0.0,1
100.900,0,0,0.0,0.0,1
101.000,0,0,0.0,0.0,1
101.000,0,0,0.0,0.0,1
101.000,0,0,0.0,0.0,1
101.000,0,0,0.0,0.0,1
101.000,0,0,0.0,0.0,1
101.100,0,0,0.0,0.0,1
101.100,0,0,0.0,0.0,1
101.100,0,0,0.0,0.0,1
101.100,0,0,0.0,0.0,1
101.100,0,0,0.0,0.0,1
101.200,0,0,0.0,0.0,1
101.200,0,0,0.0,0.0,1
101.200,0,0,0.0,0.0,1
101.200,0,0,0.0,0.0,1
101.200,0,0,0.0,0.0,1
101.200,0,0,0.0,0.0,1
101.300,0,0,0.0,0.0,1
101.300,0,0,0.0,0.0,1
101.300,0,0,0.0,0.0,1
101.300,0,0,0.0,0.0,1
101.300,0,0,0.0,0.0,1
101.400,0,0,0.0,0.0,1
101.400,0,0,0.0,0.0,1
101.400,0,0,0.0,0.0,1
101.400,0,0,0.0,0.0,1
101.400,0,0,0.0,0.0,1
101.500,0,0,0.0,0.0,1
101.500,0,0,0.0,0.0,1
101.500,0,0,0.0,0.0,1
101.500,0,0,0.0,0.0,1
101.500,0,0,0.0,0.0,1
101.600,0,0,0.0,0.0,1
101.600,0,0,0.0,0.0,1
101.600,0,0,0.0,0.0,1
101.600,0,0,0.0,0.0,1
101.600,0,0,0.0,0.0,1
101.600,0,0,0.0,0.0,1
101.700,0,0,0.0,0.0,1
101.700,0,0,0.0,0.0,1
101.700,0,0,0.0,0.0,1
101.700,0,0,0.0,0.0,1
101.700,0,0,0.0,0.0,1
101.800,0,0,0.0,0.0,1
101.800,0,0,0.0,0.0,1
101.800,0,0,0.0,0.0,1
101.800,0,0,0.0,0.0,1
101.800,0,0,0.0,0.0,1
101.900,0,0,0.0,0.0,1
101.900,0,0,0.0,0.0,1
101.900,0,0,0.0,0.0,1
101.900,0,0,0.0,0.0,1
101.900,0,0,0.0,0.0,1
102.000,0,0,0.0,0.0,1
102.000,0,0,0.0,0.0,1
102.000,0,0,0.0,0.0,1
102.000,0,0,0.0,0.0,1
102.000,0,0,0.0,0.0,1
102.100,0,0,0.0,0.0,1
102.100,0,0,0.0,0.0,1
102.100,0,0,0.0,0.0,1
102.100,0,0,0.0,0.0,1
102.100,0,0,0.0,0.0,1
102.100,0,0,0.0,0.0,1
102.200,0,0,0.0,0.0,1
102.200,0,0,0.0,0.0,1
102.200,0,0,0.0,0.0,1
102.200,0,0,0.0,0.0,1
102.200,0,0,0.0,0.0,1
102.300,0,0,0.0,0.0,1
102.300,0,0,0.0,0.0,1
102.300,0,0,0.0,0.0,1
102.300,0,0,0.0,0.0,1
102.300,0,0,0.0,0.0,1
102.400,0,0,0.0,0.0,1
102.400,0,0,0.0,0.0,1
102.400,0,0,0.0,0.0,1
102.400,0,0,0.0,0.0,1
102.400,0,0,0.0,0.0,1
102.500,0,0,0.0,0.0,1
102.500,0,0,0.0,0.0,1
102.500,0,0,0.0,0.0,1
102.500,0,0,0.0,0.0,1
102.500,0,0,0.0,0.0,1
102.500,0,0,0.0,0.0,1
102.600,0,0,0.0,0.0,1
102.600,0,0,0.0,0.0,1
102.600,0,0,0.0,0.0,1
102.600,0,0,0.0,0.0,1
102.600,0,0,0.0,0.0,1
102.700,0,0,0.0,0.0,1
102.700,0,0,0.0,0.0,1
102.700,0,0,0.0,0.0,1
102.700,0,0,0.0,0.0,1
102.700,0,0,0.0,0.0,1
102.800,0,0,0.0,0.0,1
102.800,0,0,0.0,0.0,1
102.800,0,0,0.0,0.0,1
102.800,0,0,0.0,0.0,1
102.800,0,0,0.0,0.0,1
102.900,0,0,0.0,0.0,1
102.900,0,0,0.0,0.0,1
102.900,0,0,0.0,0.0,1
102.900,0,0,0.0,0.0,1
102.900,0,0,0.0,0.0,1
103.000,0,0,0.0,0.0,1
103.000,0,0,0.0,0.0,1
103.000,0,0,0.0,0.0,1
103.000,0,0,0.0,0.0,1
103.000,0,0,0.0,0.0,1
103.000,0,0,0.0,0.0,1
103.100,0,0,0.0,0.0,1
103.100,0,0,0.0,0.0,1
103.100,0,0,0.0,0.0,1
103.100,0,0,0.0,0.0,1
103.100,0,0,0.0,0.0,1
103.200,0,0,0.0,0.0,1
103.200,0,0,0.0,0.0,1
103.200,0,0,0.0,0.0,1
103.200,0,0,0.0,0.0,1
103.200,0,0,0.0,0.0,1
103.300,0,0,0.0,0.0,1
103.300,0,0,0.0,0.0,1
103.300,0,0,0.0,0.0,1
103.300,0,0,0.0,0.0,1
103.300,0,0,0.0,0.0,1
103.400,0,0,0.0,0.0,1
103.400,0,0,0.0,0.0,1
103.400,0,0,0.0,0.0,1
103.400,0,0,0.0,0.0,1
103.400,0,0,0.0,0.0,1
103.400,0,0,0.0,0.0,1
103.500,0,0,0.0,0.0,1
103.500,0,0,0.0,0.0,1
103.500,0,0,0.0,0.0,1
103.500,0,0,0.0,0.0,1
103.500,0,0,0.0,0.0,1
103.600,0,0,0.0,0.0,1
103.600,0,0,0.0,0.0,1
103.600,0,0,0.0,0.0,1
103.600,0,0,0.0,0.0,1
103.600,0,0,0.0,0.0,1
103.700,0,0,0.0,0.0,1
103.700,0,0,0.0,0.0,1
103.700,0,0,0.0,0.0,1
103.700,0,0,0.0,0.0,1
103.700,0,0,0.0,0.0,1
103.800,0,0,0.0,0.0,1
103.800,0,0,0.0,0.0,1
103.800,0,0,0.0,0.0,1
103.800,0,0,0.0,0.0,1
103.800,0,0,0.0,0.0,1
103.900,0,0,0.0,0.0,1
103.900,0,0,0.0,0.0,1
103.900,0,0,0.0,0.0,1
103.900,0,0,0.0,0.0,1
103.900,0,0,0.0,0.0,1
103.900,0,0,0.0,0.0,1
104.000,0,0,0.0,0.0,1
104.000,0,0,0.0,0.0,1
104.000,0,0,0.0,0.0,1
104.000,0,0,0.0,0.0,1
104.000,0,0,0.0,0.0,1
104.100,0,0,0.0,0.0,1
104.100,0,0,0.0,0.0,1
104.100,0,0,0.0,0.0,1
104.100,0,0,0.0,0.0,1
104.100,0,0,0.0,0.0,1
104.200,0,0,0.0,0.0,1
104.200,0,0,0.0,0.0,1
104.200,0,0,0.0,0.0,1
104.200,0,0,0.0,0.0,1
104.200,0,0,0.0,0.0,1
104.300,0,0,0.0,0.0,1
104.300,0,0,0.0,0.0,1
104.300,0,0,0.0,0.0,1
104.300,0,0,0.0,0.0,1
104.300,0,0,0.0,0.0,1
104.300,0,0,0.0,0.0,1
104.400,0,0,0.0,0.0,1
104.400,0,0,0.0,0.0,1
104.400,0,0,0.0,0.0,1
104.400,0,0,0.0,0.0,1
104.400,0,0,0.0,0.0,1
104.500,0,0,0.0,0.0,1
104.500,0,0,0.0,0.0,1
104.500,0,0,0.0,0.0,1
104.500,0,0,0.0,0.0,1
104.500,0,0,0.0,0.0,1
104.600,0,0,0.0,0.0,1
104.600,0,0,0.0,0.0,1
104.600,0,0,0.0,0.0,1
104.600,0,0,0.0,0.0,1
104.600,0,0,0.0,0.0,1
104.700,0,0,0.0,0.0,1
104.700,0,0,0.0,0.0,1
104.700,0,0,0.0,0.0,1
104.700,0,0,0.0,0.0,1
104.700,0,0,0.0,0.0,1
104.800,0,0,0.0,0.0,1
104.800,0,0,0.0,0.0,1
104.800,0,0,0.0,0.0,1
104.800,0,0,0.0,0.0,1
104.800,0,0,0.0,0.0,1
104.800,0,0,0.0,0.0,1
104.900,0,0,0.0,0.0,1
104.900,0,0,0.0,0.0,1
104.900,0,0,0.0,0.0,1
104.900,0,0,0.0,0.0,1
104.900,0,0,0.0,0.0,1
105.000,0,0,0.0,0.0,1
105.000,0,0,0.0,0.0,1
105.000,0,0,0.0,0.0,1
105.000,0,0,0.0,0.0,1
105.000,0,0,0.0,0.0,1
105.100,0,0,0.0,0.0,1
105.100,0,0,0.0,0.0,1
105.100,0,0,0.0,0.0,1
105.100,0,0,0.0,0.0,1
105.100,0,0,0.0,0.0,1
105.200,0,0,0.0,0.0,1
105.200,0,0,0.0,0.0,1
105.200,0,0,0.0,0.0,1
105.200,0,0,0.0,0.0,1
105.200,0,0,0.0,0.0,1
105.300,0,0,0.0,0.0,1
105.300,0,0,0.0,0.0,1
105.300,0,0,0.0,0.0,1
105.300,0,0,0.0,0.0,1
105.300,0,0,0.0,0.0,1
105.300,0,0,0.0,0.0,1
105.400,0,0,0.0,0.0,1
105.400,0,0,0.0,0.0,1
105.400,0,0,0.0,0.0,1
105.400,0,0,0.0,0.0,1
105.400,0,0,0.0,0.0,1
105.500,0,0,0.0,0.0,1
105.500,0,0,0.0,0.0,1
105.500,0,0,0.0,0.0,1
105.500,0,0,0.0,0.0,1
105.500,0,0,0.0,0.0,1
105.600,0,0,0.0,0.0,1
105.600,0,0,0.0,0.0,1
105.600,0,0,0.0,0.0,1
105.600,0,0,0.0,0.0,1
105.600,0,0,0.0,0.0,1
105.700,0,0,0.0,0.0,1
105.700,0,0,0.0,0.0,1
105.700,0,0,0.0,0.0,1
105.700,0,0,0.0,0.0,1
105.700,0,0,0.0,0.0,1
105.700,0,0,0.0,0.0,1
105.800,0,0,0.0,0.0,1
105.800,0,0,0.0,0.0,1
105.800,0,0,0.0,0.0,1
105.800,0,0,0.0,0.0,1
105.800,0,0,0.0,0.0,1
105.900,0,0,0.0,0.0,1
105.900,0,0,0.0,0.0,1
105.900,0,0,0.0,0.0,1
105.900,0,0,0.0,0.0,1
105.900,0,0,0.0,0.0,1
106.000,0,0,0.0,0.0,1
106.000,0,0,0.0,0.0,1
106.000,0,0,0.0,0.0,1
106.000,0,0,0.0,0.0,1
106.000,0,0,0.0,0.0,1
106.100,0,0,0.0,0.0,1
106.100,0,0,0.0,0.0,1
106.100,0,0,0.0,0.0,1
106.100,0,0,0.0,0.0,1
106.100,0,0,0.0,0.0,1
106.200,0,0,0.0,0.0,1
106.200,0,0,0.0,0.0,1
106.200,0,0,0.0,0.0,1
106.200,0,0,0.0,0.0,1
106.200,0,0,0.0,0.0,1
106.200,0,0,0.0,0.0,1
106.300,0,0,0.0,0.0,1
106.300,0,0,0.0,0.0,1
106.300,0,0,0.0,0.0,1
106.300,0,0,0.0,0.0,1
106.300,0,0,0.0,0.0,1
106.400,0,0,0.0,0.0,1
106.400,0,0,0.0,0.0,1
106.400,0,0,0.0,0.0,1
106.400,0,0,0.0,0.0,1
106.400,0,0,0.0,0.0,1
106.500,0,0,0.0,0.0,1
106.500,0,0,0.0,0.0,1
106.500,0,0,0.0,0.0,1
106.500,0,0,0.0,0.0,1
106.500,0,0,0.0,0.0,1
106.600,0,0,0.0,0.0,1
106.600,0,0,0.0,0.0,1
106.600,0,0,0.0,0.0,1
106.600,0,0,0.0,0.0,1
106.600,0,0,0.0,0.0,1
106.600,0,0,0.0,0.0,1
106.700,0,0,0.0,0.0,1
106.700,0,0,0.0,0.0,1
106.700,0,0,0.0,0.0,1
106.700,0,0,0.0,0.0,1
106.700,0,0,0.0,0.0,1
106.800,0,0,0.0,0.0,1
106.800,0,0,0.0,0.0,1
106.800,0,0,0.0,0.0,1
106.800,0,0,0.0,0.0,1
106.800,0,0,0.0,0.0,1
106.900,0,0,0.0,0.0,1
106.900,0,0,0.0,0.0,1
106.900,0,0,0.0,0.0,1
106.900,0,0,0.0,0.0,1
106.900,0,0,0.0,0.0,1
107.000,0,0,0.0,0.0,1
107.000,0,0,0.0,0.0,1
107.000,0,0,0.0,0.0,1
107.000,0,0,0.0,0.0,1
107.000,0,0,0.0,0.0,1
107.100,0,0,0.0,0.0,1
107.100,0,0,0.0,0.0,1
107.100,0,0,0.0,0.0,1
107.100,0,0,0.0,0.0,1
107.100,0,0,0.0,0.0,1
107.100,0,0,0.0,0.0,1
107.200,0,0,0.0,0.0,1
107.200,0,0,0.0,0.0,1
107.200,0,0,0.0,0.0,1
107.200,0,0,0.0,0.0,1
107.200,0,0,0.0,0.0,1
107.300,0,0,0.0,0.0,1
107.300,0,0,0.0,0.0,1
107.300,0,0,0.0,0.0,1
107.300,0,0,0.0,0.0,1
107.300,0,0,0.0,0.0,1
107.400,0,0,0.0,0.0,1
107.400,0,0,0.0,0.0,1
107.400,0,0,0.0,0.0,1
107.400,0,0,0.0,0.0,1
107.400,0,0,0.0,0.0,1
107.500,0,0,0.0,0.0,1
107.500,0,0,0.0,0.0,1
107.500,0,0,0.0,0.0,1
107.500,0,0,0.0,0.0,1
107.500,0,0,0.0,0.0,1
107.600,0,0,0.0,0.0,1
107.600,0,0,0.0,0.0,1
107.600,0,0,0.0,0.0,1
107.600,0,0,0.0,0.0,1
107.600,0,0,0.0,0.0,1
107.600,0,0,0.0,0.0,1
107.700,0,0,0.0,0.0,1
107.700,0,0,0.0,0.0,1
107.700,0,0,0.0,0.0,1
107.700,0,0,0.0,0.0,1
107.700,0,0,0.0,0.0,1
107.800,0,0,0.0,0.0,1
107.800,0,0,0.0,0.0,1
107.800,0,0,0.0,0.0,1
107.800,0,0,0.0,0.0,1
107.800,0,0,0.0,0.0,1
107.900,0,0,0.0,0.0,1
107.900,0,0,0.0,0.0,1
107.900,0,0,0.0,0.0,1
107.900,0,0,0.0,0.0,1
107.900,0,0,0.0,0.0,1
108.000,0,0,0.0,0.0,1
108.000,0,0,0.0,0.0,1
108.000,0,0,0.0,0.0,1
108.000,0,0,0.0,0.0,1
108.000,0,0,0.0,0.0,1
108.000,0,0,0.0,0.0,1
108.100,0,0,0.0,0.0,1
108.100,0,0,0.0,0.0,1
108.100,0,0,0.0,0.0,1
108.100,0,0,0.0,0.0,1
108.100,0,0,0.0,0.0,1
108.200,0,0,0.0,0.0,1
108.200,0,0,0.0,0.0,1
108.200,0,0,0.0,0.0,1
108.200,0,0,0.0,0.0,1
108.200,0,0,0.0,0.0,1
108.300,0,0,0.0,0.0,1
108.300,0,0,0.0,0.0,1
108.300,0,0,0.0,0.0,1
108.300,0,0,0.0,0.0,1
108.300,0,0,0.0,0.0,1
108.400,0,0,0.0,0.0,1
108.400,0,0,0.0,0.0,1
108.400,0,0,0.0,0.0,1
108.400,0,0,0.0,0.0,1
108.400,0,0,0.0,0.0,1
108.500,0,0,0.0,0.0,1
108.500,0,0,0.0,0.0,1
108.500,0,0,0.0,0.0,1
108.500,0,0,0.0,0.0,1
108.500,0,0,0.0,0.0,1
108.500,0,0,0.0,0.0,1
108.600,0,0,0.0,0.0,1
108.600,0,0,0.0,0.0,1
108.600,0,0,0.0,0.0,1
108.600,0,0,0.0,0.0,1
108.600,0,0,0.0,0.0,1
108.700,0,0,0.0,0.0,1
108.700,0,0,0.0,0.0,1
108.700,0,0,0.0,0.0,1
108.700,0,0,0.0,0.0,1
108.700,0,0,0.0,0.0,1
108.800,0,0,0.0,0.0,1
108.800,0,0,0.0,0.0,1
108.800,0,0,0.0,0.0,1
108.800,0,0,0.0,0.0,1
108.800,0,0,0.0,0.0,1
108.900,0,0,0.0,0.0,1
108.900,0,0,0.0,0.0,1
108.900,0,0,0.0,0.0,1
108.900,0,0,0.0,0.0,1
108.900,0,0,0.0,0.0,1
108.900,0,0,0.0,0.0,1
109.000,0,0,0.0,0.0,1
109.000,0,0,0.0,0.0,1
109.000,0,0,0.0,0.0,1
109.000,0,0,0.0,0.0,1
109.000,0,0,0.0,0.0,1
109.100,0,0,0.0,0.0,1
109.100,0,0,0.0,0.0,1
109.100,0,0,0.0,0.0,1
109.100,0,0,0.0,0.0,1
109.100,0,0,0.0,0.0,1
109.200,0,0,0.0,0.0,1
109.200,0,0,0.0,0.0,1
109.200,0,0,0.0,0.0,1
109.200,0,0,0.0,0.0,1
109.200,0,0,0.0,0.0,1
109.300,0,0,0.0,0.0,1
109.300,0,0,0.0,0.0,1
109.300,0,0,0.0,0.0,1
109.300,0,0,0.0,0.0,1
109.300,0,0,0.0,0.0,1
109.400,0,0,0.0,0.0,1
109.400,0,0,0.0,0.0,1
109.400,0,0,0.0,0.0,1
109.400,0,0,0.0,0.0,1
109.400,0,0,0.0,0.0,1
109.400,0,0,0.0,0.0,1
109.500,0,0,0.0,0.0,1
109.500,0,0,0.0,0.0,1
109.500,0,0,0.0,0.0,1
109.500,0,0,0.0,0.0,1
109.500,0,0,0.0,0.0,1
109.600,0,0,0.0,0.0,1
109.600,0,0,0.0,0.0,1
109.600,0,0,0.0,0.0,1
109.600,0,0,0.0,0.0,1
109.600,0,0,0.0,0.0,1
109.700,0,0,0.0,0.0,1
109.700,0,0,0.0,0.0,1
109.700,0,0,0.0,0.0,1
109.700,0,0,0.0,0.0,1
109.700,0,0,0.0,0.0,1
109.800,0,0,0.0,0.0,1
109.800,0,0,0.0,0.0,1
109.800,0,0,0.0,0.0,1
109.800,0,0,0.0,0.0,1
109.800,0,0,0.0,0.0,1
109.900,0,0,0.0,0.0,1
109.900,0,0,0.0,0.0,1
109.900,0,0,0.0,0.0,1
109.900,0,0,0.0,0.0,1
109.900,0,0,0.0,0.0,1
109.900,0,0,0.0,0.0,1
110.000,0,0,0.0,0.0,1
110.000,0,0,0.0,0.0,1
110.000,0,0,0.0,0.0,1
110.000,0,0,0.0,0.0,1
110.000,0,0,0.0,0.0,1
110.100,0,0,0.0,0.0,1
110.100,0,0,0.0,0.0,1
110.100,0,0,0.0,0.0,1
110.100,0,0,0.0,0.0,1
110.100,0,0,0.0,0.0,1
110.200,0,0,0.0,0.0,1
110.200,0,0,0.0,0.0,1
110.200,0,0,0.0,0.0,1
110.200,0,0,0.0,0.0,1
110.200,0,0,0.0,0.0,1
110.300,0,0,0.0,0.0,1
110.300,0,0,0.0,0.0,1
110.300,0,0,0.0,0.0,1
110.300,0,0,0.0,0.0,1
110.300,0,0,0.0,0.0,1
110.300,0,0,0.0,0.0,1
110.400,0,0,0.0,0.0,1
110.400,0,0,0.0,0.0,1
110.400,0,0,0.0,0.0,1
110.400,0,0,0.0,0.0,1
110.400,0,0,0.0,0.0,1
110.500,0,0,0.0,0.0,1
110.500,0,0,0.0,0.0,1
110.500,0,0,0.0,0.0,1
110.500,0,0,0.0,0.0,1
110.500,0,0,0.0,0.0,1
110.600,0,0,0.0,0.0,1
110.600,0,0,0.0,0.0,1
110.600,0,0,0.0,0.0,1
110.600,0,0,0.0,0.0,1
110.600,0,0,0.0,0.0,1
110.700,0,0,0.0,0.0,1
110.700,0,0,0.0,0.0,1
110.700,0,0,0.0,0.0,1
110.700,0,0,0.0,0.0,1
110.700,0,0,0.0,0.0,1
110.800,0,0,0.0,0.0,1
110.800,0,0,0.0,0.0,1
110.800,0,0,0.0,0.0,1
110.800,0,0,0.0,0.0,1
110.800,0,0,0.0,0.0,1
110.800,0,0,0.0,0.0,1
110.900,0,0,0.0,0.0,1
110.900,0,0,0.0,0.0,1
110.900,0,0,0.0,0.0,1
110.900,0,0,0.0,0.0,1
110.900,0,0,0.0,0.0,1
111.000,0,0,0.0,0.0,1
111.000,0,0,0.0,0.0,1
111.000,0,0,0.0,0.0,1
111.000,0,0,0.0,0.0,1
111.000,0,0,0.0,0.0,1
111.100,0,0,0.0,0.0,1
111.100,0,0,0.0,0.0,1
111.100,0,0,0.0,0.0,1
111.100,0,0,0.0,0.0,1
111.100,0,0,0.0,0.0,1
111.200,0,0,0.0,0.0,1
111.200,0,0,0.0,0.0,1
111.200,0,0,0.0,0.0,1
111.200,0,0,0.0,0.0,1
111.200,0,0,0.0,0.0,1
111.200,0,0,0.0,0.0,1
111.300,0,0,0.0,0.0,1
111.300,0,0,0.0,0.0,1
111.300,0,0,0.0,0.0,1
111.300,0,0,0.0,0.0,1
111.300,0,0,0.0,0.0,1
111.400,0,0,0.0,0.0,1
111.400,0,0,0.0,0.0,1
111.400,0,0,0.0,0.0,1
111.400,0,0,0.0,0.0,1
111.400,0,0,0.0,0.0,1
111.500,0,0,0.0,0.0,1
111.500,0,0,0.0,0.0,1
111.500,0,0,0.0,0.0,1
111.500,0,0,0.0,0.0,1
111.500,0,0,0.0,0.0,1
111.600,0,0,0.0,0.0,1
111.600,0,0,0.0,0.0,1
111.600,0,0,0.0,0.0,1
111.600,0,0,0.0,0.0,1
111.600,0,0,0.0,0.0,1
111.700,0,0,0.0,0.0,1
111.700,0,0,0.0,0.0,1
111.700,0,0,0.0,0.0,1
111.700,0,0,0.0,0.0,1
111.700,0,0,0.0,0.0,1
111.700,0,0,0.0,0.0,1
111.800,0,0,0.0,0.0,1
111.800,0,0,0.0,0.0,1
111.800,0,0,0.0,0.0,1
111.800,0,0,0.0,0.0,1
111.800,0,0,0.0,0.0,1
111.900,0,0,0.0,0.0,1
111.900,0,0,0.0,0.0,1
111.900,0,0,0.0,0.0,1
111.900,0,0,0.0,0.0,1
111.900,0,0,0.0,0.0,1
112.000,0,0,0.0,0.0,1
112.000,0,0,0.0,0.0,1
112.000,0,0,0.0,0.0,1
112.000,0,0,0.0,0.0,1
112.000,0,0,0.0,0.0,1
112.100,0,0,0.0,0.0,1
112.100,0,0,0.0,0.0,1
112.100,0,0,0.0,0.0,1
112.100,0,0,0.0,0.0,1
112.100,0,0,0.0,0.0,1
112.200,0,0,0.0,0.0,1
112.200,0,0,0.0,0.0,1
112.200,0,0,0.0,0.0,1
112.200,0,0,0.0,0.0,1
112.200,0,0,0.0,0.0,1
112.200,0,0,0.0,0.0,1
112.300,0,0,0.0,0.0,1
112.300,0,0,0.0,0.0,1
112.300,0,0,0.0,0.0,1
112.300,0,0,0.0,0.0,1
112.300,0,0,0.0,0.0,1
112.400,0,0,0.0,0.0,1
112.400,0,0,0.0,0.0,1
112.400,0,0,0.0,0.0,1
112.400,0,0,0.0,0.0,1
112.400,0,0,0.0,0.0,1
112.500,0,0,0.0,0.0,1
112.500,0,0,0.0,0.0,1
112.500,0,0,0.0,0.0,1
112.500,0,0,0.0,0.0,1
112.500,0,0,0.0,0.0,1
112.600,0,0,0.0,0.0,1
112.600,0,0,0.0,0.0,1
112.600,0,0,0.0,0.0,1
112.600,0,0,0.0,0.0,1
112.600,0,0,0.0,0.0,1
112.600,0,0,0.0,0.0,1
112.700,0,0,0.0,0.0,1
112.700,0,0,0.0,0.0,1
112.700,0,0,0.0,0.0,1
112.700,0,0,0.0,0.0,1
112.700,0,0,0.0,0.0,1
112.800,0,0,0.0,0.0,1
112.800,0,0,0.0,0.0,1
112.800,0,0,0.0,0.0,1
112.800,0,0,0.0,0.0,1
112.800,0,0,0.0,0.0,1
112.900,0,0,0.0,0.0,1
112.900,0,0,0.0,0.0,1
112.900,0,0,0.0,0.0,1
112.900,0,0,0.0,0.0,1
112.900,0,0,0.0,0.0,1
113.000,0,0,0.0,0.0,1
113.000,0,0,0.0,0.0,1
113.000,0,0,0.0,0.0,1
113.000,0,0,0.0,0.0,1
113.000,0,0,0.0,0.0,1
113.100,0,0,0.0,0.0,1
113.100,0,0,0.0,0.0,1
113.100,0,0,0.0,0.0,1
113.100,0,0,0.0,0.0,1
113.100,0,0,0.0,0.0,1
113.100,0,0,0.0,0.0,1
113.200,0,0,0.0,0.0,1
113.200,0,0,0.0,0.0,1
113.200,0,0,0.0,0.0,1
113.200,0,0,0.0,0.0,1
113.200,0,0,0.0,0.0,1
113.300,0,0,0.0,0.0,1
113.300,0,0,0.0,0.0,1
113.300,0,0,0.0,0.0,1
113.300,0,0,0.0,0.0,1
113.300,0,0,0.0,0.0,1
113.400,0,0,0.0,0.0,1
113.400,0,0,0.0,0.0,1
113.400,0,0,0.0,0.0,1
113.400,0,0,0.0,0.0,1
113.400,0,0,0.0,0.0,1
113.500,0,0,0.0,0.0,1
113.500,0,0,0.0,0.0,1
113.500,0,0,0.0,0.0,1
113.500,0,0,0.0,0.0,1
113.500,0,0,0.0,0.0,1
113.500,0,0,0.0,0.0,1
113.600,0,0,0.0,0.0,1
113.600,0,0,0.0,0.0,1
113.600,0,0,0.0,0.0,1
113.600,0,0,0.0,0.0,1
113.600,0,0,0.0,0.0,1
113.700,0,0,0.0,0.0,1
113.700,0,0,0.0,0.0,1
113.700,0,0,0.0,0.0,1
113.700,0,0,0.0,0.0,1
113.700,0,0,0.0,0.0,1
113.800,0,0,0.0,0.0,1
113.800,0,0,0.0,0.0,1
113.800,0,0,0.0,0.0,1
113.800,0,0,0.0,0.0,1
113.800,0,0,0.0,0.0,1
113.900,0,0,0.0,0.0,1
113.900,0,0,0.0,0.0,1
113.900,0,0,0.0,0.0,1
113.900,0,0,0.0,0.0,1
113.900,0,0,0.0,0.0,1
114.000,0,0,0.0,0.0,1
114.000,0,0,0.0,0.0,1
114.000,0,0,0.0,0.0,1
114.000,0,0,0.0,0.0,1
114.000,0,0,0.0,0.0,1
114.000,0,0,0.0,0.0,1
114.100,0,0,0.0,0.0,1
114.100,0,0,0.0,0.0,1
114.100,0,0,0.0,0.0,1
114.100,0,0,0.0,0.0,1
114.100,0,0,0.0,0.0,1
114.200,0,0,0.0,0.0,1
114.200,0,0,0.0,0.0,1
114.200,0,0,0.0,0.0,1
114.200,0,0,0.0,0.0,1
114.200,0,0,0.0,0.0,1
114.300,0,0,0.0,0.0,1
114.300,0,0,0.0,0.0,1
114.300,0,0,0.0,0.0,1
114.300,0,0,0.0,0.0,1
114.300,0,0,0.0,0.0,1
114.400,0,0,0.0,0.0,1
114.400,0,0,0.0,0.0,1
114.400,0,0,0.0,0.0,1
114.400,0,0,0.0,0.0,1
114.400,0,0,0.0,0.0,1
114.500,0,0,0.0,0.0,1
114.500,0,0,0.0,0.0,1
114.500,0,0,0.0,0.0,1
114.500,0,0,0.0,0.0,1
114.500,0,0,0.0,0.0,1
114.500,0,0,0.0,0.0,1
114.600,0,0,0.0,0.0,1
114.600,0,0,0.0,0.0,1
114.600,0,0,0.0,0.0,1
114.600,0,0,0.0,0.0,1
114.600,0,0,0.0,0.0,1
114.700,0,0,0.0,0.0,1
114.700,0,0,0.0,0.0,1
114.700,0,0,0.0,0.0,1
114.700,0,0,0.0,0.0,1
114.700,0,0,0.0,0.0,1
114.800,0,0,0.0,0.0,1
114.800,0,0,0.0,0.0,1
114.800,0,0,0.0,0.0,1
114.800,0,0,0.0,0.0,1
114.800,0,0,0.0,0.0,1
114.900,0,0,0.0,0.0,1
114.900,0,0,0.0,0.0,1
114.900,0,0,0.0,0.0,1
114.900,0,0,0.0,0.0,1
114.900,0,0,0.0,0.0,1
114.900,0,0,0.0,0.0,1
115.000,0,0,0.0,0.0,1
115.000,0,0,0.0,0.0,1
115.000,0,0,0.0,0.0,1
115.000,0,0,0.0,0.0,1
115.000,0,0,0.0,0.0,1
115.100,0,0,0.0,0.0,1
115.100,0,0,0.0,0.0,1
115.100,0,0,0.0,0.0,1
115.100,0,0,0.0,0.0,1
115.100,0,0,0.0,0.0,1
115.200,0,0,0.0,0.0,1
115.200,0,0,0.0,0.0,1
115.200,0,0,0.0,0.0,1
115.200,0,0,0.0,0.0,1
115.200,0,0,0.0,0.0,1
115.300,0,0,0.0,0.0,1
115.300,0,0,0.0,0.0,1
115.300,0,0,0.0,0.0,1
115.300,0,0,0.0,0.0,1
115.300,0,0,0.0,0.0,1
115.400,0,0,0.0,0.0,1
115.400,0,0,0.0,0.0,1
115.400,0,0,0.0,0.0,1
115.400,0,0,0.0,0.0,1
115.400,0,0,0.0,0.0,1
115.400,0,0,0.0,0.0,1
115.500,0,0,0.0,0.0,1
115.500,0,0,0.0,0.0,1
115.500,0,0,0.0,0.0,1
115.500,0,0,0.0,0.0,1
115.500,0,0,0.0,0.0,1
115.600,0,0,0.0,0.0,1
115.600,0,0,0.0,0.0,1
115.600,0,0,0.0,0.0,1
115.600,0,0,0.0,0.0,1
115.600,0,0,0.0,0.0,1
115.700,0,0,0.0,0.0,1
115.700,0,0,0.0,0.0,1
115.700,0,0,0.0,0.0,1
115.700,0,0,0.0,0.0,1
115.700,0,0,0.0,0.0,1
115.800,0,0,0.0,0.0,1
115.800,0,0,0.0,0.0,1
115.800,0,0,0.0,0.0,1
115.800,0,0,0.0,0.0,1
115.800,0,0,0.0,0.0,1
115.800,0,0,0.0,0.0,1
115.900,0,0,0.0,0.0,1
115.900,0,0,0.0,0.0,1
115.900,0,0,0.0,0.0,1
115.900,0,0,0.0,0.0,1
115.900,0,0,0.0,0.0,1
116.000,0,0,0.0,0.0,1
116.000,0,0,0.0,0.0,1
116.000,0,0,0.0,0.0,1
116.000,0,0,0.0,0.0,1
116.000,0,0,0.0,0.0,1
116.100,0,0,0.0,0.0,1
116.100,0,0,0.0,0.0,1
116.100,0,0,0.0,0.0,1
116.100,0,0,0.0,0.0,1
116.100,0,0,0.0,0.0,1
116.200,0,0,0.0,0.0,1
116.200,0,0,0.0,0.0,1
116.200,0,0,0.0,0.0,1
116.200,0,0,0.0,0.0,1
116.200,0,0,0.0,0.0,1
116.300,0,0,0.0,0.0,1
116.300,0,0,0.0,0.0,1
116.300,0,0,0.0,0.0,1
116.300,0,0,0.0,0.0,1
116.300,0,0,0.0,0.0,1
116.300,0,0,0.0,0.0,1
116.400,0,0,0.0,0.0,1
116.400,0,0,0.0,0.0,1
116.400,0,0,0.0,0.0,1
116.400,0,0,0.0,0.0,1
116.400,0,0,0.0,0.0,1
116.500,0,0,0.0,0.0,1
116.500,0,0,0.0,0.0,1
116.500,0,0,0.0,0.0,1
116.500,0,0,0.0,0.0,1
116.500,0,0,0.0,0.0,1
116.600,0,0,0.0,0.0,1
116.600,0,0,0.0,0.0,1
116.600,0,0,0.0,0.0,1
116.600,0,0,0.0,0.0,1
116.600,0,0,0.0,0.0,1
116.700,0,0,0.0,0.0,1
116.700,0,0,0.0,0.0,1
116.700,0,0,0.0,0.0,1
116.700,0,0,0.0,0.0,1
116.700,0,0,0.0,0.0,1
116.800,0,0,0.0,0.0,1
116.800,0,0,0.0,0.0,1
116.800,0,0,0.0,0.0,1
116.800,0,0,0.0,0.0,1
116.800,0,0,0.0,0.0,1
116.800,0,0,0.0,0.0,1
116.900,0,0,0.0,0.0,1
116.900,0,0,0.0,0.0,1
116.900,0,0,0.0,0.0,1
116.900,0,0,0.0,0.0,1
116.900,0,0,0.0,0.0,1
117.000,0,0,0.0,0.0,1
117.000,0,0,0.0,0.0,1
117.000,0,0,0.0,0.0,1
117.000,0,0,0.0,0.0,1
117.000,0,0,0.0,0.0,1
117.100,0,0,0.0,0.0,1
117.100,0,0,0.0,0.0,1
117.100,0,0,0.0,0.0,1
117.100,0,0,0.0,0.0,1
117.100,0,0,0.0,0.0,1
117.200,0,0,0.0,0.0,1
117.200,0,0,0.0,0.0,1
117.200,0,0,0.0,0.0,1
117.200,0,0,0.0,0.0,1
117.200,0,0,0.0,0.0,1
117.200,0,0,0.0,0.0,1
117.300,0,0,0.0,0.0,1
117.300,0,0,0.0,0.0,1
117.300,0,0,0.0,0.0,1
117.300,0,0,0.0,0.0,1
117.300,0,0,0.0,0.0,1
117.400,0,0,0.0,0.0,1
117.400,0,0,0.0,0.0,1
117.400,0,0,0.0,0.0,1
117.400,0,0,0.0,0.0,1
117.400,0,0,0.0,0.0,1
117.500,0,0,0.0,0.0,1
117.500,0,0,0.0,0.0,1
117.500,0,0,0.0,0.0,1
117.500,0,0,0.0,0.0,1
117.500,0,0,0.0,0.0,1
117.600,0,0,0.0,0.0,1
117.600,0,0,0.0,0.0,1
117.600,0,0,0.0,0.0,1
117.600,0,0,0.0,0.0,1
117.600,0,0,0.0,0.0,1
117.700,0,0,0.0,0.0,1
117.700,0,0,0.0,0.0,1
117.700,0,0,0.0,0.0,1
117.700,0,0,0.0,0.0,1
117.700,0,0,0.0,0.0,1
117.700,0,0,0.0,0.0,1
117.800,0,0,0.0,0.0,1
117.800,0,0,0.0,0.0,1
117.800,0,0,0.0,0.0,1
117.800,0,0,0.0,0.0,1
117.800,0,0,0.0,0.0,1
117.900,0,0,0.0,0.0,1
117.900,0,0,0.0,0.0,1
117.900,0,0,0.0,0.0,1
117.900,0,0,0.0,0.0,1
117.900,0,0,0.0,0.0,1
118.000,0,0,0.0,0.0,1
118.000,0,0,0.0,0.0,1
118.000,0,0,0.0,0.0,1
118.000,0,0,0.0,0.0,1
118.000,0,0,0.0,0.0,1
118.100,0,0,0.0,0.0,1
118.100,0,0,0.0,0.0,1
118.100,0,0,0.0,0.0,1
118.100,0,0,0.0,0.0,1
118.100,0,0,0.0,0.0,1
118.100,0,0,0.0,0.0,1
118.200,0,0,0.0,0.0,1
118.200,0,0,0.0,0.0,1
118.200,0,0,0.0,0.0,1
118.200,0,0,0.0,0.0,1
118.200,0,0,0.0,0.0,1
118.300,0,0,0.0,0.0,1
118.300,0,0,0.0,0.0,1
118.300,0,0,0.0,0.0,1
118.300,0,0,0.0,0.0,1
118.300,0,0,0.0,0.0,1
118.400,0,0,0.0,0.0,1
118.400,0,0,0.0,0.0,1
118.400,0,0,0.0,0.0,1
118.400,0,0,0.0,0.0,1
118.400,0,0,0.0,0.0,1
118.500,0,0,0.0,0.0,1
118.500,0,0,0.0,0.0,1
118.500,0,0,0.0,0.0,1
118.500,0,0,0.0,0.0,1
118.500,0,0,0.0,0.0,1
118.600,0,0,0.0,0.0,1
118.600,0,0,0.0,0.0,1
118.600,0,0,0.0,0.0,1
118.600,0,0,0.0,0.0,1
118.600,0,0,0.0,0.0,1
118.600,0,0,0.0,0.0,1
118.700,0,0,0.0,0.0,1
118.700,0,0,0.0,0.0,1
118.700,0,0,0.0,0.0,1
118.700,0,0,0.0,0.0,1
118.700,0,0,0.0,0.0,1
118.800,0,0,0.0,0.0,1
118.800,0,0,0.0,0.0,1
118.800,0,0,0.0,0.0,1
118.800,0,0,0.0,0.0,1
118.800,0,0,0.0,0.0,1
118.900,0,0,0.0,0.0,1
118.900,0,0,0.0,0.0,1
118.900,0,0,0.0,0.0,1
118.900,0,0,0.0,0.0,1
118.900,0,0,0.0,0.0,1
119.000,0,0,0.0,0.0,1
119.000,0,0,0.0,0.0,1
119.000,0,0,0.0,0.0,1
119.000,0,0,0.0,0.0,1
119.000,0,0,0.0,0.0,1
119.000,0,0,0.0,0.0,1
119.100,0,0,0.0,0.0,1
119.100,0,0,0.0,0.0,1
119.100,0,0,0.0,0.0,1
119.100,0,0,0.0,0.0,1
119.100,0,0,0.0,0.0,1
119.200,0,0,0.0,0.0,1
119.200,0,0,0.0,0.0,1
119.200,0,0,0.0,0.0,1
119.200,0,0,0.0,0.0,1
119.200,0,0,0.0,0.0,1
119.300,0,0,0.0,0.0,1
119.300,0,0,0.0,0.0,1
119.300,0,0,0.0,0.0,1
119.300,0,0,0.0,0.0,1
119.300,0,0,0.0,0.0,1
119.400,0,0,0.0,0.0,1
119.400,0,0,0.0,0.0,1
119.400,0,0,0.0,0.0,1
119.400,0,0,0.0,0.0,1
119.400,0,0,0.0,0.0,1
119.500,0,0,0.0,0.0,1
119.500,0,0,0.0,0.0,1
119.500,0,0,0.0,0.0,1
119.500,0,0,0.0,0.0,1
119.500,0,0,0.0,0.0,1
119.500,0,0,0.0,0.0,1
119.600,0,0,0.0,0.0,1
119.600,0,0,0.0,0.0,1
119.600,0,0,0.0,0.0,1
119.600,0,0,0.0,0.0,1
119.600,0,0,0.0,0.0,1
119.700,0,0,0.0,0.0,1
119.700,0,0,0.0,0.0,1
119.700,0,0,0.0,0.0,1
119.700,0,0,0.0,0.0,1
119.700,0,0,0.0,0.0,1
119.800,0,0,0.0,0.0,1
119.800,0,0,0.0,0.0,1
119.800,0,0,0.0,0.0,1
119.800,0,0,0.0,0.0,1
119.800,0,0,0.0,0.0,1
119.900,0,0,0.0,0.0,1
119.900,0,0,0.0,0.0,1
119.900,0,0,0.0,0.0,1
119.900,0,0,0.0,0.0,1
119.900,0,0,0.0,0.0,1
120.000,0,0,0.0,0.0,1
120.000,0,0,0.0,0.0,1
120.000,0,0,0.0,0.0,1
120.000,0,0,0.0,0.0,1
120.000,0,0,0.0,0.0,1
120.000,0,0,0.0,0.0,1
120.100,0,0,0.0,0.0,1
120.100,0,0,0.0,0.0,1
120.100,0,0,0.0,0.0,1
120.100,0,0,0.0,0.0,1
120.100,0,0,0.0,0.0,1
120.200,0,0,0.0,0.0,1
120.200,0,0,0.0,0.0,1
120.200,0,0,0.0,0.0,1
120.200,0,0,0.0,0.0,1
120.200,0,0,0.0,0.0,1
120.300,0,0,0.0,0.0,1
120.300,0,0,0.0,0.0,1
120.300,0,0,0.0,0.0,1
120.300,0,0,0.0,0.0,1
120.300,0,0,0.0,0.0,1
120.400,0,0,0.0,0.0,1
120.400,0,0,0.0,0.0,1
120.400,0,0,0.0,0.0,1
120.400,0,0,0.0,0.0,1
120.400,0,0,0.0,0.0,1
120.400,0,0,0.0,0.0,1
120.500,0,0,0.0,0.0,1
120.500,0,0,0.0,0.0,1
120.500,0,0,0.0,0.0,1
120.500,0,0,0.0,0.0,1
120.500,0,0,0.0,0.0,1
120.600,0,0,0.0,0.0,1
120.600,0,0,0.0,0.0,1
120.600,0,0,0.0,0.0,1
120.600,0,0,0.0,0.0,1
120.600,0,0,0.0,0.0,1
120.700,0,0,0.0,0.0,1
120.700,0,0,0.0,0.0,1
120.700,0,0,0.0,0.0,1
120.700,0,0,0.0,0.0,1
120.700,0,0,0.0,0.0,1
120.800,0,0,0.0,0.0,1
120.800,0,0,0.0,0.0,1
120.800,0,0,0.0,0.0,1
120.800,0,0,0.0,0.0,1
120.800,0,0,0.0,0.0,1
120.900,0,0,0.0,0.0,1
120.900,0,0,0.0,0.0,1
120.900,0,0,0.0,0.0,1
120.900,0,0,0.0,0.0,1
120.900,0,0,0.0,0.0,1
120.900,0,0,0.0,0.0,1
121.000,0,0,0.0,0.0,1
121.000,0,0,0.0,0.0,1
121.000,0,0,0.0,0.0,1
121.000,0,0,0.0,0.0,1
121.000,0,0,0.0,0.0,1
121.100,0,0,0.0,0.0,1
121.100,0,0,0.0,0.0,1
121.100,0,0,0.0,0.0,1
121.100,0,0,0.0,0.0,1
121.100,0,0,0.0,0.0,1
121.200,0,0,0.0,0.0,1
121.200,0,0,0.0,0.0,1
121.200,0,0,0.0,0.0,1
121.200,0,0,0.0,0.0,1
121.200,0,0,0.0,0.0,1
121.300,0,0,0.0,0.0,1
121.300,0,0,0.0,0.0,1
121.300,0,0,0.0,0.0,1
121.300,0,0,0.0,0.0,1
121.300,0,0,0.0,0.0,1
121.300,0,0,0.0,0.0,1
121.400,0,0,0.0,0.0,1
121.400,0,0,0.0,0.0,1
121.400,0,0,0.0,0.0,1
121.400,0,0,0.0,0.0,1
121.400,0,0,0.0,0.0,1
121.500,0,0,0.0,0.0,1
121.500,0,0,0.0,0.0,1
121.500,0,0,0.0,0.0,1
121.500,0,0,0.0,0.0,1
121.500,0,0,0.0,0.0,1
121.600,0,0,0.0,0.0,1
121.600,0,0,0.0,0.0,1
121.600,0,0,0.0,0.0,1
121.600,0,0,0.0,0.0,1
121.600,0,0,0.0,0.0,1
121.700,0,0,0.0,0.0,1
121.700,0,0,0.0,0.0,1
121.700,0,0,0.0,0.0,1
121.700,0,0,0.0,0.0,1
121.700,0,0,0.0,0.0,1
121.800,0,0,0.0,0.0,1
121.800,0,0,0.0,0.0,1
121.800,0,0,0.0,0.0,1
121.800,0,0,0.0,0.0,1
121.800,0,0,0.0,0.0,1
121.800,0,0,0.0,0.0,1
121.900,0,0,0.0,0.0,1
121.900,0,0,0.0,0.0,1
121.900,0,0,0.0,0.0,1
121.900,0,0,0.0,0.0,1
121.900,0,0,0.0,0.0,1
122.000,0,0,0.0,0.0,1
122.000,0,0,0.0,0.0,1
122.000,0,0,0.0,0.0,1
122.000,0,0,0.0,0.0,1
122.000,0,0,0.0,0.0,1
122.100,0,0,0.0,0.0,1
122.100,0,0,0.0,0.0,1
122.100,0,0,0.0,0.0,1
122.100,0,0,0.0,0.0,1
122.100,0,0,0.0,0.0,1
122.200,0,0,0.0,0.0,1
122.200,0,0,0.0,0.0,1
122.200,0,0,0.0,0.0,1
122.200,0,0,0.0,0.0,1
122.200,0,0,0.0,0.0,1
122.300,0,0,0.0,0.0,1
122.300,0,0,0.0,0.0,1
122.300,0,0,0.0,0.0,1
122.300,0,0,0.0,0.0,1
122.300,0,0,0.0,0.0,1
122.300,0,0,0.0,0.0,1
122.400,0,0,0.0,0.0,1
122.400,0,0,0.0,0.0,1
122.400,0,0,0.0,0.0,1
122.400,0,0,0.0,0.0,1
122.400,0,0,0.0,0.0,1
122.500,0,0,0.0,0.0,1
122.500,0,0,0.0,0.0,1
122.500,0,0,0.0,0.0,1
122.500,0,0,0.0,0.0,1
122.500,0,0,0.0,0.0,1
122.600,0,0,0.0,0.0,1
122.600,0,0,0.0,0.0,1
122.600,0,0,0.0,0.0,1
122.600,0,0,0.0,0.0,1
122.600,0,0,0.0,0.0,1
122.700,0,0,0.0,0.0,1
122.700,0,0,0.0,0.0,1
122.700,0,0,0.0,0.0,1
122.700,0,0,0.0,0.0,1
122.700,0,0,0.0,0.0,1
122.700,0,0,0.0,0.0,1
122.800,0,0,0.0,0.0,1
122.800,0,0,0.0,0.0,1
122.800,0,0,0.0,0.0,1
122.800,0,0,0.0,0.0,1
122.800,0,0,0.0,0.0,1
122.900,0,0,0.0,0.0,1
122.900,0,0,0.0,0.0,1
122.900,0,0,0.0,0.0,1
122.900,0,0,0.0,0.0,1
122.900,0,0,0.0,0.0,1
123.000,0,0,0.0,0.0,1
123.000,0,0,0.0,0.0,1
123.000,0,0,0.0,0.0,1
123.000,0,0,0.0,0.0,1
123.000,0,0,0.0,0.0,1
123.100,0,0,0.0,0.0,1
123.100,0,0,0.0,0.0,1
123.100,0,0,0.0,0.0,1
123.100,0,0,0.0,0.0,1
123.100,0,0,0.0,0.0,1
123.200,0,0,0.0,0.0,1
123.200,0,0,0.0,0.0,1
123.200,0,0,0.0,0.0,1
123.200,0,0,0.0,0.0,1
123.200,0,0,0.0,0.0,1
123.200,0,0,0.0,0.0,1
123.300,0,0,0.0,0.0,1
123.300,0,0,0.0,0.0,1
123.300,0,0,0.0,0.0,1
123.300,0,0,0.0,0.0,1
123.300,0,0,0.0,0.0,1
123.400,0,0,0.0,0.0,1
123.400,0,0,0.0,0.0,1
123.400,0,0,0.0,0.0,1
123.400,0,0,0.0,0.0,1
123.400,0,0,0.0,0.0,1
123.500,0,0,0.0,0.0,1
123.500,0,0,0.0,0.0,1
123.500,0,0,0.0,0.0,1
123.500,0,0,0.0,0.0,1
123.500,0,0,0.0,0.0,1
123.600,0,0,0.0,0.0,1
123.600,0,0,0.0,0.0,1
123.600,0,0,0.0,0.0,1
123.600,0,0,0.0,0.0,1
123.600,0,0,0.0,0.0,1
123.600,0,0,0.0,0.0,1
123.700,0,0,0.0,0.0,1
123.700,0,0,0.0,0.0,1
123.700,0,0,0.0,0.0,1
123.700,0,0,0.0,0.0,1
123.700,0,0,0.0,0.0,1
123.800,0,0,0.0,0.0,1
123.800,0,0,0.0,0.0,1
123.800,0,0,0.0,0.0,1
123.800,0,0,0.0,0.0,1
123.800,0,0,0.0,0.0,1
123.900,0,0,0.0,0.0,1
123.900,0,0,0.0,0.0,1
123.900,0,0,0.0,0.0,1
123.900,0,0,0.0,0.0,1
123.900,0,0,0.0,0.0,1
124.000,0,0,0.0,0.0,1
124.000,0,0,0.0,0.0,1
124.000,0,0,0.0,0.0,1
124.000,0,0,0.0,0.0,1
124.000,0,0,0.0,0.0,1
124.100,0,0,0.0,0.0,1
124.100,0,0,0.0,0.0,1
124.100,0,0,0.0,0.0,1
124.100,0,0,0.0,0.0,1
124.100,0,0,0.0,0.0,1
124.100,0,0,0.0,0.0,1
124.200,0,0,0.0,0.0,1
124.200,0,0,0.0,0.0,1
124.200,0,0,0.0,0.0,1
124.200,0,0,0.0,0.0,1
124.200,0,0,0.0,0.0,1
124.300,0,0,0.0,0.0,1
124.300,0,0,0.0,0.0,1
124.300,0,0,0.0,0.0,1
124.300,0,0,0.0,0.0,1
124.300,0,0,0.0,0.0,1
124.400,0,0,0.0,0.0,1
124.400,0,0,0.0,0.0,1
124.400,0,0,0.0,0.0,1
124.400,0,0,0.0,0.0,1
124.400,0,0,0.0,0.0,1
124.500,0,0,0.0,0.0,1
124.500,0,0,0.0,0.0,1
124.500,0,0,0.0,0.0,1
124.500,0,0,0.0,0.0,1
124.500,0,0,0.0,0.0,1
124.600,0,0,0.0,0.0,1
124.600,0,0,0.0,0.0,1
124.600,0,0,0.0,0.0,1
124.600,0,0,0.0,0.0,1
124.600,0,0,0.0,0.0,1
124.600,0,0,0.0,0.0,1
124.700,0,0,0.0,0.0,1
124.700,0,0,0.0,0.0,1
124.700,0,0,0.0,0.0,1
124.700,0,0,0.0,0.0,1
124.700,0,0,0.0,0.0,1
124.800,0,0,0.0,0.0,1
124.800,0,0,0.0,0.0,1
124.800,0,0,0.0,0.0,1
124.800,0,0,0.0,0.0,1
124.800,0,0,0.0,0.0,1
124.900,0,0,0.0,0.0,1
124.900,0,0,0.0,0.0,1
124.900,0,0,0.0,0.0,1
124.900,0,0,0.0,0.0,1
124.900,0,0,0.0,0.0,1
125.000,0,0,0.0,0.0,1
125.000,0,0,0.0,0.0,1
125.000,0,0,0.0,0.0,1
125.000,0,0,0.0,0.0,1
125.000,0,0,0.0,0.0,1
125.000,0,0,0.0,0.0,1
125.100,0,0,0.0,0.0,1
125.100,0,0,0.0,0.0,1
125.100,0,0,0.0,0.0,1
125.100,0,0,0.0,0.0,1
125.100,0,0,0.0,0.0,1
125.200,0,0,0.0,0.0,1
125.200,0,0,0.0,0.0,1
125.200,0,0,0.0,0.0,1
125.200,0,0,0.0,0.0,1
125.200,0,0,0.0,0.0,1
125.300,0,0,0.0,0.0,1
125.300,0,0,0.0,0.0,1
125.300,0,0,0.0,0.0,1
125.300,0,0,0.0,0.0,1
125.300,0,0,0.0,0.0,1
125.400,0,0,0.0,0.0,1
125.400,0,0,0.0,0.0,1
125.400,0,0,0.0,0.0,1
125.400,0,0,0.0,0.0,1
125.400,0,0,0.0,0.0,1
125.500,0,0,0.0,0.0,1
125.500,0,0,0.0,0.0,1
125.500,0,0,0.0,0.0,1
125.500,0,0,0.0,0.0,1
125.500,0,0,0.0,0.0,1
125.500,0,0,0.0,0.0,1
125.600,0,0,0.0,0.0,1
125.600,0,0,0.0,0.0,1
125.600,0,0,0.0,0.0,1
125.600,0,0,0.0,0.0,1
125.600,0,0,0.0,0.0,1
125.700,0,0,0.0,0.0,1
125.700,0,0,0.0,0.0,1
125.700,0,0,0.0,0.0,1
125.700,0,0,0.0,0.0,1
125.700,0,0,0.0,0.0,1
125.800,0,0,0.0,0.0,1
125.800,0,0,0.0,0.0,1
125.800,0,0,0.0,0.0,1
125.800,0,0,0.0,0.0,1
125.800,0,0,0.0,0.0,1
125.900,0,0,0.0,0.0,1
125.900,0,0,0.0,0.0,1
125.900,0,0,0.0,0.0,1
125.900,0,0,0.0,0.0,1
125.900,0,0,0.0,0.0,1
125.900,0,0,0.0,0.0,1
126.000,0,0,0.0,0.0,1
126.000,0,0,0.0,0.0,1
126.000,0,0,0.0,0.0,1
126.000,0,0,0.0,0.0,1
126.000,0,0,0.0,0.0,1
126.100,0,0,0.0,0.0,1
126.100,0,0,0.0,0.0,1
126.100,0,0,0.0,0.0,1
126.100,0,0,0.0,0.0,1
126.100,0,0,0.0,0.0,1
126.200,0,0,0.0,0.0,1
126.200,0,0,0.0,0.0,1
126.200,0,0,0.0,0.0,1
126.200,0,0,0.0,0.0,1
126.200,0,0,0.0,0.0,1
126.300,0,0,0.0,0.0,1
126.300,0,0,0.0,0.0,1
126.300,0,0,0.0,0.0,1
126.300,0,0,0.0,0.0,1
126.300,0,0,0.0,0.0,1
126.400,0,0,0.0,0.0,1
126.400,0,0,0.0,0.0,1
126.400,0,0,0.0,0.0,1
126.400,0,0,0.0,0.0,1
126.400,0,0,0.0,0.0,1
126.400,0,0,0.0,0.0,1
126.500,0,0,0.0,0.0,1
126.500,0,0,0.0,0.0,1
126.500,0,0,0.0,0.0,1
126.500,0,0,0.0,0.0,1
126.500,0,0,0.0,0.0,1
126.600,0,0,0.0,0.0,1
126.600,0,0,0.0,0.0,1
126.600,0,0,0.0,0.0,1
126.600,0,0,0.0,0.0,1
126.600,0,0,0.0,0.0,1
126.700,0,0,0.0,0.0,1
126.700,0,0,0.0,0.0,1
126.700,0,0,0.0,0.0,1
126.700,0,0,0.0,0.0,1
126.700,0,0,0.0,0.0,1
126.800,0,0,0.0,0.0,1
126.800,0,0,0.0,0.0,1
126.800,0,0,0.0,0.0,1
126.800,0,0,0.0,0.0,1
126.800,0,0,0.0,0.0,1
126.900,0,0,0.0,0.0,1
126.900,0,0,0.0,0.0,1
126.900,0,0,0.0,0.0,1
126.900,0,0,0.0,0.0,1
126.900,0,0,0.0,0.0,1
126.900,0,0,0.0,0.0,1
127.000,0,0,0.0,0.0,1
127.000,0,0,0.0,0.0,1
127.000,0,0,0.0,0.0,1
127.000,0,0,0.0,0.0,1
127.000,0,0,0.0,0.0,1
127.100,0,0,0.0,0.0,1
127.100,0,0,0.0,0.0,1
127.100,0,0,0.0,0.0,1
127.100,0,0,0.0,0.0,1
127.100,0,0,0.0,0.0,1
127.200,0,0,0.0,0.0,1
127.200,0,0,0.0,0.0,1
127.200,0,0,0.0,0.0,1
127.200,0,0,0.0,0.0,1
127.200,0,0,0.0,0.0,1
127.300,0,0,0.0,0.0,1
127.300,0,0,0.0,0.0,1
127.300,0,0,0.0,0.0,1
127.300,0,0,0.0,0.0,1
127.300,0,0,0.0,0.0,1
127.300,0,0,0.0,0.0,1
127.400,0,0,0.0,0.0,1
127.400,0,0,0.0,0.0,1
127.400,0,0,0.0,0.0,1
127.400,0,0,0.0,0.0,1
127.400,0,0,0.0,0.0,1
127.500,0,0,0.0,0.0,1
127.500,0,0,0.0,0.0,1
127.500,0,0,0.0,0.0,1
127.500,0,0,0.0,0.0,1
127.500,0,0,0.0,0.0,1
127.600,0,0,0.0,0.0,1
127.600,0,0,0.0,0.0,1
127.600,0,0,0.0,0.0,1
127.600,0,0,0.0,0.0,1
127.600,0,0,0.0,0.0,1
127.700,0,0,0.0,0.0,1
127.700,0,0,0.0,0.0,1
127.700,0,0,0.0,0.0,1
127.700,0,0,0.0,0.0,1
127.700,0,0,0.0,0.0,1
127.800,0,0,0.0,0.0,1
127.800,0,0,0.0,0.0,1
127.800,0,0,0.0,0.0,1
127.800,0,0,0.0,0.0,1
127.800,0,0,0.0,0.0,1
127.800,0,0,0.0,0.0,1
127.900,0,0,0.0,0.0,1
127.900,0,0,0.0,0.0,1
127.900,0,0,0.0,0.0,1
127.900,0,0,0.0,0.0,1
127.900,0,0,0.0,0.0,1
128.000,0,0,0.0,0.0,1
128.000,0,0,0.0,0.0,1
128.000,0,0,0.0,0.0,1
128.000,0,0,0.0,0.0,1
128.000,0,0,0.0,0.0,1
128.100,0,0,0.0,0.0,1
128.100,0,0,0.0,0.0,1
128.100,0,0,0.0,0.0,1
128.100,0,0,0.0,0.0,1
128.100,0,0,0.0,0.0,1
128.200,0,0,0.0,0.0,1
128.200,0,0,0.0,0.0,1
128.200,0,0,0.0,0.0,1
128.200,0,0,0.0,0.0,1
128.200,0,0,0.0,0.0,1
128.200,0,0,0.0,0.0,1
128.300,0,0,0.0,0.0,1
128.300,0,0,0.0,0.0,1
128.300,0,0,0.0,0.0,1
128.300,0,0,0.0,0.0,1
128.300,0,0,0.0,0.0,1
128.400,0,0,0.0,0.0,0
128.400,0,0,0.0,0.0,0
128.400,0,0,0.0,0.0,0
128.400,0,0,0.0,0.0,0
128.400,0,0,0.0,0.0,0
128.500,0,0,0.0,0.0,0
128.500,0,0,0.0,0.0,0
128.500,0,0,0.0,0.0,0
128.500,0,0,0.0,0.0,0
128.500,0,0,0.0,0.0,0
128.600,0,0,0.0,0.0,0
128.600,0,0,0.0,0.0,0
128.600,0,0,0.0,0.0,0
128.600,0,0,0.0,0.0,0
128.600,0,0,0.0,0.0,0
128.700,0,0,0.0,0.0,0
128.700,0,0,0.0,0.0,0
128.700,0,0,0.0,0.0,0
128.700,0,0,0.0,0.0,0
128.700,0,0,0.0,0.0,0
128.700,0,0,0.0,0.0,0
128.800,0,0,0.0,0.0,0
128.800,0,0,0.0,0.0,0
128.800,0,0,0.0,0.0,0
128.800,0,0,0.0,0.0,0
128.800,0,0,0.0,0.0,0
128.900,2,1,-89.0,2.0,0
128.900,2,1,-89.0,2.0,0
128.900,2,1,-89.0,2.0,0
128.900,2,1,-89.0,2.0,0
128.900,2,1,-89.0,2.0,0
129.000,2,1,-89.0,2.0,0
129.000,2,1,-89.0,2.0,0
129.000,2,1,-89.0,2.0,0
129.000,2,1,-89.0,2.0,0
129.000,2,1,-89.0,2.0,0
129.100,2,1,-89.0,2.0,0
129.100,2,1,-89.0,2.0,0
129.100,2,1,-89.0,2.0,0
129.100,2,1,-89.0,2.0,0
129.100,2,1,-89.0,2.0,0
129.200,2,1,-89.0,2.0,0
129.200,2,1,-89.0,2.0,0
129.200,2,1,-89.0,2.0,0
129.200,2,1,-89.0,2.0,0
129.200,2,1,-89.0,2.0,0
129.200,2,1,-89.0,2.0,0
129.300,2,1,-89.0,2.0,0
129.300,2,1,-89.0,2.0,0
129.300,2,1,-89.0,2.0,0
129.300,2,1,-89.0,2.0,0
129.300,2,1,-89.0,2.0,0
129.400,2,1,-89.0,2.0,0
129.400,2,1,-89.0,2.0,0
129.400,2,1,-89.0,2.0,0
129.400,2,1,-89.0,2.0,0
129.400,2,1,-89.0,2.0,0
129.500,2,1,-89.0,2.0,0
129.500,2,1,-89.0,2.0,0
129.500,2,1,-89.0,2.0,0
129.500,2,1,-89.0,2.0,0
129.500,2,1,-89.0,2.0,0
129.600,2,1,-89.0,2.0,0
129.600,2,1,-89.0,2.0,0
129.600,2,1,-89.0,2.0,0
129.600,2,1,-89.0,2.0,0
129.600,2,1,-89.0,2.0,0
129.600,2,1,-89.0,2.0,0
129.700,2,1,-89.0,2.0,0
129.700,2,1,-89.0,2.0,0
129.700,2,1,-89.0,2.0,0
129.700,2,1,-89.0,2.0,0
129.700,2,1,-89.0,2.0,0
129.800,2,1,-89.0,2.0,0
129.800,2,1,-89.0,2.0,0
129.800,2,1,-89.0,2.0,0
129.800,2,1,-89.0,2.0,0
129.800,2,1,-89.0,2.0,0
129.900,2,1,-89.0,2.0,0
129.900,2,1,-89.0,2.0,0
129.900,2,1,-89.0,2.0,0
129.900,2,1,-89.0,2.0,0
129.900,2,1,-89.0,2.0,0
130.000,2,1,-89.0,2.0,0
130.000,2,1,-89.0,2.0,0
130.000,2,1,-89.0,2.0,0
130.000,2,1,-89.0,2.0,0
130.000,2,1,-89.0,2.0,0
130.100,2,1,-89.0,2.0,0
130.100,2,1,-89.0,2.0,0
130.100,2,1,-89.0,2.0,0
130.100,2,1,-89.0,2.0,0
130.100,2,1,-89.0,2.0,0
130.100,2,1,-89.0,2.0,0
130.200,2,1,-89.0,2.0,0
130.200,2,1,-89.0,2.0,0
130.200,2,1,-89.0,2.0,0
130.200,2,1,-89.0,2.0,0
130.200,2,1,-89.0,2.0,0
130.300,2,1,-89.0,2.0,0
130.300,2,1,-89.0,2.0,0
130.300,2,1,-89.0,2.0,0
130.300,2,1,-89.0,2.0,0
130.300,2,1,-89.0,2.0,0
130.400,2,1,-89.0,2.0,0
130.400,2,1,-89.0,2.0,0
130.400,2,1,-89.0,2.0,0
130.400,2,1,-89.0,2.0,0
130.400,2,1,-89.0,2.0,0
130.500,2,1,-89.0,2.0,0
130.500,2,1,-89.0,2.0,0
130.500,2,1,-89.0,2.0,0
130.500,2,1,-89.0,2.0,0
130.500,2,1,-89.0,2.0,0
130.500,2,1,-89.0,2.0,0
130.600,2,1,-89.0,2.0,0
130.600,2,1,-89.0,2.0,0
130.600,2,1,-89.0,2.0,0
130.600,2,1,-89.0,2.0,0
130.600,2,1,-89.0,2.0,0
130.700,2,1,-89.0,2.0,0
130.700,2,1,-89.0,2.0,0
130.700,2,1,-89.0,2.0,0
130.700,2,1,-89.0,2.0,0
130.700,2,1,-89.0,2.0,0
130.800,2,1,-89.0,2.0,0
130.800,2,1,-89.0,2.0,0
130.800,2,1,-89.0,2.0,0
130.800,2,1,-89.0,2.0,0
130.800,2,1,-89.0,2.0,0
130.900,2,1,-89.0,2.0,0
130.900,2,1,-89.0,2.0,0
130.900,2,1,-89.0,2.0,0
130.900,2,1,-89.0,2.0,0
130.900,2,1,-89.0,2.0,0
131.000,2,1,-89.0,2.0,0
131.000,2,1,-89.0,2.0,0
131.000,2,1,-89.0,2.0,0
131.000,2,1,-89.0,2.0,0
131.000,2,1,-89.0,2.0,0
131.000,2,1,-89.0,2.0,0
131.100,2,1,-89.0,2.0,0
131.100,2,1,-89.0,2.0,0
131.100,2,1,-89.0,2.0,0
131.100,2,1,-89.0,2.0,0
131.100,2,1,-89.0,2.0,0
131.200,2,1,-89.0,2.0,0
131.200,2,1,-89.0,2.0,0
131.200,2,1,-89.0,2.0,0
131.200,2,1,-89.0,2.0,0
131.200,2,1,-89.0,2.0,0
131.300,2,1,-89.0,2.0,0
131.300,2,1,-89.0,2.0,0
131.300,2,1,-89.0,2.0,0
131.300,2,1,-89.0,2.0,0
131.300,2,1,-89.0,2.0,0
131.400,2,1,-89.0,2.0,0
131.400,2,1,-89.0,2.0,0
131.400,2,1,-89.0,2.0,0
131.400,2,1,-89.0,2.0,0
131.400,2,1,-89.0,2.0,0
131.500,2,1,-89.0,2.0,0
131.500,2,1,-89.0,2.0,0
131.500,2,1,-89.0,2.0,0
131.500,2,1,-89.0,2.0,0
131.500,2,1,-89.0,2.0,0
131.500,2,1,-89.0,2.0,0
131.600,2,1,-89.0,2.0,0
131.600,2,1,-89.0,2.0,0
131.600,2,1,-89.0,2.0,0
131.600,2,1,-89.0,2.0,0
131.600,2,1,-89.0,2.0,0
131.700,2,1,-89.0,2.0,0
131.700,2,1,-89.0,2.0,0
131.700,2,1,-89.0,2.0,0
131.700,2,1,-89.0,2.0,0
131.700,2,1,-89.0,2.0,0
131.800,2,1,-89.0,2.0,0
131.800,2,1,-89.0,2.0,0
131.800,2,1,-89.0,2.0,0
131.800,2,1,-89.0,2.0,0
131.800,2,1,-89.0,2.0,0
131.900,2,1,-89.0,2.0,0
131.900,2,1,-89.0,2.0,0
131.900,2,1,-89.0,2.0,0
131.900,2,1,-89.0,2.0,0
131.900,2,1,-89.0,2.0,0
131.900,2,1,-89.0,2.0,0
132.000,2,1,-89.0,2.0,0
132.000,2,1,-89.0,2.0,0
132.000,2,1,-89.0,2.0,0
132.000,2,1,-89.0,2.0,0
132.000,2,1,-89.0,2.0,0
132.100,2,1,-89.0,2.0,0
132.100,2,1,-89.0,2.0,0
132.100,2,1,-89.0,2.0,0
132.100,2,1,-89.0,2.0,0
132.100,2,1,-89.0,2.0,0
132.200,2,1,-89.0,2.0,0
132.200,2,1,-89.0,2.0,0
132.200,2,1,-89.0,2.0,0
132.200,2,1,-89.0,2.0,0
132.200,2,1,-89.0,2.0,0
132.300,2,1,-89.0,2.0,0
132.300,2,1,-89.0,2.0,0
132.300,2,1,-89.0,2.0,0
132.300,2,1,-89.0,2.0,0
132.300,2,1,-89.0,2.0,0
132.400,2,1,-89.0,2.0,0
132.400,2,1,-89.0,2.0,0
132.400,2,1,-89.0,2.0,0
132.400,2,1,-89.0,2.0,0
132.400,2,1,-89.0,2.0,0
132.400,2,1,-89.0,2.0,0
132.500,2,1,-89.0,2.0,0
132.500,2,1,-89.0,2.0,0
132.500,2,1,-89.0,2.0,0
132.500,2,1,-89.0,2.0,0
132.500,2,1,-89.0,2.0,0
132.600,2,1,-89.0,2.0,0
132.600,2,1,-89.0,2.0,0
132.600,2,1,-89.0,2.0,0
132.600,2,1,-89.0,2.0,0
132.600,2,1,-89.0,2.0,0
132.700,2,1,-89.0,2.0,0
132.700,2,1,-89.0,2.0,0
132.700,2,1,-89.0,2.0,0
132.700,2,1,-89.0,2.0,0
132.700,2,1,-89.0,2.0,0
132.800,2,1,-89.0,2.0,0
132.800,2,1,-89.0,2.0,0
132.800,2,1,-89.0,2.0,0
132.800,2,1,-89.0,2.0,0
132.800,2,1,-89.0,2.0,0
132.800,2,1,-89.0,2.0,0
132.900,2,1,-89.0,2.0,0
132.900,2,1,-89.0,2.0,0
132.900,2,1,-89.0,2.0,0
132.900,2,1,-89.0,2.0,0
132.900,2,1,-89.0,2.0,0
133.000,2,1,-89.0,2.0,0
133.000,2,1,-89.0,2.0,0
133.000,2,1,-89.0,2.0,0
133.000,2,1,-89.0,2.0,0
133.000,2,1,-89.0,2.0,0
133.100,2,1,-89.0,2.0,0
133.100,2,1,-89.0,2.0,0
133.100,2,1,-89.0,2.0,0
133.100,2,1,-89.0,2.0,0
133.100,2,1,-89.0,2.0,0
133.200,2,1,-89.0,2.0,0
133.200,2,1,-89.0,2.0,0
133.200,2,1,-89.0,2.0,0
133.200,2,1,-89.0,2.0,0
133.200,2,1,-89.0,2.0,0
133.300,2,1,-89.0,2.0,0
133.300,2,1,-89.0,2.0,0
133.300,2,1,-89.0,2.0,0
133.300,2,1,-89.0,2.0,0
133.300,2,1,-89.0,2.0,0
133.300,2,1,-89.0,2.0,0
133.400,2,1,-89.0,2.0,0
133.400,2,1,-89.0,2.0,0
133.400,2,1,-89.0,2.0,0
133.400,2,1,-89.0,2.0,0
133.400,2,1,-89.0,2.0,0
133.500,2,1,-89.0,2.0,0
133.500,2,1,-89.0,2.0,0
133.500,2,1,-89.0,2.0,0
133.500,2,1,-89.0,2.0,0
133.500,2,1,-89.0,2.0,0
133.600,2,1,-89.0,2.0,0
133.600,2,1,-89.0,2.0,0
133.600,2,1,-89.0,2.0,0
133.600,2,1,-89.0,2.0,0
133.600,2,1,-89.0,2.0,0
133.700,2,1,-89.0,2.0,0
133.700,2,1,-89.0,2.0,0
133.700,2,1,-89.0,2.0,0
133.700,2,1,-89.0,2.0,0
133.700,2,1,-89.0,2.0,0
133.800,2,1,-89.0,2.0,0
133.800,2,1,-89.0,2.0,0
133.800,2,1,-89.0,2.0,0
133.800,2,1,-89.0,2.0,0
133.800,2,1,-89.0,2.0,0
133.800,2,1,-89.0,2.0,0
133.900,2,1,-89.0,2.0,0
133.900,2,1,-89.0,2.0,0
133.900,2,1,-89.0,2.0,0
133.900,2,1,-89.0,2.0,0
133.900,2,1,-89.0,2.0,0
134.000,2,1,-89.0,2.0,0
134.000,2,1,-89.0,2.0,0
134.000,2,1,-89.0,2.0,0
134.000,2,1,-89.0,2.0,0
134.000,2,1,-89.0,2.0,0
134.100,2,1,-89.0,2.0,0
134.100,2,1,-89.0,2.0,0
134.100,2,1,-89.0,2.0,0
134.100,2,1,-89.0,2.0,0
134.100,2,1,-89.0,2.0,0
134.200,2,1,-89.0,2.0,0
134.200,2,1,-89.0,2.0,0
134.200,2,1,-89.0,2.0,0
134.200,2,1,-89.0,2.0,0
134.200,2,1,-89.0,2.0,0
134.200,2,1,-89.0,2.0,0
134.300,2,1,-89.0,2.0,0
134.300,2,1,-89.0,2.0,0
134.300,2,1,-89.0,2.0,0
134.300,2,1,-89.0,2.0,0
134.300,2,1,-89.0,2.0,0
134.400,2,1,-89.0,2.0,0
134.400,2,1,-89.0,2.0,0
134.400,2,1,-89.0,2.0,0
134.400,2,1,-89.0,2.0,0
134.400,2,1,-89.0,2.0,0
134.500,2,1,-89.0,2.0,0
134.500,2,1,-89.0,2.0,0
134.500,2,1,-89.0,2.0,0
134.500,2,1,-89.0,2.0,0
134.500,2,1,-89.0,2.0,0
134.600,2,1,-89.0,2.0,0
134.600,2,1,-89.0,2.0,0
134.600,2,1,-89.0,2.0,0
134.600,2,1,-89.0,2.0,0
134.600,2,1,-89.0,2.0,0
134.700,2,1,-89.0,2.0,0
134.700,2,1,-89.0,2.0,0
134.700,2,1,-89.0,2.0,0
134.700,2,1,-89.0,2.0,0
134.700,2,1,-89.0,2.0,0
134.700,2,1,-89.0,2.0,0
134.800,2,1,-89.0,2.0,0
134.800,2,1,-89.0,2.0,0
134.800,2,1,-89.0,2.0,0
134.800,2,1,-89.0,2.0,0
134.800,2,1,-89.0,2.0,0
134.900,2,1,-89.0,2.0,0
134.900,2,1,-89.0,2.0,0
134.900,2,1,-89.0,2.0,0
134.900,2,1,-89.0,2.0,0
134.900,2,1,-89.0,2.0,0
135.000,2,1,-89.0,2.0,0
135.000,2,1,-89.0,2.0,0
135.000,2,1,-89.0,2.0,0
135.000,2,1,-89.0,2.0,0
135.000,2,1,-89.0,2.0,0
135.100,2,1,-89.0,2.0,0
135.100,2,1,-89.0,2.0,0
135.100,2,1,-89.0,2.0,0
135.100,2,1,-89.0,2.0,0
135.100,2,1,-89.0,2.0,0
135.100,2,1,-89.0,2.0,0
135.200,2,1,-89.0,2.0,0
135.200,2,1,-89.0,2.0,0
135.200,2,1,-89.0,2.0,0
135.200,2,1,-89.0,2.0,0
135.200,2,1,-89.0,2.0,0
135.300,2,1,-89.0,2.0,0
135.300,2,1,-89.0,2.0,0
135.300,2,1,-89.0,2.0,0
135.300,2,1,-89.0,2.0,0
135.300,2,1,-89.0,2.0,0
135.400,2,1,-89.0,2.0,0
135.400,2,1,-89.0,2.0,0
135.400,2,1,-89.0,2.0,0
135.400,2,1,-89.0,2.0,0
135.400,2,1,-89.0,2.0,0
135.500,2,1,-89.0,2.0,0
135.500,2,1,-89.0,2.0,0
135.500,2,1,-89.0,2.0,0
135.500,2,1,-89.0,2.0,0
135.500,2,1,-89.0,2.0,0
135.600,2,1,-89.0,2.0,0
135.600,2,1,-89.0,2.0,0
135.600,2,1,-89.0,2.0,0
135.600,2,1,-89.0,2.0,0
135.600,2,1,-89.0,2.0,0
135.600,2,1,-89.0,2.0,0
135.700,2,1,-89.0,2.0,0
135.700,2,1,-89.0,2.0,0
135.700,2,1,-89.0,2.0,0
135.700,2,1,-89.0,2.0,0
135.700,2,1,-89.0,2.0,0
135.800,2,1,-89.0,2.0,0
135.800,2,1,-89.0,2.0,0
135.800,2,1,-89.0,2.0,0
135.800,2,1,-89.0,2.0,0
135.800,2,1,-89.0,2.0,0
135.900,2,1,-89.0,2.0,0
135.900,2,1,-89.0,2.0,0
135.900,2,1,-89.0,2.0,0
135.900,2,1,-89.0,2.0,0
135.900,2,1,-89.0,2.0,0
136.000,2,1,-89.0,2.0,0
136.000,2,1,-89.0,2.0,0
136.000,2,1,-89.0,2.0,0
136.000,2,1,-89.0,2.0,0
136.000,2,1,-89.0,2.0,0
136.100,2,1,-89.0,2.0,0
136.100,2,1,-89.0,2.0,0
136.100,2,1,-89.0,2.0,0
136.100,2,1,-89.0,2.0,0
136.100,2,1,-89.0,2.0,0
136.100,2,1,-89.0,2.0,0
136.200,2,1,-89.0,2.0,0
136.200,2,1,-89.0,2.0,0
136.200,2,1,-89.0,2.0,0
136.200,2,1,-89.0,2.0,0
136.200,2,1,-89.0,2.0,0
136.300,2,1,-89.0,2.0,0
136.300,2,1,-89.0,2.0,0
136.300,2,1,-89.0,2.0,0
136.300,2,1,-89.0,2.0,0
136.300,2,1,-89.0,2.0,0
136.400,2,1,-89.0,2.0,0
136.400,2,1,-89.0,2.0,0
136.400,2,1,-89.0,2.0,0
136.400,2,1,-89.0,2.0,0
136.400,2,1,-89.0,2.0,0
136.500,2,1,-89.0,2.0,0
136.500,2,1,-89.0,2.0,0
136.500,2,1,-89.0,2.0,0
136.500,2,1,-89.0,2.0,0
136.500,2,1,-89.0,2.0,0
136.500,2,1,-89.0,2.0,0
136.600,2,1,-89.0,2.0,0
136.600,2,1,-89.0,2.0,0
136.600,2,1,-89.0,2.0,0
136.600,2,1,-89.0,2.0,0
136.600,2,1,-89.0,2.0,0
136.700,2,1,-89.0,2.0,0
136.700,2,1,-89.0,2.0,0
136.700,2,1,-89.0,2.0,0
136.700,2,1,-89.0,2.0,0
136.700,2,1,-89.0,2.0,0
136.800,2,1,-89.0,2.0,0
136.800,2,1,-89.0,2.0,0
136.800,2,1,-89.0,2.0,0
136.800,2,1,-89.0,2.0,0
136.800,2,1,-89.0,2.0,0
136.900,2,1,-89.0,2.0,0
136.900,2,1,-89.0,2.0,0
136.900,2,1,-89.0,2.0,0
136.900,2,1,-89.0,2.0,0
136.900,2,1,-89.0,2.0,0
137.000,2,1,-89.0,2.0,0
137.000,2,1,-89.0,2.0,0
137.000,2,1,-89.0,2.0,0
137.000,2,1,-89.0,2.0,0
137.000,2,1,-89.0,2.0,0
137.000,2,1,-89.0,2.0,0
137.100,2,1,-89.0,2.0,0
137.100,2,1,-89.0,2.0,0
137.100,2,1,-89.0,2.0,0
137.100,2,1,-89.0,2.0,0
137.100,2,1,-89.0,2.0,0
137.200,2,1,-89.0,2.0,0
137.200,2,1,-89.0,2.0,0
137.200,2,1,-89.0,2.0,0
137.200,2,1,-89.0,2.0,0
137.200,2,1,-89.0,2.0,0
137.300,2,1,-89.0,2.0,0
137.300,2,1,-89.0,2.0,0
137.300,2,1,-89.0,2.0,0
137.300,2,1,-89.0,2.0,0
137.300,2,1,-89.0,2.0,0
137.400,2,1,-89.0,2.0,0
137.400,2,1,-89.0,2.0,0
137.400,2,1,-89.0,2.0,0
137.400,2,1,-89.0,2.0,0
137.400,2,1,-89.0,2.0,0
137.400,2,1,-89.0,2.0,0
137.500,2,1,-89.0,2.0,0
137.500,2,1,-89.0,2.0,0
137.500,2,1,-89.0,2.0,0
137.500,2,1,-89.0,2.0,0
137.500,2,1,-89.0,2.0,0
137.600,2,1,-89.0,2.0,0
137.600,2,1,-89.0,2.0,0
137.600,2,1,-89.0,2.0,0
137.600,2,1,-89.0,2.0,0
137.600,2,1,-89.0,2.0,0
137.700,2,1,-89.0,2.0,0
137.700,2,1,-89.0,2.0,0
137.700,2,1,-89.0,2.0,0
137.700,2,1,-89.0,2.0,0
137.700,2,1,-89.0,2.0,0
137.800,2,1,-89.0,2.0,0
137.800,2,1,-89.0,2.0,0
137.800,2,1,-89.0,2.0,0
137.800,2,1,-89.0,2.0,0
137.800,2,1,-89.0,2.0,0
137.900,2,1,-89.0,2.0,0
137.900,2,1,-89.0,2.0,0
137.900,2,1,-89.0,2.0,0
137.900,2,1,-89.0,2.0,0
137.900,2,1,-89.0,2.0,0
137.900,2,1,-89.0,2.0,0
138.000,2,1,-89.0,2.0,0
138.000,2,1,-89.0,2.0,0
138.000,2,1,-89.0,2.0,0
138.000,2,1,-89.0,2.0,0
138.000,2,1,-89.0,2.0,0
138.100,2,1,-89.0,2.0,0
138.100,2,1,-89.0,2.0,0
138.100,2,1,-89.0,2.0,0
138.100,2,1,-89.0,2.0,0
138.100,2,1,-89.0,2.0,0
138.200,2,1,-89.0,2.0,0
138.200,2,1,-89.0,2.0,0
138.200,2,1,-89.0,2.0,0
138.200,2,1,-89.0,2.0,0
138.200,2,1,-89.0,2.0,0
138.300,2,1,-89.0,2.0,0
138.300,2,1,-89.0,2.0,0
138.300,2,1,-89.0,2.0,0
138.300,2,1,-89.0,2.0,0
138.300,2,1,-89.0,2.0,0
138.400,2,1,-89.0,2.0,0
138.400,2,1,-89.0,2.0,0
138.400,2,1,-89.0,2.0,0
138.400,2,1,-89.0,2.0,0
138.400,2,1,-89.0,2.0,0
138.400,2,1,-89.0,2.0,0
138.500,0,0,0.0,0.0,0
138.500,0,0,0.0,0.0,0
138.500,0,0,0.0,0.0,0
138.500,0,0,0.0,0.0,0
138.500,0,0,0.0,0.0,0
138.600,0,0,0.0,0.0,0
138.600,0,0,0.0,0.0,0
138.600,0,0,0.0,0.0,0
138.600,0,0,0.0,0.0,0
138.600,0,0,0.0,0.0,0
138.700,0,1,0.0,5.0,0
138.700,0,1,0.0,5.0,0
138.700,0,1,0.0,5.0,0
138.700,0,1,0.0,5.0,0
138.700,0,1,0.0,5.0,0
138.800,0,1,0.0,5.0,0
138.800,0,1,0.0,5.0,0
138.800,0,1,0.0,5.0,0
138.800,0,1,0.0,5.0,0
138.800,0,1,0.0,5.0,0
138.800,0,1,0.0,5.0,0
138.900,0,1,0.0,5.0,0
138.900,0,1,0.0,5.0,0
138.900,0,1,0.0,5.0,0
138.900,0,1,0.0,5.0,0
138.900,0,1,0.0,5.0,0
139.000,0,1,0.0,5.0,0
139.000,0,1,0.0,5.0,0
139.000,0,1,0.0,5.0,0
139.000,0,1,0.0,5.0,0
139.000,0,1,0.0,5.0,0
139.100,0,1,0.0,5.0,0
139.100,0,1,0.0,5.0,0
139.100,0,1,0.0,5.0,0
139.100,0,1,0.0,5.0,0
139.100,0,1,0.0,5.0,0
139.200,0,1,0.0,5.0,0
139.200,0,1,0.0,5.0,0
139.200,0,1,0.0,5.0,0
139.200,0,1,0.0,5.0,0
139.200,0,1,0.0,5.0,0
139.300,0,1,0.0,5.0,0
139.300,0,1,0.0,5.0,0
139.300,0,1,0.0,5.0,0
139.300,0,1,0.0,5.0,0
139.300,0,1,0.0,5.0,0
139.300,0,1,0.0,5.0,0
139.400,0,1,0.0,5.0,0
139.400,0,1,0.0,5.0,0
139.400,0,1,0.0,5.0,0
139.400,0,1,0.0,5.0,0
139.400,0,1,0.0,5.0,0
139.500,0,1,0.0,5.0,0
139.500,0,1,0.0,5.0,0
139.500,0,1,0.0,5.0,0
139.500,0,1,0.0,5.0,0
139.500,0,1,0.0,5.0,0
139.600,0,1,0.0,5.0,0
139.600,0,1,0.0,5.0,0
139.600,0,1,0.0,5.0,0
139.600,0,1,0.0,5.0,0
139.600,0,1,0.0,5.0,0
139.700,0,1,0.0,5.0,0
139.700,0,1,0.0,5.0,0
139.700,0,1,0.0,5.0,0
139.700,0,1,0.0,5.0,0
139.700,0,1,0.0,5.0,0
139.700,0,1,0.0,5.0,0
139.800,0,1,0.0,5.0,0
139.800,0,1,0.0,5.0,0
139.800,0,1,0.0,5.0,0
139.800,0,1,0.0,5.0,0
139.800,0,1,0.0,5.0,0
139.900,0,1,0.0,5.0,0
139.900,0,1,0.0,5.0,0
139.900,0,1,0.0,5.0,0
139.900,0,1,0.0,5.0,0
139.900,0,1,0.0,5.0,0
140.000,0,1,0.0,5.0,0
140.000,0,1,0.0,5.0,0
140.000,0,1,0.0,5.0,0
140.000,0,1,0.0,5.0,0
140.000,0,1,0.0,5.0,0
140.100,0,1,0.0,5.0,0
140.100,0,1,0.0,5.0,0
140.100,0,1,0.0,5.0,0
140.100,0,1,0.0,5.0,0
140.100,0,1,0.0,5.0,0
140.200,0,1,0.0,5.0,0
140.200,0,1,0.0,5.0,0
140.200,0,1,0.0,5.0,0
140.200,0,1,0.0,5.0,0
140.200,0,1,0.0,5.0,0
140.200,0,1,0.0,5.0,0
140.300,0,1,0.0,5.0,0
140.300,0,1,0.0,5.0,0
140.300,0,1,0.0,5.0,0
140.300,0,1,0.0,5.0,0
140.300,0,1,0.0,5.0,0
140.400,0,1,0.0,5.0,0
140.400,0,1,0.0,5.0,0
140.400,0,1,0.0,5.0,0
140.400,0,1,0.0,5.0,0
140.400,0,1,0.0,5.0,0
140.500,0,1,0.0,5.0,0
140.500,0,1,0.0,5.0,0
140.500,0,1,0.0,5.0,0
140.500,0,1,0.0,5.0,0
140.500,0,1,0.0,5.0,0
140.600,0,1,0.0,5.0,0
140.600,0,1,0.0,5.0,0
140.600,0,1,0.0,5.0,0
140.600,0,1,0.0,5.0,0
140.600,0,1,0.0,5.0,0
140.600,0,1,0.0,5.0,0
140.700,0,1,0.0,5.0,0
140.700,0,1,0.0,5.0,0
140.700,0,1,0.0,5.0,0
140.700,0,1,0.0,5.0,0
140.700,0,1,0.0,5.0,0
140.800,0,1,0.0,5.0,0
140.800,0,1,0.0,5.0,0
140.800,0,1,0.0,5.0,0
140.800,0,1,0.0,5.0,0
140.800,0,1,0.0,5.0,0
140.900,0,1,0.0,5.0,0
140.900,0,1,0.0,5.0,0
140.900,0,1,0.0,5.0,0
140.900,0,1,0.0,5.0,0
140.900,0,1,0.0,5.0,0
141.000,0,1,0.0,5.0,0
141.000,0,1,0.0,5.0,0
141.000,0,1,0.0,5.0,0
141.000,0,1,0.0,5.0,0
141.000,0,1,0.0,5.0,0
141.100,0,1,0.0,5.0,0
141.100,0,1,0.0,5.0,0
141.100,0,1,0.0,5.0,0
141.100,0,1,0.0,5.0,0
141.100,0,1,0.0,5.0,0
141.100,0,1,0.0,5.0,0
141.200,0,1,0.0,5.0,0
141.200,0,1,0.0,5.0,0
141.200,0,1,0.0,5.0,0
141.200,0,1,0.0,5.0,0
141.200,0,1,0.0,5.0,0
141.300,0,1,0.0,5.0,0
141.300,0,1,0.0,5.0,0
141.300,0,1,0.0,5.0,0
141.300,0,1,0.0,5.0,0
141.300,0,1,0.0,5.0,0
141.400,0,1,0.0,5.0,0
141.400,0,1,0.0,5.0,0
141.400,0,1,0.0,5.0,0
141.400,0,1,0.0,5.0,0
141.400,0,1,0.0,5.0,0
141.500,0,1,0.0,5.0,0
141.500,0,1,0.0,5.0,0
141.500,0,1,0.0,5.0,0
141.500,0,1,0.0,5.0,0
141.500,0,1,0.0,5.0,0
141.600,0,1,0.0,5.0,0
141.600,0,1,0.0,5.0,0
141.600,0,1,0.0,5.0,0
141.600,0,1,0.0,5.0,0
141.600,0,1,0.0,5.0,0
141.600,0,1,0.0,5.0,0
141.700,0,1,0.0,5.0,0
141.700,0,1,0.0,5.0,0
141.700,0,1,0.0,5.0,0
141.700,0,1,0.0,5.0,0
141.700,0,1,0.0,5.0,0
141.800,0,1,0.0,5.0,0
141.800,0,1,0.0,5.0,0
141.800,0,1,0.0,5.0,0
141.800,0,1,0.0,5.0,0
141.800,0,1,0.0,5.0,0
141.900,0,1,0.0,5.0,0
141.900,0,1,0.0,5.0,0
141.900,0,1,0.0,5.0,0
141.900,0,1,0.0,5.0,0
141.900,0,1,0.0,5.0,0
142.000,0,1,0.0,5.0,0
142.000,0,1,0.0,5.0,0
142.000,0,1,0.0,5.0,0
142.000,0,1,0.0,5.0,0
142.000,0,1,0.0,5.0,0
142.000,0,1,0.0,5.0,0
142.100,0,1,0.0,5.0,0
142.100,0,1,0.0,5.0,0
142.100,0,1,0.0,5.0,0
142.100,0,1,0.0,5.0,0
142.100,0,1,0.0,5.0,0
142.200,0,1,0.0,5.0,0
142.200,0,1,0.0,5.0,0
142.200,0,1,0.0,5.0,0
142.200,0,1,0.0,5.0,0
142.200,0,1,0.0,5.0,0
142.300,0,1,0.0,5.0,0
142.300,0,1,0.0,5.0,0
142.300,0,1,0.0,5.0,0
142.300,0,1,0.0,5.0,0
142.300,0,1,0.0,5.0,0
142.400,0,1,0.0,5.0,0
142.400,0,1,0.0,5.0,0
142.400,0,1,0.0,5.0,0
142.400,0,1,0.0,5.0,0
142.400,0,1,0.0,5.0,0
142.500,0,1,0.0,5.0,0
142.500,0,1,0.0,5.0,0
142.500,0,1,0.0,5.0,0
142.500,0,1,0.0,5.0,0
142.500,0,1,0.0,5.0,0
142.500,0,1,0.0,5.0,0
142.600,0,1,0.0,5.0,0
142.600,0,1,0.0,5.0,0
142.600,0,1,0.0,5.0,0
142.600,0,1,0.0,5.0,0
142.600,0,1,0.0,5.0,0
142.700,0,1,0.0,5.0,0
142.700,0,1,0.0,5.0,0
142.700,0,1,0.0,5.0,0
142.700,0,1,0.0,5.0,0
142.700,0,1,0.0,5.0,0
142.800,0,1,0.0,5.0,0
142.800,0,1,0.0,5.0,0
142.800,0,1,0.0,5.0,0
142.800,0,1,0.0,5.0,0
142.800,0,1,0.0,5.0,0
142.900,0,1,0.0,5.0,0
142.900,0,1,0.0,5.0,0
142.900,0,1,0.0,5.0,0
142.900,0,1,0.0,5.0,0
142.900,0,1,0.0,5.0,0
142.900,0,1,0.0,5.0,0
143.000,0,1,0.0,5.0,0
143.000,0,1,0.0,5.0,0
143.000,0,1,0.0,5.0,0
143.000,0,1,0.0,5.0,0
143.000,0,1,0.0,5.0,0
143.100,0,1,0.0,5.0,0
143.100,0,1,0.0,5.0,0
143.100,0,1,0.0,5.0,0
143.100,0,1,0.0,5.0,0
143.100,0,1,0.0,5.0,0
143.200,0,1,0.0,5.0,0
143.200,0,1,0.0,5.0,0
143.200,0,1,0.0,5.0,0
143.200,0,1,0.0,5.0,0
143.200,0,1,0.0,5.0,0
143.300,0,1,0.0,5.0,0
143.300,0,1,0.0,5.0,0
143.300,0,1,0.0,5.0,0
143.300,0,1,0.0,5.0,0
143.300,0,1,0.0,5.0,0
143.400,0,1,0.0,5.0,0
143.400,0,1,0.0,5.0,0
143.400,0,1,0.0,5.0,0
143.400,0,1,0.0,5.0,0
143.400,0,1,0.0,5.0,0
143.400,0,1,0.0,5.0,0
143.500,0,1,0.0,5.0,0
143.500,0,1,0.0,5.0,0
143.500,0,1,0.0,5.0,0
143.500,0,1,0.0,5.0,0
143.500,0,1,0.0,5.0,0
143.600,0,1,0.0,5.0,0
143.600,0,1,0.0,5.0,0
143.600,0,1,0.0,5.0,0
143.600,0,1,0.0,5.0,0
143.600,0,1,0.0,5.0,0
143.700,0,1,0.0,5.0,0
143.700,0,1,0.0,5.0,0
143.700,0,1,0.0,5.0,0
143.700,0,1,0.0,5.0,0
143.700,0,1,0.0,5.0,0
143.800,0,1,0.0,5.0,0
143.800,0,1,0.0,5.0,0
143.800,0,1,0.0,5.0,0
143.800,0,1,0.0,5.0,0
143.800,0,1,0.0,5.0,0
143.900,0,1,0.0,5.0,0
143.900,0,1,0.0,5.0,0
143.900,0,1,0.0,5.0,0
143.900,0,1,0.0,5.0,0
143.900,0,1,0.0,5.0,0
143.900,0,1,0.0,5.0,0
144.000,0,1,0.0,5.0,0
144.000,0,1,0.0,5.0,0
144.000,0,1,0.0,5.0,0
144.000,0,1,0.0,5.0,0
144.000,0,1,0.0,5.0,0
144.100,0,1,0.0,5.0,0
144.100,0,1,0.0,5.0,0
144.100,0,1,0.0,5.0,0
144.100,0,1,0.0,5.0,0
144.100,0,1,0.0,5.0,0
144.200,0,1,0.0,5.0,0
144.200,0,1,0.0,5.0,0
144.200,0,1,0.0,5.0,0
144.200,0,1,0.0,5.0,0
144.200,0,1,0.0,5.0,0
144.300,0,1,0.0,5.0,0
144.300,0,1,0.0,5.0,0
144.300,0,1,0.0,5.0,0
144.300,0,1,0.0,5.0,0
144.300,0,1,0.0,5.0,0
144.300,0,1,0.0,5.0,0
144.400,0,1,0.0,5.0,0
144.400,0,1,0.0,5.0,0
144.400,0,1,0.0,5.0,0
144.400,0,1,0.0,5.0,0
144.400,0,1,0.0,5.0,0
144.500,0,1,0.0,5.0,0
144.500,0,1,0.0,5.0,0
144.500,0,1,0.0,5.0,0
144.500,0,1,0.0,5.0,0
144.500,0,1,0.0,5.0,0
144.600,0,1,0.0,5.0,0
144.600,0,1,0.0,5.0,0
144.600,0,1,0.0,5.0,0
144.600,0,1,0.0,5.0,0
144.600,0,1,0.0,5.0,0
144.700,0,1,0.0,5.0,0
144.700,0,1,0.0,5.0,0
144.700,0,1,0.0,5.0,0
144.700,0,1,0.0,5.0,0
144.700,0,1,0.0,5.0,0
144.800,2,1,-91.0,3.0,0
144.800,2,1,-91.0,3.0,0
144.800,2,1,-91.0,3.0,0
144.800,2,1,-91.0,3.0,0
144.800,2,1,-91.0,3.0,0
144.800,2,1,-91.0,3.0,0
144.900,2,1,-91.0,3.0,0
144.900,2,1,-91.0,3.0,0
144.900,2,1,-91.0,3.0,0
144.900,2,1,-91.0,3.0,0
144.900,2,1,-91.0,3.0,0
145.000,2,1,-91.0,3.0,0
145.000,2,1,-91.0,3.0,0
145.000,2,1,-91.0,3.0,0
145.000,2,1,-91.0,3.0,0
145.000,2,1,-91.0,3.0,0
145.100,2,1,-91.0,3.0,0
145.100,2,1,-91.0,3.0,0
145.100,2,1,-91.0,3.0,0
145.100,2,1,-91.0,3.0,0
145.100,2,1,-91.0,3.0,0
145.200,2,1,-91.0,3.0,0
145.200,2,1,-91.0,3.0,0
145.200,2,1,-91.0,3.0,0
145.200,2,1,-91.0,3.0,0
145.200,2,1,-91.0,3.0,0
145.200,2,1,-91.0,3.0,0
145.300,2,1,-91.0,3.0,0
145.300,2,1,-91.0,3.0,0
145.300,2,1,-91.0,3.0,0
145.300,2,1,-91.0,3.0,0
145.300,2,1,-91.0,3.0,0
145.400,2,1,-91.0,3.0,0
145.400,2,1,-91.0,3.0,0
145.400,2,1,-91.0,3.0,0
145.400,2,1,-91.0,3.0,0
145.400,2,1,-91.0,3.0,0
145.500,2,1,-91.0,3.0,0
145.500,2,1,-91.0,3.0,0
145.500,2,1,-91.0,3.0,0
145.500,2,1,-91.0,3.0,0
145.500,2,1,-91.0,3.0,0
145.600,2,1,-91.0,3.0,0
145.600,2,1,-91.0,3.0,0
145.600,2,1,-91.0,3.0,0
145.600,2,1,-91.0,3.0,0
145.600,2,1,-91.0,3.0,0
145.700,2,1,-91.0,3.0,0
145.700,2,1,-91.0,3.0,0
145.700,2,1,-91.0,3.0,0
145.700,2,1,-91.0,3.0,0
145.700,2,1,-91.0,3.0,0
145.700,2,1,-91.0,3.0,0
145.800,2,1,-91.0,3.0,0
145.800,2,1,-91.0,3.0,0
145.800,2,1,-91.0,3.0,0
145.800,2,1,-91.0,3.0,0
145.800,2,1,-91.0,3.0,0
145.900,2,1,-91.0,3.0,0
145.900,2,1,-91.0,3.0,0
145.900,2,1,-91.0,3.0,0
145.900,2,1,-91.0,3.0,0
145.900,2,1,-91.0,3.0,0
146.000,2,1,-91.0,3.0,0
146.000,2,1,-91.0,3.0,0
146.000,2,1,-91.0,3.0,0
146.000,2,1,-91.0,3.0,0
146.000,2,1,-91.0,3.0,0
146.100,2,1,-91.0,3.0,0
146.100,2,1,-91.0,3.0,0
146.100,2,1,-91.0,3.0,0
146.100,2,1,-91.0,3.0,0
146.100,2,1,-91.0,3.0,0
146.200,2,1,-91.0,3.0,0
146.200,2,1,-91.0,3.0,0
146.200,2,1,-91.0,3.0,0
146.200,2,1,-91.0,3.0,0
146.200,2,1,-91.0,3.0,0
146.200,2,1,-91.0,3.0,0
146.300,2,1,-91.0,3.0,0
146.300,2,1,-91.0,3.0,0
146.300,2,1,-91.0,3.0,0
146.300,2,1,-91.0,3.0,0
146.300,2,1,-91.0,3.0,0
146.400,2,1,-91.0,3.0,0
146.400,2,1,-91.0,3.0,0
146.400,2,1,-91.0,3.0,0
146.400,2,1,-91.0,3.0,0
146.400,2,1,-91.0,3.0,0
146.500,2,1,-91.0,3.0,0
146.500,2,1,-91.0,3.0,0
146.500,2,1,-91.0,3.0,0
146.500,2,1,-91.0,3.0,0
146.500,2,1,-91.0,3.0,0
146.600,2,1,-91.0,3.0,0
146.600,2,1,-91.0,3.0,0
146.600,2,1,-91.0,3.0,0
146.600,2,1,-91.0,3.0,0
146.600,2,1,-91.0,3.0,0
146.600,2,1,-91.0,3.0,0
146.700,2,1,-91.0,3.0,0
146.700,2,1,-91.0,3.0,0
146.700,2,1,-91.0,3.0,0
146.700,2,1,-91.0,3.0,0
146.700,2,1,-91.0,3.0,0
146.800,2,1,-91.0,3.0,0
146.800,2,1,-91.0,3.0,0
146.800,2,1,-91.0,3.0,0
146.800,2,1,-91.0,3.0,0
146.800,2,1,-91.0,3.0,0
146.900,2,1,-91.0,3.0,0
146.900,2,1,-91.0,3.0,0
146.900,2,1,-91.0,3.0,0
146.900,2,1,-91.0,3.0,0
146.900,2,1,-91.0,3.0,0
147.000,2,1,-91.0,3.0,0
147.000,2,1,-91.0,3.0,0
147.000,2,1,-91.0,3.0,0
147.000,2,1,-91.0,3.0,0
147.000,2,1,-91.0,3.0,0
147.100,2,1,-91.0,3.0,0
147.100,2,1,-91.0,3.0,0
147.100,2,1,-91.0,3.0,0
147.100,2,1,-91.0,3.0,0
147.100,2,1,-91.0,3.0,0
147.100,2,1,-91.0,3.0,0
147.200,2,1,-91.0,3.0,0
147.200,2,1,-91.0,3.0,0
147.200,2,1,-91.0,3.0,0
147.200,2,1,-91.0,3.0,0
147.200,2,1,-91.0,3.0,0
147.300,2,1,-91.0,3.0,0
147.300,2,1,-91.0,3.0,0
147.300,2,1,-91.0,3.0,0
147.300,2,1,-91.0,3.0,0
147.300,2,1,-91.0,3.0,0
147.400,2,1,-91.0,3.0,0
147.400,2,1,-91.0,3.0,0
147.400,2,1,-91.0,3.0,0
147.400,2,1,-91.0,3.0,0
147.400,2,1,-91.0,3.0,0
147.500,2,1,-91.0,3.0,0
147.500,2,1,-91.0,3.0,0
147.500,2,1,-91.0,3.0,0
147.500,2,1,-91.0,3.0,0
147.500,2,1,-91.0,3.0,0
147.500,2,1,-91.0,3.0,0
147.600,2,1,-91.0,3.0,0
147.600,2,1,-91.0,3.0,0
147.600,2,1,-91.0,3.0,0
147.600,2,1,-91.0,3.0,0
147.600,2,1,-91.0,3.0,0
147.700,2,1,-91.0,3.0,0
147.700,2,1,-91.0,3.0,0
147.700,2,1,-91.0,3.0,0
147.700,2,1,-91.0,3.0,0
147.700,2,1,-91.0,3.0,0
147.800,2,1,-91.0,3.0,0
147.800,2,1,-91.0,3.0,0
147.800,2,1,-91.0,3.0,0
147.800,2,1,-91.0,3.0,0
147.800,2,1,-91.0,3.0,0
147.900,2,1,-91.0,3.0,0
147.900,2,1,-91.0,3.0,0
147.900,2,1,-91.0,3.0,0
147.900,2,1,-91.0,3.0,0
147.900,2,1,-91.0,3.0,0
148.000,2,1,-91.0,3.0,0
148.000,2,1,-91.0,3.0,0
148.000,2,1,-91.0,3.0,0
148.000,2,1,-91.0,3.0,0
148.000,2,1,-91.0,3.0,0
148.000,2,1,-91.0,3.0,0
148.100,2,1,-91.0,3.0,0
148.100,2,1,-91.0,3.0,0
148.100,2,1,-91.0,3.0,0
148.100,2,1,-91.0,3.0,0
148.100,2,1,-91.0,3.0,0
148.200,2,1,-91.0,3.0,0
148.200,2,1,-91.0,3.0,0
148.200,2,1,-91.0,3.0,0
148.200,2,1,-91.0,3.0,0
148.200,2,1,-91.0,3.0,0
148.300,2,1,-91.0,3.0,0
148.300,2,1,-91.0,3.0,0
148.300,2,1,-91.0,3.0,0
148.300,2,1,-91.0,3.0,0
148.300,2,1,-91.0,3.0,0
148.400,2,1,-91.0,3.0,0
148.400,2,1,-91.0,3.0,0
148.400,2,1,-91.0,3.0,0
148.400,2,1,-91.0,3.0,0
148.400,2,1,-91.0,3.0,0
148.500,2,1,-91.0,3.0,0
148.500,2,1,-91.0,3.0,0
148.500,2,1,-91.0,3.0,0
148.500,2,1,-91.0,3.0,0
148.500,2,1,-91.0,3.0,0
148.500,2,1,-91.0,3.0,0
148.600,2,1,-91.0,3.0,0
148.600,2,1,-91.0,3.0,0
148.600,2,1,-91.0,3.0,0
148.600,2,1,-91.0,3.0,0
148.600,2,1,-91.0,3.0,0
148.700,2,1,-91.0,3.0,0
148.700,2,1,-91.0,3.0,0
148.700,2,1,-91.0,3.0,0
148.700,2,1,-91.0,3.0,0
148.700,2,1,-91.0,3.0,0
148.800,2,1,-91.0,3.0,0
148.800,2,1,-91.0,3.0,0
148.800,2,1,-91.0,3.0,0
148.800,2,1,-91.0,3.0,0
148.800,2,1,-91.0,3.0,0
148.900,2,1,-91.0,3.0,0
148.900,2,1,-91.0,3.0,0
148.900,2,1,-91.0,3.0,0
148.900,2,1,-91.0,3.0,0
148.900,2,1,-91.0,3.0,0
148.900,2,1,-91.0,3.0,0
149.000,2,1,-91.0,3.0,0
149.000,2,1,-91.0,3.0,0
149.000,2,1,-91.0,3.0,0
149.000,2,1,-91.0,3.0,0
149.000,2,1,-91.0,3.0,0
149.100,2,1,-91.0,3.0,0
149.100,2,1,-91.0,3.0,0
149.100,2,1,-91.0,3.0,0
149.100,2,1,-91.0,3.0,0
149.100,2,1,-91.0,3.0,0
149.200,2,1,-91.0,3.0,0
149.200,2,1,-91.0,3.0,0
149.200,2,1,-91.0,3.0,0
149.200,2,1,-91.0,3.0,0
149.200,2,1,-91.0,3.0,0
149.300,2,1,-91.0,3.0,0
149.300,2,1,-91.0,3.0,0
149.300,2,1,-91.0,3.0,0
149.300,2,1,-91.0,3.0,0
149.300,2,1,-91.0,3.0,0
149.400,2,1,-91.0,3.0,0
149.400,2,1,-91.0,3.0,0
149.400,2,1,-91.0,3.0,0
149.400,2,1,-91.0,3.0,0
149.400,2,1,-91.0,3.0,0
149.400,2,1,-91.0,3.0,0
149.500,2,1,-91.0,3.0,0
149.500,2,1,-91.0,3.0,0
149.500,2,1,-91.0,3.0,0
149.500,2,1,-91.0,3.0,0
149.500,2,1,-91.0,3.0,0
149.600,2,1,-91.0,3.0,0
149.600,2,1,-91.0,3.0,0
149.600,2,1,-91.0,3.0,0
149.600,2,1,-91.0,3.0,0
149.600,2,1,-91.0,3.0,0
149.700,2,1,-91.0,3.0,0
149.700,2,1,-91.0,3.0,0
149.700,2,1,-91.0,3.0,0
149.700,2,1,-91.0,3.0,0
149.700,2,1,-91.0,3.0,0
149.800,2,1,-91.0,3.0,0
149.800,2,1,-91.0,3.0,0
149.800,2,1,-91.0,3.0,0
149.800,2,1,-91.0,3.0,0
149.800,2,1,-91.0,3.0,0
149.800,2,1,-91.0,3.0,0
149.900,2,1,-91.0,3.0,0
149.900,2,1,-91.0,3.0,0
149.900,2,1,-91.0,3.0,0
149.900,2,1,-91.0,3.0,0
149.900,2,1,-91.0,3.0,0
150.000,2,1,-91.0,3.0,0
150.000,2,1,-91.0,3.0,0
150.000,2,1,-91.0,3.0,0
150.000,2,1,-91.0,3.0,0
150.000,2,1,-91.0,3.0,0
150.100,2,1,-91.0,3.0,0
150.100,2,1,-91.0,3.0,0
150.100,2,1,-91.0,3.0,0
150.100,2,1,-91.0,3.0,0
150.100,2,1,-91.0,3.0,0
150.200,2,1,-91.0,3.0,0
150.200,2,1,-91.0,3.0,0
150.200,2,1,-91.0,3.0,0
150.200,2,1,-91.0,3.0,0
150.200,2,1,-91.0,3.0,0
150.300,2,1,-91.0,3.0,0
150.300,2,1,-91.0,3.0,0
150.300,2,1,-91.0,3.0,0
150.300,2,1,-91.0,3.0,0
150.300,2,1,-91.0,3.0,0
150.300,2,1,-91.0,3.0,0
150.400,2,1,-91.0,3.0,0
150.400,2,1,-91.0,3.0,0
150.400,2,1,-91.0,3.0,0
150.400,2,1,-91.0,3.0,0
150.400,2,1,-91.0,3.0,0
150.500,2,1,-91.0,3.0,0
150.500,2,1,-91.0,3.0,0
150.500,2,1,-91.0,3.0,0
150.500,2,1,-91.0,3.0,0
150.500,2,1,-91.0,3.0,0
150.600,2,1,-91.0,3.0,0
150.600,2,1,-91.0,3.0,0
150.600,2,1,-91.0,3.0,0
150.600,2,1,-91.0,3.0,0
150.600,2,1,-91.0,3.0,0
150.700,2,1,-91.0,3.0,0
150.700,2,1,-91.0,3.0,0
150.700,2,1,-91.0,3.0,0
150.700,2,1,-91.0,3.0,0
150.700,2,1,-91.0,3.0,0
150.800,2,1,-91.0,3.0,0
150.800,2,1,-91.0,3.0,0
150.800,2,1,-91.0,3.0,0
150.800,2,1,-91.0,3.0,0
150.800,2,1,-91.0,3.0,0
150.800,2,1,-91.0,3.0,0
150.900,2,1,-91.0,3.0,0
150.900,2,1,-91.0,3.0,0
150.900,2,1,-91.0,3.0,0
150.900,2,1,-91.0,3.0,0
150.900,2,1,-91.0,3.0,0
151.000,2,1,-91.0,3.0,0
151.000,2,1,-91.0,3.0,0
151.000,2,1,-91.0,3.0,0
151.000,2,1,-91.0,3.0,0
151.000,2,1,-91.0,3.0,0
151.100,2,1,-91.0,3.0,0
151.100,2,1,-91.0,3.0,0
151.100,2,1,-91.0,3.0,0
151.100,2,1,-91.0,3.0,0
151.100,2,1,-91.0,3.0,0
151.200,2,1,-91.0,3.0,0
151.200,2,1,-91.0,3.0,0
151.200,2,1,-91.0,3.0,0
151.200,2,1,-91.0,3.0,0
151.200,2,1,-91.0,3.0,0
151.200,2,1,-91.0,3.0,0
151.300,2,1,-91.0,3.0,0
151.300,2,1,-91.0,3.0,0
151.300,2,1,-91.0,3.0,0
151.300,2,1,-91.0,3.0,0
151.300,2,1,-91.0,3.0,0
151.400,2,1,-91.0,3.0,0
151.400,2,1,-91.0,3.0,0
151.400,2,1,-91.0,3.0,0
151.400,2,1,-91.0,3.0,0
151.400,2,1,-91.0,3.0,0
151.500,2,1,-91.0,3.0,0
151.500,2,1,-91.0,3.0,0
151.500,2,1,-91.0,3.0,0
151.500,2,1,-91.0,3.0,0
151.500,2,1,-91.0,3.0,0
151.600,2,1,-91.0,3.0,0
151.600,2,1,-91.0,3.0,0
151.600,2,1,-91.0,3.0,0
151.600,2,1,-91.0,3.0,0
151.600,2,1,-91.0,3.0,0
151.700,2,1,-91.0,3.0,0
151.700,2,1,-91.0,3.0,0
151.700,2,1,-91.0,3.0,0
151.700,2,1,-91.0,3.0,0
151.700,2,1,-91.0,3.0,0
151.700,2,1,-91.0,3.0,0
151.800,2,1,-91.0,3.0,0
151.800,2,1,-91.0,3.0,0
151.800,2,1,-91.0,3.0,0
151.800,2,1,-91.0,3.0,0
151.800,2,1,-91.0,3.0,0
151.900,2,1,-91.0,3.0,0
151.900,2,1,-91.0,3.0,0
151.900,2,1,-91.0,3.0,0
151.900,2,1,-91.0,3.0,0
151.900,2,1,-91.0,3.0,0
152.000,2,1,-91.0,3.0,0
152.000,2,1,-91.0,3.0,0
152.000,2,1,-91.0,3.0,0
152.000,2,1,-91.0,3.0,0
152.000,2,1,-91.0,3.0,0
152.100,2,1,-91.0,3.0,0
152.100,2,1,-91.0,3.0,0
152.100,2,1,-91.0,3.0,0
152.100,2,1,-91.0,3.0,0
152.100,2,1,-91.0,3.0,0
152.100,2,1,-91.0,3.0,0
152.200,2,1,-91.0,3.0,0
152.200,2,1,-91.0,3.0,0
152.200,2,1,-91.0,3.0,0
152.200,2,1,-91.0,3.0,0
152.200,2,1,-91.0,3.0,0
152.300,2,1,-91.0,3.0,0
152.300,2,1,-91.0,3.0,0
152.300,2,1,-91.0,3.0,0
152.300,2,1,-91.0,3.0,0
152.300,2,1,-91.0,3.0,0
152.400,2,1,-91.0,3.0,0
152.400,2,1,-91.0,3.0,0
152.400,2,1,-91.0,3.0,0
152.400,2,1,-91.0,3.0,0
152.400,2,1,-91.0,3.0,0
152.500,2,1,-91.0,3.0,0
152.500,2,1,-91.0,3.0,0
152.500,2,1,-91.0,3.0,0
152.500,2,1,-91.0,3.0,0
152.500,2,1,-91.0,3.0,0
152.600,2,1,-91.0,3.0,0
152.600,2,1,-91.0,3.0,0
152.600,2,1,-91.0,3.0,0
152.600,2,1,-91.0,3.0,0
152.600,2,1,-91.0,3.0,0
152.600,2,1,-91.0,3.0,0
152.700,2,1,-91.0,3.0,0
152.700,2,1,-91.0,3.0,0
152.700,2,1,-91.0,3.0,0
152.700,2,1,-91.0,3.0,0
152.700,2,1,-91.0,3.0,0
152.800,2,1,-91.0,3.0,0
152.800,2,1,-91.0,3.0,0
152.800,2,1,-91.0,3.0,0
152.800,2,1,-91.0,3.0,0
152.800,2,1,-91.0,3.0,0
152.900,0,0,0.0,0.0,1
152.900,0,0,0.0,0.0,1
152.900,0,0,0.0,0.0,1
152.900,0,0,0.0,0.0,1
152.900,0,0,0.0,0.0,1
153.000,0,0,0.0,0.0,1
153.000,0,0,0.0,0.0,1
153.000,0,0,0.0,0.0,1
153.000,0,0,0.0,0.0,1
153.000,0,0,0.0,0.0,1
153.000,0,0,0.0,0.0,1
153.100,0,0,0.0,0.0,1
153.100,0,0,0.0,0.0,1
153.100,0,0,0.0,0.0,1
153.100,0,0,0.0,0.0,1
153.100,0,0,0.0,0.0,1
153.200,0,0,0.0,0.0,1
153.200,0,0,0.0,0.0,1
153.200,0,0,0.0,0.0,1
153.200,0,0,0.0,0.0,1
153.200,0,0,0.0,0.0,1
153.300,0,0,0.0,0.0,1
153.300,0,0,0.0,0.0,1
153.300,0,0,0.0,0.0,1
153.300,0,0,0.0,0.0,1
153.300,0,0,0.0,0.0,1
153.400,0,0,0.0,0.0,1
153.400,0,0,0.0,0.0,1
153.400,0,0,0.0,0.0,1
153.400,0,0,0.0,0.0,1
153.400,0,0,0.0,0.0,1
153.500,0,0,0.0,0.0,1
153.500,0,0,0.0,0.0,1
153.500,0,0,0.0,0.0,1
153.500,0,0,0.0,0.0,1
153.500,0,0,0.0,0.0,1
153.500,0,0,0.0,0.0,1
153.600,0,0,0.0,0.0,1
153.600,0,0,0.0,0.0,1
153.600,0,0,0.0,0.0,1
153.600,0,0,0.0,0.0,1
153.600,0,0,0.0,0.0,1
153.700,0,0,0.0,0.0,1
153.700,0,0,0.0,0.0,1
153.700,0,0,0.0,0.0,1
153.700,0,0,0.0,0.0,1
153.700,0,0,0.0,0.0,1
153.800,0,0,0.0,0.0,1
153.800,0,0,0.0,0.0,1
153.800,0,0,0.0,0.0,1
153.800,0,0,0.0,0.0,1
153.800,0,0,0.0,0.0,1
153.900,0,0,0.0,0.0,1
153.900,0,0,0.0,0.0,1
153.900,0,0,0.0,0.0,1
153.900,0,0,0.0,0.0,1
153.900,0,0,0.0,0.0,1
154.000,0,0,0.0,0.0,1
154.000,0,0,0.0,0.0,1
154.000,0,0,0.0,0.0,1
154.000,0,0,0.0,0.0,1
154.000,0,0,0.0,0.0,1
154.000,0,0,0.0,0.0,1
154.100,0,0,0.0,0.0,1
154.100,0,0,0.0,0.0,1
154.100,0,0,0.0,0.0,1
154.100,0,0,0.0,0.0,1
154.100,0,0,0.0,0.0,1
154.200,0,0,0.0,0.0,1
154.200,0,0,0.0,0.0,1
154.200,0,0,0.0,0.0,1
154.200,0,0,0.0,0.0,1
154.200,0,0,0.0,0.0,1
154.300,0,0,0.0,0.0,1
154.300,0,0,0.0,0.0,1
154.300,0,0,0.0,0.0,1
154.300,0,0,0.0,0.0,1
154.300,0,0,0.0,0.0,1
154.400,0,0,0.0,0.0,1
154.400,0,0,0.0,0.0,1
154.400,0,0,0.0,0.0,1
154.400,0,0,0.0,0.0,1
154.400,0,0,0.0,0.0,1
154.400,0,0,0.0,0.0,1
154.500,0,0,0.0,0.0,1
154.500,0,0,0.0,0.0,1
154.500,0,0,0.0,0.0,1
154.500,0,0,0.0,0.0,1
154.500,0,0,0.0,0.0,1
154.600,0,0,0.0,0.0,1
154.600,0,0,0.0,0.0,1
154.600,0,0,0.0,0.0,1
154.600,0,0,0.0,0.0,1
154.600,0,0,0.0,0.0,1
154.700,0,0,0.0,0.0,1
154.700,0,0,0.0,0.0,1
154.700,0,0,0.0,0.0,1
154.700,0,0,0.0,0.0,1
154.700,0,0,0.0,0.0,1
154.800,0,0,0.0,0.0,1
154.800,0,0,0.0,0.0,1
154.800,0,0,0.0,0.0,1
154.800,0,0,0.0,0.0,1
154.800,0,0,0.0,0.0,1
154.900,0,0,0.0,0.0,1
154.900,0,0,0.0,0.0,1
154.900,0,0,0.0,0.0,1
154.900,0,0,0.0,0.0,1
154.900,0,0,0.0,0.0,1
154.900,0,0,0.0,0.0,1
155.000,0,0,0.0,0.0,1
155.000,0,0,0.0,0.0,1
155.000,0,0,0.0,0.0,1
155.000,0,0,0.0,0.0,1
155.000,0,0,0.0,0.0,1
155.100,0,0,0.0,0.0,1
155.100,0,0,0.0,0.0,1
155.100,0,0,0.0,0.0,1
155.100,0,0,0.0,0.0,1
155.100,0,0,0.0,0.0,1
155.200,0,0,0.0,0.0,1
155.200,0,0,0.0,0.0,1
155.200,0,0,0.0,0.0,1
155.200,0,0,0.0,0.0,1
155.200,0,0,0.0,0.0,1
155.300,0,0,0.0,0.0,1
155.300,0,0,0.0,0.0,1
155.300,0,0,0.0,0.0,1
155.300,0,0,0.0,0.0,1
155.300,0,0,0.0,0.0,1
155.300,0,0,0.0,0.0,1
155.400,0,0,0.0,0.0,1
155.400,0,0,0.0,0.0,1
155.400,0,0,0.0,0.0,1
155.400,0,0,0.0,0.0,1
155.400,0,0,0.0,0.0,1
155.500,0,0,0.0,0.0,1
155.500,0,0,0.0,0.0,1
155.500,0,0,0.0,0.0,1
155.500,0,0,0.0,0.0,1
155.500,0,0,0.0,0.0,1
155.600,0,0,0.0,0.0,1
155.600,0,0,0.0,0.0,1
155.600,0,0,0.0,0.0,1
155.600,0,0,0.0,0.0,1
155.600,0,0,0.0,0.0,1
155.700,0,0,0.0,0.0,1
155.700,0,0,0.0,0.0,1
155.700,0,0,0.0,0.0,1
155.700,0,0,0.0,0.0,1
155.700,0,0,0.0,0.0,1
155.800,0,0,0.0,0.0,1
155.800,0,0,0.0,0.0,1
155.800,0,0,0.0,0.0,1
155.800,0,0,0.0,0.0,1
155.800,0,0,0.0,0.0,1
155.800,0,0,0.0,0.0,1
155.900,0,0,0.0,0.0,1
155.900,0,0,0.0,0.0,1
155.900,0,0,0.0,0.0,1
155.900,0,0,0.0,0.0,1
155.900,0,0,0.0,0.0,1
156.000,0,0,0.0,0.0,1
156.000,0,0,0.0,0.0,1
156.000,0,0,0.0,0.0,1
156.000,0,0,0.0,0.0,1
156.000,0,0,0.0,0.0,1
156.100,0,0,0.0,0.0,1
156.100,0,0,0.0,0.0,1
156.100,0,0,0.0,0.0,1
156.100,0,0,0.0,0.0,1
156.100,0,0,0.0,0.0,1
156.200,0,0,0.0,0.0,1
156.200,0,0,0.0,0.0,1
156.200,0,0,0.0,0.0,1
156.200,0,0,0.0,0.0,1
156.200,0,0,0.0,0.0,1
156.300,0,0,0.0,0.0,1
156.300,0,0,0.0,0.0,1
156.300,0,0,0.0,0.0,1
156.300,0,0,0.0,0.0,1
156.300,0,0,0.0,0.0,1
156.300,0,0,0.0,0.0,1
156.400,0,0,0.0,0.0,1
156.400,0,0,0.0,0.0,1
156.400,0,0,0.0,0.0,1
156.400,0,0,0.0,0.0,1
156.400,0,0,0.0,0.0,1
156.500,0,0,0.0,0.0,1
156.500,0,0,0.0,0.0,1
156.500,0,0,0.0,0.0,1
156.500,0,0,0.0,0.0,1
156.500,0,0,0.0,0.0,1
156.600,0,0,0.0,0.0,1
156.600,0,0,0.0,0.0,1
156.600,0,0,0.0,0.0,1
156.600,0,0,0.0,0.0,1
156.600,0,0,0.0,0.0,1
156.700,0,0,0.0,0.0,1
156.700,0,0,0.0,0.0,1
156.700,0,0,0.0,0.0,1
156.700,0,0,0.0,0.0,1
156.700,0,0,0.0,0.0,1
156.700,0,0,0.0,0.0,1
156.800,0,0,0.0,0.0,1
156.800,0,0,0.0,0.0,1
156.800,0,0,0.0,0.0,1
156.800,0,0,0.0,0.0,1
156.800,0,0,0.0,0.0,1
156.900,0,0,0.0,0.0,1
156.900,0,0,0.0,0.0,1
156.900,0,0,0.0,0.0,1
156.900,0,0,0.0,0.0,1
156.900,0,0,0.0,0.0,1
157.000,0,0,0.0,0.0,1
157.000,0,0,0.0,0.0,1
157.000,0,0,0.0,0.0,1
157.000,0,0,0.0,0.0,1
157.000,0,0,0.0,0.0,1
157.100,0,0,0.0,0.0,1
157.100,0,0,0.0,0.0,1
157.100,0,0,0.0,0.0,1
157.100,0,0,0.0,0.0,1
157.100,0,0,0.0,0.0,1
157.200,0,0,0.0,0.0,1
157.200,0,0,0.0,0.0,1
157.200,0,0,0.0,0.0,1
157.200,0,0,0.0,0.0,1
157.200,0,0,0.0,0.0,1
157.200,0,0,0.0,0.0,1
157.300,0,0,0.0,0.0,1
157.300,0,0,0.0,0.0,1
157.300,0,0,0.0,0.0,1
157.300,0,0,0.0,0.0,1
157.300,0,0,0.0,0.0,1
157.400,0,0,0.0,0.0,1
157.400,0,0,0.0,0.0,1
157.400,0,0,0.0,0.0,1
157.400,0,0,0.0,0.0,1
157.400,0,0,0.0,0.0,1
157.500,0,0,0.0,0.0,1
157.500,0,0,0.0,0.0,1
157.500,0,0,0.0,0.0,1
157.500,0,0,0.0,0.0,1
157.500,0,0,0.0,0.0,1
157.600,0,0,0.0,0.0,1
157.600,0,0,0.0,0.0,1
157.600,0,0,0.0,0.0,1
157.600,0,0,0.0,0.0,1
157.600,0,0,0.0,0.0,1
157.600,0,0,0.0,0.0,1
157.700,0,0,0.0,0.0,1
157.700,0,0,0.0,0.0,1
157.700,0,0,0.0,0.0,1
157.700,0,0,0.0,0.0,1
157.700,0,0,0.0,0.0,1
157.800,0,0,0.0,0.0,1
157.800,0,0,0.0,0.0,1
157.800,0,0,0.0,0.0,1
157.800,0,0,0.0,0.0,1
157.800,0,0,0.0,0.0,1
157.900,0,0,0.0,0.0,1
157.900,0,0,0.0,0.0,1
157.900,0,0,0.0,0.0,1
157.900,0,0,0.0,0.0,1
157.900,0,0,0.0,0.0,1
158.000,0,0,0.0,0.0,1
158.000,0,0,0.0,0.0,1
158.000,0,0,0.0,0.0,1
158.000,0,0,0.0,0.0,1
158.000,0,0,0.0,0.0,1
158.100,0,0,0.0,0.0,1
158.100,0,0,0.0,0.0,1
158.100,0,0,0.0,0.0,1
158.100,0,0,0.0,0.0,1
158.100,0,0,0.0,0.0,1
158.100,0,0,0.0,0.0,1
158.200,0,0,0.0,0.0,1
158.200,0,0,0.0,0.0,1
158.200,0,0,0.0,0.0,1
158.200,0,0,0.0,0.0,1
158.200,0,0,0.0,0.0,1
158.300,0,0,0.0,0.0,1
158.300,0,0,0.0,0.0,1
158.300,0,0,0.0,0.0,1
158.300,0,0,0.0,0.0,1
158.300,0,0,0.0,0.0,1
158.400,0,0,0.0,0.0,1
158.400,0,0,0.0,0.0,1
158.400,0,0,0.0,0.0,1
158.400,0,0,0.0,0.0,1
158.400,0,0,0.0,0.0,1
158.500,0,0,0.0,0.0,1
158.500,0,0,0.0,0.0,1
158.500,0,0,0.0,0.0,1
158.500,0,0,0.0,0.0,1
158.500,0,0,0.0,0.0,1
158.500,0,0,0.0,0.0,1
158.600,0,0,0.0,0.0,1
158.600,0,0,0.0,0.0,1
158.600,0,0,0.0,0.0,1
158.600,0,0,0.0,0.0,1
158.600,0,0,0.0,0.0,1
158.700,0,0,0.0,0.0,1
158.700,0,0,0.0,0.0,1
158.700,0,0,0.0,0.0,1
158.700,0,0,0.0,0.0,1
158.700,0,0,0.0,0.0,1
158.800,0,0,0.0,0.0,1
158.800,0,0,0.0,0.0,1
158.800,0,0,0.0,0.0,1
158.800,0,0,0.0,0.0,1
158.800,0,0,0.0,0.0,1
158.900,0,0,0.0,0.0,1
158.900,0,0,0.0,0.0,1
158.900,0,0,0.0,0.0,1
158.900,0,0,0.0,0.0,1
158.900,0,0,0.0,0.0,1
159.000,0,0,0.0,0.0,1
159.000,0,0,0.0,0.0,1
159.000,0,0,0.0,0.0,1
159.000,0,0,0.0,0.0,1
159.000,0,0,0.0,0.0,1
159.000,0,0,0.0,0.0,1
159.100,0,0,0.0,0.0,1
159.100,0,0,0.0,0.0,1
159.100,0,0,0.0,0.0,1
159.100,0,0,0.0,0.0,1
159.100,0,0,0.0,0.0,1
159.200,0,0,0.0,0.0,1
159.200,0,0,0.0,0.0,1
159.200,0,0,0.0,0.0,1
159.200,0,0,0.0,0.0,1
159.200,0,0,0.0,0.0,1
159.300,0,0,0.0,0.0,1
159.300,0,0,0.0,0.0,1
159.300,0,0,0.0,0.0,1
159.300,0,0,0.0,0.0,1
159.300,0,0,0.0,0.0,1
159.400,0,0,0.0,0.0,1
159.400,0,0,0.0,0.0,1
159.400,0,0,0.0,0.0,1
159.400,0,0,0.0,0.0,1
159.400,0,0,0.0,0.0,1
159.500,0,0,0.0,0.0,1
159.500,0,0,0.0,0.0,1
159.500,0,0,0.0,0.0,1
159.500,0,0,0.0,0.0,1
159.500,0,0,0.0,0.0,1
159.500,0,0,0.0,0.0,1
159.600,0,0,0.0,0.0,1
159.600,0,0,0.0,0.0,1
159.600,0,0,0.0,0.0,1
159.600,0,0,0.0,0.0,1
159.600,0,0,0.0,0.0,1
159.700,0,0,0.0,0.0,1
159.700,0,0,0.0,0.0,1
159.700,0,0,0.0,0.0,1
159.700,0,0,0.0,0.0,1
159.700,0,0,0.0,0.0,1
159.800,0,0,0.0,0.0,1
159.800,0,0,0.0,0.0,1
159.800,0,0,0.0,0.0,1
159.800,0,0,0.0,0.0,1
159.800,0,0,0.0,0.0,1
159.900,0,0,0.0,0.0,1
159.900,0,0,0.0,0.0,1
159.900,0,0,0.0,0.0,1
159.900,0,0,0.0,0.0,1
159.900,0,0,0.0,0.0,1
159.900,0,0,0.0,0.0,1
160.000,0,0,0.0,0.0,1
160.000,0,0,0.0,0.0,1
160.000,0,0,0.0,0.0,1
160.000,0,0,0.0,0.0,1
160.000,0,0,0.0,0.0,1
160.100,0,0,0.0,0.0,1
160.100,0,0,0.0,0.0,1
160.100,0,0,0.0,0.0,1
160.100,0,0,0.0,0.0,1
160.100,0,0,0.0,0.0,1
160.200,0,0,0.0,0.0,1
160.200,0,0,0.0,0.0,1
160.200,0,0,0.0,0.0,1
160.200,0,0,0.0,0.0,1
160.200,0,0,0.0,0.0,1
160.300,0,0,0.0,0.0,1
160.300,0,0,0.0,0.0,1
160.300,0,0,0.0,0.0,1
160.300,0,0,0.0,0.0,1
160.300,0,0,0.0,0.0,1
160.400,0,0,0.0,0.0,1
160.400,0,0,0.0,0.0,1
160.400,0,0,0.0,0.0,1
160.400,0,0,0.0,0.0,1
160.400,0,0,0.0,0.0,1
160.400,0,0,0.0,0.0,1
160.500,0,0,0.0,0.0,1
160.500,0,0,0.0,0.0,1
160.500,0,0,0.0,0.0,1
160.500,0,0,0.0,0.0,1
160.500,0,0,0.0,0.0,1
160.600,0,0,0.0,0.0,1
160.600,0,0,0.0,0.0,1
160.600,0,0,0.0,0.0,1
160.600,0,0,0.0,0.0,1
160.600,0,0,0.0,0.0,1
160.700,0,0,0.0,0.0,1
160.700,0,0,0.0,0.0,1
160.700,0,0,0.0,0.0,1
160.700,0,0,0.0,0.0,1
160.700,0,0,0.0,0.0,1
160.800,0,0,0.0,0.0,1
160.800,0,0,0.0,0.0,1
160.800,0,0,0.0,0.0,1
160.800,0,0,0.0,0.0,1
160.800,0,0,0.0,0.0,1
160.800,0,0,0.0,0.0,1
160.900,0,0,0.0,0.0,1
160.900,0,0,0.0,0.0,1
160.900,0,0,0.0,0.0,1
160.900,0,0,0.0,0.0,1
160.900,0,0,0.0,0.0,1
161.000,0,0,0.0,0.0,1
161.000,0,0,0.0,0.0,1
161.000,0,0,0.0,0.0,1
161.000,0,0,0.0,0.0,1
161.000,0,0,0.0,0.0,1
161.100,0,0,0.0,0.0,1
161.100,0,0,0.0,0.0,1
161.100,0,0,0.0,0.0,1
161.100,0,0,0.0,0.0,1
161.100,0,0,0.0,0.0,1
161.200,0,0,0.0,0.0,1
161.200,0,0,0.0,0.0,1
161.200,0,0,0.0,0.0,1
161.200,0,0,0.0,0.0,1
161.200,0,0,0.0,0.0,1
161.300,0,0,0.0,0.0,1
161.300,0,0,0.0,0.0,1
161.300,0,0,0.0,0.0,1
161.300,0,0,0.0,0.0,1
161.300,0,0,0.0,0.0,1
161.300,0,0,0.0,0.0,1
161.400,0,0,0.0,0.0,1
161.400,0,0,0.0,0.0,1
161.400,0,0,0.0,0.0,1
161.400,0,0,0.0,0.0,1
161.400,0,0,0.0,0.0,1
161.500,0,0,0.0,0.0,1
161.500,0,0,0.0,0.0,1
161.500,0,0,0.0,0.0,1
161.500,0,0,0.0,0.0,1
161.500,0,0,0.0,0.0,1
161.600,0,0,0.0,0.0,1
161.600,0,0,0.0,0.0,1
161.600,0,0,0.0,0.0,1
161.600,0,0,0.0,0.0,1
161.600,0,0,0.0,0.0,1
161.700,0,0,0.0,0.0,1
161.700,0,0,0.0,0.0,1
161.700,0,0,0.0,0.0,1
161.700,0,0,0.0,0.0,1
161.700,0,0,0.0,0.0,1
161.800,0,0,0.0,0.0,1
161.800,0,0,0.0,0.0,1
161.800,0,0,0.0,0.0,1
161.800,0,0,0.0,0.0,1
161.800,0,0,0.0,0.0,1
161.800,0,0,0.0,0.0,1
161.900,0,0,0.0,0.0,1
161.900,0,0,0.0,0.0,1
161.900,0,0,0.0,0.0,1
161.900,0,0,0.0,0.0,1
161.900,0,0,0.0,0.0,1
162.000,0,0,0.0,0.0,1
162.000,0,0,0.0,0.0,1
162.000,0,0,0.0,0.0,1
162.000,0,0,0.0,0.0,1
162.000,0,0,0.0,0.0,1
162.100,0,0,0.0,0.0,1
162.100,0,0,0.0,0.0,1
162.100,0,0,0.0,0.0,1
162.100,0,0,0.0,0.0,1
162.100,0,0,0.0,0.0,1
162.200,0,0,0.0,0.0,1
162.200,0,0,0.0,0.0,1
162.200,0,0,0.0,0.0,1
162.200,0,0,0.0,0.0,1
162.200,0,0,0.0,0.0,1
162.200,0,0,0.0,0.0,1
162.300,0,0,0.0,0.0,1
162.300,0,0,0.0,0.0,1
162.300,0,0,0.0,0.0,1
162.300,0,0,0.0,0.0,1
162.300,0,0,0.0,0.0,1
162.400,0,0,0.0,0.0,1
162.400,0,0,0.0,0.0,1
162.400,0,0,0.0,0.0,1
162.400,0,0,0.0,0.0,1
162.400,0,0,0.0,0.0,1
162.500,0,0,0.0,0.0,1
162.500,0,0,0.0,0.0,1
162.500,0,0,0.0,0.0,1
162.500,0,0,0.0,0.0,1
162.500,0,0,0.0,0.0,1
162.600,0,0,0.0,0.0,1
162.600,0,0,0.0,0.0,1
162.600,0,0,0.0,0.0,1
162.600,0,0,0.0,0.0,1
162.600,0,0,0.0,0.0,1
162.700,0,0,0.0,0.0,1
162.700,0,0,0.0,0.0,1
162.700,0,0,0.0,0.0,1
162.700,0,0,0.0,0.0,1
162.700,0,0,0.0,0.0,1
162.700,0,0,0.0,0.0,1
162.800,0,0,0.0,0.0,1
162.800,0,0,0.0,0.0,1
162.800,0,0,0.0,0.0,1
162.800,0,0,0.0,0.0,1
162.800,0,0,0.0,0.0,1
162.900,0,0,0.0,0.0,1
162.900,0,0,0.0,0.0,1
162.900,0,0,0.0,0.0,1
162.900,0,0,0.0,0.0,1
162.900,0,0,0.0,0.0,1
163.000,0,0,0.0,0.0,1
163.000,0,0,0.0,0.0,1
163.000,0,0,0.0,0.0,1
163.000,0,0,0.0,0.0,1
163.000,0,0,0.0,0.0,1
163.100,0,0,0.0,0.0,1
163.100,0,0,0.0,0.0,1
163.100,0,0,0.0,0.0,1
163.100,0,0,0.0,0.0,1
163.100,0,0,0.0,0.0,1
163.100,0,0,0.0,0.0,1
163.200,0,0,0.0,0.0,1
163.200,0,0,0.0,0.0,1
163.200,0,0,0.0,0.0,1
163.200,0,0,0.0,0.0,1
163.200,0,0,0.0,0.0,1
163.300,0,0,0.0,0.0,1
163.300,0,0,0.0,0.0,1
163.300,0,0,0.0,0.0,1
163.300,0,0,0.0,0.0,1
163.300,0,0,0.0,0.0,1
163.400,0,0,0.0,0.0,1
163.400,0,0,0.0,0.0,1
163.400,0,0,0.0,0.0,1
163.400,0,0,0.0,0.0,1
163.400,0,0,0.0,0.0,1
163.500,0,0,0.0,0.0,1
163.500,0,0,0.0,0.0,1
163.500,0,0,0.0,0.0,1
163.500,0,0,0.0,0.0,1
163.500,0,0,0.0,0.0,1
163.600,0,0,0.0,0.0,1
163.600,0,0,0.0,0.0,1
163.600,0,0,0.0,0.0,1
163.600,0,0,0.0,0.0,1
163.600,0,0,0.0,0.0,1
163.600,0,0,0.0,0.0,1
163.700,0,0,0.0,0.0,1
163.700,0,0,0.0,0.0,1
163.700,0,0,0.0,0.0,1
163.700,0,0,0.0,0.0,1
163.700,0,0,0.0,0.0,1
163.800,0,0,0.0,0.0,1
163.800,0,0,0.0,0.0,1
163.800,0,0,0.0,0.0,1
163.800,0,0,0.0,0.0,1
163.800,0,0,0.0,0.0,1
163.900,0,0,0.0,0.0,1
163.900,0,0,0.0,0.0,1
163.900,0,0,0.0,0.0,1
163.900,0,0,0.0,0.0,1
163.900,0,0,0.0,0.0,1
164.000,0,0,0.0,0.0,1
164.000,0,0,0.0,0.0,1
164.000,0,0,0.0,0.0,1
164.000,0,0,0.0,0.0,1
164.000,0,0,0.0,0.0,1
164.100,0,0,0.0,0.0,1
164.100,0,0,0.0,0.0,1
164.100,0,0,0.0,0.0,1
164.100,0,0,0.0,0.0,1
164.100,0,0,0.0,0.0,1
164.100,0,0,0.0,0.0,1
164.200,0,0,0.0,0.0,1
164.200,0,0,0.0,0.0,1
164.200,0,0,0.0,0.0,1
164.200,0,0,0.0,0.0,1
164.200,0,0,0.0,0.0,1
164.300,0,0,0.0,0.0,1
164.300,0,0,0.0,0.0,1
164.300,0,0,0.0,0.0,1
164.300,0,0,0.0,0.0,1
164.300,0,0,0.0,0.0,1
164.400,0,0,0.0,0.0,1
164.400,0,0,0.0,0.0,1
164.400,0,0,0.0,0.0,1
164.400,0,0,0.0,0.0,1
164.400,0,0,0.0,0.0,1
164.500,0,0,0.0,0.0,1
164.500,0,0,0.0,0.0,1
164.500,0,0,0.0,0.0,1
164.500,0,0,0.0,0.0,1
164.500,0,0,0.0,0.0,1
164.500,0,0,0.0,0.0,1
164.600,0,0,0.0,0.0,1
164.600,0,0,0.0,0.0,1
164.600,0,0,0.0,0.0,1
164.600,0,0,0.0,0.0,1
164.600,0,0,0.0,0.0,1
164.700,0,0,0.0,0.0,1
164.700,0,0,0.0,0.0,1
164.700,0,0,0.0,0.0,1
164.700,0,0,0.0,0.0,1
164.700,0,0,0.0,0.0,1
164.800,0,0,0.0,0.0,1
164.800,0,0,0.0,0.0,1
164.800,0,0,0.0,0.0,1
164.800,0,0,0.0,0.0,1
164.800,0,0,0.0,0.0,1
164.900,0,0,0.0,0.0,1
164.900,0,0,0.0,0.0,1
164.900,0,0,0.0,0.0,1
164.900,0,0,0.0,0.0,1
164.900,0,0,0.0,0.0,1
165.000,0,0,0.0,0.0,1
165.000,0,0,0.0,0.0,1
165.000,0,0,0.0,0.0,1
165.000,0,0,0.0,0.0,1
165.000,0,0,0.0,0.0,1
165.000,0,0,0.0,0.0,1
165.100,0,0,0.0,0.0,1
165.100,0,0,0.0,0.0,1
165.100,0,0,0.0,0.0,1
165.100,0,0,0.0,0.0,1
165.100,0,0,0.0,0.0,1
165.200,0,0,0.0,0.0,1
165.200,0,0,0.0,0.0,1
165.200,0,0,0.0,0.0,1
165.200,0,0,0.0,0.0,1
165.200,0,0,0.0,0.0,1
165.300,0,0,0.0,0.0,1
165.300,0,0,0.0,0.0,1
165.300,0,0,0.0,0.0,1
165.300,0,0,0.0,0.0,1
165.300,0,0,0.0,0.0,1
165.400,0,0,0.0,0.0,1
165.400,0,0,0.0,0.0,1
165.400,0,0,0.0,0.0,1
165.400,0,0,0.0,0.0,1
165.400,0,0,0.0,0.0,1
165.400,0,0,0.0,0.0,1
165.500,0,0,0.0,0.0,1
165.500,0,0,0.0,0.0,1
165.500,0,0,0.0,0.0,1
165.500,0,0,0.0,0.0,1
165.500,0,0,0.0,0.0,1
165.600,0,0,0.0,0.0,1
165.600,0,0,0.0,0.0,1
165.600,0,0,0.0,0.0,1
165.600,0,0,0.0,0.0,1
165.600,0,0,0.0,0.0,1
165.700,0,0,0.0,0.0,1
165.700,0,0,0.0,0.0,1
165.700,0,0,0.0,0.0,1
165.700,0,0,0.0,0.0,1
165.700,0,0,0.0,0.0,1
165.800,0,0,0.0,0.0,1
165.800,0,0,0.0,0.0,1
165.800,0,0,0.0,0.0,1
165.800,0,0,0.0,0.0,1
165.800,0,0,0.0,0.0,1
165.900,0,0,0.0,0.0,1
165.900,0,0,0.0,0.0,1
165.900,0,0,0.0,0.0,1
165.900,0,0,0.0,0.0,1
165.900,0,0,0.0,0.0,1
165.900,0,0,0.0,0.0,1
166.000,0,0,0.0,0.0,1
166.000,0,0,0.0,0.0,1
166.000,0,0,0.0,0.0,1
166.000,0,0,0.0,0.0,1
166.000,0,0,0.0,0.0,1
166.100,0,0,0.0,0.0,1
166.100,0,0,0.0,0.0,1
166.100,0,0,0.0,0.0,1
166.100,0,0,0.0,0.0,1
166.100,0,0,0.0,0.0,1
166.200,0,0,0.0,0.0,1
166.200,0,0,0.0,0.0,1
166.200,0,0,0.0,0.0,1
166.200,0,0,0.0,0.0,1
166.200,0,0,0.0,0.0,1
166.300,0,0,0.0,0.0,1
166.300,0,0,0.0,0.0,1
166.300,0,0,0.0,0.0,1
166.300,0,0,0.0,0.0,1
166.300,0,0,0.0,0.0,1
166.400,0,0,0.0,0.0,1
166.400,0,0,0.0,0.0,1
166.400,0,0,0.0,0.0,1
166.400,0,0,0.0,0.0,1
166.400,0,0,0.0,0.0,1
166.400,0,0,0.0,0.0,1
166.500,0,0,0.0,0.0,1
166.500,0,0,0.0,0.0,1
166.500,0,0,0.0,0.0,1
166.500,0,0,0.0,0.0,1
166.500,0,0,0.0,0.0,1
166.600,0,0,0.0,0.0,1
166.600,0,0,0.0,0.0,1
166.600,0,0,0.0,0.0,1
166.600,0,0,0.0,0.0,1
166.600,0,0,0.0,0.0,1
166.700,0,0,0.0,0.0,1
166.700,0,0,0.0,0.0,1
166.700,0,0,0.0,0.0,1
166.700,0,0,0.0,0.0,1
166.700,0,0,0.0,0.0,1
166.800,0,0,0.0,0.0,1
166.800,0,0,0.0,0.0,1
166.800,0,0,0.0,0.0,1
166.800,0,0,0.0,0.0,1
166.800,0,0,0.0,0.0,1
166.800,0,0,0.0,0.0,1
166.900,0,0,0.0,0.0,1
166.900,0,0,0.0,0.0,1
166.900,0,0,0.0,0.0,1
166.900,0,0,0.0,0.0,1
166.900,0,0,0.0,0.0,1
167.000,0,0,0.0,0.0,1
167.000,0,0,0.0,0.0,1
167.000,0,0,0.0,0.0,1
167.000,0,0,0.0,0.0,1
167.000,0,0,0.0,0.0,1
167.100,0,0,0.0,0.0,1
167.100,0,0,0.0,0.0,1
167.100,0,0,0.0,0.0,1
167.100,0,0,0.0,0.0,1
167.100,0,0,0.0,0.0,1
167.200,0,0,0.0,0.0,1
167.200,0,0,0.0,0.0,1
167.200,0,0,0.0,0.0,1
167.200,0,0,0.0,0.0,1
167.200,0,0,0.0,0.0,1
167.300,0,0,0.0,0.0,1
167.300,0,0,0.0,0.0,1
167.300,0,0,0.0,0.0,1
167.300,0,0,0.0,0.0,1
167.300,0,0,0.0,0.0,1
167.300,0,0,0.0,0.0,1
167.400,0,0,0.0,0.0,1
167.400,0,0,0.0,0.0,1
167.400,0,0,0.0,0.0,1
167.400,0,0,0.0,0.0,1
167.400,0,0,0.0,0.0,1
167.500,0,0,0.0,0.0,1
167.500,0,0,0.0,0.0,1
167.500,0,0,0.0,0.0,1
167.500,0,0,0.0,0.0,1
167.500,0,0,0.0,0.0,1
167.600,0,0,0.0,0.0,1
167.600,0,0,0.0,0.0,1
167.600,0,0,0.0,0.0,1
167.600,0,0,0.0,0.0,1
167.600,0,0,0.0,0.0,1
167.700,0,0,0.0,0.0,1
167.700,0,0,0.0,0.0,1
167.700,0,0,0.0,0.0,1
167.700,0,0,0.0,0.0,1
167.700,0,0,0.0,0.0,1
167.700,0,0,0.0,0.0,1
167.800,0,0,0.0,0.0,1
167.800,0,0,0.0,0.0,1
167.800,0,0,0.0,0.0,1
167.800,0,0,0.0,0.0,1
167.800,0,0,0.0,0.0,1
167.900,0,0,0.0,0.0,1
167.900,0,0,0.0,0.0,1
167.900,0,0,0.0,0.0,1
167.900,0,0,0.0,0.0,1
167.900,0,0,0.0,0.0,1
168.000,0,0,0.0,0.0,1
168.000,0,0,0.0,0.0,1
168.000,0,0,0.0,0.0,1
168.000,0,0,0.0,0.0,1
168.000,0,0,0.0,0.0,1
168.100,0,0,0.0,0.0,1
168.100,0,0,0.0,0.0,1
168.100,0,0,0.0,0.0,1
168.100,0,0,0.0,0.0,1
168.100,0,0,0.0,0.0,1
168.200,0,0,0.0,0.0,1
168.200,0,0,0.0,0.0,1
168.200,0,0,0.0,0.0,1
168.200,0,0,0.0,0.0,1
168.200,0,0,0.0,0.0,1
168.200,0,0,0.0,0.0,1
168.300,0,0,0.0,0.0,1
168.300,0,0,0.0,0.0,1
168.300,0,0,0.0,0.0,1
168.300,0,0,0.0,0.0,1
168.300,0,0,0.0,0.0,1
168.400,0,0,0.0,0.0,1
168.400,0,0,0.0,0.0,1
168.400,0,0,0.0,0.0,1
168.400,0,0,0.0,0.0,1
168.400,0,0,0.0,0.0,1
168.500,0,0,0.0,0.0,1
168.500,0,0,0.0,0.0,1
168.500,0,0,0.0,0.0,1
168.500,0,0,0.0,0.0,1
168.500,0,0,0.0,0.0,1
168.600,0,0,0.0,0.0,1
168.600,0,0,0.0,0.0,1
168.600,0,0,0.0,0.0,1
168.600,0,0,0.0,0.0,1
168.600,0,0,0.0,0.0,1
168.700,0,0,0.0,0.0,1
168.700,0,0,0.0,0.0,1
168.700,0,0,0.0,0.0,1
168.700,0,0,0.0,0.0,1
168.700,0,0,0.0,0.0,1
168.700,0,0,0.0,0.0,1
168.800,0,0,0.0,0.0,1
168.800,0,0,0.0,0.0,1
168.800,0,0,0.0,0.0,1
168.800,0,0,0.0,0.0,1
168.800,0,0,0.0,0.0,1
168.900,0,0,0.0,0.0,1
168.900,0,0,0.0,0.0,1
168.900,0,0,0.0,0.0,1
168.900,0,0,0.0,0.0,1
168.900,0,0,0.0,0.0,1
169.000,0,0,0.0,0.0,1
169.000,0,0,0.0,0.0,1
169.000,0,0,0.0,0.0,1
169.000,0,0,0.0,0.0,1
169.000,0,0,0.0,0.0,1
169.100,0,0,0.0,0.0,1
169.100,0,0,0.0,0.0,1
169.100,0,0,0.0,0.0,1
169.100,0,0,0.0,0.0,1
169.100,0,0,0.0,0.0,1
169.100,0,0,0.0,0.0,1
169.200,0,0,0.0,0.0,1
169.200,0,0,0.0,0.0,1
169.200,0,0,0.0,0.0,1
169.200,0,0,0.0,0.0,1
169.200,0,0,0.0,0.0,1
169.300,0,0,0.0,0.0,1
169.300,0,0,0.0,0.0,1
169.300,0,0,0.0,0.0,1
169.300,0,0,0.0,0.0,1
169.300,0,0,0.0,0.0,1
169.400,0,0,0.0,0.0,1
169.400,0,0,0.0,0.0,1
169.400,0,0,0.0,0.0,1
169.400,0,0,0.0,0.0,1
169.400,0,0,0.0,0.0,1
169.500,0,0,0.0,0.0,1
169.500,0,0,0.0,0.0,1
169.500,0,0,0.0,0.0,1
169.500,0,0,0.0,0.0,1
169.500,0,0,0.0,0.0,1
169.600,0,0,0.0,0.0,1
169.600,0,0,0.0,0.0,1
169.600,0,0,0.0,0.0,1
169.600,0,0,0.0,0.0,1
169.600,0,0,0.0,0.0,1
169.600,0,0,0.0,0.0,1
169.700,0,0,0.0,0.0,1
169.700,0,0,0.0,0.0,1
169.700,0,0,0.0,0.0,1
169.700,0,0,0.0,0.0,1
169.700,0,0,0.0,0.0,1
169.800,0,0,0.0,0.0,1
169.800,0,0,0.0,0.0,1
169.800,0,0,0.0,0.0,1
169.800,0,0,0.0,0.0,1
169.800,0,0,0.0,0.0,1
169.900,0,0,0.0,0.0,1
169.900,0,0,0.0,0.0,1
169.900,0,0,0.0,0.0,1
169.900,0,0,0.0,0.0,1
169.900,0,0,0.0,0.0,1
170.000,0,0,0.0,0.0,1
170.000,0,0,0.0,0.0,1
170.000,0,0,0.0,0.0,1
170.000,0,0,0.0,0.0,1
170.000,0,0,0.0,0.0,1
170.000,0,0,0.0,0.0,1
170.100,0,0,0.0,0.0,1
170.100,0,0,0.0,0.0,1
170.100,0,0,0.0,0.0,1
170.100,0,0,0.0,0.0,1
170.100,0,0,0.0,0.0,1
170.200,0,0,0.0,0.0,1
170.200,0,0,0.0,0.0,1
170.200,0,0,0.0,0.0,1
170.200,0,0,0.0,0.0,1
170.200,0,0,0.0,0.0,1
170.300,0,0,0.0,0.0,1
170.300,0,0,0.0,0.0,1
170.300,0,0,0.0,0.0,1
170.300,0,0,0.0,0.0,1
170.300,0,0,0.0,0.0,1
170.400,0,0,0.0,0.0,1
170.400,0,0,0.0,0.0,1
170.400,0,0,0.0,0.0,1
170.400,0,0,0.0,0.0,1
170.400,0,0,0.0,0.0,1
170.500,0,0,0.0,0.0,1
170.500,0,0,0.0,0.0,1
170.500,0,0,0.0,0.0,1
170.500,0,0,0.0,0.0,1
170.500,0,0,0.0,0.0,1
170.500,0,0,0.0,0.0,1
170.600,0,0,0.0,0.0,1
170.600,0,0,0.0,0.0,1
170.600,0,0,0.0,0.0,1
170.600,0,0,0.0,0.0,1
170.600,0,0,0.0,0.0,1
170.700,0,0,0.0,0.0,1
170.700,0,0,0.0,0.0,1
170.700,0,0,0.0,0.0,1
170.700,0,0,0.0,0.0,1
170.700,0,0,0.0,0.0,1
170.800,0,0,0.0,0.0,1
170.800,0,0,0.0,0.0,1
170.800,0,0,0.0,0.0,1
170.800,0,0,0.0,0.0,1
170.800,0,0,0.0,0.0,1
170.900,0,0,0.0,0.0,1
170.900,0,0,0.0,0.0,1
170.900,0,0,0.0,0.0,1
170.900,0,0,0.0,0.0,1
170.900,0,0,0.0,0.0,1
170.900,0,0,0.0,0.0,1
171.000,0,0,0.0,0.0,1
171.000,0,0,0.0,0.0,1
171.000,0,0,0.0,0.0,1
171.000,0,0,0.0,0.0,1
171.000,0,0,0.0,0.0,1
171.100,0,0,0.0,0.0,1
171.100,0,0,0.0,0.0,1
171.100,0,0,0.0,0.0,1
171.100,0,0,0.0,0.0,1
171.100,0,0,0.0,0.0,1
171.200,0,0,0.0,0.0,1
171.200,0,0,0.0,0.0,1
171.200,0,0,0.0,0.0,1
171.200,0,0,0.0,0.0,1
171.200,0,0,0.0,0.0,1
171.300,0,0,0.0,0.0,1
171.300,0,0,0.0,0.0,1
171.300,0,0,0.0,0.0,1
171.300,0,0,0.0,0.0,1
171.300,0,0,0.0,0.0,1
171.400,0,0,0.0,0.0,1
171.400,0,0,0.0,0.0,1
171.400,0,0,0.0,0.0,1
171.400,0,0,0.0,0.0,1
171.400,0,0,0.0,0.0,1
171.400,0,0,0.0,0.0,1
171.500,0,0,0.0,0.0,1
171.500,0,0,0.0,0.0,1
171.500,0,0,0.0,0.0,1
171.500,0,0,0.0,0.0,1
171.500,0,0,0.0,0.0,1
171.600,0,0,0.0,0.0,1
171.600,0,0,0.0,0.0,1
171.600,0,0,0.0,0.0,1
171.600,0,0,0.0,0.0,1
171.600,0,0,0.0,0.0,1
171.700,0,0,0.0,0.0,1
171.700,0,0,0.0,0.0,1
171.700,0,0,0.0,0.0,1
171.700,0,0,0.0,0.0,1
171.700,0,0,0.0,0.0,1
171.800,0,0,0.0,0.0,1
171.800,0,0,0.0,0.0,1
171.800,0,0,0.0,0.0,1
171.800,0,0,0.0,0.0,1
171.800,0,0,0.0,0.0,1
171.900,0,0,0.0,0.0,1
171.900,0,0,0.0,0.0,1
171.900,0,0,0.0,0.0,1
171.900,0,0,0.0,0.0,1
171.900,0,0,0.0,0.0,1
171.900,0,0,0.0,0.0,1
172.000,0,0,0.0,0.0,1
172.000,0,0,0.0,0.0,1
172.000,0,0,0.0,0.0,1
172.000,0,0,0.0,0.0,1
172.000,0,0,0.0,0.0,1
172.100,0,0,0.0,0.0,1
172.100,0,0,0.0,0.0,1
172.100,0,0,0.0,0.0,1
172.100,0,0,0.0,0.0,1
172.100,0,0,0.0,0.0,1
172.200,0,0,0.0,0.0,1
172.200,0,0,0.0,0.0,1
172.200,0,0,0.0,0.0,1
172.200,0,0,0.0,0.0,1
172.200,0,0,0.0,0.0,1
172.300,0,0,0.0,0.0,1
172.300,0,0,0.0,0.0,1
172.300,0,0,0.0,0.0,1
172.300,0,0,0.0,0.0,1
172.300,0,0,0.0,0.0,1
172.300,0,0,0.0,0.0,1
172.400,0,0,0.0,0.0,1
172.400,0,0,0.0,0.0,1
172.400,0,0,0.0,0.0,1
172.400,0,0,0.0,0.0,1
172.400,0,0,0.0,0.0,1
172.500,0,0,0.0,0.0,1
172.500,0,0,0.0,0.0,1
172.500,0,0,0.0,0.0,1
172.500,0,0,0.0,0.0,1
172.500,0,0,0.0,0.0,1
172.600,0,0,0.0,0.0,1
172.600,0,0,0.0,0.0,1
172.600,0,0,0.0,0.0,1
172.600,0,0,0.0,0.0,1
172.600,0,0,0.0,0.0,1
172.700,0,0,0.0,0.0,1
172.700,0,0,0.0,0.0,1
172.700,0,0,0.0,0.0,1
172.700,0,0,0.0,0.0,1
172.700,0,0,0.0,0.0,1
172.800,0,0,0.0,0.0,1
172.800,0,0,0.0,0.0,1
172.800,0,0,0.0,0.0,1
172.800,0,0,0.0,0.0,1
172.800,0,0,0.0,0.0,1
172.800,0,0,0.0,0.0,1
172.900,0,0,0.0,0.0,1
172.900,0,0,0.0,0.0,1
172.900,0,0,0.0,0.0,1
172.900,0,0,0.0,0.0,1
172.900,0,0,0.0,0.0,1
173.000,0,0,0.0,0.0,1
173.000,0,0,0.0,0.0,1
173.000,0,0,0.0,0.0,1
173.000,0,0,0.0,0.0,1
173.000,0,0,0.0,0.0,1
173.100,0,0,0.0,0.0,1
173.100,0,0,0.0,0.0,1
173.100,0,0,0.0,0.0,1
173.100,0,0,0.0,0.0,1
173.100,0,0,0.0,0.0,1
173.200,0,0,0.0,0.0,1
173.200,0,0,0.0,0.0,1
173.200,0,0,0.0,0.0,1
173.200,0,0,0.0,0.0,1
173.200,0,0,0.0,0.0,1
173.200,0,0,0.0,0.0,1
173.300,0,0,0.0,0.0,1
173.300,0,0,0.0,0.0,1
173.300,0,0,0.0,0.0,1
173.300,0,0,0.0,0.0,1
173.300,0,0,0.0,0.0,1
173.400,0,0,0.0,0.0,1
173.400,0,0,0.0,0.0,1
173.400,0,0,0.0,0.0,1
173.400,0,0,0.0,0.0,1
173.400,0,0,0.0,0.0,1
173.500,0,0,0.0,0.0,1
173.500,0,0,0.0,0.0,1
173.500,0,0,0.0,0.0,1
173.500,0,0,0.0,0.0,1
173.500,0,0,0.0,0.0,1
173.600,0,0,0.0,0.0,1
173.600,0,0,0.0,0.0,1
173.600,0,0,0.0,0.0,1
173.600,0,0,0.0,0.0,1
173.600,0,0,0.0,0.0,1
173.700,0,0,0.0,0.0,1
173.700,0,0,0.0,0.0,1
173.700,0,0,0.0,0.0,1
173.700,0,0,0.0,0.0,1
173.700,0,0,0.0,0.0,1
173.700,0,0,0.0,0.0,1
173.800,0,0,0.0,0.0,1
173.800,0,0,0.0,0.0,1
173.800,0,0,0.0,0.0,1
173.800,0,0,0.0,0.0,1
173.800,0,0,0.0,0.0,1
173.900,0,0,0.0,0.0,1
173.900,0,0,0.0,0.0,1
173.900,0,0,0.0,0.0,1
173.900,0,0,0.0,0.0,1
173.900,0,0,0.0,0.0,1
174.000,0,0,0.0,0.0,1
174.000,0,0,0.0,0.0,1
174.000,0,0,0.0,0.0,1
174.000,0,0,0.0,0.0,1
174.000,0,0,0.0,0.0,1
174.100,0,0,0.0,0.0,1
174.100,0,0,0.0,0.0,1
174.100,0,0,0.0,0.0,1
174.100,0,0,0.0,0.0,1
174.100,0,0,0.0,0.0,1
174.200,0,0,0.0,0.0,1
174.200,0,0,0.0,0.0,1
174.200,0,0,0.0,0.0,1
174.200,0,0,0.0,0.0,1
174.200,0,0,0.0,0.0,1
174.200,0,0,0.0,0.0,1
174.300,0,0,0.0,0.0,1
174.300,0,0,0.0,0.0,1
174.300,0,0,0.0,0.0,1
174.300,0,0,0.0,0.0,1
174.300,0,0,0.0,0.0,1
174.400,0,0,0.0,0.0,1
174.400,0,0,0.0,0.0,1
174.400,0,0,0.0,0.0,1
174.400,0,0,0.0,0.0,1
174.400,0,0,0.0,0.0,1
174.500,0,0,0.0,0.0,1
174.500,0,0,0.0,0.0,1
174.500,0,0,0.0,0.0,1
174.500,0,0,0.0,0.0,1
174.500,0,0,0.0,0.0,1
174.600,0,0,0.0,0.0,1
174.600,0,0,0.0,0.0,1
174.600,0,0,0.0,0.0,1
174.600,0,0,0.0,0.0,1
174.600,0,0,0.0,0.0,1
174.600,0,0,0.0,0.0,1
174.700,0,0,0.0,0.0,1
174.700,0,0,0.0,0.0,1
174.700,0,0,0.0,0.0,1
174.700,0,0,0.0,0.0,1
174.700,0,0,0.0,0.0,1
174.800,0,0,0.0,0.0,1
174.800,0,0,0.0,0.0,1
174.800,0,0,0.0,0.0,1
174.800,0,0,0.0,0.0,1
174.800,0,0,0.0,0.0,1
174.900,0,0,0.0,0.0,1
174.900,0,0,0.0,0.0,1
174.900,0,0,0.0,0.0,1
174.900,0,0,0.0,0.0,1
174.900,0,0,0.0,0.0,1
175.000,0,0,0.0,0.0,1
175.000,0,0,0.0,0.0,1
175.000,0,0,0.0,0.0,1
175.000,0,0,0.0,0.0,1
175.000,0,0,0.0,0.0,1
175.100,0,0,0.0,0.0,1
175.100,0,0,0.0,0.0,1
175.100,0,0,0.0,0.0,1
175.100,0,0,0.0,0.0,1
175.100,0,0,0.0,0.0,1
175.100,0,0,0.0,0.0,1
175.200,0,0,0.0,0.0,1
175.200,0,0,0.0,0.0,1
175.200,0,0,0.0,0.0,1
175.200,0,0,0.0,0.0,1
175.200,0,0,0.0,0.0,1
175.300,0,0,0.0,0.0,1
175.300,0,0,0.0,0.0,1
175.300,0,0,0.0,0.0,1
175.300,0,0,0.0,0.0,1
175.300,0,0,0.0,0.0,1
175.400,0,0,0.0,0.0,1
175.400,0,0,0.0,0.0,1
175.400,0,0,0.0,0.0,1
175.400,0,0,0.0,0.0,1
175.400,0,0,0.0,0.0,1
175.500,0,0,0.0,0.0,1
175.500,0,0,0.0,0.0,1
175.500,0,0,0.0,0.0,1
175.500,0,0,0.0,0.0,1
175.500,0,0,0.0,0.0,1
175.500,0,0,0.0,0.0,1
175.600,0,0,0.0,0.0,1
175.600,0,0,0.0,0.0,1
175.600,0,0,0.0,0.0,1
175.600,0,0,0.0,0.0,1
175.600,0,0,0.0,0.0,1
175.700,0,0,0.0,0.0,1
175.700,0,0,0.0,0.0,1
175.700,0,0,0.0,0.0,1
175.700,0,0,0.0,0.0,1
175.700,0,0,0.0,0.0,1
175.800,0,0,0.0,0.0,1
175.800,0,0,0.0,0.0,1
175.800,0,0,0.0,0.0,1
175.800,0,0,0.0,0.0,1
175.800,0,0,0.0,0.0,1
175.900,0,0,0.0,0.0,1
175.900,0,0,0.0,0.0,1
175.900,0,0,0.0,0.0,1
175.900,0,0,0.0,0.0,1
175.900,0,0,0.0,0.0,1
176.000,0,0,0.0,0.0,1
176.000,0,0,0.0,0.0,1
176.000,0,0,0.0,0.0,1
176.000,0,0,0.0,0.0,1
176.000,0,0,0.0,0.0,1
176.000,0,0,0.0,0.0,1
176.100,0,0,0.0,0.0,1
176.100,0,0,0.0,0.0,1
176.100,0,0,0.0,0.0,1
176.100,0,0,0.0,0.0,1
176.100,0,0,0.0,0.0,1
176.200,0,0,0.0,0.0,1
176.200,0,0,0.0,0.0,1
176.200,0,0,0.0,0.0,1
176.200,0,0,0.0,0.0,1
176.200,0,0,0.0,0.0,1
176.300,0,0,0.0,0.0,1
176.300,0,0,0.0,0.0,1
176.300,0,0,0.0,0.0,1
176.300,0,0,0.0,0.0,1
176.300,0,0,0.0,0.0,1
176.400,0,0,0.0,0.0,1
176.400,0,0,0.0,0.0,1
176.400,0,0,0.0,0.0,1
176.400,0,0,0.0,0.0,1
176.400,0,0,0.0,0.0,1
176.400,0,0,0.0,0.0,1
176.500,0,0,0.0,0.0,1
176.500,0,0,0.0,0.0,1
176.500,0,0,0.0,0.0,1
176.500,0,0,0.0,0.0,1
176.500,0,0,0.0,0.0,1
176.600,0,0,0.0,0.0,1
176.600,0,0,0.0,0.0,1
176.600,0,0,0.0,0.0,1
176.600,0,0,0.0,0.0,1
176.600,0,0,0.0,0.0,1
176.700,0,0,0.0,0.0,1
176.700,0,0,0.0,0.0,1
176.700,0,0,0.0,0.0,1
176.700,0,0,0.0,0.0,1
176.700,0,0,0.0,0.0,1
176.800,0,0,0.0,0.0,1
176.800,0,0,0.0,0.0,1
176.800,0,0,0.0,0.0,1
176.800,0,0,0.0,0.0,1
176.800,0,0,0.0,0.0,1
176.900,0,0,0.0,0.0,1
176.900,0,0,0.0,0.0,1
176.900,0,0,0.0,0.0,1
176.900,0,0,0.0,0.0,1
176.900,0,0,0.0,0.0,1
176.900,0,0,0.0,0.0,1
177.000,0,0,0.0,0.0,1
177.000,0,0,0.0,0.0,1
177.000,0,0,0.0,0.0,1
177.000,0,0,0.0,0.0,1
177.000,0,0,0.0,0.0,1
177.100,0,0,0.0,0.0,1
177.100,0,0,0.0,0.0,1
177.100,0,0,0.0,0.0,1
177.100,0,0,0.0,0.0,1
177.100,0,0,0.0,0.0,1
177.200,0,0,0.0,0.0,1
177.200,0,0,0.0,0.0,1
177.200,0,0,0.0,0.0,1
177.200,0,0,0.0,0.0,1
177.200,0,0,0.0,0.0,1
177.300,0,0,0.0,0.0,1
177.300,0,0,0.0,0.0,1
177.300,0,0,0.0,0.0,1
177.300,0,0,0.0,0.0,1
177.300,0,0,0.0,0.0,1
177.400,0,0,0.0,0.0,1
177.400,0,0,0.0,0.0,1
177.400,0,0,0.0,0.0,1
177.400,0,0,0.0,0.0,1
177.400,0,0,0.0,0.0,1
177.400,0,0,0.0,0.0,1
177.500,0,0,0.0,0.0,1
177.500,0,0,0.0,0.0,1
177.500,0,0,0.0,0.0,1
177.500,0,0,0.0,0.0,1
177.500,0,0,0.0,0.0,1
177.600,0,0,0.0,0.0,1
177.600,0,0,0.0,0.0,1
177.600,0,0,0.0,0.0,1
177.600,0,0,0.0,0.0,1
177.600,0,0,0.0,0.0,1
177.700,0,0,0.0,0.0,1
177.700,0,0,0.0,0.0,1
177.700,0,0,0.0,0.0,1
177.700,0,0,0.0,0.0,1
177.700,0,0,0.0,0.0,1
177.800,0,0,0.0,0.0,1
177.800,0,0,0.0,0.0,1
177.800,0,0,0.0,0.0,1
177.800,0,0,0.0,0.0,1
177.800,0,0,0.0,0.0,1
177.800,0,0,0.0,0.0,1
177.900,0,0,0.0,0.0,1
177.900,0,0,0.0,0.0,1
177.900,0,0,0.0,0.0,1
177.900,0,0,0.0,0.0,1
177.900,0,0,0.0,0.0,1
178.000,0,0,0.0,0.0,1
178.000,0,0,0.0,0.0,1
178.000,0,0,0.0,0.0,1
178.000,0,0,0.0,0.0,1
178.000,0,0,0.0,0.0,1
178.100,0,0,0.0,0.0,1
178.100,0,0,0.0,0.0,1
178.100,0,0,0.0,0.0,1
178.100,0,0,0.0,0.0,1
178.100,0,0,0.0,0.0,1
178.200,0,0,0.0,0.0,1
178.200,0,0,0.0,0.0,1
178.200,0,0,0.0,0.0,1
178.200,0,0,0.0,0.0,1
178.200,0,0,0.0,0.0,1
178.300,0,0,0.0,0.0,1
178.300,0,0,0.0,0.0,1
178.300,0,0,0.0,0.0,1
178.300,0,0,0.0,0.0,1
178.300,0,0,0.0,0.0,1
178.300,0,0,0.0,0.0,1
178.400,0,0,0.0,0.0,1
178.400,0,0,0.0,0.0,1
178.400,0,0,0.0,0.0,1
178.400,0,0,0.0,0.0,1
178.400,0,0,0.0,0.0,1
178.500,0,0,0.0,0.0,1
178.500,0,0,0.0,0.0,1
178.500,0,0,0.0,0.0,1
178.500,0,0,0.0,0.0,1
178.500,0,0,0.0,0.0,1
178.600,0,0,0.0,0.0,1
178.600,0,0,0.0,0.0,1
178.600,0,0,0.0,0.0,1
178.600,0,0,0.0,0.0,1
178.600,0,0,0.0,0.0,1
178.700,0,0,0.0,0.0,1
178.700,0,0,0.0,0.0,1
178.700,0,0,0.0,0.0,1
178.700,0,0,0.0,0.0,1
178.700,0,0,0.0,0.0,1
178.700,0,0,0.0,0.0,1
178.800,0,0,0.0,0.0,1
178.800,0,0,0.0,0.0,1
178.800,0,0,0.0,0.0,1
178.800,0,0,0.0,0.0,1
178.800,0,0,0.0,0.0,1
178.900,0,0,0.0,0.0,1
178.900,0,0,0.0,0.0,1
178.900,0,0,0.0,0.0,1
178.900,0,0,0.0,0.0,1
178.900,0,0,0.0,0.0,1
179.000,0,0,0.0,0.0,1
179.000,0,0,0.0,0.0,1
179.000,0,0,0.0,0.0,1
179.000,0,0,0.0,0.0,1
179.000,0,0,0.0,0.0,1
179.100,0,0,0.0,0.0,1
179.100,0,0,0.0,0.0,1
179.100,0,0,0.0,0.0,1
179.100,0,0,0.0,0.0,1
179.100,0,0,0.0,0.0,1
179.200,0,0,0.0,0.0,1
179.200,0,0,0.0,0.0,1
179.200,0,0,0.0,0.0,1
179.200,0,0,0.0,0.0,1
179.200,0,0,0.0,0.0,1
179.200,0,0,0.0,0.0,1
179.300,0,0,0.0,0.0,1
179.300,0,0,0.0,0.0,1
179.300,0,0,0.0,0.0,1
179.300,0,0,0.0,0.0,1
179.300,0,0,0.0,0.0,1
179.400,0,0,0.0,0.0,1
179.400,0,0,0.0,0.0,1
179.400,0,0,0.0,0.0,1
179.400,0,0,0.0,0.0,1
179.400,0,0,0.0,0.0,1
179.500,0,0,0.0,0.0,1
179.500,0,0,0.0,0.0,1
179.500,0,0,0.0,0.0,1
179.500,0,0,0.0,0.0,1
179.500,0,0,0.0,0.0,1
179.600,0,0,0.0,0.0,1
179.600,0,0,0.0,0.0,1
179.600,0,0,0.0,0.0,1
179.600,0,0,0.0,0.0,1
179.600,0,0,0.0,0.0,1
179.700,0,0,0.0,0.0,1
179.700,0,0,0.0,0.0,1
179.700,0,0,0.0,0.0,1
179.700,0,0,0.0,0.0,1
179.700,0,0,0.0,0.0,1
179.700,0,0,0.0,0.0,1
179.800,0,0,0.0,0.0,1
179.800,0,0,0.0,0.0,1
179.800,0,0,0.0,0.0,1
179.800,0,0,0.0,0.0,1
179.800,0,0,0.0,0.0,1
179.900,0,0,0.0,0.0,1
179.900,0,0,0.0,0.0,1
179.900,0,0,0.0,0.0,1
179.900,0,0,0.0,0.0,1
179.900,0,0,0.0,0.0,1
180.000,0,0,0.0,0.0,1
180.000,0,0,0.0,0.0,1
180.000,0,0,0.0,0.0,1
180.000,0,0,0.0,0.0,1
180.000,0,0,0.0,0.0,1
180.100,0,0,0.0,0.0,1
180.100,0,0,0.0,0.0,1
180.100,0,0,0.0,0.0,1
180.100,0,0,0.0,0.0,1
180.100,0,0,0.0,0.0,1
180.100,0,0,0.0,0.0,1
180.200,0,0,0.0,0.0,1
180.200,0,0,0.0,0.0,1
180.200,0,0,0.0,0.0,1
180.200,0,0,0.0,0.0,1
180.200,0,0,0.0,0.0,1
180.300,0,0,0.0,0.0,1
180.300,0,0,0.0,0.0,1
180.300,0,0,0.0,0.0,1
180.300,0,0,0.0,0.0,1
180.300,0,0,0.0,0.0,1
180.400,0,0,0.0,0.0,1
180.400,0,0,0.0,0.0,1
180.400,0,0,0.0,0.0,1
180.400,0,0,0.0,0.0,1
180.400,0,0,0.0,0.0,1
180.500,0,0,0.0,0.0,1
180.500,0,0,0.0,0.0,1
180.500,0,0,0.0,0.0,1
180.500,0,0,0.0,0.0,1
180.500,0,0,0.0,0.0,1
180.600,0,0,0.0,0.0,1
180.600,0,0,0.0,0.0,1
180.600,0,0,0.0,0.0,1
180.600,0,0,0.0,0.0,1
180.600,0,0,0.0,0.0,1
180.600,0,0,0.0,0.0,1
180.700,0,0,0.0,0.0,1
180.700,0,0,0.0,0.0,1
180.700,0,0,0.0,0.0,1
180.700,0,0,0.0,0.0,1
180.700,0,0,0.0,0.0,1
180.800,0,0,0.0,0.0,1
180.800,0,0,0.0,0.0,1
180.800,0,0,0.0,0.0,1
180.800,0,0,0.0,0.0,1
180.800,0,0,0.0,0.0,1
180.900,0,0,0.0,0.0,1
180.900,0,0,0.0,0.0,1
180.900,0,0,0.0,0.0,1
180.900,0,0,0.0,0.0,1
180.900,0,0,0.0,0.0,1
181.000,0,0,0.0,0.0,1
181.000,0,0,0.0,0.0,1
181.000,0,0,0.0,0.0,1
181.000,0,0,0.0,0.0,1
181.000,0,0,0.0,0.0,1
181.000,0,0,0.0,0.0,1
181.100,0,0,0.0,0.0,1
181.100,0,0,0.0,0.0,1
181.100,0,0,0.0,0.0,1
181.100,0,0,0.0,0.0,1
181.100,0,0,0.0,0.0,1
181.200,0,0,0.0,0.0,1
181.200,0,0,0.0,0.0,1
181.200,0,0,0.0,0.0,1
181.200,0,0,0.0,0.0,1
181.200,0,0,0.0,0.0,1
181.300,0,0,0.0,0.0,1
181.300,0,0,0.0,0.0,1
181.300,0,0,0.0,0.0,1
181.300,0,0,0.0,0.0,1
181.300,0,0,0.0,0.0,1
181.400,0,0,0.0,0.0,1
181.400,0,0,0.0,0.0,1
181.400,0,0,0.0,0.0,1
181.400,0,0,0.0,0.0,1
181.400,0,0,0.0,0.0,1
181.500,0,0,0.0,0.0,1
181.500,0,0,0.0,0.0,1
181.500,0,0,0.0,0.0,1
181.500,0,0,0.0,0.0,1
181.500,0,0,0.0,0.0,1
181.500,0,0,0.0,0.0,1
181.600,0,0,0.0,0.0,1
181.600,0,0,0.0,0.0,1
181.600,0,0,0.0,0.0,1
181.600,0,0,0.0,0.0,1
181.600,0,0,0.0,0.0,1
181.700,0,0,0.0,0.0,1
181.700,0,0,0.0,0.0,1
181.700,0,0,0.0,0.0,1
181.700,0,0,0.0,0.0,1
181.700,0,0,0.0,0.0,1
181.800,0,0,0.0,0.0,1
181.800,0,0,0.0,0.0,1
181.800,0,0,0.0,0.0,1
181.800,0,0,0.0,0.0,1
181.800,0,0,0.0,0.0,1
181.900,0,0,0.0,0.0,1
181.900,0,0,0.0,0.0,1
181.900,0,0,0.0,0.0,1
181.900,0,0,0.0,0.0,1
181.900,0,0,0.0,0.0,1
182.000,0,0,0.0,0.0,1
182.000,0,0,0.0,0.0,1
182.000,0,0,0.0,0.0,1
182.000,0,0,0.0,0.0,1
182.000,0,0,0.0,0.0,1
182.000,0,0,0.0,0.0,1
182.100,0,0,0.0,0.0,1
182.100,0,0,0.0,0.0,1
182.100,0,0,0.0,0.0,1
182.100,0,0,0.0,0.0,1
182.100,0,0,0.0,0.0,1
182.200,0,0,0.0,0.0,1
182.200,0,0,0.0,0.0,1
182.200,0,0,0.0,0.0,1
182.200,0,0,0.0,0.0,1
182.200,0,0,0.0,0.0,1
182.300,0,0,0.0,0.0,1
182.300,0,0,0.0,0.0,1
182.300,0,0,0.0,0.0,1
182.300,0,0,0.0,0.0,1
182.300,0,0,0.0,0.0,1
182.400,0,0,0.0,0.0,1
182.400,0,0,0.0,0.0,1
182.400,0,0,0.0,0.0,1
182.400,0,0,0.0,0.0,1
182.400,0,0,0.0,0.0,1
182.400,0,0,0.0,0.0,1
182.500,0,0,0.0,0.0,1
182.500,0,0,0.0,0.0,1
182.500,0,0,0.0,0.0,1
182.500,0,0,0.0,0.0,1
182.500,0,0,0.0,0.0,1
182.600,0,0,0.0,0.0,1
182.600,0,0,0.0,0.0,1
182.600,0,0,0.0,0.0,1
182.600,0,0,0.0,0.0,1
182.600,0,0,0.0,0.0,1
182.700,0,0,0.0,0.0,1
182.700,0,0,0.0,0.0,1
182.700,0,0,0.0,0.0,1
182.700,0,0,0.0,0.0,1
182.700,0,0,0.0,0.0,1
182.800,0,0,0.0,0.0,1
182.800,0,0,0.0,0.0,1
182.800,0,0,0.0,0.0,1
182.800,0,0,0.0,0.0,1
182.800,0,0,0.0,0.0,1
182.900,0,0,0.0,0.0,1
182.900,0,0,0.0,0.0,1
182.900,0,0,0.0,0.0,1
182.900,0,0,0.0,0.0,1
182.900,0,0,0.0,0.0,1
182.900,0,0,0.0,0.0,1
183.000,0,0,0.0,0.0,1
183.000,0,0,0.0,0.0,1
183.000,0,0,0.0,0.0,1
183.000,0,0,0.0,0.0,1
183.000,0,0,0.0,0.0,1
183.100,0,0,0.0,0.0,1
183.100,0,0,0.0,0.0,1
183.100,0,0,0.0,0.0,1
183.100,0,0,0.0,0.0,1
183.100,0,0,0.0,0.0,1
183.200,0,0,0.0,0.0,1
183.200,0,0,0.0,0.0,1
183.200,0,0,0.0,0.0,1
183.200,0,0,0.0,0.0,1
183.200,0,0,0.0,0.0,1
183.300,0,0,0.0,0.0,1
183.300,0,0,0.0,0.0,1
183.300,0,0,0.0,0.0,1
183.300,0,0,0.0,0.0,1
183.300,0,0,0.0,0.0,1
183.300,0,0,0.0,0.0,1
183.400,0,0,0.0,0.0,1
183.400,0,0,0.0,0.0,1
183.400,0,0,0.0,0.0,1
183.400,0,0,0.0,0.0,1
183.400,0,0,0.0,0.0,1
183.500,0,0,0.0,0.0,1
183.500,0,0,0.0,0.0,1
183.500,0,0,0.0,0.0,1
183.500,0,0,0.0,0.0,1
183.500,0,0,0.0,0.0,1
183.600,0,0,0.0,0.0,1
183.600,0,0,0.0,0.0,1
183.600,0,0,0.0,0.0,1
183.600,0,0,0.0,0.0,1
183.600,0,0,0.0,0.0,1
183.700,0,0,0.0,0.0,1
183.700,0,0,0.0,0.0,1
183.700,0,0,0.0,0.0,1
183.700,0,0,0.0,0.0,1
183.700,0,0,0.0,0.0,1
183.800,0,0,0.0,0.0,1
183.800,0,0,0.0,0.0,1
183.800,0,0,0.0,0.0,1
183.800,0,0,0.0,0.0,1
183.800,0,0,0.0,0.0,1
183.800,0,0,0.0,0.0,1
183.900,0,0,0.0,0.0,1
183.900,0,0,0.0,0.0,1
183.900,0,0,0.0,0.0,1
183.900,0,0,0.0,0.0,1
183.900,0,0,0.0,0.0,1
184.000,0,0,0.0,0.0,1
184.000,0,0,0.0,0.0,1
184.000,0,0,0.0,0.0,1
184.000,0,0,0.0,0.0,1
184.000,0,0,0.0,0.0,1
184.100,0,0,0.0,0.0,1
184.100,0,0,0.0,0.0,1
184.100,0,0,0.0,0.0,1
184.100,0,0,0.0,0.0,1
184.100,0,0,0.0,0.0,1
184.200,0,0,0.0,0.0,1
184.200,0,0,0.0,0.0,1
184.200,0,0,0.0,0.0,1
184.200,0,0,0.0,0.0,1
184.200,0,0,0.0,0.0,1
184.300,0,0,0.0,0.0,1
184.300,0,0,0.0,0.0,1
184.300,0,0,0.0,0.0,1
184.300,0,0,0.0,0.0,1
184.300,0,0,0.0,0.0,1
184.300,0,0,0.0,0.0,1
184.400,0,0,0.0,0.0,1
184.400,0,0,0.0,0.0,1
184.400,0,0,0.0,0.0,1
184.400,0,0,0.0,0.0,1
184.400,0,0,0.0,0.0,1
184.500,0,0,0.0,0.0,1
184.500,0,0,0.0,0.0,1
184.500,0,0,0.0,0.0,1
184.500,0,0,0.0,0.0,1
184.500,0,0,0.0,0.0,1
184.600,0,0,0.0,0.0,1
184.600,0,0,0.0,0.0,1
184.600,0,0,0.0,0.0,1
184.600,0,0,0.0,0.0,1
184.600,0,0,0.0,0.0,1
184.700,0,0,0.0,0.0,1
184.700,0,0,0.0,0.0,1
184.700,0,0,0.0,0.0,1
184.700,0,0,0.0,0.0,1
184.700,0,0,0.0,0.0,1
184.700,0,0,0.0,0.0,1
184.800,0,0,0.0,0.0,1
184.800,0,0,0.0,0.0,1
184.800,0,0,0.0,0.0,1
184.800,0,0,0.0,0.0,1
184.800,0,0,0.0,0.0,1
184.900,0,0,0.0,0.0,1
184.900,0,0,0.0,0.0,1
184.900,0,0,0.0,0.0,1
184.900,0,0,0.0,0.0,1
184.900,0,0,0.0,0.0,1
185.000,0,0,0.0,0.0,1
185.000,0,0,0.0,0.0,1
185.000,0,0,0.0,0.0,1
185.000,0,0,0.0,0.0,1
185.000,0,0,0.0,0.0,1
185.100,0,0,0.0,0.0,1
185.100,0,0,0.0,0.0,1
185.100,0,0,0.0,0.0,1
185.100,0,0,0.0,0.0,1
185.100,0,0,0.0,0.0,1
185.200,0,0,0.0,0.0,1
185.200,0,0,0.0,0.0,1
185.200,0,0,0.0,0.0,1
185.200,0,0,0.0,0.0,1
185.200,0,0,0.0,0.0,1
185.200,0,0,0.0,0.0,1
185.300,0,0,0.0,0.0,1
185.300,0,0,0.0,0.0,1
185.300,0,0,0.0,0.0,1
185.300,0,0,0.0,0.0,1
185.300,0,0,0.0,0.0,1
185.400,0,0,0.0,0.0,1
185.400,0,0,0.0,0.0,1
185.400,0,0,0.0,0.0,1
185.400,0,0,0.0,0.0,1
185.400,0,0,0.0,0.0,1
185.500,0,0,0.0,0.0,1
185.500,0,0,0.0,0.0,1
185.500,0,0,0.0,0.0,1
185.500,0,0,0.0,0.0,1
185.500,0,0,0.0,0.0,1
185.600,0,0,0.0,0.0,1
185.600,0,0,0.0,0.0,1
185.600,0,0,0.0,0.0,1
185.600,0,0,0.0,0.0,1
185.600,0,0,0.0,0.0,1
185.600,0,0,0.0,0.0,1
185.700,0,0,0.0,0.0,1
185.700,0,0,0.0,0.0,1
185.700,0,0,0.0,0.0,1
185.700,0,0,0.0,0.0,1
185.700,0,0,0.0,0.0,1
185.800,0,0,0.0,0.0,1
185.800,0,0,0.0,0.0,1
185.800,0,0,0.0,0.0,1
185.800,0,0,0.0,0.0,1
185.800,0,0,0.0,0.0,1
185.900,0,0,0.0,0.0,1
185.900,0,0,0.0,0.0,1
185.900,0,0,0.0,0.0,1
185.900,0,0,0.0,0.0,1
185.900,0,0,0.0,0.0,1
186.000,0,0,0.0,0.0,1
186.000,0,0,0.0,0.0,1
186.000,0,0,0.0,0.0,1
186.000,0,0,0.0,0.0,1
186.000,0,0,0.0,0.0,1
186.100,0,0,0.0,0.0,1
186.100,0,0,0.0,0.0,1
186.100,0,0,0.0,0.0,1
186.100,0,0,0.0,0.0,1
186.100,0,0,0.0,0.0,1
186.100,0,0,0.0,0.0,1
186.200,0,0,0.0,0.0,1
186.200,0,0,0.0,0.0,1
186.200,0,0,0.0,0.0,1
186.200,0,0,0.0,0.0,1
186.200,0,0,0.0,0.0,1
186.300,0,0,0.0,0.0,1
186.300,0,0,0.0,0.0,1
186.300,0,0,0.0,0.0,1
186.300,0,0,0.0,0.0,1
186.300,0,0,0.0,0.0,1
186.400,0,0,0.0,0.0,1
186.400,0,0,0.0,0.0,1
186.400,0,0,0.0,0.0,1
186.400,0,0,0.0,0.0,1
186.400,0,0,0.0,0.0,1
186.500,0,0,0.0,0.0,1
186.500,0,0,0.0,0.0,1
186.500,0,0,0.0,0.0,1
186.500,0,0,0.0,0.0,1
186.500,0,0,0.0,0.0,1
186.600,0,0,0.0,0.0,1
186.600,0,0,0.0,0.0,1
186.600,0,0,0.0,0.0,1
186.600,0,0,0.0,0.0,1
186.600,0,0,0.0,0.0,1
186.600,0,0,0.0,0.0,1
186.700,0,0,0.0,0.0,1
186.700,0,0,0.0,0.0,1
186.700,0,0,0.0,0.0,1
186.700,0,0,0.0,0.0,1
186.700,0,0,0.0,0.0,1
186.800,0,0,0.0,0.0,1
186.800,0,0,0.0,0.0,1
186.800,0,0,0.0,0.0,1
186.800,0,0,0.0,0.0,1
186.800,0,0,0.0,0.0,1
186.900,0,0,0.0,0.0,1
186.900,0,0,0.0,0.0,1
186.900,0,0,0.0,0.0,1
186.900,0,0,0.0,0.0,1
186.900,0,0,0.0,0.0,1
187.000,0,0,0.0,0.0,1
187.000,0,0,0.0,0.0,1
187.000,0,0,0.0,0.0,1
187.000,0,0,0.0,0.0,1
187.000,0,0,0.0,0.0,1
187.000,0,0,0.0,0.0,1
187.100,0,0,0.0,0.0,1
187.100,0,0,0.0,0.0,1
187.100,0,0,0.0,0.0,1
187.100,0,0,0.0,0.0,1
187.100,0,0,0.0,0.0,1
187.200,0,0,0.0,0.0,1
187.200,0,0,0.0,0.0,1
187.200,0,0,0.0,0.0,1
187.200,0,0,0.0,0.0,1
187.200,0,0,0.0,0.0,1
187.300,0,0,0.0,0.0,1
187.300,0,0,0.0,0.0,1
187.300,0,0,0.0,0.0,1
187.300,0,0,0.0,0.0,1
187.300,0,0,0.0,0.0,1
187.400,0,0,0.0,0.0,1
187.400,0,0,0.0,0.0,1
187.400,0,0,0.0,0.0,1
187.400,0,0,0.0,0.0,1
187.400,0,0,0.0,0.0,1
187.500,0,0,0.0,0.0,1
187.500,0,0,0.0,0.0,1
187.500,0,0,0.0,0.0,1
187.500,0,0,0.0,0.0,1
187.500,0,0,0.0,0.0,1
187.500,0,0,0.0,0.0,1
187.600,0,0,0.0,0.0,1
187.600,0,0,0.0,0.0,1
187.600,0,0,0.0,0.0,1
187.600,0,0,0.0,0.0,1
187.600,0,0,0.0,0.0,1
187.700,0,0,0.0,0.0,1
187.700,0,0,0.0,0.0,1
187.700,0,0,0.0,0.0,1
187.700,0,0,0.0,0.0,1
187.700,0,0,0.0,0.0,1
187.800,0,0,0.0,0.0,1
187.800,0,0,0.0,0.0,1
187.800,0,0,0.0,0.0,1
187.800,0,0,0.0,0.0,1
187.800,0,0,0.0,0.0,1
187.900,0,0,0.0,0.0,1
187.900,0,0,0.0,0.0,1
187.900,0,0,0.0,0.0,1
187.900,0,0,0.0,0.0,1
187.900,0,0,0.0,0.0,1
187.900,0,0,0.0,0.0,1
188.000,0,0,0.0,0.0,1
188.000,0,0,0.0,0.0,1
188.000,0,0,0.0,0.0,1
188.000,0,0,0.0,0.0,1
188.000,0,0,0.0,0.0,1
188.100,0,0,0.0,0.0,1
188.100,0,0,0.0,0.0,1
188.100,0,0,0.0,0.0,1
188.100,0,0,0.0,0.0,1
188.100,0,0,0.0,0.0,1
188.200,0,0,0.0,0.0,1
188.200,0,0,0.0,0.0,1
188.200,0,0,0.0,0.0,1
188.200,0,0,0.0,0.0,1
188.200,0,0,0.0,0.0,1
188.300,0,0,0.0,0.0,1
188.300,0,0,0.0,0.0,1
188.300,0,0,0.0,0.0,1
188.300,0,0,0.0,0.0,1
188.300,0,0,0.0,0.0,1
188.400,0,0,0.0,0.0,1
188.400,0,0,0.0,0.0,1
188.400,0,0,0.0,0.0,1
188.400,0,0,0.0,0.0,1
188.400,0,0,0.0,0.0,1
188.400,0,0,0.0,0.0,1
188.500,0,0,0.0,0.0,1
188.500,0,0,0.0,0.0,1
188.500,0,0,0.0,0.0,1
188.500,0,0,0.0,0.0,1
188.500,0,0,0.0,0.0,1
188.600,0,0,0.0,0.0,1
188.600,0,0,0.0,0.0,1
188.600,0,0,0.0,0.0,1
188.600,0,0,0.0,0.0,1
188.600,0,0,0.0,0.0,1
188.700,0,0,0.0,0.0,1
188.700,0,0,0.0,0.0,1
188.700,0,0,0.0,0.0,1
188.700,0,0,0.0,0.0,1
188.700,0,0,0.0,0.0,1
188.800,0,0,0.0,0.0,1
188.800,0,0,0.0,0.0,1
188.800,0,0,0.0,0.0,1
188.800,0,0,0.0,0.0,1
188.800,0,0,0.0,0.0,1
188.900,0,0,0.0,0.0,1
188.900,0,0,0.0,0.0,1
188.900,0,0,0.0,0.0,1
188.900,0,0,0.0,0.0,1
188.900,0,0,0.0,0.0,1
188.900,0,0,0.0,0.0,1
189.000,0,0,0.0,0.0,1
189.000,0,0,0.0,0.0,1
189.000,0,0,0.0,0.0,1
189.000,0,0,0.0,0.0,1
189.000,0,0,0.0,0.0,1
189.100,0,0,0.0,0.0,1
189.100,0,0,0.0,0.0,1
189.100,0,0,0.0,0.0,1
189.100,0,0,0.0,0.0,1
189.100,0,0,0.0,0.0,1
189.200,0,0,0.0,0.0,1
189.200,0,0,0.0,0.0,1
189.200,0,0,0.0,0.0,1
189.200,0,0,0.0,0.0,1
189.200,0,0,0.0,0.0,1
189.300,0,0,0.0,0.0,1
189.300,0,0,0.0,0.0,1
189.300,0,0,0.0,0.0,1
189.300,0,0,0.0,0.0,1
189.300,0,0,0.0,0.0,1
189.300,0,0,0.0,0.0,1
189.400,0,0,0.0,0.0,1
189.400,0,0,0.0,0.0,1
189.400,0,0,0.0,0.0,1
189.400,0,0,0.0,0.0,1
189.400,0,0,0.0,0.0,1
189.500,0,0,0.0,0.0,1
189.500,0,0,0.0,0.0,1
189.500,0,0,0.0,0.0,1
189.500,0,0,0.0,0.0,1
189.500,0,0,0.0,0.0,1
189.600,0,0,0.0,0.0,1
189.600,0,0,0.0,0.0,1
189.600,0,0,0.0,0.0,1
189.600,0,0,0.0,0.0,1
189.600,0,0,0.0,0.0,1
189.700,0,0,0.0,0.0,1
189.700,0,0,0.0,0.0,1
189.700,0,0,0.0,0.0,1
189.700,0,0,0.0,0.0,1
189.700,0,0,0.0,0.0,1
189.800,0,0,0.0,0.0,1
189.800,0,0,0.0,0.0,1
189.800,0,0,0.0,0.0,1
189.800,0,0,0.0,0.0,1
189.800,0,0,0.0,0.0,1
189.800,0,0,0.0,0.0,1
189.900,0,0,0.0,0.0,1
189.900,0,0,0.0,0.0,1
189.900,0,0,0.0,0.0,1
189.900,0,0,0.0,0.0,1
189.900,0,0,0.0,0.0,1
190.000,0,0,0.0,0.0,1
190.000,0,0,0.0,0.0,1
190.000,0,0,0.0,0.0,1
190.000,0,0,0.0,0.0,1
190.000,0,0,0.0,0.0,1
190.100,0,0,0.0,0.0,1
190.100,0,0,0.0,0.0,1
190.100,0,0,0.0,0.0,1
190.100,0,0,0.0,0.0,1
190.100,0,0,0.0,0.0,1
190.200,0,0,0.0,0.0,1
190.200,0,0,0.0,0.0,1
190.200,0,0,0.0,0.0,1
190.200,0,0,0.0,0.0,1
190.200,0,0,0.0,0.0,1
190.200,0,0,0.0,0.0,1
190.300,0,0,0.0,0.0,1
190.300,0,0,0.0,0.0,1
190.300,0,0,0.0,0.0,1
190.300,0,0,0.0,0.0,1
190.300,0,0,0.0,0.0,1
190.400,0,0,0.0,0.0,1
190.400,0,0,0.0,0.0,1
190.400,0,0,0.0,0.0,1
190.400,0,0,0.0,0.0,1
190.400,0,0,0.0,0.0,1
190.500,0,0,0.0,0.0,1
190.500,0,0,0.0,0.0,1
190.500,0,0,0.0,0.0,1
190.500,0,0,0.0,0.0,1
190.500,0,0,0.0,0.0,1
190.600,0,0,0.0,0.0,1
190.600,0,0,0.0,0.0,1
190.600,0,0,0.0,0.0,1
190.600,0,0,0.0,0.0,1
190.600,0,0,0.0,0.0,1
190.700,0,0,0.0,0.0,1
190.700,0,0,0.0,0.0,1
190.700,0,0,0.0,0.0,1
190.700,0,0,0.0,0.0,1
190.700,0,0,0.0,0.0,1
190.700,0,0,0.0,0.0,1
190.800,0,0,0.0,0.0,1
190.800,0,0,0.0,0.0,1
190.800,0,0,0.0,0.0,1
190.800,0,0,0.0,0.0,1
190.800,0,0,0.0,0.0,1
190.900,0,0,0.0,0.0,1
190.900,0,0,0.0,0.0,1
190.900,0,0,0.0,0.0,1
190.900,0,0,0.0,0.0,1
190.900,0,0,0.0,0.0,1
191.000,0,0,0.0,0.0,1
191.000,0,0,0.0,0.0,1
191.000,0,0,0.0,0.0,1
191.000,0,0,0.0,0.0,1
191.000,0,0,0.0,0.0,1
191.100,0,0,0.0,0.0,1
191.100,0,0,0.0,0.0,1
191.100,0,0,0.0,0.0,1
191.100,0,0,0.0,0.0,1
191.100,0,0,0.0,0.0,1
191.200,0,0,0.0,0.0,1
191.200,0,0,0.0,0.0,1
191.200,0,0,0.0,0.0,1
191.200,0,0,0.0,0.0,1
191.200,0,0,0.0,0.0,1
191.200,0,0,0.0,0.0,1
191.300,0,0,0.0,0.0,1
191.300,0,0,0.0,0.0,1
191.300,0,0,0.0,0.0,1
191.300,0,0,0.0,0.0,1
191.300,0,0,0.0,0.0,1
191.400,0,0,0.0,0.0,1
191.400,0,0,0.0,0.0,1
191.400,0,0,0.0,0.0,1
191.400,0,0,0.0,0.0,1
191.400,0,0,0.0,0.0,1
191.500,0,0,0.0,0.0,1
191.500,0,0,0.0,0.0,1
191.500,0,0,0.0,0.0,1
191.500,0,0,0.0,0.0,1
191.500,0,0,0.0,0.0,1
191.600,0,0,0.0,0.0,1
191.600,0,0,0.0,0.0,1
191.600,0,0,0.0,0.0,1
191.600,0,0,0.0,0.0,1
191.600,0,0,0.0,0.0,1
191.600,0,0,0.0,0.0,1
191.700,0,0,0.0,0.0,1
191.700,0,0,0.0,0.0,1
191.700,0,0,0.0,0.0,1
191.700,0,0,0.0,0.0,1
191.700,0,0,0.0,0.0,1
191.800,0,0,0.0,0.0,1
191.800,0,0,0.0,0.0,1
191.800,0,0,0.0,0.0,1
191.800,0,0,0.0,0.0,1
191.800,0,0,0.0,0.0,1
191.900,0,0,0.0,0.0,1
191.900,0,0,0.0,0.0,1
191.900,0,0,0.0,0.0,1
191.900,0,0,0.0,0.0,1
191.900,0,0,0.0,0.0,1
192.000,0,0,0.0,0.0,1
192.000,0,0,0.0,0.0,1
192.000,0,0,0.0,0.0,1
192.000,0,0,0.0,0.0,1
192.000,0,0,0.0,0.0,1
192.100,0,0,0.0,0.0,1
192.100,0,0,0.0,0.0,1
192.100,0,0,0.0,0.0,1
192.100,0,0,0.0,0.0,1
192.100,0,0,0.0,0.0,1
192.100,0,0,0.0,0.0,1
192.200,0,0,0.0,0.0,1
192.200,0,0,0.0,0.0,1
192.200,0,0,0.0,0.0,1
192.200,0,0,0.0,0.0,1
192.200,0,0,0.0,0.0,1
192.300,0,0,0.0,0.0,1
192.300,0,0,0.0,0.0,1
192.300,0,0,0.0,0.0,1
192.300,0,0,0.0,0.0,1
192.300,0,0,0.0,0.0,1
192.400,0,0,0.0,0.0,1
192.400,0,0,0.0,0.0,1
192.400,0,0,0.0,0.0,1
192.400,0,0,0.0,0.0,1
192.400,0,0,0.0,0.0,1
192.500,0,0,0.0,0.0,1
192.500,0,0,0.0,0.0,1
192.500,0,0,0.0,0.0,1
192.500,0,0,0.0,0.0,1
192.500,0,0,0.0,0.0,1
192.500,0,0,0.0,0.0,1
192.600,0,0,0.0,0.0,1
192.600,0,0,0.0,0.0,1
192.600,0,0,0.0,0.0,1
192.600,0,0,0.0,0.0,1
192.600,0,0,0.0,0.0,1
192.700,0,0,0.0,0.0,1
192.700,0,0,0.0,0.0,1
192.700,0,0,0.0,0.0,1
192.700,0,0,0.0,0.0,1
192.700,0,0,0.0,0.0,1
192.800,0,0,0.0,0.0,1
192.800,0,0,0.0,0.0,1
192.800,0,0,0.0,0.0,1
192.800,0,0,0.0,0.0,1
192.800,0,0,0.0,0.0,1
192.900,0,0,0.0,0.0,1
192.900,0,0,0.0,0.0,1
192.900,0,0,0.0,0.0,1
192.900,0,0,0.0,0.0,1
192.900,0,0,0.0,0.0,1
193.000,0,0,0.0,0.0,1
193.000,0,0,0.0,0.0,1
193.000,0,0,0.0,0.0,1
193.000,0,0,0.0,0.0,1
193.000,0,0,0.0,0.0,1
193.000,0,0,0.0,0.0,1
193.100,0,0,0.0,0.0,1
193.100,0,0,0.0,0.0,1
193.100,0,0,0.0,0.0,1
193.100,0,0,0.0,0.0,1
193.100,0,0,0.0,0.0,1
193.200,0,0,0.0,0.0,1
193.200,0,0,0.0,0.0,1
193.200,0,0,0.0,0.0,1
193.200,0,0,0.0,0.0,1
193.200,0,0,0.0,0.0,1
193.300,0,0,0.0,0.0,1
193.300,0,0,0.0,0.0,1
193.300,0,0,0.0,0.0,1
193.300,0,0,0.0,0.0,1
193.300,0,0,0.0,0.0,1
193.400,0,0,0.0,0.0,1
193.400,0,0,0.0,0.0,1
193.400,0,0,0.0,0.0,1
193.400,0,0,0.0,0.0,1
193.400,0,0,0.0,0.0,1
193.500,0,0,0.0,0.0,1
193.500,0,0,0.0,0.0,1
193.500,0,0,0.0,0.0,1
193.500,0,0,0.0,0.0,1
193.500,0,0,0.0,0.0,1
193.500,0,0,0.0,0.0,1
193.600,0,0,0.0,0.0,1
193.600,0,0,0.0,0.0,1
193.600,0,0,0.0,0.0,1
193.600,0,0,0.0,0.0,1
193.600,0,0,0.0,0.0,1
193.700,0,0,0.0,0.0,1
193.700,0,0,0.0,0.0,1
193.700,0,0,0.0,0.0,1
193.700,0,0,0.0,0.0,1
193.700,0,0,0.0,0.0,1
193.800,0,0,0.0,0.0,1
193.800,0,0,0.0,0.0,1
193.800,0,0,0.0,0.0,1
193.800,0,0,0.0,0.0,1
193.800,0,0,0.0,0.0,1
193.900,0,0,0.0,0.0,1
193.900,0,0,0.0,0.0,1
193.900,0,0,0.0,0.0,1
193.900,0,0,0.0,0.0,1
193.900,0,0,0.0,0.0,1
193.900,0,0,0.0,0.0,1
194.000,0,0,0.0,0.0,1
194.000,0,0,0.0,0.0,1
194.000,0,0,0.0,0.0,1
194.000,0,0,0.0,0.0,1
194.000,0,0,0.0,0.0,1
194.100,0,0,0.0,0.0,1
194.100,0,0,0.0,0.0,1
194.100,0,0,0.0,0.0,1
194.100,0,0,0.0,0.0,1
194.100,0,0,0.0,0.0,1
194.200,0,0,0.0,0.0,1
194.200,0,0,0.0,0.0,1
194.200,0,0,0.0,0.0,1
194.200,0,0,0.0,0.0,1
194.200,0,0,0.0,0.0,1
194.300,0,0,0.0,0.0,1
194.300,0,0,0.0,0.0,1
194.300,0,0,0.0,0.0,1
194.300,0,0,0.0,0.0,1
194.300,0,0,0.0,0.0,1
194.400,0,0,0.0,0.0,1
194.400,0,0,0.0,0.0,1
194.400,0,0,0.0,0.0,1
194.400,0,0,0.0,0.0,1
194.400,0,0,0.0,0.0,1
194.400,0,0,0.0,0.0,1
194.500,0,0,0.0,0.0,1
194.500,0,0,0.0,0.0,1
194.500,0,0,0.0,0.0,1
194.500,0,0,0.0,0.0,1
194.500,0,0,0.0,0.0,1
194.600,0,0,0.0,0.0,1
194.600,0,0,0.0,0.0,1
194.600,0,0,0.0,0.0,1
194.600,0,0,0.0,0.0,1
194.600,0,0,0.0,0.0,1
194.700,0,0,0.0,0.0,1
194.700,0,0,0.0,0.0,1
194.700,0,0,0.0,0.0,1
194.700,0,0,0.0,0.0,1
194.700,0,0,0.0,0.0,1
194.800,0,0,0.0,0.0,1
194.800,0,0,0.0,0.0,1
194.800,0,0,0.0,0.0,1
194.800,0,0,0.0,0.0,1
194.800,0,0,0.0,0.0,1
194.800,0,0,0.0,0.0,1
194.900,0,0,0.0,0.0,1
194.900,0,0,0.0,0.0,1
194.900,0,0,0.0,0.0,1
194.900,0,0,0.0,0.0,1
194.900,0,0,0.0,0.0,1
195.000,0,0,0.0,0.0,1
195.000,0,0,0.0,0.0,1
195.000,0,0,0.0,0.0,1
195.000,0,0,0.0,0.0,1
195.000,0,0,0.0,0.0,1
195.100,0,0,0.0,0.0,1
195.100,0,0,0.0,0.0,1
195.100,0,0,0.0,0.0,1
195.100,0,0,0.0,0.0,1
195.100,0,0,0.0,0.0,1
195.200,0,0,0.0,0.0,1
195.200,0,0,0.0,0.0,1
195.200,0,0,0.0,0.0,1
195.200,0,0,0.0,0.0,1
195.200,0,0,0.0,0.0,1
195.300,0,0,0.0,0.0,1
195.300,0,0,0.0,0.0,1
195.300,0,0,0.0,0.0,1
195.300,0,0,0.0,0.0,1
195.300,0,0,0.0,0.0,1
195.300,0,0,0.0,0.0,1
195.400,0,0,0.0,0.0,1
195.400,0,0,0.0,0.0,1
195.400,0,0,0.0,0.0,1
195.400,0,0,0.0,0.0,1
195.400,0,0,0.0,0.0,1
195.500,0,0,0.0,0.0,1
195.500,0,0,0.0,0.0,1
195.500,0,0,0.0,0.0,1
195.500,0,0,0.0,0.0,1
195.500,0,0,0.0,0.0,1
195.600,0,0,0.0,0.0,1
195.600,0,0,0.0,0.0,1
195.600,0,0,0.0,0.0,1
195.600,0,0,0.0,0.0,1
195.600,0,0,0.0,0.0,1
195.700,0,0,0.0,0.0,1
195.700,0,0,0.0,0.0,1
195.700,0,0,0.0,0.0,1
195.700,0,0,0.0,0.0,1
195.700,0,0,0.0,0.0,1
195.800,0,0,0.0,0.0,1
195.800,0,0,0.0,0.0,1
195.800,0,0,0.0,0.0,1
195.800,0,0,0.0,0.0,1
195.800,0,0,0.0,0.0,1
195.800,0,0,0.0,0.0,1
195.900,0,0,0.0,0.0,1
195.900,0,0,0.0,0.0,1
195.900,0,0,0.0,0.0,1
195.900,0,0,0.0,0.0,1
195.900,0,0,0.0,0.0,1
196.000,0,0,0.0,0.0,1
196.000,0,0,0.0,0.0,1
196.000,0,0,0.0,0.0,1
196.000,0,0,0.0,0.0,1
196.000,0,0,0.0,0.0,1
196.100,0,0,0.0,0.0,1
196.100,0,0,0.0,0.0,1
196.100,0,0,0.0,0.0,1
196.100,0,0,0.0,0.0,1
196.100,0,0,0.0,0.0,1
196.200,0,0,0.0,0.0,1
196.200,0,0,0.0,0.0,1
196.200,0,0,0.0,0.0,1
196.200,0,0,0.0,0.0,1
196.200,0,0,0.0,0.0,1
196.200,0,0,0.0,0.0,1
196.300,0,0,0.0,0.0,1
196.300,0,0,0.0,0.0,1
196.300,0,0,0.0,0.0,1
196.300,0,0,0.0,0.0,1
196.300,0,0,0.0,0.0,1
196.400,0,0,0.0,0.0,1
196.400,0,0,0.0,0.0,1
196.400,0,0,0.0,0.0,1
196.400,0,0,0.0,0.0,1
196.400,0,0,0.0,0.0,1
196.500,0,0,0.0,0.0,1
196.500,0,0,0.0,0.0,1
196.500,0,0,0.0,0.0,1
196.500,0,0,0.0,0.0,1
196.500,0,0,0.0,0.0,1
196.600,0,0,0.0,0.0,1
196.600,0,0,0.0,0.0,1
196.600,0,0,0.0,0.0,1
196.600,0,0,0.0,0.0,1
196.600,0,0,0.0,0.0,1
196.700,0,0,0.0,0.0,1
196.700,0,0,0.0,0.0,1
196.700,0,0,0.0,0.0,1
196.700,0,0,0.0,0.0,1
196.700,0,0,0.0,0.0,1
196.700,0,0,0.0,0.0,1
196.800,0,0,0.0,0.0,1
196.800,0,0,0.0,0.0,1
196.800,0,0,0.0,0.0,1
196.800,0,0,0.0,0.0,1
196.800,0,0,0.0,0.0,1
196.900,0,0,0.0,0.0,1
196.900,0,0,0.0,0.0,1
196.900,0,0,0.0,0.0,1
196.900,0,0,0.0,0.0,1
196.900,0,0,0.0,0.0,1
197.000,0,0,0.0,0.0,1
197.000,0,0,0.0,0.0,1
197.000,0,0,0.0,0.0,1
197.000,0,0,0.0,0.0,1
197.000,0,0,0.0,0.0,1
197.100,0,0,0.0,0.0,1
197.100,0,0,0.0,0.0,1
197.100,0,0,0.0,0.0,1
197.100,0,0,0.0,0.0,1
197.100,0,0,0.0,0.0,1
197.100,0,0,0.0,0.0,1
197.200,0,0,0.0,0.0,1
197.200,0,0,0.0,0.0,1
197.200,0,0,0.0,0.0,1
197.200,0,0,0.0,0.0,1
197.200,0,0,0.0,0.0,1
197.300,0,0,0.0,0.0,1
197.300,0,0,0.0,0.0,1
197.300,0,0,0.0,0.0,1
197.300,0,0,0.0,0.0,1
197.300,0,0,0.0,0.0,1
197.400,0,0,0.0,0.0,1
197.400,0,0,0.0,0.0,1
197.400,0,0,0.0,0.0,1
197.400,0,0,0.0,0.0,1
197.400,0,0,0.0,0.0,1
197.500,0,0,0.0,0.0,1
197.500,0,0,0.0,0.0,1
197.500,0,0,0.0,0.0,1
197.500,0,0,0.0,0.0,1
197.500,0,0,0.0,0.0,1
197.600,0,0,0.0,0.0,1
197.600,0,0,0.0,0.0,1
197.600,0,0,0.0,0.0,1
197.600,0,0,0.0,0.0,1
197.600,0,0,0.0,0.0,1
197.600,0,0,0.0,0.0,1
197.700,0,0,0.0,0.0,1
197.700,0,0,0.0,0.0,1
197.700,0,0,0.0,0.0,1
197.700,0,0,0.0,0.0,1
197.700,0,0,0.0,0.0,1
197.800,0,0,0.0,0.0,1
197.800,0,0,0.0,0.0,1
197.800,0,0,0.0,0.0,1
197.800,0,0,0.0,0.0,1
197.800,0,0,0.0,0.0,1
197.900,0,0,0.0,0.0,1
197.900,0,0,0.0,0.0,1
197.900,0,0,0.0,0.0,1
197.900,0,0,0.0,0.0,1
197.900,0,0,0.0,0.0,1
198.000,0,0,0.0,0.0,1
198.000,0,0,0.0,0.0,1
198.000,0,0,0.0,0.0,1
198.000,0,0,0.0,0.0,1
198.000,0,0,0.0,0.0,1
198.100,0,0,0.0,0.0,1
198.100,0,0,0.0,0.0,1
198.100,0,0,0.0,0.0,1
198.100,0,0,0.0,0.0,1
198.100,0,0,0.0,0.0,1
198.100,0,0,0.0,0.0,1
198.200,0,0,0.0,0.0,1
198.200,0,0,0.0,0.0,1
198.200,0,0,0.0,0.0,1
198.200,0,0,0.0,0.0,1
198.200,0,0,0.0,0.0,1
198.300,0,0,0.0,0.0,1
198.300,0,0,0.0,0.0,1
198.300,0,0,0.0,0.0,1
198.300,0,0,0.0,0.0,1
198.300,0,0,0.0,0.0,1
198.400,0,0,0.0,0.0,1
198.400,0,0,0.0,0.0,1
198.400,0,0,0.0,0.0,1
198.400,0,0,0.0,0.0,1
198.400,0,0,0.0,0.0,1
198.500,0,0,0.0,0.0,1
198.500,0,0,0.0,0.0,1
198.500,0,0,0.0,0.0,1
198.500,0,0,0.0,0.0,1
198.500,0,0,0.0,0.0,1
198.500,0,0,0.0,0.0,1
198.600,0,0,0.0,0.0,1
198.600,0,0,0.0,0.0,1
198.600,0,0,0.0,0.0,1
198.600,0,0,0.0,0.0,1
198.600,0,0,0.0,0.0,1
198.700,0,0,0.0,0.0,1
198.700,0,0,0.0,0.0,1
198.700,0,0,0.0,0.0,1
198.700,0,0,0.0,0.0,1
198.700,0,0,0.0,0.0,1
198.800,0,0,0.0,0.0,1
198.800,0,0,0.0,0.0,1
198.800,0,0,0.0,0.0,1
198.800,0,0,0.0,0.0,1
198.800,0,0,0.0,0.0,1
198.900,0,0,0.0,0.0,1
198.900,0,0,0.0,0.0,1
198.900,0,0,0.0,0.0,1
198.900,0,0,0.0,0.0,1
198.900,0,0,0.0,0.0,1
199.000,0,0,0.0,0.0,1
199.000,0,0,0.0,0.0,1
199.000,0,0,0.0,0.0,1
199.000,0,0,0.0,0.0,1
199.000,0,0,0.0,0.0,1
199.000,0,0,0.0,0.0,1
199.100,0,0,0.0,0.0,1
199.100,0,0,0.0,0.0,1
199.100,0,0,0.0,0.0,1
199.100,0,0,0.0,0.0,1
199.100,0,0,0.0,0.0,1
199.200,0,0,0.0,0.0,1
199.200,0,0,0.0,0.0,1
199.200,0,0,0.0,0.0,1
199.200,0,0,0.0,0.0,1
199.200,0,0,0.0,0.0,1
199.300,0,0,0.0,0.0,1
199.300,0,0,0.0,0.0,1
199.300,0,0,0.0,0.0,1
199.300,0,0,0.0,0.0,1
199.300,0,0,0.0,0.0,1
199.400,0,0,0.0,0.0,1
199.400,0,0,0.0,0.0,1
199.400,0,0,0.0,0.0,1
199.400,0,0,0.0,0.0,1
199.400,0,0,0.0,0.0,1
199.400,0,0,0.0,0.0,1
199.500,0,0,0.0,0.0,1
199.500,0,0,0.0,0.0,1
199.500,0,0,0.0,0.0,1
199.500,0,0,0.0,0.0,1
199.500,0,0,0.0,0.0,1
199.600,0,0,0.0,0.0,1
199.600,0,0,0.0,0.0,1
199.600,0,0,0.0,0.0,1
199.600,0,0,0.0,0.0,1
199.600,0,0,0.0,0.0,1
199.700,0,0,0.0,0.0,1
199.700,0,0,0.0,0.0,1
199.700,0,0,0.0,0.0,1
199.700,0,0,0.0,0.0,1
199.700,0,0,0.0,0.0,1
199.800,0,0,0.0,0.0,1
199.800,0,0,0.0,0.0,1
199.800,0,0,0.0,0.0,1
199.800,0,0,0.0,0.0,1
199.800,0,0,0.0,0.0,1
199.900,0,0,0.0,0.0,1
199.900,0,0,0.0,0.0,1
199.900,0,0,0.0,0.0,1
199.900,0,0,0.0,0.0,1
199.900,0,0,0.0,0.0,1
199.900,0,0,0.0,0.0,1
200.000,0,0,0.0,0.0,1
200.000,0,0,0.0,0.0,1
200.000,0,0,0.0,0.0,1
200.000,0,0,0.0,0.0,1
200.000,0,0,0.0,0.0,1
200.100,0,0,0.0,0.0,1
200.100,0,0,0.0,0.0,1
200.100,0,0,0.0,0.0,1
200.100,0,0,0.0,0.0,1
200.100,0,0,0.0,0.0,1
200.200,0,0,0.0,0.0,1
200.200,0,0,0.0,0.0,1
200.200,0,0,0.0,0.0,1
200.200,0,0,0.0,0.0,1
200.200,0,0,0.0,0.0,1
200.300,0,0,0.0,0.0,1
200.300,0,0,0.0,0.0,1
200.300,0,0,0.0,0.0,1
200.300,0,0,0.0,0.0,1
200.300,0,0,0.0,0.0,1
200.300,0,0,0.0,0.0,1
200.400,0,0,0.0,0.0,1
200.400,0,0,0.0,0.0,1
200.400,0,0,0.0,0.0,1
200.400,0,0,0.0,0.0,1
200.400,0,0,0.0,0.0,1
200.500,0,0,0.0,0.0,1
200.500,0,0,0.0,0.0,1
200.500,0,0,0.0,0.0,1
200.500,0,0,0.0,0.0,1
200.500,0,0,0.0,0.0,1
200.600,0,0,0.0,0.0,1
200.600,0,0,0.0,0.0,1
200.600,0,0,0.0,0.0,1
200.600,0,0,0.0,0.0,1
200.600,0,0,0.0,0.0,1
200.700,0,0,0.0,0.0,1
200.700,0,0,0.0,0.0,1
200.700,0,0,0.0,0.0,1
200.700,0,0,0.0,0.0,1
200.700,0,0,0.0,0.0,1
200.800,0,0,0.0,0.0,1
200.800,0,0,0.0,0.0,1
200.800,0,0,0.0,0.0,1
200.800,0,0,0.0,0.0,1
200.800,0,0,0.0,0.0,1
200.800,0,0,0.0,0.0,1
200.900,0,0,0.0,0.0,1
200.900,0,0,0.0,0.0,1
200.900,0,0,0.0,0.0,1
200.900,0,0,0.0,0.0,1
200.900,0,0,0.0,0.0,1
201.000,0,0,0.0,0.0,1
201.000,0,0,0.0,0.0,1
201.000,0,0,0.0,0.0,1
201.000,0,0,0.0,0.0,1
201.000,0,0,0.0,0.0,1
201.100,0,0,0.0,0.0,1
201.100,0,0,0.0,0.0,1
201.100,0,0,0.0,0.0,1
201.100,0,0,0.0,0.0,1
201.100,0,0,0.0,0.0,1
201.200,0,0,0.0,0.0,1
201.200,0,0,0.0,0.0,1
201.200,0,0,0.0,0.0,1
201.200,0,0,0.0,0.0,1
201.200,0,0,0.0,0.0,1
201.300,0,0,0.0,0.0,1
201.300,0,0,0.0,0.0,1
201.300,0,0,0.0,0.0,1
201.300,0,0,0.0,0.0,1
201.300,0,0,0.0,0.0,1
201.300,0,0,0.0,0.0,1
201.400,0,0,0.0,0.0,1
201.400,0,0,0.0,0.0,1
201.400,0,0,0.0,0.0,1
201.400,0,0,0.0,0.0,1
201.400,0,0,0.0,0.0,1
201.500,0,0,0.0,0.0,1
201.500,0,0,0.0,0.0,1
201.500,0,0,0.0,0.0,1
201.500,0,0,0.0,0.0,1
201.500,0,0,0.0,0.0,1
201.600,0,0,0.0,0.0,1
201.600,0,0,0.0,0.0,1
201.600,0,0,0.0,0.0,1
201.600,0,0,0.0,0.0,1
201.600,0,0,0.0,0.0,1
201.700,0,0,0.0,0.0,1
201.700,0,0,0.0,0.0,1
201.700,0,0,0.0,0.0,1
201.700,0,0,0.0,0.0,1
201.700,0,0,0.0,0.0,1
201.700,0,0,0.0,0.0,1
201.800,0,0,0.0,0.0,1
201.800,0,0,0.0,0.0,1
201.800,0,0,0.0,0.0,1
201.800,0,0,0.0,0.0,1
201.800,0,0,0.0,0.0,1
201.900,0,0,0.0,0.0,1
201.900,0,0,0.0,0.0,1
201.900,0,0,0.0,0.0,1
201.900,0,0,0.0,0.0,1
201.900,0,0,0.0,0.0,1
202.000,0,0,0.0,0.0,1
202.000,0,0,0.0,0.0,1
202.000,0,0,0.0,0.0,1
202.000,0,0,0.0,0.0,1
202.000,0,0,0.0,0.0,1
202.100,0,0,0.0,0.0,1
202.100,0,0,0.0,0.0,1
202.100,0,0,0.0,0.0,1
202.100,0,0,0.0,0.0,1
202.100,0,0,0.0,0.0,1
202.200,0,0,0.0,0.0,1
202.200,0,0,0.0,0.0,1
202.200,0,0,0.0,0.0,1
202.200,0,0,0.0,0.0,1
202.200,0,0,0.0,0.0,1
202.200,0,0,0.0,0.0,1
202.300,0,0,0.0,0.0,1
202.300,0,0,0.0,0.0,1
202.300,0,0,0.0,0.0,1
202.300,0,0,0.0,0.0,1
202.300,0,0,0.0,0.0,1
202.400,0,0,0.0,0.0,1
202.400,0,0,0.0,0.0,1
202.400,0,0,0.0,0.0,1
202.400,0,0,0.0,0.0,1
202.400,0,0,0.0,0.0,1
202.500,0,0,0.0,0.0,1
202.500,0,0,0.0,0.0,1
202.500,0,0,0.0,0.0,1
202.500,0,0,0.0,0.0,1
202.500,0,0,0.0,0.0,1
202.600,0,0,0.0,0.0,1
202.600,0,0,0.0,0.0,1
202.600,0,0,0.0,0.0,1
202.600,0,0,0.0,0.0,1
202.600,0,0,0.0,0.0,1
202.600,0,0,0.0,0.0,1
202.700,0,0,0.0,0.0,1
202.700,0,0,0.0,0.0,1
202.700,0,0,0.0,0.0,1
202.700,0,0,0.0,0.0,1
202.700,0,0,0.0,0.0,1
202.800,0,0,0.0,0.0,1
202.800,0,0,0.0,0.0,1
202.800,0,0,0.0,0.0,1
202.800,0,0,0.0,0.0,1
202.800,0,0,0.0,0.0,1
202.900,0,0,0.0,0.0,1
202.900,0,0,0.0,0.0,1
202.900,0,0,0.0,0.0,1
202.900,0,0,0.0,0.0,1
202.900,0,0,0.0,0.0,1
203.000,0,0,0.0,0.0,1
203.000,0,0,0.0,0.0,1
203.000,0,0,0.0,0.0,1
203.000,0,0,0.0,0.0,1
203.000,0,0,0.0,0.0,1
203.100,0,0,0.0,0.0,1
203.100,0,0,0.0,0.0,1
203.100,0,0,0.0,0.0,1
203.100,0,0,0.0,0.0,1
203.100,0,0,0.0,0.0,1
203.100,0,0,0.0,0.0,1
203.200,0,0,0.0,0.0,1
203.200,0,0,0.0,0.0,1
203.200,0,0,0.0,0.0,1
203.200,0,0,0.0,0.0,1
203.200,0,0,0.0,0.0,1
203.300,0,0,0.0,0.0,1
203.300,0,0,0.0,0.0,1
203.300,0,0,0.0,0.0,1
203.300,0,0,0.0,0.0,1
203.300,0,0,0.0,0.0,1
203.400,0,0,0.0,0.0,1
203.400,0,0,0.0,0.0,1
203.400,0,0,0.0,0.0,1
203.400,0,0,0.0,0.0,1
203.400,0,0,0.0,0.0,1
203.500,0,0,0.0,0.0,1
203.500,0,0,0.0,0.0,1
203.500,0,0,0.0,0.0,1
203.500,0,0,0.0,0.0,1
203.500,0,0,0.0,0.0,1
203.600,0,0,0.0,0.0,1
203.600,0,0,0.0,0.0,1
203.600,0,0,0.0,0.0,1
203.600,0,0,0.0,0.0,1
203.600,0,0,0.0,0.0,1
203.600,0,0,0.0,0.0,1
203.700,0,0,0.0,0.0,1
203.700,0,0,0.0,0.0,1
203.700,0,0,0.0,0.0,1
203.700,0,0,0.0,0.0,1
203.700,0,0,0.0,0.0,1
203.800,0,0,0.0,0.0,1
203.800,0,0,0.0,0.0,1
203.800,0,0,0.0,0.0,1
203.800,0,0,0.0,0.0,1
203.800,0,0,0.0,0.0,1
203.900,0,0,0.0,0.0,1
203.900,0,0,0.0,0.0,1
203.900,0,0,0.0,0.0,1
203.900,0,0,0.0,0.0,1
203.900,0,0,0.0,0.0,1
204.000,0,0,0.0,0.0,1
204.000,0,0,0.0,0.0,1
204.000,0,0,0.0,0.0,1
204.000,0,0,0.0,0.0,1
204.000,0,0,0.0,0.0,1
204.000,0,0,0.0,0.0,1
204.100,0,0,0.0,0.0,1
204.100,0,0,0.0,0.0,1
204.100,0,0,0.0,0.0,1
204.100,0,0,0.0,0.0,1
204.100,0,0,0.0,0.0,1
204.200,0,0,0.0,0.0,1
204.200,0,0,0.0,0.0,1
204.200,0,0,0.0,0.0,1
204.200,0,0,0.0,0.0,1
204.200,0,0,0.0,0.0,1
204.300,0,0,0.0,0.0,1
204.300,0,0,0.0,0.0,1
204.300,0,0,0.0,0.0,1
204.300,0,0,0.0,0.0,1
204.300,0,0,0.0,0.0,1
204.400,0,0,0.0,0.0,1
204.400,0,0,0.0,0.0,1
204.400,0,0,0.0,0.0,1
204.400,0,0,0.0,0.0,1
204.400,0,0,0.0,0.0,1
204.500,0,0,0.0,0.0,1
204.500,0,0,0.0,0.0,1
204.500,0,0,0.0,0.0,1
204.500,0,0,0.0,0.0,1
204.500,0,0,0.0,0.0,1
204.500,0,0,0.0,0.0,1
204.600,0,0,0.0,0.0,1
204.600,0,0,0.0,0.0,1
204.600,0,0,0.0,0.0,1
204.600,0,0,0.0,0.0,1
204.600,0,0,0.0,0.0,1
204.700,0,0,0.0,0.0,1
204.700,0,0,0.0,0.0,1
204.700,0,0,0.0,0.0,1
204.700,0,0,0.0,0.0,1
204.700,0,0,0.0,0.0,1
204.800,0,0,0.0,0.0,1
204.800,0,0,0.0,0.0,1
204.800,0,0,0.0,0.0,1
204.800,0,0,0.0,0.0,1
204.800,0,0,0.0,0.0,1
204.900,0,0,0.0,0.0,1
204.900,0,0,0.0,0.0,1
204.900,0,0,0.0,0.0,1
204.900,0,0,0.0,0.0,1
204.900,0,0,0.0,0.0,1
204.900,0,0,0.0,0.0,1
205.000,0,0,0.0,0.0,1
205.000,0,0,0.0,0.0,1
205.000,0,0,0.0,0.0,1
205.000,0,0,0.0,0.0,1
205.000,0,0,0.0,0.0,1
205.100,0,0,0.0,0.0,1
205.100,0,0,0.0,0.0,1
205.100,0,0,0.0,0.0,1
205.100,0,0,0.0,0.0,1
205.100,0,0,0.0,0.0,1
205.200,0,0,0.0,0.0,1
205.200,0,0,0.0,0.0,1
205.200,0,0,0.0,0.0,1
205.200,0,0,0.0,0.0,1
205.200,0,0,0.0,0.0,1
205.300,0,0,0.0,0.0,1
205.300,0,0,0.0,0.0,1
205.300,0,0,0.0,0.0,1
205.300,0,0,0.0,0.0,1
205.300,0,0,0.0,0.0,1
205.400,0,0,0.0,0.0,1
205.400,0,0,0.0,0.0,1
205.400,0,0,0.0,0.0,1
205.400,0,0,0.0,0.0,1
205.400,0,0,0.0,0.0,1
205.400,0,0,0.0,0.0,1
205.500,0,0,0.0,0.0,1
205.500,0,0,0.0,0.0,1
205.500,0,0,0.0,0.0,1
205.500,0,0,0.0,0.0,1
205.500,0,0,0.0,0.0,1
205.600,0,0,0.0,0.0,1
205.600,0,0,0.0,0.0,1
205.600,0,0,0.0,0.0,1
205.600,0,0,0.0,0.0,1
205.600,0,0,0.0,0.0,1
205.700,0,0,0.0,0.0,1
205.700,0,0,0.0,0.0,1
205.700,0,0,0.0,0.0,1
205.700,0,0,0.0,0.0,1
205.700,0,0,0.0,0.0,1
205.800,0,0,0.0,0.0,1
205.800,0,0,0.0,0.0,1
205.800,0,0,0.0,0.0,1
205.800,0,0,0.0,0.0,1
205.800,0,0,0.0,0.0,1
205.900,0,0,0.0,0.0,1
205.900,0,0,0.0,0.0,1
205.900,0,0,0.0,0.0,1
205.900,0,0,0.0,0.0,1
205.900,0,0,0.0,0.0,1
205.900,0,0,0.0,0.0,1
206.000,0,0,0.0,0.0,1
206.000,0,0,0.0,0.0,1
206.000,0,0,0.0,0.0,1
206.000,0,0,0.0,0.0,1
206.000,0,0,0.0,0.0,1
206.100,0,0,0.0,0.0,1
206.100,0,0,0.0,0.0,1
206.100,0,0,0.0,0.0,1
206.100,0,0,0.0,0.0,1
206.100,0,0,0.0,0.0,1
206.200,0,0,0.0,0.0,1
206.200,0,0,0.0,0.0,1
206.200,0,0,0.0,0.0,1
206.200,0,0,0.0,0.0,1
206.200,0,0,0.0,0.0,1
206.300,0,0,0.0,0.0,1
206.300,0,0,0.0,0.0,1
206.300,0,0,0.0,0.0,1
206.300,0,0,0.0,0.0,1
206.300,0,0,0.0,0.0,1
206.300,0,0,0.0,0.0,1
206.400,0,0,0.0,0.0,1
206.400,0,0,0.0,0.0,1
206.400,0,0,0.0,0.0,1
206.400,0,0,0.0,0.0,1
206.400,0,0,0.0,0.0,1
206.500,0,0,0.0,0.0,1
206.500,0,0,0.0,0.0,1
206.500,0,0,0.0,0.0,1
206.500,0,0,0.0,0.0,1
206.500,0,0,0.0,0.0,1
206.600,0,0,0.0,0.0,1
206.600,0,0,0.0,0.0,1
206.600,0,0,0.0,0.0,1
206.600,0,0,0.0,0.0,1
206.600,0,0,0.0,0.0,1
206.700,0,0,0.0,0.0,1
206.700,0,0,0.0,0.0,1
206.700,0,0,0.0,0.0,1
206.700,0,0,0.0,0.0,1
206.700,0,0,0.0,0.0,1
206.800,0,0,0.0,0.0,1
206.800,0,0,0.0,0.0,1
206.800,0,0,0.0,0.0,1
206.800,0,0,0.0,0.0,1
206.800,0,0,0.0,0.0,1
206.800,0,0,0.0,0.0,1
206.900,0,0,0.0,0.0,1
206.900,0,0,0.0,0.0,1
206.900,0,0,0.0,0.0,1
206.900,0,0,0.0,0.0,1
206.900,0,0,0.0,0.0,1
207.000,0,0,0.0,0.0,1
207.000,0,0,0.0,0.0,1
207.000,0,0,0.0,0.0,1
207.000,0,0,0.0,0.0,1
207.000,0,0,0.0,0.0,1
207.100,0,0,0.0,0.0,1
207.100,0,0,0.0,0.0,1
207.100,0,0,0.0,0.0,1
207.100,0,0,0.0,0.0,1
207.100,0,0,0.0,0.0,1
207.200,0,0,0.0,0.0,1
207.200,0,0,0.0,0.0,1
207.200,0,0,0.0,0.0,1
207.200,0,0,0.0,0.0,1
207.200,0,0,0.0,0.0,1
207.200,0,0,0.0,0.0,1
207.300,0,0,0.0,0.0,1
207.300,0,0,0.0,0.0,1
207.300,0,0,0.0,0.0,1
207.300,0,0,0.0,0.0,1
207.300,0,0,0.0,0.0,1
207.400,0,0,0.0,0.0,1
207.400,0,0,0.0,0.0,1
207.400,0,0,0.0,0.0,1
207.400,0,0,0.0,0.0,1
207.400,0,0,0.0,0.0,1
207.500,0,0,0.0,0.0,1
207.500,0,0,0.0,0.0,1
207.500,0,0,0.0,0.0,1
207.500,0,0,0.0,0.0,1
207.500,0,0,0.0,0.0,1
207.600,0,0,0.0,0.0,1
207.600,0,0,0.0,0.0,1
207.600,0,0,0.0,0.0,1
207.600,0,0,0.0,0.0,1
207.600,0,0,0.0,0.0,1
207.700,0,0,0.0,0.0,1
207.700,0,0,0.0,0.0,1
207.700,0,0,0.0,0.0,1
207.700,0,0,0.0,0.0,1
207.700,0,0,0.0,0.0,1
207.700,0,0,0.0,0.0,1
207.800,0,0,0.0,0.0,1
207.800,0,0,0.0,0.0,1
207.800,0,0,0.0,0.0,1
207.800,0,0,0.0,0.0,1
207.800,0,0,0.0,0.0,1
207.900,0,0,0.0,0.0,1
207.900,0,0,0.0,0.0,1
207.900,0,0,0.0,0.0,1
207.900,0,0,0.0,0.0,1
207.900,0,0,0.0,0.0,1
208.000,0,0,0.0,0.0,1
208.000,0,0,0.0,0.0,1
208.000,0,0,0.0,0.0,1
208.000,0,0,0.0,0.0,1
208.000,0,0,0.0,0.0,1
208.100,0,0,0.0,0.0,1
208.100,0,0,0.0,0.0,1
208.100,0,0,0.0,0.0,1
208.100,0,0,0.0,0.0,1
208.100,0,0,0.0,0.0,1
208.200,0,0,0.0,0.0,1
208.200,0,0,0.0,0.0,1
208.200,0,0,0.0,0.0,1
208.200,0,0,0.0,0.0,1
208.200,0,0,0.0,0.0,1
208.200,0,0,0.0,0.0,1
208.300,0,0,0.0,0.0,1
208.300,0,0,0.0,0.0,1
208.300,0,0,0.0,0.0,1
208.300,0,0,0.0,0.0,1
208.300,0,0,0.0,0.0,1
208.400,0,0,0.0,0.0,1
208.400,0,0,0.0,0.0,1
208.400,0,0,0.0,0.0,1
208.400,0,0,0.0,0.0,1
208.400,0,0,0.0,0.0,1
208.500,0,0,0.0,0.0,1
208.500,0,0,0.0,0.0,1
208.500,0,0,0.0,0.0,1
208.500,0,0,0.0,0.0,1
208.500,0,0,0.0,0.0,1
208.600,0,0,0.0,0.0,1
208.600,0,0,0.0,0.0,1
208.600,0,0,0.0,0.0,1
208.600,0,0,0.0,0.0,1
208.600,0,0,0.0,0.0,1
208.600,0,0,0.0,0.0,1
208.700,0,0,0.0,0.0,1
208.700,0,0,0.0,0.0,1
208.700,0,0,0.0,0.0,1
208.700,0,0,0.0,0.0,1
208.700,0,0,0.0,0.0,1
208.800,0,0,0.0,0.0,1
208.800,0,0,0.0,0.0,1
208.800,0,0,0.0,0.0,1
208.800,0,0,0.0,0.0,1
208.800,0,0,0.0,0.0,1
208.900,0,0,0.0,0.0,1
208.900,0,0,0.0,0.0,1
208.900,0,0,0.0,0.0,1
208.900,0,0,0.0,0.0,1
208.900,0,0,0.0,0.0,1
209.000,0,0,0.0,0.0,1
209.000,0,0,0.0,0.0,1
209.000,0,0,0.0,0.0,1
209.000,0,0,0.0,0.0,1
209.000,0,0,0.0,0.0,1
209.100,0,0,0.0,0.0,1
209.100,0,0,0.0,0.0,1
209.100,0,0,0.0,0.0,1
209.100,0,0,0.0,0.0,1
209.100,0,0,0.0,0.0,1
209.100,0,0,0.0,0.0,1
209.200,0,0,0.0,0.0,1
209.200,0,0,0.0,0.0,1
209.200,0,0,0.0,0.0,1
209.200,0,0,0.0,0.0,1
209.200,0,0,0.0,0.0,1
209.300,0,0,0.0,0.0,1
209.300,0,0,0.0,0.0,1
209.300,0,0,0.0,0.0,1
209.300,0,0,0.0,0.0,1
209.300,0,0,0.0,0.0,1
209.400,0,0,0.0,0.0,1
209.400,0,0,0.0,0.0,1
209.400,0,0,0.0,0.0,1
209.400,0,0,0.0,0.0,1
209.400,0,0,0.0,0.0,1
209.500,0,0,0.0,0.0,1
209.500,0,0,0.0,0.0,1
209.500,0,0,0.0,0.0,1
209.500,0,0,0.0,0.0,1
209.500,0,0,0.0,0.0,1
209.500,0,0,0.0,0.0,1
209.600,0,0,0.0,0.0,1
209.600,0,0,0.0,0.0,1
209.600,0,0,0.0,0.0,1
209.600,0,0,0.0,0.0,1
209.600,0,0,0.0,0.0,1
209.700,0,0,0.0,0.0,1
209.700,0,0,0.0,0.0,1
209.700,0,0,0.0,0.0,1
209.700,0,0,0.0,0.0,1
209.700,0,0,0.0,0.0,1
209.800,0,0,0.0,0.0,1
209.800,0,0,0.0,0.0,1
209.800,0,0,0.0,0.0,1
209.800,0,0,0.0,0.0,1
209.800,0,0,0.0,0.0,1
209.900,0,0,0.0,0.0,1
209.900,0,0,0.0,0.0,1
209.900,0,0,0.0,0.0,1
209.900,0,0,0.0,0.0,1
209.900,0,0,0.0,0.0,1
210.000,0,0,0.0,0.0,1
210.000,0,0,0.0,0.0,1
210.000,0,0,0.0,0.0,1
210.000,0,0,0.0,0.0,1
210.000,0,0,0.0,0.0,1
210.000,0,0,0.0,0.0,1
210.100,0,0,0.0,0.0,1
210.100,0,0,0.0,0.0,1
210.100,0,0,0.0,0.0,1
210.100,0,0,0.0,0.0,1
210.100,0,0,0.0,0.0,1
210.200,0,0,0.0,0.0,1
210.200,0,0,0.0,0.0,1
210.200,0,0,0.0,0.0,1
210.200,0,0,0.0,0.0,1
210.200,0,0,0.0,0.0,1
210.300,0,0,0.0,0.0,1
210.300,0,0,0.0,0.0,1
210.300,0,0,0.0,0.0,1
210.300,0,0,0.0,0.0,1
210.300,0,0,0.0,0.0,1
210.400,0,0,0.0,0.0,1
210.400,0,0,0.0,0.0,1
210.400,0,0,0.0,0.0,1
210.400,0,0,0.0,0.0,1
210.400,0,0,0.0,0.0,1
210.500,0,0,0.0,0.0,1
210.500,0,0,0.0,0.0,1
210.500,0,0,0.0,0.0,1
210.500,0,0,0.0,0.0,1
210.500,0,0,0.0,0.0,1
210.500,0,0,0.0,0.0,1
210.600,0,0,0.0,0.0,1
210.600,0,0,0.0,0.0,1
210.600,0,0,0.0,0.0,1
210.600,0,0,0.0,0.0,1
210.600,0,0,0.0,0.0,1
210.700,0,0,0.0,0.0,1
210.700,0,0,0.0,0.0,1
210.700,0,0,0.0,0.0,1
210.700,0,0,0.0,0.0,1
210.700,0,0,0.0,0.0,1
210.800,0,0,0.0,0.0,1
210.800,0,0,0.0,0.0,1
210.800,0,0,0.0,0.0,1
210.800,0,0,0.0,0.0,1
210.800,0,0,0.0,0.0,1
210.900,0,0,0.0,0.0,1
210.900,0,0,0.0,0.0,1
210.900,0,0,0.0,0.0,1
210.900,0,0,0.0,0.0,1
210.900,0,0,0.0,0.0,1
210.900,0,0,0.0,0.0,1
211.000,0,0,0.0,0.0,1
211.000,0,0,0.0,0.0,1
211.000,0,0,0.0,0.0,1
211.000,0,0,0.0,0.0,1
211.000,0,0,0.0,0.0,1
211.100,0,0,0.0,0.0,1
211.100,0,0,0.0,0.0,1
211.100,0,0,0.0,0.0,1
211.100,0,0,0.0,0.0,1
211.100,0,0,0.0,0.0,1
211.200,0,0,0.0,0.0,1
211.200,0,0,0.0,0.0,1
211.200,0,0,0.0,0.0,1
211.200,0,0,0.0,0.0,1
211.200,0,0,0.0,0.0,1
211.300,0,0,0.0,0.0,1
211.300,0,0,0.0,0.0,1
211.300,0,0,0.0,0.0,1
211.300,0,0,0.0,0.0,1
211.300,0,0,0.0,0.0,1
211.400,0,0,0.0,0.0,1
211.400,0,0,0.0,0.0,1
211.400,0,0,0.0,0.0,1
211.400,0,0,0.0,0.0,1
211.400,0,0,0.0,0.0,1
211.400,0,0,0.0,0.0,1
211.500,0,0,0.0,0.0,1
211.500,0,0,0.0,0.0,1
211.500,0,0,0.0,0.0,1
211.500,0,0,0.0,0.0,1
211.500,0,0,0.0,0.0,1
211.600,0,0,0.0,0.0,1
211.600,0,0,0.0,0.0,1
211.600,0,0,0.0,0.0,1
211.600,0,0,0.0,0.0,1
211.600,0,0,0.0,0.0,1
211.700,0,0,0.0,0.0,1
211.700,0,0,0.0,0.0,1
211.700,0,0,0.0,0.0,1
211.700,0,0,0.0,0.0,1
211.700,0,0,0.0,0.0,1
211.800,0,0,0.0,0.0,1
211.800,0,0,0.0,0.0,1
211.800,0,0,0.0,0.0,1
211.800,0,0,0.0,0.0,1
211.800,0,0,0.0,0.0,1
211.800,0,0,0.0,0.0,1
211.900,0,0,0.0,0.0,1
211.900,0,0,0.0,0.0,1
211.900,0,0,0.0,0.0,1
211.900,0,0,0.0,0.0,1
211.900,0,0,0.0,0.0,1
212.000,0,0,0.0,0.0,1
212.000,0,0,0.0,0.0,1
212.000,0,0,0.0,0.0,1
212.000,0,0,0.0,0.0,1
212.000,0,0,0.0,0.0,1
212.100,0,0,0.0,0.0,1
212.100,0,0,0.0,0.0,1
212.100,0,0,0.0,0.0,1
212.100,0,0,0.0,0.0,1
212.100,0,0,0.0,0.0,1
212.200,0,0,0.0,0.0,1
212.200,0,0,0.0,0.0,1
212.200,0,0,0.0,0.0,1
212.200,0,0,0.0,0.0,1
212.200,0,0,0.0,0.0,1
212.300,0,0,0.0,0.0,1
212.300,0,0,0.0,0.0,1
212.300,0,0,0.0,0.0,1
212.300,0,0,0.0,0.0,1
212.300,0,0,0.0,0.0,1
212.300,0,0,0.0,0.0,1
212.400,0,0,0.0,0.0,1
212.400,0,0,0.0,0.0,1
212.400,0,0,0.0,0.0,1
212.400,0,0,0.0,0.0,1
212.400,0,0,0.0,0.0,1
212.500,0,0,0.0,0.0,1
212.500,0,0,0.0,0.0,1
212.500,0,0,0.0,0.0,1
212.500,0,0,0.0,0.0,1
212.500,0,0,0.0,0.0,1
212.600,0,0,0.0,0.0,1
212.600,0,0,0.0,0.0,1
212.600,0,0,0.0,0.0,1
212.600,0,0,0.0,0.0,1
212.600,0,0,0.0,0.0,1
212.700,0,0,0.0,0.0,1
212.700,0,0,0.0,0.0,1
212.700,0,0,0.0,0.0,1
212.700,0,0,0.0,0.0,1
212.700,0,0,0.0,0.0,1
212.800,0,0,0.0,0.0,1
212.800,0,0,0.0,0.0,1
212.800,0,0,0.0,0.0,1
212.800,0,0,0.0,0.0,1
212.800,0,0,0.0,0.0,1
212.800,0,0,0.0,0.0,1
212.900,0,0,0.0,0.0,1
212.900,0,0,0.0,0.0,1
212.900,0,0,0.0,0.0,1
212.900,0,0,0.0,0.0,1
212.900,0,0,0.0,0.0,1
213.000,0,0,0.0,0.0,1
213.000,0,0,0.0,0.0,1
213.000,0,0,0.0,0.0,1
213.000,0,0,0.0,0.0,1
213.000,0,0,0.0,0.0,1
213.100,0,0,0.0,0.0,1
213.100,0,0,0.0,0.0,1
213.100,0,0,0.0,0.0,1
213.100,0,0,0.0,0.0,1
213.100,0,0,0.0,0.0,1
213.200,0,0,0.0,0.0,1
213.200,0,0,0.0,0.0,1
213.200,0,0,0.0,0.0,1
213.200,0,0,0.0,0.0,1
213.200,0,0,0.0,0.0,1
213.200,0,0,0.0,0.0,1
213.300,0,0,0.0,0.0,1
213.300,0,0,0.0,0.0,1
213.300,0,0,0.0,0.0,1
213.300,0,0,0.0,0.0,1
213.300,0,0,0.0,0.0,1
213.400,0,0,0.0,0.0,1
213.400,0,0,0.0,0.0,1
213.400,0,0,0.0,0.0,1
213.400,0,0,0.0,0.0,1
213.400,0,0,0.0,0.0,1
213.500,0,0,0.0,0.0,1
213.500,0,0,0.0,0.0,1
213.500,0,0,0.0,0.0,1
213.500,0,0,0.0,0.0,1
213.500,0,0,0.0,0.0,1
213.600,0,0,0.0,0.0,1
213.600,0,0,0.0,0.0,1
213.600,0,0,0.0,0.0,1
213.600,0,0,0.0,0.0,1
213.600,0,0,0.0,0.0,1
213.700,0,0,0.0,0.0,1
213.700,0,0,0.0,0.0,1
213.700,0,0,0.0,0.0,1
213.700,0,0,0.0,0.0,1
213.700,0,0,0.0,0.0,1
213.700,0,0,0.0,0.0,1
213.800,0,0,0.0,0.0,1
213.800,0,0,0.0,0.0,1
213.800,0,0,0.0,0.0,1
213.800,0,0,0.0,0.0,1
213.800,0,0,0.0,0.0,1
213.900,0,0,0.0,0.0,1
213.900,0,0,0.0,0.0,1
213.900,0,0,0.0,0.0,1
213.900,0,0,0.0,0.0,1
213.900,0,0,0.0,0.0,1
214.000,0,0,0.0,0.0,1
214.000,0,0,0.0,0.0,1
214.000,0,0,0.0,0.0,1
214.000,0,0,0.0,0.0,1
214.000,0,0,0.0,0.0,1
214.100,0,0,0.0,0.0,1
214.100,0,0,0.0,0.0,1
214.100,0,0,0.0,0.0,1
214.100,0,0,0.0,0.0,1
214.100,0,0,0.0,0.0,1
214.100,0,0,0.0,0.0,1
214.200,0,0,0.0,0.0,1
214.200,0,0,0.0,0.0,1
214.200,0,0,0.0,0.0,1
214.200,0,0,0.0,0.0,1
214.200,0,0,0.0,0.0,1
214.300,0,0,0.0,0.0,1
214.300,0,0,0.0,0.0,1
214.300,0,0,0.0,0.0,1
214.300,0,0,0.0,0.0,1
214.300,0,0,0.0,0.0,1
214.400,0,0,0.0,0.0,1
214.400,0,0,0.0,0.0,1
214.400,0,0,0.0,0.0,1
214.400,0,0,0.0,0.0,1
214.400,0,0,0.0,0.0,1
214.500,0,0,0.0,0.0,1
214.500,0,0,0.0,0.0,1
214.500,0,0,0.0,0.0,1
214.500,0,0,0.0,0.0,1
214.500,0,0,0.0,0.0,1
214.600,0,0,0.0,0.0,1
214.600,0,0,0.0,0.0,1
214.600,0,0,0.0,0.0,1
214.600,0,0,0.0,0.0,1
214.600,0,0,0.0,0.0,1
214.600,0,0,0.0,0.0,1
214.700,0,0,0.0,0.0,1
214.700,0,0,0.0,0.0,1
214.700,0,0,0.0,0.0,1
214.700,0,0,0.0,0.0,1
214.700,0,0,0.0,0.0,1
214.800,0,0,0.0,0.0,1
214.800,0,0,0.0,0.0,1
214.800,0,0,0.0,0.0,1
214.800,0,0,0.0,0.0,1
214.800,0,0,0.0,0.0,1
214.900,0,0,0.0,0.0,1
214.900,0,0,0.0,0.0,1
214.900,0,0,0.0,0.0,1
214.900,0,0,0.0,0.0,1
214.900,0,0,0.0,0.0,1
215.000,0,0,0.0,0.0,1
215.000,0,0,0.0,0.0,1
215.000,0,0,0.0,0.0,1
215.000,0,0,0.0,0.0,1
215.000,0,0,0.0,0.0,1
215.100,0,0,0.0,0.0,1
215.100,0,0,0.0,0.0,1
215.100,0,0,0.0,0.0,1
215.100,0,0,0.0,0.0,1
215.100,0,0,0.0,0.0,1
215.100,0,0,0.0,0.0,1
215.200,0,0,0.0,0.0,1
215.200,0,0,0.0,0.0,1
215.200,0,0,0.0,0.0,1
215.200,0,0,0.0,0.0,1
215.200,0,0,0.0,0.0,1
215.300,0,0,0.0,0.0,1
215.300,0,0,0.0,0.0,1
215.300,0,0,0.0,0.0,1
215.300,0,0,0.0,0.0,1
215.300,0,0,0.0,0.0,1
215.400,0,0,0.0,0.0,1
215.400,0,0,0.0,0.0,1
215.400,0,0,0.0,0.0,1
215.400,0,0,0.0,0.0,1
215.400,0,0,0.0,0.0,1
215.500,0,0,0.0,0.0,1
215.500,0,0,0.0,0.0,1
215.500,0,0,0.0,0.0,1
215.500,0,0,0.0,0.0,1
215.500,0,0,0.0,0.0,1
215.500,0,0,0.0,0.0,1
215.600,0,0,0.0,0.0,1
215.600,0,0,0.0,0.0,1
215.600,0,0,0.0,0.0,1
215.600,0,0,0.0,0.0,1
215.600,0,0,0.0,0.0,1
215.800,0,0,0.0,0.0,1
215.800,0,0,0.0,0.0,1
215.800,0,0,0.0,0.0,1
215.800,0,0,0.0,0.0,1
215.800,0,0,0.0,0.0,1
215.900,0,0,0.0,0.0,1
215.900,0,0,0.0,0.0,1
215.900,0,0,0.0,0.0,1
215.900,0,0,0.0,0.0,1
215.900,0,0,0.0,0.0,1
216.000,0,0,0.0,0.0,1
216.000,0,0,0.0,0.0,1
216.000,0,0,0.0,0.0,1
216.000,0,0,0.0,0.0,1
216.000,0,0,0.0,0.0,1
216.100,0,0,0.0,0.0,1
216.100,0,0,0.0,0.0,1
216.100,0,0,0.0,0.0,1
216.100,0,0,0.0,0.0,1
216.100,0,0,0.0,0.0,1
216.200,0,0,0.0,0.0,1
216.200,0,0,0.0,0.0,1
216.200,0,0,0.0,0.0,1
216.200,0,0,0.0,0.0,1
216.200,0,0,0.0,0.0,1
216.200,0,0,0.0,0.0,1
216.300,0,0,0.0,0.0,1
216.300,0,0,0.0,0.0,1
216.300,0,0,0.0,0.0,1
216.300,0,0,0.0,0.0,1
216.300,0,0,0.0,0.0,1
216.400,0,0,0.0,0.0,1
216.400,0,0,0.0,0.0,1
216.400,0,0,0.0,0.0,1
216.400,0,0,0.0,0.0,1
216.400,0,0,0.0,0.0,1
216.500,0,0,0.0,0.0,1
216.500,0,0,0.0,0.0,1
216.500,0,0,0.0,0.0,1
216.500,0,0,0.0,0.0,1
216.500,0,0,0.0,0.0,1
216.600,0,0,0.0,0.0,1
216.600,0,0,0.0,0.0,1
216.600,0,0,0.0,0.0,1
216.600,0,0,0.0,0.0,1
216.600,0,0,0.0,0.0,1
216.600,0,0,0.0,0.0,1
216.700,0,0,0.0,0.0,1
216.700,0,0,0.0,0.0,1
216.700,0,0,0.0,0.0,1
216.700,0,0,0.0,0.0,1
216.700,0,0,0.0,0.0,1
216.800,0,0,0.0,0.0,1
216.800,0,0,0.0,0.0,1
216.800,0,0,0.0,0.0,1
216.800,0,0,0.0,0.0,1
216.800,0,0,0.0,0.0,1
216.900,0,0,0.0,0.0,1
216.900,0,0,0.0,0.0,1
216.900,0,0,0.0,0.0,1
216.900,0,0,0.0,0.0,1
216.900,0,0,0.0,0.0,1
217.000,0,0,0.0,0.0,1
217.000,0,0,0.0,0.0,1
217.000,0,0,0.0,0.0,1
217.000,0,0,0.0,0.0,1
217.000,0,0,0.0,0.0,1
217.100,0,0,0.0,0.0,1
217.100,0,0,0.0,0.0,1
217.100,0,0,0.0,0.0,1
217.100,0,0,0.0,0.0,1
217.100,0,0,0.0,0.0,1
217.100,0,0,0.0,0.0,1
217.200,0,0,0.0,0.0,1
217.200,0,0,0.0,0.0,1
217.200,0,0,0.0,0.0,1
217.200,0,0,0.0,0.0,1
217.200,0,0,0.0,0.0,1
217.300,0,0,0.0,0.0,1
217.300,0,0,0.0,0.0,1
217.300,0,0,0.0,0.0,1
217.300,0,0,0.0,0.0,1
217.300,0,0,0.0,0.0,1
217.400,0,0,0.0,0.0,1
217.400,0,0,0.0,0.0,1
217.400,0,0,0.0,0.0,1
217.400,0,0,0.0,0.0,1
217.400,0,0,0.0,0.0,1
217.500,0,0,0.0,0.0,1
217.500,0,0,0.0,0.0,1
217.500,0,0,0.0,0.0,1
217.500,0,0,0.0,0.0,1
217.500,0,0,0.0,0.0,1
217.600,0,0,0.0,0.0,1
217.600,0,0,0.0,0.0,1
217.600,0,0,0.0,0.0,1
217.600,0,0,0.0,0.0,1
217.600,0,0,0.0,0.0,1
217.600,0,0,0.0,0.0,1
217.700,0,0,0.0,0.0,1
217.700,0,0,0.0,0.0,1
217.700,0,0,0.0,0.0,1
217.700,0,0,0.0,0.0,1
217.700,0,0,0.0,0.0,1
217.800,0,0,0.0,0.0,1
217.800,0,0,0.0,0.0,1
217.800,0,0,0.0,0.0,1
217.800,0,0,0.0,0.0,1
217.800,0,0,0.0,0.0,1
217.900,0,0,0.0,0.0,1
217.900,0,0,0.0,0.0,1
217.900,0,0,0.0,0.0,1
217.900,0,0,0.0,0.0,1
217.900,0,0,0.0,0.0,1
218.000,0,0,0.0,0.0,1
218.000,0,0,0.0,0.0,1
218.000,0,0,0.0,0.0,1
218.000,0,0,0.0,0.0,1
218.000,0,0,0.0,0.0,1
218.000,0,0,0.0,0.0,1
218.100,0,0,0.0,0.0,1
218.100,0,0,0.0,0.0,1
218.100,0,0,0.0,0.0,1
218.100,0,0,0.0,0.0,1
218.100,0,0,0.0,0.0,1
218.200,0,0,0.0,0.0,1
218.200,0,0,0.0,0.0,1
218.200,0,0,0.0,0.0,1
218.200,0,0,0.0,0.0,1
218.200,0,0,0.0,0.0,1
218.300,0,0,0.0,0.0,1
218.300,0,0,0.0,0.0,1
218.300,0,0,0.0,0.0,1
218.300,0,0,0.0,0.0,1
218.300,0,0,0.0,0.0,1
218.400,0,0,0.0,0.0,1
218.400,0,0,0.0,0.0,1
218.400,0,0,0.0,0.0,1
218.400,0,0,0.0,0.0,1
218.400,0,0,0.0,0.0,1
218.500,0,0,0.0,0.0,1
218.500,0,0,0.0,0.0,1
218.500,0,0,0.0,0.0,1
218.500,0,0,0.0,0.0,1
218.500,0,0,0.0,0.0,1
218.500,0,0,0.0,0.0,1
218.600,0,0,0.0,0.0,1
218.600,0,0,0.0,0.0,1
218.600,0,0,0.0,0.0,1
218.600,0,0,0.0,0.0,1
218.600,0,0,0.0,0.0,1
218.700,0,0,0.0,0.0,1
218.700,0,0,0.0,0.0,1
218.700,0,0,0.0,0.0,1
218.700,0,0,0.0,0.0,1
218.700,0,0,0.0,0.0,1
218.800,0,0,0.0,0.0,1
218.800,0,0,0.0,0.0,1
218.800,0,0,0.0,0.0,1
218.800,0,0,0.0,0.0,1
218.800,0,0,0.0,0.0,1
218.900,0,0,0.0,0.0,1
218.900,0,0,0.0,0.0,1
218.900,0,0,0.0,0.0,1
218.900,0,0,0.0,0.0,1
218.900,0,0,0.0,0.0,1
218.900,0,0,0.0,0.0,1
219.000,0,0,0.0,0.0,1
219.000,0,0,0.0,0.0,1
219.000,0,0,0.0,0.0,1
219.000,0,0,0.0,0.0,1
219.000,0,0,0.0,0.0,1
219.100,0,0,0.0,0.0,1
219.100,0,0,0.0,0.0,1
219.100,0,0,0.0,0.0,1
219.100,0,0,0.0,0.0,1
219.100,0,0,0.0,0.0,1
219.200,0,0,0.0,0.0,1
219.200,0,0,0.0,0.0,1
219.200,0,0,0.0,0.0,1
219.200,0,0,0.0,0.0,1
219.200,0,0,0.0,0.0,1
219.300,0,0,0.0,0.0,1
219.300,0,0,0.0,0.0,1
219.300,0,0,0.0,0.0,1
219.300,0,0,0.0,0.0,1
219.300,0,0,0.0,0.0,1
219.400,0,0,0.0,0.0,1
219.400,0,0,0.0,0.0,1
219.400,0,0,0.0,0.0,1
219.400,0,0,0.0,0.0,1
219.400,0,0,0.0,0.0,1
219.400,0,0,0.0,0.0,1
219.500,0,0,0.0,0.0,1
219.500,0,0,0.0,0.0,1
219.500,0,0,0.0,0.0,1
219.500,0,0,0.0,0.0,1
219.500,0,0,0.0,0.0,1
219.600,0,0,0.0,0.0,1
219.600,0,0,0.0,0.0,1
219.600,0,0,0.0,0.0,1
219.600,0,0,0.0,0.0,1
219.600,0,0,0.0,0.0,1
219.700,0,0,0.0,0.0,1
219.700,0,0,0.0,0.0,1
219.700,0,0,0.0,0.0,1
219.700,0,0,0.0,0.0,1
219.700,0,0,0.0,0.0,1
219.800,0,0,0.0,0.0,1
219.800,0,0,0.0,0.0,1
219.800,0,0,0.0,0.0,1
219.800,0,0,0.0,0.0,1
219.800,0,0,0.0,0.0,1
219.900,0,0,0.0,0.0,1
219.900,0,0,0.0,0.0,1
219.900,0,0,0.0,0.0,1
219.900,0,0,0.0,0.0,1
219.900,0,0,0.0,0.0,1
219.900,0,0,0.0,0.0,1
220.000,0,0,0.0,0.0,1
220.000,0,0,0.0,0.0,1
220.000,0,0,0.0,0.0,1
220.000,0,0,0.0,0.0,1
220.000,0,0,0.0,0.0,1
220.100,0,0,0.0,0.0,1
220.100,0,0,0.0,0.0,1
220.100,0,0,0.0,0.0,1
220.100,0,0,0.0,0.0,1
220.100,0,0,0.0,0.0,1
220.200,0,0,0.0,0.0,1
220.200,0,0,0.0,0.0,1
220.200,0,0,0.0,0.0,1
220.200,0,0,0.0,0.0,1
220.200,0,0,0.0,0.0,1
220.300,0,0,0.0,0.0,1
220.300,0,0,0.0,0.0,1
220.300,0,0,0.0,0.0,1
220.300,0,0,0.0,0.0,1
220.300,0,0,0.0,0.0,1
220.300,0,0,0.0,0.0,1
220.400,0,0,0.0,0.0,1
220.400,0,0,0.0,0.0,1
220.400,0,0,0.0,0.0,1
220.400,0,0,0.0,0.0,1
220.400,0,0,0.0,0.0,1
220.500,0,0,0.0,0.0,1
220.500,0,0,0.0,0.0,1
220.500,0,0,0.0,0.0,1
220.500,0,0,0.0,0.0,1
220.500,0,0,0.0,0.0,1
220.600,0,0,0.0,0.0,1
220.600,0,0,0.0,0.0,1
220.600,0,0,0.0,0.0,1
220.600,0,0,0.0,0.0,1
220.600,0,0,0.0,0.0,1
220.700,0,0,0.0,0.0,1
220.700,0,0,0.0,0.0,1
220.700,0,0,0.0,0.0,1
220.700,0,0,0.0,0.0,1
220.700,0,0,0.0,0.0,1
220.800,0,0,0.0,0.0,1
220.800,0,0,0.0,0.0,1
220.800,0,0,0.0,0.0,1
220.800,0,0,0.0,0.0,1
220.800,0,0,0.0,0.0,1
220.800,0,0,0.0,0.0,1
220.900,0,0,0.0,0.0,1
220.900,0,0,0.0,0.0,1
220.900,0,0,0.0,0.0,1
220.900,0,0,0.0,0.0,1
220.900,0,0,0.0,0.0,1
221.000,0,0,0.0,0.0,1
221.000,0,0,0.0,0.0,1
221.000,0,0,0.0,0.0,1
221.000,0,0,0.0,0.0,1
221.000,0,0,0.0,0.0,1
221.100,0,0,0.0,0.0,1
221.100,0,0,0.0,0.0,1
221.100,0,0,0.0,0.0,1
221.100,0,0,0.0,0.0,1
221.100,0,0,0.0,0.0,1
221.200,0,0,0.0,0.0,1
221.200,0,0,0.0,0.0,1
221.200,0,0,0.0,0.0,1
221.200,0,0,0.0,0.0,1
221.200,0,0,0.0,0.0,1
221.200,0,0,0.0,0.0,1
221.300,0,0,0.0,0.0,1
221.300,0,0,0.0,0.0,1
221.300,0,0,0.0,0.0,1
221.300,0,0,0.0,0.0,1
221.300,0,0,0.0,0.0,1
221.400,0,0,0.0,0.0,1
221.400,0,0,0.0,0.0,1
221.400,0,0,0.0,0.0,1
221.400,0,0,0.0,0.0,1
221.400,0,0,0.0,0.0,1
221.500,0,0,0.0,0.0,1
221.500,0,0,0.0,0.0,1
221.500,0,0,0.0,0.0,1
221.500,0,0,0.0,0.0,1
221.500,0,0,0.0,0.0,1
221.600,0,0,0.0,0.0,1
221.600,0,0,0.0,0.0,1
221.600,0,0,0.0,0.0,1
221.600,0,0,0.0,0.0,1
221.600,0,0,0.0,0.0,1
221.700,0,0,0.0,0.0,1
221.700,0,0,0.0,0.0,1
221.700,0,0,0.0,0.0,1
221.700,0,0,0.0,0.0,1
221.700,0,0,0.0,0.0,1
221.700,0,0,0.0,0.0,1
221.800,0,0,0.0,0.0,1
221.800,0,0,0.0,0.0,1
221.800,0,0,0.0,0.0,1
221.800,0,0,0.0,0.0,1
221.800,0,0,0.0,0.0,1
221.900,0,0,0.0,0.0,1
221.900,0,0,0.0,0.0,1
221.900,0,0,0.0,0.0,1
221.900,0,0,0.0,0.0,1
221.900,0,0,0.0,0.0,1
222.000,0,0,0.0,0.0,1
222.000,0,0,0.0,0.0,1
222.000,0,0,0.0,0.0,1
222.000,0,0,0.0,0.0,1
222.000,0,0,0.0,0.0,1
222.100,0,0,0.0,0.0,1
222.100,0,0,0.0,0.0,1
222.100,0,0,0.0,0.0,1
222.100,0,0,0.0,0.0,1
222.100,0,0,0.0,0.0,1
222.200,0,0,0.0,0.0,1
222.200,0,0,0.0,0.0,1
222.200,0,0,0.0,0.0,1
222.200,0,0,0.0,0.0,1
222.200,0,0,0.0,0.0,1
222.200,0,0,0.0,0.0,1
222.300,0,0,0.0,0.0,1
222.300,0,0,0.0,0.0,1
222.300,0,0,0.0,0.0,1
222.300,0,0,0.0,0.0,1
222.300,0,0,0.0,0.0,1
222.400,0,0,0.0,0.0,1
222.400,0,0,0.0,0.0,1
222.400,0,0,0.0,0.0,1
222.400,0,0,0.0,0.0,1
222.400,0,0,0.0,0.0,1
222.500,0,0,0.0,0.0,1
222.500,0,0,0.0,0.0,1
222.500,0,0,0.0,0.0,1
222.500,0,0,0.0,0.0,1
222.500,0,0,0.0,0.0,1
222.600,0,0,0.0,0.0,1
222.600,0,0,0.0,0.0,1
222.600,0,0,0.0,0.0,1
222.600,0,0,0.0,0.0,1
222.600,0,0,0.0,0.0,1
222.600,0,0,0.0,0.0,1
222.700,0,0,0.0,0.0,1
222.700,0,0,0.0,0.0,1
222.700,0,0,0.0,0.0,1
222.700,0,0,0.0,0.0,1
222.700,0,0,0.0,0.0,1
222.800,0,0,0.0,0.0,1
222.800,0,0,0.0,0.0,1
222.800,0,0,0.0,0.0,1
222.800,0,0,0.0,0.0,1
222.800,0,0,0.0,0.0,1
222.900,0,0,0.0,0.0,1
222.900,0,0,0.0,0.0,1
222.900,0,0,0.0,0.0,1
222.900,0,0,0.0,0.0,1
222.900,0,0,0.0,0.0,1
223.000,0,0,0.0,0.0,1
223.000,0,0,0.0,0.0,1
223.000,0,0,0.0,0.0,1
223.000,0,0,0.0,0.0,1
223.000,0,0,0.0,0.0,1
223.100,0,0,0.0,0.0,1
223.100,0,0,0.0,0.0,1
223.100,0,0,0.0,0.0,1
223.100,0,0,0.0,0.0,1
223.100,0,0,0.0,0.0,1
223.100,0,0,0.0,0.0,1
223.200,0,0,0.0,0.0,1
223.200,0,0,0.0,0.0,1
223.200,0,0,0.0,0.0,1
223.200,0,0,0.0,0.0,1
223.200,0,0,0.0,0.0,1
223.300,0,0,0.0,0.0,1
223.300,0,0,0.0,0.0,1
223.300,0,0,0.0,0.0,1
223.300,0,0,0.0,0.0,1
223.300,0,0,0.0,0.0,1
223.400,0,0,0.0,0.0,1
223.400,0,0,0.0,0.0,1
223.400,0,0,0.0,0.0,1
223.400,0,0,0.0,0.0,1
223.400,0,0,0.0,0.0,1
223.500,0,0,0.0,0.0,1
223.500,0,0,0.0,0.0,1
223.500,0,0,0.0,0.0,1
223.500,0,0,0.0,0.0,1
223.500,0,0,0.0,0.0,1
223.500,0,0,0.0,0.0,1
223.600,0,0,0.0,0.0,1
223.600,0,0,0.0,0.0,1
223.600,0,0,0.0,0.0,1
223.600,0,0,0.0,0.0,1
223.600,0,0,0.0,0.0,1
223.700,0,0,0.0,0.0,1
223.700,0,0,0.0,0.0,1
223.700,0,0,0.0,0.0,1
223.700,0,0,0.0,0.0,1
223.700,0,0,0.0,0.0,1
223.800,0,0,0.0,0.0,1
223.800,0,0,0.0,0.0,1
223.800,0,0,0.0,0.0,1
223.800,0,0,0.0,0.0,1
223.800,0,0,0.0,0.0,1
223.900,0,0,0.0,0.0,1
223.900,0,0,0.0,0.0,1
223.900,0,0,0.0,0.0,1
223.900,0,0,0.0,0.0,1
223.900,0,0,0.0,0.0,1
224.000,0,0,0.0,0.0,1
224.000,0,0,0.0,0.0,1
224.000,0,0,0.0,0.0,1
224.000,0,0,0.0,0.0,1
224.000,0,0,0.0,0.0,1
224.000,0,0,0.0,0.0,1
224.100,0,0,0.0,0.0,1
224.100,0,0,0.0,0.0,1
224.100,0,0,0.0,0.0,1
224.100,0,0,0.0,0.0,1
224.100,0,0,0.0,0.0,1
224.200,0,0,0.0,0.0,1
224.200,0,0,0.0,0.0,1
224.200,0,0,0.0,0.0,1
224.200,0,0,0.0,0.0,1
224.200,0,0,0.0,0.0,1
224.300,0,0,0.0,0.0,1
224.300,0,0,0.0,0.0,1
224.300,0,0,0.0,0.0,1
224.300,0,0,0.0,0.0,1
224.300,0,0,0.0,0.0,1
224.400,0,0,0.0,0.0,1
224.400,0,0,0.0,0.0,1
224.400,0,0,0.0,0.0,1
224.400,0,0,0.0,0.0,1
224.400,0,0,0.0,0.0,1
224.500,0,0,0.0,0.0,1
224.500,0,0,0.0,0.0,1
224.500,0,0,0.0,0.0,1
224.500,0,0,0.0,0.0,1
224.500,0,0,0.0,0.0,1
224.500,0,0,0.0,0.0,1
224.600,0,0,0.0,0.0,1
224.600,0,0,0.0,0.0,1
224.600,0,0,0.0,0.0,1
224.600,0,0,0.0,0.0,1
224.600,0,0,0.0,0.0,1
224.700,0,0,0.0,0.0,1
224.700,0,0,0.0,0.0,1
224.700,0,0,0.0,0.0,1
224.700,0,0,0.0,0.0,1
224.700,0,0,0.0,0.0,1
224.800,0,0,0.0,0.0,1
224.800,0,0,0.0,0.0,1
224.800,0,0,0.0,0.0,1
224.800,0,0,0.0,0.0,1
224.800,0,0,0.0,0.0,1
224.900,0,0,0.0,0.0,1
224.900,0,0,0.0,0.0,1
224.900,0,0,0.0,0.0,1
224.900,0,0,0.0,0.0,1
224.900,0,0,0.0,0.0,1
224.900,0,0,0.0,0.0,1
225.000,0,0,0.0,0.0,1
225.000,0,0,0.0,0.0,1
225.000,0,0,0.0,0.0,1
225.000,0,0,0.0,0.0,1
225.000,0,0,0.0,0.0,1
225.100,0,0,0.0,0.0,1
225.100,0,0,0.0,0.0,1
225.100,0,0,0.0,0.0,1
225.100,0,0,0.0,0.0,1
225.100,0,0,0.0,0.0,1
225.200,0,0,0.0,0.0,1
225.200,0,0,0.0,0.0,1
225.200,0,0,0.0,0.0,1
225.200,0,0,0.0,0.0,1
225.200,0,0,0.0,0.0,1
225.300,0,0,0.0,0.0,1
225.300,0,0,0.0,0.0,1
225.300,0,0,0.0,0.0,1
225.300,0,0,0.0,0.0,1
225.300,0,0,0.0,0.0,1
225.400,0,0,0.0,0.0,1
225.400,0,0,0.0,0.0,1
225.400,0,0,0.0,0.0,1
225.400,0,0,0.0,0.0,1
225.400,0,0,0.0,0.0,1
225.400,0,0,0.0,0.0,1
225.500,0,0,0.0,0.0,1
225.500,0,0,0.0,0.0,1
225.500,0,0,0.0,0.0,1
225.500,0,0,0.0,0.0,1
225.500,0,0,0.0,0.0,1
225.600,0,0,0.0,0.0,1
225.600,0,0,0.0,0.0,1
225.600,0,0,0.0,0.0,1
225.600,0,0,0.0,0.0,1
225.600,0,0,0.0,0.0,1
225.700,0,0,0.0,0.0,1
225.700,0,0,0.0,0.0,1
225.700,0,0,0.0,0.0,1
225.700,0,0,0.0,0.0,1
225.700,0,0,0.0,0.0,1
225.800,0,0,0.0,0.0,1
225.800,0,0,0.0,0.0,1
225.800,0,0,0.0,0.0,1
225.800,0,0,0.0,0.0,1
225.800,0,0,0.0,0.0,1
225.800,0,0,0.0,0.0,1
225.900,0,0,0.0,0.0,1
225.900,0,0,0.0,0.0,1
225.900,0,0,0.0,0.0,1
225.900,0,0,0.0,0.0,1
225.900,0,0,0.0,0.0,1
226.000,0,0,0.0,0.0,1
226.000,0,0,0.0,0.0,1
226.000,0,0,0.0,0.0,1
226.000,0,0,0.0,0.0,1
226.000,0,0,0.0,0.0,1
226.100,0,0,0.0,0.0,1
226.100,0,0,0.0,0.0,1
226.100,0,0,0.0,0.0,1
226.100,0,0,0.0,0.0,1
226.100,0,0,0.0,0.0,1
226.200,0,0,0.0,0.0,1
226.200,0,0,0.0,0.0,1
226.200,0,0,0.0,0.0,1
226.200,0,0,0.0,0.0,1
226.200,0,0,0.0,0.0,1
226.300,0,0,0.0,0.0,1
226.300,0,0,0.0,0.0,1
226.300,0,0,0.0,0.0,1
226.300,0,0,0.0,0.0,1
226.300,0,0,0.0,0.0,1
226.300,0,0,0.0,0.0,1
226.400,0,0,0.0,0.0,1
226.400,0,0,0.0,0.0,1
226.400,0,0,0.0,0.0,1
226.400,0,0,0.0,0.0,1
226.400,0,0,0.0,0.0,1
226.500,0,0,0.0,0.0,1
226.500,0,0,0.0,0.0,1
226.500,0,0,0.0,0.0,1
226.500,0,0,0.0,0.0,1
226.500,0,0,0.0,0.0,1
226.600,0,0,0.0,0.0,1
226.600,0,0,0.0,0.0,1
226.600,0,0,0.0,0.0,1
226.600,0,0,0.0,0.0,1
226.600,0,0,0.0,0.0,1
226.700,0,0,0.0,0.0,1
226.700,0,0,0.0,0.0,1
226.700,0,0,0.0,0.0,1
226.700,0,0,0.0,0.0,1
226.700,0,0,0.0,0.0,1
226.800,0,0,0.0,0.0,1
226.800,0,0,0.0,0.0,1
226.800,0,0,0.0,0.0,1
226.800,0,0,0.0,0.0,1
226.800,0,0,0.0,0.0,1
226.800,0,0,0.0,0.0,1
226.900,0,0,0.0,0.0,1
226.900,0,0,0.0,0.0,1
226.900,0,0,0.0,0.0,1
226.900,0,0,0.0,0.0,1
226.900,0,0,0.0,0.0,1
227.000,0,0,0.0,0.0,1
227.000,0,0,0.0,0.0,1
227.000,0,0,0.0,0.0,1
227.000,0,0,0.0,0.0,1
227.000,0,0,0.0,0.0,1
227.100,0,0,0.0,0.0,1
227.100,0,0,0.0,0.0,1
227.100,0,0,0.0,0.0,1
227.100,0,0,0.0,0.0,1
227.100,0,0,0.0,0.0,1
227.200,0,0,0.0,0.0,1
227.200,0,0,0.0,0.0,1
227.200,0,0,0.0,0.0,1
227.200,0,0,0.0,0.0,1
227.200,0,0,0.0,0.0,1
227.200,0,0,0.0,0.0,1
227.300,0,0,0.0,0.0,1
227.300,0,0,0.0,0.0,1
227.300,0,0,0.0,0.0,1
227.300,0,0,0.0,0.0,1
227.300,0,0,0.0,0.0,1
227.400,0,0,0.0,0.0,1
227.400,0,0,0.0,0.0,1
227.400,0,0,0.0,0.0,1
227.400,0,0,0.0,0.0,1
227.400,0,0,0.0,0.0,1
227.500,0,0,0.0,0.0,1
227.500,0,0,0.0,0.0,1
227.500,0,0,0.0,0.0,1
227.500,0,0,0.0,0.0,1
227.500,0,0,0.0,0.0,1
227.600,0,0,0.0,0.0,1
227.600,0,0,0.0,0.0,1
227.600,0,0,0.0,0.0,1
227.600,0,0,0.0,0.0,1
227.600,0,0,0.0,0.0,1
227.700,0,0,0.0,0.0,1
227.700,0,0,0.0,0.0,1
227.700,0,0,0.0,0.0,1
227.700,0,0,0.0,0.0,1
227.700,0,0,0.0,0.0,1
227.700,0,0,0.0,0.0,1
227.800,0,0,0.0,0.0,1
227.800,0,0,0.0,0.0,1
227.800,0,0,0.0,0.0,1
227.800,0,0,0.0,0.0,1
227.800,0,0,0.0,0.0,1
227.900,0,0,0.0,0.0,1
227.900,0,0,0.0,0.0,1
227.900,0,0,0.0,0.0,1
227.900,0,0,0.0,0.0,1
227.900,0,0,0.0,0.0,1
228.000,0,0,0.0,0.0,1
228.000,0,0,0.0,0.0,1
228.000,0,0,0.0,0.0,1
228.000,0,0,0.0,0.0,1
228.000,0,0,0.0,0.0,1
228.100,0,0,0.0,0.0,1
228.100,0,0,0.0,0.0,1
228.100,0,0,0.0,0.0,1
228.100,0,0,0.0,0.0,1
228.100,0,0,0.0,0.0,1
228.100,0,0,0.0,0.0,1
228.200,0,0,0.0,0.0,1
228.200,0,0,0.0,0.0,1
228.200,0,0,0.0,0.0,1
228.200,0,0,0.0,0.0,1
228.200,0,0,0.0,0.0,1
228.300,0,0,0.0,0.0,1
228.300,0,0,0.0,0.0,1
228.300,0,0,0.0,0.0,1
228.300,0,0,0.0,0.0,1
228.300,0,0,0.0,0.0,1
228.400,0,0,0.0,0.0,1
228.400,0,0,0.0,0.0,1
228.400,0,0,0.0,0.0,1
228.400,0,0,0.0,0.0,1
228.400,0,0,0.0,0.0,1
228.500,0,0,0.0,0.0,1
228.500,0,0,0.0,0.0,1
228.500,0,0,0.0,0.0,1
228.500,0,0,0.0,0.0,1
228.500,0,0,0.0,0.0,1
228.600,0,0,0.0,0.0,1
228.600,0,0,0.0,0.0,1
228.600,0,0,0.0,0.0,1
228.600,0,0,0.0,0.0,1
228.600,0,0,0.0,0.0,1
228.600,0,0,0.0,0.0,1
228.700,0,0,0.0,0.0,1
228.700,0,0,0.0,0.0,1
228.700,0,0,0.0,0.0,1
228.700,0,0,0.0,0.0,1
228.700,0,0,0.0,0.0,1
228.800,0,0,0.0,0.0,1
228.800,0,0,0.0,0.0,1
228.800,0,0,0.0,0.0,1
228.800,0,0,0.0,0.0,1
228.800,0,0,0.0,0.0,1
228.900,0,0,0.0,0.0,1
228.900,0,0,0.0,0.0,1
228.900,0,0,0.0,0.0,1
228.900,0,0,0.0,0.0,1
228.900,0,0,0.0,0.0,1
229.000,0,0,0.0,0.0,1
229.000,0,0,0.0,0.0,1
229.000,0,0,0.0,0.0,1
229.000,0,0,0.0,0.0,1
229.000,0,0,0.0,0.0,1
229.100,0,0,0.0,0.0,1
229.100,0,0,0.0,0.0,1
229.100,0,0,0.0,0.0,1
229.100,0,0,0.0,0.0,1
229.100,0,0,0.0,0.0,1
229.100,0,0,0.0,0.0,1
229.200,0,0,0.0,0.0,1
229.200,0,0,0.0,0.0,1
229.200,0,0,0.0,0.0,1
229.200,0,0,0.0,0.0,1
229.200,0,0,0.0,0.0,1
229.300,0,0,0.0,0.0,1
229.300,0,0,0.0,0.0,1
229.300,0,0,0.0,0.0,1
229.300,0,0,0.0,0.0,1
229.300,0,0,0.0,0.0,1
229.400,0,0,0.0,0.0,1
229.400,0,0,0.0,0.0,1
229.400,0,0,0.0,0.0,1
229.400,0,0,0.0,0.0,1
229.400,0,0,0.0,0.0,1
229.500,0,0,0.0,0.0,1
229.500,0,0,0.0,0.0,1
229.500,0,0,0.0,0.0,1
229.500,0,0,0.0,0.0,1
229.500,0,0,0.0,0.0,1
229.500,0,0,0.0,0.0,1
229.600,0,0,0.0,0.0,1
229.600,0,0,0.0,0.0,1
229.600,0,0,0.0,0.0,1
229.600,0,0,0.0,0.0,1
229.600,0,0,0.0,0.0,1
229.700,0,0,0.0,0.0,1
229.700,0,0,0.0,0.0,1
229.700,0,0,0.0,0.0,1
229.700,0,0,0.0,0.0,1
229.700,0,0,0.0,0.0,1
229.800,0,0,0.0,0.0,1
229.800,0,0,0.0,0.0,1
229.800,0,0,0.0,0.0,1
229.800,0,0,0.0,0.0,1
229.800,0,0,0.0,0.0,1
229.900,0,0,0.0,0.0,1
229.900,0,0,0.0,0.0,1
229.900,0,0,0.0,0.0,1
229.900,0,0,0.0,0.0,1
229.900,0,0,0.0,0.0,1
230.000,0,0,0.0,0.0,1
230.000,0,0,0.0,0.0,1
230.000,0,0,0.0,0.0,1
230.000,0,0,0.0,0.0,1
230.000,0,0,0.0,0.0,1
230.000,0,0,0.0,0.0,1
230.100,0,0,0.0,0.0,1
230.100,0,0,0.0,0.0,1
230.100,0,0,0.0,0.0,1
230.100,0,0,0.0,0.0,1
230.100,0,0,0.0,0.0,1
230.200,0,0,0.0,0.0,1
230.200,0,0,0.0,0.0,1
230.200,0,0,0.0,0.0,1
230.200,0,0,0.0,0.0,1
230.200,0,0,0.0,0.0,1
230.300,0,0,0.0,0.0,1
230.300,0,0,0.0,0.0,1
230.300,0,0,0.0,0.0,1
230.300,0,0,0.0,0.0,1
230.300,0,0,0.0,0.0,1
230.400,0,0,0.0,0.0,1
230.400,0,0,0.0,0.0,1
230.400,0,0,0.0,0.0,1
230.400,0,0,0.0,0.0,1
230.400,0,0,0.0,0.0,1
230.400,0,0,0.0,0.0,1
230.500,0,0,0.0,0.0,1
230.500,0,0,0.0,0.0,1
230.500,0,0,0.0,0.0,1
230.500,0,0,0.0,0.0,1
230.500,0,0,0.0,0.0,1
230.600,0,0,0.0,0.0,1
230.600,0,0,0.0,0.0,1
230.600,0,0,0.0,0.0,1
230.600,0,0,0.0,0.0,1
230.600,0,0,0.0,0.0,1
230.700,0,0,0.0,0.0,1
230.700,0,0,0.0,0.0,1
230.700,0,0,0.0,0.0,1
230.700,0,0,0.0,0.0,1
230.700,0,0,0.0,0.0,1
230.800,0,0,0.0,0.0,1
230.800,0,0,0.0,0.0,1
230.800,0,0,0.0,0.0,1
230.800,0,0,0.0,0.0,1
230.800,0,0,0.0,0.0,1
230.900,0,0,0.0,0.0,1
230.900,0,0,0.0,0.0,1
230.900,0,0,0.0,0.0,1
230.900,0,0,0.0,0.0,1
230.900,0,0,0.0,0.0,1
230.900,0,0,0.0,0.0,1
231.000,0,0,0.0,0.0,1
231.000,0,0,0.0,0.0,1
231.000,0,0,0.0,0.0,1
231.000,0,0,0.0,0.0,1
231.000,0,0,0.0,0.0,1
231.100,0,0,0.0,0.0,1
231.100,0,0,0.0,0.0,1
231.100,0,0,0.0,0.0,1
231.100,0,0,0.0,0.0,1
231.100,0,0,0.0,0.0,1
231.200,0,0,0.0,0.0,1
231.200,0,0,0.0,0.0,1
231.200,0,0,0.0,0.0,1
231.200,0,0,0.0,0.0,1
231.200,0,0,0.0,0.0,1
231.300,0,0,0.0,0.0,1
231.300,0,0,0.0,0.0,1
231.300,0,0,0.0,0.0,1
231.300,0,0,0.0,0.0,1
231.300,0,0,0.0,0.0,1
231.300,0,0,0.0,0.0,1
231.400,0,0,0.0,0.0,1
231.400,0,0,0.0,0.0,1
231.400,0,0,0.0,0.0,1
231.400,0,0,0.0,0.0,1
231.400,0,0,0.0,0.0,1
231.500,0,0,0.0,0.0,1
231.500,0,0,0.0,0.0,1
231.500,0,0,0.0,0.0,1
231.500,0,0,0.0,0.0,1
231.500,0,0,0.0,0.0,1
231.600,0,0,0.0,0.0,1
231.600,0,0,0.0,0.0,1
231.600,0,0,0.0,0.0,1
231.600,0,0,0.0,0.0,1
231.600,0,0,0.0,0.0,1
231.700,0,0,0.0,0.0,1
231.700,0,0,0.0,0.0,1
231.700,0,0,0.0,0.0,1
231.700,0,0,0.0,0.0,1
231.700,0,0,0.0,0.0,1
231.800,0,0,0.0,0.0,1
231.800,0,0,0.0,0.0,1
231.800,0,0,0.0,0.0,1
231.800,0,0,0.0,0.0,1
231.800,0,0,0.0,0.0,1
231.800,0,0,0.0,0.0,1
231.900,0,0,0.0,0.0,1
231.900,0,0,0.0,0.0,1
231.900,0,0,0.0,0.0,1
231.900,0,0,0.0,0.0,1
231.900,0,0,0.0,0.0,1
232.000,0,0,0.0,0.0,1
232.000,0,0,0.0,0.0,1
232.000,0,0,0.0,0.0,1
232.000,0,0,0.0,0.0,1
232.000,0,0,0.0,0.0,1
232.100,0,0,0.0,0.0,1
232.100,0,0,0.0,0.0,1
232.100,0,0,0.0,0.0,1
232.100,0,0,0.0,0.0,1
232.100,0,0,0.0,0.0,1
232.200,0,0,0.0,0.0,1
232.200,0,0,0.0,0.0,1
232.200,0,0,0.0,0.0,1
232.200,0,0,0.0,0.0,1
232.200,0,0,0.0,0.0,1
232.300,0,0,0.0,0.0,1
232.300,0,0,0.0,0.0,1
232.300,0,0,0.0,0.0,1
232.300,0,0,0.0,0.0,1
232.300,0,0,0.0,0.0,1
232.300,0,0,0.0,0.0,1
232.400,0,0,0.0,0.0,1
232.400,0,0,0.0,0.0,1
232.400,0,0,0.0,0.0,1
232.400,0,0,0.0,0.0,1
232.400,0,0,0.0,0.0,1
232.500,0,0,0.0,0.0,1
232.500,0,0,0.0,0.0,1
232.500,0,0,0.0,0.0,1
232.500,0,0,0.0,0.0,1
232.500,0,0,0.0,0.0,1
232.600,0,0,0.0,0.0,1
232.600,0,0,0.0,0.0,1
232.600,0,0,0.0,0.0,1
232.600,0,0,0.0,0.0,1
232.600,0,0,0.0,0.0,1
232.700,0,0,0.0,0.0,1
232.700,0,0,0.0,0.0,1
232.700,0,0,0.0,0.0,1
232.700,0,0,0.0,0.0,1
232.700,0,0,0.0,0.0,1
232.700,0,0,0.0,0.0,1
232.800,0,0,0.0,0.0,1
232.800,0,0,0.0,0.0,1
232.800,0,0,0.0,0.0,1
232.800,0,0,0.0,0.0,1
232.800,0,0,0.0,0.0,1
232.900,0,0,0.0,0.0,1
232.900,0,0,0.0,0.0,1
232.900,0,0,0.0,0.0,1
232.900,0,0,0.0,0.0,1
232.900,0,0,0.0,0.0,1
233.000,0,0,0.0,0.0,1
233.000,0,0,0.0,0.0,1
233.000,0,0,0.0,0.0,1
233.000,0,0,0.0,0.0,1
233.000,0,0,0.0,0.0,1
233.100,0,0,0.0,0.0,1
233.100,0,0,0.0,0.0,1
233.100,0,0,0.0,0.0,1
233.100,0,0,0.0,0.0,1
233.100,0,0,0.0,0.0,1
233.200,0,0,0.0,0.0,1
233.200,0,0,0.0,0.0,1
233.200,0,0,0.0,0.0,1
233.200,0,0,0.0,0.0,1
233.200,0,0,0.0,0.0,1
233.200,0,0,0.0,0.0,1
233.300,0,0,0.0,0.0,1
233.300,0,0,0.0,0.0,1
233.300,0,0,0.0,0.0,1
233.300,0,0,0.0,0.0,1
233.300,0,0,0.0,0.0,1
233.400,0,0,0.0,0.0,1
233.400,0,0,0.0,0.0,1
233.400,0,0,0.0,0.0,1
233.400,0,0,0.0,0.0,1
233.400,0,0,0.0,0.0,1
233.500,0,0,0.0,0.0,1
233.500,0,0,0.0,0.0,1
233.500,0,0,0.0,0.0,1
233.500,0,0,0.0,0.0,1
233.500,0,0,0.0,0.0,1
233.600,0,0,0.0,0.0,1
233.600,0,0,0.0,0.0,1
233.600,0,0,0.0,0.0,1
233.600,0,0,0.0,0.0,1
233.600,0,0,0.0,0.0,1
233.600,0,0,0.0,0.0,1
233.700,0,0,0.0,0.0,1
233.700,0,0,0.0,0.0,1
233.700,0,0,0.0,0.0,1
233.700,0,0,0.0,0.0,1
233.700,0,0,0.0,0.0,1
233.800,0,0,0.0,0.0,1
233.800,0,0,0.0,0.0,1
233.800,0,0,0.0,0.0,1
233.800,0,0,0.0,0.0,1
233.800,0,0,0.0,0.0,1
233.900,0,0,0.0,0.0,1
233.900,0,0,0.0,0.0,1
233.900,0,0,0.0,0.0,1
233.900,0,0,0.0,0.0,1
233.900,0,0,0.0,0.0,1
234.000,0,0,0.0,0.0,1
234.000,0,0,0.0,0.0,1
234.000,0,0,0.0,0.0,1
234.000,0,0,0.0,0.0,1
234.000,0,0,0.0,0.0,1
234.100,0,0,0.0,0.0,1
234.100,0,0,0.0,0.0,1
234.100,0,0,0.0,0.0,1
234.100,0,0,0.0,0.0,1
234.100,0,0,0.0,0.0,1
234.100,0,0,0.0,0.0,1
234.200,0,0,0.0,0.0,1
234.200,0,0,0.0,0.0,1
234.200,0,0,0.0,0.0,1
234.200,0,0,0.0,0.0,1
234.200,0,0,0.0,0.0,1
234.300,0,0,0.0,0.0,1
234.300,0,0,0.0,0.0,1
234.300,0,0,0.0,0.0,1
234.300,0,0,0.0,0.0,1
234.300,0,0,0.0,0.0,1
234.400,0,0,0.0,0.0,1
234.400,0,0,0.0,0.0,1
234.400,0,0,0.0,0.0,1
234.400,0,0,0.0,0.0,1
234.400,0,0,0.0,0.0,1
234.500,0,0,0.0,0.0,1
234.500,0,0,0.0,0.0,1
234.500,0,0,0.0,0.0,1
234.500,0,0,0.0,0.0,1
234.500,0,0,0.0,0.0,1
234.600,0,0,0.0,0.0,1
234.600,0,0,0.0,0.0,1
234.600,0,0,0.0,0.0,1
234.600,0,0,0.0,0.0,1
234.600,0,0,0.0,0.0,1
234.600,0,0,0.0,0.0,1
234.700,0,0,0.0,0.0,1
234.700,0,0,0.0,0.0,1
234.700,0,0,0.0,0.0,1
234.700,0,0,0.0,0.0,1
234.700,0,0,0.0,0.0,1
234.800,0,0,0.0,0.0,1
234.800,0,0,0.0,0.0,1
234.800,0,0,0.0,0.0,1
234.800,0,0,0.0,0.0,1
234.800,0,0,0.0,0.0,1
234.900,0,0,0.0,0.0,1
234.900,0,0,0.0,0.0,1
234.900,0,0,0.0,0.0,1
234.900,0,0,0.0,0.0,1
234.900,0,0,0.0,0.0,1
235.000,0,0,0.0,0.0,1
235.000,0,0,0.0,0.0,1
235.000,0,0,0.0,0.0,1
235.000,0,0,0.0,0.0,1
235.000,0,0,0.0,0.0,1
235.000,0,0,0.0,0.0,1
235.100,0,0,0.0,0.0,1
235.100,0,0,0.0,0.0,1
235.100,0,0,0.0,0.0,1
235.100,0,0,0.0,0.0,1
235.100,0,0,0.0,0.0,1
235.200,0,0,0.0,0.0,1
235.200,0,0,0.0,0.0,1
235.200,0,0,0.0,0.0,1
235.200,0,0,0.0,0.0,1
235.200,0,0,0.0,0.0,1
235.300,0,0,0.0,0.0,1
235.300,0,0,0.0,0.0,1
235.300,0,0,0.0,0.0,1
235.300,0,0,0.0,0.0,1
235.300,0,0,0.0,0.0,1
235.400,0,0,0.0,0.0,1
235.400,0,0,0.0,0.0,1
235.400,0,0,0.0,0.0,1
235.400,0,0,0.0,0.0,1
235.400,0,0,0.0,0.0,1
235.500,0,0,0.0,0.0,1
235.500,0,0,0.0,0.0,1
235.500,0,0,0.0,0.0,1
235.500,0,0,0.0,0.0,1
235.500,0,0,0.0,0.0,1
235.500,0,0,0.0,0.0,1
235.600,0,0,0.0,0.0,1
235.600,0,0,0.0,0.0,1
235.600,0,0,0.0,0.0,1
235.600,0,0,0.0,0.0,1
235.600,0,0,0.0,0.0,1
235.700,0,0,0.0,0.0,1
235.700,0,0,0.0,0.0,1
235.700,0,0,0.0,0.0,1
235.700,0,0,0.0,0.0,1
235.700,0,0,0.0,0.0,1
235.800,0,0,0.0,0.0,1
235.800,0,0,0.0,0.0,1
235.800,0,0,0.0,0.0,1
235.800,0,0,0.0,0.0,1
235.800,0,0,0.0,0.0,1
235.900,0,0,0.0,0.0,1
235.900,0,0,0.0,0.0,1
235.900,0,0,0.0,0.0,1
235.900,0,0,0.0,0.0,1
235.900,0,0,0.0,0.0,1
235.900,0,0,0.0,0.0,1
236.000,0,0,0.0,0.0,1
236.000,0,0,0.0,0.0,1
236.000,0,0,0.0,0.0,1
236.000,0,0,0.0,0.0,1
236.000,0,0,0.0,0.0,1
236.100,0,0,0.0,0.0,1
236.100,0,0,0.0,0.0,1
236.100,0,0,0.0,0.0,1
236.100,0,0,0.0,0.0,1
236.100,0,0,0.0,0.0,1
236.200,0,0,0.0,0.0,1
236.200,0,0,0.0,0.0,1
236.200,0,0,0.0,0.0,1
236.200,0,0,0.0,0.0,1
236.200,0,0,0.0,0.0,1
236.300,0,0,0.0,0.0,1
236.300,0,0,0.0,0.0,1
236.300,0,0,0.0,0.0,1
236.300,0,0,0.0,0.0,1
236.300,0,0,0.0,0.0,1
236.400,0,0,0.0,0.0,1
236.400,0,0,0.0,0.0,1
236.400,0,0,0.0,0.0,1
236.400,0,0,0.0,0.0,1
236.400,0,0,0.0,0.0,1
236.400,0,0,0.0,0.0,1
236.500,0,0,0.0,0.0,1
236.500,0,0,0.0,0.0,1
236.500,0,0,0.0,0.0,1
236.500,0,0,0.0,0.0,1
236.500,0,0,0.0,0.0,1
236.600,0,0,0.0,0.0,1
236.600,0,0,0.0,0.0,1
236.600,0,0,0.0,0.0,1
236.600,0,0,0.0,0.0,1
236.600,0,0,0.0,0.0,1
236.700,0,0,0.0,0.0,1
236.700,0,0,0.0,0.0,1
236.700,0,0,0.0,0.0,1
236.700,0,0,0.0,0.0,1
236.700,0,0,0.0,0.0,1
236.800,0,0,0.0,0.0,1
236.800,0,0,0.0,0.0,1
236.800,0,0,0.0,0.0,1
236.800,0,0,0.0,0.0,1
236.800,0,0,0.0,0.0,1
236.900,0,0,0.0,0.0,1
236.900,0,0,0.0,0.0,1
236.900,0,0,0.0,0.0,1
236.900,0,0,0.0,0.0,1
236.900,0,0,0.0,0.0,1
236.900,0,0,0.0,0.0,1
237.000,0,0,0.0,0.0,1
237.000,0,0,0.0,0.0,1
237.000,0,0,0.0,0.0,1
237.000,0,0,0.0,0.0,1
237.000,0,0,0.0,0.0,1
237.100,0,0,0.0,0.0,1
237.100,0,0,0.0,0.0,1
237.100,0,0,0.0,0.0,1
237.100,0,0,0.0,0.0,1
237.100,0,0,0.0,0.0,1
237.200,0,0,0.0,0.0,1
237.200,0,0,0.0,0.0,1
237.200,0,0,0.0,0.0,1
237.200,0,0,0.0,0.0,1
237.200,0,0,0.0,0.0,1
237.300,0,0,0.0,0.0,1
237.300,0,0,0.0,0.0,1
237.300,0,0,0.0,0.0,1
237.300,0,0,0.0,0.0,1
237.300,0,0,0.0,0.0,1
237.300,0,0,0.0,0.0,1
237.400,0,0,0.0,0.0,1
237.400,0,0,0.0,0.0,1
237.400,0,0,0.0,0.0,1
237.400,0,0,0.0,0.0,1
237.400,0,0,0.0,0.0,1
237.500,0,0,0.0,0.0,1
237.500,0,0,0.0,0.0,1
237.500,0,0,0.0,0.0,1
237.500,0,0,0.0,0.0,1
237.500,0,0,0.0,0.0,1
237.600,0,0,0.0,0.0,1
237.600,0,0,0.0,0.0,1
237.600,0,0,0.0,0.0,1
237.600,0,0,0.0,0.0,1
237.600,0,0,0.0,0.0,1
237.700,0,0,0.0,0.0,1
237.700,0,0,0.0,0.0,1
237.700,0,0,0.0,0.0,1
237.700,0,0,0.0,0.0,1
237.700,0,0,0.0,0.0,1
237.800,0,0,0.0,0.0,1
237.800,0,0,0.0,0.0,1
237.800,0,0,0.0,0.0,1
237.800,0,0,0.0,0.0,1
237.800,0,0,0.0,0.0,1
237.800,0,0,0.0,0.0,1
237.900,0,0,0.0,0.0,1
237.900,0,0,0.0,0.0,1
237.900,0,0,0.0,0.0,1
237.900,0,0,0.0,0.0,1
237.900,0,0,0.0,0.0,1
238.000,0,0,0.0,0.0,1
238.000,0,0,0.0,0.0,1
238.000,0,0,0.0,0.0,1
238.000,0,0,0.0,0.0,1
238.000,0,0,0.0,0.0,1
238.100,0,0,0.0,0.0,1
238.100,0,0,0.0,0.0,1
238.100,0,0,0.0,0.0,1
238.100,0,0,0.0,0.0,1
238.100,0,0,0.0,0.0,1
238.200,0,0,0.0,0.0,1
238.200,0,0,0.0,0.0,1
238.200,0,0,0.0,0.0,1
238.200,0,0,0.0,0.0,1
238.200,0,0,0.0,0.0,1
238.200,0,0,0.0,0.0,1
238.300,0,0,0.0,0.0,1
238.300,0,0,0.0,0.0,1
238.300,0,0,0.0,0.0,1
238.300,0,0,0.0,0.0,1
238.300,0,0,0.0,0.0,1
238.400,0,0,0.0,0.0,1
238.400,0,0,0.0,0.0,1
238.400,0,0,0.0,0.0,1
238.400,0,0,0.0,0.0,1
238.400,0,0,0.0,0.0,1
238.500,0,0,0.0,0.0,1
238.500,0,0,0.0,0.0,1
238.500,0,0,0.0,0.0,1
238.500,0,0,0.0,0.0,1
238.500,0,0,0.0,0.0,1
238.600,0,0,0.0,0.0,1
238.600,0,0,0.0,0.0,1
238.600,0,0,0.0,0.0,1
238.600,0,0,0.0,0.0,1
238.600,0,0,0.0,0.0,1
238.700,0,0,0.0,0.0,1
238.700,0,0,0.0,0.0,1
238.700,0,0,0.0,0.0,1
238.700,0,0,0.0,0.0,1
238.700,0,0,0.0,0.0,1
238.700,0,0,0.0,0.0,1
238.800,0,0,0.0,0.0,1
238.800,0,0,0.0,0.0,1
238.800,0,0,0.0,0.0,1
238.800,0,0,0.0,0.0,1
238.800,0,0,0.0,0.0,1
238.900,0,0,0.0,0.0,1
238.900,0,0,0.0,0.0,1
238.900,0,0,0.0,0.0,1
238.900,0,0,0.0,0.0,1
238.900,0,0,0.0,0.0,1
239.000,0,0,0.0,0.0,1
239.000,0,0,0.0,0.0,1
239.000,0,0,0.0,0.0,1
239.000,0,0,0.0,0.0,1
239.000,0,0,0.0,0.0,1
239.100,0,0,0.0,0.0,1
239.100,0,0,0.0,0.0,1
239.100,0,0,0.0,0.0,1
239.100,0,0,0.0,0.0,1
239.100,0,0,0.0,0.0,1
239.200,0,0,0.0,0.0,1
239.200,0,0,0.0,0.0,1
239.200,0,0,0.0,0.0,1
239.200,0,0,0.0,0.0,1
239.200,0,0,0.0,0.0,1
239.200,0,0,0.0,0.0,1
239.300,0,0,0.0,0.0,1
239.300,0,0,0.0,0.0,1
239.300,0,0,0.0,0.0,1
239.300,0,0,0.0,0.0,1
239.300,0,0,0.0,0.0,1
239.400,0,0,0.0,0.0,1
239.400,0,0,0.0,0.0,1
239.400,0,0,0.0,0.0,1
239.400,0,0,0.0,0.0,1
239.400,0,0,0.0,0.0,1
239.500,0,0,0.0,0.0,1
239.500,0,0,0.0,0.0,1
239.500,0,0,0.0,0.0,1
239.500,0,0,0.0,0.0,1
239.500,0,0,0.0,0.0,1
239.600,0,0,0.0,0.0,1
239.600,0,0,0.0,0.0,1
239.600,0,0,0.0,0.0,1
239.600,0,0,0.0,0.0,1
239.600,0,0,0.0,0.0,1
239.600,0,0,0.0,0.0,1
239.700,0,0,0.0,0.0,1
239.700,0,0,0.0,0.0,1
239.700,0,0,0.0,0.0,1
239.700,0,0,0.0,0.0,1
239.700,0,0,0.0,0.0,1
239.800,0,0,0.0,0.0,1
239.800,0,0,0.0,0.0,1
239.800,0,0,0.0,0.0,1
239.800,0,0,0.0,0.0,1
239.800,0,0,0.0,0.0,1
239.900,0,0,0.0,0.0,1
239.900,0,0,0.0,0.0,1
239.900,0,0,0.0,0.0,1
239.900,0,0,0.0,0.0,1
239.900,0,0,0.0,0.0,1
240.000,0,0,0.0,0.0,1
240.000,0,0,0.0,0.0,1
240.000,0,0,0.0,0.0,1
240.000,0,0,0.0,0.0,1
240.000,0,0,0.0,0.0,1
240.100,0,0,0.0,0.0,1
240.100,0,0,0.0,0.0,1
240.100,0,0,0.0,0.0,1
240.100,0,0,0.0,0.0,1
240.100,0,0,0.0,0.0,1
240.100,0,0,0.0,0.0,1
240.200,0,0,0.0,0.0,1
240.200,0,0,0.0,0.0,1
240.200,0,0,0.0,0.0,1
240.200,0,0,0.0,0.0,1
240.200,0,0,0.0,0.0,1
240.300,0,0,0.0,0.0,1
240.300,0,0,0.0,0.0,1
240.300,0,0,0.0,0.0,1
240.300,0,0,0.0,0.0,1
240.300,0,0,0.0,0.0,1
240.400,0,0,0.0,0.0,1
240.400,0,0,0.0,0.0,1
240.400,0,0,0.0,0.0,1
240.400,0,0,0.0,0.0,1
240.400,0,0,0.0,0.0,1
240.500,0,0,0.0,0.0,1
240.500,0,0,0.0,0.0,1
240.500,0,0,0.0,0.0,1
240.500,0,0,0.0,0.0,1
240.500,0,0,0.0,0.0,1
240.500,0,0,0.0,0.0,1
240.600,0,0,0.0,0.0,1
240.600,0,0,0.0,0.0,1
240.600,0,0,0.0,0.0,1
240.600,0,0,0.0,0.0,1
240.600,0,0,0.0,0.0,1
240.700,0,0,0.0,0.0,1
240.700,0,0,0.0,0.0,1
240.700,0,0,0.0,0.0,1
240.700,0,0,0.0,0.0,1
240.700,0,0,0.0,0.0,1
240.800,0,0,0.0,0.0,1
240.800,0,0,0.0,0.0,1
240.800,0,0,0.0,0.0,1
240.800,0,0,0.0,0.0,1
240.800,0,0,0.0,0.0,1
240.900,0,0,0.0,0.0,1
240.900,0,0,0.0,0.0,1
240.900,0,0,0.0,0.0,1
240.900,0,0,0.0,0.0,1
240.900,0,0,0.0,0.0,1
241.000,0,0,0.0,0.0,1
241.000,0,0,0.0,0.0,1
241.000,0,0,0.0,0.0,1
241.000,0,0,0.0,0.0,1
241.000,0,0,0.0,0.0,1
241.000,0,0,0.0,0.0,1
241.100,0,0,0.0,0.0,1
241.100,0,0,0.0,0.0,1
241.100,0,0,0.0,0.0,1
241.100,0,0,0.0,0.0,1
241.100,0,0,0.0,0.0,1
241.200,0,0,0.0,0.0,1
241.200,0,0,0.0,0.0,1
241.200,0,0,0.0,0.0,1
241.200,0,0,0.0,0.0,1
241.200,0,0,0.0,0.0,1
241.300,0,0,0.0,0.0,1
241.300,0,0,0.0,0.0,1
241.300,0,0,0.0,0.0,1
241.300,0,0,0.0,0.0,1
241.300,0,0,0.0,0.0,1
241.400,0,0,0.0,0.0,1
241.400,0,0,0.0,0.0,1
241.400,0,0,0.0,0.0,1
241.400,0,0,0.0,0.0,1
241.400,0,0,0.0,0.0,1
241.500,0,0,0.0,0.0,1
241.500,0,0,0.0,0.0,1
241.500,0,0,0.0,0.0,1
241.500,0,0,0.0,0.0,1
241.500,0,0,0.0,0.0,1
241.500,0,0,0.0,0.0,1
241.600,0,0,0.0,0.0,1
241.600,0,0,0.0,0.0,1
241.600,0,0,0.0,0.0,1
241.600,0,0,0.0,0.0,1
241.600,0,0,0.0,0.0,1
241.700,0,0,0.0,0.0,1
241.700,0,0,0.0,0.0,1
241.700,0,0,0.0,0.0,1
241.700,0,0,0.0,0.0,1
241.700,0,0,0.0,0.0,1
241.800,0,0,0.0,0.0,1
241.800,0,0,0.0,0.0,1
241.800,0,0,0.0,0.0,1
241.800,0,0,0.0,0.0,1
241.800,0,0,0.0,0.0,1
241.900,0,0,0.0,0.0,1
241.900,0,0,0.0,0.0,1
241.900,0,0,0.0,0.0,1
241.900,0,0,0.0,0.0,1
241.900,0,0,0.0,0.0,1
241.900,0,0,0.0,0.0,1
242.000,0,0,0.0,0.0,1
242.000,0,0,0.0,0.0,1
242.000,0,0,0.0,0.0,1
242.000,0,0,0.0,0.0,1
242.000,0,0,0.0,0.0,1
242.100,0,0,0.0,0.0,1
242.100,0,0,0.0,0.0,1
242.100,0,0,0.0,0.0,1
242.100,0,0,0.0,0.0,1
242.100,0,0,0.0,0.0,1
242.200,0,0,0.0,0.0,1
242.200,0,0,0.0,0.0,1
242.200,0,0,0.0,0.0,1
242.200,0,0,0.0,0.0,1
242.200,0,0,0.0,0.0,1
242.300,0,0,0.0,0.0,1
242.300,0,0,0.0,0.0,1
242.300,0,0,0.0,0.0,1
242.300,0,0,0.0,0.0,1
242.300,0,0,0.0,0.0,1
242.400,0,0,0.0,0.0,1
242.400,0,0,0.0,0.0,1
242.400,0,0,0.0,0.0,1
242.400,0,0,0.0,0.0,1
242.400,0,0,0.0,0.0,1
242.400,0,0,0.0,0.0,1
242.500,0,0,0.0,0.0,1
242.500,0,0,0.0,0.0,1
242.500,0,0,0.0,0.0,1
242.500,0,0,0.0,0.0,1
242.500,0,0,0.0,0.0,1
242.600,0,0,0.0,0.0,1
242.600,0,0,0.0,0.0,1
242.600,0,0,0.0,0.0,1
242.600,0,0,0.0,0.0,1
242.600,0,0,0.0,0.0,1
242.700,0,0,0.0,0.0,1
242.700,0,0,0.0,0.0,1
242.700,0,0,0.0,0.0,1
242.700,0,0,0.0,0.0,1
242.700,0,0,0.0,0.0,1
242.800,0,0,0.0,0.0,1
242.800,0,0,0.0,0.0,1
242.800,0,0,0.0,0.0,1
242.800,0,0,0.0,0.0,1
242.800,0,0,0.0,0.0,1
242.800,0,0,0.0,0.0,1
242.900,0,0,0.0,0.0,1
242.900,0,0,0.0,0.0,1
242.900,0,0,0.0,0.0,1
242.900,0,0,0.0,0.0,1
242.900,0,0,0.0,0.0,1
243.000,0,0,0.0,0.0,1
243.000,0,0,0.0,0.0,1
243.000,0,0,0.0,0.0,1
243.000,0,0,0.0,0.0,1
243.000,0,0,0.0,0.0,1
243.100,0,0,0.0,0.0,1
243.100,0,0,0.0,0.0,1
243.100,0,0,0.0,0.0,1
243.100,0,0,0.0,0.0,1
243.100,0,0,0.0,0.0,1
243.200,0,0,0.0,0.0,1
243.200,0,0,0.0,0.0,1
243.200,0,0,0.0,0.0,1
243.200,0,0,0.0,0.0,1
243.200,0,0,0.0,0.0,1
243.300,0,0,0.0,0.0,1
243.300,0,0,0.0,0.0,1
243.300,0,0,0.0,0.0,1
243.300,0,0,0.0,0.0,1
243.300,0,0,0.0,0.0,1
243.300,0,0,0.0,0.0,1
243.400,0,0,0.0,0.0,1
243.400,0,0,0.0,0.0,1
243.400,0,0,0.0,0.0,1
243.400,0,0,0.0,0.0,1
243.400,0,0,0.0,0.0,1
243.500,0,0,0.0,0.0,1
243.500,0,0,0.0,0.0,1
243.500,0,0,0.0,0.0,1
243.500,0,0,0.0,0.0,1
243.500,0,0,0.0,0.0,1
243.600,2,2,-88.0,-2.0,0
243.600,2,2,-88.0,-2.0,0
243.600,2,2,-88.0,-2.0,0
243.600,2,2,-88.0,-2.0,0
243.600,2,2,-88.0,-2.0,0
243.700,2,2,-88.0,-2.0,0
243.700,2,2,-88.0,-2.0,0
243.700,2,2,-88.0,-2.0,0
243.700,2,2,-88.0,-2.0,0
243.700,2,2,-88.0,-2.0,0
243.700,2,2,-88.0,-2.0,0
243.800,2,2,-88.0,-2.0,0
243.800,2,2,-88.0,-2.0,0
243.800,2,2,-88.0,-2.0,0
243.800,2,2,-88.0,-2.0,0
243.800,2,2,-88.0,-2.0,0
243.900,2,2,-88.0,-2.0,0
243.900,2,2,-88.0,-2.0,0
243.900,2,2,-88.0,-2.0,0
243.900,2,2,-88.0,-2.0,0
243.900,2,2,-88.0,-2.0,0
244.000,2,2,-88.0,-2.0,0
244.000,2,2,-88.0,-2.0,0
244.000,2,2,-88.0,-2.0,0
244.000,2,2,-88.0,-2.0,0
244.000,2,2,-88.0,-2.0,0
244.100,2,2,-88.0,-2.0,0
244.100,2,2,-88.0,-2.0,0
244.100,2,2,-88.0,-2.0,0
244.100,2,2,-88.0,-2.0,0
244.100,2,2,-88.0,-2.0,0
244.200,2,2,-88.0,-2.0,0
244.200,2,2,-88.0,-2.0,0
244.200,2,2,-88.0,-2.0,0
244.200,2,2,-88.0,-2.0,0
244.200,2,2,-88.0,-2.0,0
244.200,2,2,-88.0,-2.0,0
244.300,2,2,-88.0,-2.0,0
244.300,2,2,-88.0,-2.0,0
244.300,2,2,-88.0,-2.0,0
244.300,2,2,-88.0,-2.0,0
244.300,2,2,-88.0,-2.0,0
244.400,2,2,-88.0,-2.0,0
244.400,2,2,-88.0,-2.0,0
244.400,2,2,-88.0,-2.0,0
244.400,2,2,-88.0,-2.0,0
244.400,2,2,-88.0,-2.0,0
244.500,2,2,-88.0,-2.0,0
244.500,2,2,-88.0,-2.0,0
244.500,2,2,-88.0,-2.0,0
244.500,2,2,-88.0,-2.0,0
244.500,2,2,-88.0,-2.0,0
244.600,2,2,-88.0,-2.0,0
244.600,2,2,-88.0,-2.0,0
244.600,2,2,-88.0,-2.0,0
244.600,2,2,-88.0,-2.0,0
244.600,2,2,-88.0,-2.0,0
244.700,2,2,-88.0,-2.0,0
244.700,2,2,-88.0,-2.0,0
244.700,2,2,-88.0,-2.0,0
244.700,2,2,-88.0,-2.0,0
244.700,2,2,-88.0,-2.0,0
244.700,2,2,-88.0,-2.0,0
244.800,2,2,-88.0,-2.0,0
244.800,2,2,-88.0,-2.0,0
244.800,2,2,-88.0,-2.0,0
244.800,2,2,-88.0,-2.0,0
244.800,2,2,-88.0,-2.0,0
244.900,2,2,-88.0,-2.0,0
244.900,2,2,-88.0,-2.0,0
244.900,2,2,-88.0,-2.0,0
244.900,2,2,-88.0,-2.0,0
244.900,2,2,-88.0,-2.0,0
245.000,2,2,-88.0,-2.0,0
245.000,2,2,-88.0,-2.0,0
245.000,2,2,-88.0,-2.0,0
245.000,2,2,-88.0,-2.0,0
245.000,2,2,-88.0,-2.0,0
245.100,2,2,-88.0,-2.0,0
245.100,2,2,-88.0,-2.0,0
245.100,2,2,-88.0,-2.0,0
245.100,2,2,-88.0,-2.0,0
245.100,2,2,-88.0,-2.0,0
245.100,2,2,-88.0,-2.0,0
245.200,2,2,-88.0,-2.0,0
245.200,2,2,-88.0,-2.0,0
245.200,2,2,-88.0,-2.0,0
245.200,2,2,-88.0,-2.0,0
245.200,2,2,-88.0,-2.0,0
245.300,2,2,-88.0,-2.0,0
245.300,2,2,-88.0,-2.0,0
245.300,2,2,-88.0,-2.0,0
245.300,2,2,-88.0,-2.0,0
245.300,2,2,-88.0,-2.0,0
245.400,2,2,-88.0,-2.0,0
245.400,2,2,-88.0,-2.0,0
245.400,2,2,-88.0,-2.0,0
245.400,2,2,-88.0,-2.0,0
245.400,2,2,-88.0,-2.0,0
245.500,2,2,-88.0,-2.0,0
245.500,2,2,-88.0,-2.0,0
245.500,2,2,-88.0,-2.0,0
245.500,2,2,-88.0,-2.0,0
245.500,2,2,-88.0,-2.0,0
245.600,2,2,-88.0,-2.0,0
245.600,2,2,-88.0,-2.0,0
245.600,2,2,-88.0,-2.0,0
245.600,2,2,-88.0,-2.0,0
245.600,2,2,-88.0,-2.0,0
245.600,2,2,-88.0,-2.0,0
245.700,2,2,-88.0,-2.0,0
245.700,2,2,-88.0,-2.0,0
245.700,2,2,-88.0,-2.0,0
245.700,2,2,-88.0,-2.0,0
245.700,2,2,-88.0,-2.0,0
245.800,2,2,-88.0,-2.0,0
245.800,2,2,-88.0,-2.0,0
245.800,2,2,-88.0,-2.0,0
245.800,2,2,-88.0,-2.0,0
245.800,2,2,-88.0,-2.0,0
245.900,2,2,-88.0,-2.0,0
245.900,2,2,-88.0,-2.0,0
245.900,2,2,-88.0,-2.0,0
245.900,2,2,-88.0,-2.0,0
245.900,2,2,-88.0,-2.0,0
246.000,2,2,-88.0,-2.0,0
246.000,2,2,-88.0,-2.0,0
246.000,2,2,-88.0,-2.0,0
246.000,2,2,-88.0,-2.0,0
246.000,2,2,-88.0,-2.0,0
246.000,2,2,-88.0,-2.0,0
246.100,2,2,-88.0,-2.0,0
246.100,2,2,-88.0,-2.0,0
246.100,2,2,-88.0,-2.0,0
246.100,2,2,-88.0,-2.0,0
246.100,2,2,-88.0,-2.0,0
246.200,2,2,-88.0,-2.0,0
246.200,2,2,-88.0,-2.0,0
246.200,2,2,-88.0,-2.0,0
246.200,2,2,-88.0,-2.0,0
246.200,2,2,-88.0,-2.0,0
246.300,2,2,-88.0,-2.0,0
246.300,2,2,-88.0,-2.0,0
246.300,2,2,-88.0,-2.0,0
246.300,2,2,-88.0,-2.0,0
246.300,2,2,-88.0,-2.0,0
246.400,2,2,-88.0,-2.0,0
246.400,2,2,-88.0,-2.0,0
246.400,2,2,-88.0,-2.0,0
246.400,2,2,-88.0,-2.0,0
246.400,2,2,-88.0,-2.0,0
246.500,2,2,-88.0,-2.0,0
246.500,2,2,-88.0,-2.0,0
246.500,2,2,-88.0,-2.0,0
246.500,2,2,-88.0,-2.0,0
246.500,2,2,-88.0,-2.0,0
246.500,2,2,-88.0,-2.0,0
246.600,2,2,-88.0,-2.0,0
246.600,2,2,-88.0,-2.0,0
246.600,2,2,-88.0,-2.0,0
246.600,2,2,-88.0,-2.0,0
246.600,2,2,-88.0,-2.0,0
246.700,2,2,-88.0,-2.0,0
246.700,2,2,-88.0,-2.0,0
246.700,2,2,-88.0,-2.0,0
246.700,2,2,-88.0,-2.0,0
246.700,2,2,-88.0,-2.0,0
246.800,2,2,-88.0,-2.0,0
246.800,2,2,-88.0,-2.0,0
246.800,2,2,-88.0,-2.0,0
246.800,2,2,-88.0,-2.0,0
246.800,2,2,-88.0,-2.0,0
246.900,2,2,-88.0,-2.0,0
246.900,2,2,-88.0,-2.0,0
246.900,2,2,-88.0,-2.0,0
246.900,2,2,-88.0,-2.0,0
246.900,2,2,-88.0,-2.0,0
247.000,2,2,-88.0,-2.0,0
247.000,2,2,-88.0,-2.0,0
247.000,2,2,-88.0,-2.0,0
247.000,2,2,-88.0,-2.0,0
247.000,2,2,-88.0,-2.0,0
247.000,2,2,-88.0,-2.0,0
247.100,2,2,-88.0,-2.0,0
247.100,2,2,-88.0,-2.0,0
247.100,2,2,-88.0,-2.0,0
247.100,2,2,-88.0,-2.0,0
247.100,2,2,-88.0,-2.0,0
247.200,2,2,-88.0,-2.0,0
247.200,2,2,-88.0,-2.0,0
247.200,2,2,-88.0,-2.0,0
247.200,2,2,-88.0,-2.0,0
247.200,2,2,-88.0,-2.0,0
247.300,2,2,-88.0,-2.0,0
247.300,2,2,-88.0,-2.0,0
247.300,2,2,-88.0,-2.0,0
247.300,2,2,-88.0,-2.0,0
247.300,2,2,-88.0,-2.0,0
247.400,2,2,-88.0,-2.0,0
247.400,2,2,-88.0,-2.0,0
247.400,2,2,-88.0,-2.0,0
247.400,2,2,-88.0,-2.0,0
247.400,2,2,-88.0,-2.0,0
247.400,2,2,-88.0,-2.0,0
247.500,2,2,-88.0,-2.0,0
247.500,2,2,-88.0,-2.0,0
247.500,2,2,-88.0,-2.0,0
247.500,2,2,-88.0,-2.0,0
247.500,2,2,-88.0,-2.0,0
247.600,2,2,-88.0,-2.0,0
247.600,2,2,-88.0,-2.0,0
247.600,2,2,-88.0,-2.0,0
247.600,2,2,-88.0,-2.0,0
247.600,2,2,-88.0,-2.0,0
247.700,2,2,-88.0,-2.0,0
247.700,2,2,-88.0,-2.0,0
247.700,2,2,-88.0,-2.0,0
247.700,2,2,-88.0,-2.0,0
247.700,2,2,-88.0,-2.0,0
247.800,2,2,-88.0,-2.0,0
247.800,2,2,-88.0,-2.0,0
247.800,2,2,-88.0,-2.0,0
247.800,2,2,-88.0,-2.0,0
247.800,2,2,-88.0,-2.0,0
247.900,2,2,-88.0,-2.0,0
247.900,2,2,-88.0,-2.0,0
247.900,2,2,-88.0,-2.0,0
247.900,2,2,-88.0,-2.0,0
247.900,2,2,-88.0,-2.0,0
247.900,2,2,-88.0,-2.0,0
248.000,2,2,-88.0,-2.0,0
248.000,2,2,-88.0,-2.0,0
248.000,2,2,-88.0,-2.0,0
248.000,2,2,-88.0,-2.0,0
248.000,2,2,-88.0,-2.0,0
248.100,2,2,-88.0,-2.0,0
248.100,2,2,-88.0,-2.0,0
248.100,2,2,-88.0,-2.0,0
248.100,2,2,-88.0,-2.0,0
248.100,2,2,-88.0,-2.0,0
248.200,2,2,-88.0,-2.0,0
248.200,2,2,-88.0,-2.0,0
248.200,2,2,-88.0,-2.0,0
248.200,2,2,-88.0,-2.0,0
248.200,2,2,-88.0,-2.0,0
248.300,2,2,-88.0,-2.0,0
248.300,2,2,-88.0,-2.0,0
248.300,2,2,-88.0,-2.0,0
248.300,2,2,-88.0,-2.0,0
248.300,2,2,-88.0,-2.0,0
248.300,2,2,-88.0,-2.0,0
248.400,2,2,-88.0,-2.0,0
248.400,2,2,-88.0,-2.0,0
248.400,2,2,-88.0,-2.0,0
248.400,2,2,-88.0,-2.0,0
248.400,2,2,-88.0,-2.0,0
248.500,2,2,-88.0,-2.0,0
248.500,2,2,-88.0,-2.0,0
248.500,2,2,-88.0,-2.0,0
248.500,2,2,-88.0,-2.0,0
248.500,2,2,-88.0,-2.0,0
248.600,2,2,-88.0,-2.0,0
248.600,2,2,-88.0,-2.0,0
248.600,2,2,-88.0,-2.0,0
248.600,2,2,-88.0,-2.0,0
248.600,2,2,-88.0,-2.0,0
248.700,2,2,-88.0,-2.0,0
248.700,2,2,-88.0,-2.0,0
248.700,2,2,-88.0,-2.0,0
248.700,2,2,-88.0,-2.0,0
248.700,2,2,-88.0,-2.0,0
248.800,2,2,-88.0,-2.0,0
248.800,2,2,-88.0,-2.0,0
248.800,2,2,-88.0,-2.0,0
248.800,2,2,-88.0,-2.0,0
248.800,2,2,-88.0,-2.0,0
248.800,2,2,-88.0,-2.0,0
248.900,2,2,-88.0,-2.0,0
248.900,2,2,-88.0,-2.0,0
248.900,2,2,-88.0,-2.0,0
248.900,2,2,-88.0,-2.0,0
248.900,2,2,-88.0,-2.0,0
249.000,2,2,-88.0,-2.0,0
249.000,2,2,-88.0,-2.0,0
249.000,2,2,-88.0,-2.0,0
249.000,2,2,-88.0,-2.0,0
249.000,2,2,-88.0,-2.0,0
249.100,2,2,-88.0,-2.0,0
249.100,2,2,-88.0,-2.0,0
249.100,2,2,-88.0,-2.0,0
249.100,2,2,-88.0,-2.0,0
249.100,2,2,-88.0,-2.0,0
249.200,2,2,-88.0,-2.0,0
249.200,2,2,-88.0,-2.0,0
249.200,2,2,-88.0,-2.0,0
249.200,2,2,-88.0,-2.0,0
249.200,2,2,-88.0,-2.0,0
249.300,2,2,-88.0,-2.0,0
249.300,2,2,-88.0,-2.0,0
249.300,2,2,-88.0,-2.0,0
249.300,2,2,-88.0,-2.0,0
249.300,2,2,-88.0,-2.0,0
249.300,2,2,-88.0,-2.0,0
249.400,2,2,-88.0,-2.0,0
249.400,2,2,-88.0,-2.0,0
249.400,2,2,-88.0,-2.0,0
249.400,2,2,-88.0,-2.0,0
249.400,2,2,-88.0,-2.0,0
249.500,2,2,-88.0,-2.0,0
249.500,2,2,-88.0,-2.0,0
249.500,2,2,-88.0,-2.0,0
249.500,2,2,-88.0,-2.0,0
249.500,2,2,-88.0,-2.0,0
249.600,2,2,-88.0,-2.0,0
249.600,2,2,-88.0,-2.0,0
249.600,2,2,-88.0,-2.0,0
249.600,2,2,-88.0,-2.0,0
249.600,2,2,-88.0,-2.0,0
249.700,2,2,-88.0,-2.0,0
249.700,2,2,-88.0,-2.0,0
249.700,2,2,-88.0,-2.0,0
249.700,2,2,-88.0,-2.0,0
249.700,2,2,-88.0,-2.0,0
249.700,2,2,-88.0,-2.0,0
249.800,2,2,-88.0,-2.0,0
249.800,2,2,-88.0,-2.0,0
249.800,2,2,-88.0,-2.0,0
249.800,2,2,-88.0,-2.0,0
249.800,2,2,-88.0,-2.0,0
249.900,2,2,-88.0,-2.0,0
249.900,2,2,-88.0,-2.0,0
249.900,2,2,-88.0,-2.0,0
249.900,2,2,-88.0,-2.0,0
249.900,2,2,-88.0,-2.0,0
250.000,2,2,-88.0,-2.0,0
250.000,2,2,-88.0,-2.0,0
250.000,2,2,-88.0,-2.0,0
250.000,2,2,-88.0,-2.0,0
250.000,2,2,-88.0,-2.0,0
250.100,2,2,-88.0,-2.0,0
250.100,2,2,-88.0,-2.0,0
250.100,2,2,-88.0,-2.0,0
250.100,2,2,-88.0,-2.0,0
250.100,2,2,-88.0,-2.0,0
250.200,2,2,-88.0,-2.0,0
250.200,2,2,-88.0,-2.0,0
250.200,2,2,-88.0,-2.0,0
250.200,2,2,-88.0,-2.0,0
250.200,2,2,-88.0,-2.0,0
250.200,2,2,-88.0,-2.0,0
250.300,2,2,-88.0,-2.0,0
250.300,2,2,-88.0,-2.0,0
250.300,2,2,-88.0,-2.0,0
250.300,2,2,-88.0,-2.0,0
250.300,2,2,-88.0,-2.0,0
250.400,2,2,-88.0,-2.0,0
250.400,2,2,-88.0,-2.0,0
250.400,2,2,-88.0,-2.0,0
250.400,2,2,-88.0,-2.0,0
250.400,2,2,-88.0,-2.0,0
250.500,2,2,-88.0,-2.0,0
250.500,2,2,-88.0,-2.0,0
250.500,2,2,-88.0,-2.0,0
250.500,2,2,-88.0,-2.0,0
250.500,2,2,-88.0,-2.0,0
250.600,2,2,-88.0,-2.0,0
250.600,2,2,-88.0,-2.0,0
250.600,2,2,-88.0,-2.0,0
250.600,2,2,-88.0,-2.0,0
250.600,2,2,-88.0,-2.0,0
250.600,2,2,-88.0,-2.0,0
250.700,2,2,-88.0,-2.0,0
250.700,2,2,-88.0,-2.0,0
250.700,2,2,-88.0,-2.0,0
250.700,2,2,-88.0,-2.0,0
250.700,2,2,-88.0,-2.0,0
250.800,2,2,-88.0,-2.0,0
250.800,2,2,-88.0,-2.0,0
250.800,2,2,-88.0,-2.0,0
250.800,2,2,-88.0,-2.0,0
250.800,2,2,-88.0,-2.0,0
250.900,2,2,-88.0,-2.0,0
250.900,2,2,-88.0,-2.0,0
250.900,2,2,-88.0,-2.0,0
250.900,2,2,-88.0,-2.0,0
250.900,2,2,-88.0,-2.0,0
251.000,2,2,-88.0,-2.0,0
251.000,2,2,-88.0,-2.0,0
251.000,2,2,-88.0,-2.0,0
251.000,2,2,-88.0,-2.0,0
251.000,2,2,-88.0,-2.0,0
251.100,2,2,-88.0,-2.0,0
251.100,2,2,-88.0,-2.0,0
251.100,2,2,-88.0,-2.0,0
251.100,2,2,-88.0,-2.0,0
251.100,2,2,-88.0,-2.0,0
251.100,2,2,-88.0,-2.0,0
251.200,2,2,-88.0,-2.0,0
251.200,2,2,-88.0,-2.0,0
251.200,2,2,-88.0,-2.0,0
251.200,2,2,-88.0,-2.0,0
251.200,2,2,-88.0,-2.0,0
251.300,2,2,-88.0,-2.0,0
251.300,2,2,-88.0,-2.0,0
251.300,2,2,-88.0,-2.0,0
251.300,2,2,-88.0,-2.0,0
251.300,2,2,-88.0,-2.0,0
251.400,2,2,-88.0,-2.0,0
251.400,2,2,-88.0,-2.0,0
251.400,2,2,-88.0,-2.0,0
251.400,2,2,-88.0,-2.0,0
251.400,2,2,-88.0,-2.0,0
251.500,2,2,-88.0,-2.0,0
251.500,2,2,-88.0,-2.0,0
251.500,2,2,-88.0,-2.0,0
251.500,2,2,-88.0,-2.0,0
251.500,2,2,-88.0,-2.0,0
251.600,2,2,-88.0,-2.0,0
251.600,2,2,-88.0,-2.0,0
251.600,2,2,-88.0,-2.0,0
251.600,2,2,-88.0,-2.0,0
251.600,2,2,-88.0,-2.0,0
251.600,2,2,-88.0,-2.0,0
251.700,0,0,0.0,0.0,0
251.700,0,0,0.0,0.0,0
251.700,0,0,0.0,0.0,0
251.700,0,0,0.0,0.0,0
251.700,0,0,0.0,0.0,0
251.800,0,0,0.0,0.0,0
251.800,0,0,0.0,0.0,0
251.800,0,0,0.0,0.0,0
251.800,0,0,0.0,0.0,0
251.800,0,0,0.0,0.0,0
251.900,0,0,0.0,0.0,0
251.900,0,0,0.0,0.0,0
251.900,0,0,0.0,0.0,0
251.900,0,0,0.0,0.0,0
251.900,0,0,0.0,0.0,0
252.000,0,2,0.0,-4.0,0
252.000,0,2,0.0,-4.0,0
252.000,0,2,0.0,-4.0,0
252.000,0,2,0.0,-4.0,0
252.000,0,2,0.0,-4.0,0
252.000,0,2,0.0,-4.0,0
252.100,0,2,0.0,-4.0,0
252.100,0,2,0.0,-4.0,0
252.100,0,2,0.0,-4.0,0
252.100,0,2,0.0,-4.0,0
252.100,0,2,0.0,-4.0,0
252.200,0,2,0.0,-4.0,0
252.200,0,2,0.0,-4.0,0
252.200,0,2,0.0,-4.0,0
252.200,0,2,0.0,-4.0,0
252.200,0,2,0.0,-4.0,0
252.300,0,2,0.0,-4.0,0
252.300,0,2,0.0,-4.0,0
252.300,0,2,0.0,-4.0,0
252.300,0,2,0.0,-4.0,0
252.300,0,2,0.0,-4.0,0
252.400,0,2,0.0,-4.0,0
252.400,0,2,0.0,-4.0,0
252.400,0,2,0.0,-4.0,0
252.400,0,2,0.0,-4.0,0
252.400,0,2,0.0,-4.0,0
252.500,0,2,0.0,-4.0,0
252.500,0,2,0.0,-4.0,0
252.500,0,2,0.0,-4.0,0
252.500,0,2,0.0,-4.0,0
252.500,0,2,0.0,-4.0,0
252.500,0,2,0.0,-4.0,0
252.600,0,2,0.0,-4.0,0
252.600,0,2,0.0,-4.0,0
252.600,0,2,0.0,-4.0,0
252.600,0,2,0.0,-4.0,0
252.600,0,2,0.0,-4.0,0
252.700,0,2,0.0,-4.0,0
252.700,0,2,0.0,-4.0,0
252.700,0,2,0.0,-4.0,0
252.700,0,2,0.0,-4.0,0
252.700,0,2,0.0,-4.0,0
252.800,0,2,0.0,-4.0,0
252.800,0,2,0.0,-4.0,0
252.800,0,2,0.0,-4.0,0
252.800,0,2,0.0,-4.0,0
252.800,0,2,0.0,-4.0,0
252.900,0,2,0.0,-4.0,0
252.900,0,2,0.0,-4.0,0
252.900,0,2,0.0,-4.0,0
252.900,0,2,0.0,-4.0,0
252.900,0,2,0.0,-4.0,0
252.900,0,2,0.0,-4.0,0
253.000,0,2,0.0,-4.0,0
253.000,0,2,0.0,-4.0,0
253.000,0,2,0.0,-4.0,0
253.000,0,2,0.0,-4.0,0
253.000,0,2,0.0,-4.0,0
253.100,0,2,0.0,-4.0,0
253.100,0,2,0.0,-4.0,0
253.100,0,2,0.0,-4.0,0
253.100,0,2,0.0,-4.0,0
253.100,0,2,0.0,-4.0,0
253.200,0,2,0.0,-4.0,0
253.200,0,2,0.0,-4.0,0
253.200,0,2,0.0,-4.0,0
253.200,0,2,0.0,-4.0,0
253.200,0,2,0.0,-4.0,0
253.300,0,2,0.0,-4.0,0
253.300,0,2,0.0,-4.0,0
253.300,0,2,0.0,-4.0,0
253.300,0,2,0.0,-4.0,0
253.300,0,2,0.0,-4.0,0
253.400,0,2,0.0,-4.0,0
253.400,0,2,0.0,-4.0,0
253.400,0,2,0.0,-4.0,0
253.400,0,2,0.0,-4.0,0
253.400,0,2,0.0,-4.0,0
253.400,0,2,0.0,-4.0,0
253.500,0,2,0.0,-4.0,0
253.500,0,2,0.0,-4.0,0
253.500,0,2,0.0,-4.0,0
253.500,0,2,0.0,-4.0,0
253.500,0,2,0.0,-4.0,0
253.600,0,2,0.0,-4.0,0
253.600,0,2,0.0,-4.0,0
253.600,0,2,0.0,-4.0,0
253.600,0,2,0.0,-4.0,0
253.600,0,2,0.0,-4.0,0
253.700,0,2,0.0,-4.0,0
253.700,0,2,0.0,-4.0,0
253.700,0,2,0.0,-4.0,0
253.700,0,2,0.0,-4.0,0
253.700,0,2,0.0,-4.0,0
253.800,0,2,0.0,-4.0,0
253.800,0,2,0.0,-4.0,0
253.800,0,2,0.0,-4.0,0
253.800,0,2,0.0,-4.0,0
253.800,0,2,0.0,-4.0,0
253.800,0,2,0.0,-4.0,0
253.900,0,2,0.0,-4.0,0
253.900,0,2,0.0,-4.0,0
253.900,0,2,0.0,-4.0,0
253.900,0,2,0.0,-4.0,0
253.900,0,2,0.0,-4.0,0
254.000,0,2,0.0,-4.0,0
254.000,0,2,0.0,-4.0,0
254.000,0,2,0.0,-4.0,0
254.000,0,2,0.0,-4.0,0
254.000,0,2,0.0,-4.0,0
254.100,0,2,0.0,-4.0,0
254.100,0,2,0.0,-4.0,0
254.100,0,2,0.0,-4.0,0
254.100,0,2,0.0,-4.0,0
254.100,0,2,0.0,-4.0,0
254.200,0,2,0.0,-4.0,0
254.200,0,2,0.0,-4.0,0
254.200,0,2,0.0,-4.0,0
254.200,0,2,0.0,-4.0,0
254.200,0,2,0.0,-4.0,0
254.300,0,2,0.0,-4.0,0
254.300,0,2,0.0,-4.0,0
254.300,0,2,0.0,-4.0,0
254.300,0,2,0.0,-4.0,0
254.300,0,2,0.0,-4.0,0
254.300,0,2,0.0,-4.0,0
254.400,0,2,0.0,-4.0,0
254.400,0,2,0.0,-4.0,0
254.400,0,2,0.0,-4.0,0
254.400,0,2,0.0,-4.0,0
254.400,0,2,0.0,-4.0,0
254.500,0,2,0.0,-4.0,0
254.500,0,2,0.0,-4.0,0
254.500,0,2,0.0,-4.0,0
254.500,0,2,0.0,-4.0,0
254.500,0,2,0.0,-4.0,0
254.600,0,2,0.0,-4.0,0
254.600,0,2,0.0,-4.0,0
254.600,0,2,0.0,-4.0,0
254.600,0,2,0.0,-4.0,0
254.600,0,2,0.0,-4.0,0
254.700,0,2,0.0,-4.0,0
254.700,0,2,0.0,-4.0,0
254.700,0,2,0.0,-4.0,0
254.700,0,2,0.0,-4.0,0
254.700,0,2,0.0,-4.0,0
254.800,0,2,0.0,-4.0,0
254.800,0,2,0.0,-4.0,0
254.800,0,2,0.0,-4.0,0
254.800,0,2,0.0,-4.0,0
254.800,0,2,0.0,-4.0,0
254.800,0,2,0.0,-4.0,0
254.900,0,2,0.0,-4.0,0
254.900,0,2,0.0,-4.0,0
254.900,0,2,0.0,-4.0,0
254.900,0,2,0.0,-4.0,0
254.900,0,2,0.0,-4.0,0
255.000,0,2,0.0,-4.0,0
255.000,0,2,0.0,-4.0,0
255.000,0,2,0.0,-4.0,0
255.000,0,2,0.0,-4.0,0
255.000,0,2,0.0,-4.0,0
255.100,0,2,0.0,-4.0,0
255.100,0,2,0.0,-4.0,0
255.100,0,2,0.0,-4.0,0
255.100,0,2,0.0,-4.0,0
255.100,0,2,0.0,-4.0,0
255.200,0,2,0.0,-4.0,0
255.200,0,2,0.0,-4.0,0
255.200,0,2,0.0,-4.0,0
255.200,0,2,0.0,-4.0,0
255.200,0,2,0.0,-4.0,0
255.200,0,2,0.0,-4.0,0
255.300,0,2,0.0,-4.0,0
255.300,0,2,0.0,-4.0,0
255.300,0,2,0.0,-4.0,0
255.300,0,2,0.0,-4.0,0
255.300,0,2,0.0,-4.0,0
255.400,0,2,0.0,-4.0,0
255.400,0,2,0.0,-4.0,0
255.400,0,2,0.0,-4.0,0
255.400,0,2,0.0,-4.0,0
255.400,0,2,0.0,-4.0,0
255.500,0,2,0.0,-4.0,0
255.500,0,2,0.0,-4.0,0
255.500,0,2,0.0,-4.0,0
255.500,0,2,0.0,-4.0,0
255.500,0,2,0.0,-4.0,0
255.600,0,2,0.0,-4.0,0
255.600,0,2,0.0,-4.0,0
255.600,0,2,0.0,-4.0,0
255.600,0,2,0.0,-4.0,0
255.600,0,2,0.0,-4.0,0
255.700,0,2,0.0,-4.0,0
255.700,0,2,0.0,-4.0,0
255.700,0,2,0.0,-4.0,0
255.700,0,2,0.0,-4.0,0
255.700,0,2,0.0,-4.0,0
255.700,0,2,0.0,-4.0,0
255.800,0,2,0.0,-4.0,0
255.800,0,2,0.0,-4.0,0
255.800,0,2,0.0,-4.0,0
255.800,0,2,0.0,-4.0,0
255.800,0,2,0.0,-4.0,0
255.900,0,2,0.0,-4.0,0
255.900,0,2,0.0,-4.0,0
255.900,0,2,0.0,-4.0,0
255.900,0,2,0.0,-4.0,0
255.900,0,2,0.0,-4.0,0
256.000,0,2,0.0,-4.0,0
256.000,0,2,0.0,-4.0,0
256.000,0,2,0.0,-4.0,0
256.000,0,2,0.0,-4.0,0
256.000,0,2,0.0,-4.0,0
256.100,0,2,0.0,-4.0,0
256.100,0,2,0.0,-4.0,0
256.100,0,2,0.0,-4.0,0
256.100,0,2,0.0,-4.0,0
256.100,0,2,0.0,-4.0,0
256.100,0,2,0.0,-4.0,0
256.200,0,2,0.0,-4.0,0
256.200,0,2,0.0,-4.0,0
256.200,0,2,0.0,-4.0,0
256.200,0,2,0.0,-4.0,0
256.200,0,2,0.0,-4.0,0
256.300,0,2,0.0,-4.0,0
256.300,0,2,0.0,-4.0,0
256.300,0,2,0.0,-4.0,0
256.300,0,2,0.0,-4.0,0
256.300,0,2,0.0,-4.0,0
256.400,0,2,0.0,-4.0,0
256.400,0,2,0.0,-4.0,0
256.400,0,2,0.0,-4.0,0
256.400,0,2,0.0,-4.0,0
256.400,0,2,0.0,-4.0,0
256.500,0,2,0.0,-4.0,0
256.500,0,2,0.0,-4.0,0
256.500,0,2,0.0,-4.0,0
256.500,0,2,0.0,-4.0,0
256.500,0,2,0.0,-4.0,0
256.600,0,2,0.0,-4.0,0
256.600,0,2,0.0,-4.0,0
256.600,0,2,0.0,-4.0,0
256.600,0,2,0.0,-4.0,0
256.600,0,2,0.0,-4.0,0
256.600,0,2,0.0,-4.0,0
256.700,0,2,0.0,-4.0,0
256.700,0,2,0.0,-4.0,0
256.700,0,2,0.0,-4.0,0
256.700,0,2,0.0,-4.0,0
256.700,0,2,0.0,-4.0,0
256.800,0,2,0.0,-4.0,0
256.800,0,2,0.0,-4.0,0
256.800,0,2,0.0,-4.0,0
256.800,0,2,0.0,-4.0,0
256.800,0,2,0.0,-4.0,0
256.900,0,2,0.0,-4.0,0
256.900,0,2,0.0,-4.0,0
256.900,0,2,0.0,-4.0,0
256.900,0,2,0.0,-4.0,0
256.900,0,2,0.0,-4.0,0
257.000,0,2,0.0,-4.0,0
257.000,0,2,0.0,-4.0,0
257.000,0,2,0.0,-4.0,0
257.000,0,2,0.0,-4.0,0
257.000,0,2,0.0,-4.0,0
257.100,0,2,0.0,-4.0,0
257.100,0,2,0.0,-4.0,0
257.100,0,2,0.0,-4.0,0
257.100,0,2,0.0,-4.0,0
257.100,0,2,0.0,-4.0,0
257.100,0,2,0.0,-4.0,0
257.200,0,2,0.0,-4.0,0
257.200,0,2,0.0,-4.0,0
257.200,0,2,0.0,-4.0,0
257.200,0,2,0.0,-4.0,0
257.200,0,2,0.0,-4.0,0
257.300,0,2,0.0,-4.0,0
257.300,0,2,0.0,-4.0,0
257.300,0,2,0.0,-4.0,0
257.300,0,2,0.0,-4.0,0
257.300,0,2,0.0,-4.0,0
257.400,0,2,0.0,-4.0,0
257.400,0,2,0.0,-4.0,0
257.400,0,2,0.0,-4.0,0
257.400,0,2,0.0,-4.0,0
257.400,0,2,0.0,-4.0,0
257.500,0,2,0.0,-4.0,0
257.500,0,2,0.0,-4.0,0
257.500,0,2,0.0,-4.0,0
257.500,0,2,0.0,-4.0,0
257.500,0,2,0.0,-4.0,0
257.500,0,2,0.0,-4.0,0
257.600,0,2,0.0,-4.0,0
257.600,0,2,0.0,-4.0,0
257.600,0,2,0.0,-4.0,0
257.600,0,2,0.0,-4.0,0
257.600,0,2,0.0,-4.0,0
257.700,0,2,0.0,-4.0,0
257.700,0,2,0.0,-4.0,0
257.700,0,2,0.0,-4.0,0
257.700,0,2,0.0,-4.0,0
257.700,0,2,0.0,-4.0,0
257.800,0,2,0.0,-4.0,0
257.800,0,2,0.0,-4.0,0
257.800,0,2,0.0,-4.0,0
257.800,0,2,0.0,-4.0,0
257.800,0,2,0.0,-4.0,0
257.900,0,2,0.0,-4.0,0
257.900,0,2,0.0,-4.0,0
257.900,0,2,0.0,-4.0,0
257.900,0,2,0.0,-4.0,0
257.900,0,2,0.0,-4.0,0
258.000,0,2,0.0,-4.0,0
258.000,0,2,0.0,-4.0,0
258.000,0,2,0.0,-4.0,0
258.000,0,2,0.0,-4.0,0
258.000,0,2,0.0,-4.0,0
258.000,0,2,0.0,-4.0,0
258.100,0,2,0.0,-4.0,0
258.100,0,2,0.0,-4.0,0
258.100,0,2,0.0,-4.0,0
258.100,0,2,0.0,-4.0,0
258.100,0,2,0.0,-4.0,0
258.200,0,2,0.0,-4.0,0
258.200,0,2,0.0,-4.0,0
258.200,0,2,0.0,-4.0,0
258.200,0,2,0.0,-4.0,0
258.200,0,2,0.0,-4.0,0
258.300,0,2,0.0,-4.0,0
258.300,0,2,0.0,-4.0,0
258.300,0,2,0.0,-4.0,0
258.300,0,2,0.0,-4.0,0
258.300,0,2,0.0,-4.0,0
258.400,0,2,0.0,-4.0,0
258.400,0,2,0.0,-4.0,0
258.400,0,2,0.0,-4.0,0
258.400,0,2,0.0,-4.0,0
258.400,0,2,0.0,-4.0,0
258.400,0,2,0.0,-4.0,0
258.500,0,2,0.0,-4.0,0
258.500,0,2,0.0,-4.0,0
258.500,0,2,0.0,-4.0,0
258.500,0,2,0.0,-4.0,0
258.500,0,2,0.0,-4.0,0
258.600,0,2,0.0,-4.0,0
258.600,0,2,0.0,-4.0,0
258.600,0,2,0.0,-4.0,0
258.600,0,2,0.0,-4.0,0
258.600,0,2,0.0,-4.0,0
258.700,0,2,0.0,-4.0,0
258.700,0,2,0.0,-4.0,0
258.700,0,2,0.0,-4.0,0
258.700,0,2,0.0,-4.0,0
258.700,0,2,0.0,-4.0,0
258.800,0,2,0.0,-4.0,0
258.800,0,2,0.0,-4.0,0
258.800,0,2,0.0,-4.0,0
258.800,0,2,0.0,-4.0,0
258.800,0,2,0.0,-4.0,0
258.900,0,2,0.0,-4.0,0
258.900,0,2,0.0,-4.0,0
258.900,0,2,0.0,-4.0,0
258.900,0,2,0.0,-4.0,0
258.900,0,2,0.0,-4.0,0
258.900,0,2,0.0,-4.0,0
259.000,0,2,0.0,-4.0,0
259.000,0,2,0.0,-4.0,0
259.000,0,2,0.0,-4.0,0
259.000,0,2,0.0,-4.0,0
259.000,0,2,0.0,-4.0,0
259.100,0,2,0.0,-4.0,0
259.100,0,2,0.0,-4.0,0
259.100,0,2,0.0,-4.0,0
259.100,0,2,0.0,-4.0,0
259.100,0,2,0.0,-4.0,0
259.200,0,2,0.0,-4.0,0
259.200,0,2,0.0,-4.0,0
259.200,0,2,0.0,-4.0,0
259.200,0,2,0.0,-4.0,0
259.200,0,2,0.0,-4.0,0
259.300,0,2,0.0,-4.0,0
259.300,0,2,0.0,-4.0,0
259.300,0,2,0.0,-4.0,0
259.300,0,2,0.0,-4.0,0
259.300,0,2,0.0,-4.0,0
259.300,0,2,0.0,-4.0,0
259.400,0,2,0.0,-4.0,0
259.400,0,2,0.0,-4.0,0
259.400,0,2,0.0,-4.0,0
259.400,0,2,0.0,-4.0,0
259.400,0,2,0.0,-4.0,0
259.500,0,2,0.0,-4.0,0
259.500,0,2,0.0,-4.0,0
259.500,0,2,0.0,-4.0,0
259.500,0,2,0.0,-4.0,0
259.500,0,2,0.0,-4.0,0
259.600,0,2,0.0,-4.0,0
259.600,0,2,0.0,-4.0,0
259.600,0,2,0.0,-4.0,0
259.600,0,2,0.0,-4.0,0
259.600,0,2,0.0,-4.0,0
259.700,0,2,0.0,-4.0,0
259.700,0,2,0.0,-4.0,0
259.700,0,2,0.0,-4.0,0
259.700,0,2,0.0,-4.0,0
259.700,0,2,0.0,-4.0,0
259.800,0,2,0.0,-4.0,0
259.800,0,2,0.0,-4.0,0
259.800,0,2,0.0,-4.0,0
259.800,0,2,0.0,-4.0,0
259.800,0,2,0.0,-4.0,0
259.800,0,2,0.0,-4.0,0
259.900,0,2,0.0,-4.0,0
259.900,0,2,0.0,-4.0,0
259.900,0,2,0.0,-4.0,0
259.900,0,2,0.0,-4.0,0
259.900,0,2,0.0,-4.0,0
260.000,0,2,0.0,-4.0,0
260.000,0,2,0.0,-4.0,0
260.000,0,2,0.0,-4.0,0
260.000,0,2,0.0,-4.0,0
260.000,0,2,0.0,-4.0,0
260.100,0,2,0.0,-4.0,0
260.100,0,2,0.0,-4.0,0
260.100,0,2,0.0,-4.0,0
260.100,0,2,0.0,-4.0,0
260.100,0,2,0.0,-4.0,0
260.200,0,2,0.0,-4.0,0
260.200,0,2,0.0,-4.0,0
260.200,0,2,0.0,-4.0,0
260.200,0,2,0.0,-4.0,0
260.200,0,2,0.0,-4.0,0
260.300,0,2,0.0,-4.0,0
260.300,0,2,0.0,-4.0,0
260.300,0,2,0.0,-4.0,0
260.300,0,2,0.0,-4.0,0
260.300,0,2,0.0,-4.0,0
260.300,0,2,0.0,-4.0,0
260.400,0,2,0.0,-4.0,0
260.400,0,2,0.0,-4.0,0
260.400,0,2,0.0,-4.0,0
260.400,0,2,0.0,-4.0,0
260.400,0,2,0.0,-4.0,0
260.500,0,2,0.0,-4.0,0
260.500,0,2,0.0,-4.0,0
260.500,0,2,0.0,-4.0,0
260.500,0,2,0.0,-4.0,0
260.500,0,2,0.0,-4.0,0
260.600,0,2,0.0,-4.0,0
260.600,0,2,0.0,-4.0,0
260.600,0,2,0.0,-4.0,0
260.600,0,2,0.0,-4.0,0
260.600,0,2,0.0,-4.0,0
260.700,0,2,0.0,-4.0,0
260.700,0,2,0.0,-4.0,0
260.700,0,2,0.0,-4.0,0
260.700,0,2,0.0,-4.0,0
260.700,0,2,0.0,-4.0,0
260.700,0,2,0.0,-4.0,0
260.800,0,2,0.0,-4.0,0
260.800,0,2,0.0,-4.0,0
260.800,0,2,0.0,-4.0,0
260.800,0,2,0.0,-4.0,0
260.800,0,2,0.0,-4.0,0
260.900,0,2,0.0,-4.0,0
260.900,0,2,0.0,-4.0,0
260.900,0,2,0.0,-4.0,0
260.900,0,2,0.0,-4.0,0
260.900,0,2,0.0,-4.0,0
261.000,0,2,0.0,-4.0,0
261.000,0,2,0.0,-4.0,0
261.000,0,2,0.0,-4.0,0
261.000,0,2,0.0,-4.0,0
261.000,0,2,0.0,-4.0,0
261.100,0,2,0.0,-4.0,0
261.100,0,2,0.0,-4.0,0
261.100,0,2,0.0,-4.0,0
261.100,0,2,0.0,-4.0,0
261.100,0,2,0.0,-4.0,0
261.200,0,2,0.0,-4.0,0
261.200,0,2,0.0,-4.0,0
261.200,0,2,0.0,-4.0,0
261.200,0,2,0.0,-4.0,0
261.200,0,2,0.0,-4.0,0
261.200,0,2,0.0,-4.0,0
261.300,0,2,0.0,-4.0,0
261.300,0,2,0.0,-4.0,0
261.300,0,2,0.0,-4.0,0
261.300,0,2,0.0,-4.0,0
261.300,0,2,0.0,-4.0,0
261.400,0,2,0.0,-4.0,0
261.400,0,2,0.0,-4.0,0
261.400,0,2,0.0,-4.0,0
261.400,0,2,0.0,-4.0,0
261.400,0,2,0.0,-4.0,0
261.500,0,2,0.0,-4.0,0
261.500,0,2,0.0,-4.0,0
261.500,0,2,0.0,-4.0,0
261.500,0,2,0.0,-4.0,0
261.500,0,2,0.0,-4.0,0
261.600,0,2,0.0,-4.0,0
261.600,0,2,0.0,-4.0,0
261.600,0,2,0.0,-4.0,0
261.600,0,2,0.0,-4.0,0
261.600,0,2,0.0,-4.0,0
261.600,0,2,0.0,-4.0,0
261.700,0,2,0.0,-4.0,0
261.700,0,2,0.0,-4.0,0
261.700,0,2,0.0,-4.0,0
261.700,0,2,0.0,-4.0,0
261.700,0,2,0.0,-4.0,0
261.800,0,2,0.0,-4.0,0
261.800,0,2,0.0,-4.0,0
261.800,0,2,0.0,-4.0,0
261.800,0,2,0.0,-4.0,0
261.800,0,2,0.0,-4.0,0
261.900,0,2,0.0,-4.0,0
261.900,0,2,0.0,-4.0,0
261.900,0,2,0.0,-4.0,0
261.900,0,2,0.0,-4.0,0
261.900,0,2,0.0,-4.0,0
262.000,0,2,0.0,-4.0,0
262.000,0,2,0.0,-4.0,0
262.000,0,2,0.0,-4.0,0
262.000,0,2,0.0,-4.0,0
262.000,0,2,0.0,-4.0,0
262.100,0,2,0.0,-4.0,0
262.100,0,2,0.0,-4.0,0
262.100,0,2,0.0,-4.0,0
262.100,0,2,0.0,-4.0,0
262.100,0,2,0.0,-4.0,0
262.100,0,2,0.0,-4.0,0
262.200,0,2,0.0,-4.0,0
262.200,0,2,0.0,-4.0,0
262.200,0,2,0.0,-4.0,0
262.200,0,2,0.0,-4.0,0
262.200,0,2,0.0,-4.0,0
262.300,0,2,0.0,-4.0,0
262.300,0,2,0.0,-4.0,0
262.300,0,2,0.0,-4.0,0
262.300,0,2,0.0,-4.0,0
262.300,0,2,0.0,-4.0,0
262.400,0,2,0.0,-4.0,0
262.400,0,2,0.0,-4.0,0
262.400,0,2,0.0,-4.0,0
262.400,0,2,0.0,-4.0,0
262.400,0,2,0.0,-4.0,0
262.500,0,2,0.0,-4.0,0
262.500,0,2,0.0,-4.0,0
262.500,0,2,0.0,-4.0,0
262.500,0,2,0.0,-4.0,0
262.500,0,2,0.0,-4.0,0
262.600,0,2,0.0,-4.0,0
262.600,0,2,0.0,-4.0,0
262.600,0,2,0.0,-4.0,0
262.600,0,2,0.0,-4.0,0
262.600,0,2,0.0,-4.0,0
262.600,0,2,0.0,-4.0,0
262.700,0,2,0.0,-4.0,0
262.700,0,2,0.0,-4.0,0
262.700,0,2,0.0,-4.0,0
262.700,0,2,0.0,-4.0,0
262.700,0,2,0.0,-4.0,0
262.800,0,2,0.0,-4.0,0
262.800,0,2,0.0,-4.0,0
262.800,0,2,0.0,-4.0,0
262.800,0,2,0.0,-4.0,0
262.800,0,2,0.0,-4.0,0
262.900,0,2,0.0,-4.0,0
262.900,0,2,0.0,-4.0,0
262.900,0,2,0.0,-4.0,0
262.900,0,2,0.0,-4.0,0
262.900,0,2,0.0,-4.0,0
263.000,0,2,0.0,-4.0,0
263.000,0,2,0.0,-4.0,0
263.000,0,2,0.0,-4.0,0
263.000,0,2,0.0,-4.0,0
263.000,0,2,0.0,-4.0,0
263.000,0,2,0.0,-4.0,0
263.100,0,2,0.0,-4.0,0
263.100,0,2,0.0,-4.0,0
263.100,0,2,0.0,-4.0,0
263.100,0,2,0.0,-4.0,0
263.100,0,2,0.0,-4.0,0
263.200,0,2,0.0,-4.0,0
263.200,0,2,0.0,-4.0,0
263.200,0,2,0.0,-4.0,0
263.200,0,2,0.0,-4.0,0
263.200,0,2,0.0,-4.0,0
263.300,0,2,0.0,-4.0,0
263.300,0,2,0.0,-4.0,0
263.300,0,2,0.0,-4.0,0
263.300,0,2,0.0,-4.0,0
263.300,0,2,0.0,-4.0,0
263.400,0,2,0.0,-4.0,0
263.400,0,2,0.0,-4.0,0
263.400,0,2,0.0,-4.0,0
263.400,0,2,0.0,-4.0,0
263.400,0,2,0.0,-4.0,0
263.500,0,2,0.0,-4.0,0
263.500,0,2,0.0,-4.0,0
263.500,0,2,0.0,-4.0,0
263.500,0,2,0.0,-4.0,0
263.500,0,2,0.0,-4.0,0
263.500,0,2,0.0,-4.0,0
263.600,0,2,0.0,-4.0,0
263.600,0,2,0.0,-4.0,0
263.600,0,2,0.0,-4.0,0
263.600,0,2,0.0,-4.0,0
263.600,0,2,0.0,-4.0,0
263.700,0,2,0.0,-4.0,0
263.700,0,2,0.0,-4.0,0
263.700,0,2,0.0,-4.0,0
263.700,0,2,0.0,-4.0,0
263.700,0,2,0.0,-4.0,0
263.800,0,2,0.0,-4.0,0
263.800,0,2,0.0,-4.0,0
263.800,0,2,0.0,-4.0,0
263.800,0,2,0.0,-4.0,0
263.800,0,2,0.0,-4.0,0
263.900,0,2,0.0,-4.0,0
263.900,0,2,0.0,-4.0,0
263.900,0,2,0.0,-4.0,0
263.900,0,2,0.0,-4.0,0
263.900,0,2,0.0,-4.0,0
263.900,0,2,0.0,-4.0,0
264.000,0,2,0.0,-4.0,0
264.000,0,2,0.0,-4.0,0
264.000,0,2,0.0,-4.0,0
264.000,0,2,0.0,-4.0,0
264.000,0,2,0.0,-4.0,0
264.100,0,2,0.0,-4.0,0
264.100,0,2,0.0,-4.0,0
264.100,0,2,0.0,-4.0,0
264.100,0,2,0.0,-4.0,0
264.100,0,2,0.0,-4.0,0
264.200,0,2,0.0,-4.0,0
264.200,0,2,0.0,-4.0,0
264.200,0,2,0.0,-4.0,0
264.200,0,2,0.0,-4.0,0
264.200,0,2,0.0,-4.0,0
264.300,0,2,0.0,-4.0,0
264.300,0,2,0.0,-4.0,0
264.300,0,2,0.0,-4.0,0
264.300,0,2,0.0,-4.0,0
264.300,0,2,0.0,-4.0,0
264.400,0,2,0.0,-4.0,0
264.400,0,2,0.0,-4.0,0
264.400,0,2,0.0,-4.0,0
264.400,0,2,0.0,-4.0,0
264.400,0,2,0.0,-4.0,0
264.400,0,2,0.0,-4.0,0
264.500,0,2,0.0,-4.0,0
264.500,0,2,0.0,-4.0,0
264.500,0,2,0.0,-4.0,0
264.500,0,2,0.0,-4.0,0
264.500,0,2,0.0,-4.0,0
264.600,0,2,0.0,-4.0,0
264.600,0,2,0.0,-4.0,0
264.600,0,2,0.0,-4.0,0
264.600,0,2,0.0,-4.0,0
264.600,0,2,0.0,-4.0,0
264.700,0,2,0.0,-4.0,0
264.700,0,2,0.0,-4.0,0
264.700,0,2,0.0,-4.0,0
264.700,0,2,0.0,-4.0,0
264.700,0,2,0.0,-4.0,0
264.800,0,2,0.0,-4.0,0
264.800,0,2,0.0,-4.0,0
264.800,0,2,0.0,-4.0,0
264.800,0,2,0.0,-4.0,0
264.800,0,2,0.0,-4.0,0
264.900,0,2,0.0,-4.0,0
264.900,0,2,0.0,-4.0,0
264.900,0,2,0.0,-4.0,0
264.900,0,2,0.0,-4.0,0
264.900,0,2,0.0,-4.0,0
264.900,0,2,0.0,-4.0,0
265.000,0,2,0.0,-4.0,0
265.000,0,2,0.0,-4.0,0
265.000,0,2,0.0,-4.0,0
265.000,0,2,0.0,-4.0,0
265.000,0,2,0.0,-4.0,0
265.100,0,2,0.0,-4.0,0
265.100,0,2,0.0,-4.0,0
265.100,0,2,0.0,-4.0,0
265.100,0,2,0.0,-4.0,0
265.100,0,2,0.0,-4.0,0
265.200,0,2,0.0,-4.0,0
265.200,0,2,0.0,-4.0,0
265.200,0,2,0.0,-4.0,0
265.200,0,2,0.0,-4.0,0
265.200,0,2,0.0,-4.0,0
265.300,0,2,0.0,-4.0,0
265.300,0,2,0.0,-4.0,0
265.300,0,2,0.0,-4.0,0
265.300,0,2,0.0,-4.0,0
265.300,0,2,0.0,-4.0,0
265.300,0,2,0.0,-4.0,0
265.400,0,2,0.0,-4.0,0
265.400,0,2,0.0,-4.0,0
265.400,0,2,0.0,-4.0,0
265.400,0,2,0.0,-4.0,0
265.400,0,2,0.0,-4.0,0
265.500,0,2,0.0,-4.0,0
265.500,0,2,0.0,-4.0,0
265.500,0,2,0.0,-4.0,0
265.500,0,2,0.0,-4.0,0
265.500,0,2,0.0,-4.0,0
265.600,0,2,0.0,-4.0,0
265.600,0,2,0.0,-4.0,0
265.600,0,2,0.0,-4.0,0
265.600,0,2,0.0,-4.0,0
265.600,0,2,0.0,-4.0,0
265.700,0,2,0.0,-4.0,0
265.700,0,2,0.0,-4.0,0
265.700,0,2,0.0,-4.0,0
265.700,0,2,0.0,-4.0,0
265.700,0,2,0.0,-4.0,0
265.800,0,2,0.0,-4.0,0
265.800,0,2,0.0,-4.0,0
265.800,0,2,0.0,-4.0,0
265.800,0,2,0.0,-4.0,0
265.800,0,2,0.0,-4.0,0
265.800,0,2,0.0,-4.0,0
265.900,0,2,0.0,-4.0,0
265.900,0,2,0.0,-4.0,0
265.900,0,2,0.0,-4.0,0
265.900,0,2,0.0,-4.0,0
265.900,0,2,0.0,-4.0,0
266.000,0,2,0.0,-4.0,0
266.000,0,2,0.0,-4.0,0
266.000,0,2,0.0,-4.0,0
266.000,0,2,0.0,-4.0,0
266.000,0,2,0.0,-4.0,0
266.100,0,2,0.0,-4.0,0
266.100,0,2,0.0,-4.0,0
266.100,0,2,0.0,-4.0,0
266.100,0,2,0.0,-4.0,0
266.100,0,2,0.0,-4.0,0
266.200,0,2,0.0,-4.0,0
266.200,0,2,0.0,-4.0,0
266.200,0,2,0.0,-4.0,0
266.200,0,2,0.0,-4.0,0
266.200,0,2,0.0,-4.0,0
266.200,0,2,0.0,-4.0,0
266.300,0,2,0.0,-4.0,0
266.300,0,2,0.0,-4.0,0
266.300,0,2,0.0,-4.0,0
266.300,0,2,0.0,-4.0,0
266.300,0,2,0.0,-4.0,0
266.400,0,2,0.0,-4.0,0
266.400,0,2,0.0,-4.0,0
266.400,0,2,0.0,-4.0,0
266.400,0,2,0.0,-4.0,0
266.400,0,2,0.0,-4.0,0
266.500,0,2,0.0,-4.0,0
266.500,0,2,0.0,-4.0,0
266.500,0,2,0.0,-4.0,0
266.500,0,2,0.0,-4.0,0
266.500,0,2,0.0,-4.0,0
266.600,0,2,0.0,-4.0,0
266.600,0,2,0.0,-4.0,0
266.600,0,2,0.0,-4.0,0
266.600,0,2,0.0,-4.0,0
266.600,0,2,0.0,-4.0,0
266.700,0,2,0.0,-4.0,0
266.700,0,2,0.0,-4.0,0
266.700,0,2,0.0,-4.0,0
266.700,0,2,0.0,-4.0,0
266.700,0,2,0.0,-4.0,0
266.700,0,2,0.0,-4.0,0
266.800,0,2,0.0,-4.0,0
266.800,0,2,0.0,-4.0,0
266.800,0,2,0.0,-4.0,0
266.800,0,2,0.0,-4.0,0
266.800,0,2,0.0,-4.0,0
266.900,0,2,0.0,-4.0,0
266.900,0,2,0.0,-4.0,0
266.900,0,2,0.0,-4.0,0
266.900,0,2,0.0,-4.0,0
266.900,0,2,0.0,-4.0,0
267.000,0,2,0.0,-4.0,0
267.000,0,2,0.0,-4.0,0
267.000,0,2,0.0,-4.0,0
267.000,0,2,0.0,-4.0,0
267.000,0,2,0.0,-4.0,0
267.100,0,2,0.0,-4.0,0
267.100,0,2,0.0,-4.0,0
267.100,0,2,0.0,-4.0,0
267.100,0,2,0.0,-4.0,0
267.100,0,2,0.0,-4.0,0
267.200,0,2,0.0,-4.0,0
267.200,0,2,0.0,-4.0,0
267.200,0,2,0.0,-4.0,0
267.200,0,2,0.0,-4.0,0
267.200,0,2,0.0,-4.0,0
267.200,0,2,0.0,-4.0,0
267.300,0,2,0.0,-4.0,0
267.300,0,2,0.0,-4.0,0
267.300,0,2,0.0,-4.0,0
267.300,0,2,0.0,-4.0,0
267.300,0,2,0.0,-4.0,0
267.400,0,2,0.0,-4.0,0
267.400,0,2,0.0,-4.0,0
267.400,0,2,0.0,-4.0,0
267.400,0,2,0.0,-4.0,0
267.400,0,2,0.0,-4.0,0
267.500,0,2,0.0,-4.0,0
267.500,0,2,0.0,-4.0,0
267.500,0,2,0.0,-4.0,0
267.500,0,2,0.0,-4.0,0
267.500,0,2,0.0,-4.0,0
267.600,0,2,0.0,-4.0,0
267.600,0,2,0.0,-4.0,0
267.600,0,2,0.0,-4.0,0
267.600,0,2,0.0,-4.0,0
267.600,0,2,0.0,-4.0,0
267.600,0,2,0.0,-4.0,0
267.700,0,2,0.0,-4.0,0
267.700,0,2,0.0,-4.0,0
267.700,0,2,0.0,-4.0,0
267.700,0,2,0.0,-4.0,0
267.700,0,2,0.0,-4.0,0
267.800,0,2,0.0,-4.0,0
267.800,0,2,0.0,-4.0,0
267.800,0,2,0.0,-4.0,0
267.800,0,2,0.0,-4.0,0
267.800,0,2,0.0,-4.0,0
267.900,0,2,0.0,-4.0,0
267.900,0,2,0.0,-4.0,0
267.900,0,2,0.0,-4.0,0
267.900,0,2,0.0,-4.0,0
267.900,0,2,0.0,-4.0,0
268.000,0,2,0.0,-4.0,0
268.000,0,2,0.0,-4.0,0
268.000,0,2,0.0,-4.0,0
268.000,0,2,0.0,-4.0,0
268.000,0,2,0.0,-4.0,0
268.100,0,2,0.0,-4.0,0
268.100,0,2,0.0,-4.0,0
268.100,0,2,0.0,-4.0,0
268.100,0,2,0.0,-4.0,0
268.100,0,2,0.0,-4.0,0
268.100,0,2,0.0,-4.0,0
268.200,0,2,0.0,-4.0,0
268.200,0,2,0.0,-4.0,0
268.200,0,2,0.0,-4.0,0
268.200,0,2,0.0,-4.0,0
268.200,0,2,0.0,-4.0,0
268.300,0,2,0.0,-4.0,0
268.300,0,2,0.0,-4.0,0
268.300,0,2,0.0,-4.0,0
268.300,0,2,0.0,-4.0,0
268.300,0,2,0.0,-4.0,0
268.400,0,2,0.0,-4.0,0
268.400,0,2,0.0,-4.0,0
268.400,0,2,0.0,-4.0,0
268.400,0,2,0.0,-4.0,0
268.400,0,2,0.0,-4.0,0
268.500,0,2,0.0,-4.0,0
268.500,0,2,0.0,-4.0,0
268.500,0,2,0.0,-4.0,0
268.500,0,2,0.0,-4.0,0
268.500,0,2,0.0,-4.0,0
268.500,0,2,0.0,-4.0,0
268.600,0,2,0.0,-4.0,0
268.600,0,2,0.0,-4.0,0
268.600,0,2,0.0,-4.0,0
268.600,0,2,0.0,-4.0,0
268.600,0,2,0.0,-4.0,0
268.700,0,2,0.0,-4.0,0
268.700,0,2,0.0,-4.0,0
268.700,0,2,0.0,-4.0,0
268.700,0,2,0.0,-4.0,0
268.700,0,2,0.0,-4.0,0
268.800,0,2,0.0,-4.0,0
268.800,0,2,0.0,-4.0,0
268.800,0,2,0.0,-4.0,0
268.800,0,2,0.0,-4.0,0
268.800,0,2,0.0,-4.0,0
268.900,0,2,0.0,-4.0,0
268.900,0,2,0.0,-4.0,0
268.900,0,2,0.0,-4.0,0
268.900,0,2,0.0,-4.0,0
268.900,0,2,0.0,-4.0,0
269.000,0,2,0.0,-4.0,0
269.000,0,2,0.0,-4.0,0
269.000,0,2,0.0,-4.0,0
269.000,0,2,0.0,-4.0,0
269.000,0,2,0.0,-4.0,0
269.000,0,2,0.0,-4.0,0
269.100,0,2,0.0,-4.0,0
269.100,0,2,0.0,-4.0,0
269.100,0,2,0.0,-4.0,0
269.100,0,2,0.0,-4.0,0
269.100,0,2,0.0,-4.0,0
269.200,0,2,0.0,-4.0,0
269.200,0,2,0.0,-4.0,0
269.200,0,2,0.0,-4.0,0
269.200,0,2,0.0,-4.0,0
269.200,0,2,0.0,-4.0,0
269.300,0,2,0.0,-4.0,0
269.300,0,2,0.0,-4.0,0
269.300,0,2,0.0,-4.0,0
269.300,0,2,0.0,-4.0,0
269.300,0,2,0.0,-4.0,0
269.400,0,2,0.0,-4.0,0
269.400,0,2,0.0,-4.0,0
269.400,0,2,0.0,-4.0,0
269.400,0,2,0.0,-4.0,0
269.400,0,2,0.0,-4.0,0
269.500,0,2,0.0,-4.0,0
269.500,0,2,0.0,-4.0,0
269.500,0,2,0.0,-4.0,0
269.500,0,2,0.0,-4.0,0
269.500,0,2,0.0,-4.0,0
269.500,0,2,0.0,-4.0,0
269.600,0,2,0.0,-4.0,0
269.600,0,2,0.0,-4.0,0
269.600,0,2,0.0,-4.0,0
269.600,0,2,0.0,-4.0,0
269.600,0,2,0.0,-4.0,0
269.700,0,2,0.0,-4.0,0
269.700,0,2,0.0,-4.0,0
269.700,0,2,0.0,-4.0,0
269.700,0,2,0.0,-4.0,0
269.700,0,2,0.0,-4.0,0
269.800,0,2,0.0,-4.0,0
269.800,0,2,0.0,-4.0,0
269.800,0,2,0.0,-4.0,0
269.800,0,2,0.0,-4.0,0
269.800,0,2,0.0,-4.0,0
269.900,0,2,0.0,-4.0,0
269.900,0,2,0.0,-4.0,0
269.900,0,2,0.0,-4.0,0
269.900,0,2,0.0,-4.0,0
269.900,0,2,0.0,-4.0,0
269.900,0,2,0.0,-4.0,0
270.000,0,2,0.0,-4.0,0
270.000,0,2,0.0,-4.0,0
270.000,0,2,0.0,-4.0,0
270.000,0,2,0.0,-4.0,0
270.000,0,2,0.0,-4.0,0
270.100,0,2,0.0,-4.0,0
270.100,0,2,0.0,-4.0,0
270.100,0,2,0.0,-4.0,0
270.100,0,2,0.0,-4.0,0
270.100,0,2,0.0,-4.0,0
270.200,0,2,0.0,-4.0,0
270.200,0,2,0.0,-4.0,0
270.200,0,2,0.0,-4.0,0
270.200,0,2,0.0,-4.0,0
270.200,0,2,0.0,-4.0,0
270.300,0,2,0.0,-4.0,0
270.300,0,2,0.0,-4.0,0
270.300,0,2,0.0,-4.0,0
270.300,0,2,0.0,-4.0,0
270.300,0,2,0.0,-4.0,0
270.400,0,2,0.0,-4.0,0
270.400,0,2,0.0,-4.0,0
270.400,0,2,0.0,-4.0,0
270.400,0,2,0.0,-4.0,0
270.400,0,2,0.0,-4.0,0
270.400,0,2,0.0,-4.0,0
270.500,0,2,0.0,-4.0,0
270.500,0,2,0.0,-4.0,0
270.500,0,2,0.0,-4.0,0
270.500,0,2,0.0,-4.0,0
270.500,0,2,0.0,-4.0,0
270.600,0,2,0.0,-4.0,0
270.600,0,2,0.0,-4.0,0
270.600,0,2,0.0,-4.0,0
270.600,0,2,0.0,-4.0,0
270.600,0,2,0.0,-4.0,0
270.700,0,2,0.0,-4.0,0
270.700,0,2,0.0,-4.0,0
270.700,0,2,0.0,-4.0,0
270.700,0,2,0.0,-4.0,0
270.700,0,2,0.0,-4.0,0
270.800,0,2,0.0,-4.0,0
270.800,0,2,0.0,-4.0,0
270.800,0,2,0.0,-4.0,0
270.800,0,2,0.0,-4.0,0
270.800,0,2,0.0,-4.0,0
270.800,0,2,0.0,-4.0,0
270.900,0,2,0.0,-4.0,0
270.900,0,2,0.0,-4.0,0
270.900,0,2,0.0,-4.0,0
270.900,0,2,0.0,-4.0,0
270.900,0,2,0.0,-4.0,0
271.000,0,2,0.0,-4.0,0
271.000,0,2,0.0,-4.0,0
271.000,0,2,0.0,-4.0,0
271.000,0,2,0.0,-4.0,0
271.000,0,2,0.0,-4.0,0
271.100,0,2,0.0,-4.0,0
271.100,0,2,0.0,-4.0,0
271.100,0,2,0.0,-4.0,0
271.100,0,2,0.0,-4.0,0
271.100,0,2,0.0,-4.0,0
271.200,0,2,0.0,-4.0,0
271.200,0,2,0.0,-4.0,0
271.200,0,2,0.0,-4.0,0
271.200,0,2,0.0,-4.0,0
271.200,0,2,0.0,-4.0,0
271.300,0,2,0.0,-4.0,0
271.300,0,2,0.0,-4.0,0
271.300,0,2,0.0,-4.0,0
271.300,0,2,0.0,-4.0,0
271.300,0,2,0.0,-4.0,0
271.300,0,2,0.0,-4.0,0
271.400,0,2,0.0,-4.0,0
271.400,0,2,0.0,-4.0,0
271.400,0,2,0.0,-4.0,0
271.400,0,2,0.0,-4.0,0
271.400,0,2,0.0,-4.0,0
271.500,0,2,0.0,-4.0,0
271.500,0,2,0.0,-4.0,0
271.500,0,2,0.0,-4.0,0
271.500,0,2,0.0,-4.0,0
271.500,0,2,0.0,-4.0,0
271.600,0,2,0.0,-4.0,0
271.600,0,2,0.0,-4.0,0
271.600,0,2,0.0,-4.0,0
271.600,0,2,0.0,-4.0,0
271.600,0,2,0.0,-4.0,0
271.700,0,2,0.0,-4.0,0
271.700,0,2,0.0,-4.0,0
271.700,0,2,0.0,-4.0,0
271.700,0,2,0.0,-4.0,0
271.700,0,2,0.0,-4.0,0
271.800,0,2,0.0,-4.0,0
271.800,0,2,0.0,-4.0,0
271.800,0,2,0.0,-4.0,0
271.800,0,2,0.0,-4.0,0
271.800,0,2,0.0,-4.0,0
271.800,0,2,0.0,-4.0,0
271.900,0,2,0.0,-4.0,0
271.900,0,2,0.0,-4.0,0
271.900,0,2,0.0,-4.0,0
271.900,0,2,0.0,-4.0,0
271.900,0,2,0.0,-4.0,0
272.000,0,2,0.0,-4.0,0
272.000,0,2,0.0,-4.0,0
272.000,0,2,0.0,-4.0,0
272.000,0,2,0.0,-4.0,0
272.000,0,2,0.0,-4.0,0
272.100,0,2,0.0,-4.0,0
272.100,0,2,0.0,-4.0,0
272.100,0,2,0.0,-4.0,0
272.100,0,2,0.0,-4.0,0
272.100,0,2,0.0,-4.0,0
272.200,0,2,0.0,-4.0,0
272.200,0,2,0.0,-4.0,0
272.200,0,2,0.0,-4.0,0
272.200,0,2,0.0,-4.0,0
272.200,0,2,0.0,-4.0,0
272.200,0,2,0.0,-4.0,0
272.300,0,2,0.0,-4.0,0
272.300,0,2,0.0,-4.0,0
272.300,0,2,0.0,-4.0,0
272.300,0,2,0.0,-4.0,0
272.300,0,2,0.0,-4.0,0
272.400,0,2,0.0,-4.0,0
272.400,0,2,0.0,-4.0,0
272.400,0,2,0.0,-4.0,0
272.400,0,2,0.0,-4.0,0
272.400,0,2,0.0,-4.0,0
272.500,0,2,0.0,-4.0,0
272.500,0,2,0.0,-4.0,0
272.500,0,2,0.0,-4.0,0
272.500,0,2,0.0,-4.0,0
272.500,0,2,0.0,-4.0,0
272.600,0,2,0.0,-4.0,0
272.600,0,2,0.0,-4.0,0
272.600,0,2,0.0,-4.0,0
272.600,0,2,0.0,-4.0,0
272.600,0,2,0.0,-4.0,0
272.700,0,2,0.0,-4.0,0
272.700,0,2,0.0,-4.0,0
272.700,0,2,0.0,-4.0,0
272.700,0,2,0.0,-4.0,0
272.700,0,2,0.0,-4.0,0
272.700,0,2,0.0,-4.0,0
272.800,0,2,0.0,-4.0,0
272.800,0,2,0.0,-4.0,0
272.800,0,2,0.0,-4.0,0
272.800,0,2,0.0,-4.0,0
272.800,0,2,0.0,-4.0,0
272.900,0,2,0.0,-4.0,0
272.900,0,2,0.0,-4.0,0
272.900,0,2,0.0,-4.0,0
272.900,0,2,0.0,-4.0,0
272.900,0,2,0.0,-4.0,0
273.000,0,2,0.0,-4.0,0
273.000,0,2,0.0,-4.0,0
273.000,0,2,0.0,-4.0,0
273.000,0,2,0.0,-4.0,0
273.000,0,2,0.0,-4.0,0
273.100,0,2,0.0,-4.0,0
273.100,0,2,0.0,-4.0,0
273.100,0,2,0.0,-4.0,0
273.100,0,2,0.0,-4.0,0
273.100,0,2,0.0,-4.0,0
273.100,0,2,0.0,-4.0,0
273.200,0,2,0.0,-4.0,0
273.200,0,2,0.0,-4.0,0
273.200,0,2,0.0,-4.0,0
273.200,0,2,0.0,-4.0,0
273.200,0,2,0.0,-4.0,0
273.300,0,2,0.0,-4.0,0
273.300,0,2,0.0,-4.0,0
273.300,0,2,0.0,-4.0,0
273.300,0,2,0.0,-4.0,0
273.300,0,2,0.0,-4.0,0
273.400,0,2,0.0,-4.0,0
273.400,0,2,0.0,-4.0,0
273.400,0,2,0.0,-4.0,0
273.400,0,2,0.0,-4.0,0
273.400,0,2,0.0,-4.0,0
273.500,0,2,0.0,-4.0,0
273.500,0,2,0.0,-4.0,0
273.500,0,2,0.0,-4.0,0
273.500,0,2,0.0,-4.0,0
273.500,0,2,0.0,-4.0,0
273.600,0,2,0.0,-4.0,0
273.600,0,2,0.0,-4.0,0
273.600,0,2,0.0,-4.0,0
273.600,0,2,0.0,-4.0,0
273.600,0,2,0.0,-4.0,0
273.600,0,2,0.0,-4.0,0
273.700,0,2,0.0,-4.0,0
273.700,0,2,0.0,-4.0,0
273.700,0,2,0.0,-4.0,0
273.700,0,2,0.0,-4.0,0
273.700,0,2,0.0,-4.0,0
273.800,0,2,0.0,-4.0,0
273.800,0,2,0.0,-4.0,0
273.800,0,2,0.0,-4.0,0
273.800,0,2,0.0,-4.0,0
273.800,0,2,0.0,-4.0,0
273.900,0,2,0.0,-4.0,0
273.900,0,2,0.0,-4.0,0
273.900,0,2,0.0,-4.0,0
273.900,0,2,0.0,-4.0,0
273.900,0,2,0.0,-4.0,0
274.000,0,2,0.0,-4.0,0
274.000,0,2,0.0,-4.0,0
274.000,0,2,0.0,-4.0,0
274.000,0,2,0.0,-4.0,0
274.000,0,2,0.0,-4.0,0
274.100,0,2,0.0,-4.0,0
274.100,0,2,0.0,-4.0,0
274.100,0,2,0.0,-4.0,0
274.100,0,2,0.0,-4.0,0
274.100,0,2,0.0,-4.0,0
274.100,0,2,0.0,-4.0,0
274.200,0,2,0.0,-4.0,0
274.200,0,2,0.0,-4.0,0
274.200,0,2,0.0,-4.0,0
274.200,0,2,0.0,-4.0,0
274.200,0,2,0.0,-4.0,0
274.300,0,2,0.0,-4.0,0
274.300,0,2,0.0,-4.0,0
274.300,0,2,0.0,-4.0,0
274.300,0,2,0.0,-4.0,0
274.300,0,2,0.0,-4.0,0
274.400,0,2,0.0,-4.0,0
274.400,0,2,0.0,-4.0,0
274.400,0,2,0.0,-4.0,0
274.400,0,2,0.0,-4.0,0
274.400,0,2,0.0,-4.0,0
274.500,0,2,0.0,-4.0,0
274.500,0,2,0.0,-4.0,0
274.500,0,2,0.0,-4.0,0
274.500,0,2,0.0,-4.0,0
274.500,0,2,0.0,-4.0,0
274.500,0,2,0.0,-4.0,0
274.600,0,2,0.0,-4.0,0
274.600,0,2,0.0,-4.0,0
274.600,0,2,0.0,-4.0,0
274.600,0,2,0.0,-4.0,0
274.600,0,2,0.0,-4.0,0
274.700,0,2,0.0,-4.0,0
274.700,0,2,0.0,-4.0,0
274.700,0,2,0.0,-4.0,0
274.700,0,2,0.0,-4.0,0
274.700,0,2,0.0,-4.0,0
274.800,0,2,0.0,-4.0,0
274.800,0,2,0.0,-4.0,0
274.800,0,2,0.0,-4.0,0
274.800,0,2,0.0,-4.0,0
274.800,0,2,0.0,-4.0,0
274.900,0,2,0.0,-4.0,0
274.900,0,2,0.0,-4.0,0
274.900,0,2,0.0,-4.0,0
274.900,0,2,0.0,-4.0,0
274.900,0,2,0.0,-4.0,0
274.900,0,2,0.0,-4.0,0
275.000,0,2,0.0,-4.0,0
275.000,0,2,0.0,-4.0,0
275.000,0,2,0.0,-4.0,0
275.000,0,2,0.0,-4.0,0
275.000,0,2,0.0,-4.0,0
275.100,0,2,0.0,-4.0,0
275.100,0,2,0.0,-4.0,0
275.100,0,2,0.0,-4.0,0
275.100,0,2,0.0,-4.0,0
275.100,0,2,0.0,-4.0,0
275.200,0,2,0.0,-4.0,0
275.200,0,2,0.0,-4.0,0
275.200,0,2,0.0,-4.0,0
275.200,0,2,0.0,-4.0,0
275.200,0,2,0.0,-4.0,0
275.300,0,2,0.0,-4.0,0
275.300,0,2,0.0,-4.0,0
275.300,0,2,0.0,-4.0,0
275.300,0,2,0.0,-4.0,0
275.300,0,2,0.0,-4.0,0
275.400,0,2,0.0,-4.0,0
275.400,0,2,0.0,-4.0,0
275.400,0,2,0.0,-4.0,0
275.400,0,2,0.0,-4.0,0
275.400,0,2,0.0,-4.0,0
275.400,0,2,0.0,-4.0,0
275.500,0,2,0.0,-4.0,0
275.500,0,2,0.0,-4.0,0
275.500,0,2,0.0,-4.0,0
275.500,0,2,0.0,-4.0,0
275.500,0,2,0.0,-4.0,0
275.600,0,2,0.0,-4.0,0
275.600,0,2,0.0,-4.0,0
275.600,0,2,0.0,-4.0,0
275.600,0,2,0.0,-4.0,0
275.600,0,2,0.0,-4.0,0
275.700,0,2,0.0,-4.0,0
275.700,0,2,0.0,-4.0,0
275.700,0,2,0.0,-4.0,0
275.700,0,2,0.0,-4.0,0
275.700,0,2,0.0,-4.0,0
275.800,0,2,0.0,-4.0,0
275.800,0,2,0.0,-4.0,0
275.800,0,2,0.0,-4.0,0
275.800,0,2,0.0,-4.0,0
275.800,0,2,0.0,-4.0,0
275.900,0,2,0.0,-4.0,0
275.900,0,2,0.0,-4.0,0
275.900,0,2,0.0,-4.0,0
275.900,0,2,0.0,-4.0,0
275.900,0,2,0.0,-4.0,0
275.900,0,2,0.0,-4.0,0
276.000,0,2,0.0,-4.0,0
276.000,0,2,0.0,-4.0,0
276.000,0,2,0.0,-4.0,0
276.000,0,2,0.0,-4.0,0
276.000,0,2,0.0,-4.0,0
276.100,0,2,0.0,-4.0,0
276.100,0,2,0.0,-4.0,0
276.100,0,2,0.0,-4.0,0
276.100,0,2,0.0,-4.0,0
276.100,0,2,0.0,-4.0,0
276.200,0,2,0.0,-4.0,0
276.200,0,2,0.0,-4.0,0
276.200,0,2,0.0,-4.0,0
276.200,0,2,0.0,-4.0,0
276.200,0,2,0.0,-4.0,0
276.300,0,2,0.0,-4.0,0
276.300,0,2,0.0,-4.0,0
276.300,0,2,0.0,-4.0,0
276.300,0,2,0.0,-4.0,0
276.300,0,2,0.0,-4.0,0
276.300,0,2,0.0,-4.0,0
276.400,0,2,0.0,-4.0,0
276.400,0,2,0.0,-4.0,0
276.400,0,2,0.0,-4.0,0
276.400,0,2,0.0,-4.0,0
276.400,0,2,0.0,-4.0,0
276.500,0,2,0.0,-4.0,0
276.500,0,2,0.0,-4.0,0
276.500,0,2,0.0,-4.0,0
276.500,0,2,0.0,-4.0,0
276.500,0,2,0.0,-4.0,0
276.600,0,2,0.0,-4.0,0
276.600,0,2,0.0,-4.0,0
276.600,0,2,0.0,-4.0,0
276.600,0,2,0.0,-4.0,0
276.600,0,2,0.0,-4.0,0
276.700,0,2,0.0,-4.0,0
276.700,0,2,0.0,-4.0,0
276.700,0,2,0.0,-4.0,0
276.700,0,2,0.0,-4.0,0
276.700,0,2,0.0,-4.0,0
276.800,0,2,0.0,-4.0,0
276.800,0,2,0.0,-4.0,0
276.800,0,2,0.0,-4.0,0
276.800,0,2,0.0,-4.0,0
276.800,0,2,0.0,-4.0,0
276.800,0,2,0.0,-4.0,0
276.900,0,2,0.0,-4.0,0
276.900,0,2,0.0,-4.0,0
276.900,0,2,0.0,-4.0,0
276.900,0,2,0.0,-4.0,0
276.900,0,2,0.0,-4.0,0
277.000,0,2,0.0,-4.0,0
277.000,0,2,0.0,-4.0,0
277.000,0,2,0.0,-4.0,0
277.000,0,2,0.0,-4.0,0
277.000,0,2,0.0,-4.0,0
277.100,0,2,0.0,-4.0,0
277.100,0,2,0.0,-4.0,0
277.100,0,2,0.0,-4.0,0
277.100,0,2,0.0,-4.0,0
277.100,0,2,0.0,-4.0,0
277.200,0,2,0.0,-4.0,0
277.200,0,2,0.0,-4.0,0
277.200,0,2,0.0,-4.0,0
277.200,0,2,0.0,-4.0,0
277.200,0,2,0.0,-4.0,0
277.200,0,2,0.0,-4.0,0
277.300,0,2,0.0,-4.0,0
277.300,0,2,0.0,-4.0,0
277.300,0,2,0.0,-4.0,0
277.300,0,2,0.0,-4.0,0
277.300,0,2,0.0,-4.0,0
277.400,0,2,0.0,-4.0,0
277.400,0,2,0.0,-4.0,0
277.400,0,2,0.0,-4.0,0
277.400,0,2,0.0,-4.0,0
277.400,0,2,0.0,-4.0,0
277.500,0,2,0.0,-4.0,0
277.500,0,2,0.0,-4.0,0
277.500,0,2,0.0,-4.0,0
277.500,0,2,0.0,-4.0,0
277.500,0,2,0.0,-4.0,0
277.600,0,2,0.0,-4.0,0
277.600,0,2,0.0,-4.0,0
277.600,0,2,0.0,-4.0,0
277.600,0,2,0.0,-4.0,0
277.600,0,2,0.0,-4.0,0
277.700,0,2,0.0,-4.0,0
277.700,0,2,0.0,-4.0,0
277.700,0,2,0.0,-4.0,0
277.700,0,2,0.0,-4.0,0
277.700,0,2,0.0,-4.0,0
277.700,0,2,0.0,-4.0,0
277.800,0,2,0.0,-4.0,0
277.800,0,2,0.0,-4.0,0
277.800,0,2,0.0,-4.0,0
277.800,0,2,0.0,-4.0,0
277.800,0,2,0.0,-4.0,0
277.900,0,2,0.0,-4.0,0
277.900,0,2,0.0,-4.0,0
277.900,0,2,0.0,-4.0,0
277.900,0,2,0.0,-4.0,0
277.900,0,2,0.0,-4.0,0
278.000,0,2,0.0,-4.0,0
278.000,0,2,0.0,-4.0,0
278.000,0,2,0.0,-4.0,0
278.000,0,2,0.0,-4.0,0
278.000,0,2,0.0,-4.0,0
278.100,0,2,0.0,-4.0,0
278.100,0,2,0.0,-4.0,0
278.100,0,2,0.0,-4.0,0
278.100,0,2,0.0,-4.0,0
278.100,0,2,0.0,-4.0,0
278.200,0,2,0.0,-4.0,0
278.200,0,2,0.0,-4.0,0
278.200,0,2,0.0,-4.0,0
278.200,0,2,0.0,-4.0,0
278.200,0,2,0.0,-4.0,0
278.200,0,2,0.0,-4.0,0
278.300,0,2,0.0,-4.0,0
278.300,0,2,0.0,-4.0,0
278.300,0,2,0.0,-4.0,0
278.300,0,2,0.0,-4.0,0
278.300,0,2,0.0,-4.0,0
278.400,0,2,0.0,-4.0,0
278.400,0,2,0.0,-4.0,0
278.400,0,2,0.0,-4.0,0
278.400,0,2,0.0,-4.0,0
278.400,0,2,0.0,-4.0,0
278.500,0,2,0.0,-4.0,0
278.500,0,2,0.0,-4.0,0
278.500,0,2,0.0,-4.0,0
278.500,0,2,0.0,-4.0,0
278.500,0,2,0.0,-4.0,0
278.600,0,2,0.0,-4.0,0
278.600,0,2,0.0,-4.0,0
278.600,0,2,0.0,-4.0,0
278.600,0,2,0.0,-4.0,0
278.600,0,2,0.0,-4.0,0
278.600,0,2,0.0,-4.0,0
278.700,0,2,0.0,-4.0,0
278.700,0,2,0.0,-4.0,0
278.700,0,2,0.0,-4.0,0
278.700,0,2,0.0,-4.0,0
278.700,0,2,0.0,-4.0,0
278.800,0,2,0.0,-4.0,0
278.800,0,2,0.0,-4.0,0
278.800,0,2,0.0,-4.0,0
278.800,0,2,0.0,-4.0,0
278.800,0,2,0.0,-4.0,0
278.900,0,2,0.0,-4.0,0
278.900,0,2,0.0,-4.0,0
278.900,0,2,0.0,-4.0,0
278.900,0,2,0.0,-4.0,0
278.900,0,2,0.0,-4.0,0
279.000,0,2,0.0,-4.0,0
279.000,0,2,0.0,-4.0,0
279.000,0,2,0.0,-4.0,0
279.000,0,2,0.0,-4.0,0
279.000,0,2,0.0,-4.0,0
279.100,0,2,0.0,-4.0,0
279.100,0,2,0.0,-4.0,0
279.100,0,2,0.0,-4.0,0
279.100,0,2,0.0,-4.0,0
279.100,0,2,0.0,-4.0,0
279.100,0,2,0.0,-4.0,0
279.200,0,2,0.0,-4.0,0
279.200,0,2,0.0,-4.0,0
279.200,0,2,0.0,-4.0,0
279.200,0,2,0.0,-4.0,0
279.200,0,2,0.0,-4.0,0
279.300,0,2,0.0,-4.0,0
279.300,0,2,0.0,-4.0,0
279.300,0,2,0.0,-4.0,0
279.300,0,2,0.0,-4.0,0
279.300,0,2,0.0,-4.0,0
279.400,0,2,0.0,-4.0,0
279.400,0,2,0.0,-4.0,0
279.400,0,2,0.0,-4.0,0
279.400,0,2,0.0,-4.0,0
279.400,0,2,0.0,-4.0,0
279.500,0,2,0.0,-4.0,0
279.500,0,2,0.0,-4.0,0
279.500,0,2,0.0,-4.0,0
279.500,0,2,0.0,-4.0,0
279.500,0,2,0.0,-4.0,0
279.500,0,2,0.0,-4.0,0
279.600,0,2,0.0,-4.0,0
279.600,0,2,0.0,-4.0,0
279.600,0,2,0.0,-4.0,0
279.600,0,2,0.0,-4.0,0
279.600,0,2,0.0,-4.0,0
279.700,0,2,0.0,-4.0,0
279.700,0,2,0.0,-4.0,0
279.700,0,2,0.0,-4.0,0
279.700,0,2,0.0,-4.0,0
279.700,0,2,0.0,-4.0,0
279.800,0,2,0.0,-4.0,0
279.800,0,2,0.0,-4.0,0
279.800,0,2,0.0,-4.0,0
279.800,0,2,0.0,-4.0,0
279.800,0,2,0.0,-4.0,0
279.900,0,2,0.0,-4.0,0
279.900,0,2,0.0,-4.0,0
279.900,0,2,0.0,-4.0,0
279.900,0,2,0.0,-4.0,0
279.900,0,2,0.0,-4.0,0
280.000,0,2,0.0,-4.0,0
280.000,0,2,0.0,-4.0,0
280.000,0,2,0.0,-4.0,0
280.000,0,2,0.0,-4.0,0
280.000,0,2,0.0,-4.0,0
280.000,0,2,0.0,-4.0,0
280.100,0,2,0.0,-4.0,0
280.100,0,2,0.0,-4.0,0
280.100,0,2,0.0,-4.0,0
280.100,0,2,0.0,-4.0,0
280.100,0,2,0.0,-4.0,0
280.200,0,2,0.0,-4.0,0
280.200,0,2,0.0,-4.0,0
280.200,0,2,0.0,-4.0,0
280.200,0,2,0.0,-4.0,0
280.200,0,2,0.0,-4.0,0
280.300,0,2,0.0,-4.0,0
280.300,0,2,0.0,-4.0,0
280.300,0,2,0.0,-4.0,0
280.300,0,2,0.0,-4.0,0
280.300,0,2,0.0,-4.0,0
280.400,0,2,0.0,-4.0,0
280.400,0,2,0.0,-4.0,0
280.400,0,2,0.0,-4.0,0
280.400,0,2,0.0,-4.0,0
280.400,0,2,0.0,-4.0,0
280.500,0,2,0.0,-4.0,0
280.500,0,2,0.0,-4.0,0
280.500,0,2,0.0,-4.0,0
280.500,0,2,0.0,-4.0,0
280.500,0,2,0.0,-4.0,0
280.500,0,2,0.0,-4.0,0
280.600,0,2,0.0,-4.0,0
280.600,0,2,0.0,-4.0,0
280.600,0,2,0.0,-4.0,0
280.600,0,2,0.0,-4.0,0
280.600,0,2,0.0,-4.0,0
280.700,0,2,0.0,-4.0,0
280.700,0,2,0.0,-4.0,0
280.700,0,2,0.0,-4.0,0
280.700,0,2,0.0,-4.0,0
280.700,0,2,0.0,-4.0,0
280.800,0,2,0.0,-4.0,0
280.800,0,2,0.0,-4.0,0
280.800,0,2,0.0,-4.0,0
280.800,0,2,0.0,-4.0,0
280.800,0,2,0.0,-4.0,0
280.900,0,2,0.0,-4.0,0
280.900,0,2,0.0,-4.0,0
280.900,0,2,0.0,-4.0,0
280.900,0,2,0.0,-4.0,0
280.900,0,2,0.0,-4.0,0
280.900,0,2,0.0,-4.0,0
281.000,0,2,0.0,-4.0,0
281.000,0,2,0.0,-4.0,0
281.000,0,2,0.0,-4.0,0
281.000,0,2,0.0,-4.0,0
281.000,0,2,0.0,-4.0,0
281.100,0,2,0.0,-4.0,0
281.100,0,2,0.0,-4.0,0
281.100,0,2,0.0,-4.0,0
281.100,0,2,0.0,-4.0,0
281.100,0,2,0.0,-4.0,0
281.200,0,2,0.0,-4.0,0
281.200,0,2,0.0,-4.0,0
281.200,0,2,0.0,-4.0,0
281.200,0,2,0.0,-4.0,0
281.200,0,2,0.0,-4.0,0
281.300,0,2,0.0,-4.0,0
281.300,0,2,0.0,-4.0,0
281.300,0,2,0.0,-4.0,0
281.300,0,2,0.0,-4.0,0
281.300,0,2,0.0,-4.0,0
281.400,0,2,0.0,-4.0,0
281.400,0,2,0.0,-4.0,0
281.400,0,2,0.0,-4.0,0
281.400,0,2,0.0,-4.0,0
281.400,0,2,0.0,-4.0,0
281.400,0,2,0.0,-4.0,0
281.500,0,2,0.0,-4.0,0
281.500,0,2,0.0,-4.0,0
281.500,0,2,0.0,-4.0,0
281.500,0,2,0.0,-4.0,0
281.500,0,2,0.0,-4.0,0
281.600,0,2,0.0,-4.0,0
281.600,0,2,0.0,-4.0,0
281.600,0,2,0.0,-4.0,0
281.600,0,2,0.0,-4.0,0
281.600,0,2,0.0,-4.0,0
281.700,0,2,0.0,-4.0,0
281.700,0,2,0.0,-4.0,0
281.700,0,2,0.0,-4.0,0
281.700,0,2,0.0,-4.0,0
281.700,0,2,0.0,-4.0,0
281.800,0,2,0.0,-4.0,0
281.800,0,2,0.0,-4.0,0
281.800,0,2,0.0,-4.0,0
281.800,0,2,0.0,-4.0,0
281.800,0,2,0.0,-4.0,0
281.800,0,2,0.0,-4.0,0
281.900,0,2,0.0,-4.0,0
281.900,0,2,0.0,-4.0,0
281.900,0,2,0.0,-4.0,0
281.900,0,2,0.0,-4.0,0
281.900,0,2,0.0,-4.0,0
282.000,0,2,0.0,-4.0,0
282.000,0,2,0.0,-4.0,0
282.000,0,2,0.0,-4.0,0
282.000,0,2,0.0,-4.0,0
282.000,0,2,0.0,-4.0,0
282.100,0,2,0.0,-4.0,0
282.100,0,2,0.0,-4.0,0
282.100,0,2,0.0,-4.0,0
282.100,0,2,0.0,-4.0,0
282.100,0,2,0.0,-4.0,0
282.200,0,2,0.0,-4.0,0
282.200,0,2,0.0,-4.0,0
282.200,0,2,0.0,-4.0,0
282.200,0,2,0.0,-4.0,0
282.200,0,2,0.0,-4.0,0
282.300,0,2,0.0,-4.0,0
282.300,0,2,0.0,-4.0,0
282.300,0,2,0.0,-4.0,0
282.300,0,2,0.0,-4.0,0
282.300,0,2,0.0,-4.0,0
282.300,0,2,0.0,-4.0,0
282.400,0,2,0.0,-4.0,0
282.400,0,2,0.0,-4.0,0
282.400,0,2,0.0,-4.0,0
282.400,0,2,0.0,-4.0,0
282.400,0,2,0.0,-4.0,0
282.500,0,2,0.0,-4.0,0
282.500,0,2,0.0,-4.0,0
282.500,0,2,0.0,-4.0,0
282.500,0,2,0.0,-4.0,0
282.500,0,2,0.0,-4.0,0
282.600,0,2,0.0,-4.0,0
282.600,0,2,0.0,-4.0,0
282.600,0,2,0.0,-4.0,0
282.600,0,2,0.0,-4.0,0
282.600,0,2,0.0,-4.0,0
282.700,0,2,0.0,-4.0,0
282.700,0,2,0.0,-4.0,0
282.700,0,2,0.0,-4.0,0
282.700,0,2,0.0,-4.0,0
282.700,0,2,0.0,-4.0,0
282.800,0,2,0.0,-4.0,0
282.800,0,2,0.0,-4.0,0
282.800,0,2,0.0,-4.0,0
282.800,0,2,0.0,-4.0,0
282.800,0,2,0.0,-4.0,0
282.800,0,2,0.0,-4.0,0
282.900,0,2,0.0,-4.0,0
282.900,0,2,0.0,-4.0,0
282.900,0,2,0.0,-4.0,0
282.900,0,2,0.0,-4.0,0
282.900,0,2,0.0,-4.0,0
283.000,0,2,0.0,-4.0,0
283.000,0,2,0.0,-4.0,0
283.000,0,2,0.0,-4.0,0
283.000,0,2,0.0,-4.0,0
283.000,0,2,0.0,-4.0,0
283.100,0,2,0.0,-4.0,0
283.100,0,2,0.0,-4.0,0
283.100,0,2,0.0,-4.0,0
283.100,0,2,0.0,-4.0,0
283.100,0,2,0.0,-4.0,0
283.200,0,2,0.0,-4.0,0
283.200,0,2,0.0,-4.0,0
283.200,0,2,0.0,-4.0,0
283.200,0,2,0.0,-4.0,0
283.200,0,2,0.0,-4.0,0
283.200,0,2,0.0,-4.0,0
283.300,0,2,0.0,-4.0,0
283.300,0,2,0.0,-4.0,0
283.300,0,2,0.0,-4.0,0
283.300,0,2,0.0,-4.0,0
283.300,0,2,0.0,-4.0,0
283.400,0,2,0.0,-4.0,0
283.400,0,2,0.0,-4.0,0
283.400,0,2,0.0,-4.0,0
283.400,0,2,0.0,-4.0,0
283.400,0,2,0.0,-4.0,0
283.500,0,2,0.0,-4.0,0
283.500,0,2,0.0,-4.0,0
283.500,0,2,0.0,-4.0,0
283.500,0,2,0.0,-4.0,0
283.500,0,2,0.0,-4.0,0
283.600,0,2,0.0,-4.0,0
283.600,0,2,0.0,-4.0,0
283.600,0,2,0.0,-4.0,0
283.600,0,2,0.0,-4.0,0
283.600,0,2,0.0,-4.0,0
283.700,0,0,0.0,0.0,0
283.700,0,0,0.0,0.0,0
283.700,0,0,0.0,0.0,0
283.700,0,0,0.0,0.0,0
283.700,0,0,0.0,0.0,0
283.700,0,0,0.0,0.0,0
283.800,0,0,0.0,0.0,0
283.800,0,0,0.0,0.0,0
283.800,0,0,0.0,0.0,0
283.800,0,0,0.0,0.0,0
283.800,0,0,0.0,0.0,0
283.900,0,0,0.0,0.0,0
283.900,0,0,0.0,0.0,0
283.900,0,0,0.0,0.0,0
283.900,0,0,0.0,0.0,0
283.900,0,0,0.0,0.0,0
284.000,0,0,0.0,0.0,0
284.000,0,0,0.0,0.0,0
284.000,0,0,0.0,0.0,0
284.000,0,0,0.0,0.0,0
284.000,0,0,0.0,0.0,0
284.100,0,0,0.0,0.0,0
284.100,0,0,0.0,0.0,0
284.100,0,0,0.0,0.0,0
284.100,0,0,0.0,0.0,0
284.100,0,0,0.0,0.0,0
284.100,0,0,0.0,0.0,0
284.200,0,0,0.0,0.0,0
284.200,0,0,0.0,0.0,0
284.200,0,0,0.0,0.0,0
284.200,0,0,0.0,0.0,0
284.200,0,0,0.0,0.0,0
284.300,0,0,0.0,0.0,0
284.300,0,0,0.0,0.0,0
284.300,0,0,0.0,0.0,0
284.300,0,0,0.0,0.0,0
284.300,0,0,0.0,0.0,0
284.400,0,0,0.0,0.0,0
284.400,0,0,0.0,0.0,0
284.400,0,0,0.0,0.0,0
284.400,0,0,0.0,0.0,0
284.400,0,0,0.0,0.0,0
284.500,0,0,0.0,0.0,0
284.500,0,0,0.0,0.0,0
284.500,0,0,0.0,0.0,0
284.500,0,0,0.0,0.0,0
284.500,0,0,0.0,0.0,0
284.600,0,0,0.0,0.0,0
284.600,0,0,0.0,0.0,0
284.600,0,0,0.0,0.0,0
284.600,0,0,0.0,0.0,0
284.600,0,0,0.0,0.0,0
284.600,0,0,0.0,0.0,0
284.700,0,0,0.0,0.0,0
284.700,0,0,0.0,0.0,0
284.700,0,0,0.0,0.0,0
284.700,0,0,0.0,0.0,0
284.700,0,0,0.0,0.0,0
284.800,0,0,0.0,0.0,0
284.800,0,0,0.0,0.0,0
284.800,0,0,0.0,0.0,0
284.800,0,0,0.0,0.0,0
284.800,0,0,0.0,0.0,0
284.900,0,0,0.0,0.0,0
284.900,0,0,0.0,0.0,0
284.900,0,0,0.0,0.0,0
284.900,0,0,0.0,0.0,0
284.900,0,0,0.0,0.0,0
285.000,0,0,0.0,0.0,0
285.000,0,0,0.0,0.0,0
285.000,0,0,0.0,0.0,0
285.000,0,0,0.0,0.0,0
285.000,0,0,0.0,0.0,0
285.100,0,0,0.0,0.0,0
285.100,0,0,0.0,0.0,0
285.100,0,0,0.0,0.0,0
285.100,0,0,0.0,0.0,0
285.100,0,0,0.0,0.0,0
285.100,0,0,0.0,0.0,0
285.200,0,0,0.0,0.0,0
285.200,0,0,0.0,0.0,0
285.200,0,0,0.0,0.0,0
285.200,0,0,0.0,0.0,0
285.200,0,0,0.0,0.0,0
285.300,0,0,0.0,0.0,0
285.300,0,0,0.0,0.0,0
285.300,0,0,0.0,0.0,0
285.300,0,0,0.0,0.0,0
285.300,0,0,0.0,0.0,0
285.400,0,0,0.0,0.0,0
285.400,0,0,0.0,0.0,0
285.400,0,0,0.0,0.0,0
285.400,0,0,0.0,0.0,0
285.400,0,0,0.0,0.0,0
285.500,0,0,0.0,0.0,0
285.500,0,0,0.0,0.0,0
285.500,0,0,0.0,0.0,0
285.500,0,0,0.0,0.0,0
285.500,0,0,0.0,0.0,0
285.500,0,0,0.0,0.0,0
285.600,0,0,0.0,0.0,0
285.600,0,0,0.0,0.0,0
285.600,0,0,0.0,0.0,0
285.600,0,0,0.0,0.0,0
285.600,0,0,0.0,0.0,0
285.700,0,0,0.0,0.0,0
285.700,0,0,0.0,0.0,0
285.700,0,0,0.0,0.0,0
285.700,0,0,0.0,0.0,0
285.700,0,0,0.0,0.0,0
285.800,0,0,0.0,0.0,0
285.800,0,0,0.0,0.0,0
285.800,0,0,0.0,0.0,0
285.800,0,0,0.0,0.0,0
285.800,0,0,0.0,0.0,0
285.900,0,0,0.0,0.0,0
285.900,0,0,0.0,0.0,0
285.900,0,0,0.0,0.0,0
285.900,0,0,0.0,0.0,0
285.900,0,0,0.0,0.0,0
286.000,0,0,0.0,0.0,0
286.000,0,0,0.0,0.0,0
286.000,0,0,0.0,0.0,0
286.000,0,0,0.0,0.0,0
286.000,0,0,0.0,0.0,0
286.000,0,0,0.0,0.0,0
286.100,0,0,0.0,0.0,0
286.100,0,0,0.0,0.0,0
286.100,0,0,0.0,0.0,0
286.100,0,0,0.0,0.0,0
286.100,0,0,0.0,0.0,0
286.200,0,0,0.0,0.0,0
286.200,0,0,0.0,0.0,0
286.200,0,0,0.0,0.0,0
286.200,0,0,0.0,0.0,0
286.200,0,0,0.0,0.0,0
286.300,0,0,0.0,0.0,0
286.300,0,0,0.0,0.0,0
286.300,0,0,0.0,0.0,0
286.300,0,0,0.0,0.0,0
286.300,0,0,0.0,0.0,0
286.400,0,0,0.0,0.0,0
286.400,0,0,0.0,0.0,0
286.400,0,0,0.0,0.0,0
286.400,0,0,0.0,0.0,0
286.400,0,0,0.0,0.0,0
286.400,0,0,0.0,0.0,0
286.500,0,0,0.0,0.0,0
286.500,0,0,0.0,0.0,0
286.500,0,0,0.0,0.0,0
286.500,0,0,0.0,0.0,0
286.500,0,0,0.0,0.0,0
286.600,0,0,0.0,0.0,0
286.600,0,0,0.0,0.0,0
286.600,0,0,0.0,0.0,0
286.600,0,0,0.0,0.0,0
286.600,0,0,0.0,0.0,0
286.700,0,0,0.0,0.0,0
286.700,0,0,0.0,0.0,0
286.700,0,0,0.0,0.0,0
286.700,0,0,0.0,0.0,0
286.700,0,0,0.0,0.0,0
286.800,0,0,0.0,0.0,0
286.800,0,0,0.0,0.0,0
286.800,0,0,0.0,0.0,0
286.800,0,0,0.0,0.0,0
286.800,0,0,0.0,0.0,0
286.900,0,0,0.0,0.0,0
286.900,0,0,0.0,0.0,0
286.900,0,0,0.0,0.0,0
286.900,0,0,0.0,0.0,0
286.900,0,0,0.0,0.0,0
286.900,0,0,0.0,0.0,0
287.000,0,0,0.0,0.0,0
287.000,0,0,0.0,0.0,0
287.000,0,0,0.0,0.0,0
287.000,0,0,0.0,0.0,0
287.000,0,0,0.0,0.0,0
287.100,0,0,0.0,0.0,0
287.100,0,0,0.0,0.0,0
287.100,0,0,0.0,0.0,0
287.100,0,0,0.0,0.0,0
287.100,0,0,0.0,0.0,0
