t_sec,turn_class,hill_class,turn_angle_deg,hill_angle_deg,is_straight
0.000,0,0,0.0,0.0,0
0.000,0,0,0.0,0.0,0
0.000,0,0,0.0,0.0,0
0.100,0,0,0.0,0.0,0
0.100,0,0,0.0,0.0,0
0.100,0,0,0.0,0.0,0
0.200,0,0,0.0,0.0,0
0.200,0,0,0.0,0.0,0
0.300,0,0,0.0,0.0,0
0.300,0,0,0.0,0.0,0
0.300,0,0,0.0,0.0,0
0.400,0,0,0.0,0.0,0
0.400,0,0,0.0,0.0,0
0.400,0,0,0.0,0.0,0
0.500,2,0,-90.0,0.0,0
0.500,2,0,-90.0,0.0,0
0.600,2,0,-90.0,0.0,0
0.600,2,0,-90.0,0.0,0
0.600,2,0,-90.0,0.0,0
0.700,2,0,-90.0,0.0,0
0.700,2,0,-90.0,0.0,0
0.800,2,0,-90.0,0.0,0
0.800,2,0,-90.0,0.0,0
0.800,2,0,-90.0,0.0,0
0.900,2,0,-90.0,0.0,0
0.900,2,0,-90.0,0.0,0
0.900,2,0,-90.0,0.0,0
1.000,2,0,-90.0,0.0,0
1.000,2,0,-90.0,0.0,0
1.100,2,0,-90.0,0.0,0
1.100,2,0,-90.0,0.0,0
1.100,2,0,-90.0,0.0,0
1.200,2,0,-90.0,0.0,0
1.200,2,0,-90.0,0.0,0
1.300,2,0,-90.0,0.0,0
1.300,2,0,-90.0,0.0,0
1.300,2,0,-90.0,0.0,0
1.400,2,0,-90.0,0.0,0
1.400,2,0,-90.0,0.0,0
1.400,2,0,-90.0,0.0,0
1.500,2,0,-90.0,0.0,0
1.500,2,0,-90.0,0.0,0
1.600,2,0,-90.0,0.0,0
1.600,2,0,-90.0,0.0,0
1.600,2,0,-90.0,0.0,0
1.700,2,0,-90.0,0.0,0
1.700,2,0,-90.0,0.0,0
1.700,2,0,-90.0,0.0,0
1.800,2,0,-90.0,0.0,0
1.800,2,0,-90.0,0.0,0
1.900,2,0,-90.0,0.0,0
1.900,2,0,-90.0,0.0,0
1.900,2,0,-90.0,0.0,0
2.000,2,0,-90.0,0.0,0
2.000,2,0,-90.0,0.0,0
2.100,2,0,-90.0,0.0,0
2.100,2,0,-90.0,0.0,0
2.100,2,0,-90.0,0.0,0
2.200,2,0,-90.0,0.0,0
2.200,2,0,-90.0,0.0,0
2.200,2,0,-90.0,0.0,0
2.300,2,0,-90.0,0.0,0
2.300,2,0,-90.0,0.0,0
2.400,2,0,-90.0,0.0,0
2.400,2,0,-90.0,0.0,0
2.400,2,0,-90.0,0.0,0
2.500,2,0,-90.0,0.0,0
2.500,2,0,-90.0,0.0,0
2.600,2,0,-90.0,0.0,0
2.600,2,0,-90.0,0.0,0
2.600,2,0,-90.0,0.0,0
2.700,2,0,-90.0,0.0,0
2.700,2,0,-90.0,0.0,0
2.700,2,0,-90.0,0.0,0
2.800,2,0,-90.0,0.0,0
2.800,2,0,-90.0,0.0,0
2.900,2,0,-90.0,0.0,0
2.900,2,0,-90.0,0.0,0
2.900,2,0,-90.0,0.0,0
3.000,2,0,-90.0,0.0,0
3.000,2,0,-90.0,0.0,0
3.100,2,0,-90.0,0.0,0
3.100,2,0,-90.0,0.0,0
3.100,2,0,-90.0,0.0,0
3.200,2,0,-90.0,0.0,0
3.200,2,0,-90.0,0.0,0
3.200,2,0,-90.0,0.0,0
3.300,2,0,-90.0,0.0,0
3.300,2,0,-90.0,0.0,0
3.400,2,0,-90.0,0.0,0
3.400,2,0,-90.0,0.0,0
3.400,2,0,-90.0,0.0,0
3.500,2,0,-90.0,0.0,0
3.500,2,0,-90.0,0.0,0
3.600,2,0,-90.0,0.0,0
3.600,2,0,-90.0,0.0,0
3.600,2,0,-90.0,0.0,0
3.700,2,0,-90.0,0.0,0
3.700,2,0,-90.0,0.0,0
3.700,2,0,-90.0,0.0,0
3.800,2,0,-90.0,0.0,0
3.800,2,0,-90.0,0.0,0
3.900,2,0,-90.0,0.0,0
3.900,2,0,-90.0,0.0,0
3.900,2,0,-90.0,0.0,0
4.000,2,0,-90.0,0.0,0
4.000,2,0,-90.0,0.0,0
4.000,2,0,-90.0,0.0,0
4.100,2,0,-90.0,0.0,0
4.100,2,0,-90.0,0.0,0
4.200,2,0,-90.0,0.0,0
4.200,2,0,-90.0,0.0,0
4.200,2,0,-90.0,0.0,0
4.300,2,0,-90.0,0.0,0
4.300,2,0,-90.0,0.0,0
4.400,2,0,-90.0,0.0,0
4.400,2,0,-90.0,0.0,0
4.400,2,0,-90.0,0.0,0
4.500,2,0,-90.0,0.0,0
4.500,2,0,-90.0,0.0,0
4.500,2,0,-90.0,0.0,0
4.600,2,0,-90.0,0.0,0
4.600,2,0,-90.0,0.0,0
4.700,2,0,-90.0,0.0,0
4.700,2,0,-90.0,0.0,0
4.700,2,0,-90.0,0.0,0
4.800,2,0,-90.0,0.0,0
4.800,2,0,-90.0,0.0,0
4.900,2,0,-90.0,0.0,0
4.900,2,0,-90.0,0.0,0
4.900,2,0,-90.0,0.0,0
5.000,2,0,-90.0,0.0,0
5.000,2,0,-90.0,0.0,0
5.000,2,0,-90.0,0.0,0
5.100,2,0,-90.0,0.0,0
5.100,2,0,-90.0,0.0,0
5.200,2,0,-90.0,0.0,0
5.200,2,0,-90.0,0.0,0
5.200,2,0,-90.0,0.0,0
5.300,2,0,-90.0,0.0,0
5.300,2,0,-90.0,0.0,0
5.400,2,0,-90.0,0.0,0
5.400,2,0,-90.0,0.0,0
5.400,2,0,-90.0,0.0,0
5.500,2,0,-90.0,0.0,0
5.500,2,0,-90.0,0.0,0
5.500,2,0,-90.0,0.0,0
5.600,2,0,-90.0,0.0,0
5.600,2,0,-90.0,0.0,0
5.700,2,0,-90.0,0.0,0
5.700,2,0,-90.0,0.0,0
5.700,2,0,-90.0,0.0,0
5.800,2,0,-90.0,0.0,0
5.800,2,0,-90.0,0.0,0
5.900,2,0,-90.0,0.0,0
5.900,2,0,-90.0,0.0,0
5.900,2,0,-90.0,0.0,0
6.000,2,0,-90.0,0.0,0
6.000,2,0,-90.0,0.0,0
6.000,2,0,-90.0,0.0,0
6.100,2,0,-90.0,0.0,0
6.100,2,0,-90.0,0.0,0
6.200,2,0,-90.0,0.0,0
6.200,2,0,-90.0,0.0,0
6.200,2,0,-90.0,0.0,0
6.300,2,0,-90.0,0.0,0
6.300,2,0,-90.0,0.0,0
6.300,2,0,-90.0,0.0,0
6.400,2,0,-90.0,0.0,0
6.400,2,0,-90.0,0.0,0
6.500,2,0,-90.0,0.0,0
6.500,2,0,-90.0,0.0,0
6.500,2,0,-90.0,0.0,0
6.600,2,0,-90.0,0.0,0
6.600,2,0,-90.0,0.0,0
6.700,2,0,-90.0,0.0,0
6.700,2,0,-90.0,0.0,0
6.700,2,0,-90.0,0.0,0
6.800,2,0,-90.0,0.0,0
6.800,2,0,-90.0,0.0,0
6.800,2,0,-90.0,0.0,0
6.900,2,0,-90.0,0.0,0
6.900,2,0,-90.0,0.0,0
7.000,2,0,-90.0,0.0,0
7.000,2,0,-90.0,0.0,0
7.000,2,0,-90.0,0.0,0
7.100,2,0,-90.0,0.0,0
7.100,2,0,-90.0,0.0,0
7.200,2,0,-90.0,0.0,0
7.200,2,0,-90.0,0.0,0
7.200,2,0,-90.0,0.0,0
7.300,2,0,-90.0,0.0,0
7.300,2,0,-90.0,0.0,0
7.300,2,0,-90.0,0.0,0
7.400,2,0,-90.0,0.0,0
7.400,2,0,-90.0,0.0,0
7.500,2,0,-90.0,0.0,0
7.500,2,0,-90.0,0.0,0
7.500,2,0,-90.0,0.0,0
7.600,2,0,-90.0,0.0,0
7.600,2,0,-90.0,0.0,0
7.700,2,0,-90.0,0.0,0
7.700,2,0,-90.0,0.0,0
7.700,2,0,-90.0,0.0,0
7.800,2,0,-90.0,0.0,0
7.800,2,0,-90.0,0.0,0
7.800,2,0,-90.0,0.0,0
7.900,2,0,-90.0,0.0,0
7.900,2,0,-90.0,0.0,0
8.000,2,0,-90.0,0.0,0
8.000,2,0,-90.0,0.0,0
8.000,2,0,-90.0,0.0,0
8.100,2,0,-90.0,0.0,0
8.100,2,0,-90.0,0.0,0
8.200,2,0,-90.0,0.0,0
8.200,2,0,-90.0,0.0,0
8.200,2,0,-90.0,0.0,0
8.300,2,0,-90.0,0.0,0
8.300,2,0,-90.0,0.0,0
8.300,2,0,-90.0,0.0,0
8.400,2,0,-90.0,0.0,0
8.400,2,0,-90.0,0.0,0
8.500,0,0,0.0,0.0,0
8.500,0,0,0.0,0.0,0
8.500,0,0,0.0,0.0,0
8.600,0,0,0.0,0.0,0
8.600,0,0,0.0,0.0,0
8.600,0,0,0.0,0.0,0
8.700,0,0,0.0,0.0,0
8.700,0,0,0.0,0.0,0
8.800,0,0,0.0,0.0,0
8.800,0,0,0.0,0.0,0
8.800,0,0,0.0,0.0,0
8.900,0,0,0.0,0.0,0
8.900,0,0,0.0,0.0,0
9.000,0,0,0.0,0.0,0
9.000,0,0,0.0,0.0,0
9.000,0,0,0.0,0.0,0
9.100,0,0,0.0,0.0,0
9.100,0,0,0.0,0.0,0
9.100,0,0,0.0,0.0,0
9.200,0,0,0.0,0.0,0
9.200,0,0,0.0,0.0,0
9.300,0,0,0.0,0.0,0
9.300,0,0,0.0,0.0,0
9.300,0,0,0.0,0.0,0
9.400,0,0,0.0,0.0,0
9.400,0,0,0.0,0.0,0
9.500,0,0,0.0,0.0,0
9.500,0,0,0.0,0.0,0
9.500,0,0,0.0,0.0,0
9.600,0,0,0.0,0.0,0
9.600,0,0,0.0,0.0,0
9.600,0,0,0.0,0.0,0
9.700,0,0,0.0,0.0,0
9.700,0,0,0.0,0.0,0
9.800,0,0,0.0,0.0,0
9.800,0,0,0.0,0.0,0
9.800,0,0,0.0,0.0,0
9.900,0,0,0.0,0.0,0
9.900,0,0,0.0,0.0,0
10.000,0,0,0.0,0.0,0
10.000,0,0,0.0,0.0,0
10.000,0,0,0.0,0.0,0
10.100,0,0,0.0,0.0,0
10.100,0,0,0.0,0.0,0
10.100,0,0,0.0,0.0,0
10.200,0,0,0.0,0.0,0
10.200,0,0,0.0,0.0,0
10.300,0,0,0.0,0.0,0
10.300,0,0,0.0,0.0,0
10.300,0,0,0.0,0.0,0
10.400,0,0,0.0,0.0,0
10.400,0,0,0.0,0.0,0
10.500,0,0,0.0,0.0,0
10.500,0,0,0.0,0.0,0
10.500,0,0,0.0,0.0,0
10.600,0,0,0.0,0.0,0
10.600,0,0,0.0,0.0,0
10.600,0,0,0.0,0.0,0
10.700,0,0,0.0,0.0,0
10.700,0,0,0.0,0.0,0
10.800,0,0,0.0,0.0,0
10.800,0,0,0.0,0.0,0
10.800,0,0,0.0,0.0,0
10.900,0,0,0.0,0.0,0
10.900,0,0,0.0,0.0,0
10.900,0,0,0.0,0.0,0
11.000,0,0,0.0,0.0,0
11.000,0,0,0.0,0.0,0
11.100,0,0,0.0,0.0,0
11.100,0,0,0.0,0.0,0
11.100,0,0,0.0,0.0,0
11.200,0,0,0.0,0.0,0
11.200,0,0,0.0,0.0,0
11.300,0,0,0.0,0.0,0
11.300,0,0,0.0,0.0,0
11.300,0,0,0.0,0.0,0
11.400,0,0,0.0,0.0,0
11.400,0,0,0.0,0.0,0
11.400,0,0,0.0,0.0,0
11.500,0,0,0.0,0.0,0
11.500,0,0,0.0,0.0,0
11.600,0,0,0.0,0.0,0
11.600,0,0,0.0,0.0,0
11.600,0,0,0.0,0.0,0
11.700,0,0,0.0,0.0,0
11.700,0,0,0.0,0.0,0
11.800,0,0,0.0,0.0,0
11.800,0,0,0.0,0.0,0
11.800,0,0,0.0,0.0,0
11.900,1,0,78.0,0.0,0
11.900,1,0,78.0,0.0,0
11.900,1,0,78.0,0.0,0
12.000,1,0,78.0,0.0,0
12.000,1,0,78.0,0.0,0
12.100,1,0,78.0,0.0,0
12.100,1,0,78.0,0.0,0
12.100,1,0,78.0,0.0,0
12.200,1,0,78.0,0.0,0
12.200,1,0,78.0,0.0,0
12.300,1,0,78.0,0.0,0
12.300,1,0,78.0,0.0,0
12.300,1,0,78.0,0.0,0
12.400,1,0,78.0,0.0,0
12.400,1,0,78.0,0.0,0
12.400,1,0,78.0,0.0,0
12.500,1,0,78.0,0.0,0
12.500,1,0,78.0,0.0,0
12.600,1,0,78.0,0.0,0
12.600,1,0,78.0,0.0,0
12.600,1,0,78.0,0.0,0
12.700,1,0,78.0,0.0,0
12.700,1,0,78.0,0.0,0
12.800,1,0,78.0,0.0,0
12.800,1,0,78.0,0.0,0
12.800,1,0,78.0,0.0,0
12.900,1,0,78.0,0.0,0
12.900,1,0,78.0,0.0,0
12.900,1,0,78.0,0.0,0
13.000,1,0,78.0,0.0,0
13.000,1,0,78.0,0.0,0
13.100,1,0,78.0,0.0,0
13.100,1,0,78.0,0.0,0
13.100,1,0,78.0,0.0,0
13.200,1,0,78.0,0.0,0
13.200,1,0,78.0,0.0,0
13.200,1,0,78.0,0.0,0
13.300,1,0,78.0,0.0,0
13.300,1,0,78.0,0.0,0
13.400,1,0,78.0,0.0,0
13.400,1,0,78.0,0.0,0
13.400,1,0,78.0,0.0,0
13.500,1,0,78.0,0.0,0
13.500,1,0,78.0,0.0,0
13.600,1,0,78.0,0.0,0
13.600,1,0,78.0,0.0,0
13.600,1,0,78.0,0.0,0
13.700,1,0,78.0,0.0,0
13.700,1,0,78.0,0.0,0
13.700,1,0,78.0,0.0,0
13.800,1,0,78.0,0.0,0
13.800,1,0,78.0,0.0,0
13.900,1,0,78.0,0.0,0
13.900,1,0,78.0,0.0,0
13.900,1,0,78.0,0.0,0
14.000,1,0,78.0,0.0,0
14.000,1,0,78.0,0.0,0
14.100,1,0,78.0,0.0,0
14.100,1,0,78.0,0.0,0
14.100,1,0,78.0,0.0,0
14.200,1,0,78.0,0.0,0
14.200,1,0,78.0,0.0,0
14.200,1,0,78.0,0.0,0
14.300,1,0,78.0,0.0,0
14.300,1,0,78.0,0.0,0
14.400,1,0,78.0,0.0,0
14.400,1,0,78.0,0.0,0
14.400,1,0,78.0,0.0,0
14.500,1,0,78.0,0.0,0
14.500,1,0,78.0,0.0,0
14.600,1,0,78.0,0.0,0
14.600,1,0,78.0,0.0,0
14.600,1,0,78.0,0.0,0
14.700,1,0,78.0,0.0,0
14.700,1,0,78.0,0.0,0
14.700,1,0,78.0,0.0,0
14.800,1,0,78.0,0.0,0
14.800,1,0,78.0,0.0,0
14.900,1,0,78.0,0.0,0
14.900,1,0,78.0,0.0,0
14.900,1,0,78.0,0.0,0
15.000,1,0,78.0,0.0,0
15.000,1,0,78.0,0.0,0
15.100,1,0,78.0,0.0,0
15.100,1,0,78.0,0.0,0
15.100,1,0,78.0,0.0,0
15.200,1,0,78.0,0.0,0
15.200,1,0,78.0,0.0,0
15.200,1,0,78.0,0.0,0
15.300,1,0,78.0,0.0,0
15.300,1,0,78.0,0.0,0
15.400,1,0,78.0,0.0,0
15.400,1,0,78.0,0.0,0
15.400,1,0,78.0,0.0,0
15.500,1,0,78.0,0.0,0
15.500,1,0,78.0,0.0,0
15.500,1,0,78.0,0.0,0
15.600,1,0,78.0,0.0,0
15.600,1,0,78.0,0.0,0
15.700,1,0,78.0,0.0,0
15.700,1,0,78.0,0.0,0
15.700,1,0,78.0,0.0,0
15.800,1,0,78.0,0.0,0
15.800,1,0,78.0,0.0,0
15.900,1,0,78.0,0.0,0
15.900,1,0,78.0,0.0,0
15.900,1,0,78.0,0.0,0
16.000,1,0,78.0,0.0,0
16.000,1,0,78.0,0.0,0
16.000,1,0,78.0,0.0,0
16.100,1,0,78.0,0.0,0
16.100,1,0,78.0,0.0,0
16.200,1,0,78.0,0.0,0
16.200,1,0,78.0,0.0,0
16.200,1,0,78.0,0.0,0
16.300,1,0,78.0,0.0,0
16.300,1,0,78.0,0.0,0
16.400,1,0,78.0,0.0,0
16.400,1,0,78.0,0.0,0
16.400,1,0,78.0,0.0,0
16.500,1,0,78.0,0.0,0
16.500,1,0,78.0,0.0,0
16.500,1,0,78.0,0.0,0
16.600,1,0,78.0,0.0,0
16.600,1,0,78.0,0.0,0
16.700,1,0,78.0,0.0,0
16.700,1,0,78.0,0.0,0
16.700,1,0,78.0,0.0,0
16.800,1,0,78.0,0.0,0
16.800,1,0,78.0,0.0,0
16.900,1,0,78.0,0.0,0
16.900,1,0,78.0,0.0,0
16.900,1,0,78.0,0.0,0
17.000,1,0,78.0,0.0,0
17.000,1,0,78.0,0.0,0
17.000,1,0,78.0,0.0,0
17.100,1,0,78.0,0.0,0
17.100,1,0,78.0,0.0,0
17.200,1,0,78.0,0.0,0
17.200,1,0,78.0,0.0,0
17.200,1,0,78.0,0.0,0
17.300,1,0,78.0,0.0,0
17.300,1,0,78.0,0.0,0
17.400,1,0,78.0,0.0,0
17.400,1,0,78.0,0.0,0
17.400,1,0,78.0,0.0,0
17.500,1,0,78.0,0.0,0
17.500,1,0,78.0,0.0,0
17.500,1,0,78.0,0.0,0
17.600,1,0,78.0,0.0,0
17.600,1,0,78.0,0.0,0
17.700,1,0,78.0,0.0,0
17.700,1,0,78.0,0.0,0
17.700,1,0,78.0,0.0,0
17.800,1,0,78.0,0.0,0
17.800,1,0,78.0,0.0,0
17.800,1,0,78.0,0.0,0
17.900,1,0,78.0,0.0,0
17.900,1,0,78.0,0.0,0
18.000,1,0,78.0,0.0,0
18.000,1,0,78.0,0.0,0
18.000,1,0,78.0,0.0,0
18.100,1,0,78.0,0.0,0
18.100,1,0,78.0,0.0,0
18.200,1,0,78.0,0.0,0
18.200,1,0,78.0,0.0,0
18.200,1,0,78.0,0.0,0
18.300,1,0,78.0,0.0,0
18.300,1,0,78.0,0.0,0
18.300,1,0,78.0,0.0,0
18.400,1,0,78.0,0.0,0
18.400,1,0,78.0,0.0,0
18.500,1,0,78.0,0.0,0
18.500,1,0,78.0,0.0,0
18.500,1,0,78.0,0.0,0
18.600,1,0,78.0,0.0,0
18.600,1,0,78.0,0.0,0
18.700,1,0,78.0,0.0,0
18.700,1,0,78.0,0.0,0
18.700,1,0,78.0,0.0,0
18.800,1,0,78.0,0.0,0
18.800,1,0,78.0,0.0,0
18.800,1,0,78.0,0.0,0
18.900,1,0,78.0,0.0,0
18.900,1,0,78.0,0.0,0
19.000,1,0,78.0,0.0,0
19.000,1,0,78.0,0.0,0
19.000,1,0,78.0,0.0,0
19.100,1,0,78.0,0.0,0
19.100,1,0,78.0,0.0,0
19.200,1,0,78.0,0.0,0
19.200,1,0,78.0,0.0,0
19.200,1,0,78.0,0.0,0
19.300,1,0,78.0,0.0,0
19.300,1,0,78.0,0.0,0
19.300,1,0,78.0,0.0,0
19.400,1,0,78.0,0.0,0
19.400,1,0,78.0,0.0,0
19.500,1,0,78.0,0.0,0
19.500,1,0,78.0,0.0,0
19.500,1,0,78.0,0.0,0
19.600,1,0,78.0,0.0,0
19.600,1,0,78.0,0.0,0
19.700,1,0,78.0,0.0,0
19.700,1,0,78.0,0.0,0
19.700,1,0,78.0,0.0,0
19.800,1,0,78.0,0.0,0
19.800,1,0,78.0,0.0,0
19.800,1,0,78.0,0.0,0
19.900,1,0,78.0,0.0,0
19.900,1,0,78.0,0.0,0
20.000,1,0,78.0,0.0,0
20.000,1,0,78.0,0.0,0
20.000,1,0,78.0,0.0,0
20.100,1,0,78.0,0.0,0
20.100,1,0,78.0,0.0,0
20.100,1,0,78.0,0.0,0
20.200,1,0,78.0,0.0,0
20.200,1,0,78.0,0.0,0
20.300,1,0,78.0,0.0,0
20.300,1,0,78.0,0.0,0
20.300,1,0,78.0,0.0,0
20.400,1,0,78.0,0.0,0
20.400,1,0,78.0,0.0,0
20.500,1,0,78.0,0.0,0
20.500,1,0,78.0,0.0,0
20.500,1,0,78.0,0.0,0
20.600,1,0,78.0,0.0,0
20.600,1,0,78.0,0.0,0
20.600,1,0,78.0,0.0,0
20.700,1,0,78.0,0.0,0
20.700,1,0,78.0,0.0,0
20.800,1,0,78.0,0.0,0
20.800,1,0,78.0,0.0,0
20.800,1,0,78.0,0.0,0
20.900,1,0,78.0,0.0,0
20.900,1,0,78.0,0.0,0
21.000,1,0,78.0,0.0,0
21.000,1,0,78.0,0.0,0
21.000,1,0,78.0,0.0,0
21.100,1,0,78.0,0.0,0
21.100,1,0,78.0,0.0,0
21.100,1,0,78.0,0.0,0
21.200,1,0,78.0,0.0,0
21.200,1,0,78.0,0.0,0
21.300,1,0,78.0,0.0,0
21.300,1,0,78.0,0.0,0
21.300,1,0,78.0,0.0,0
21.400,1,0,78.0,0.0,0
21.400,1,0,78.0,0.0,0
21.500,1,0,78.0,0.0,0
21.500,1,0,78.0,0.0,0
21.500,1,0,78.0,0.0,0
21.600,1,0,78.0,0.0,0
21.600,1,0,78.0,0.0,0
21.600,1,0,78.0,0.0,0
21.700,1,0,78.0,0.0,0
21.700,1,0,78.0,0.0,0
21.800,1,0,78.0,0.0,0
21.800,1,0,78.0,0.0,0
21.800,1,0,78.0,0.0,0
21.900,1,0,78.0,0.0,0
21.900,1,0,78.0,0.0,0
22.000,1,0,78.0,0.0,0
22.000,1,0,78.0,0.0,0
22.000,1,0,78.0,0.0,0
22.100,1,0,78.0,0.0,0
22.100,1,0,78.0,0.0,0
22.100,1,0,78.0,0.0,0
22.200,1,0,78.0,0.0,0
22.200,1,0,78.0,0.0,0
22.300,1,0,78.0,0.0,0
22.300,1,0,78.0,0.0,0
22.300,1,0,78.0,0.0,0
22.400,1,0,78.0,0.0,0
22.400,1,0,78.0,0.0,0
22.400,1,0,78.0,0.0,0
22.500,1,0,78.0,0.0,0
22.500,1,0,78.0,0.0,0
22.600,1,0,78.0,0.0,0
22.600,1,0,78.0,0.0,0
22.600,1,0,78.0,0.0,0
22.700,1,0,78.0,0.0,0
22.700,1,0,78.0,0.0,0
22.800,1,0,78.0,0.0,0
22.800,1,0,78.0,0.0,0
22.800,1,0,78.0,0.0,0
22.900,1,0,78.0,0.0,0
22.900,1,0,78.0,0.0,0
22.900,1,0,78.0,0.0,0
23.000,1,0,78.0,0.0,0
23.000,1,0,78.0,0.0,0
23.100,1,0,78.0,0.0,0
23.100,1,0,78.0,0.0,0
23.100,1,0,78.0,0.0,0
23.200,1,0,78.0,0.0,0
23.200,1,0,78.0,0.0,0
23.300,1,0,78.0,0.0,0
23.300,1,0,78.0,0.0,0
23.300,1,0,78.0,0.0,0
23.400,1,0,78.0,0.0,0
23.400,1,0,78.0,0.0,0
23.400,1,0,78.0,0.0,0
23.500,1,0,78.0,0.0,0
23.500,1,0,78.0,0.0,0
23.600,1,0,78.0,0.0,0
23.600,1,0,78.0,0.0,0
23.600,1,0,78.0,0.0,0
23.700,1,0,78.0,0.0,0
23.700,1,0,78.0,0.0,0
23.800,1,0,78.0,0.0,0
23.800,1,0,78.0,0.0,0
23.800,1,0,78.0,0.0,0
23.900,1,0,78.0,0.0,0
23.900,1,0,78.0,0.0,0
23.900,1,0,78.0,0.0,0
24.000,1,0,78.0,0.0,0
24.000,1,0,78.0,0.0,0
24.100,1,0,78.0,0.0,0
24.100,1,0,78.0,0.0,0
24.100,1,0,78.0,0.0,0
24.200,1,0,78.0,0.0,0
24.200,1,0,78.0,0.0,0
24.300,1,0,78.0,0.0,0
24.300,1,0,78.0,0.0,0
24.300,1,0,78.0,0.0,0
24.400,1,0,78.0,0.0,0
24.400,1,0,78.0,0.0,0
24.400,1,0,78.0,0.0,0
24.500,1,0,78.0,0.0,0
24.500,1,0,78.0,0.0,0
24.600,1,0,78.0,0.0,0
24.600,1,0,78.0,0.0,0
24.600,1,0,78.0,0.0,0
24.700,1,0,78.0,0.0,0
24.700,1,0,78.0,0.0,0
24.700,1,0,78.0,0.0,0
24.800,1,0,78.0,0.0,0
24.800,1,0,78.0,0.0,0
24.900,1,0,78.0,0.0,0
24.900,1,0,78.0,0.0,0
24.900,1,0,78.0,0.0,0
25.000,1,0,78.0,0.0,0
25.000,1,0,78.0,0.0,0
25.100,1,0,78.0,0.0,0
25.100,1,0,78.0,0.0,0
25.100,1,0,78.0,0.0,0
25.200,1,0,78.0,0.0,0
25.200,1,0,78.0,0.0,0
25.200,1,0,78.0,0.0,0
25.300,1,0,78.0,0.0,0
25.300,1,0,78.0,0.0,0
25.400,1,0,78.0,0.0,0
25.400,1,0,78.0,0.0,0
25.400,1,0,78.0,0.0,0
25.500,1,0,78.0,0.0,0
25.500,1,0,78.0,0.0,0
25.600,1,0,78.0,0.0,0
25.600,1,0,78.0,0.0,0
25.600,1,0,78.0,0.0,0
25.700,1,0,78.0,0.0,0
25.700,1,0,78.0,0.0,0
25.700,1,0,78.0,0.0,0
25.800,1,0,78.0,0.0,0
25.800,1,0,78.0,0.0,0
25.900,1,0,78.0,0.0,0
25.900,1,0,78.0,0.0,0
25.900,1,0,78.0,0.0,0
26.000,1,0,78.0,0.0,0
26.000,1,0,78.0,0.0,0
26.100,1,0,78.0,0.0,0
26.100,1,0,78.0,0.0,0
26.100,1,0,78.0,0.0,0
26.200,1,0,78.0,0.0,0
26.200,1,0,78.0,0.0,0
26.200,1,0,78.0,0.0,0
26.300,1,0,78.0,0.0,0
26.300,1,0,78.0,0.0,0
26.400,1,0,78.0,0.0,0
26.400,1,0,78.0,0.0,0
26.400,1,0,78.0,0.0,0
26.500,1,0,78.0,0.0,0
26.500,1,0,78.0,0.0,0
26.600,1,0,78.0,0.0,0
26.600,1,0,78.0,0.0,0
26.600,1,0,78.0,0.0,0
26.700,0,0,0.0,0.0,0
26.700,0,0,0.0,0.0,0
26.700,0,0,0.0,0.0,0
26.800,0,0,0.0,0.0,0
26.800,0,0,0.0,0.0,0
26.900,0,0,0.0,0.0,0
26.900,0,0,0.0,0.0,0
26.900,0,0,0.0,0.0,0
27.000,0,0,0.0,0.0,0
27.000,0,0,0.0,0.0,0
27.000,0,0,0.0,0.0,0
27.100,0,0,0.0,0.0,1
27.100,0,0,0.0,0.0,1
27.200,0,0,0.0,0.0,1
27.200,0,0,0.0,0.0,1
27.200,0,0,0.0,0.0,1
27.300,0,0,0.0,0.0,1
27.300,0,0,0.0,0.0,1
27.400,0,0,0.0,0.0,1
27.400,0,0,0.0,0.0,1
27.400,0,0,0.0,0.0,1
27.500,0,0,0.0,0.0,1
27.500,0,0,0.0,0.0,1
27.500,0,0,0.0,0.0,1
27.600,0,0,0.0,0.0,1
27.600,0,0,0.0,0.0,1
27.700,0,0,0.0,0.0,1
27.700,0,0,0.0,0.0,1
27.700,0,0,0.0,0.0,1
27.800,0,0,0.0,0.0,1
27.800,0,0,0.0,0.0,1
27.900,0,0,0.0,0.0,1
27.900,0,0,0.0,0.0,1
27.900,0,0,0.0,0.0,1
28.000,0,0,0.0,0.0,1
28.000,0,0,0.0,0.0,1
28.000,0,0,0.0,0.0,1
28.100,0,0,0.0,0.0,1
28.100,0,0,0.0,0.0,1
28.200,0,0,0.0,0.0,1
28.200,0,0,0.0,0.0,1
28.200,0,0,0.0,0.0,1
28.300,0,0,0.0,0.0,1
28.300,0,0,0.0,0.0,1
28.400,0,0,0.0,0.0,1
28.400,0,0,0.0,0.0,1
28.400,0,0,0.0,0.0,1
28.500,0,0,0.0,0.0,1
28.500,0,0,0.0,0.0,1
28.500,0,0,0.0,0.0,1
28.600,0,0,0.0,0.0,1
28.600,0,0,0.0,0.0,1
28.700,0,0,0.0,0.0,1
28.700,0,0,0.0,0.0,1
28.700,0,0,0.0,0.0,1
28.800,0,0,0.0,0.0,1
28.800,0,0,0.0,0.0,1
28.900,0,0,0.0,0.0,1
28.900,0,0,0.0,0.0,1
28.900,0,0,0.0,0.0,1
29.000,0,0,0.0,0.0,1
29.000,0,0,0.0,0.0,1
29.000,0,0,0.0,0.0,1
29.100,0,0,0.0,0.0,1
29.100,0,0,0.0,0.0,1
29.200,0,0,0.0,0.0,1
29.200,0,0,0.0,0.0,1
29.200,0,0,0.0,0.0,1
29.300,0,0,0.0,0.0,1
29.300,0,0,0.0,0.0,1
29.300,0,0,0.0,0.0,1
29.400,0,0,0.0,0.0,1
29.400,0,0,0.0,0.0,1
29.500,0,0,0.0,0.0,1
29.500,0,0,0.0,0.0,1
29.500,0,0,0.0,0.0,1
29.600,0,0,0.0,0.0,1
29.600,0,0,0.0,0.0,1
29.700,0,0,0.0,0.0,1
29.700,0,0,0.0,0.0,1
29.700,0,0,0.0,0.0,1
29.800,0,0,0.0,0.0,1
29.800,0,0,0.0,0.0,1
29.800,0,0,0.0,0.0,1
29.900,0,0,0.0,0.0,1
29.900,0,0,0.0,0.0,1
30.000,0,0,0.0,0.0,1
30.000,0,0,0.0,0.0,1
30.000,0,0,0.0,0.0,1
30.100,0,0,0.0,0.0,1
30.100,0,0,0.0,0.0,1
30.200,0,0,0.0,0.0,1
30.200,0,0,0.0,0.0,1
30.200,0,0,0.0,0.0,1
30.300,0,0,0.0,0.0,1
30.300,0,0,0.0,0.0,1
30.300,0,0,0.0,0.0,1
30.400,0,0,0.0,0.0,1
30.400,0,0,0.0,0.0,1
30.500,0,0,0.0,0.0,1
30.500,0,0,0.0,0.0,1
30.500,0,0,0.0,0.0,1
30.600,0,0,0.0,0.0,1
30.600,0,0,0.0,0.0,1
30.700,0,0,0.0,0.0,1
30.700,0,0,0.0,0.0,1
30.700,0,0,0.0,0.0,1
30.800,0,0,0.0,0.0,1
30.800,0,0,0.0,0.0,1
30.800,0,0,0.0,0.0,1
30.900,0,0,0.0,0.0,1
30.900,0,0,0.0,0.0,1
31.000,0,0,0.0,0.0,1
31.000,0,0,0.0,0.0,1
31.000,0,0,0.0,0.0,1
31.100,0,0,0.0,0.0,1
31.100,0,0,0.0,0.0,1
31.200,0,0,0.0,0.0,1
31.200,0,0,0.0,0.0,1
31.200,0,0,0.0,0.0,1
31.300,0,0,0.0,0.0,1
31.300,0,0,0.0,0.0,1
31.300,0,0,0.0,0.0,1
31.400,0,0,0.0,0.0,1
31.400,0,0,0.0,0.0,1
31.500,0,0,0.0,0.0,1
31.500,0,0,0.0,0.0,1
31.500,0,0,0.0,0.0,1
31.600,0,0,0.0,0.0,1
31.600,0,0,0.0,0.0,1
31.600,0,0,0.0,0.0,1
31.700,0,0,0.0,0.0,1
31.700,0,0,0.0,0.0,1
31.800,0,0,0.0,0.0,1
31.800,0,0,0.0,0.0,1
31.800,0,0,0.0,0.0,1
31.900,0,0,0.0,0.0,1
31.900,0,0,0.0,0.0,1
32.000,0,0,0.0,0.0,1
32.000,0,0,0.0,0.0,1
32.000,0,0,0.0,0.0,1
32.100,0,0,0.0,0.0,1
32.100,0,0,0.0,0.0,1
32.100,0,0,0.0,0.0,1
32.200,0,0,0.0,0.0,1
32.200,0,0,0.0,0.0,1
32.300,0,0,0.0,0.0,1
32.300,0,0,0.0,0.0,1
32.300,0,0,0.0,0.0,1
32.400,0,0,0.0,0.0,1
32.400,0,0,0.0,0.0,1
32.500,0,0,0.0,0.0,1
32.500,0,0,0.0,0.0,1
32.500,0,0,0.0,0.0,1
32.600,0,0,0.0,0.0,1
32.600,0,0,0.0,0.0,1
32.600,0,0,0.0,0.0,1
32.700,0,0,0.0,0.0,1
32.700,0,0,0.0,0.0,1
32.800,0,0,0.0,0.0,1
32.800,0,0,0.0,0.0,1
32.800,0,0,0.0,0.0,1
32.900,0,0,0.0,0.0,1
32.900,0,0,0.0,0.0,1
33.000,0,0,0.0,0.0,1
33.000,0,0,0.0,0.0,1
33.000,0,0,0.0,0.0,1
33.100,0,0,0.0,0.0,1
33.100,0,0,0.0,0.0,1
33.100,0,0,0.0,0.0,1
33.200,0,0,0.0,0.0,1
33.200,0,0,0.0,0.0,1
33.300,0,0,0.0,0.0,1
33.300,0,0,0.0,0.0,1
33.300,0,0,0.0,0.0,1
33.400,0,0,0.0,0.0,1
33.400,0,0,0.0,0.0,1
33.500,0,0,0.0,0.0,1
33.500,0,0,0.0,0.0,1
33.500,0,0,0.0,0.0,1
33.600,0,0,0.0,0.0,1
33.600,0,0,0.0,0.0,1
33.600,0,0,0.0,0.0,1
33.700,0,0,0.0,0.0,1
33.700,0,0,0.0,0.0,1
33.800,0,0,0.0,0.0,1
33.800,0,0,0.0,0.0,1
33.800,0,0,0.0,0.0,1
33.900,0,0,0.0,0.0,1
33.900,0,0,0.0,0.0,1
33.900,0,0,0.0,0.0,1
34.000,0,0,0.0,0.0,1
34.000,0,0,0.0,0.0,1
34.100,0,0,0.0,0.0,1
34.100,0,0,0.0,0.0,1
34.100,0,0,0.0,0.0,1
34.200,0,0,0.0,0.0,1
34.200,0,0,0.0,0.0,1
34.300,0,0,0.0,0.0,1
34.300,0,0,0.0,0.0,1
34.300,0,0,0.0,0.0,1
34.400,0,0,0.0,0.0,1
34.400,0,0,0.0,0.0,1
34.400,0,0,0.0,0.0,1
34.500,0,0,0.0,0.0,1
34.500,0,0,0.0,0.0,1
34.600,0,0,0.0,0.0,1
34.600,0,0,0.0,0.0,1
34.600,0,0,0.0,0.0,1
34.700,0,0,0.0,0.0,1
34.700,0,0,0.0,0.0,1
34.800,0,0,0.0,0.0,1
34.800,0,0,0.0,0.0,1
34.800,0,0,0.0,0.0,1
34.900,0,0,0.0,0.0,1
34.900,0,0,0.0,0.0,1
34.900,0,0,0.0,0.0,1
35.000,0,0,0.0,0.0,1
35.000,0,0,0.0,0.0,1
35.100,0,0,0.0,0.0,1
35.100,0,0,0.0,0.0,1
35.100,0,0,0.0,0.0,1
35.200,0,0,0.0,0.0,1
35.200,0,0,0.0,0.0,1
35.300,0,0,0.0,0.0,1
35.300,0,0,0.0,0.0,1
35.300,0,0,0.0,0.0,1
35.400,0,0,0.0,0.0,1
35.400,0,0,0.0,0.0,1
35.400,0,0,0.0,0.0,1
35.500,0,0,0.0,0.0,1
35.500,0,0,0.0,0.0,1
35.600,0,0,0.0,0.0,1
35.600,0,0,0.0,0.0,1
35.600,0,0,0.0,0.0,1
35.700,0,0,0.0,0.0,1
35.700,0,0,0.0,0.0,1
35.800,0,0,0.0,0.0,1
35.800,0,0,0.0,0.0,1
35.800,0,0,0.0,0.0,1
35.900,0,0,0.0,0.0,1
35.900,0,0,0.0,0.0,1
35.900,0,0,0.0,0.0,1
36.000,0,0,0.0,0.0,1
36.000,0,0,0.0,0.0,1
36.100,0,0,0.0,0.0,1
36.100,0,0,0.0,0.0,1
36.100,0,0,0.0,0.0,1
36.200,0,0,0.0,0.0,1
36.200,0,0,0.0,0.0,1
36.200,0,0,0.0,0.0,1
36.300,0,0,0.0,0.0,1
36.300,0,0,0.0,0.0,1
36.400,0,0,0.0,0.0,1
36.400,0,0,0.0,0.0,1
36.400,0,0,0.0,0.0,1
36.500,0,0,0.0,0.0,1
36.500,0,0,0.0,0.0,1
36.600,0,0,0.0,0.0,1
36.600,0,0,0.0,0.0,1
36.600,0,0,0.0,0.0,1
36.700,0,0,0.0,0.0,1
36.700,0,0,0.0,0.0,1
36.700,0,0,0.0,0.0,1
36.800,0,0,0.0,0.0,1
36.800,0,0,0.0,0.0,1
36.900,0,0,0.0,0.0,1
36.900,0,0,0.0,0.0,1
36.900,0,0,0.0,0.0,1
37.000,0,0,0.0,0.0,1
37.000,0,0,0.0,0.0,1
37.100,0,0,0.0,0.0,1
37.100,0,0,0.0,0.0,1
37.100,0,0,0.0,0.0,1
37.200,0,0,0.0,0.0,1
37.200,0,0,0.0,0.0,1
37.200,0,0,0.0,0.0,1
37.300,0,0,0.0,0.0,1
37.300,0,0,0.0,0.0,1
37.400,0,0,0.0,0.0,1
37.400,0,0,0.0,0.0,1
37.400,0,0,0.0,0.0,1
37.500,0,0,0.0,0.0,1
37.500,0,0,0.0,0.0,1
37.600,0,0,0.0,0.0,1
37.600,0,0,0.0,0.0,1
37.600,0,0,0.0,0.0,1
37.700,0,0,0.0,0.0,1
37.700,0,0,0.0,0.0,1
37.700,0,0,0.0,0.0,1
37.800,0,0,0.0,0.0,1
37.800,0,0,0.0,0.0,1
37.900,0,0,0.0,0.0,1
37.900,0,0,0.0,0.0,1
37.900,0,0,0.0,0.0,1
38.000,0,0,0.0,0.0,1
38.000,0,0,0.0,0.0,1
38.100,0,0,0.0,0.0,1
38.100,0,0,0.0,0.0,1
38.100,0,0,0.0,0.0,1
38.200,0,0,0.0,0.0,1
38.200,0,0,0.0,0.0,1
38.200,0,0,0.0,0.0,1
38.300,0,0,0.0,0.0,1
38.300,0,0,0.0,0.0,1
38.400,0,0,0.0,0.0,1
38.400,0,0,0.0,0.0,1
38.400,0,0,0.0,0.0,1
38.500,0,0,0.0,0.0,1
38.500,0,0,0.0,0.0,1
38.500,0,0,0.0,0.0,1
38.600,0,0,0.0,0.0,1
38.600,0,0,0.0,0.0,1
38.700,0,0,0.0,0.0,1
38.700,0,0,0.0,0.0,1
38.700,0,0,0.0,0.0,1
38.800,0,0,0.0,0.0,1
38.800,0,0,0.0,0.0,1
38.900,0,0,0.0,0.0,1
38.900,0,0,0.0,0.0,1
38.900,0,0,0.0,0.0,1
39.000,0,0,0.0,0.0,1
39.000,0,0,0.0,0.0,1
39.000,0,0,0.0,0.0,1
39.100,0,0,0.0,0.0,1
39.100,0,0,0.0,0.0,1
39.200,0,0,0.0,0.0,0
39.200,0,0,0.0,0.0,0
39.200,0,0,0.0,0.0,0
39.300,0,0,0.0,0.0,0
39.300,0,0,0.0,0.0,0
39.400,0,0,0.0,0.0,0
39.400,0,0,0.0,0.0,0
39.400,0,0,0.0,0.0,0
39.500,0,0,0.0,0.0,0
39.500,0,0,0.0,0.0,0
39.500,0,0,0.0,0.0,0
39.600,0,0,0.0,0.0,0
39.600,0,0,0.0,0.0,0
39.700,2,0,-25.8,0.0,0
39.700,2,0,-25.8,0.0,0
39.700,2,0,-25.8,0.0,0
39.800,2,0,-25.8,0.0,0
39.800,2,0,-25.8,0.0,0
39.900,2,0,-25.8,0.0,0
39.900,2,0,-25.8,0.0,0
39.900,2,0,-25.8,0.0,0
40.000,2,0,-25.8,0.0,0
40.000,2,0,-25.8,0.0,0
40.000,2,0,-25.8,0.0,0
40.100,2,0,-25.8,0.0,0
40.100,2,0,-25.8,0.0,0
40.200,2,0,-25.8,0.0,0
40.200,2,0,-25.8,0.0,0
40.200,2,0,-25.8,0.0,0
40.300,2,0,-25.8,0.0,0
40.300,2,0,-25.8,0.0,0
40.400,2,0,-25.8,0.0,0
40.400,2,0,-25.8,0.0,0
40.400,2,0,-25.8,0.0,0
40.500,2,0,-25.8,0.0,0
40.500,2,0,-25.8,0.0,0
40.500,2,0,-25.8,0.0,0
40.600,2,0,-25.8,0.0,0
40.600,2,0,-25.8,0.0,0
40.700,2,0,-25.8,0.0,0
40.700,2,0,-25.8,0.0,0
40.700,2,0,-25.8,0.0,0
40.800,2,0,-25.8,0.0,0
40.800,2,0,-25.8,0.0,0
40.800,2,0,-25.8,0.0,0
40.900,2,0,-25.8,0.0,0
40.900,2,0,-25.8,0.0,0
41.000,2,0,-25.8,0.0,0
41.000,2,0,-25.8,0.0,0
41.000,2,0,-25.8,0.0,0
41.100,2,0,-25.8,0.0,0
41.100,2,0,-25.8,0.0,0
41.200,2,0,-25.8,0.0,0
41.200,2,0,-25.8,0.0,0
41.200,2,0,-25.8,0.0,0
41.300,2,0,-25.8,0.0,0
41.300,2,0,-25.8,0.0,0
41.300,2,0,-25.8,0.0,0
41.400,2,0,-25.8,0.0,0
41.400,2,0,-25.8,0.0,0
41.500,2,0,-25.8,0.0,0
41.500,2,0,-25.8,0.0,0
41.500,2,0,-25.8,0.0,0
41.600,2,0,-25.8,0.0,0
41.600,2,0,-25.8,0.0,0
41.700,2,0,-25.8,0.0,0
41.700,2,0,-25.8,0.0,0
41.700,2,0,-25.8,0.0,0
41.800,2,0,-25.8,0.0,0
41.800,2,0,-25.8,0.0,0
41.800,2,0,-25.8,0.0,0
41.900,2,0,-25.8,0.0,0
41.900,2,0,-25.8,0.0,0
42.000,2,0,-25.8,0.0,0
42.000,2,0,-25.8,0.0,0
42.000,2,0,-25.8,0.0,0
42.100,2,0,-25.8,0.0,0
42.100,2,0,-25.8,0.0,0
42.200,2,0,-25.8,0.0,0
42.200,2,0,-25.8,0.0,0
42.200,2,0,-25.8,0.0,0
42.300,2,0,-25.8,0.0,0
42.300,2,0,-25.8,0.0,0
42.300,2,0,-25.8,0.0,0
42.400,2,0,-25.8,0.0,0
42.400,2,0,-25.8,0.0,0
42.500,2,0,-25.8,0.0,0
42.500,2,0,-25.8,0.0,0
42.500,2,0,-25.8,0.0,0
42.600,2,0,-25.8,0.0,0
42.600,2,0,-25.8,0.0,0
42.600,2,0,-25.8,0.0,0
42.700,2,0,-25.8,0.0,0
42.700,2,0,-25.8,0.0,0
42.800,2,0,-25.8,0.0,0
42.800,2,0,-25.8,0.0,0
42.800,2,0,-25.8,0.0,0
42.900,2,0,-25.8,0.0,0
42.900,2,0,-25.8,0.0,0
43.000,2,0,-25.8,0.0,0
43.000,2,0,-25.8,0.0,0
43.000,2,0,-25.8,0.0,0
43.100,2,0,-25.8,0.0,0
43.100,2,0,-25.8,0.0,0
43.100,2,0,-25.8,0.0,0
43.200,2,0,-25.8,0.0,0
43.200,2,0,-25.8,0.0,0
43.300,2,0,-25.8,0.0,0
43.300,2,0,-25.8,0.0,0
43.300,2,0,-25.8,0.0,0
43.400,2,0,-25.8,0.0,0
43.400,2,0,-25.8,0.0,0
43.500,2,0,-25.8,0.0,0
43.500,2,0,-25.8,0.0,0
43.500,2,0,-25.8,0.0,0
43.600,2,0,-25.8,0.0,0
43.600,2,0,-25.8,0.0,0
43.600,2,0,-25.8,0.0,0
43.700,2,0,-25.8,0.0,0
43.700,2,0,-25.8,0.0,0
43.800,2,0,-25.8,0.0,0
43.800,2,0,-25.8,0.0,0
43.800,2,0,-25.8,0.0,0
43.900,2,0,-25.8,0.0,0
43.900,2,0,-25.8,0.0,0
44.000,2,0,-25.8,0.0,0
44.000,2,0,-25.8,0.0,0
44.000,2,0,-25.8,0.0,0
44.100,2,0,-25.8,0.0,0
44.100,2,0,-25.8,0.0,0
44.100,2,0,-25.8,0.0,0
44.200,2,0,-25.8,0.0,0
44.200,2,0,-25.8,0.0,0
44.300,0,0,0.0,0.0,0
44.300,0,0,0.0,0.0,0
44.300,0,0,0.0,0.0,0
44.400,1,0,71.0,0.0,0
44.400,1,0,71.0,0.0,0
44.500,1,0,71.0,0.0,0
44.500,1,0,71.0,0.0,0
44.500,1,0,71.0,0.0,0
44.600,1,0,71.0,0.0,0
44.600,1,0,71.0,0.0,0
44.600,1,0,71.0,0.0,0
44.700,1,0,71.0,0.0,0
44.700,1,0,71.0,0.0,0
44.800,1,0,71.0,0.0,0
44.800,1,0,71.0,0.0,0
44.800,1,0,71.0,0.0,0
44.900,1,0,71.0,0.0,0
44.900,1,0,71.0,0.0,0
44.900,1,0,71.0,0.0,0
45.000,1,0,71.0,0.0,0
45.000,1,0,71.0,0.0,0
45.100,1,0,71.0,0.0,0
45.100,1,0,71.0,0.0,0
45.100,1,0,71.0,0.0,0
45.200,1,0,71.0,0.0,0
45.200,1,0,71.0,0.0,0
45.300,1,0,71.0,0.0,0
45.300,1,0,71.0,0.0,0
45.300,1,0,71.0,0.0,0
45.400,1,0,71.0,0.0,0
45.400,1,0,71.0,0.0,0
45.400,1,0,71.0,0.0,0
45.500,1,0,71.0,0.0,0
45.500,1,0,71.0,0.0,0
45.600,1,0,71.0,0.0,0
45.600,1,0,71.0,0.0,0
45.600,1,0,71.0,0.0,0
45.700,1,0,71.0,0.0,0
45.700,1,0,71.0,0.0,0
45.800,1,0,71.0,0.0,0
45.800,1,0,71.0,0.0,0
45.800,1,0,71.0,0.0,0
45.900,1,0,71.0,0.0,0
45.900,1,0,71.0,0.0,0
45.900,1,0,71.0,0.0,0
46.000,1,0,71.0,0.0,0
46.000,1,0,71.0,0.0,0
46.100,1,0,71.0,0.0,0
46.100,1,0,71.0,0.0,0
46.100,1,0,71.0,0.0,0
46.200,1,0,71.0,0.0,0
46.200,1,0,71.0,0.0,0
46.300,1,0,71.0,0.0,0
46.300,1,0,71.0,0.0,0
46.300,1,0,71.0,0.0,0
46.400,1,0,71.0,0.0,0
46.400,1,0,71.0,0.0,0
46.400,1,0,71.0,0.0,0
46.500,1,0,71.0,0.0,0
46.500,1,0,71.0,0.0,0
46.600,1,0,71.0,0.0,0
46.600,1,0,71.0,0.0,0
46.600,1,0,71.0,0.0,0
46.700,1,0,71.0,0.0,0
46.700,1,0,71.0,0.0,0
46.800,1,0,71.0,0.0,0
46.800,1,0,71.0,0.0,0
46.800,1,0,71.0,0.0,0
46.900,1,0,71.0,0.0,0
46.900,1,0,71.0,0.0,0
46.900,1,0,71.0,0.0,0
47.000,1,0,71.0,0.0,0
47.000,1,0,71.0,0.0,0
47.100,1,0,71.0,0.0,0
47.100,1,0,71.0,0.0,0
47.100,1,0,71.0,0.0,0
47.200,1,0,71.0,0.0,0
47.200,1,0,71.0,0.0,0
47.200,1,0,71.0,0.0,0
47.300,1,0,71.0,0.0,0
47.300,1,0,71.0,0.0,0
47.400,1,0,71.0,0.0,0
47.400,1,0,71.0,0.0,0
47.400,1,0,71.0,0.0,0
47.500,2,0,-30.0,0.0,0
47.500,2,0,-30.0,0.0,0
47.600,2,0,-30.0,0.0,0
47.600,2,0,-30.0,0.0,0
47.600,2,0,-30.0,0.0,0
47.700,2,0,-30.0,0.0,0
47.700,2,0,-30.0,0.0,0
47.700,2,0,-30.0,0.0,0
47.800,2,0,-30.0,0.0,0
47.800,2,0,-30.0,0.0,0
47.900,2,0,-30.0,0.0,0
47.900,2,0,-30.0,0.0,0
47.900,2,0,-30.0,0.0,0
48.000,2,0,-30.0,0.0,0
48.000,2,0,-30.0,0.0,0
48.100,2,0,-30.0,0.0,0
48.100,2,0,-30.0,0.0,0
48.100,2,0,-30.0,0.0,0
48.200,2,0,-30.0,0.0,0
48.200,2,0,-30.0,0.0,0
48.200,2,0,-30.0,0.0,0
48.300,2,0,-30.0,0.0,0
48.300,2,0,-30.0,0.0,0
48.400,2,0,-30.0,0.0,0
48.400,2,0,-30.0,0.0,0
48.400,2,0,-30.0,0.0,0
48.500,2,0,-30.0,0.0,0
48.500,2,0,-30.0,0.0,0
48.600,2,0,-30.0,0.0,0
48.600,2,0,-30.0,0.0,0
48.600,2,0,-30.0,0.0,0
48.700,2,0,-30.0,0.0,0
48.700,2,0,-30.0,0.0,0
48.700,2,0,-30.0,0.0,0
48.800,2,0,-30.0,0.0,0
48.800,2,0,-30.0,0.0,0
48.900,2,0,-30.0,0.0,0
48.900,2,0,-30.0,0.0,0
48.900,2,0,-30.0,0.0,0
49.000,2,0,-30.0,0.0,0
49.000,2,0,-30.0,0.0,0
49.100,2,0,-30.0,0.0,0
49.100,2,0,-30.0,0.0,0
49.100,2,0,-30.0,0.0,0
49.200,2,0,-30.0,0.0,0
49.200,2,0,-30.0,0.0,0
49.200,2,0,-30.0,0.0,0
49.300,2,0,-30.0,0.0,0
49.300,2,0,-30.0,0.0,0
49.400,2,0,-30.0,0.0,0
49.400,2,0,-30.0,0.0,0
49.400,2,0,-30.0,0.0,0
49.500,2,0,-30.0,0.0,0
49.500,2,0,-30.0,0.0,0
49.500,2,0,-30.0,0.0,0
49.600,2,0,-30.0,0.0,0
49.600,2,0,-30.0,0.0,0
49.700,2,0,-30.0,0.0,0
49.700,2,0,-30.0,0.0,0
49.700,2,0,-30.0,0.0,0
49.800,2,0,-30.0,0.0,1
49.800,2,0,-30.0,0.0,1
49.900,0,0,0.0,0.0,1
49.900,0,0,0.0,0.0,1
49.900,0,0,0.0,0.0,1
50.000,0,0,0.0,0.0,1
50.000,0,0,0.0,0.0,1
50.000,0,0,0.0,0.0,1
50.100,0,0,0.0,0.0,1
50.100,0,0,0.0,0.0,1
50.200,0,0,0.0,0.0,1
50.200,0,0,0.0,0.0,1
50.200,0,0,0.0,0.0,1
50.300,0,0,0.0,0.0,1
50.300,0,0,0.0,0.0,1
50.400,0,0,0.0,0.0,1
50.400,0,0,0.0,0.0,1
50.400,0,0,0.0,0.0,1
50.500,0,0,0.0,0.0,1
50.500,0,0,0.0,0.0,1
50.500,0,0,0.0,0.0,1
50.600,0,0,0.0,0.0,1
50.600,0,0,0.0,0.0,1
50.700,0,0,0.0,0.0,1
50.700,0,0,0.0,0.0,1
50.700,0,0,0.0,0.0,1
50.800,0,0,0.0,0.0,1
50.800,0,0,0.0,0.0,1
50.900,0,0,0.0,0.0,1
50.900,0,0,0.0,0.0,1
50.900,0,0,0.0,0.0,1
51.000,0,0,0.0,0.0,1
51.000,0,0,0.0,0.0,1
51.000,0,0,0.0,0.0,1
51.100,0,0,0.0,0.0,1
51.100,0,0,0.0,0.0,1
51.200,0,0,0.0,0.0,1
51.200,0,0,0.0,0.0,1
51.200,0,0,0.0,0.0,1
51.300,0,0,0.0,0.0,1
51.300,0,0,0.0,0.0,1
51.400,0,0,0.0,0.0,1
51.400,0,0,0.0,0.0,1
51.400,0,0,0.0,0.0,1
51.500,0,0,0.0,0.0,1
51.500,0,0,0.0,0.0,1
51.500,0,0,0.0,0.0,1
51.600,0,0,0.0,0.0,1
51.600,0,0,0.0,0.0,1
51.700,0,0,0.0,0.0,1
51.700,0,0,0.0,0.0,1
51.700,0,0,0.0,0.0,1
51.800,0,0,0.0,0.0,1
51.800,0,0,0.0,0.0,1
51.800,0,0,0.0,0.0,1
51.900,0,0,0.0,0.0,1
51.900,0,0,0.0,0.0,1
52.000,0,0,0.0,0.0,1
52.000,0,0,0.0,0.0,1
52.000,0,0,0.0,0.0,1
52.100,0,0,0.0,0.0,1
52.100,0,0,0.0,0.0,1
52.200,0,0,0.0,0.0,1
52.200,0,0,0.0,0.0,1
52.200,0,0,0.0,0.0,1
52.300,0,0,0.0,0.0,1
52.300,0,0,0.0,0.0,1
52.300,0,0,0.0,0.0,1
52.400,0,0,0.0,0.0,1
52.400,0,0,0.0,0.0,1
52.500,0,0,0.0,0.0,1
52.500,0,0,0.0,0.0,1
52.500,0,0,0.0,0.0,1
52.600,0,0,0.0,0.0,1
52.600,0,0,0.0,0.0,1
52.700,0,0,0.0,0.0,1
52.700,0,0,0.0,0.0,1
52.700,0,0,0.0,0.0,1
52.800,0,0,0.0,0.0,1
52.800,0,0,0.0,0.0,1
52.800,0,0,0.0,0.0,1
52.900,0,0,0.0,0.0,1
52.900,0,0,0.0,0.0,1
53.000,0,0,0.0,0.0,1
53.000,0,0,0.0,0.0,1
53.000,0,0,0.0,0.0,1
53.100,0,0,0.0,0.0,1
53.100,0,0,0.0,0.0,1
53.200,0,0,0.0,0.0,1
53.200,0,0,0.0,0.0,1
53.200,0,0,0.0,0.0,1
53.300,0,0,0.0,0.0,1
53.300,0,0,0.0,0.0,1
53.300,0,0,0.0,0.0,1
53.400,0,0,0.0,0.0,1
53.400,0,0,0.0,0.0,1
53.500,0,0,0.0,0.0,1
53.500,0,0,0.0,0.0,1
53.500,0,0,0.0,0.0,1
53.600,0,0,0.0,0.0,1
53.600,0,0,0.0,0.0,1
53.700,0,0,0.0,0.0,1
53.700,0,0,0.0,0.0,1
53.700,0,0,0.0,0.0,1
53.800,0,0,0.0,0.0,1
53.800,0,0,0.0,0.0,1
53.800,0,0,0.0,0.0,1
53.900,0,0,0.0,0.0,1
53.900,0,0,0.0,0.0,1
54.000,0,0,0.0,0.0,1
54.000,0,0,0.0,0.0,1
54.000,0,0,0.0,0.0,1
54.100,0,0,0.0,0.0,1
54.100,0,0,0.0,0.0,1
54.100,0,0,0.0,0.0,1
54.200,0,0,0.0,0.0,1
54.200,0,0,0.0,0.0,1
54.300,0,0,0.0,0.0,1
54.300,0,0,0.0,0.0,1
54.300,0,0,0.0,0.0,1
54.400,0,0,0.0,0.0,1
54.400,0,0,0.0,0.0,1
54.500,0,0,0.0,0.0,1
54.500,0,0,0.0,0.0,1
54.500,0,0,0.0,0.0,1
54.600,0,0,0.0,0.0,1
54.600,0,0,0.0,0.0,1
54.600,0,0,0.0,0.0,1
54.700,0,0,0.0,0.0,1
54.700,0,0,0.0,0.0,1
54.800,0,0,0.0,0.0,1
54.800,0,0,0.0,0.0,1
54.800,0,0,0.0,0.0,1
54.900,0,0,0.0,0.0,1
54.900,0,0,0.0,0.0,1
55.000,0,0,0.0,0.0,1
55.000,0,0,0.0,0.0,1
55.000,0,0,0.0,0.0,1
55.100,0,0,0.0,0.0,1
55.100,0,0,0.0,0.0,1
55.100,0,0,0.0,0.0,1
55.200,0,0,0.0,0.0,1
55.200,0,0,0.0,0.0,1
55.300,0,0,0.0,0.0,1
55.300,0,0,0.0,0.0,1
55.300,0,0,0.0,0.0,1
55.400,0,0,0.0,0.0,1
55.400,0,0,0.0,0.0,1
55.500,0,0,0.0,0.0,1
55.500,0,0,0.0,0.0,1
55.500,0,0,0.0,0.0,1
55.600,0,0,0.0,0.0,1
55.600,0,0,0.0,0.0,1
55.600,0,0,0.0,0.0,1
55.700,0,0,0.0,0.0,1
55.700,0,0,0.0,0.0,1
55.800,0,0,0.0,0.0,1
55.800,0,0,0.0,0.0,1
55.800,0,0,0.0,0.0,1
55.900,0,0,0.0,0.0,1
55.900,0,0,0.0,0.0,1
56.000,0,0,0.0,0.0,1
56.000,0,0,0.0,0.0,1
56.000,0,0,0.0,0.0,1
56.100,0,0,0.0,0.0,1
56.100,0,0,0.0,0.0,1
56.100,0,0,0.0,0.0,1
56.200,0,0,0.0,0.0,1
56.200,0,0,0.0,0.0,1
56.300,0,0,0.0,0.0,1
56.300,0,0,0.0,0.0,1
56.300,0,0,0.0,0.0,1
56.400,0,0,0.0,0.0,1
56.400,0,0,0.0,0.0,1
56.400,0,0,0.0,0.0,1
56.500,0,0,0.0,0.0,1
56.500,0,0,0.0,0.0,1
56.600,0,0,0.0,0.0,1
56.600,0,0,0.0,0.0,1
56.600,0,0,0.0,0.0,1
56.700,0,0,0.0,0.0,1
56.700,0,0,0.0,0.0,1
56.800,0,0,0.0,0.0,1
56.800,0,0,0.0,0.0,1
56.800,0,0,0.0,0.0,1
56.900,0,0,0.0,0.0,1
56.900,0,0,0.0,0.0,1
56.900,0,0,0.0,0.0,1
57.000,0,0,0.0,0.0,1
57.000,0,0,0.0,0.0,1
57.100,0,0,0.0,0.0,1
57.100,0,0,0.0,0.0,1
57.100,0,0,0.0,0.0,1
57.200,0,0,0.0,0.0,1
57.200,0,0,0.0,0.0,1
57.300,0,0,0.0,0.0,1
57.300,0,0,0.0,0.0,1
57.300,0,0,0.0,0.0,1
57.400,0,0,0.0,0.0,1
57.400,0,0,0.0,0.0,1
57.400,0,0,0.0,0.0,1
57.500,0,0,0.0,0.0,1
57.500,0,0,0.0,0.0,1
57.600,0,0,0.0,0.0,1
57.600,0,0,0.0,0.0,1
57.600,0,0,0.0,0.0,1
57.700,0,0,0.0,0.0,1
57.700,0,0,0.0,0.0,1
57.800,0,0,0.0,0.0,1
57.800,0,0,0.0,0.0,1
57.800,0,0,0.0,0.0,1
57.900,0,0,0.0,0.0,1
57.900,0,0,0.0,0.0,1
57.900,0,0,0.0,0.0,1
58.000,0,0,0.0,0.0,1
58.000,0,0,0.0,0.0,1
58.100,0,0,0.0,0.0,1
58.100,0,0,0.0,0.0,1
58.100,0,0,0.0,0.0,1
58.200,0,0,0.0,0.0,1
58.200,0,0,0.0,0.0,1
58.300,0,0,0.0,0.0,1
58.300,0,0,0.0,0.0,1
58.300,0,0,0.0,0.0,1
58.400,0,0,0.0,0.0,1
58.400,0,0,0.0,0.0,1
58.400,0,0,0.0,0.0,1
58.500,0,0,0.0,0.0,1
58.500,0,0,0.0,0.0,1
58.600,0,0,0.0,0.0,1
58.600,0,0,0.0,0.0,1
58.600,0,0,0.0,0.0,1
58.700,0,0,0.0,0.0,1
58.700,0,0,0.0,0.0,1
58.700,0,0,0.0,0.0,1
58.800,0,0,0.0,0.0,1
58.800,0,0,0.0,0.0,1
58.900,0,0,0.0,0.0,1
58.900,0,0,0.0,0.0,1
58.900,0,0,0.0,0.0,1
59.000,0,0,0.0,0.0,1
59.000,0,0,0.0,0.0,1
59.100,0,0,0.0,0.0,1
59.100,0,0,0.0,0.0,1
59.100,0,0,0.0,0.0,1
59.200,0,0,0.0,0.0,1
59.200,0,0,0.0,0.0,1
59.200,0,0,0.0,0.0,1
59.300,0,0,0.0,0.0,1
59.300,0,0,0.0,0.0,1
59.400,0,0,0.0,0.0,1
59.400,0,0,0.0,0.0,1
59.400,0,0,0.0,0.0,1
59.500,0,0,0.0,0.0,1
59.500,0,0,0.0,0.0,1
59.600,0,0,0.0,0.0,1
59.600,0,0,0.0,0.0,1
59.600,0,0,0.0,0.0,1
59.700,0,0,0.0,0.0,1
59.700,0,0,0.0,0.0,1
59.700,0,0,0.0,0.0,1
59.800,0,0,0.0,0.0,1
59.800,0,0,0.0,0.0,1
59.900,0,0,0.0,0.0,1
59.900,0,0,0.0,0.0,1
59.900,0,0,0.0,0.0,1
60.000,0,0,0.0,0.0,1
60.000,0,0,0.0,0.0,1
60.100,0,0,0.0,0.0,1
60.100,0,0,0.0,0.0,1
60.100,0,0,0.0,0.0,1
60.200,0,0,0.0,0.0,1
60.200,0,0,0.0,0.0,1
60.200,0,0,0.0,0.0,1
60.300,0,0,0.0,0.0,1
60.300,0,0,0.0,0.0,1
60.400,0,0,0.0,0.0,1
60.400,0,0,0.0,0.0,1
60.400,0,0,0.0,0.0,1
60.500,0,0,0.0,0.0,1
60.500,0,0,0.0,0.0,1
60.600,0,0,0.0,0.0,1
60.600,0,0,0.0,0.0,1
60.600,0,0,0.0,0.0,1
60.700,0,0,0.0,0.0,1
60.700,0,0,0.0,0.0,1
60.700,0,0,0.0,0.0,1
60.800,0,0,0.0,0.0,1
60.800,0,0,0.0,0.0,1
60.900,0,0,0.0,0.0,1
60.900,0,0,0.0,0.0,1
60.900,0,0,0.0,0.0,1
61.000,0,0,0.0,0.0,1
61.000,0,0,0.0,0.0,1
61.000,0,0,0.0,0.0,1
61.100,0,0,0.0,0.0,1
61.100,0,0,0.0,0.0,1
61.200,0,0,0.0,0.0,1
61.200,0,0,0.0,0.0,1
61.200,0,0,0.0,0.0,1
61.300,0,0,0.0,0.0,1
61.300,0,0,0.0,0.0,1
61.400,0,0,0.0,0.0,1
61.400,0,0,0.0,0.0,1
61.400,0,0,0.0,0.0,1
61.500,0,0,0.0,0.0,1
61.500,0,0,0.0,0.0,1
61.500,0,0,0.0,0.0,1
61.600,0,0,0.0,0.0,1
61.600,0,0,0.0,0.0,1
61.700,0,0,0.0,0.0,1
61.700,0,0,0.0,0.0,1
61.700,0,0,0.0,0.0,1
61.800,0,0,0.0,0.0,1
61.800,0,0,0.0,0.0,1
61.900,0,0,0.0,0.0,1
61.900,0,0,0.0,0.0,1
61.900,0,0,0.0,0.0,1
62.000,0,0,0.0,0.0,1
62.000,0,0,0.0,0.0,1
62.000,0,0,0.0,0.0,1
62.100,0,0,0.0,0.0,1
62.100,0,0,0.0,0.0,1
62.200,0,0,0.0,0.0,1
62.200,0,0,0.0,0.0,1
62.200,0,0,0.0,0.0,1
62.300,0,0,0.0,0.0,1
62.300,0,0,0.0,0.0,1
62.400,0,0,0.0,0.0,1
62.400,0,0,0.0,0.0,1
62.400,0,0,0.0,0.0,1
62.500,0,0,0.0,0.0,1
62.500,0,0,0.0,0.0,1
62.500,0,0,0.0,0.0,1
62.600,0,0,0.0,0.0,1
62.600,0,0,0.0,0.0,1
62.700,0,0,0.0,0.0,1
62.700,0,0,0.0,0.0,1
62.700,0,0,0.0,0.0,1
62.800,0,0,0.0,0.0,1
62.800,0,0,0.0,0.0,1
62.900,0,0,0.0,0.0,1
62.900,0,0,0.0,0.0,1
62.900,0,0,0.0,0.0,1
63.000,0,0,0.0,0.0,1
63.000,0,0,0.0,0.0,1
63.000,0,0,0.0,0.0,1
63.100,0,0,0.0,0.0,1
63.100,0,0,0.0,0.0,1
63.200,0,0,0.0,0.0,1
63.200,0,0,0.0,0.0,1
63.200,0,0,0.0,0.0,1
63.300,0,0,0.0,0.0,1
63.300,0,0,0.0,0.0,1
63.300,0,0,0.0,0.0,1
63.400,0,0,0.0,0.0,1
63.400,0,0,0.0,0.0,1
63.500,0,0,0.0,0.0,1
63.500,0,0,0.0,0.0,1
63.500,0,0,0.0,0.0,1
63.600,0,0,0.0,0.0,1
63.600,0,0,0.0,0.0,1
63.700,0,0,0.0,0.0,1
63.700,0,0,0.0,0.0,1
63.700,0,0,0.0,0.0,1
63.800,0,0,0.0,0.0,1
63.800,0,0,0.0,0.0,1
63.800,0,0,0.0,0.0,1
63.900,0,0,0.0,0.0,1
63.900,0,0,0.0,0.0,1
64.000,0,0,0.0,0.0,1
64.000,0,0,0.0,0.0,1
64.000,0,0,0.0,0.0,1
64.100,0,0,0.0,0.0,1
64.100,0,0,0.0,0.0,1
64.200,0,0,0.0,0.0,1
64.200,0,0,0.0,0.0,1
64.200,0,0,0.0,0.0,1
64.300,0,0,0.0,0.0,1
64.300,0,0,0.0,0.0,1
64.300,0,0,0.0,0.0,1
64.400,0,0,0.0,0.0,1
64.400,0,0,0.0,0.0,1
64.500,0,0,0.0,0.0,1
64.500,0,0,0.0,0.0,1
64.500,0,0,0.0,0.0,1
64.600,0,0,0.0,0.0,1
64.600,0,0,0.0,0.0,1
64.700,0,0,0.0,0.0,1
64.700,0,0,0.0,0.0,1
64.700,0,0,0.0,0.0,1
64.800,0,0,0.0,0.0,1
64.800,0,0,0.0,0.0,1
64.800,0,0,0.0,0.0,1
64.900,0,0,0.0,0.0,1
64.900,0,0,0.0,0.0,1
65.000,0,0,0.0,0.0,1
65.000,0,0,0.0,0.0,1
65.000,0,0,0.0,0.0,1
65.100,0,0,0.0,0.0,1
65.100,0,0,0.0,0.0,1
65.200,0,0,0.0,0.0,1
65.200,0,0,0.0,0.0,1
65.200,0,0,0.0,0.0,1
65.300,0,0,0.0,0.0,1
65.300,0,0,0.0,0.0,1
65.300,0,0,0.0,0.0,1
65.400,0,0,0.0,0.0,1
65.400,0,0,0.0,0.0,1
65.500,0,0,0.0,0.0,1
65.500,0,0,0.0,0.0,1
65.500,0,0,0.0,0.0,1
65.600,0,0,0.0,0.0,1
65.600,0,0,0.0,0.0,1
65.600,0,0,0.0,0.0,1
65.700,0,0,0.0,0.0,1
65.700,0,0,0.0,0.0,1
65.800,0,0,0.0,0.0,1
65.800,0,0,0.0,0.0,1
65.800,0,0,0.0,0.0,1
65.900,0,0,0.0,0.0,1
65.900,0,0,0.0,0.0,1
66.000,0,0,0.0,0.0,1
66.000,0,0,0.0,0.0,1
66.000,0,0,0.0,0.0,1
66.100,0,0,0.0,0.0,1
66.100,0,0,0.0,0.0,1
66.100,0,0,0.0,0.0,1
66.200,0,0,0.0,0.0,1
66.200,0,0,0.0,0.0,1
66.300,0,0,0.0,0.0,1
66.300,0,0,0.0,0.0,1
66.300,0,0,0.0,0.0,1
66.400,0,0,0.0,0.0,1
66.400,0,0,0.0,0.0,1
66.500,0,0,0.0,0.0,1
66.500,0,0,0.0,0.0,1
66.500,0,0,0.0,0.0,1
66.600,0,0,0.0,0.0,1
66.600,0,0,0.0,0.0,1
66.600,0,0,0.0,0.0,1
66.700,0,0,0.0,0.0,1
66.700,0,0,0.0,0.0,1
66.800,0,0,0.0,0.0,1
66.800,0,0,0.0,0.0,1
66.800,0,0,0.0,0.0,1
66.900,0,0,0.0,0.0,1
66.900,0,0,0.0,0.0,1
67.000,0,0,0.0,0.0,1
67.000,0,0,0.0,0.0,1
67.000,0,0,0.0,0.0,1
67.100,0,0,0.0,0.0,1
67.100,0,0,0.0,0.0,1
67.100,0,0,0.0,0.0,1
67.200,0,0,0.0,0.0,1
67.200,0,0,0.0,0.0,1
67.300,0,0,0.0,0.0,1
67.300,0,0,0.0,0.0,1
67.300,0,0,0.0,0.0,1
67.400,0,0,0.0,0.0,1
67.400,0,0,0.0,0.0,1
67.500,0,0,0.0,0.0,1
67.500,0,0,0.0,0.0,1
67.500,0,0,0.0,0.0,1
67.600,0,0,0.0,0.0,1
67.600,0,0,0.0,0.0,1
67.600,0,0,0.0,0.0,1
67.700,0,0,0.0,0.0,1
67.700,0,0,0.0,0.0,1
67.800,0,0,0.0,0.0,1
67.800,0,0,0.0,0.0,1
67.800,0,0,0.0,0.0,1
67.900,0,0,0.0,0.0,1
67.900,0,0,0.0,0.0,1
67.900,0,0,0.0,0.0,1
68.000,0,0,0.0,0.0,1
68.000,0,0,0.0,0.0,1
68.100,0,0,0.0,0.0,1
68.100,0,0,0.0,0.0,1
68.100,0,0,0.0,0.0,1
68.200,0,0,0.0,0.0,1
68.200,0,0,0.0,0.0,1
68.300,0,0,0.0,0.0,1
68.300,0,0,0.0,0.0,1
68.300,0,0,0.0,0.0,1
68.400,0,0,0.0,0.0,1
68.400,0,0,0.0,0.0,1
68.400,0,0,0.0,0.0,1
68.500,0,0,0.0,0.0,1
68.500,0,0,0.0,0.0,1
68.600,0,0,0.0,0.0,1
68.600,0,0,0.0,0.0,1
68.600,0,0,0.0,0.0,1
68.700,0,0,0.0,0.0,1
68.700,0,0,0.0,0.0,1
68.800,0,0,0.0,0.0,1
68.800,0,0,0.0,0.0,1
68.800,0,0,0.0,0.0,1
68.900,0,0,0.0,0.0,1
68.900,0,0,0.0,0.0,1
68.900,0,0,0.0,0.0,1
69.000,0,0,0.0,0.0,1
69.000,0,0,0.0,0.0,1
69.100,0,0,0.0,0.0,1
69.100,0,0,0.0,0.0,1
69.100,0,0,0.0,0.0,1
69.200,0,0,0.0,0.0,1
69.200,0,0,0.0,0.0,1
69.300,0,0,0.0,0.0,1
69.300,0,0,0.0,0.0,1
69.300,0,0,0.0,0.0,1
69.400,0,0,0.0,0.0,1
69.400,0,0,0.0,0.0,1
69.400,0,0,0.0,0.0,1
69.500,0,0,0.0,0.0,1
69.500,0,0,0.0,0.0,1
69.600,0,0,0.0,0.0,1
69.600,0,0,0.0,0.0,1
69.600,0,0,0.0,0.0,1
69.700,0,0,0.0,0.0,1
69.700,0,0,0.0,0.0,1
69.800,0,0,0.0,0.0,1
69.800,0,0,0.0,0.0,1
69.800,0,0,0.0,0.0,1
69.900,0,0,0.0,0.0,1
69.900,0,0,0.0,0.0,1
69.900,0,0,0.0,0.0,1
70.000,0,0,0.0,0.0,1
70.000,0,0,0.0,0.0,1
70.100,0,0,0.0,0.0,1
70.100,0,0,0.0,0.0,1
70.100,0,0,0.0,0.0,1
70.200,0,0,0.0,0.0,1
70.200,0,0,0.0,0.0,1
70.200,0,0,0.0,0.0,1
70.300,0,0,0.0,0.0,1
70.300,0,0,0.0,0.0,1
70.400,0,0,0.0,0.0,1
70.400,0,0,0.0,0.0,1
70.400,0,0,0.0,0.0,1
70.500,0,0,0.0,0.0,1
70.500,0,0,0.0,0.0,1
70.600,0,0,0.0,0.0,1
70.600,0,0,0.0,0.0,1
70.600,0,0,0.0,0.0,1
70.700,0,0,0.0,0.0,1
70.700,0,0,0.0,0.0,1
70.700,0,0,0.0,0.0,1
70.800,0,0,0.0,0.0,1
70.800,0,0,0.0,0.0,1
70.900,0,0,0.0,0.0,1
70.900,0,0,0.0,0.0,1
70.900,0,0,0.0,0.0,1
71.000,0,0,0.0,0.0,1
71.000,0,0,0.0,0.0,1
71.100,0,0,0.0,0.0,1
71.100,0,0,0.0,0.0,1
71.100,0,0,0.0,0.0,1
71.200,0,0,0.0,0.0,1
71.200,0,0,0.0,0.0,1
71.200,0,0,0.0,0.0,1
71.300,0,0,0.0,0.0,1
71.300,0,0,0.0,0.0,1
71.400,0,0,0.0,0.0,1
71.400,0,0,0.0,0.0,1
71.400,0,0,0.0,0.0,1
71.500,0,0,0.0,0.0,1
71.500,0,0,0.0,0.0,1
71.600,0,0,0.0,0.0,1
71.600,0,0,0.0,0.0,1
71.600,0,0,0.0,0.0,1
71.700,0,0,0.0,0.0,1
71.700,0,0,0.0,0.0,1
71.700,0,0,0.0,0.0,1
71.800,0,0,0.0,0.0,1
71.800,0,0,0.0,0.0,1
71.900,0,0,0.0,0.0,1
71.900,0,0,0.0,0.0,1
71.900,0,0,0.0,0.0,1
72.000,0,0,0.0,0.0,1
72.000,0,0,0.0,0.0,1
72.100,0,0,0.0,0.0,1
72.100,0,0,0.0,0.0,1
72.100,0,0,0.0,0.0,1
72.200,0,0,0.0,0.0,1
72.200,0,0,0.0,0.0,1
72.200,0,0,0.0,0.0,1
72.300,0,0,0.0,0.0,1
72.300,0,0,0.0,0.0,1
72.400,0,0,0.0,0.0,1
72.400,0,0,0.0,0.0,1
72.400,0,0,0.0,0.0,1
72.500,0,0,0.0,0.0,1
72.500,0,0,0.0,0.0,1
72.500,0,0,0.0,0.0,1
72.600,0,0,0.0,0.0,1
72.600,0,0,0.0,0.0,1
72.700,0,0,0.0,0.0,1
72.700,0,0,0.0,0.0,1
72.700,0,0,0.0,0.0,1
72.800,0,0,0.0,0.0,1
72.800,0,0,0.0,0.0,1
72.900,0,0,0.0,0.0,1
72.900,0,0,0.0,0.0,1
72.900,0,0,0.0,0.0,1
73.000,0,0,0.0,0.0,1
73.000,0,0,0.0,0.0,1
73.000,0,0,0.0,0.0,1
73.100,0,0,0.0,0.0,1
73.100,0,0,0.0,0.0,1
73.200,0,0,0.0,0.0,1
73.200,0,0,0.0,0.0,1
73.200,0,0,0.0,0.0,1
73.300,0,0,0.0,0.0,1
73.300,0,0,0.0,0.0,1
73.400,0,0,0.0,0.0,1
73.400,0,0,0.0,0.0,1
73.400,0,0,0.0,0.0,1
73.500,0,0,0.0,0.0,1
73.500,0,0,0.0,0.0,1
73.500,0,0,0.0,0.0,1
73.600,0,0,0.0,0.0,1
73.600,0,0,0.0,0.0,1
73.700,0,0,0.0,0.0,1
73.700,0,0,0.0,0.0,1
73.700,0,0,0.0,0.0,1
73.800,0,0,0.0,0.0,1
73.800,0,0,0.0,0.0,1
73.900,0,0,0.0,0.0,1
73.900,0,0,0.0,0.0,1
73.900,0,0,0.0,0.0,1
74.000,0,0,0.0,0.0,1
74.000,0,0,0.0,0.0,1
74.000,0,0,0.0,0.0,1
74.100,0,0,0.0,0.0,1
74.100,0,0,0.0,0.0,1
74.200,0,0,0.0,0.0,1
74.200,0,0,0.0,0.0,1
74.200,0,0,0.0,0.0,1
74.300,0,0,0.0,0.0,1
74.300,0,0,0.0,0.0,1
74.400,0,0,0.0,0.0,1
74.400,0,0,0.0,0.0,1
74.400,0,0,0.0,0.0,1
74.500,0,0,0.0,0.0,1
74.500,0,0,0.0,0.0,1
74.500,0,0,0.0,0.0,1
74.600,0,0,0.0,0.0,1
74.600,0,0,0.0,0.0,1
74.700,0,0,0.0,0.0,1
74.700,0,0,0.0,0.0,1
74.700,0,0,0.0,0.0,1
74.800,0,0,0.0,0.0,1
74.800,0,0,0.0,0.0,1
74.800,0,0,0.0,0.0,1
74.900,0,0,0.0,0.0,1
74.900,0,0,0.0,0.0,1
75.000,0,0,0.0,0.0,1
75.000,0,0,0.0,0.0,1
75.000,0,0,0.0,0.0,1
75.100,0,0,0.0,0.0,1
75.100,0,0,0.0,0.0,1
75.200,0,0,0.0,0.0,1
75.200,0,0,0.0,0.0,1
75.200,0,0,0.0,0.0,1
75.300,0,0,0.0,0.0,1
75.300,0,0,0.0,0.0,1
75.300,0,0,0.0,0.0,1
75.400,0,0,0.0,0.0,1
75.400,0,0,0.0,0.0,1
75.500,0,0,0.0,0.0,1
75.500,0,0,0.0,0.0,1
75.500,0,0,0.0,0.0,1
75.600,0,0,0.0,0.0,1
75.600,0,0,0.0,0.0,1
75.700,0,0,0.0,0.0,1
75.700,0,0,0.0,0.0,1
75.700,0,0,0.0,0.0,1
75.800,0,0,0.0,0.0,1
75.800,0,0,0.0,0.0,1
75.800,0,0,0.0,0.0,1
75.900,0,0,0.0,0.0,1
75.900,0,0,0.0,0.0,1
76.000,0,0,0.0,0.0,1
76.000,0,0,0.0,0.0,1
76.000,0,0,0.0,0.0,1
76.100,0,0,0.0,0.0,1
76.100,0,0,0.0,0.0,1
76.200,0,0,0.0,0.0,1
76.200,0,0,0.0,0.0,1
76.200,0,0,0.0,0.0,1
76.300,0,0,0.0,0.0,1
76.300,0,0,0.0,0.0,1
76.300,0,0,0.0,0.0,1
76.400,0,0,0.0,0.0,1
76.400,0,0,0.0,0.0,1
76.500,0,0,0.0,0.0,1
76.500,0,0,0.0,0.0,1
76.500,0,0,0.0,0.0,1
76.600,0,0,0.0,0.0,1
76.600,0,0,0.0,0.0,1
76.700,0,0,0.0,0.0,1
76.700,0,0,0.0,0.0,1
76.700,0,0,0.0,0.0,1
76.800,0,0,0.0,0.0,1
76.800,0,0,0.0,0.0,1
76.800,0,0,0.0,0.0,1
76.900,0,0,0.0,0.0,1
76.900,0,0,0.0,0.0,1
77.000,0,0,0.0,0.0,1
77.000,0,0,0.0,0.0,1
77.000,0,0,0.0,0.0,1
77.100,0,0,0.0,0.0,1
77.100,0,0,0.0,0.0,1
77.100,0,0,0.0,0.0,1
77.200,0,0,0.0,0.0,1
77.200,0,0,0.0,0.0,1
77.300,0,0,0.0,0.0,1
77.300,0,0,0.0,0.0,1
77.300,0,0,0.0,0.0,1
77.400,0,0,0.0,0.0,1
77.400,0,0,0.0,0.0,1
77.500,0,0,0.0,0.0,1
77.500,0,0,0.0,0.0,1
77.500,0,0,0.0,0.0,1
77.600,0,0,0.0,0.0,1
77.600,0,0,0.0,0.0,1
77.600,0,0,0.0,0.0,1
77.700,0,0,0.0,0.0,1
77.700,0,0,0.0,0.0,1
77.800,0,0,0.0,0.0,1
77.800,0,0,0.0,0.0,1
77.800,0,0,0.0,0.0,1
77.900,0,0,0.0,0.0,1
77.900,0,0,0.0,0.0,1
78.000,0,0,0.0,0.0,1
78.000,0,0,0.0,0.0,1
78.000,0,0,0.0,0.0,1
78.100,0,0,0.0,0.0,1
78.100,0,0,0.0,0.0,1
78.100,0,0,0.0,0.0,1
78.200,0,0,0.0,0.0,1
78.200,0,0,0.0,0.0,1
78.300,0,0,0.0,0.0,1
78.300,0,0,0.0,0.0,1
78.300,0,0,0.0,0.0,1
78.400,0,0,0.0,0.0,1
78.400,0,0,0.0,0.0,1
78.500,0,0,0.0,0.0,1
78.500,0,0,0.0,0.0,1
78.500,0,0,0.0,0.0,1
78.600,0,0,0.0,0.0,1
78.600,0,0,0.0,0.0,1
78.600,0,0,0.0,0.0,1
78.700,0,0,0.0,0.0,1
78.700,0,0,0.0,0.0,1
78.800,0,0,0.0,0.0,1
78.800,0,0,0.0,0.0,1
78.800,0,0,0.0,0.0,1
78.900,0,0,0.0,0.0,1
78.900,0,0,0.0,0.0,1
79.000,0,0,0.0,0.0,1
79.000,0,0,0.0,0.0,1
79.000,0,0,0.0,0.0,1
79.100,0,0,0.0,0.0,1
79.100,0,0,0.0,0.0,1
79.100,0,0,0.0,0.0,1
79.200,0,0,0.0,0.0,1
79.200,0,0,0.0,0.0,1
79.300,0,0,0.0,0.0,1
79.300,0,0,0.0,0.0,1
79.300,0,0,0.0,0.0,1
79.400,0,0,0.0,0.0,1
79.400,0,0,0.0,0.0,1
79.400,0,0,0.0,0.0,1
79.500,0,0,0.0,0.0,1
79.500,0,0,0.0,0.0,1
79.600,0,0,0.0,0.0,1
79.600,0,0,0.0,0.0,1
79.600,0,0,0.0,0.0,1
79.700,0,0,0.0,0.0,1
79.700,0,0,0.0,0.0,1
79.800,0,0,0.0,0.0,1
79.800,0,0,0.0,0.0,1
79.800,0,0,0.0,0.0,1
79.900,0,0,0.0,0.0,1
79.900,0,0,0.0,0.0,1
79.900,0,0,0.0,0.0,1
80.000,0,0,0.0,0.0,1
80.000,0,0,0.0,0.0,1
80.100,0,0,0.0,0.0,1
80.100,0,0,0.0,0.0,1
80.100,0,0,0.0,0.0,1
80.200,0,0,0.0,0.0,1
80.200,0,0,0.0,0.0,1
80.300,0,0,0.0,0.0,1
80.300,0,0,0.0,0.0,1
80.300,0,0,0.0,0.0,1
80.400,0,0,0.0,0.0,1
80.400,0,0,0.0,0.0,1
80.400,0,0,0.0,0.0,1
80.500,0,0,0.0,0.0,1
80.500,0,0,0.0,0.0,1
80.600,0,0,0.0,0.0,1
80.600,0,0,0.0,0.0,1
80.600,0,0,0.0,0.0,1
80.700,0,0,0.0,0.0,1
80.700,0,0,0.0,0.0,1
80.800,0,0,0.0,0.0,1
80.800,0,0,0.0,0.0,1
80.800,0,0,0.0,0.0,1
80.900,0,0,0.0,0.0,1
80.900,0,0,0.0,0.0,1
80.900,0,0,0.0,0.0,1
81.000,0,0,0.0,0.0,1
81.000,0,0,0.0,0.0,1
81.100,0,0,0.0,0.0,1
81.100,0,0,0.0,0.0,1
81.100,0,0,0.0,0.0,1
81.200,0,0,0.0,0.0,1
81.200,0,0,0.0,0.0,1
81.300,0,0,0.0,0.0,1
81.300,0,0,0.0,0.0,1
81.300,0,0,0.0,0.0,1
81.400,0,0,0.0,0.0,1
81.400,0,0,0.0,0.0,1
81.400,0,0,0.0,0.0,1
81.500,0,0,0.0,0.0,1
81.500,0,0,0.0,0.0,1
81.600,0,0,0.0,0.0,1
81.600,0,0,0.0,0.0,1
81.600,0,0,0.0,0.0,1
81.700,0,0,0.0,0.0,1
81.700,0,0,0.0,0.0,1
81.700,0,0,0.0,0.0,1
81.800,0,0,0.0,0.0,1
81.800,0,0,0.0,0.0,1
81.900,0,0,0.0,0.0,1
81.900,0,0,0.0,0.0,1
81.900,0,0,0.0,0.0,1
82.000,0,0,0.0,0.0,1
82.000,0,0,0.0,0.0,1
82.100,0,0,0.0,0.0,1
82.100,0,0,0.0,0.0,1
82.100,0,0,0.0,0.0,1
82.200,0,0,0.0,0.0,1
82.200,0,0,0.0,0.0,1
82.200,0,0,0.0,0.0,1
82.300,0,0,0.0,0.0,1
82.300,0,0,0.0,0.0,1
82.400,0,0,0.0,0.0,1
82.400,0,0,0.0,0.0,1
82.400,0,0,0.0,0.0,1
82.500,0,0,0.0,0.0,1
82.500,0,0,0.0,0.0,1
82.600,0,0,0.0,0.0,1
82.600,0,0,0.0,0.0,1
82.600,0,0,0.0,0.0,1
82.700,0,0,0.0,0.0,1
82.700,0,0,0.0,0.0,1
82.700,0,0,0.0,0.0,1
82.800,0,0,0.0,0.0,1
82.800,0,0,0.0,0.0,1
82.900,0,0,0.0,0.0,1
82.900,0,0,0.0,0.0,1
82.900,0,0,0.0,0.0,1
83.000,0,0,0.0,0.0,1
83.000,0,0,0.0,0.0,1
83.100,0,0,0.0,0.0,1
83.100,0,0,0.0,0.0,1
83.100,0,0,0.0,0.0,1
83.200,0,0,0.0,0.0,1
83.200,0,0,0.0,0.0,1
83.200,0,0,0.0,0.0,1
83.300,0,0,0.0,0.0,1
83.300,0,0,0.0,0.0,1
83.400,0,0,0.0,0.0,1
83.400,0,0,0.0,0.0,1
83.400,0,0,0.0,0.0,1
83.500,0,0,0.0,0.0,1
83.500,0,0,0.0,0.0,1
83.600,0,0,0.0,0.0,1
83.600,0,0,0.0,0.0,1
83.600,0,0,0.0,0.0,1
83.700,0,0,0.0,0.0,1
83.700,0,0,0.0,0.0,1
83.700,0,0,0.0,0.0,1
83.800,0,0,0.0,0.0,1
83.800,0,0,0.0,0.0,1
83.900,0,0,0.0,0.0,1
83.900,0,0,0.0,0.0,1
83.900,0,0,0.0,0.0,1
84.000,0,0,0.0,0.0,1
84.000,0,0,0.0,0.0,1
84.000,0,0,0.0,0.0,1
84.100,0,0,0.0,0.0,1
84.100,0,0,0.0,0.0,1
84.200,0,0,0.0,0.0,1
84.200,0,0,0.0,0.0,1
84.200,0,0,0.0,0.0,1
84.300,0,0,0.0,0.0,1
84.300,0,0,0.0,0.0,1
84.400,0,0,0.0,0.0,1
84.400,0,0,0.0,0.0,1
84.400,0,0,0.0,0.0,1
84.500,0,0,0.0,0.0,1
84.500,0,0,0.0,0.0,1
84.500,0,0,0.0,0.0,1
84.600,0,0,0.0,0.0,1
84.600,0,0,0.0,0.0,1
84.700,0,0,0.0,0.0,1
84.700,0,0,0.0,0.0,1
84.700,0,0,0.0,0.0,1
84.800,0,0,0.0,0.0,1
84.800,0,0,0.0,0.0,1
84.900,0,0,0.0,0.0,1
84.900,0,0,0.0,0.0,1
84.900,0,0,0.0,0.0,1
85.000,0,0,0.0,0.0,1
85.000,0,0,0.0,0.0,1
85.000,0,0,0.0,0.0,1
85.100,0,0,0.0,0.0,1
85.100,0,0,0.0,0.0,1
85.200,0,0,0.0,0.0,1
85.200,0,0,0.0,0.0,1
85.200,0,0,0.0,0.0,1
85.300,0,0,0.0,0.0,1
85.300,0,0,0.0,0.0,1
85.400,0,0,0.0,0.0,1
85.400,0,0,0.0,0.0,1
85.400,0,0,0.0,0.0,1
85.500,0,0,0.0,0.0,1
85.500,0,0,0.0,0.0,1
85.500,0,0,0.0,0.0,1
85.600,0,0,0.0,0.0,1
85.600,0,0,0.0,0.0,1
85.700,0,0,0.0,0.0,1
85.700,0,0,0.0,0.0,1
85.700,0,0,0.0,0.0,1
85.800,0,0,0.0,0.0,1
85.800,0,0,0.0,0.0,1
85.900,0,0,0.0,0.0,1
85.900,0,0,0.0,0.0,1
85.900,0,0,0.0,0.0,1
86.000,0,0,0.0,0.0,1
86.000,0,0,0.0,0.0,1
86.000,0,0,0.0,0.0,1
86.100,0,0,0.0,0.0,1
86.100,0,0,0.0,0.0,1
86.200,0,0,0.0,0.0,1
86.200,0,0,0.0,0.0,1
86.200,0,0,0.0,0.0,1
86.300,0,0,0.0,0.0,1
86.300,0,0,0.0,0.0,1
86.300,0,0,0.0,0.0,1
86.400,0,0,0.0,0.0,1
86.400,0,0,0.0,0.0,1
86.500,0,0,0.0,0.0,1
86.500,0,0,0.0,0.0,1
86.500,0,0,0.0,0.0,1
86.600,0,0,0.0,0.0,1
86.600,0,0,0.0,0.0,1
86.700,0,0,0.0,0.0,1
86.700,0,0,0.0,0.0,1
86.700,0,0,0.0,0.0,1
86.800,0,0,0.0,0.0,1
86.800,0,0,0.0,0.0,1
86.800,0,0,0.0,0.0,1
86.900,0,0,0.0,0.0,1
86.900,0,0,0.0,0.0,1
87.000,0,0,0.0,0.0,1
87.000,0,0,0.0,0.0,1
87.000,0,0,0.0,0.0,1
87.100,0,0,0.0,0.0,1
87.100,0,0,0.0,0.0,1
87.200,0,0,0.0,0.0,1
87.200,0,0,0.0,0.0,1
87.200,0,0,0.0,0.0,1
87.300,0,0,0.0,0.0,1
87.300,0,0,0.0,0.0,1
87.300,0,0,0.0,0.0,1
87.400,0,0,0.0,0.0,1
87.400,0,0,0.0,0.0,1
87.500,0,0,0.0,0.0,1
87.500,0,0,0.0,0.0,1
87.500,0,0,0.0,0.0,1
87.600,0,0,0.0,0.0,1
87.600,0,0,0.0,0.0,1
87.700,0,0,0.0,0.0,1
87.700,0,0,0.0,0.0,1
87.700,0,0,0.0,0.0,1
87.800,0,0,0.0,0.0,1
87.800,0,0,0.0,0.0,1
87.800,0,0,0.0,0.0,1
87.900,0,0,0.0,0.0,1
87.900,0,0,0.0,0.0,1
88.000,0,0,0.0,0.0,1
88.000,0,0,0.0,0.0,1
88.000,0,0,0.0,0.0,1
88.100,0,0,0.0,0.0,1
88.100,0,0,0.0,0.0,1
88.200,0,0,0.0,0.0,1
88.200,0,0,0.0,0.0,1
88.200,0,0,0.0,0.0,1
88.300,0,0,0.0,0.0,1
88.300,0,0,0.0,0.0,1
88.300,0,0,0.0,0.0,1
88.400,0,0,0.0,0.0,1
88.400,0,0,0.0,0.0,1
88.500,0,0,0.0,0.0,1
88.500,0,0,0.0,0.0,1
88.500,0,0,0.0,0.0,1
88.600,0,0,0.0,0.0,1
88.600,0,0,0.0,0.0,1
88.600,0,0,0.0,0.0,1
88.700,0,0,0.0,0.0,1
88.700,0,0,0.0,0.0,1
88.800,0,0,0.0,0.0,1
88.800,0,0,0.0,0.0,1
88.800,0,0,0.0,0.0,1
88.900,0,0,0.0,0.0,1
88.900,0,0,0.0,0.0,1
89.000,0,0,0.0,0.0,1
89.000,0,0,0.0,0.0,1
89.000,0,0,0.0,0.0,1
89.100,0,0,0.0,0.0,1
89.100,0,0,0.0,0.0,1
89.100,0,0,0.0,0.0,1
89.200,0,0,0.0,0.0,1
89.200,0,0,0.0,0.0,1
89.300,0,0,0.0,0.0,1
89.300,0,0,0.0,0.0,1
89.300,0,0,0.0,0.0,1
89.400,0,0,0.0,0.0,1
89.400,0,0,0.0,0.0,1
89.500,0,0,0.0,0.0,1
89.500,0,0,0.0,0.0,1
89.500,0,0,0.0,0.0,1
89.600,0,0,0.0,0.0,1
89.600,0,0,0.0,0.0,1
89.600,0,0,0.0,0.0,1
89.700,0,0,0.0,0.0,1
89.700,0,0,0.0,0.0,1
89.800,0,0,0.0,0.0,1
89.800,0,0,0.0,0.0,1
89.800,0,0,0.0,0.0,1
89.900,0,0,0.0,0.0,1
89.900,0,0,0.0,0.0,1
90.000,0,0,0.0,0.0,1
90.000,0,0,0.0,0.0,1
90.000,0,0,0.0,0.0,1
90.100,0,0,0.0,0.0,1
90.100,0,0,0.0,0.0,1
90.100,0,0,0.0,0.0,1
90.200,0,0,0.0,0.0,1
90.200,0,0,0.0,0.0,1
90.300,0,0,0.0,0.0,1
90.300,0,0,0.0,0.0,1
90.300,0,0,0.0,0.0,1
90.400,0,0,0.0,0.0,1
90.400,0,0,0.0,0.0,1
90.500,0,0,0.0,0.0,1
90.500,0,0,0.0,0.0,1
90.500,0,0,0.0,0.0,1
90.600,0,0,0.0,0.0,1
90.600,0,0,0.0,0.0,1
90.600,0,0,0.0,0.0,1
90.700,0,0,0.0,0.0,1
90.700,0,0,0.0,0.0,1
90.800,0,0,0.0,0.0,1
90.800,0,0,0.0,0.0,1
90.800,0,0,0.0,0.0,1
90.900,0,0,0.0,0.0,1
90.900,0,0,0.0,0.0,1
90.900,0,0,0.0,0.0,1
91.000,0,0,0.0,0.0,1
91.000,0,0,0.0,0.0,1
91.100,0,0,0.0,0.0,1
91.100,0,0,0.0,0.0,1
91.100,0,0,0.0,0.0,1
91.200,0,0,0.0,0.0,1
91.200,0,0,0.0,0.0,1
91.300,0,0,0.0,0.0,1
91.300,0,0,0.0,0.0,1
91.300,0,0,0.0,0.0,1
91.400,0,0,0.0,0.0,1
91.400,0,0,0.0,0.0,1
91.400,0,0,0.0,0.0,1
91.500,0,0,0.0,0.0,1
91.500,0,0,0.0,0.0,1
91.600,0,0,0.0,0.0,1
91.600,0,0,0.0,0.0,1
91.600,0,0,0.0,0.0,1
91.700,0,0,0.0,0.0,1
91.700,0,0,0.0,0.0,1
91.800,0,0,0.0,0.0,1
91.800,0,0,0.0,0.0,1
91.800,0,0,0.0,0.0,1
91.900,0,0,0.0,0.0,1
91.900,0,0,0.0,0.0,1
91.900,0,0,0.0,0.0,1
92.000,0,0,0.0,0.0,1
92.000,0,0,0.0,0.0,1
92.100,0,0,0.0,0.0,1
92.100,0,0,0.0,0.0,1
92.100,0,0,0.0,0.0,1
92.200,0,0,0.0,0.0,1
92.200,0,0,0.0,0.0,1
92.300,0,0,0.0,0.0,1
92.300,0,0,0.0,0.0,1
92.300,0,0,0.0,0.0,1
92.400,0,0,0.0,0.0,1
92.400,0,0,0.0,0.0,1
92.400,0,0,0.0,0.0,1
92.500,0,0,0.0,0.0,1
92.500,0,0,0.0,0.0,1
92.600,0,0,0.0,0.0,1
92.600,0,0,0.0,0.0,1
92.600,0,0,0.0,0.0,1
92.700,0,0,0.0,0.0,1
92.700,0,0,0.0,0.0,1
92.800,0,0,0.0,0.0,1
92.800,0,0,0.0,0.0,1
92.800,0,0,0.0,0.0,1
92.900,0,0,0.0,0.0,1
92.900,0,0,0.0,0.0,1
92.900,0,0,0.0,0.0,1
93.000,0,0,0.0,0.0,1
93.000,0,0,0.0,0.0,1
93.100,0,0,0.0,0.0,1
93.100,0,0,0.0,0.0,1
93.100,0,0,0.0,0.0,1
93.200,0,0,0.0,0.0,1
93.200,0,0,0.0,0.0,1
93.200,0,0,0.0,0.0,1
93.300,0,0,0.0,0.0,1
93.300,0,0,0.0,0.0,1
93.400,0,0,0.0,0.0,1
93.400,0,0,0.0,0.0,1
93.400,0,0,0.0,0.0,1
93.500,0,0,0.0,0.0,1
93.500,0,0,0.0,0.0,1
93.600,0,0,0.0,0.0,1
93.600,0,0,0.0,0.0,1
93.600,0,0,0.0,0.0,1
93.700,0,0,0.0,0.0,1
93.700,0,0,0.0,0.0,1
93.700,0,0,0.0,0.0,1
93.800,0,0,0.0,0.0,1
93.800,0,0,0.0,0.0,1
93.900,0,0,0.0,0.0,1
93.900,0,0,0.0,0.0,1
93.900,0,0,0.0,0.0,1
94.000,0,0,0.0,0.0,1
94.000,0,0,0.0,0.0,1
94.100,0,0,0.0,0.0,1
94.100,0,0,0.0,0.0,1
94.100,0,0,0.0,0.0,1
94.200,0,0,0.0,0.0,1
94.200,0,0,0.0,0.0,1
94.200,0,0,0.0,0.0,1
94.300,0,0,0.0,0.0,1
94.300,0,0,0.0,0.0,1
94.400,0,0,0.0,0.0,1
94.400,0,0,0.0,0.0,1
94.400,0,0,0.0,0.0,1
94.500,0,0,0.0,0.0,1
94.500,0,0,0.0,0.0,1
94.600,0,0,0.0,0.0,1
94.600,0,0,0.0,0.0,1
94.600,0,0,0.0,0.0,1
94.700,0,0,0.0,0.0,1
94.700,0,0,0.0,0.0,1
94.700,0,0,0.0,0.0,1
94.800,0,0,0.0,0.0,1
94.800,0,0,0.0,0.0,1
94.900,0,0,0.0,0.0,1
94.900,0,0,0.0,0.0,1
94.900,0,0,0.0,0.0,1
95.000,0,0,0.0,0.0,1
95.000,0,0,0.0,0.0,1
95.100,0,0,0.0,0.0,1
95.100,0,0,0.0,0.0,1
95.100,0,0,0.0,0.0,1
95.200,0,0,0.0,0.0,1
95.200,0,0,0.0,0.0,1
95.200,0,0,0.0,0.0,1
95.300,0,0,0.0,0.0,1
95.300,0,0,0.0,0.0,1
95.400,0,0,0.0,0.0,1
95.400,0,0,0.0,0.0,1
95.400,0,0,0.0,0.0,1
95.500,0,0,0.0,0.0,1
95.500,0,0,0.0,0.0,1
95.500,0,0,0.0,0.0,1
95.600,0,0,0.0,0.0,1
95.600,0,0,0.0,0.0,1
95.700,0,0,0.0,0.0,1
95.700,0,0,0.0,0.0,1
95.700,0,0,0.0,0.0,1
95.800,0,0,0.0,0.0,1
95.800,0,0,0.0,0.0,1
95.900,0,0,0.0,0.0,1
95.900,0,0,0.0,0.0,1
95.900,0,0,0.0,0.0,1
96.000,0,0,0.0,0.0,1
96.000,0,0,0.0,0.0,1
96.000,0,0,0.0,0.0,1
96.100,0,0,0.0,0.0,1
96.100,0,0,0.0,0.0,1
96.200,0,0,0.0,0.0,1
96.200,0,0,0.0,0.0,1
96.200,0,0,0.0,0.0,1
96.300,0,0,0.0,0.0,1
96.300,0,0,0.0,0.0,1
96.400,0,0,0.0,0.0,1
96.400,0,0,0.0,0.0,1
96.400,0,0,0.0,0.0,1
96.500,0,0,0.0,0.0,1
96.500,0,0,0.0,0.0,1
96.500,0,0,0.0,0.0,1
96.600,0,0,0.0,0.0,1
96.600,0,0,0.0,0.0,1
96.700,0,0,0.0,0.0,1
96.700,0,0,0.0,0.0,1
96.700,0,0,0.0,0.0,1
96.800,0,0,0.0,0.0,1
96.800,0,0,0.0,0.0,1
96.900,0,0,0.0,0.0,1
96.900,0,0,0.0,0.0,1
96.900,0,0,0.0,0.0,1
97.000,0,0,0.0,0.0,1
97.000,0,0,0.0,0.0,1
97.000,0,0,0.0,0.0,1
97.100,0,0,0.0,0.0,1
97.100,0,0,0.0,0.0,1
97.200,0,0,0.0,0.0,1
97.200,0,0,0.0,0.0,1
97.200,0,0,0.0,0.0,1
97.300,0,0,0.0,0.0,1
97.300,0,0,0.0,0.0,1
97.400,0,0,0.0,0.0,1
97.400,0,0,0.0,0.0,1
97.400,0,0,0.0,0.0,1
97.500,0,0,0.0,0.0,1
97.500,0,0,0.0,0.0,1
97.500,0,0,0.0,0.0,1
97.600,0,0,0.0,0.0,1
97.600,0,0,0.0,0.0,1
97.700,0,0,0.0,0.0,1
97.700,0,0,0.0,0.0,1
97.700,0,0,0.0,0.0,1
97.800,0,0,0.0,0.0,1
97.800,0,0,0.0,0.0,1
97.800,0,0,0.0,0.0,1
97.900,0,0,0.0,0.0,1
97.900,0,0,0.0,0.0,1
98.000,0,0,0.0,0.0,1
98.000,0,0,0.0,0.0,1
98.000,0,0,0.0,0.0,1
98.100,0,0,0.0,0.0,1
98.100,0,0,0.0,0.0,1
98.200,0,0,0.0,0.0,1
98.200,0,0,0.0,0.0,1
98.200,0,0,0.0,0.0,1
98.300,0,0,0.0,0.0,1
98.300,0,0,0.0,0.0,1
98.300,0,0,0.0,0.0,1
98.400,0,0,0.0,0.0,1
98.400,0,0,0.0,0.0,1
98.500,0,0,0.0,0.0,1
98.500,0,0,0.0,0.0,1
98.500,0,0,0.0,0.0,1
98.600,0,0,0.0,0.0,1
98.600,0,0,0.0,0.0,1
98.700,0,0,0.0,0.0,1
98.700,0,0,0.0,0.0,1
98.700,0,0,0.0,0.0,1
98.800,0,0,0.0,0.0,1
98.800,0,0,0.0,0.0,1
98.800,0,0,0.0,0.0,1
98.900,0,0,0.0,0.0,1
98.900,0,0,0.0,0.0,1
99.000,0,0,0.0,0.0,1
99.000,0,0,0.0,0.0,1
99.000,0,0,0.0,0.0,1
99.100,0,0,0.0,0.0,1
99.100,0,0,0.0,0.0,1
99.200,0,0,0.0,0.0,1
99.200,0,0,0.0,0.0,1
99.200,0,0,0.0,0.0,1
99.300,0,0,0.0,0.0,1
99.300,0,0,0.0,0.0,1
99.300,0,0,0.0,0.0,1
99.400,0,0,0.0,0.0,1
99.400,0,0,0.0,0.0,1
99.500,0,0,0.0,0.0,1
99.500,0,0,0.0,0.0,1
99.500,0,0,0.0,0.0,1
99.600,0,0,0.0,0.0,1
99.600,0,0,0.0,0.0,1
99.700,0,0,0.0,0.0,1
99.700,0,0,0.0,0.0,1
99.700,0,0,0.0,0.0,1
99.800,0,0,0.0,0.0,1
99.800,0,0,0.0,0.0,1
99.800,0,0,0.0,0.0,1
99.900,0,0,0.0,0.0,1
99.900,0,0,0.0,0.0,1
100.000,0,0,0.0,0.0,1
100.000,0,0,0.0,0.0,1
100.000,0,0,0.0,0.0,1
100.100,0,0,0.0,0.0,1
100.100,0,0,0.0,0.0,1
100.100,0,0,0.0,0.0,1
100.200,0,0,0.0,0.0,1
100.200,0,0,0.0,0.0,1
100.300,0,0,0.0,0.0,1
100.300,0,0,0.0,0.0,1
100.300,0,0,0.0,0.0,1
100.400,0,0,0.0,0.0,1
100.400,0,0,0.0,0.0,1
100.500,0,0,0.0,0.0,1
100.500,0,0,0.0,0.0,1
100.500,0,0,0.0,0.0,1
100.600,0,0,0.0,0.0,1
100.600,0,0,0.0,0.0,1
100.600,0,0,0.0,0.0,1
100.700,0,0,0.0,0.0,1
100.700,0,0,0.0,0.0,1
100.800,0,0,0.0,0.0,1
100.800,0,0,0.0,0.0,1
100.800,0,0,0.0,0.0,1
100.900,0,0,0.0,0.0,1
100.900,0,0,0.0,0.0,1
101.000,0,0,0.0,0.0,1
101.000,0,0,0.0,0.0,1
101.000,0,0,0.0,0.0,1
101.100,0,0,0.0,0.0,1
101.100,0,0,0.0,0.0,1
101.100,0,0,0.0,0.0,1
101.200,0,0,0.0,0.0,1
101.200,0,0,0.0,0.0,1
101.300,0,0,0.0,0.0,1
101.300,0,0,0.0,0.0,1
101.300,0,0,0.0,0.0,1
101.400,0,0,0.0,0.0,1
101.400,0,0,0.0,0.0,1
101.500,0,0,0.0,0.0,1
101.500,0,0,0.0,0.0,1
101.500,0,0,0.0,0.0,1
101.600,0,0,0.0,0.0,1
101.600,0,0,0.0,0.0,1
101.600,0,0,0.0,0.0,1
101.700,0,0,0.0,0.0,1
101.700,0,0,0.0,0.0,1
101.800,2,0,-28.0,0.0,0
101.800,2,0,-28.0,0.0,0
101.800,2,0,-28.0,0.0,0
101.900,2,0,-28.0,0.0,0
101.900,2,0,-28.0,0.0,0
102.000,2,0,-28.0,0.0,0
102.000,2,0,-28.0,0.0,0
102.000,2,0,-28.0,0.0,0
102.100,2,0,-28.0,0.0,0
102.100,2,0,-28.0,0.0,0
102.100,2,0,-28.0,0.0,0
102.200,2,0,-28.0,0.0,0
102.200,2,0,-28.0,0.0,0
102.300,2,0,-28.0,0.0,0
102.300,2,0,-28.0,0.0,0
102.300,2,0,-28.0,0.0,0
102.400,2,0,-28.0,0.0,0
102.400,2,0,-28.0,0.0,0
102.400,2,0,-28.0,0.0,0
102.500,2,0,-28.0,0.0,0
102.500,2,0,-28.0,0.0,0
102.600,2,0,-28.0,0.0,0
102.600,2,0,-28.0,0.0,0
102.600,2,0,-28.0,0.0,0
102.700,2,0,-28.0,0.0,0
102.700,2,0,-28.0,0.0,0
102.800,2,0,-28.0,0.0,0
102.800,2,0,-28.0,0.0,0
102.800,2,0,-28.0,0.0,0
102.900,2,0,-28.0,0.0,0
102.900,2,0,-28.0,0.0,0
102.900,2,0,-28.0,0.0,0
103.000,2,0,-28.0,0.0,0
103.000,2,0,-28.0,0.0,0
103.100,2,0,-28.0,0.0,0
103.100,2,0,-28.0,0.0,0
103.100,2,0,-28.0,0.0,0
103.200,2,0,-28.0,0.0,0
103.200,2,0,-28.0,0.0,0
103.300,2,0,-28.0,0.0,0
103.300,2,0,-28.0,0.0,0
103.300,2,0,-28.0,0.0,0
103.400,2,0,-28.0,0.0,0
103.400,2,0,-28.0,0.0,0
103.400,2,0,-28.0,0.0,0
103.500,2,0,-28.0,0.0,0
103.500,2,0,-28.0,0.0,0
103.600,2,0,-28.0,0.0,0
103.600,2,0,-28.0,0.0,0
103.600,2,0,-28.0,0.0,0
103.700,2,0,-28.0,0.0,0
103.700,2,0,-28.0,0.0,0
103.800,2,0,-28.0,0.0,0
103.800,2,0,-28.0,0.0,0
103.800,2,0,-28.0,0.0,0
103.900,2,0,-28.0,0.0,0
103.900,2,0,-28.0,0.0,0
103.900,2,0,-28.0,0.0,0
104.000,2,0,-28.0,0.0,0
104.000,2,0,-28.0,0.0,0
104.100,2,0,-28.0,0.0,0
104.100,2,0,-28.0,0.0,0
104.100,2,0,-28.0,0.0,0
104.200,2,0,-28.0,0.0,0
104.200,2,0,-28.0,0.0,0
104.300,2,0,-28.0,0.0,0
104.300,2,0,-28.0,0.0,0
104.300,2,0,-28.0,0.0,0
104.400,2,0,-28.0,0.0,0
104.400,2,0,-28.0,0.0,0
104.400,2,0,-28.0,0.0,0
104.500,2,0,-28.0,0.0,0
104.500,2,0,-28.0,0.0,0
104.600,2,0,-28.0,0.0,0
104.600,2,0,-28.0,0.0,0
104.600,2,0,-28.0,0.0,0
104.700,2,0,-28.0,0.0,0
104.700,2,0,-28.0,0.0,0
104.700,2,0,-28.0,0.0,0
104.800,2,0,-28.0,0.0,0
104.800,2,0,-28.0,0.0,0
104.900,2,0,-28.0,0.0,0
104.900,2,0,-28.0,0.0,0
104.900,2,0,-28.0,0.0,0
105.000,2,0,-28.0,0.0,0
105.000,2,0,-28.0,0.0,0
105.100,2,0,-28.0,0.0,0
105.100,2,0,-28.0,0.0,0
105.100,2,0,-28.0,0.0,0
105.200,2,0,-28.0,0.0,0
105.200,2,0,-28.0,0.0,0
105.200,2,0,-28.0,0.0,0
105.300,2,0,-28.0,0.0,0
105.300,2,0,-28.0,0.0,0
105.400,1,0,68.0,0.0,0
105.400,1,0,68.0,0.0,0
105.400,1,0,68.0,0.0,0
105.500,1,0,68.0,0.0,0
105.500,1,0,68.0,0.0,0
105.600,1,0,68.0,0.0,0
105.600,1,0,68.0,0.0,0
105.600,1,0,68.0,0.0,0
105.700,1,0,68.0,0.0,0
105.700,1,0,68.0,0.0,0
105.700,1,0,68.0,0.0,0
105.800,1,0,68.0,0.0,0
105.800,1,0,68.0,0.0,0
105.900,1,0,68.0,0.0,0
105.900,1,0,68.0,0.0,0
105.900,1,0,68.0,0.0,0
106.000,1,0,68.0,0.0,0
106.000,1,0,68.0,0.0,0
106.100,1,0,68.0,0.0,0
106.100,1,0,68.0,0.0,0
106.100,1,0,68.0,0.0,0
106.200,1,0,68.0,0.0,0
106.200,1,0,68.0,0.0,0
106.200,1,0,68.0,0.0,0
106.300,1,0,68.0,0.0,0
106.300,1,0,68.0,0.0,0
106.400,1,0,68.0,0.0,0
106.400,1,0,68.0,0.0,0
106.400,1,0,68.0,0.0,0
106.500,1,0,68.0,0.0,0
106.500,1,0,68.0,0.0,0
106.600,1,0,68.0,0.0,0
106.600,1,0,68.0,0.0,0
106.600,1,0,68.0,0.0,0
106.700,1,0,68.0,0.0,0
106.700,1,0,68.0,0.0,0
106.700,1,0,68.0,0.0,0
106.800,1,0,68.0,0.0,0
106.800,1,0,68.0,0.0,0
106.900,1,0,68.0,0.0,0
106.900,1,0,68.0,0.0,0
106.900,1,0,68.0,0.0,0
107.000,1,0,68.0,0.0,0
107.000,1,0,68.0,0.0,0
107.000,1,0,68.0,0.0,0
107.100,1,0,68.0,0.0,0
107.100,1,0,68.0,0.0,0
107.200,1,0,68.0,0.0,0
107.200,1,0,68.0,0.0,0
107.200,1,0,68.0,0.0,0
107.300,1,0,68.0,0.0,0
107.300,1,0,68.0,0.0,0
107.400,1,0,68.0,0.0,0
107.400,1,0,68.0,0.0,0
107.400,1,0,68.0,0.0,0
107.500,1,0,68.0,0.0,0
107.500,1,0,68.0,0.0,0
107.500,1,0,68.0,0.0,0
107.600,1,0,68.0,0.0,0
107.600,1,0,68.0,0.0,0
107.700,1,0,68.0,0.0,0
107.700,1,0,68.0,0.0,0
107.700,1,0,68.0,0.0,0
107.800,1,0,68.0,0.0,0
107.800,1,0,68.0,0.0,0
107.900,1,0,68.0,0.0,0
107.900,1,0,68.0,0.0,0
107.900,1,0,68.0,0.0,0
108.000,1,0,68.0,0.0,0
108.000,1,0,68.0,0.0,0
108.000,1,0,68.0,0.0,0
108.100,1,0,68.0,0.0,0
108.100,1,0,68.0,0.0,0
108.200,1,0,68.0,0.0,0
108.200,1,0,68.0,0.0,0
108.200,1,0,68.0,0.0,0
108.300,1,0,68.0,0.0,0
108.300,1,0,68.0,0.0,0
108.400,1,0,68.0,0.0,0
108.400,1,0,68.0,0.0,0
108.400,1,0,68.0,0.0,0
108.500,1,0,68.0,0.0,0
108.500,1,0,68.0,0.0,0
108.500,1,0,68.0,0.0,0
108.600,1,0,68.0,0.0,0
108.600,1,0,68.0,0.0,0
108.700,1,0,68.0,0.0,0
108.700,1,0,68.0,0.0,0
108.700,1,0,68.0,0.0,0
108.800,1,0,68.0,0.0,0
108.800,1,0,68.0,0.0,0
108.900,1,0,68.0,0.0,0
108.900,1,0,68.0,0.0,0
108.900,1,0,68.0,0.0,0
109.000,1,0,68.0,0.0,0
109.000,1,0,68.0,0.0,0
109.000,1,0,68.0,0.0,0
109.100,1,0,68.0,0.0,0
109.100,1,0,68.0,0.0,0
109.200,1,0,68.0,0.0,0
109.200,1,0,68.0,0.0,0
109.200,1,0,68.0,0.0,0
109.300,1,0,68.0,0.0,0
109.300,1,0,68.0,0.0,0
109.300,1,0,68.0,0.0,0
109.400,0,0,0.0,0.0,0
109.400,0,0,0.0,0.0,0
109.500,0,0,0.0,0.0,0
109.500,0,0,0.0,0.0,0
109.500,0,0,0.0,0.0,0
109.600,0,0,0.0,0.0,1
109.600,0,0,0.0,0.0,1
109.700,0,0,0.0,0.0,1
109.700,0,0,0.0,0.0,1
109.700,0,0,0.0,0.0,1
109.800,0,0,0.0,0.0,1
109.800,0,0,0.0,0.0,1
109.800,0,0,0.0,0.0,1
109.900,0,0,0.0,0.0,1
109.900,0,0,0.0,0.0,1
110.000,0,0,0.0,0.0,1
110.000,0,0,0.0,0.0,1
110.000,0,0,0.0,0.0,1
110.100,0,0,0.0,0.0,1
110.100,0,0,0.0,0.0,1
110.200,0,0,0.0,0.0,1
110.200,0,0,0.0,0.0,1
110.200,0,0,0.0,0.0,1
110.300,0,0,0.0,0.0,1
110.300,0,0,0.0,0.0,1
110.300,0,0,0.0,0.0,1
110.400,0,0,0.0,0.0,1
110.400,0,0,0.0,0.0,1
110.500,0,0,0.0,0.0,1
110.500,0,0,0.0,0.0,1
110.500,0,0,0.0,0.0,1
110.600,0,0,0.0,0.0,1
110.600,0,0,0.0,0.0,1
110.700,0,0,0.0,0.0,1
110.700,0,0,0.0,0.0,1
110.700,0,0,0.0,0.0,1
110.800,0,0,0.0,0.0,1
110.800,0,0,0.0,0.0,1
110.800,0,0,0.0,0.0,1
110.900,0,0,0.0,0.0,1
110.900,0,0,0.0,0.0,1
111.000,0,0,0.0,0.0,1
111.000,0,0,0.0,0.0,1
111.000,0,0,0.0,0.0,1
111.100,0,0,0.0,0.0,1
111.100,0,0,0.0,0.0,1
111.200,0,0,0.0,0.0,1
111.200,0,0,0.0,0.0,1
111.200,0,0,0.0,0.0,1
111.300,0,0,0.0,0.0,1
111.300,0,0,0.0,0.0,1
111.300,0,0,0.0,0.0,1
111.400,0,0,0.0,0.0,1
111.400,0,0,0.0,0.0,1
111.500,0,0,0.0,0.0,1
111.500,0,0,0.0,0.0,1
111.500,0,0,0.0,0.0,1
111.600,0,0,0.0,0.0,1
111.600,0,0,0.0,0.0,1
111.600,0,0,0.0,0.0,1
111.700,0,0,0.0,0.0,1
111.700,0,0,0.0,0.0,1
111.800,0,0,0.0,0.0,1
111.800,0,0,0.0,0.0,1
111.800,0,0,0.0,0.0,1
111.900,0,0,0.0,0.0,1
111.900,0,0,0.0,0.0,1
112.000,0,0,0.0,0.0,1
112.000,0,0,0.0,0.0,1
112.000,0,0,0.0,0.0,1
112.100,0,0,0.0,0.0,1
112.100,0,0,0.0,0.0,1
112.100,0,0,0.0,0.0,1
112.200,0,0,0.0,0.0,1
112.200,0,0,0.0,0.0,1
112.300,0,0,0.0,0.0,1
112.300,0,0,0.0,0.0,1
112.300,0,0,0.0,0.0,1
112.400,0,0,0.0,0.0,1
112.400,0,0,0.0,0.0,1
112.500,0,0,0.0,0.0,1
112.500,0,0,0.0,0.0,1
112.500,0,0,0.0,0.0,1
112.600,0,0,0.0,0.0,1
112.600,0,0,0.0,0.0,1
112.600,0,0,0.0,0.0,1
112.700,0,0,0.0,0.0,1
112.700,0,0,0.0,0.0,1
112.800,0,0,0.0,0.0,1
112.800,0,0,0.0,0.0,1
112.800,0,0,0.0,0.0,1
112.900,0,0,0.0,0.0,1
112.900,0,0,0.0,0.0,1
113.000,0,0,0.0,0.0,1
113.000,0,0,0.0,0.0,1
113.000,0,0,0.0,0.0,1
113.100,0,0,0.0,0.0,1
113.100,0,0,0.0,0.0,1
113.100,0,0,0.0,0.0,1
113.200,0,0,0.0,0.0,1
113.200,0,0,0.0,0.0,1
113.300,0,0,0.0,0.0,1
113.300,0,0,0.0,0.0,1
113.300,0,0,0.0,0.0,1
113.400,0,0,0.0,0.0,1
113.400,0,0,0.0,0.0,1
113.500,0,0,0.0,0.0,1
113.500,0,0,0.0,0.0,1
113.500,0,0,0.0,0.0,1
113.600,0,0,0.0,0.0,1
113.600,0,0,0.0,0.0,1
113.600,0,0,0.0,0.0,1
113.700,0,0,0.0,0.0,1
113.700,0,0,0.0,0.0,1
113.800,0,0,0.0,0.0,1
113.800,0,0,0.0,0.0,1
113.800,0,0,0.0,0.0,1
113.900,0,0,0.0,0.0,1
113.900,0,0,0.0,0.0,1
113.900,0,0,0.0,0.0,1
114.000,0,0,0.0,0.0,1
114.000,0,0,0.0,0.0,1
114.100,0,0,0.0,0.0,1
114.100,0,0,0.0,0.0,1
114.100,0,0,0.0,0.0,1
114.200,0,0,0.0,0.0,1
114.200,0,0,0.0,0.0,1
114.300,0,0,0.0,0.0,1
114.300,0,0,0.0,0.0,1
114.300,0,0,0.0,0.0,1
114.400,0,0,0.0,0.0,1
114.400,0,0,0.0,0.0,1
114.400,0,0,0.0,0.0,1
114.500,0,0,0.0,0.0,1
114.500,0,0,0.0,0.0,1
114.600,0,0,0.0,0.0,1
114.600,0,0,0.0,0.0,1
114.600,0,0,0.0,0.0,1
114.700,0,0,0.0,0.0,1
114.700,0,0,0.0,0.0,1
114.800,0,0,0.0,0.0,1
114.800,0,0,0.0,0.0,1
114.800,0,0,0.0,0.0,1
114.900,0,0,0.0,0.0,1
114.900,0,0,0.0,0.0,1
114.900,0,0,0.0,0.0,1
115.000,0,0,0.0,0.0,1
115.000,0,0,0.0,0.0,1
115.100,0,0,0.0,0.0,1
115.100,0,0,0.0,0.0,1
115.100,0,0,0.0,0.0,1
115.200,0,0,0.0,0.0,1
115.200,0,0,0.0,0.0,1
115.300,0,0,0.0,0.0,1
115.300,0,0,0.0,0.0,1
115.300,0,0,0.0,0.0,1
115.400,0,0,0.0,0.0,1
115.400,0,0,0.0,0.0,1
115.400,0,0,0.0,0.0,1
115.500,0,0,0.0,0.0,1
115.500,0,0,0.0,0.0,1
115.600,0,0,0.0,0.0,1
115.600,0,0,0.0,0.0,1
115.600,0,0,0.0,0.0,1
115.700,0,0,0.0,0.0,1
115.700,0,0,0.0,0.0,1
115.800,0,0,0.0,0.0,1
115.800,0,0,0.0,0.0,1
115.800,0,0,0.0,0.0,1
115.900,0,0,0.0,0.0,1
115.900,0,0,0.0,0.0,1
115.900,0,0,0.0,0.0,1
116.000,0,0,0.0,0.0,1
116.000,0,0,0.0,0.0,1
116.100,0,0,0.0,0.0,1
116.100,0,0,0.0,0.0,1
116.100,0,0,0.0,0.0,1
116.200,0,0,0.0,0.0,1
116.200,0,0,0.0,0.0,1
116.200,0,0,0.0,0.0,1
116.300,0,0,0.0,0.0,1
116.300,0,0,0.0,0.0,1
116.400,0,0,0.0,0.0,1
116.400,0,0,0.0,0.0,1
116.400,0,0,0.0,0.0,1
116.500,0,0,0.0,0.0,1
116.500,0,0,0.0,0.0,1
116.600,0,0,0.0,0.0,1
116.600,0,0,0.0,0.0,1
116.600,0,0,0.0,0.0,1
116.700,0,0,0.0,0.0,1
116.700,0,0,0.0,0.0,1
116.700,0,0,0.0,0.0,1
116.800,0,0,0.0,0.0,1
116.800,0,0,0.0,0.0,1
116.900,0,0,0.0,0.0,1
116.900,0,0,0.0,0.0,1
116.900,0,0,0.0,0.0,1
117.000,0,0,0.0,0.0,1
117.000,0,0,0.0,0.0,1
117.100,0,0,0.0,0.0,1
117.100,0,0,0.0,0.0,1
117.100,0,0,0.0,0.0,1
117.200,0,0,0.0,0.0,1
117.200,0,0,0.0,0.0,1
117.200,0,0,0.0,0.0,1
117.300,0,0,0.0,0.0,1
117.300,0,0,0.0,0.0,1
117.400,0,0,0.0,0.0,1
117.400,0,0,0.0,0.0,1
117.400,0,0,0.0,0.0,1
117.500,0,0,0.0,0.0,1
117.500,0,0,0.0,0.0,1
117.600,0,0,0.0,0.0,1
117.600,0,0,0.0,0.0,1
117.600,0,0,0.0,0.0,1
117.700,0,0,0.0,0.0,1
117.700,0,0,0.0,0.0,1
117.700,0,0,0.0,0.0,1
117.800,0,0,0.0,0.0,1
117.800,0,0,0.0,0.0,1
117.900,0,0,0.0,0.0,1
117.900,0,0,0.0,0.0,1
117.900,0,0,0.0,0.0,1
118.000,0,0,0.0,0.0,1
118.000,0,0,0.0,0.0,1
118.000,0,0,0.0,0.0,1
118.100,0,0,0.0,0.0,1
118.100,0,0,0.0,0.0,1
118.200,0,0,0.0,0.0,1
118.200,0,0,0.0,0.0,1
118.200,0,0,0.0,0.0,1
118.300,0,0,0.0,0.0,1
118.300,0,0,0.0,0.0,1
118.400,0,0,0.0,0.0,1
118.400,0,0,0.0,0.0,1
118.400,0,0,0.0,0.0,1
118.500,0,0,0.0,0.0,1
118.500,0,0,0.0,0.0,1
118.500,0,0,0.0,0.0,1
118.600,0,0,0.0,0.0,1
118.600,0,0,0.0,0.0,1
118.700,0,0,0.0,0.0,1
118.700,0,0,0.0,0.0,1
118.700,0,0,0.0,0.0,1
118.800,0,0,0.0,0.0,1
118.800,0,0,0.0,0.0,1
118.900,0,0,0.0,0.0,1
118.900,0,0,0.0,0.0,1
118.900,0,0,0.0,0.0,1
119.000,0,0,0.0,0.0,1
119.000,0,0,0.0,0.0,1
119.000,0,0,0.0,0.0,1
119.100,0,0,0.0,0.0,1
119.100,0,0,0.0,0.0,1
119.200,0,0,0.0,0.0,1
119.200,0,0,0.0,0.0,1
119.200,0,0,0.0,0.0,1
119.300,0,0,0.0,0.0,1
119.300,0,0,0.0,0.0,1
119.400,0,0,0.0,0.0,1
119.400,0,0,0.0,0.0,1
119.400,0,0,0.0,0.0,1
119.500,0,0,0.0,0.0,1
119.500,0,0,0.0,0.0,1
119.500,0,0,0.0,0.0,1
119.600,0,0,0.0,0.0,1
119.600,0,0,0.0,0.0,1
119.700,0,0,0.0,0.0,1
119.700,0,0,0.0,0.0,1
119.700,0,0,0.0,0.0,1
119.800,0,0,0.0,0.0,1
119.800,0,0,0.0,0.0,1
119.900,0,0,0.0,0.0,1
119.900,0,0,0.0,0.0,1
119.900,0,0,0.0,0.0,1
120.000,0,0,0.0,0.0,1
120.000,0,0,0.0,0.0,1
120.000,0,0,0.0,0.0,1
120.100,0,0,0.0,0.0,1
120.100,0,0,0.0,0.0,1
120.200,0,0,0.0,0.0,1
120.200,0,0,0.0,0.0,1
120.200,0,0,0.0,0.0,1
120.300,0,0,0.0,0.0,1
120.300,0,0,0.0,0.0,1
120.300,0,0,0.0,0.0,1
120.400,0,0,0.0,0.0,1
120.400,0,0,0.0,0.0,1
120.500,0,0,0.0,0.0,1
120.500,0,0,0.0,0.0,1
120.500,0,0,0.0,0.0,1
120.600,0,0,0.0,0.0,1
120.600,0,0,0.0,0.0,1
120.700,0,0,0.0,0.0,1
120.700,0,0,0.0,0.0,1
120.700,0,0,0.0,0.0,1
120.800,0,0,0.0,0.0,1
120.800,0,0,0.0,0.0,1
120.800,0,0,0.0,0.0,1
120.900,0,0,0.0,0.0,1
120.900,0,0,0.0,0.0,1
121.000,0,0,0.0,0.0,1
121.000,0,0,0.0,0.0,1
121.000,0,0,0.0,0.0,1
121.100,0,0,0.0,0.0,1
121.100,0,0,0.0,0.0,1
121.200,0,0,0.0,0.0,1
121.200,0,0,0.0,0.0,1
121.200,0,0,0.0,0.0,1
121.300,0,0,0.0,0.0,1
121.300,0,0,0.0,0.0,1
121.300,0,0,0.0,0.0,1
121.400,0,0,0.0,0.0,1
121.400,0,0,0.0,0.0,1
121.500,0,0,0.0,0.0,1
121.500,0,0,0.0,0.0,1
121.500,0,0,0.0,0.0,1
121.600,0,0,0.0,0.0,1
121.600,0,0,0.0,0.0,1
121.700,0,0,0.0,0.0,1
121.700,0,0,0.0,0.0,1
121.700,0,0,0.0,0.0,1
121.800,0,0,0.0,0.0,1
121.800,0,0,0.0,0.0,1
121.800,0,0,0.0,0.0,1
121.900,0,0,0.0,0.0,1
121.900,0,0,0.0,0.0,1
122.000,0,0,0.0,0.0,1
122.000,0,0,0.0,0.0,1
122.000,0,0,0.0,0.0,1
122.100,0,0,0.0,0.0,1
122.100,0,0,0.0,0.0,1
122.200,0,0,0.0,0.0,1
122.200,0,0,0.0,0.0,1
122.200,0,0,0.0,0.0,1
122.300,0,0,0.0,0.0,1
122.300,0,0,0.0,0.0,1
122.300,0,0,0.0,0.0,1
122.400,0,0,0.0,0.0,1
122.400,0,0,0.0,0.0,1
122.500,0,0,0.0,0.0,1
122.500,0,0,0.0,0.0,1
122.500,0,0,0.0,0.0,1
122.600,0,0,0.0,0.0,1
122.600,0,0,0.0,0.0,1
122.600,0,0,0.0,0.0,1
122.700,0,0,0.0,0.0,1
122.700,0,0,0.0,0.0,1
122.800,0,0,0.0,0.0,1
122.800,0,0,0.0,0.0,1
122.800,0,0,0.0,0.0,1
122.900,0,0,0.0,0.0,1
122.900,0,0,0.0,0.0,1
123.000,0,0,0.0,0.0,1
123.000,0,0,0.0,0.0,1
123.000,0,0,0.0,0.0,1
123.100,0,0,0.0,0.0,1
123.100,0,0,0.0,0.0,1
123.100,0,0,0.0,0.0,1
123.200,0,0,0.0,0.0,1
123.200,0,0,0.0,0.0,1
123.300,0,0,0.0,0.0,1
123.300,0,0,0.0,0.0,1
123.300,0,0,0.0,0.0,1
123.400,0,0,0.0,0.0,1
123.400,0,0,0.0,0.0,1
123.500,0,0,0.0,0.0,1
123.500,0,0,0.0,0.0,1
123.500,0,0,0.0,0.0,1
123.600,0,0,0.0,0.0,1
123.600,0,0,0.0,0.0,1
123.600,0,0,0.0,0.0,1
123.700,0,0,0.0,0.0,1
123.700,0,0,0.0,0.0,1
123.800,0,0,0.0,0.0,1
123.800,0,0,0.0,0.0,1
123.800,0,0,0.0,0.0,1
123.900,0,0,0.0,0.0,1
123.900,0,0,0.0,0.0,1
124.000,0,0,0.0,0.0,1
124.000,0,0,0.0,0.0,1
124.000,0,0,0.0,0.0,1
124.100,0,0,0.0,0.0,1
124.100,0,0,0.0,0.0,1
124.100,0,0,0.0,0.0,1
124.200,0,0,0.0,0.0,1
124.200,0,0,0.0,0.0,1
124.300,0,0,0.0,0.0,1
124.300,0,0,0.0,0.0,1
124.300,0,0,0.0,0.0,1
124.400,0,0,0.0,0.0,1
124.400,0,0,0.0,0.0,1
124.500,0,0,0.0,0.0,1
124.500,0,0,0.0,0.0,1
124.500,0,0,0.0,0.0,1
124.600,0,0,0.0,0.0,1
124.600,0,0,0.0,0.0,1
124.600,0,0,0.0,0.0,1
124.700,0,0,0.0,0.0,1
124.700,0,0,0.0,0.0,1
124.800,0,0,0.0,0.0,1
124.800,0,0,0.0,0.0,1
124.800,0,0,0.0,0.0,1
124.900,0,0,0.0,0.0,1
124.900,0,0,0.0,0.0,1
124.900,0,0,0.0,0.0,1
125.000,0,0,0.0,0.0,1
125.000,0,0,0.0,0.0,1
125.100,0,0,0.0,0.0,1
125.100,0,0,0.0,0.0,1
125.100,0,0,0.0,0.0,1
125.200,0,0,0.0,0.0,1
125.200,0,0,0.0,0.0,1
125.300,0,0,0.0,0.0,1
125.300,0,0,0.0,0.0,1
125.300,0,0,0.0,0.0,1
125.400,0,0,0.0,0.0,1
125.400,0,0,0.0,0.0,1
125.400,0,0,0.0,0.0,1
125.500,0,0,0.0,0.0,1
125.500,0,0,0.0,0.0,1
125.600,0,0,0.0,0.0,1
125.600,0,0,0.0,0.0,1
125.600,0,0,0.0,0.0,1
125.700,0,0,0.0,0.0,1
125.700,0,0,0.0,0.0,1
125.800,0,0,0.0,0.0,1
125.800,0,0,0.0,0.0,1
125.800,0,0,0.0,0.0,1
125.900,0,0,0.0,0.0,1
125.900,0,0,0.0,0.0,1
125.900,0,0,0.0,0.0,1
126.000,0,0,0.0,0.0,1
126.000,0,0,0.0,0.0,1
126.100,0,0,0.0,0.0,1
126.100,0,0,0.0,0.0,1
126.100,0,0,0.0,0.0,1
126.200,0,0,0.0,0.0,1
126.200,0,0,0.0,0.0,1
126.300,0,0,0.0,0.0,1
126.300,0,0,0.0,0.0,1
126.300,0,0,0.0,0.0,1
126.400,0,0,0.0,0.0,1
126.400,0,0,0.0,0.0,1
126.400,0,0,0.0,0.0,1
126.500,0,0,0.0,0.0,1
126.500,0,0,0.0,0.0,1
126.600,0,0,0.0,0.0,1
126.600,0,0,0.0,0.0,1
126.600,0,0,0.0,0.0,1
126.700,0,0,0.0,0.0,1
126.700,0,0,0.0,0.0,1
126.800,0,0,0.0,0.0,1
126.800,0,0,0.0,0.0,1
126.800,0,0,0.0,0.0,1
126.900,0,0,0.0,0.0,1
126.900,0,0,0.0,0.0,1
126.900,0,0,0.0,0.0,1
127.000,0,0,0.0,0.0,1
127.000,0,0,0.0,0.0,1
127.100,0,0,0.0,0.0,1
127.100,0,0,0.0,0.0,1
127.100,0,0,0.0,0.0,1
127.200,0,0,0.0,0.0,1
127.200,0,0,0.0,0.0,1
127.200,0,0,0.0,0.0,1
127.300,0,0,0.0,0.0,1
127.300,0,0,0.0,0.0,1
127.400,0,0,0.0,0.0,1
127.400,0,0,0.0,0.0,1
127.400,0,0,0.0,0.0,1
127.500,0,0,0.0,0.0,1
127.500,0,0,0.0,0.0,1
127.600,0,0,0.0,0.0,1
127.600,0,0,0.0,0.0,1
127.600,0,0,0.0,0.0,1
127.700,0,0,0.0,0.0,1
127.700,0,0,0.0,0.0,1
127.700,0,0,0.0,0.0,1
127.800,0,0,0.0,0.0,1
127.800,0,0,0.0,0.0,1
127.900,0,0,0.0,0.0,1
127.900,0,0,0.0,0.0,1
127.900,0,0,0.0,0.0,1
128.000,0,0,0.0,0.0,1
128.000,0,0,0.0,0.0,1
128.100,0,0,0.0,0.0,1
128.100,0,0,0.0,0.0,1
128.100,0,0,0.0,0.0,1
128.200,0,0,0.0,0.0,1
128.200,0,0,0.0,0.0,1
128.200,0,0,0.0,0.0,1
128.300,0,0,0.0,0.0,1
128.300,0,0,0.0,0.0,1
128.400,0,0,0.0,0.0,1
128.400,0,0,0.0,0.0,1
128.400,0,0,0.0,0.0,1
128.500,0,0,0.0,0.0,1
128.500,0,0,0.0,0.0,1
128.600,0,0,0.0,0.0,1
128.600,0,0,0.0,0.0,1
128.600,0,0,0.0,0.0,1
128.700,0,0,0.0,0.0,1
128.700,0,0,0.0,0.0,1
128.700,0,0,0.0,0.0,1
128.800,0,0,0.0,0.0,1
128.800,0,0,0.0,0.0,1
128.900,0,0,0.0,0.0,1
128.900,0,0,0.0,0.0,1
128.900,0,0,0.0,0.0,1
129.000,0,0,0.0,0.0,1
129.000,0,0,0.0,0.0,1
129.100,0,0,0.0,0.0,1
129.100,0,0,0.0,0.0,1
129.100,0,0,0.0,0.0,1
129.200,0,0,0.0,0.0,1
129.200,0,0,0.0,0.0,1
129.200,0,0,0.0,0.0,1
129.300,0,0,0.0,0.0,1
129.300,0,0,0.0,0.0,1
129.400,0,0,0.0,0.0,1
129.400,0,0,0.0,0.0,1
129.400,0,0,0.0,0.0,1
129.500,0,0,0.0,0.0,1
129.500,0,0,0.0,0.0,1
129.500,0,0,0.0,0.0,1
129.600,0,0,0.0,0.0,1
129.600,0,0,0.0,0.0,1
129.700,0,0,0.0,0.0,1
129.700,0,0,0.0,0.0,1
129.700,0,0,0.0,0.0,1
129.800,0,0,0.0,0.0,1
129.800,0,0,0.0,0.0,1
129.900,0,0,0.0,0.0,1
129.900,0,0,0.0,0.0,1
129.900,0,0,0.0,0.0,1
130.000,0,0,0.0,0.0,1
130.000,0,0,0.0,0.0,1
130.000,0,0,0.0,0.0,1
130.100,0,0,0.0,0.0,1
130.100,0,0,0.0,0.0,1
130.200,0,0,0.0,0.0,1
130.200,0,0,0.0,0.0,1
130.200,0,0,0.0,0.0,1
130.300,0,0,0.0,0.0,1
130.300,0,0,0.0,0.0,1
130.400,0,0,0.0,0.0,1
130.400,0,0,0.0,0.0,1
130.400,0,0,0.0,0.0,1
130.500,0,0,0.0,0.0,1
130.500,0,0,0.0,0.0,1
130.500,0,0,0.0,0.0,1
130.600,0,0,0.0,0.0,1
130.600,0,0,0.0,0.0,1
130.700,0,0,0.0,0.0,1
130.700,0,0,0.0,0.0,1
130.700,0,0,0.0,0.0,1
130.800,0,0,0.0,0.0,1
130.800,0,0,0.0,0.0,1
130.900,0,0,0.0,0.0,1
130.900,0,0,0.0,0.0,1
130.900,0,0,0.0,0.0,1
131.000,0,0,0.0,0.0,1
131.000,0,0,0.0,0.0,1
131.000,0,0,0.0,0.0,1
131.100,0,0,0.0,0.0,1
131.100,0,0,0.0,0.0,1
131.200,0,0,0.0,0.0,1
131.200,0,0,0.0,0.0,1
131.200,0,0,0.0,0.0,1
131.300,0,0,0.0,0.0,1
131.300,0,0,0.0,0.0,1
131.400,0,0,0.0,0.0,1
131.400,0,0,0.0,0.0,1
131.400,0,0,0.0,0.0,1
131.500,0,0,0.0,0.0,1
131.500,0,0,0.0,0.0,1
131.500,0,0,0.0,0.0,1
131.600,0,0,0.0,0.0,1
131.600,0,0,0.0,0.0,1
131.700,0,0,0.0,0.0,1
131.700,0,0,0.0,0.0,1
131.700,0,0,0.0,0.0,1
131.800,0,0,0.0,0.0,1
131.800,0,0,0.0,0.0,1
131.800,0,0,0.0,0.0,1
131.900,0,0,0.0,0.0,1
131.900,0,0,0.0,0.0,1
132.000,0,0,0.0,0.0,1
132.000,0,0,0.0,0.0,1
132.000,0,0,0.0,0.0,1
132.100,0,0,0.0,0.0,1
132.100,0,0,0.0,0.0,1
132.200,0,0,0.0,0.0,1
132.200,0,0,0.0,0.0,1
132.200,0,0,0.0,0.0,1
132.300,0,0,0.0,0.0,1
132.300,0,0,0.0,0.0,1
132.300,0,0,0.0,0.0,1
132.400,0,0,0.0,0.0,1
132.400,0,0,0.0,0.0,1
132.500,0,0,0.0,0.0,1
132.500,0,0,0.0,0.0,1
132.500,0,0,0.0,0.0,1
132.600,0,0,0.0,0.0,1
132.600,0,0,0.0,0.0,1
132.700,0,0,0.0,0.0,1
132.700,0,0,0.0,0.0,1
132.700,0,0,0.0,0.0,1
132.800,0,0,0.0,0.0,1
132.800,0,0,0.0,0.0,1
132.800,0,0,0.0,0.0,1
132.900,0,0,0.0,0.0,1
132.900,0,0,0.0,0.0,1
133.000,0,0,0.0,0.0,1
133.000,0,0,0.0,0.0,1
133.000,0,0,0.0,0.0,1
133.100,0,0,0.0,0.0,1
133.100,0,0,0.0,0.0,1
133.200,0,0,0.0,0.0,1
133.200,0,0,0.0,0.0,1
133.200,0,0,0.0,0.0,1
133.300,0,0,0.0,0.0,1
133.300,0,0,0.0,0.0,1
133.300,0,0,0.0,0.0,1
133.400,0,0,0.0,0.0,1
133.400,0,0,0.0,0.0,1
133.500,0,0,0.0,0.0,1
133.500,0,0,0.0,0.0,1
133.500,0,0,0.0,0.0,1
133.600,0,0,0.0,0.0,1
133.600,0,0,0.0,0.0,1
133.700,0,0,0.0,0.0,1
133.700,0,0,0.0,0.0,1
133.700,0,0,0.0,0.0,1
133.800,0,0,0.0,0.0,1
133.800,0,0,0.0,0.0,1
133.800,0,0,0.0,0.0,1
133.900,0,0,0.0,0.0,1
133.900,0,0,0.0,0.0,1
134.000,0,0,0.0,0.0,1
134.000,0,0,0.0,0.0,1
134.000,0,0,0.0,0.0,1
134.100,0,0,0.0,0.0,1
134.100,0,0,0.0,0.0,1
134.100,0,0,0.0,0.0,1
134.200,0,0,0.0,0.0,1
134.200,0,0,0.0,0.0,1
134.300,0,0,0.0,0.0,1
134.300,0,0,0.0,0.0,1
134.300,0,0,0.0,0.0,1
134.400,0,0,0.0,0.0,1
134.400,0,0,0.0,0.0,1
134.500,0,0,0.0,0.0,1
134.500,0,0,0.0,0.0,1
134.500,0,0,0.0,0.0,1
134.600,0,0,0.0,0.0,1
134.600,0,0,0.0,0.0,1
134.600,0,0,0.0,0.0,1
134.700,0,0,0.0,0.0,1
134.700,0,0,0.0,0.0,1
134.800,0,0,0.0,0.0,1
134.800,0,0,0.0,0.0,1
134.800,0,0,0.0,0.0,1
134.900,0,0,0.0,0.0,1
134.900,0,0,0.0,0.0,1
135.000,0,0,0.0,0.0,1
135.000,0,0,0.0,0.0,1
135.000,0,0,0.0,0.0,1
135.100,0,0,0.0,0.0,1
135.100,0,0,0.0,0.0,1
135.100,0,0,0.0,0.0,1
135.200,0,0,0.0,0.0,1
135.200,0,0,0.0,0.0,1
135.300,0,0,0.0,0.0,1
135.300,0,0,0.0,0.0,1
135.300,0,0,0.0,0.0,1
135.400,0,0,0.0,0.0,1
135.400,0,0,0.0,0.0,1
135.500,0,0,0.0,0.0,1
135.500,0,0,0.0,0.0,1
135.500,0,0,0.0,0.0,1
135.600,0,0,0.0,0.0,1
135.600,0,0,0.0,0.0,1
135.600,0,0,0.0,0.0,1
135.700,0,0,0.0,0.0,1
135.700,0,0,0.0,0.0,1
135.800,0,0,0.0,0.0,1
135.800,0,0,0.0,0.0,1
135.800,0,0,0.0,0.0,1
135.900,0,0,0.0,0.0,1
135.900,0,0,0.0,0.0,1
136.000,0,0,0.0,0.0,1
136.000,0,0,0.0,0.0,1
136.000,0,0,0.0,0.0,1
136.100,0,0,0.0,0.0,1
136.100,0,0,0.0,0.0,1
136.100,0,0,0.0,0.0,1
136.200,0,0,0.0,0.0,1
136.200,0,0,0.0,0.0,1
136.300,0,0,0.0,0.0,1
136.300,0,0,0.0,0.0,1
136.300,0,0,0.0,0.0,1
136.400,0,0,0.0,0.0,1
136.400,0,0,0.0,0.0,1
136.400,0,0,0.0,0.0,1
136.500,0,0,0.0,0.0,1
136.500,0,0,0.0,0.0,1
136.600,0,0,0.0,0.0,1
136.600,0,0,0.0,0.0,1
136.600,0,0,0.0,0.0,1
136.700,0,0,0.0,0.0,1
136.700,0,0,0.0,0.0,1
136.800,0,0,0.0,0.0,1
136.800,0,0,0.0,0.0,1
136.800,0,0,0.0,0.0,1
136.900,0,0,0.0,0.0,1
136.900,0,0,0.0,0.0,1
136.900,0,0,0.0,0.0,1
137.000,0,0,0.0,0.0,1
137.000,0,0,0.0,0.0,1
137.100,0,0,0.0,0.0,1
137.100,0,0,0.0,0.0,1
137.100,0,0,0.0,0.0,1
137.200,0,0,0.0,0.0,1
137.200,0,0,0.0,0.0,1
137.300,0,0,0.0,0.0,1
137.300,0,0,0.0,0.0,1
137.300,0,0,0.0,0.0,1
137.400,0,0,0.0,0.0,1
137.400,0,0,0.0,0.0,1
137.400,0,0,0.0,0.0,1
137.500,0,0,0.0,0.0,1
137.500,0,0,0.0,0.0,1
137.600,0,0,0.0,0.0,1
137.600,0,0,0.0,0.0,1
137.600,0,0,0.0,0.0,1
137.700,0,0,0.0,0.0,1
137.700,0,0,0.0,0.0,1
137.800,0,0,0.0,0.0,1
137.800,0,0,0.0,0.0,1
137.800,0,0,0.0,0.0,1
137.900,0,0,0.0,0.0,1
137.900,0,0,0.0,0.0,1
137.900,0,0,0.0,0.0,1
138.000,0,0,0.0,0.0,1
138.000,0,0,0.0,0.0,1
138.100,0,0,0.0,0.0,1
138.100,0,0,0.0,0.0,1
138.100,0,0,0.0,0.0,1
138.200,0,0,0.0,0.0,1
138.200,0,0,0.0,0.0,1
138.300,0,0,0.0,0.0,1
138.300,0,0,0.0,0.0,1
138.300,0,0,0.0,0.0,1
138.400,0,0,0.0,0.0,1
138.400,0,0,0.0,0.0,1
138.400,0,0,0.0,0.0,1
138.500,0,0,0.0,0.0,1
138.500,0,0,0.0,0.0,1
138.600,0,0,0.0,0.0,1
138.600,0,0,0.0,0.0,1
138.600,0,0,0.0,0.0,1
138.700,0,0,0.0,0.0,1
138.700,0,0,0.0,0.0,1
138.700,0,0,0.0,0.0,1
138.800,0,0,0.0,0.0,1
138.800,0,0,0.0,0.0,1
138.900,0,0,0.0,0.0,1
138.900,0,0,0.0,0.0,1
138.900,0,0,0.0,0.0,1
139.000,0,0,0.0,0.0,1
139.000,0,0,0.0,0.0,1
139.100,0,0,0.0,0.0,1
139.100,0,0,0.0,0.0,1
139.100,0,0,0.0,0.0,1
139.200,0,0,0.0,0.0,1
139.200,0,0,0.0,0.0,1
139.200,0,0,0.0,0.0,1
139.300,0,0,0.0,0.0,1
139.300,0,0,0.0,0.0,1
139.400,0,0,0.0,0.0,1
139.400,0,0,0.0,0.0,1
139.400,0,0,0.0,0.0,1
139.500,0,0,0.0,0.0,1
139.500,0,0,0.0,0.0,1
139.600,0,0,0.0,0.0,1
139.600,0,0,0.0,0.0,1
139.600,0,0,0.0,0.0,1
139.700,0,0,0.0,0.0,1
139.700,0,0,0.0,0.0,1
139.700,0,0,0.0,0.0,1
139.800,0,0,0.0,0.0,1
139.800,0,0,0.0,0.0,1
139.900,0,0,0.0,0.0,1
139.900,0,0,0.0,0.0,1
139.900,0,0,0.0,0.0,1
140.000,0,0,0.0,0.0,1
140.000,0,0,0.0,0.0,1
140.100,0,0,0.0,0.0,1
140.100,0,0,0.0,0.0,1
140.100,0,0,0.0,0.0,1
140.200,0,0,0.0,0.0,1
140.200,0,0,0.0,0.0,1
140.200,0,0,0.0,0.0,1
140.300,0,0,0.0,0.0,1
140.300,0,0,0.0,0.0,1
140.400,0,0,0.0,0.0,1
140.400,0,0,0.0,0.0,1
140.400,0,0,0.0,0.0,1
140.500,0,0,0.0,0.0,1
140.500,0,0,0.0,0.0,1
140.600,0,0,0.0,0.0,1
140.600,0,0,0.0,0.0,1
140.600,0,0,0.0,0.0,1
140.700,0,0,0.0,0.0,1
140.700,0,0,0.0,0.0,1
140.700,0,0,0.0,0.0,1
140.800,0,0,0.0,0.0,1
140.800,0,0,0.0,0.0,1
140.900,0,0,0.0,0.0,1
140.900,0,0,0.0,0.0,1
140.900,0,0,0.0,0.0,1
141.000,0,0,0.0,0.0,1
141.000,0,0,0.0,0.0,1
141.000,0,0,0.0,0.0,1
141.100,0,0,0.0,0.0,1
141.100,0,0,0.0,0.0,1
141.200,0,0,0.0,0.0,1
141.200,0,0,0.0,0.0,1
141.200,0,0,0.0,0.0,1
141.300,0,0,0.0,0.0,1
141.300,0,0,0.0,0.0,1
141.400,0,0,0.0,0.0,1
141.400,0,0,0.0,0.0,1
141.400,0,0,0.0,0.0,1
141.500,0,0,0.0,0.0,1
141.500,0,0,0.0,0.0,1
141.500,0,0,0.0,0.0,1
141.600,0,0,0.0,0.0,1
141.600,0,0,0.0,0.0,1
141.700,0,0,0.0,0.0,1
141.700,0,0,0.0,0.0,1
141.700,0,0,0.0,0.0,1
141.800,0,0,0.0,0.0,1
141.800,0,0,0.0,0.0,1
141.900,0,0,0.0,0.0,1
141.900,0,0,0.0,0.0,1
141.900,0,0,0.0,0.0,1
142.000,0,0,0.0,0.0,1
142.000,0,0,0.0,0.0,1
142.000,0,0,0.0,0.0,1
142.100,0,0,0.0,0.0,1
142.100,0,0,0.0,0.0,1
142.200,0,0,0.0,0.0,1
142.200,0,0,0.0,0.0,1
142.200,0,0,0.0,0.0,1
142.300,0,0,0.0,0.0,1
142.300,0,0,0.0,0.0,1
142.400,0,0,0.0,0.0,1
142.400,0,0,0.0,0.0,1
142.400,0,0,0.0,0.0,1
142.500,0,0,0.0,0.0,1
142.500,0,0,0.0,0.0,1
142.500,0,0,0.0,0.0,1
142.600,0,0,0.0,0.0,1
142.600,0,0,0.0,0.0,1
142.700,0,0,0.0,0.0,1
142.700,0,0,0.0,0.0,1
142.700,0,0,0.0,0.0,1
142.800,0,0,0.0,0.0,1
142.800,0,0,0.0,0.0,1
142.900,0,0,0.0,0.0,1
142.900,0,0,0.0,0.0,1
142.900,0,0,0.0,0.0,1
143.000,0,0,0.0,0.0,1
143.000,0,0,0.0,0.0,1
143.000,0,0,0.0,0.0,1
143.100,0,0,0.0,0.0,1
143.100,0,0,0.0,0.0,1
143.200,0,0,0.0,0.0,1
143.200,0,0,0.0,0.0,1
143.200,0,0,0.0,0.0,1
143.300,0,0,0.0,0.0,1
143.300,0,0,0.0,0.0,1
143.300,0,0,0.0,0.0,1
143.400,0,0,0.0,0.0,1
143.400,0,0,0.0,0.0,1
143.500,0,0,0.0,0.0,1
143.500,0,0,0.0,0.0,1
143.500,0,0,0.0,0.0,1
143.600,0,0,0.0,0.0,1
143.600,0,0,0.0,0.0,1
143.700,0,0,0.0,0.0,1
143.700,0,0,0.0,0.0,1
143.700,0,0,0.0,0.0,1
143.800,0,0,0.0,0.0,1
143.800,0,0,0.0,0.0,1
143.800,0,0,0.0,0.0,1
143.900,0,0,0.0,0.0,1
143.900,0,0,0.0,0.0,1
144.000,0,0,0.0,0.0,1
144.000,0,0,0.0,0.0,1
144.000,0,0,0.0,0.0,1
144.100,0,0,0.0,0.0,1
144.100,0,0,0.0,0.0,1
144.200,0,0,0.0,0.0,1
144.200,0,0,0.0,0.0,1
144.200,0,0,0.0,0.0,1
144.300,0,0,0.0,0.0,1
144.300,0,0,0.0,0.0,1
144.300,0,0,0.0,0.0,1
144.400,0,0,0.0,0.0,1
144.400,0,0,0.0,0.0,1
144.500,0,0,0.0,0.0,1
144.500,0,0,0.0,0.0,1
144.500,0,0,0.0,0.0,1
144.600,0,0,0.0,0.0,1
144.600,0,0,0.0,0.0,1
144.700,0,0,0.0,0.0,1
144.700,0,0,0.0,0.0,1
144.700,0,0,0.0,0.0,1
144.800,0,0,0.0,0.0,1
144.800,0,0,0.0,0.0,1
144.800,0,0,0.0,0.0,1
144.900,0,0,0.0,0.0,1
144.900,0,0,0.0,0.0,1
145.000,0,0,0.0,0.0,1
145.000,0,0,0.0,0.0,1
145.000,0,0,0.0,0.0,1
145.100,0,0,0.0,0.0,1
145.100,0,0,0.0,0.0,1
145.200,0,0,0.0,0.0,1
145.200,0,0,0.0,0.0,1
145.200,0,0,0.0,0.0,1
145.300,0,0,0.0,0.0,1
145.300,0,0,0.0,0.0,1
145.300,0,0,0.0,0.0,1
145.400,0,0,0.0,0.0,1
145.400,0,0,0.0,0.0,1
145.500,0,0,0.0,0.0,1
145.500,0,0,0.0,0.0,1
145.500,0,0,0.0,0.0,1
145.600,0,0,0.0,0.0,1
145.600,0,0,0.0,0.0,1
145.600,0,0,0.0,0.0,1
145.700,0,0,0.0,0.0,1
145.700,0,0,0.0,0.0,1
145.800,0,0,0.0,0.0,1
145.800,0,0,0.0,0.0,1
145.800,0,0,0.0,0.0,1
145.900,0,0,0.0,0.0,1
145.900,0,0,0.0,0.0,1
146.000,0,0,0.0,0.0,1
146.000,0,0,0.0,0.0,1
146.000,0,0,0.0,0.0,1
146.100,0,0,0.0,0.0,1
146.100,0,0,0.0,0.0,1
146.100,0,0,0.0,0.0,1
146.200,0,0,0.0,0.0,1
146.200,0,0,0.0,0.0,1
146.300,0,0,0.0,0.0,1
146.300,0,0,0.0,0.0,1
146.300,0,0,0.0,0.0,1
146.400,0,0,0.0,0.0,1
146.400,0,0,0.0,0.0,1
146.500,0,0,0.0,0.0,1
146.500,0,0,0.0,0.0,1
146.500,0,0,0.0,0.0,1
146.600,0,0,0.0,0.0,1
146.600,0,0,0.0,0.0,1
146.600,0,0,0.0,0.0,1
146.700,0,0,0.0,0.0,1
146.700,0,0,0.0,0.0,1
146.800,0,0,0.0,0.0,1
146.800,0,0,0.0,0.0,1
146.800,0,0,0.0,0.0,1
146.900,0,0,0.0,0.0,1
146.900,0,0,0.0,0.0,1
147.000,0,0,0.0,0.0,1
147.000,0,0,0.0,0.0,1
147.000,0,0,0.0,0.0,1
147.100,0,0,0.0,0.0,1
147.100,0,0,0.0,0.0,1
147.100,0,0,0.0,0.0,1
147.200,0,0,0.0,0.0,1
147.200,0,0,0.0,0.0,1
147.300,0,0,0.0,0.0,1
147.300,0,0,0.0,0.0,1
147.300,0,0,0.0,0.0,1
147.400,0,0,0.0,0.0,1
147.400,0,0,0.0,0.0,1
147.500,0,0,0.0,0.0,1
147.500,0,0,0.0,0.0,1
147.500,0,0,0.0,0.0,1
147.600,0,0,0.0,0.0,1
147.600,0,0,0.0,0.0,1
147.600,0,0,0.0,0.0,1
147.700,0,0,0.0,0.0,1
147.700,0,0,0.0,0.0,1
147.800,0,0,0.0,0.0,1
147.800,0,0,0.0,0.0,1
147.800,0,0,0.0,0.0,1
147.900,0,0,0.0,0.0,1
147.900,0,0,0.0,0.0,1
147.900,0,0,0.0,0.0,1
148.000,0,0,0.0,0.0,1
148.000,0,0,0.0,0.0,1
148.100,0,0,0.0,0.0,1
148.100,0,0,0.0,0.0,1
148.100,0,0,0.0,0.0,1
148.200,0,0,0.0,0.0,1
148.200,0,0,0.0,0.0,1
148.300,0,0,0.0,0.0,1
148.300,0,0,0.0,0.0,1
148.300,0,0,0.0,0.0,1
148.400,0,0,0.0,0.0,1
148.400,0,0,0.0,0.0,1
148.400,0,0,0.0,0.0,1
148.500,0,0,0.0,0.0,1
148.500,0,0,0.0,0.0,1
148.600,0,0,0.0,0.0,1
148.600,0,0,0.0,0.0,1
148.600,0,0,0.0,0.0,1
148.700,0,0,0.0,0.0,1
148.700,0,0,0.0,0.0,1
148.800,0,0,0.0,0.0,1
148.800,0,0,0.0,0.0,1
148.800,0,0,0.0,0.0,1
148.900,0,0,0.0,0.0,1
148.900,0,0,0.0,0.0,1
148.900,0,0,0.0,0.0,1
149.000,0,0,0.0,0.0,1
149.000,0,0,0.0,0.0,1
149.100,0,0,0.0,0.0,1
149.100,0,0,0.0,0.0,1
149.100,0,0,0.0,0.0,1
149.200,0,0,0.0,0.0,1
149.200,0,0,0.0,0.0,1
149.300,0,0,0.0,0.0,1
149.300,0,0,0.0,0.0,1
149.300,0,0,0.0,0.0,1
149.400,0,0,0.0,0.0,1
149.400,0,0,0.0,0.0,1
149.400,0,0,0.0,0.0,1
149.500,0,0,0.0,0.0,1
149.500,0,0,0.0,0.0,1
149.600,0,0,0.0,0.0,1
149.600,0,0,0.0,0.0,1
149.600,0,0,0.0,0.0,1
149.700,0,0,0.0,0.0,1
149.700,0,0,0.0,0.0,1
149.700,0,0,0.0,0.0,1
149.800,0,0,0.0,0.0,1
149.800,0,0,0.0,0.0,1
149.900,0,0,0.0,0.0,1
149.900,0,0,0.0,0.0,1
149.900,0,0,0.0,0.0,1
150.000,0,0,0.0,0.0,1
150.000,0,0,0.0,0.0,1
150.100,0,0,0.0,0.0,1
150.100,0,0,0.0,0.0,1
150.100,0,0,0.0,0.0,1
150.200,0,0,0.0,0.0,1
150.200,0,0,0.0,0.0,1
150.200,0,0,0.0,0.0,1
150.300,0,0,0.0,0.0,1
150.300,0,0,0.0,0.0,1
150.400,0,0,0.0,0.0,1
150.400,0,0,0.0,0.0,1
150.400,0,0,0.0,0.0,1
150.500,0,0,0.0,0.0,1
150.500,0,0,0.0,0.0,1
150.600,0,0,0.0,0.0,1
150.600,0,0,0.0,0.0,1
150.600,0,0,0.0,0.0,1
150.700,0,0,0.0,0.0,1
150.700,0,0,0.0,0.0,1
150.700,0,0,0.0,0.0,1
150.800,0,0,0.0,0.0,1
150.800,0,0,0.0,0.0,1
150.900,0,0,0.0,0.0,1
150.900,0,0,0.0,0.0,1
150.900,0,0,0.0,0.0,1
151.000,0,0,0.0,0.0,1
151.000,0,0,0.0,0.0,1
151.100,0,0,0.0,0.0,1
151.100,0,0,0.0,0.0,1
151.100,0,0,0.0,0.0,1
151.200,0,0,0.0,0.0,1
151.200,0,0,0.0,0.0,1
151.200,0,0,0.0,0.0,1
151.300,0,0,0.0,0.0,1
151.300,0,0,0.0,0.0,1
151.400,0,0,0.0,0.0,1
151.400,0,0,0.0,0.0,1
151.400,0,0,0.0,0.0,1
151.500,0,0,0.0,0.0,1
151.500,0,0,0.0,0.0,1
151.600,0,0,0.0,0.0,1
151.600,0,0,0.0,0.0,1
151.600,0,0,0.0,0.0,1
151.700,0,0,0.0,0.0,1
151.700,0,0,0.0,0.0,1
151.700,0,0,0.0,0.0,1
151.800,0,0,0.0,0.0,1
151.800,0,0,0.0,0.0,1
151.900,0,0,0.0,0.0,1
151.900,0,0,0.0,0.0,1
151.900,0,0,0.0,0.0,1
152.000,0,0,0.0,0.0,1
152.000,0,0,0.0,0.0,1
152.000,0,0,0.0,0.0,1
152.100,0,0,0.0,0.0,1
152.100,0,0,0.0,0.0,1
152.200,0,0,0.0,0.0,1
152.200,0,0,0.0,0.0,1
152.200,0,0,0.0,0.0,1
152.300,0,0,0.0,0.0,1
152.300,0,0,0.0,0.0,1
152.400,0,0,0.0,0.0,1
152.400,0,0,0.0,0.0,1
152.400,0,0,0.0,0.0,1
152.500,0,0,0.0,0.0,1
152.500,0,0,0.0,0.0,1
152.500,0,0,0.0,0.0,1
152.600,0,0,0.0,0.0,1
152.600,0,0,0.0,0.0,1
152.700,0,0,0.0,0.0,1
152.700,0,0,0.0,0.0,1
152.700,0,0,0.0,0.0,1
152.800,0,0,0.0,0.0,1
152.800,0,0,0.0,0.0,1
152.900,0,0,0.0,0.0,1
152.900,0,0,0.0,0.0,1
152.900,0,0,0.0,0.0,1
153.000,0,0,0.0,0.0,1
153.000,0,0,0.0,0.0,1
153.000,0,0,0.0,0.0,1
153.100,0,0,0.0,0.0,1
153.100,0,0,0.0,0.0,1
153.200,0,0,0.0,0.0,1
153.200,0,0,0.0,0.0,1
153.200,0,0,0.0,0.0,1
153.300,0,0,0.0,0.0,1
153.300,0,0,0.0,0.0,1
153.400,0,0,0.0,0.0,1
153.400,0,0,0.0,0.0,1
153.400,0,0,0.0,0.0,1
153.500,0,0,0.0,0.0,1
153.500,0,0,0.0,0.0,1
153.500,0,0,0.0,0.0,1
153.600,0,0,0.0,0.0,1
153.600,0,0,0.0,0.0,1
153.700,0,0,0.0,0.0,1
153.700,0,0,0.0,0.0,1
153.700,0,0,0.0,0.0,1
153.800,0,0,0.0,0.0,1
153.800,0,0,0.0,0.0,1
153.900,0,0,0.0,0.0,1
153.900,0,0,0.0,0.0,1
153.900,0,0,0.0,0.0,1
154.000,0,0,0.0,0.0,1
154.000,0,0,0.0,0.0,1
154.000,0,0,0.0,0.0,1
154.100,0,0,0.0,0.0,1
154.100,0,0,0.0,0.0,1
154.200,0,0,0.0,0.0,1
154.200,0,0,0.0,0.0,1
154.200,0,0,0.0,0.0,1
154.300,0,0,0.0,0.0,1
154.300,0,0,0.0,0.0,1
154.300,0,0,0.0,0.0,1
154.400,0,0,0.0,0.0,1
154.400,0,0,0.0,0.0,1
154.500,0,0,0.0,0.0,1
154.500,0,0,0.0,0.0,1
154.500,0,0,0.0,0.0,1
154.600,0,0,0.0,0.0,1
154.600,0,0,0.0,0.0,1
154.700,0,0,0.0,0.0,1
154.700,0,0,0.0,0.0,1
154.700,0,0,0.0,0.0,1
154.800,0,0,0.0,0.0,1
154.800,0,0,0.0,0.0,1
154.800,0,0,0.0,0.0,1
154.900,0,0,0.0,0.0,1
154.900,0,0,0.0,0.0,1
155.000,0,0,0.0,0.0,1
155.000,0,0,0.0,0.0,1
155.000,0,0,0.0,0.0,1
155.100,0,0,0.0,0.0,1
155.100,0,0,0.0,0.0,1
155.200,0,0,0.0,0.0,1
155.200,0,0,0.0,0.0,1
155.200,0,0,0.0,0.0,1
155.300,0,0,0.0,0.0,1
155.300,0,0,0.0,0.0,1
155.300,0,0,0.0,0.0,1
155.400,0,0,0.0,0.0,1
155.400,0,0,0.0,0.0,1
155.500,0,0,0.0,0.0,1
155.500,0,0,0.0,0.0,1
155.500,0,0,0.0,0.0,1
155.600,0,0,0.0,0.0,1
155.600,0,0,0.0,0.0,1
155.700,0,0,0.0,0.0,1
155.700,0,0,0.0,0.0,1
155.700,0,0,0.0,0.0,1
155.800,0,0,0.0,0.0,1
155.800,0,0,0.0,0.0,1
155.800,0,0,0.0,0.0,1
155.900,0,0,0.0,0.0,1
155.900,0,0,0.0,0.0,1
156.000,0,0,0.0,0.0,1
156.000,0,0,0.0,0.0,1
156.000,0,0,0.0,0.0,1
156.100,0,0,0.0,0.0,1
156.100,0,0,0.0,0.0,1
156.200,0,0,0.0,0.0,1
156.200,0,0,0.0,0.0,1
156.200,0,0,0.0,0.0,1
156.300,0,0,0.0,0.0,1
156.300,0,0,0.0,0.0,1
156.300,0,0,0.0,0.0,1
156.400,0,0,0.0,0.0,1
156.400,0,0,0.0,0.0,1
156.500,0,0,0.0,0.0,1
156.500,0,0,0.0,0.0,1
156.500,0,0,0.0,0.0,1
156.600,0,0,0.0,0.0,1
156.600,0,0,0.0,0.0,1
156.600,0,0,0.0,0.0,1
156.700,0,0,0.0,0.0,1
156.700,0,0,0.0,0.0,1
156.800,0,0,0.0,0.0,1
156.800,0,0,0.0,0.0,1
156.800,0,0,0.0,0.0,1
156.900,0,0,0.0,0.0,1
156.900,0,0,0.0,0.0,1
157.000,0,0,0.0,0.0,1
157.000,0,0,0.0,0.0,1
157.000,0,0,0.0,0.0,1
157.100,0,0,0.0,0.0,1
157.100,0,0,0.0,0.0,1
157.100,0,0,0.0,0.0,1
157.200,0,0,0.0,0.0,1
157.200,0,0,0.0,0.0,1
157.300,0,0,0.0,0.0,1
157.300,0,0,0.0,0.0,1
157.300,0,0,0.0,0.0,1
157.400,0,0,0.0,0.0,1
157.400,0,0,0.0,0.0,1
157.500,0,0,0.0,0.0,1
157.500,0,0,0.0,0.0,1
157.500,0,0,0.0,0.0,1
157.600,0,0,0.0,0.0,1
157.600,0,0,0.0,0.0,1
157.600,0,0,0.0,0.0,1
157.700,0,0,0.0,0.0,1
157.700,0,0,0.0,0.0,1
157.800,0,0,0.0,0.0,1
157.800,0,0,0.0,0.0,1
157.800,0,0,0.0,0.0,1
157.900,0,0,0.0,0.0,1
157.900,0,0,0.0,0.0,1
158.000,0,0,0.0,0.0,1
158.000,0,0,0.0,0.0,1
158.000,0,0,0.0,0.0,1
158.100,0,0,0.0,0.0,1
158.100,0,0,0.0,0.0,1
158.100,0,0,0.0,0.0,1
158.200,0,0,0.0,0.0,1
158.200,0,0,0.0,0.0,1
158.300,0,0,0.0,0.0,1
158.300,0,0,0.0,0.0,1
158.300,0,0,0.0,0.0,1
158.400,0,0,0.0,0.0,1
158.400,0,0,0.0,0.0,1
158.500,0,0,0.0,0.0,1
158.500,0,0,0.0,0.0,1
158.500,0,0,0.0,0.0,1
158.600,0,0,0.0,0.0,1
158.600,0,0,0.0,0.0,1
158.600,0,0,0.0,0.0,1
158.700,0,0,0.0,0.0,1
158.700,0,0,0.0,0.0,1
158.800,0,0,0.0,0.0,1
158.800,0,0,0.0,0.0,1
158.800,0,0,0.0,0.0,1
158.900,0,0,0.0,0.0,1
158.900,0,0,0.0,0.0,1
158.900,0,0,0.0,0.0,1
159.000,0,0,0.0,0.0,1
159.000,0,0,0.0,0.0,1
159.100,0,0,0.0,0.0,1
159.100,0,0,0.0,0.0,1
159.100,0,0,0.0,0.0,1
159.200,0,0,0.0,0.0,1
159.200,0,0,0.0,0.0,1
159.300,0,0,0.0,0.0,1
159.300,0,0,0.0,0.0,1
159.300,0,0,0.0,0.0,1
159.400,0,0,0.0,0.0,1
159.400,0,0,0.0,0.0,1
159.400,0,0,0.0,0.0,1
159.500,0,0,0.0,0.0,1
159.500,0,0,0.0,0.0,1
159.600,0,0,0.0,0.0,1
159.600,0,0,0.0,0.0,1
159.600,0,0,0.0,0.0,1
159.700,0,0,0.0,0.0,1
159.700,0,0,0.0,0.0,1
159.800,0,0,0.0,0.0,1
159.800,0,0,0.0,0.0,1
159.800,0,0,0.0,0.0,1
159.900,0,0,0.0,0.0,1
159.900,0,0,0.0,0.0,1
159.900,0,0,0.0,0.0,1
160.000,0,0,0.0,0.0,1
160.000,0,0,0.0,0.0,1
160.100,0,0,0.0,0.0,1
160.100,0,0,0.0,0.0,1
160.100,0,0,0.0,0.0,1
160.200,0,0,0.0,0.0,1
160.200,0,0,0.0,0.0,1
160.300,0,0,0.0,0.0,1
160.300,0,0,0.0,0.0,1
160.300,0,0,0.0,0.0,1
160.400,0,0,0.0,0.0,1
160.400,0,0,0.0,0.0,1
160.400,0,0,0.0,0.0,1
160.500,0,0,0.0,0.0,1
160.500,0,0,0.0,0.0,1
160.600,0,0,0.0,0.0,1
160.600,0,0,0.0,0.0,1
160.600,0,0,0.0,0.0,1
160.700,0,0,0.0,0.0,1
160.700,0,0,0.0,0.0,1
160.800,0,0,0.0,0.0,1
160.800,0,0,0.0,0.0,1
160.800,0,0,0.0,0.0,1
160.900,0,0,0.0,0.0,1
160.900,0,0,0.0,0.0,1
160.900,0,0,0.0,0.0,1
161.000,0,0,0.0,0.0,1
161.000,0,0,0.0,0.0,1
161.100,0,0,0.0,0.0,1
161.100,0,0,0.0,0.0,1
161.100,0,0,0.0,0.0,1
161.200,0,0,0.0,0.0,1
161.200,0,0,0.0,0.0,1
161.200,0,0,0.0,0.0,1
161.300,0,0,0.0,0.0,1
161.300,0,0,0.0,0.0,1
161.400,0,0,0.0,0.0,1
161.400,0,0,0.0,0.0,1
161.400,0,0,0.0,0.0,1
161.500,0,0,0.0,0.0,1
161.500,0,0,0.0,0.0,1
161.600,0,0,0.0,0.0,1
161.600,0,0,0.0,0.0,1
161.600,0,0,0.0,0.0,1
161.700,0,0,0.0,0.0,1
161.700,0,0,0.0,0.0,1
161.700,0,0,0.0,0.0,1
161.800,0,0,0.0,0.0,1
161.800,0,0,0.0,0.0,1
161.900,0,0,0.0,0.0,1
161.900,0,0,0.0,0.0,1
161.900,0,0,0.0,0.0,1
162.000,0,0,0.0,0.0,1
162.000,0,0,0.0,0.0,1
162.100,0,0,0.0,0.0,1
162.100,0,0,0.0,0.0,1
162.100,0,0,0.0,0.0,1
162.200,0,0,0.0,0.0,1
162.200,0,0,0.0,0.0,1
162.200,0,0,0.0,0.0,1
162.300,0,0,0.0,0.0,1
162.300,0,0,0.0,0.0,1
162.400,0,0,0.0,0.0,1
162.400,0,0,0.0,0.0,1
162.400,0,0,0.0,0.0,1
162.500,0,0,0.0,0.0,1
162.500,0,0,0.0,0.0,1
162.600,0,0,0.0,0.0,1
162.600,0,0,0.0,0.0,1
162.600,0,0,0.0,0.0,1
162.700,0,0,0.0,0.0,1
162.700,0,0,0.0,0.0,1
162.700,0,0,0.0,0.0,1
162.800,0,0,0.0,0.0,1
162.800,0,0,0.0,0.0,1
162.900,0,0,0.0,0.0,1
162.900,0,0,0.0,0.0,1
162.900,0,0,0.0,0.0,1
163.000,0,0,0.0,0.0,1
163.000,0,0,0.0,0.0,1
163.100,0,0,0.0,0.0,1
163.100,0,0,0.0,0.0,1
163.100,0,0,0.0,0.0,1
163.200,0,0,0.0,0.0,1
163.200,0,0,0.0,0.0,1
163.200,0,0,0.0,0.0,1
163.300,0,0,0.0,0.0,1
163.300,0,0,0.0,0.0,1
163.400,0,0,0.0,0.0,1
163.400,0,0,0.0,0.0,1
163.400,0,0,0.0,0.0,1
163.500,0,0,0.0,0.0,1
163.500,0,0,0.0,0.0,1
163.500,0,0,0.0,0.0,1
163.600,0,0,0.0,0.0,1
163.600,0,0,0.0,0.0,1
163.700,0,0,0.0,0.0,1
163.700,0,0,0.0,0.0,1
163.700,0,0,0.0,0.0,1
163.800,0,0,0.0,0.0,1
163.800,0,0,0.0,0.0,1
163.900,0,0,0.0,0.0,1
163.900,0,0,0.0,0.0,1
163.900,0,0,0.0,0.0,1
164.000,0,0,0.0,0.0,1
164.000,0,0,0.0,0.0,1
164.000,0,0,0.0,0.0,1
164.100,0,0,0.0,0.0,1
164.100,0,0,0.0,0.0,1
164.200,0,0,0.0,0.0,1
164.200,0,0,0.0,0.0,1
164.200,0,0,0.0,0.0,1
164.300,0,0,0.0,0.0,1
164.300,0,0,0.0,0.0,1
164.400,0,0,0.0,0.0,1
164.400,0,0,0.0,0.0,1
164.400,0,0,0.0,0.0,1
164.500,0,0,0.0,0.0,1
164.500,0,0,0.0,0.0,1
164.500,0,0,0.0,0.0,1
164.600,0,0,0.0,0.0,1
164.600,0,0,0.0,0.0,1
164.700,0,0,0.0,0.0,1
164.700,0,0,0.0,0.0,1
164.700,0,0,0.0,0.0,1
164.800,0,0,0.0,0.0,1
164.800,0,0,0.0,0.0,1
164.900,0,0,0.0,0.0,1
164.900,0,0,0.0,0.0,1
164.900,0,0,0.0,0.0,1
165.000,0,0,0.0,0.0,1
165.000,0,0,0.0,0.0,1
165.000,0,0,0.0,0.0,1
165.100,0,0,0.0,0.0,1
165.100,0,0,0.0,0.0,1
165.200,0,0,0.0,0.0,1
165.200,0,0,0.0,0.0,1
165.200,0,0,0.0,0.0,1
165.300,0,0,0.0,0.0,1
165.300,0,0,0.0,0.0,1
165.400,0,0,0.0,0.0,1
165.400,0,0,0.0,0.0,1
165.400,0,0,0.0,0.0,1
165.500,0,0,0.0,0.0,1
165.500,0,0,0.0,0.0,1
165.500,0,0,0.0,0.0,1
165.600,0,0,0.0,0.0,1
165.600,0,0,0.0,0.0,1
165.700,0,0,0.0,0.0,1
165.700,0,0,0.0,0.0,1
165.700,0,0,0.0,0.0,1
165.800,0,0,0.0,0.0,1
165.800,0,0,0.0,0.0,1
165.800,0,0,0.0,0.0,1
165.900,0,0,0.0,0.0,1
165.900,0,0,0.0,0.0,1
166.000,0,0,0.0,0.0,1
166.000,0,0,0.0,0.0,1
166.000,0,0,0.0,0.0,1
166.100,0,0,0.0,0.0,1
166.100,0,0,0.0,0.0,1
166.200,0,0,0.0,0.0,1
166.200,0,0,0.0,0.0,1
166.200,0,0,0.0,0.0,1
166.300,0,0,0.0,0.0,1
166.300,0,0,0.0,0.0,1
166.300,0,0,0.0,0.0,1
166.400,0,0,0.0,0.0,1
166.400,0,0,0.0,0.0,1
166.500,0,0,0.0,0.0,1
166.500,0,0,0.0,0.0,1
166.500,0,0,0.0,0.0,1
166.600,0,0,0.0,0.0,1
166.600,0,0,0.0,0.0,1
166.700,0,0,0.0,0.0,1
166.700,0,0,0.0,0.0,1
166.700,0,0,0.0,0.0,1
166.800,0,0,0.0,0.0,1
166.800,0,0,0.0,0.0,1
166.800,0,0,0.0,0.0,1
166.900,0,0,0.0,0.0,1
166.900,0,0,0.0,0.0,1
167.000,0,0,0.0,0.0,1
167.000,0,0,0.0,0.0,1
167.000,0,0,0.0,0.0,1
167.100,0,0,0.0,0.0,1
167.100,0,0,0.0,0.0,1
167.200,0,0,0.0,0.0,1
167.200,0,0,0.0,0.0,1
167.200,0,0,0.0,0.0,1
167.300,0,0,0.0,0.0,1
167.300,0,0,0.0,0.0,1
167.300,0,0,0.0,0.0,1
167.400,0,0,0.0,0.0,1
167.400,0,0,0.0,0.0,1
167.500,0,0,0.0,0.0,1
167.500,0,0,0.0,0.0,1
167.500,0,0,0.0,0.0,1
167.600,0,0,0.0,0.0,1
167.600,0,0,0.0,0.0,1
167.700,0,0,0.0,0.0,1
167.700,0,0,0.0,0.0,1
167.700,0,0,0.0,0.0,1
167.800,0,0,0.0,0.0,1
167.800,0,0,0.0,0.0,1
167.800,0,0,0.0,0.0,1
167.900,0,0,0.0,0.0,1
167.900,0,0,0.0,0.0,1
168.000,0,0,0.0,0.0,1
168.000,0,0,0.0,0.0,1
168.000,0,0,0.0,0.0,1
168.100,0,0,0.0,0.0,1
168.100,0,0,0.0,0.0,1
168.100,0,0,0.0,0.0,1
168.200,0,0,0.0,0.0,1
168.200,0,0,0.0,0.0,1
168.300,0,0,0.0,0.0,1
168.300,0,0,0.0,0.0,1
168.300,0,0,0.0,0.0,1
168.400,0,0,0.0,0.0,1
168.400,0,0,0.0,0.0,1
168.500,0,0,0.0,0.0,1
168.500,0,0,0.0,0.0,1
168.500,0,0,0.0,0.0,1
168.600,0,0,0.0,0.0,1
168.600,0,0,0.0,0.0,1
168.600,0,0,0.0,0.0,1
168.700,0,0,0.0,0.0,1
168.700,0,0,0.0,0.0,1
168.800,0,0,0.0,0.0,1
168.800,0,0,0.0,0.0,1
168.800,0,0,0.0,0.0,1
168.900,0,0,0.0,0.0,1
168.900,0,0,0.0,0.0,1
169.000,0,0,0.0,0.0,1
169.000,0,0,0.0,0.0,1
169.000,0,0,0.0,0.0,1
169.100,0,0,0.0,0.0,1
169.100,0,0,0.0,0.0,1
169.100,0,0,0.0,0.0,1
169.200,0,0,0.0,0.0,1
169.200,0,0,0.0,0.0,1
169.300,0,0,0.0,0.0,1
169.300,0,0,0.0,0.0,1
169.300,0,0,0.0,0.0,1
169.400,0,0,0.0,0.0,1
169.400,0,0,0.0,0.0,1
169.500,0,0,0.0,0.0,1
169.500,0,0,0.0,0.0,1
169.500,0,0,0.0,0.0,1
169.600,0,0,0.0,0.0,1
169.600,0,0,0.0,0.0,1
169.600,0,0,0.0,0.0,1
169.700,0,0,0.0,0.0,1
169.700,0,0,0.0,0.0,1
169.800,0,0,0.0,0.0,1
169.800,0,0,0.0,0.0,1
169.800,0,0,0.0,0.0,1
169.900,0,0,0.0,0.0,1
169.900,0,0,0.0,0.0,1
170.000,0,0,0.0,0.0,1
170.000,0,0,0.0,0.0,1
170.000,0,0,0.0,0.0,1
170.100,0,0,0.0,0.0,1
170.100,0,0,0.0,0.0,1
170.100,0,0,0.0,0.0,1
170.200,0,0,0.0,0.0,1
170.200,0,0,0.0,0.0,1
170.300,0,0,0.0,0.0,1
170.300,0,0,0.0,0.0,1
170.300,0,0,0.0,0.0,1
170.400,0,0,0.0,0.0,1
170.400,0,0,0.0,0.0,1
170.400,0,0,0.0,0.0,1
170.500,0,0,0.0,0.0,1
170.500,0,0,0.0,0.0,1
170.600,0,0,0.0,0.0,1
170.600,0,0,0.0,0.0,1
170.600,0,0,0.0,0.0,1
170.700,0,0,0.0,0.0,1
170.700,0,0,0.0,0.0,1
170.800,0,0,0.0,0.0,1
170.800,0,0,0.0,0.0,1
170.800,0,0,0.0,0.0,1
170.900,0,0,0.0,0.0,1
170.900,0,0,0.0,0.0,1
170.900,0,0,0.0,0.0,1
171.000,0,0,0.0,0.0,1
171.000,0,0,0.0,0.0,1
171.100,0,0,0.0,0.0,1
171.100,0,0,0.0,0.0,1
171.100,0,0,0.0,0.0,1
171.200,0,0,0.0,0.0,1
171.200,0,0,0.0,0.0,1
171.300,0,0,0.0,0.0,1
171.300,0,0,0.0,0.0,1
171.300,0,0,0.0,0.0,1
171.400,0,0,0.0,0.0,1
171.400,0,0,0.0,0.0,1
171.400,0,0,0.0,0.0,1
171.500,0,0,0.0,0.0,1
171.500,0,0,0.0,0.0,1
171.600,0,0,0.0,0.0,1
171.600,0,0,0.0,0.0,1
171.600,0,0,0.0,0.0,1
171.700,0,0,0.0,0.0,1
171.700,0,0,0.0,0.0,1
171.800,0,0,0.0,0.0,1
171.800,0,0,0.0,0.0,1
171.800,0,0,0.0,0.0,1
171.900,0,0,0.0,0.0,1
171.900,0,0,0.0,0.0,1
171.900,0,0,0.0,0.0,1
172.000,0,0,0.0,0.0,1
172.000,0,0,0.0,0.0,1
172.100,0,0,0.0,0.0,1
172.100,0,0,0.0,0.0,1
172.100,0,0,0.0,0.0,1
172.200,0,0,0.0,0.0,1
172.200,0,0,0.0,0.0,1
172.200,0,0,0.0,0.0,1
172.300,0,0,0.0,0.0,1
172.300,0,0,0.0,0.0,1
172.400,0,0,0.0,0.0,1
172.400,0,0,0.0,0.0,1
172.400,0,0,0.0,0.0,1
172.500,0,0,0.0,0.0,1
172.500,0,0,0.0,0.0,1
172.600,0,0,0.0,0.0,1
172.600,0,0,0.0,0.0,1
172.600,0,0,0.0,0.0,1
172.700,0,0,0.0,0.0,1
172.700,0,0,0.0,0.0,1
172.700,0,0,0.0,0.0,1
172.800,0,0,0.0,0.0,1
172.800,0,0,0.0,0.0,1
172.900,0,0,0.0,0.0,1
172.900,0,0,0.0,0.0,1
172.900,0,0,0.0,0.0,1
173.000,0,0,0.0,0.0,1
173.000,0,0,0.0,0.0,1
173.100,0,0,0.0,0.0,1
173.100,0,0,0.0,0.0,1
173.100,0,0,0.0,0.0,1
173.200,0,0,0.0,0.0,1
173.200,0,0,0.0,0.0,1
173.200,0,0,0.0,0.0,1
173.300,0,0,0.0,0.0,1
173.300,0,0,0.0,0.0,1
173.400,0,0,0.0,0.0,1
173.400,0,0,0.0,0.0,1
173.400,0,0,0.0,0.0,1
173.500,0,0,0.0,0.0,1
173.500,0,0,0.0,0.0,1
173.600,0,0,0.0,0.0,1
173.600,0,0,0.0,0.0,1
173.600,0,0,0.0,0.0,1
173.700,0,0,0.0,0.0,1
173.700,0,0,0.0,0.0,1
173.700,0,0,0.0,0.0,1
173.800,0,0,0.0,0.0,1
173.800,0,0,0.0,0.0,1
173.900,0,0,0.0,0.0,1
173.900,0,0,0.0,0.0,1
173.900,0,0,0.0,0.0,1
174.000,0,0,0.0,0.0,1
174.000,0,0,0.0,0.0,1
174.100,0,0,0.0,0.0,1
174.100,0,0,0.0,0.0,1
174.100,0,0,0.0,0.0,1
174.200,0,0,0.0,0.0,1
174.200,0,0,0.0,0.0,1
174.200,0,0,0.0,0.0,1
174.300,0,0,0.0,0.0,1
174.300,0,0,0.0,0.0,1
174.400,0,0,0.0,0.0,1
174.400,0,0,0.0,0.0,1
174.400,0,0,0.0,0.0,1
174.500,0,0,0.0,0.0,1
174.500,0,0,0.0,0.0,1
174.500,0,0,0.0,0.0,1
174.600,0,0,0.0,0.0,1
174.600,0,0,0.0,0.0,1
174.700,0,0,0.0,0.0,1
174.700,0,0,0.0,0.0,1
174.700,0,0,0.0,0.0,1
174.800,0,0,0.0,0.0,1
174.800,0,0,0.0,0.0,1
174.900,0,0,0.0,0.0,1
174.900,0,0,0.0,0.0,1
174.900,0,0,0.0,0.0,1
175.000,0,0,0.0,0.0,1
175.000,0,0,0.0,0.0,1
175.000,0,0,0.0,0.0,1
175.100,0,0,0.0,0.0,1
175.100,0,0,0.0,0.0,1
175.200,0,0,0.0,0.0,1
175.200,0,0,0.0,0.0,1
175.200,0,0,0.0,0.0,1
175.300,0,0,0.0,0.0,1
175.300,0,0,0.0,0.0,1
175.400,0,0,0.0,0.0,1
175.400,0,0,0.0,0.0,1
175.400,0,0,0.0,0.0,1
175.500,0,0,0.0,0.0,1
175.500,0,0,0.0,0.0,1
175.500,0,0,0.0,0.0,1
175.600,0,0,0.0,0.0,1
175.600,0,0,0.0,0.0,1
175.700,0,0,0.0,0.0,1
175.700,0,0,0.0,0.0,1
175.700,0,0,0.0,0.0,1
175.800,0,0,0.0,0.0,1
175.800,0,0,0.0,0.0,1
175.900,0,0,0.0,0.0,1
175.900,0,0,0.0,0.0,1
175.900,0,0,0.0,0.0,1
176.000,0,0,0.0,0.0,1
176.000,0,0,0.0,0.0,1
176.000,0,0,0.0,0.0,1
176.100,0,0,0.0,0.0,1
176.100,0,0,0.0,0.0,1
176.200,0,0,0.0,0.0,1
176.200,0,0,0.0,0.0,1
176.200,0,0,0.0,0.0,1
176.300,0,0,0.0,0.0,1
176.300,0,0,0.0,0.0,1
176.400,0,0,0.0,0.0,1
176.400,0,0,0.0,0.0,1
176.400,0,0,0.0,0.0,1
176.500,0,0,0.0,0.0,1
176.500,0,0,0.0,0.0,1
176.500,0,0,0.0,0.0,1
176.600,0,0,0.0,0.0,1
176.600,0,0,0.0,0.0,1
176.700,0,0,0.0,0.0,1
176.700,0,0,0.0,0.0,1
176.700,0,0,0.0,0.0,1
176.800,0,0,0.0,0.0,1
176.800,0,0,0.0,0.0,1
176.800,0,0,0.0,0.0,1
176.900,0,0,0.0,0.0,1
176.900,0,0,0.0,0.0,1
177.000,0,0,0.0,0.0,1
177.000,0,0,0.0,0.0,1
177.000,0,0,0.0,0.0,1
177.100,0,0,0.0,0.0,1
177.100,0,0,0.0,0.0,1
177.200,0,0,0.0,0.0,1
177.200,0,0,0.0,0.0,1
177.200,0,0,0.0,0.0,1
177.300,0,0,0.0,0.0,1
177.300,0,0,0.0,0.0,1
177.300,0,0,0.0,0.0,1
177.400,0,0,0.0,0.0,1
177.400,0,0,0.0,0.0,1
177.500,0,0,0.0,0.0,1
177.500,0,0,0.0,0.0,1
177.500,0,0,0.0,0.0,1
177.600,0,0,0.0,0.0,1
177.600,0,0,0.0,0.0,1
177.700,0,0,0.0,0.0,1
177.700,0,0,0.0,0.0,1
177.700,0,0,0.0,0.0,1
177.800,0,0,0.0,0.0,1
177.800,0,0,0.0,0.0,1
177.800,0,0,0.0,0.0,1
177.900,0,0,0.0,0.0,1
177.900,0,0,0.0,0.0,1
178.000,0,0,0.0,0.0,1
178.000,0,0,0.0,0.0,1
178.000,0,0,0.0,0.0,1
178.100,0,0,0.0,0.0,1
178.100,0,0,0.0,0.0,1
178.200,0,0,0.0,0.0,1
178.200,0,0,0.0,0.0,1
178.200,0,0,0.0,0.0,1
178.300,0,0,0.0,0.0,1
178.300,0,0,0.0,0.0,1
178.300,0,0,0.0,0.0,1
178.400,0,0,0.0,0.0,1
178.400,0,0,0.0,0.0,1
178.500,0,0,0.0,0.0,1
178.500,0,0,0.0,0.0,1
178.500,0,0,0.0,0.0,1
178.600,0,0,0.0,0.0,1
178.600,0,0,0.0,0.0,1
178.700,0,0,0.0,0.0,1
178.700,0,0,0.0,0.0,1
178.700,0,0,0.0,0.0,1
178.800,0,0,0.0,0.0,1
178.800,0,0,0.0,0.0,1
178.800,0,0,0.0,0.0,1
178.900,0,0,0.0,0.0,1
178.900,0,0,0.0,0.0,1
179.000,0,0,0.0,0.0,1
179.000,0,0,0.0,0.0,1
179.000,0,0,0.0,0.0,1
179.100,0,0,0.0,0.0,1
179.100,0,0,0.0,0.0,1
179.100,0,0,0.0,0.0,1
179.200,0,0,0.0,0.0,1
179.200,0,0,0.0,0.0,1
179.300,0,0,0.0,0.0,1
179.300,0,0,0.0,0.0,1
179.300,0,0,0.0,0.0,1
179.400,0,0,0.0,0.0,1
179.400,0,0,0.0,0.0,1
179.500,0,0,0.0,0.0,1
179.500,0,0,0.0,0.0,1
179.500,0,0,0.0,0.0,1
179.600,0,0,0.0,0.0,1
179.600,0,0,0.0,0.0,1
179.600,0,0,0.0,0.0,1
179.700,0,0,0.0,0.0,1
179.700,0,0,0.0,0.0,1
179.800,0,0,0.0,0.0,1
179.800,0,0,0.0,0.0,1
179.800,0,0,0.0,0.0,1
179.900,0,0,0.0,0.0,1
179.900,0,0,0.0,0.0,1
180.000,0,0,0.0,0.0,1
180.000,0,0,0.0,0.0,1
180.000,0,0,0.0,0.0,1
180.100,0,0,0.0,0.0,1
180.100,0,0,0.0,0.0,1
180.100,0,0,0.0,0.0,1
180.200,0,0,0.0,0.0,1
180.200,0,0,0.0,0.0,1
180.300,0,0,0.0,0.0,1
180.300,0,0,0.0,0.0,1
180.300,0,0,0.0,0.0,1
180.400,0,0,0.0,0.0,1
180.400,0,0,0.0,0.0,1
180.500,0,0,0.0,0.0,1
180.500,0,0,0.0,0.0,1
180.500,0,0,0.0,0.0,1
180.600,0,0,0.0,0.0,1
180.600,0,0,0.0,0.0,1
180.600,0,0,0.0,0.0,1
180.700,0,0,0.0,0.0,1
180.700,0,0,0.0,0.0,1
180.800,0,0,0.0,0.0,1
180.800,0,0,0.0,0.0,1
180.800,0,0,0.0,0.0,1
180.900,0,0,0.0,0.0,1
180.900,0,0,0.0,0.0,1
181.000,0,0,0.0,0.0,1
181.000,0,0,0.0,0.0,1
181.000,0,0,0.0,0.0,1
181.100,0,0,0.0,0.0,1
181.100,0,0,0.0,0.0,1
181.100,0,0,0.0,0.0,1
181.200,0,0,0.0,0.0,1
181.200,0,0,0.0,0.0,1
181.300,0,0,0.0,0.0,1
181.300,0,0,0.0,0.0,1
181.300,0,0,0.0,0.0,1
181.400,0,0,0.0,0.0,1
181.400,0,0,0.0,0.0,1
181.400,0,0,0.0,0.0,1
181.500,0,0,0.0,0.0,1
181.500,0,0,0.0,0.0,1
181.600,0,0,0.0,0.0,1
181.600,0,0,0.0,0.0,1
181.600,0,0,0.0,0.0,1
181.700,0,0,0.0,0.0,1
181.700,0,0,0.0,0.0,1
181.800,0,0,0.0,0.0,1
181.800,0,0,0.0,0.0,1
181.800,0,0,0.0,0.0,1
181.900,0,0,0.0,0.0,1
181.900,0,0,0.0,0.0,1
181.900,0,0,0.0,0.0,1
182.000,0,0,0.0,0.0,1
182.000,0,0,0.0,0.0,1
182.100,0,0,0.0,0.0,1
182.100,0,0,0.0,0.0,1
182.100,0,0,0.0,0.0,1
182.200,0,0,0.0,0.0,1
182.200,0,0,0.0,0.0,1
182.300,0,0,0.0,0.0,1
182.300,0,0,0.0,0.0,1
182.300,0,0,0.0,0.0,1
182.400,0,0,0.0,0.0,1
182.400,0,0,0.0,0.0,1
182.400,0,0,0.0,0.0,1
182.500,0,0,0.0,0.0,1
182.500,0,0,0.0,0.0,1
182.600,0,0,0.0,0.0,1
182.600,0,0,0.0,0.0,1
182.600,0,0,0.0,0.0,1
182.700,0,0,0.0,0.0,1
182.700,0,0,0.0,0.0,1
182.800,0,0,0.0,0.0,1
182.800,0,0,0.0,0.0,1
182.800,0,0,0.0,0.0,1
182.900,0,0,0.0,0.0,1
182.900,0,0,0.0,0.0,1
182.900,0,0,0.0,0.0,1
183.000,0,0,0.0,0.0,1
183.000,0,0,0.0,0.0,1
183.100,0,0,0.0,0.0,1
183.100,0,0,0.0,0.0,1
183.100,0,0,0.0,0.0,1
183.200,0,0,0.0,0.0,1
183.200,0,0,0.0,0.0,1
183.300,0,0,0.0,0.0,1
183.300,0,0,0.0,0.0,1
183.300,0,0,0.0,0.0,1
183.400,0,0,0.0,0.0,1
183.400,0,0,0.0,0.0,1
183.400,0,0,0.0,0.0,1
183.500,0,0,0.0,0.0,1
183.500,0,0,0.0,0.0,1
183.600,0,0,0.0,0.0,1
183.600,0,0,0.0,0.0,1
183.600,0,0,0.0,0.0,1
183.700,0,0,0.0,0.0,1
183.700,0,0,0.0,0.0,1
183.700,0,0,0.0,0.0,1
183.800,0,0,0.0,0.0,1
183.800,0,0,0.0,0.0,1
183.900,0,0,0.0,0.0,1
183.900,0,0,0.0,0.0,1
183.900,0,0,0.0,0.0,1
184.000,0,0,0.0,0.0,1
184.000,0,0,0.0,0.0,1
184.100,0,0,0.0,0.0,1
184.100,0,0,0.0,0.0,1
184.100,0,0,0.0,0.0,1
184.200,0,0,0.0,0.0,1
184.200,0,0,0.0,0.0,1
184.200,0,0,0.0,0.0,1
184.300,0,0,0.0,0.0,1
184.300,0,0,0.0,0.0,1
184.400,0,0,0.0,0.0,1
184.400,0,0,0.0,0.0,1
184.400,0,0,0.0,0.0,1
184.500,0,0,0.0,0.0,1
184.500,0,0,0.0,0.0,1
184.600,0,0,0.0,0.0,1
184.600,0,0,0.0,0.0,1
184.600,0,0,0.0,0.0,1
184.700,0,0,0.0,0.0,1
184.700,0,0,0.0,0.0,1
184.700,0,0,0.0,0.0,1
184.800,0,0,0.0,0.0,1
184.800,0,0,0.0,0.0,1
184.900,0,0,0.0,0.0,1
184.900,0,0,0.0,0.0,1
184.900,0,0,0.0,0.0,1
185.000,0,0,0.0,0.0,1
185.000,0,0,0.0,0.0,1
185.100,0,0,0.0,0.0,1
185.100,0,0,0.0,0.0,1
185.100,0,0,0.0,0.0,1
185.200,0,0,0.0,0.0,1
185.200,0,0,0.0,0.0,1
185.200,0,0,0.0,0.0,1
185.300,0,0,0.0,0.0,1
185.300,0,0,0.0,0.0,1
185.400,0,0,0.0,0.0,1
185.400,0,0,0.0,0.0,1
185.400,0,0,0.0,0.0,1
185.500,0,0,0.0,0.0,1
185.500,0,0,0.0,0.0,1
185.500,0,0,0.0,0.0,1
185.600,0,0,0.0,0.0,1
185.600,0,0,0.0,0.0,1
185.700,0,0,0.0,0.0,1
185.700,0,0,0.0,0.0,1
185.700,0,0,0.0,0.0,1
185.800,0,0,0.0,0.0,1
185.800,0,0,0.0,0.0,1
185.900,0,0,0.0,0.0,1
185.900,0,0,0.0,0.0,1
185.900,0,0,0.0,0.0,1
186.000,0,0,0.0,0.0,1
186.000,0,0,0.0,0.0,1
186.000,0,0,0.0,0.0,1
186.100,0,0,0.0,0.0,1
186.100,0,0,0.0,0.0,1
186.200,0,0,0.0,0.0,1
186.200,0,0,0.0,0.0,1
186.200,0,0,0.0,0.0,1
186.300,0,0,0.0,0.0,1
186.300,0,0,0.0,0.0,1
186.400,0,0,0.0,0.0,1
186.400,0,0,0.0,0.0,1
186.400,0,0,0.0,0.0,1
186.500,0,0,0.0,0.0,1
186.500,0,0,0.0,0.0,1
186.500,0,0,0.0,0.0,1
186.600,0,0,0.0,0.0,1
186.600,0,0,0.0,0.0,1
186.700,0,0,0.0,0.0,1
186.700,0,0,0.0,0.0,1
186.700,0,0,0.0,0.0,1
186.800,0,0,0.0,0.0,1
186.800,0,0,0.0,0.0,1
186.900,0,0,0.0,0.0,1
186.900,0,0,0.0,0.0,1
186.900,0,0,0.0,0.0,1
187.000,0,0,0.0,0.0,1
187.000,0,0,0.0,0.0,1
187.000,0,0,0.0,0.0,1
187.100,0,0,0.0,0.0,1
187.100,0,0,0.0,0.0,1
187.200,0,0,0.0,0.0,1
187.200,0,0,0.0,0.0,1
187.200,0,0,0.0,0.0,1
187.300,0,0,0.0,0.0,1
187.300,0,0,0.0,0.0,1
187.400,0,0,0.0,0.0,1
187.400,0,0,0.0,0.0,1
187.400,0,0,0.0,0.0,1
187.500,0,0,0.0,0.0,1
187.500,0,0,0.0,0.0,1
187.500,0,0,0.0,0.0,1
187.600,0,0,0.0,0.0,1
187.600,0,0,0.0,0.0,1
187.700,0,0,0.0,0.0,1
187.700,0,0,0.0,0.0,1
187.700,0,0,0.0,0.0,1
187.800,0,0,0.0,0.0,1
187.800,0,0,0.0,0.0,1
187.800,0,0,0.0,0.0,1
187.900,0,0,0.0,0.0,1
187.900,0,0,0.0,0.0,1
188.000,0,0,0.0,0.0,1
188.000,0,0,0.0,0.0,1
188.000,0,0,0.0,0.0,1
188.100,0,0,0.0,0.0,1
188.100,0,0,0.0,0.0,1
188.200,0,0,0.0,0.0,1
188.200,0,0,0.0,0.0,1
188.200,0,0,0.0,0.0,1
188.300,0,0,0.0,0.0,1
188.300,0,0,0.0,0.0,1
188.300,0,0,0.0,0.0,1
188.400,0,0,0.0,0.0,1
188.400,0,0,0.0,0.0,1
188.500,0,0,0.0,0.0,1
188.500,0,0,0.0,0.0,1
188.500,0,0,0.0,0.0,1
188.600,0,0,0.0,0.0,1
188.600,0,0,0.0,0.0,1
188.700,0,0,0.0,0.0,1
188.700,0,0,0.0,0.0,1
188.700,0,0,0.0,0.0,1
188.800,0,0,0.0,0.0,1
188.800,0,0,0.0,0.0,1
188.800,0,0,0.0,0.0,1
188.900,0,0,0.0,0.0,1
188.900,0,0,0.0,0.0,1
189.000,0,0,0.0,0.0,1
189.000,0,0,0.0,0.0,1
189.000,0,0,0.0,0.0,1
189.100,0,0,0.0,0.0,1
189.100,0,0,0.0,0.0,1
189.200,0,0,0.0,0.0,1
189.200,0,0,0.0,0.0,1
189.200,0,0,0.0,0.0,1
189.300,0,0,0.0,0.0,1
189.300,0,0,0.0,0.0,1
189.300,0,0,0.0,0.0,1
189.400,0,0,0.0,0.0,1
189.400,0,0,0.0,0.0,1
189.500,0,0,0.0,0.0,1
189.500,0,0,0.0,0.0,1
189.500,0,0,0.0,0.0,1
189.600,0,0,0.0,0.0,1
189.600,0,0,0.0,0.0,1
189.700,0,0,0.0,0.0,1
189.700,0,0,0.0,0.0,1
189.700,0,0,0.0,0.0,1
189.800,0,0,0.0,0.0,1
189.800,0,0,0.0,0.0,1
189.800,0,0,0.0,0.0,1
189.900,0,0,0.0,0.0,1
189.900,0,0,0.0,0.0,1
190.000,0,0,0.0,0.0,1
190.000,0,0,0.0,0.0,1
190.000,0,0,0.0,0.0,1
190.100,0,0,0.0,0.0,1
190.100,0,0,0.0,0.0,1
190.100,0,0,0.0,0.0,1
190.200,0,0,0.0,0.0,1
190.200,0,0,0.0,0.0,1
190.300,0,0,0.0,0.0,1
190.300,0,0,0.0,0.0,1
190.300,0,0,0.0,0.0,1
190.400,0,0,0.0,0.0,1
190.400,0,0,0.0,0.0,1
190.500,0,0,0.0,0.0,1
190.500,0,0,0.0,0.0,1
190.500,0,0,0.0,0.0,1
190.600,0,0,0.0,0.0,1
190.600,0,0,0.0,0.0,1
190.600,0,0,0.0,0.0,1
190.700,0,0,0.0,0.0,1
190.700,0,0,0.0,0.0,1
190.800,0,0,0.0,0.0,1
190.800,0,0,0.0,0.0,1
190.800,0,0,0.0,0.0,1
190.900,0,0,0.0,0.0,1
190.900,0,0,0.0,0.0,1
191.000,0,0,0.0,0.0,1
191.000,0,0,0.0,0.0,1
191.000,0,0,0.0,0.0,1
191.100,0,0,0.0,0.0,1
191.100,0,0,0.0,0.0,1
191.100,0,0,0.0,0.0,1
191.200,0,0,0.0,0.0,1
191.200,0,0,0.0,0.0,1
191.300,0,0,0.0,0.0,1
191.300,0,0,0.0,0.0,1
191.300,0,0,0.0,0.0,1
191.400,0,0,0.0,0.0,1
191.400,0,0,0.0,0.0,1
191.500,0,0,0.0,0.0,1
191.500,0,0,0.0,0.0,1
191.500,0,0,0.0,0.0,1
191.600,0,0,0.0,0.0,1
191.600,0,0,0.0,0.0,1
191.600,0,0,0.0,0.0,1
191.700,0,0,0.0,0.0,1
191.700,0,0,0.0,0.0,1
191.800,0,0,0.0,0.0,1
191.800,0,0,0.0,0.0,1
191.800,0,0,0.0,0.0,1
191.900,0,0,0.0,0.0,1
191.900,0,0,0.0,0.0,1
192.000,0,0,0.0,0.0,1
192.000,0,0,0.0,0.0,1
192.000,0,0,0.0,0.0,1
192.100,0,0,0.0,0.0,1
192.100,0,0,0.0,0.0,1
192.100,0,0,0.0,0.0,1
192.200,0,0,0.0,0.0,1
192.200,0,0,0.0,0.0,1
192.300,0,0,0.0,0.0,1
192.300,0,0,0.0,0.0,1
192.300,0,0,0.0,0.0,1
192.400,0,0,0.0,0.0,1
192.400,0,0,0.0,0.0,1
192.400,0,0,0.0,0.0,1
192.500,0,0,0.0,0.0,1
192.500,0,0,0.0,0.0,1
192.600,0,0,0.0,0.0,1
192.600,0,0,0.0,0.0,1
192.600,0,0,0.0,0.0,1
192.700,0,0,0.0,0.0,1
192.700,0,0,0.0,0.0,1
192.800,0,0,0.0,0.0,1
192.800,0,0,0.0,0.0,1
192.800,0,0,0.0,0.0,1
192.900,0,0,0.0,0.0,1
192.900,0,0,0.0,0.0,1
192.900,0,0,0.0,0.0,1
193.000,0,0,0.0,0.0,1
193.000,0,0,0.0,0.0,1
193.100,0,0,0.0,0.0,1
193.100,0,0,0.0,0.0,1
193.100,0,0,0.0,0.0,1
193.200,0,0,0.0,0.0,1
193.200,0,0,0.0,0.0,1
193.300,0,0,0.0,0.0,1
193.300,0,0,0.0,0.0,1
193.300,0,0,0.0,0.0,1
193.400,0,0,0.0,0.0,1
193.400,0,0,0.0,0.0,1
193.400,0,0,0.0,0.0,1
193.500,0,0,0.0,0.0,1
193.500,0,0,0.0,0.0,1
193.600,0,0,0.0,0.0,1
193.600,0,0,0.0,0.0,1
193.600,0,0,0.0,0.0,1
193.700,0,0,0.0,0.0,1
193.700,0,0,0.0,0.0,1
193.800,0,0,0.0,0.0,1
193.800,0,0,0.0,0.0,1
193.800,0,0,0.0,0.0,1
193.900,0,0,0.0,0.0,1
193.900,0,0,0.0,0.0,1
193.900,0,0,0.0,0.0,1
194.000,0,0,0.0,0.0,1
194.000,0,0,0.0,0.0,1
194.100,0,0,0.0,0.0,1
194.100,0,0,0.0,0.0,1
194.100,0,0,0.0,0.0,1
194.200,0,0,0.0,0.0,1
194.200,0,0,0.0,0.0,1
194.300,0,0,0.0,0.0,1
194.300,0,0,0.0,0.0,1
194.300,0,0,0.0,0.0,1
194.400,0,0,0.0,0.0,1
194.400,0,0,0.0,0.0,1
194.400,0,0,0.0,0.0,1
194.500,0,0,0.0,0.0,1
194.500,0,0,0.0,0.0,1
194.600,0,0,0.0,0.0,1
194.600,0,0,0.0,0.0,1
194.600,0,0,0.0,0.0,1
194.700,0,0,0.0,0.0,1
194.700,0,0,0.0,0.0,1
194.700,0,0,0.0,0.0,1
194.800,0,0,0.0,0.0,1
194.800,0,0,0.0,0.0,1
194.900,0,0,0.0,0.0,1
194.900,0,0,0.0,0.0,1
194.900,0,0,0.0,0.0,1
195.000,0,0,0.0,0.0,1
195.000,0,0,0.0,0.0,1
195.100,0,0,0.0,0.0,1
195.100,0,0,0.0,0.0,1
195.100,0,0,0.0,0.0,1
195.200,0,0,0.0,0.0,1
195.200,0,0,0.0,0.0,1
195.200,0,0,0.0,0.0,1
195.300,0,0,0.0,0.0,1
195.300,0,0,0.0,0.0,1
195.400,0,0,0.0,0.0,1
195.400,0,0,0.0,0.0,1
195.400,0,0,0.0,0.0,1
195.500,0,0,0.0,0.0,1
195.500,0,0,0.0,0.0,1
195.600,0,0,0.0,0.0,1
195.600,0,0,0.0,0.0,1
195.600,0,0,0.0,0.0,1
195.700,0,0,0.0,0.0,1
195.700,0,0,0.0,0.0,1
195.700,0,0,0.0,0.0,1
195.800,0,0,0.0,0.0,1
195.800,0,0,0.0,0.0,1
195.900,0,0,0.0,0.0,1
195.900,0,0,0.0,0.0,1
195.900,0,0,0.0,0.0,1
196.000,0,0,0.0,0.0,1
196.000,0,0,0.0,0.0,1
196.100,0,0,0.0,0.0,1
196.100,0,0,0.0,0.0,1
196.100,0,0,0.0,0.0,1
196.200,0,0,0.0,0.0,1
196.200,0,0,0.0,0.0,1
196.200,0,0,0.0,0.0,1
196.300,0,0,0.0,0.0,1
196.300,0,0,0.0,0.0,1
196.400,0,0,0.0,0.0,1
196.400,0,0,0.0,0.0,1
196.400,0,0,0.0,0.0,1
196.500,0,0,0.0,0.0,1
196.500,0,0,0.0,0.0,1
196.600,0,0,0.0,0.0,1
196.600,0,0,0.0,0.0,1
196.600,0,0,0.0,0.0,1
196.700,0,0,0.0,0.0,1
196.700,0,0,0.0,0.0,1
196.700,0,0,0.0,0.0,1
196.800,0,0,0.0,0.0,1
196.800,0,0,0.0,0.0,1
196.900,0,0,0.0,0.0,1
196.900,0,0,0.0,0.0,1
196.900,0,0,0.0,0.0,1
197.000,0,0,0.0,0.0,1
197.000,0,0,0.0,0.0,1
197.000,0,0,0.0,0.0,1
197.100,0,0,0.0,0.0,1
197.100,0,0,0.0,0.0,1
197.200,0,0,0.0,0.0,1
197.200,0,0,0.0,0.0,1
197.200,0,0,0.0,0.0,1
197.300,0,0,0.0,0.0,1
197.300,0,0,0.0,0.0,1
197.400,0,0,0.0,0.0,1
197.400,0,0,0.0,0.0,1
197.400,0,0,0.0,0.0,1
197.500,0,0,0.0,0.0,1
197.500,0,0,0.0,0.0,1
197.500,0,0,0.0,0.0,1
197.600,0,0,0.0,0.0,1
197.600,0,0,0.0,0.0,1
197.700,0,0,0.0,0.0,1
197.700,0,0,0.0,0.0,1
197.700,0,0,0.0,0.0,1
197.800,0,0,0.0,0.0,1
197.800,0,0,0.0,0.0,1
197.900,0,0,0.0,0.0,1
197.900,0,0,0.0,0.0,1
197.900,0,0,0.0,0.0,1
198.000,0,0,0.0,0.0,1
198.000,0,0,0.0,0.0,1
198.000,0,0,0.0,0.0,1
198.100,0,0,0.0,0.0,1
198.100,0,0,0.0,0.0,1
198.200,0,0,0.0,0.0,1
198.200,0,0,0.0,0.0,1
198.200,0,0,0.0,0.0,1
198.300,0,0,0.0,0.0,1
198.300,0,0,0.0,0.0,1
198.400,0,0,0.0,0.0,1
198.400,0,0,0.0,0.0,1
198.400,0,0,0.0,0.0,1
198.500,0,0,0.0,0.0,1
198.500,0,0,0.0,0.0,1
198.500,0,0,0.0,0.0,1
198.600,0,0,0.0,0.0,1
198.600,0,0,0.0,0.0,1
198.700,0,0,0.0,0.0,1
198.700,0,0,0.0,0.0,1
198.700,0,0,0.0,0.0,1
198.800,0,0,0.0,0.0,1
198.800,0,0,0.0,0.0,1
198.900,0,0,0.0,0.0,1
198.900,0,0,0.0,0.0,1
198.900,0,0,0.0,0.0,1
199.000,0,0,0.0,0.0,1
199.000,0,0,0.0,0.0,1
199.000,0,0,0.0,0.0,1
199.100,0,0,0.0,0.0,1
199.100,0,0,0.0,0.0,1
199.200,0,0,0.0,0.0,1
199.200,0,0,0.0,0.0,1
199.200,0,0,0.0,0.0,1
199.300,0,0,0.0,0.0,1
199.300,0,0,0.0,0.0,1
199.300,0,0,0.0,0.0,1
199.400,0,0,0.0,0.0,1
199.400,0,0,0.0,0.0,1
199.500,0,0,0.0,0.0,1
199.500,0,0,0.0,0.0,1
199.500,0,0,0.0,0.0,1
199.600,0,0,0.0,0.0,1
199.600,0,0,0.0,0.0,1
199.700,0,0,0.0,0.0,1
199.700,0,0,0.0,0.0,1
199.700,0,0,0.0,0.0,1
199.800,0,0,0.0,0.0,1
199.800,0,0,0.0,0.0,1
199.800,0,0,0.0,0.0,1
199.900,0,0,0.0,0.0,1
199.900,0,0,0.0,0.0,1
200.000,0,0,0.0,0.0,1
200.000,0,0,0.0,0.0,1
200.000,0,0,0.0,0.0,1
200.100,0,0,0.0,0.0,1
200.100,0,0,0.0,0.0,1
200.200,0,0,0.0,0.0,1
200.200,0,0,0.0,0.0,1
200.200,0,0,0.0,0.0,1
200.300,0,0,0.0,0.0,1
200.300,0,0,0.0,0.0,1
200.300,0,0,0.0,0.0,1
200.400,0,0,0.0,0.0,1
200.400,0,0,0.0,0.0,1
200.500,0,0,0.0,0.0,1
200.500,0,0,0.0,0.0,1
200.500,0,0,0.0,0.0,1
200.600,0,0,0.0,0.0,1
200.600,0,0,0.0,0.0,1
200.700,0,0,0.0,0.0,1
200.700,0,0,0.0,0.0,1
200.700,0,0,0.0,0.0,1
200.800,0,0,0.0,0.0,1
200.800,0,0,0.0,0.0,1
200.800,0,0,0.0,0.0,1
200.900,0,0,0.0,0.0,1
200.900,0,0,0.0,0.0,1
201.000,0,0,0.0,0.0,1
201.000,0,0,0.0,0.0,1
201.000,0,0,0.0,0.0,1
201.100,0,0,0.0,0.0,1
201.100,0,0,0.0,0.0,1
201.200,0,0,0.0,0.0,1
201.200,0,0,0.0,0.0,1
201.200,0,0,0.0,0.0,1
201.300,0,0,0.0,0.0,1
201.300,0,0,0.0,0.0,1
201.300,0,0,0.0,0.0,1
201.400,0,0,0.0,0.0,1
201.400,0,0,0.0,0.0,1
201.500,0,0,0.0,0.0,1
201.500,0,0,0.0,0.0,1
201.500,0,0,0.0,0.0,1
201.600,0,0,0.0,0.0,1
201.600,0,0,0.0,0.0,1
201.600,0,0,0.0,0.0,1
201.700,0,0,0.0,0.0,1
201.700,0,0,0.0,0.0,1
201.800,0,0,0.0,0.0,1
201.800,0,0,0.0,0.0,1
201.800,0,0,0.0,0.0,1
201.900,0,0,0.0,0.0,1
201.900,0,0,0.0,0.0,1
202.000,0,0,0.0,0.0,1
202.000,0,0,0.0,0.0,1
202.000,0,0,0.0,0.0,1
202.100,0,0,0.0,0.0,1
202.100,0,0,0.0,0.0,1
202.100,0,0,0.0,0.0,1
202.200,0,0,0.0,0.0,1
202.200,0,0,0.0,0.0,1
202.300,0,0,0.0,0.0,1
202.300,0,0,0.0,0.0,1
202.300,0,0,0.0,0.0,1
202.400,0,0,0.0,0.0,1
202.400,0,0,0.0,0.0,1
202.500,0,0,0.0,0.0,1
202.500,0,0,0.0,0.0,1
202.500,0,0,0.0,0.0,1
202.600,0,0,0.0,0.0,1
202.600,0,0,0.0,0.0,1
202.600,0,0,0.0,0.0,1
202.700,0,0,0.0,0.0,1
202.700,0,0,0.0,0.0,1
202.800,0,0,0.0,0.0,1
202.800,0,0,0.0,0.0,1
202.800,0,0,0.0,0.0,1
202.900,0,0,0.0,0.0,1
202.900,0,0,0.0,0.0,1
203.000,0,0,0.0,0.0,1
203.000,0,0,0.0,0.0,1
203.000,0,0,0.0,0.0,1
203.100,0,0,0.0,0.0,1
203.100,0,0,0.0,0.0,1
203.100,0,0,0.0,0.0,1
203.200,0,0,0.0,0.0,1
203.200,0,0,0.0,0.0,1
203.300,0,0,0.0,0.0,1
203.300,0,0,0.0,0.0,1
203.300,0,0,0.0,0.0,1
203.400,0,0,0.0,0.0,1
203.400,0,0,0.0,0.0,1
203.500,0,0,0.0,0.0,1
203.500,0,0,0.0,0.0,1
203.500,0,0,0.0,0.0,1
203.600,0,0,0.0,0.0,1
203.600,0,0,0.0,0.0,1
203.600,0,0,0.0,0.0,1
203.700,0,0,0.0,0.0,1
203.700,0,0,0.0,0.0,1
203.800,0,0,0.0,0.0,1
203.800,0,0,0.0,0.0,1
203.800,0,0,0.0,0.0,1
203.900,0,0,0.0,0.0,1
203.900,0,0,0.0,0.0,1
203.900,0,0,0.0,0.0,1
204.000,0,0,0.0,0.0,1
204.000,0,0,0.0,0.0,1
204.100,0,0,0.0,0.0,1
204.100,0,0,0.0,0.0,1
204.100,0,0,0.0,0.0,1
204.200,0,0,0.0,0.0,1
204.200,0,0,0.0,0.0,1
204.300,0,0,0.0,0.0,1
204.300,0,0,0.0,0.0,1
204.300,0,0,0.0,0.0,1
204.400,0,0,0.0,0.0,1
204.400,0,0,0.0,0.0,1
204.400,0,0,0.0,0.0,1
204.500,0,0,0.0,0.0,1
204.500,0,0,0.0,0.0,1
204.600,0,0,0.0,0.0,1
204.600,0,0,0.0,0.0,1
204.600,0,0,0.0,0.0,1
204.700,0,0,0.0,0.0,1
204.700,0,0,0.0,0.0,1
204.800,0,0,0.0,0.0,1
204.800,0,0,0.0,0.0,1
204.800,0,0,0.0,0.0,1
204.900,0,0,0.0,0.0,1
204.900,0,0,0.0,0.0,1
204.900,0,0,0.0,0.0,1
205.000,0,0,0.0,0.0,1
205.000,0,0,0.0,0.0,1
205.100,0,0,0.0,0.0,1
205.100,0,0,0.0,0.0,1
205.100,0,0,0.0,0.0,1
205.200,0,0,0.0,0.0,1
205.200,0,0,0.0,0.0,1
205.300,0,0,0.0,0.0,1
205.300,0,0,0.0,0.0,1
205.300,0,0,0.0,0.0,1
205.400,0,0,0.0,0.0,1
205.400,0,0,0.0,0.0,1
205.400,0,0,0.0,0.0,1
205.500,0,0,0.0,0.0,1
205.500,0,0,0.0,0.0,1
205.600,0,0,0.0,0.0,1
205.600,0,0,0.0,0.0,1
205.600,0,0,0.0,0.0,1
205.700,0,0,0.0,0.0,1
205.700,0,0,0.0,0.0,1
205.800,0,0,0.0,0.0,1
205.800,0,0,0.0,0.0,1
205.800,0,0,0.0,0.0,1
205.900,0,0,0.0,0.0,1
205.900,0,0,0.0,0.0,1
205.900,0,0,0.0,0.0,1
206.000,0,0,0.0,0.0,1
206.000,0,0,0.0,0.0,1
206.100,0,0,0.0,0.0,1
206.100,0,0,0.0,0.0,1
206.100,0,0,0.0,0.0,1
206.200,0,0,0.0,0.0,1
206.200,0,0,0.0,0.0,1
206.200,0,0,0.0,0.0,1
206.300,0,0,0.0,0.0,1
206.300,0,0,0.0,0.0,1
206.400,0,0,0.0,0.0,1
206.400,0,0,0.0,0.0,1
206.400,0,0,0.0,0.0,1
206.500,0,0,0.0,0.0,1
206.500,0,0,0.0,0.0,1
206.600,0,0,0.0,0.0,1
206.600,0,0,0.0,0.0,1
206.600,0,0,0.0,0.0,1
206.700,0,0,0.0,0.0,1
206.700,0,0,0.0,0.0,1
206.700,0,0,0.0,0.0,1
206.800,0,0,0.0,0.0,1
206.800,0,0,0.0,0.0,1
206.900,0,0,0.0,0.0,1
206.900,0,0,0.0,0.0,1
206.900,0,0,0.0,0.0,1
207.000,0,0,0.0,0.0,1
207.000,0,0,0.0,0.0,1
207.100,0,0,0.0,0.0,1
207.100,0,0,0.0,0.0,1
207.100,0,0,0.0,0.0,1
207.200,0,0,0.0,0.0,1
207.200,0,0,0.0,0.0,1
207.200,0,0,0.0,0.0,1
207.300,0,0,0.0,0.0,1
207.300,0,0,0.0,0.0,1
207.400,0,0,0.0,0.0,1
207.400,0,0,0.0,0.0,1
207.400,0,0,0.0,0.0,1
207.500,0,0,0.0,0.0,1
207.500,0,0,0.0,0.0,1
207.600,0,0,0.0,0.0,1
207.600,0,0,0.0,0.0,1
207.600,0,0,0.0,0.0,1
207.700,0,0,0.0,0.0,1
207.700,0,0,0.0,0.0,1
207.700,0,0,0.0,0.0,1
207.800,0,0,0.0,0.0,1
207.800,0,0,0.0,0.0,1
207.900,0,0,0.0,0.0,1
207.900,0,0,0.0,0.0,1
207.900,0,0,0.0,0.0,1
208.000,0,0,0.0,0.0,1
208.000,0,0,0.0,0.0,1
208.100,0,0,0.0,0.0,1
208.100,0,0,0.0,0.0,1
208.100,0,0,0.0,0.0,1
208.200,0,0,0.0,0.0,1
208.200,0,0,0.0,0.0,1
208.200,0,0,0.0,0.0,1
208.300,0,0,0.0,0.0,1
208.300,0,0,0.0,0.0,1
208.400,0,0,0.0,0.0,1
208.400,0,0,0.0,0.0,1
208.400,0,0,0.0,0.0,1
208.500,0,0,0.0,0.0,1
208.500,0,0,0.0,0.0,1
208.500,0,0,0.0,0.0,1
208.600,0,0,0.0,0.0,1
208.600,0,0,0.0,0.0,1
208.700,0,0,0.0,0.0,1
208.700,0,0,0.0,0.0,1
208.700,0,0,0.0,0.0,1
208.800,0,0,0.0,0.0,1
208.800,0,0,0.0,0.0,1
208.900,0,0,0.0,0.0,1
208.900,0,0,0.0,0.0,1
208.900,0,0,0.0,0.0,1
209.000,0,0,0.0,0.0,1
209.000,0,0,0.0,0.0,1
209.000,0,0,0.0,0.0,1
209.100,0,0,0.0,0.0,1
209.100,0,0,0.0,0.0,1
209.200,0,0,0.0,0.0,1
209.200,0,0,0.0,0.0,1
209.200,0,0,0.0,0.0,1
209.300,0,0,0.0,0.0,1
209.300,0,0,0.0,0.0,1
209.400,0,0,0.0,0.0,1
209.400,0,0,0.0,0.0,1
209.400,0,0,0.0,0.0,1
209.500,0,0,0.0,0.0,1
209.500,0,0,0.0,0.0,1
209.500,0,0,0.0,0.0,1
209.600,0,0,0.0,0.0,1
209.600,0,0,0.0,0.0,1
209.700,0,0,0.0,0.0,1
209.700,0,0,0.0,0.0,1
209.700,0,0,0.0,0.0,1
209.800,0,0,0.0,0.0,1
209.800,0,0,0.0,0.0,1
209.900,0,0,0.0,0.0,1
209.900,0,0,0.0,0.0,1
209.900,0,0,0.0,0.0,1
210.000,0,0,0.0,0.0,1
210.000,0,0,0.0,0.0,1
210.000,0,0,0.0,0.0,1
210.100,0,0,0.0,0.0,1
210.100,0,0,0.0,0.0,1
210.200,0,0,0.0,0.0,1
210.200,0,0,0.0,0.0,1
210.200,0,0,0.0,0.0,1
210.300,0,0,0.0,0.0,1
210.300,0,0,0.0,0.0,1
210.400,0,0,0.0,0.0,1
210.400,0,0,0.0,0.0,1
210.400,0,0,0.0,0.0,1
210.500,0,0,0.0,0.0,1
210.500,0,0,0.0,0.0,1
210.500,0,0,0.0,0.0,1
210.600,0,0,0.0,0.0,1
210.600,0,0,0.0,0.0,1
210.700,0,0,0.0,0.0,1
210.700,0,0,0.0,0.0,1
210.700,0,0,0.0,0.0,1
210.800,0,0,0.0,0.0,1
210.800,0,0,0.0,0.0,1
210.800,0,0,0.0,0.0,1
210.900,0,0,0.0,0.0,1
210.900,0,0,0.0,0.0,1
211.000,0,0,0.0,0.0,1
211.000,0,0,0.0,0.0,1
211.000,0,0,0.0,0.0,1
211.100,0,0,0.0,0.0,1
211.100,0,0,0.0,0.0,1
211.200,0,0,0.0,0.0,1
211.200,0,0,0.0,0.0,1
211.200,0,0,0.0,0.0,1
211.300,0,0,0.0,0.0,1
211.300,0,0,0.0,0.0,1
211.300,0,0,0.0,0.0,1
211.400,0,0,0.0,0.0,1
211.400,0,0,0.0,0.0,1
211.500,0,0,0.0,0.0,1
211.500,0,0,0.0,0.0,1
211.500,0,0,0.0,0.0,1
211.600,0,0,0.0,0.0,1
211.600,0,0,0.0,0.0,1
211.700,0,0,0.0,0.0,1
211.700,0,0,0.0,0.0,1
211.700,0,0,0.0,0.0,1
211.800,0,0,0.0,0.0,1
211.800,0,0,0.0,0.0,1
211.800,0,0,0.0,0.0,1
211.900,0,0,0.0,0.0,1
211.900,0,0,0.0,0.0,1
212.000,0,0,0.0,0.0,1
212.000,0,0,0.0,0.0,1
212.000,0,0,0.0,0.0,1
212.100,0,0,0.0,0.0,1
212.100,0,0,0.0,0.0,1
212.200,0,0,0.0,0.0,1
212.200,0,0,0.0,0.0,1
212.200,0,0,0.0,0.0,1
212.300,0,0,0.0,0.0,1
212.300,0,0,0.0,0.0,1
212.300,0,0,0.0,0.0,1
212.400,0,0,0.0,0.0,1
212.400,0,0,0.0,0.0,1
212.500,0,0,0.0,0.0,1
212.500,0,0,0.0,0.0,1
212.500,0,0,0.0,0.0,1
212.600,0,0,0.0,0.0,1
212.600,0,0,0.0,0.0,1
212.700,0,0,0.0,0.0,1
212.700,0,0,0.0,0.0,1
212.700,0,0,0.0,0.0,1
212.800,0,0,0.0,0.0,1
212.800,0,0,0.0,0.0,1
212.800,0,0,0.0,0.0,1
212.900,0,0,0.0,0.0,1
212.900,0,0,0.0,0.0,1
213.000,0,0,0.0,0.0,1
213.000,0,0,0.0,0.0,1
213.000,0,0,0.0,0.0,1
213.100,0,0,0.0,0.0,1
213.100,0,0,0.0,0.0,1
213.100,0,0,0.0,0.0,1
213.200,0,0,0.0,0.0,1
213.200,0,0,0.0,0.0,1
213.300,0,0,0.0,0.0,1
213.300,0,0,0.0,0.0,1
213.300,0,0,0.0,0.0,1
213.400,0,0,0.0,0.0,1
213.400,0,0,0.0,0.0,1
213.500,0,0,0.0,0.0,1
213.500,0,0,0.0,0.0,1
213.500,0,0,0.0,0.0,1
213.600,0,0,0.0,0.0,1
213.600,0,0,0.0,0.0,1
213.600,0,0,0.0,0.0,1
213.700,0,0,0.0,0.0,1
213.700,0,0,0.0,0.0,1
213.800,0,0,0.0,0.0,1
213.800,0,0,0.0,0.0,1
213.800,0,0,0.0,0.0,1
213.900,0,0,0.0,0.0,1
213.900,0,0,0.0,0.0,1
214.000,0,0,0.0,0.0,1
214.000,0,0,0.0,0.0,1
214.000,0,0,0.0,0.0,1
214.100,0,0,0.0,0.0,1
214.100,0,0,0.0,0.0,1
214.100,0,0,0.0,0.0,1
214.200,0,0,0.0,0.0,1
214.200,0,0,0.0,0.0,1
214.300,0,0,0.0,0.0,1
214.300,0,0,0.0,0.0,1
214.300,0,0,0.0,0.0,1
214.400,0,0,0.0,0.0,1
214.400,0,0,0.0,0.0,1
214.500,0,0,0.0,0.0,1
214.500,0,0,0.0,0.0,1
214.500,0,0,0.0,0.0,1
214.600,0,0,0.0,0.0,1
214.600,0,0,0.0,0.0,1
214.600,0,0,0.0,0.0,1
214.700,0,0,0.0,0.0,1
214.700,0,0,0.0,0.0,1
214.800,0,0,0.0,0.0,1
214.800,0,0,0.0,0.0,1
214.800,0,0,0.0,0.0,1
214.900,0,0,0.0,0.0,1
214.900,0,0,0.0,0.0,1
215.000,0,0,0.0,0.0,1
215.000,0,0,0.0,0.0,1
215.000,0,0,0.0,0.0,1
215.100,0,0,0.0,0.0,1
215.100,0,0,0.0,0.0,1
215.100,0,0,0.0,0.0,1
215.200,0,0,0.0,0.0,1
215.200,0,0,0.0,0.0,1
215.300,0,0,0.0,0.0,1
215.300,0,0,0.0,0.0,1
215.300,0,0,0.0,0.0,1
215.400,0,0,0.0,0.0,1
215.400,0,0,0.0,0.0,1
215.400,0,0,0.0,0.0,1
215.500,0,0,0.0,0.0,1
215.500,0,0,0.0,0.0,1
215.600,0,0,0.0,0.0,1
215.600,0,0,0.0,0.0,1
215.600,0,0,0.0,0.0,1
215.700,0,0,0.0,0.0,1
215.700,0,0,0.0,0.0,1
215.800,0,0,0.0,0.0,1
215.800,0,0,0.0,0.0,1
215.800,0,0,0.0,0.0,1
215.900,0,0,0.0,0.0,1
215.900,0,0,0.0,0.0,1
215.900,0,0,0.0,0.0,1
216.000,0,0,0.0,0.0,1
216.000,0,0,0.0,0.0,1
216.100,0,0,0.0,0.0,1
216.100,0,0,0.0,0.0,1
216.100,0,0,0.0,0.0,1
216.200,0,0,0.0,0.0,1
216.200,0,0,0.0,0.0,1
216.300,0,0,0.0,0.0,1
216.300,0,0,0.0,0.0,1
216.300,0,0,0.0,0.0,1
216.400,0,0,0.0,0.0,1
216.400,0,0,0.0,0.0,1
216.400,0,0,0.0,0.0,1
216.500,0,0,0.0,0.0,1
216.500,0,0,0.0,0.0,1
216.600,0,0,0.0,0.0,1
216.600,0,0,0.0,0.0,1
216.600,0,0,0.0,0.0,1
216.700,0,0,0.0,0.0,1
216.700,0,0,0.0,0.0,1
216.800,0,0,0.0,0.0,1
216.800,0,0,0.0,0.0,1
216.800,0,0,0.0,0.0,1
216.900,0,0,0.0,0.0,1
216.900,0,0,0.0,0.0,1
216.900,0,0,0.0,0.0,1
217.000,0,0,0.0,0.0,1
217.000,0,0,0.0,0.0,1
217.100,0,0,0.0,0.0,1
217.100,0,0,0.0,0.0,1
217.100,0,0,0.0,0.0,1
217.200,0,0,0.0,0.0,1
217.200,0,0,0.0,0.0,1
217.300,0,0,0.0,0.0,1
217.300,0,0,0.0,0.0,1
217.300,0,0,0.0,0.0,1
217.400,0,0,0.0,0.0,1
217.400,0,0,0.0,0.0,1
217.400,0,0,0.0,0.0,1
217.500,0,0,0.0,0.0,1
217.500,0,0,0.0,0.0,1
217.600,0,0,0.0,0.0,1
217.600,0,0,0.0,0.0,1
217.600,0,0,0.0,0.0,1
217.700,0,0,0.0,0.0,1
217.700,0,0,0.0,0.0,1
217.700,0,0,0.0,0.0,1
217.800,0,0,0.0,0.0,1
217.800,0,0,0.0,0.0,1
217.900,0,0,0.0,0.0,1
217.900,0,0,0.0,0.0,1
217.900,0,0,0.0,0.0,1
218.000,0,0,0.0,0.0,1
218.000,0,0,0.0,0.0,1
218.100,0,0,0.0,0.0,1
218.100,0,0,0.0,0.0,1
218.100,0,0,0.0,0.0,1
218.200,0,0,0.0,0.0,1
218.200,0,0,0.0,0.0,1
218.200,0,0,0.0,0.0,1
218.300,0,0,0.0,0.0,1
218.300,0,0,0.0,0.0,1
218.400,0,0,0.0,0.0,1
218.400,0,0,0.0,0.0,1
218.400,0,0,0.0,0.0,1
218.500,0,0,0.0,0.0,1
218.500,0,0,0.0,0.0,1
218.600,0,0,0.0,0.0,1
218.600,0,0,0.0,0.0,1
218.600,0,0,0.0,0.0,1
218.700,0,0,0.0,0.0,1
218.700,0,0,0.0,0.0,1
218.700,0,0,0.0,0.0,1
218.800,0,0,0.0,0.0,1
218.800,0,0,0.0,0.0,1
218.900,0,0,0.0,0.0,1
218.900,0,0,0.0,0.0,1
218.900,0,0,0.0,0.0,1
219.000,0,0,0.0,0.0,1
219.000,0,0,0.0,0.0,1
219.100,0,0,0.0,0.0,1
219.100,0,0,0.0,0.0,1
219.100,0,0,0.0,0.0,1
219.200,0,0,0.0,0.0,1
219.200,0,0,0.0,0.0,1
219.200,0,0,0.0,0.0,1
219.300,0,0,0.0,0.0,1
219.300,0,0,0.0,0.0,1
219.400,0,0,0.0,0.0,1
219.400,0,0,0.0,0.0,1
219.400,0,0,0.0,0.0,1
219.500,0,0,0.0,0.0,1
219.500,0,0,0.0,0.0,1
219.600,0,0,0.0,0.0,1
219.600,0,0,0.0,0.0,1
219.600,0,0,0.0,0.0,1
219.700,0,0,0.0,0.0,1
219.700,0,0,0.0,0.0,1
219.700,0,0,0.0,0.0,1
219.800,0,0,0.0,0.0,1
219.800,0,0,0.0,0.0,1
219.900,0,0,0.0,0.0,1
219.900,0,0,0.0,0.0,1
219.900,0,0,0.0,0.0,1
220.000,0,0,0.0,0.0,1
220.000,0,0,0.0,0.0,1
220.000,0,0,0.0,0.0,1
220.100,0,0,0.0,0.0,1
220.100,0,0,0.0,0.0,1
220.200,0,0,0.0,0.0,1
220.200,0,0,0.0,0.0,1
220.200,0,0,0.0,0.0,1
220.300,0,0,0.0,0.0,1
220.300,0,0,0.0,0.0,1
220.400,0,0,0.0,0.0,1
220.400,0,0,0.0,0.0,1
220.400,0,0,0.0,0.0,1
220.500,0,0,0.0,0.0,1
220.500,0,0,0.0,0.0,1
220.500,0,0,0.0,0.0,1
220.600,0,0,0.0,0.0,1
220.600,0,0,0.0,0.0,1
220.700,0,0,0.0,0.0,1
220.700,0,0,0.0,0.0,1
220.700,0,0,0.0,0.0,1
220.800,0,0,0.0,0.0,1
220.800,0,0,0.0,0.0,1
220.900,0,0,0.0,0.0,1
220.900,0,0,0.0,0.0,1
220.900,0,0,0.0,0.0,1
221.000,0,0,0.0,0.0,1
221.000,0,0,0.0,0.0,1
221.000,0,0,0.0,0.0,1
221.100,0,0,0.0,0.0,1
221.100,0,0,0.0,0.0,1
221.200,0,0,0.0,0.0,1
221.200,0,0,0.0,0.0,1
221.200,0,0,0.0,0.0,1
221.300,0,0,0.0,0.0,1
221.300,0,0,0.0,0.0,1
221.400,0,0,0.0,0.0,1
221.400,0,0,0.0,0.0,1
221.400,0,0,0.0,0.0,1
221.500,0,0,0.0,0.0,1
221.500,0,0,0.0,0.0,1
221.500,0,0,0.0,0.0,1
221.600,0,0,0.0,0.0,1
221.600,0,0,0.0,0.0,1
221.700,0,0,0.0,0.0,1
221.700,0,0,0.0,0.0,1
221.700,0,0,0.0,0.0,1
221.800,0,0,0.0,0.0,1
221.800,0,0,0.0,0.0,1
221.900,0,0,0.0,0.0,1
221.900,0,0,0.0,0.0,1
221.900,0,0,0.0,0.0,1
222.000,0,0,0.0,0.0,1
222.000,0,0,0.0,0.0,1
222.000,0,0,0.0,0.0,1
222.100,0,0,0.0,0.0,1
222.100,0,0,0.0,0.0,1
222.200,0,0,0.0,0.0,1
222.200,0,0,0.0,0.0,1
222.200,0,0,0.0,0.0,1
222.300,0,0,0.0,0.0,1
222.300,0,0,0.0,0.0,1
222.300,0,0,0.0,0.0,1
222.400,0,0,0.0,0.0,1
222.400,0,0,0.0,0.0,1
222.500,0,0,0.0,0.0,1
222.500,0,0,0.0,0.0,1
222.500,0,0,0.0,0.0,1
222.600,0,0,0.0,0.0,1
222.600,0,0,0.0,0.0,1
222.700,0,0,0.0,0.0,1
222.700,0,0,0.0,0.0,1
222.700,0,0,0.0,0.0,1
222.800,0,0,0.0,0.0,1
222.800,0,0,0.0,0.0,1
222.800,0,0,0.0,0.0,1
222.900,0,0,0.0,0.0,1
222.900,0,0,0.0,0.0,1
223.000,0,0,0.0,0.0,1
223.000,0,0,0.0,0.0,1
223.000,0,0,0.0,0.0,1
223.100,0,0,0.0,0.0,1
223.100,0,0,0.0,0.0,1
223.200,0,0,0.0,0.0,1
223.200,0,0,0.0,0.0,1
223.200,0,0,0.0,0.0,1
223.300,0,0,0.0,0.0,1
223.300,0,0,0.0,0.0,1
223.300,0,0,0.0,0.0,1
223.400,0,0,0.0,0.0,1
223.400,0,0,0.0,0.0,1
223.500,0,0,0.0,0.0,1
223.500,0,0,0.0,0.0,1
223.500,0,0,0.0,0.0,1
223.600,0,0,0.0,0.0,1
223.600,0,0,0.0,0.0,1
223.700,0,0,0.0,0.0,1
223.700,0,0,0.0,0.0,1
223.700,0,0,0.0,0.0,1
223.800,0,0,0.0,0.0,1
223.800,0,0,0.0,0.0,1
223.800,0,0,0.0,0.0,1
223.900,0,0,0.0,0.0,1
223.900,0,0,0.0,0.0,1
224.000,0,0,0.0,0.0,1
224.000,0,0,0.0,0.0,1
224.000,0,0,0.0,0.0,1
224.100,0,0,0.0,0.0,1
224.100,0,0,0.0,0.0,1
224.200,0,0,0.0,0.0,1
224.200,0,0,0.0,0.0,1
224.200,0,0,0.0,0.0,1
224.300,0,0,0.0,0.0,1
224.300,0,0,0.0,0.0,1
224.300,0,0,0.0,0.0,1
224.400,0,0,0.0,0.0,1
224.400,0,0,0.0,0.0,1
224.500,0,0,0.0,0.0,1
224.500,0,0,0.0,0.0,1
224.500,0,0,0.0,0.0,1
224.600,0,0,0.0,0.0,1
224.600,0,0,0.0,0.0,1
224.600,0,0,0.0,0.0,1
224.700,0,0,0.0,0.0,1
224.700,0,0,0.0,0.0,1
224.800,0,0,0.0,0.0,1
224.800,0,0,0.0,0.0,1
224.800,0,0,0.0,0.0,1
224.900,0,0,0.0,0.0,1
224.900,0,0,0.0,0.0,1
225.000,0,0,0.0,0.0,1
225.000,0,0,0.0,0.0,1
225.000,0,0,0.0,0.0,1
225.100,0,0,0.0,0.0,1
225.100,0,0,0.0,0.0,1
225.100,0,0,0.0,0.0,1
225.200,0,0,0.0,0.0,1
225.200,0,0,0.0,0.0,1
225.300,0,0,0.0,0.0,1
225.300,0,0,0.0,0.0,1
225.300,0,0,0.0,0.0,1
225.400,0,0,0.0,0.0,1
225.400,0,0,0.0,0.0,1
225.500,0,0,0.0,0.0,1
225.500,0,0,0.0,0.0,1
225.500,0,0,0.0,0.0,1
225.600,0,0,0.0,0.0,1
225.600,0,0,0.0,0.0,1
225.600,0,0,0.0,0.0,1
225.700,0,0,0.0,0.0,1
225.700,0,0,0.0,0.0,1
225.800,0,0,0.0,0.0,1
225.800,0,0,0.0,0.0,1
225.800,0,0,0.0,0.0,1
225.900,0,0,0.0,0.0,1
225.900,0,0,0.0,0.0,1
226.000,0,0,0.0,0.0,1
226.000,0,0,0.0,0.0,1
226.000,0,0,0.0,0.0,1
226.100,0,0,0.0,0.0,1
226.100,0,0,0.0,0.0,1
226.100,0,0,0.0,0.0,1
226.200,0,0,0.0,0.0,1
226.200,0,0,0.0,0.0,1
226.300,0,0,0.0,0.0,1
226.300,0,0,0.0,0.0,1
226.300,0,0,0.0,0.0,1
226.400,0,0,0.0,0.0,1
226.400,0,0,0.0,0.0,1
226.400,0,0,0.0,0.0,1
226.500,0,0,0.0,0.0,1
226.500,0,0,0.0,0.0,1
226.600,0,0,0.0,0.0,1
226.600,0,0,0.0,0.0,1
226.600,0,0,0.0,0.0,1
226.700,0,0,0.0,0.0,1
226.700,0,0,0.0,0.0,1
226.800,0,0,0.0,0.0,1
226.800,0,0,0.0,0.0,1
226.800,0,0,0.0,0.0,1
226.900,0,0,0.0,0.0,1
226.900,0,0,0.0,0.0,1
226.900,0,0,0.0,0.0,1
227.000,0,0,0.0,0.0,1
227.000,0,0,0.0,0.0,1
227.100,0,0,0.0,0.0,1
227.100,0,0,0.0,0.0,1
227.100,0,0,0.0,0.0,1
227.200,0,0,0.0,0.0,1
227.200,0,0,0.0,0.0,1
227.300,0,0,0.0,0.0,1
227.300,0,0,0.0,0.0,1
227.300,0,0,0.0,0.0,1
227.400,0,0,0.0,0.0,1
227.400,0,0,0.0,0.0,1
227.400,0,0,0.0,0.0,1
227.500,0,0,0.0,0.0,1
227.500,0,0,0.0,0.0,1
227.600,0,0,0.0,0.0,1
227.600,0,0,0.0,0.0,1
227.600,0,0,0.0,0.0,1
227.700,0,0,0.0,0.0,1
227.700,0,0,0.0,0.0,1
227.800,0,0,0.0,0.0,1
227.800,0,0,0.0,0.0,1
227.800,0,0,0.0,0.0,1
227.900,0,0,0.0,0.0,1
227.900,0,0,0.0,0.0,1
227.900,0,0,0.0,0.0,1
228.000,0,0,0.0,0.0,1
228.000,0,0,0.0,0.0,1
228.100,0,0,0.0,0.0,1
228.100,0,0,0.0,0.0,1
228.100,0,0,0.0,0.0,1
228.200,0,0,0.0,0.0,1
228.200,0,0,0.0,0.0,1
228.300,0,0,0.0,0.0,1
228.300,0,0,0.0,0.0,1
228.300,0,0,0.0,0.0,1
228.400,0,0,0.0,0.0,1
228.400,0,0,0.0,0.0,1
228.400,0,0,0.0,0.0,1
228.500,0,0,0.0,0.0,1
228.500,0,0,0.0,0.0,1
228.600,0,0,0.0,0.0,1
228.600,0,0,0.0,0.0,1
228.600,0,0,0.0,0.0,1
228.700,0,0,0.0,0.0,1
228.700,0,0,0.0,0.0,1
228.700,0,0,0.0,0.0,1
228.800,0,0,0.0,0.0,1
228.800,0,0,0.0,0.0,1
228.900,0,0,0.0,0.0,1
228.900,0,0,0.0,0.0,1
228.900,0,0,0.0,0.0,1
229.000,0,0,0.0,0.0,1
229.000,0,0,0.0,0.0,1
229.100,0,0,0.0,0.0,1
229.100,0,0,0.0,0.0,1
229.100,0,0,0.0,0.0,1
229.200,0,0,0.0,0.0,1
229.200,0,0,0.0,0.0,1
229.200,0,0,0.0,0.0,1
229.300,0,0,0.0,0.0,1
229.300,0,0,0.0,0.0,1
229.400,0,0,0.0,0.0,1
229.400,0,0,0.0,0.0,1
229.400,0,0,0.0,0.0,1
229.500,0,0,0.0,0.0,1
229.500,0,0,0.0,0.0,1
229.600,0,0,0.0,0.0,1
229.600,0,0,0.0,0.0,1
229.600,0,0,0.0,0.0,1
229.700,0,0,0.0,0.0,1
229.700,0,0,0.0,0.0,1
229.700,0,0,0.0,0.0,1
229.800,0,0,0.0,0.0,1
229.800,0,0,0.0,0.0,1
229.900,0,0,0.0,0.0,1
229.900,0,0,0.0,0.0,1
229.900,0,0,0.0,0.0,1
230.000,0,0,0.0,0.0,1
230.000,0,0,0.0,0.0,1
230.100,0,0,0.0,0.0,1
230.100,0,0,0.0,0.0,1
230.100,0,0,0.0,0.0,1
230.200,0,0,0.0,0.0,1
230.200,0,0,0.0,0.0,1
230.200,0,0,0.0,0.0,1
230.300,0,0,0.0,0.0,1
230.300,0,0,0.0,0.0,1
230.400,0,0,0.0,0.0,1
230.400,0,0,0.0,0.0,1
230.400,0,0,0.0,0.0,1
230.500,0,0,0.0,0.0,1
230.500,0,0,0.0,0.0,1
230.600,0,0,0.0,0.0,1
230.600,0,0,0.0,0.0,1
230.600,0,0,0.0,0.0,1
230.700,0,0,0.0,0.0,1
230.700,0,0,0.0,0.0,1
230.700,0,0,0.0,0.0,1
230.800,0,0,0.0,0.0,1
230.800,0,0,0.0,0.0,1
230.900,0,0,0.0,0.0,1
230.900,0,0,0.0,0.0,1
230.900,0,0,0.0,0.0,1
231.000,0,0,0.0,0.0,1
231.000,0,0,0.0,0.0,1
231.000,0,0,0.0,0.0,1
231.100,0,0,0.0,0.0,1
231.100,0,0,0.0,0.0,1
231.200,0,0,0.0,0.0,1
231.200,0,0,0.0,0.0,1
231.200,0,0,0.0,0.0,1
231.300,0,0,0.0,0.0,1
231.300,0,0,0.0,0.0,1
231.400,0,0,0.0,0.0,1
231.400,0,0,0.0,0.0,1
231.400,0,0,0.0,0.0,1
231.500,0,0,0.0,0.0,1
231.500,0,0,0.0,0.0,1
231.500,0,0,0.0,0.0,1
231.600,0,0,0.0,0.0,1
231.600,0,0,0.0,0.0,1
231.700,0,0,0.0,0.0,1
231.700,0,0,0.0,0.0,1
231.700,0,0,0.0,0.0,1
231.800,0,0,0.0,0.0,1
231.800,0,0,0.0,0.0,1
231.900,0,0,0.0,0.0,1
231.900,0,0,0.0,0.0,1
231.900,0,0,0.0,0.0,1
232.000,0,0,0.0,0.0,1
232.000,0,0,0.0,0.0,1
232.000,0,0,0.0,0.0,1
232.100,0,0,0.0,0.0,1
232.100,0,0,0.0,0.0,1
232.200,0,0,0.0,0.0,1
232.200,0,0,0.0,0.0,1
232.200,0,0,0.0,0.0,1
232.300,0,0,0.0,0.0,1
232.300,0,0,0.0,0.0,1
232.400,0,0,0.0,0.0,1
232.400,0,0,0.0,0.0,1
232.400,0,0,0.0,0.0,1
232.500,0,0,0.0,0.0,1
232.500,0,0,0.0,0.0,1
232.500,0,0,0.0,0.0,1
232.600,0,0,0.0,0.0,1
232.600,0,0,0.0,0.0,1
232.700,0,0,0.0,0.0,1
232.700,0,0,0.0,0.0,1
232.700,0,0,0.0,0.0,1
232.800,0,0,0.0,0.0,1
232.800,0,0,0.0,0.0,1
232.900,0,0,0.0,0.0,1
232.900,0,0,0.0,0.0,1
232.900,0,0,0.0,0.0,1
233.000,0,0,0.0,0.0,1
233.000,0,0,0.0,0.0,1
233.000,0,0,0.0,0.0,1
233.100,0,0,0.0,0.0,1
233.100,0,0,0.0,0.0,1
233.200,0,0,0.0,0.0,1
233.200,0,0,0.0,0.0,1
233.200,0,0,0.0,0.0,1
233.300,0,0,0.0,0.0,1
233.300,0,0,0.0,0.0,1
233.300,0,0,0.0,0.0,1
233.400,0,0,0.0,0.0,1
233.400,0,0,0.0,0.0,1
233.500,0,0,0.0,0.0,1
233.500,0,0,0.0,0.0,1
233.500,0,0,0.0,0.0,1
233.600,0,0,0.0,0.0,1
233.600,0,0,0.0,0.0,1
233.700,0,0,0.0,0.0,1
233.700,0,0,0.0,0.0,1
233.700,0,0,0.0,0.0,1
233.800,0,0,0.0,0.0,1
233.800,0,0,0.0,0.0,1
233.800,0,0,0.0,0.0,1
233.900,0,0,0.0,0.0,1
233.900,0,0,0.0,0.0,1
234.000,0,0,0.0,0.0,1
234.000,0,0,0.0,0.0,1
234.000,0,0,0.0,0.0,1
234.100,0,0,0.0,0.0,1
234.100,0,0,0.0,0.0,1
234.200,0,0,0.0,0.0,1
234.200,0,0,0.0,0.0,1
234.200,0,0,0.0,0.0,1
234.300,0,0,0.0,0.0,1
234.300,0,0,0.0,0.0,1
234.300,0,0,0.0,0.0,1
234.400,0,0,0.0,0.0,1
234.400,0,0,0.0,0.0,1
234.500,0,0,0.0,0.0,1
234.500,0,0,0.0,0.0,1
234.500,0,0,0.0,0.0,1
234.600,0,0,0.0,0.0,1
234.600,0,0,0.0,0.0,1
234.700,0,0,0.0,0.0,1
234.700,0,0,0.0,0.0,1
234.700,0,0,0.0,0.0,1
234.800,0,0,0.0,0.0,1
234.800,0,0,0.0,0.0,1
234.800,0,0,0.0,0.0,1
234.900,0,0,0.0,0.0,1
234.900,0,0,0.0,0.0,1
235.000,0,0,0.0,0.0,1
235.000,0,0,0.0,0.0,1
235.000,0,0,0.0,0.0,1
235.100,0,0,0.0,0.0,1
235.100,0,0,0.0,0.0,1
235.200,0,0,0.0,0.0,1
235.200,0,0,0.0,0.0,1
235.200,0,0,0.0,0.0,1
235.300,0,0,0.0,0.0,1
235.300,0,0,0.0,0.0,1
235.300,0,0,0.0,0.0,1
235.400,0,0,0.0,0.0,1
235.400,0,0,0.0,0.0,1
235.500,0,0,0.0,0.0,1
235.500,0,0,0.0,0.0,1
235.500,0,0,0.0,0.0,1
235.600,0,0,0.0,0.0,1
235.600,0,0,0.0,0.0,1
235.600,0,0,0.0,0.0,1
235.700,0,0,0.0,0.0,1
235.700,0,0,0.0,0.0,1
235.800,0,0,0.0,0.0,1
235.800,0,0,0.0,0.0,1
235.800,0,0,0.0,0.0,1
235.900,0,0,0.0,0.0,1
235.900,0,0,0.0,0.0,1
236.000,0,0,0.0,0.0,1
236.000,0,0,0.0,0.0,1
236.000,0,0,0.0,0.0,1
236.100,0,0,0.0,0.0,1
236.100,0,0,0.0,0.0,1
236.100,0,0,0.0,0.0,1
236.200,0,0,0.0,0.0,1
236.200,0,0,0.0,0.0,1
236.300,0,0,0.0,0.0,1
236.300,0,0,0.0,0.0,1
236.300,0,0,0.0,0.0,1
236.400,0,0,0.0,0.0,1
236.400,0,0,0.0,0.0,1
236.500,0,0,0.0,0.0,1
236.500,0,0,0.0,0.0,1
236.500,0,0,0.0,0.0,1
236.600,0,0,0.0,0.0,1
236.600,0,0,0.0,0.0,1
236.600,0,0,0.0,0.0,1
236.700,0,0,0.0,0.0,1
236.700,0,0,0.0,0.0,1
236.800,0,0,0.0,0.0,1
236.800,0,0,0.0,0.0,1
236.800,0,0,0.0,0.0,1
236.900,0,0,0.0,0.0,1
236.900,0,0,0.0,0.0,1
237.000,0,0,0.0,0.0,1
237.000,0,0,0.0,0.0,1
237.000,0,0,0.0,0.0,1
237.100,0,0,0.0,0.0,1
237.100,0,0,0.0,0.0,1
237.100,0,0,0.0,0.0,1
237.200,0,0,0.0,0.0,1
237.200,0,0,0.0,0.0,1
237.300,0,0,0.0,0.0,1
237.300,0,0,0.0,0.0,1
237.300,0,0,0.0,0.0,1
237.400,0,0,0.0,0.0,1
237.400,0,0,0.0,0.0,1
237.500,0,0,0.0,0.0,1
237.500,0,0,0.0,0.0,1
237.500,0,0,0.0,0.0,1
237.600,0,0,0.0,0.0,1
237.600,0,0,0.0,0.0,1
237.600,0,0,0.0,0.0,1
237.700,0,0,0.0,0.0,1
237.700,0,0,0.0,0.0,1
237.800,0,0,0.0,0.0,1
237.800,0,0,0.0,0.0,1
237.800,0,0,0.0,0.0,1
237.900,0,0,0.0,0.0,1
237.900,0,0,0.0,0.0,1
237.900,0,0,0.0,0.0,1
238.000,0,0,0.0,0.0,1
238.000,0,0,0.0,0.0,1
238.100,0,0,0.0,0.0,1
238.100,0,0,0.0,0.0,1
238.100,0,0,0.0,0.0,1
238.200,0,0,0.0,0.0,1
238.200,0,0,0.0,0.0,1
238.300,0,0,0.0,0.0,1
238.300,0,0,0.0,0.0,1
238.300,0,0,0.0,0.0,1
238.400,0,0,0.0,0.0,1
238.400,0,0,0.0,0.0,1
238.400,0,0,0.0,0.0,1
238.500,0,0,0.0,0.0,1
238.500,0,0,0.0,0.0,1
238.600,0,0,0.0,0.0,1
238.600,0,0,0.0,0.0,1
238.600,0,0,0.0,0.0,1
238.700,0,0,0.0,0.0,1
238.700,0,0,0.0,0.0,1
238.800,0,0,0.0,0.0,1
238.800,0,0,0.0,0.0,1
238.800,0,0,0.0,0.0,1
238.900,0,0,0.0,0.0,1
238.900,0,0,0.0,0.0,1
238.900,0,0,0.0,0.0,1
239.000,0,0,0.0,0.0,1
239.000,0,0,0.0,0.0,1
239.100,0,0,0.0,0.0,1
239.100,0,0,0.0,0.0,1
239.100,0,0,0.0,0.0,1
239.200,0,0,0.0,0.0,1
239.200,0,0,0.0,0.0,1
239.300,0,0,0.0,0.0,1
239.300,0,0,0.0,0.0,1
239.300,0,0,0.0,0.0,1
239.400,0,0,0.0,0.0,1
239.400,0,0,0.0,0.0,1
239.400,0,0,0.0,0.0,1
239.500,0,0,0.0,0.0,1
239.500,0,0,0.0,0.0,1
239.600,0,0,0.0,0.0,1
239.600,0,0,0.0,0.0,1
239.600,0,0,0.0,0.0,1
239.700,0,0,0.0,0.0,1
239.700,0,0,0.0,0.0,1
239.800,0,0,0.0,0.0,1
239.800,0,0,0.0,0.0,1
239.800,0,0,0.0,0.0,1
239.900,0,0,0.0,0.0,1
239.900,0,0,0.0,0.0,1
239.900,0,0,0.0,0.0,1
240.000,0,0,0.0,0.0,1
240.000,0,0,0.0,0.0,1
240.100,0,0,0.0,0.0,1
240.100,0,0,0.0,0.0,1
240.100,0,0,0.0,0.0,1
240.200,0,0,0.0,0.0,1
240.200,0,0,0.0,0.0,1
240.200,0,0,0.0,0.0,1
240.300,0,0,0.0,0.0,1
240.300,0,0,0.0,0.0,1
240.400,0,0,0.0,0.0,1
240.400,0,0,0.0,0.0,1
240.400,0,0,0.0,0.0,1
240.500,0,0,0.0,0.0,1
240.500,0,0,0.0,0.0,1
240.600,0,0,0.0,0.0,1
240.600,0,0,0.0,0.0,1
240.600,0,0,0.0,0.0,1
240.700,0,0,0.0,0.0,1
240.700,0,0,0.0,0.0,1
240.700,0,0,0.0,0.0,1
240.800,0,0,0.0,0.0,1
240.800,0,0,0.0,0.0,1
240.900,0,0,0.0,0.0,1
240.900,0,0,0.0,0.0,1
240.900,0,0,0.0,0.0,1
241.000,0,0,0.0,0.0,1
241.000,0,0,0.0,0.0,1
241.100,0,0,0.0,0.0,1
241.100,0,0,0.0,0.0,1
241.100,0,0,0.0,0.0,1
241.200,0,0,0.0,0.0,1
241.200,0,0,0.0,0.0,1
241.200,0,0,0.0,0.0,1
241.300,0,0,0.0,0.0,1
241.300,0,0,0.0,0.0,1
241.400,0,0,0.0,0.0,1
241.400,0,0,0.0,0.0,1
241.400,0,0,0.0,0.0,1
241.500,0,0,0.0,0.0,1
241.500,0,0,0.0,0.0,1
241.600,0,0,0.0,0.0,1
241.600,0,0,0.0,0.0,1
241.600,0,0,0.0,0.0,1
241.700,0,0,0.0,0.0,1
241.700,0,0,0.0,0.0,1
241.700,0,0,0.0,0.0,1
241.800,0,0,0.0,0.0,1
241.800,0,0,0.0,0.0,1
241.900,0,0,0.0,0.0,1
241.900,0,0,0.0,0.0,1
241.900,0,0,0.0,0.0,1
242.000,0,0,0.0,0.0,1
242.000,0,0,0.0,0.0,1
242.100,0,0,0.0,0.0,1
242.100,0,0,0.0,0.0,1
242.100,0,0,0.0,0.0,1
242.200,0,0,0.0,0.0,1
242.200,0,0,0.0,0.0,1
242.200,0,0,0.0,0.0,1
242.300,0,0,0.0,0.0,1
242.300,0,0,0.0,0.0,1
242.400,0,0,0.0,0.0,1
242.400,0,0,0.0,0.0,1
242.400,0,0,0.0,0.0,1
242.500,0,0,0.0,0.0,1
242.500,0,0,0.0,0.0,1
242.500,0,0,0.0,0.0,1
242.600,0,0,0.0,0.0,1
242.600,0,0,0.0,0.0,1
242.700,0,0,0.0,0.0,1
242.700,0,0,0.0,0.0,1
242.700,0,0,0.0,0.0,1
242.800,0,0,0.0,0.0,1
242.800,0,0,0.0,0.0,1
242.900,0,0,0.0,0.0,1
242.900,0,0,0.0,0.0,1
242.900,0,0,0.0,0.0,1
243.000,0,0,0.0,0.0,1
243.000,0,0,0.0,0.0,1
243.000,0,0,0.0,0.0,1
243.100,0,0,0.0,0.0,1
243.100,0,0,0.0,0.0,1
243.200,0,0,0.0,0.0,1
243.200,0,0,0.0,0.0,1
243.200,0,0,0.0,0.0,1
243.300,0,0,0.0,0.0,1
243.300,0,0,0.0,0.0,1
243.400,0,0,0.0,0.0,1
243.400,0,0,0.0,0.0,1
243.400,0,0,0.0,0.0,1
243.500,0,0,0.0,0.0,1
243.500,0,0,0.0,0.0,1
243.500,0,0,0.0,0.0,1
243.600,0,0,0.0,0.0,1
243.600,0,0,0.0,0.0,1
243.700,0,0,0.0,0.0,1
243.700,0,0,0.0,0.0,1
243.700,0,0,0.0,0.0,1
243.800,0,0,0.0,0.0,1
243.800,0,0,0.0,0.0,1
243.900,0,0,0.0,0.0,1
243.900,0,0,0.0,0.0,1
243.900,0,0,0.0,0.0,1
244.000,0,0,0.0,0.0,1
244.000,0,0,0.0,0.0,1
244.000,0,0,0.0,0.0,1
244.100,0,0,0.0,0.0,1
244.100,0,0,0.0,0.0,1
244.200,0,0,0.0,0.0,1
244.200,0,0,0.0,0.0,1
244.200,0,0,0.0,0.0,1
244.300,0,0,0.0,0.0,1
244.300,0,0,0.0,0.0,1
244.400,0,0,0.0,0.0,1
244.400,0,0,0.0,0.0,1
244.400,0,0,0.0,0.0,1
244.500,0,0,0.0,0.0,1
244.500,0,0,0.0,0.0,1
244.500,0,0,0.0,0.0,1
244.600,0,0,0.0,0.0,1
244.600,0,0,0.0,0.0,1
244.700,0,0,0.0,0.0,1
244.700,0,0,0.0,0.0,1
244.700,0,0,0.0,0.0,1
244.800,0,0,0.0,0.0,1
244.800,0,0,0.0,0.0,1
244.800,0,0,0.0,0.0,1
244.900,0,0,0.0,0.0,1
244.900,0,0,0.0,0.0,1
245.000,0,0,0.0,0.0,1
245.000,0,0,0.0,0.0,1
245.000,0,0,0.0,0.0,1
245.100,0,0,0.0,0.0,1
245.100,0,0,0.0,0.0,1
245.200,0,0,0.0,0.0,1
245.200,0,0,0.0,0.0,1
245.200,0,0,0.0,0.0,1
245.300,0,0,0.0,0.0,1
245.300,0,0,0.0,0.0,1
245.300,0,0,0.0,0.0,1
245.400,0,0,0.0,0.0,1
245.400,0,0,0.0,0.0,1
245.500,0,0,0.0,0.0,1
245.500,0,0,0.0,0.0,1
245.500,0,0,0.0,0.0,1
245.600,0,0,0.0,0.0,1
245.600,0,0,0.0,0.0,1
245.700,0,0,0.0,0.0,1
245.700,0,0,0.0,0.0,1
245.700,0,0,0.0,0.0,1
245.800,0,0,0.0,0.0,1
245.800,0,0,0.0,0.0,1
245.800,0,0,0.0,0.0,1
245.900,0,0,0.0,0.0,1
245.900,0,0,0.0,0.0,1
246.000,0,0,0.0,0.0,1
246.000,0,0,0.0,0.0,1
246.000,0,0,0.0,0.0,1
246.100,0,0,0.0,0.0,1
246.100,0,0,0.0,0.0,1
246.200,0,0,0.0,0.0,1
246.200,0,0,0.0,0.0,1
246.200,0,0,0.0,0.0,1
246.300,0,0,0.0,0.0,1
246.300,0,0,0.0,0.0,1
246.300,0,0,0.0,0.0,1
246.400,0,0,0.0,0.0,1
246.400,0,0,0.0,0.0,1
246.500,0,0,0.0,0.0,1
246.500,0,0,0.0,0.0,1
246.500,0,0,0.0,0.0,1
246.600,0,0,0.0,0.0,1
246.600,0,0,0.0,0.0,1
246.700,0,0,0.0,0.0,1
246.700,0,0,0.0,0.0,1
246.700,0,0,0.0,0.0,1
246.800,0,0,0.0,0.0,1
246.800,0,0,0.0,0.0,1
246.800,0,0,0.0,0.0,1
246.900,0,0,0.0,0.0,1
246.900,0,0,0.0,0.0,1
247.000,0,0,0.0,0.0,1
247.000,0,0,0.0,0.0,1
247.000,0,0,0.0,0.0,1
247.100,0,0,0.0,0.0,1
247.100,0,0,0.0,0.0,1
247.100,0,0,0.0,0.0,1
247.200,0,0,0.0,0.0,1
247.200,0,0,0.0,0.0,1
247.300,0,0,0.0,0.0,1
247.300,0,0,0.0,0.0,1
247.300,0,0,0.0,0.0,1
247.400,0,0,0.0,0.0,1
247.400,0,0,0.0,0.0,1
247.500,0,0,0.0,0.0,1
247.500,0,0,0.0,0.0,1
247.500,0,0,0.0,0.0,1
247.600,0,0,0.0,0.0,1
247.600,0,0,0.0,0.0,1
247.600,0,0,0.0,0.0,1
247.700,0,0,0.0,0.0,1
247.700,0,0,0.0,0.0,1
247.800,0,0,0.0,0.0,1
247.800,0,0,0.0,0.0,1
247.800,0,0,0.0,0.0,1
247.900,0,0,0.0,0.0,1
247.900,0,0,0.0,0.0,1
248.000,0,0,0.0,0.0,1
248.000,0,0,0.0,0.0,1
248.000,0,0,0.0,0.0,1
248.100,0,0,0.0,0.0,1
248.100,0,0,0.0,0.0,1
248.100,0,0,0.0,0.0,1
248.200,0,0,0.0,0.0,1
248.200,0,0,0.0,0.0,1
248.300,0,0,0.0,0.0,1
248.300,0,0,0.0,0.0,1
248.300,0,0,0.0,0.0,1
248.400,0,0,0.0,0.0,1
248.400,0,0,0.0,0.0,1
248.500,0,0,0.0,0.0,1
248.500,0,0,0.0,0.0,1
248.500,0,0,0.0,0.0,1
248.600,0,0,0.0,0.0,1
248.600,0,0,0.0,0.0,1
248.600,0,0,0.0,0.0,1
248.700,0,0,0.0,0.0,1
248.700,0,0,0.0,0.0,1
248.800,0,0,0.0,0.0,1
248.800,0,0,0.0,0.0,1
248.800,0,0,0.0,0.0,1
248.900,0,0,0.0,0.0,1
248.900,0,0,0.0,0.0,1
249.000,0,0,0.0,0.0,1
249.000,0,0,0.0,0.0,1
249.000,0,0,0.0,0.0,1
249.100,0,0,0.0,0.0,1
249.100,0,0,0.0,0.0,1
249.100,0,0,0.0,0.0,1
249.200,0,0,0.0,0.0,1
249.200,0,0,0.0,0.0,1
249.300,0,0,0.0,0.0,1
249.300,0,0,0.0,0.0,1
249.300,0,0,0.0,0.0,1
249.400,0,0,0.0,0.0,1
249.400,0,0,0.0,0.0,1
249.400,0,0,0.0,0.0,1
249.500,0,0,0.0,0.0,1
249.500,0,0,0.0,0.0,1
249.600,0,0,0.0,0.0,1
249.600,0,0,0.0,0.0,1
249.600,0,0,0.0,0.0,1
249.700,0,0,0.0,0.0,1
249.700,0,0,0.0,0.0,1
249.800,0,0,0.0,0.0,1
249.800,0,0,0.0,0.0,1
249.800,0,0,0.0,0.0,1
249.900,0,0,0.0,0.0,1
249.900,0,0,0.0,0.0,1
249.900,0,0,0.0,0.0,1
250.000,0,0,0.0,0.0,1
250.000,0,0,0.0,0.0,1
250.100,0,0,0.0,0.0,1
250.100,0,0,0.0,0.0,1
250.100,0,0,0.0,0.0,1
250.200,0,0,0.0,0.0,1
250.200,0,0,0.0,0.0,1
250.300,0,0,0.0,0.0,1
250.300,0,0,0.0,0.0,1
250.300,0,0,0.0,0.0,1
250.400,0,0,0.0,0.0,1
250.400,0,0,0.0,0.0,1
250.400,0,0,0.0,0.0,1
250.500,0,0,0.0,0.0,1
250.500,0,0,0.0,0.0,1
250.600,0,0,0.0,0.0,1
250.600,0,0,0.0,0.0,1
250.600,0,0,0.0,0.0,1
250.700,0,0,0.0,0.0,1
250.700,0,0,0.0,0.0,1
250.800,0,0,0.0,0.0,1
250.800,0,0,0.0,0.0,1
250.800,0,0,0.0,0.0,1
250.900,0,0,0.0,0.0,1
250.900,0,0,0.0,0.0,1
250.900,0,0,0.0,0.0,1
251.000,0,0,0.0,0.0,1
251.000,0,0,0.0,0.0,1
251.100,0,0,0.0,0.0,1
251.100,0,0,0.0,0.0,1
251.100,0,0,0.0,0.0,1
251.200,0,0,0.0,0.0,1
251.200,0,0,0.0,0.0,1
251.300,0,0,0.0,0.0,1
251.300,0,0,0.0,0.0,1
251.300,0,0,0.0,0.0,1
251.400,0,0,0.0,0.0,1
251.400,0,0,0.0,0.0,1
251.400,0,0,0.0,0.0,1
251.500,0,0,0.0,0.0,1
251.500,0,0,0.0,0.0,1
251.600,0,0,0.0,0.0,1
251.600,0,0,0.0,0.0,1
251.600,0,0,0.0,0.0,1
251.700,0,0,0.0,0.0,1
251.700,0,0,0.0,0.0,1
251.700,0,0,0.0,0.0,1
251.800,0,0,0.0,0.0,1
251.800,0,0,0.0,0.0,1
251.900,0,0,0.0,0.0,1
251.900,0,0,0.0,0.0,1
251.900,0,0,0.0,0.0,1
252.000,0,0,0.0,0.0,1
252.000,0,0,0.0,0.0,1
252.100,0,0,0.0,0.0,1
252.100,0,0,0.0,0.0,1
252.100,0,0,0.0,0.0,1
252.200,0,0,0.0,0.0,1
252.200,0,0,0.0,0.0,1
252.200,0,0,0.0,0.0,1
252.300,0,0,0.0,0.0,1
252.300,0,0,0.0,0.0,1
252.400,0,0,0.0,0.0,1
252.400,0,0,0.0,0.0,1
252.400,0,0,0.0,0.0,1
252.500,0,0,0.0,0.0,1
252.500,0,0,0.0,0.0,1
252.600,0,0,0.0,0.0,1
252.600,0,0,0.0,0.0,1
252.600,0,0,0.0,0.0,1
252.700,0,0,0.0,0.0,1
252.700,0,0,0.0,0.0,1
252.700,0,0,0.0,0.0,1
252.800,0,0,0.0,0.0,1
252.800,0,0,0.0,0.0,1
252.900,0,0,0.0,0.0,1
252.900,0,0,0.0,0.0,1
252.900,0,0,0.0,0.0,1
253.000,0,0,0.0,0.0,1
253.000,0,0,0.0,0.0,1
253.100,0,0,0.0,0.0,1
253.100,0,0,0.0,0.0,1
253.100,0,0,0.0,0.0,1
253.200,0,0,0.0,0.0,1
253.200,0,0,0.0,0.0,1
253.200,0,0,0.0,0.0,1
253.300,0,0,0.0,0.0,1
253.300,0,0,0.0,0.0,1
253.400,0,0,0.0,0.0,1
253.400,0,0,0.0,0.0,1
253.400,0,0,0.0,0.0,1
253.500,0,0,0.0,0.0,1
253.500,0,0,0.0,0.0,1
253.600,0,0,0.0,0.0,1
253.600,0,0,0.0,0.0,1
253.600,0,0,0.0,0.0,1
253.700,0,0,0.0,0.0,1
253.700,0,0,0.0,0.0,1
253.700,0,0,0.0,0.0,1
253.800,0,0,0.0,0.0,1
253.800,0,0,0.0,0.0,1
253.900,0,0,0.0,0.0,1
253.900,0,0,0.0,0.0,1
253.900,0,0,0.0,0.0,1
254.000,0,0,0.0,0.0,1
254.000,0,0,0.0,0.0,1
254.000,0,0,0.0,0.0,1
254.100,0,0,0.0,0.0,1
254.100,0,0,0.0,0.0,1
254.200,0,0,0.0,0.0,1
254.200,0,0,0.0,0.0,1
254.200,0,0,0.0,0.0,1
254.300,0,0,0.0,0.0,1
254.300,0,0,0.0,0.0,1
254.400,0,0,0.0,0.0,1
254.400,0,0,0.0,0.0,1
254.400,0,0,0.0,0.0,1
254.500,0,0,0.0,0.0,1
254.500,0,0,0.0,0.0,1
254.500,0,0,0.0,0.0,1
254.600,0,0,0.0,0.0,1
254.600,0,0,0.0,0.0,1
254.700,0,0,0.0,0.0,1
254.700,0,0,0.0,0.0,1
254.700,0,0,0.0,0.0,1
254.800,0,0,0.0,0.0,1
254.800,0,0,0.0,0.0,1
254.900,0,0,0.0,0.0,1
254.900,0,0,0.0,0.0,1
254.900,0,0,0.0,0.0,1
255.000,0,0,0.0,0.0,1
255.000,0,0,0.0,0.0,1
255.000,0,0,0.0,0.0,1
255.100,0,0,0.0,0.0,1
255.100,0,0,0.0,0.0,1
255.200,0,0,0.0,0.0,1
255.200,0,0,0.0,0.0,1
255.200,0,0,0.0,0.0,1
255.300,0,0,0.0,0.0,1
255.300,0,0,0.0,0.0,1
255.400,0,0,0.0,0.0,1
255.400,0,0,0.0,0.0,1
255.400,0,0,0.0,0.0,1
255.500,0,0,0.0,0.0,1
255.500,0,0,0.0,0.0,1
255.500,0,0,0.0,0.0,1
255.600,0,0,0.0,0.0,1
255.600,0,0,0.0,0.0,1
255.700,0,0,0.0,0.0,1
255.700,0,0,0.0,0.0,1
255.700,0,0,0.0,0.0,1
255.800,0,0,0.0,0.0,1
255.800,0,0,0.0,0.0,1
255.900,0,0,0.0,0.0,1
255.900,0,0,0.0,0.0,1
255.900,0,0,0.0,0.0,1
256.000,0,0,0.0,0.0,1
256.000,0,0,0.0,0.0,1
256.000,0,0,0.0,0.0,1
256.100,0,0,0.0,0.0,1
256.100,0,0,0.0,0.0,1
256.200,0,0,0.0,0.0,1
256.200,0,0,0.0,0.0,1
256.200,0,0,0.0,0.0,1
256.300,0,0,0.0,0.0,1
256.300,0,0,0.0,0.0,1
256.300,0,0,0.0,0.0,1
256.400,0,0,0.0,0.0,1
256.400,0,0,0.0,0.0,1
256.500,0,0,0.0,0.0,1
256.500,0,0,0.0,0.0,1
256.500,0,0,0.0,0.0,1
256.600,0,0,0.0,0.0,1
256.600,0,0,0.0,0.0,1
256.700,0,0,0.0,0.0,1
256.700,0,0,0.0,0.0,1
256.700,0,0,0.0,0.0,1
256.800,0,0,0.0,0.0,1
256.800,0,0,0.0,0.0,1
256.800,0,0,0.0,0.0,1
256.900,0,0,0.0,0.0,1
256.900,0,0,0.0,0.0,1
257.000,0,0,0.0,0.0,1
257.000,0,0,0.0,0.0,1
257.000,0,0,0.0,0.0,1
257.100,0,0,0.0,0.0,1
257.100,0,0,0.0,0.0,1
257.200,0,0,0.0,0.0,1
257.200,0,0,0.0,0.0,1
257.200,0,0,0.0,0.0,1
257.300,0,0,0.0,0.0,1
257.300,0,0,0.0,0.0,1
257.300,0,0,0.0,0.0,1
257.400,0,0,0.0,0.0,1
257.400,0,0,0.0,0.0,1
257.500,0,0,0.0,0.0,1
257.500,0,0,0.0,0.0,1
257.500,0,0,0.0,0.0,1
257.600,0,0,0.0,0.0,1
257.600,0,0,0.0,0.0,1
257.700,0,0,0.0,0.0,1
257.700,0,0,0.0,0.0,1
257.700,0,0,0.0,0.0,1
257.800,0,0,0.0,0.0,1
257.800,0,0,0.0,0.0,1
257.800,0,0,0.0,0.0,1
257.900,0,0,0.0,0.0,1
257.900,0,0,0.0,0.0,1
258.000,0,0,0.0,0.0,1
258.000,0,0,0.0,0.0,1
258.000,0,0,0.0,0.0,1
258.100,0,0,0.0,0.0,1
258.100,0,0,0.0,0.0,1
258.200,0,0,0.0,0.0,1
258.200,0,0,0.0,0.0,1
258.200,0,0,0.0,0.0,1
258.300,0,0,0.0,0.0,1
258.300,0,0,0.0,0.0,1
258.300,0,0,0.0,0.0,1
258.400,0,0,0.0,0.0,1
258.400,0,0,0.0,0.0,1
258.500,0,0,0.0,0.0,1
258.500,0,0,0.0,0.0,1
258.500,0,0,0.0,0.0,1
258.600,0,0,0.0,0.0,1
258.600,0,0,0.0,0.0,1
258.600,0,0,0.0,0.0,1
258.700,0,0,0.0,0.0,1
258.700,0,0,0.0,0.0,1
258.800,0,0,0.0,0.0,1
258.800,0,0,0.0,0.0,1
258.800,0,0,0.0,0.0,1
258.900,0,0,0.0,0.0,1
258.900,0,0,0.0,0.0,1
259.000,0,0,0.0,0.0,1
259.000,0,0,0.0,0.0,1
259.000,0,0,0.0,0.0,1
259.100,0,0,0.0,0.0,1
259.100,0,0,0.0,0.0,1
259.100,0,0,0.0,0.0,1
259.200,0,0,0.0,0.0,1
259.200,0,0,0.0,0.0,1
259.300,0,0,0.0,0.0,1
259.300,0,0,0.0,0.0,1
259.300,0,0,0.0,0.0,1
259.400,0,0,0.0,0.0,1
259.400,0,0,0.0,0.0,1
259.500,0,0,0.0,0.0,1
259.500,0,0,0.0,0.0,1
259.500,0,0,0.0,0.0,1
259.600,0,0,0.0,0.0,1
259.600,0,0,0.0,0.0,1
259.600,0,0,0.0,0.0,1
259.700,0,0,0.0,0.0,1
259.700,0,0,0.0,0.0,1
259.800,0,0,0.0,0.0,1
259.800,0,0,0.0,0.0,1
259.800,0,0,0.0,0.0,1
259.900,0,0,0.0,0.0,1
259.900,0,0,0.0,0.0,1
260.000,0,0,0.0,0.0,1
260.000,0,0,0.0,0.0,1
260.000,0,0,0.0,0.0,1
260.100,0,0,0.0,0.0,1
260.100,0,0,0.0,0.0,1
260.100,0,0,0.0,0.0,1
260.200,0,0,0.0,0.0,1
260.200,0,0,0.0,0.0,1
260.300,0,0,0.0,0.0,1
260.300,0,0,0.0,0.0,1
260.300,0,0,0.0,0.0,1
260.400,0,0,0.0,0.0,1
260.400,0,0,0.0,0.0,1
260.500,0,0,0.0,0.0,1
260.500,0,0,0.0,0.0,1
260.500,0,0,0.0,0.0,1
260.600,0,0,0.0,0.0,1
260.600,0,0,0.0,0.0,1
260.600,0,0,0.0,0.0,1
260.700,0,0,0.0,0.0,1
260.700,0,0,0.0,0.0,1
260.800,0,0,0.0,0.0,1
260.800,0,0,0.0,0.0,1
260.800,0,0,0.0,0.0,1
260.900,0,0,0.0,0.0,1
260.900,0,0,0.0,0.0,1
260.900,0,0,0.0,0.0,1
261.000,0,0,0.0,0.0,1
261.000,0,0,0.0,0.0,1
261.100,0,0,0.0,0.0,1
261.100,0,0,0.0,0.0,1
261.100,0,0,0.0,0.0,1
261.200,0,0,0.0,0.0,1
261.200,0,0,0.0,0.0,1
261.300,0,0,0.0,0.0,1
261.300,0,0,0.0,0.0,1
261.300,0,0,0.0,0.0,1
261.400,0,0,0.0,0.0,1
261.400,0,0,0.0,0.0,1
261.400,0,0,0.0,0.0,1
261.500,0,0,0.0,0.0,1
261.500,0,0,0.0,0.0,1
261.600,0,0,0.0,0.0,1
261.600,0,0,0.0,0.0,1
261.600,0,0,0.0,0.0,1
261.700,0,0,0.0,0.0,1
261.700,0,0,0.0,0.0,1
261.800,0,0,0.0,0.0,1
261.800,0,0,0.0,0.0,1
261.800,0,0,0.0,0.0,1
261.900,0,0,0.0,0.0,1
261.900,0,0,0.0,0.0,1
261.900,0,0,0.0,0.0,1
262.000,0,0,0.0,0.0,1
262.000,0,0,0.0,0.0,1
262.100,0,0,0.0,0.0,1
262.100,0,0,0.0,0.0,1
262.100,0,0,0.0,0.0,1
262.200,0,0,0.0,0.0,1
262.200,0,0,0.0,0.0,1
262.300,0,0,0.0,0.0,1
262.300,0,0,0.0,0.0,1
262.300,0,0,0.0,0.0,1
262.400,0,0,0.0,0.0,1
262.400,0,0,0.0,0.0,1
262.400,0,0,0.0,0.0,1
262.500,0,0,0.0,0.0,1
262.500,0,0,0.0,0.0,1
262.600,0,0,0.0,0.0,1
262.600,0,0,0.0,0.0,1
262.600,0,0,0.0,0.0,1
262.700,0,0,0.0,0.0,1
262.700,0,0,0.0,0.0,1
262.800,0,0,0.0,0.0,1
262.800,0,0,0.0,0.0,1
262.800,0,0,0.0,0.0,1
262.900,0,0,0.0,0.0,1
262.900,0,0,0.0,0.0,1
262.900,0,0,0.0,0.0,1
263.000,0,0,0.0,0.0,1
263.000,0,0,0.0,0.0,1
263.100,0,0,0.0,0.0,1
263.100,0,0,0.0,0.0,1
263.100,0,0,0.0,0.0,1
263.200,0,0,0.0,0.0,1
263.200,0,0,0.0,0.0,1
263.200,0,0,0.0,0.0,1
263.300,0,0,0.0,0.0,1
263.300,0,0,0.0,0.0,1
263.400,0,0,0.0,0.0,1
263.400,0,0,0.0,0.0,1
263.400,0,0,0.0,0.0,1
263.500,0,0,0.0,0.0,1
263.500,0,0,0.0,0.0,1
263.600,0,0,0.0,0.0,1
263.600,0,0,0.0,0.0,1
263.600,0,0,0.0,0.0,1
263.700,0,0,0.0,0.0,1
263.700,0,0,0.0,0.0,1
263.700,0,0,0.0,0.0,1
263.800,0,0,0.0,0.0,1
263.800,0,0,0.0,0.0,1
263.900,0,0,0.0,0.0,1
263.900,0,0,0.0,0.0,1
263.900,0,0,0.0,0.0,1
264.000,0,0,0.0,0.0,1
264.000,0,0,0.0,0.0,1
264.100,0,0,0.0,0.0,1
264.100,0,0,0.0,0.0,1
264.100,0,0,0.0,0.0,1
264.200,0,0,0.0,0.0,1
264.200,0,0,0.0,0.0,1
264.200,0,0,0.0,0.0,1
264.300,0,0,0.0,0.0,1
264.300,0,0,0.0,0.0,1
264.400,0,0,0.0,0.0,1
264.400,0,0,0.0,0.0,1
264.400,0,0,0.0,0.0,1
264.500,0,0,0.0,0.0,1
264.500,0,0,0.0,0.0,1
264.600,0,0,0.0,0.0,1
264.600,0,0,0.0,0.0,1
264.600,0,0,0.0,0.0,1
264.700,0,0,0.0,0.0,1
264.700,0,0,0.0,0.0,1
264.700,0,0,0.0,0.0,1
264.800,0,0,0.0,0.0,1
264.800,0,0,0.0,0.0,1
264.900,0,0,0.0,0.0,1
264.900,0,0,0.0,0.0,1
264.900,0,0,0.0,0.0,1
265.000,0,0,0.0,0.0,1
265.000,0,0,0.0,0.0,1
265.100,0,0,0.0,0.0,1
265.100,0,0,0.0,0.0,1
265.100,0,0,0.0,0.0,1
265.200,0,0,0.0,0.0,1
265.200,0,0,0.0,0.0,1
265.200,0,0,0.0,0.0,1
265.300,0,0,0.0,0.0,1
265.300,0,0,0.0,0.0,1
265.400,0,0,0.0,0.0,1
265.400,0,0,0.0,0.0,1
265.400,0,0,0.0,0.0,1
265.500,0,0,0.0,0.0,1
265.500,0,0,0.0,0.0,1
265.500,0,0,0.0,0.0,1
265.600,0,0,0.0,0.0,1
265.600,0,0,0.0,0.0,1
265.700,0,0,0.0,0.0,1
265.700,0,0,0.0,0.0,1
265.700,0,0,0.0,0.0,1
265.800,0,0,0.0,0.0,1
265.800,0,0,0.0,0.0,1
265.900,0,0,0.0,0.0,1
265.900,0,0,0.0,0.0,1
265.900,0,0,0.0,0.0,1
266.000,0,0,0.0,0.0,1
266.000,0,0,0.0,0.0,1
266.000,0,0,0.0,0.0,1
266.100,0,0,0.0,0.0,1
266.100,0,0,0.0,0.0,1
266.200,0,0,0.0,0.0,1
266.200,0,0,0.0,0.0,1
266.200,0,0,0.0,0.0,1
266.300,0,0,0.0,0.0,1
266.300,0,0,0.0,0.0,1
266.400,0,0,0.0,0.0,1
266.400,0,0,0.0,0.0,1
266.400,0,0,0.0,0.0,1
266.500,0,0,0.0,0.0,1
266.500,0,0,0.0,0.0,1
266.500,0,0,0.0,0.0,1
266.600,0,0,0.0,0.0,1
266.600,0,0,0.0,0.0,1
266.700,0,0,0.0,0.0,1
266.700,0,0,0.0,0.0,1
266.700,0,0,0.0,0.0,1
266.800,0,0,0.0,0.0,1
266.800,0,0,0.0,0.0,1
266.900,0,0,0.0,0.0,1
266.900,0,0,0.0,0.0,1
266.900,0,0,0.0,0.0,1
267.000,0,0,0.0,0.0,1
267.000,0,0,0.0,0.0,1
267.000,0,0,0.0,0.0,1
267.100,0,0,0.0,0.0,1
267.100,0,0,0.0,0.0,1
267.200,0,0,0.0,0.0,1
267.200,0,0,0.0,0.0,1
267.200,0,0,0.0,0.0,1
267.300,0,0,0.0,0.0,1
267.300,0,0,0.0,0.0,1
267.400,0,0,0.0,0.0,1
267.400,0,0,0.0,0.0,1
267.400,0,0,0.0,0.0,1
267.500,0,0,0.0,0.0,1
267.500,0,0,0.0,0.0,1
267.500,0,0,0.0,0.0,1
267.600,0,0,0.0,0.0,1
267.600,0,0,0.0,0.0,1
267.700,0,0,0.0,0.0,1
267.700,0,0,0.0,0.0,1
267.700,0,0,0.0,0.0,1
267.800,0,0,0.0,0.0,1
267.800,0,0,0.0,0.0,1
267.800,0,0,0.0,0.0,1
267.900,0,0,0.0,0.0,1
267.900,0,0,0.0,0.0,1
268.000,0,0,0.0,0.0,1
268.000,0,0,0.0,0.0,1
268.000,0,0,0.0,0.0,1
268.100,0,0,0.0,0.0,1
268.100,0,0,0.0,0.0,1
268.200,0,0,0.0,0.0,1
268.200,0,0,0.0,0.0,1
268.200,0,0,0.0,0.0,1
268.300,0,0,0.0,0.0,1
268.300,0,0,0.0,0.0,1
268.300,0,0,0.0,0.0,1
268.400,0,0,0.0,0.0,1
268.400,0,0,0.0,0.0,1
268.500,0,0,0.0,0.0,1
268.500,0,0,0.0,0.0,1
268.500,0,0,0.0,0.0,1
268.600,0,0,0.0,0.0,1
268.600,0,0,0.0,0.0,1
268.700,0,0,0.0,0.0,1
268.700,0,0,0.0,0.0,1
268.700,0,0,0.0,0.0,1
268.800,0,0,0.0,0.0,1
268.800,0,0,0.0,0.0,1
268.800,0,0,0.0,0.0,1
268.900,0,0,0.0,0.0,1
268.900,0,0,0.0,0.0,1
269.000,0,0,0.0,0.0,1
269.000,0,0,0.0,0.0,1
269.000,0,0,0.0,0.0,1
269.100,0,0,0.0,0.0,1
269.100,0,0,0.0,0.0,1
269.200,0,0,0.0,0.0,1
269.200,0,0,0.0,0.0,1
269.200,0,0,0.0,0.0,1
269.300,0,0,0.0,0.0,1
269.300,0,0,0.0,0.0,1
269.300,0,0,0.0,0.0,1
269.400,0,0,0.0,0.0,1
269.400,0,0,0.0,0.0,1
269.500,0,0,0.0,0.0,1
269.500,0,0,0.0,0.0,1
269.500,0,0,0.0,0.0,1
269.600,0,0,0.0,0.0,1
269.600,0,0,0.0,0.0,1
269.700,0,0,0.0,0.0,1
269.700,0,0,0.0,0.0,1
269.700,0,0,0.0,0.0,1
269.800,0,0,0.0,0.0,1
269.800,0,0,0.0,0.0,1
269.800,0,0,0.0,0.0,1
269.900,0,0,0.0,0.0,1
269.900,0,0,0.0,0.0,1
270.000,0,0,0.0,0.0,1
270.000,0,0,0.0,0.0,1
270.000,0,0,0.0,0.0,1
270.100,0,0,0.0,0.0,1
270.100,0,0,0.0,0.0,1
270.100,0,0,0.0,0.0,1
270.200,0,0,0.0,0.0,1
270.200,0,0,0.0,0.0,1
270.300,0,0,0.0,0.0,1
270.300,0,0,0.0,0.0,1
270.300,0,0,0.0,0.0,1
270.400,0,0,0.0,0.0,1
270.400,0,0,0.0,0.0,1
270.500,0,0,0.0,0.0,1
270.500,0,0,0.0,0.0,1
270.500,0,0,0.0,0.0,1
270.600,0,0,0.0,0.0,1
270.600,0,0,0.0,0.0,1
270.600,0,0,0.0,0.0,1
270.700,0,0,0.0,0.0,1
270.700,0,0,0.0,0.0,1
270.800,0,0,0.0,0.0,1
270.800,0,0,0.0,0.0,1
270.800,0,0,0.0,0.0,1
270.900,0,0,0.0,0.0,1
270.900,0,0,0.0,0.0,1
271.000,0,0,0.0,0.0,1
271.000,0,0,0.0,0.0,1
271.000,0,0,0.0,0.0,1
271.100,0,0,0.0,0.0,1
271.100,0,0,0.0,0.0,1
271.100,0,0,0.0,0.0,1
271.200,0,0,0.0,0.0,1
271.200,0,0,0.0,0.0,1
271.300,0,0,0.0,0.0,1
271.300,0,0,0.0,0.0,1
271.300,0,0,0.0,0.0,1
271.400,0,0,0.0,0.0,1
271.400,0,0,0.0,0.0,1
271.500,0,0,0.0,0.0,1
271.500,0,0,0.0,0.0,1
271.500,0,0,0.0,0.0,1
271.600,0,0,0.0,0.0,1
271.600,0,0,0.0,0.0,1
271.600,0,0,0.0,0.0,1
271.700,0,0,0.0,0.0,1
271.700,0,0,0.0,0.0,1
271.800,0,0,0.0,0.0,1
271.800,0,0,0.0,0.0,1
271.800,0,0,0.0,0.0,1
271.900,0,0,0.0,0.0,1
271.900,0,0,0.0,0.0,1
272.000,0,0,0.0,0.0,1
272.000,0,0,0.0,0.0,1
272.000,0,0,0.0,0.0,1
272.100,0,0,0.0,0.0,1
272.100,0,0,0.0,0.0,1
272.100,0,0,0.0,0.0,1
272.200,0,0,0.0,0.0,1
272.200,0,0,0.0,0.0,1
272.300,0,0,0.0,0.0,1
272.300,0,0,0.0,0.0,1
272.300,0,0,0.0,0.0,1
272.400,0,0,0.0,0.0,1
272.400,0,0,0.0,0.0,1
272.400,0,0,0.0,0.0,1
272.500,0,0,0.0,0.0,1
272.500,0,0,0.0,0.0,1
272.600,0,0,0.0,0.0,1
272.600,0,0,0.0,0.0,1
272.600,0,0,0.0,0.0,1
272.700,0,0,0.0,0.0,1
272.700,0,0,0.0,0.0,1
272.800,0,0,0.0,0.0,1
272.800,0,0,0.0,0.0,1
272.800,0,0,0.0,0.0,1
272.900,0,0,0.0,0.0,1
272.900,0,0,0.0,0.0,1
272.900,0,0,0.0,0.0,1
273.000,0,0,0.0,0.0,1
273.000,0,0,0.0,0.0,1
273.100,0,0,0.0,0.0,1
273.100,0,0,0.0,0.0,1
273.100,0,0,0.0,0.0,1
273.200,0,0,0.0,0.0,1
273.200,0,0,0.0,0.0,1
273.300,0,0,0.0,0.0,1
273.300,0,0,0.0,0.0,1
273.300,0,0,0.0,0.0,1
273.400,0,0,0.0,0.0,1
273.400,0,0,0.0,0.0,1
273.400,0,0,0.0,0.0,1
273.500,0,0,0.0,0.0,1
273.500,0,0,0.0,0.0,1
273.600,0,0,0.0,0.0,1
273.600,0,0,0.0,0.0,1
273.600,0,0,0.0,0.0,1
273.700,0,0,0.0,0.0,1
273.700,0,0,0.0,0.0,1
273.800,0,0,0.0,0.0,1
273.800,0,0,0.0,0.0,1
273.800,0,0,0.0,0.0,1
273.900,0,0,0.0,0.0,1
273.900,0,0,0.0,0.0,1
273.900,0,0,0.0,0.0,1
274.000,0,0,0.0,0.0,1
274.000,0,0,0.0,0.0,1
274.100,0,0,0.0,0.0,1
274.100,0,0,0.0,0.0,1
274.100,0,0,0.0,0.0,1
274.200,0,0,0.0,0.0,1
274.200,0,0,0.0,0.0,1
274.300,0,0,0.0,0.0,1
274.300,0,0,0.0,0.0,1
274.300,0,0,0.0,0.0,1
274.400,0,0,0.0,0.0,1
274.400,0,0,0.0,0.0,1
274.400,0,0,0.0,0.0,1
274.500,0,0,0.0,0.0,1
274.500,0,0,0.0,0.0,1
274.600,0,0,0.0,0.0,1
274.600,0,0,0.0,0.0,1
274.600,0,0,0.0,0.0,1
274.700,0,0,0.0,0.0,1
274.700,0,0,0.0,0.0,1
274.700,0,0,0.0,0.0,1
274.800,0,0,0.0,0.0,1
274.800,0,0,0.0,0.0,1
274.900,0,0,0.0,0.0,1
274.900,0,0,0.0,0.0,1
274.900,0,0,0.0,0.0,1
275.000,0,0,0.0,0.0,1
275.000,0,0,0.0,0.0,1
275.100,0,0,0.0,0.0,1
275.100,0,0,0.0,0.0,1
275.100,0,0,0.0,0.0,1
275.200,0,0,0.0,0.0,1
275.200,0,0,0.0,0.0,1
275.200,0,0,0.0,0.0,1
275.300,0,0,0.0,0.0,1
275.300,0,0,0.0,0.0,1
275.400,0,0,0.0,0.0,1
275.400,0,0,0.0,0.0,1
275.400,0,0,0.0,0.0,1
275.500,0,0,0.0,0.0,1
275.500,0,0,0.0,0.0,1
275.600,0,0,0.0,0.0,1
275.600,0,0,0.0,0.0,1
275.600,0,0,0.0,0.0,1
275.700,0,0,0.0,0.0,1
275.700,0,0,0.0,0.0,1
275.700,0,0,0.0,0.0,1
275.800,0,0,0.0,0.0,1
275.800,0,0,0.0,0.0,1
275.900,0,0,0.0,0.0,1
275.900,0,0,0.0,0.0,1
275.900,0,0,0.0,0.0,1
276.000,0,0,0.0,0.0,1
276.000,0,0,0.0,0.0,1
276.100,0,0,0.0,0.0,1
276.100,0,0,0.0,0.0,1
276.100,0,0,0.0,0.0,1
276.200,0,0,0.0,0.0,1
276.200,0,0,0.0,0.0,1
276.200,0,0,0.0,0.0,1
276.300,0,0,0.0,0.0,1
276.300,0,0,0.0,0.0,1
276.400,0,0,0.0,0.0,1
276.400,0,0,0.0,0.0,1
276.400,0,0,0.0,0.0,1
276.500,0,0,0.0,0.0,1
276.500,0,0,0.0,0.0,1
276.500,0,0,0.0,0.0,1
276.600,0,0,0.0,0.0,1
276.600,0,0,0.0,0.0,1
276.700,0,0,0.0,0.0,1
276.700,0,0,0.0,0.0,1
276.700,0,0,0.0,0.0,1
276.800,0,0,0.0,0.0,1
276.800,0,0,0.0,0.0,1
276.900,0,0,0.0,0.0,1
276.900,0,0,0.0,0.0,1
276.900,0,0,0.0,0.0,1
277.000,0,0,0.0,0.0,1
277.000,0,0,0.0,0.0,1
277.000,0,0,0.0,0.0,1
277.100,0,0,0.0,0.0,1
277.100,0,0,0.0,0.0,1
277.200,0,0,0.0,0.0,1
277.200,0,0,0.0,0.0,1
277.200,0,0,0.0,0.0,1
277.300,0,0,0.0,0.0,1
277.300,0,0,0.0,0.0,1
277.400,0,0,0.0,0.0,1
277.400,0,0,0.0,0.0,1
277.400,0,0,0.0,0.0,1
277.500,0,0,0.0,0.0,1
277.500,0,0,0.0,0.0,1
277.500,0,0,0.0,0.0,1
277.600,0,0,0.0,0.0,1
277.600,0,0,0.0,0.0,1
277.700,0,0,0.0,0.0,1
277.700,0,0,0.0,0.0,1
277.700,0,0,0.0,0.0,1
277.800,0,0,0.0,0.0,1
277.800,0,0,0.0,0.0,1
277.900,0,0,0.0,0.0,1
277.900,0,0,0.0,0.0,1
277.900,0,0,0.0,0.0,1
278.000,0,0,0.0,0.0,1
278.000,0,0,0.0,0.0,1
278.000,0,0,0.0,0.0,1
278.100,0,0,0.0,0.0,1
278.100,0,0,0.0,0.0,1
278.200,0,0,0.0,0.0,1
278.200,0,0,0.0,0.0,1
278.200,0,0,0.0,0.0,1
278.300,0,0,0.0,0.0,1
278.300,0,0,0.0,0.0,1
278.400,0,0,0.0,0.0,1
278.400,0,0,0.0,0.0,1
278.400,0,0,0.0,0.0,1
278.500,0,0,0.0,0.0,1
278.500,0,0,0.0,0.0,1
278.500,0,0,0.0,0.0,1
278.600,0,0,0.0,0.0,1
278.600,0,0,0.0,0.0,1
278.700,0,0,0.0,0.0,1
278.700,0,0,0.0,0.0,1
278.700,0,0,0.0,0.0,1
278.800,0,0,0.0,0.0,1
278.800,0,0,0.0,0.0,1
278.800,0,0,0.0,0.0,1
278.900,0,0,0.0,0.0,1
278.900,0,0,0.0,0.0,1
279.000,0,0,0.0,0.0,1
279.000,0,0,0.0,0.0,1
279.000,0,0,0.0,0.0,1
279.100,0,0,0.0,0.0,1
279.100,0,0,0.0,0.0,1
279.200,0,0,0.0,0.0,1
279.200,0,0,0.0,0.0,1
279.200,0,0,0.0,0.0,1
279.300,0,0,0.0,0.0,1
279.300,0,0,0.0,0.0,1
279.300,0,0,0.0,0.0,1
279.400,0,0,0.0,0.0,1
279.400,0,0,0.0,0.0,1
279.500,0,0,0.0,0.0,1
279.500,0,0,0.0,0.0,1
279.500,0,0,0.0,0.0,1
279.600,0,0,0.0,0.0,1
279.600,0,0,0.0,0.0,1
279.700,0,0,0.0,0.0,1
279.700,0,0,0.0,0.0,1
279.700,0,0,0.0,0.0,1
279.800,0,0,0.0,0.0,1
279.800,0,0,0.0,0.0,1
279.800,0,0,0.0,0.0,1
279.900,0,0,0.0,0.0,1
279.900,0,0,0.0,0.0,1
280.000,0,0,0.0,0.0,1
280.000,0,0,0.0,0.0,1
280.000,0,0,0.0,0.0,1
280.100,0,0,0.0,0.0,1
280.100,0,0,0.0,0.0,1
280.200,0,0,0.0,0.0,1
280.200,0,0,0.0,0.0,1
280.200,0,0,0.0,0.0,1
280.300,0,0,0.0,0.0,1
280.300,0,0,0.0,0.0,1
280.300,0,0,0.0,0.0,1
280.400,0,0,0.0,0.0,1
280.400,0,0,0.0,0.0,1
280.500,0,0,0.0,0.0,1
280.500,0,0,0.0,0.0,1
280.500,0,0,0.0,0.0,1
280.600,0,0,0.0,0.0,1
280.600,0,0,0.0,0.0,1
280.700,0,0,0.0,0.0,1
280.700,0,0,0.0,0.0,1
280.700,0,0,0.0,0.0,1
280.800,0,0,0.0,0.0,1
280.800,0,0,0.0,0.0,1
280.800,0,0,0.0,0.0,1
280.900,0,0,0.0,0.0,1
280.900,0,0,0.0,0.0,1
281.000,0,0,0.0,0.0,1
281.000,0,0,0.0,0.0,1
281.000,0,0,0.0,0.0,1
281.100,0,0,0.0,0.0,1
281.100,0,0,0.0,0.0,1
281.100,0,0,0.0,0.0,1
281.200,0,0,0.0,0.0,1
281.200,0,0,0.0,0.0,1
281.300,0,0,0.0,0.0,1
281.300,0,0,0.0,0.0,1
281.300,0,0,0.0,0.0,1
281.400,0,0,0.0,0.0,1
281.400,0,0,0.0,0.0,1
281.500,0,0,0.0,0.0,1
281.500,0,0,0.0,0.0,1
281.500,0,0,0.0,0.0,1
281.600,0,0,0.0,0.0,1
281.600,0,0,0.0,0.0,1
281.600,0,0,0.0,0.0,1
281.700,0,0,0.0,0.0,1
281.700,0,0,0.0,0.0,1
281.800,0,0,0.0,0.0,1
281.800,0,0,0.0,0.0,1
281.800,0,0,0.0,0.0,1
281.900,0,0,0.0,0.0,1
281.900,0,0,0.0,0.0,1
282.000,0,0,0.0,0.0,1
282.000,0,0,0.0,0.0,1
282.000,0,0,0.0,0.0,1
282.100,0,0,0.0,0.0,1
282.100,0,0,0.0,0.0,1
282.100,0,0,0.0,0.0,1
282.200,0,0,0.0,0.0,1
282.200,0,0,0.0,0.0,1
282.300,0,0,0.0,0.0,1
282.300,0,0,0.0,0.0,1
282.300,0,0,0.0,0.0,1
282.400,0,0,0.0,0.0,1
282.400,0,0,0.0,0.0,1
282.500,0,0,0.0,0.0,1
282.500,0,0,0.0,0.0,1
282.500,0,0,0.0,0.0,1
282.600,0,0,0.0,0.0,1
282.600,0,0,0.0,0.0,1
282.600,0,0,0.0,0.0,1
282.700,0,0,0.0,0.0,1
282.700,0,0,0.0,0.0,1
282.800,0,0,0.0,0.0,1
282.800,0,0,0.0,0.0,1
282.800,0,0,0.0,0.0,1
282.900,0,0,0.0,0.0,1
282.900,0,0,0.0,0.0,1
283.000,0,0,0.0,0.0,1
283.000,0,0,0.0,0.0,1
283.000,0,0,0.0,0.0,1
283.100,0,0,0.0,0.0,1
283.100,0,0,0.0,0.0,1
283.100,0,0,0.0,0.0,1
283.200,0,0,0.0,0.0,1
283.200,0,0,0.0,0.0,1
283.300,0,0,0.0,0.0,1
283.300,0,0,0.0,0.0,1
283.300,0,0,0.0,0.0,1
283.400,0,0,0.0,0.0,1
283.400,0,0,0.0,0.0,1
283.400,0,0,0.0,0.0,1
283.500,0,0,0.0,0.0,1
283.500,0,0,0.0,0.0,1
283.600,0,0,0.0,0.0,1
283.600,0,0,0.0,0.0,1
283.600,0,0,0.0,0.0,1
283.700,0,0,0.0,0.0,1
283.700,0,0,0.0,0.0,1
283.800,0,0,0.0,0.0,1
283.800,0,0,0.0,0.0,1
283.800,0,0,0.0,0.0,1
283.900,0,0,0.0,0.0,1
283.900,0,0,0.0,0.0,1
283.900,0,0,0.0,0.0,1
284.000,0,0,0.0,0.0,1
284.000,0,0,0.0,0.0,1
284.100,0,0,0.0,0.0,1
284.100,0,0,0.0,0.0,1
284.100,0,0,0.0,0.0,1
284.200,0,0,0.0,0.0,1
284.200,0,0,0.0,0.0,1
284.300,0,0,0.0,0.0,1
284.300,0,0,0.0,0.0,1
284.300,0,0,0.0,0.0,1
284.400,0,0,0.0,0.0,1
284.400,0,0,0.0,0.0,1
284.400,0,0,0.0,0.0,1
284.500,0,0,0.0,0.0,1
284.500,0,0,0.0,0.0,1
284.600,0,0,0.0,0.0,1
284.600,0,0,0.0,0.0,1
284.600,0,0,0.0,0.0,1
284.700,0,0,0.0,0.0,1
284.700,0,0,0.0,0.0,1
284.800,0,0,0.0,0.0,1
284.800,0,0,0.0,0.0,1
284.800,0,0,0.0,0.0,1
284.900,0,0,0.0,0.0,1
284.900,0,0,0.0,0.0,1
284.900,0,0,0.0,0.0,1
285.000,0,0,0.0,0.0,1
285.000,0,0,0.0,0.0,1
285.100,0,0,0.0,0.0,1
285.100,0,0,0.0,0.0,1
285.100,0,0,0.0,0.0,1
285.200,0,0,0.0,0.0,1
285.200,0,0,0.0,0.0,1
285.300,0,0,0.0,0.0,1
285.300,0,0,0.0,0.0,1
285.300,0,0,0.0,0.0,1
285.400,0,0,0.0,0.0,1
285.400,0,0,0.0,0.0,1
285.400,0,0,0.0,0.0,1
285.500,0,0,0.0,0.0,1
285.500,0,0,0.0,0.0,1
285.600,0,0,0.0,0.0,1
285.600,0,0,0.0,0.0,1
285.600,0,0,0.0,0.0,1
285.700,0,0,0.0,0.0,1
285.700,0,0,0.0,0.0,1
285.700,0,0,0.0,0.0,1
285.800,0,0,0.0,0.0,1
285.800,0,0,0.0,0.0,1
285.900,0,0,0.0,0.0,1
285.900,0,0,0.0,0.0,1
285.900,0,0,0.0,0.0,1
286.000,0,0,0.0,0.0,1
286.000,0,0,0.0,0.0,1
286.100,0,0,0.0,0.0,1
286.100,0,0,0.0,0.0,1
286.100,0,0,0.0,0.0,1
286.200,0,0,0.0,0.0,1
286.200,0,0,0.0,0.0,1
286.200,0,0,0.0,0.0,1
286.300,0,0,0.0,0.0,1
286.300,0,0,0.0,0.0,1
286.400,0,0,0.0,0.0,1
286.400,0,0,0.0,0.0,1
286.400,0,0,0.0,0.0,1
286.500,0,0,0.0,0.0,1
286.500,0,0,0.0,0.0,1
286.600,0,0,0.0,0.0,1
286.600,0,0,0.0,0.0,1
286.600,0,0,0.0,0.0,1
286.700,0,0,0.0,0.0,1
286.700,0,0,0.0,0.0,1
286.700,0,0,0.0,0.0,1
286.800,0,0,0.0,0.0,1
286.800,0,0,0.0,0.0,1
286.900,0,0,0.0,0.0,1
286.900,0,0,0.0,0.0,1
286.900,0,0,0.0,0.0,1
287.000,0,0,0.0,0.0,1
287.000,0,0,0.0,0.0,1
287.100,0,0,0.0,0.0,1
287.100,0,0,0.0,0.0,1
287.100,0,0,0.0,0.0,1
287.200,0,0,0.0,0.0,1
287.200,0,0,0.0,0.0,1
287.200,0,0,0.0,0.0,1
287.300,0,0,0.0,0.0,1
287.300,0,0,0.0,0.0,1
287.400,0,0,0.0,0.0,1
287.400,0,0,0.0,0.0,1
287.400,0,0,0.0,0.0,1
287.500,0,0,0.0,0.0,1
287.500,0,0,0.0,0.0,1
287.600,0,0,0.0,0.0,1
287.600,0,0,0.0,0.0,1
287.600,0,0,0.0,0.0,1
287.700,0,0,0.0,0.0,1
287.700,0,0,0.0,0.0,1
287.700,0,0,0.0,0.0,1
287.800,0,0,0.0,0.0,1
287.800,0,0,0.0,0.0,1
287.900,0,0,0.0,0.0,1
287.900,0,0,0.0,0.0,1
287.900,0,0,0.0,0.0,1
288.000,0,0,0.0,0.0,1
288.000,0,0,0.0,0.0,1
288.000,0,0,0.0,0.0,1
288.100,0,0,0.0,0.0,1
288.100,0,0,0.0,0.0,1
288.200,0,0,0.0,0.0,1
288.200,0,0,0.0,0.0,1
288.200,0,0,0.0,0.0,1
288.300,0,0,0.0,0.0,1
288.300,0,0,0.0,0.0,1
288.400,0,0,0.0,0.0,1
288.400,0,0,0.0,0.0,1
288.400,0,0,0.0,0.0,1
288.500,0,0,0.0,0.0,1
288.500,0,0,0.0,0.0,1
288.500,0,0,0.0,0.0,1
288.600,0,0,0.0,0.0,1
288.600,0,0,0.0,0.0,1
288.700,0,0,0.0,0.0,1
288.700,0,0,0.0,0.0,1
288.700,0,0,0.0,0.0,1
288.800,0,0,0.0,0.0,1
288.800,0,0,0.0,0.0,1
288.900,0,0,0.0,0.0,1
288.900,0,0,0.0,0.0,1
288.900,0,0,0.0,0.0,1
289.000,0,0,0.0,0.0,1
289.000,0,0,0.0,0.0,1
289.000,0,0,0.0,0.0,1
289.100,0,0,0.0,0.0,1
289.100,0,0,0.0,0.0,1
289.200,0,0,0.0,0.0,1
289.200,0,0,0.0,0.0,1
289.200,0,0,0.0,0.0,1
289.300,0,0,0.0,0.0,1
289.300,0,0,0.0,0.0,1
289.400,0,0,0.0,0.0,1
289.400,0,0,0.0,0.0,1
289.400,0,0,0.0,0.0,1
289.500,0,0,0.0,0.0,1
289.500,0,0,0.0,0.0,1
289.500,0,0,0.0,0.0,1
289.600,0,0,0.0,0.0,1
289.600,0,0,0.0,0.0,1
289.700,0,0,0.0,0.0,1
289.700,0,0,0.0,0.0,1
289.700,0,0,0.0,0.0,1
289.800,0,0,0.0,0.0,1
289.800,0,0,0.0,0.0,1
289.900,0,0,0.0,0.0,1
289.900,0,0,0.0,0.0,1
289.900,0,0,0.0,0.0,1
290.000,0,0,0.0,0.0,1
290.000,0,0,0.0,0.0,1
290.000,0,0,0.0,0.0,1
290.100,0,0,0.0,0.0,1
290.100,0,0,0.0,0.0,1
290.200,0,0,0.0,0.0,1
290.200,0,0,0.0,0.0,1
290.200,0,0,0.0,0.0,1
290.300,0,0,0.0,0.0,1
290.300,0,0,0.0,0.0,1
290.300,0,0,0.0,0.0,1
290.400,0,0,0.0,0.0,1
290.400,0,0,0.0,0.0,1
290.500,0,0,0.0,0.0,1
290.500,0,0,0.0,0.0,1
290.500,0,0,0.0,0.0,1
290.600,0,0,0.0,0.0,1
290.600,0,0,0.0,0.0,1
290.700,0,0,0.0,0.0,1
290.700,0,0,0.0,0.0,1
290.700,0,0,0.0,0.0,1
290.800,0,0,0.0,0.0,1
290.800,0,0,0.0,0.0,1
290.800,0,0,0.0,0.0,1
290.900,0,0,0.0,0.0,1
290.900,0,0,0.0,0.0,1
291.000,0,0,0.0,0.0,1
291.000,0,0,0.0,0.0,1
291.000,0,0,0.0,0.0,1
291.100,0,0,0.0,0.0,1
291.100,0,0,0.0,0.0,1
291.200,0,0,0.0,0.0,1
291.200,0,0,0.0,0.0,1
291.200,0,0,0.0,0.0,1
291.300,0,0,0.0,0.0,1
291.300,0,0,0.0,0.0,1
291.300,0,0,0.0,0.0,1
291.400,0,0,0.0,0.0,1
291.400,0,0,0.0,0.0,1
291.500,0,0,0.0,0.0,1
291.500,0,0,0.0,0.0,1
291.500,0,0,0.0,0.0,1
291.600,0,0,0.0,0.0,1
291.600,0,0,0.0,0.0,1
291.700,0,0,0.0,0.0,1
291.700,0,0,0.0,0.0,1
291.700,0,0,0.0,0.0,1
291.800,0,0,0.0,0.0,1
291.800,0,0,0.0,0.0,1
291.800,0,0,0.0,0.0,1
291.900,0,0,0.0,0.0,1
291.900,0,0,0.0,0.0,1
292.000,0,0,0.0,0.0,1
292.000,0,0,0.0,0.0,1
292.000,0,0,0.0,0.0,1
292.100,0,0,0.0,0.0,1
292.100,0,0,0.0,0.0,1
292.200,0,0,0.0,0.0,1
292.200,0,0,0.0,0.0,1
292.200,0,0,0.0,0.0,1
292.300,0,0,0.0,0.0,1
292.300,0,0,0.0,0.0,1
292.300,0,0,0.0,0.0,1
292.400,0,0,0.0,0.0,1
292.400,0,0,0.0,0.0,1
292.500,0,0,0.0,0.0,1
292.500,0,0,0.0,0.0,1
292.500,0,0,0.0,0.0,1
292.600,0,0,0.0,0.0,1
292.600,0,0,0.0,0.0,1
292.600,0,0,0.0,0.0,1
292.700,0,0,0.0,0.0,1
292.700,0,0,0.0,0.0,1
292.800,0,0,0.0,0.0,1
292.800,0,0,0.0,0.0,1
292.800,0,0,0.0,0.0,1
292.900,0,0,0.0,0.0,1
292.900,0,0,0.0,0.0,1
293.000,0,0,0.0,0.0,1
293.000,0,0,0.0,0.0,1
293.000,0,0,0.0,0.0,1
293.100,0,0,0.0,0.0,1
293.100,0,0,0.0,0.0,1
293.100,0,0,0.0,0.0,1
293.200,0,0,0.0,0.0,1
293.200,0,0,0.0,0.0,1
293.300,0,0,0.0,0.0,1
293.300,0,0,0.0,0.0,1
293.300,0,0,0.0,0.0,1
293.400,0,0,0.0,0.0,1
293.400,0,0,0.0,0.0,1
293.500,0,0,0.0,0.0,1
293.500,0,0,0.0,0.0,1
293.500,0,0,0.0,0.0,1
293.600,0,0,0.0,0.0,1
293.600,0,0,0.0,0.0,1
293.600,0,0,0.0,0.0,1
293.700,0,0,0.0,0.0,1
293.700,0,0,0.0,0.0,1
293.800,0,0,0.0,0.0,1
293.800,0,0,0.0,0.0,1
293.800,0,0,0.0,0.0,1
293.900,0,0,0.0,0.0,1
293.900,0,0,0.0,0.0,1
294.000,0,0,0.0,0.0,1
294.000,0,0,0.0,0.0,1
294.000,0,0,0.0,0.0,1
294.100,0,0,0.0,0.0,1
294.100,0,0,0.0,0.0,1
294.100,0,0,0.0,0.0,1
294.200,0,0,0.0,0.0,1
294.200,0,0,0.0,0.0,1
294.300,0,0,0.0,0.0,1
294.300,0,0,0.0,0.0,1
294.300,0,0,0.0,0.0,1
294.400,0,0,0.0,0.0,1
294.400,0,0,0.0,0.0,1
294.500,0,0,0.0,0.0,1
294.500,0,0,0.0,0.0,1
294.500,0,0,0.0,0.0,1
294.600,0,0,0.0,0.0,1
294.600,0,0,0.0,0.0,1
294.600,0,0,0.0,0.0,1
294.700,0,0,0.0,0.0,1
294.700,0,0,0.0,0.0,1
294.800,0,0,0.0,0.0,1
294.800,0,0,0.0,0.0,1
294.800,0,0,0.0,0.0,1
294.900,0,0,0.0,0.0,1
294.900,0,0,0.0,0.0,1
294.900,0,0,0.0,0.0,1
295.000,0,0,0.0,0.0,1
295.000,0,0,0.0,0.0,1
295.100,0,0,0.0,0.0,1
295.100,0,0,0.0,0.0,1
295.100,0,0,0.0,0.0,1
295.200,0,0,0.0,0.0,1
295.200,0,0,0.0,0.0,1
295.300,0,0,0.0,0.0,1
295.300,0,0,0.0,0.0,1
295.300,0,0,0.0,0.0,1
295.400,0,0,0.0,0.0,1
295.400,0,0,0.0,0.0,1
295.400,0,0,0.0,0.0,1
295.500,0,0,0.0,0.0,1
295.500,0,0,0.0,0.0,1
295.600,0,0,0.0,0.0,1
295.600,0,0,0.0,0.0,1
295.600,0,0,0.0,0.0,1
295.700,0,0,0.0,0.0,1
295.700,0,0,0.0,0.0,1
295.800,0,0,0.0,0.0,1
295.800,0,0,0.0,0.0,1
295.800,0,0,0.0,0.0,1
295.900,0,0,0.0,0.0,1
295.900,0,0,0.0,0.0,1
295.900,0,0,0.0,0.0,1
296.000,0,0,0.0,0.0,1
296.000,0,0,0.0,0.0,1
296.100,0,0,0.0,0.0,1
296.100,0,0,0.0,0.0,1
296.100,0,0,0.0,0.0,1
296.200,0,0,0.0,0.0,1
296.200,0,0,0.0,0.0,1
296.300,0,0,0.0,0.0,1
296.300,0,0,0.0,0.0,1
296.300,0,0,0.0,0.0,1
296.400,0,0,0.0,0.0,1
296.400,0,0,0.0,0.0,1
296.400,0,0,0.0,0.0,1
296.500,0,0,0.0,0.0,1
296.500,0,0,0.0,0.0,1
296.600,0,0,0.0,0.0,1
296.600,0,0,0.0,0.0,1
296.600,0,0,0.0,0.0,1
296.700,0,0,0.0,0.0,1
296.700,0,0,0.0,0.0,1
296.800,0,0,0.0,0.0,1
296.800,0,0,0.0,0.0,1
296.800,0,0,0.0,0.0,1
296.900,0,0,0.0,0.0,1
296.900,0,0,0.0,0.0,1
296.900,0,0,0.0,0.0,1
297.000,0,0,0.0,0.0,1
297.000,0,0,0.0,0.0,1
297.100,0,0,0.0,0.0,1
297.100,0,0,0.0,0.0,1
297.100,0,0,0.0,0.0,1
297.200,0,0,0.0,0.0,1
297.200,0,0,0.0,0.0,1
297.200,0,0,0.0,0.0,1
297.300,0,0,0.0,0.0,1
297.300,0,0,0.0,0.0,1
297.400,0,0,0.0,0.0,1
297.400,0,0,0.0,0.0,1
297.400,0,0,0.0,0.0,1
297.500,0,0,0.0,0.0,1
297.500,0,0,0.0,0.0,1
297.600,0,0,0.0,0.0,1
297.600,0,0,0.0,0.0,1
297.600,0,0,0.0,0.0,1
297.700,0,0,0.0,0.0,1
297.700,0,0,0.0,0.0,1
297.700,0,0,0.0,0.0,1
297.800,0,0,0.0,0.0,1
297.800,0,0,0.0,0.0,1
297.900,0,0,0.0,0.0,1
297.900,0,0,0.0,0.0,1
297.900,0,0,0.0,0.0,1
298.000,0,0,0.0,0.0,1
298.000,0,0,0.0,0.0,1
298.100,0,0,0.0,0.0,1
298.100,0,0,0.0,0.0,1
298.100,0,0,0.0,0.0,1
298.200,0,0,0.0,0.0,1
298.200,0,0,0.0,0.0,1
298.200,0,0,0.0,0.0,1
298.300,0,0,0.0,0.0,1
298.300,0,0,0.0,0.0,1
298.400,0,0,0.0,0.0,1
298.400,0,0,0.0,0.0,1
298.400,0,0,0.0,0.0,1
298.500,0,0,0.0,0.0,1
298.500,0,0,0.0,0.0,1
298.600,0,0,0.0,0.0,1
298.600,0,0,0.0,0.0,1
298.600,0,0,0.0,0.0,1
298.700,0,0,0.0,0.0,1
298.700,0,0,0.0,0.0,1
298.700,0,0,0.0,0.0,1
298.800,0,0,0.0,0.0,1
298.800,0,0,0.0,0.0,1
298.900,0,0,0.0,0.0,1
298.900,0,0,0.0,0.0,1
298.900,0,0,0.0,0.0,1
299.000,0,0,0.0,0.0,1
299.000,0,0,0.0,0.0,1
299.100,0,0,0.0,0.0,1
299.100,0,0,0.0,0.0,1
299.100,0,0,0.0,0.0,1
299.200,0,0,0.0,0.0,1
299.200,0,0,0.0,0.0,1
299.200,0,0,0.0,0.0,1
299.300,0,0,0.0,0.0,1
299.300,0,0,0.0,0.0,1
299.400,0,0,0.0,0.0,1
299.400,0,0,0.0,0.0,1
299.400,0,0,0.0,0.0,1
299.500,0,0,0.0,0.0,1
299.500,0,0,0.0,0.0,1
299.500,0,0,0.0,0.0,1
299.600,0,0,0.0,0.0,1
299.600,0,0,0.0,0.0,1
299.700,0,0,0.0,0.0,1
299.700,0,0,0.0,0.0,1
299.700,0,0,0.0,0.0,1
299.800,0,0,0.0,0.0,1
299.800,0,0,0.0,0.0,1
299.900,0,0,0.0,0.0,1
299.900,0,0,0.0,0.0,1
299.900,0,0,0.0,0.0,1
300.000,0,0,0.0,0.0,1
300.000,0,0,0.0,0.0,1
300.000,0,0,0.0,0.0,1
300.100,0,0,0.0,0.0,1
300.100,0,0,0.0,0.0,1
300.200,0,0,0.0,0.0,1
300.200,0,0,0.0,0.0,1
300.200,0,0,0.0,0.0,1
300.300,0,0,0.0,0.0,1
300.300,0,0,0.0,0.0,1
300.400,0,0,0.0,0.0,1
300.400,0,0,0.0,0.0,1
300.400,0,0,0.0,0.0,1
300.500,0,0,0.0,0.0,1
300.500,0,0,0.0,0.0,1
300.500,0,0,0.0,0.0,1
300.600,0,0,0.0,0.0,1
300.600,0,0,0.0,0.0,1
300.700,0,0,0.0,0.0,1
300.700,0,0,0.0,0.0,1
300.700,0,0,0.0,0.0,1
300.800,0,0,0.0,0.0,1
300.800,0,0,0.0,0.0,1
300.900,0,0,0.0,0.0,1
300.900,0,0,0.0,0.0,1
300.900,0,0,0.0,0.0,1
301.000,0,0,0.0,0.0,1
301.000,0,0,0.0,0.0,1
301.000,0,0,0.0,0.0,1
301.100,0,0,0.0,0.0,1
301.100,0,0,0.0,0.0,1
301.200,0,0,0.0,0.0,1
301.200,0,0,0.0,0.0,1
301.200,0,0,0.0,0.0,1
301.300,0,0,0.0,0.0,1
301.300,0,0,0.0,0.0,1
301.400,0,0,0.0,0.0,1
301.400,0,0,0.0,0.0,1
301.400,0,0,0.0,0.0,1
301.500,0,0,0.0,0.0,1
301.500,0,0,0.0,0.0,1
301.500,0,0,0.0,0.0,1
301.600,0,0,0.0,0.0,1
301.600,0,0,0.0,0.0,1
301.700,0,0,0.0,0.0,1
301.700,0,0,0.0,0.0,1
301.700,0,0,0.0,0.0,1
301.800,0,0,0.0,0.0,1
301.800,0,0,0.0,0.0,1
301.800,0,0,0.0,0.0,1
301.900,0,0,0.0,0.0,1
301.900,0,0,0.0,0.0,1
302.000,0,0,0.0,0.0,1
302.000,0,0,0.0,0.0,1
302.000,0,0,0.0,0.0,1
302.100,0,0,0.0,0.0,1
302.100,0,0,0.0,0.0,1
302.200,0,0,0.0,0.0,1
302.200,0,0,0.0,0.0,1
302.200,0,0,0.0,0.0,1
302.300,0,0,0.0,0.0,1
302.300,0,0,0.0,0.0,1
302.300,0,0,0.0,0.0,1
302.400,0,0,0.0,0.0,1
302.400,0,0,0.0,0.0,1
302.500,0,0,0.0,0.0,1
302.500,0,0,0.0,0.0,1
302.500,0,0,0.0,0.0,1
302.600,0,0,0.0,0.0,1
302.600,0,0,0.0,0.0,1
302.700,0,0,0.0,0.0,1
302.700,0,0,0.0,0.0,1
302.700,0,0,0.0,0.0,1
302.800,0,0,0.0,0.0,1
302.800,0,0,0.0,0.0,1
302.800,0,0,0.0,0.0,1
302.900,0,0,0.0,0.0,1
302.900,0,0,0.0,0.0,1
303.000,0,0,0.0,0.0,1
303.000,0,0,0.0,0.0,1
303.000,0,0,0.0,0.0,1
303.100,0,0,0.0,0.0,1
303.100,0,0,0.0,0.0,1
303.200,0,0,0.0,0.0,1
303.200,0,0,0.0,0.0,1
303.200,0,0,0.0,0.0,1
303.300,0,0,0.0,0.0,1
303.300,0,0,0.0,0.0,1
303.300,0,0,0.0,0.0,1
303.400,0,0,0.0,0.0,1
303.400,0,0,0.0,0.0,1
303.500,0,0,0.0,0.0,1
303.500,0,0,0.0,0.0,1
303.500,0,0,0.0,0.0,1
303.600,0,0,0.0,0.0,1
303.600,0,0,0.0,0.0,1
303.700,0,0,0.0,0.0,1
303.700,0,0,0.0,0.0,1
303.700,0,0,0.0,0.0,1
303.800,0,0,0.0,0.0,1
303.800,0,0,0.0,0.0,1
303.800,0,0,0.0,0.0,1
303.900,0,0,0.0,0.0,1
303.900,0,0,0.0,0.0,1
304.000,0,0,0.0,0.0,1
304.000,0,0,0.0,0.0,1
304.000,0,0,0.0,0.0,1
304.100,0,0,0.0,0.0,1
304.100,0,0,0.0,0.0,1
304.100,0,0,0.0,0.0,1
304.200,0,0,0.0,0.0,1
304.200,0,0,0.0,0.0,1
304.300,0,0,0.0,0.0,1
304.300,0,0,0.0,0.0,1
304.300,0,0,0.0,0.0,1
304.400,0,0,0.0,0.0,1
304.400,0,0,0.0,0.0,1
304.500,0,0,0.0,0.0,1
304.500,0,0,0.0,0.0,1
304.500,0,0,0.0,0.0,1
304.600,0,0,0.0,0.0,1
304.600,0,0,0.0,0.0,1
304.600,0,0,0.0,0.0,1
304.700,0,0,0.0,0.0,1
304.700,0,0,0.0,0.0,1
304.800,0,0,0.0,0.0,1
304.800,0,0,0.0,0.0,1
304.800,0,0,0.0,0.0,1
304.900,0,0,0.0,0.0,1
304.900,0,0,0.0,0.0,1
305.000,0,0,0.0,0.0,1
305.000,0,0,0.0,0.0,1
305.000,0,0,0.0,0.0,1
305.100,0,0,0.0,0.0,1
305.100,0,0,0.0,0.0,1
305.100,0,0,0.0,0.0,1
305.200,0,0,0.0,0.0,1
305.200,0,0,0.0,0.0,1
305.300,0,0,0.0,0.0,1
305.300,0,0,0.0,0.0,1
305.300,0,0,0.0,0.0,1
305.400,0,0,0.0,0.0,1
305.400,0,0,0.0,0.0,1
305.500,0,0,0.0,0.0,1
305.500,0,0,0.0,0.0,1
305.500,0,0,0.0,0.0,1
305.600,0,0,0.0,0.0,1
305.600,0,0,0.0,0.0,1
305.600,0,0,0.0,0.0,1
305.700,0,0,0.0,0.0,1
305.700,0,0,0.0,0.0,1
305.800,0,0,0.0,0.0,1
305.800,0,0,0.0,0.0,1
305.800,0,0,0.0,0.0,1
305.900,0,0,0.0,0.0,1
305.900,0,0,0.0,0.0,1
306.000,0,0,0.0,0.0,1
306.000,0,0,0.0,0.0,1
306.000,0,0,0.0,0.0,1
306.100,0,0,0.0,0.0,1
306.100,0,0,0.0,0.0,1
306.100,0,0,0.0,0.0,1
306.200,0,0,0.0,0.0,1
306.200,0,0,0.0,0.0,1
306.300,0,0,0.0,0.0,1
306.300,0,0,0.0,0.0,1
306.300,0,0,0.0,0.0,1
306.400,0,0,0.0,0.0,1
306.400,0,0,0.0,0.0,1
306.400,0,0,0.0,0.0,1
306.500,0,0,0.0,0.0,1
306.500,0,0,0.0,0.0,1
306.600,0,0,0.0,0.0,1
306.600,0,0,0.0,0.0,1
306.600,0,0,0.0,0.0,1
306.700,0,0,0.0,0.0,1
306.700,0,0,0.0,0.0,1
306.800,0,0,0.0,0.0,1
306.800,0,0,0.0,0.0,1
306.800,0,0,0.0,0.0,1
306.900,0,0,0.0,0.0,1
306.900,0,0,0.0,0.0,1
306.900,0,0,0.0,0.0,1
307.000,0,0,0.0,0.0,1
307.000,0,0,0.0,0.0,1
307.100,0,0,0.0,0.0,1
307.100,0,0,0.0,0.0,1
307.100,0,0,0.0,0.0,1
307.200,0,0,0.0,0.0,1
307.200,0,0,0.0,0.0,1
307.300,0,0,0.0,0.0,1
307.300,0,0,0.0,0.0,1
307.300,0,0,0.0,0.0,1
307.400,0,0,0.0,0.0,1
307.400,0,0,0.0,0.0,1
307.400,0,0,0.0,0.0,1
307.500,0,0,0.0,0.0,1
307.500,0,0,0.0,0.0,1
307.600,0,0,0.0,0.0,1
307.600,0,0,0.0,0.0,1
307.600,0,0,0.0,0.0,1
307.700,0,0,0.0,0.0,1
307.700,0,0,0.0,0.0,1
307.800,0,0,0.0,0.0,1
307.800,0,0,0.0,0.0,1
307.800,0,0,0.0,0.0,1
307.900,0,0,0.0,0.0,1
307.900,0,0,0.0,0.0,1
307.900,0,0,0.0,0.0,1
308.000,0,0,0.0,0.0,1
308.000,0,0,0.0,0.0,1
308.100,0,0,0.0,0.0,1
308.100,0,0,0.0,0.0,1
308.100,0,0,0.0,0.0,1
308.200,0,0,0.0,0.0,1
308.200,0,0,0.0,0.0,1
308.300,0,0,0.0,0.0,1
308.300,0,0,0.0,0.0,1
308.300,0,0,0.0,0.0,1
308.400,0,0,0.0,0.0,1
308.400,0,0,0.0,0.0,1
308.400,0,0,0.0,0.0,1
308.500,0,0,0.0,0.0,1
308.500,0,0,0.0,0.0,1
308.600,0,0,0.0,0.0,1
308.600,0,0,0.0,0.0,1
308.600,0,0,0.0,0.0,1
308.700,0,0,0.0,0.0,1
308.700,0,0,0.0,0.0,1
308.700,0,0,0.0,0.0,1
308.800,0,0,0.0,0.0,1
308.800,0,0,0.0,0.0,1
308.900,0,0,0.0,0.0,1
308.900,0,0,0.0,0.0,1
308.900,0,0,0.0,0.0,1
309.000,0,0,0.0,0.0,1
309.000,0,0,0.0,0.0,1
309.100,0,0,0.0,0.0,1
309.100,0,0,0.0,0.0,1
309.100,0,0,0.0,0.0,1
309.200,0,0,0.0,0.0,1
309.200,0,0,0.0,0.0,1
309.200,0,0,0.0,0.0,1
309.300,0,0,0.0,0.0,1
309.300,0,0,0.0,0.0,1
309.400,0,0,0.0,0.0,1
309.400,0,0,0.0,0.0,1
309.400,0,0,0.0,0.0,1
309.500,0,0,0.0,0.0,1
309.500,0,0,0.0,0.0,1
309.600,0,0,0.0,0.0,1
309.600,0,0,0.0,0.0,1
309.600,0,0,0.0,0.0,1
309.700,0,0,0.0,0.0,1
309.700,0,0,0.0,0.0,1
309.700,0,0,0.0,0.0,1
309.800,0,0,0.0,0.0,1
309.800,0,0,0.0,0.0,1
309.900,0,0,0.0,0.0,1
309.900,0,0,0.0,0.0,1
309.900,0,0,0.0,0.0,1
310.000,0,0,0.0,0.0,1
310.000,0,0,0.0,0.0,1
310.100,0,0,0.0,0.0,1
310.100,0,0,0.0,0.0,1
310.100,0,0,0.0,0.0,1
310.200,0,0,0.0,0.0,1
310.200,0,0,0.0,0.0,1
310.200,0,0,0.0,0.0,1
310.300,0,0,0.0,0.0,1
310.300,0,0,0.0,0.0,1
310.400,0,0,0.0,0.0,1
310.400,0,0,0.0,0.0,1
310.400,0,0,0.0,0.0,1
310.500,0,0,0.0,0.0,1
310.500,0,0,0.0,0.0,1
310.600,0,0,0.0,0.0,1
310.600,0,0,0.0,0.0,1
310.600,0,0,0.0,0.0,1
310.700,0,0,0.0,0.0,1
310.700,0,0,0.0,0.0,1
310.700,0,0,0.0,0.0,1
310.800,0,0,0.0,0.0,1
310.800,0,0,0.0,0.0,1
310.900,0,0,0.0,0.0,1
310.900,0,0,0.0,0.0,1
310.900,0,0,0.0,0.0,1
311.000,0,0,0.0,0.0,1
311.000,0,0,0.0,0.0,1
311.000,0,0,0.0,0.0,1
311.100,0,0,0.0,0.0,1
311.100,0,0,0.0,0.0,1
311.200,0,0,0.0,0.0,1
311.200,0,0,0.0,0.0,1
311.200,0,0,0.0,0.0,1
311.300,0,0,0.0,0.0,1
311.300,0,0,0.0,0.0,1
311.400,0,0,0.0,0.0,1
311.400,0,0,0.0,0.0,1
311.400,0,0,0.0,0.0,1
311.500,0,0,0.0,0.0,1
311.500,0,0,0.0,0.0,1
311.500,0,0,0.0,0.0,1
311.600,0,0,0.0,0.0,1
311.600,0,0,0.0,0.0,1
311.700,0,0,0.0,0.0,1
311.700,0,0,0.0,0.0,1
311.700,0,0,0.0,0.0,1
311.800,0,0,0.0,0.0,1
311.800,0,0,0.0,0.0,1
311.900,0,0,0.0,0.0,1
311.900,0,0,0.0,0.0,1
311.900,0,0,0.0,0.0,1
312.000,0,0,0.0,0.0,1
312.000,0,0,0.0,0.0,1
312.000,0,0,0.0,0.0,1
312.100,0,0,0.0,0.0,1
312.100,0,0,0.0,0.0,1
312.200,0,0,0.0,0.0,1
312.200,0,0,0.0,0.0,1
312.200,0,0,0.0,0.0,1
312.300,0,0,0.0,0.0,1
312.300,0,0,0.0,0.0,1
312.400,0,0,0.0,0.0,1
312.400,0,0,0.0,0.0,1
312.400,0,0,0.0,0.0,1
312.500,0,0,0.0,0.0,1
312.500,0,0,0.0,0.0,1
312.500,0,0,0.0,0.0,1
312.600,0,0,0.0,0.0,1
312.600,0,0,0.0,0.0,1
312.700,0,0,0.0,0.0,1
312.700,0,0,0.0,0.0,1
312.700,0,0,0.0,0.0,1
312.800,0,0,0.0,0.0,1
312.800,0,0,0.0,0.0,1
312.900,0,0,0.0,0.0,1
312.900,0,0,0.0,0.0,1
312.900,0,0,0.0,0.0,1
313.000,0,0,0.0,0.0,1
313.000,0,0,0.0,0.0,1
313.000,0,0,0.0,0.0,1
313.100,0,0,0.0,0.0,1
313.100,0,0,0.0,0.0,1
313.200,0,0,0.0,0.0,1
313.200,0,0,0.0,0.0,1
313.200,0,0,0.0,0.0,1
313.300,0,0,0.0,0.0,1
313.300,0,0,0.0,0.0,1
313.300,0,0,0.0,0.0,1
313.400,0,0,0.0,0.0,1
313.400,0,0,0.0,0.0,1
313.500,0,0,0.0,0.0,1
313.500,0,0,0.0,0.0,1
313.500,0,0,0.0,0.0,1
313.600,0,0,0.0,0.0,1
313.600,0,0,0.0,0.0,1
313.700,0,0,0.0,0.0,1
313.700,0,0,0.0,0.0,1
313.700,0,0,0.0,0.0,1
313.800,0,0,0.0,0.0,1
313.800,0,0,0.0,0.0,1
313.800,0,0,0.0,0.0,1
313.900,0,0,0.0,0.0,1
313.900,0,0,0.0,0.0,1
314.000,0,0,0.0,0.0,1
314.000,0,0,0.0,0.0,1
314.000,0,0,0.0,0.0,1
314.100,0,0,0.0,0.0,1
314.100,0,0,0.0,0.0,1
314.200,0,0,0.0,0.0,1
314.200,0,0,0.0,0.0,1
314.200,0,0,0.0,0.0,1
314.300,0,0,0.0,0.0,1
314.300,0,0,0.0,0.0,1
314.300,0,0,0.0,0.0,1
314.400,0,0,0.0,0.0,1
314.400,0,0,0.0,0.0,1
314.500,0,0,0.0,0.0,1
314.500,0,0,0.0,0.0,1
314.500,0,0,0.0,0.0,1
314.600,0,0,0.0,0.0,1
314.600,0,0,0.0,0.0,1
314.700,0,0,0.0,0.0,1
314.700,0,0,0.0,0.0,1
314.700,0,0,0.0,0.0,1
314.800,0,0,0.0,0.0,1
314.800,0,0,0.0,0.0,1
314.800,0,0,0.0,0.0,1
314.900,0,0,0.0,0.0,1
314.900,0,0,0.0,0.0,1
315.000,0,0,0.0,0.0,1
315.000,0,0,0.0,0.0,1
315.000,0,0,0.0,0.0,1
315.100,0,0,0.0,0.0,1
315.100,0,0,0.0,0.0,1
315.200,0,0,0.0,0.0,1
315.200,0,0,0.0,0.0,1
315.200,0,0,0.0,0.0,1
315.300,0,0,0.0,0.0,1
315.300,0,0,0.0,0.0,1
315.300,0,0,0.0,0.0,1
315.400,0,0,0.0,0.0,1
315.400,0,0,0.0,0.0,1
315.500,0,0,0.0,0.0,1
315.500,0,0,0.0,0.0,1
315.500,0,0,0.0,0.0,1
315.600,0,0,0.0,0.0,1
315.600,0,0,0.0,0.0,1
315.600,0,0,0.0,0.0,1
315.700,0,0,0.0,0.0,1
315.700,0,0,0.0,0.0,1
315.800,0,0,0.0,0.0,1
315.800,0,0,0.0,0.0,1
315.800,0,0,0.0,0.0,1
315.900,0,0,0.0,0.0,1
315.900,0,0,0.0,0.0,1
316.000,0,0,0.0,0.0,1
316.000,0,0,0.0,0.0,1
316.000,0,0,0.0,0.0,1
316.100,0,0,0.0,0.0,1
316.100,0,0,0.0,0.0,1
316.100,0,0,0.0,0.0,1
316.200,0,0,0.0,0.0,1
316.200,0,0,0.0,0.0,1
316.300,0,0,0.0,0.0,1
316.300,0,0,0.0,0.0,1
316.300,0,0,0.0,0.0,1
316.400,0,0,0.0,0.0,1
316.400,0,0,0.0,0.0,1
316.500,0,0,0.0,0.0,1
316.500,0,0,0.0,0.0,1
316.500,0,0,0.0,0.0,1
316.600,0,0,0.0,0.0,1
316.600,0,0,0.0,0.0,1
316.600,0,0,0.0,0.0,1
316.700,0,0,0.0,0.0,1
316.700,0,0,0.0,0.0,1
316.800,0,0,0.0,0.0,1
316.800,0,0,0.0,0.0,1
316.800,0,0,0.0,0.0,1
316.900,0,0,0.0,0.0,1
316.900,0,0,0.0,0.0,1
317.000,0,0,0.0,0.0,1
317.000,0,0,0.0,0.0,1
317.000,0,0,0.0,0.0,1
317.100,0,0,0.0,0.0,1
317.100,0,0,0.0,0.0,1
317.100,0,0,0.0,0.0,1
317.200,0,0,0.0,0.0,1
317.200,0,0,0.0,0.0,1
317.300,0,0,0.0,0.0,1
317.300,0,0,0.0,0.0,1
317.300,0,0,0.0,0.0,1
317.400,0,0,0.0,0.0,1
317.400,0,0,0.0,0.0,1
317.500,0,0,0.0,0.0,1
317.500,0,0,0.0,0.0,1
317.500,0,0,0.0,0.0,1
317.600,0,0,0.0,0.0,1
317.600,0,0,0.0,0.0,1
317.600,0,0,0.0,0.0,1
317.700,0,0,0.0,0.0,1
317.700,0,0,0.0,0.0,1
317.800,0,0,0.0,0.0,1
317.800,0,0,0.0,0.0,1
317.800,0,0,0.0,0.0,1
317.900,0,0,0.0,0.0,1
317.900,0,0,0.0,0.0,1
317.900,0,0,0.0,0.0,1
318.000,0,0,0.0,0.0,1
318.000,0,0,0.0,0.0,1
318.100,0,0,0.0,0.0,1
318.100,0,0,0.0,0.0,1
318.100,0,0,0.0,0.0,1
318.200,0,0,0.0,0.0,1
318.200,0,0,0.0,0.0,1
318.300,0,0,0.0,0.0,1
318.300,0,0,0.0,0.0,1
318.300,0,0,0.0,0.0,1
318.400,0,0,0.0,0.0,1
318.400,0,0,0.0,0.0,1
318.400,0,0,0.0,0.0,1
318.500,0,0,0.0,0.0,1
318.500,0,0,0.0,0.0,1
318.600,0,0,0.0,0.0,1
318.600,0,0,0.0,0.0,1
318.600,0,0,0.0,0.0,1
318.700,0,0,0.0,0.0,1
318.700,0,0,0.0,0.0,1
318.800,0,0,0.0,0.0,1
318.800,0,0,0.0,0.0,1
318.800,0,0,0.0,0.0,1
318.900,0,0,0.0,0.0,1
318.900,0,0,0.0,0.0,1
318.900,0,0,0.0,0.0,1
319.000,0,0,0.0,0.0,1
319.000,0,0,0.0,0.0,1
319.100,0,0,0.0,0.0,1
319.100,0,0,0.0,0.0,1
319.100,0,0,0.0,0.0,1
319.200,0,0,0.0,0.0,1
319.200,0,0,0.0,0.0,1
319.300,0,0,0.0,0.0,1
319.300,0,0,0.0,0.0,1
319.300,0,0,0.0,0.0,1
319.400,0,0,0.0,0.0,1
319.400,0,0,0.0,0.0,1
319.400,0,0,0.0,0.0,1
319.500,0,0,0.0,0.0,1
319.500,0,0,0.0,0.0,1
319.600,0,0,0.0,0.0,1
319.600,0,0,0.0,0.0,1
319.600,0,0,0.0,0.0,1
319.700,0,0,0.0,0.0,1
319.700,0,0,0.0,0.0,1
319.800,0,0,0.0,0.0,1
319.800,0,0,0.0,0.0,1
319.800,0,0,0.0,0.0,1
319.900,0,0,0.0,0.0,1
319.900,0,0,0.0,0.0,1
319.900,0,0,0.0,0.0,1
320.000,0,0,0.0,0.0,1
320.000,0,0,0.0,0.0,1
320.100,0,0,0.0,0.0,1
320.100,0,0,0.0,0.0,1
320.100,0,0,0.0,0.0,1
320.200,0,0,0.0,0.0,1
320.200,0,0,0.0,0.0,1
320.200,0,0,0.0,0.0,1
320.300,0,0,0.0,0.0,1
320.300,0,0,0.0,0.0,1
320.400,0,0,0.0,0.0,1
320.400,0,0,0.0,0.0,1
320.400,0,0,0.0,0.0,1
320.500,0,0,0.0,0.0,1
320.500,0,0,0.0,0.0,1
320.600,0,0,0.0,0.0,1
320.600,0,0,0.0,0.0,1
320.600,0,0,0.0,0.0,1
320.700,0,0,0.0,0.0,1
320.700,0,0,0.0,0.0,1
320.700,0,0,0.0,0.0,1
320.800,0,0,0.0,0.0,1
320.800,0,0,0.0,0.0,1
320.900,0,0,0.0,0.0,1
320.900,0,0,0.0,0.0,1
320.900,0,0,0.0,0.0,1
321.000,0,0,0.0,0.0,1
321.000,0,0,0.0,0.0,1
321.100,0,0,0.0,0.0,1
321.100,0,0,0.0,0.0,1
321.100,0,0,0.0,0.0,1
321.200,0,0,0.0,0.0,1
321.200,0,0,0.0,0.0,1
321.200,0,0,0.0,0.0,1
321.300,0,0,0.0,0.0,1
321.300,0,0,0.0,0.0,1
321.400,0,0,0.0,0.0,1
321.400,0,0,0.0,0.0,1
321.400,0,0,0.0,0.0,1
321.500,0,0,0.0,0.0,1
321.500,0,0,0.0,0.0,1
321.600,0,0,0.0,0.0,1
321.600,0,0,0.0,0.0,1
321.600,0,0,0.0,0.0,1
321.700,0,0,0.0,0.0,1
321.700,0,0,0.0,0.0,1
321.700,0,0,0.0,0.0,1
321.800,0,0,0.0,0.0,1
321.800,0,0,0.0,0.0,1
321.900,0,0,0.0,0.0,1
321.900,0,0,0.0,0.0,1
321.900,0,0,0.0,0.0,1
322.000,0,0,0.0,0.0,1
322.000,0,0,0.0,0.0,1
322.100,0,0,0.0,0.0,1
322.100,0,0,0.0,0.0,1
322.100,0,0,0.0,0.0,1
322.200,0,0,0.0,0.0,1
322.200,0,0,0.0,0.0,1
322.200,0,0,0.0,0.0,1
322.300,0,0,0.0,0.0,1
322.300,0,0,0.0,0.0,1
322.400,0,0,0.0,0.0,1
322.400,0,0,0.0,0.0,1
322.400,0,0,0.0,0.0,1
322.500,0,0,0.0,0.0,1
322.500,0,0,0.0,0.0,1
322.500,0,0,0.0,0.0,1
322.600,0,0,0.0,0.0,1
322.600,0,0,0.0,0.0,1
322.700,0,0,0.0,0.0,1
322.700,0,0,0.0,0.0,1
322.700,0,0,0.0,0.0,1
322.800,0,0,0.0,0.0,1
322.800,0,0,0.0,0.0,1
322.900,0,0,0.0,0.0,1
322.900,0,0,0.0,0.0,1
322.900,0,0,0.0,0.0,1
323.000,0,0,0.0,0.0,1
323.000,0,0,0.0,0.0,1
323.000,0,0,0.0,0.0,1
323.100,0,0,0.0,0.0,1
323.100,0,0,0.0,0.0,1
323.200,0,0,0.0,0.0,1
323.200,0,0,0.0,0.0,1
323.200,0,0,0.0,0.0,1
323.300,0,0,0.0,0.0,1
323.300,0,0,0.0,0.0,1
323.400,0,0,0.0,0.0,1
323.400,0,0,0.0,0.0,1
323.400,0,0,0.0,0.0,1
323.500,0,0,0.0,0.0,1
323.500,0,0,0.0,0.0,1
323.500,0,0,0.0,0.0,1
323.600,0,0,0.0,0.0,1
323.600,0,0,0.0,0.0,1
323.700,0,0,0.0,0.0,1
323.700,0,0,0.0,0.0,1
323.700,0,0,0.0,0.0,1
323.800,0,0,0.0,0.0,1
323.800,0,0,0.0,0.0,1
323.900,0,0,0.0,0.0,1
323.900,0,0,0.0,0.0,1
323.900,0,0,0.0,0.0,1
324.000,0,0,0.0,0.0,1
324.000,0,0,0.0,0.0,1
324.000,0,0,0.0,0.0,1
324.100,0,0,0.0,0.0,1
324.100,0,0,0.0,0.0,1
324.200,0,0,0.0,0.0,1
324.200,0,0,0.0,0.0,1
324.200,0,0,0.0,0.0,1
324.300,0,0,0.0,0.0,1
324.300,0,0,0.0,0.0,1
324.400,0,0,0.0,0.0,1
324.400,0,0,0.0,0.0,1
324.400,0,0,0.0,0.0,1
324.500,0,0,0.0,0.0,1
324.500,0,0,0.0,0.0,1
324.500,0,0,0.0,0.0,1
324.600,0,0,0.0,0.0,1
324.600,0,0,0.0,0.0,1
324.700,0,0,0.0,0.0,1
324.700,0,0,0.0,0.0,1
324.700,0,0,0.0,0.0,1
324.800,0,0,0.0,0.0,1
324.800,0,0,0.0,0.0,1
324.800,0,0,0.0,0.0,1
324.900,0,0,0.0,0.0,1
324.900,0,0,0.0,0.0,1
325.000,0,0,0.0,0.0,1
325.000,0,0,0.0,0.0,1
325.000,0,0,0.0,0.0,1
325.100,0,0,0.0,0.0,1
325.100,0,0,0.0,0.0,1
325.200,0,0,0.0,0.0,1
325.200,0,0,0.0,0.0,1
325.200,0,0,0.0,0.0,1
325.300,0,0,0.0,0.0,1
325.300,0,0,0.0,0.0,1
325.300,0,0,0.0,0.0,1
325.400,0,0,0.0,0.0,1
325.400,0,0,0.0,0.0,1
325.500,0,0,0.0,0.0,1
325.500,0,0,0.0,0.0,1
325.500,0,0,0.0,0.0,1
325.600,0,0,0.0,0.0,1
325.600,0,0,0.0,0.0,1
325.700,0,0,0.0,0.0,1
325.700,0,0,0.0,0.0,1
325.700,0,0,0.0,0.0,1
325.800,0,0,0.0,0.0,1
325.800,0,0,0.0,0.0,1
325.800,0,0,0.0,0.0,1
325.900,0,0,0.0,0.0,1
325.900,0,0,0.0,0.0,1
326.000,0,0,0.0,0.0,1
326.000,0,0,0.0,0.0,1
326.000,0,0,0.0,0.0,1
326.100,0,0,0.0,0.0,1
326.100,0,0,0.0,0.0,1
326.200,0,0,0.0,0.0,1
326.200,0,0,0.0,0.0,1
326.200,0,0,0.0,0.0,1
326.300,0,0,0.0,0.0,1
326.300,0,0,0.0,0.0,1
326.300,0,0,0.0,0.0,1
326.400,0,0,0.0,0.0,1
326.400,0,0,0.0,0.0,1
326.500,0,0,0.0,0.0,1
326.500,0,0,0.0,0.0,1
326.500,0,0,0.0,0.0,1
326.600,0,0,0.0,0.0,1
326.600,0,0,0.0,0.0,1
326.700,0,0,0.0,0.0,1
326.700,0,0,0.0,0.0,1
326.700,0,0,0.0,0.0,1
326.800,0,0,0.0,0.0,1
326.800,0,0,0.0,0.0,1
326.800,0,0,0.0,0.0,1
326.900,0,0,0.0,0.0,1
326.900,0,0,0.0,0.0,1
327.000,0,0,0.0,0.0,1
327.000,0,0,0.0,0.0,1
327.000,0,0,0.0,0.0,1
327.100,0,0,0.0,0.0,1
327.100,0,0,0.0,0.0,1
327.100,0,0,0.0,0.0,1
327.200,0,0,0.0,0.0,1
327.200,0,0,0.0,0.0,1
327.300,0,0,0.0,0.0,1
327.300,0,0,0.0,0.0,1
327.300,0,0,0.0,0.0,1
327.400,0,0,0.0,0.0,1
327.400,0,0,0.0,0.0,1
327.500,0,0,0.0,0.0,1
327.500,0,0,0.0,0.0,1
327.500,0,0,0.0,0.0,1
327.600,0,0,0.0,0.0,1
327.600,0,0,0.0,0.0,1
327.600,0,0,0.0,0.0,1
327.700,0,0,0.0,0.0,1
327.700,0,0,0.0,0.0,1
327.800,0,0,0.0,0.0,1
327.800,0,0,0.0,0.0,1
327.800,0,0,0.0,0.0,1
327.900,0,0,0.0,0.0,1
327.900,0,0,0.0,0.0,1
328.000,0,0,0.0,0.0,1
328.000,0,0,0.0,0.0,1
328.000,0,0,0.0,0.0,1
328.100,0,0,0.0,0.0,1
328.100,0,0,0.0,0.0,1
328.100,0,0,0.0,0.0,1
328.200,0,0,0.0,0.0,1
328.200,0,0,0.0,0.0,1
328.300,0,0,0.0,0.0,1
328.300,0,0,0.0,0.0,1
328.300,0,0,0.0,0.0,1
328.400,0,0,0.0,0.0,1
328.400,0,0,0.0,0.0,1
328.500,0,0,0.0,0.0,1
328.500,0,0,0.0,0.0,1
328.500,0,0,0.0,0.0,1
328.600,0,0,0.0,0.0,1
328.600,0,0,0.0,0.0,1
328.600,0,0,0.0,0.0,1
328.700,0,0,0.0,0.0,1
328.700,0,0,0.0,0.0,1
328.800,0,0,0.0,0.0,1
328.800,0,0,0.0,0.0,1
328.800,0,0,0.0,0.0,1
328.900,0,0,0.0,0.0,1
328.900,0,0,0.0,0.0,1
329.000,0,0,0.0,0.0,1
329.000,0,0,0.0,0.0,1
329.000,0,0,0.0,0.0,1
329.100,0,0,0.0,0.0,1
329.100,0,0,0.0,0.0,1
329.100,0,0,0.0,0.0,1
329.200,0,0,0.0,0.0,1
329.200,0,0,0.0,0.0,1
329.300,0,0,0.0,0.0,1
329.300,0,0,0.0,0.0,1
329.300,0,0,0.0,0.0,1
329.400,0,0,0.0,0.0,1
329.400,0,0,0.0,0.0,1
329.400,0,0,0.0,0.0,1
329.500,0,0,0.0,0.0,1
329.500,0,0,0.0,0.0,1
329.600,0,0,0.0,0.0,1
329.600,0,0,0.0,0.0,1
329.600,0,0,0.0,0.0,1
329.700,0,0,0.0,0.0,1
329.700,0,0,0.0,0.0,1
329.800,0,0,0.0,0.0,1
329.800,0,0,0.0,0.0,1
329.800,0,0,0.0,0.0,1
329.900,0,0,0.0,0.0,1
329.900,0,0,0.0,0.0,1
329.900,0,0,0.0,0.0,1
330.000,0,0,0.0,0.0,1
330.000,0,0,0.0,0.0,1
330.100,0,0,0.0,0.0,1
330.100,0,0,0.0,0.0,1
330.100,0,0,0.0,0.0,1
330.200,0,0,0.0,0.0,1
330.200,0,0,0.0,0.0,1
330.300,0,0,0.0,0.0,1
330.300,0,0,0.0,0.0,1
330.300,0,0,0.0,0.0,1
330.400,0,0,0.0,0.0,1
330.400,0,0,0.0,0.0,1
330.400,0,0,0.0,0.0,1
330.500,0,0,0.0,0.0,1
330.500,0,0,0.0,0.0,1
330.600,0,0,0.0,0.0,1
330.600,0,0,0.0,0.0,1
330.600,0,0,0.0,0.0,1
330.700,0,0,0.0,0.0,1
330.700,0,0,0.0,0.0,1
330.800,0,0,0.0,0.0,1
330.800,0,0,0.0,0.0,1
330.800,0,0,0.0,0.0,1
330.900,0,0,0.0,0.0,1
330.900,0,0,0.0,0.0,1
330.900,0,0,0.0,0.0,1
331.000,0,0,0.0,0.0,1
331.000,0,0,0.0,0.0,1
331.100,0,0,0.0,0.0,1
331.100,0,0,0.0,0.0,1
331.100,0,0,0.0,0.0,1
331.200,0,0,0.0,0.0,1
331.200,0,0,0.0,0.0,1
331.300,0,0,0.0,0.0,1
331.300,0,0,0.0,0.0,1
331.300,0,0,0.0,0.0,1
331.400,0,0,0.0,0.0,1
331.400,0,0,0.0,0.0,1
331.400,0,0,0.0,0.0,1
331.500,0,0,0.0,0.0,1
331.500,0,0,0.0,0.0,1
331.600,0,0,0.0,0.0,1
331.600,0,0,0.0,0.0,1
331.600,0,0,0.0,0.0,1
331.700,0,0,0.0,0.0,1
331.700,0,0,0.0,0.0,1
331.700,0,0,0.0,0.0,1
331.800,0,0,0.0,0.0,1
331.800,0,0,0.0,0.0,1
331.900,0,0,0.0,0.0,1
331.900,0,0,0.0,0.0,1
331.900,0,0,0.0,0.0,1
332.000,0,0,0.0,0.0,1
332.000,0,0,0.0,0.0,1
332.100,0,0,0.0,0.0,1
332.100,0,0,0.0,0.0,1
332.100,0,0,0.0,0.0,1
332.200,0,0,0.0,0.0,1
332.200,0,0,0.0,0.0,1
332.200,0,0,0.0,0.0,1
332.300,0,0,0.0,0.0,1
332.300,0,0,0.0,0.0,1
332.400,0,0,0.0,0.0,1
332.400,0,0,0.0,0.0,1
332.400,0,0,0.0,0.0,1
332.500,0,0,0.0,0.0,1
332.500,0,0,0.0,0.0,1
332.600,0,0,0.0,0.0,1
332.600,0,0,0.0,0.0,1
332.600,0,0,0.0,0.0,1
332.700,0,0,0.0,0.0,1
332.700,0,0,0.0,0.0,1
332.700,0,0,0.0,0.0,1
332.800,0,0,0.0,0.0,1
332.800,0,0,0.0,0.0,1
332.900,0,0,0.0,0.0,1
332.900,0,0,0.0,0.0,1
332.900,0,0,0.0,0.0,1
333.000,0,0,0.0,0.0,1
333.000,0,0,0.0,0.0,1
333.100,0,0,0.0,0.0,1
333.100,0,0,0.0,0.0,1
333.100,0,0,0.0,0.0,1
333.200,0,0,0.0,0.0,1
333.200,0,0,0.0,0.0,1
333.200,0,0,0.0,0.0,1
333.300,0,0,0.0,0.0,1
333.300,0,0,0.0,0.0,1
333.400,0,0,0.0,0.0,1
333.400,0,0,0.0,0.0,1
333.400,0,0,0.0,0.0,1
333.500,0,0,0.0,0.0,1
333.500,0,0,0.0,0.0,1
333.600,0,0,0.0,0.0,1
333.600,0,0,0.0,0.0,1
333.600,0,0,0.0,0.0,1
333.700,0,0,0.0,0.0,1
333.700,0,0,0.0,0.0,1
333.700,0,0,0.0,0.0,1
333.800,0,0,0.0,0.0,1
333.800,0,0,0.0,0.0,1
333.900,0,0,0.0,0.0,1
333.900,0,0,0.0,0.0,1
333.900,0,0,0.0,0.0,1
334.000,0,0,0.0,0.0,1
334.000,0,0,0.0,0.0,1
334.000,0,0,0.0,0.0,1
334.100,0,0,0.0,0.0,1
334.100,0,0,0.0,0.0,1
334.200,0,0,0.0,0.0,1
334.200,0,0,0.0,0.0,1
334.200,0,0,0.0,0.0,1
334.300,0,0,0.0,0.0,1
334.300,0,0,0.0,0.0,1
334.400,0,0,0.0,0.0,1
334.400,0,0,0.0,0.0,1
334.400,0,0,0.0,0.0,1
334.500,0,0,0.0,0.0,1
334.500,0,0,0.0,0.0,1
334.500,0,0,0.0,0.0,1
334.600,0,0,0.0,0.0,1
334.600,0,0,0.0,0.0,1
334.700,0,0,0.0,0.0,1
334.700,0,0,0.0,0.0,1
334.700,0,0,0.0,0.0,1
334.800,0,0,0.0,0.0,1
334.800,0,0,0.0,0.0,1
334.900,0,0,0.0,0.0,1
334.900,0,0,0.0,0.0,1
334.900,0,0,0.0,0.0,1
335.000,0,0,0.0,0.0,1
335.000,0,0,0.0,0.0,1
335.000,0,0,0.0,0.0,1
335.100,0,0,0.0,0.0,1
335.100,0,0,0.0,0.0,1
335.200,0,0,0.0,0.0,1
335.200,0,0,0.0,0.0,1
335.200,0,0,0.0,0.0,1
335.300,0,0,0.0,0.0,1
335.300,0,0,0.0,0.0,1
335.400,0,0,0.0,0.0,1
335.400,0,0,0.0,0.0,1
335.400,0,0,0.0,0.0,1
335.500,0,0,0.0,0.0,1
335.500,0,0,0.0,0.0,1
335.500,0,0,0.0,0.0,1
335.600,0,0,0.0,0.0,1
335.600,0,0,0.0,0.0,1
335.700,0,0,0.0,0.0,1
335.700,0,0,0.0,0.0,1
335.700,0,0,0.0,0.0,1
335.800,0,0,0.0,0.0,1
335.800,0,0,0.0,0.0,1
335.900,0,0,0.0,0.0,1
335.900,0,0,0.0,0.0,1
335.900,0,0,0.0,0.0,1
336.000,0,0,0.0,0.0,1
336.000,0,0,0.0,0.0,1
336.000,0,0,0.0,0.0,1
336.100,0,0,0.0,0.0,1
336.100,0,0,0.0,0.0,1
336.200,0,0,0.0,0.0,1
336.200,0,0,0.0,0.0,1
336.200,0,0,0.0,0.0,1
336.300,0,0,0.0,0.0,1
336.300,0,0,0.0,0.0,1
336.300,0,0,0.0,0.0,1
336.400,0,0,0.0,0.0,1
336.400,0,0,0.0,0.0,1
336.500,0,0,0.0,0.0,1
336.500,0,0,0.0,0.0,1
336.500,0,0,0.0,0.0,1
336.600,0,0,0.0,0.0,1
336.600,0,0,0.0,0.0,1
336.700,0,0,0.0,0.0,1
336.700,0,0,0.0,0.0,1
336.700,0,0,0.0,0.0,1
336.800,0,0,0.0,0.0,1
336.800,0,0,0.0,0.0,1
336.800,0,0,0.0,0.0,1
336.900,0,0,0.0,0.0,1
336.900,0,0,0.0,0.0,1
337.000,0,0,0.0,0.0,1
337.000,0,0,0.0,0.0,1
337.000,0,0,0.0,0.0,1
337.100,0,0,0.0,0.0,1
337.100,0,0,0.0,0.0,1
337.200,0,0,0.0,0.0,1
337.200,0,0,0.0,0.0,1
337.200,0,0,0.0,0.0,1
337.300,0,0,0.0,0.0,1
337.300,0,0,0.0,0.0,1
337.300,0,0,0.0,0.0,1
337.400,0,0,0.0,0.0,1
337.400,0,0,0.0,0.0,1
337.500,0,0,0.0,0.0,1
337.500,0,0,0.0,0.0,1
337.500,0,0,0.0,0.0,1
337.600,0,0,0.0,0.0,1
337.600,0,0,0.0,0.0,1
337.700,0,0,0.0,0.0,1
337.700,0,0,0.0,0.0,1
337.700,0,0,0.0,0.0,1
337.800,0,0,0.0,0.0,1
337.800,0,0,0.0,0.0,1
337.800,0,0,0.0,0.0,1
337.900,0,0,0.0,0.0,1
337.900,0,0,0.0,0.0,1
338.000,0,0,0.0,0.0,1
338.000,0,0,0.0,0.0,1
338.000,0,0,0.0,0.0,1
338.100,0,0,0.0,0.0,1
338.100,0,0,0.0,0.0,1
338.200,0,0,0.0,0.0,1
338.200,0,0,0.0,0.0,1
338.200,0,0,0.0,0.0,1
338.300,0,0,0.0,0.0,1
338.300,0,0,0.0,0.0,1
338.300,0,0,0.0,0.0,1
338.400,0,0,0.0,0.0,1
338.400,0,0,0.0,0.0,1
338.500,0,0,0.0,0.0,1
338.500,0,0,0.0,0.0,1
338.500,0,0,0.0,0.0,1
338.600,0,0,0.0,0.0,1
338.600,0,0,0.0,0.0,1
338.600,0,0,0.0,0.0,1
338.700,0,0,0.0,0.0,1
338.700,0,0,0.0,0.0,1
338.800,0,0,0.0,0.0,1
338.800,0,0,0.0,0.0,1
338.800,0,0,0.0,0.0,1
338.900,0,0,0.0,0.0,1
338.900,0,0,0.0,0.0,1
339.000,0,0,0.0,0.0,1
339.000,0,0,0.0,0.0,1
339.000,0,0,0.0,0.0,1
339.100,0,0,0.0,0.0,1
339.100,0,0,0.0,0.0,1
339.100,0,0,0.0,0.0,1
339.200,0,0,0.0,0.0,1
339.200,0,0,0.0,0.0,1
339.300,0,0,0.0,0.0,1
339.300,0,0,0.0,0.0,1
339.300,0,0,0.0,0.0,1
339.400,0,0,0.0,0.0,1
339.400,0,0,0.0,0.0,1
339.500,0,0,0.0,0.0,1
339.500,0,0,0.0,0.0,1
339.500,0,0,0.0,0.0,1
339.600,0,0,0.0,0.0,1
339.600,0,0,0.0,0.0,1
339.600,0,0,0.0,0.0,1
339.700,0,0,0.0,0.0,1
339.700,0,0,0.0,0.0,1
339.800,0,0,0.0,0.0,1
339.800,0,0,0.0,0.0,1
339.800,0,0,0.0,0.0,1
339.900,0,0,0.0,0.0,1
339.900,0,0,0.0,0.0,1
340.000,0,0,0.0,0.0,1
340.000,0,0,0.0,0.0,1
340.000,0,0,0.0,0.0,1
340.100,0,0,0.0,0.0,1
340.100,0,0,0.0,0.0,1
340.100,0,0,0.0,0.0,1
340.200,0,0,0.0,0.0,1
340.200,0,0,0.0,0.0,1
340.300,0,0,0.0,0.0,1
340.300,0,0,0.0,0.0,1
340.300,0,0,0.0,0.0,1
340.400,0,0,0.0,0.0,1
340.400,0,0,0.0,0.0,1
340.500,0,0,0.0,0.0,1
340.500,0,0,0.0,0.0,1
340.500,0,0,0.0,0.0,1
340.600,0,0,0.0,0.0,1
340.600,0,0,0.0,0.0,1
340.600,0,0,0.0,0.0,1
340.700,0,0,0.0,0.0,1
340.700,0,0,0.0,0.0,1
340.800,0,0,0.0,0.0,1
340.800,0,0,0.0,0.0,1
340.800,0,0,0.0,0.0,1
340.900,0,0,0.0,0.0,1
340.900,0,0,0.0,0.0,1
340.900,0,0,0.0,0.0,1
341.000,0,0,0.0,0.0,1
341.000,0,0,0.0,0.0,1
341.100,0,0,0.0,0.0,1
341.100,0,0,0.0,0.0,1
341.100,0,0,0.0,0.0,1
341.200,0,0,0.0,0.0,1
341.200,0,0,0.0,0.0,1
341.300,0,0,0.0,0.0,1
341.300,0,0,0.0,0.0,1
341.300,0,0,0.0,0.0,1
341.400,0,0,0.0,0.0,1
341.400,0,0,0.0,0.0,1
341.400,0,0,0.0,0.0,1
341.500,0,0,0.0,0.0,1
341.500,0,0,0.0,0.0,1
341.600,0,0,0.0,0.0,1
341.600,0,0,0.0,0.0,1
341.600,0,0,0.0,0.0,1
341.700,0,0,0.0,0.0,1
341.700,0,0,0.0,0.0,1
341.800,0,0,0.0,0.0,1
341.800,0,0,0.0,0.0,1
341.800,0,0,0.0,0.0,1
341.900,0,0,0.0,0.0,1
341.900,0,0,0.0,0.0,1
341.900,0,0,0.0,0.0,1
342.000,0,0,0.0,0.0,1
342.000,0,0,0.0,0.0,1
342.100,0,0,0.0,0.0,1
342.100,0,0,0.0,0.0,1
342.100,0,0,0.0,0.0,1
342.200,0,0,0.0,0.0,1
342.200,0,0,0.0,0.0,1
342.300,0,0,0.0,0.0,1
342.300,0,0,0.0,0.0,1
342.300,0,0,0.0,0.0,1
342.400,0,0,0.0,0.0,1
342.400,0,0,0.0,0.0,1
342.400,0,0,0.0,0.0,1
342.500,0,0,0.0,0.0,1
342.500,0,0,0.0,0.0,1
342.600,0,0,0.0,0.0,1
342.600,0,0,0.0,0.0,1
342.600,0,0,0.0,0.0,1
342.700,0,0,0.0,0.0,1
342.700,0,0,0.0,0.0,1
342.800,0,0,0.0,0.0,1
342.800,0,0,0.0,0.0,1
342.800,0,0,0.0,0.0,1
342.900,0,0,0.0,0.0,1
342.900,0,0,0.0,0.0,1
342.900,0,0,0.0,0.0,1
343.000,0,0,0.0,0.0,1
343.000,0,0,0.0,0.0,1
343.100,0,0,0.0,0.0,1
343.100,0,0,0.0,0.0,1
343.100,0,0,0.0,0.0,1
343.200,0,0,0.0,0.0,1
343.200,0,0,0.0,0.0,1
343.200,0,0,0.0,0.0,1
343.300,0,0,0.0,0.0,1
343.300,0,0,0.0,0.0,1
343.400,0,0,0.0,0.0,1
343.400,0,0,0.0,0.0,1
343.400,0,0,0.0,0.0,1
343.500,0,0,0.0,0.0,1
343.500,0,0,0.0,0.0,1
343.600,0,0,0.0,0.0,1
343.600,0,0,0.0,0.0,1
343.600,0,0,0.0,0.0,1
343.700,0,0,0.0,0.0,1
343.700,0,0,0.0,0.0,1
343.700,0,0,0.0,0.0,1
343.800,0,0,0.0,0.0,1
343.800,0,0,0.0,0.0,1
343.900,0,0,0.0,0.0,1
343.900,0,0,0.0,0.0,1
343.900,0,0,0.0,0.0,1
344.000,0,0,0.0,0.0,1
344.000,0,0,0.0,0.0,1
344.100,0,0,0.0,0.0,1
344.100,0,0,0.0,0.0,1
344.100,0,0,0.0,0.0,1
344.200,0,0,0.0,0.0,1
344.200,0,0,0.0,0.0,1
344.200,0,0,0.0,0.0,1
344.300,0,0,0.0,0.0,1
344.300,0,0,0.0,0.0,1
344.400,0,0,0.0,0.0,1
344.400,0,0,0.0,0.0,1
344.400,0,0,0.0,0.0,1
344.500,0,0,0.0,0.0,1
344.500,0,0,0.0,0.0,1
344.600,0,0,0.0,0.0,1
344.600,0,0,0.0,0.0,1
344.600,0,0,0.0,0.0,1
344.700,0,0,0.0,0.0,1
344.700,0,0,0.0,0.0,1
344.700,0,0,0.0,0.0,1
344.800,0,0,0.0,0.0,1
344.800,0,0,0.0,0.0,1
344.900,0,0,0.0,0.0,1
344.900,0,0,0.0,0.0,1
344.900,0,0,0.0,0.0,1
345.000,0,0,0.0,0.0,1
345.000,0,0,0.0,0.0,1
345.000,0,0,0.0,0.0,1
345.100,0,0,0.0,0.0,1
345.100,0,0,0.0,0.0,1
345.200,0,0,0.0,0.0,1
345.200,0,0,0.0,0.0,1
345.200,0,0,0.0,0.0,1
345.300,0,0,0.0,0.0,1
345.300,0,0,0.0,0.0,1
345.400,0,0,0.0,0.0,1
345.400,0,0,0.0,0.0,1
345.400,0,0,0.0,0.0,1
345.500,0,0,0.0,0.0,1
345.500,0,0,0.0,0.0,1
345.500,0,0,0.0,0.0,1
345.600,0,0,0.0,0.0,1
345.600,0,0,0.0,0.0,1
345.700,0,0,0.0,0.0,1
345.700,0,0,0.0,0.0,1
345.700,0,0,0.0,0.0,1
345.800,0,0,0.0,0.0,1
345.800,0,0,0.0,0.0,1
345.900,0,0,0.0,0.0,1
345.900,0,0,0.0,0.0,1
345.900,0,0,0.0,0.0,1
346.000,0,0,0.0,0.0,1
346.000,0,0,0.0,0.0,1
346.000,0,0,0.0,0.0,1
346.100,0,0,0.0,0.0,1
346.100,0,0,0.0,0.0,1
346.200,0,0,0.0,0.0,1
346.200,0,0,0.0,0.0,1
346.200,0,0,0.0,0.0,1
346.300,0,0,0.0,0.0,1
346.300,0,0,0.0,0.0,1
346.400,0,0,0.0,0.0,1
346.400,0,0,0.0,0.0,1
346.400,0,0,0.0,0.0,1
346.500,0,0,0.0,0.0,1
346.500,0,0,0.0,0.0,1
346.500,0,0,0.0,0.0,1
346.600,0,0,0.0,0.0,1
346.600,0,0,0.0,0.0,1
346.700,0,0,0.0,0.0,1
346.700,0,0,0.0,0.0,1
346.700,0,0,0.0,0.0,1
346.800,0,0,0.0,0.0,1
346.800,0,0,0.0,0.0,1
346.900,0,0,0.0,0.0,1
346.900,0,0,0.0,0.0,1
346.900,0,0,0.0,0.0,1
347.000,0,0,0.0,0.0,1
347.000,0,0,0.0,0.0,1
347.000,0,0,0.0,0.0,1
347.100,0,0,0.0,0.0,1
347.100,0,0,0.0,0.0,1
347.200,0,0,0.0,0.0,1
347.200,0,0,0.0,0.0,1
347.200,0,0,0.0,0.0,1
347.300,0,0,0.0,0.0,1
347.300,0,0,0.0,0.0,1
347.300,0,0,0.0,0.0,1
347.400,0,0,0.0,0.0,1
347.400,0,0,0.0,0.0,1
347.500,0,0,0.0,0.0,1
347.500,0,0,0.0,0.0,1
347.500,0,0,0.0,0.0,1
347.600,0,0,0.0,0.0,1
347.600,0,0,0.0,0.0,1
347.700,0,0,0.0,0.0,1
347.700,0,0,0.0,0.0,1
347.700,0,0,0.0,0.0,1
347.800,0,0,0.0,0.0,1
347.800,0,0,0.0,0.0,1
347.800,0,0,0.0,0.0,1
347.900,0,0,0.0,0.0,1
347.900,0,0,0.0,0.0,1
348.000,0,0,0.0,0.0,1
348.000,0,0,0.0,0.0,1
348.000,0,0,0.0,0.0,1
348.100,0,0,0.0,0.0,1
348.100,0,0,0.0,0.0,1
348.200,0,0,0.0,0.0,1
348.200,0,0,0.0,0.0,1
348.200,0,0,0.0,0.0,1
348.300,0,0,0.0,0.0,1
348.300,0,0,0.0,0.0,1
348.300,0,0,0.0,0.0,1
348.400,0,0,0.0,0.0,1
348.400,0,0,0.0,0.0,1
348.500,0,0,0.0,0.0,1
348.500,0,0,0.0,0.0,1
348.500,0,0,0.0,0.0,1
348.600,0,0,0.0,0.0,1
348.600,0,0,0.0,0.0,1
348.700,0,0,0.0,0.0,1
348.700,0,0,0.0,0.0,1
348.700,0,0,0.0,0.0,1
348.800,0,0,0.0,0.0,1
348.800,0,0,0.0,0.0,1
348.800,0,0,0.0,0.0,1
348.900,0,0,0.0,0.0,1
348.900,0,0,0.0,0.0,1
349.000,0,0,0.0,0.0,1
349.000,0,0,0.0,0.0,1
349.000,0,0,0.0,0.0,1
349.100,0,0,0.0,0.0,1
349.100,0,0,0.0,0.0,1
349.200,0,0,0.0,0.0,1
349.200,0,0,0.0,0.0,1
349.200,0,0,0.0,0.0,1
349.300,0,0,0.0,0.0,1
349.300,0,0,0.0,0.0,1
349.300,0,0,0.0,0.0,1
349.400,0,0,0.0,0.0,1
349.400,0,0,0.0,0.0,1
349.500,0,0,0.0,0.0,1
349.500,0,0,0.0,0.0,1
349.500,0,0,0.0,0.0,1
349.600,0,0,0.0,0.0,1
349.600,0,0,0.0,0.0,1
349.600,0,0,0.0,0.0,1
349.700,0,0,0.0,0.0,1
349.700,0,0,0.0,0.0,1
349.800,0,0,0.0,0.0,1
349.800,0,0,0.0,0.0,1
349.800,0,0,0.0,0.0,1
349.900,0,0,0.0,0.0,1
349.900,0,0,0.0,0.0,1
350.000,0,0,0.0,0.0,1
350.000,0,0,0.0,0.0,1
350.000,0,0,0.0,0.0,1
350.100,0,0,0.0,0.0,1
350.100,0,0,0.0,0.0,1
350.100,0,0,0.0,0.0,1
350.200,0,0,0.0,0.0,1
350.200,0,0,0.0,0.0,1
350.300,0,0,0.0,0.0,1
350.300,0,0,0.0,0.0,1
350.300,0,0,0.0,0.0,1
350.400,0,0,0.0,0.0,1
350.400,0,0,0.0,0.0,1
350.500,0,0,0.0,0.0,1
350.500,0,0,0.0,0.0,1
350.500,0,0,0.0,0.0,1
350.600,0,0,0.0,0.0,1
350.600,0,0,0.0,0.0,1
350.600,0,0,0.0,0.0,1
350.700,0,0,0.0,0.0,1
350.700,0,0,0.0,0.0,1
350.800,0,0,0.0,0.0,1
350.800,0,0,0.0,0.0,1
350.800,0,0,0.0,0.0,1
350.900,0,0,0.0,0.0,1
350.900,0,0,0.0,0.0,1
351.000,0,0,0.0,0.0,1
351.000,0,0,0.0,0.0,1
351.000,0,0,0.0,0.0,1
351.100,0,0,0.0,0.0,1
351.100,0,0,0.0,0.0,1
351.100,0,0,0.0,0.0,1
351.200,0,0,0.0,0.0,1
351.200,0,0,0.0,0.0,1
351.300,0,0,0.0,0.0,1
351.300,0,0,0.0,0.0,1
351.300,0,0,0.0,0.0,1
351.400,0,0,0.0,0.0,1
351.400,0,0,0.0,0.0,1
351.500,0,0,0.0,0.0,1
351.500,0,0,0.0,0.0,1
351.500,0,0,0.0,0.0,1
351.600,0,0,0.0,0.0,1
351.600,0,0,0.0,0.0,1
351.600,0,0,0.0,0.0,1
351.700,0,0,0.0,0.0,1
351.700,0,0,0.0,0.0,1
351.800,0,0,0.0,0.0,1
351.800,0,0,0.0,0.0,1
351.800,0,0,0.0,0.0,1
351.900,0,0,0.0,0.0,1
351.900,0,0,0.0,0.0,1
351.900,0,0,0.0,0.0,1
352.000,0,0,0.0,0.0,1
352.000,0,0,0.0,0.0,1
352.100,0,0,0.0,0.0,1
352.100,0,0,0.0,0.0,1
352.100,0,0,0.0,0.0,1
352.200,0,0,0.0,0.0,1
352.200,0,0,0.0,0.0,1
352.300,0,0,0.0,0.0,1
352.300,0,0,0.0,0.0,1
352.300,0,0,0.0,0.0,1
352.400,0,0,0.0,0.0,1
352.400,0,0,0.0,0.0,1
352.400,0,0,0.0,0.0,1
352.500,0,0,0.0,0.0,1
352.500,0,0,0.0,0.0,1
352.600,0,0,0.0,0.0,1
352.600,0,0,0.0,0.0,1
352.600,0,0,0.0,0.0,1
352.700,0,0,0.0,0.0,1
352.700,0,0,0.0,0.0,1
352.800,0,0,0.0,0.0,1
352.800,0,0,0.0,0.0,1
352.800,0,0,0.0,0.0,1
352.900,0,0,0.0,0.0,1
352.900,0,0,0.0,0.0,1
352.900,0,0,0.0,0.0,1
353.000,0,0,0.0,0.0,1
353.000,0,0,0.0,0.0,1
353.100,0,0,0.0,0.0,1
353.100,0,0,0.0,0.0,1
353.100,0,0,0.0,0.0,1
353.200,0,0,0.0,0.0,1
353.200,0,0,0.0,0.0,1
353.300,0,0,0.0,0.0,1
353.300,0,0,0.0,0.0,1
353.300,0,0,0.0,0.0,1
353.400,0,0,0.0,0.0,1
353.400,0,0,0.0,0.0,1
353.400,0,0,0.0,0.0,1
353.500,0,0,0.0,0.0,1
353.500,0,0,0.0,0.0,1
353.600,0,0,0.0,0.0,1
353.600,0,0,0.0,0.0,1
353.600,0,0,0.0,0.0,1
353.700,0,0,0.0,0.0,1
353.700,0,0,0.0,0.0,1
353.800,0,0,0.0,0.0,1
353.800,0,0,0.0,0.0,1
353.800,0,0,0.0,0.0,1
353.900,0,0,0.0,0.0,1
353.900,0,0,0.0,0.0,1
353.900,0,0,0.0,0.0,1
354.000,0,0,0.0,0.0,1
354.000,0,0,0.0,0.0,1
354.100,0,0,0.0,0.0,1
354.100,0,0,0.0,0.0,1
354.100,0,0,0.0,0.0,1
354.200,0,0,0.0,0.0,1
354.200,0,0,0.0,0.0,1
354.200,0,0,0.0,0.0,1
354.300,0,0,0.0,0.0,1
354.300,0,0,0.0,0.0,1
354.400,0,0,0.0,0.0,1
354.400,0,0,0.0,0.0,1
354.400,0,0,0.0,0.0,1
354.500,0,0,0.0,0.0,1
354.500,0,0,0.0,0.0,1
354.600,0,0,0.0,0.0,1
354.600,0,0,0.0,0.0,1
354.600,0,0,0.0,0.0,1
354.700,0,0,0.0,0.0,1
354.700,0,0,0.0,0.0,1
354.700,0,0,0.0,0.0,1
354.800,0,0,0.0,0.0,1
354.800,0,0,0.0,0.0,1
354.900,0,0,0.0,0.0,1
354.900,0,0,0.0,0.0,1
354.900,0,0,0.0,0.0,1
355.000,0,0,0.0,0.0,1
355.000,0,0,0.0,0.0,1
355.100,0,0,0.0,0.0,1
355.100,0,0,0.0,0.0,1
355.100,0,0,0.0,0.0,1
355.200,0,0,0.0,0.0,1
355.200,0,0,0.0,0.0,1
355.200,0,0,0.0,0.0,1
355.300,0,0,0.0,0.0,1
355.300,0,0,0.0,0.0,1
355.400,0,0,0.0,0.0,1
355.400,0,0,0.0,0.0,1
355.400,0,0,0.0,0.0,1
355.500,0,0,0.0,0.0,1
355.500,0,0,0.0,0.0,1
355.600,0,0,0.0,0.0,1
355.600,0,0,0.0,0.0,1
355.600,0,0,0.0,0.0,1
355.700,0,0,0.0,0.0,1
355.700,0,0,0.0,0.0,1
355.700,0,0,0.0,0.0,1
355.800,0,0,0.0,0.0,1
355.800,0,0,0.0,0.0,1
355.900,0,0,0.0,0.0,1
355.900,0,0,0.0,0.0,1
355.900,0,0,0.0,0.0,1
356.000,0,0,0.0,0.0,1
356.000,0,0,0.0,0.0,1
356.100,0,0,0.0,0.0,1
356.100,0,0,0.0,0.0,1
356.100,0,0,0.0,0.0,1
356.200,0,0,0.0,0.0,1
356.200,0,0,0.0,0.0,1
356.200,0,0,0.0,0.0,1
356.300,0,0,0.0,0.0,1
356.300,0,0,0.0,0.0,1
356.400,0,0,0.0,0.0,1
356.400,0,0,0.0,0.0,1
356.400,0,0,0.0,0.0,1
356.500,0,0,0.0,0.0,1
356.500,0,0,0.0,0.0,1
356.500,0,0,0.0,0.0,1
356.600,0,0,0.0,0.0,1
356.600,0,0,0.0,0.0,1
356.700,0,0,0.0,0.0,1
356.700,0,0,0.0,0.0,1
356.700,0,0,0.0,0.0,1
356.800,0,0,0.0,0.0,1
356.800,0,0,0.0,0.0,1
356.900,0,0,0.0,0.0,1
356.900,0,0,0.0,0.0,1
356.900,0,0,0.0,0.0,1
357.000,0,0,0.0,0.0,1
357.000,0,0,0.0,0.0,1
357.000,0,0,0.0,0.0,1
357.100,0,0,0.0,0.0,1
357.100,0,0,0.0,0.0,1
357.200,0,0,0.0,0.0,1
357.200,0,0,0.0,0.0,1
357.200,0,0,0.0,0.0,1
357.300,0,0,0.0,0.0,1
357.300,0,0,0.0,0.0,1
357.400,0,0,0.0,0.0,1
357.400,0,0,0.0,0.0,1
357.400,0,0,0.0,0.0,1
357.500,0,0,0.0,0.0,1
357.500,0,0,0.0,0.0,1
357.500,0,0,0.0,0.0,1
357.600,0,0,0.0,0.0,1
357.600,0,0,0.0,0.0,1
357.700,0,0,0.0,0.0,1
357.700,0,0,0.0,0.0,1
357.700,0,0,0.0,0.0,1
357.800,0,0,0.0,0.0,1
357.800,0,0,0.0,0.0,1
357.900,0,0,0.0,0.0,1
357.900,0,0,0.0,0.0,1
357.900,0,0,0.0,0.0,1
358.000,0,0,0.0,0.0,1
358.000,0,0,0.0,0.0,1
358.000,0,0,0.0,0.0,1
358.100,0,0,0.0,0.0,1
358.100,0,0,0.0,0.0,1
358.200,0,0,0.0,0.0,1
358.200,0,0,0.0,0.0,1
358.200,0,0,0.0,0.0,1
358.300,0,0,0.0,0.0,1
358.300,0,0,0.0,0.0,1
358.400,0,0,0.0,0.0,1
358.400,0,0,0.0,0.0,1
358.400,0,0,0.0,0.0,1
358.500,0,0,0.0,0.0,1
358.500,0,0,0.0,0.0,1
358.500,0,0,0.0,0.0,1
358.600,0,0,0.0,0.0,1
358.600,0,0,0.0,0.0,1
358.700,0,0,0.0,0.0,1
358.700,0,0,0.0,0.0,1
358.700,0,0,0.0,0.0,1
358.800,0,0,0.0,0.0,1
358.800,0,0,0.0,0.0,1
358.800,0,0,0.0,0.0,1
358.900,0,0,0.0,0.0,1
358.900,0,0,0.0,0.0,1
359.000,0,0,0.0,0.0,1
359.000,0,0,0.0,0.0,1
359.000,0,0,0.0,0.0,1
359.100,0,0,0.0,0.0,1
359.100,0,0,0.0,0.0,1
359.200,0,0,0.0,0.0,1
359.200,0,0,0.0,0.0,1
359.200,0,0,0.0,0.0,1
359.300,0,0,0.0,0.0,1
359.300,0,0,0.0,0.0,1
359.300,0,0,0.0,0.0,1
359.400,0,0,0.0,0.0,1
359.400,0,0,0.0,0.0,1
359.500,0,0,0.0,0.0,1
359.500,0,0,0.0,0.0,1
359.500,0,0,0.0,0.0,1
359.600,0,0,0.0,0.0,1
359.600,0,0,0.0,0.0,1
359.700,0,0,0.0,0.0,1
359.700,0,0,0.0,0.0,1
359.700,0,0,0.0,0.0,1
359.800,0,0,0.0,0.0,1
359.800,0,0,0.0,0.0,1
359.800,0,0,0.0,0.0,1
359.900,0,0,0.0,0.0,1
359.900,0,0,0.0,0.0,1
360.000,0,0,0.0,0.0,1
360.000,0,0,0.0,0.0,1
360.000,0,0,0.0,0.0,1
360.100,0,0,0.0,0.0,1
360.100,0,0,0.0,0.0,1
360.200,0,0,0.0,0.0,1
360.200,0,0,0.0,0.0,1
360.200,0,0,0.0,0.0,1
360.300,0,0,0.0,0.0,1
360.300,0,0,0.0,0.0,1
360.300,0,0,0.0,0.0,1
360.400,0,0,0.0,0.0,1
360.400,0,0,0.0,0.0,1
360.500,0,0,0.0,0.0,1
360.500,0,0,0.0,0.0,1
360.500,0,0,0.0,0.0,1
360.600,0,0,0.0,0.0,1
360.600,0,0,0.0,0.0,1
360.700,0,0,0.0,0.0,1
360.700,0,0,0.0,0.0,1
360.700,0,0,0.0,0.0,1
360.800,0,0,0.0,0.0,1
360.800,0,0,0.0,0.0,1
360.800,0,0,0.0,0.0,1
360.900,0,0,0.0,0.0,1
360.900,0,0,0.0,0.0,1
361.000,0,0,0.0,0.0,1
361.000,0,0,0.0,0.0,1
361.000,0,0,0.0,0.0,1
361.100,0,0,0.0,0.0,1
361.100,0,0,0.0,0.0,1
361.100,0,0,0.0,0.0,1
361.200,0,0,0.0,0.0,1
361.200,0,0,0.0,0.0,1
361.300,0,0,0.0,0.0,1
361.300,0,0,0.0,0.0,1
361.300,0,0,0.0,0.0,1
361.400,0,0,0.0,0.0,1
361.400,0,0,0.0,0.0,1
361.500,0,0,0.0,0.0,1
361.500,0,0,0.0,0.0,1
361.500,0,0,0.0,0.0,1
361.600,0,0,0.0,0.0,1
361.600,0,0,0.0,0.0,1
361.600,0,0,0.0,0.0,1
361.700,0,0,0.0,0.0,1
361.700,0,0,0.0,0.0,1
361.800,0,0,0.0,0.0,1
361.800,0,0,0.0,0.0,1
361.800,0,0,0.0,0.0,1
361.900,0,0,0.0,0.0,1
361.900,0,0,0.0,0.0,1
362.000,0,0,0.0,0.0,1
362.000,0,0,0.0,0.0,1
362.000,0,0,0.0,0.0,1
362.100,0,0,0.0,0.0,1
362.100,0,0,0.0,0.0,1
362.100,0,0,0.0,0.0,1
362.200,0,0,0.0,0.0,1
362.200,0,0,0.0,0.0,1
362.300,0,0,0.0,0.0,1
362.300,0,0,0.0,0.0,1
362.300,0,0,0.0,0.0,1
362.400,0,0,0.0,0.0,1
362.400,0,0,0.0,0.0,1
362.500,0,0,0.0,0.0,1
362.500,0,0,0.0,0.0,1
362.500,0,0,0.0,0.0,1
362.600,0,0,0.0,0.0,1
362.600,0,0,0.0,0.0,1
362.600,0,0,0.0,0.0,1
362.700,0,0,0.0,0.0,1
362.700,0,0,0.0,0.0,1
362.800,0,0,0.0,0.0,1
362.800,0,0,0.0,0.0,1
362.800,0,0,0.0,0.0,1
362.900,0,0,0.0,0.0,1
362.900,0,0,0.0,0.0,1
363.000,0,0,0.0,0.0,1
363.000,0,0,0.0,0.0,1
363.000,0,0,0.0,0.0,1
363.100,0,0,0.0,0.0,1
363.100,0,0,0.0,0.0,1
363.100,0,0,0.0,0.0,1
363.200,0,0,0.0,0.0,1
363.200,0,0,0.0,0.0,1
363.300,0,0,0.0,0.0,1
363.300,0,0,0.0,0.0,1
363.300,0,0,0.0,0.0,1
363.400,0,0,0.0,0.0,1
363.400,0,0,0.0,0.0,1
363.400,0,0,0.0,0.0,1
363.500,0,0,0.0,0.0,1
363.500,0,0,0.0,0.0,1
363.600,0,0,0.0,0.0,1
363.600,0,0,0.0,0.0,1
363.600,0,0,0.0,0.0,1
363.700,0,0,0.0,0.0,1
363.700,0,0,0.0,0.0,1
363.800,0,0,0.0,0.0,1
363.800,0,0,0.0,0.0,1
363.800,0,0,0.0,0.0,1
363.900,0,0,0.0,0.0,1
363.900,0,0,0.0,0.0,1
363.900,0,0,0.0,0.0,1
364.000,0,0,0.0,0.0,1
364.000,0,0,0.0,0.0,1
364.100,0,0,0.0,0.0,1
364.100,0,0,0.0,0.0,1
364.100,0,0,0.0,0.0,1
364.200,0,0,0.0,0.0,1
364.200,0,0,0.0,0.0,1
364.300,0,0,0.0,0.0,1
364.300,0,0,0.0,0.0,1
364.300,0,0,0.0,0.0,1
364.400,0,0,0.0,0.0,1
364.400,0,0,0.0,0.0,1
364.400,0,0,0.0,0.0,1
364.500,0,0,0.0,0.0,1
364.500,0,0,0.0,0.0,1
364.600,0,0,0.0,0.0,1
364.600,0,0,0.0,0.0,1
364.600,0,0,0.0,0.0,1
364.700,0,0,0.0,0.0,1
364.700,0,0,0.0,0.0,1
364.800,0,0,0.0,0.0,1
364.800,0,0,0.0,0.0,1
364.800,0,0,0.0,0.0,1
364.900,0,0,0.0,0.0,1
364.900,0,0,0.0,0.0,1
364.900,0,0,0.0,0.0,1
365.000,0,0,0.0,0.0,1
365.000,0,0,0.0,0.0,1
365.100,0,0,0.0,0.0,1
365.100,0,0,0.0,0.0,1
365.100,0,0,0.0,0.0,1
365.200,0,0,0.0,0.0,1
365.200,0,0,0.0,0.0,1
365.300,0,0,0.0,0.0,1
365.300,0,0,0.0,0.0,1
365.300,0,0,0.0,0.0,1
365.400,0,0,0.0,0.0,1
365.400,0,0,0.0,0.0,1
365.400,0,0,0.0,0.0,1
365.500,0,0,0.0,0.0,1
365.500,0,0,0.0,0.0,1
365.600,0,0,0.0,0.0,1
365.600,0,0,0.0,0.0,1
365.600,0,0,0.0,0.0,1
365.700,0,0,0.0,0.0,1
365.700,0,0,0.0,0.0,1
365.700,0,0,0.0,0.0,1
365.800,0,0,0.0,0.0,1
365.800,0,0,0.0,0.0,1
365.900,0,0,0.0,0.0,1
365.900,0,0,0.0,0.0,1
365.900,0,0,0.0,0.0,1
366.000,0,0,0.0,0.0,1
366.000,0,0,0.0,0.0,1
366.100,0,0,0.0,0.0,1
366.100,0,0,0.0,0.0,1
366.100,0,0,0.0,0.0,1
366.200,0,0,0.0,0.0,1
366.200,0,0,0.0,0.0,1
366.200,0,0,0.0,0.0,1
366.300,0,0,0.0,0.0,1
366.300,0,0,0.0,0.0,1
366.400,0,0,0.0,0.0,1
366.400,0,0,0.0,0.0,1
366.400,0,0,0.0,0.0,1
366.500,0,0,0.0,0.0,1
366.500,0,0,0.0,0.0,1
366.600,0,0,0.0,0.0,1
366.600,0,0,0.0,0.0,1
366.600,0,0,0.0,0.0,1
366.700,0,0,0.0,0.0,1
366.700,0,0,0.0,0.0,1
366.700,0,0,0.0,0.0,1
366.800,0,0,0.0,0.0,1
366.800,0,0,0.0,0.0,1
366.900,0,0,0.0,0.0,1
366.900,0,0,0.0,0.0,1
366.900,0,0,0.0,0.0,1
367.000,0,0,0.0,0.0,1
367.000,0,0,0.0,0.0,1
367.100,0,0,0.0,0.0,1
367.100,0,0,0.0,0.0,1
367.100,0,0,0.0,0.0,1
367.200,0,0,0.0,0.0,1
367.200,0,0,0.0,0.0,1
367.200,0,0,0.0,0.0,1
367.300,0,0,0.0,0.0,1
367.300,0,0,0.0,0.0,1
367.400,0,0,0.0,0.0,1
367.400,0,0,0.0,0.0,1
367.400,0,0,0.0,0.0,1
367.500,0,0,0.0,0.0,1
367.500,0,0,0.0,0.0,1
367.600,0,0,0.0,0.0,1
367.600,0,0,0.0,0.0,1
367.600,0,0,0.0,0.0,1
367.700,0,0,0.0,0.0,1
367.700,0,0,0.0,0.0,1
367.700,0,0,0.0,0.0,1
367.800,0,0,0.0,0.0,1
367.800,0,0,0.0,0.0,1
367.900,0,0,0.0,0.0,1
367.900,0,0,0.0,0.0,1
367.900,0,0,0.0,0.0,1
368.000,0,0,0.0,0.0,1
368.000,0,0,0.0,0.0,1
368.000,0,0,0.0,0.0,1
368.100,0,0,0.0,0.0,1
368.100,0,0,0.0,0.0,1
368.200,0,0,0.0,0.0,1
368.200,0,0,0.0,0.0,1
368.200,0,0,0.0,0.0,1
368.300,0,0,0.0,0.0,1
368.300,0,0,0.0,0.0,1
368.400,0,0,0.0,0.0,1
368.400,0,0,0.0,0.0,1
368.400,0,0,0.0,0.0,1
368.500,0,0,0.0,0.0,1
368.500,0,0,0.0,0.0,1
368.500,0,0,0.0,0.0,1
368.600,0,0,0.0,0.0,1
368.600,0,0,0.0,0.0,1
368.700,0,0,0.0,0.0,1
368.700,0,0,0.0,0.0,1
368.700,0,0,0.0,0.0,1
368.800,0,0,0.0,0.0,1
368.800,0,0,0.0,0.0,1
368.900,0,0,0.0,0.0,1
368.900,0,0,0.0,0.0,1
368.900,0,0,0.0,0.0,1
369.000,0,0,0.0,0.0,1
369.000,0,0,0.0,0.0,1
369.000,0,0,0.0,0.0,1
369.100,0,0,0.0,0.0,1
369.100,0,0,0.0,0.0,1
369.200,0,0,0.0,0.0,1
369.200,0,0,0.0,0.0,1
369.200,0,0,0.0,0.0,1
369.300,0,0,0.0,0.0,1
369.300,0,0,0.0,0.0,1
369.400,0,0,0.0,0.0,1
369.400,0,0,0.0,0.0,1
369.400,0,0,0.0,0.0,1
369.500,0,0,0.0,0.0,1
369.500,0,0,0.0,0.0,1
369.500,0,0,0.0,0.0,1
369.600,0,0,0.0,0.0,1
369.600,0,0,0.0,0.0,1
369.700,0,0,0.0,0.0,1
369.700,0,0,0.0,0.0,1
369.700,0,0,0.0,0.0,1
369.800,0,0,0.0,0.0,1
369.800,0,0,0.0,0.0,1
369.800,0,0,0.0,0.0,1
369.900,0,0,0.0,0.0,1
369.900,0,0,0.0,0.0,1
370.000,0,0,0.0,0.0,1
370.000,0,0,0.0,0.0,1
370.000,0,0,0.0,0.0,1
370.100,0,0,0.0,0.0,1
370.100,0,0,0.0,0.0,1
370.200,0,0,0.0,0.0,1
370.200,0,0,0.0,0.0,1
370.200,0,0,0.0,0.0,1
370.300,0,0,0.0,0.0,1
370.300,0,0,0.0,0.0,1
370.300,0,0,0.0,0.0,1
370.400,0,0,0.0,0.0,1
370.400,0,0,0.0,0.0,1
370.500,0,0,0.0,0.0,1
370.500,0,0,0.0,0.0,1
370.500,0,0,0.0,0.0,1
370.600,0,0,0.0,0.0,1
370.600,0,0,0.0,0.0,1
370.700,0,0,0.0,0.0,1
370.700,0,0,0.0,0.0,1
370.700,0,0,0.0,0.0,1
370.800,0,0,0.0,0.0,1
370.800,0,0,0.0,0.0,1
370.800,0,0,0.0,0.0,1
370.900,0,0,0.0,0.0,1
370.900,0,0,0.0,0.0,1
371.000,0,0,0.0,0.0,1
371.000,0,0,0.0,0.0,1
371.000,0,0,0.0,0.0,1
371.100,0,0,0.0,0.0,1
371.100,0,0,0.0,0.0,1
371.200,0,0,0.0,0.0,1
371.200,0,0,0.0,0.0,1
371.200,0,0,0.0,0.0,1
371.300,0,0,0.0,0.0,1
371.300,0,0,0.0,0.0,1
371.300,0,0,0.0,0.0,1
371.400,0,0,0.0,0.0,1
371.400,0,0,0.0,0.0,1
371.500,0,0,0.0,0.0,1
371.500,0,0,0.0,0.0,1
371.500,0,0,0.0,0.0,1
371.600,0,0,0.0,0.0,1
371.600,0,0,0.0,0.0,1
371.600,0,0,0.0,0.0,1
371.700,0,0,0.0,0.0,1
371.700,0,0,0.0,0.0,1
371.800,0,0,0.0,0.0,1
371.800,0,0,0.0,0.0,1
371.800,0,0,0.0,0.0,1
371.900,0,0,0.0,0.0,1
371.900,0,0,0.0,0.0,1
372.000,0,0,0.0,0.0,1
372.000,0,0,0.0,0.0,1
372.000,0,0,0.0,0.0,1
372.100,0,0,0.0,0.0,1
372.100,0,0,0.0,0.0,1
372.100,0,0,0.0,0.0,1
372.200,0,0,0.0,0.0,1
372.200,0,0,0.0,0.0,1
372.300,0,0,0.0,0.0,1
372.300,0,0,0.0,0.0,1
372.300,0,0,0.0,0.0,1
372.400,0,0,0.0,0.0,1
372.400,0,0,0.0,0.0,1
372.500,0,0,0.0,0.0,1
372.500,0,0,0.0,0.0,1
372.500,0,0,0.0,0.0,1
372.600,0,0,0.0,0.0,1
372.600,0,0,0.0,0.0,1
372.600,0,0,0.0,0.0,1
372.700,0,0,0.0,0.0,1
372.700,0,0,0.0,0.0,1
372.800,0,0,0.0,0.0,1
372.800,0,0,0.0,0.0,1
372.800,0,0,0.0,0.0,1
372.900,0,0,0.0,0.0,1
372.900,0,0,0.0,0.0,1
373.000,0,0,0.0,0.0,1
373.000,0,0,0.0,0.0,1
373.000,0,0,0.0,0.0,1
373.100,0,0,0.0,0.0,1
373.100,0,0,0.0,0.0,1
373.100,0,0,0.0,0.0,1
373.200,0,0,0.0,0.0,1
373.200,0,0,0.0,0.0,1
373.300,0,0,0.0,0.0,1
373.300,0,0,0.0,0.0,1
373.300,0,0,0.0,0.0,1
373.400,0,0,0.0,0.0,1
373.400,0,0,0.0,0.0,1
373.500,0,0,0.0,0.0,1
373.500,0,0,0.0,0.0,1
373.500,0,0,0.0,0.0,1
373.600,0,0,0.0,0.0,1
373.600,0,0,0.0,0.0,1
373.600,0,0,0.0,0.0,1
373.700,0,0,0.0,0.0,1
373.700,0,0,0.0,0.0,1
373.800,0,0,0.0,0.0,1
373.800,0,0,0.0,0.0,1
373.800,0,0,0.0,0.0,1
373.900,0,0,0.0,0.0,1
373.900,0,0,0.0,0.0,1
374.000,0,0,0.0,0.0,1
374.000,0,0,0.0,0.0,1
374.000,0,0,0.0,0.0,1
374.100,0,0,0.0,0.0,1
374.100,0,0,0.0,0.0,1
374.100,0,0,0.0,0.0,1
374.200,0,0,0.0,0.0,1
374.200,0,0,0.0,0.0,1
374.300,0,0,0.0,0.0,1
374.300,0,0,0.0,0.0,1
374.300,0,0,0.0,0.0,1
374.400,0,0,0.0,0.0,1
374.400,0,0,0.0,0.0,1
374.400,0,0,0.0,0.0,1
374.500,0,0,0.0,0.0,1
374.500,0,0,0.0,0.0,1
374.600,0,0,0.0,0.0,1
374.600,0,0,0.0,0.0,1
374.600,0,0,0.0,0.0,1
374.700,0,0,0.0,0.0,1
374.700,0,0,0.0,0.0,1
374.800,0,0,0.0,0.0,1
374.800,0,0,0.0,0.0,1
374.800,0,0,0.0,0.0,1
374.900,0,0,0.0,0.0,1
374.900,0,0,0.0,0.0,1
374.900,0,0,0.0,0.0,1
375.000,0,0,0.0,0.0,1
375.000,0,0,0.0,0.0,1
375.100,0,0,0.0,0.0,1
375.100,0,0,0.0,0.0,1
375.100,0,0,0.0,0.0,1
375.200,0,0,0.0,0.0,1
375.200,0,0,0.0,0.0,1
375.300,0,0,0.0,0.0,1
375.300,0,0,0.0,0.0,1
375.300,0,0,0.0,0.0,1
375.400,0,0,0.0,0.0,1
375.400,0,0,0.0,0.0,1
375.400,0,0,0.0,0.0,1
375.500,0,0,0.0,0.0,1
375.500,0,0,0.0,0.0,1
375.600,0,0,0.0,0.0,1
375.600,0,0,0.0,0.0,1
375.600,0,0,0.0,0.0,1
375.700,0,0,0.0,0.0,1
375.700,0,0,0.0,0.0,1
375.800,0,0,0.0,0.0,1
375.800,0,0,0.0,0.0,1
375.800,0,0,0.0,0.0,1
375.900,0,0,0.0,0.0,1
375.900,0,0,0.0,0.0,1
375.900,0,0,0.0,0.0,1
376.000,0,0,0.0,0.0,1
376.000,0,0,0.0,0.0,1
376.100,0,0,0.0,0.0,1
376.100,0,0,0.0,0.0,1
376.100,0,0,0.0,0.0,1
376.200,0,0,0.0,0.0,1
376.200,0,0,0.0,0.0,1
376.200,0,0,0.0,0.0,1
376.300,0,0,0.0,0.0,1
376.300,0,0,0.0,0.0,1
376.400,0,0,0.0,0.0,1
376.400,0,0,0.0,0.0,1
376.400,0,0,0.0,0.0,1
376.500,0,0,0.0,0.0,1
376.500,0,0,0.0,0.0,1
376.600,0,0,0.0,0.0,1
376.600,0,0,0.0,0.0,1
376.600,0,0,0.0,0.0,1
376.700,0,0,0.0,0.0,1
376.700,0,0,0.0,0.0,1
376.700,0,0,0.0,0.0,1
376.800,0,0,0.0,0.0,1
376.800,0,0,0.0,0.0,1
376.900,0,0,0.0,0.0,1
376.900,0,0,0.0,0.0,1
376.900,0,0,0.0,0.0,1
377.000,0,0,0.0,0.0,1
377.000,0,0,0.0,0.0,1
377.100,0,0,0.0,0.0,1
377.100,0,0,0.0,0.0,1
377.100,0,0,0.0,0.0,1
377.200,0,0,0.0,0.0,1
377.200,0,0,0.0,0.0,1
377.200,0,0,0.0,0.0,1
377.300,0,0,0.0,0.0,1
377.300,0,0,0.0,0.0,1
377.400,0,0,0.0,0.0,1
377.400,0,0,0.0,0.0,1
377.400,0,0,0.0,0.0,1
377.500,0,0,0.0,0.0,1
377.500,0,0,0.0,0.0,1
377.600,0,0,0.0,0.0,1
377.600,0,0,0.0,0.0,1
377.600,0,0,0.0,0.0,1
377.700,0,0,0.0,0.0,1
377.700,0,0,0.0,0.0,1
377.700,0,0,0.0,0.0,1
377.800,0,0,0.0,0.0,1
377.800,0,0,0.0,0.0,1
377.900,0,0,0.0,0.0,1
377.900,0,0,0.0,0.0,1
377.900,0,0,0.0,0.0,1
378.000,0,0,0.0,0.0,1
378.000,0,0,0.0,0.0,1
378.100,0,0,0.0,0.0,1
378.100,0,0,0.0,0.0,1
378.100,0,0,0.0,0.0,1
378.200,0,0,0.0,0.0,1
378.200,0,0,0.0,0.0,1
378.200,0,0,0.0,0.0,1
378.300,0,0,0.0,0.0,1
378.300,0,0,0.0,0.0,1
378.400,0,0,0.0,0.0,1
378.400,0,0,0.0,0.0,1
378.400,0,0,0.0,0.0,1
378.500,0,0,0.0,0.0,1
378.500,0,0,0.0,0.0,1
378.600,0,0,0.0,0.0,1
378.600,0,0,0.0,0.0,1
378.600,0,0,0.0,0.0,1
378.700,0,0,0.0,0.0,1
378.700,0,0,0.0,0.0,1
378.700,0,0,0.0,0.0,1
378.800,0,0,0.0,0.0,1
378.800,0,0,0.0,0.0,1
378.900,0,0,0.0,0.0,1
378.900,0,0,0.0,0.0,1
378.900,0,0,0.0,0.0,1
379.000,0,0,0.0,0.0,1
379.000,0,0,0.0,0.0,1
379.000,0,0,0.0,0.0,1
379.100,0,0,0.0,0.0,1
379.100,0,0,0.0,0.0,1
379.200,0,0,0.0,0.0,1
379.200,0,0,0.0,0.0,1
379.200,0,0,0.0,0.0,1
379.300,0,0,0.0,0.0,1
379.300,0,0,0.0,0.0,1
379.400,0,0,0.0,0.0,1
379.400,0,0,0.0,0.0,1
379.400,0,0,0.0,0.0,1
379.500,0,0,0.0,0.0,1
379.500,0,0,0.0,0.0,1
379.500,0,0,0.0,0.0,1
379.600,0,0,0.0,0.0,1
379.600,0,0,0.0,0.0,1
379.700,0,0,0.0,0.0,1
379.700,0,0,0.0,0.0,1
379.700,0,0,0.0,0.0,1
379.800,0,0,0.0,0.0,1
379.800,0,0,0.0,0.0,1
379.900,0,0,0.0,0.0,1
379.900,0,0,0.0,0.0,1
379.900,0,0,0.0,0.0,1
380.000,0,0,0.0,0.0,1
380.000,0,0,0.0,0.0,1
380.000,0,0,0.0,0.0,1
380.100,0,0,0.0,0.0,1
380.100,0,0,0.0,0.0,1
380.200,0,0,0.0,0.0,1
380.200,0,0,0.0,0.0,1
380.200,0,0,0.0,0.0,1
380.300,0,0,0.0,0.0,1
380.300,0,0,0.0,0.0,1
380.400,0,0,0.0,0.0,1
380.400,0,0,0.0,0.0,1
380.400,0,0,0.0,0.0,1
380.500,0,0,0.0,0.0,1
380.500,0,0,0.0,0.0,1
380.500,0,0,0.0,0.0,1
380.600,0,0,0.0,0.0,1
380.600,0,0,0.0,0.0,1
380.700,0,0,0.0,0.0,1
380.700,0,0,0.0,0.0,1
380.700,0,0,0.0,0.0,1
380.800,0,0,0.0,0.0,1
380.800,0,0,0.0,0.0,1
380.800,0,0,0.0,0.0,1
380.900,0,0,0.0,0.0,1
380.900,0,0,0.0,0.0,1
381.000,0,0,0.0,0.0,1
381.000,0,0,0.0,0.0,1
381.000,0,0,0.0,0.0,1
381.100,0,0,0.0,0.0,1
381.100,0,0,0.0,0.0,1
381.200,0,0,0.0,0.0,1
381.200,0,0,0.0,0.0,1
381.200,0,0,0.0,0.0,1
381.300,0,0,0.0,0.0,1
381.300,0,0,0.0,0.0,1
381.300,0,0,0.0,0.0,1
381.400,0,0,0.0,0.0,1
381.400,0,0,0.0,0.0,1
381.500,0,0,0.0,0.0,1
381.500,0,0,0.0,0.0,1
381.500,0,0,0.0,0.0,1
381.600,0,0,0.0,0.0,1
381.600,0,0,0.0,0.0,1
381.700,0,0,0.0,0.0,1
381.700,0,0,0.0,0.0,1
381.700,0,0,0.0,0.0,1
381.800,0,0,0.0,0.0,1
381.800,0,0,0.0,0.0,1
381.800,0,0,0.0,0.0,1
381.900,0,0,0.0,0.0,1
381.900,0,0,0.0,0.0,1
382.000,0,0,0.0,0.0,1
382.000,0,0,0.0,0.0,1
382.000,0,0,0.0,0.0,1
382.100,0,0,0.0,0.0,1
382.100,0,0,0.0,0.0,1
382.200,0,0,0.0,0.0,1
382.200,0,0,0.0,0.0,1
382.200,0,0,0.0,0.0,1
382.300,0,0,0.0,0.0,1
382.300,0,0,0.0,0.0,1
382.300,0,0,0.0,0.0,1
382.400,0,0,0.0,0.0,1
382.400,0,0,0.0,0.0,1
382.500,0,0,0.0,0.0,1
382.500,0,0,0.0,0.0,1
382.500,0,0,0.0,0.0,1
382.600,0,0,0.0,0.0,1
382.600,0,0,0.0,0.0,1
382.700,0,0,0.0,0.0,1
382.700,0,0,0.0,0.0,1
382.700,0,0,0.0,0.0,1
382.800,0,0,0.0,0.0,1
382.800,0,0,0.0,0.0,1
382.800,0,0,0.0,0.0,1
382.900,0,0,0.0,0.0,1
382.900,0,0,0.0,0.0,1
383.000,0,0,0.0,0.0,1
383.000,0,0,0.0,0.0,1
383.000,0,0,0.0,0.0,1
383.100,0,0,0.0,0.0,1
383.100,0,0,0.0,0.0,1
383.200,0,0,0.0,0.0,1
383.200,0,0,0.0,0.0,1
383.200,0,0,0.0,0.0,1
383.300,0,0,0.0,0.0,1
383.300,0,0,0.0,0.0,1
383.300,0,0,0.0,0.0,1
383.400,0,0,0.0,0.0,1
383.400,0,0,0.0,0.0,1
383.500,0,0,0.0,0.0,1
383.500,0,0,0.0,0.0,1
383.500,0,0,0.0,0.0,1
383.600,0,0,0.0,0.0,1
383.600,0,0,0.0,0.0,1
383.600,0,0,0.0,0.0,1
383.700,0,0,0.0,0.0,1
383.700,0,0,0.0,0.0,1
383.800,0,0,0.0,0.0,1
383.800,0,0,0.0,0.0,1
383.800,0,0,0.0,0.0,1
383.900,0,0,0.0,0.0,1
383.900,0,0,0.0,0.0,1
384.000,0,0,0.0,0.0,1
384.000,0,0,0.0,0.0,1
384.000,0,0,0.0,0.0,1
384.100,0,0,0.0,0.0,1
384.100,0,0,0.0,0.0,1
384.100,0,0,0.0,0.0,1
384.200,0,0,0.0,0.0,1
384.200,0,0,0.0,0.0,1
384.300,0,0,0.0,0.0,1
384.300,0,0,0.0,0.0,1
384.300,0,0,0.0,0.0,1
384.400,0,0,0.0,0.0,1
384.400,0,0,0.0,0.0,1
384.500,0,0,0.0,0.0,1
384.500,0,0,0.0,0.0,1
384.500,0,0,0.0,0.0,1
384.600,0,0,0.0,0.0,1
384.600,0,0,0.0,0.0,1
384.600,0,0,0.0,0.0,1
384.700,0,0,0.0,0.0,1
384.700,0,0,0.0,0.0,1
384.800,0,0,0.0,0.0,1
384.800,0,0,0.0,0.0,1
384.800,0,0,0.0,0.0,1
384.900,0,0,0.0,0.0,1
384.900,0,0,0.0,0.0,1
385.000,0,0,0.0,0.0,1
385.000,0,0,0.0,0.0,1
385.000,0,0,0.0,0.0,1
385.100,0,0,0.0,0.0,1
385.100,0,0,0.0,0.0,1
385.100,0,0,0.0,0.0,1
385.200,0,0,0.0,0.0,1
385.200,0,0,0.0,0.0,1
385.300,0,0,0.0,0.0,1
385.300,0,0,0.0,0.0,1
385.300,0,0,0.0,0.0,1
385.400,0,0,0.0,0.0,1
385.400,0,0,0.0,0.0,1
385.400,0,0,0.0,0.0,1
385.500,0,0,0.0,0.0,1
385.500,0,0,0.0,0.0,1
385.600,0,0,0.0,0.0,1
385.600,0,0,0.0,0.0,1
385.600,0,0,0.0,0.0,1
385.700,0,0,0.0,0.0,1
385.700,0,0,0.0,0.0,1
385.800,0,0,0.0,0.0,1
385.800,0,0,0.0,0.0,1
385.800,0,0,0.0,0.0,1
385.900,0,0,0.0,0.0,1
385.900,0,0,0.0,0.0,1
385.900,0,0,0.0,0.0,1
386.000,0,0,0.0,0.0,1
386.000,0,0,0.0,0.0,1
386.100,0,0,0.0,0.0,1
386.100,0,0,0.0,0.0,1
386.100,0,0,0.0,0.0,1
386.200,0,0,0.0,0.0,1
386.200,0,0,0.0,0.0,1
386.300,0,0,0.0,0.0,1
386.300,0,0,0.0,0.0,1
386.300,0,0,0.0,0.0,1
386.400,0,0,0.0,0.0,1
386.400,0,0,0.0,0.0,1
386.400,0,0,0.0,0.0,1
386.500,0,0,0.0,0.0,1
386.500,0,0,0.0,0.0,1
386.600,0,0,0.0,0.0,1
386.600,0,0,0.0,0.0,1
386.600,0,0,0.0,0.0,1
386.700,0,0,0.0,0.0,1
386.700,0,0,0.0,0.0,1
386.800,0,0,0.0,0.0,1
386.800,0,0,0.0,0.0,1
386.800,0,0,0.0,0.0,1
386.900,0,0,0.0,0.0,1
386.900,0,0,0.0,0.0,1
386.900,0,0,0.0,0.0,1
387.000,0,0,0.0,0.0,1
387.000,0,0,0.0,0.0,1
387.100,0,0,0.0,0.0,1
387.100,0,0,0.0,0.0,1
387.100,0,0,0.0,0.0,1
387.200,0,0,0.0,0.0,1
387.200,0,0,0.0,0.0,1
387.300,0,0,0.0,0.0,1
387.300,0,0,0.0,0.0,1
387.300,0,0,0.0,0.0,1
387.400,0,0,0.0,0.0,1
387.400,0,0,0.0,0.0,1
387.400,0,0,0.0,0.0,1
387.500,0,0,0.0,0.0,1
387.500,0,0,0.0,0.0,1
387.600,0,0,0.0,0.0,1
387.600,0,0,0.0,0.0,1
387.600,0,0,0.0,0.0,1
387.700,0,0,0.0,0.0,1
387.700,0,0,0.0,0.0,1
387.800,0,0,0.0,0.0,1
387.800,0,0,0.0,0.0,1
387.800,0,0,0.0,0.0,1
387.900,0,0,0.0,0.0,1
387.900,0,0,0.0,0.0,1
387.900,0,0,0.0,0.0,1
388.000,0,0,0.0,0.0,1
388.000,0,0,0.0,0.0,1
388.100,0,0,0.0,0.0,1
388.100,0,0,0.0,0.0,1
388.100,0,0,0.0,0.0,1
388.200,0,0,0.0,0.0,1
388.200,0,0,0.0,0.0,1
388.200,0,0,0.0,0.0,1
388.300,0,0,0.0,0.0,1
388.300,0,0,0.0,0.0,1
388.400,0,0,0.0,0.0,1
388.400,0,0,0.0,0.0,1
388.400,0,0,0.0,0.0,1
388.500,0,0,0.0,0.0,1
388.500,0,0,0.0,0.0,1
388.600,0,0,0.0,0.0,1
388.600,0,0,0.0,0.0,1
388.600,0,0,0.0,0.0,1
388.700,0,0,0.0,0.0,1
388.700,0,0,0.0,0.0,1
388.700,0,0,0.0,0.0,1
388.800,0,0,0.0,0.0,1
388.800,0,0,0.0,0.0,1
388.900,0,0,0.0,0.0,1
388.900,0,0,0.0,0.0,1
388.900,0,0,0.0,0.0,1
389.000,0,0,0.0,0.0,1
389.000,0,0,0.0,0.0,1
389.100,0,0,0.0,0.0,1
389.100,0,0,0.0,0.0,1
389.100,0,0,0.0,0.0,1
389.200,0,0,0.0,0.0,1
389.200,0,0,0.0,0.0,1
389.200,0,0,0.0,0.0,1
389.300,0,0,0.0,0.0,1
389.300,0,0,0.0,0.0,1
389.400,0,0,0.0,0.0,1
389.400,0,0,0.0,0.0,1
389.400,0,0,0.0,0.0,1
389.500,0,0,0.0,0.0,1
389.500,0,0,0.0,0.0,1
389.600,0,0,0.0,0.0,1
389.600,0,0,0.0,0.0,1
389.600,0,0,0.0,0.0,1
389.700,0,0,0.0,0.0,1
389.700,0,0,0.0,0.0,1
389.700,0,0,0.0,0.0,1
389.800,0,0,0.0,0.0,1
389.800,0,0,0.0,0.0,1
389.900,0,0,0.0,0.0,1
389.900,0,0,0.0,0.0,1
389.900,0,0,0.0,0.0,1
390.000,0,0,0.0,0.0,1
390.000,0,0,0.0,0.0,1
390.000,0,0,0.0,0.0,1
390.100,0,0,0.0,0.0,1
390.100,0,0,0.0,0.0,1
390.200,0,0,0.0,0.0,1
390.200,0,0,0.0,0.0,1
390.200,0,0,0.0,0.0,1
390.300,0,0,0.0,0.0,1
390.300,0,0,0.0,0.0,1
390.400,0,0,0.0,0.0,1
390.400,0,0,0.0,0.0,1
390.400,0,0,0.0,0.0,1
390.500,0,0,0.0,0.0,1
390.500,0,0,0.0,0.0,1
390.500,0,0,0.0,0.0,1
390.600,0,0,0.0,0.0,1
390.600,0,0,0.0,0.0,1
390.700,0,0,0.0,0.0,1
390.700,0,0,0.0,0.0,1
390.700,0,0,0.0,0.0,1
390.800,0,0,0.0,0.0,1
390.800,0,0,0.0,0.0,1
390.900,0,0,0.0,0.0,1
390.900,0,0,0.0,0.0,1
390.900,0,0,0.0,0.0,1
391.000,0,0,0.0,0.0,1
391.000,0,0,0.0,0.0,1
391.000,0,0,0.0,0.0,1
391.100,0,0,0.0,0.0,1
391.100,0,0,0.0,0.0,1
391.200,0,0,0.0,0.0,1
391.200,0,0,0.0,0.0,1
391.200,0,0,0.0,0.0,1
391.300,0,0,0.0,0.0,1
391.300,0,0,0.0,0.0,1
391.400,0,0,0.0,0.0,1
391.400,0,0,0.0,0.0,1
391.400,0,0,0.0,0.0,1
391.500,0,0,0.0,0.0,1
391.500,0,0,0.0,0.0,1
391.500,0,0,0.0,0.0,1
391.600,0,0,0.0,0.0,1
391.600,0,0,0.0,0.0,1
391.700,0,0,0.0,0.0,1
391.700,0,0,0.0,0.0,1
391.700,0,0,0.0,0.0,1
391.800,0,0,0.0,0.0,1
391.800,0,0,0.0,0.0,1
391.900,0,0,0.0,0.0,1
391.900,0,0,0.0,0.0,1
391.900,0,0,0.0,0.0,1
392.000,0,0,0.0,0.0,1
392.000,0,0,0.0,0.0,1
392.000,0,0,0.0,0.0,1
392.100,0,0,0.0,0.0,1
392.100,0,0,0.0,0.0,1
392.200,0,0,0.0,0.0,1
392.200,0,0,0.0,0.0,1
392.200,0,0,0.0,0.0,1
392.300,0,0,0.0,0.0,1
392.300,0,0,0.0,0.0,1
392.400,0,0,0.0,0.0,1
392.400,0,0,0.0,0.0,1
392.400,0,0,0.0,0.0,1
392.500,0,0,0.0,0.0,1
392.500,0,0,0.0,0.0,1
392.500,0,0,0.0,0.0,1
392.600,0,0,0.0,0.0,1
392.600,0,0,0.0,0.0,1
392.700,0,0,0.0,0.0,1
392.700,0,0,0.0,0.0,1
392.700,0,0,0.0,0.0,1
392.800,0,0,0.0,0.0,1
392.800,0,0,0.0,0.0,1
392.800,0,0,0.0,0.0,1
392.900,0,0,0.0,0.0,1
392.900,0,0,0.0,0.0,1
393.000,0,0,0.0,0.0,1
393.000,0,0,0.0,0.0,1
393.000,0,0,0.0,0.0,1
393.100,0,0,0.0,0.0,1
393.100,0,0,0.0,0.0,1
393.200,0,0,0.0,0.0,1
393.200,0,0,0.0,0.0,1
393.200,0,0,0.0,0.0,1
393.300,0,0,0.0,0.0,1
393.300,0,0,0.0,0.0,1
393.300,0,0,0.0,0.0,1
393.400,0,0,0.0,0.0,1
393.400,0,0,0.0,0.0,1
393.500,0,0,0.0,0.0,1
393.500,0,0,0.0,0.0,1
393.500,0,0,0.0,0.0,1
393.600,0,0,0.0,0.0,1
393.600,0,0,0.0,0.0,1
393.700,0,0,0.0,0.0,1
393.700,0,0,0.0,0.0,1
393.700,0,0,0.0,0.0,1
393.800,0,0,0.0,0.0,1
393.800,0,0,0.0,0.0,1
393.800,0,0,0.0,0.0,1
393.900,0,0,0.0,0.0,1
393.900,0,0,0.0,0.0,1
394.000,0,0,0.0,0.0,1
394.000,0,0,0.0,0.0,1
394.000,0,0,0.0,0.0,1
394.100,0,0,0.0,0.0,1
394.100,0,0,0.0,0.0,1
394.200,0,0,0.0,0.0,1
394.200,0,0,0.0,0.0,1
394.200,0,0,0.0,0.0,1
394.300,0,0,0.0,0.0,1
394.300,0,0,0.0,0.0,1
394.300,0,0,0.0,0.0,1
394.400,0,0,0.0,0.0,1
394.400,0,0,0.0,0.0,1
394.500,0,0,0.0,0.0,1
394.500,0,0,0.0,0.0,1
394.500,0,0,0.0,0.0,1
394.600,0,0,0.0,0.0,1
394.600,0,0,0.0,0.0,1
394.600,0,0,0.0,0.0,1
394.700,0,0,0.0,0.0,1
394.700,0,0,0.0,0.0,1
394.800,0,0,0.0,0.0,1
394.800,0,0,0.0,0.0,1
394.800,0,0,0.0,0.0,1
394.900,0,0,0.0,0.0,1
394.900,0,0,0.0,0.0,1
395.000,0,0,0.0,0.0,1
395.000,0,0,0.0,0.0,1
395.000,0,0,0.0,0.0,1
395.100,0,0,0.0,0.0,1
395.100,0,0,0.0,0.0,1
395.100,0,0,0.0,0.0,1
395.200,0,0,0.0,0.0,1
395.200,0,0,0.0,0.0,1
395.300,0,0,0.0,0.0,1
395.300,0,0,0.0,0.0,1
395.300,0,0,0.0,0.0,1
395.400,0,0,0.0,0.0,1
395.400,0,0,0.0,0.0,1
395.500,0,0,0.0,0.0,1
395.500,0,0,0.0,0.0,1
395.500,0,0,0.0,0.0,1
395.600,0,0,0.0,0.0,1
395.600,0,0,0.0,0.0,1
395.600,0,0,0.0,0.0,1
395.700,0,0,0.0,0.0,1
395.700,0,0,0.0,0.0,1
395.800,0,0,0.0,0.0,1
395.800,0,0,0.0,0.0,1
395.800,0,0,0.0,0.0,1
395.900,0,0,0.0,0.0,1
395.900,0,0,0.0,0.0,1
396.000,0,0,0.0,0.0,1
396.000,0,0,0.0,0.0,1
396.000,0,0,0.0,0.0,1
396.100,0,0,0.0,0.0,1
396.100,0,0,0.0,0.0,1
396.100,0,0,0.0,0.0,1
396.200,0,0,0.0,0.0,1
396.200,0,0,0.0,0.0,1
396.300,0,0,0.0,0.0,1
396.300,0,0,0.0,0.0,1
396.300,0,0,0.0,0.0,1
396.400,0,0,0.0,0.0,1
396.400,0,0,0.0,0.0,1
396.500,0,0,0.0,0.0,1
396.500,0,0,0.0,0.0,1
396.500,0,0,0.0,0.0,1
396.600,0,0,0.0,0.0,1
396.600,0,0,0.0,0.0,1
396.600,0,0,0.0,0.0,1
396.700,0,0,0.0,0.0,1
396.700,0,0,0.0,0.0,1
396.800,0,0,0.0,0.0,1
396.800,0,0,0.0,0.0,1
396.800,0,0,0.0,0.0,1
396.900,0,0,0.0,0.0,1
396.900,0,0,0.0,0.0,1
397.000,0,0,0.0,0.0,1
397.000,0,0,0.0,0.0,1
397.000,0,0,0.0,0.0,1
397.100,0,0,0.0,0.0,1
397.100,0,0,0.0,0.0,1
397.100,0,0,0.0,0.0,1
397.200,0,0,0.0,0.0,1
397.200,0,0,0.0,0.0,1
397.300,0,0,0.0,0.0,1
397.300,0,0,0.0,0.0,1
397.300,0,0,0.0,0.0,1
397.400,0,0,0.0,0.0,1
397.400,0,0,0.0,0.0,1
397.400,0,0,0.0,0.0,1
397.500,0,0,0.0,0.0,1
397.500,0,0,0.0,0.0,1
397.600,0,0,0.0,0.0,1
397.600,0,0,0.0,0.0,1
397.600,0,0,0.0,0.0,1
397.700,0,0,0.0,0.0,1
397.700,0,0,0.0,0.0,1
397.800,0,0,0.0,0.0,1
397.800,0,0,0.0,0.0,1
397.800,0,0,0.0,0.0,1
397.900,0,0,0.0,0.0,1
397.900,0,0,0.0,0.0,1
397.900,0,0,0.0,0.0,1
398.000,0,0,0.0,0.0,1
398.000,0,0,0.0,0.0,1
398.100,0,0,0.0,0.0,1
398.100,0,0,0.0,0.0,1
398.100,0,0,0.0,0.0,1
398.200,0,0,0.0,0.0,1
398.200,0,0,0.0,0.0,1
398.300,0,0,0.0,0.0,1
398.300,0,0,0.0,0.0,1
398.300,0,0,0.0,0.0,1
398.400,0,0,0.0,0.0,1
398.400,0,0,0.0,0.0,1
398.400,0,0,0.0,0.0,1
398.500,0,0,0.0,0.0,1
398.500,0,0,0.0,0.0,1
398.600,0,0,0.0,0.0,1
398.600,0,0,0.0,0.0,1
398.600,0,0,0.0,0.0,1
398.700,0,0,0.0,0.0,1
398.700,0,0,0.0,0.0,1
398.800,0,0,0.0,0.0,1
398.800,0,0,0.0,0.0,1
398.800,0,0,0.0,0.0,1
398.900,0,0,0.0,0.0,1
398.900,0,0,0.0,0.0,1
398.900,0,0,0.0,0.0,1
399.001,0,0,0.0,0.0,1
399.001,0,0,0.0,0.0,1
399.101,0,0,0.0,0.0,1
399.101,0,0,0.0,0.0,1
399.101,0,0,0.0,0.0,1
399.201,0,0,0.0,0.0,1
399.201,0,0,0.0,0.0,1
399.201,0,0,0.0,0.0,1
399.301,0,0,0.0,0.0,1
399.301,0,0,0.0,0.0,1
399.401,0,0,0.0,0.0,1
399.401,0,0,0.0,0.0,1
399.401,0,0,0.0,0.0,1
399.501,0,0,0.0,0.0,1
399.501,0,0,0.0,0.0,1
399.601,0,0,0.0,0.0,1
399.601,0,0,0.0,0.0,1
399.601,0,0,0.0,0.0,1
399.701,0,0,0.0,0.0,1
399.701,0,0,0.0,0.0,1
399.701,0,0,0.0,0.0,1
399.801,0,0,0.0,0.0,1
399.801,0,0,0.0,0.0,1
399.901,0,0,0.0,0.0,1
399.901,0,0,0.0,0.0,1
399.901,0,0,0.0,0.0,1
400.001,0,0,0.0,0.0,1
400.001,0,0,0.0,0.0,1
400.101,0,0,0.0,0.0,1
400.101,0,0,0.0,0.0,1
400.101,0,0,0.0,0.0,1
400.201,0,0,0.0,0.0,1
400.201,0,0,0.0,0.0,1
400.201,0,0,0.0,0.0,1
400.301,0,0,0.0,0.0,1
400.301,0,0,0.0,0.0,1
400.401,0,0,0.0,0.0,1
400.401,0,0,0.0,0.0,1
400.401,0,0,0.0,0.0,1
400.501,0,0,0.0,0.0,1
400.501,0,0,0.0,0.0,1
400.601,0,0,0.0,0.0,1
400.601,0,0,0.0,0.0,1
400.601,0,0,0.0,0.0,1
400.701,0,0,0.0,0.0,1
400.701,0,0,0.0,0.0,1
400.701,0,0,0.0,0.0,1
400.801,0,0,0.0,0.0,1
400.801,0,0,0.0,0.0,1
400.901,0,0,0.0,0.0,1
400.901,0,0,0.0,0.0,1
400.901,0,0,0.0,0.0,1
401.001,0,0,0.0,0.0,1
401.001,0,0,0.0,0.0,1
401.101,0,0,0.0,0.0,1
401.101,0,0,0.0,0.0,1
401.101,0,0,0.0,0.0,1
401.201,0,0,0.0,0.0,1
401.201,0,0,0.0,0.0,1
401.201,0,0,0.0,0.0,1
401.301,0,0,0.0,0.0,1
401.301,0,0,0.0,0.0,1
401.401,0,0,0.0,0.0,1
401.401,0,0,0.0,0.0,1
401.401,0,0,0.0,0.0,1
401.501,0,0,0.0,0.0,1
401.501,0,0,0.0,0.0,1
401.501,0,0,0.0,0.0,1
401.601,0,0,0.0,0.0,1
401.601,0,0,0.0,0.0,1
401.701,0,0,0.0,0.0,1
401.701,0,0,0.0,0.0,1
401.701,0,0,0.0,0.0,1
401.801,0,0,0.0,0.0,1
401.801,0,0,0.0,0.0,1
401.901,0,0,0.0,0.0,1
401.901,0,0,0.0,0.0,1
401.901,0,0,0.0,0.0,1
402.001,0,0,0.0,0.0,1
402.001,0,0,0.0,0.0,1
402.001,0,0,0.0,0.0,1
402.101,0,0,0.0,0.0,1
402.101,0,0,0.0,0.0,1
402.201,0,0,0.0,0.0,1
402.201,0,0,0.0,0.0,1
402.201,0,0,0.0,0.0,1
402.301,0,0,0.0,0.0,1
402.301,0,0,0.0,0.0,1
402.401,0,0,0.0,0.0,1
402.401,0,0,0.0,0.0,1
402.401,0,0,0.0,0.0,1
402.501,0,0,0.0,0.0,1
402.501,0,0,0.0,0.0,1
402.501,0,0,0.0,0.0,1
402.601,0,0,0.0,0.0,1
402.601,0,0,0.0,0.0,1
402.701,0,0,0.0,0.0,1
402.701,0,0,0.0,0.0,1
402.701,0,0,0.0,0.0,1
402.801,0,0,0.0,0.0,1
402.801,0,0,0.0,0.0,1
402.901,0,0,0.0,0.0,1
402.901,0,0,0.0,0.0,1
402.901,0,0,0.0,0.0,1
403.001,0,0,0.0,0.0,1
403.001,0,0,0.0,0.0,1
403.001,0,0,0.0,0.0,1
403.101,0,0,0.0,0.0,1
403.101,0,0,0.0,0.0,1
403.201,0,0,0.0,0.0,1
403.201,0,0,0.0,0.0,1
403.201,0,0,0.0,0.0,1
403.301,0,0,0.0,0.0,1
403.301,0,0,0.0,0.0,1
403.401,0,0,0.0,0.0,1
403.401,0,0,0.0,0.0,1
403.401,0,0,0.0,0.0,1
403.501,0,0,0.0,0.0,1
403.501,0,0,0.0,0.0,1
403.501,0,0,0.0,0.0,1
403.601,0,0,0.0,0.0,1
403.601,0,0,0.0,0.0,1
403.701,0,0,0.0,0.0,1
403.701,0,0,0.0,0.0,1
403.701,0,0,0.0,0.0,1
403.801,0,0,0.0,0.0,1
403.801,0,0,0.0,0.0,1
403.801,0,0,0.0,0.0,1
403.901,0,0,0.0,0.0,1
403.901,0,0,0.0,0.0,1
404.001,0,0,0.0,0.0,1
404.001,0,0,0.0,0.0,1
404.001,0,0,0.0,0.0,1
404.101,0,0,0.0,0.0,1
404.101,0,0,0.0,0.0,1
404.201,0,0,0.0,0.0,1
404.201,0,0,0.0,0.0,1
404.201,0,0,0.0,0.0,1
404.301,0,0,0.0,0.0,1
404.301,0,0,0.0,0.0,1
404.301,0,0,0.0,0.0,1
404.401,0,0,0.0,0.0,1
404.401,0,0,0.0,0.0,1
404.501,0,0,0.0,0.0,1
404.501,0,0,0.0,0.0,1
404.501,0,0,0.0,0.0,1
404.601,0,0,0.0,0.0,1
404.601,0,0,0.0,0.0,1
404.701,0,0,0.0,0.0,1
404.701,0,0,0.0,0.0,1
404.701,0,0,0.0,0.0,1
404.801,0,0,0.0,0.0,1
404.801,0,0,0.0,0.0,1
404.801,0,0,0.0,0.0,1
404.901,0,0,0.0,0.0,1
404.901,0,0,0.0,0.0,1
405.001,0,0,0.0,0.0,1
405.001,0,0,0.0,0.0,1
405.001,0,0,0.0,0.0,1
405.101,0,0,0.0,0.0,1
405.101,0,0,0.0,0.0,1
405.201,0,0,0.0,0.0,1
405.201,0,0,0.0,0.0,1
405.201,0,0,0.0,0.0,1
405.301,0,0,0.0,0.0,1
405.301,0,0,0.0,0.0,1
405.301,0,0,0.0,0.0,1
405.401,0,0,0.0,0.0,1
405.401,0,0,0.0,0.0,1
405.501,0,0,0.0,0.0,1
405.501,0,0,0.0,0.0,1
405.501,0,0,0.0,0.0,1
405.601,0,0,0.0,0.0,1
405.601,0,0,0.0,0.0,1
405.701,0,0,0.0,0.0,1
405.701,0,0,0.0,0.0,1
405.701,0,0,0.0,0.0,1
405.801,0,0,0.0,0.0,1
405.801,0,0,0.0,0.0,1
405.801,0,0,0.0,0.0,1
405.901,0,0,0.0,0.0,1
405.901,0,0,0.0,0.0,1
406.001,0,0,0.0,0.0,1
406.001,0,0,0.0,0.0,1
406.001,0,0,0.0,0.0,1
406.101,0,0,0.0,0.0,1
406.101,0,0,0.0,0.0,1
406.101,0,0,0.0,0.0,1
406.201,0,0,0.0,0.0,1
406.201,0,0,0.0,0.0,1
406.301,0,0,0.0,0.0,1
406.301,0,0,0.0,0.0,1
406.301,0,0,0.0,0.0,1
406.401,0,0,0.0,0.0,1
406.401,0,0,0.0,0.0,1
406.501,0,0,0.0,0.0,1
406.501,0,0,0.0,0.0,1
406.501,0,0,0.0,0.0,1
406.601,0,0,0.0,0.0,1
406.601,0,0,0.0,0.0,1
406.601,0,0,0.0,0.0,1
406.701,0,0,0.0,0.0,1
406.701,0,0,0.0,0.0,1
406.801,0,0,0.0,0.0,1
406.801,0,0,0.0,0.0,1
406.801,0,0,0.0,0.0,1
406.901,0,0,0.0,0.0,1
406.901,0,0,0.0,0.0,1
407.001,0,0,0.0,0.0,1
407.001,0,0,0.0,0.0,1
407.001,0,0,0.0,0.0,1
407.101,0,0,0.0,0.0,1
407.101,0,0,0.0,0.0,1
407.101,0,0,0.0,0.0,1
407.201,0,0,0.0,0.0,1
407.201,0,0,0.0,0.0,1
407.301,0,0,0.0,0.0,1
407.301,0,0,0.0,0.0,1
407.301,0,0,0.0,0.0,1
407.401,0,0,0.0,0.0,1
407.401,0,0,0.0,0.0,1
407.501,0,0,0.0,0.0,1
407.501,0,0,0.0,0.0,1
407.501,0,0,0.0,0.0,1
407.601,0,0,0.0,0.0,1
407.601,0,0,0.0,0.0,1
407.601,0,0,0.0,0.0,1
407.701,0,0,0.0,0.0,1
407.701,0,0,0.0,0.0,1
407.801,0,0,0.0,0.0,1
407.801,0,0,0.0,0.0,1
407.801,0,0,0.0,0.0,1
407.901,0,0,0.0,0.0,1
407.901,0,0,0.0,0.0,1
408.001,0,0,0.0,0.0,1
408.001,0,0,0.0,0.0,1
408.001,0,0,0.0,0.0,1
408.101,0,0,0.0,0.0,1
408.101,0,0,0.0,0.0,1
408.101,0,0,0.0,0.0,1
408.201,0,0,0.0,0.0,1
408.201,0,0,0.0,0.0,1
408.301,0,0,0.0,0.0,1
408.301,0,0,0.0,0.0,1
408.301,0,0,0.0,0.0,1
408.401,0,0,0.0,0.0,1
408.401,0,0,0.0,0.0,1
408.401,0,0,0.0,0.0,1
408.501,0,0,0.0,0.0,1
408.501,0,0,0.0,0.0,1
408.601,0,0,0.0,0.0,1
408.601,0,0,0.0,0.0,1
408.601,0,0,0.0,0.0,1
408.701,0,0,0.0,0.0,1
408.701,0,0,0.0,0.0,1
408.801,0,0,0.0,0.0,1
408.801,0,0,0.0,0.0,1
408.801,0,0,0.0,0.0,1
408.901,0,0,0.0,0.0,1
408.901,0,0,0.0,0.0,1
408.901,0,0,0.0,0.0,1
409.001,0,0,0.0,0.0,1
409.001,0,0,0.0,0.0,1
409.101,0,0,0.0,0.0,1
409.101,0,0,0.0,0.0,1
409.101,0,0,0.0,0.0,1
409.201,0,0,0.0,0.0,1
409.201,0,0,0.0,0.0,1
409.301,0,0,0.0,0.0,1
409.301,0,0,0.0,0.0,1
409.301,0,0,0.0,0.0,1
409.401,0,0,0.0,0.0,1
409.401,0,0,0.0,0.0,1
409.401,0,0,0.0,0.0,1
409.501,0,0,0.0,0.0,1
409.501,0,0,0.0,0.0,1
409.601,0,0,0.0,0.0,1
409.601,0,0,0.0,0.0,1
409.601,0,0,0.0,0.0,1
409.701,0,0,0.0,0.0,1
409.701,0,0,0.0,0.0,1
409.801,0,0,0.0,0.0,1
409.801,0,0,0.0,0.0,1
409.801,0,0,0.0,0.0,1
409.901,0,0,0.0,0.0,1
409.901,0,0,0.0,0.0,1
409.901,0,0,0.0,0.0,1
410.001,0,0,0.0,0.0,1
410.001,0,0,0.0,0.0,1
410.101,0,0,0.0,0.0,1
410.101,0,0,0.0,0.0,1
410.101,0,0,0.0,0.0,1
410.201,0,0,0.0,0.0,1
410.201,0,0,0.0,0.0,1
410.201,0,0,0.0,0.0,1
410.301,0,0,0.0,0.0,1
410.301,0,0,0.0,0.0,1
410.401,0,0,0.0,0.0,1
410.401,0,0,0.0,0.0,1
410.401,0,0,0.0,0.0,1
410.501,0,0,0.0,0.0,1
410.501,0,0,0.0,0.0,1
410.601,0,0,0.0,0.0,1
410.601,0,0,0.0,0.0,1
410.601,0,0,0.0,0.0,1
410.701,0,0,0.0,0.0,1
410.701,0,0,0.0,0.0,1
410.701,0,0,0.0,0.0,1
410.801,0,0,0.0,0.0,1
410.801,0,0,0.0,0.0,1
410.901,0,0,0.0,0.0,1
410.901,0,0,0.0,0.0,1
410.901,0,0,0.0,0.0,1
411.001,0,0,0.0,0.0,1
411.001,0,0,0.0,0.0,1
411.101,0,0,0.0,0.0,1
411.101,0,0,0.0,0.0,1
411.101,0,0,0.0,0.0,1
411.201,0,0,0.0,0.0,1
411.201,0,0,0.0,0.0,1
411.201,0,0,0.0,0.0,1
411.301,0,0,0.0,0.0,1
411.301,0,0,0.0,0.0,1
411.401,0,0,0.0,0.0,1
411.401,0,0,0.0,0.0,1
411.401,0,0,0.0,0.0,1
411.501,0,0,0.0,0.0,1
411.501,0,0,0.0,0.0,1
411.601,0,0,0.0,0.0,1
411.601,0,0,0.0,0.0,1
411.601,0,0,0.0,0.0,1
411.701,0,0,0.0,0.0,1
411.701,0,0,0.0,0.0,1
411.701,0,0,0.0,0.0,1
411.801,0,0,0.0,0.0,1
411.801,0,0,0.0,0.0,1
411.901,0,0,0.0,0.0,1
411.901,0,0,0.0,0.0,1
411.901,0,0,0.0,0.0,1
412.001,0,0,0.0,0.0,1
412.001,0,0,0.0,0.0,1
412.101,0,0,0.0,0.0,1
412.101,0,0,0.0,0.0,1
412.101,0,0,0.0,0.0,1
412.201,0,0,0.0,0.0,1
412.201,0,0,0.0,0.0,1
412.201,0,0,0.0,0.0,1
412.301,0,0,0.0,0.0,1
412.301,0,0,0.0,0.0,1
412.401,0,0,0.0,0.0,1
412.401,0,0,0.0,0.0,1
412.401,0,0,0.0,0.0,1
412.501,0,0,0.0,0.0,1
412.501,0,0,0.0,0.0,1
412.501,0,0,0.0,0.0,1
412.601,0,0,0.0,0.0,1
412.601,0,0,0.0,0.0,1
412.701,0,0,0.0,0.0,1
412.701,0,0,0.0,0.0,1
412.701,0,0,0.0,0.0,1
412.801,0,0,0.0,0.0,1
412.801,0,0,0.0,0.0,1
412.901,0,0,0.0,0.0,1
412.901,0,0,0.0,0.0,1
412.901,0,0,0.0,0.0,1
413.001,0,0,0.0,0.0,1
413.001,0,0,0.0,0.0,1
413.001,0,0,0.0,0.0,1
413.101,0,0,0.0,0.0,1
413.101,0,0,0.0,0.0,1
413.201,0,0,0.0,0.0,1
413.201,0,0,0.0,0.0,1
413.201,0,0,0.0,0.0,1
413.301,0,0,0.0,0.0,1
413.301,0,0,0.0,0.0,1
413.401,0,0,0.0,0.0,1
413.401,0,0,0.0,0.0,1
413.401,0,0,0.0,0.0,1
413.501,0,0,0.0,0.0,1
413.501,0,0,0.0,0.0,1
413.501,0,0,0.0,0.0,1
413.601,0,0,0.0,0.0,1
413.601,0,0,0.0,0.0,1
413.701,0,0,0.0,0.0,1
413.701,0,0,0.0,0.0,1
413.701,0,0,0.0,0.0,1
413.801,0,0,0.0,0.0,1
413.801,0,0,0.0,0.0,1
413.901,0,0,0.0,0.0,1
413.901,0,0,0.0,0.0,1
413.901,0,0,0.0,0.0,1
414.001,0,0,0.0,0.0,1
414.001,0,0,0.0,0.0,1
414.001,0,0,0.0,0.0,1
414.101,0,0,0.0,0.0,1
414.101,0,0,0.0,0.0,1
414.201,0,0,0.0,0.0,1
414.201,0,0,0.0,0.0,1
414.201,0,0,0.0,0.0,1
414.301,0,0,0.0,0.0,1
414.301,0,0,0.0,0.0,1
414.401,0,0,0.0,0.0,1
414.401,0,0,0.0,0.0,1
414.401,0,0,0.0,0.0,1
414.501,0,0,0.0,0.0,1
414.501,0,0,0.0,0.0,1
414.501,0,0,0.0,0.0,1
414.601,0,0,0.0,0.0,1
414.601,0,0,0.0,0.0,1
414.701,0,0,0.0,0.0,1
414.701,0,0,0.0,0.0,1
414.701,0,0,0.0,0.0,1
414.801,0,0,0.0,0.0,1
414.801,0,0,0.0,0.0,1
414.801,0,0,0.0,0.0,1
414.901,0,0,0.0,0.0,1
414.901,0,0,0.0,0.0,1
415.001,0,0,0.0,0.0,1
415.001,0,0,0.0,0.0,1
415.001,0,0,0.0,0.0,1
415.101,0,0,0.0,0.0,1
415.101,0,0,0.0,0.0,1
415.201,0,0,0.0,0.0,1
415.201,0,0,0.0,0.0,1
415.201,0,0,0.0,0.0,1
415.301,0,0,0.0,0.0,1
415.301,0,0,0.0,0.0,1
415.301,0,0,0.0,0.0,1
415.401,0,0,0.0,0.0,1
415.401,0,0,0.0,0.0,1
415.501,0,0,0.0,0.0,1
415.501,0,0,0.0,0.0,1
415.501,0,0,0.0,0.0,1
415.601,0,0,0.0,0.0,1
415.601,0,0,0.0,0.0,1
415.701,0,0,0.0,0.0,1
415.701,0,0,0.0,0.0,1
415.701,0,0,0.0,0.0,1
415.801,0,0,0.0,0.0,1
415.801,0,0,0.0,0.0,1
415.801,0,0,0.0,0.0,1
415.901,0,0,0.0,0.0,1
415.901,0,0,0.0,0.0,1
416.001,0,0,0.0,0.0,1
416.001,0,0,0.0,0.0,1
416.001,0,0,0.0,0.0,1
416.101,0,0,0.0,0.0,1
416.101,0,0,0.0,0.0,1
416.201,0,0,0.0,0.0,1
416.201,0,0,0.0,0.0,1
416.201,0,0,0.0,0.0,1
416.301,0,0,0.0,0.0,1
416.301,0,0,0.0,0.0,1
416.301,0,0,0.0,0.0,1
416.401,0,0,0.0,0.0,1
416.401,0,0,0.0,0.0,1
416.501,0,0,0.0,0.0,1
416.501,0,0,0.0,0.0,1
416.501,0,0,0.0,0.0,1
416.601,0,0,0.0,0.0,1
416.601,0,0,0.0,0.0,1
416.701,0,0,0.0,0.0,1
416.701,0,0,0.0,0.0,1
416.701,0,0,0.0,0.0,1
416.801,0,0,0.0,0.0,1
416.801,0,0,0.0,0.0,1
416.801,0,0,0.0,0.0,1
416.901,0,0,0.0,0.0,1
416.901,0,0,0.0,0.0,1
417.001,0,0,0.0,0.0,1
417.001,0,0,0.0,0.0,1
417.001,0,0,0.0,0.0,1
417.101,0,0,0.0,0.0,1
417.101,0,0,0.0,0.0,1
417.101,0,0,0.0,0.0,1
417.201,0,0,0.0,0.0,1
417.201,0,0,0.0,0.0,1
417.301,0,0,0.0,0.0,1
417.301,0,0,0.0,0.0,1
417.301,0,0,0.0,0.0,1
417.401,0,0,0.0,0.0,1
417.401,0,0,0.0,0.0,1
417.501,0,0,0.0,0.0,1
417.501,0,0,0.0,0.0,1
417.501,0,0,0.0,0.0,1
417.601,0,0,0.0,0.0,1
417.601,0,0,0.0,0.0,1
417.601,0,0,0.0,0.0,1
417.701,0,0,0.0,0.0,1
417.701,0,0,0.0,0.0,1
417.801,0,0,0.0,0.0,1
417.801,0,0,0.0,0.0,1
417.801,0,0,0.0,0.0,1
417.901,0,0,0.0,0.0,1
417.901,0,0,0.0,0.0,1
418.001,0,0,0.0,0.0,1
418.001,0,0,0.0,0.0,1
418.001,0,0,0.0,0.0,1
418.101,0,0,0.0,0.0,1
418.101,0,0,0.0,0.0,1
418.101,0,0,0.0,0.0,1
418.201,0,0,0.0,0.0,1
418.201,0,0,0.0,0.0,1
418.301,0,0,0.0,0.0,1
418.301,0,0,0.0,0.0,1
418.301,0,0,0.0,0.0,1
418.401,0,0,0.0,0.0,1
418.401,0,0,0.0,0.0,1
418.501,0,0,0.0,0.0,1
418.501,0,0,0.0,0.0,1
418.501,0,0,0.0,0.0,1
418.601,0,0,0.0,0.0,1
418.601,0,0,0.0,0.0,1
418.601,0,0,0.0,0.0,1
418.701,0,0,0.0,0.0,1
418.701,0,0,0.0,0.0,1
418.801,0,0,0.0,0.0,1
418.801,0,0,0.0,0.0,1
418.801,0,0,0.0,0.0,1
418.901,0,0,0.0,0.0,1
418.901,0,0,0.0,0.0,1
419.001,0,0,0.0,0.0,1
419.001,0,0,0.0,0.0,1
419.001,0,0,0.0,0.0,1
419.101,0,0,0.0,0.0,1
419.101,0,0,0.0,0.0,1
419.101,0,0,0.0,0.0,1
419.201,0,0,0.0,0.0,1
419.201,0,0,0.0,0.0,1
419.301,0,0,0.0,0.0,1
419.301,0,0,0.0,0.0,1
419.301,0,0,0.0,0.0,1
419.401,0,0,0.0,0.0,1
419.401,0,0,0.0,0.0,1
419.401,0,0,0.0,0.0,1
419.501,0,0,0.0,0.0,1
419.501,0,0,0.0,0.0,1
419.601,0,0,0.0,0.0,1
419.601,0,0,0.0,0.0,1
419.601,0,0,0.0,0.0,1
419.701,0,0,0.0,0.0,1
419.701,0,0,0.0,0.0,1
419.801,0,0,0.0,0.0,1
419.801,0,0,0.0,0.0,1
419.801,0,0,0.0,0.0,1
419.901,0,0,0.0,0.0,1
419.901,0,0,0.0,0.0,1
419.901,0,0,0.0,0.0,1
420.001,0,0,0.0,0.0,1
420.001,0,0,0.0,0.0,1
420.101,0,0,0.0,0.0,1
420.101,0,0,0.0,0.0,1
420.101,0,0,0.0,0.0,1
420.201,0,0,0.0,0.0,1
420.201,0,0,0.0,0.0,1
420.301,0,0,0.0,0.0,1
420.301,0,0,0.0,0.0,1
420.301,0,0,0.0,0.0,1
420.401,0,0,0.0,0.0,1
420.401,0,0,0.0,0.0,1
420.401,0,0,0.0,0.0,1
420.501,0,0,0.0,0.0,1
420.501,0,0,0.0,0.0,1
420.601,0,0,0.0,0.0,1
420.601,0,0,0.0,0.0,1
420.601,0,0,0.0,0.0,1
420.701,0,0,0.0,0.0,1
420.701,0,0,0.0,0.0,1
420.801,0,0,0.0,0.0,1
420.801,0,0,0.0,0.0,1
420.801,0,0,0.0,0.0,1
420.901,0,0,0.0,0.0,1
420.901,0,0,0.0,0.0,1
420.901,0,0,0.0,0.0,1
421.001,0,0,0.0,0.0,1
421.001,0,0,0.0,0.0,1
421.101,0,0,0.0,0.0,1
421.101,0,0,0.0,0.0,1
421.101,0,0,0.0,0.0,1
421.201,0,0,0.0,0.0,1
421.201,0,0,0.0,0.0,1
421.301,0,0,0.0,0.0,1
421.301,0,0,0.0,0.0,1
421.301,0,0,0.0,0.0,1
421.401,0,0,0.0,0.0,1
421.401,0,0,0.0,0.0,1
421.401,0,0,0.0,0.0,1
421.501,0,0,0.0,0.0,1
421.501,0,0,0.0,0.0,1
421.601,0,0,0.0,0.0,1
421.601,0,0,0.0,0.0,1
421.601,0,0,0.0,0.0,1
421.701,0,0,0.0,0.0,1
421.701,0,0,0.0,0.0,1
421.701,0,0,0.0,0.0,1
421.801,0,0,0.0,0.0,1
421.801,0,0,0.0,0.0,1
421.901,0,0,0.0,0.0,1
421.901,0,0,0.0,0.0,1
421.901,0,0,0.0,0.0,1
422.001,0,0,0.0,0.0,1
422.001,0,0,0.0,0.0,1
422.101,0,0,0.0,0.0,1
422.101,0,0,0.0,0.0,1
422.101,0,0,0.0,0.0,1
422.201,0,0,0.0,0.0,1
422.201,0,0,0.0,0.0,1
422.201,0,0,0.0,0.0,1
422.301,0,0,0.0,0.0,1
422.301,0,0,0.0,0.0,1
422.401,0,0,0.0,0.0,1
422.401,0,0,0.0,0.0,1
422.401,0,0,0.0,0.0,1
422.501,0,0,0.0,0.0,1
422.501,0,0,0.0,0.0,1
422.601,0,0,0.0,0.0,1
422.601,0,0,0.0,0.0,1
422.601,0,0,0.0,0.0,1
422.701,0,0,0.0,0.0,1
422.701,0,0,0.0,0.0,1
422.701,0,0,0.0,0.0,1
422.801,0,0,0.0,0.0,1
422.801,0,0,0.0,0.0,1
422.901,0,0,0.0,0.0,1
422.901,0,0,0.0,0.0,1
422.901,0,0,0.0,0.0,1
423.001,0,0,0.0,0.0,1
423.001,0,0,0.0,0.0,1
423.101,0,0,0.0,0.0,1
423.101,0,0,0.0,0.0,1
423.101,0,0,0.0,0.0,1
423.201,0,0,0.0,0.0,1
423.201,0,0,0.0,0.0,1
423.201,0,0,0.0,0.0,1
423.301,0,0,0.0,0.0,1
423.301,0,0,0.0,0.0,1
423.401,0,0,0.0,0.0,1
423.401,0,0,0.0,0.0,1
423.401,0,0,0.0,0.0,1
423.501,0,0,0.0,0.0,1
423.501,0,0,0.0,0.0,1
423.601,0,0,0.0,0.0,1
423.601,0,0,0.0,0.0,1
423.601,0,0,0.0,0.0,1
423.701,0,0,0.0,0.0,1
423.701,0,0,0.0,0.0,1
423.701,0,0,0.0,0.0,1
423.801,0,0,0.0,0.0,1
423.801,0,0,0.0,0.0,1
423.901,0,0,0.0,0.0,1
423.901,0,0,0.0,0.0,1
423.901,0,0,0.0,0.0,1
424.001,0,0,0.0,0.0,1
424.001,0,0,0.0,0.0,1
424.001,0,0,0.0,0.0,1
424.101,0,0,0.0,0.0,1
424.101,0,0,0.0,0.0,1
424.201,0,0,0.0,0.0,1
424.201,0,0,0.0,0.0,1
424.201,0,0,0.0,0.0,1
424.301,0,0,0.0,0.0,1
424.301,0,0,0.0,0.0,1
424.401,0,0,0.0,0.0,1
424.401,0,0,0.0,0.0,1
424.401,0,0,0.0,0.0,1
424.501,0,0,0.0,0.0,1
424.501,0,0,0.0,0.0,1
424.501,0,0,0.0,0.0,1
424.601,0,0,0.0,0.0,1
424.601,0,0,0.0,0.0,1
424.701,0,0,0.0,0.0,1
424.701,0,0,0.0,0.0,1
424.701,0,0,0.0,0.0,1
424.801,0,0,0.0,0.0,1
424.801,0,0,0.0,0.0,1
424.901,0,0,0.0,0.0,1
424.901,0,0,0.0,0.0,1
424.901,0,0,0.0,0.0,1
425.001,0,0,0.0,0.0,1
425.001,0,0,0.0,0.0,1
425.001,0,0,0.0,0.0,1
425.101,0,0,0.0,0.0,1
425.101,0,0,0.0,0.0,1
425.201,0,0,0.0,0.0,1
425.201,0,0,0.0,0.0,1
425.201,0,0,0.0,0.0,1
425.301,0,0,0.0,0.0,1
425.301,0,0,0.0,0.0,1
425.401,0,0,0.0,0.0,1
425.401,0,0,0.0,0.0,1
425.401,0,0,0.0,0.0,1
425.501,0,0,0.0,0.0,1
425.501,0,0,0.0,0.0,1
425.501,0,0,0.0,0.0,1
425.601,0,0,0.0,0.0,1
425.601,0,0,0.0,0.0,1
425.701,0,0,0.0,0.0,1
425.701,0,0,0.0,0.0,1
425.701,0,0,0.0,0.0,1
425.801,0,0,0.0,0.0,1
425.801,0,0,0.0,0.0,1
425.901,0,0,0.0,0.0,1
425.901,0,0,0.0,0.0,1
425.901,0,0,0.0,0.0,1
426.001,0,0,0.0,0.0,1
426.001,0,0,0.0,0.0,1
426.001,0,0,0.0,0.0,1
426.101,0,0,0.0,0.0,1
426.101,0,0,0.0,0.0,1
426.201,0,0,0.0,0.0,1
426.201,0,0,0.0,0.0,1
426.201,0,0,0.0,0.0,1
426.301,0,0,0.0,0.0,1
426.301,0,0,0.0,0.0,1
426.301,0,0,0.0,0.0,1
426.401,0,0,0.0,0.0,1
426.401,0,0,0.0,0.0,1
426.501,0,0,0.0,0.0,1
426.501,0,0,0.0,0.0,1
426.501,0,0,0.0,0.0,1
426.601,0,0,0.0,0.0,1
426.601,0,0,0.0,0.0,1
426.701,0,0,0.0,0.0,1
426.701,0,0,0.0,0.0,1
426.701,0,0,0.0,0.0,1
426.801,0,0,0.0,0.0,1
426.801,0,0,0.0,0.0,1
426.801,0,0,0.0,0.0,1
426.901,0,0,0.0,0.0,1
426.901,0,0,0.0,0.0,1
427.001,0,0,0.0,0.0,1
427.001,0,0,0.0,0.0,1
427.001,0,0,0.0,0.0,1
427.101,0,0,0.0,0.0,1
427.101,0,0,0.0,0.0,1
427.201,0,0,0.0,0.0,1
427.201,0,0,0.0,0.0,1
427.201,0,0,0.0,0.0,1
427.301,0,0,0.0,0.0,1
427.301,0,0,0.0,0.0,1
427.301,0,0,0.0,0.0,1
427.401,0,0,0.0,0.0,1
427.401,0,0,0.0,0.0,1
427.501,0,0,0.0,0.0,1
427.501,0,0,0.0,0.0,1
427.501,0,0,0.0,0.0,1
427.601,0,0,0.0,0.0,1
427.601,0,0,0.0,0.0,1
427.701,0,0,0.0,0.0,1
427.701,0,0,0.0,0.0,1
427.701,0,0,0.0,0.0,1
427.801,0,0,0.0,0.0,1
427.801,0,0,0.0,0.0,1
427.801,0,0,0.0,0.0,1
427.901,0,0,0.0,0.0,1
427.901,0,0,0.0,0.0,1
428.001,0,0,0.0,0.0,1
428.001,0,0,0.0,0.0,1
428.001,0,0,0.0,0.0,1
428.101,0,0,0.0,0.0,1
428.101,0,0,0.0,0.0,1
428.201,0,0,0.0,0.0,1
428.201,0,0,0.0,0.0,1
428.201,0,0,0.0,0.0,1
428.301,0,0,0.0,0.0,1
428.301,0,0,0.0,0.0,1
428.301,0,0,0.0,0.0,1
428.401,0,0,0.0,0.0,1
428.401,0,0,0.0,0.0,1
428.501,0,0,0.0,0.0,1
428.501,0,0,0.0,0.0,1
428.501,0,0,0.0,0.0,1
428.601,0,0,0.0,0.0,1
428.601,0,0,0.0,0.0,1
428.601,0,0,0.0,0.0,1
428.701,0,0,0.0,0.0,1
428.701,0,0,0.0,0.0,1
428.801,0,0,0.0,0.0,1
428.801,0,0,0.0,0.0,1
428.801,0,0,0.0,0.0,1
428.901,0,0,0.0,0.0,1
428.901,0,0,0.0,0.0,1
429.001,0,0,0.0,0.0,1
429.001,0,0,0.0,0.0,1
429.001,0,0,0.0,0.0,1
429.101,0,0,0.0,0.0,1
429.101,0,0,0.0,0.0,1
429.101,0,0,0.0,0.0,1
429.201,0,0,0.0,0.0,1
429.201,0,0,0.0,0.0,1
429.301,0,0,0.0,0.0,1
429.301,0,0,0.0,0.0,1
429.301,0,0,0.0,0.0,1
429.401,0,0,0.0,0.0,1
429.401,0,0,0.0,0.0,1
429.501,0,0,0.0,0.0,1
429.501,0,0,0.0,0.0,1
429.501,0,0,0.0,0.0,1
429.601,0,0,0.0,0.0,1
429.601,0,0,0.0,0.0,1
429.601,0,0,0.0,0.0,1
429.701,0,0,0.0,0.0,1
429.701,0,0,0.0,0.0,1
429.801,0,0,0.0,0.0,1
429.801,0,0,0.0,0.0,1
429.801,0,0,0.0,0.0,1
429.901,0,0,0.0,0.0,1
429.901,0,0,0.0,0.0,1
430.001,0,0,0.0,0.0,1
430.001,0,0,0.0,0.0,1
430.001,0,0,0.0,0.0,1
430.101,0,0,0.0,0.0,1
430.101,0,0,0.0,0.0,1
430.101,0,0,0.0,0.0,1
430.201,0,0,0.0,0.0,1
430.201,0,0,0.0,0.0,1
430.301,0,0,0.0,0.0,1
430.301,0,0,0.0,0.0,1
430.301,0,0,0.0,0.0,1
430.401,0,0,0.0,0.0,1
430.401,0,0,0.0,0.0,1
430.501,0,0,0.0,0.0,1
430.501,0,0,0.0,0.0,1
430.501,0,0,0.0,0.0,1
430.601,0,0,0.0,0.0,1
430.601,0,0,0.0,0.0,1
430.601,0,0,0.0,0.0,1
430.701,0,0,0.0,0.0,1
430.701,0,0,0.0,0.0,1
430.801,0,0,0.0,0.0,1
430.801,0,0,0.0,0.0,1
430.801,0,0,0.0,0.0,1
430.901,0,0,0.0,0.0,1
430.901,0,0,0.0,0.0,1
430.901,0,0,0.0,0.0,1
431.001,0,0,0.0,0.0,1
431.001,0,0,0.0,0.0,1
431.101,0,0,0.0,0.0,1
431.101,0,0,0.0,0.0,1
431.101,0,0,0.0,0.0,1
431.201,0,0,0.0,0.0,1
431.201,0,0,0.0,0.0,1
431.301,0,0,0.0,0.0,1
431.301,0,0,0.0,0.0,1
431.301,0,0,0.0,0.0,1
431.401,0,0,0.0,0.0,1
431.401,0,0,0.0,0.0,1
431.401,0,0,0.0,0.0,1
431.501,0,0,0.0,0.0,1
431.501,0,0,0.0,0.0,1
431.601,0,0,0.0,0.0,1
431.601,0,0,0.0,0.0,1
431.601,0,0,0.0,0.0,1
431.701,0,0,0.0,0.0,1
431.701,0,0,0.0,0.0,1
431.801,0,0,0.0,0.0,1
431.801,0,0,0.0,0.0,1
431.801,0,0,0.0,0.0,1
431.901,0,0,0.0,0.0,1
431.901,0,0,0.0,0.0,1
431.901,0,0,0.0,0.0,1
432.001,0,0,0.0,0.0,1
432.001,0,0,0.0,0.0,1
432.101,0,0,0.0,0.0,1
432.101,0,0,0.0,0.0,1
432.101,0,0,0.0,0.0,1
432.201,0,0,0.0,0.0,1
432.201,0,0,0.0,0.0,1
432.301,0,0,0.0,0.0,1
432.301,0,0,0.0,0.0,1
432.301,0,0,0.0,0.0,1
432.401,0,0,0.0,0.0,1
432.401,0,0,0.0,0.0,1
432.401,0,0,0.0,0.0,1
432.501,0,0,0.0,0.0,1
432.501,0,0,0.0,0.0,1
432.601,0,0,0.0,0.0,1
432.601,0,0,0.0,0.0,1
432.601,0,0,0.0,0.0,1
432.701,0,0,0.0,0.0,1
432.701,0,0,0.0,0.0,1
432.801,0,0,0.0,0.0,1
432.801,0,0,0.0,0.0,1
432.801,0,0,0.0,0.0,1
432.901,0,0,0.0,0.0,1
432.901,0,0,0.0,0.0,1
432.901,0,0,0.0,0.0,1
433.001,0,0,0.0,0.0,1
433.001,0,0,0.0,0.0,1
433.101,0,0,0.0,0.0,1
433.101,0,0,0.0,0.0,1
433.101,0,0,0.0,0.0,1
433.201,0,0,0.0,0.0,1
433.201,0,0,0.0,0.0,1
433.201,0,0,0.0,0.0,1
433.301,0,0,0.0,0.0,1
433.301,0,0,0.0,0.0,1
433.401,0,0,0.0,0.0,1
433.401,0,0,0.0,0.0,1
433.401,0,0,0.0,0.0,1
433.501,0,0,0.0,0.0,1
433.501,0,0,0.0,0.0,1
433.601,0,0,0.0,0.0,1
433.601,0,0,0.0,0.0,1
433.601,0,0,0.0,0.0,1
433.701,0,0,0.0,0.0,1
433.701,0,0,0.0,0.0,1
433.701,0,0,0.0,0.0,1
433.801,0,0,0.0,0.0,1
433.801,0,0,0.0,0.0,1
433.901,0,0,0.0,0.0,1
433.901,0,0,0.0,0.0,1
433.901,0,0,0.0,0.0,1
434.001,0,0,0.0,0.0,1
434.001,0,0,0.0,0.0,1
434.101,0,0,0.0,0.0,1
434.101,0,0,0.0,0.0,1
434.101,0,0,0.0,0.0,1
434.201,0,0,0.0,0.0,1
434.201,0,0,0.0,0.0,1
434.201,0,0,0.0,0.0,1
434.301,0,0,0.0,0.0,1
434.301,0,0,0.0,0.0,1
434.401,0,0,0.0,0.0,1
434.401,0,0,0.0,0.0,1
434.401,0,0,0.0,0.0,1
434.501,0,0,0.0,0.0,1
434.501,0,0,0.0,0.0,1
434.601,0,0,0.0,0.0,1
434.601,0,0,0.0,0.0,1
434.601,0,0,0.0,0.0,1
434.701,0,0,0.0,0.0,1
434.701,0,0,0.0,0.0,1
434.701,0,0,0.0,0.0,1
434.801,0,0,0.0,0.0,1
434.801,0,0,0.0,0.0,1
434.901,0,0,0.0,0.0,1
434.901,0,0,0.0,0.0,1
434.901,0,0,0.0,0.0,1
435.001,0,0,0.0,0.0,1
435.001,0,0,0.0,0.0,1
435.101,0,0,0.0,0.0,1
435.101,0,0,0.0,0.0,1
435.101,0,0,0.0,0.0,1
435.201,0,0,0.0,0.0,1
435.201,0,0,0.0,0.0,1
435.201,0,0,0.0,0.0,1
435.301,0,0,0.0,0.0,1
435.301,0,0,0.0,0.0,1
435.401,0,0,0.0,0.0,1
435.401,0,0,0.0,0.0,1
435.401,0,0,0.0,0.0,1
435.501,0,0,0.0,0.0,1
435.501,0,0,0.0,0.0,1
435.501,0,0,0.0,0.0,1
435.601,0,0,0.0,0.0,1
435.601,0,0,0.0,0.0,1
435.701,0,0,0.0,0.0,1
435.701,0,0,0.0,0.0,1
435.701,0,0,0.0,0.0,1
435.801,0,0,0.0,0.0,1
435.801,0,0,0.0,0.0,1
435.901,0,0,0.0,0.0,1
435.901,0,0,0.0,0.0,1
435.901,0,0,0.0,0.0,1
436.001,0,0,0.0,0.0,1
436.001,0,0,0.0,0.0,1
436.001,0,0,0.0,0.0,1
436.101,0,0,0.0,0.0,1
436.101,0,0,0.0,0.0,1
436.201,0,0,0.0,0.0,1
436.201,0,0,0.0,0.0,1
436.201,0,0,0.0,0.0,1
436.301,0,0,0.0,0.0,1
436.301,0,0,0.0,0.0,1
436.401,0,0,0.0,0.0,1
436.401,0,0,0.0,0.0,1
436.401,0,0,0.0,0.0,1
436.501,0,0,0.0,0.0,1
436.501,0,0,0.0,0.0,1
436.501,0,0,0.0,0.0,1
436.601,0,0,0.0,0.0,1
436.601,0,0,0.0,0.0,1
436.701,0,0,0.0,0.0,1
436.701,0,0,0.0,0.0,1
436.701,0,0,0.0,0.0,1
436.801,0,0,0.0,0.0,1
436.801,0,0,0.0,0.0,1
436.901,0,0,0.0,0.0,1
436.901,0,0,0.0,0.0,1
436.901,0,0,0.0,0.0,1
437.001,0,0,0.0,0.0,1
437.001,0,0,0.0,0.0,1
437.001,0,0,0.0,0.0,1
437.101,0,0,0.0,0.0,1
437.101,0,0,0.0,0.0,1
437.201,0,0,0.0,0.0,1
437.201,0,0,0.0,0.0,1
437.201,0,0,0.0,0.0,1
437.301,0,0,0.0,0.0,1
437.301,0,0,0.0,0.0,1
437.401,0,0,0.0,0.0,1
437.401,0,0,0.0,0.0,1
437.401,0,0,0.0,0.0,1
437.501,0,0,0.0,0.0,1
437.501,0,0,0.0,0.0,1
437.501,0,0,0.0,0.0,1
437.601,0,0,0.0,0.0,1
437.601,0,0,0.0,0.0,1
437.701,0,0,0.0,0.0,1
437.701,0,0,0.0,0.0,1
437.701,0,0,0.0,0.0,1
437.801,0,0,0.0,0.0,1
437.801,0,0,0.0,0.0,1
437.801,0,0,0.0,0.0,1
437.901,0,0,0.0,0.0,1
437.901,0,0,0.0,0.0,1
438.001,0,0,0.0,0.0,1
438.001,0,0,0.0,0.0,1
438.001,0,0,0.0,0.0,1
438.101,0,0,0.0,0.0,1
438.101,0,0,0.0,0.0,1
438.201,0,0,0.0,0.0,1
438.201,0,0,0.0,0.0,1
438.201,0,0,0.0,0.0,1
438.301,0,0,0.0,0.0,1
438.301,0,0,0.0,0.0,1
438.301,0,0,0.0,0.0,1
438.401,0,0,0.0,0.0,1
438.401,0,0,0.0,0.0,1
438.501,0,0,0.0,0.0,1
438.501,0,0,0.0,0.0,1
438.501,0,0,0.0,0.0,1
438.601,0,0,0.0,0.0,1
438.601,0,0,0.0,0.0,1
438.701,0,0,0.0,0.0,1
438.701,0,0,0.0,0.0,1
438.701,0,0,0.0,0.0,1
438.801,0,0,0.0,0.0,1
438.801,0,0,0.0,0.0,1
438.801,0,0,0.0,0.0,1
438.901,0,0,0.0,0.0,1
438.901,0,0,0.0,0.0,1
439.001,0,0,0.0,0.0,1
439.001,0,0,0.0,0.0,1
439.001,0,0,0.0,0.0,1
439.101,0,0,0.0,0.0,1
439.101,0,0,0.0,0.0,1
439.201,0,0,0.0,0.0,1
439.201,0,0,0.0,0.0,1
439.201,0,0,0.0,0.0,1
439.301,0,0,0.0,0.0,1
439.301,0,0,0.0,0.0,1
439.301,0,0,0.0,0.0,1
439.401,0,0,0.0,0.0,1
439.401,0,0,0.0,0.0,1
439.501,0,0,0.0,0.0,1
439.501,0,0,0.0,0.0,1
439.501,0,0,0.0,0.0,1
439.601,0,0,0.0,0.0,1
439.601,0,0,0.0,0.0,1
439.701,0,0,0.0,0.0,1
439.701,0,0,0.0,0.0,1
439.701,0,0,0.0,0.0,1
439.801,0,0,0.0,0.0,1
439.801,0,0,0.0,0.0,1
439.801,0,0,0.0,0.0,1
439.901,0,0,0.0,0.0,1
439.901,0,0,0.0,0.0,1
440.001,0,0,0.0,0.0,1
440.001,0,0,0.0,0.0,1
440.001,0,0,0.0,0.0,1
440.101,0,0,0.0,0.0,1
440.101,0,0,0.0,0.0,1
440.101,0,0,0.0,0.0,1
440.201,0,0,0.0,0.0,1
440.201,0,0,0.0,0.0,1
440.301,0,0,0.0,0.0,1
440.301,0,0,0.0,0.0,1
440.301,0,0,0.0,0.0,1
440.401,0,0,0.0,0.0,1
440.401,0,0,0.0,0.0,1
440.501,0,0,0.0,0.0,1
440.501,0,0,0.0,0.0,1
440.501,0,0,0.0,0.0,1
440.601,0,0,0.0,0.0,1
440.601,0,0,0.0,0.0,1
440.601,0,0,0.0,0.0,1
440.701,0,0,0.0,0.0,1
440.701,0,0,0.0,0.0,1
440.801,0,0,0.0,0.0,1
440.801,0,0,0.0,0.0,1
440.801,0,0,0.0,0.0,1
440.901,0,0,0.0,0.0,1
440.901,0,0,0.0,0.0,1
441.001,0,0,0.0,0.0,1
441.001,0,0,0.0,0.0,1
441.001,0,0,0.0,0.0,1
441.101,0,0,0.0,0.0,1
441.101,0,0,0.0,0.0,1
441.101,0,0,0.0,0.0,1
441.201,0,0,0.0,0.0,1
441.201,0,0,0.0,0.0,1
441.301,0,0,0.0,0.0,1
441.301,0,0,0.0,0.0,1
441.301,0,0,0.0,0.0,1
441.401,0,0,0.0,0.0,1
441.401,0,0,0.0,0.0,1
441.501,0,0,0.0,0.0,1
441.501,0,0,0.0,0.0,1
441.501,0,0,0.0,0.0,1
441.601,0,0,0.0,0.0,1
441.601,0,0,0.0,0.0,1
441.601,0,0,0.0,0.0,1
441.701,0,0,0.0,0.0,1
441.701,0,0,0.0,0.0,1
441.801,0,0,0.0,0.0,1
441.801,0,0,0.0,0.0,1
441.801,0,0,0.0,0.0,1
441.901,0,0,0.0,0.0,1
441.901,0,0,0.0,0.0,1
442.001,0,0,0.0,0.0,1
442.001,0,0,0.0,0.0,1
442.001,0,0,0.0,0.0,1
442.101,0,0,0.0,0.0,1
442.101,0,0,0.0,0.0,1
442.101,0,0,0.0,0.0,1
442.201,0,0,0.0,0.0,1
442.201,0,0,0.0,0.0,1
442.301,0,0,0.0,0.0,1
442.301,0,0,0.0,0.0,1
442.301,0,0,0.0,0.0,1
442.401,0,0,0.0,0.0,1
442.401,0,0,0.0,0.0,1
442.401,0,0,0.0,0.0,1
442.501,0,0,0.0,0.0,1
442.501,0,0,0.0,0.0,1
442.601,0,0,0.0,0.0,1
442.601,0,0,0.0,0.0,1
442.601,0,0,0.0,0.0,1
442.701,0,0,0.0,0.0,1
442.701,0,0,0.0,0.0,1
442.801,0,0,0.0,0.0,1
442.801,0,0,0.0,0.0,1
442.801,0,0,0.0,0.0,1
442.901,0,0,0.0,0.0,1
442.901,0,0,0.0,0.0,1
442.901,0,0,0.0,0.0,1
443.001,0,0,0.0,0.0,1
443.001,0,0,0.0,0.0,1
443.101,0,0,0.0,0.0,1
443.101,0,0,0.0,0.0,1
443.101,0,0,0.0,0.0,1
443.201,0,0,0.0,0.0,1
443.201,0,0,0.0,0.0,1
443.301,0,0,0.0,0.0,1
443.301,0,0,0.0,0.0,1
443.301,0,0,0.0,0.0,1
443.401,0,0,0.0,0.0,1
443.401,0,0,0.0,0.0,1
443.401,0,0,0.0,0.0,1
443.501,0,0,0.0,0.0,1
443.501,0,0,0.0,0.0,1
443.601,0,0,0.0,0.0,1
443.601,0,0,0.0,0.0,1
443.601,0,0,0.0,0.0,1
443.701,0,0,0.0,0.0,1
443.701,0,0,0.0,0.0,1
443.801,0,0,0.0,0.0,1
443.801,0,0,0.0,0.0,1
443.801,0,0,0.0,0.0,1
443.901,0,0,0.0,0.0,1
443.901,0,0,0.0,0.0,1
443.901,0,0,0.0,0.0,1
444.001,0,0,0.0,0.0,1
444.001,0,0,0.0,0.0,1
444.101,0,0,0.0,0.0,1
444.101,0,0,0.0,0.0,1
444.101,0,0,0.0,0.0,1
444.201,0,0,0.0,0.0,1
444.201,0,0,0.0,0.0,1
444.301,0,0,0.0,0.0,1
444.301,0,0,0.0,0.0,1
444.301,0,0,0.0,0.0,1
444.401,0,0,0.0,0.0,1
444.401,0,0,0.0,0.0,1
444.401,0,0,0.0,0.0,1
444.501,0,0,0.0,0.0,1
444.501,0,0,0.0,0.0,1
444.601,0,0,0.0,0.0,1
444.601,0,0,0.0,0.0,1
444.601,0,0,0.0,0.0,1
444.701,0,0,0.0,0.0,1
444.701,0,0,0.0,0.0,1
444.701,0,0,0.0,0.0,1
444.801,0,0,0.0,0.0,1
444.801,0,0,0.0,0.0,1
444.901,0,0,0.0,0.0,1
444.901,0,0,0.0,0.0,1
444.901,0,0,0.0,0.0,1
445.001,0,0,0.0,0.0,1
445.001,0,0,0.0,0.0,1
445.101,0,0,0.0,0.0,1
445.101,0,0,0.0,0.0,1
445.101,0,0,0.0,0.0,1
445.201,0,0,0.0,0.0,1
445.201,0,0,0.0,0.0,1
445.201,0,0,0.0,0.0,1
445.301,0,0,0.0,0.0,1
445.301,0,0,0.0,0.0,1
445.401,0,0,0.0,0.0,1
445.401,0,0,0.0,0.0,1
445.401,0,0,0.0,0.0,1
445.501,0,0,0.0,0.0,1
445.501,0,0,0.0,0.0,1
445.601,0,0,0.0,0.0,1
445.601,0,0,0.0,0.0,1
445.601,0,0,0.0,0.0,1
445.701,0,0,0.0,0.0,1
445.701,0,0,0.0,0.0,1
445.701,0,0,0.0,0.0,1
445.801,0,0,0.0,0.0,1
445.801,0,0,0.0,0.0,1
445.901,0,0,0.0,0.0,1
445.901,0,0,0.0,0.0,1
445.901,0,0,0.0,0.0,1
446.001,0,0,0.0,0.0,1
446.001,0,0,0.0,0.0,1
446.101,0,0,0.0,0.0,1
446.101,0,0,0.0,0.0,1
446.101,0,0,0.0,0.0,1
446.201,0,0,0.0,0.0,1
446.201,0,0,0.0,0.0,1
446.201,0,0,0.0,0.0,1
446.301,0,0,0.0,0.0,1
446.301,0,0,0.0,0.0,1
446.401,0,0,0.0,0.0,1
446.401,0,0,0.0,0.0,1
446.401,0,0,0.0,0.0,1
446.501,0,0,0.0,0.0,1
446.501,0,0,0.0,0.0,1
446.501,0,0,0.0,0.0,1
446.601,0,0,0.0,0.0,1
446.601,0,0,0.0,0.0,1
446.701,0,0,0.0,0.0,1
446.701,0,0,0.0,0.0,1
446.701,0,0,0.0,0.0,1
446.801,0,0,0.0,0.0,1
446.801,0,0,0.0,0.0,1
446.901,0,0,0.0,0.0,1
446.901,0,0,0.0,0.0,1
446.901,0,0,0.0,0.0,1
447.001,0,0,0.0,0.0,1
447.001,0,0,0.0,0.0,1
447.001,0,0,0.0,0.0,1
447.101,0,0,0.0,0.0,1
447.101,0,0,0.0,0.0,1
447.201,0,0,0.0,0.0,1
447.201,0,0,0.0,0.0,1
447.201,0,0,0.0,0.0,1
447.301,0,0,0.0,0.0,1
447.301,0,0,0.0,0.0,1
447.401,0,0,0.0,0.0,1
447.401,0,0,0.0,0.0,1
447.401,0,0,0.0,0.0,1
447.501,0,0,0.0,0.0,1
447.501,0,0,0.0,0.0,1
447.501,0,0,0.0,0.0,1
447.601,0,0,0.0,0.0,1
447.601,0,0,0.0,0.0,1
447.701,0,0,0.0,0.0,1
447.701,0,0,0.0,0.0,1
447.701,0,0,0.0,0.0,1
447.801,0,0,0.0,0.0,1
447.801,0,0,0.0,0.0,1
447.901,0,0,0.0,0.0,1
447.901,0,0,0.0,0.0,1
447.901,0,0,0.0,0.0,1
448.001,0,0,0.0,0.0,1
448.001,0,0,0.0,0.0,1
448.001,0,0,0.0,0.0,1
448.101,0,0,0.0,0.0,1
448.101,0,0,0.0,0.0,1
448.201,0,0,0.0,0.0,1
448.201,0,0,0.0,0.0,1
448.201,0,0,0.0,0.0,1
448.301,0,0,0.0,0.0,1
448.301,0,0,0.0,0.0,1
448.401,0,0,0.0,0.0,1
448.401,0,0,0.0,0.0,1
448.401,0,0,0.0,0.0,1
448.501,0,0,0.0,0.0,1
448.501,0,0,0.0,0.0,1
448.501,0,0,0.0,0.0,1
448.601,0,0,0.0,0.0,1
448.601,0,0,0.0,0.0,1
448.701,0,0,0.0,0.0,1
448.701,0,0,0.0,0.0,1
448.701,0,0,0.0,0.0,1
448.801,0,0,0.0,0.0,1
448.801,0,0,0.0,0.0,1
448.801,0,0,0.0,0.0,1
448.901,0,0,0.0,0.0,1
448.901,0,0,0.0,0.0,1
449.001,0,0,0.0,0.0,1
449.001,0,0,0.0,0.0,1
449.001,0,0,0.0,0.0,1
449.101,0,0,0.0,0.0,1
449.101,0,0,0.0,0.0,1
449.201,0,0,0.0,0.0,1
449.201,0,0,0.0,0.0,1
449.201,0,0,0.0,0.0,1
449.301,0,0,0.0,0.0,1
449.301,0,0,0.0,0.0,1
449.301,0,0,0.0,0.0,1
449.401,0,0,0.0,0.0,1
449.401,0,0,0.0,0.0,1
449.501,0,0,0.0,0.0,1
449.501,0,0,0.0,0.0,1
449.501,0,0,0.0,0.0,1
449.601,0,0,0.0,0.0,1
449.601,0,0,0.0,0.0,1
449.701,0,0,0.0,0.0,1
449.701,0,0,0.0,0.0,1
449.701,0,0,0.0,0.0,1
449.801,0,0,0.0,0.0,1
449.801,0,0,0.0,0.0,1
449.801,0,0,0.0,0.0,1
449.901,0,0,0.0,0.0,1
449.901,0,0,0.0,0.0,1
450.001,0,0,0.0,0.0,1
450.001,0,0,0.0,0.0,1
450.001,0,0,0.0,0.0,1
450.101,0,0,0.0,0.0,1
450.101,0,0,0.0,0.0,1
450.201,0,0,0.0,0.0,1
450.201,0,0,0.0,0.0,1
450.201,0,0,0.0,0.0,1
450.301,0,0,0.0,0.0,1
450.301,0,0,0.0,0.0,1
450.301,0,0,0.0,0.0,1
450.401,0,0,0.0,0.0,1
450.401,0,0,0.0,0.0,1
450.501,0,0,0.0,0.0,1
450.501,0,0,0.0,0.0,1
450.501,0,0,0.0,0.0,1
450.601,0,0,0.0,0.0,1
450.601,0,0,0.0,0.0,1
450.701,0,0,0.0,0.0,1
450.701,0,0,0.0,0.0,1
450.701,0,0,0.0,0.0,1
450.801,0,0,0.0,0.0,1
450.801,0,0,0.0,0.0,1
450.801,0,0,0.0,0.0,1
450.901,0,0,0.0,0.0,1
450.901,0,0,0.0,0.0,1
451.001,0,0,0.0,0.0,1
451.001,0,0,0.0,0.0,1
451.001,0,0,0.0,0.0,1
451.101,0,0,0.0,0.0,1
451.101,0,0,0.0,0.0,1
451.101,0,0,0.0,0.0,1
451.201,0,0,0.0,0.0,1
451.201,0,0,0.0,0.0,1
451.301,0,0,0.0,0.0,1
451.301,0,0,0.0,0.0,1
451.301,0,0,0.0,0.0,1
451.401,0,0,0.0,0.0,1
451.401,0,0,0.0,0.0,1
451.501,0,0,0.0,0.0,1
451.501,0,0,0.0,0.0,1
451.501,0,0,0.0,0.0,1
451.601,0,0,0.0,0.0,1
451.601,0,0,0.0,0.0,1
451.601,0,0,0.0,0.0,1
451.701,0,0,0.0,0.0,1
451.701,0,0,0.0,0.0,1
451.801,0,0,0.0,0.0,1
451.801,0,0,0.0,0.0,1
451.801,0,0,0.0,0.0,1
451.901,0,0,0.0,0.0,1
451.901,0,0,0.0,0.0,1
452.001,0,0,0.0,0.0,1
452.001,0,0,0.0,0.0,1
452.001,0,0,0.0,0.0,1
452.101,0,0,0.0,0.0,1
452.101,0,0,0.0,0.0,1
452.101,0,0,0.0,0.0,1
452.201,0,0,0.0,0.0,1
452.201,0,0,0.0,0.0,1
452.301,0,0,0.0,0.0,1
452.301,0,0,0.0,0.0,1
452.301,0,0,0.0,0.0,1
452.401,0,0,0.0,0.0,1
452.401,0,0,0.0,0.0,1
452.501,0,0,0.0,0.0,1
452.501,0,0,0.0,0.0,1
452.501,0,0,0.0,0.0,1
452.601,0,0,0.0,0.0,1
452.601,0,0,0.0,0.0,1
452.601,0,0,0.0,0.0,1
452.701,0,0,0.0,0.0,1
452.701,0,0,0.0,0.0,1
452.801,0,0,0.0,0.0,1
452.801,0,0,0.0,0.0,1
452.801,0,0,0.0,0.0,1
452.901,0,0,0.0,0.0,1
452.901,0,0,0.0,0.0,1
453.001,0,0,0.0,0.0,1
453.001,0,0,0.0,0.0,1
453.001,0,0,0.0,0.0,1
453.101,0,0,0.0,0.0,1
453.101,0,0,0.0,0.0,1
453.101,0,0,0.0,0.0,1
453.201,0,0,0.0,0.0,1
453.201,0,0,0.0,0.0,1
453.301,0,0,0.0,0.0,1
453.301,0,0,0.0,0.0,1
453.301,0,0,0.0,0.0,1
453.401,0,0,0.0,0.0,1
453.401,0,0,0.0,0.0,1
453.401,0,0,0.0,0.0,1
453.501,0,0,0.0,0.0,1
453.501,0,0,0.0,0.0,1
453.601,0,0,0.0,0.0,1
453.601,0,0,0.0,0.0,1
453.601,0,0,0.0,0.0,1
453.701,0,0,0.0,0.0,1
453.701,0,0,0.0,0.0,1
453.801,0,0,0.0,0.0,1
453.801,0,0,0.0,0.0,1
453.801,0,0,0.0,0.0,1
453.901,0,0,0.0,0.0,1
453.901,0,0,0.0,0.0,1
453.901,0,0,0.0,0.0,1
454.001,0,0,0.0,0.0,1
454.001,0,0,0.0,0.0,1
454.101,0,0,0.0,0.0,1
454.101,0,0,0.0,0.0,1
454.101,0,0,0.0,0.0,1
454.201,0,0,0.0,0.0,1
454.201,0,0,0.0,0.0,1
454.301,0,0,0.0,0.0,1
454.301,0,0,0.0,0.0,1
454.301,0,0,0.0,0.0,1
454.401,0,0,0.0,0.0,1
454.401,0,0,0.0,0.0,1
454.401,0,0,0.0,0.0,1
454.501,0,0,0.0,0.0,1
454.501,0,0,0.0,0.0,1
454.601,0,0,0.0,0.0,1
454.601,0,0,0.0,0.0,1
454.601,0,0,0.0,0.0,1
454.701,0,0,0.0,0.0,1
454.701,0,0,0.0,0.0,1
454.801,0,0,0.0,0.0,1
454.801,0,0,0.0,0.0,1
454.801,0,0,0.0,0.0,1
454.901,0,0,0.0,0.0,1
454.901,0,0,0.0,0.0,1
454.901,0,0,0.0,0.0,1
455.001,0,0,0.0,0.0,1
455.001,0,0,0.0,0.0,1
455.101,0,0,0.0,0.0,1
455.101,0,0,0.0,0.0,1
455.101,0,0,0.0,0.0,1
455.201,0,0,0.0,0.0,1
455.201,0,0,0.0,0.0,1
455.301,0,0,0.0,0.0,1
455.301,0,0,0.0,0.0,1
455.301,0,0,0.0,0.0,1
455.401,0,0,0.0,0.0,1
455.401,0,0,0.0,0.0,1
455.401,0,0,0.0,0.0,1
455.501,0,0,0.0,0.0,1
455.501,0,0,0.0,0.0,1
455.601,0,0,0.0,0.0,1
455.601,0,0,0.0,0.0,1
455.601,0,0,0.0,0.0,1
455.701,0,0,0.0,0.0,1
455.701,0,0,0.0,0.0,1
455.701,0,0,0.0,0.0,1
455.801,0,0,0.0,0.0,1
455.801,0,0,0.0,0.0,1
455.901,0,0,0.0,0.0,1
455.901,0,0,0.0,0.0,1
455.901,0,0,0.0,0.0,1
456.001,0,0,0.0,0.0,1
456.001,0,0,0.0,0.0,1
456.101,0,0,0.0,0.0,1
456.101,0,0,0.0,0.0,1
456.101,0,0,0.0,0.0,1
456.201,0,0,0.0,0.0,1
456.201,0,0,0.0,0.0,1
456.201,0,0,0.0,0.0,1
456.301,0,0,0.0,0.0,1
456.301,0,0,0.0,0.0,1
456.401,0,0,0.0,0.0,1
456.401,0,0,0.0,0.0,1
456.401,0,0,0.0,0.0,1
456.501,0,0,0.0,0.0,1
456.501,0,0,0.0,0.0,1
456.601,0,0,0.0,0.0,1
456.601,0,0,0.0,0.0,1
456.601,0,0,0.0,0.0,1
456.701,0,0,0.0,0.0,1
456.701,0,0,0.0,0.0,1
456.701,0,0,0.0,0.0,1
456.801,0,0,0.0,0.0,1
456.801,0,0,0.0,0.0,1
456.901,0,0,0.0,0.0,1
456.901,0,0,0.0,0.0,1
456.901,0,0,0.0,0.0,1
457.001,0,0,0.0,0.0,1
457.001,0,0,0.0,0.0,1
457.101,0,0,0.0,0.0,1
457.101,0,0,0.0,0.0,1
457.101,0,0,0.0,0.0,1
457.201,0,0,0.0,0.0,1
457.201,0,0,0.0,0.0,1
457.201,0,0,0.0,0.0,1
457.301,0,0,0.0,0.0,1
457.301,0,0,0.0,0.0,1
457.401,0,0,0.0,0.0,1
457.401,0,0,0.0,0.0,1
457.401,0,0,0.0,0.0,1
457.501,0,0,0.0,0.0,1
457.501,0,0,0.0,0.0,1
457.601,0,0,0.0,0.0,1
457.601,0,0,0.0,0.0,1
457.601,0,0,0.0,0.0,1
457.701,0,0,0.0,0.0,1
457.701,0,0,0.0,0.0,1
457.701,0,0,0.0,0.0,1
457.801,0,0,0.0,0.0,1
457.801,0,0,0.0,0.0,1
457.901,0,0,0.0,0.0,1
457.901,0,0,0.0,0.0,1
457.901,0,0,0.0,0.0,1
458.001,0,0,0.0,0.0,1
458.001,0,0,0.0,0.0,1
458.001,0,0,0.0,0.0,1
458.101,0,0,0.0,0.0,1
458.101,0,0,0.0,0.0,1
458.201,0,0,0.0,0.0,1
458.201,0,0,0.0,0.0,1
458.201,0,0,0.0,0.0,1
458.301,0,0,0.0,0.0,1
458.301,0,0,0.0,0.0,1
458.401,0,0,0.0,0.0,1
458.401,0,0,0.0,0.0,1
458.401,0,0,0.0,0.0,1
458.501,0,0,0.0,0.0,1
458.501,0,0,0.0,0.0,1
458.501,0,0,0.0,0.0,1
458.601,0,0,0.0,0.0,1
458.601,0,0,0.0,0.0,1
458.701,0,0,0.0,0.0,1
458.701,0,0,0.0,0.0,1
458.701,0,0,0.0,0.0,1
458.801,0,0,0.0,0.0,1
458.801,0,0,0.0,0.0,1
458.901,0,0,0.0,0.0,1
458.901,0,0,0.0,0.0,1
458.901,0,0,0.0,0.0,1
459.001,0,0,0.0,0.0,1
459.001,0,0,0.0,0.0,1
459.001,0,0,0.0,0.0,1
459.101,0,0,0.0,0.0,1
459.101,0,0,0.0,0.0,1
459.201,0,0,0.0,0.0,1
459.201,0,0,0.0,0.0,1
459.201,0,0,0.0,0.0,1
459.301,0,0,0.0,0.0,1
459.301,0,0,0.0,0.0,1
459.401,0,0,0.0,0.0,1
459.401,0,0,0.0,0.0,1
459.401,0,0,0.0,0.0,1
459.501,0,0,0.0,0.0,1
459.501,0,0,0.0,0.0,1
459.501,0,0,0.0,0.0,1
459.601,0,0,0.0,0.0,1
459.601,0,0,0.0,0.0,1
459.701,0,0,0.0,0.0,1
459.701,0,0,0.0,0.0,1
459.701,0,0,0.0,0.0,1
459.801,0,0,0.0,0.0,1
459.801,0,0,0.0,0.0,1
459.901,0,0,0.0,0.0,1
459.901,0,0,0.0,0.0,1
459.901,0,0,0.0,0.0,1
460.001,0,0,0.0,0.0,1
460.001,0,0,0.0,0.0,1
460.001,0,0,0.0,0.0,1
460.101,0,0,0.0,0.0,1
460.101,0,0,0.0,0.0,1
460.201,0,0,0.0,0.0,1
460.201,0,0,0.0,0.0,1
460.201,0,0,0.0,0.0,1
460.301,0,0,0.0,0.0,1
460.301,0,0,0.0,0.0,1
460.301,0,0,0.0,0.0,1
460.401,0,0,0.0,0.0,1
460.401,0,0,0.0,0.0,1
460.501,0,0,0.0,0.0,1
460.501,0,0,0.0,0.0,1
460.501,0,0,0.0,0.0,1
460.601,0,0,0.0,0.0,1
460.601,0,0,0.0,0.0,1
460.701,0,0,0.0,0.0,1
460.701,0,0,0.0,0.0,1
460.701,0,0,0.0,0.0,1
460.801,0,0,0.0,0.0,1
460.801,0,0,0.0,0.0,1
460.801,0,0,0.0,0.0,1
460.901,0,0,0.0,0.0,1
460.901,0,0,0.0,0.0,1
461.001,0,0,0.0,0.0,1
461.001,0,0,0.0,0.0,1
461.001,0,0,0.0,0.0,1
461.101,0,0,0.0,0.0,1
461.101,0,0,0.0,0.0,1
461.201,0,0,0.0,0.0,1
461.201,0,0,0.0,0.0,1
461.201,0,0,0.0,0.0,1
461.301,0,0,0.0,0.0,1
461.301,0,0,0.0,0.0,1
461.301,0,0,0.0,0.0,1
461.401,0,0,0.0,0.0,1
461.401,0,0,0.0,0.0,1
461.501,0,0,0.0,0.0,1
461.501,0,0,0.0,0.0,1
461.501,0,0,0.0,0.0,1
461.601,0,0,0.0,0.0,1
461.601,0,0,0.0,0.0,1
461.701,0,0,0.0,0.0,1
461.701,0,0,0.0,0.0,1
461.701,0,0,0.0,0.0,1
461.801,0,0,0.0,0.0,1
461.801,0,0,0.0,0.0,1
461.801,0,0,0.0,0.0,1
461.901,0,0,0.0,0.0,1
461.901,0,0,0.0,0.0,1
462.001,0,0,0.0,0.0,1
462.001,0,0,0.0,0.0,1
462.001,0,0,0.0,0.0,1
462.101,0,0,0.0,0.0,1
462.101,0,0,0.0,0.0,1
462.201,0,0,0.0,0.0,1
462.201,0,0,0.0,0.0,1
462.201,0,0,0.0,0.0,1
462.301,0,0,0.0,0.0,1
462.301,0,0,0.0,0.0,1
462.301,0,0,0.0,0.0,1
462.401,0,0,0.0,0.0,1
462.401,0,0,0.0,0.0,1
462.501,0,0,0.0,0.0,1
462.501,0,0,0.0,0.0,1
462.501,0,0,0.0,0.0,1
462.601,0,0,0.0,0.0,1
462.601,0,0,0.0,0.0,1
462.601,0,0,0.0,0.0,1
462.701,0,0,0.0,0.0,1
462.701,0,0,0.0,0.0,1
462.801,0,0,0.0,0.0,1
462.801,0,0,0.0,0.0,1
462.801,0,0,0.0,0.0,1
462.901,0,0,0.0,0.0,1
462.901,0,0,0.0,0.0,1
463.001,0,0,0.0,0.0,1
463.001,0,0,0.0,0.0,1
463.001,0,0,0.0,0.0,1
463.101,0,0,0.0,0.0,1
463.101,0,0,0.0,0.0,1
463.101,0,0,0.0,0.0,1
463.201,0,0,0.0,0.0,1
463.201,0,0,0.0,0.0,1
463.301,0,0,0.0,0.0,1
463.301,0,0,0.0,0.0,1
463.301,0,0,0.0,0.0,1
463.401,0,0,0.0,0.0,1
463.401,0,0,0.0,0.0,1
463.501,0,0,0.0,0.0,1
463.501,0,0,0.0,0.0,1
463.501,0,0,0.0,0.0,1
463.601,0,0,0.0,0.0,1
463.601,0,0,0.0,0.0,1
463.601,0,0,0.0,0.0,1
463.701,0,0,0.0,0.0,1
463.701,0,0,0.0,0.0,1
463.801,0,0,0.0,0.0,1
463.801,0,0,0.0,0.0,1
463.801,0,0,0.0,0.0,1
463.901,0,0,0.0,0.0,1
463.901,0,0,0.0,0.0,1
464.001,0,0,0.0,0.0,1
464.001,0,0,0.0,0.0,1
464.001,0,0,0.0,0.0,1
464.101,0,0,0.0,0.0,1
464.101,0,0,0.0,0.0,1
464.101,0,0,0.0,0.0,1
464.201,0,0,0.0,0.0,1
464.201,0,0,0.0,0.0,1
464.301,0,0,0.0,0.0,1
464.301,0,0,0.0,0.0,1
464.301,0,0,0.0,0.0,1
464.401,0,0,0.0,0.0,1
464.401,0,0,0.0,0.0,1
464.501,0,0,0.0,0.0,1
464.501,0,0,0.0,0.0,1
464.501,0,0,0.0,0.0,1
464.601,0,0,0.0,0.0,1
464.601,0,0,0.0,0.0,1
464.601,0,0,0.0,0.0,1
464.701,0,0,0.0,0.0,1
464.701,0,0,0.0,0.0,1
464.801,0,0,0.0,0.0,1
464.801,0,0,0.0,0.0,1
464.801,0,0,0.0,0.0,1
464.901,0,0,0.0,0.0,1
464.901,0,0,0.0,0.0,1
464.901,0,0,0.0,0.0,1
465.001,0,0,0.0,0.0,1
465.001,0,0,0.0,0.0,1
465.101,0,0,0.0,0.0,1
465.101,0,0,0.0,0.0,1
465.101,0,0,0.0,0.0,1
465.201,0,0,0.0,0.0,1
465.201,0,0,0.0,0.0,1
465.301,0,0,0.0,0.0,1
465.301,0,0,0.0,0.0,1
465.301,0,0,0.0,0.0,1
465.401,0,0,0.0,0.0,1
465.401,0,0,0.0,0.0,1
465.401,0,0,0.0,0.0,1
465.501,0,0,0.0,0.0,1
465.501,0,0,0.0,0.0,1
465.601,0,0,0.0,0.0,1
465.601,0,0,0.0,0.0,1
465.601,0,0,0.0,0.0,1
465.701,0,0,0.0,0.0,1
465.701,0,0,0.0,0.0,1
465.801,0,0,0.0,0.0,1
465.801,0,0,0.0,0.0,1
465.801,0,0,0.0,0.0,1
465.901,0,0,0.0,0.0,1
465.901,0,0,0.0,0.0,1
465.901,0,0,0.0,0.0,1
466.001,0,0,0.0,0.0,1
466.001,0,0,0.0,0.0,1
466.101,0,0,0.0,0.0,1
466.101,0,0,0.0,0.0,1
466.101,0,0,0.0,0.0,1
466.201,0,0,0.0,0.0,1
466.201,0,0,0.0,0.0,1
466.301,0,0,0.0,0.0,1
466.301,0,0,0.0,0.0,1
466.301,0,0,0.0,0.0,1
466.401,0,0,0.0,0.0,1
466.401,0,0,0.0,0.0,1
466.401,0,0,0.0,0.0,1
466.501,0,0,0.0,0.0,1
466.501,0,0,0.0,0.0,1
466.601,0,0,0.0,0.0,1
466.601,0,0,0.0,0.0,1
466.601,0,0,0.0,0.0,1
466.701,0,0,0.0,0.0,1
466.701,0,0,0.0,0.0,1
466.801,0,0,0.0,0.0,1
466.801,0,0,0.0,0.0,1
466.801,0,0,0.0,0.0,1
466.901,0,0,0.0,0.0,1
466.901,0,0,0.0,0.0,1
466.901,0,0,0.0,0.0,1
467.001,0,0,0.0,0.0,1
467.001,0,0,0.0,0.0,1
467.101,0,0,0.0,0.0,1
467.101,0,0,0.0,0.0,1
467.101,0,0,0.0,0.0,1
467.201,0,0,0.0,0.0,1
467.201,0,0,0.0,0.0,1
467.201,0,0,0.0,0.0,1
467.301,0,0,0.0,0.0,1
467.301,0,0,0.0,0.0,1
467.401,0,0,0.0,0.0,1
467.401,0,0,0.0,0.0,1
467.401,0,0,0.0,0.0,1
467.501,0,0,0.0,0.0,1
467.501,0,0,0.0,0.0,1
467.601,0,0,0.0,0.0,1
467.601,0,0,0.0,0.0,1
467.601,0,0,0.0,0.0,1
467.701,0,0,0.0,0.0,1
467.701,0,0,0.0,0.0,1
467.701,0,0,0.0,0.0,1
467.801,0,0,0.0,0.0,1
467.801,0,0,0.0,0.0,1
467.901,0,0,0.0,0.0,1
467.901,0,0,0.0,0.0,1
467.901,0,0,0.0,0.0,1
468.001,0,0,0.0,0.0,1
468.001,0,0,0.0,0.0,1
468.101,0,0,0.0,0.0,1
468.101,0,0,0.0,0.0,1
468.101,0,0,0.0,0.0,1
468.201,0,0,0.0,0.0,1
468.201,0,0,0.0,0.0,1
468.201,0,0,0.0,0.0,1
468.301,0,0,0.0,0.0,1
468.301,0,0,0.0,0.0,1
468.401,0,0,0.0,0.0,1
468.401,0,0,0.0,0.0,1
468.401,0,0,0.0,0.0,1
468.501,0,0,0.0,0.0,1
468.501,0,0,0.0,0.0,1
468.601,0,0,0.0,0.0,1
468.601,0,0,0.0,0.0,1
468.601,0,0,0.0,0.0,1
468.701,0,0,0.0,0.0,1
468.701,0,0,0.0,0.0,1
468.701,0,0,0.0,0.0,1
468.801,0,0,0.0,0.0,1
468.801,0,0,0.0,0.0,1
468.901,0,0,0.0,0.0,1
468.901,0,0,0.0,0.0,1
468.901,0,0,0.0,0.0,1
469.001,0,0,0.0,0.0,1
469.001,0,0,0.0,0.0,1
469.101,0,0,0.0,0.0,1
469.101,0,0,0.0,0.0,1
469.101,0,0,0.0,0.0,1
469.201,0,0,0.0,0.0,1
469.201,0,0,0.0,0.0,1
469.201,0,0,0.0,0.0,1
469.301,0,0,0.0,0.0,1
469.301,0,0,0.0,0.0,1
469.401,0,0,0.0,0.0,1
469.401,0,0,0.0,0.0,1
469.401,0,0,0.0,0.0,1
469.501,0,0,0.0,0.0,1
469.501,0,0,0.0,0.0,1
469.501,0,0,0.0,0.0,1
469.601,0,0,0.0,0.0,1
469.601,0,0,0.0,0.0,1
469.701,0,0,0.0,0.0,1
469.701,0,0,0.0,0.0,1
469.701,0,0,0.0,0.0,1
469.801,0,0,0.0,0.0,1
469.801,0,0,0.0,0.0,1
469.901,0,0,0.0,0.0,1
469.901,0,0,0.0,0.0,1
469.901,0,0,0.0,0.0,1
470.001,0,0,0.0,0.0,1
470.001,0,0,0.0,0.0,1
470.001,0,0,0.0,0.0,1
470.101,0,0,0.0,0.0,1
470.101,0,0,0.0,0.0,1
470.201,0,0,0.0,0.0,1
470.201,0,0,0.0,0.0,1
470.201,0,0,0.0,0.0,1
470.301,0,0,0.0,0.0,1
470.301,0,0,0.0,0.0,1
470.401,0,0,0.0,0.0,1
470.401,0,0,0.0,0.0,1
470.401,0,0,0.0,0.0,1
470.501,0,0,0.0,0.0,1
470.501,0,0,0.0,0.0,1
470.501,0,0,0.0,0.0,1
470.601,0,0,0.0,0.0,1
470.601,0,0,0.0,0.0,1
470.701,0,0,0.0,0.0,1
470.701,0,0,0.0,0.0,1
470.701,0,0,0.0,0.0,1
470.801,0,0,0.0,0.0,1
470.801,0,0,0.0,0.0,1
470.901,0,0,0.0,0.0,1
470.901,0,0,0.0,0.0,1
470.901,0,0,0.0,0.0,1
471.001,0,0,0.0,0.0,1
471.001,0,0,0.0,0.0,1
471.001,0,0,0.0,0.0,1
471.101,0,0,0.0,0.0,1
471.101,0,0,0.0,0.0,1
471.201,0,0,0.0,0.0,1
471.201,0,0,0.0,0.0,1
471.201,0,0,0.0,0.0,1
471.301,0,0,0.0,0.0,1
471.301,0,0,0.0,0.0,1
471.401,0,0,0.0,0.0,1
471.401,0,0,0.0,0.0,1
471.401,0,0,0.0,0.0,1
471.501,0,0,0.0,0.0,1
471.501,0,0,0.0,0.0,1
471.501,0,0,0.0,0.0,1
471.601,0,0,0.0,0.0,1
471.601,0,0,0.0,0.0,1
471.701,0,0,0.0,0.0,1
471.701,0,0,0.0,0.0,1
471.701,0,0,0.0,0.0,1
471.801,0,0,0.0,0.0,1
471.801,0,0,0.0,0.0,1
471.801,0,0,0.0,0.0,1
471.901,0,0,0.0,0.0,1
471.901,0,0,0.0,0.0,1
472.001,0,0,0.0,0.0,1
472.001,0,0,0.0,0.0,1
472.001,0,0,0.0,0.0,1
472.101,0,0,0.0,0.0,1
472.101,0,0,0.0,0.0,1
472.201,0,0,0.0,0.0,1
472.201,0,0,0.0,0.0,1
472.201,0,0,0.0,0.0,1
472.301,0,0,0.0,0.0,1
472.301,0,0,0.0,0.0,1
472.301,0,0,0.0,0.0,1
472.401,0,0,0.0,0.0,1
472.401,0,0,0.0,0.0,1
472.501,0,0,0.0,0.0,1
472.501,0,0,0.0,0.0,1
472.501,0,0,0.0,0.0,1
472.601,0,0,0.0,0.0,1
472.601,0,0,0.0,0.0,1
472.701,0,0,0.0,0.0,1
472.701,0,0,0.0,0.0,1
472.701,0,0,0.0,0.0,1
472.801,0,0,0.0,0.0,1
472.801,0,0,0.0,0.0,1
472.801,0,0,0.0,0.0,1
472.901,0,0,0.0,0.0,1
472.901,0,0,0.0,0.0,1
473.001,0,0,0.0,0.0,1
473.001,0,0,0.0,0.0,1
473.001,0,0,0.0,0.0,1
473.101,0,0,0.0,0.0,1
473.101,0,0,0.0,0.0,1
473.201,0,0,0.0,0.0,1
473.201,0,0,0.0,0.0,1
473.201,0,0,0.0,0.0,1
473.301,0,0,0.0,0.0,1
473.301,0,0,0.0,0.0,1
473.301,0,0,0.0,0.0,1
473.401,0,0,0.0,0.0,1
473.401,0,0,0.0,0.0,1
473.501,0,0,0.0,0.0,1
473.501,0,0,0.0,0.0,1
473.501,0,0,0.0,0.0,1
473.601,0,0,0.0,0.0,1
473.601,0,0,0.0,0.0,1
473.701,0,0,0.0,0.0,1
473.701,0,0,0.0,0.0,1
473.701,0,0,0.0,0.0,1
473.801,0,0,0.0,0.0,1
473.801,0,0,0.0,0.0,1
473.801,0,0,0.0,0.0,1
473.901,0,0,0.0,0.0,1
473.901,0,0,0.0,0.0,1
474.001,0,0,0.0,0.0,1
474.001,0,0,0.0,0.0,1
474.001,0,0,0.0,0.0,1
474.101,0,0,0.0,0.0,1
474.101,0,0,0.0,0.0,1
474.101,0,0,0.0,0.0,1
474.201,0,0,0.0,0.0,1
474.201,0,0,0.0,0.0,1
474.301,0,0,0.0,0.0,1
474.301,0,0,0.0,0.0,1
474.301,0,0,0.0,0.0,1
474.401,0,0,0.0,0.0,1
474.401,0,0,0.0,0.0,1
474.501,0,0,0.0,0.0,1
474.501,0,0,0.0,0.0,1
474.501,0,0,0.0,0.0,1
474.601,0,0,0.0,0.0,1
474.601,0,0,0.0,0.0,1
474.601,0,0,0.0,0.0,1
474.701,0,0,0.0,0.0,1
474.701,0,0,0.0,0.0,1
474.801,0,0,0.0,0.0,1
474.801,0,0,0.0,0.0,1
474.801,0,0,0.0,0.0,1
474.901,0,0,0.0,0.0,1
474.901,0,0,0.0,0.0,1
475.001,0,0,0.0,0.0,1
475.001,0,0,0.0,0.0,1
475.001,0,0,0.0,0.0,1
475.101,0,0,0.0,0.0,1
475.101,0,0,0.0,0.0,1
475.101,0,0,0.0,0.0,1
475.201,0,0,0.0,0.0,1
475.201,0,0,0.0,0.0,1
475.301,0,0,0.0,0.0,1
475.301,0,0,0.0,0.0,1
475.301,0,0,0.0,0.0,1
475.401,0,0,0.0,0.0,1
475.401,0,0,0.0,0.0,1
475.501,0,0,0.0,0.0,1
475.501,0,0,0.0,0.0,1
475.501,0,0,0.0,0.0,1
475.601,0,0,0.0,0.0,1
475.601,0,0,0.0,0.0,1
475.601,0,0,0.0,0.0,1
475.701,0,0,0.0,0.0,1
475.701,0,0,0.0,0.0,1
475.801,0,0,0.0,0.0,1
475.801,0,0,0.0,0.0,1
475.801,0,0,0.0,0.0,1
475.901,0,0,0.0,0.0,1
475.901,0,0,0.0,0.0,1
476.001,0,0,0.0,0.0,1
476.001,0,0,0.0,0.0,1
476.001,0,0,0.0,0.0,1
476.101,0,0,0.0,0.0,1
476.101,0,0,0.0,0.0,1
476.101,0,0,0.0,0.0,1
476.201,0,0,0.0,0.0,1
476.201,0,0,0.0,0.0,1
476.301,0,0,0.0,0.0,1
476.301,0,0,0.0,0.0,1
476.301,0,0,0.0,0.0,1
476.401,0,0,0.0,0.0,1
476.401,0,0,0.0,0.0,1
476.401,0,0,0.0,0.0,1
476.501,0,0,0.0,0.0,1
476.501,0,0,0.0,0.0,1
476.601,0,0,0.0,0.0,1
476.601,0,0,0.0,0.0,1
476.601,0,0,0.0,0.0,1
476.701,0,0,0.0,0.0,1
476.701,0,0,0.0,0.0,1
476.801,0,0,0.0,0.0,1
476.801,0,0,0.0,0.0,1
476.801,0,0,0.0,0.0,1
476.901,0,0,0.0,0.0,1
476.901,0,0,0.0,0.0,1
476.901,0,0,0.0,0.0,1
477.001,0,0,0.0,0.0,1
477.001,0,0,0.0,0.0,1
477.101,0,0,0.0,0.0,1
477.101,0,0,0.0,0.0,1
477.101,0,0,0.0,0.0,1
477.201,0,0,0.0,0.0,1
477.201,0,0,0.0,0.0,1
477.301,0,0,0.0,0.0,1
477.301,0,0,0.0,0.0,1
477.301,0,0,0.0,0.0,1
477.401,0,0,0.0,0.0,1
477.401,0,0,0.0,0.0,1
477.401,0,0,0.0,0.0,1
477.501,0,0,0.0,0.0,1
477.501,0,0,0.0,0.0,1
477.601,0,0,0.0,0.0,1
477.601,0,0,0.0,0.0,1
477.601,0,0,0.0,0.0,1
477.701,0,0,0.0,0.0,1
477.701,0,0,0.0,0.0,1
477.801,0,0,0.0,0.0,1
477.801,0,0,0.0,0.0,1
477.801,0,0,0.0,0.0,1
477.901,0,0,0.0,0.0,1
477.901,0,0,0.0,0.0,1
477.901,0,0,0.0,0.0,1
478.001,0,0,0.0,0.0,1
478.001,0,0,0.0,0.0,1
478.101,0,0,0.0,0.0,1
478.101,0,0,0.0,0.0,1
478.101,0,0,0.0,0.0,1
478.201,0,0,0.0,0.0,1
478.201,0,0,0.0,0.0,1
478.301,0,0,0.0,0.0,1
478.301,0,0,0.0,0.0,1
478.301,0,0,0.0,0.0,1
478.401,0,0,0.0,0.0,1
478.401,0,0,0.0,0.0,1
478.401,0,0,0.0,0.0,1
478.501,0,0,0.0,0.0,1
478.501,0,0,0.0,0.0,1
478.601,0,0,0.0,0.0,1
478.601,0,0,0.0,0.0,1
478.601,0,0,0.0,0.0,1
478.701,0,0,0.0,0.0,1
478.701,0,0,0.0,0.0,1
478.701,0,0,0.0,0.0,1
478.801,0,0,0.0,0.0,1
478.801,0,0,0.0,0.0,1
478.901,0,0,0.0,0.0,1
478.901,0,0,0.0,0.0,1
478.901,0,0,0.0,0.0,1
479.001,0,0,0.0,0.0,1
479.001,0,0,0.0,0.0,1
479.101,0,0,0.0,0.0,1
479.101,0,0,0.0,0.0,1
479.101,0,0,0.0,0.0,1
479.201,0,0,0.0,0.0,1
479.201,0,0,0.0,0.0,1
479.201,0,0,0.0,0.0,1
479.301,0,0,0.0,0.0,1
479.301,0,0,0.0,0.0,1
479.401,0,0,0.0,0.0,1
479.401,0,0,0.0,0.0,1
479.401,0,0,0.0,0.0,1
479.501,0,0,0.0,0.0,1
479.501,0,0,0.0,0.0,1
479.601,0,0,0.0,0.0,1
479.601,0,0,0.0,0.0,1
479.601,0,0,0.0,0.0,1
479.701,0,0,0.0,0.0,1
479.701,0,0,0.0,0.0,1
479.701,0,0,0.0,0.0,1
479.801,0,0,0.0,0.0,1
479.801,0,0,0.0,0.0,1
479.901,0,0,0.0,0.0,1
479.901,0,0,0.0,0.0,1
479.901,0,0,0.0,0.0,1
480.001,0,0,0.0,0.0,1
480.001,0,0,0.0,0.0,1
480.101,0,0,0.0,0.0,1
480.101,0,0,0.0,0.0,1
480.101,0,0,0.0,0.0,1
480.201,0,0,0.0,0.0,1
480.201,0,0,0.0,0.0,1
480.201,0,0,0.0,0.0,1
480.301,0,0,0.0,0.0,1
480.301,0,0,0.0,0.0,1
480.401,0,0,0.0,0.0,1
480.401,0,0,0.0,0.0,1
480.401,0,0,0.0,0.0,1
480.501,0,0,0.0,0.0,1
480.501,0,0,0.0,0.0,1
480.601,0,0,0.0,0.0,1
480.601,0,0,0.0,0.0,1
480.601,0,0,0.0,0.0,1
480.701,0,0,0.0,0.0,1
480.701,0,0,0.0,0.0,1
480.701,0,0,0.0,0.0,1
480.801,0,0,0.0,0.0,1
480.801,0,0,0.0,0.0,1
480.901,0,0,0.0,0.0,1
480.901,0,0,0.0,0.0,1
480.901,0,0,0.0,0.0,1
481.001,0,0,0.0,0.0,1
481.001,0,0,0.0,0.0,1
481.001,0,0,0.0,0.0,1
481.101,0,0,0.0,0.0,1
481.101,0,0,0.0,0.0,1
481.201,0,0,0.0,0.0,1
481.201,0,0,0.0,0.0,1
481.201,0,0,0.0,0.0,1
481.301,0,0,0.0,0.0,1
481.301,0,0,0.0,0.0,1
481.401,0,0,0.0,0.0,1
481.401,0,0,0.0,0.0,1
481.401,0,0,0.0,0.0,1
481.501,0,0,0.0,0.0,1
481.501,0,0,0.0,0.0,1
481.501,0,0,0.0,0.0,1
481.601,0,0,0.0,0.0,1
481.601,0,0,0.0,0.0,1
481.701,0,0,0.0,0.0,1
481.701,0,0,0.0,0.0,1
481.701,0,0,0.0,0.0,1
481.801,0,0,0.0,0.0,1
481.801,0,0,0.0,0.0,1
481.901,0,0,0.0,0.0,1
481.901,0,0,0.0,0.0,1
481.901,0,0,0.0,0.0,1
482.001,0,0,0.0,0.0,1
482.001,0,0,0.0,0.0,1
482.001,0,0,0.0,0.0,1
482.101,0,0,0.0,0.0,1
482.101,0,0,0.0,0.0,1
482.201,0,0,0.0,0.0,1
482.201,0,0,0.0,0.0,1
482.201,0,0,0.0,0.0,1
482.301,0,0,0.0,0.0,1
482.301,0,0,0.0,0.0,1
482.401,0,0,0.0,0.0,1
482.401,0,0,0.0,0.0,1
482.401,0,0,0.0,0.0,1
482.501,0,0,0.0,0.0,1
482.501,0,0,0.0,0.0,1
482.501,0,0,0.0,0.0,1
482.601,0,0,0.0,0.0,1
482.601,0,0,0.0,0.0,1
482.701,0,0,0.0,0.0,1
482.701,0,0,0.0,0.0,1
482.701,0,0,0.0,0.0,1
482.801,0,0,0.0,0.0,1
482.801,0,0,0.0,0.0,1
482.901,0,0,0.0,0.0,1
482.901,0,0,0.0,0.0,1
482.901,0,0,0.0,0.0,1
483.001,0,0,0.0,0.0,1
483.001,0,0,0.0,0.0,1
483.001,0,0,0.0,0.0,1
483.101,0,0,0.0,0.0,1
483.101,0,0,0.0,0.0,1
483.201,0,0,0.0,0.0,1
483.201,0,0,0.0,0.0,1
483.201,0,0,0.0,0.0,1
483.301,0,0,0.0,0.0,1
483.301,0,0,0.0,0.0,1
483.301,0,0,0.0,0.0,1
483.401,0,0,0.0,0.0,1
483.401,0,0,0.0,0.0,1
483.501,0,0,0.0,0.0,1
483.501,0,0,0.0,0.0,1
483.501,0,0,0.0,0.0,1
483.601,0,0,0.0,0.0,1
483.601,0,0,0.0,0.0,1
483.701,0,0,0.0,0.0,1
483.701,0,0,0.0,0.0,1
483.701,0,0,0.0,0.0,1
483.801,0,0,0.0,0.0,1
483.801,0,0,0.0,0.0,1
483.801,0,0,0.0,0.0,1
483.901,0,0,0.0,0.0,1
483.901,0,0,0.0,0.0,1
484.001,0,0,0.0,0.0,1
484.001,0,0,0.0,0.0,1
484.001,0,0,0.0,0.0,1
484.101,0,0,0.0,0.0,1
484.101,0,0,0.0,0.0,1
484.201,0,0,0.0,0.0,1
484.201,0,0,0.0,0.0,1
484.201,0,0,0.0,0.0,1
484.301,0,0,0.0,0.0,1
484.301,0,0,0.0,0.0,1
484.301,0,0,0.0,0.0,1
484.401,0,0,0.0,0.0,1
484.401,0,0,0.0,0.0,1
484.501,0,0,0.0,0.0,1
484.501,0,0,0.0,0.0,1
484.501,0,0,0.0,0.0,1
484.601,0,0,0.0,0.0,1
484.601,0,0,0.0,0.0,1
484.701,0,0,0.0,0.0,1
484.701,0,0,0.0,0.0,1
484.701,0,0,0.0,0.0,1
484.801,0,0,0.0,0.0,1
484.801,0,0,0.0,0.0,1
484.801,0,0,0.0,0.0,1
484.901,0,0,0.0,0.0,1
484.901,0,0,0.0,0.0,1
485.001,0,0,0.0,0.0,1
485.001,0,0,0.0,0.0,1
485.001,0,0,0.0,0.0,1
485.101,0,0,0.0,0.0,1
485.101,0,0,0.0,0.0,1
485.201,0,0,0.0,0.0,1
485.201,0,0,0.0,0.0,1
485.201,0,0,0.0,0.0,1
485.301,0,0,0.0,0.0,1
485.301,0,0,0.0,0.0,1
485.301,0,0,0.0,0.0,1
485.401,0,0,0.0,0.0,1
485.401,0,0,0.0,0.0,1
485.501,0,0,0.0,0.0,1
485.501,0,0,0.0,0.0,1
485.501,0,0,0.0,0.0,1
485.601,0,0,0.0,0.0,1
485.601,0,0,0.0,0.0,1
485.601,0,0,0.0,0.0,1
485.701,0,0,0.0,0.0,1
485.701,0,0,0.0,0.0,1
485.801,0,0,0.0,0.0,1
485.801,0,0,0.0,0.0,1
485.801,0,0,0.0,0.0,1
485.901,0,0,0.0,0.0,1
485.901,0,0,0.0,0.0,1
486.001,0,0,0.0,0.0,1
486.001,0,0,0.0,0.0,1
486.001,0,0,0.0,0.0,1
486.101,0,0,0.0,0.0,1
486.101,0,0,0.0,0.0,1
486.101,0,0,0.0,0.0,1
486.201,0,0,0.0,0.0,1
486.201,0,0,0.0,0.0,1
486.301,0,0,0.0,0.0,1
486.301,0,0,0.0,0.0,1
486.301,0,0,0.0,0.0,1
486.401,0,0,0.0,0.0,1
486.401,0,0,0.0,0.0,1
486.501,0,0,0.0,0.0,1
486.501,0,0,0.0,0.0,1
486.501,0,0,0.0,0.0,1
486.601,0,0,0.0,0.0,1
486.601,0,0,0.0,0.0,1
486.601,0,0,0.0,0.0,1
486.701,0,0,0.0,0.0,1
486.701,0,0,0.0,0.0,1
486.801,0,0,0.0,0.0,1
486.801,0,0,0.0,0.0,1
486.801,0,0,0.0,0.0,1
486.901,0,0,0.0,0.0,1
486.901,0,0,0.0,0.0,1
487.001,0,0,0.0,0.0,1
487.001,0,0,0.0,0.0,1
487.001,0,0,0.0,0.0,1
487.101,0,0,0.0,0.0,1
487.101,0,0,0.0,0.0,1
487.101,0,0,0.0,0.0,1
487.201,0,0,0.0,0.0,1
487.201,0,0,0.0,0.0,1
487.301,0,0,0.0,0.0,1
487.301,0,0,0.0,0.0,1
487.301,0,0,0.0,0.0,1
487.401,0,0,0.0,0.0,1
487.401,0,0,0.0,0.0,1
487.501,0,0,0.0,0.0,1
487.501,0,0,0.0,0.0,1
487.501,0,0,0.0,0.0,1
487.601,0,0,0.0,0.0,1
487.601,0,0,0.0,0.0,1
487.601,0,0,0.0,0.0,1
487.701,0,0,0.0,0.0,1
487.701,0,0,0.0,0.0,1
487.801,0,0,0.0,0.0,1
487.801,0,0,0.0,0.0,1
487.801,0,0,0.0,0.0,1
487.901,0,0,0.0,0.0,1
487.901,0,0,0.0,0.0,1
487.901,0,0,0.0,0.0,1
488.001,0,0,0.0,0.0,1
488.001,0,0,0.0,0.0,1
488.101,0,0,0.0,0.0,1
488.101,0,0,0.0,0.0,1
488.101,0,0,0.0,0.0,1
488.201,0,0,0.0,0.0,1
488.201,0,0,0.0,0.0,1
488.301,0,0,0.0,0.0,1
488.301,0,0,0.0,0.0,1
488.301,0,0,0.0,0.0,1
488.401,0,0,0.0,0.0,1
488.401,0,0,0.0,0.0,1
488.401,0,0,0.0,0.0,1
488.501,0,0,0.0,0.0,1
488.501,0,0,0.0,0.0,1
488.601,0,0,0.0,0.0,1
488.601,0,0,0.0,0.0,1
488.601,0,0,0.0,0.0,1
488.701,0,0,0.0,0.0,1
488.701,0,0,0.0,0.0,1
488.801,0,0,0.0,0.0,1
488.801,0,0,0.0,0.0,1
488.801,0,0,0.0,0.0,1
488.901,0,0,0.0,0.0,1
488.901,0,0,0.0,0.0,1
488.901,0,0,0.0,0.0,1
489.001,0,0,0.0,0.0,1
489.001,0,0,0.0,0.0,1
489.101,0,0,0.0,0.0,1
489.101,0,0,0.0,0.0,1
489.101,0,0,0.0,0.0,1
489.201,0,0,0.0,0.0,1
489.201,0,0,0.0,0.0,1
489.301,0,0,0.0,0.0,1
489.301,0,0,0.0,0.0,1
489.301,0,0,0.0,0.0,1
489.401,0,0,0.0,0.0,1
489.401,0,0,0.0,0.0,1
489.401,0,0,0.0,0.0,1
489.501,0,0,0.0,0.0,1
489.501,0,0,0.0,0.0,1
489.601,0,0,0.0,0.0,1
489.601,0,0,0.0,0.0,1
489.601,0,0,0.0,0.0,1
489.701,0,0,0.0,0.0,1
489.701,0,0,0.0,0.0,1
489.801,0,0,0.0,0.0,1
489.801,0,0,0.0,0.0,1
489.801,0,0,0.0,0.0,1
489.901,0,0,0.0,0.0,1
489.901,0,0,0.0,0.0,1
489.901,0,0,0.0,0.0,1
490.001,0,0,0.0,0.0,1
490.001,0,0,0.0,0.0,1
490.101,0,0,0.0,0.0,1
490.101,0,0,0.0,0.0,1
490.101,0,0,0.0,0.0,1
490.201,0,0,0.0,0.0,1
490.201,0,0,0.0,0.0,1
490.201,0,0,0.0,0.0,1
490.301,0,0,0.0,0.0,1
490.301,0,0,0.0,0.0,1
490.401,0,0,0.0,0.0,1
490.401,0,0,0.0,0.0,1
490.401,0,0,0.0,0.0,1
490.501,0,0,0.0,0.0,1
490.501,0,0,0.0,0.0,1
490.601,0,0,0.0,0.0,1
490.601,0,0,0.0,0.0,1
490.601,0,0,0.0,0.0,1
490.701,0,0,0.0,0.0,1
490.701,0,0,0.0,0.0,1
490.701,0,0,0.0,0.0,1
490.801,0,0,0.0,0.0,1
490.801,0,0,0.0,0.0,1
490.901,0,0,0.0,0.0,1
490.901,0,0,0.0,0.0,1
490.901,0,0,0.0,0.0,1
491.001,0,0,0.0,0.0,1
491.001,0,0,0.0,0.0,1
491.101,0,0,0.0,0.0,1
491.101,0,0,0.0,0.0,1
491.101,0,0,0.0,0.0,1
491.201,0,0,0.0,0.0,1
491.201,0,0,0.0,0.0,1
491.201,0,0,0.0,0.0,1
491.301,0,0,0.0,0.0,1
491.301,0,0,0.0,0.0,1
491.401,0,0,0.0,0.0,1
491.401,0,0,0.0,0.0,1
491.401,0,0,0.0,0.0,1
491.501,0,0,0.0,0.0,1
491.501,0,0,0.0,0.0,1
491.601,0,0,0.0,0.0,1
491.601,0,0,0.0,0.0,1
491.601,0,0,0.0,0.0,1
491.701,0,0,0.0,0.0,1
491.701,0,0,0.0,0.0,1
491.701,0,0,0.0,0.0,1
491.801,0,0,0.0,0.0,1
491.801,0,0,0.0,0.0,1
491.901,0,0,0.0,0.0,1
491.901,0,0,0.0,0.0,1
491.901,0,0,0.0,0.0,1
492.001,0,0,0.0,0.0,1
492.001,0,0,0.0,0.0,1
492.101,0,0,0.0,0.0,1
492.101,0,0,0.0,0.0,1
492.101,0,0,0.0,0.0,1
492.201,0,0,0.0,0.0,1
492.201,0,0,0.0,0.0,1
492.201,0,0,0.0,0.0,1
492.301,0,0,0.0,0.0,1
492.301,0,0,0.0,0.0,1
492.401,0,0,0.0,0.0,1
492.401,0,0,0.0,0.0,1
492.401,0,0,0.0,0.0,1
492.501,0,0,0.0,0.0,1
492.501,0,0,0.0,0.0,1
492.501,0,0,0.0,0.0,1
492.601,0,0,0.0,0.0,1
492.601,0,0,0.0,0.0,1
492.701,0,0,0.0,0.0,1
492.701,0,0,0.0,0.0,1
492.701,0,0,0.0,0.0,1
492.801,0,0,0.0,0.0,1
492.801,0,0,0.0,0.0,1
492.901,0,0,0.0,0.0,1
492.901,0,0,0.0,0.0,1
492.901,0,0,0.0,0.0,1
493.001,0,0,0.0,0.0,1
493.001,0,0,0.0,0.0,1
493.001,0,0,0.0,0.0,1
493.101,0,0,0.0,0.0,1
493.101,0,0,0.0,0.0,1
493.201,0,0,0.0,0.0,1
493.201,0,0,0.0,0.0,1
493.201,0,0,0.0,0.0,1
493.301,0,0,0.0,0.0,1
493.301,0,0,0.0,0.0,1
493.401,0,0,0.0,0.0,1
493.401,0,0,0.0,0.0,1
493.401,0,0,0.0,0.0,1
493.501,0,0,0.0,0.0,1
493.501,0,0,0.0,0.0,1
493.501,0,0,0.0,0.0,1
493.601,0,0,0.0,0.0,1
493.601,0,0,0.0,0.0,1
493.701,0,0,0.0,0.0,1
493.701,0,0,0.0,0.0,1
493.701,0,0,0.0,0.0,1
493.801,0,0,0.0,0.0,1
493.801,0,0,0.0,0.0,1
493.901,0,0,0.0,0.0,1
493.901,0,0,0.0,0.0,1
493.901,0,0,0.0,0.0,1
494.001,0,0,0.0,0.0,1
494.001,0,0,0.0,0.0,1
494.001,0,0,0.0,0.0,1
494.101,0,0,0.0,0.0,1
494.101,0,0,0.0,0.0,1
494.201,0,0,0.0,0.0,1
494.201,0,0,0.0,0.0,1
494.201,0,0,0.0,0.0,1
494.301,0,0,0.0,0.0,1
494.301,0,0,0.0,0.0,1
494.401,0,0,0.0,0.0,1
494.401,0,0,0.0,0.0,1
494.401,0,0,0.0,0.0,1
494.501,0,0,0.0,0.0,1
494.501,0,0,0.0,0.0,1
494.501,0,0,0.0,0.0,1
494.601,0,0,0.0,0.0,1
494.601,0,0,0.0,0.0,1
494.701,0,0,0.0,0.0,1
494.701,0,0,0.0,0.0,1
494.701,0,0,0.0,0.0,1
494.801,0,0,0.0,0.0,1
494.801,0,0,0.0,0.0,1
494.801,0,0,0.0,0.0,1
494.901,0,0,0.0,0.0,1
494.901,0,0,0.0,0.0,1
495.001,0,0,0.0,0.0,1
495.001,0,0,0.0,0.0,1
495.001,0,0,0.0,0.0,1
495.101,0,0,0.0,0.0,1
495.101,0,0,0.0,0.0,1
495.201,0,0,0.0,0.0,1
495.201,0,0,0.0,0.0,1
495.201,0,0,0.0,0.0,1
495.301,0,0,0.0,0.0,1
495.301,0,0,0.0,0.0,1
495.301,0,0,0.0,0.0,1
495.401,0,0,0.0,0.0,1
495.401,0,0,0.0,0.0,1
495.501,0,0,0.0,0.0,1
495.501,0,0,0.0,0.0,1
495.501,0,0,0.0,0.0,1
495.601,0,0,0.0,0.0,1
495.601,0,0,0.0,0.0,1
495.701,0,0,0.0,0.0,1
495.701,0,0,0.0,0.0,1
495.701,0,0,0.0,0.0,1
495.801,0,0,0.0,0.0,1
495.801,0,0,0.0,0.0,1
495.801,0,0,0.0,0.0,1
495.901,0,0,0.0,0.0,1
495.901,0,0,0.0,0.0,1
496.001,0,0,0.0,0.0,1
496.001,0,0,0.0,0.0,1
496.001,0,0,0.0,0.0,1
496.101,0,0,0.0,0.0,1
496.101,0,0,0.0,0.0,1
496.201,0,0,0.0,0.0,1
496.201,0,0,0.0,0.0,1
496.201,0,0,0.0,0.0,1
496.301,0,0,0.0,0.0,1
496.301,0,0,0.0,0.0,1
496.301,0,0,0.0,0.0,1
496.401,0,0,0.0,0.0,1
496.401,0,0,0.0,0.0,1
496.501,0,0,0.0,0.0,1
496.501,0,0,0.0,0.0,1
496.501,0,0,0.0,0.0,1
496.601,0,0,0.0,0.0,0
496.601,0,0,0.0,0.0,0
496.701,0,0,0.0,0.0,0
496.701,0,0,0.0,0.0,0
496.701,0,0,0.0,0.0,0
496.801,0,0,0.0,0.0,0
496.801,0,0,0.0,0.0,0
496.801,0,0,0.0,0.0,0
496.901,0,0,0.0,0.0,0
496.901,0,0,0.0,0.0,0
497.001,0,0,0.0,0.0,0
497.001,0,0,0.0,0.0,0
497.001,0,0,0.0,0.0,0
497.101,0,0,0.0,0.0,0
497.101,0,0,0.0,0.0,0
497.101,0,0,0.0,0.0,0
497.201,0,0,0.0,0.0,0
497.201,0,0,0.0,0.0,0
497.301,0,0,0.0,0.0,0
497.301,0,0,0.0,0.0,0
497.301,0,0,0.0,0.0,0
