t_sec,turn_class,hill_class,turn_angle_deg,hill_angle_deg,is_straight
0.000,0,0,0.0,0.0,0
0.000,0,0,0.0,0.0,0
0.000,0,0,0.0,0.0,0
0.000,0,0,0.0,0.0,0
0.000,0,0,0.0,0.0,0
0.000,0,0,0.0,0.0,0
0.101,0,0,0.0,0.0,0
0.101,0,0,0.0,0.0,0
0.101,0,0,0.0,0.0,0
0.101,0,0,0.0,0.0,0
0.101,0,0,0.0,0.0,0
0.200,0,0,0.0,0.0,0
0.200,0,0,0.0,0.0,0
0.200,0,0,0.0,0.0,0
0.200,0,0,0.0,0.0,0
0.200,0,0,0.0,0.0,0
0.301,0,0,0.0,0.0,0
0.301,0,0,0.0,0.0,0
0.301,0,0,0.0,0.0,0
0.301,0,0,0.0,0.0,0
0.301,0,0,0.0,0.0,0
0.301,0,0,0.0,0.0,0
0.400,0,0,0.0,0.0,0
0.400,0,0,0.0,0.0,0
0.400,0,0,0.0,0.0,0
0.400,0,0,0.0,0.0,0
0.400,0,0,0.0,0.0,0
0.501,0,0,0.0,0.0,0
0.501,0,0,0.0,0.0,0
0.501,0,0,0.0,0.0,0
0.501,0,0,0.0,0.0,0
0.501,0,0,0.0,0.0,0
0.600,0,0,0.0,0.0,0
0.600,0,0,0.0,0.0,0
0.600,0,0,0.0,0.0,0
0.600,0,0,0.0,0.0,0
0.600,0,0,0.0,0.0,0
0.701,0,0,0.0,0.0,0
0.701,0,0,0.0,0.0,0
0.701,0,0,0.0,0.0,0
0.701,0,0,0.0,0.0,0
0.701,0,0,0.0,0.0,0
0.800,0,0,0.0,0.0,0
0.800,0,0,0.0,0.0,0
0.800,0,0,0.0,0.0,0
0.800,0,0,0.0,0.0,0
0.800,0,0,0.0,0.0,0
0.800,0,0,0.0,0.0,0
0.900,0,0,0.0,0.0,0
0.900,0,0,0.0,0.0,0
0.900,0,0,0.0,0.0,0
0.900,0,0,0.0,0.0,0
0.900,0,0,0.0,0.0,0
1.000,0,0,0.0,0.0,0
1.000,0,0,0.0,0.0,0
1.000,0,0,0.0,0.0,0
1.000,0,0,0.0,0.0,0
1.000,0,0,0.0,0.0,0
1.101,0,0,0.0,0.0,0
1.101,0,0,0.0,0.0,0
1.101,0,0,0.0,0.0,0
1.101,0,0,0.0,0.0,0
1.101,0,0,0.0,0.0,0
1.200,0,0,0.0,0.0,0
1.200,0,0,0.0,0.0,0
1.200,0,0,0.0,0.0,0
1.200,0,0,0.0,0.0,0
1.200,0,0,0.0,0.0,0
1.200,0,0,0.0,0.0,0
1.301,0,0,0.0,0.0,0
1.301,0,0,0.0,0.0,0
1.301,0,0,0.0,0.0,0
1.301,0,0,0.0,0.0,0
1.301,0,0,0.0,0.0,0
1.400,0,0,0.0,0.0,0
1.400,0,0,0.0,0.0,0
1.400,0,0,0.0,0.0,0
1.400,0,0,0.0,0.0,0
1.400,0,0,0.0,0.0,0
1.500,0,0,0.0,0.0,0
1.500,0,0,0.0,0.0,0
1.500,0,0,0.0,0.0,0
1.500,0,0,0.0,0.0,0
1.500,0,0,0.0,0.0,0
1.600,0,0,0.0,0.0,0
1.600,0,0,0.0,0.0,0
1.600,0,0,0.0,0.0,0
1.600,0,0,0.0,0.0,0
1.600,0,0,0.0,0.0,0
1.701,0,0,0.0,0.0,0
1.701,0,0,0.0,0.0,0
1.701,0,0,0.0,0.0,0
1.701,0,0,0.0,0.0,0
1.701,0,0,0.0,0.0,0
1.701,0,0,0.0,0.0,0
1.800,0,0,0.0,0.0,0
1.800,0,0,0.0,0.0,0
1.800,0,0,0.0,0.0,0
1.800,0,0,0.0,0.0,0
1.800,0,0,0.0,0.0,0
1.900,0,0,0.0,0.0,0
1.900,0,0,0.0,0.0,0
1.900,0,0,0.0,0.0,0
1.900,0,0,0.0,0.0,0
1.900,0,0,0.0,0.0,0
2.000,0,0,0.0,0.0,0
2.000,0,0,0.0,0.0,0
2.000,0,0,0.0,0.0,0
2.000,0,0,0.0,0.0,0
2.000,0,0,0.0,0.0,0
2.100,0,0,0.0,0.0,0
2.100,0,0,0.0,0.0,0
2.100,0,0,0.0,0.0,0
2.100,0,0,0.0,0.0,0
2.100,0,0,0.0,0.0,0
2.100,0,0,0.0,0.0,0
2.200,0,0,0.0,0.0,0
2.200,0,0,0.0,0.0,0
2.200,0,0,0.0,0.0,0
2.200,0,0,0.0,0.0,0
2.200,0,0,0.0,0.0,0
2.300,0,0,0.0,0.0,0
2.300,0,0,0.0,0.0,0
2.300,0,0,0.0,0.0,0
2.300,0,0,0.0,0.0,0
2.300,0,0,0.0,0.0,0
2.400,0,0,0.0,0.0,0
2.400,0,0,0.0,0.0,0
2.400,0,0,0.0,0.0,0
2.400,0,0,0.0,0.0,0
2.400,0,0,0.0,0.0,0
2.500,0,0,0.0,0.0,0
2.500,0,0,0.0,0.0,0
2.500,0,0,0.0,0.0,0
2.500,0,0,0.0,0.0,0
2.500,0,0,0.0,0.0,0
2.600,0,0,0.0,0.0,0
2.600,0,0,0.0,0.0,0
2.600,0,0,0.0,0.0,0
2.600,0,0,0.0,0.0,0
2.600,0,0,0.0,0.0,0
2.600,0,0,0.0,0.0,0
2.701,0,0,0.0,0.0,0
2.701,0,0,0.0,0.0,0
2.701,0,0,0.0,0.0,0
2.701,0,0,0.0,0.0,0
2.701,0,0,0.0,0.0,0
2.800,0,0,0.0,0.0,0
2.800,0,0,0.0,0.0,0
2.800,0,0,0.0,0.0,0
2.800,0,0,0.0,0.0,0
2.800,0,0,0.0,0.0,0
2.900,0,0,0.0,0.0,0
2.900,0,0,0.0,0.0,0
2.900,0,0,0.0,0.0,0
2.900,0,0,0.0,0.0,0
2.900,0,0,0.0,0.0,0
3.000,0,0,0.0,0.0,0
3.000,0,0,0.0,0.0,0
3.000,0,0,0.0,0.0,0
3.000,0,0,0.0,0.0,0
3.000,0,0,0.0,0.0,0
3.100,0,0,0.0,0.0,0
3.100,0,0,0.0,0.0,0
3.100,0,0,0.0,0.0,0
3.100,0,0,0.0,0.0,0
3.100,0,0,0.0,0.0,0
3.100,0,0,0.0,0.0,0
3.200,0,0,0.0,0.0,0
3.200,0,0,0.0,0.0,0
3.200,0,0,0.0,0.0,0
3.200,0,0,0.0,0.0,0
3.200,0,0,0.0,0.0,0
3.301,0,0,0.0,0.0,0
3.301,0,0,0.0,0.0,0
3.301,0,0,0.0,0.0,0
3.301,0,0,0.0,0.0,0
3.301,0,0,0.0,0.0,0
3.400,0,0,0.0,0.0,0
3.400,0,0,0.0,0.0,0
3.400,0,0,0.0,0.0,0
3.400,0,0,0.0,0.0,0
3.400,0,0,0.0,0.0,0
3.501,0,0,0.0,0.0,0
3.501,0,0,0.0,0.0,0
3.501,0,0,0.0,0.0,0
3.501,0,0,0.0,0.0,0
3.501,0,0,0.0,0.0,0
3.501,0,0,0.0,0.0,0
3.600,0,0,0.0,0.0,0
3.600,0,0,0.0,0.0,0
3.600,0,0,0.0,0.0,0
3.600,0,0,0.0,0.0,0
3.600,0,0,0.0,0.0,0
3.700,0,0,0.0,0.0,0
3.700,0,0,0.0,0.0,0
3.700,0,0,0.0,0.0,0
3.700,0,0,0.0,0.0,0
3.700,0,0,0.0,0.0,0
3.800,0,0,0.0,0.0,0
3.800,0,0,0.0,0.0,0
3.800,0,0,0.0,0.0,0
3.800,0,0,0.0,0.0,0
3.800,0,0,0.0,0.0,0
3.901,0,0,0.0,0.0,0
3.901,0,0,0.0,0.0,0
3.901,0,0,0.0,0.0,0
3.901,0,0,0.0,0.0,0
3.901,0,0,0.0,0.0,0
4.000,0,0,0.0,0.0,0
4.000,0,0,0.0,0.0,0
4.000,0,0,0.0,0.0,0
4.000,0,0,0.0,0.0,0
4.000,0,0,0.0,0.0,0
4.000,0,0,0.0,0.0,0
4.101,0,0,0.0,0.0,0
4.101,0,0,0.0,0.0,0
4.101,0,0,0.0,0.0,0
4.101,0,0,0.0,0.0,0
4.101,0,0,0.0,0.0,0
4.200,0,0,0.0,0.0,0
4.200,0,0,0.0,0.0,0
4.200,0,0,0.0,0.0,0
4.200,0,0,0.0,0.0,0
4.200,0,0,0.0,0.0,0
4.300,0,0,0.0,0.0,0
4.300,0,0,0.0,0.0,0
4.300,0,0,0.0,0.0,0
4.300,0,0,0.0,0.0,0
4.300,0,0,0.0,0.0,0
4.400,0,0,0.0,0.0,0
4.400,0,0,0.0,0.0,0
4.400,0,0,0.0,0.0,0
4.400,0,0,0.0,0.0,0
4.400,0,0,0.0,0.0,0
4.500,0,0,0.0,0.0,0
4.500,0,0,0.0,0.0,0
4.500,0,0,0.0,0.0,0
4.500,0,0,0.0,0.0,0
4.500,0,0,0.0,0.0,0
4.500,0,0,0.0,0.0,0
4.600,0,0,0.0,0.0,0
4.600,0,0,0.0,0.0,0
4.600,0,0,0.0,0.0,0
4.600,0,0,0.0,0.0,0
4.600,0,0,0.0,0.0,0
4.701,0,0,0.0,0.0,0
4.701,0,0,0.0,0.0,0
4.701,0,0,0.0,0.0,0
4.701,0,0,0.0,0.0,0
4.701,0,0,0.0,0.0,0
4.800,0,0,0.0,0.0,0
4.800,0,0,0.0,0.0,0
4.800,0,0,0.0,0.0,0
4.800,0,0,0.0,0.0,0
4.800,0,0,0.0,0.0,0
4.901,0,0,0.0,0.0,0
4.901,0,0,0.0,0.0,0
4.901,0,0,0.0,0.0,0
4.901,0,0,0.0,0.0,0
4.901,0,0,0.0,0.0,0
4.901,0,0,0.0,0.0,0
5.000,0,0,0.0,0.0,0
5.000,0,0,0.0,0.0,0
5.000,0,0,0.0,0.0,0
5.000,0,0,0.0,0.0,0
5.000,0,0,0.0,0.0,0
5.100,0,0,0.0,0.0,0
5.100,0,0,0.0,0.0,0
5.100,0,0,0.0,0.0,0
5.100,0,0,0.0,0.0,0
5.100,0,0,0.0,0.0,0
5.200,0,0,0.0,0.0,0
5.200,0,0,0.0,0.0,0
5.200,0,0,0.0,0.0,0
5.200,0,0,0.0,0.0,0
5.200,0,0,0.0,0.0,0
5.301,0,0,0.0,0.0,0
5.301,0,0,0.0,0.0,0
5.301,0,0,0.0,0.0,0
5.301,0,0,0.0,0.0,0
5.301,0,0,0.0,0.0,0
5.400,0,0,0.0,0.0,0
5.400,0,0,0.0,0.0,0
5.400,0,0,0.0,0.0,0
5.400,0,0,0.0,0.0,0
5.400,0,0,0.0,0.0,0
5.400,0,0,0.0,0.0,0
5.500,0,0,0.0,0.0,0
5.500,0,0,0.0,0.0,0
5.500,0,0,0.0,0.0,0
5.500,0,0,0.0,0.0,0
5.500,0,0,0.0,0.0,0
5.600,0,0,0.0,0.0,0
5.600,0,0,0.0,0.0,0
5.600,0,0,0.0,0.0,0
5.600,0,0,0.0,0.0,0
5.600,0,0,0.0,0.0,0
5.701,0,0,0.0,0.0,0
5.701,0,0,0.0,0.0,0
5.701,0,0,0.0,0.0,0
5.701,0,0,0.0,0.0,0
5.701,0,0,0.0,0.0,0
5.800,0,0,0.0,0.0,0
5.800,0,0,0.0,0.0,0
5.800,0,0,0.0,0.0,0
5.800,0,0,0.0,0.0,0
5.800,0,0,0.0,0.0,0
5.800,0,0,0.0,0.0,0
5.901,0,0,0.0,0.0,0
5.901,0,0,0.0,0.0,0
5.901,0,0,0.0,0.0,0
5.901,0,0,0.0,0.0,0
5.901,0,0,0.0,0.0,0
6.000,0,0,0.0,0.0,0
6.000,0,0,0.0,0.0,0
6.000,0,0,0.0,0.0,0
6.000,0,0,0.0,0.0,0
6.000,0,0,0.0,0.0,0
6.101,0,0,0.0,0.0,0
6.101,0,0,0.0,0.0,0
6.101,0,0,0.0,0.0,0
6.101,0,0,0.0,0.0,0
6.101,0,0,0.0,0.0,0
6.200,0,0,0.0,0.0,0
6.200,0,0,0.0,0.0,0
6.200,0,0,0.0,0.0,0
6.200,0,0,0.0,0.0,0
6.200,0,0,0.0,0.0,0
6.301,0,0,0.0,0.0,0
6.301,0,0,0.0,0.0,0
6.301,0,0,0.0,0.0,0
6.301,0,0,0.0,0.0,0
6.301,0,0,0.0,0.0,0
6.301,0,0,0.0,0.0,0
6.400,0,0,0.0,0.0,0
6.400,0,0,0.0,0.0,0
6.400,0,0,0.0,0.0,0
6.400,0,0,0.0,0.0,0
6.400,0,0,0.0,0.0,0
6.501,0,0,0.0,0.0,0
6.501,0,0,0.0,0.0,0
6.501,0,0,0.0,0.0,0
6.501,0,0,0.0,0.0,0
6.501,0,0,0.0,0.0,0
6.600,0,0,0.0,0.0,0
6.600,0,0,0.0,0.0,0
6.600,0,0,0.0,0.0,0
6.600,0,0,0.0,0.0,0
6.600,0,0,0.0,0.0,0
6.700,0,0,0.0,0.0,0
6.700,0,0,0.0,0.0,0
6.700,0,0,0.0,0.0,0
6.700,0,0,0.0,0.0,0
6.700,0,0,0.0,0.0,0
6.700,0,0,0.0,0.0,0
6.800,0,0,0.0,0.0,0
6.800,0,0,0.0,0.0,0
6.800,0,0,0.0,0.0,0
6.800,0,0,0.0,0.0,0
6.800,0,0,0.0,0.0,0
6.901,0,0,0.0,0.0,0
6.901,0,0,0.0,0.0,0
6.901,0,0,0.0,0.0,0
6.901,0,0,0.0,0.0,0
6.901,0,0,0.0,0.0,0
7.000,0,0,0.0,0.0,0
7.000,0,0,0.0,0.0,0
7.000,0,0,0.0,0.0,0
7.000,0,0,0.0,0.0,0
7.000,0,0,0.0,0.0,0
7.100,0,0,0.0,0.0,0
7.100,0,0,0.0,0.0,0
7.100,0,0,0.0,0.0,0
7.100,0,0,0.0,0.0,0
7.100,0,0,0.0,0.0,0
7.200,0,0,0.0,0.0,0
7.200,0,0,0.0,0.0,0
7.200,0,0,0.0,0.0,0
7.200,0,0,0.0,0.0,0
7.200,0,0,0.0,0.0,0
7.200,0,0,0.0,0.0,0
7.301,0,0,0.0,0.0,0
7.301,0,0,0.0,0.0,0
7.301,0,0,0.0,0.0,0
7.301,0,0,0.0,0.0,0
7.301,0,0,0.0,0.0,0
7.400,0,0,0.0,0.0,0
7.400,0,0,0.0,0.0,0
7.400,0,0,0.0,0.0,0
7.400,0,0,0.0,0.0,0
7.400,0,0,0.0,0.0,0
7.500,0,0,0.0,0.0,0
7.500,0,0,0.0,0.0,0
7.500,0,0,0.0,0.0,0
7.500,0,0,0.0,0.0,0
7.500,0,0,0.0,0.0,0
7.600,0,0,0.0,0.0,0
7.600,0,0,0.0,0.0,0
7.600,0,0,0.0,0.0,0
7.600,0,0,0.0,0.0,0
7.600,0,0,0.0,0.0,0
7.700,0,0,0.0,0.0,0
7.700,0,0,0.0,0.0,0
7.700,0,0,0.0,0.0,0
7.700,0,0,0.0,0.0,0
7.700,0,0,0.0,0.0,0
7.700,0,0,0.0,0.0,0
7.800,0,0,0.0,0.0,0
7.800,0,0,0.0,0.0,0
7.800,0,0,0.0,0.0,0
7.800,0,0,0.0,0.0,0
7.800,0,0,0.0,0.0,0
7.900,0,0,0.0,0.0,0
7.900,0,0,0.0,0.0,0
7.900,0,0,0.0,0.0,0
7.900,0,0,0.0,0.0,0
7.900,0,0,0.0,0.0,0
8.000,0,0,0.0,0.0,0
8.000,0,0,0.0,0.0,0
8.000,0,0,0.0,0.0,0
8.000,0,0,0.0,0.0,0
8.000,0,0,0.0,0.0,0
8.100,0,0,0.0,0.0,0
8.100,0,0,0.0,0.0,0
8.100,0,0,0.0,0.0,0
8.100,0,0,0.0,0.0,0
8.100,0,0,0.0,0.0,0
8.100,0,0,0.0,0.0,0
8.200,0,0,0.0,0.0,0
8.200,0,0,0.0,0.0,0
8.200,0,0,0.0,0.0,0
8.200,0,0,0.0,0.0,0
8.200,0,0,0.0,0.0,0
8.300,0,0,0.0,0.0,0
8.300,0,0,0.0,0.0,0
8.300,0,0,0.0,0.0,0
8.300,0,0,0.0,0.0,0
8.300,0,0,0.0,0.0,0
8.400,0,0,0.0,0.0,0
8.400,0,0,0.0,0.0,0
8.400,0,0,0.0,0.0,0
8.400,0,0,0.0,0.0,0
8.400,0,0,0.0,0.0,0
8.500,0,0,0.0,0.0,0
8.500,0,0,0.0,0.0,0
8.500,0,0,0.0,0.0,0
8.500,0,0,0.0,0.0,0
8.500,0,0,0.0,0.0,0
8.600,0,0,0.0,0.0,0
8.600,0,0,0.0,0.0,0
8.600,0,0,0.0,0.0,0
8.600,0,0,0.0,0.0,0
8.600,0,0,0.0,0.0,0
8.600,0,0,0.0,0.0,0
8.700,0,0,0.0,0.0,0
8.700,0,0,0.0,0.0,0
8.700,0,0,0.0,0.0,0
8.700,0,0,0.0,0.0,0
8.700,0,0,0.0,0.0,0
8.800,0,0,0.0,0.0,0
8.800,0,0,0.0,0.0,0
8.800,0,0,0.0,0.0,0
8.800,0,0,0.0,0.0,0
8.800,0,0,0.0,0.0,0
8.901,0,0,0.0,0.0,0
8.901,0,0,0.0,0.0,0
8.901,0,0,0.0,0.0,0
8.901,0,0,0.0,0.0,0
8.901,0,0,0.0,0.0,0
9.000,0,0,0.0,0.0,0
9.000,0,0,0.0,0.0,0
9.000,0,0,0.0,0.0,0
9.000,0,0,0.0,0.0,0
9.000,0,0,0.0,0.0,0
9.100,0,0,0.0,0.0,0
9.100,0,0,0.0,0.0,0
9.100,0,0,0.0,0.0,0
9.100,0,0,0.0,0.0,0
9.100,0,0,0.0,0.0,0
9.100,0,0,0.0,0.0,0
9.200,0,0,0.0,0.0,0
9.200,0,0,0.0,0.0,0
9.200,0,0,0.0,0.0,0
9.200,0,0,0.0,0.0,0
9.200,0,0,0.0,0.0,0
9.301,0,0,0.0,0.0,0
9.301,0,0,0.0,0.0,0
9.301,0,0,0.0,0.0,0
9.301,0,0,0.0,0.0,0
9.301,0,0,0.0,0.0,0
9.400,0,0,0.0,0.0,0
9.400,0,0,0.0,0.0,0
9.400,0,0,0.0,0.0,0
9.400,0,0,0.0,0.0,0
9.400,0,0,0.0,0.0,0
9.501,0,0,0.0,0.0,0
9.501,0,0,0.0,0.0,0
9.501,0,0,0.0,0.0,0
9.501,0,0,0.0,0.0,0
9.501,0,0,0.0,0.0,0
9.501,0,0,0.0,0.0,0
9.600,0,0,0.0,0.0,0
9.600,0,0,0.0,0.0,0
9.600,0,0,0.0,0.0,0
9.600,0,0,0.0,0.0,0
9.600,0,0,0.0,0.0,0
9.701,0,0,0.0,0.0,0
9.701,0,0,0.0,0.0,0
9.701,0,0,0.0,0.0,0
9.701,0,0,0.0,0.0,0
9.701,0,0,0.0,0.0,0
9.800,0,0,0.0,0.0,0
9.800,0,0,0.0,0.0,0
9.800,0,0,0.0,0.0,0
9.800,0,0,0.0,0.0,0
9.800,0,0,0.0,0.0,0
9.901,0,0,0.0,0.0,0
9.901,0,0,0.0,0.0,0
9.901,0,0,0.0,0.0,0
9.901,0,0,0.0,0.0,0
9.901,0,0,0.0,0.0,0
9.901,0,0,0.0,0.0,0
10.000,0,0,0.0,0.0,0
10.000,0,0,0.0,0.0,0
10.000,0,0,0.0,0.0,0
10.000,0,0,0.0,0.0,0
10.000,0,0,0.0,0.0,0
10.100,0,0,0.0,0.0,0
10.100,0,0,0.0,0.0,0
10.100,0,0,0.0,0.0,0
10.100,0,0,0.0,0.0,0
10.100,0,0,0.0,0.0,0
10.200,0,0,0.0,0.0,0
10.200,0,0,0.0,0.0,0
10.200,0,0,0.0,0.0,0
10.200,0,0,0.0,0.0,0
10.200,0,0,0.0,0.0,0
10.300,0,0,0.0,0.0,0
10.300,0,0,0.0,0.0,0
10.300,0,0,0.0,0.0,0
10.300,0,0,0.0,0.0,0
10.300,0,0,0.0,0.0,0
10.400,0,0,0.0,0.0,0
10.400,0,0,0.0,0.0,0
10.400,0,0,0.0,0.0,0
10.400,0,0,0.0,0.0,0
10.400,0,0,0.0,0.0,0
10.400,0,0,0.0,0.0,0
10.501,0,0,0.0,0.0,0
10.501,0,0,0.0,0.0,0
10.501,0,0,0.0,0.0,0
10.501,0,0,0.0,0.0,0
10.501,0,0,0.0,0.0,0
10.600,0,0,0.0,0.0,0
10.600,0,0,0.0,0.0,0
10.600,0,0,0.0,0.0,0
10.600,0,0,0.0,0.0,0
10.600,0,0,0.0,0.0,0
10.700,0,0,0.0,0.0,0
10.700,0,0,0.0,0.0,0
10.700,0,0,0.0,0.0,0
10.700,0,0,0.0,0.0,0
10.700,0,0,0.0,0.0,0
10.800,0,0,0.0,0.0,0
10.800,0,0,0.0,0.0,0
10.800,0,0,0.0,0.0,0
10.800,0,0,0.0,0.0,0
10.800,0,0,0.0,0.0,0
10.901,0,0,0.0,0.0,0
10.901,0,0,0.0,0.0,0
10.901,0,0,0.0,0.0,0
10.901,0,0,0.0,0.0,0
10.901,0,0,0.0,0.0,0
10.901,0,0,0.0,0.0,0
11.000,0,0,0.0,0.0,0
11.000,0,0,0.0,0.0,0
11.000,0,0,0.0,0.0,0
11.000,0,0,0.0,0.0,0
11.000,0,0,0.0,0.0,0
11.100,0,0,0.0,0.0,0
11.100,0,0,0.0,0.0,0
11.100,0,0,0.0,0.0,0
11.100,0,0,0.0,0.0,0
11.100,0,0,0.0,0.0,0
11.200,0,0,0.0,0.0,0
11.200,0,0,0.0,0.0,0
11.200,0,0,0.0,0.0,0
11.200,0,0,0.0,0.0,0
11.200,0,0,0.0,0.0,0
11.300,0,0,0.0,0.0,0
11.300,0,0,0.0,0.0,0
11.300,0,0,0.0,0.0,0
11.300,0,0,0.0,0.0,0
11.300,0,0,0.0,0.0,0
11.300,0,0,0.0,0.0,0
11.400,0,0,0.0,0.0,0
11.400,0,0,0.0,0.0,0
11.400,0,0,0.0,0.0,0
11.400,0,0,0.0,0.0,0
11.400,0,0,0.0,0.0,0
11.501,0,0,0.0,0.0,0
11.501,0,0,0.0,0.0,0
11.501,0,0,0.0,0.0,0
11.501,0,0,0.0,0.0,0
11.501,0,0,0.0,0.0,0
11.600,0,0,0.0,0.0,0
11.600,0,0,0.0,0.0,0
11.600,0,0,0.0,0.0,0
11.600,0,0,0.0,0.0,0
11.600,0,0,0.0,0.0,0
11.701,0,0,0.0,0.0,0
11.701,0,0,0.0,0.0,0
11.701,0,0,0.0,0.0,0
11.701,0,0,0.0,0.0,0
11.701,0,0,0.0,0.0,0
11.800,0,0,0.0,0.0,0
11.800,0,0,0.0,0.0,0
11.800,0,0,0.0,0.0,0
11.800,0,0,0.0,0.0,0
11.800,0,0,0.0,0.0,0
11.800,0,0,0.0,0.0,0
11.901,0,0,0.0,0.0,0
11.901,0,0,0.0,0.0,0
11.901,0,0,0.0,0.0,0
11.901,0,0,0.0,0.0,0
11.901,0,0,0.0,0.0,0
12.000,0,0,0.0,0.0,0
12.000,0,0,0.0,0.0,0
12.000,0,0,0.0,0.0,0
12.000,0,0,0.0,0.0,0
12.000,0,0,0.0,0.0,0
12.101,0,0,0.0,0.0,0
12.101,0,0,0.0,0.0,0
12.101,0,0,0.0,0.0,0
12.101,0,0,0.0,0.0,0
12.101,0,0,0.0,0.0,0
12.200,0,0,0.0,0.0,0
12.200,0,0,0.0,0.0,0
12.200,0,0,0.0,0.0,0
12.200,0,0,0.0,0.0,0
12.200,0,0,0.0,0.0,0
12.301,0,0,0.0,0.0,0
12.301,0,0,0.0,0.0,0
12.301,0,0,0.0,0.0,0
12.301,0,0,0.0,0.0,0
12.301,0,0,0.0,0.0,0
12.301,0,0,0.0,0.0,0
12.400,0,0,0.0,0.0,0
12.400,0,0,0.0,0.0,0
12.400,0,0,0.0,0.0,0
12.400,0,0,0.0,0.0,0
12.400,0,0,0.0,0.0,0
12.500,0,0,0.0,0.0,0
12.500,0,0,0.0,0.0,0
12.500,0,0,0.0,0.0,0
12.500,0,0,0.0,0.0,0
12.500,0,0,0.0,0.0,0
12.600,0,0,0.0,0.0,0
12.600,0,0,0.0,0.0,0
12.600,0,0,0.0,0.0,0
12.600,0,0,0.0,0.0,0
12.600,0,0,0.0,0.0,0
12.701,0,0,0.0,0.0,0
12.701,0,0,0.0,0.0,0
12.701,0,0,0.0,0.0,0
12.701,0,0,0.0,0.0,0
12.701,0,0,0.0,0.0,0
12.701,0,0,0.0,0.0,0
12.800,0,0,0.0,0.0,0
12.800,0,0,0.0,0.0,0
12.800,0,0,0.0,0.0,0
12.800,0,0,0.0,0.0,0
12.800,0,0,0.0,0.0,0
12.901,0,0,0.0,0.0,0
12.901,0,0,0.0,0.0,0
12.901,0,0,0.0,0.0,0
12.901,0,0,0.0,0.0,0
12.901,0,0,0.0,0.0,0
13.000,0,0,0.0,0.0,0
13.000,0,0,0.0,0.0,0
13.000,0,0,0.0,0.0,0
13.000,0,0,0.0,0.0,0
13.000,0,0,0.0,0.0,0
13.100,0,0,0.0,0.0,0
13.100,0,0,0.0,0.0,0
13.100,0,0,0.0,0.0,0
13.100,0,0,0.0,0.0,0
13.100,0,0,0.0,0.0,0
13.200,0,0,0.0,0.0,0
13.200,0,0,0.0,0.0,0
13.200,0,0,0.0,0.0,0
13.200,0,0,0.0,0.0,0
13.200,0,0,0.0,0.0,0
13.200,0,0,0.0,0.0,0
13.301,0,0,0.0,0.0,0
13.301,0,0,0.0,0.0,0
13.301,0,0,0.0,0.0,0
13.301,0,0,0.0,0.0,0
13.301,0,0,0.0,0.0,0
13.400,0,0,0.0,0.0,0
13.400,0,0,0.0,0.0,0
13.400,0,0,0.0,0.0,0
13.400,0,0,0.0,0.0,0
13.400,0,0,0.0,0.0,0
13.501,0,0,0.0,0.0,0
13.501,0,0,0.0,0.0,0
13.501,0,0,0.0,0.0,0
13.501,0,0,0.0,0.0,0
13.501,0,0,0.0,0.0,0
13.600,0,0,0.0,0.0,0
13.600,0,0,0.0,0.0,0
13.600,0,0,0.0,0.0,0
13.600,0,0,0.0,0.0,0
13.600,0,0,0.0,0.0,0
13.700,0,0,0.0,0.0,0
13.700,0,0,0.0,0.0,0
13.700,0,0,0.0,0.0,0
13.700,0,0,0.0,0.0,0
13.700,0,0,0.0,0.0,0
13.700,0,0,0.0,0.0,0
13.800,0,0,0.0,0.0,0
13.800,0,0,0.0,0.0,0
13.800,0,0,0.0,0.0,0
13.800,0,0,0.0,0.0,0
13.800,0,0,0.0,0.0,0
13.901,0,0,0.0,0.0,0
13.901,0,0,0.0,0.0,0
13.901,0,0,0.0,0.0,0
13.901,0,0,0.0,0.0,0
13.901,0,0,0.0,0.0,0
14.000,0,0,0.0,0.0,0
14.000,0,0,0.0,0.0,0
14.000,0,0,0.0,0.0,0
14.000,0,0,0.0,0.0,0
14.000,0,0,0.0,0.0,0
14.101,0,0,0.0,0.0,0
14.101,0,0,0.0,0.0,0
14.101,0,0,0.0,0.0,0
14.101,0,0,0.0,0.0,0
14.101,0,0,0.0,0.0,0
14.101,0,0,0.0,0.0,0
14.200,0,0,0.0,0.0,0
14.200,0,0,0.0,0.0,0
14.200,0,0,0.0,0.0,0
14.200,0,0,0.0,0.0,0
14.200,0,0,0.0,0.0,0
14.300,0,0,0.0,0.0,0
14.300,0,0,0.0,0.0,0
14.300,0,0,0.0,0.0,0
14.300,0,0,0.0,0.0,0
14.300,0,0,0.0,0.0,0
14.400,0,0,0.0,0.0,0
14.400,0,0,0.0,0.0,0
14.400,0,0,0.0,0.0,0
14.400,0,0,0.0,0.0,0
14.400,0,0,0.0,0.0,0
14.500,0,0,0.0,0.0,0
14.500,0,0,0.0,0.0,0
14.500,0,0,0.0,0.0,0
14.500,0,0,0.0,0.0,0
14.500,0,0,0.0,0.0,0
14.500,0,0,0.0,0.0,0
14.600,0,0,0.0,0.0,0
14.600,0,0,0.0,0.0,0
14.600,0,0,0.0,0.0,0
14.600,0,0,0.0,0.0,0
14.600,0,0,0.0,0.0,0
14.701,0,0,0.0,0.0,0
14.701,0,0,0.0,0.0,0
14.701,0,0,0.0,0.0,0
14.701,0,0,0.0,0.0,0
14.701,0,0,0.0,0.0,0
14.800,0,0,0.0,0.0,0
14.800,0,0,0.0,0.0,0
14.800,0,0,0.0,0.0,0
14.800,0,0,0.0,0.0,0
14.800,0,0,0.0,0.0,0
14.900,0,0,0.0,0.0,0
14.900,0,0,0.0,0.0,0
14.900,0,0,0.0,0.0,0
14.900,0,0,0.0,0.0,0
14.900,0,0,0.0,0.0,0
15.000,0,0,0.0,0.0,0
15.000,0,0,0.0,0.0,0
15.000,0,0,0.0,0.0,0
15.000,0,0,0.0,0.0,0
15.000,0,0,0.0,0.0,0
15.000,0,0,0.0,0.0,0
15.101,0,0,0.0,0.0,0
15.101,0,0,0.0,0.0,0
15.101,0,0,0.0,0.0,0
15.101,0,0,0.0,0.0,0
15.101,0,0,0.0,0.0,0
15.200,0,0,0.0,0.0,0
15.200,0,0,0.0,0.0,0
15.200,0,0,0.0,0.0,0
15.200,0,0,0.0,0.0,0
15.200,0,0,0.0,0.0,0
15.300,0,0,0.0,0.0,0
15.300,0,0,0.0,0.0,0
15.300,0,0,0.0,0.0,0
15.300,0,0,0.0,0.0,0
15.300,0,0,0.0,0.0,0
15.400,0,0,0.0,0.0,0
15.400,0,0,0.0,0.0,0
15.400,0,0,0.0,0.0,0
15.400,0,0,0.0,0.0,0
15.400,0,0,0.0,0.0,0
15.501,1,0,90.0,0.0,0
15.501,1,0,90.0,0.0,0
15.501,1,0,90.0,0.0,0
15.501,1,0,90.0,0.0,0
15.501,1,0,90.0,0.0,0
15.501,1,0,90.0,0.0,0
15.600,1,0,90.0,0.0,0
15.600,1,0,90.0,0.0,0
15.600,1,0,90.0,0.0,0
15.600,1,0,90.0,0.0,0
15.600,1,0,90.0,0.0,0
15.700,1,0,90.0,0.0,0
15.700,1,0,90.0,0.0,0
15.700,1,0,90.0,0.0,0
15.700,1,0,90.0,0.0,0
15.700,1,0,90.0,0.0,0
15.800,1,0,90.0,0.0,0
15.800,1,0,90.0,0.0,0
15.800,1,0,90.0,0.0,0
15.800,1,0,90.0,0.0,0
15.800,1,0,90.0,0.0,0
15.901,1,0,90.0,0.0,0
15.901,1,0,90.0,0.0,0
15.901,1,0,90.0,0.0,0
15.901,1,0,90.0,0.0,0
15.901,1,0,90.0,0.0,0
15.901,1,0,90.0,0.0,0
16.000,1,0,90.0,0.0,0
16.000,1,0,90.0,0.0,0
16.000,1,0,90.0,0.0,0
16.000,1,0,90.0,0.0,0
16.000,1,0,90.0,0.0,0
16.100,1,0,90.0,0.0,0
16.100,1,0,90.0,0.0,0
16.100,1,0,90.0,0.0,0
16.100,1,0,90.0,0.0,0
16.100,1,0,90.0,0.0,0
16.200,1,0,90.0,0.0,0
16.200,1,0,90.0,0.0,0
16.200,1,0,90.0,0.0,0
16.200,1,0,90.0,0.0,0
16.200,1,0,90.0,0.0,0
16.301,1,0,90.0,0.0,0
16.301,1,0,90.0,0.0,0
16.301,1,0,90.0,0.0,0
16.301,1,0,90.0,0.0,0
16.301,1,0,90.0,0.0,0
16.400,1,0,90.0,0.0,0
16.400,1,0,90.0,0.0,0
16.400,1,0,90.0,0.0,0
16.400,1,0,90.0,0.0,0
16.400,1,0,90.0,0.0,0
16.400,1,0,90.0,0.0,0
16.501,1,0,90.0,0.0,0
16.501,1,0,90.0,0.0,0
16.501,1,0,90.0,0.0,0
16.501,1,0,90.0,0.0,0
16.501,1,0,90.0,0.0,0
16.600,1,0,90.0,0.0,0
16.600,1,0,90.0,0.0,0
16.600,1,0,90.0,0.0,0
16.600,1,0,90.0,0.0,0
16.600,1,0,90.0,0.0,0
16.700,1,0,90.0,0.0,0
16.700,1,0,90.0,0.0,0
16.700,1,0,90.0,0.0,0
16.700,1,0,90.0,0.0,0
16.700,1,0,90.0,0.0,0
16.800,1,0,90.0,0.0,0
16.800,1,0,90.0,0.0,0
16.800,1,0,90.0,0.0,0
16.800,1,0,90.0,0.0,0
16.800,1,0,90.0,0.0,0
16.900,1,0,90.0,0.0,0
16.900,1,0,90.0,0.0,0
16.900,1,0,90.0,0.0,0
16.900,1,0,90.0,0.0,0
16.900,1,0,90.0,0.0,0
16.900,1,0,90.0,0.0,0
17.000,1,0,90.0,0.0,0
17.000,1,0,90.0,0.0,0
17.000,1,0,90.0,0.0,0
17.000,1,0,90.0,0.0,0
17.000,1,0,90.0,0.0,0
17.100,1,0,90.0,0.0,0
17.100,1,0,90.0,0.0,0
17.100,1,0,90.0,0.0,0
17.100,1,0,90.0,0.0,0
17.100,1,0,90.0,0.0,0
17.200,1,0,90.0,0.0,0
17.200,1,0,90.0,0.0,0
17.200,1,0,90.0,0.0,0
17.200,1,0,90.0,0.0,0
17.200,1,0,90.0,0.0,0
17.300,1,0,90.0,0.0,0
17.300,1,0,90.0,0.0,0
17.300,1,0,90.0,0.0,0
17.300,1,0,90.0,0.0,0
17.300,1,0,90.0,0.0,0
17.300,1,0,90.0,0.0,0
17.400,1,0,90.0,0.0,0
17.400,1,0,90.0,0.0,0
17.400,1,0,90.0,0.0,0
17.400,1,0,90.0,0.0,0
17.400,1,0,90.0,0.0,0
17.501,1,0,90.0,0.0,0
17.501,1,0,90.0,0.0,0
17.501,1,0,90.0,0.0,0
17.501,1,0,90.0,0.0,0
17.501,1,0,90.0,0.0,0
17.600,1,0,90.0,0.0,0
17.600,1,0,90.0,0.0,0
17.600,1,0,90.0,0.0,0
17.600,1,0,90.0,0.0,0
17.600,1,0,90.0,0.0,0
17.700,1,0,90.0,0.0,0
17.700,1,0,90.0,0.0,0
17.700,1,0,90.0,0.0,0
17.700,1,0,90.0,0.0,0
17.700,1,0,90.0,0.0,0
17.800,1,0,90.0,0.0,0
17.800,1,0,90.0,0.0,0
17.800,1,0,90.0,0.0,0
17.800,1,0,90.0,0.0,0
17.800,1,0,90.0,0.0,0
17.800,1,0,90.0,0.0,0
17.900,1,0,90.0,0.0,0
17.900,1,0,90.0,0.0,0
17.900,1,0,90.0,0.0,0
17.900,1,0,90.0,0.0,0
17.900,1,0,90.0,0.0,0
18.000,1,0,90.0,0.0,0
18.000,1,0,90.0,0.0,0
18.000,1,0,90.0,0.0,0
18.000,1,0,90.0,0.0,0
18.000,1,0,90.0,0.0,0
18.100,1,0,90.0,0.0,0
18.100,1,0,90.0,0.0,0
18.100,1,0,90.0,0.0,0
18.100,1,0,90.0,0.0,0
18.100,1,0,90.0,0.0,0
18.200,1,0,90.0,0.0,0
18.200,1,0,90.0,0.0,0
18.200,1,0,90.0,0.0,0
18.200,1,0,90.0,0.0,0
18.200,1,0,90.0,0.0,0
18.300,1,0,90.0,0.0,0
18.300,1,0,90.0,0.0,0
18.300,1,0,90.0,0.0,0
18.300,1,0,90.0,0.0,0
18.300,1,0,90.0,0.0,0
18.300,1,0,90.0,0.0,0
18.400,1,0,90.0,0.0,0
18.400,1,0,90.0,0.0,0
18.400,1,0,90.0,0.0,0
18.400,1,0,90.0,0.0,0
18.400,1,0,90.0,0.0,0
18.501,1,0,90.0,0.0,0
18.501,1,0,90.0,0.0,0
18.501,1,0,90.0,0.0,0
18.501,1,0,90.0,0.0,0
18.501,1,0,90.0,0.0,0
18.600,1,0,90.0,0.0,0
18.600,1,0,90.0,0.0,0
18.600,1,0,90.0,0.0,0
18.600,1,0,90.0,0.0,0
18.600,1,0,90.0,0.0,0
18.700,1,0,90.0,0.0,0
18.700,1,0,90.0,0.0,0
18.700,1,0,90.0,0.0,0
18.700,1,0,90.0,0.0,0
18.700,1,0,90.0,0.0,0
18.700,1,0,90.0,0.0,0
18.800,1,0,90.0,0.0,0
18.800,1,0,90.0,0.0,0
18.800,1,0,90.0,0.0,0
18.800,1,0,90.0,0.0,0
18.800,1,0,90.0,0.0,0
18.900,1,0,90.0,0.0,0
18.900,1,0,90.0,0.0,0
18.900,1,0,90.0,0.0,0
18.900,1,0,90.0,0.0,0
18.900,1,0,90.0,0.0,0
19.000,1,0,90.0,0.0,0
19.000,1,0,90.0,0.0,0
19.000,1,0,90.0,0.0,0
19.000,1,0,90.0,0.0,0
19.000,1,0,90.0,0.0,0
19.100,1,0,90.0,0.0,0
19.100,1,0,90.0,0.0,0
19.100,1,0,90.0,0.0,0
19.100,1,0,90.0,0.0,0
19.100,1,0,90.0,0.0,0
19.100,1,0,90.0,0.0,0
19.200,1,0,90.0,0.0,0
19.200,1,0,90.0,0.0,0
19.200,1,0,90.0,0.0,0
19.200,1,0,90.0,0.0,0
19.200,1,0,90.0,0.0,0
19.301,1,0,90.0,0.0,0
19.301,1,0,90.0,0.0,0
19.301,1,0,90.0,0.0,0
19.301,1,0,90.0,0.0,0
19.301,1,0,90.0,0.0,0
19.400,1,0,90.0,0.0,0
19.400,1,0,90.0,0.0,0
19.400,1,0,90.0,0.0,0
19.400,1,0,90.0,0.0,0
19.400,1,0,90.0,0.0,0
19.500,1,0,90.0,0.0,0
19.500,1,0,90.0,0.0,0
19.500,1,0,90.0,0.0,0
19.500,1,0,90.0,0.0,0
19.500,1,0,90.0,0.0,0
19.600,1,0,90.0,0.0,0
19.600,1,0,90.0,0.0,0
19.600,1,0,90.0,0.0,0
19.600,1,0,90.0,0.0,0
19.600,1,0,90.0,0.0,0
19.600,1,0,90.0,0.0,0
19.700,1,0,90.0,0.0,0
19.700,1,0,90.0,0.0,0
19.700,1,0,90.0,0.0,0
19.700,1,0,90.0,0.0,0
19.700,1,0,90.0,0.0,0
19.800,1,0,90.0,0.0,0
19.800,1,0,90.0,0.0,0
19.800,1,0,90.0,0.0,0
19.800,1,0,90.0,0.0,0
19.800,1,0,90.0,0.0,0
19.901,1,0,90.0,0.0,0
19.901,1,0,90.0,0.0,0
19.901,1,0,90.0,0.0,0
19.901,1,0,90.0,0.0,0
19.901,1,0,90.0,0.0,0
20.000,1,0,90.0,0.0,0
20.000,1,0,90.0,0.0,0
20.000,1,0,90.0,0.0,0
20.000,1,0,90.0,0.0,0
20.000,1,0,90.0,0.0,0
20.100,1,0,90.0,0.0,0
20.100,1,0,90.0,0.0,0
20.100,1,0,90.0,0.0,0
20.100,1,0,90.0,0.0,0
20.100,1,0,90.0,0.0,0
20.100,1,0,90.0,0.0,0
20.200,1,0,90.0,0.0,0
20.200,1,0,90.0,0.0,0
20.200,1,0,90.0,0.0,0
20.200,1,0,90.0,0.0,0
20.200,1,0,90.0,0.0,0
20.301,1,0,90.0,0.0,0
20.301,1,0,90.0,0.0,0
20.301,1,0,90.0,0.0,0
20.301,1,0,90.0,0.0,0
20.301,1,0,90.0,0.0,0
20.400,1,0,90.0,0.0,0
20.400,1,0,90.0,0.0,0
20.400,1,0,90.0,0.0,0
20.400,1,0,90.0,0.0,0
20.400,1,0,90.0,0.0,0
20.500,1,0,90.0,0.0,0
20.500,1,0,90.0,0.0,0
20.500,1,0,90.0,0.0,0
20.500,1,0,90.0,0.0,0
20.500,1,0,90.0,0.0,0
20.500,1,0,90.0,0.0,0
20.600,1,0,90.0,0.0,0
20.600,1,0,90.0,0.0,0
20.600,1,0,90.0,0.0,0
20.600,1,0,90.0,0.0,0
20.600,1,0,90.0,0.0,0
20.700,1,0,90.0,0.0,0
20.700,1,0,90.0,0.0,0
20.700,1,0,90.0,0.0,0
20.700,1,0,90.0,0.0,0
20.700,1,0,90.0,0.0,0
20.800,1,0,90.0,0.0,0
20.800,1,0,90.0,0.0,0
20.800,1,0,90.0,0.0,0
20.800,1,0,90.0,0.0,0
20.800,1,0,90.0,0.0,0
20.901,1,0,90.0,0.0,0
20.901,1,0,90.0,0.0,0
20.901,1,0,90.0,0.0,0
20.901,1,0,90.0,0.0,0
20.901,1,0,90.0,0.0,0
21.000,1,0,90.0,0.0,0
21.000,1,0,90.0,0.0,0
21.000,1,0,90.0,0.0,0
21.000,1,0,90.0,0.0,0
21.000,1,0,90.0,0.0,0
21.000,1,0,90.0,0.0,0
21.101,1,0,90.0,0.0,0
21.101,1,0,90.0,0.0,0
21.101,1,0,90.0,0.0,0
21.101,1,0,90.0,0.0,0
21.101,1,0,90.0,0.0,0
21.200,1,0,90.0,0.0,0
21.200,1,0,90.0,0.0,0
21.200,1,0,90.0,0.0,0
21.200,1,0,90.0,0.0,0
21.200,1,0,90.0,0.0,0
21.301,1,0,90.0,0.0,0
21.301,1,0,90.0,0.0,0
21.301,1,0,90.0,0.0,0
21.301,1,0,90.0,0.0,0
21.301,1,0,90.0,0.0,0
21.400,1,0,90.0,0.0,0
21.400,1,0,90.0,0.0,0
21.400,1,0,90.0,0.0,0
21.400,1,0,90.0,0.0,0
21.400,1,0,90.0,0.0,0
21.501,1,0,90.0,0.0,0
21.501,1,0,90.0,0.0,0
21.501,1,0,90.0,0.0,0
21.501,1,0,90.0,0.0,0
21.501,1,0,90.0,0.0,0
21.501,1,0,90.0,0.0,0
21.600,1,0,90.0,0.0,0
21.600,1,0,90.0,0.0,0
21.600,1,0,90.0,0.0,0
21.600,1,0,90.0,0.0,0
21.600,1,0,90.0,0.0,0
21.701,1,0,90.0,0.0,0
21.701,1,0,90.0,0.0,0
21.701,1,0,90.0,0.0,0
21.701,1,0,90.0,0.0,0
21.701,1,0,90.0,0.0,0
21.800,1,0,90.0,0.0,0
21.800,1,0,90.0,0.0,0
21.800,1,0,90.0,0.0,0
21.800,1,0,90.0,0.0,0
21.800,1,0,90.0,0.0,0
21.901,1,0,90.0,0.0,0
21.901,1,0,90.0,0.0,0
21.901,1,0,90.0,0.0,0
21.901,1,0,90.0,0.0,0
21.901,1,0,90.0,0.0,0
21.901,1,0,90.0,0.0,0
22.000,1,0,90.0,0.0,0
22.000,1,0,90.0,0.0,0
22.000,1,0,90.0,0.0,0
22.000,1,0,90.0,0.0,0
22.000,1,0,90.0,0.0,0
22.101,1,0,90.0,0.0,0
22.101,1,0,90.0,0.0,0
22.101,1,0,90.0,0.0,0
22.101,1,0,90.0,0.0,0
22.101,1,0,90.0,0.0,0
22.200,1,0,90.0,0.0,0
22.200,1,0,90.0,0.0,0
22.200,1,0,90.0,0.0,0
22.200,1,0,90.0,0.0,0
22.200,1,0,90.0,0.0,0
22.301,1,0,90.0,0.0,0
22.301,1,0,90.0,0.0,0
22.301,1,0,90.0,0.0,0
22.301,1,0,90.0,0.0,0
22.301,1,0,90.0,0.0,0
22.400,0,0,0.0,0.0,0
22.400,0,0,0.0,0.0,0
22.400,0,0,0.0,0.0,0
22.400,0,0,0.0,0.0,0
22.400,0,0,0.0,0.0,0
22.400,0,0,0.0,0.0,0
22.501,0,0,0.0,0.0,0
22.501,0,0,0.0,0.0,0
22.501,0,0,0.0,0.0,0
22.501,0,0,0.0,0.0,0
22.501,0,0,0.0,0.0,0
22.600,0,0,0.0,0.0,0
22.600,0,0,0.0,0.0,0
22.600,0,0,0.0,0.0,0
22.600,0,0,0.0,0.0,0
22.600,0,0,0.0,0.0,0
22.700,0,0,0.0,0.0,0
22.700,0,0,0.0,0.0,0
22.700,0,0,0.0,0.0,0
22.700,0,0,0.0,0.0,0
22.700,0,0,0.0,0.0,0
22.800,0,0,0.0,0.0,0
22.800,0,0,0.0,0.0,0
22.800,0,0,0.0,0.0,0
22.800,0,0,0.0,0.0,0
22.800,0,0,0.0,0.0,0
22.901,0,0,0.0,0.0,0
22.901,0,0,0.0,0.0,0
22.901,0,0,0.0,0.0,0
22.901,0,0,0.0,0.0,0
22.901,0,0,0.0,0.0,0
22.901,0,0,0.0,0.0,0
23.000,0,0,0.0,0.0,0
23.000,0,0,0.0,0.0,0
23.000,0,0,0.0,0.0,0
23.000,0,0,0.0,0.0,0
23.000,0,0,0.0,0.0,0
23.101,0,0,0.0,0.0,0
23.101,0,0,0.0,0.0,0
23.101,0,0,0.0,0.0,0
23.101,0,0,0.0,0.0,0
23.101,0,0,0.0,0.0,0
23.200,0,0,0.0,0.0,0
23.200,0,0,0.0,0.0,0
23.200,0,0,0.0,0.0,0
23.200,0,0,0.0,0.0,0
23.200,0,0,0.0,0.0,0
23.300,0,0,0.0,0.0,0
23.300,0,0,0.0,0.0,0
23.300,0,0,0.0,0.0,0
23.300,0,0,0.0,0.0,0
23.300,0,0,0.0,0.0,0
23.300,0,0,0.0,0.0,0
23.400,2,0,-90.0,0.0,0
23.400,2,0,-90.0,0.0,0
23.400,2,0,-90.0,0.0,0
23.400,2,0,-90.0,0.0,0
23.400,2,0,-90.0,0.0,0
23.501,2,0,-90.0,0.0,0
23.501,2,0,-90.0,0.0,0
23.501,2,0,-90.0,0.0,0
23.501,2,0,-90.0,0.0,0
23.501,2,0,-90.0,0.0,0
23.600,2,0,-90.0,0.0,0
23.600,2,0,-90.0,0.0,0
23.600,2,0,-90.0,0.0,0
23.600,2,0,-90.0,0.0,0
23.600,2,0,-90.0,0.0,0
23.701,2,0,-90.0,0.0,0
23.701,2,0,-90.0,0.0,0
23.701,2,0,-90.0,0.0,0
23.701,2,0,-90.0,0.0,0
23.701,2,0,-90.0,0.0,0
23.701,2,0,-90.0,0.0,0
23.800,2,0,-90.0,0.0,0
23.800,2,0,-90.0,0.0,0
23.800,2,0,-90.0,0.0,0
23.800,2,0,-90.0,0.0,0
23.800,2,0,-90.0,0.0,0
23.900,2,0,-90.0,0.0,0
23.900,2,0,-90.0,0.0,0
23.900,2,0,-90.0,0.0,0
23.900,2,0,-90.0,0.0,0
23.900,2,0,-90.0,0.0,0
24.000,2,0,-90.0,0.0,0
24.000,2,0,-90.0,0.0,0
24.000,2,0,-90.0,0.0,0
24.000,2,0,-90.0,0.0,0
24.000,2,0,-90.0,0.0,0
24.101,2,0,-90.0,0.0,0
24.101,2,0,-90.0,0.0,0
24.101,2,0,-90.0,0.0,0
24.101,2,0,-90.0,0.0,0
24.101,2,0,-90.0,0.0,0
24.200,2,0,-90.0,0.0,0
24.200,2,0,-90.0,0.0,0
24.200,2,0,-90.0,0.0,0
24.200,2,0,-90.0,0.0,0
24.200,2,0,-90.0,0.0,0
24.200,2,0,-90.0,0.0,0
24.301,2,0,-90.0,0.0,0
24.301,2,0,-90.0,0.0,0
24.301,2,0,-90.0,0.0,0
24.301,2,0,-90.0,0.0,0
24.301,2,0,-90.0,0.0,0
24.400,2,0,-90.0,0.0,0
24.400,2,0,-90.0,0.0,0
24.400,2,0,-90.0,0.0,0
24.400,2,0,-90.0,0.0,0
24.400,2,0,-90.0,0.0,0
24.501,2,0,-90.0,0.0,0
24.501,2,0,-90.0,0.0,0
24.501,2,0,-90.0,0.0,0
24.501,2,0,-90.0,0.0,0
24.501,2,0,-90.0,0.0,0
24.600,2,0,-90.0,0.0,0
24.600,2,0,-90.0,0.0,0
24.600,2,0,-90.0,0.0,0
24.600,2,0,-90.0,0.0,0
24.600,2,0,-90.0,0.0,0
24.700,2,0,-90.0,0.0,0
24.700,2,0,-90.0,0.0,0
24.700,2,0,-90.0,0.0,0
24.700,2,0,-90.0,0.0,0
24.700,2,0,-90.0,0.0,0
24.700,2,0,-90.0,0.0,0
24.800,2,0,-90.0,0.0,0
24.800,2,0,-90.0,0.0,0
24.800,2,0,-90.0,0.0,0
24.800,2,0,-90.0,0.0,0
24.800,2,0,-90.0,0.0,0
24.900,2,0,-90.0,0.0,0
24.900,2,0,-90.0,0.0,0
24.900,2,0,-90.0,0.0,0
24.900,2,0,-90.0,0.0,0
24.900,2,0,-90.0,0.0,0
25.000,2,0,-90.0,0.0,0
25.000,2,0,-90.0,0.0,0
25.000,2,0,-90.0,0.0,0
25.000,2,0,-90.0,0.0,0
25.000,2,0,-90.0,0.0,0
25.100,2,0,-90.0,0.0,0
25.100,2,0,-90.0,0.0,0
25.100,2,0,-90.0,0.0,0
25.100,2,0,-90.0,0.0,0
25.100,2,0,-90.0,0.0,0
25.100,2,0,-90.0,0.0,0
25.200,2,0,-90.0,0.0,0
25.200,2,0,-90.0,0.0,0
25.200,2,0,-90.0,0.0,0
25.200,2,0,-90.0,0.0,0
25.200,2,0,-90.0,0.0,0
25.301,2,0,-90.0,0.0,0
25.301,2,0,-90.0,0.0,0
25.301,2,0,-90.0,0.0,0
25.301,2,0,-90.0,0.0,0
25.301,2,0,-90.0,0.0,0
25.400,2,0,-90.0,0.0,0
25.400,2,0,-90.0,0.0,0
25.400,2,0,-90.0,0.0,0
25.400,2,0,-90.0,0.0,0
25.400,2,0,-90.0,0.0,0
25.500,2,0,-90.0,0.0,0
25.500,2,0,-90.0,0.0,0
25.500,2,0,-90.0,0.0,0
25.500,2,0,-90.0,0.0,0
25.500,2,0,-90.0,0.0,0
25.600,2,0,-90.0,0.0,0
25.600,2,0,-90.0,0.0,0
25.600,2,0,-90.0,0.0,0
25.600,2,0,-90.0,0.0,0
25.600,2,0,-90.0,0.0,0
25.600,2,0,-90.0,0.0,0
25.700,2,0,-90.0,0.0,0
25.700,2,0,-90.0,0.0,0
25.700,2,0,-90.0,0.0,0
25.700,2,0,-90.0,0.0,0
25.700,2,0,-90.0,0.0,0
25.800,2,0,-90.0,0.0,0
25.800,2,0,-90.0,0.0,0
25.800,2,0,-90.0,0.0,0
25.800,2,0,-90.0,0.0,0
25.800,2,0,-90.0,0.0,0
25.901,2,0,-90.0,0.0,0
25.901,2,0,-90.0,0.0,0
25.901,2,0,-90.0,0.0,0
25.901,2,0,-90.0,0.0,0
25.901,2,0,-90.0,0.0,0
26.000,2,0,-90.0,0.0,0
26.000,2,0,-90.0,0.0,0
26.000,2,0,-90.0,0.0,0
26.000,2,0,-90.0,0.0,0
26.000,2,0,-90.0,0.0,0
26.101,2,0,-90.0,0.0,0
26.101,2,0,-90.0,0.0,0
26.101,2,0,-90.0,0.0,0
26.101,2,0,-90.0,0.0,0
26.101,2,0,-90.0,0.0,0
26.101,2,0,-90.0,0.0,0
26.200,2,0,-90.0,0.0,0
26.200,2,0,-90.0,0.0,0
26.200,2,0,-90.0,0.0,0
26.200,2,0,-90.0,0.0,0
26.200,2,0,-90.0,0.0,0
26.301,2,0,-90.0,0.0,0
26.301,2,0,-90.0,0.0,0
26.301,2,0,-90.0,0.0,0
26.301,2,0,-90.0,0.0,0
26.301,2,0,-90.0,0.0,0
26.400,2,0,-90.0,0.0,0
26.400,2,0,-90.0,0.0,0
26.400,2,0,-90.0,0.0,0
26.400,2,0,-90.0,0.0,0
26.400,2,0,-90.0,0.0,0
26.501,2,0,-90.0,0.0,0
26.501,2,0,-90.0,0.0,0
26.501,2,0,-90.0,0.0,0
26.501,2,0,-90.0,0.0,0
26.501,2,0,-90.0,0.0,0
26.501,2,0,-90.0,0.0,0
26.600,2,0,-90.0,0.0,0
26.600,2,0,-90.0,0.0,0
26.600,2,0,-90.0,0.0,0
26.600,2,0,-90.0,0.0,0
26.600,2,0,-90.0,0.0,0
26.701,2,0,-90.0,0.0,0
26.701,2,0,-90.0,0.0,0
26.701,2,0,-90.0,0.0,0
26.701,2,0,-90.0,0.0,0
26.701,2,0,-90.0,0.0,0
26.800,2,0,-90.0,0.0,0
26.800,2,0,-90.0,0.0,0
26.800,2,0,-90.0,0.0,0
26.800,2,0,-90.0,0.0,0
26.800,2,0,-90.0,0.0,0
26.901,2,0,-90.0,0.0,0
26.901,2,0,-90.0,0.0,0
26.901,2,0,-90.0,0.0,0
26.901,2,0,-90.0,0.0,0
26.901,2,0,-90.0,0.0,0
27.000,2,0,-90.0,0.0,0
27.000,2,0,-90.0,0.0,0
27.000,2,0,-90.0,0.0,0
27.000,2,0,-90.0,0.0,0
27.000,2,0,-90.0,0.0,0
27.000,2,0,-90.0,0.0,0
27.101,2,0,-90.0,0.0,0
27.101,2,0,-90.0,0.0,0
27.101,2,0,-90.0,0.0,0
27.101,2,0,-90.0,0.0,0
27.101,2,0,-90.0,0.0,0
27.200,2,0,-90.0,0.0,0
27.200,2,0,-90.0,0.0,0
27.200,2,0,-90.0,0.0,0
27.200,2,0,-90.0,0.0,0
27.200,2,0,-90.0,0.0,0
27.301,2,0,-90.0,0.0,0
27.301,2,0,-90.0,0.0,0
27.301,2,0,-90.0,0.0,0
27.301,2,0,-90.0,0.0,0
27.301,2,0,-90.0,0.0,0
27.400,2,0,-90.0,0.0,0
27.400,2,0,-90.0,0.0,0
27.400,2,0,-90.0,0.0,0
27.400,2,0,-90.0,0.0,0
27.400,2,0,-90.0,0.0,0
27.501,2,0,-90.0,0.0,0
27.501,2,0,-90.0,0.0,0
27.501,2,0,-90.0,0.0,0
27.501,2,0,-90.0,0.0,0
27.501,2,0,-90.0,0.0,0
27.501,2,0,-90.0,0.0,0
27.600,2,0,-90.0,0.0,0
27.600,2,0,-90.0,0.0,0
27.600,2,0,-90.0,0.0,0
27.600,2,0,-90.0,0.0,0
27.600,2,0,-90.0,0.0,0
27.701,2,0,-90.0,0.0,0
27.701,2,0,-90.0,0.0,0
27.701,2,0,-90.0,0.0,0
27.701,2,0,-90.0,0.0,0
27.701,2,0,-90.0,0.0,0
27.800,2,0,-90.0,0.0,0
27.800,2,0,-90.0,0.0,0
27.800,2,0,-90.0,0.0,0
27.800,2,0,-90.0,0.0,0
27.800,2,0,-90.0,0.0,0
27.900,2,0,-90.0,0.0,0
27.900,2,0,-90.0,0.0,0
27.900,2,0,-90.0,0.0,0
27.900,2,0,-90.0,0.0,0
27.900,2,0,-90.0,0.0,0
27.900,2,0,-90.0,0.0,0
28.000,2,0,-90.0,0.0,0
28.000,2,0,-90.0,0.0,0
28.000,2,0,-90.0,0.0,0
28.000,2,0,-90.0,0.0,0
28.000,2,0,-90.0,0.0,0
28.101,2,0,-90.0,0.0,0
28.101,2,0,-90.0,0.0,0
28.101,2,0,-90.0,0.0,0
28.101,2,0,-90.0,0.0,0
28.101,2,0,-90.0,0.0,0
28.200,2,0,-90.0,0.0,0
28.200,2,0,-90.0,0.0,0
28.200,2,0,-90.0,0.0,0
28.200,2,0,-90.0,0.0,0
28.200,2,0,-90.0,0.0,0
28.301,2,0,-90.0,0.0,0
28.301,2,0,-90.0,0.0,0
28.301,2,0,-90.0,0.0,0
28.301,2,0,-90.0,0.0,0
28.301,2,0,-90.0,0.0,0
28.301,2,0,-90.0,0.0,0
28.400,2,0,-90.0,0.0,0
28.400,2,0,-90.0,0.0,0
28.400,2,0,-90.0,0.0,0
28.400,2,0,-90.0,0.0,0
28.400,2,0,-90.0,0.0,0
28.501,2,0,-90.0,0.0,0
28.501,2,0,-90.0,0.0,0
28.501,2,0,-90.0,0.0,0
28.501,2,0,-90.0,0.0,0
28.501,2,0,-90.0,0.0,0
28.600,2,0,-90.0,0.0,0
28.600,2,0,-90.0,0.0,0
28.600,2,0,-90.0,0.0,0
28.600,2,0,-90.0,0.0,0
28.600,2,0,-90.0,0.0,0
28.702,2,0,-90.0,0.0,0
28.702,2,0,-90.0,0.0,0
28.702,2,0,-90.0,0.0,0
28.702,2,0,-90.0,0.0,0
28.702,2,0,-90.0,0.0,0
28.800,2,0,-90.0,0.0,0
28.800,2,0,-90.0,0.0,0
28.800,2,0,-90.0,0.0,0
28.800,2,0,-90.0,0.0,0
28.800,2,0,-90.0,0.0,0
28.800,2,0,-90.0,0.0,0
28.900,2,0,-90.0,0.0,0
28.900,2,0,-90.0,0.0,0
28.900,2,0,-90.0,0.0,0
28.900,2,0,-90.0,0.0,0
28.900,2,0,-90.0,0.0,0
29.000,2,0,-90.0,0.0,0
29.000,2,0,-90.0,0.0,0
29.000,2,0,-90.0,0.0,0
29.000,2,0,-90.0,0.0,0
29.000,2,0,-90.0,0.0,0
29.100,0,0,0.0,0.0,0
29.100,0,0,0.0,0.0,0
29.100,0,0,0.0,0.0,0
29.100,0,0,0.0,0.0,0
29.100,0,0,0.0,0.0,0
29.200,0,0,0.0,0.0,1
29.200,0,0,0.0,0.0,1
29.200,0,0,0.0,0.0,1
29.200,0,0,0.0,0.0,1
29.200,0,0,0.0,0.0,1
29.301,0,0,0.0,0.0,1
29.301,0,0,0.0,0.0,1
29.301,0,0,0.0,0.0,1
29.301,0,0,0.0,0.0,1
29.301,0,0,0.0,0.0,1
29.301,0,0,0.0,0.0,1
29.400,0,0,0.0,0.0,1
29.400,0,0,0.0,0.0,1
29.400,0,0,0.0,0.0,1
29.400,0,0,0.0,0.0,1
29.400,0,0,0.0,0.0,1
29.501,0,0,0.0,0.0,1
29.501,0,0,0.0,0.0,1
29.501,0,0,0.0,0.0,1
29.501,0,0,0.0,0.0,1
29.501,0,0,0.0,0.0,1
29.600,0,0,0.0,0.0,1
29.600,0,0,0.0,0.0,1
29.600,0,0,0.0,0.0,1
29.600,0,0,0.0,0.0,1
29.600,0,0,0.0,0.0,1
29.700,0,0,0.0,0.0,1
29.700,0,0,0.0,0.0,1
29.700,0,0,0.0,0.0,1
29.700,0,0,0.0,0.0,1
29.700,0,0,0.0,0.0,1
29.700,0,0,0.0,0.0,1
29.800,0,0,0.0,0.0,1
29.800,0,0,0.0,0.0,1
29.800,0,0,0.0,0.0,1
29.800,0,0,0.0,0.0,1
29.800,0,0,0.0,0.0,1
29.900,0,0,0.0,0.0,1
29.900,0,0,0.0,0.0,1
29.900,0,0,0.0,0.0,1
29.900,0,0,0.0,0.0,1
29.900,0,0,0.0,0.0,1
30.000,0,0,0.0,0.0,1
30.000,0,0,0.0,0.0,1
30.000,0,0,0.0,0.0,1
30.000,0,0,0.0,0.0,1
30.000,0,0,0.0,0.0,1
30.100,0,0,0.0,0.0,1
30.100,0,0,0.0,0.0,1
30.100,0,0,0.0,0.0,1
30.100,0,0,0.0,0.0,1
30.100,0,0,0.0,0.0,1
30.200,0,0,0.0,0.0,1
30.200,0,0,0.0,0.0,1
30.200,0,0,0.0,0.0,1
30.200,0,0,0.0,0.0,1
30.200,0,0,0.0,0.0,1
30.200,0,0,0.0,0.0,1
30.300,0,0,0.0,0.0,1
30.300,0,0,0.0,0.0,1
30.300,0,0,0.0,0.0,1
30.300,0,0,0.0,0.0,1
30.300,0,0,0.0,0.0,1
30.400,0,0,0.0,0.0,1
30.400,0,0,0.0,0.0,1
30.400,0,0,0.0,0.0,1
30.400,0,0,0.0,0.0,1
30.400,0,0,0.0,0.0,1
30.500,0,0,0.0,0.0,1
30.500,0,0,0.0,0.0,1
30.500,0,0,0.0,0.0,1
30.500,0,0,0.0,0.0,1
30.500,0,0,0.0,0.0,1
30.600,0,0,0.0,0.0,1
30.600,0,0,0.0,0.0,1
30.600,0,0,0.0,0.0,1
30.600,0,0,0.0,0.0,1
30.600,0,0,0.0,0.0,1
30.700,0,0,0.0,0.0,1
30.700,0,0,0.0,0.0,1
30.700,0,0,0.0,0.0,1
30.700,0,0,0.0,0.0,1
30.700,0,0,0.0,0.0,1
30.700,0,0,0.0,0.0,1
30.800,0,0,0.0,0.0,1
30.800,0,0,0.0,0.0,1
30.800,0,0,0.0,0.0,1
30.800,0,0,0.0,0.0,1
30.800,0,0,0.0,0.0,1
30.900,0,0,0.0,0.0,1
30.900,0,0,0.0,0.0,1
30.900,0,0,0.0,0.0,1
30.900,0,0,0.0,0.0,1
30.900,0,0,0.0,0.0,1
31.000,0,0,0.0,0.0,1
31.000,0,0,0.0,0.0,1
31.000,0,0,0.0,0.0,1
31.000,0,0,0.0,0.0,1
31.000,0,0,0.0,0.0,1
31.100,0,0,0.0,0.0,1
31.100,0,0,0.0,0.0,1
31.100,0,0,0.0,0.0,1
31.100,0,0,0.0,0.0,1
31.100,0,0,0.0,0.0,1
31.100,0,0,0.0,0.0,1
31.200,0,0,0.0,0.0,1
31.200,0,0,0.0,0.0,1
31.200,0,0,0.0,0.0,1
31.200,0,0,0.0,0.0,1
31.200,0,0,0.0,0.0,1
31.301,0,0,0.0,0.0,1
31.301,0,0,0.0,0.0,1
31.301,0,0,0.0,0.0,1
31.301,0,0,0.0,0.0,1
31.301,0,0,0.0,0.0,1
31.401,0,0,0.0,0.0,1
31.401,0,0,0.0,0.0,1
31.401,0,0,0.0,0.0,1
31.401,0,0,0.0,0.0,1
31.401,0,0,0.0,0.0,1
31.501,0,0,0.0,0.0,1
31.501,0,0,0.0,0.0,1
31.501,0,0,0.0,0.0,1
31.501,0,0,0.0,0.0,1
31.501,0,0,0.0,0.0,1
31.601,0,0,0.0,0.0,1
31.601,0,0,0.0,0.0,1
31.601,0,0,0.0,0.0,1
31.601,0,0,0.0,0.0,1
31.601,0,0,0.0,0.0,1
31.601,0,0,0.0,0.0,1
31.701,0,0,0.0,0.0,1
31.701,0,0,0.0,0.0,1
31.701,0,0,0.0,0.0,1
31.701,0,0,0.0,0.0,1
31.701,0,0,0.0,0.0,1
31.801,0,0,0.0,0.0,1
31.801,0,0,0.0,0.0,1
31.801,0,0,0.0,0.0,1
31.801,0,0,0.0,0.0,1
31.801,0,0,0.0,0.0,1
31.901,0,0,0.0,0.0,1
31.901,0,0,0.0,0.0,1
31.901,0,0,0.0,0.0,1
31.901,0,0,0.0,0.0,1
31.901,0,0,0.0,0.0,1
32.001,0,0,0.0,0.0,1
32.001,0,0,0.0,0.0,1
32.001,0,0,0.0,0.0,1
32.001,0,0,0.0,0.0,1
32.001,0,0,0.0,0.0,1
32.001,0,0,0.0,0.0,1
32.101,0,0,0.0,0.0,1
32.101,0,0,0.0,0.0,1
32.101,0,0,0.0,0.0,1
32.101,0,0,0.0,0.0,1
32.101,0,0,0.0,0.0,1
32.201,0,0,0.0,0.0,1
32.201,0,0,0.0,0.0,1
32.201,0,0,0.0,0.0,1
32.201,0,0,0.0,0.0,1
32.201,0,0,0.0,0.0,1
32.301,0,0,0.0,0.0,1
32.301,0,0,0.0,0.0,1
32.301,0,0,0.0,0.0,1
32.301,0,0,0.0,0.0,1
32.301,0,0,0.0,0.0,1
32.401,0,0,0.0,0.0,1
32.401,0,0,0.0,0.0,1
32.401,0,0,0.0,0.0,1
32.401,0,0,0.0,0.0,1
32.401,0,0,0.0,0.0,1
32.501,0,0,0.0,0.0,1
32.501,0,0,0.0,0.0,1
32.501,0,0,0.0,0.0,1
32.501,0,0,0.0,0.0,1
32.501,0,0,0.0,0.0,1
32.501,0,0,0.0,0.0,1
32.601,0,0,0.0,0.0,1
32.601,0,0,0.0,0.0,1
32.601,0,0,0.0,0.0,1
32.601,0,0,0.0,0.0,1
32.601,0,0,0.0,0.0,1
32.701,0,0,0.0,0.0,1
32.701,0,0,0.0,0.0,1
32.701,0,0,0.0,0.0,1
32.701,0,0,0.0,0.0,1
32.701,0,0,0.0,0.0,1
32.801,0,0,0.0,0.0,1
32.801,0,0,0.0,0.0,1
32.801,0,0,0.0,0.0,1
32.801,0,0,0.0,0.0,1
32.801,0,0,0.0,0.0,1
32.901,0,0,0.0,0.0,1
32.901,0,0,0.0,0.0,1
32.901,0,0,0.0,0.0,1
32.901,0,0,0.0,0.0,1
32.901,0,0,0.0,0.0,1
32.901,0,0,0.0,0.0,1
33.001,0,0,0.0,0.0,1
33.001,0,0,0.0,0.0,1
33.001,0,0,0.0,0.0,1
33.001,0,0,0.0,0.0,1
33.001,0,0,0.0,0.0,1
33.101,0,0,0.0,0.0,1
33.101,0,0,0.0,0.0,1
33.101,0,0,0.0,0.0,1
33.101,0,0,0.0,0.0,1
33.101,0,0,0.0,0.0,1
33.201,0,0,0.0,0.0,1
33.201,0,0,0.0,0.0,1
33.201,0,0,0.0,0.0,1
33.201,0,0,0.0,0.0,1
33.201,0,0,0.0,0.0,1
33.301,0,0,0.0,0.0,1
33.301,0,0,0.0,0.0,1
33.301,0,0,0.0,0.0,1
33.301,0,0,0.0,0.0,1
33.301,0,0,0.0,0.0,1
33.401,0,0,0.0,0.0,1
33.401,0,0,0.0,0.0,1
33.401,0,0,0.0,0.0,1
33.401,0,0,0.0,0.0,1
33.401,0,0,0.0,0.0,1
33.401,0,0,0.0,0.0,1
33.501,0,0,0.0,0.0,1
33.501,0,0,0.0,0.0,1
33.501,0,0,0.0,0.0,1
33.501,0,0,0.0,0.0,1
33.501,0,0,0.0,0.0,1
33.601,0,0,0.0,0.0,1
33.601,0,0,0.0,0.0,1
33.601,0,0,0.0,0.0,1
33.601,0,0,0.0,0.0,1
33.601,0,0,0.0,0.0,1
33.701,0,0,0.0,0.0,1
33.701,0,0,0.0,0.0,1
33.701,0,0,0.0,0.0,1
33.701,0,0,0.0,0.0,1
33.701,0,0,0.0,0.0,1
33.801,0,0,0.0,0.0,1
33.801,0,0,0.0,0.0,1
33.801,0,0,0.0,0.0,1
33.801,0,0,0.0,0.0,1
33.801,0,0,0.0,0.0,1
33.901,0,0,0.0,0.0,1
33.901,0,0,0.0,0.0,1
33.901,0,0,0.0,0.0,1
33.901,0,0,0.0,0.0,1
33.901,0,0,0.0,0.0,1
33.901,0,0,0.0,0.0,1
34.001,0,0,0.0,0.0,1
34.001,0,0,0.0,0.0,1
34.001,0,0,0.0,0.0,1
34.001,0,0,0.0,0.0,1
34.001,0,0,0.0,0.0,1
34.101,0,0,0.0,0.0,1
34.101,0,0,0.0,0.0,1
34.101,0,0,0.0,0.0,1
34.101,0,0,0.0,0.0,1
34.101,0,0,0.0,0.0,1
34.201,0,0,0.0,0.0,1
34.201,0,0,0.0,0.0,1
34.201,0,0,0.0,0.0,1
34.201,0,0,0.0,0.0,1
34.201,0,0,0.0,0.0,1
34.301,0,0,0.0,0.0,1
34.301,0,0,0.0,0.0,1
34.301,0,0,0.0,0.0,1
34.301,0,0,0.0,0.0,1
34.301,0,0,0.0,0.0,1
34.301,0,0,0.0,0.0,1
34.401,0,0,0.0,0.0,1
34.401,0,0,0.0,0.0,1
34.401,0,0,0.0,0.0,1
34.401,0,0,0.0,0.0,1
34.401,0,0,0.0,0.0,1
34.501,0,0,0.0,0.0,1
34.501,0,0,0.0,0.0,1
34.501,0,0,0.0,0.0,1
34.501,0,0,0.0,0.0,1
34.501,0,0,0.0,0.0,1
34.601,0,0,0.0,0.0,1
34.601,0,0,0.0,0.0,1
34.601,0,0,0.0,0.0,1
34.601,0,0,0.0,0.0,1
34.601,0,0,0.0,0.0,1
34.701,0,0,0.0,0.0,1
34.701,0,0,0.0,0.0,1
34.701,0,0,0.0,0.0,1
34.701,0,0,0.0,0.0,1
34.701,0,0,0.0,0.0,1
34.801,0,0,0.0,0.0,1
34.801,0,0,0.0,0.0,1
34.801,0,0,0.0,0.0,1
34.801,0,0,0.0,0.0,1
34.801,0,0,0.0,0.0,1
34.801,0,0,0.0,0.0,1
34.901,0,0,0.0,0.0,1
34.901,0,0,0.0,0.0,1
34.901,0,0,0.0,0.0,1
34.901,0,0,0.0,0.0,1
34.901,0,0,0.0,0.0,1
35.001,0,0,0.0,0.0,1
35.001,0,0,0.0,0.0,1
35.001,0,0,0.0,0.0,1
35.001,0,0,0.0,0.0,1
35.001,0,0,0.0,0.0,1
35.101,0,0,0.0,0.0,1
35.101,0,0,0.0,0.0,1
35.101,0,0,0.0,0.0,1
35.101,0,0,0.0,0.0,1
35.101,0,0,0.0,0.0,1
35.201,0,0,0.0,0.0,1
35.201,0,0,0.0,0.0,1
35.201,0,0,0.0,0.0,1
35.201,0,0,0.0,0.0,1
35.201,0,0,0.0,0.0,1
35.201,0,0,0.0,0.0,1
35.301,0,0,0.0,0.0,1
35.301,0,0,0.0,0.0,1
35.301,0,0,0.0,0.0,1
35.301,0,0,0.0,0.0,1
35.301,0,0,0.0,0.0,1
35.401,0,0,0.0,0.0,1
35.401,0,0,0.0,0.0,1
35.401,0,0,0.0,0.0,1
35.401,0,0,0.0,0.0,1
35.401,0,0,0.0,0.0,1
35.501,0,0,0.0,0.0,1
35.501,0,0,0.0,0.0,1
35.501,0,0,0.0,0.0,1
35.501,0,0,0.0,0.0,1
35.501,0,0,0.0,0.0,1
35.601,0,0,0.0,0.0,1
35.601,0,0,0.0,0.0,1
35.601,0,0,0.0,0.0,1
35.601,0,0,0.0,0.0,1
35.601,0,0,0.0,0.0,1
35.701,0,0,0.0,0.0,1
35.701,0,0,0.0,0.0,1
35.701,0,0,0.0,0.0,1
35.701,0,0,0.0,0.0,1
35.701,0,0,0.0,0.0,1
35.701,0,0,0.0,0.0,1
35.801,0,0,0.0,0.0,1
35.801,0,0,0.0,0.0,1
35.801,0,0,0.0,0.0,1
35.801,0,0,0.0,0.0,1
35.801,0,0,0.0,0.0,1
35.901,0,0,0.0,0.0,1
35.901,0,0,0.0,0.0,1
35.901,0,0,0.0,0.0,1
35.901,0,0,0.0,0.0,1
35.901,0,0,0.0,0.0,1
36.001,0,0,0.0,0.0,1
36.001,0,0,0.0,0.0,1
36.001,0,0,0.0,0.0,1
36.001,0,0,0.0,0.0,1
36.001,0,0,0.0,0.0,1
36.101,0,0,0.0,0.0,1
36.101,0,0,0.0,0.0,1
36.101,0,0,0.0,0.0,1
36.101,0,0,0.0,0.0,1
36.101,0,0,0.0,0.0,1
36.201,0,0,0.0,0.0,1
36.201,0,0,0.0,0.0,1
36.201,0,0,0.0,0.0,1
36.201,0,0,0.0,0.0,1
36.201,0,0,0.0,0.0,1
36.201,0,0,0.0,0.0,1
36.301,0,0,0.0,0.0,1
36.301,0,0,0.0,0.0,1
36.301,0,0,0.0,0.0,1
36.301,0,0,0.0,0.0,1
36.301,0,0,0.0,0.0,1
36.401,0,0,0.0,0.0,1
36.401,0,0,0.0,0.0,1
36.401,0,0,0.0,0.0,1
36.401,0,0,0.0,0.0,1
36.401,0,0,0.0,0.0,1
36.501,0,0,0.0,0.0,1
36.501,0,0,0.0,0.0,1
36.501,0,0,0.0,0.0,1
36.501,0,0,0.0,0.0,1
36.501,0,0,0.0,0.0,1
36.601,0,0,0.0,0.0,1
36.601,0,0,0.0,0.0,1
36.601,0,0,0.0,0.0,1
36.601,0,0,0.0,0.0,1
36.601,0,0,0.0,0.0,1
36.601,0,0,0.0,0.0,1
36.701,0,0,0.0,0.0,1
36.701,0,0,0.0,0.0,1
36.701,0,0,0.0,0.0,1
36.701,0,0,0.0,0.0,1
36.701,0,0,0.0,0.0,1
36.801,0,0,0.0,0.0,1
36.801,0,0,0.0,0.0,1
36.801,0,0,0.0,0.0,1
36.801,0,0,0.0,0.0,1
36.801,0,0,0.0,0.0,1
36.901,0,0,0.0,0.0,1
36.901,0,0,0.0,0.0,1
36.901,0,0,0.0,0.0,1
36.901,0,0,0.0,0.0,1
36.901,0,0,0.0,0.0,1
37.001,0,0,0.0,0.0,1
37.001,0,0,0.0,0.0,1
37.001,0,0,0.0,0.0,1
37.001,0,0,0.0,0.0,1
37.001,0,0,0.0,0.0,1
37.101,0,0,0.0,0.0,1
37.101,0,0,0.0,0.0,1
37.101,0,0,0.0,0.0,1
37.101,0,0,0.0,0.0,1
37.101,0,0,0.0,0.0,1
37.101,0,0,0.0,0.0,1
37.201,0,0,0.0,0.0,1
37.201,0,0,0.0,0.0,1
37.201,0,0,0.0,0.0,1
37.201,0,0,0.0,0.0,1
37.201,0,0,0.0,0.0,1
37.301,0,0,0.0,0.0,1
37.301,0,0,0.0,0.0,1
37.301,0,0,0.0,0.0,1
37.301,0,0,0.0,0.0,1
37.301,0,0,0.0,0.0,1
37.401,0,0,0.0,0.0,1
37.401,0,0,0.0,0.0,1
37.401,0,0,0.0,0.0,1
37.401,0,0,0.0,0.0,1
37.401,0,0,0.0,0.0,1
37.501,0,0,0.0,0.0,1
37.501,0,0,0.0,0.0,1
37.501,0,0,0.0,0.0,1
37.501,0,0,0.0,0.0,1
37.501,0,0,0.0,0.0,1
37.501,0,0,0.0,0.0,1
37.601,0,0,0.0,0.0,1
37.601,0,0,0.0,0.0,1
37.601,0,0,0.0,0.0,1
37.601,0,0,0.0,0.0,1
37.601,0,0,0.0,0.0,1
37.701,0,0,0.0,0.0,1
37.701,0,0,0.0,0.0,1
37.701,0,0,0.0,0.0,1
37.701,0,0,0.0,0.0,1
37.701,0,0,0.0,0.0,1
37.801,0,0,0.0,0.0,1
37.801,0,0,0.0,0.0,1
37.801,0,0,0.0,0.0,1
37.801,0,0,0.0,0.0,1
37.801,0,0,0.0,0.0,1
37.901,0,0,0.0,0.0,1
37.901,0,0,0.0,0.0,1
37.901,0,0,0.0,0.0,1
37.901,0,0,0.0,0.0,1
37.901,0,0,0.0,0.0,1
38.001,0,0,0.0,0.0,1
38.001,0,0,0.0,0.0,1
38.001,0,0,0.0,0.0,1
38.001,0,0,0.0,0.0,1
38.001,0,0,0.0,0.0,1
38.001,0,0,0.0,0.0,1
38.101,0,0,0.0,0.0,1
38.101,0,0,0.0,0.0,1
38.101,0,0,0.0,0.0,1
38.101,0,0,0.0,0.0,1
38.101,0,0,0.0,0.0,1
38.201,0,0,0.0,0.0,1
38.201,0,0,0.0,0.0,1
38.201,0,0,0.0,0.0,1
38.201,0,0,0.0,0.0,1
38.201,0,0,0.0,0.0,1
38.301,0,0,0.0,0.0,1
38.301,0,0,0.0,0.0,1
38.301,0,0,0.0,0.0,1
38.301,0,0,0.0,0.0,1
38.301,0,0,0.0,0.0,1
38.401,0,0,0.0,0.0,1
38.401,0,0,0.0,0.0,1
38.401,0,0,0.0,0.0,1
38.401,0,0,0.0,0.0,1
38.401,0,0,0.0,0.0,1
38.501,0,0,0.0,0.0,1
38.501,0,0,0.0,0.0,1
38.501,0,0,0.0,0.0,1
38.501,0,0,0.0,0.0,1
38.501,0,0,0.0,0.0,1
38.501,0,0,0.0,0.0,1
38.601,0,0,0.0,0.0,1
38.601,0,0,0.0,0.0,1
38.601,0,0,0.0,0.0,1
38.601,0,0,0.0,0.0,1
38.601,0,0,0.0,0.0,1
38.701,0,0,0.0,0.0,1
38.701,0,0,0.0,0.0,1
38.701,0,0,0.0,0.0,1
38.701,0,0,0.0,0.0,1
38.701,0,0,0.0,0.0,1
38.801,0,0,0.0,0.0,1
38.801,0,0,0.0,0.0,1
38.801,0,0,0.0,0.0,1
38.801,0,0,0.0,0.0,1
38.801,0,0,0.0,0.0,1
38.901,0,0,0.0,0.0,1
38.901,0,0,0.0,0.0,1
38.901,0,0,0.0,0.0,1
38.901,0,0,0.0,0.0,1
38.901,0,0,0.0,0.0,1
38.901,0,0,0.0,0.0,1
39.001,0,0,0.0,0.0,1
39.001,0,0,0.0,0.0,1
39.001,0,0,0.0,0.0,1
39.001,0,0,0.0,0.0,1
39.001,0,0,0.0,0.0,1
39.101,0,0,0.0,0.0,1
39.101,0,0,0.0,0.0,1
39.101,0,0,0.0,0.0,1
39.101,0,0,0.0,0.0,1
39.101,0,0,0.0,0.0,1
39.201,0,0,0.0,0.0,1
39.201,0,0,0.0,0.0,1
39.201,0,0,0.0,0.0,1
39.201,0,0,0.0,0.0,1
39.201,0,0,0.0,0.0,1
39.301,0,0,0.0,0.0,1
39.301,0,0,0.0,0.0,1
39.301,0,0,0.0,0.0,1
39.301,0,0,0.0,0.0,1
39.301,0,0,0.0,0.0,1
39.401,0,0,0.0,0.0,1
39.401,0,0,0.0,0.0,1
39.401,0,0,0.0,0.0,1
39.401,0,0,0.0,0.0,1
39.401,0,0,0.0,0.0,1
39.401,0,0,0.0,0.0,1
39.501,0,0,0.0,0.0,1
39.501,0,0,0.0,0.0,1
39.501,0,0,0.0,0.0,1
39.501,0,0,0.0,0.0,1
39.501,0,0,0.0,0.0,1
39.601,0,0,0.0,0.0,1
39.601,0,0,0.0,0.0,1
39.601,0,0,0.0,0.0,1
39.601,0,0,0.0,0.0,1
39.601,0,0,0.0,0.0,1
39.701,0,0,0.0,0.0,1
39.701,0,0,0.0,0.0,1
39.701,0,0,0.0,0.0,1
39.701,0,0,0.0,0.0,1
39.701,0,0,0.0,0.0,1
39.801,0,0,0.0,0.0,1
39.801,0,0,0.0,0.0,1
39.801,0,0,0.0,0.0,1
39.801,0,0,0.0,0.0,1
39.801,0,0,0.0,0.0,1
39.801,0,0,0.0,0.0,1
39.901,0,0,0.0,0.0,1
39.901,0,0,0.0,0.0,1
39.901,0,0,0.0,0.0,1
39.901,0,0,0.0,0.0,1
39.901,0,0,0.0,0.0,1
40.001,0,0,0.0,0.0,1
40.001,0,0,0.0,0.0,1
40.001,0,0,0.0,0.0,1
40.001,0,0,0.0,0.0,1
40.001,0,0,0.0,0.0,1
40.101,0,0,0.0,0.0,1
40.101,0,0,0.0,0.0,1
40.101,0,0,0.0,0.0,1
40.101,0,0,0.0,0.0,1
40.101,0,0,0.0,0.0,1
40.201,0,0,0.0,0.0,1
40.201,0,0,0.0,0.0,1
40.201,0,0,0.0,0.0,1
40.201,0,0,0.0,0.0,1
40.201,0,0,0.0,0.0,1
40.301,0,0,0.0,0.0,1
40.301,0,0,0.0,0.0,1
40.301,0,0,0.0,0.0,1
40.301,0,0,0.0,0.0,1
40.301,0,0,0.0,0.0,1
40.301,0,0,0.0,0.0,1
40.401,0,0,0.0,0.0,1
40.401,0,0,0.0,0.0,1
40.401,0,0,0.0,0.0,1
40.401,0,0,0.0,0.0,1
40.401,0,0,0.0,0.0,1
40.501,0,0,0.0,0.0,1
40.501,0,0,0.0,0.0,1
40.501,0,0,0.0,0.0,1
40.501,0,0,0.0,0.0,1
40.501,0,0,0.0,0.0,1
40.601,0,0,0.0,0.0,1
40.601,0,0,0.0,0.0,1
40.601,0,0,0.0,0.0,1
40.601,0,0,0.0,0.0,1
40.601,0,0,0.0,0.0,1
40.701,0,0,0.0,0.0,1
40.701,0,0,0.0,0.0,1
40.701,0,0,0.0,0.0,1
40.701,0,0,0.0,0.0,1
40.701,0,0,0.0,0.0,1
40.801,0,0,0.0,0.0,1
40.801,0,0,0.0,0.0,1
40.801,0,0,0.0,0.0,1
40.801,0,0,0.0,0.0,1
40.801,0,0,0.0,0.0,1
40.801,0,0,0.0,0.0,1
40.901,0,0,0.0,0.0,1
40.901,0,0,0.0,0.0,1
40.901,0,0,0.0,0.0,1
40.901,0,0,0.0,0.0,1
40.901,0,0,0.0,0.0,1
41.001,0,0,0.0,0.0,1
41.001,0,0,0.0,0.0,1
41.001,0,0,0.0,0.0,1
41.001,0,0,0.0,0.0,1
41.001,0,0,0.0,0.0,1
41.101,0,0,0.0,0.0,1
41.101,0,0,0.0,0.0,1
41.101,0,0,0.0,0.0,1
41.101,0,0,0.0,0.0,1
41.101,0,0,0.0,0.0,1
41.201,0,0,0.0,0.0,1
41.201,0,0,0.0,0.0,1
41.201,0,0,0.0,0.0,1
41.201,0,0,0.0,0.0,1
41.201,0,0,0.0,0.0,1
41.201,0,0,0.0,0.0,1
41.301,0,0,0.0,0.0,1
41.301,0,0,0.0,0.0,1
41.301,0,0,0.0,0.0,1
41.301,0,0,0.0,0.0,1
41.301,0,0,0.0,0.0,1
41.401,0,0,0.0,0.0,1
41.401,0,0,0.0,0.0,1
41.401,0,0,0.0,0.0,1
41.401,0,0,0.0,0.0,1
41.401,0,0,0.0,0.0,1
41.501,0,0,0.0,0.0,1
41.501,0,0,0.0,0.0,1
41.501,0,0,0.0,0.0,1
41.501,0,0,0.0,0.0,1
41.501,0,0,0.0,0.0,1
41.601,0,0,0.0,0.0,1
41.601,0,0,0.0,0.0,1
41.601,0,0,0.0,0.0,1
41.601,0,0,0.0,0.0,1
41.601,0,0,0.0,0.0,1
41.701,0,0,0.0,0.0,1
41.701,0,0,0.0,0.0,1
41.701,0,0,0.0,0.0,1
41.701,0,0,0.0,0.0,1
41.701,0,0,0.0,0.0,1
41.701,0,0,0.0,0.0,1
41.801,0,0,0.0,0.0,1
41.801,0,0,0.0,0.0,1
41.801,0,0,0.0,0.0,1
41.801,0,0,0.0,0.0,1
41.801,0,0,0.0,0.0,1
41.901,0,0,0.0,0.0,1
41.901,0,0,0.0,0.0,1
41.901,0,0,0.0,0.0,1
41.901,0,0,0.0,0.0,1
41.901,0,0,0.0,0.0,1
42.001,0,0,0.0,0.0,1
42.001,0,0,0.0,0.0,1
42.001,0,0,0.0,0.0,1
42.001,0,0,0.0,0.0,1
42.001,0,0,0.0,0.0,1
42.101,0,0,0.0,0.0,1
42.101,0,0,0.0,0.0,1
42.101,0,0,0.0,0.0,1
42.101,0,0,0.0,0.0,1
42.101,0,0,0.0,0.0,1
42.101,0,0,0.0,0.0,1
42.201,0,0,0.0,0.0,1
42.201,0,0,0.0,0.0,1
42.201,0,0,0.0,0.0,1
42.201,0,0,0.0,0.0,1
42.201,0,0,0.0,0.0,1
42.301,0,0,0.0,0.0,1
42.301,0,0,0.0,0.0,1
42.301,0,0,0.0,0.0,1
42.301,0,0,0.0,0.0,1
42.301,0,0,0.0,0.0,1
42.401,0,0,0.0,0.0,1
42.401,0,0,0.0,0.0,1
42.401,0,0,0.0,0.0,1
42.401,0,0,0.0,0.0,1
42.401,0,0,0.0,0.0,1
42.501,0,0,0.0,0.0,1
42.501,0,0,0.0,0.0,1
42.501,0,0,0.0,0.0,1
42.501,0,0,0.0,0.0,1
42.501,0,0,0.0,0.0,1
42.601,0,0,0.0,0.0,1
42.601,0,0,0.0,0.0,1
42.601,0,0,0.0,0.0,1
42.601,0,0,0.0,0.0,1
42.601,0,0,0.0,0.0,1
42.601,0,0,0.0,0.0,1
42.701,0,0,0.0,0.0,1
42.701,0,0,0.0,0.0,1
42.701,0,0,0.0,0.0,1
42.701,0,0,0.0,0.0,1
42.701,0,0,0.0,0.0,1
42.801,0,0,0.0,0.0,1
42.801,0,0,0.0,0.0,1
42.801,0,0,0.0,0.0,1
42.801,0,0,0.0,0.0,1
42.801,0,0,0.0,0.0,1
42.901,0,0,0.0,0.0,1
42.901,0,0,0.0,0.0,1
42.901,0,0,0.0,0.0,1
42.901,0,0,0.0,0.0,1
42.901,0,0,0.0,0.0,1
43.001,0,0,0.0,0.0,1
43.001,0,0,0.0,0.0,1
43.001,0,0,0.0,0.0,1
43.001,0,0,0.0,0.0,1
43.001,0,0,0.0,0.0,1
43.101,0,0,0.0,0.0,1
43.101,0,0,0.0,0.0,1
43.101,0,0,0.0,0.0,1
43.101,0,0,0.0,0.0,1
43.101,0,0,0.0,0.0,1
43.101,0,0,0.0,0.0,1
43.201,0,0,0.0,0.0,1
43.201,0,0,0.0,0.0,1
43.201,0,0,0.0,0.0,1
43.201,0,0,0.0,0.0,1
43.201,0,0,0.0,0.0,1
43.301,0,0,0.0,0.0,1
43.301,0,0,0.0,0.0,1
43.301,0,0,0.0,0.0,1
43.301,0,0,0.0,0.0,1
43.301,0,0,0.0,0.0,1
43.401,0,0,0.0,0.0,1
43.401,0,0,0.0,0.0,1
43.401,0,0,0.0,0.0,1
43.401,0,0,0.0,0.0,1
43.401,0,0,0.0,0.0,1
43.501,0,0,0.0,0.0,1
43.501,0,0,0.0,0.0,1
43.501,0,0,0.0,0.0,1
43.501,0,0,0.0,0.0,1
43.501,0,0,0.0,0.0,1
43.501,0,0,0.0,0.0,1
43.601,0,0,0.0,0.0,1
43.601,0,0,0.0,0.0,1
43.601,0,0,0.0,0.0,1
43.601,0,0,0.0,0.0,1
43.601,0,0,0.0,0.0,1
43.701,0,0,0.0,0.0,1
43.701,0,0,0.0,0.0,1
43.701,0,0,0.0,0.0,1
43.701,0,0,0.0,0.0,1
43.701,0,0,0.0,0.0,1
43.801,0,0,0.0,0.0,1
43.801,0,0,0.0,0.0,1
43.801,0,0,0.0,0.0,1
43.801,0,0,0.0,0.0,1
43.801,0,0,0.0,0.0,1
43.901,0,0,0.0,0.0,1
43.901,0,0,0.0,0.0,1
43.901,0,0,0.0,0.0,1
43.901,0,0,0.0,0.0,1
43.901,0,0,0.0,0.0,1
44.001,0,0,0.0,0.0,1
44.001,0,0,0.0,0.0,1
44.001,0,0,0.0,0.0,1
44.001,0,0,0.0,0.0,1
44.001,0,0,0.0,0.0,1
44.001,0,0,0.0,0.0,1
44.101,0,0,0.0,0.0,1
44.101,0,0,0.0,0.0,1
44.101,0,0,0.0,0.0,1
44.101,0,0,0.0,0.0,1
44.101,0,0,0.0,0.0,1
44.201,0,0,0.0,0.0,1
44.201,0,0,0.0,0.0,1
44.201,0,0,0.0,0.0,1
44.201,0,0,0.0,0.0,1
44.201,0,0,0.0,0.0,1
44.301,0,0,0.0,0.0,1
44.301,0,0,0.0,0.0,1
44.301,0,0,0.0,0.0,1
44.301,0,0,0.0,0.0,1
44.301,0,0,0.0,0.0,1
44.401,0,0,0.0,0.0,1
44.401,0,0,0.0,0.0,1
44.401,0,0,0.0,0.0,1
44.401,0,0,0.0,0.0,1
44.401,0,0,0.0,0.0,1
44.401,0,0,0.0,0.0,1
44.501,0,0,0.0,0.0,1
44.501,0,0,0.0,0.0,1
44.501,0,0,0.0,0.0,1
44.501,0,0,0.0,0.0,1
44.501,0,0,0.0,0.0,1
44.601,0,0,0.0,0.0,1
44.601,0,0,0.0,0.0,1
44.601,0,0,0.0,0.0,1
44.601,0,0,0.0,0.0,1
44.601,0,0,0.0,0.0,1
44.701,0,0,0.0,0.0,1
44.701,0,0,0.0,0.0,1
44.701,0,0,0.0,0.0,1
44.701,0,0,0.0,0.0,1
44.701,0,0,0.0,0.0,1
44.801,0,0,0.0,0.0,1
44.801,0,0,0.0,0.0,1
44.801,0,0,0.0,0.0,1
44.801,0,0,0.0,0.0,1
44.801,0,0,0.0,0.0,1
44.901,0,0,0.0,0.0,1
44.901,0,0,0.0,0.0,1
44.901,0,0,0.0,0.0,1
44.901,0,0,0.0,0.0,1
44.901,0,0,0.0,0.0,1
44.901,0,0,0.0,0.0,1
45.001,0,0,0.0,0.0,1
45.001,0,0,0.0,0.0,1
45.001,0,0,0.0,0.0,1
45.001,0,0,0.0,0.0,1
45.001,0,0,0.0,0.0,1
45.101,0,0,0.0,0.0,1
45.101,0,0,0.0,0.0,1
45.101,0,0,0.0,0.0,1
45.101,0,0,0.0,0.0,1
45.101,0,0,0.0,0.0,1
45.201,0,0,0.0,0.0,1
45.201,0,0,0.0,0.0,1
45.201,0,0,0.0,0.0,1
45.201,0,0,0.0,0.0,1
45.201,0,0,0.0,0.0,1
45.301,0,0,0.0,0.0,1
45.301,0,0,0.0,0.0,1
45.301,0,0,0.0,0.0,1
45.301,0,0,0.0,0.0,1
45.301,0,0,0.0,0.0,1
45.401,0,0,0.0,0.0,1
45.401,0,0,0.0,0.0,1
45.401,0,0,0.0,0.0,1
45.401,0,0,0.0,0.0,1
45.401,0,0,0.0,0.0,1
45.401,0,0,0.0,0.0,1
45.501,0,0,0.0,0.0,1
45.501,0,0,0.0,0.0,1
45.501,0,0,0.0,0.0,1
45.501,0,0,0.0,0.0,1
45.501,0,0,0.0,0.0,1
45.601,0,0,0.0,0.0,1
45.601,0,0,0.0,0.0,1
45.601,0,0,0.0,0.0,1
45.601,0,0,0.0,0.0,1
45.601,0,0,0.0,0.0,1
45.701,0,0,0.0,0.0,1
45.701,0,0,0.0,0.0,1
45.701,0,0,0.0,0.0,1
45.701,0,0,0.0,0.0,1
45.701,0,0,0.0,0.0,1
45.801,0,0,0.0,0.0,1
45.801,0,0,0.0,0.0,1
45.801,0,0,0.0,0.0,1
45.801,0,0,0.0,0.0,1
45.801,0,0,0.0,0.0,1
45.801,0,0,0.0,0.0,1
45.901,0,0,0.0,0.0,1
45.901,0,0,0.0,0.0,1
45.901,0,0,0.0,0.0,1
45.901,0,0,0.0,0.0,1
45.901,0,0,0.0,0.0,1
46.001,0,0,0.0,0.0,1
46.001,0,0,0.0,0.0,1
46.001,0,0,0.0,0.0,1
46.001,0,0,0.0,0.0,1
46.001,0,0,0.0,0.0,1
46.101,0,0,0.0,0.0,1
46.101,0,0,0.0,0.0,1
46.101,0,0,0.0,0.0,1
46.101,0,0,0.0,0.0,1
46.101,0,0,0.0,0.0,1
46.201,0,0,0.0,0.0,1
46.201,0,0,0.0,0.0,1
46.201,0,0,0.0,0.0,1
46.201,0,0,0.0,0.0,1
46.201,0,0,0.0,0.0,1
46.301,0,0,0.0,0.0,1
46.301,0,0,0.0,0.0,1
46.301,0,0,0.0,0.0,1
46.301,0,0,0.0,0.0,1
46.301,0,0,0.0,0.0,1
46.301,0,0,0.0,0.0,1
46.401,0,0,0.0,0.0,1
46.401,0,0,0.0,0.0,1
46.401,0,0,0.0,0.0,1
46.401,0,0,0.0,0.0,1
46.401,0,0,0.0,0.0,1
46.501,0,0,0.0,0.0,1
46.501,0,0,0.0,0.0,1
46.501,0,0,0.0,0.0,1
46.501,0,0,0.0,0.0,1
46.501,0,0,0.0,0.0,1
46.601,0,0,0.0,0.0,1
46.601,0,0,0.0,0.0,1
46.601,0,0,0.0,0.0,1
46.601,0,0,0.0,0.0,1
46.601,0,0,0.0,0.0,1
46.701,0,0,0.0,0.0,1
46.701,0,0,0.0,0.0,1
46.701,0,0,0.0,0.0,1
46.701,0,0,0.0,0.0,1
46.701,0,0,0.0,0.0,1
46.701,0,0,0.0,0.0,1
46.801,0,0,0.0,0.0,1
46.801,0,0,0.0,0.0,1
46.801,0,0,0.0,0.0,1
46.801,0,0,0.0,0.0,1
46.801,0,0,0.0,0.0,1
46.901,0,0,0.0,0.0,1
46.901,0,0,0.0,0.0,1
46.901,0,0,0.0,0.0,1
46.901,0,0,0.0,0.0,1
46.901,0,0,0.0,0.0,1
47.001,0,0,0.0,0.0,1
47.001,0,0,0.0,0.0,1
47.001,0,0,0.0,0.0,1
47.001,0,0,0.0,0.0,1
47.001,0,0,0.0,0.0,1
47.101,0,0,0.0,0.0,1
47.101,0,0,0.0,0.0,1
47.101,0,0,0.0,0.0,1
47.101,0,0,0.0,0.0,1
47.101,0,0,0.0,0.0,1
47.201,0,0,0.0,0.0,1
47.201,0,0,0.0,0.0,1
47.201,0,0,0.0,0.0,1
47.201,0,0,0.0,0.0,1
47.201,0,0,0.0,0.0,1
47.201,0,0,0.0,0.0,1
47.301,0,0,0.0,0.0,1
47.301,0,0,0.0,0.0,1
47.301,0,0,0.0,0.0,1
47.301,0,0,0.0,0.0,1
47.301,0,0,0.0,0.0,1
47.401,0,0,0.0,0.0,1
47.401,0,0,0.0,0.0,1
47.401,0,0,0.0,0.0,1
47.401,0,0,0.0,0.0,1
47.401,0,0,0.0,0.0,1
47.501,0,0,0.0,0.0,1
47.501,0,0,0.0,0.0,1
47.501,0,0,0.0,0.0,1
47.501,0,0,0.0,0.0,1
47.501,0,0,0.0,0.0,1
47.601,0,0,0.0,0.0,1
47.601,0,0,0.0,0.0,1
47.601,0,0,0.0,0.0,1
47.601,0,0,0.0,0.0,1
47.601,0,0,0.0,0.0,1
47.701,0,0,0.0,0.0,1
47.701,0,0,0.0,0.0,1
47.701,0,0,0.0,0.0,1
47.701,0,0,0.0,0.0,1
47.701,0,0,0.0,0.0,1
47.701,0,0,0.0,0.0,1
47.801,0,0,0.0,0.0,1
47.801,0,0,0.0,0.0,1
47.801,0,0,0.0,0.0,1
47.801,0,0,0.0,0.0,1
47.801,0,0,0.0,0.0,1
47.901,1,2,90.0,-2.0,1
47.901,1,2,90.0,-2.0,1
47.901,1,2,90.0,-2.0,1
47.901,1,2,90.0,-2.0,1
47.901,1,2,90.0,-2.0,1
48.001,1,2,90.0,-2.0,1
48.001,1,2,90.0,-2.0,1
48.001,1,2,90.0,-2.0,1
48.001,1,2,90.0,-2.0,1
48.001,1,2,90.0,-2.0,1
48.101,1,2,90.0,-2.0,1
48.101,1,2,90.0,-2.0,1
48.101,1,2,90.0,-2.0,1
48.101,1,2,90.0,-2.0,1
48.101,1,2,90.0,-2.0,1
48.101,1,2,90.0,-2.0,1
48.201,1,2,90.0,-2.0,0
48.201,1,2,90.0,-2.0,0
48.201,1,2,90.0,-2.0,0
48.201,1,2,90.0,-2.0,0
48.201,1,2,90.0,-2.0,0
48.301,1,2,90.0,-2.0,0
48.301,1,2,90.0,-2.0,0
48.301,1,2,90.0,-2.0,0
48.301,1,2,90.0,-2.0,0
48.301,1,2,90.0,-2.0,0
48.401,1,2,90.0,-2.0,0
48.401,1,2,90.0,-2.0,0
48.401,1,2,90.0,-2.0,0
48.401,1,2,90.0,-2.0,0
48.401,1,2,90.0,-2.0,0
48.501,1,2,90.0,-2.0,0
48.501,1,2,90.0,-2.0,0
48.501,1,2,90.0,-2.0,0
48.501,1,2,90.0,-2.0,0
48.501,1,2,90.0,-2.0,0
48.601,1,2,90.0,-2.0,0
48.601,1,2,90.0,-2.0,0
48.601,1,2,90.0,-2.0,0
48.601,1,2,90.0,-2.0,0
48.601,1,2,90.0,-2.0,0
48.601,1,2,90.0,-2.0,0
48.701,1,2,90.0,-2.0,0
48.701,1,2,90.0,-2.0,0
48.701,1,2,90.0,-2.0,0
48.701,1,2,90.0,-2.0,0
48.701,1,2,90.0,-2.0,0
48.801,1,2,90.0,-2.0,0
48.801,1,2,90.0,-2.0,0
48.801,1,2,90.0,-2.0,0
48.801,1,2,90.0,-2.0,0
48.801,1,2,90.0,-2.0,0
48.901,1,2,90.0,-2.0,0
48.901,1,2,90.0,-2.0,0
48.901,1,2,90.0,-2.0,0
48.901,1,2,90.0,-2.0,0
48.901,1,2,90.0,-2.0,0
49.001,1,2,90.0,-2.0,0
49.001,1,2,90.0,-2.0,0
49.001,1,2,90.0,-2.0,0
49.001,1,2,90.0,-2.0,0
49.001,1,2,90.0,-2.0,0
49.001,1,2,90.0,-2.0,0
49.101,1,2,90.0,-2.0,0
49.101,1,2,90.0,-2.0,0
49.101,1,2,90.0,-2.0,0
49.101,1,2,90.0,-2.0,0
49.101,1,2,90.0,-2.0,0
49.201,1,2,90.0,-2.0,0
49.201,1,2,90.0,-2.0,0
49.201,1,2,90.0,-2.0,0
49.201,1,2,90.0,-2.0,0
49.201,1,2,90.0,-2.0,0
49.301,1,2,90.0,-2.0,0
49.301,1,2,90.0,-2.0,0
49.301,1,2,90.0,-2.0,0
49.301,1,2,90.0,-2.0,0
49.301,1,2,90.0,-2.0,0
49.401,1,2,90.0,-2.0,0
49.401,1,2,90.0,-2.0,0
49.401,1,2,90.0,-2.0,0
49.401,1,2,90.0,-2.0,0
49.401,1,2,90.0,-2.0,0
49.501,1,2,90.0,-2.0,0
49.501,1,2,90.0,-2.0,0
49.501,1,2,90.0,-2.0,0
49.501,1,2,90.0,-2.0,0
49.501,1,2,90.0,-2.0,0
49.501,1,2,90.0,-2.0,0
49.601,1,2,90.0,-2.0,0
49.601,1,2,90.0,-2.0,0
49.601,1,2,90.0,-2.0,0
49.601,1,2,90.0,-2.0,0
49.601,1,2,90.0,-2.0,0
49.701,1,2,90.0,-2.0,0
49.701,1,2,90.0,-2.0,0
49.701,1,2,90.0,-2.0,0
49.701,1,2,90.0,-2.0,0
49.701,1,2,90.0,-2.0,0
49.801,1,2,90.0,-2.0,0
49.801,1,2,90.0,-2.0,0
49.801,1,2,90.0,-2.0,0
49.801,1,2,90.0,-2.0,0
49.801,1,2,90.0,-2.0,0
49.901,1,2,90.0,-2.0,0
49.901,1,2,90.0,-2.0,0
49.901,1,2,90.0,-2.0,0
49.901,1,2,90.0,-2.0,0
49.901,1,2,90.0,-2.0,0
50.001,1,2,90.0,-2.0,0
50.001,1,2,90.0,-2.0,0
50.001,1,2,90.0,-2.0,0
50.001,1,2,90.0,-2.0,0
50.001,1,2,90.0,-2.0,0
50.001,1,2,90.0,-2.0,0
50.101,1,2,90.0,-2.0,0
50.101,1,2,90.0,-2.0,0
50.101,1,2,90.0,-2.0,0
50.101,1,2,90.0,-2.0,0
50.101,1,2,90.0,-2.0,0
50.201,1,2,90.0,-2.0,0
50.201,1,2,90.0,-2.0,0
50.201,1,2,90.0,-2.0,0
50.201,1,2,90.0,-2.0,0
50.201,1,2,90.0,-2.0,0
50.301,1,2,90.0,-2.0,0
50.301,1,2,90.0,-2.0,0
50.301,1,2,90.0,-2.0,0
50.301,1,2,90.0,-2.0,0
50.301,1,2,90.0,-2.0,0
50.401,1,2,90.0,-2.0,0
50.401,1,2,90.0,-2.0,0
50.401,1,2,90.0,-2.0,0
50.401,1,2,90.0,-2.0,0
50.401,1,2,90.0,-2.0,0
50.401,1,2,90.0,-2.0,0
50.501,1,2,90.0,-2.0,0
50.501,1,2,90.0,-2.0,0
50.501,1,2,90.0,-2.0,0
50.501,1,2,90.0,-2.0,0
50.501,1,2,90.0,-2.0,0
50.601,1,2,90.0,-2.0,0
50.601,1,2,90.0,-2.0,0
50.601,1,2,90.0,-2.0,0
50.601,1,2,90.0,-2.0,0
50.601,1,2,90.0,-2.0,0
50.701,1,2,90.0,-2.0,0
50.701,1,2,90.0,-2.0,0
50.701,1,2,90.0,-2.0,0
50.701,1,2,90.0,-2.0,0
50.701,1,2,90.0,-2.0,0
50.801,1,2,90.0,-2.0,0
50.801,1,2,90.0,-2.0,0
50.801,1,2,90.0,-2.0,0
50.801,1,2,90.0,-2.0,0
50.801,1,2,90.0,-2.0,0
50.901,1,2,90.0,-2.0,0
50.901,1,2,90.0,-2.0,0
50.901,1,2,90.0,-2.0,0
50.901,1,2,90.0,-2.0,0
50.901,1,2,90.0,-2.0,0
50.901,1,2,90.0,-2.0,0
51.001,1,2,90.0,-2.0,0
51.001,1,2,90.0,-2.0,0
51.001,1,2,90.0,-2.0,0
51.001,1,2,90.0,-2.0,0
51.001,1,2,90.0,-2.0,0
51.101,1,2,90.0,-2.0,0
51.101,1,2,90.0,-2.0,0
51.101,1,2,90.0,-2.0,0
51.101,1,2,90.0,-2.0,0
51.101,1,2,90.0,-2.0,0
51.201,1,2,90.0,-2.0,0
51.201,1,2,90.0,-2.0,0
51.201,1,2,90.0,-2.0,0
51.201,1,2,90.0,-2.0,0
51.201,1,2,90.0,-2.0,0
51.301,1,2,90.0,-2.0,0
51.301,1,2,90.0,-2.0,0
51.301,1,2,90.0,-2.0,0
51.301,1,2,90.0,-2.0,0
51.301,1,2,90.0,-2.0,0
51.301,1,2,90.0,-2.0,0
51.401,1,2,90.0,-2.0,0
51.401,1,2,90.0,-2.0,0
51.401,1,2,90.0,-2.0,0
51.401,1,2,90.0,-2.0,0
51.401,1,2,90.0,-2.0,0
51.501,1,2,90.0,-2.0,0
51.501,1,2,90.0,-2.0,0
51.501,1,2,90.0,-2.0,0
51.501,1,2,90.0,-2.0,0
51.501,1,2,90.0,-2.0,0
51.601,1,2,90.0,-2.0,0
51.601,1,2,90.0,-2.0,0
51.601,1,2,90.0,-2.0,0
51.601,1,2,90.0,-2.0,0
51.601,1,2,90.0,-2.0,0
51.701,1,2,90.0,-2.0,0
51.701,1,2,90.0,-2.0,0
51.701,1,2,90.0,-2.0,0
51.701,1,2,90.0,-2.0,0
51.701,1,2,90.0,-2.0,0
51.801,1,2,90.0,-2.0,0
51.801,1,2,90.0,-2.0,0
51.801,1,2,90.0,-2.0,0
51.801,1,2,90.0,-2.0,0
51.801,1,2,90.0,-2.0,0
51.801,1,2,90.0,-2.0,0
51.901,1,2,90.0,-2.0,0
51.901,1,2,90.0,-2.0,0
51.901,1,2,90.0,-2.0,0
51.901,1,2,90.0,-2.0,0
51.901,1,2,90.0,-2.0,0
52.001,1,2,90.0,-2.0,0
52.001,1,2,90.0,-2.0,0
52.001,1,2,90.0,-2.0,0
52.001,1,2,90.0,-2.0,0
52.001,1,2,90.0,-2.0,0
52.101,1,2,90.0,-2.0,0
52.101,1,2,90.0,-2.0,0
52.101,1,2,90.0,-2.0,0
52.101,1,2,90.0,-2.0,0
52.101,1,2,90.0,-2.0,0
52.201,1,2,90.0,-2.0,0
52.201,1,2,90.0,-2.0,0
52.201,1,2,90.0,-2.0,0
52.201,1,2,90.0,-2.0,0
52.201,1,2,90.0,-2.0,0
52.301,1,2,90.0,-2.0,0
52.301,1,2,90.0,-2.0,0
52.301,1,2,90.0,-2.0,0
52.301,1,2,90.0,-2.0,0
52.301,1,2,90.0,-2.0,0
52.301,1,2,90.0,-2.0,0
52.401,1,2,90.0,-2.0,0
52.401,1,2,90.0,-2.0,0
52.401,1,2,90.0,-2.0,0
52.401,1,2,90.0,-2.0,0
52.401,1,2,90.0,-2.0,0
52.501,1,2,90.0,-2.0,0
52.501,1,2,90.0,-2.0,0
52.501,1,2,90.0,-2.0,0
52.501,1,2,90.0,-2.0,0
52.501,1,2,90.0,-2.0,0
52.601,1,2,90.0,-2.0,0
52.601,1,2,90.0,-2.0,0
52.601,1,2,90.0,-2.0,0
52.601,1,2,90.0,-2.0,0
52.601,1,2,90.0,-2.0,0
52.701,1,2,90.0,-2.0,0
52.701,1,2,90.0,-2.0,0
52.701,1,2,90.0,-2.0,0
52.701,1,2,90.0,-2.0,0
52.701,1,2,90.0,-2.0,0
52.701,1,2,90.0,-2.0,0
52.801,1,2,90.0,-2.0,0
52.801,1,2,90.0,-2.0,0
52.801,1,2,90.0,-2.0,0
52.801,1,2,90.0,-2.0,0
52.801,1,2,90.0,-2.0,0
52.901,1,2,90.0,-2.0,0
52.901,1,2,90.0,-2.0,0
52.901,1,2,90.0,-2.0,0
52.901,1,2,90.0,-2.0,0
52.901,1,2,90.0,-2.0,0
53.001,1,2,90.0,-2.0,0
53.001,1,2,90.0,-2.0,0
53.001,1,2,90.0,-2.0,0
53.001,1,2,90.0,-2.0,0
53.001,1,2,90.0,-2.0,0
53.101,1,2,90.0,-2.0,0
53.101,1,2,90.0,-2.0,0
53.101,1,2,90.0,-2.0,0
53.101,1,2,90.0,-2.0,0
53.101,1,2,90.0,-2.0,0
53.201,1,2,90.0,-2.0,0
53.201,1,2,90.0,-2.0,0
53.201,1,2,90.0,-2.0,0
53.201,1,2,90.0,-2.0,0
53.201,1,2,90.0,-2.0,0
53.201,1,2,90.0,-2.0,0
53.301,1,2,90.0,-2.0,0
53.301,1,2,90.0,-2.0,0
53.301,1,2,90.0,-2.0,0
53.301,1,2,90.0,-2.0,0
53.301,1,2,90.0,-2.0,0
53.401,1,2,90.0,-2.0,0
53.401,1,2,90.0,-2.0,0
53.401,1,2,90.0,-2.0,0
53.401,1,2,90.0,-2.0,0
53.401,1,2,90.0,-2.0,0
53.501,1,2,90.0,-2.0,0
53.501,1,2,90.0,-2.0,0
53.501,1,2,90.0,-2.0,0
53.501,1,2,90.0,-2.0,0
53.501,1,2,90.0,-2.0,0
53.601,1,2,90.0,-2.0,0
53.601,1,2,90.0,-2.0,0
53.601,1,2,90.0,-2.0,0
53.601,1,2,90.0,-2.0,0
53.601,1,2,90.0,-2.0,0
53.601,1,2,90.0,-2.0,0
53.701,1,2,90.0,-2.0,0
53.701,1,2,90.0,-2.0,0
53.701,1,2,90.0,-2.0,0
53.701,1,2,90.0,-2.0,0
53.701,1,2,90.0,-2.0,0
53.801,1,2,90.0,-2.0,0
53.801,1,2,90.0,-2.0,0
53.801,1,2,90.0,-2.0,0
53.801,1,2,90.0,-2.0,0
53.801,1,2,90.0,-2.0,0
53.901,1,2,90.0,-2.0,0
53.901,1,2,90.0,-2.0,0
53.901,1,2,90.0,-2.0,0
53.901,1,2,90.0,-2.0,0
53.901,1,2,90.0,-2.0,0
54.001,1,2,90.0,-2.0,0
54.001,1,2,90.0,-2.0,0
54.001,1,2,90.0,-2.0,0
54.001,1,2,90.0,-2.0,0
54.001,1,2,90.0,-2.0,0
54.101,1,2,90.0,-2.0,0
54.101,1,2,90.0,-2.0,0
54.101,1,2,90.0,-2.0,0
54.101,1,2,90.0,-2.0,0
54.101,1,2,90.0,-2.0,0
54.101,1,2,90.0,-2.0,0
54.201,1,2,90.0,-2.0,0
54.201,1,2,90.0,-2.0,0
54.201,1,2,90.0,-2.0,0
54.201,1,2,90.0,-2.0,0
54.201,1,2,90.0,-2.0,0
54.301,1,2,90.0,-2.0,0
54.301,1,2,90.0,-2.0,0
54.301,1,2,90.0,-2.0,0
54.301,1,2,90.0,-2.0,0
54.301,1,2,90.0,-2.0,0
54.401,1,2,90.0,-2.0,0
54.401,1,2,90.0,-2.0,0
54.401,1,2,90.0,-2.0,0
54.401,1,2,90.0,-2.0,0
54.401,1,2,90.0,-2.0,0
54.502,1,2,90.0,-2.0,0
54.502,1,2,90.0,-2.0,0
54.502,1,2,90.0,-2.0,0
54.502,1,2,90.0,-2.0,0
54.502,1,2,90.0,-2.0,0
54.502,1,2,90.0,-2.0,0
54.602,1,2,90.0,-2.0,0
54.602,1,2,90.0,-2.0,0
54.602,1,2,90.0,-2.0,0
54.602,1,2,90.0,-2.0,0
54.602,1,2,90.0,-2.0,0
54.702,0,0,0.0,0.0,0
54.702,0,0,0.0,0.0,0
54.702,0,0,0.0,0.0,0
54.702,0,0,0.0,0.0,0
54.702,0,0,0.0,0.0,0
54.802,1,2,90.0,-4.0,0
54.802,1,2,90.0,-4.0,0
54.802,1,2,90.0,-4.0,0
54.802,1,2,90.0,-4.0,0
54.802,1,2,90.0,-4.0,0
54.902,1,2,90.0,-4.0,0
54.902,1,2,90.0,-4.0,0
54.902,1,2,90.0,-4.0,0
54.902,1,2,90.0,-4.0,0
54.902,1,2,90.0,-4.0,0
55.002,1,2,90.0,-4.0,0
55.002,1,2,90.0,-4.0,0
55.002,1,2,90.0,-4.0,0
55.002,1,2,90.0,-4.0,0
55.002,1,2,90.0,-4.0,0
55.002,1,2,90.0,-4.0,0
55.102,1,2,90.0,-4.0,0
55.102,1,2,90.0,-4.0,0
55.102,1,2,90.0,-4.0,0
55.102,1,2,90.0,-4.0,0
55.102,1,2,90.0,-4.0,0
55.202,1,2,90.0,-4.0,0
55.202,1,2,90.0,-4.0,0
55.202,1,2,90.0,-4.0,0
55.202,1,2,90.0,-4.0,0
55.202,1,2,90.0,-4.0,0
55.302,1,2,90.0,-4.0,0
55.302,1,2,90.0,-4.0,0
55.302,1,2,90.0,-4.0,0
55.302,1,2,90.0,-4.0,0
55.302,1,2,90.0,-4.0,0
55.402,1,2,90.0,-4.0,0
55.402,1,2,90.0,-4.0,0
55.402,1,2,90.0,-4.0,0
55.402,1,2,90.0,-4.0,0
55.402,1,2,90.0,-4.0,0
55.502,1,2,90.0,-4.0,0
55.502,1,2,90.0,-4.0,0
55.502,1,2,90.0,-4.0,0
55.502,1,2,90.0,-4.0,0
55.502,1,2,90.0,-4.0,0
55.502,1,2,90.0,-4.0,0
55.602,1,2,90.0,-4.0,0
55.602,1,2,90.0,-4.0,0
55.602,1,2,90.0,-4.0,0
55.602,1,2,90.0,-4.0,0
55.602,1,2,90.0,-4.0,0
55.702,1,2,90.0,-4.0,0
55.702,1,2,90.0,-4.0,0
55.702,1,2,90.0,-4.0,0
55.702,1,2,90.0,-4.0,0
55.702,1,2,90.0,-4.0,0
55.802,1,2,90.0,-4.0,0
55.802,1,2,90.0,-4.0,0
55.802,1,2,90.0,-4.0,0
55.802,1,2,90.0,-4.0,0
55.802,1,2,90.0,-4.0,0
55.902,1,2,90.0,-4.0,0
55.902,1,2,90.0,-4.0,0
55.902,1,2,90.0,-4.0,0
55.902,1,2,90.0,-4.0,0
55.902,1,2,90.0,-4.0,0
55.902,1,2,90.0,-4.0,0
56.002,1,2,90.0,-4.0,0
56.002,1,2,90.0,-4.0,0
56.002,1,2,90.0,-4.0,0
56.002,1,2,90.0,-4.0,0
56.002,1,2,90.0,-4.0,0
56.102,1,2,90.0,-4.0,0
56.102,1,2,90.0,-4.0,0
56.102,1,2,90.0,-4.0,0
56.102,1,2,90.0,-4.0,0
56.102,1,2,90.0,-4.0,0
56.202,1,2,90.0,-4.0,0
56.202,1,2,90.0,-4.0,0
56.202,1,2,90.0,-4.0,0
56.202,1,2,90.0,-4.0,0
56.202,1,2,90.0,-4.0,0
56.302,1,2,90.0,-4.0,0
56.302,1,2,90.0,-4.0,0
56.302,1,2,90.0,-4.0,0
56.302,1,2,90.0,-4.0,0
56.302,1,2,90.0,-4.0,0
56.402,1,2,90.0,-4.0,0
56.402,1,2,90.0,-4.0,0
56.402,1,2,90.0,-4.0,0
56.402,1,2,90.0,-4.0,0
56.402,1,2,90.0,-4.0,0
56.402,1,2,90.0,-4.0,0
56.502,1,2,90.0,-4.0,0
56.502,1,2,90.0,-4.0,0
56.502,1,2,90.0,-4.0,0
56.502,1,2,90.0,-4.0,0
56.502,1,2,90.0,-4.0,0
56.602,1,2,90.0,-4.0,0
56.602,1,2,90.0,-4.0,0
56.602,1,2,90.0,-4.0,0
56.602,1,2,90.0,-4.0,0
56.602,1,2,90.0,-4.0,0
56.702,1,2,90.0,-4.0,0
56.702,1,2,90.0,-4.0,0
56.702,1,2,90.0,-4.0,0
56.702,1,2,90.0,-4.0,0
56.702,1,2,90.0,-4.0,0
56.802,1,2,90.0,-4.0,0
56.802,1,2,90.0,-4.0,0
56.802,1,2,90.0,-4.0,0
56.802,1,2,90.0,-4.0,0
56.802,1,2,90.0,-4.0,0
56.802,1,2,90.0,-4.0,0
56.902,1,2,90.0,-4.0,0
56.902,1,2,90.0,-4.0,0
56.902,1,2,90.0,-4.0,0
56.902,1,2,90.0,-4.0,0
56.902,1,2,90.0,-4.0,0
57.002,1,2,90.0,-4.0,0
57.002,1,2,90.0,-4.0,0
57.002,1,2,90.0,-4.0,0
57.002,1,2,90.0,-4.0,0
57.002,1,2,90.0,-4.0,0
57.102,1,2,90.0,-4.0,0
57.102,1,2,90.0,-4.0,0
57.102,1,2,90.0,-4.0,0
57.102,1,2,90.0,-4.0,0
57.102,1,2,90.0,-4.0,0
57.202,1,2,90.0,-4.0,0
57.202,1,2,90.0,-4.0,0
57.202,1,2,90.0,-4.0,0
57.202,1,2,90.0,-4.0,0
57.202,1,2,90.0,-4.0,0
57.302,1,2,90.0,-4.0,0
57.302,1,2,90.0,-4.0,0
57.302,1,2,90.0,-4.0,0
57.302,1,2,90.0,-4.0,0
57.302,1,2,90.0,-4.0,0
57.302,1,2,90.0,-4.0,0
57.402,1,2,90.0,-4.0,0
57.402,1,2,90.0,-4.0,0
57.402,1,2,90.0,-4.0,0
57.402,1,2,90.0,-4.0,0
57.402,1,2,90.0,-4.0,0
57.502,1,2,90.0,-4.0,0
57.502,1,2,90.0,-4.0,0
57.502,1,2,90.0,-4.0,0
57.502,1,2,90.0,-4.0,0
57.502,1,2,90.0,-4.0,0
57.602,1,2,90.0,-4.0,0
57.602,1,2,90.0,-4.0,0
57.602,1,2,90.0,-4.0,0
57.602,1,2,90.0,-4.0,0
57.602,1,2,90.0,-4.0,0
57.702,1,2,90.0,-4.0,0
57.702,1,2,90.0,-4.0,0
57.702,1,2,90.0,-4.0,0
57.702,1,2,90.0,-4.0,0
57.702,1,2,90.0,-4.0,0
57.702,1,2,90.0,-4.0,0
57.802,1,2,90.0,-4.0,0
57.802,1,2,90.0,-4.0,0
57.802,1,2,90.0,-4.0,0
57.802,1,2,90.0,-4.0,0
57.802,1,2,90.0,-4.0,0
57.902,1,2,90.0,-4.0,0
57.902,1,2,90.0,-4.0,0
57.902,1,2,90.0,-4.0,0
57.902,1,2,90.0,-4.0,0
57.902,1,2,90.0,-4.0,0
58.002,1,2,90.0,-4.0,0
58.002,1,2,90.0,-4.0,0
58.002,1,2,90.0,-4.0,0
58.002,1,2,90.0,-4.0,0
58.002,1,2,90.0,-4.0,0
58.102,1,2,90.0,-4.0,0
58.102,1,2,90.0,-4.0,0
58.102,1,2,90.0,-4.0,0
58.102,1,2,90.0,-4.0,0
58.102,1,2,90.0,-4.0,0
58.202,1,2,90.0,-4.0,0
58.202,1,2,90.0,-4.0,0
58.202,1,2,90.0,-4.0,0
58.202,1,2,90.0,-4.0,0
58.202,1,2,90.0,-4.0,0
58.202,1,2,90.0,-4.0,0
58.302,1,2,90.0,-4.0,0
58.302,1,2,90.0,-4.0,0
58.302,1,2,90.0,-4.0,0
58.302,1,2,90.0,-4.0,0
58.302,1,2,90.0,-4.0,0
58.402,1,2,90.0,-4.0,0
58.402,1,2,90.0,-4.0,0
58.402,1,2,90.0,-4.0,0
58.402,1,2,90.0,-4.0,0
58.402,1,2,90.0,-4.0,0
58.502,1,2,90.0,-4.0,0
58.502,1,2,90.0,-4.0,0
58.502,1,2,90.0,-4.0,0
58.502,1,2,90.0,-4.0,0
58.502,1,2,90.0,-4.0,0
58.602,1,2,90.0,-4.0,0
58.602,1,2,90.0,-4.0,0
58.602,1,2,90.0,-4.0,0
58.602,1,2,90.0,-4.0,0
58.602,1,2,90.0,-4.0,0
58.702,1,2,90.0,-4.0,0
58.702,1,2,90.0,-4.0,0
58.702,1,2,90.0,-4.0,0
58.702,1,2,90.0,-4.0,0
58.702,1,2,90.0,-4.0,0
58.702,1,2,90.0,-4.0,0
58.802,1,2,90.0,-4.0,0
58.802,1,2,90.0,-4.0,0
58.802,1,2,90.0,-4.0,0
58.802,1,2,90.0,-4.0,0
58.802,1,2,90.0,-4.0,0
58.902,1,2,90.0,-4.0,0
58.902,1,2,90.0,-4.0,0
58.902,1,2,90.0,-4.0,0
58.902,1,2,90.0,-4.0,0
58.902,1,2,90.0,-4.0,0
59.002,1,2,90.0,-4.0,0
59.002,1,2,90.0,-4.0,0
59.002,1,2,90.0,-4.0,0
59.002,1,2,90.0,-4.0,0
59.002,1,2,90.0,-4.0,0
59.102,1,2,90.0,-4.0,0
59.102,1,2,90.0,-4.0,0
59.102,1,2,90.0,-4.0,0
59.102,1,2,90.0,-4.0,0
59.102,1,2,90.0,-4.0,0
59.102,1,2,90.0,-4.0,0
59.202,1,2,90.0,-4.0,0
59.202,1,2,90.0,-4.0,0
59.202,1,2,90.0,-4.0,0
59.202,1,2,90.0,-4.0,0
59.202,1,2,90.0,-4.0,0
59.302,1,2,90.0,-4.0,0
59.302,1,2,90.0,-4.0,0
59.302,1,2,90.0,-4.0,0
59.302,1,2,90.0,-4.0,0
59.302,1,2,90.0,-4.0,0
59.402,1,2,90.0,-4.0,0
59.402,1,2,90.0,-4.0,0
59.402,1,2,90.0,-4.0,0
59.402,1,2,90.0,-4.0,0
59.402,1,2,90.0,-4.0,0
59.502,1,2,90.0,-4.0,0
59.502,1,2,90.0,-4.0,0
59.502,1,2,90.0,-4.0,0
59.502,1,2,90.0,-4.0,0
59.502,1,2,90.0,-4.0,0
59.602,1,2,90.0,-4.0,0
59.602,1,2,90.0,-4.0,0
59.602,1,2,90.0,-4.0,0
59.602,1,2,90.0,-4.0,0
59.602,1,2,90.0,-4.0,0
59.602,1,2,90.0,-4.0,0
59.702,1,2,90.0,-4.0,0
59.702,1,2,90.0,-4.0,0
59.702,1,2,90.0,-4.0,0
59.702,1,2,90.0,-4.0,0
59.702,1,2,90.0,-4.0,0
59.802,1,2,90.0,-4.0,0
59.802,1,2,90.0,-4.0,0
59.802,1,2,90.0,-4.0,0
59.802,1,2,90.0,-4.0,0
59.802,1,2,90.0,-4.0,0
59.902,1,2,90.0,-4.0,0
59.902,1,2,90.0,-4.0,0
59.902,1,2,90.0,-4.0,0
59.902,1,2,90.0,-4.0,0
59.902,1,2,90.0,-4.0,0
60.002,1,2,90.0,-4.0,0
60.002,1,2,90.0,-4.0,0
60.002,1,2,90.0,-4.0,0
60.002,1,2,90.0,-4.0,0
60.002,1,2,90.0,-4.0,0
60.002,1,2,90.0,-4.0,0
60.102,1,2,90.0,-4.0,0
60.102,1,2,90.0,-4.0,0
60.102,1,2,90.0,-4.0,0
60.102,1,2,90.0,-4.0,0
60.102,1,2,90.0,-4.0,0
60.202,1,2,90.0,-4.0,0
60.202,1,2,90.0,-4.0,0
60.202,1,2,90.0,-4.0,0
60.202,1,2,90.0,-4.0,0
60.202,1,2,90.0,-4.0,0
60.302,1,2,90.0,-4.0,0
60.302,1,2,90.0,-4.0,0
60.302,1,2,90.0,-4.0,0
60.302,1,2,90.0,-4.0,0
60.302,1,2,90.0,-4.0,0
60.402,1,2,90.0,-4.0,0
60.402,1,2,90.0,-4.0,0
60.402,1,2,90.0,-4.0,0
60.402,1,2,90.0,-4.0,0
60.402,1,2,90.0,-4.0,0
60.502,1,2,90.0,-4.0,0
60.502,1,2,90.0,-4.0,0
60.502,1,2,90.0,-4.0,0
60.502,1,2,90.0,-4.0,0
60.502,1,2,90.0,-4.0,0
60.502,1,2,90.0,-4.0,0
60.602,1,2,90.0,-4.0,0
60.602,1,2,90.0,-4.0,0
60.602,1,2,90.0,-4.0,0
60.602,1,2,90.0,-4.0,0
60.602,1,2,90.0,-4.0,0
60.702,0,0,0.0,0.0,0
60.702,0,0,0.0,0.0,0
60.702,0,0,0.0,0.0,0
60.702,0,0,0.0,0.0,0
60.702,0,0,0.0,0.0,0
60.802,0,0,0.0,0.0,1
60.802,0,0,0.0,0.0,1
60.802,0,0,0.0,0.0,1
60.802,0,0,0.0,0.0,1
60.802,0,0,0.0,0.0,1
60.902,0,0,0.0,0.0,1
60.902,0,0,0.0,0.0,1
60.902,0,0,0.0,0.0,1
60.902,0,0,0.0,0.0,1
60.902,0,0,0.0,0.0,1
61.002,0,0,0.0,0.0,1
61.002,0,0,0.0,0.0,1
61.002,0,0,0.0,0.0,1
61.002,0,0,0.0,0.0,1
61.002,0,0,0.0,0.0,1
61.002,0,0,0.0,0.0,1
61.102,0,0,0.0,0.0,1
61.102,0,0,0.0,0.0,1
61.102,0,0,0.0,0.0,1
61.102,0,0,0.0,0.0,1
61.102,0,0,0.0,0.0,1
61.202,0,0,0.0,0.0,1
61.202,0,0,0.0,0.0,1
61.202,0,0,0.0,0.0,1
61.202,0,0,0.0,0.0,1
61.202,0,0,0.0,0.0,1
61.302,0,0,0.0,0.0,1
61.302,0,0,0.0,0.0,1
61.302,0,0,0.0,0.0,1
61.302,0,0,0.0,0.0,1
61.302,0,0,0.0,0.0,1
61.402,0,0,0.0,0.0,1
61.402,0,0,0.0,0.0,1
61.402,0,0,0.0,0.0,1
61.402,0,0,0.0,0.0,1
61.402,0,0,0.0,0.0,1
61.402,0,0,0.0,0.0,1
61.502,0,0,0.0,0.0,1
61.502,0,0,0.0,0.0,1
61.502,0,0,0.0,0.0,1
61.502,0,0,0.0,0.0,1
61.502,0,0,0.0,0.0,1
61.602,0,0,0.0,0.0,1
61.602,0,0,0.0,0.0,1
61.602,0,0,0.0,0.0,1
61.602,0,0,0.0,0.0,1
61.602,0,0,0.0,0.0,1
61.702,0,0,0.0,0.0,1
61.702,0,0,0.0,0.0,1
61.702,0,0,0.0,0.0,1
61.702,0,0,0.0,0.0,1
61.702,0,0,0.0,0.0,1
61.802,0,0,0.0,0.0,1
61.802,0,0,0.0,0.0,1
61.802,0,0,0.0,0.0,1
61.802,0,0,0.0,0.0,1
61.802,0,0,0.0,0.0,1
61.902,0,0,0.0,0.0,1
61.902,0,0,0.0,0.0,1
61.902,0,0,0.0,0.0,1
61.902,0,0,0.0,0.0,1
61.902,0,0,0.0,0.0,1
61.902,0,0,0.0,0.0,1
62.002,0,0,0.0,0.0,1
62.002,0,0,0.0,0.0,1
62.002,0,0,0.0,0.0,1
62.002,0,0,0.0,0.0,1
62.002,0,0,0.0,0.0,1
62.102,0,0,0.0,0.0,1
62.102,0,0,0.0,0.0,1
62.102,0,0,0.0,0.0,1
62.102,0,0,0.0,0.0,1
62.102,0,0,0.0,0.0,1
62.202,0,0,0.0,0.0,1
62.202,0,0,0.0,0.0,1
62.202,0,0,0.0,0.0,1
62.202,0,0,0.0,0.0,1
62.202,0,0,0.0,0.0,1
62.302,0,0,0.0,0.0,1
62.302,0,0,0.0,0.0,1
62.302,0,0,0.0,0.0,1
62.302,0,0,0.0,0.0,1
62.302,0,0,0.0,0.0,1
62.302,0,0,0.0,0.0,1
62.402,0,0,0.0,0.0,1
62.402,0,0,0.0,0.0,1
62.402,0,0,0.0,0.0,1
62.402,0,0,0.0,0.0,1
62.402,0,0,0.0,0.0,1
62.502,0,0,0.0,0.0,1
62.502,0,0,0.0,0.0,1
62.502,0,0,0.0,0.0,1
62.502,0,0,0.0,0.0,1
62.502,0,0,0.0,0.0,1
62.602,0,0,0.0,0.0,1
62.602,0,0,0.0,0.0,1
62.602,0,0,0.0,0.0,1
62.602,0,0,0.0,0.0,1
62.602,0,0,0.0,0.0,1
62.702,0,0,0.0,0.0,1
62.702,0,0,0.0,0.0,1
62.702,0,0,0.0,0.0,1
62.702,0,0,0.0,0.0,1
62.702,0,0,0.0,0.0,1
62.802,0,0,0.0,0.0,1
62.802,0,0,0.0,0.0,1
62.802,0,0,0.0,0.0,1
62.802,0,0,0.0,0.0,1
62.802,0,0,0.0,0.0,1
62.802,0,0,0.0,0.0,1
62.902,0,0,0.0,0.0,1
62.902,0,0,0.0,0.0,1
62.902,0,0,0.0,0.0,1
62.902,0,0,0.0,0.0,1
62.902,0,0,0.0,0.0,1
63.002,0,0,0.0,0.0,1
63.002,0,0,0.0,0.0,1
63.002,0,0,0.0,0.0,1
63.002,0,0,0.0,0.0,1
63.002,0,0,0.0,0.0,1
63.102,0,0,0.0,0.0,1
63.102,0,0,0.0,0.0,1
63.102,0,0,0.0,0.0,1
63.102,0,0,0.0,0.0,1
63.102,0,0,0.0,0.0,1
63.202,0,0,0.0,0.0,1
63.202,0,0,0.0,0.0,1
63.202,0,0,0.0,0.0,1
63.202,0,0,0.0,0.0,1
63.202,0,0,0.0,0.0,1
63.302,0,0,0.0,0.0,1
63.302,0,0,0.0,0.0,1
63.302,0,0,0.0,0.0,1
63.302,0,0,0.0,0.0,1
63.302,0,0,0.0,0.0,1
63.302,0,0,0.0,0.0,1
63.402,0,0,0.0,0.0,1
63.402,0,0,0.0,0.0,1
63.402,0,0,0.0,0.0,1
63.402,0,0,0.0,0.0,1
63.402,0,0,0.0,0.0,1
63.502,0,0,0.0,0.0,1
63.502,0,0,0.0,0.0,1
63.502,0,0,0.0,0.0,1
63.502,0,0,0.0,0.0,1
63.502,0,0,0.0,0.0,1
63.602,0,0,0.0,0.0,1
63.602,0,0,0.0,0.0,1
63.602,0,0,0.0,0.0,1
63.602,0,0,0.0,0.0,1
63.602,0,0,0.0,0.0,1
63.702,0,0,0.0,0.0,1
63.702,0,0,0.0,0.0,1
63.702,0,0,0.0,0.0,1
63.702,0,0,0.0,0.0,1
63.702,0,0,0.0,0.0,1
63.702,0,0,0.0,0.0,1
63.802,0,0,0.0,0.0,1
63.802,0,0,0.0,0.0,1
63.802,0,0,0.0,0.0,1
63.802,0,0,0.0,0.0,1
63.802,0,0,0.0,0.0,1
63.902,0,0,0.0,0.0,1
63.902,0,0,0.0,0.0,1
63.902,0,0,0.0,0.0,1
63.902,0,0,0.0,0.0,1
63.902,0,0,0.0,0.0,1
64.002,0,0,0.0,0.0,1
64.002,0,0,0.0,0.0,1
64.002,0,0,0.0,0.0,1
64.002,0,0,0.0,0.0,1
64.002,0,0,0.0,0.0,1
64.102,0,0,0.0,0.0,1
64.102,0,0,0.0,0.0,1
64.102,0,0,0.0,0.0,1
64.102,0,0,0.0,0.0,1
64.102,0,0,0.0,0.0,1
64.202,0,0,0.0,0.0,1
64.202,0,0,0.0,0.0,1
64.202,0,0,0.0,0.0,1
64.202,0,0,0.0,0.0,1
64.202,0,0,0.0,0.0,1
64.202,0,0,0.0,0.0,1
64.302,0,0,0.0,0.0,1
64.302,0,0,0.0,0.0,1
64.302,0,0,0.0,0.0,1
64.302,0,0,0.0,0.0,1
64.302,0,0,0.0,0.0,1
64.402,0,0,0.0,0.0,1
64.402,0,0,0.0,0.0,1
64.402,0,0,0.0,0.0,1
64.402,0,0,0.0,0.0,1
64.402,0,0,0.0,0.0,1
64.502,0,0,0.0,0.0,1
64.502,0,0,0.0,0.0,1
64.502,0,0,0.0,0.0,1
64.502,0,0,0.0,0.0,1
64.502,0,0,0.0,0.0,1
64.602,0,0,0.0,0.0,1
64.602,0,0,0.0,0.0,1
64.602,0,0,0.0,0.0,1
64.602,0,0,0.0,0.0,1
64.602,0,0,0.0,0.0,1
64.602,0,0,0.0,0.0,1
64.702,0,0,0.0,0.0,1
64.702,0,0,0.0,0.0,1
64.702,0,0,0.0,0.0,1
64.702,0,0,0.0,0.0,1
64.702,0,0,0.0,0.0,1
64.802,0,0,0.0,0.0,1
64.802,0,0,0.0,0.0,1
64.802,0,0,0.0,0.0,1
64.802,0,0,0.0,0.0,1
64.802,0,0,0.0,0.0,1
64.902,0,0,0.0,0.0,1
64.902,0,0,0.0,0.0,1
64.902,0,0,0.0,0.0,1
64.902,0,0,0.0,0.0,1
64.902,0,0,0.0,0.0,1
65.002,0,0,0.0,0.0,1
65.002,0,0,0.0,0.0,1
65.002,0,0,0.0,0.0,1
65.002,0,0,0.0,0.0,1
65.002,0,0,0.0,0.0,1
65.102,0,0,0.0,0.0,1
65.102,0,0,0.0,0.0,1
65.102,0,0,0.0,0.0,1
65.102,0,0,0.0,0.0,1
65.102,0,0,0.0,0.0,1
65.102,0,0,0.0,0.0,1
65.202,0,0,0.0,0.0,1
65.202,0,0,0.0,0.0,1
65.202,0,0,0.0,0.0,1
65.202,0,0,0.0,0.0,1
65.202,0,0,0.0,0.0,1
65.302,0,0,0.0,0.0,1
65.302,0,0,0.0,0.0,1
65.302,0,0,0.0,0.0,1
65.302,0,0,0.0,0.0,1
65.302,0,0,0.0,0.0,1
65.402,0,0,0.0,0.0,1
65.402,0,0,0.0,0.0,1
65.402,0,0,0.0,0.0,1
65.402,0,0,0.0,0.0,1
65.402,0,0,0.0,0.0,1
65.502,0,0,0.0,0.0,1
65.502,0,0,0.0,0.0,1
65.502,0,0,0.0,0.0,1
65.502,0,0,0.0,0.0,1
65.502,0,0,0.0,0.0,1
65.602,0,0,0.0,0.0,1
65.602,0,0,0.0,0.0,1
65.602,0,0,0.0,0.0,1
65.602,0,0,0.0,0.0,1
65.602,0,0,0.0,0.0,1
65.602,0,0,0.0,0.0,1
65.702,0,0,0.0,0.0,1
65.702,0,0,0.0,0.0,1
65.702,0,0,0.0,0.0,1
65.702,0,0,0.0,0.0,1
65.702,0,0,0.0,0.0,1
65.802,0,0,0.0,0.0,1
65.802,0,0,0.0,0.0,1
65.802,0,0,0.0,0.0,1
65.802,0,0,0.0,0.0,1
65.802,0,0,0.0,0.0,1
65.902,0,0,0.0,0.0,1
65.902,0,0,0.0,0.0,1
65.902,0,0,0.0,0.0,1
65.902,0,0,0.0,0.0,1
65.902,0,0,0.0,0.0,1
66.002,0,0,0.0,0.0,1
66.002,0,0,0.0,0.0,1
66.002,0,0,0.0,0.0,1
66.002,0,0,0.0,0.0,1
66.002,0,0,0.0,0.0,1
66.002,0,0,0.0,0.0,1
66.102,0,0,0.0,0.0,1
66.102,0,0,0.0,0.0,1
66.102,0,0,0.0,0.0,1
66.102,0,0,0.0,0.0,1
66.102,0,0,0.0,0.0,1
66.202,0,0,0.0,0.0,1
66.202,0,0,0.0,0.0,1
66.202,0,0,0.0,0.0,1
66.202,0,0,0.0,0.0,1
66.202,0,0,0.0,0.0,1
66.302,0,0,0.0,0.0,1
66.302,0,0,0.0,0.0,1
66.302,0,0,0.0,0.0,1
66.302,0,0,0.0,0.0,1
66.302,0,0,0.0,0.0,1
66.402,0,0,0.0,0.0,1
66.402,0,0,0.0,0.0,1
66.402,0,0,0.0,0.0,1
66.402,0,0,0.0,0.0,1
66.402,0,0,0.0,0.0,1
66.502,0,0,0.0,0.0,1
66.502,0,0,0.0,0.0,1
66.502,0,0,0.0,0.0,1
66.502,0,0,0.0,0.0,1
66.502,0,0,0.0,0.0,1
66.502,0,0,0.0,0.0,1
66.602,0,0,0.0,0.0,1
66.602,0,0,0.0,0.0,1
66.602,0,0,0.0,0.0,1
66.602,0,0,0.0,0.0,1
66.602,0,0,0.0,0.0,1
66.702,0,0,0.0,0.0,1
66.702,0,0,0.0,0.0,1
66.702,0,0,0.0,0.0,1
66.702,0,0,0.0,0.0,1
66.702,0,0,0.0,0.0,1
66.802,0,0,0.0,0.0,1
66.802,0,0,0.0,0.0,1
66.802,0,0,0.0,0.0,1
66.802,0,0,0.0,0.0,1
66.802,0,0,0.0,0.0,1
66.902,0,0,0.0,0.0,1
66.902,0,0,0.0,0.0,1
66.902,0,0,0.0,0.0,1
66.902,0,0,0.0,0.0,1
66.902,0,0,0.0,0.0,1
66.902,0,0,0.0,0.0,1
67.002,0,0,0.0,0.0,1
67.002,0,0,0.0,0.0,1
67.002,0,0,0.0,0.0,1
67.002,0,0,0.0,0.0,1
67.002,0,0,0.0,0.0,1
67.102,0,0,0.0,0.0,1
67.102,0,0,0.0,0.0,1
67.102,0,0,0.0,0.0,1
67.102,0,0,0.0,0.0,1
67.102,0,0,0.0,0.0,1
67.202,0,0,0.0,0.0,1
67.202,0,0,0.0,0.0,1
67.202,0,0,0.0,0.0,1
67.202,0,0,0.0,0.0,1
67.202,0,0,0.0,0.0,1
67.302,0,0,0.0,0.0,1
67.302,0,0,0.0,0.0,1
67.302,0,0,0.0,0.0,1
67.302,0,0,0.0,0.0,1
67.302,0,0,0.0,0.0,1
67.402,0,0,0.0,0.0,1
67.402,0,0,0.0,0.0,1
67.402,0,0,0.0,0.0,1
67.402,0,0,0.0,0.0,1
67.402,0,0,0.0,0.0,1
67.402,0,0,0.0,0.0,1
67.502,0,0,0.0,0.0,1
67.502,0,0,0.0,0.0,1
67.502,0,0,0.0,0.0,1
67.502,0,0,0.0,0.0,1
67.502,0,0,0.0,0.0,1
67.602,0,0,0.0,0.0,1
67.602,0,0,0.0,0.0,1
67.602,0,0,0.0,0.0,1
67.602,0,0,0.0,0.0,1
67.602,0,0,0.0,0.0,1
67.702,0,0,0.0,0.0,1
67.702,0,0,0.0,0.0,1
67.702,0,0,0.0,0.0,1
67.702,0,0,0.0,0.0,1
67.702,0,0,0.0,0.0,1
67.802,0,0,0.0,0.0,1
67.802,0,0,0.0,0.0,1
67.802,0,0,0.0,0.0,1
67.802,0,0,0.0,0.0,1
67.802,0,0,0.0,0.0,1
67.902,0,0,0.0,0.0,1
67.902,0,0,0.0,0.0,1
67.902,0,0,0.0,0.0,1
67.902,0,0,0.0,0.0,1
67.902,0,0,0.0,0.0,1
67.902,0,0,0.0,0.0,1
68.002,0,0,0.0,0.0,1
68.002,0,0,0.0,0.0,1
68.002,0,0,0.0,0.0,1
68.002,0,0,0.0,0.0,1
68.002,0,0,0.0,0.0,1
68.102,0,0,0.0,0.0,1
68.102,0,0,0.0,0.0,1
68.102,0,0,0.0,0.0,1
68.102,0,0,0.0,0.0,1
68.102,0,0,0.0,0.0,1
68.202,0,0,0.0,0.0,1
68.202,0,0,0.0,0.0,1
68.202,0,0,0.0,0.0,1
68.202,0,0,0.0,0.0,1
68.202,0,0,0.0,0.0,1
68.302,0,0,0.0,0.0,1
68.302,0,0,0.0,0.0,1
68.302,0,0,0.0,0.0,1
68.302,0,0,0.0,0.0,1
68.302,0,0,0.0,0.0,1
68.302,0,0,0.0,0.0,1
68.402,0,0,0.0,0.0,1
68.402,0,0,0.0,0.0,1
68.402,0,0,0.0,0.0,1
68.402,0,0,0.0,0.0,1
68.402,0,0,0.0,0.0,1
68.502,0,0,0.0,0.0,1
68.502,0,0,0.0,0.0,1
68.502,0,0,0.0,0.0,1
68.502,0,0,0.0,0.0,1
68.502,0,0,0.0,0.0,1
68.602,0,0,0.0,0.0,1
68.602,0,0,0.0,0.0,1
68.602,0,0,0.0,0.0,1
68.602,0,0,0.0,0.0,1
68.602,0,0,0.0,0.0,1
68.702,0,0,0.0,0.0,1
68.702,0,0,0.0,0.0,1
68.702,0,0,0.0,0.0,1
68.702,0,0,0.0,0.0,1
68.702,0,0,0.0,0.0,1
68.802,0,0,0.0,0.0,1
68.802,0,0,0.0,0.0,1
68.802,0,0,0.0,0.0,1
68.802,0,0,0.0,0.0,1
68.802,0,0,0.0,0.0,1
68.802,0,0,0.0,0.0,1
68.902,0,0,0.0,0.0,1
68.902,0,0,0.0,0.0,1
68.902,0,0,0.0,0.0,1
68.902,0,0,0.0,0.0,1
68.902,0,0,0.0,0.0,1
69.002,0,0,0.0,0.0,1
69.002,0,0,0.0,0.0,1
69.002,0,0,0.0,0.0,1
69.002,0,0,0.0,0.0,1
69.002,0,0,0.0,0.0,1
69.102,0,0,0.0,0.0,1
69.102,0,0,0.0,0.0,1
69.102,0,0,0.0,0.0,1
69.102,0,0,0.0,0.0,1
69.102,0,0,0.0,0.0,1
69.202,0,0,0.0,0.0,1
69.202,0,0,0.0,0.0,1
69.202,0,0,0.0,0.0,1
69.202,0,0,0.0,0.0,1
69.202,0,0,0.0,0.0,1
69.202,0,0,0.0,0.0,1
69.302,0,0,0.0,0.0,1
69.302,0,0,0.0,0.0,1
69.302,0,0,0.0,0.0,1
69.302,0,0,0.0,0.0,1
69.302,0,0,0.0,0.0,1
69.402,0,0,0.0,0.0,1
69.402,0,0,0.0,0.0,1
69.402,0,0,0.0,0.0,1
69.402,0,0,0.0,0.0,1
69.402,0,0,0.0,0.0,1
69.502,0,0,0.0,0.0,1
69.502,0,0,0.0,0.0,1
69.502,0,0,0.0,0.0,1
69.502,0,0,0.0,0.0,1
69.502,0,0,0.0,0.0,1
69.602,0,0,0.0,0.0,1
69.602,0,0,0.0,0.0,1
69.602,0,0,0.0,0.0,1
69.602,0,0,0.0,0.0,1
69.602,0,0,0.0,0.0,1
69.702,0,0,0.0,0.0,1
69.702,0,0,0.0,0.0,1
69.702,0,0,0.0,0.0,1
69.702,0,0,0.0,0.0,1
69.702,0,0,0.0,0.0,1
69.702,0,0,0.0,0.0,1
69.802,0,0,0.0,0.0,1
69.802,0,0,0.0,0.0,1
69.802,0,0,0.0,0.0,1
69.802,0,0,0.0,0.0,1
69.802,0,0,0.0,0.0,1
69.902,0,0,0.0,0.0,1
69.902,0,0,0.0,0.0,1
69.902,0,0,0.0,0.0,1
69.902,0,0,0.0,0.0,1
69.902,0,0,0.0,0.0,1
70.002,0,0,0.0,0.0,1
70.002,0,0,0.0,0.0,1
70.002,0,0,0.0,0.0,1
70.002,0,0,0.0,0.0,1
70.002,0,0,0.0,0.0,1
70.102,0,0,0.0,0.0,1
70.102,0,0,0.0,0.0,1
70.102,0,0,0.0,0.0,1
70.102,0,0,0.0,0.0,1
70.102,0,0,0.0,0.0,1
70.202,0,0,0.0,0.0,1
70.202,0,0,0.0,0.0,1
70.202,0,0,0.0,0.0,1
70.202,0,0,0.0,0.0,1
70.202,0,0,0.0,0.0,1
70.202,0,0,0.0,0.0,1
70.302,0,0,0.0,0.0,1
70.302,0,0,0.0,0.0,1
70.302,0,0,0.0,0.0,1
70.302,0,0,0.0,0.0,1
70.302,0,0,0.0,0.0,1
70.402,0,0,0.0,0.0,1
70.402,0,0,0.0,0.0,1
70.402,0,0,0.0,0.0,1
70.402,0,0,0.0,0.0,1
70.402,0,0,0.0,0.0,1
70.502,0,0,0.0,0.0,1
70.502,0,0,0.0,0.0,1
70.502,0,0,0.0,0.0,1
70.502,0,0,0.0,0.0,1
70.502,0,0,0.0,0.0,1
70.602,0,0,0.0,0.0,1
70.602,0,0,0.0,0.0,1
70.602,0,0,0.0,0.0,1
70.602,0,0,0.0,0.0,1
70.602,0,0,0.0,0.0,1
70.602,0,0,0.0,0.0,1
70.702,0,0,0.0,0.0,1
70.702,0,0,0.0,0.0,1
70.702,0,0,0.0,0.0,1
70.702,0,0,0.0,0.0,1
70.702,0,0,0.0,0.0,1
70.802,0,0,0.0,0.0,1
70.802,0,0,0.0,0.0,1
70.802,0,0,0.0,0.0,1
70.802,0,0,0.0,0.0,1
70.802,0,0,0.0,0.0,1
70.902,0,0,0.0,0.0,1
70.902,0,0,0.0,0.0,1
70.902,0,0,0.0,0.0,1
70.902,0,0,0.0,0.0,1
70.902,0,0,0.0,0.0,1
71.002,0,0,0.0,0.0,1
71.002,0,0,0.0,0.0,1
71.002,0,0,0.0,0.0,1
71.002,0,0,0.0,0.0,1
71.002,0,0,0.0,0.0,1
71.102,0,0,0.0,0.0,1
71.102,0,0,0.0,0.0,1
71.102,0,0,0.0,0.0,1
71.102,0,0,0.0,0.0,1
71.102,0,0,0.0,0.0,1
71.102,0,0,0.0,0.0,1
71.202,0,0,0.0,0.0,1
71.202,0,0,0.0,0.0,1
71.202,0,0,0.0,0.0,1
71.202,0,0,0.0,0.0,1
71.202,0,0,0.0,0.0,1
71.302,0,0,0.0,0.0,1
71.302,0,0,0.0,0.0,1
71.302,0,0,0.0,0.0,1
71.302,0,0,0.0,0.0,1
71.302,0,0,0.0,0.0,1
71.402,0,0,0.0,0.0,1
71.402,0,0,0.0,0.0,1
71.402,0,0,0.0,0.0,1
71.402,0,0,0.0,0.0,1
71.402,0,0,0.0,0.0,1
71.502,0,0,0.0,0.0,1
71.502,0,0,0.0,0.0,1
71.502,0,0,0.0,0.0,1
71.502,0,0,0.0,0.0,1
71.502,0,0,0.0,0.0,1
71.502,0,0,0.0,0.0,1
71.602,0,0,0.0,0.0,1
71.602,0,0,0.0,0.0,1
71.602,0,0,0.0,0.0,1
71.602,0,0,0.0,0.0,1
71.602,0,0,0.0,0.0,1
71.702,0,0,0.0,0.0,1
71.702,0,0,0.0,0.0,1
71.702,0,0,0.0,0.0,1
71.702,0,0,0.0,0.0,1
71.702,0,0,0.0,0.0,1
71.802,0,0,0.0,0.0,1
71.802,0,0,0.0,0.0,1
71.802,0,0,0.0,0.0,1
71.802,0,0,0.0,0.0,1
71.802,0,0,0.0,0.0,1
71.902,0,0,0.0,0.0,1
71.902,0,0,0.0,0.0,1
71.902,0,0,0.0,0.0,1
71.902,0,0,0.0,0.0,1
71.902,0,0,0.0,0.0,1
72.002,0,0,0.0,0.0,1
72.002,0,0,0.0,0.0,1
72.002,0,0,0.0,0.0,1
72.002,0,0,0.0,0.0,1
72.002,0,0,0.0,0.0,1
72.002,0,0,0.0,0.0,1
72.102,0,0,0.0,0.0,1
72.102,0,0,0.0,0.0,1
72.102,0,0,0.0,0.0,1
72.102,0,0,0.0,0.0,1
72.102,0,0,0.0,0.0,1
72.202,0,0,0.0,0.0,1
72.202,0,0,0.0,0.0,1
72.202,0,0,0.0,0.0,1
72.202,0,0,0.0,0.0,1
72.202,0,0,0.0,0.0,1
72.302,0,0,0.0,0.0,1
72.302,0,0,0.0,0.0,1
72.302,0,0,0.0,0.0,1
72.302,0,0,0.0,0.0,1
72.302,0,0,0.0,0.0,1
72.402,0,0,0.0,0.0,1
72.402,0,0,0.0,0.0,1
72.402,0,0,0.0,0.0,1
72.402,0,0,0.0,0.0,1
72.402,0,0,0.0,0.0,1
72.502,0,0,0.0,0.0,1
72.502,0,0,0.0,0.0,1
72.502,0,0,0.0,0.0,1
72.502,0,0,0.0,0.0,1
72.502,0,0,0.0,0.0,1
72.502,0,0,0.0,0.0,1
72.602,0,0,0.0,0.0,1
72.602,0,0,0.0,0.0,1
72.602,0,0,0.0,0.0,1
72.602,0,0,0.0,0.0,1
72.602,0,0,0.0,0.0,1
72.702,0,0,0.0,0.0,1
72.702,0,0,0.0,0.0,1
72.702,0,0,0.0,0.0,1
72.702,0,0,0.0,0.0,1
72.702,0,0,0.0,0.0,1
72.802,0,0,0.0,0.0,1
72.802,0,0,0.0,0.0,1
72.802,0,0,0.0,0.0,1
72.802,0,0,0.0,0.0,1
72.802,0,0,0.0,0.0,1
72.902,0,0,0.0,0.0,1
72.902,0,0,0.0,0.0,1
72.902,0,0,0.0,0.0,1
72.902,0,0,0.0,0.0,1
72.902,0,0,0.0,0.0,1
72.902,0,0,0.0,0.0,1
73.002,0,0,0.0,0.0,1
73.002,0,0,0.0,0.0,1
73.002,0,0,0.0,0.0,1
73.002,0,0,0.0,0.0,1
73.002,0,0,0.0,0.0,1
73.102,0,0,0.0,0.0,1
73.102,0,0,0.0,0.0,1
73.102,0,0,0.0,0.0,1
73.102,0,0,0.0,0.0,1
73.102,0,0,0.0,0.0,1
73.202,0,0,0.0,0.0,1
73.202,0,0,0.0,0.0,1
73.202,0,0,0.0,0.0,1
73.202,0,0,0.0,0.0,1
73.202,0,0,0.0,0.0,1
73.302,0,0,0.0,0.0,1
73.302,0,0,0.0,0.0,1
73.302,0,0,0.0,0.0,1
73.302,0,0,0.0,0.0,1
73.302,0,0,0.0,0.0,1
73.402,0,0,0.0,0.0,1
73.402,0,0,0.0,0.0,1
73.402,0,0,0.0,0.0,1
73.402,0,0,0.0,0.0,1
73.402,0,0,0.0,0.0,1
73.402,0,0,0.0,0.0,1
73.502,0,0,0.0,0.0,1
73.502,0,0,0.0,0.0,1
73.502,0,0,0.0,0.0,1
73.502,0,0,0.0,0.0,1
73.502,0,0,0.0,0.0,1
73.602,0,0,0.0,0.0,1
73.602,0,0,0.0,0.0,1
73.602,0,0,0.0,0.0,1
73.602,0,0,0.0,0.0,1
73.602,0,0,0.0,0.0,1
73.702,0,0,0.0,0.0,1
73.702,0,0,0.0,0.0,1
73.702,0,0,0.0,0.0,1
73.702,0,0,0.0,0.0,1
73.702,0,0,0.0,0.0,1
73.802,0,0,0.0,0.0,1
73.802,0,0,0.0,0.0,1
73.802,0,0,0.0,0.0,1
73.802,0,0,0.0,0.0,1
73.802,0,0,0.0,0.0,1
73.802,0,0,0.0,0.0,1
73.902,0,0,0.0,0.0,1
73.902,0,0,0.0,0.0,1
73.902,0,0,0.0,0.0,1
73.902,0,0,0.0,0.0,1
73.902,0,0,0.0,0.0,1
74.002,0,0,0.0,0.0,1
74.002,0,0,0.0,0.0,1
74.002,0,0,0.0,0.0,1
74.002,0,0,0.0,0.0,1
74.002,0,0,0.0,0.0,1
74.102,0,0,0.0,0.0,1
74.102,0,0,0.0,0.0,1
74.102,0,0,0.0,0.0,1
74.102,0,0,0.0,0.0,1
74.102,0,0,0.0,0.0,1
74.202,0,0,0.0,0.0,1
74.202,0,0,0.0,0.0,1
74.202,0,0,0.0,0.0,1
74.202,0,0,0.0,0.0,1
74.202,0,0,0.0,0.0,1
74.302,0,0,0.0,0.0,1
74.302,0,0,0.0,0.0,1
74.302,0,0,0.0,0.0,1
74.302,0,0,0.0,0.0,1
74.302,0,0,0.0,0.0,1
74.302,0,0,0.0,0.0,1
74.402,0,0,0.0,0.0,1
74.402,0,0,0.0,0.0,1
74.402,0,0,0.0,0.0,1
74.402,0,0,0.0,0.0,1
74.402,0,0,0.0,0.0,1
74.502,0,0,0.0,0.0,1
74.502,0,0,0.0,0.0,1
74.502,0,0,0.0,0.0,1
74.502,0,0,0.0,0.0,1
74.502,0,0,0.0,0.0,1
74.602,0,0,0.0,0.0,1
74.602,0,0,0.0,0.0,1
74.602,0,0,0.0,0.0,1
74.602,0,0,0.0,0.0,1
74.602,0,0,0.0,0.0,1
74.702,0,0,0.0,0.0,1
74.702,0,0,0.0,0.0,1
74.702,0,0,0.0,0.0,1
74.702,0,0,0.0,0.0,1
74.702,0,0,0.0,0.0,1
74.802,0,0,0.0,0.0,1
74.802,0,0,0.0,0.0,1
74.802,0,0,0.0,0.0,1
74.802,0,0,0.0,0.0,1
74.802,0,0,0.0,0.0,1
74.802,0,0,0.0,0.0,1
74.902,0,0,0.0,0.0,1
74.902,0,0,0.0,0.0,1
74.902,0,0,0.0,0.0,1
74.902,0,0,0.0,0.0,1
74.902,0,0,0.0,0.0,1
75.002,0,0,0.0,0.0,1
75.002,0,0,0.0,0.0,1
75.002,0,0,0.0,0.0,1
75.002,0,0,0.0,0.0,1
75.002,0,0,0.0,0.0,1
75.102,0,0,0.0,0.0,1
75.102,0,0,0.0,0.0,1
75.102,0,0,0.0,0.0,1
75.102,0,0,0.0,0.0,1
75.102,0,0,0.0,0.0,1
75.202,0,0,0.0,0.0,1
75.202,0,0,0.0,0.0,1
75.202,0,0,0.0,0.0,1
75.202,0,0,0.0,0.0,1
75.202,0,0,0.0,0.0,1
75.202,0,0,0.0,0.0,1
75.302,0,0,0.0,0.0,1
75.302,0,0,0.0,0.0,1
75.302,0,0,0.0,0.0,1
75.302,0,0,0.0,0.0,1
75.302,0,0,0.0,0.0,1
75.402,0,0,0.0,0.0,1
75.402,0,0,0.0,0.0,1
75.402,0,0,0.0,0.0,1
75.402,0,0,0.0,0.0,1
75.402,0,0,0.0,0.0,1
75.502,0,0,0.0,0.0,1
75.502,0,0,0.0,0.0,1
75.502,0,0,0.0,0.0,1
75.502,0,0,0.0,0.0,1
75.502,0,0,0.0,0.0,1
75.602,0,0,0.0,0.0,1
75.602,0,0,0.0,0.0,1
75.602,0,0,0.0,0.0,1
75.602,0,0,0.0,0.0,1
75.602,0,0,0.0,0.0,1
75.702,0,0,0.0,0.0,1
75.702,0,0,0.0,0.0,1
75.702,0,0,0.0,0.0,1
75.702,0,0,0.0,0.0,1
75.702,0,0,0.0,0.0,1
75.702,0,0,0.0,0.0,1
75.802,0,0,0.0,0.0,1
75.802,0,0,0.0,0.0,1
75.802,0,0,0.0,0.0,1
75.802,0,0,0.0,0.0,1
75.802,0,0,0.0,0.0,1
75.902,0,0,0.0,0.0,1
75.902,0,0,0.0,0.0,1
75.902,0,0,0.0,0.0,1
75.902,0,0,0.0,0.0,1
75.902,0,0,0.0,0.0,1
76.002,0,0,0.0,0.0,1
76.002,0,0,0.0,0.0,1
76.002,0,0,0.0,0.0,1
76.002,0,0,0.0,0.0,1
76.002,0,0,0.0,0.0,1
76.102,0,0,0.0,0.0,1
76.102,0,0,0.0,0.0,1
76.102,0,0,0.0,0.0,1
76.102,0,0,0.0,0.0,1
76.102,0,0,0.0,0.0,1
76.102,0,0,0.0,0.0,1
76.202,0,0,0.0,0.0,1
76.202,0,0,0.0,0.0,1
76.202,0,0,0.0,0.0,1
76.202,0,0,0.0,0.0,1
76.202,0,0,0.0,0.0,1
76.302,0,0,0.0,0.0,1
76.302,0,0,0.0,0.0,1
76.302,0,0,0.0,0.0,1
76.302,0,0,0.0,0.0,1
76.302,0,0,0.0,0.0,1
76.402,0,0,0.0,0.0,1
76.402,0,0,0.0,0.0,1
76.402,0,0,0.0,0.0,1
76.402,0,0,0.0,0.0,1
76.402,0,0,0.0,0.0,1
76.502,0,0,0.0,0.0,1
76.502,0,0,0.0,0.0,1
76.502,0,0,0.0,0.0,1
76.502,0,0,0.0,0.0,1
76.502,0,0,0.0,0.0,1
76.602,0,0,0.0,0.0,1
76.602,0,0,0.0,0.0,1
76.602,0,0,0.0,0.0,1
76.602,0,0,0.0,0.0,1
76.602,0,0,0.0,0.0,1
76.602,0,0,0.0,0.0,1
76.702,0,0,0.0,0.0,1
76.702,0,0,0.0,0.0,1
76.702,0,0,0.0,0.0,1
76.702,0,0,0.0,0.0,1
76.702,0,0,0.0,0.0,1
76.802,0,0,0.0,0.0,1
76.802,0,0,0.0,0.0,1
76.802,0,0,0.0,0.0,1
76.802,0,0,0.0,0.0,1
76.802,0,0,0.0,0.0,1
76.902,0,0,0.0,0.0,1
76.902,0,0,0.0,0.0,1
76.902,0,0,0.0,0.0,1
76.902,0,0,0.0,0.0,1
76.902,0,0,0.0,0.0,1
77.002,0,0,0.0,0.0,1
77.002,0,0,0.0,0.0,1
77.002,0,0,0.0,0.0,1
77.002,0,0,0.0,0.0,1
77.002,0,0,0.0,0.0,1
77.102,0,0,0.0,0.0,1
77.102,0,0,0.0,0.0,1
77.102,0,0,0.0,0.0,1
77.102,0,0,0.0,0.0,1
77.102,0,0,0.0,0.0,1
77.102,0,0,0.0,0.0,1
77.202,0,0,0.0,0.0,1
77.202,0,0,0.0,0.0,1
77.202,0,0,0.0,0.0,1
77.202,0,0,0.0,0.0,1
77.202,0,0,0.0,0.0,1
77.302,0,0,0.0,0.0,1
77.302,0,0,0.0,0.0,1
77.302,0,0,0.0,0.0,1
77.302,0,0,0.0,0.0,1
77.302,0,0,0.0,0.0,1
77.402,0,0,0.0,0.0,1
77.402,0,0,0.0,0.0,1
77.402,0,0,0.0,0.0,1
77.402,0,0,0.0,0.0,1
77.402,0,0,0.0,0.0,1
77.502,0,0,0.0,0.0,1
77.502,0,0,0.0,0.0,1
77.502,0,0,0.0,0.0,1
77.502,0,0,0.0,0.0,1
77.502,0,0,0.0,0.0,1
77.502,0,0,0.0,0.0,1
77.602,0,0,0.0,0.0,1
77.602,0,0,0.0,0.0,1
77.602,0,0,0.0,0.0,1
77.602,0,0,0.0,0.0,1
77.602,0,0,0.0,0.0,1
77.702,0,0,0.0,0.0,1
77.702,0,0,0.0,0.0,1
77.702,0,0,0.0,0.0,1
77.702,0,0,0.0,0.0,1
77.702,0,0,0.0,0.0,1
77.802,0,0,0.0,0.0,1
77.802,0,0,0.0,0.0,1
77.802,0,0,0.0,0.0,1
77.802,0,0,0.0,0.0,1
77.802,0,0,0.0,0.0,1
77.902,0,0,0.0,0.0,1
77.902,0,0,0.0,0.0,1
77.902,0,0,0.0,0.0,1
77.902,0,0,0.0,0.0,1
77.902,0,0,0.0,0.0,1
78.002,0,0,0.0,0.0,1
78.002,0,0,0.0,0.0,1
78.002,0,0,0.0,0.0,1
78.002,0,0,0.0,0.0,1
78.002,0,0,0.0,0.0,1
78.002,0,0,0.0,0.0,1
78.102,0,0,0.0,0.0,1
78.102,0,0,0.0,0.0,1
78.102,0,0,0.0,0.0,1
78.102,0,0,0.0,0.0,1
78.102,0,0,0.0,0.0,1
78.202,0,0,0.0,0.0,1
78.202,0,0,0.0,0.0,1
78.202,0,0,0.0,0.0,1
78.202,0,0,0.0,0.0,1
78.202,0,0,0.0,0.0,1
78.302,0,0,0.0,0.0,1
78.302,0,0,0.0,0.0,1
78.302,0,0,0.0,0.0,1
78.302,0,0,0.0,0.0,1
78.302,0,0,0.0,0.0,1
78.402,0,0,0.0,0.0,1
78.402,0,0,0.0,0.0,1
78.402,0,0,0.0,0.0,1
78.402,0,0,0.0,0.0,1
78.402,0,0,0.0,0.0,1
78.402,0,0,0.0,0.0,1
78.502,0,0,0.0,0.0,1
78.502,0,0,0.0,0.0,1
78.502,0,0,0.0,0.0,1
78.502,0,0,0.0,0.0,1
78.502,0,0,0.0,0.0,1
78.602,0,0,0.0,0.0,1
78.602,0,0,0.0,0.0,1
78.602,0,0,0.0,0.0,1
78.602,0,0,0.0,0.0,1
78.602,0,0,0.0,0.0,1
78.702,0,0,0.0,0.0,1
78.702,0,0,0.0,0.0,1
78.702,0,0,0.0,0.0,1
78.702,0,0,0.0,0.0,1
78.702,0,0,0.0,0.0,1
78.802,0,0,0.0,0.0,1
78.802,0,0,0.0,0.0,1
78.802,0,0,0.0,0.0,1
78.802,0,0,0.0,0.0,1
78.802,0,0,0.0,0.0,1
78.902,0,0,0.0,0.0,1
78.902,0,0,0.0,0.0,1
78.902,0,0,0.0,0.0,1
78.902,0,0,0.0,0.0,1
78.902,0,0,0.0,0.0,1
78.902,0,0,0.0,0.0,1
79.002,0,0,0.0,0.0,1
79.002,0,0,0.0,0.0,1
79.002,0,0,0.0,0.0,1
79.002,0,0,0.0,0.0,1
79.002,0,0,0.0,0.0,1
79.102,0,0,0.0,0.0,1
79.102,0,0,0.0,0.0,1
79.102,0,0,0.0,0.0,1
79.102,0,0,0.0,0.0,1
79.102,0,0,0.0,0.0,1
79.202,0,0,0.0,0.0,1
79.202,0,0,0.0,0.0,1
79.202,0,0,0.0,0.0,1
79.202,0,0,0.0,0.0,1
79.202,0,0,0.0,0.0,1
79.302,0,0,0.0,0.0,1
79.302,0,0,0.0,0.0,1
79.302,0,0,0.0,0.0,1
79.302,0,0,0.0,0.0,1
79.302,0,0,0.0,0.0,1
79.402,0,0,0.0,0.0,1
79.402,0,0,0.0,0.0,1
79.402,0,0,0.0,0.0,1
79.402,0,0,0.0,0.0,1
79.402,0,0,0.0,0.0,1
79.402,0,0,0.0,0.0,1
79.502,0,0,0.0,0.0,1
79.502,0,0,0.0,0.0,1
79.502,0,0,0.0,0.0,1
79.502,0,0,0.0,0.0,1
79.502,0,0,0.0,0.0,1
79.602,0,0,0.0,0.0,1
79.602,0,0,0.0,0.0,1
79.602,0,0,0.0,0.0,1
79.602,0,0,0.0,0.0,1
79.602,0,0,0.0,0.0,1
79.702,0,0,0.0,0.0,1
79.702,0,0,0.0,0.0,1
79.702,0,0,0.0,0.0,1
79.702,0,0,0.0,0.0,1
79.702,0,0,0.0,0.0,1
79.802,0,0,0.0,0.0,1
79.802,0,0,0.0,0.0,1
79.802,0,0,0.0,0.0,1
79.802,0,0,0.0,0.0,1
79.802,0,0,0.0,0.0,1
79.802,0,0,0.0,0.0,1
79.902,0,0,0.0,0.0,1
79.902,0,0,0.0,0.0,1
79.902,0,0,0.0,0.0,1
79.902,0,0,0.0,0.0,1
79.902,0,0,0.0,0.0,1
80.002,0,0,0.0,0.0,1
80.002,0,0,0.0,0.0,1
80.002,0,0,0.0,0.0,1
80.002,0,0,0.0,0.0,1
80.002,0,0,0.0,0.0,1
80.102,0,0,0.0,0.0,1
80.102,0,0,0.0,0.0,1
80.102,0,0,0.0,0.0,1
80.102,0,0,0.0,0.0,1
80.102,0,0,0.0,0.0,1
80.202,0,0,0.0,0.0,1
80.202,0,0,0.0,0.0,1
80.202,0,0,0.0,0.0,1
80.202,0,0,0.0,0.0,1
80.202,0,0,0.0,0.0,1
80.302,0,0,0.0,0.0,1
80.302,0,0,0.0,0.0,1
80.302,0,0,0.0,0.0,1
80.302,0,0,0.0,0.0,1
80.302,0,0,0.0,0.0,1
80.302,0,0,0.0,0.0,1
80.402,0,0,0.0,0.0,1
80.402,0,0,0.0,0.0,1
80.402,0,0,0.0,0.0,1
80.402,0,0,0.0,0.0,1
80.402,0,0,0.0,0.0,1
80.502,0,0,0.0,0.0,1
80.502,0,0,0.0,0.0,1
80.502,0,0,0.0,0.0,1
80.502,0,0,0.0,0.0,1
80.502,0,0,0.0,0.0,1
80.602,0,0,0.0,0.0,1
80.602,0,0,0.0,0.0,1
80.602,0,0,0.0,0.0,1
80.602,0,0,0.0,0.0,1
80.602,0,0,0.0,0.0,1
80.702,0,0,0.0,0.0,1
80.702,0,0,0.0,0.0,1
80.702,0,0,0.0,0.0,1
80.702,0,0,0.0,0.0,1
80.702,0,0,0.0,0.0,1
80.702,0,0,0.0,0.0,1
80.802,0,0,0.0,0.0,1
80.802,0,0,0.0,0.0,1
80.802,0,0,0.0,0.0,1
80.802,0,0,0.0,0.0,1
80.802,0,0,0.0,0.0,1
80.902,0,0,0.0,0.0,1
80.902,0,0,0.0,0.0,1
80.902,0,0,0.0,0.0,1
80.902,0,0,0.0,0.0,1
80.902,0,0,0.0,0.0,1
81.002,0,0,0.0,0.0,1
81.002,0,0,0.0,0.0,1
81.002,0,0,0.0,0.0,1
81.002,0,0,0.0,0.0,1
81.002,0,0,0.0,0.0,1
81.102,0,0,0.0,0.0,1
81.102,0,0,0.0,0.0,1
81.102,0,0,0.0,0.0,1
81.102,0,0,0.0,0.0,1
81.102,0,0,0.0,0.0,1
81.202,0,0,0.0,0.0,1
81.202,0,0,0.0,0.0,1
81.202,0,0,0.0,0.0,1
81.202,0,0,0.0,0.0,1
81.202,0,0,0.0,0.0,1
81.202,0,0,0.0,0.0,1
81.302,0,0,0.0,0.0,1
81.302,0,0,0.0,0.0,1
81.302,0,0,0.0,0.0,1
81.302,0,0,0.0,0.0,1
81.302,0,0,0.0,0.0,1
81.402,0,0,0.0,0.0,1
81.402,0,0,0.0,0.0,1
81.402,0,0,0.0,0.0,1
81.402,0,0,0.0,0.0,1
81.402,0,0,0.0,0.0,1
81.502,0,0,0.0,0.0,1
81.502,0,0,0.0,0.0,1
81.502,0,0,0.0,0.0,1
81.502,0,0,0.0,0.0,1
81.502,0,0,0.0,0.0,1
81.602,0,0,0.0,0.0,1
81.602,0,0,0.0,0.0,1
81.602,0,0,0.0,0.0,1
81.602,0,0,0.0,0.0,1
81.602,0,0,0.0,0.0,1
81.702,0,0,0.0,0.0,1
81.702,0,0,0.0,0.0,1
81.702,0,0,0.0,0.0,1
81.702,0,0,0.0,0.0,1
81.702,0,0,0.0,0.0,1
81.702,0,0,0.0,0.0,1
81.802,0,0,0.0,0.0,1
81.802,0,0,0.0,0.0,1
81.802,0,0,0.0,0.0,1
81.802,0,0,0.0,0.0,1
81.802,0,0,0.0,0.0,1
81.902,0,0,0.0,0.0,1
81.902,0,0,0.0,0.0,1
81.902,0,0,0.0,0.0,1
81.902,0,0,0.0,0.0,1
81.902,0,0,0.0,0.0,1
82.002,0,0,0.0,0.0,1
82.002,0,0,0.0,0.0,1
82.002,0,0,0.0,0.0,1
82.002,0,0,0.0,0.0,1
82.002,0,0,0.0,0.0,1
82.102,0,0,0.0,0.0,1
82.102,0,0,0.0,0.0,1
82.102,0,0,0.0,0.0,1
82.102,0,0,0.0,0.0,1
82.102,0,0,0.0,0.0,1
82.102,0,0,0.0,0.0,1
82.202,0,0,0.0,0.0,1
82.202,0,0,0.0,0.0,1
82.202,0,0,0.0,0.0,1
82.202,0,0,0.0,0.0,1
82.202,0,0,0.0,0.0,1
82.302,0,0,0.0,0.0,1
82.302,0,0,0.0,0.0,1
82.302,0,0,0.0,0.0,1
82.302,0,0,0.0,0.0,1
82.302,0,0,0.0,0.0,1
82.402,0,0,0.0,0.0,1
82.402,0,0,0.0,0.0,1
82.402,0,0,0.0,0.0,1
82.402,0,0,0.0,0.0,1
82.402,0,0,0.0,0.0,1
82.502,0,0,0.0,0.0,1
82.502,0,0,0.0,0.0,1
82.502,0,0,0.0,0.0,1
82.502,0,0,0.0,0.0,1
82.502,0,0,0.0,0.0,1
82.602,0,0,0.0,0.0,1
82.602,0,0,0.0,0.0,1
82.602,0,0,0.0,0.0,1
82.602,0,0,0.0,0.0,1
82.602,0,0,0.0,0.0,1
82.602,0,0,0.0,0.0,1
82.702,0,0,0.0,0.0,1
82.702,0,0,0.0,0.0,1
82.702,0,0,0.0,0.0,1
82.702,0,0,0.0,0.0,1
82.702,0,0,0.0,0.0,1
82.802,0,0,0.0,0.0,1
82.802,0,0,0.0,0.0,1
82.802,0,0,0.0,0.0,1
82.802,0,0,0.0,0.0,1
82.802,0,0,0.0,0.0,1
82.902,0,0,0.0,0.0,1
82.902,0,0,0.0,0.0,1
82.902,0,0,0.0,0.0,1
82.902,0,0,0.0,0.0,1
82.902,0,0,0.0,0.0,1
83.002,0,0,0.0,0.0,1
83.002,0,0,0.0,0.0,1
83.002,0,0,0.0,0.0,1
83.002,0,0,0.0,0.0,1
83.002,0,0,0.0,0.0,1
83.002,0,0,0.0,0.0,1
83.102,0,0,0.0,0.0,1
83.102,0,0,0.0,0.0,1
83.102,0,0,0.0,0.0,1
83.102,0,0,0.0,0.0,1
83.102,0,0,0.0,0.0,1
83.202,0,0,0.0,0.0,1
83.202,0,0,0.0,0.0,1
83.202,0,0,0.0,0.0,1
83.202,0,0,0.0,0.0,1
83.202,0,0,0.0,0.0,1
83.302,0,0,0.0,0.0,1
83.302,0,0,0.0,0.0,1
83.302,0,0,0.0,0.0,1
83.302,0,0,0.0,0.0,1
83.302,0,0,0.0,0.0,1
83.402,0,0,0.0,0.0,1
83.402,0,0,0.0,0.0,1
83.402,0,0,0.0,0.0,1
83.402,0,0,0.0,0.0,1
83.402,0,0,0.0,0.0,1
83.502,0,0,0.0,0.0,1
83.502,0,0,0.0,0.0,1
83.502,0,0,0.0,0.0,1
83.502,0,0,0.0,0.0,1
83.502,0,0,0.0,0.0,1
83.502,0,0,0.0,0.0,1
83.602,0,0,0.0,0.0,1
83.602,0,0,0.0,0.0,1
83.602,0,0,0.0,0.0,1
83.602,0,0,0.0,0.0,1
83.602,0,0,0.0,0.0,1
83.702,0,0,0.0,0.0,1
83.702,0,0,0.0,0.0,1
83.702,0,0,0.0,0.0,1
83.702,0,0,0.0,0.0,1
83.702,0,0,0.0,0.0,1
83.802,0,0,0.0,0.0,1
83.802,0,0,0.0,0.0,1
83.802,0,0,0.0,0.0,1
83.802,0,0,0.0,0.0,1
83.802,0,0,0.0,0.0,1
83.902,0,0,0.0,0.0,1
83.902,0,0,0.0,0.0,1
83.902,0,0,0.0,0.0,1
83.902,0,0,0.0,0.0,1
83.902,0,0,0.0,0.0,1
84.002,0,0,0.0,0.0,1
84.002,0,0,0.0,0.0,1
84.002,0,0,0.0,0.0,1
84.002,0,0,0.0,0.0,1
84.002,0,0,0.0,0.0,1
84.002,0,0,0.0,0.0,1
84.102,0,0,0.0,0.0,1
84.102,0,0,0.0,0.0,1
84.102,0,0,0.0,0.0,1
84.102,0,0,0.0,0.0,1
84.102,0,0,0.0,0.0,1
84.202,0,0,0.0,0.0,1
84.202,0,0,0.0,0.0,1
84.202,0,0,0.0,0.0,1
84.202,0,0,0.0,0.0,1
84.202,0,0,0.0,0.0,1
84.302,0,0,0.0,0.0,1
84.302,0,0,0.0,0.0,1
84.302,0,0,0.0,0.0,1
84.302,0,0,0.0,0.0,1
84.302,0,0,0.0,0.0,1
84.402,0,0,0.0,0.0,1
84.402,0,0,0.0,0.0,1
84.402,0,0,0.0,0.0,1
84.402,0,0,0.0,0.0,1
84.402,0,0,0.0,0.0,1
84.402,0,0,0.0,0.0,1
84.502,0,0,0.0,0.0,1
84.502,0,0,0.0,0.0,1
84.502,0,0,0.0,0.0,1
84.502,0,0,0.0,0.0,1
84.502,0,0,0.0,0.0,1
84.602,0,0,0.0,0.0,1
84.602,0,0,0.0,0.0,1
84.602,0,0,0.0,0.0,1
84.602,0,0,0.0,0.0,1
84.602,0,0,0.0,0.0,1
84.702,0,0,0.0,0.0,1
84.702,0,0,0.0,0.0,1
84.702,0,0,0.0,0.0,1
84.702,0,0,0.0,0.0,1
84.702,0,0,0.0,0.0,1
84.802,0,0,0.0,0.0,1
84.802,0,0,0.0,0.0,1
84.802,0,0,0.0,0.0,1
84.802,0,0,0.0,0.0,1
84.802,0,0,0.0,0.0,1
84.902,0,0,0.0,0.0,1
84.902,0,0,0.0,0.0,1
84.902,0,0,0.0,0.0,1
84.902,0,0,0.0,0.0,1
84.902,0,0,0.0,0.0,1
84.902,0,0,0.0,0.0,1
85.002,0,0,0.0,0.0,1
85.002,0,0,0.0,0.0,1
85.002,0,0,0.0,0.0,1
85.002,0,0,0.0,0.0,1
85.002,0,0,0.0,0.0,1
85.102,0,0,0.0,0.0,1
85.102,0,0,0.0,0.0,1
85.102,0,0,0.0,0.0,1
85.102,0,0,0.0,0.0,1
85.102,0,0,0.0,0.0,1
85.202,0,0,0.0,0.0,1
85.202,0,0,0.0,0.0,1
85.202,0,0,0.0,0.0,1
85.202,0,0,0.0,0.0,1
85.202,0,0,0.0,0.0,1
85.302,0,0,0.0,0.0,1
85.302,0,0,0.0,0.0,1
85.302,0,0,0.0,0.0,1
85.302,0,0,0.0,0.0,1
85.302,0,0,0.0,0.0,1
85.302,0,0,0.0,0.0,1
85.402,0,0,0.0,0.0,1
85.402,0,0,0.0,0.0,1
85.402,0,0,0.0,0.0,1
85.402,0,0,0.0,0.0,1
85.402,0,0,0.0,0.0,1
85.502,0,0,0.0,0.0,1
85.502,0,0,0.0,0.0,1
85.502,0,0,0.0,0.0,1
85.502,0,0,0.0,0.0,1
85.502,0,0,0.0,0.0,1
85.602,0,0,0.0,0.0,1
85.602,0,0,0.0,0.0,1
85.602,0,0,0.0,0.0,1
85.602,0,0,0.0,0.0,1
85.602,0,0,0.0,0.0,1
85.702,0,0,0.0,0.0,1
85.702,0,0,0.0,0.0,1
85.702,0,0,0.0,0.0,1
85.702,0,0,0.0,0.0,1
85.702,0,0,0.0,0.0,1
85.802,0,0,0.0,0.0,1
85.802,0,0,0.0,0.0,1
85.802,0,0,0.0,0.0,1
85.802,0,0,0.0,0.0,1
85.802,0,0,0.0,0.0,1
85.802,0,0,0.0,0.0,1
85.902,0,0,0.0,0.0,1
85.902,0,0,0.0,0.0,1
85.902,0,0,0.0,0.0,1
85.902,0,0,0.0,0.0,1
85.902,0,0,0.0,0.0,1
86.002,0,0,0.0,0.0,1
86.002,0,0,0.0,0.0,1
86.002,0,0,0.0,0.0,1
86.002,0,0,0.0,0.0,1
86.002,0,0,0.0,0.0,1
86.102,0,0,0.0,0.0,1
86.102,0,0,0.0,0.0,1
86.102,0,0,0.0,0.0,1
86.102,0,0,0.0,0.0,1
86.102,0,0,0.0,0.0,1
86.202,0,0,0.0,0.0,1
86.202,0,0,0.0,0.0,1
86.202,0,0,0.0,0.0,1
86.202,0,0,0.0,0.0,1
86.202,0,0,0.0,0.0,1
86.302,0,0,0.0,0.0,1
86.302,0,0,0.0,0.0,1
86.302,0,0,0.0,0.0,1
86.302,0,0,0.0,0.0,1
86.302,0,0,0.0,0.0,1
86.302,0,0,0.0,0.0,1
86.402,0,0,0.0,0.0,1
86.402,0,0,0.0,0.0,1
86.402,0,0,0.0,0.0,1
86.402,0,0,0.0,0.0,1
86.402,0,0,0.0,0.0,1
86.502,0,0,0.0,0.0,1
86.502,0,0,0.0,0.0,1
86.502,0,0,0.0,0.0,1
86.502,0,0,0.0,0.0,1
86.502,0,0,0.0,0.0,1
86.602,0,0,0.0,0.0,1
86.602,0,0,0.0,0.0,1
86.602,0,0,0.0,0.0,1
86.602,0,0,0.0,0.0,1
86.602,0,0,0.0,0.0,1
86.702,0,0,0.0,0.0,1
86.702,0,0,0.0,0.0,1
86.702,0,0,0.0,0.0,1
86.702,0,0,0.0,0.0,1
86.702,0,0,0.0,0.0,1
86.702,0,0,0.0,0.0,1
86.802,0,0,0.0,0.0,1
86.802,0,0,0.0,0.0,1
86.802,0,0,0.0,0.0,1
86.802,0,0,0.0,0.0,1
86.802,0,0,0.0,0.0,1
86.902,0,0,0.0,0.0,1
86.902,0,0,0.0,0.0,1
86.902,0,0,0.0,0.0,1
86.902,0,0,0.0,0.0,1
86.902,0,0,0.0,0.0,1
87.002,0,0,0.0,0.0,1
87.002,0,0,0.0,0.0,1
87.002,0,0,0.0,0.0,1
87.002,0,0,0.0,0.0,1
87.002,0,0,0.0,0.0,1
87.102,0,0,0.0,0.0,1
87.102,0,0,0.0,0.0,1
87.102,0,0,0.0,0.0,1
87.102,0,0,0.0,0.0,1
87.102,0,0,0.0,0.0,1
87.202,0,0,0.0,0.0,1
87.202,0,0,0.0,0.0,1
87.202,0,0,0.0,0.0,1
87.202,0,0,0.0,0.0,1
87.202,0,0,0.0,0.0,1
87.202,0,0,0.0,0.0,1
87.302,0,0,0.0,0.0,1
87.302,0,0,0.0,0.0,1
87.302,0,0,0.0,0.0,1
87.302,0,0,0.0,0.0,1
87.302,0,0,0.0,0.0,1
87.402,0,0,0.0,0.0,1
87.402,0,0,0.0,0.0,1
87.402,0,0,0.0,0.0,1
87.402,0,0,0.0,0.0,1
87.402,0,0,0.0,0.0,1
87.502,0,0,0.0,0.0,1
87.502,0,0,0.0,0.0,1
87.502,0,0,0.0,0.0,1
87.502,0,0,0.0,0.0,1
87.502,0,0,0.0,0.0,1
87.602,0,0,0.0,0.0,1
87.602,0,0,0.0,0.0,1
87.602,0,0,0.0,0.0,1
87.602,0,0,0.0,0.0,1
87.602,0,0,0.0,0.0,1
87.602,0,0,0.0,0.0,1
87.702,0,0,0.0,0.0,1
87.702,0,0,0.0,0.0,1
87.702,0,0,0.0,0.0,1
87.702,0,0,0.0,0.0,1
87.702,0,0,0.0,0.0,1
87.802,0,0,0.0,0.0,1
87.802,0,0,0.0,0.0,1
87.802,0,0,0.0,0.0,1
87.802,0,0,0.0,0.0,1
87.802,0,0,0.0,0.0,1
87.902,0,0,0.0,0.0,1
87.902,0,0,0.0,0.0,1
87.902,0,0,0.0,0.0,1
87.902,0,0,0.0,0.0,1
87.902,0,0,0.0,0.0,1
88.002,0,0,0.0,0.0,1
88.002,0,0,0.0,0.0,1
88.002,0,0,0.0,0.0,1
88.002,0,0,0.0,0.0,1
88.002,0,0,0.0,0.0,1
88.102,0,0,0.0,0.0,1
88.102,0,0,0.0,0.0,1
88.102,0,0,0.0,0.0,1
88.102,0,0,0.0,0.0,1
88.102,0,0,0.0,0.0,1
88.102,0,0,0.0,0.0,1
88.202,0,0,0.0,0.0,1
88.202,0,0,0.0,0.0,1
88.202,0,0,0.0,0.0,1
88.202,0,0,0.0,0.0,1
88.202,0,0,0.0,0.0,1
88.302,0,0,0.0,0.0,1
88.302,0,0,0.0,0.0,1
88.302,0,0,0.0,0.0,1
88.302,0,0,0.0,0.0,1
88.302,0,0,0.0,0.0,1
88.402,0,0,0.0,0.0,1
88.402,0,0,0.0,0.0,1
88.402,0,0,0.0,0.0,1
88.402,0,0,0.0,0.0,1
88.402,0,0,0.0,0.0,1
88.502,0,0,0.0,0.0,1
88.502,0,0,0.0,0.0,1
88.502,0,0,0.0,0.0,1
88.502,0,0,0.0,0.0,1
88.502,0,0,0.0,0.0,1
88.602,0,0,0.0,0.0,1
88.602,0,0,0.0,0.0,1
88.602,0,0,0.0,0.0,1
88.602,0,0,0.0,0.0,1
88.602,0,0,0.0,0.0,1
88.602,0,0,0.0,0.0,1
88.702,0,0,0.0,0.0,1
88.702,0,0,0.0,0.0,1
88.702,0,0,0.0,0.0,1
88.702,0,0,0.0,0.0,1
88.702,0,0,0.0,0.0,1
88.802,0,0,0.0,0.0,1
88.802,0,0,0.0,0.0,1
88.802,0,0,0.0,0.0,1
88.802,0,0,0.0,0.0,1
88.802,0,0,0.0,0.0,1
88.902,0,0,0.0,0.0,1
88.902,0,0,0.0,0.0,1
88.902,0,0,0.0,0.0,1
88.902,0,0,0.0,0.0,1
88.902,0,0,0.0,0.0,1
89.002,0,0,0.0,0.0,1
89.002,0,0,0.0,0.0,1
89.002,0,0,0.0,0.0,1
89.002,0,0,0.0,0.0,1
89.002,0,0,0.0,0.0,1
89.002,0,0,0.0,0.0,1
89.102,0,0,0.0,0.0,1
89.102,0,0,0.0,0.0,1
89.102,0,0,0.0,0.0,1
89.102,0,0,0.0,0.0,1
89.102,0,0,0.0,0.0,1
89.202,0,0,0.0,0.0,1
89.202,0,0,0.0,0.0,1
89.202,0,0,0.0,0.0,1
89.202,0,0,0.0,0.0,1
89.202,0,0,0.0,0.0,1
89.302,0,0,0.0,0.0,1
89.302,0,0,0.0,0.0,1
89.302,0,0,0.0,0.0,1
89.302,0,0,0.0,0.0,1
89.302,0,0,0.0,0.0,1
89.402,0,0,0.0,0.0,1
89.402,0,0,0.0,0.0,1
89.402,0,0,0.0,0.0,1
89.402,0,0,0.0,0.0,1
89.402,0,0,0.0,0.0,1
89.502,0,0,0.0,0.0,1
89.502,0,0,0.0,0.0,1
89.502,0,0,0.0,0.0,1
89.502,0,0,0.0,0.0,1
89.502,0,0,0.0,0.0,1
89.502,0,0,0.0,0.0,1
89.602,0,0,0.0,0.0,1
89.602,0,0,0.0,0.0,1
89.602,0,0,0.0,0.0,1
89.602,0,0,0.0,0.0,1
89.602,0,0,0.0,0.0,1
89.702,0,0,0.0,0.0,1
89.702,0,0,0.0,0.0,1
89.702,0,0,0.0,0.0,1
89.702,0,0,0.0,0.0,1
89.702,0,0,0.0,0.0,1
89.802,0,0,0.0,0.0,1
89.802,0,0,0.0,0.0,1
89.802,0,0,0.0,0.0,1
89.802,0,0,0.0,0.0,1
89.802,0,0,0.0,0.0,1
89.902,0,0,0.0,0.0,1
89.902,0,0,0.0,0.0,1
89.902,0,0,0.0,0.0,1
89.902,0,0,0.0,0.0,1
89.902,0,0,0.0,0.0,1
89.902,0,0,0.0,0.0,1
90.002,0,0,0.0,0.0,1
90.002,0,0,0.0,0.0,1
90.002,0,0,0.0,0.0,1
90.002,0,0,0.0,0.0,1
90.002,0,0,0.0,0.0,1
90.102,0,0,0.0,0.0,1
90.102,0,0,0.0,0.0,1
90.102,0,0,0.0,0.0,1
90.102,0,0,0.0,0.0,1
90.102,0,0,0.0,0.0,1
90.202,0,0,0.0,0.0,1
90.202,0,0,0.0,0.0,1
90.202,0,0,0.0,0.0,1
90.202,0,0,0.0,0.0,1
90.202,0,0,0.0,0.0,1
90.302,0,0,0.0,0.0,1
90.302,0,0,0.0,0.0,1
90.302,0,0,0.0,0.0,1
90.302,0,0,0.0,0.0,1
90.302,0,0,0.0,0.0,1
90.402,0,0,0.0,0.0,1
90.402,0,0,0.0,0.0,1
90.402,0,0,0.0,0.0,1
90.402,0,0,0.0,0.0,1
90.402,0,0,0.0,0.0,1
90.402,0,0,0.0,0.0,1
90.502,0,0,0.0,0.0,1
90.502,0,0,0.0,0.0,1
90.502,0,0,0.0,0.0,1
90.502,0,0,0.0,0.0,1
90.502,0,0,0.0,0.0,1
90.602,0,0,0.0,0.0,1
90.602,0,0,0.0,0.0,1
90.602,0,0,0.0,0.0,1
90.602,0,0,0.0,0.0,1
90.602,0,0,0.0,0.0,1
90.702,0,0,0.0,0.0,1
90.702,0,0,0.0,0.0,1
90.702,0,0,0.0,0.0,1
90.702,0,0,0.0,0.0,1
90.702,0,0,0.0,0.0,1
90.802,0,0,0.0,0.0,1
90.802,0,0,0.0,0.0,1
90.802,0,0,0.0,0.0,1
90.802,0,0,0.0,0.0,1
90.802,0,0,0.0,0.0,1
90.902,0,0,0.0,0.0,1
90.902,0,0,0.0,0.0,1
90.902,0,0,0.0,0.0,1
90.902,0,0,0.0,0.0,1
90.902,0,0,0.0,0.0,1
90.902,0,0,0.0,0.0,1
91.002,0,0,0.0,0.0,1
91.002,0,0,0.0,0.0,1
91.002,0,0,0.0,0.0,1
91.002,0,0,0.0,0.0,1
91.002,0,0,0.0,0.0,1
91.102,0,0,0.0,0.0,1
91.102,0,0,0.0,0.0,1
91.102,0,0,0.0,0.0,1
91.102,0,0,0.0,0.0,1
91.102,0,0,0.0,0.0,1
91.202,0,0,0.0,0.0,1
91.202,0,0,0.0,0.0,1
91.202,0,0,0.0,0.0,1
91.202,0,0,0.0,0.0,1
91.202,0,0,0.0,0.0,1
91.302,0,0,0.0,0.0,1
91.302,0,0,0.0,0.0,1
91.302,0,0,0.0,0.0,1
91.302,0,0,0.0,0.0,1
91.302,0,0,0.0,0.0,1
91.302,0,0,0.0,0.0,1
91.402,0,0,0.0,0.0,1
91.402,0,0,0.0,0.0,1
91.402,0,0,0.0,0.0,1
91.402,0,0,0.0,0.0,1
91.402,0,0,0.0,0.0,1
91.502,0,0,0.0,0.0,1
91.502,0,0,0.0,0.0,1
91.502,0,0,0.0,0.0,1
91.502,0,0,0.0,0.0,1
91.502,0,0,0.0,0.0,1
91.602,0,0,0.0,0.0,1
91.602,0,0,0.0,0.0,1
91.602,0,0,0.0,0.0,1
91.602,0,0,0.0,0.0,1
91.602,0,0,0.0,0.0,1
91.702,0,0,0.0,0.0,1
91.702,0,0,0.0,0.0,1
91.702,0,0,0.0,0.0,1
91.702,0,0,0.0,0.0,1
91.702,0,0,0.0,0.0,1
91.702,0,0,0.0,0.0,1
91.802,0,0,0.0,0.0,1
91.802,0,0,0.0,0.0,1
91.802,0,0,0.0,0.0,1
91.802,0,0,0.0,0.0,1
91.802,0,0,0.0,0.0,1
91.902,0,0,0.0,0.0,1
91.902,0,0,0.0,0.0,1
91.902,0,0,0.0,0.0,1
91.902,0,0,0.0,0.0,1
91.902,0,0,0.0,0.0,1
92.002,0,0,0.0,0.0,1
92.002,0,0,0.0,0.0,1
92.002,0,0,0.0,0.0,1
92.002,0,0,0.0,0.0,1
92.002,0,0,0.0,0.0,1
92.102,0,0,0.0,0.0,1
92.102,0,0,0.0,0.0,1
92.102,0,0,0.0,0.0,1
92.102,0,0,0.0,0.0,1
92.102,0,0,0.0,0.0,1
92.202,0,0,0.0,0.0,1
92.202,0,0,0.0,0.0,1
92.202,0,0,0.0,0.0,1
92.202,0,0,0.0,0.0,1
92.202,0,0,0.0,0.0,1
92.202,0,0,0.0,0.0,1
92.302,0,0,0.0,0.0,1
92.302,0,0,0.0,0.0,1
92.302,0,0,0.0,0.0,1
92.302,0,0,0.0,0.0,1
92.302,0,0,0.0,0.0,1
92.402,0,0,0.0,0.0,1
92.402,0,0,0.0,0.0,1
92.402,0,0,0.0,0.0,1
92.402,0,0,0.0,0.0,1
92.402,0,0,0.0,0.0,1
92.502,0,0,0.0,0.0,1
92.502,0,0,0.0,0.0,1
92.502,0,0,0.0,0.0,1
92.502,0,0,0.0,0.0,1
92.502,0,0,0.0,0.0,1
92.602,0,0,0.0,0.0,1
92.602,0,0,0.0,0.0,1
92.602,0,0,0.0,0.0,1
92.602,0,0,0.0,0.0,1
92.602,0,0,0.0,0.0,1
92.702,0,0,0.0,0.0,1
92.702,0,0,0.0,0.0,1
92.702,0,0,0.0,0.0,1
92.702,0,0,0.0,0.0,1
92.702,0,0,0.0,0.0,1
92.702,0,0,0.0,0.0,1
92.802,0,0,0.0,0.0,1
92.802,0,0,0.0,0.0,1
92.802,0,0,0.0,0.0,1
92.802,0,0,0.0,0.0,1
92.802,0,0,0.0,0.0,1
92.902,0,0,0.0,0.0,1
92.902,0,0,0.0,0.0,1
92.902,0,0,0.0,0.0,1
92.902,0,0,0.0,0.0,1
92.902,0,0,0.0,0.0,1
93.002,0,0,0.0,0.0,1
93.002,0,0,0.0,0.0,1
93.002,0,0,0.0,0.0,1
93.002,0,0,0.0,0.0,1
93.002,0,0,0.0,0.0,1
93.102,0,0,0.0,0.0,1
93.102,0,0,0.0,0.0,1
93.102,0,0,0.0,0.0,1
93.102,0,0,0.0,0.0,1
93.102,0,0,0.0,0.0,1
93.102,0,0,0.0,0.0,1
93.202,0,0,0.0,0.0,1
93.202,0,0,0.0,0.0,1
93.202,0,0,0.0,0.0,1
93.202,0,0,0.0,0.0,1
93.202,0,0,0.0,0.0,1
93.302,0,0,0.0,0.0,1
93.302,0,0,0.0,0.0,1
93.302,0,0,0.0,0.0,1
93.302,0,0,0.0,0.0,1
93.302,0,0,0.0,0.0,1
93.402,0,0,0.0,0.0,1
93.402,0,0,0.0,0.0,1
93.402,0,0,0.0,0.0,1
93.402,0,0,0.0,0.0,1
93.402,0,0,0.0,0.0,1
93.502,0,0,0.0,0.0,1
93.502,0,0,0.0,0.0,1
93.502,0,0,0.0,0.0,1
93.502,0,0,0.0,0.0,1
93.502,0,0,0.0,0.0,1
93.602,0,0,0.0,0.0,1
93.602,0,0,0.0,0.0,1
93.602,0,0,0.0,0.0,1
93.602,0,0,0.0,0.0,1
93.602,0,0,0.0,0.0,1
93.602,0,0,0.0,0.0,1
93.702,0,0,0.0,0.0,1
93.702,0,0,0.0,0.0,1
93.702,0,0,0.0,0.0,1
93.702,0,0,0.0,0.0,1
93.702,0,0,0.0,0.0,1
93.802,0,0,0.0,0.0,1
93.802,0,0,0.0,0.0,1
93.802,0,0,0.0,0.0,1
93.802,0,0,0.0,0.0,1
93.802,0,0,0.0,0.0,1
93.902,0,0,0.0,0.0,1
93.902,0,0,0.0,0.0,1
93.902,0,0,0.0,0.0,1
93.902,0,0,0.0,0.0,1
93.902,0,0,0.0,0.0,1
94.002,0,0,0.0,0.0,1
94.002,0,0,0.0,0.0,1
94.002,0,0,0.0,0.0,1
94.002,0,0,0.0,0.0,1
94.002,0,0,0.0,0.0,1
94.002,0,0,0.0,0.0,1
94.102,0,0,0.0,0.0,1
94.102,0,0,0.0,0.0,1
94.102,0,0,0.0,0.0,1
94.102,0,0,0.0,0.0,1
94.102,0,0,0.0,0.0,1
94.202,0,0,0.0,0.0,1
94.202,0,0,0.0,0.0,1
94.202,0,0,0.0,0.0,1
94.202,0,0,0.0,0.0,1
94.202,0,0,0.0,0.0,1
94.302,0,0,0.0,0.0,1
94.302,0,0,0.0,0.0,1
94.302,0,0,0.0,0.0,1
94.302,0,0,0.0,0.0,1
94.302,0,0,0.0,0.0,1
94.402,0,0,0.0,0.0,1
94.402,0,0,0.0,0.0,1
94.402,0,0,0.0,0.0,1
94.402,0,0,0.0,0.0,1
94.402,0,0,0.0,0.0,1
94.502,0,0,0.0,0.0,1
94.502,0,0,0.0,0.0,1
94.502,0,0,0.0,0.0,1
94.502,0,0,0.0,0.0,1
94.502,0,0,0.0,0.0,1
94.502,0,0,0.0,0.0,1
94.602,0,0,0.0,0.0,1
94.602,0,0,0.0,0.0,1
94.602,0,0,0.0,0.0,1
94.602,0,0,0.0,0.0,1
94.602,0,0,0.0,0.0,1
94.702,0,0,0.0,0.0,1
94.702,0,0,0.0,0.0,1
94.702,0,0,0.0,0.0,1
94.702,0,0,0.0,0.0,1
94.702,0,0,0.0,0.0,1
94.802,0,0,0.0,0.0,1
94.802,0,0,0.0,0.0,1
94.802,0,0,0.0,0.0,1
94.802,0,0,0.0,0.0,1
94.802,0,0,0.0,0.0,1
94.902,0,0,0.0,0.0,1
94.902,0,0,0.0,0.0,1
94.902,0,0,0.0,0.0,1
94.902,0,0,0.0,0.0,1
94.902,0,0,0.0,0.0,1
95.002,0,0,0.0,0.0,1
95.002,0,0,0.0,0.0,1
95.002,0,0,0.0,0.0,1
95.002,0,0,0.0,0.0,1
95.002,0,0,0.0,0.0,1
95.002,0,0,0.0,0.0,1
95.102,0,0,0.0,0.0,1
95.102,0,0,0.0,0.0,1
95.102,0,0,0.0,0.0,1
95.102,0,0,0.0,0.0,1
95.102,0,0,0.0,0.0,1
95.202,0,0,0.0,0.0,1
95.202,0,0,0.0,0.0,1
95.202,0,0,0.0,0.0,1
95.202,0,0,0.0,0.0,1
95.202,0,0,0.0,0.0,1
95.302,0,0,0.0,0.0,1
95.302,0,0,0.0,0.0,1
95.302,0,0,0.0,0.0,1
95.302,0,0,0.0,0.0,1
95.302,0,0,0.0,0.0,1
95.402,0,0,0.0,0.0,1
95.402,0,0,0.0,0.0,1
95.402,0,0,0.0,0.0,1
95.402,0,0,0.0,0.0,1
95.402,0,0,0.0,0.0,1
95.402,0,0,0.0,0.0,1
95.502,0,0,0.0,0.0,1
95.502,0,0,0.0,0.0,1
95.502,0,0,0.0,0.0,1
95.502,0,0,0.0,0.0,1
95.502,0,0,0.0,0.0,1
95.602,0,0,0.0,0.0,1
95.602,0,0,0.0,0.0,1
95.602,0,0,0.0,0.0,1
95.602,0,0,0.0,0.0,1
95.602,0,0,0.0,0.0,1
95.702,0,0,0.0,0.0,1
95.702,0,0,0.0,0.0,1
95.702,0,0,0.0,0.0,1
95.702,0,0,0.0,0.0,1
95.702,0,0,0.0,0.0,1
95.802,0,0,0.0,0.0,1
95.802,0,0,0.0,0.0,1
95.802,0,0,0.0,0.0,1
95.802,0,0,0.0,0.0,1
95.802,0,0,0.0,0.0,1
95.902,0,0,0.0,0.0,1
95.902,0,0,0.0,0.0,1
95.902,0,0,0.0,0.0,1
95.902,0,0,0.0,0.0,1
95.902,0,0,0.0,0.0,1
95.902,0,0,0.0,0.0,1
96.002,0,0,0.0,0.0,1
96.002,0,0,0.0,0.0,1
96.002,0,0,0.0,0.0,1
96.002,0,0,0.0,0.0,1
96.002,0,0,0.0,0.0,1
96.102,0,0,0.0,0.0,1
96.102,0,0,0.0,0.0,1
96.102,0,0,0.0,0.0,1
96.102,0,0,0.0,0.0,1
96.102,0,0,0.0,0.0,1
96.202,0,0,0.0,0.0,1
96.202,0,0,0.0,0.0,1
96.202,0,0,0.0,0.0,1
96.202,0,0,0.0,0.0,1
96.202,0,0,0.0,0.0,1
96.302,0,0,0.0,0.0,1
96.302,0,0,0.0,0.0,1
96.302,0,0,0.0,0.0,1
96.302,0,0,0.0,0.0,1
96.302,0,0,0.0,0.0,1
96.302,0,0,0.0,0.0,1
96.402,0,0,0.0,0.0,1
96.402,0,0,0.0,0.0,1
96.402,0,0,0.0,0.0,1
96.402,0,0,0.0,0.0,1
96.402,0,0,0.0,0.0,1
96.502,0,0,0.0,0.0,1
96.502,0,0,0.0,0.0,1
96.502,0,0,0.0,0.0,1
96.502,0,0,0.0,0.0,1
96.502,0,0,0.0,0.0,1
96.602,0,0,0.0,0.0,1
96.602,0,0,0.0,0.0,1
96.602,0,0,0.0,0.0,1
96.602,0,0,0.0,0.0,1
96.602,0,0,0.0,0.0,1
96.702,0,0,0.0,0.0,1
96.702,0,0,0.0,0.0,1
96.702,0,0,0.0,0.0,1
96.702,0,0,0.0,0.0,1
96.702,0,0,0.0,0.0,1
96.802,0,0,0.0,0.0,1
96.802,0,0,0.0,0.0,1
96.802,0,0,0.0,0.0,1
96.802,0,0,0.0,0.0,1
96.802,0,0,0.0,0.0,1
96.802,0,0,0.0,0.0,1
96.902,0,0,0.0,0.0,1
96.902,0,0,0.0,0.0,1
96.902,0,0,0.0,0.0,1
96.902,0,0,0.0,0.0,1
96.902,0,0,0.0,0.0,1
97.002,0,0,0.0,0.0,1
97.002,0,0,0.0,0.0,1
97.002,0,0,0.0,0.0,1
97.002,0,0,0.0,0.0,1
97.002,0,0,0.0,0.0,1
97.102,0,0,0.0,0.0,1
97.102,0,0,0.0,0.0,1
97.102,0,0,0.0,0.0,1
97.102,0,0,0.0,0.0,1
97.102,0,0,0.0,0.0,1
97.202,0,0,0.0,0.0,1
97.202,0,0,0.0,0.0,1
97.202,0,0,0.0,0.0,1
97.202,0,0,0.0,0.0,1
97.202,0,0,0.0,0.0,1
97.302,0,0,0.0,0.0,1
97.302,0,0,0.0,0.0,1
97.302,0,0,0.0,0.0,1
97.302,0,0,0.0,0.0,1
97.302,0,0,0.0,0.0,1
97.302,0,0,0.0,0.0,1
97.402,0,0,0.0,0.0,1
97.402,0,0,0.0,0.0,1
97.402,0,0,0.0,0.0,1
97.402,0,0,0.0,0.0,1
97.402,0,0,0.0,0.0,1
97.502,0,0,0.0,0.0,1
97.502,0,0,0.0,0.0,1
97.502,0,0,0.0,0.0,1
97.502,0,0,0.0,0.0,1
97.502,0,0,0.0,0.0,1
97.602,0,0,0.0,0.0,1
97.602,0,0,0.0,0.0,1
97.602,0,0,0.0,0.0,1
97.602,0,0,0.0,0.0,1
97.602,0,0,0.0,0.0,1
97.702,0,0,0.0,0.0,1
97.702,0,0,0.0,0.0,1
97.702,0,0,0.0,0.0,1
97.702,0,0,0.0,0.0,1
97.702,0,0,0.0,0.0,1
97.702,0,0,0.0,0.0,1
97.802,0,0,0.0,0.0,1
97.802,0,0,0.0,0.0,1
97.802,0,0,0.0,0.0,1
97.802,0,0,0.0,0.0,1
97.802,0,0,0.0,0.0,1
97.902,0,0,0.0,0.0,1
97.902,0,0,0.0,0.0,1
97.902,0,0,0.0,0.0,1
97.902,0,0,0.0,0.0,1
97.902,0,0,0.0,0.0,1
98.002,0,0,0.0,0.0,1
98.002,0,0,0.0,0.0,1
98.002,0,0,0.0,0.0,1
98.002,0,0,0.0,0.0,1
98.002,0,0,0.0,0.0,1
98.102,0,0,0.0,0.0,1
98.102,0,0,0.0,0.0,1
98.102,0,0,0.0,0.0,1
98.102,0,0,0.0,0.0,1
98.102,0,0,0.0,0.0,1
98.202,0,0,0.0,0.0,1
98.202,0,0,0.0,0.0,1
98.202,0,0,0.0,0.0,1
98.202,0,0,0.0,0.0,1
98.202,0,0,0.0,0.0,1
98.202,0,0,0.0,0.0,1
98.302,0,0,0.0,0.0,1
98.302,0,0,0.0,0.0,1
98.302,0,0,0.0,0.0,1
98.302,0,0,0.0,0.0,1
98.302,0,0,0.0,0.0,1
98.402,0,0,0.0,0.0,1
98.402,0,0,0.0,0.0,1
98.402,0,0,0.0,0.0,1
98.402,0,0,0.0,0.0,1
98.402,0,0,0.0,0.0,1
98.502,0,0,0.0,0.0,1
98.502,0,0,0.0,0.0,1
98.502,0,0,0.0,0.0,1
98.502,0,0,0.0,0.0,1
98.502,0,0,0.0,0.0,1
98.602,0,0,0.0,0.0,1
98.602,0,0,0.0,0.0,1
98.602,0,0,0.0,0.0,1
98.602,0,0,0.0,0.0,1
98.602,0,0,0.0,0.0,1
98.602,0,0,0.0,0.0,1
98.702,0,0,0.0,0.0,1
98.702,0,0,0.0,0.0,1
98.702,0,0,0.0,0.0,1
98.702,0,0,0.0,0.0,1
98.702,0,0,0.0,0.0,1
98.802,0,0,0.0,0.0,1
98.802,0,0,0.0,0.0,1
98.802,0,0,0.0,0.0,1
98.802,0,0,0.0,0.0,1
98.802,0,0,0.0,0.0,1
98.902,0,0,0.0,0.0,1
98.902,0,0,0.0,0.0,1
98.902,0,0,0.0,0.0,1
98.902,0,0,0.0,0.0,1
98.902,0,0,0.0,0.0,1
99.002,0,0,0.0,0.0,1
99.002,0,0,0.0,0.0,1
99.002,0,0,0.0,0.0,1
99.002,0,0,0.0,0.0,1
99.002,0,0,0.0,0.0,1
99.102,0,0,0.0,0.0,1
99.102,0,0,0.0,0.0,1
99.102,0,0,0.0,0.0,1
99.102,0,0,0.0,0.0,1
99.102,0,0,0.0,0.0,1
99.102,0,0,0.0,0.0,1
99.202,0,0,0.0,0.0,1
99.202,0,0,0.0,0.0,1
99.202,0,0,0.0,0.0,1
99.202,0,0,0.0,0.0,1
99.202,0,0,0.0,0.0,1
99.302,0,0,0.0,0.0,1
99.302,0,0,0.0,0.0,1
99.302,0,0,0.0,0.0,1
99.302,0,0,0.0,0.0,1
99.302,0,0,0.0,0.0,1
99.402,0,0,0.0,0.0,1
99.402,0,0,0.0,0.0,1
99.402,0,0,0.0,0.0,1
99.402,0,0,0.0,0.0,1
99.402,0,0,0.0,0.0,1
99.502,0,0,0.0,0.0,1
99.502,0,0,0.0,0.0,1
99.502,0,0,0.0,0.0,1
99.502,0,0,0.0,0.0,1
99.502,0,0,0.0,0.0,1
99.602,0,0,0.0,0.0,1
99.602,0,0,0.0,0.0,1
99.602,0,0,0.0,0.0,1
99.602,0,0,0.0,0.0,1
99.602,0,0,0.0,0.0,1
99.602,0,0,0.0,0.0,1
99.702,0,0,0.0,0.0,1
99.702,0,0,0.0,0.0,1
99.702,0,0,0.0,0.0,1
99.702,0,0,0.0,0.0,1
99.702,0,0,0.0,0.0,1
99.802,0,0,0.0,0.0,1
99.802,0,0,0.0,0.0,1
99.802,0,0,0.0,0.0,1
99.802,0,0,0.0,0.0,1
99.802,0,0,0.0,0.0,1
99.902,0,0,0.0,0.0,1
99.902,0,0,0.0,0.0,1
99.902,0,0,0.0,0.0,1
99.902,0,0,0.0,0.0,1
99.902,0,0,0.0,0.0,1
100.002,0,0,0.0,0.0,1
100.002,0,0,0.0,0.0,1
100.002,0,0,0.0,0.0,1
100.002,0,0,0.0,0.0,1
100.002,0,0,0.0,0.0,1
100.002,0,0,0.0,0.0,1
100.102,0,0,0.0,0.0,1
100.102,0,0,0.0,0.0,1
100.102,0,0,0.0,0.0,1
100.102,0,0,0.0,0.0,1
100.102,0,0,0.0,0.0,1
100.202,0,0,0.0,0.0,1
100.202,0,0,0.0,0.0,1
100.202,0,0,0.0,0.0,1
100.202,0,0,0.0,0.0,1
100.202,0,0,0.0,0.0,1
100.302,0,0,0.0,0.0,1
100.302,0,0,0.0,0.0,1
100.302,0,0,0.0,0.0,1
100.302,0,0,0.0,0.0,1
100.302,0,0,0.0,0.0,1
100.402,0,0,0.0,0.0,1
100.402,0,0,0.0,0.0,1
100.402,0,0,0.0,0.0,1
100.402,0,0,0.0,0.0,1
100.402,0,0,0.0,0.0,1
100.502,0,0,0.0,0.0,1
100.502,0,0,0.0,0.0,1
100.502,0,0,0.0,0.0,1
100.502,0,0,0.0,0.0,1
100.502,0,0,0.0,0.0,1
100.502,0,0,0.0,0.0,1
100.602,0,0,0.0,0.0,1
100.602,0,0,0.0,0.0,1
100.602,0,0,0.0,0.0,1
100.602,0,0,0.0,0.0,1
100.602,0,0,0.0,0.0,1
100.702,0,0,0.0,0.0,1
100.702,0,0,0.0,0.0,1
100.702,0,0,0.0,0.0,1
100.702,0,0,0.0,0.0,1
100.702,0,0,0.0,0.0,1
100.802,0,0,0.0,0.0,1
100.802,0,0,0.0,0.0,1
100.802,0,0,0.0,0.0,1
100.802,0,0,0.0,0.0,1
100.802,0,0,0.0,0.0,1
100.902,0,0,0.0,0.0,1
100.902,0,0,0.0,0.0,1
100.902,0,0,0.0,0.0,1
100.902,0,0,0.0,0.0,1
100.902,0,0,0.0,0.0,1
100.902,0,0,0.0,0.0,1
101.002,0,0,0.0,0.0,1
101.002,0,0,0.0,0.0,1
101.002,0,0,0.0,0.0,1
101.002,0,0,0.0,0.0,1
101.002,0,0,0.0,0.0,1
101.102,0,0,0.0,0.0,1
101.102,0,0,0.0,0.0,1
101.102,0,0,0.0,0.0,1
101.102,0,0,0.0,0.0,1
101.102,0,0,0.0,0.0,1
101.202,0,0,0.0,0.0,1
101.202,0,0,0.0,0.0,1
101.202,0,0,0.0,0.0,1
101.202,0,0,0.0,0.0,1
101.202,0,0,0.0,0.0,1
101.302,0,0,0.0,0.0,1
101.302,0,0,0.0,0.0,1
101.302,0,0,0.0,0.0,1
101.302,0,0,0.0,0.0,1
101.302,0,0,0.0,0.0,1
101.402,0,0,0.0,0.0,1
101.402,0,0,0.0,0.0,1
101.402,0,0,0.0,0.0,1
101.402,0,0,0.0,0.0,1
101.402,0,0,0.0,0.0,1
101.402,0,0,0.0,0.0,1
101.502,0,0,0.0,0.0,1
101.502,0,0,0.0,0.0,1
101.502,0,0,0.0,0.0,1
101.502,0,0,0.0,0.0,1
101.502,0,0,0.0,0.0,1
101.602,0,0,0.0,0.0,1
101.602,0,0,0.0,0.0,1
101.602,0,0,0.0,0.0,1
101.602,0,0,0.0,0.0,1
101.602,0,0,0.0,0.0,1
101.702,0,0,0.0,0.0,1
101.702,0,0,0.0,0.0,1
101.702,0,0,0.0,0.0,1
101.702,0,0,0.0,0.0,1
101.702,0,0,0.0,0.0,1
101.802,0,0,0.0,0.0,1
101.802,0,0,0.0,0.0,1
101.802,0,0,0.0,0.0,1
101.802,0,0,0.0,0.0,1
101.802,0,0,0.0,0.0,1
101.802,0,0,0.0,0.0,1
101.902,0,0,0.0,0.0,1
101.902,0,0,0.0,0.0,1
101.902,0,0,0.0,0.0,1
101.902,0,0,0.0,0.0,1
101.902,0,0,0.0,0.0,1
102.002,0,0,0.0,0.0,1
102.002,0,0,0.0,0.0,1
102.002,0,0,0.0,0.0,1
102.002,0,0,0.0,0.0,1
102.002,0,0,0.0,0.0,1
102.102,0,0,0.0,0.0,1
102.102,0,0,0.0,0.0,1
102.102,0,0,0.0,0.0,1
102.102,0,0,0.0,0.0,1
102.102,0,0,0.0,0.0,1
102.202,0,0,0.0,0.0,1
102.202,0,0,0.0,0.0,1
102.202,0,0,0.0,0.0,1
102.202,0,0,0.0,0.0,1
102.202,0,0,0.0,0.0,1
102.302,0,0,0.0,0.0,1
102.302,0,0,0.0,0.0,1
102.302,0,0,0.0,0.0,1
102.302,0,0,0.0,0.0,1
102.302,0,0,0.0,0.0,1
102.302,0,0,0.0,0.0,1
102.402,0,0,0.0,0.0,1
102.402,0,0,0.0,0.0,1
102.402,0,0,0.0,0.0,1
102.402,0,0,0.0,0.0,1
102.402,0,0,0.0,0.0,1
102.502,0,0,0.0,0.0,1
102.502,0,0,0.0,0.0,1
102.502,0,0,0.0,0.0,1
102.502,0,0,0.0,0.0,1
102.502,0,0,0.0,0.0,1
102.602,0,0,0.0,0.0,1
102.602,0,0,0.0,0.0,1
102.602,0,0,0.0,0.0,1
102.602,0,0,0.0,0.0,1
102.602,0,0,0.0,0.0,1
102.702,0,0,0.0,0.0,1
102.702,0,0,0.0,0.0,1
102.702,0,0,0.0,0.0,1
102.702,0,0,0.0,0.0,1
102.702,0,0,0.0,0.0,1
102.802,0,0,0.0,0.0,1
102.802,0,0,0.0,0.0,1
102.802,0,0,0.0,0.0,1
102.802,0,0,0.0,0.0,1
102.802,0,0,0.0,0.0,1
102.802,0,0,0.0,0.0,1
102.902,0,0,0.0,0.0,1
102.902,0,0,0.0,0.0,1
102.902,0,0,0.0,0.0,1
102.902,0,0,0.0,0.0,1
102.902,0,0,0.0,0.0,1
103.002,0,0,0.0,0.0,1
103.002,0,0,0.0,0.0,1
103.002,0,0,0.0,0.0,1
103.002,0,0,0.0,0.0,1
103.002,0,0,0.0,0.0,1
103.102,0,0,0.0,0.0,1
103.102,0,0,0.0,0.0,1
103.102,0,0,0.0,0.0,1
103.102,0,0,0.0,0.0,1
103.102,0,0,0.0,0.0,1
103.202,0,0,0.0,0.0,1
103.202,0,0,0.0,0.0,1
103.202,0,0,0.0,0.0,1
103.202,0,0,0.0,0.0,1
103.202,0,0,0.0,0.0,1
103.202,0,0,0.0,0.0,1
103.302,0,0,0.0,0.0,1
103.302,0,0,0.0,0.0,1
103.302,0,0,0.0,0.0,1
103.302,0,0,0.0,0.0,1
103.302,0,0,0.0,0.0,1
103.402,0,0,0.0,0.0,1
103.402,0,0,0.0,0.0,1
103.402,0,0,0.0,0.0,1
103.402,0,0,0.0,0.0,1
103.402,0,0,0.0,0.0,1
103.502,0,0,0.0,0.0,1
103.502,0,0,0.0,0.0,1
103.502,0,0,0.0,0.0,1
103.502,0,0,0.0,0.0,1
103.502,0,0,0.0,0.0,1
103.602,0,0,0.0,0.0,1
103.602,0,0,0.0,0.0,1
103.602,0,0,0.0,0.0,1
103.602,0,0,0.0,0.0,1
103.602,0,0,0.0,0.0,1
103.702,0,0,0.0,0.0,1
103.702,0,0,0.0,0.0,1
103.702,0,0,0.0,0.0,1
103.702,0,0,0.0,0.0,1
103.702,0,0,0.0,0.0,1
103.702,0,0,0.0,0.0,1
103.802,0,0,0.0,0.0,1
103.802,0,0,0.0,0.0,1
103.802,0,0,0.0,0.0,1
103.802,0,0,0.0,0.0,1
103.802,0,0,0.0,0.0,1
103.902,0,0,0.0,0.0,1
103.902,0,0,0.0,0.0,1
103.902,0,0,0.0,0.0,1
103.902,0,0,0.0,0.0,1
103.902,0,0,0.0,0.0,1
104.002,0,0,0.0,0.0,1
104.002,0,0,0.0,0.0,1
104.002,0,0,0.0,0.0,1
104.002,0,0,0.0,0.0,1
104.002,0,0,0.0,0.0,1
104.102,0,0,0.0,0.0,1
104.102,0,0,0.0,0.0,1
104.102,0,0,0.0,0.0,1
104.102,0,0,0.0,0.0,1
104.102,0,0,0.0,0.0,1
104.102,0,0,0.0,0.0,1
104.202,0,0,0.0,0.0,1
104.202,0,0,0.0,0.0,1
104.202,0,0,0.0,0.0,1
104.202,0,0,0.0,0.0,1
104.202,0,0,0.0,0.0,1
104.302,0,0,0.0,0.0,1
104.302,0,0,0.0,0.0,1
104.302,0,0,0.0,0.0,1
104.302,0,0,0.0,0.0,1
104.302,0,0,0.0,0.0,1
104.402,0,0,0.0,0.0,1
104.402,0,0,0.0,0.0,1
104.402,0,0,0.0,0.0,1
104.402,0,0,0.0,0.0,1
104.402,0,0,0.0,0.0,1
104.502,0,0,0.0,0.0,1
104.502,0,0,0.0,0.0,1
104.502,0,0,0.0,0.0,1
104.502,0,0,0.0,0.0,1
104.502,0,0,0.0,0.0,1
104.602,0,0,0.0,0.0,1
104.602,0,0,0.0,0.0,1
104.602,0,0,0.0,0.0,1
104.602,0,0,0.0,0.0,1
104.602,0,0,0.0,0.0,1
104.602,0,0,0.0,0.0,1
104.702,0,0,0.0,0.0,1
104.702,0,0,0.0,0.0,1
104.702,0,0,0.0,0.0,1
104.702,0,0,0.0,0.0,1
104.702,0,0,0.0,0.0,1
104.802,0,0,0.0,0.0,1
104.802,0,0,0.0,0.0,1
104.802,0,0,0.0,0.0,1
104.802,0,0,0.0,0.0,1
104.802,0,0,0.0,0.0,1
104.902,1,0,90.0,0.0,1
104.902,1,0,90.0,0.0,1
104.902,1,0,90.0,0.0,1
104.902,1,0,90.0,0.0,1
104.902,1,0,90.0,0.0,1
105.002,1,0,90.0,0.0,1
105.002,1,0,90.0,0.0,1
105.002,1,0,90.0,0.0,1
105.002,1,0,90.0,0.0,1
105.002,1,0,90.0,0.0,1
105.102,1,0,90.0,0.0,0
105.102,1,0,90.0,0.0,0
105.102,1,0,90.0,0.0,0
105.102,1,0,90.0,0.0,0
105.102,1,0,90.0,0.0,0
105.102,1,0,90.0,0.0,0
105.202,1,0,90.0,0.0,0
105.202,1,0,90.0,0.0,0
105.202,1,0,90.0,0.0,0
105.202,1,0,90.0,0.0,0
105.202,1,0,90.0,0.0,0
105.302,1,0,90.0,0.0,0
105.302,1,0,90.0,0.0,0
105.302,1,0,90.0,0.0,0
105.302,1,0,90.0,0.0,0
105.302,1,0,90.0,0.0,0
105.402,1,0,90.0,0.0,0
105.402,1,0,90.0,0.0,0
105.402,1,0,90.0,0.0,0
105.402,1,0,90.0,0.0,0
105.402,1,0,90.0,0.0,0
105.502,1,0,90.0,0.0,0
105.502,1,0,90.0,0.0,0
105.502,1,0,90.0,0.0,0
105.502,1,0,90.0,0.0,0
105.502,1,0,90.0,0.0,0
105.502,1,0,90.0,0.0,0
105.602,1,0,90.0,0.0,0
105.602,1,0,90.0,0.0,0
105.602,1,0,90.0,0.0,0
105.602,1,0,90.0,0.0,0
105.602,1,0,90.0,0.0,0
105.702,1,0,90.0,0.0,0
105.702,1,0,90.0,0.0,0
105.702,1,0,90.0,0.0,0
105.702,1,0,90.0,0.0,0
105.702,1,0,90.0,0.0,0
105.802,1,0,90.0,0.0,0
105.802,1,0,90.0,0.0,0
105.802,1,0,90.0,0.0,0
105.802,1,0,90.0,0.0,0
105.802,1,0,90.0,0.0,0
105.902,1,0,90.0,0.0,0
105.902,1,0,90.0,0.0,0
105.902,1,0,90.0,0.0,0
105.902,1,0,90.0,0.0,0
105.902,1,0,90.0,0.0,0
106.002,1,0,90.0,0.0,0
106.002,1,0,90.0,0.0,0
106.002,1,0,90.0,0.0,0
106.002,1,0,90.0,0.0,0
106.002,1,0,90.0,0.0,0
106.002,1,0,90.0,0.0,0
106.102,1,0,90.0,0.0,0
106.102,1,0,90.0,0.0,0
106.102,1,0,90.0,0.0,0
106.102,1,0,90.0,0.0,0
106.102,1,0,90.0,0.0,0
106.202,1,0,90.0,0.0,0
106.202,1,0,90.0,0.0,0
106.202,1,0,90.0,0.0,0
106.202,1,0,90.0,0.0,0
106.202,1,0,90.0,0.0,0
106.302,1,0,90.0,0.0,0
106.302,1,0,90.0,0.0,0
106.302,1,0,90.0,0.0,0
106.302,1,0,90.0,0.0,0
106.302,1,0,90.0,0.0,0
106.402,1,0,90.0,0.0,0
106.402,1,0,90.0,0.0,0
106.402,1,0,90.0,0.0,0
106.402,1,0,90.0,0.0,0
106.402,1,0,90.0,0.0,0
106.402,1,0,90.0,0.0,0
106.502,1,0,90.0,0.0,0
106.502,1,0,90.0,0.0,0
106.502,1,0,90.0,0.0,0
106.502,1,0,90.0,0.0,0
106.502,1,0,90.0,0.0,0
106.602,1,0,90.0,0.0,0
106.602,1,0,90.0,0.0,0
106.602,1,0,90.0,0.0,0
106.602,1,0,90.0,0.0,0
106.602,1,0,90.0,0.0,0
106.702,1,0,90.0,0.0,0
106.702,1,0,90.0,0.0,0
106.702,1,0,90.0,0.0,0
106.702,1,0,90.0,0.0,0
106.702,1,0,90.0,0.0,0
106.802,1,0,90.0,0.0,0
106.802,1,0,90.0,0.0,0
106.802,1,0,90.0,0.0,0
106.802,1,0,90.0,0.0,0
106.802,1,0,90.0,0.0,0
106.902,1,0,90.0,0.0,0
106.902,1,0,90.0,0.0,0
106.902,1,0,90.0,0.0,0
106.902,1,0,90.0,0.0,0
106.902,1,0,90.0,0.0,0
106.902,1,0,90.0,0.0,0
107.002,1,0,90.0,0.0,0
107.002,1,0,90.0,0.0,0
107.002,1,0,90.0,0.0,0
107.002,1,0,90.0,0.0,0
107.002,1,0,90.0,0.0,0
107.102,1,0,90.0,0.0,0
107.102,1,0,90.0,0.0,0
107.102,1,0,90.0,0.0,0
107.102,1,0,90.0,0.0,0
107.102,1,0,90.0,0.0,0
107.202,1,0,90.0,0.0,0
107.202,1,0,90.0,0.0,0
107.202,1,0,90.0,0.0,0
107.202,1,0,90.0,0.0,0
107.202,1,0,90.0,0.0,0
107.302,1,0,90.0,0.0,0
107.302,1,0,90.0,0.0,0
107.302,1,0,90.0,0.0,0
107.302,1,0,90.0,0.0,0
107.302,1,0,90.0,0.0,0
107.402,1,0,90.0,0.0,0
107.402,1,0,90.0,0.0,0
107.402,1,0,90.0,0.0,0
107.402,1,0,90.0,0.0,0
107.402,1,0,90.0,0.0,0
107.402,1,0,90.0,0.0,0
107.502,1,0,90.0,0.0,0
107.502,1,0,90.0,0.0,0
107.502,1,0,90.0,0.0,0
107.502,1,0,90.0,0.0,0
107.502,1,0,90.0,0.0,0
107.602,1,0,90.0,0.0,0
107.602,1,0,90.0,0.0,0
107.602,1,0,90.0,0.0,0
107.602,1,0,90.0,0.0,0
107.602,1,0,90.0,0.0,0
107.702,1,0,90.0,0.0,0
107.702,1,0,90.0,0.0,0
107.702,1,0,90.0,0.0,0
107.702,1,0,90.0,0.0,0
107.702,1,0,90.0,0.0,0
107.802,1,0,90.0,0.0,0
107.802,1,0,90.0,0.0,0
107.802,1,0,90.0,0.0,0
107.802,1,0,90.0,0.0,0
107.802,1,0,90.0,0.0,0
107.802,1,0,90.0,0.0,0
107.902,1,0,90.0,0.0,0
107.902,1,0,90.0,0.0,0
107.902,1,0,90.0,0.0,0
107.902,1,0,90.0,0.0,0
107.902,1,0,90.0,0.0,0
108.002,1,0,90.0,0.0,0
108.002,1,0,90.0,0.0,0
108.002,1,0,90.0,0.0,0
108.002,1,0,90.0,0.0,0
108.002,1,0,90.0,0.0,0
108.102,1,0,90.0,0.0,0
108.102,1,0,90.0,0.0,0
108.102,1,0,90.0,0.0,0
108.102,1,0,90.0,0.0,0
108.102,1,0,90.0,0.0,0
108.202,1,0,90.0,0.0,0
108.202,1,0,90.0,0.0,0
108.202,1,0,90.0,0.0,0
108.202,1,0,90.0,0.0,0
108.202,1,0,90.0,0.0,0
108.302,1,0,90.0,0.0,0
108.302,1,0,90.0,0.0,0
108.302,1,0,90.0,0.0,0
108.302,1,0,90.0,0.0,0
108.302,1,0,90.0,0.0,0
108.302,1,0,90.0,0.0,0
108.402,1,0,90.0,0.0,0
108.402,1,0,90.0,0.0,0
108.402,1,0,90.0,0.0,0
108.402,1,0,90.0,0.0,0
108.402,1,0,90.0,0.0,0
108.502,1,0,90.0,0.0,0
108.502,1,0,90.0,0.0,0
108.502,1,0,90.0,0.0,0
108.502,1,0,90.0,0.0,0
108.502,1,0,90.0,0.0,0
108.602,1,0,90.0,0.0,0
108.602,1,0,90.0,0.0,0
108.602,1,0,90.0,0.0,0
108.602,1,0,90.0,0.0,0
108.602,1,0,90.0,0.0,0
108.702,1,0,90.0,0.0,0
108.702,1,0,90.0,0.0,0
108.702,1,0,90.0,0.0,0
108.702,1,0,90.0,0.0,0
108.702,1,0,90.0,0.0,0
108.702,1,0,90.0,0.0,0
108.802,1,0,90.0,0.0,0
108.802,1,0,90.0,0.0,0
108.802,1,0,90.0,0.0,0
108.802,1,0,90.0,0.0,0
108.802,1,0,90.0,0.0,0
108.902,1,0,90.0,0.0,0
108.902,1,0,90.0,0.0,0
108.902,1,0,90.0,0.0,0
108.902,1,0,90.0,0.0,0
108.902,1,0,90.0,0.0,0
109.002,1,0,90.0,0.0,0
109.002,1,0,90.0,0.0,0
109.002,1,0,90.0,0.0,0
109.002,1,0,90.0,0.0,0
109.002,1,0,90.0,0.0,0
109.102,1,0,90.0,0.0,0
109.102,1,0,90.0,0.0,0
109.102,1,0,90.0,0.0,0
109.102,1,0,90.0,0.0,0
109.102,1,0,90.0,0.0,0
109.202,1,0,90.0,0.0,0
109.202,1,0,90.0,0.0,0
109.202,1,0,90.0,0.0,0
109.202,1,0,90.0,0.0,0
109.202,1,0,90.0,0.0,0
109.202,1,0,90.0,0.0,0
109.302,1,0,90.0,0.0,0
109.302,1,0,90.0,0.0,0
109.302,1,0,90.0,0.0,0
109.302,1,0,90.0,0.0,0
109.302,1,0,90.0,0.0,0
109.402,1,0,90.0,0.0,0
109.402,1,0,90.0,0.0,0
109.402,1,0,90.0,0.0,0
109.402,1,0,90.0,0.0,0
109.402,1,0,90.0,0.0,0
109.502,1,0,90.0,0.0,0
109.502,1,0,90.0,0.0,0
109.502,1,0,90.0,0.0,0
109.502,1,0,90.0,0.0,0
109.502,1,0,90.0,0.0,0
109.602,1,0,90.0,0.0,0
109.602,1,0,90.0,0.0,0
109.602,1,0,90.0,0.0,0
109.602,1,0,90.0,0.0,0
109.602,1,0,90.0,0.0,0
109.602,1,0,90.0,0.0,0
109.702,1,0,90.0,0.0,0
109.702,1,0,90.0,0.0,0
109.702,1,0,90.0,0.0,0
109.702,1,0,90.0,0.0,0
109.702,1,0,90.0,0.0,0
109.802,1,0,90.0,0.0,0
109.802,1,0,90.0,0.0,0
109.802,1,0,90.0,0.0,0
109.802,1,0,90.0,0.0,0
109.802,1,0,90.0,0.0,0
109.902,1,0,90.0,0.0,0
109.902,1,0,90.0,0.0,0
109.902,1,0,90.0,0.0,0
109.902,1,0,90.0,0.0,0
109.902,1,0,90.0,0.0,0
110.002,1,0,90.0,0.0,0
110.002,1,0,90.0,0.0,0
110.002,1,0,90.0,0.0,0
110.002,1,0,90.0,0.0,0
110.002,1,0,90.0,0.0,0
110.102,1,0,90.0,0.0,0
110.102,1,0,90.0,0.0,0
110.102,1,0,90.0,0.0,0
110.102,1,0,90.0,0.0,0
110.102,1,0,90.0,0.0,0
110.102,1,0,90.0,0.0,0
110.202,1,0,90.0,0.0,0
110.202,1,0,90.0,0.0,0
110.202,1,0,90.0,0.0,0
110.202,1,0,90.0,0.0,0
110.202,1,0,90.0,0.0,0
110.302,1,0,90.0,0.0,0
110.302,1,0,90.0,0.0,0
110.302,1,0,90.0,0.0,0
110.302,1,0,90.0,0.0,0
110.302,1,0,90.0,0.0,0
110.402,1,0,90.0,0.0,0
110.402,1,0,90.0,0.0,0
110.402,1,0,90.0,0.0,0
110.402,1,0,90.0,0.0,0
110.402,1,0,90.0,0.0,0
110.502,2,1,-45.0,3.0,0
110.502,2,1,-45.0,3.0,0
110.502,2,1,-45.0,3.0,0
110.502,2,1,-45.0,3.0,0
110.502,2,1,-45.0,3.0,0
110.602,2,1,-45.0,3.0,0
110.602,2,1,-45.0,3.0,0
110.602,2,1,-45.0,3.0,0
110.602,2,1,-45.0,3.0,0
110.602,2,1,-45.0,3.0,0
110.602,2,1,-45.0,3.0,0
110.702,2,1,-45.0,3.0,0
110.702,2,1,-45.0,3.0,0
110.702,2,1,-45.0,3.0,0
110.702,2,1,-45.0,3.0,0
110.702,2,1,-45.0,3.0,0
110.802,2,1,-45.0,3.0,0
110.802,2,1,-45.0,3.0,0
110.802,2,1,-45.0,3.0,0
110.802,2,1,-45.0,3.0,0
110.802,2,1,-45.0,3.0,0
110.902,2,1,-45.0,3.0,0
110.902,2,1,-45.0,3.0,0
110.902,2,1,-45.0,3.0,0
110.902,2,1,-45.0,3.0,0
110.902,2,1,-45.0,3.0,0
111.002,2,1,-45.0,3.0,0
111.002,2,1,-45.0,3.0,0
111.002,2,1,-45.0,3.0,0
111.002,2,1,-45.0,3.0,0
111.002,2,1,-45.0,3.0,0
111.002,2,1,-45.0,3.0,0
111.102,2,1,-45.0,3.0,0
111.102,2,1,-45.0,3.0,0
111.102,2,1,-45.0,3.0,0
111.102,2,1,-45.0,3.0,0
111.102,2,1,-45.0,3.0,0
111.202,2,1,-45.0,3.0,0
111.202,2,1,-45.0,3.0,0
111.202,2,1,-45.0,3.0,0
111.202,2,1,-45.0,3.0,0
111.202,2,1,-45.0,3.0,0
111.302,2,1,-45.0,3.0,0
111.302,2,1,-45.0,3.0,0
111.302,2,1,-45.0,3.0,0
111.302,2,1,-45.0,3.0,0
111.302,2,1,-45.0,3.0,0
111.402,2,1,-45.0,3.0,0
111.402,2,1,-45.0,3.0,0
111.402,2,1,-45.0,3.0,0
111.402,2,1,-45.0,3.0,0
111.402,2,1,-45.0,3.0,0
111.502,2,1,-45.0,3.0,0
111.502,2,1,-45.0,3.0,0
111.502,2,1,-45.0,3.0,0
111.502,2,1,-45.0,3.0,0
111.502,2,1,-45.0,3.0,0
111.502,2,1,-45.0,3.0,0
111.602,2,1,-45.0,3.0,0
111.602,2,1,-45.0,3.0,0
111.602,2,1,-45.0,3.0,0
111.602,2,1,-45.0,3.0,0
111.602,2,1,-45.0,3.0,0
111.702,2,1,-45.0,3.0,0
111.702,2,1,-45.0,3.0,0
111.702,2,1,-45.0,3.0,0
111.702,2,1,-45.0,3.0,0
111.702,2,1,-45.0,3.0,0
111.802,2,1,-45.0,3.0,0
111.802,2,1,-45.0,3.0,0
111.802,2,1,-45.0,3.0,0
111.802,2,1,-45.0,3.0,0
111.802,2,1,-45.0,3.0,0
111.902,2,1,-45.0,3.0,0
111.902,2,1,-45.0,3.0,0
111.902,2,1,-45.0,3.0,0
111.902,2,1,-45.0,3.0,0
111.902,2,1,-45.0,3.0,0
111.902,2,1,-45.0,3.0,0
112.002,2,1,-45.0,3.0,0
112.002,2,1,-45.0,3.0,0
112.002,2,1,-45.0,3.0,0
112.002,2,1,-45.0,3.0,0
112.002,2,1,-45.0,3.0,0
112.102,2,1,-45.0,3.0,0
112.102,2,1,-45.0,3.0,0
112.102,2,1,-45.0,3.0,0
112.102,2,1,-45.0,3.0,0
112.102,2,1,-45.0,3.0,0
112.202,2,1,-45.0,3.0,0
112.202,2,1,-45.0,3.0,0
112.202,2,1,-45.0,3.0,0
112.202,2,1,-45.0,3.0,0
112.202,2,1,-45.0,3.0,0
112.302,2,1,-45.0,3.0,0
112.302,2,1,-45.0,3.0,0
112.302,2,1,-45.0,3.0,0
112.302,2,1,-45.0,3.0,0
112.302,2,1,-45.0,3.0,0
112.402,2,1,-45.0,3.0,0
112.402,2,1,-45.0,3.0,0
112.402,2,1,-45.0,3.0,0
112.402,2,1,-45.0,3.0,0
112.402,2,1,-45.0,3.0,0
112.402,2,1,-45.0,3.0,0
112.502,2,1,-45.0,3.0,0
112.502,2,1,-45.0,3.0,0
112.502,2,1,-45.0,3.0,0
112.502,2,1,-45.0,3.0,0
112.502,2,1,-45.0,3.0,0
112.602,2,1,-45.0,3.0,0
112.602,2,1,-45.0,3.0,0
112.602,2,1,-45.0,3.0,0
112.602,2,1,-45.0,3.0,0
112.602,2,1,-45.0,3.0,0
112.702,2,1,-45.0,3.0,0
112.702,2,1,-45.0,3.0,0
112.702,2,1,-45.0,3.0,0
112.702,2,1,-45.0,3.0,0
112.702,2,1,-45.0,3.0,0
112.802,2,1,-45.0,3.0,0
112.802,2,1,-45.0,3.0,0
112.802,2,1,-45.0,3.0,0
112.802,2,1,-45.0,3.0,0
112.802,2,1,-45.0,3.0,0
112.902,2,1,-45.0,3.0,0
112.902,2,1,-45.0,3.0,0
112.902,2,1,-45.0,3.0,0
112.902,2,1,-45.0,3.0,0
112.902,2,1,-45.0,3.0,0
112.902,2,1,-45.0,3.0,0
113.002,2,1,-45.0,3.0,0
113.002,2,1,-45.0,3.0,0
113.002,2,1,-45.0,3.0,0
113.002,2,1,-45.0,3.0,0
113.002,2,1,-45.0,3.0,0
113.102,2,1,-45.0,3.0,0
113.102,2,1,-45.0,3.0,0
113.102,2,1,-45.0,3.0,0
113.102,2,1,-45.0,3.0,0
113.102,2,1,-45.0,3.0,0
113.202,2,1,-45.0,3.0,0
113.202,2,1,-45.0,3.0,0
113.202,2,1,-45.0,3.0,0
113.202,2,1,-45.0,3.0,0
113.202,2,1,-45.0,3.0,0
113.302,2,1,-45.0,3.0,0
113.302,2,1,-45.0,3.0,0
113.302,2,1,-45.0,3.0,0
113.302,2,1,-45.0,3.0,0
113.302,2,1,-45.0,3.0,0
113.302,2,1,-45.0,3.0,0
113.402,2,1,-45.0,3.0,0
113.402,2,1,-45.0,3.0,0
113.402,2,1,-45.0,3.0,0
113.402,2,1,-45.0,3.0,0
113.402,2,1,-45.0,3.0,0
113.502,2,1,-45.0,3.0,0
113.502,2,1,-45.0,3.0,0
113.502,2,1,-45.0,3.0,0
113.502,2,1,-45.0,3.0,0
113.502,2,1,-45.0,3.0,0
113.602,2,1,-45.0,3.0,0
113.602,2,1,-45.0,3.0,0
113.602,2,1,-45.0,3.0,0
113.602,2,1,-45.0,3.0,0
113.602,2,1,-45.0,3.0,0
113.702,2,1,-45.0,3.0,0
113.702,2,1,-45.0,3.0,0
113.702,2,1,-45.0,3.0,0
113.702,2,1,-45.0,3.0,0
113.702,2,1,-45.0,3.0,0
113.802,2,1,-45.0,3.0,0
113.802,2,1,-45.0,3.0,0
113.802,2,1,-45.0,3.0,0
113.802,2,1,-45.0,3.0,0
113.802,2,1,-45.0,3.0,0
113.802,2,1,-45.0,3.0,0
113.902,0,1,0.0,7.3,0
113.902,0,1,0.0,7.3,0
113.902,0,1,0.0,7.3,0
113.902,0,1,0.0,7.3,0
113.902,0,1,0.0,7.3,0
114.002,0,1,0.0,7.3,0
114.002,0,1,0.0,7.3,0
114.002,0,1,0.0,7.3,0
114.002,0,1,0.0,7.3,0
114.002,0,1,0.0,7.3,0
114.102,0,1,0.0,7.3,0
114.102,0,1,0.0,7.3,0
114.102,0,1,0.0,7.3,0
114.102,0,1,0.0,7.3,0
114.102,0,1,0.0,7.3,0
114.202,0,1,0.0,7.3,0
114.202,0,1,0.0,7.3,0
114.202,0,1,0.0,7.3,0
114.202,0,1,0.0,7.3,0
114.202,0,1,0.0,7.3,0
114.202,0,1,0.0,7.3,0
114.302,0,1,0.0,7.3,0
114.302,0,1,0.0,7.3,0
114.302,0,1,0.0,7.3,0
114.302,0,1,0.0,7.3,0
114.302,0,1,0.0,7.3,0
114.402,0,1,0.0,7.3,0
114.402,0,1,0.0,7.3,0
114.402,0,1,0.0,7.3,0
114.402,0,1,0.0,7.3,0
114.402,0,1,0.0,7.3,0
114.502,0,1,0.0,7.3,0
114.502,0,1,0.0,7.3,0
114.502,0,1,0.0,7.3,0
114.502,0,1,0.0,7.3,0
114.502,0,1,0.0,7.3,0
114.602,0,1,0.0,7.3,0
114.602,0,1,0.0,7.3,0
114.602,0,1,0.0,7.3,0
114.602,0,1,0.0,7.3,0
114.602,0,1,0.0,7.3,0
114.702,0,1,0.0,7.3,0
114.702,0,1,0.0,7.3,0
114.702,0,1,0.0,7.3,0
114.702,0,1,0.0,7.3,0
114.702,0,1,0.0,7.3,0
114.702,0,1,0.0,7.3,0
114.802,0,1,0.0,7.3,0
114.802,0,1,0.0,7.3,0
114.802,0,1,0.0,7.3,0
114.802,0,1,0.0,7.3,0
114.802,0,1,0.0,7.3,0
114.902,0,1,0.0,7.3,0
114.902,0,1,0.0,7.3,0
114.902,0,1,0.0,7.3,0
114.902,0,1,0.0,7.3,0
114.902,0,1,0.0,7.3,0
115.002,0,1,0.0,7.3,0
115.002,0,1,0.0,7.3,0
115.002,0,1,0.0,7.3,0
115.002,0,1,0.0,7.3,0
115.002,0,1,0.0,7.3,0
115.102,0,1,0.0,7.3,0
115.102,0,1,0.0,7.3,0
115.102,0,1,0.0,7.3,0
115.102,0,1,0.0,7.3,0
115.102,0,1,0.0,7.3,0
115.202,0,1,0.0,7.3,0
115.202,0,1,0.0,7.3,0
115.202,0,1,0.0,7.3,0
115.202,0,1,0.0,7.3,0
115.202,0,1,0.0,7.3,0
115.202,0,1,0.0,7.3,0
115.302,0,1,0.0,7.3,0
115.302,0,1,0.0,7.3,0
115.302,0,1,0.0,7.3,0
115.302,0,1,0.0,7.3,0
115.302,0,1,0.0,7.3,0
115.402,0,1,0.0,7.3,0
115.402,0,1,0.0,7.3,0
115.402,0,1,0.0,7.3,0
115.402,0,1,0.0,7.3,0
115.402,0,1,0.0,7.3,0
115.502,0,1,0.0,7.3,0
115.502,0,1,0.0,7.3,0
115.502,0,1,0.0,7.3,0
115.502,0,1,0.0,7.3,0
115.502,0,1,0.0,7.3,0
115.602,0,1,0.0,7.3,0
115.602,0,1,0.0,7.3,0
115.602,0,1,0.0,7.3,0
115.602,0,1,0.0,7.3,0
115.602,0,1,0.0,7.3,0
115.602,0,1,0.0,7.3,0
115.702,0,1,0.0,7.3,0
115.702,0,1,0.0,7.3,0
115.702,0,1,0.0,7.3,0
115.702,0,1,0.0,7.3,0
115.702,0,1,0.0,7.3,0
115.802,0,1,0.0,7.3,0
115.802,0,1,0.0,7.3,0
115.802,0,1,0.0,7.3,0
115.802,0,1,0.0,7.3,0
115.802,0,1,0.0,7.3,0
115.902,0,1,0.0,7.3,0
115.902,0,1,0.0,7.3,0
115.902,0,1,0.0,7.3,0
115.902,0,1,0.0,7.3,0
115.902,0,1,0.0,7.3,0
116.002,0,1,0.0,7.3,0
116.002,0,1,0.0,7.3,0
116.002,0,1,0.0,7.3,0
116.002,0,1,0.0,7.3,0
116.002,0,1,0.0,7.3,0
116.102,0,1,0.0,7.3,0
116.102,0,1,0.0,7.3,0
116.102,0,1,0.0,7.3,0
116.102,0,1,0.0,7.3,0
116.102,0,1,0.0,7.3,0
116.102,0,1,0.0,7.3,0
116.202,0,1,0.0,7.3,0
116.202,0,1,0.0,7.3,0
116.202,0,1,0.0,7.3,0
116.202,0,1,0.0,7.3,0
116.202,0,1,0.0,7.3,0
116.302,0,1,0.0,7.3,0
116.302,0,1,0.0,7.3,0
116.302,0,1,0.0,7.3,0
116.302,0,1,0.0,7.3,0
116.302,0,1,0.0,7.3,0
116.402,0,1,0.0,7.3,0
116.402,0,1,0.0,7.3,0
116.402,0,1,0.0,7.3,0
116.402,0,1,0.0,7.3,0
116.402,0,1,0.0,7.3,0
116.502,0,1,0.0,7.3,0
116.502,0,1,0.0,7.3,0
116.502,0,1,0.0,7.3,0
116.502,0,1,0.0,7.3,0
116.502,0,1,0.0,7.3,0
116.502,0,1,0.0,7.3,0
116.602,0,1,0.0,7.3,0
116.602,0,1,0.0,7.3,0
116.602,0,1,0.0,7.3,0
116.602,0,1,0.0,7.3,0
116.602,0,1,0.0,7.3,0
116.702,0,1,0.0,7.3,0
116.702,0,1,0.0,7.3,0
116.702,0,1,0.0,7.3,0
116.702,0,1,0.0,7.3,0
116.702,0,1,0.0,7.3,0
116.802,0,1,0.0,7.3,0
116.802,0,1,0.0,7.3,0
116.802,0,1,0.0,7.3,0
116.802,0,1,0.0,7.3,0
116.802,0,1,0.0,7.3,0
116.902,0,1,0.0,7.3,0
116.902,0,1,0.0,7.3,0
116.902,0,1,0.0,7.3,0
116.902,0,1,0.0,7.3,0
116.902,0,1,0.0,7.3,0
117.002,0,1,0.0,7.3,0
117.002,0,1,0.0,7.3,0
117.002,0,1,0.0,7.3,0
117.002,0,1,0.0,7.3,0
117.002,0,1,0.0,7.3,0
117.002,0,1,0.0,7.3,0
117.102,0,1,0.0,7.3,0
117.102,0,1,0.0,7.3,0
117.102,0,1,0.0,7.3,0
117.102,0,1,0.0,7.3,0
117.102,0,1,0.0,7.3,0
117.202,0,1,0.0,7.3,0
117.202,0,1,0.0,7.3,0
117.202,0,1,0.0,7.3,0
117.202,0,1,0.0,7.3,0
117.202,0,1,0.0,7.3,0
117.302,0,1,0.0,7.3,0
117.302,0,1,0.0,7.3,0
117.302,0,1,0.0,7.3,0
117.302,0,1,0.0,7.3,0
117.302,0,1,0.0,7.3,0
117.402,0,1,0.0,7.3,0
117.402,0,1,0.0,7.3,0
117.402,0,1,0.0,7.3,0
117.402,0,1,0.0,7.3,0
117.402,0,1,0.0,7.3,0
117.502,0,1,0.0,7.3,0
117.502,0,1,0.0,7.3,0
117.502,0,1,0.0,7.3,0
117.502,0,1,0.0,7.3,0
117.502,0,1,0.0,7.3,0
117.502,0,1,0.0,7.3,0
117.602,0,1,0.0,7.3,0
117.602,0,1,0.0,7.3,0
117.602,0,1,0.0,7.3,0
117.602,0,1,0.0,7.3,0
117.602,0,1,0.0,7.3,0
117.702,0,1,0.0,7.3,0
117.702,0,1,0.0,7.3,0
117.702,0,1,0.0,7.3,0
117.702,0,1,0.0,7.3,0
117.702,0,1,0.0,7.3,0
117.802,0,1,0.0,7.3,0
117.802,0,1,0.0,7.3,0
117.802,0,1,0.0,7.3,0
117.802,0,1,0.0,7.3,0
117.802,0,1,0.0,7.3,0
117.902,0,1,0.0,7.3,0
117.902,0,1,0.0,7.3,0
117.902,0,1,0.0,7.3,0
117.902,0,1,0.0,7.3,0
117.902,0,1,0.0,7.3,0
117.902,0,1,0.0,7.3,0
118.002,0,1,0.0,7.3,0
118.002,0,1,0.0,7.3,0
118.002,0,1,0.0,7.3,0
118.002,0,1,0.0,7.3,0
118.002,0,1,0.0,7.3,0
118.102,0,1,0.0,7.3,0
118.102,0,1,0.0,7.3,0
118.102,0,1,0.0,7.3,0
118.102,0,1,0.0,7.3,0
118.102,0,1,0.0,7.3,0
118.202,0,1,0.0,7.3,0
118.202,0,1,0.0,7.3,0
118.202,0,1,0.0,7.3,0
118.202,0,1,0.0,7.3,0
118.202,0,1,0.0,7.3,0
118.302,0,1,0.0,7.3,0
118.302,0,1,0.0,7.3,0
118.302,0,1,0.0,7.3,0
118.302,0,1,0.0,7.3,0
118.302,0,1,0.0,7.3,0
118.402,0,1,0.0,7.3,0
118.402,0,1,0.0,7.3,0
118.402,0,1,0.0,7.3,0
118.402,0,1,0.0,7.3,0
118.402,0,1,0.0,7.3,0
118.402,0,1,0.0,7.3,0
118.502,0,1,0.0,7.3,0
118.502,0,1,0.0,7.3,0
118.502,0,1,0.0,7.3,0
118.502,0,1,0.0,7.3,0
118.502,0,1,0.0,7.3,0
118.602,0,1,0.0,7.3,0
118.602,0,1,0.0,7.3,0
118.602,0,1,0.0,7.3,0
118.602,0,1,0.0,7.3,0
118.602,0,1,0.0,7.3,0
118.702,0,1,0.0,7.3,0
118.702,0,1,0.0,7.3,0
118.702,0,1,0.0,7.3,0
118.702,0,1,0.0,7.3,0
118.702,0,1,0.0,7.3,0
118.802,0,1,0.0,7.3,0
118.802,0,1,0.0,7.3,0
118.802,0,1,0.0,7.3,0
118.802,0,1,0.0,7.3,0
118.802,0,1,0.0,7.3,0
118.802,0,1,0.0,7.3,0
118.902,0,1,0.0,7.3,0
118.902,0,1,0.0,7.3,0
118.902,0,1,0.0,7.3,0
118.902,0,1,0.0,7.3,0
118.902,0,1,0.0,7.3,0
119.002,0,1,0.0,7.3,0
119.002,0,1,0.0,7.3,0
119.002,0,1,0.0,7.3,0
119.002,0,1,0.0,7.3,0
119.002,0,1,0.0,7.3,0
119.102,0,1,0.0,7.3,0
119.102,0,1,0.0,7.3,0
119.102,0,1,0.0,7.3,0
119.102,0,1,0.0,7.3,0
119.102,0,1,0.0,7.3,0
119.202,0,1,0.0,7.3,0
119.202,0,1,0.0,7.3,0
119.202,0,1,0.0,7.3,0
119.202,0,1,0.0,7.3,0
119.202,0,1,0.0,7.3,0
119.302,0,1,0.0,7.3,0
119.302,0,1,0.0,7.3,0
119.302,0,1,0.0,7.3,0
119.302,0,1,0.0,7.3,0
119.302,0,1,0.0,7.3,0
119.302,0,1,0.0,7.3,0
119.402,0,1,0.0,7.3,0
119.402,0,1,0.0,7.3,0
119.402,0,1,0.0,7.3,0
119.402,0,1,0.0,7.3,0
119.402,0,1,0.0,7.3,0
119.502,0,1,0.0,7.3,0
119.502,0,1,0.0,7.3,0
119.502,0,1,0.0,7.3,0
119.502,0,1,0.0,7.3,0
119.502,0,1,0.0,7.3,0
119.602,0,1,0.0,7.3,0
119.602,0,1,0.0,7.3,0
119.602,0,1,0.0,7.3,0
119.602,0,1,0.0,7.3,0
119.602,0,1,0.0,7.3,0
119.702,0,1,0.0,7.3,0
119.702,0,1,0.0,7.3,0
119.702,0,1,0.0,7.3,0
119.702,0,1,0.0,7.3,0
119.702,0,1,0.0,7.3,0
119.802,0,1,0.0,7.3,0
119.802,0,1,0.0,7.3,0
119.802,0,1,0.0,7.3,0
119.802,0,1,0.0,7.3,0
119.802,0,1,0.0,7.3,0
119.802,0,1,0.0,7.3,0
119.902,2,1,-90.0,6.0,0
119.902,2,1,-90.0,6.0,0
119.902,2,1,-90.0,6.0,0
119.902,2,1,-90.0,6.0,0
119.902,2,1,-90.0,6.0,0
120.002,2,1,-90.0,6.0,0
120.002,2,1,-90.0,6.0,0
120.002,2,1,-90.0,6.0,0
120.002,2,1,-90.0,6.0,0
120.002,2,1,-90.0,6.0,0
120.102,2,1,-90.0,6.0,0
120.102,2,1,-90.0,6.0,0
120.102,2,1,-90.0,6.0,0
120.102,2,1,-90.0,6.0,0
120.102,2,1,-90.0,6.0,0
120.202,2,1,-90.0,6.0,0
120.202,2,1,-90.0,6.0,0
120.202,2,1,-90.0,6.0,0
120.202,2,1,-90.0,6.0,0
120.202,2,1,-90.0,6.0,0
120.202,2,1,-90.0,6.0,0
120.302,2,1,-90.0,6.0,0
120.302,2,1,-90.0,6.0,0
120.302,2,1,-90.0,6.0,0
120.302,2,1,-90.0,6.0,0
120.302,2,1,-90.0,6.0,0
120.402,2,1,-90.0,6.0,0
120.402,2,1,-90.0,6.0,0
120.402,2,1,-90.0,6.0,0
120.402,2,1,-90.0,6.0,0
120.402,2,1,-90.0,6.0,0
120.502,2,1,-90.0,6.0,0
120.502,2,1,-90.0,6.0,0
120.502,2,1,-90.0,6.0,0
120.502,2,1,-90.0,6.0,0
120.502,2,1,-90.0,6.0,0
120.602,2,1,-90.0,6.0,0
120.602,2,1,-90.0,6.0,0
120.602,2,1,-90.0,6.0,0
120.602,2,1,-90.0,6.0,0
120.602,2,1,-90.0,6.0,0
120.702,2,1,-90.0,6.0,0
120.702,2,1,-90.0,6.0,0
120.702,2,1,-90.0,6.0,0
120.702,2,1,-90.0,6.0,0
120.702,2,1,-90.0,6.0,0
120.702,2,1,-90.0,6.0,0
120.802,2,1,-90.0,6.0,0
120.802,2,1,-90.0,6.0,0
120.802,2,1,-90.0,6.0,0
120.802,2,1,-90.0,6.0,0
120.802,2,1,-90.0,6.0,0
120.902,2,1,-90.0,6.0,0
120.902,2,1,-90.0,6.0,0
120.902,2,1,-90.0,6.0,0
120.902,2,1,-90.0,6.0,0
120.902,2,1,-90.0,6.0,0
121.002,2,1,-90.0,6.0,0
121.002,2,1,-90.0,6.0,0
121.002,2,1,-90.0,6.0,0
121.002,2,1,-90.0,6.0,0
121.002,2,1,-90.0,6.0,0
121.102,2,1,-90.0,6.0,0
121.102,2,1,-90.0,6.0,0
121.102,2,1,-90.0,6.0,0
121.102,2,1,-90.0,6.0,0
121.102,2,1,-90.0,6.0,0
121.102,2,1,-90.0,6.0,0
121.202,2,1,-90.0,6.0,0
121.202,2,1,-90.0,6.0,0
121.202,2,1,-90.0,6.0,0
121.202,2,1,-90.0,6.0,0
121.202,2,1,-90.0,6.0,0
121.302,2,1,-90.0,6.0,0
121.302,2,1,-90.0,6.0,0
121.302,2,1,-90.0,6.0,0
121.302,2,1,-90.0,6.0,0
121.302,2,1,-90.0,6.0,0
121.402,2,1,-90.0,6.0,0
121.402,2,1,-90.0,6.0,0
121.402,2,1,-90.0,6.0,0
121.402,2,1,-90.0,6.0,0
121.402,2,1,-90.0,6.0,0
121.502,2,1,-90.0,6.0,0
121.502,2,1,-90.0,6.0,0
121.502,2,1,-90.0,6.0,0
121.502,2,1,-90.0,6.0,0
121.502,2,1,-90.0,6.0,0
121.602,2,1,-90.0,6.0,0
121.602,2,1,-90.0,6.0,0
121.602,2,1,-90.0,6.0,0
121.602,2,1,-90.0,6.0,0
121.602,2,1,-90.0,6.0,0
121.602,2,1,-90.0,6.0,0
121.702,2,1,-90.0,6.0,0
121.702,2,1,-90.0,6.0,0
121.702,2,1,-90.0,6.0,0
121.702,2,1,-90.0,6.0,0
121.702,2,1,-90.0,6.0,0
121.802,2,1,-90.0,6.0,0
121.802,2,1,-90.0,6.0,0
121.802,2,1,-90.0,6.0,0
121.802,2,1,-90.0,6.0,0
121.802,2,1,-90.0,6.0,0
121.902,2,1,-90.0,6.0,0
121.902,2,1,-90.0,6.0,0
121.902,2,1,-90.0,6.0,0
121.902,2,1,-90.0,6.0,0
121.902,2,1,-90.0,6.0,0
122.002,2,1,-90.0,6.0,0
122.002,2,1,-90.0,6.0,0
122.002,2,1,-90.0,6.0,0
122.002,2,1,-90.0,6.0,0
122.002,2,1,-90.0,6.0,0
122.102,2,1,-90.0,6.0,0
122.102,2,1,-90.0,6.0,0
122.102,2,1,-90.0,6.0,0
122.102,2,1,-90.0,6.0,0
122.102,2,1,-90.0,6.0,0
122.102,2,1,-90.0,6.0,0
122.202,2,1,-90.0,6.0,0
122.202,2,1,-90.0,6.0,0
122.202,2,1,-90.0,6.0,0
122.202,2,1,-90.0,6.0,0
122.202,2,1,-90.0,6.0,0
122.302,2,1,-90.0,6.0,0
122.302,2,1,-90.0,6.0,0
122.302,2,1,-90.0,6.0,0
122.302,2,1,-90.0,6.0,0
122.302,2,1,-90.0,6.0,0
122.402,2,1,-90.0,6.0,0
122.402,2,1,-90.0,6.0,0
122.402,2,1,-90.0,6.0,0
122.402,2,1,-90.0,6.0,0
122.402,2,1,-90.0,6.0,0
122.502,2,1,-90.0,6.0,0
122.502,2,1,-90.0,6.0,0
122.502,2,1,-90.0,6.0,0
122.502,2,1,-90.0,6.0,0
122.502,2,1,-90.0,6.0,0
122.502,2,1,-90.0,6.0,0
122.602,2,1,-90.0,6.0,0
122.602,2,1,-90.0,6.0,0
122.602,2,1,-90.0,6.0,0
122.602,2,1,-90.0,6.0,0
122.602,2,1,-90.0,6.0,0
122.702,2,1,-90.0,6.0,0
122.702,2,1,-90.0,6.0,0
122.702,2,1,-90.0,6.0,0
122.702,2,1,-90.0,6.0,0
122.702,2,1,-90.0,6.0,0
122.802,2,1,-90.0,6.0,0
122.802,2,1,-90.0,6.0,0
122.802,2,1,-90.0,6.0,0
122.802,2,1,-90.0,6.0,0
122.802,2,1,-90.0,6.0,0
122.902,2,1,-90.0,6.0,0
122.902,2,1,-90.0,6.0,0
122.902,2,1,-90.0,6.0,0
122.902,2,1,-90.0,6.0,0
122.902,2,1,-90.0,6.0,0
123.002,2,1,-90.0,6.0,0
123.002,2,1,-90.0,6.0,0
123.002,2,1,-90.0,6.0,0
123.002,2,1,-90.0,6.0,0
123.002,2,1,-90.0,6.0,0
123.002,2,1,-90.0,6.0,0
123.102,2,1,-90.0,6.0,0
123.102,2,1,-90.0,6.0,0
123.102,2,1,-90.0,6.0,0
123.102,2,1,-90.0,6.0,0
123.102,2,1,-90.0,6.0,0
123.202,2,1,-90.0,6.0,0
123.202,2,1,-90.0,6.0,0
123.202,2,1,-90.0,6.0,0
123.202,2,1,-90.0,6.0,0
123.202,2,1,-90.0,6.0,0
123.302,2,1,-90.0,6.0,0
123.302,2,1,-90.0,6.0,0
123.302,2,1,-90.0,6.0,0
123.302,2,1,-90.0,6.0,0
123.302,2,1,-90.0,6.0,0
123.402,2,1,-90.0,6.0,0
123.402,2,1,-90.0,6.0,0
123.402,2,1,-90.0,6.0,0
123.402,2,1,-90.0,6.0,0
123.402,2,1,-90.0,6.0,0
123.402,2,1,-90.0,6.0,0
123.502,2,1,-90.0,6.0,0
123.502,2,1,-90.0,6.0,0
123.502,2,1,-90.0,6.0,0
123.502,2,1,-90.0,6.0,0
123.502,2,1,-90.0,6.0,0
123.602,2,1,-90.0,6.0,0
123.602,2,1,-90.0,6.0,0
123.602,2,1,-90.0,6.0,0
123.602,2,1,-90.0,6.0,0
123.602,2,1,-90.0,6.0,0
123.702,2,1,-90.0,6.0,0
123.702,2,1,-90.0,6.0,0
123.702,2,1,-90.0,6.0,0
123.702,2,1,-90.0,6.0,0
123.702,2,1,-90.0,6.0,0
123.802,2,1,-90.0,6.0,0
123.802,2,1,-90.0,6.0,0
123.802,2,1,-90.0,6.0,0
123.802,2,1,-90.0,6.0,0
123.802,2,1,-90.0,6.0,0
123.902,2,1,-90.0,6.0,0
123.902,2,1,-90.0,6.0,0
123.902,2,1,-90.0,6.0,0
123.902,2,1,-90.0,6.0,0
123.902,2,1,-90.0,6.0,0
123.902,2,1,-90.0,6.0,0
124.002,2,1,-90.0,6.0,0
124.002,2,1,-90.0,6.0,0
124.002,2,1,-90.0,6.0,0
124.002,2,1,-90.0,6.0,0
124.002,2,1,-90.0,6.0,0
124.102,2,1,-90.0,6.0,0
124.102,2,1,-90.0,6.0,0
124.102,2,1,-90.0,6.0,0
124.102,2,1,-90.0,6.0,0
124.102,2,1,-90.0,6.0,0
124.202,2,1,-90.0,6.0,0
124.202,2,1,-90.0,6.0,0
124.202,2,1,-90.0,6.0,0
124.202,2,1,-90.0,6.0,0
124.202,2,1,-90.0,6.0,0
124.302,2,1,-90.0,6.0,0
124.302,2,1,-90.0,6.0,0
124.302,2,1,-90.0,6.0,0
124.302,2,1,-90.0,6.0,0
124.302,2,1,-90.0,6.0,0
124.402,2,1,-90.0,6.0,0
124.402,2,1,-90.0,6.0,0
124.402,2,1,-90.0,6.0,0
124.402,2,1,-90.0,6.0,0
124.402,2,1,-90.0,6.0,0
124.402,2,1,-90.0,6.0,0
124.502,2,1,-90.0,6.0,0
124.502,2,1,-90.0,6.0,0
124.502,2,1,-90.0,6.0,0
124.502,2,1,-90.0,6.0,0
124.502,2,1,-90.0,6.0,0
124.602,2,1,-90.0,6.0,0
124.602,2,1,-90.0,6.0,0
124.602,2,1,-90.0,6.0,0
124.602,2,1,-90.0,6.0,0
124.602,2,1,-90.0,6.0,0
124.702,2,1,-90.0,6.0,0
124.702,2,1,-90.0,6.0,0
124.702,2,1,-90.0,6.0,0
124.702,2,1,-90.0,6.0,0
124.702,2,1,-90.0,6.0,0
124.802,2,1,-90.0,6.0,0
124.802,2,1,-90.0,6.0,0
124.802,2,1,-90.0,6.0,0
124.802,2,1,-90.0,6.0,0
124.802,2,1,-90.0,6.0,0
124.802,2,1,-90.0,6.0,0
124.902,2,1,-90.0,6.0,0
124.902,2,1,-90.0,6.0,0
124.902,2,1,-90.0,6.0,0
124.902,2,1,-90.0,6.0,0
124.902,2,1,-90.0,6.0,0
125.002,2,1,-90.0,6.0,0
125.002,2,1,-90.0,6.0,0
125.002,2,1,-90.0,6.0,0
125.002,2,1,-90.0,6.0,0
125.002,2,1,-90.0,6.0,0
125.102,2,1,-90.0,6.0,0
125.102,2,1,-90.0,6.0,0
125.102,2,1,-90.0,6.0,0
125.102,2,1,-90.0,6.0,0
125.102,2,1,-90.0,6.0,0
125.202,2,1,-90.0,6.0,0
125.202,2,1,-90.0,6.0,0
125.202,2,1,-90.0,6.0,0
125.202,2,1,-90.0,6.0,0
125.202,2,1,-90.0,6.0,0
125.302,2,1,-90.0,6.0,0
125.302,2,1,-90.0,6.0,0
125.302,2,1,-90.0,6.0,0
125.302,2,1,-90.0,6.0,0
125.302,2,1,-90.0,6.0,0
125.302,2,1,-90.0,6.0,0
125.402,2,1,-90.0,6.0,0
125.402,2,1,-90.0,6.0,0
125.402,2,1,-90.0,6.0,0
125.402,2,1,-90.0,6.0,0
125.402,2,1,-90.0,6.0,0
125.502,2,1,-90.0,6.0,0
125.502,2,1,-90.0,6.0,0
125.502,2,1,-90.0,6.0,0
125.502,2,1,-90.0,6.0,0
125.502,2,1,-90.0,6.0,0
125.602,2,1,-90.0,6.0,0
125.602,2,1,-90.0,6.0,0
125.602,2,1,-90.0,6.0,0
125.602,2,1,-90.0,6.0,0
125.602,2,1,-90.0,6.0,0
125.702,2,1,-90.0,6.0,0
125.702,2,1,-90.0,6.0,0
125.702,2,1,-90.0,6.0,0
125.702,2,1,-90.0,6.0,0
125.702,2,1,-90.0,6.0,0
125.702,2,1,-90.0,6.0,0
125.802,2,1,-90.0,6.0,0
125.802,2,1,-90.0,6.0,0
125.802,2,1,-90.0,6.0,0
125.802,2,1,-90.0,6.0,0
125.802,2,1,-90.0,6.0,0
125.902,2,1,-90.0,6.0,0
125.902,2,1,-90.0,6.0,0
125.902,2,1,-90.0,6.0,0
125.902,2,1,-90.0,6.0,0
125.902,2,1,-90.0,6.0,0
126.002,2,1,-90.0,6.0,1
126.002,2,1,-90.0,6.0,1
126.002,2,1,-90.0,6.0,1
126.002,2,1,-90.0,6.0,1
126.002,2,1,-90.0,6.0,1
126.102,0,0,0.0,0.0,1
126.102,0,0,0.0,0.0,1
126.102,0,0,0.0,0.0,1
126.102,0,0,0.0,0.0,1
126.102,0,0,0.0,0.0,1
126.202,0,0,0.0,0.0,1
126.202,0,0,0.0,0.0,1
126.202,0,0,0.0,0.0,1
126.202,0,0,0.0,0.0,1
126.202,0,0,0.0,0.0,1
126.202,0,0,0.0,0.0,1
126.302,0,0,0.0,0.0,1
126.302,0,0,0.0,0.0,1
126.302,0,0,0.0,0.0,1
126.302,0,0,0.0,0.0,1
126.302,0,0,0.0,0.0,1
126.402,0,0,0.0,0.0,1
126.402,0,0,0.0,0.0,1
126.402,0,0,0.0,0.0,1
126.402,0,0,0.0,0.0,1
126.402,0,0,0.0,0.0,1
126.502,0,0,0.0,0.0,1
126.502,0,0,0.0,0.0,1
126.502,0,0,0.0,0.0,1
126.502,0,0,0.0,0.0,1
126.502,0,0,0.0,0.0,1
126.602,0,0,0.0,0.0,1
126.602,0,0,0.0,0.0,1
126.602,0,0,0.0,0.0,1
126.602,0,0,0.0,0.0,1
126.602,0,0,0.0,0.0,1
126.702,0,0,0.0,0.0,1
126.702,0,0,0.0,0.0,1
126.702,0,0,0.0,0.0,1
126.702,0,0,0.0,0.0,1
126.702,0,0,0.0,0.0,1
126.702,0,0,0.0,0.0,1
126.802,0,0,0.0,0.0,1
126.802,0,0,0.0,0.0,1
126.802,0,0,0.0,0.0,1
126.802,0,0,0.0,0.0,1
126.802,0,0,0.0,0.0,1
126.902,0,0,0.0,0.0,1
126.902,0,0,0.0,0.0,1
126.902,0,0,0.0,0.0,1
126.902,0,0,0.0,0.0,1
126.902,0,0,0.0,0.0,1
127.002,0,0,0.0,0.0,1
127.002,0,0,0.0,0.0,1
127.002,0,0,0.0,0.0,1
127.002,0,0,0.0,0.0,1
127.002,0,0,0.0,0.0,1
127.102,0,0,0.0,0.0,1
127.102,0,0,0.0,0.0,1
127.102,0,0,0.0,0.0,1
127.102,0,0,0.0,0.0,1
127.102,0,0,0.0,0.0,1
127.102,0,0,0.0,0.0,1
127.202,0,0,0.0,0.0,1
127.202,0,0,0.0,0.0,1
127.202,0,0,0.0,0.0,1
127.202,0,0,0.0,0.0,1
127.202,0,0,0.0,0.0,1
127.302,0,0,0.0,0.0,1
127.302,0,0,0.0,0.0,1
127.302,0,0,0.0,0.0,1
127.302,0,0,0.0,0.0,1
127.302,0,0,0.0,0.0,1
127.402,0,0,0.0,0.0,1
127.402,0,0,0.0,0.0,1
127.402,0,0,0.0,0.0,1
127.402,0,0,0.0,0.0,1
127.402,0,0,0.0,0.0,1
127.502,0,0,0.0,0.0,1
127.502,0,0,0.0,0.0,1
127.502,0,0,0.0,0.0,1
127.502,0,0,0.0,0.0,1
127.502,0,0,0.0,0.0,1
127.602,0,0,0.0,0.0,1
127.602,0,0,0.0,0.0,1
127.602,0,0,0.0,0.0,1
127.602,0,0,0.0,0.0,1
127.602,0,0,0.0,0.0,1
127.602,0,0,0.0,0.0,1
127.702,0,0,0.0,0.0,1
127.702,0,0,0.0,0.0,1
127.702,0,0,0.0,0.0,1
127.702,0,0,0.0,0.0,1
127.702,0,0,0.0,0.0,1
127.802,0,0,0.0,0.0,1
127.802,0,0,0.0,0.0,1
127.802,0,0,0.0,0.0,1
127.802,0,0,0.0,0.0,1
127.802,0,0,0.0,0.0,1
127.902,0,0,0.0,0.0,1
127.902,0,0,0.0,0.0,1
127.902,0,0,0.0,0.0,1
127.902,0,0,0.0,0.0,1
127.902,0,0,0.0,0.0,1
128.002,0,0,0.0,0.0,1
128.002,0,0,0.0,0.0,1
128.002,0,0,0.0,0.0,1
128.002,0,0,0.0,0.0,1
128.002,0,0,0.0,0.0,1
128.002,0,0,0.0,0.0,1
128.102,0,0,0.0,0.0,1
128.102,0,0,0.0,0.0,1
128.102,0,0,0.0,0.0,1
128.102,0,0,0.0,0.0,1
128.102,0,0,0.0,0.0,1
128.202,0,0,0.0,0.0,1
128.202,0,0,0.0,0.0,1
128.202,0,0,0.0,0.0,1
128.202,0,0,0.0,0.0,1
128.202,0,0,0.0,0.0,1
128.302,0,0,0.0,0.0,1
128.302,0,0,0.0,0.0,1
128.302,0,0,0.0,0.0,1
128.302,0,0,0.0,0.0,1
128.302,0,0,0.0,0.0,1
128.402,0,0,0.0,0.0,1
128.402,0,0,0.0,0.0,1
128.402,0,0,0.0,0.0,1
128.402,0,0,0.0,0.0,1
128.402,0,0,0.0,0.0,1
128.502,0,0,0.0,0.0,1
128.502,0,0,0.0,0.0,1
128.502,0,0,0.0,0.0,1
128.502,0,0,0.0,0.0,1
128.502,0,0,0.0,0.0,1
128.502,0,0,0.0,0.0,1
128.602,0,0,0.0,0.0,1
128.602,0,0,0.0,0.0,1
128.602,0,0,0.0,0.0,1
128.602,0,0,0.0,0.0,1
128.602,0,0,0.0,0.0,1
128.702,0,0,0.0,0.0,1
128.702,0,0,0.0,0.0,1
128.702,0,0,0.0,0.0,1
128.702,0,0,0.0,0.0,1
128.702,0,0,0.0,0.0,1
128.802,0,0,0.0,0.0,1
128.802,0,0,0.0,0.0,1
128.802,0,0,0.0,0.0,1
128.802,0,0,0.0,0.0,1
128.802,0,0,0.0,0.0,1
128.902,0,0,0.0,0.0,1
128.902,0,0,0.0,0.0,1
128.902,0,0,0.0,0.0,1
128.902,0,0,0.0,0.0,1
128.902,0,0,0.0,0.0,1
129.002,0,0,0.0,0.0,1
129.002,0,0,0.0,0.0,1
129.002,0,0,0.0,0.0,1
129.002,0,0,0.0,0.0,1
129.002,0,0,0.0,0.0,1
129.002,0,0,0.0,0.0,1
129.102,0,0,0.0,0.0,1
129.102,0,0,0.0,0.0,1
129.102,0,0,0.0,0.0,1
129.102,0,0,0.0,0.0,1
129.102,0,0,0.0,0.0,1
129.202,0,0,0.0,0.0,1
129.202,0,0,0.0,0.0,1
129.202,0,0,0.0,0.0,1
129.202,0,0,0.0,0.0,1
129.202,0,0,0.0,0.0,1
129.302,0,0,0.0,0.0,1
129.302,0,0,0.0,0.0,1
129.302,0,0,0.0,0.0,1
129.302,0,0,0.0,0.0,1
129.302,0,0,0.0,0.0,1
129.402,0,0,0.0,0.0,1
129.402,0,0,0.0,0.0,1
129.402,0,0,0.0,0.0,1
129.402,0,0,0.0,0.0,1
129.402,0,0,0.0,0.0,1
129.402,0,0,0.0,0.0,1
129.502,0,0,0.0,0.0,1
129.502,0,0,0.0,0.0,1
129.502,0,0,0.0,0.0,1
129.502,0,0,0.0,0.0,1
129.502,0,0,0.0,0.0,1
129.602,0,0,0.0,0.0,1
129.602,0,0,0.0,0.0,1
129.602,0,0,0.0,0.0,1
129.602,0,0,0.0,0.0,1
129.602,0,0,0.0,0.0,1
129.702,0,0,0.0,0.0,1
129.702,0,0,0.0,0.0,1
129.702,0,0,0.0,0.0,1
129.702,0,0,0.0,0.0,1
129.702,0,0,0.0,0.0,1
129.802,0,0,0.0,0.0,1
129.802,0,0,0.0,0.0,1
129.802,0,0,0.0,0.0,1
129.802,0,0,0.0,0.0,1
129.802,0,0,0.0,0.0,1
129.902,0,0,0.0,0.0,1
129.902,0,0,0.0,0.0,1
129.902,0,0,0.0,0.0,1
129.902,0,0,0.0,0.0,1
129.902,0,0,0.0,0.0,1
129.902,0,0,0.0,0.0,1
130.002,0,0,0.0,0.0,1
130.002,0,0,0.0,0.0,1
130.002,0,0,0.0,0.0,1
130.002,0,0,0.0,0.0,1
130.002,0,0,0.0,0.0,1
130.102,0,0,0.0,0.0,1
130.102,0,0,0.0,0.0,1
130.102,0,0,0.0,0.0,1
130.102,0,0,0.0,0.0,1
130.102,0,0,0.0,0.0,1
130.202,0,0,0.0,0.0,1
130.202,0,0,0.0,0.0,1
130.202,0,0,0.0,0.0,1
130.202,0,0,0.0,0.0,1
130.202,0,0,0.0,0.0,1
130.302,0,0,0.0,0.0,1
130.302,0,0,0.0,0.0,1
130.302,0,0,0.0,0.0,1
130.302,0,0,0.0,0.0,1
130.302,0,0,0.0,0.0,1
130.302,0,0,0.0,0.0,1
130.402,0,0,0.0,0.0,1
130.402,0,0,0.0,0.0,1
130.402,0,0,0.0,0.0,1
130.402,0,0,0.0,0.0,1
130.402,0,0,0.0,0.0,1
130.502,0,0,0.0,0.0,1
130.502,0,0,0.0,0.0,1
130.502,0,0,0.0,0.0,1
130.502,0,0,0.0,0.0,1
130.502,0,0,0.0,0.0,1
130.602,0,0,0.0,0.0,1
130.602,0,0,0.0,0.0,1
130.602,0,0,0.0,0.0,1
130.602,0,0,0.0,0.0,1
130.602,0,0,0.0,0.0,1
130.702,0,0,0.0,0.0,1
130.702,0,0,0.0,0.0,1
130.702,0,0,0.0,0.0,1
130.702,0,0,0.0,0.0,1
130.702,0,0,0.0,0.0,1
130.802,0,0,0.0,0.0,1
130.802,0,0,0.0,0.0,1
130.802,0,0,0.0,0.0,1
130.802,0,0,0.0,0.0,1
130.802,0,0,0.0,0.0,1
130.802,0,0,0.0,0.0,1
130.902,0,0,0.0,0.0,1
130.902,0,0,0.0,0.0,1
130.902,0,0,0.0,0.0,1
130.902,0,0,0.0,0.0,1
130.902,0,0,0.0,0.0,1
131.002,0,0,0.0,0.0,1
131.002,0,0,0.0,0.0,1
131.002,0,0,0.0,0.0,1
131.002,0,0,0.0,0.0,1
131.002,0,0,0.0,0.0,1
131.102,0,0,0.0,0.0,1
131.102,0,0,0.0,0.0,1
131.102,0,0,0.0,0.0,1
131.102,0,0,0.0,0.0,1
131.102,0,0,0.0,0.0,1
131.202,0,0,0.0,0.0,1
131.202,0,0,0.0,0.0,1
131.202,0,0,0.0,0.0,1
131.202,0,0,0.0,0.0,1
131.202,0,0,0.0,0.0,1
131.302,0,0,0.0,0.0,1
131.302,0,0,0.0,0.0,1
131.302,0,0,0.0,0.0,1
131.302,0,0,0.0,0.0,1
131.302,0,0,0.0,0.0,1
131.302,0,0,0.0,0.0,1
131.402,0,0,0.0,0.0,1
131.402,0,0,0.0,0.0,1
131.402,0,0,0.0,0.0,1
131.402,0,0,0.0,0.0,1
131.402,0,0,0.0,0.0,1
131.502,0,0,0.0,0.0,1
131.502,0,0,0.0,0.0,1
131.502,0,0,0.0,0.0,1
131.502,0,0,0.0,0.0,1
131.502,0,0,0.0,0.0,1
131.602,0,0,0.0,0.0,1
131.602,0,0,0.0,0.0,1
131.602,0,0,0.0,0.0,1
131.602,0,0,0.0,0.0,1
131.602,0,0,0.0,0.0,1
131.702,0,0,0.0,0.0,1
131.702,0,0,0.0,0.0,1
131.702,0,0,0.0,0.0,1
131.702,0,0,0.0,0.0,1
131.702,0,0,0.0,0.0,1
131.702,0,0,0.0,0.0,1
131.802,0,0,0.0,0.0,1
131.802,0,0,0.0,0.0,1
131.802,0,0,0.0,0.0,1
131.802,0,0,0.0,0.0,1
131.802,0,0,0.0,0.0,1
131.902,0,0,0.0,0.0,1
131.902,0,0,0.0,0.0,1
131.902,0,0,0.0,0.0,1
131.902,0,0,0.0,0.0,1
131.902,0,0,0.0,0.0,1
132.002,0,0,0.0,0.0,1
132.002,0,0,0.0,0.0,1
132.002,0,0,0.0,0.0,1
132.002,0,0,0.0,0.0,1
132.002,0,0,0.0,0.0,1
132.102,0,0,0.0,0.0,1
132.102,0,0,0.0,0.0,1
132.102,0,0,0.0,0.0,1
132.102,0,0,0.0,0.0,1
132.102,0,0,0.0,0.0,1
132.202,0,0,0.0,0.0,1
132.202,0,0,0.0,0.0,1
132.202,0,0,0.0,0.0,1
132.202,0,0,0.0,0.0,1
132.202,0,0,0.0,0.0,1
132.202,0,0,0.0,0.0,1
132.302,0,0,0.0,0.0,1
132.302,0,0,0.0,0.0,1
132.302,0,0,0.0,0.0,1
132.302,0,0,0.0,0.0,1
132.302,0,0,0.0,0.0,1
132.402,0,0,0.0,0.0,1
132.402,0,0,0.0,0.0,1
132.402,0,0,0.0,0.0,1
132.402,0,0,0.0,0.0,1
132.402,0,0,0.0,0.0,1
132.502,0,0,0.0,0.0,1
132.502,0,0,0.0,0.0,1
132.502,0,0,0.0,0.0,1
132.502,0,0,0.0,0.0,1
132.502,0,0,0.0,0.0,1
132.602,0,0,0.0,0.0,1
132.602,0,0,0.0,0.0,1
132.602,0,0,0.0,0.0,1
132.602,0,0,0.0,0.0,1
132.602,0,0,0.0,0.0,1
132.602,0,0,0.0,0.0,1
132.702,0,0,0.0,0.0,1
132.702,0,0,0.0,0.0,1
132.702,0,0,0.0,0.0,1
132.702,0,0,0.0,0.0,1
132.702,0,0,0.0,0.0,1
132.802,0,0,0.0,0.0,1
132.802,0,0,0.0,0.0,1
132.802,0,0,0.0,0.0,1
132.802,0,0,0.0,0.0,1
132.802,0,0,0.0,0.0,1
132.902,0,0,0.0,0.0,1
132.902,0,0,0.0,0.0,1
132.902,0,0,0.0,0.0,1
132.902,0,0,0.0,0.0,1
132.902,0,0,0.0,0.0,1
133.002,0,0,0.0,0.0,1
133.002,0,0,0.0,0.0,1
133.002,0,0,0.0,0.0,1
133.002,0,0,0.0,0.0,1
133.002,0,0,0.0,0.0,1
133.102,0,0,0.0,0.0,1
133.102,0,0,0.0,0.0,1
133.102,0,0,0.0,0.0,1
133.102,0,0,0.0,0.0,1
133.102,0,0,0.0,0.0,1
133.102,0,0,0.0,0.0,1
133.202,0,0,0.0,0.0,1
133.202,0,0,0.0,0.0,1
133.202,0,0,0.0,0.0,1
133.202,0,0,0.0,0.0,1
133.202,0,0,0.0,0.0,1
133.302,0,0,0.0,0.0,1
133.302,0,0,0.0,0.0,1
133.302,0,0,0.0,0.0,1
133.302,0,0,0.0,0.0,1
133.302,0,0,0.0,0.0,1
133.402,0,0,0.0,0.0,1
133.402,0,0,0.0,0.0,1
133.402,0,0,0.0,0.0,1
133.402,0,0,0.0,0.0,1
133.402,0,0,0.0,0.0,1
133.502,0,0,0.0,0.0,1
133.502,0,0,0.0,0.0,1
133.502,0,0,0.0,0.0,1
133.502,0,0,0.0,0.0,1
133.502,0,0,0.0,0.0,1
133.602,0,0,0.0,0.0,1
133.602,0,0,0.0,0.0,1
133.602,0,0,0.0,0.0,1
133.602,0,0,0.0,0.0,1
133.602,0,0,0.0,0.0,1
133.602,0,0,0.0,0.0,1
133.702,0,0,0.0,0.0,1
133.702,0,0,0.0,0.0,1
133.702,0,0,0.0,0.0,1
133.702,0,0,0.0,0.0,1
133.702,0,0,0.0,0.0,1
133.802,0,0,0.0,0.0,1
133.802,0,0,0.0,0.0,1
133.802,0,0,0.0,0.0,1
133.802,0,0,0.0,0.0,1
133.802,0,0,0.0,0.0,1
133.902,0,0,0.0,0.0,1
133.902,0,0,0.0,0.0,1
133.902,0,0,0.0,0.0,1
133.902,0,0,0.0,0.0,1
133.902,0,0,0.0,0.0,1
134.002,0,0,0.0,0.0,1
134.002,0,0,0.0,0.0,1
134.002,0,0,0.0,0.0,1
134.002,0,0,0.0,0.0,1
134.002,0,0,0.0,0.0,1
134.002,0,0,0.0,0.0,1
134.102,0,0,0.0,0.0,1
134.102,0,0,0.0,0.0,1
134.102,0,0,0.0,0.0,1
134.102,0,0,0.0,0.0,1
134.102,0,0,0.0,0.0,1
134.202,0,0,0.0,0.0,1
134.202,0,0,0.0,0.0,1
134.202,0,0,0.0,0.0,1
134.202,0,0,0.0,0.0,1
134.202,0,0,0.0,0.0,1
134.302,0,0,0.0,0.0,1
134.302,0,0,0.0,0.0,1
134.302,0,0,0.0,0.0,1
134.302,0,0,0.0,0.0,1
134.302,0,0,0.0,0.0,1
134.402,0,0,0.0,0.0,1
134.402,0,0,0.0,0.0,1
134.402,0,0,0.0,0.0,1
134.402,0,0,0.0,0.0,1
134.402,0,0,0.0,0.0,1
134.502,0,0,0.0,0.0,1
134.502,0,0,0.0,0.0,1
134.502,0,0,0.0,0.0,1
134.502,0,0,0.0,0.0,1
134.502,0,0,0.0,0.0,1
134.502,0,0,0.0,0.0,1
134.602,0,0,0.0,0.0,1
134.602,0,0,0.0,0.0,1
134.602,0,0,0.0,0.0,1
134.602,0,0,0.0,0.0,1
134.602,0,0,0.0,0.0,1
134.702,0,0,0.0,0.0,1
134.702,0,0,0.0,0.0,1
134.702,0,0,0.0,0.0,1
134.702,0,0,0.0,0.0,1
134.702,0,0,0.0,0.0,1
134.802,0,0,0.0,0.0,1
134.802,0,0,0.0,0.0,1
134.802,0,0,0.0,0.0,1
134.802,0,0,0.0,0.0,1
134.802,0,0,0.0,0.0,1
134.902,0,0,0.0,0.0,1
134.902,0,0,0.0,0.0,1
134.902,0,0,0.0,0.0,1
134.902,0,0,0.0,0.0,1
134.902,0,0,0.0,0.0,1
134.902,0,0,0.0,0.0,1
135.002,0,0,0.0,0.0,1
135.002,0,0,0.0,0.0,1
135.002,0,0,0.0,0.0,1
135.002,0,0,0.0,0.0,1
135.002,0,0,0.0,0.0,1
135.102,0,0,0.0,0.0,1
135.102,0,0,0.0,0.0,1
135.102,0,0,0.0,0.0,1
135.102,0,0,0.0,0.0,1
135.102,0,0,0.0,0.0,1
135.202,0,0,0.0,0.0,1
135.202,0,0,0.0,0.0,1
135.202,0,0,0.0,0.0,1
135.202,0,0,0.0,0.0,1
135.202,0,0,0.0,0.0,1
135.302,0,0,0.0,0.0,1
135.302,0,0,0.0,0.0,1
135.302,0,0,0.0,0.0,1
135.302,0,0,0.0,0.0,1
135.302,0,0,0.0,0.0,1
135.402,0,0,0.0,0.0,1
135.402,0,0,0.0,0.0,1
135.402,0,0,0.0,0.0,1
135.402,0,0,0.0,0.0,1
135.402,0,0,0.0,0.0,1
135.402,0,0,0.0,0.0,1
135.502,0,0,0.0,0.0,1
135.502,0,0,0.0,0.0,1
135.502,0,0,0.0,0.0,1
135.502,0,0,0.0,0.0,1
135.502,0,0,0.0,0.0,1
135.602,0,0,0.0,0.0,1
135.602,0,0,0.0,0.0,1
135.602,0,0,0.0,0.0,1
135.602,0,0,0.0,0.0,1
135.602,0,0,0.0,0.0,1
135.702,0,0,0.0,0.0,1
135.702,0,0,0.0,0.0,1
135.702,0,0,0.0,0.0,1
135.702,0,0,0.0,0.0,1
135.702,0,0,0.0,0.0,1
135.802,0,0,0.0,0.0,1
135.802,0,0,0.0,0.0,1
135.802,0,0,0.0,0.0,1
135.802,0,0,0.0,0.0,1
135.802,0,0,0.0,0.0,1
135.902,0,0,0.0,0.0,1
135.902,0,0,0.0,0.0,1
135.902,0,0,0.0,0.0,1
135.902,0,0,0.0,0.0,1
135.902,0,0,0.0,0.0,1
136.002,0,0,0.0,0.0,1
136.002,0,0,0.0,0.0,1
136.002,0,0,0.0,0.0,1
136.002,0,0,0.0,0.0,1
136.002,0,0,0.0,0.0,1
136.102,0,0,0.0,0.0,1
136.102,0,0,0.0,0.0,1
136.102,0,0,0.0,0.0,1
136.102,0,0,0.0,0.0,1
136.102,0,0,0.0,0.0,1
136.102,0,0,0.0,0.0,1
136.202,0,0,0.0,0.0,1
136.202,0,0,0.0,0.0,1
136.202,0,0,0.0,0.0,1
136.202,0,0,0.0,0.0,1
136.202,0,0,0.0,0.0,1
136.302,0,0,0.0,0.0,1
136.302,0,0,0.0,0.0,1
136.302,0,0,0.0,0.0,1
136.302,0,0,0.0,0.0,1
136.302,0,0,0.0,0.0,1
136.402,0,0,0.0,0.0,1
136.402,0,0,0.0,0.0,1
136.402,0,0,0.0,0.0,1
136.402,0,0,0.0,0.0,1
136.402,0,0,0.0,0.0,1
136.502,0,0,0.0,0.0,1
136.502,0,0,0.0,0.0,1
136.502,0,0,0.0,0.0,1
136.502,0,0,0.0,0.0,1
136.502,0,0,0.0,0.0,1
136.502,0,0,0.0,0.0,1
136.602,0,0,0.0,0.0,1
136.602,0,0,0.0,0.0,1
136.602,0,0,0.0,0.0,1
136.602,0,0,0.0,0.0,1
136.602,0,0,0.0,0.0,1
136.702,0,0,0.0,0.0,1
136.702,0,0,0.0,0.0,1
136.702,0,0,0.0,0.0,1
136.702,0,0,0.0,0.0,1
136.702,0,0,0.0,0.0,1
136.802,0,0,0.0,0.0,1
136.802,0,0,0.0,0.0,1
136.802,0,0,0.0,0.0,1
136.802,0,0,0.0,0.0,1
136.802,0,0,0.0,0.0,1
136.902,0,0,0.0,0.0,1
136.902,0,0,0.0,0.0,1
136.902,0,0,0.0,0.0,1
136.902,0,0,0.0,0.0,1
136.902,0,0,0.0,0.0,1
137.002,0,0,0.0,0.0,1
137.002,0,0,0.0,0.0,1
137.002,0,0,0.0,0.0,1
137.002,0,0,0.0,0.0,1
137.002,0,0,0.0,0.0,1
137.002,0,0,0.0,0.0,1
137.102,0,0,0.0,0.0,1
137.102,0,0,0.0,0.0,1
137.102,0,0,0.0,0.0,1
137.102,0,0,0.0,0.0,1
137.102,0,0,0.0,0.0,1
137.202,0,0,0.0,0.0,1
137.202,0,0,0.0,0.0,1
137.202,0,0,0.0,0.0,1
137.202,0,0,0.0,0.0,1
137.202,0,0,0.0,0.0,1
137.302,0,0,0.0,0.0,1
137.302,0,0,0.0,0.0,1
137.302,0,0,0.0,0.0,1
137.302,0,0,0.0,0.0,1
137.302,0,0,0.0,0.0,1
137.402,0,0,0.0,0.0,1
137.402,0,0,0.0,0.0,1
137.402,0,0,0.0,0.0,1
137.402,0,0,0.0,0.0,1
137.402,0,0,0.0,0.0,1
137.502,0,0,0.0,0.0,1
137.502,0,0,0.0,0.0,1
137.502,0,0,0.0,0.0,1
137.502,0,0,0.0,0.0,1
137.502,0,0,0.0,0.0,1
137.502,0,0,0.0,0.0,1
137.602,0,0,0.0,0.0,1
137.602,0,0,0.0,0.0,1
137.602,0,0,0.0,0.0,1
137.602,0,0,0.0,0.0,1
137.602,0,0,0.0,0.0,1
137.702,0,0,0.0,0.0,1
137.702,0,0,0.0,0.0,1
137.702,0,0,0.0,0.0,1
137.702,0,0,0.0,0.0,1
137.702,0,0,0.0,0.0,1
137.802,0,0,0.0,0.0,1
137.802,0,0,0.0,0.0,1
137.802,0,0,0.0,0.0,1
137.802,0,0,0.0,0.0,1
137.802,0,0,0.0,0.0,1
137.902,0,0,0.0,0.0,1
137.902,0,0,0.0,0.0,1
137.902,0,0,0.0,0.0,1
137.902,0,0,0.0,0.0,1
137.902,0,0,0.0,0.0,1
137.902,0,0,0.0,0.0,1
138.002,0,0,0.0,0.0,1
138.002,0,0,0.0,0.0,1
138.002,0,0,0.0,0.0,1
138.002,0,0,0.0,0.0,1
138.002,0,0,0.0,0.0,1
138.102,0,0,0.0,0.0,1
138.102,0,0,0.0,0.0,1
138.102,0,0,0.0,0.0,1
138.102,0,0,0.0,0.0,1
138.102,0,0,0.0,0.0,1
138.202,0,0,0.0,0.0,1
138.202,0,0,0.0,0.0,1
138.202,0,0,0.0,0.0,1
138.202,0,0,0.0,0.0,1
138.202,0,0,0.0,0.0,1
138.302,0,0,0.0,0.0,1
138.302,0,0,0.0,0.0,1
138.302,0,0,0.0,0.0,1
138.302,0,0,0.0,0.0,1
138.302,0,0,0.0,0.0,1
138.402,0,0,0.0,0.0,1
138.402,0,0,0.0,0.0,1
138.402,0,0,0.0,0.0,1
138.402,0,0,0.0,0.0,1
138.402,0,0,0.0,0.0,1
138.402,0,0,0.0,0.0,1
138.502,0,0,0.0,0.0,1
138.502,0,0,0.0,0.0,1
138.502,0,0,0.0,0.0,1
138.502,0,0,0.0,0.0,1
138.502,0,0,0.0,0.0,1
138.602,0,0,0.0,0.0,1
138.602,0,0,0.0,0.0,1
138.602,0,0,0.0,0.0,1
138.602,0,0,0.0,0.0,1
138.602,0,0,0.0,0.0,1
138.702,0,0,0.0,0.0,1
138.702,0,0,0.0,0.0,1
138.702,0,0,0.0,0.0,1
138.702,0,0,0.0,0.0,1
138.702,0,0,0.0,0.0,1
138.802,0,0,0.0,0.0,1
138.802,0,0,0.0,0.0,1
138.802,0,0,0.0,0.0,1
138.802,0,0,0.0,0.0,1
138.802,0,0,0.0,0.0,1
138.802,0,0,0.0,0.0,1
138.902,0,0,0.0,0.0,1
138.902,0,0,0.0,0.0,1
138.902,0,0,0.0,0.0,1
138.902,0,0,0.0,0.0,1
138.902,0,0,0.0,0.0,1
139.002,0,0,0.0,0.0,1
139.002,0,0,0.0,0.0,1
139.002,0,0,0.0,0.0,1
139.002,0,0,0.0,0.0,1
139.002,0,0,0.0,0.0,1
139.102,0,0,0.0,0.0,1
139.102,0,0,0.0,0.0,1
139.102,0,0,0.0,0.0,1
139.102,0,0,0.0,0.0,1
139.102,0,0,0.0,0.0,1
139.202,0,0,0.0,0.0,1
139.202,0,0,0.0,0.0,1
139.202,0,0,0.0,0.0,1
139.202,0,0,0.0,0.0,1
139.202,0,0,0.0,0.0,1
139.302,0,0,0.0,0.0,1
139.302,0,0,0.0,0.0,1
139.302,0,0,0.0,0.0,1
139.302,0,0,0.0,0.0,1
139.302,0,0,0.0,0.0,1
139.302,0,0,0.0,0.0,1
139.402,0,0,0.0,0.0,1
139.402,0,0,0.0,0.0,1
139.402,0,0,0.0,0.0,1
139.402,0,0,0.0,0.0,1
139.402,0,0,0.0,0.0,1
139.502,0,0,0.0,0.0,1
139.502,0,0,0.0,0.0,1
139.502,0,0,0.0,0.0,1
139.502,0,0,0.0,0.0,1
139.502,0,0,0.0,0.0,1
139.602,0,0,0.0,0.0,1
139.602,0,0,0.0,0.0,1
139.602,0,0,0.0,0.0,1
139.602,0,0,0.0,0.0,1
139.602,0,0,0.0,0.0,1
139.702,0,0,0.0,0.0,1
139.702,0,0,0.0,0.0,1
139.702,0,0,0.0,0.0,1
139.702,0,0,0.0,0.0,1
139.702,0,0,0.0,0.0,1
139.802,0,0,0.0,0.0,1
139.802,0,0,0.0,0.0,1
139.802,0,0,0.0,0.0,1
139.802,0,0,0.0,0.0,1
139.802,0,0,0.0,0.0,1
139.802,0,0,0.0,0.0,1
139.902,0,0,0.0,0.0,1
139.902,0,0,0.0,0.0,1
139.902,0,0,0.0,0.0,1
139.902,0,0,0.0,0.0,1
139.902,0,0,0.0,0.0,1
140.002,0,0,0.0,0.0,1
140.002,0,0,0.0,0.0,1
140.002,0,0,0.0,0.0,1
140.002,0,0,0.0,0.0,1
140.002,0,0,0.0,0.0,1
140.102,0,0,0.0,0.0,1
140.102,0,0,0.0,0.0,1
140.102,0,0,0.0,0.0,1
140.102,0,0,0.0,0.0,1
140.102,0,0,0.0,0.0,1
140.202,0,0,0.0,0.0,1
140.202,0,0,0.0,0.0,1
140.202,0,0,0.0,0.0,1
140.202,0,0,0.0,0.0,1
140.202,0,0,0.0,0.0,1
140.202,0,0,0.0,0.0,1
140.302,0,0,0.0,0.0,1
140.302,0,0,0.0,0.0,1
140.302,0,0,0.0,0.0,1
140.302,0,0,0.0,0.0,1
140.302,0,0,0.0,0.0,1
140.402,0,0,0.0,0.0,1
140.402,0,0,0.0,0.0,1
140.402,0,0,0.0,0.0,1
140.402,0,0,0.0,0.0,1
140.402,0,0,0.0,0.0,1
140.502,0,0,0.0,0.0,1
140.502,0,0,0.0,0.0,1
140.502,0,0,0.0,0.0,1
140.502,0,0,0.0,0.0,1
140.502,0,0,0.0,0.0,1
140.602,0,0,0.0,0.0,1
140.602,0,0,0.0,0.0,1
140.602,0,0,0.0,0.0,1
140.602,0,0,0.0,0.0,1
140.602,0,0,0.0,0.0,1
140.702,0,0,0.0,0.0,1
140.702,0,0,0.0,0.0,1
140.702,0,0,0.0,0.0,1
140.702,0,0,0.0,0.0,1
140.702,0,0,0.0,0.0,1
140.702,0,0,0.0,0.0,1
140.802,0,0,0.0,0.0,1
140.802,0,0,0.0,0.0,1
140.802,0,0,0.0,0.0,1
140.802,0,0,0.0,0.0,1
140.802,0,0,0.0,0.0,1
140.902,0,0,0.0,0.0,1
140.902,0,0,0.0,0.0,1
140.902,0,0,0.0,0.0,1
140.902,0,0,0.0,0.0,1
140.902,0,0,0.0,0.0,1
141.002,0,0,0.0,0.0,1
141.002,0,0,0.0,0.0,1
141.002,0,0,0.0,0.0,1
141.002,0,0,0.0,0.0,1
141.002,0,0,0.0,0.0,1
141.102,0,0,0.0,0.0,1
141.102,0,0,0.0,0.0,1
141.102,0,0,0.0,0.0,1
141.102,0,0,0.0,0.0,1
141.102,0,0,0.0,0.0,1
141.102,0,0,0.0,0.0,1
141.202,0,0,0.0,0.0,1
141.202,0,0,0.0,0.0,1
141.202,0,0,0.0,0.0,1
141.202,0,0,0.0,0.0,1
141.202,0,0,0.0,0.0,1
141.302,0,0,0.0,0.0,1
141.302,0,0,0.0,0.0,1
141.302,0,0,0.0,0.0,1
141.302,0,0,0.0,0.0,1
141.302,0,0,0.0,0.0,1
141.402,0,0,0.0,0.0,1
141.402,0,0,0.0,0.0,1
141.402,0,0,0.0,0.0,1
141.402,0,0,0.0,0.0,1
141.402,0,0,0.0,0.0,1
141.502,0,0,0.0,0.0,1
141.502,0,0,0.0,0.0,1
141.502,0,0,0.0,0.0,1
141.502,0,0,0.0,0.0,1
141.502,0,0,0.0,0.0,1
141.602,0,0,0.0,0.0,1
141.602,0,0,0.0,0.0,1
141.602,0,0,0.0,0.0,1
141.602,0,0,0.0,0.0,1
141.602,0,0,0.0,0.0,1
141.602,0,0,0.0,0.0,1
141.702,0,0,0.0,0.0,1
141.702,0,0,0.0,0.0,1
141.702,0,0,0.0,0.0,1
141.702,0,0,0.0,0.0,1
141.702,0,0,0.0,0.0,1
141.802,0,0,0.0,0.0,1
141.802,0,0,0.0,0.0,1
141.802,0,0,0.0,0.0,1
141.802,0,0,0.0,0.0,1
141.802,0,0,0.0,0.0,1
141.902,0,0,0.0,0.0,1
141.902,0,0,0.0,0.0,1
141.902,0,0,0.0,0.0,1
141.902,0,0,0.0,0.0,1
141.902,0,0,0.0,0.0,1
142.002,0,0,0.0,0.0,1
142.002,0,0,0.0,0.0,1
142.002,0,0,0.0,0.0,1
142.002,0,0,0.0,0.0,1
142.002,0,0,0.0,0.0,1
142.102,0,0,0.0,0.0,1
142.102,0,0,0.0,0.0,1
142.102,0,0,0.0,0.0,1
142.102,0,0,0.0,0.0,1
142.102,0,0,0.0,0.0,1
142.102,0,0,0.0,0.0,1
142.202,0,0,0.0,0.0,1
142.202,0,0,0.0,0.0,1
142.202,0,0,0.0,0.0,1
142.202,0,0,0.0,0.0,1
142.202,0,0,0.0,0.0,1
142.302,0,0,0.0,0.0,1
142.302,0,0,0.0,0.0,1
142.302,0,0,0.0,0.0,1
142.302,0,0,0.0,0.0,1
142.302,0,0,0.0,0.0,1
142.402,0,0,0.0,0.0,1
142.402,0,0,0.0,0.0,1
142.402,0,0,0.0,0.0,1
142.402,0,0,0.0,0.0,1
142.402,0,0,0.0,0.0,1
142.502,0,0,0.0,0.0,1
142.502,0,0,0.0,0.0,1
142.502,0,0,0.0,0.0,1
142.502,0,0,0.0,0.0,1
142.502,0,0,0.0,0.0,1
142.502,0,0,0.0,0.0,1
142.602,0,0,0.0,0.0,1
142.602,0,0,0.0,0.0,1
142.602,0,0,0.0,0.0,1
142.602,0,0,0.0,0.0,1
142.602,0,0,0.0,0.0,1
142.702,0,0,0.0,0.0,1
142.702,0,0,0.0,0.0,1
142.702,0,0,0.0,0.0,1
142.702,0,0,0.0,0.0,1
142.702,0,0,0.0,0.0,1
142.802,0,0,0.0,0.0,1
142.802,0,0,0.0,0.0,1
142.802,0,0,0.0,0.0,1
142.802,0,0,0.0,0.0,1
142.802,0,0,0.0,0.0,1
142.902,0,0,0.0,0.0,1
142.902,0,0,0.0,0.0,1
142.902,0,0,0.0,0.0,1
142.902,0,0,0.0,0.0,1
142.902,0,0,0.0,0.0,1
143.002,0,0,0.0,0.0,1
143.002,0,0,0.0,0.0,1
143.002,0,0,0.0,0.0,1
143.002,0,0,0.0,0.0,1
143.002,0,0,0.0,0.0,1
143.002,0,0,0.0,0.0,1
143.102,0,0,0.0,0.0,1
143.102,0,0,0.0,0.0,1
143.102,0,0,0.0,0.0,1
143.102,0,0,0.0,0.0,1
143.102,0,0,0.0,0.0,1
143.202,0,0,0.0,0.0,1
143.202,0,0,0.0,0.0,1
143.202,0,0,0.0,0.0,1
143.202,0,0,0.0,0.0,1
143.202,0,0,0.0,0.0,1
143.302,0,0,0.0,0.0,1
143.302,0,0,0.0,0.0,1
143.302,0,0,0.0,0.0,1
143.302,0,0,0.0,0.0,1
143.302,0,0,0.0,0.0,1
143.402,0,0,0.0,0.0,1
143.402,0,0,0.0,0.0,1
143.402,0,0,0.0,0.0,1
143.402,0,0,0.0,0.0,1
143.402,0,0,0.0,0.0,1
143.402,0,0,0.0,0.0,1
143.502,0,0,0.0,0.0,1
143.502,0,0,0.0,0.0,1
143.502,0,0,0.0,0.0,1
143.502,0,0,0.0,0.0,1
143.502,0,0,0.0,0.0,1
143.602,0,0,0.0,0.0,1
143.602,0,0,0.0,0.0,1
143.602,0,0,0.0,0.0,1
143.602,0,0,0.0,0.0,1
143.602,0,0,0.0,0.0,1
143.702,0,0,0.0,0.0,1
143.702,0,0,0.0,0.0,1
143.702,0,0,0.0,0.0,1
143.702,0,0,0.0,0.0,1
143.702,0,0,0.0,0.0,1
143.802,0,0,0.0,0.0,1
143.802,0,0,0.0,0.0,1
143.802,0,0,0.0,0.0,1
143.802,0,0,0.0,0.0,1
143.802,0,0,0.0,0.0,1
143.902,0,0,0.0,0.0,1
143.902,0,0,0.0,0.0,1
143.902,0,0,0.0,0.0,1
143.902,0,0,0.0,0.0,1
143.902,0,0,0.0,0.0,1
143.902,0,0,0.0,0.0,1
144.002,0,0,0.0,0.0,1
144.002,0,0,0.0,0.0,1
144.002,0,0,0.0,0.0,1
144.002,0,0,0.0,0.0,1
144.002,0,0,0.0,0.0,1
144.102,0,0,0.0,0.0,1
144.102,0,0,0.0,0.0,1
144.102,0,0,0.0,0.0,1
144.102,0,0,0.0,0.0,1
144.102,0,0,0.0,0.0,1
144.202,0,0,0.0,0.0,1
144.202,0,0,0.0,0.0,1
144.202,0,0,0.0,0.0,1
144.202,0,0,0.0,0.0,1
144.202,0,0,0.0,0.0,1
144.302,0,0,0.0,0.0,1
144.302,0,0,0.0,0.0,1
144.302,0,0,0.0,0.0,1
144.302,0,0,0.0,0.0,1
144.302,0,0,0.0,0.0,1
144.402,0,0,0.0,0.0,1
144.402,0,0,0.0,0.0,1
144.402,0,0,0.0,0.0,1
144.402,0,0,0.0,0.0,1
144.402,0,0,0.0,0.0,1
144.402,0,0,0.0,0.0,1
144.502,0,0,0.0,0.0,1
144.502,0,0,0.0,0.0,1
144.502,0,0,0.0,0.0,1
144.502,0,0,0.0,0.0,1
144.502,0,0,0.0,0.0,1
144.602,0,0,0.0,0.0,1
144.602,0,0,0.0,0.0,1
144.602,0,0,0.0,0.0,1
144.602,0,0,0.0,0.0,1
144.602,0,0,0.0,0.0,1
144.702,0,0,0.0,0.0,1
144.702,0,0,0.0,0.0,1
144.702,0,0,0.0,0.0,1
144.702,0,0,0.0,0.0,1
144.702,0,0,0.0,0.0,1
144.802,0,0,0.0,0.0,1
144.802,0,0,0.0,0.0,1
144.802,0,0,0.0,0.0,1
144.802,0,0,0.0,0.0,1
144.802,0,0,0.0,0.0,1
144.802,0,0,0.0,0.0,1
144.902,0,0,0.0,0.0,1
144.902,0,0,0.0,0.0,1
144.902,0,0,0.0,0.0,1
144.902,0,0,0.0,0.0,1
144.902,0,0,0.0,0.0,1
145.002,0,0,0.0,0.0,1
145.002,0,0,0.0,0.0,1
145.002,0,0,0.0,0.0,1
145.002,0,0,0.0,0.0,1
145.002,0,0,0.0,0.0,1
145.102,0,0,0.0,0.0,1
145.102,0,0,0.0,0.0,1
145.102,0,0,0.0,0.0,1
145.102,0,0,0.0,0.0,1
145.102,0,0,0.0,0.0,1
145.202,0,0,0.0,0.0,1
145.202,0,0,0.0,0.0,1
145.202,0,0,0.0,0.0,1
145.202,0,0,0.0,0.0,1
145.202,0,0,0.0,0.0,1
145.302,0,0,0.0,0.0,1
145.302,0,0,0.0,0.0,1
145.302,0,0,0.0,0.0,1
145.302,0,0,0.0,0.0,1
145.302,0,0,0.0,0.0,1
145.302,0,0,0.0,0.0,1
145.402,0,0,0.0,0.0,1
145.402,0,0,0.0,0.0,1
145.402,0,0,0.0,0.0,1
145.402,0,0,0.0,0.0,1
145.402,0,0,0.0,0.0,1
145.502,0,0,0.0,0.0,1
145.502,0,0,0.0,0.0,1
145.502,0,0,0.0,0.0,1
145.502,0,0,0.0,0.0,1
145.502,0,0,0.0,0.0,1
145.602,0,0,0.0,0.0,1
145.602,0,0,0.0,0.0,1
145.602,0,0,0.0,0.0,1
145.602,0,0,0.0,0.0,1
145.602,0,0,0.0,0.0,1
145.702,0,0,0.0,0.0,1
145.702,0,0,0.0,0.0,1
145.702,0,0,0.0,0.0,1
145.702,0,0,0.0,0.0,1
145.702,0,0,0.0,0.0,1
145.702,0,0,0.0,0.0,1
145.802,0,0,0.0,0.0,1
145.802,0,0,0.0,0.0,1
145.802,0,0,0.0,0.0,1
145.802,0,0,0.0,0.0,1
145.802,0,0,0.0,0.0,1
145.902,0,0,0.0,0.0,1
145.902,0,0,0.0,0.0,1
145.902,0,0,0.0,0.0,1
145.902,0,0,0.0,0.0,1
145.902,0,0,0.0,0.0,1
146.002,0,0,0.0,0.0,1
146.002,0,0,0.0,0.0,1
146.002,0,0,0.0,0.0,1
146.002,0,0,0.0,0.0,1
146.002,0,0,0.0,0.0,1
146.102,0,0,0.0,0.0,1
146.102,0,0,0.0,0.0,1
146.102,0,0,0.0,0.0,1
146.102,0,0,0.0,0.0,1
146.102,0,0,0.0,0.0,1
146.202,0,0,0.0,0.0,1
146.202,0,0,0.0,0.0,1
146.202,0,0,0.0,0.0,1
146.202,0,0,0.0,0.0,1
146.202,0,0,0.0,0.0,1
146.202,0,0,0.0,0.0,1
146.302,0,0,0.0,0.0,1
146.302,0,0,0.0,0.0,1
146.302,0,0,0.0,0.0,1
146.302,0,0,0.0,0.0,1
146.302,0,0,0.0,0.0,1
146.402,0,0,0.0,0.0,1
146.402,0,0,0.0,0.0,1
146.402,0,0,0.0,0.0,1
146.402,0,0,0.0,0.0,1
146.402,0,0,0.0,0.0,1
146.502,0,0,0.0,0.0,1
146.502,0,0,0.0,0.0,1
146.502,0,0,0.0,0.0,1
146.502,0,0,0.0,0.0,1
146.502,0,0,0.0,0.0,1
146.602,0,0,0.0,0.0,1
146.602,0,0,0.0,0.0,1
146.602,0,0,0.0,0.0,1
146.602,0,0,0.0,0.0,1
146.602,0,0,0.0,0.0,1
146.702,0,0,0.0,0.0,1
146.702,0,0,0.0,0.0,1
146.702,0,0,0.0,0.0,1
146.702,0,0,0.0,0.0,1
146.702,0,0,0.0,0.0,1
146.702,0,0,0.0,0.0,1
146.802,0,0,0.0,0.0,1
146.802,0,0,0.0,0.0,1
146.802,0,0,0.0,0.0,1
146.802,0,0,0.0,0.0,1
146.802,0,0,0.0,0.0,1
146.902,0,0,0.0,0.0,1
146.902,0,0,0.0,0.0,1
146.902,0,0,0.0,0.0,1
146.902,0,0,0.0,0.0,1
146.902,0,0,0.0,0.0,1
147.002,0,0,0.0,0.0,1
147.002,0,0,0.0,0.0,1
147.002,0,0,0.0,0.0,1
147.002,0,0,0.0,0.0,1
147.002,0,0,0.0,0.0,1
147.102,0,0,0.0,0.0,1
147.102,0,0,0.0,0.0,1
147.102,0,0,0.0,0.0,1
147.102,0,0,0.0,0.0,1
147.102,0,0,0.0,0.0,1
147.102,0,0,0.0,0.0,1
147.202,0,0,0.0,0.0,1
147.202,0,0,0.0,0.0,1
147.202,0,0,0.0,0.0,1
147.202,0,0,0.0,0.0,1
147.202,0,0,0.0,0.0,1
147.302,0,0,0.0,0.0,1
147.302,0,0,0.0,0.0,1
147.302,0,0,0.0,0.0,1
147.302,0,0,0.0,0.0,1
147.302,0,0,0.0,0.0,1
147.402,0,0,0.0,0.0,1
147.402,0,0,0.0,0.0,1
147.402,0,0,0.0,0.0,1
147.402,0,0,0.0,0.0,1
147.402,0,0,0.0,0.0,1
147.502,0,0,0.0,0.0,1
147.502,0,0,0.0,0.0,1
147.502,0,0,0.0,0.0,1
147.502,0,0,0.0,0.0,1
147.502,0,0,0.0,0.0,1
147.602,0,0,0.0,0.0,1
147.602,0,0,0.0,0.0,1
147.602,0,0,0.0,0.0,1
147.602,0,0,0.0,0.0,1
147.602,0,0,0.0,0.0,1
147.602,0,0,0.0,0.0,1
147.702,0,0,0.0,0.0,1
147.702,0,0,0.0,0.0,1
147.702,0,0,0.0,0.0,1
147.702,0,0,0.0,0.0,1
147.702,0,0,0.0,0.0,1
147.802,0,0,0.0,0.0,1
147.802,0,0,0.0,0.0,1
147.802,0,0,0.0,0.0,1
147.802,0,0,0.0,0.0,1
147.802,0,0,0.0,0.0,1
147.902,0,0,0.0,0.0,1
147.902,0,0,0.0,0.0,1
147.902,0,0,0.0,0.0,1
147.902,0,0,0.0,0.0,1
147.902,0,0,0.0,0.0,1
148.002,0,0,0.0,0.0,1
148.002,0,0,0.0,0.0,1
148.002,0,0,0.0,0.0,1
148.002,0,0,0.0,0.0,1
148.002,0,0,0.0,0.0,1
148.002,0,0,0.0,0.0,1
148.102,0,0,0.0,0.0,1
148.102,0,0,0.0,0.0,1
148.102,0,0,0.0,0.0,1
148.102,0,0,0.0,0.0,1
148.102,0,0,0.0,0.0,1
148.202,0,0,0.0,0.0,1
148.202,0,0,0.0,0.0,1
148.202,0,0,0.0,0.0,1
148.202,0,0,0.0,0.0,1
148.202,0,0,0.0,0.0,1
148.302,0,0,0.0,0.0,1
148.302,0,0,0.0,0.0,1
148.302,0,0,0.0,0.0,1
148.302,0,0,0.0,0.0,1
148.302,0,0,0.0,0.0,1
148.402,0,0,0.0,0.0,1
148.402,0,0,0.0,0.0,1
148.402,0,0,0.0,0.0,1
148.402,0,0,0.0,0.0,1
148.402,0,0,0.0,0.0,1
148.502,0,0,0.0,0.0,1
148.502,0,0,0.0,0.0,1
148.502,0,0,0.0,0.0,1
148.502,0,0,0.0,0.0,1
148.502,0,0,0.0,0.0,1
148.502,0,0,0.0,0.0,1
148.602,0,0,0.0,0.0,1
148.602,0,0,0.0,0.0,1
148.602,0,0,0.0,0.0,1
148.602,0,0,0.0,0.0,1
148.602,0,0,0.0,0.0,1
148.702,0,0,0.0,0.0,1
148.702,0,0,0.0,0.0,1
148.702,0,0,0.0,0.0,1
148.702,0,0,0.0,0.0,1
148.702,0,0,0.0,0.0,1
148.802,0,0,0.0,0.0,1
148.802,0,0,0.0,0.0,1
148.802,0,0,0.0,0.0,1
148.802,0,0,0.0,0.0,1
148.802,0,0,0.0,0.0,1
148.902,0,0,0.0,0.0,1
148.902,0,0,0.0,0.0,1
148.902,0,0,0.0,0.0,1
148.902,0,0,0.0,0.0,1
148.902,0,0,0.0,0.0,1
148.902,0,0,0.0,0.0,1
149.002,0,0,0.0,0.0,1
149.002,0,0,0.0,0.0,1
149.002,0,0,0.0,0.0,1
149.002,0,0,0.0,0.0,1
149.002,0,0,0.0,0.0,1
149.102,0,0,0.0,0.0,1
149.102,0,0,0.0,0.0,1
149.102,0,0,0.0,0.0,1
149.102,0,0,0.0,0.0,1
149.102,0,0,0.0,0.0,1
149.202,0,0,0.0,0.0,1
149.202,0,0,0.0,0.0,1
149.202,0,0,0.0,0.0,1
149.202,0,0,0.0,0.0,1
149.202,0,0,0.0,0.0,1
149.302,0,0,0.0,0.0,1
149.302,0,0,0.0,0.0,1
149.302,0,0,0.0,0.0,1
149.302,0,0,0.0,0.0,1
149.302,0,0,0.0,0.0,1
149.402,0,0,0.0,0.0,1
149.402,0,0,0.0,0.0,1
149.402,0,0,0.0,0.0,1
149.402,0,0,0.0,0.0,1
149.402,0,0,0.0,0.0,1
149.402,0,0,0.0,0.0,1
149.502,0,0,0.0,0.0,1
149.502,0,0,0.0,0.0,1
149.502,0,0,0.0,0.0,1
149.502,0,0,0.0,0.0,1
149.502,0,0,0.0,0.0,1
149.602,0,0,0.0,0.0,1
149.602,0,0,0.0,0.0,1
149.602,0,0,0.0,0.0,1
149.602,0,0,0.0,0.0,1
149.602,0,0,0.0,0.0,1
149.702,0,0,0.0,0.0,1
149.702,0,0,0.0,0.0,1
149.702,0,0,0.0,0.0,1
149.702,0,0,0.0,0.0,1
149.702,0,0,0.0,0.0,1
149.802,0,0,0.0,0.0,1
149.802,0,0,0.0,0.0,1
149.802,0,0,0.0,0.0,1
149.802,0,0,0.0,0.0,1
149.802,0,0,0.0,0.0,1
149.902,0,0,0.0,0.0,1
149.902,0,0,0.0,0.0,1
149.902,0,0,0.0,0.0,1
149.902,0,0,0.0,0.0,1
149.902,0,0,0.0,0.0,1
149.902,0,0,0.0,0.0,1
150.002,0,0,0.0,0.0,1
150.002,0,0,0.0,0.0,1
150.002,0,0,0.0,0.0,1
150.002,0,0,0.0,0.0,1
150.002,0,0,0.0,0.0,1
150.102,0,0,0.0,0.0,1
150.102,0,0,0.0,0.0,1
150.102,0,0,0.0,0.0,1
150.102,0,0,0.0,0.0,1
150.102,0,0,0.0,0.0,1
150.202,0,0,0.0,0.0,1
150.202,0,0,0.0,0.0,1
150.202,0,0,0.0,0.0,1
150.202,0,0,0.0,0.0,1
150.202,0,0,0.0,0.0,1
150.302,0,0,0.0,0.0,1
150.302,0,0,0.0,0.0,1
150.302,0,0,0.0,0.0,1
150.302,0,0,0.0,0.0,1
150.302,0,0,0.0,0.0,1
150.302,0,0,0.0,0.0,1
150.402,0,0,0.0,0.0,1
150.402,0,0,0.0,0.0,1
150.402,0,0,0.0,0.0,1
150.402,0,0,0.0,0.0,1
150.402,0,0,0.0,0.0,1
150.502,0,0,0.0,0.0,1
150.502,0,0,0.0,0.0,1
150.502,0,0,0.0,0.0,1
150.502,0,0,0.0,0.0,1
150.502,0,0,0.0,0.0,1
150.602,0,0,0.0,0.0,1
150.602,0,0,0.0,0.0,1
150.602,0,0,0.0,0.0,1
150.602,0,0,0.0,0.0,1
150.602,0,0,0.0,0.0,1
150.702,0,0,0.0,0.0,1
150.702,0,0,0.0,0.0,1
150.702,0,0,0.0,0.0,1
150.702,0,0,0.0,0.0,1
150.702,0,0,0.0,0.0,1
150.802,0,0,0.0,0.0,1
150.802,0,0,0.0,0.0,1
150.802,0,0,0.0,0.0,1
150.802,0,0,0.0,0.0,1
150.802,0,0,0.0,0.0,1
150.802,0,0,0.0,0.0,1
150.902,0,0,0.0,0.0,1
150.902,0,0,0.0,0.0,1
150.902,0,0,0.0,0.0,1
150.902,0,0,0.0,0.0,1
150.902,0,0,0.0,0.0,1
151.002,0,0,0.0,0.0,1
151.002,0,0,0.0,0.0,1
151.002,0,0,0.0,0.0,1
151.002,0,0,0.0,0.0,1
151.002,0,0,0.0,0.0,1
151.102,0,0,0.0,0.0,1
151.102,0,0,0.0,0.0,1
151.102,0,0,0.0,0.0,1
151.102,0,0,0.0,0.0,1
151.102,0,0,0.0,0.0,1
151.202,0,0,0.0,0.0,1
151.202,0,0,0.0,0.0,1
151.202,0,0,0.0,0.0,1
151.202,0,0,0.0,0.0,1
151.202,0,0,0.0,0.0,1
151.202,0,0,0.0,0.0,1
151.302,0,0,0.0,0.0,1
151.302,0,0,0.0,0.0,1
151.302,0,0,0.0,0.0,1
151.302,0,0,0.0,0.0,1
151.302,0,0,0.0,0.0,1
151.402,0,0,0.0,0.0,1
151.402,0,0,0.0,0.0,1
151.402,0,0,0.0,0.0,1
151.402,0,0,0.0,0.0,1
151.402,0,0,0.0,0.0,1
151.502,0,0,0.0,0.0,1
151.502,0,0,0.0,0.0,1
151.502,0,0,0.0,0.0,1
151.502,0,0,0.0,0.0,1
151.502,0,0,0.0,0.0,1
151.602,0,0,0.0,0.0,1
151.602,0,0,0.0,0.0,1
151.602,0,0,0.0,0.0,1
151.602,0,0,0.0,0.0,1
151.602,0,0,0.0,0.0,1
151.702,0,0,0.0,0.0,1
151.702,0,0,0.0,0.0,1
151.702,0,0,0.0,0.0,1
151.702,0,0,0.0,0.0,1
151.702,0,0,0.0,0.0,1
151.702,0,0,0.0,0.0,1
151.802,0,0,0.0,0.0,1
151.802,0,0,0.0,0.0,1
151.802,0,0,0.0,0.0,1
151.802,0,0,0.0,0.0,1
151.802,0,0,0.0,0.0,1
151.902,0,0,0.0,0.0,1
151.902,0,0,0.0,0.0,1
151.902,0,0,0.0,0.0,1
151.902,0,0,0.0,0.0,1
151.902,0,0,0.0,0.0,1
152.002,0,0,0.0,0.0,1
152.002,0,0,0.0,0.0,1
152.002,0,0,0.0,0.0,1
152.002,0,0,0.0,0.0,1
152.002,0,0,0.0,0.0,1
152.102,0,0,0.0,0.0,1
152.102,0,0,0.0,0.0,1
152.102,0,0,0.0,0.0,1
152.102,0,0,0.0,0.0,1
152.102,0,0,0.0,0.0,1
152.202,0,0,0.0,0.0,1
152.202,0,0,0.0,0.0,1
152.202,0,0,0.0,0.0,1
152.202,0,0,0.0,0.0,1
152.202,0,0,0.0,0.0,1
152.202,0,0,0.0,0.0,1
152.302,0,0,0.0,0.0,1
152.302,0,0,0.0,0.0,1
152.302,0,0,0.0,0.0,1
152.302,0,0,0.0,0.0,1
152.302,0,0,0.0,0.0,1
152.402,0,0,0.0,0.0,1
152.402,0,0,0.0,0.0,1
152.402,0,0,0.0,0.0,1
152.402,0,0,0.0,0.0,1
152.402,0,0,0.0,0.0,1
152.502,0,0,0.0,0.0,1
152.502,0,0,0.0,0.0,1
152.502,0,0,0.0,0.0,1
152.502,0,0,0.0,0.0,1
152.502,0,0,0.0,0.0,1
152.602,0,0,0.0,0.0,1
152.602,0,0,0.0,0.0,1
152.602,0,0,0.0,0.0,1
152.602,0,0,0.0,0.0,1
152.602,0,0,0.0,0.0,1
152.602,0,0,0.0,0.0,1
152.702,0,0,0.0,0.0,1
152.702,0,0,0.0,0.0,1
152.702,0,0,0.0,0.0,1
152.702,0,0,0.0,0.0,1
152.702,0,0,0.0,0.0,1
152.802,0,0,0.0,0.0,1
152.802,0,0,0.0,0.0,1
152.802,0,0,0.0,0.0,1
152.802,0,0,0.0,0.0,1
152.802,0,0,0.0,0.0,1
152.902,0,0,0.0,0.0,1
152.902,0,0,0.0,0.0,1
152.902,0,0,0.0,0.0,1
152.902,0,0,0.0,0.0,1
152.902,0,0,0.0,0.0,1
153.002,0,0,0.0,0.0,1
153.002,0,0,0.0,0.0,1
153.002,0,0,0.0,0.0,1
153.002,0,0,0.0,0.0,1
153.002,0,0,0.0,0.0,1
153.102,0,0,0.0,0.0,1
153.102,0,0,0.0,0.0,1
153.102,0,0,0.0,0.0,1
153.102,0,0,0.0,0.0,1
153.102,0,0,0.0,0.0,1
153.102,0,0,0.0,0.0,1
153.202,0,0,0.0,0.0,1
153.202,0,0,0.0,0.0,1
153.202,0,0,0.0,0.0,1
153.202,0,0,0.0,0.0,1
153.202,0,0,0.0,0.0,1
153.302,0,0,0.0,0.0,1
153.302,0,0,0.0,0.0,1
153.302,0,0,0.0,0.0,1
153.302,0,0,0.0,0.0,1
153.302,0,0,0.0,0.0,1
153.402,0,0,0.0,0.0,1
153.402,0,0,0.0,0.0,1
153.402,0,0,0.0,0.0,1
153.402,0,0,0.0,0.0,1
153.402,0,0,0.0,0.0,1
153.502,0,0,0.0,0.0,1
153.502,0,0,0.0,0.0,1
153.502,0,0,0.0,0.0,1
153.502,0,0,0.0,0.0,1
153.502,0,0,0.0,0.0,1
153.502,0,0,0.0,0.0,1
153.602,0,0,0.0,0.0,1
153.602,0,0,0.0,0.0,1
153.602,0,0,0.0,0.0,1
153.602,0,0,0.0,0.0,1
153.602,0,0,0.0,0.0,1
153.702,0,0,0.0,0.0,1
153.702,0,0,0.0,0.0,1
153.702,0,0,0.0,0.0,1
153.702,0,0,0.0,0.0,1
153.702,0,0,0.0,0.0,1
153.802,0,0,0.0,0.0,1
153.802,0,0,0.0,0.0,1
153.802,0,0,0.0,0.0,1
153.802,0,0,0.0,0.0,1
153.802,0,0,0.0,0.0,1
153.902,0,0,0.0,0.0,1
153.902,0,0,0.0,0.0,1
153.902,0,0,0.0,0.0,1
153.902,0,0,0.0,0.0,1
153.902,0,0,0.0,0.0,1
154.002,0,0,0.0,0.0,1
154.002,0,0,0.0,0.0,1
154.002,0,0,0.0,0.0,1
154.002,0,0,0.0,0.0,1
154.002,0,0,0.0,0.0,1
154.002,0,0,0.0,0.0,1
154.102,0,0,0.0,0.0,1
154.102,0,0,0.0,0.0,1
154.102,0,0,0.0,0.0,1
154.102,0,0,0.0,0.0,1
154.102,0,0,0.0,0.0,1
154.202,0,0,0.0,0.0,1
154.202,0,0,0.0,0.0,1
154.202,0,0,0.0,0.0,1
154.202,0,0,0.0,0.0,1
154.202,0,0,0.0,0.0,1
154.302,0,0,0.0,0.0,1
154.302,0,0,0.0,0.0,1
154.302,0,0,0.0,0.0,1
154.302,0,0,0.0,0.0,1
154.302,0,0,0.0,0.0,1
154.402,0,0,0.0,0.0,1
154.402,0,0,0.0,0.0,1
154.402,0,0,0.0,0.0,1
154.402,0,0,0.0,0.0,1
154.402,0,0,0.0,0.0,1
154.502,0,0,0.0,0.0,1
154.502,0,0,0.0,0.0,1
154.502,0,0,0.0,0.0,1
154.502,0,0,0.0,0.0,1
154.502,0,0,0.0,0.0,1
154.502,0,0,0.0,0.0,1
154.602,0,0,0.0,0.0,1
154.602,0,0,0.0,0.0,1
154.602,0,0,0.0,0.0,1
154.602,0,0,0.0,0.0,1
154.602,0,0,0.0,0.0,1
154.702,0,0,0.0,0.0,1
154.702,0,0,0.0,0.0,1
154.702,0,0,0.0,0.0,1
154.702,0,0,0.0,0.0,1
154.702,0,0,0.0,0.0,1
154.802,0,0,0.0,0.0,1
154.802,0,0,0.0,0.0,1
154.802,0,0,0.0,0.0,1
154.802,0,0,0.0,0.0,1
154.802,0,0,0.0,0.0,1
154.902,0,0,0.0,0.0,1
154.902,0,0,0.0,0.0,1
154.902,0,0,0.0,0.0,1
154.902,0,0,0.0,0.0,1
154.902,0,0,0.0,0.0,1
154.902,0,0,0.0,0.0,1
155.002,0,0,0.0,0.0,1
155.002,0,0,0.0,0.0,1
155.002,0,0,0.0,0.0,1
155.002,0,0,0.0,0.0,1
155.002,0,0,0.0,0.0,1
155.102,0,0,0.0,0.0,1
155.102,0,0,0.0,0.0,1
155.102,0,0,0.0,0.0,1
155.102,0,0,0.0,0.0,1
155.102,0,0,0.0,0.0,1
155.202,0,0,0.0,0.0,1
155.202,0,0,0.0,0.0,1
155.202,0,0,0.0,0.0,1
155.202,0,0,0.0,0.0,1
155.202,0,0,0.0,0.0,1
155.302,0,0,0.0,0.0,1
155.302,0,0,0.0,0.0,1
155.302,0,0,0.0,0.0,1
155.302,0,0,0.0,0.0,1
155.302,0,0,0.0,0.0,1
155.402,0,0,0.0,0.0,1
155.402,0,0,0.0,0.0,1
155.402,0,0,0.0,0.0,1
155.402,0,0,0.0,0.0,1
155.402,0,0,0.0,0.0,1
155.402,0,0,0.0,0.0,1
155.502,0,0,0.0,0.0,1
155.502,0,0,0.0,0.0,1
155.502,0,0,0.0,0.0,1
155.502,0,0,0.0,0.0,1
155.502,0,0,0.0,0.0,1
155.602,0,0,0.0,0.0,1
155.602,0,0,0.0,0.0,1
155.602,0,0,0.0,0.0,1
155.602,0,0,0.0,0.0,1
155.602,0,0,0.0,0.0,1
155.702,0,0,0.0,0.0,1
155.702,0,0,0.0,0.0,1
155.702,0,0,0.0,0.0,1
155.702,0,0,0.0,0.0,1
155.702,0,0,0.0,0.0,1
155.802,0,0,0.0,0.0,1
155.802,0,0,0.0,0.0,1
155.802,0,0,0.0,0.0,1
155.802,0,0,0.0,0.0,1
155.802,0,0,0.0,0.0,1
155.802,0,0,0.0,0.0,1
155.902,0,0,0.0,0.0,1
155.902,0,0,0.0,0.0,1
155.902,0,0,0.0,0.0,1
155.902,0,0,0.0,0.0,1
155.902,0,0,0.0,0.0,1
156.002,0,0,0.0,0.0,1
156.002,0,0,0.0,0.0,1
156.002,0,0,0.0,0.0,1
156.002,0,0,0.0,0.0,1
156.002,0,0,0.0,0.0,1
156.102,0,0,0.0,0.0,1
156.102,0,0,0.0,0.0,1
156.102,0,0,0.0,0.0,1
156.102,0,0,0.0,0.0,1
156.102,0,0,0.0,0.0,1
156.202,0,0,0.0,0.0,1
156.202,0,0,0.0,0.0,1
156.202,0,0,0.0,0.0,1
156.202,0,0,0.0,0.0,1
156.202,0,0,0.0,0.0,1
156.302,0,0,0.0,0.0,1
156.302,0,0,0.0,0.0,1
156.302,0,0,0.0,0.0,1
156.302,0,0,0.0,0.0,1
156.302,0,0,0.0,0.0,1
156.302,0,0,0.0,0.0,1
156.402,0,0,0.0,0.0,1
156.402,0,0,0.0,0.0,1
156.402,0,0,0.0,0.0,1
156.402,0,0,0.0,0.0,1
156.402,0,0,0.0,0.0,1
156.502,0,0,0.0,0.0,1
156.502,0,0,0.0,0.0,1
156.502,0,0,0.0,0.0,1
156.502,0,0,0.0,0.0,1
156.502,0,0,0.0,0.0,1
156.602,0,0,0.0,0.0,1
156.602,0,0,0.0,0.0,1
156.602,0,0,0.0,0.0,1
156.602,0,0,0.0,0.0,1
156.602,0,0,0.0,0.0,1
156.702,0,0,0.0,0.0,1
156.702,0,0,0.0,0.0,1
156.702,0,0,0.0,0.0,1
156.702,0,0,0.0,0.0,1
156.702,0,0,0.0,0.0,1
156.802,0,0,0.0,0.0,1
156.802,0,0,0.0,0.0,1
156.802,0,0,0.0,0.0,1
156.802,0,0,0.0,0.0,1
156.802,0,0,0.0,0.0,1
156.802,0,0,0.0,0.0,1
156.902,0,0,0.0,0.0,1
156.902,0,0,0.0,0.0,1
156.902,0,0,0.0,0.0,1
156.902,0,0,0.0,0.0,1
156.902,0,0,0.0,0.0,1
157.002,0,0,0.0,0.0,1
157.002,0,0,0.0,0.0,1
157.002,0,0,0.0,0.0,1
157.002,0,0,0.0,0.0,1
157.002,0,0,0.0,0.0,1
157.102,0,0,0.0,0.0,1
157.102,0,0,0.0,0.0,1
157.102,0,0,0.0,0.0,1
157.102,0,0,0.0,0.0,1
157.102,0,0,0.0,0.0,1
157.202,0,0,0.0,0.0,1
157.202,0,0,0.0,0.0,1
157.202,0,0,0.0,0.0,1
157.202,0,0,0.0,0.0,1
157.202,0,0,0.0,0.0,1
157.202,0,0,0.0,0.0,1
157.302,0,0,0.0,0.0,1
157.302,0,0,0.0,0.0,1
157.302,0,0,0.0,0.0,1
157.302,0,0,0.0,0.0,1
157.302,0,0,0.0,0.0,1
157.402,0,0,0.0,0.0,1
157.402,0,0,0.0,0.0,1
157.402,0,0,0.0,0.0,1
157.402,0,0,0.0,0.0,1
157.402,0,0,0.0,0.0,1
157.502,0,0,0.0,0.0,1
157.502,0,0,0.0,0.0,1
157.502,0,0,0.0,0.0,1
157.502,0,0,0.0,0.0,1
157.502,0,0,0.0,0.0,1
157.602,0,0,0.0,0.0,1
157.602,0,0,0.0,0.0,1
157.602,0,0,0.0,0.0,1
157.602,0,0,0.0,0.0,1
157.602,0,0,0.0,0.0,1
157.702,0,0,0.0,0.0,1
157.702,0,0,0.0,0.0,1
157.702,0,0,0.0,0.0,1
157.702,0,0,0.0,0.0,1
157.702,0,0,0.0,0.0,1
157.702,0,0,0.0,0.0,1
157.802,0,0,0.0,0.0,1
157.802,0,0,0.0,0.0,1
157.802,0,0,0.0,0.0,1
157.802,0,0,0.0,0.0,1
157.802,0,0,0.0,0.0,1
157.902,0,0,0.0,0.0,1
157.902,0,0,0.0,0.0,1
157.902,0,0,0.0,0.0,1
157.902,0,0,0.0,0.0,1
157.902,0,0,0.0,0.0,1
158.002,0,0,0.0,0.0,1
158.002,0,0,0.0,0.0,1
158.002,0,0,0.0,0.0,1
158.002,0,0,0.0,0.0,1
158.002,0,0,0.0,0.0,1
158.102,0,0,0.0,0.0,1
158.102,0,0,0.0,0.0,1
158.102,0,0,0.0,0.0,1
158.102,0,0,0.0,0.0,1
158.102,0,0,0.0,0.0,1
158.102,0,0,0.0,0.0,1
158.202,0,0,0.0,0.0,1
158.202,0,0,0.0,0.0,1
158.202,0,0,0.0,0.0,1
158.202,0,0,0.0,0.0,1
158.202,0,0,0.0,0.0,1
158.302,0,0,0.0,0.0,1
158.302,0,0,0.0,0.0,1
158.302,0,0,0.0,0.0,1
158.302,0,0,0.0,0.0,1
158.302,0,0,0.0,0.0,1
158.402,0,0,0.0,0.0,1
158.402,0,0,0.0,0.0,1
158.402,0,0,0.0,0.0,1
158.402,0,0,0.0,0.0,1
158.402,0,0,0.0,0.0,1
158.502,0,0,0.0,0.0,1
158.502,0,0,0.0,0.0,1
158.502,0,0,0.0,0.0,1
158.502,0,0,0.0,0.0,1
158.502,0,0,0.0,0.0,1
158.602,0,0,0.0,0.0,1
158.602,0,0,0.0,0.0,1
158.602,0,0,0.0,0.0,1
158.602,0,0,0.0,0.0,1
158.602,0,0,0.0,0.0,1
158.602,0,0,0.0,0.0,1
158.702,0,0,0.0,0.0,1
158.702,0,0,0.0,0.0,1
158.702,0,0,0.0,0.0,1
158.702,0,0,0.0,0.0,1
158.702,0,0,0.0,0.0,1
158.802,0,0,0.0,0.0,1
158.802,0,0,0.0,0.0,1
158.802,0,0,0.0,0.0,1
158.802,0,0,0.0,0.0,1
158.802,0,0,0.0,0.0,1
158.902,0,0,0.0,0.0,1
158.902,0,0,0.0,0.0,1
158.902,0,0,0.0,0.0,1
158.902,0,0,0.0,0.0,1
158.902,0,0,0.0,0.0,1
159.002,0,0,0.0,0.0,1
159.002,0,0,0.0,0.0,1
159.002,0,0,0.0,0.0,1
159.002,0,0,0.0,0.0,1
159.002,0,0,0.0,0.0,1
159.102,0,0,0.0,0.0,1
159.102,0,0,0.0,0.0,1
159.102,0,0,0.0,0.0,1
159.102,0,0,0.0,0.0,1
159.102,0,0,0.0,0.0,1
159.102,0,0,0.0,0.0,1
159.202,0,0,0.0,0.0,1
159.202,0,0,0.0,0.0,1
159.202,0,0,0.0,0.0,1
159.202,0,0,0.0,0.0,1
159.202,0,0,0.0,0.0,1
159.302,0,0,0.0,0.0,1
159.302,0,0,0.0,0.0,1
159.302,0,0,0.0,0.0,1
159.302,0,0,0.0,0.0,1
159.302,0,0,0.0,0.0,1
159.402,0,0,0.0,0.0,1
159.402,0,0,0.0,0.0,1
159.402,0,0,0.0,0.0,1
159.402,0,0,0.0,0.0,1
159.402,0,0,0.0,0.0,1
159.502,0,0,0.0,0.0,1
159.502,0,0,0.0,0.0,1
159.502,0,0,0.0,0.0,1
159.502,0,0,0.0,0.0,1
159.502,0,0,0.0,0.0,1
159.502,0,0,0.0,0.0,1
159.602,0,0,0.0,0.0,1
159.602,0,0,0.0,0.0,1
159.602,0,0,0.0,0.0,1
159.602,0,0,0.0,0.0,1
159.602,0,0,0.0,0.0,1
159.702,0,0,0.0,0.0,1
159.702,0,0,0.0,0.0,1
159.702,0,0,0.0,0.0,1
159.702,0,0,0.0,0.0,1
159.702,0,0,0.0,0.0,1
159.802,0,0,0.0,0.0,1
159.802,0,0,0.0,0.0,1
159.802,0,0,0.0,0.0,1
159.802,0,0,0.0,0.0,1
159.802,0,0,0.0,0.0,1
159.902,0,0,0.0,0.0,1
159.902,0,0,0.0,0.0,1
159.902,0,0,0.0,0.0,1
159.902,0,0,0.0,0.0,1
159.902,0,0,0.0,0.0,1
160.002,0,0,0.0,0.0,1
160.002,0,0,0.0,0.0,1
160.002,0,0,0.0,0.0,1
160.002,0,0,0.0,0.0,1
160.002,0,0,0.0,0.0,1
160.002,0,0,0.0,0.0,1
160.102,0,0,0.0,0.0,1
160.102,0,0,0.0,0.0,1
160.102,0,0,0.0,0.0,1
160.102,0,0,0.0,0.0,1
160.102,0,0,0.0,0.0,1
160.202,0,0,0.0,0.0,1
160.202,0,0,0.0,0.0,1
160.202,0,0,0.0,0.0,1
160.202,0,0,0.0,0.0,1
160.202,0,0,0.0,0.0,1
160.302,0,0,0.0,0.0,1
160.302,0,0,0.0,0.0,1
160.302,0,0,0.0,0.0,1
160.302,0,0,0.0,0.0,1
160.302,0,0,0.0,0.0,1
160.402,0,0,0.0,0.0,1
160.402,0,0,0.0,0.0,1
160.402,0,0,0.0,0.0,1
160.402,0,0,0.0,0.0,1
160.402,0,0,0.0,0.0,1
160.402,0,0,0.0,0.0,1
160.502,0,0,0.0,0.0,1
160.502,0,0,0.0,0.0,1
160.502,0,0,0.0,0.0,1
160.502,0,0,0.0,0.0,1
160.502,0,0,0.0,0.0,1
160.602,0,0,0.0,0.0,1
160.602,0,0,0.0,0.0,1
160.602,0,0,0.0,0.0,1
160.602,0,0,0.0,0.0,1
160.602,0,0,0.0,0.0,1
160.702,0,0,0.0,0.0,1
160.702,0,0,0.0,0.0,1
160.702,0,0,0.0,0.0,1
160.702,0,0,0.0,0.0,1
160.702,0,0,0.0,0.0,1
160.802,0,0,0.0,0.0,1
160.802,0,0,0.0,0.0,1
160.802,0,0,0.0,0.0,1
160.802,0,0,0.0,0.0,1
160.802,0,0,0.0,0.0,1
160.902,0,0,0.0,0.0,1
160.902,0,0,0.0,0.0,1
160.902,0,0,0.0,0.0,1
160.902,0,0,0.0,0.0,1
160.902,0,0,0.0,0.0,1
160.902,0,0,0.0,0.0,1
161.002,0,0,0.0,0.0,1
161.002,0,0,0.0,0.0,1
161.002,0,0,0.0,0.0,1
161.002,0,0,0.0,0.0,1
161.002,0,0,0.0,0.0,1
161.102,0,0,0.0,0.0,1
161.102,0,0,0.0,0.0,1
161.102,0,0,0.0,0.0,1
161.102,0,0,0.0,0.0,1
161.102,0,0,0.0,0.0,1
161.202,0,0,0.0,0.0,1
161.202,0,0,0.0,0.0,1
161.202,0,0,0.0,0.0,1
161.202,0,0,0.0,0.0,1
161.202,0,0,0.0,0.0,1
161.302,0,0,0.0,0.0,1
161.302,0,0,0.0,0.0,1
161.302,0,0,0.0,0.0,1
161.302,0,0,0.0,0.0,1
161.302,0,0,0.0,0.0,1
161.402,0,0,0.0,0.0,1
161.402,0,0,0.0,0.0,1
161.402,0,0,0.0,0.0,1
161.402,0,0,0.0,0.0,1
161.402,0,0,0.0,0.0,1
161.402,0,0,0.0,0.0,1
161.502,0,0,0.0,0.0,1
161.502,0,0,0.0,0.0,1
161.502,0,0,0.0,0.0,1
161.502,0,0,0.0,0.0,1
161.502,0,0,0.0,0.0,1
161.602,0,0,0.0,0.0,1
161.602,0,0,0.0,0.0,1
161.602,0,0,0.0,0.0,1
161.602,0,0,0.0,0.0,1
161.602,0,0,0.0,0.0,1
161.702,0,0,0.0,0.0,1
161.702,0,0,0.0,0.0,1
161.702,0,0,0.0,0.0,1
161.702,0,0,0.0,0.0,1
161.702,0,0,0.0,0.0,1
161.802,0,0,0.0,0.0,1
161.802,0,0,0.0,0.0,1
161.802,0,0,0.0,0.0,1
161.802,0,0,0.0,0.0,1
161.802,0,0,0.0,0.0,1
161.802,0,0,0.0,0.0,1
161.902,0,0,0.0,0.0,1
161.902,0,0,0.0,0.0,1
161.902,0,0,0.0,0.0,1
161.902,0,0,0.0,0.0,1
161.902,0,0,0.0,0.0,1
162.002,0,0,0.0,0.0,1
162.002,0,0,0.0,0.0,1
162.002,0,0,0.0,0.0,1
162.002,0,0,0.0,0.0,1
162.002,0,0,0.0,0.0,1
162.102,0,0,0.0,0.0,1
162.102,0,0,0.0,0.0,1
162.102,0,0,0.0,0.0,1
162.102,0,0,0.0,0.0,1
162.102,0,0,0.0,0.0,1
162.202,0,0,0.0,0.0,1
162.202,0,0,0.0,0.0,1
162.202,0,0,0.0,0.0,1
162.202,0,0,0.0,0.0,1
162.202,0,0,0.0,0.0,1
162.302,0,0,0.0,0.0,1
162.302,0,0,0.0,0.0,1
162.302,0,0,0.0,0.0,1
162.302,0,0,0.0,0.0,1
162.302,0,0,0.0,0.0,1
162.302,0,0,0.0,0.0,1
162.402,0,0,0.0,0.0,1
162.402,0,0,0.0,0.0,1
162.402,0,0,0.0,0.0,1
162.402,0,0,0.0,0.0,1
162.402,0,0,0.0,0.0,1
162.502,0,0,0.0,0.0,1
162.502,0,0,0.0,0.0,1
162.502,0,0,0.0,0.0,1
162.502,0,0,0.0,0.0,1
162.502,0,0,0.0,0.0,1
162.602,0,0,0.0,0.0,1
162.602,0,0,0.0,0.0,1
162.602,0,0,0.0,0.0,1
162.602,0,0,0.0,0.0,1
162.602,0,0,0.0,0.0,1
162.702,0,0,0.0,0.0,1
162.702,0,0,0.0,0.0,1
162.702,0,0,0.0,0.0,1
162.702,0,0,0.0,0.0,1
162.702,0,0,0.0,0.0,1
162.702,0,0,0.0,0.0,1
162.802,0,0,0.0,0.0,1
162.802,0,0,0.0,0.0,1
162.802,0,0,0.0,0.0,1
162.802,0,0,0.0,0.0,1
162.802,0,0,0.0,0.0,1
162.902,0,0,0.0,0.0,1
162.902,0,0,0.0,0.0,1
162.902,0,0,0.0,0.0,1
162.902,0,0,0.0,0.0,1
162.902,0,0,0.0,0.0,1
163.002,0,0,0.0,0.0,1
163.002,0,0,0.0,0.0,1
163.002,0,0,0.0,0.0,1
163.002,0,0,0.0,0.0,1
163.002,0,0,0.0,0.0,1
163.102,0,0,0.0,0.0,1
163.102,0,0,0.0,0.0,1
163.102,0,0,0.0,0.0,1
163.102,0,0,0.0,0.0,1
163.102,0,0,0.0,0.0,1
163.202,0,0,0.0,0.0,1
163.202,0,0,0.0,0.0,1
163.202,0,0,0.0,0.0,1
163.202,0,0,0.0,0.0,1
163.202,0,0,0.0,0.0,1
163.202,0,0,0.0,0.0,1
163.302,0,0,0.0,0.0,1
163.302,0,0,0.0,0.0,1
163.302,0,0,0.0,0.0,1
163.302,0,0,0.0,0.0,1
163.302,0,0,0.0,0.0,1
163.402,0,0,0.0,0.0,1
163.402,0,0,0.0,0.0,1
163.402,0,0,0.0,0.0,1
163.402,0,0,0.0,0.0,1
163.402,0,0,0.0,0.0,1
163.502,0,0,0.0,0.0,1
163.502,0,0,0.0,0.0,1
163.502,0,0,0.0,0.0,1
163.502,0,0,0.0,0.0,1
163.502,0,0,0.0,0.0,1
163.602,0,0,0.0,0.0,1
163.602,0,0,0.0,0.0,1
163.602,0,0,0.0,0.0,1
163.602,0,0,0.0,0.0,1
163.602,0,0,0.0,0.0,1
163.702,0,0,0.0,0.0,1
163.702,0,0,0.0,0.0,1
163.702,0,0,0.0,0.0,1
163.702,0,0,0.0,0.0,1
163.702,0,0,0.0,0.0,1
163.702,0,0,0.0,0.0,1
163.802,0,0,0.0,0.0,1
163.802,0,0,0.0,0.0,1
163.802,0,0,0.0,0.0,1
163.802,0,0,0.0,0.0,1
163.802,0,0,0.0,0.0,1
163.902,0,0,0.0,0.0,1
163.902,0,0,0.0,0.0,1
163.902,0,0,0.0,0.0,1
163.902,0,0,0.0,0.0,1
163.902,0,0,0.0,0.0,1
164.002,0,0,0.0,0.0,1
164.002,0,0,0.0,0.0,1
164.002,0,0,0.0,0.0,1
164.002,0,0,0.0,0.0,1
164.002,0,0,0.0,0.0,1
164.102,0,0,0.0,0.0,1
164.102,0,0,0.0,0.0,1
164.102,0,0,0.0,0.0,1
164.102,0,0,0.0,0.0,1
164.102,0,0,0.0,0.0,1
164.102,0,0,0.0,0.0,1
164.202,0,0,0.0,0.0,1
164.202,0,0,0.0,0.0,1
164.202,0,0,0.0,0.0,1
164.202,0,0,0.0,0.0,1
164.202,0,0,0.0,0.0,1
164.302,0,0,0.0,0.0,1
164.302,0,0,0.0,0.0,1
164.302,0,0,0.0,0.0,1
164.302,0,0,0.0,0.0,1
164.302,0,0,0.0,0.0,1
164.402,0,0,0.0,0.0,1
164.402,0,0,0.0,0.0,1
164.402,0,0,0.0,0.0,1
164.402,0,0,0.0,0.0,1
164.402,0,0,0.0,0.0,1
164.502,0,0,0.0,0.0,1
164.502,0,0,0.0,0.0,1
164.502,0,0,0.0,0.0,1
164.502,0,0,0.0,0.0,1
164.502,0,0,0.0,0.0,1
164.602,0,0,0.0,0.0,1
164.602,0,0,0.0,0.0,1
164.602,0,0,0.0,0.0,1
164.602,0,0,0.0,0.0,1
164.602,0,0,0.0,0.0,1
164.602,0,0,0.0,0.0,1
164.702,0,0,0.0,0.0,1
164.702,0,0,0.0,0.0,1
164.702,0,0,0.0,0.0,1
164.702,0,0,0.0,0.0,1
164.702,0,0,0.0,0.0,1
164.802,0,0,0.0,0.0,1
164.802,0,0,0.0,0.0,1
164.802,0,0,0.0,0.0,1
164.802,0,0,0.0,0.0,1
164.802,0,0,0.0,0.0,1
164.902,0,0,0.0,0.0,1
164.902,0,0,0.0,0.0,1
164.902,0,0,0.0,0.0,1
164.902,0,0,0.0,0.0,1
164.902,0,0,0.0,0.0,1
165.002,0,0,0.0,0.0,1
165.002,0,0,0.0,0.0,1
165.002,0,0,0.0,0.0,1
165.002,0,0,0.0,0.0,1
165.002,0,0,0.0,0.0,1
165.002,0,0,0.0,0.0,1
165.102,0,0,0.0,0.0,1
165.102,0,0,0.0,0.0,1
165.102,0,0,0.0,0.0,1
165.102,0,0,0.0,0.0,1
165.102,0,0,0.0,0.0,1
165.202,0,0,0.0,0.0,1
165.202,0,0,0.0,0.0,1
165.202,0,0,0.0,0.0,1
165.202,0,0,0.0,0.0,1
165.202,0,0,0.0,0.0,1
165.302,0,0,0.0,0.0,1
165.302,0,0,0.0,0.0,1
165.302,0,0,0.0,0.0,1
165.302,0,0,0.0,0.0,1
165.302,0,0,0.0,0.0,1
165.402,0,0,0.0,0.0,1
165.402,0,0,0.0,0.0,1
165.402,0,0,0.0,0.0,1
165.402,0,0,0.0,0.0,1
165.402,0,0,0.0,0.0,1
165.502,0,0,0.0,0.0,1
165.502,0,0,0.0,0.0,1
165.502,0,0,0.0,0.0,1
165.502,0,0,0.0,0.0,1
165.502,0,0,0.0,0.0,1
165.502,0,0,0.0,0.0,1
165.602,0,0,0.0,0.0,1
165.602,0,0,0.0,0.0,1
165.602,0,0,0.0,0.0,1
165.602,0,0,0.0,0.0,1
165.602,0,0,0.0,0.0,1
165.702,0,0,0.0,0.0,1
165.702,0,0,0.0,0.0,1
165.702,0,0,0.0,0.0,1
165.702,0,0,0.0,0.0,1
165.702,0,0,0.0,0.0,1
165.802,0,0,0.0,0.0,1
165.802,0,0,0.0,0.0,1
165.802,0,0,0.0,0.0,1
165.802,0,0,0.0,0.0,1
165.802,0,0,0.0,0.0,1
165.902,0,0,0.0,0.0,1
165.902,0,0,0.0,0.0,1
165.902,0,0,0.0,0.0,1
165.902,0,0,0.0,0.0,1
165.902,0,0,0.0,0.0,1
166.002,0,0,0.0,0.0,1
166.002,0,0,0.0,0.0,1
166.002,0,0,0.0,0.0,1
166.002,0,0,0.0,0.0,1
166.002,0,0,0.0,0.0,1
166.002,0,0,0.0,0.0,1
166.102,0,0,0.0,0.0,1
166.102,0,0,0.0,0.0,1
166.102,0,0,0.0,0.0,1
166.102,0,0,0.0,0.0,1
166.102,0,0,0.0,0.0,1
166.202,0,0,0.0,0.0,1
166.202,0,0,0.0,0.0,1
166.202,0,0,0.0,0.0,1
166.202,0,0,0.0,0.0,1
166.202,0,0,0.0,0.0,1
166.302,0,0,0.0,0.0,1
166.302,0,0,0.0,0.0,1
166.302,0,0,0.0,0.0,1
166.302,0,0,0.0,0.0,1
166.302,0,0,0.0,0.0,1
166.402,0,0,0.0,0.0,1
166.402,0,0,0.0,0.0,1
166.402,0,0,0.0,0.0,1
166.402,0,0,0.0,0.0,1
166.402,0,0,0.0,0.0,1
166.402,0,0,0.0,0.0,1
166.502,0,0,0.0,0.0,1
166.502,0,0,0.0,0.0,1
166.502,0,0,0.0,0.0,1
166.502,0,0,0.0,0.0,1
166.502,0,0,0.0,0.0,1
166.602,0,0,0.0,0.0,1
166.602,0,0,0.0,0.0,1
166.602,0,0,0.0,0.0,1
166.602,0,0,0.0,0.0,1
166.602,0,0,0.0,0.0,1
166.702,0,0,0.0,0.0,1
166.702,0,0,0.0,0.0,1
166.702,0,0,0.0,0.0,1
166.702,0,0,0.0,0.0,1
166.702,0,0,0.0,0.0,1
166.802,0,0,0.0,0.0,1
166.802,0,0,0.0,0.0,1
166.802,0,0,0.0,0.0,1
166.802,0,0,0.0,0.0,1
166.802,0,0,0.0,0.0,1
166.902,0,0,0.0,0.0,1
166.902,0,0,0.0,0.0,1
166.902,0,0,0.0,0.0,1
166.902,0,0,0.0,0.0,1
166.902,0,0,0.0,0.0,1
166.902,0,0,0.0,0.0,1
167.002,0,0,0.0,0.0,1
167.002,0,0,0.0,0.0,1
167.002,0,0,0.0,0.0,1
167.002,0,0,0.0,0.0,1
167.002,0,0,0.0,0.0,1
167.102,0,0,0.0,0.0,1
167.102,0,0,0.0,0.0,1
167.102,0,0,0.0,0.0,1
167.102,0,0,0.0,0.0,1
167.102,0,0,0.0,0.0,1
167.202,0,0,0.0,0.0,1
167.202,0,0,0.0,0.0,1
167.202,0,0,0.0,0.0,1
167.202,0,0,0.0,0.0,1
167.202,0,0,0.0,0.0,1
167.302,0,0,0.0,0.0,1
167.302,0,0,0.0,0.0,1
167.302,0,0,0.0,0.0,1
167.302,0,0,0.0,0.0,1
167.302,0,0,0.0,0.0,1
167.302,0,0,0.0,0.0,1
167.402,0,0,0.0,0.0,1
167.402,0,0,0.0,0.0,1
167.402,0,0,0.0,0.0,1
167.402,0,0,0.0,0.0,1
167.402,0,0,0.0,0.0,1
167.502,0,0,0.0,0.0,1
167.502,0,0,0.0,0.0,1
167.502,0,0,0.0,0.0,1
167.502,0,0,0.0,0.0,1
167.502,0,0,0.0,0.0,1
167.602,0,0,0.0,0.0,1
167.602,0,0,0.0,0.0,1
167.602,0,0,0.0,0.0,1
167.602,0,0,0.0,0.0,1
167.602,0,0,0.0,0.0,1
167.702,0,0,0.0,0.0,1
167.702,0,0,0.0,0.0,1
167.702,0,0,0.0,0.0,1
167.702,0,0,0.0,0.0,1
167.702,0,0,0.0,0.0,1
167.802,0,0,0.0,0.0,1
167.802,0,0,0.0,0.0,1
167.802,0,0,0.0,0.0,1
167.802,0,0,0.0,0.0,1
167.802,0,0,0.0,0.0,1
167.802,0,0,0.0,0.0,1
167.902,0,0,0.0,0.0,1
167.902,0,0,0.0,0.0,1
167.902,0,0,0.0,0.0,1
167.902,0,0,0.0,0.0,1
167.902,0,0,0.0,0.0,1
168.002,0,0,0.0,0.0,1
168.002,0,0,0.0,0.0,1
168.002,0,0,0.0,0.0,1
168.002,0,0,0.0,0.0,1
168.002,0,0,0.0,0.0,1
168.102,0,0,0.0,0.0,1
168.102,0,0,0.0,0.0,1
168.102,0,0,0.0,0.0,1
168.102,0,0,0.0,0.0,1
168.102,0,0,0.0,0.0,1
168.202,0,0,0.0,0.0,1
168.202,0,0,0.0,0.0,1
168.202,0,0,0.0,0.0,1
168.202,0,0,0.0,0.0,1
168.202,0,0,0.0,0.0,1
168.302,0,0,0.0,0.0,1
168.302,0,0,0.0,0.0,1
168.302,0,0,0.0,0.0,1
168.302,0,0,0.0,0.0,1
168.302,0,0,0.0,0.0,1
168.302,0,0,0.0,0.0,1
168.402,0,0,0.0,0.0,1
168.402,0,0,0.0,0.0,1
168.402,0,0,0.0,0.0,1
168.402,0,0,0.0,0.0,1
168.402,0,0,0.0,0.0,1
168.502,0,0,0.0,0.0,1
168.502,0,0,0.0,0.0,1
168.502,0,0,0.0,0.0,1
168.502,0,0,0.0,0.0,1
168.502,0,0,0.0,0.0,1
168.602,0,0,0.0,0.0,1
168.602,0,0,0.0,0.0,1
168.602,0,0,0.0,0.0,1
168.602,0,0,0.0,0.0,1
168.602,0,0,0.0,0.0,1
168.702,0,0,0.0,0.0,1
168.702,0,0,0.0,0.0,1
168.702,0,0,0.0,0.0,1
168.702,0,0,0.0,0.0,1
168.702,0,0,0.0,0.0,1
168.702,0,0,0.0,0.0,1
168.802,0,0,0.0,0.0,1
168.802,0,0,0.0,0.0,1
168.802,0,0,0.0,0.0,1
168.802,0,0,0.0,0.0,1
168.802,0,0,0.0,0.0,1
168.902,0,0,0.0,0.0,1
168.902,0,0,0.0,0.0,1
168.902,0,0,0.0,0.0,1
168.902,0,0,0.0,0.0,1
168.902,0,0,0.0,0.0,1
169.002,0,0,0.0,0.0,1
169.002,0,0,0.0,0.0,1
169.002,0,0,0.0,0.0,1
169.002,0,0,0.0,0.0,1
169.002,0,0,0.0,0.0,1
169.102,0,0,0.0,0.0,1
169.102,0,0,0.0,0.0,1
169.102,0,0,0.0,0.0,1
169.102,0,0,0.0,0.0,1
169.102,0,0,0.0,0.0,1
169.102,0,0,0.0,0.0,1
169.202,0,0,0.0,0.0,1
169.202,0,0,0.0,0.0,1
169.202,0,0,0.0,0.0,1
169.202,0,0,0.0,0.0,1
169.202,0,0,0.0,0.0,1
169.302,0,0,0.0,0.0,1
169.302,0,0,0.0,0.0,1
169.302,0,0,0.0,0.0,1
169.302,0,0,0.0,0.0,1
169.302,0,0,0.0,0.0,1
169.402,0,0,0.0,0.0,1
169.402,0,0,0.0,0.0,1
169.402,0,0,0.0,0.0,1
169.402,0,0,0.0,0.0,1
169.402,0,0,0.0,0.0,1
169.502,0,0,0.0,0.0,1
169.502,0,0,0.0,0.0,1
169.502,0,0,0.0,0.0,1
169.502,0,0,0.0,0.0,1
169.502,0,0,0.0,0.0,1
169.602,0,0,0.0,0.0,1
169.602,0,0,0.0,0.0,1
169.602,0,0,0.0,0.0,1
169.602,0,0,0.0,0.0,1
169.602,0,0,0.0,0.0,1
169.602,0,0,0.0,0.0,1
169.702,0,0,0.0,0.0,1
169.702,0,0,0.0,0.0,1
169.702,0,0,0.0,0.0,1
169.702,0,0,0.0,0.0,1
169.702,0,0,0.0,0.0,1
169.802,0,0,0.0,0.0,1
169.802,0,0,0.0,0.0,1
169.802,0,0,0.0,0.0,1
169.802,0,0,0.0,0.0,1
169.802,0,0,0.0,0.0,1
169.902,0,0,0.0,0.0,1
169.902,0,0,0.0,0.0,1
169.902,0,0,0.0,0.0,1
169.902,0,0,0.0,0.0,1
169.902,0,0,0.0,0.0,1
170.002,0,0,0.0,0.0,1
170.002,0,0,0.0,0.0,1
170.002,0,0,0.0,0.0,1
170.002,0,0,0.0,0.0,1
170.002,0,0,0.0,0.0,1
170.102,0,0,0.0,0.0,1
170.102,0,0,0.0,0.0,1
170.102,0,0,0.0,0.0,1
170.102,0,0,0.0,0.0,1
170.102,0,0,0.0,0.0,1
170.102,0,0,0.0,0.0,1
170.202,0,0,0.0,0.0,1
170.202,0,0,0.0,0.0,1
170.202,0,0,0.0,0.0,1
170.202,0,0,0.0,0.0,1
170.202,0,0,0.0,0.0,1
170.302,0,0,0.0,0.0,1
170.302,0,0,0.0,0.0,1
170.302,0,0,0.0,0.0,1
170.302,0,0,0.0,0.0,1
170.302,0,0,0.0,0.0,1
170.402,0,0,0.0,0.0,1
170.402,0,0,0.0,0.0,1
170.402,0,0,0.0,0.0,1
170.402,0,0,0.0,0.0,1
170.402,0,0,0.0,0.0,1
170.502,0,0,0.0,0.0,1
170.502,0,0,0.0,0.0,1
170.502,0,0,0.0,0.0,1
170.502,0,0,0.0,0.0,1
170.502,0,0,0.0,0.0,1
170.502,0,0,0.0,0.0,1
170.602,0,0,0.0,0.0,1
170.602,0,0,0.0,0.0,1
170.602,0,0,0.0,0.0,1
170.602,0,0,0.0,0.0,1
170.602,0,0,0.0,0.0,1
170.702,0,0,0.0,0.0,1
170.702,0,0,0.0,0.0,1
170.702,0,0,0.0,0.0,1
170.702,0,0,0.0,0.0,1
170.702,0,0,0.0,0.0,1
170.802,0,0,0.0,0.0,1
170.802,0,0,0.0,0.0,1
170.802,0,0,0.0,0.0,1
170.802,0,0,0.0,0.0,1
170.802,0,0,0.0,0.0,1
170.902,0,0,0.0,0.0,1
170.902,0,0,0.0,0.0,1
170.902,0,0,0.0,0.0,1
170.902,0,0,0.0,0.0,1
170.902,0,0,0.0,0.0,1
171.002,0,0,0.0,0.0,1
171.002,0,0,0.0,0.0,1
171.002,0,0,0.0,0.0,1
171.002,0,0,0.0,0.0,1
171.002,0,0,0.0,0.0,1
171.002,0,0,0.0,0.0,1
171.102,0,0,0.0,0.0,1
171.102,0,0,0.0,0.0,1
171.102,0,0,0.0,0.0,1
171.102,0,0,0.0,0.0,1
171.102,0,0,0.0,0.0,1
171.202,0,0,0.0,0.0,1
171.202,0,0,0.0,0.0,1
171.202,0,0,0.0,0.0,1
171.202,0,0,0.0,0.0,1
171.202,0,0,0.0,0.0,1
171.302,0,0,0.0,0.0,1
171.302,0,0,0.0,0.0,1
171.302,0,0,0.0,0.0,1
171.302,0,0,0.0,0.0,1
171.302,0,0,0.0,0.0,1
171.402,0,0,0.0,0.0,1
171.402,0,0,0.0,0.0,1
171.402,0,0,0.0,0.0,1
171.402,0,0,0.0,0.0,1
171.402,0,0,0.0,0.0,1
171.402,0,0,0.0,0.0,1
171.502,0,0,0.0,0.0,1
171.502,0,0,0.0,0.0,1
171.502,0,0,0.0,0.0,1
171.502,0,0,0.0,0.0,1
171.502,0,0,0.0,0.0,1
171.602,0,0,0.0,0.0,1
171.602,0,0,0.0,0.0,1
171.602,0,0,0.0,0.0,1
171.602,0,0,0.0,0.0,1
171.602,0,0,0.0,0.0,1
171.702,0,0,0.0,0.0,1
171.702,0,0,0.0,0.0,1
171.702,0,0,0.0,0.0,1
171.702,0,0,0.0,0.0,1
171.702,0,0,0.0,0.0,1
171.802,0,0,0.0,0.0,1
171.802,0,0,0.0,0.0,1
171.802,0,0,0.0,0.0,1
171.802,0,0,0.0,0.0,1
171.802,0,0,0.0,0.0,1
171.902,0,0,0.0,0.0,1
171.902,0,0,0.0,0.0,1
171.902,0,0,0.0,0.0,1
171.902,0,0,0.0,0.0,1
171.902,0,0,0.0,0.0,1
171.902,0,0,0.0,0.0,1
172.002,0,0,0.0,0.0,1
172.002,0,0,0.0,0.0,1
172.002,0,0,0.0,0.0,1
172.002,0,0,0.0,0.0,1
172.002,0,0,0.0,0.0,1
172.102,0,0,0.0,0.0,1
172.102,0,0,0.0,0.0,1
172.102,0,0,0.0,0.0,1
172.102,0,0,0.0,0.0,1
172.102,0,0,0.0,0.0,1
172.202,0,0,0.0,0.0,1
172.202,0,0,0.0,0.0,1
172.202,0,0,0.0,0.0,1
172.202,0,0,0.0,0.0,1
172.202,0,0,0.0,0.0,1
172.302,0,0,0.0,0.0,1
172.302,0,0,0.0,0.0,1
172.302,0,0,0.0,0.0,1
172.302,0,0,0.0,0.0,1
172.302,0,0,0.0,0.0,1
172.402,0,0,0.0,0.0,1
172.402,0,0,0.0,0.0,1
172.402,0,0,0.0,0.0,1
172.402,0,0,0.0,0.0,1
172.402,0,0,0.0,0.0,1
172.402,0,0,0.0,0.0,1
172.502,0,0,0.0,0.0,1
172.502,0,0,0.0,0.0,1
172.502,0,0,0.0,0.0,1
172.502,0,0,0.0,0.0,1
172.502,0,0,0.0,0.0,1
172.602,0,0,0.0,0.0,1
172.602,0,0,0.0,0.0,1
172.602,0,0,0.0,0.0,1
172.602,0,0,0.0,0.0,1
172.602,0,0,0.0,0.0,1
172.702,0,0,0.0,0.0,1
172.702,0,0,0.0,0.0,1
172.702,0,0,0.0,0.0,1
172.702,0,0,0.0,0.0,1
172.702,0,0,0.0,0.0,1
172.802,0,0,0.0,0.0,1
172.802,0,0,0.0,0.0,1
172.802,0,0,0.0,0.0,1
172.802,0,0,0.0,0.0,1
172.802,0,0,0.0,0.0,1
172.802,0,0,0.0,0.0,1
172.902,0,0,0.0,0.0,1
172.902,0,0,0.0,0.0,1
172.902,0,0,0.0,0.0,1
172.902,0,0,0.0,0.0,1
172.902,0,0,0.0,0.0,1
173.002,0,0,0.0,0.0,1
173.002,0,0,0.0,0.0,1
173.002,0,0,0.0,0.0,1
173.002,0,0,0.0,0.0,1
173.002,0,0,0.0,0.0,1
173.102,0,0,0.0,0.0,1
173.102,0,0,0.0,0.0,1
173.102,0,0,0.0,0.0,1
173.102,0,0,0.0,0.0,1
173.102,0,0,0.0,0.0,1
173.202,0,0,0.0,0.0,1
173.202,0,0,0.0,0.0,1
173.202,0,0,0.0,0.0,1
173.202,0,0,0.0,0.0,1
173.202,0,0,0.0,0.0,1
173.302,0,0,0.0,0.0,1
173.302,0,0,0.0,0.0,1
173.302,0,0,0.0,0.0,1
173.302,0,0,0.0,0.0,1
173.302,0,0,0.0,0.0,1
173.302,0,0,0.0,0.0,1
173.402,0,0,0.0,0.0,1
173.402,0,0,0.0,0.0,1
173.402,0,0,0.0,0.0,1
173.402,0,0,0.0,0.0,1
173.402,0,0,0.0,0.0,1
173.502,0,0,0.0,0.0,1
173.502,0,0,0.0,0.0,1
173.502,0,0,0.0,0.0,1
173.502,0,0,0.0,0.0,1
173.502,0,0,0.0,0.0,1
173.602,0,0,0.0,0.0,1
173.602,0,0,0.0,0.0,1
173.602,0,0,0.0,0.0,1
173.602,0,0,0.0,0.0,1
173.602,0,0,0.0,0.0,1
173.702,0,0,0.0,0.0,1
173.702,0,0,0.0,0.0,1
173.702,0,0,0.0,0.0,1
173.702,0,0,0.0,0.0,1
173.702,0,0,0.0,0.0,1
173.702,0,0,0.0,0.0,1
173.802,0,0,0.0,0.0,1
173.802,0,0,0.0,0.0,1
173.802,0,0,0.0,0.0,1
173.802,0,0,0.0,0.0,1
173.802,0,0,0.0,0.0,1
173.902,0,0,0.0,0.0,1
173.902,0,0,0.0,0.0,1
173.902,0,0,0.0,0.0,1
173.902,0,0,0.0,0.0,1
173.902,0,0,0.0,0.0,1
174.002,0,0,0.0,0.0,1
174.002,0,0,0.0,0.0,1
174.002,0,0,0.0,0.0,1
174.002,0,0,0.0,0.0,1
174.002,0,0,0.0,0.0,1
174.102,0,0,0.0,0.0,1
174.102,0,0,0.0,0.0,1
174.102,0,0,0.0,0.0,1
174.102,0,0,0.0,0.0,1
174.102,0,0,0.0,0.0,1
174.202,0,0,0.0,0.0,1
174.202,0,0,0.0,0.0,1
174.202,0,0,0.0,0.0,1
174.202,0,0,0.0,0.0,1
174.202,0,0,0.0,0.0,1
174.202,0,0,0.0,0.0,1
174.302,0,0,0.0,0.0,1
174.302,0,0,0.0,0.0,1
174.302,0,0,0.0,0.0,1
174.302,0,0,0.0,0.0,1
174.302,0,0,0.0,0.0,1
174.402,0,0,0.0,0.0,1
174.402,0,0,0.0,0.0,1
174.402,0,0,0.0,0.0,1
174.402,0,0,0.0,0.0,1
174.402,0,0,0.0,0.0,1
174.502,0,0,0.0,0.0,1
174.502,0,0,0.0,0.0,1
174.502,0,0,0.0,0.0,1
174.502,0,0,0.0,0.0,1
174.502,0,0,0.0,0.0,1
174.602,0,0,0.0,0.0,1
174.602,0,0,0.0,0.0,1
174.602,0,0,0.0,0.0,1
174.602,0,0,0.0,0.0,1
174.602,0,0,0.0,0.0,1
174.702,0,0,0.0,0.0,1
174.702,0,0,0.0,0.0,1
174.702,0,0,0.0,0.0,1
174.702,0,0,0.0,0.0,1
174.702,0,0,0.0,0.0,1
174.702,0,0,0.0,0.0,1
174.802,0,0,0.0,0.0,1
174.802,0,0,0.0,0.0,1
174.802,0,0,0.0,0.0,1
174.802,0,0,0.0,0.0,1
174.802,0,0,0.0,0.0,1
174.902,0,0,0.0,0.0,1
174.902,0,0,0.0,0.0,1
174.902,0,0,0.0,0.0,1
174.902,0,0,0.0,0.0,1
174.902,0,0,0.0,0.0,1
175.002,0,0,0.0,0.0,1
175.002,0,0,0.0,0.0,1
175.002,0,0,0.0,0.0,1
175.002,0,0,0.0,0.0,1
175.002,0,0,0.0,0.0,1
175.102,0,0,0.0,0.0,1
175.102,0,0,0.0,0.0,1
175.102,0,0,0.0,0.0,1
175.102,0,0,0.0,0.0,1
175.102,0,0,0.0,0.0,1
175.102,0,0,0.0,0.0,1
175.202,0,0,0.0,0.0,1
175.202,0,0,0.0,0.0,1
175.202,0,0,0.0,0.0,1
175.202,0,0,0.0,0.0,1
175.202,0,0,0.0,0.0,1
175.302,0,0,0.0,0.0,1
175.302,0,0,0.0,0.0,1
175.302,0,0,0.0,0.0,1
175.302,0,0,0.0,0.0,1
175.302,0,0,0.0,0.0,1
175.402,0,0,0.0,0.0,1
175.402,0,0,0.0,0.0,1
175.402,0,0,0.0,0.0,1
175.402,0,0,0.0,0.0,1
175.402,0,0,0.0,0.0,1
175.502,0,0,0.0,0.0,1
175.502,0,0,0.0,0.0,1
175.502,0,0,0.0,0.0,1
175.502,0,0,0.0,0.0,1
175.502,0,0,0.0,0.0,1
175.602,0,0,0.0,0.0,1
175.602,0,0,0.0,0.0,1
175.602,0,0,0.0,0.0,1
175.602,0,0,0.0,0.0,1
175.602,0,0,0.0,0.0,1
175.602,0,0,0.0,0.0,1
175.702,0,0,0.0,0.0,1
175.702,0,0,0.0,0.0,1
175.702,0,0,0.0,0.0,1
175.702,0,0,0.0,0.0,1
175.702,0,0,0.0,0.0,1
175.802,0,0,0.0,0.0,1
175.802,0,0,0.0,0.0,1
175.802,0,0,0.0,0.0,1
175.802,0,0,0.0,0.0,1
175.802,0,0,0.0,0.0,1
175.902,0,0,0.0,0.0,1
175.902,0,0,0.0,0.0,1
175.902,0,0,0.0,0.0,1
175.902,0,0,0.0,0.0,1
175.902,0,0,0.0,0.0,1
176.002,0,0,0.0,0.0,1
176.002,0,0,0.0,0.0,1
176.002,0,0,0.0,0.0,1
176.002,0,0,0.0,0.0,1
176.002,0,0,0.0,0.0,1
176.002,0,0,0.0,0.0,1
176.102,0,0,0.0,0.0,1
176.102,0,0,0.0,0.0,1
176.102,0,0,0.0,0.0,1
176.102,0,0,0.0,0.0,1
176.102,0,0,0.0,0.0,1
176.202,0,0,0.0,0.0,1
176.202,0,0,0.0,0.0,1
176.202,0,0,0.0,0.0,1
176.202,0,0,0.0,0.0,1
176.202,0,0,0.0,0.0,1
176.302,0,0,0.0,0.0,1
176.302,0,0,0.0,0.0,1
176.302,0,0,0.0,0.0,1
176.302,0,0,0.0,0.0,1
176.302,0,0,0.0,0.0,1
176.402,0,0,0.0,0.0,1
176.402,0,0,0.0,0.0,1
176.402,0,0,0.0,0.0,1
176.402,0,0,0.0,0.0,1
176.402,0,0,0.0,0.0,1
176.502,0,0,0.0,0.0,1
176.502,0,0,0.0,0.0,1
176.502,0,0,0.0,0.0,1
176.502,0,0,0.0,0.0,1
176.502,0,0,0.0,0.0,1
176.502,0,0,0.0,0.0,1
176.602,0,0,0.0,0.0,1
176.602,0,0,0.0,0.0,1
176.602,0,0,0.0,0.0,1
176.602,0,0,0.0,0.0,1
176.602,0,0,0.0,0.0,1
176.702,0,0,0.0,0.0,1
176.702,0,0,0.0,0.0,1
176.702,0,0,0.0,0.0,1
176.702,0,0,0.0,0.0,1
176.702,0,0,0.0,0.0,1
176.802,0,0,0.0,0.0,1
176.802,0,0,0.0,0.0,1
176.802,0,0,0.0,0.0,1
176.802,0,0,0.0,0.0,1
176.802,0,0,0.0,0.0,1
176.902,0,0,0.0,0.0,1
176.902,0,0,0.0,0.0,1
176.902,0,0,0.0,0.0,1
176.902,0,0,0.0,0.0,1
176.902,0,0,0.0,0.0,1
177.002,0,0,0.0,0.0,1
177.002,0,0,0.0,0.0,1
177.002,0,0,0.0,0.0,1
177.002,0,0,0.0,0.0,1
177.002,0,0,0.0,0.0,1
177.002,0,0,0.0,0.0,1
177.102,0,0,0.0,0.0,1
177.102,0,0,0.0,0.0,1
177.102,0,0,0.0,0.0,1
177.102,0,0,0.0,0.0,1
177.102,0,0,0.0,0.0,1
177.202,0,0,0.0,0.0,1
177.202,0,0,0.0,0.0,1
177.202,0,0,0.0,0.0,1
177.202,0,0,0.0,0.0,1
177.202,0,0,0.0,0.0,1
177.302,0,0,0.0,0.0,1
177.302,0,0,0.0,0.0,1
177.302,0,0,0.0,0.0,1
177.302,0,0,0.0,0.0,1
177.302,0,0,0.0,0.0,1
177.402,0,0,0.0,0.0,1
177.402,0,0,0.0,0.0,1
177.402,0,0,0.0,0.0,1
177.402,0,0,0.0,0.0,1
177.402,0,0,0.0,0.0,1
177.402,0,0,0.0,0.0,1
177.502,0,0,0.0,0.0,1
177.502,0,0,0.0,0.0,1
177.502,0,0,0.0,0.0,1
177.502,0,0,0.0,0.0,1
177.502,0,0,0.0,0.0,1
177.602,0,0,0.0,0.0,1
177.602,0,0,0.0,0.0,1
177.602,0,0,0.0,0.0,1
177.602,0,0,0.0,0.0,1
177.602,0,0,0.0,0.0,1
177.702,0,0,0.0,0.0,1
177.702,0,0,0.0,0.0,1
177.702,0,0,0.0,0.0,1
177.702,0,0,0.0,0.0,1
177.702,0,0,0.0,0.0,1
177.802,0,0,0.0,0.0,1
177.802,0,0,0.0,0.0,1
177.802,0,0,0.0,0.0,1
177.802,0,0,0.0,0.0,1
177.802,0,0,0.0,0.0,1
177.902,0,0,0.0,0.0,1
177.902,0,0,0.0,0.0,1
177.902,0,0,0.0,0.0,1
177.902,0,0,0.0,0.0,1
177.902,0,0,0.0,0.0,1
177.902,0,0,0.0,0.0,1
178.002,0,0,0.0,0.0,1
178.002,0,0,0.0,0.0,1
178.002,0,0,0.0,0.0,1
178.002,0,0,0.0,0.0,1
178.002,0,0,0.0,0.0,1
178.102,0,0,0.0,0.0,1
178.102,0,0,0.0,0.0,1
178.102,0,0,0.0,0.0,1
178.102,0,0,0.0,0.0,1
178.102,0,0,0.0,0.0,1
178.202,0,0,0.0,0.0,1
178.202,0,0,0.0,0.0,1
178.202,0,0,0.0,0.0,1
178.202,0,0,0.0,0.0,1
178.202,0,0,0.0,0.0,1
178.302,0,0,0.0,0.0,1
178.302,0,0,0.0,0.0,1
178.302,0,0,0.0,0.0,1
178.302,0,0,0.0,0.0,1
178.302,0,0,0.0,0.0,1
178.302,0,0,0.0,0.0,1
178.402,0,0,0.0,0.0,1
178.402,0,0,0.0,0.0,1
178.402,0,0,0.0,0.0,1
178.402,0,0,0.0,0.0,1
178.402,0,0,0.0,0.0,1
178.502,0,0,0.0,0.0,1
178.502,0,0,0.0,0.0,1
178.502,0,0,0.0,0.0,1
178.502,0,0,0.0,0.0,1
178.502,0,0,0.0,0.0,1
178.602,0,0,0.0,0.0,1
178.602,0,0,0.0,0.0,1
178.602,0,0,0.0,0.0,1
178.602,0,0,0.0,0.0,1
178.602,0,0,0.0,0.0,1
178.702,0,0,0.0,0.0,1
178.702,0,0,0.0,0.0,1
178.702,0,0,0.0,0.0,1
178.702,0,0,0.0,0.0,1
178.702,0,0,0.0,0.0,1
178.802,0,0,0.0,0.0,1
178.802,0,0,0.0,0.0,1
178.802,0,0,0.0,0.0,1
178.802,0,0,0.0,0.0,1
178.802,0,0,0.0,0.0,1
178.802,0,0,0.0,0.0,1
178.902,0,0,0.0,0.0,1
178.902,0,0,0.0,0.0,1
178.902,0,0,0.0,0.0,1
178.902,0,0,0.0,0.0,1
178.902,0,0,0.0,0.0,1
179.002,0,0,0.0,0.0,1
179.002,0,0,0.0,0.0,1
179.002,0,0,0.0,0.0,1
179.002,0,0,0.0,0.0,1
179.002,0,0,0.0,0.0,1
179.102,0,0,0.0,0.0,1
179.102,0,0,0.0,0.0,1
179.102,0,0,0.0,0.0,1
179.102,0,0,0.0,0.0,1
179.102,0,0,0.0,0.0,1
179.202,0,0,0.0,0.0,1
179.202,0,0,0.0,0.0,1
179.202,0,0,0.0,0.0,1
179.202,0,0,0.0,0.0,1
179.202,0,0,0.0,0.0,1
179.302,0,0,0.0,0.0,1
179.302,0,0,0.0,0.0,1
179.302,0,0,0.0,0.0,1
179.302,0,0,0.0,0.0,1
179.302,0,0,0.0,0.0,1
179.302,0,0,0.0,0.0,1
179.402,0,0,0.0,0.0,1
179.402,0,0,0.0,0.0,1
179.402,0,0,0.0,0.0,1
179.402,0,0,0.0,0.0,1
179.402,0,0,0.0,0.0,1
179.502,0,0,0.0,0.0,1
179.502,0,0,0.0,0.0,1
179.502,0,0,0.0,0.0,1
179.502,0,0,0.0,0.0,1
179.502,0,0,0.0,0.0,1
179.602,0,0,0.0,0.0,1
179.602,0,0,0.0,0.0,1
179.602,0,0,0.0,0.0,1
179.602,0,0,0.0,0.0,1
179.602,0,0,0.0,0.0,1
179.702,0,0,0.0,0.0,1
179.702,0,0,0.0,0.0,1
179.702,0,0,0.0,0.0,1
179.702,0,0,0.0,0.0,1
179.702,0,0,0.0,0.0,1
179.702,0,0,0.0,0.0,1
179.802,0,0,0.0,0.0,1
179.802,0,0,0.0,0.0,1
179.802,0,0,0.0,0.0,1
179.802,0,0,0.0,0.0,1
179.802,0,0,0.0,0.0,1
179.902,0,0,0.0,0.0,1
179.902,0,0,0.0,0.0,1
179.902,0,0,0.0,0.0,1
179.902,0,0,0.0,0.0,1
179.902,0,0,0.0,0.0,1
180.002,0,0,0.0,0.0,1
180.002,0,0,0.0,0.0,1
180.002,0,0,0.0,0.0,1
180.002,0,0,0.0,0.0,1
180.002,0,0,0.0,0.0,1
180.102,0,0,0.0,0.0,1
180.102,0,0,0.0,0.0,1
180.102,0,0,0.0,0.0,1
180.102,0,0,0.0,0.0,1
180.102,0,0,0.0,0.0,1
180.202,0,0,0.0,0.0,1
180.202,0,0,0.0,0.0,1
180.202,0,0,0.0,0.0,1
180.202,0,0,0.0,0.0,1
180.202,0,0,0.0,0.0,1
180.202,0,0,0.0,0.0,1
180.302,0,0,0.0,0.0,1
180.302,0,0,0.0,0.0,1
180.302,0,0,0.0,0.0,1
180.302,0,0,0.0,0.0,1
180.302,0,0,0.0,0.0,1
180.402,0,0,0.0,0.0,1
180.402,0,0,0.0,0.0,1
180.402,0,0,0.0,0.0,1
180.402,0,0,0.0,0.0,1
180.402,0,0,0.0,0.0,1
180.502,0,0,0.0,0.0,1
180.502,0,0,0.0,0.0,1
180.502,0,0,0.0,0.0,1
180.502,0,0,0.0,0.0,1
180.502,0,0,0.0,0.0,1
180.602,0,0,0.0,0.0,1
180.602,0,0,0.0,0.0,1
180.602,0,0,0.0,0.0,1
180.602,0,0,0.0,0.0,1
180.602,0,0,0.0,0.0,1
180.602,0,0,0.0,0.0,1
180.702,0,0,0.0,0.0,1
180.702,0,0,0.0,0.0,1
180.702,0,0,0.0,0.0,1
180.702,0,0,0.0,0.0,1
180.702,0,0,0.0,0.0,1
180.802,0,0,0.0,0.0,1
180.802,0,0,0.0,0.0,1
180.802,0,0,0.0,0.0,1
180.802,0,0,0.0,0.0,1
180.802,0,0,0.0,0.0,1
180.902,0,0,0.0,0.0,1
180.902,0,0,0.0,0.0,1
180.902,0,0,0.0,0.0,1
180.902,0,0,0.0,0.0,1
180.902,0,0,0.0,0.0,1
181.002,0,0,0.0,0.0,1
181.002,0,0,0.0,0.0,1
181.002,0,0,0.0,0.0,1
181.002,0,0,0.0,0.0,1
181.002,0,0,0.0,0.0,1
181.102,0,0,0.0,0.0,1
181.102,0,0,0.0,0.0,1
181.102,0,0,0.0,0.0,1
181.102,0,0,0.0,0.0,1
181.102,0,0,0.0,0.0,1
181.102,0,0,0.0,0.0,1
181.202,0,0,0.0,0.0,1
181.202,0,0,0.0,0.0,1
181.202,0,0,0.0,0.0,1
181.202,0,0,0.0,0.0,1
181.202,0,0,0.0,0.0,1
181.302,0,0,0.0,0.0,1
181.302,0,0,0.0,0.0,1
181.302,0,0,0.0,0.0,1
181.302,0,0,0.0,0.0,1
181.302,0,0,0.0,0.0,1
181.402,0,0,0.0,0.0,1
181.402,0,0,0.0,0.0,1
181.402,0,0,0.0,0.0,1
181.402,0,0,0.0,0.0,1
181.402,0,0,0.0,0.0,1
181.502,0,0,0.0,0.0,1
181.502,0,0,0.0,0.0,1
181.502,0,0,0.0,0.0,1
181.502,0,0,0.0,0.0,1
181.502,0,0,0.0,0.0,1
181.502,0,0,0.0,0.0,1
181.602,0,0,0.0,0.0,1
181.602,0,0,0.0,0.0,1
181.602,0,0,0.0,0.0,1
181.602,0,0,0.0,0.0,1
181.602,0,0,0.0,0.0,1
181.702,0,0,0.0,0.0,1
181.702,0,0,0.0,0.0,1
181.702,0,0,0.0,0.0,1
181.702,0,0,0.0,0.0,1
181.702,0,0,0.0,0.0,1
181.802,0,0,0.0,0.0,1
181.802,0,0,0.0,0.0,1
181.802,0,0,0.0,0.0,1
181.802,0,0,0.0,0.0,1
181.802,0,0,0.0,0.0,1
181.902,0,0,0.0,0.0,1
181.902,0,0,0.0,0.0,1
181.902,0,0,0.0,0.0,1
181.902,0,0,0.0,0.0,1
181.902,0,0,0.0,0.0,1
182.002,0,0,0.0,0.0,1
182.002,0,0,0.0,0.0,1
182.002,0,0,0.0,0.0,1
182.002,0,0,0.0,0.0,1
182.002,0,0,0.0,0.0,1
182.002,0,0,0.0,0.0,1
182.102,0,0,0.0,0.0,1
182.102,0,0,0.0,0.0,1
182.102,0,0,0.0,0.0,1
182.102,0,0,0.0,0.0,1
182.102,0,0,0.0,0.0,1
182.202,0,0,0.0,0.0,1
182.202,0,0,0.0,0.0,1
182.202,0,0,0.0,0.0,1
182.202,0,0,0.0,0.0,1
182.202,0,0,0.0,0.0,1
182.302,0,0,0.0,0.0,1
182.302,0,0,0.0,0.0,1
182.302,0,0,0.0,0.0,1
182.302,0,0,0.0,0.0,1
182.302,0,0,0.0,0.0,1
182.402,0,0,0.0,0.0,1
182.402,0,0,0.0,0.0,1
182.402,0,0,0.0,0.0,1
182.402,0,0,0.0,0.0,1
182.402,0,0,0.0,0.0,1
182.502,0,0,0.0,0.0,1
182.502,0,0,0.0,0.0,1
182.502,0,0,0.0,0.0,1
182.502,0,0,0.0,0.0,1
182.502,0,0,0.0,0.0,1
182.502,0,0,0.0,0.0,1
182.602,0,0,0.0,0.0,1
182.602,0,0,0.0,0.0,1
182.602,0,0,0.0,0.0,1
182.602,0,0,0.0,0.0,1
182.602,0,0,0.0,0.0,1
182.702,0,0,0.0,0.0,1
182.702,0,0,0.0,0.0,1
182.702,0,0,0.0,0.0,1
182.702,0,0,0.0,0.0,1
182.702,0,0,0.0,0.0,1
182.802,0,0,0.0,0.0,1
182.802,0,0,0.0,0.0,1
182.802,0,0,0.0,0.0,1
182.802,0,0,0.0,0.0,1
182.802,0,0,0.0,0.0,1
182.902,0,0,0.0,0.0,1
182.902,0,0,0.0,0.0,1
182.902,0,0,0.0,0.0,1
182.902,0,0,0.0,0.0,1
182.902,0,0,0.0,0.0,1
182.902,0,0,0.0,0.0,1
183.002,0,0,0.0,0.0,1
183.002,0,0,0.0,0.0,1
183.002,0,0,0.0,0.0,1
183.002,0,0,0.0,0.0,1
183.002,0,0,0.0,0.0,1
183.102,0,0,0.0,0.0,1
183.102,0,0,0.0,0.0,1
183.102,0,0,0.0,0.0,1
183.102,0,0,0.0,0.0,1
183.102,0,0,0.0,0.0,1
183.202,0,0,0.0,0.0,1
183.202,0,0,0.0,0.0,1
183.202,0,0,0.0,0.0,1
183.202,0,0,0.0,0.0,1
183.202,0,0,0.0,0.0,1
183.302,0,0,0.0,0.0,1
183.302,0,0,0.0,0.0,1
183.302,0,0,0.0,0.0,1
183.302,0,0,0.0,0.0,1
183.302,0,0,0.0,0.0,1
183.402,0,0,0.0,0.0,1
183.402,0,0,0.0,0.0,1
183.402,0,0,0.0,0.0,1
183.402,0,0,0.0,0.0,1
183.402,0,0,0.0,0.0,1
183.402,0,0,0.0,0.0,1
183.502,0,0,0.0,0.0,1
183.502,0,0,0.0,0.0,1
183.502,0,0,0.0,0.0,1
183.502,0,0,0.0,0.0,1
183.502,0,0,0.0,0.0,1
183.602,0,0,0.0,0.0,1
183.602,0,0,0.0,0.0,1
183.602,0,0,0.0,0.0,1
183.602,0,0,0.0,0.0,1
183.602,0,0,0.0,0.0,1
183.702,0,0,0.0,0.0,1
183.702,0,0,0.0,0.0,1
183.702,0,0,0.0,0.0,1
183.702,0,0,0.0,0.0,1
183.702,0,0,0.0,0.0,1
183.802,0,0,0.0,0.0,1
183.802,0,0,0.0,0.0,1
183.802,0,0,0.0,0.0,1
183.802,0,0,0.0,0.0,1
183.802,0,0,0.0,0.0,1
183.802,0,0,0.0,0.0,1
183.902,0,0,0.0,0.0,1
183.902,0,0,0.0,0.0,1
183.902,0,0,0.0,0.0,1
183.902,0,0,0.0,0.0,1
183.902,0,0,0.0,0.0,1
184.002,0,0,0.0,0.0,1
184.002,0,0,0.0,0.0,1
184.002,0,0,0.0,0.0,1
184.002,0,0,0.0,0.0,1
184.002,0,0,0.0,0.0,1
184.102,0,0,0.0,0.0,1
184.102,0,0,0.0,0.0,1
184.102,0,0,0.0,0.0,1
184.102,0,0,0.0,0.0,1
184.102,0,0,0.0,0.0,1
184.202,0,0,0.0,0.0,1
184.202,0,0,0.0,0.0,1
184.202,0,0,0.0,0.0,1
184.202,0,0,0.0,0.0,1
184.202,0,0,0.0,0.0,1
184.302,0,0,0.0,0.0,1
184.302,0,0,0.0,0.0,1
184.302,0,0,0.0,0.0,1
184.302,0,0,0.0,0.0,1
184.302,0,0,0.0,0.0,1
184.302,0,0,0.0,0.0,1
184.402,0,0,0.0,0.0,1
184.402,0,0,0.0,0.0,1
184.402,0,0,0.0,0.0,1
184.402,0,0,0.0,0.0,1
184.402,0,0,0.0,0.0,1
184.502,0,0,0.0,0.0,1
184.502,0,0,0.0,0.0,1
184.502,0,0,0.0,0.0,1
184.502,0,0,0.0,0.0,1
184.502,0,0,0.0,0.0,1
184.602,0,0,0.0,0.0,1
184.602,0,0,0.0,0.0,1
184.602,0,0,0.0,0.0,1
184.602,0,0,0.0,0.0,1
184.602,0,0,0.0,0.0,1
184.702,0,0,0.0,0.0,1
184.702,0,0,0.0,0.0,1
184.702,0,0,0.0,0.0,1
184.702,0,0,0.0,0.0,1
184.702,0,0,0.0,0.0,1
184.702,0,0,0.0,0.0,1
184.802,0,0,0.0,0.0,1
184.802,0,0,0.0,0.0,1
184.802,0,0,0.0,0.0,1
184.802,0,0,0.0,0.0,1
184.802,0,0,0.0,0.0,1
184.902,0,0,0.0,0.0,1
184.902,0,0,0.0,0.0,1
184.902,0,0,0.0,0.0,1
184.902,0,0,0.0,0.0,1
184.902,0,0,0.0,0.0,1
185.002,0,0,0.0,0.0,1
185.002,0,0,0.0,0.0,1
185.002,0,0,0.0,0.0,1
185.002,0,0,0.0,0.0,1
185.002,0,0,0.0,0.0,1
185.102,0,0,0.0,0.0,1
185.102,0,0,0.0,0.0,1
185.102,0,0,0.0,0.0,1
185.102,0,0,0.0,0.0,1
185.102,0,0,0.0,0.0,1
185.202,0,0,0.0,0.0,1
185.202,0,0,0.0,0.0,1
185.202,0,0,0.0,0.0,1
185.202,0,0,0.0,0.0,1
185.202,0,0,0.0,0.0,1
185.202,0,0,0.0,0.0,1
185.302,0,0,0.0,0.0,1
185.302,0,0,0.0,0.0,1
185.302,0,0,0.0,0.0,1
185.302,0,0,0.0,0.0,1
185.302,0,0,0.0,0.0,1
185.402,0,0,0.0,0.0,1
185.402,0,0,0.0,0.0,1
185.402,0,0,0.0,0.0,1
185.402,0,0,0.0,0.0,1
185.402,0,0,0.0,0.0,1
185.502,0,0,0.0,0.0,1
185.502,0,0,0.0,0.0,1
185.502,0,0,0.0,0.0,1
185.502,0,0,0.0,0.0,1
185.502,0,0,0.0,0.0,1
185.602,0,0,0.0,0.0,1
185.602,0,0,0.0,0.0,1
185.602,0,0,0.0,0.0,1
185.602,0,0,0.0,0.0,1
185.602,0,0,0.0,0.0,1
185.602,0,0,0.0,0.0,1
185.702,0,0,0.0,0.0,1
185.702,0,0,0.0,0.0,1
185.702,0,0,0.0,0.0,1
185.702,0,0,0.0,0.0,1
185.702,0,0,0.0,0.0,1
185.802,0,0,0.0,0.0,1
185.802,0,0,0.0,0.0,1
185.802,0,0,0.0,0.0,1
185.802,0,0,0.0,0.0,1
185.802,0,0,0.0,0.0,1
185.902,0,0,0.0,0.0,1
185.902,0,0,0.0,0.0,1
185.902,0,0,0.0,0.0,1
185.902,0,0,0.0,0.0,1
185.902,0,0,0.0,0.0,1
186.002,0,0,0.0,0.0,1
186.002,0,0,0.0,0.0,1
186.002,0,0,0.0,0.0,1
186.002,0,0,0.0,0.0,1
186.002,0,0,0.0,0.0,1
186.102,0,0,0.0,0.0,1
186.102,0,0,0.0,0.0,1
186.102,0,0,0.0,0.0,1
186.102,0,0,0.0,0.0,1
186.102,0,0,0.0,0.0,1
186.102,0,0,0.0,0.0,1
186.202,0,0,0.0,0.0,1
186.202,0,0,0.0,0.0,1
186.202,0,0,0.0,0.0,1
186.202,0,0,0.0,0.0,1
186.202,0,0,0.0,0.0,1
186.302,0,0,0.0,0.0,1
186.302,0,0,0.0,0.0,1
186.302,0,0,0.0,0.0,1
186.302,0,0,0.0,0.0,1
186.302,0,0,0.0,0.0,1
186.402,0,0,0.0,0.0,1
186.402,0,0,0.0,0.0,1
186.402,0,0,0.0,0.0,1
186.402,0,0,0.0,0.0,1
186.402,0,0,0.0,0.0,1
186.502,0,0,0.0,0.0,1
186.502,0,0,0.0,0.0,1
186.502,0,0,0.0,0.0,1
186.502,0,0,0.0,0.0,1
186.502,0,0,0.0,0.0,1
186.602,0,0,0.0,0.0,1
186.602,0,0,0.0,0.0,1
186.602,0,0,0.0,0.0,1
186.602,0,0,0.0,0.0,1
186.602,0,0,0.0,0.0,1
186.602,0,0,0.0,0.0,1
186.702,0,0,0.0,0.0,1
186.702,0,0,0.0,0.0,1
186.702,0,0,0.0,0.0,1
186.702,0,0,0.0,0.0,1
186.702,0,0,0.0,0.0,1
186.802,0,0,0.0,0.0,1
186.802,0,0,0.0,0.0,1
186.802,0,0,0.0,0.0,1
186.802,0,0,0.0,0.0,1
186.802,0,0,0.0,0.0,1
186.902,0,0,0.0,0.0,1
186.902,0,0,0.0,0.0,1
186.902,0,0,0.0,0.0,1
186.902,0,0,0.0,0.0,1
186.902,0,0,0.0,0.0,1
187.002,0,0,0.0,0.0,1
187.002,0,0,0.0,0.0,1
187.002,0,0,0.0,0.0,1
187.002,0,0,0.0,0.0,1
187.002,0,0,0.0,0.0,1
187.002,0,0,0.0,0.0,1
187.102,0,0,0.0,0.0,1
187.102,0,0,0.0,0.0,1
187.102,0,0,0.0,0.0,1
187.102,0,0,0.0,0.0,1
187.102,0,0,0.0,0.0,1
187.202,0,0,0.0,0.0,1
187.202,0,0,0.0,0.0,1
187.202,0,0,0.0,0.0,1
187.202,0,0,0.0,0.0,1
187.202,0,0,0.0,0.0,1
187.302,0,0,0.0,0.0,1
187.302,0,0,0.0,0.0,1
187.302,0,0,0.0,0.0,1
187.302,0,0,0.0,0.0,1
187.302,0,0,0.0,0.0,1
187.402,0,0,0.0,0.0,1
187.402,0,0,0.0,0.0,1
187.402,0,0,0.0,0.0,1
187.402,0,0,0.0,0.0,1
187.402,0,0,0.0,0.0,1
187.502,0,0,0.0,0.0,1
187.502,0,0,0.0,0.0,1
187.502,0,0,0.0,0.0,1
187.502,0,0,0.0,0.0,1
187.502,0,0,0.0,0.0,1
187.502,0,0,0.0,0.0,1
187.602,0,0,0.0,0.0,1
187.602,0,0,0.0,0.0,1
187.602,0,0,0.0,0.0,1
187.602,0,0,0.0,0.0,1
187.602,0,0,0.0,0.0,1
187.702,0,0,0.0,0.0,1
187.702,0,0,0.0,0.0,1
187.702,0,0,0.0,0.0,1
187.702,0,0,0.0,0.0,1
187.702,0,0,0.0,0.0,1
187.802,0,0,0.0,0.0,1
187.802,0,0,0.0,0.0,1
187.802,0,0,0.0,0.0,1
187.802,0,0,0.0,0.0,1
187.802,0,0,0.0,0.0,1
187.902,0,0,0.0,0.0,1
187.902,0,0,0.0,0.0,1
187.902,0,0,0.0,0.0,1
187.902,0,0,0.0,0.0,1
187.902,0,0,0.0,0.0,1
187.902,0,0,0.0,0.0,1
188.002,0,0,0.0,0.0,1
188.002,0,0,0.0,0.0,1
188.002,0,0,0.0,0.0,1
188.002,0,0,0.0,0.0,1
188.002,0,0,0.0,0.0,1
188.102,0,0,0.0,0.0,1
188.102,0,0,0.0,0.0,1
188.102,0,0,0.0,0.0,1
188.102,0,0,0.0,0.0,1
188.102,0,0,0.0,0.0,1
188.202,0,0,0.0,0.0,1
188.202,0,0,0.0,0.0,1
188.202,0,0,0.0,0.0,1
188.202,0,0,0.0,0.0,1
188.202,0,0,0.0,0.0,1
188.302,0,0,0.0,0.0,1
188.302,0,0,0.0,0.0,1
188.302,0,0,0.0,0.0,1
188.302,0,0,0.0,0.0,1
188.302,0,0,0.0,0.0,1
188.402,0,0,0.0,0.0,1
188.402,0,0,0.0,0.0,1
188.402,0,0,0.0,0.0,1
188.402,0,0,0.0,0.0,1
188.402,0,0,0.0,0.0,1
188.402,0,0,0.0,0.0,1
188.502,0,0,0.0,0.0,1
188.502,0,0,0.0,0.0,1
188.502,0,0,0.0,0.0,1
188.502,0,0,0.0,0.0,1
188.502,0,0,0.0,0.0,1
188.602,0,0,0.0,0.0,1
188.602,0,0,0.0,0.0,1
188.602,0,0,0.0,0.0,1
188.602,0,0,0.0,0.0,1
188.602,0,0,0.0,0.0,1
188.702,0,0,0.0,0.0,1
188.702,0,0,0.0,0.0,1
188.702,0,0,0.0,0.0,1
188.702,0,0,0.0,0.0,1
188.702,0,0,0.0,0.0,1
188.802,0,0,0.0,0.0,1
188.802,0,0,0.0,0.0,1
188.802,0,0,0.0,0.0,1
188.802,0,0,0.0,0.0,1
188.802,0,0,0.0,0.0,1
188.902,0,0,0.0,0.0,1
188.902,0,0,0.0,0.0,1
188.902,0,0,0.0,0.0,1
188.902,0,0,0.0,0.0,1
188.902,0,0,0.0,0.0,1
188.902,0,0,0.0,0.0,1
189.002,0,0,0.0,0.0,1
189.002,0,0,0.0,0.0,1
189.002,0,0,0.0,0.0,1
189.002,0,0,0.0,0.0,1
189.002,0,0,0.0,0.0,1
189.102,0,0,0.0,0.0,1
189.102,0,0,0.0,0.0,1
189.102,0,0,0.0,0.0,1
189.102,0,0,0.0,0.0,1
189.102,0,0,0.0,0.0,1
189.202,0,0,0.0,0.0,1
189.202,0,0,0.0,0.0,1
189.202,0,0,0.0,0.0,1
189.202,0,0,0.0,0.0,1
189.202,0,0,0.0,0.0,1
189.302,0,0,0.0,0.0,1
189.302,0,0,0.0,0.0,1
189.302,0,0,0.0,0.0,1
189.302,0,0,0.0,0.0,1
189.302,0,0,0.0,0.0,1
189.302,0,0,0.0,0.0,1
189.402,0,0,0.0,0.0,1
189.402,0,0,0.0,0.0,1
189.402,0,0,0.0,0.0,1
189.402,0,0,0.0,0.0,1
189.402,0,0,0.0,0.0,1
189.502,0,0,0.0,0.0,1
189.502,0,0,0.0,0.0,1
189.502,0,0,0.0,0.0,1
189.502,0,0,0.0,0.0,1
189.502,0,0,0.0,0.0,1
189.602,0,0,0.0,0.0,1
189.602,0,0,0.0,0.0,1
189.602,0,0,0.0,0.0,1
189.602,0,0,0.0,0.0,1
189.602,0,0,0.0,0.0,1
189.702,0,0,0.0,0.0,1
189.702,0,0,0.0,0.0,1
189.702,0,0,0.0,0.0,1
189.702,0,0,0.0,0.0,1
189.702,0,0,0.0,0.0,1
189.802,0,0,0.0,0.0,1
189.802,0,0,0.0,0.0,1
189.802,0,0,0.0,0.0,1
189.802,0,0,0.0,0.0,1
189.802,0,0,0.0,0.0,1
189.802,0,0,0.0,0.0,1
189.902,0,0,0.0,0.0,1
189.902,0,0,0.0,0.0,1
189.902,0,0,0.0,0.0,1
189.902,0,0,0.0,0.0,1
189.902,0,0,0.0,0.0,1
190.002,0,0,0.0,0.0,1
190.002,0,0,0.0,0.0,1
190.002,0,0,0.0,0.0,1
190.002,0,0,0.0,0.0,1
190.002,0,0,0.0,0.0,1
190.102,0,0,0.0,0.0,1
190.102,0,0,0.0,0.0,1
190.102,0,0,0.0,0.0,1
190.102,0,0,0.0,0.0,1
190.102,0,0,0.0,0.0,1
190.202,0,0,0.0,0.0,1
190.202,0,0,0.0,0.0,1
190.202,0,0,0.0,0.0,1
190.202,0,0,0.0,0.0,1
190.202,0,0,0.0,0.0,1
190.202,0,0,0.0,0.0,1
190.302,0,0,0.0,0.0,1
190.302,0,0,0.0,0.0,1
190.302,0,0,0.0,0.0,1
190.302,0,0,0.0,0.0,1
190.302,0,0,0.0,0.0,1
190.402,0,0,0.0,0.0,1
190.402,0,0,0.0,0.0,1
190.402,0,0,0.0,0.0,1
190.402,0,0,0.0,0.0,1
190.402,0,0,0.0,0.0,1
190.502,0,0,0.0,0.0,1
190.502,0,0,0.0,0.0,1
190.502,0,0,0.0,0.0,1
190.502,0,0,0.0,0.0,1
190.502,0,0,0.0,0.0,1
190.602,0,0,0.0,0.0,1
190.602,0,0,0.0,0.0,1
190.602,0,0,0.0,0.0,1
190.602,0,0,0.0,0.0,1
190.602,0,0,0.0,0.0,1
190.702,0,0,0.0,0.0,1
190.702,0,0,0.0,0.0,1
190.702,0,0,0.0,0.0,1
190.702,0,0,0.0,0.0,1
190.702,0,0,0.0,0.0,1
190.702,0,0,0.0,0.0,1
190.802,0,0,0.0,0.0,1
190.802,0,0,0.0,0.0,1
190.802,0,0,0.0,0.0,1
190.802,0,0,0.0,0.0,1
190.802,0,0,0.0,0.0,1
190.902,0,0,0.0,0.0,1
190.902,0,0,0.0,0.0,1
190.902,0,0,0.0,0.0,1
190.902,0,0,0.0,0.0,1
190.902,0,0,0.0,0.0,1
191.002,0,0,0.0,0.0,1
191.002,0,0,0.0,0.0,1
191.002,0,0,0.0,0.0,1
191.002,0,0,0.0,0.0,1
191.002,0,0,0.0,0.0,1
191.102,0,0,0.0,0.0,1
191.102,0,0,0.0,0.0,1
191.102,0,0,0.0,0.0,1
191.102,0,0,0.0,0.0,1
191.102,0,0,0.0,0.0,1
191.202,0,0,0.0,0.0,1
191.202,0,0,0.0,0.0,1
191.202,0,0,0.0,0.0,1
191.202,0,0,0.0,0.0,1
191.202,0,0,0.0,0.0,1
191.202,0,0,0.0,0.0,1
191.302,0,0,0.0,0.0,1
191.302,0,0,0.0,0.0,1
191.302,0,0,0.0,0.0,1
191.302,0,0,0.0,0.0,1
191.302,0,0,0.0,0.0,1
191.402,0,0,0.0,0.0,1
191.402,0,0,0.0,0.0,1
191.402,0,0,0.0,0.0,1
191.402,0,0,0.0,0.0,1
191.402,0,0,0.0,0.0,1
191.502,0,0,0.0,0.0,1
191.502,0,0,0.0,0.0,1
191.502,0,0,0.0,0.0,1
191.502,0,0,0.0,0.0,1
191.502,0,0,0.0,0.0,1
191.602,0,0,0.0,0.0,1
191.602,0,0,0.0,0.0,1
191.602,0,0,0.0,0.0,1
191.602,0,0,0.0,0.0,1
191.602,0,0,0.0,0.0,1
191.602,0,0,0.0,0.0,1
191.702,0,0,0.0,0.0,1
191.702,0,0,0.0,0.0,1
191.702,0,0,0.0,0.0,1
191.702,0,0,0.0,0.0,1
191.702,0,0,0.0,0.0,1
191.802,0,0,0.0,0.0,1
191.802,0,0,0.0,0.0,1
191.802,0,0,0.0,0.0,1
191.802,0,0,0.0,0.0,1
191.802,0,0,0.0,0.0,1
191.902,0,0,0.0,0.0,1
191.902,0,0,0.0,0.0,1
191.902,0,0,0.0,0.0,1
191.902,0,0,0.0,0.0,1
191.902,0,0,0.0,0.0,1
192.002,0,0,0.0,0.0,1
192.002,0,0,0.0,0.0,1
192.002,0,0,0.0,0.0,1
192.002,0,0,0.0,0.0,1
192.002,0,0,0.0,0.0,1
192.102,0,0,0.0,0.0,1
192.102,0,0,0.0,0.0,1
192.102,0,0,0.0,0.0,1
192.102,0,0,0.0,0.0,1
192.102,0,0,0.0,0.0,1
192.102,0,0,0.0,0.0,1
192.202,0,0,0.0,0.0,1
192.202,0,0,0.0,0.0,1
192.202,0,0,0.0,0.0,1
192.202,0,0,0.0,0.0,1
192.202,0,0,0.0,0.0,1
192.302,0,0,0.0,0.0,1
192.302,0,0,0.0,0.0,1
192.302,0,0,0.0,0.0,1
192.302,0,0,0.0,0.0,1
192.302,0,0,0.0,0.0,1
192.402,0,0,0.0,0.0,1
192.402,0,0,0.0,0.0,1
192.402,0,0,0.0,0.0,1
192.402,0,0,0.0,0.0,1
192.402,0,0,0.0,0.0,1
192.502,0,0,0.0,0.0,1
192.502,0,0,0.0,0.0,1
192.502,0,0,0.0,0.0,1
192.502,0,0,0.0,0.0,1
192.502,0,0,0.0,0.0,1
192.502,0,0,0.0,0.0,1
192.602,0,0,0.0,0.0,1
192.602,0,0,0.0,0.0,1
192.602,0,0,0.0,0.0,1
192.602,0,0,0.0,0.0,1
192.602,0,0,0.0,0.0,1
192.702,0,0,0.0,0.0,1
192.702,0,0,0.0,0.0,1
192.702,0,0,0.0,0.0,1
192.702,0,0,0.0,0.0,1
192.702,0,0,0.0,0.0,1
192.802,0,0,0.0,0.0,1
192.802,0,0,0.0,0.0,1
192.802,0,0,0.0,0.0,1
192.802,0,0,0.0,0.0,1
192.802,0,0,0.0,0.0,1
192.902,0,0,0.0,0.0,1
192.902,0,0,0.0,0.0,1
192.902,0,0,0.0,0.0,1
192.902,0,0,0.0,0.0,1
192.902,0,0,0.0,0.0,1
193.002,0,0,0.0,0.0,1
193.002,0,0,0.0,0.0,1
193.002,0,0,0.0,0.0,1
193.002,0,0,0.0,0.0,1
193.002,0,0,0.0,0.0,1
193.002,0,0,0.0,0.0,1
193.102,0,0,0.0,0.0,1
193.102,0,0,0.0,0.0,1
193.102,0,0,0.0,0.0,1
193.102,0,0,0.0,0.0,1
193.102,0,0,0.0,0.0,1
193.202,0,0,0.0,0.0,1
193.202,0,0,0.0,0.0,1
193.202,0,0,0.0,0.0,1
193.202,0,0,0.0,0.0,1
193.202,0,0,0.0,0.0,1
193.302,0,0,0.0,0.0,1
193.302,0,0,0.0,0.0,1
193.302,0,0,0.0,0.0,1
193.302,0,0,0.0,0.0,1
193.302,0,0,0.0,0.0,1
193.402,0,0,0.0,0.0,1
193.402,0,0,0.0,0.0,1
193.402,0,0,0.0,0.0,1
193.402,0,0,0.0,0.0,1
193.402,0,0,0.0,0.0,1
193.502,0,0,0.0,0.0,1
193.502,0,0,0.0,0.0,1
193.502,0,0,0.0,0.0,1
193.502,0,0,0.0,0.0,1
193.502,0,0,0.0,0.0,1
193.502,0,0,0.0,0.0,1
193.602,0,0,0.0,0.0,1
193.602,0,0,0.0,0.0,1
193.602,0,0,0.0,0.0,1
193.602,0,0,0.0,0.0,1
193.602,0,0,0.0,0.0,1
193.702,0,0,0.0,0.0,1
193.702,0,0,0.0,0.0,1
193.702,0,0,0.0,0.0,1
193.702,0,0,0.0,0.0,1
193.702,0,0,0.0,0.0,1
193.802,0,0,0.0,0.0,1
193.802,0,0,0.0,0.0,1
193.802,0,0,0.0,0.0,1
193.802,0,0,0.0,0.0,1
193.802,0,0,0.0,0.0,1
193.902,0,0,0.0,0.0,1
193.902,0,0,0.0,0.0,1
193.902,0,0,0.0,0.0,1
193.902,0,0,0.0,0.0,1
193.902,0,0,0.0,0.0,1
193.902,0,0,0.0,0.0,1
194.002,0,0,0.0,0.0,1
194.002,0,0,0.0,0.0,1
194.002,0,0,0.0,0.0,1
194.002,0,0,0.0,0.0,1
194.002,0,0,0.0,0.0,1
194.102,0,0,0.0,0.0,1
194.102,0,0,0.0,0.0,1
194.102,0,0,0.0,0.0,1
194.102,0,0,0.0,0.0,1
194.102,0,0,0.0,0.0,1
194.202,0,0,0.0,0.0,1
194.202,0,0,0.0,0.0,1
194.202,0,0,0.0,0.0,1
194.202,0,0,0.0,0.0,1
194.202,0,0,0.0,0.0,1
194.302,0,0,0.0,0.0,1
194.302,0,0,0.0,0.0,1
194.302,0,0,0.0,0.0,1
194.302,0,0,0.0,0.0,1
194.302,0,0,0.0,0.0,1
194.402,0,0,0.0,0.0,1
194.402,0,0,0.0,0.0,1
194.402,0,0,0.0,0.0,1
194.402,0,0,0.0,0.0,1
194.402,0,0,0.0,0.0,1
194.402,0,0,0.0,0.0,1
194.502,0,0,0.0,0.0,1
194.502,0,0,0.0,0.0,1
194.502,0,0,0.0,0.0,1
194.502,0,0,0.0,0.0,1
194.502,0,0,0.0,0.0,1
194.602,0,0,0.0,0.0,1
194.602,0,0,0.0,0.0,1
194.602,0,0,0.0,0.0,1
194.602,0,0,0.0,0.0,1
194.602,0,0,0.0,0.0,1
194.702,0,0,0.0,0.0,1
194.702,0,0,0.0,0.0,1
194.702,0,0,0.0,0.0,1
194.702,0,0,0.0,0.0,1
194.702,0,0,0.0,0.0,1
194.802,0,0,0.0,0.0,1
194.802,0,0,0.0,0.0,1
194.802,0,0,0.0,0.0,1
194.802,0,0,0.0,0.0,1
194.802,0,0,0.0,0.0,1
194.802,0,0,0.0,0.0,1
194.902,0,0,0.0,0.0,1
194.902,0,0,0.0,0.0,1
194.902,0,0,0.0,0.0,1
194.902,0,0,0.0,0.0,1
194.902,0,0,0.0,0.0,1
195.002,0,0,0.0,0.0,1
195.002,0,0,0.0,0.0,1
195.002,0,0,0.0,0.0,1
195.002,0,0,0.0,0.0,1
195.002,0,0,0.0,0.0,1
195.102,0,0,0.0,0.0,1
195.102,0,0,0.0,0.0,1
195.102,0,0,0.0,0.0,1
195.102,0,0,0.0,0.0,1
195.102,0,0,0.0,0.0,1
195.202,0,0,0.0,0.0,1
195.202,0,0,0.0,0.0,1
195.202,0,0,0.0,0.0,1
195.202,0,0,0.0,0.0,1
195.202,0,0,0.0,0.0,1
195.302,0,0,0.0,0.0,1
195.302,0,0,0.0,0.0,1
195.302,0,0,0.0,0.0,1
195.302,0,0,0.0,0.0,1
195.302,0,0,0.0,0.0,1
195.302,0,0,0.0,0.0,1
195.402,0,0,0.0,0.0,1
195.402,0,0,0.0,0.0,1
195.402,0,0,0.0,0.0,1
195.402,0,0,0.0,0.0,1
195.402,0,0,0.0,0.0,1
195.502,0,0,0.0,0.0,1
195.502,0,0,0.0,0.0,1
195.502,0,0,0.0,0.0,1
195.502,0,0,0.0,0.0,1
195.502,0,0,0.0,0.0,1
195.602,0,0,0.0,0.0,1
195.602,0,0,0.0,0.0,1
195.602,0,0,0.0,0.0,1
195.602,0,0,0.0,0.0,1
195.602,0,0,0.0,0.0,1
195.702,0,0,0.0,0.0,1
195.702,0,0,0.0,0.0,1
195.702,0,0,0.0,0.0,1
195.702,0,0,0.0,0.0,1
195.702,0,0,0.0,0.0,1
195.802,0,0,0.0,0.0,1
195.802,0,0,0.0,0.0,1
195.802,0,0,0.0,0.0,1
195.802,0,0,0.0,0.0,1
195.802,0,0,0.0,0.0,1
195.802,0,0,0.0,0.0,1
195.902,0,0,0.0,0.0,1
195.902,0,0,0.0,0.0,1
195.902,0,0,0.0,0.0,1
195.902,0,0,0.0,0.0,1
195.902,0,0,0.0,0.0,1
196.002,0,0,0.0,0.0,1
196.002,0,0,0.0,0.0,1
196.002,0,0,0.0,0.0,1
196.002,0,0,0.0,0.0,1
196.002,0,0,0.0,0.0,1
196.102,0,0,0.0,0.0,1
196.102,0,0,0.0,0.0,1
196.102,0,0,0.0,0.0,1
196.102,0,0,0.0,0.0,1
196.102,0,0,0.0,0.0,1
196.202,0,0,0.0,0.0,1
196.202,0,0,0.0,0.0,1
196.202,0,0,0.0,0.0,1
196.202,0,0,0.0,0.0,1
196.202,0,0,0.0,0.0,1
196.202,0,0,0.0,0.0,1
196.302,0,0,0.0,0.0,1
196.302,0,0,0.0,0.0,1
196.302,0,0,0.0,0.0,1
196.302,0,0,0.0,0.0,1
196.302,0,0,0.0,0.0,1
196.402,0,0,0.0,0.0,1
196.402,0,0,0.0,0.0,1
196.402,0,0,0.0,0.0,1
196.402,0,0,0.0,0.0,1
196.402,0,0,0.0,0.0,1
196.502,0,0,0.0,0.0,1
196.502,0,0,0.0,0.0,1
196.502,0,0,0.0,0.0,1
196.502,0,0,0.0,0.0,1
196.502,0,0,0.0,0.0,1
196.602,0,0,0.0,0.0,1
196.602,0,0,0.0,0.0,1
196.602,0,0,0.0,0.0,1
196.602,0,0,0.0,0.0,1
196.602,0,0,0.0,0.0,1
196.702,0,0,0.0,0.0,1
196.702,0,0,0.0,0.0,1
196.702,0,0,0.0,0.0,1
196.702,0,0,0.0,0.0,1
196.702,0,0,0.0,0.0,1
196.702,0,0,0.0,0.0,1
196.802,0,0,0.0,0.0,1
196.802,0,0,0.0,0.0,1
196.802,0,0,0.0,0.0,1
196.802,0,0,0.0,0.0,1
196.802,0,0,0.0,0.0,1
196.902,0,0,0.0,0.0,1
196.902,0,0,0.0,0.0,1
196.902,0,0,0.0,0.0,1
196.902,0,0,0.0,0.0,1
196.902,0,0,0.0,0.0,1
197.002,0,0,0.0,0.0,1
197.002,0,0,0.0,0.0,1
197.002,0,0,0.0,0.0,1
197.002,0,0,0.0,0.0,1
197.002,0,0,0.0,0.0,1
197.102,0,0,0.0,0.0,1
197.102,0,0,0.0,0.0,1
197.102,0,0,0.0,0.0,1
197.102,0,0,0.0,0.0,1
197.102,0,0,0.0,0.0,1
197.102,0,0,0.0,0.0,1
197.202,0,0,0.0,0.0,1
197.202,0,0,0.0,0.0,1
197.202,0,0,0.0,0.0,1
197.202,0,0,0.0,0.0,1
197.202,0,0,0.0,0.0,1
197.302,0,0,0.0,0.0,1
197.302,0,0,0.0,0.0,1
197.302,0,0,0.0,0.0,1
197.302,0,0,0.0,0.0,1
197.302,0,0,0.0,0.0,1
197.402,0,0,0.0,0.0,1
197.402,0,0,0.0,0.0,1
197.402,0,0,0.0,0.0,1
197.402,0,0,0.0,0.0,1
197.402,0,0,0.0,0.0,1
197.502,0,0,0.0,0.0,1
197.502,0,0,0.0,0.0,1
197.502,0,0,0.0,0.0,1
197.502,0,0,0.0,0.0,1
197.502,0,0,0.0,0.0,1
197.602,0,0,0.0,0.0,1
197.602,0,0,0.0,0.0,1
197.602,0,0,0.0,0.0,1
197.602,0,0,0.0,0.0,1
197.602,0,0,0.0,0.0,1
197.602,0,0,0.0,0.0,1
197.702,0,0,0.0,0.0,1
197.702,0,0,0.0,0.0,1
197.702,0,0,0.0,0.0,1
197.702,0,0,0.0,0.0,1
197.702,0,0,0.0,0.0,1
197.802,0,0,0.0,0.0,1
197.802,0,0,0.0,0.0,1
197.802,0,0,0.0,0.0,1
197.802,0,0,0.0,0.0,1
197.802,0,0,0.0,0.0,1
197.902,0,0,0.0,0.0,1
197.902,0,0,0.0,0.0,1
197.902,0,0,0.0,0.0,1
197.902,0,0,0.0,0.0,1
197.902,0,0,0.0,0.0,1
198.002,0,0,0.0,0.0,1
198.002,0,0,0.0,0.0,1
198.002,0,0,0.0,0.0,1
198.002,0,0,0.0,0.0,1
198.002,0,0,0.0,0.0,1
198.102,0,0,0.0,0.0,1
198.102,0,0,0.0,0.0,1
198.102,0,0,0.0,0.0,1
198.102,0,0,0.0,0.0,1
198.102,0,0,0.0,0.0,1
198.102,0,0,0.0,0.0,1
198.202,0,0,0.0,0.0,1
198.202,0,0,0.0,0.0,1
198.202,0,0,0.0,0.0,1
198.202,0,0,0.0,0.0,1
198.202,0,0,0.0,0.0,1
198.302,0,0,0.0,0.0,1
198.302,0,0,0.0,0.0,1
198.302,0,0,0.0,0.0,1
198.302,0,0,0.0,0.0,1
198.302,0,0,0.0,0.0,1
198.402,0,0,0.0,0.0,1
198.402,0,0,0.0,0.0,1
198.402,0,0,0.0,0.0,1
198.402,0,0,0.0,0.0,1
198.402,0,0,0.0,0.0,1
198.502,0,0,0.0,0.0,1
198.502,0,0,0.0,0.0,1
198.502,0,0,0.0,0.0,1
198.502,0,0,0.0,0.0,1
198.502,0,0,0.0,0.0,1
198.502,0,0,0.0,0.0,1
198.602,0,0,0.0,0.0,1
198.602,0,0,0.0,0.0,1
198.602,0,0,0.0,0.0,1
198.602,0,0,0.0,0.0,1
198.602,0,0,0.0,0.0,1
198.702,0,0,0.0,0.0,1
198.702,0,0,0.0,0.0,1
198.702,0,0,0.0,0.0,1
198.702,0,0,0.0,0.0,1
198.702,0,0,0.0,0.0,1
198.802,0,0,0.0,0.0,1
198.802,0,0,0.0,0.0,1
198.802,0,0,0.0,0.0,1
198.802,0,0,0.0,0.0,1
198.802,0,0,0.0,0.0,1
198.902,0,0,0.0,0.0,1
198.902,0,0,0.0,0.0,1
198.902,0,0,0.0,0.0,1
198.902,0,0,0.0,0.0,1
198.902,0,0,0.0,0.0,1
199.002,0,0,0.0,0.0,1
199.002,0,0,0.0,0.0,1
199.002,0,0,0.0,0.0,1
199.002,0,0,0.0,0.0,1
199.002,0,0,0.0,0.0,1
199.002,0,0,0.0,0.0,1
199.102,0,0,0.0,0.0,1
199.102,0,0,0.0,0.0,1
199.102,0,0,0.0,0.0,1
199.102,0,0,0.0,0.0,1
199.102,0,0,0.0,0.0,1
199.202,0,0,0.0,0.0,1
199.202,0,0,0.0,0.0,1
199.202,0,0,0.0,0.0,1
199.202,0,0,0.0,0.0,1
199.202,0,0,0.0,0.0,1
199.302,0,0,0.0,0.0,1
199.302,0,0,0.0,0.0,1
199.302,0,0,0.0,0.0,1
199.302,0,0,0.0,0.0,1
199.302,0,0,0.0,0.0,1
199.402,0,0,0.0,0.0,1
199.402,0,0,0.0,0.0,1
199.402,0,0,0.0,0.0,1
199.402,0,0,0.0,0.0,1
199.402,0,0,0.0,0.0,1
199.402,0,0,0.0,0.0,1
199.502,0,0,0.0,0.0,1
199.502,0,0,0.0,0.0,1
199.502,0,0,0.0,0.0,1
199.502,0,0,0.0,0.0,1
199.502,0,0,0.0,0.0,1
199.602,0,0,0.0,0.0,1
199.602,0,0,0.0,0.0,1
199.602,0,0,0.0,0.0,1
199.602,0,0,0.0,0.0,1
199.602,0,0,0.0,0.0,1
199.702,0,0,0.0,0.0,1
199.702,0,0,0.0,0.0,1
199.702,0,0,0.0,0.0,1
199.702,0,0,0.0,0.0,1
199.702,0,0,0.0,0.0,1
199.802,0,0,0.0,0.0,1
199.802,0,0,0.0,0.0,1
199.802,0,0,0.0,0.0,1
199.802,0,0,0.0,0.0,1
199.802,0,0,0.0,0.0,1
199.902,0,0,0.0,0.0,1
199.902,0,0,0.0,0.0,1
199.902,0,0,0.0,0.0,1
199.902,0,0,0.0,0.0,1
199.902,0,0,0.0,0.0,1
199.902,0,0,0.0,0.0,1
200.002,0,0,0.0,0.0,1
200.002,0,0,0.0,0.0,1
200.002,0,0,0.0,0.0,1
200.002,0,0,0.0,0.0,1
200.002,0,0,0.0,0.0,1
200.102,0,0,0.0,0.0,1
200.102,0,0,0.0,0.0,1
200.102,0,0,0.0,0.0,1
200.102,0,0,0.0,0.0,1
200.102,0,0,0.0,0.0,1
200.202,0,0,0.0,0.0,1
200.202,0,0,0.0,0.0,1
200.202,0,0,0.0,0.0,1
200.202,0,0,0.0,0.0,1
200.202,0,0,0.0,0.0,1
200.302,0,0,0.0,0.0,1
200.302,0,0,0.0,0.0,1
200.302,0,0,0.0,0.0,1
200.302,0,0,0.0,0.0,1
200.302,0,0,0.0,0.0,1
200.402,0,0,0.0,0.0,1
200.402,0,0,0.0,0.0,1
200.402,0,0,0.0,0.0,1
200.402,0,0,0.0,0.0,1
200.402,0,0,0.0,0.0,1
200.402,0,0,0.0,0.0,1
200.502,0,0,0.0,0.0,1
200.502,0,0,0.0,0.0,1
200.502,0,0,0.0,0.0,1
200.502,0,0,0.0,0.0,1
200.502,0,0,0.0,0.0,1
200.602,0,0,0.0,0.0,1
200.602,0,0,0.0,0.0,1
200.602,0,0,0.0,0.0,1
200.602,0,0,0.0,0.0,1
200.602,0,0,0.0,0.0,1
200.702,0,0,0.0,0.0,1
200.702,0,0,0.0,0.0,1
200.702,0,0,0.0,0.0,1
200.702,0,0,0.0,0.0,1
200.702,0,0,0.0,0.0,1
200.802,0,0,0.0,0.0,1
200.802,0,0,0.0,0.0,1
200.802,0,0,0.0,0.0,1
200.802,0,0,0.0,0.0,1
200.802,0,0,0.0,0.0,1
200.802,0,0,0.0,0.0,1
200.902,0,0,0.0,0.0,1
200.902,0,0,0.0,0.0,1
200.902,0,0,0.0,0.0,1
200.902,0,0,0.0,0.0,1
200.902,0,0,0.0,0.0,1
201.002,0,0,0.0,0.0,1
201.002,0,0,0.0,0.0,1
201.002,0,0,0.0,0.0,1
201.002,0,0,0.0,0.0,1
201.002,0,0,0.0,0.0,1
201.102,0,0,0.0,0.0,1
201.102,0,0,0.0,0.0,1
201.102,0,0,0.0,0.0,1
201.102,0,0,0.0,0.0,1
201.102,0,0,0.0,0.0,1
201.202,0,0,0.0,0.0,1
201.202,0,0,0.0,0.0,1
201.202,0,0,0.0,0.0,1
201.202,0,0,0.0,0.0,1
201.202,0,0,0.0,0.0,1
201.302,0,0,0.0,0.0,1
201.302,0,0,0.0,0.0,1
201.302,0,0,0.0,0.0,1
201.302,0,0,0.0,0.0,1
201.302,0,0,0.0,0.0,1
201.302,0,0,0.0,0.0,1
201.402,0,0,0.0,0.0,1
201.402,0,0,0.0,0.0,1
201.402,0,0,0.0,0.0,1
201.402,0,0,0.0,0.0,1
201.402,0,0,0.0,0.0,1
201.502,0,0,0.0,0.0,1
201.502,0,0,0.0,0.0,1
201.502,0,0,0.0,0.0,1
201.502,0,0,0.0,0.0,1
201.502,0,0,0.0,0.0,1
201.602,0,0,0.0,0.0,1
201.602,0,0,0.0,0.0,1
201.602,0,0,0.0,0.0,1
201.602,0,0,0.0,0.0,1
201.602,0,0,0.0,0.0,1
201.702,0,0,0.0,0.0,1
201.702,0,0,0.0,0.0,1
201.702,0,0,0.0,0.0,1
201.702,0,0,0.0,0.0,1
201.702,0,0,0.0,0.0,1
201.702,0,0,0.0,0.0,1
201.802,0,0,0.0,0.0,1
201.802,0,0,0.0,0.0,1
201.802,0,0,0.0,0.0,1
201.802,0,0,0.0,0.0,1
201.802,0,0,0.0,0.0,1
201.902,0,0,0.0,0.0,1
201.902,0,0,0.0,0.0,1
201.902,0,0,0.0,0.0,1
201.902,0,0,0.0,0.0,1
201.902,0,0,0.0,0.0,1
202.002,0,0,0.0,0.0,1
202.002,0,0,0.0,0.0,1
202.002,0,0,0.0,0.0,1
202.002,0,0,0.0,0.0,1
202.002,0,0,0.0,0.0,1
202.102,0,0,0.0,0.0,1
202.102,0,0,0.0,0.0,1
202.102,0,0,0.0,0.0,1
202.102,0,0,0.0,0.0,1
202.102,0,0,0.0,0.0,1
202.202,0,0,0.0,0.0,1
202.202,0,0,0.0,0.0,1
202.202,0,0,0.0,0.0,1
202.202,0,0,0.0,0.0,1
202.202,0,0,0.0,0.0,1
202.202,0,0,0.0,0.0,1
202.302,0,0,0.0,0.0,1
202.302,0,0,0.0,0.0,1
202.302,0,0,0.0,0.0,1
202.302,0,0,0.0,0.0,1
202.302,0,0,0.0,0.0,1
202.402,0,0,0.0,0.0,1
202.402,0,0,0.0,0.0,1
202.402,0,0,0.0,0.0,1
202.402,0,0,0.0,0.0,1
202.402,0,0,0.0,0.0,1
202.502,0,0,0.0,0.0,1
202.502,0,0,0.0,0.0,1
202.502,0,0,0.0,0.0,1
202.502,0,0,0.0,0.0,1
202.502,0,0,0.0,0.0,1
202.602,0,0,0.0,0.0,1
202.602,0,0,0.0,0.0,1
202.602,0,0,0.0,0.0,1
202.602,0,0,0.0,0.0,1
202.602,0,0,0.0,0.0,1
202.602,0,0,0.0,0.0,1
202.702,0,0,0.0,0.0,1
202.702,0,0,0.0,0.0,1
202.702,0,0,0.0,0.0,1
202.702,0,0,0.0,0.0,1
202.702,0,0,0.0,0.0,1
202.802,0,0,0.0,0.0,1
202.802,0,0,0.0,0.0,1
202.802,0,0,0.0,0.0,1
202.802,0,0,0.0,0.0,1
202.802,0,0,0.0,0.0,1
202.902,0,0,0.0,0.0,1
202.902,0,0,0.0,0.0,1
202.902,0,0,0.0,0.0,1
202.902,0,0,0.0,0.0,1
202.902,0,0,0.0,0.0,1
203.002,0,0,0.0,0.0,1
203.002,0,0,0.0,0.0,1
203.002,0,0,0.0,0.0,1
203.002,0,0,0.0,0.0,1
203.002,0,0,0.0,0.0,1
203.102,0,0,0.0,0.0,1
203.102,0,0,0.0,0.0,1
203.102,0,0,0.0,0.0,1
203.102,0,0,0.0,0.0,1
203.102,0,0,0.0,0.0,1
203.102,0,0,0.0,0.0,1
203.202,0,0,0.0,0.0,1
203.202,0,0,0.0,0.0,1
203.202,0,0,0.0,0.0,1
203.202,0,0,0.0,0.0,1
203.202,0,0,0.0,0.0,1
203.302,0,0,0.0,0.0,1
203.302,0,0,0.0,0.0,1
203.302,0,0,0.0,0.0,1
203.302,0,0,0.0,0.0,1
203.302,0,0,0.0,0.0,1
203.402,0,0,0.0,0.0,1
203.402,0,0,0.0,0.0,1
203.402,0,0,0.0,0.0,1
203.402,0,0,0.0,0.0,1
203.402,0,0,0.0,0.0,1
203.502,0,0,0.0,0.0,1
203.502,0,0,0.0,0.0,1
203.502,0,0,0.0,0.0,1
203.502,0,0,0.0,0.0,1
203.502,0,0,0.0,0.0,1
203.602,0,0,0.0,0.0,1
203.602,0,0,0.0,0.0,1
203.602,0,0,0.0,0.0,1
203.602,0,0,0.0,0.0,1
203.602,0,0,0.0,0.0,1
203.602,0,0,0.0,0.0,1
203.702,0,0,0.0,0.0,1
203.702,0,0,0.0,0.0,1
203.702,0,0,0.0,0.0,1
203.702,0,0,0.0,0.0,1
203.702,0,0,0.0,0.0,1
203.802,0,0,0.0,0.0,1
203.802,0,0,0.0,0.0,1
203.802,0,0,0.0,0.0,1
203.802,0,0,0.0,0.0,1
203.802,0,0,0.0,0.0,1
203.902,0,0,0.0,0.0,1
203.902,0,0,0.0,0.0,1
203.902,0,0,0.0,0.0,1
203.902,0,0,0.0,0.0,1
203.902,0,0,0.0,0.0,1
204.002,0,0,0.0,0.0,1
204.002,0,0,0.0,0.0,1
204.002,0,0,0.0,0.0,1
204.002,0,0,0.0,0.0,1
204.002,0,0,0.0,0.0,1
204.002,0,0,0.0,0.0,1
204.102,0,0,0.0,0.0,1
204.102,0,0,0.0,0.0,1
204.102,0,0,0.0,0.0,1
204.102,0,0,0.0,0.0,1
204.102,0,0,0.0,0.0,1
204.202,0,0,0.0,0.0,1
204.202,0,0,0.0,0.0,1
204.202,0,0,0.0,0.0,1
204.202,0,0,0.0,0.0,1
204.202,0,0,0.0,0.0,1
204.302,0,0,0.0,0.0,1
204.302,0,0,0.0,0.0,1
204.302,0,0,0.0,0.0,1
204.302,0,0,0.0,0.0,1
204.302,0,0,0.0,0.0,1
204.402,0,0,0.0,0.0,1
204.402,0,0,0.0,0.0,1
204.402,0,0,0.0,0.0,1
204.402,0,0,0.0,0.0,1
204.402,0,0,0.0,0.0,1
204.502,0,0,0.0,0.0,1
204.502,0,0,0.0,0.0,1
204.502,0,0,0.0,0.0,1
204.502,0,0,0.0,0.0,1
204.502,0,0,0.0,0.0,1
204.502,0,0,0.0,0.0,1
204.602,0,0,0.0,0.0,1
204.602,0,0,0.0,0.0,1
204.602,0,0,0.0,0.0,1
204.602,0,0,0.0,0.0,1
204.602,0,0,0.0,0.0,1
204.702,0,0,0.0,0.0,1
204.702,0,0,0.0,0.0,1
204.702,0,0,0.0,0.0,1
204.702,0,0,0.0,0.0,1
204.702,0,0,0.0,0.0,1
204.802,0,0,0.0,0.0,1
204.802,0,0,0.0,0.0,1
204.802,0,0,0.0,0.0,1
204.802,0,0,0.0,0.0,1
204.802,0,0,0.0,0.0,1
204.902,0,0,0.0,0.0,1
204.902,0,0,0.0,0.0,1
204.902,0,0,0.0,0.0,1
204.902,0,0,0.0,0.0,1
204.902,0,0,0.0,0.0,1
204.902,0,0,0.0,0.0,1
205.002,0,0,0.0,0.0,1
205.002,0,0,0.0,0.0,1
205.002,0,0,0.0,0.0,1
205.002,0,0,0.0,0.0,1
205.002,0,0,0.0,0.0,1
205.102,0,0,0.0,0.0,1
205.102,0,0,0.0,0.0,1
205.102,0,0,0.0,0.0,1
205.102,0,0,0.0,0.0,1
205.102,0,0,0.0,0.0,1
205.202,0,0,0.0,0.0,1
205.202,0,0,0.0,0.0,1
205.202,0,0,0.0,0.0,1
205.202,0,0,0.0,0.0,1
205.202,0,0,0.0,0.0,1
205.302,0,0,0.0,0.0,1
205.302,0,0,0.0,0.0,1
205.302,0,0,0.0,0.0,1
205.302,0,0,0.0,0.0,1
205.302,0,0,0.0,0.0,1
205.402,0,0,0.0,0.0,1
205.402,0,0,0.0,0.0,1
205.402,0,0,0.0,0.0,1
205.402,0,0,0.0,0.0,1
205.402,0,0,0.0,0.0,1
205.402,0,0,0.0,0.0,1
205.502,0,0,0.0,0.0,1
205.502,0,0,0.0,0.0,1
205.502,0,0,0.0,0.0,1
205.502,0,0,0.0,0.0,1
205.502,0,0,0.0,0.0,1
205.602,0,0,0.0,0.0,1
205.602,0,0,0.0,0.0,1
205.602,0,0,0.0,0.0,1
205.602,0,0,0.0,0.0,1
205.602,0,0,0.0,0.0,1
205.702,0,0,0.0,0.0,1
205.702,0,0,0.0,0.0,1
205.702,0,0,0.0,0.0,1
205.702,0,0,0.0,0.0,1
205.702,0,0,0.0,0.0,1
205.802,0,0,0.0,0.0,1
205.802,0,0,0.0,0.0,1
205.802,0,0,0.0,0.0,1
205.802,0,0,0.0,0.0,1
205.802,0,0,0.0,0.0,1
205.902,0,0,0.0,0.0,1
205.902,0,0,0.0,0.0,1
205.902,0,0,0.0,0.0,1
205.902,0,0,0.0,0.0,1
205.902,0,0,0.0,0.0,1
205.902,0,0,0.0,0.0,1
206.002,0,0,0.0,0.0,1
206.002,0,0,0.0,0.0,1
206.002,0,0,0.0,0.0,1
206.002,0,0,0.0,0.0,1
206.002,0,0,0.0,0.0,1
206.102,0,0,0.0,0.0,1
206.102,0,0,0.0,0.0,1
206.102,0,0,0.0,0.0,1
206.102,0,0,0.0,0.0,1
206.102,0,0,0.0,0.0,1
206.202,0,0,0.0,0.0,1
206.202,0,0,0.0,0.0,1
206.202,0,0,0.0,0.0,1
206.202,0,0,0.0,0.0,1
206.202,0,0,0.0,0.0,1
206.302,0,0,0.0,0.0,1
206.302,0,0,0.0,0.0,1
206.302,0,0,0.0,0.0,1
206.302,0,0,0.0,0.0,1
206.302,0,0,0.0,0.0,1
206.302,0,0,0.0,0.0,1
206.402,0,0,0.0,0.0,1
206.402,0,0,0.0,0.0,1
206.402,0,0,0.0,0.0,1
206.402,0,0,0.0,0.0,1
206.402,0,0,0.0,0.0,1
206.502,0,0,0.0,0.0,1
206.502,0,0,0.0,0.0,1
206.502,0,0,0.0,0.0,1
206.502,0,0,0.0,0.0,1
206.502,0,0,0.0,0.0,1
206.602,0,0,0.0,0.0,1
206.602,0,0,0.0,0.0,1
206.602,0,0,0.0,0.0,1
206.602,0,0,0.0,0.0,1
206.602,0,0,0.0,0.0,1
206.702,0,0,0.0,0.0,1
206.702,0,0,0.0,0.0,1
206.702,0,0,0.0,0.0,1
206.702,0,0,0.0,0.0,1
206.702,0,0,0.0,0.0,1
206.802,0,0,0.0,0.0,1
206.802,0,0,0.0,0.0,1
206.802,0,0,0.0,0.0,1
206.802,0,0,0.0,0.0,1
206.802,0,0,0.0,0.0,1
206.802,0,0,0.0,0.0,1
206.902,0,0,0.0,0.0,1
206.902,0,0,0.0,0.0,1
206.902,0,0,0.0,0.0,1
206.902,0,0,0.0,0.0,1
206.902,0,0,0.0,0.0,1
207.002,0,0,0.0,0.0,1
207.002,0,0,0.0,0.0,1
207.002,0,0,0.0,0.0,1
207.002,0,0,0.0,0.0,1
207.002,0,0,0.0,0.0,1
207.102,0,0,0.0,0.0,1
207.102,0,0,0.0,0.0,1
207.102,0,0,0.0,0.0,1
207.102,0,0,0.0,0.0,1
207.102,0,0,0.0,0.0,1
207.202,0,0,0.0,0.0,1
207.202,0,0,0.0,0.0,1
207.202,0,0,0.0,0.0,1
207.202,0,0,0.0,0.0,1
207.202,0,0,0.0,0.0,1
207.202,0,0,0.0,0.0,1
207.302,0,0,0.0,0.0,1
207.302,0,0,0.0,0.0,1
207.302,0,0,0.0,0.0,1
207.302,0,0,0.0,0.0,1
207.302,0,0,0.0,0.0,1
207.402,0,0,0.0,0.0,1
207.402,0,0,0.0,0.0,1
207.402,0,0,0.0,0.0,1
207.402,0,0,0.0,0.0,1
207.402,0,0,0.0,0.0,1
207.502,0,0,0.0,0.0,1
207.502,0,0,0.0,0.0,1
207.502,0,0,0.0,0.0,1
207.502,0,0,0.0,0.0,1
207.502,0,0,0.0,0.0,1
207.602,0,0,0.0,0.0,1
207.602,0,0,0.0,0.0,1
207.602,0,0,0.0,0.0,1
207.602,0,0,0.0,0.0,1
207.602,0,0,0.0,0.0,1
207.702,0,0,0.0,0.0,1
207.702,0,0,0.0,0.0,1
207.702,0,0,0.0,0.0,1
207.702,0,0,0.0,0.0,1
207.702,0,0,0.0,0.0,1
207.702,0,0,0.0,0.0,1
207.802,0,0,0.0,0.0,1
207.802,0,0,0.0,0.0,1
207.802,0,0,0.0,0.0,1
207.802,0,0,0.0,0.0,1
207.802,0,0,0.0,0.0,1
207.902,0,0,0.0,0.0,1
207.902,0,0,0.0,0.0,1
207.902,0,0,0.0,0.0,1
207.902,0,0,0.0,0.0,1
207.902,0,0,0.0,0.0,1
208.002,0,0,0.0,0.0,1
208.002,0,0,0.0,0.0,1
208.002,0,0,0.0,0.0,1
208.002,0,0,0.0,0.0,1
208.002,0,0,0.0,0.0,1
208.102,0,0,0.0,0.0,1
208.102,0,0,0.0,0.0,1
208.102,0,0,0.0,0.0,1
208.102,0,0,0.0,0.0,1
208.102,0,0,0.0,0.0,1
208.202,0,0,0.0,0.0,1
208.202,0,0,0.0,0.0,1
208.202,0,0,0.0,0.0,1
208.202,0,0,0.0,0.0,1
208.202,0,0,0.0,0.0,1
208.202,0,0,0.0,0.0,1
208.302,0,0,0.0,0.0,1
208.302,0,0,0.0,0.0,1
208.302,0,0,0.0,0.0,1
208.302,0,0,0.0,0.0,1
208.302,0,0,0.0,0.0,1
208.402,0,0,0.0,0.0,1
208.402,0,0,0.0,0.0,1
208.402,0,0,0.0,0.0,1
208.402,0,0,0.0,0.0,1
208.402,0,0,0.0,0.0,1
208.502,0,0,0.0,0.0,1
208.502,0,0,0.0,0.0,1
208.502,0,0,0.0,0.0,1
208.502,0,0,0.0,0.0,1
208.502,0,0,0.0,0.0,1
208.602,0,0,0.0,0.0,1
208.602,0,0,0.0,0.0,1
208.602,0,0,0.0,0.0,1
208.602,0,0,0.0,0.0,1
208.602,0,0,0.0,0.0,1
208.602,0,0,0.0,0.0,1
208.702,0,0,0.0,0.0,1
208.702,0,0,0.0,0.0,1
208.702,0,0,0.0,0.0,1
208.702,0,0,0.0,0.0,1
208.702,0,0,0.0,0.0,1
208.802,0,0,0.0,0.0,1
208.802,0,0,0.0,0.0,1
208.802,0,0,0.0,0.0,1
208.802,0,0,0.0,0.0,1
208.802,0,0,0.0,0.0,1
208.902,0,0,0.0,0.0,1
208.902,0,0,0.0,0.0,1
208.902,0,0,0.0,0.0,1
208.902,0,0,0.0,0.0,1
208.902,0,0,0.0,0.0,1
209.002,0,0,0.0,0.0,1
209.002,0,0,0.0,0.0,1
209.002,0,0,0.0,0.0,1
209.002,0,0,0.0,0.0,1
209.002,0,0,0.0,0.0,1
209.102,0,0,0.0,0.0,1
209.102,0,0,0.0,0.0,1
209.102,0,0,0.0,0.0,1
209.102,0,0,0.0,0.0,1
209.102,0,0,0.0,0.0,1
209.102,0,0,0.0,0.0,1
209.202,0,0,0.0,0.0,1
209.202,0,0,0.0,0.0,1
209.202,0,0,0.0,0.0,1
209.202,0,0,0.0,0.0,1
209.202,0,0,0.0,0.0,1
209.302,0,0,0.0,0.0,1
209.302,0,0,0.0,0.0,1
209.302,0,0,0.0,0.0,1
209.302,0,0,0.0,0.0,1
209.302,0,0,0.0,0.0,1
209.402,0,0,0.0,0.0,1
209.402,0,0,0.0,0.0,1
209.402,0,0,0.0,0.0,1
209.402,0,0,0.0,0.0,1
209.402,0,0,0.0,0.0,1
209.502,0,0,0.0,0.0,1
209.502,0,0,0.0,0.0,1
209.502,0,0,0.0,0.0,1
209.502,0,0,0.0,0.0,1
209.502,0,0,0.0,0.0,1
209.502,0,0,0.0,0.0,1
209.602,0,0,0.0,0.0,1
209.602,0,0,0.0,0.0,1
209.602,0,0,0.0,0.0,1
209.602,0,0,0.0,0.0,1
209.602,0,0,0.0,0.0,1
209.702,0,0,0.0,0.0,1
209.702,0,0,0.0,0.0,1
209.702,0,0,0.0,0.0,1
209.702,0,0,0.0,0.0,1
209.702,0,0,0.0,0.0,1
209.802,0,0,0.0,0.0,1
209.802,0,0,0.0,0.0,1
209.802,0,0,0.0,0.0,1
209.802,0,0,0.0,0.0,1
209.802,0,0,0.0,0.0,1
209.902,0,0,0.0,0.0,1
209.902,0,0,0.0,0.0,1
209.902,0,0,0.0,0.0,1
209.902,0,0,0.0,0.0,1
209.902,0,0,0.0,0.0,1
210.002,0,0,0.0,0.0,1
210.002,0,0,0.0,0.0,1
210.002,0,0,0.0,0.0,1
210.002,0,0,0.0,0.0,1
210.002,0,0,0.0,0.0,1
210.002,0,0,0.0,0.0,1
210.102,0,0,0.0,0.0,1
210.102,0,0,0.0,0.0,1
210.102,0,0,0.0,0.0,1
210.102,0,0,0.0,0.0,1
210.102,0,0,0.0,0.0,1
210.202,0,0,0.0,0.0,1
210.202,0,0,0.0,0.0,1
210.202,0,0,0.0,0.0,1
210.202,0,0,0.0,0.0,1
210.202,0,0,0.0,0.0,1
210.302,0,0,0.0,0.0,1
210.302,0,0,0.0,0.0,1
210.302,0,0,0.0,0.0,1
210.302,0,0,0.0,0.0,1
210.302,0,0,0.0,0.0,1
210.402,0,0,0.0,0.0,1
210.402,0,0,0.0,0.0,1
210.402,0,0,0.0,0.0,1
210.402,0,0,0.0,0.0,1
210.402,0,0,0.0,0.0,1
210.502,0,0,0.0,0.0,1
210.502,0,0,0.0,0.0,1
210.502,0,0,0.0,0.0,1
210.502,0,0,0.0,0.0,1
210.502,0,0,0.0,0.0,1
210.502,0,0,0.0,0.0,1
210.602,0,0,0.0,0.0,1
210.602,0,0,0.0,0.0,1
210.602,0,0,0.0,0.0,1
210.602,0,0,0.0,0.0,1
210.602,0,0,0.0,0.0,1
210.702,0,0,0.0,0.0,1
210.702,0,0,0.0,0.0,1
210.702,0,0,0.0,0.0,1
210.702,0,0,0.0,0.0,1
210.702,0,0,0.0,0.0,1
210.802,0,0,0.0,0.0,1
210.802,0,0,0.0,0.0,1
210.802,0,0,0.0,0.0,1
210.802,0,0,0.0,0.0,1
210.802,0,0,0.0,0.0,1
210.902,0,0,0.0,0.0,1
210.902,0,0,0.0,0.0,1
210.902,0,0,0.0,0.0,1
210.902,0,0,0.0,0.0,1
210.902,0,0,0.0,0.0,1
210.902,0,0,0.0,0.0,1
211.002,0,0,0.0,0.0,1
211.002,0,0,0.0,0.0,1
211.002,0,0,0.0,0.0,1
211.002,0,0,0.0,0.0,1
211.002,0,0,0.0,0.0,1
211.102,0,0,0.0,0.0,1
211.102,0,0,0.0,0.0,1
211.102,0,0,0.0,0.0,1
211.102,0,0,0.0,0.0,1
211.102,0,0,0.0,0.0,1
211.202,0,0,0.0,0.0,1
211.202,0,0,0.0,0.0,1
211.202,0,0,0.0,0.0,1
211.202,0,0,0.0,0.0,1
211.202,0,0,0.0,0.0,1
211.302,0,0,0.0,0.0,1
211.302,0,0,0.0,0.0,1
211.302,0,0,0.0,0.0,1
211.302,0,0,0.0,0.0,1
211.302,0,0,0.0,0.0,1
211.402,0,0,0.0,0.0,1
211.402,0,0,0.0,0.0,1
211.402,0,0,0.0,0.0,1
211.402,0,0,0.0,0.0,1
211.402,0,0,0.0,0.0,1
211.402,0,0,0.0,0.0,1
211.502,0,0,0.0,0.0,1
211.502,0,0,0.0,0.0,1
211.502,0,0,0.0,0.0,1
211.502,0,0,0.0,0.0,1
211.502,0,0,0.0,0.0,1
211.602,0,0,0.0,0.0,1
211.602,0,0,0.0,0.0,1
211.602,0,0,0.0,0.0,1
211.602,0,0,0.0,0.0,1
211.602,0,0,0.0,0.0,1
211.702,0,0,0.0,0.0,1
211.702,0,0,0.0,0.0,1
211.702,0,0,0.0,0.0,1
211.702,0,0,0.0,0.0,1
211.702,0,0,0.0,0.0,1
211.802,0,0,0.0,0.0,0
211.802,0,0,0.0,0.0,0
211.802,0,0,0.0,0.0,0
211.802,0,0,0.0,0.0,0
211.802,0,0,0.0,0.0,0
211.802,0,0,0.0,0.0,0
211.902,0,0,0.0,0.0,0
211.902,0,0,0.0,0.0,0
211.902,0,0,0.0,0.0,0
211.902,0,0,0.0,0.0,0
211.902,0,0,0.0,0.0,0
212.002,1,2,33.4,-28.4,0
212.002,1,2,33.4,-28.4,0
212.002,1,2,33.4,-28.4,0
212.002,1,2,33.4,-28.4,0
212.002,1,2,33.4,-28.4,0
212.102,1,2,33.4,-28.4,0
212.102,1,2,33.4,-28.4,0
212.102,1,2,33.4,-28.4,0
212.102,1,2,33.4,-28.4,0
212.102,1,2,33.4,-28.4,0
212.202,1,2,33.4,-28.4,0
212.202,1,2,33.4,-28.4,0
212.202,1,2,33.4,-28.4,0
212.202,1,2,33.4,-28.4,0
212.202,1,2,33.4,-28.4,0
212.302,1,2,33.4,-28.4,0
212.302,1,2,33.4,-28.4,0
212.302,1,2,33.4,-28.4,0
212.302,1,2,33.4,-28.4,0
212.302,1,2,33.4,-28.4,0
212.302,1,2,33.4,-28.4,0
212.402,1,2,33.4,-28.4,0
212.402,1,2,33.4,-28.4,0
212.402,1,2,33.4,-28.4,0
212.402,1,2,33.4,-28.4,0
212.402,1,2,33.4,-28.4,0
212.502,1,2,33.4,-28.4,0
212.502,1,2,33.4,-28.4,0
212.502,1,2,33.4,-28.4,0
212.502,1,2,33.4,-28.4,0
212.502,1,2,33.4,-28.4,0
212.602,1,2,33.4,-28.4,0
212.602,1,2,33.4,-28.4,0
212.602,1,2,33.4,-28.4,0
212.602,1,2,33.4,-28.4,0
212.602,1,2,33.4,-28.4,0
212.702,1,2,33.4,-28.4,0
212.702,1,2,33.4,-28.4,0
212.702,1,2,33.4,-28.4,0
212.702,1,2,33.4,-28.4,0
212.702,1,2,33.4,-28.4,0
212.802,1,2,33.4,-28.4,0
212.802,1,2,33.4,-28.4,0
212.802,1,2,33.4,-28.4,0
212.802,1,2,33.4,-28.4,0
212.802,1,2,33.4,-28.4,0
212.802,1,2,33.4,-28.4,0
212.902,1,2,33.4,-28.4,0
212.902,1,2,33.4,-28.4,0
212.902,1,2,33.4,-28.4,0
212.902,1,2,33.4,-28.4,0
212.902,1,2,33.4,-28.4,0
213.002,1,2,33.4,-28.4,0
213.002,1,2,33.4,-28.4,0
213.002,1,2,33.4,-28.4,0
213.002,1,2,33.4,-28.4,0
213.002,1,2,33.4,-28.4,0
213.102,1,2,33.4,-28.4,0
213.102,1,2,33.4,-28.4,0
213.102,1,2,33.4,-28.4,0
213.102,1,2,33.4,-28.4,0
213.102,1,2,33.4,-28.4,0
213.202,1,2,33.4,-28.4,0
213.202,1,2,33.4,-28.4,0
213.202,1,2,33.4,-28.4,0
213.202,1,2,33.4,-28.4,0
213.202,1,2,33.4,-28.4,0
213.202,1,2,33.4,-28.4,0
213.302,1,2,33.4,-28.4,0
213.302,1,2,33.4,-28.4,0
213.302,1,2,33.4,-28.4,0
213.302,1,2,33.4,-28.4,0
213.302,1,2,33.4,-28.4,0
213.402,1,2,33.4,-28.4,0
213.402,1,2,33.4,-28.4,0
213.402,1,2,33.4,-28.4,0
213.402,1,2,33.4,-28.4,0
213.402,1,2,33.4,-28.4,0
213.502,1,2,33.4,-28.4,0
213.502,1,2,33.4,-28.4,0
213.502,1,2,33.4,-28.4,0
213.502,1,2,33.4,-28.4,0
213.502,1,2,33.4,-28.4,0
213.602,1,2,33.4,-28.4,0
213.602,1,2,33.4,-28.4,0
213.602,1,2,33.4,-28.4,0
213.602,1,2,33.4,-28.4,0
213.602,1,2,33.4,-28.4,0
213.702,1,2,33.4,-28.4,0
213.702,1,2,33.4,-28.4,0
213.702,1,2,33.4,-28.4,0
213.702,1,2,33.4,-28.4,0
213.702,1,2,33.4,-28.4,0
213.702,1,2,33.4,-28.4,0
213.802,1,2,33.4,-28.4,0
213.802,1,2,33.4,-28.4,0
213.802,1,2,33.4,-28.4,0
213.802,1,2,33.4,-28.4,0
213.802,1,2,33.4,-28.4,0
213.902,1,2,33.4,-28.4,0
213.902,1,2,33.4,-28.4,0
213.902,1,2,33.4,-28.4,0
213.902,1,2,33.4,-28.4,0
213.902,1,2,33.4,-28.4,0
214.002,1,2,33.4,-28.4,0
214.002,1,2,33.4,-28.4,0
214.002,1,2,33.4,-28.4,0
214.002,1,2,33.4,-28.4,0
214.002,1,2,33.4,-28.4,0
214.102,1,2,33.4,-28.4,0
214.102,1,2,33.4,-28.4,0
214.102,1,2,33.4,-28.4,0
214.102,1,2,33.4,-28.4,0
214.102,1,2,33.4,-28.4,0
214.102,1,2,33.4,-28.4,0
214.202,1,2,33.4,-28.4,0
214.202,1,2,33.4,-28.4,0
214.202,1,2,33.4,-28.4,0
214.202,1,2,33.4,-28.4,0
214.202,1,2,33.4,-28.4,0
214.302,1,2,33.4,-28.4,0
214.302,1,2,33.4,-28.4,0
214.302,1,2,33.4,-28.4,0
214.302,1,2,33.4,-28.4,0
214.302,1,2,33.4,-28.4,0
214.402,1,2,33.4,-28.4,0
214.402,1,2,33.4,-28.4,0
214.402,1,2,33.4,-28.4,0
214.402,1,2,33.4,-28.4,0
214.402,1,2,33.4,-28.4,0
214.502,1,2,33.4,-28.4,0
214.502,1,2,33.4,-28.4,0
214.502,1,2,33.4,-28.4,0
214.502,1,2,33.4,-28.4,0
214.502,1,2,33.4,-28.4,0
214.602,1,2,33.4,-28.4,0
214.602,1,2,33.4,-28.4,0
214.602,1,2,33.4,-28.4,0
214.602,1,2,33.4,-28.4,0
214.602,1,2,33.4,-28.4,0
214.602,1,2,33.4,-28.4,0
214.702,1,2,33.4,-28.4,0
214.702,1,2,33.4,-28.4,0
214.702,1,2,33.4,-28.4,0
214.702,1,2,33.4,-28.4,0
214.702,1,2,33.4,-28.4,0
214.802,1,2,33.4,-28.4,0
214.802,1,2,33.4,-28.4,0
214.802,1,2,33.4,-28.4,0
214.802,1,2,33.4,-28.4,0
214.802,1,2,33.4,-28.4,0
214.902,1,2,33.4,-28.4,0
214.902,1,2,33.4,-28.4,0
214.902,1,2,33.4,-28.4,0
214.902,1,2,33.4,-28.4,0
214.902,1,2,33.4,-28.4,0
215.002,1,2,33.4,-28.4,0
215.002,1,2,33.4,-28.4,0
215.002,1,2,33.4,-28.4,0
215.002,1,2,33.4,-28.4,0
215.002,1,2,33.4,-28.4,0
215.102,1,2,33.4,-28.4,0
215.102,1,2,33.4,-28.4,0
215.102,1,2,33.4,-28.4,0
215.102,1,2,33.4,-28.4,0
215.102,1,2,33.4,-28.4,0
215.102,1,2,33.4,-28.4,0
215.202,1,2,33.4,-28.4,0
215.202,1,2,33.4,-28.4,0
215.202,1,2,33.4,-28.4,0
215.202,1,2,33.4,-28.4,0
215.202,1,2,33.4,-28.4,0
215.302,1,2,33.4,-28.4,0
215.302,1,2,33.4,-28.4,0
215.302,1,2,33.4,-28.4,0
215.302,1,2,33.4,-28.4,0
215.302,1,2,33.4,-28.4,0
215.402,1,2,33.4,-28.4,0
215.402,1,2,33.4,-28.4,0
215.402,1,2,33.4,-28.4,0
215.402,1,2,33.4,-28.4,0
215.402,1,2,33.4,-28.4,0
215.502,1,2,33.4,-28.4,0
215.502,1,2,33.4,-28.4,0
215.502,1,2,33.4,-28.4,0
215.502,1,2,33.4,-28.4,0
215.502,1,2,33.4,-28.4,0
215.502,1,2,33.4,-28.4,0
215.602,1,2,33.4,-28.4,0
215.602,1,2,33.4,-28.4,0
215.602,1,2,33.4,-28.4,0
215.602,1,2,33.4,-28.4,0
215.602,1,2,33.4,-28.4,0
215.702,1,2,33.4,-28.4,0
215.702,1,2,33.4,-28.4,0
215.702,1,2,33.4,-28.4,0
215.702,1,2,33.4,-28.4,0
215.702,1,2,33.4,-28.4,0
215.802,1,2,33.4,-28.4,0
215.802,1,2,33.4,-28.4,0
215.802,1,2,33.4,-28.4,0
215.802,1,2,33.4,-28.4,0
215.802,1,2,33.4,-28.4,0
215.902,1,2,33.4,-28.4,0
215.902,1,2,33.4,-28.4,0
215.902,1,2,33.4,-28.4,0
215.902,1,2,33.4,-28.4,0
215.902,1,2,33.4,-28.4,0
216.002,1,2,33.4,-28.4,0
216.002,1,2,33.4,-28.4,0
216.002,1,2,33.4,-28.4,0
216.002,1,2,33.4,-28.4,0
216.002,1,2,33.4,-28.4,0
216.002,1,2,33.4,-28.4,0
216.102,1,2,33.4,-28.4,0
216.102,1,2,33.4,-28.4,0
216.102,1,2,33.4,-28.4,0
216.102,1,2,33.4,-28.4,0
216.102,1,2,33.4,-28.4,0
216.202,1,2,33.4,-28.4,0
216.202,1,2,33.4,-28.4,0
216.202,1,2,33.4,-28.4,0
216.202,1,2,33.4,-28.4,0
216.202,1,2,33.4,-28.4,0
216.302,1,2,33.4,-28.4,0
216.302,1,2,33.4,-28.4,0
216.302,1,2,33.4,-28.4,0
216.302,1,2,33.4,-28.4,0
216.302,1,2,33.4,-28.4,0
216.402,1,2,33.4,-28.4,0
216.402,1,2,33.4,-28.4,0
216.402,1,2,33.4,-28.4,0
216.402,1,2,33.4,-28.4,0
216.402,1,2,33.4,-28.4,0
216.402,1,2,33.4,-28.4,0
216.502,1,2,33.4,-28.4,0
216.502,1,2,33.4,-28.4,0
216.502,1,2,33.4,-28.4,0
216.502,1,2,33.4,-28.4,0
216.502,1,2,33.4,-28.4,0
216.602,1,2,33.4,-28.4,0
216.602,1,2,33.4,-28.4,0
216.602,1,2,33.4,-28.4,0
216.602,1,2,33.4,-28.4,0
216.602,1,2,33.4,-28.4,0
216.702,1,2,33.4,-28.4,0
216.702,1,2,33.4,-28.4,0
216.702,1,2,33.4,-28.4,0
216.702,1,2,33.4,-28.4,0
216.702,1,2,33.4,-28.4,0
216.802,1,2,33.4,-28.4,0
216.802,1,2,33.4,-28.4,0
216.802,1,2,33.4,-28.4,0
216.802,1,2,33.4,-28.4,0
216.802,1,2,33.4,-28.4,0
216.902,1,2,33.4,-28.4,0
216.902,1,2,33.4,-28.4,0
216.902,1,2,33.4,-28.4,0
216.902,1,2,33.4,-28.4,0
216.902,1,2,33.4,-28.4,0
216.902,1,2,33.4,-28.4,0
217.002,0,1,0.0,7.2,0
217.002,0,1,0.0,7.2,0
217.002,0,1,0.0,7.2,0
217.002,0,1,0.0,7.2,0
217.002,0,1,0.0,7.2,0
217.102,0,1,0.0,7.2,0
217.102,0,1,0.0,7.2,0
217.102,0,1,0.0,7.2,0
217.102,0,1,0.0,7.2,0
217.102,0,1,0.0,7.2,0
217.202,0,1,0.0,7.2,0
217.202,0,1,0.0,7.2,0
217.202,0,1,0.0,7.2,0
217.202,0,1,0.0,7.2,0
217.202,0,1,0.0,7.2,0
217.302,0,1,0.0,7.2,0
217.302,0,1,0.0,7.2,0
217.302,0,1,0.0,7.2,0
217.302,0,1,0.0,7.2,0
217.302,0,1,0.0,7.2,0
217.402,0,1,0.0,7.2,0
217.402,0,1,0.0,7.2,0
217.402,0,1,0.0,7.2,0
217.402,0,1,0.0,7.2,0
217.402,0,1,0.0,7.2,0
217.402,0,1,0.0,7.2,0
217.502,0,1,0.0,7.2,0
217.502,0,1,0.0,7.2,0
217.502,0,1,0.0,7.2,0
217.502,0,1,0.0,7.2,0
217.502,0,1,0.0,7.2,0
217.602,0,1,0.0,7.2,0
217.602,0,1,0.0,7.2,0
217.602,0,1,0.0,7.2,0
217.602,0,1,0.0,7.2,0
217.602,0,1,0.0,7.2,0
217.702,0,1,0.0,7.2,0
217.702,0,1,0.0,7.2,0
217.702,0,1,0.0,7.2,0
217.702,0,1,0.0,7.2,0
217.702,0,1,0.0,7.2,0
217.802,0,1,0.0,7.2,0
217.802,0,1,0.0,7.2,0
217.802,0,1,0.0,7.2,0
217.802,0,1,0.0,7.2,0
217.802,0,1,0.0,7.2,0
217.802,0,1,0.0,7.2,0
217.902,0,1,0.0,7.2,0
217.902,0,1,0.0,7.2,0
217.902,0,1,0.0,7.2,0
217.902,0,1,0.0,7.2,0
217.902,0,1,0.0,7.2,0
218.002,0,1,0.0,7.2,0
218.002,0,1,0.0,7.2,0
218.002,0,1,0.0,7.2,0
218.002,0,1,0.0,7.2,0
218.002,0,1,0.0,7.2,0
218.102,0,1,0.0,7.2,0
218.102,0,1,0.0,7.2,0
218.102,0,1,0.0,7.2,0
218.102,0,1,0.0,7.2,0
218.102,0,1,0.0,7.2,0
218.202,0,1,0.0,7.2,0
218.202,0,1,0.0,7.2,0
218.202,0,1,0.0,7.2,0
218.202,0,1,0.0,7.2,0
218.202,0,1,0.0,7.2,0
218.302,0,1,0.0,7.2,0
218.302,0,1,0.0,7.2,0
218.302,0,1,0.0,7.2,0
218.302,0,1,0.0,7.2,0
218.302,0,1,0.0,7.2,0
218.302,0,1,0.0,7.2,0
218.402,0,1,0.0,7.2,0
218.402,0,1,0.0,7.2,0
218.402,0,1,0.0,7.2,0
218.402,0,1,0.0,7.2,0
218.402,0,1,0.0,7.2,0
218.502,0,1,0.0,7.2,0
218.502,0,1,0.0,7.2,0
218.502,0,1,0.0,7.2,0
218.502,0,1,0.0,7.2,0
218.502,0,1,0.0,7.2,0
218.602,0,1,0.0,7.2,0
218.602,0,1,0.0,7.2,0
218.602,0,1,0.0,7.2,0
218.602,0,1,0.0,7.2,0
218.602,0,1,0.0,7.2,0
218.702,0,1,0.0,7.2,0
218.702,0,1,0.0,7.2,0
218.702,0,1,0.0,7.2,0
218.702,0,1,0.0,7.2,0
218.702,0,1,0.0,7.2,0
218.702,0,1,0.0,7.2,0
218.802,0,1,0.0,7.2,0
218.802,0,1,0.0,7.2,0
218.802,0,1,0.0,7.2,0
218.802,0,1,0.0,7.2,0
218.802,0,1,0.0,7.2,0
218.902,0,1,0.0,7.2,0
218.902,0,1,0.0,7.2,0
218.902,0,1,0.0,7.2,0
218.902,0,1,0.0,7.2,0
218.902,0,1,0.0,7.2,0
219.002,0,1,0.0,7.2,0
219.002,0,1,0.0,7.2,0
219.002,0,1,0.0,7.2,0
219.002,0,1,0.0,7.2,0
219.002,0,1,0.0,7.2,0
219.102,0,1,0.0,7.2,0
219.102,0,1,0.0,7.2,0
219.102,0,1,0.0,7.2,0
219.102,0,1,0.0,7.2,0
219.102,0,1,0.0,7.2,0
219.202,0,1,0.0,7.2,0
219.202,0,1,0.0,7.2,0
219.202,0,1,0.0,7.2,0
219.202,0,1,0.0,7.2,0
219.202,0,1,0.0,7.2,0
219.202,0,1,0.0,7.2,0
219.302,0,1,0.0,7.2,0
219.302,0,1,0.0,7.2,0
219.302,0,1,0.0,7.2,0
219.302,0,1,0.0,7.2,0
219.302,0,1,0.0,7.2,0
219.402,0,1,0.0,7.2,0
219.402,0,1,0.0,7.2,0
219.402,0,1,0.0,7.2,0
219.402,0,1,0.0,7.2,0
219.402,0,1,0.0,7.2,0
219.502,0,1,0.0,7.2,0
219.502,0,1,0.0,7.2,0
219.502,0,1,0.0,7.2,0
219.502,0,1,0.0,7.2,0
219.502,0,1,0.0,7.2,0
219.602,0,1,0.0,7.2,0
219.602,0,1,0.0,7.2,0
219.602,0,1,0.0,7.2,0
219.602,0,1,0.0,7.2,0
219.602,0,1,0.0,7.2,0
219.702,0,1,0.0,7.2,0
219.702,0,1,0.0,7.2,0
219.702,0,1,0.0,7.2,0
219.702,0,1,0.0,7.2,0
219.702,0,1,0.0,7.2,0
219.702,0,1,0.0,7.2,0
219.802,0,1,0.0,7.2,0
219.802,0,1,0.0,7.2,0
219.802,0,1,0.0,7.2,0
219.802,0,1,0.0,7.2,0
219.802,0,1,0.0,7.2,0
219.902,0,1,0.0,7.2,0
219.902,0,1,0.0,7.2,0
219.902,0,1,0.0,7.2,0
219.902,0,1,0.0,7.2,0
219.902,0,1,0.0,7.2,0
220.002,0,1,0.0,7.2,0
220.002,0,1,0.0,7.2,0
220.002,0,1,0.0,7.2,0
220.002,0,1,0.0,7.2,0
220.002,0,1,0.0,7.2,0
220.102,0,1,0.0,7.2,0
220.102,0,1,0.0,7.2,0
220.102,0,1,0.0,7.2,0
220.102,0,1,0.0,7.2,0
220.102,0,1,0.0,7.2,0
220.102,0,1,0.0,7.2,0
220.202,0,1,0.0,7.2,0
220.202,0,1,0.0,7.2,0
220.202,0,1,0.0,7.2,0
220.202,0,1,0.0,7.2,0
220.202,0,1,0.0,7.2,0
220.302,0,1,0.0,7.2,0
220.302,0,1,0.0,7.2,0
220.302,0,1,0.0,7.2,0
220.302,0,1,0.0,7.2,0
220.302,0,1,0.0,7.2,0
220.402,0,1,0.0,7.2,0
220.402,0,1,0.0,7.2,0
220.402,0,1,0.0,7.2,0
220.402,0,1,0.0,7.2,0
220.402,0,1,0.0,7.2,0
220.502,0,1,0.0,7.2,0
220.502,0,1,0.0,7.2,0
220.502,0,1,0.0,7.2,0
220.502,0,1,0.0,7.2,0
220.502,0,1,0.0,7.2,0
220.602,0,1,0.0,7.2,0
220.602,0,1,0.0,7.2,0
220.602,0,1,0.0,7.2,0
220.602,0,1,0.0,7.2,0
220.602,0,1,0.0,7.2,0
220.602,0,1,0.0,7.2,0
220.702,0,1,0.0,7.2,0
220.702,0,1,0.0,7.2,0
220.702,0,1,0.0,7.2,0
220.702,0,1,0.0,7.2,0
220.702,0,1,0.0,7.2,0
220.802,0,1,0.0,7.2,0
220.802,0,1,0.0,7.2,0
220.802,0,1,0.0,7.2,0
220.802,0,1,0.0,7.2,0
220.802,0,1,0.0,7.2,0
220.902,0,1,0.0,7.2,0
220.902,0,1,0.0,7.2,0
220.902,0,1,0.0,7.2,0
220.902,0,1,0.0,7.2,0
220.902,0,1,0.0,7.2,0
221.002,0,1,0.0,7.2,0
221.002,0,1,0.0,7.2,0
221.002,0,1,0.0,7.2,0
221.002,0,1,0.0,7.2,0
221.002,0,1,0.0,7.2,0
221.002,0,1,0.0,7.2,0
221.102,0,1,0.0,7.2,0
221.102,0,1,0.0,7.2,0
221.102,0,1,0.0,7.2,0
221.102,0,1,0.0,7.2,0
221.102,0,1,0.0,7.2,0
221.202,0,1,0.0,7.2,0
221.202,0,1,0.0,7.2,0
221.202,0,1,0.0,7.2,0
221.202,0,1,0.0,7.2,0
221.202,0,1,0.0,7.2,0
221.302,0,1,0.0,7.2,0
221.302,0,1,0.0,7.2,0
221.302,0,1,0.0,7.2,0
221.302,0,1,0.0,7.2,0
221.302,0,1,0.0,7.2,0
221.402,0,1,0.0,7.2,0
221.402,0,1,0.0,7.2,0
221.402,0,1,0.0,7.2,0
221.402,0,1,0.0,7.2,0
221.402,0,1,0.0,7.2,0
221.502,0,1,0.0,7.2,0
221.502,0,1,0.0,7.2,0
221.502,0,1,0.0,7.2,0
221.502,0,1,0.0,7.2,0
221.502,0,1,0.0,7.2,0
221.502,0,1,0.0,7.2,0
221.602,0,1,0.0,7.2,0
221.602,0,1,0.0,7.2,0
221.602,0,1,0.0,7.2,0
221.602,0,1,0.0,7.2,0
221.602,0,1,0.0,7.2,0
221.702,0,1,0.0,7.2,0
221.702,0,1,0.0,7.2,0
221.702,0,1,0.0,7.2,0
221.702,0,1,0.0,7.2,0
221.702,0,1,0.0,7.2,0
221.802,0,1,0.0,7.2,0
221.802,0,1,0.0,7.2,0
221.802,0,1,0.0,7.2,0
221.802,0,1,0.0,7.2,0
221.802,0,1,0.0,7.2,0
221.902,0,1,0.0,7.2,0
221.902,0,1,0.0,7.2,0
221.902,0,1,0.0,7.2,0
221.902,0,1,0.0,7.2,0
221.902,0,1,0.0,7.2,0
221.902,0,1,0.0,7.2,0
222.002,0,1,0.0,7.2,0
222.002,0,1,0.0,7.2,0
222.002,0,1,0.0,7.2,0
222.002,0,1,0.0,7.2,0
222.002,0,1,0.0,7.2,0
222.102,0,1,0.0,7.2,0
222.102,0,1,0.0,7.2,0
222.102,0,1,0.0,7.2,0
222.102,0,1,0.0,7.2,0
222.102,0,1,0.0,7.2,0
222.202,0,1,0.0,7.2,0
222.202,0,1,0.0,7.2,0
222.202,0,1,0.0,7.2,0
222.202,0,1,0.0,7.2,0
222.202,0,1,0.0,7.2,0
222.302,0,1,0.0,7.2,0
222.302,0,1,0.0,7.2,0
222.302,0,1,0.0,7.2,0
222.302,0,1,0.0,7.2,0
222.302,0,1,0.0,7.2,0
222.402,0,1,0.0,7.2,0
222.402,0,1,0.0,7.2,0
222.402,0,1,0.0,7.2,0
222.402,0,1,0.0,7.2,0
222.402,0,1,0.0,7.2,0
222.402,0,1,0.0,7.2,0
222.502,0,1,0.0,7.2,0
222.502,0,1,0.0,7.2,0
222.502,0,1,0.0,7.2,0
222.502,0,1,0.0,7.2,0
222.502,0,1,0.0,7.2,0
222.602,0,1,0.0,7.2,0
222.602,0,1,0.0,7.2,0
222.602,0,1,0.0,7.2,0
222.602,0,1,0.0,7.2,0
222.602,0,1,0.0,7.2,0
222.702,0,1,0.0,7.2,0
222.702,0,1,0.0,7.2,0
222.702,0,1,0.0,7.2,0
222.702,0,1,0.0,7.2,0
222.702,0,1,0.0,7.2,0
222.802,0,1,0.0,7.2,0
222.802,0,1,0.0,7.2,0
222.802,0,1,0.0,7.2,0
222.802,0,1,0.0,7.2,0
222.802,0,1,0.0,7.2,0
222.902,0,1,0.0,7.2,0
222.902,0,1,0.0,7.2,0
222.902,0,1,0.0,7.2,0
222.902,0,1,0.0,7.2,0
222.902,0,1,0.0,7.2,0
222.902,0,1,0.0,7.2,0
223.002,0,1,0.0,7.2,0
223.002,0,1,0.0,7.2,0
223.002,0,1,0.0,7.2,0
223.002,0,1,0.0,7.2,0
223.002,0,1,0.0,7.2,0
223.102,0,1,0.0,7.2,0
223.102,0,1,0.0,7.2,0
223.102,0,1,0.0,7.2,0
223.102,0,1,0.0,7.2,0
223.102,0,1,0.0,7.2,0
223.202,0,1,0.0,7.2,0
223.202,0,1,0.0,7.2,0
223.202,0,1,0.0,7.2,0
223.202,0,1,0.0,7.2,0
223.202,0,1,0.0,7.2,0
223.302,0,1,0.0,7.2,0
223.302,0,1,0.0,7.2,0
223.302,0,1,0.0,7.2,0
223.302,0,1,0.0,7.2,0
223.302,0,1,0.0,7.2,0
223.302,0,1,0.0,7.2,0
223.402,0,1,0.0,7.2,0
223.402,0,1,0.0,7.2,0
223.402,0,1,0.0,7.2,0
223.402,0,1,0.0,7.2,0
223.402,0,1,0.0,7.2,0
223.502,0,1,0.0,7.2,0
223.502,0,1,0.0,7.2,0
223.502,0,1,0.0,7.2,0
223.502,0,1,0.0,7.2,0
223.502,0,1,0.0,7.2,0
223.602,0,1,0.0,7.2,0
223.602,0,1,0.0,7.2,0
223.602,0,1,0.0,7.2,0
223.602,0,1,0.0,7.2,0
223.602,0,1,0.0,7.2,0
223.702,0,1,0.0,7.2,0
223.702,0,1,0.0,7.2,0
223.702,0,1,0.0,7.2,0
223.702,0,1,0.0,7.2,0
223.702,0,1,0.0,7.2,0
223.802,0,1,0.0,7.2,0
223.802,0,1,0.0,7.2,0
223.802,0,1,0.0,7.2,0
223.802,0,1,0.0,7.2,0
223.802,0,1,0.0,7.2,0
223.802,0,1,0.0,7.2,0
223.902,0,1,0.0,7.2,0
223.902,0,1,0.0,7.2,0
223.902,0,1,0.0,7.2,0
223.902,0,1,0.0,7.2,0
223.902,0,1,0.0,7.2,0
224.002,0,1,0.0,7.2,0
224.002,0,1,0.0,7.2,0
224.002,0,1,0.0,7.2,0
224.002,0,1,0.0,7.2,0
224.002,0,1,0.0,7.2,0
224.102,0,1,0.0,7.2,0
224.102,0,1,0.0,7.2,0
224.102,0,1,0.0,7.2,0
224.102,0,1,0.0,7.2,0
224.102,0,1,0.0,7.2,0
224.202,0,1,0.0,7.2,0
224.202,0,1,0.0,7.2,0
224.202,0,1,0.0,7.2,0
224.202,0,1,0.0,7.2,0
224.202,0,1,0.0,7.2,0
224.202,0,1,0.0,7.2,0
224.302,0,1,0.0,7.2,0
224.302,0,1,0.0,7.2,0
224.302,0,1,0.0,7.2,0
224.302,0,1,0.0,7.2,0
224.302,0,1,0.0,7.2,0
224.402,0,1,0.0,7.2,0
224.402,0,1,0.0,7.2,0
224.402,0,1,0.0,7.2,0
224.402,0,1,0.0,7.2,0
224.402,0,1,0.0,7.2,0
224.502,0,1,0.0,7.2,0
224.502,0,1,0.0,7.2,0
224.502,0,1,0.0,7.2,0
224.502,0,1,0.0,7.2,0
224.502,0,1,0.0,7.2,0
224.602,0,1,0.0,7.2,0
224.602,0,1,0.0,7.2,0
224.602,0,1,0.0,7.2,0
224.602,0,1,0.0,7.2,0
224.602,0,1,0.0,7.2,0
224.702,0,1,0.0,7.2,0
224.702,0,1,0.0,7.2,0
224.702,0,1,0.0,7.2,0
224.702,0,1,0.0,7.2,0
224.702,0,1,0.0,7.2,0
224.702,0,1,0.0,7.2,0
224.802,0,1,0.0,7.2,0
224.802,0,1,0.0,7.2,0
224.802,0,1,0.0,7.2,0
224.802,0,1,0.0,7.2,0
224.802,0,1,0.0,7.2,0
224.902,0,1,0.0,7.2,0
224.902,0,1,0.0,7.2,0
224.902,0,1,0.0,7.2,0
224.902,0,1,0.0,7.2,0
224.902,0,1,0.0,7.2,0
225.002,0,1,0.0,7.2,0
225.002,0,1,0.0,7.2,0
225.002,0,1,0.0,7.2,0
225.002,0,1,0.0,7.2,0
225.002,0,1,0.0,7.2,0
225.102,0,1,0.0,7.2,0
225.102,0,1,0.0,7.2,0
225.102,0,1,0.0,7.2,0
225.102,0,1,0.0,7.2,0
225.102,0,1,0.0,7.2,0
225.202,0,1,0.0,7.2,0
225.202,0,1,0.0,7.2,0
225.202,0,1,0.0,7.2,0
225.202,0,1,0.0,7.2,0
225.202,0,1,0.0,7.2,0
225.202,0,1,0.0,7.2,0
225.302,0,1,0.0,7.2,0
225.302,0,1,0.0,7.2,0
225.302,0,1,0.0,7.2,0
225.302,0,1,0.0,7.2,0
225.302,0,1,0.0,7.2,0
225.402,0,1,0.0,7.2,0
225.402,0,1,0.0,7.2,0
225.402,0,1,0.0,7.2,0
225.402,0,1,0.0,7.2,0
225.402,0,1,0.0,7.2,0
225.502,0,1,0.0,7.2,0
225.502,0,1,0.0,7.2,0
225.502,0,1,0.0,7.2,0
225.502,0,1,0.0,7.2,0
225.502,0,1,0.0,7.2,0
225.602,0,1,0.0,7.2,0
225.602,0,1,0.0,7.2,0
225.602,0,1,0.0,7.2,0
225.602,0,1,0.0,7.2,0
225.602,0,1,0.0,7.2,0
225.602,0,1,0.0,7.2,0
225.702,0,1,0.0,7.2,0
225.702,0,1,0.0,7.2,0
225.702,0,1,0.0,7.2,0
225.702,0,1,0.0,7.2,0
225.702,0,1,0.0,7.2,0
225.802,0,1,0.0,7.2,0
225.802,0,1,0.0,7.2,0
225.802,0,1,0.0,7.2,0
225.802,0,1,0.0,7.2,0
225.802,0,1,0.0,7.2,0
225.902,0,1,0.0,7.2,0
225.902,0,1,0.0,7.2,0
225.902,0,1,0.0,7.2,0
225.902,0,1,0.0,7.2,0
225.902,0,1,0.0,7.2,0
226.002,0,1,0.0,7.2,0
226.002,0,1,0.0,7.2,0
226.002,0,1,0.0,7.2,0
226.002,0,1,0.0,7.2,0
226.002,0,1,0.0,7.2,0
226.102,0,1,0.0,7.2,0
226.102,0,1,0.0,7.2,0
226.102,0,1,0.0,7.2,0
226.102,0,1,0.0,7.2,0
226.102,0,1,0.0,7.2,0
226.102,0,1,0.0,7.2,0
226.202,0,1,0.0,7.2,0
226.202,0,1,0.0,7.2,0
226.202,0,1,0.0,7.2,0
226.202,0,1,0.0,7.2,0
226.202,0,1,0.0,7.2,0
226.302,0,1,0.0,7.2,0
226.302,0,1,0.0,7.2,0
226.302,0,1,0.0,7.2,0
226.302,0,1,0.0,7.2,0
226.302,0,1,0.0,7.2,0
226.402,0,1,0.0,7.2,0
226.402,0,1,0.0,7.2,0
226.402,0,1,0.0,7.2,0
226.402,0,1,0.0,7.2,0
226.402,0,1,0.0,7.2,0
226.502,0,1,0.0,7.2,0
226.502,0,1,0.0,7.2,0
226.502,0,1,0.0,7.2,0
226.502,0,1,0.0,7.2,0
226.502,0,1,0.0,7.2,0
226.502,0,1,0.0,7.2,0
226.602,0,1,0.0,7.2,0
226.602,0,1,0.0,7.2,0
226.602,0,1,0.0,7.2,0
226.602,0,1,0.0,7.2,0
226.602,0,1,0.0,7.2,0
226.702,0,1,0.0,7.2,0
226.702,0,1,0.0,7.2,0
226.702,0,1,0.0,7.2,0
226.702,0,1,0.0,7.2,0
226.702,0,1,0.0,7.2,0
226.802,0,1,0.0,7.2,0
226.802,0,1,0.0,7.2,0
226.802,0,1,0.0,7.2,0
226.802,0,1,0.0,7.2,0
226.802,0,1,0.0,7.2,0
226.902,0,1,0.0,7.2,0
226.902,0,1,0.0,7.2,0
226.902,0,1,0.0,7.2,0
226.902,0,1,0.0,7.2,0
226.902,0,1,0.0,7.2,0
227.002,0,1,0.0,7.2,0
227.002,0,1,0.0,7.2,0
227.002,0,1,0.0,7.2,0
227.002,0,1,0.0,7.2,0
227.002,0,1,0.0,7.2,0
227.002,0,1,0.0,7.2,0
227.102,0,1,0.0,7.2,0
227.102,0,1,0.0,7.2,0
227.102,0,1,0.0,7.2,0
227.102,0,1,0.0,7.2,0
227.102,0,1,0.0,7.2,0
227.202,0,1,0.0,7.2,0
227.202,0,1,0.0,7.2,0
227.202,0,1,0.0,7.2,0
227.202,0,1,0.0,7.2,0
227.202,0,1,0.0,7.2,0
227.302,0,1,0.0,7.2,0
227.302,0,1,0.0,7.2,0
227.302,0,1,0.0,7.2,0
227.302,0,1,0.0,7.2,0
227.302,0,1,0.0,7.2,0
227.402,0,1,0.0,7.2,0
227.402,0,1,0.0,7.2,0
227.402,0,1,0.0,7.2,0
227.402,0,1,0.0,7.2,0
227.402,0,1,0.0,7.2,0
227.502,0,1,0.0,7.2,0
227.502,0,1,0.0,7.2,0
227.502,0,1,0.0,7.2,0
227.502,0,1,0.0,7.2,0
227.502,0,1,0.0,7.2,0
227.502,0,1,0.0,7.2,0
227.602,0,1,0.0,7.2,0
227.602,0,1,0.0,7.2,0
227.602,0,1,0.0,7.2,0
227.602,0,1,0.0,7.2,0
227.602,0,1,0.0,7.2,0
227.702,0,1,0.0,7.2,0
227.702,0,1,0.0,7.2,0
227.702,0,1,0.0,7.2,0
227.702,0,1,0.0,7.2,0
227.702,0,1,0.0,7.2,0
227.802,0,1,0.0,7.2,0
227.802,0,1,0.0,7.2,0
227.802,0,1,0.0,7.2,0
227.802,0,1,0.0,7.2,0
227.802,0,1,0.0,7.2,0
227.902,0,1,0.0,7.2,0
227.902,0,1,0.0,7.2,0
227.902,0,1,0.0,7.2,0
227.902,0,1,0.0,7.2,0
227.902,0,1,0.0,7.2,0
227.902,0,1,0.0,7.2,0
228.002,0,1,0.0,7.2,0
228.002,0,1,0.0,7.2,0
228.002,0,1,0.0,7.2,0
228.002,0,1,0.0,7.2,0
228.002,0,1,0.0,7.2,0
228.102,0,1,0.0,7.2,0
228.102,0,1,0.0,7.2,0
228.102,0,1,0.0,7.2,0
228.102,0,1,0.0,7.2,0
228.102,0,1,0.0,7.2,0
228.202,0,1,0.0,7.2,0
228.202,0,1,0.0,7.2,0
228.202,0,1,0.0,7.2,0
228.202,0,1,0.0,7.2,0
228.202,0,1,0.0,7.2,0
228.302,0,1,0.0,7.2,0
228.302,0,1,0.0,7.2,0
228.302,0,1,0.0,7.2,0
228.302,0,1,0.0,7.2,0
228.302,0,1,0.0,7.2,0
228.402,0,1,0.0,7.2,0
228.402,0,1,0.0,7.2,0
228.402,0,1,0.0,7.2,0
228.402,0,1,0.0,7.2,0
228.402,0,1,0.0,7.2,0
228.402,0,1,0.0,7.2,0
228.502,0,1,0.0,7.2,0
228.502,0,1,0.0,7.2,0
228.502,0,1,0.0,7.2,0
228.502,0,1,0.0,7.2,0
228.502,0,1,0.0,7.2,0
228.602,0,1,0.0,7.2,0
228.602,0,1,0.0,7.2,0
228.602,0,1,0.0,7.2,0
228.602,0,1,0.0,7.2,0
228.602,0,1,0.0,7.2,0
228.702,0,1,0.0,7.2,0
228.702,0,1,0.0,7.2,0
228.702,0,1,0.0,7.2,0
228.702,0,1,0.0,7.2,0
228.702,0,1,0.0,7.2,0
228.802,0,1,0.0,7.2,0
228.802,0,1,0.0,7.2,0
228.802,0,1,0.0,7.2,0
228.802,0,1,0.0,7.2,0
228.802,0,1,0.0,7.2,0
228.802,0,1,0.0,7.2,0
228.902,0,1,0.0,7.2,0
228.902,0,1,0.0,7.2,0
228.902,0,1,0.0,7.2,0
228.902,0,1,0.0,7.2,0
228.902,0,1,0.0,7.2,0
229.002,0,1,0.0,7.2,0
229.002,0,1,0.0,7.2,0
229.002,0,1,0.0,7.2,0
229.002,0,1,0.0,7.2,0
229.002,0,1,0.0,7.2,0
229.102,0,1,0.0,7.2,0
229.102,0,1,0.0,7.2,0
229.102,0,1,0.0,7.2,0
229.102,0,1,0.0,7.2,0
229.102,0,1,0.0,7.2,0
229.202,0,1,0.0,7.2,0
229.202,0,1,0.0,7.2,0
229.202,0,1,0.0,7.2,0
229.202,0,1,0.0,7.2,0
229.202,0,1,0.0,7.2,0
229.302,0,1,0.0,7.2,0
229.302,0,1,0.0,7.2,0
229.302,0,1,0.0,7.2,0
229.302,0,1,0.0,7.2,0
229.302,0,1,0.0,7.2,0
229.302,0,1,0.0,7.2,0
229.402,0,1,0.0,7.2,0
229.402,0,1,0.0,7.2,0
229.402,0,1,0.0,7.2,0
229.402,0,1,0.0,7.2,0
229.402,0,1,0.0,7.2,0
229.502,0,1,0.0,7.2,0
229.502,0,1,0.0,7.2,0
229.502,0,1,0.0,7.2,0
229.502,0,1,0.0,7.2,0
229.502,0,1,0.0,7.2,0
229.602,0,1,0.0,7.2,0
229.602,0,1,0.0,7.2,0
229.602,0,1,0.0,7.2,0
229.602,0,1,0.0,7.2,0
229.602,0,1,0.0,7.2,0
229.702,0,1,0.0,7.2,0
229.702,0,1,0.0,7.2,0
229.702,0,1,0.0,7.2,0
229.702,0,1,0.0,7.2,0
229.702,0,1,0.0,7.2,0
229.702,0,1,0.0,7.2,0
229.802,0,1,0.0,7.2,0
229.802,0,1,0.0,7.2,0
229.802,0,1,0.0,7.2,0
229.802,0,1,0.0,7.2,0
229.802,0,1,0.0,7.2,0
229.902,0,1,0.0,7.2,0
229.902,0,1,0.0,7.2,0
229.902,0,1,0.0,7.2,0
229.902,0,1,0.0,7.2,0
229.902,0,1,0.0,7.2,0
230.002,0,0,0.0,0.0,0
230.002,0,0,0.0,0.0,0
230.002,0,0,0.0,0.0,0
230.002,0,0,0.0,0.0,0
230.002,0,0,0.0,0.0,0
230.102,0,0,0.0,0.0,0
230.102,0,0,0.0,0.0,0
230.102,0,0,0.0,0.0,0
230.102,0,0,0.0,0.0,0
230.102,0,0,0.0,0.0,0
230.202,0,0,0.0,0.0,0
230.202,0,0,0.0,0.0,0
230.202,0,0,0.0,0.0,0
230.202,0,0,0.0,0.0,0
230.202,0,0,0.0,0.0,0
230.202,0,0,0.0,0.0,0
230.302,0,0,0.0,0.0,0
230.302,0,0,0.0,0.0,0
230.302,0,0,0.0,0.0,0
230.302,0,0,0.0,0.0,0
230.302,0,0,0.0,0.0,0
230.402,0,0,0.0,0.0,0
230.402,0,0,0.0,0.0,0
230.402,0,0,0.0,0.0,0
230.402,0,0,0.0,0.0,0
230.402,0,0,0.0,0.0,0
230.502,0,0,0.0,0.0,0
230.502,0,0,0.0,0.0,0
230.502,0,0,0.0,0.0,0
230.502,0,0,0.0,0.0,0
230.502,0,0,0.0,0.0,0
230.602,0,0,0.0,0.0,0
230.602,0,0,0.0,0.0,0
230.602,0,0,0.0,0.0,0
230.602,0,0,0.0,0.0,0
230.602,0,0,0.0,0.0,0
230.702,0,0,0.0,0.0,0
230.702,0,0,0.0,0.0,0
230.702,0,0,0.0,0.0,0
230.702,0,0,0.0,0.0,0
230.702,0,0,0.0,0.0,0
230.702,0,0,0.0,0.0,0
230.802,0,0,0.0,0.0,0
230.802,0,0,0.0,0.0,0
230.802,0,0,0.0,0.0,0
230.802,0,0,0.0,0.0,0
230.802,0,0,0.0,0.0,0
230.902,0,0,0.0,0.0,0
230.902,0,0,0.0,0.0,0
230.902,0,0,0.0,0.0,0
230.902,0,0,0.0,0.0,0
230.902,0,0,0.0,0.0,0
231.002,0,0,0.0,0.0,0
231.002,0,0,0.0,0.0,0
231.002,0,0,0.0,0.0,0
231.002,0,0,0.0,0.0,0
231.002,0,0,0.0,0.0,0
231.102,0,0,0.0,0.0,0
231.102,0,0,0.0,0.0,0
231.102,0,0,0.0,0.0,0
231.102,0,0,0.0,0.0,0
231.102,0,0,0.0,0.0,0
231.102,0,0,0.0,0.0,0
231.202,0,0,0.0,0.0,0
231.202,0,0,0.0,0.0,0
231.202,0,0,0.0,0.0,0
231.202,0,0,0.0,0.0,0
231.202,0,0,0.0,0.0,0
231.302,0,0,0.0,0.0,0
231.302,0,0,0.0,0.0,0
231.302,0,0,0.0,0.0,0
231.302,0,0,0.0,0.0,0
231.302,0,0,0.0,0.0,0
231.402,0,0,0.0,0.0,0
231.402,0,0,0.0,0.0,0
231.402,0,0,0.0,0.0,0
231.402,0,0,0.0,0.0,0
231.402,0,0,0.0,0.0,0
231.502,0,0,0.0,0.0,0
231.502,0,0,0.0,0.0,0
231.502,0,0,0.0,0.0,0
231.502,0,0,0.0,0.0,0
231.502,0,0,0.0,0.0,0
231.602,0,0,0.0,0.0,0
231.602,0,0,0.0,0.0,0
231.602,0,0,0.0,0.0,0
231.602,0,0,0.0,0.0,0
231.602,0,0,0.0,0.0,0
231.602,0,0,0.0,0.0,0
231.702,0,0,0.0,0.0,0
231.702,0,0,0.0,0.0,0
231.702,0,0,0.0,0.0,0
231.702,0,0,0.0,0.0,0
231.702,0,0,0.0,0.0,0
231.802,0,0,0.0,0.0,0
231.802,0,0,0.0,0.0,0
231.802,0,0,0.0,0.0,0
231.802,0,0,0.0,0.0,0
231.802,0,0,0.0,0.0,0
231.902,0,0,0.0,0.0,0
231.902,0,0,0.0,0.0,0
231.902,0,0,0.0,0.0,0
231.902,0,0,0.0,0.0,0
231.902,0,0,0.0,0.0,0
232.002,0,0,0.0,0.0,0
232.002,0,0,0.0,0.0,0
232.002,0,0,0.0,0.0,0
232.002,0,0,0.0,0.0,0
232.002,0,0,0.0,0.0,0
232.002,0,0,0.0,0.0,0
232.102,0,0,0.0,0.0,0
232.102,0,0,0.0,0.0,0
232.102,0,0,0.0,0.0,0
232.102,0,0,0.0,0.0,0
232.102,0,0,0.0,0.0,0
232.202,0,0,0.0,0.0,0
232.202,0,0,0.0,0.0,0
232.202,0,0,0.0,0.0,0
232.202,0,0,0.0,0.0,0
232.202,0,0,0.0,0.0,0
232.302,0,0,0.0,0.0,0
232.302,0,0,0.0,0.0,0
232.302,0,0,0.0,0.0,0
232.302,0,0,0.0,0.0,0
232.302,0,0,0.0,0.0,0
232.402,0,0,0.0,0.0,0
232.402,0,0,0.0,0.0,0
232.402,0,0,0.0,0.0,0
232.402,0,0,0.0,0.0,0
232.402,0,0,0.0,0.0,0
232.502,0,0,0.0,0.0,0
232.502,0,0,0.0,0.0,0
232.502,0,0,0.0,0.0,0
232.502,0,0,0.0,0.0,0
232.502,0,0,0.0,0.0,0
232.502,0,0,0.0,0.0,0
232.602,0,0,0.0,0.0,0
232.602,0,0,0.0,0.0,0
232.602,0,0,0.0,0.0,0
232.602,0,0,0.0,0.0,0
232.602,0,0,0.0,0.0,0
232.702,0,0,0.0,0.0,0
232.702,0,0,0.0,0.0,0
232.702,0,0,0.0,0.0,0
232.702,0,0,0.0,0.0,0
232.702,0,0,0.0,0.0,0
232.802,0,0,0.0,0.0,0
232.802,0,0,0.0,0.0,0
232.802,0,0,0.0,0.0,0
232.802,0,0,0.0,0.0,0
232.802,0,0,0.0,0.0,0
232.902,0,0,0.0,0.0,0
232.902,0,0,0.0,0.0,0
232.902,0,0,0.0,0.0,0
232.902,0,0,0.0,0.0,0
232.902,0,0,0.0,0.0,0
233.002,0,0,0.0,0.0,0
233.002,0,0,0.0,0.0,0
233.002,0,0,0.0,0.0,0
233.002,0,0,0.0,0.0,0
233.002,0,0,0.0,0.0,0
233.002,0,0,0.0,0.0,0
233.102,0,0,0.0,0.0,0
233.102,0,0,0.0,0.0,0
233.102,0,0,0.0,0.0,0
233.102,0,0,0.0,0.0,0
233.102,0,0,0.0,0.0,0
233.202,0,0,0.0,0.0,0
233.202,0,0,0.0,0.0,0
233.202,0,0,0.0,0.0,0
233.202,0,0,0.0,0.0,0
233.202,0,0,0.0,0.0,0
233.302,0,0,0.0,0.0,0
233.302,0,0,0.0,0.0,0
233.302,0,0,0.0,0.0,0
233.302,0,0,0.0,0.0,0
233.302,0,0,0.0,0.0,0
233.402,0,0,0.0,0.0,0
233.402,0,0,0.0,0.0,0
233.402,0,0,0.0,0.0,0
233.402,0,0,0.0,0.0,0
233.402,0,0,0.0,0.0,0
233.402,0,0,0.0,0.0,0
233.502,0,0,0.0,0.0,0
233.502,0,0,0.0,0.0,0
233.502,0,0,0.0,0.0,0
233.502,0,0,0.0,0.0,0
233.502,0,0,0.0,0.0,0
233.602,0,0,0.0,0.0,0
233.602,0,0,0.0,0.0,0
233.602,0,0,0.0,0.0,0
233.602,0,0,0.0,0.0,0
233.602,0,0,0.0,0.0,0
233.702,0,0,0.0,0.0,0
233.702,0,0,0.0,0.0,0
233.702,0,0,0.0,0.0,0
233.702,0,0,0.0,0.0,0
233.702,0,0,0.0,0.0,0
233.802,0,0,0.0,0.0,0
233.802,0,0,0.0,0.0,0
233.802,0,0,0.0,0.0,0
233.802,0,0,0.0,0.0,0
233.802,0,0,0.0,0.0,0
233.902,0,0,0.0,0.0,0
233.902,0,0,0.0,0.0,0
233.902,0,0,0.0,0.0,0
233.902,0,0,0.0,0.0,0
233.902,0,0,0.0,0.0,0
233.902,0,0,0.0,0.0,0
234.002,0,0,0.0,0.0,0
234.002,0,0,0.0,0.0,0
234.002,0,0,0.0,0.0,0
234.002,0,0,0.0,0.0,0
234.002,0,0,0.0,0.0,0
234.102,0,0,0.0,0.0,0
234.102,0,0,0.0,0.0,0
234.102,0,0,0.0,0.0,0
234.102,0,0,0.0,0.0,0
234.102,0,0,0.0,0.0,0
234.202,0,0,0.0,0.0,0
234.202,0,0,0.0,0.0,0
234.202,0,0,0.0,0.0,0
234.202,0,0,0.0,0.0,0
234.202,0,0,0.0,0.0,0
234.302,0,0,0.0,0.0,0
234.302,0,0,0.0,0.0,0
234.302,0,0,0.0,0.0,0
234.302,0,0,0.0,0.0,0
234.302,0,0,0.0,0.0,0
234.302,0,0,0.0,0.0,0
234.402,0,0,0.0,0.0,0
234.402,0,0,0.0,0.0,0
234.402,0,0,0.0,0.0,0
234.402,0,0,0.0,0.0,0
234.402,0,0,0.0,0.0,0
234.502,0,0,0.0,0.0,0
234.502,0,0,0.0,0.0,0
234.502,0,0,0.0,0.0,0
234.502,0,0,0.0,0.0,0
234.502,0,0,0.0,0.0,0
234.602,0,0,0.0,0.0,0
234.602,0,0,0.0,0.0,0
234.602,0,0,0.0,0.0,0
234.602,0,0,0.0,0.0,0
234.602,0,0,0.0,0.0,0
234.702,0,0,0.0,0.0,0
234.702,0,0,0.0,0.0,0
234.702,0,0,0.0,0.0,0
234.702,0,0,0.0,0.0,0
234.702,0,0,0.0,0.0,0
234.802,0,0,0.0,0.0,0
234.802,0,0,0.0,0.0,0
234.802,0,0,0.0,0.0,0
234.802,0,0,0.0,0.0,0
234.802,0,0,0.0,0.0,0
234.802,0,0,0.0,0.0,0
234.902,0,0,0.0,0.0,0
234.902,0,0,0.0,0.0,0
234.902,0,0,0.0,0.0,0
234.902,0,0,0.0,0.0,0
234.902,0,0,0.0,0.0,0
235.002,0,0,0.0,0.0,0
235.002,0,0,0.0,0.0,0
235.002,0,0,0.0,0.0,0
235.002,0,0,0.0,0.0,0
235.002,0,0,0.0,0.0,0
235.102,0,0,0.0,0.0,0
235.102,0,0,0.0,0.0,0
235.102,0,0,0.0,0.0,0
235.102,0,0,0.0,0.0,0
235.102,0,0,0.0,0.0,0
235.202,0,0,0.0,0.0,0
235.202,0,0,0.0,0.0,0
235.202,0,0,0.0,0.0,0
235.202,0,0,0.0,0.0,0
235.202,0,0,0.0,0.0,0
235.302,0,0,0.0,0.0,0
235.302,0,0,0.0,0.0,0
235.302,0,0,0.0,0.0,0
235.302,0,0,0.0,0.0,0
235.302,0,0,0.0,0.0,0
235.302,0,0,0.0,0.0,0
235.402,0,0,0.0,0.0,0
235.402,0,0,0.0,0.0,0
235.402,0,0,0.0,0.0,0
235.402,0,0,0.0,0.0,0
235.402,0,0,0.0,0.0,0
235.502,0,0,0.0,0.0,0
235.502,0,0,0.0,0.0,0
235.502,0,0,0.0,0.0,0
235.502,0,0,0.0,0.0,0
235.502,0,0,0.0,0.0,0
235.602,0,0,0.0,0.0,0
235.602,0,0,0.0,0.0,0
235.602,0,0,0.0,0.0,0
235.602,0,0,0.0,0.0,0
235.602,0,0,0.0,0.0,0
235.702,0,0,0.0,0.0,0
235.702,0,0,0.0,0.0,0
235.702,0,0,0.0,0.0,0
235.702,0,0,0.0,0.0,0
235.702,0,0,0.0,0.0,0
235.702,0,0,0.0,0.0,0
238.928,0,0,0.0,0.0,0
238.928,0,0,0.0,0.0,0
238.928,0,0,0.0,0.0,0
238.928,0,0,0.0,0.0,0
238.928,0,0,0.0,0.0,0
239.028,0,0,0.0,0.0,0
239.028,0,0,0.0,0.0,0
239.028,0,0,0.0,0.0,0
239.028,0,0,0.0,0.0,0
239.028,0,0,0.0,0.0,0
239.028,0,0,0.0,0.0,0
239.128,0,0,0.0,0.0,0
239.128,0,0,0.0,0.0,0
239.128,0,0,0.0,0.0,0
239.128,0,0,0.0,0.0,0
239.128,0,0,0.0,0.0,0
239.228,0,0,0.0,0.0,0
239.228,0,0,0.0,0.0,0
239.228,0,0,0.0,0.0,0
239.228,0,0,0.0,0.0,0
239.228,0,0,0.0,0.0,0
239.328,0,0,0.0,0.0,0
239.328,0,0,0.0,0.0,0
239.328,0,0,0.0,0.0,0
239.328,0,0,0.0,0.0,0
239.328,0,0,0.0,0.0,0
239.428,0,0,0.0,0.0,0
239.428,0,0,0.0,0.0,0
239.428,0,0,0.0,0.0,0
239.428,0,0,0.0,0.0,0
239.428,0,0,0.0,0.0,0
239.428,0,0,0.0,0.0,0
239.528,0,0,0.0,0.0,0
239.528,0,0,0.0,0.0,0
239.528,0,0,0.0,0.0,0
239.528,0,0,0.0,0.0,0
239.528,0,0,0.0,0.0,0
239.628,0,0,0.0,0.0,0
239.628,0,0,0.0,0.0,0
239.628,0,0,0.0,0.0,0
239.628,0,0,0.0,0.0,0
239.628,0,0,0.0,0.0,0
239.728,0,0,0.0,0.0,0
239.728,0,0,0.0,0.0,0
239.728,0,0,0.0,0.0,0
239.728,0,0,0.0,0.0,0
239.728,0,0,0.0,0.0,0
239.828,0,0,0.0,0.0,0
239.828,0,0,0.0,0.0,0
239.828,0,0,0.0,0.0,0
239.828,0,0,0.0,0.0,0
239.828,0,0,0.0,0.0,0
239.928,0,0,0.0,0.0,0
239.928,0,0,0.0,0.0,0
239.928,0,0,0.0,0.0,0
239.928,0,0,0.0,0.0,0
239.928,0,0,0.0,0.0,0
239.928,0,0,0.0,0.0,0
240.028,0,0,0.0,0.0,0
240.028,0,0,0.0,0.0,0
240.028,0,0,0.0,0.0,0
240.028,0,0,0.0,0.0,0
240.028,0,0,0.0,0.0,0
240.128,0,0,0.0,0.0,0
240.128,0,0,0.0,0.0,0
240.128,0,0,0.0,0.0,0
240.128,0,0,0.0,0.0,0
240.128,0,0,0.0,0.0,0
240.228,0,0,0.0,0.0,0
240.228,0,0,0.0,0.0,0
240.228,0,0,0.0,0.0,0
240.228,0,0,0.0,0.0,0
240.228,0,0,0.0,0.0,0
240.328,0,0,0.0,0.0,0
240.328,0,0,0.0,0.0,0
240.328,0,0,0.0,0.0,0
240.328,0,0,0.0,0.0,0
240.328,0,0,0.0,0.0,0
240.328,0,0,0.0,0.0,0
240.428,0,0,0.0,0.0,0
240.428,0,0,0.0,0.0,0
240.428,0,0,0.0,0.0,0
240.428,0,0,0.0,0.0,0
240.428,0,0,0.0,0.0,0
240.528,0,0,0.0,0.0,0
240.528,0,0,0.0,0.0,0
240.528,0,0,0.0,0.0,0
240.528,0,0,0.0,0.0,0
240.528,0,0,0.0,0.0,0
240.628,0,0,0.0,0.0,0
240.628,0,0,0.0,0.0,0
240.628,0,0,0.0,0.0,0
240.628,0,0,0.0,0.0,0
240.628,0,0,0.0,0.0,0
240.728,0,0,0.0,0.0,0
240.728,0,0,0.0,0.0,0
240.728,0,0,0.0,0.0,0
240.728,0,0,0.0,0.0,0
240.728,0,0,0.0,0.0,0
240.828,0,0,0.0,0.0,0
240.828,0,0,0.0,0.0,0
240.828,0,0,0.0,0.0,0
240.828,0,0,0.0,0.0,0
240.828,0,0,0.0,0.0,0
240.828,0,0,0.0,0.0,0
240.928,0,0,0.0,0.0,0
240.928,0,0,0.0,0.0,0
240.928,0,0,0.0,0.0,0
240.928,0,0,0.0,0.0,0
240.928,0,0,0.0,0.0,0
241.028,0,0,0.0,0.0,0
241.028,0,0,0.0,0.0,0
241.028,0,0,0.0,0.0,0
241.028,0,0,0.0,0.0,0
241.028,0,0,0.0,0.0,0
241.128,0,0,0.0,0.0,0
241.128,0,0,0.0,0.0,0
241.128,0,0,0.0,0.0,0
241.128,0,0,0.0,0.0,0
241.128,0,0,0.0,0.0,0
241.228,0,0,0.0,0.0,0
241.228,0,0,0.0,0.0,0
241.228,0,0,0.0,0.0,0
241.228,0,0,0.0,0.0,0
241.228,0,0,0.0,0.0,0
241.328,0,0,0.0,0.0,0
241.328,0,0,0.0,0.0,0
241.328,0,0,0.0,0.0,0
241.328,0,0,0.0,0.0,0
241.328,0,0,0.0,0.0,0
241.328,0,0,0.0,0.0,0
241.428,0,0,0.0,0.0,0
241.428,0,0,0.0,0.0,0
241.428,0,0,0.0,0.0,0
241.428,0,0,0.0,0.0,0
241.428,0,0,0.0,0.0,0
241.528,0,0,0.0,0.0,0
241.528,0,0,0.0,0.0,0
241.528,0,0,0.0,0.0,0
241.528,0,0,0.0,0.0,0
241.528,0,0,0.0,0.0,0
241.628,0,0,0.0,0.0,0
241.628,0,0,0.0,0.0,0
241.628,0,0,0.0,0.0,0
241.628,0,0,0.0,0.0,0
241.628,0,0,0.0,0.0,0
241.728,0,0,0.0,0.0,0
241.728,0,0,0.0,0.0,0
241.728,0,0,0.0,0.0,0
241.728,0,0,0.0,0.0,0
241.728,0,0,0.0,0.0,0
241.728,0,0,0.0,0.0,0
241.828,0,0,0.0,0.0,0
241.828,0,0,0.0,0.0,0
241.828,0,0,0.0,0.0,0
241.828,0,0,0.0,0.0,0
241.828,0,0,0.0,0.0,0
241.928,0,0,0.0,0.0,0
241.928,0,0,0.0,0.0,0
241.928,0,0,0.0,0.0,0
241.928,0,0,0.0,0.0,0
241.928,0,0,0.0,0.0,0
242.028,0,0,0.0,0.0,0
242.028,0,0,0.0,0.0,0
242.028,0,0,0.0,0.0,0
242.028,0,0,0.0,0.0,0
242.028,0,0,0.0,0.0,0
242.128,0,0,0.0,0.0,0
242.128,0,0,0.0,0.0,0
242.128,0,0,0.0,0.0,0
242.128,0,0,0.0,0.0,0
242.128,0,0,0.0,0.0,0
242.228,0,0,0.0,0.0,0
242.228,0,0,0.0,0.0,0
242.228,0,0,0.0,0.0,0
242.228,0,0,0.0,0.0,0
242.228,0,0,0.0,0.0,0
242.228,0,0,0.0,0.0,0
242.328,0,0,0.0,0.0,0
242.328,0,0,0.0,0.0,0
242.328,0,0,0.0,0.0,0
242.328,0,0,0.0,0.0,0
242.328,0,0,0.0,0.0,0
242.428,0,0,0.0,0.0,0
242.428,0,0,0.0,0.0,0
242.428,0,0,0.0,0.0,0
242.428,0,0,0.0,0.0,0
242.428,0,0,0.0,0.0,0
242.528,0,0,0.0,0.0,0
242.528,0,0,0.0,0.0,0
242.528,0,0,0.0,0.0,0
242.528,0,0,0.0,0.0,0
242.528,0,0,0.0,0.0,0
242.628,0,0,0.0,0.0,0
242.628,0,0,0.0,0.0,0
242.628,0,0,0.0,0.0,0
242.628,0,0,0.0,0.0,0
242.628,0,0,0.0,0.0,0
242.628,0,0,0.0,0.0,0
242.728,0,0,0.0,0.0,0
242.728,0,0,0.0,0.0,0
242.728,0,0,0.0,0.0,0
242.728,0,0,0.0,0.0,0
242.728,0,0,0.0,0.0,0
242.828,0,0,0.0,0.0,0
242.828,0,0,0.0,0.0,0
242.828,0,0,0.0,0.0,0
242.828,0,0,0.0,0.0,0
242.828,0,0,0.0,0.0,0
242.928,0,0,0.0,0.0,0
242.928,0,0,0.0,0.0,0
242.928,0,0,0.0,0.0,0
242.928,0,0,0.0,0.0,0
242.928,0,0,0.0,0.0,0
243.028,0,0,0.0,0.0,0
243.028,0,0,0.0,0.0,0
243.028,0,0,0.0,0.0,0
243.028,0,0,0.0,0.0,0
243.028,0,0,0.0,0.0,0
243.128,0,0,0.0,0.0,0
243.128,0,0,0.0,0.0,0
243.128,0,0,0.0,0.0,0
243.128,0,0,0.0,0.0,0
243.128,0,0,0.0,0.0,0
243.128,0,0,0.0,0.0,0
243.228,0,0,0.0,0.0,0
243.228,0,0,0.0,0.0,0
243.228,0,0,0.0,0.0,0
243.228,0,0,0.0,0.0,0
243.228,0,0,0.0,0.0,0
243.328,0,0,0.0,0.0,0
243.328,0,0,0.0,0.0,0
243.328,0,0,0.0,0.0,0
243.328,0,0,0.0,0.0,0
243.328,0,0,0.0,0.0,0
243.428,0,0,0.0,0.0,0
243.428,0,0,0.0,0.0,0
243.428,0,0,0.0,0.0,0
243.428,0,0,0.0,0.0,0
243.428,0,0,0.0,0.0,0
243.528,0,0,0.0,0.0,0
243.528,0,0,0.0,0.0,0
243.528,0,0,0.0,0.0,0
243.528,0,0,0.0,0.0,0
243.528,0,0,0.0,0.0,0
243.628,0,0,0.0,0.0,0
243.628,0,0,0.0,0.0,0
243.628,0,0,0.0,0.0,0
243.628,0,0,0.0,0.0,0
243.628,0,0,0.0,0.0,0
243.628,0,0,0.0,0.0,0
243.728,0,0,0.0,0.0,0
243.728,0,0,0.0,0.0,0
243.728,0,0,0.0,0.0,0
243.728,0,0,0.0,0.0,0
243.728,0,0,0.0,0.0,0
243.828,0,0,0.0,0.0,0
243.828,0,0,0.0,0.0,0
243.828,0,0,0.0,0.0,0
243.828,0,0,0.0,0.0,0
243.828,0,0,0.0,0.0,0
243.928,0,0,0.0,0.0,0
243.928,0,0,0.0,0.0,0
243.928,0,0,0.0,0.0,0
243.928,0,0,0.0,0.0,0
243.928,0,0,0.0,0.0,0
244.028,0,0,0.0,0.0,0
244.028,0,0,0.0,0.0,0
244.028,0,0,0.0,0.0,0
244.028,0,0,0.0,0.0,0
244.028,0,0,0.0,0.0,0
244.028,0,0,0.0,0.0,0
244.128,0,0,0.0,0.0,0
244.128,0,0,0.0,0.0,0
244.128,0,0,0.0,0.0,0
244.128,0,0,0.0,0.0,0
244.128,0,0,0.0,0.0,0
244.228,0,0,0.0,0.0,0
244.228,0,0,0.0,0.0,0
244.228,0,0,0.0,0.0,0
244.228,0,0,0.0,0.0,0
244.228,0,0,0.0,0.0,0
244.328,0,0,0.0,0.0,0
244.328,0,0,0.0,0.0,0
244.328,0,0,0.0,0.0,0
244.328,0,0,0.0,0.0,0
244.328,0,0,0.0,0.0,0
244.428,0,0,0.0,0.0,0
244.428,0,0,0.0,0.0,0
244.428,0,0,0.0,0.0,0
244.428,0,0,0.0,0.0,0
244.428,0,0,0.0,0.0,0
244.528,0,0,0.0,0.0,0
244.528,0,0,0.0,0.0,0
244.528,0,0,0.0,0.0,0
244.528,0,0,0.0,0.0,0
244.528,0,0,0.0,0.0,0
244.528,0,0,0.0,0.0,0
244.628,0,0,0.0,0.0,0
244.628,0,0,0.0,0.0,0
244.628,0,0,0.0,0.0,0
244.628,0,0,0.0,0.0,0
244.628,0,0,0.0,0.0,0
244.728,0,0,0.0,0.0,0
244.728,0,0,0.0,0.0,0
244.728,0,0,0.0,0.0,0
244.728,0,0,0.0,0.0,0
244.728,0,0,0.0,0.0,0
244.828,0,0,0.0,0.0,0
244.828,0,0,0.0,0.0,0
244.828,0,0,0.0,0.0,0
244.828,0,0,0.0,0.0,0
244.828,0,0,0.0,0.0,0
244.928,0,0,0.0,0.0,0
244.928,0,0,0.0,0.0,0
244.928,0,0,0.0,0.0,0
244.928,0,0,0.0,0.0,0
244.928,0,0,0.0,0.0,0
244.928,0,0,0.0,0.0,0
245.028,0,0,0.0,0.0,0
245.028,0,0,0.0,0.0,0
245.028,0,0,0.0,0.0,0
245.028,0,0,0.0,0.0,0
245.028,0,0,0.0,0.0,0
245.128,0,0,0.0,0.0,0
245.128,0,0,0.0,0.0,0
245.128,0,0,0.0,0.0,0
245.128,0,0,0.0,0.0,0
245.128,0,0,0.0,0.0,0
245.228,0,0,0.0,0.0,0
245.228,0,0,0.0,0.0,0
245.228,0,0,0.0,0.0,0
245.228,0,0,0.0,0.0,0
245.228,0,0,0.0,0.0,0
245.328,0,0,0.0,0.0,0
245.328,0,0,0.0,0.0,0
245.328,0,0,0.0,0.0,0
245.328,0,0,0.0,0.0,0
245.328,0,0,0.0,0.0,0
245.428,0,0,0.0,0.0,0
245.428,0,0,0.0,0.0,0
245.428,0,0,0.0,0.0,0
245.428,0,0,0.0,0.0,0
245.428,0,0,0.0,0.0,0
245.428,0,0,0.0,0.0,0
245.528,0,0,0.0,0.0,0
245.528,0,0,0.0,0.0,0
245.528,0,0,0.0,0.0,0
245.528,0,0,0.0,0.0,0
245.528,0,0,0.0,0.0,0
245.628,0,0,0.0,0.0,0
245.628,0,0,0.0,0.0,0
245.628,0,0,0.0,0.0,0
245.628,0,0,0.0,0.0,0
245.628,0,0,0.0,0.0,0
245.728,0,0,0.0,0.0,0
245.728,0,0,0.0,0.0,0
245.728,0,0,0.0,0.0,0
245.728,0,0,0.0,0.0,0
245.728,0,0,0.0,0.0,0
245.828,0,0,0.0,0.0,0
245.828,0,0,0.0,0.0,0
245.828,0,0,0.0,0.0,0
245.828,0,0,0.0,0.0,0
245.828,0,0,0.0,0.0,0
245.928,0,0,0.0,0.0,0
245.928,0,0,0.0,0.0,0
245.928,0,0,0.0,0.0,0
245.928,0,0,0.0,0.0,0
245.928,0,0,0.0,0.0,0
245.928,0,0,0.0,0.0,0
246.028,0,0,0.0,0.0,0
246.028,0,0,0.0,0.0,0
246.028,0,0,0.0,0.0,0
246.028,0,0,0.0,0.0,0
246.028,0,0,0.0,0.0,0
246.128,0,0,0.0,0.0,0
246.128,0,0,0.0,0.0,0
246.128,0,0,0.0,0.0,0
246.128,0,0,0.0,0.0,0
246.128,0,0,0.0,0.0,0
246.228,0,0,0.0,0.0,0
246.228,0,0,0.0,0.0,0
246.228,0,0,0.0,0.0,0
246.228,0,0,0.0,0.0,0
246.228,0,0,0.0,0.0,0
246.328,0,0,0.0,0.0,0
246.328,0,0,0.0,0.0,0
246.328,0,0,0.0,0.0,0
246.328,0,0,0.0,0.0,0
246.328,0,0,0.0,0.0,0
246.328,0,0,0.0,0.0,0
246.428,0,0,0.0,0.0,0
246.428,0,0,0.0,0.0,0
246.428,0,0,0.0,0.0,0
246.428,0,0,0.0,0.0,0
246.428,0,0,0.0,0.0,0
246.528,0,0,0.0,0.0,0
246.528,0,0,0.0,0.0,0
246.528,0,0,0.0,0.0,0
246.528,0,0,0.0,0.0,0
246.528,0,0,0.0,0.0,0
246.628,0,0,0.0,0.0,0
246.628,0,0,0.0,0.0,0
246.628,0,0,0.0,0.0,0
246.628,0,0,0.0,0.0,0
246.628,0,0,0.0,0.0,0
246.728,0,0,0.0,0.0,0
246.728,0,0,0.0,0.0,0
246.728,0,0,0.0,0.0,0
246.728,0,0,0.0,0.0,0
246.728,0,0,0.0,0.0,0
246.828,0,0,0.0,0.0,0
246.828,0,0,0.0,0.0,0
246.828,0,0,0.0,0.0,0
246.828,0,0,0.0,0.0,0
246.828,0,0,0.0,0.0,0
246.828,0,0,0.0,0.0,0
246.928,0,0,0.0,0.0,0
246.928,0,0,0.0,0.0,0
246.928,0,0,0.0,0.0,0
246.928,0,0,0.0,0.0,0
246.928,0,0,0.0,0.0,0
247.028,0,0,0.0,0.0,0
247.028,0,0,0.0,0.0,0
247.028,0,0,0.0,0.0,0
247.028,0,0,0.0,0.0,0
247.028,0,0,0.0,0.0,0
247.128,0,0,0.0,0.0,0
247.128,0,0,0.0,0.0,0
247.128,0,0,0.0,0.0,0
247.128,0,0,0.0,0.0,0
247.128,0,0,0.0,0.0,0
247.228,0,0,0.0,0.0,0
247.228,0,0,0.0,0.0,0
247.228,0,0,0.0,0.0,0
247.228,0,0,0.0,0.0,0
247.228,0,0,0.0,0.0,0
247.228,0,0,0.0,0.0,0
247.328,0,0,0.0,0.0,0
247.328,0,0,0.0,0.0,0
247.328,0,0,0.0,0.0,0
247.328,0,0,0.0,0.0,0
247.328,0,0,0.0,0.0,0
247.428,0,0,0.0,0.0,0
247.428,0,0,0.0,0.0,0
247.428,0,0,0.0,0.0,0
247.428,0,0,0.0,0.0,0
247.428,0,0,0.0,0.0,0
247.528,0,0,0.0,0.0,0
247.528,0,0,0.0,0.0,0
247.528,0,0,0.0,0.0,0
247.528,0,0,0.0,0.0,0
247.528,0,0,0.0,0.0,0
247.628,0,0,0.0,0.0,0
247.628,0,0,0.0,0.0,0
247.628,0,0,0.0,0.0,0
247.628,0,0,0.0,0.0,0
247.628,0,0,0.0,0.0,0
247.728,0,0,0.0,0.0,0
247.728,0,0,0.0,0.0,0
247.728,0,0,0.0,0.0,0
247.728,0,0,0.0,0.0,0
247.728,0,0,0.0,0.0,0
247.728,0,0,0.0,0.0,0
247.828,0,0,0.0,0.0,0
247.828,0,0,0.0,0.0,0
247.828,0,0,0.0,0.0,0
247.828,0,0,0.0,0.0,0
247.828,0,0,0.0,0.0,0
247.928,0,0,0.0,0.0,0
247.928,0,0,0.0,0.0,0
247.928,0,0,0.0,0.0,0
247.928,0,0,0.0,0.0,0
247.928,0,0,0.0,0.0,0
248.028,0,0,0.0,0.0,0
248.028,0,0,0.0,0.0,0
248.028,0,0,0.0,0.0,0
248.028,0,0,0.0,0.0,0
248.028,0,0,0.0,0.0,0
248.128,0,0,0.0,0.0,0
248.128,0,0,0.0,0.0,0
248.128,0,0,0.0,0.0,0
248.128,0,0,0.0,0.0,0
248.128,0,0,0.0,0.0,0
248.228,0,0,0.0,0.0,0
248.228,0,0,0.0,0.0,0
248.228,0,0,0.0,0.0,0
248.228,0,0,0.0,0.0,0
248.228,0,0,0.0,0.0,0
248.228,0,0,0.0,0.0,0
248.328,0,0,0.0,0.0,0
248.328,0,0,0.0,0.0,0
248.328,0,0,0.0,0.0,0
248.328,0,0,0.0,0.0,0
248.328,0,0,0.0,0.0,0
248.428,0,0,0.0,0.0,0
248.428,0,0,0.0,0.0,0
248.428,0,0,0.0,0.0,0
248.428,0,0,0.0,0.0,0
248.428,0,0,0.0,0.0,0
248.528,0,0,0.0,0.0,0
248.528,0,0,0.0,0.0,0
248.528,0,0,0.0,0.0,0
248.528,0,0,0.0,0.0,0
248.528,0,0,0.0,0.0,0
248.628,0,0,0.0,0.0,0
248.628,0,0,0.0,0.0,0
248.628,0,0,0.0,0.0,0
248.628,0,0,0.0,0.0,0
248.628,0,0,0.0,0.0,0
248.628,0,0,0.0,0.0,0
248.728,0,0,0.0,0.0,0
248.728,0,0,0.0,0.0,0
248.728,0,0,0.0,0.0,0
248.728,0,0,0.0,0.0,0
248.728,0,0,0.0,0.0,0
248.828,0,0,0.0,0.0,0
248.828,0,0,0.0,0.0,0
248.828,0,0,0.0,0.0,0
248.828,0,0,0.0,0.0,0
248.828,0,0,0.0,0.0,0
248.928,0,0,0.0,0.0,0
248.928,0,0,0.0,0.0,0
248.928,0,0,0.0,0.0,0
248.928,0,0,0.0,0.0,0
248.928,0,0,0.0,0.0,0
249.028,0,0,0.0,0.0,0
249.028,0,0,0.0,0.0,0
249.028,0,0,0.0,0.0,0
249.028,0,0,0.0,0.0,0
249.028,0,0,0.0,0.0,0
249.128,0,0,0.0,0.0,0
249.128,0,0,0.0,0.0,0
249.128,0,0,0.0,0.0,0
249.128,0,0,0.0,0.0,0
249.128,0,0,0.0,0.0,0
249.128,0,0,0.0,0.0,0
249.228,0,0,0.0,0.0,0
249.228,0,0,0.0,0.0,0
249.228,0,0,0.0,0.0,0
249.228,0,0,0.0,0.0,0
249.228,0,0,0.0,0.0,0
249.328,0,0,0.0,0.0,0
249.328,0,0,0.0,0.0,0
249.328,0,0,0.0,0.0,0
249.328,0,0,0.0,0.0,0
249.328,0,0,0.0,0.0,0
249.428,0,0,0.0,0.0,0
249.428,0,0,0.0,0.0,0
249.428,0,0,0.0,0.0,0
249.428,0,0,0.0,0.0,0
249.428,0,0,0.0,0.0,0
249.528,0,0,0.0,0.0,0
249.528,0,0,0.0,0.0,0
249.528,0,0,0.0,0.0,0
249.528,0,0,0.0,0.0,0
249.528,0,0,0.0,0.0,0
249.528,0,0,0.0,0.0,0
249.628,0,0,0.0,0.0,0
249.628,0,0,0.0,0.0,0
249.628,0,0,0.0,0.0,0
249.628,0,0,0.0,0.0,0
249.628,0,0,0.0,0.0,0
249.728,0,0,0.0,0.0,0
249.728,0,0,0.0,0.0,0
249.728,0,0,0.0,0.0,0
249.728,0,0,0.0,0.0,0
249.728,0,0,0.0,0.0,0
249.828,0,0,0.0,0.0,0
249.828,0,0,0.0,0.0,0
249.828,0,0,0.0,0.0,0
249.828,0,0,0.0,0.0,0
249.828,0,0,0.0,0.0,0
249.928,0,0,0.0,0.0,0
249.928,0,0,0.0,0.0,0
249.928,0,0,0.0,0.0,0
249.928,0,0,0.0,0.0,0
249.928,0,0,0.0,0.0,0
250.028,0,0,0.0,0.0,0
250.028,0,0,0.0,0.0,0
250.028,0,0,0.0,0.0,0
250.028,0,0,0.0,0.0,0
250.028,0,0,0.0,0.0,0
250.028,0,0,0.0,0.0,0
250.128,0,0,0.0,0.0,0
250.128,0,0,0.0,0.0,0
250.128,0,0,0.0,0.0,0
250.128,0,0,0.0,0.0,0
250.128,0,0,0.0,0.0,0
250.228,0,0,0.0,0.0,0
250.228,0,0,0.0,0.0,0
250.228,0,0,0.0,0.0,0
250.228,0,0,0.0,0.0,0
250.228,0,0,0.0,0.0,0
250.328,0,0,0.0,0.0,0
250.328,0,0,0.0,0.0,0
250.328,0,0,0.0,0.0,0
250.328,0,0,0.0,0.0,0
250.328,0,0,0.0,0.0,0
250.428,0,0,0.0,0.0,0
250.428,0,0,0.0,0.0,0
250.428,0,0,0.0,0.0,0
250.428,0,0,0.0,0.0,0
250.428,0,0,0.0,0.0,0
250.528,0,0,0.0,0.0,0
250.528,0,0,0.0,0.0,0
250.528,0,0,0.0,0.0,0
250.528,0,0,0.0,0.0,0
250.528,0,0,0.0,0.0,0
250.528,0,0,0.0,0.0,0
250.628,0,0,0.0,0.0,0
250.628,0,0,0.0,0.0,0
250.628,0,0,0.0,0.0,0
250.628,0,0,0.0,0.0,0
250.628,0,0,0.0,0.0,0
250.728,0,0,0.0,0.0,0
250.728,0,0,0.0,0.0,0
250.728,0,0,0.0,0.0,0
250.728,0,0,0.0,0.0,0
250.728,0,0,0.0,0.0,0
250.828,0,0,0.0,0.0,0
250.828,0,0,0.0,0.0,0
250.828,0,0,0.0,0.0,0
250.828,0,0,0.0,0.0,0
250.828,0,0,0.0,0.0,0
250.928,0,0,0.0,0.0,0
250.928,0,0,0.0,0.0,0
250.928,0,0,0.0,0.0,0
250.928,0,0,0.0,0.0,0
250.928,0,0,0.0,0.0,0
250.928,0,0,0.0,0.0,0
251.028,0,0,0.0,0.0,0
251.028,0,0,0.0,0.0,0
251.028,0,0,0.0,0.0,0
251.028,0,0,0.0,0.0,0
251.028,0,0,0.0,0.0,0
251.128,0,0,0.0,0.0,0
251.128,0,0,0.0,0.0,0
251.128,0,0,0.0,0.0,0
251.128,0,0,0.0,0.0,0
251.128,0,0,0.0,0.0,0
251.228,0,0,0.0,0.0,0
251.228,0,0,0.0,0.0,0
251.228,0,0,0.0,0.0,0
251.228,0,0,0.0,0.0,0
251.228,0,0,0.0,0.0,0
251.328,0,0,0.0,0.0,0
251.328,0,0,0.0,0.0,0
251.328,0,0,0.0,0.0,0
251.328,0,0,0.0,0.0,0
251.328,0,0,0.0,0.0,0
251.428,0,0,0.0,0.0,0
251.428,0,0,0.0,0.0,0
251.428,0,0,0.0,0.0,0
251.428,0,0,0.0,0.0,0
251.428,0,0,0.0,0.0,0
251.428,0,0,0.0,0.0,0
251.528,0,0,0.0,0.0,0
251.528,0,0,0.0,0.0,0
251.528,0,0,0.0,0.0,0
251.528,0,0,0.0,0.0,0
251.528,0,0,0.0,0.0,0
251.628,0,0,0.0,0.0,0
251.628,0,0,0.0,0.0,0
251.628,0,0,0.0,0.0,0
251.628,0,0,0.0,0.0,0
251.628,0,0,0.0,0.0,0
